"area_fips","own_code","industry_code","agglvl_code","size_code","year","qtr","disclosure_code","qtrly_estabs","month1_emplvl","month2_emplvl","month3_emplvl","total_qtrly_wages","taxable_qtrly_wages","qtrly_contributions","avg_wkly_wage","lq_disclosure_code","lq_qtrly_estabs","lq_month1_emplvl","lq_month2_emplvl","lq_month3_emplvl","lq_total_qtrly_wages","lq_taxable_qtrly_wages","lq_qtrly_contributions","lq_avg_wkly_wage","oty_disclosure_code","oty_qtrly_estabs_chg","oty_qtrly_estabs_pct_chg","oty_month1_emplvl_chg","oty_month1_emplvl_pct_chg","oty_month2_emplvl_chg","oty_month2_emplvl_pct_chg","oty_month3_emplvl_chg","oty_month3_emplvl_pct_chg","oty_total_qtrly_wages_chg","oty_total_qtrly_wages_pct_chg","oty_taxable_qtrly_wages_chg","oty_taxable_qtrly_wages_pct_chg","oty_qtrly_contributions_chg","oty_qtrly_contributions_pct_chg","oty_avg_wkly_wage_chg","oty_avg_wkly_wage_pct_chg"
"01000","2","518210","58","0","2017","1","N",1,0,0,0,0,0,0,0,"N",3.95,0,0,0,0,0,0,0,"N",0,0.0,0,0,0,0,0,0,0,0,0,0,0,0,0,0
"01000","5","518210","58","0","2017","1","",241,1359,1429,1484,21661733,10335901,305774,1170,"",0.94,0.33,0.34,0.35,0.21,0.28,0.57,0.62,"",81,50.6,263,24.0,319,28.7,382,34.7,7344043,51.3,2697726,35.3,50822,19.9,171,17.1
"01001","5","518210","78","0","2017","1","N",1,0,0,0,0,0,0,0,"N",0.55,0,0,0,0,0,0,0,"N",-1,-50.0,0,0,0,0,0,0,0,0,0,0,0,0,0,0
"01003","5","518210","78","0","2017","1","N",11,0,0,0,0,0,0,0,"N",0.88,0,0,0,0,0,0,0,"N",4,57.1,0,0,0,0,0,0,0,0,0,0,0,0,0,0
"01005","5","518210","78","0","2017","1","N",1,0,0,0,0,0,0,0,"N",0.86,0,0,0,0,0,0,0,"N",1,100.0,0,0,0,0,0,0,0,0,0,0,0,0,0,0
"01015","5","518210","78","0","2017","1","N",2,0,0,0,0,0,0,0,"N",0.38,0,0,0,0,0,0,0,"N",0,0.0,0,0,0,0,0,0,0,0,0,0,0,0,0,0
"01019","5","518210","78","0","2017","1","N",1,0,0,0,0,0,0,0,"N",1.19,0,0,0,0,0,0,0,"N",0,0.0,0,0,0,0,0,0,0,0,0,0,0,0,0,0
"01031","5","518210","78","0","2017","1","N",1,0,0,0,0,0,0,0,"N",0.44,0,0,0,0,0,0,0,"N",0,0.0,0,0,0,0,0,0,0,0,0,0,0,0,0,0
"01033","5","518210","78","0","2017","1","N",1,0,0,0,0,0,0,0,"N",0.37,0,0,0,0,0,0,0,"N",1,100.0,0,0,0,0,0,0,0,0,0,0,0,0,0,0
"01043","5","518210","78","0","2017","1","N",1,0,0,0,0,0,0,0,"N",0.26,0,0,0,0,0,0,0,"N",1,100.0,0,0,0,0,0,0,0,0,0,0,0,0,0,0
"01045","5","518210","78","0","2017","1","N",1,0,0,0,0,0,0,0,"N",0.55,0,0,0,0,0,0,0,"N",0,0.0,0,0,0,0,0,0,0,0,0,0,0,0,0,0
"01069","5","518210","78","0","2017","1","N",1,0,0,0,0,0,0,0,"N",0.16,0,0,0,0,0,0,0,"N",0,0.0,0,0,0,0,0,0,0,0,0,0,0,0,0,0
"01071","5","518210","78","0","2017","1","-",0,0,0,0,0,0,0,0,"N",0.00,0,0,0,0,0,0,0,"N",0,0,0,0,0,0,0,0,0,0,0,0,0,0,0,0
"01073","5","518210","78","0","2017","1","",32,244,242,237,3638370,1836994,26364,1161,"",0.83,0.33,0.33,0.32,0.16,0.27,0.28,0.50,"",5,18.5,-3,-1.2,-6,-2.4,-10,-4.0,225183,6.6,-12655,-0.7,35,0.1,99,9.3
"01077","5","518210","78","0","2017","1","N",1,0,0,0,0,0,0,0,"N",0.23,0,0,0,0,0,0,0,"N",0,0.0,0,0,0,0,0,0,0,0,0,0,0,0,0,0
"01081","5","518210","78","0","2017","1","N",3,0,0,0,0,0,0,0,"N",0.46,0,0,0,0,0,0,0,"N",0,0.0,0,0,0,0,0,0,0,0,0,0,0,0,0,0
"01083","5","518210","78","0","2017","1","N",2,0,0,0,0,0,0,0,"N",0.67,0,0,0,0,0,0,0,"N",1,100.0,0,0,0,0,0,0,0,0,0,0,0,0,0,0
"01089","5","518210","78","0","2017","1","N",21,0,0,0,0,0,0,0,"N",1.06,0,0,0,0,0,0,0,"N",6,40.0,0,0,0,0,0,0,0,0,0,0,0,0,0,0
"01095","5","518210","78","0","2017","1","N",3,0,0,0,0,0,0,0,"N",0.70,0,0,0,0,0,0,0,"N",1,50.0,0,0,0,0,0,0,0,0,0,0,0,0,0,0
"01097","5","518210","78","0","2017","1","",11,34,83,86,630097,506627,12208,716,"",0.53,0.09,0.22,0.23,0.07,0.15,0.23,0.39,"",2,22.2,0,0.0,49,144.1,52,152.9,283332,81.7,261507,106.7,4752,63.7,-69,-8.8
"01101","2","518210","78","0","2017","1","N",1,0,0,0,0,0,0,0,"N",76.47,0,0,0,0,0,0,0,"N",0,0.0,0,0,0,0,0,0,0,0,0,0,0,0,0,0
"01101","5","518210","78","0","2017","1","",9,355,366,368,5291464,2652802,141734,1121,"",0.68,1.25,1.27,1.27,0.77,1.22,4.54,0.61,"N",2,28.6,0,0,0,0,0,0,0,0,0,0,0,0,0,0
"01103","5","518210","78","0","2017","1","",7,14,14,14,200136,94825,3400,1100,"",1.20,0.14,0.14,0.14,0.08,0.10,0.25,0.61,"",0,0.0,5,55.6,4,40.0,4,40.0,64017,47.0,25757,37.3,241,7.6,17,1.6
"01107","5","518210","78","0","2017","1","N",1,0,0,0,0,0,0,0,"N",1.43,0,0,0,0,0,0,0,"N",0,0.0,0,0,0,0,0,0,0,0,0,0,0,0,0,0
"01109","5","518210","78","0","2017","1","N",1,0,0,0,0,0,0,0,"N",0.70,0,0,0,0,0,0,0,"N",0,0.0,0,0,0,0,0,0,0,0,0,0,0,0,0,0
"01111","5","518210","78","0","2017","1","N",1,0,0,0,0,0,0,0,"N",1.29,0,0,0,0,0,0,0,"N",0,0.0,0,0,0,0,0,0,0,0,0,0,0,0,0,0
"01113","5","518210","78","0","2017","1","N",2,0,0,0,0,0,0,0,"N",1.08,0,0,0,0,0,0,0,"N",1,100.0,0,0,0,0,0,0,0,0,0,0,0,0,0,0
"01115","5","518210","78","0","2017","1","N",2,0,0,0,0,0,0,0,"N",0.64,0,0,0,0,0,0,0,"N",1,100.0,0,0,0,0,0,0,0,0,0,0,0,0,0,0
"01117","5","518210","78","0","2017","1","",13,82,81,82,1390448,634031,12653,1310,"",1.08,0.45,0.44,0.45,0.26,0.33,0.50,0.58,"",2,18.2,2,2.5,3,3.8,-1,-1.2,-423013,-23.3,-33221,-5.0,62,0.5,-426,-24.5
"01121","5","518210","78","0","2017","1","N",1,0,0,0,0,0,0,0,"N",0.36,0,0,0,0,0,0,0,"N",1,100.0,0,0,0,0,0,0,0,0,0,0,0,0,0,0
"01125","5","518210","78","0","2017","1","",5,33,36,58,226980,178382,3874,412,"",0.53,0.17,0.18,0.29,0.05,0.11,0.18,0.23,"N",1,25.0,0,0,0,0,0,0,0,0,0,0,0,0,0,0
"01999","5","518210","78","0","2017","1","",105,353,360,388,7075278,2706279,65844,1483,"",4.06,3.39,3.31,3.60,1.72,1.91,2.37,0.50,"",52,98.1,150,73.9,151,72.2,168,76.4,4584985,184.1,1483818,121.4,18966,40.5,574,63.1
"02000","5","518210","58","0","2017","1","",25,73,76,76,1028572,970197,18389,1055,"",0.55,0.11,0.11,0.11,0.05,0.09,0.10,0.47,"",1,4.2,8,12.3,11,16.9,6,8.6,218643,27.0,188804,24.2,2948,19.1,120,12.8
"02020","5","518210","78","0","2017","1","",18,62,64,65,668155,666513,12168,807,"",1.06,0.19,0.20,0.20,0.07,0.13,0.14,0.35,"",0,0.0,5,8.8,7,12.3,3,4.8,66516,11.1,66416,11.1,919,8.2,18,2.3
"02090","5","518210","78","0","2017","1","N",3,0,0,0,0,0,0,0,"N",0.64,0,0,0,0,0,0,0,"N",1,50.0,0,0,0,0,0,0,0,0,0,0,0,0,0,0
"02110","5","518210","78","0","2017","1","N",1,0,0,0,0,0,0,0,"N",0.43,0,0,0,0,0,0,0,"N",1,100.0,0,0,0,0,0,0,0,0,0,0,0,0,0,0
"02122","5","518210","78","0","2017","1","N",1,0,0,0,0,0,0,0,"N",0.25,0,0,0,0,0,0,0,"N",0,0.0,0,0,0,0,0,0,0,0,0,0,0,0,0,0
"02170","5","518210","78","0","2017","1","N",1,0,0,0,0,0,0,0,"N",0.23,0,0,0,0,0,0,0,"N",1,100.0,0,0,0,0,0,0,0,0,0,0,0,0,0,0
"02261","5","518210","78","0","2017","1","N",1,0,0,0,0,0,0,0,"N",0.86,0,0,0,0,0,0,0,"N",0,0.0,0,0,0,0,0,0,0,0,0,0,0,0,0,0
"04000","5","518210","58","0","2017","1","",370,8692,8884,9054,235014983,61668503,1751103,2037,"",1.14,1.47,1.49,1.51,1.44,1.20,1.48,0.97,"",9,2.5,167,2.0,151,1.7,325,3.7,53811288,29.7,2295216,3.9,93062,5.6,428,26.6
"04003","5","518210","78","0","2017","1","",5,31,31,30,423002,195898,6133,1061,"",1.07,0.42,0.41,0.40,0.24,0.41,0.48,0.58,"",0,0.0,7,29.2,6,24.0,3,11.1,41086,10.8,24839,14.5,639,11.6,-99,-8.5
"04005","5","518210","78","0","2017","1","-",0,0,0,0,0,0,0,0,"N",0.00,0,0,0,0,0,0,0,"N",0,0,0,0,0,0,0,0,0,0,0,0,0,0,0,0
"04007","5","518210","78","0","2017","1","N",1,0,0,0,0,0,0,0,"N",0.50,0,0,0,0,0,0,0,"N",0,0.0,0,0,0,0,0,0,0,0,0,0,0,0,0,0
"04013","5","518210","78","0","2017","1","",275,8267,8468,8636,224875847,58603162,1647524,2045,"",1.39,2.00,2.03,2.06,1.86,1.55,1.99,0.92,"",-4,-1.4,192,2.4,174,2.1,352,4.2,53758594,31.4,2394824,4.3,83819,5.4,443,27.7
"04015","5","518210","78","0","2017","1","N",1,0,0,0,0,0,0,0,"N",0.13,0,0,0,0,0,0,0,"N",0,0.0,0,0,0,0,0,0,0,0,0,0,0,0,0,0
"04019","5","518210","78","0","2017","1","",22,191,183,187,4344950,1266051,29347,1787,"",0.57,0.24,0.23,0.23,0.22,0.21,0.23,0.95,"",-3,-12.0,-12,-5.9,-19,-9.4,-19,-9.2,289083,7.1,-138951,-9.9,-5222,-15.1,255,16.6
"04021","5","518210","78","0","2017","1","N",1,0,0,0,0,0,0,0,"N",0.15,0,0,0,0,0,0,0,"N",0,0.0,0,0,0,0,0,0,0,0,0,0,0,0,0,0
"04025","5","518210","78","0","2017","1","N",3,0,0,0,0,0,0,0,"N",0.26,0,0,0,0,0,0,0,"N",1,50.0,0,0,0,0,0,0,0,0,0,0,0,0,0,0
"04027","5","518210","78","0","2017","1","",3,11,11,11,299732,50102,440,2096,"",0.45,0.07,0.07,0.07,0.10,0.04,0.01,1.41,"N",1,50.0,0,0,0,0,0,0,0,0,0,0,0,0,0,0
"04999","5","518210","78","0","2017","1","",59,159,159,157,4645134,1335214,59400,2257,"",1.87,2.58,2.52,2.49,1.49,1.50,2.77,0.59,"",14,31.1,-48,-23.2,-39,-19.7,-42,-21.1,-722035,-13.5,-174540,-11.6,7114,13.6,206,10.0
"05000","2","518210","58","0","2017","1","N",1,0,0,0,0,0,0,0,"N",5.48,0,0,0,0,0,0,0,"N",0,0.0,0,0,0,0,0,0,0,0,0,0,0,0,0,0
"05000","5","518210","58","0","2017","1","",206,1381,1377,1385,26683516,14057196,330584,1486,"",1.11,0.53,0.53,0.53,0.43,0.51,0.68,0.82,"",31,17.7,88,6.8,100,7.8,98,7.6,3436046,14.8,1571770,12.6,65576,24.7,95,6.8
"05001","5","518210","78","0","2017","1","N",1,0,0,0,0,0,0,0,"N",0.61,0,0,0,0,0,0,0,"N",0,0.0,0,0,0,0,0,0,0,0,0,0,0,0,0,0
"05005","5","518210","78","0","2017","1","N",1,0,0,0,0,0,0,0,"N",0.39,0,0,0,0,0,0,0,"N",1,100.0,0,0,0,0,0,0,0,0,0,0,0,0,0,0
"05007","5","518210","78","0","2017","1","",17,173,173,174,2618934,1972738,64986,1162,"",1.29,0.68,0.68,0.68,0.25,0.52,1.28,0.38,"",5,41.7,19,12.3,31,21.8,18,11.5,343174,15.1,452239,29.7,24558,60.7,0,0.0
"05015","5","518210","78","0","2017","1","-",0,0,0,0,0,0,0,0,"N",0.00,0,0,0,0,0,0,0,"N",0,0,0,0,0,0,0,0,0,0,0,0,0,0,0,0
"05031","5","518210","78","0","2017","1","N",1,0,0,0,0,0,0,0,"N",0.17,0,0,0,0,0,0,0,"N",0,0.0,0,0,0,0,0,0,0,0,0,0,0,0,0,0
"05033","5","518210","78","0","2017","1","N",1,0,0,0,0,0,0,0,"N",0.38,0,0,0,0,0,0,0,"N",0,0.0,0,0,0,0,0,0,0,0,0,0,0,0,0,0
"05035","5","518210","78","0","2017","1","N",1,0,0,0,0,0,0,0,"N",0.38,0,0,0,0,0,0,0,"N",0,0.0,0,0,0,0,0,0,0,0,0,0,0,0,0,0
"05039","5","518210","78","0","2017","1","N",1,0,0,0,0,0,0,0,"N",1.89,0,0,0,0,0,0,0,"N",0,0.0,0,0,0,0,0,0,0,0,0,0,0,0,0,0
"05045","5","518210","78","0","2017","1","",4,122,119,118,1981828,1307357,20891,1274,"",0.68,1.40,1.35,1.34,1.12,1.58,1.18,0.82,"",0,0.0,53,76.8,48,67.6,44,59.5,837268,73.2,549336,72.5,11400,120.1,40,3.2
"05051","5","518210","78","0","2017","1","N",1,0,0,0,0,0,0,0,"N",0.15,0,0,0,0,0,0,0,"N",-1,-50.0,0,0,0,0,0,0,0,0,0,0,0,0,0,0
"05055","5","518210","78","0","2017","1","N",2,0,0,0,0,0,0,0,"N",1.08,0,0,0,0,0,0,0,"N",0,0.0,0,0,0,0,0,0,0,0,0,0,0,0,0,0
"05057","5","518210","78","0","2017","1","N",1,0,0,0,0,0,0,0,"N",0.93,0,0,0,0,0,0,0,"N",0,0.0,0,0,0,0,0,0,0,0,0,0,0,0,0,0
"05065","5","518210","78","0","2017","1","N",1,0,0,0,0,0,0,0,"N",1.77,0,0,0,0,0,0,0,"N",0,0.0,0,0,0,0,0,0,0,0,0,0,0,0,0,0
"05085","5","518210","78","0","2017","1","N",1,0,0,0,0,0,0,0,"N",0.37,0,0,0,0,0,0,0,"N",0,0.0,0,0,0,0,0,0,0,0,0,0,0,0,0,0
"05087","5","518210","78","0","2017","1","N",1,0,0,0,0,0,0,0,"N",1.81,0,0,0,0,0,0,0,"N",0,0.0,0,0,0,0,0,0,0,0,0,0,0,0,0,0
"05095","5","518210","78","0","2017","1","N",1,0,0,0,0,0,0,0,"N",1.53,0,0,0,0,0,0,0,"N",0,0.0,0,0,0,0,0,0,0,0,0,0,0,0,0,0
"05097","5","518210","78","0","2017","1","N",1,0,0,0,0,0,0,0,"N",2.76,0,0,0,0,0,0,0,"N",0,0.0,0,0,0,0,0,0,0,0,0,0,0,0,0,0
"05103","5","518210","78","0","2017","1","N",1,0,0,0,0,0,0,0,"N",0.73,0,0,0,0,0,0,0,"N",0,0.0,0,0,0,0,0,0,0,0,0,0,0,0,0,0
"05115","5","518210","78","0","2017","1","N",2,0,0,0,0,0,0,0,"N",0.52,0,0,0,0,0,0,0,"N",0,0.0,0,0,0,0,0,0,0,0,0,0,0,0,0,0
"05119","2","518210","78","0","2017","1","N",1,0,0,0,0,0,0,0,"N",33.97,0,0,0,0,0,0,0,"N",0,0.0,0,0,0,0,0,0,0,0,0,0,0,0,0,0
"05119","5","518210","78","0","2017","1","",30,226,226,228,3940660,2393472,58101,1337,"",1.00,0.42,0.42,0.42,0.28,0.44,0.65,0.67,"",1,3.4,4,1.8,0,0.0,-1,-0.4,221654,6.0,176887,8.0,-851,-1.4,69,5.4
"05121","5","518210","78","0","2017","1","N",1,0,0,0,0,0,0,0,"N",1.18,0,0,0,0,0,0,0,"N",0,0.0,0,0,0,0,0,0,0,0,0,0,0,0,0,0
"05125","5","518210","78","0","2017","1","N",2,0,0,0,0,0,0,0,"N",0.48,0,0,0,0,0,0,0,"N",0,0.0,0,0,0,0,0,0,0,0,0,0,0,0,0,0
"05131","5","518210","78","0","2017","1","N",1,0,0,0,0,0,0,0,"N",0.13,0,0,0,0,0,0,0,"N",-1,-50.0,0,0,0,0,0,0,0,0,0,0,0,0,0,0
"05135","5","518210","78","0","2017","1","N",1,0,0,0,0,0,0,0,"N",1.17,0,0,0,0,0,0,0,"N",1,100.0,0,0,0,0,0,0,0,0,0,0,0,0,0,0
"05139","5","518210","78","0","2017","1","N",1,0,0,0,0,0,0,0,"N",0.37,0,0,0,0,0,0,0,"N",-1,-50.0,0,0,0,0,0,0,0,0,0,0,0,0,0,0
"05143","5","518210","78","0","2017","1","N",14,0,0,0,0,0,0,0,"N",1.13,0,0,0,0,0,0,0,"N",-1,-6.7,0,0,0,0,0,0,0,0,0,0,0,0,0,0
"05145","5","518210","78","0","2017","1","-",0,0,0,0,0,0,0,0,"N",0.00,0,0,0,0,0,0,0,"N",0,0,0,0,0,0,0,0,0,0,0,0,0,0,0,0
"05999","5","518210","78","0","2017","1","",117,194,181,179,4182185,1961131,48117,1742,"",6.07,2.98,2.42,2.35,1.79,1.82,1.64,0.70,"",28,31.5,28,16.9,24,15.3,27,17.8,1501554,56.0,419231,27.2,1124,2.4,440,33.8
"06000","3","518210","58","0","2017","1","N",1,0,0,0,0,0,0,0,"N",0.07,0,0,0,0,0,0,0,"N",0,0.0,0,0,0,0,0,0,0,0,0,0,0,0,0,0
"06000","5","518210","58","0","2017","1","",2169,41301,41676,42038,1686315288,298121043,13446036,3113,"",0.69,1.14,1.14,1.15,1.29,0.95,0.95,1.13,"",188,9.5,3539,9.4,3428,9.0,3531,9.2,337405541,25.0,20892094,7.5,410083,3.1,395,14.5
"06001","5","518210","78","0","2017","1","",78,4453,4533,4559,226352427,31053120,1112593,3856,"",0.61,2.71,2.74,2.73,3.39,2.07,1.63,1.24,"",9,13.0,829,22.9,884,24.2,858,23.2,62677531,38.3,4695051,17.8,146194,15.1,414,12.0
"06003","5","518210","78","0","2017","1","N",2,0,0,0,0,0,0,0,"N",10.96,0,0,0,0,0,0,0,"N",1,100.0,0,0,0,0,0,0,0,0,0,0,0,0,0,0
"06007","5","518210","78","0","2017","1","",5,76,75,73,1076523,413960,22114,1109,"",0.29,0.44,0.43,0.41,0.29,0.37,0.42,0.67,"N",0,0.0,0,0,0,0,0,0,0,0,0,0,0,0,0,0
"06013","5","518210","78","0","2017","1","",43,339,324,306,9328496,2236188,103581,2222,"",0.66,0.43,0.41,0.38,0.32,0.32,0.32,0.78,"",0,0.0,-30,-8.1,-71,-18.0,-125,-29.0,-1109818,-10.6,-518605,-18.8,-29369,-22.1,206,10.2
"06017","5","518210","78","0","2017","1","",7,46,45,47,598127,290179,13889,1000,"",0.64,0.39,0.38,0.39,0.19,0.31,0.31,0.50,"",-1,-12.5,-20,-30.3,-27,-37.5,-26,-35.6,-397758,-39.9,-164760,-36.2,-7150,-34.0,-89,-8.2
"06019","5","518210","78","0","2017","1","N",9,0,0,0,0,0,0,0,"N",0.13,0,0,0,0,0,0,0,"N",2,28.6,0,0,0,0,0,0,0,0,0,0,0,0,0,0
"06023","5","518210","78","0","2017","1","N",1,0,0,0,0,0,0,0,"N",0.10,0,0,0,0,0,0,0,"N",0,0.0,0,0,0,0,0,0,0,0,0,0,0,0,0,0
"06029","5","518210","78","0","2017","1","N",3,0,0,0,0,0,0,0,"N",0.08,0,0,0,0,0,0,0,"N",-1,-25.0,0,0,0,0,0,0,0,0,0,0,0,0,0,0
"06031","5","518210","78","0","2017","1","N",1,0,0,0,0,0,0,0,"N",0.13,0,0,0,0,0,0,0,"N",1,100.0,0,0,0,0,0,0,0,0,0,0,0,0,0,0
"06033","5","518210","78","0","2017","1","N",1,0,0,0,0,0,0,0,"N",0.16,0,0,0,0,0,0,0,"N",0,0.0,0,0,0,0,0,0,0,0,0,0,0,0,0,0
"06037","5","518210","78","0","2017","1","",426,7181,7238,7282,233310676,48438265,2476012,2481,"",0.43,0.76,0.76,0.77,0.73,0.60,0.69,0.96,"",19,4.7,368,5.4,372,5.4,372,5.4,61074358,35.5,2502503,5.4,68352,2.8,551,28.5
"06041","5","518210","78","0","2017","1","",29,146,155,150,3297906,1065215,51798,1687,"",1.14,0.59,0.62,0.60,0.36,0.49,0.57,0.59,"",4,16.0,-36,-19.8,-24,-13.4,-35,-18.9,-1144386,-25.8,-282360,-21.0,-18031,-25.8,-191,-10.2
"06047","5","518210","78","0","2017","1","N",2,0,0,0,0,0,0,0,"N",0.15,0,0,0,0,0,0,0,"N",0,0.0,0,0,0,0,0,0,0,0,0,0,0,0,0,0
"06053","5","518210","78","0","2017","1","N",2,0,0,0,0,0,0,0,"N",0.07,0,0,0,0,0,0,0,"N",1,100.0,0,0,0,0,0,0,0,0,0,0,0,0,0,0
"06055","5","518210","78","0","2017","1","",4,33,34,34,984954,56781,2456,2250,"",0.34,0.21,0.21,0.21,0.22,0.04,0.04,1.06,"",1,33.3,4,13.8,5,17.2,5,17.2,253354,34.6,21781,62.2,1266,106.4,309,15.9
"06059","3","518210","78","0","2017","1","N",1,0,0,0,0,0,0,0,"N",0.85,0,0,0,0,0,0,0,"N",0,0.0,0,0,0,0,0,0,0,0,0,0,0,0,0,0
"06059","5","518210","78","0","2017","1","",169,2402,2411,2415,62015752,19144542,1013687,1980,"",0.70,0.70,0.70,0.70,0.53,0.59,0.68,0.76,"",1,0.6,-120,-4.8,-171,-6.6,-179,-6.9,449166,0.7,-1526541,-7.4,-115764,-10.2,134,7.3
"06061","5","518210","78","0","2017","1","",13,115,125,125,1698680,847249,46434,1074,"",0.50,0.33,0.36,0.36,0.17,0.29,0.34,0.48,"",5,62.5,-92,-44.4,-78,-38.4,-66,-34.6,-576011,-25.3,-548118,-39.3,-17311,-27.2,201,23.0
"06065","5","518210","78","0","2017","1","",23,148,141,142,3698519,298083,10010,1980,"",0.18,0.10,0.09,0.09,0.10,0.03,0.02,1.08,"",0,0.0,-241,-62.0,-251,-64.0,-257,-64.4,-3703640,-50.0,-1331399,-81.7,-86480,-89.6,532,36.7
"06067","5","518210","78","0","2017","1","",42,1093,1145,1164,33422614,7800820,364149,2267,"",0.36,0.79,0.83,0.83,0.76,0.84,0.84,0.93,"",8,23.5,131,13.6,162,16.5,191,19.6,6861288,25.8,867447,12.5,8813,2.5,166,7.9
"06071","5","518210","78","0","2017","1","",21,141,143,142,1795755,912727,42188,973,"",0.18,0.09,0.09,0.09,0.05,0.08,0.08,0.52,"",2,10.5,-38,-21.2,-35,-19.7,-24,-14.5,-247660,-12.1,-113753,-11.1,-6305,-13.0,71,7.9
"06073","5","518210","78","0","2017","1","",149,1979,1999,1971,51542585,13740382,665693,1999,"",0.67,0.64,0.65,0.64,0.52,0.54,0.57,0.80,"",11,8.0,67,3.5,95,5.0,76,4.0,1518443,3.0,197032,1.5,-6601,-1.0,-22,-1.1
"06075","5","518210","78","0","2017","1","",336,8521,8603,8794,421035336,63913000,2462558,3749,"",2.72,5.59,5.57,5.68,4.37,4.10,3.48,0.78,"",41,13.9,854,11.1,816,10.5,877,11.1,75111791,21.7,5242091,8.9,64076,2.7,333,9.7
"06077","5","518210","78","0","2017","1","N",1,0,0,0,0,0,0,0,"N",0.03,0,0,0,0,0,0,0,"N",1,100.0,0,0,0,0,0,0,0,0,0,0,0,0,0,0
"06079","5","518210","78","0","2017","1","",8,105,103,105,1718699,737620,44538,1267,"",0.38,0.43,0.41,0.41,0.29,0.40,0.57,0.69,"",0,0.0,0,0.0,-1,-1.0,7,7.1,233129,15.7,48505,7.0,3641,8.9,150,13.4
"06081","5","518210","78","0","2017","1","",108,3834,3831,3852,197497507,28614266,1448445,3957,"",1.89,4.45,4.43,4.43,3.47,3.08,3.64,0.78,"",12,12.5,254,7.1,212,5.9,250,6.9,42356873,27.3,2007370,7.5,77374,5.6,642,19.4
"06083","5","518210","78","0","2017","1","",17,718,754,762,21863309,5304797,203008,2258,"",0.54,1.76,1.83,1.81,1.89,1.68,1.50,1.05,"",1,6.2,189,35.7,214,39.6,207,37.3,8263663,60.8,1582662,42.5,84968,72.0,326,16.9
"06085","5","518210","78","0","2017","1","",284,7129,7123,7146,321305550,51744829,2363874,3465,"",1.94,3.12,3.10,3.09,2.06,2.24,2.28,0.66,"",38,15.4,1017,16.6,927,15.0,900,14.4,73166891,29.5,5930280,12.9,186921,8.6,379,12.3
"06087","5","518210","78","0","2017","1","",9,19,26,29,363128,137523,5268,1132,"",0.46,0.09,0.12,0.13,0.06,0.08,0.07,0.56,"",2,28.6,8,72.7,14,116.7,15,107.1,161295,79.9,55318,67.3,2540,93.1,-127,-10.1
"06089","5","518210","78","0","2017","1","N",2,0,0,0,0,0,0,0,"N",0.14,0,0,0,0,0,0,0,"N",0,0.0,0,0,0,0,0,0,0,0,0,0,0,0,0,0
"06093","5","518210","78","0","2017","1","N",1,0,0,0,0,0,0,0,"N",0.28,0,0,0,0,0,0,0,"N",0,0.0,0,0,0,0,0,0,0,0,0,0,0,0,0,0
"06095","5","518210","78","0","2017","1","N",4,0,0,0,0,0,0,0,"N",0.17,0,0,0,0,0,0,0,"N",1,33.3,0,0,0,0,0,0,0,0,0,0,0,0,0,0
"06097","5","518210","78","0","2017","1","",12,85,82,87,1288438,587471,29988,1171,"",0.29,0.20,0.19,0.20,0.11,0.16,0.18,0.56,"",2,20.0,-9,-9.6,-13,-13.7,-15,-14.7,-348148,-21.3,-88178,-13.1,-6269,-17.3,-127,-9.8
"06099","5","518210","78","0","2017","1","",5,19,21,25,318629,104431,3897,1131,"",0.16,0.05,0.05,0.06,0.03,0.03,0.03,0.60,"",0,0.0,-3,-13.6,-2,-8.7,10,66.7,23554,8.0,-25626,-19.7,-2816,-41.9,-4,-0.4
"06111","5","518210","78","0","2017","1","",29,313,321,314,16800468,2859596,157160,4090,"",0.53,0.46,0.46,0.45,0.79,0.49,0.60,1.73,"",-1,-3.3,-23,-6.8,-20,-5.9,-16,-4.8,-532509,-3.1,-214528,-7.0,-12094,-7.1,118,3.0
"06113","5","518210","78","0","2017","1","N",3,0,0,0,0,0,0,0,"N",0.22,0,0,0,0,0,0,0,"N",-1,-25.0,0,0,0,0,0,0,0,0,0,0,0,0,0,0
"06115","5","518210","78","0","2017","1","N",1,0,0,0,0,0,0,0,"N",0.30,0,0,0,0,0,0,0,"N",0,0.0,0,0,0,0,0,0,0,0,0,0,0,0,0,0
"06999","5","518210","78","0","2017","1","",319,2092,2128,2197,69712415,15876822,706073,2507,"",2.21,2.46,2.47,2.51,1.67,1.56,1.45,0.67,"",29,10.0,333,18.9,335,18.7,414,23.2,11715614,20.2,2083953,15.1,56199,8.6,-2,-0.1
"08000","5","518210","58","0","2017","1","",860,10367,10468,10580,363169718,122968660,2820950,2668,"",2.09,1.86,1.87,1.88,2.07,1.75,1.92,1.11,"",261,43.6,912,9.6,985,10.4,1052,11.0,85414390,30.8,17277202,16.3,387172,15.9,416,18.5
"08001","5","518210","78","0","2017","1","",22,310,302,298,7060157,3209893,68130,1790,"",0.97,0.72,0.69,0.68,0.58,0.62,0.58,0.82,"",6,37.5,29,10.3,20,7.1,18,6.4,147060,2.1,134564,4.4,2669,4.1,-102,-5.4
"08005","5","518210","78","0","2017","1","",112,2521,2522,2565,147915542,31476593,720435,4487,"",2.46,3.60,3.58,3.62,5.73,3.15,3.46,1.59,"",31,38.3,482,23.6,477,23.3,521,25.5,61021664,70.2,7989341,34.0,174201,31.9,1215,37.1
"08007","5","518210","78","0","2017","1","-",0,0,0,0,0,0,0,0,"N",0.00,0,0,0,0,0,0,0,"N",0,0,0,0,0,0,0,0,0,0,0,0,0,0,0,0
"08013","5","518210","78","0","2017","1","",120,865,875,868,21335338,10268932,261960,1888,"",3.79,2.26,2.27,2.24,1.57,2.14,2.71,0.70,"",48,66.7,71,8.9,78,9.8,63,7.8,878489,4.3,874870,9.3,-45317,-14.7,-82,-4.2
"08014","5","518210","78","0","2017","1","",28,359,353,357,9170310,4243486,145224,1980,"",4.83,4.40,4.35,4.37,2.24,2.92,5.17,0.51,"",9,47.4,25,7.5,22,6.6,27,8.2,1152612,14.4,471691,12.5,27322,23.2,120,6.5
"08015","5","518210","78","0","2017","1","N",1,0,0,0,0,0,0,0,"N",0.49,0,0,0,0,0,0,0,"N",0,0.0,0,0,0,0,0,0,0,0,0,0,0,0,0,0
"08019","5","518210","78","0","2017","1","-",0,0,0,0,0,0,0,0,"N",0.00,0,0,0,0,0,0,0,"N",0,0,0,0,0,0,0,0,0,0,0,0,0,0,0,0
"08029","5","518210","78","0","2017","1","N",1,0,0,0,0,0,0,0,"N",0.54,0,0,0,0,0,0,0,"N",0,0.0,0,0,0,0,0,0,0,0,0,0,0,0,0,0
"08031","5","518210","78","0","2017","1","",228,2301,2347,2387,64583761,27377948,689932,2119,"",3.44,2.14,2.17,2.19,1.54,1.84,2.23,0.71,"",77,51.0,541,30.7,565,31.7,542,29.4,21276829,49.1,6788841,33.0,164222,31.2,264,14.2
"08035","5","518210","78","0","2017","1","",75,1471,1485,1487,55897400,17732559,321425,2903,"",3.02,5.69,5.76,5.74,6.13,4.94,4.47,1.07,"",23,44.2,-39,-2.6,-25,-1.7,-24,-1.6,-6191980,-10.0,716365,4.2,-2807,-0.9,-259,-8.2
"08037","5","518210","78","0","2017","1","N",10,0,0,0,0,0,0,0,"N",1.38,0,0,0,0,0,0,0,"N",3,42.9,0,0,0,0,0,0,0,0,0,0,0,0,0,0
"08039","5","518210","78","0","2017","1","N",4,0,0,0,0,0,0,0,"N",2.87,0,0,0,0,0,0,0,"N",3,300.0,0,0,0,0,0,0,0,0,0,0,0,0,0,0
"08041","5","518210","78","0","2017","1","",65,489,497,497,11508028,5517602,101451,1791,"",1.61,0.85,0.86,0.85,0.76,0.87,0.74,0.89,"",19,41.3,21,4.5,40,8.8,40,8.8,748243,7.0,323175,6.2,-7619,-7.0,-6,-0.3
"08043","5","518210","78","0","2017","1","",3,4,4,4,37657,32414,677,724,"",1.52,0.14,0.14,0.14,0.06,0.17,0.18,0.45,"",0,0.0,0,0.0,0,0.0,0,0.0,-1650,-4.2,-1811,-5.3,-152,-18.3,-32,-4.2
"08045","5","518210","78","0","2017","1","N",2,0,0,0,0,0,0,0,"N",0.37,0,0,0,0,0,0,0,"N",0,0.0,0,0,0,0,0,0,0,0,0,0,0,0,0,0
"08049","5","518210","78","0","2017","1","",3,3,3,3,85641,29576,707,2196,"",1.68,0.17,0.18,0.17,0.29,0.16,0.24,1.65,"",0,0.0,0,0.0,0,0.0,0,0.0,37967,79.6,69,0.2,116,19.6,974,79.7
"08051","5","518210","78","0","2017","1","N",1,0,0,0,0,0,0,0,"N",0.40,0,0,0,0,0,0,0,"N",1,100.0,0,0,0,0,0,0,0,0,0,0,0,0,0,0
"08059","5","518210","78","0","2017","1","",78,1210,1266,1297,32030512,14517687,276751,1959,"",1.86,2.44,2.54,2.59,2.07,2.36,2.28,0.82,"",16,25.8,-191,-13.6,-147,-10.4,-116,-8.2,5527626,20.9,-151155,-1.0,33865,13.9,512,35.4
"08065","5","518210","78","0","2017","1","-",0,0,0,0,0,0,0,0,"N",0.00,0,0,0,0,0,0,0,"N",0,0,0,0,0,0,0,0,0,0,0,0,0,0,0,0
"08067","5","518210","78","0","2017","1","",8,9,10,11,155358,93366,2561,1195,"",1.45,0.16,0.18,0.20,0.12,0.14,0.23,0.67,"",4,100.0,1,12.5,2,25.0,3,37.5,50600,48.3,50149,116.0,1562,156.4,188,18.7
"08069","5","518210","78","0","2017","1","",34,487,481,478,6947631,5165003,156093,1109,"",1.36,1.47,1.44,1.42,0.77,1.42,2.12,0.53,"",6,21.4,-107,-18.0,-106,-18.1,-99,-17.2,-1146381,-14.2,-756331,-12.8,20613,15.2,47,4.4
"08071","5","518210","78","0","2017","1","N",1,0,0,0,0,0,0,0,"N",0.85,0,0,0,0,0,0,0,"N",0,0.0,0,0,0,0,0,0,0,0,0,0,0,0,0,0
"08077","5","518210","78","0","2017","1","",8,50,42,50,1004216,536285,6351,1632,"",0.79,0.39,0.32,0.38,0.35,0.42,0.20,0.95,"",1,14.3,17,51.5,9,27.3,17,51.5,497884,98.3,207059,62.9,2533,66.3,452,38.3
"08083","5","518210","78","0","2017","1","N",2,0,0,0,0,0,0,0,"N",1.06,0,0,0,0,0,0,0,"N",0,0.0,0,0,0,0,0,0,0,0,0,0,0,0,0,0
"08085","5","518210","78","0","2017","1","N",3,0,0,0,0,0,0,0,"N",1.04,0,0,0,0,0,0,0,"N",2,200.0,0,0,0,0,0,0,0,0,0,0,0,0,0,0
"08089","5","518210","78","0","2017","1","N",1,0,0,0,0,0,0,0,"N",0.94,0,0,0,0,0,0,0,"N",0,0.0,0,0,0,0,0,0,0,0,0,0,0,0,0,0
"08093","5","518210","78","0","2017","1","",3,6,6,6,84553,52388,1223,1084,"",2.65,1.20,1.20,1.18,0.83,0.88,1.23,0.69,"N",0,0.0,0,0,0,0,0,0,0,0,0,0,0,0,0,0
"08097","5","518210","78","0","2017","1","N",1,0,0,0,0,0,0,0,"N",0.27,0,0,0,0,0,0,0,"N",1,100.0,0,0,0,0,0,0,0,0,0,0,0,0,0,0
"08101","5","518210","78","0","2017","1","",4,38,37,37,366130,294353,14788,754,"",0.57,0.29,0.28,0.28,0.13,0.25,0.48,0.45,"",0,0.0,-3,-7.3,-5,-11.9,-1,-2.6,31276,9.3,2101,0.7,4207,39.8,115,18.0
"08107","5","518210","78","0","2017","1","N",1,0,0,0,0,0,0,0,"N",0.27,0,0,0,0,0,0,0,"N",0,0.0,0,0,0,0,0,0,0,0,0,0,0,0,0,0
"08109","5","518210","78","0","2017","1","N",1,0,0,0,0,0,0,0,"N",2.50,0,0,0,0,0,0,0,"N",0,0.0,0,0,0,0,0,0,0,0,0,0,0,0,0,0
"08111","5","518210","78","0","2017","1","N",1,0,0,0,0,0,0,0,"N",6.62,0,0,0,0,0,0,0,"N",1,100.0,0,0,0,0,0,0,0,0,0,0,0,0,0,0
"08113","5","518210","78","0","2017","1","N",2,0,0,0,0,0,0,0,"N",1.39,0,0,0,0,0,0,0,"N",0,0.0,0,0,0,0,0,0,0,0,0,0,0,0,0,0
"08117","5","518210","78","0","2017","1","",4,9,9,9,196698,89317,1229,1681,"",0.84,0.17,0.17,0.17,0.19,0.15,0.11,1.11,"N",2,100.0,0,0,0,0,0,0,0,0,0,0,0,0,0,0
"08119","5","518210","78","0","2017","1","N",3,0,0,0,0,0,0,0,"N",1.66,0,0,0,0,0,0,0,"N",0,0.0,0,0,0,0,0,0,0,0,0,0,0,0,0,0
"08123","5","518210","78","0","2017","1","",23,86,78,83,1727998,997107,18638,1614,"",1.52,0.39,0.35,0.37,0.29,0.35,0.29,0.77,"",7,43.8,12,16.2,3,4.0,15,22.1,436310,33.8,181028,22.2,3954,26.9,240,17.5
"08999","5","518210","78","0","2017","1","",7,49,51,49,2007335,670676,10575,3109,"",1.56,1.17,1.20,1.15,0.98,0.79,0.37,0.83,"",2,40.0,5,11.4,6,13.3,3,6.5,681035,51.3,110940,19.8,756,7.7,842,37.1
"09000","3","518210","58","0","2017","1","N",1,0,0,0,0,0,0,0,"N",0.84,0,0,0,0,0,0,0,"N",0,0.0,0,0,0,0,0,0,0,0,0,0,0,0,0,0
"09000","5","518210","58","0","2017","1","",162,1520,1503,1488,37275401,19343700,717377,1907,"",0.66,0.42,0.42,0.41,0.27,0.41,0.43,0.64,"",7,4.5,67,4.6,63,4.4,57,4.0,6862091,22.6,1138414,6.3,1012,0.1,284,17.5
"09001","5","518210","78","0","2017","1","",55,333,336,324,10546236,4218670,174273,2451,"",0.75,0.37,0.37,0.36,0.22,0.32,0.37,0.60,"",7,14.6,6,1.8,15,4.7,2,0.6,609784,6.1,-359608,-7.9,-7191,-4.0,87,3.7
"09003","5","518210","78","0","2017","1","",37,735,732,731,17593884,9686014,336457,1847,"",0.64,0.67,0.67,0.67,0.41,0.63,0.63,0.61,"",-4,-9.8,11,1.5,10,1.4,16,2.2,4655982,36.0,915270,10.4,-14406,-4.1,465,33.6
"09005","5","518210","78","0","2017","1","",9,18,17,17,260838,146507,4432,1158,"",0.72,0.14,0.13,0.13,0.08,0.10,0.08,0.63,"",0,0.0,-2,-10.0,0,0.0,0,0.0,65514,33.5,9929,7.3,-363,-7.6,323,38.7
"09007","5","518210","78","0","2017","1","",3,5,3,3,135869,45000,1755,2850,"",0.27,0.03,0.02,0.02,0.03,0.03,0.03,1.28,"N",0,0.0,0,0,0,0,0,0,0,0,0,0,0,0,0,0
"09009","5","518210","78","0","2017","1","",23,206,187,186,2670752,1776007,58080,1064,"",0.46,0.26,0.24,0.24,0.11,0.21,0.18,0.46,"",1,4.5,16,8.4,-2,-1.1,-1,-0.5,-168743,-5.9,-190552,-9.7,-12893,-18.2,-94,-8.1
"09011","3","518210","78","0","2017","1","N",1,0,0,0,0,0,0,0,"N",13.30,0,0,0,0,0,0,0,"N",0,0.0,0,0,0,0,0,0,0,0,0,0,0,0,0,0
"09011","5","518210","78","0","2017","1","",7,31,33,31,518622,345957,18707,1260,"",0.45,0.12,0.12,0.12,0.06,0.11,0.18,0.52,"",-1,-12.5,-5,-13.9,-5,-13.2,-5,-13.9,-80707,-13.5,-74181,-17.7,3489,22.9,3,0.2
"09013","5","518210","78","0","2017","1","N",3,0,0,0,0,0,0,0,"N",0.45,0,0,0,0,0,0,0,"N",1,50.0,0,0,0,0,0,0,0,0,0,0,0,0,0,0
"09015","5","518210","78","0","2017","1","N",1,0,0,0,0,0,0,0,"N",0.17,0,0,0,0,0,0,0,"N",1,100.0,0,0,0,0,0,0,0,0,0,0,0,0,0,0
"09999","5","518210","78","0","2017","1","",24,182,185,186,5458256,3046576,119366,2278,"",1.75,1.85,1.87,1.87,0.91,1.61,1.74,0.49,"",2,9.1,38,26.4,43,30.3,42,29.2,1661044,43.7,790877,35.1,30206,33.9,240,11.8
"10000","2","518210","58","0","2017","1","N",1,0,0,0,0,0,0,0,"N",15.27,0,0,0,0,0,0,0,"N",0,0.0,0,0,0,0,0,0,0,0,0,0,0,0,0,0
"10000","5","518210","58","0","2017","1","",91,778,768,775,17256207,11966652,181933,1716,"",1.36,0.82,0.81,0.82,0.56,0.92,0.99,0.68,"",0,0.0,-139,-15.2,-145,-15.9,-125,-13.9,-1640352,-8.7,-1772881,-12.9,-16940,-8.5,119,7.5
"10001","2","518210","78","0","2017","1","N",1,0,0,0,0,0,0,0,"N",121.24,0,0,0,0,0,0,0,"N",0,0.0,0,0,0,0,0,0,0,0,0,0,0,0,0,0
"10001","5","518210","78","0","2017","1","",11,12,12,11,458874,212332,4747,3026,"",1.31,0.08,0.08,0.08,0.14,0.16,0.23,1.73,"N",1,10.0,0,0,0,0,0,0,0,0,0,0,0,0,0,0
"10003","5","518210","78","0","2017","1","",57,723,704,713,15197033,11132632,166154,1639,"",1.38,1.16,1.13,1.15,0.65,1.19,1.31,0.56,"",-5,-8.1,-123,-14.5,-131,-15.7,-109,-13.3,-1023419,-6.3,-1443622,-11.5,-16198,-8.9,144,9.6
"10005","5","518210","78","0","2017","1","",15,28,31,31,515373,287776,2712,1321,"",1.07,0.18,0.19,0.19,0.15,0.16,0.09,0.82,"",3,25.0,8,40.0,6,24.0,8,34.8,165245,47.2,71396,33.0,965,55.2,133,11.2
"10999","5","518210","78","0","2017","1","",8,15,21,20,1084927,333912,8320,4471,"",2.66,0.84,1.16,1.09,1.42,0.81,1.19,1.37,"N",1,14.3,0,0,0,0,0,0,0,0,0,0,0,0,0,0
"11000","5","518210","58","0","2017","1","",146,533,525,521,14065248,5049174,123957,2056,"",1.78,0.32,0.32,0.31,0.16,0.37,0.36,0.51,"",49,50.5,-38,-6.7,-29,-5.2,-43,-7.6,1111825,8.6,-187138,-3.6,-32616,-20.8,286,16.2
"11001","5","518210","78","0","2017","1","",146,533,525,521,14065248,5049174,123957,2056,"",1.78,0.32,0.32,0.31,0.16,0.37,0.36,0.51,"",49,50.5,-38,-6.7,-29,-5.2,-43,-7.6,1111825,8.6,-187138,-3.6,-32616,-20.8,286,16.2
"12000","2","518210","58","0","2017","1","N",1,0,0,0,0,0,0,0,"N",0.73,0,0,0,0,0,0,0,"N",0,0.0,0,0,0,0,0,0,0,0,0,0,0,0,0,0
"12000","3","518210","58","0","2017","1","N",2,0,0,0,0,0,0,0,"N",0.29,0,0,0,0,0,0,0,"N",0,0.0,0,0,0,0,0,0,0,0,0,0,0,0,0,0
"12000","5","518210","58","0","2017","1","",1569,17980,18183,18108,580061673,136876149,1838067,2467,"",1.12,0.98,0.98,0.97,1.19,0.87,1.05,1.22,"",137,9.6,470,2.7,716,4.1,704,4.0,86909568,17.6,9425753,7.4,-559252,-23.3,294,13.5
"12001","5","518210","78","0","2017","1","",7,29,29,29,340061,200435,1191,902,"",0.47,0.10,0.10,0.10,0.05,0.12,0.08,0.48,"N",1,16.7,0,0,0,0,0,0,0,0,0,0,0,0,0,0
"12005","5","518210","78","0","2017","1","N",2,0,0,0,0,0,0,0,"N",0.17,0,0,0,0,0,0,0,"N",-1,-33.3,0,0,0,0,0,0,0,0,0,0,0,0,0,0
"12009","5","518210","78","0","2017","1","",26,122,126,122,2592966,879955,13612,1617,"",0.81,0.27,0.28,0.27,0.23,0.23,0.33,0.83,"",3,13.0,-11,-8.3,-10,-7.4,-12,-9.0,-255933,-9.0,-87392,-9.0,-12265,-47.4,-14,-0.9
"12011","5","518210","78","0","2017","1","",159,4200,4206,4193,168160731,29275838,362945,3080,"",1.11,2.42,2.41,2.40,3.49,1.89,1.93,1.45,"",15,10.4,494,13.3,494,13.3,451,12.1,49199424,41.4,4137125,16.5,-304,-0.1,620,25.2
"12015","5","518210","78","0","2017","1","N",5,0,0,0,0,0,0,0,"N",0.52,0,0,0,0,0,0,0,"N",0,0.0,0,0,0,0,0,0,0,0,0,0,0,0,0,0
"12017","5","518210","78","0","2017","1","N",2,0,0,0,0,0,0,0,"N",0.31,0,0,0,0,0,0,0,"N",0,0.0,0,0,0,0,0,0,0,0,0,0,0,0,0,0
"12019","5","518210","78","0","2017","1","",3,6,6,6,78498,37152,954,1006,"",0.33,0.05,0.05,0.05,0.04,0.04,0.13,0.65,"N",-2,-40.0,0,0,0,0,0,0,0,0,0,0,0,0,0,0
"12021","5","518210","78","0","2017","1","",11,14,17,16,329515,114285,2893,1618,"",0.39,0.04,0.05,0.05,0.04,0.04,0.09,0.87,"",-2,-15.4,-8,-36.4,-9,-34.6,-9,-36.0,-126412,-27.7,-53373,-31.8,-1714,-37.2,177,12.3
"12023","5","518210","78","0","2017","1","N",1,0,0,0,0,0,0,0,"N",0.31,0,0,0,0,0,0,0,"N",1,100.0,0,0,0,0,0,0,0,0,0,0,0,0,0,0
"12031","3","518210","78","0","2017","1","N",1,0,0,0,0,0,0,0,"N",3.38,0,0,0,0,0,0,0,"N",0,0.0,0,0,0,0,0,0,0,0,0,0,0,0,0,0
"12031","5","518210","78","0","2017","1","",75,1815,1867,1843,116521459,22740827,193423,4867,"",1.23,1.69,1.72,1.70,3.74,2.42,1.68,2.19,"",6,8.7,82,4.7,133,7.7,59,3.3,21473063,22.6,2004166,9.7,-43824,-18.5,690,16.5
"12033","5","518210","78","0","2017","1","N",5,0,0,0,0,0,0,0,"N",0.29,0,0,0,0,0,0,0,"N",-2,-28.6,0,0,0,0,0,0,0,0,0,0,0,0,0,0
"12035","5","518210","78","0","2017","1","N",8,0,0,0,0,0,0,0,"N",1.58,0,0,0,0,0,0,0,"N",1,14.3,0,0,0,0,0,0,0,0,0,0,0,0,0,0
"12041","5","518210","78","0","2017","1","N",1,0,0,0,0,0,0,0,"N",1.50,0,0,0,0,0,0,0,"N",0,0.0,0,0,0,0,0,0,0,0,0,0,0,0,0,0
"12051","5","518210","78","0","2017","1","N",1,0,0,0,0,0,0,0,"N",0.54,0,0,0,0,0,0,0,"N",-1,-50.0,0,0,0,0,0,0,0,0,0,0,0,0,0,0
"12053","5","518210","78","0","2017","1","N",4,0,0,0,0,0,0,0,"N",0.53,0,0,0,0,0,0,0,"N",-1,-20.0,0,0,0,0,0,0,0,0,0,0,0,0,0,0
"12055","5","518210","78","0","2017","1","-",0,0,0,0,0,0,0,0,"N",0.00,0,0,0,0,0,0,0,"N",-1,-100.0,0,0,0,0,0,0,0,0,0,0,0,0,0,0
"12057","5","518210","78","0","2017","1","",108,2622,2645,2675,80874211,18962074,218827,2350,"",1.24,1.78,1.79,1.81,1.87,1.45,1.49,1.04,"",20,22.7,59,2.3,83,3.2,141,5.6,-2822746,-3.4,922469,5.1,-353246,-61.7,-172,-6.8
"12061","5","518210","78","0","2017","1","",9,35,37,33,354646,216050,741,779,"",0.86,0.31,0.33,0.29,0.14,0.24,0.07,0.47,"",-1,-10.0,0,0.0,-3,-7.5,-5,-13.2,-36147,-9.2,-10711,-4.7,-3331,-81.8,-19,-2.4
"12063","5","518210","78","0","2017","1","N",1,0,0,0,0,0,0,0,"N",0.52,0,0,0,0,0,0,0,"N",0,0.0,0,0,0,0,0,0,0,0,0,0,0,0,0,0
"12069","5","518210","78","0","2017","1","N",6,0,0,0,0,0,0,0,"N",0.36,0,0,0,0,0,0,0,"N",1,20.0,0,0,0,0,0,0,0,0,0,0,0,0,0,0
"12071","5","518210","78","0","2017","1","",32,161,171,167,3962821,1172822,20057,1833,"",0.71,0.29,0.30,0.29,0.30,0.26,0.45,1.04,"",0,0.0,18,12.6,19,12.5,8,5.0,560593,16.5,109160,10.3,2279,12.8,104,6.0
"12073","2","518210","78","0","2017","1","N",1,0,0,0,0,0,0,0,"N",56.26,0,0,0,0,0,0,0,"N",0,0.0,0,0,0,0,0,0,0,0,0,0,0,0,0,0
"12073","3","518210","78","0","2017","1","N",1,0,0,0,0,0,0,0,"N",11.37,0,0,0,0,0,0,0,"N",0,0.0,0,0,0,0,0,0,0,0,0,0,0,0,0,0
"12073","5","518210","78","0","2017","1","",23,608,742,706,7408050,3691454,56833,831,"",1.27,1.89,2.29,2.20,0.99,2.02,3.20,0.47,"",0,0.0,-237,-28.0,-75,-9.2,-56,-7.3,-336091,-4.3,-256567,-6.5,-11107,-16.3,94,12.8
"12081","5","518210","78","0","2017","1","",23,54,63,77,670506,306463,4875,798,"",1.04,0.20,0.23,0.28,0.11,0.13,0.20,0.47,"",8,53.3,-12,-18.2,-11,-14.9,3,4.1,-156038,-18.9,-54151,-15.0,-2989,-38.0,-93,-10.4
"12083","5","518210","78","0","2017","1","N",5,0,0,0,0,0,0,0,"N",0.29,0,0,0,0,0,0,0,"N",1,25.0,0,0,0,0,0,0,0,0,0,0,0,0,0,0
"12085","5","518210","78","0","2017","1","",11,26,30,31,522710,207364,3479,1386,"",0.84,0.18,0.21,0.21,0.17,0.17,0.26,0.83,"",3,37.5,11,73.3,14,87.5,13,72.2,166451,46.7,94201,83.2,844,32.0,-292,-17.4
"12086","5","518210","78","0","2017","1","",157,817,810,799,23029498,5766753,135466,2191,"",0.78,0.33,0.33,0.32,0.32,0.27,0.53,0.98,"",16,11.3,5,0.6,-2,-0.2,-7,-0.9,3802470,19.8,289001,5.3,-28497,-17.4,365,20.0
"12087","5","518210","78","0","2017","1","N",2,0,0,0,0,0,0,0,"N",0.21,0,0,0,0,0,0,0,"N",0,0.0,0,0,0,0,0,0,0,0,0,0,0,0,0,0
"12089","5","518210","78","0","2017","1","N",3,0,0,0,0,0,0,0,"N",0.69,0,0,0,0,0,0,0,"N",0,0.0,0,0,0,0,0,0,0,0,0,0,0,0,0,0
"12091","5","518210","78","0","2017","1","",13,81,79,75,972753,480771,4510,955,"",0.99,0.46,0.45,0.42,0.24,0.37,0.33,0.53,"",2,18.2,-2,-2.4,-4,-4.8,-4,-5.1,-28072,-2.8,-19917,-4.0,-2091,-31.7,12,1.3
"12095","5","518210","78","0","2017","1","",112,1835,1809,1782,34075808,12363597,191145,1449,"",1.30,1.04,1.02,1.00,0.74,0.80,1.21,0.72,"",6,5.7,-100,-5.2,-93,-4.9,-101,-5.4,-3445889,-9.2,-1099626,-8.2,-44057,-18.7,-65,-4.3
"12097","5","518210","78","0","2017","1","",8,17,15,13,258823,73888,1068,1327,"",0.57,0.09,0.08,0.07,0.07,0.05,0.07,0.89,"N",3,60.0,0,0,0,0,0,0,0,0,0,0,0,0,0,0
"12099","5","518210","78","0","2017","1","",140,760,721,734,21040647,5483277,57443,2192,"",1.21,0.58,0.55,0.56,0.55,0.45,0.42,0.98,"",36,34.6,8,1.1,-14,-1.9,6,0.8,2231501,11.9,420608,8.3,5881,11.4,232,11.8
"12101","5","518210","78","0","2017","1","",12,34,37,37,322136,205865,4216,688,"",0.54,0.14,0.15,0.14,0.06,0.11,0.23,0.45,"",0,0.0,5,17.2,1,2.8,1,2.8,-18836,-5.5,23691,13.0,-312,-6.9,-91,-11.7
"12103","5","518210","78","0","2017","1","",77,881,888,900,18964904,6162836,131716,1640,"",1.13,0.96,0.96,0.97,0.82,0.78,1.58,0.85,"",0,0.0,39,4.6,51,6.1,95,11.8,1238626,7.0,347282,6.0,3404,2.7,-7,-0.4
"12105","5","518210","78","0","2017","1","",6,37,34,36,481310,234495,5126,1038,"",0.22,0.08,0.07,0.08,0.05,0.06,0.14,0.60,"",2,50.0,32,640.0,15,78.9,15,71.4,365926,317.1,168641,256.1,4241,479.2,446,75.3
"12109","5","518210","78","0","2017","1","",16,25,25,25,329932,148852,2424,1015,"",1.08,0.16,0.16,0.16,0.09,0.12,0.22,0.54,"",3,23.1,6,31.6,8,47.1,9,56.2,-157776,-32.4,21986,17.3,1037,74.8,-1149,-53.1
"12111","5","518210","78","0","2017","1","N",3,0,0,0,0,0,0,0,"N",0.23,0,0,0,0,0,0,0,"N",1,50.0,0,0,0,0,0,0,0,0,0,0,0,0,0,0
"12113","5","518210","78","0","2017","1","N",4,0,0,0,0,0,0,0,"N",0.57,0,0,0,0,0,0,0,"N",-1,-20.0,0,0,0,0,0,0,0,0,0,0,0,0,0,0
"12115","5","518210","78","0","2017","1","",18,66,62,70,1107374,422737,8733,1291,"",0.55,0.18,0.17,0.19,0.13,0.13,0.29,0.71,"",1,5.9,19,40.4,12,24.0,21,42.9,419520,61.0,126336,42.6,2811,47.5,204,18.8
"12117","5","518210","78","0","2017","1","",43,1375,1366,1359,28131793,9289639,79526,1583,"",1.39,3.40,3.35,3.33,2.78,2.57,1.96,0.83,"",5,13.2,113,9.0,103,8.2,84,6.6,1125352,4.2,834850,9.9,-59052,-42.6,-57,-3.5
"12119","5","518210","78","0","2017","1","N",2,0,0,0,0,0,0,0,"N",0.54,0,0,0,0,0,0,0,"N",-1,-33.3,0,0,0,0,0,0,0,0,0,0,0,0,0,0
"12123","5","518210","78","0","2017","1","-",0,0,0,0,0,0,0,0,"N",0.00,0,0,0,0,0,0,0,"N",0,0,0,0,0,0,0,0,0,0,0,0,0,0,0,0
"12127","5","518210","78","0","2017","1","",18,47,49,48,751780,289205,2297,1205,"",0.61,0.13,0.13,0.13,0.10,0.11,0.08,0.76,"",3,20.0,7,17.5,10,25.6,9,23.1,97488,14.9,61559,27.0,-607,-20.9,-75,-5.9
"12129","5","518210","78","0","2017","1","-",0,0,0,0,0,0,0,0,"N",0.00,0,0,0,0,0,0,0,"N",0,0,0,0,0,0,0,0,0,0,0,0,0,0,0,0
"12131","5","518210","78","0","2017","1","",4,7,7,7,173600,42315,270,1908,"",0.76,0.13,0.13,0.13,0.16,0.10,0.07,1.27,"",-1,-20.0,-1,-12.5,-1,-12.5,-1,-12.5,31482,22.2,-18304,-30.2,-916,-77.2,541,39.6
"12133","5","518210","78","0","2017","1","N",1,0,0,0,0,0,0,0,"N",1.08,0,0,0,0,0,0,0,"N",0,0.0,0,0,0,0,0,0,0,0,0,0,0,0,0,0
"12999","5","518210","78","0","2017","1","",402,1729,1774,1764,63682496,15046674,278887,2790,"",4.52,2.99,3.01,2.97,2.42,2.16,3.10,0.81,"",14,3.6,62,3.7,119,7.2,110,6.7,15799305,33.0,1992734,15.3,22204,8.7,569,25.6
"13000","5","518210","58","0","2017","1","",609,11127,11153,11238,342060999,108340024,1896076,2355,"",1.07,1.19,1.19,1.19,1.24,1.13,1.18,1.04,"",-29,-4.5,2418,27.8,2175,24.2,2134,23.4,90391288,35.9,26615100,32.6,264757,16.2,187,8.6
"13009","5","518210","78","0","2017","1","-",0,0,0,0,0,0,0,0,"N",0.00,0,0,0,0,0,0,0,"N",0,0,0,0,0,0,0,0,0,0,0,0,0,0,0,0
"13013","5","518210","78","0","2017","1","N",3,0,0,0,0,0,0,0,"N",1.24,0,0,0,0,0,0,0,"N",1,50.0,0,0,0,0,0,0,0,0,0,0,0,0,0,0
"13015","5","518210","78","0","2017","1","-",0,0,0,0,0,0,0,0,"N",0.00,0,0,0,0,0,0,0,"N",0,0,0,0,0,0,0,0,0,0,0,0,0,0,0,0
"13021","5","518210","78","0","2017","1","N",4,0,0,0,0,0,0,0,"N",0.46,0,0,0,0,0,0,0,"N",0,0.0,0,0,0,0,0,0,0,0,0,0,0,0,0,0
"13025","5","518210","78","0","2017","1","-",0,0,0,0,0,0,0,0,"N",0.00,0,0,0,0,0,0,0,"N",0,0,0,0,0,0,0,0,0,0,0,0,0,0,0,0
"13033","5","518210","78","0","2017","1","-",0,0,0,0,0,0,0,0,"N",0.00,0,0,0,0,0,0,0,"N",0,0,0,0,0,0,0,0,0,0,0,0,0,0,0,0
"13045","5","518210","78","0","2017","1","N",1,0,0,0,0,0,0,0,"N",0.23,0,0,0,0,0,0,0,"N",-1,-50.0,0,0,0,0,0,0,0,0,0,0,0,0,0,0
"13047","5","518210","78","0","2017","1","N",1,0,0,0,0,0,0,0,"N",0.51,0,0,0,0,0,0,0,"N",0,0.0,0,0,0,0,0,0,0,0,0,0,0,0,0,0
"13051","5","518210","78","0","2017","1","",6,48,49,48,1213912,373197,3621,1932,"",0.36,0.15,0.15,0.15,0.15,0.12,0.08,1.01,"",-1,-14.3,0,0.0,-5,-9.3,-3,-5.9,208672,20.8,8202,2.2,296,8.9,416,27.4
"13057","5","518210","78","0","2017","1","",12,53,56,58,1316888,507059,5910,1820,"",1.04,0.43,0.45,0.46,0.49,0.44,0.37,1.10,"N",-4,-25.0,0,0,0,0,0,0,0,0,0,0,0,0,0,0
"13059","5","518210","78","0","2017","1","N",2,0,0,0,0,0,0,0,"N",0.31,0,0,0,0,0,0,0,"N",-1,-33.3,0,0,0,0,0,0,0,0,0,0,0,0,0,0
"13063","5","518210","78","0","2017","1","N",3,0,0,0,0,0,0,0,"N",0.36,0,0,0,0,0,0,0,"N",-1,-25.0,0,0,0,0,0,0,0,0,0,0,0,0,0,0
"13067","5","518210","78","0","2017","1","",68,1031,1028,1024,45498807,9225022,142634,3406,"",1.50,1.35,1.34,1.32,1.79,1.05,0.97,1.33,"",0,0.0,200,24.1,193,23.1,183,21.8,10795816,31.1,1816403,24.5,19205,15.6,212,6.6
"13073","5","518210","78","0","2017","1","N",4,0,0,0,0,0,0,0,"N",0.79,0,0,0,0,0,0,0,"N",0,0.0,0,0,0,0,0,0,0,0,0,0,0,0,0,0
"13077","5","518210","78","0","2017","1","N",4,0,0,0,0,0,0,0,"N",0.76,0,0,0,0,0,0,0,"N",0,0.0,0,0,0,0,0,0,0,0,0,0,0,0,0,0
"13089","5","518210","78","0","2017","1","",36,907,915,954,25490678,9024147,99186,2119,"",0.98,1.42,1.43,1.48,1.27,1.41,1.00,0.88,"",2,5.9,295,48.2,312,51.7,354,59.0,12653769,98.6,3538339,64.5,21115,27.0,487,29.8
"13095","5","518210","78","0","2017","1","N",4,0,0,0,0,0,0,0,"N",0.82,0,0,0,0,0,0,0,"N",0,0.0,0,0,0,0,0,0,0,0,0,0,0,0,0,0
"13097","5","518210","78","0","2017","1","N",1,0,0,0,0,0,0,0,"N",0.18,0,0,0,0,0,0,0,"N",-2,-66.7,0,0,0,0,0,0,0,0,0,0,0,0,0,0
"13113","5","518210","78","0","2017","1","N",4,0,0,0,0,0,0,0,"N",0.54,0,0,0,0,0,0,0,"N",0,0.0,0,0,0,0,0,0,0,0,0,0,0,0,0,0
"13117","5","518210","78","0","2017","1","",13,23,25,27,617062,259037,5603,1899,"",1.08,0.15,0.16,0.17,0.15,0.15,0.24,0.94,"",-4,-23.5,-24,-51.1,-21,-45.7,-18,-40.0,-261495,-29.8,-29638,-10.3,-2007,-26.4,430,29.3
"13121","5","518210","78","0","2017","1","",163,4568,4595,4641,154508548,45460693,889822,2583,"",1.83,2.51,2.52,2.53,1.85,2.02,2.38,0.73,"",8,5.2,1799,65.0,1761,62.1,1681,56.8,71637712,86.4,16437848,56.6,236762,36.3,350,15.7
"13123","5","518210","78","0","2017","1","N",1,0,0,0,0,0,0,0,"N",0.83,0,0,0,0,0,0,0,"N",-1,-50.0,0,0,0,0,0,0,0,0,0,0,0,0,0,0
"13127","5","518210","78","0","2017","1","N",1,0,0,0,0,0,0,0,"N",0.18,0,0,0,0,0,0,0,"N",-1,-50.0,0,0,0,0,0,0,0,0,0,0,0,0,0,0
"13129","5","518210","78","0","2017","1","N",1,0,0,0,0,0,0,0,"N",0.47,0,0,0,0,0,0,0,"N",0,0.0,0,0,0,0,0,0,0,0,0,0,0,0,0,0
"13133","5","518210","78","0","2017","1","N",1,0,0,0,0,0,0,0,"N",1.05,0,0,0,0,0,0,0,"N",0,0.0,0,0,0,0,0,0,0,0,0,0,0,0,0,0
"13135","5","518210","78","0","2017","1","",73,2573,2401,2411,75949669,27837112,388827,2373,"",1.43,3.41,3.17,3.17,3.43,3.24,2.89,1.06,"",-9,-11.0,41,1.6,-154,-6.0,-162,-6.3,-8009454,-9.5,4031817,16.9,16379,4.4,-156,-6.2
"13139","5","518210","78","0","2017","1","N",1,0,0,0,0,0,0,0,"N",0.11,0,0,0,0,0,0,0,"N",-2,-66.7,0,0,0,0,0,0,0,0,0,0,0,0,0,0
"13143","5","518210","78","0","2017","1","N",1,0,0,0,0,0,0,0,"N",1.03,0,0,0,0,0,0,0,"N",1,100.0,0,0,0,0,0,0,0,0,0,0,0,0,0,0
"13145","5","518210","78","0","2017","1","N",1,0,0,0,0,0,0,0,"N",1.08,0,0,0,0,0,0,0,"N",0,0.0,0,0,0,0,0,0,0,0,0,0,0,0,0,0
"13151","5","518210","78","0","2017","1","",7,53,54,55,738286,451056,8145,1052,"",0.89,0.42,0.43,0.44,0.29,0.42,0.51,0.68,"",-1,-12.5,5,10.4,5,10.2,5,10.0,81356,12.4,21119,4.9,1260,18.3,21,2.0
"13153","5","518210","78","0","2017","1","N",4,0,0,0,0,0,0,0,"N",0.72,0,0,0,0,0,0,0,"N",0,0.0,0,0,0,0,0,0,0,0,0,0,0,0,0,0
"13157","5","518210","78","0","2017","1","N",1,0,0,0,0,0,0,0,"N",0.35,0,0,0,0,0,0,0,"N",0,0.0,0,0,0,0,0,0,0,0,0,0,0,0,0,0
"13177","5","518210","78","0","2017","1","N",1,0,0,0,0,0,0,0,"N",1.05,0,0,0,0,0,0,0,"N",1,100.0,0,0,0,0,0,0,0,0,0,0,0,0,0,0
"13179","5","518210","78","0","2017","1","N",1,0,0,0,0,0,0,0,"N",0.54,0,0,0,0,0,0,0,"N",0,0.0,0,0,0,0,0,0,0,0,0,0,0,0,0,0
"13185","5","518210","78","0","2017","1","N",1,0,0,0,0,0,0,0,"N",0.17,0,0,0,0,0,0,0,"N",0,0.0,0,0,0,0,0,0,0,0,0,0,0,0,0,0
"13187","5","518210","78","0","2017","1","N",1,0,0,0,0,0,0,0,"N",0.91,0,0,0,0,0,0,0,"N",0,0.0,0,0,0,0,0,0,0,0,0,0,0,0,0,0
"13189","5","518210","78","0","2017","1","N",1,0,0,0,0,0,0,0,"N",1.11,0,0,0,0,0,0,0,"N",0,0.0,0,0,0,0,0,0,0,0,0,0,0,0,0,0
"13207","5","518210","78","0","2017","1","N",1,0,0,0,0,0,0,0,"N",0.95,0,0,0,0,0,0,0,"N",0,0.0,0,0,0,0,0,0,0,0,0,0,0,0,0,0
"13215","5","518210","78","0","2017","1","N",4,0,0,0,0,0,0,0,"N",0.42,0,0,0,0,0,0,0,"N",0,0.0,0,0,0,0,0,0,0,0,0,0,0,0,0,0
"13217","5","518210","78","0","2017","1","N",2,0,0,0,0,0,0,0,"N",0.62,0,0,0,0,0,0,0,"N",1,100.0,0,0,0,0,0,0,0,0,0,0,0,0,0,0
"13219","5","518210","78","0","2017","1","N",1,0,0,0,0,0,0,0,"N",0.45,0,0,0,0,0,0,0,"N",0,0.0,0,0,0,0,0,0,0,0,0,0,0,0,0,0
"13223","5","518210","78","0","2017","1","N",3,0,0,0,0,0,0,0,"N",0.72,0,0,0,0,0,0,0,"N",0,0.0,0,0,0,0,0,0,0,0,0,0,0,0,0,0
"13231","5","518210","78","0","2017","1","N",1,0,0,0,0,0,0,0,"N",1.93,0,0,0,0,0,0,0,"N",0,0.0,0,0,0,0,0,0,0,0,0,0,0,0,0,0
"13245","5","518210","78","0","2017","1","N",4,0,0,0,0,0,0,0,"N",0.44,0,0,0,0,0,0,0,"N",0,0.0,0,0,0,0,0,0,0,0,0,0,0,0,0,0
"13247","5","518210","78","0","2017","1","N",2,0,0,0,0,0,0,0,"N",0.49,0,0,0,0,0,0,0,"N",0,0.0,0,0,0,0,0,0,0,0,0,0,0,0,0,0
"13255","5","518210","78","0","2017","1","-",0,0,0,0,0,0,0,0,"N",0.00,0,0,0,0,0,0,0,"N",-1,-100.0,0,0,0,0,0,0,0,0,0,0,0,0,0,0
"13285","5","518210","78","0","2017","1","N",1,0,0,0,0,0,0,0,"N",0.32,0,0,0,0,0,0,0,"N",0,0.0,0,0,0,0,0,0,0,0,0,0,0,0,0,0
"13291","5","518210","78","0","2017","1","N",1,0,0,0,0,0,0,0,"N",0.84,0,0,0,0,0,0,0,"N",0,0.0,0,0,0,0,0,0,0,0,0,0,0,0,0,0
"13297","5","518210","78","0","2017","1","N",1,0,0,0,0,0,0,0,"N",0.28,0,0,0,0,0,0,0,"N",0,0.0,0,0,0,0,0,0,0,0,0,0,0,0,0,0
"13999","5","518210","78","0","2017","1","",162,1094,1257,1256,28139832,9828283,263111,1800,"",2.83,3.99,4.48,4.48,2.39,2.42,2.97,0.55,"",-10,-5.8,192,21.3,192,18.0,202,19.2,3487194,14.1,1171578,13.5,8117,3.2,-83,-4.4
"15000","3","518210","58","0","2017","1","N",1,0,0,0,0,0,0,0,"N",2.43,0,0,0,0,0,0,0,"N",0,0.0,0,0,0,0,0,0,0,0,0,0,0,0,0,0
"15000","5","518210","58","0","2017","1","",94,362,371,366,7038771,6484154,64934,1478,"",1.11,0.26,0.26,0.26,0.19,0.32,0.31,0.73,"",3,3.3,-7,-1.9,3,0.8,-5,-1.3,753897,12.0,513309,8.6,12933,24.9,169,12.9
"15001","5","518210","78","0","2017","1","",16,18,17,17,443355,271646,3978,1968,"",1.42,0.12,0.11,0.11,0.13,0.14,0.18,1.14,"",1,6.7,-3,-14.3,-6,-26.1,-8,-32.0,143633,47.9,-28076,-9.4,880,28.4,966,96.4
"15003","3","518210","78","0","2017","1","N",1,0,0,0,0,0,0,0,"N",3.83,0,0,0,0,0,0,0,"N",0,0.0,0,0,0,0,0,0,0,0,0,0,0,0,0,0
"15003","5","518210","78","0","2017","1","",68,328,336,335,6325751,5955152,57497,1461,"",1.27,0.32,0.32,0.32,0.22,0.40,0.38,0.69,"",8,13.3,-4,-1.2,12,3.7,9,2.8,567348,9.9,510778,9.4,12101,26.7,108,8.0
"15007","5","518210","78","0","2017","1","N",3,0,0,0,0,0,0,0,"N",0.54,0,0,0,0,0,0,0,"N",-3,-50.0,0,0,0,0,0,0,0,0,0,0,0,0,0,0
"15009","5","518210","78","0","2017","1","N",4,0,0,0,0,0,0,0,"N",0.31,0,0,0,0,0,0,0,"N",0,0.0,0,0,0,0,0,0,0,0,0,0,0,0,0,0
"15999","5","518210","78","0","2017","1","N",3,0,0,0,0,0,0,0,"N",2.35,0,0,0,0,0,0,0,"N",-3,-50.0,0,0,0,0,0,0,0,0,0,0,0,0,0,0
"16000","3","518210","58","0","2017","1","N",1,0,0,0,0,0,0,0,"N",1.64,0,0,0,0,0,0,0,"N",0,0.0,0,0,0,0,0,0,0,0,0,0,0,0,0,0
"16000","5","518210","58","0","2017","1","",195,547,547,558,10046376,8784235,100967,1403,"",1.55,0.37,0.37,0.37,0.32,0.46,0.49,0.85,"",19,10.8,26,5.0,14,2.6,24,4.5,289104,3.0,284507,3.3,619,0.6,-15,-1.1
"16001","5","518210","78","0","2017","1","",44,259,265,261,4724504,4326421,45606,1389,"",1.35,0.53,0.54,0.52,0.38,0.60,0.61,0.73,"",2,4.8,-5,-1.9,-4,-1.5,-12,-4.4,-504190,-9.6,-211376,-4.7,-2843,-5.9,-108,-7.2
"16003","5","518210","78","0","2017","1","N",1,0,0,0,0,0,0,0,"N",2.47,0,0,0,0,0,0,0,"N",0,0.0,0,0,0,0,0,0,0,0,0,0,0,0,0,0
"16005","5","518210","78","0","2017","1","N",3,0,0,0,0,0,0,0,"N",0.62,0,0,0,0,0,0,0,"N",1,50.0,0,0,0,0,0,0,0,0,0,0,0,0,0,0
"16007","5","518210","78","0","2017","1","N",2,0,0,0,0,0,0,0,"N",4.06,0,0,0,0,0,0,0,"N",1,100.0,0,0,0,0,0,0,0,0,0,0,0,0,0,0
"16009","5","518210","78","0","2017","1","N",1,0,0,0,0,0,0,0,"N",1.38,0,0,0,0,0,0,0,"N",0,0.0,0,0,0,0,0,0,0,0,0,0,0,0,0,0
"16011","5","518210","78","0","2017","1","N",1,0,0,0,0,0,0,0,"N",0.43,0,0,0,0,0,0,0,"N",0,0.0,0,0,0,0,0,0,0,0,0,0,0,0,0,0
"16013","5","518210","78","0","2017","1","",6,6,5,5,96348,92978,1256,1390,"",1.78,0.21,0.18,0.18,0.17,0.25,0.30,0.86,"",2,50.0,-1,-14.3,-2,-28.6,-1,-16.7,5962,6.6,2592,2.9,-439,-25.9,347,33.3
"16015","5","518210","78","0","2017","1","N",1,0,0,0,0,0,0,0,"N",2.40,0,0,0,0,0,0,0,"N",0,0.0,0,0,0,0,0,0,0,0,0,0,0,0,0,0
"16017","5","518210","78","0","2017","1","",3,3,3,4,95840,48925,591,2212,"",0.87,0.10,0.10,0.14,0.18,0.15,0.14,1.58,"N",2,200.0,0,0,0,0,0,0,0,0,0,0,0,0,0,0
"16019","5","518210","78","0","2017","1","",6,18,17,17,127152,125221,1128,564,"",0.75,0.17,0.16,0.16,0.06,0.09,0.08,0.37,"",-1,-14.3,1,5.9,-1,-5.6,1,6.2,32092,33.8,30161,31.7,269,31.3,134,31.2
"16021","5","518210","78","0","2017","1","N",1,0,0,0,0,0,0,0,"N",1.02,0,0,0,0,0,0,0,"N",1,100.0,0,0,0,0,0,0,0,0,0,0,0,0,0,0
"16027","5","518210","78","0","2017","1","N",2,0,0,0,0,0,0,0,"N",0.20,0,0,0,0,0,0,0,"N",0,0.0,0,0,0,0,0,0,0,0,0,0,0,0,0,0
"16029","5","518210","78","0","2017","1","N",1,0,0,0,0,0,0,0,"N",1.67,0,0,0,0,0,0,0,"N",1,100.0,0,0,0,0,0,0,0,0,0,0,0,0,0,0
"16031","5","518210","78","0","2017","1","N",2,0,0,0,0,0,0,0,"N",1.07,0,0,0,0,0,0,0,"N",-1,-33.3,0,0,0,0,0,0,0,0,0,0,0,0,0,0
"16035","5","518210","78","0","2017","1","N",1,0,0,0,0,0,0,0,"N",1.54,0,0,0,0,0,0,0,"N",0,0.0,0,0,0,0,0,0,0,0,0,0,0,0,0,0
"16039","5","518210","78","0","2017","1","N",1,0,0,0,0,0,0,0,"N",0.76,0,0,0,0,0,0,0,"N",1,100.0,0,0,0,0,0,0,0,0,0,0,0,0,0,0
"16047","5","518210","78","0","2017","1","N",1,0,0,0,0,0,0,0,"N",0.87,0,0,0,0,0,0,0,"N",0,0.0,0,0,0,0,0,0,0,0,0,0,0,0,0,0
"16053","3","518210","78","0","2017","1","N",1,0,0,0,0,0,0,0,"N",142.06,0,0,0,0,0,0,0,"N",0,0.0,0,0,0,0,0,0,0,0,0,0,0,0,0,0
"16053","5","518210","78","0","2017","1","N",1,0,0,0,0,0,0,0,"N",0.69,0,0,0,0,0,0,0,"N",0,0.0,0,0,0,0,0,0,0,0,0,0,0,0,0,0
"16055","5","518210","78","0","2017","1","",9,22,23,23,422797,391835,5837,1435,"",0.83,0.18,0.19,0.18,0.17,0.27,0.34,0.94,"",3,50.0,3,15.8,3,15.0,3,15.0,157847,59.6,142221,57.0,2493,74.6,399,38.5
"16057","5","518210","78","0","2017","1","N",2,0,0,0,0,0,0,0,"N",0.89,0,0,0,0,0,0,0,"N",0,0.0,0,0,0,0,0,0,0,0,0,0,0,0,0,0
"16065","5","518210","78","0","2017","1","N",2,0,0,0,0,0,0,0,"N",0.96,0,0,0,0,0,0,0,"N",0,0.0,0,0,0,0,0,0,0,0,0,0,0,0,0,0
"16069","5","518210","78","0","2017","1","N",1,0,0,0,0,0,0,0,"N",0.39,0,0,0,0,0,0,0,"N",0,0.0,0,0,0,0,0,0,0,0,0,0,0,0,0,0
"16071","5","518210","78","0","2017","1","N",1,0,0,0,0,0,0,0,"N",3.51,0,0,0,0,0,0,0,"N",0,0.0,0,0,0,0,0,0,0,0,0,0,0,0,0,0
"16083","5","518210","78","0","2017","1","N",3,0,0,0,0,0,0,0,"N",0.50,0,0,0,0,0,0,0,"N",1,50.0,0,0,0,0,0,0,0,0,0,0,0,0,0,0
"16999","5","518210","78","0","2017","1","",99,74,74,75,2301927,1782523,23149,2382,"",8.29,3.75,3.71,3.71,2.96,3.24,3.34,0.80,"",6,6.5,-6,-7.5,-5,-6.3,-3,-3.8,214131,10.3,-26203,-1.4,-1799,-7.2,349,17.2
"17000","5","518210","58","0","2017","1","",791,9764,9914,10018,324207943,116418046,3441628,2519,"",1.06,0.77,0.78,0.78,0.77,0.76,0.78,0.99,"",-78,-9.0,184,1.9,239,2.5,273,2.8,7258056,2.3,2866679,2.5,-215454,-5.9,-3,-0.1
"17001","5","518210","78","0","2017","1","N",1,0,0,0,0,0,0,0,"N",0.28,0,0,0,0,0,0,0,"N",0,0.0,0,0,0,0,0,0,0,0,0,0,0,0,0,0
"17019","5","518210","78","0","2017","1","",16,340,387,399,4251317,2838101,94977,871,"",1.92,1.79,2.00,2.05,0.90,1.81,2.34,0.46,"",4,33.3,16,4.9,41,11.8,50,14.3,-119662,-2.7,70264,2.5,4857,5.4,-119,-12.0
"17025","5","518210","78","0","2017","1","N",1,0,0,0,0,0,0,0,"N",1.29,0,0,0,0,0,0,0,"N",0,0.0,0,0,0,0,0,0,0,0,0,0,0,0,0,0
"17029","5","518210","78","0","2017","1","N",1,0,0,0,0,0,0,0,"N",0.44,0,0,0,0,0,0,0,"N",0,0.0,0,0,0,0,0,0,0,0,0,0,0,0,0,0
"17031","5","518210","78","0","2017","1","",233,5942,6010,6107,227991900,73524812,1836661,2913,"",0.82,1.08,1.09,1.10,1.09,1.06,0.93,1.00,"",-43,-15.6,175,3.0,151,2.6,189,3.2,14745875,6.9,2886213,4.1,-158110,-7.9,108,3.9
"17043","5","518210","78","0","2017","1","",75,1517,1507,1503,38589937,17676898,749469,1967,"",1.06,1.14,1.13,1.12,0.82,0.95,1.35,0.73,"",-4,-5.1,70,4.8,80,5.6,75,5.3,-6693407,-14.8,16910,0.1,25286,3.5,-462,-19.0
"17053","5","518210","78","0","2017","1","N",1,0,0,0,0,0,0,0,"N",1.35,0,0,0,0,0,0,0,"N",0,0.0,0,0,0,0,0,0,0,0,0,0,0,0,0,0
"17065","5","518210","78","0","2017","1","N",1,0,0,0,0,0,0,0,"N",2.25,0,0,0,0,0,0,0,"N",0,0.0,0,0,0,0,0,0,0,0,0,0,0,0,0,0
"17077","5","518210","78","0","2017","1","N",2,0,0,0,0,0,0,0,"N",0.79,0,0,0,0,0,0,0,"N",0,0.0,0,0,0,0,0,0,0,0,0,0,0,0,0,0
"17089","5","518210","78","0","2017","1","",13,35,40,39,1066515,472914,13758,2159,"",0.51,0.08,0.09,0.09,0.09,0.10,0.10,1.11,"",0,0.0,-1,-2.8,3,8.1,1,2.6,361946,51.4,75705,19.1,6978,102.9,694,47.4
"17093","5","518210","78","0","2017","1","N",1,0,0,0,0,0,0,0,"N",0.23,0,0,0,0,0,0,0,"N",1,100.0,0,0,0,0,0,0,0,0,0,0,0,0,0,0
"17095","5","518210","78","0","2017","1","N",1,0,0,0,0,0,0,0,"N",0.47,0,0,0,0,0,0,0,"N",0,0.0,0,0,0,0,0,0,0,0,0,0,0,0,0,0
"17097","5","518210","78","0","2017","1","N",32,0,0,0,0,0,0,0,"N",0.77,0,0,0,0,0,0,0,"N",-10,-23.8,0,0,0,0,0,0,0,0,0,0,0,0,0,0
"17107","5","518210","78","0","2017","1","-",0,0,0,0,0,0,0,0,"N",0.00,0,0,0,0,0,0,0,"N",0,0,0,0,0,0,0,0,0,0,0,0,0,0,0,0
"17111","5","518210","78","0","2017","1","N",5,0,0,0,0,0,0,0,"N",0.31,0,0,0,0,0,0,0,"N",-5,-50.0,0,0,0,0,0,0,0,0,0,0,0,0,0,0
"17113","5","518210","78","0","2017","1","N",5,0,0,0,0,0,0,0,"N",0.71,0,0,0,0,0,0,0,"N",1,25.0,0,0,0,0,0,0,0,0,0,0,0,0,0,0
"17115","5","518210","78","0","2017","1","N",1,0,0,0,0,0,0,0,"N",0.22,0,0,0,0,0,0,0,"N",0,0.0,0,0,0,0,0,0,0,0,0,0,0,0,0,0
"17117","5","518210","78","0","2017","1","-",0,0,0,0,0,0,0,0,"N",0.00,0,0,0,0,0,0,0,"N",0,0,0,0,0,0,0,0,0,0,0,0,0,0,0,0
"17119","5","518210","78","0","2017","1","N",3,0,0,0,0,0,0,0,"N",0.27,0,0,0,0,0,0,0,"N",-3,-50.0,0,0,0,0,0,0,0,0,0,0,0,0,0,0
"17121","5","518210","78","0","2017","1","N",1,0,0,0,0,0,0,0,"N",0.57,0,0,0,0,0,0,0,"N",0,0.0,0,0,0,0,0,0,0,0,0,0,0,0,0,0
"17133","5","518210","78","0","2017","1","N",2,0,0,0,0,0,0,0,"N",1.27,0,0,0,0,0,0,0,"N",0,0.0,0,0,0,0,0,0,0,0,0,0,0,0,0,0
"17135","5","518210","78","0","2017","1","N",1,0,0,0,0,0,0,0,"N",0.68,0,0,0,0,0,0,0,"N",0,0.0,0,0,0,0,0,0,0,0,0,0,0,0,0,0
"17143","5","518210","78","0","2017","1","N",2,0,0,0,0,0,0,0,"N",0.23,0,0,0,0,0,0,0,"N",0,0.0,0,0,0,0,0,0,0,0,0,0,0,0,0,0
"17149","5","518210","78","0","2017","1","N",1,0,0,0,0,0,0,0,"N",1.14,0,0,0,0,0,0,0,"N",0,0.0,0,0,0,0,0,0,0,0,0,0,0,0,0,0
"17161","5","518210","78","0","2017","1","N",3,0,0,0,0,0,0,0,"N",0.49,0,0,0,0,0,0,0,"N",0,0.0,0,0,0,0,0,0,0,0,0,0,0,0,0,0
"17163","5","518210","78","0","2017","1","N",4,0,0,0,0,0,0,0,"N",0.38,0,0,0,0,0,0,0,"N",-1,-20.0,0,0,0,0,0,0,0,0,0,0,0,0,0,0
"17167","5","518210","78","0","2017","1","",11,94,92,92,1227200,829414,33799,1019,"",1.11,0.34,0.33,0.33,0.16,0.43,0.64,0.47,"",2,22.2,11,13.3,18,24.3,11,13.6,134941,12.4,53404,6.9,-494,-1.4,-40,-3.8
"17179","5","518210","78","0","2017","1","N",1,0,0,0,0,0,0,0,"N",0.18,0,0,0,0,0,0,0,"N",0,0.0,0,0,0,0,0,0,0,0,0,0,0,0,0,0
"17183","5","518210","78","0","2017","1","N",1,0,0,0,0,0,0,0,"N",0.35,0,0,0,0,0,0,0,"N",0,0.0,0,0,0,0,0,0,0,0,0,0,0,0,0,0
"17191","5","518210","78","0","2017","1","N",1,0,0,0,0,0,0,0,"N",1.23,0,0,0,0,0,0,0,"N",1,100.0,0,0,0,0,0,0,0,0,0,0,0,0,0,0
"17197","5","518210","78","0","2017","1","",14,95,95,98,2373099,1183338,43547,1902,"",0.47,0.19,0.19,0.19,0.19,0.20,0.25,1.00,"",-5,-26.3,13,15.9,12,14.5,17,21.0,-89916,-3.7,184105,18.4,4758,12.3,-409,-17.7
"17201","5","518210","78","0","2017","1","N",2,0,0,0,0,0,0,0,"N",0.16,0,0,0,0,0,0,0,"N",0,0.0,0,0,0,0,0,0,0,0,0,0,0,0,0,0
"17999","5","518210","78","0","2017","1","",355,1060,1104,1099,37592056,14395237,499470,2659,"",4.18,3.92,4.03,4.03,2.80,2.79,3.00,0.70,"",-10,-2.7,4,0.4,35,3.3,10,0.9,423539,1.1,274841,1.9,-96548,-16.2,-10,-0.4
"18000","5","518210","58","0","2017","1","",299,2973,2951,2912,49960899,21704635,391216,1305,"",0.87,0.46,0.46,0.45,0.30,0.34,0.30,0.67,"",18,6.4,-26,-0.9,-57,-1.9,-26,-0.9,3272454,7.0,354931,1.7,-55525,-12.4,100,8.3
"18003","5","518210","78","0","2017","1","N",11,0,0,0,0,0,0,0,"N",0.60,0,0,0,0,0,0,0,"N",0,0.0,0,0,0,0,0,0,0,0,0,0,0,0,0,0
"18011","5","518210","78","0","2017","1","N",3,0,0,0,0,0,0,0,"N",0.84,0,0,0,0,0,0,0,"N",1,50.0,0,0,0,0,0,0,0,0,0,0,0,0,0,0
"18017","5","518210","78","0","2017","1","N",1,0,0,0,0,0,0,0,"N",0.67,0,0,0,0,0,0,0,"N",0,0.0,0,0,0,0,0,0,0,0,0,0,0,0,0,0
"18019","5","518210","78","0","2017","1","N",3,0,0,0,0,0,0,0,"N",0.57,0,0,0,0,0,0,0,"N",0,0.0,0,0,0,0,0,0,0,0,0,0,0,0,0,0
"18027","5","518210","78","0","2017","1","N",1,0,0,0,0,0,0,0,"N",0.53,0,0,0,0,0,0,0,"N",1,100.0,0,0,0,0,0,0,0,0,0,0,0,0,0,0
"18035","5","518210","78","0","2017","1","N",1,0,0,0,0,0,0,0,"N",0.22,0,0,0,0,0,0,0,"N",0,0.0,0,0,0,0,0,0,0,0,0,0,0,0,0,0
"18039","5","518210","78","0","2017","1","",8,10,10,11,213255,79984,1811,1588,"",0.82,0.04,0.04,0.04,0.03,0.02,0.02,0.77,"",3,60.0,1,11.1,1,11.1,1,10.0,16994,8.7,12722,18.9,1440,388.1,-30,-1.9
"18043","5","518210","78","0","2017","1","-",0,0,0,0,0,0,0,0,"N",0.00,0,0,0,0,0,0,0,"N",0,0,0,0,0,0,0,0,0,0,0,0,0,0,0,0
"18055","5","518210","78","0","2017","1","N",1,0,0,0,0,0,0,0,"N",0.83,0,0,0,0,0,0,0,"N",0,0.0,0,0,0,0,0,0,0,0,0,0,0,0,0,0
"18057","5","518210","78","0","2017","1","",31,208,204,198,3043406,1680739,41654,1151,"",1.61,0.70,0.69,0.66,0.34,0.49,0.67,0.50,"",-2,-6.1,18,9.5,15,7.9,2,1.0,232554,8.3,152526,10.0,-6001,-12.6,23,2.0
"18059","5","518210","78","0","2017","1","N",2,0,0,0,0,0,0,0,"N",0.63,0,0,0,0,0,0,0,"N",0,0.0,0,0,0,0,0,0,0,0,0,0,0,0,0,0
"18063","5","518210","78","0","2017","1","N",4,0,0,0,0,0,0,0,"N",0.60,0,0,0,0,0,0,0,"N",2,100.0,0,0,0,0,0,0,0,0,0,0,0,0,0,0
"18065","5","518210","78","0","2017","1","N",1,0,0,0,0,0,0,0,"N",0.59,0,0,0,0,0,0,0,"N",1,100.0,0,0,0,0,0,0,0,0,0,0,0,0,0,0
"18081","5","518210","78","0","2017","1","",4,44,45,45,1574274,420071,8051,2711,"",0.59,0.39,0.40,0.39,0.71,0.40,0.43,1.79,"",0,0.0,7,18.9,9,25.0,10,28.6,392269,33.2,84977,25.4,2454,43.8,185,7.3
"18083","5","518210","78","0","2017","1","N",1,0,0,0,0,0,0,0,"N",0.51,0,0,0,0,0,0,0,"N",0,0.0,0,0,0,0,0,0,0,0,0,0,0,0,0,0
"18085","5","518210","78","0","2017","1","N",1,0,0,0,0,0,0,0,"N",0.25,0,0,0,0,0,0,0,"N",1,100.0,0,0,0,0,0,0,0,0,0,0,0,0,0,0
"18089","5","518210","78","0","2017","1","",9,7,10,11,137785,79008,1065,1136,"",0.42,0.02,0.02,0.03,0.01,0.02,0.01,0.59,"",0,0.0,-2,-22.2,2,25.0,3,37.5,28021,25.5,18101,29.7,-102,-8.7,123,12.1
"18091","5","518210","78","0","2017","1","N",1,0,0,0,0,0,0,0,"N",0.21,0,0,0,0,0,0,0,"N",0,0.0,0,0,0,0,0,0,0,0,0,0,0,0,0,0
"18095","5","518210","78","0","2017","1","N",4,0,0,0,0,0,0,0,"N",0.88,0,0,0,0,0,0,0,"N",0,0.0,0,0,0,0,0,0,0,0,0,0,0,0,0,0
"18097","5","518210","78","0","2017","1","",47,1760,1740,1684,28207535,10746046,204037,1256,"",0.94,1.39,1.37,1.31,0.69,0.82,0.82,0.51,"",4,9.3,-132,-7.0,-158,-8.3,-127,-7.0,-75282,-0.3,-1052421,-8.9,-36704,-15.2,91,7.8
"18105","5","518210","78","0","2017","1","N",3,0,0,0,0,0,0,0,"N",0.48,0,0,0,0,0,0,0,"N",-1,-25.0,0,0,0,0,0,0,0,0,0,0,0,0,0,0
"18107","5","518210","78","0","2017","1","N",2,0,0,0,0,0,0,0,"N",1.13,0,0,0,0,0,0,0,"N",0,0.0,0,0,0,0,0,0,0,0,0,0,0,0,0,0
"18119","5","518210","78","0","2017","1","N",2,0,0,0,0,0,0,0,"N",3.21,0,0,0,0,0,0,0,"N",0,0.0,0,0,0,0,0,0,0,0,0,0,0,0,0,0
"18121","5","518210","78","0","2017","1","N",1,0,0,0,0,0,0,0,"N",1.57,0,0,0,0,0,0,0,"N",0,0.0,0,0,0,0,0,0,0,0,0,0,0,0,0,0
"18125","5","518210","78","0","2017","1","N",1,0,0,0,0,0,0,0,"N",2.45,0,0,0,0,0,0,0,"N",0,0.0,0,0,0,0,0,0,0,0,0,0,0,0,0,0
"18127","5","518210","78","0","2017","1","N",5,0,0,0,0,0,0,0,"N",0.66,0,0,0,0,0,0,0,"N",-1,-16.7,0,0,0,0,0,0,0,0,0,0,0,0,0,0
"18141","5","518210","78","0","2017","1","",8,238,236,232,4198121,1987657,19959,1372,"",0.67,0.90,0.89,0.87,0.69,0.88,0.42,0.78,"",-2,-20.0,-3,-1.2,-13,-5.2,-18,-7.2,48906,1.2,-12881,-0.6,-5034,-20.1,78,6.0
"18145","5","518210","78","0","2017","1","N",1,0,0,0,0,0,0,0,"N",0.52,0,0,0,0,0,0,0,"N",0,0.0,0,0,0,0,0,0,0,0,0,0,0,0,0,0
"18147","5","518210","78","0","2017","1","N",1,0,0,0,0,0,0,0,"N",1.06,0,0,0,0,0,0,0,"N",0,0.0,0,0,0,0,0,0,0,0,0,0,0,0,0,0
"18157","5","518210","78","0","2017","1","N",4,0,0,0,0,0,0,0,"N",0.56,0,0,0,0,0,0,0,"N",0,0.0,0,0,0,0,0,0,0,0,0,0,0,0,0,0
"18163","5","518210","78","0","2017","1","N",2,0,0,0,0,0,0,0,"N",0.20,0,0,0,0,0,0,0,"N",0,0.0,0,0,0,0,0,0,0,0,0,0,0,0,0,0
"18169","5","518210","78","0","2017","1","N",1,0,0,0,0,0,0,0,"N",0.64,0,0,0,0,0,0,0,"N",0,0.0,0,0,0,0,0,0,0,0,0,0,0,0,0,0
"18183","5","518210","78","0","2017","1","N",1,0,0,0,0,0,0,0,"N",0.67,0,0,0,0,0,0,0,"N",0,0.0,0,0,0,0,0,0,0,0,0,0,0,0,0,0
"18999","5","518210","78","0","2017","1","",133,287,287,297,6693368,2998037,50997,1773,"",3.50,1.83,1.81,1.84,1.20,1.33,0.95,0.66,"",11,9.0,53,22.6,62,27.6,71,31.4,2042885,43.9,816784,37.4,6067,13.5,206,13.1
"19000","3","518210","58","0","2017","1","N",1,0,0,0,0,0,0,0,"N",0.97,0,0,0,0,0,0,0,"N",0,0.0,0,0,0,0,0,0,0,0,0,0,0,0,0,0
"19000","5","518210","58","0","2017","1","",192,3318,3329,3379,52104416,44619502,980565,1199,"",0.91,1.01,1.01,1.02,0.64,0.95,1.45,0.63,"",11,6.1,-121,-3.5,-144,-4.1,-74,-2.1,3687672,7.6,1931959,4.5,54808,5.9,121,11.2
"19011","5","518210","78","0","2017","1","N",1,0,0,0,0,0,0,0,"N",0.72,0,0,0,0,0,0,0,"N",0,0.0,0,0,0,0,0,0,0,0,0,0,0,0,0,0
"19013","5","518210","78","0","2017","1","N",5,0,0,0,0,0,0,0,"N",0.63,0,0,0,0,0,0,0,"N",0,0.0,0,0,0,0,0,0,0,0,0,0,0,0,0,0
"19015","5","518210","78","0","2017","1","N",2,0,0,0,0,0,0,0,"N",1.35,0,0,0,0,0,0,0,"N",0,0.0,0,0,0,0,0,0,0,0,0,0,0,0,0,0
"19017","5","518210","78","0","2017","1","N",1,0,0,0,0,0,0,0,"N",0.66,0,0,0,0,0,0,0,"N",0,0.0,0,0,0,0,0,0,0,0,0,0,0,0,0,0
"19019","5","518210","78","0","2017","1","N",1,0,0,0,0,0,0,0,"N",0.78,0,0,0,0,0,0,0,"N",-1,-50.0,0,0,0,0,0,0,0,0,0,0,0,0,0,0
"19025","5","518210","78","0","2017","1","-",0,0,0,0,0,0,0,0,"N",0.00,0,0,0,0,0,0,0,"N",0,0,0,0,0,0,0,0,0,0,0,0,0,0,0,0
"19027","5","518210","78","0","2017","1","N",1,0,0,0,0,0,0,0,"N",0.49,0,0,0,0,0,0,0,"N",0,0.0,0,0,0,0,0,0,0,0,0,0,0,0,0,0
"19031","5","518210","78","0","2017","1","-",0,0,0,0,0,0,0,0,"N",0.00,0,0,0,0,0,0,0,"N",0,0,0,0,0,0,0,0,0,0,0,0,0,0,0,0
"19033","5","518210","78","0","2017","1","N",3,0,0,0,0,0,0,0,"N",0.86,0,0,0,0,0,0,0,"N",-1,-25.0,0,0,0,0,0,0,0,0,0,0,0,0,0,0
"19041","5","518210","78","0","2017","1","N",1,0,0,0,0,0,0,0,"N",0.67,0,0,0,0,0,0,0,"N",0,0.0,0,0,0,0,0,0,0,0,0,0,0,0,0,0
"19045","5","518210","78","0","2017","1","N",3,0,0,0,0,0,0,0,"N",1.02,0,0,0,0,0,0,0,"N",1,50.0,0,0,0,0,0,0,0,0,0,0,0,0,0,0
"19047","5","518210","78","0","2017","1","N",1,0,0,0,0,0,0,0,"N",0.97,0,0,0,0,0,0,0,"N",0,0.0,0,0,0,0,0,0,0,0,0,0,0,0,0,0
"19049","5","518210","78","0","2017","1","",7,20,19,18,506870,374638,10489,2052,"",1.38,0.21,0.20,0.19,0.17,0.21,0.46,0.85,"",1,16.7,-6,-23.1,-7,-26.9,-8,-30.8,-60763,-10.7,-151380,-28.8,-3379,-24.4,373,22.2
"19057","5","518210","78","0","2017","1","N",1,0,0,0,0,0,0,0,"N",0.36,0,0,0,0,0,0,0,"N",1,100.0,0,0,0,0,0,0,0,0,0,0,0,0,0,0
"19059","5","518210","78","0","2017","1","-",0,0,0,0,0,0,0,0,"N",0.00,0,0,0,0,0,0,0,"N",0,0,0,0,0,0,0,0,0,0,0,0,0,0,0,0
"19061","5","518210","78","0","2017","1","N",3,0,0,0,0,0,0,0,"N",0.44,0,0,0,0,0,0,0,"N",1,50.0,0,0,0,0,0,0,0,0,0,0,0,0,0,0
"19067","5","518210","78","0","2017","1","N",1,0,0,0,0,0,0,0,"N",0.94,0,0,0,0,0,0,0,"N",0,0.0,0,0,0,0,0,0,0,0,0,0,0,0,0,0
"19085","5","518210","78","0","2017","1","N",1,0,0,0,0,0,0,0,"N",1.09,0,0,0,0,0,0,0,"N",1,100.0,0,0,0,0,0,0,0,0,0,0,0,0,0,0
"19087","5","518210","78","0","2017","1","N",1,0,0,0,0,0,0,0,"N",0.76,0,0,0,0,0,0,0,"N",1,100.0,0,0,0,0,0,0,0,0,0,0,0,0,0,0
"19089","5","518210","78","0","2017","1","N",1,0,0,0,0,0,0,0,"N",1.40,0,0,0,0,0,0,0,"N",0,0.0,0,0,0,0,0,0,0,0,0,0,0,0,0,0
"19095","5","518210","78","0","2017","1","N",1,0,0,0,0,0,0,0,"N",0.68,0,0,0,0,0,0,0,"N",0,0.0,0,0,0,0,0,0,0,0,0,0,0,0,0,0
"19097","5","518210","78","0","2017","1","N",2,0,0,0,0,0,0,0,"N",1.42,0,0,0,0,0,0,0,"N",0,0.0,0,0,0,0,0,0,0,0,0,0,0,0,0,0
"19099","5","518210","78","0","2017","1","N",1,0,0,0,0,0,0,0,"N",0.52,0,0,0,0,0,0,0,"N",0,0.0,0,0,0,0,0,0,0,0,0,0,0,0,0,0
"19101","5","518210","78","0","2017","1","",5,9,9,9,108215,108215,625,925,"",3.03,0.55,0.55,0.54,0.33,0.54,0.16,0.59,"",0,0.0,2,28.6,1,12.5,1,12.5,1960,1.8,1960,1.8,0,0.0,-141,-13.2
"19103","5","518210","78","0","2017","1","",8,52,52,53,741121,684694,12583,1089,"",0.92,0.29,0.29,0.29,0.16,0.38,0.51,0.54,"N",1,14.3,0,0,0,0,0,0,0,0,0,0,0,0,0,0
"19109","5","518210","78","0","2017","1","N",2,0,0,0,0,0,0,0,"N",1.52,0,0,0,0,0,0,0,"N",0,0.0,0,0,0,0,0,0,0,0,0,0,0,0,0,0
"19113","3","518210","78","0","2017","1","N",1,0,0,0,0,0,0,0,"N",14.66,0,0,0,0,0,0,0,"N",0,0.0,0,0,0,0,0,0,0,0,0,0,0,0,0,0
"19113","5","518210","78","0","2017","1","",25,853,882,891,19894240,15508174,353146,1748,"",1.78,3.07,3.17,3.18,2.53,3.22,5.33,0.81,"",3,13.6,-12,-1.4,3,0.3,7,0.8,4122701,26.1,1937495,14.3,127918,56.8,363,26.2
"19123","5","518210","78","0","2017","1","N",1,0,0,0,0,0,0,0,"N",0.77,0,0,0,0,0,0,0,"N",0,0.0,0,0,0,0,0,0,0,0,0,0,0,0,0,0
"19125","5","518210","78","0","2017","1","N",1,0,0,0,0,0,0,0,"N",0.49,0,0,0,0,0,0,0,"N",1,100.0,0,0,0,0,0,0,0,0,0,0,0,0,0,0
"19127","5","518210","78","0","2017","1","N",1,0,0,0,0,0,0,0,"N",0.46,0,0,0,0,0,0,0,"N",0,0.0,0,0,0,0,0,0,0,0,0,0,0,0,0,0
"19129","5","518210","78","0","2017","1","N",1,0,0,0,0,0,0,0,"N",1.25,0,0,0,0,0,0,0,"N",0,0.0,0,0,0,0,0,0,0,0,0,0,0,0,0,0
"19131","5","518210","78","0","2017","1","N",1,0,0,0,0,0,0,0,"N",1.23,0,0,0,0,0,0,0,"N",0,0.0,0,0,0,0,0,0,0,0,0,0,0,0,0,0
"19139","5","518210","78","0","2017","1","N",1,0,0,0,0,0,0,0,"N",0.41,0,0,0,0,0,0,0,"N",1,100.0,0,0,0,0,0,0,0,0,0,0,0,0,0,0
"19145","5","518210","78","0","2017","1","N",1,0,0,0,0,0,0,0,"N",1.00,0,0,0,0,0,0,0,"N",0,0.0,0,0,0,0,0,0,0,0,0,0,0,0,0,0
"19151","5","518210","78","0","2017","1","-",0,0,0,0,0,0,0,0,"N",0.00,0,0,0,0,0,0,0,"N",0,0,0,0,0,0,0,0,0,0,0,0,0,0,0,0
"19153","5","518210","78","0","2017","1","",74,988,987,998,16653132,15138675,226837,1293,"",2.07,1.55,1.55,1.56,0.82,1.36,1.51,0.53,"",1,1.4,-148,-13.0,-162,-14.1,-140,-12.3,-1608195,-8.8,-1183191,-7.2,-126034,-35.7,62,5.0
"19155","5","518210","78","0","2017","1","",5,5,5,4,95093,70450,558,1567,"",0.94,0.06,0.06,0.05,0.05,0.07,0.04,0.96,"N",1,25.0,0,0,0,0,0,0,0,0,0,0,0,0,0,0
"19163","5","518210","78","0","2017","1","N",7,0,0,0,0,0,0,0,"N",0.61,0,0,0,0,0,0,0,"N",0,0.0,0,0,0,0,0,0,0,0,0,0,0,0,0,0
"19165","5","518210","78","0","2017","1","N",2,0,0,0,0,0,0,0,"N",2.17,0,0,0,0,0,0,0,"N",0,0.0,0,0,0,0,0,0,0,0,0,0,0,0,0,0
"19169","5","518210","78","0","2017","1","N",8,0,0,0,0,0,0,0,"N",1.50,0,0,0,0,0,0,0,"N",2,33.3,0,0,0,0,0,0,0,0,0,0,0,0,0,0
"19177","5","518210","78","0","2017","1","N",1,0,0,0,0,0,0,0,"N",2.24,0,0,0,0,0,0,0,"N",0,0.0,0,0,0,0,0,0,0,0,0,0,0,0,0,0
"19179","5","518210","78","0","2017","1","N",1,0,0,0,0,0,0,0,"N",0.54,0,0,0,0,0,0,0,"N",1,100.0,0,0,0,0,0,0,0,0,0,0,0,0,0,0
"19181","5","518210","78","0","2017","1","N",2,0,0,0,0,0,0,0,"N",0.93,0,0,0,0,0,0,0,"N",0,0.0,0,0,0,0,0,0,0,0,0,0,0,0,0,0
"19187","5","518210","78","0","2017","1","N",1,0,0,0,0,0,0,0,"N",0.39,0,0,0,0,0,0,0,"N",-1,-50.0,0,0,0,0,0,0,0,0,0,0,0,0,0,0
"19189","5","518210","78","0","2017","1","N",1,0,0,0,0,0,0,0,"N",1.21,0,0,0,0,0,0,0,"N",1,100.0,0,0,0,0,0,0,0,0,0,0,0,0,0,0
"19191","5","518210","78","0","2017","1","N",1,0,0,0,0,0,0,0,"N",0.66,0,0,0,0,0,0,0,"N",0,0.0,0,0,0,0,0,0,0,0,0,0,0,0,0,0
"19193","5","518210","78","0","2017","1","N",1,0,0,0,0,0,0,0,"N",0.15,0,0,0,0,0,0,0,"N",-1,-50.0,0,0,0,0,0,0,0,0,0,0,0,0,0,0
"19195","5","518210","78","0","2017","1","N",1,0,0,0,0,0,0,0,"N",2.01,0,0,0,0,0,0,0,"N",0,0.0,0,0,0,0,0,0,0,0,0,0,0,0,0,0
"19197","5","518210","78","0","2017","1","N",2,0,0,0,0,0,0,0,"N",1.87,0,0,0,0,0,0,0,"N",0,0.0,0,0,0,0,0,0,0,0,0,0,0,0,0,0
"20000","5","518210","58","0","2017","1","",139,1600,1602,1607,29024798,18261261,347840,1393,"",0.74,0.54,0.54,0.54,0.40,0.45,0.63,0.74,"",13,10.3,-91,-5.4,-17,-1.1,-47,-2.8,-3777291,-11.5,-380702,-2.0,97290,38.8,-132,-8.7
"20015","5","518210","78","0","2017","1","N",1,0,0,0,0,0,0,0,"N",0.34,0,0,0,0,0,0,0,"N",0,0.0,0,0,0,0,0,0,0,0,0,0,0,0,0,0
"20031","5","518210","78","0","2017","1","N",2,0,0,0,0,0,0,0,"N",3.42,0,0,0,0,0,0,0,"N",0,0.0,0,0,0,0,0,0,0,0,0,0,0,0,0,0
"20045","5","518210","78","0","2017","1","",8,136,132,139,1516623,1230483,29375,860,"",1.28,1.28,1.22,1.29,0.71,1.05,2.14,0.56,"",3,60.0,43,46.2,45,51.7,56,67.5,792688,109.5,686261,126.1,25320,624.4,225,35.4
"20049","5","518210","78","0","2017","1","N",1,0,0,0,0,0,0,0,"N",5.13,0,0,0,0,0,0,0,"N",0,0.0,0,0,0,0,0,0,0,0,0,0,0,0,0,0
"20059","5","518210","78","0","2017","1","N",1,0,0,0,0,0,0,0,"N",0.75,0,0,0,0,0,0,0,"N",1,100.0,0,0,0,0,0,0,0,0,0,0,0,0,0,0
"20069","5","518210","78","0","2017","1","N",1,0,0,0,0,0,0,0,"N",1.06,0,0,0,0,0,0,0,"N",0,0.0,0,0,0,0,0,0,0,0,0,0,0,0,0,0
"20071","5","518210","78","0","2017","1","N",1,0,0,0,0,0,0,0,"N",6.53,0,0,0,0,0,0,0,"N",0,0.0,0,0,0,0,0,0,0,0,0,0,0,0,0,0
"20079","5","518210","78","0","2017","1","N",2,0,0,0,0,0,0,0,"N",1.22,0,0,0,0,0,0,0,"N",0,0.0,0,0,0,0,0,0,0,0,0,0,0,0,0,0
"20089","5","518210","78","0","2017","1","-",0,0,0,0,0,0,0,0,"N",0.00,0,0,0,0,0,0,0,"N",0,0,0,0,0,0,0,0,0,0,0,0,0,0,0,0
"20091","5","518210","78","0","2017","1","",59,411,419,418,9871075,5378799,154872,1825,"",1.21,0.56,0.57,0.57,0.44,0.46,0.93,0.77,"",5,9.3,-13,-3.1,-9,-2.1,-20,-4.6,866416,9.6,-4301,-0.1,37991,32.5,214,13.3
"20103","5","518210","78","0","2017","1","N",2,0,0,0,0,0,0,0,"N",0.67,0,0,0,0,0,0,0,"N",1,100.0,0,0,0,0,0,0,0,0,0,0,0,0,0,0
"20111","5","518210","78","0","2017","1","N",1,0,0,0,0,0,0,0,"N",0.56,0,0,0,0,0,0,0,"N",0,0.0,0,0,0,0,0,0,0,0,0,0,0,0,0,0
"20113","5","518210","78","0","2017","1","N",1,0,0,0,0,0,0,0,"N",0.51,0,0,0,0,0,0,0,"N",0,0.0,0,0,0,0,0,0,0,0,0,0,0,0,0,0
"20133","5","518210","78","0","2017","1","N",2,0,0,0,0,0,0,0,"N",1.97,0,0,0,0,0,0,0,"N",1,100.0,0,0,0,0,0,0,0,0,0,0,0,0,0,0
"20143","5","518210","78","0","2017","1","N",1,0,0,0,0,0,0,0,"N",2.82,0,0,0,0,0,0,0,"N",0,0.0,0,0,0,0,0,0,0,0,0,0,0,0,0,0
"20151","5","518210","78","0","2017","1","-",0,0,0,0,0,0,0,0,"N",0.00,0,0,0,0,0,0,0,"N",0,0,0,0,0,0,0,0,0,0,0,0,0,0,0,0
"20155","5","518210","78","0","2017","1","N",4,0,0,0,0,0,0,0,"N",1.15,0,0,0,0,0,0,0,"N",0,0.0,0,0,0,0,0,0,0,0,0,0,0,0,0,0
"20161","5","518210","78","0","2017","1","N",2,0,0,0,0,0,0,0,"N",0.57,0,0,0,0,0,0,0,"N",-1,-33.3,0,0,0,0,0,0,0,0,0,0,0,0,0,0
"20167","5","518210","78","0","2017","1","N",1,0,0,0,0,0,0,0,"N",1.56,0,0,0,0,0,0,0,"N",1,100.0,0,0,0,0,0,0,0,0,0,0,0,0,0,0
"20169","5","518210","78","0","2017","1","N",1,0,0,0,0,0,0,0,"N",0.31,0,0,0,0,0,0,0,"N",0,0.0,0,0,0,0,0,0,0,0,0,0,0,0,0,0
"20173","5","518210","78","0","2017","1","",24,230,232,230,2653462,2144937,30716,885,"",0.91,0.43,0.43,0.43,0.19,0.28,0.23,0.44,"",2,9.1,12,5.5,36,18.4,12,5.5,369349,16.2,330193,18.2,5135,20.1,51,6.1
"20177","5","518210","78","0","2017","1","N",9,0,0,0,0,0,0,0,"N",0.84,0,0,0,0,0,0,0,"N",2,28.6,0,0,0,0,0,0,0,0,0,0,0,0,0,0
"20195","5","518210","78","0","2017","1","N",1,0,0,0,0,0,0,0,"N",3.56,0,0,0,0,0,0,0,"N",1,100.0,0,0,0,0,0,0,0,0,0,0,0,0,0,0
"20209","5","518210","78","0","2017","1","N",3,0,0,0,0,0,0,0,"N",0.41,0,0,0,0,0,0,0,"N",0,0.0,0,0,0,0,0,0,0,0,0,0,0,0,0,0
"20999","5","518210","78","0","2017","1","",11,71,72,71,1725568,985492,36245,1861,"",2.30,1.45,1.45,1.41,0.93,1.23,2.01,0.65,"",-1,-8.3,-77,-52.0,-35,-32.7,-33,-31.7,-562568,-24.6,-620452,-38.6,-10153,-21.9,390,26.5
"21000","3","518210","58","0","2017","1","N",1,0,0,0,0,0,0,0,"N",0.82,0,0,0,0,0,0,0,"N",0,0.0,0,0,0,0,0,0,0,0,0,0,0,0,0,0
"21000","5","518210","58","0","2017","1","",199,3637,3634,3654,60485967,32095676,1122420,1278,"",0.79,0.90,0.90,0.90,0.62,0.79,1.04,0.68,"",12,6.4,357,10.9,326,9.9,286,8.5,4498384,8.0,3556034,12.5,-22428,-2.0,-20,-1.5
"21005","5","518210","78","0","2017","1","N",3,0,0,0,0,0,0,0,"N",3.56,0,0,0,0,0,0,0,"N",1,50.0,0,0,0,0,0,0,0,0,0,0,0,0,0,0
"21009","5","518210","78","0","2017","1","N",1,0,0,0,0,0,0,0,"N",0.46,0,0,0,0,0,0,0,"N",1,100.0,0,0,0,0,0,0,0,0,0,0,0,0,0,0
"21015","5","518210","78","0","2017","1","N",8,0,0,0,0,0,0,0,"N",0.89,0,0,0,0,0,0,0,"N",1,14.3,0,0,0,0,0,0,0,0,0,0,0,0,0,0
"21017","5","518210","78","0","2017","1","N",1,0,0,0,0,0,0,0,"N",0.91,0,0,0,0,0,0,0,"N",1,100.0,0,0,0,0,0,0,0,0,0,0,0,0,0,0
"21019","5","518210","78","0","2017","1","N",1,0,0,0,0,0,0,0,"N",0.30,0,0,0,0,0,0,0,"N",0,0.0,0,0,0,0,0,0,0,0,0,0,0,0,0,0
"21029","5","518210","78","0","2017","1","-",0,0,0,0,0,0,0,0,"N",0.00,0,0,0,0,0,0,0,"N",0,0,0,0,0,0,0,0,0,0,0,0,0,0,0,0
"21035","5","518210","78","0","2017","1","N",2,0,0,0,0,0,0,0,"N",0.96,0,0,0,0,0,0,0,"N",1,100.0,0,0,0,0,0,0,0,0,0,0,0,0,0,0
"21037","5","518210","78","0","2017","1","",4,7,8,8,149661,80614,2952,1502,"",0.88,0.11,0.12,0.12,0.10,0.14,0.22,0.81,"N",0,0.0,0,0,0,0,0,0,0,0,0,0,0,0,0,0
"21045","5","518210","78","0","2017","1","N",1,0,0,0,0,0,0,0,"N",1.72,0,0,0,0,0,0,0,"N",0,0.0,0,0,0,0,0,0,0,0,0,0,0,0,0,0
"21047","5","518210","78","0","2017","1","N",4,0,0,0,0,0,0,0,"N",1.17,0,0,0,0,0,0,0,"N",0,0.0,0,0,0,0,0,0,0,0,0,0,0,0,0,0
"21049","5","518210","78","0","2017","1","N",1,0,0,0,0,0,0,0,"N",0.58,0,0,0,0,0,0,0,"N",0,0.0,0,0,0,0,0,0,0,0,0,0,0,0,0,0
"21055","5","518210","78","0","2017","1","N",1,0,0,0,0,0,0,0,"N",2.77,0,0,0,0,0,0,0,"N",0,0.0,0,0,0,0,0,0,0,0,0,0,0,0,0,0
"21059","5","518210","78","0","2017","1","N",2,0,0,0,0,0,0,0,"N",0.32,0,0,0,0,0,0,0,"N",0,0.0,0,0,0,0,0,0,0,0,0,0,0,0,0,0
"21067","5","518210","78","0","2017","1","",31,468,495,496,10709363,4480065,105762,1694,"",1.38,1.10,1.18,1.18,1.02,1.13,1.11,0.89,"",1,3.3,65,16.1,94,23.4,101,25.6,2073747,24.0,717631,19.1,1049,1.0,32,1.9
"21071","5","518210","78","0","2017","1","N",1,0,0,0,0,0,0,0,"N",0.47,0,0,0,0,0,0,0,"N",0,0.0,0,0,0,0,0,0,0,0,0,0,0,0,0,0
"21073","3","518210","78","0","2017","1","N",1,0,0,0,0,0,0,0,"N",53.35,0,0,0,0,0,0,0,"N",0,0.0,0,0,0,0,0,0,0,0,0,0,0,0,0,0
"21073","5","518210","78","0","2017","1","N",5,0,0,0,0,0,0,0,"N",1.30,0,0,0,0,0,0,0,"N",1,25.0,0,0,0,0,0,0,0,0,0,0,0,0,0,0
"21083","5","518210","78","0","2017","1","N",1,0,0,0,0,0,0,0,"N",0.56,0,0,0,0,0,0,0,"N",0,0.0,0,0,0,0,0,0,0,0,0,0,0,0,0,0
"21093","5","518210","78","0","2017","1","",11,126,125,126,2468076,1398625,82069,1511,"",1.79,1.22,1.21,1.22,1.08,1.53,3.79,0.89,"",1,10.0,-4,-3.1,-9,-6.7,-8,-6.0,-262830,-9.6,-150393,-9.7,-22352,-21.4,-72,-4.5
"21101","5","518210","78","0","2017","1","N",1,0,0,0,0,0,0,0,"N",0.41,0,0,0,0,0,0,0,"N",0,0.0,0,0,0,0,0,0,0,0,0,0,0,0,0,0
"21111","5","518210","78","0","2017","1","",51,1093,1094,1083,24929606,10599661,287818,1759,"",0.98,1.09,1.09,1.08,0.82,0.94,0.92,0.76,"",1,2.0,-98,-8.2,-98,-8.2,-100,-8.5,-786296,-3.1,-787932,-6.9,-117177,-28.9,95,5.7
"21113","5","518210","78","0","2017","1","N",2,0,0,0,0,0,0,0,"N",0.74,0,0,0,0,0,0,0,"N",0,0.0,0,0,0,0,0,0,0,0,0,0,0,0,0,0
"21115","5","518210","78","0","2017","1","N",1,0,0,0,0,0,0,0,"N",0.93,0,0,0,0,0,0,0,"N",0,0.0,0,0,0,0,0,0,0,0,0,0,0,0,0,0
"21117","5","518210","78","0","2017","1","N",4,0,0,0,0,0,0,0,"N",0.47,0,0,0,0,0,0,0,"N",-1,-20.0,0,0,0,0,0,0,0,0,0,0,0,0,0,0
"21125","5","518210","78","0","2017","1","N",3,0,0,0,0,0,0,0,"N",0.97,0,0,0,0,0,0,0,"N",-1,-25.0,0,0,0,0,0,0,0,0,0,0,0,0,0,0
"21129","5","518210","78","0","2017","1","N",1,0,0,0,0,0,0,0,"N",3.00,0,0,0,0,0,0,0,"N",0,0.0,0,0,0,0,0,0,0,0,0,0,0,0,0,0
"21133","5","518210","78","0","2017","1","N",1,0,0,0,0,0,0,0,"N",1.11,0,0,0,0,0,0,0,"N",0,0.0,0,0,0,0,0,0,0,0,0,0,0,0,0,0
"21141","5","518210","78","0","2017","1","N",1,0,0,0,0,0,0,0,"N",0.80,0,0,0,0,0,0,0,"N",1,100.0,0,0,0,0,0,0,0,0,0,0,0,0,0,0
"21143","5","518210","78","0","2017","1","N",1,0,0,0,0,0,0,0,"N",2.21,0,0,0,0,0,0,0,"N",0,0.0,0,0,0,0,0,0,0,0,0,0,0,0,0,0
"21145","5","518210","78","0","2017","1","N",1,0,0,0,0,0,0,0,"N",0.20,0,0,0,0,0,0,0,"N",-2,-66.7,0,0,0,0,0,0,0,0,0,0,0,0,0,0
"21151","5","518210","78","0","2017","1","N",6,0,0,0,0,0,0,0,"N",1.46,0,0,0,0,0,0,0,"N",3,100.0,0,0,0,0,0,0,0,0,0,0,0,0,0,0
"21163","5","518210","78","0","2017","1","N",1,0,0,0,0,0,0,0,"N",1.18,0,0,0,0,0,0,0,"N",0,0.0,0,0,0,0,0,0,0,0,0,0,0,0,0,0
"21177","5","518210","78","0","2017","1","N",1,0,0,0,0,0,0,0,"N",0.77,0,0,0,0,0,0,0,"N",1,100.0,0,0,0,0,0,0,0,0,0,0,0,0,0,0
"21179","5","518210","78","0","2017","1","N",1,0,0,0,0,0,0,0,"N",0.41,0,0,0,0,0,0,0,"N",0,0.0,0,0,0,0,0,0,0,0,0,0,0,0,0,0
"21185","5","518210","78","0","2017","1","N",3,0,0,0,0,0,0,0,"N",0.93,0,0,0,0,0,0,0,"N",1,50.0,0,0,0,0,0,0,0,0,0,0,0,0,0,0
"21195","5","518210","78","0","2017","1","N",1,0,0,0,0,0,0,0,"N",0.31,0,0,0,0,0,0,0,"N",0,0.0,0,0,0,0,0,0,0,0,0,0,0,0,0,0
"21203","5","518210","78","0","2017","1","",4,416,407,424,4306472,4207633,265078,797,"",7.92,51.81,51.12,52.11,30.80,54.89,119.43,0.60,"N",1,33.3,0,0,0,0,0,0,0,0,0,0,0,0,0,0
"21205","5","518210","78","0","2017","1","N",1,0,0,0,0,0,0,0,"N",0.83,0,0,0,0,0,0,0,"N",0,0.0,0,0,0,0,0,0,0,0,0,0,0,0,0,0
"21209","5","518210","78","0","2017","1","N",3,0,0,0,0,0,0,0,"N",1.19,0,0,0,0,0,0,0,"N",1,50.0,0,0,0,0,0,0,0,0,0,0,0,0,0,0
"21211","5","518210","78","0","2017","1","N",1,0,0,0,0,0,0,0,"N",0.42,0,0,0,0,0,0,0,"N",-2,-66.7,0,0,0,0,0,0,0,0,0,0,0,0,0,0
"21227","5","518210","78","0","2017","1","",4,12,12,12,124678,88209,3823,799,"",0.51,0.09,0.09,0.09,0.04,0.06,0.10,0.46,"",-2,-33.3,-9,-42.9,-9,-42.9,-9,-42.9,-183650,-59.6,-98799,-52.8,-4294,-52.9,-330,-29.2
"21231","5","518210","78","0","2017","1","N",1,0,0,0,0,0,0,0,"N",1.37,0,0,0,0,0,0,0,"N",0,0.0,0,0,0,0,0,0,0,0,0,0,0,0,0,0
"21235","5","518210","78","0","2017","1","N",4,0,0,0,0,0,0,0,"N",2.30,0,0,0,0,0,0,0,"N",0,0.0,0,0,0,0,0,0,0,0,0,0,0,0,0,0
"21239","5","518210","78","0","2017","1","N",1,0,0,0,0,0,0,0,"N",0.63,0,0,0,0,0,0,0,"N",0,0.0,0,0,0,0,0,0,0,0,0,0,0,0,0,0
"21999","5","518210","78","0","2017","1","",22,222,219,218,4716267,2579950,100543,1652,"",1.82,3.88,3.78,3.69,2.21,2.83,3.39,0.58,"",3,15.8,7,3.3,-11,-4.8,-11,-4.8,-578151,-10.9,243035,10.4,-13719,-12.0,-161,-8.9
"22000","5","518210","58","0","2017","1","",248,2032,2046,2074,34459173,15420022,252675,1293,"",0.92,0.49,0.49,0.50,0.33,0.43,0.45,0.67,"",38,18.1,262,14.8,273,15.4,300,16.9,6551262,23.5,2303554,17.6,127940,102.6,82,6.8
"22001","5","518210","78","0","2017","1","N",1,0,0,0,0,0,0,0,"N",0.38,0,0,0,0,0,0,0,"N",0,0.0,0,0,0,0,0,0,0,0,0,0,0,0,0,0
"22005","5","518210","78","0","2017","1","",5,13,14,13,208163,95777,2085,1201,"",0.85,0.13,0.14,0.13,0.07,0.09,0.11,0.51,"",1,25.0,5,62.5,8,133.3,5,62.5,112056,116.6,34117,55.3,801,62.4,193,19.1
"22011","5","518210","78","0","2017","1","N",1,0,0,0,0,0,0,0,"N",0.67,0,0,0,0,0,0,0,"N",0,0.0,0,0,0,0,0,0,0,0,0,0,0,0,0,0
"22015","5","518210","78","0","2017","1","",9,85,86,84,1428958,618874,11664,1293,"",1.51,0.91,0.92,0.89,0.76,0.87,1.03,0.83,"",0,0.0,-6,-6.6,-4,-4.4,-7,-7.7,-9368,-0.7,-44435,-6.7,3633,45.2,73,6.0
"22017","5","518210","78","0","2017","1","",12,196,193,197,3028435,1426642,26028,1193,"",0.80,0.79,0.78,0.80,0.55,0.73,0.87,0.69,"",2,20.0,107,120.2,104,116.9,109,123.9,2293580,312.1,875249,158.7,17747,214.3,555,87.0
"22019","5","518210","78","0","2017","1","N",6,0,0,0,0,0,0,0,"N",0.55,0,0,0,0,0,0,0,"N",0,0.0,0,0,0,0,0,0,0,0,0,0,0,0,0,0
"22033","5","518210","78","0","2017","1","",48,692,697,701,13945783,5098708,90891,1540,"",1.50,1.21,1.20,1.20,0.87,1.00,1.05,0.72,"",3,6.7,52,8.1,54,8.4,56,8.7,1502618,12.1,342867,7.2,56660,165.5,51,3.4
"22037","5","518210","78","0","2017","1","N",1,0,0,0,0,0,0,0,"N",1.43,0,0,0,0,0,0,0,"N",0,0.0,0,0,0,0,0,0,0,0,0,0,0,0,0,0
"22039","5","518210","78","0","2017","1","N",1,0,0,0,0,0,0,0,"N",0.78,0,0,0,0,0,0,0,"N",0,0.0,0,0,0,0,0,0,0,0,0,0,0,0,0,0
"22051","5","518210","78","0","2017","1","",31,170,172,188,1985265,1203768,18496,864,"",1.08,0.41,0.41,0.45,0.19,0.32,0.32,0.44,"",6,24.0,41,31.8,43,33.3,62,49.2,382138,23.8,283695,30.8,5972,47.7,-99,-10.3
"22055","5","518210","78","0","2017","1","N",14,0,0,0,0,0,0,0,"N",0.71,0,0,0,0,0,0,0,"N",5,55.6,0,0,0,0,0,0,0,0,0,0,0,0,0,0
"22057","5","518210","78","0","2017","1","N",2,0,0,0,0,0,0,0,"N",0.47,0,0,0,0,0,0,0,"N",0,0.0,0,0,0,0,0,0,0,0,0,0,0,0,0,0
"22061","5","518210","78","0","2017","1","N",1,0,0,0,0,0,0,0,"N",0.39,0,0,0,0,0,0,0,"N",1,100.0,0,0,0,0,0,0,0,0,0,0,0,0,0,0
"22063","5","518210","78","0","2017","1","N",3,0,0,0,0,0,0,0,"N",0.66,0,0,0,0,0,0,0,"N",0,0.0,0,0,0,0,0,0,0,0,0,0,0,0,0,0
"22067","5","518210","78","0","2017","1","N",1,0,0,0,0,0,0,0,"N",0.90,0,0,0,0,0,0,0,"N",1,100.0,0,0,0,0,0,0,0,0,0,0,0,0,0,0
"22071","5","518210","78","0","2017","1","",47,201,209,206,4917596,2084606,37337,1842,"",1.82,0.48,0.49,0.49,0.42,0.60,0.69,0.85,"",8,20.5,45,28.8,54,34.8,51,32.9,1091348,28.5,473083,29.4,19177,105.6,-53,-2.8
"22073","5","518210","78","0","2017","1","N",8,0,0,0,0,0,0,0,"N",0.81,0,0,0,0,0,0,0,"N",2,33.3,0,0,0,0,0,0,0,0,0,0,0,0,0,0
"22079","5","518210","78","0","2017","1","N",3,0,0,0,0,0,0,0,"N",0.40,0,0,0,0,0,0,0,"N",0,0.0,0,0,0,0,0,0,0,0,0,0,0,0,0,0
"22087","5","518210","78","0","2017","1","N",1,0,0,0,0,0,0,0,"N",0.61,0,0,0,0,0,0,0,"N",0,0.0,0,0,0,0,0,0,0,0,0,0,0,0,0,0
"22095","5","518210","78","0","2017","1","N",1,0,0,0,0,0,0,0,"N",0.52,0,0,0,0,0,0,0,"N",1,100.0,0,0,0,0,0,0,0,0,0,0,0,0,0,0
"22097","5","518210","78","0","2017","1","N",1,0,0,0,0,0,0,0,"N",0.26,0,0,0,0,0,0,0,"N",0,0.0,0,0,0,0,0,0,0,0,0,0,0,0,0,0
"22101","5","518210","78","0","2017","1","N",1,0,0,0,0,0,0,0,"N",0.32,0,0,0,0,0,0,0,"N",0,0.0,0,0,0,0,0,0,0,0,0,0,0,0,0,0
"22103","5","518210","78","0","2017","1","",23,71,71,77,895431,499750,10391,944,"",1.34,0.37,0.37,0.40,0.19,0.31,0.46,0.51,"",8,53.3,0,0.0,-3,-4.1,3,4.1,217249,32.0,88760,21.6,2481,31.4,229,32.0
"22105","5","518210","78","0","2017","1","N",4,0,0,0,0,0,0,0,"N",0.67,0,0,0,0,0,0,0,"N",-1,-20.0,0,0,0,0,0,0,0,0,0,0,0,0,0,0
"22109","5","518210","78","0","2017","1","",4,9,9,9,98388,68702,979,841,"",0.59,0.08,0.08,0.08,0.04,0.07,0.07,0.43,"",1,33.3,0,0.0,0,0.0,0,0.0,14617,17.4,8376,13.9,212,27.6,125,17.5
"22115","5","518210","78","0","2017","1","N",1,0,0,0,0,0,0,0,"N",0.52,0,0,0,0,0,0,0,"N",0,0.0,0,0,0,0,0,0,0,0,0,0,0,0,0,0
"22117","5","518210","78","0","2017","1","N",1,0,0,0,0,0,0,0,"N",0.61,0,0,0,0,0,0,0,"N",0,0.0,0,0,0,0,0,0,0,0,0,0,0,0,0,0
"22125","5","518210","78","0","2017","1","-",0,0,0,0,0,0,0,0,"N",0.00,0,0,0,0,0,0,0,"N",0,0,0,0,0,0,0,0,0,0,0,0,0,0,0,0
"22999","5","518210","78","0","2017","1","",17,77,77,69,1615592,622990,8465,1672,"",2.95,1.40,1.34,1.24,0.85,0.89,0.65,0.64,"",0,0.0,20,35.1,18,30.5,13,23.2,344116,27.1,109775,21.4,1402,19.8,-34,-2.0
"23000","5","518210","58","0","2017","1","",66,580,572,591,10761519,6616090,105612,1425,"",0.59,0.45,0.45,0.46,0.35,0.53,0.49,0.78,"",8,13.8,61,11.8,56,10.9,83,16.3,2586295,31.6,1067936,19.2,-3404,-3.1,202,16.5
"23001","5","518210","78","0","2017","1","N",3,0,0,0,0,0,0,0,"N",0.45,0,0,0,0,0,0,0,"N",-2,-40.0,0,0,0,0,0,0,0,0,0,0,0,0,0,0
"23003","5","518210","78","0","2017","1","N",1,0,0,0,0,0,0,0,"N",0.18,0,0,0,0,0,0,0,"N",0,0.0,0,0,0,0,0,0,0,0,0,0,0,0,0,0
"23005","5","518210","78","0","2017","1","",22,222,221,219,4125705,2540508,34788,1438,"",0.75,0.57,0.58,0.57,0.38,0.58,0.48,0.67,"",2,10.0,43,24.0,43,24.2,44,25.1,1139669,38.2,573682,29.2,3895,12.6,143,11.0
"23009","5","518210","78","0","2017","1","N",1,0,0,0,0,0,0,0,"N",0.18,0,0,0,0,0,0,0,"N",0,0.0,0,0,0,0,0,0,0,0,0,0,0,0,0,0
"23011","5","518210","78","0","2017","1","N",6,0,0,0,0,0,0,0,"N",0.72,0,0,0,0,0,0,0,"N",0,0.0,0,0,0,0,0,0,0,0,0,0,0,0,0,0
"23013","5","518210","78","0","2017","1","N",1,0,0,0,0,0,0,0,"N",0.23,0,0,0,0,0,0,0,"N",0,0.0,0,0,0,0,0,0,0,0,0,0,0,0,0,0
"23017","5","518210","78","0","2017","1","N",3,0,0,0,0,0,0,0,"N",0.89,0,0,0,0,0,0,0,"N",1,50.0,0,0,0,0,0,0,0,0,0,0,0,0,0,0
"23019","5","518210","78","0","2017","1","N",2,0,0,0,0,0,0,0,"N",0.20,0,0,0,0,0,0,0,"N",1,100.0,0,0,0,0,0,0,0,0,0,0,0,0,0,0
"23021","5","518210","78","0","2017","1","N",1,0,0,0,0,0,0,0,"N",0.85,0,0,0,0,0,0,0,"N",1,100.0,0,0,0,0,0,0,0,0,0,0,0,0,0,0
"23023","5","518210","78","0","2017","1","N",2,0,0,0,0,0,0,0,"N",0.83,0,0,0,0,0,0,0,"N",0,0.0,0,0,0,0,0,0,0,0,0,0,0,0,0,0
"23027","5","518210","78","0","2017","1","N",1,0,0,0,0,0,0,0,"N",0.38,0,0,0,0,0,0,0,"N",-1,-50.0,0,0,0,0,0,0,0,0,0,0,0,0,0,0
"23031","5","518210","78","0","2017","1","N",12,0,0,0,0,0,0,0,"N",0.83,0,0,0,0,0,0,0,"N",4,50.0,0,0,0,0,0,0,0,0,0,0,0,0,0,0
"23999","5","518210","78","0","2017","1","",11,18,15,16,382195,203047,4140,1800,"",1.56,0.84,0.70,0.74,0.44,0.54,0.59,0.58,"",2,22.2,1,5.9,-1,-6.2,-2,-11.1,61855,19.3,14235,7.5,-254,-5.8,350,24.1
"24000","3","518210","58","0","2017","1","N",1,0,0,0,0,0,0,0,"N",0.57,0,0,0,0,0,0,0,"N",0,0.0,0,0,0,0,0,0,0,0,0,0,0,0,0,0
"24000","5","518210","58","0","2017","1","",333,3655,3650,3621,94132862,28991732,999221,1988,"",0.92,0.64,0.64,0.63,0.51,0.57,0.82,0.80,"",3,0.9,-308,-7.8,-399,-9.9,-449,-11.0,-114837,-0.1,-2851995,-9.0,-301541,-23.2,188,10.4
"24003","5","518210","78","0","2017","1","",28,176,181,182,5123485,1291230,27070,2194,"",0.87,0.30,0.31,0.31,0.28,0.23,0.21,0.92,"",2,7.7,9,5.4,14,8.4,5,2.8,243080,5.0,82944,6.9,3891,16.8,-10,-0.5
"24005","5","518210","78","0","2017","1","",34,335,298,271,6296498,2495042,98064,1607,"",0.75,0.42,0.37,0.33,0.26,0.34,0.55,0.70,"",-2,-5.6,-100,-23.0,-147,-33.0,-168,-38.3,152771,2.5,-1064315,-29.9,-101892,-51.0,532,49.5
"24009","5","518210","78","0","2017","1","",6,28,28,24,259600,179160,584,749,"",1.53,0.52,0.50,0.44,0.15,0.36,0.05,0.31,"",0,0.0,-4,-12.5,-4,-12.5,-4,-14.3,-25201,-8.8,-28722,-13.8,-40,-6.4,35,4.9
"24011","5","518210","78","0","2017","1","N",1,0,0,0,0,0,0,0,"N",0.71,0,0,0,0,0,0,0,"N",1,100.0,0,0,0,0,0,0,0,0,0,0,0,0,0,0
"24013","5","518210","78","0","2017","1","N",6,0,0,0,0,0,0,0,"N",0.63,0,0,0,0,0,0,0,"N",3,100.0,0,0,0,0,0,0,0,0,0,0,0,0,0,0
"24015","5","518210","78","0","2017","1","N",3,0,0,0,0,0,0,0,"N",0.73,0,0,0,0,0,0,0,"N",1,50.0,0,0,0,0,0,0,0,0,0,0,0,0,0,0
"24017","5","518210","78","0","2017","1","N",2,0,0,0,0,0,0,0,"N",0.33,0,0,0,0,0,0,0,"N",0,0.0,0,0,0,0,0,0,0,0,0,0,0,0,0,0
"24019","5","518210","78","0","2017","1","N",1,0,0,0,0,0,0,0,"N",0.66,0,0,0,0,0,0,0,"N",0,0.0,0,0,0,0,0,0,0,0,0,0,0,0,0,0
"24021","5","518210","78","0","2017","1","",8,18,17,18,726594,138107,5604,3164,"",0.60,0.08,0.08,0.08,0.12,0.07,0.12,1.51,"",0,0.0,-3,-14.3,-3,-15.0,-2,-10.0,183191,33.7,4698,3.5,-756,-11.9,1108,53.9
"24023","5","518210","78","0","2017","1","N",2,0,0,0,0,0,0,0,"N",1.05,0,0,0,0,0,0,0,"N",0,0.0,0,0,0,0,0,0,0,0,0,0,0,0,0,0
"24025","5","518210","78","0","2017","1","N",4,0,0,0,0,0,0,0,"N",0.33,0,0,0,0,0,0,0,"N",-1,-20.0,0,0,0,0,0,0,0,0,0,0,0,0,0,0
"24027","5","518210","78","0","2017","1","N",15,0,0,0,0,0,0,0,"N",0.71,0,0,0,0,0,0,0,"N",-2,-11.8,0,0,0,0,0,0,0,0,0,0,0,0,0,0
"24029","5","518210","78","0","2017","1","N",1,0,0,0,0,0,0,0,"N",0.65,0,0,0,0,0,0,0,"N",1,100.0,0,0,0,0,0,0,0,0,0,0,0,0,0,0
"24031","5","518210","78","0","2017","1","",48,697,693,716,20329088,4995168,108992,2228,"",0.69,0.68,0.68,0.70,0.48,0.52,0.54,0.70,"",-3,-5.9,-1,-0.1,-27,-3.8,-21,-2.8,1150533,6.0,-236049,-4.5,-47497,-30.4,174,8.5
"24033","5","518210","78","0","2017","1","",21,975,976,969,24879770,8150093,461474,1966,"",0.63,1.44,1.42,1.41,1.21,1.38,3.11,0.85,"",1,5.0,-129,-11.7,-128,-11.6,-130,-11.8,-3492901,-12.3,-1102484,-11.9,-93813,-16.9,-14,-0.7
"24035","5","518210","78","0","2017","1","N",1,0,0,0,0,0,0,0,"N",0.33,0,0,0,0,0,0,0,"N",0,0.0,0,0,0,0,0,0,0,0,0,0,0,0,0,0
"24041","5","518210","78","0","2017","1","N",1,0,0,0,0,0,0,0,"N",0.31,0,0,0,0,0,0,0,"N",0,0.0,0,0,0,0,0,0,0,0,0,0,0,0,0,0
"24043","5","518210","78","0","2017","1","N",3,0,0,0,0,0,0,0,"N",0.41,0,0,0,0,0,0,0,"N",0,0.0,0,0,0,0,0,0,0,0,0,0,0,0,0,0
"24045","5","518210","78","0","2017","1","N",2,0,0,0,0,0,0,0,"N",0.37,0,0,0,0,0,0,0,"N",1,100.0,0,0,0,0,0,0,0,0,0,0,0,0,0,0
"24047","5","518210","78","0","2017","1","",3,5,5,5,71443,38200,311,1099,"",0.65,0.12,0.11,0.11,0.09,0.11,0.03,0.78,"",-1,-25.0,-5,-50.0,-5,-50.0,-5,-50.0,-54615,-43.3,-40360,-51.4,-2671,-89.6,129,13.3
"24510","3","518210","78","0","2017","1","N",1,0,0,0,0,0,0,0,"N",7.16,0,0,0,0,0,0,0,"N",0,0.0,0,0,0,0,0,0,0,0,0,0,0,0,0,0
"24510","5","518210","78","0","2017","1","",21,205,199,198,4350092,1702303,44650,1668,"",0.73,0.28,0.27,0.27,0.17,0.33,0.35,0.63,"",0,0.0,-43,-17.3,-44,-18.1,-49,-19.8,177276,4.2,-288614,-14.5,-22080,-33.1,363,27.8
"24999","5","518210","78","0","2017","1","",122,283,287,283,8660159,2468989,53640,2343,"",2.84,1.98,1.98,1.96,1.19,1.15,0.92,0.60,"",2,1.7,-19,-6.3,-22,-7.1,-27,-8.7,-833062,-8.8,-95536,-3.7,-1201,-2.2,-36,-1.5
"25000","3","518210","58","0","2017","1","N",2,0,0,0,0,0,0,0,"N",0.78,0,0,0,0,0,0,0,"N",0,0.0,0,0,0,0,0,0,0,0,0,0,0,0,0,0
"25000","5","518210","58","0","2017","1","",493,8660,8706,8729,352236359,118931914,4228106,3115,"",0.94,1.15,1.15,1.15,1.18,1.12,1.35,1.03,"",51,11.5,99,1.2,141,1.6,188,2.2,5617462,1.6,1129066,1.0,92277,2.2,-1,0.0
"25001","3","518210","78","0","2017","1","N",1,0,0,0,0,0,0,0,"N",10.46,0,0,0,0,0,0,0,"N",0,0.0,0,0,0,0,0,0,0,0,0,0,0,0,0,0
"25001","5","518210","78","0","2017","1","",5,168,172,175,3029039,2064141,72546,1357,"",0.25,0.90,0.93,0.93,0.65,0.95,1.20,0.70,"",0,0.0,8,5.0,11,6.8,13,8.0,559334,22.6,293492,16.6,16982,30.6,177,15.0
"25003","5","518210","78","0","2017","1","N",3,0,0,0,0,0,0,0,"N",0.28,0,0,0,0,0,0,0,"N",0,0.0,0,0,0,0,0,0,0,0,0,0,0,0,0,0
"25005","5","518210","78","0","2017","1","",8,60,59,56,1824682,838328,34845,2406,"",0.22,0.12,0.12,0.12,0.14,0.14,0.19,1.17,"",0,0.0,10,20.0,7,13.5,2,3.7,-64504,-3.4,47150,6.0,-2352,-6.3,-389,-13.9
"25009","3","518210","78","0","2017","1","N",1,0,0,0,0,0,0,0,"N",3.91,0,0,0,0,0,0,0,"N",0,0.0,0,0,0,0,0,0,0,0,0,0,0,0,0,0
"25009","5","518210","78","0","2017","1","",26,254,259,263,5329534,3242356,123338,1585,"",0.49,0.37,0.37,0.38,0.24,0.35,0.46,0.65,"",1,4.0,-222,-46.6,-224,-46.4,-215,-45.0,-7084258,-57.1,-3355002,-50.9,-81133,-39.7,-409,-20.5
"25011","5","518210","78","0","2017","1","N",3,0,0,0,0,0,0,0,"N",0.59,0,0,0,0,0,0,0,"N",1,50.0,0,0,0,0,0,0,0,0,0,0,0,0,0,0
"25013","5","518210","78","0","2017","1","",6,40,41,42,453529,346134,8799,851,"",0.16,0.09,0.09,0.09,0.04,0.07,0.06,0.42,"",-1,-14.3,-11,-21.6,-8,-16.3,-12,-22.2,-334093,-42.4,-121521,-26.0,-1939,-18.1,-329,-27.9
"25015","5","518210","78","0","2017","1","N",2,0,0,0,0,0,0,0,"N",0.20,0,0,0,0,0,0,0,"N",1,100.0,0,0,0,0,0,0,0,0,0,0,0,0,0,0
"25017","5","518210","78","0","2017","1","",152,4905,4944,4943,219872580,71469058,2614888,3430,"",1.33,2.54,2.56,2.55,2.40,2.34,2.82,0.94,"",11,7.8,384,8.5,418,9.2,416,9.2,6370746,3.0,5743803,8.7,243950,10.3,-200,-5.5
"25021","5","518210","78","0","2017","1","",39,847,842,837,26118824,6621759,242710,2386,"",0.74,1.12,1.12,1.11,0.99,0.60,0.72,0.89,"",1,2.6,-138,-14.0,-147,-14.9,-149,-15.1,-1234137,-4.5,-2392859,-26.5,-59231,-19.6,253,11.9
"25023","5","518210","78","0","2017","1","",20,514,520,524,14578795,7338576,181409,2159,"",0.61,1.26,1.29,1.28,1.35,1.41,1.17,1.06,"",1,5.3,255,98.5,261,100.8,265,102.3,7652121,110.5,3909240,114.0,72024,65.8,102,5.0
"25025","5","518210","78","0","2017","1","",78,1102,1111,1121,47097348,16135782,570004,3260,"",1.28,0.77,0.77,0.77,0.58,0.77,0.98,0.76,"",9,13.0,127,13.0,132,13.5,163,17.0,3228698,7.4,1832367,12.8,63462,12.5,-216,-6.2
"25027","5","518210","78","0","2017","1","",27,470,461,456,23235736,6749089,241557,3866,"",0.52,0.63,0.62,0.61,1.05,0.69,0.88,1.68,"",9,50.0,-159,-25.3,-167,-26.6,-165,-26.6,1832134,8.6,-2406603,-26.3,-46765,-16.2,1236,47.0
"25999","5","518210","78","0","2017","1","",124,287,282,292,10206960,3890860,132950,2736,"",3.70,2.71,2.59,2.69,1.62,1.62,1.50,0.61,"",18,17.0,-144,-33.4,-130,-31.6,-123,-29.6,-5327739,-34.3,-2361655,-37.8,-112520,-45.8,-114,-4.0
"26000","5","518210","58","0","2017","1","",1032,6209,6349,6388,132104699,53781790,1637410,1609,"",2.04,0.68,0.69,0.69,0.50,0.60,0.52,0.73,"",156,17.8,-23,-0.4,71,1.1,79,1.3,7589747,6.1,1109480,2.1,-71622,-4.2,82,5.4
"26005","5","518210","78","0","2017","1","N",2,0,0,0,0,0,0,0,"N",0.44,0,0,0,0,0,0,0,"N",1,100.0,0,0,0,0,0,0,0,0,0,0,0,0,0,0
"26017","5","518210","78","0","2017","1","N",3,0,0,0,0,0,0,0,"N",0.68,0,0,0,0,0,0,0,"N",1,50.0,0,0,0,0,0,0,0,0,0,0,0,0,0,0
"26019","5","518210","78","0","2017","1","N",1,0,0,0,0,0,0,0,"N",1.10,0,0,0,0,0,0,0,"N",1,100.0,0,0,0,0,0,0,0,0,0,0,0,0,0,0
"26021","5","518210","78","0","2017","1","N",3,0,0,0,0,0,0,0,"N",0.42,0,0,0,0,0,0,0,"N",2,200.0,0,0,0,0,0,0,0,0,0,0,0,0,0,0
"26023","5","518210","78","0","2017","1","N",1,0,0,0,0,0,0,0,"N",0.61,0,0,0,0,0,0,0,"N",-1,-50.0,0,0,0,0,0,0,0,0,0,0,0,0,0,0
"26025","5","518210","78","0","2017","1","N",1,0,0,0,0,0,0,0,"N",0.21,0,0,0,0,0,0,0,"N",0,0.0,0,0,0,0,0,0,0,0,0,0,0,0,0,0
"26027","5","518210","78","0","2017","1","-",0,0,0,0,0,0,0,0,"N",0.00,0,0,0,0,0,0,0,"N",0,0,0,0,0,0,0,0,0,0,0,0,0,0,0,0
"26031","5","518210","78","0","2017","1","N",3,0,0,0,0,0,0,0,"N",1.86,0,0,0,0,0,0,0,"N",0,0.0,0,0,0,0,0,0,0,0,0,0,0,0,0,0
"26037","5","518210","78","0","2017","1","N",2,0,0,0,0,0,0,0,"N",0.80,0,0,0,0,0,0,0,"N",-1,-33.3,0,0,0,0,0,0,0,0,0,0,0,0,0,0
"26043","5","518210","78","0","2017","1","N",2,0,0,0,0,0,0,0,"N",1.13,0,0,0,0,0,0,0,"N",0,0.0,0,0,0,0,0,0,0,0,0,0,0,0,0,0
"26045","5","518210","78","0","2017","1","N",4,0,0,0,0,0,0,0,"N",1.03,0,0,0,0,0,0,0,"N",0,0.0,0,0,0,0,0,0,0,0,0,0,0,0,0,0
"26047","5","518210","78","0","2017","1","N",2,0,0,0,0,0,0,0,"N",0.69,0,0,0,0,0,0,0,"N",1,100.0,0,0,0,0,0,0,0,0,0,0,0,0,0,0
"26049","5","518210","78","0","2017","1","",13,93,98,92,751991,464789,8940,613,"",0.91,0.33,0.34,0.32,0.11,0.19,0.11,0.33,"",1,8.3,20,27.4,28,40.0,24,35.3,38489,5.4,69391,17.5,269,3.1,-167,-21.4
"26055","5","518210","78","0","2017","1","",8,79,81,81,1153699,619118,16188,1105,"",1.18,0.75,0.76,0.76,0.47,0.66,0.53,0.62,"",3,60.0,11,16.2,10,14.1,13,19.1,-228880,-16.6,89934,17.0,5112,46.2,-436,-28.3
"26061","5","518210","78","0","2017","1","N",2,0,0,0,0,0,0,0,"N",1.13,0,0,0,0,0,0,0,"N",0,0.0,0,0,0,0,0,0,0,0,0,0,0,0,0,0
"26065","5","518210","78","0","2017","1","",10,97,103,101,2116489,860215,31270,1623,"",0.80,0.30,0.31,0.31,0.24,0.37,0.44,0.78,"",2,25.0,25,34.7,24,30.4,20,24.7,632932,42.7,224236,35.3,10002,47.0,147,10.0
"26067","5","518210","78","0","2017","1","N",2,0,0,0,0,0,0,0,"N",1.02,0,0,0,0,0,0,0,"N",1,100.0,0,0,0,0,0,0,0,0,0,0,0,0,0,0
"26073","5","518210","78","0","2017","1","N",2,0,0,0,0,0,0,0,"N",0.73,0,0,0,0,0,0,0,"N",0,0.0,0,0,0,0,0,0,0,0,0,0,0,0,0,0
"26075","5","518210","78","0","2017","1","",4,23,23,25,281226,173852,5694,914,"",0.72,0.19,0.19,0.20,0.09,0.16,0.15,0.47,"",1,33.3,15,187.5,15,187.5,11,78.6,225026,400.4,119052,217.2,3582,169.6,482,111.6
"26077","5","518210","78","0","2017","1","N",5,0,0,0,0,0,0,0,"N",0.48,0,0,0,0,0,0,0,"N",1,25.0,0,0,0,0,0,0,0,0,0,0,0,0,0,0
"26079","5","518210","78","0","2017","1","N",1,0,0,0,0,0,0,0,"N",1.51,0,0,0,0,0,0,0,"N",0,0.0,0,0,0,0,0,0,0,0,0,0,0,0,0,0
"26081","5","518210","78","0","2017","1","",39,493,495,500,9326361,4073400,91653,1446,"",1.30,0.58,0.58,0.58,0.42,0.48,0.36,0.73,"",9,30.0,74,17.7,73,17.3,76,17.9,2487292,36.4,741835,22.3,11122,13.8,198,15.9
"26087","5","518210","78","0","2017","1","N",1,0,0,0,0,0,0,0,"N",0.32,0,0,0,0,0,0,0,"N",1,100.0,0,0,0,0,0,0,0,0,0,0,0,0,0,0
"26089","5","518210","78","0","2017","1","N",1,0,0,0,0,0,0,0,"N",0.71,0,0,0,0,0,0,0,"N",0,0.0,0,0,0,0,0,0,0,0,0,0,0,0,0,0
"26091","5","518210","78","0","2017","1","N",2,0,0,0,0,0,0,0,"N",0.55,0,0,0,0,0,0,0,"N",0,0.0,0,0,0,0,0,0,0,0,0,0,0,0,0,0
"26093","5","518210","78","0","2017","1","",8,164,170,174,1553478,1105028,52582,706,"",0.79,1.27,1.32,1.34,0.53,0.86,1.22,0.41,"",0,0.0,59,56.2,61,56.0,64,58.2,667323,75.3,480415,76.9,25805,96.4,75,11.9
"26099","5","518210","78","0","2017","1","",23,165,159,164,3791033,1390495,35800,1793,"",0.63,0.24,0.23,0.23,0.18,0.19,0.12,0.76,"N",2,9.5,0,0,0,0,0,0,0,0,0,0,0,0,0,0
"26101","5","518210","78","0","2017","1","-",0,0,0,0,0,0,0,0,"N",0.00,0,0,0,0,0,0,0,"N",0,0,0,0,0,0,0,0,0,0,0,0,0,0,0,0
"26109","5","518210","78","0","2017","1","N",1,0,0,0,0,0,0,0,"N",1.02,0,0,0,0,0,0,0,"N",0,0.0,0,0,0,0,0,0,0,0,0,0,0,0,0,0
"26111","5","518210","78","0","2017","1","N",4,0,0,0,0,0,0,0,"N",0.64,0,0,0,0,0,0,0,"N",0,0.0,0,0,0,0,0,0,0,0,0,0,0,0,0,0
"26115","5","518210","78","0","2017","1","N",3,0,0,0,0,0,0,0,"N",0.66,0,0,0,0,0,0,0,"N",0,0.0,0,0,0,0,0,0,0,0,0,0,0,0,0,0
"26121","5","518210","78","0","2017","1","N",2,0,0,0,0,0,0,0,"N",0.33,0,0,0,0,0,0,0,"N",0,0.0,0,0,0,0,0,0,0,0,0,0,0,0,0,0
"26123","5","518210","78","0","2017","1","N",1,0,0,0,0,0,0,0,"N",0.61,0,0,0,0,0,0,0,"N",0,0.0,0,0,0,0,0,0,0,0,0,0,0,0,0,0
"26125","5","518210","78","0","2017","1","",143,1638,1690,1707,38220431,14714020,449696,1752,"",1.74,1.05,1.09,1.09,0.72,0.82,0.69,0.67,"",27,23.3,-475,-22.5,-436,-20.5,-434,-20.3,-3492418,-8.4,-3149667,-17.6,-190906,-29.8,243,16.1
"26133","5","518210","78","0","2017","1","N",1,0,0,0,0,0,0,0,"N",1.11,0,0,0,0,0,0,0,"N",0,0.0,0,0,0,0,0,0,0,0,0,0,0,0,0,0
"26137","5","518210","78","0","2017","1","N",1,0,0,0,0,0,0,0,"N",0.67,0,0,0,0,0,0,0,"N",1,100.0,0,0,0,0,0,0,0,0,0,0,0,0,0,0
"26139","5","518210","78","0","2017","1","",10,43,43,40,453045,274046,13123,830,"",0.85,0.16,0.16,0.15,0.07,0.10,0.15,0.44,"",3,42.9,16,59.3,15,53.6,14,53.8,191681,73.3,73602,36.7,5292,67.6,85,11.4
"26143","5","518210","78","0","2017","1","N",1,0,0,0,0,0,0,0,"N",0.92,0,0,0,0,0,0,0,"N",1,100.0,0,0,0,0,0,0,0,0,0,0,0,0,0,0
"26145","5","518210","78","0","2017","1","N",2,0,0,0,0,0,0,0,"N",0.24,0,0,0,0,0,0,0,"N",0,0.0,0,0,0,0,0,0,0,0,0,0,0,0,0,0
"26147","5","518210","78","0","2017","1","N",1,0,0,0,0,0,0,0,"N",0.17,0,0,0,0,0,0,0,"N",0,0.0,0,0,0,0,0,0,0,0,0,0,0,0,0,0
"26149","5","518210","78","0","2017","1","N",1,0,0,0,0,0,0,0,"N",0.11,0,0,0,0,0,0,0,"N",0,0.0,0,0,0,0,0,0,0,0,0,0,0,0,0,0
"26155","5","518210","78","0","2017","1","-",0,0,0,0,0,0,0,0,"N",0.00,0,0,0,0,0,0,0,"N",-1,-100.0,0,0,0,0,0,0,0,0,0,0,0,0,0,0
"26157","5","518210","78","0","2017","1","N",1,0,0,0,0,0,0,0,"N",0.58,0,0,0,0,0,0,0,"N",0,0.0,0,0,0,0,0,0,0,0,0,0,0,0,0,0
"26159","5","518210","78","0","2017","1","-",0,0,0,0,0,0,0,0,"N",0.00,0,0,0,0,0,0,0,"N",0,0,0,0,0,0,0,0,0,0,0,0,0,0,0,0
"26161","5","518210","78","0","2017","1","",47,954,971,976,24134629,8584531,271524,1920,"",2.77,2.13,2.13,2.13,1.74,2.83,2.95,0.82,"",7,17.5,-3,-0.3,23,2.4,22,2.3,-1016427,-4.0,-74260,-0.9,-8033,-2.9,-110,-5.4
"26163","5","518210","78","0","2017","1","",47,758,762,764,13590838,6013164,199150,1373,"",0.74,0.49,0.49,0.49,0.26,0.37,0.33,0.53,"",7,17.5,-116,-13.3,-119,-13.5,-121,-13.7,-506096,-3.6,-548535,-8.4,-35234,-15.0,141,11.4
"26999","5","518210","78","0","2017","1","",621,1060,1116,1130,27716224,9998156,278793,1935,"",10.72,4.30,4.45,4.43,2.84,2.87,2.39,0.65,"",89,16.7,230,27.7,265,31.1,286,33.9,6615956,31.4,2047226,25.7,45362,19.4,7,0.4
"27000","3","518210","58","0","2017","1","",7,1012,1013,1023,18066829,0,0,1368,"",4.20,18.63,18.83,18.98,18.96,0.00,0.00,1.01,"",0,0.0,87,9.4,81,8.7,83,8.8,1997686,12.4,0,0.0,0,0.0,42,3.2
"27000","5","518210","58","0","2017","1","",447,6889,6944,6915,176913991,126741282,1128308,1968,"",1.30,1.13,1.14,1.13,0.91,1.29,1.02,0.81,"",34,8.2,27,0.4,145,2.1,115,1.7,13470180,8.2,13039753,11.5,9316,0.8,125,6.8
"27003","5","518210","78","0","2017","1","",6,10,12,12,145184,143979,726,985,"",0.41,0.04,0.05,0.05,0.02,0.03,0.02,0.49,"N",2,50.0,0,0,0,0,0,0,0,0,0,0,0,0,0,0
"27007","5","518210","78","0","2017","1","-",0,0,0,0,0,0,0,0,"N",0.00,0,0,0,0,0,0,0,"N",0,0,0,0,0,0,0,0,0,0,0,0,0,0,0,0
"27013","3","518210","78","0","2017","1","N",2,0,0,0,0,0,0,0,"N",99.51,0,0,0,0,0,0,0,"N",0,0.0,0,0,0,0,0,0,0,0,0,0,0,0,0,0
"27013","5","518210","78","0","2017","1","N",1,0,0,0,0,0,0,0,"N",0.24,0,0,0,0,0,0,0,"N",0,0.0,0,0,0,0,0,0,0,0,0,0,0,0,0,0
"27019","5","518210","78","0","2017","1","",4,25,25,27,461844,445289,8342,1384,"",0.82,0.30,0.30,0.33,0.20,0.32,0.64,0.64,"",0,0.0,-3,-10.7,-5,-16.7,-2,-6.9,68776,17.5,76100,20.6,5707,216.6,341,32.7
"27025","5","518210","78","0","2017","1","N",3,0,0,0,0,0,0,0,"N",1.32,0,0,0,0,0,0,0,"N",1,50.0,0,0,0,0,0,0,0,0,0,0,0,0,0,0
"27027","3","518210","78","0","2017","1","N",1,0,0,0,0,0,0,0,"N",74.48,0,0,0,0,0,0,0,"N",0,0.0,0,0,0,0,0,0,0,0,0,0,0,0,0,0
"27027","5","518210","78","0","2017","1","N",1,0,0,0,0,0,0,0,"N",0.36,0,0,0,0,0,0,0,"N",0,0.0,0,0,0,0,0,0,0,0,0,0,0,0,0,0
"27037","5","518210","78","0","2017","1","",23,314,311,313,5585400,4898497,51799,1374,"",1.13,0.78,0.77,0.77,0.47,0.69,0.59,0.61,"",1,4.5,6,1.9,11,3.7,18,6.1,-195427,-3.4,627215,14.7,-2583,-4.7,-103,-7.0
"27047","5","518210","78","0","2017","1","-",0,0,0,0,0,0,0,0,"N",0.00,0,0,0,0,0,0,0,"N",-1,-100.0,0,0,0,0,0,0,0,0,0,0,0,0,0,0
"27053","3","518210","78","0","2017","1","N",2,0,0,0,0,0,0,0,"N",5.24,0,0,0,0,0,0,0,"N",0,0.0,0,0,0,0,0,0,0,0,0,0,0,0,0,0
"27053","5","518210","78","0","2017","1","",101,4098,4153,4122,117149330,82320595,634156,2185,"",1.29,2.08,2.10,2.08,1.46,2.04,1.52,0.70,"",8,8.6,184,4.7,312,8.1,271,7.0,11483809,10.9,10940649,15.3,76529,13.7,84,4.0
"27055","5","518210","78","0","2017","1","N",2,0,0,0,0,0,0,0,"N",2.21,0,0,0,0,0,0,0,"N",1,100.0,0,0,0,0,0,0,0,0,0,0,0,0,0,0
"27061","5","518210","78","0","2017","1","N",2,0,0,0,0,0,0,0,"N",0.82,0,0,0,0,0,0,0,"N",0,0.0,0,0,0,0,0,0,0,0,0,0,0,0,0,0
"27067","5","518210","78","0","2017","1","N",2,0,0,0,0,0,0,0,"N",0.71,0,0,0,0,0,0,0,"N",0,0.0,0,0,0,0,0,0,0,0,0,0,0,0,0,0
"27099","5","518210","78","0","2017","1","N",1,0,0,0,0,0,0,0,"N",0.58,0,0,0,0,0,0,0,"N",0,0.0,0,0,0,0,0,0,0,0,0,0,0,0,0,0
"27109","5","518210","78","0","2017","1","N",1,0,0,0,0,0,0,0,"N",0.14,0,0,0,0,0,0,0,"N",-2,-66.7,0,0,0,0,0,0,0,0,0,0,0,0,0,0
"27111","5","518210","78","0","2017","1","N",2,0,0,0,0,0,0,0,"N",0.56,0,0,0,0,0,0,0,"N",0,0.0,0,0,0,0,0,0,0,0,0,0,0,0,0,0
"27115","5","518210","78","0","2017","1","N",1,0,0,0,0,0,0,0,"N",0.78,0,0,0,0,0,0,0,"N",0,0.0,0,0,0,0,0,0,0,0,0,0,0,0,0,0
"27123","3","518210","78","0","2017","1","N",1,0,0,0,0,0,0,0,"N",7.58,0,0,0,0,0,0,0,"N",0,0.0,0,0,0,0,0,0,0,0,0,0,0,0,0,0
"27123","5","518210","78","0","2017","1","",21,1596,1607,1600,28507177,20588086,253130,1370,"",0.77,2.25,2.25,2.23,1.06,1.78,2.06,0.47,"",2,10.5,10,0.6,-4,-0.2,-27,-1.7,56957,0.2,1257669,6.5,3543,1.4,9,0.7
"27131","5","518210","78","0","2017","1","N",1,0,0,0,0,0,0,0,"N",0.31,0,0,0,0,0,0,0,"N",0,0.0,0,0,0,0,0,0,0,0,0,0,0,0,0,0
"27137","3","518210","78","0","2017","1","N",1,0,0,0,0,0,0,0,"N",18.93,0,0,0,0,0,0,0,"N",0,0.0,0,0,0,0,0,0,0,0,0,0,0,0,0,0
"27137","5","518210","78","0","2017","1","N",5,0,0,0,0,0,0,0,"N",0.46,0,0,0,0,0,0,0,"N",0,0.0,0,0,0,0,0,0,0,0,0,0,0,0,0,0
"27139","5","518210","78","0","2017","1","",4,14,13,13,162449,162449,162,937,"",0.63,0.13,0.12,0.12,0.06,0.10,0.01,0.48,"N",0,0.0,0,0,0,0,0,0,0,0,0,0,0,0,0,0
"27145","5","518210","78","0","2017","1","",5,47,45,48,1185269,890551,9039,1954,"",0.56,0.25,0.24,0.26,0.25,0.39,0.35,1.01,"N",0,0.0,0,0,0,0,0,0,0,0,0,0,0,0,0,0
"27163","5","518210","78","0","2017","1","N",5,0,0,0,0,0,0,0,"N",0.45,0,0,0,0,0,0,0,"N",0,0.0,0,0,0,0,0,0,0,0,0,0,0,0,0,0
"27999","5","518210","78","0","2017","1","",256,557,543,549,20500324,14309325,144586,2869,"",5.95,4.26,4.11,4.18,2.96,3.44,2.71,0.71,"",23,9.9,-57,-9.3,-60,-10.0,-39,-6.6,2801053,15.8,1152421,8.8,-47433,-24.7,606,26.8
"28000","5","518210","58","0","2017","1","",95,851,856,900,11453864,7057069,40169,1014,"",0.63,0.35,0.35,0.37,0.23,0.28,0.26,0.64,"",-8,-7.8,-32,-3.6,-28,-3.2,25,2.9,-651537,-5.4,-477451,-6.3,-1505,-3.6,-43,-4.1
"28027","5","518210","78","0","2017","1","N",1,0,0,0,0,0,0,0,"N",0.77,0,0,0,0,0,0,0,"N",0,0.0,0,0,0,0,0,0,0,0,0,0,0,0,0,0
"28033","5","518210","78","0","2017","1","N",2,0,0,0,0,0,0,0,"N",0.33,0,0,0,0,0,0,0,"N",-1,-33.3,0,0,0,0,0,0,0,0,0,0,0,0,0,0
"28035","5","518210","78","0","2017","1","N",1,0,0,0,0,0,0,0,"N",0.25,0,0,0,0,0,0,0,"N",0,0.0,0,0,0,0,0,0,0,0,0,0,0,0,0,0
"28045","5","518210","78","0","2017","1","N",1,0,0,0,0,0,0,0,"N",0.56,0,0,0,0,0,0,0,"N",0,0.0,0,0,0,0,0,0,0,0,0,0,0,0,0,0
"28047","5","518210","78","0","2017","1","N",3,0,0,0,0,0,0,0,"N",0.32,0,0,0,0,0,0,0,"N",0,0.0,0,0,0,0,0,0,0,0,0,0,0,0,0,0
"28049","5","518210","78","0","2017","1","",6,8,13,16,111090,95794,1167,693,"",0.50,0.03,0.05,0.06,0.02,0.04,0.10,0.37,"",0,0.0,-4,-33.3,0,0.0,5,45.5,-5694,-4.9,3266,3.5,110,10.4,-56,-7.5
"28067","5","518210","78","0","2017","1","N",1,0,0,0,0,0,0,0,"N",0.35,0,0,0,0,0,0,0,"N",0,0.0,0,0,0,0,0,0,0,0,0,0,0,0,0,0
"28071","5","518210","78","0","2017","1","N",2,0,0,0,0,0,0,0,"N",0.75,0,0,0,0,0,0,0,"N",1,100.0,0,0,0,0,0,0,0,0,0,0,0,0,0,0
"28081","5","518210","78","0","2017","1","N",1,0,0,0,0,0,0,0,"N",0.19,0,0,0,0,0,0,0,"N",-1,-50.0,0,0,0,0,0,0,0,0,0,0,0,0,0,0
"28083","5","518210","78","0","2017","1","N",1,0,0,0,0,0,0,0,"N",0.57,0,0,0,0,0,0,0,"N",0,0.0,0,0,0,0,0,0,0,0,0,0,0,0,0,0
"28085","5","518210","78","0","2017","1","N",1,0,0,0,0,0,0,0,"N",0.59,0,0,0,0,0,0,0,"N",0,0.0,0,0,0,0,0,0,0,0,0,0,0,0,0,0
"28087","5","518210","78","0","2017","1","N",1,0,0,0,0,0,0,0,"N",0.31,0,0,0,0,0,0,0,"N",1,100.0,0,0,0,0,0,0,0,0,0,0,0,0,0,0
"28089","5","518210","78","0","2017","1","",11,124,123,144,1639566,1158447,16008,968,"",1.58,1.03,1.02,1.19,0.59,0.68,1.70,0.54,"",0,0.0,31,33.3,29,30.9,60,71.4,425736,35.1,308377,36.3,-1233,-7.2,-66,-6.4
"28091","5","518210","78","0","2017","1","N",1,0,0,0,0,0,0,0,"N",0.86,0,0,0,0,0,0,0,"N",0,0.0,0,0,0,0,0,0,0,0,0,0,0,0,0,0
"28105","5","518210","78","0","2017","1","N",1,0,0,0,0,0,0,0,"N",0.51,0,0,0,0,0,0,0,"N",-1,-50.0,0,0,0,0,0,0,0,0,0,0,0,0,0,0
"28113","5","518210","78","0","2017","1","N",2,0,0,0,0,0,0,0,"N",0.94,0,0,0,0,0,0,0,"N",1,100.0,0,0,0,0,0,0,0,0,0,0,0,0,0,0
"28121","5","518210","78","0","2017","1","N",3,0,0,0,0,0,0,0,"N",0.37,0,0,0,0,0,0,0,"N",0,0.0,0,0,0,0,0,0,0,0,0,0,0,0,0,0
"28137","5","518210","78","0","2017","1","N",1,0,0,0,0,0,0,0,"N",1.30,0,0,0,0,0,0,0,"N",0,0.0,0,0,0,0,0,0,0,0,0,0,0,0,0,0
"28999","5","518210","78","0","2017","1","",55,100,99,95,2549668,1119184,9072,2001,"",2.81,1.48,1.39,1.34,1.15,0.94,0.84,0.82,"",-6,-9.8,-7,-6.5,-6,-5.7,-14,-12.8,11099,0.4,-69609,-5.9,828,10.0,176,9.6
"29000","3","518210","58","0","2017","1","N",1,0,0,0,0,0,0,0,"N",0.49,0,0,0,0,0,0,0,"N",1,100.0,0,0,0,0,0,0,0,0,0,0,0,0,0,0
"29000","5","518210","58","0","2017","1","",372,10037,10071,10137,353444625,113570866,1065541,2697,"",0.89,1.69,1.68,1.68,2.30,1.72,1.26,1.36,"",46,14.1,392,4.1,398,4.1,458,4.7,617659,0.2,5744685,5.3,-472686,-30.7,-111,-4.0
"29019","5","518210","78","0","2017","1","",6,11,11,11,105293,85188,1194,736,"",0.58,0.06,0.05,0.05,0.02,0.05,0.06,0.42,"",1,20.0,-3,-21.4,-3,-21.4,-3,-21.4,-46017,-30.4,-45328,-34.7,-271,-18.5,-95,-11.4
"29021","5","518210","78","0","2017","1","N",1,0,0,0,0,0,0,0,"N",0.19,0,0,0,0,0,0,0,"N",0,0.0,0,0,0,0,0,0,0,0,0,0,0,0,0,0
"29023","5","518210","78","0","2017","1","-",0,0,0,0,0,0,0,0,"N",0.00,0,0,0,0,0,0,0,"N",0,0,0,0,0,0,0,0,0,0,0,0,0,0,0,0
"29025","5","518210","78","0","2017","1","N",1,0,0,0,0,0,0,0,"N",2.17,0,0,0,0,0,0,0,"N",1,100.0,0,0,0,0,0,0,0,0,0,0,0,0,0,0
"29029","5","518210","78","0","2017","1","N",1,0,0,0,0,0,0,0,"N",0.28,0,0,0,0,0,0,0,"N",1,100.0,0,0,0,0,0,0,0,0,0,0,0,0,0,0
"29031","5","518210","78","0","2017","1","N",1,0,0,0,0,0,0,0,"N",0.18,0,0,0,0,0,0,0,"N",0,0.0,0,0,0,0,0,0,0,0,0,0,0,0,0,0
"29037","5","518210","78","0","2017","1","",4,11,13,12,153516,104665,964,984,"",0.90,0.20,0.23,0.21,0.15,0.18,0.13,0.72,"",1,33.3,-6,-35.3,-4,-23.5,-5,-29.4,-65670,-30.0,-53640,-33.9,-2094,-68.5,-8,-0.8
"29043","5","518210","78","0","2017","1","N",1,0,0,0,0,0,0,0,"N",0.25,0,0,0,0,0,0,0,"N",0,0.0,0,0,0,0,0,0,0,0,0,0,0,0,0,0
"29047","5","518210","78","0","2017","1","",11,133,136,135,2450483,1470273,24331,1400,"",0.93,0.60,0.61,0.60,0.42,0.53,0.68,0.70,"",3,37.5,46,52.9,39,40.2,38,39.2,899000,57.9,501895,51.8,4733,24.2,126,9.9
"29051","5","518210","78","0","2017","1","",7,369,366,374,3917891,3298357,32412,815,"",1.37,3.19,3.16,3.22,1.57,3.72,2.77,0.49,"",1,16.7,-34,-8.4,-37,-9.2,-12,-3.1,155221,4.1,95815,3.0,-14415,-30.8,87,12.0
"29053","5","518210","78","0","2017","1","-",0,0,0,0,0,0,0,0,"N",0.00,0,0,0,0,0,0,0,"N",0,0,0,0,0,0,0,0,0,0,0,0,0,0,0,0
"29071","5","518210","78","0","2017","1","N",1,0,0,0,0,0,0,0,"N",0.16,0,0,0,0,0,0,0,"N",1,100.0,0,0,0,0,0,0,0,0,0,0,0,0,0,0
"29077","5","518210","78","0","2017","1","",12,295,318,333,3400769,2437304,41782,830,"",0.66,0.83,0.89,0.93,0.43,0.68,1.07,0.49,"",3,33.3,44,17.5,61,23.7,68,25.7,441645,14.9,520654,27.2,-7183,-14.7,-53,-6.0
"29079","5","518210","78","0","2017","1","N",1,0,0,0,0,0,0,0,"N",1.53,0,0,0,0,0,0,0,"N",1,100.0,0,0,0,0,0,0,0,0,0,0,0,0,0,0
"29095","5","518210","78","0","2017","1","",45,2629,2682,2705,65390595,29726266,171601,1883,"",1.00,3.34,3.38,3.39,2.80,3.16,1.45,0.83,"",-3,-6.2,-92,-3.4,-31,-1.1,-7,-0.3,-6508779,-9.1,-43041,-0.1,-228790,-57.1,-154,-7.6
"29097","5","518210","78","0","2017","1","N",1,0,0,0,0,0,0,0,"N",0.14,0,0,0,0,0,0,0,"N",1,100.0,0,0,0,0,0,0,0,0,0,0,0,0,0,0
"29099","5","518210","78","0","2017","1","N",2,0,0,0,0,0,0,0,"N",0.23,0,0,0,0,0,0,0,"N",0,0.0,0,0,0,0,0,0,0,0,0,0,0,0,0,0
"29105","5","518210","78","0","2017","1","-",0,0,0,0,0,0,0,0,"N",0.00,0,0,0,0,0,0,0,"N",0,0,0,0,0,0,0,0,0,0,0,0,0,0,0,0
"29113","5","518210","78","0","2017","1","N",1,0,0,0,0,0,0,0,"N",0.47,0,0,0,0,0,0,0,"N",0,0.0,0,0,0,0,0,0,0,0,0,0,0,0,0,0
"29121","5","518210","78","0","2017","1","-",0,0,0,0,0,0,0,0,"N",0.00,0,0,0,0,0,0,0,"N",0,0,0,0,0,0,0,0,0,0,0,0,0,0,0,0
"29141","5","518210","78","0","2017","1","N",3,0,0,0,0,0,0,0,"N",2.73,0,0,0,0,0,0,0,"N",1,50.0,0,0,0,0,0,0,0,0,0,0,0,0,0,0
"29145","5","518210","78","0","2017","1","N",1,0,0,0,0,0,0,0,"N",0.37,0,0,0,0,0,0,0,"N",0,0.0,0,0,0,0,0,0,0,0,0,0,0,0,0,0
"29153","5","518210","78","0","2017","1","N",1,0,0,0,0,0,0,0,"N",2.11,0,0,0,0,0,0,0,"N",0,0.0,0,0,0,0,0,0,0,0,0,0,0,0,0,0
"29159","5","518210","78","0","2017","1","N",1,0,0,0,0,0,0,0,"N",0.39,0,0,0,0,0,0,0,"N",0,0.0,0,0,0,0,0,0,0,0,0,0,0,0,0,0
"29161","5","518210","78","0","2017","1","N",1,0,0,0,0,0,0,0,"N",0.40,0,0,0,0,0,0,0,"N",0,0.0,0,0,0,0,0,0,0,0,0,0,0,0,0,0
"29165","5","518210","78","0","2017","1","",8,176,173,181,3830519,2093203,29904,1668,"",1.43,1.80,1.73,1.82,1.50,1.66,1.87,0.84,"",-1,-11.1,40,29.4,33,23.6,38,26.6,387287,11.2,365068,21.1,-4472,-13.0,-228,-12.0
"29167","5","518210","78","0","2017","1","N",1,0,0,0,0,0,0,0,"N",0.69,0,0,0,0,0,0,0,"N",0,0.0,0,0,0,0,0,0,0,0,0,0,0,0,0,0
"29183","5","518210","78","0","2017","1","",22,2780,2787,2790,168026021,36485299,349426,4640,"",1.14,8.85,8.82,8.78,21.08,10.01,5.38,2.39,"",3,15.8,98,3.7,84,3.1,83,3.1,12920300,8.3,848874,2.4,-130239,-27.2,217,4.9
"29187","5","518210","78","0","2017","1","N",3,0,0,0,0,0,0,0,"N",0.77,0,0,0,0,0,0,0,"N",0,0.0,0,0,0,0,0,0,0,0,0,0,0,0,0,0
"29189","5","518210","78","0","2017","1","",72,2837,2843,2845,91782811,30085342,294809,2485,"",0.91,2.19,2.18,2.17,2.22,1.79,1.43,1.02,"",6,9.1,202,7.7,197,7.4,190,7.2,-8910021,-8.8,2819514,10.3,-62009,-17.4,-443,-15.1
"29201","5","518210","78","0","2017","1","N",2,0,0,0,0,0,0,0,"N",0.66,0,0,0,0,0,0,0,"N",0,0.0,0,0,0,0,0,0,0,0,0,0,0,0,0,0
"29203","5","518210","78","0","2017","1","N",1,0,0,0,0,0,0,0,"N",2.06,0,0,0,0,0,0,0,"N",1,100.0,0,0,0,0,0,0,0,0,0,0,0,0,0,0
"29207","5","518210","78","0","2017","1","N",1,0,0,0,0,0,0,0,"N",0.47,0,0,0,0,0,0,0,"N",0,0.0,0,0,0,0,0,0,0,0,0,0,0,0,0,0
"29209","5","518210","78","0","2017","1","N",1,0,0,0,0,0,0,0,"N",0.64,0,0,0,0,0,0,0,"N",0,0.0,0,0,0,0,0,0,0,0,0,0,0,0,0,0
"29213","5","518210","78","0","2017","1","N",3,0,0,0,0,0,0,0,"N",0.74,0,0,0,0,0,0,0,"N",0,0.0,0,0,0,0,0,0,0,0,0,0,0,0,0,0
"29225","5","518210","78","0","2017","1","N",1,0,0,0,0,0,0,0,"N",0.66,0,0,0,0,0,0,0,"N",0,0.0,0,0,0,0,0,0,0,0,0,0,0,0,0,0
"29510","3","518210","78","0","2017","1","N",1,0,0,0,0,0,0,0,"N",7.05,0,0,0,0,0,0,0,"N",1,100.0,0,0,0,0,0,0,0,0,0,0,0,0,0,0
"29510","5","518210","78","0","2017","1","",19,132,133,131,1946943,1083906,22629,1135,"",0.65,0.27,0.27,0.27,0.12,0.21,0.35,0.45,"",2,11.8,-13,-9.0,-13,-8.9,-12,-8.4,-460702,-19.1,-292831,-21.3,-14019,-38.3,-145,-11.3
"29999","5","518210","78","0","2017","1","",135,430,376,388,9479507,4728119,74134,1832,"",3.57,2.42,2.10,2.14,1.40,1.50,1.45,0.63,"",23,20.5,94,28.0,38,11.2,54,16.2,1576863,20.0,822619,21.1,-10828,-12.7,23,1.3
"30000","5","518210","58","0","2017","1","",72,429,442,452,7791181,6497575,60050,1359,"",0.72,0.44,0.45,0.46,0.36,0.49,0.42,0.80,"",0,0.0,-15,-3.4,-4,-0.9,14,3.2,395137,5.3,109315,1.7,-6510,-9.8,74,5.8
"30001","5","518210","78","0","2017","1","N",1,0,0,0,0,0,0,0,"N",0.94,0,0,0,0,0,0,0,"N",0,0.0,0,0,0,0,0,0,0,0,0,0,0,0,0,0
"30009","5","518210","78","0","2017","1","N",1,0,0,0,0,0,0,0,"N",0.98,0,0,0,0,0,0,0,"N",1,100.0,0,0,0,0,0,0,0,0,0,0,0,0,0,0
"30013","5","518210","78","0","2017","1","",3,16,16,18,254381,254381,581,1174,"",0.52,0.21,0.21,0.23,0.16,0.28,0.06,0.72,"N",1,50.0,0,0,0,0,0,0,0,0,0,0,0,0,0,0
"30023","5","518210","78","0","2017","1","N",1,0,0,0,0,0,0,0,"N",1.70,0,0,0,0,0,0,0,"N",0,0.0,0,0,0,0,0,0,0,0,0,0,0,0,0,0
"30029","5","518210","78","0","2017","1","",4,8,10,8,107698,101777,1942,956,"",0.41,0.09,0.11,0.09,0.06,0.09,0.12,0.58,"N",1,33.3,0,0,0,0,0,0,0,0,0,0,0,0,0,0
"30031","5","518210","78","0","2017","1","",7,8,10,10,292904,242110,3709,2414,"",0.52,0.07,0.08,0.08,0.11,0.13,0.19,1.43,"N",0,0.0,0,0,0,0,0,0,0,0,0,0,0,0,0,0
"30047","5","518210","78","0","2017","1","N",1,0,0,0,0,0,0,0,"N",0.50,0,0,0,0,0,0,0,"N",0,0.0,0,0,0,0,0,0,0,0,0,0,0,0,0,0
"30049","5","518210","78","0","2017","1","",11,183,192,201,3205919,2718519,15367,1284,"",1.85,2.38,2.50,2.59,1.72,2.35,1.67,0.69,"",0,0.0,-9,-4.7,0,0.0,12,6.3,326657,11.3,179142,7.1,-6853,-30.8,124,10.7
"30057","5","518210","78","0","2017","1","N",1,0,0,0,0,0,0,0,"N",1.03,0,0,0,0,0,0,0,"N",0,0.0,0,0,0,0,0,0,0,0,0,0,0,0,0,0
"30063","5","518210","78","0","2017","1","",10,98,99,102,1259328,1046505,13465,972,"",0.93,0.78,0.78,0.80,0.47,0.60,0.74,0.59,"",0,0.0,12,14.0,8,8.8,11,12.1,60310,5.0,33080,3.3,412,3.2,-60,-5.8
"30065","5","518210","78","0","2017","1","N",1,0,0,0,0,0,0,0,"N",3.08,0,0,0,0,0,0,0,"N",0,0.0,0,0,0,0,0,0,0,0,0,0,0,0,0,0
"30067","5","518210","78","0","2017","1","N",1,0,0,0,0,0,0,0,"N",0.50,0,0,0,0,0,0,0,"N",0,0.0,0,0,0,0,0,0,0,0,0,0,0,0,0,0
"30081","5","518210","78","0","2017","1","",3,7,8,7,233533,161175,2097,2450,"",0.81,0.29,0.32,0.28,0.51,0.61,0.64,1.73,"N",1,50.0,0,0,0,0,0,0,0,0,0,0,0,0,0,0
"30097","5","518210","78","0","2017","1","N",1,0,0,0,0,0,0,0,"N",2.11,0,0,0,0,0,0,0,"N",0,0.0,0,0,0,0,0,0,0,0,0,0,0,0,0,0
"30111","5","518210","78","0","2017","1","",10,27,26,26,546414,370256,4383,1596,"",0.73,0.16,0.15,0.15,0.13,0.15,0.16,0.84,"N",-1,-9.1,0,0,0,0,0,0,0,0,0,0,0,0,0,0
"30999","5","518210","78","0","2017","1","",16,48,49,49,1315601,1101822,11801,2079,"",2.99,3.34,3.29,3.25,2.51,3.00,1.93,0.76,"",-1,-5.9,10,26.3,10,25.6,12,32.4,266574,25.4,220646,25.0,1815,18.2,-45,-2.1
"31000","5","518210","58","0","2017","1","",115,4771,4799,4773,127369557,48753669,279142,2049,"",0.77,2.29,2.30,2.27,2.55,2.56,1.69,1.11,"",4,3.6,-37,-0.8,-1,0.0,-11,-0.2,2769609,2.2,1712357,3.6,-87938,-24.0,51,2.6
"31019","5","518210","78","0","2017","1","N",2,0,0,0,0,0,0,0,"N",0.50,0,0,0,0,0,0,0,"N",0,0.0,0,0,0,0,0,0,0,0,0,0,0,0,0,0
"31053","5","518210","78","0","2017","1","N",1,0,0,0,0,0,0,0,"N",0.40,0,0,0,0,0,0,0,"N",-1,-50.0,0,0,0,0,0,0,0,0,0,0,0,0,0,0
"31055","5","518210","78","0","2017","1","",53,4209,4217,4190,119290254,44216556,251379,2182,"",1.34,5.78,5.77,5.71,5.87,6.29,3.95,1.02,"",1,1.9,-121,-2.8,-109,-2.5,-123,-2.9,766298,0.6,905877,2.1,-92761,-27.0,73,3.5
"31079","5","518210","78","0","2017","1","N",1,0,0,0,0,0,0,0,"N",0.22,0,0,0,0,0,0,0,"N",0,0.0,0,0,0,0,0,0,0,0,0,0,0,0,0,0
"31109","5","518210","78","0","2017","1","",20,180,183,180,2916372,1493279,13161,1239,"",0.94,0.50,0.50,0.49,0.34,0.48,0.56,0.69,"",0,0.0,12,7.1,15,8.9,13,7.8,481778,19.8,160102,12.0,1213,10.2,122,10.9
"31139","5","518210","78","0","2017","1","N",1,0,0,0,0,0,0,0,"N",1.81,0,0,0,0,0,0,0,"N",0,0.0,0,0,0,0,0,0,0,0,0,0,0,0,0,0
"31151","5","518210","78","0","2017","1","N",1,0,0,0,0,0,0,0,"N",1.19,0,0,0,0,0,0,0,"N",1,100.0,0,0,0,0,0,0,0,0,0,0,0,0,0,0
"31153","5","518210","78","0","2017","1","",9,175,193,194,2156275,1327119,10284,885,"",1.10,1.16,1.28,1.27,0.60,0.88,0.71,0.49,"N",1,12.5,0,0,0,0,0,0,0,0,0,0,0,0,0,0
"31157","5","518210","78","0","2017","1","-",0,0,0,0,0,0,0,0,"N",0.00,0,0,0,0,0,0,0,"N",0,0,0,0,0,0,0,0,0,0,0,0,0,0,0,0
"31173","5","518210","78","0","2017","1","N",1,0,0,0,0,0,0,0,"N",2.52,0,0,0,0,0,0,0,"N",0,0.0,0,0,0,0,0,0,0,0,0,0,0,0,0,0
"31177","5","518210","78","0","2017","1","N",1,0,0,0,0,0,0,0,"N",0.72,0,0,0,0,0,0,0,"N",0,0.0,0,0,0,0,0,0,0,0,0,0,0,0,0,0
"31185","5","518210","78","0","2017","1","N",1,0,0,0,0,0,0,0,"N",0.75,0,0,0,0,0,0,0,"N",0,0.0,0,0,0,0,0,0,0,0,0,0,0,0,0,0
"31999","5","518210","78","0","2017","1","",24,22,24,31,573594,266345,3019,1719,"",2.04,0.55,0.59,0.75,0.38,0.47,0.41,0.59,"",3,14.3,8,57.1,11,84.6,19,158.3,376935,191.7,154484,138.1,1722,132.8,555,47.7
"32000","5","518210","58","0","2017","1","",244,1785,1755,1771,37958168,28239200,562976,1649,"",1.48,0.63,0.62,0.62,0.52,0.63,0.62,0.83,"",-43,-15.0,38,2.2,21,1.2,80,4.7,9065247,31.4,4937263,21.2,133347,31.0,360,27.9
"32001","5","518210","78","0","2017","1","N",3,0,0,0,0,0,0,0,"N",2.22,0,0,0,0,0,0,0,"N",0,0.0,0,0,0,0,0,0,0,0,0,0,0,0,0,0
"32003","5","518210","78","0","2017","1","",176,1441,1420,1444,30036596,21511162,428443,1610,"",1.57,0.70,0.69,0.69,0.57,0.65,0.63,0.82,"",-38,-17.8,24,1.7,8,0.6,56,4.0,6876539,29.7,3005574,16.2,77236,22.0,343,27.1
"32005","5","518210","78","0","2017","1","",8,13,13,12,144085,144085,3997,875,"",2.12,0.33,0.32,0.30,0.16,0.25,0.33,0.49,"N",-1,-11.1,0,0,0,0,0,0,0,0,0,0,0,0,0,0
"32007","5","518210","78","0","2017","1","N",1,0,0,0,0,0,0,0,"N",0.35,0,0,0,0,0,0,0,"N",-2,-66.7,0,0,0,0,0,0,0,0,0,0,0,0,0,0
"32013","5","518210","78","0","2017","1","N",1,0,0,0,0,0,0,0,"N",0.96,0,0,0,0,0,0,0,"N",0,0.0,0,0,0,0,0,0,0,0,0,0,0,0,0,0
"32019","5","518210","78","0","2017","1","",4,5,5,5,49707,49707,1193,765,"",1.88,0.21,0.20,0.20,0.09,0.15,0.17,0.47,"N",2,100.0,0,0,0,0,0,0,0,0,0,0,0,0,0,0
"32023","5","518210","78","0","2017","1","N",2,0,0,0,0,0,0,0,"N",1.11,0,0,0,0,0,0,0,"N",1,100.0,0,0,0,0,0,0,0,0,0,0,0,0,0,0
"32029","5","518210","78","0","2017","1","N",1,0,0,0,0,0,0,0,"N",1.98,0,0,0,0,0,0,0,"N",0,0.0,0,0,0,0,0,0,0,0,0,0,0,0,0,0
"32031","5","518210","78","0","2017","1","",38,143,144,154,3582963,2726458,60414,1875,"",1.26,0.31,0.31,0.33,0.31,0.40,0.45,0.97,"",-3,-7.3,7,5.1,9,6.7,16,11.6,714179,24.9,491419,22.0,27014,80.9,256,15.8
"32510","5","518210","78","0","2017","1","",6,24,23,24,442782,374803,7173,1439,"",1.42,0.38,0.36,0.37,0.28,0.57,0.51,0.75,"",-2,-25.0,5,26.3,4,21.1,4,20.0,18289,4.3,33804,9.9,852,13.5,-250,-14.8
"32999","5","518210","78","0","2017","1","",4,7,6,6,112396,112368,1779,1365,"",1.24,0.46,0.39,0.36,0.15,0.26,0.19,0.38,"N",0,0.0,0,0,0,0,0,0,0,0,0,0,0,0,0,0
"33000","5","518210","58","0","2017","1","",96,1621,1610,1558,53614428,19252330,132174,2584,"",0.90,1.15,1.15,1.11,1.29,1.14,0.90,1.14,"",3,3.2,-89,-5.2,-79,-4.7,-129,-7.6,8606051,19.1,-1376534,-6.7,3231,2.5,542,26.5
"33001","5","518210","78","0","2017","1","N",2,0,0,0,0,0,0,0,"N",0.48,0,0,0,0,0,0,0,"N",1,100.0,0,0,0,0,0,0,0,0,0,0,0,0,0,0
"33005","5","518210","78","0","2017","1","N",1,0,0,0,0,0,0,0,"N",0.22,0,0,0,0,0,0,0,"N",0,0.0,0,0,0,0,0,0,0,0,0,0,0,0,0,0
"33009","5","518210","78","0","2017","1","",3,67,66,67,1154680,799226,7196,1332,"",0.44,0.57,0.56,0.57,0.31,0.79,1.13,0.55,"",0,0.0,-3,-4.3,-3,-4.3,-1,-1.5,-350395,-23.3,-47616,-5.6,-1286,-15.2,-346,-20.6
"33011","5","518210","78","0","2017","1","",19,516,513,494,22817110,6213166,69361,3457,"",0.75,1.18,1.18,1.13,1.66,1.13,1.52,1.43,"",4,26.7,-10,-1.9,-3,-0.6,-29,-5.5,10882435,91.2,76425,1.2,10094,17.0,1697,96.4
"33013","5","518210","78","0","2017","1","",6,28,28,30,1067863,280118,2793,2865,"",0.56,0.17,0.17,0.18,0.24,0.16,0.20,1.40,"",1,20.0,-2,-6.7,-2,-6.7,0,0.0,180990,20.4,-26619,-8.7,-330,-10.6,591,26.0
"33015","5","518210","78","0","2017","1","",21,624,620,580,17807884,7557028,30867,2253,"",0.93,1.96,1.96,1.82,1.94,1.75,0.78,1.02,"",1,5.0,-114,-15.4,-97,-13.5,-124,-17.6,-4934320,-21.7,-1887024,-20.0,-9549,-23.6,-178,-7.3
"33017","5","518210","78","0","2017","1","N",1,0,0,0,0,0,0,0,"N",0.17,0,0,0,0,0,0,0,"N",-1,-50.0,0,0,0,0,0,0,0,0,0,0,0,0,0,0
"33999","5","518210","78","0","2017","1","",43,151,150,156,8532209,2299167,19628,4308,"",2.32,3.59,3.55,3.66,3.17,2.45,1.61,0.88,"",-3,-6.5,14,10.2,9,6.4,14,9.9,2386893,38.8,106945,4.9,3751,23.6,931,27.6
"34000","5","518210","58","0","2017","1","",582,9751,9792,9780,390655911,226617174,3470955,3074,"",1.07,1.14,1.14,1.13,1.24,1.42,1.19,1.09,"",10,1.7,281,3.0,270,2.8,134,1.4,69654373,21.7,12199722,5.7,-1267653,-26.8,487,18.8
"34001","5","518210","78","0","2017","1","N",3,0,0,0,0,0,0,0,"N",0.22,0,0,0,0,0,0,0,"N",-1,-25.0,0,0,0,0,0,0,0,0,0,0,0,0,0,0
"34003","5","518210","78","0","2017","1","",78,2383,2384,2354,131084383,59450519,531861,4248,"",1.16,2.50,2.50,2.46,3.86,3.20,1.61,1.55,"",3,4.0,42,1.8,45,1.9,-14,-0.6,38819621,42.1,2127292,3.7,-225813,-29.8,1227,40.6
"34005","5","518210","78","0","2017","1","",32,592,583,602,20221068,13547073,228725,2626,"",1.43,1.35,1.33,1.37,1.52,1.78,1.69,1.12,"",1,3.2,-41,-6.5,-54,-8.5,-56,-8.5,2598094,14.7,1027458,8.2,-33314,-12.7,517,24.5
"34007","5","518210","78","0","2017","1","",16,147,146,145,3286254,2784309,56963,1731,"",0.65,0.34,0.33,0.33,0.27,0.41,0.43,0.81,"",-4,-20.0,-41,-21.8,-38,-20.7,-39,-21.2,-690836,-17.4,-565894,-16.9,-38578,-40.4,80,4.8
"34009","5","518210","78","0","2017","1","N",1,0,0,0,0,0,0,0,"N",0.13,0,0,0,0,0,0,0,"N",0,0.0,0,0,0,0,0,0,0,0,0,0,0,0,0,0
"34011","5","518210","78","0","2017","1","N",1,0,0,0,0,0,0,0,"N",0.16,0,0,0,0,0,0,0,"N",0,0.0,0,0,0,0,0,0,0,0,0,0,0,0,0,0
"34013","5","518210","78","0","2017","1","",24,145,143,132,2489446,1972443,33882,1368,"",0.58,0.20,0.19,0.18,0.08,0.15,0.15,0.44,"",6,33.3,74,104.2,72,101.4,63,91.3,1254492,101.6,869766,78.9,11380,50.6,17,1.3
"34015","5","518210","78","0","2017","1","",12,50,50,48,966074,847994,20078,1506,"",0.93,0.22,0.22,0.21,0.17,0.26,0.31,0.81,"",3,33.3,14,38.9,12,31.6,12,33.3,179283,22.8,217811,34.6,1895,10.4,-145,-8.8
"34017","5","518210","78","0","2017","1","",43,1578,1556,1573,62004382,39091108,621507,3040,"",1.42,2.82,2.76,2.78,2.44,3.20,2.80,0.88,"",1,2.4,177,12.6,149,10.6,110,7.5,14010493,29.2,5792625,17.4,-261439,-29.6,447,17.2
"34019","5","518210","78","0","2017","1","",7,25,24,26,470624,401704,5473,1448,"",0.85,0.25,0.24,0.26,0.13,0.21,0.17,0.50,"",-2,-22.2,-25,-50.0,-24,-50.0,-25,-49.0,-346952,-42.4,-357142,-47.1,-14165,-72.1,182,14.4
"34021","5","518210","78","0","2017","1","",35,369,364,360,7105246,6129870,104836,1500,"",1.56,0.70,0.69,0.68,0.33,0.76,0.74,0.48,"",2,6.1,-15,-3.9,-31,-7.8,-39,-9.8,-3343302,-32.0,-1570963,-20.4,-93300,-47.1,-547,-26.7
"34023","5","518210","78","0","2017","1","",51,838,898,908,44178911,21742637,449623,3856,"",1.13,0.92,0.99,0.99,1.32,1.28,1.45,1.37,"",4,8.5,17,2.1,86,10.6,106,13.2,12164343,38.0,3502489,19.2,-66909,-13.0,822,27.1
"34025","5","518210","78","0","2017","1","",25,760,761,760,18198945,15407579,312570,1841,"",0.61,1.39,1.40,1.38,1.13,1.79,1.90,0.81,"",-1,-3.8,50,7.0,21,2.8,15,2.0,463740,2.6,1264739,8.9,-89156,-22.2,-24,-1.3
"34027","5","518210","78","0","2017","1","",32,1233,1217,1229,37978030,27223252,349661,2382,"",0.92,2.00,1.97,1.98,1.26,1.89,1.37,0.63,"",0,0.0,17,1.4,-5,-0.4,3,0.2,-701019,-1.8,-41649,-0.2,-199885,-36.4,-54,-2.2
"34029","5","518210","78","0","2017","1","",9,63,76,74,563229,539934,18999,610,"",0.34,0.18,0.22,0.21,0.07,0.12,0.23,0.34,"",-1,-10.0,2,3.3,6,8.6,1,1.4,170547,43.4,162262,43.0,7476,64.9,166,37.4
"34031","5","518210","78","0","2017","1","",11,87,86,84,1217115,965051,23388,1093,"",0.43,0.24,0.24,0.23,0.12,0.17,0.21,0.51,"",1,10.0,-15,-14.7,-14,-14.0,-17,-16.8,-717915,-37.1,-518221,-34.9,-34017,-59.3,-381,-25.8
"34033","5","518210","78","0","2017","1","N",1,0,0,0,0,0,0,0,"N",0.38,0,0,0,0,0,0,0,"N",0,0.0,0,0,0,0,0,0,0,0,0,0,0,0,0,0
"34035","5","518210","78","0","2017","1","",26,419,416,400,14821445,10126777,191788,2770,"",1.26,1.04,1.04,1.00,0.66,0.96,1.11,0.64,"",1,4.0,-9,-2.1,-14,-3.3,-30,-7.0,-1832121,-11.0,-505193,-4.8,-131848,-40.7,-214,-7.2
"34037","5","518210","78","0","2017","1","N",2,0,0,0,0,0,0,0,"N",0.28,0,0,0,0,0,0,0,"N",-1,-33.3,0,0,0,0,0,0,0,0,0,0,0,0,0,0
"34039","5","518210","78","0","2017","1","",13,138,136,122,5076205,4264095,74645,2958,"",0.45,0.29,0.29,0.26,0.27,0.46,0.45,0.98,"",-1,-7.1,-7,-4.8,-10,-6.8,-23,-15.9,-945756,-15.7,-1131193,-21.0,-40043,-34.9,-229,-7.2
"34041","5","518210","78","0","2017","1","",5,26,28,27,229593,195711,8459,654,"",0.88,0.36,0.39,0.37,0.12,0.18,0.47,0.32,"",2,66.7,22,550.0,24,600.0,23,575.0,211553,1172.7,177671,984.9,8185,2987.2,307,88.5
"34999","5","518210","78","0","2017","1","",155,757,777,780,32431648,19458574,380105,3234,"",3.03,2.78,2.82,2.81,2.19,2.19,1.89,0.78,"",-3,-1.9,3,0.4,25,3.3,21,2.8,3058948,10.4,1486559,8.3,-56107,-12.9,241,8.1
"35000","3","518210","58","0","2017","1","",21,205,205,205,3138404,62623,206,1178,"",35.53,13.19,13.28,13.25,15.77,43.98,31.03,1.19,"",0,0.0,-8,-3.8,-5,-2.4,-5,-2.4,29117,0.9,6776,12.1,-353,-63.1,44,3.9
"35000","5","518210","58","0","2017","1","",115,476,455,474,5668273,4787408,85962,931,"",0.95,0.27,0.26,0.27,0.14,0.22,0.35,0.52,"",11,10.6,5,1.1,-25,-5.2,0,0.0,524370,10.2,349642,7.9,-21002,-19.6,98,11.8
"35001","3","518210","78","0","2017","1","N",1,0,0,0,0,0,0,0,"N",5.37,0,0,0,0,0,0,0,"N",0,0.0,0,0,0,0,0,0,0,0,0,0,0,0,0,0
"35001","5","518210","78","0","2017","1","",28,154,160,168,2196070,2086329,50129,1051,"",0.73,0.22,0.23,0.24,0.13,0.23,0.52,0.55,"",0,0.0,-7,-4.3,0,0.0,15,9.8,125725,6.1,206364,11.0,-4756,-8.7,43,4.3
"35005","3","518210","78","0","2017","1","N",2,0,0,0,0,0,0,0,"N",108.11,0,0,0,0,0,0,0,"N",0,0.0,0,0,0,0,0,0,0,0,0,0,0,0,0,0
"35005","5","518210","78","0","2017","1","-",0,0,0,0,0,0,0,0,"N",0.00,0,0,0,0,0,0,0,"N",0,0,0,0,0,0,0,0,0,0,0,0,0,0,0,0
"35006","3","518210","78","0","2017","1","N",2,0,0,0,0,0,0,0,"N",413.33,0,0,0,0,0,0,0,"N",0,0.0,0,0,0,0,0,0,0,0,0,0,0,0,0,0
"35009","3","518210","78","0","2017","1","N",2,0,0,0,0,0,0,0,"N",165.26,0,0,0,0,0,0,0,"N",0,0.0,0,0,0,0,0,0,0,0,0,0,0,0,0,0
"35013","3","518210","78","0","2017","1","N",1,0,0,0,0,0,0,0,"N",21.08,0,0,0,0,0,0,0,"N",0,0.0,0,0,0,0,0,0,0,0,0,0,0,0,0,0
"35013","5","518210","78","0","2017","1","N",4,0,0,0,0,0,0,0,"N",0.41,0,0,0,0,0,0,0,"N",1,33.3,0,0,0,0,0,0,0,0,0,0,0,0,0,0
"35015","3","518210","78","0","2017","1","N",2,0,0,0,0,0,0,0,"N",114.95,0,0,0,0,0,0,0,"N",0,0.0,0,0,0,0,0,0,0,0,0,0,0,0,0,0
"35015","5","518210","78","0","2017","1","N",2,0,0,0,0,0,0,0,"N",0.56,0,0,0,0,0,0,0,"N",0,0.0,0,0,0,0,0,0,0,0,0,0,0,0,0,0
"35017","5","518210","78","0","2017","1","N",1,0,0,0,0,0,0,0,"N",0.64,0,0,0,0,0,0,0,"N",1,100.0,0,0,0,0,0,0,0,0,0,0,0,0,0,0
"35025","3","518210","78","0","2017","1","N",1,0,0,0,0,0,0,0,"N",50.63,0,0,0,0,0,0,0,"N",0,0.0,0,0,0,0,0,0,0,0,0,0,0,0,0,0
"35025","5","518210","78","0","2017","1","N",1,0,0,0,0,0,0,0,"N",0.25,0,0,0,0,0,0,0,"N",0,0.0,0,0,0,0,0,0,0,0,0,0,0,0,0,0
"35027","5","518210","78","0","2017","1","N",1,0,0,0,0,0,0,0,"N",0.59,0,0,0,0,0,0,0,"N",0,0.0,0,0,0,0,0,0,0,0,0,0,0,0,0,0
"35028","3","518210","78","0","2017","1","N",1,0,0,0,0,0,0,0,"N",224.12,0,0,0,0,0,0,0,"N",0,0.0,0,0,0,0,0,0,0,0,0,0,0,0,0,0
"35028","5","518210","78","0","2017","1","N",1,0,0,0,0,0,0,0,"N",1.09,0,0,0,0,0,0,0,"N",0,0.0,0,0,0,0,0,0,0,0,0,0,0,0,0,0
"35031","3","518210","78","0","2017","1","N",2,0,0,0,0,0,0,0,"N",153.14,0,0,0,0,0,0,0,"N",0,0.0,0,0,0,0,0,0,0,0,0,0,0,0,0,0
"35033","5","518210","78","0","2017","1","N",1,0,0,0,0,0,0,0,"N",3.76,0,0,0,0,0,0,0,"N",0,0.0,0,0,0,0,0,0,0,0,0,0,0,0,0,0
"35035","3","518210","78","0","2017","1","N",1,0,0,0,0,0,0,0,"N",85.44,0,0,0,0,0,0,0,"N",0,0.0,0,0,0,0,0,0,0,0,0,0,0,0,0,0
"35035","5","518210","78","0","2017","1","",3,10,12,13,112891,112891,1270,744,"",1.25,0.26,0.31,0.34,0.16,0.36,0.42,0.52,"",0,0.0,2,25.0,3,33.3,4,44.4,20141,21.7,20141,21.7,42,3.4,-79,-9.6
"35037","3","518210","78","0","2017","1","N",1,0,0,0,0,0,0,0,"N",307.73,0,0,0,0,0,0,0,"N",0,0.0,0,0,0,0,0,0,0,0,0,0,0,0,0,0
"35043","5","518210","78","0","2017","1","N",4,0,0,0,0,0,0,0,"N",0.85,0,0,0,0,0,0,0,"N",-1,-20.0,0,0,0,0,0,0,0,0,0,0,0,0,0,0
"35045","3","518210","78","0","2017","1","N",2,0,0,0,0,0,0,0,"N",67.24,0,0,0,0,0,0,0,"N",0,0.0,0,0,0,0,0,0,0,0,0,0,0,0,0,0
"35045","5","518210","78","0","2017","1","N",1,0,0,0,0,0,0,0,"N",0.16,0,0,0,0,0,0,0,"N",0,0.0,0,0,0,0,0,0,0,0,0,0,0,0,0,0
"35047","5","518210","78","0","2017","1","N",1,0,0,0,0,0,0,0,"N",0.64,0,0,0,0,0,0,0,"N",0,0.0,0,0,0,0,0,0,0,0,0,0,0,0,0,0
"35049","3","518210","78","0","2017","1","N",1,0,0,0,0,0,0,0,"N",17.69,0,0,0,0,0,0,0,"N",0,0.0,0,0,0,0,0,0,0,0,0,0,0,0,0,0
"35049","5","518210","78","0","2017","1","",9,11,12,13,165213,147900,2264,1059,"",0.77,0.08,0.09,0.10,0.06,0.11,0.18,0.62,"",1,12.5,-1,-8.3,1,9.1,3,30.0,24960,17.8,7647,5.5,307,15.7,78,8.0
"35055","5","518210","78","0","2017","1","N",1,0,0,0,0,0,0,0,"N",0.37,0,0,0,0,0,0,0,"N",0,0.0,0,0,0,0,0,0,0,0,0,0,0,0,0,0
"35061","3","518210","78","0","2017","1","N",2,0,0,0,0,0,0,0,"N",162.26,0,0,0,0,0,0,0,"N",0,0.0,0,0,0,0,0,0,0,0,0,0,0,0,0,0
"35061","5","518210","78","0","2017","1","N",1,0,0,0,0,0,0,0,"N",0.39,0,0,0,0,0,0,0,"N",1,100.0,0,0,0,0,0,0,0,0,0,0,0,0,0,0
"35999","5","518210","78","0","2017","1","",56,56,56,58,1540916,980565,15896,2092,"",5.23,1.28,1.30,1.33,1.17,1.06,0.85,0.90,"",8,16.7,12,27.3,6,12.0,7,13.7,420022,37.5,280237,40.0,4087,34.6,308,17.3
"36000","3","518210","58","0","2017","1","N",1,0,0,0,0,0,0,0,"N",0.16,0,0,0,0,0,0,0,"N",0,0.0,0,0,0,0,0,0,0,0,0,0,0,0,0,0
"36000","5","518210","58","0","2017","1","",1038,17086,17211,17520,696476818,166119081,5342364,3102,"",0.79,0.86,0.86,0.88,0.82,0.80,0.87,0.95,"",54,5.5,344,2.1,430,2.6,641,3.8,75946650,12.2,6929099,4.4,-568811,-9.6,261,9.2
"36001","5","518210","78","0","2017","1","",22,1176,1167,1190,28230553,10066207,251976,1844,"",1.03,2.33,2.30,2.34,1.87,2.50,2.18,0.80,"",-3,-12.0,-13,-1.1,-28,-2.3,-36,-2.9,3236163,12.9,-227544,-2.2,-98605,-28.1,246,15.4
"36005","5","518210","78","0","2017","1","N",1,0,0,0,0,0,0,0,"N",0.03,0,0,0,0,0,0,0,"N",-1,-50.0,0,0,0,0,0,0,0,0,0,0,0,0,0,0
"36007","5","518210","78","0","2017","1","N",4,0,0,0,0,0,0,0,"N",0.43,0,0,0,0,0,0,0,"N",1,33.3,0,0,0,0,0,0,0,0,0,0,0,0,0,0
"36009","5","518210","78","0","2017","1","N",1,0,0,0,0,0,0,0,"N",0.27,0,0,0,0,0,0,0,"N",0,0.0,0,0,0,0,0,0,0,0,0,0,0,0,0,0
"36013","5","518210","78","0","2017","1","N",2,0,0,0,0,0,0,0,"N",0.30,0,0,0,0,0,0,0,"N",0,0.0,0,0,0,0,0,0,0,0,0,0,0,0,0,0
"36019","5","518210","78","0","2017","1","-",0,0,0,0,0,0,0,0,"N",0.00,0,0,0,0,0,0,0,"N",0,0,0,0,0,0,0,0,0,0,0,0,0,0,0,0
"36021","5","518210","78","0","2017","1","N",2,0,0,0,0,0,0,0,"N",0.48,0,0,0,0,0,0,0,"N",0,0.0,0,0,0,0,0,0,0,0,0,0,0,0,0,0
"36025","5","518210","78","0","2017","1","N",1,0,0,0,0,0,0,0,"N",0.42,0,0,0,0,0,0,0,"N",0,0.0,0,0,0,0,0,0,0,0,0,0,0,0,0,0
"36027","5","518210","78","0","2017","1","",9,231,228,232,4500147,570359,13725,1503,"",0.52,0.96,0.95,0.96,0.67,0.29,0.24,0.70,"",-1,-10.0,-8,-3.3,-12,-5.0,-10,-4.1,15613,0.3,-62145,-9.8,-7262,-34.6,68,4.7
"36029","5","518210","78","0","2017","1","",31,584,578,590,18468651,3826411,142130,2433,"",0.61,0.58,0.57,0.58,0.69,0.40,0.53,1.18,"",-2,-6.1,-91,-13.5,-89,-13.3,-75,-11.3,1601866,9.5,-527380,-12.1,-28074,-16.5,494,25.5
"36043","5","518210","78","0","2017","1","N",1,0,0,0,0,0,0,0,"N",0.38,0,0,0,0,0,0,0,"N",0,0.0,0,0,0,0,0,0,0,0,0,0,0,0,0,0
"36045","5","518210","78","0","2017","1","N",1,0,0,0,0,0,0,0,"N",0.17,0,0,0,0,0,0,0,"N",0,0.0,0,0,0,0,0,0,0,0,0,0,0,0,0,0
"36047","5","518210","78","0","2017","1","",74,336,348,337,7135127,3082327,97176,1613,"",0.58,0.22,0.23,0.22,0.20,0.24,0.27,0.88,"",11,17.5,73,27.8,97,38.6,91,37.0,3672125,106.0,1039047,50.9,8522,9.6,561,53.3
"36055","5","518210","78","0","2017","1","",29,611,602,625,18498279,5934153,209547,2323,"",0.75,0.74,0.72,0.75,0.83,0.78,0.97,1.12,"",2,7.4,-193,-24.0,-219,-26.7,-219,-25.9,4538139,32.5,-1741577,-22.7,-102292,-32.8,1018,78.0
"36057","5","518210","78","0","2017","1","N",1,0,0,0,0,0,0,0,"N",0.39,0,0,0,0,0,0,0,"N",0,0.0,0,0,0,0,0,0,0,0,0,0,0,0,0,0
"36059","5","518210","78","0","2017","1","",64,1080,1091,1089,27455077,10138521,347626,1943,"",0.58,0.80,0.81,0.80,0.63,0.76,0.91,0.78,"",5,8.5,49,4.8,52,5.0,49,4.7,2964243,12.1,425539,4.4,2875,0.8,126,6.9
"36061","5","518210","78","0","2017","1","",365,7551,7679,7937,461358965,87250467,2815938,4596,"",1.38,1.43,1.44,1.49,1.06,1.20,1.29,0.73,"",12,3.4,418,5.9,452,6.3,624,8.5,56379773,13.9,6401757,7.9,-58591,-2.0,284,6.6
"36063","5","518210","78","0","2017","1","N",1,0,0,0,0,0,0,0,"N",0.10,0,0,0,0,0,0,0,"N",0,0.0,0,0,0,0,0,0,0,0,0,0,0,0,0,0
"36065","5","518210","78","0","2017","1","N",7,0,0,0,0,0,0,0,"N",0.63,0,0,0,0,0,0,0,"N",0,0.0,0,0,0,0,0,0,0,0,0,0,0,0,0,0
"36067","5","518210","78","0","2017","1","",17,228,229,232,2246035,1738793,68593,752,"",0.64,0.43,0.44,0.44,0.16,0.35,0.50,0.36,"",1,6.2,28,14.0,33,16.8,34,17.2,606534,37.0,466795,36.7,18183,36.1,115,18.1
"36069","5","518210","78","0","2017","1","",4,256,254,253,3485894,2217289,77760,1054,"",0.60,2.27,2.26,2.26,1.20,2.11,2.45,0.53,"",-1,-20.0,24,10.3,32,14.4,35,16.1,-117418,-3.3,99506,4.7,-10077,-11.5,-183,-14.8
"36071","3","518210","78","0","2017","1","N",1,0,0,0,0,0,0,0,"N",9.60,0,0,0,0,0,0,0,"N",0,0.0,0,0,0,0,0,0,0,0,0,0,0,0,0,0
"36071","5","518210","78","0","2017","1","",8,17,23,23,114393,109693,4118,419,"",0.37,0.06,0.08,0.08,0.02,0.04,0.06,0.22,"",2,33.3,13,325.0,19,475.0,17,283.3,78793,221.3,74093,208.1,3495,561.0,-168,-28.6
"36075","5","518210","78","0","2017","1","N",1,0,0,0,0,0,0,0,"N",0.20,0,0,0,0,0,0,0,"N",0,0.0,0,0,0,0,0,0,0,0,0,0,0,0,0,0
"36079","5","518210","78","0","2017","1","N",3,0,0,0,0,0,0,0,"N",0.47,0,0,0,0,0,0,0,"N",0,0.0,0,0,0,0,0,0,0,0,0,0,0,0,0,0
"36081","5","518210","78","0","2017","1","",25,103,107,104,3789679,1078667,39803,2785,"",0.23,0.07,0.08,0.07,0.10,0.08,0.10,1.30,"N",1,4.2,0,0,0,0,0,0,0,0,0,0,0,0,0,0
"36083","5","518210","78","0","2017","1","N",2,0,0,0,0,0,0,0,"N",0.29,0,0,0,0,0,0,0,"N",1,100.0,0,0,0,0,0,0,0,0,0,0,0,0,0,0
"36085","5","518210","78","0","2017","1","N",6,0,0,0,0,0,0,0,"N",0.30,0,0,0,0,0,0,0,"N",0,0.0,0,0,0,0,0,0,0,0,0,0,0,0,0,0
"36087","5","518210","78","0","2017","1","",15,393,394,389,12139140,3435387,167940,2382,"",0.68,1.49,1.49,1.47,1.59,1.39,2.28,1.07,"",-1,-6.2,-2,-0.5,5,1.3,-1,-0.3,-1992092,-14.1,-506829,-12.9,-37583,-18.3,-396,-14.3
"36091","5","518210","78","0","2017","1","",11,106,105,103,1955291,985446,32351,1437,"",0.89,0.59,0.58,0.56,0.41,0.53,0.62,0.71,"",0,0.0,1,1.0,1,1.0,-2,-1.9,185785,10.5,27562,2.9,-7045,-17.9,137,10.5
"36093","5","518210","78","0","2017","1","",5,13,14,12,244732,72228,2043,1448,"",0.69,0.10,0.10,0.09,0.06,0.05,0.06,0.61,"",1,25.0,4,44.4,5,55.6,1,9.1,79533,48.1,33060,84.4,850,71.2,133,10.1
"36099","5","518210","78","0","2017","1","N",1,0,0,0,0,0,0,0,"N",0.63,0,0,0,0,0,0,0,"N",0,0.0,0,0,0,0,0,0,0,0,0,0,0,0,0,0
"36101","5","518210","78","0","2017","1","N",2,0,0,0,0,0,0,0,"N",0.45,0,0,0,0,0,0,0,"N",1,100.0,0,0,0,0,0,0,0,0,0,0,0,0,0,0
"36103","5","518210","78","0","2017","1","",50,818,822,811,34370735,7733519,213674,3236,"",0.46,0.58,0.59,0.58,0.79,0.54,0.49,1.35,"",-1,-2.0,44,5.7,47,6.1,33,4.2,8152847,31.1,884098,12.9,-25117,-10.5,636,24.5
"36109","5","518210","78","0","2017","1","N",3,0,0,0,0,0,0,0,"N",0.54,0,0,0,0,0,0,0,"N",1,50.0,0,0,0,0,0,0,0,0,0,0,0,0,0,0
"36111","5","518210","78","0","2017","1","N",3,0,0,0,0,0,0,0,"N",0.28,0,0,0,0,0,0,0,"N",-1,-25.0,0,0,0,0,0,0,0,0,0,0,0,0,0,0
"36117","5","518210","78","0","2017","1","N",5,0,0,0,0,0,0,0,"N",1.17,0,0,0,0,0,0,0,"N",0,0.0,0,0,0,0,0,0,0,0,0,0,0,0,0,0
"36119","5","518210","78","0","2017","1","",53,1102,1106,1103,29973277,12379292,263630,2089,"",0.71,1.21,1.21,1.20,0.81,1.28,0.90,0.67,"",-2,-3.6,-99,-8.2,-73,-6.2,-73,-6.2,-3331414,-10.0,-597020,-4.6,-203929,-43.6,-72,-3.3
"36999","5","518210","78","0","2017","1","",208,696,708,734,25763976,8256995,311468,2781,"",3.01,2.12,2.13,2.19,1.46,1.48,1.54,0.68,"",29,16.2,131,23.2,158,28.7,152,26.1,-596465,-2.3,1766302,27.2,36166,13.1,-804,-22.4
"37000","5","518210","58","0","2017","1","",674,13467,13618,13750,452754004,225100474,2079518,2559,"",1.19,1.45,1.46,1.47,1.77,1.75,1.53,1.21,"",2,0.3,624,4.9,610,4.7,816,6.3,44835611,11.0,19445244,9.5,-1121608,-35.0,132,5.4
"37001","5","518210","78","0","2017","1","",5,130,128,127,1230623,1135933,10821,738,"",0.70,1.00,0.98,0.97,0.44,0.69,0.73,0.45,"",1,25.0,3,2.4,5,4.1,4,3.3,35839,3.0,55646,5.2,-7388,-40.6,-1,-0.1
"37019","5","518210","78","0","2017","1","",6,15,17,17,302178,244026,2807,1423,"",1.04,0.23,0.26,0.25,0.21,0.30,0.38,0.88,"",-1,-14.3,1,7.1,3,21.4,1,6.2,150373,99.1,92221,60.7,939,50.3,627,78.8
"37021","5","518210","78","0","2017","1","",15,46,42,41,959995,815132,9110,1717,"",0.79,0.17,0.15,0.15,0.16,0.25,0.31,1.02,"",0,0.0,3,7.0,-1,-2.3,-5,-10.9,-265081,-21.6,-197565,-19.5,-8281,-47.6,-425,-19.8
"37025","5","518210","78","0","2017","1","",6,17,17,18,423042,240494,4027,1877,"",0.61,0.10,0.10,0.11,0.12,0.13,0.19,1.10,"N",0,0.0,0,0,0,0,0,0,0,0,0,0,0,0,0,0
"37027","5","518210","78","0","2017","1","N",2,0,0,0,0,0,0,0,"N",0.70,0,0,0,0,0,0,0,"N",0,0.0,0,0,0,0,0,0,0,0,0,0,0,0,0,0
"37029","5","518210","78","0","2017","1","N",1,0,0,0,0,0,0,0,"N",2.56,0,0,0,0,0,0,0,"N",1,100.0,0,0,0,0,0,0,0,0,0,0,0,0,0,0
"37031","5","518210","78","0","2017","1","N",2,0,0,0,0,0,0,0,"N",0.44,0,0,0,0,0,0,0,"N",0,0.0,0,0,0,0,0,0,0,0,0,0,0,0,0,0
"37035","5","518210","78","0","2017","1","",7,81,80,81,1195193,1098843,8106,1140,"",0.77,0.43,0.42,0.42,0.28,0.42,0.24,0.65,"N",-1,-12.5,0,0,0,0,0,0,0,0,0,0,0,0,0,0
"37037","5","518210","78","0","2017","1","",4,8,7,7,169887,126473,932,1782,"",1.32,0.25,0.22,0.22,0.27,0.36,0.29,1.19,"N",2,100.0,0,0,0,0,0,0,0,0,0,0,0,0,0,0
"37039","5","518210","78","0","2017","1","N",2,0,0,0,0,0,0,0,"N",1.35,0,0,0,0,0,0,0,"N",0,0.0,0,0,0,0,0,0,0,0,0,0,0,0,0,0
"37041","5","518210","78","0","2017","1","N",1,0,0,0,0,0,0,0,"N",1.24,0,0,0,0,0,0,0,"N",0,0.0,0,0,0,0,0,0,0,0,0,0,0,0,0,0
"37045","5","518210","78","0","2017","1","N",4,0,0,0,0,0,0,0,"N",0.96,0,0,0,0,0,0,0,"N",1,33.3,0,0,0,0,0,0,0,0,0,0,0,0,0,0
"37049","5","518210","78","0","2017","1","N",4,0,0,0,0,0,0,0,"N",0.82,0,0,0,0,0,0,0,"N",1,33.3,0,0,0,0,0,0,0,0,0,0,0,0,0,0
"37051","5","518210","78","0","2017","1","N",5,0,0,0,0,0,0,0,"N",0.39,0,0,0,0,0,0,0,"N",0,0.0,0,0,0,0,0,0,0,0,0,0,0,0,0,0
"37053","5","518210","78","0","2017","1","N",1,0,0,0,0,0,0,0,"N",0.68,0,0,0,0,0,0,0,"N",0,0.0,0,0,0,0,0,0,0,0,0,0,0,0,0,0
"37055","5","518210","78","0","2017","1","N",1,0,0,0,0,0,0,0,"N",0.25,0,0,0,0,0,0,0,"N",0,0.0,0,0,0,0,0,0,0,0,0,0,0,0,0,0
"37057","5","518210","78","0","2017","1","N",2,0,0,0,0,0,0,0,"N",0.34,0,0,0,0,0,0,0,"N",0,0.0,0,0,0,0,0,0,0,0,0,0,0,0,0,0
"37059","5","518210","78","0","2017","1","N",1,0,0,0,0,0,0,0,"N",0.53,0,0,0,0,0,0,0,"N",1,100.0,0,0,0,0,0,0,0,0,0,0,0,0,0,0
"37061","5","518210","78","0","2017","1","N",1,0,0,0,0,0,0,0,"N",0.45,0,0,0,0,0,0,0,"N",-1,-50.0,0,0,0,0,0,0,0,0,0,0,0,0,0,0
"37063","5","518210","78","0","2017","1","",30,421,421,418,12230027,7877687,100895,2240,"",1.73,0.98,0.97,0.96,0.74,1.18,1.64,0.76,"",0,0.0,135,47.2,136,47.7,130,45.1,5964985,95.2,3419590,76.7,26320,35.3,557,33.1
"37067","5","518210","78","0","2017","1","",20,141,142,141,2467887,1984514,26824,1343,"",1.04,0.36,0.36,0.35,0.20,0.39,0.49,0.57,"",-4,-16.7,-24,-14.5,-22,-13.4,-25,-15.1,-912747,-27.0,-485811,-19.7,-18000,-40.2,-233,-14.8
"37069","5","518210","78","0","2017","1","N",3,0,0,0,0,0,0,0,"N",1.28,0,0,0,0,0,0,0,"N",1,50.0,0,0,0,0,0,0,0,0,0,0,0,0,0,0
"37071","5","518210","78","0","2017","1","N",2,0,0,0,0,0,0,0,"N",0.22,0,0,0,0,0,0,0,"N",-1,-33.3,0,0,0,0,0,0,0,0,0,0,0,0,0,0
"37075","5","518210","78","0","2017","1","N",1,0,0,0,0,0,0,0,"N",2.54,0,0,0,0,0,0,0,"N",0,0.0,0,0,0,0,0,0,0,0,0,0,0,0,0,0
"37081","5","518210","78","0","2017","1","",23,437,442,446,24187846,10240212,70841,4213,"",0.77,0.72,0.73,0.73,1.55,1.19,0.80,2.13,"",4,21.1,113,34.9,115,35.2,116,35.2,2104676,9.5,3260969,46.7,-24595,-25.8,-982,-18.9
"37085","5","518210","78","0","2017","1","N",1,0,0,0,0,0,0,0,"N",0.27,0,0,0,0,0,0,0,"N",0,0.0,0,0,0,0,0,0,0,0,0,0,0,0,0,0
"37087","5","518210","78","0","2017","1","N",1,0,0,0,0,0,0,0,"N",0.32,0,0,0,0,0,0,0,"N",0,0.0,0,0,0,0,0,0,0,0,0,0,0,0,0,0
"37089","5","518210","78","0","2017","1","N",2,0,0,0,0,0,0,0,"N",0.32,0,0,0,0,0,0,0,"N",1,100.0,0,0,0,0,0,0,0,0,0,0,0,0,0,0
"37097","5","518210","78","0","2017","1","N",5,0,0,0,0,0,0,0,"N",0.46,0,0,0,0,0,0,0,"N",1,25.0,0,0,0,0,0,0,0,0,0,0,0,0,0,0
"37099","5","518210","78","0","2017","1","N",4,0,0,0,0,0,0,0,"N",1.89,0,0,0,0,0,0,0,"N",0,0.0,0,0,0,0,0,0,0,0,0,0,0,0,0,0
"37101","5","518210","78","0","2017","1","N",4,0,0,0,0,0,0,0,"N",0.56,0,0,0,0,0,0,0,"N",-1,-20.0,0,0,0,0,0,0,0,0,0,0,0,0,0,0
"37105","5","518210","78","0","2017","1","N",2,0,0,0,0,0,0,0,"N",0.69,0,0,0,0,0,0,0,"N",0,0.0,0,0,0,0,0,0,0,0,0,0,0,0,0,0
"37111","5","518210","78","0","2017","1","N",1,0,0,0,0,0,0,0,"N",0.62,0,0,0,0,0,0,0,"N",0,0.0,0,0,0,0,0,0,0,0,0,0,0,0,0,0
"37113","5","518210","78","0","2017","1","N",2,0,0,0,0,0,0,0,"N",0.84,0,0,0,0,0,0,0,"N",0,0.0,0,0,0,0,0,0,0,0,0,0,0,0,0,0
"37115","5","518210","78","0","2017","1","N",2,0,0,0,0,0,0,0,"N",2.46,0,0,0,0,0,0,0,"N",0,0.0,0,0,0,0,0,0,0,0,0,0,0,0,0,0
"37119","5","518210","78","0","2017","1","",132,7467,7485,7605,293794541,127170425,1093017,3006,"",1.70,5.14,5.13,5.17,4.97,4.61,3.80,0.97,"",-3,-2.2,-33,-0.4,-16,-0.2,217,2.9,19187856,7.0,2114645,1.7,-829620,-43.2,176,6.2
"37123","5","518210","78","0","2017","1","N",1,0,0,0,0,0,0,0,"N",0.95,0,0,0,0,0,0,0,"N",0,0.0,0,0,0,0,0,0,0,0,0,0,0,0,0,0
"37125","5","518210","78","0","2017","1","N",2,0,0,0,0,0,0,0,"N",0.37,0,0,0,0,0,0,0,"N",-1,-33.3,0,0,0,0,0,0,0,0,0,0,0,0,0,0
"37127","5","518210","78","0","2017","1","N",4,0,0,0,0,0,0,0,"N",0.89,0,0,0,0,0,0,0,"N",-1,-20.0,0,0,0,0,0,0,0,0,0,0,0,0,0,0
"37129","5","518210","78","0","2017","1","",16,88,89,89,2481015,1511201,17590,2152,"",0.96,0.37,0.37,0.37,0.44,0.50,0.56,1.19,"",0,0.0,45,104.7,47,111.9,47,111.9,1498489,152.5,862580,133.0,6732,62.0,367,20.6
"37133","5","518210","78","0","2017","1","",5,24,24,24,268438,232518,3764,860,"",0.78,0.23,0.23,0.23,0.14,0.27,0.47,0.63,"",-1,-16.7,-3,-11.1,-3,-11.1,-2,-7.7,-30479,-10.2,-26844,-10.4,-1795,-32.3,-2,-0.2
"37135","5","518210","78","0","2017","1","N",11,0,0,0,0,0,0,0,"N",1.34,0,0,0,0,0,0,0,"N",-1,-8.3,0,0,0,0,0,0,0,0,0,0,0,0,0,0
"37137","5","518210","78","0","2017","1","N",2,0,0,0,0,0,0,0,"N",3.31,0,0,0,0,0,0,0,"N",1,100.0,0,0,0,0,0,0,0,0,0,0,0,0,0,0
"37139","5","518210","78","0","2017","1","N",2,0,0,0,0,0,0,0,"N",0.97,0,0,0,0,0,0,0,"N",-1,-33.3,0,0,0,0,0,0,0,0,0,0,0,0,0,0
"37141","5","518210","78","0","2017","1","N",2,0,0,0,0,0,0,0,"N",0.80,0,0,0,0,0,0,0,"N",-1,-33.3,0,0,0,0,0,0,0,0,0,0,0,0,0,0
"37147","5","518210","78","0","2017","1","N",5,0,0,0,0,0,0,0,"N",0.63,0,0,0,0,0,0,0,"N",1,25.0,0,0,0,0,0,0,0,0,0,0,0,0,0,0
"37151","5","518210","78","0","2017","1","N",1,0,0,0,0,0,0,0,"N",0.19,0,0,0,0,0,0,0,"N",0,0.0,0,0,0,0,0,0,0,0,0,0,0,0,0,0
"37157","5","518210","78","0","2017","1","N",2,0,0,0,0,0,0,0,"N",0.58,0,0,0,0,0,0,0,"N",0,0.0,0,0,0,0,0,0,0,0,0,0,0,0,0,0
"37161","5","518210","78","0","2017","1","N",1,0,0,0,0,0,0,0,"N",0.37,0,0,0,0,0,0,0,"N",0,0.0,0,0,0,0,0,0,0,0,0,0,0,0,0,0
"37173","5","518210","78","0","2017","1","N",1,0,0,0,0,0,0,0,"N",1.13,0,0,0,0,0,0,0,"N",0,0.0,0,0,0,0,0,0,0,0,0,0,0,0,0,0
"37175","5","518210","78","0","2017","1","N",1,0,0,0,0,0,0,0,"N",0.54,0,0,0,0,0,0,0,"N",0,0.0,0,0,0,0,0,0,0,0,0,0,0,0,0,0
"37179","5","518210","78","0","2017","1","",16,38,35,32,564838,492810,5311,1241,"",1.43,0.28,0.26,0.23,0.18,0.26,0.27,0.72,"",2,14.3,-3,-7.3,-7,-16.7,-9,-22.0,-121404,-17.7,-77962,-13.7,-4629,-46.6,-36,-2.8
"37181","5","518210","78","0","2017","1","N",1,0,0,0,0,0,0,0,"N",0.57,0,0,0,0,0,0,0,"N",0,0.0,0,0,0,0,0,0,0,0,0,0,0,0,0,0
"37183","5","518210","78","0","2017","1","",144,1776,1807,1819,45394036,31842648,322557,1939,"",2.04,1.54,1.55,1.56,1.28,1.75,1.76,0.83,"",11,8.3,183,11.5,214,13.4,168,10.2,8019281,21.5,5291098,19.9,-122608,-27.5,156,8.7
"37189","5","518210","78","0","2017","1","N",2,0,0,0,0,0,0,0,"N",0.57,0,0,0,0,0,0,0,"N",0,0.0,0,0,0,0,0,0,0,0,0,0,0,0,0,0
"37191","5","518210","78","0","2017","1","N",2,0,0,0,0,0,0,0,"N",0.42,0,0,0,0,0,0,0,"N",0,0.0,0,0,0,0,0,0,0,0,0,0,0,0,0,0
"37195","5","518210","78","0","2017","1","N",2,0,0,0,0,0,0,0,"N",0.50,0,0,0,0,0,0,0,"N",-1,-33.3,0,0,0,0,0,0,0,0,0,0,0,0,0,0
"37197","5","518210","78","0","2017","1","N",2,0,0,0,0,0,0,0,"N",1.43,0,0,0,0,0,0,0,"N",0,0.0,0,0,0,0,0,0,0,0,0,0,0,0,0,0
"37199","5","518210","78","0","2017","1","N",1,0,0,0,0,0,0,0,"N",1.33,0,0,0,0,0,0,0,"N",0,0.0,0,0,0,0,0,0,0,0,0,0,0,0,0,0
"37999","5","518210","78","0","2017","1","",143,964,1088,1103,32108486,18451356,256774,2349,"",4.12,4.17,4.61,4.69,2.87,2.98,3.03,0.64,"",-4,-2.7,225,30.4,190,21.2,232,26.6,6378742,24.8,5071785,37.9,21070,8.9,-18,-0.8
"38000","3","518210","58","0","2017","1","N",2,0,0,0,0,0,0,0,"N",6.17,0,0,0,0,0,0,0,"N",0,0.0,0,0,0,0,0,0,0,0,0,0,0,0,0,0
"38000","5","518210","58","0","2017","1","",30,545,558,555,8421676,6494212,46823,1172,"",0.45,0.62,0.63,0.63,0.36,0.49,0.19,0.58,"",0,0.0,-21,-3.7,-4,-0.7,-25,-4.3,366497,4.5,293632,4.7,15237,48.2,84,7.7
"38011","5","518210","78","0","2017","1","N",1,0,0,0,0,0,0,0,"N",2.50,0,0,0,0,0,0,0,"N",1,100.0,0,0,0,0,0,0,0,0,0,0,0,0,0,0
"38015","5","518210","78","0","2017","1","N",5,0,0,0,0,0,0,0,"N",0.64,0,0,0,0,0,0,0,"N",1,25.0,0,0,0,0,0,0,0,0,0,0,0,0,0,0
"38017","3","518210","78","0","2017","1","N",1,0,0,0,0,0,0,0,"N",13.80,0,0,0,0,0,0,0,"N",0,0.0,0,0,0,0,0,0,0,0,0,0,0,0,0,0
"38017","5","518210","78","0","2017","1","",12,480,485,479,7718142,5791606,32808,1233,"",0.80,1.91,1.92,1.90,1.18,1.56,0.91,0.62,"",1,9.1,-19,-3.8,-4,-0.8,-22,-4.4,311119,4.2,239182,4.3,10717,48.5,85,7.4
"38021","5","518210","78","0","2017","1","N",1,0,0,0,0,0,0,0,"N",1.76,0,0,0,0,0,0,0,"N",0,0.0,0,0,0,0,0,0,0,0,0,0,0,0,0,0
"38035","5","518210","78","0","2017","1","N",6,0,0,0,0,0,0,0,"N",1.28,0,0,0,0,0,0,0,"N",0,0.0,0,0,0,0,0,0,0,0,0,0,0,0,0,0
"38055","5","518210","78","0","2017","1","N",1,0,0,0,0,0,0,0,"N",1.26,0,0,0,0,0,0,0,"N",1,100.0,0,0,0,0,0,0,0,0,0,0,0,0,0,0
"38059","5","518210","78","0","2017","1","N",1,0,0,0,0,0,0,0,"N",0.47,0,0,0,0,0,0,0,"N",0,0.0,0,0,0,0,0,0,0,0,0,0,0,0,0,0
"38073","5","518210","78","0","2017","1","N",1,0,0,0,0,0,0,0,"N",1.89,0,0,0,0,0,0,0,"N",0,0.0,0,0,0,0,0,0,0,0,0,0,0,0,0,0
"38077","5","518210","78","0","2017","1","N",1,0,0,0,0,0,0,0,"N",0.76,0,0,0,0,0,0,0,"N",1,100.0,0,0,0,0,0,0,0,0,0,0,0,0,0,0
"38079","3","518210","78","0","2017","1","N",1,0,0,0,0,0,0,0,"N",373.25,0,0,0,0,0,0,0,"N",0,0.0,0,0,0,0,0,0,0,0,0,0,0,0,0,0
"38093","5","518210","78","0","2017","1","-",0,0,0,0,0,0,0,0,"N",0.00,0,0,0,0,0,0,0,"N",0,0,0,0,0,0,0,0,0,0,0,0,0,0,0,0
"38099","5","518210","78","0","2017","1","N",1,0,0,0,0,0,0,0,"N",0.90,0,0,0,0,0,0,0,"N",0,0.0,0,0,0,0,0,0,0,0,0,0,0,0,0,0
"39000","3","518210","58","0","2017","1","",41,571,567,570,9389143,0,0,1269,"",13.67,5.61,5.61,5.62,6.18,0.00,0.00,1.10,"",0,0.0,32,5.9,35,6.6,39,7.3,1213337,14.8,0,0.0,0,0.0,91,7.7
"39000","5","518210","58","0","2017","1","",511,7118,7150,7194,151312608,59973266,1942451,1627,"",0.83,0.62,0.62,0.62,0.49,0.56,0.62,0.78,"",31,6.5,865,13.8,824,13.0,742,11.5,33705725,28.7,9457660,18.7,481779,33.0,201,14.1
"39001","5","518210","78","0","2017","1","N",1,0,0,0,0,0,0,0,"N",0.83,0,0,0,0,0,0,0,"N",1,100.0,0,0,0,0,0,0,0,0,0,0,0,0,0,0
"39003","5","518210","78","0","2017","1","N",2,0,0,0,0,0,0,0,"N",0.38,0,0,0,0,0,0,0,"N",0,0.0,0,0,0,0,0,0,0,0,0,0,0,0,0,0
"39005","3","518210","78","0","2017","1","N",1,0,0,0,0,0,0,0,"N",86.34,0,0,0,0,0,0,0,"N",0,0.0,0,0,0,0,0,0,0,0,0,0,0,0,0,0
"39005","5","518210","78","0","2017","1","N",1,0,0,0,0,0,0,0,"N",0.42,0,0,0,0,0,0,0,"N",0,0.0,0,0,0,0,0,0,0,0,0,0,0,0,0,0
"39007","5","518210","78","0","2017","1","N",3,0,0,0,0,0,0,0,"N",0.69,0,0,0,0,0,0,0,"N",0,0.0,0,0,0,0,0,0,0,0,0,0,0,0,0,0
"39009","5","518210","78","0","2017","1","",4,12,12,12,118016,93747,1758,757,"",1.59,0.26,0.25,0.26,0.12,0.39,0.27,0.47,"N",2,100.0,0,0,0,0,0,0,0,0,0,0,0,0,0,0
"39013","5","518210","78","0","2017","1","N",1,0,0,0,0,0,0,0,"N",0.29,0,0,0,0,0,0,0,"N",0,0.0,0,0,0,0,0,0,0,0,0,0,0,0,0,0
"39017","3","518210","78","0","2017","1","N",2,0,0,0,0,0,0,0,"N",25.22,0,0,0,0,0,0,0,"N",0,0.0,0,0,0,0,0,0,0,0,0,0,0,0,0,0
"39017","5","518210","78","0","2017","1","",13,52,51,53,1359035,431978,12612,2010,"",0.80,0.16,0.16,0.16,0.15,0.13,0.13,0.95,"",4,44.4,3,6.1,1,2.0,3,6.0,188605,16.1,8147,1.9,-6518,-34.1,197,10.9
"39021","5","518210","78","0","2017","1","N",1,0,0,0,0,0,0,0,"N",0.69,0,0,0,0,0,0,0,"N",0,0.0,0,0,0,0,0,0,0,0,0,0,0,0,0,0
"39023","5","518210","78","0","2017","1","N",1,0,0,0,0,0,0,0,"N",0.19,0,0,0,0,0,0,0,"N",-1,-50.0,0,0,0,0,0,0,0,0,0,0,0,0,0,0
"39025","5","518210","78","0","2017","1","",9,13,14,15,119239,95931,2434,655,"",1.07,0.10,0.11,0.12,0.04,0.08,0.07,0.37,"",2,28.6,3,30.0,5,55.6,5,50.0,744,0.6,36257,60.8,1270,109.1,-288,-30.5
"39027","5","518210","78","0","2017","1","N",2,0,0,0,0,0,0,0,"N",1.16,0,0,0,0,0,0,0,"N",1,100.0,0,0,0,0,0,0,0,0,0,0,0,0,0,0
"39033","5","518210","78","0","2017","1","N",1,0,0,0,0,0,0,0,"N",0.51,0,0,0,0,0,0,0,"N",1,100.0,0,0,0,0,0,0,0,0,0,0,0,0,0,0
"39035","3","518210","78","0","2017","1","",7,211,209,209,2984681,0,0,1095,"",19.20,15.37,15.36,15.35,12.77,0.00,0.00,0.83,"",0,0.0,-4,-1.9,-7,-3.2,-9,-4.1,-55344,-1.8,0,0.0,0,0.0,14,1.3
"39035","5","518210","78","0","2017","1","",62,1444,1459,1463,27809812,12406134,325317,1470,"",0.83,0.94,0.94,0.94,0.58,0.88,0.78,0.62,"",3,5.1,226,18.6,215,17.3,176,13.7,6674413,31.6,2519601,25.5,120813,59.1,169,13.0
"39037","5","518210","78","0","2017","1","N",1,0,0,0,0,0,0,0,"N",0.39,0,0,0,0,0,0,0,"N",0,0.0,0,0,0,0,0,0,0,0,0,0,0,0,0,0
"39039","5","518210","78","0","2017","1","N",2,0,0,0,0,0,0,0,"N",1.10,0,0,0,0,0,0,0,"N",0,0.0,0,0,0,0,0,0,0,0,0,0,0,0,0,0
"39041","5","518210","78","0","2017","1","",13,76,73,75,1293610,680131,16090,1333,"",1.18,0.41,0.40,0.40,0.22,0.33,0.30,0.54,"",4,44.4,8,11.8,1,1.4,2,2.7,206839,19.0,85456,14.4,1374,9.3,156,13.3
"39043","3","518210","78","0","2017","1","N",1,0,0,0,0,0,0,0,"N",49.43,0,0,0,0,0,0,0,"N",0,0.0,0,0,0,0,0,0,0,0,0,0,0,0,0,0
"39043","5","518210","78","0","2017","1","N",3,0,0,0,0,0,0,0,"N",0.72,0,0,0,0,0,0,0,"N",1,50.0,0,0,0,0,0,0,0,0,0,0,0,0,0,0
"39045","3","518210","78","0","2017","1","N",2,0,0,0,0,0,0,0,"N",67.08,0,0,0,0,0,0,0,"N",0,0.0,0,0,0,0,0,0,0,0,0,0,0,0,0,0
"39045","5","518210","78","0","2017","1","N",2,0,0,0,0,0,0,0,"N",0.33,0,0,0,0,0,0,0,"N",1,100.0,0,0,0,0,0,0,0,0,0,0,0,0,0,0
"39049","3","518210","78","0","2017","1","",6,42,41,42,864335,0,0,1596,"",18.58,2.93,2.89,2.96,3.57,0.00,0.00,1.22,"",0,0.0,1,2.4,0,0.0,2,5.0,142559,19.8,0,0.0,0,0.0,231,16.9
"39049","5","518210","78","0","2017","1","",80,2352,2368,2407,51554296,20411499,529741,1669,"",1.20,1.46,1.47,1.49,1.05,1.36,1.33,0.71,"",6,8.1,286,13.8,281,13.5,290,13.7,14071602,37.5,4335204,27.0,200244,60.8,289,20.9
"39051","5","518210","78","0","2017","1","N",1,0,0,0,0,0,0,0,"N",0.45,0,0,0,0,0,0,0,"N",-1,-50.0,0,0,0,0,0,0,0,0,0,0,0,0,0,0
"39055","5","518210","78","0","2017","1","",6,7,7,7,184937,51690,628,2032,"",0.98,0.10,0.10,0.10,0.12,0.07,0.03,1.22,"",0,0.0,-2,-22.2,-2,-22.2,-2,-22.2,-16377,-8.1,-17380,-25.2,-173,-21.6,311,18.1
"39057","3","518210","78","0","2017","1","N",2,0,0,0,0,0,0,0,"N",55.27,0,0,0,0,0,0,0,"N",0,0.0,0,0,0,0,0,0,0,0,0,0,0,0,0,0
"39057","5","518210","78","0","2017","1","",11,327,316,319,6216152,2897689,134243,1491,"",1.48,2.05,1.98,2.00,1.40,2.56,4.25,0.70,"",-1,-8.3,77,30.8,68,27.4,70,28.1,1355873,27.9,693486,31.5,7218,5.7,-10,-0.7
"39059","5","518210","78","0","2017","1","N",1,0,0,0,0,0,0,0,"N",0.50,0,0,0,0,0,0,0,"N",0,0.0,0,0,0,0,0,0,0,0,0,0,0,0,0,0
"39061","3","518210","78","0","2017","1","N",1,0,0,0,0,0,0,0,"N",4.13,0,0,0,0,0,0,0,"N",0,0.0,0,0,0,0,0,0,0,0,0,0,0,0,0,0
"39061","5","518210","78","0","2017","1","",39,494,496,499,12477849,4324277,226173,1934,"",0.78,0.45,0.45,0.45,0.34,0.39,0.73,0.76,"",9,30.0,28,6.0,27,5.8,14,2.9,2014651,19.3,201061,4.9,25237,12.6,234,13.8
"39063","5","518210","78","0","2017","1","N",1,0,0,0,0,0,0,0,"N",0.26,0,0,0,0,0,0,0,"N",0,0.0,0,0,0,0,0,0,0,0,0,0,0,0,0,0
"39067","5","518210","78","0","2017","1","N",1,0,0,0,0,0,0,0,"N",1.38,0,0,0,0,0,0,0,"N",0,0.0,0,0,0,0,0,0,0,0,0,0,0,0,0,0
"39069","3","518210","78","0","2017","1","N",1,0,0,0,0,0,0,0,"N",148.06,0,0,0,0,0,0,0,"N",0,0.0,0,0,0,0,0,0,0,0,0,0,0,0,0,0
"39073","5","518210","78","0","2017","1","N",1,0,0,0,0,0,0,0,"N",0.88,0,0,0,0,0,0,0,"N",0,0.0,0,0,0,0,0,0,0,0,0,0,0,0,0,0
"39077","5","518210","78","0","2017","1","N",1,0,0,0,0,0,0,0,"N",0.37,0,0,0,0,0,0,0,"N",-1,-50.0,0,0,0,0,0,0,0,0,0,0,0,0,0,0
"39083","3","518210","78","0","2017","1","N",1,0,0,0,0,0,0,0,"N",83.69,0,0,0,0,0,0,0,"N",0,0.0,0,0,0,0,0,0,0,0,0,0,0,0,0,0
"39083","5","518210","78","0","2017","1","-",0,0,0,0,0,0,0,0,"N",0.00,0,0,0,0,0,0,0,"N",-1,-100.0,0,0,0,0,0,0,0,0,0,0,0,0,0,0
"39085","5","518210","78","0","2017","1","",10,10,10,10,228323,90000,2466,1756,"",0.76,0.05,0.05,0.05,0.05,0.05,0.04,0.94,"",2,25.0,1,11.1,1,11.1,1,11.1,11655,5.4,15000,20.0,837,51.4,-96,-5.2
"39087","5","518210","78","0","2017","1","-",0,0,0,0,0,0,0,0,"N",0.00,0,0,0,0,0,0,0,"N",0,0,0,0,0,0,0,0,0,0,0,0,0,0,0,0
"39089","5","518210","78","0","2017","1","",4,4,3,4,92510,27128,840,1941,"",0.57,0.04,0.03,0.03,0.04,0.03,0.03,1.12,"",-1,-20.0,-11,-73.3,-13,-81.2,-12,-75.0,-111033,-54.6,-103724,-79.3,-1263,-60.1,942,94.3
"39093","5","518210","78","0","2017","1","N",4,0,0,0,0,0,0,0,"N",0.31,0,0,0,0,0,0,0,"N",-2,-33.3,0,0,0,0,0,0,0,0,0,0,0,0,0,0
"39095","5","518210","78","0","2017","1","",11,45,44,39,806158,361081,13838,1453,"",0.52,0.10,0.10,0.09,0.07,0.09,0.12,0.72,"",-1,-8.3,-1,-2.2,-3,-6.4,-7,-15.2,-11343,-1.4,-2043,-0.6,5809,72.4,96,7.1
"39097","5","518210","78","0","2017","1","N",2,0,0,0,0,0,0,0,"N",1.16,0,0,0,0,0,0,0,"N",0,0.0,0,0,0,0,0,0,0,0,0,0,0,0,0,0
"39099","3","518210","78","0","2017","1","N",1,0,0,0,0,0,0,0,"N",16.72,0,0,0,0,0,0,0,"N",0,0.0,0,0,0,0,0,0,0,0,0,0,0,0,0,0
"39099","5","518210","78","0","2017","1","",7,146,148,149,2369416,1240833,41163,1234,"",0.57,0.71,0.72,0.72,0.57,0.72,0.78,0.80,"",-1,-12.5,9,6.6,11,8.0,12,8.8,542140,29.7,139413,12.7,12206,42.2,208,20.3
"39103","3","518210","78","0","2017","1","N",2,0,0,0,0,0,0,0,"N",43.60,0,0,0,0,0,0,0,"N",0,0.0,0,0,0,0,0,0,0,0,0,0,0,0,0,0
"39103","5","518210","78","0","2017","1","",8,13,14,15,404264,131000,6039,2221,"",0.85,0.10,0.11,0.12,0.14,0.11,0.17,1.28,"N",0,0.0,0,0,0,0,0,0,0,0,0,0,0,0,0,0
"39111","5","518210","78","0","2017","1","-",0,0,0,0,0,0,0,0,"N",0.00,0,0,0,0,0,0,0,"N",0,0,0,0,0,0,0,0,0,0,0,0,0,0,0,0
"39113","3","518210","78","0","2017","1","N",2,0,0,0,0,0,0,0,"N",16.61,0,0,0,0,0,0,0,"N",0,0.0,0,0,0,0,0,0,0,0,0,0,0,0,0,0
"39113","5","518210","78","0","2017","1","",12,108,108,112,3585321,983182,39227,2523,"",0.48,0.20,0.20,0.20,0.26,0.20,0.28,1.32,"",-3,-20.0,14,14.9,6,5.9,0,0.0,605487,20.3,11043,1.1,1022,2.7,290,13.0
"39119","3","518210","78","0","2017","1","N",1,0,0,0,0,0,0,0,"N",53.53,0,0,0,0,0,0,0,"N",0,0.0,0,0,0,0,0,0,0,0,0,0,0,0,0,0
"39129","5","518210","78","0","2017","1","N",1,0,0,0,0,0,0,0,"N",0.53,0,0,0,0,0,0,0,"N",0,0.0,0,0,0,0,0,0,0,0,0,0,0,0,0,0
"39133","5","518210","78","0","2017","1","N",4,0,0,0,0,0,0,0,"N",0.58,0,0,0,0,0,0,0,"N",0,0.0,0,0,0,0,0,0,0,0,0,0,0,0,0,0
"39137","5","518210","78","0","2017","1","-",0,0,0,0,0,0,0,0,"N",0.00,0,0,0,0,0,0,0,"N",0,0,0,0,0,0,0,0,0,0,0,0,0,0,0,0
"39139","3","518210","78","0","2017","1","N",1,0,0,0,0,0,0,0,"N",36.02,0,0,0,0,0,0,0,"N",0,0.0,0,0,0,0,0,0,0,0,0,0,0,0,0,0
"39139","5","518210","78","0","2017","1","N",2,0,0,0,0,0,0,0,"N",0.35,0,0,0,0,0,0,0,"N",-1,-33.3,0,0,0,0,0,0,0,0,0,0,0,0,0,0
"39141","5","518210","78","0","2017","1","N",2,0,0,0,0,0,0,0,"N",0.69,0,0,0,0,0,0,0,"N",0,0.0,0,0,0,0,0,0,0,0,0,0,0,0,0,0
"39143","5","518210","78","0","2017","1","N",1,0,0,0,0,0,0,0,"N",0.34,0,0,0,0,0,0,0,"N",0,0.0,0,0,0,0,0,0,0,0,0,0,0,0,0,0
"39145","5","518210","78","0","2017","1","N",1,0,0,0,0,0,0,0,"N",0.34,0,0,0,0,0,0,0,"N",0,0.0,0,0,0,0,0,0,0,0,0,0,0,0,0,0
"39149","3","518210","78","0","2017","1","N",1,0,0,0,0,0,0,0,"N",95.40,0,0,0,0,0,0,0,"N",0,0.0,0,0,0,0,0,0,0,0,0,0,0,0,0,0
"39151","3","518210","78","0","2017","1","N",2,0,0,0,0,0,0,0,"N",23.00,0,0,0,0,0,0,0,"N",0,0.0,0,0,0,0,0,0,0,0,0,0,0,0,0,0
"39151","5","518210","78","0","2017","1","",12,44,44,44,870281,333636,10498,1521,"",0.67,0.13,0.13,0.13,0.12,0.11,0.11,0.92,"",2,20.0,-4,-8.3,-5,-10.2,-5,-10.2,181867,26.4,-10703,-3.1,-1004,-8.7,433,39.8
"39153","3","518210","78","0","2017","1","N",4,0,0,0,0,0,0,0,"N",27.62,0,0,0,0,0,0,0,"N",0,0.0,0,0,0,0,0,0,0,0,0,0,0,0,0,0
"39153","5","518210","78","0","2017","1","",32,662,668,665,14151083,5709461,206686,1637,"",1.07,1.16,1.17,1.16,0.92,1.05,1.32,0.79,"",6,23.1,0,0.0,-4,-0.6,-2,-0.3,2939806,26.2,257027,4.7,14548,7.6,344,26.6
"39155","3","518210","78","0","2017","1","N",1,0,0,0,0,0,0,0,"N",23.02,0,0,0,0,0,0,0,"N",0,0.0,0,0,0,0,0,0,0,0,0,0,0,0,0,0
"39155","5","518210","78","0","2017","1","N",2,0,0,0,0,0,0,0,"N",0.22,0,0,0,0,0,0,0,"N",0,0.0,0,0,0,0,0,0,0,0,0,0,0,0,0,0
"39157","3","518210","78","0","2017","1","N",1,0,0,0,0,0,0,0,"N",42.74,0,0,0,0,0,0,0,"N",0,0.0,0,0,0,0,0,0,0,0,0,0,0,0,0,0
"39159","5","518210","78","0","2017","1","N",2,0,0,0,0,0,0,0,"N",0.75,0,0,0,0,0,0,0,"N",1,100.0,0,0,0,0,0,0,0,0,0,0,0,0,0,0
"39161","3","518210","78","0","2017","1","N",1,0,0,0,0,0,0,0,"N",156.56,0,0,0,0,0,0,0,"N",0,0.0,0,0,0,0,0,0,0,0,0,0,0,0,0,0
"39165","5","518210","78","0","2017","1","N",11,0,0,0,0,0,0,0,"N",1.08,0,0,0,0,0,0,0,"N",2,22.2,0,0,0,0,0,0,0,0,0,0,0,0,0,0
"39167","5","518210","78","0","2017","1","N",1,0,0,0,0,0,0,0,"N",0.29,0,0,0,0,0,0,0,"N",0,0.0,0,0,0,0,0,0,0,0,0,0,0,0,0,0
"39171","5","518210","78","0","2017","1","N",3,0,0,0,0,0,0,0,"N",1.60,0,0,0,0,0,0,0,"N",2,200.0,0,0,0,0,0,0,0,0,0,0,0,0,0,0
"39173","5","518210","78","0","2017","1","N",2,0,0,0,0,0,0,0,"N",0.32,0,0,0,0,0,0,0,"N",-1,-33.3,0,0,0,0,0,0,0,0,0,0,0,0,0,0
"39999","5","518210","78","0","2017","1","",113,789,785,774,20808772,6773542,287599,2045,"",2.97,3.26,3.20,3.08,1.88,1.84,2.13,0.59,"",-3,-2.6,88,12.6,92,13.3,61,8.6,2957063,16.6,606207,9.8,70285,32.3,90,4.6
"40000","3","518210","58","0","2017","1","N",1,0,0,0,0,0,0,0,"N",0.90,0,0,0,0,0,0,0,"N",0,0.0,0,0,0,0,0,0,0,0,0,0,0,0,0,0
"40000","5","518210","58","0","2017","1","",174,1330,1316,1327,21763830,15383779,190532,1264,"",0.76,0.39,0.39,0.39,0.26,0.34,0.44,0.67,"",-2,-1.1,23,1.8,-12,-0.9,9,0.7,566604,2.7,230692,1.5,9627,5.3,27,2.2
"40013","5","518210","78","0","2017","1","N",1,0,0,0,0,0,0,0,"N",0.53,0,0,0,0,0,0,0,"N",0,0.0,0,0,0,0,0,0,0,0,0,0,0,0,0,0
"40015","5","518210","78","0","2017","1","N",1,0,0,0,0,0,0,0,"N",0.80,0,0,0,0,0,0,0,"N",1,100.0,0,0,0,0,0,0,0,0,0,0,0,0,0,0
"40017","5","518210","78","0","2017","1","N",1,0,0,0,0,0,0,0,"N",0.16,0,0,0,0,0,0,0,"N",-1,-50.0,0,0,0,0,0,0,0,0,0,0,0,0,0,0
"40023","5","518210","78","0","2017","1","N",2,0,0,0,0,0,0,0,"N",2.76,0,0,0,0,0,0,0,"N",-1,-33.3,0,0,0,0,0,0,0,0,0,0,0,0,0,0
"40027","5","518210","78","0","2017","1","",7,29,28,30,295524,263325,3672,784,"",0.59,0.17,0.16,0.17,0.08,0.13,0.27,0.50,"N",2,40.0,0,0,0,0,0,0,0,0,0,0,0,0,0,0
"40031","5","518210","78","0","2017","1","N",1,0,0,0,0,0,0,0,"N",0.20,0,0,0,0,0,0,0,"N",0,0.0,0,0,0,0,0,0,0,0,0,0,0,0,0,0
"40037","5","518210","78","0","2017","1","N",1,0,0,0,0,0,0,0,"N",0.32,0,0,0,0,0,0,0,"N",0,0.0,0,0,0,0,0,0,0,0,0,0,0,0,0,0
"40047","5","518210","78","0","2017","1","N",1,0,0,0,0,0,0,0,"N",0.27,0,0,0,0,0,0,0,"N",0,0.0,0,0,0,0,0,0,0,0,0,0,0,0,0,0
"40049","5","518210","78","0","2017","1","N",1,0,0,0,0,0,0,0,"N",0.63,0,0,0,0,0,0,0,"N",0,0.0,0,0,0,0,0,0,0,0,0,0,0,0,0,0
"40051","5","518210","78","0","2017","1","N",1,0,0,0,0,0,0,0,"N",0.41,0,0,0,0,0,0,0,"N",0,0.0,0,0,0,0,0,0,0,0,0,0,0,0,0,0
"40073","5","518210","78","0","2017","1","N",1,0,0,0,0,0,0,0,"N",0.86,0,0,0,0,0,0,0,"N",0,0.0,0,0,0,0,0,0,0,0,0,0,0,0,0,0
"40087","5","518210","78","0","2017","1","N",1,0,0,0,0,0,0,0,"N",0.46,0,0,0,0,0,0,0,"N",1,100.0,0,0,0,0,0,0,0,0,0,0,0,0,0,0
"40097","5","518210","78","0","2017","1","N",2,0,0,0,0,0,0,0,"N",1.10,0,0,0,0,0,0,0,"N",1,100.0,0,0,0,0,0,0,0,0,0,0,0,0,0,0
"40105","5","518210","78","0","2017","1","N",1,0,0,0,0,0,0,0,"N",2.74,0,0,0,0,0,0,0,"N",0,0.0,0,0,0,0,0,0,0,0,0,0,0,0,0,0
"40109","3","518210","78","0","2017","1","N",1,0,0,0,0,0,0,0,"N",3.55,0,0,0,0,0,0,0,"N",0,0.0,0,0,0,0,0,0,0,0,0,0,0,0,0,0
"40109","5","518210","78","0","2017","1","",76,660,627,638,10092490,7671033,68036,1210,"",1.31,0.69,0.65,0.66,0.37,0.58,0.56,0.55,"",4,5.6,-73,-10.0,-107,-14.6,-85,-11.8,-945463,-8.6,-995231,-11.5,-45615,-40.1,47,4.0
"40119","5","518210","78","0","2017","1","-",0,0,0,0,0,0,0,0,"N",0.00,0,0,0,0,0,0,0,"N",0,0,0,0,0,0,0,0,0,0,0,0,0,0,0,0
"40121","5","518210","78","0","2017","1","N",1,0,0,0,0,0,0,0,"N",0.46,0,0,0,0,0,0,0,"N",0,0.0,0,0,0,0,0,0,0,0,0,0,0,0,0,0
"40123","5","518210","78","0","2017","1","N",2,0,0,0,0,0,0,0,"N",0.85,0,0,0,0,0,0,0,"N",-1,-33.3,0,0,0,0,0,0,0,0,0,0,0,0,0,0
"40125","5","518210","78","0","2017","1","N",2,0,0,0,0,0,0,0,"N",0.68,0,0,0,0,0,0,0,"N",0,0.0,0,0,0,0,0,0,0,0,0,0,0,0,0,0
"40131","5","518210","78","0","2017","1","",4,4,4,4,40266,35746,35,774,"",1.00,0.07,0.07,0.07,0.03,0.04,0.00,0.44,"",0,0.0,-1,-20.0,-1,-20.0,-1,-20.0,-31815,-44.1,-17300,-32.6,-262,-88.2,-335,-30.2
"40133","5","518210","78","0","2017","1","N",1,0,0,0,0,0,0,0,"N",0.92,0,0,0,0,0,0,0,"N",0,0.0,0,0,0,0,0,0,0,0,0,0,0,0,0,0
"40141","5","518210","78","0","2017","1","N",1,0,0,0,0,0,0,0,"N",2.51,0,0,0,0,0,0,0,"N",0,0.0,0,0,0,0,0,0,0,0,0,0,0,0,0,0
"40143","5","518210","78","0","2017","1","",43,263,256,259,3743787,2697234,20920,1110,"",0.93,0.35,0.34,0.34,0.18,0.24,0.19,0.53,"",-2,-4.4,15,6.0,8,3.2,11,4.4,727082,24.1,285848,11.9,6341,43.5,174,18.6
"40145","5","518210","78","0","2017","1","N",1,0,0,0,0,0,0,0,"N",0.62,0,0,0,0,0,0,0,"N",0,0.0,0,0,0,0,0,0,0,0,0,0,0,0,0,0
"40151","5","518210","78","0","2017","1","N",1,0,0,0,0,0,0,0,"N",1.43,0,0,0,0,0,0,0,"N",0,0.0,0,0,0,0,0,0,0,0,0,0,0,0,0,0
"40999","5","518210","78","0","2017","1","",20,223,248,247,5957461,3279330,89266,1915,"",2.15,4.35,4.75,4.66,3.19,2.92,5.54,0.69,"",-1,-4.8,65,41.1,71,40.1,71,40.3,469022,8.5,682711,26.3,47878,115.7,-564,-22.8
"41000","3","518210","58","0","2017","1","N",9,0,0,0,0,0,0,0,"N",6.00,0,0,0,0,0,0,0,"N",-1,-10.0,0,0,0,0,0,0,0,0,0,0,0,0,0,0
"41000","5","518210","58","0","2017","1","",319,4671,4708,4791,122282549,99348960,2255916,1991,"",1.03,1.18,1.17,1.18,1.12,1.63,1.66,0.95,"",28,9.6,743,18.9,782,19.9,853,21.7,22025377,22.0,19228539,24.0,513691,29.5,29,1.5
"41003","5","518210","78","0","2017","1","",7,104,105,105,2527421,2120776,66330,1857,"",1.25,1.30,1.30,1.29,1.18,2.43,3.72,0.91,"N",1,16.7,0,0,0,0,0,0,0,0,0,0,0,0,0,0
"41005","5","518210","78","0","2017","1","",31,360,365,367,7897567,6804684,158406,1669,"",1.02,1.05,1.04,1.04,0.85,1.18,1.24,0.82,"",6,24.0,37,11.5,49,15.5,48,15.0,1511118,23.7,1053904,18.3,59455,60.1,131,8.5
"41013","5","518210","78","0","2017","1","N",3,0,0,0,0,0,0,0,"N",2.26,0,0,0,0,0,0,0,"N",0,0.0,0,0,0,0,0,0,0,0,0,0,0,0,0,0
"41017","3","518210","78","0","2017","1","N",1,0,0,0,0,0,0,0,"N",12.15,0,0,0,0,0,0,0,"N",0,0.0,0,0,0,0,0,0,0,0,0,0,0,0,0,0
"41017","5","518210","78","0","2017","1","",17,28,30,30,506245,477243,9577,1328,"",1.00,0.17,0.18,0.18,0.13,0.21,0.19,0.76,"",2,13.3,6,27.3,9,42.9,7,30.4,186678,58.4,166185,53.4,976,11.3,211,18.9
"41029","5","518210","78","0","2017","1","",11,11,11,11,272849,269352,4761,1908,"",0.74,0.06,0.06,0.06,0.07,0.12,0.09,1.16,"",1,10.0,-1,-8.3,0,0.0,0,0.0,-96887,-26.2,-81302,-23.2,-3165,-39.9,-602,-24.0
"41031","5","518210","78","0","2017","1","N",1,0,0,0,0,0,0,0,"N",0.85,0,0,0,0,0,0,0,"N",1,100.0,0,0,0,0,0,0,0,0,0,0,0,0,0,0
"41033","5","518210","78","0","2017","1","N",2,0,0,0,0,0,0,0,"N",0.39,0,0,0,0,0,0,0,"N",0,0.0,0,0,0,0,0,0,0,0,0,0,0,0,0,0
"41039","5","518210","78","0","2017","1","",22,41,40,49,685718,627634,13599,1217,"",0.89,0.12,0.12,0.15,0.09,0.15,0.15,0.72,"",5,29.4,-1,-2.4,-1,-2.4,6,14.0,128311,23.0,119452,23.5,1445,11.9,196,19.2
"41043","3","518210","78","0","2017","1","N",1,0,0,0,0,0,0,0,"N",28.97,0,0,0,0,0,0,0,"N",0,0.0,0,0,0,0,0,0,0,0,0,0,0,0,0,0
"41043","5","518210","78","0","2017","1","N",1,0,0,0,0,0,0,0,"N",0.14,0,0,0,0,0,0,0,"N",0,0.0,0,0,0,0,0,0,0,0,0,0,0,0,0,0
"41047","3","518210","78","0","2017","1","",7,106,105,106,1897751,0,0,1382,"",66.37,37.36,36.77,36.89,51.36,0.00,0.00,1.39,"",-1,-12.5,6,6.0,7,7.1,8,8.2,125228,7.1,0,0.0,0,0.0,0,0.0
"41047","5","518210","78","0","2017","1","",10,45,40,43,1100252,794087,17141,1984,"",0.46,0.14,0.12,0.13,0.15,0.23,0.22,1.11,"",-2,-16.7,-2,-4.3,-7,-14.9,-6,-12.2,-24123,-2.1,-67020,-7.8,689,4.2,170,9.4
"41049","5","518210","78","0","2017","1","N",1,0,0,0,0,0,0,0,"N",1.38,0,0,0,0,0,0,0,"N",0,0.0,0,0,0,0,0,0,0,0,0,0,0,0,0,0
"41051","5","518210","78","0","2017","1","",100,1880,1883,1902,45875464,39755862,892240,1869,"",1.41,1.75,1.74,1.74,1.38,2.22,2.21,0.79,"",9,9.9,217,13.0,217,13.0,227,13.6,6834052,17.5,7037173,21.5,147704,19.8,69,3.8
"41053","5","518210","78","0","2017","1","N",1,0,0,0,0,0,0,0,"N",0.25,0,0,0,0,0,0,0,"N",1,100.0,0,0,0,0,0,0,0,0,0,0,0,0,0,0
"41059","5","518210","78","0","2017","1","N",1,0,0,0,0,0,0,0,"N",0.22,0,0,0,0,0,0,0,"N",0,0.0,0,0,0,0,0,0,0,0,0,0,0,0,0,0
"41061","5","518210","78","0","2017","1","N",1,0,0,0,0,0,0,0,"N",0.49,0,0,0,0,0,0,0,"N",0,0.0,0,0,0,0,0,0,0,0,0,0,0,0,0,0
"41065","5","518210","78","0","2017","1","N",2,0,0,0,0,0,0,0,"N",0.94,0,0,0,0,0,0,0,"N",0,0.0,0,0,0,0,0,0,0,0,0,0,0,0,0,0
"41067","5","518210","78","0","2017","1","",55,1406,1433,1471,34403670,29279230,679716,1842,"",1.40,2.29,2.31,2.35,1.48,2.15,2.36,0.64,"",2,3.8,418,42.3,441,44.5,484,49.0,11369052,49.4,8943525,44.0,233004,52.2,50,2.8
"41071","5","518210","78","0","2017","1","N",5,0,0,0,0,0,0,0,"N",0.77,0,0,0,0,0,0,0,"N",0,0.0,0,0,0,0,0,0,0,0,0,0,0,0,0,0
"41999","5","518210","78","0","2017","1","",48,293,295,286,7520731,6692600,168085,1986,"",4.22,5.99,5.81,5.69,3.69,4.68,5.19,0.63,"",2,4.3,36,14.0,41,16.1,31,12.2,1110499,17.3,916725,15.9,30269,22.0,55,2.8
"42000","1","518210","58","0","2017","1","",1,1152,1146,1149,17590719,0,0,1178,"",27.40,24.78,24.89,24.92,25.63,0.00,0.00,1.03,"",0,0.0,-45,-3.8,-42,-3.5,-36,-3.0,305675,1.8,0,0.0,0,0.0,61,5.5
"42000","2","518210","58","0","2017","1","N",1,0,0,0,0,0,0,0,"N",1.37,0,0,0,0,0,0,0,"N",0,0.0,0,0,0,0,0,0,0,0,0,0,0,0,0,0
"42000","5","518210","58","0","2017","1","",683,8962,8984,8982,192333203,79119544,4420946,1648,"",0.92,0.72,0.72,0.72,0.52,0.65,0.65,0.72,"",59,9.5,150,1.7,160,1.8,82,0.9,15672264,8.9,6600217,9.1,-55823,-1.2,112,7.3
"42003","5","518210","78","0","2017","1","",72,991,995,1010,21475920,9025301,484595,1654,"",0.97,0.67,0.67,0.68,0.43,0.61,0.60,0.65,"",12,20.0,52,5.5,69,7.5,83,9.0,4228946,24.5,1226759,15.7,41531,9.4,228,16.0
"42005","5","518210","78","0","2017","1","N",3,0,0,0,0,0,0,0,"N",0.94,0,0,0,0,0,0,0,"N",0,0.0,0,0,0,0,0,0,0,0,0,0,0,0,0,0
"42009","5","518210","78","0","2017","1","N",1,0,0,0,0,0,0,0,"N",0.39,0,0,0,0,0,0,0,"N",0,0.0,0,0,0,0,0,0,0,0,0,0,0,0,0,0
"42011","5","518210","78","0","2017","1","",4,15,15,16,273443,135545,7416,1372,"",0.21,0.04,0.04,0.04,0.03,0.04,0.04,0.69,"",-1,-20.0,0,0.0,1,7.1,1,6.7,26404,10.7,-4005,-2.9,-5160,-41.0,76,5.9
"42013","5","518210","78","0","2017","1","N",1,0,0,0,0,0,0,0,"N",0.14,0,0,0,0,0,0,0,"N",0,0.0,0,0,0,0,0,0,0,0,0,0,0,0,0,0
"42017","5","518210","78","0","2017","1","",42,892,879,866,13286477,7145395,446841,1163,"",1.01,1.59,1.57,1.53,0.87,1.22,1.37,0.56,"",0,0.0,116,14.9,51,6.2,39,4.7,1896032,16.6,1071775,17.6,70418,18.7,82,7.6
"42019","5","518210","78","0","2017","1","N",4,0,0,0,0,0,0,0,"N",0.38,0,0,0,0,0,0,0,"N",1,33.3,0,0,0,0,0,0,0,0,0,0,0,0,0,0
"42021","5","518210","78","0","2017","1","N",3,0,0,0,0,0,0,0,"N",0.40,0,0,0,0,0,0,0,"N",-3,-50.0,0,0,0,0,0,0,0,0,0,0,0,0,0,0
"42027","5","518210","78","0","2017","1","",7,95,96,95,1872666,747137,34886,1511,"",0.94,0.65,0.65,0.64,0.50,0.77,0.69,0.77,"N",3,75.0,0,0,0,0,0,0,0,0,0,0,0,0,0,0
"42029","5","518210","78","0","2017","1","",41,797,798,790,22777648,7171982,454112,2204,"",1.28,1.49,1.49,1.47,1.09,1.13,1.36,0.74,"",0,0.0,83,11.6,83,11.6,77,10.8,2817657,14.1,833912,13.2,38777,9.3,54,2.5
"42039","5","518210","78","0","2017","1","N",2,0,0,0,0,0,0,0,"N",0.43,0,0,0,0,0,0,0,"N",0,0.0,0,0,0,0,0,0,0,0,0,0,0,0,0,0
"42041","5","518210","78","0","2017","1","N",10,0,0,0,0,0,0,0,"N",0.74,0,0,0,0,0,0,0,"N",0,0.0,0,0,0,0,0,0,0,0,0,0,0,0,0,0
"42043","2","518210","78","0","2017","1","N",1,0,0,0,0,0,0,0,"N",64.71,0,0,0,0,0,0,0,"N",0,0.0,0,0,0,0,0,0,0,0,0,0,0,0,0,0
"42043","5","518210","78","0","2017","1","",18,243,241,221,3505872,1384733,91144,1148,"",1.14,0.63,0.62,0.57,0.31,0.42,0.49,0.51,"",0,0.0,6,2.5,13,5.7,-39,-15.0,-81407,-2.3,-76410,-5.2,-3333,-3.5,6,0.5
"42045","5","518210","78","0","2017","1","",17,115,112,112,2660309,1029961,71117,1811,"",0.58,0.24,0.23,0.23,0.17,0.21,0.27,0.70,"",1,6.2,18,18.6,21,23.1,22,24.4,1135002,74.4,243077,30.9,23112,48.1,545,43.0
"42049","5","518210","78","0","2017","1","N",4,0,0,0,0,0,0,0,"N",0.27,0,0,0,0,0,0,0,"N",1,33.3,0,0,0,0,0,0,0,0,0,0,0,0,0,0
"42051","5","518210","78","0","2017","1","N",1,0,0,0,0,0,0,0,"N",0.17,0,0,0,0,0,0,0,"N",0,0.0,0,0,0,0,0,0,0,0,0,0,0,0,0,0
"42055","5","518210","78","0","2017","1","N",5,0,0,0,0,0,0,0,"N",0.73,0,0,0,0,0,0,0,"N",-1,-16.7,0,0,0,0,0,0,0,0,0,0,0,0,0,0
"42069","5","518210","78","0","2017","1","",5,31,32,32,230102,192543,9490,559,"",0.42,0.15,0.15,0.15,0.05,0.10,0.09,0.34,"",0,0.0,7,29.2,8,33.3,4,14.3,91663,66.2,75046,63.9,2854,43.0,139,33.1
"42071","5","518210","78","0","2017","1","",7,74,79,78,881783,518872,23428,881,"",0.25,0.15,0.16,0.15,0.07,0.10,0.09,0.47,"",-1,-12.5,-1,-1.3,2,2.6,0,0.0,-98403,-10.0,-33546,-6.1,-6894,-22.7,-102,-10.4
"42075","5","518210","78","0","2017","1","",4,23,23,23,505964,281610,17149,1692,"",0.68,0.22,0.22,0.22,0.22,0.31,0.37,1.02,"N",1,33.3,0,0,0,0,0,0,0,0,0,0,0,0,0,0
"42077","5","518210","78","0","2017","1","",17,238,248,255,3730712,1948010,95070,1162,"",0.92,0.59,0.61,0.63,0.31,0.50,0.43,0.51,"",5,41.7,44,22.7,52,26.5,46,22.0,793531,27.0,327654,20.2,9420,11.0,30,2.7
"42079","1","518210","78","0","2017","1","",1,1152,1146,1149,17590719,0,0,1178,"",1304.66,989.32,1001.29,1003.40,1346.84,0.00,0.00,1.35,"",0,0.0,-45,-3.8,-42,-3.5,-36,-3.0,305675,1.8,0,0.0,0,0.0,61,5.5
"42079","5","518210","78","0","2017","1","",6,99,99,99,1354802,781961,48483,1053,"",0.38,0.32,0.32,0.32,0.19,0.27,0.28,0.60,"",-2,-25.0,-9,-8.3,-7,-6.6,-8,-7.5,118724,9.6,-6634,-0.8,-7512,-13.4,164,18.4
"42085","5","518210","78","0","2017","1","N",1,0,0,0,0,0,0,0,"N",0.16,0,0,0,0,0,0,0,"N",0,0.0,0,0,0,0,0,0,0,0,0,0,0,0,0,0
"42087","5","518210","78","0","2017","1","N",2,0,0,0,0,0,0,0,"N",0.92,0,0,0,0,0,0,0,"N",1,100.0,0,0,0,0,0,0,0,0,0,0,0,0,0,0
"42089","5","518210","78","0","2017","1","N",1,0,0,0,0,0,0,0,"N",0.13,0,0,0,0,0,0,0,"N",-1,-50.0,0,0,0,0,0,0,0,0,0,0,0,0,0,0
"42091","5","518210","78","0","2017","1","",80,2102,2112,2131,37617998,17849384,887920,1368,"",1.39,1.99,2.01,2.01,0.89,1.42,1.26,0.44,"",0,0.0,-22,-1.0,-14,-0.7,1,0.0,2772649,8.0,784200,4.6,-54223,-5.8,108,8.6
"42095","5","518210","78","0","2017","1","",20,757,782,748,15898317,8249486,372088,1604,"",1.42,3.10,3.21,3.03,2.56,3.42,2.77,0.82,"",4,25.0,-100,-11.7,-82,-9.5,-119,-13.7,-1883145,-10.6,2031556,32.7,-24329,-6.1,18,1.1
"42097","5","518210","78","0","2017","1","N",1,0,0,0,0,0,0,0,"N",0.25,0,0,0,0,0,0,0,"N",-1,-50.0,0,0,0,0,0,0,0,0,0,0,0,0,0,0
"42099","5","518210","78","0","2017","1","N",1,0,0,0,0,0,0,0,"N",0.54,0,0,0,0,0,0,0,"N",1,100.0,0,0,0,0,0,0,0,0,0,0,0,0,0,0
"42101","5","518210","78","0","2017","1","N",37,0,0,0,0,0,0,0,"N",0.51,0,0,0,0,0,0,0,"N",7,23.3,0,0,0,0,0,0,0,0,0,0,0,0,0,0
"42103","5","518210","78","0","2017","1","N",1,0,0,0,0,0,0,0,"N",0.46,0,0,0,0,0,0,0,"N",0,0.0,0,0,0,0,0,0,0,0,0,0,0,0,0,0
"42117","5","518210","78","0","2017","1","-",0,0,0,0,0,0,0,0,"N",0.00,0,0,0,0,0,0,0,"N",-1,-100.0,0,0,0,0,0,0,0,0,0,0,0,0,0,0
"42119","5","518210","78","0","2017","1","N",1,0,0,0,0,0,0,0,"N",0.48,0,0,0,0,0,0,0,"N",0,0.0,0,0,0,0,0,0,0,0,0,0,0,0,0,0
"42123","5","518210","78","0","2017","1","N",1,0,0,0,0,0,0,0,"N",0.43,0,0,0,0,0,0,0,"N",0,0.0,0,0,0,0,0,0,0,0,0,0,0,0,0,0
"42125","5","518210","78","0","2017","1","",3,56,55,56,1523732,232890,11623,2106,"",0.26,0.31,0.30,0.30,0.25,0.12,0.10,0.84,"N",1,50.0,0,0,0,0,0,0,0,0,0,0,0,0,0,0
"42127","5","518210","78","0","2017","1","N",2,0,0,0,0,0,0,0,"N",0.66,0,0,0,0,0,0,0,"N",0,0.0,0,0,0,0,0,0,0,0,0,0,0,0,0,0
"42129","5","518210","78","0","2017","1","",5,49,38,41,623773,347911,20536,1125,"",0.26,0.17,0.13,0.14,0.09,0.13,0.13,0.63,"",2,66.7,17,53.1,5,15.2,8,24.2,191496,44.3,104737,43.1,46,0.2,107,10.5
"42131","5","518210","78","0","2017","1","N",1,0,0,0,0,0,0,0,"N",0.65,0,0,0,0,0,0,0,"N",1,100.0,0,0,0,0,0,0,0,0,0,0,0,0,0,0
"42133","5","518210","78","0","2017","1","N",8,0,0,0,0,0,0,0,"N",0.42,0,0,0,0,0,0,0,"N",-1,-11.1,0,0,0,0,0,0,0,0,0,0,0,0,0,0
"42999","5","518210","78","0","2017","1","",244,1169,1174,1186,36538043,11665979,698914,2389,"",4.04,3.42,3.39,3.40,2.11,2.11,2.08,0.62,"",32,15.1,11,0.9,42,3.7,41,3.6,2322615,6.8,233486,2.0,-96003,-12.1,90,3.9
"44000","5","518210","58","0","2017","1","",142,618,543,550,12949127,8286728,237178,1746,"",1.83,0.61,0.54,0.54,0.44,0.60,0.63,0.78,"",-5,-3.4,-1849,-74.9,-1925,-78.0,-1912,-77.7,-32633762,-71.6,-29007429,-77.8,-684959,-74.3,324,22.8
"44001","5","518210","78","0","2017","1","",6,14,14,14,716607,286392,7327,3937,"",1.89,0.48,0.48,0.48,1.10,0.93,0.84,2.31,"",-1,-14.3,1,7.7,2,16.7,2,16.7,31075,4.5,26742,10.3,-63,-0.9,-339,-7.9
"44003","5","518210","78","0","2017","1","",22,168,95,96,1929220,1379438,42590,1240,"",1.90,1.05,0.60,0.60,0.46,0.61,0.70,0.61,"",2,10.0,91,118.2,20,26.7,33,52.4,584363,43.5,365223,36.0,2325,5.8,-203,-14.1
"44005","5","518210","78","0","2017","1","",9,21,21,19,481668,330496,6670,1822,"",1.29,0.26,0.26,0.23,0.22,0.35,0.25,0.87,"",-1,-10.0,-2,-8.7,-5,-19.2,-6,-24.0,-52744,-9.9,5638,1.7,-1493,-18.3,155,9.3
"44007","5","518210","78","0","2017","1","",54,340,337,346,5836252,4684068,141108,1317,"",1.42,0.55,0.55,0.56,0.31,0.56,0.62,0.56,"",3,5.9,-1924,-85.0,-1929,-85.1,-1923,-84.8,-33791231,-85.3,-29248984,-86.2,-671846,-82.6,-28,-2.1
"44009","5","518210","78","0","2017","1","N",12,0,0,0,0,0,0,0,"N",1.30,0,0,0,0,0,0,0,"N",-2,-14.3,0,0,0,0,0,0,0,0,0,0,0,0,0,0
"44999","5","518210","78","0","2017","1","N",39,0,0,0,0,0,0,0,"N",4.44,0,0,0,0,0,0,0,"N",-6,-13.3,0,0,0,0,0,0,0,0,0,0,0,0,0,0
"45000","5","518210","58","0","2017","1","",346,2932,2978,3040,53206903,34136252,788884,1372,"",1.31,0.67,0.68,0.69,0.51,0.68,1.14,0.75,"",47,15.7,79,2.8,148,5.2,233,8.3,7482440,16.4,2856446,9.1,35430,4.7,129,10.4
"45003","5","518210","78","0","2017","1","N",1,0,0,0,0,0,0,0,"N",0.16,0,0,0,0,0,0,0,"N",0,0.0,0,0,0,0,0,0,0,0,0,0,0,0,0,0
"45007","5","518210","78","0","2017","1","N",3,0,0,0,0,0,0,0,"N",0.40,0,0,0,0,0,0,0,"N",1,50.0,0,0,0,0,0,0,0,0,0,0,0,0,0,0
"45009","5","518210","78","0","2017","1","N",1,0,0,0,0,0,0,0,"N",1.58,0,0,0,0,0,0,0,"N",0,0.0,0,0,0,0,0,0,0,0,0,0,0,0,0,0
"45013","5","518210","78","0","2017","1","",11,38,36,36,388751,263469,1894,816,"",0.97,0.28,0.26,0.26,0.14,0.18,0.12,0.52,"",2,22.2,1,2.7,-2,-5.3,-1,-2.7,59602,18.1,13748,5.5,-111,-5.5,138,20.4
"45015","5","518210","78","0","2017","1","",9,18,27,29,374765,275153,3079,1169,"",1.48,0.17,0.25,0.27,0.12,0.20,0.17,0.53,"N",5,125.0,0,0,0,0,0,0,0,0,0,0,0,0,0,0
"45017","5","518210","78","0","2017","1","N",1,0,0,0,0,0,0,0,"N",1.92,0,0,0,0,0,0,0,"N",0,0.0,0,0,0,0,0,0,0,0,0,0,0,0,0,0
"45019","5","518210","78","0","2017","1","",38,480,473,479,6503464,4651920,60677,1048,"",1.23,0.92,0.90,0.90,0.47,0.77,0.81,0.52,"",1,2.7,-5,-1.0,-6,-1.3,2,0.4,1713223,35.8,970837,26.4,25702,73.5,281,36.6
"45029","5","518210","78","0","2017","1","N",1,0,0,0,0,0,0,0,"N",0.65,0,0,0,0,0,0,0,"N",0,0.0,0,0,0,0,0,0,0,0,0,0,0,0,0,0
"45035","5","518210","78","0","2017","1","",4,13,14,16,218421,165331,4778,1172,"",0.84,0.18,0.19,0.21,0.15,0.21,0.59,0.80,"N",0,0.0,0,0,0,0,0,0,0,0,0,0,0,0,0,0
"45041","5","518210","78","0","2017","1","N",2,0,0,0,0,0,0,0,"N",0.31,0,0,0,0,0,0,0,"N",0,0.0,0,0,0,0,0,0,0,0,0,0,0,0,0,0
"45043","5","518210","78","0","2017","1","N",2,0,0,0,0,0,0,0,"N",0.52,0,0,0,0,0,0,0,"N",0,0.0,0,0,0,0,0,0,0,0,0,0,0,0,0,0
"45045","5","518210","78","0","2017","1","",31,382,387,388,6674947,4021575,72258,1331,"",1.10,0.67,0.67,0.67,0.46,0.55,0.67,0.69,"",3,10.7,136,55.3,142,58.0,141,57.1,1287153,23.9,1366380,51.5,31825,78.7,-354,-21.0
"45047","5","518210","78","0","2017","1","N",1,0,0,0,0,0,0,0,"N",0.35,0,0,0,0,0,0,0,"N",1,100.0,0,0,0,0,0,0,0,0,0,0,0,0,0,0
"45051","5","518210","78","0","2017","1","",11,11,14,12,140645,119534,819,877,"",0.62,0.04,0.05,0.04,0.03,0.05,0.02,0.66,"",3,37.5,0,0.0,3,27.3,2,20.0,3323,2.4,1588,1.3,-61,-6.9,-113,-11.4
"45053","5","518210","78","0","2017","1","-",0,0,0,0,0,0,0,0,"N",0.00,0,0,0,0,0,0,0,"N",0,0,0,0,0,0,0,0,0,0,0,0,0,0,0,0
"45057","5","518210","78","0","2017","1","N",3,0,0,0,0,0,0,0,"N",1.20,0,0,0,0,0,0,0,"N",2,200.0,0,0,0,0,0,0,0,0,0,0,0,0,0,0
"45063","5","518210","78","0","2017","1","",12,95,95,91,1409386,1062789,19820,1157,"",0.89,0.37,0.38,0.36,0.25,0.38,0.60,0.67,"",5,71.4,18,23.4,19,25.0,18,24.7,563511,66.6,338265,46.7,18098,1051.0,293,33.9
"45067","5","518210","78","0","2017","1","N",1,0,0,0,0,0,0,0,"N",0.92,0,0,0,0,0,0,0,"N",1,100.0,0,0,0,0,0,0,0,0,0,0,0,0,0,0
"45071","5","518210","78","0","2017","1","",3,1,1,5,47933,47003,269,1580,"",1.91,0.03,0.03,0.16,0.08,0.14,0.07,1.06,"N",1,50.0,0,0,0,0,0,0,0,0,0,0,0,0,0,0
"45073","5","518210","78","0","2017","1","N",4,0,0,0,0,0,0,0,"N",1.25,0,0,0,0,0,0,0,"N",1,33.3,0,0,0,0,0,0,0,0,0,0,0,0,0,0
"45077","5","518210","78","0","2017","1","N",3,0,0,0,0,0,0,0,"N",0.68,0,0,0,0,0,0,0,"N",1,50.0,0,0,0,0,0,0,0,0,0,0,0,0,0,0
"45079","5","518210","78","0","2017","1","",37,1067,1092,1115,20376943,13377498,481526,1436,"",1.78,2.25,2.28,2.32,1.66,2.77,6.56,0.73,"",1,2.8,-44,-4.0,-7,-0.6,16,1.5,1807424,9.7,-19479,-0.1,-38225,-7.4,141,10.9
"45083","5","518210","78","0","2017","1","",8,17,17,19,504392,212837,4234,2196,"",0.62,0.06,0.06,0.06,0.07,0.06,0.09,1.16,"",0,0.0,-59,-77.6,-59,-77.6,-55,-74.3,-1334037,-72.6,-762076,-78.2,-6152,-59.2,319,17.0
"45091","5","518210","78","0","2017","1","",15,347,358,352,7646704,4641756,31706,1669,"",1.31,1.76,1.79,1.74,1.55,1.89,0.89,0.88,"",2,15.4,-6,-1.7,2,0.6,-9,-2.5,2365335,44.8,417972,9.9,-1745,-5.2,530,46.5
"45999","5","518210","78","0","2017","1","",144,333,336,359,7237201,4037493,63888,1625,"",4.21,2.69,2.65,2.80,1.49,1.76,1.91,0.55,"",19,15.2,25,8.1,33,10.9,77,27.3,783945,12.1,292890,7.8,-2215,-3.4,-43,-2.6
"46000","2","518210","58","0","2017","1","N",3,0,0,0,0,0,0,0,"N",44.14,0,0,0,0,0,0,0,"N",0,0.0,0,0,0,0,0,0,0,0,0,0,0,0,0,0
"46000","5","518210","58","0","2017","1","",81,135,140,137,2319285,1573063,13808,1299,"",1.17,0.15,0.16,0.15,0.11,0.16,0.23,0.75,"",3,3.8,3,2.3,8,6.1,7,5.4,23330,1.0,111297,7.6,1753,14.5,-46,-3.4
"46007","5","518210","78","0","2017","1","N",1,0,0,0,0,0,0,0,"N",4.97,0,0,0,0,0,0,0,"N",0,0.0,0,0,0,0,0,0,0,0,0,0,0,0,0,0
"46009","2","518210","78","0","2017","1","N",1,0,0,0,0,0,0,0,"N",2292.07,0,0,0,0,0,0,0,"N",0,0.0,0,0,0,0,0,0,0,0,0,0,0,0,0,0
"46011","5","518210","78","0","2017","1","N",3,0,0,0,0,0,0,0,"N",1.33,0,0,0,0,0,0,0,"N",0,0.0,0,0,0,0,0,0,0,0,0,0,0,0,0,0
"46013","5","518210","78","0","2017","1","",4,12,12,12,182932,161203,1205,1173,"",1.29,0.27,0.27,0.27,0.19,0.33,0.43,0.71,"",-1,-20.0,-1,-7.7,0,0.0,0,0.0,12729,7.5,1705,1.1,-387,-24.3,111,10.5
"46019","5","518210","78","0","2017","1","N",1,0,0,0,0,0,0,0,"N",1.24,0,0,0,0,0,0,0,"N",0,0.0,0,0,0,0,0,0,0,0,0,0,0,0,0,0
"46027","5","518210","78","0","2017","1","N",1,0,0,0,0,0,0,0,"N",1.26,0,0,0,0,0,0,0,"N",-1,-50.0,0,0,0,0,0,0,0,0,0,0,0,0,0,0
"46029","2","518210","78","0","2017","1","N",1,0,0,0,0,0,0,0,"N",395.70,0,0,0,0,0,0,0,"N",0,0.0,0,0,0,0,0,0,0,0,0,0,0,0,0,0
"46029","5","518210","78","0","2017","1","N",1,0,0,0,0,0,0,0,"N",0.39,0,0,0,0,0,0,0,"N",-1,-50.0,0,0,0,0,0,0,0,0,0,0,0,0,0,0
"46037","5","518210","78","0","2017","1","-",0,0,0,0,0,0,0,0,"N",0.00,0,0,0,0,0,0,0,"N",0,0,0,0,0,0,0,0,0,0,0,0,0,0,0,0
"46065","2","518210","78","0","2017","1","N",1,0,0,0,0,0,0,0,"N",571.67,0,0,0,0,0,0,0,"N",0,0.0,0,0,0,0,0,0,0,0,0,0,0,0,0,0
"46065","5","518210","78","0","2017","1","",4,14,14,14,257526,152417,708,1415,"",2.24,0.60,0.61,0.60,0.47,0.88,0.71,0.78,"",0,0.0,3,27.3,0,0.0,0,0.0,22100,9.4,9774,6.9,59,9.1,22,1.6
"46073","5","518210","78","0","2017","1","N",1,0,0,0,0,0,0,0,"N",4.30,0,0,0,0,0,0,0,"N",0,0.0,0,0,0,0,0,0,0,0,0,0,0,0,0,0
"46079","5","518210","78","0","2017","1","N",2,0,0,0,0,0,0,0,"N",2.08,0,0,0,0,0,0,0,"N",0,0.0,0,0,0,0,0,0,0,0,0,0,0,0,0,0
"46081","5","518210","78","0","2017","1","",3,5,5,6,49070,47195,236,708,"",1.21,0.20,0.20,0.24,0.11,0.20,0.16,0.50,"N",2,200.0,0,0,0,0,0,0,0,0,0,0,0,0,0,0
"46083","5","518210","78","0","2017","1","",5,7,6,5,82088,68213,618,1052,"",1.25,0.15,0.13,0.11,0.07,0.11,0.15,0.53,"N",2,66.7,0,0,0,0,0,0,0,0,0,0,0,0,0,0
"46087","5","518210","78","0","2017","1","N",1,0,0,0,0,0,0,0,"N",2.09,0,0,0,0,0,0,0,"N",0,0.0,0,0,0,0,0,0,0,0,0,0,0,0,0,0
"46093","5","518210","78","0","2017","1","N",2,0,0,0,0,0,0,0,"N",1.19,0,0,0,0,0,0,0,"N",0,0.0,0,0,0,0,0,0,0,0,0,0,0,0,0,0
"46097","5","518210","78","0","2017","1","N",1,0,0,0,0,0,0,0,"N",4.68,0,0,0,0,0,0,0,"N",1,100.0,0,0,0,0,0,0,0,0,0,0,0,0,0,0
"46099","5","518210","78","0","2017","1","",30,32,34,34,738123,442418,5079,1703,"",2.01,0.12,0.13,0.13,0.11,0.14,0.28,0.87,"",1,3.4,0,0.0,3,9.7,6,21.4,-139454,-15.9,58005,15.1,573,12.7,-522,-23.5
"46101","5","518210","78","0","2017","1","N",1,0,0,0,0,0,0,0,"N",2.34,0,0,0,0,0,0,0,"N",0,0.0,0,0,0,0,0,0,0,0,0,0,0,0,0,0
"46103","5","518210","78","0","2017","1","",14,35,37,34,459597,346313,4315,1001,"",1.51,0.29,0.31,0.28,0.17,0.28,0.56,0.58,"",0,0.0,2,6.1,3,8.8,-2,-5.6,59208,14.8,15510,4.7,1483,52.4,104,11.6
"46105","5","518210","78","0","2017","1","N",1,0,0,0,0,0,0,0,"N",3.14,0,0,0,0,0,0,0,"N",0,0.0,0,0,0,0,0,0,0,0,0,0,0,0,0,0
"46123","5","518210","78","0","2017","1","N",1,0,0,0,0,0,0,0,"N",1.78,0,0,0,0,0,0,0,"N",0,0.0,0,0,0,0,0,0,0,0,0,0,0,0,0,0
"46127","5","518210","78","0","2017","1","N",3,0,0,0,0,0,0,0,"N",2.03,0,0,0,0,0,0,0,"N",0,0.0,0,0,0,0,0,0,0,0,0,0,0,0,0,0
"46999","5","518210","78","0","2017","1","N",1,0,0,0,0,0,0,0,"N",0.91,0,0,0,0,0,0,0,"N",0,0.0,0,0,0,0,0,0,0,0,0,0,0,0,0,0
"47000","3","518210","58","0","2017","1","N",1,0,0,0,0,0,0,0,"N",0.63,0,0,0,0,0,0,0,"N",-1,-50.0,0,0,0,0,0,0,0,0,0,0,0,0,0,0
"47000","5","518210","58","0","2017","1","",467,5552,5481,5467,172744300,43968863,491044,2416,"",1.43,0.89,0.87,0.86,1.05,0.76,0.76,1.20,"",106,29.4,631,12.8,572,11.7,808,17.3,72540382,72.4,5941568,15.6,157186,47.1,820,51.4
"47001","5","518210","78","0","2017","1","N",2,0,0,0,0,0,0,0,"N",0.58,0,0,0,0,0,0,0,"N",1,100.0,0,0,0,0,0,0,0,0,0,0,0,0,0,0
"47009","5","518210","78","0","2017","1","",7,10,10,10,975516,80000,1089,7504,"",1.39,0.10,0.10,0.10,0.38,0.08,0.08,3.94,"",1,16.7,3,42.9,3,42.9,3,42.9,250113,34.5,24000,42.9,-31,-2.8,-467,-5.9
"47011","5","518210","78","0","2017","1","N",1,0,0,0,0,0,0,0,"N",0.26,0,0,0,0,0,0,0,"N",0,0.0,0,0,0,0,0,0,0,0,0,0,0,0,0,0
"47017","5","518210","78","0","2017","1","N",1,0,0,0,0,0,0,0,"N",1.05,0,0,0,0,0,0,0,"N",1,100.0,0,0,0,0,0,0,0,0,0,0,0,0,0,0
"47021","5","518210","78","0","2017","1","N",3,0,0,0,0,0,0,0,"N",2.25,0,0,0,0,0,0,0,"N",2,200.0,0,0,0,0,0,0,0,0,0,0,0,0,0,0
"47035","5","518210","78","0","2017","1","N",1,0,0,0,0,0,0,0,"N",0.43,0,0,0,0,0,0,0,"N",1,100.0,0,0,0,0,0,0,0,0,0,0,0,0,0,0
"47037","5","518210","78","0","2017","1","",109,2697,2665,2627,104833869,21027060,222793,3028,"",2.38,2.63,2.58,2.53,3.19,2.15,2.18,1.24,"",41,60.3,-7,-0.3,9,0.3,202,8.3,49377460,89.0,738007,3.6,87251,64.4,1384,84.2
"47041","5","518210","78","0","2017","1","N",2,0,0,0,0,0,0,0,"N",2.93,0,0,0,0,0,0,0,"N",1,100.0,0,0,0,0,0,0,0,0,0,0,0,0,0,0
"47043","5","518210","78","0","2017","1","N",1,0,0,0,0,0,0,0,"N",0.47,0,0,0,0,0,0,0,"N",1,100.0,0,0,0,0,0,0,0,0,0,0,0,0,0,0
"47051","5","518210","78","0","2017","1","-",0,0,0,0,0,0,0,0,"N",0.00,0,0,0,0,0,0,0,"N",-1,-100.0,0,0,0,0,0,0,0,0,0,0,0,0,0,0
"47053","5","518210","78","0","2017","1","N",1,0,0,0,0,0,0,0,"N",0.50,0,0,0,0,0,0,0,"N",0,0.0,0,0,0,0,0,0,0,0,0,0,0,0,0,0
"47055","5","518210","78","0","2017","1","N",1,0,0,0,0,0,0,0,"N",0.79,0,0,0,0,0,0,0,"N",1,100.0,0,0,0,0,0,0,0,0,0,0,0,0,0,0
"47063","5","518210","78","0","2017","1","N",1,0,0,0,0,0,0,0,"N",0.36,0,0,0,0,0,0,0,"N",0,0.0,0,0,0,0,0,0,0,0,0,0,0,0,0,0
"47065","5","518210","78","0","2017","1","",21,361,358,355,6311912,2521967,28244,1356,"",1.06,0.84,0.83,0.82,0.56,0.63,0.75,0.68,"",5,31.2,11,3.1,3,0.8,3,0.9,1310959,26.2,31413,1.3,4352,18.2,264,24.2
"47085","5","518210","78","0","2017","1","N",2,0,0,0,0,0,0,0,"N",2.83,0,0,0,0,0,0,0,"N",1,100.0,0,0,0,0,0,0,0,0,0,0,0,0,0,0
"47087","5","518210","78","0","2017","1","N",2,0,0,0,0,0,0,0,"N",7.69,0,0,0,0,0,0,0,"N",1,100.0,0,0,0,0,0,0,0,0,0,0,0,0,0,0
"47089","5","518210","78","0","2017","1","N",1,0,0,0,0,0,0,0,"N",0.65,0,0,0,0,0,0,0,"N",1,100.0,0,0,0,0,0,0,0,0,0,0,0,0,0,0
"47093","5","518210","78","0","2017","1","",26,291,290,308,5469981,2439946,17319,1420,"",1.03,0.57,0.57,0.60,0.41,0.52,0.36,0.71,"",6,30.0,-6,-2.0,-14,-4.6,-5,-1.6,-881485,-13.9,10975,0.5,1226,7.6,-184,-11.5
"47099","5","518210","78","0","2017","1","N",1,0,0,0,0,0,0,0,"N",0.65,0,0,0,0,0,0,0,"N",0,0.0,0,0,0,0,0,0,0,0,0,0,0,0,0,0
"47105","5","518210","78","0","2017","1","N",1,0,0,0,0,0,0,0,"N",0.48,0,0,0,0,0,0,0,"N",0,0.0,0,0,0,0,0,0,0,0,0,0,0,0,0,0
"47107","5","518210","78","0","2017","1","N",2,0,0,0,0,0,0,0,"N",1.05,0,0,0,0,0,0,0,"N",2,100.0,0,0,0,0,0,0,0,0,0,0,0,0,0,0
"47111","5","518210","78","0","2017","1","-",0,0,0,0,0,0,0,0,"N",0.00,0,0,0,0,0,0,0,"N",0,0,0,0,0,0,0,0,0,0,0,0,0,0,0,0
"47113","3","518210","78","0","2017","1","N",1,0,0,0,0,0,0,0,"N",40.20,0,0,0,0,0,0,0,"N",0,0.0,0,0,0,0,0,0,0,0,0,0,0,0,0,0
"47113","5","518210","78","0","2017","1","N",2,0,0,0,0,0,0,0,"N",0.39,0,0,0,0,0,0,0,"N",0,0.0,0,0,0,0,0,0,0,0,0,0,0,0,0,0
"47115","5","518210","78","0","2017","1","N",1,0,0,0,0,0,0,0,"N",1.03,0,0,0,0,0,0,0,"N",1,100.0,0,0,0,0,0,0,0,0,0,0,0,0,0,0
"47117","5","518210","78","0","2017","1","N",2,0,0,0,0,0,0,0,"N",1.78,0,0,0,0,0,0,0,"N",2,100.0,0,0,0,0,0,0,0,0,0,0,0,0,0,0
"47119","5","518210","78","0","2017","1","",5,22,22,22,467564,181624,926,1635,"",1.29,0.30,0.29,0.29,0.24,0.24,0.04,0.82,"N",0,0.0,0,0,0,0,0,0,0,0,0,0,0,0,0,0
"47123","5","518210","78","0","2017","1","N",1,0,0,0,0,0,0,0,"N",0.67,0,0,0,0,0,0,0,"N",0,0.0,0,0,0,0,0,0,0,0,0,0,0,0,0,0
"47125","5","518210","78","0","2017","1","",5,5,4,4,94643,32000,800,1680,"",0.80,0.04,0.04,0.03,0.04,0.04,0.08,1.13,"N",2,66.7,0,0,0,0,0,0,0,0,0,0,0,0,0,0
"47133","5","518210","78","0","2017","1","N",2,0,0,0,0,0,0,0,"N",2.86,0,0,0,0,0,0,0,"N",1,100.0,0,0,0,0,0,0,0,0,0,0,0,0,0,0
"47135","5","518210","78","0","2017","1","N",1,0,0,0,0,0,0,0,"N",3.82,0,0,0,0,0,0,0,"N",0,0.0,0,0,0,0,0,0,0,0,0,0,0,0,0,0
"47141","5","518210","78","0","2017","1","N",3,0,0,0,0,0,0,0,"N",0.74,0,0,0,0,0,0,0,"N",3,100.0,0,0,0,0,0,0,0,0,0,0,0,0,0,0
"47143","5","518210","78","0","2017","1","N",2,0,0,0,0,0,0,0,"N",1.99,0,0,0,0,0,0,0,"N",1,100.0,0,0,0,0,0,0,0,0,0,0,0,0,0,0
"47145","5","518210","78","0","2017","1","-",0,0,0,0,0,0,0,0,"N",0.00,0,0,0,0,0,0,0,"N",-1,-100.0,0,0,0,0,0,0,0,0,0,0,0,0,0,0
"47147","5","518210","78","0","2017","1","-",0,0,0,0,0,0,0,0,"N",0.00,0,0,0,0,0,0,0,"N",0,0,0,0,0,0,0,0,0,0,0,0,0,0,0,0
"47149","5","518210","78","0","2017","1","",14,95,95,94,1948675,758318,8768,1583,"",1.23,0.36,0.36,0.35,0.29,0.29,0.40,0.82,"",1,7.7,-5,-5.0,-6,-5.9,-7,-6.9,253033,14.9,-32121,-4.1,-1957,-18.2,287,22.1
"47155","5","518210","78","0","2017","1","",6,21,23,22,904712,170253,6823,3163,"",1.05,0.22,0.25,0.23,0.62,0.23,0.53,2.67,"",1,20.0,15,250.0,16,228.6,15,214.3,691151,323.6,120265,240.6,3698,118.3,699,28.4
"47157","5","518210","78","0","2017","1","N",43,0,0,0,0,0,0,0,"N",1.02,0,0,0,0,0,0,0,"N",6,16.2,0,0,0,0,0,0,0,0,0,0,0,0,0,0
"47159","5","518210","78","0","2017","1","N",1,0,0,0,0,0,0,0,"N",1.45,0,0,0,0,0,0,0,"N",1,100.0,0,0,0,0,0,0,0,0,0,0,0,0,0,0
"47163","5","518210","78","0","2017","1","N",5,0,0,0,0,0,0,0,"N",0.70,0,0,0,0,0,0,0,"N",2,66.7,0,0,0,0,0,0,0,0,0,0,0,0,0,0
"47165","5","518210","78","0","2017","1","",10,112,115,116,2478629,911736,5668,1668,"",1.34,0.98,1.00,1.00,0.99,0.85,0.47,1.00,"N",4,66.7,0,0,0,0,0,0,0,0,0,0,0,0,0,0
"47177","5","518210","78","0","2017","1","N",2,0,0,0,0,0,0,0,"N",1.19,0,0,0,0,0,0,0,"N",0,0.0,0,0,0,0,0,0,0,0,0,0,0,0,0,0
"47179","5","518210","78","0","2017","1","N",4,0,0,0,0,0,0,0,"N",0.66,0,0,0,0,0,0,0,"N",1,33.3,0,0,0,0,0,0,0,0,0,0,0,0,0,0
"47187","5","518210","78","0","2017","1","",63,960,928,942,26294940,8061748,95431,2144,"",3.55,3.49,3.35,3.39,2.68,2.67,3.04,0.78,"",9,16.7,450,88.2,411,79.5,429,83.6,15584935,145.5,3664450,83.3,40305,73.1,539,33.6
"47189","5","518210","78","0","2017","1","",4,31,32,33,366512,235888,1743,881,"",0.71,0.34,0.35,0.36,0.19,0.27,0.19,0.54,"N",0,0.0,0,0,0,0,0,0,0,0,0,0,0,0,0,0
"47999","3","518210","78","0","2017","1","-",0,0,0,0,0,0,0,0,"N",0.00,0,0,0,0,0,0,0,"N",-1,-100.0,0,0,0,0,0,0,0,0,0,0,0,0,0,0
"47999","5","518210","78","0","2017","1","",105,446,453,455,14025620,3634962,52572,2390,"",4.63,3.51,3.53,3.52,2.91,2.22,2.11,0.83,"",9,9.4,73,19.6,72,18.9,71,18.5,2859260,25.6,184022,5.3,-1645,-3.0,126,5.6
"48000","5","518210","58","0","2017","1","",1204,32860,32887,32797,940954644,285178260,11390641,2204,"",0.86,1.27,1.27,1.26,1.17,1.08,1.55,0.92,"",94,8.5,513,1.6,593,1.8,518,1.6,117177313,14.2,2592280,0.9,576951,5.3,243,12.4
"48001","5","518210","78","0","2017","1","",14,21,19,18,461793,198270,3187,1837,"",4.13,0.49,0.44,0.42,0.48,0.54,0.41,1.06,"",2,16.7,0,0.0,-2,-9.5,-4,-18.2,13259,3.0,-12727,-6.0,-3444,-51.9,220,13.6
"48003","5","518210","78","0","2017","1","N",1,0,0,0,0,0,0,0,"N",1.00,0,0,0,0,0,0,0,"N",1,100.0,0,0,0,0,0,0,0,0,0,0,0,0,0,0
"48013","5","518210","78","0","2017","1","N",1,0,0,0,0,0,0,0,"N",0.54,0,0,0,0,0,0,0,"N",0,0.0,0,0,0,0,0,0,0,0,0,0,0,0,0,0
"48015","5","518210","78","0","2017","1","",3,8,7,8,170538,56486,542,1711,"",1.39,0.37,0.32,0.37,0.33,0.25,0.11,0.94,"N",0,0.0,0,0,0,0,0,0,0,0,0,0,0,0,0,0
"48019","5","518210","78","0","2017","1","N",2,0,0,0,0,0,0,0,"N",2.01,0,0,0,0,0,0,0,"N",0,0.0,0,0,0,0,0,0,0,0,0,0,0,0,0,0
"48021","5","518210","78","0","2017","1","N",4,0,0,0,0,0,0,0,"N",1.35,0,0,0,0,0,0,0,"N",1,33.3,0,0,0,0,0,0,0,0,0,0,0,0,0,0
"48023","5","518210","78","0","2017","1","-",0,0,0,0,0,0,0,0,"N",0.00,0,0,0,0,0,0,0,"N",0,0,0,0,0,0,0,0,0,0,0,0,0,0,0,0
"48027","5","518210","78","0","2017","1","",4,48,49,50,1201691,411313,25513,1886,"",0.35,0.19,0.19,0.19,0.19,0.22,0.60,1.02,"",0,0.0,5,11.6,7,16.7,7,16.3,108951,10.0,42141,11.4,2997,13.3,-84,-4.3
"48029","5","518210","78","0","2017","1","",61,6756,6782,6742,209063117,52426503,1561700,2379,"",0.71,3.66,3.66,3.62,4.16,3.00,3.89,1.14,"",5,8.9,-225,-3.2,-169,-2.4,-207,-3.0,63094392,43.2,-1179662,-2.2,240296,18.2,766,47.5
"48039","5","518210","78","0","2017","1","N",3,0,0,0,0,0,0,0,"N",0.25,0,0,0,0,0,0,0,"N",0,0.0,0,0,0,0,0,0,0,0,0,0,0,0,0,0
"48041","5","518210","78","0","2017","1","",6,74,76,76,670479,506852,5826,685,"",0.63,0.34,0.34,0.34,0.14,0.37,0.22,0.42,"N",2,50.0,0,0,0,0,0,0,0,0,0,0,0,0,0,0
"48047","5","518210","78","0","2017","1","N",1,0,0,0,0,0,0,0,"N",2.81,0,0,0,0,0,0,0,"N",0,0.0,0,0,0,0,0,0,0,0,0,0,0,0,0,0
"48051","5","518210","78","0","2017","1","N",1,0,0,0,0,0,0,0,"N",1.12,0,0,0,0,0,0,0,"N",0,0.0,0,0,0,0,0,0,0,0,0,0,0,0,0,0
"48057","5","518210","78","0","2017","1","N",2,0,0,0,0,0,0,0,"N",1.63,0,0,0,0,0,0,0,"N",1,100.0,0,0,0,0,0,0,0,0,0,0,0,0,0,0
"48061","5","518210","78","0","2017","1","N",1,0,0,0,0,0,0,0,"N",0.07,0,0,0,0,0,0,0,"N",0,0.0,0,0,0,0,0,0,0,0,0,0,0,0,0,0
"48081","5","518210","78","0","2017","1","N",1,0,0,0,0,0,0,0,"N",4.82,0,0,0,0,0,0,0,"N",0,0.0,0,0,0,0,0,0,0,0,0,0,0,0,0,0
"48085","5","518210","78","0","2017","1","",103,5981,5991,5974,176063205,57075148,2592929,2264,"",2.02,7.03,7.00,6.96,5.63,5.84,9.20,0.80,"",25,32.1,-321,-5.1,-256,-4.1,-211,-3.4,-13013229,-6.9,-5429278,-8.7,-723671,-21.8,-65,-2.8
"48089","5","518210","78","0","2017","1","N",1,0,0,0,0,0,0,0,"N",0.73,0,0,0,0,0,0,0,"N",0,0.0,0,0,0,0,0,0,0,0,0,0,0,0,0,0
"48091","5","518210","78","0","2017","1","N",3,0,0,0,0,0,0,0,"N",0.40,0,0,0,0,0,0,0,"N",0,0.0,0,0,0,0,0,0,0,0,0,0,0,0,0,0
"48097","5","518210","78","0","2017","1","N",1,0,0,0,0,0,0,0,"N",0.49,0,0,0,0,0,0,0,"N",1,100.0,0,0,0,0,0,0,0,0,0,0,0,0,0,0
"48099","5","518210","78","0","2017","1","",4,15,15,16,335371,144000,1039,1682,"",1.50,0.43,0.42,0.44,0.43,0.61,0.20,1.00,"",1,33.3,3,25.0,3,25.0,4,33.3,115513,52.5,36000,33.3,-1877,-64.4,273,19.4
"48113","5","518210","78","0","2017","1","",180,5929,5949,5902,182811082,55046202,2860847,2373,"",1.13,1.64,1.64,1.62,1.33,1.29,2.33,0.81,"",-3,-1.6,-112,-1.9,-106,-1.8,-122,-2.0,1328255,0.7,-874516,-1.6,240262,9.2,62,2.7
"48121","5","518210","78","0","2017","1","",34,755,760,767,24168899,7888360,346387,2444,"",1.10,1.48,1.48,1.49,1.73,1.52,2.63,1.17,"",6,21.4,345,84.1,347,84.0,260,51.3,13954274,136.6,3890613,97.3,142036,69.5,672,37.9
"48135","5","518210","78","0","2017","1","N",2,0,0,0,0,0,0,0,"N",0.24,0,0,0,0,0,0,0,"N",0,0.0,0,0,0,0,0,0,0,0,0,0,0,0,0,0
"48139","5","518210","78","0","2017","1","N",3,0,0,0,0,0,0,0,"N",0.50,0,0,0,0,0,0,0,"N",1,50.0,0,0,0,0,0,0,0,0,0,0,0,0,0,0
"48141","5","518210","78","0","2017","1","",16,1083,1091,1066,10142222,5593856,241235,722,"",0.51,1.66,1.66,1.62,0.77,1.11,2.01,0.47,"",-1,-5.9,-41,-3.6,-36,-3.2,-92,-7.9,-201738,-2.0,-279378,-4.8,3724,1.6,22,3.1
"48145","5","518210","78","0","2017","1","N",2,0,0,0,0,0,0,0,"N",3.32,0,0,0,0,0,0,0,"N",1,100.0,0,0,0,0,0,0,0,0,0,0,0,0,0,0
"48157","5","518210","78","0","2017","1","",20,199,204,204,8745476,2527491,81204,3325,"",0.73,0.52,0.53,0.53,0.81,0.68,0.81,1.53,"",7,53.8,81,68.6,85,71.4,85,71.4,5230552,148.8,1414142,127.0,56962,235.0,1047,46.0
"48163","5","518210","78","0","2017","1","N",1,0,0,0,0,0,0,0,"N",1.14,0,0,0,0,0,0,0,"N",0,0.0,0,0,0,0,0,0,0,0,0,0,0,0,0,0
"48167","5","518210","78","0","2017","1","N",10,0,0,0,0,0,0,0,"N",0.77,0,0,0,0,0,0,0,"N",2,25.0,0,0,0,0,0,0,0,0,0,0,0,0,0,0
"48181","5","518210","78","0","2017","1","N",1,0,0,0,0,0,0,0,"N",0.16,0,0,0,0,0,0,0,"N",0,0.0,0,0,0,0,0,0,0,0,0,0,0,0,0,0
"48185","5","518210","78","0","2017","1","N",1,0,0,0,0,0,0,0,"N",0.96,0,0,0,0,0,0,0,"N",0,0.0,0,0,0,0,0,0,0,0,0,0,0,0,0,0
"48187","5","518210","78","0","2017","1","N",2,0,0,0,0,0,0,0,"N",0.45,0,0,0,0,0,0,0,"N",0,0.0,0,0,0,0,0,0,0,0,0,0,0,0,0,0
"48199","5","518210","78","0","2017","1","N",1,0,0,0,0,0,0,0,"N",0.55,0,0,0,0,0,0,0,"N",0,0.0,0,0,0,0,0,0,0,0,0,0,0,0,0,0
"48201","5","518210","78","0","2017","1","",162,3145,3098,3085,64487626,26026332,1227691,1595,"",0.67,0.64,0.63,0.62,0.33,0.47,0.67,0.52,"",5,3.2,-117,-3.6,-148,-4.6,-80,-2.5,-724842,-1.1,-1553861,-5.6,249963,25.6,39,2.5
"48203","5","518210","78","0","2017","1","N",1,0,0,0,0,0,0,0,"N",0.35,0,0,0,0,0,0,0,"N",0,0.0,0,0,0,0,0,0,0,0,0,0,0,0,0,0
"48209","5","518210","78","0","2017","1","",5,32,31,31,251255,222017,2612,617,"",0.57,0.23,0.22,0.21,0.09,0.18,0.12,0.39,"",1,25.0,1,3.2,0,0.0,2,6.9,15551,6.6,9548,4.5,-455,-14.8,19,3.2
"48215","5","518210","78","0","2017","1","N",4,0,0,0,0,0,0,0,"N",0.16,0,0,0,0,0,0,0,"N",-1,-20.0,0,0,0,0,0,0,0,0,0,0,0,0,0,0
"48217","5","518210","78","0","2017","1","N",1,0,0,0,0,0,0,0,"N",0.63,0,0,0,0,0,0,0,"N",0,0.0,0,0,0,0,0,0,0,0,0,0,0,0,0,0
"48221","5","518210","78","0","2017","1","N",1,0,0,0,0,0,0,0,"N",0.34,0,0,0,0,0,0,0,"N",0,0.0,0,0,0,0,0,0,0,0,0,0,0,0,0,0
"48225","5","518210","78","0","2017","1","-",0,0,0,0,0,0,0,0,"N",0.00,0,0,0,0,0,0,0,"N",-1,-100.0,0,0,0,0,0,0,0,0,0,0,0,0,0,0
"48227","5","518210","78","0","2017","1","-",0,0,0,0,0,0,0,0,"N",0.00,0,0,0,0,0,0,0,"N",0,0,0,0,0,0,0,0,0,0,0,0,0,0,0,0
"48231","5","518210","78","0","2017","1","N",1,0,0,0,0,0,0,0,"N",0.32,0,0,0,0,0,0,0,"N",0,0.0,0,0,0,0,0,0,0,0,0,0,0,0,0,0
"48243","5","518210","78","0","2017","1","N",1,0,0,0,0,0,0,0,"N",5.61,0,0,0,0,0,0,0,"N",1,100.0,0,0,0,0,0,0,0,0,0,0,0,0,0,0
"48245","5","518210","78","0","2017","1","N",4,0,0,0,0,0,0,0,"N",0.32,0,0,0,0,0,0,0,"N",-2,-33.3,0,0,0,0,0,0,0,0,0,0,0,0,0,0
"48251","5","518210","78","0","2017","1","N",2,0,0,0,0,0,0,0,"N",0.31,0,0,0,0,0,0,0,"N",1,100.0,0,0,0,0,0,0,0,0,0,0,0,0,0,0
"48265","5","518210","78","0","2017","1","N",1,0,0,0,0,0,0,0,"N",0.32,0,0,0,0,0,0,0,"N",0,0.0,0,0,0,0,0,0,0,0,0,0,0,0,0,0
"48285","5","518210","78","0","2017","1","N",1,0,0,0,0,0,0,0,"N",0.91,0,0,0,0,0,0,0,"N",0,0.0,0,0,0,0,0,0,0,0,0,0,0,0,0,0
"48303","5","518210","78","0","2017","1","N",5,0,0,0,0,0,0,0,"N",0.31,0,0,0,0,0,0,0,"N",1,25.0,0,0,0,0,0,0,0,0,0,0,0,0,0,0
"48309","5","518210","78","0","2017","1","",8,71,69,67,1611288,824086,16861,1796,"",0.73,0.29,0.28,0.27,0.28,0.39,0.35,0.99,"",0,0.0,8,12.7,6,9.5,1,1.5,117093,7.8,17374,2.2,4838,40.2,0,0.0
"48321","5","518210","78","0","2017","1","N",1,0,0,0,0,0,0,0,"N",0.57,0,0,0,0,0,0,0,"N",0,0.0,0,0,0,0,0,0,0,0,0,0,0,0,0,0
"48329","5","518210","78","0","2017","1","N",2,0,0,0,0,0,0,0,"N",0.17,0,0,0,0,0,0,0,"N",0,0.0,0,0,0,0,0,0,0,0,0,0,0,0,0,0
"48339","5","518210","78","0","2017","1","",12,89,87,91,1647313,701113,28137,1424,"",0.51,0.24,0.23,0.24,0.15,0.18,0.27,0.62,"",0,0.0,-24,-21.2,-27,-23.7,-18,-16.5,-195182,-10.6,-182199,-20.6,2286,8.8,159,12.6
"48347","5","518210","78","0","2017","1","N",1,0,0,0,0,0,0,0,"N",0.34,0,0,0,0,0,0,0,"N",0,0.0,0,0,0,0,0,0,0,0,0,0,0,0,0,0
"48353","5","518210","78","0","2017","1","N",1,0,0,0,0,0,0,0,"N",1.14,0,0,0,0,0,0,0,"N",0,0.0,0,0,0,0,0,0,0,0,0,0,0,0,0,0
"48355","5","518210","78","0","2017","1","N",4,0,0,0,0,0,0,0,"N",0.23,0,0,0,0,0,0,0,"N",0,0.0,0,0,0,0,0,0,0,0,0,0,0,0,0,0
"48361","5","518210","78","0","2017","1","N",1,0,0,0,0,0,0,0,"N",0.34,0,0,0,0,0,0,0,"N",0,0.0,0,0,0,0,0,0,0,0,0,0,0,0,0,0
"48367","5","518210","78","0","2017","1","N",4,0,0,0,0,0,0,0,"N",0.72,0,0,0,0,0,0,0,"N",1,33.3,0,0,0,0,0,0,0,0,0,0,0,0,0,0
"48375","5","518210","78","0","2017","1","N",8,0,0,0,0,0,0,0,"N",0.97,0,0,0,0,0,0,0,"N",-1,-11.1,0,0,0,0,0,0,0,0,0,0,0,0,0,0
"48397","5","518210","78","0","2017","1","",4,15,14,13,281520,99602,1880,1547,"",0.80,0.24,0.22,0.20,0.21,0.17,0.16,0.93,"N",2,100.0,0,0,0,0,0,0,0,0,0,0,0,0,0,0
"48401","5","518210","78","0","2017","1","N",1,0,0,0,0,0,0,0,"N",0.55,0,0,0,0,0,0,0,"N",1,100.0,0,0,0,0,0,0,0,0,0,0,0,0,0,0
"48423","5","518210","78","0","2017","1","",7,13,13,14,107771,73471,594,622,"",0.54,0.06,0.06,0.06,0.02,0.04,0.01,0.35,"",1,16.7,-3,-18.8,3,30.0,4,40.0,-25746,-19.3,-3519,-4.6,-311,-34.4,-234,-27.3
"48425","5","518210","78","0","2017","1","-",0,0,0,0,0,0,0,0,"N",0.00,0,0,0,0,0,0,0,"N",0,0,0,0,0,0,0,0,0,0,0,0,0,0,0,0
"48427","5","518210","78","0","2017","1","N",1,0,0,0,0,0,0,0,"N",0.79,0,0,0,0,0,0,0,"N",1,100.0,0,0,0,0,0,0,0,0,0,0,0,0,0,0
"48439","5","518210","78","0","2017","1","",66,1358,1298,1296,34531601,10540230,434739,2016,"",0.74,0.73,0.69,0.69,0.63,0.55,0.90,0.89,"",3,4.8,-161,-10.6,-202,-13.5,-196,-13.1,-1725025,-4.8,-2118582,-16.7,43713,11.2,161,8.7
"48441","5","518210","78","0","2017","1","",4,68,65,65,1203083,579754,5757,1402,"",0.53,0.52,0.49,0.49,0.44,0.55,0.26,0.88,"",0,0.0,5,7.9,2,3.2,1,1.6,228774,23.5,36992,6.8,2649,85.2,219,18.5
"48451","5","518210","78","0","2017","1","N",2,0,0,0,0,0,0,0,"N",0.33,0,0,0,0,0,0,0,"N",0,0.0,0,0,0,0,0,0,0,0,0,0,0,0,0,0
"48453","5","518210","78","0","2017","1","",144,4726,4815,4815,149668467,41543394,1277469,2406,"",1.71,3.05,3.08,3.07,2.78,2.54,3.03,0.91,"",12,9.1,698,17.3,725,17.7,707,17.2,34590644,30.1,5770254,16.1,272451,27.1,234,10.8
"48465","5","518210","78","0","2017","1","N",1,0,0,0,0,0,0,0,"N",0.52,0,0,0,0,0,0,0,"N",0,0.0,0,0,0,0,0,0,0,0,0,0,0,0,0,0
"48467","5","518210","78","0","2017","1","N",2,0,0,0,0,0,0,0,"N",0.98,0,0,0,0,0,0,0,"N",1,100.0,0,0,0,0,0,0,0,0,0,0,0,0,0,0
"48469","5","518210","78","0","2017","1","N",1,0,0,0,0,0,0,0,"N",0.19,0,0,0,0,0,0,0,"N",0,0.0,0,0,0,0,0,0,0,0,0,0,0,0,0,0
"48473","5","518210","78","0","2017","1","N",1,0,0,0,0,0,0,0,"N",0.57,0,0,0,0,0,0,0,"N",0,0.0,0,0,0,0,0,0,0,0,0,0,0,0,0,0
"48479","5","518210","78","0","2017","1","N",1,0,0,0,0,0,0,0,"N",0.09,0,0,0,0,0,0,0,"N",0,0.0,0,0,0,0,0,0,0,0,0,0,0,0,0,0
"48481","5","518210","78","0","2017","1","N",1,0,0,0,0,0,0,0,"N",0.41,0,0,0,0,0,0,0,"N",0,0.0,0,0,0,0,0,0,0,0,0,0,0,0,0,0
"48485","5","518210","78","0","2017","1","N",3,0,0,0,0,0,0,0,"N",0.44,0,0,0,0,0,0,0,"N",0,0.0,0,0,0,0,0,0,0,0,0,0,0,0,0,0
"48489","5","518210","78","0","2017","1","N",1,0,0,0,0,0,0,0,"N",1.51,0,0,0,0,0,0,0,"N",1,100.0,0,0,0,0,0,0,0,0,0,0,0,0,0,0
"48491","5","518210","78","0","2017","1","",26,225,221,225,4143422,2056160,95241,1425,"",1.18,0.64,0.63,0.63,0.37,0.56,0.96,0.59,"",4,18.2,-22,-8.9,-26,-10.5,-18,-7.4,154188,3.9,-55081,-2.6,19857,26.3,176,14.1
"48999","5","518210","78","0","2017","1","",217,1746,1719,1767,61852308,17228253,489650,2728,"",3.50,3.06,2.95,3.02,2.24,2.01,1.50,0.74,"",13,6.4,341,24.3,321,23.0,344,24.2,14068433,29.4,2901843,20.3,38071,8.4,119,4.6
"49000","2","518210","58","0","2017","1","-",0,0,0,0,0,0,0,0,"N",0.00,0,0,0,0,0,0,0,"N",0,0,0,0,0,0,0,0,0,0,0,0,0,0,0,0
"49000","5","518210","58","0","2017","1","",287,5937,5941,5982,95641282,82200813,377388,1236,"",1.42,1.95,1.94,1.94,1.25,1.84,1.44,0.64,"",11,4.0,462,8.4,428,7.8,434,7.8,15436800,19.2,11480254,16.2,-20604,-5.2,117,10.5
"49005","5","518210","78","0","2017","1","",7,114,115,117,1270359,1179914,8298,847,"",0.94,0.99,0.99,1.00,0.59,0.97,1.36,0.59,"N",0,0.0,0,0,0,0,0,0,0,0,0,0,0,0,0,0
"49011","5","518210","78","0","2017","1","N",13,0,0,0,0,0,0,0,"N",0.76,0,0,0,0,0,0,0,"N",-3,-18.8,0,0,0,0,0,0,0,0,0,0,0,0,0,0
"49015","5","518210","78","0","2017","1","N",1,0,0,0,0,0,0,0,"N",2.05,0,0,0,0,0,0,0,"N",0,0.0,0,0,0,0,0,0,0,0,0,0,0,0,0,0
"49017","2","518210","78","0","2017","1","-",0,0,0,0,0,0,0,0,"N",0.00,0,0,0,0,0,0,0,"N",0,0,0,0,0,0,0,0,0,0,0,0,0,0,0,0
"49017","5","518210","78","0","2017","1","-",0,0,0,0,0,0,0,0,"N",0.00,0,0,0,0,0,0,0,"N",0,0,0,0,0,0,0,0,0,0,0,0,0,0,0,0
"49035","5","518210","78","0","2017","1","",181,3023,3024,3100,50594981,42658827,222154,1276,"",2.00,2.06,2.05,2.10,1.20,1.74,1.54,0.58,"",7,4.0,149,5.2,130,4.5,210,7.3,6921499,15.8,4848417,12.8,-1199,-0.5,112,9.6
"49037","5","518210","78","0","2017","1","N",1,0,0,0,0,0,0,0,"N",1.46,0,0,0,0,0,0,0,"N",0,0.0,0,0,0,0,0,0,0,0,0,0,0,0,0,0
"49043","5","518210","78","0","2017","1","",6,49,47,43,915367,881151,8245,1520,"",1.03,0.73,0.71,0.65,0.61,0.87,0.89,0.87,"",0,0.0,7,16.7,4,9.3,-1,-2.3,150459,19.7,122149,16.1,3616,78.1,152,11.1
"49049","5","518210","78","0","2017","1","",59,2447,2464,2427,37865470,33180451,116504,1191,"",1.82,5.05,5.05,4.93,3.31,4.88,3.50,0.66,"",1,1.7,260,11.9,264,12.0,187,8.3,6606916,21.1,5137669,18.3,-29684,-20.3,102,9.4
"49051","5","518210","78","0","2017","1","N",1,0,0,0,0,0,0,0,"N",0.46,0,0,0,0,0,0,0,"N",0,0.0,0,0,0,0,0,0,0,0,0,0,0,0,0,0
"49053","5","518210","78","0","2017","1","",10,201,183,190,2395942,2275209,9736,963,"",0.86,1.53,1.38,1.40,0.97,1.56,1.27,0.68,"",2,25.0,59,41.5,34,22.8,33,21.0,510971,27.1,476231,26.5,863,9.7,-8,-0.8
"49055","5","518210","78","0","2017","1","N",1,0,0,0,0,0,0,0,"N",3.70,0,0,0,0,0,0,0,"N",0,0.0,0,0,0,0,0,0,0,0,0,0,0,0,0,0
"49057","5","518210","78","0","2017","1","N",7,0,0,0,0,0,0,0,"N",0.57,0,0,0,0,0,0,0,"N",4,133.3,0,0,0,0,0,0,0,0,0,0,0,0,0,0
"50000","5","518210","58","0","2017","1","",44,234,231,230,4144354,3073501,130923,1376,"",0.83,0.35,0.35,0.34,0.25,0.42,0.48,0.73,"",5,12.8,25,12.0,2,0.9,5,2.2,389554,10.4,244792,8.7,24005,22.5,69,5.3
"50001","5","518210","78","0","2017","1","",4,5,5,5,116871,82742,982,1798,"",1.36,0.16,0.16,0.16,0.15,0.26,0.09,0.97,"N",1,33.3,0,0,0,0,0,0,0,0,0,0,0,0,0,0
"50003","5","518210","78","0","2017","1","N",4,0,0,0,0,0,0,0,"N",1.24,0,0,0,0,0,0,0,"N",3,300.0,0,0,0,0,0,0,0,0,0,0,0,0,0,0
"50007","5","518210","78","0","2017","1","",12,120,122,121,1746045,1429996,61496,1110,"",0.84,0.55,0.56,0.55,0.29,0.52,0.63,0.51,"",0,0.0,16,15.4,-1,-0.8,3,2.5,131288,8.1,48836,3.5,9843,19.1,30,2.8
"50011","5","518210","78","0","2017","1","",3,12,11,11,308852,187070,10764,2096,"",1.14,0.31,0.29,0.29,0.33,0.48,0.85,1.12,"",-1,-25.0,0,0.0,-1,-8.3,-1,-8.3,42514,16.0,2156,1.2,-466,-4.1,389,22.8
"50015","5","518210","78","0","2017","1","N",1,0,0,0,0,0,0,0,"N",0.43,0,0,0,0,0,0,0,"N",-1,-50.0,0,0,0,0,0,0,0,0,0,0,0,0,0,0
"50017","5","518210","78","0","2017","1","-",0,0,0,0,0,0,0,0,"N",0.00,0,0,0,0,0,0,0,"N",-1,-100.0,0,0,0,0,0,0,0,0,0,0,0,0,0,0
"50019","5","518210","78","0","2017","1","",3,3,3,3,5484,5484,61,141,"",1.51,0.12,0.12,0.13,0.01,0.02,0.01,0.09,"N",1,50.0,0,0,0,0,0,0,0,0,0,0,0,0,0,0
"50021","5","518210","78","0","2017","1","",7,9,8,8,121788,89254,1243,1124,"",1.40,0.15,0.14,0.14,0.09,0.14,0.05,0.65,"",1,16.7,0,0.0,-2,-20.0,-1,-11.1,25048,25.9,3799,4.4,48,4.0,327,41.0
"50023","5","518210","78","0","2017","1","N",3,0,0,0,0,0,0,0,"N",0.55,0,0,0,0,0,0,0,"N",0,0.0,0,0,0,0,0,0,0,0,0,0,0,0,0,0
"50025","5","518210","78","0","2017","1","N",3,0,0,0,0,0,0,0,"N",0.74,0,0,0,0,0,0,0,"N",1,50.0,0,0,0,0,0,0,0,0,0,0,0,0,0,0
"50027","5","518210","78","0","2017","1","N",2,0,0,0,0,0,0,0,"N",0.41,0,0,0,0,0,0,0,"N",1,100.0,0,0,0,0,0,0,0,0,0,0,0,0,0,0
"50999","5","518210","78","0","2017","1","N",2,0,0,0,0,0,0,0,"N",1.25,0,0,0,0,0,0,0,"N",0,0.0,0,0,0,0,0,0,0,0,0,0,0,0,0,0
"51000","2","518210","58","0","2017","1","N",10,0,0,0,0,0,0,0,"N",18.34,0,0,0,0,0,0,0,"N",1,11.1,0,0,0,0,0,0,0,0,0,0,0,0,0,0
"51000","3","518210","58","0","2017","1","N",3,0,0,0,0,0,0,0,"N",1.11,0,0,0,0,0,0,0,"N",0,0.0,0,0,0,0,0,0,0,0,0,0,0,0,0,0
"51000","5","518210","58","0","2017","1","",688,11358,11355,11299,386569979,91010314,2108932,2623,"",1.24,1.38,1.38,1.36,1.50,1.24,1.74,1.10,"",9,1.3,-20,-0.2,-21,-0.2,-3,0.0,13536997,3.6,108950,0.1,-106096,-4.8,95,3.8
"51003","5","518210","78","0","2017","1","",4,87,87,87,2124663,390494,6984,1879,"",0.53,0.73,0.73,0.72,0.61,0.48,0.69,0.84,"",-1,-20.0,2,2.4,2,2.4,2,2.4,323535,18.0,-152595,-28.1,-3107,-30.8,249,15.3
"51009","5","518210","78","0","2017","1","N",1,0,0,0,0,0,0,0,"N",0.64,0,0,0,0,0,0,0,"N",0,0.0,0,0,0,0,0,0,0,0,0,0,0,0,0,0
"51011","2","518210","78","0","2017","1","N",1,0,0,0,0,0,0,0,"N",1027.31,0,0,0,0,0,0,0,"N",0,0.0,0,0,0,0,0,0,0,0,0,0,0,0,0,0
"51013","3","518210","78","0","2017","1","N",2,0,0,0,0,0,0,0,"N",21.44,0,0,0,0,0,0,0,"N",0,0.0,0,0,0,0,0,0,0,0,0,0,0,0,0,0
"51013","5","518210","78","0","2017","1","",38,646,643,616,31194495,5503270,100126,3779,"",1.98,1.71,1.70,1.62,1.61,1.52,1.50,0.96,"",-3,-7.3,9,1.4,-8,-1.2,-31,-4.8,3453924,12.5,376197,7.3,2967,3.1,471,14.2
"51015","5","518210","78","0","2017","1","N",2,0,0,0,0,0,0,0,"N",0.54,0,0,0,0,0,0,0,"N",-1,-33.3,0,0,0,0,0,0,0,0,0,0,0,0,0,0
"51017","5","518210","78","0","2017","1","N",1,0,0,0,0,0,0,0,"N",2.11,0,0,0,0,0,0,0,"N",1,100.0,0,0,0,0,0,0,0,0,0,0,0,0,0,0
"51019","5","518210","78","0","2017","1","N",5,0,0,0,0,0,0,0,"N",1.11,0,0,0,0,0,0,0,"N",-1,-16.7,0,0,0,0,0,0,0,0,0,0,0,0,0,0
"51023","5","518210","78","0","2017","1","N",2,0,0,0,0,0,0,0,"N",1.13,0,0,0,0,0,0,0,"N",0,0.0,0,0,0,0,0,0,0,0,0,0,0,0,0,0
"51031","5","518210","78","0","2017","1","-",0,0,0,0,0,0,0,0,"N",0.00,0,0,0,0,0,0,0,"N",0,0,0,0,0,0,0,0,0,0,0,0,0,0,0,0
"51041","2","518210","78","0","2017","1","N",1,0,0,0,0,0,0,0,"N",54.49,0,0,0,0,0,0,0,"N",0,0.0,0,0,0,0,0,0,0,0,0,0,0,0,0,0
"51041","5","518210","78","0","2017","1","",15,209,218,213,2739236,1521784,54837,988,"",0.80,0.72,0.75,0.73,0.37,0.60,1.36,0.51,"",-1,-6.2,17,8.9,24,12.4,20,10.4,552147,25.2,223585,17.2,27406,99.9,116,13.3
"51047","5","518210","78","0","2017","1","N",3,0,0,0,0,0,0,0,"N",1.01,0,0,0,0,0,0,0,"N",-1,-25.0,0,0,0,0,0,0,0,0,0,0,0,0,0,0
"51059","5","518210","78","0","2017","1","",186,4628,4646,4636,173461070,40713724,991862,2878,"",2.40,3.58,3.58,3.57,2.77,2.89,3.90,0.78,"",-20,-9.7,-16,-0.3,33,0.7,81,1.8,10413327,6.4,391398,1.0,38849,4.1,154,5.7
"51061","5","518210","78","0","2017","1","N",2,0,0,0,0,0,0,0,"N",0.40,0,0,0,0,0,0,0,"N",1,100.0,0,0,0,0,0,0,0,0,0,0,0,0,0,0
"51065","5","518210","78","0","2017","1","N",1,0,0,0,0,0,0,0,"N",0.88,0,0,0,0,0,0,0,"N",0,0.0,0,0,0,0,0,0,0,0,0,0,0,0,0,0
"51069","5","518210","78","0","2017","1","N",4,0,0,0,0,0,0,0,"N",1.00,0,0,0,0,0,0,0,"N",0,0.0,0,0,0,0,0,0,0,0,0,0,0,0,0,0
"51071","5","518210","78","0","2017","1","N",1,0,0,0,0,0,0,0,"N",1.26,0,0,0,0,0,0,0,"N",0,0.0,0,0,0,0,0,0,0,0,0,0,0,0,0,0
"51075","5","518210","78","0","2017","1","N",3,0,0,0,0,0,0,0,"N",1.74,0,0,0,0,0,0,0,"N",0,0.0,0,0,0,0,0,0,0,0,0,0,0,0,0,0
"51079","5","518210","78","0","2017","1","N",1,0,0,0,0,0,0,0,"N",0.97,0,0,0,0,0,0,0,"N",0,0.0,0,0,0,0,0,0,0,0,0,0,0,0,0,0
"51083","2","518210","78","0","2017","1","N",1,0,0,0,0,0,0,0,"N",472.23,0,0,0,0,0,0,0,"N",1,100.0,0,0,0,0,0,0,0,0,0,0,0,0,0,0
"51083","5","518210","78","0","2017","1","N",1,0,0,0,0,0,0,0,"N",0.46,0,0,0,0,0,0,0,"N",0,0.0,0,0,0,0,0,0,0,0,0,0,0,0,0,0
"51085","5","518210","78","0","2017","1","",9,36,33,36,389086,224204,5552,855,"",1.16,0.34,0.31,0.33,0.16,0.22,0.39,0.49,"",0,0.0,-4,-10.0,-5,-13.2,0,0.0,-73480,-15.9,-28641,-11.3,-1287,-18.8,-81,-8.7
"51087","5","518210","78","0","2017","1","",24,94,91,92,2085772,529680,9340,1738,"",1.00,0.23,0.22,0.22,0.16,0.13,0.14,0.73,"",-4,-14.3,-34,-26.6,-37,-28.9,-35,-27.6,-396423,-16.0,-274635,-34.1,-3137,-25.1,242,16.2
"51089","5","518210","78","0","2017","1","N",1,0,0,0,0,0,0,0,"N",0.29,0,0,0,0,0,0,0,"N",0,0.0,0,0,0,0,0,0,0,0,0,0,0,0,0,0
"51093","2","518210","78","0","2017","1","N",1,0,0,0,0,0,0,0,"N",644.46,0,0,0,0,0,0,0,"N",0,0.0,0,0,0,0,0,0,0,0,0,0,0,0,0,0
"51095","5","518210","78","0","2017","1","N",2,0,0,0,0,0,0,0,"N",0.50,0,0,0,0,0,0,0,"N",0,0.0,0,0,0,0,0,0,0,0,0,0,0,0,0,0
"51099","5","518210","78","0","2017","1","N",1,0,0,0,0,0,0,0,"N",0.77,0,0,0,0,0,0,0,"N",0,0.0,0,0,0,0,0,0,0,0,0,0,0,0,0,0
"51107","5","518210","78","0","2017","1","",83,1937,1936,1915,95585878,15873763,339550,3811,"",3.29,5.54,5.53,5.44,7.98,4.64,6.15,1.45,"",1,1.2,-167,-7.9,-160,-7.6,-204,-9.6,-9737911,-9.2,-1362504,-7.9,-136239,-28.6,-35,-0.9
"51115","5","518210","78","0","2017","1","-",0,0,0,0,0,0,0,0,"N",0.00,0,0,0,0,0,0,0,"N",0,0,0,0,0,0,0,0,0,0,0,0,0,0,0,0
"51117","5","518210","78","0","2017","1","N",3,0,0,0,0,0,0,0,"N",1.33,0,0,0,0,0,0,0,"N",1,50.0,0,0,0,0,0,0,0,0,0,0,0,0,0,0
"51121","5","518210","78","0","2017","1","N",5,0,0,0,0,0,0,0,"N",1.05,0,0,0,0,0,0,0,"N",-1,-16.7,0,0,0,0,0,0,0,0,0,0,0,0,0,0
"51137","5","518210","78","0","2017","1","N",1,0,0,0,0,0,0,0,"N",0.54,0,0,0,0,0,0,0,"N",0,0.0,0,0,0,0,0,0,0,0,0,0,0,0,0,0
"51139","5","518210","78","0","2017","1","N",1,0,0,0,0,0,0,0,"N",0.84,0,0,0,0,0,0,0,"N",0,0.0,0,0,0,0,0,0,0,0,0,0,0,0,0,0
"51141","5","518210","78","0","2017","1","N",1,0,0,0,0,0,0,0,"N",0.96,0,0,0,0,0,0,0,"N",0,0.0,0,0,0,0,0,0,0,0,0,0,0,0,0,0
"51145","5","518210","78","0","2017","1","N",1,0,0,0,0,0,0,0,"N",0.59,0,0,0,0,0,0,0,"N",0,0.0,0,0,0,0,0,0,0,0,0,0,0,0,0,0
"51153","5","518210","78","0","2017","1","",24,251,251,249,7535970,1838350,60256,2316,"",1.25,0.92,0.92,0.91,1.12,0.84,2.06,1.21,"",-3,-11.1,4,1.6,-3,-1.2,-5,-2.0,181246,2.5,-53921,-2.8,-19245,-24.2,68,3.0
"51161","5","518210","78","0","2017","1","N",2,0,0,0,0,0,0,0,"N",0.38,0,0,0,0,0,0,0,"N",0,0.0,0,0,0,0,0,0,0,0,0,0,0,0,0,0
"51165","2","518210","78","0","2017","1","N",1,0,0,0,0,0,0,0,"N",281.53,0,0,0,0,0,0,0,"N",1,100.0,0,0,0,0,0,0,0,0,0,0,0,0,0,0
"51169","2","518210","78","0","2017","1","N",1,0,0,0,0,0,0,0,"N",1137.98,0,0,0,0,0,0,0,"N",0,0.0,0,0,0,0,0,0,0,0,0,0,0,0,0,0
"51169","5","518210","78","0","2017","1","N",1,0,0,0,0,0,0,0,"N",1.12,0,0,0,0,0,0,0,"N",0,0.0,0,0,0,0,0,0,0,0,0,0,0,0,0,0
"51171","5","518210","78","0","2017","1","N",2,0,0,0,0,0,0,0,"N",0.80,0,0,0,0,0,0,0,"N",1,100.0,0,0,0,0,0,0,0,0,0,0,0,0,0,0
"51177","2","518210","78","0","2017","1","N",1,0,0,0,0,0,0,0,"N",163.83,0,0,0,0,0,0,0,"N",1,100.0,0,0,0,0,0,0,0,0,0,0,0,0,0,0
"51177","5","518210","78","0","2017","1","",3,15,15,15,248785,116447,6675,1276,"",0.48,0.19,0.20,0.19,0.16,0.19,0.79,0.82,"N",-1,-25.0,0,0,0,0,0,0,0,0,0,0,0,0,0,0
"51179","5","518210","78","0","2017","1","N",7,0,0,0,0,0,0,0,"N",1.25,0,0,0,0,0,0,0,"N",0,0.0,0,0,0,0,0,0,0,0,0,0,0,0,0,0
"51185","5","518210","78","0","2017","1","N",2,0,0,0,0,0,0,0,"N",0.85,0,0,0,0,0,0,0,"N",-1,-33.3,0,0,0,0,0,0,0,0,0,0,0,0,0,0
"51187","5","518210","78","0","2017","1","N",3,0,0,0,0,0,0,0,"N",1.34,0,0,0,0,0,0,0,"N",0,0.0,0,0,0,0,0,0,0,0,0,0,0,0,0,0
"51197","2","518210","78","0","2017","1","N",1,0,0,0,0,0,0,0,"N",551.55,0,0,0,0,0,0,0,"N",1,100.0,0,0,0,0,0,0,0,0,0,0,0,0,0,0
"51199","5","518210","78","0","2017","1","",6,32,32,32,299642,149446,2570,720,"",1.84,0.70,0.70,0.69,0.34,0.43,0.47,0.48,"",0,0.0,2,6.7,1,3.2,1,3.2,36556,13.9,2076,1.4,-594,-18.8,60,9.1
"51510","5","518210","78","0","2017","1","",21,347,347,353,14577870,3038773,54312,3213,"",1.57,1.70,1.70,1.73,1.77,1.65,1.81,1.03,"",1,5.0,80,30.0,80,30.0,83,30.7,8292055,131.9,885442,41.1,28527,110.6,1409,78.1
"51540","5","518210","78","0","2017","1","N",5,0,0,0,0,0,0,0,"N",0.98,0,0,0,0,0,0,0,"N",-2,-28.6,0,0,0,0,0,0,0,0,0,0,0,0,0,0
"51550","5","518210","78","0","2017","1","N",7,0,0,0,0,0,0,0,"N",0.56,0,0,0,0,0,0,0,"N",0,0.0,0,0,0,0,0,0,0,0,0,0,0,0,0,0
"51590","5","518210","78","0","2017","1","N",1,0,0,0,0,0,0,0,"N",0.28,0,0,0,0,0,0,0,"N",0,0.0,0,0,0,0,0,0,0,0,0,0,0,0,0,0
"51600","5","518210","78","0","2017","1","N",2,0,0,0,0,0,0,0,"N",0.55,0,0,0,0,0,0,0,"N",1,100.0,0,0,0,0,0,0,0,0,0,0,0,0,0,0
"51610","5","518210","78","0","2017","1","N",2,0,0,0,0,0,0,0,"N",0.93,0,0,0,0,0,0,0,"N",-1,-33.3,0,0,0,0,0,0,0,0,0,0,0,0,0,0
"51630","5","518210","78","0","2017","1","N",3,0,0,0,0,0,0,0,"N",0.86,0,0,0,0,0,0,0,"N",0,0.0,0,0,0,0,0,0,0,0,0,0,0,0,0,0
"51650","5","518210","78","0","2017","1","",4,40,38,35,460992,250175,9926,941,"",0.68,0.34,0.32,0.30,0.16,0.33,0.70,0.51,"",0,0.0,-7,-14.9,-9,-19.1,-13,-27.1,-21253,-4.4,-25869,-9.4,-1874,-15.9,157,20.0
"51680","5","518210","78","0","2017","1","N",3,0,0,0,0,0,0,0,"N",0.54,0,0,0,0,0,0,0,"N",-1,-25.0,0,0,0,0,0,0,0,0,0,0,0,0,0,0
"51683","5","518210","78","0","2017","1","N",2,0,0,0,0,0,0,0,"N",0.62,0,0,0,0,0,0,0,"N",0,0.0,0,0,0,0,0,0,0,0,0,0,0,0,0,0
"51685","5","518210","78","0","2017","1","N",2,0,0,0,0,0,0,0,"N",3.26,0,0,0,0,0,0,0,"N",0,0.0,0,0,0,0,0,0,0,0,0,0,0,0,0,0
"51690","5","518210","78","0","2017","1","N",2,0,0,0,0,0,0,0,"N",0.94,0,0,0,0,0,0,0,"N",0,0.0,0,0,0,0,0,0,0,0,0,0,0,0,0,0
"51700","5","518210","78","0","2017","1","N",1,0,0,0,0,0,0,0,"N",0.12,0,0,0,0,0,0,0,"N",0,0.0,0,0,0,0,0,0,0,0,0,0,0,0,0,0
"51710","5","518210","78","0","2017","1","N",12,0,0,0,0,0,0,0,"N",0.99,0,0,0,0,0,0,0,"N",0,0.0,0,0,0,0,0,0,0,0,0,0,0,0,0,0
"51740","5","518210","78","0","2017","1","N",2,0,0,0,0,0,0,0,"N",0.52,0,0,0,0,0,0,0,"N",0,0.0,0,0,0,0,0,0,0,0,0,0,0,0,0,0
"51760","2","518210","78","0","2017","1","N",1,0,0,0,0,0,0,0,"N",63.97,0,0,0,0,0,0,0,"N",0,0.0,0,0,0,0,0,0,0,0,0,0,0,0,0,0
"51760","3","518210","78","0","2017","1","N",1,0,0,0,0,0,0,0,"N",12.92,0,0,0,0,0,0,0,"N",0,0.0,0,0,0,0,0,0,0,0,0,0,0,0,0,0
"51760","5","518210","78","0","2017","1","",17,122,124,127,2859547,1061933,19092,1769,"",1.07,0.37,0.37,0.38,0.25,0.40,0.47,0.67,"",0,0.0,24,24.5,26,26.5,27,27.0,1177720,70.0,323120,43.7,2815,17.3,458,34.9
"51770","5","518210","78","0","2017","1","",4,4,4,4,50816,32000,425,977,"",0.58,0.03,0.03,0.03,0.01,0.03,0.02,0.54,"",-1,-20.0,-1,-20.0,-1,-20.0,0,0.0,-40727,-44.5,-7586,-19.2,-209,-33.0,-532,-35.3
"51775","5","518210","78","0","2017","1","N",1,0,0,0,0,0,0,0,"N",0.45,0,0,0,0,0,0,0,"N",0,0.0,0,0,0,0,0,0,0,0,0,0,0,0,0,0
"51790","5","518210","78","0","2017","1","N",1,0,0,0,0,0,0,0,"N",0.56,0,0,0,0,0,0,0,"N",0,0.0,0,0,0,0,0,0,0,0,0,0,0,0,0,0
"51810","2","518210","78","0","2017","1","N",1,0,0,0,0,0,0,0,"N",40.29,0,0,0,0,0,0,0,"N",0,0.0,0,0,0,0,0,0,0,0,0,0,0,0,0,0
"51810","5","518210","78","0","2017","1","",23,601,593,590,5816589,4098782,99884,752,"",0.91,1.60,1.56,1.54,0.70,1.36,2.14,0.44,"",3,15.0,62,11.5,49,9.0,56,10.5,417552,7.7,528491,14.8,-7598,-7.1,-19,-2.5
"51830","5","518210","78","0","2017","1","-",0,0,0,0,0,0,0,0,"N",0.00,0,0,0,0,0,0,0,"N",0,0,0,0,0,0,0,0,0,0,0,0,0,0,0,0
"51999","5","518210","78","0","2017","1","",121,445,454,453,15704531,4246018,135345,2681,"",2.52,1.95,1.95,1.93,1.46,1.38,2.00,0.75,"",45,59.2,-38,-7.9,-36,-7.3,-32,-6.6,472142,3.1,-136689,-3.1,-13159,-8.9,270,11.2
"53000","2","518210","58","0","2017","1","N",1,0,0,0,0,0,0,0,"N",1.99,0,0,0,0,0,0,0,"N",0,0.0,0,0,0,0,0,0,0,0,0,0,0,0,0,0
"53000","5","518210","58","0","2017","1","",707,10965,11080,11204,320913508,272131427,2962732,2227,"",1.38,1.58,1.59,1.59,1.37,2.08,2.17,0.86,"",109,18.2,2034,22.8,2248,25.5,2336,26.3,29304020,10.0,74805886,37.9,660691,28.7,-300,-11.9
"53005","5","518210","78","0","2017","1","",5,64,63,66,1083105,1066941,25789,1295,"",0.41,0.36,0.35,0.36,0.21,0.36,0.58,0.59,"N",1,25.0,0,0,0,0,0,0,0,0,0,0,0,0,0,0
"53007","5","518210","78","0","2017","1","",7,57,57,54,717546,665124,7645,986,"",0.97,0.68,0.67,0.60,0.40,0.70,0.61,0.62,"N",0,0.0,0,0,0,0,0,0,0,0,0,0,0,0,0,0
"53009","5","518210","78","0","2017","1","N",2,0,0,0,0,0,0,0,"N",0.39,0,0,0,0,0,0,0,"N",0,0.0,0,0,0,0,0,0,0,0,0,0,0,0,0,0
"53011","5","518210","78","0","2017","1","",49,344,343,332,6718809,6274799,99847,1522,"",1.58,1.05,1.04,0.99,0.76,1.21,1.69,0.74,"",9,22.5,150,77.3,153,80.5,140,72.9,3395606,102.2,3200189,104.1,35738,55.7,191,14.4
"53015","5","518210","78","0","2017","1","N",3,0,0,0,0,0,0,0,"N",0.47,0,0,0,0,0,0,0,"N",-1,-25.0,0,0,0,0,0,0,0,0,0,0,0,0,0,0
"53017","5","518210","78","0","2017","1","N",1,0,0,0,0,0,0,0,"N",0.38,0,0,0,0,0,0,0,"N",-1,-50.0,0,0,0,0,0,0,0,0,0,0,0,0,0,0
"53021","5","518210","78","0","2017","1","N",1,0,0,0,0,0,0,0,"N",0.18,0,0,0,0,0,0,0,"N",0,0.0,0,0,0,0,0,0,0,0,0,0,0,0,0,0
"53025","5","518210","78","0","2017","1","",5,53,52,52,2165884,1567933,17505,3184,"",0.72,0.72,0.68,0.65,1.30,1.75,1.37,1.91,"",0,0.0,6,12.8,4,8.3,5,10.6,567954,35.5,278278,21.6,15574,806.5,587,22.6
"53027","5","518210","78","0","2017","1","N",1,0,0,0,0,0,0,0,"N",0.20,0,0,0,0,0,0,0,"N",1,100.0,0,0,0,0,0,0,0,0,0,0,0,0,0,0
"53029","5","518210","78","0","2017","1","",4,12,12,28,320634,314898,4819,1423,"",0.94,0.35,0.35,0.79,0.46,0.84,1.40,0.92,"N",3,300.0,0,0,0,0,0,0,0,0,0,0,0,0,0,0
"53031","5","518210","78","0","2017","1","",3,3,3,3,55202,55202,541,1415,"",1.28,0.17,0.17,0.16,0.15,0.28,0.26,0.91,"N",1,50.0,0,0,0,0,0,0,0,0,0,0,0,0,0,0
"53033","5","518210","78","0","2017","1","",402,8993,9082,9181,280996732,236520182,2494905,2379,"",2.17,3.11,3.13,3.14,2.20,3.22,3.58,0.70,"",75,22.9,2219,32.8,2424,36.4,2488,37.2,39654675,16.4,80606979,51.7,686694,38.0,-388,-14.0
"53035","5","518210","78","0","2017","1","N",11,0,0,0,0,0,0,0,"N",0.77,0,0,0,0,0,0,0,"N",-3,-21.4,0,0,0,0,0,0,0,0,0,0,0,0,0,0
"53037","5","518210","78","0","2017","1","N",2,0,0,0,0,0,0,0,"N",0.66,0,0,0,0,0,0,0,"N",1,100.0,0,0,0,0,0,0,0,0,0,0,0,0,0,0
"53041","5","518210","78","0","2017","1","N",4,0,0,0,0,0,0,0,"N",0.78,0,0,0,0,0,0,0,"N",0,0.0,0,0,0,0,0,0,0,0,0,0,0,0,0,0
"53043","5","518210","78","0","2017","1","N",1,0,0,0,0,0,0,0,"N",0.89,0,0,0,0,0,0,0,"N",1,100.0,0,0,0,0,0,0,0,0,0,0,0,0,0,0
"53045","5","518210","78","0","2017","1","N",1,0,0,0,0,0,0,0,"N",0.36,0,0,0,0,0,0,0,"N",-1,-50.0,0,0,0,0,0,0,0,0,0,0,0,0,0,0
"53051","5","518210","78","0","2017","1","N",1,0,0,0,0,0,0,0,"N",1.21,0,0,0,0,0,0,0,"N",0,0.0,0,0,0,0,0,0,0,0,0,0,0,0,0,0
"53053","5","518210","78","0","2017","1","",34,133,152,154,3708145,2926047,40406,1949,"",0.73,0.21,0.23,0.24,0.22,0.34,0.38,0.97,"",7,25.9,-5,-3.6,-5,-3.2,9,6.2,-1305128,-26.0,279643,10.6,13735,51.5,-680,-25.9
"53055","5","518210","78","0","2017","1","N",3,0,0,0,0,0,0,0,"N",1.44,0,0,0,0,0,0,0,"N",1,50.0,0,0,0,0,0,0,0,0,0,0,0,0,0,0
"53057","5","518210","78","0","2017","1","",6,40,38,38,839112,708149,4863,1669,"",0.70,0.38,0.35,0.35,0.31,0.45,0.21,0.86,"",0,0.0,9,29.0,10,35.7,11,40.7,429516,104.9,304553,75.5,1819,59.8,570,51.9
"53059","5","518210","78","0","2017","1","N",1,0,0,0,0,0,0,0,"N",1.72,0,0,0,0,0,0,0,"N",0,0.0,0,0,0,0,0,0,0,0,0,0,0,0,0,0
"53061","5","518210","78","0","2017","1","",51,430,427,435,7013310,6559584,59911,1253,"",1.15,0.70,0.69,0.70,0.35,0.52,0.53,0.50,"",10,24.4,100,30.3,94,28.2,90,26.1,1531099,27.9,1466651,28.8,-10794,-15.3,-2,-0.2
"53063","5","518210","78","0","2017","1","",32,210,209,218,3500778,3191598,39647,1268,"",0.96,0.45,0.45,0.46,0.30,0.51,0.55,0.66,"",-2,-5.9,-37,-15.0,-31,-12.9,-20,-8.4,484806,16.1,317331,11.0,2951,8.0,308,32.1
"53065","5","518210","78","0","2017","1","N",1,0,0,0,0,0,0,0,"N",0.40,0,0,0,0,0,0,0,"N",0,0.0,0,0,0,0,0,0,0,0,0,0,0,0,0,0
"53067","2","518210","78","0","2017","1","N",1,0,0,0,0,0,0,0,"N",57.85,0,0,0,0,0,0,0,"N",0,0.0,0,0,0,0,0,0,0,0,0,0,0,0,0,0
"53067","5","518210","78","0","2017","1","",29,107,119,113,1943077,1621305,14677,1323,"",1.65,0.44,0.49,0.46,0.31,0.63,0.47,0.66,"",5,20.8,12,12.6,3,2.6,-3,-2.6,369149,23.5,288132,21.6,-1887,-11.4,212,19.1
"53071","5","518210","78","0","2017","1","N",5,0,0,0,0,0,0,0,"N",1.10,0,0,0,0,0,0,0,"N",0,0.0,0,0,0,0,0,0,0,0,0,0,0,0,0,0
"53073","5","518210","78","0","2017","1","",22,107,112,114,1613973,1543736,19422,1118,"",1.43,0.56,0.59,0.59,0.35,0.58,0.50,0.60,"",4,22.2,17,18.9,24,27.3,25,28.1,429909,36.3,363125,30.8,-5175,-21.0,95,9.3
"53075","5","518210","78","0","2017","1","N",1,0,0,0,0,0,0,0,"N",0.37,0,0,0,0,0,0,0,"N",1,100.0,0,0,0,0,0,0,0,0,0,0,0,0,0,0
"53077","5","518210","78","0","2017","1","N",3,0,0,0,0,0,0,0,"N",0.18,0,0,0,0,0,0,0,"N",-1,-25.0,0,0,0,0,0,0,0,0,0,0,0,0,0,0
"53999","5","518210","78","0","2017","1","",16,225,225,225,7391154,6552734,104255,2527,"",4.35,6.11,6.04,6.01,3.70,4.78,6.17,0.61,"",-2,-11.1,-31,-12.1,-29,-11.4,-27,-10.7,-127446,-1.7,-330441,-4.8,21996,26.7,250,11.0
"54000","2","518210","58","0","2017","1","N",1,0,0,0,0,0,0,0,"N",9.78,0,0,0,0,0,0,0,"N",0,0.0,0,0,0,0,0,0,0,0,0,0,0,0,0,0
"54000","5","518210","58","0","2017","1","",84,968,856,847,13846907,9178620,329961,1196,"",0.81,0.66,0.58,0.57,0.40,0.66,0.82,0.67,"",7,9.1,-135,-12.2,-253,-22.8,-273,-24.4,-1761905,-11.3,-1476399,-13.9,-57244,-14.8,115,10.6
"54003","5","518210","78","0","2017","1","",7,171,53,52,899469,819383,30136,752,"",1.71,2.37,0.74,0.73,0.58,1.39,2.00,0.45,"",1,16.7,5,3.0,-111,-67.7,-114,-68.7,-565147,-38.6,-613570,-42.8,-30636,-50.4,71,10.4
"54009","5","518210","78","0","2017","1","N",1,0,0,0,0,0,0,0,"N",1.00,0,0,0,0,0,0,0,"N",0,0.0,0,0,0,0,0,0,0,0,0,0,0,0,0,0
"54011","5","518210","78","0","2017","1","",6,20,19,18,182669,160760,3430,740,"",1.03,0.18,0.17,0.16,0.07,0.17,0.15,0.44,"",0,0.0,-6,-23.1,-7,-26.9,-8,-30.8,-63682,-25.9,-39091,-19.6,-470,-12.1,11,1.5
"54023","5","518210","78","0","2017","1","N",1,0,0,0,0,0,0,0,"N",1.67,0,0,0,0,0,0,0,"N",1,100.0,0,0,0,0,0,0,0,0,0,0,0,0,0,0
"54025","5","518210","78","0","2017","1","N",1,0,0,0,0,0,0,0,"N",0.43,0,0,0,0,0,0,0,"N",0,0.0,0,0,0,0,0,0,0,0,0,0,0,0,0,0
"54029","5","518210","78","0","2017","1","N",1,0,0,0,0,0,0,0,"N",0.73,0,0,0,0,0,0,0,"N",0,0.0,0,0,0,0,0,0,0,0,0,0,0,0,0,0
"54033","5","518210","78","0","2017","1","N",1,0,0,0,0,0,0,0,"N",0.23,0,0,0,0,0,0,0,"N",0,0.0,0,0,0,0,0,0,0,0,0,0,0,0,0,0
"54037","5","518210","78","0","2017","1","N",1,0,0,0,0,0,0,0,"N",0.44,0,0,0,0,0,0,0,"N",0,0.0,0,0,0,0,0,0,0,0,0,0,0,0,0,0
"54039","5","518210","78","0","2017","1","",8,178,177,183,2744833,1877080,63485,1177,"",0.67,0.82,0.82,0.84,0.50,0.91,1.17,0.60,"",1,14.3,35,24.5,33,22.9,38,26.2,419084,18.0,341530,22.2,12986,25.7,-65,-5.2
"54049","5","518210","78","0","2017","1","N",1,0,0,0,0,0,0,0,"N",0.36,0,0,0,0,0,0,0,"N",0,0.0,0,0,0,0,0,0,0,0,0,0,0,0,0,0
"54055","5","518210","78","0","2017","1","N",1,0,0,0,0,0,0,0,"N",0.35,0,0,0,0,0,0,0,"N",0,0.0,0,0,0,0,0,0,0,0,0,0,0,0,0,0
"54057","5","518210","78","0","2017","1","N",2,0,0,0,0,0,0,0,"N",1.80,0,0,0,0,0,0,0,"N",-1,-33.3,0,0,0,0,0,0,0,0,0,0,0,0,0,0
"54061","2","518210","78","0","2017","1","N",1,0,0,0,0,0,0,0,"N",184.34,0,0,0,0,0,0,0,"N",0,0.0,0,0,0,0,0,0,0,0,0,0,0,0,0,0
"54061","5","518210","78","0","2017","1","",6,12,13,13,212936,148918,3684,1293,"",1.09,0.10,0.11,0.11,0.06,0.15,0.14,0.58,"",-3,-33.3,-223,-94.9,-215,-94.3,-220,-94.4,-2593426,-92.4,-1838263,-92.5,-50051,-93.1,363,39.0
"54069","5","518210","78","0","2017","1","N",1,0,0,0,0,0,0,0,"N",0.31,0,0,0,0,0,0,0,"N",0,0.0,0,0,0,0,0,0,0,0,0,0,0,0,0,0
"54071","5","518210","78","0","2017","1","N",1,0,0,0,0,0,0,0,"N",2.56,0,0,0,0,0,0,0,"N",0,0.0,0,0,0,0,0,0,0,0,0,0,0,0,0,0
"54081","5","518210","78","0","2017","1","N",1,0,0,0,0,0,0,0,"N",0.22,0,0,0,0,0,0,0,"N",0,0.0,0,0,0,0,0,0,0,0,0,0,0,0,0,0
"54083","5","518210","78","0","2017","1","N",1,0,0,0,0,0,0,0,"N",0.57,0,0,0,0,0,0,0,"N",0,0.0,0,0,0,0,0,0,0,0,0,0,0,0,0,0
"54091","5","518210","78","0","2017","1","N",2,0,0,0,0,0,0,0,"N",3.53,0,0,0,0,0,0,0,"N",0,0.0,0,0,0,0,0,0,0,0,0,0,0,0,0,0
"54107","5","518210","78","0","2017","1","N",2,0,0,0,0,0,0,0,"N",0.42,0,0,0,0,0,0,0,"N",0,0.0,0,0,0,0,0,0,0,0,0,0,0,0,0,0
"54999","5","518210","78","0","2017","1","",39,96,97,92,2355883,1123647,38617,1908,"",3.15,1.95,1.92,1.75,1.44,1.33,1.18,0.77,"",8,25.8,5,5.5,7,7.8,0,0.0,651349,38.2,199598,21.6,12646,48.7,467,32.4
"55000","3","518210","58","0","2017","1","N",1,0,0,0,0,0,0,0,"N",0.58,0,0,0,0,0,0,0,"N",0,0.0,0,0,0,0,0,0,0,0,0,0,0,0,0,0
"55000","5","518210","58","0","2017","1","",197,7675,7674,7636,188589103,82603903,1396801,1893,"",0.55,1.26,1.26,1.25,1.20,1.17,1.02,0.96,"",-4,-2.0,-335,-4.2,-261,-3.3,-292,-3.7,1724996,0.9,-2058999,-2.4,-464761,-25.0,87,4.8
"55005","5","518210","78","0","2017","1","N",1,0,0,0,0,0,0,0,"N",0.34,0,0,0,0,0,0,0,"N",0,0.0,0,0,0,0,0,0,0,0,0,0,0,0,0,0
"55009","5","518210","78","0","2017","1","N",7,0,0,0,0,0,0,0,"N",0.50,0,0,0,0,0,0,0,"N",0,0.0,0,0,0,0,0,0,0,0,0,0,0,0,0,0
"55011","5","518210","78","0","2017","1","N",1,0,0,0,0,0,0,0,"N",1.31,0,0,0,0,0,0,0,"N",0,0.0,0,0,0,0,0,0,0,0,0,0,0,0,0,0
"55015","5","518210","78","0","2017","1","N",1,0,0,0,0,0,0,0,"N",0.62,0,0,0,0,0,0,0,"N",1,100.0,0,0,0,0,0,0,0,0,0,0,0,0,0,0
"55025","5","518210","78","0","2017","1","",37,1096,1113,1112,18934322,12047177,220040,1316,"",1.18,1.54,1.55,1.55,0.87,1.45,1.48,0.56,"",3,8.8,71,6.9,77,7.4,63,6.0,2618885,16.1,952671,8.6,-77656,-26.1,105,8.7
"55027","5","518210","78","0","2017","1","N",1,0,0,0,0,0,0,0,"N",0.27,0,0,0,0,0,0,0,"N",0,0.0,0,0,0,0,0,0,0,0,0,0,0,0,0,0
"55031","5","518210","78","0","2017","1","N",3,0,0,0,0,0,0,0,"N",1.33,0,0,0,0,0,0,0,"N",0,0.0,0,0,0,0,0,0,0,0,0,0,0,0,0,0
"55035","5","518210","78","0","2017","1","N",1,0,0,0,0,0,0,0,"N",0.18,0,0,0,0,0,0,0,"N",-1,-50.0,0,0,0,0,0,0,0,0,0,0,0,0,0,0
"55039","5","518210","78","0","2017","1","N",1,0,0,0,0,0,0,0,"N",0.21,0,0,0,0,0,0,0,"N",0,0.0,0,0,0,0,0,0,0,0,0,0,0,0,0,0
"55045","5","518210","78","0","2017","1","N",2,0,0,0,0,0,0,0,"N",0.96,0,0,0,0,0,0,0,"N",0,0.0,0,0,0,0,0,0,0,0,0,0,0,0,0,0
"55055","5","518210","78","0","2017","1","N",1,0,0,0,0,0,0,0,"N",0.24,0,0,0,0,0,0,0,"N",0,0.0,0,0,0,0,0,0,0,0,0,0,0,0,0,0
"55059","5","518210","78","0","2017","1","N",2,0,0,0,0,0,0,0,"N",0.30,0,0,0,0,0,0,0,"N",0,0.0,0,0,0,0,0,0,0,0,0,0,0,0,0,0
"55063","5","518210","78","0","2017","1","",6,162,167,159,2034820,1548254,37259,962,"",0.95,1.09,1.11,1.06,0.59,1.08,1.35,0.54,"",-1,-14.3,-3,-1.8,3,1.8,-1,-0.6,228706,12.7,105098,7.3,10313,38.3,110,12.9
"55071","5","518210","78","0","2017","1","N",1,0,0,0,0,0,0,0,"N",0.26,0,0,0,0,0,0,0,"N",0,0.0,0,0,0,0,0,0,0,0,0,0,0,0,0,0
"55073","3","518210","78","0","2017","1","N",1,0,0,0,0,0,0,0,"N",28.95,0,0,0,0,0,0,0,"N",0,0.0,0,0,0,0,0,0,0,0,0,0,0,0,0,0
"55073","5","518210","78","0","2017","1","N",1,0,0,0,0,0,0,0,"N",0.14,0,0,0,0,0,0,0,"N",0,0.0,0,0,0,0,0,0,0,0,0,0,0,0,0,0
"55079","5","518210","78","0","2017","1","",24,2282,2292,2296,52108973,28017585,417583,1750,"",0.45,2.19,2.19,2.18,1.71,2.47,1.91,0.78,"",-1,-4.0,-79,-3.3,-73,-3.1,-78,-3.3,5256908,11.2,-868492,-3.0,-170147,-28.9,227,14.9
"55087","5","518210","78","0","2017","1","N",2,0,0,0,0,0,0,0,"N",0.19,0,0,0,0,0,0,0,"N",-1,-33.3,0,0,0,0,0,0,0,0,0,0,0,0,0,0
"55089","5","518210","78","0","2017","1","N",4,0,0,0,0,0,0,0,"N",0.68,0,0,0,0,0,0,0,"N",0,0.0,0,0,0,0,0,0,0,0,0,0,0,0,0,0
"55097","5","518210","78","0","2017","1","N",1,0,0,0,0,0,0,0,"N",0.28,0,0,0,0,0,0,0,"N",0,0.0,0,0,0,0,0,0,0,0,0,0,0,0,0,0
"55099","5","518210","78","0","2017","1","N",1,0,0,0,0,0,0,0,"N",1.00,0,0,0,0,0,0,0,"N",0,0.0,0,0,0,0,0,0,0,0,0,0,0,0,0,0
"55101","5","518210","78","0","2017","1","N",2,0,0,0,0,0,0,0,"N",0.22,0,0,0,0,0,0,0,"N",-2,-50.0,0,0,0,0,0,0,0,0,0,0,0,0,0,0
"55105","5","518210","78","0","2017","1","N",5,0,0,0,0,0,0,0,"N",0.73,0,0,0,0,0,0,0,"N",0,0.0,0,0,0,0,0,0,0,0,0,0,0,0,0,0
"55109","5","518210","78","0","2017","1","N",2,0,0,0,0,0,0,0,"N",0.43,0,0,0,0,0,0,0,"N",-1,-33.3,0,0,0,0,0,0,0,0,0,0,0,0,0,0
"55115","5","518210","78","0","2017","1","N",1,0,0,0,0,0,0,0,"N",0.46,0,0,0,0,0,0,0,"N",0,0.0,0,0,0,0,0,0,0,0,0,0,0,0,0,0
"55123","5","518210","78","0","2017","1","N",1,0,0,0,0,0,0,0,"N",0.71,0,0,0,0,0,0,0,"N",0,0.0,0,0,0,0,0,0,0,0,0,0,0,0,0,0
"55125","5","518210","78","0","2017","1","N",1,0,0,0,0,0,0,0,"N",0.50,0,0,0,0,0,0,0,"N",0,0.0,0,0,0,0,0,0,0,0,0,0,0,0,0,0
"55127","5","518210","78","0","2017","1","N",2,0,0,0,0,0,0,0,"N",0.35,0,0,0,0,0,0,0,"N",1,100.0,0,0,0,0,0,0,0,0,0,0,0,0,0,0
"55131","5","518210","78","0","2017","1","-",0,0,0,0,0,0,0,0,"N",0.00,0,0,0,0,0,0,0,"N",0,0,0,0,0,0,0,0,0,0,0,0,0,0,0,0
"55133","5","518210","78","0","2017","1","",34,1953,1941,1948,90885300,26213586,388647,3590,"",1.28,3.78,3.75,3.74,5.95,3.57,2.65,1.58,"",4,13.3,-144,-6.9,-159,-7.6,-161,-7.6,-4779668,-5.0,-1756800,-6.3,-134185,-25.7,89,2.5
"55135","5","518210","78","0","2017","1","N",1,0,0,0,0,0,0,0,"N",0.37,0,0,0,0,0,0,0,"N",0,0.0,0,0,0,0,0,0,0,0,0,0,0,0,0,0
"55139","5","518210","78","0","2017","1","N",4,0,0,0,0,0,0,0,"N",0.52,0,0,0,0,0,0,0,"N",-1,-20.0,0,0,0,0,0,0,0,0,0,0,0,0,0,0
"55141","5","518210","78","0","2017","1","N",1,0,0,0,0,0,0,0,"N",0.25,0,0,0,0,0,0,0,"N",-1,-50.0,0,0,0,0,0,0,0,0,0,0,0,0,0,0
"55999","5","518210","78","0","2017","1","",45,100,105,106,2687392,1282110,29140,1994,"",1.11,0.81,0.83,0.83,0.57,0.58,0.60,0.70,"",-3,-6.2,7,7.5,18,20.7,22,26.2,458758,20.6,190864,17.5,7992,37.8,46,2.4
"56000","5","518210","58","0","2017","1","",34,196,197,202,2899423,2605342,24188,1125,"",0.63,0.34,0.35,0.35,0.21,0.35,0.23,0.60,"",-1,-2.9,-5,-2.5,3,1.5,14,7.4,347413,13.6,221932,9.3,4022,19.9,115,11.4
"56001","5","518210","78","0","2017","1","",3,5,5,5,48828,48828,226,751,"",1.12,0.15,0.15,0.15,0.07,0.19,0.10,0.48,"N",1,50.0,0,0,0,0,0,0,0,0,0,0,0,0,0,0
"56003","5","518210","78","0","2017","1","-",0,0,0,0,0,0,0,0,"N",0.00,0,0,0,0,0,0,0,"N",-1,-100.0,0,0,0,0,0,0,0,0,0,0,0,0,0,0
"56005","5","518210","78","0","2017","1","N",1,0,0,0,0,0,0,0,"N",0.27,0,0,0,0,0,0,0,"N",0,0.0,0,0,0,0,0,0,0,0,0,0,0,0,0,0
"56009","5","518210","78","0","2017","1","-",0,0,0,0,0,0,0,0,"N",0.00,0,0,0,0,0,0,0,"N",0,0,0,0,0,0,0,0,0,0,0,0,0,0,0,0
"56013","5","518210","78","0","2017","1","N",2,0,0,0,0,0,0,0,"N",0.57,0,0,0,0,0,0,0,"N",-1,-33.3,0,0,0,0,0,0,0,0,0,0,0,0,0,0
"56021","5","518210","78","0","2017","1","",13,163,163,167,2248660,2104239,19405,1053,"",1.74,1.65,1.65,1.69,0.97,1.97,1.58,0.58,"",1,8.3,-6,-3.6,-2,-1.2,8,5.0,239562,11.9,168717,8.7,1945,11.1,113,12.0
"56023","5","518210","78","0","2017","1","N",1,0,0,0,0,0,0,0,"N",0.57,0,0,0,0,0,0,0,"N",0,0.0,0,0,0,0,0,0,0,0,0,0,0,0,0,0
"56025","5","518210","78","0","2017","1","N",2,0,0,0,0,0,0,0,"N",0.27,0,0,0,0,0,0,0,"N",0,0.0,0,0,0,0,0,0,0,0,0,0,0,0,0,0
"56029","5","518210","78","0","2017","1","N",2,0,0,0,0,0,0,0,"N",0.64,0,0,0,0,0,0,0,"N",1,100.0,0,0,0,0,0,0,0,0,0,0,0,0,0,0
"56033","5","518210","78","0","2017","1","N",3,0,0,0,0,0,0,0,"N",1.03,0,0,0,0,0,0,0,"N",1,50.0,0,0,0,0,0,0,0,0,0,0,0,0,0,0
"56037","5","518210","78","0","2017","1","N",1,0,0,0,0,0,0,0,"N",0.29,0,0,0,0,0,0,0,"N",0,0.0,0,0,0,0,0,0,0,0,0,0,0,0,0,0
"56039","5","518210","78","0","2017","1","N",3,0,0,0,0,0,0,0,"N",0.62,0,0,0,0,0,0,0,"N",-2,-40.0,0,0,0,0,0,0,0,0,0,0,0,0,0,0
"56999","5","518210","78","0","2017","1","N",3,0,0,0,0,0,0,0,"N",1.92,0,0,0,0,0,0,0,"N",0,0.0,0,0,0,0,0,0,0,0,0,0,0,0,0,0
"72000","5","518210","58","0","2017","1","",36,2404,2386,2371,26672273,14150461,400683,860,"",0.37,1.24,1.23,1.22,0.95,1.26,1.11,0.77,"",-5,-12.2,-93,-3.7,-73,-3.0,-80,-3.3,-1448076,-5.1,-405957,-2.8,-21091,-5.0,-16,-1.8
"72013","5","518210","78","0","2017","1","N",1,0,0,0,0,0,0,0,"N",0.45,0,0,0,0,0,0,0,"N",0,0.0,0,0,0,0,0,0,0,0,0,0,0,0,0,0
"72021","5","518210","78","0","2017","1","N",2,0,0,0,0,0,0,0,"N",0.32,0,0,0,0,0,0,0,"N",1,100.0,0,0,0,0,0,0,0,0,0,0,0,0,0,0
"72025","5","518210","78","0","2017","1","N",1,0,0,0,0,0,0,0,"N",0.21,0,0,0,0,0,0,0,"N",0,0.0,0,0,0,0,0,0,0,0,0,0,0,0,0,0
"72031","5","518210","78","0","2017","1","-",0,0,0,0,0,0,0,0,"N",0.00,0,0,0,0,0,0,0,"N",0,0.0,0,0,0,0,0,0,0,0,0,0,0,0,0,0
"72051","5","518210","78","0","2017","1","N",2,0,0,0,0,0,0,0,"N",1.82,0,0,0,0,0,0,0,"N",0,0.0,0,0,0,0,0,0,0,0,0,0,0,0,0,0
"72061","5","518210","78","0","2017","1","N",3,0,0,0,0,0,0,0,"N",0.60,0,0,0,0,0,0,0,"N",0,0.0,0,0,0,0,0,0,0,0,0,0,0,0,0,0
"72063","5","518210","78","0","2017","1","-",0,0,0,0,0,0,0,0,"N",0.00,0,0,0,0,0,0,0,"N",-1,-100.0,0,0,0,0,0,0,0,0,0,0,0,0,0,0
"72077","5","518210","78","0","2017","1","N",1,0,0,0,0,0,0,0,"N",1.97,0,0,0,0,0,0,0,"N",0,0.0,0,0,0,0,0,0,0,0,0,0,0,0,0,0
"72113","5","518210","78","0","2017","1","N",1,0,0,0,0,0,0,0,"N",0.22,0,0,0,0,0,0,0,"N",0,0.0,0,0,0,0,0,0,0,0,0,0,0,0,0,0
"72127","5","518210","78","0","2017","1","",19,1753,1762,1769,23314009,11044125,278628,1018,"",0.84,3.29,3.30,3.30,2.50,3.47,2.80,0.76,"",0,0.0,42,2.5,36,2.1,19,1.1,-1417547,-5.7,-333216,-2.9,-18233,-6.1,-82,-7.5
"72131","5","518210","78","0","2017","1","N",1,0,0,0,0,0,0,0,"N",0.86,0,0,0,0,0,0,0,"N",0,0.0,0,0,0,0,0,0,0,0,0,0,0,0,0,0
"72999","5","518210","78","0","2017","1","",5,44,43,41,285913,225124,8589,515,"",8.96,9.61,8.99,8.66,2.44,6.88,7.71,0.27,"N",0,0.0,0,0,0,0,0,0,0,0,0,0,0,0,0,0
"78000","5","518210","58","0","2017","1","N",5,0,0,0,0,0,0,0,"N",0.70,0,0,0,0,0,0,0,"N",-1,-16.7,0,0,0,0,0,0,0,0,0,0,0,0,0,0
"78010","5","518210","78","0","2017","1","N",1,0,0,0,0,0,0,0,"N",0.37,0,0,0,0,0,0,0,"N",-1,-50.0,0,0,0,0,0,0,0,0,0,0,0,0,0,0
"78030","5","518210","78","0","2017","1","N",4,0,0,0,0,0,0,0,"N",1.05,0,0,0,0,0,0,0,"N",0,0.0,0,0,0,0,0,0,0,0,0,0,0,0,0,0
"C1018","5","518210","48","0","2017","1","",4,68,65,65,1203083,579754,5757,1402,"",0.45,0.48,0.45,0.45,0.40,0.50,0.24,0.88,"",0,0.0,5,7.9,2,3.2,1,1.6,228774,23.5,36992,6.8,2649,85.2,219,18.5
"C1038","5","518210","48","0","2017","1","N",1,0,0,0,0,0,0,0,"N",0.13,0,0,0,0,0,0,0,"N",-1,-50.0,0,0,0,0,0,0,0,0,0,0,0,0,0,0
"C1042","5","518210","48","0","2017","1","N",36,0,0,0,0,0,0,0,"N",0.98,0,0,0,0,0,0,0,"N",6,20.0,0,0,0,0,0,0,0,0,0,0,0,0,0,0
"C1050","5","518210","48","0","2017","1","N",5,0,0,0,0,0,0,0,"N",0.72,0,0,0,0,0,0,0,"N",1,25.0,0,0,0,0,0,0,0,0,0,0,0,0,0,0
"C1054","5","518210","48","0","2017","1","N",1,0,0,0,0,0,0,0,"N",0.14,0,0,0,0,0,0,0,"N",0,0.0,0,0,0,0,0,0,0,0,0,0,0,0,0,0
"C1058","5","518210","48","0","2017","1","N",40,0,0,0,0,0,0,0,"N",0.81,0,0,0,0,0,0,0,"N",-1,-2.4,0,0,0,0,0,0,0,0,0,0,0,0,0,0
"C1074","5","518210","48","0","2017","1","N",33,0,0,0,0,0,0,0,"N",0.71,0,0,0,0,0,0,0,"N",0,0.0,0,0,0,0,0,0,0,0,0,0,0,0,0,0
"C1078","5","518210","48","0","2017","1","N",3,0,0,0,0,0,0,0,"N",0.37,0,0,0,0,0,0,0,"N",0,0.0,0,0,0,0,0,0,0,0,0,0,0,0,0,0
"C1090","5","518210","48","0","2017","1","",42,1021,1058,1030,19858622,10393207,475617,1474,"",1.03,1.34,1.40,1.36,0.96,1.36,1.22,0.70,"",11,35.5,-34,-3.2,-6,-0.6,-50,-4.6,-878061,-4.2,2536881,32.3,-6724,-1.4,-22,-1.5
"C1102","5","518210","48","0","2017","1","N",1,0,0,0,0,0,0,0,"N",0.14,0,0,0,0,0,0,0,"N",0,0.0,0,0,0,0,0,0,0,0,0,0,0,0,0,0
"C1110","5","518210","48","0","2017","1","N",8,0,0,0,0,0,0,0,"N",0.57,0,0,0,0,0,0,0,"N",-1,-11.1,0,0,0,0,0,0,0,0,0,0,0,0,0,0
"C1118","5","518210","48","0","2017","1","N",8,0,0,0,0,0,0,0,"N",1.50,0,0,0,0,0,0,0,"N",2,33.3,0,0,0,0,0,0,0,0,0,0,0,0,0,0
"C1126","5","518210","48","0","2017","1","N",19,0,0,0,0,0,0,0,"N",0.89,0,0,0,0,0,0,0,"N",1,5.6,0,0,0,0,0,0,0,0,0,0,0,0,0,0
"C1146","5","518210","48","0","2017","1","",47,954,971,976,24134629,8584531,271524,1920,"",2.77,2.13,2.13,2.13,1.74,2.83,2.95,0.82,"",7,17.5,-3,-0.3,23,2.4,22,2.3,-1016427,-4.0,-74260,-0.9,-8033,-2.9,-110,-5.4
"C1150","5","518210","48","0","2017","1","N",2,0,0,0,0,0,0,0,"N",0.38,0,0,0,0,0,0,0,"N",0,0.0,0,0,0,0,0,0,0,0,0,0,0,0,0,0
"C1154","5","518210","48","0","2017","1","N",3,0,0,0,0,0,0,0,"N",0.24,0,0,0,0,0,0,0,"N",0,0.0,0,0,0,0,0,0,0,0,0,0,0,0,0,0
"C1164","5","518210","48","0","2017","1","N",1,0,0,0,0,0,0,0,"N",0.23,0,0,0,0,0,0,0,"N",0,0.0,0,0,0,0,0,0,0,0,0,0,0,0,0,0
"C1170","5","518210","48","0","2017","1","",20,51,47,46,1033919,883840,9870,1657,"",0.68,0.13,0.12,0.11,0.12,0.18,0.23,1.02,"",1,5.3,3,6.2,1,2.2,-3,-6.1,-249849,-19.5,-186186,-17.4,-8316,-45.7,-415,-20.0
"C1202","5","518210","48","0","2017","1","N",3,0,0,0,0,0,0,0,"N",0.30,0,0,0,0,0,0,0,"N",-1,-25.0,0,0,0,0,0,0,0,0,0,0,0,0,0,0
"C1206","5","518210","48","0","2017","1","",398,9628,9487,9577,308854189,95878912,1597114,2484,"",1.26,1.75,1.72,1.73,1.65,1.57,1.63,0.95,"",-10,-2.5,2267,30.8,2034,27.3,1980,26.1,87797829,39.7,26044906,37.3,278036,21.1,208,9.1
"C1210","5","518210","48","0","2017","1","N",3,0,0,0,0,0,0,0,"N",0.22,0,0,0,0,0,0,0,"N",-1,-25.0,0,0,0,0,0,0,0,0,0,0,0,0,0,0
"C1222","5","518210","48","0","2017","1","N",3,0,0,0,0,0,0,0,"N",0.46,0,0,0,0,0,0,0,"N",0,0.0,0,0,0,0,0,0,0,0,0,0,0,0,0,0
"C1226","5","518210","48","0","2017","1","",10,105,102,101,1890834,713789,13229,1417,"",0.43,0.22,0.21,0.21,0.16,0.15,0.15,0.74,"",0,0.0,-14,-11.8,-16,-13.6,-18,-15.1,-317610,-14.4,-239544,-25.1,-7652,-36.6,-15,-1.0
"C1242","5","518210","48","0","2017","1","N",179,0,0,0,0,0,0,0,"N",1.50,0,0,0,0,0,0,0,"N",18,11.2,0,0,0,0,0,0,0,0,0,0,0,0,0,0
"C1254","5","518210","48","0","2017","1","N",3,0,0,0,0,0,0,0,"N",0.08,0,0,0,0,0,0,0,"N",-1,-25.0,0,0,0,0,0,0,0,0,0,0,0,0,0,0
"C1258","5","518210","48","0","2017","1","",109,1448,1404,1378,37045302,11698686,331154,2021,"",0.72,0.51,0.49,0.48,0.41,0.47,0.55,0.83,"",0,0.0,-183,-11.2,-225,-13.8,-257,-15.7,2482567,7.2,-1541306,-11.6,-152505,-31.5,392,24.1
"C1262","5","518210","48","0","2017","1","N",2,0,0,0,0,0,0,0,"N",0.20,0,0,0,0,0,0,0,"N",1,100.0,0,0,0,0,0,0,0,0,0,0,0,0,0,0
"C1270","5","518210","48","0","2017","1","",5,168,172,175,3029039,2064141,72546,1357,"",0.25,0.90,0.93,0.93,0.65,0.95,1.20,0.70,"",0,0.0,8,5.0,11,6.8,13,8.0,559334,22.6,293492,16.6,16982,30.6,177,15.0
"C1294","5","518210","48","0","2017","1","",57,706,714,717,14183963,5208325,93146,1532,"",1.19,0.85,0.85,0.85,0.61,0.69,0.72,0.72,"",4,7.5,50,7.6,57,8.7,56,8.5,1553954,12.3,339922,7.0,56890,156.9,55,3.7
"C1298","5","518210","48","0","2017","1","N",1,0,0,0,0,0,0,0,"N",0.21,0,0,0,0,0,0,0,"N",0,0.0,0,0,0,0,0,0,0,0,0,0,0,0,0,0
"C1302","5","518210","48","0","2017","1","N",3,0,0,0,0,0,0,0,"N",0.68,0,0,0,0,0,0,0,"N",1,50.0,0,0,0,0,0,0,0,0,0,0,0,0,0,0
"C1314","5","518210","48","0","2017","1","N",6,0,0,0,0,0,0,0,"N",0.34,0,0,0,0,0,0,0,"N",-2,-25.0,0,0,0,0,0,0,0,0,0,0,0,0,0,0
"C1322","5","518210","48","0","2017","1","N",1,0,0,0,0,0,0,0,"N",0.15,0,0,0,0,0,0,0,"N",0,0.0,0,0,0,0,0,0,0,0,0,0,0,0,0,0
"C1338","5","518210","48","0","2017","1","",22,107,112,114,1613973,1543736,19422,1118,"",1.43,0.56,0.59,0.59,0.35,0.58,0.50,0.60,"",4,22.2,17,18.9,24,27.3,25,28.1,429909,36.3,363125,30.8,-5175,-21.0,95,9.3
"C1346","5","518210","48","0","2017","1","",17,28,30,30,506245,477243,9577,1328,"",1.00,0.17,0.18,0.18,0.13,0.21,0.19,0.76,"",2,13.3,6,27.3,9,42.9,7,30.4,186678,58.4,166185,53.4,976,11.3,211,18.9
"C1374","5","518210","48","0","2017","1","N",11,0,0,0,0,0,0,0,"N",0.74,0,0,0,0,0,0,0,"N",0,0.0,0,0,0,0,0,0,0,0,0,0,0,0,0,0
"C1378","5","518210","48","0","2017","1","N",4,0,0,0,0,0,0,0,"N",0.36,0,0,0,0,0,0,0,"N",1,33.3,0,0,0,0,0,0,0,0,0,0,0,0,0,0
"C1382","5","518210","48","0","2017","1","N",47,0,0,0,0,0,0,0,"N",0.78,0,0,0,0,0,0,0,"N",8,20.5,0,0,0,0,0,0,0,0,0,0,0,0,0,0
"C1390","5","518210","48","0","2017","1","N",6,0,0,0,0,0,0,0,"N",0.59,0,0,0,0,0,0,0,"N",1,20.0,0,0,0,0,0,0,0,0,0,0,0,0,0,0
"C1398","5","518210","48","0","2017","1","N",6,0,0,0,0,0,0,0,"N",0.68,0,0,0,0,0,0,0,"N",-1,-14.3,0,0,0,0,0,0,0,0,0,0,0,0,0,0
"C1401","5","518210","48","0","2017","1","N",5,0,0,0,0,0,0,0,"N",0.63,0,0,0,0,0,0,0,"N",1,25.0,0,0,0,0,0,0,0,0,0,0,0,0,0,0
"C1402","5","518210","48","0","2017","1","N",5,0,0,0,0,0,0,0,"N",0.72,0,0,0,0,0,0,0,"N",-1,-16.7,0,0,0,0,0,0,0,0,0,0,0,0,0,0
"C1426","5","518210","48","0","2017","1","",47,266,272,268,4848376,4450293,46956,1388,"",1.05,0.42,0.42,0.41,0.32,0.50,0.50,0.78,"",2,4.4,-6,-2.2,-5,-1.8,-13,-4.6,-485257,-9.1,-192443,-4.1,-2641,-5.3,-95,-6.4
"C1446","5","518210","48","0","2017","1","N",337,0,0,0,0,0,0,0,"N",0.98,0,0,0,0,0,0,0,"N",23,7.3,0,0,0,0,0,0,0,0,0,0,0,0,0,0
"C1450","5","518210","48","0","2017","1","",120,865,875,868,21335338,10268932,261960,1888,"",3.79,2.26,2.27,2.24,1.57,2.14,2.71,0.70,"",48,66.7,71,8.9,78,9.8,63,7.8,878489,4.3,874870,9.3,-45317,-14.7,-82,-4.2
"C1454","5","518210","48","0","2017","1","",4,12,12,12,124678,88209,3823,799,"",0.43,0.08,0.08,0.07,0.04,0.06,0.09,0.48,"",-2,-33.3,-9,-42.9,-9,-42.9,-9,-42.9,-183650,-59.6,-98799,-52.8,-4294,-52.9,-330,-29.2
"C1474","5","518210","48","0","2017","1","N",11,0,0,0,0,0,0,0,"N",0.77,0,0,0,0,0,0,0,"N",-3,-21.4,0,0,0,0,0,0,0,0,0,0,0,0,0,0
"C1486","5","518210","48","0","2017","1","",55,333,336,324,10546236,4218670,174273,2451,"",0.75,0.37,0.37,0.36,0.22,0.32,0.37,0.60,"",7,14.6,6,1.8,15,4.7,2,0.6,609784,6.1,-359608,-7.9,-7191,-4.0,87,3.7
"C1518","5","518210","48","0","2017","1","N",1,0,0,0,0,0,0,0,"N",0.07,0,0,0,0,0,0,0,"N",0,0.0,0,0,0,0,0,0,0,0,0,0,0,0,0,0
"C1526","5","518210","48","0","2017","1","N",1,0,0,0,0,0,0,0,"N",0.16,0,0,0,0,0,0,0,"N",-1,-50.0,0,0,0,0,0,0,0,0,0,0,0,0,0,0
"C1538","5","518210","48","0","2017","1","N",32,0,0,0,0,0,0,0,"N",0.52,0,0,0,0,0,0,0,"N",-2,-5.9,0,0,0,0,0,0,0,0,0,0,0,0,0,0
"C1550","5","518210","48","0","2017","1","",5,130,128,127,1230623,1135933,10821,738,"",0.70,1.00,0.98,0.97,0.44,0.69,0.73,0.45,"",1,25.0,3,2.4,5,4.1,4,3.3,35839,3.0,55646,5.2,-7388,-40.6,-1,-0.1
"C1554","5","518210","48","0","2017","1","",15,132,133,132,2054897,1617066,72260,1194,"",0.86,0.51,0.51,0.51,0.29,0.51,0.66,0.57,"",-1,-6.2,16,13.8,-2,-1.5,2,1.5,173802,9.2,50992,3.3,9377,14.9,55,4.8
"C1594","5","518210","48","0","2017","1","",12,44,44,44,870281,333636,10498,1521,"",0.63,0.12,0.12,0.12,0.11,0.11,0.11,0.92,"",2,20.0,-4,-8.3,-5,-10.2,-5,-10.2,181867,26.4,-10703,-3.1,-1004,-8.7,433,39.8
"C1598","5","518210","48","0","2017","1","",32,161,171,167,3962821,1172822,20057,1833,"",0.71,0.29,0.30,0.29,0.30,0.26,0.45,1.04,"",0,0.0,18,12.6,19,12.5,8,5.0,560593,16.5,109160,10.3,2279,12.8,104,6.0
"C1602","5","518210","48","0","2017","1","N",1,0,0,0,0,0,0,0,"N",0.15,0,0,0,0,0,0,0,"N",0,0.0,0,0,0,0,0,0,0,0,0,0,0,0,0,0
"C1606","5","518210","48","0","2017","1","N",2,0,0,0,0,0,0,0,"N",0.37,0,0,0,0,0,0,0,"N",-1,-33.3,0,0,0,0,0,0,0,0,0,0,0,0,0,0
"C1618","5","518210","48","0","2017","1","",6,24,23,24,442782,374803,7173,1439,"",1.42,0.38,0.36,0.37,0.28,0.57,0.51,0.75,"",-2,-25.0,5,26.3,4,21.1,4,20.0,18289,4.3,33804,9.9,852,13.5,-250,-14.8
"C1622","5","518210","48","0","2017","1","N",2,0,0,0,0,0,0,0,"N",0.27,0,0,0,0,0,0,0,"N",0,0.0,0,0,0,0,0,0,0,0,0,0,0,0,0,0
"C1630","5","518210","48","0","2017","1","N",26,0,0,0,0,0,0,0,"N",1.55,0,0,0,0,0,0,0,"N",2,8.3,0,0,0,0,0,0,0,0,0,0,0,0,0,0
"C1654","5","518210","48","0","2017","1","N",5,0,0,0,0,0,0,0,"N",0.73,0,0,0,0,0,0,0,"N",-1,-16.7,0,0,0,0,0,0,0,0,0,0,0,0,0,0
"C1658","5","518210","48","0","2017","1","N",17,0,0,0,0,0,0,0,"N",1.73,0,0,0,0,0,0,0,"N",3,21.4,0,0,0,0,0,0,0,0,0,0,0,0,0,0
"C1662","5","518210","48","0","2017","1","",8,178,177,183,2744833,1877080,63485,1177,"",0.61,0.77,0.77,0.79,0.47,0.85,1.08,0.61,"",1,14.3,35,24.5,33,22.9,38,26.2,419084,18.0,341530,22.2,12986,25.7,-65,-5.2
"C1670","5","518210","48","0","2017","1","",51,511,514,524,7096650,5092404,68534,1057,"",1.23,0.73,0.72,0.73,0.39,0.62,0.68,0.53,"",6,13.3,-11,-2.1,-2,-0.4,9,1.7,1806325,34.1,1039399,25.6,26558,63.3,271,34.5
"C1674","5","518210","48","0","2017","1","",179,7926,7952,8059,302971515,132994719,1139789,2921,"",1.25,3.20,3.19,3.21,3.64,3.26,2.52,1.14,"",2,1.1,-7,-0.1,13,0.2,230,2.9,21661292,7.7,2675368,2.1,-840341,-42.4,182,6.6
"C1682","5","518210","48","0","2017","1","",11,115,116,117,2884446,631350,12496,1913,"",0.65,0.49,0.49,0.49,0.43,0.38,0.62,0.88,"",-3,-21.4,-2,-1.7,-4,-3.3,4,3.5,95887,3.4,-218131,-25.7,-3938,-24.0,74,4.0
"C1686","5","518210","48","0","2017","1","",23,363,360,358,6354787,2543227,28807,1357,"",0.91,0.70,0.69,0.68,0.49,0.53,0.51,0.72,"N",6,35.3,0,0,0,0,0,0,0,0,0,0,0,0,0,0
"C1694","5","518210","48","0","2017","1","",13,163,163,167,2248660,2104239,19405,1053,"",1.74,1.65,1.65,1.69,0.97,1.97,1.58,0.58,"",1,8.3,-6,-3.6,-2,-1.2,8,5.0,239562,11.9,168717,8.7,1945,11.1,113,12.0
"C1698","5","518210","48","0","2017","1","",389,7910,7983,8072,280055614,96375412,2710292,2697,"",0.75,0.83,0.83,0.83,0.83,0.81,0.80,1.00,"",-68,-14.9,233,3.0,231,3.0,263,3.4,7715179,2.8,2880508,3.1,-121010,-4.3,-8,-0.3
"C1702","5","518210","48","0","2017","1","",5,76,75,73,1076523,413960,22114,1109,"",0.29,0.44,0.43,0.41,0.29,0.37,0.42,0.67,"N",0,0.0,0,0,0,0,0,0,0,0,0,0,0,0,0,0
"C1714","5","518210","48","0","2017","1","",88,715,717,726,16414106,6123822,277411,1755,"",0.78,0.32,0.32,0.32,0.25,0.27,0.45,0.77,"",17,23.9,35,5.1,39,5.8,33,4.8,2711812,19.8,418880,7.3,20485,8.0,213,13.8
"C1730","5","518210","48","0","2017","1","N",9,0,0,0,0,0,0,0,"N",0.88,0,0,0,0,0,0,0,"N",2,28.6,0,0,0,0,0,0,0,0,0,0,0,0,0,0
"C1742","5","518210","48","0","2017","1","N",1,0,0,0,0,0,0,0,"N",0.23,0,0,0,0,0,0,0,"N",0,0.0,0,0,0,0,0,0,0,0,0,0,0,0,0,0
"C1746","5","518210","48","0","2017","1","N",90,0,0,0,0,0,0,0,"N",0.77,0,0,0,0,0,0,0,"N",3,3.4,0,0,0,0,0,0,0,0,0,0,0,0,0,0
"C1766","5","518210","48","0","2017","1","",9,22,23,23,422797,391835,5837,1435,"",0.83,0.18,0.19,0.18,0.17,0.27,0.34,0.94,"",3,50.0,3,15.8,3,15.0,3,15.0,157847,59.6,142221,57.0,2493,74.6,399,38.5
"C1778","5","518210","48","0","2017","1","N",7,0,0,0,0,0,0,0,"N",0.63,0,0,0,0,0,0,0,"N",2,40.0,0,0,0,0,0,0,0,0,0,0,0,0,0,0
"C1782","5","518210","48","0","2017","1","N",68,0,0,0,0,0,0,0,"N",1.61,0,0,0,0,0,0,0,"N",19,38.8,0,0,0,0,0,0,0,0,0,0,0,0,0,0
"C1786","5","518210","48","0","2017","1","",6,11,11,11,105293,85188,1194,736,"",0.58,0.06,0.05,0.05,0.02,0.05,0.06,0.42,"",1,20.0,-3,-21.4,-3,-21.4,-3,-21.4,-46017,-30.4,-45328,-34.7,-271,-18.5,-95,-11.4
"C1790","5","518210","48","0","2017","1","N",50,0,0,0,0,0,0,0,"N",1.29,0,0,0,0,0,0,0,"N",5,11.1,0,0,0,0,0,0,0,0,0,0,0,0,0,0
"C1798","5","518210","48","0","2017","1","N",7,0,0,0,0,0,0,0,"N",0.55,0,0,0,0,0,0,0,"N",1,16.7,0,0,0,0,0,0,0,0,0,0,0,0,0,0
"C1814","5","518210","48","0","2017","1","",105,2446,2459,2500,53264593,21242392,552204,1660,"",1.05,1.12,1.13,1.14,0.83,1.03,1.02,0.74,"",11,11.7,279,12.9,266,12.1,278,12.5,14142187,36.1,4288166,25.3,198879,56.3,288,21.0
"C1858","5","518210","48","0","2017","1","N",4,0,0,0,0,0,0,0,"N",0.19,0,0,0,0,0,0,0,"N",0,0.0,0,0,0,0,0,0,0,0,0,0,0,0,0,0
"C1870","5","518210","48","0","2017","1","",7,104,105,105,2527421,2120776,66330,1857,"",1.25,1.30,1.30,1.29,1.18,2.43,3.72,0.91,"N",1,16.7,0,0,0,0,0,0,0,0,0,0,0,0,0,0
"C1888","5","518210","48","0","2017","1","",17,88,86,82,1146353,523086,4780,1033,"",0.93,0.39,0.37,0.35,0.22,0.30,0.28,0.60,"",1,6.2,-3,-3.3,-5,-5.5,-5,-5.7,3410,0.3,-38221,-6.8,-3007,-38.6,52,5.3
"C1906","5","518210","48","0","2017","1","N",2,0,0,0,0,0,0,0,"N",0.45,0,0,0,0,0,0,0,"N",-1,-33.3,0,0,0,0,0,0,0,0,0,0,0,0,0,0
"C1910","5","518210","48","0","2017","1","",398,14080,14055,13995,418438027,130968687,6241823,2292,"",1.08,1.90,1.89,1.88,1.67,1.59,2.77,0.88,"",36,9.9,-239,-1.7,-207,-1.5,-273,-1.9,432275,0.1,-4589114,-3.4,-302894,-4.6,41,1.8
"C1918","5","518210","48","0","2017","1","N",1,0,0,0,0,0,0,0,"N",0.35,0,0,0,0,0,0,0,"N",0,0.0,0,0,0,0,0,0,0,0,0,0,0,0,0,0
"C1930","5","518210","48","0","2017","1","N",11,0,0,0,0,0,0,0,"N",0.88,0,0,0,0,0,0,0,"N",4,57.1,0,0,0,0,0,0,0,0,0,0,0,0,0,0
"C1934","5","518210","48","0","2017","1","",10,52,51,51,742367,590293,21817,1112,"",0.49,0.13,0.13,0.13,0.07,0.12,0.20,0.57,"",0,0.0,-11,-17.5,-13,-20.3,-11,-17.7,6689,0.9,-52882,-8.2,-4998,-18.6,214,23.8
"C1938","5","518210","48","0","2017","1","",23,435,424,431,9801473,3880871,173470,1753,"",0.62,0.55,0.53,0.54,0.49,0.57,0.89,0.91,"",-4,-14.8,91,26.5,74,21.1,70,19.4,1961360,25.0,704529,22.2,8240,5.0,38,2.2
"C1946","5","518210","48","0","2017","1","",7,14,14,14,200136,94825,3400,1100,"",1.04,0.12,0.13,0.12,0.08,0.09,0.23,0.63,"",0,0.0,5,55.6,4,40.0,4,40.0,64017,47.0,25757,37.3,241,7.6,17,1.6
"C1950","5","518210","48","0","2017","1","N",1,0,0,0,0,0,0,0,"N",0.22,0,0,0,0,0,0,0,"N",0,0.0,0,0,0,0,0,0,0,0,0,0,0,0,0,0
"C1966","5","518210","48","0","2017","1","N",26,0,0,0,0,0,0,0,"N",0.75,0,0,0,0,0,0,0,"N",4,18.2,0,0,0,0,0,0,0,0,0,0,0,0,0,0
"C1974","5","518210","48","0","2017","1","N",550,0,0,0,0,0,0,0,"N",2.61,0,0,0,0,0,0,0,"N",165,42.9,0,0,0,0,0,0,0,0,0,0,0,0,0,0
"C1978","5","518210","48","0","2017","1","N",83,0,0,0,0,0,0,0,"N",1.85,0,0,0,0,0,0,0,"N",2,2.5,0,0,0,0,0,0,0,0,0,0,0,0,0,0
"C1982","5","518210","48","0","2017","1","",223,2742,2798,2827,57368968,23367482,738732,1582,"",1.10,0.67,0.69,0.69,0.43,0.53,0.45,0.63,"",37,19.9,-482,-15.0,-453,-13.9,-441,-13.5,-2609838,-4.4,-2766821,-10.6,-185965,-20.1,161,11.3
"C2002","5","518210","48","0","2017","1","N",1,0,0,0,0,0,0,0,"N",0.13,0,0,0,0,0,0,0,"N",0,0.0,0,0,0,0,0,0,0,0,0,0,0,0,0,0
"C2010","5","518210","48","0","2017","1","",11,12,12,11,458874,212332,4747,3026,"",1.31,0.08,0.08,0.08,0.14,0.16,0.23,1.73,"N",1,10.0,0,0,0,0,0,0,0,0,0,0,0,0,0,0
"C2022","5","518210","48","0","2017","1","N",3,0,0,0,0,0,0,0,"N",0.44,0,0,0,0,0,0,0,"N",1,50.0,0,0,0,0,0,0,0,0,0,0,0,0,0,0
"C2026","5","518210","48","0","2017","1","",8,189,191,188,1273079,1123308,22175,517,"",0.55,0.70,0.70,0.69,0.21,0.39,0.43,0.30,"N",0,0.0,0,0,0,0,0,0,0,0,0,0,0,0,0,0
"C2050","5","518210","48","0","2017","1","N",45,0,0,0,0,0,0,0,"N",1.50,0,0,0,0,0,0,0,"N",1,2.3,0,0,0,0,0,0,0,0,0,0,0,0,0,0
"C2070","5","518210","48","0","2017","1","N",1,0,0,0,0,0,0,0,"N",0.13,0,0,0,0,0,0,0,"N",-1,-50.0,0,0,0,0,0,0,0,0,0,0,0,0,0,0
"C2074","5","518210","48","0","2017","1","N",1,0,0,0,0,0,0,0,"N",0.11,0,0,0,0,0,0,0,"N",-1,-50.0,0,0,0,0,0,0,0,0,0,0,0,0,0,0
"C2106","5","518210","48","0","2017","1","N",12,0,0,0,0,0,0,0,"N",1.58,0,0,0,0,0,0,0,"N",1,9.1,0,0,0,0,0,0,0,0,0,0,0,0,0,0
"C2114","5","518210","48","0","2017","1","",8,10,10,11,213255,79984,1811,1588,"",0.82,0.04,0.04,0.04,0.03,0.02,0.02,0.77,"",3,60.0,1,11.1,1,11.1,1,10.0,16994,8.7,12722,18.9,1440,388.1,-30,-1.9
"C2134","5","518210","48","0","2017","1","",16,1083,1091,1066,10142222,5593856,241235,722,"",0.50,1.65,1.65,1.62,0.76,1.11,2.00,0.47,"",-1,-5.9,-41,-3.6,-36,-3.2,-92,-7.9,-201738,-2.0,-279378,-4.8,3724,1.6,22,3.1
"C2150","5","518210","48","0","2017","1","N",4,0,0,0,0,0,0,0,"N",0.27,0,0,0,0,0,0,0,"N",1,33.3,0,0,0,0,0,0,0,0,0,0,0,0,0,0
"C2166","5","518210","48","0","2017","1","",22,41,40,49,685718,627634,13599,1217,"",0.89,0.12,0.12,0.15,0.09,0.15,0.15,0.72,"",5,29.4,-1,-2.4,-1,-2.4,6,14.0,128311,23.0,119452,23.5,1445,11.9,196,19.2
"C2178","5","518210","48","0","2017","1","N",3,0,0,0,0,0,0,0,"N",0.19,0,0,0,0,0,0,0,"N",0,0.0,0,0,0,0,0,0,0,0,0,0,0,0,0,0
"C2182","5","518210","48","0","2017","1","N",3,0,0,0,0,0,0,0,"N",0.64,0,0,0,0,0,0,0,"N",1,50.0,0,0,0,0,0,0,0,0,0,0,0,0,0,0
"C2202","5","518210","48","0","2017","1","N",13,0,0,0,0,0,0,0,"N",0.74,0,0,0,0,0,0,0,"N",1,8.3,0,0,0,0,0,0,0,0,0,0,0,0,0,0
"C2214","5","518210","48","0","2017","1","N",1,0,0,0,0,0,0,0,"N",0.16,0,0,0,0,0,0,0,"N",0,0.0,0,0,0,0,0,0,0,0,0,0,0,0,0,0
"C2218","5","518210","48","0","2017","1","N",5,0,0,0,0,0,0,0,"N",0.36,0,0,0,0,0,0,0,"N",0,0.0,0,0,0,0,0,0,0,0,0,0,0,0,0,0
"C2222","5","518210","48","0","2017","1","",32,254,256,251,5622463,2876086,72893,1705,"",1.19,0.51,0.51,0.50,0.35,0.45,0.84,0.69,"",4,14.3,8,3.3,22,9.4,1,0.4,-182872,-3.2,282193,10.9,15702,27.5,-130,-7.1
"C2238","5","518210","48","0","2017","1","-",0,0,0,0,0,0,0,0,"N",0.00,0,0,0,0,0,0,0,"N",0,0,0,0,0,0,0,0,0,0,0,0,0,0,0,0
"C2242","5","518210","48","0","2017","1","",13,93,98,92,751991,464789,8940,613,"",0.91,0.33,0.34,0.32,0.11,0.19,0.11,0.33,"",1,8.3,20,27.4,28,40.0,24,35.3,38489,5.4,69391,17.5,269,3.1,-167,-21.4
"C2250","5","518210","48","0","2017","1","N",2,0,0,0,0,0,0,0,"N",0.23,0,0,0,0,0,0,0,"N",0,0.0,0,0,0,0,0,0,0,0,0,0,0,0,0,0
"C2252","5","518210","48","0","2017","1","N",2,0,0,0,0,0,0,0,"N",0.28,0,0,0,0,0,0,0,"N",1,100.0,0,0,0,0,0,0,0,0,0,0,0,0,0,0
"C2254","5","518210","48","0","2017","1","N",1,0,0,0,0,0,0,0,"N",0.21,0,0,0,0,0,0,0,"N",0,0.0,0,0,0,0,0,0,0,0,0,0,0,0,0,0
"C2266","5","518210","48","0","2017","1","",34,487,481,478,6947631,5165003,156093,1109,"",1.36,1.47,1.44,1.42,0.77,1.42,2.12,0.53,"",6,21.4,-107,-18.0,-106,-18.1,-99,-17.2,-1146381,-14.2,-756331,-12.8,20613,15.2,47,4.4
"C2290","5","518210","48","0","2017","1","N",2,0,0,0,0,0,0,0,"N",0.15,0,0,0,0,0,0,0,"N",-1,-33.3,0,0,0,0,0,0,0,0,0,0,0,0,0,0
"C2306","5","518210","48","0","2017","1","N",12,0,0,0,0,0,0,0,"N",0.57,0,0,0,0,0,0,0,"N",0,0.0,0,0,0,0,0,0,0,0,0,0,0,0,0,0
"C2342","5","518210","48","0","2017","1","N",9,0,0,0,0,0,0,0,"N",0.13,0,0,0,0,0,0,0,"N",2,28.6,0,0,0,0,0,0,0,0,0,0,0,0,0,0
"C2354","5","518210","48","0","2017","1","N",8,0,0,0,0,0,0,0,"N",0.52,0,0,0,0,0,0,0,"N",1,14.3,0,0,0,0,0,0,0,0,0,0,0,0,0,0
"C2358","5","518210","48","0","2017","1","N",1,0,0,0,0,0,0,0,"N",0.11,0,0,0,0,0,0,0,"N",-2,-66.7,0,0,0,0,0,0,0,0,0,0,0,0,0,0
"C2414","5","518210","48","0","2017","1","N",2,0,0,0,0,0,0,0,"N",0.42,0,0,0,0,0,0,0,"N",0,0.0,0,0,0,0,0,0,0,0,0,0,0,0,0,0
"C2422","5","518210","48","0","2017","1","N",6,0,0,0,0,0,0,0,"N",0.90,0,0,0,0,0,0,0,"N",0,0.0,0,0,0,0,0,0,0,0,0,0,0,0,0,0
"C2426","5","518210","48","0","2017","1","N",1,0,0,0,0,0,0,0,"N",0.16,0,0,0,0,0,0,0,"N",0,0.0,0,0,0,0,0,0,0,0,0,0,0,0,0,0
"C2430","5","518210","48","0","2017","1","",8,50,42,50,1004216,536285,6351,1632,"",0.79,0.39,0.32,0.38,0.35,0.42,0.20,0.95,"",1,14.3,17,51.5,9,27.3,17,51.5,497884,98.3,207059,62.9,2533,66.3,452,38.3
"C2434","5","518210","48","0","2017","1","",49,536,538,540,9779406,4347446,104776,1398,"",1.07,0.46,0.46,0.45,0.33,0.37,0.29,0.72,"N",11,28.9,0,0,0,0,0,0,0,0,0,0,0,0,0,0
"C2442","5","518210","48","0","2017","1","N",2,0,0,0,0,0,0,0,"N",0.39,0,0,0,0,0,0,0,"N",0,0.0,0,0,0,0,0,0,0,0,0,0,0,0,0,0
"C2450","5","518210","48","0","2017","1","",3,16,16,18,254381,254381,581,1174,"",0.52,0.21,0.21,0.23,0.16,0.28,0.06,0.72,"N",1,50.0,0,0,0,0,0,0,0,0,0,0,0,0,0,0
"C2454","5","518210","48","0","2017","1","",23,86,78,83,1727998,997107,18638,1614,"",1.52,0.39,0.35,0.37,0.29,0.35,0.29,0.77,"",7,43.8,12,16.2,3,4.0,15,22.1,436310,33.8,181028,22.2,3954,26.9,240,17.5
"C2458","5","518210","48","0","2017","1","N",7,0,0,0,0,0,0,0,"N",0.42,0,0,0,0,0,0,0,"N",0,0.0,0,0,0,0,0,0,0,0,0,0,0,0,0,0
"C2466","5","518210","48","0","2017","1","",26,478,484,487,24888260,10770445,74152,3964,"",0.68,0.63,0.63,0.64,1.35,1.04,0.68,2.12,"",4,18.2,111,30.2,115,31.2,112,29.9,2217324,9.8,3256976,43.3,-27820,-27.3,-745,-15.8
"C2478","5","518210","48","0","2017","1","N",5,0,0,0,0,0,0,0,"N",0.63,0,0,0,0,0,0,0,"N",1,25.0,0,0,0,0,0,0,0,0,0,0,0,0,0,0
"C2486","5","518210","48","0","2017","1","",37,446,450,454,7661772,4779687,109670,1310,"",0.88,0.53,0.53,0.54,0.38,0.48,0.77,0.71,"",5,15.6,131,41.6,136,43.3,138,43.7,1238986,19.3,1316850,38.0,37399,51.7,-258,-16.5
"C2506","5","518210","48","0","2017","1","N",4,0,0,0,0,0,0,0,"N",0.25,0,0,0,0,0,0,0,"N",0,0.0,0,0,0,0,0,0,0,0,0,0,0,0,0,0
"C2518","5","518210","48","0","2017","1","N",10,0,0,0,0,0,0,0,"N",0.87,0,0,0,0,0,0,0,"N",1,11.1,0,0,0,0,0,0,0,0,0,0,0,0,0,0
"C2522","5","518210","48","0","2017","1","N",4,0,0,0,0,0,0,0,"N",0.67,0,0,0,0,0,0,0,"N",-1,-20.0,0,0,0,0,0,0,0,0,0,0,0,0,0,0
"C2526","5","518210","48","0","2017","1","N",1,0,0,0,0,0,0,0,"N",0.13,0,0,0,0,0,0,0,"N",1,100.0,0,0,0,0,0,0,0,0,0,0,0,0,0,0
"C2542","5","518210","48","0","2017","1","N",29,0,0,0,0,0,0,0,"N",0.93,0,0,0,0,0,0,0,"N",1,3.6,0,0,0,0,0,0,0,0,0,0,0,0,0,0
"C2554","5","518210","48","0","2017","1","N",43,0,0,0,0,0,0,0,"N",0.57,0,0,0,0,0,0,0,"N",-3,-6.5,0,0,0,0,0,0,0,0,0,0,0,0,0,0
"C2562","5","518210","48","0","2017","1","N",1,0,0,0,0,0,0,0,"N",0.14,0,0,0,0,0,0,0,"N",0,0.0,0,0,0,0,0,0,0,0,0,0,0,0,0,0
"C2586","5","518210","48","0","2017","1","N",9,0,0,0,0,0,0,0,"N",0.55,0,0,0,0,0,0,0,"N",-3,-25.0,0,0,0,0,0,0,0,0,0,0,0,0,0,0
"C2594","5","518210","48","0","2017","1","",11,38,36,36,388751,263469,1894,816,"",0.87,0.25,0.23,0.23,0.12,0.16,0.11,0.52,"",2,22.2,1,2.7,-2,-5.3,-1,-2.7,59602,18.1,13748,5.5,-111,-5.5,138,20.4
"C2598","5","518210","48","0","2017","1","N",1,0,0,0,0,0,0,0,"N",0.51,0,0,0,0,0,0,0,"N",0,0.0,0,0,0,0,0,0,0,0,0,0,0,0,0,0
"C2614","5","518210","48","0","2017","1","N",2,0,0,0,0,0,0,0,"N",0.31,0,0,0,0,0,0,0,"N",0,0.0,0,0,0,0,0,0,0,0,0,0,0,0,0,0
"C2630","5","518210","48","0","2017","1","N",1,0,0,0,0,0,0,0,"N",0.15,0,0,0,0,0,0,0,"N",-1,-50.0,0,0,0,0,0,0,0,0,0,0,0,0,0,0
"C2638","5","518210","48","0","2017","1","N",6,0,0,0,0,0,0,0,"N",0.54,0,0,0,0,0,0,0,"N",1,20.0,0,0,0,0,0,0,0,0,0,0,0,0,0,0
"C2642","5","518210","48","0","2017","1","",211,3471,3428,3419,75410024,29551639,1343102,1687,"",0.65,0.56,0.55,0.54,0.32,0.43,0.61,0.59,"",14,7.1,-53,-1.5,-84,-2.4,-8,-0.2,4287180,6.0,-381591,-1.3,308995,29.9,118,7.5
"C2658","5","518210","48","0","2017","1","N",7,0,0,0,0,0,0,0,"N",0.41,0,0,0,0,0,0,0,"N",0,0.0,0,0,0,0,0,0,0,0,0,0,0,0,0,0
"C2662","5","518210","48","0","2017","1","N",23,0,0,0,0,0,0,0,"N",1.01,0,0,0,0,0,0,0,"N",7,43.8,0,0,0,0,0,0,0,0,0,0,0,0,0,0
"C2682","5","518210","48","0","2017","1","",6,18,17,17,127152,125221,1128,564,"",0.62,0.13,0.12,0.12,0.04,0.07,0.06,0.32,"",-1,-14.3,1,5.9,-1,-5.6,1,6.2,32092,33.8,30161,31.7,269,31.3,134,31.2
"C2690","5","518210","48","0","2017","1","",96,2078,2061,1995,33534591,13306865,260434,1262,"",0.96,0.98,0.97,0.93,0.55,0.61,0.63,0.57,"",5,5.5,-57,-2.7,-77,-3.6,-62,-3.0,1121900,3.5,-472123,-3.4,-35751,-12.1,80,6.8
"C2698","5","518210","48","0","2017","1","",8,52,52,53,741121,684694,12583,1089,"",0.78,0.26,0.26,0.27,0.15,0.34,0.46,0.55,"N",1,14.3,0,0,0,0,0,0,0,0,0,0,0,0,0,0
"C2706","5","518210","48","0","2017","1","N",3,0,0,0,0,0,0,0,"N",0.54,0,0,0,0,0,0,0,"N",1,50.0,0,0,0,0,0,0,0,0,0,0,0,0,0,0
"C2710","5","518210","48","0","2017","1","",4,23,23,25,281226,173852,5694,914,"",0.72,0.19,0.19,0.20,0.09,0.16,0.15,0.47,"",1,33.3,15,187.5,15,187.5,11,78.6,225026,400.4,119052,217.2,3582,169.6,482,111.6
"C2714","5","518210","48","0","2017","1","N",20,0,0,0,0,0,0,0,"N",0.66,0,0,0,0,0,0,0,"N",0,0.0,0,0,0,0,0,0,0,0,0,0,0,0,0,0
"C2718","5","518210","48","0","2017","1","N",2,0,0,0,0,0,0,0,"N",0.32,0,0,0,0,0,0,0,"N",0,0.0,0,0,0,0,0,0,0,0,0,0,0,0,0,0
"C2726","5","518210","48","0","2017","1","N",97,0,0,0,0,0,0,0,"N",1.08,0,0,0,0,0,0,0,"N",7,7.8,0,0,0,0,0,0,0,0,0,0,0,0,0,0
"C2734","5","518210","48","0","2017","1","",5,24,24,24,268438,232518,3764,860,"",0.78,0.23,0.23,0.23,0.14,0.27,0.47,0.63,"",-1,-16.7,-3,-11.1,-3,-11.1,-2,-7.7,-30479,-10.2,-26844,-10.4,-1795,-32.3,-2,-0.2
"C2750","5","518210","48","0","2017","1","N",5,0,0,0,0,0,0,0,"N",0.73,0,0,0,0,0,0,0,"N",0,0.0,0,0,0,0,0,0,0,0,0,0,0,0,0,0
"C2762","5","518210","48","0","2017","1","",7,369,366,374,3917891,3298357,32412,815,"",0.85,2.26,2.23,2.27,1.13,2.44,1.94,0.50,"",1,16.7,-34,-8.4,-37,-9.2,-12,-3.1,155221,4.1,95815,3.0,-14415,-30.8,87,12.0
"C2774","5","518210","48","0","2017","1","N",4,0,0,0,0,0,0,0,"N",0.49,0,0,0,0,0,0,0,"N",1,33.3,0,0,0,0,0,0,0,0,0,0,0,0,0,0
"C2778","5","518210","48","0","2017","1","N",3,0,0,0,0,0,0,0,"N",0.40,0,0,0,0,0,0,0,"N",-3,-50.0,0,0,0,0,0,0,0,0,0,0,0,0,0,0
"C2786","5","518210","48","0","2017","1","N",1,0,0,0,0,0,0,0,"N",0.14,0,0,0,0,0,0,0,"N",0,0.0,0,0,0,0,0,0,0,0,0,0,0,0,0,0
"C2790","5","518210","48","0","2017","1","N",2,0,0,0,0,0,0,0,"N",0.20,0,0,0,0,0,0,0,"N",1,100.0,0,0,0,0,0,0,0,0,0,0,0,0,0,0
"C2798","5","518210","48","0","2017","1","N",4,0,0,0,0,0,0,0,"N",0.31,0,0,0,0,0,0,0,"N",0,0.0,0,0,0,0,0,0,0,0,0,0,0,0,0,0
"C2802","5","518210","48","0","2017","1","N",5,0,0,0,0,0,0,0,"N",0.38,0,0,0,0,0,0,0,"N",1,25.0,0,0,0,0,0,0,0,0,0,0,0,0,0,0
"C2814","5","518210","48","0","2017","1","",133,3488,3549,3578,85604613,40536961,404141,1861,"",1.00,1.58,1.60,1.61,1.36,1.35,0.96,0.85,"",7,5.6,-53,-1.5,0,0.0,14,0.4,-9175210,-9.7,416614,1.0,-187269,-31.7,-192,-9.4
"C2842","5","518210","48","0","2017","1","N",6,0,0,0,0,0,0,0,"N",0.34,0,0,0,0,0,0,0,"N",1,20.0,0,0,0,0,0,0,0,0,0,0,0,0,0,0
"C2866","5","518210","48","0","2017","1","",8,63,64,66,1537062,555313,26552,1838,"",0.54,0.21,0.21,0.22,0.21,0.26,0.54,1.01,"",1,14.3,8,14.5,10,18.5,11,20.0,224464,17.1,78141,16.4,1120,4.4,-9,-0.5
"C2870","5","518210","48","0","2017","1","N",6,0,0,0,0,0,0,0,"N",0.43,0,0,0,0,0,0,0,"N",2,50.0,0,0,0,0,0,0,0,0,0,0,0,0,0,0
"C2874","5","518210","48","0","2017","1","N",3,0,0,0,0,0,0,0,"N",0.28,0,0,0,0,0,0,0,"N",-1,-25.0,0,0,0,0,0,0,0,0,0,0,0,0,0,0
"C2894","5","518210","48","0","2017","1","",36,303,302,320,6524791,2540470,18962,1628,"",0.90,0.37,0.37,0.39,0.31,0.34,0.24,0.81,"",7,24.1,-2,-0.7,-11,-3.5,-2,-0.6,-600682,-8.4,47499,1.9,1533,8.8,-121,-6.9
"C2910","5","518210","48","0","2017","1","N",8,0,0,0,0,0,0,0,"N",1.11,0,0,0,0,0,0,0,"N",0,0.0,0,0,0,0,0,0,0,0,0,0,0,0,0,0
"C2918","5","518210","48","0","2017","1","N",15,0,0,0,0,0,0,0,"N",0.48,0,0,0,0,0,0,0,"N",5,50.0,0,0,0,0,0,0,0,0,0,0,0,0,0,0
"C2920","5","518210","48","0","2017","1","N",4,0,0,0,0,0,0,0,"N",0.48,0,0,0,0,0,0,0,"N",0,0.0,0,0,0,0,0,0,0,0,0,0,0,0,0,0
"C2934","5","518210","48","0","2017","1","N",6,0,0,0,0,0,0,0,"N",0.53,0,0,0,0,0,0,0,"N",0,0.0,0,0,0,0,0,0,0,0,0,0,0,0,0,0
"C2942","5","518210","48","0","2017","1","N",1,0,0,0,0,0,0,0,"N",0.13,0,0,0,0,0,0,0,"N",0,0.0,0,0,0,0,0,0,0,0,0,0,0,0,0,0
"C2946","5","518210","48","0","2017","1","",6,37,34,36,481310,234495,5126,1038,"",0.22,0.08,0.07,0.08,0.05,0.06,0.14,0.60,"",2,50.0,32,640.0,15,78.9,15,71.4,365926,317.1,168641,256.1,4241,479.2,446,75.3
"C2954","5","518210","48","0","2017","1","",7,74,79,78,881783,518872,23428,881,"",0.25,0.15,0.16,0.15,0.07,0.10,0.09,0.47,"",-1,-12.5,-1,-1.3,2,2.6,0,0.0,-98403,-10.0,-33546,-6.1,-6894,-22.7,-102,-10.4
"C2962","5","518210","48","0","2017","1","",16,604,609,605,9491688,5380303,194410,1205,"",0.85,1.32,1.34,1.32,0.78,1.49,1.72,0.59,"",1,6.7,77,14.6,78,14.7,61,11.2,1566601,19.8,655726,13.9,53731,38.2,63,5.5
"C2970","5","518210","48","0","2017","1","N",1,0,0,0,0,0,0,0,"N",0.09,0,0,0,0,0,0,0,"N",0,0.0,0,0,0,0,0,0,0,0,0,0,0,0,0,0
"C2974","5","518210","48","0","2017","1","N",4,0,0,0,0,0,0,0,"N",0.41,0,0,0,0,0,0,0,"N",1,33.3,0,0,0,0,0,0,0,0,0,0,0,0,0,0
"C2982","5","518210","48","0","2017","1","",176,1441,1420,1444,30036596,21511162,428443,1610,"",1.57,0.70,0.69,0.69,0.57,0.65,0.63,0.82,"",-38,-17.8,24,1.7,8,0.6,56,4.0,6876539,29.7,3005574,16.2,77236,22.0,343,27.1
"C2994","5","518210","48","0","2017","1","",8,136,132,139,1516623,1230483,29375,860,"",1.28,1.28,1.22,1.29,0.71,1.05,2.14,0.56,"",3,60.0,43,46.2,45,51.7,56,67.5,792688,109.5,686261,126.1,25320,624.4,225,35.4
"C3002","5","518210","48","0","2017","1","N",1,0,0,0,0,0,0,0,"N",0.19,0,0,0,0,0,0,0,"N",0,0.0,0,0,0,0,0,0,0,0,0,0,0,0,0,0
"C3014","5","518210","48","0","2017","1","",4,23,23,23,505964,281610,17149,1692,"",0.68,0.22,0.22,0.22,0.22,0.31,0.37,1.02,"N",1,33.3,0,0,0,0,0,0,0,0,0,0,0,0,0,0
"C3030","5","518210","48","0","2017","1","N",1,0,0,0,0,0,0,0,"N",0.26,0,0,0,0,0,0,0,"N",0,0.0,0,0,0,0,0,0,0,0,0,0,0,0,0,0
"C3034","5","518210","48","0","2017","1","N",3,0,0,0,0,0,0,0,"N",0.45,0,0,0,0,0,0,0,"N",-2,-40.0,0,0,0,0,0,0,0,0,0,0,0,0,0,0
"C3046","5","518210","48","0","2017","1","",39,492,519,521,11301364,4777633,121505,1702,"",1.21,0.84,0.89,0.90,0.80,0.82,0.87,0.91,"",3,8.3,61,14.2,90,21.0,98,23.2,2047758,22.1,688946,16.9,-3219,-2.6,38,2.3
"C3062","5","518210","48","0","2017","1","N",2,0,0,0,0,0,0,0,"N",0.38,0,0,0,0,0,0,0,"N",0,0.0,0,0,0,0,0,0,0,0,0,0,0,0,0,0
"C3070","5","518210","48","0","2017","1","",20,180,183,180,2916372,1493279,13161,1239,"",0.89,0.48,0.49,0.48,0.33,0.46,0.53,0.69,"",0,0.0,12,7.1,15,8.9,13,7.8,481778,19.8,160102,12.0,1213,10.2,122,10.9
"C3078","5","518210","48","0","2017","1","N",37,0,0,0,0,0,0,0,"N",0.84,0,0,0,0,0,0,0,"N",1,2.8,0,0,0,0,0,0,0,0,0,0,0,0,0,0
"C3086","5","518210","48","0","2017","1","",7,114,115,117,1270359,1179914,8298,847,"",0.84,0.93,0.93,0.94,0.56,0.92,1.22,0.60,"N",0,0.0,0,0,0,0,0,0,0,0,0,0,0,0,0,0
"C3098","5","518210","48","0","2017","1","N",1,0,0,0,0,0,0,0,"N",0.08,0,0,0,0,0,0,0,"N",1,100.0,0,0,0,0,0,0,0,0,0,0,0,0,0,0
"C3102","5","518210","48","0","2017","1","N",3,0,0,0,0,0,0,0,"N",0.47,0,0,0,0,0,0,0,"N",-1,-25.0,0,0,0,0,0,0,0,0,0,0,0,0,0,0
"C3108","5","518210","48","0","2017","1","",595,9583,9649,9697,295326428,67582807,3489699,2356,"",0.49,0.75,0.75,0.75,0.68,0.59,0.69,0.91,"",20,3.5,248,2.7,201,2.1,193,2.0,61523524,26.3,975962,1.5,-47412,-1.3,449,23.5
"C3114","5","518210","48","0","2017","1","",58,1108,1108,1097,25229262,10727984,291553,1757,"",0.79,0.81,0.81,0.80,0.67,0.72,0.74,0.83,"",0,0.0,-106,-8.7,-107,-8.8,-109,-9.0,-862861,-3.3,-832044,-7.2,-120320,-29.2,101,6.1
"C3118","5","518210","48","0","2017","1","N",5,0,0,0,0,0,0,0,"N",0.30,0,0,0,0,0,0,0,"N",1,25.0,0,0,0,0,0,0,0,0,0,0,0,0,0,0
"C3134","5","518210","48","0","2017","1","N",9,0,0,0,0,0,0,0,"N",0.58,0,0,0,0,0,0,0,"N",-2,-18.2,0,0,0,0,0,0,0,0,0,0,0,0,0,0
"C3142","5","518210","48","0","2017","1","N",5,0,0,0,0,0,0,0,"N",0.46,0,0,0,0,0,0,0,"N",0,0.0,0,0,0,0,0,0,0,0,0,0,0,0,0,0
"C3154","5","518210","48","0","2017","1","N",39,0,0,0,0,0,0,0,"N",1.03,0,0,0,0,0,0,0,"N",3,8.3,0,0,0,0,0,0,0,0,0,0,0,0,0,0
"C3170","5","518210","48","0","2017","1","",19,516,513,494,22817110,6213166,69361,3457,"",0.75,1.18,1.18,1.13,1.66,1.13,1.52,1.43,"",4,26.7,-10,-1.9,-3,-0.6,-29,-5.5,10882435,91.2,76425,1.2,10094,17.0,1697,96.4
"C3174","5","518210","48","0","2017","1","N",2,0,0,0,0,0,0,0,"N",0.41,0,0,0,0,0,0,0,"N",-1,-33.3,0,0,0,0,0,0,0,0,0,0,0,0,0,0
"C3186","5","518210","48","0","2017","1","N",1,0,0,0,0,0,0,0,"N",0.18,0,0,0,0,0,0,0,"N",0,0.0,0,0,0,0,0,0,0,0,0,0,0,0,0,0
"C3190","5","518210","48","0","2017","1","N",2,0,0,0,0,0,0,0,"N",0.35,0,0,0,0,0,0,0,"N",-1,-33.3,0,0,0,0,0,0,0,0,0,0,0,0,0,0
"C3258","5","518210","48","0","2017","1","N",4,0,0,0,0,0,0,0,"N",0.16,0,0,0,0,0,0,0,"N",-1,-20.0,0,0,0,0,0,0,0,0,0,0,0,0,0,0
"C3278","5","518210","48","0","2017","1","",11,11,11,11,272849,269352,4761,1908,"",0.74,0.06,0.06,0.06,0.07,0.12,0.09,1.16,"",1,10.0,-1,-8.3,0,0.0,0,0.0,-96887,-26.2,-81302,-23.2,-3165,-39.9,-602,-24.0
"C3282","5","518210","48","0","2017","1","",47,212,207,203,3067138,1440969,21392,1138,"",0.83,0.16,0.16,0.15,0.09,0.12,0.19,0.55,"N",5,11.9,0,0,0,0,0,0,0,0,0,0,0,0,0,0
"C3290","5","518210","48","0","2017","1","N",2,0,0,0,0,0,0,0,"N",0.15,0,0,0,0,0,0,0,"N",0,0.0,0,0,0,0,0,0,0,0,0,0,0,0,0,0
"C3310","5","518210","48","0","2017","1","",456,5777,5737,5726,212230876,40525868,555854,2841,"",0.99,1.05,1.04,1.04,1.35,0.82,0.96,1.29,"",67,17.2,507,9.6,478,9.1,450,8.5,55233395,35.2,4846734,13.6,-22920,-4.0,549,24.0
"C3314","5","518210","48","0","2017","1","N",1,0,0,0,0,0,0,0,"N",0.21,0,0,0,0,0,0,0,"N",0,0.0,0,0,0,0,0,0,0,0,0,0,0,0,0,0
"C3322","5","518210","48","0","2017","1","N",4,0,0,0,0,0,0,0,"N",0.64,0,0,0,0,0,0,0,"N",0,0.0,0,0,0,0,0,0,0,0,0,0,0,0,0,0
"C3326","5","518210","48","0","2017","1","N",2,0,0,0,0,0,0,0,"N",0.17,0,0,0,0,0,0,0,"N",0,0.0,0,0,0,0,0,0,0,0,0,0,0,0,0,0
"C3334","5","518210","48","0","2017","1","N",62,0,0,0,0,0,0,0,"N",0.67,0,0,0,0,0,0,0,"N",3,5.1,0,0,0,0,0,0,0,0,0,0,0,0,0,0
"C3346","5","518210","48","0","2017","1","",169,6082,6147,6113,152284552,108825396,951039,1916,"",0.90,1.50,1.51,1.50,1.07,1.50,1.19,0.71,"",12,7.6,195,3.3,317,5.4,259,4.4,11508618,8.2,13001377,13.6,81927,9.4,67,3.6
"C3354","5","518210","48","0","2017","1","",10,98,99,102,1259328,1046505,13465,972,"",0.93,0.78,0.78,0.80,0.47,0.60,0.74,0.59,"",0,0.0,12,14.0,8,8.8,11,12.1,60310,5.0,33080,3.3,412,3.2,-60,-5.8
"C3366","5","518210","48","0","2017","1","",11,34,83,86,630097,506627,12208,716,"",0.53,0.09,0.22,0.23,0.07,0.15,0.23,0.39,"",2,22.2,0,0.0,49,144.1,52,152.9,283332,81.7,261507,106.7,4752,63.7,-69,-8.8
"C3370","5","518210","48","0","2017","1","",5,19,21,25,318629,104431,3897,1131,"",0.16,0.05,0.05,0.06,0.03,0.03,0.03,0.60,"",0,0.0,-3,-13.6,-2,-8.7,10,66.7,23554,8.0,-25626,-19.7,-2816,-41.9,-4,-0.4
"C3374","5","518210","48","0","2017","1","N",8,0,0,0,0,0,0,0,"N",0.75,0,0,0,0,0,0,0,"N",2,33.3,0,0,0,0,0,0,0,0,0,0,0,0,0,0
"C3378","5","518210","48","0","2017","1","N",3,0,0,0,0,0,0,0,"N",0.66,0,0,0,0,0,0,0,"N",0,0.0,0,0,0,0,0,0,0,0,0,0,0,0,0,0
"C3386","5","518210","48","0","2017","1","N",10,0,0,0,0,0,0,0,"N",0.55,0,0,0,0,0,0,0,"N",1,11.1,0,0,0,0,0,0,0,0,0,0,0,0,0,0
"C3406","5","518210","48","0","2017","1","",6,12,13,13,212936,148918,3684,1293,"",0.87,0.09,0.09,0.09,0.06,0.14,0.12,0.60,"",-3,-33.3,-223,-94.9,-215,-94.3,-220,-94.4,-2593426,-92.4,-1838263,-92.5,-50051,-93.1,363,39.0
"C3410","5","518210","48","0","2017","1","N",2,0,0,0,0,0,0,0,"N",0.46,0,0,0,0,0,0,0,"N",1,100.0,0,0,0,0,0,0,0,0,0,0,0,0,0,0
"C3458","5","518210","48","0","2017","1","",6,40,38,38,839112,708149,4863,1669,"",0.70,0.38,0.35,0.35,0.31,0.45,0.21,0.86,"",0,0.0,9,29.0,10,35.7,11,40.7,429516,104.9,304553,75.5,1819,59.8,570,51.9
"C3462","5","518210","48","0","2017","1","N",1,0,0,0,0,0,0,0,"N",0.22,0,0,0,0,0,0,0,"N",0,0.0,0,0,0,0,0,0,0,0,0,0,0,0,0,0
"C3474","5","518210","48","0","2017","1","N",2,0,0,0,0,0,0,0,"N",0.33,0,0,0,0,0,0,0,"N",0,0.0,0,0,0,0,0,0,0,0,0,0,0,0,0,0
"C3482","5","518210","48","0","2017","1","",17,26,31,29,442823,363560,3626,1188,"",0.72,0.08,0.10,0.09,0.07,0.11,0.08,0.85,"",2,13.3,1,4.0,6,24.0,3,11.5,153696,53.2,93809,34.8,878,32.0,310,35.3
"C3490","5","518210","48","0","2017","1","",4,33,34,34,984954,56781,2456,2250,"",0.34,0.21,0.21,0.21,0.22,0.04,0.04,1.06,"",1,33.3,4,13.8,5,17.2,5,17.2,253354,34.6,21781,62.2,1266,106.4,309,15.9
"C3494","5","518210","48","0","2017","1","",11,14,17,16,329515,114285,2893,1618,"",0.39,0.04,0.05,0.05,0.04,0.04,0.09,0.87,"",-2,-15.4,-8,-36.4,-9,-34.6,-9,-36.0,-126412,-27.7,-53373,-31.8,-1714,-37.2,177,12.3
"C3498","5","518210","48","0","2017","1","",210,3920,3860,3837,136423410,31189430,335682,2710,"",2.09,1.98,1.93,1.91,2.33,1.61,1.58,1.20,"",59,39.1,452,13.0,429,12.5,641,20.1,65127855,91.3,4448557,16.6,128937,62.4,1080,66.3
"C3510","5","518210","48","0","2017","1","",6,13,13,13,145104,131814,1671,859,"",1.01,0.14,0.13,0.13,0.07,0.15,0.21,0.53,"",2,50.0,0,0.0,0,0.0,0,0.0,13804,10.5,15303,13.1,-670,-28.6,82,10.6
"C3530","5","518210","48","0","2017","1","",23,206,187,186,2670752,1776007,58080,1064,"",0.46,0.26,0.24,0.24,0.11,0.21,0.18,0.46,"",1,4.5,16,8.4,-2,-1.1,-1,-0.5,-168743,-5.9,-190552,-9.7,-12893,-18.2,-94,-8.1
"C3538","5","518210","48","0","2017","1","N",103,0,0,0,0,0,0,0,"N",1.28,0,0,0,0,0,0,0,"N",23,28.8,0,0,0,0,0,0,0,0,0,0,0,0,0,0
"C3562","5","518210","48","0","2017","1","N",995,0,0,0,0,0,0,0,"N",0.77,0,0,0,0,0,0,0,"N",35,3.6,0,0,0,0,0,0,0,0,0,0,0,0,0,0
"C3566","5","518210","48","0","2017","1","N",3,0,0,0,0,0,0,0,"N",0.42,0,0,0,0,0,0,0,"N",2,200.0,0,0,0,0,0,0,0,0,0,0,0,0,0,0
"C3584","5","518210","48","0","2017","1","",41,120,125,147,1777880,729200,13608,1047,"",0.75,0.19,0.20,0.23,0.12,0.13,0.25,0.59,"",9,28.1,7,6.2,1,0.8,24,19.5,263482,17.4,72185,11.0,-178,-1.3,76,7.8
"C3598","5","518210","48","0","2017","1","",7,31,33,31,518622,345957,18707,1260,"",0.45,0.12,0.12,0.12,0.06,0.11,0.18,0.52,"",-1,-12.5,-5,-13.9,-5,-13.2,-5,-13.9,-80707,-13.5,-74181,-17.7,3489,22.9,3,0.2
"C3610","5","518210","48","0","2017","1","N",5,0,0,0,0,0,0,0,"N",0.29,0,0,0,0,0,0,0,"N",1,25.0,0,0,0,0,0,0,0,0,0,0,0,0,0,0
"C3614","5","518210","48","0","2017","1","N",1,0,0,0,0,0,0,0,"N",0.13,0,0,0,0,0,0,0,"N",0,0.0,0,0,0,0,0,0,0,0,0,0,0,0,0,0
"C3622","5","518210","48","0","2017","1","N",2,0,0,0,0,0,0,0,"N",0.24,0,0,0,0,0,0,0,"N",0,0.0,0,0,0,0,0,0,0,0,0,0,0,0,0,0
"C3626","5","518210","48","0","2017","1","N",20,0,0,0,0,0,0,0,"N",0.61,0,0,0,0,0,0,0,"N",1,5.3,0,0,0,0,0,0,0,0,0,0,0,0,0,0
"C3642","5","518210","48","0","2017","1","",86,691,657,670,10411033,7957377,71730,1191,"",1.03,0.54,0.51,0.52,0.31,0.46,0.46,0.59,"",5,6.2,-70,-9.2,-105,-13.8,-84,-11.1,-843011,-7.5,-923909,-10.4,-44437,-38.3,50,4.4
"C3650","5","518210","48","0","2017","1","",29,107,119,113,1943077,1621305,14677,1323,"",1.65,0.44,0.49,0.46,0.31,0.63,0.47,0.66,"",5,20.8,12,12.6,3,2.6,-3,-2.6,369149,23.5,288132,21.6,-1887,-11.4,212,19.1
"C3654","5","518210","48","0","2017","1","",70,4552,4578,4548,123688523,46966062,262411,2087,"",1.19,4.47,4.48,4.43,4.60,4.65,2.69,1.03,"",4,6.1,-54,-1.2,-24,-0.5,-38,-0.8,1800881,1.5,1412261,3.1,-90098,-25.6,48,2.4
"C3674","5","518210","48","0","2017","1","N",169,0,0,0,0,0,0,0,"N",1.14,0,0,0,0,0,0,0,"N",15,9.7,0,0,0,0,0,0,0,0,0,0,0,0,0,0
"C3678","5","518210","48","0","2017","1","N",4,0,0,0,0,0,0,0,"N",0.52,0,0,0,0,0,0,0,"N",-1,-20.0,0,0,0,0,0,0,0,0,0,0,0,0,0,0
"C3698","5","518210","48","0","2017","1","N",2,0,0,0,0,0,0,0,"N",0.29,0,0,0,0,0,0,0,"N",0,0.0,0,0,0,0,0,0,0,0,0,0,0,0,0,0
"C3710","5","518210","48","0","2017","1","",29,313,321,314,16800468,2859596,157160,4090,"",0.53,0.46,0.46,0.45,0.79,0.49,0.60,1.73,"",-1,-3.3,-23,-6.8,-20,-5.9,-16,-4.8,-532509,-3.1,-214528,-7.0,-12094,-7.1,118,3.0
"C3734","5","518210","48","0","2017","1","",26,122,126,122,2592966,879955,13612,1617,"",0.81,0.27,0.28,0.27,0.23,0.23,0.33,0.83,"",3,13.0,-11,-8.3,-10,-7.4,-12,-9.0,-255933,-9.0,-87392,-9.0,-12265,-47.4,-14,-0.9
"C3746","5","518210","48","0","2017","1","N",2,0,0,0,0,0,0,0,"N",0.16,0,0,0,0,0,0,0,"N",-1,-33.3,0,0,0,0,0,0,0,0,0,0,0,0,0,0
"C3762","5","518210","48","0","2017","1","N",2,0,0,0,0,0,0,0,"N",0.41,0,0,0,0,0,0,0,"N",0,0.0,0,0,0,0,0,0,0,0,0,0,0,0,0,0
"C3786","5","518210","48","0","2017","1","",9,10,10,10,134626,65262,831,1036,"",0.37,0.03,0.03,0.03,0.02,0.03,0.03,0.60,"",-3,-25.0,-16,-61.5,-19,-65.5,-18,-64.3,-102418,-43.2,-92106,-58.5,-1548,-65.1,377,57.2
"C3790","5","518210","48","0","2017","1","N",3,0,0,0,0,0,0,0,"N",0.18,0,0,0,0,0,0,0,"N",0,0.0,0,0,0,0,0,0,0,0,0,0,0,0,0,0
"C3798","5","518210","48","0","2017","1","",338,5751,5718,5757,126296835,64974235,2551974,1692,"",0.99,0.97,0.97,0.97,0.62,0.93,0.91,0.64,"",4,1.2,20,0.3,-60,-1.0,-43,-0.7,10893315,9.4,2508364,4.0,6241,0.2,153,9.9
"C3806","5","518210","48","0","2017","1","N",276,0,0,0,0,0,0,0,"N",1.35,0,0,0,0,0,0,0,"N",-4,-1.4,0,0,0,0,0,0,0,0,0,0,0,0,0,0
"C3830","5","518210","48","0","2017","1","",88,1370,1362,1373,31071788,11827805,618981,1747,"",0.67,0.58,0.58,0.58,0.43,0.51,0.48,0.75,"",16,22.2,132,10.7,132,10.7,144,11.7,6852601,28.3,1565196,15.3,56277,10.0,235,15.5
"C3834","5","518210","48","0","2017","1","N",3,0,0,0,0,0,0,0,"N",0.28,0,0,0,0,0,0,0,"N",0,0.0,0,0,0,0,0,0,0,0,0,0,0,0,0,0
"C3854","5","518210","48","0","2017","1","N",3,0,0,0,0,0,0,0,"N",0.62,0,0,0,0,0,0,0,"N",1,50.0,0,0,0,0,0,0,0,0,0,0,0,0,0,0
"C3866","5","518210","48","0","2017","1","N",1,0,0,0,0,0,0,0,"N",0.14,0,0,0,0,0,0,0,"N",0,0.0,0,0,0,0,0,0,0,0,0,0,0,0,0,0
"C3886","5","518210","48","0","2017","1","",36,252,251,262,4927272,2965772,40123,1486,"",0.78,0.45,0.45,0.46,0.33,0.48,0.40,0.72,"",6,20.0,45,21.7,45,21.8,59,29.1,1368005,38.4,657473,28.5,5025,14.3,153,11.5
"C3890","5","518210","48","0","2017","1","",241,3999,4034,4079,94992003,82211068,1831781,1810,"",1.33,1.63,1.62,1.63,1.24,1.88,2.02,0.76,"N",26,12.1,0,0,0,0,0,0,0,0,0,0,0,0,0,0
"C3894","5","518210","48","0","2017","1","N",14,0,0,0,0,0,0,0,"N",0.53,0,0,0,0,0,0,0,"N",4,40.0,0,0,0,0,0,0,0,0,0,0,0,0,0,0
"C3914","5","518210","48","0","2017","1","N",3,0,0,0,0,0,0,0,"N",0.26,0,0,0,0,0,0,0,"N",1,50.0,0,0,0,0,0,0,0,0,0,0,0,0,0,0
"C3930","5","518210","48","0","2017","1","N",111,0,0,0,0,0,0,0,"N",1.05,0,0,0,0,0,0,0,"N",1,0.9,0,0,0,0,0,0,0,0,0,0,0,0,0,0
"C3934","5","518210","48","0","2017","1","",59,2447,2464,2427,37865470,33180451,116504,1191,"",1.79,4.97,4.97,4.85,3.27,4.82,3.46,0.66,"",1,1.7,260,11.9,264,12.0,187,8.3,6606916,21.1,5137669,18.3,-29684,-20.3,102,9.4
"C3938","5","518210","48","0","2017","1","",4,38,37,37,366130,294353,14788,754,"",0.57,0.29,0.28,0.28,0.13,0.25,0.48,0.45,"",0,0.0,-3,-7.3,-5,-11.9,-1,-2.6,31276,9.3,2101,0.7,4207,39.8,115,18.0
"C3946","5","518210","48","0","2017","1","N",5,0,0,0,0,0,0,0,"N",0.52,0,0,0,0,0,0,0,"N",0,0.0,0,0,0,0,0,0,0,0,0,0,0,0,0,0
"C3954","5","518210","48","0","2017","1","N",2,0,0,0,0,0,0,0,"N",0.22,0,0,0,0,0,0,0,"N",-2,-50.0,0,0,0,0,0,0,0,0,0,0,0,0,0,0
"C3958","5","518210","48","0","2017","1","",151,1784,1814,1826,45616992,31968561,323597,1941,"",1.88,1.39,1.41,1.41,1.20,1.62,1.64,0.85,"",11,7.9,183,11.4,213,13.3,167,10.1,8134766,21.7,5342300,20.1,-122146,-27.4,162,9.1
"C3966","5","518210","48","0","2017","1","N",16,0,0,0,0,0,0,0,"N",1.37,0,0,0,0,0,0,0,"N",0,0.0,0,0,0,0,0,0,0,0,0,0,0,0,0,0
"C3974","5","518210","48","0","2017","1","",4,15,15,16,273443,135545,7416,1372,"",0.21,0.04,0.04,0.04,0.03,0.04,0.04,0.69,"",-1,-20.0,0,0.0,1,7.1,1,6.7,26404,10.7,-4005,-2.9,-5160,-41.0,76,5.9
"C3982","5","518210","48","0","2017","1","N",2,0,0,0,0,0,0,0,"N",0.14,0,0,0,0,0,0,0,"N",0,0.0,0,0,0,0,0,0,0,0,0,0,0,0,0,0
"C3990","5","518210","48","0","2017","1","N",39,0,0,0,0,0,0,0,"N",1.28,0,0,0,0,0,0,0,"N",-3,-7.1,0,0,0,0,0,0,0,0,0,0,0,0,0,0
"C4006","5","518210","48","0","2017","1","",69,467,472,474,8352540,3386684,88910,1364,"",0.85,0.34,0.35,0.35,0.21,0.28,0.47,0.60,"",-6,-8.0,-11,-2.3,-6,-1.3,-3,-0.6,1136746,15.8,125833,3.9,24626,38.3,202,17.4
"C4014","5","518210","48","0","2017","1","",44,289,284,284,5494274,1210810,52198,1479,"",0.18,0.09,0.09,0.09,0.07,0.05,0.05,0.80,"",2,4.8,-279,-49.1,-286,-50.2,-281,-49.7,-3951300,-41.8,-1445152,-54.4,-92785,-64.0,199,15.5
"C4022","5","518210","48","0","2017","1","N",9,0,0,0,0,0,0,0,"N",0.46,0,0,0,0,0,0,0,"N",-1,-10.0,0,0,0,0,0,0,0,0,0,0,0,0,0,0
"C4034","5","518210","48","0","2017","1","N",1,0,0,0,0,0,0,0,"N",0.10,0,0,0,0,0,0,0,"N",-2,-66.7,0,0,0,0,0,0,0,0,0,0,0,0,0,0
"C4038","5","518210","48","0","2017","1","N",38,0,0,0,0,0,0,0,"N",0.68,0,0,0,0,0,0,0,"N",1,2.7,0,0,0,0,0,0,0,0,0,0,0,0,0,0
"C4042","5","518210","48","0","2017","1","N",2,0,0,0,0,0,0,0,"N",0.14,0,0,0,0,0,0,0,"N",0,0.0,0,0,0,0,0,0,0,0,0,0,0,0,0,0
"C4058","5","518210","48","0","2017","1","N",4,0,0,0,0,0,0,0,"N",0.63,0,0,0,0,0,0,0,"N",-1,-20.0,0,0,0,0,0,0,0,0,0,0,0,0,0,0
"C4090","5","518210","48","0","2017","1","N",65,0,0,0,0,0,0,0,"N",0.39,0,0,0,0,0,0,0,"N",11,20.4,0,0,0,0,0,0,0,0,0,0,0,0,0,0
"C4098","5","518210","48","0","2017","1","N",2,0,0,0,0,0,0,0,"N",0.24,0,0,0,0,0,0,0,"N",0,0.0,0,0,0,0,0,0,0,0,0,0,0,0,0,0
"C4106","5","518210","48","0","2017","1","",5,47,45,48,1185269,890551,9039,1954,"",0.46,0.21,0.20,0.21,0.22,0.32,0.28,1.04,"N",0,0.0,0,0,0,0,0,0,0,0,0,0,0,0,0,0
"C4110","5","518210","48","0","2017","1","",10,201,183,190,2395942,2275209,9736,963,"",0.86,1.53,1.38,1.40,0.97,1.56,1.27,0.68,"",2,25.0,59,41.5,34,22.8,33,21.0,510971,27.1,476231,26.5,863,9.7,-8,-0.8
"C4114","5","518210","48","0","2017","1","N",1,0,0,0,0,0,0,0,"N",0.14,0,0,0,0,0,0,0,"N",0,0.0,0,0,0,0,0,0,0,0,0,0,0,0,0,0
"C4118","5","518210","48","0","2017","1","",126,5814,5825,5829,262835900,68410059,676273,3472,"",0.72,2.06,2.05,2.05,3.26,2.08,1.29,1.59,"",8,6.8,262,4.7,240,4.3,238,4.3,3413406,1.3,3192992,4.9,-223172,-24.8,-107,-3.0
"C4142","5","518210","48","0","2017","1","N",11,0,0,0,0,0,0,0,"N",0.43,0,0,0,0,0,0,0,"N",-1,-8.3,0,0,0,0,0,0,0,0,0,0,0,0,0,0
"C4150","5","518210","48","0","2017","1","N",2,0,0,0,0,0,0,0,"N",0.07,0,0,0,0,0,0,0,"N",1,100.0,0,0,0,0,0,0,0,0,0,0,0,0,0,0
"C4154","5","518210","48","0","2017","1","N",20,0,0,0,0,0,0,0,"N",0.80,0,0,0,0,0,0,0,"N",3,17.6,0,0,0,0,0,0,0,0,0,0,0,0,0,0
"C4162","5","518210","48","0","2017","1","",181,3023,3024,3100,50594981,42658827,222154,1276,"",1.95,2.01,2.01,2.05,1.18,1.71,1.51,0.58,"",7,4.0,149,5.2,130,4.5,210,7.3,6921499,15.8,4848417,12.8,-1199,-0.5,112,9.6
"C4166","5","518210","48","0","2017","1","N",2,0,0,0,0,0,0,0,"N",0.32,0,0,0,0,0,0,0,"N",0,0.0,0,0,0,0,0,0,0,0,0,0,0,0,0,0
"C4170","5","518210","48","0","2017","1","",69,6781,6808,6767,209678700,52592904,1565272,2377,"",0.65,3.16,3.15,3.12,3.67,2.58,3.40,1.17,"",5,7.8,-229,-3.3,-170,-2.4,-207,-3.0,63126720,43.1,-1182922,-2.2,239948,18.1,764,47.4
"C4174","5","518210","48","0","2017","1","",149,1979,1999,1971,51542585,13740382,665693,1999,"",0.67,0.64,0.65,0.64,0.52,0.54,0.57,0.80,"",11,8.0,67,3.5,95,5.0,76,4.0,1518443,3.0,197032,1.5,-6601,-1.0,-22,-1.1
"C4186","5","518210","48","0","2017","1","",594,17293,17446,17661,857511672,126881789,5178975,3776,"",1.49,3.41,3.42,3.44,3.32,2.59,2.35,0.97,"",66,12.5,1871,12.1,1817,11.6,1825,11.5,177891991,26.2,11143547,9.6,240244,4.9,431,12.9
"C4194","5","518210","48","0","2017","1","",284,7129,7123,7146,321305550,51744829,2363874,3465,"",1.90,3.07,3.05,3.04,2.05,2.22,2.24,0.67,"",38,15.4,1017,16.6,927,15.0,900,14.4,73166891,29.5,5930280,12.9,186921,8.6,379,12.3
"C4198","5","518210","48","0","2017","1","",28,2336,2317,2304,26159198,13771154,387663,868,"",0.43,1.69,1.67,1.65,1.21,1.61,1.42,0.73,"",-4,-12.5,-75,-3.1,-61,-2.6,-59,-2.5,-1481261,-5.4,-414823,-2.9,-21008,-5.1,-24,-2.7
"C4202","5","518210","48","0","2017","1","",8,105,103,105,1718699,737620,44538,1267,"",0.38,0.43,0.41,0.41,0.29,0.40,0.57,0.69,"",0,0.0,0,0.0,-1,-1.0,7,7.1,233129,15.7,48505,7.0,3641,8.9,150,13.4
"C4210","5","518210","48","0","2017","1","",9,19,26,29,363128,137523,5268,1132,"",0.46,0.09,0.12,0.13,0.06,0.08,0.07,0.56,"",2,28.6,8,72.7,14,116.7,15,107.1,161295,79.9,55318,67.3,2540,93.1,-127,-10.1
"C4214","5","518210","48","0","2017","1","",9,11,12,13,165213,147900,2264,1059,"",0.77,0.08,0.09,0.10,0.06,0.11,0.18,0.62,"",1,12.5,-1,-8.3,1,9.1,3,30.0,24960,17.8,7647,5.5,307,15.7,78,8.0
"C4220","5","518210","48","0","2017","1","",17,718,754,762,21863309,5304797,203008,2258,"",0.54,1.76,1.83,1.81,1.89,1.68,1.50,1.05,"",1,6.2,189,35.7,214,39.6,207,37.3,8263663,60.8,1582662,42.5,84968,72.0,326,16.9
"C4222","5","518210","48","0","2017","1","",12,85,82,87,1288438,587471,29988,1171,"",0.29,0.20,0.19,0.20,0.11,0.16,0.18,0.56,"",2,20.0,-9,-9.6,-13,-13.7,-15,-14.7,-348148,-21.3,-88178,-13.1,-6269,-17.3,-127,-9.8
"C4234","5","518210","48","0","2017","1","",6,48,49,48,1213912,373197,3621,1932,"",0.30,0.13,0.13,0.13,0.14,0.11,0.07,1.03,"N",-2,-25.0,0,0,0,0,0,0,0,0,0,0,0,0,0,0
"C4254","5","518210","48","0","2017","1","N",12,0,0,0,0,0,0,0,"N",0.41,0,0,0,0,0,0,0,"N",-1,-7.7,0,0,0,0,0,0,0,0,0,0,0,0,0,0
"C4266","5","518210","48","0","2017","1","",487,9556,9661,9770,291718187,246005813,2595222,2322,"",1.77,2.30,2.32,2.33,1.77,2.60,2.84,0.76,"",92,23.3,2314,32.0,2513,35.2,2587,36.0,39880646,15.8,82353273,50.3,689635,36.2,-372,-13.8
"C4268","5","518210","48","0","2017","1","",9,35,37,33,354646,216050,741,779,"",0.86,0.31,0.33,0.29,0.14,0.24,0.07,0.47,"",-1,-10.0,0,0.0,-3,-7.5,-5,-13.2,-36147,-9.2,-10711,-4.7,-3331,-81.8,-19,-2.4
"C4270","5","518210","48","0","2017","1","-",0,0,0,0,0,0,0,0,"N",0.00,0,0,0,0,0,0,0,"N",-1,-100.0,0,0,0,0,0,0,0,0,0,0,0,0,0,0
"C4330","5","518210","48","0","2017","1","N",1,0,0,0,0,0,0,0,"N",0.16,0,0,0,0,0,0,0,"N",0,0.0,0,0,0,0,0,0,0,0,0,0,0,0,0,0
"C4334","5","518210","48","0","2017","1","",21,281,279,281,4457393,2045516,37692,1223,"",0.88,0.74,0.74,0.74,0.54,0.69,0.81,0.73,"",2,10.5,101,56.1,100,55.9,102,57.0,2284212,105.1,830814,68.4,21380,131.1,291,31.2
"C4342","5","518210","48","0","2017","1","",5,31,31,30,423002,195898,6133,1061,"",1.07,0.42,0.41,0.40,0.24,0.41,0.48,0.58,"",0,0.0,7,29.2,6,24.0,3,11.1,41086,10.8,24839,14.5,639,11.6,-99,-8.5
"C4358","5","518210","48","0","2017","1","N",4,0,0,0,0,0,0,0,"N",0.35,0,0,0,0,0,0,0,"N",-1,-20.0,0,0,0,0,0,0,0,0,0,0,0,0,0,0
"C4362","5","518210","48","0","2017","1","N",36,0,0,0,0,0,0,0,"N",1.79,0,0,0,0,0,0,0,"N",3,9.1,0,0,0,0,0,0,0,0,0,0,0,0,0,0
"C4378","5","518210","48","0","2017","1","",8,238,236,232,4198121,1987657,19959,1372,"",0.59,0.84,0.82,0.81,0.65,0.81,0.38,0.79,"",-2,-20.0,-3,-1.2,-13,-5.2,-18,-7.2,48906,1.2,-12881,-0.6,-5034,-20.1,78,6.0
"C4390","5","518210","48","0","2017","1","",8,17,17,19,504392,212837,4234,2196,"",0.58,0.05,0.05,0.06,0.07,0.06,0.08,1.18,"",0,0.0,-59,-77.6,-59,-77.6,-55,-74.3,-1334037,-72.6,-762076,-78.2,-6152,-59.2,319,17.0
"C4406","5","518210","48","0","2017","1","",34,223,219,230,3590217,3281037,39823,1233,"",0.93,0.45,0.44,0.46,0.29,0.50,0.53,0.65,"",-2,-5.6,-36,-13.9,-32,-12.7,-20,-8.0,490734,15.8,323259,10.9,2961,8.0,292,31.0
"C4410","5","518210","48","0","2017","1","",11,94,92,92,1227200,829414,33799,1019,"",1.06,0.33,0.33,0.32,0.15,0.43,0.63,0.47,"",2,22.2,11,13.3,18,24.3,11,13.6,134941,12.4,53404,6.9,-494,-1.4,-40,-3.8
"C4414","5","518210","48","0","2017","1","N",8,0,0,0,0,0,0,0,"N",0.17,0,0,0,0,0,0,0,"N",0,0.0,0,0,0,0,0,0,0,0,0,0,0,0,0,0
"C4418","5","518210","48","0","2017","1","",15,301,324,339,3533376,2493204,45164,846,"",0.58,0.70,0.75,0.78,0.39,0.59,0.95,0.52,"",3,25.0,42,16.2,58,21.8,65,23.7,382595,12.1,482549,24.0,-9535,-17.4,-64,-7.0
"C4422","5","518210","48","0","2017","1","N",1,0,0,0,0,0,0,0,"N",0.19,0,0,0,0,0,0,0,"N",-1,-50.0,0,0,0,0,0,0,0,0,0,0,0,0,0,0
"C4430","5","518210","48","0","2017","1","",7,95,96,95,1872666,747137,34886,1511,"",0.94,0.65,0.65,0.64,0.50,0.77,0.69,0.77,"N",3,75.0,0,0,0,0,0,0,0,0,0,0,0,0,0,0
"C4442","5","518210","48","0","2017","1","N",3,0,0,0,0,0,0,0,"N",0.43,0,0,0,0,0,0,0,"N",-1,-25.0,0,0,0,0,0,0,0,0,0,0,0,0,0,0
"C4470","5","518210","48","0","2017","1","N",1,0,0,0,0,0,0,0,"N",0.03,0,0,0,0,0,0,0,"N",1,100.0,0,0,0,0,0,0,0,0,0,0,0,0,0,0
"C4506","5","518210","48","0","2017","1","N",18,0,0,0,0,0,0,0,"N",0.52,0,0,0,0,0,0,0,"N",1,5.9,0,0,0,0,0,0,0,0,0,0,0,0,0,0
"C4522","5","518210","48","0","2017","1","",23,608,742,706,7408050,3691454,56833,831,"",1.07,1.66,2.01,1.92,0.89,1.75,2.76,0.48,"",0,0.0,-237,-28.0,-75,-9.2,-56,-7.3,-336091,-4.3,-256567,-6.5,-11107,-16.3,94,12.8
"C4530","5","518210","48","0","2017","1","N",201,0,0,0,0,0,0,0,"N",1.09,0,0,0,0,0,0,0,"N",19,10.4,0,0,0,0,0,0,0,0,0,0,0,0,0,0
"C4554","5","518210","48","0","2017","1","N",2,0,0,0,0,0,0,0,"N",0.54,0,0,0,0,0,0,0,"N",-1,-33.3,0,0,0,0,0,0,0,0,0,0,0,0,0,0
"C4578","5","518210","48","0","2017","1","",14,47,46,41,816136,371059,13955,1406,"",0.47,0.07,0.07,0.06,0.05,0.07,0.08,0.72,"N",-3,-17.6,0,0,0,0,0,0,0,0,0,0,0,0,0,0
"C4582","5","518210","48","0","2017","1","N",9,0,0,0,0,0,0,0,"N",0.68,0,0,0,0,0,0,0,"N",1,12.5,0,0,0,0,0,0,0,0,0,0,0,0,0,0
"C4594","5","518210","48","0","2017","1","",35,369,364,360,7105246,6129870,104836,1500,"",1.56,0.70,0.69,0.68,0.33,0.76,0.74,0.48,"",2,6.1,-15,-3.9,-31,-7.8,-39,-9.8,-3343302,-32.0,-1570963,-20.4,-93300,-47.1,-547,-26.7
"C4606","5","518210","48","0","2017","1","",22,191,183,187,4344950,1266051,29347,1787,"",0.57,0.24,0.23,0.23,0.22,0.21,0.23,0.95,"",-3,-12.0,-12,-5.9,-19,-9.4,-19,-9.2,289083,7.1,-138951,-9.9,-5222,-15.1,255,16.6
"C4614","5","518210","48","0","2017","1","",49,268,261,264,3800761,2749688,20971,1106,"",0.84,0.29,0.29,0.29,0.16,0.21,0.16,0.55,"",-2,-3.9,14,5.5,7,2.8,10,3.9,698167,22.5,271448,11.0,5888,39.0,166,17.7
"C4622","5","518210","48","0","2017","1","N",6,0,0,0,0,0,0,0,"N",0.56,0,0,0,0,0,0,0,"N",1,20.0,0,0,0,0,0,0,0,0,0,0,0,0,0,0
"C4634","5","518210","48","0","2017","1","",7,13,13,14,107771,73471,594,622,"",0.54,0.06,0.06,0.06,0.02,0.04,0.01,0.35,"",1,16.7,-3,-18.8,3,30.0,4,40.0,-25746,-19.3,-3519,-4.6,-311,-34.4,-234,-27.3
"C4652","5","518210","48","0","2017","1","",68,328,336,335,6325751,5955152,57497,1461,"",1.27,0.32,0.32,0.32,0.22,0.40,0.38,0.69,"",8,13.3,-4,-1.2,12,3.7,9,2.8,567348,9.9,510778,9.4,12101,26.7,108,8.0
"C4654","5","518210","48","0","2017","1","N",8,0,0,0,0,0,0,0,"N",0.59,0,0,0,0,0,0,0,"N",0,0.0,0,0,0,0,0,0,0,0,0,0,0,0,0,0
"C4666","5","518210","48","0","2017","1","N",1,0,0,0,0,0,0,0,"N",0.15,0,0,0,0,0,0,0,"N",0,0.0,0,0,0,0,0,0,0,0,0,0,0,0,0,0
"C4670","5","518210","48","0","2017","1","N",4,0,0,0,0,0,0,0,"N",0.17,0,0,0,0,0,0,0,"N",1,33.3,0,0,0,0,0,0,0,0,0,0,0,0,0,0
"C4702","5","518210","48","0","2017","1","N",1,0,0,0,0,0,0,0,"N",0.18,0,0,0,0,0,0,0,"N",0,0.0,0,0,0,0,0,0,0,0,0,0,0,0,0,0
"C4722","5","518210","48","0","2017","1","N",1,0,0,0,0,0,0,0,"N",0.16,0,0,0,0,0,0,0,"N",0,0.0,0,0,0,0,0,0,0,0,0,0,0,0,0,0
"C4726","5","518210","48","0","2017","1","",58,1514,1490,1477,16895566,9359074,208061,870,"",0.67,0.96,0.94,0.92,0.43,0.77,0.99,0.46,"",3,5.5,64,4.4,34,2.3,47,3.3,127350,0.8,476459,5.4,1564,0.8,-22,-2.5
"C4738","5","518210","48","0","2017","1","N",10,0,0,0,0,0,0,0,"N",0.86,0,0,0,0,0,0,0,"N",1,11.1,0,0,0,0,0,0,0,0,0,0,0,0,0,0
"C4746","5","518210","48","0","2017","1","N",5,0,0,0,0,0,0,0,"N",1.00,0,0,0,0,0,0,0,"N",0,0.0,0,0,0,0,0,0,0,0,0,0,0,0,0,0
"C4758","5","518210","48","0","2017","1","N",4,0,0,0,0,0,0,0,"N",0.57,0,0,0,0,0,0,0,"N",0,0.0,0,0,0,0,0,0,0,0,0,0,0,0,0,0
"C4790","5","518210","48","0","2017","1","",613,10466,10467,10403,393513008,88090814,2281867,2898,"",1.53,1.56,1.56,1.54,1.41,1.42,1.81,0.91,"",21,3.5,-245,-2.3,-230,-2.2,-280,-2.6,9761258,2.5,-1630160,-1.8,-275644,-10.8,138,5.0
"C4794","5","518210","48","0","2017","1","N",6,0,0,0,0,0,0,0,"N",0.59,0,0,0,0,0,0,0,"N",0,0.0,0,0,0,0,0,0,0,0,0,0,0,0,0,0
"C4806","5","518210","48","0","2017","1","N",1,0,0,0,0,0,0,0,"N",0.17,0,0,0,0,0,0,0,"N",0,0.0,0,0,0,0,0,0,0,0,0,0,0,0,0,0
"C4814","5","518210","48","0","2017","1","N",1,0,0,0,0,0,0,0,"N",0.14,0,0,0,0,0,0,0,"N",0,0.0,0,0,0,0,0,0,0,0,0,0,0,0,0,0
"C4826","5","518210","48","0","2017","1","N",2,0,0,0,0,0,0,0,"N",0.37,0,0,0,0,0,0,0,"N",0,0.0,0,0,0,0,0,0,0,0,0,0,0,0,0,0
"C4830","5","518210","48","0","2017","1","N",8,0,0,0,0,0,0,0,"N",0.81,0,0,0,0,0,0,0,"N",-1,-11.1,0,0,0,0,0,0,0,0,0,0,0,0,0,0
"C4854","5","518210","48","0","2017","1","N",2,0,0,0,0,0,0,0,"N",0.26,0,0,0,0,0,0,0,"N",0,0.0,0,0,0,0,0,0,0,0,0,0,0,0,0,0
"C4862","5","518210","48","0","2017","1","",27,232,234,232,2692209,2165167,31144,890,"",0.83,0.37,0.37,0.37,0.17,0.25,0.21,0.46,"",1,3.8,-43,-15.6,-20,-7.9,-51,-18.0,-411797,-13.3,-313328,-12.6,3885,14.3,8,0.9
"C4866","5","518210","48","0","2017","1","N",3,0,0,0,0,0,0,0,"N",0.39,0,0,0,0,0,0,0,"N",0,0.0,0,0,0,0,0,0,0,0,0,0,0,0,0,0
"C4890","5","518210","48","0","2017","1","N",18,0,0,0,0,0,0,0,"N",0.94,0,0,0,0,0,0,0,"N",-1,-5.3,0,0,0,0,0,0,0,0,0,0,0,0,0,0
"C4902","5","518210","48","0","2017","1","N",4,0,0,0,0,0,0,0,"N",0.50,0,0,0,0,0,0,0,"N",-1,-20.0,0,0,0,0,0,0,0,0,0,0,0,0,0,0
"C4918","5","518210","48","0","2017","1","",25,144,145,144,2544477,2048458,29662,1356,"",0.84,0.26,0.26,0.26,0.17,0.30,0.40,0.64,"N",-3,-10.7,0,0,0,0,0,0,0,0,0,0,0,0,0,0
"C4934","5","518210","48","0","2017","1","N",28,0,0,0,0,0,0,0,"N",0.48,0,0,0,0,0,0,0,"N",10,55.6,0,0,0,0,0,0,0,0,0,0,0,0,0,0
"C4942","5","518210","48","0","2017","1","N",3,0,0,0,0,0,0,0,"N",0.18,0,0,0,0,0,0,0,"N",-1,-25.0,0,0,0,0,0,0,0,0,0,0,0,0,0,0
"C4962","5","518210","48","0","2017","1","N",8,0,0,0,0,0,0,0,"N",0.42,0,0,0,0,0,0,0,"N",-1,-11.1,0,0,0,0,0,0,0,0,0,0,0,0,0,0
"C4966","5","518210","48","0","2017","1","",10,212,214,215,2955990,1596976,49704,1064,"",0.36,0.47,0.48,0.47,0.31,0.40,0.32,0.65,"",-1,-9.1,0,0.0,2,0.9,3,1.4,582033,24.5,160515,11.2,14685,41.9,203,23.6
"C4970","5","518210","48","0","2017","1","N",1,0,0,0,0,0,0,0,"N",0.10,0,0,0,0,0,0,0,"N",0,0.0,0,0,0,0,0,0,0,0,0,0,0,0,0,0
"C4974","5","518210","48","0","2017","1","",3,11,11,11,299732,50102,440,2096,"",0.45,0.07,0.07,0.07,0.10,0.04,0.01,1.41,"N",1,50.0,0,0,0,0,0,0,0,0,0,0,0,0,0,0
"US000","1","518210","18","0","2017","1","",1,1152,1146,1149,17590719,0,0,1178,"",1.00,1.00,1.00,1.00,1.00,0.00,0.00,1.00,"",0,0.0,-45,-3.8,-42,-3.5,-36,-3.0,305675,1.8,0,0.0,0,0.0,61,5.5
"US000","2","518210","18","0","2017","1","",20,937,945,956,17713523,0,0,1440,"",1.00,1.00,1.00,1.00,1.00,0.00,0.00,1.00,"",1,5.3,-3,-0.3,6,0.6,-10,-1.0,1534716,9.5,0,0.0,0,0.0,128,9.8
"US000","3","518210","18","0","2017","1","",99,2737,2723,2734,46554135,223829,2205,1311,"",1.00,1.00,1.00,1.00,1.00,1.00,1.00,1.00,"",-1,-1.0,141,5.4,129,5.0,151,5.8,4905986,11.8,-26738,-10.7,-152,-6.4,75,6.1
"US000","5","518210","18","0","2017","1","",20377,307667,309345,310914,9486150621,3410809231,80459147,2359,"",1.00,1.00,1.00,1.00,1.00,1.00,1.00,1.00,"",1599,8.5,12869,4.4,13309,4.5,14432,4.9,1230613971,14.9,256271231,8.1,-1928417,-2.3,212,9.9
