"area_fips","own_code","industry_code","agglvl_code","size_code","year","qtr","disclosure_code","qtrly_estabs","month1_emplvl","month2_emplvl","month3_emplvl","total_qtrly_wages","taxable_qtrly_wages","qtrly_contributions","avg_wkly_wage","lq_disclosure_code","lq_qtrly_estabs","lq_month1_emplvl","lq_month2_emplvl","lq_month3_emplvl","lq_total_qtrly_wages","lq_taxable_qtrly_wages","lq_qtrly_contributions","lq_avg_wkly_wage","oty_disclosure_code","oty_qtrly_estabs_chg","oty_qtrly_estabs_pct_chg","oty_month1_emplvl_chg","oty_month1_emplvl_pct_chg","oty_month2_emplvl_chg","oty_month2_emplvl_pct_chg","oty_month3_emplvl_chg","oty_month3_emplvl_pct_chg","oty_total_qtrly_wages_chg","oty_total_qtrly_wages_pct_chg","oty_taxable_qtrly_wages_chg","oty_taxable_qtrly_wages_pct_chg","oty_qtrly_contributions_chg","oty_qtrly_contributions_pct_chg","oty_avg_wkly_wage_chg","oty_avg_wkly_wage_pct_chg"
"01000","2","518210","58","0","2018","1","N",1,0,0,0,0,0,0,0,"N",4.15,0,0,0,0,0,0,0,"N",0,0.0,0,0,0,0,0,0,0,0,0,0,0,0,0,0
"01000","5","518210","58","0","2018","1","",372,2137,2206,2295,30878246,14524944,419421,1073,"",1.29,0.49,0.50,0.52,0.26,0.37,0.78,0.51,"",131,54.4,778,57.2,777,54.4,811,54.6,9216513,42.5,4189043,40.5,113647,37.2,-97,-8.3
"01001","5","518210","78","0","2018","1","N",1,0,0,0,0,0,0,0,"N",0.50,0,0,0,0,0,0,0,"N",0,0.0,0,0,0,0,0,0,0,0,0,0,0,0,0,0
"01003","5","518210","78","0","2018","1","",14,53,55,58,742882,400058,9693,1033,"",0.98,0.34,0.34,0.35,0.23,0.29,0.59,0.66,"N",3,27.3,0,0,0,0,0,0,0,0,0,0,0,0,0,0
"01005","5","518210","78","0","2018","1","-",0,0,0,0,0,0,0,0,"N",0.00,0,0,0,0,0,0,0,"N",-1,-100.0,0,0,0,0,0,0,0,0,0,0,0,0,0,0
"01015","5","518210","78","0","2018","1","N",2,0,0,0,0,0,0,0,"N",0.34,0,0,0,0,0,0,0,"N",0,0.0,0,0,0,0,0,0,0,0,0,0,0,0,0,0
"01019","5","518210","78","0","2018","1","N",1,0,0,0,0,0,0,0,"N",1.05,0,0,0,0,0,0,0,"N",0,0.0,0,0,0,0,0,0,0,0,0,0,0,0,0,0
"01031","5","518210","78","0","2018","1","N",2,0,0,0,0,0,0,0,"N",0.81,0,0,0,0,0,0,0,"N",1,100.0,0,0,0,0,0,0,0,0,0,0,0,0,0,0
"01033","5","518210","78","0","2018","1","N",1,0,0,0,0,0,0,0,"N",0.34,0,0,0,0,0,0,0,"N",0,0.0,0,0,0,0,0,0,0,0,0,0,0,0,0,0
"01043","5","518210","78","0","2018","1","-",0,0,0,0,0,0,0,0,"N",0.00,0,0,0,0,0,0,0,"N",-1,-100.0,0,0,0,0,0,0,0,0,0,0,0,0,0,0
"01045","5","518210","78","0","2018","1","N",1,0,0,0,0,0,0,0,"N",0.50,0,0,0,0,0,0,0,"N",0,0.0,0,0,0,0,0,0,0,0,0,0,0,0,0,0
"01051","5","518210","78","0","2018","1","-",0,0,0,0,0,0,0,0,"N",0.00,0,0,0,0,0,0,0,"N",0,0,0,0,0,0,0,0,0,0,0,0,0,0,0,0
"01069","5","518210","78","0","2018","1","N",3,0,0,0,0,0,0,0,"N",0.44,0,0,0,0,0,0,0,"N",2,200.0,0,0,0,0,0,0,0,0,0,0,0,0,0,0
"01071","5","518210","78","0","2018","1","N",1,0,0,0,0,0,0,0,"N",0.44,0,0,0,0,0,0,0,"N",1,100.0,0,0,0,0,0,0,0,0,0,0,0,0,0,0
"01073","5","518210","78","0","2018","1","",41,312,272,315,5121369,2440538,48092,1315,"",0.96,0.40,0.34,0.40,0.19,0.33,0.49,0.50,"",9,28.1,68,27.9,30,12.4,78,32.9,1482999,40.8,603544,32.9,21728,82.4,154,13.3
"01077","5","518210","78","0","2018","1","N",1,0,0,0,0,0,0,0,"N",0.21,0,0,0,0,0,0,0,"N",0,0.0,0,0,0,0,0,0,0,0,0,0,0,0,0,0
"01081","5","518210","78","0","2018","1","N",5,0,0,0,0,0,0,0,"N",0.69,0,0,0,0,0,0,0,"N",2,66.7,0,0,0,0,0,0,0,0,0,0,0,0,0,0
"01083","5","518210","78","0","2018","1","N",3,0,0,0,0,0,0,0,"N",0.90,0,0,0,0,0,0,0,"N",1,50.0,0,0,0,0,0,0,0,0,0,0,0,0,0,0
"01089","5","518210","78","0","2018","1","N",21,0,0,0,0,0,0,0,"N",0.95,0,0,0,0,0,0,0,"N",0,0.0,0,0,0,0,0,0,0,0,0,0,0,0,0,0
"01095","5","518210","78","0","2018","1","",3,12,11,11,90083,65913,749,611,"",0.63,0.15,0.13,0.13,0.05,0.09,0.08,0.39,"N",0,0.0,0,0,0,0,0,0,0,0,0,0,0,0,0,0
"01097","5","518210","78","0","2018","1","",14,133,133,145,1267841,994887,22325,712,"",0.60,0.35,0.35,0.38,0.12,0.29,0.41,0.34,"",3,27.3,99,291.2,50,60.2,59,68.6,637744,101.2,488260,96.4,10117,82.9,-4,-0.6
"01101","2","518210","78","0","2018","1","N",1,0,0,0,0,0,0,0,"N",82.06,0,0,0,0,0,0,0,"N",0,0.0,0,0,0,0,0,0,0,0,0,0,0,0,0,0
"01101","5","518210","78","0","2018","1","",13,429,438,425,6700234,3176680,163586,1197,"",0.89,1.45,1.48,1.43,0.87,1.42,5.65,0.60,"",4,44.4,74,20.8,72,19.7,57,15.5,1408770,26.6,523878,19.7,21852,15.4,76,6.8
"01103","5","518210","78","0","2018","1","",8,19,18,19,227525,130449,2345,938,"",1.26,0.18,0.17,0.17,0.08,0.13,0.16,0.47,"",1,14.3,5,35.7,4,28.6,5,35.7,27389,13.7,35624,37.6,-1055,-31.0,-162,-14.7
"01107","5","518210","78","0","2018","1","N",1,0,0,0,0,0,0,0,"N",1.29,0,0,0,0,0,0,0,"N",0,0.0,0,0,0,0,0,0,0,0,0,0,0,0,0,0
"01109","5","518210","78","0","2018","1","N",1,0,0,0,0,0,0,0,"N",0.62,0,0,0,0,0,0,0,"N",0,0.0,0,0,0,0,0,0,0,0,0,0,0,0,0,0
"01111","5","518210","78","0","2018","1","N",1,0,0,0,0,0,0,0,"N",1.12,0,0,0,0,0,0,0,"N",0,0.0,0,0,0,0,0,0,0,0,0,0,0,0,0,0
"01113","5","518210","78","0","2018","1","N",1,0,0,0,0,0,0,0,"N",0.48,0,0,0,0,0,0,0,"N",-1,-50.0,0,0,0,0,0,0,0,0,0,0,0,0,0,0
"01115","5","518210","78","0","2018","1","N",2,0,0,0,0,0,0,0,"N",0.58,0,0,0,0,0,0,0,"N",0,0.0,0,0,0,0,0,0,0,0,0,0,0,0,0,0
"01117","5","518210","78","0","2018","1","",18,116,115,116,1826071,850438,15314,1214,"",1.35,0.61,0.60,0.60,0.29,0.42,0.58,0.48,"",5,38.5,34,41.5,34,42.0,34,41.5,435623,31.3,216407,34.1,2661,21.0,-96,-7.3
"01121","5","518210","78","0","2018","1","N",1,0,0,0,0,0,0,0,"N",0.31,0,0,0,0,0,0,0,"N",0,0.0,0,0,0,0,0,0,0,0,0,0,0,0,0,0
"01125","5","518210","78","0","2018","1","N",8,0,0,0,0,0,0,0,"N",0.76,0,0,0,0,0,0,0,"N",3,60.0,0,0,0,0,0,0,0,0,0,0,0,0,0,0
"01127","5","518210","78","0","2018","1","-",0,0,0,0,0,0,0,0,"N",0.00,0,0,0,0,0,0,0,"N",0,0,0,0,0,0,0,0,0,0,0,0,0,0,0,0
"01999","5","518210","78","0","2018","1","",204,458,459,471,10194338,3464592,81353,1695,"",6.70,4.12,3.91,4.02,2.08,2.30,2.96,0.52,"",99,94.3,105,29.7,99,27.5,83,21.4,3119060,44.1,758313,28.0,15509,23.6,212,14.3
"02000","5","518210","58","0","2018","1","",28,76,76,77,1238050,1126737,18002,1248,"",0.57,0.11,0.11,0.11,0.06,0.10,0.10,0.51,"",3,12.0,3,4.1,0,0.0,1,1.3,209478,20.4,156540,16.1,-387,-2.1,193,18.3
"02020","5","518210","78","0","2018","1","",20,61,61,62,785107,744299,11787,985,"",1.07,0.18,0.18,0.19,0.07,0.14,0.14,0.38,"",2,11.1,-1,-1.6,-3,-4.7,-3,-4.6,116952,17.5,77786,11.7,-381,-3.1,178,22.1
"02090","5","518210","78","0","2018","1","N",2,0,0,0,0,0,0,0,"N",0.39,0,0,0,0,0,0,0,"N",-1,-33.3,0,0,0,0,0,0,0,0,0,0,0,0,0,0
"02110","5","518210","78","0","2018","1","N",1,0,0,0,0,0,0,0,"N",0.39,0,0,0,0,0,0,0,"N",0,0.0,0,0,0,0,0,0,0,0,0,0,0,0,0,0
"02122","5","518210","78","0","2018","1","N",1,0,0,0,0,0,0,0,"N",0.22,0,0,0,0,0,0,0,"N",0,0.0,0,0,0,0,0,0,0,0,0,0,0,0,0,0
"02170","5","518210","78","0","2018","1","N",1,0,0,0,0,0,0,0,"N",0.21,0,0,0,0,0,0,0,"N",0,0.0,0,0,0,0,0,0,0,0,0,0,0,0,0,0
"02261","5","518210","78","0","2018","1","N",1,0,0,0,0,0,0,0,"N",0.82,0,0,0,0,0,0,0,"N",0,0.0,0,0,0,0,0,0,0,0,0,0,0,0,0,0
"02999","5","518210","78","0","2018","1","N",2,0,0,0,0,0,0,0,"N",1.50,0,0,0,0,0,0,0,"N",2,100.0,0,0,0,0,0,0,0,0,0,0,0,0,0,0
"04000","5","518210","58","0","2018","1","",453,9654,9737,9692,306728320,67759289,1969253,2434,"",1.26,1.52,1.52,1.51,1.57,1.22,1.49,1.04,"",83,22.4,962,11.1,853,9.6,638,7.0,71713337,30.5,6090786,9.9,218150,12.5,397,19.5
"04003","5","518210","78","0","2018","1","",6,14,15,15,178436,76076,2309,936,"",1.19,0.18,0.19,0.19,0.09,0.15,0.18,0.47,"",1,20.0,-17,-54.8,-16,-51.6,-15,-50.0,-244566,-57.8,-119822,-61.2,-3824,-62.4,-125,-11.8
"04005","5","518210","78","0","2018","1","N",1,0,0,0,0,0,0,0,"N",0.13,0,0,0,0,0,0,0,"N",1,100.0,0,0,0,0,0,0,0,0,0,0,0,0,0,0
"04007","5","518210","78","0","2018","1","N",1,0,0,0,0,0,0,0,"N",0.45,0,0,0,0,0,0,0,"N",0,0.0,0,0,0,0,0,0,0,0,0,0,0,0,0,0
"04013","5","518210","78","0","2018","1","",287,9157,9222,9173,285442563,64018595,1848458,2391,"",1.30,2.05,2.04,2.03,1.97,1.57,2.01,0.96,"",12,4.4,890,10.8,754,8.9,537,6.2,60566716,26.9,5415433,9.2,200934,12.2,346,16.9
"04015","5","518210","78","0","2018","1","N",2,0,0,0,0,0,0,0,"N",0.24,0,0,0,0,0,0,0,"N",1,100.0,0,0,0,0,0,0,0,0,0,0,0,0,0,0
"04019","5","518210","78","0","2018","1","",24,195,193,196,12411886,1301137,23399,4905,"",0.57,0.23,0.23,0.23,0.54,0.20,0.16,2.32,"",2,9.1,4,2.1,10,5.5,9,4.8,8066936,185.7,35086,2.8,-5948,-20.3,3118,174.5
"04021","5","518210","78","0","2018","1","N",1,0,0,0,0,0,0,0,"N",0.14,0,0,0,0,0,0,0,"N",0,0.0,0,0,0,0,0,0,0,0,0,0,0,0,0,0
"04025","5","518210","78","0","2018","1","N",2,0,0,0,0,0,0,0,"N",0.16,0,0,0,0,0,0,0,"N",-1,-33.3,0,0,0,0,0,0,0,0,0,0,0,0,0,0
"04027","5","518210","78","0","2018","1","N",4,0,0,0,0,0,0,0,"N",0.55,0,0,0,0,0,0,0,"N",1,33.3,0,0,0,0,0,0,0,0,0,0,0,0,0,0
"04999","5","518210","78","0","2018","1","",125,239,257,259,7638936,2043088,84889,2335,"",3.50,3.69,3.89,3.90,2.06,2.29,3.49,0.54,"",66,111.9,80,50.3,98,61.6,102,65.0,2993802,64.5,707874,53.0,25489,42.9,78,3.5
"05000","2","518210","58","0","2018","1","N",1,0,0,0,0,0,0,0,"N",5.79,0,0,0,0,0,0,0,"N",0,0.0,0,0,0,0,0,0,0,0,0,0,0,0,0,0
"05000","5","518210","58","0","2018","1","",257,1359,1380,1359,28659192,12410057,251393,1614,"",1.24,0.50,0.50,0.49,0.40,0.46,0.58,0.80,"",51,24.8,-22,-1.6,3,0.2,-26,-1.9,1975676,7.4,-1647139,-11.7,-79191,-24.0,128,8.6
"05003","5","518210","78","0","2018","1","N",1,0,0,0,0,0,0,0,"N",0.77,0,0,0,0,0,0,0,"N",1,100.0,0,0,0,0,0,0,0,0,0,0,0,0,0,0
"05005","5","518210","78","0","2018","1","N",1,0,0,0,0,0,0,0,"N",0.35,0,0,0,0,0,0,0,"N",0,0.0,0,0,0,0,0,0,0,0,0,0,0,0,0,0
"05007","5","518210","78","0","2018","1","",22,166,170,166,2676830,1702101,44788,1231,"",1.46,0.62,0.62,0.61,0.22,0.46,0.93,0.36,"",5,29.4,-7,-4.0,-3,-1.7,-8,-4.6,57896,2.2,-270637,-13.7,-20198,-31.1,69,5.9
"05015","5","518210","78","0","2018","1","N",1,0,0,0,0,0,0,0,"N",0.54,0,0,0,0,0,0,0,"N",1,100.0,0,0,0,0,0,0,0,0,0,0,0,0,0,0
"05031","5","518210","78","0","2018","1","N",1,0,0,0,0,0,0,0,"N",0.15,0,0,0,0,0,0,0,"N",0,0.0,0,0,0,0,0,0,0,0,0,0,0,0,0,0
"05033","5","518210","78","0","2018","1","N",1,0,0,0,0,0,0,0,"N",0.35,0,0,0,0,0,0,0,"N",0,0.0,0,0,0,0,0,0,0,0,0,0,0,0,0,0
"05035","5","518210","78","0","2018","1","N",1,0,0,0,0,0,0,0,"N",0.36,0,0,0,0,0,0,0,"N",0,0.0,0,0,0,0,0,0,0,0,0,0,0,0,0,0
"05039","5","518210","78","0","2018","1","N",1,0,0,0,0,0,0,0,"N",1.79,0,0,0,0,0,0,0,"N",0,0.0,0,0,0,0,0,0,0,0,0,0,0,0,0,0
"05045","5","518210","78","0","2018","1","",3,45,42,44,605966,369636,8528,1067,"",0.46,0.50,0.46,0.48,0.30,0.46,0.59,0.63,"",-1,-25.0,-77,-63.1,-77,-64.7,-74,-62.7,-1375862,-69.4,-937721,-71.7,-12363,-59.2,-207,-16.2
"05051","5","518210","78","0","2018","1","N",1,0,0,0,0,0,0,0,"N",0.14,0,0,0,0,0,0,0,"N",0,0.0,0,0,0,0,0,0,0,0,0,0,0,0,0,0
"05055","5","518210","78","0","2018","1","N",2,0,0,0,0,0,0,0,"N",0.96,0,0,0,0,0,0,0,"N",0,0.0,0,0,0,0,0,0,0,0,0,0,0,0,0,0
"05057","5","518210","78","0","2018","1","N",1,0,0,0,0,0,0,0,"N",0.84,0,0,0,0,0,0,0,"N",0,0.0,0,0,0,0,0,0,0,0,0,0,0,0,0,0
"05065","5","518210","78","0","2018","1","N",1,0,0,0,0,0,0,0,"N",1.64,0,0,0,0,0,0,0,"N",0,0.0,0,0,0,0,0,0,0,0,0,0,0,0,0,0
"05085","5","518210","78","0","2018","1","N",1,0,0,0,0,0,0,0,"N",0.33,0,0,0,0,0,0,0,"N",0,0.0,0,0,0,0,0,0,0,0,0,0,0,0,0,0
"05087","5","518210","78","0","2018","1","N",1,0,0,0,0,0,0,0,"N",1.62,0,0,0,0,0,0,0,"N",0,0.0,0,0,0,0,0,0,0,0,0,0,0,0,0,0
"05095","5","518210","78","0","2018","1","N",1,0,0,0,0,0,0,0,"N",1.43,0,0,0,0,0,0,0,"N",0,0.0,0,0,0,0,0,0,0,0,0,0,0,0,0,0
"05097","5","518210","78","0","2018","1","N",1,0,0,0,0,0,0,0,"N",2.43,0,0,0,0,0,0,0,"N",0,0.0,0,0,0,0,0,0,0,0,0,0,0,0,0,0
"05103","5","518210","78","0","2018","1","N",1,0,0,0,0,0,0,0,"N",0.64,0,0,0,0,0,0,0,"N",0,0.0,0,0,0,0,0,0,0,0,0,0,0,0,0,0
"05115","5","518210","78","0","2018","1","N",2,0,0,0,0,0,0,0,"N",0.47,0,0,0,0,0,0,0,"N",0,0.0,0,0,0,0,0,0,0,0,0,0,0,0,0,0
"05119","2","518210","78","0","2018","1","N",1,0,0,0,0,0,0,0,"N",36.20,0,0,0,0,0,0,0,"N",0,0.0,0,0,0,0,0,0,0,0,0,0,0,0,0,0
"05119","5","518210","78","0","2018","1","",40,253,252,257,4050632,2361436,39903,1227,"",1.21,0.45,0.44,0.45,0.25,0.46,0.51,0.55,"",10,33.3,27,11.9,26,11.5,29,12.7,109972,2.8,-32036,-1.3,-18198,-31.3,-110,-8.2
"05125","5","518210","78","0","2018","1","N",3,0,0,0,0,0,0,0,"N",0.64,0,0,0,0,0,0,0,"N",1,50.0,0,0,0,0,0,0,0,0,0,0,0,0,0,0
"05131","5","518210","78","0","2018","1","N",2,0,0,0,0,0,0,0,"N",0.23,0,0,0,0,0,0,0,"N",1,100.0,0,0,0,0,0,0,0,0,0,0,0,0,0,0
"05135","5","518210","78","0","2018","1","N",1,0,0,0,0,0,0,0,"N",1.10,0,0,0,0,0,0,0,"N",0,0.0,0,0,0,0,0,0,0,0,0,0,0,0,0,0
"05137","5","518210","78","0","2018","1","-",0,0,0,0,0,0,0,0,"N",0.00,0,0,0,0,0,0,0,"N",0,0,0,0,0,0,0,0,0,0,0,0,0,0,0,0
"05139","5","518210","78","0","2018","1","N",1,0,0,0,0,0,0,0,"N",0.33,0,0,0,0,0,0,0,"N",0,0.0,0,0,0,0,0,0,0,0,0,0,0,0,0,0
"05143","5","518210","78","0","2018","1","N",13,0,0,0,0,0,0,0,"N",0.93,0,0,0,0,0,0,0,"N",-1,-7.1,0,0,0,0,0,0,0,0,0,0,0,0,0,0
"05145","5","518210","78","0","2018","1","N",1,0,0,0,0,0,0,0,"N",0.24,0,0,0,0,0,0,0,"N",1,100.0,0,0,0,0,0,0,0,0,0,0,0,0,0,0
"05999","5","518210","78","0","2018","1","",152,227,226,213,5362586,2142149,46848,1858,"",6.74,3.03,2.76,2.60,1.96,2.07,1.62,0.70,"",35,29.9,33,17.0,45,24.9,34,19.0,1180401,28.2,181018,9.2,-1269,-2.6,116,6.7
"06000","3","518210","58","0","2018","1","N",1,0,0,0,0,0,0,0,"N",0.06,0,0,0,0,0,0,0,"N",0,0.0,0,0,0,0,0,0,0,0,0,0,0,0,0,0
"06000","5","518210","58","0","2018","1","",2617,46362,46771,47288,2710910258,338712611,14856881,4455,"",0.74,1.20,1.20,1.21,1.73,1.00,0.96,1.44,"",448,20.7,5061,12.3,5095,12.2,5250,12.5,1024594970,60.8,40591568,13.6,1410845,10.5,1342,43.1
"06001","5","518210","78","0","2018","1","",101,5116,5237,5274,279252825,37475683,1331523,4124,"",0.70,2.91,2.95,2.97,3.50,2.31,1.79,1.19,"",23,29.5,663,14.9,704,15.5,715,15.7,52900398,23.4,6422563,20.7,218930,19.7,268,7.0
"06003","5","518210","78","0","2018","1","N",2,0,0,0,0,0,0,0,"N",11.44,0,0,0,0,0,0,0,"N",0,0.0,0,0,0,0,0,0,0,0,0,0,0,0,0,0
"06007","5","518210","78","0","2018","1","N",6,0,0,0,0,0,0,0,"N",0.31,0,0,0,0,0,0,0,"N",1,20.0,0,0,0,0,0,0,0,0,0,0,0,0,0,0
"06013","5","518210","78","0","2018","1","",52,333,334,344,11180678,2306768,116552,2552,"",0.71,0.40,0.40,0.41,0.32,0.30,0.33,0.80,"",9,20.9,-6,-1.8,10,3.1,38,12.4,1852182,19.9,70580,3.2,12971,12.5,330,14.9
"06017","5","518210","78","0","2018","1","",6,42,41,41,619379,294839,13647,1153,"",0.48,0.33,0.32,0.32,0.16,0.29,0.28,0.51,"",-1,-14.3,-4,-8.7,-4,-8.9,-6,-12.8,21252,3.6,4660,1.6,-242,-1.7,153,15.3
"06019","5","518210","78","0","2018","1","",10,229,228,225,3150601,1401836,68329,1066,"",0.12,0.27,0.27,0.26,0.15,0.22,0.22,0.56,"N",1,11.1,0,0,0,0,0,0,0,0,0,0,0,0,0,0
"06023","5","518210","78","0","2018","1","N",2,0,0,0,0,0,0,0,"N",0.16,0,0,0,0,0,0,0,"N",1,100.0,0,0,0,0,0,0,0,0,0,0,0,0,0,0
"06029","5","518210","78","0","2018","1","N",5,0,0,0,0,0,0,0,"N",0.11,0,0,0,0,0,0,0,"N",2,66.7,0,0,0,0,0,0,0,0,0,0,0,0,0,0
"06031","5","518210","78","0","2018","1","N",1,0,0,0,0,0,0,0,"N",0.11,0,0,0,0,0,0,0,"N",0,0.0,0,0,0,0,0,0,0,0,0,0,0,0,0,0
"06033","5","518210","78","0","2018","1","N",1,0,0,0,0,0,0,0,"N",0.14,0,0,0,0,0,0,0,"N",0,0.0,0,0,0,0,0,0,0,0,0,0,0,0,0,0
"06037","5","518210","78","0","2018","1","",479,7571,7643,7761,277630854,49243927,2426999,2789,"",0.43,0.76,0.75,0.77,0.74,0.56,0.63,0.97,"",53,12.4,390,5.4,405,5.6,479,6.6,44320178,19.0,805662,1.7,-49013,-2.0,308,12.4
"06041","5","518210","78","0","2018","1","",29,147,148,149,2771511,1070051,49652,1440,"",1.02,0.57,0.57,0.57,0.25,0.47,0.52,0.45,"",0,0.0,1,0.7,-7,-4.5,-1,-0.7,-526395,-16.0,4836,0.5,-2146,-4.1,-247,-14.6
"06047","5","518210","78","0","2018","1","N",1,0,0,0,0,0,0,0,"N",0.07,0,0,0,0,0,0,0,"N",-1,-50.0,0,0,0,0,0,0,0,0,0,0,0,0,0,0
"06053","5","518210","78","0","2018","1","",6,18,18,18,631521,127750,7725,2699,"",0.19,0.05,0.05,0.04,0.06,0.04,0.05,1.29,"N",4,200.0,0,0,0,0,0,0,0,0,0,0,0,0,0,0
"06055","5","518210","78","0","2018","1","",6,40,40,42,1320494,165000,6794,2498,"",0.45,0.24,0.23,0.24,0.24,0.11,0.09,1.04,"",2,50.0,7,21.2,6,17.6,8,23.5,335540,34.1,108219,190.6,4338,176.6,248,11.0
"06059","3","518210","78","0","2018","1","N",1,0,0,0,0,0,0,0,"N",0.83,0,0,0,0,0,0,0,"N",0,0.0,0,0,0,0,0,0,0,0,0,0,0,0,0,0
"06059","5","518210","78","0","2018","1","",195,2415,2426,2436,55192573,18415053,928393,1750,"",0.71,0.66,0.66,0.66,0.40,0.53,0.58,0.61,"",26,15.4,13,0.5,15,0.6,21,0.9,-6823179,-11.0,-729489,-3.8,-85294,-8.4,-230,-11.6
"06061","5","518210","78","0","2018","1","",12,105,103,107,1587004,749491,41273,1163,"",0.40,0.28,0.27,0.28,0.13,0.23,0.28,0.47,"",-1,-7.7,-10,-8.7,-22,-17.6,-18,-14.4,-111676,-6.6,-97758,-11.5,-5161,-11.1,89,8.3
"06065","5","518210","78","0","2018","1","",27,164,158,164,4637155,430112,15693,2202,"",0.18,0.10,0.09,0.10,0.11,0.03,0.03,1.08,"",4,17.4,16,10.8,17,12.1,22,15.5,938636,25.4,132029,44.3,5683,56.8,222,11.2
"06067","5","518210","78","0","2018","1","",45,1140,1135,1148,34287004,7730161,416565,2312,"",0.34,0.77,0.76,0.77,0.66,0.76,0.87,0.86,"",3,7.1,47,4.3,-10,-0.9,-16,-1.4,864390,2.6,-70659,-0.9,52416,14.4,45,2.0
"06071","5","518210","78","0","2018","1","",18,85,81,82,1125548,523903,20779,1047,"",0.13,0.05,0.05,0.05,0.02,0.04,0.03,0.51,"",-3,-14.3,-56,-39.7,-62,-43.4,-60,-42.3,-670207,-37.3,-388824,-42.6,-21409,-50.7,74,7.6
"06073","5","518210","78","0","2018","1","",173,2225,2229,2250,56808607,16411072,808479,1956,"",0.68,0.68,0.67,0.68,0.48,0.60,0.65,0.70,"",24,16.1,246,12.4,230,11.5,279,14.2,5266022,10.2,2670690,19.4,142786,21.4,-43,-2.2
"06075","5","518210","78","0","2018","1","",376,11700,11905,12088,1118774185,88825624,3459697,7233,"",2.73,7.14,7.15,7.26,9.12,5.23,4.40,1.27,"",40,11.9,3179,37.3,3302,38.4,3294,37.5,697738849,165.7,24912624,39.0,997139,40.5,3484,92.9
"06077","5","518210","78","0","2018","1","N",1,0,0,0,0,0,0,0,"N",0.02,0,0,0,0,0,0,0,"N",0,0.0,0,0,0,0,0,0,0,0,0,0,0,0,0,0
"06079","5","518210","78","0","2018","1","",5,81,83,84,1356644,573064,28706,1262,"",0.21,0.31,0.31,0.31,0.19,0.28,0.32,0.60,"",-3,-37.5,-24,-22.9,-20,-19.4,-21,-20.0,-362055,-21.1,-164556,-22.3,-15832,-35.5,-5,-0.4
"06081","5","518210","78","0","2018","1","",120,3515,3566,3642,205379024,26437002,1244577,4420,"",1.88,3.90,3.93,4.01,2.92,2.71,2.98,0.74,"",12,11.1,-319,-8.3,-265,-6.9,-210,-5.5,7881517,4.0,-2177264,-7.6,-203868,-14.1,463,11.7
"06083","5","518210","78","0","2018","1","",15,205,200,207,5623272,1330792,68779,2120,"",0.43,0.48,0.45,0.47,0.42,0.39,0.47,0.91,"",-2,-11.8,-513,-71.4,-554,-73.5,-555,-72.8,-16240037,-74.3,-3974005,-74.9,-134229,-66.1,-138,-6.1
"06085","5","518210","78","0","2018","1","",346,7796,7688,7725,522196914,59482098,2623818,5192,"",2.09,3.19,3.12,3.13,2.69,2.36,2.30,0.85,"",62,21.8,667,9.4,565,7.9,579,8.1,200891364,62.5,7737269,15.0,259944,11.0,1727,49.8
"06087","5","518210","78","0","2018","1","",7,31,33,33,1087447,234365,6711,2587,"",0.32,0.14,0.14,0.14,0.16,0.13,0.09,1.14,"",-2,-22.2,12,63.2,7,26.9,4,13.8,724319,199.5,96842,70.4,1443,27.4,1455,128.5
"06089","5","518210","78","0","2018","1","",4,7,9,10,141202,51474,2761,1253,"",0.25,0.05,0.06,0.07,0.04,0.05,0.05,0.67,"N",2,100.0,0,0,0,0,0,0,0,0,0,0,0,0,0,0
"06093","5","518210","78","0","2018","1","N",1,0,0,0,0,0,0,0,"N",0.25,0,0,0,0,0,0,0,"N",0,0.0,0,0,0,0,0,0,0,0,0,0,0,0,0,0
"06095","5","518210","78","0","2018","1","N",7,0,0,0,0,0,0,0,"N",0.27,0,0,0,0,0,0,0,"N",3,75.0,0,0,0,0,0,0,0,0,0,0,0,0,0,0
"06097","5","518210","78","0","2018","1","",10,83,83,83,1220641,582076,28220,1131,"",0.22,0.18,0.18,0.18,0.08,0.14,0.15,0.48,"",-2,-16.7,-2,-2.4,1,1.2,-4,-4.6,-67797,-5.3,-5395,-0.9,-1768,-5.9,-40,-3.4
"06099","5","518210","78","0","2018","1","N",5,0,0,0,0,0,0,0,"N",0.14,0,0,0,0,0,0,0,"N",0,0.0,0,0,0,0,0,0,0,0,0,0,0,0,0,0
"06107","5","518210","78","0","2018","1","-",0,0,0,0,0,0,0,0,"N",0.00,0,0,0,0,0,0,0,"N",0,0,0,0,0,0,0,0,0,0,0,0,0,0,0,0
"06111","5","518210","78","0","2018","1","",28,321,326,323,26309304,2598251,140871,6259,"",0.45,0.44,0.44,0.44,1.09,0.41,0.49,2.49,"",-1,-3.4,8,2.6,5,1.6,9,2.9,9508836,56.6,-261345,-9.1,-16289,-10.4,2169,53.0
"06113","5","518210","78","0","2018","1","N",2,0,0,0,0,0,0,0,"N",0.13,0,0,0,0,0,0,0,"N",-1,-33.3,0,0,0,0,0,0,0,0,0,0,0,0,0,0
"06115","5","518210","78","0","2018","1","N",2,0,0,0,0,0,0,0,"N",0.53,0,0,0,0,0,0,0,"N",1,100.0,0,0,0,0,0,0,0,0,0,0,0,0,0,0
"06999","5","518210","78","0","2018","1","",511,2792,2836,2853,95343493,20994457,943753,2594,"",4.34,3.20,3.21,3.23,1.95,1.98,1.79,0.61,"",192,60.2,700,33.5,708,33.3,656,29.9,25631078,36.8,5117635,32.2,237680,33.7,87,3.5
"08000","5","518210","58","0","2018","1","",1093,11393,11592,11731,345854596,137753927,2599386,2299,"",2.35,1.91,1.94,1.95,1.65,1.80,1.98,0.85,"",233,27.1,1026,9.9,1124,10.7,1151,10.9,-17315122,-4.8,14785267,12.0,-221564,-7.9,-369,-13.8
"08001","5","518210","78","0","2018","1","",31,300,293,295,6523365,3057558,87625,1695,"",1.20,0.64,0.62,0.62,0.44,0.54,0.85,0.71,"",9,40.9,-10,-3.2,-9,-3.0,-3,-1.0,-536792,-7.6,-152335,-4.7,19495,28.6,-95,-5.3
"08005","5","518210","78","0","2018","1","",141,2417,2464,2470,91709650,31350427,592774,2879,"",2.76,3.27,3.32,3.31,3.02,2.91,3.21,0.92,"",29,25.9,-104,-4.1,-58,-2.3,-95,-3.7,-56205892,-38.0,-126166,-0.4,-127661,-17.7,-1608,-35.8
"08007","5","518210","78","0","2018","1","N",1,0,0,0,0,0,0,0,"N",0.73,0,0,0,0,0,0,0,"N",1,100.0,0,0,0,0,0,0,0,0,0,0,0,0,0,0
"08013","5","518210","78","0","2018","1","",146,867,887,899,20980736,10524532,219744,1825,"",4.10,2.13,2.15,2.18,1.31,2.03,2.55,0.61,"",26,21.7,2,0.2,12,1.4,31,3.6,-354602,-1.7,255600,2.5,-42216,-16.1,-63,-3.3
"08014","5","518210","78","0","2018","1","",36,492,493,499,17540920,6044942,146702,2728,"",5.44,5.55,5.55,5.61,3.72,3.92,5.96,0.67,"",8,28.6,133,37.0,140,39.7,142,39.8,8370610,91.3,1801456,42.5,1478,1.0,748,37.8
"08015","5","518210","78","0","2018","1","N",1,0,0,0,0,0,0,0,"N",0.43,0,0,0,0,0,0,0,"N",0,0.0,0,0,0,0,0,0,0,0,0,0,0,0,0,0
"08019","5","518210","78","0","2018","1","N",1,0,0,0,0,0,0,0,"N",1.17,0,0,0,0,0,0,0,"N",1,100.0,0,0,0,0,0,0,0,0,0,0,0,0,0,0
"08029","5","518210","78","0","2018","1","N",1,0,0,0,0,0,0,0,"N",0.49,0,0,0,0,0,0,0,"N",0,0.0,0,0,0,0,0,0,0,0,0,0,0,0,0,0
"08031","5","518210","78","0","2018","1","",304,2838,2857,2914,81440225,34177288,738745,2183,"",4.01,2.46,2.46,2.50,1.62,2.08,2.66,0.65,"",76,33.3,537,23.3,510,21.7,527,22.1,16856464,26.1,6799340,24.8,48813,7.1,64,3.0
"08035","5","518210","78","0","2018","1","",86,1416,1433,1438,55868989,17769742,245028,3007,"",3.06,5.05,5.12,5.12,4.96,4.49,3.80,0.97,"",11,14.7,-55,-3.7,-52,-3.5,-49,-3.3,-28411,-0.1,37183,0.2,-76397,-23.8,104,3.6
"08037","5","518210","78","0","2018","1","N",7,0,0,0,0,0,0,0,"N",0.87,0,0,0,0,0,0,0,"N",-3,-30.0,0,0,0,0,0,0,0,0,0,0,0,0,0,0
"08039","5","518210","78","0","2018","1","N",4,0,0,0,0,0,0,0,"N",2.58,0,0,0,0,0,0,0,"N",0,0.0,0,0,0,0,0,0,0,0,0,0,0,0,0,0
"08041","5","518210","78","0","2018","1","",83,523,538,551,11546542,5680377,127820,1653,"",1.80,0.85,0.87,0.89,0.64,0.83,1.04,0.74,"",18,27.7,34,7.0,41,8.2,54,10.9,38514,0.3,162775,3.0,26369,26.0,-138,-7.7
"08043","5","518210","78","0","2018","1","N",2,0,0,0,0,0,0,0,"N",0.93,0,0,0,0,0,0,0,"N",-1,-33.3,0,0,0,0,0,0,0,0,0,0,0,0,0,0
"08045","5","518210","78","0","2018","1","N",3,0,0,0,0,0,0,0,"N",0.49,0,0,0,0,0,0,0,"N",1,50.0,0,0,0,0,0,0,0,0,0,0,0,0,0,0
"08049","5","518210","78","0","2018","1","N",3,0,0,0,0,0,0,0,"N",1.49,0,0,0,0,0,0,0,"N",0,0.0,0,0,0,0,0,0,0,0,0,0,0,0,0,0
"08051","5","518210","78","0","2018","1","N",1,0,0,0,0,0,0,0,"N",0.36,0,0,0,0,0,0,0,"N",0,0.0,0,0,0,0,0,0,0,0,0,0,0,0,0,0
"08055","5","518210","78","0","2018","1","-",0,0,0,0,0,0,0,0,"N",0.00,0,0,0,0,0,0,0,"N",0,0,0,0,0,0,0,0,0,0,0,0,0,0,0,0
"08059","5","518210","78","0","2018","1","",110,1736,1814,1835,46345892,20904028,266241,1986,"",2.34,3.27,3.39,3.42,2.52,3.08,2.44,0.75,"",32,41.0,526,43.5,548,43.3,538,41.5,14315380,44.7,6386341,44.0,-10510,-3.8,27,1.4
"08065","5","518210","78","0","2018","1","N",2,0,0,0,0,0,0,0,"N",3.56,0,0,0,0,0,0,0,"N",2,100.0,0,0,0,0,0,0,0,0,0,0,0,0,0,0
"08067","5","518210","78","0","2018","1","",11,13,13,16,228432,124748,3096,1255,"",1.80,0.22,0.22,0.27,0.14,0.18,0.30,0.60,"",3,37.5,4,44.4,3,30.0,5,45.5,73074,47.0,31382,33.6,535,20.9,60,5.0
"08069","5","518210","78","0","2018","1","",53,515,516,523,8141754,5290485,112897,1209,"",1.86,1.44,1.43,1.45,0.74,1.34,1.69,0.51,"",19,55.9,28,5.7,35,7.3,45,9.4,1194123,17.2,125482,2.4,-43196,-27.7,100,9.0
"08071","5","518210","78","0","2018","1","N",1,0,0,0,0,0,0,0,"N",0.75,0,0,0,0,0,0,0,"N",0,0.0,0,0,0,0,0,0,0,0,0,0,0,0,0,0
"08075","5","518210","78","0","2018","1","-",0,0,0,0,0,0,0,0,"N",0.00,0,0,0,0,0,0,0,"N",0,0,0,0,0,0,0,0,0,0,0,0,0,0,0,0
"08077","5","518210","78","0","2018","1","",9,47,48,49,817825,522297,5377,1311,"",0.80,0.34,0.35,0.35,0.23,0.37,0.18,0.68,"",1,12.5,-3,-6.0,6,14.3,-1,-2.0,-186391,-18.6,-13988,-2.6,-974,-15.3,-321,-19.7
"08083","5","518210","78","0","2018","1","N",2,0,0,0,0,0,0,0,"N",0.94,0,0,0,0,0,0,0,"N",0,0.0,0,0,0,0,0,0,0,0,0,0,0,0,0,0
"08085","5","518210","78","0","2018","1","N",1,0,0,0,0,0,0,0,"N",0.31,0,0,0,0,0,0,0,"N",-2,-66.7,0,0,0,0,0,0,0,0,0,0,0,0,0,0
"08089","5","518210","78","0","2018","1","N",1,0,0,0,0,0,0,0,"N",0.85,0,0,0,0,0,0,0,"N",0,0.0,0,0,0,0,0,0,0,0,0,0,0,0,0,0
"08091","5","518210","78","0","2018","1","-",0,0,0,0,0,0,0,0,"N",0.00,0,0,0,0,0,0,0,"N",0,0,0,0,0,0,0,0,0,0,0,0,0,0,0,0
"08093","5","518210","78","0","2018","1","",3,5,5,6,75419,48890,1333,1088,"",2.36,0.94,0.93,1.11,0.64,0.75,1.55,0.64,"",0,0.0,-1,-16.7,-1,-16.7,0,0.0,-9134,-10.8,-3498,-6.7,110,9.0,4,0.4
"08097","5","518210","78","0","2018","1","N",2,0,0,0,0,0,0,0,"N",0.48,0,0,0,0,0,0,0,"N",1,100.0,0,0,0,0,0,0,0,0,0,0,0,0,0,0
"08101","5","518210","78","0","2018","1","N",4,0,0,0,0,0,0,0,"N",0.50,0,0,0,0,0,0,0,"N",0,0.0,0,0,0,0,0,0,0,0,0,0,0,0,0,0
"08107","5","518210","78","0","2018","1","N",2,0,0,0,0,0,0,0,"N",0.48,0,0,0,0,0,0,0,"N",1,100.0,0,0,0,0,0,0,0,0,0,0,0,0,0,0
"08111","5","518210","78","0","2018","1","N",1,0,0,0,0,0,0,0,"N",5.51,0,0,0,0,0,0,0,"N",0,0.0,0,0,0,0,0,0,0,0,0,0,0,0,0,0
"08113","5","518210","78","0","2018","1","N",2,0,0,0,0,0,0,0,"N",1.23,0,0,0,0,0,0,0,"N",0,0.0,0,0,0,0,0,0,0,0,0,0,0,0,0,0
"08117","5","518210","78","0","2018","1","",5,10,10,10,228522,95732,1552,1758,"",0.94,0.18,0.18,0.18,0.19,0.14,0.16,1.04,"",1,25.0,1,11.1,1,11.1,1,11.1,31824,16.2,6415,7.2,323,26.3,77,4.6
"08119","5","518210","78","0","2018","1","N",3,0,0,0,0,0,0,0,"N",1.45,0,0,0,0,0,0,0,"N",0,0.0,0,0,0,0,0,0,0,0,0,0,0,0,0,0
"08123","5","518210","78","0","2018","1","",26,59,64,64,1416845,620470,16481,1748,"",1.51,0.24,0.26,0.26,0.19,0.19,0.27,0.73,"",3,13.0,-27,-31.4,-14,-17.9,-19,-22.9,-311153,-18.0,-376637,-37.8,-2157,-11.6,134,8.3
"08999","5","518210","78","0","2018","1","N",4,0,0,0,0,0,0,0,"N",0.67,0,0,0,0,0,0,0,"N",-3,-42.9,0,0,0,0,0,0,0,0,0,0,0,0,0,0
"09000","3","518210","58","0","2018","1","N",1,0,0,0,0,0,0,0,"N",0.83,0,0,0,0,0,0,0,"N",0,0.0,0,0,0,0,0,0,0,0,0,0,0,0,0,0
"09000","5","518210","58","0","2018","1","",204,1847,1845,1840,47083875,24433748,825848,1964,"",0.74,0.49,0.49,0.49,0.29,0.50,0.47,0.59,"",42,25.9,327,21.5,342,22.8,352,23.7,9808474,26.3,5090048,26.3,108471,15.1,57,3.0
"09001","5","518210","78","0","2018","1","",74,343,336,327,10519952,4503470,183946,2413,"",0.90,0.36,0.36,0.35,0.19,0.32,0.37,0.53,"",19,34.5,10,3.0,0,0.0,3,0.9,-26284,-0.2,284800,6.8,9673,5.6,-38,-1.6
"09003","5","518210","78","0","2018","1","",40,800,805,813,18281603,10982273,340373,1745,"",0.62,0.70,0.70,0.71,0.36,0.68,0.61,0.52,"",3,8.1,65,8.8,73,10.0,82,11.2,687719,3.9,1296259,13.4,3916,1.2,-102,-5.5
"09005","5","518210","78","0","2018","1","",8,21,19,18,184942,140665,3423,736,"",0.58,0.15,0.14,0.13,0.05,0.09,0.06,0.36,"",-1,-11.1,3,16.7,2,11.8,1,5.9,-75896,-29.1,-5842,-4.0,-1009,-22.8,-422,-36.4
"09007","5","518210","78","0","2018","1","N",4,0,0,0,0,0,0,0,"N",0.33,0,0,0,0,0,0,0,"N",1,33.3,0,0,0,0,0,0,0,0,0,0,0,0,0,0
"09009","5","518210","78","0","2018","1","",31,273,270,266,4756776,2613957,77748,1357,"",0.55,0.33,0.33,0.32,0.18,0.29,0.23,0.54,"",8,34.8,67,32.5,83,44.4,80,43.0,2086024,78.1,837950,47.2,19668,33.9,293,27.5
"09011","3","518210","78","0","2018","1","N",1,0,0,0,0,0,0,0,"N",13.08,0,0,0,0,0,0,0,"N",0,0.0,0,0,0,0,0,0,0,0,0,0,0,0,0,0
"09011","5","518210","78","0","2018","1","",9,29,28,27,551354,330302,12746,1515,"",0.52,0.10,0.10,0.10,0.06,0.10,0.12,0.57,"",2,28.6,-2,-6.5,-5,-15.2,-4,-12.9,32732,6.3,-15655,-4.5,-5961,-31.9,255,20.2
"09013","5","518210","78","0","2018","1","",7,11,10,10,137856,98493,4973,1026,"",0.94,0.12,0.11,0.11,0.05,0.12,0.17,0.45,"N",4,133.3,0,0,0,0,0,0,0,0,0,0,0,0,0,0
"09015","5","518210","78","0","2018","1","N",1,0,0,0,0,0,0,0,"N",0.15,0,0,0,0,0,0,0,"N",0,0.0,0,0,0,0,0,0,0,0,0,0,0,0,0,0
"09999","5","518210","78","0","2018","1","",30,367,368,370,12345837,5619926,199380,2578,"",2.03,3.91,3.90,3.92,1.89,2.90,2.79,0.48,"",6,25.0,185,101.6,183,98.9,184,98.9,6887581,126.2,2573350,84.5,80014,67.0,300,13.2
"10000","2","518210","58","0","2018","1","N",1,0,0,0,0,0,0,0,"N",16.13,0,0,0,0,0,0,0,"N",0,0.0,0,0,0,0,0,0,0,0,0,0,0,0,0,0
"10000","5","518210","58","0","2018","1","",100,540,538,535,11840082,6677937,111505,1694,"",1.35,0.54,0.54,0.54,0.33,0.51,0.58,0.62,"",9,9.9,-238,-30.6,-230,-29.9,-240,-31.0,-5416125,-31.4,-5288715,-44.2,-70428,-38.7,-22,-1.3
"10001","2","518210","78","0","2018","1","N",1,0,0,0,0,0,0,0,"N",126.24,0,0,0,0,0,0,0,"N",0,0.0,0,0,0,0,0,0,0,0,0,0,0,0,0,0
"10001","5","518210","78","0","2018","1","",13,11,12,11,487494,186912,3369,3309,"",1.37,0.07,0.08,0.07,0.13,0.14,0.16,1.71,"",2,18.2,-1,-8.3,0,0.0,0,0.0,28620,6.2,-25420,-12.0,-1378,-29.0,283,9.4
"10003","5","518210","78","0","2018","1","",64,478,475,475,8878505,5856568,96613,1435,"",1.39,0.73,0.73,0.73,0.33,0.63,0.72,0.45,"",7,12.3,-245,-33.9,-229,-32.5,-238,-33.4,-6318528,-41.6,-5276064,-47.4,-69541,-41.9,-204,-12.4
"10005","5","518210","78","0","2018","1","N",16,0,0,0,0,0,0,0,"N",1.00,0,0,0,0,0,0,0,"N",1,6.7,0,0,0,0,0,0,0,0,0,0,0,0,0,0
"10999","5","518210","78","0","2018","1","N",7,0,0,0,0,0,0,0,"N",2.43,0,0,0,0,0,0,0,"N",-1,-12.5,0,0,0,0,0,0,0,0,0,0,0,0,0,0
"11000","5","518210","58","0","2018","1","",185,770,772,761,20922816,7081204,184822,2097,"",2.04,0.44,0.44,0.43,0.21,0.48,0.50,0.48,"",39,26.7,237,44.5,247,47.0,240,46.1,6857568,48.8,2032030,40.2,60865,49.1,41,2.0
"11001","5","518210","78","0","2018","1","",185,770,772,761,20922816,7081204,184822,2097,"",2.04,0.44,0.44,0.43,0.21,0.48,0.50,0.48,"",39,26.7,237,44.5,247,47.0,240,46.1,6857568,48.8,2032030,40.2,60865,49.1,41,2.0
"12000","2","518210","58","0","2018","1","N",1,0,0,0,0,0,0,0,"N",0.77,0,0,0,0,0,0,0,"N",0,0.0,0,0,0,0,0,0,0,0,0,0,0,0,0,0
"12000","3","518210","58","0","2018","1","N",2,0,0,0,0,0,0,0,"N",0.29,0,0,0,0,0,0,0,"N",0,0.0,0,0,0,0,0,0,0,0,0,0,0,0,0,0
"12000","5","518210","58","0","2018","1","",1606,18716,18857,18671,627161665,135940799,1414096,2573,"",1.03,0.96,0.95,0.94,1.08,0.80,1.04,1.14,"",37,2.4,736,4.1,674,3.7,563,3.1,47099992,8.1,-935350,-0.7,-423971,-23.1,106,4.3
"12001","5","518210","78","0","2018","1","N",8,0,0,0,0,0,0,0,"N",0.49,0,0,0,0,0,0,0,"N",1,14.3,0,0,0,0,0,0,0,0,0,0,0,0,0,0
"12005","5","518210","78","0","2018","1","N",2,0,0,0,0,0,0,0,"N",0.16,0,0,0,0,0,0,0,"N",0,0.0,0,0,0,0,0,0,0,0,0,0,0,0,0,0
"12009","5","518210","78","0","2018","1","",23,103,111,111,2495015,800141,14256,1772,"",0.63,0.21,0.23,0.23,0.18,0.20,0.46,0.82,"",-3,-11.5,-19,-15.6,-15,-11.9,-11,-9.0,-97951,-3.8,-79814,-9.1,644,4.7,155,9.6
"12011","5","518210","78","0","2018","1","",157,4277,4233,4224,218195185,29670928,236942,3954,"",0.99,2.33,2.29,2.29,3.81,1.81,1.63,1.65,"",-2,-1.3,77,1.8,27,0.6,31,0.7,50034454,29.8,395090,1.3,-126003,-34.7,874,28.4
"12015","5","518210","78","0","2018","1","N",7,0,0,0,0,0,0,0,"N",0.66,0,0,0,0,0,0,0,"N",2,40.0,0,0,0,0,0,0,0,0,0,0,0,0,0,0
"12017","5","518210","78","0","2018","1","",5,6,7,7,88740,47124,178,1024,"",0.70,0.08,0.09,0.09,0.06,0.08,0.05,0.61,"N",3,150.0,0,0,0,0,0,0,0,0,0,0,0,0,0,0
"12019","5","518210","78","0","2018","1","N",3,0,0,0,0,0,0,0,"N",0.29,0,0,0,0,0,0,0,"N",0,0.0,0,0,0,0,0,0,0,0,0,0,0,0,0,0
"12021","5","518210","78","0","2018","1","",13,17,17,15,298173,116869,1188,1404,"",0.40,0.05,0.05,0.04,0.03,0.04,0.05,0.66,"",2,18.2,3,21.4,0,0.0,-1,-6.2,-31342,-9.5,2584,2.3,-1705,-58.9,-214,-13.2
"12023","5","518210","78","0","2018","1","N",1,0,0,0,0,0,0,0,"N",0.28,0,0,0,0,0,0,0,"N",0,0.0,0,0,0,0,0,0,0,0,0,0,0,0,0,0
"12031","3","518210","78","0","2018","1","N",1,0,0,0,0,0,0,0,"N",3.36,0,0,0,0,0,0,0,"N",0,0.0,0,0,0,0,0,0,0,0,0,0,0,0,0,0
"12031","5","518210","78","0","2018","1","",72,1745,1887,1892,82318519,16852542,102317,3439,"",1.06,1.51,1.62,1.62,2.17,1.67,1.24,1.37,"",-3,-4.0,-70,-3.9,20,1.1,49,2.7,-34202940,-29.4,-5888285,-25.9,-91106,-47.1,-1428,-29.3
"12033","5","518210","78","0","2018","1","N",4,0,0,0,0,0,0,0,"N",0.22,0,0,0,0,0,0,0,"N",-1,-20.0,0,0,0,0,0,0,0,0,0,0,0,0,0,0
"12035","5","518210","78","0","2018","1","N",9,0,0,0,0,0,0,0,"N",1.57,0,0,0,0,0,0,0,"N",1,12.5,0,0,0,0,0,0,0,0,0,0,0,0,0,0
"12041","5","518210","78","0","2018","1","N",1,0,0,0,0,0,0,0,"N",1.31,0,0,0,0,0,0,0,"N",0,0.0,0,0,0,0,0,0,0,0,0,0,0,0,0,0
"12053","5","518210","78","0","2018","1","N",5,0,0,0,0,0,0,0,"N",0.59,0,0,0,0,0,0,0,"N",1,25.0,0,0,0,0,0,0,0,0,0,0,0,0,0,0
"12055","5","518210","78","0","2018","1","N",1,0,0,0,0,0,0,0,"N",0.19,0,0,0,0,0,0,0,"N",1,100.0,0,0,0,0,0,0,0,0,0,0,0,0,0,0
"12057","5","518210","78","0","2018","1","",119,2833,2907,2804,90150509,20266908,142098,2435,"",1.22,1.83,1.86,1.79,1.76,1.47,1.29,0.96,"",11,10.2,211,8.0,262,9.9,129,4.8,9276298,11.5,1304834,6.9,-76729,-35.1,85,3.6
"12061","5","518210","78","0","2018","1","",10,39,40,43,621917,269526,955,1176,"",0.86,0.32,0.33,0.35,0.21,0.27,0.11,0.64,"",1,11.1,4,11.4,3,8.1,10,30.3,267271,75.4,53476,24.8,214,28.9,397,51.0
"12063","5","518210","78","0","2018","1","N",1,0,0,0,0,0,0,0,"N",0.47,0,0,0,0,0,0,0,"N",0,0.0,0,0,0,0,0,0,0,0,0,0,0,0,0,0
"12069","5","518210","78","0","2018","1","N",10,0,0,0,0,0,0,0,"N",0.53,0,0,0,0,0,0,0,"N",4,66.7,0,0,0,0,0,0,0,0,0,0,0,0,0,0
"12071","5","518210","78","0","2018","1","",38,164,187,184,4715128,1349761,16815,2034,"",0.75,0.28,0.31,0.30,0.31,0.27,0.46,1.03,"",6,18.8,3,1.9,16,9.4,17,10.2,752307,19.0,176939,15.1,-3242,-16.2,201,11.0
"12073","2","518210","78","0","2018","1","N",1,0,0,0,0,0,0,0,"N",59.96,0,0,0,0,0,0,0,"N",0,0.0,0,0,0,0,0,0,0,0,0,0,0,0,0,0
"12073","3","518210","78","0","2018","1","N",1,0,0,0,0,0,0,0,"N",11.39,0,0,0,0,0,0,0,"N",0,0.0,0,0,0,0,0,0,0,0,0,0,0,0,0,0
"12073","5","518210","78","0","2018","1","",21,794,735,681,8282779,3902113,93382,865,"",1.05,2.33,2.13,1.98,0.94,1.98,6.46,0.44,"",-2,-8.7,186,30.6,-7,-0.9,-25,-3.5,874729,11.8,210659,5.7,36549,64.3,34,4.1
"12081","5","518210","78","0","2018","1","",23,35,33,33,758341,209253,2333,1733,"",0.92,0.12,0.12,0.12,0.11,0.08,0.11,0.91,"",0,0.0,-19,-35.2,-30,-47.6,-44,-57.1,87835,13.1,-97210,-31.7,-2542,-52.1,935,117.2
"12083","5","518210","78","0","2018","1","N",6,0,0,0,0,0,0,0,"N",0.31,0,0,0,0,0,0,0,"N",1,20.0,0,0,0,0,0,0,0,0,0,0,0,0,0,0
"12085","5","518210","78","0","2018","1","N",11,0,0,0,0,0,0,0,"N",0.76,0,0,0,0,0,0,0,"N",0,0.0,0,0,0,0,0,0,0,0,0,0,0,0,0,0
"12086","5","518210","78","0","2018","1","",163,830,839,838,25129556,5956738,84264,2313,"",0.72,0.32,0.32,0.32,0.29,0.26,0.41,0.91,"",6,3.8,13,1.6,29,3.6,39,4.9,2100058,9.1,189985,3.3,-51202,-37.8,122,5.6
"12087","5","518210","78","0","2018","1","N",3,0,0,0,0,0,0,0,"N",0.29,0,0,0,0,0,0,0,"N",1,50.0,0,0,0,0,0,0,0,0,0,0,0,0,0,0
"12089","5","518210","78","0","2018","1","N",3,0,0,0,0,0,0,0,"N",0.60,0,0,0,0,0,0,0,"N",0,0.0,0,0,0,0,0,0,0,0,0,0,0,0,0,0
"12091","5","518210","78","0","2018","1","",14,107,108,110,1562421,652274,4647,1109,"",0.94,0.57,0.57,0.57,0.32,0.45,0.43,0.57,"",1,7.7,26,32.1,29,36.7,35,46.7,589668,60.6,171503,35.7,137,3.0,154,16.1
"12095","5","518210","78","0","2018","1","",118,1964,1926,1914,37776503,13161503,198495,1502,"",1.21,1.03,1.00,0.99,0.67,0.78,1.66,0.67,"",6,5.4,129,7.0,117,6.5,132,7.4,3700695,10.9,797906,6.5,7350,3.8,53,3.7
"12097","5","518210","78","0","2018","1","N",9,0,0,0,0,0,0,0,"N",0.55,0,0,0,0,0,0,0,"N",1,12.5,0,0,0,0,0,0,0,0,0,0,0,0,0,0
"12099","5","518210","78","0","2018","1","",145,751,752,764,21192712,5321279,52848,2157,"",1.12,0.54,0.54,0.55,0.47,0.41,0.48,0.87,"",5,3.6,-9,-1.2,31,4.3,30,4.1,152065,0.7,-161998,-3.0,-4595,-8.0,-35,-1.6
"12101","5","518210","78","0","2018","1","",10,16,14,14,142744,96701,1346,749,"",0.40,0.06,0.05,0.05,0.02,0.05,0.09,0.45,"",-2,-16.7,-18,-52.9,-23,-62.2,-23,-62.2,-179392,-55.7,-109164,-53.0,-2870,-68.1,61,8.9
"12103","5","518210","78","0","2018","1","",80,913,910,904,20204601,6418052,81768,1710,"",1.05,0.94,0.92,0.91,0.73,0.76,1.21,0.79,"",3,3.9,32,3.6,22,2.5,4,0.4,1239697,6.5,255216,4.1,-49948,-37.9,70,4.3
"12105","5","518210","78","0","2018","1","",12,55,53,55,958319,367738,3576,1357,"",0.39,0.11,0.11,0.11,0.08,0.09,0.13,0.72,"",6,100.0,18,48.6,19,55.9,19,52.8,477009,99.1,133243,56.8,-1550,-30.2,319,30.7
"12109","5","518210","78","0","2018","1","",21,32,35,35,535020,215612,1759,1210,"",1.24,0.19,0.20,0.20,0.11,0.15,0.17,0.56,"",5,31.2,7,28.0,10,40.0,10,40.0,205088,62.2,66760,44.8,-665,-27.4,195,19.2
"12111","5","518210","78","0","2018","1","",5,7,6,6,61330,22134,491,745,"",0.34,0.04,0.03,0.03,0.02,0.02,0.04,0.42,"N",2,66.7,0,0,0,0,0,0,0,0,0,0,0,0,0,0
"12113","5","518210","78","0","2018","1","",4,6,6,5,81866,36600,624,1111,"",0.51,0.07,0.07,0.06,0.04,0.06,0.14,0.67,"N",0,0.0,0,0,0,0,0,0,0,0,0,0,0,0,0,0
"12115","5","518210","78","0","2018","1","",19,53,56,56,1291518,350274,3253,1806,"",0.52,0.14,0.14,0.14,0.12,0.10,0.13,0.85,"",1,5.6,-13,-19.7,-6,-9.7,-14,-20.0,184144,16.6,-72463,-17.1,-5480,-62.8,515,39.9
"12117","5","518210","78","0","2018","1","",37,1344,1368,1344,30395918,8846307,63356,1729,"",1.08,3.09,3.10,3.05,2.47,2.26,2.09,0.80,"",-6,-14.0,-31,-2.3,2,0.1,-15,-1.1,2264125,8.0,-443332,-4.8,-16170,-20.3,146,9.2
"12119","5","518210","78","0","2018","1","N",2,0,0,0,0,0,0,0,"N",0.46,0,0,0,0,0,0,0,"N",0,0.0,0,0,0,0,0,0,0,0,0,0,0,0,0,0
"12123","5","518210","78","0","2018","1","N",1,0,0,0,0,0,0,0,"N",0.99,0,0,0,0,0,0,0,"N",1,100.0,0,0,0,0,0,0,0,0,0,0,0,0,0,0
"12127","5","518210","78","0","2018","1","",20,54,53,52,900867,353787,2742,1307,"",0.61,0.14,0.13,0.13,0.10,0.12,0.12,0.75,"",2,11.1,7,14.9,4,8.2,4,8.3,149087,19.8,64582,22.3,445,19.4,102,8.5
"12129","5","518210","78","0","2018","1","N",1,0,0,0,0,0,0,0,"N",0.81,0,0,0,0,0,0,0,"N",1,100.0,0,0,0,0,0,0,0,0,0,0,0,0,0,0
"12131","5","518210","78","0","2018","1","",7,30,32,40,540586,239199,4707,1223,"",1.15,0.54,0.56,0.67,0.44,0.53,1.41,0.74,"",3,75.0,23,328.6,25,357.1,33,471.4,366986,211.4,196884,465.3,4437,1643.3,-685,-35.9
"12133","5","518210","78","0","2018","1","N",1,0,0,0,0,0,0,0,"N",0.96,0,0,0,0,0,0,0,"N",0,0.0,0,0,0,0,0,0,0,0,0,0,0,0,0,0
"12999","5","518210","78","0","2018","1","",381,1935,1938,1934,72743800,17075341,248709,2891,"",4.00,3.08,3.03,3.03,2.28,2.26,3.36,0.75,"",-21,-5.2,206,11.9,164,9.2,170,9.6,9061304,14.2,2028667,13.5,-30178,-10.8,101,3.6
"13000","5","518210","58","0","2018","1","",706,12147,12346,12419,392343182,113203693,1814138,2453,"",1.11,1.23,1.24,1.24,1.21,1.10,1.17,0.98,"",97,15.9,1020,9.2,1193,10.7,1181,10.5,50282183,14.7,4863669,4.5,-81938,-4.3,98,4.2
"13009","5","518210","78","0","2018","1","N",2,0,0,0,0,0,0,0,"N",1.08,0,0,0,0,0,0,0,"N",2,100.0,0,0,0,0,0,0,0,0,0,0,0,0,0,0
"13013","5","518210","78","0","2018","1","N",2,0,0,0,0,0,0,0,"N",0.74,0,0,0,0,0,0,0,"N",-1,-33.3,0,0,0,0,0,0,0,0,0,0,0,0,0,0
"13015","5","518210","78","0","2018","1","N",1,0,0,0,0,0,0,0,"N",0.20,0,0,0,0,0,0,0,"N",1,100.0,0,0,0,0,0,0,0,0,0,0,0,0,0,0
"13021","5","518210","78","0","2018","1","N",4,0,0,0,0,0,0,0,"N",0.42,0,0,0,0,0,0,0,"N",0,0.0,0,0,0,0,0,0,0,0,0,0,0,0,0,0
"13025","5","518210","78","0","2018","1","N",1,0,0,0,0,0,0,0,"N",2.04,0,0,0,0,0,0,0,"N",1,100.0,0,0,0,0,0,0,0,0,0,0,0,0,0,0
"13033","5","518210","78","0","2018","1","N",1,0,0,0,0,0,0,0,"N",1.15,0,0,0,0,0,0,0,"N",1,100.0,0,0,0,0,0,0,0,0,0,0,0,0,0,0
"13039","5","518210","78","0","2018","1","N",1,0,0,0,0,0,0,0,"N",0.49,0,0,0,0,0,0,0,"N",1,100.0,0,0,0,0,0,0,0,0,0,0,0,0,0,0
"13045","5","518210","78","0","2018","1","N",2,0,0,0,0,0,0,0,"N",0.41,0,0,0,0,0,0,0,"N",1,100.0,0,0,0,0,0,0,0,0,0,0,0,0,0,0
"13047","5","518210","78","0","2018","1","N",1,0,0,0,0,0,0,0,"N",0.46,0,0,0,0,0,0,0,"N",0,0.0,0,0,0,0,0,0,0,0,0,0,0,0,0,0
"13051","5","518210","78","0","2018","1","",8,53,51,50,1526897,413073,3627,2288,"",0.44,0.15,0.15,0.14,0.16,0.12,0.08,1.08,"",2,33.3,5,10.4,2,4.1,2,4.2,312985,25.8,39876,10.7,6,0.2,356,18.4
"13057","5","518210","78","0","2018","1","N",14,0,0,0,0,0,0,0,"N",1.07,0,0,0,0,0,0,0,"N",2,16.7,0,0,0,0,0,0,0,0,0,0,0,0,0,0
"13059","5","518210","78","0","2018","1","N",2,0,0,0,0,0,0,0,"N",0.28,0,0,0,0,0,0,0,"N",0,0.0,0,0,0,0,0,0,0,0,0,0,0,0,0,0
"13063","5","518210","78","0","2018","1","N",3,0,0,0,0,0,0,0,"N",0.33,0,0,0,0,0,0,0,"N",0,0.0,0,0,0,0,0,0,0,0,0,0,0,0,0,0
"13067","5","518210","78","0","2018","1","",69,887,878,884,29750690,7896160,126823,2592,"",1.38,1.10,1.08,1.08,1.00,0.85,0.89,0.93,"",1,1.5,-144,-14.0,-150,-14.6,-140,-13.7,-15748117,-34.6,-1328862,-14.4,-15811,-11.1,-814,-23.9
"13073","5","518210","78","0","2018","1","",6,31,31,30,822501,425299,5051,2063,"",1.04,0.40,0.40,0.39,0.48,0.63,0.51,1.20,"N",2,50.0,0,0,0,0,0,0,0,0,0,0,0,0,0,0
"13077","5","518210","78","0","2018","1","N",5,0,0,0,0,0,0,0,"N",0.84,0,0,0,0,0,0,0,"N",1,25.0,0,0,0,0,0,0,0,0,0,0,0,0,0,0
"13085","5","518210","78","0","2018","1","N",1,0,0,0,0,0,0,0,"N",0.63,0,0,0,0,0,0,0,"N",1,100.0,0,0,0,0,0,0,0,0,0,0,0,0,0,0
"13089","5","518210","78","0","2018","1","",37,877,882,886,23199482,8645047,81561,2024,"",0.91,1.30,1.30,1.31,0.99,1.28,0.86,0.76,"",1,2.8,-30,-3.3,-33,-3.6,-68,-7.1,-2291196,-9.0,-379100,-4.2,-17625,-17.8,-95,-4.5
"13091","5","518210","78","0","2018","1","-",0,0,0,0,0,0,0,0,"N",0.00,0,0,0,0,0,0,0,"N",0,0,0,0,0,0,0,0,0,0,0,0,0,0,0,0
"13095","5","518210","78","0","2018","1","N",3,0,0,0,0,0,0,0,"N",0.57,0,0,0,0,0,0,0,"N",-1,-25.0,0,0,0,0,0,0,0,0,0,0,0,0,0,0
"13097","5","518210","78","0","2018","1","N",4,0,0,0,0,0,0,0,"N",0.66,0,0,0,0,0,0,0,"N",3,300.0,0,0,0,0,0,0,0,0,0,0,0,0,0,0
"13105","5","518210","78","0","2018","1","-",0,0,0,0,0,0,0,0,"N",0.00,0,0,0,0,0,0,0,"N",0,0,0,0,0,0,0,0,0,0,0,0,0,0,0,0
"13113","5","518210","78","0","2018","1","N",4,0,0,0,0,0,0,0,"N",0.49,0,0,0,0,0,0,0,"N",0,0.0,0,0,0,0,0,0,0,0,0,0,0,0,0,0
"13117","5","518210","78","0","2018","1","N",19,0,0,0,0,0,0,0,"N",1.40,0,0,0,0,0,0,0,"N",6,46.2,0,0,0,0,0,0,0,0,0,0,0,0,0,0
"13121","5","518210","78","0","2018","1","",199,6437,6499,6474,237610387,61733060,998864,2825,"",2.00,3.28,3.30,3.28,2.43,2.56,2.73,0.74,"",36,22.1,1869,40.9,1904,41.4,1833,39.5,83101839,53.8,16272367,35.8,109042,12.3,242,9.4
"13123","5","518210","78","0","2018","1","N",2,0,0,0,0,0,0,0,"N",1.50,0,0,0,0,0,0,0,"N",1,100.0,0,0,0,0,0,0,0,0,0,0,0,0,0,0
"13127","5","518210","78","0","2018","1","N",1,0,0,0,0,0,0,0,"N",0.16,0,0,0,0,0,0,0,"N",0,0.0,0,0,0,0,0,0,0,0,0,0,0,0,0,0
"13129","5","518210","78","0","2018","1","N",1,0,0,0,0,0,0,0,"N",0.42,0,0,0,0,0,0,0,"N",0,0.0,0,0,0,0,0,0,0,0,0,0,0,0,0,0
"13135","5","518210","78","0","2018","1","",65,1535,1529,1533,56571545,15988297,213625,2840,"",1.14,1.93,1.91,1.91,2.26,1.79,1.71,1.18,"",-8,-11.0,-1038,-40.3,-872,-36.3,-878,-36.4,-19378124,-25.5,-11848815,-42.6,-175202,-45.1,467,19.7
"13139","5","518210","78","0","2018","1","N",2,0,0,0,0,0,0,0,"N",0.20,0,0,0,0,0,0,0,"N",1,100.0,0,0,0,0,0,0,0,0,0,0,0,0,0,0
"13143","5","518210","78","0","2018","1","N",1,0,0,0,0,0,0,0,"N",0.92,0,0,0,0,0,0,0,"N",0,0.0,0,0,0,0,0,0,0,0,0,0,0,0,0,0
"13145","5","518210","78","0","2018","1","N",2,0,0,0,0,0,0,0,"N",1.93,0,0,0,0,0,0,0,"N",1,100.0,0,0,0,0,0,0,0,0,0,0,0,0,0,0
"13151","5","518210","78","0","2018","1","",7,52,53,54,751876,415910,5038,1091,"",0.80,0.39,0.39,0.40,0.25,0.36,0.32,0.63,"",0,0.0,-1,-1.9,-1,-1.9,-1,-1.8,13590,1.8,-35146,-7.8,-3107,-38.1,39,3.7
"13153","5","518210","78","0","2018","1","N",1,0,0,0,0,0,0,0,"N",0.16,0,0,0,0,0,0,0,"N",-3,-75.0,0,0,0,0,0,0,0,0,0,0,0,0,0,0
"13157","5","518210","78","0","2018","1","N",2,0,0,0,0,0,0,0,"N",0.61,0,0,0,0,0,0,0,"N",1,100.0,0,0,0,0,0,0,0,0,0,0,0,0,0,0
"13163","5","518210","78","0","2018","1","-",0,0,0,0,0,0,0,0,"N",0.00,0,0,0,0,0,0,0,"N",0,0,0,0,0,0,0,0,0,0,0,0,0,0,0,0
"13177","5","518210","78","0","2018","1","N",1,0,0,0,0,0,0,0,"N",0.95,0,0,0,0,0,0,0,"N",0,0.0,0,0,0,0,0,0,0,0,0,0,0,0,0,0
"13185","5","518210","78","0","2018","1","N",1,0,0,0,0,0,0,0,"N",0.15,0,0,0,0,0,0,0,"N",0,0.0,0,0,0,0,0,0,0,0,0,0,0,0,0,0
"13187","5","518210","78","0","2018","1","N",1,0,0,0,0,0,0,0,"N",0.83,0,0,0,0,0,0,0,"N",0,0.0,0,0,0,0,0,0,0,0,0,0,0,0,0,0
"13189","5","518210","78","0","2018","1","N",1,0,0,0,0,0,0,0,"N",1.00,0,0,0,0,0,0,0,"N",0,0.0,0,0,0,0,0,0,0,0,0,0,0,0,0,0
"13207","5","518210","78","0","2018","1","N",1,0,0,0,0,0,0,0,"N",0.84,0,0,0,0,0,0,0,"N",0,0.0,0,0,0,0,0,0,0,0,0,0,0,0,0,0
"13215","5","518210","78","0","2018","1","N",5,0,0,0,0,0,0,0,"N",0.48,0,0,0,0,0,0,0,"N",1,25.0,0,0,0,0,0,0,0,0,0,0,0,0,0,0
"13217","5","518210","78","0","2018","1","N",2,0,0,0,0,0,0,0,"N",0.56,0,0,0,0,0,0,0,"N",0,0.0,0,0,0,0,0,0,0,0,0,0,0,0,0,0
"13219","5","518210","78","0","2018","1","N",1,0,0,0,0,0,0,0,"N",0.40,0,0,0,0,0,0,0,"N",0,0.0,0,0,0,0,0,0,0,0,0,0,0,0,0,0
"13223","5","518210","78","0","2018","1","N",4,0,0,0,0,0,0,0,"N",0.84,0,0,0,0,0,0,0,"N",1,33.3,0,0,0,0,0,0,0,0,0,0,0,0,0,0
"13231","5","518210","78","0","2018","1","N",1,0,0,0,0,0,0,0,"N",1.66,0,0,0,0,0,0,0,"N",0,0.0,0,0,0,0,0,0,0,0,0,0,0,0,0,0
"13245","5","518210","78","0","2018","1","N",3,0,0,0,0,0,0,0,"N",0.30,0,0,0,0,0,0,0,"N",-1,-25.0,0,0,0,0,0,0,0,0,0,0,0,0,0,0
"13247","5","518210","78","0","2018","1","N",1,0,0,0,0,0,0,0,"N",0.22,0,0,0,0,0,0,0,"N",-1,-50.0,0,0,0,0,0,0,0,0,0,0,0,0,0,0
"13255","5","518210","78","0","2018","1","N",1,0,0,0,0,0,0,0,"N",0.36,0,0,0,0,0,0,0,"N",1,100.0,0,0,0,0,0,0,0,0,0,0,0,0,0,0
"13285","5","518210","78","0","2018","1","N",1,0,0,0,0,0,0,0,"N",0.28,0,0,0,0,0,0,0,"N",0,0.0,0,0,0,0,0,0,0,0,0,0,0,0,0,0
"13291","5","518210","78","0","2018","1","N",1,0,0,0,0,0,0,0,"N",0.76,0,0,0,0,0,0,0,"N",0,0.0,0,0,0,0,0,0,0,0,0,0,0,0,0,0
"13297","5","518210","78","0","2018","1","-",0,0,0,0,0,0,0,0,"N",0.00,0,0,0,0,0,0,0,"N",-1,-100.0,0,0,0,0,0,0,0,0,0,0,0,0,0,0
"13299","5","518210","78","0","2018","1","N",1,0,0,0,0,0,0,0,"N",0.49,0,0,0,0,0,0,0,"N",1,100.0,0,0,0,0,0,0,0,0,0,0,0,0,0,0
"13999","5","518210","78","0","2018","1","",207,1288,1486,1562,30922626,10887739,255998,1646,"",3.01,4.58,5.05,5.32,2.23,2.52,2.90,0.45,"",45,27.8,194,17.7,229,18.2,306,24.4,2782794,9.9,1059456,10.8,-7113,-2.7,-154,-8.6
"15000","3","518210","58","0","2018","1","N",1,0,0,0,0,0,0,0,"N",2.39,0,0,0,0,0,0,0,"N",0,0.0,0,0,0,0,0,0,0,0,0,0,0,0,0,0
"15000","5","518210","58","0","2018","1","",95,357,360,360,6955424,6405305,77290,1490,"",1.00,0.24,0.24,0.24,0.16,0.29,0.32,0.67,"",1,1.1,-5,-1.4,-11,-3.0,-6,-1.6,-83347,-1.2,-78849,-1.2,12356,19.0,12,0.8
"15001","5","518210","78","0","2018","1","",15,17,17,17,208621,208621,4221,944,"",1.19,0.10,0.10,0.10,0.05,0.10,0.16,0.49,"",-1,-6.2,-1,-5.6,0,0.0,0,0.0,-234734,-52.9,-63025,-23.2,243,6.1,-1024,-52.0
"15003","3","518210","78","0","2018","1","N",1,0,0,0,0,0,0,0,"N",3.81,0,0,0,0,0,0,0,"N",0,0.0,0,0,0,0,0,0,0,0,0,0,0,0,0,0
"15003","5","518210","78","0","2018","1","",66,320,322,322,6241039,5789102,66302,1494,"",1.10,0.30,0.30,0.30,0.19,0.37,0.39,0.64,"",-2,-2.9,-8,-2.4,-14,-4.2,-13,-3.9,-84712,-1.3,-166050,-2.8,8805,15.3,33,2.3
"15007","5","518210","78","0","2018","1","N",3,0,0,0,0,0,0,0,"N",0.48,0,0,0,0,0,0,0,"N",0,0.0,0,0,0,0,0,0,0,0,0,0,0,0,0,0
"15009","5","518210","78","0","2018","1","N",7,0,0,0,0,0,0,0,"N",0.49,0,0,0,0,0,0,0,"N",3,75.0,0,0,0,0,0,0,0,0,0,0,0,0,0,0
"15999","5","518210","78","0","2018","1","N",4,0,0,0,0,0,0,0,"N",1.67,0,0,0,0,0,0,0,"N",1,33.3,0,0,0,0,0,0,0,0,0,0,0,0,0,0
"16000","3","518210","58","0","2018","1","N",1,0,0,0,0,0,0,0,"N",1.61,0,0,0,0,0,0,0,"N",0,0.0,0,0,0,0,0,0,0,0,0,0,0,0,0,0
"16000","5","518210","58","0","2018","1","",218,592,605,594,11615705,9681014,82502,1497,"",1.54,0.37,0.37,0.37,0.30,0.46,0.50,0.81,"",23,11.8,45,8.2,58,10.6,36,6.5,1569329,15.6,896779,10.2,-18465,-18.3,94,6.7
"16001","5","518210","78","0","2018","1","",55,277,282,277,5336564,4141602,34600,1473,"",1.50,0.51,0.52,0.50,0.35,0.51,0.57,0.68,"",11,25.0,18,6.9,17,6.4,16,6.1,612060,13.0,-184819,-4.3,-11006,-24.1,84,6.0
"16003","5","518210","78","0","2018","1","N",1,0,0,0,0,0,0,0,"N",2.40,0,0,0,0,0,0,0,"N",0,0.0,0,0,0,0,0,0,0,0,0,0,0,0,0,0
"16005","5","518210","78","0","2018","1","",3,11,12,12,256200,256200,2157,1689,"",0.57,0.15,0.16,0.16,0.16,0.30,0.34,1.05,"N",0,0.0,0,0,0,0,0,0,0,0,0,0,0,0,0,0
"16007","5","518210","78","0","2018","1","N",1,0,0,0,0,0,0,0,"N",1.90,0,0,0,0,0,0,0,"N",-1,-50.0,0,0,0,0,0,0,0,0,0,0,0,0,0,0
"16011","5","518210","78","0","2018","1","-",0,0,0,0,0,0,0,0,"N",0.00,0,0,0,0,0,0,0,"N",-1,-100.0,0,0,0,0,0,0,0,0,0,0,0,0,0,0
"16013","5","518210","78","0","2018","1","",4,7,8,6,81603,79372,739,897,"",1.08,0.24,0.27,0.21,0.12,0.19,0.23,0.50,"",-2,-33.3,1,16.7,3,60.0,1,20.0,-14745,-15.3,-13606,-14.6,-517,-41.2,-493,-35.5
"16015","5","518210","78","0","2018","1","N",1,0,0,0,0,0,0,0,"N",2.24,0,0,0,0,0,0,0,"N",0,0.0,0,0,0,0,0,0,0,0,0,0,0,0,0,0
"16017","5","518210","78","0","2018","1","",4,7,7,9,273173,164894,1455,2741,"",1.03,0.22,0.22,0.29,0.44,0.45,0.44,1.79,"",1,33.3,4,133.3,4,133.3,5,125.0,177333,185.0,115969,237.0,864,146.2,529,23.9
"16019","5","518210","78","0","2018","1","",8,20,13,13,117533,117533,884,590,"",0.90,0.18,0.11,0.11,0.04,0.08,0.08,0.33,"",2,33.3,2,11.1,-4,-23.5,-4,-23.5,-9619,-7.6,-7688,-6.1,-244,-21.6,26,4.6
"16021","5","518210","78","0","2018","1","N",1,0,0,0,0,0,0,0,"N",0.96,0,0,0,0,0,0,0,"N",0,0.0,0,0,0,0,0,0,0,0,0,0,0,0,0,0
"16027","5","518210","78","0","2018","1","N",3,0,0,0,0,0,0,0,"N",0.26,0,0,0,0,0,0,0,"N",1,50.0,0,0,0,0,0,0,0,0,0,0,0,0,0,0
"16029","5","518210","78","0","2018","1","N",1,0,0,0,0,0,0,0,"N",1.48,0,0,0,0,0,0,0,"N",0,0.0,0,0,0,0,0,0,0,0,0,0,0,0,0,0
"16031","5","518210","78","0","2018","1","N",1,0,0,0,0,0,0,0,"N",0.49,0,0,0,0,0,0,0,"N",-1,-50.0,0,0,0,0,0,0,0,0,0,0,0,0,0,0
"16035","5","518210","78","0","2018","1","N",1,0,0,0,0,0,0,0,"N",1.41,0,0,0,0,0,0,0,"N",0,0.0,0,0,0,0,0,0,0,0,0,0,0,0,0,0
"16039","5","518210","78","0","2018","1","N",1,0,0,0,0,0,0,0,"N",0.71,0,0,0,0,0,0,0,"N",0,0.0,0,0,0,0,0,0,0,0,0,0,0,0,0,0
"16047","5","518210","78","0","2018","1","N",1,0,0,0,0,0,0,0,"N",0.80,0,0,0,0,0,0,0,"N",0,0.0,0,0,0,0,0,0,0,0,0,0,0,0,0,0
"16053","3","518210","78","0","2018","1","N",1,0,0,0,0,0,0,0,"N",143.42,0,0,0,0,0,0,0,"N",0,0.0,0,0,0,0,0,0,0,0,0,0,0,0,0,0
"16053","5","518210","78","0","2018","1","N",1,0,0,0,0,0,0,0,"N",0.63,0,0,0,0,0,0,0,"N",0,0.0,0,0,0,0,0,0,0,0,0,0,0,0,0,0
"16055","5","518210","78","0","2018","1","N",11,0,0,0,0,0,0,0,"N",0.90,0,0,0,0,0,0,0,"N",2,22.2,0,0,0,0,0,0,0,0,0,0,0,0,0,0
"16057","5","518210","78","0","2018","1","N",2,0,0,0,0,0,0,0,"N",0.80,0,0,0,0,0,0,0,"N",0,0.0,0,0,0,0,0,0,0,0,0,0,0,0,0,0
"16067","5","518210","78","0","2018","1","N",1,0,0,0,0,0,0,0,"N",0.72,0,0,0,0,0,0,0,"N",1,100.0,0,0,0,0,0,0,0,0,0,0,0,0,0,0
"16069","5","518210","78","0","2018","1","N",2,0,0,0,0,0,0,0,"N",0.71,0,0,0,0,0,0,0,"N",1,100.0,0,0,0,0,0,0,0,0,0,0,0,0,0,0
"16071","5","518210","78","0","2018","1","N",1,0,0,0,0,0,0,0,"N",3.13,0,0,0,0,0,0,0,"N",0,0.0,0,0,0,0,0,0,0,0,0,0,0,0,0,0
"16083","5","518210","78","0","2018","1","N",2,0,0,0,0,0,0,0,"N",0.30,0,0,0,0,0,0,0,"N",-1,-33.3,0,0,0,0,0,0,0,0,0,0,0,0,0,0
"16999","5","518210","78","0","2018","1","",112,117,123,124,2921483,2725064,24989,1852,"",7.90,5.24,5.39,5.37,2.91,4.18,4.19,0.55,"",13,13.1,43,58.1,49,66.2,49,65.3,619556,26.9,942541,52.9,1840,7.9,-530,-22.3
"17000","5","518210","58","0","2018","1","",863,10302,10536,10451,365715452,126935571,3584653,2697,"",1.03,0.78,0.79,0.78,0.74,0.78,0.81,0.95,"",72,9.1,538,5.5,622,6.3,433,4.3,41507509,12.8,10517525,9.0,143025,4.2,178,7.1
"17001","5","518210","78","0","2018","1","N",1,0,0,0,0,0,0,0,"N",0.25,0,0,0,0,0,0,0,"N",0,0.0,0,0,0,0,0,0,0,0,0,0,0,0,0,0
"17019","5","518210","78","0","2018","1","",14,308,349,383,4362058,2771102,85237,968,"",1.50,1.54,1.72,1.88,0.79,1.68,2.05,0.46,"",-2,-12.5,-32,-9.4,-38,-9.8,-16,-4.0,110741,2.6,-66999,-2.4,-9740,-10.3,97,11.1
"17025","5","518210","78","0","2018","1","N",1,0,0,0,0,0,0,0,"N",1.21,0,0,0,0,0,0,0,"N",0,0.0,0,0,0,0,0,0,0,0,0,0,0,0,0,0
"17029","5","518210","78","0","2018","1","N",1,0,0,0,0,0,0,0,"N",0.41,0,0,0,0,0,0,0,"N",0,0.0,0,0,0,0,0,0,0,0,0,0,0,0,0,0
"17031","5","518210","78","0","2018","1","",250,6422,6550,6571,262560860,81494467,2063225,3100,"",0.79,1.11,1.13,1.13,1.07,1.10,1.03,0.95,"",17,7.3,480,8.1,540,9.0,464,7.6,34568960,15.2,7969655,10.8,226564,12.3,187,6.4
"17043","5","518210","78","0","2018","1","",73,1421,1428,1433,39681176,17046376,605130,2139,"",0.92,1.03,1.03,1.03,0.73,0.88,1.11,0.71,"",-2,-2.7,-96,-6.3,-79,-5.2,-70,-4.7,1091239,2.8,-630522,-3.6,-144339,-19.3,172,8.7
"17053","5","518210","78","0","2018","1","N",1,0,0,0,0,0,0,0,"N",1.23,0,0,0,0,0,0,0,"N",0,0.0,0,0,0,0,0,0,0,0,0,0,0,0,0,0
"17065","5","518210","78","0","2018","1","N",1,0,0,0,0,0,0,0,"N",2.13,0,0,0,0,0,0,0,"N",0,0.0,0,0,0,0,0,0,0,0,0,0,0,0,0,0
"17067","5","518210","78","0","2018","1","N",1,0,0,0,0,0,0,0,"N",1.06,0,0,0,0,0,0,0,"N",1,100.0,0,0,0,0,0,0,0,0,0,0,0,0,0,0
"17077","5","518210","78","0","2018","1","N",2,0,0,0,0,0,0,0,"N",0.73,0,0,0,0,0,0,0,"N",0,0.0,0,0,0,0,0,0,0,0,0,0,0,0,0,0
"17089","5","518210","78","0","2018","1","N",16,0,0,0,0,0,0,0,"N",0.56,0,0,0,0,0,0,0,"N",3,23.1,0,0,0,0,0,0,0,0,0,0,0,0,0,0
"17093","5","518210","78","0","2018","1","N",1,0,0,0,0,0,0,0,"N",0.21,0,0,0,0,0,0,0,"N",0,0.0,0,0,0,0,0,0,0,0,0,0,0,0,0,0
"17097","5","518210","78","0","2018","1","",35,235,234,231,6226114,2721313,135425,2053,"",0.76,0.32,0.31,0.31,0.17,0.26,0.47,0.53,"N",3,9.4,0,0,0,0,0,0,0,0,0,0,0,0,0,0
"17107","5","518210","78","0","2018","1","N",1,0,0,0,0,0,0,0,"N",0.76,0,0,0,0,0,0,0,"N",1,100.0,0,0,0,0,0,0,0,0,0,0,0,0,0,0
"17111","5","518210","78","0","2018","1","N",5,0,0,0,0,0,0,0,"N",0.28,0,0,0,0,0,0,0,"N",0,0.0,0,0,0,0,0,0,0,0,0,0,0,0,0,0
"17113","5","518210","78","0","2018","1","N",6,0,0,0,0,0,0,0,"N",0.77,0,0,0,0,0,0,0,"N",1,20.0,0,0,0,0,0,0,0,0,0,0,0,0,0,0
"17115","5","518210","78","0","2018","1","N",1,0,0,0,0,0,0,0,"N",0.20,0,0,0,0,0,0,0,"N",0,0.0,0,0,0,0,0,0,0,0,0,0,0,0,0,0
"17117","5","518210","78","0","2018","1","N",1,0,0,0,0,0,0,0,"N",0.49,0,0,0,0,0,0,0,"N",1,100.0,0,0,0,0,0,0,0,0,0,0,0,0,0,0
"17119","5","518210","78","0","2018","1","N",2,0,0,0,0,0,0,0,"N",0.16,0,0,0,0,0,0,0,"N",-1,-33.3,0,0,0,0,0,0,0,0,0,0,0,0,0,0
"17121","5","518210","78","0","2018","1","N",1,0,0,0,0,0,0,0,"N",0.52,0,0,0,0,0,0,0,"N",0,0.0,0,0,0,0,0,0,0,0,0,0,0,0,0,0
"17133","5","518210","78","0","2018","1","N",2,0,0,0,0,0,0,0,"N",1.13,0,0,0,0,0,0,0,"N",0,0.0,0,0,0,0,0,0,0,0,0,0,0,0,0,0
"17135","5","518210","78","0","2018","1","N",1,0,0,0,0,0,0,0,"N",0.62,0,0,0,0,0,0,0,"N",0,0.0,0,0,0,0,0,0,0,0,0,0,0,0,0,0
"17143","5","518210","78","0","2018","1","N",2,0,0,0,0,0,0,0,"N",0.21,0,0,0,0,0,0,0,"N",0,0.0,0,0,0,0,0,0,0,0,0,0,0,0,0,0
"17161","5","518210","78","0","2018","1","N",3,0,0,0,0,0,0,0,"N",0.44,0,0,0,0,0,0,0,"N",0,0.0,0,0,0,0,0,0,0,0,0,0,0,0,0,0
"17163","5","518210","78","0","2018","1","N",5,0,0,0,0,0,0,0,"N",0.43,0,0,0,0,0,0,0,"N",1,25.0,0,0,0,0,0,0,0,0,0,0,0,0,0,0
"17167","5","518210","78","0","2018","1","",13,170,169,166,2816809,1782650,11624,1287,"",1.18,0.59,0.58,0.56,0.30,0.87,0.22,0.53,"",2,18.2,76,80.9,77,83.7,74,80.4,1589609,129.5,953236,114.9,-22175,-65.6,268,26.3
"17179","5","518210","78","0","2018","1","N",1,0,0,0,0,0,0,0,"N",0.17,0,0,0,0,0,0,0,"N",0,0.0,0,0,0,0,0,0,0,0,0,0,0,0,0,0
"17183","5","518210","78","0","2018","1","N",1,0,0,0,0,0,0,0,"N",0.32,0,0,0,0,0,0,0,"N",0,0.0,0,0,0,0,0,0,0,0,0,0,0,0,0,0
"17191","5","518210","78","0","2018","1","N",1,0,0,0,0,0,0,0,"N",1.14,0,0,0,0,0,0,0,"N",0,0.0,0,0,0,0,0,0,0,0,0,0,0,0,0,0
"17197","5","518210","78","0","2018","1","",14,125,126,128,2928793,1523252,19936,1783,"",0.42,0.23,0.23,0.23,0.20,0.24,0.11,0.85,"",0,0.0,30,31.6,31,32.6,30,30.6,555694,23.4,339914,28.7,-23611,-54.2,-119,-6.3
"17199","5","518210","78","0","2018","1","N",1,0,0,0,0,0,0,0,"N",0.32,0,0,0,0,0,0,0,"N",1,100.0,0,0,0,0,0,0,0,0,0,0,0,0,0,0
"17201","5","518210","78","0","2018","1","",4,62,62,63,1176360,743993,44292,1452,"",0.29,0.22,0.22,0.22,0.15,0.24,0.53,0.67,"N",2,100.0,0,0,0,0,0,0,0,0,0,0,0,0,0,0
"17999","5","518210","78","0","2018","1","",401,1231,1283,1145,40744616,15320463,531615,2570,"",3.93,4.27,4.33,3.84,2.50,2.75,3.12,0.60,"",46,13.0,171,16.1,179,16.2,46,4.2,3152560,8.4,925226,6.4,32145,6.4,-89,-3.3
"18000","5","518210","58","0","2018","1","",310,2838,2818,2794,50919320,21234972,428149,1391,"",0.81,0.42,0.41,0.41,0.26,0.31,0.33,0.64,"",11,3.7,-135,-4.5,-133,-4.5,-118,-4.1,958421,1.9,-469663,-2.2,36933,9.4,86,6.6
"18003","5","518210","78","0","2018","1","N",10,0,0,0,0,0,0,0,"N",0.49,0,0,0,0,0,0,0,"N",-1,-9.1,0,0,0,0,0,0,0,0,0,0,0,0,0,0
"18011","5","518210","78","0","2018","1","N",4,0,0,0,0,0,0,0,"N",0.98,0,0,0,0,0,0,0,"N",1,33.3,0,0,0,0,0,0,0,0,0,0,0,0,0,0
"18017","5","518210","78","0","2018","1","N",1,0,0,0,0,0,0,0,"N",0.62,0,0,0,0,0,0,0,"N",0,0.0,0,0,0,0,0,0,0,0,0,0,0,0,0,0
"18019","5","518210","78","0","2018","1","N",3,0,0,0,0,0,0,0,"N",0.52,0,0,0,0,0,0,0,"N",0,0.0,0,0,0,0,0,0,0,0,0,0,0,0,0,0
"18035","5","518210","78","0","2018","1","N",2,0,0,0,0,0,0,0,"N",0.40,0,0,0,0,0,0,0,"N",1,100.0,0,0,0,0,0,0,0,0,0,0,0,0,0,0
"18039","5","518210","78","0","2018","1","",7,8,8,8,188342,69448,1703,1811,"",0.65,0.03,0.03,0.03,0.02,0.02,0.02,0.79,"",-1,-12.5,-2,-20.0,-2,-20.0,-3,-27.3,-24913,-11.7,-10536,-13.2,-108,-6.0,223,14.0
"18043","5","518210","78","0","2018","1","N",2,0,0,0,0,0,0,0,"N",0.48,0,0,0,0,0,0,0,"N",2,100.0,0,0,0,0,0,0,0,0,0,0,0,0,0,0
"18055","5","518210","78","0","2018","1","N",1,0,0,0,0,0,0,0,"N",0.74,0,0,0,0,0,0,0,"N",0,0.0,0,0,0,0,0,0,0,0,0,0,0,0,0,0
"18057","5","518210","78","0","2018","1","",32,197,204,198,4273294,1778618,37985,1646,"",1.49,0.63,0.65,0.62,0.40,0.50,0.60,0.63,"",1,3.2,-11,-5.3,0,0.0,0,0.0,1229888,40.4,97879,5.8,-3669,-8.8,495,43.0
"18059","5","518210","78","0","2018","1","N",2,0,0,0,0,0,0,0,"N",0.56,0,0,0,0,0,0,0,"N",0,0.0,0,0,0,0,0,0,0,0,0,0,0,0,0,0
"18063","5","518210","78","0","2018","1","N",5,0,0,0,0,0,0,0,"N",0.66,0,0,0,0,0,0,0,"N",1,25.0,0,0,0,0,0,0,0,0,0,0,0,0,0,0
"18065","5","518210","78","0","2018","1","N",1,0,0,0,0,0,0,0,"N",0.54,0,0,0,0,0,0,0,"N",0,0.0,0,0,0,0,0,0,0,0,0,0,0,0,0,0
"18081","5","518210","78","0","2018","1","",5,42,41,42,1691699,365523,3595,3123,"",0.66,0.34,0.34,0.34,0.62,0.31,0.18,1.82,"",1,25.0,-2,-4.5,-4,-8.9,-3,-6.7,117425,7.5,-54548,-13.0,-4456,-55.3,412,15.2
"18083","5","518210","78","0","2018","1","N",1,0,0,0,0,0,0,0,"N",0.46,0,0,0,0,0,0,0,"N",0,0.0,0,0,0,0,0,0,0,0,0,0,0,0,0,0
"18085","5","518210","78","0","2018","1","N",1,0,0,0,0,0,0,0,"N",0.22,0,0,0,0,0,0,0,"N",0,0.0,0,0,0,0,0,0,0,0,0,0,0,0,0,0
"18089","5","518210","78","0","2018","1","",6,11,11,11,197572,90468,840,1382,"",0.25,0.03,0.03,0.03,0.02,0.02,0.01,0.66,"",-3,-33.3,4,57.1,1,10.0,0,0.0,59787,43.4,11460,14.5,-225,-21.1,246,21.7
"18091","5","518210","78","0","2018","1","N",1,0,0,0,0,0,0,0,"N",0.19,0,0,0,0,0,0,0,"N",0,0.0,0,0,0,0,0,0,0,0,0,0,0,0,0,0
"18095","5","518210","78","0","2018","1","N",3,0,0,0,0,0,0,0,"N",0.59,0,0,0,0,0,0,0,"N",-1,-25.0,0,0,0,0,0,0,0,0,0,0,0,0,0,0
"18097","5","518210","78","0","2018","1","",48,1630,1578,1532,27959665,10374930,244273,1361,"",0.88,1.22,1.17,1.13,0.57,0.75,0.99,0.49,"",1,2.1,-130,-7.4,-162,-9.3,-152,-9.0,-247870,-0.9,-371116,-3.5,40236,19.7,105,8.4
"18105","5","518210","78","0","2018","1","N",1,0,0,0,0,0,0,0,"N",0.14,0,0,0,0,0,0,0,"N",-2,-66.7,0,0,0,0,0,0,0,0,0,0,0,0,0,0
"18107","5","518210","78","0","2018","1","N",2,0,0,0,0,0,0,0,"N",1.03,0,0,0,0,0,0,0,"N",0,0.0,0,0,0,0,0,0,0,0,0,0,0,0,0,0
"18119","5","518210","78","0","2018","1","N",2,0,0,0,0,0,0,0,"N",2.84,0,0,0,0,0,0,0,"N",0,0.0,0,0,0,0,0,0,0,0,0,0,0,0,0,0
"18121","5","518210","78","0","2018","1","N",1,0,0,0,0,0,0,0,"N",1.46,0,0,0,0,0,0,0,"N",0,0.0,0,0,0,0,0,0,0,0,0,0,0,0,0,0
"18127","5","518210","78","0","2018","1","N",5,0,0,0,0,0,0,0,"N",0.59,0,0,0,0,0,0,0,"N",0,0.0,0,0,0,0,0,0,0,0,0,0,0,0,0,0
"18141","5","518210","78","0","2018","1","",9,228,228,233,4250723,2184235,26797,1424,"",0.68,0.83,0.82,0.84,0.60,0.91,0.56,0.72,"",1,12.5,-10,-4.2,-8,-3.4,1,0.4,52602,1.3,196578,9.9,6838,34.3,52,3.8
"18145","5","518210","78","0","2018","1","N",1,0,0,0,0,0,0,0,"N",0.47,0,0,0,0,0,0,0,"N",0,0.0,0,0,0,0,0,0,0,0,0,0,0,0,0,0
"18147","5","518210","78","0","2018","1","N",1,0,0,0,0,0,0,0,"N",0.93,0,0,0,0,0,0,0,"N",0,0.0,0,0,0,0,0,0,0,0,0,0,0,0,0,0
"18157","5","518210","78","0","2018","1","N",4,0,0,0,0,0,0,0,"N",0.51,0,0,0,0,0,0,0,"N",0,0.0,0,0,0,0,0,0,0,0,0,0,0,0,0,0
"18163","5","518210","78","0","2018","1","N",2,0,0,0,0,0,0,0,"N",0.18,0,0,0,0,0,0,0,"N",0,0.0,0,0,0,0,0,0,0,0,0,0,0,0,0,0
"18183","5","518210","78","0","2018","1","N",1,0,0,0,0,0,0,0,"N",0.62,0,0,0,0,0,0,0,"N",0,0.0,0,0,0,0,0,0,0,0,0,0,0,0,0,0
"18999","5","518210","78","0","2018","1","",146,350,359,370,6830564,3053207,55890,1461,"",3.23,2.07,2.08,2.13,1.05,1.27,1.00,0.50,"",13,9.8,63,22.0,72,25.1,73,24.6,137196,2.0,55170,1.8,4893,9.6,-312,-17.6
"19000","3","518210","58","0","2018","1","N",2,0,0,0,0,0,0,0,"N",1.93,0,0,0,0,0,0,0,"N",1,100.0,0,0,0,0,0,0,0,0,0,0,0,0,0,0
"19000","5","518210","58","0","2018","1","",213,3953,3965,3951,77788332,59198555,990848,1512,"",0.90,1.15,1.14,1.14,0.82,1.18,1.69,0.72,"",21,10.9,635,19.1,636,19.1,572,16.9,25683916,49.3,14579053,32.7,10283,1.0,313,26.1
"19011","5","518210","78","0","2018","1","N",1,0,0,0,0,0,0,0,"N",0.64,0,0,0,0,0,0,0,"N",0,0.0,0,0,0,0,0,0,0,0,0,0,0,0,0,0
"19013","5","518210","78","0","2018","1","",7,29,31,32,558062,444397,7146,1400,"",0.80,0.17,0.18,0.19,0.13,0.19,0.19,0.69,"N",2,40.0,0,0,0,0,0,0,0,0,0,0,0,0,0,0
"19015","5","518210","78","0","2018","1","N",2,0,0,0,0,0,0,0,"N",1.21,0,0,0,0,0,0,0,"N",0,0.0,0,0,0,0,0,0,0,0,0,0,0,0,0,0
"19017","5","518210","78","0","2018","1","N",2,0,0,0,0,0,0,0,"N",1.20,0,0,0,0,0,0,0,"N",1,100.0,0,0,0,0,0,0,0,0,0,0,0,0,0,0
"19019","5","518210","78","0","2018","1","N",1,0,0,0,0,0,0,0,"N",0.71,0,0,0,0,0,0,0,"N",0,0.0,0,0,0,0,0,0,0,0,0,0,0,0,0,0
"19027","5","518210","78","0","2018","1","N",1,0,0,0,0,0,0,0,"N",0.45,0,0,0,0,0,0,0,"N",0,0.0,0,0,0,0,0,0,0,0,0,0,0,0,0,0
"19031","5","518210","78","0","2018","1","N",1,0,0,0,0,0,0,0,"N",0.76,0,0,0,0,0,0,0,"N",1,100.0,0,0,0,0,0,0,0,0,0,0,0,0,0,0
"19033","5","518210","78","0","2018","1","N",3,0,0,0,0,0,0,0,"N",0.77,0,0,0,0,0,0,0,"N",0,0.0,0,0,0,0,0,0,0,0,0,0,0,0,0,0
"19041","5","518210","78","0","2018","1","N",1,0,0,0,0,0,0,0,"N",0.59,0,0,0,0,0,0,0,"N",0,0.0,0,0,0,0,0,0,0,0,0,0,0,0,0,0
"19045","5","518210","78","0","2018","1","N",5,0,0,0,0,0,0,0,"N",1.54,0,0,0,0,0,0,0,"N",2,66.7,0,0,0,0,0,0,0,0,0,0,0,0,0,0
"19047","5","518210","78","0","2018","1","N",1,0,0,0,0,0,0,0,"N",0.88,0,0,0,0,0,0,0,"N",0,0.0,0,0,0,0,0,0,0,0,0,0,0,0,0,0
"19049","5","518210","78","0","2018","1","",9,16,17,17,324278,291900,6068,1497,"",1.52,0.16,0.17,0.17,0.09,0.15,0.34,0.55,"",2,28.6,-4,-20.0,-2,-10.5,-1,-5.6,-182592,-36.0,-82738,-22.1,-4421,-42.1,-555,-27.0
"19057","5","518210","78","0","2018","1","N",1,0,0,0,0,0,0,0,"N",0.32,0,0,0,0,0,0,0,"N",0,0.0,0,0,0,0,0,0,0,0,0,0,0,0,0,0
"19059","5","518210","78","0","2018","1","N",1,0,0,0,0,0,0,0,"N",0.49,0,0,0,0,0,0,0,"N",1,100.0,0,0,0,0,0,0,0,0,0,0,0,0,0,0
"19061","3","518210","78","0","2018","1","N",1,0,0,0,0,0,0,0,"N",30.17,0,0,0,0,0,0,0,"N",1,100.0,0,0,0,0,0,0,0,0,0,0,0,0,0,0
"19061","5","518210","78","0","2018","1","N",5,0,0,0,0,0,0,0,"N",0.66,0,0,0,0,0,0,0,"N",2,66.7,0,0,0,0,0,0,0,0,0,0,0,0,0,0
"19067","5","518210","78","0","2018","1","N",1,0,0,0,0,0,0,0,"N",0.85,0,0,0,0,0,0,0,"N",0,0.0,0,0,0,0,0,0,0,0,0,0,0,0,0,0
"19085","5","518210","78","0","2018","1","N",1,0,0,0,0,0,0,0,"N",0.96,0,0,0,0,0,0,0,"N",0,0.0,0,0,0,0,0,0,0,0,0,0,0,0,0,0
"19087","5","518210","78","0","2018","1","N",1,0,0,0,0,0,0,0,"N",0.69,0,0,0,0,0,0,0,"N",0,0.0,0,0,0,0,0,0,0,0,0,0,0,0,0,0
"19089","5","518210","78","0","2018","1","N",1,0,0,0,0,0,0,0,"N",1.28,0,0,0,0,0,0,0,"N",0,0.0,0,0,0,0,0,0,0,0,0,0,0,0,0,0
"19095","5","518210","78","0","2018","1","N",2,0,0,0,0,0,0,0,"N",1.21,0,0,0,0,0,0,0,"N",1,100.0,0,0,0,0,0,0,0,0,0,0,0,0,0,0
"19097","5","518210","78","0","2018","1","N",2,0,0,0,0,0,0,0,"N",1.28,0,0,0,0,0,0,0,"N",0,0.0,0,0,0,0,0,0,0,0,0,0,0,0,0,0
"19099","5","518210","78","0","2018","1","N",1,0,0,0,0,0,0,0,"N",0.47,0,0,0,0,0,0,0,"N",0,0.0,0,0,0,0,0,0,0,0,0,0,0,0,0,0
"19101","5","518210","78","0","2018","1","",5,6,6,6,60781,60781,608,779,"",2.78,0.35,0.35,0.34,0.15,0.28,0.18,0.44,"",0,0.0,-3,-33.3,-3,-33.3,-3,-33.3,-47434,-43.8,-47434,-43.8,-17,-2.7,-146,-15.8
"19103","5","518210","78","0","2018","1","",10,50,48,50,514026,486500,6294,801,"",1.03,0.26,0.25,0.26,0.09,0.25,0.31,0.36,"",2,25.0,-2,-3.8,-4,-7.7,-3,-5.7,-227095,-30.6,-198194,-28.9,-6289,-50.0,-288,-26.4
"19109","5","518210","78","0","2018","1","N",1,0,0,0,0,0,0,0,"N",0.69,0,0,0,0,0,0,0,"N",-1,-50.0,0,0,0,0,0,0,0,0,0,0,0,0,0,0
"19113","3","518210","78","0","2018","1","N",1,0,0,0,0,0,0,0,"N",14.41,0,0,0,0,0,0,0,"N",0,0.0,0,0,0,0,0,0,0,0,0,0,0,0,0,0
"19113","5","518210","78","0","2018","1","",23,832,827,822,23788270,15188831,318124,2213,"",1.46,2.84,2.81,2.79,2.62,2.98,5.64,0.93,"",-2,-8.0,-21,-2.5,-55,-6.2,-69,-7.7,3894030,19.6,-319343,-2.1,-35022,-9.9,465,26.6
"19123","5","518210","78","0","2018","1","N",1,0,0,0,0,0,0,0,"N",0.69,0,0,0,0,0,0,0,"N",0,0.0,0,0,0,0,0,0,0,0,0,0,0,0,0,0
"19125","5","518210","78","0","2018","1","N",2,0,0,0,0,0,0,0,"N",0.88,0,0,0,0,0,0,0,"N",1,100.0,0,0,0,0,0,0,0,0,0,0,0,0,0,0
"19127","5","518210","78","0","2018","1","N",1,0,0,0,0,0,0,0,"N",0.43,0,0,0,0,0,0,0,"N",0,0.0,0,0,0,0,0,0,0,0,0,0,0,0,0,0
"19129","5","518210","78","0","2018","1","N",1,0,0,0,0,0,0,0,"N",1.10,0,0,0,0,0,0,0,"N",0,0.0,0,0,0,0,0,0,0,0,0,0,0,0,0,0
"19131","5","518210","78","0","2018","1","N",1,0,0,0,0,0,0,0,"N",1.14,0,0,0,0,0,0,0,"N",0,0.0,0,0,0,0,0,0,0,0,0,0,0,0,0,0
"19139","5","518210","78","0","2018","1","N",2,0,0,0,0,0,0,0,"N",0.73,0,0,0,0,0,0,0,"N",1,100.0,0,0,0,0,0,0,0,0,0,0,0,0,0,0
"19145","5","518210","78","0","2018","1","N",1,0,0,0,0,0,0,0,"N",0.88,0,0,0,0,0,0,0,"N",0,0.0,0,0,0,0,0,0,0,0,0,0,0,0,0,0
"19151","5","518210","78","0","2018","1","N",1,0,0,0,0,0,0,0,"N",1.53,0,0,0,0,0,0,0,"N",1,100.0,0,0,0,0,0,0,0,0,0,0,0,0,0,0
"19153","5","518210","78","0","2018","1","",74,1070,1071,1069,21534979,17639305,238191,1548,"",1.83,1.59,1.58,1.59,0.92,1.48,1.87,0.58,"",0,0.0,82,8.3,84,8.5,71,7.1,4881847,29.3,2500630,16.5,11354,5.0,255,19.7
"19155","5","518210","78","0","2018","1","N",8,0,0,0,0,0,0,0,"N",1.36,0,0,0,0,0,0,0,"N",3,60.0,0,0,0,0,0,0,0,0,0,0,0,0,0,0
"19163","5","518210","78","0","2018","1","N",7,0,0,0,0,0,0,0,"N",0.54,0,0,0,0,0,0,0,"N",0,0.0,0,0,0,0,0,0,0,0,0,0,0,0,0,0
"19165","5","518210","78","0","2018","1","N",2,0,0,0,0,0,0,0,"N",1.96,0,0,0,0,0,0,0,"N",0,0.0,0,0,0,0,0,0,0,0,0,0,0,0,0,0
"19167","5","518210","78","0","2018","1","N",1,0,0,0,0,0,0,0,"N",0.30,0,0,0,0,0,0,0,"N",1,100.0,0,0,0,0,0,0,0,0,0,0,0,0,0,0
"19169","5","518210","78","0","2018","1","N",9,0,0,0,0,0,0,0,"N",1.50,0,0,0,0,0,0,0,"N",1,12.5,0,0,0,0,0,0,0,0,0,0,0,0,0,0
"19175","5","518210","78","0","2018","1","-",0,0,0,0,0,0,0,0,"N",0.00,0,0,0,0,0,0,0,"N",0,0,0,0,0,0,0,0,0,0,0,0,0,0,0,0
"19179","5","518210","78","0","2018","1","N",1,0,0,0,0,0,0,0,"N",0.50,0,0,0,0,0,0,0,"N",0,0.0,0,0,0,0,0,0,0,0,0,0,0,0,0,0
"19181","5","518210","78","0","2018","1","N",4,0,0,0,0,0,0,0,"N",1.60,0,0,0,0,0,0,0,"N",2,100.0,0,0,0,0,0,0,0,0,0,0,0,0,0,0
"19187","5","518210","78","0","2018","1","N",1,0,0,0,0,0,0,0,"N",0.36,0,0,0,0,0,0,0,"N",0,0.0,0,0,0,0,0,0,0,0,0,0,0,0,0,0
"19189","5","518210","78","0","2018","1","N",2,0,0,0,0,0,0,0,"N",2.21,0,0,0,0,0,0,0,"N",1,100.0,0,0,0,0,0,0,0,0,0,0,0,0,0,0
"19191","5","518210","78","0","2018","1","N",1,0,0,0,0,0,0,0,"N",0.59,0,0,0,0,0,0,0,"N",0,0.0,0,0,0,0,0,0,0,0,0,0,0,0,0,0
"19195","5","518210","78","0","2018","1","N",1,0,0,0,0,0,0,0,"N",1.84,0,0,0,0,0,0,0,"N",0,0.0,0,0,0,0,0,0,0,0,0,0,0,0,0,0
"19197","5","518210","78","0","2018","1","N",3,0,0,0,0,0,0,0,"N",2.61,0,0,0,0,0,0,0,"N",1,50.0,0,0,0,0,0,0,0,0,0,0,0,0,0,0
"20000","5","518210","58","0","2018","1","",139,1936,1911,1879,38822997,23354243,493861,1565,"",0.69,0.62,0.61,0.60,0.46,0.55,0.69,0.75,"",0,0.0,336,21.0,309,19.3,272,16.9,9798199,33.8,5092982,27.9,146021,42.0,172,12.3
"20015","5","518210","78","0","2018","1","N",1,0,0,0,0,0,0,0,"N",0.31,0,0,0,0,0,0,0,"N",0,0.0,0,0,0,0,0,0,0,0,0,0,0,0,0,0
"20031","5","518210","78","0","2018","1","N",2,0,0,0,0,0,0,0,"N",3.31,0,0,0,0,0,0,0,"N",0,0.0,0,0,0,0,0,0,0,0,0,0,0,0,0,0
"20045","5","518210","78","0","2018","1","N",7,0,0,0,0,0,0,0,"N",1.01,0,0,0,0,0,0,0,"N",-1,-12.5,0,0,0,0,0,0,0,0,0,0,0,0,0,0
"20049","5","518210","78","0","2018","1","N",1,0,0,0,0,0,0,0,"N",4.73,0,0,0,0,0,0,0,"N",0,0.0,0,0,0,0,0,0,0,0,0,0,0,0,0,0
"20059","5","518210","78","0","2018","1","N",1,0,0,0,0,0,0,0,"N",0.70,0,0,0,0,0,0,0,"N",0,0.0,0,0,0,0,0,0,0,0,0,0,0,0,0,0
"20069","5","518210","78","0","2018","1","N",1,0,0,0,0,0,0,0,"N",0.92,0,0,0,0,0,0,0,"N",0,0.0,0,0,0,0,0,0,0,0,0,0,0,0,0,0
"20071","5","518210","78","0","2018","1","N",1,0,0,0,0,0,0,0,"N",6.13,0,0,0,0,0,0,0,"N",0,0.0,0,0,0,0,0,0,0,0,0,0,0,0,0,0
"20079","5","518210","78","0","2018","1","N",1,0,0,0,0,0,0,0,"N",0.56,0,0,0,0,0,0,0,"N",-1,-50.0,0,0,0,0,0,0,0,0,0,0,0,0,0,0
"20089","5","518210","78","0","2018","1","N",1,0,0,0,0,0,0,0,"N",4.06,0,0,0,0,0,0,0,"N",1,100.0,0,0,0,0,0,0,0,0,0,0,0,0,0,0
"20091","5","518210","78","0","2018","1","",65,599,599,599,14733268,7984244,195487,1892,"",1.22,0.77,0.76,0.76,0.56,0.64,0.87,0.73,"",6,10.2,188,45.7,180,43.0,181,43.3,4862193,49.3,2605445,48.4,40615,26.2,67,3.7
"20103","5","518210","78","0","2018","1","N",2,0,0,0,0,0,0,0,"N",0.62,0,0,0,0,0,0,0,"N",0,0.0,0,0,0,0,0,0,0,0,0,0,0,0,0,0
"20111","5","518210","78","0","2018","1","N",1,0,0,0,0,0,0,0,"N",0.52,0,0,0,0,0,0,0,"N",0,0.0,0,0,0,0,0,0,0,0,0,0,0,0,0,0
"20113","5","518210","78","0","2018","1","N",1,0,0,0,0,0,0,0,"N",0.47,0,0,0,0,0,0,0,"N",0,0.0,0,0,0,0,0,0,0,0,0,0,0,0,0,0
"20133","5","518210","78","0","2018","1","N",2,0,0,0,0,0,0,0,"N",1.84,0,0,0,0,0,0,0,"N",0,0.0,0,0,0,0,0,0,0,0,0,0,0,0,0,0
"20143","5","518210","78","0","2018","1","N",1,0,0,0,0,0,0,0,"N",2.47,0,0,0,0,0,0,0,"N",0,0.0,0,0,0,0,0,0,0,0,0,0,0,0,0,0
"20151","5","518210","78","0","2018","1","N",1,0,0,0,0,0,0,0,"N",1.21,0,0,0,0,0,0,0,"N",1,100.0,0,0,0,0,0,0,0,0,0,0,0,0,0,0
"20155","5","518210","78","0","2018","1","N",3,0,0,0,0,0,0,0,"N",0.80,0,0,0,0,0,0,0,"N",-1,-25.0,0,0,0,0,0,0,0,0,0,0,0,0,0,0
"20161","5","518210","78","0","2018","1","N",2,0,0,0,0,0,0,0,"N",0.52,0,0,0,0,0,0,0,"N",0,0.0,0,0,0,0,0,0,0,0,0,0,0,0,0,0
"20167","5","518210","78","0","2018","1","N",1,0,0,0,0,0,0,0,"N",1.45,0,0,0,0,0,0,0,"N",0,0.0,0,0,0,0,0,0,0,0,0,0,0,0,0,0
"20169","5","518210","78","0","2018","1","N",1,0,0,0,0,0,0,0,"N",0.29,0,0,0,0,0,0,0,"N",0,0.0,0,0,0,0,0,0,0,0,0,0,0,0,0,0
"20173","5","518210","78","0","2018","1","",19,239,203,197,3414647,2478403,46289,1233,"",0.66,0.43,0.36,0.35,0.21,0.31,0.28,0.56,"",-5,-20.8,9,3.9,-29,-12.5,-33,-14.3,761185,28.7,333466,15.5,15573,50.7,348,39.3
"20177","5","518210","78","0","2018","1","",8,377,385,389,6496399,4266126,107608,1302,"",0.69,1.74,1.75,1.77,1.10,1.79,2.83,0.63,"N",-1,-11.1,0,0,0,0,0,0,0,0,0,0,0,0,0,0
"20195","5","518210","78","0","2018","1","N",1,0,0,0,0,0,0,0,"N",3.45,0,0,0,0,0,0,0,"N",0,0.0,0,0,0,0,0,0,0,0,0,0,0,0,0,0
"20209","5","518210","78","0","2018","1","N",3,0,0,0,0,0,0,0,"N",0.38,0,0,0,0,0,0,0,"N",0,0.0,0,0,0,0,0,0,0,0,0,0,0,0,0,0
"20999","5","518210","78","0","2018","1","",12,67,65,62,1487292,876610,33602,1769,"",2.49,1.27,1.22,1.15,0.71,1.04,1.60,0.59,"",1,9.1,-4,-5.6,-7,-9.7,-9,-12.7,-238276,-13.8,-108882,-11.0,-2643,-7.3,-92,-4.9
"21000","3","518210","58","0","2018","1","N",1,0,0,0,0,0,0,0,"N",0.80,0,0,0,0,0,0,0,"N",0,0.0,0,0,0,0,0,0,0,0,0,0,0,0,0,0
"21000","5","518210","58","0","2018","1","",211,3630,3609,3637,62834564,31460433,686138,1333,"",0.74,0.86,0.85,0.85,0.55,0.74,0.75,0.65,"",12,6.0,-7,-0.2,-25,-0.7,-17,-0.5,2348597,3.9,-635243,-2.0,-436282,-38.9,55,4.3
"21005","5","518210","78","0","2018","1","N",3,0,0,0,0,0,0,0,"N",3.10,0,0,0,0,0,0,0,"N",0,0.0,0,0,0,0,0,0,0,0,0,0,0,0,0,0
"21009","5","518210","78","0","2018","1","N",1,0,0,0,0,0,0,0,"N",0.42,0,0,0,0,0,0,0,"N",0,0.0,0,0,0,0,0,0,0,0,0,0,0,0,0,0
"21015","5","518210","78","0","2018","1","N",8,0,0,0,0,0,0,0,"N",0.77,0,0,0,0,0,0,0,"N",0,0.0,0,0,0,0,0,0,0,0,0,0,0,0,0,0
"21019","5","518210","78","0","2018","1","N",1,0,0,0,0,0,0,0,"N",0.27,0,0,0,0,0,0,0,"N",0,0.0,0,0,0,0,0,0,0,0,0,0,0,0,0,0
"21029","5","518210","78","0","2018","1","N",1,0,0,0,0,0,0,0,"N",0.33,0,0,0,0,0,0,0,"N",1,100.0,0,0,0,0,0,0,0,0,0,0,0,0,0,0
"21035","5","518210","78","0","2018","1","N",2,0,0,0,0,0,0,0,"N",0.84,0,0,0,0,0,0,0,"N",0,0.0,0,0,0,0,0,0,0,0,0,0,0,0,0,0
"21037","5","518210","78","0","2018","1","N",7,0,0,0,0,0,0,0,"N",1.33,0,0,0,0,0,0,0,"N",3,75.0,0,0,0,0,0,0,0,0,0,0,0,0,0,0
"21045","5","518210","78","0","2018","1","N",1,0,0,0,0,0,0,0,"N",1.48,0,0,0,0,0,0,0,"N",0,0.0,0,0,0,0,0,0,0,0,0,0,0,0,0,0
"21047","5","518210","78","0","2018","1","",9,11,11,11,292855,96263,2286,2048,"",2.32,0.16,0.16,0.16,0.17,0.14,0.13,1.12,"N",5,125.0,0,0,0,0,0,0,0,0,0,0,0,0,0,0
"21049","5","518210","78","0","2018","1","N",1,0,0,0,0,0,0,0,"N",0.51,0,0,0,0,0,0,0,"N",0,0.0,0,0,0,0,0,0,0,0,0,0,0,0,0,0
"21059","5","518210","78","0","2018","1","N",2,0,0,0,0,0,0,0,"N",0.29,0,0,0,0,0,0,0,"N",0,0.0,0,0,0,0,0,0,0,0,0,0,0,0,0,0
"21067","5","518210","78","0","2018","1","",34,425,432,435,9926140,3443920,77363,1773,"",1.32,0.98,0.99,1.00,0.83,0.85,0.99,0.84,"",3,9.7,-43,-9.2,-63,-12.7,-61,-12.3,-783223,-7.3,-1036145,-23.1,-28399,-26.9,79,4.7
"21071","5","518210","78","0","2018","1","N",1,0,0,0,0,0,0,0,"N",0.43,0,0,0,0,0,0,0,"N",0,0.0,0,0,0,0,0,0,0,0,0,0,0,0,0,0
"21073","3","518210","78","0","2018","1","N",1,0,0,0,0,0,0,0,"N",50.93,0,0,0,0,0,0,0,"N",0,0.0,0,0,0,0,0,0,0,0,0,0,0,0,0,0
"21073","5","518210","78","0","2018","1","N",6,0,0,0,0,0,0,0,"N",1.34,0,0,0,0,0,0,0,"N",1,20.0,0,0,0,0,0,0,0,0,0,0,0,0,0,0
"21079","5","518210","78","0","2018","1","-",0,0,0,0,0,0,0,0,"N",0.00,0,0,0,0,0,0,0,"N",0,0,0,0,0,0,0,0,0,0,0,0,0,0,0,0
"21083","5","518210","78","0","2018","1","N",1,0,0,0,0,0,0,0,"N",0.50,0,0,0,0,0,0,0,"N",0,0.0,0,0,0,0,0,0,0,0,0,0,0,0,0,0
"21093","5","518210","78","0","2018","1","",11,125,124,126,2650565,1442783,33573,1631,"",1.61,1.16,1.14,1.16,1.01,1.49,1.83,0.88,"",0,0.0,-1,-0.8,-1,-0.8,0,0.0,182489,7.4,44158,3.2,-48496,-59.1,120,7.9
"21101","5","518210","78","0","2018","1","N",1,0,0,0,0,0,0,0,"N",0.36,0,0,0,0,0,0,0,"N",0,0.0,0,0,0,0,0,0,0,0,0,0,0,0,0,0
"21111","5","518210","78","0","2018","1","",55,1254,1255,1249,26920617,11383048,250987,1653,"",0.94,1.20,1.19,1.18,0.77,0.96,0.93,0.65,"",4,7.8,161,14.7,161,14.7,166,15.3,1991011,8.0,783387,7.4,-36831,-12.8,-106,-6.0
"21113","5","518210","78","0","2018","1","",3,6,7,6,100050,50663,962,1215,"",0.99,0.16,0.18,0.16,0.12,0.14,0.13,0.70,"N",1,50.0,0,0,0,0,0,0,0,0,0,0,0,0,0,0
"21115","5","518210","78","0","2018","1","-",0,0,0,0,0,0,0,0,"N",0.00,0,0,0,0,0,0,0,"N",-1,-100.0,0,0,0,0,0,0,0,0,0,0,0,0,0,0
"21117","5","518210","78","0","2018","1","N",5,0,0,0,0,0,0,0,"N",0.51,0,0,0,0,0,0,0,"N",1,25.0,0,0,0,0,0,0,0,0,0,0,0,0,0,0
"21125","5","518210","78","0","2018","1","",5,322,240,265,2140531,1989893,59261,597,"",1.40,5.38,4.01,4.48,1.72,3.19,4.63,0.37,"N",2,66.7,0,0,0,0,0,0,0,0,0,0,0,0,0,0
"21133","5","518210","78","0","2018","1","N",1,0,0,0,0,0,0,0,"N",0.98,0,0,0,0,0,0,0,"N",0,0.0,0,0,0,0,0,0,0,0,0,0,0,0,0,0
"21141","5","518210","78","0","2018","1","N",1,0,0,0,0,0,0,0,"N",0.72,0,0,0,0,0,0,0,"N",0,0.0,0,0,0,0,0,0,0,0,0,0,0,0,0,0
"21143","5","518210","78","0","2018","1","N",1,0,0,0,0,0,0,0,"N",1.94,0,0,0,0,0,0,0,"N",0,0.0,0,0,0,0,0,0,0,0,0,0,0,0,0,0
"21145","5","518210","78","0","2018","1","N",1,0,0,0,0,0,0,0,"N",0.18,0,0,0,0,0,0,0,"N",0,0.0,0,0,0,0,0,0,0,0,0,0,0,0,0,0
"21151","5","518210","78","0","2018","1","N",6,0,0,0,0,0,0,0,"N",1.27,0,0,0,0,0,0,0,"N",0,0.0,0,0,0,0,0,0,0,0,0,0,0,0,0,0
"21163","5","518210","78","0","2018","1","N",1,0,0,0,0,0,0,0,"N",1.03,0,0,0,0,0,0,0,"N",0,0.0,0,0,0,0,0,0,0,0,0,0,0,0,0,0
"21173","5","518210","78","0","2018","1","N",1,0,0,0,0,0,0,0,"N",0.64,0,0,0,0,0,0,0,"N",1,100.0,0,0,0,0,0,0,0,0,0,0,0,0,0,0
"21177","5","518210","78","0","2018","1","N",1,0,0,0,0,0,0,0,"N",0.68,0,0,0,0,0,0,0,"N",0,0.0,0,0,0,0,0,0,0,0,0,0,0,0,0,0
"21179","5","518210","78","0","2018","1","N",1,0,0,0,0,0,0,0,"N",0.36,0,0,0,0,0,0,0,"N",0,0.0,0,0,0,0,0,0,0,0,0,0,0,0,0,0
"21185","5","518210","78","0","2018","1","",4,5,6,6,298938,61200,1418,4058,"",1.07,0.14,0.17,0.17,0.34,0.19,0.24,2.13,"N",1,33.3,0,0,0,0,0,0,0,0,0,0,0,0,0,0
"21203","5","518210","78","0","2018","1","N",4,0,0,0,0,0,0,0,"N",6.99,0,0,0,0,0,0,0,"N",0,0.0,0,0,0,0,0,0,0,0,0,0,0,0,0,0
"21205","5","518210","78","0","2018","1","N",1,0,0,0,0,0,0,0,"N",0.72,0,0,0,0,0,0,0,"N",0,0.0,0,0,0,0,0,0,0,0,0,0,0,0,0,0
"21209","5","518210","78","0","2018","1","N",2,0,0,0,0,0,0,0,"N",0.70,0,0,0,0,0,0,0,"N",-1,-33.3,0,0,0,0,0,0,0,0,0,0,0,0,0,0
"21211","5","518210","78","0","2018","1","N",1,0,0,0,0,0,0,0,"N",0.37,0,0,0,0,0,0,0,"N",0,0.0,0,0,0,0,0,0,0,0,0,0,0,0,0,0
"21227","5","518210","78","0","2018","1","",5,35,34,34,492131,267524,4938,1103,"",0.57,0.25,0.23,0.23,0.14,0.18,0.16,0.59,"",1,25.0,23,191.7,22,183.3,22,183.3,367453,294.7,179315,203.3,1115,29.2,304,38.0
"21231","5","518210","78","0","2018","1","N",1,0,0,0,0,0,0,0,"N",1.25,0,0,0,0,0,0,0,"N",0,0.0,0,0,0,0,0,0,0,0,0,0,0,0,0,0
"21235","5","518210","78","0","2018","1","N",2,0,0,0,0,0,0,0,"N",1.03,0,0,0,0,0,0,0,"N",-2,-50.0,0,0,0,0,0,0,0,0,0,0,0,0,0,0
"21999","5","518210","78","0","2018","1","",19,278,260,257,4433953,2381172,52994,1287,"",1.47,4.80,4.44,4.36,1.85,2.62,2.11,0.41,"",-3,-13.6,56,25.2,41,18.7,39,17.9,-282314,-6.0,-198778,-7.7,-47549,-47.3,-365,-22.1
"22000","5","518210","58","0","2018","1","",287,2229,2234,2231,38191531,12275100,222375,1317,"",0.96,0.52,0.51,0.51,0.32,0.33,0.38,0.62,"",39,15.7,197,9.7,188,9.2,157,7.6,3732358,10.8,-3144922,-20.4,-30300,-12.0,24,1.9
"22001","5","518210","78","0","2018","1","N",1,0,0,0,0,0,0,0,"N",0.34,0,0,0,0,0,0,0,"N",0,0.0,0,0,0,0,0,0,0,0,0,0,0,0,0,0
"22005","5","518210","78","0","2018","1","",8,15,16,15,209027,99532,1852,1049,"",1.20,0.15,0.16,0.14,0.06,0.10,0.11,0.41,"",3,60.0,2,15.4,2,14.3,2,15.4,864,0.4,3755,3.9,-233,-11.2,-152,-12.7
"22011","5","518210","78","0","2018","1","N",1,0,0,0,0,0,0,0,"N",0.61,0,0,0,0,0,0,0,"N",0,0.0,0,0,0,0,0,0,0,0,0,0,0,0,0,0
"22013","5","518210","78","0","2018","1","N",1,0,0,0,0,0,0,0,"N",1.44,0,0,0,0,0,0,0,"N",1,100.0,0,0,0,0,0,0,0,0,0,0,0,0,0,0
"22015","5","518210","78","0","2018","1","",10,78,76,74,1075978,836806,16015,1089,"",1.51,0.78,0.76,0.73,0.47,1.08,1.25,0.62,"",1,11.1,-7,-8.2,-10,-11.6,-10,-11.9,-352980,-24.7,217932,35.2,4351,37.3,-204,-15.8
"22017","5","518210","78","0","2018","1","",14,200,201,206,3138980,1489928,30560,1193,"",0.85,0.79,0.79,0.81,0.50,0.74,0.99,0.62,"",2,16.7,4,2.0,8,4.1,9,4.6,110545,3.7,63286,4.4,4532,17.4,0,0.0
"22019","5","518210","78","0","2018","1","N",7,0,0,0,0,0,0,0,"N",0.58,0,0,0,0,0,0,0,"N",1,16.7,0,0,0,0,0,0,0,0,0,0,0,0,0,0
"22031","5","518210","78","0","2018","1","-",0,0,0,0,0,0,0,0,"N",0.00,0,0,0,0,0,0,0,"N",0,0,0,0,0,0,0,0,0,0,0,0,0,0,0,0
"22033","5","518210","78","0","2018","1","",55,748,739,734,14929649,2414860,36228,1551,"",1.55,1.26,1.23,1.20,0.81,0.46,0.40,0.66,"",7,14.6,56,8.1,42,6.0,33,4.7,983866,7.1,-2683848,-52.6,-54663,-60.1,11,0.7
"22037","5","518210","78","0","2018","1","N",1,0,0,0,0,0,0,0,"N",1.29,0,0,0,0,0,0,0,"N",0,0.0,0,0,0,0,0,0,0,0,0,0,0,0,0,0
"22039","5","518210","78","0","2018","1","N",1,0,0,0,0,0,0,0,"N",0.70,0,0,0,0,0,0,0,"N",0,0.0,0,0,0,0,0,0,0,0,0,0,0,0,0,0
"22051","5","518210","78","0","2018","1","",32,276,282,286,3086645,1848428,39167,844,"",1.00,0.64,0.66,0.67,0.26,0.48,0.68,0.39,"",1,3.2,106,62.4,110,64.0,98,52.1,1101380,55.5,644660,53.6,20671,111.8,-20,-2.3
"22055","5","518210","78","0","2018","1","N",19,0,0,0,0,0,0,0,"N",0.86,0,0,0,0,0,0,0,"N",5,35.7,0,0,0,0,0,0,0,0,0,0,0,0,0,0
"22057","5","518210","78","0","2018","1","N",3,0,0,0,0,0,0,0,"N",0.64,0,0,0,0,0,0,0,"N",1,50.0,0,0,0,0,0,0,0,0,0,0,0,0,0,0
"22059","5","518210","78","0","2018","1","-",0,0,0,0,0,0,0,0,"N",0.00,0,0,0,0,0,0,0,"N",0,0,0,0,0,0,0,0,0,0,0,0,0,0,0,0
"22061","5","518210","78","0","2018","1","-",0,0,0,0,0,0,0,0,"N",0.00,0,0,0,0,0,0,0,"N",-1,-100.0,0,0,0,0,0,0,0,0,0,0,0,0,0,0
"22063","5","518210","78","0","2018","1","",3,2,2,3,51133,23100,268,1686,"",0.59,0.03,0.03,0.05,0.04,0.05,0.03,1.03,"N",0,0.0,0,0,0,0,0,0,0,0,0,0,0,0,0,0
"22067","5","518210","78","0","2018","1","N",1,0,0,0,0,0,0,0,"N",0.82,0,0,0,0,0,0,0,"N",0,0.0,0,0,0,0,0,0,0,0,0,0,0,0,0,0
"22071","5","518210","78","0","2018","1","",58,242,252,253,5629784,1633534,32437,1739,"",1.99,0.55,0.56,0.56,0.40,0.44,0.57,0.72,"",11,23.4,41,20.4,43,20.6,47,22.8,712188,14.5,-451072,-21.6,-4900,-13.1,-103,-5.6
"22073","5","518210","78","0","2018","1","N",8,0,0,0,0,0,0,0,"N",0.74,0,0,0,0,0,0,0,"N",0,0.0,0,0,0,0,0,0,0,0,0,0,0,0,0,0
"22079","5","518210","78","0","2018","1","N",4,0,0,0,0,0,0,0,"N",0.48,0,0,0,0,0,0,0,"N",1,33.3,0,0,0,0,0,0,0,0,0,0,0,0,0,0
"22087","5","518210","78","0","2018","1","N",1,0,0,0,0,0,0,0,"N",0.55,0,0,0,0,0,0,0,"N",0,0.0,0,0,0,0,0,0,0,0,0,0,0,0,0,0
"22095","5","518210","78","0","2018","1","N",1,0,0,0,0,0,0,0,"N",0.48,0,0,0,0,0,0,0,"N",0,0.0,0,0,0,0,0,0,0,0,0,0,0,0,0,0
"22097","5","518210","78","0","2018","1","N",1,0,0,0,0,0,0,0,"N",0.23,0,0,0,0,0,0,0,"N",0,0.0,0,0,0,0,0,0,0,0,0,0,0,0,0,0
"22101","5","518210","78","0","2018","1","N",1,0,0,0,0,0,0,0,"N",0.30,0,0,0,0,0,0,0,"N",0,0.0,0,0,0,0,0,0,0,0,0,0,0,0,0,0
"22103","5","518210","78","0","2018","1","",30,99,93,96,1194334,643503,12676,957,"",1.58,0.50,0.47,0.48,0.23,0.38,0.54,0.47,"",7,30.4,28,39.4,22,31.0,19,24.7,298903,33.4,143753,28.8,2285,22.0,13,1.4
"22105","5","518210","78","0","2018","1","",5,6,6,6,42491,41449,872,545,"",0.73,0.06,0.06,0.06,0.02,0.06,0.09,0.36,"N",1,25.0,0,0,0,0,0,0,0,0,0,0,0,0,0,0
"22109","5","518210","78","0","2018","1","",4,9,9,9,93180,62922,1114,796,"",0.54,0.08,0.08,0.08,0.03,0.06,0.07,0.36,"",0,0.0,0,0.0,0,0.0,0,0.0,-5208,-5.3,-5780,-8.4,135,13.8,-45,-5.4
"22115","5","518210","78","0","2018","1","N",2,0,0,0,0,0,0,0,"N",0.94,0,0,0,0,0,0,0,"N",1,100.0,0,0,0,0,0,0,0,0,0,0,0,0,0,0
"22117","5","518210","78","0","2018","1","N",1,0,0,0,0,0,0,0,"N",0.55,0,0,0,0,0,0,0,"N",0,0.0,0,0,0,0,0,0,0,0,0,0,0,0,0,0
"22125","5","518210","78","0","2018","1","N",1,0,0,0,0,0,0,0,"N",1.69,0,0,0,0,0,0,0,"N",1,100.0,0,0,0,0,0,0,0,0,0,0,0,0,0,0
"22999","5","518210","78","0","2018","1","",13,62,60,60,935673,428448,6693,1186,"",2.07,0.96,0.89,0.89,0.38,0.52,0.41,0.41,"",-4,-23.5,-15,-19.5,-17,-22.1,-9,-13.0,-679919,-42.1,-194542,-31.2,-1772,-20.9,-486,-29.1
"23000","5","518210","58","0","2018","1","",81,623,596,581,11590514,6852612,103516,1486,"",0.67,0.46,0.44,0.43,0.32,0.51,0.43,0.73,"",15,22.7,43,7.4,24,4.2,-10,-1.7,828995,7.7,236522,3.6,-2096,-2.0,61,4.3
"23001","5","518210","78","0","2018","1","N",4,0,0,0,0,0,0,0,"N",0.55,0,0,0,0,0,0,0,"N",1,33.3,0,0,0,0,0,0,0,0,0,0,0,0,0,0
"23003","5","518210","78","0","2018","1","N",1,0,0,0,0,0,0,0,"N",0.18,0,0,0,0,0,0,0,"N",0,0.0,0,0,0,0,0,0,0,0,0,0,0,0,0,0
"23005","5","518210","78","0","2018","1","",30,251,250,250,4832751,2833626,39422,1485,"",0.94,0.61,0.61,0.61,0.38,0.60,0.49,0.62,"",8,36.4,29,13.1,29,13.1,31,14.2,707046,17.1,293118,11.5,4634,13.3,47,3.3
"23009","5","518210","78","0","2018","1","N",1,0,0,0,0,0,0,0,"N",0.17,0,0,0,0,0,0,0,"N",0,0.0,0,0,0,0,0,0,0,0,0,0,0,0,0,0
"23011","5","518210","78","0","2018","1","N",8,0,0,0,0,0,0,0,"N",0.89,0,0,0,0,0,0,0,"N",2,33.3,0,0,0,0,0,0,0,0,0,0,0,0,0,0
"23017","5","518210","78","0","2018","1","N",1,0,0,0,0,0,0,0,"N",0.27,0,0,0,0,0,0,0,"N",-2,-66.7,0,0,0,0,0,0,0,0,0,0,0,0,0,0
"23021","5","518210","78","0","2018","1","N",1,0,0,0,0,0,0,0,"N",0.77,0,0,0,0,0,0,0,"N",0,0.0,0,0,0,0,0,0,0,0,0,0,0,0,0,0
"23023","5","518210","78","0","2018","1","N",2,0,0,0,0,0,0,0,"N",0.77,0,0,0,0,0,0,0,"N",0,0.0,0,0,0,0,0,0,0,0,0,0,0,0,0,0
"23027","5","518210","78","0","2018","1","N",1,0,0,0,0,0,0,0,"N",0.36,0,0,0,0,0,0,0,"N",0,0.0,0,0,0,0,0,0,0,0,0,0,0,0,0,0
"23031","5","518210","78","0","2018","1","N",18,0,0,0,0,0,0,0,"N",1.14,0,0,0,0,0,0,0,"N",6,50.0,0,0,0,0,0,0,0,0,0,0,0,0,0,0
"23999","5","518210","78","0","2018","1","",14,31,30,25,670817,327819,5154,1800,"",1.67,1.21,1.15,0.96,0.60,0.75,0.60,0.54,"",3,27.3,13,72.2,15,100.0,9,56.2,288622,75.5,124772,61.4,1014,24.5,0,0.0
"24000","3","518210","58","0","2018","1","N",1,0,0,0,0,0,0,0,"N",0.57,0,0,0,0,0,0,0,"N",0,0.0,0,0,0,0,0,0,0,0,0,0,0,0,0,0
"24000","5","518210","58","0","2018","1","",345,3534,3594,3630,102381493,28160915,886877,2196,"",0.87,0.59,0.60,0.60,0.47,0.52,0.74,0.79,"",12,3.6,-121,-3.3,-56,-1.5,9,0.2,8248631,8.8,-830817,-2.9,-112344,-11.2,208,10.5
"24003","5","518210","78","0","2018","1","",29,189,205,221,6533969,1492248,24870,2452,"",0.82,0.31,0.34,0.36,0.31,0.25,0.21,0.93,"",1,3.6,13,7.4,24,13.3,39,21.4,1410484,27.5,201018,15.6,-2200,-8.1,258,11.8
"24005","5","518210","78","0","2018","1","",32,169,172,170,5141309,1400467,56479,2322,"",0.65,0.20,0.20,0.20,0.18,0.18,0.31,0.91,"",-2,-5.9,-166,-49.6,-126,-42.3,-101,-37.3,-1155189,-18.3,-1094575,-43.9,-41585,-42.4,715,44.5
"24009","5","518210","78","0","2018","1","",6,9,9,5,62073,37423,140,623,"",1.40,0.18,0.17,0.10,0.04,0.09,0.02,0.27,"",0,0.0,-19,-67.9,-19,-67.9,-19,-79.2,-197527,-76.1,-141737,-79.1,-444,-76.0,-126,-16.8
"24011","5","518210","78","0","2018","1","N",1,0,0,0,0,0,0,0,"N",0.63,0,0,0,0,0,0,0,"N",0,0.0,0,0,0,0,0,0,0,0,0,0,0,0,0,0
"24013","5","518210","78","0","2018","1","N",8,0,0,0,0,0,0,0,"N",0.76,0,0,0,0,0,0,0,"N",2,33.3,0,0,0,0,0,0,0,0,0,0,0,0,0,0
"24015","5","518210","78","0","2018","1","",3,6,6,6,73341,49415,1511,940,"",0.68,0.08,0.08,0.08,0.04,0.08,0.12,0.45,"N",0,0.0,0,0,0,0,0,0,0,0,0,0,0,0,0,0
"24017","5","518210","78","0","2018","1","N",3,0,0,0,0,0,0,0,"N",0.46,0,0,0,0,0,0,0,"N",1,50.0,0,0,0,0,0,0,0,0,0,0,0,0,0,0
"24019","5","518210","78","0","2018","1","N",1,0,0,0,0,0,0,0,"N",0.60,0,0,0,0,0,0,0,"N",0,0.0,0,0,0,0,0,0,0,0,0,0,0,0,0,0
"24021","5","518210","78","0","2018","1","",9,17,16,15,500293,139834,4529,2405,"",0.60,0.07,0.07,0.06,0.07,0.06,0.10,1.06,"",1,12.5,-1,-5.6,-1,-5.9,-3,-16.7,-226301,-31.1,1727,1.3,-1075,-19.2,-759,-24.0
"24023","5","518210","78","0","2018","1","N",2,0,0,0,0,0,0,0,"N",0.95,0,0,0,0,0,0,0,"N",0,0.0,0,0,0,0,0,0,0,0,0,0,0,0,0,0
"24025","5","518210","78","0","2018","1","N",3,0,0,0,0,0,0,0,"N",0.22,0,0,0,0,0,0,0,"N",-1,-25.0,0,0,0,0,0,0,0,0,0,0,0,0,0,0
"24027","5","518210","78","0","2018","1","",15,415,423,428,13859900,3601537,66285,2526,"",0.65,1.08,1.10,1.11,0.90,0.88,0.68,0.82,"N",0,0.0,0,0,0,0,0,0,0,0,0,0,0,0,0,0
"24031","5","518210","78","0","2018","1","",54,904,918,921,29622108,6759170,158990,2492,"",0.71,0.85,0.86,0.86,0.59,0.67,0.80,0.69,"",6,12.5,207,29.7,225,32.5,205,28.6,9293020,45.7,1764002,35.3,49998,45.9,264,11.8
"24033","5","518210","78","0","2018","1","",18,1049,1040,1049,29317090,8566235,437100,2156,"",0.48,1.47,1.44,1.47,1.23,1.39,3.13,0.84,"",-3,-14.3,74,7.6,64,6.6,80,8.3,4437320,17.8,416142,5.1,-24374,-5.3,190,9.7
"24035","5","518210","78","0","2018","1","N",1,0,0,0,0,0,0,0,"N",0.29,0,0,0,0,0,0,0,"N",0,0.0,0,0,0,0,0,0,0,0,0,0,0,0,0,0
"24037","5","518210","78","0","2018","1","-",0,0,0,0,0,0,0,0,"N",0.00,0,0,0,0,0,0,0,"N",0,0,0,0,0,0,0,0,0,0,0,0,0,0,0,0
"24041","5","518210","78","0","2018","1","N",1,0,0,0,0,0,0,0,"N",0.28,0,0,0,0,0,0,0,"N",0,0.0,0,0,0,0,0,0,0,0,0,0,0,0,0,0
"24043","5","518210","78","0","2018","1","N",5,0,0,0,0,0,0,0,"N",0.62,0,0,0,0,0,0,0,"N",2,66.7,0,0,0,0,0,0,0,0,0,0,0,0,0,0
"24045","5","518210","78","0","2018","1","N",2,0,0,0,0,0,0,0,"N",0.34,0,0,0,0,0,0,0,"N",0,0.0,0,0,0,0,0,0,0,0,0,0,0,0,0,0
"24047","5","518210","78","0","2018","1","",3,5,5,5,75160,38200,116,1156,"",0.60,0.11,0.11,0.10,0.08,0.11,0.01,0.76,"",0,0.0,0,0.0,0,0.0,0,0.0,3717,5.2,0,0.0,-195,-62.7,57,5.2
"24510","3","518210","78","0","2018","1","N",1,0,0,0,0,0,0,0,"N",7.23,0,0,0,0,0,0,0,"N",0,0.0,0,0,0,0,0,0,0,0,0,0,0,0,0,0
"24510","5","518210","78","0","2018","1","",24,222,217,220,4763869,1709478,32525,1668,"",0.76,0.29,0.28,0.28,0.16,0.30,0.24,0.57,"",3,14.3,17,8.3,18,9.0,22,11.1,413777,9.5,7175,0.4,-12125,-27.2,0,0.0
"24999","5","518210","78","0","2018","1","",125,252,259,255,8536660,2182797,40087,2572,"",2.57,1.61,1.63,1.60,0.96,0.94,0.67,0.59,"",3,2.5,-31,-11.0,-28,-9.8,-28,-9.9,-123499,-1.4,-286192,-11.6,-13553,-25.3,229,9.8
"25000","3","518210","58","0","2018","1","N",2,0,0,0,0,0,0,0,"N",0.78,0,0,0,0,0,0,0,"N",0,0.0,0,0,0,0,0,0,0,0,0,0,0,0,0,0
"25000","5","518210","58","0","2018","1","",567,8893,8881,8727,367958382,121478013,4804699,3204,"",0.97,1.12,1.11,1.09,1.02,1.07,1.23,0.93,"",74,15.0,233,2.7,175,2.0,-2,0.0,15722023,4.5,2546099,2.1,576593,13.6,89,2.9
"25001","3","518210","78","0","2018","1","N",1,0,0,0,0,0,0,0,"N",10.50,0,0,0,0,0,0,0,"N",0,0.0,0,0,0,0,0,0,0,0,0,0,0,0,0,0
"25001","5","518210","78","0","2018","1","N",5,0,0,0,0,0,0,0,"N",0.23,0,0,0,0,0,0,0,"N",0,0.0,0,0,0,0,0,0,0,0,0,0,0,0,0,0
"25003","5","518210","78","0","2018","1","",5,14,16,18,640230,249608,5609,3078,"",0.42,0.10,0.12,0.13,0.17,0.17,0.12,1.43,"N",2,66.7,0,0,0,0,0,0,0,0,0,0,0,0,0,0
"25005","5","518210","78","0","2018","1","",10,89,95,95,4094064,1380193,76155,3386,"",0.25,0.17,0.19,0.19,0.28,0.21,0.34,1.55,"",2,25.0,29,48.3,36,61.0,39,69.6,2269382,124.4,541865,64.6,41310,118.6,980,40.7
"25009","3","518210","78","0","2018","1","N",1,0,0,0,0,0,0,0,"N",3.80,0,0,0,0,0,0,0,"N",0,0.0,0,0,0,0,0,0,0,0,0,0,0,0,0,0
"25009","5","518210","78","0","2018","1","",29,282,287,286,6231208,3612118,151682,1682,"",0.48,0.39,0.39,0.39,0.24,0.37,0.46,0.62,"",3,11.5,28,11.0,28,10.8,23,8.7,901674,16.9,369762,11.4,28344,23.0,97,6.1
"25011","5","518210","78","0","2018","1","N",4,0,0,0,0,0,0,0,"N",0.70,0,0,0,0,0,0,0,"N",1,33.3,0,0,0,0,0,0,0,0,0,0,0,0,0,0
"25013","5","518210","78","0","2018","1","",6,35,37,38,372572,322399,7930,782,"",0.14,0.08,0.08,0.08,0.03,0.06,0.04,0.35,"",0,0.0,-5,-12.5,-4,-9.8,-4,-9.5,-80957,-17.9,-23735,-6.9,-869,-9.9,-69,-8.1
"25015","5","518210","78","0","2018","1","N",2,0,0,0,0,0,0,0,"N",0.18,0,0,0,0,0,0,0,"N",0,0.0,0,0,0,0,0,0,0,0,0,0,0,0,0,0
"25017","5","518210","78","0","2018","1","",174,4951,4989,4861,244890223,72646443,2975061,3818,"",1.37,2.40,2.41,2.34,2.22,2.24,2.54,0.93,"",22,14.5,46,0.9,45,0.9,-82,-1.7,25017643,11.4,1177385,1.6,360173,13.8,388,11.3
"25021","5","518210","78","0","2018","1","",44,754,714,708,22642269,6005935,265254,2401,"",0.76,0.94,0.90,0.89,0.74,0.52,0.64,0.82,"",5,12.8,-93,-11.0,-128,-15.2,-129,-15.4,-3476555,-13.3,-615824,-9.3,22544,9.3,15,0.6
"25023","5","518210","78","0","2018","1","",25,612,566,541,19219618,8823683,280109,2580,"",0.68,1.42,1.32,1.25,1.49,1.59,1.45,1.12,"",5,25.0,98,19.1,46,8.8,17,3.2,4640823,31.8,1485107,20.2,98700,54.4,421,19.5
"25025","5","518210","78","0","2018","1","",94,1303,1338,1350,51112614,19644300,749298,2955,"",1.35,0.86,0.88,0.88,0.50,0.87,1.01,0.57,"",16,20.5,201,18.2,227,20.4,229,20.4,4015266,8.5,3508518,21.7,179294,31.5,-305,-9.4
"25027","5","518210","78","0","2018","1","",33,361,354,354,5608064,2455937,62359,1211,"",0.56,0.46,0.45,0.45,0.22,0.24,0.19,0.48,"",6,22.2,-109,-23.2,-107,-23.2,-102,-22.4,-17627672,-75.9,-4293152,-63.6,-179198,-74.2,-2655,-68.7
"25999","5","518210","78","0","2018","1","",136,294,285,276,9761000,3989047,148501,2635,"",3.73,2.63,2.50,2.45,1.27,1.57,1.36,0.50,"",12,9.7,7,2.4,3,1.1,-16,-5.5,-445960,-4.4,98187,2.5,15551,11.7,-101,-3.7
"26000","5","518210","58","0","2018","1","",1212,6664,6775,6775,153460709,57475781,1679165,1752,"",2.15,0.69,0.70,0.70,0.49,0.60,0.51,0.71,"",180,17.4,455,7.3,426,6.7,387,6.1,21356010,16.2,3693991,6.9,41755,2.6,143,8.9
"26005","5","518210","78","0","2018","1","",3,12,11,10,65903,35543,407,461,"",0.60,0.14,0.13,0.12,0.03,0.04,0.02,0.21,"N",1,50.0,0,0,0,0,0,0,0,0,0,0,0,0,0,0
"26009","5","518210","78","0","2018","1","-",0,0,0,0,0,0,0,0,"N",0.00,0,0,0,0,0,0,0,"N",0,0,0,0,0,0,0,0,0,0,0,0,0,0,0,0
"26017","5","518210","78","0","2018","1","N",3,0,0,0,0,0,0,0,"N",0.63,0,0,0,0,0,0,0,"N",0,0.0,0,0,0,0,0,0,0,0,0,0,0,0,0,0
"26019","5","518210","78","0","2018","1","N",1,0,0,0,0,0,0,0,"N",1.00,0,0,0,0,0,0,0,"N",0,0.0,0,0,0,0,0,0,0,0,0,0,0,0,0,0
"26021","5","518210","78","0","2018","1","N",3,0,0,0,0,0,0,0,"N",0.39,0,0,0,0,0,0,0,"N",0,0.0,0,0,0,0,0,0,0,0,0,0,0,0,0,0
"26023","5","518210","78","0","2018","1","N",2,0,0,0,0,0,0,0,"N",1.12,0,0,0,0,0,0,0,"N",1,100.0,0,0,0,0,0,0,0,0,0,0,0,0,0,0
"26025","5","518210","78","0","2018","1","N",2,0,0,0,0,0,0,0,"N",0.39,0,0,0,0,0,0,0,"N",1,100.0,0,0,0,0,0,0,0,0,0,0,0,0,0,0
"26027","5","518210","78","0","2018","1","N",1,0,0,0,0,0,0,0,"N",0.60,0,0,0,0,0,0,0,"N",1,100.0,0,0,0,0,0,0,0,0,0,0,0,0,0,0
"26031","5","518210","78","0","2018","1","",4,4,4,4,44849,24300,402,862,"",2.28,0.32,0.32,0.31,0.19,0.23,0.08,0.59,"N",1,33.3,0,0,0,0,0,0,0,0,0,0,0,0,0,0
"26037","5","518210","78","0","2018","1","",3,6,6,7,37770,31770,1145,459,"",1.08,0.17,0.17,0.19,0.04,0.09,0.10,0.25,"N",1,50.0,0,0,0,0,0,0,0,0,0,0,0,0,0,0
"26043","5","518210","78","0","2018","1","N",2,0,0,0,0,0,0,0,"N",1.06,0,0,0,0,0,0,0,"N",0,0.0,0,0,0,0,0,0,0,0,0,0,0,0,0,0
"26045","5","518210","78","0","2018","1","N",6,0,0,0,0,0,0,0,"N",1.41,0,0,0,0,0,0,0,"N",2,50.0,0,0,0,0,0,0,0,0,0,0,0,0,0,0
"26047","5","518210","78","0","2018","1","N",2,0,0,0,0,0,0,0,"N",0.63,0,0,0,0,0,0,0,"N",0,0.0,0,0,0,0,0,0,0,0,0,0,0,0,0,0
"26049","5","518210","78","0","2018","1","",14,111,109,108,974903,574728,10583,686,"",0.89,0.37,0.36,0.36,0.12,0.22,0.12,0.34,"",1,7.7,18,19.4,11,11.2,16,17.4,222912,29.6,109939,23.7,1643,18.4,73,11.9
"26055","5","518210","78","0","2018","1","",10,87,86,89,1411296,716269,11462,1243,"",1.34,0.80,0.79,0.81,0.51,0.75,0.37,0.63,"",2,25.0,8,10.1,5,6.2,8,9.9,257597,22.3,97151,15.7,-4726,-29.2,138,12.5
"26061","5","518210","78","0","2018","1","N",2,0,0,0,0,0,0,0,"N",1.03,0,0,0,0,0,0,0,"N",0,0.0,0,0,0,0,0,0,0,0,0,0,0,0,0,0
"26065","5","518210","78","0","2018","1","",15,131,134,142,2468175,1154379,35228,1399,"",1.09,0.39,0.39,0.41,0.23,0.48,0.47,0.59,"",5,50.0,34,35.1,31,30.1,41,40.6,351686,16.6,294164,34.2,3958,12.7,-224,-13.8
"26067","5","518210","78","0","2018","1","N",1,0,0,0,0,0,0,0,"N",0.44,0,0,0,0,0,0,0,"N",-1,-50.0,0,0,0,0,0,0,0,0,0,0,0,0,0,0
"26073","5","518210","78","0","2018","1","N",2,0,0,0,0,0,0,0,"N",0.68,0,0,0,0,0,0,0,"N",0,0.0,0,0,0,0,0,0,0,0,0,0,0,0,0,0
"26075","5","518210","78","0","2018","1","",6,31,32,27,472585,288122,8435,1212,"",1.00,0.24,0.25,0.21,0.13,0.25,0.21,0.57,"",2,50.0,8,34.8,9,39.1,2,8.0,191359,68.0,114270,65.7,2741,48.1,298,32.6
"26077","5","518210","78","0","2018","1","N",7,0,0,0,0,0,0,0,"N",0.61,0,0,0,0,0,0,0,"N",2,40.0,0,0,0,0,0,0,0,0,0,0,0,0,0,0
"26079","5","518210","78","0","2018","1","N",1,0,0,0,0,0,0,0,"N",1.41,0,0,0,0,0,0,0,"N",0,0.0,0,0,0,0,0,0,0,0,0,0,0,0,0,0
"26081","5","518210","78","0","2018","1","",43,495,494,503,9243704,3993188,87945,1430,"",1.29,0.55,0.54,0.55,0.36,0.45,0.33,0.66,"",4,10.3,2,0.4,-1,-0.2,3,0.6,-82657,-0.9,-80212,-2.0,-3708,-4.0,-16,-1.1
"26087","5","518210","78","0","2018","1","N",1,0,0,0,0,0,0,0,"N",0.29,0,0,0,0,0,0,0,"N",0,0.0,0,0,0,0,0,0,0,0,0,0,0,0,0,0
"26089","5","518210","78","0","2018","1","N",2,0,0,0,0,0,0,0,"N",1.29,0,0,0,0,0,0,0,"N",1,100.0,0,0,0,0,0,0,0,0,0,0,0,0,0,0
"26091","5","518210","78","0","2018","1","N",2,0,0,0,0,0,0,0,"N",0.50,0,0,0,0,0,0,0,"N",0,0.0,0,0,0,0,0,0,0,0,0,0,0,0,0,0
"26093","5","518210","78","0","2018","1","",10,151,144,126,1603012,1087871,50878,879,"",0.93,1.10,1.05,0.91,0.46,0.79,1.09,0.45,"",2,25.0,-13,-7.9,-26,-15.3,-48,-27.6,49534,3.2,-17157,-1.6,-1704,-3.2,173,24.5
"26099","5","518210","78","0","2018","1","N",26,0,0,0,0,0,0,0,"N",0.64,0,0,0,0,0,0,0,"N",3,13.0,0,0,0,0,0,0,0,0,0,0,0,0,0,0
"26101","5","518210","78","0","2018","1","N",1,0,0,0,0,0,0,0,"N",0.82,0,0,0,0,0,0,0,"N",1,100.0,0,0,0,0,0,0,0,0,0,0,0,0,0,0
"26109","5","518210","78","0","2018","1","N",1,0,0,0,0,0,0,0,"N",0.95,0,0,0,0,0,0,0,"N",0,0.0,0,0,0,0,0,0,0,0,0,0,0,0,0,0
"26111","5","518210","78","0","2018","1","N",6,0,0,0,0,0,0,0,"N",0.83,0,0,0,0,0,0,0,"N",2,50.0,0,0,0,0,0,0,0,0,0,0,0,0,0,0
"26115","5","518210","78","0","2018","1","N",3,0,0,0,0,0,0,0,"N",0.62,0,0,0,0,0,0,0,"N",0,0.0,0,0,0,0,0,0,0,0,0,0,0,0,0,0
"26121","5","518210","78","0","2018","1","N",3,0,0,0,0,0,0,0,"N",0.46,0,0,0,0,0,0,0,"N",1,50.0,0,0,0,0,0,0,0,0,0,0,0,0,0,0
"26123","5","518210","78","0","2018","1","N",1,0,0,0,0,0,0,0,"N",0.57,0,0,0,0,0,0,0,"N",0,0.0,0,0,0,0,0,0,0,0,0,0,0,0,0,0
"26125","5","518210","78","0","2018","1","",148,1700,1720,1734,42043059,14886668,450957,1882,"",1.64,1.03,1.04,1.05,0.67,0.79,0.66,0.64,"",5,3.5,62,3.8,30,1.8,27,1.6,3822628,10.0,172648,1.2,1261,0.3,130,7.4
"26133","5","518210","78","0","2018","1","N",1,0,0,0,0,0,0,0,"N",0.97,0,0,0,0,0,0,0,"N",0,0.0,0,0,0,0,0,0,0,0,0,0,0,0,0,0
"26137","5","518210","78","0","2018","1","N",1,0,0,0,0,0,0,0,"N",0.62,0,0,0,0,0,0,0,"N",0,0.0,0,0,0,0,0,0,0,0,0,0,0,0,0,0
"26139","5","518210","78","0","2018","1","",11,35,29,28,369943,235338,9687,928,"",0.85,0.13,0.10,0.10,0.05,0.08,0.10,0.43,"",1,10.0,-8,-18.6,-14,-32.6,-12,-30.0,-83102,-18.3,-38708,-14.1,-3436,-26.2,98,11.8
"26143","5","518210","78","0","2018","1","N",1,0,0,0,0,0,0,0,"N",0.87,0,0,0,0,0,0,0,"N",0,0.0,0,0,0,0,0,0,0,0,0,0,0,0,0,0
"26145","5","518210","78","0","2018","1","N",2,0,0,0,0,0,0,0,"N",0.23,0,0,0,0,0,0,0,"N",0,0.0,0,0,0,0,0,0,0,0,0,0,0,0,0,0
"26147","5","518210","78","0","2018","1","N",1,0,0,0,0,0,0,0,"N",0.16,0,0,0,0,0,0,0,"N",0,0.0,0,0,0,0,0,0,0,0,0,0,0,0,0,0
"26151","5","518210","78","0","2018","1","-",0,0,0,0,0,0,0,0,"N",0.00,0,0,0,0,0,0,0,"N",0,0,0,0,0,0,0,0,0,0,0,0,0,0,0,0
"26155","5","518210","78","0","2018","1","N",1,0,0,0,0,0,0,0,"N",0.40,0,0,0,0,0,0,0,"N",1,100.0,0,0,0,0,0,0,0,0,0,0,0,0,0,0
"26157","5","518210","78","0","2018","1","N",1,0,0,0,0,0,0,0,"N",0.53,0,0,0,0,0,0,0,"N",0,0.0,0,0,0,0,0,0,0,0,0,0,0,0,0,0
"26159","5","518210","78","0","2018","1","N",1,0,0,0,0,0,0,0,"N",0.33,0,0,0,0,0,0,0,"N",1,100.0,0,0,0,0,0,0,0,0,0,0,0,0,0,0
"26161","5","518210","78","0","2018","1","",50,1008,1025,1007,28791229,8996059,255124,2186,"",2.65,2.12,2.11,2.07,1.77,2.79,2.59,0.85,"",3,6.4,54,5.7,54,5.6,31,3.2,4656600,19.3,411528,4.8,-16400,-6.0,266,13.9
"26163","5","518210","78","0","2018","1","",55,736,798,786,15033822,6367602,219366,1495,"",0.77,0.45,0.49,0.48,0.25,0.37,0.35,0.52,"",8,17.0,-22,-2.9,36,4.7,22,2.9,1442984,10.6,354438,5.9,20216,10.2,122,8.9
"26999","5","518210","78","0","2018","1","",750,1449,1487,1497,39516366,13068953,355046,2057,"",10.89,4.93,4.95,4.93,3.13,3.23,2.61,0.63,"",129,20.8,389,36.7,371,33.2,367,32.5,11800142,42.6,3070797,30.7,76253,27.4,122,6.3
"27000","3","518210","58","0","2018","1","",7,1002,997,998,17935458,0,0,1381,"",4.03,17.78,17.82,17.92,18.49,0.00,0.00,1.04,"",0,0.0,-10,-1.0,-16,-1.6,-25,-2.4,-131371,-0.7,0,0.0,0,0.0,13,1.0
"27000","5","518210","58","0","2018","1","",521,7317,7310,7233,209097936,137125585,1130699,2207,"",1.32,1.14,1.13,1.12,0.93,1.31,0.98,0.82,"",74,16.6,428,6.2,366,5.3,318,4.6,32183945,18.2,10384303,8.2,2391,0.2,239,12.1
"27003","5","518210","78","0","2018","1","",6,13,14,14,167558,165358,768,943,"",0.36,0.05,0.05,0.05,0.02,0.04,0.02,0.42,"",0,0.0,3,30.0,2,16.7,2,16.7,22374,15.4,21379,14.8,42,5.8,-42,-4.3
"27005","5","518210","78","0","2018","1","-",0,0,0,0,0,0,0,0,"N",0.00,0,0,0,0,0,0,0,"N",0,0,0,0,0,0,0,0,0,0,0,0,0,0,0,0
"27007","5","518210","78","0","2018","1","N",1,0,0,0,0,0,0,0,"N",0.36,0,0,0,0,0,0,0,"N",1,100.0,0,0,0,0,0,0,0,0,0,0,0,0,0,0
"27009","5","518210","78","0","2018","1","-",0,0,0,0,0,0,0,0,"N",0.00,0,0,0,0,0,0,0,"N",0,0,0,0,0,0,0,0,0,0,0,0,0,0,0,0
"27013","3","518210","78","0","2018","1","N",2,0,0,0,0,0,0,0,"N",97.50,0,0,0,0,0,0,0,"N",0,0.0,0,0,0,0,0,0,0,0,0,0,0,0,0,0
"27013","5","518210","78","0","2018","1","N",1,0,0,0,0,0,0,0,"N",0.21,0,0,0,0,0,0,0,"N",0,0.0,0,0,0,0,0,0,0,0,0,0,0,0,0,0
"27019","5","518210","78","0","2018","1","",5,28,29,28,515584,404613,11682,1400,"",0.89,0.31,0.33,0.32,0.18,0.27,0.78,0.58,"",1,25.0,3,12.0,4,16.0,1,3.7,53740,11.6,-40676,-9.1,3340,40.0,16,1.2
"27025","5","518210","78","0","2018","1","N",3,0,0,0,0,0,0,0,"N",1.14,0,0,0,0,0,0,0,"N",0,0.0,0,0,0,0,0,0,0,0,0,0,0,0,0,0
"27027","3","518210","78","0","2018","1","N",1,0,0,0,0,0,0,0,"N",72.02,0,0,0,0,0,0,0,"N",0,0.0,0,0,0,0,0,0,0,0,0,0,0,0,0,0
"27027","5","518210","78","0","2018","1","N",1,0,0,0,0,0,0,0,"N",0.32,0,0,0,0,0,0,0,"N",0,0.0,0,0,0,0,0,0,0,0,0,0,0,0,0,0
"27037","5","518210","78","0","2018","1","",25,301,298,288,5045715,4486824,34890,1313,"",1.08,0.71,0.70,0.68,0.35,0.59,0.39,0.51,"",2,8.7,-13,-4.1,-13,-4.2,-25,-8.0,-539685,-9.7,-411673,-8.4,-16909,-32.6,-61,-4.4
"27047","5","518210","78","0","2018","1","N",1,0,0,0,0,0,0,0,"N",0.54,0,0,0,0,0,0,0,"N",1,100.0,0,0,0,0,0,0,0,0,0,0,0,0,0,0
"27051","5","518210","78","0","2018","1","N",1,0,0,0,0,0,0,0,"N",1.66,0,0,0,0,0,0,0,"N",1,100.0,0,0,0,0,0,0,0,0,0,0,0,0,0,0
"27053","3","518210","78","0","2018","1","N",2,0,0,0,0,0,0,0,"N",4.98,0,0,0,0,0,0,0,"N",0,0.0,0,0,0,0,0,0,0,0,0,0,0,0,0,0
"27053","5","518210","78","0","2018","1","",134,4444,4415,4367,144401629,89386738,672885,2520,"",1.47,2.12,2.10,2.09,1.55,2.07,1.56,0.74,"",33,32.7,346,8.4,262,6.3,245,5.9,27252299,23.3,7066143,8.6,38729,6.1,335,15.3
"27055","5","518210","78","0","2018","1","N",2,0,0,0,0,0,0,0,"N",1.98,0,0,0,0,0,0,0,"N",0,0.0,0,0,0,0,0,0,0,0,0,0,0,0,0,0
"27061","5","518210","78","0","2018","1","N",1,0,0,0,0,0,0,0,"N",0.36,0,0,0,0,0,0,0,"N",-1,-50.0,0,0,0,0,0,0,0,0,0,0,0,0,0,0
"27067","5","518210","78","0","2018","1","N",1,0,0,0,0,0,0,0,"N",0.31,0,0,0,0,0,0,0,"N",-1,-50.0,0,0,0,0,0,0,0,0,0,0,0,0,0,0
"27079","5","518210","78","0","2018","1","-",0,0,0,0,0,0,0,0,"N",0.00,0,0,0,0,0,0,0,"N",0,0,0,0,0,0,0,0,0,0,0,0,0,0,0,0
"27099","5","518210","78","0","2018","1","N",1,0,0,0,0,0,0,0,"N",0.52,0,0,0,0,0,0,0,"N",0,0.0,0,0,0,0,0,0,0,0,0,0,0,0,0,0
"27109","5","518210","78","0","2018","1","",4,10,10,10,212112,202001,2012,1632,"",0.50,0.04,0.04,0.04,0.03,0.11,0.09,0.56,"N",3,300.0,0,0,0,0,0,0,0,0,0,0,0,0,0,0
"27111","5","518210","78","0","2018","1","N",1,0,0,0,0,0,0,0,"N",0.25,0,0,0,0,0,0,0,"N",-1,-50.0,0,0,0,0,0,0,0,0,0,0,0,0,0,0
"27115","5","518210","78","0","2018","1","N",1,0,0,0,0,0,0,0,"N",0.69,0,0,0,0,0,0,0,"N",0,0.0,0,0,0,0,0,0,0,0,0,0,0,0,0,0
"27123","3","518210","78","0","2018","1","N",1,0,0,0,0,0,0,0,"N",7.29,0,0,0,0,0,0,0,"N",0,0.0,0,0,0,0,0,0,0,0,0,0,0,0,0,0
"27123","5","518210","78","0","2018","1","",24,1596,1614,1610,30052448,21624393,202080,1439,"",0.77,2.12,2.13,2.15,1.00,1.76,1.62,0.47,"",3,14.3,0,0.0,7,0.4,10,0.6,1545271,5.4,1036307,5.0,-51050,-20.2,69,5.0
"27131","5","518210","78","0","2018","1","N",1,0,0,0,0,0,0,0,"N",0.28,0,0,0,0,0,0,0,"N",0,0.0,0,0,0,0,0,0,0,0,0,0,0,0,0,0
"27137","3","518210","78","0","2018","1","N",1,0,0,0,0,0,0,0,"N",18.65,0,0,0,0,0,0,0,"N",0,0.0,0,0,0,0,0,0,0,0,0,0,0,0,0,0
"27137","5","518210","78","0","2018","1","N",5,0,0,0,0,0,0,0,"N",0.41,0,0,0,0,0,0,0,"N",0,0.0,0,0,0,0,0,0,0,0,0,0,0,0,0,0
"27139","5","518210","78","0","2018","1","N",3,0,0,0,0,0,0,0,"N",0.41,0,0,0,0,0,0,0,"N",-1,-25.0,0,0,0,0,0,0,0,0,0,0,0,0,0,0
"27145","5","518210","78","0","2018","1","",6,59,58,58,1446544,1063776,9291,1908,"",0.60,0.30,0.30,0.30,0.27,0.43,0.36,0.89,"",1,20.0,12,25.5,13,28.9,10,20.8,261275,22.0,173225,19.5,252,2.8,-46,-2.4
"27163","5","518210","78","0","2018","1","",6,15,17,17,184709,177943,952,870,"",0.46,0.08,0.09,0.09,0.03,0.06,0.03,0.40,"N",1,20.0,0,0,0,0,0,0,0,0,0,0,0,0,0,0
"27169","5","518210","78","0","2018","1","N",1,0,0,0,0,0,0,0,"N",0.37,0,0,0,0,0,0,0,"N",1,100.0,0,0,0,0,0,0,0,0,0,0,0,0,0,0
"27999","5","518210","78","0","2018","1","",286,644,646,629,24220565,16926462,178857,2913,"",5.58,5.00,4.91,4.93,3.20,3.99,3.44,0.65,"",30,11.7,87,15.6,103,19.0,80,14.6,3720241,18.1,2617137,18.3,34271,23.7,44,1.5
"28000","5","518210","58","0","2018","1","",94,850,858,855,11704044,6907776,23995,1054,"",0.56,0.33,0.34,0.33,0.20,0.26,0.16,0.60,"",-1,-1.1,-1,-0.1,2,0.2,-45,-5.0,250180,2.2,-149293,-2.1,-16174,-40.3,40,3.9
"28027","5","518210","78","0","2018","1","N",2,0,0,0,0,0,0,0,"N",1.41,0,0,0,0,0,0,0,"N",1,100.0,0,0,0,0,0,0,0,0,0,0,0,0,0,0
"28033","5","518210","78","0","2018","1","N",2,0,0,0,0,0,0,0,"N",0.29,0,0,0,0,0,0,0,"N",0,0.0,0,0,0,0,0,0,0,0,0,0,0,0,0,0
"28035","5","518210","78","0","2018","1","N",1,0,0,0,0,0,0,0,"N",0.23,0,0,0,0,0,0,0,"N",0,0.0,0,0,0,0,0,0,0,0,0,0,0,0,0,0
"28045","5","518210","78","0","2018","1","N",1,0,0,0,0,0,0,0,"N",0.50,0,0,0,0,0,0,0,"N",0,0.0,0,0,0,0,0,0,0,0,0,0,0,0,0,0
"28047","5","518210","78","0","2018","1","N",3,0,0,0,0,0,0,0,"N",0.28,0,0,0,0,0,0,0,"N",0,0.0,0,0,0,0,0,0,0,0,0,0,0,0,0,0
"28049","5","518210","78","0","2018","1","",6,16,15,16,123756,110098,282,608,"",0.45,0.06,0.05,0.06,0.02,0.05,0.03,0.29,"",0,0.0,8,100.0,2,15.4,0,0.0,12666,11.4,14304,14.9,-885,-75.8,-85,-12.3
"28067","5","518210","78","0","2018","1","N",1,0,0,0,0,0,0,0,"N",0.32,0,0,0,0,0,0,0,"N",0,0.0,0,0,0,0,0,0,0,0,0,0,0,0,0,0
"28071","5","518210","78","0","2018","1","N",1,0,0,0,0,0,0,0,"N",0.33,0,0,0,0,0,0,0,"N",-1,-50.0,0,0,0,0,0,0,0,0,0,0,0,0,0,0
"28081","5","518210","78","0","2018","1","N",1,0,0,0,0,0,0,0,"N",0.18,0,0,0,0,0,0,0,"N",0,0.0,0,0,0,0,0,0,0,0,0,0,0,0,0,0
"28083","5","518210","78","0","2018","1","N",1,0,0,0,0,0,0,0,"N",0.53,0,0,0,0,0,0,0,"N",0,0.0,0,0,0,0,0,0,0,0,0,0,0,0,0,0
"28085","5","518210","78","0","2018","1","N",1,0,0,0,0,0,0,0,"N",0.54,0,0,0,0,0,0,0,"N",0,0.0,0,0,0,0,0,0,0,0,0,0,0,0,0,0
"28087","5","518210","78","0","2018","1","N",1,0,0,0,0,0,0,0,"N",0.28,0,0,0,0,0,0,0,"N",0,0.0,0,0,0,0,0,0,0,0,0,0,0,0,0,0
"28089","5","518210","78","0","2018","1","",10,88,94,88,1429240,945979,3987,1222,"",1.29,0.71,0.75,0.71,0.46,0.55,0.53,0.63,"",-1,-9.1,-36,-29.0,-29,-23.6,-56,-38.9,-210326,-12.8,-212468,-18.3,-12021,-75.1,254,26.2
"28091","5","518210","78","0","2018","1","N",1,0,0,0,0,0,0,0,"N",0.79,0,0,0,0,0,0,0,"N",0,0.0,0,0,0,0,0,0,0,0,0,0,0,0,0,0
"28105","5","518210","78","0","2018","1","N",1,0,0,0,0,0,0,0,"N",0.47,0,0,0,0,0,0,0,"N",0,0.0,0,0,0,0,0,0,0,0,0,0,0,0,0,0
"28113","5","518210","78","0","2018","1","N",2,0,0,0,0,0,0,0,"N",0.85,0,0,0,0,0,0,0,"N",0,0.0,0,0,0,0,0,0,0,0,0,0,0,0,0,0
"28121","5","518210","78","0","2018","1","",3,4,4,4,29166,29166,0,561,"",0.33,0.03,0.03,0.03,0.01,0.02,0.00,0.31,"N",0,0.0,0,0,0,0,0,0,0,0,0,0,0,0,0,0
"28137","5","518210","78","0","2018","1","N",1,0,0,0,0,0,0,0,"N",1.17,0,0,0,0,0,0,0,"N",0,0.0,0,0,0,0,0,0,0,0,0,0,0,0,0,0
"28999","5","518210","78","0","2018","1","",55,109,117,116,2677692,1236483,8779,1807,"",2.46,1.53,1.60,1.57,1.05,1.01,0.86,0.67,"",0,0.0,9,9.0,18,18.2,21,22.1,128024,5.0,117299,10.5,-293,-3.2,-194,-9.7
"29000","3","518210","58","0","2018","1","N",1,0,0,0,0,0,0,0,"N",0.51,0,0,0,0,0,0,0,"N",0,0.0,0,0,0,0,0,0,0,0,0,0,0,0,0,0
"29000","5","518210","58","0","2018","1","",371,10607,10654,10647,438983074,117399298,1198447,3175,"",0.83,1.70,1.70,1.69,2.44,1.71,1.49,1.44,"",-1,-0.3,570,5.7,583,5.8,510,5.0,85538449,24.2,3828432,3.4,132906,12.5,478,17.7
"29009","5","518210","78","0","2018","1","-",0,0,0,0,0,0,0,0,"N",0.00,0,0,0,0,0,0,0,"N",0,0,0,0,0,0,0,0,0,0,0,0,0,0,0,0
"29019","5","518210","78","0","2018","1","",4,7,7,9,46275,36529,887,464,"",0.37,0.03,0.03,0.04,0.01,0.02,0.05,0.24,"",-2,-33.3,-4,-36.4,-4,-36.4,-2,-18.2,-59018,-56.1,-48659,-57.1,-307,-25.7,-272,-37.0
"29021","5","518210","78","0","2018","1","N",1,0,0,0,0,0,0,0,"N",0.18,0,0,0,0,0,0,0,"N",0,0.0,0,0,0,0,0,0,0,0,0,0,0,0,0,0
"29023","5","518210","78","0","2018","1","N",2,0,0,0,0,0,0,0,"N",0.58,0,0,0,0,0,0,0,"N",2,100.0,0,0,0,0,0,0,0,0,0,0,0,0,0,0
"29029","5","518210","78","0","2018","1","N",2,0,0,0,0,0,0,0,"N",0.55,0,0,0,0,0,0,0,"N",1,100.0,0,0,0,0,0,0,0,0,0,0,0,0,0,0
"29031","5","518210","78","0","2018","1","N",2,0,0,0,0,0,0,0,"N",0.33,0,0,0,0,0,0,0,"N",1,100.0,0,0,0,0,0,0,0,0,0,0,0,0,0,0
"29037","5","518210","78","0","2018","1","",4,12,13,11,173476,123145,1004,1112,"",0.82,0.20,0.22,0.18,0.14,0.20,0.13,0.70,"",0,0.0,1,9.1,0,0.0,-1,-8.3,19960,13.0,18480,17.7,40,4.1,128,13.0
"29043","5","518210","78","0","2018","1","N",1,0,0,0,0,0,0,0,"N",0.23,0,0,0,0,0,0,0,"N",0,0.0,0,0,0,0,0,0,0,0,0,0,0,0,0,0
"29047","5","518210","78","0","2018","1","",11,76,77,82,1591226,873507,14791,1563,"",0.87,0.33,0.33,0.35,0.24,0.31,0.41,0.72,"",0,0.0,-57,-42.9,-59,-43.4,-53,-39.3,-859257,-35.1,-596766,-40.6,-9540,-39.2,163,11.6
"29051","5","518210","78","0","2018","1","",7,358,361,356,3957509,3248308,32225,850,"",1.30,3.01,3.01,2.97,1.41,3.58,2.93,0.47,"",0,0.0,-11,-3.0,-5,-1.4,-18,-4.8,39618,1.0,-50049,-1.5,-187,-0.6,35,4.3
"29053","5","518210","78","0","2018","1","N",1,0,0,0,0,0,0,0,"N",0.96,0,0,0,0,0,0,0,"N",1,100.0,0,0,0,0,0,0,0,0,0,0,0,0,0,0
"29071","5","518210","78","0","2018","1","N",1,0,0,0,0,0,0,0,"N",0.15,0,0,0,0,0,0,0,"N",0,0.0,0,0,0,0,0,0,0,0,0,0,0,0,0,0
"29077","5","518210","78","0","2018","1","",12,469,469,466,4570702,3383220,51062,751,"",0.60,1.26,1.24,1.23,0.50,0.89,1.32,0.40,"",0,0.0,174,59.0,151,47.5,133,39.9,1169933,34.4,945916,38.8,9280,22.2,-79,-9.5
"29095","5","518210","78","0","2018","1","",41,2744,2713,2699,67982564,29654976,348140,1924,"",0.85,3.32,3.26,3.23,2.52,3.04,3.11,0.77,"",-4,-8.9,115,4.4,31,1.2,-6,-0.2,2591969,4.0,-71290,-0.2,176539,102.9,41,2.2
"29097","5","518210","78","0","2018","1","-",0,0,0,0,0,0,0,0,"N",0.00,0,0,0,0,0,0,0,"N",-1,-100.0,0,0,0,0,0,0,0,0,0,0,0,0,0,0
"29099","5","518210","78","0","2018","1","N",2,0,0,0,0,0,0,0,"N",0.21,0,0,0,0,0,0,0,"N",0,0.0,0,0,0,0,0,0,0,0,0,0,0,0,0,0
"29105","5","518210","78","0","2018","1","N",1,0,0,0,0,0,0,0,"N",0.53,0,0,0,0,0,0,0,"N",1,100.0,0,0,0,0,0,0,0,0,0,0,0,0,0,0
"29113","5","518210","78","0","2018","1","N",1,0,0,0,0,0,0,0,"N",0.43,0,0,0,0,0,0,0,"N",0,0.0,0,0,0,0,0,0,0,0,0,0,0,0,0,0
"29121","5","518210","78","0","2018","1","N",1,0,0,0,0,0,0,0,"N",1.06,0,0,0,0,0,0,0,"N",1,100.0,0,0,0,0,0,0,0,0,0,0,0,0,0,0
"29141","5","518210","78","0","2018","1","N",3,0,0,0,0,0,0,0,"N",2.55,0,0,0,0,0,0,0,"N",0,0.0,0,0,0,0,0,0,0,0,0,0,0,0,0,0
"29159","5","518210","78","0","2018","1","N",2,0,0,0,0,0,0,0,"N",0.72,0,0,0,0,0,0,0,"N",1,100.0,0,0,0,0,0,0,0,0,0,0,0,0,0,0
"29165","5","518210","78","0","2018","1","",9,218,221,220,4104646,2147355,22461,1437,"",1.51,2.06,2.07,2.07,1.35,1.62,1.37,0.65,"",1,12.5,42,23.9,48,27.7,39,21.5,274127,7.2,54152,2.6,-7443,-24.9,-231,-13.8
"29167","5","518210","78","0","2018","1","-",0,0,0,0,0,0,0,0,"N",0.00,0,0,0,0,0,0,0,"N",-1,-100.0,0,0,0,0,0,0,0,0,0,0,0,0,0,0
"29169","5","518210","78","0","2018","1","-",0,0,0,0,0,0,0,0,"N",0.00,0,0,0,0,0,0,0,"N",0,0,0,0,0,0,0,0,0,0,0,0,0,0,0,0
"29183","5","518210","78","0","2018","1","",19,2802,2819,2831,223648463,36529380,306378,6106,"",0.89,8.50,8.51,8.49,23.62,9.71,5.09,2.78,"",-3,-13.6,22,0.8,32,1.1,41,1.5,55622442,33.1,44081,0.1,-43048,-12.3,1466,31.6
"29187","5","518210","78","0","2018","1","N",1,0,0,0,0,0,0,0,"N",0.24,0,0,0,0,0,0,0,"N",-2,-66.7,0,0,0,0,0,0,0,0,0,0,0,0,0,0
"29189","5","518210","78","0","2018","1","",74,3029,3059,3064,114295431,32476339,301489,2882,"",0.86,2.22,2.23,2.23,2.32,1.87,1.58,1.04,"",2,2.8,192,6.8,216,7.6,219,7.7,22512620,24.5,2390997,7.9,6680,2.3,397,16.0
"29201","5","518210","78","0","2018","1","N",2,0,0,0,0,0,0,0,"N",0.63,0,0,0,0,0,0,0,"N",0,0.0,0,0,0,0,0,0,0,0,0,0,0,0,0,0
"29207","5","518210","78","0","2018","1","N",1,0,0,0,0,0,0,0,"N",0.45,0,0,0,0,0,0,0,"N",0,0.0,0,0,0,0,0,0,0,0,0,0,0,0,0,0
"29209","5","518210","78","0","2018","1","N",1,0,0,0,0,0,0,0,"N",0.60,0,0,0,0,0,0,0,"N",0,0.0,0,0,0,0,0,0,0,0,0,0,0,0,0,0
"29213","5","518210","78","0","2018","1","N",3,0,0,0,0,0,0,0,"N",0.67,0,0,0,0,0,0,0,"N",0,0.0,0,0,0,0,0,0,0,0,0,0,0,0,0,0
"29219","5","518210","78","0","2018","1","-",0,0,0,0,0,0,0,0,"N",0.00,0,0,0,0,0,0,0,"N",0,0,0,0,0,0,0,0,0,0,0,0,0,0,0,0
"29225","5","518210","78","0","2018","1","N",1,0,0,0,0,0,0,0,"N",0.57,0,0,0,0,0,0,0,"N",0,0.0,0,0,0,0,0,0,0,0,0,0,0,0,0,0
"29510","3","518210","78","0","2018","1","N",1,0,0,0,0,0,0,0,"N",7.22,0,0,0,0,0,0,0,"N",0,0.0,0,0,0,0,0,0,0,0,0,0,0,0,0,0
"29510","5","518210","78","0","2018","1","",19,205,205,201,3642479,2163956,30106,1376,"",0.60,0.40,0.40,0.39,0.19,0.40,0.50,0.48,"",0,0.0,73,55.3,72,54.1,70,53.4,1695536,87.1,1080050,99.6,7477,33.0,241,21.2
"29999","5","518210","78","0","2018","1","",142,465,495,502,12419185,5055525,68712,1960,"",3.74,2.71,2.84,2.86,1.71,1.73,1.50,0.61,"",7,5.2,35,8.1,119,31.6,114,29.4,2939678,31.0,327406,6.9,-5422,-7.3,128,7.0
"30000","5","518210","58","0","2018","1","",80,502,507,514,9083693,7821480,110173,1376,"",0.72,0.49,0.49,0.50,0.36,0.55,0.58,0.73,"",8,11.1,73,17.0,65,14.7,62,13.7,1292512,16.6,1323905,20.4,50123,83.5,17,1.3
"30001","5","518210","78","0","2018","1","N",1,0,0,0,0,0,0,0,"N",0.84,0,0,0,0,0,0,0,"N",0,0.0,0,0,0,0,0,0,0,0,0,0,0,0,0,0
"30009","5","518210","78","0","2018","1","N",1,0,0,0,0,0,0,0,"N",0.89,0,0,0,0,0,0,0,"N",0,0.0,0,0,0,0,0,0,0,0,0,0,0,0,0,0
"30013","5","518210","78","0","2018","1","N",4,0,0,0,0,0,0,0,"N",0.63,0,0,0,0,0,0,0,"N",1,33.3,0,0,0,0,0,0,0,0,0,0,0,0,0,0
"30029","5","518210","78","0","2018","1","N",5,0,0,0,0,0,0,0,"N",0.46,0,0,0,0,0,0,0,"N",1,25.0,0,0,0,0,0,0,0,0,0,0,0,0,0,0
"30031","5","518210","78","0","2018","1","",9,62,61,64,1007885,913530,13601,1244,"",0.58,0.48,0.47,0.50,0.32,0.46,0.50,0.66,"",2,28.6,54,675.0,51,510.0,54,540.0,714981,244.1,671420,277.3,9892,266.7,-1170,-48.5
"30047","5","518210","78","0","2018","1","N",1,0,0,0,0,0,0,0,"N",0.45,0,0,0,0,0,0,0,"N",0,0.0,0,0,0,0,0,0,0,0,0,0,0,0,0,0
"30049","5","518210","78","0","2018","1","",11,193,192,188,3162407,2788495,34282,1274,"",1.65,2.44,2.42,2.35,1.49,2.31,2.73,0.62,"",0,0.0,10,5.5,0,0.0,-13,-6.5,-43512,-1.4,69976,2.6,18915,123.1,-10,-0.8
"30063","5","518210","78","0","2018","1","",9,100,97,97,1441317,1218455,22900,1131,"",0.75,0.75,0.72,0.72,0.46,0.64,0.91,0.63,"",-1,-10.0,2,2.0,-2,-2.0,-5,-4.9,181989,14.5,171950,16.4,9435,70.1,159,16.4
"30065","5","518210","78","0","2018","1","N",1,0,0,0,0,0,0,0,"N",2.84,0,0,0,0,0,0,0,"N",0,0.0,0,0,0,0,0,0,0,0,0,0,0,0,0,0
"30067","5","518210","78","0","2018","1","N",2,0,0,0,0,0,0,0,"N",0.90,0,0,0,0,0,0,0,"N",1,100.0,0,0,0,0,0,0,0,0,0,0,0,0,0,0
"30081","5","518210","78","0","2018","1","",3,5,5,6,113620,113620,1805,1639,"",0.72,0.19,0.19,0.23,0.21,0.40,0.40,1.05,"",0,0.0,-2,-28.6,-3,-37.5,-1,-14.3,-119913,-51.3,-47555,-29.5,-292,-13.9,-811,-33.1
"30093","5","518210","78","0","2018","1","-",0,0,0,0,0,0,0,0,"N",0.00,0,0,0,0,0,0,0,"N",0,0,0,0,0,0,0,0,0,0,0,0,0,0,0,0
"30097","5","518210","78","0","2018","1","N",1,0,0,0,0,0,0,0,"N",1.87,0,0,0,0,0,0,0,"N",0,0.0,0,0,0,0,0,0,0,0,0,0,0,0,0,0
"30105","5","518210","78","0","2018","1","N",1,0,0,0,0,0,0,0,"N",1.24,0,0,0,0,0,0,0,"N",1,100.0,0,0,0,0,0,0,0,0,0,0,0,0,0,0
"30111","5","518210","78","0","2018","1","N",9,0,0,0,0,0,0,0,"N",0.59,0,0,0,0,0,0,0,"N",-1,-10.0,0,0,0,0,0,0,0,0,0,0,0,0,0,0
"30999","5","518210","78","0","2018","1","",22,62,71,77,2039827,1618573,23027,2242,"",3.12,3.81,4.21,4.51,3.04,3.84,2.99,0.73,"",6,37.5,14,29.2,22,44.9,28,57.1,724226,55.0,516751,46.9,11226,95.1,163,7.8
"31000","5","518210","58","0","2018","1","",120,4547,4499,4536,118209818,44379685,287532,2008,"",0.73,2.09,2.05,2.07,2.02,2.20,1.56,0.98,"",5,4.3,-224,-4.7,-300,-6.3,-237,-5.0,-9159739,-7.2,-4373984,-9.0,8390,3.0,-41,-2.0
"31019","5","518210","78","0","2018","1","N",1,0,0,0,0,0,0,0,"N",0.22,0,0,0,0,0,0,0,"N",-1,-50.0,0,0,0,0,0,0,0,0,0,0,0,0,0,0
"31033","5","518210","78","0","2018","1","-",0,0,0,0,0,0,0,0,"N",0.00,0,0,0,0,0,0,0,"N",0,0,0,0,0,0,0,0,0,0,0,0,0,0,0,0
"31053","5","518210","78","0","2018","1","-",0,0,0,0,0,0,0,0,"N",0.00,0,0,0,0,0,0,0,"N",-1,-100.0,0,0,0,0,0,0,0,0,0,0,0,0,0,0
"31055","5","518210","78","0","2018","1","",57,3995,3950,3974,110182323,40013063,260904,2133,"",1.32,5.25,5.17,5.20,4.69,5.42,3.72,0.90,"",4,7.5,-214,-5.1,-267,-6.3,-216,-5.2,-9107931,-7.6,-4203493,-9.5,9525,3.8,-49,-2.2
"31109","5","518210","78","0","2018","1","",21,189,192,196,3206435,1610043,15208,1282,"",0.89,0.49,0.50,0.51,0.32,0.49,0.55,0.64,"",1,5.0,9,5.0,9,4.9,16,8.9,290063,9.9,116764,7.8,2047,15.6,43,3.5
"31139","5","518210","78","0","2018","1","N",1,0,0,0,0,0,0,0,"N",1.68,0,0,0,0,0,0,0,"N",0,0.0,0,0,0,0,0,0,0,0,0,0,0,0,0,0
"31151","5","518210","78","0","2018","1","N",1,0,0,0,0,0,0,0,"N",1.09,0,0,0,0,0,0,0,"N",0,0.0,0,0,0,0,0,0,0,0,0,0,0,0,0,0
"31153","5","518210","78","0","2018","1","",9,169,165,171,1990745,1173873,7415,910,"",0.98,1.08,1.04,1.07,0.46,0.73,0.47,0.44,"",0,0.0,-6,-3.4,-28,-14.5,-23,-11.9,-165530,-7.7,-153246,-11.5,-2869,-27.9,25,2.8
"31157","5","518210","78","0","2018","1","N",1,0,0,0,0,0,0,0,"N",0.30,0,0,0,0,0,0,0,"N",1,100.0,0,0,0,0,0,0,0,0,0,0,0,0,0,0
"31173","5","518210","78","0","2018","1","N",1,0,0,0,0,0,0,0,"N",2.39,0,0,0,0,0,0,0,"N",0,0.0,0,0,0,0,0,0,0,0,0,0,0,0,0,0
"31177","5","518210","78","0","2018","1","N",2,0,0,0,0,0,0,0,"N",1.30,0,0,0,0,0,0,0,"N",1,100.0,0,0,0,0,0,0,0,0,0,0,0,0,0,0
"31185","5","518210","78","0","2018","1","N",1,0,0,0,0,0,0,0,"N",0.70,0,0,0,0,0,0,0,"N",0,0.0,0,0,0,0,0,0,0,0,0,0,0,0,0,0
"31999","5","518210","78","0","2018","1","",25,23,22,23,588211,196835,2574,1996,"",1.83,0.50,0.47,0.49,0.30,0.30,0.28,0.61,"",1,4.2,1,4.5,-2,-8.3,-8,-25.8,14617,2.5,-69510,-26.1,-445,-14.7,277,16.1
"32000","5","518210","58","0","2018","1","",255,2558,2556,2565,62467265,40145965,812557,1877,"",1.40,0.84,0.83,0.83,0.70,0.80,0.78,0.84,"",11,4.5,773,43.3,801,45.6,794,44.8,24509097,64.6,11906765,42.2,249581,44.3,228,13.8
"32001","5","518210","78","0","2018","1","N",2,0,0,0,0,0,0,0,"N",1.36,0,0,0,0,0,0,0,"N",-1,-33.3,0,0,0,0,0,0,0,0,0,0,0,0,0,0
"32003","5","518210","78","0","2018","1","",183,1671,1681,1657,47492676,26899810,541894,2188,"",1.47,0.75,0.75,0.74,0.74,0.74,0.71,0.99,"",7,4.0,230,16.0,261,18.4,213,14.8,17456080,58.1,5388648,25.1,113451,26.5,578,35.9
"32005","5","518210","78","0","2018","1","",10,12,11,13,151431,151431,3208,971,"",2.42,0.28,0.25,0.30,0.14,0.23,0.23,0.50,"",2,25.0,-1,-7.7,-2,-15.4,1,8.3,7346,5.1,7346,5.1,-789,-19.7,96,11.0
"32007","5","518210","78","0","2018","1","N",1,0,0,0,0,0,0,0,"N",0.32,0,0,0,0,0,0,0,"N",0,0.0,0,0,0,0,0,0,0,0,0,0,0,0,0,0
"32013","5","518210","78","0","2018","1","N",1,0,0,0,0,0,0,0,"N",0.88,0,0,0,0,0,0,0,"N",0,0.0,0,0,0,0,0,0,0,0,0,0,0,0,0,0
"32019","5","518210","78","0","2018","1","",5,6,6,6,53323,53323,1238,684,"",2.14,0.23,0.23,0.23,0.08,0.15,0.15,0.38,"",1,25.0,1,20.0,1,20.0,1,20.0,3616,7.3,3616,7.3,45,3.8,-81,-10.6
"32021","5","518210","78","0","2018","1","N",1,0,0,0,0,0,0,0,"N",4.83,0,0,0,0,0,0,0,"N",1,100.0,0,0,0,0,0,0,0,0,0,0,0,0,0,0
"32023","5","518210","78","0","2018","1","N",1,0,0,0,0,0,0,0,"N",0.52,0,0,0,0,0,0,0,"N",-1,-50.0,0,0,0,0,0,0,0,0,0,0,0,0,0,0
"32029","5","518210","78","0","2018","1","N",1,0,0,0,0,0,0,0,"N",1.72,0,0,0,0,0,0,0,"N",0,0.0,0,0,0,0,0,0,0,0,0,0,0,0,0,0
"32031","5","518210","78","0","2018","1","",38,544,545,578,9783822,8331724,181646,1354,"",1.14,1.11,1.09,1.16,0.69,1.10,1.17,0.62,"",0,0.0,401,280.4,401,278.5,424,275.3,6200859,173.1,5605266,205.6,121232,200.7,-521,-27.8
"32510","5","518210","78","0","2018","1","",7,23,23,25,310054,298899,5980,1008,"",1.48,0.34,0.34,0.37,0.16,0.41,0.36,0.47,"",1,16.7,-1,-4.2,0,0.0,1,4.2,-132728,-30.0,-75904,-20.3,-1193,-16.6,-431,-30.0
"32999","5","518210","78","0","2018","1","N",5,0,0,0,0,0,0,0,"N",1.28,0,0,0,0,0,0,0,"N",1,25.0,0,0,0,0,0,0,0,0,0,0,0,0,0,0
"33000","5","518210","58","0","2018","1","",111,1576,1561,1501,44847403,17565490,103292,2231,"",0.93,1.07,1.06,1.02,0.91,0.98,0.62,0.87,"",15,15.6,-45,-2.8,-49,-3.0,-57,-3.7,-8767025,-16.4,-1686840,-8.8,-28882,-21.9,-353,-13.7
"33001","5","518210","78","0","2018","1","N",1,0,0,0,0,0,0,0,"N",0.22,0,0,0,0,0,0,0,"N",-1,-50.0,0,0,0,0,0,0,0,0,0,0,0,0,0,0
"33005","5","518210","78","0","2018","1","N",1,0,0,0,0,0,0,0,"N",0.21,0,0,0,0,0,0,0,"N",0,0.0,0,0,0,0,0,0,0,0,0,0,0,0,0,0
"33009","5","518210","78","0","2018","1","",3,69,68,69,1129776,840904,6586,1266,"",0.40,0.56,0.55,0.56,0.27,0.79,0.91,0.49,"",0,0.0,2,3.0,2,3.0,2,3.0,-24904,-2.2,41678,5.2,-610,-8.5,-66,-5.0
"33011","5","518210","78","0","2018","1","",19,493,493,487,11486668,4899569,39014,1800,"",0.69,1.07,1.07,1.06,0.68,0.83,0.73,0.63,"",0,0.0,-23,-4.5,-20,-3.9,-7,-1.4,-11330442,-49.7,-1313597,-21.1,-30347,-43.8,-1657,-47.9
"33013","5","518210","78","0","2018","1","",6,31,32,32,1828319,303208,2822,4441,"",0.51,0.18,0.18,0.18,0.35,0.16,0.17,1.94,"",0,0.0,3,10.7,4,14.3,2,6.7,760456,71.2,23090,8.2,29,1.0,1576,55.0
"33015","5","518210","78","0","2018","1","",20,535,508,452,15722761,6004080,22835,2427,"",0.80,1.61,1.53,1.36,1.46,1.31,0.51,0.98,"",-1,-4.8,-89,-14.3,-112,-18.1,-128,-22.1,-2085123,-11.7,-1552948,-20.5,-8032,-26.0,174,7.7
"33017","5","518210","78","0","2018","1","N",1,0,0,0,0,0,0,0,"N",0.15,0,0,0,0,0,0,0,"N",0,0.0,0,0,0,0,0,0,0,0,0,0,0,0,0,0
"33999","5","518210","78","0","2018","1","",60,201,208,202,12130244,3077066,29346,4581,"",2.81,4.32,4.37,4.28,3.65,2.99,2.09,0.84,"",17,39.5,50,33.1,58,38.7,46,29.5,3598035,42.2,777899,33.8,9718,49.5,273,6.3
"34000","5","518210","58","0","2018","1","",656,10113,10213,10197,371492398,238694257,4789528,2809,"",1.08,1.12,1.13,1.12,1.00,1.41,1.53,0.89,"",74,12.7,362,3.7,421,4.3,417,4.3,-19163513,-4.9,12077083,5.3,1318573,38.0,-265,-8.6
"34001","5","518210","78","0","2018","1","N",5,0,0,0,0,0,0,0,"N",0.34,0,0,0,0,0,0,0,"N",2,66.7,0,0,0,0,0,0,0,0,0,0,0,0,0,0
"34003","5","518210","78","0","2018","1","",83,2381,2404,2387,99386314,59231787,551268,3198,"",1.12,2.39,2.41,2.39,2.53,3.03,1.58,1.06,"",5,6.4,-2,-0.1,20,0.8,33,1.4,-31698069,-24.2,-218732,-0.4,19407,3.6,-1050,-24.7
"34005","5","518210","78","0","2018","1","",35,483,481,488,11081088,8791532,158714,1761,"",1.41,1.05,1.04,1.06,0.71,1.07,1.09,0.67,"",3,9.4,-109,-18.4,-102,-17.5,-114,-18.9,-9139980,-45.2,-4755541,-35.1,-70011,-30.6,-865,-32.9
"34007","5","518210","78","0","2018","1","",23,147,147,147,3499143,2604438,100007,1831,"",0.85,0.32,0.32,0.32,0.24,0.36,0.71,0.76,"",7,43.8,0,0.0,1,0.7,2,1.4,212889,6.5,-179871,-6.5,43044,75.6,100,5.8
"34009","5","518210","78","0","2018","1","N",1,0,0,0,0,0,0,0,"N",0.11,0,0,0,0,0,0,0,"N",0,0.0,0,0,0,0,0,0,0,0,0,0,0,0,0,0
"34011","5","518210","78","0","2018","1","N",2,0,0,0,0,0,0,0,"N",0.28,0,0,0,0,0,0,0,"N",1,100.0,0,0,0,0,0,0,0,0,0,0,0,0,0,0
"34013","5","518210","78","0","2018","1","",32,168,162,172,2794077,2191450,39232,1284,"",0.70,0.22,0.21,0.22,0.08,0.16,0.16,0.37,"",8,33.3,23,15.9,19,13.3,40,30.3,304631,12.2,219007,11.1,5350,15.8,-84,-6.1
"34015","5","518210","78","0","2018","1","",7,44,43,41,941551,818359,12686,1698,"",0.49,0.18,0.17,0.16,0.14,0.23,0.18,0.83,"",-5,-41.7,-6,-12.0,-7,-14.0,-7,-14.6,-24523,-2.5,-29635,-3.5,-7392,-36.8,192,12.7
"34017","5","518210","78","0","2018","1","",46,1589,1597,1584,64006676,40287848,796436,3097,"",1.36,2.69,2.68,2.65,2.06,3.01,3.27,0.77,"",3,7.0,11,0.7,41,2.6,11,0.7,2002294,3.2,1196740,3.1,174929,28.1,57,1.9
"34019","5","518210","78","0","2018","1","",9,32,29,28,556280,409619,3931,1442,"",0.99,0.31,0.28,0.27,0.13,0.21,0.12,0.45,"",2,28.6,7,28.0,5,20.8,2,7.7,85656,18.2,7915,2.0,-1542,-28.2,-6,-0.4
"34021","5","518210","78","0","2018","1","",38,379,385,389,6977392,5698723,109174,1397,"",1.52,0.68,0.69,0.69,0.27,0.67,0.74,0.40,"",3,8.6,10,2.7,21,5.8,29,8.1,-127854,-1.8,-431147,-7.0,4338,4.1,-103,-6.9
"34023","5","518210","78","0","2018","1","",53,993,994,983,49213673,25649813,453562,3824,"",1.06,1.03,1.03,1.02,1.25,1.41,1.37,1.22,"",2,3.9,155,18.5,96,10.7,75,8.3,5034762,11.4,3907176,18.0,3939,0.9,-32,-0.8
"34025","5","518210","78","0","2018","1","",28,763,771,799,20221586,16236144,333433,2000,"",0.62,1.33,1.34,1.38,1.05,1.77,1.91,0.78,"",3,12.0,3,0.4,10,1.3,39,5.1,2022641,11.1,828565,5.4,20863,6.7,159,8.6
"34027","5","518210","78","0","2018","1","",31,1063,1094,1092,39290518,27791078,891307,2791,"",0.81,1.63,1.66,1.66,1.11,1.79,3.26,0.68,"",-1,-3.1,-170,-13.8,-123,-10.1,-137,-11.1,1312488,3.5,567826,2.1,541646,154.9,409,17.2
"34029","5","518210","78","0","2018","1","",23,134,138,140,1364002,1229483,32912,764,"",0.76,0.37,0.38,0.38,0.14,0.26,0.37,0.39,"",14,155.6,71,112.7,62,81.6,66,89.2,800773,142.2,689549,127.7,13913,73.2,154,25.2
"34031","5","518210","78","0","2018","1","",12,86,88,79,1535482,1215902,25479,1401,"",0.43,0.23,0.23,0.21,0.13,0.21,0.22,0.59,"",1,9.1,-1,-1.1,2,2.3,-5,-6.0,318367,26.2,250851,26.0,2091,8.9,308,28.2
"34033","5","518210","78","0","2018","1","N",2,0,0,0,0,0,0,0,"N",0.68,0,0,0,0,0,0,0,"N",1,100.0,0,0,0,0,0,0,0,0,0,0,0,0,0,0
"34035","5","518210","78","0","2018","1","",29,511,504,497,21608195,14416234,452882,3298,"",1.26,1.22,1.20,1.18,0.83,1.30,2.41,0.69,"",3,11.5,92,22.0,88,21.2,97,24.2,6786750,45.8,4289457,42.4,261094,136.1,528,19.1
"34037","5","518210","78","0","2018","1","N",2,0,0,0,0,0,0,0,"N",0.25,0,0,0,0,0,0,0,"N",0,0.0,0,0,0,0,0,0,0,0,0,0,0,0,0,0
"34039","5","518210","78","0","2018","1","",12,113,115,104,3969968,3337489,70458,2759,"",0.37,0.22,0.22,0.20,0.19,0.34,0.40,0.86,"",-1,-7.7,-25,-18.1,-21,-15.4,-18,-14.8,-1106237,-21.8,-926606,-21.7,-4187,-5.6,-199,-6.7
"34041","5","518210","78","0","2018","1","",6,33,37,36,269053,258624,9657,586,"",0.96,0.45,0.50,0.49,0.13,0.24,0.49,0.27,"",1,20.0,7,26.9,9,32.1,9,33.3,39460,17.2,62913,32.1,1198,14.2,-68,-10.4
"34999","5","518210","78","0","2018","1","",177,924,942,937,39349809,24178585,645408,3240,"",3.00,3.30,3.30,3.27,2.19,2.54,2.97,0.67,"",22,14.2,167,22.1,165,21.2,157,20.1,6918161,21.3,4720011,24.3,265303,69.8,6,0.2
"35000","3","518210","58","0","2018","1","",21,212,211,210,3278632,69157,228,1195,"",34.99,13.15,13.11,13.07,16.04,51.20,49.23,1.22,"",0,0.0,7,3.4,6,2.9,5,2.4,140228,4.5,6534,10.4,22,10.7,17,1.4
"35000","5","518210","58","0","2018","1","",120,526,561,550,8133530,6467462,61820,1147,"",0.88,0.29,0.30,0.30,0.17,0.27,0.28,0.58,"",5,4.3,50,10.5,106,23.3,76,16.0,2465257,43.5,1680054,35.1,-24142,-28.1,216,23.2
"35001","3","518210","78","0","2018","1","N",1,0,0,0,0,0,0,0,"N",5.27,0,0,0,0,0,0,0,"N",0,0.0,0,0,0,0,0,0,0,0,0,0,0,0,0,0
"35001","5","518210","78","0","2018","1","",31,190,189,189,2657767,2483396,16894,1080,"",0.72,0.26,0.25,0.25,0.13,0.25,0.22,0.51,"",3,10.7,36,23.4,29,18.1,21,12.5,461697,21.0,397067,19.0,-33235,-66.3,29,2.8
"35005","3","518210","78","0","2018","1","N",2,0,0,0,0,0,0,0,"N",108.69,0,0,0,0,0,0,0,"N",0,0.0,0,0,0,0,0,0,0,0,0,0,0,0,0,0
"35005","5","518210","78","0","2018","1","N",1,0,0,0,0,0,0,0,"N",0.24,0,0,0,0,0,0,0,"N",1,100.0,0,0,0,0,0,0,0,0,0,0,0,0,0,0
"35006","3","518210","78","0","2018","1","N",2,0,0,0,0,0,0,0,"N",401.46,0,0,0,0,0,0,0,"N",0,0.0,0,0,0,0,0,0,0,0,0,0,0,0,0,0
"35009","3","518210","78","0","2018","1","N",2,0,0,0,0,0,0,0,"N",161.44,0,0,0,0,0,0,0,"N",0,0.0,0,0,0,0,0,0,0,0,0,0,0,0,0,0
"35013","3","518210","78","0","2018","1","N",1,0,0,0,0,0,0,0,"N",20.63,0,0,0,0,0,0,0,"N",0,0.0,0,0,0,0,0,0,0,0,0,0,0,0,0,0
"35013","5","518210","78","0","2018","1","N",4,0,0,0,0,0,0,0,"N",0.36,0,0,0,0,0,0,0,"N",0,0.0,0,0,0,0,0,0,0,0,0,0,0,0,0,0
"35015","3","518210","78","0","2018","1","N",2,0,0,0,0,0,0,0,"N",112.14,0,0,0,0,0,0,0,"N",0,0.0,0,0,0,0,0,0,0,0,0,0,0,0,0,0
"35015","5","518210","78","0","2018","1","N",2,0,0,0,0,0,0,0,"N",0.49,0,0,0,0,0,0,0,"N",0,0.0,0,0,0,0,0,0,0,0,0,0,0,0,0,0
"35017","5","518210","78","0","2018","1","N",1,0,0,0,0,0,0,0,"N",0.58,0,0,0,0,0,0,0,"N",0,0.0,0,0,0,0,0,0,0,0,0,0,0,0,0,0
"35025","3","518210","78","0","2018","1","N",1,0,0,0,0,0,0,0,"N",50.21,0,0,0,0,0,0,0,"N",0,0.0,0,0,0,0,0,0,0,0,0,0,0,0,0,0
"35025","5","518210","78","0","2018","1","N",1,0,0,0,0,0,0,0,"N",0.22,0,0,0,0,0,0,0,"N",0,0.0,0,0,0,0,0,0,0,0,0,0,0,0,0,0
"35027","5","518210","78","0","2018","1","N",1,0,0,0,0,0,0,0,"N",0.54,0,0,0,0,0,0,0,"N",0,0.0,0,0,0,0,0,0,0,0,0,0,0,0,0,0
"35028","3","518210","78","0","2018","1","N",1,0,0,0,0,0,0,0,"N",224.40,0,0,0,0,0,0,0,"N",0,0.0,0,0,0,0,0,0,0,0,0,0,0,0,0,0
"35028","5","518210","78","0","2018","1","N",1,0,0,0,0,0,0,0,"N",0.99,0,0,0,0,0,0,0,"N",0,0.0,0,0,0,0,0,0,0,0,0,0,0,0,0,0
"35031","3","518210","78","0","2018","1","N",2,0,0,0,0,0,0,0,"N",157.46,0,0,0,0,0,0,0,"N",0,0.0,0,0,0,0,0,0,0,0,0,0,0,0,0,0
"35035","3","518210","78","0","2018","1","N",1,0,0,0,0,0,0,0,"N",85.02,0,0,0,0,0,0,0,"N",0,0.0,0,0,0,0,0,0,0,0,0,0,0,0,0,0
"35035","5","518210","78","0","2018","1","N",3,0,0,0,0,0,0,0,"N",1.12,0,0,0,0,0,0,0,"N",0,0.0,0,0,0,0,0,0,0,0,0,0,0,0,0,0
"35037","3","518210","78","0","2018","1","N",1,0,0,0,0,0,0,0,"N",300.79,0,0,0,0,0,0,0,"N",0,0.0,0,0,0,0,0,0,0,0,0,0,0,0,0,0
"35039","5","518210","78","0","2018","1","-",0,0,0,0,0,0,0,0,"N",0.00,0,0,0,0,0,0,0,"N",0,0,0,0,0,0,0,0,0,0,0,0,0,0,0,0
"35043","5","518210","78","0","2018","1","N",3,0,0,0,0,0,0,0,"N",0.57,0,0,0,0,0,0,0,"N",-1,-25.0,0,0,0,0,0,0,0,0,0,0,0,0,0,0
"35045","3","518210","78","0","2018","1","N",2,0,0,0,0,0,0,0,"N",67.00,0,0,0,0,0,0,0,"N",0,0.0,0,0,0,0,0,0,0,0,0,0,0,0,0,0
"35045","5","518210","78","0","2018","1","N",1,0,0,0,0,0,0,0,"N",0.15,0,0,0,0,0,0,0,"N",0,0.0,0,0,0,0,0,0,0,0,0,0,0,0,0,0
"35047","5","518210","78","0","2018","1","N",1,0,0,0,0,0,0,0,"N",0.56,0,0,0,0,0,0,0,"N",0,0.0,0,0,0,0,0,0,0,0,0,0,0,0,0,0
"35049","3","518210","78","0","2018","1","N",1,0,0,0,0,0,0,0,"N",17.44,0,0,0,0,0,0,0,"N",0,0.0,0,0,0,0,0,0,0,0,0,0,0,0,0,0
"35049","5","518210","78","0","2018","1","",9,16,18,15,175435,170246,704,826,"",0.69,0.12,0.13,0.11,0.05,0.12,0.07,0.44,"",0,0.0,5,45.5,6,50.0,2,15.4,10222,6.2,22346,15.1,-1560,-68.9,-233,-22.0
"35055","5","518210","78","0","2018","1","N",1,0,0,0,0,0,0,0,"N",0.33,0,0,0,0,0,0,0,"N",0,0.0,0,0,0,0,0,0,0,0,0,0,0,0,0,0
"35061","3","518210","78","0","2018","1","N",2,0,0,0,0,0,0,0,"N",154.99,0,0,0,0,0,0,0,"N",0,0.0,0,0,0,0,0,0,0,0,0,0,0,0,0,0
"35061","5","518210","78","0","2018","1","N",1,0,0,0,0,0,0,0,"N",0.34,0,0,0,0,0,0,0,"N",0,0.0,0,0,0,0,0,0,0,0,0,0,0,0,0,0
"35999","5","518210","78","0","2018","1","",59,54,56,55,1642102,1159034,14752,2297,"",4.86,1.16,1.14,1.16,1.00,1.10,0.86,0.87,"",3,5.4,-2,-3.6,0,0.0,-3,-5.2,101186,6.6,178469,18.2,-1144,-7.2,205,9.8
"36000","3","518210","58","0","2018","1","N",1,0,0,0,0,0,0,0,"N",0.16,0,0,0,0,0,0,0,"N",0,0.0,0,0,0,0,0,0,0,0,0,0,0,0,0,0
"36000","5","518210","58","0","2018","1","",1126,18311,18427,18733,730749732,186449359,5104288,3040,"",0.77,0.87,0.87,0.88,0.73,0.83,0.87,0.83,"",88,8.5,1225,7.2,1216,7.1,1213,6.9,34272914,4.9,20330278,12.2,-238076,-4.5,-62,-2.0
"36001","5","518210","78","0","2018","1","",27,1204,1220,1215,29126315,10317127,258780,1847,"",1.15,2.30,2.30,2.30,1.67,2.43,2.39,0.73,"",5,22.7,28,2.4,53,4.5,25,2.1,895762,3.2,250920,2.5,6804,2.7,3,0.2
"36005","5","518210","78","0","2018","1","N",1,0,0,0,0,0,0,0,"N",0.02,0,0,0,0,0,0,0,"N",0,0.0,0,0,0,0,0,0,0,0,0,0,0,0,0,0
"36007","5","518210","78","0","2018","1","N",5,0,0,0,0,0,0,0,"N",0.49,0,0,0,0,0,0,0,"N",1,25.0,0,0,0,0,0,0,0,0,0,0,0,0,0,0
"36013","5","518210","78","0","2018","1","N",2,0,0,0,0,0,0,0,"N",0.28,0,0,0,0,0,0,0,"N",0,0.0,0,0,0,0,0,0,0,0,0,0,0,0,0,0
"36017","5","518210","78","0","2018","1","N",1,0,0,0,0,0,0,0,"N",0.41,0,0,0,0,0,0,0,"N",1,100.0,0,0,0,0,0,0,0,0,0,0,0,0,0,0
"36019","5","518210","78","0","2018","1","N",1,0,0,0,0,0,0,0,"N",0.22,0,0,0,0,0,0,0,"N",1,100.0,0,0,0,0,0,0,0,0,0,0,0,0,0,0
"36021","5","518210","78","0","2018","1","N",2,0,0,0,0,0,0,0,"N",0.43,0,0,0,0,0,0,0,"N",0,0.0,0,0,0,0,0,0,0,0,0,0,0,0,0,0
"36025","5","518210","78","0","2018","1","N",1,0,0,0,0,0,0,0,"N",0.37,0,0,0,0,0,0,0,"N",0,0.0,0,0,0,0,0,0,0,0,0,0,0,0,0,0
"36027","5","518210","78","0","2018","1","",11,232,235,240,4844191,582133,18520,1581,"",0.58,0.92,0.92,0.94,0.62,0.28,0.38,0.67,"",2,22.2,1,0.4,7,3.1,8,3.4,344044,7.6,11774,2.1,4795,34.9,78,5.2
"36029","5","518210","78","0","2018","1","",32,666,680,731,21125900,4644676,140803,2347,"",0.57,0.63,0.64,0.69,0.68,0.46,0.56,1.03,"",1,3.2,82,14.0,102,17.6,141,23.9,2657249,14.4,818265,21.4,-1327,-0.9,-86,-3.5
"36031","5","518210","78","0","2018","1","-",0,0,0,0,0,0,0,0,"N",0.00,0,0,0,0,0,0,0,"N",0,0,0,0,0,0,0,0,0,0,0,0,0,0,0,0
"36035","5","518210","78","0","2018","1","N",1,0,0,0,0,0,0,0,"N",0.36,0,0,0,0,0,0,0,"N",1,100.0,0,0,0,0,0,0,0,0,0,0,0,0,0,0
"36039","5","518210","78","0","2018","1","-",0,0,0,0,0,0,0,0,"N",0.00,0,0,0,0,0,0,0,"N",0,0,0,0,0,0,0,0,0,0,0,0,0,0,0,0
"36043","5","518210","78","0","2018","1","N",1,0,0,0,0,0,0,0,"N",0.35,0,0,0,0,0,0,0,"N",0,0.0,0,0,0,0,0,0,0,0,0,0,0,0,0,0
"36045","5","518210","78","0","2018","1","N",1,0,0,0,0,0,0,0,"N",0.15,0,0,0,0,0,0,0,"N",0,0.0,0,0,0,0,0,0,0,0,0,0,0,0,0,0
"36047","5","518210","78","0","2018","1","",73,280,290,299,5663140,2576871,74576,1504,"",0.51,0.17,0.17,0.17,0.12,0.17,0.20,0.71,"",-1,-1.4,-56,-16.7,-58,-16.7,-38,-11.3,-1471987,-20.6,-505456,-16.4,-22600,-23.3,-109,-6.8
"36055","5","518210","78","0","2018","1","",29,590,596,609,10460355,5712210,154505,1345,"",0.68,0.68,0.68,0.69,0.40,0.71,0.76,0.59,"",0,0.0,-21,-3.4,-6,-1.0,-16,-2.6,-8037924,-43.5,-221943,-3.7,-55042,-26.3,-978,-42.1
"36057","5","518210","78","0","2018","1","N",1,0,0,0,0,0,0,0,"N",0.36,0,0,0,0,0,0,0,"N",0,0.0,0,0,0,0,0,0,0,0,0,0,0,0,0,0
"36059","5","518210","78","0","2018","1","",72,1101,1100,1112,28629476,10542092,317758,1994,"",0.59,0.78,0.77,0.78,0.56,0.73,0.89,0.73,"",8,12.5,21,1.9,9,0.8,23,2.1,1174399,4.3,403571,4.0,-29868,-8.6,51,2.6
"36061","5","518210","78","0","2018","1","",395,8270,8283,8458,458717123,97556644,2771030,4232,"",1.36,1.50,1.49,1.52,0.90,1.22,1.29,0.60,"",30,8.2,719,9.5,604,7.9,521,6.6,-2641842,-0.6,10306177,11.8,-44908,-1.6,-364,-7.9
"36063","5","518210","78","0","2018","1","N",2,0,0,0,0,0,0,0,"N",0.18,0,0,0,0,0,0,0,"N",1,100.0,0,0,0,0,0,0,0,0,0,0,0,0,0,0
"36065","5","518210","78","0","2018","1","N",7,0,0,0,0,0,0,0,"N",0.58,0,0,0,0,0,0,0,"N",0,0.0,0,0,0,0,0,0,0,0,0,0,0,0,0,0
"36067","5","518210","78","0","2018","1","",17,246,252,248,2419910,1863014,66344,749,"",0.59,0.45,0.46,0.45,0.15,0.35,0.52,0.33,"",0,0.0,18,7.9,23,10.0,16,6.9,173875,7.7,124221,7.1,-2249,-3.3,-3,-0.4
"36069","5","518210","78","0","2018","1","",4,265,263,266,3991736,2393167,78685,1160,"",0.55,2.24,2.23,2.26,1.19,2.15,2.69,0.53,"",0,0.0,9,3.5,9,3.5,13,5.1,505842,14.5,175878,7.9,925,1.2,106,10.1
"36071","3","518210","78","0","2018","1","N",1,0,0,0,0,0,0,0,"N",9.57,0,0,0,0,0,0,0,"N",0,0.0,0,0,0,0,0,0,0,0,0,0,0,0,0,0
"36071","5","518210","78","0","2018","1","",10,30,29,29,160967,150563,2351,422,"",0.42,0.09,0.09,0.09,0.02,0.05,0.03,0.21,"",2,25.0,13,76.5,6,26.1,6,26.1,46574,40.7,40870,37.3,-1767,-42.9,3,0.7
"36075","5","518210","78","0","2018","1","N",1,0,0,0,0,0,0,0,"N",0.19,0,0,0,0,0,0,0,"N",0,0.0,0,0,0,0,0,0,0,0,0,0,0,0,0,0
"36079","5","518210","78","0","2018","1","N",2,0,0,0,0,0,0,0,"N",0.29,0,0,0,0,0,0,0,"N",-1,-33.3,0,0,0,0,0,0,0,0,0,0,0,0,0,0
"36081","5","518210","78","0","2018","1","",30,103,104,99,3779309,1158098,32163,2850,"",0.25,0.07,0.07,0.06,0.08,0.07,0.08,1.16,"",5,20.0,0,0.0,-3,-2.8,-5,-4.8,-10370,-0.3,79431,7.4,-7640,-19.2,65,2.3
"36083","5","518210","78","0","2018","1","N",2,0,0,0,0,0,0,0,"N",0.27,0,0,0,0,0,0,0,"N",0,0.0,0,0,0,0,0,0,0,0,0,0,0,0,0,0
"36085","5","518210","78","0","2018","1","N",9,0,0,0,0,0,0,0,"N",0.40,0,0,0,0,0,0,0,"N",3,50.0,0,0,0,0,0,0,0,0,0,0,0,0,0,0
"36087","5","518210","78","0","2018","1","",16,326,335,315,10679440,3263995,117354,2525,"",0.65,1.17,1.19,1.12,1.19,1.26,1.73,1.03,"",1,6.7,-67,-17.0,-59,-15.0,-74,-19.0,-1459700,-12.0,-171392,-5.0,-50586,-30.1,143,6.0
"36091","5","518210","78","0","2018","1","",10,98,92,94,1932790,914667,24354,1571,"",0.73,0.50,0.47,0.48,0.33,0.45,0.48,0.69,"",-1,-9.1,-8,-7.5,-13,-12.4,-9,-8.7,-22501,-1.2,-70779,-7.2,-7997,-24.7,134,9.3
"36093","5","518210","78","0","2018","1","",6,17,16,17,228890,97345,3908,1056,"",0.76,0.12,0.11,0.12,0.05,0.07,0.13,0.42,"",1,20.0,4,30.8,2,14.3,5,41.7,-15842,-6.5,25117,34.8,1865,91.3,-392,-27.1
"36099","5","518210","78","0","2018","1","N",1,0,0,0,0,0,0,0,"N",0.58,0,0,0,0,0,0,0,"N",0,0.0,0,0,0,0,0,0,0,0,0,0,0,0,0,0
"36101","5","518210","78","0","2018","1","N",2,0,0,0,0,0,0,0,"N",0.41,0,0,0,0,0,0,0,"N",0,0.0,0,0,0,0,0,0,0,0,0,0,0,0,0,0
"36103","5","518210","78","0","2018","1","",56,846,852,858,54183831,8399820,214805,4892,"",0.47,0.58,0.58,0.58,1.09,0.55,0.54,1.87,"",6,12.0,28,3.4,30,3.6,47,5.8,19813096,57.6,666301,8.6,1131,0.5,1656,51.2
"36109","5","518210","78","0","2018","1","N",1,0,0,0,0,0,0,0,"N",0.17,0,0,0,0,0,0,0,"N",-2,-66.7,0,0,0,0,0,0,0,0,0,0,0,0,0,0
"36111","5","518210","78","0","2018","1","N",3,0,0,0,0,0,0,0,"N",0.25,0,0,0,0,0,0,0,"N",0,0.0,0,0,0,0,0,0,0,0,0,0,0,0,0,0
"36117","5","518210","78","0","2018","1","N",5,0,0,0,0,0,0,0,"N",1.07,0,0,0,0,0,0,0,"N",0,0.0,0,0,0,0,0,0,0,0,0,0,0,0,0,0
"36119","5","518210","78","0","2018","1","",55,1489,1485,1491,41735707,16937437,266337,2157,"",0.67,1.57,1.55,1.55,0.96,1.64,0.98,0.62,"",2,3.8,387,35.1,379,34.3,388,35.2,11762430,39.2,4558145,36.8,2707,1.0,68,3.3
"36999","5","518210","78","0","2018","1","",231,973,1010,1054,37225339,11681574,302852,2829,"",3.04,2.86,2.90,3.02,1.76,1.95,1.64,0.60,"",23,11.1,277,39.8,302,42.7,320,43.6,11461363,44.5,3424579,41.5,-8616,-2.8,48,1.7
"37000","5","518210","58","0","2018","1","",728,14172,14406,14614,508130327,241303955,914025,2715,"",1.13,1.44,1.45,1.47,1.69,1.73,1.05,1.16,"",54,8.0,705,5.2,788,5.8,864,6.3,55376323,12.2,16203481,7.2,-1165493,-56.0,156,6.1
"37001","5","518210","78","0","2018","1","N",4,0,0,0,0,0,0,0,"N",0.50,0,0,0,0,0,0,0,"N",-1,-20.0,0,0,0,0,0,0,0,0,0,0,0,0,0,0
"37019","5","518210","78","0","2018","1","N",4,0,0,0,0,0,0,0,"N",0.60,0,0,0,0,0,0,0,"N",-2,-33.3,0,0,0,0,0,0,0,0,0,0,0,0,0,0
"37021","5","518210","78","0","2018","1","",14,40,39,38,853118,739654,3554,1683,"",0.65,0.14,0.13,0.13,0.12,0.21,0.20,0.90,"",-1,-6.7,-6,-13.0,-3,-7.1,-3,-7.3,-106877,-11.1,-75478,-9.3,-5556,-61.0,-34,-2.0
"37025","5","518210","78","0","2018","1","",7,29,28,26,630590,389222,4362,1753,"",0.63,0.17,0.16,0.15,0.16,0.20,0.31,0.97,"",1,16.7,12,70.6,11,64.7,8,44.4,207548,49.1,148728,61.8,335,8.3,-124,-6.6
"37027","5","518210","78","0","2018","1","N",2,0,0,0,0,0,0,0,"N",0.63,0,0,0,0,0,0,0,"N",0,0.0,0,0,0,0,0,0,0,0,0,0,0,0,0,0
"37029","5","518210","78","0","2018","1","N",1,0,0,0,0,0,0,0,"N",2.38,0,0,0,0,0,0,0,"N",0,0.0,0,0,0,0,0,0,0,0,0,0,0,0,0,0
"37031","5","518210","78","0","2018","1","N",4,0,0,0,0,0,0,0,"N",0.77,0,0,0,0,0,0,0,"N",2,100.0,0,0,0,0,0,0,0,0,0,0,0,0,0,0
"37035","5","518210","78","0","2018","1","N",9,0,0,0,0,0,0,0,"N",0.88,0,0,0,0,0,0,0,"N",2,28.6,0,0,0,0,0,0,0,0,0,0,0,0,0,0
"37037","5","518210","78","0","2018","1","",5,14,14,14,287656,234819,1535,1581,"",1.43,0.42,0.42,0.42,0.40,0.62,0.83,0.96,"",1,25.0,6,75.0,7,100.0,7,100.0,117769,69.3,108346,85.7,603,64.7,-201,-11.3
"37039","5","518210","78","0","2018","1","N",2,0,0,0,0,0,0,0,"N",1.18,0,0,0,0,0,0,0,"N",0,0.0,0,0,0,0,0,0,0,0,0,0,0,0,0,0
"37041","5","518210","78","0","2018","1","N",1,0,0,0,0,0,0,0,"N",1.12,0,0,0,0,0,0,0,"N",0,0.0,0,0,0,0,0,0,0,0,0,0,0,0,0,0
"37043","5","518210","78","0","2018","1","N",1,0,0,0,0,0,0,0,"N",1.67,0,0,0,0,0,0,0,"N",1,100.0,0,0,0,0,0,0,0,0,0,0,0,0,0,0
"37045","5","518210","78","0","2018","1","N",3,0,0,0,0,0,0,0,"N",0.65,0,0,0,0,0,0,0,"N",-1,-25.0,0,0,0,0,0,0,0,0,0,0,0,0,0,0
"37049","5","518210","78","0","2018","1","",4,14,13,13,124118,115248,1013,716,"",0.74,0.16,0.15,0.15,0.06,0.13,0.26,0.38,"N",0,0.0,0,0,0,0,0,0,0,0,0,0,0,0,0,0
"37051","5","518210","78","0","2018","1","N",4,0,0,0,0,0,0,0,"N",0.28,0,0,0,0,0,0,0,"N",-1,-20.0,0,0,0,0,0,0,0,0,0,0,0,0,0,0
"37053","5","518210","78","0","2018","1","N",1,0,0,0,0,0,0,0,"N",0.58,0,0,0,0,0,0,0,"N",0,0.0,0,0,0,0,0,0,0,0,0,0,0,0,0,0
"37055","5","518210","78","0","2018","1","N",2,0,0,0,0,0,0,0,"N",0.44,0,0,0,0,0,0,0,"N",1,100.0,0,0,0,0,0,0,0,0,0,0,0,0,0,0
"37057","5","518210","78","0","2018","1","N",2,0,0,0,0,0,0,0,"N",0.30,0,0,0,0,0,0,0,"N",0,0.0,0,0,0,0,0,0,0,0,0,0,0,0,0,0
"37061","5","518210","78","0","2018","1","N",1,0,0,0,0,0,0,0,"N",0.40,0,0,0,0,0,0,0,"N",0,0.0,0,0,0,0,0,0,0,0,0,0,0,0,0,0
"37063","5","518210","78","0","2018","1","",29,374,371,367,12311946,7289209,57117,2555,"",1.48,0.82,0.80,0.80,0.63,1.01,1.67,0.78,"",-1,-3.3,-47,-11.2,-50,-11.9,-51,-12.2,81919,0.7,-588478,-7.5,-43778,-43.4,315,14.1
"37067","5","518210","78","0","2018","1","",22,293,295,297,6810426,3793594,26482,1776,"",1.03,0.70,0.70,0.70,0.52,0.71,0.75,0.74,"",2,10.0,152,107.8,153,107.7,156,110.6,4342539,176.0,1809080,91.2,-342,-1.3,433,32.2
"37069","5","518210","78","0","2018","1","N",4,0,0,0,0,0,0,0,"N",1.50,0,0,0,0,0,0,0,"N",1,33.3,0,0,0,0,0,0,0,0,0,0,0,0,0,0
"37071","5","518210","78","0","2018","1","N",2,0,0,0,0,0,0,0,"N",0.20,0,0,0,0,0,0,0,"N",0,0.0,0,0,0,0,0,0,0,0,0,0,0,0,0,0
"37075","5","518210","78","0","2018","1","N",1,0,0,0,0,0,0,0,"N",2.34,0,0,0,0,0,0,0,"N",0,0.0,0,0,0,0,0,0,0,0,0,0,0,0,0,0
"37081","5","518210","78","0","2018","1","",22,454,457,463,33112623,9261949,15176,5561,"",0.66,0.71,0.71,0.72,1.83,1.02,0.28,2.55,"",-1,-4.3,17,3.9,15,3.4,17,3.8,8924777,36.9,-978263,-9.6,-55665,-78.6,1348,32.0
"37085","5","518210","78","0","2018","1","N",1,0,0,0,0,0,0,0,"N",0.24,0,0,0,0,0,0,0,"N",0,0.0,0,0,0,0,0,0,0,0,0,0,0,0,0,0
"37089","5","518210","78","0","2018","1","N",3,0,0,0,0,0,0,0,"N",0.42,0,0,0,0,0,0,0,"N",1,50.0,0,0,0,0,0,0,0,0,0,0,0,0,0,0
"37097","5","518210","78","0","2018","1","N",4,0,0,0,0,0,0,0,"N",0.32,0,0,0,0,0,0,0,"N",-1,-20.0,0,0,0,0,0,0,0,0,0,0,0,0,0,0
"37099","5","518210","78","0","2018","1","N",4,0,0,0,0,0,0,0,"N",1.64,0,0,0,0,0,0,0,"N",0,0.0,0,0,0,0,0,0,0,0,0,0,0,0,0,0
"37101","5","518210","78","0","2018","1","",6,6,6,7,141965,84882,795,1724,"",0.73,0.06,0.06,0.06,0.05,0.06,0.13,0.94,"N",2,50.0,0,0,0,0,0,0,0,0,0,0,0,0,0,0
"37109","5","518210","78","0","2018","1","N",1,0,0,0,0,0,0,0,"N",0.24,0,0,0,0,0,0,0,"N",1,100.0,0,0,0,0,0,0,0,0,0,0,0,0,0,0
"37111","5","518210","78","0","2018","1","N",1,0,0,0,0,0,0,0,"N",0.56,0,0,0,0,0,0,0,"N",0,0.0,0,0,0,0,0,0,0,0,0,0,0,0,0,0
"37113","5","518210","78","0","2018","1","N",2,0,0,0,0,0,0,0,"N",0.74,0,0,0,0,0,0,0,"N",0,0.0,0,0,0,0,0,0,0,0,0,0,0,0,0,0
"37115","5","518210","78","0","2018","1","",3,5,5,6,93275,70291,620,1345,"",3.28,0.59,0.58,0.70,0.57,0.80,1.37,0.92,"N",1,50.0,0,0,0,0,0,0,0,0,0,0,0,0,0,0
"37119","5","518210","78","0","2018","1","",140,7557,7601,7688,313546943,131152364,322856,3167,"",1.58,4.87,4.87,4.90,4.46,4.39,1.90,0.91,"",8,6.1,90,1.2,116,1.5,83,1.1,19752402,6.7,3981939,3.1,-770161,-70.5,161,5.4
"37123","5","518210","78","0","2018","1","N",2,0,0,0,0,0,0,0,"N",1.69,0,0,0,0,0,0,0,"N",1,100.0,0,0,0,0,0,0,0,0,0,0,0,0,0,0
"37125","5","518210","78","0","2018","1","",3,14,15,8,188544,161704,1117,1176,"",0.50,0.18,0.19,0.10,0.11,0.20,0.29,0.69,"N",1,50.0,0,0,0,0,0,0,0,0,0,0,0,0,0,0
"37127","5","518210","78","0","2018","1","N",4,0,0,0,0,0,0,0,"N",0.81,0,0,0,0,0,0,0,"N",0,0.0,0,0,0,0,0,0,0,0,0,0,0,0,0,0
"37129","5","518210","78","0","2018","1","",19,98,101,102,3227588,1753399,15790,2475,"",0.99,0.39,0.39,0.40,0.49,0.53,0.79,1.24,"",3,18.8,10,11.4,12,13.5,13,14.6,746573,30.1,242198,16.0,-1800,-10.2,323,15.0
"37133","5","518210","78","0","2018","1","",6,25,25,25,267061,238537,2326,822,"",0.83,0.23,0.22,0.22,0.12,0.26,0.51,0.55,"",1,20.0,1,4.2,1,4.2,1,4.2,-1377,-0.5,6019,2.6,-1438,-38.2,-38,-4.4
"37135","5","518210","78","0","2018","1","N",12,0,0,0,0,0,0,0,"N",1.28,0,0,0,0,0,0,0,"N",1,9.1,0,0,0,0,0,0,0,0,0,0,0,0,0,0
"37137","5","518210","78","0","2018","1","N",2,0,0,0,0,0,0,0,"N",2.99,0,0,0,0,0,0,0,"N",0,0.0,0,0,0,0,0,0,0,0,0,0,0,0,0,0
"37139","5","518210","78","0","2018","1","N",2,0,0,0,0,0,0,0,"N",0.87,0,0,0,0,0,0,0,"N",0,0.0,0,0,0,0,0,0,0,0,0,0,0,0,0,0
"37141","5","518210","78","0","2018","1","N",2,0,0,0,0,0,0,0,"N",0.69,0,0,0,0,0,0,0,"N",0,0.0,0,0,0,0,0,0,0,0,0,0,0,0,0,0
"37147","5","518210","78","0","2018","1","N",5,0,0,0,0,0,0,0,"N",0.57,0,0,0,0,0,0,0,"N",0,0.0,0,0,0,0,0,0,0,0,0,0,0,0,0,0
"37151","5","518210","78","0","2018","1","N",1,0,0,0,0,0,0,0,"N",0.17,0,0,0,0,0,0,0,"N",0,0.0,0,0,0,0,0,0,0,0,0,0,0,0,0,0
"37157","5","518210","78","0","2018","1","N",1,0,0,0,0,0,0,0,"N",0.26,0,0,0,0,0,0,0,"N",-1,-50.0,0,0,0,0,0,0,0,0,0,0,0,0,0,0
"37161","5","518210","78","0","2018","1","N",1,0,0,0,0,0,0,0,"N",0.33,0,0,0,0,0,0,0,"N",0,0.0,0,0,0,0,0,0,0,0,0,0,0,0,0,0
"37173","5","518210","78","0","2018","1","N",1,0,0,0,0,0,0,0,"N",0.98,0,0,0,0,0,0,0,"N",0,0.0,0,0,0,0,0,0,0,0,0,0,0,0,0,0
"37175","5","518210","78","0","2018","1","N",1,0,0,0,0,0,0,0,"N",0.47,0,0,0,0,0,0,0,"N",0,0.0,0,0,0,0,0,0,0,0,0,0,0,0,0,0
"37179","5","518210","78","0","2018","1","",16,31,34,34,678974,523161,2997,1583,"",1.26,0.22,0.23,0.23,0.19,0.25,0.23,0.82,"",0,0.0,-7,-18.4,-1,-2.9,2,6.2,114136,20.2,30351,6.2,-2314,-43.6,342,27.6
"37181","5","518210","78","0","2018","1","N",1,0,0,0,0,0,0,0,"N",0.51,0,0,0,0,0,0,0,"N",0,0.0,0,0,0,0,0,0,0,0,0,0,0,0,0,0
"37183","5","518210","78","0","2018","1","",147,2038,2096,2120,49523747,34285104,221795,1827,"",1.81,1.64,1.67,1.69,1.15,1.69,1.88,0.69,"",3,2.1,262,14.8,289,16.0,301,16.5,4129711,9.1,2442456,7.7,-100762,-31.2,-112,-5.8
"37187","5","518210","78","0","2018","1","N",1,0,0,0,0,0,0,0,"N",1.75,0,0,0,0,0,0,0,"N",1,100.0,0,0,0,0,0,0,0,0,0,0,0,0,0,0
"37189","5","518210","78","0","2018","1","N",2,0,0,0,0,0,0,0,"N",0.51,0,0,0,0,0,0,0,"N",0,0.0,0,0,0,0,0,0,0,0,0,0,0,0,0,0
"37191","5","518210","78","0","2018","1","N",2,0,0,0,0,0,0,0,"N",0.38,0,0,0,0,0,0,0,"N",0,0.0,0,0,0,0,0,0,0,0,0,0,0,0,0,0
"37195","5","518210","78","0","2018","1","N",2,0,0,0,0,0,0,0,"N",0.45,0,0,0,0,0,0,0,"N",0,0.0,0,0,0,0,0,0,0,0,0,0,0,0,0,0
"37197","5","518210","78","0","2018","1","N",2,0,0,0,0,0,0,0,"N",1.28,0,0,0,0,0,0,0,"N",0,0.0,0,0,0,0,0,0,0,0,0,0,0,0,0,0
"37199","5","518210","78","0","2018","1","N",1,0,0,0,0,0,0,0,"N",1.20,0,0,0,0,0,0,0,"N",0,0.0,0,0,0,0,0,0,0,0,0,0,0,0,0,0
"37999","5","518210","78","0","2018","1","",176,1251,1404,1508,47490937,26922272,180061,2633,"",3.95,4.80,5.28,5.67,3.29,3.78,2.82,0.63,"",33,23.1,287,29.8,316,29.0,405,36.7,15382451,47.9,8470916,45.9,-76713,-29.9,284,12.1
"38000","3","518210","58","0","2018","1","N",2,0,0,0,0,0,0,0,"N",6.26,0,0,0,0,0,0,0,"N",0,0.0,0,0,0,0,0,0,0,0,0,0,0,0,0,0
"38000","5","518210","58","0","2018","1","",32,570,573,570,7963906,6668308,42631,1073,"",0.44,0.62,0.62,0.61,0.29,0.46,0.25,0.47,"",2,6.7,25,4.6,15,2.7,15,2.7,-457770,-5.4,174096,2.7,-4192,-9.0,-99,-8.4
"38011","5","518210","78","0","2018","1","N",1,0,0,0,0,0,0,0,"N",2.28,0,0,0,0,0,0,0,"N",0,0.0,0,0,0,0,0,0,0,0,0,0,0,0,0,0
"38015","5","518210","78","0","2018","1","N",4,0,0,0,0,0,0,0,"N",0.46,0,0,0,0,0,0,0,"N",-1,-20.0,0,0,0,0,0,0,0,0,0,0,0,0,0,0
"38017","3","518210","78","0","2018","1","N",1,0,0,0,0,0,0,0,"N",13.68,0,0,0,0,0,0,0,"N",0,0.0,0,0,0,0,0,0,0,0,0,0,0,0,0,0
"38017","5","518210","78","0","2018","1","",15,491,495,494,7241151,5960300,37273,1129,"",0.90,1.86,1.87,1.87,0.95,1.51,1.10,0.51,"",3,25.0,11,2.3,10,2.1,15,3.1,-476991,-6.2,168694,2.9,4465,13.6,-104,-8.4
"38035","5","518210","78","0","2018","1","",6,8,9,9,86630,86630,800,769,"",1.16,0.09,0.10,0.10,0.04,0.09,0.09,0.40,"N",0,0.0,0,0,0,0,0,0,0,0,0,0,0,0,0,0
"38055","5","518210","78","0","2018","1","N",1,0,0,0,0,0,0,0,"N",1.18,0,0,0,0,0,0,0,"N",0,0.0,0,0,0,0,0,0,0,0,0,0,0,0,0,0
"38059","5","518210","78","0","2018","1","N",1,0,0,0,0,0,0,0,"N",0.42,0,0,0,0,0,0,0,"N",0,0.0,0,0,0,0,0,0,0,0,0,0,0,0,0,0
"38061","3","518210","78","0","2018","1","-",0,0,0,0,0,0,0,0,"N",0.00,0,0,0,0,0,0,0,"N",0,0,0,0,0,0,0,0,0,0,0,0,0,0,0,0
"38073","5","518210","78","0","2018","1","N",1,0,0,0,0,0,0,0,"N",1.70,0,0,0,0,0,0,0,"N",0,0.0,0,0,0,0,0,0,0,0,0,0,0,0,0,0
"38079","3","518210","78","0","2018","1","N",1,0,0,0,0,0,0,0,"N",383.57,0,0,0,0,0,0,0,"N",0,0.0,0,0,0,0,0,0,0,0,0,0,0,0,0,0
"38093","5","518210","78","0","2018","1","N",2,0,0,0,0,0,0,0,"N",1.05,0,0,0,0,0,0,0,"N",2,100.0,0,0,0,0,0,0,0,0,0,0,0,0,0,0
"38097","5","518210","78","0","2018","1","-",0,0,0,0,0,0,0,0,"N",0.00,0,0,0,0,0,0,0,"N",0,0,0,0,0,0,0,0,0,0,0,0,0,0,0,0
"38099","5","518210","78","0","2018","1","N",1,0,0,0,0,0,0,0,"N",0.85,0,0,0,0,0,0,0,"N",0,0.0,0,0,0,0,0,0,0,0,0,0,0,0,0,0
"39000","3","518210","58","0","2018","1","",40,568,562,564,9714347,0,0,1323,"",13.33,5.40,5.36,5.37,6.25,0.00,0.00,1.16,"",-1,-2.4,-3,-0.5,-5,-0.9,-6,-1.1,325204,3.5,0,0.0,0,0.0,54,4.3
"39000","5","518210","58","0","2018","1","",590,7822,7893,7918,179949038,71333578,2022655,1757,"",0.86,0.65,0.65,0.65,0.50,0.61,0.72,0.76,"",79,15.5,704,9.9,743,10.4,724,10.1,28636430,18.9,11360312,18.9,80204,4.1,130,8.0
"39001","5","518210","78","0","2018","1","N",1,0,0,0,0,0,0,0,"N",0.73,0,0,0,0,0,0,0,"N",0,0.0,0,0,0,0,0,0,0,0,0,0,0,0,0,0
"39003","5","518210","78","0","2018","1","",4,16,16,16,394396,187001,14753,1896,"",0.70,0.14,0.14,0.14,0.13,0.18,0.56,0.93,"N",2,100.0,0,0,0,0,0,0,0,0,0,0,0,0,0,0
"39005","3","518210","78","0","2018","1","N",1,0,0,0,0,0,0,0,"N",87.27,0,0,0,0,0,0,0,"N",0,0.0,0,0,0,0,0,0,0,0,0,0,0,0,0,0
"39005","5","518210","78","0","2018","1","N",1,0,0,0,0,0,0,0,"N",0.38,0,0,0,0,0,0,0,"N",0,0.0,0,0,0,0,0,0,0,0,0,0,0,0,0,0
"39007","5","518210","78","0","2018","1","N",2,0,0,0,0,0,0,0,"N",0.41,0,0,0,0,0,0,0,"N",-1,-33.3,0,0,0,0,0,0,0,0,0,0,0,0,0,0
"39009","5","518210","78","0","2018","1","",4,9,9,10,109516,82174,3745,903,"",1.43,0.20,0.19,0.21,0.10,0.32,0.73,0.49,"",0,0.0,-3,-25.0,-3,-25.0,-2,-16.7,-8500,-7.2,-11573,-12.3,1987,113.0,146,19.3
"39013","5","518210","78","0","2018","1","N",1,0,0,0,0,0,0,0,"N",0.26,0,0,0,0,0,0,0,"N",0,0.0,0,0,0,0,0,0,0,0,0,0,0,0,0,0
"39017","3","518210","78","0","2018","1","N",2,0,0,0,0,0,0,0,"N",25.27,0,0,0,0,0,0,0,"N",0,0.0,0,0,0,0,0,0,0,0,0,0,0,0,0,0
"39017","5","518210","78","0","2018","1","",14,49,47,48,1190681,395655,14011,1908,"",0.78,0.14,0.13,0.14,0.11,0.11,0.16,0.83,"",1,7.7,-3,-5.8,-4,-7.8,-5,-9.4,-168354,-12.4,-36323,-8.4,1399,11.1,-102,-5.1
"39023","5","518210","78","0","2018","1","N",2,0,0,0,0,0,0,0,"N",0.35,0,0,0,0,0,0,0,"N",1,100.0,0,0,0,0,0,0,0,0,0,0,0,0,0,0
"39025","5","518210","78","0","2018","1","",9,15,18,19,250056,126444,3180,1110,"",0.97,0.11,0.14,0.14,0.07,0.10,0.10,0.56,"",0,0.0,2,15.4,4,28.6,4,26.7,130817,109.7,30513,31.8,746,30.6,455,69.5
"39027","5","518210","78","0","2018","1","N",3,0,0,0,0,0,0,0,"N",1.54,0,0,0,0,0,0,0,"N",1,50.0,0,0,0,0,0,0,0,0,0,0,0,0,0,0
"39029","5","518210","78","0","2018","1","-",0,0,0,0,0,0,0,0,"N",0.00,0,0,0,0,0,0,0,"N",0,0,0,0,0,0,0,0,0,0,0,0,0,0,0,0
"39033","5","518210","78","0","2018","1","N",2,0,0,0,0,0,0,0,"N",0.94,0,0,0,0,0,0,0,"N",1,100.0,0,0,0,0,0,0,0,0,0,0,0,0,0,0
"39035","3","518210","78","0","2018","1","",7,218,217,219,3280892,0,0,1158,"",19.31,15.36,15.37,15.51,13.70,0.00,0.00,0.89,"",0,0.0,7,3.3,8,3.8,10,4.8,296211,9.9,0,0.0,0,0.0,63,5.8
"39035","5","518210","78","0","2018","1","",78,1455,1461,1453,29307408,13265266,309026,1548,"",0.95,0.90,0.90,0.89,0.53,0.86,0.82,0.59,"",16,25.8,11,0.8,2,0.1,-10,-0.7,1497596,5.4,859132,6.9,-16291,-5.0,78,5.3
"39037","5","518210","78","0","2018","1","N",1,0,0,0,0,0,0,0,"N",0.36,0,0,0,0,0,0,0,"N",0,0.0,0,0,0,0,0,0,0,0,0,0,0,0,0,0
"39039","5","518210","78","0","2018","1","N",2,0,0,0,0,0,0,0,"N",1.00,0,0,0,0,0,0,0,"N",0,0.0,0,0,0,0,0,0,0,0,0,0,0,0,0,0
"39041","5","518210","78","0","2018","1","",16,102,103,104,2772913,972086,15702,2071,"",1.28,0.52,0.53,0.53,0.39,0.43,0.33,0.75,"",3,23.1,26,34.2,30,41.1,29,38.7,1479303,114.4,291955,42.9,-388,-2.4,738,55.4
"39043","3","518210","78","0","2018","1","N",1,0,0,0,0,0,0,0,"N",50.16,0,0,0,0,0,0,0,"N",0,0.0,0,0,0,0,0,0,0,0,0,0,0,0,0,0
"39043","5","518210","78","0","2018","1","N",3,0,0,0,0,0,0,0,"N",0.66,0,0,0,0,0,0,0,"N",0,0.0,0,0,0,0,0,0,0,0,0,0,0,0,0,0
"39045","3","518210","78","0","2018","1","N",2,0,0,0,0,0,0,0,"N",66.26,0,0,0,0,0,0,0,"N",0,0.0,0,0,0,0,0,0,0,0,0,0,0,0,0,0
"39045","5","518210","78","0","2018","1","N",2,0,0,0,0,0,0,0,"N",0.29,0,0,0,0,0,0,0,"N",0,0.0,0,0,0,0,0,0,0,0,0,0,0,0,0,0
"39047","5","518210","78","0","2018","1","N",1,0,0,0,0,0,0,0,"N",0.68,0,0,0,0,0,0,0,"N",1,100.0,0,0,0,0,0,0,0,0,0,0,0,0,0,0
"39049","3","518210","78","0","2018","1","",6,45,46,46,975241,0,0,1643,"",18.41,3.04,3.13,3.14,3.92,0.00,0.00,1.26,"",0,0.0,3,7.1,5,12.2,4,9.5,110906,12.8,0,0.0,0,0.0,47,2.9
"39049","5","518210","78","0","2018","1","",93,2653,2656,2664,62738217,23493903,543765,1816,"",1.25,1.57,1.57,1.57,1.08,1.42,1.54,0.69,"",13,16.2,301,12.8,288,12.2,257,10.7,11183921,21.7,3082404,15.1,14024,2.6,147,8.8
"39055","5","518210","78","0","2018","1","N",5,0,0,0,0,0,0,0,"N",0.74,0,0,0,0,0,0,0,"N",-1,-16.7,0,0,0,0,0,0,0,0,0,0,0,0,0,0
"39057","3","518210","78","0","2018","1","N",2,0,0,0,0,0,0,0,"N",55.47,0,0,0,0,0,0,0,"N",0,0.0,0,0,0,0,0,0,0,0,0,0,0,0,0,0
"39057","5","518210","78","0","2018","1","",10,389,392,393,7579027,3622044,214853,1490,"",1.22,2.28,2.29,2.29,1.45,2.85,7.40,0.64,"",-1,-9.1,62,19.0,76,24.1,74,23.2,1362875,21.9,724355,25.0,80610,60.0,-1,-0.1
"39059","5","518210","78","0","2018","1","N",1,0,0,0,0,0,0,0,"N",0.46,0,0,0,0,0,0,0,"N",0,0.0,0,0,0,0,0,0,0,0,0,0,0,0,0,0
"39061","3","518210","78","0","2018","1","N",1,0,0,0,0,0,0,0,"N",4.16,0,0,0,0,0,0,0,"N",0,0.0,0,0,0,0,0,0,0,0,0,0,0,0,0,0
"39061","5","518210","78","0","2018","1","",47,573,581,587,12956779,5319343,133088,1717,"",0.86,0.50,0.50,0.51,0.31,0.44,0.47,0.62,"",8,20.5,79,16.0,85,17.1,88,17.6,478930,3.8,995066,23.0,-93085,-41.2,-217,-11.2
"39063","5","518210","78","0","2018","1","N",2,0,0,0,0,0,0,0,"N",0.48,0,0,0,0,0,0,0,"N",1,100.0,0,0,0,0,0,0,0,0,0,0,0,0,0,0
"39067","5","518210","78","0","2018","1","N",1,0,0,0,0,0,0,0,"N",1.26,0,0,0,0,0,0,0,"N",0,0.0,0,0,0,0,0,0,0,0,0,0,0,0,0,0
"39069","3","518210","78","0","2018","1","N",1,0,0,0,0,0,0,0,"N",149.49,0,0,0,0,0,0,0,"N",0,0.0,0,0,0,0,0,0,0,0,0,0,0,0,0,0
"39073","5","518210","78","0","2018","1","N",1,0,0,0,0,0,0,0,"N",0.81,0,0,0,0,0,0,0,"N",0,0.0,0,0,0,0,0,0,0,0,0,0,0,0,0,0
"39077","5","518210","78","0","2018","1","N",1,0,0,0,0,0,0,0,"N",0.34,0,0,0,0,0,0,0,"N",0,0.0,0,0,0,0,0,0,0,0,0,0,0,0,0,0
"39083","3","518210","78","0","2018","1","N",1,0,0,0,0,0,0,0,"N",82.61,0,0,0,0,0,0,0,"N",0,0.0,0,0,0,0,0,0,0,0,0,0,0,0,0,0
"39083","5","518210","78","0","2018","1","N",2,0,0,0,0,0,0,0,"N",0.73,0,0,0,0,0,0,0,"N",2,100.0,0,0,0,0,0,0,0,0,0,0,0,0,0,0
"39085","5","518210","78","0","2018","1","",13,19,20,20,436628,183803,7201,1708,"",0.90,0.09,0.09,0.09,0.08,0.09,0.14,0.84,"",3,30.0,9,90.0,10,100.0,10,100.0,208305,91.2,93803,104.2,4735,192.0,-48,-2.7
"39087","5","518210","78","0","2018","1","N",1,0,0,0,0,0,0,0,"N",0.45,0,0,0,0,0,0,0,"N",1,100.0,0,0,0,0,0,0,0,0,0,0,0,0,0,0
"39089","5","518210","78","0","2018","1","",5,10,9,9,147631,70265,1860,1217,"",0.63,0.07,0.07,0.07,0.05,0.06,0.06,0.65,"",1,25.0,6,150.0,6,200.0,5,125.0,55121,59.6,43137,159.0,1020,121.4,-724,-37.3
"39093","5","518210","78","0","2018","1","",9,10,9,9,194676,93726,2764,1604,"",0.63,0.05,0.04,0.04,0.04,0.05,0.05,0.83,"N",5,125.0,0,0,0,0,0,0,0,0,0,0,0,0,0,0
"39095","5","518210","78","0","2018","1","",11,50,49,46,1273319,443355,8581,2027,"",0.47,0.11,0.10,0.10,0.09,0.10,0.07,0.89,"",0,0.0,5,11.1,5,11.4,7,17.9,467161,57.9,82274,22.8,-5257,-38.0,574,39.5
"39097","5","518210","78","0","2018","1","N",2,0,0,0,0,0,0,0,"N",1.02,0,0,0,0,0,0,0,"N",0,0.0,0,0,0,0,0,0,0,0,0,0,0,0,0,0
"39099","3","518210","78","0","2018","1","N",1,0,0,0,0,0,0,0,"N",16.67,0,0,0,0,0,0,0,"N",0,0.0,0,0,0,0,0,0,0,0,0,0,0,0,0,0
"39099","5","518210","78","0","2018","1","",6,158,161,160,2655167,1394562,37402,1279,"",0.44,0.73,0.74,0.73,0.55,0.75,0.75,0.75,"",-1,-14.3,12,8.2,13,8.8,11,7.4,285751,12.1,153729,12.4,-3761,-9.1,45,3.6
"39103","3","518210","78","0","2018","1","N",2,0,0,0,0,0,0,0,"N",43.40,0,0,0,0,0,0,0,"N",0,0.0,0,0,0,0,0,0,0,0,0,0,0,0,0,0
"39103","5","518210","78","0","2018","1","",9,19,18,19,772056,208473,10584,3182,"",0.86,0.14,0.13,0.14,0.23,0.15,0.33,1.66,"",1,12.5,6,46.2,4,28.6,4,26.7,367792,91.0,77473,59.1,4545,75.3,961,43.3
"39109","5","518210","78","0","2018","1","-",0,0,0,0,0,0,0,0,"N",0.00,0,0,0,0,0,0,0,"N",0,0,0,0,0,0,0,0,0,0,0,0,0,0,0,0
"39111","5","518210","78","0","2018","1","N",1,0,0,0,0,0,0,0,"N",1.22,0,0,0,0,0,0,0,"N",1,100.0,0,0,0,0,0,0,0,0,0,0,0,0,0,0
"39113","3","518210","78","0","2018","1","N",2,0,0,0,0,0,0,0,"N",16.71,0,0,0,0,0,0,0,"N",0,0.0,0,0,0,0,0,0,0,0,0,0,0,0,0,0
"39113","5","518210","78","0","2018","1","",17,69,71,68,1722437,693797,25044,1911,"",0.62,0.12,0.12,0.12,0.11,0.13,0.21,0.91,"",5,41.7,-39,-36.1,-37,-34.3,-44,-39.3,-1862884,-52.0,-289385,-29.4,-14183,-36.2,-612,-24.3
"39119","3","518210","78","0","2018","1","N",1,0,0,0,0,0,0,0,"N",53.26,0,0,0,0,0,0,0,"N",0,0.0,0,0,0,0,0,0,0,0,0,0,0,0,0,0
"39129","5","518210","78","0","2018","1","N",1,0,0,0,0,0,0,0,"N",0.47,0,0,0,0,0,0,0,"N",0,0.0,0,0,0,0,0,0,0,0,0,0,0,0,0,0
"39133","5","518210","78","0","2018","1","N",5,0,0,0,0,0,0,0,"N",0.65,0,0,0,0,0,0,0,"N",1,25.0,0,0,0,0,0,0,0,0,0,0,0,0,0,0
"39137","5","518210","78","0","2018","1","N",1,0,0,0,0,0,0,0,"N",0.54,0,0,0,0,0,0,0,"N",1,100.0,0,0,0,0,0,0,0,0,0,0,0,0,0,0
"39139","3","518210","78","0","2018","1","N",1,0,0,0,0,0,0,0,"N",36.05,0,0,0,0,0,0,0,"N",0,0.0,0,0,0,0,0,0,0,0,0,0,0,0,0,0
"39139","5","518210","78","0","2018","1","N",2,0,0,0,0,0,0,0,"N",0.32,0,0,0,0,0,0,0,"N",0,0.0,0,0,0,0,0,0,0,0,0,0,0,0,0,0
"39141","5","518210","78","0","2018","1","N",1,0,0,0,0,0,0,0,"N",0.32,0,0,0,0,0,0,0,"N",-1,-50.0,0,0,0,0,0,0,0,0,0,0,0,0,0,0
"39143","5","518210","78","0","2018","1","N",1,0,0,0,0,0,0,0,"N",0.31,0,0,0,0,0,0,0,"N",0,0.0,0,0,0,0,0,0,0,0,0,0,0,0,0,0
"39145","5","518210","78","0","2018","1","N",1,0,0,0,0,0,0,0,"N",0.31,0,0,0,0,0,0,0,"N",0,0.0,0,0,0,0,0,0,0,0,0,0,0,0,0,0
"39149","3","518210","78","0","2018","1","N",1,0,0,0,0,0,0,0,"N",96.45,0,0,0,0,0,0,0,"N",0,0.0,0,0,0,0,0,0,0,0,0,0,0,0,0,0
"39151","3","518210","78","0","2018","1","N",2,0,0,0,0,0,0,0,"N",23.04,0,0,0,0,0,0,0,"N",0,0.0,0,0,0,0,0,0,0,0,0,0,0,0,0,0
"39151","5","518210","78","0","2018","1","",9,37,40,40,930604,326033,10584,1836,"",0.46,0.10,0.11,0.11,0.11,0.10,0.12,0.98,"",-3,-25.0,-7,-15.9,-4,-9.1,-4,-9.1,60323,6.9,-7603,-2.3,86,0.8,315,20.7
"39153","3","518210","78","0","2018","1","",4,63,62,63,930669,0,0,1142,"",27.68,12.09,11.90,12.12,12.40,0.00,0.00,1.03,"N",0,0.0,0,0,0,0,0,0,0,0,0,0,0,0,0,0
"39153","5","518210","78","0","2018","1","",34,621,638,635,14190437,5650095,186402,1729,"",1.03,1.04,1.06,1.06,0.81,0.96,1.31,0.77,"",2,6.2,-41,-6.2,-30,-4.5,-30,-4.5,39354,0.3,-59366,-1.0,-20284,-9.8,92,5.6
"39155","3","518210","78","0","2018","1","N",1,0,0,0,0,0,0,0,"N",23.08,0,0,0,0,0,0,0,"N",0,0.0,0,0,0,0,0,0,0,0,0,0,0,0,0,0
"39155","5","518210","78","0","2018","1","N",2,0,0,0,0,0,0,0,"N",0.20,0,0,0,0,0,0,0,"N",0,0.0,0,0,0,0,0,0,0,0,0,0,0,0,0,0
"39157","3","518210","78","0","2018","1","N",1,0,0,0,0,0,0,0,"N",42.60,0,0,0,0,0,0,0,"N",0,0.0,0,0,0,0,0,0,0,0,0,0,0,0,0,0
"39159","5","518210","78","0","2018","1","N",3,0,0,0,0,0,0,0,"N",0.99,0,0,0,0,0,0,0,"N",1,50.0,0,0,0,0,0,0,0,0,0,0,0,0,0,0
"39165","5","518210","78","0","2018","1","N",14,0,0,0,0,0,0,0,"N",1.20,0,0,0,0,0,0,0,"N",3,27.3,0,0,0,0,0,0,0,0,0,0,0,0,0,0
"39167","5","518210","78","0","2018","1","N",2,0,0,0,0,0,0,0,"N",0.54,0,0,0,0,0,0,0,"N",1,100.0,0,0,0,0,0,0,0,0,0,0,0,0,0,0
"39171","5","518210","78","0","2018","1","N",2,0,0,0,0,0,0,0,"N",0.99,0,0,0,0,0,0,0,"N",-1,-33.3,0,0,0,0,0,0,0,0,0,0,0,0,0,0
"39173","5","518210","78","0","2018","1","",3,3,3,3,29807,19514,326,764,"",0.43,0.02,0.02,0.02,0.01,0.01,0.01,0.35,"N",1,50.0,0,0,0,0,0,0,0,0,0,0,0,0,0,0
"39999","5","518210","78","0","2018","1","",126,825,838,843,26141413,9172919,376959,2407,"",2.98,3.12,3.11,3.12,1.94,2.24,2.87,0.62,"",13,11.5,36,4.6,53,6.8,69,8.9,5332641,25.6,2399377,35.4,89360,31.1,362,17.7
"40000","3","518210","58","0","2018","1","N",1,0,0,0,0,0,0,0,"N",0.90,0,0,0,0,0,0,0,"N",0,0.0,0,0,0,0,0,0,0,0,0,0,0,0,0,0
"40000","5","518210","58","0","2018","1","",166,1107,1256,1278,20956317,14043769,157848,1328,"",0.66,0.31,0.35,0.35,0.21,0.28,0.31,0.63,"",-8,-4.6,-223,-16.8,-60,-4.6,-49,-3.7,-807513,-3.7,-1340010,-8.7,-32684,-17.2,64,5.1
"40001","5","518210","78","0","2018","1","-",0,0,0,0,0,0,0,0,"N",0.00,0,0,0,0,0,0,0,"N",0,0,0,0,0,0,0,0,0,0,0,0,0,0,0,0
"40013","5","518210","78","0","2018","1","N",1,0,0,0,0,0,0,0,"N",0.46,0,0,0,0,0,0,0,"N",0,0.0,0,0,0,0,0,0,0,0,0,0,0,0,0,0
"40015","5","518210","78","0","2018","1","N",1,0,0,0,0,0,0,0,"N",0.72,0,0,0,0,0,0,0,"N",0,0.0,0,0,0,0,0,0,0,0,0,0,0,0,0,0
"40017","5","518210","78","0","2018","1","N",1,0,0,0,0,0,0,0,"N",0.14,0,0,0,0,0,0,0,"N",0,0.0,0,0,0,0,0,0,0,0,0,0,0,0,0,0
"40023","5","518210","78","0","2018","1","N",2,0,0,0,0,0,0,0,"N",2.52,0,0,0,0,0,0,0,"N",0,0.0,0,0,0,0,0,0,0,0,0,0,0,0,0,0
"40027","5","518210","78","0","2018","1","",9,10,10,10,107293,69073,943,825,"",0.67,0.05,0.05,0.05,0.03,0.03,0.07,0.47,"",2,28.6,-19,-65.5,-18,-64.3,-20,-66.7,-188231,-63.7,-194252,-73.8,-2729,-74.3,41,5.2
"40031","5","518210","78","0","2018","1","N",2,0,0,0,0,0,0,0,"N",0.37,0,0,0,0,0,0,0,"N",1,100.0,0,0,0,0,0,0,0,0,0,0,0,0,0,0
"40037","5","518210","78","0","2018","1","N",1,0,0,0,0,0,0,0,"N",0.29,0,0,0,0,0,0,0,"N",0,0.0,0,0,0,0,0,0,0,0,0,0,0,0,0,0
"40047","5","518210","78","0","2018","1","N",1,0,0,0,0,0,0,0,"N",0.25,0,0,0,0,0,0,0,"N",0,0.0,0,0,0,0,0,0,0,0,0,0,0,0,0,0
"40049","5","518210","78","0","2018","1","-",0,0,0,0,0,0,0,0,"N",0.00,0,0,0,0,0,0,0,"N",-1,-100.0,0,0,0,0,0,0,0,0,0,0,0,0,0,0
"40051","5","518210","78","0","2018","1","N",1,0,0,0,0,0,0,0,"N",0.37,0,0,0,0,0,0,0,"N",0,0.0,0,0,0,0,0,0,0,0,0,0,0,0,0,0
"40073","5","518210","78","0","2018","1","N",1,0,0,0,0,0,0,0,"N",0.77,0,0,0,0,0,0,0,"N",0,0.0,0,0,0,0,0,0,0,0,0,0,0,0,0,0
"40087","5","518210","78","0","2018","1","N",2,0,0,0,0,0,0,0,"N",0.82,0,0,0,0,0,0,0,"N",1,100.0,0,0,0,0,0,0,0,0,0,0,0,0,0,0
"40097","5","518210","78","0","2018","1","N",2,0,0,0,0,0,0,0,"N",0.98,0,0,0,0,0,0,0,"N",0,0.0,0,0,0,0,0,0,0,0,0,0,0,0,0,0
"40101","5","518210","78","0","2018","1","-",0,0,0,0,0,0,0,0,"N",0.00,0,0,0,0,0,0,0,"N",0,0,0,0,0,0,0,0,0,0,0,0,0,0,0,0
"40105","5","518210","78","0","2018","1","N",1,0,0,0,0,0,0,0,"N",2.44,0,0,0,0,0,0,0,"N",0,0.0,0,0,0,0,0,0,0,0,0,0,0,0,0,0
"40109","3","518210","78","0","2018","1","N",1,0,0,0,0,0,0,0,"N",3.55,0,0,0,0,0,0,0,"N",0,0.0,0,0,0,0,0,0,0,0,0,0,0,0,0,0
"40109","5","518210","78","0","2018","1","",71,540,509,511,8891679,6361165,71155,1315,"",1.11,0.53,0.50,0.50,0.27,0.44,0.50,0.54,"",-5,-6.6,-120,-18.2,-118,-18.8,-127,-19.9,-1200811,-11.9,-1309868,-17.1,3119,4.6,105,8.7
"40119","5","518210","78","0","2018","1","N",1,0,0,0,0,0,0,0,"N",0.22,0,0,0,0,0,0,0,"N",1,100.0,0,0,0,0,0,0,0,0,0,0,0,0,0,0
"40121","5","518210","78","0","2018","1","N",1,0,0,0,0,0,0,0,"N",0.41,0,0,0,0,0,0,0,"N",0,0.0,0,0,0,0,0,0,0,0,0,0,0,0,0,0
"40123","5","518210","78","0","2018","1","N",1,0,0,0,0,0,0,0,"N",0.39,0,0,0,0,0,0,0,"N",-1,-50.0,0,0,0,0,0,0,0,0,0,0,0,0,0,0
"40125","5","518210","78","0","2018","1","N",2,0,0,0,0,0,0,0,"N",0.61,0,0,0,0,0,0,0,"N",0,0.0,0,0,0,0,0,0,0,0,0,0,0,0,0,0
"40131","5","518210","78","0","2018","1","N",4,0,0,0,0,0,0,0,"N",0.90,0,0,0,0,0,0,0,"N",0,0.0,0,0,0,0,0,0,0,0,0,0,0,0,0,0
"40133","5","518210","78","0","2018","1","N",1,0,0,0,0,0,0,0,"N",0.85,0,0,0,0,0,0,0,"N",0,0.0,0,0,0,0,0,0,0,0,0,0,0,0,0,0
"40141","5","518210","78","0","2018","1","N",1,0,0,0,0,0,0,0,"N",2.33,0,0,0,0,0,0,0,"N",0,0.0,0,0,0,0,0,0,0,0,0,0,0,0,0,0
"40143","5","518210","78","0","2018","1","",39,260,265,257,7274670,3788552,53488,2147,"",0.76,0.33,0.33,0.32,0.30,0.32,0.41,0.93,"",-4,-9.3,-3,-1.1,9,3.5,-2,-0.8,3530883,94.3,1091318,40.5,32568,155.7,1037,93.4
"40145","5","518210","78","0","2018","1","N",1,0,0,0,0,0,0,0,"N",0.55,0,0,0,0,0,0,0,"N",0,0.0,0,0,0,0,0,0,0,0,0,0,0,0,0,0
"40151","5","518210","78","0","2018","1","N",1,0,0,0,0,0,0,0,"N",1.31,0,0,0,0,0,0,0,"N",0,0.0,0,0,0,0,0,0,0,0,0,0,0,0,0,0
"40999","5","518210","78","0","2018","1","",18,111,127,150,2086870,1419573,12563,1241,"",1.81,2.02,2.24,2.60,0.93,1.16,0.66,0.40,"",-2,-10.0,-112,-50.2,-121,-48.8,-97,-39.3,-3870591,-65.0,-1859757,-56.7,-76703,-85.9,-674,-35.2
"41000","3","518210","58","0","2018","1","N",7,0,0,0,0,0,0,0,"N",4.58,0,0,0,0,0,0,0,"N",-2,-22.2,0,0,0,0,0,0,0,0,0,0,0,0,0,0
"41000","5","518210","58","0","2018","1","",295,4922,4949,4959,142696921,112086623,2269798,2221,"",0.85,1.15,1.15,1.15,1.09,1.66,1.64,0.94,"",-24,-7.5,251,5.4,241,5.1,168,3.5,20414372,16.7,12737663,12.8,13882,0.6,230,11.6
"41003","5","518210","78","0","2018","1","N",8,0,0,0,0,0,0,0,"N",1.28,0,0,0,0,0,0,0,"N",1,14.3,0,0,0,0,0,0,0,0,0,0,0,0,0,0
"41005","5","518210","78","0","2018","1","",27,372,375,365,8833711,7575141,162102,1833,"",0.79,1.00,1.01,0.98,0.79,1.19,1.26,0.80,"",-4,-12.9,12,3.3,10,2.7,-2,-0.5,936144,11.9,770457,11.3,3696,2.3,164,9.8
"41007","5","518210","78","0","2018","1","-",0,0,0,0,0,0,0,0,"N",0.00,0,0,0,0,0,0,0,"N",0,0,0,0,0,0,0,0,0,0,0,0,0,0,0,0
"41013","5","518210","78","0","2018","1","N",3,0,0,0,0,0,0,0,"N",1.95,0,0,0,0,0,0,0,"N",0,0.0,0,0,0,0,0,0,0,0,0,0,0,0,0,0
"41017","3","518210","78","0","2018","1","N",1,0,0,0,0,0,0,0,"N",11.62,0,0,0,0,0,0,0,"N",0,0.0,0,0,0,0,0,0,0,0,0,0,0,0,0,0
"41017","5","518210","78","0","2018","1","",18,38,36,34,702561,668845,15964,1501,"",0.92,0.21,0.20,0.18,0.15,0.26,0.31,0.76,"",1,5.9,10,35.7,6,20.0,4,13.3,196316,38.8,191602,40.1,6387,66.7,173,13.0
"41027","5","518210","78","0","2018","1","-",0,0,0,0,0,0,0,0,"N",0.00,0,0,0,0,0,0,0,"N",0,0,0,0,0,0,0,0,0,0,0,0,0,0,0,0
"41029","5","518210","78","0","2018","1","",9,14,15,14,411075,389787,7920,2206,"",0.53,0.07,0.07,0.07,0.09,0.15,0.15,1.22,"",-2,-18.2,3,27.3,4,36.4,3,27.3,138226,50.7,120435,44.7,3159,66.4,298,15.6
"41031","5","518210","78","0","2018","1","N",1,0,0,0,0,0,0,0,"N",0.74,0,0,0,0,0,0,0,"N",0,0.0,0,0,0,0,0,0,0,0,0,0,0,0,0,0
"41033","5","518210","78","0","2018","1","N",2,0,0,0,0,0,0,0,"N",0.34,0,0,0,0,0,0,0,"N",0,0.0,0,0,0,0,0,0,0,0,0,0,0,0,0,0
"41039","5","518210","78","0","2018","1","",16,38,38,38,835417,751100,20331,1691,"",0.58,0.11,0.11,0.11,0.10,0.17,0.22,0.90,"",-6,-27.3,-3,-7.3,-2,-5.0,-11,-22.4,149699,21.8,123466,19.7,6732,49.5,474,38.9
"41043","5","518210","78","0","2018","1","N",1,0,0,0,0,0,0,0,"N",0.12,0,0,0,0,0,0,0,"N",0,0.0,0,0,0,0,0,0,0,0,0,0,0,0,0,0
"41047","3","518210","78","0","2018","1","",6,101,101,102,1899853,0,0,1442,"",54.93,33.70,33.67,33.76,49.52,0.00,0.00,1.47,"",-1,-14.3,-5,-4.7,-4,-3.8,-4,-3.8,2102,0.1,0,0.0,0,0.0,60,4.3
"41047","5","518210","78","0","2018","1","",10,24,23,23,378087,378087,9987,1246,"",0.40,0.07,0.07,0.07,0.04,0.10,0.13,0.63,"",0,0.0,-21,-46.7,-17,-42.5,-20,-46.5,-722165,-65.6,-416000,-52.4,-7154,-41.7,-738,-37.2
"41049","5","518210","78","0","2018","1","N",1,0,0,0,0,0,0,0,"N",1.26,0,0,0,0,0,0,0,"N",0,0.0,0,0,0,0,0,0,0,0,0,0,0,0,0,0
"41051","5","518210","78","0","2018","1","",100,2027,2020,2018,58002965,46248392,940776,2207,"",1.26,1.77,1.75,1.75,1.44,2.32,2.26,0.82,"",0,0.0,147,7.8,137,7.3,116,6.1,12127501,26.4,6492530,16.3,48536,5.4,338,18.1
"41053","5","518210","78","0","2018","1","N",3,0,0,0,0,0,0,0,"N",0.68,0,0,0,0,0,0,0,"N",2,200.0,0,0,0,0,0,0,0,0,0,0,0,0,0,0
"41059","5","518210","78","0","2018","1","N",1,0,0,0,0,0,0,0,"N",0.20,0,0,0,0,0,0,0,"N",0,0.0,0,0,0,0,0,0,0,0,0,0,0,0,0,0
"41061","5","518210","78","0","2018","1","N",1,0,0,0,0,0,0,0,"N",0.45,0,0,0,0,0,0,0,"N",0,0.0,0,0,0,0,0,0,0,0,0,0,0,0,0,0
"41065","5","518210","78","0","2018","1","N",3,0,0,0,0,0,0,0,"N",1.26,0,0,0,0,0,0,0,"N",1,50.0,0,0,0,0,0,0,0,0,0,0,0,0,0,0
"41067","5","518210","78","0","2018","1","",53,1310,1326,1341,36708543,30013716,582434,2130,"",1.21,1.98,1.99,2.01,1.30,1.99,1.93,0.65,"",-2,-3.6,-96,-6.8,-107,-7.5,-130,-8.8,2304873,6.7,734486,2.5,-97282,-14.3,288,15.6
"41071","5","518210","78","0","2018","1","N",2,0,0,0,0,0,0,0,"N",0.27,0,0,0,0,0,0,0,"N",-3,-60.0,0,0,0,0,0,0,0,0,0,0,0,0,0,0
"41999","5","518210","78","0","2018","1","",36,184,184,186,5591149,4751696,103765,2329,"",2.82,3.50,3.38,3.32,2.27,3.04,3.06,0.67,"",-12,-25.0,-109,-37.2,-111,-37.6,-100,-35.0,-1929582,-25.7,-1940904,-29.0,-64320,-38.3,343,17.3
"42000","1","518210","58","0","2018","1","",1,1163,1157,1154,17949208,0,0,1192,"",27.89,24.88,24.98,24.97,25.77,0.00,0.00,1.03,"",0,0.0,11,1.0,11,1.0,5,0.4,358489,2.0,0,0.0,0,0.0,14,1.2
"42000","2","518210","58","0","2018","1","N",1,0,0,0,0,0,0,0,"N",1.47,0,0,0,0,0,0,0,"N",0,0.0,0,0,0,0,0,0,0,0,0,0,0,0,0,0
"42000","3","518210","58","0","2018","1","N",1,0,0,0,0,0,0,0,"N",0.28,0,0,0,0,0,0,0,"N",1,100.0,0,0,0,0,0,0,0,0,0,0,0,0,0,0
"42000","5","518210","58","0","2018","1","",743,9211,9259,9286,219574902,82376160,4345586,1826,"",0.91,0.70,0.70,0.70,0.50,0.63,0.61,0.71,"",60,8.8,249,2.8,275,3.1,304,3.4,27241699,14.2,3256616,4.1,-75360,-1.7,178,10.8
"42003","5","518210","78","0","2018","1","",77,1078,1081,1111,23051521,9714423,549845,1627,"",0.95,0.69,0.69,0.70,0.40,0.62,0.65,0.57,"",5,6.9,87,8.8,86,8.6,101,10.0,1575601,7.3,689122,7.6,65250,13.5,-27,-1.6
"42005","5","518210","78","0","2018","1","N",4,0,0,0,0,0,0,0,"N",1.16,0,0,0,0,0,0,0,"N",1,33.3,0,0,0,0,0,0,0,0,0,0,0,0,0,0
"42009","5","518210","78","0","2018","1","N",2,0,0,0,0,0,0,0,"N",0.72,0,0,0,0,0,0,0,"N",1,100.0,0,0,0,0,0,0,0,0,0,0,0,0,0,0
"42011","5","518210","78","0","2018","1","",5,40,39,39,526707,285716,17099,1030,"",0.24,0.10,0.10,0.10,0.05,0.07,0.08,0.46,"",1,25.0,25,166.7,24,160.0,23,143.8,253264,92.6,150171,110.8,9683,130.6,-342,-24.9
"42013","5","518210","78","0","2018","1","N",1,0,0,0,0,0,0,0,"N",0.13,0,0,0,0,0,0,0,"N",0,0.0,0,0,0,0,0,0,0,0,0,0,0,0,0,0
"42017","5","518210","78","0","2018","1","",44,811,819,803,13442156,6766812,387773,1275,"",0.97,1.38,1.39,1.35,0.76,1.07,1.15,0.56,"",2,4.8,-81,-9.1,-60,-6.8,-63,-7.3,155679,1.2,-378583,-5.3,-59068,-13.2,112,9.6
"42019","5","518210","78","0","2018","1","N",4,0,0,0,0,0,0,0,"N",0.35,0,0,0,0,0,0,0,"N",0,0.0,0,0,0,0,0,0,0,0,0,0,0,0,0,0
"42021","5","518210","78","0","2018","1","N",3,0,0,0,0,0,0,0,"N",0.37,0,0,0,0,0,0,0,"N",0,0.0,0,0,0,0,0,0,0,0,0,0,0,0,0,0
"42027","5","518210","78","0","2018","1","",7,87,86,88,1616013,703224,44200,1429,"",0.85,0.57,0.55,0.56,0.37,0.67,0.83,0.66,"",0,0.0,-8,-8.4,-10,-10.4,-7,-7.4,-256653,-13.7,-43913,-5.9,9314,26.7,-82,-5.4
"42029","5","518210","78","0","2018","1","",36,728,725,724,26633425,6834895,394674,2823,"",1.01,1.30,1.29,1.28,1.08,1.02,1.15,0.83,"",-5,-12.2,-69,-8.7,-73,-9.1,-66,-8.4,3855777,16.9,-337087,-4.7,-59438,-13.1,619,28.1
"42037","3","518210","78","0","2018","1","N",1,0,0,0,0,0,0,0,"N",63.11,0,0,0,0,0,0,0,"N",1,100.0,0,0,0,0,0,0,0,0,0,0,0,0,0,0
"42039","5","518210","78","0","2018","1","N",1,0,0,0,0,0,0,0,"N",0.20,0,0,0,0,0,0,0,"N",-1,-50.0,0,0,0,0,0,0,0,0,0,0,0,0,0,0
"42041","5","518210","78","0","2018","1","N",11,0,0,0,0,0,0,0,"N",0.74,0,0,0,0,0,0,0,"N",1,10.0,0,0,0,0,0,0,0,0,0,0,0,0,0,0
"42043","2","518210","78","0","2018","1","N",1,0,0,0,0,0,0,0,"N",69.65,0,0,0,0,0,0,0,"N",0,0.0,0,0,0,0,0,0,0,0,0,0,0,0,0,0
"42043","5","518210","78","0","2018","1","",17,225,231,231,3801076,1532342,90844,1277,"",0.99,0.55,0.57,0.56,0.29,0.43,0.49,0.51,"",-1,-5.6,-18,-7.4,-10,-4.1,10,4.5,295204,8.4,147609,10.7,-300,-0.3,129,11.2
"42045","5","518210","78","0","2018","1","",14,92,102,102,3450552,946564,60033,2690,"",0.43,0.18,0.20,0.20,0.18,0.18,0.22,0.92,"",-3,-17.6,-23,-20.0,-10,-8.9,-10,-8.9,790243,29.7,-83397,-8.1,-11084,-15.6,879,48.5
"42049","5","518210","78","0","2018","1","N",2,0,0,0,0,0,0,0,"N",0.13,0,0,0,0,0,0,0,"N",-2,-50.0,0,0,0,0,0,0,0,0,0,0,0,0,0,0
"42051","5","518210","78","0","2018","1","N",1,0,0,0,0,0,0,0,"N",0.15,0,0,0,0,0,0,0,"N",0,0.0,0,0,0,0,0,0,0,0,0,0,0,0,0,0
"42055","5","518210","78","0","2018","1","N",5,0,0,0,0,0,0,0,"N",0.66,0,0,0,0,0,0,0,"N",0,0.0,0,0,0,0,0,0,0,0,0,0,0,0,0,0
"42069","5","518210","78","0","2018","1","",5,35,35,37,385207,244171,10450,831,"",0.39,0.16,0.16,0.17,0.07,0.12,0.10,0.45,"",0,0.0,4,12.9,3,9.4,5,15.6,155105,67.4,51628,26.8,960,10.1,272,48.7
"42071","5","518210","78","0","2018","1","",7,85,94,94,1221629,707137,25518,1033,"",0.23,0.16,0.17,0.17,0.08,0.13,0.10,0.50,"",0,0.0,11,14.9,15,19.0,16,20.5,339846,38.5,188265,36.3,2090,8.9,152,17.3
"42073","5","518210","78","0","2018","1","-",0,0,0,0,0,0,0,0,"N",0.00,0,0,0,0,0,0,0,"N",0,0,0,0,0,0,0,0,0,0,0,0,0,0,0,0
"42075","5","518210","78","0","2018","1","",4,24,24,25,441535,263817,13920,1396,"",0.62,0.21,0.21,0.22,0.16,0.27,0.29,0.76,"",0,0.0,1,4.3,1,4.3,2,8.7,-64429,-12.7,-17793,-6.3,-3229,-18.8,-296,-17.5
"42077","5","518210","78","0","2018","1","",21,258,270,292,4188060,2224291,97149,1179,"",1.04,0.60,0.63,0.68,0.30,0.53,0.42,0.48,"",4,23.5,20,8.4,22,8.9,37,14.5,457348,12.3,276281,14.2,2079,2.2,17,1.5
"42079","1","518210","78","0","2018","1","",1,1163,1157,1154,17949208,0,0,1192,"",1343.30,998.69,1005.03,1005.73,1380.59,0.00,0.00,1.38,"",0,0.0,11,1.0,11,1.0,5,0.4,358489,2.0,0,0.0,0,0.0,14,1.2
"42079","5","518210","78","0","2018","1","",7,101,102,103,1415686,790146,34392,1068,"",0.41,0.31,0.31,0.31,0.17,0.25,0.19,0.56,"",1,16.7,2,2.0,3,3.0,4,4.0,60884,4.5,8185,1.0,-14091,-29.1,15,1.4
"42081","5","518210","78","0","2018","1","-",0,0,0,0,0,0,0,0,"N",0.00,0,0,0,0,0,0,0,"N",0,0,0,0,0,0,0,0,0,0,0,0,0,0,0,0
"42085","5","518210","78","0","2018","1","N",1,0,0,0,0,0,0,0,"N",0.15,0,0,0,0,0,0,0,"N",0,0.0,0,0,0,0,0,0,0,0,0,0,0,0,0,0
"42087","5","518210","78","0","2018","1","N",1,0,0,0,0,0,0,0,"N",0.41,0,0,0,0,0,0,0,"N",-1,-50.0,0,0,0,0,0,0,0,0,0,0,0,0,0,0
"42089","5","518210","78","0","2018","1","N",2,0,0,0,0,0,0,0,"N",0.25,0,0,0,0,0,0,0,"N",1,100.0,0,0,0,0,0,0,0,0,0,0,0,0,0,0
"42091","5","518210","78","0","2018","1","",84,2150,2145,2149,40522446,18527352,860301,1451,"",1.33,1.94,1.93,1.93,0.82,1.39,1.21,0.42,"",4,5.0,48,2.3,33,1.6,18,0.8,2904448,7.7,677968,3.8,-27619,-3.1,83,6.1
"42095","5","518210","78","0","2018","1","",19,669,665,657,13213389,6222282,230292,1532,"",1.23,2.61,2.57,2.55,1.85,2.43,1.71,0.72,"",-1,-5.0,-88,-11.6,-117,-15.0,-91,-12.2,-2684928,-16.9,-2027204,-24.6,-141796,-38.1,-72,-4.5
"42097","5","518210","78","0","2018","1","N",1,0,0,0,0,0,0,0,"N",0.23,0,0,0,0,0,0,0,"N",0,0.0,0,0,0,0,0,0,0,0,0,0,0,0,0,0
"42099","5","518210","78","0","2018","1","N",1,0,0,0,0,0,0,0,"N",0.48,0,0,0,0,0,0,0,"N",0,0.0,0,0,0,0,0,0,0,0,0,0,0,0,0,0
"42101","5","518210","78","0","2018","1","",38,428,423,423,15285301,4367158,266305,2769,"",0.48,0.28,0.27,0.27,0.25,0.33,0.38,0.91,"N",1,2.7,0,0,0,0,0,0,0,0,0,0,0,0,0,0
"42103","5","518210","78","0","2018","1","N",1,0,0,0,0,0,0,0,"N",0.41,0,0,0,0,0,0,0,"N",0,0.0,0,0,0,0,0,0,0,0,0,0,0,0,0,0
"42117","5","518210","78","0","2018","1","N",1,0,0,0,0,0,0,0,"N",0.39,0,0,0,0,0,0,0,"N",1,100.0,0,0,0,0,0,0,0,0,0,0,0,0,0,0
"42119","5","518210","78","0","2018","1","N",1,0,0,0,0,0,0,0,"N",0.43,0,0,0,0,0,0,0,"N",0,0.0,0,0,0,0,0,0,0,0,0,0,0,0,0,0
"42123","5","518210","78","0","2018","1","N",1,0,0,0,0,0,0,0,"N",0.40,0,0,0,0,0,0,0,"N",0,0.0,0,0,0,0,0,0,0,0,0,0,0,0,0,0
"42125","5","518210","78","0","2018","1","N",2,0,0,0,0,0,0,0,"N",0.16,0,0,0,0,0,0,0,"N",-1,-33.3,0,0,0,0,0,0,0,0,0,0,0,0,0,0
"42127","5","518210","78","0","2018","1","N",2,0,0,0,0,0,0,0,"N",0.61,0,0,0,0,0,0,0,"N",0,0.0,0,0,0,0,0,0,0,0,0,0,0,0,0,0
"42129","5","518210","78","0","2018","1","",7,51,55,60,715561,397997,24565,995,"",0.33,0.17,0.18,0.20,0.09,0.13,0.15,0.49,"",2,40.0,2,4.1,17,44.7,19,46.3,91788,14.7,50086,14.4,4029,19.6,-130,-11.6
"42131","5","518210","78","0","2018","1","N",1,0,0,0,0,0,0,0,"N",0.61,0,0,0,0,0,0,0,"N",0,0.0,0,0,0,0,0,0,0,0,0,0,0,0,0,0
"42133","5","518210","78","0","2018","1","N",10,0,0,0,0,0,0,0,"N",0.48,0,0,0,0,0,0,0,"N",2,25.0,0,0,0,0,0,0,0,0,0,0,0,0,0,0
"42999","5","518210","78","0","2018","1","",292,1489,1493,1477,51091643,15004543,841388,2644,"",4.31,3.89,3.83,3.79,2.33,2.37,2.18,0.61,"",48,19.7,320,27.4,319,27.2,291,24.5,14553600,39.8,3338564,28.6,142474,20.4,255,10.7
"44000","5","518210","58","0","2018","1","",135,557,547,537,13934058,8978782,239620,1960,"",1.56,0.52,0.51,0.50,0.40,0.60,0.62,0.79,"",-7,-4.9,-61,-9.9,4,0.7,-13,-2.4,984931,7.6,692054,8.4,2442,1.0,214,12.3
"44001","5","518210","78","0","2018","1","",7,13,12,13,750188,259645,6082,4556,"",1.98,0.44,0.40,0.43,1.02,0.83,0.71,2.43,"",1,16.7,-1,-7.1,-2,-14.3,-1,-7.1,33581,4.7,-26747,-9.3,-1245,-17.0,619,15.7
"44003","5","518210","78","0","2018","1","",21,98,97,96,1793212,1374257,36737,1422,"",1.65,0.58,0.58,0.57,0.37,0.56,0.59,0.63,"",-1,-4.5,-70,-41.7,2,2.1,0,0.0,-136008,-7.0,-5181,-0.4,-5853,-13.7,182,14.7
"44005","5","518210","78","0","2018","1","",12,27,28,27,711459,474991,9444,2002,"",1.55,0.32,0.32,0.31,0.27,0.46,0.35,0.85,"",3,33.3,6,28.6,7,33.3,8,42.1,229791,47.7,144495,43.7,2774,41.6,180,9.9
"44007","5","518210","78","0","2018","1","",48,351,342,332,6864185,5425283,151352,1545,"",1.13,0.55,0.53,0.51,0.31,0.61,0.65,0.59,"",-6,-11.1,11,3.2,5,1.5,-14,-4.0,1027933,17.6,741215,15.8,10244,7.3,228,17.3
"44009","5","518210","78","0","2018","1","N",11,0,0,0,0,0,0,0,"N",1.08,0,0,0,0,0,0,0,"N",-1,-8.3,0,0,0,0,0,0,0,0,0,0,0,0,0,0
"44999","5","518210","78","0","2018","1","N",36,0,0,0,0,0,0,0,"N",3.65,0,0,0,0,0,0,0,"N",-3,-7.7,0,0,0,0,0,0,0,0,0,0,0,0,0,0
"45000","5","518210","58","0","2018","1","",386,3425,3465,3475,62181283,38194545,819679,1384,"",1.30,0.74,0.74,0.74,0.51,0.70,1.06,0.69,"",40,11.6,493,16.8,487,16.4,435,14.3,8974380,16.9,4058293,11.9,30795,3.9,12,0.9
"45003","5","518210","78","0","2018","1","N",4,0,0,0,0,0,0,0,"N",0.59,0,0,0,0,0,0,0,"N",3,300.0,0,0,0,0,0,0,0,0,0,0,0,0,0,0
"45007","5","518210","78","0","2018","1","",3,5,5,5,86565,70000,164,1332,"",0.37,0.03,0.03,0.03,0.03,0.04,0.01,0.74,"N",0,0.0,0,0,0,0,0,0,0,0,0,0,0,0,0,0
"45009","5","518210","78","0","2018","1","N",1,0,0,0,0,0,0,0,"N",1.48,0,0,0,0,0,0,0,"N",0,0.0,0,0,0,0,0,0,0,0,0,0,0,0,0,0
"45011","5","518210","78","0","2018","1","-",0,0,0,0,0,0,0,0,"N",0.00,0,0,0,0,0,0,0,"N",0,0,0,0,0,0,0,0,0,0,0,0,0,0,0,0
"45013","5","518210","78","0","2018","1","",11,37,37,36,603311,298186,2350,1266,"",0.86,0.25,0.25,0.24,0.18,0.19,0.13,0.74,"",0,0.0,-1,-2.6,1,2.8,0,0.0,214560,55.2,34717,13.2,456,24.1,450,55.1
"45015","5","518210","78","0","2018","1","",7,32,30,26,499474,303485,3012,1310,"",1.04,0.27,0.25,0.22,0.13,0.20,0.15,0.54,"",-2,-22.2,14,77.8,3,11.1,-3,-10.3,124709,33.3,28332,10.3,-67,-2.2,141,12.1
"45017","5","518210","78","0","2018","1","N",1,0,0,0,0,0,0,0,"N",1.75,0,0,0,0,0,0,0,"N",0,0.0,0,0,0,0,0,0,0,0,0,0,0,0,0,0
"45019","5","518210","78","0","2018","1","",47,475,482,487,7187899,4807649,49638,1149,"",1.33,0.85,0.85,0.86,0.44,0.73,0.60,0.51,"",9,23.7,-5,-1.0,9,1.9,8,1.7,684435,10.5,155729,3.3,-11039,-18.2,101,9.6
"45029","5","518210","78","0","2018","1","N",1,0,0,0,0,0,0,0,"N",0.59,0,0,0,0,0,0,0,"N",0,0.0,0,0,0,0,0,0,0,0,0,0,0,0,0,0
"45035","5","518210","78","0","2018","1","",6,18,18,21,278444,210104,5870,1127,"",1.13,0.22,0.22,0.26,0.16,0.24,0.60,0.69,"",2,50.0,5,38.5,4,28.6,5,31.2,60023,27.5,44773,27.1,1092,22.9,-45,-3.8
"45041","5","518210","78","0","2018","1","N",1,0,0,0,0,0,0,0,"N",0.14,0,0,0,0,0,0,0,"N",-1,-50.0,0,0,0,0,0,0,0,0,0,0,0,0,0,0
"45043","5","518210","78","0","2018","1","N",2,0,0,0,0,0,0,0,"N",0.47,0,0,0,0,0,0,0,"N",0,0.0,0,0,0,0,0,0,0,0,0,0,0,0,0,0
"45045","5","518210","78","0","2018","1","",34,394,396,395,6490312,3910449,86221,1264,"",1.04,0.64,0.64,0.64,0.38,0.49,0.72,0.59,"",3,9.7,12,3.1,9,2.3,7,1.8,-184635,-2.8,-111126,-2.8,13963,19.3,-67,-5.0
"45047","5","518210","78","0","2018","1","N",1,0,0,0,0,0,0,0,"N",0.31,0,0,0,0,0,0,0,"N",0,0.0,0,0,0,0,0,0,0,0,0,0,0,0,0,0
"45051","5","518210","78","0","2018","1","",14,19,19,19,260989,168635,1059,1057,"",0.68,0.07,0.07,0.07,0.05,0.06,0.02,0.73,"",3,27.3,8,72.7,5,35.7,7,58.3,120344,85.6,49101,41.1,240,29.3,180,20.5
"45053","5","518210","78","0","2018","1","N",1,0,0,0,0,0,0,0,"N",0.64,0,0,0,0,0,0,0,"N",1,100.0,0,0,0,0,0,0,0,0,0,0,0,0,0,0
"45055","5","518210","78","0","2018","1","N",1,0,0,0,0,0,0,0,"N",0.36,0,0,0,0,0,0,0,"N",1,100.0,0,0,0,0,0,0,0,0,0,0,0,0,0,0
"45057","5","518210","78","0","2018","1","N",4,0,0,0,0,0,0,0,"N",1.38,0,0,0,0,0,0,0,"N",1,33.3,0,0,0,0,0,0,0,0,0,0,0,0,0,0
"45063","5","518210","78","0","2018","1","",15,108,105,102,1374970,1046220,17926,1007,"",0.99,0.40,0.39,0.38,0.21,0.35,0.49,0.55,"",3,25.0,13,13.7,10,10.5,11,12.1,-34416,-2.4,-16569,-1.6,-1894,-9.6,-150,-13.0
"45067","5","518210","78","0","2018","1","N",1,0,0,0,0,0,0,0,"N",0.85,0,0,0,0,0,0,0,"N",0,0.0,0,0,0,0,0,0,0,0,0,0,0,0,0,0
"45071","5","518210","78","0","2018","1","N",2,0,0,0,0,0,0,0,"N",1.13,0,0,0,0,0,0,0,"N",-1,-33.3,0,0,0,0,0,0,0,0,0,0,0,0,0,0
"45073","5","518210","78","0","2018","1","N",3,0,0,0,0,0,0,0,"N",0.83,0,0,0,0,0,0,0,"N",-1,-25.0,0,0,0,0,0,0,0,0,0,0,0,0,0,0
"45077","5","518210","78","0","2018","1","N",3,0,0,0,0,0,0,0,"N",0.60,0,0,0,0,0,0,0,"N",0,0.0,0,0,0,0,0,0,0,0,0,0,0,0,0,0
"45079","5","518210","78","0","2018","1","",39,1103,1114,1096,18472254,12559717,473744,1287,"",1.68,2.20,2.20,2.17,1.30,2.43,5.96,0.59,"",2,5.4,36,3.4,22,2.0,-19,-1.7,-1904689,-9.3,-817781,-6.1,-7782,-1.6,-149,-10.4
"45083","5","518210","78","0","2018","1","N",8,0,0,0,0,0,0,0,"N",0.56,0,0,0,0,0,0,0,"N",0,0.0,0,0,0,0,0,0,0,0,0,0,0,0,0,0
"45089","5","518210","78","0","2018","1","N",1,0,0,0,0,0,0,0,"N",0.75,0,0,0,0,0,0,0,"N",1,100.0,0,0,0,0,0,0,0,0,0,0,0,0,0,0
"45091","5","518210","78","0","2018","1","",22,674,682,687,15467023,8755751,48316,1747,"",1.67,3.23,3.22,3.22,2.62,3.24,1.12,0.81,"",7,46.7,327,94.2,324,90.5,335,95.2,7820319,102.3,4113995,88.6,16610,52.4,78,4.7
"45999","5","518210","78","0","2018","1","",153,388,401,425,7917457,4260391,63412,1505,"",4.09,2.89,2.88,3.03,1.38,1.71,1.67,0.47,"",9,6.2,55,16.5,65,19.3,66,18.4,680256,9.4,222898,5.5,-476,-0.7,-120,-7.4
"46000","2","518210","58","0","2018","1","N",3,0,0,0,0,0,0,0,"N",46.68,0,0,0,0,0,0,0,"N",0,0.0,0,0,0,0,0,0,0,0,0,0,0,0,0,0
"46000","5","518210","58","0","2018","1","",75,147,144,148,2737639,1736278,15598,1439,"",0.97,0.16,0.15,0.16,0.12,0.17,0.30,0.75,"",-6,-7.4,12,8.9,4,2.9,11,8.0,418354,18.0,163215,10.4,1790,13.0,140,10.8
"46007","5","518210","78","0","2018","1","N",1,0,0,0,0,0,0,0,"N",4.58,0,0,0,0,0,0,0,"N",0,0.0,0,0,0,0,0,0,0,0,0,0,0,0,0,0
"46009","2","518210","78","0","2018","1","N",1,0,0,0,0,0,0,0,"N",2456.83,0,0,0,0,0,0,0,"N",0,0.0,0,0,0,0,0,0,0,0,0,0,0,0,0,0
"46011","5","518210","78","0","2018","1","N",3,0,0,0,0,0,0,0,"N",1.22,0,0,0,0,0,0,0,"N",0,0.0,0,0,0,0,0,0,0,0,0,0,0,0,0,0
"46013","5","518210","78","0","2018","1","",4,12,11,11,171511,156256,912,1164,"",1.19,0.26,0.24,0.24,0.15,0.30,0.40,0.63,"",0,0.0,0,0.0,-1,-8.3,-1,-8.3,-11421,-6.2,-4947,-3.1,-293,-24.3,-9,-0.8
"46019","5","518210","78","0","2018","1","N",1,0,0,0,0,0,0,0,"N",1.10,0,0,0,0,0,0,0,"N",0,0.0,0,0,0,0,0,0,0,0,0,0,0,0,0,0
"46029","2","518210","78","0","2018","1","N",1,0,0,0,0,0,0,0,"N",428.68,0,0,0,0,0,0,0,"N",0,0.0,0,0,0,0,0,0,0,0,0,0,0,0,0,0
"46029","5","518210","78","0","2018","1","N",1,0,0,0,0,0,0,0,"N",0.36,0,0,0,0,0,0,0,"N",0,0.0,0,0,0,0,0,0,0,0,0,0,0,0,0,0
"46035","5","518210","78","0","2018","1","-",0,0,0,0,0,0,0,0,"N",0.00,0,0,0,0,0,0,0,"N",0,0,0,0,0,0,0,0,0,0,0,0,0,0,0,0
"46037","5","518210","78","0","2018","1","N",1,0,0,0,0,0,0,0,"N",1.82,0,0,0,0,0,0,0,"N",1,100.0,0,0,0,0,0,0,0,0,0,0,0,0,0,0
"46065","2","518210","78","0","2018","1","N",1,0,0,0,0,0,0,0,"N",600.75,0,0,0,0,0,0,0,"N",0,0.0,0,0,0,0,0,0,0,0,0,0,0,0,0,0
"46065","5","518210","78","0","2018","1","",3,15,15,15,276642,165407,526,1419,"",1.50,0.63,0.63,0.63,0.45,0.93,0.63,0.71,"",-1,-25.0,1,7.1,1,7.1,1,7.1,19116,7.4,12990,8.5,-182,-25.7,4,0.3
"46073","5","518210","78","0","2018","1","N",1,0,0,0,0,0,0,0,"N",4.10,0,0,0,0,0,0,0,"N",0,0.0,0,0,0,0,0,0,0,0,0,0,0,0,0,0
"46079","5","518210","78","0","2018","1","N",2,0,0,0,0,0,0,0,"N",1.82,0,0,0,0,0,0,0,"N",0,0.0,0,0,0,0,0,0,0,0,0,0,0,0,0,0
"46081","5","518210","78","0","2018","1","N",3,0,0,0,0,0,0,0,"N",1.08,0,0,0,0,0,0,0,"N",0,0.0,0,0,0,0,0,0,0,0,0,0,0,0,0,0
"46083","5","518210","78","0","2018","1","",4,6,8,8,51687,33375,351,542,"",0.88,0.12,0.16,0.16,0.04,0.05,0.09,0.25,"",-1,-20.0,-1,-14.3,2,33.3,3,60.0,-30401,-37.0,-34838,-51.1,-267,-43.2,-510,-48.5
"46087","5","518210","78","0","2018","1","N",1,0,0,0,0,0,0,0,"N",1.92,0,0,0,0,0,0,0,"N",0,0.0,0,0,0,0,0,0,0,0,0,0,0,0,0,0
"46093","5","518210","78","0","2018","1","N",2,0,0,0,0,0,0,0,"N",1.07,0,0,0,0,0,0,0,"N",0,0.0,0,0,0,0,0,0,0,0,0,0,0,0,0,0
"46097","5","518210","78","0","2018","1","N",1,0,0,0,0,0,0,0,"N",4.06,0,0,0,0,0,0,0,"N",0,0.0,0,0,0,0,0,0,0,0,0,0,0,0,0,0
"46099","2","518210","78","0","2018","1","-",0,0,0,0,0,0,0,0,"N",0.00,0,0,0,0,0,0,0,"N",0,0,0,0,0,0,0,0,0,0,0,0,0,0,0,0
"46099","5","518210","78","0","2018","1","",29,65,65,65,1373668,877206,10210,1626,"",1.72,0.23,0.23,0.23,0.17,0.27,0.66,0.75,"",-1,-3.3,33,103.1,31,91.2,31,91.2,635545,86.1,434788,98.3,5131,101.0,-77,-4.5
"46101","5","518210","78","0","2018","1","N",1,0,0,0,0,0,0,0,"N",2.07,0,0,0,0,0,0,0,"N",0,0.0,0,0,0,0,0,0,0,0,0,0,0,0,0,0
"46103","5","518210","78","0","2018","1","",13,17,16,18,305193,169272,1127,1381,"",1.26,0.14,0.13,0.14,0.10,0.13,0.16,0.73,"",-1,-7.1,-18,-51.4,-21,-56.8,-16,-47.1,-154404,-33.6,-177041,-51.1,-3188,-73.9,380,38.0
"46105","5","518210","78","0","2018","1","N",1,0,0,0,0,0,0,0,"N",2.96,0,0,0,0,0,0,0,"N",0,0.0,0,0,0,0,0,0,0,0,0,0,0,0,0,0
"46123","5","518210","78","0","2018","1","N",1,0,0,0,0,0,0,0,"N",1.67,0,0,0,0,0,0,0,"N",0,0.0,0,0,0,0,0,0,0,0,0,0,0,0,0,0
"46127","5","518210","78","0","2018","1","N",1,0,0,0,0,0,0,0,"N",0.59,0,0,0,0,0,0,0,"N",-2,-66.7,0,0,0,0,0,0,0,0,0,0,0,0,0,0
"46999","5","518210","78","0","2018","1","N",1,0,0,0,0,0,0,0,"N",0.89,0,0,0,0,0,0,0,"N",0,0.0,0,0,0,0,0,0,0,0,0,0,0,0,0,0
"47000","3","518210","58","0","2018","1","N",2,0,0,0,0,0,0,0,"N",1.24,0,0,0,0,0,0,0,"N",1,100.0,0,0,0,0,0,0,0,0,0,0,0,0,0,0
"47000","5","518210","58","0","2018","1","",549,5737,5762,5803,148759650,40911365,496570,1984,"",1.50,0.87,0.86,0.87,0.77,0.72,0.79,0.89,"",82,17.6,185,3.3,281,5.1,336,6.1,-23984650,-13.9,-3057498,-7.0,5526,1.1,-432,-17.9
"47001","5","518210","78","0","2018","1","N",1,0,0,0,0,0,0,0,"N",0.26,0,0,0,0,0,0,0,"N",-1,-50.0,0,0,0,0,0,0,0,0,0,0,0,0,0,0
"47009","5","518210","78","0","2018","1","",9,13,10,10,809452,80956,1339,5661,"",1.61,0.12,0.09,0.09,0.27,0.08,0.11,2.74,"",2,28.6,3,30.0,0,0.0,0,0.0,-166064,-17.0,956,1.2,250,23.0,-1843,-24.6
"47011","5","518210","78","0","2018","1","N",1,0,0,0,0,0,0,0,"N",0.23,0,0,0,0,0,0,0,"N",0,0.0,0,0,0,0,0,0,0,0,0,0,0,0,0,0
"47017","5","518210","78","0","2018","1","N",1,0,0,0,0,0,0,0,"N",0.95,0,0,0,0,0,0,0,"N",0,0.0,0,0,0,0,0,0,0,0,0,0,0,0,0,0
"47021","5","518210","78","0","2018","1","N",3,0,0,0,0,0,0,0,"N",1.92,0,0,0,0,0,0,0,"N",0,0.0,0,0,0,0,0,0,0,0,0,0,0,0,0,0
"47033","5","518210","78","0","2018","1","N",1,0,0,0,0,0,0,0,"N",1.58,0,0,0,0,0,0,0,"N",1,100.0,0,0,0,0,0,0,0,0,0,0,0,0,0,0
"47035","5","518210","78","0","2018","1","N",3,0,0,0,0,0,0,0,"N",1.16,0,0,0,0,0,0,0,"N",2,200.0,0,0,0,0,0,0,0,0,0,0,0,0,0,0
"47037","5","518210","78","0","2018","1","",126,2605,2567,2538,64535538,18090018,179773,1932,"",2.40,2.38,2.32,2.28,1.60,1.90,1.79,0.69,"",17,15.6,-92,-3.4,-98,-3.7,-89,-3.4,-40298331,-38.4,-2937042,-14.0,-43020,-19.3,-1096,-36.2
"47041","5","518210","78","0","2018","1","N",1,0,0,0,0,0,0,0,"N",1.24,0,0,0,0,0,0,0,"N",-1,-50.0,0,0,0,0,0,0,0,0,0,0,0,0,0,0
"47043","5","518210","78","0","2018","1","N",1,0,0,0,0,0,0,0,"N",0.43,0,0,0,0,0,0,0,"N",0,0.0,0,0,0,0,0,0,0,0,0,0,0,0,0,0
"47051","5","518210","78","0","2018","1","N",1,0,0,0,0,0,0,0,"N",0.54,0,0,0,0,0,0,0,"N",1,100.0,0,0,0,0,0,0,0,0,0,0,0,0,0,0
"47053","5","518210","78","0","2018","1","N",1,0,0,0,0,0,0,0,"N",0.45,0,0,0,0,0,0,0,"N",0,0.0,0,0,0,0,0,0,0,0,0,0,0,0,0,0
"47055","5","518210","78","0","2018","1","N",1,0,0,0,0,0,0,0,"N",0.71,0,0,0,0,0,0,0,"N",0,0.0,0,0,0,0,0,0,0,0,0,0,0,0,0,0
"47063","5","518210","78","0","2018","1","N",1,0,0,0,0,0,0,0,"N",0.32,0,0,0,0,0,0,0,"N",0,0.0,0,0,0,0,0,0,0,0,0,0,0,0,0,0
"47065","5","518210","78","0","2018","1","",30,351,348,388,7877077,2236503,29582,1672,"",1.34,0.77,0.75,0.84,0.60,0.57,0.77,0.76,"",9,42.9,-10,-2.8,-10,-2.8,33,9.3,1565165,24.8,-285464,-11.3,1338,4.7,316,23.3
"47085","5","518210","78","0","2018","1","N",2,0,0,0,0,0,0,0,"N",2.53,0,0,0,0,0,0,0,"N",0,0.0,0,0,0,0,0,0,0,0,0,0,0,0,0,0
"47087","5","518210","78","0","2018","1","N",2,0,0,0,0,0,0,0,"N",6.40,0,0,0,0,0,0,0,"N",0,0.0,0,0,0,0,0,0,0,0,0,0,0,0,0,0
"47089","5","518210","78","0","2018","1","N",1,0,0,0,0,0,0,0,"N",0.59,0,0,0,0,0,0,0,"N",0,0.0,0,0,0,0,0,0,0,0,0,0,0,0,0,0
"47093","5","518210","78","0","2018","1","",41,318,328,337,11385708,2475048,37782,2673,"",1.44,0.59,0.61,0.62,0.72,0.55,0.82,1.19,"",15,57.7,27,9.3,38,13.1,29,9.4,5915727,108.1,35102,1.4,20463,118.2,1253,88.2
"47099","5","518210","78","0","2018","1","N",1,0,0,0,0,0,0,0,"N",0.58,0,0,0,0,0,0,0,"N",0,0.0,0,0,0,0,0,0,0,0,0,0,0,0,0,0
"47105","5","518210","78","0","2018","1","N",3,0,0,0,0,0,0,0,"N",1.31,0,0,0,0,0,0,0,"N",2,200.0,0,0,0,0,0,0,0,0,0,0,0,0,0,0
"47107","5","518210","78","0","2018","1","N",1,0,0,0,0,0,0,0,"N",0.47,0,0,0,0,0,0,0,"N",-1,-50.0,0,0,0,0,0,0,0,0,0,0,0,0,0,0
"47111","5","518210","78","0","2018","1","N",1,0,0,0,0,0,0,0,"N",1.22,0,0,0,0,0,0,0,"N",1,100.0,0,0,0,0,0,0,0,0,0,0,0,0,0,0
"47113","3","518210","78","0","2018","1","N",1,0,0,0,0,0,0,0,"N",39.92,0,0,0,0,0,0,0,"N",0,0.0,0,0,0,0,0,0,0,0,0,0,0,0,0,0
"47113","5","518210","78","0","2018","1","N",2,0,0,0,0,0,0,0,"N",0.35,0,0,0,0,0,0,0,"N",0,0.0,0,0,0,0,0,0,0,0,0,0,0,0,0,0
"47115","5","518210","78","0","2018","1","N",1,0,0,0,0,0,0,0,"N",0.92,0,0,0,0,0,0,0,"N",0,0.0,0,0,0,0,0,0,0,0,0,0,0,0,0,0
"47117","5","518210","78","0","2018","1","N",2,0,0,0,0,0,0,0,"N",1.63,0,0,0,0,0,0,0,"N",0,0.0,0,0,0,0,0,0,0,0,0,0,0,0,0,0
"47119","5","518210","78","0","2018","1","",5,20,21,22,1140637,834856,19239,4178,"",1.12,0.26,0.26,0.28,0.52,1.18,0.99,1.93,"",0,0.0,-2,-9.1,-1,-4.5,0,0.0,673073,144.0,653232,359.7,18313,1977.6,2543,155.5
"47123","5","518210","78","0","2018","1","N",1,0,0,0,0,0,0,0,"N",0.61,0,0,0,0,0,0,0,"N",0,0.0,0,0,0,0,0,0,0,0,0,0,0,0,0,0
"47125","5","518210","78","0","2018","1","",5,4,4,4,80282,28000,700,1544,"",0.69,0.03,0.03,0.03,0.03,0.03,0.06,0.93,"",0,0.0,-1,-20.0,0,0.0,0,0.0,-14361,-15.2,-4000,-12.5,-100,-12.5,-136,-8.1
"47133","5","518210","78","0","2018","1","N",2,0,0,0,0,0,0,0,"N",2.50,0,0,0,0,0,0,0,"N",0,0.0,0,0,0,0,0,0,0,0,0,0,0,0,0,0
"47135","5","518210","78","0","2018","1","N",1,0,0,0,0,0,0,0,"N",3.51,0,0,0,0,0,0,0,"N",0,0.0,0,0,0,0,0,0,0,0,0,0,0,0,0,0
"47141","5","518210","78","0","2018","1","N",2,0,0,0,0,0,0,0,"N",0.44,0,0,0,0,0,0,0,"N",-1,-33.3,0,0,0,0,0,0,0,0,0,0,0,0,0,0
"47143","5","518210","78","0","2018","1","N",2,0,0,0,0,0,0,0,"N",1.74,0,0,0,0,0,0,0,"N",0,0.0,0,0,0,0,0,0,0,0,0,0,0,0,0,0
"47145","5","518210","78","0","2018","1","N",1,0,0,0,0,0,0,0,"N",0.55,0,0,0,0,0,0,0,"N",1,100.0,0,0,0,0,0,0,0,0,0,0,0,0,0,0
"47147","5","518210","78","0","2018","1","N",2,0,0,0,0,0,0,0,"N",0.73,0,0,0,0,0,0,0,"N",2,100.0,0,0,0,0,0,0,0,0,0,0,0,0,0,0
"47149","5","518210","78","0","2018","1","",20,101,101,101,1918880,169145,1896,1461,"",1.52,0.35,0.34,0.34,0.24,0.06,0.08,0.70,"",6,42.9,6,6.3,6,6.3,7,7.4,-29795,-1.5,-589173,-77.7,-6872,-78.4,-122,-7.7
"47155","5","518210","78","0","2018","1","N",2,0,0,0,0,0,0,0,"N",0.31,0,0,0,0,0,0,0,"N",-4,-66.7,0,0,0,0,0,0,0,0,0,0,0,0,0,0
"47157","5","518210","78","0","2018","1","",56,198,202,207,4484200,1400682,24415,1705,"",1.19,0.18,0.18,0.18,0.13,0.15,0.26,0.69,"N",13,30.2,0,0,0,0,0,0,0,0,0,0,0,0,0,0
"47159","5","518210","78","0","2018","1","N",1,0,0,0,0,0,0,0,"N",1.32,0,0,0,0,0,0,0,"N",0,0.0,0,0,0,0,0,0,0,0,0,0,0,0,0,0
"47163","5","518210","78","0","2018","1","N",5,0,0,0,0,0,0,0,"N",0.63,0,0,0,0,0,0,0,"N",0,0.0,0,0,0,0,0,0,0,0,0,0,0,0,0,0
"47165","5","518210","78","0","2018","1","",10,120,122,119,2929010,850034,5856,1872,"",1.17,0.99,1.00,0.97,0.99,0.82,0.49,1.01,"",0,0.0,8,7.1,7,6.1,3,2.6,450381,18.2,-61702,-6.8,188,3.3,204,12.2
"47167","5","518210","78","0","2018","1","N",1,0,0,0,0,0,0,0,"N",0.59,0,0,0,0,0,0,0,"N",1,100.0,0,0,0,0,0,0,0,0,0,0,0,0,0,0
"47177","5","518210","78","0","2018","1","N",2,0,0,0,0,0,0,0,"N",1.06,0,0,0,0,0,0,0,"N",0,0.0,0,0,0,0,0,0,0,0,0,0,0,0,0,0
"47179","5","518210","78","0","2018","1","N",4,0,0,0,0,0,0,0,"N",0.58,0,0,0,0,0,0,0,"N",0,0.0,0,0,0,0,0,0,0,0,0,0,0,0,0,0
"47181","5","518210","78","0","2018","1","-",0,0,0,0,0,0,0,0,"N",0.00,0,0,0,0,0,0,0,"N",0,0,0,0,0,0,0,0,0,0,0,0,0,0,0,0
"47187","5","518210","78","0","2018","1","",76,1095,1119,1115,30753441,8030935,107082,2132,"",3.72,3.68,3.72,3.69,2.69,2.68,3.31,0.73,"",13,20.6,135,14.1,191,20.6,173,18.4,4458501,17.0,-30813,-0.4,11651,12.2,-12,-0.6
"47189","5","518210","78","0","2018","1","",7,7,7,7,106060,37623,401,1165,"",1.06,0.07,0.07,0.07,0.04,0.04,0.04,0.65,"",3,75.0,-24,-77.4,-25,-78.1,-26,-78.8,-260452,-71.1,-198265,-84.1,-1342,-77.0,284,32.2
"47999","3","518210","78","0","2018","1","N",1,0,0,0,0,0,0,0,"N",9.36,0,0,0,0,0,0,0,"N",1,100.0,0,0,0,0,0,0,0,0,0,0,0,0,0,0
"47999","5","518210","78","0","2018","1","",106,547,565,576,15796479,4227307,56735,2160,"",4.36,4.89,4.91,4.96,3.00,3.07,2.69,0.61,"",1,1.0,101,22.6,112,24.7,121,26.6,1770859,12.6,592345,16.3,4163,7.9,-230,-9.6
"48000","5","518210","58","0","2018","1","",1267,32968,33274,33212,971785359,288347919,10171379,2255,"",0.80,1.20,1.20,1.20,1.01,1.02,1.48,0.84,"",63,5.2,108,0.3,387,1.2,415,1.3,30830715,3.3,3169659,1.1,-1219262,-10.7,51,2.3
"48001","5","518210","78","0","2018","1","",13,16,17,17,578512,153000,4416,2670,"",3.50,0.35,0.37,0.37,0.51,0.39,0.61,1.40,"",-1,-7.1,-5,-23.8,-2,-10.5,-1,-5.6,116719,25.3,-45270,-22.8,1229,38.6,833,45.3
"48003","5","518210","78","0","2018","1","N",1,0,0,0,0,0,0,0,"N",0.88,0,0,0,0,0,0,0,"N",0,0.0,0,0,0,0,0,0,0,0,0,0,0,0,0,0
"48013","5","518210","78","0","2018","1","N",1,0,0,0,0,0,0,0,"N",0.49,0,0,0,0,0,0,0,"N",0,0.0,0,0,0,0,0,0,0,0,0,0,0,0,0,0
"48015","5","518210","78","0","2018","1","N",2,0,0,0,0,0,0,0,"N",0.81,0,0,0,0,0,0,0,"N",-1,-33.3,0,0,0,0,0,0,0,0,0,0,0,0,0,0
"48019","5","518210","78","0","2018","1","N",2,0,0,0,0,0,0,0,"N",1.79,0,0,0,0,0,0,0,"N",0,0.0,0,0,0,0,0,0,0,0,0,0,0,0,0,0
"48021","5","518210","78","0","2018","1","N",2,0,0,0,0,0,0,0,"N",0.59,0,0,0,0,0,0,0,"N",-2,-50.0,0,0,0,0,0,0,0,0,0,0,0,0,0,0
"48023","5","518210","78","0","2018","1","N",1,0,0,0,0,0,0,0,"N",2.46,0,0,0,0,0,0,0,"N",1,100.0,0,0,0,0,0,0,0,0,0,0,0,0,0,0
"48027","5","518210","78","0","2018","1","",6,58,58,58,1384805,443393,16548,1837,"",0.47,0.22,0.22,0.22,0.20,0.23,0.42,0.92,"",2,50.0,10,20.8,9,18.4,8,16.0,183114,15.2,32080,7.8,-8965,-35.1,-49,-2.6
"48029","5","518210","78","0","2018","1","",60,6611,6709,6755,184935141,49919683,1513623,2126,"",0.62,3.42,3.43,3.44,3.16,2.68,4.26,0.92,"",-1,-1.6,-145,-2.1,-73,-1.1,13,0.2,-24127976,-11.5,-2506820,-4.8,-48077,-3.1,-253,-10.6
"48037","5","518210","78","0","2018","1","-",0,0,0,0,0,0,0,0,"N",0.00,0,0,0,0,0,0,0,"N",0,0,0,0,0,0,0,0,0,0,0,0,0,0,0,0
"48039","5","518210","78","0","2018","1","",3,15,13,13,108836,71741,648,613,"",0.22,0.06,0.05,0.05,0.01,0.03,0.01,0.22,"N",0,0.0,0,0,0,0,0,0,0,0,0,0,0,0,0,0
"48041","5","518210","78","0","2018","1","",6,71,66,66,770390,496558,4907,876,"",0.56,0.30,0.27,0.27,0.13,0.33,0.18,0.47,"",0,0.0,-3,-4.1,-10,-13.2,-10,-13.2,99911,14.9,-10294,-2.0,-919,-15.8,191,27.9
"48047","5","518210","78","0","2018","1","N",1,0,0,0,0,0,0,0,"N",2.59,0,0,0,0,0,0,0,"N",0,0.0,0,0,0,0,0,0,0,0,0,0,0,0,0,0
"48057","5","518210","78","0","2018","1","N",2,0,0,0,0,0,0,0,"N",1.40,0,0,0,0,0,0,0,"N",0,0.0,0,0,0,0,0,0,0,0,0,0,0,0,0,0
"48061","5","518210","78","0","2018","1","N",2,0,0,0,0,0,0,0,"N",0.13,0,0,0,0,0,0,0,"N",1,100.0,0,0,0,0,0,0,0,0,0,0,0,0,0,0
"48081","5","518210","78","0","2018","1","N",1,0,0,0,0,0,0,0,"N",4.39,0,0,0,0,0,0,0,"N",0,0.0,0,0,0,0,0,0,0,0,0,0,0,0,0,0
"48085","5","518210","78","0","2018","1","",105,5751,5804,5760,180356412,55057927,2628759,2404,"",1.78,6.23,6.22,6.15,4.73,5.10,9.83,0.76,"",2,1.9,-230,-3.8,-187,-3.1,-214,-3.6,4293207,2.4,-2017221,-3.5,35830,1.4,140,6.2
"48091","5","518210","78","0","2018","1","N",2,0,0,0,0,0,0,0,"N",0.23,0,0,0,0,0,0,0,"N",-1,-33.3,0,0,0,0,0,0,0,0,0,0,0,0,0,0
"48097","5","518210","78","0","2018","1","N",1,0,0,0,0,0,0,0,"N",0.44,0,0,0,0,0,0,0,"N",0,0.0,0,0,0,0,0,0,0,0,0,0,0,0,0,0
"48099","5","518210","78","0","2018","1","",4,16,16,16,383585,144000,863,1844,"",1.40,0.44,0.43,0.44,0.44,0.59,0.18,1.00,"",0,0.0,1,6.7,1,6.7,0,0.0,48214,14.4,0,0.0,-176,-16.9,162,9.6
"48113","5","518210","78","0","2018","1","",179,5945,6018,5957,187533378,56802413,2129439,2415,"",1.00,1.56,1.56,1.55,1.15,1.26,1.95,0.74,"",-1,-0.6,16,0.3,69,1.2,55,0.9,4722296,2.6,1756211,3.2,-731408,-25.6,42,1.8
"48121","5","518210","78","0","2018","1","",41,938,944,941,24623088,7923674,288502,2013,"",1.16,1.72,1.71,1.70,1.53,1.44,2.48,0.89,"",7,20.6,183,24.2,184,24.2,174,22.7,454189,1.9,35314,0.4,-57885,-16.7,-431,-17.6
"48135","5","518210","78","0","2018","1","N",2,0,0,0,0,0,0,0,"N",0.22,0,0,0,0,0,0,0,"N",0,0.0,0,0,0,0,0,0,0,0,0,0,0,0,0,0
"48139","5","518210","78","0","2018","1","",4,20,20,21,204872,147179,4655,775,"",0.58,0.17,0.17,0.18,0.07,0.13,0.22,0.40,"N",1,33.3,0,0,0,0,0,0,0,0,0,0,0,0,0,0
"48141","5","518210","78","0","2018","1","",17,1201,1202,1187,11039110,6439679,240011,710,"",0.48,1.74,1.73,1.71,0.72,1.21,2.30,0.42,"",1,6.2,118,10.9,111,10.2,121,11.4,896888,8.8,845823,15.1,-1224,-0.5,-12,-1.7
"48145","5","518210","78","0","2018","1","N",2,0,0,0,0,0,0,0,"N",3.08,0,0,0,0,0,0,0,"N",0,0.0,0,0,0,0,0,0,0,0,0,0,0,0,0,0
"48147","5","518210","78","0","2018","1","N",1,0,0,0,0,0,0,0,"N",0.79,0,0,0,0,0,0,0,"N",1,100.0,0,0,0,0,0,0,0,0,0,0,0,0,0,0
"48157","5","518210","78","0","2018","1","",21,214,216,203,8297552,2748598,67706,3025,"",0.67,0.51,0.51,0.48,0.63,0.67,0.69,1.26,"",1,5.0,15,7.5,12,5.9,-1,-0.5,-447924,-5.1,221107,8.7,-13498,-16.6,-300,-9.0
"48163","5","518210","78","0","2018","1","N",1,0,0,0,0,0,0,0,"N",1.03,0,0,0,0,0,0,0,"N",0,0.0,0,0,0,0,0,0,0,0,0,0,0,0,0,0
"48167","5","518210","78","0","2018","1","N",8,0,0,0,0,0,0,0,"N",0.56,0,0,0,0,0,0,0,"N",-2,-20.0,0,0,0,0,0,0,0,0,0,0,0,0,0,0
"48181","5","518210","78","0","2018","1","N",1,0,0,0,0,0,0,0,"N",0.14,0,0,0,0,0,0,0,"N",0,0.0,0,0,0,0,0,0,0,0,0,0,0,0,0,0
"48187","5","518210","78","0","2018","1","N",1,0,0,0,0,0,0,0,"N",0.20,0,0,0,0,0,0,0,"N",-1,-50.0,0,0,0,0,0,0,0,0,0,0,0,0,0,0
"48199","5","518210","78","0","2018","1","N",1,0,0,0,0,0,0,0,"N",0.49,0,0,0,0,0,0,0,"N",0,0.0,0,0,0,0,0,0,0,0,0,0,0,0,0,0
"48201","5","518210","78","0","2018","1","",167,2759,2749,2695,61981299,23286832,1088239,1744,"",0.63,0.54,0.53,0.52,0.27,0.40,0.62,0.51,"",5,3.1,-386,-12.3,-349,-11.3,-390,-12.6,-2506327,-3.9,-2739500,-10.5,-139452,-11.4,149,9.3
"48203","5","518210","78","0","2018","1","N",1,0,0,0,0,0,0,0,"N",0.32,0,0,0,0,0,0,0,"N",0,0.0,0,0,0,0,0,0,0,0,0,0,0,0,0,0
"48209","5","518210","78","0","2018","1","N",5,0,0,0,0,0,0,0,"N",0.50,0,0,0,0,0,0,0,"N",0,0.0,0,0,0,0,0,0,0,0,0,0,0,0,0,0
"48211","5","518210","78","0","2018","1","-",0,0,0,0,0,0,0,0,"N",0.00,0,0,0,0,0,0,0,"N",0,0,0,0,0,0,0,0,0,0,0,0,0,0,0,0
"48213","5","518210","78","0","2018","1","-",0,0,0,0,0,0,0,0,"N",0.00,0,0,0,0,0,0,0,"N",0,0,0,0,0,0,0,0,0,0,0,0,0,0,0,0
"48215","5","518210","78","0","2018","1","N",4,0,0,0,0,0,0,0,"N",0.14,0,0,0,0,0,0,0,"N",0,0.0,0,0,0,0,0,0,0,0,0,0,0,0,0,0
"48217","5","518210","78","0","2018","1","N",1,0,0,0,0,0,0,0,"N",0.57,0,0,0,0,0,0,0,"N",0,0.0,0,0,0,0,0,0,0,0,0,0,0,0,0,0
"48221","5","518210","78","0","2018","1","N",1,0,0,0,0,0,0,0,"N",0.30,0,0,0,0,0,0,0,"N",0,0.0,0,0,0,0,0,0,0,0,0,0,0,0,0,0
"48223","5","518210","78","0","2018","1","N",1,0,0,0,0,0,0,0,"N",0.51,0,0,0,0,0,0,0,"N",1,100.0,0,0,0,0,0,0,0,0,0,0,0,0,0,0
"48227","5","518210","78","0","2018","1","N",1,0,0,0,0,0,0,0,"N",0.47,0,0,0,0,0,0,0,"N",1,100.0,0,0,0,0,0,0,0,0,0,0,0,0,0,0
"48231","5","518210","78","0","2018","1","-",0,0,0,0,0,0,0,0,"N",0.00,0,0,0,0,0,0,0,"N",-1,-100.0,0,0,0,0,0,0,0,0,0,0,0,0,0,0
"48245","5","518210","78","0","2018","1","N",3,0,0,0,0,0,0,0,"N",0.22,0,0,0,0,0,0,0,"N",-1,-25.0,0,0,0,0,0,0,0,0,0,0,0,0,0,0
"48251","5","518210","78","0","2018","1","N",3,0,0,0,0,0,0,0,"N",0.40,0,0,0,0,0,0,0,"N",1,50.0,0,0,0,0,0,0,0,0,0,0,0,0,0,0
"48257","5","518210","78","0","2018","1","-",0,0,0,0,0,0,0,0,"N",0.00,0,0,0,0,0,0,0,"N",0,0,0,0,0,0,0,0,0,0,0,0,0,0,0,0
"48265","5","518210","78","0","2018","1","N",2,0,0,0,0,0,0,0,"N",0.58,0,0,0,0,0,0,0,"N",1,100.0,0,0,0,0,0,0,0,0,0,0,0,0,0,0
"48285","5","518210","78","0","2018","1","N",1,0,0,0,0,0,0,0,"N",0.86,0,0,0,0,0,0,0,"N",0,0.0,0,0,0,0,0,0,0,0,0,0,0,0,0,0
"48303","5","518210","78","0","2018","1","N",5,0,0,0,0,0,0,0,"N",0.28,0,0,0,0,0,0,0,"N",0,0.0,0,0,0,0,0,0,0,0,0,0,0,0,0,0
"48309","5","518210","78","0","2018","1","",7,36,36,36,1386998,611477,11601,2964,"",0.57,0.14,0.14,0.14,0.21,0.27,0.29,1.45,"",-1,-12.5,-35,-49.3,-33,-47.8,-31,-46.3,-224290,-13.9,-212609,-25.8,-5260,-31.2,1168,65.0
"48321","5","518210","78","0","2018","1","N",1,0,0,0,0,0,0,0,"N",0.51,0,0,0,0,0,0,0,"N",0,0.0,0,0,0,0,0,0,0,0,0,0,0,0,0,0
"48329","5","518210","78","0","2018","1","N",2,0,0,0,0,0,0,0,"N",0.15,0,0,0,0,0,0,0,"N",0,0.0,0,0,0,0,0,0,0,0,0,0,0,0,0,0
"48339","5","518210","78","0","2018","1","",14,91,91,88,1543292,723756,28360,1319,"",0.52,0.22,0.22,0.21,0.11,0.16,0.25,0.50,"",2,16.7,2,2.2,4,4.6,-3,-3.3,-104021,-6.3,22643,3.2,223,0.8,-105,-7.4
"48347","5","518210","78","0","2018","1","N",1,0,0,0,0,0,0,0,"N",0.31,0,0,0,0,0,0,0,"N",0,0.0,0,0,0,0,0,0,0,0,0,0,0,0,0,0
"48355","5","518210","78","0","2018","1","",5,44,48,46,553104,304682,4826,925,"",0.26,0.12,0.13,0.12,0.05,0.09,0.05,0.44,"N",1,25.0,0,0,0,0,0,0,0,0,0,0,0,0,0,0
"48361","5","518210","78","0","2018","1","N",1,0,0,0,0,0,0,0,"N",0.31,0,0,0,0,0,0,0,"N",0,0.0,0,0,0,0,0,0,0,0,0,0,0,0,0,0
"48367","5","518210","78","0","2018","1","",6,24,24,24,350609,211379,6346,1124,"",0.93,0.32,0.32,0.31,0.16,0.28,0.38,0.51,"N",2,50.0,0,0,0,0,0,0,0,0,0,0,0,0,0,0
"48375","5","518210","78","0","2018","1","",7,68,70,71,1557636,484599,14353,1720,"",0.77,0.39,0.39,0.40,0.35,0.29,0.58,0.89,"N",-1,-12.5,0,0,0,0,0,0,0,0,0,0,0,0,0,0
"48381","5","518210","78","0","2018","1","N",1,0,0,0,0,0,0,0,"N",0.18,0,0,0,0,0,0,0,"N",1,100.0,0,0,0,0,0,0,0,0,0,0,0,0,0,0
"48397","5","518210","78","0","2018","1","",4,5,9,9,166201,65854,1746,1668,"",0.70,0.07,0.13,0.13,0.10,0.10,0.16,0.91,"",0,0.0,-10,-66.7,-5,-35.7,-4,-30.8,-115319,-41.0,-33748,-33.9,-134,-7.1,121,7.8
"48401","5","518210","78","0","2018","1","N",1,0,0,0,0,0,0,0,"N",0.50,0,0,0,0,0,0,0,"N",0,0.0,0,0,0,0,0,0,0,0,0,0,0,0,0,0
"48419","5","518210","78","0","2018","1","-",0,0,0,0,0,0,0,0,"N",0.00,0,0,0,0,0,0,0,"N",0,0,0,0,0,0,0,0,0,0,0,0,0,0,0,0
"48423","5","518210","78","0","2018","1","",7,12,13,14,123263,62614,614,729,"",0.48,0.05,0.06,0.06,0.02,0.03,0.02,0.37,"",0,0.0,-1,-7.7,0,0.0,0,0.0,15492,14.4,-10857,-14.8,20,3.4,107,17.2
"48425","5","518210","78","0","2018","1","N",1,0,0,0,0,0,0,0,"N",1.87,0,0,0,0,0,0,0,"N",1,100.0,0,0,0,0,0,0,0,0,0,0,0,0,0,0
"48439","5","518210","78","0","2018","1","",72,1187,1188,1185,31386240,8952437,359121,2035,"",0.71,0.59,0.59,0.59,0.47,0.43,0.84,0.80,"",6,9.1,-171,-12.6,-110,-8.5,-111,-8.6,-3145361,-9.1,-1587793,-15.1,-75618,-17.4,19,0.9
"48441","5","518210","78","0","2018","1","",4,63,63,65,1171015,578179,14987,1415,"",0.48,0.45,0.45,0.46,0.35,0.50,0.66,0.78,"",0,0.0,-5,-7.4,-2,-3.1,0,0.0,-32068,-2.7,-1575,-0.3,9230,160.3,13,0.9
"48449","5","518210","78","0","2018","1","-",0,0,0,0,0,0,0,0,"N",0.00,0,0,0,0,0,0,0,"N",0,0,0,0,0,0,0,0,0,0,0,0,0,0,0,0
"48451","5","518210","78","0","2018","1","N",3,0,0,0,0,0,0,0,"N",0.45,0,0,0,0,0,0,0,"N",1,50.0,0,0,0,0,0,0,0,0,0,0,0,0,0,0
"48453","5","518210","78","0","2018","1","",150,5038,5097,5141,180058564,47823349,1116418,2720,"",1.57,3.03,3.03,3.05,2.76,2.68,2.89,0.91,"",6,4.2,312,6.6,282,5.9,326,6.8,30390097,20.3,6279955,15.1,-161051,-12.6,314,13.1
"48467","5","518210","78","0","2018","1","N",1,0,0,0,0,0,0,0,"N",0.43,0,0,0,0,0,0,0,"N",-1,-50.0,0,0,0,0,0,0,0,0,0,0,0,0,0,0
"48469","5","518210","78","0","2018","1","N",2,0,0,0,0,0,0,0,"N",0.35,0,0,0,0,0,0,0,"N",1,100.0,0,0,0,0,0,0,0,0,0,0,0,0,0,0
"48473","5","518210","78","0","2018","1","N",1,0,0,0,0,0,0,0,"N",0.50,0,0,0,0,0,0,0,"N",0,0.0,0,0,0,0,0,0,0,0,0,0,0,0,0,0
"48479","5","518210","78","0","2018","1","",3,21,20,19,186186,144441,1380,716,"",0.24,0.09,0.09,0.08,0.04,0.08,0.04,0.45,"N",2,200.0,0,0,0,0,0,0,0,0,0,0,0,0,0,0
"48481","5","518210","78","0","2018","1","N",1,0,0,0,0,0,0,0,"N",0.37,0,0,0,0,0,0,0,"N",0,0.0,0,0,0,0,0,0,0,0,0,0,0,0,0,0
"48485","5","518210","78","0","2018","1","",4,20,19,16,233474,132541,1926,980,"",0.53,0.16,0.15,0.13,0.08,0.14,0.10,0.56,"N",1,33.3,0,0,0,0,0,0,0,0,0,0,0,0,0,0
"48489","5","518210","78","0","2018","1","N",1,0,0,0,0,0,0,0,"N",1.40,0,0,0,0,0,0,0,"N",0,0.0,0,0,0,0,0,0,0,0,0,0,0,0,0,0
"48491","5","518210","78","0","2018","1","",29,325,328,334,4996225,2767000,123858,1168,"",1.13,0.85,0.85,0.86,0.37,0.68,1.53,0.44,"",3,11.5,100,44.4,107,48.4,109,48.4,852803,20.6,710840,34.6,28617,30.0,-257,-18.0
"48999","5","518210","78","0","2018","1","",249,1892,1924,1960,78983241,18123143,419961,3156,"",3.27,3.06,3.04,3.08,2.33,1.93,1.41,0.76,"",32,14.7,146,8.4,205,11.9,193,10.9,17130933,27.7,894890,5.2,-69689,-14.2,428,15.7
"49000","5","518210","58","0","2018","1","",305,5329,5382,5393,89916139,78259374,330380,1288,"",1.32,1.63,1.63,1.63,0.96,1.57,1.33,0.59,"",18,6.3,-608,-10.2,-559,-9.4,-589,-9.8,-5725143,-6.0,-3941439,-4.8,-47008,-12.5,52,4.2
"49001","5","518210","78","0","2018","1","N",1,0,0,0,0,0,0,0,"N",1.89,0,0,0,0,0,0,0,"N",1,100.0,0,0,0,0,0,0,0,0,0,0,0,0,0,0
"49005","5","518210","78","0","2018","1","",9,124,122,130,1672237,1448700,9405,1026,"",1.07,1.00,0.97,1.04,0.64,1.07,1.85,0.64,"",2,28.6,10,8.8,7,6.1,13,11.1,401878,31.6,268786,22.8,1107,13.3,179,21.1
"49011","5","518210","78","0","2018","1","N",12,0,0,0,0,0,0,0,"N",0.61,0,0,0,0,0,0,0,"N",-1,-7.7,0,0,0,0,0,0,0,0,0,0,0,0,0,0
"49015","5","518210","78","0","2018","1","N",1,0,0,0,0,0,0,0,"N",1.71,0,0,0,0,0,0,0,"N",0,0.0,0,0,0,0,0,0,0,0,0,0,0,0,0,0
"49035","5","518210","78","0","2018","1","",199,2953,2984,2990,49652539,43020934,215234,1284,"",1.93,1.89,1.90,1.90,0.98,1.59,1.59,0.52,"",18,9.9,-70,-2.3,-40,-1.3,-110,-3.5,-942442,-1.9,362107,0.8,-6920,-3.1,8,0.6
"49037","5","518210","78","0","2018","1","N",1,0,0,0,0,0,0,0,"N",1.25,0,0,0,0,0,0,0,"N",0,0.0,0,0,0,0,0,0,0,0,0,0,0,0,0,0
"49043","5","518210","78","0","2018","1","",7,42,41,43,928239,877996,7158,1700,"",1.06,0.60,0.59,0.63,0.50,0.78,0.81,0.83,"",1,16.7,-7,-14.3,-6,-12.8,0,0.0,12872,1.4,-3155,-0.4,-1087,-13.2,180,11.8
"49049","5","518210","78","0","2018","1","",59,2056,2077,2069,34438101,30219257,86712,1281,"",1.57,3.83,3.82,3.80,2.30,3.82,2.57,0.60,"",0,0.0,-391,-16.0,-387,-15.7,-358,-14.8,-3427369,-9.1,-2961194,-8.9,-29792,-25.6,90,7.6
"49051","5","518210","78","0","2018","1","N",1,0,0,0,0,0,0,0,"N",0.39,0,0,0,0,0,0,0,"N",0,0.0,0,0,0,0,0,0,0,0,0,0,0,0,0,0
"49053","5","518210","78","0","2018","1","",7,75,77,78,1524515,1380656,3908,1530,"",0.53,0.51,0.51,0.52,0.48,0.80,0.58,0.93,"",-3,-30.0,-126,-62.7,-106,-57.9,-112,-58.9,-871427,-36.4,-894553,-39.3,-5828,-59.9,567,58.9
"49055","5","518210","78","0","2018","1","N",1,0,0,0,0,0,0,0,"N",3.22,0,0,0,0,0,0,0,"N",0,0.0,0,0,0,0,0,0,0,0,0,0,0,0,0,0
"49057","5","518210","78","0","2018","1","N",7,0,0,0,0,0,0,0,"N",0.50,0,0,0,0,0,0,0,"N",0,0.0,0,0,0,0,0,0,0,0,0,0,0,0,0,0
"50000","5","518210","58","0","2018","1","",48,262,274,277,5203678,3685255,135826,1477,"",0.82,0.38,0.39,0.40,0.27,0.47,0.50,0.70,"",4,9.1,28,12.0,43,18.6,47,20.4,1059324,25.6,611754,19.9,4903,3.7,101,7.3
"50001","5","518210","78","0","2018","1","N",5,0,0,0,0,0,0,0,"N",1.53,0,0,0,0,0,0,0,"N",1,25.0,0,0,0,0,0,0,0,0,0,0,0,0,0,0
"50003","5","518210","78","0","2018","1","",4,21,21,21,388745,309108,17205,1424,"",1.11,0.55,0.54,0.55,0.42,0.75,1.13,0.76,"N",0,0.0,0,0,0,0,0,0,0,0,0,0,0,0,0,0
"50007","5","518210","78","0","2018","1","",11,123,132,133,2069297,1698752,64956,1231,"",0.70,0.54,0.57,0.58,0.29,0.58,0.68,0.51,"",-1,-8.3,3,2.5,10,8.2,12,9.9,323252,18.5,268756,18.8,3460,5.6,121,10.9
"50011","5","518210","78","0","2018","1","",5,21,22,23,483217,374086,12881,1690,"",1.72,0.53,0.55,0.57,0.44,0.91,1.03,0.79,"",2,66.7,9,75.0,11,100.0,12,109.1,174365,56.5,187016,100.0,2117,19.7,-406,-19.4
"50015","5","518210","78","0","2018","1","N",2,0,0,0,0,0,0,0,"N",0.76,0,0,0,0,0,0,0,"N",1,100.0,0,0,0,0,0,0,0,0,0,0,0,0,0,0
"50017","5","518210","78","0","2018","1","",3,2,3,3,41704,28929,289,1203,"",1.56,0.12,0.18,0.17,0.10,0.18,0.05,0.67,"",3,100.0,2,100.0,3,100.0,3,100.0,41704,100.0,28929,100.0,289,100.0,1203,100.0
"50019","5","518210","78","0","2018","1","N",3,0,0,0,0,0,0,0,"N",1.41,0,0,0,0,0,0,0,"N",0,0.0,0,0,0,0,0,0,0,0,0,0,0,0,0,0
"50021","5","518210","78","0","2018","1","N",6,0,0,0,0,0,0,0,"N",1.11,0,0,0,0,0,0,0,"N",-1,-14.3,0,0,0,0,0,0,0,0,0,0,0,0,0,0
"50023","5","518210","78","0","2018","1","",4,5,5,5,81192,57662,633,1249,"",0.67,0.07,0.07,0.07,0.04,0.07,0.02,0.54,"N",1,33.3,0,0,0,0,0,0,0,0,0,0,0,0,0,0
"50025","5","518210","78","0","2018","1","N",3,0,0,0,0,0,0,0,"N",0.67,0,0,0,0,0,0,0,"N",0,0.0,0,0,0,0,0,0,0,0,0,0,0,0,0,0
"50027","5","518210","78","0","2018","1","N",1,0,0,0,0,0,0,0,"N",0.19,0,0,0,0,0,0,0,"N",-1,-50.0,0,0,0,0,0,0,0,0,0,0,0,0,0,0
"50999","5","518210","78","0","2018","1","N",1,0,0,0,0,0,0,0,"N",0.59,0,0,0,0,0,0,0,"N",-1,-50.0,0,0,0,0,0,0,0,0,0,0,0,0,0,0
"51000","2","518210","58","0","2018","1","N",9,0,0,0,0,0,0,0,"N",17.06,0,0,0,0,0,0,0,"N",-1,-10.0,0,0,0,0,0,0,0,0,0,0,0,0,0,0
"51000","3","518210","58","0","2018","1","N",4,0,0,0,0,0,0,0,"N",1.44,0,0,0,0,0,0,0,"N",1,33.3,0,0,0,0,0,0,0,0,0,0,0,0,0,0
"51000","5","518210","58","0","2018","1","",721,11193,11279,11196,368983509,88606466,2407829,2529,"",1.14,1.29,1.29,1.28,1.22,1.14,2.11,0.95,"",33,4.8,-165,-1.5,-76,-0.7,-103,-0.9,-17586470,-4.5,-2403848,-2.6,298897,14.2,-94,-3.6
"51003","5","518210","78","0","2018","1","",3,55,54,54,1719287,438586,8589,2434,"",0.34,0.44,0.43,0.43,0.43,0.51,0.96,1.00,"",-1,-25.0,-32,-36.8,-33,-37.9,-33,-37.9,-405376,-19.1,48092,12.3,1605,23.0,555,29.5
"51011","2","518210","78","0","2018","1","N",1,0,0,0,0,0,0,0,"N",1037.54,0,0,0,0,0,0,0,"N",0,0.0,0,0,0,0,0,0,0,0,0,0,0,0,0,0
"51013","3","518210","78","0","2018","1","N",2,0,0,0,0,0,0,0,"N",21.52,0,0,0,0,0,0,0,"N",0,0.0,0,0,0,0,0,0,0,0,0,0,0,0,0,0
"51013","5","518210","78","0","2018","1","",47,764,792,802,36800117,6449958,188820,3601,"",2.22,1.91,1.97,2.00,1.60,1.68,2.86,0.82,"",9,23.7,118,18.3,149,23.2,186,30.2,5605622,18.0,946688,17.2,88694,88.6,-178,-4.7
"51015","5","518210","78","0","2018","1","N",2,0,0,0,0,0,0,0,"N",0.46,0,0,0,0,0,0,0,"N",0,0.0,0,0,0,0,0,0,0,0,0,0,0,0,0,0
"51019","5","518210","78","0","2018","1","N",5,0,0,0,0,0,0,0,"N",0.97,0,0,0,0,0,0,0,"N",0,0.0,0,0,0,0,0,0,0,0,0,0,0,0,0,0
"51023","5","518210","78","0","2018","1","N",2,0,0,0,0,0,0,0,"N",0.99,0,0,0,0,0,0,0,"N",0,0.0,0,0,0,0,0,0,0,0,0,0,0,0,0,0
"51031","5","518210","78","0","2018","1","N",1,0,0,0,0,0,0,0,"N",0.30,0,0,0,0,0,0,0,"N",1,100.0,0,0,0,0,0,0,0,0,0,0,0,0,0,0
"51041","2","518210","78","0","2018","1","N",1,0,0,0,0,0,0,0,"N",56.32,0,0,0,0,0,0,0,"N",0,0.0,0,0,0,0,0,0,0,0,0,0,0,0,0,0
"51041","5","518210","78","0","2018","1","",19,206,204,215,2495573,1423057,45621,921,"",0.89,0.66,0.65,0.69,0.29,0.52,1.18,0.43,"",4,26.7,-3,-1.4,-14,-6.4,2,0.9,-243663,-8.9,-98727,-6.5,-9216,-16.8,-67,-6.8
"51047","5","518210","78","0","2018","1","N",3,0,0,0,0,0,0,0,"N",0.89,0,0,0,0,0,0,0,"N",0,0.0,0,0,0,0,0,0,0,0,0,0,0,0,0,0
"51059","5","518210","78","0","2018","1","",181,4332,4347,4288,159041333,36904348,1226736,2830,"",2.11,3.16,3.15,3.12,2.16,2.47,4.97,0.69,"",-5,-2.7,-296,-6.4,-299,-6.4,-348,-7.5,-14419737,-8.3,-3809376,-9.4,234874,23.7,-48,-1.7
"51061","5","518210","78","0","2018","1","N",2,0,0,0,0,0,0,0,"N",0.35,0,0,0,0,0,0,0,"N",0,0.0,0,0,0,0,0,0,0,0,0,0,0,0,0,0
"51065","5","518210","78","0","2018","1","N",1,0,0,0,0,0,0,0,"N",0.76,0,0,0,0,0,0,0,"N",0,0.0,0,0,0,0,0,0,0,0,0,0,0,0,0,0
"51067","5","518210","78","0","2018","1","-",0,0,0,0,0,0,0,0,"N",0.00,0,0,0,0,0,0,0,"N",0,0,0,0,0,0,0,0,0,0,0,0,0,0,0,0
"51069","5","518210","78","0","2018","1","N",4,0,0,0,0,0,0,0,"N",0.88,0,0,0,0,0,0,0,"N",0,0.0,0,0,0,0,0,0,0,0,0,0,0,0,0,0
"51071","5","518210","78","0","2018","1","N",1,0,0,0,0,0,0,0,"N",1.15,0,0,0,0,0,0,0,"N",0,0.0,0,0,0,0,0,0,0,0,0,0,0,0,0,0
"51075","5","518210","78","0","2018","1","N",3,0,0,0,0,0,0,0,"N",1.56,0,0,0,0,0,0,0,"N",0,0.0,0,0,0,0,0,0,0,0,0,0,0,0,0,0
"51079","5","518210","78","0","2018","1","N",1,0,0,0,0,0,0,0,"N",0.85,0,0,0,0,0,0,0,"N",0,0.0,0,0,0,0,0,0,0,0,0,0,0,0,0,0
"51083","2","518210","78","0","2018","1","N",1,0,0,0,0,0,0,0,"N",489.52,0,0,0,0,0,0,0,"N",0,0.0,0,0,0,0,0,0,0,0,0,0,0,0,0,0
"51083","5","518210","78","0","2018","1","N",1,0,0,0,0,0,0,0,"N",0.41,0,0,0,0,0,0,0,"N",0,0.0,0,0,0,0,0,0,0,0,0,0,0,0,0,0
"51085","5","518210","78","0","2018","1","",8,32,34,33,261327,174905,5725,609,"",0.91,0.28,0.30,0.28,0.09,0.16,0.44,0.32,"",-1,-11.1,-4,-11.1,1,3.0,-3,-8.3,-127759,-32.8,-49299,-22.0,173,3.1,-246,-28.8
"51087","5","518210","78","0","2018","1","",24,145,138,139,2629834,737334,16484,1438,"",0.89,0.34,0.32,0.32,0.18,0.18,0.26,0.56,"",0,0.0,51,54.3,47,51.6,47,51.1,544062,26.1,207654,39.2,7144,76.5,-300,-17.3
"51089","5","518210","78","0","2018","1","N",1,0,0,0,0,0,0,0,"N",0.26,0,0,0,0,0,0,0,"N",0,0.0,0,0,0,0,0,0,0,0,0,0,0,0,0,0
"51093","2","518210","78","0","2018","1","N",1,0,0,0,0,0,0,0,"N",654.33,0,0,0,0,0,0,0,"N",0,0.0,0,0,0,0,0,0,0,0,0,0,0,0,0,0
"51093","5","518210","78","0","2018","1","N",1,0,0,0,0,0,0,0,"N",0.55,0,0,0,0,0,0,0,"N",1,100.0,0,0,0,0,0,0,0,0,0,0,0,0,0,0
"51095","5","518210","78","0","2018","1","N",3,0,0,0,0,0,0,0,"N",0.67,0,0,0,0,0,0,0,"N",1,50.0,0,0,0,0,0,0,0,0,0,0,0,0,0,0
"51099","5","518210","78","0","2018","1","N",1,0,0,0,0,0,0,0,"N",0.71,0,0,0,0,0,0,0,"N",0,0.0,0,0,0,0,0,0,0,0,0,0,0,0,0,0
"51103","5","518210","78","0","2018","1","-",0,0,0,0,0,0,0,0,"N",0.00,0,0,0,0,0,0,0,"N",0,0,0,0,0,0,0,0,0,0,0,0,0,0,0,0
"51107","3","518210","78","0","2018","1","N",1,0,0,0,0,0,0,0,"N",7.95,0,0,0,0,0,0,0,"N",1,100.0,0,0,0,0,0,0,0,0,0,0,0,0,0,0
"51107","5","518210","78","0","2018","1","",81,2132,2182,2154,95915010,17768119,339790,3422,"",2.83,5.68,5.81,5.72,6.67,4.93,6.89,1.16,"",-2,-2.4,195,10.1,246,12.7,239,12.5,329132,0.3,1894356,11.9,240,0.1,-389,-10.2
"51115","5","518210","78","0","2018","1","N",1,0,0,0,0,0,0,0,"N",1.94,0,0,0,0,0,0,0,"N",1,100.0,0,0,0,0,0,0,0,0,0,0,0,0,0,0
"51117","5","518210","78","0","2018","1","N",3,0,0,0,0,0,0,0,"N",1.17,0,0,0,0,0,0,0,"N",0,0.0,0,0,0,0,0,0,0,0,0,0,0,0,0,0
"51121","5","518210","78","0","2018","1","N",6,0,0,0,0,0,0,0,"N",1.12,0,0,0,0,0,0,0,"N",1,20.0,0,0,0,0,0,0,0,0,0,0,0,0,0,0
"51137","5","518210","78","0","2018","1","N",1,0,0,0,0,0,0,0,"N",0.47,0,0,0,0,0,0,0,"N",0,0.0,0,0,0,0,0,0,0,0,0,0,0,0,0,0
"51139","5","518210","78","0","2018","1","N",1,0,0,0,0,0,0,0,"N",0.73,0,0,0,0,0,0,0,"N",0,0.0,0,0,0,0,0,0,0,0,0,0,0,0,0,0
"51141","5","518210","78","0","2018","1","N",1,0,0,0,0,0,0,0,"N",0.81,0,0,0,0,0,0,0,"N",0,0.0,0,0,0,0,0,0,0,0,0,0,0,0,0,0
"51145","5","518210","78","0","2018","1","N",1,0,0,0,0,0,0,0,"N",0.54,0,0,0,0,0,0,0,"N",0,0.0,0,0,0,0,0,0,0,0,0,0,0,0,0,0
"51149","5","518210","78","0","2018","1","-",0,0,0,0,0,0,0,0,"N",0.00,0,0,0,0,0,0,0,"N",0,0,0,0,0,0,0,0,0,0,0,0,0,0,0,0
"51153","5","518210","78","0","2018","1","",27,255,257,258,6976816,1819616,61243,2091,"",1.25,0.88,0.89,0.88,0.86,0.78,2.21,0.98,"",3,12.5,4,1.6,6,2.4,9,3.6,-559154,-7.4,-18734,-1.0,987,1.6,-225,-9.7
"51161","5","518210","78","0","2018","1","N",2,0,0,0,0,0,0,0,"N",0.34,0,0,0,0,0,0,0,"N",0,0.0,0,0,0,0,0,0,0,0,0,0,0,0,0,0
"51165","2","518210","78","0","2018","1","N",1,0,0,0,0,0,0,0,"N",286.81,0,0,0,0,0,0,0,"N",0,0.0,0,0,0,0,0,0,0,0,0,0,0,0,0,0
"51169","2","518210","78","0","2018","1","N",1,0,0,0,0,0,0,0,"N",1178.39,0,0,0,0,0,0,0,"N",0,0.0,0,0,0,0,0,0,0,0,0,0,0,0,0,0
"51169","5","518210","78","0","2018","1","N",2,0,0,0,0,0,0,0,"N",1.97,0,0,0,0,0,0,0,"N",1,100.0,0,0,0,0,0,0,0,0,0,0,0,0,0,0
"51171","5","518210","78","0","2018","1","N",1,0,0,0,0,0,0,0,"N",0.36,0,0,0,0,0,0,0,"N",-1,-50.0,0,0,0,0,0,0,0,0,0,0,0,0,0,0
"51177","2","518210","78","0","2018","1","N",1,0,0,0,0,0,0,0,"N",167.21,0,0,0,0,0,0,0,"N",0,0.0,0,0,0,0,0,0,0,0,0,0,0,0,0,0
"51177","5","518210","78","0","2018","1","N",3,0,0,0,0,0,0,0,"N",0.42,0,0,0,0,0,0,0,"N",0,0.0,0,0,0,0,0,0,0,0,0,0,0,0,0,0
"51179","5","518210","78","0","2018","1","N",4,0,0,0,0,0,0,0,"N",0.63,0,0,0,0,0,0,0,"N",-3,-42.9,0,0,0,0,0,0,0,0,0,0,0,0,0,0
"51185","5","518210","78","0","2018","1","N",2,0,0,0,0,0,0,0,"N",0.78,0,0,0,0,0,0,0,"N",0,0.0,0,0,0,0,0,0,0,0,0,0,0,0,0,0
"51187","5","518210","78","0","2018","1","N",1,0,0,0,0,0,0,0,"N",0.40,0,0,0,0,0,0,0,"N",-2,-66.7,0,0,0,0,0,0,0,0,0,0,0,0,0,0
"51191","5","518210","78","0","2018","1","-",0,0,0,0,0,0,0,0,"N",0.00,0,0,0,0,0,0,0,"N",0,0,0,0,0,0,0,0,0,0,0,0,0,0,0,0
"51197","2","518210","78","0","2018","1","N",1,0,0,0,0,0,0,0,"N",575.52,0,0,0,0,0,0,0,"N",0,0.0,0,0,0,0,0,0,0,0,0,0,0,0,0,0
"51199","5","518210","78","0","2018","1","",6,32,31,32,306417,177192,2448,744,"",1.65,0.67,0.64,0.66,0.30,0.49,0.51,0.45,"",0,0.0,0,0.0,-1,-3.1,0,0.0,6775,2.3,27746,18.6,-122,-4.7,24,3.3
"51510","5","518210","78","0","2018","1","",17,274,271,273,7154541,2080078,57188,2018,"",1.18,1.32,1.30,1.32,0.77,1.11,2.05,0.59,"",-4,-19.0,-73,-21.0,-76,-21.9,-80,-22.7,-7423329,-50.9,-958695,-31.5,2876,5.3,-1195,-37.2
"51540","5","518210","78","0","2018","1","N",6,0,0,0,0,0,0,0,"N",1.03,0,0,0,0,0,0,0,"N",1,20.0,0,0,0,0,0,0,0,0,0,0,0,0,0,0
"51550","5","518210","78","0","2018","1","N",7,0,0,0,0,0,0,0,"N",0.50,0,0,0,0,0,0,0,"N",0,0.0,0,0,0,0,0,0,0,0,0,0,0,0,0,0
"51590","5","518210","78","0","2018","1","N",1,0,0,0,0,0,0,0,"N",0.24,0,0,0,0,0,0,0,"N",0,0.0,0,0,0,0,0,0,0,0,0,0,0,0,0,0
"51600","5","518210","78","0","2018","1","N",2,0,0,0,0,0,0,0,"N",0.51,0,0,0,0,0,0,0,"N",0,0.0,0,0,0,0,0,0,0,0,0,0,0,0,0,0
"51610","5","518210","78","0","2018","1","N",3,0,0,0,0,0,0,0,"N",1.24,0,0,0,0,0,0,0,"N",1,50.0,0,0,0,0,0,0,0,0,0,0,0,0,0,0
"51630","5","518210","78","0","2018","1","N",2,0,0,0,0,0,0,0,"N",0.52,0,0,0,0,0,0,0,"N",-1,-33.3,0,0,0,0,0,0,0,0,0,0,0,0,0,0
"51650","5","518210","78","0","2018","1","",4,34,34,36,440681,225686,10964,978,"",0.61,0.28,0.27,0.29,0.13,0.27,0.72,0.48,"",0,0.0,-6,-15.0,-4,-10.5,1,2.9,-20311,-4.4,-24489,-9.8,1038,10.5,37,3.9
"51680","5","518210","78","0","2018","1","N",2,0,0,0,0,0,0,0,"N",0.32,0,0,0,0,0,0,0,"N",-1,-33.3,0,0,0,0,0,0,0,0,0,0,0,0,0,0
"51683","5","518210","78","0","2018","1","N",2,0,0,0,0,0,0,0,"N",0.54,0,0,0,0,0,0,0,"N",0,0.0,0,0,0,0,0,0,0,0,0,0,0,0,0,0
"51685","5","518210","78","0","2018","1","N",2,0,0,0,0,0,0,0,"N",2.82,0,0,0,0,0,0,0,"N",0,0.0,0,0,0,0,0,0,0,0,0,0,0,0,0,0
"51690","5","518210","78","0","2018","1","N",1,0,0,0,0,0,0,0,"N",0.41,0,0,0,0,0,0,0,"N",-1,-50.0,0,0,0,0,0,0,0,0,0,0,0,0,0,0
"51700","5","518210","78","0","2018","1","N",1,0,0,0,0,0,0,0,"N",0.11,0,0,0,0,0,0,0,"N",0,0.0,0,0,0,0,0,0,0,0,0,0,0,0,0,0
"51710","5","518210","78","0","2018","1","N",9,0,0,0,0,0,0,0,"N",0.65,0,0,0,0,0,0,0,"N",-3,-25.0,0,0,0,0,0,0,0,0,0,0,0,0,0,0
"51740","5","518210","78","0","2018","1","N",2,0,0,0,0,0,0,0,"N",0.47,0,0,0,0,0,0,0,"N",0,0.0,0,0,0,0,0,0,0,0,0,0,0,0,0,0
"51760","2","518210","78","0","2018","1","N",1,0,0,0,0,0,0,0,"N",66.81,0,0,0,0,0,0,0,"N",0,0.0,0,0,0,0,0,0,0,0,0,0,0,0,0,0
"51760","3","518210","78","0","2018","1","N",1,0,0,0,0,0,0,0,"N",12.69,0,0,0,0,0,0,0,"N",0,0.0,0,0,0,0,0,0,0,0,0,0,0,0,0,0
"51760","5","518210","78","0","2018","1","",17,97,94,94,1979147,695836,10517,1603,"",0.95,0.28,0.27,0.27,0.14,0.25,0.30,0.54,"",0,0.0,-25,-20.5,-30,-24.2,-33,-26.0,-880400,-30.8,-366097,-34.5,-8575,-44.9,-166,-9.4
"51770","5","518210","78","0","2018","1","",4,4,4,4,65628,32000,1012,1262,"",0.52,0.03,0.03,0.03,0.02,0.03,0.06,0.63,"",0,0.0,0,0.0,0,0.0,0,0.0,14812,29.1,0,0.0,587,138.1,285,29.2
"51790","5","518210","78","0","2018","1","N",1,0,0,0,0,0,0,0,"N",0.49,0,0,0,0,0,0,0,"N",0,0.0,0,0,0,0,0,0,0,0,0,0,0,0,0,0
"51810","2","518210","78","0","2018","1","-",0,0,0,0,0,0,0,0,"N",0.00,0,0,0,0,0,0,0,"N",-1,-100.0,0,0,0,0,0,0,0,0,0,0,0,0,0,0
"51810","5","518210","78","0","2018","1","",20,569,566,551,5947991,3908051,59817,814,"",0.71,1.45,1.42,1.38,0.62,1.24,1.39,0.43,"",-3,-13.0,-32,-5.3,-27,-4.6,-39,-6.6,131402,2.3,-190731,-4.7,-40067,-40.1,62,8.2
"51830","5","518210","78","0","2018","1","N",1,0,0,0,0,0,0,0,"N",0.82,0,0,0,0,0,0,0,"N",1,100.0,0,0,0,0,0,0,0,0,0,0,0,0,0,0
"51999","5","518210","78","0","2018","1","",160,468,473,463,15133576,4210212,113744,2487,"",2.60,1.75,1.73,1.69,1.08,1.18,1.66,0.63,"",39,32.2,23,5.2,19,4.2,10,2.2,-570955,-3.6,-35806,-0.8,-21601,-16.0,-194,-7.2
"53000","2","518210","58","0","2018","1","N",1,0,0,0,0,0,0,0,"N",2.11,0,0,0,0,0,0,0,"N",0,0.0,0,0,0,0,0,0,0,0,0,0,0,0,0,0
"53000","5","518210","58","0","2018","1","",739,11704,11738,11714,429286765,316731941,3534765,2818,"",1.30,1.58,1.57,1.55,1.48,2.15,2.25,0.94,"",32,4.5,739,6.7,658,5.9,510,4.6,108373257,33.8,44600514,16.4,572033,19.3,591,26.5
"53001","5","518210","78","0","2018","1","-",0,0,0,0,0,0,0,0,"N",0.00,0,0,0,0,0,0,0,"N",0,0,0,0,0,0,0,0,0,0,0,0,0,0,0,0
"53003","5","518210","78","0","2018","1","N",1,0,0,0,0,0,0,0,"N",0.68,0,0,0,0,0,0,0,"N",1,100.0,0,0,0,0,0,0,0,0,0,0,0,0,0,0
"53005","5","518210","78","0","2018","1","",7,59,62,61,1023177,1001900,29873,1297,"",0.52,0.31,0.31,0.31,0.16,0.31,0.77,0.53,"",2,40.0,-5,-7.8,-1,-1.6,-5,-7.6,-59928,-5.5,-65041,-6.1,4084,15.8,2,0.2
"53007","5","518210","78","0","2018","1","",8,51,51,48,661481,645032,5108,1018,"",1.02,0.56,0.55,0.50,0.30,0.59,0.41,0.56,"",1,14.3,-6,-10.5,-6,-10.5,-6,-11.1,-56065,-7.8,-20092,-3.0,-2537,-33.2,32,3.2
"53009","5","518210","78","0","2018","1","N",1,0,0,0,0,0,0,0,"N",0.18,0,0,0,0,0,0,0,"N",-1,-50.0,0,0,0,0,0,0,0,0,0,0,0,0,0,0
"53011","5","518210","78","0","2018","1","",59,415,412,414,8431466,7891389,130623,1568,"",1.72,1.16,1.14,1.14,0.78,1.34,2.08,0.68,"",10,20.4,71,20.6,69,20.1,82,24.7,1712657,25.5,1616590,25.8,30776,30.8,46,3.0
"53013","5","518210","78","0","2018","1","N",1,0,0,0,0,0,0,0,"N",1.86,0,0,0,0,0,0,0,"N",1,100.0,0,0,0,0,0,0,0,0,0,0,0,0,0,0
"53015","5","518210","78","0","2018","1","N",1,0,0,0,0,0,0,0,"N",0.15,0,0,0,0,0,0,0,"N",-2,-66.7,0,0,0,0,0,0,0,0,0,0,0,0,0,0
"53017","5","518210","78","0","2018","1","N",1,0,0,0,0,0,0,0,"N",0.35,0,0,0,0,0,0,0,"N",0,0.0,0,0,0,0,0,0,0,0,0,0,0,0,0,0
"53019","5","518210","78","0","2018","1","-",0,0,0,0,0,0,0,0,"N",0.00,0,0,0,0,0,0,0,"N",0,0,0,0,0,0,0,0,0,0,0,0,0,0,0,0
"53021","5","518210","78","0","2018","1","N",1,0,0,0,0,0,0,0,"N",0.16,0,0,0,0,0,0,0,"N",0,0.0,0,0,0,0,0,0,0,0,0,0,0,0,0,0
"53025","5","518210","78","0","2018","1","",9,191,192,192,11882652,7185237,167151,4769,"",1.20,2.36,2.29,2.20,5.73,6.98,11.37,2.51,"",4,80.0,138,260.4,140,269.2,140,269.2,9716768,448.6,5617304,358.3,149646,854.9,1585,49.8
"53027","5","518210","78","0","2018","1","N",1,0,0,0,0,0,0,0,"N",0.18,0,0,0,0,0,0,0,"N",0,0.0,0,0,0,0,0,0,0,0,0,0,0,0,0,0
"53029","5","518210","78","0","2018","1","N",2,0,0,0,0,0,0,0,"N",0.43,0,0,0,0,0,0,0,"N",-2,-50.0,0,0,0,0,0,0,0,0,0,0,0,0,0,0
"53031","5","518210","78","0","2018","1","",3,4,4,4,78166,78166,416,1503,"",1.16,0.21,0.21,0.20,0.18,0.37,0.20,0.88,"",0,0.0,1,33.3,1,33.3,1,33.3,22964,41.6,22964,41.6,-125,-23.1,88,6.2
"53033","5","518210","78","0","2018","1","",415,9592,9622,9575,377525814,273593381,2902060,3026,"",2.02,3.09,3.08,3.06,2.31,3.28,3.32,0.75,"",13,3.2,599,6.7,540,5.9,394,4.3,96529082,34.4,37073199,15.7,407155,16.3,647,27.2
"53035","5","518210","78","0","2018","1","N",13,0,0,0,0,0,0,0,"N",0.84,0,0,0,0,0,0,0,"N",2,18.2,0,0,0,0,0,0,0,0,0,0,0,0,0,0
"53037","5","518210","78","0","2018","1","N",2,0,0,0,0,0,0,0,"N",0.61,0,0,0,0,0,0,0,"N",0,0.0,0,0,0,0,0,0,0,0,0,0,0,0,0,0
"53041","5","518210","78","0","2018","1","",4,9,9,9,82267,82267,703,703,"",0.72,0.15,0.15,0.15,0.06,0.11,0.08,0.38,"N",0,0.0,0,0,0,0,0,0,0,0,0,0,0,0,0,0
"53043","5","518210","78","0","2018","1","N",1,0,0,0,0,0,0,0,"N",0.87,0,0,0,0,0,0,0,"N",0,0.0,0,0,0,0,0,0,0,0,0,0,0,0,0,0
"53045","5","518210","78","0","2018","1","N",2,0,0,0,0,0,0,0,"N",0.62,0,0,0,0,0,0,0,"N",1,100.0,0,0,0,0,0,0,0,0,0,0,0,0,0,0
"53051","5","518210","78","0","2018","1","N",1,0,0,0,0,0,0,0,"N",1.10,0,0,0,0,0,0,0,"N",0,0.0,0,0,0,0,0,0,0,0,0,0,0,0,0,0
"53053","5","518210","78","0","2018","1","",40,162,161,166,4254224,3439559,60230,2008,"",0.77,0.23,0.23,0.24,0.21,0.36,0.55,0.89,"",6,17.6,29,21.8,9,5.9,12,7.8,546079,14.7,513512,17.5,19824,49.1,59,3.0
"53055","5","518210","78","0","2018","1","N",1,0,0,0,0,0,0,0,"N",0.43,0,0,0,0,0,0,0,"N",-2,-66.7,0,0,0,0,0,0,0,0,0,0,0,0,0,0
"53057","5","518210","78","0","2018","1","",6,34,38,36,800812,786703,3097,1711,"",0.64,0.30,0.33,0.31,0.25,0.46,0.15,0.78,"",0,0.0,-6,-15.0,0,0.0,-2,-5.3,-38300,-4.6,78554,11.1,-1766,-36.3,42,2.5
"53059","5","518210","78","0","2018","1","N",1,0,0,0,0,0,0,0,"N",1.60,0,0,0,0,0,0,0,"N",0,0.0,0,0,0,0,0,0,0,0,0,0,0,0,0,0
"53061","5","518210","78","0","2018","1","",49,347,352,349,7102668,6840209,54966,1564,"",0.99,0.54,0.55,0.54,0.29,0.49,0.45,0.54,"",-2,-3.9,-83,-19.3,-75,-17.6,-86,-19.8,89358,1.3,280625,4.3,-4945,-8.3,311,24.8
"53063","5","518210","78","0","2018","1","N",36,0,0,0,0,0,0,0,"N",0.97,0,0,0,0,0,0,0,"N",4,12.5,0,0,0,0,0,0,0,0,0,0,0,0,0,0
"53065","5","518210","78","0","2018","1","N",1,0,0,0,0,0,0,0,"N",0.37,0,0,0,0,0,0,0,"N",0,0.0,0,0,0,0,0,0,0,0,0,0,0,0,0,0
"53067","2","518210","78","0","2018","1","N",1,0,0,0,0,0,0,0,"N",61.47,0,0,0,0,0,0,0,"N",0,0.0,0,0,0,0,0,0,0,0,0,0,0,0,0,0
"53067","5","518210","78","0","2018","1","",32,126,135,152,2812729,1843041,17361,1572,"",1.64,0.49,0.51,0.58,0.37,0.62,0.53,0.70,"",3,10.3,19,17.8,16,13.4,39,34.5,869652,44.8,221736,13.7,2684,18.3,249,18.8
"53071","5","518210","78","0","2018","1","N",3,0,0,0,0,0,0,0,"N",0.62,0,0,0,0,0,0,0,"N",-2,-40.0,0,0,0,0,0,0,0,0,0,0,0,0,0,0
"53073","5","518210","78","0","2018","1","",22,117,116,117,1860331,1818577,12428,1227,"",1.31,0.58,0.57,0.57,0.33,0.61,0.31,0.58,"",0,0.0,10,9.3,4,3.6,3,2.6,246358,15.3,274841,17.8,-6994,-36.0,109,9.7
"53075","5","518210","78","0","2018","1","N",1,0,0,0,0,0,0,0,"N",0.35,0,0,0,0,0,0,0,"N",0,0.0,0,0,0,0,0,0,0,0,0,0,0,0,0,0
"53077","5","518210","78","0","2018","1","N",3,0,0,0,0,0,0,0,"N",0.17,0,0,0,0,0,0,0,"N",0,0.0,0,0,0,0,0,0,0,0,0,0,0,0,0,0
"53999","5","518210","78","0","2018","1","",11,185,185,188,6263381,5580378,90318,2590,"",2.05,5.09,5.00,5.05,2.83,4.08,5.38,0.56,"",-5,-31.2,-40,-17.8,-40,-17.8,-37,-16.4,-1127773,-15.3,-972356,-14.8,-13937,-13.4,63,2.5
"54000","2","518210","58","0","2018","1","N",1,0,0,0,0,0,0,0,"N",10.24,0,0,0,0,0,0,0,"N",0,0.0,0,0,0,0,0,0,0,0,0,0,0,0,0,0
"54000","5","518210","58","0","2018","1","",88,1051,1040,1044,15678831,10764833,380680,1154,"",0.75,0.68,0.67,0.67,0.39,0.72,0.84,0.58,"",4,4.8,83,8.6,184,21.5,197,23.3,1831924,13.2,1586213,17.3,50719,15.4,-42,-3.5
"54003","5","518210","78","0","2018","1","",10,69,67,72,704325,539834,20366,781,"",2.11,0.87,0.87,0.92,0.37,0.81,1.15,0.42,"",3,42.9,-102,-59.6,14,26.4,20,38.5,-195144,-21.7,-279549,-34.1,-9770,-32.4,29,3.9
"54009","5","518210","78","0","2018","1","N",1,0,0,0,0,0,0,0,"N",0.89,0,0,0,0,0,0,0,"N",0,0.0,0,0,0,0,0,0,0,0,0,0,0,0,0,0
"54011","5","518210","78","0","2018","1","N",3,0,0,0,0,0,0,0,"N",0.47,0,0,0,0,0,0,0,"N",-3,-50.0,0,0,0,0,0,0,0,0,0,0,0,0,0,0
"54023","5","518210","78","0","2018","1","N",1,0,0,0,0,0,0,0,"N",1.42,0,0,0,0,0,0,0,"N",0,0.0,0,0,0,0,0,0,0,0,0,0,0,0,0,0
"54025","5","518210","78","0","2018","1","N",1,0,0,0,0,0,0,0,"N",0.38,0,0,0,0,0,0,0,"N",0,0.0,0,0,0,0,0,0,0,0,0,0,0,0,0,0
"54033","5","518210","78","0","2018","1","N",1,0,0,0,0,0,0,0,"N",0.21,0,0,0,0,0,0,0,"N",0,0.0,0,0,0,0,0,0,0,0,0,0,0,0,0,0
"54037","5","518210","78","0","2018","1","N",2,0,0,0,0,0,0,0,"N",0.76,0,0,0,0,0,0,0,"N",1,100.0,0,0,0,0,0,0,0,0,0,0,0,0,0,0
"54039","5","518210","78","0","2018","1","",8,226,225,221,3372240,2352330,75029,1158,"",0.61,1.02,1.01,0.99,0.54,1.09,1.26,0.54,"",0,0.0,48,27.0,48,27.1,38,20.8,627407,22.9,475250,25.3,11544,18.2,-19,-1.6
"54049","5","518210","78","0","2018","1","N",1,0,0,0,0,0,0,0,"N",0.32,0,0,0,0,0,0,0,"N",0,0.0,0,0,0,0,0,0,0,0,0,0,0,0,0,0
"54055","5","518210","78","0","2018","1","N",1,0,0,0,0,0,0,0,"N",0.32,0,0,0,0,0,0,0,"N",0,0.0,0,0,0,0,0,0,0,0,0,0,0,0,0,0
"54057","5","518210","78","0","2018","1","N",2,0,0,0,0,0,0,0,"N",1.61,0,0,0,0,0,0,0,"N",0,0.0,0,0,0,0,0,0,0,0,0,0,0,0,0,0
"54061","2","518210","78","0","2018","1","N",1,0,0,0,0,0,0,0,"N",190.44,0,0,0,0,0,0,0,"N",0,0.0,0,0,0,0,0,0,0,0,0,0,0,0,0,0
"54061","5","518210","78","0","2018","1","N",8,0,0,0,0,0,0,0,"N",1.27,0,0,0,0,0,0,0,"N",2,33.3,0,0,0,0,0,0,0,0,0,0,0,0,0,0
"54071","5","518210","78","0","2018","1","N",1,0,0,0,0,0,0,0,"N",2.30,0,0,0,0,0,0,0,"N",0,0.0,0,0,0,0,0,0,0,0,0,0,0,0,0,0
"54081","5","518210","78","0","2018","1","N",1,0,0,0,0,0,0,0,"N",0.20,0,0,0,0,0,0,0,"N",0,0.0,0,0,0,0,0,0,0,0,0,0,0,0,0,0
"54083","5","518210","78","0","2018","1","N",1,0,0,0,0,0,0,0,"N",0.50,0,0,0,0,0,0,0,"N",0,0.0,0,0,0,0,0,0,0,0,0,0,0,0,0,0
"54091","5","518210","78","0","2018","1","N",2,0,0,0,0,0,0,0,"N",3.06,0,0,0,0,0,0,0,"N",0,0.0,0,0,0,0,0,0,0,0,0,0,0,0,0,0
"54107","5","518210","78","0","2018","1","N",2,0,0,0,0,0,0,0,"N",0.38,0,0,0,0,0,0,0,"N",0,0.0,0,0,0,0,0,0,0,0,0,0,0,0,0,0
"54999","5","518210","78","0","2018","1","",42,76,73,77,1667878,869804,29174,1703,"",2.91,1.38,1.28,1.26,0.78,0.88,0.71,0.60,"",3,7.7,-20,-20.8,-24,-24.7,-15,-16.3,-688005,-29.2,-253843,-22.6,-9443,-24.5,-205,-10.7
"55000","3","518210","58","0","2018","1","N",1,0,0,0,0,0,0,0,"N",0.57,0,0,0,0,0,0,0,"N",0,0.0,0,0,0,0,0,0,0,0,0,0,0,0,0,0
"55000","5","518210","58","0","2018","1","",235,7777,7746,7691,231338742,87283957,1218834,2300,"",0.59,1.21,1.20,1.19,1.25,1.15,0.94,1.04,"",38,19.3,102,1.3,72,0.9,55,0.7,42749639,22.7,4680054,5.7,-177967,-12.7,407,21.5
"55005","5","518210","78","0","2018","1","N",1,0,0,0,0,0,0,0,"N",0.29,0,0,0,0,0,0,0,"N",0,0.0,0,0,0,0,0,0,0,0,0,0,0,0,0,0
"55009","5","518210","78","0","2018","1","N",7,0,0,0,0,0,0,0,"N",0.43,0,0,0,0,0,0,0,"N",0,0.0,0,0,0,0,0,0,0,0,0,0,0,0,0,0
"55011","5","518210","78","0","2018","1","N",1,0,0,0,0,0,0,0,"N",1.15,0,0,0,0,0,0,0,"N",0,0.0,0,0,0,0,0,0,0,0,0,0,0,0,0,0
"55017","5","518210","78","0","2018","1","-",0,0,0,0,0,0,0,0,"N",0.00,0,0,0,0,0,0,0,"N",0,0,0,0,0,0,0,0,0,0,0,0,0,0,0,0
"55025","5","518210","78","0","2018","1","",40,1175,1198,1216,20598134,13208208,262141,1324,"",1.10,1.56,1.58,1.61,0.80,1.48,1.89,0.50,"",3,8.1,79,7.2,85,7.6,104,9.4,1663812,8.8,1161031,9.6,42101,19.1,8,0.6
"55027","5","518210","78","0","2018","1","N",1,0,0,0,0,0,0,0,"N",0.23,0,0,0,0,0,0,0,"N",0,0.0,0,0,0,0,0,0,0,0,0,0,0,0,0,0
"55031","5","518210","78","0","2018","1","N",4,0,0,0,0,0,0,0,"N",1.54,0,0,0,0,0,0,0,"N",1,33.3,0,0,0,0,0,0,0,0,0,0,0,0,0,0
"55033","5","518210","78","0","2018","1","-",0,0,0,0,0,0,0,0,"N",0.00,0,0,0,0,0,0,0,"N",0,0,0,0,0,0,0,0,0,0,0,0,0,0,0,0
"55035","5","518210","78","0","2018","1","N",2,0,0,0,0,0,0,0,"N",0.31,0,0,0,0,0,0,0,"N",1,100.0,0,0,0,0,0,0,0,0,0,0,0,0,0,0
"55039","5","518210","78","0","2018","1","N",1,0,0,0,0,0,0,0,"N",0.18,0,0,0,0,0,0,0,"N",0,0.0,0,0,0,0,0,0,0,0,0,0,0,0,0,0
"55045","5","518210","78","0","2018","1","N",1,0,0,0,0,0,0,0,"N",0.43,0,0,0,0,0,0,0,"N",-1,-50.0,0,0,0,0,0,0,0,0,0,0,0,0,0,0
"55055","5","518210","78","0","2018","1","N",1,0,0,0,0,0,0,0,"N",0.21,0,0,0,0,0,0,0,"N",0,0.0,0,0,0,0,0,0,0,0,0,0,0,0,0,0
"55059","5","518210","78","0","2018","1","N",3,0,0,0,0,0,0,0,"N",0.38,0,0,0,0,0,0,0,"N",1,50.0,0,0,0,0,0,0,0,0,0,0,0,0,0,0
"55063","5","518210","78","0","2018","1","",6,132,98,84,1441585,1122268,26941,1059,"",0.84,0.84,0.62,0.53,0.36,0.73,0.98,0.54,"",0,0.0,-30,-18.5,-69,-41.3,-75,-47.2,-593235,-29.2,-425986,-27.5,-10318,-27.7,97,10.1
"55073","3","518210","78","0","2018","1","N",1,0,0,0,0,0,0,0,"N",28.18,0,0,0,0,0,0,0,"N",0,0.0,0,0,0,0,0,0,0,0,0,0,0,0,0,0
"55073","5","518210","78","0","2018","1","N",1,0,0,0,0,0,0,0,"N",0.12,0,0,0,0,0,0,0,"N",0,0.0,0,0,0,0,0,0,0,0,0,0,0,0,0,0
"55079","5","518210","78","0","2018","1","",25,2142,2155,2159,57472615,28778555,311603,2054,"",0.41,1.95,1.94,1.95,1.60,2.37,1.53,0.82,"",1,4.2,-140,-6.1,-137,-6.0,-137,-6.0,5363642,10.3,760970,2.7,-105980,-25.4,304,17.4
"55085","5","518210","78","0","2018","1","-",0,0,0,0,0,0,0,0,"N",0.00,0,0,0,0,0,0,0,"N",0,0,0,0,0,0,0,0,0,0,0,0,0,0,0,0
"55087","5","518210","78","0","2018","1","N",3,0,0,0,0,0,0,0,"N",0.24,0,0,0,0,0,0,0,"N",1,50.0,0,0,0,0,0,0,0,0,0,0,0,0,0,0
"55089","5","518210","78","0","2018","1","N",4,0,0,0,0,0,0,0,"N",0.60,0,0,0,0,0,0,0,"N",0,0.0,0,0,0,0,0,0,0,0,0,0,0,0,0,0
"55099","5","518210","78","0","2018","1","N",1,0,0,0,0,0,0,0,"N",0.91,0,0,0,0,0,0,0,"N",0,0.0,0,0,0,0,0,0,0,0,0,0,0,0,0,0
"55101","5","518210","78","0","2018","1","N",2,0,0,0,0,0,0,0,"N",0.20,0,0,0,0,0,0,0,"N",0,0.0,0,0,0,0,0,0,0,0,0,0,0,0,0,0
"55105","5","518210","78","0","2018","1","N",5,0,0,0,0,0,0,0,"N",0.63,0,0,0,0,0,0,0,"N",0,0.0,0,0,0,0,0,0,0,0,0,0,0,0,0,0
"55109","5","518210","78","0","2018","1","N",2,0,0,0,0,0,0,0,"N",0.36,0,0,0,0,0,0,0,"N",0,0.0,0,0,0,0,0,0,0,0,0,0,0,0,0,0
"55115","5","518210","78","0","2018","1","N",1,0,0,0,0,0,0,0,"N",0.42,0,0,0,0,0,0,0,"N",0,0.0,0,0,0,0,0,0,0,0,0,0,0,0,0,0
"55123","5","518210","78","0","2018","1","N",1,0,0,0,0,0,0,0,"N",0.61,0,0,0,0,0,0,0,"N",0,0.0,0,0,0,0,0,0,0,0,0,0,0,0,0,0
"55127","5","518210","78","0","2018","1","N",3,0,0,0,0,0,0,0,"N",0.45,0,0,0,0,0,0,0,"N",1,50.0,0,0,0,0,0,0,0,0,0,0,0,0,0,0
"55131","5","518210","78","0","2018","1","N",1,0,0,0,0,0,0,0,"N",0.13,0,0,0,0,0,0,0,"N",1,100.0,0,0,0,0,0,0,0,0,0,0,0,0,0,0
"55133","5","518210","78","0","2018","1","",29,1961,1955,1962,121345763,26794801,271135,4764,"",0.96,3.60,3.59,3.59,6.54,3.42,1.93,1.82,"",-5,-14.7,8,0.4,14,0.7,14,0.7,30460463,33.5,581215,2.2,-117512,-30.2,1174,32.7
"55135","5","518210","78","0","2018","1","N",2,0,0,0,0,0,0,0,"N",0.66,0,0,0,0,0,0,0,"N",1,100.0,0,0,0,0,0,0,0,0,0,0,0,0,0,0
"55139","5","518210","78","0","2018","1","",4,14,14,14,417677,178903,1673,2295,"",0.46,0.07,0.07,0.07,0.07,0.06,0.04,1.00,"N",0,0.0,0,0,0,0,0,0,0,0,0,0,0,0,0,0
"55141","5","518210","78","0","2018","1","N",1,0,0,0,0,0,0,0,"N",0.22,0,0,0,0,0,0,0,"N",0,0.0,0,0,0,0,0,0,0,0,0,0,0,0,0,0
"55999","5","518210","78","0","2018","1","",82,252,254,249,6662400,3038655,66990,2036,"",2.29,1.99,1.98,1.93,1.20,1.31,1.41,0.61,"",37,82.2,152,152.0,149,141.9,143,134.9,3975008,147.9,1756545,137.0,37850,129.9,42,2.1
"56000","5","518210","58","0","2018","1","",37,201,201,200,3263583,2686474,22847,1251,"",0.61,0.34,0.34,0.33,0.20,0.33,0.17,0.60,"",3,8.8,5,2.6,4,2.0,-2,-1.0,364160,12.6,81132,3.1,-1341,-5.5,126,11.2
"56001","5","518210","78","0","2018","1","",3,3,5,5,52161,52161,206,926,"",1.02,0.09,0.14,0.14,0.07,0.18,0.08,0.53,"",0,0.0,-2,-40.0,0,0.0,0,0.0,3333,6.8,3333,6.8,-20,-8.8,175,23.3
"56003","5","518210","78","0","2018","1","N",1,0,0,0,0,0,0,0,"N",0.95,0,0,0,0,0,0,0,"N",1,100.0,0,0,0,0,0,0,0,0,0,0,0,0,0,0
"56005","5","518210","78","0","2018","1","N",2,0,0,0,0,0,0,0,"N",0.48,0,0,0,0,0,0,0,"N",1,100.0,0,0,0,0,0,0,0,0,0,0,0,0,0,0
"56009","5","518210","78","0","2018","1","N",1,0,0,0,0,0,0,0,"N",0.78,0,0,0,0,0,0,0,"N",1,100.0,0,0,0,0,0,0,0,0,0,0,0,0,0,0
"56013","5","518210","78","0","2018","1","N",1,0,0,0,0,0,0,0,"N",0.25,0,0,0,0,0,0,0,"N",-1,-50.0,0,0,0,0,0,0,0,0,0,0,0,0,0,0
"56015","5","518210","78","0","2018","1","N",1,0,0,0,0,0,0,0,"N",1.00,0,0,0,0,0,0,0,"N",1,100.0,0,0,0,0,0,0,0,0,0,0,0,0,0,0
"56019","5","518210","78","0","2018","1","N",1,0,0,0,0,0,0,0,"N",0.90,0,0,0,0,0,0,0,"N",1,100.0,0,0,0,0,0,0,0,0,0,0,0,0,0,0
"56021","5","518210","78","0","2018","1","",12,171,168,168,2509834,2241957,18516,1142,"",1.44,1.68,1.64,1.64,0.93,1.95,1.31,0.56,"",-1,-7.7,8,4.9,5,3.1,1,0.6,261174,11.6,137718,6.5,-889,-4.6,89,8.5
"56023","5","518210","78","0","2018","1","N",1,0,0,0,0,0,0,0,"N",0.50,0,0,0,0,0,0,0,"N",0,0.0,0,0,0,0,0,0,0,0,0,0,0,0,0,0
"56025","5","518210","78","0","2018","1","N",1,0,0,0,0,0,0,0,"N",0.12,0,0,0,0,0,0,0,"N",-1,-50.0,0,0,0,0,0,0,0,0,0,0,0,0,0,0
"56029","5","518210","78","0","2018","1","N",3,0,0,0,0,0,0,0,"N",0.85,0,0,0,0,0,0,0,"N",1,50.0,0,0,0,0,0,0,0,0,0,0,0,0,0,0
"56033","5","518210","78","0","2018","1","",4,15,15,15,310527,197183,2063,1592,"",1.22,0.52,0.51,0.51,0.46,0.64,0.48,0.89,"N",1,33.3,0,0,0,0,0,0,0,0,0,0,0,0,0,0
"56037","5","518210","78","0","2018","1","N",1,0,0,0,0,0,0,0,"N",0.27,0,0,0,0,0,0,0,"N",0,0.0,0,0,0,0,0,0,0,0,0,0,0,0,0,0
"56039","5","518210","78","0","2018","1","N",5,0,0,0,0,0,0,0,"N",0.91,0,0,0,0,0,0,0,"N",2,66.7,0,0,0,0,0,0,0,0,0,0,0,0,0,0
"72000","5","518210","58","0","2018","1","",40,2197,2189,2258,25308209,13411913,354434,879,"",0.39,1.14,1.13,1.16,0.78,1.16,0.95,0.68,"",4,11.1,-207,-8.6,-197,-8.3,-113,-4.8,-1364064,-5.1,-738548,-5.2,-46249,-11.5,19,2.2
"72013","5","518210","78","0","2018","1","N",1,0,0,0,0,0,0,0,"N",0.43,0,0,0,0,0,0,0,"N",0,0.0,0,0,0,0,0,0,0,0,0,0,0,0,0,0
"72021","5","518210","78","0","2018","1","",3,20,20,22,134120,96548,3186,499,"",0.46,0.17,0.17,0.18,0.08,0.13,0.14,0.45,"N",1,50.0,0,0,0,0,0,0,0,0,0,0,0,0,0,0
"72025","5","518210","78","0","2018","1","N",1,0,0,0,0,0,0,0,"N",0.20,0,0,0,0,0,0,0,"N",0,0.0,0,0,0,0,0,0,0,0,0,0,0,0,0,0
"72031","5","518210","78","0","2018","1","N",1,0,0,0,0,0,0,0,"N",0.23,0,0,0,0,0,0,0,"N",1,100.0,0,0,0,0,0,0,0,0,0,0,0,0,0,0
"72051","5","518210","78","0","2018","1","N",2,0,0,0,0,0,0,0,"N",1.68,0,0,0,0,0,0,0,"N",0,0.0,0,0,0,0,0,0,0,0,0,0,0,0,0,0
"72061","5","518210","78","0","2018","1","N",4,0,0,0,0,0,0,0,"N",0.72,0,0,0,0,0,0,0,"N",1,33.3,0,0,0,0,0,0,0,0,0,0,0,0,0,0
"72077","5","518210","78","0","2018","1","N",1,0,0,0,0,0,0,0,"N",1.78,0,0,0,0,0,0,0,"N",0,0.0,0,0,0,0,0,0,0,0,0,0,0,0,0,0
"72113","5","518210","78","0","2018","1","N",1,0,0,0,0,0,0,0,"N",0.20,0,0,0,0,0,0,0,"N",0,0.0,0,0,0,0,0,0,0,0,0,0,0,0,0,0
"72119","5","518210","78","0","2018","1","N",1,0,0,0,0,0,0,0,"N",1.41,0,0,0,0,0,0,0,"N",1,100.0,0,0,0,0,0,0,0,0,0,0,0,0,0,0
"72127","5","518210","78","0","2018","1","",19,1664,1664,1699,22530836,10875023,255660,1034,"",0.79,3.05,3.01,3.08,1.97,3.22,2.43,0.65,"",0,0.0,-89,-5.1,-98,-5.6,-70,-4.0,-783173,-3.4,-169102,-1.5,-22968,-8.2,16,1.6
"72131","5","518210","78","0","2018","1","N",1,0,0,0,0,0,0,0,"N",0.80,0,0,0,0,0,0,0,"N",0,0.0,0,0,0,0,0,0,0,0,0,0,0,0,0,0
"72999","5","518210","78","0","2018","1","",5,23,23,29,167751,119508,3947,516,"",8.46,5.08,4.74,5.81,1.13,3.78,3.61,0.22,"",0,0.0,-21,-47.7,-20,-46.5,-12,-29.3,-118162,-41.3,-105616,-46.9,-4642,-54.0,1,0.2
"78000","5","518210","58","0","2018","1","N",3,0,0,0,0,0,0,0,"N",0.38,0,0,0,0,0,0,0,"N",-2,-40.0,0,0,0,0,0,0,0,0,0,0,0,0,0,0
"78010","5","518210","78","0","2018","1","N",1,0,0,0,0,0,0,0,"N",0.35,0,0,0,0,0,0,0,"N",0,0.0,0,0,0,0,0,0,0,0,0,0,0,0,0,0
"78030","5","518210","78","0","2018","1","N",2,0,0,0,0,0,0,0,"N",0.47,0,0,0,0,0,0,0,"N",-2,-50.0,0,0,0,0,0,0,0,0,0,0,0,0,0,0
"C1018","5","518210","48","0","2018","1","",4,63,63,65,1171015,578179,14987,1415,"",0.41,0.42,0.41,0.42,0.33,0.46,0.61,0.79,"",0,0.0,-5,-7.4,-2,-3.1,0,0.0,-32068,-2.7,-1575,-0.3,9230,160.3,13,0.9
"C1038","5","518210","48","0","2018","1","N",1,0,0,0,0,0,0,0,"N",0.12,0,0,0,0,0,0,0,"N",0,0.0,0,0,0,0,0,0,0,0,0,0,0,0,0,0
"C1042","5","518210","48","0","2018","1","N",39,0,0,0,0,0,0,0,"N",0.96,0,0,0,0,0,0,0,"N",3,8.3,0,0,0,0,0,0,0,0,0,0,0,0,0,0
"C1050","5","518210","48","0","2018","1","N",4,0,0,0,0,0,0,0,"N",0.53,0,0,0,0,0,0,0,"N",-1,-20.0,0,0,0,0,0,0,0,0,0,0,0,0,0,0
"C1054","5","518210","48","0","2018","1","N",1,0,0,0,0,0,0,0,"N",0.12,0,0,0,0,0,0,0,"N",0,0.0,0,0,0,0,0,0,0,0,0,0,0,0,0,0
"C1058","5","518210","48","0","2018","1","N",45,0,0,0,0,0,0,0,"N",0.83,0,0,0,0,0,0,0,"N",5,12.5,0,0,0,0,0,0,0,0,0,0,0,0,0,0
"C1074","5","518210","48","0","2018","1","",35,263,268,268,5214650,4198550,41298,1506,"",0.67,0.31,0.31,0.31,0.23,0.38,0.46,0.74,"N",2,6.1,0,0,0,0,0,0,0,0,0,0,0,0,0,0
"C1078","5","518210","48","0","2018","1","N",4,0,0,0,0,0,0,0,"N",0.45,0,0,0,0,0,0,0,"N",1,33.3,0,0,0,0,0,0,0,0,0,0,0,0,0,0
"C1090","5","518210","48","0","2018","1","",46,960,972,985,17670502,8705197,337098,1398,"",1.03,1.20,1.21,1.23,0.74,1.07,0.84,0.61,"",4,9.5,-61,-6.0,-86,-8.1,-45,-4.4,-2188120,-11.0,-1688010,-16.2,-138519,-29.1,-76,-5.2
"C1102","5","518210","48","0","2018","1","N",1,0,0,0,0,0,0,0,"N",0.13,0,0,0,0,0,0,0,"N",0,0.0,0,0,0,0,0,0,0,0,0,0,0,0,0,0
"C1110","5","518210","48","0","2018","1","N",8,0,0,0,0,0,0,0,"N",0.51,0,0,0,0,0,0,0,"N",0,0.0,0,0,0,0,0,0,0,0,0,0,0,0,0,0
"C1118","5","518210","48","0","2018","1","N",9,0,0,0,0,0,0,0,"N",1.50,0,0,0,0,0,0,0,"N",1,12.5,0,0,0,0,0,0,0,0,0,0,0,0,0,0
"C1126","5","518210","48","0","2018","1","N",21,0,0,0,0,0,0,0,"N",0.89,0,0,0,0,0,0,0,"N",2,10.5,0,0,0,0,0,0,0,0,0,0,0,0,0,0
"C1146","5","518210","48","0","2018","1","",50,1008,1025,1007,28791229,8996059,255124,2186,"",2.65,2.12,2.11,2.07,1.77,2.79,2.59,0.85,"",3,6.4,54,5.7,54,5.6,31,3.2,4656600,19.3,411528,4.8,-16400,-6.0,266,13.9
"C1150","5","518210","48","0","2018","1","N",2,0,0,0,0,0,0,0,"N",0.34,0,0,0,0,0,0,0,"N",0,0.0,0,0,0,0,0,0,0,0,0,0,0,0,0,0
"C1154","5","518210","48","0","2018","1","N",3,0,0,0,0,0,0,0,"N",0.21,0,0,0,0,0,0,0,"N",0,0.0,0,0,0,0,0,0,0,0,0,0,0,0,0,0
"C1164","5","518210","48","0","2018","1","N",1,0,0,0,0,0,0,0,"N",0.21,0,0,0,0,0,0,0,"N",0,0.0,0,0,0,0,0,0,0,0,0,0,0,0,0,0
"C1170","5","518210","48","0","2018","1","N",20,0,0,0,0,0,0,0,"N",0.60,0,0,0,0,0,0,0,"N",0,0.0,0,0,0,0,0,0,0,0,0,0,0,0,0,0
"C1202","5","518210","48","0","2018","1","N",3,0,0,0,0,0,0,0,"N",0.27,0,0,0,0,0,0,0,"N",0,0.0,0,0,0,0,0,0,0,0,0,0,0,0,0,0
"C1206","5","518210","48","0","2018","1","",442,10446,10447,10429,354813165,99174190,1512435,2614,"",1.25,1.78,1.77,1.76,1.62,1.52,1.59,0.91,"",44,11.1,818,8.5,960,10.1,852,8.9,45958976,14.9,3295278,3.4,-84679,-5.3,130,5.2
"C1210","5","518210","48","0","2018","1","N",5,0,0,0,0,0,0,0,"N",0.34,0,0,0,0,0,0,0,"N",2,66.7,0,0,0,0,0,0,0,0,0,0,0,0,0,0
"C1222","5","518210","48","0","2018","1","N",5,0,0,0,0,0,0,0,"N",0.69,0,0,0,0,0,0,0,"N",2,66.7,0,0,0,0,0,0,0,0,0,0,0,0,0,0
"C1226","5","518210","48","0","2018","1","",15,81,84,84,1714801,727984,8776,1589,"",0.59,0.16,0.16,0.16,0.12,0.14,0.10,0.76,"",5,50.0,-24,-22.9,-18,-17.6,-17,-16.8,-176033,-9.3,14195,2.0,-4453,-33.7,172,12.1
"C1242","5","518210","48","0","2018","1","",186,5387,5449,5499,185321986,50771450,1242952,2618,"",1.36,2.38,2.38,2.40,2.22,2.13,2.49,0.93,"N",7,3.9,0,0,0,0,0,0,0,0,0,0,0,0,0,0
"C1254","5","518210","48","0","2018","1","N",5,0,0,0,0,0,0,0,"N",0.11,0,0,0,0,0,0,0,"N",2,66.7,0,0,0,0,0,0,0,0,0,0,0,0,0,0
"C1258","5","518210","48","0","2018","1","",112,1108,1123,1147,31961100,9101198,208246,2183,"",0.67,0.37,0.37,0.38,0.31,0.34,0.35,0.82,"",3,2.8,-340,-23.5,-281,-20.0,-231,-16.8,-5084202,-13.7,-2597488,-22.2,-122908,-37.1,162,8.0
"C1270","5","518210","48","0","2018","1","N",5,0,0,0,0,0,0,0,"N",0.23,0,0,0,0,0,0,0,"N",0,0.0,0,0,0,0,0,0,0,0,0,0,0,0,0,0
"C1294","5","518210","48","0","2018","1","",68,766,758,755,15227221,2558330,38523,1542,"",1.27,0.89,0.87,0.85,0.57,0.33,0.29,0.66,"",11,19.3,60,8.5,44,6.2,38,5.3,1043258,7.4,-2649995,-50.9,-54623,-58.6,10,0.7
"C1298","5","518210","48","0","2018","1","N",2,0,0,0,0,0,0,0,"N",0.39,0,0,0,0,0,0,0,"N",1,100.0,0,0,0,0,0,0,0,0,0,0,0,0,0,0
"C1302","5","518210","48","0","2018","1","N",3,0,0,0,0,0,0,0,"N",0.63,0,0,0,0,0,0,0,"N",0,0.0,0,0,0,0,0,0,0,0,0,0,0,0,0,0
"C1314","5","518210","48","0","2018","1","N",5,0,0,0,0,0,0,0,"N",0.26,0,0,0,0,0,0,0,"N",-1,-16.7,0,0,0,0,0,0,0,0,0,0,0,0,0,0
"C1322","5","518210","48","0","2018","1","N",1,0,0,0,0,0,0,0,"N",0.14,0,0,0,0,0,0,0,"N",0,0.0,0,0,0,0,0,0,0,0,0,0,0,0,0,0
"C1338","5","518210","48","0","2018","1","",22,117,116,117,1860331,1818577,12428,1227,"",1.31,0.58,0.57,0.57,0.33,0.61,0.31,0.58,"",0,0.0,10,9.3,4,3.6,3,2.6,246358,15.3,274841,17.8,-6994,-36.0,109,9.7
"C1346","5","518210","48","0","2018","1","",18,38,36,34,702561,668845,15964,1501,"",0.92,0.21,0.20,0.18,0.15,0.26,0.31,0.76,"",1,5.9,10,35.7,6,20.0,4,13.3,196316,38.8,191602,40.1,6387,66.7,173,13.0
"C1374","5","518210","48","0","2018","1","N",10,0,0,0,0,0,0,0,"N",0.61,0,0,0,0,0,0,0,"N",-1,-9.1,0,0,0,0,0,0,0,0,0,0,0,0,0,0
"C1378","5","518210","48","0","2018","1","N",5,0,0,0,0,0,0,0,"N",0.41,0,0,0,0,0,0,0,"N",1,25.0,0,0,0,0,0,0,0,0,0,0,0,0,0,0
"C1382","5","518210","48","0","2018","1","N",61,0,0,0,0,0,0,0,"N",0.91,0,0,0,0,0,0,0,"N",14,29.8,0,0,0,0,0,0,0,0,0,0,0,0,0,0
"C1390","5","518210","48","0","2018","1","N",5,0,0,0,0,0,0,0,"N",0.44,0,0,0,0,0,0,0,"N",-1,-16.7,0,0,0,0,0,0,0,0,0,0,0,0,0,0
"C1398","5","518210","48","0","2018","1","N",7,0,0,0,0,0,0,0,"N",0.70,0,0,0,0,0,0,0,"N",1,16.7,0,0,0,0,0,0,0,0,0,0,0,0,0,0
"C1401","5","518210","48","0","2018","1","N",6,0,0,0,0,0,0,0,"N",0.69,0,0,0,0,0,0,0,"N",1,20.0,0,0,0,0,0,0,0,0,0,0,0,0,0,0
"C1402","5","518210","48","0","2018","1","N",3,0,0,0,0,0,0,0,"N",0.39,0,0,0,0,0,0,0,"N",-2,-40.0,0,0,0,0,0,0,0,0,0,0,0,0,0,0
"C1426","5","518210","48","0","2018","1","",59,280,285,280,5400409,4205447,35095,1475,"",1.17,0.40,0.40,0.39,0.29,0.41,0.45,0.73,"",12,25.5,14,5.3,13,4.8,12,4.5,552033,11.4,-244846,-5.5,-11861,-25.3,87,6.3
"C1446","5","518210","48","0","2018","1","N",387,0,0,0,0,0,0,0,"N",1.01,0,0,0,0,0,0,0,"N",50,14.8,0,0,0,0,0,0,0,0,0,0,0,0,0,0
"C1450","5","518210","48","0","2018","1","",146,867,887,899,20980736,10524532,219744,1825,"",4.10,2.13,2.15,2.18,1.31,2.03,2.55,0.61,"",26,21.7,2,0.2,12,1.4,31,3.6,-354602,-1.7,255600,2.5,-42216,-16.1,-63,-3.3
"C1454","5","518210","48","0","2018","1","",5,35,34,34,492131,267524,4938,1103,"",0.48,0.22,0.20,0.20,0.13,0.16,0.14,0.60,"",1,25.0,23,191.7,22,183.3,22,183.3,367453,294.7,179315,203.3,1115,29.2,304,38.0
"C1474","5","518210","48","0","2018","1","N",13,0,0,0,0,0,0,0,"N",0.84,0,0,0,0,0,0,0,"N",2,18.2,0,0,0,0,0,0,0,0,0,0,0,0,0,0
"C1486","5","518210","48","0","2018","1","",74,343,336,327,10519952,4503470,183946,2413,"",0.90,0.36,0.36,0.35,0.19,0.32,0.37,0.53,"",19,34.5,10,3.0,0,0.0,3,0.9,-26284,-0.2,284800,6.8,9673,5.6,-38,-1.6
"C1518","5","518210","48","0","2018","1","N",2,0,0,0,0,0,0,0,"N",0.13,0,0,0,0,0,0,0,"N",1,100.0,0,0,0,0,0,0,0,0,0,0,0,0,0,0
"C1526","5","518210","48","0","2018","1","N",2,0,0,0,0,0,0,0,"N",0.28,0,0,0,0,0,0,0,"N",1,100.0,0,0,0,0,0,0,0,0,0,0,0,0,0,0
"C1538","5","518210","48","0","2018","1","N",34,0,0,0,0,0,0,0,"N",0.51,0,0,0,0,0,0,0,"N",2,6.2,0,0,0,0,0,0,0,0,0,0,0,0,0,0
"C1550","5","518210","48","0","2018","1","N",4,0,0,0,0,0,0,0,"N",0.50,0,0,0,0,0,0,0,"N",-1,-20.0,0,0,0,0,0,0,0,0,0,0,0,0,0,0
"C1554","5","518210","48","0","2018","1","",16,144,154,156,2552514,2072838,77837,1297,"",0.83,0.53,0.56,0.58,0.31,0.62,0.72,0.55,"",1,6.7,12,9.1,21,15.8,24,18.2,497617,24.2,455772,28.2,5577,7.7,103,8.6
"C1568","5","518210","48","0","2018","1","-",0,0,0,0,0,0,0,0,"N",0.00,0,0,0,0,0,0,0,"N",0,0,0,0,0,0,0,0,0,0,0,0,0,0,0,0
"C1594","5","518210","48","0","2018","1","",9,37,40,40,930604,326033,10584,1836,"",0.43,0.10,0.11,0.11,0.10,0.10,0.12,0.99,"",-3,-25.0,-7,-15.9,-4,-9.1,-4,-9.1,60323,6.9,-7603,-2.3,86,0.8,315,20.7
"C1598","5","518210","48","0","2018","1","",38,164,187,184,4715128,1349761,16815,2034,"",0.75,0.28,0.31,0.30,0.31,0.27,0.46,1.03,"",6,18.8,3,1.9,16,9.4,17,10.2,752307,19.0,176939,15.1,-3242,-16.2,201,11.0
"C1602","5","518210","48","0","2018","1","N",2,0,0,0,0,0,0,0,"N",0.29,0,0,0,0,0,0,0,"N",1,100.0,0,0,0,0,0,0,0,0,0,0,0,0,0,0
"C1606","5","518210","48","0","2018","1","N",3,0,0,0,0,0,0,0,"N",0.51,0,0,0,0,0,0,0,"N",1,50.0,0,0,0,0,0,0,0,0,0,0,0,0,0,0
"C1618","5","518210","48","0","2018","1","",7,23,23,25,310054,298899,5980,1008,"",1.48,0.34,0.34,0.37,0.16,0.41,0.36,0.47,"",1,16.7,-1,-4.2,0,0.0,1,4.2,-132728,-30.0,-75904,-20.3,-1193,-16.6,-431,-30.0
"C1622","5","518210","48","0","2018","1","N",1,0,0,0,0,0,0,0,"N",0.12,0,0,0,0,0,0,0,"N",-1,-50.0,0,0,0,0,0,0,0,0,0,0,0,0,0,0
"C1630","5","518210","48","0","2018","1","N",24,0,0,0,0,0,0,0,"N",1.28,0,0,0,0,0,0,0,"N",-2,-7.7,0,0,0,0,0,0,0,0,0,0,0,0,0,0
"C1654","5","518210","48","0","2018","1","N",5,0,0,0,0,0,0,0,"N",0.66,0,0,0,0,0,0,0,"N",0,0.0,0,0,0,0,0,0,0,0,0,0,0,0,0,0
"C1658","5","518210","48","0","2018","1","N",15,0,0,0,0,0,0,0,"N",1.37,0,0,0,0,0,0,0,"N",-2,-11.8,0,0,0,0,0,0,0,0,0,0,0,0,0,0
"C1662","5","518210","48","0","2018","1","",8,226,225,221,3372240,2352330,75029,1158,"",0.55,0.96,0.95,0.93,0.52,1.03,1.18,0.55,"",0,0.0,48,27.0,48,27.1,38,20.8,627407,22.9,475250,25.3,11544,18.2,-19,-1.6
"C1670","5","518210","48","0","2018","1","",60,525,530,534,7965817,5321238,58520,1157,"",1.27,0.69,0.69,0.69,0.36,0.59,0.52,0.53,"",9,17.6,14,2.7,16,3.1,10,1.9,869167,12.2,228834,4.5,-10014,-14.6,100,9.5
"C1674","5","518210","48","0","2018","1","",196,8325,8383,8472,330747257,141172501,382526,3031,"",1.21,3.15,3.15,3.17,3.36,3.19,1.22,1.07,"",17,9.5,399,5.0,431,5.4,413,5.1,27775742,9.2,8177782,6.1,-757263,-66.4,110,3.8
"C1682","5","518210","48","0","2018","1","",11,104,104,96,3025262,845726,15024,2297,"",0.57,0.42,0.41,0.38,0.39,0.48,0.81,0.96,"",0,0.0,-11,-9.6,-12,-10.3,-21,-17.9,140816,4.9,214376,34.0,2528,20.2,384,20.1
"C1686","5","518210","48","0","2018","1","",32,355,352,392,7958588,2269503,29992,1671,"",1.12,0.64,0.63,0.70,0.53,0.48,0.52,0.80,"",9,39.1,-8,-2.2,-8,-2.2,34,9.5,1603801,25.2,-273724,-10.8,1185,4.1,314,23.1
"C1694","5","518210","48","0","2018","1","",12,171,168,168,2509834,2241957,18516,1142,"",1.44,1.68,1.64,1.64,0.93,1.95,1.31,0.56,"",-1,-7.7,8,4.9,5,3.1,1,0.6,261174,11.6,137718,6.5,-889,-4.6,89,8.5
"C1698","5","518210","48","0","2018","1","",408,8444,8588,8604,318097592,105385374,2863275,2863,"",0.71,0.84,0.85,0.85,0.80,0.83,0.84,0.95,"",19,4.9,534,6.8,605,7.6,532,6.6,38041978,13.6,9009962,9.3,152983,5.6,166,6.2
"C1702","5","518210","48","0","2018","1","N",6,0,0,0,0,0,0,0,"N",0.31,0,0,0,0,0,0,0,"N",1,20.0,0,0,0,0,0,0,0,0,0,0,0,0,0,0
"C1714","5","518210","48","0","2018","1","",104,818,847,876,17275293,7430313,188481,1569,"",0.83,0.35,0.36,0.37,0.23,0.30,0.34,0.63,"",16,18.2,103,14.4,130,18.1,150,20.7,861187,5.2,1306491,21.3,-88930,-32.1,-186,-10.6
"C1730","5","518210","48","0","2018","1","",14,15,15,15,373137,124263,2986,1914,"",1.19,0.08,0.08,0.07,0.08,0.08,0.10,1.12,"N",5,55.6,0,0,0,0,0,0,0,0,0,0,0,0,0,0
"C1742","5","518210","48","0","2018","1","N",1,0,0,0,0,0,0,0,"N",0.20,0,0,0,0,0,0,0,"N",0,0.0,0,0,0,0,0,0,0,0,0,0,0,0,0,0
"C1746","5","518210","48","0","2018","1","N",114,0,0,0,0,0,0,0,"N",0.89,0,0,0,0,0,0,0,"N",24,26.7,0,0,0,0,0,0,0,0,0,0,0,0,0,0
"C1766","5","518210","48","0","2018","1","N",11,0,0,0,0,0,0,0,"N",0.90,0,0,0,0,0,0,0,"N",2,22.2,0,0,0,0,0,0,0,0,0,0,0,0,0,0
"C1778","5","518210","48","0","2018","1","",6,71,66,66,770390,496558,4907,876,"",0.48,0.28,0.25,0.25,0.12,0.29,0.16,0.47,"N",-1,-14.3,0,0,0,0,0,0,0,0,0,0,0,0,0,0
"C1782","5","518210","48","0","2018","1","N",86,0,0,0,0,0,0,0,"N",1.78,0,0,0,0,0,0,0,"N",18,26.5,0,0,0,0,0,0,0,0,0,0,0,0,0,0
"C1786","5","518210","48","0","2018","1","",4,7,7,9,46275,36529,887,464,"",0.37,0.03,0.03,0.04,0.01,0.02,0.05,0.24,"",-2,-33.3,-4,-36.4,-4,-36.4,-2,-18.2,-59018,-56.1,-48659,-57.1,-307,-25.7,-272,-37.0
"C1790","5","518210","48","0","2018","1","",56,1233,1242,1220,19950160,13708873,495368,1246,"",1.30,1.46,1.46,1.44,0.89,1.53,3.87,0.61,"N",6,12.0,0,0,0,0,0,0,0,0,0,0,0,0,0,0
"C1798","5","518210","48","0","2018","1","N",8,0,0,0,0,0,0,0,"N",0.57,0,0,0,0,0,0,0,"N",1,14.3,0,0,0,0,0,0,0,0,0,0,0,0,0,0
"C1814","5","518210","48","0","2018","1","",123,2777,2780,2788,65996993,24628388,564586,1825,"",1.10,1.21,1.20,1.21,0.88,1.08,1.16,0.73,"",18,17.1,331,13.5,321,13.1,288,11.5,12732400,23.9,3385996,15.9,12382,2.2,165,9.9
"C1858","5","518210","48","0","2018","1","",5,44,48,46,553104,304682,4826,925,"",0.22,0.10,0.11,0.11,0.05,0.08,0.04,0.44,"N",1,25.0,0,0,0,0,0,0,0,0,0,0,0,0,0,0
"C1870","5","518210","48","0","2018","1","N",8,0,0,0,0,0,0,0,"N",1.28,0,0,0,0,0,0,0,"N",1,14.3,0,0,0,0,0,0,0,0,0,0,0,0,0,0
"C1888","5","518210","48","0","2018","1","",21,137,140,150,2103007,891473,9354,1137,"",1.00,0.57,0.57,0.59,0.35,0.47,0.66,0.61,"",4,23.5,49,55.7,54,62.8,68,82.9,956654,83.5,368387,70.4,4574,95.7,104,10.1
"C1906","5","518210","48","0","2018","1","N",2,0,0,0,0,0,0,0,"N",0.41,0,0,0,0,0,0,0,"N",0,0.0,0,0,0,0,0,0,0,0,0,0,0,0,0,0
"C1910","5","518210","48","0","2018","1","",416,13913,14049,13942,425102564,129485650,5427607,2341,"",1.00,1.77,1.77,1.75,1.42,1.47,2.68,0.81,"",18,4.5,-167,-1.2,-6,0.0,-53,-0.4,6664537,1.6,-1483037,-1.1,-814216,-13.0,49,2.1
"C1918","5","518210","48","0","2018","1","N",1,0,0,0,0,0,0,0,"N",0.32,0,0,0,0,0,0,0,"N",0,0.0,0,0,0,0,0,0,0,0,0,0,0,0,0,0
"C1930","5","518210","48","0","2018","1","",14,53,55,58,742882,400058,9693,1033,"",0.98,0.34,0.34,0.35,0.23,0.29,0.59,0.66,"N",3,27.3,0,0,0,0,0,0,0,0,0,0,0,0,0,0
"C1934","5","518210","48","0","2018","1","N",10,0,0,0,0,0,0,0,"N",0.44,0,0,0,0,0,0,0,"N",0,0.0,0,0,0,0,0,0,0,0,0,0,0,0,0,0
"C1938","5","518210","48","0","2018","1","",27,458,463,461,9301464,4315841,239897,1553,"",0.66,0.55,0.55,0.55,0.40,0.58,1.40,0.73,"",4,17.4,23,5.3,39,9.2,30,7.0,-500009,-5.1,434970,11.2,66427,38.3,-200,-11.4
"C1946","5","518210","48","0","2018","1","",8,19,18,19,227525,130449,2345,938,"",1.08,0.16,0.15,0.16,0.08,0.12,0.15,0.48,"",1,14.3,5,35.7,4,28.6,5,35.7,27389,13.7,35624,37.6,-1055,-31.0,-162,-14.7
"C1950","5","518210","48","0","2018","1","N",1,0,0,0,0,0,0,0,"N",0.20,0,0,0,0,0,0,0,"N",0,0.0,0,0,0,0,0,0,0,0,0,0,0,0,0,0
"C1966","5","518210","48","0","2018","1","N",29,0,0,0,0,0,0,0,"N",0.75,0,0,0,0,0,0,0,"N",3,11.5,0,0,0,0,0,0,0,0,0,0,0,0,0,0
"C1974","5","518210","48","0","2018","1","",716,9213,9368,9466,299933175,113466545,2084548,2468,"",3.00,2.79,2.83,2.85,2.30,2.49,2.71,0.81,"N",166,30.2,0,0,0,0,0,0,0,0,0,0,0,0,0,0
"C1978","5","518210","48","0","2018","1","N",87,0,0,0,0,0,0,0,"N",1.71,0,0,0,0,0,0,0,"N",4,4.8,0,0,0,0,0,0,0,0,0,0,0,0,0,0
"C1982","5","518210","48","0","2018","1","",241,2758,2836,2827,62125507,23825397,762455,1702,"",1.08,0.64,0.66,0.66,0.40,0.51,0.45,0.61,"",18,8.1,16,0.6,38,1.4,0,0.0,4756539,8.3,457915,2.0,23723,3.2,120,7.6
"C2002","5","518210","48","0","2018","1","N",3,0,0,0,0,0,0,0,"N",0.34,0,0,0,0,0,0,0,"N",2,200.0,0,0,0,0,0,0,0,0,0,0,0,0,0,0
"C2010","5","518210","48","0","2018","1","",13,11,12,11,487494,186912,3369,3309,"",1.37,0.07,0.08,0.07,0.13,0.14,0.16,1.71,"",2,18.2,-1,-8.3,0,0.0,0,0.0,28620,6.2,-25420,-12.0,-1378,-29.0,283,9.4
"C2022","5","518210","48","0","2018","1","N",5,0,0,0,0,0,0,0,"N",0.66,0,0,0,0,0,0,0,"N",2,66.7,0,0,0,0,0,0,0,0,0,0,0,0,0,0
"C2026","5","518210","48","0","2018","1","",9,207,216,216,1637714,1432420,19411,591,"",0.55,0.73,0.75,0.75,0.22,0.46,0.33,0.30,"",1,12.5,18,9.5,25,13.1,28,14.9,364635,28.6,309112,27.5,-2764,-12.5,74,14.3
"C2050","5","518210","48","0","2018","1","N",46,0,0,0,0,0,0,0,"N",1.35,0,0,0,0,0,0,0,"N",1,2.2,0,0,0,0,0,0,0,0,0,0,0,0,0,0
"C2070","5","518210","48","0","2018","1","N",2,0,0,0,0,0,0,0,"N",0.25,0,0,0,0,0,0,0,"N",1,100.0,0,0,0,0,0,0,0,0,0,0,0,0,0,0
"C2074","5","518210","48","0","2018","1","N",2,0,0,0,0,0,0,0,"N",0.20,0,0,0,0,0,0,0,"N",1,100.0,0,0,0,0,0,0,0,0,0,0,0,0,0,0
"C2106","5","518210","48","0","2018","1","N",12,0,0,0,0,0,0,0,"N",1.42,0,0,0,0,0,0,0,"N",0,0.0,0,0,0,0,0,0,0,0,0,0,0,0,0,0
"C2114","5","518210","48","0","2018","1","",7,8,8,8,188342,69448,1703,1811,"",0.65,0.03,0.03,0.03,0.02,0.02,0.02,0.79,"",-1,-12.5,-2,-20.0,-2,-20.0,-3,-27.3,-24913,-11.7,-10536,-13.2,-108,-6.0,223,14.0
"C2134","5","518210","48","0","2018","1","",17,1201,1202,1187,11039110,6439679,240011,710,"",0.48,1.73,1.72,1.71,0.71,1.20,2.29,0.42,"",1,6.2,118,10.9,111,10.2,121,11.4,896888,8.8,845823,15.1,-1224,-0.5,-12,-1.7
"C2150","5","518210","48","0","2018","1","N",2,0,0,0,0,0,0,0,"N",0.13,0,0,0,0,0,0,0,"N",-2,-50.0,0,0,0,0,0,0,0,0,0,0,0,0,0,0
"C2166","5","518210","48","0","2018","1","",16,38,38,38,835417,751100,20331,1691,"",0.58,0.11,0.11,0.11,0.10,0.17,0.22,0.90,"",-6,-27.3,-3,-7.3,-2,-5.0,-11,-22.4,149699,21.8,123466,19.7,6732,49.5,474,38.9
"C2178","5","518210","48","0","2018","1","N",3,0,0,0,0,0,0,0,"N",0.17,0,0,0,0,0,0,0,"N",0,0.0,0,0,0,0,0,0,0,0,0,0,0,0,0,0
"C2182","5","518210","48","0","2018","1","N",2,0,0,0,0,0,0,0,"N",0.39,0,0,0,0,0,0,0,"N",-1,-33.3,0,0,0,0,0,0,0,0,0,0,0,0,0,0
"C2202","5","518210","48","0","2018","1","N",16,0,0,0,0,0,0,0,"N",0.81,0,0,0,0,0,0,0,"N",3,23.1,0,0,0,0,0,0,0,0,0,0,0,0,0,0
"C2214","5","518210","48","0","2018","1","N",1,0,0,0,0,0,0,0,"N",0.15,0,0,0,0,0,0,0,"N",0,0.0,0,0,0,0,0,0,0,0,0,0,0,0,0,0
"C2218","5","518210","48","0","2018","1","N",4,0,0,0,0,0,0,0,"N",0.26,0,0,0,0,0,0,0,"N",-1,-20.0,0,0,0,0,0,0,0,0,0,0,0,0,0,0
"C2222","5","518210","48","0","2018","1","",36,271,287,277,6760204,2771824,62987,1868,"",1.18,0.51,0.53,0.51,0.36,0.43,0.76,0.70,"",4,12.5,17,6.7,31,12.1,26,10.4,1137741,20.2,-104262,-3.6,-9906,-13.6,163,9.6
"C2238","5","518210","48","0","2018","1","N",1,0,0,0,0,0,0,0,"N",0.13,0,0,0,0,0,0,0,"N",1,100.0,0,0,0,0,0,0,0,0,0,0,0,0,0,0
"C2242","5","518210","48","0","2018","1","",14,111,109,108,974903,574728,10583,686,"",0.89,0.37,0.36,0.36,0.12,0.22,0.12,0.34,"",1,7.7,18,19.4,11,11.2,16,17.4,222912,29.6,109939,23.7,1643,18.4,73,11.9
"C2250","5","518210","48","0","2018","1","N",1,0,0,0,0,0,0,0,"N",0.10,0,0,0,0,0,0,0,"N",-1,-50.0,0,0,0,0,0,0,0,0,0,0,0,0,0,0
"C2252","5","518210","48","0","2018","1","N",2,0,0,0,0,0,0,0,"N",0.26,0,0,0,0,0,0,0,"N",0,0.0,0,0,0,0,0,0,0,0,0,0,0,0,0,0
"C2254","5","518210","48","0","2018","1","N",1,0,0,0,0,0,0,0,"N",0.18,0,0,0,0,0,0,0,"N",0,0.0,0,0,0,0,0,0,0,0,0,0,0,0,0,0
"C2266","5","518210","48","0","2018","1","",53,515,516,523,8141754,5290485,112897,1209,"",1.86,1.44,1.43,1.45,0.74,1.34,1.69,0.51,"",19,55.9,28,5.7,35,7.3,45,9.4,1194123,17.2,125482,2.4,-43196,-27.7,100,9.0
"C2290","5","518210","48","0","2018","1","N",3,0,0,0,0,0,0,0,"N",0.20,0,0,0,0,0,0,0,"N",1,50.0,0,0,0,0,0,0,0,0,0,0,0,0,0,0
"C2306","5","518210","48","0","2018","1","N",11,0,0,0,0,0,0,0,"N",0.47,0,0,0,0,0,0,0,"N",-1,-8.3,0,0,0,0,0,0,0,0,0,0,0,0,0,0
"C2342","5","518210","48","0","2018","1","",10,229,228,225,3150601,1401836,68329,1066,"",0.12,0.27,0.27,0.26,0.15,0.22,0.22,0.56,"N",1,11.1,0,0,0,0,0,0,0,0,0,0,0,0,0,0
"C2354","5","518210","48","0","2018","1","N",9,0,0,0,0,0,0,0,"N",0.52,0,0,0,0,0,0,0,"N",1,12.5,0,0,0,0,0,0,0,0,0,0,0,0,0,0
"C2358","5","518210","48","0","2018","1","N",2,0,0,0,0,0,0,0,"N",0.20,0,0,0,0,0,0,0,"N",1,100.0,0,0,0,0,0,0,0,0,0,0,0,0,0,0
"C2414","5","518210","48","0","2018","1","N",2,0,0,0,0,0,0,0,"N",0.38,0,0,0,0,0,0,0,"N",0,0.0,0,0,0,0,0,0,0,0,0,0,0,0,0,0
"C2422","5","518210","48","0","2018","1","",6,8,9,9,86630,86630,800,769,"",0.81,0.07,0.08,0.08,0.03,0.07,0.06,0.41,"N",0,0.0,0,0,0,0,0,0,0,0,0,0,0,0,0,0
"C2430","5","518210","48","0","2018","1","",9,47,48,49,817825,522297,5377,1311,"",0.80,0.34,0.35,0.35,0.23,0.37,0.18,0.68,"",1,12.5,-3,-6.0,6,14.3,-1,-2.0,-186391,-18.6,-13988,-2.6,-974,-15.3,-321,-19.7
"C2434","5","518210","48","0","2018","1","",54,530,523,531,9613647,4228526,97632,1401,"",1.07,0.43,0.42,0.42,0.27,0.34,0.26,0.65,"",5,10.2,-6,-1.1,-15,-2.8,-9,-1.7,-165759,-1.7,-118920,-2.7,-7144,-6.8,3,0.2
"C2442","5","518210","48","0","2018","1","N",2,0,0,0,0,0,0,0,"N",0.34,0,0,0,0,0,0,0,"N",0,0.0,0,0,0,0,0,0,0,0,0,0,0,0,0,0
"C2450","5","518210","48","0","2018","1","N",4,0,0,0,0,0,0,0,"N",0.63,0,0,0,0,0,0,0,"N",1,33.3,0,0,0,0,0,0,0,0,0,0,0,0,0,0
"C2454","5","518210","48","0","2018","1","",26,59,64,64,1416845,620470,16481,1748,"",1.51,0.24,0.26,0.26,0.19,0.19,0.27,0.73,"",3,13.0,-27,-31.4,-14,-17.9,-19,-22.9,-311153,-18.0,-376637,-37.8,-2157,-11.6,134,8.3
"C2458","5","518210","48","0","2018","1","N",7,0,0,0,0,0,0,0,"N",0.36,0,0,0,0,0,0,0,"N",0,0.0,0,0,0,0,0,0,0,0,0,0,0,0,0,0
"C2466","5","518210","48","0","2018","1","",24,490,491,495,33557336,9677744,15438,5247,"",0.56,0.62,0.61,0.62,1.57,0.88,0.23,2.55,"",-2,-7.7,12,2.5,7,1.4,8,1.6,8669076,34.8,-1092701,-10.1,-58714,-79.2,1283,32.4
"C2478","5","518210","48","0","2018","1","N",5,0,0,0,0,0,0,0,"N",0.57,0,0,0,0,0,0,0,"N",0,0.0,0,0,0,0,0,0,0,0,0,0,0,0,0,0
"C2486","5","518210","48","0","2018","1","N",40,0,0,0,0,0,0,0,"N",0.84,0,0,0,0,0,0,0,"N",3,8.1,0,0,0,0,0,0,0,0,0,0,0,0,0,0
"C2506","5","518210","48","0","2018","1","N",4,0,0,0,0,0,0,0,"N",0.22,0,0,0,0,0,0,0,"N",0,0.0,0,0,0,0,0,0,0,0,0,0,0,0,0,0
"C2518","5","518210","48","0","2018","1","N",15,0,0,0,0,0,0,0,"N",1.17,0,0,0,0,0,0,0,"N",5,50.0,0,0,0,0,0,0,0,0,0,0,0,0,0,0
"C2522","5","518210","48","0","2018","1","",5,6,6,6,42491,41449,872,545,"",0.73,0.06,0.06,0.06,0.02,0.06,0.09,0.36,"N",1,25.0,0,0,0,0,0,0,0,0,0,0,0,0,0,0
"C2526","5","518210","48","0","2018","1","N",1,0,0,0,0,0,0,0,"N",0.11,0,0,0,0,0,0,0,"N",0,0.0,0,0,0,0,0,0,0,0,0,0,0,0,0,0
"C2542","5","518210","48","0","2018","1","",29,558,564,564,9942507,4088197,265987,1361,"",0.85,0.77,0.78,0.77,0.44,0.59,0.75,0.57,"N",0,0.0,0,0,0,0,0,0,0,0,0,0,0,0,0,0
"C2554","5","518210","48","0","2018","1","N",51,0,0,0,0,0,0,0,"N",0.60,0,0,0,0,0,0,0,"N",8,18.6,0,0,0,0,0,0,0,0,0,0,0,0,0,0
"C2562","5","518210","48","0","2018","1","N",1,0,0,0,0,0,0,0,"N",0.13,0,0,0,0,0,0,0,"N",0,0.0,0,0,0,0,0,0,0,0,0,0,0,0,0,0
"C2586","5","518210","48","0","2018","1","N",11,0,0,0,0,0,0,0,"N",0.61,0,0,0,0,0,0,0,"N",2,22.2,0,0,0,0,0,0,0,0,0,0,0,0,0,0
"C2594","5","518210","48","0","2018","1","N",12,0,0,0,0,0,0,0,"N",0.84,0,0,0,0,0,0,0,"N",1,9.1,0,0,0,0,0,0,0,0,0,0,0,0,0,0
"C2614","5","518210","48","0","2018","1","",5,6,7,7,88740,47124,178,1024,"",0.70,0.08,0.09,0.09,0.06,0.08,0.05,0.61,"N",3,150.0,0,0,0,0,0,0,0,0,0,0,0,0,0,0
"C2630","5","518210","48","0","2018","1","N",1,0,0,0,0,0,0,0,"N",0.14,0,0,0,0,0,0,0,"N",0,0.0,0,0,0,0,0,0,0,0,0,0,0,0,0,0
"C2638","5","518210","48","0","2018","1","N",7,0,0,0,0,0,0,0,"N",0.58,0,0,0,0,0,0,0,"N",1,16.7,0,0,0,0,0,0,0,0,0,0,0,0,0,0
"C2642","5","518210","48","0","2018","1","",216,3095,3084,3013,72108097,26941608,1187683,1810,"",0.60,0.47,0.46,0.45,0.26,0.37,0.56,0.56,"",5,2.4,-376,-10.8,-344,-10.0,-406,-11.9,-3301927,-4.4,-2610031,-8.8,-155419,-11.6,123,7.3
"C2658","5","518210","48","0","2018","1","",5,17,17,17,145425,129386,2618,658,"",0.26,0.06,0.06,0.06,0.02,0.05,0.04,0.34,"N",-2,-28.6,0,0,0,0,0,0,0,0,0,0,0,0,0,0
"C2662","5","518210","48","0","2018","1","N",24,0,0,0,0,0,0,0,"N",0.94,0,0,0,0,0,0,0,"N",1,4.3,0,0,0,0,0,0,0,0,0,0,0,0,0,0
"C2682","5","518210","48","0","2018","1","",8,20,13,13,117533,117533,884,590,"",0.75,0.14,0.09,0.09,0.03,0.06,0.06,0.29,"",2,33.3,2,11.1,-4,-23.5,-4,-23.5,-9619,-7.6,-7688,-6.1,-244,-21.6,26,4.6
"C2690","5","518210","48","0","2018","1","",100,1912,1868,1819,34470628,12800715,290154,1421,"",0.90,0.85,0.83,0.80,0.47,0.55,0.70,0.57,"",4,4.2,-166,-8.0,-193,-9.4,-176,-8.8,936037,2.8,-506150,-3.8,29720,11.4,159,12.6
"C2698","5","518210","48","0","2018","1","",10,50,48,50,514026,486500,6294,801,"",0.87,0.24,0.23,0.24,0.09,0.23,0.28,0.37,"",2,25.0,-2,-3.8,-4,-7.7,-3,-5.7,-227095,-30.6,-198194,-28.9,-6289,-50.0,-288,-26.4
"C2706","5","518210","48","0","2018","1","N",1,0,0,0,0,0,0,0,"N",0.17,0,0,0,0,0,0,0,"N",-2,-66.7,0,0,0,0,0,0,0,0,0,0,0,0,0,0
"C2710","5","518210","48","0","2018","1","",6,31,32,27,472585,288122,8435,1212,"",1.00,0.24,0.25,0.21,0.13,0.25,0.21,0.57,"",2,50.0,8,34.8,9,39.1,2,8.0,191359,68.0,114270,65.7,2741,48.1,298,32.6
"C2714","5","518210","48","0","2018","1","",19,108,113,108,1582162,1085243,4269,1110,"",0.57,0.19,0.19,0.18,0.11,0.18,0.16,0.57,"N",-1,-5.0,0,0,0,0,0,0,0,0,0,0,0,0,0,0
"C2718","5","518210","48","0","2018","1","N",3,0,0,0,0,0,0,0,"N",0.43,0,0,0,0,0,0,0,"N",1,50.0,0,0,0,0,0,0,0,0,0,0,0,0,0,0
"C2726","5","518210","48","0","2018","1","",99,1822,1965,1970,83750954,17351380,104399,3357,"",0.98,1.20,1.29,1.29,1.78,1.35,1.02,1.41,"N",2,2.1,0,0,0,0,0,0,0,0,0,0,0,0,0,0
"C2734","5","518210","48","0","2018","1","",6,25,25,25,267061,238537,2326,822,"",0.83,0.23,0.22,0.22,0.12,0.26,0.51,0.55,"",1,20.0,1,4.2,1,4.2,1,4.2,-1377,-0.5,6019,2.6,-1438,-38.2,-38,-4.4
"C2750","5","518210","48","0","2018","1","N",5,0,0,0,0,0,0,0,"N",0.63,0,0,0,0,0,0,0,"N",0,0.0,0,0,0,0,0,0,0,0,0,0,0,0,0,0
"C2762","5","518210","48","0","2018","1","",7,358,361,356,3957509,3248308,32225,850,"",0.80,2.12,2.12,2.09,0.99,2.30,2.01,0.47,"",0,0.0,-11,-3.0,-5,-1.4,-18,-4.8,39618,1.0,-50049,-1.5,-187,-0.6,35,4.3
"C2774","5","518210","48","0","2018","1","N",4,0,0,0,0,0,0,0,"N",0.44,0,0,0,0,0,0,0,"N",0,0.0,0,0,0,0,0,0,0,0,0,0,0,0,0,0
"C2778","5","518210","48","0","2018","1","N",3,0,0,0,0,0,0,0,"N",0.37,0,0,0,0,0,0,0,"N",0,0.0,0,0,0,0,0,0,0,0,0,0,0,0,0,0
"C2786","5","518210","48","0","2018","1","N",1,0,0,0,0,0,0,0,"N",0.13,0,0,0,0,0,0,0,"N",0,0.0,0,0,0,0,0,0,0,0,0,0,0,0,0,0
"C2790","5","518210","48","0","2018","1","-",0,0,0,0,0,0,0,0,"N",0.00,0,0,0,0,0,0,0,"N",-2,-100.0,0,0,0,0,0,0,0,0,0,0,0,0,0,0
"C2798","5","518210","48","0","2018","1","N",7,0,0,0,0,0,0,0,"N",0.49,0,0,0,0,0,0,0,"N",3,75.0,0,0,0,0,0,0,0,0,0,0,0,0,0,0
"C2802","5","518210","48","0","2018","1","",8,23,22,22,201249,114670,1129,693,"",0.55,0.07,0.07,0.07,0.02,0.04,0.01,0.30,"N",3,60.0,0,0,0,0,0,0,0,0,0,0,0,0,0,0
"C2814","5","518210","48","0","2018","1","",135,3977,3956,3942,97073154,45341756,668074,1886,"",0.94,1.71,1.69,1.68,1.33,1.44,1.39,0.78,"",2,1.5,489,14.0,407,11.5,364,10.2,11468541,13.4,4804795,11.9,263933,65.3,25,1.3
"C2842","5","518210","48","0","2018","1","N",8,0,0,0,0,0,0,0,"N",0.41,0,0,0,0,0,0,0,"N",2,33.3,0,0,0,0,0,0,0,0,0,0,0,0,0,0
"C2866","5","518210","48","0","2018","1","",10,74,74,74,1768390,587393,17411,1838,"",0.60,0.24,0.23,0.23,0.22,0.26,0.38,0.93,"",2,25.0,11,17.5,10,15.6,8,12.1,231328,15.1,32080,5.8,-9141,-34.4,0,0.0
"C2870","5","518210","48","0","2018","1","N",7,0,0,0,0,0,0,0,"N",0.45,0,0,0,0,0,0,0,"N",1,16.7,0,0,0,0,0,0,0,0,0,0,0,0,0,0
"C2874","5","518210","48","0","2018","1","N",3,0,0,0,0,0,0,0,"N",0.25,0,0,0,0,0,0,0,"N",0,0.0,0,0,0,0,0,0,0,0,0,0,0,0,0,0
"C2894","5","518210","48","0","2018","1","",55,432,447,459,14377556,3331293,49511,2480,"",1.22,0.51,0.52,0.54,0.57,0.46,0.65,1.10,"",19,52.8,129,42.6,145,48.0,139,43.4,7852765,120.4,790823,31.1,30549,161.1,852,52.3
"C2910","5","518210","48","0","2018","1","N",8,0,0,0,0,0,0,0,"N",0.98,0,0,0,0,0,0,0,"N",0,0.0,0,0,0,0,0,0,0,0,0,0,0,0,0,0
"C2918","5","518210","48","0","2018","1","N",20,0,0,0,0,0,0,0,"N",0.58,0,0,0,0,0,0,0,"N",5,33.3,0,0,0,0,0,0,0,0,0,0,0,0,0,0
"C2920","5","518210","48","0","2018","1","N",4,0,0,0,0,0,0,0,"N",0.43,0,0,0,0,0,0,0,"N",0,0.0,0,0,0,0,0,0,0,0,0,0,0,0,0,0
"C2934","5","518210","48","0","2018","1","N",7,0,0,0,0,0,0,0,"N",0.56,0,0,0,0,0,0,0,"N",1,16.7,0,0,0,0,0,0,0,0,0,0,0,0,0,0
"C2942","5","518210","48","0","2018","1","N",2,0,0,0,0,0,0,0,"N",0.24,0,0,0,0,0,0,0,"N",1,100.0,0,0,0,0,0,0,0,0,0,0,0,0,0,0
"C2946","5","518210","48","0","2018","1","",12,55,53,55,958319,367738,3576,1357,"",0.39,0.11,0.11,0.11,0.08,0.09,0.13,0.72,"",6,100.0,18,48.6,19,55.9,19,52.8,477009,99.1,133243,56.8,-1550,-30.2,319,30.7
"C2954","5","518210","48","0","2018","1","",7,85,94,94,1221629,707137,25518,1033,"",0.23,0.16,0.17,0.17,0.08,0.13,0.10,0.50,"",0,0.0,11,14.9,15,19.0,16,20.5,339846,38.5,188265,36.3,2090,8.9,152,17.3
"C2962","5","518210","48","0","2018","1","N",24,0,0,0,0,0,0,0,"N",1.16,0,0,0,0,0,0,0,"N",8,50.0,0,0,0,0,0,0,0,0,0,0,0,0,0,0
"C2970","5","518210","48","0","2018","1","",3,21,20,19,186186,144441,1380,716,"",0.24,0.09,0.09,0.08,0.04,0.08,0.04,0.45,"N",2,200.0,0,0,0,0,0,0,0,0,0,0,0,0,0,0
"C2974","5","518210","48","0","2018","1","N",4,0,0,0,0,0,0,0,"N",0.36,0,0,0,0,0,0,0,"N",0,0.0,0,0,0,0,0,0,0,0,0,0,0,0,0,0
"C2982","5","518210","48","0","2018","1","",183,1671,1681,1657,47492676,26899810,541894,2188,"",1.47,0.75,0.75,0.74,0.74,0.74,0.71,0.99,"",7,4.0,230,16.0,261,18.4,213,14.8,17456080,58.1,5388648,25.1,113451,26.5,578,35.9
"C2994","5","518210","48","0","2018","1","N",7,0,0,0,0,0,0,0,"N",1.01,0,0,0,0,0,0,0,"N",-1,-12.5,0,0,0,0,0,0,0,0,0,0,0,0,0,0
"C3002","5","518210","48","0","2018","1","N",2,0,0,0,0,0,0,0,"N",0.35,0,0,0,0,0,0,0,"N",1,100.0,0,0,0,0,0,0,0,0,0,0,0,0,0,0
"C3014","5","518210","48","0","2018","1","",4,24,24,25,441535,263817,13920,1396,"",0.62,0.21,0.21,0.22,0.16,0.27,0.29,0.76,"",0,0.0,1,4.3,1,4.3,2,8.7,-64429,-12.7,-17793,-6.3,-3229,-18.8,-296,-17.5
"C3030","5","518210","48","0","2018","1","",3,10,11,11,391241,284650,3594,2821,"",0.70,0.16,0.18,0.18,0.27,0.33,0.55,1.57,"N",2,200.0,0,0,0,0,0,0,0,0,0,0,0,0,0,0
"C3034","5","518210","48","0","2018","1","N",4,0,0,0,0,0,0,0,"N",0.55,0,0,0,0,0,0,0,"N",1,33.3,0,0,0,0,0,0,0,0,0,0,0,0,0,0
"C3046","5","518210","48","0","2018","1","",40,446,454,456,10432911,3711113,83702,1776,"",1.09,0.74,0.75,0.76,0.65,0.62,0.73,0.86,"",1,2.6,-46,-9.3,-65,-12.5,-65,-12.5,-868453,-7.7,-1066520,-22.3,-37803,-31.1,74,4.3
"C3062","5","518210","48","0","2018","1","",4,16,16,16,394396,187001,14753,1896,"",0.70,0.14,0.14,0.14,0.13,0.18,0.56,0.93,"N",2,100.0,0,0,0,0,0,0,0,0,0,0,0,0,0,0
"C3070","5","518210","48","0","2018","1","",21,189,192,196,3206435,1610043,15208,1282,"",0.85,0.48,0.48,0.49,0.31,0.47,0.53,0.64,"",1,5.0,9,5.0,9,4.9,16,8.9,290063,9.9,116764,7.8,2047,15.6,43,3.5
"C3078","5","518210","48","0","2018","1","N",47,0,0,0,0,0,0,0,"N",0.97,0,0,0,0,0,0,0,"N",10,27.0,0,0,0,0,0,0,0,0,0,0,0,0,0,0
"C3086","5","518210","48","0","2018","1","",9,124,122,130,1672237,1448700,9405,1026,"",0.96,0.94,0.92,0.97,0.61,1.02,1.67,0.65,"",2,28.6,10,8.8,7,6.1,13,11.1,401878,31.6,268786,22.8,1107,13.3,179,21.1
"C3098","5","518210","48","0","2018","1","N",1,0,0,0,0,0,0,0,"N",0.08,0,0,0,0,0,0,0,"N",0,0.0,0,0,0,0,0,0,0,0,0,0,0,0,0,0
"C3102","5","518210","48","0","2018","1","N",1,0,0,0,0,0,0,0,"N",0.15,0,0,0,0,0,0,0,"N",-2,-66.7,0,0,0,0,0,0,0,0,0,0,0,0,0,0
"C3108","5","518210","48","0","2018","1","",674,9986,10069,10197,332823427,67658980,3355392,2539,"",0.48,0.73,0.73,0.74,0.65,0.55,0.61,0.89,"",79,13.3,403,4.2,420,4.4,500,5.2,37496999,12.7,76173,0.1,-134307,-3.8,183,7.8
"C3114","5","518210","48","0","2018","1","",66,1289,1307,1317,27632820,11784608,255899,1630,"",0.79,0.90,0.91,0.91,0.63,0.75,0.74,0.70,"",8,13.8,181,16.3,199,18.0,220,20.1,2403558,9.5,1056624,9.8,-35654,-12.2,-127,-7.2
"C3118","5","518210","48","0","2018","1","N",5,0,0,0,0,0,0,0,"N",0.27,0,0,0,0,0,0,0,"N",0,0.0,0,0,0,0,0,0,0,0,0,0,0,0,0,0
"C3134","5","518210","48","0","2018","1","",8,151,151,151,1591907,991453,21664,811,"",0.45,0.68,0.67,0.67,0.29,0.57,0.88,0.43,"N",-1,-11.1,0,0,0,0,0,0,0,0,0,0,0,0,0,0
"C3142","5","518210","48","0","2018","1","N",5,0,0,0,0,0,0,0,"N",0.41,0,0,0,0,0,0,0,"N",0,0.0,0,0,0,0,0,0,0,0,0,0,0,0,0,0
"C3154","5","518210","48","0","2018","1","N",41,0,0,0,0,0,0,0,"N",0.93,0,0,0,0,0,0,0,"N",2,5.1,0,0,0,0,0,0,0,0,0,0,0,0,0,0
"C3170","5","518210","48","0","2018","1","",19,493,493,487,11486668,4899569,39014,1800,"",0.69,1.07,1.07,1.06,0.68,0.83,0.73,0.63,"",0,0.0,-23,-4.5,-20,-3.9,-7,-1.4,-11330442,-49.7,-1313597,-21.1,-30347,-43.8,-1657,-47.9
"C3174","5","518210","48","0","2018","1","N",2,0,0,0,0,0,0,0,"N",0.38,0,0,0,0,0,0,0,"N",0,0.0,0,0,0,0,0,0,0,0,0,0,0,0,0,0
"C3186","5","518210","48","0","2018","1","N",1,0,0,0,0,0,0,0,"N",0.16,0,0,0,0,0,0,0,"N",0,0.0,0,0,0,0,0,0,0,0,0,0,0,0,0,0
"C3190","5","518210","48","0","2018","1","N",2,0,0,0,0,0,0,0,"N",0.32,0,0,0,0,0,0,0,"N",0,0.0,0,0,0,0,0,0,0,0,0,0,0,0,0,0
"C3258","5","518210","48","0","2018","1","N",4,0,0,0,0,0,0,0,"N",0.14,0,0,0,0,0,0,0,"N",0,0.0,0,0,0,0,0,0,0,0,0,0,0,0,0,0
"C3278","5","518210","48","0","2018","1","",9,14,15,14,411075,389787,7920,2206,"",0.53,0.07,0.07,0.07,0.09,0.15,0.15,1.22,"",-2,-18.2,3,27.3,4,36.4,3,27.3,138226,50.7,120435,44.7,3159,66.4,298,15.6
"C3282","5","518210","48","0","2018","1","N",61,0,0,0,0,0,0,0,"N",0.97,0,0,0,0,0,0,0,"N",14,29.8,0,0,0,0,0,0,0,0,0,0,0,0,0,0
"C3290","5","518210","48","0","2018","1","N",1,0,0,0,0,0,0,0,"N",0.07,0,0,0,0,0,0,0,"N",-1,-50.0,0,0,0,0,0,0,0,0,0,0,0,0,0,0
"C3310","5","518210","48","0","2018","1","",465,5858,5824,5826,264517453,40948945,374054,3487,"",0.90,1.01,1.00,1.00,1.41,0.78,0.81,1.41,"",9,2.0,81,1.4,87,1.5,100,1.7,52286577,24.6,423077,1.0,-181800,-32.7,646,22.7
"C3314","5","518210","48","0","2018","1","N",1,0,0,0,0,0,0,0,"N",0.19,0,0,0,0,0,0,0,"N",0,0.0,0,0,0,0,0,0,0,0,0,0,0,0,0,0
"C3322","5","518210","48","0","2018","1","N",6,0,0,0,0,0,0,0,"N",0.83,0,0,0,0,0,0,0,"N",2,50.0,0,0,0,0,0,0,0,0,0,0,0,0,0,0
"C3326","5","518210","48","0","2018","1","N",2,0,0,0,0,0,0,0,"N",0.15,0,0,0,0,0,0,0,"N",0,0.0,0,0,0,0,0,0,0,0,0,0,0,0,0,0
"C3334","5","518210","48","0","2018","1","",59,4177,4184,4195,180471906,56461748,592930,3317,"",0.56,2.24,2.23,2.23,2.98,2.49,1.54,1.34,"N",-3,-4.8,0,0,0,0,0,0,0,0,0,0,0,0,0,0
"C3346","5","518210","48","0","2018","1","",208,6404,6394,6331,180457051,116335277,923759,2177,"",0.96,1.48,1.48,1.47,1.09,1.50,1.11,0.74,"",39,23.1,322,5.3,247,4.0,218,3.6,28172499,18.5,7509881,6.9,-27280,-2.9,261,13.6
"C3354","5","518210","48","0","2018","1","",9,100,97,97,1441317,1218455,22900,1131,"",0.75,0.75,0.72,0.72,0.46,0.64,0.91,0.63,"",-1,-10.0,2,2.0,-2,-2.0,-5,-4.9,181989,14.5,171950,16.4,9435,70.1,159,16.4
"C3366","5","518210","48","0","2018","1","",14,133,133,145,1267841,994887,22325,712,"",0.60,0.35,0.35,0.38,0.12,0.29,0.41,0.34,"",3,27.3,99,291.2,50,60.2,59,68.6,637744,101.2,488260,96.4,10117,82.9,-4,-0.6
"C3370","5","518210","48","0","2018","1","N",5,0,0,0,0,0,0,0,"N",0.14,0,0,0,0,0,0,0,"N",0,0.0,0,0,0,0,0,0,0,0,0,0,0,0,0,0
"C3374","5","518210","48","0","2018","1","N",8,0,0,0,0,0,0,0,"N",0.68,0,0,0,0,0,0,0,"N",0,0.0,0,0,0,0,0,0,0,0,0,0,0,0,0,0
"C3378","5","518210","48","0","2018","1","N",3,0,0,0,0,0,0,0,"N",0.62,0,0,0,0,0,0,0,"N",0,0.0,0,0,0,0,0,0,0,0,0,0,0,0,0,0
"C3386","5","518210","48","0","2018","1","N",14,0,0,0,0,0,0,0,"N",0.70,0,0,0,0,0,0,0,"N",4,40.0,0,0,0,0,0,0,0,0,0,0,0,0,0,0
"C3406","5","518210","48","0","2018","1","N",8,0,0,0,0,0,0,0,"N",1.02,0,0,0,0,0,0,0,"N",2,33.3,0,0,0,0,0,0,0,0,0,0,0,0,0,0
"C3410","5","518210","48","0","2018","1","N",2,0,0,0,0,0,0,0,"N",0.42,0,0,0,0,0,0,0,"N",0,0.0,0,0,0,0,0,0,0,0,0,0,0,0,0,0
"C3458","5","518210","48","0","2018","1","",6,34,38,36,800812,786703,3097,1711,"",0.64,0.30,0.33,0.31,0.25,0.46,0.15,0.78,"",0,0.0,-6,-15.0,0,0.0,-2,-5.3,-38300,-4.6,78554,11.1,-1766,-36.3,42,2.5
"C3462","5","518210","48","0","2018","1","N",2,0,0,0,0,0,0,0,"N",0.40,0,0,0,0,0,0,0,"N",1,100.0,0,0,0,0,0,0,0,0,0,0,0,0,0,0
"C3474","5","518210","48","0","2018","1","N",3,0,0,0,0,0,0,0,"N",0.46,0,0,0,0,0,0,0,"N",1,50.0,0,0,0,0,0,0,0,0,0,0,0,0,0,0
"C3482","5","518210","48","0","2018","1","N",18,0,0,0,0,0,0,0,"N",0.66,0,0,0,0,0,0,0,"N",1,5.9,0,0,0,0,0,0,0,0,0,0,0,0,0,0
"C3490","5","518210","48","0","2018","1","",6,40,40,42,1320494,165000,6794,2498,"",0.45,0.24,0.23,0.24,0.24,0.11,0.09,1.04,"",2,50.0,7,21.2,6,17.6,8,23.5,335540,34.1,108219,190.6,4338,176.6,248,11.0
"C3494","5","518210","48","0","2018","1","",13,17,17,15,298173,116869,1188,1404,"",0.40,0.05,0.05,0.04,0.03,0.04,0.05,0.66,"",2,18.2,3,21.4,0,0.0,-1,-6.2,-31342,-9.5,2584,2.3,-1705,-58.9,-214,-13.2
"C3498","5","518210","48","0","2018","1","",252,3957,3948,3914,101662371,28096611,315997,1985,"",2.18,1.86,1.83,1.81,1.44,1.47,1.49,0.79,"",42,20.0,37,0.9,88,2.3,77,2.0,-34761039,-25.5,-3092819,-9.9,-19685,-5.9,-725,-26.8
"C3510","5","518210","48","0","2018","1","N",6,0,0,0,0,0,0,0,"N",0.92,0,0,0,0,0,0,0,"N",0,0.0,0,0,0,0,0,0,0,0,0,0,0,0,0,0
"C3530","5","518210","48","0","2018","1","",31,273,270,266,4756776,2613957,77748,1357,"",0.55,0.33,0.33,0.32,0.18,0.29,0.23,0.54,"",8,34.8,67,32.5,83,44.4,80,43.0,2086024,78.1,837950,47.2,19668,33.9,293,27.5
"C3538","5","518210","48","0","2018","1","",122,618,628,636,9968171,4137479,84292,1222,"",1.36,0.50,0.51,0.51,0.27,0.38,0.52,0.52,"N",19,18.4,0,0,0,0,0,0,0,0,0,0,0,0,0,0
"C3562","5","518210","48","0","2018","1","N",1091,0,0,0,0,0,0,0,"N",0.76,0,0,0,0,0,0,0,"N",96,9.6,0,0,0,0,0,0,0,0,0,0,0,0,0,0
"C3566","5","518210","48","0","2018","1","N",3,0,0,0,0,0,0,0,"N",0.39,0,0,0,0,0,0,0,"N",0,0.0,0,0,0,0,0,0,0,0,0,0,0,0,0,0
"C3584","5","518210","48","0","2018","1","",42,88,89,89,2049859,559527,5586,1778,"",0.68,0.13,0.13,0.13,0.12,0.09,0.13,0.88,"",1,2.4,-32,-26.7,-36,-28.8,-58,-39.5,271979,15.3,-169673,-23.3,-8022,-59.0,731,69.8
"C3598","5","518210","48","0","2018","1","",9,29,28,27,551354,330302,12746,1515,"",0.52,0.10,0.10,0.10,0.06,0.10,0.12,0.57,"",2,28.6,-2,-6.5,-5,-15.2,-4,-12.9,32732,6.3,-15655,-4.5,-5961,-31.9,255,20.2
"C3610","5","518210","48","0","2018","1","N",6,0,0,0,0,0,0,0,"N",0.31,0,0,0,0,0,0,0,"N",1,20.0,0,0,0,0,0,0,0,0,0,0,0,0,0,0
"C3614","5","518210","48","0","2018","1","N",1,0,0,0,0,0,0,0,"N",0.11,0,0,0,0,0,0,0,"N",0,0.0,0,0,0,0,0,0,0,0,0,0,0,0,0,0
"C3622","5","518210","48","0","2018","1","N",2,0,0,0,0,0,0,0,"N",0.22,0,0,0,0,0,0,0,"N",0,0.0,0,0,0,0,0,0,0,0,0,0,0,0,0,0
"C3626","5","518210","48","0","2018","1","N",19,0,0,0,0,0,0,0,"N",0.50,0,0,0,0,0,0,0,"N",-1,-5.0,0,0,0,0,0,0,0,0,0,0,0,0,0,0
"C3642","5","518210","48","0","2018","1","",84,554,523,526,9070683,6480021,72491,1306,"",0.90,0.41,0.38,0.38,0.22,0.35,0.39,0.58,"",-2,-2.3,-137,-19.8,-134,-20.4,-144,-21.5,-1340350,-12.9,-1477356,-18.6,761,1.1,115,9.7
"C3650","5","518210","48","0","2018","1","",32,126,135,152,2812729,1843041,17361,1572,"",1.64,0.49,0.51,0.58,0.37,0.62,0.53,0.70,"",3,10.3,19,17.8,16,13.4,39,34.5,869652,44.8,221736,13.7,2684,18.3,249,18.8
"C3654","5","518210","48","0","2018","1","",78,4526,4479,4508,123851557,48006812,285786,2115,"",1.20,4.25,4.19,4.20,3.96,4.49,2.70,0.94,"",8,11.4,-26,-0.6,-99,-2.2,-40,-0.9,163034,0.1,1040750,2.2,23375,8.9,28,1.3
"C3674","5","518210","48","0","2018","1","",174,3331,3318,3280,68387528,22122121,263111,1589,"",1.04,1.20,1.18,1.17,0.88,0.92,1.50,0.74,"N",5,3.0,0,0,0,0,0,0,0,0,0,0,0,0,0,0
"C3678","5","518210","48","0","2018","1","",4,14,14,14,417677,178903,1673,2295,"",0.46,0.07,0.07,0.07,0.07,0.06,0.04,1.00,"N",0,0.0,0,0,0,0,0,0,0,0,0,0,0,0,0,0
"C3698","5","518210","48","0","2018","1","N",2,0,0,0,0,0,0,0,"N",0.26,0,0,0,0,0,0,0,"N",0,0.0,0,0,0,0,0,0,0,0,0,0,0,0,0,0
"C3710","5","518210","48","0","2018","1","",28,321,326,323,26309304,2598251,140871,6259,"",0.45,0.44,0.44,0.44,1.09,0.41,0.49,2.49,"",-1,-3.4,8,2.6,5,1.6,9,2.9,9508836,56.6,-261345,-9.1,-16289,-10.4,2169,53.0
"C3734","5","518210","48","0","2018","1","",23,103,111,111,2495015,800141,14256,1772,"",0.63,0.21,0.23,0.23,0.18,0.20,0.46,0.82,"",-3,-11.5,-19,-15.6,-15,-11.9,-11,-9.0,-97951,-3.8,-79814,-9.1,644,4.7,155,9.6
"C3746","5","518210","48","0","2018","1","N",2,0,0,0,0,0,0,0,"N",0.15,0,0,0,0,0,0,0,"N",0,0.0,0,0,0,0,0,0,0,0,0,0,0,0,0,0
"C3762","5","518210","48","0","2018","1","N",2,0,0,0,0,0,0,0,"N",0.37,0,0,0,0,0,0,0,"N",0,0.0,0,0,0,0,0,0,0,0,0,0,0,0,0,0
"C3786","5","518210","48","0","2018","1","N",8,0,0,0,0,0,0,0,"N",0.30,0,0,0,0,0,0,0,"N",-1,-11.1,0,0,0,0,0,0,0,0,0,0,0,0,0,0
"C3790","5","518210","48","0","2018","1","N",3,0,0,0,0,0,0,0,"N",0.16,0,0,0,0,0,0,0,"N",0,0.0,0,0,0,0,0,0,0,0,0,0,0,0,0,0
"C3798","5","518210","48","0","2018","1","N",350,0,0,0,0,0,0,0,"N",0.93,0,0,0,0,0,0,0,"N",12,3.6,0,0,0,0,0,0,0,0,0,0,0,0,0,0
"C3806","5","518210","48","0","2018","1","N",288,0,0,0,0,0,0,0,"N",1.26,0,0,0,0,0,0,0,"N",12,4.3,0,0,0,0,0,0,0,0,0,0,0,0,0,0
"C3830","5","518210","48","0","2018","1","",95,1437,1448,1487,33222010,12554884,687962,1754,"",0.66,0.58,0.58,0.59,0.39,0.50,0.50,0.68,"",7,8.0,67,4.9,86,6.3,114,8.3,2150222,6.9,727079,6.1,68981,11.1,7,0.4
"C3834","5","518210","48","0","2018","1","",5,14,16,18,640230,249608,5609,3078,"",0.42,0.10,0.12,0.13,0.17,0.17,0.12,1.43,"N",2,66.7,0,0,0,0,0,0,0,0,0,0,0,0,0,0
"C3854","5","518210","48","0","2018","1","",3,11,12,12,256200,256200,2157,1689,"",0.57,0.15,0.16,0.16,0.16,0.30,0.34,1.05,"N",0,0.0,0,0,0,0,0,0,0,0,0,0,0,0,0,0
"C3866","5","518210","48","0","2018","1","N",1,0,0,0,0,0,0,0,"N",0.13,0,0,0,0,0,0,0,"N",0,0.0,0,0,0,0,0,0,0,0,0,0,0,0,0,0
"C3886","5","518210","48","0","2018","1","",50,291,290,289,5813132,3267461,44635,1542,"",0.99,0.49,0.48,0.48,0.33,0.49,0.40,0.67,"",14,38.9,39,15.5,39,15.5,27,10.3,885860,18.0,301689,10.2,4512,11.2,56,3.8
"C3890","5","518210","48","0","2018","1","",242,4130,4139,4145,112032377,91784330,1817093,2083,"",1.19,1.56,1.55,1.55,1.21,1.89,1.94,0.78,"",1,0.4,131,3.3,105,2.6,66,1.6,17040374,17.9,9573262,11.6,-14688,-0.8,273,15.1
"C3894","5","518210","48","0","2018","1","N",16,0,0,0,0,0,0,0,"N",0.55,0,0,0,0,0,0,0,"N",2,14.3,0,0,0,0,0,0,0,0,0,0,0,0,0,0
"C3914","5","518210","48","0","2018","1","N",2,0,0,0,0,0,0,0,"N",0.16,0,0,0,0,0,0,0,"N",-1,-33.3,0,0,0,0,0,0,0,0,0,0,0,0,0,0
"C3930","5","518210","48","0","2018","1","N",109,0,0,0,0,0,0,0,"N",0.93,0,0,0,0,0,0,0,"N",-2,-1.8,0,0,0,0,0,0,0,0,0,0,0,0,0,0
"C3934","5","518210","48","0","2018","1","",59,2056,2077,2069,34438101,30219257,86712,1281,"",1.55,3.77,3.76,3.74,2.27,3.78,2.55,0.60,"",0,0.0,-391,-16.0,-387,-15.7,-358,-14.8,-3427369,-9.1,-2961194,-8.9,-29792,-25.6,90,7.6
"C3938","5","518210","48","0","2018","1","N",4,0,0,0,0,0,0,0,"N",0.50,0,0,0,0,0,0,0,"N",0,0.0,0,0,0,0,0,0,0,0,0,0,0,0,0,0
"C3946","5","518210","48","0","2018","1","N",7,0,0,0,0,0,0,0,"N",0.66,0,0,0,0,0,0,0,"N",2,40.0,0,0,0,0,0,0,0,0,0,0,0,0,0,0
"C3954","5","518210","48","0","2018","1","N",2,0,0,0,0,0,0,0,"N",0.20,0,0,0,0,0,0,0,"N",0,0.0,0,0,0,0,0,0,0,0,0,0,0,0,0,0
"C3958","5","518210","48","0","2018","1","N",157,0,0,0,0,0,0,0,"N",1.71,0,0,0,0,0,0,0,"N",6,4.0,0,0,0,0,0,0,0,0,0,0,0,0,0,0
"C3966","5","518210","48","0","2018","1","N",15,0,0,0,0,0,0,0,"N",1.16,0,0,0,0,0,0,0,"N",-1,-6.2,0,0,0,0,0,0,0,0,0,0,0,0,0,0
"C3974","5","518210","48","0","2018","1","",5,40,39,39,526707,285716,17099,1030,"",0.24,0.10,0.10,0.10,0.05,0.07,0.08,0.46,"",1,25.0,25,166.7,24,160.0,23,143.8,253264,92.6,150171,110.8,9683,130.6,-342,-24.9
"C3982","5","518210","48","0","2018","1","",4,7,9,10,141202,51474,2761,1253,"",0.25,0.05,0.06,0.07,0.04,0.05,0.05,0.67,"N",2,100.0,0,0,0,0,0,0,0,0,0,0,0,0,0,0
"C3990","5","518210","48","0","2018","1","N",39,0,0,0,0,0,0,0,"N",1.15,0,0,0,0,0,0,0,"N",0,0.0,0,0,0,0,0,0,0,0,0,0,0,0,0,0
"C4006","5","518210","48","0","2018","1","",72,482,472,484,7445265,3059809,78590,1195,"",0.78,0.34,0.33,0.34,0.16,0.24,0.45,0.48,"",3,4.3,15,3.2,0,0.0,10,2.1,-907275,-10.9,-326875,-9.7,-10320,-11.6,-169,-12.4
"C4014","5","518210","48","0","2018","1","",45,249,239,246,5762703,954015,36472,1812,"",0.16,0.07,0.07,0.07,0.06,0.04,0.03,0.88,"",1,2.3,-40,-13.8,-45,-15.8,-38,-13.4,268429,4.9,-256795,-21.2,-15726,-30.1,333,22.5
"C4022","5","518210","48","0","2018","1","N",8,0,0,0,0,0,0,0,"N",0.37,0,0,0,0,0,0,0,"N",-1,-11.1,0,0,0,0,0,0,0,0,0,0,0,0,0,0
"C4034","5","518210","48","0","2018","1","",4,10,10,10,212112,202001,2012,1632,"",0.33,0.04,0.04,0.04,0.02,0.08,0.07,0.60,"N",3,300.0,0,0,0,0,0,0,0,0,0,0,0,0,0,0
"C4038","5","518210","48","0","2018","1","N",38,0,0,0,0,0,0,0,"N",0.62,0,0,0,0,0,0,0,"N",0,0.0,0,0,0,0,0,0,0,0,0,0,0,0,0,0
"C4042","5","518210","48","0","2018","1","",4,62,62,63,1176360,743993,44292,1452,"",0.25,0.19,0.19,0.19,0.13,0.20,0.38,0.66,"N",2,100.0,0,0,0,0,0,0,0,0,0,0,0,0,0,0
"C4058","5","518210","48","0","2018","1","N",4,0,0,0,0,0,0,0,"N",0.56,0,0,0,0,0,0,0,"N",0,0.0,0,0,0,0,0,0,0,0,0,0,0,0,0,0
"C4090","5","518210","48","0","2018","1","N",65,0,0,0,0,0,0,0,"N",0.34,0,0,0,0,0,0,0,"N",0,0.0,0,0,0,0,0,0,0,0,0,0,0,0,0,0
"C4098","5","518210","48","0","2018","1","N",2,0,0,0,0,0,0,0,"N",0.23,0,0,0,0,0,0,0,"N",0,0.0,0,0,0,0,0,0,0,0,0,0,0,0,0,0
"C4106","5","518210","48","0","2018","1","",6,59,58,58,1446544,1063776,9291,1908,"",0.49,0.25,0.25,0.25,0.23,0.35,0.29,0.92,"",1,20.0,12,25.5,13,28.9,10,20.8,261275,22.0,173225,19.5,252,2.8,-46,-2.4
"C4110","5","518210","48","0","2018","1","",7,75,77,78,1524515,1380656,3908,1530,"",0.53,0.51,0.51,0.52,0.48,0.80,0.58,0.93,"",-3,-30.0,-126,-62.7,-106,-57.9,-112,-58.9,-871427,-36.4,-894553,-39.3,-5828,-59.9,567,58.9
"C4114","5","518210","48","0","2018","1","N",1,0,0,0,0,0,0,0,"N",0.13,0,0,0,0,0,0,0,"N",0,0.0,0,0,0,0,0,0,0,0,0,0,0,0,0,0
"C4118","5","518210","48","0","2018","1","",126,6104,6151,6165,342698645,71948148,645076,4293,"",0.66,2.06,2.06,2.06,3.58,2.09,1.31,1.74,"",0,0.0,290,5.0,326,5.6,336,5.8,79862745,30.4,3538089,5.2,-31197,-4.6,821,23.6
"C4142","5","518210","48","0","2018","1","N",13,0,0,0,0,0,0,0,"N",0.44,0,0,0,0,0,0,0,"N",2,18.2,0,0,0,0,0,0,0,0,0,0,0,0,0,0
"C4150","5","518210","48","0","2018","1","",6,18,18,18,631521,127750,7725,2699,"",0.19,0.05,0.05,0.04,0.06,0.04,0.05,1.29,"N",4,200.0,0,0,0,0,0,0,0,0,0,0,0,0,0,0
"C4154","5","518210","48","0","2018","1","N",21,0,0,0,0,0,0,0,"N",0.75,0,0,0,0,0,0,0,"N",1,5.0,0,0,0,0,0,0,0,0,0,0,0,0,0,0
"C4162","5","518210","48","0","2018","1","",199,2953,2984,2990,49652539,43020934,215234,1284,"",1.89,1.85,1.85,1.86,0.97,1.56,1.56,0.52,"",18,9.9,-70,-2.3,-40,-1.3,-110,-3.5,-942442,-1.9,362107,0.8,-6920,-3.1,8,0.6
"C4166","5","518210","48","0","2018","1","N",3,0,0,0,0,0,0,0,"N",0.43,0,0,0,0,0,0,0,"N",1,50.0,0,0,0,0,0,0,0,0,0,0,0,0,0,0
"C4170","5","518210","48","0","2018","1","",66,6628,6726,6772,185455977,50056339,1514249,2126,"",0.55,2.93,2.94,2.95,2.77,2.28,3.65,0.94,"",-3,-4.3,-153,-2.3,-82,-1.2,5,0.1,-24222723,-11.6,-2536565,-4.8,-51023,-3.3,-251,-10.6
"C4174","5","518210","48","0","2018","1","",173,2225,2229,2250,56808607,16411072,808479,1956,"",0.68,0.68,0.67,0.68,0.48,0.60,0.65,0.70,"",24,16.1,246,12.4,230,11.5,279,14.2,5266022,10.2,2670690,19.4,142786,21.4,-43,-2.2
"C4186","5","518210","48","0","2018","1","",678,20811,21190,21497,1617358223,156115128,6202001,5878,"",1.51,3.86,3.89,3.95,5.08,2.95,2.59,1.30,"",84,14.1,3518,20.3,3744,21.5,3836,21.7,759846551,88.6,29233339,23.0,1023026,19.8,2102,55.7
"C4194","5","518210","48","0","2018","1","",346,7796,7688,7725,522196914,59482098,2623818,5192,"",2.04,3.14,3.07,3.08,2.67,2.33,2.27,0.86,"",62,21.8,667,9.4,565,7.9,579,8.1,200891364,62.5,7737269,15.0,259944,11.0,1727,49.8
"C4198","5","518210","48","0","2018","1","",32,2151,2143,2206,24950999,13166350,346661,886,"",0.46,1.55,1.53,1.57,0.99,1.48,1.21,0.64,"",4,14.3,-185,-7.9,-174,-7.5,-98,-4.3,-1208199,-4.6,-604804,-4.4,-41002,-10.6,18,2.1
"C4202","5","518210","48","0","2018","1","",5,81,83,84,1356644,573064,28706,1262,"",0.21,0.31,0.31,0.31,0.19,0.28,0.32,0.60,"",-3,-37.5,-24,-22.9,-20,-19.4,-21,-20.0,-362055,-21.1,-164556,-22.3,-15832,-35.5,-5,-0.4
"C4210","5","518210","48","0","2018","1","",7,31,33,33,1087447,234365,6711,2587,"",0.32,0.14,0.14,0.14,0.16,0.13,0.09,1.14,"",-2,-22.2,12,63.2,7,26.9,4,13.8,724319,199.5,96842,70.4,1443,27.4,1455,128.5
"C4214","5","518210","48","0","2018","1","",9,16,18,15,175435,170246,704,826,"",0.69,0.12,0.13,0.11,0.05,0.12,0.07,0.44,"",0,0.0,5,45.5,6,50.0,2,15.4,10222,6.2,22346,15.1,-1560,-68.9,-233,-22.0
"C4220","5","518210","48","0","2018","1","",15,205,200,207,5623272,1330792,68779,2120,"",0.43,0.48,0.45,0.47,0.42,0.39,0.47,0.91,"",-2,-11.8,-513,-71.4,-554,-73.5,-555,-72.8,-16240037,-74.3,-3974005,-74.9,-134229,-66.1,-138,-6.1
"C4222","5","518210","48","0","2018","1","",10,83,83,83,1220641,582076,28220,1131,"",0.22,0.18,0.18,0.18,0.08,0.14,0.15,0.48,"",-2,-16.7,-2,-2.4,1,1.2,-4,-4.6,-67797,-5.3,-5395,-0.9,-1768,-5.9,-40,-3.4
"C4234","5","518210","48","0","2018","1","",8,53,51,50,1526897,413073,3627,2288,"",0.37,0.14,0.13,0.13,0.14,0.11,0.07,1.10,"",2,33.3,5,10.4,2,4.1,2,4.2,312985,25.8,39876,10.7,6,0.2,356,18.4
"C4254","5","518210","48","0","2018","1","N",13,0,0,0,0,0,0,0,"N",0.41,0,0,0,0,0,0,0,"N",1,8.3,0,0,0,0,0,0,0,0,0,0,0,0,0,0
"C4266","5","518210","48","0","2018","1","",504,10101,10135,10090,388882706,283873149,3017256,2959,"",1.64,2.27,2.27,2.26,1.87,2.66,2.73,0.82,"",17,3.5,545,5.7,474,4.9,320,3.3,97164519,33.3,37867336,15.4,422034,16.3,637,27.4
"C4268","5","518210","48","0","2018","1","",10,39,40,43,621917,269526,955,1176,"",0.86,0.32,0.33,0.35,0.21,0.27,0.11,0.64,"",1,11.1,4,11.4,3,8.1,10,30.3,267271,75.4,53476,24.8,214,28.9,397,51.0
"C4270","5","518210","48","0","2018","1","N",1,0,0,0,0,0,0,0,"N",0.19,0,0,0,0,0,0,0,"N",1,100.0,0,0,0,0,0,0,0,0,0,0,0,0,0,0
"C4330","5","518210","48","0","2018","1","N",1,0,0,0,0,0,0,0,"N",0.14,0,0,0,0,0,0,0,"N",0,0.0,0,0,0,0,0,0,0,0,0,0,0,0,0,0
"C4334","5","518210","48","0","2018","1","",24,278,277,280,4214958,2326734,46575,1165,"",0.91,0.70,0.70,0.71,0.43,0.74,0.93,0.62,"",3,14.3,-3,-1.1,-2,-0.7,-1,-0.4,-242435,-5.4,281218,13.7,8883,23.6,-58,-4.7
"C4342","5","518210","48","0","2018","1","",6,14,15,15,178436,76076,2309,936,"",1.19,0.18,0.19,0.19,0.09,0.15,0.18,0.47,"",1,20.0,-17,-54.8,-16,-51.6,-15,-50.0,-244566,-57.8,-119822,-61.2,-3824,-62.4,-125,-11.8
"C4358","5","518210","48","0","2018","1","N",1,0,0,0,0,0,0,0,"N",0.08,0,0,0,0,0,0,0,"N",-3,-75.0,0,0,0,0,0,0,0,0,0,0,0,0,0,0
"C4362","5","518210","48","0","2018","1","N",34,0,0,0,0,0,0,0,"N",1.50,0,0,0,0,0,0,0,"N",-2,-5.6,0,0,0,0,0,0,0,0,0,0,0,0,0,0
"C4378","5","518210","48","0","2018","1","N",10,0,0,0,0,0,0,0,"N",0.67,0,0,0,0,0,0,0,"N",2,25.0,0,0,0,0,0,0,0,0,0,0,0,0,0,0
"C4390","5","518210","48","0","2018","1","N",8,0,0,0,0,0,0,0,"N",0.52,0,0,0,0,0,0,0,"N",0,0.0,0,0,0,0,0,0,0,0,0,0,0,0,0,0
"C4406","5","518210","48","0","2018","1","",38,222,205,207,3186514,2996170,23746,1160,"",0.93,0.42,0.39,0.39,0.22,0.42,0.31,0.55,"",4,11.8,-1,-0.4,-14,-6.4,-23,-10.0,-403703,-11.2,-284867,-8.7,-16077,-40.4,-73,-5.9
"C4410","5","518210","48","0","2018","1","",13,170,169,166,2816809,1782650,11624,1287,"",1.13,0.58,0.57,0.56,0.30,0.86,0.22,0.53,"",2,18.2,76,80.9,77,83.7,74,80.4,1589609,129.5,953236,114.9,-22175,-65.6,268,26.3
"C4414","5","518210","48","0","2018","1","N",8,0,0,0,0,0,0,0,"N",0.15,0,0,0,0,0,0,0,"N",0,0.0,0,0,0,0,0,0,0,0,0,0,0,0,0,0
"C4418","5","518210","48","0","2018","1","",14,474,474,471,4590208,3402726,51172,746,"",0.49,1.05,1.03,1.03,0.43,0.76,1.08,0.42,"",-1,-6.7,173,57.5,150,46.3,132,38.9,1056832,29.9,909522,36.5,6008,13.3,-100,-11.8
"C4422","5","518210","48","0","2018","1","N",2,0,0,0,0,0,0,0,"N",0.35,0,0,0,0,0,0,0,"N",1,100.0,0,0,0,0,0,0,0,0,0,0,0,0,0,0
"C4430","5","518210","48","0","2018","1","",7,87,86,88,1616013,703224,44200,1429,"",0.85,0.57,0.55,0.56,0.37,0.67,0.83,0.66,"",0,0.0,-8,-8.4,-10,-10.4,-7,-7.4,-256653,-13.7,-43913,-5.9,9314,26.7,-82,-5.4
"C4442","5","518210","48","0","2018","1","N",3,0,0,0,0,0,0,0,"N",0.37,0,0,0,0,0,0,0,"N",0,0.0,0,0,0,0,0,0,0,0,0,0,0,0,0,0
"C4470","5","518210","48","0","2018","1","N",1,0,0,0,0,0,0,0,"N",0.02,0,0,0,0,0,0,0,"N",0,0.0,0,0,0,0,0,0,0,0,0,0,0,0,0,0
"C4506","5","518210","48","0","2018","1","N",18,0,0,0,0,0,0,0,"N",0.47,0,0,0,0,0,0,0,"N",0,0.0,0,0,0,0,0,0,0,0,0,0,0,0,0,0
"C4522","5","518210","48","0","2018","1","N",22,0,0,0,0,0,0,0,"N",0.92,0,0,0,0,0,0,0,"N",-1,-4.3,0,0,0,0,0,0,0,0,0,0,0,0,0,0
"C4530","5","518210","48","0","2018","1","N",214,0,0,0,0,0,0,0,"N",1.03,0,0,0,0,0,0,0,"N",13,6.5,0,0,0,0,0,0,0,0,0,0,0,0,0,0
"C4550","5","518210","48","0","2018","1","-",0,0,0,0,0,0,0,0,"N",0.00,0,0,0,0,0,0,0,"N",0,0,0,0,0,0,0,0,0,0,0,0,0,0,0,0
"C4554","5","518210","48","0","2018","1","N",2,0,0,0,0,0,0,0,"N",0.46,0,0,0,0,0,0,0,"N",0,0.0,0,0,0,0,0,0,0,0,0,0,0,0,0,0
"C4578","5","518210","48","0","2018","1","",14,53,52,49,1303126,462869,8907,1953,"",0.43,0.08,0.08,0.07,0.07,0.08,0.05,0.87,"",0,0.0,6,12.8,6,13.0,8,19.5,486990,59.7,91810,24.7,-5048,-36.2,547,38.9
"C4582","5","518210","48","0","2018","1","",8,377,385,389,6496399,4266126,107608,1302,"",0.56,1.54,1.56,1.58,1.02,1.60,2.51,0.65,"N",-1,-11.1,0,0,0,0,0,0,0,0,0,0,0,0,0,0
"C4594","5","518210","48","0","2018","1","",38,379,385,389,6977392,5698723,109174,1397,"",1.52,0.68,0.69,0.69,0.27,0.67,0.74,0.40,"",3,8.6,10,2.7,21,5.8,29,8.1,-127854,-1.8,-431147,-7.0,4338,4.1,-103,-6.9
"C4606","5","518210","48","0","2018","1","",24,195,193,196,12411886,1301137,23399,4905,"",0.57,0.23,0.23,0.23,0.54,0.20,0.16,2.32,"",2,9.1,4,2.1,10,5.5,9,4.8,8066936,185.7,35086,2.8,-5948,-20.3,3118,174.5
"C4614","5","518210","48","0","2018","1","",45,265,270,260,7347023,3840813,53535,2133,"",0.69,0.27,0.28,0.27,0.26,0.27,0.33,0.96,"",-4,-8.2,-3,-1.1,9,3.4,-4,-1.5,3546262,93.3,1091125,39.7,32564,155.3,1027,92.9
"C4622","5","518210","48","0","2018","1","",9,358,455,480,1819343,1502053,36354,325,"",0.75,1.59,1.99,2.10,0.31,0.82,1.53,0.16,"N",3,50.0,0,0,0,0,0,0,0,0,0,0,0,0,0,0
"C4634","5","518210","48","0","2018","1","",7,12,13,14,123263,62614,614,729,"",0.48,0.05,0.06,0.06,0.02,0.03,0.02,0.37,"",0,0.0,-1,-7.7,0,0.0,0,0.0,15492,14.4,-10857,-14.8,20,3.4,107,17.2
"C4652","5","518210","48","0","2018","1","",66,320,322,322,6241039,5789102,66302,1494,"",1.10,0.30,0.30,0.30,0.19,0.37,0.39,0.64,"",-2,-2.9,-8,-2.4,-14,-4.2,-13,-3.9,-84712,-1.3,-166050,-2.8,8805,15.3,33,2.3
"C4654","5","518210","48","0","2018","1","N",8,0,0,0,0,0,0,0,"N",0.54,0,0,0,0,0,0,0,"N",0,0.0,0,0,0,0,0,0,0,0,0,0,0,0,0,0
"C4666","5","518210","48","0","2018","1","N",1,0,0,0,0,0,0,0,"N",0.13,0,0,0,0,0,0,0,"N",0,0.0,0,0,0,0,0,0,0,0,0,0,0,0,0,0
"C4670","5","518210","48","0","2018","1","N",7,0,0,0,0,0,0,0,"N",0.27,0,0,0,0,0,0,0,"N",3,75.0,0,0,0,0,0,0,0,0,0,0,0,0,0,0
"C4702","5","518210","48","0","2018","1","N",2,0,0,0,0,0,0,0,"N",0.33,0,0,0,0,0,0,0,"N",1,100.0,0,0,0,0,0,0,0,0,0,0,0,0,0,0
"C4722","5","518210","48","0","2018","1","N",2,0,0,0,0,0,0,0,"N",0.28,0,0,0,0,0,0,0,"N",1,100.0,0,0,0,0,0,0,0,0,0,0,0,0,0,0
"C4726","5","518210","48","0","2018","1","",56,1399,1395,1381,16749704,8837104,228752,926,"",0.58,0.84,0.83,0.81,0.37,0.69,1.13,0.44,"",-2,-3.4,-115,-7.6,-95,-6.4,-96,-6.5,-145862,-0.9,-521970,-5.6,20691,9.9,56,6.4
"C4730","5","518210","48","0","2018","1","-",0,0,0,0,0,0,0,0,"N",0.00,0,0,0,0,0,0,0,"N",0,0,0,0,0,0,0,0,0,0,0,0,0,0,0,0
"C4738","5","518210","48","0","2018","1","N",9,0,0,0,0,0,0,0,"N",0.70,0,0,0,0,0,0,0,"N",-1,-10.0,0,0,0,0,0,0,0,0,0,0,0,0,0,0
"C4746","5","518210","48","0","2018","1","",4,29,31,30,418080,400366,7062,1072,"",0.75,0.48,0.50,0.48,0.27,0.60,1.20,0.55,"N",-1,-20.0,0,0,0,0,0,0,0,0,0,0,0,0,0,0
"C4758","5","518210","48","0","2018","1","N",1,0,0,0,0,0,0,0,"N",0.13,0,0,0,0,0,0,0,"N",-3,-75.0,0,0,0,0,0,0,0,0,0,0,0,0,0,0
"C4790","5","518210","48","0","2018","1","",654,10895,10989,10915,398001265,90302942,2685528,2800,"",1.47,1.55,1.55,1.54,1.21,1.38,2.14,0.79,"",41,6.7,429,4.1,522,5.0,512,4.9,4488257,1.1,2212128,2.5,403661,17.7,-98,-3.4
"C4794","5","518210","48","0","2018","1","N",9,0,0,0,0,0,0,0,"N",0.80,0,0,0,0,0,0,0,"N",3,50.0,0,0,0,0,0,0,0,0,0,0,0,0,0,0
"C4806","5","518210","48","0","2018","1","N",1,0,0,0,0,0,0,0,"N",0.15,0,0,0,0,0,0,0,"N",0,0.0,0,0,0,0,0,0,0,0,0,0,0,0,0,0
"C4814","5","518210","48","0","2018","1","N",1,0,0,0,0,0,0,0,"N",0.12,0,0,0,0,0,0,0,"N",0,0.0,0,0,0,0,0,0,0,0,0,0,0,0,0,0
"C4826","5","518210","48","0","2018","1","N",1,0,0,0,0,0,0,0,"N",0.17,0,0,0,0,0,0,0,"N",-1,-50.0,0,0,0,0,0,0,0,0,0,0,0,0,0,0
"C4830","5","518210","48","0","2018","1","N",9,0,0,0,0,0,0,0,"N",0.84,0,0,0,0,0,0,0,"N",1,12.5,0,0,0,0,0,0,0,0,0,0,0,0,0,0
"C4854","5","518210","48","0","2018","1","N",1,0,0,0,0,0,0,0,"N",0.12,0,0,0,0,0,0,0,"N",-1,-50.0,0,0,0,0,0,0,0,0,0,0,0,0,0,0
"C4862","5","518210","48","0","2018","1","",21,242,206,200,3523754,2513856,47149,1255,"",0.59,0.37,0.31,0.30,0.19,0.27,0.25,0.59,"",-6,-22.2,10,4.3,-28,-12.0,-32,-13.8,831545,30.9,348689,16.1,16005,51.4,365,41.0
"C4866","5","518210","48","0","2018","1","",4,20,19,16,233474,132541,1926,980,"",0.47,0.15,0.14,0.12,0.08,0.13,0.10,0.57,"N",1,33.3,0,0,0,0,0,0,0,0,0,0,0,0,0,0
"C4870","5","518210","48","0","2018","1","-",0,0,0,0,0,0,0,0,"N",0.00,0,0,0,0,0,0,0,"N",0,0,0,0,0,0,0,0,0,0,0,0,0,0,0,0
"C4890","5","518210","48","0","2018","1","N",21,0,0,0,0,0,0,0,"N",0.95,0,0,0,0,0,0,0,"N",3,16.7,0,0,0,0,0,0,0,0,0,0,0,0,0,0
"C4902","5","518210","48","0","2018","1","N",4,0,0,0,0,0,0,0,"N",0.44,0,0,0,0,0,0,0,"N",0,0.0,0,0,0,0,0,0,0,0,0,0,0,0,0,0
"C4918","5","518210","48","0","2018","1","",26,296,298,299,6878665,3849910,28694,1778,"",0.78,0.51,0.51,0.51,0.41,0.53,0.61,0.81,"",1,4.0,152,105.6,153,105.5,155,107.6,4334188,170.3,1801452,87.9,-968,-3.3,422,31.1
"C4934","5","518210","48","0","2018","1","N",34,0,0,0,0,0,0,0,"N",0.52,0,0,0,0,0,0,0,"N",6,21.4,0,0,0,0,0,0,0,0,0,0,0,0,0,0
"C4942","5","518210","48","0","2018","1","N",3,0,0,0,0,0,0,0,"N",0.17,0,0,0,0,0,0,0,"N",0,0.0,0,0,0,0,0,0,0,0,0,0,0,0,0,0
"C4962","5","518210","48","0","2018","1","N",10,0,0,0,0,0,0,0,"N",0.48,0,0,0,0,0,0,0,"N",2,25.0,0,0,0,0,0,0,0,0,0,0,0,0,0,0
"C4966","5","518210","48","0","2018","1","",9,222,226,225,3308373,1776979,44463,1134,"",0.30,0.48,0.48,0.47,0.30,0.42,0.29,0.63,"",-1,-10.0,10,4.7,12,5.6,10,4.7,352383,11.9,180003,11.3,-5241,-10.5,70,6.6
"C4970","5","518210","48","0","2018","1","N",2,0,0,0,0,0,0,0,"N",0.18,0,0,0,0,0,0,0,"N",1,100.0,0,0,0,0,0,0,0,0,0,0,0,0,0,0
"C4974","5","518210","48","0","2018","1","N",4,0,0,0,0,0,0,0,"N",0.55,0,0,0,0,0,0,0,"N",1,33.3,0,0,0,0,0,0,0,0,0,0,0,0,0,0
"US000","1","518210","18","0","2018","1","",1,1163,1157,1154,17949208,0,0,1192,"",1.00,1.00,1.00,1.00,1.00,0.00,0.00,1.00,"",0,0.0,11,1.0,11,1.0,5,0.4,358489,2.0,0,0.0,0,0.0,14,1.2
"US000","2","518210","18","0","2018","1","",19,939,934,954,17836166,0,0,1456,"",1.00,1.00,1.00,1.00,1.00,0.00,0.00,1.00,"",-1,-5.0,2,0.2,-11,-1.2,-2,-0.2,122643,0.7,0,0.0,0,0.0,16,1.1
"US000","3","518210","18","0","2018","1","",100,2850,2846,2849,48319901,209321,1726,1305,"",1.00,1.00,1.00,1.00,1.00,1.00,1.00,1.00,"",1,1.0,113,4.1,123,4.5,115,4.2,1765766,3.8,-14508,-6.5,-479,-21.7,-6,-0.5
"US000","5","518210","18","0","2018","1","",22755,325614,328338,328924,11238964245,3661093399,81653699,2639,"",1.00,1.00,1.00,1.00,1.00,1.00,1.00,1.00,"",2378,11.7,17947,5.8,18993,6.1,18010,5.8,1752813624,18.5,250284168,7.3,1194552,1.5,280,11.9
