"area_fips","own_code","industry_code","agglvl_code","size_code","year","qtr","disclosure_code","qtrly_estabs","month1_emplvl","month2_emplvl","month3_emplvl","total_qtrly_wages","taxable_qtrly_wages","qtrly_contributions","avg_wkly_wage","lq_disclosure_code","lq_qtrly_estabs","lq_month1_emplvl","lq_month2_emplvl","lq_month3_emplvl","lq_total_qtrly_wages","lq_taxable_qtrly_wages","lq_qtrly_contributions","lq_avg_wkly_wage","oty_disclosure_code","oty_qtrly_estabs_chg","oty_qtrly_estabs_pct_chg","oty_month1_emplvl_chg","oty_month1_emplvl_pct_chg","oty_month2_emplvl_chg","oty_month2_emplvl_pct_chg","oty_month3_emplvl_chg","oty_month3_emplvl_pct_chg","oty_total_qtrly_wages_chg","oty_total_qtrly_wages_pct_chg","oty_taxable_qtrly_wages_chg","oty_taxable_qtrly_wages_pct_chg","oty_qtrly_contributions_chg","oty_qtrly_contributions_pct_chg","oty_avg_wkly_wage_chg","oty_avg_wkly_wage_pct_chg"
"01000","2","518210","58","0","2017","2","N",1,0,0,0,0,0,0,0,"N",3.95,0,0,0,0,0,0,0,"N",0,0.0,0,0,0,0,0,0,0,0,0,0,0,0,0,0
"01000","5","518210","58","0","2017","2","",274,1532,1556,1600,23111225,1973202,53974,1138,"",1.03,0.36,0.37,0.38,0.24,0.34,0.66,0.66,"",97,54.8,399,35.2,432,38.4,463,40.7,8217686,55.2,580532,41.7,10546,24.3,125,12.3
"01001","5","518210","78","0","2017","2","N",1,0,0,0,0,0,0,0,"N",0.54,0,0,0,0,0,0,0,"N",-1,-50.0,0,0,0,0,0,0,0,0,0,0,0,0,0,0
"01003","5","518210","78","0","2017","2","N",11,0,0,0,0,0,0,0,"N",0.85,0,0,0,0,0,0,0,"N",5,83.3,0,0,0,0,0,0,0,0,0,0,0,0,0,0
"01005","5","518210","78","0","2017","2","N",1,0,0,0,0,0,0,0,"N",0.84,0,0,0,0,0,0,0,"N",1,100.0,0,0,0,0,0,0,0,0,0,0,0,0,0,0
"01015","5","518210","78","0","2017","2","N",2,0,0,0,0,0,0,0,"N",0.37,0,0,0,0,0,0,0,"N",0,0.0,0,0,0,0,0,0,0,0,0,0,0,0,0,0
"01019","5","518210","78","0","2017","2","N",1,0,0,0,0,0,0,0,"N",1.18,0,0,0,0,0,0,0,"N",0,0.0,0,0,0,0,0,0,0,0,0,0,0,0,0,0
"01031","5","518210","78","0","2017","2","N",2,0,0,0,0,0,0,0,"N",0.86,0,0,0,0,0,0,0,"N",1,100.0,0,0,0,0,0,0,0,0,0,0,0,0,0,0
"01033","5","518210","78","0","2017","2","N",1,0,0,0,0,0,0,0,"N",0.36,0,0,0,0,0,0,0,"N",1,100.0,0,0,0,0,0,0,0,0,0,0,0,0,0,0
"01043","5","518210","78","0","2017","2","N",1,0,0,0,0,0,0,0,"N",0.26,0,0,0,0,0,0,0,"N",1,100.0,0,0,0,0,0,0,0,0,0,0,0,0,0,0
"01045","5","518210","78","0","2017","2","N",1,0,0,0,0,0,0,0,"N",0.54,0,0,0,0,0,0,0,"N",0,0.0,0,0,0,0,0,0,0,0,0,0,0,0,0,0
"01069","5","518210","78","0","2017","2","N",1,0,0,0,0,0,0,0,"N",0.16,0,0,0,0,0,0,0,"N",0,0.0,0,0,0,0,0,0,0,0,0,0,0,0,0,0
"01071","5","518210","78","0","2017","2","N",1,0,0,0,0,0,0,0,"N",0.49,0,0,0,0,0,0,0,"N",1,100.0,0,0,0,0,0,0,0,0,0,0,0,0,0,0
"01073","5","518210","78","0","2017","2","",32,237,236,238,3685928,123768,1747,1196,"",0.81,0.32,0.32,0.32,0.19,0.13,0.14,0.59,"",3,10.3,-15,-6.0,-6,-2.5,-5,-2.1,-107280,-2.8,-72053,-36.8,-1636,-48.4,8,0.7
"01077","5","518210","78","0","2017","2","N",1,0,0,0,0,0,0,0,"N",0.22,0,0,0,0,0,0,0,"N",0,0.0,0,0,0,0,0,0,0,0,0,0,0,0,0,0
"01081","5","518210","78","0","2017","2","N",5,0,0,0,0,0,0,0,"N",0.75,0,0,0,0,0,0,0,"N",2,66.7,0,0,0,0,0,0,0,0,0,0,0,0,0,0
"01083","5","518210","78","0","2017","2","N",2,0,0,0,0,0,0,0,"N",0.66,0,0,0,0,0,0,0,"N",1,100.0,0,0,0,0,0,0,0,0,0,0,0,0,0,0
"01089","5","518210","78","0","2017","2","N",21,0,0,0,0,0,0,0,"N",1.03,0,0,0,0,0,0,0,"N",6,40.0,0,0,0,0,0,0,0,0,0,0,0,0,0,0
"01095","5","518210","78","0","2017","2","N",3,0,0,0,0,0,0,0,"N",0.68,0,0,0,0,0,0,0,"N",1,50.0,0,0,0,0,0,0,0,0,0,0,0,0,0,0
"01097","5","518210","78","0","2017","2","",11,88,95,98,881869,274789,6842,724,"",0.51,0.24,0.26,0.26,0.11,0.54,0.86,0.42,"",1,10.0,52,144.4,59,163.9,60,157.9,532573,152.5,199368,264.3,5170,309.2,-9,-1.2
"01101","2","518210","78","0","2017","2","N",1,0,0,0,0,0,0,0,"N",76.71,0,0,0,0,0,0,0,"N",0,0.0,0,0,0,0,0,0,0,0,0,0,0,0,0,0
"01101","5","518210","78","0","2017","2","",10,372,371,371,5797249,393140,18242,1201,"",0.73,1.29,1.29,1.28,0.91,1.14,3.72,0.71,"N",4,66.7,0,0,0,0,0,0,0,0,0,0,0,0,0,0
"01103","5","518210","78","0","2017","2","",7,13,14,14,178201,19048,614,1003,"",1.17,0.13,0.14,0.14,0.08,0.12,0.29,0.61,"",0,0.0,1,8.3,2,16.7,2,16.7,5174,3.0,-10044,-34.5,-420,-40.6,-106,-9.6
"01107","5","518210","78","0","2017","2","N",1,0,0,0,0,0,0,0,"N",1.38,0,0,0,0,0,0,0,"N",0,0.0,0,0,0,0,0,0,0,0,0,0,0,0,0,0
"01109","5","518210","78","0","2017","2","N",1,0,0,0,0,0,0,0,"N",0.68,0,0,0,0,0,0,0,"N",-1,-50.0,0,0,0,0,0,0,0,0,0,0,0,0,0,0
"01111","5","518210","78","0","2017","2","N",1,0,0,0,0,0,0,0,"N",1.26,0,0,0,0,0,0,0,"N",0,0.0,0,0,0,0,0,0,0,0,0,0,0,0,0,0
"01113","5","518210","78","0","2017","2","N",2,0,0,0,0,0,0,0,"N",1.05,0,0,0,0,0,0,0,"N",1,100.0,0,0,0,0,0,0,0,0,0,0,0,0,0,0
"01115","5","518210","78","0","2017","2","N",2,0,0,0,0,0,0,0,"N",0.63,0,0,0,0,0,0,0,"N",1,100.0,0,0,0,0,0,0,0,0,0,0,0,0,0,0
"01117","5","518210","78","0","2017","2","",15,80,81,83,1568575,33615,704,1484,"",1.22,0.44,0.44,0.45,0.34,0.13,0.20,0.78,"",2,15.4,0,0.0,-6,-6.9,-7,-7.8,190339,13.8,-40541,-54.7,-1074,-60.4,246,19.9
"01121","5","518210","78","0","2017","2","N",1,0,0,0,0,0,0,0,"N",0.35,0,0,0,0,0,0,0,"N",0,0.0,0,0,0,0,0,0,0,0,0,0,0,0,0,0
"01125","5","518210","78","0","2017","2","N",6,0,0,0,0,0,0,0,"N",0.62,0,0,0,0,0,0,0,"N",2,50.0,0,0,0,0,0,0,0,0,0,0,0,0,0,0
"01999","5","518210","78","0","2017","2","",130,396,406,414,7238020,495324,11764,1374,"",4.81,3.62,3.78,3.79,1.99,2.42,3.03,0.53,"",65,100.0,161,68.5,173,74.2,181,77.7,4272319,144.1,136295,38.0,264,2.3,398,40.8
"02000","5","518210","58","0","2017","2","",28,78,79,71,1074110,782910,14762,1087,"",0.60,0.11,0.11,0.10,0.06,0.15,0.18,0.54,"",4,16.7,10,14.7,11,16.2,5,7.6,249456,30.2,99839,14.6,1547,11.7,145,15.4
"02020","5","518210","78","0","2017","2","",21,66,67,59,759024,658775,12261,912,"",1.20,0.20,0.20,0.18,0.08,0.28,0.32,0.43,"",2,10.5,6,10.0,7,11.7,1,1.7,112099,17.3,67276,11.4,961,8.5,73,8.7
"02090","5","518210","78","0","2017","2","N",3,0,0,0,0,0,0,0,"N",0.62,0,0,0,0,0,0,0,"N",1,50.0,0,0,0,0,0,0,0,0,0,0,0,0,0,0
"02110","5","518210","78","0","2017","2","N",1,0,0,0,0,0,0,0,"N",0.42,0,0,0,0,0,0,0,"N",1,100.0,0,0,0,0,0,0,0,0,0,0,0,0,0,0
"02122","5","518210","78","0","2017","2","N",1,0,0,0,0,0,0,0,"N",0.24,0,0,0,0,0,0,0,"N",0,0.0,0,0,0,0,0,0,0,0,0,0,0,0,0,0
"02170","5","518210","78","0","2017","2","N",1,0,0,0,0,0,0,0,"N",0.22,0,0,0,0,0,0,0,"N",1,100.0,0,0,0,0,0,0,0,0,0,0,0,0,0,0
"02261","5","518210","78","0","2017","2","N",1,0,0,0,0,0,0,0,"N",0.85,0,0,0,0,0,0,0,"N",0,0.0,0,0,0,0,0,0,0,0,0,0,0,0,0,0
"04000","5","518210","58","0","2017","2","",372,9618,9751,9815,223876219,10759703,369474,1770,"",1.11,1.61,1.64,1.67,1.53,1.46,2.33,0.93,"",4,1.1,635,7.1,623,6.8,881,9.9,-4775285,-2.1,2321973,27.5,114906,45.1,-181,-9.3
"04003","5","518210","78","0","2017","2","",5,28,29,31,472475,32975,938,1239,"",1.05,0.37,0.39,0.42,0.29,0.40,0.48,0.73,"",0,0.0,0,0.0,-1,-3.3,1,3.3,62265,15.2,7989,32.0,88,10.4,163,15.1
"04005","5","518210","78","0","2017","2","-",0,0,0,0,0,0,0,0,"N",0.00,0,0,0,0,0,0,0,"N",0,0,0,0,0,0,0,0,0,0,0,0,0,0,0,0
"04007","5","518210","78","0","2017","2","N",1,0,0,0,0,0,0,0,"N",0.49,0,0,0,0,0,0,0,"N",0,0.0,0,0,0,0,0,0,0,0,0,0,0,0,0,0
"04013","5","518210","78","0","2017","2","",274,9202,9340,9400,213185228,10427038,357739,1761,"",1.34,2.19,2.24,2.29,1.99,2.00,3.30,0.89,"",-6,-2.1,626,7.3,610,7.0,853,10.0,-6115308,-2.8,2207190,26.9,109824,44.3,-197,-10.1
"04015","5","518210","78","0","2017","2","N",1,0,0,0,0,0,0,0,"N",0.13,0,0,0,0,0,0,0,"N",0,0.0,0,0,0,0,0,0,0,0,0,0,0,0,0,0
"04019","5","518210","78","0","2017","2","",22,189,184,180,4508423,95692,2626,1881,"",0.55,0.24,0.23,0.23,0.26,0.11,0.15,1.10,"",-3,-12.0,-10,-5.0,-14,-7.1,-6,-3.2,127142,2.9,9664,11.2,67,2.6,147,8.5
"04021","5","518210","78","0","2017","2","N",1,0,0,0,0,0,0,0,"N",0.15,0,0,0,0,0,0,0,"N",-1,-50.0,0,0,0,0,0,0,0,0,0,0,0,0,0,0
"04025","5","518210","78","0","2017","2","N",3,0,0,0,0,0,0,0,"N",0.25,0,0,0,0,0,0,0,"N",1,50.0,0,0,0,0,0,0,0,0,0,0,0,0,0,0
"04027","5","518210","78","0","2017","2","",3,12,11,13,415373,17688,13,2663,"",0.44,0.09,0.09,0.10,0.16,0.10,0.00,1.75,"N",1,50.0,0,0,0,0,0,0,0,0,0,0,0,0,0,0
"04999","5","518210","78","0","2017","2","",62,161,162,165,4976161,145312,6658,2353,"",1.85,2.58,2.59,2.63,1.88,1.43,2.79,0.72,"",12,24.0,-5,-3.0,6,3.8,6,3.8,835378,20.2,45537,45.6,3578,116.2,366,18.4
"05000","2","518210","58","0","2017","2","N",1,0,0,0,0,0,0,0,"N",5.51,0,0,0,0,0,0,0,"N",0,0.0,0,0,0,0,0,0,0,0,0,0,0,0,0,0
"05000","5","518210","58","0","2017","2","",215,1380,1403,1375,25085613,2614001,87203,1392,"",1.13,0.53,0.54,0.52,0.45,0.38,0.78,0.85,"",28,15.0,37,2.8,69,5.2,13,1.0,1552730,6.6,-952578,-26.7,-18677,-17.6,47,3.5
"05001","5","518210","78","0","2017","2","-",0,0,0,0,0,0,0,0,"N",0.00,0,0,0,0,0,0,0,"N",-1,-100.0,0,0,0,0,0,0,0,0,0,0,0,0,0,0
"05005","5","518210","78","0","2017","2","N",1,0,0,0,0,0,0,0,"N",0.38,0,0,0,0,0,0,0,"N",1,100.0,0,0,0,0,0,0,0,0,0,0,0,0,0,0
"05007","5","518210","78","0","2017","2","",20,174,170,165,2695129,488027,15721,1222,"",1.47,0.68,0.67,0.64,0.39,0.59,1.55,0.60,"",7,53.8,8,4.8,13,8.3,2,1.2,530961,24.5,-135467,-21.7,1608,11.4,194,18.9
"05015","5","518210","78","0","2017","2","-",0,0,0,0,0,0,0,0,"N",0.00,0,0,0,0,0,0,0,"N",0,0,0,0,0,0,0,0,0,0,0,0,0,0,0,0
"05031","5","518210","78","0","2017","2","N",1,0,0,0,0,0,0,0,"N",0.16,0,0,0,0,0,0,0,"N",0,0.0,0,0,0,0,0,0,0,0,0,0,0,0,0,0
"05033","5","518210","78","0","2017","2","N",1,0,0,0,0,0,0,0,"N",0.37,0,0,0,0,0,0,0,"N",0,0.0,0,0,0,0,0,0,0,0,0,0,0,0,0,0
"05035","5","518210","78","0","2017","2","N",1,0,0,0,0,0,0,0,"N",0.37,0,0,0,0,0,0,0,"N",0,0.0,0,0,0,0,0,0,0,0,0,0,0,0,0,0
"05039","5","518210","78","0","2017","2","N",1,0,0,0,0,0,0,0,"N",1.84,0,0,0,0,0,0,0,"N",0,0.0,0,0,0,0,0,0,0,0,0,0,0,0,0,0
"05045","5","518210","78","0","2017","2","",4,116,115,111,2007367,155210,2406,1354,"",0.67,1.31,1.30,1.26,1.11,0.76,0.65,0.86,"",-1,-20.0,40,52.6,34,42.0,1,0.9,599363,42.6,-50463,-24.5,62,2.6,137,11.3
"05051","5","518210","78","0","2017","2","N",1,0,0,0,0,0,0,0,"N",0.15,0,0,0,0,0,0,0,"N",0,0.0,0,0,0,0,0,0,0,0,0,0,0,0,0,0
"05055","5","518210","78","0","2017","2","N",2,0,0,0,0,0,0,0,"N",1.04,0,0,0,0,0,0,0,"N",0,0.0,0,0,0,0,0,0,0,0,0,0,0,0,0,0
"05057","5","518210","78","0","2017","2","N",1,0,0,0,0,0,0,0,"N",0.93,0,0,0,0,0,0,0,"N",0,0.0,0,0,0,0,0,0,0,0,0,0,0,0,0,0
"05065","5","518210","78","0","2017","2","N",1,0,0,0,0,0,0,0,"N",1.75,0,0,0,0,0,0,0,"N",0,0.0,0,0,0,0,0,0,0,0,0,0,0,0,0,0
"05085","5","518210","78","0","2017","2","N",1,0,0,0,0,0,0,0,"N",0.36,0,0,0,0,0,0,0,"N",0,0.0,0,0,0,0,0,0,0,0,0,0,0,0,0,0
"05087","5","518210","78","0","2017","2","N",1,0,0,0,0,0,0,0,"N",1.75,0,0,0,0,0,0,0,"N",0,0.0,0,0,0,0,0,0,0,0,0,0,0,0,0,0
"05095","5","518210","78","0","2017","2","N",1,0,0,0,0,0,0,0,"N",1.52,0,0,0,0,0,0,0,"N",0,0.0,0,0,0,0,0,0,0,0,0,0,0,0,0,0
"05097","5","518210","78","0","2017","2","N",1,0,0,0,0,0,0,0,"N",2.68,0,0,0,0,0,0,0,"N",0,0.0,0,0,0,0,0,0,0,0,0,0,0,0,0,0
"05103","5","518210","78","0","2017","2","N",1,0,0,0,0,0,0,0,"N",0.71,0,0,0,0,0,0,0,"N",0,0.0,0,0,0,0,0,0,0,0,0,0,0,0,0,0
"05115","5","518210","78","0","2017","2","N",2,0,0,0,0,0,0,0,"N",0.51,0,0,0,0,0,0,0,"N",0,0.0,0,0,0,0,0,0,0,0,0,0,0,0,0,0
"05119","2","518210","78","0","2017","2","N",1,0,0,0,0,0,0,0,"N",34.37,0,0,0,0,0,0,0,"N",0,0.0,0,0,0,0,0,0,0,0,0,0,0,0,0,0
"05119","5","518210","78","0","2017","2","",31,226,226,226,3653011,527745,14288,1243,"",1.02,0.42,0.42,0.42,0.28,0.45,0.79,0.68,"",1,3.3,-16,-6.6,-16,-6.6,-16,-6.6,-57332,-1.5,-455230,-46.3,-16289,-53.3,64,5.4
"05121","5","518210","78","0","2017","2","N",1,0,0,0,0,0,0,0,"N",1.16,0,0,0,0,0,0,0,"N",0,0.0,0,0,0,0,0,0,0,0,0,0,0,0,0,0
"05125","5","518210","78","0","2017","2","N",3,0,0,0,0,0,0,0,"N",0.70,0,0,0,0,0,0,0,"N",1,50.0,0,0,0,0,0,0,0,0,0,0,0,0,0,0
"05131","5","518210","78","0","2017","2","N",1,0,0,0,0,0,0,0,"N",0.13,0,0,0,0,0,0,0,"N",-1,-50.0,0,0,0,0,0,0,0,0,0,0,0,0,0,0
"05135","5","518210","78","0","2017","2","N",1,0,0,0,0,0,0,0,"N",1.15,0,0,0,0,0,0,0,"N",1,100.0,0,0,0,0,0,0,0,0,0,0,0,0,0,0
"05139","5","518210","78","0","2017","2","N",1,0,0,0,0,0,0,0,"N",0.36,0,0,0,0,0,0,0,"N",-1,-50.0,0,0,0,0,0,0,0,0,0,0,0,0,0,0
"05143","5","518210","78","0","2017","2","N",13,0,0,0,0,0,0,0,"N",1.03,0,0,0,0,0,0,0,"N",-2,-13.3,0,0,0,0,0,0,0,0,0,0,0,0,0,0
"05145","5","518210","78","0","2017","2","-",0,0,0,0,0,0,0,0,"N",0.00,0,0,0,0,0,0,0,"N",0,0,0,0,0,0,0,0,0,0,0,0,0,0,0,0
"05999","5","518210","78","0","2017","2","",123,190,208,180,4123685,436056,11049,1646,"",6.19,2.50,2.68,2.57,1.94,1.83,1.55,0.75,"",24,24.2,37,24.2,62,42.5,35,24.1,1255099,43.8,-20388,-4.5,-1977,-15.2,155,10.4
"06000","3","518210","58","0","2017","2","N",1,0,0,0,0,0,0,0,"N",0.07,0,0,0,0,0,0,0,"N",0,0.0,0,0,0,0,0,0,0,0,0,0,0,0,0,0
"06000","5","518210","58","0","2017","2","",2290,42142,42376,43357,1876638537,37190922,1567104,3387,"",0.71,1.14,1.14,1.16,1.60,0.79,0.83,1.39,"",182,8.6,3094,7.9,3171,8.1,3555,8.9,397480705,26.9,-154977,-0.4,-48284,-3.0,496,17.2
"06001","5","518210","78","0","2017","2","",82,4480,4498,4754,300402122,3188921,113102,5048,"",0.62,2.68,2.69,2.81,4.96,1.67,1.49,1.82,"",8,10.8,701,18.5,704,18.6,829,21.1,80637941,36.7,730444,29.7,25257,28.8,637,14.4
"06003","5","518210","78","0","2017","2","N",2,0,0,0,0,0,0,0,"N",11.02,0,0,0,0,0,0,0,"N",1,100.0,0,0,0,0,0,0,0,0,0,0,0,0,0,0
"06007","5","518210","78","0","2017","2","",5,71,82,83,1130247,134157,7768,1105,"",0.28,0.40,0.45,0.46,0.31,0.62,0.86,0.71,"",0,0.0,22,44.9,44,115.8,40,93.0,589474,109.0,44871,50.3,3672,89.6,145,15.1
"06013","5","518210","78","0","2017","2","",48,308,304,306,8409230,213064,8330,2114,"",0.71,0.39,0.38,0.38,0.32,0.23,0.23,0.85,"",4,9.1,-87,-22.0,-112,-26.9,-171,-35.8,-1032086,-10.9,-210973,-49.8,-9270,-52.7,422,24.9
"06017","5","518210","78","0","2017","2","N",7,0,0,0,0,0,0,0,"N",0.61,0,0,0,0,0,0,0,"N",-1,-12.5,0,0,0,0,0,0,0,0,0,0,0,0,0,0
"06019","5","518210","78","0","2017","2","N",10,0,0,0,0,0,0,0,"N",0.13,0,0,0,0,0,0,0,"N",1,11.1,0,0,0,0,0,0,0,0,0,0,0,0,0,0
"06023","5","518210","78","0","2017","2","N",1,0,0,0,0,0,0,0,"N",0.09,0,0,0,0,0,0,0,"N",0,0.0,0,0,0,0,0,0,0,0,0,0,0,0,0,0
"06029","5","518210","78","0","2017","2","N",4,0,0,0,0,0,0,0,"N",0.10,0,0,0,0,0,0,0,"N",0,0.0,0,0,0,0,0,0,0,0,0,0,0,0,0,0
"06031","5","518210","78","0","2017","2","N",1,0,0,0,0,0,0,0,"N",0.12,0,0,0,0,0,0,0,"N",1,100.0,0,0,0,0,0,0,0,0,0,0,0,0,0,0
"06033","5","518210","78","0","2017","2","N",1,0,0,0,0,0,0,0,"N",0.15,0,0,0,0,0,0,0,"N",0,0.0,0,0,0,0,0,0,0,0,0,0,0,0,0,0
"06037","5","518210","78","0","2017","2","",435,7441,7527,7622,310166998,5640146,271791,3169,"",0.43,0.78,0.79,0.80,1.11,0.47,0.58,1.40,"",10,2.4,458,6.6,542,7.8,754,11.0,135406382,77.5,-721009,-11.3,-32604,-10.7,1233,63.7
"06041","5","518210","78","0","2017","2","",30,151,139,144,2746373,107046,5453,1460,"",1.14,0.60,0.55,0.56,0.32,0.36,0.50,0.57,"",4,15.4,-47,-23.7,-54,-28.0,-49,-25.4,-2621741,-48.8,-50488,-32.0,-1963,-26.5,-661,-31.2
"06047","5","518210","78","0","2017","2","N",2,0,0,0,0,0,0,0,"N",0.14,0,0,0,0,0,0,0,"N",0,0.0,0,0,0,0,0,0,0,0,0,0,0,0,0,0
"06053","5","518210","78","0","2017","2","N",3,0,0,0,0,0,0,0,"N",0.10,0,0,0,0,0,0,0,"N",2,200.0,0,0,0,0,0,0,0,0,0,0,0,0,0,0
"06055","5","518210","78","0","2017","2","",4,34,34,33,1142464,0,0,2610,"",0.32,0.20,0.20,0.19,0.26,0.00,0.00,1.29,"",1,33.3,5,17.2,6,21.4,5,17.9,278080,32.2,0,0.0,0,0.0,263,11.2
"06059","3","518210","78","0","2017","2","N",1,0,0,0,0,0,0,0,"N",0.83,0,0,0,0,0,0,0,"N",0,0.0,0,0,0,0,0,0,0,0,0,0,0,0,0,0
"06059","5","518210","78","0","2017","2","",175,2381,2379,2329,58896137,3273402,173060,1917,"",0.70,0.69,0.69,0.67,0.58,0.76,1.03,0.84,"",2,1.2,-176,-6.9,-162,-6.4,-208,-8.2,2522830,4.5,214533,7.0,11734,7.3,213,12.5
"06061","5","518210","78","0","2017","2","",14,123,124,118,1953007,153262,8130,1235,"",0.51,0.35,0.36,0.33,0.21,0.34,0.45,0.60,"",5,55.6,-56,-31.3,-28,-18.4,-27,-18.6,-71367,-3.5,-91893,-37.5,-1018,-11.1,254,25.9
"06065","5","518210","78","0","2017","2","",26,189,196,195,5376059,69424,2349,2139,"",0.20,0.12,0.13,0.13,0.16,0.03,0.03,1.29,"",3,13.0,-217,-53.4,-211,-51.8,-209,-51.7,-3024160,-36.0,-58927,-45.9,-4966,-67.9,546,34.3
"06067","5","518210","78","0","2017","2","",44,1153,1156,1169,28257749,588692,25609,1875,"",0.36,0.82,0.82,0.83,0.69,0.40,0.43,0.84,"",9,25.7,164,16.6,148,14.7,135,13.1,2476643,9.6,-37972,-6.1,-1475,-5.4,-88,-4.5
"06071","5","518210","78","0","2017","2","",20,124,122,119,1496166,114981,4486,946,"",0.16,0.08,0.08,0.08,0.04,0.06,0.06,0.55,"",0,0.0,-26,-17.3,-33,-21.3,-23,-16.2,-296282,-16.5,-115092,-50.0,-6136,-57.8,21,2.3
"06073","5","518210","78","0","2017","2","",155,1966,1983,1992,55194182,1643643,76428,2144,"",0.67,0.63,0.64,0.64,0.61,0.47,0.56,0.97,"",10,6.9,23,1.2,62,3.2,92,4.8,10200882,22.7,287298,21.2,11959,18.6,343,19.0
"06075","5","518210","78","0","2017","2","",350,8701,8796,9110,331601081,8986976,330585,2876,"",2.74,5.61,5.67,5.84,4.21,5.32,4.96,0.74,"",32,10.1,695,8.7,701,8.7,718,8.6,-33860016,-9.3,-234139,-2.5,-20362,-5.8,-567,-16.5
"06077","5","518210","78","0","2017","2","N",2,0,0,0,0,0,0,0,"N",0.05,0,0,0,0,0,0,0,"N",2,100.0,0,0,0,0,0,0,0,0,0,0,0,0,0,0
"06079","5","518210","78","0","2017","2","",6,105,106,102,1728627,46680,2801,1274,"",0.27,0.41,0.41,0.39,0.29,0.14,0.23,0.73,"",-2,-25.0,10,10.5,11,11.6,16,18.6,237198,15.9,-22571,-32.6,-1122,-28.6,27,2.2
"06081","5","518210","78","0","2017","2","",110,3802,3747,3861,173032713,2695966,131040,3500,"",1.86,4.39,4.34,4.42,3.65,2.75,3.51,0.83,"",4,3.8,153,4.2,142,3.9,167,4.5,-8831683,-4.9,179121,7.1,6857,5.5,-333,-8.7
"06083","5","518210","78","0","2017","2","",18,782,793,815,20699861,859489,33285,1999,"",0.55,1.80,1.81,1.85,1.84,1.35,1.28,1.01,"",1,5.9,194,33.0,184,30.2,197,31.9,5821847,39.1,-12345,-1.4,4782,16.8,107,5.7
"06085","5","518210","78","0","2017","2","",307,7174,7153,7403,487647121,5041268,191255,5179,"",2.01,3.10,3.09,3.16,3.35,2.13,2.04,1.07,"",25,8.9,839,13.2,771,12.1,852,13.0,194898606,66.6,-637062,-11.2,-39243,-17.0,1673,47.7
"06087","5","518210","78","0","2017","2","",9,38,37,42,651242,120825,4212,1285,"",0.44,0.17,0.16,0.17,0.11,0.33,0.27,0.68,"",1,12.5,19,100.0,20,117.6,24,133.3,409062,168.9,72566,150.4,2534,151.0,250,24.2
"06089","5","518210","78","0","2017","2","",3,16,15,17,167865,26311,1342,807,"",0.20,0.11,0.11,0.12,0.06,0.14,0.17,0.51,"N",1,50.0,0,0,0,0,0,0,0,0,0,0,0,0,0,0
"06093","5","518210","78","0","2017","2","N",1,0,0,0,0,0,0,0,"N",0.27,0,0,0,0,0,0,0,"N",0,0.0,0,0,0,0,0,0,0,0,0,0,0,0,0,0
"06095","5","518210","78","0","2017","2","N",4,0,0,0,0,0,0,0,"N",0.17,0,0,0,0,0,0,0,"N",2,100.0,0,0,0,0,0,0,0,0,0,0,0,0,0,0
"06097","5","518210","78","0","2017","2","",13,86,89,85,1397921,61305,2752,1241,"",0.31,0.19,0.20,0.19,0.12,0.11,0.13,0.63,"",3,30.0,-16,-15.7,-12,-11.9,-16,-15.8,-861544,-38.1,-55820,-47.7,-3049,-52.6,-474,-27.6
"06099","5","518210","78","0","2017","2","",5,27,26,25,254661,46280,1777,753,"",0.15,0.07,0.06,0.06,0.03,0.08,0.07,0.44,"",0,0.0,4,17.4,3,13.0,9,56.2,-80299,-24.0,26291,131.5,944,113.3,-494,-39.6
"06111","5","518210","78","0","2017","2","",30,313,314,311,9957247,303239,13746,2450,"",0.53,0.44,0.44,0.44,0.53,0.32,0.37,1.20,"",1,3.4,-9,-2.8,-10,-3.1,-18,-5.5,873074,9.6,18200,6.4,-1896,-12.1,300,14.0
"06113","5","518210","78","0","2017","2","",4,22,23,22,2079011,127011,3702,7161,"",0.28,0.10,0.10,0.10,0.33,0.54,0.37,3.25,"N",0,0.0,0,0,0,0,0,0,0,0,0,0,0,0,0,0
"06115","5","518210","78","0","2017","2","N",2,0,0,0,0,0,0,0,"N",0.57,0,0,0,0,0,0,0,"N",1,100.0,0,0,0,0,0,0,0,0,0,0,0,0,0,0
"06999","5","518210","78","0","2017","2","",357,2319,2439,2430,67482528,3497268,142878,2167,"",3.27,2.87,2.94,2.91,1.97,2.41,2.28,0.68,"",51,16.7,421,22.2,482,24.6,467,23.8,12405575,22.5,372601,11.9,4037,2.9,-18,-0.8
"08000","5","518210","58","0","2017","2","",915,10679,10675,10895,297189379,20473204,534196,2127,"",2.16,1.90,1.90,1.90,1.93,1.34,1.92,1.01,"",255,38.6,1074,11.2,1003,10.4,1149,11.8,57400645,23.9,3270943,19.0,139489,35.3,220,11.5
"08001","5","518210","78","0","2017","2","",25,302,288,295,5936100,543655,9808,1548,"",1.07,0.69,0.65,0.66,0.53,0.47,0.42,0.79,"",7,38.9,20,7.1,-3,-1.0,7,2.4,-99043,-1.6,133369,32.5,2861,41.2,-70,-4.3
"08005","5","518210","78","0","2017","2","",117,2577,2580,2595,90060165,3845181,126509,2681,"",2.49,3.63,3.63,3.60,4.14,2.13,3.76,1.14,"",30,34.5,530,25.9,530,25.9,531,25.7,34499780,62.1,1248653,48.1,42301,50.2,600,28.8
"08007","5","518210","78","0","2017","2","-",0,0,0,0,0,0,0,0,"N",0.00,0,0,0,0,0,0,0,"N",0,0,0,0,0,0,0,0,0,0,0,0,0,0,0,0
"08013","5","518210","78","0","2017","2","",129,894,882,897,24223031,1831152,39777,2091,"",3.97,2.30,2.26,2.28,1.99,2.04,2.57,0.87,"",45,53.6,74,9.0,64,7.8,74,9.0,3199827,15.2,349235,23.6,-1764,-4.2,120,6.1
"08014","5","518210","78","0","2017","2","",32,362,360,374,10833192,636990,13661,2281,"",5.32,4.41,4.38,4.46,2.38,2.90,3.64,0.54,"",11,52.4,34,10.4,31,9.4,42,12.7,2450783,29.2,115232,22.1,-2840,-17.2,325,16.6
"08015","5","518210","78","0","2017","2","N",1,0,0,0,0,0,0,0,"N",0.48,0,0,0,0,0,0,0,"N",0,0.0,0,0,0,0,0,0,0,0,0,0,0,0,0,0
"08019","5","518210","78","0","2017","2","-",0,0,0,0,0,0,0,0,"N",0.00,0,0,0,0,0,0,0,"N",0,0,0,0,0,0,0,0,0,0,0,0,0,0,0,0
"08029","5","518210","78","0","2017","2","N",1,0,0,0,0,0,0,0,"N",0.53,0,0,0,0,0,0,0,"N",0,0.0,0,0,0,0,0,0,0,0,0,0,0,0,0,0
"08031","5","518210","78","0","2017","2","",246,2438,2468,2521,62660407,5512540,126939,1947,"",3.59,2.23,2.26,2.28,1.80,1.97,2.45,0.80,"",69,39.0,552,29.3,513,26.2,522,26.1,12604521,25.2,1140926,26.1,28946,29.5,-31,-1.6
"08035","5","518210","78","0","2017","2","",76,1474,1463,1433,51506102,1123532,21321,2720,"",2.97,5.68,5.59,5.33,6.59,1.55,1.77,1.19,"",13,20.6,-55,-3.6,-59,-3.9,-77,-5.1,593127,1.2,-293787,-20.7,-5650,-20.9,144,5.6
"08037","5","518210","78","0","2017","2","N",9,0,0,0,0,0,0,0,"N",1.21,0,0,0,0,0,0,0,"N",0,0.0,0,0,0,0,0,0,0,0,0,0,0,0,0,0
"08039","5","518210","78","0","2017","2","",4,7,5,6,173583,19459,411,2225,"",2.81,0.91,0.64,0.74,1.16,0.55,0.92,1.51,"N",3,300.0,0,0,0,0,0,0,0,0,0,0,0,0,0,0
"08041","5","518210","78","0","2017","2","",69,510,499,494,10246641,1008993,15790,1573,"",1.65,0.87,0.85,0.83,0.74,0.65,0.53,0.87,"",24,53.3,62,13.8,58,13.2,55,12.5,758521,8.0,194337,23.9,378,2.5,-76,-4.6
"08043","5","518210","78","0","2017","2","",3,4,4,4,44781,17585,272,861,"",1.49,0.14,0.13,0.13,0.09,0.24,0.23,0.65,"",0,0.0,0,0.0,0,0.0,0,0.0,-919,-2.0,3010,20.7,-50,-15.5,-18,-2.0
"08045","5","518210","78","0","2017","2","N",2,0,0,0,0,0,0,0,"N",0.36,0,0,0,0,0,0,0,"N",0,0.0,0,0,0,0,0,0,0,0,0,0,0,0,0,0
"08049","5","518210","78","0","2017","2","N",3,0,0,0,0,0,0,0,"N",1.61,0,0,0,0,0,0,0,"N",0,0.0,0,0,0,0,0,0,0,0,0,0,0,0,0,0
"08051","5","518210","78","0","2017","2","N",1,0,0,0,0,0,0,0,"N",0.39,0,0,0,0,0,0,0,"N",0,0.0,0,0,0,0,0,0,0,0,0,0,0,0,0,0
"08059","5","518210","78","0","2017","2","",83,1309,1348,1495,28944985,4211030,126181,1609,"",1.93,2.60,2.67,2.91,2.09,3.20,5.43,0.76,"",23,38.3,-120,-8.4,-83,-5.8,58,4.0,2954304,11.4,712067,20.4,70166,125.3,213,15.3
"08065","5","518210","78","0","2017","2","N",1,0,0,0,0,0,0,0,"N",1.96,0,0,0,0,0,0,0,"N",1,100.0,0,0,0,0,0,0,0,0,0,0,0,0,0,0
"08067","5","518210","78","0","2017","2","",7,12,11,11,176809,18262,392,1200,"",1.24,0.21,0.19,0.19,0.15,0.08,0.12,0.74,"",3,75.0,4,50.0,3,37.5,3,37.5,58503,49.5,-18690,-50.6,-396,-50.3,62,5.4
"08069","5","518210","78","0","2017","2","",38,478,467,474,6659024,945309,30813,1083,"",1.48,1.41,1.36,1.36,0.83,1.05,1.92,0.60,"",10,35.7,-94,-16.4,-100,-17.6,-89,-15.8,-905940,-12.0,-300359,-24.1,1923,6.7,57,5.6
"08071","5","518210","78","0","2017","2","N",1,0,0,0,0,0,0,0,"N",0.81,0,0,0,0,0,0,0,"N",0,0.0,0,0,0,0,0,0,0,0,0,0,0,0,0,0
"08077","5","518210","78","0","2017","2","",8,48,48,49,949931,71803,750,1512,"",0.77,0.36,0.36,0.37,0.35,0.20,0.09,0.95,"",1,14.3,13,37.1,15,45.5,15,44.1,428732,82.3,17718,32.8,148,24.6,333,28.2
"08083","5","518210","78","0","2017","2","N",2,0,0,0,0,0,0,0,"N",1.04,0,0,0,0,0,0,0,"N",0,0.0,0,0,0,0,0,0,0,0,0,0,0,0,0,0
"08085","5","518210","78","0","2017","2","N",3,0,0,0,0,0,0,0,"N",1.01,0,0,0,0,0,0,0,"N",0,0.0,0,0,0,0,0,0,0,0,0,0,0,0,0,0
"08089","5","518210","78","0","2017","2","N",1,0,0,0,0,0,0,0,"N",0.92,0,0,0,0,0,0,0,"N",0,0.0,0,0,0,0,0,0,0,0,0,0,0,0,0,0
"08093","5","518210","78","0","2017","2","",3,6,6,6,86530,8783,195,1109,"",2.56,1.17,1.11,1.04,0.91,0.39,0.64,0.82,"",0,0.0,1,20.0,1,20.0,2,50.0,7666,9.7,1819,26.1,45,30.0,-191,-14.7
"08097","5","518210","78","0","2017","2","N",2,0,0,0,0,0,0,0,"N",0.52,0,0,0,0,0,0,0,"N",2,100.0,0,0,0,0,0,0,0,0,0,0,0,0,0,0
"08101","5","518210","78","0","2017","2","",4,41,40,41,486959,155275,7494,921,"",0.55,0.31,0.30,0.31,0.18,0.46,1.08,0.60,"",0,0.0,4,10.8,4,11.1,5,13.9,179925,58.6,36746,31.0,3254,76.7,271,41.7
"08107","5","518210","78","0","2017","2","N",1,0,0,0,0,0,0,0,"N",0.26,0,0,0,0,0,0,0,"N",1,100.0,0,0,0,0,0,0,0,0,0,0,0,0,0,0
"08109","5","518210","78","0","2017","2","N",1,0,0,0,0,0,0,0,"N",2.43,0,0,0,0,0,0,0,"N",0,0.0,0,0,0,0,0,0,0,0,0,0,0,0,0,0
"08111","5","518210","78","0","2017","2","N",1,0,0,0,0,0,0,0,"N",6.00,0,0,0,0,0,0,0,"N",1,100.0,0,0,0,0,0,0,0,0,0,0,0,0,0,0
"08113","5","518210","78","0","2017","2","N",2,0,0,0,0,0,0,0,"N",1.36,0,0,0,0,0,0,0,"N",0,0.0,0,0,0,0,0,0,0,0,0,0,0,0,0,0
"08117","5","518210","78","0","2017","2","",5,10,10,10,237985,19187,409,1831,"",1.03,0.21,0.26,0.23,0.29,0.13,0.17,1.25,"",2,66.7,5,100.0,2,25.0,2,25.0,56761,31.3,15678,446.8,334,445.3,-160,-8.0
"08119","5","518210","78","0","2017","2","N",3,0,0,0,0,0,0,0,"N",1.59,0,0,0,0,0,0,0,"N",1,50.0,0,0,0,0,0,0,0,0,0,0,0,0,0,0
"08123","5","518210","78","0","2017","2","",24,88,85,81,1959730,294465,6421,1780,"",1.54,0.39,0.37,0.35,0.36,0.43,0.49,0.99,"",5,26.3,25,39.7,15,21.4,1,1.2,358913,22.4,-68661,-18.9,1948,43.6,46,2.7
"08999","5","518210","78","0","2017","2","",7,44,44,44,1094619,18877,325,1914,"",1.35,1.04,1.05,1.05,0.62,0.14,0.09,0.59,"N",3,75.0,0,0,0,0,0,0,0,0,0,0,0,0,0,0
"09000","3","518210","58","0","2017","2","N",1,0,0,0,0,0,0,0,"N",0.83,0,0,0,0,0,0,0,"N",0,0.0,0,0,0,0,0,0,0,0,0,0,0,0,0,0
"09000","5","518210","58","0","2017","2","",167,1524,1524,1528,32910433,3515860,138054,1660,"",0.66,0.42,0.42,0.41,0.28,0.36,0.40,0.68,"",12,7.7,49,3.3,51,3.5,37,2.5,1035629,3.2,-411439,-10.5,-16172,-10.5,3,0.2
"09001","5","518210","78","0","2017","2","",57,330,331,335,10451327,791582,32742,2422,"",0.76,0.36,0.36,0.36,0.29,0.31,0.38,0.80,"",8,16.3,8,2.5,14,4.4,16,5.0,1360069,15.0,166865,26.7,7432,29.4,232,10.6
"09003","5","518210","78","0","2017","2","",37,750,749,757,13645513,1469314,54172,1396,"",0.62,0.68,0.68,0.68,0.39,0.51,0.54,0.57,"",-3,-7.5,7,0.9,6,0.8,4,0.5,-1121699,-7.6,-493058,-25.1,-24009,-30.7,-126,-8.3
"09005","5","518210","78","0","2017","2","",9,19,19,18,338108,91954,2683,1393,"",0.70,0.15,0.14,0.13,0.11,0.23,0.19,0.78,"",0,0.0,1,5.6,-1,-5.0,-1,-5.3,-646,-0.2,-8109,-8.1,-1630,-37.8,22,1.6
"09007","5","518210","78","0","2017","2","N",3,0,0,0,0,0,0,0,"N",0.27,0,0,0,0,0,0,0,"N",0,0.0,0,0,0,0,0,0,0,0,0,0,0,0,0,0
"09009","5","518210","78","0","2017","2","",24,189,188,183,2601786,548795,20556,1072,"",0.47,0.24,0.24,0.23,0.12,0.26,0.28,0.50,"",3,14.3,-4,-2.1,-9,-4.6,-23,-11.2,-202927,-7.2,-71551,-11.5,606,3.0,-14,-1.3
"09011","3","518210","78","0","2017","2","N",1,0,0,0,0,0,0,0,"N",13.15,0,0,0,0,0,0,0,"N",0,0.0,0,0,0,0,0,0,0,0,0,0,0,0,0,0
"09011","5","518210","78","0","2017","2","",8,29,29,30,545691,83362,5120,1431,"",0.50,0.11,0.11,0.11,0.08,0.12,0.21,0.71,"",-1,-11.1,-8,-21.6,-7,-19.4,-4,-11.8,974,0.2,-19977,-19.3,502,10.9,256,21.8
"09013","5","518210","78","0","2017","2","N",4,0,0,0,0,0,0,0,"N",0.58,0,0,0,0,0,0,0,"N",2,100.0,0,0,0,0,0,0,0,0,0,0,0,0,0,0
"09015","5","518210","78","0","2017","2","N",1,0,0,0,0,0,0,0,"N",0.17,0,0,0,0,0,0,0,"N",1,100.0,0,0,0,0,0,0,0,0,0,0,0,0,0,0
"09999","5","518210","78","0","2017","2","",24,194,195,192,5130368,491472,20243,2038,"",1.71,1.99,1.96,1.91,1.15,1.44,1.64,0.59,"",2,9.1,43,28.5,45,30.0,42,28.0,910051,21.6,20597,4.4,949,4.9,-121,-5.6
"10000","2","518210","58","0","2017","2","N",1,0,0,0,0,0,0,0,"N",15.37,0,0,0,0,0,0,0,"N",0,0.0,0,0,0,0,0,0,0,0,0,0,0,0,0,0
"10000","5","518210","58","0","2017","2","",94,763,763,768,16321830,2494746,46284,1642,"",1.38,0.80,0.80,0.79,0.64,0.72,0.89,0.81,"",3,3.3,-125,-14.1,-115,-13.1,-90,-10.5,-2666016,-14.0,-644876,-20.5,-6569,-12.4,-28,-1.7
"10001","2","518210","78","0","2017","2","N",1,0,0,0,0,0,0,0,"N",122.08,0,0,0,0,0,0,0,"N",0,0.0,0,0,0,0,0,0,0,0,0,0,0,0,0,0
"10001","5","518210","78","0","2017","2","",12,10,10,12,376743,65085,1332,2717,"",1.40,0.07,0.07,0.08,0.13,0.14,0.20,1.74,"N",2,20.0,0,0,0,0,0,0,0,0,0,0,0,0,0,0
"10003","5","518210","78","0","2017","2","",58,703,704,711,14511856,2294162,43130,1581,"",1.38,1.13,1.13,1.14,0.79,1.07,1.33,0.69,"",-3,-4.9,-104,-12.9,-90,-11.3,-66,-8.5,-2086007,-12.6,-553733,-19.4,-4855,-10.1,-30,-1.9
"10005","5","518210","78","0","2017","2","",16,30,30,28,577020,119826,1520,1513,"",1.11,0.18,0.17,0.15,0.17,0.15,0.14,1.03,"",3,23.1,7,30.4,5,20.0,2,7.7,21615,3.9,-36008,-23.1,-108,-6.6,-219,-12.6
"10999","5","518210","78","0","2017","2","",8,20,19,17,856211,15673,302,3528,"",2.67,1.06,1.07,0.95,1.31,0.18,0.16,1.27,"N",1,14.3,0,0,0,0,0,0,0,0,0,0,0,0,0,0
"11000","5","518210","58","0","2017","2","",152,554,560,539,14213365,728148,21058,1984,"",1.83,0.33,0.34,0.32,0.20,0.42,0.48,0.59,"",46,43.4,-11,-1.9,-18,-3.1,-33,-5.8,227628,1.6,-44541,-5.8,-2138,-9.2,102,5.4
"11001","5","518210","78","0","2017","2","",152,554,560,539,14213365,728148,21058,1984,"",1.83,0.33,0.34,0.32,0.20,0.42,0.48,0.59,"",46,43.4,-11,-1.9,-18,-3.1,-33,-5.8,227628,1.6,-44541,-5.8,-2138,-9.2,102,5.4
"12000","2","518210","58","0","2017","2","N",1,0,0,0,0,0,0,0,"N",0.73,0,0,0,0,0,0,0,"N",0,0.0,0,0,0,0,0,0,0,0,0,0,0,0,0,0
"12000","3","518210","58","0","2017","2","N",2,0,0,0,0,0,0,0,"N",0.29,0,0,0,0,0,0,0,"N",0,0.0,0,0,0,0,0,0,0,0,0,0,0,0,0,0
"12000","5","518210","58","0","2017","2","",1575,18005,18087,18112,453107551,15636722,236252,1929,"",1.09,0.97,0.98,0.99,1.04,0.64,0.97,1.06,"",118,8.1,726,4.2,851,4.9,873,5.1,42282419,10.3,732849,4.9,-19143,-7.5,97,5.3
"12001","5","518210","78","0","2017","2","",8,32,34,36,451866,83811,669,1022,"",0.53,0.11,0.12,0.13,0.07,0.29,0.28,0.60,"",3,60.0,14,77.8,16,88.9,19,111.8,262268,138.3,61001,267.4,571,582.7,196,23.7
"12005","5","518210","78","0","2017","2","N",2,0,0,0,0,0,0,0,"N",0.17,0,0,0,0,0,0,0,"N",-1,-33.3,0,0,0,0,0,0,0,0,0,0,0,0,0,0
"12009","5","518210","78","0","2017","2","",26,128,130,129,2245498,174184,2146,1339,"",0.78,0.28,0.29,0.29,0.21,0.30,0.38,0.71,"",2,8.3,-5,-3.8,-10,-7.1,-17,-11.6,-1507898,-40.2,52109,42.7,-835,-28.0,-728,-35.2
"12011","5","518210","78","0","2017","2","",162,4076,4078,4069,91579348,1961786,28127,1729,"",1.10,2.34,2.35,2.36,2.11,0.87,1.11,0.90,"",17,11.7,321,8.5,257,6.7,180,4.6,7244195,8.6,-1044636,-34.7,-18256,-39.4,31,1.8
"12015","5","518210","78","0","2017","2","N",5,0,0,0,0,0,0,0,"N",0.51,0,0,0,0,0,0,0,"N",-1,-16.7,0,0,0,0,0,0,0,0,0,0,0,0,0,0
"12017","5","518210","78","0","2017","2","N",2,0,0,0,0,0,0,0,"N",0.30,0,0,0,0,0,0,0,"N",0,0.0,0,0,0,0,0,0,0,0,0,0,0,0,0,0
"12019","5","518210","78","0","2017","2","N",3,0,0,0,0,0,0,0,"N",0.32,0,0,0,0,0,0,0,"N",-3,-50.0,0,0,0,0,0,0,0,0,0,0,0,0,0,0
"12021","5","518210","78","0","2017","2","",10,19,15,14,299166,5220,5,1438,"",0.34,0.06,0.05,0.05,0.04,0.01,0.00,0.82,"",-3,-23.1,2,11.8,-10,-40.0,-12,-46.2,-186655,-38.4,-13881,-72.7,-321,-98.5,-211,-12.8
"12023","5","518210","78","0","2017","2","N",1,0,0,0,0,0,0,0,"N",0.30,0,0,0,0,0,0,0,"N",1,100.0,0,0,0,0,0,0,0,0,0,0,0,0,0,0
"12031","3","518210","78","0","2017","2","N",1,0,0,0,0,0,0,0,"N",3.32,0,0,0,0,0,0,0,"N",0,0.0,0,0,0,0,0,0,0,0,0,0,0,0,0,0
"12031","5","518210","78","0","2017","2","",74,1753,1769,1809,110021060,1608898,16701,4763,"",1.17,1.61,1.63,1.66,4.03,1.18,1.06,2.47,"",6,8.8,-1,-0.1,21,1.2,69,4.0,25734186,30.5,-389839,-19.5,-12740,-43.3,1052,28.3
"12033","5","518210","78","0","2017","2","N",5,0,0,0,0,0,0,0,"N",0.29,0,0,0,0,0,0,0,"N",-2,-28.6,0,0,0,0,0,0,0,0,0,0,0,0,0,0
"12035","5","518210","78","0","2017","2","N",7,0,0,0,0,0,0,0,"N",1.34,0,0,0,0,0,0,0,"N",-1,-12.5,0,0,0,0,0,0,0,0,0,0,0,0,0,0
"12041","5","518210","78","0","2017","2","N",1,0,0,0,0,0,0,0,"N",1.42,0,0,0,0,0,0,0,"N",0,0.0,0,0,0,0,0,0,0,0,0,0,0,0,0,0
"12051","5","518210","78","0","2017","2","N",1,0,0,0,0,0,0,0,"N",0.53,0,0,0,0,0,0,0,"N",-1,-50.0,0,0,0,0,0,0,0,0,0,0,0,0,0,0
"12053","5","518210","78","0","2017","2","N",5,0,0,0,0,0,0,0,"N",0.64,0,0,0,0,0,0,0,"N",0,0.0,0,0,0,0,0,0,0,0,0,0,0,0,0,0
"12055","5","518210","78","0","2017","2","N",1,0,0,0,0,0,0,0,"N",0.21,0,0,0,0,0,0,0,"N",0,0.0,0,0,0,0,0,0,0,0,0,0,0,0,0,0
"12057","5","518210","78","0","2017","2","",110,2714,2741,2783,62791238,2480099,27323,1759,"",1.23,1.85,1.88,1.93,1.71,1.39,1.51,0.91,"",17,18.3,223,9.0,223,8.9,257,10.2,1048201,1.7,561797,29.3,-2830,-9.4,-132,-7.0
"12061","5","518210","78","0","2017","2","",9,38,35,39,373449,90830,117,769,"",0.84,0.34,0.31,0.36,0.17,0.62,0.08,0.50,"",-1,-10.0,-2,-5.0,-9,-20.5,-1,-2.5,-104116,-21.8,-15615,-14.7,-413,-77.9,-120,-13.5
"12063","5","518210","78","0","2017","2","N",1,0,0,0,0,0,0,0,"N",0.51,0,0,0,0,0,0,0,"N",0,0.0,0,0,0,0,0,0,0,0,0,0,0,0,0,0
"12069","5","518210","78","0","2017","2","N",8,0,0,0,0,0,0,0,"N",0.46,0,0,0,0,0,0,0,"N",3,60.0,0,0,0,0,0,0,0,0,0,0,0,0,0,0
"12071","5","518210","78","0","2017","2","",34,172,177,175,3198586,139218,2436,1409,"",0.73,0.31,0.32,0.33,0.27,0.19,0.36,0.84,"",3,9.7,15,9.6,24,15.7,30,20.7,72428,2.3,37371,36.7,547,29.0,-177,-11.2
"12073","2","518210","78","0","2017","2","N",1,0,0,0,0,0,0,0,"N",56.41,0,0,0,0,0,0,0,"N",0,0.0,0,0,0,0,0,0,0,0,0,0,0,0,0,0
"12073","3","518210","78","0","2017","2","N",1,0,0,0,0,0,0,0,"N",11.28,0,0,0,0,0,0,0,"N",0,0.0,0,0,0,0,0,0,0,0,0,0,0,0,0,0
"12073","5","518210","78","0","2017","2","",23,725,765,820,7653500,1080977,17714,765,"",1.24,2.23,2.38,2.58,1.11,3.53,6.32,0.46,"",0,0.0,11,1.5,110,16.8,177,27.5,63581,0.8,634195,141.9,10910,160.3,-106,-12.2
"12081","5","518210","78","0","2017","2","",24,76,74,77,604670,155419,2307,615,"",1.05,0.28,0.28,0.30,0.11,0.40,0.66,0.39,"",7,41.2,-3,-3.8,-4,-5.1,-3,-3.8,-43231,-6.7,-10276,-6.2,-1946,-45.8,-16,-2.5
"12083","5","518210","78","0","2017","2","N",5,0,0,0,0,0,0,0,"N",0.28,0,0,0,0,0,0,0,"N",1,25.0,0,0,0,0,0,0,0,0,0,0,0,0,0,0
"12085","5","518210","78","0","2017","2","",11,30,28,29,545401,34731,548,1447,"",0.82,0.20,0.19,0.20,0.18,0.18,0.27,0.91,"",3,37.5,11,57.9,8,40.0,9,45.0,148891,37.6,6306,22.2,-159,-22.5,-104,-6.7
"12086","5","518210","78","0","2017","2","",156,811,802,786,19047386,915051,14290,1832,"",0.75,0.33,0.33,0.33,0.31,0.30,0.43,0.94,"",13,9.1,52,6.9,46,6.1,36,4.8,4097726,27.4,243716,36.3,3190,28.7,309,20.3
"12087","5","518210","78","0","2017","2","N",2,0,0,0,0,0,0,0,"N",0.21,0,0,0,0,0,0,0,"N",0,0.0,0,0,0,0,0,0,0,0,0,0,0,0,0,0
"12089","5","518210","78","0","2017","2","N",3,0,0,0,0,0,0,0,"N",0.66,0,0,0,0,0,0,0,"N",0,0.0,0,0,0,0,0,0,0,0,0,0,0,0,0,0
"12091","5","518210","78","0","2017","2","",14,101,107,108,1265167,105364,1339,924,"",1.04,0.56,0.59,0.60,0.31,0.43,0.55,0.53,"",3,27.3,23,29.5,31,40.8,29,36.7,209737,19.9,51346,95.1,767,134.1,-121,-11.6
"12095","5","518210","78","0","2017","2","",114,1751,1752,1712,30197726,1247752,22714,1336,"",1.28,0.98,0.99,0.97,0.72,0.52,1.04,0.74,"",7,6.5,-185,-9.6,-125,-6.7,-110,-6.0,-509081,-1.7,-522357,-29.5,-12558,-35.6,78,6.2
"12097","5","518210","78","0","2017","2","",8,14,13,14,177932,16665,116,1001,"",0.55,0.07,0.07,0.07,0.05,0.06,0.04,0.69,"",2,33.3,-19,-57.6,-18,-58.1,-16,-53.3,-974903,-84.6,557,3.5,-66,-36.3,-1829,-64.6
"12099","5","518210","78","0","2017","2","",141,741,722,728,17322360,546040,7226,1824,"",1.18,0.56,0.55,0.57,0.51,0.31,0.39,0.90,"",35,33.0,3,0.4,-14,-1.9,-11,-1.5,-468425,-2.6,106494,24.2,1471,25.6,-31,-1.7
"12101","5","518210","78","0","2017","2","",12,35,14,15,229634,46398,1026,828,"",0.52,0.14,0.06,0.06,0.05,0.14,0.34,0.55,"",0,0.0,1,2.9,-13,-48.1,-15,-50.0,-126318,-35.5,-75186,-61.8,-2053,-66.7,-75,-8.3
"12103","5","518210","78","0","2017","2","",77,891,902,907,18696414,678986,13081,1598,"",1.10,0.96,0.97,0.98,0.87,0.56,1.15,0.89,"",0,0.0,94,11.8,108,13.6,97,12.0,4094991,28.0,33168,5.1,800,6.5,195,13.9
"12105","5","518210","78","0","2017","2","",8,35,35,34,694347,72738,1527,1541,"",0.29,0.07,0.07,0.07,0.07,0.11,0.27,0.99,"",4,100.0,18,105.9,18,105.9,19,126.7,508390,273.4,44700,159.4,1059,226.3,665,75.9
"12109","5","518210","78","0","2017","2","",19,30,34,35,567109,73574,1593,1322,"",1.24,0.19,0.21,0.22,0.17,0.33,0.83,0.83,"",6,46.2,10,50.0,19,126.7,19,118.8,136379,31.7,49650,207.5,1267,388.7,-627,-32.2
"12111","5","518210","78","0","2017","2","N",3,0,0,0,0,0,0,0,"N",0.22,0,0,0,0,0,0,0,"N",1,50.0,0,0,0,0,0,0,0,0,0,0,0,0,0,0
"12113","5","518210","78","0","2017","2","N",4,0,0,0,0,0,0,0,"N",0.55,0,0,0,0,0,0,0,"N",-1,-20.0,0,0,0,0,0,0,0,0,0,0,0,0,0,0
"12115","5","518210","78","0","2017","2","",20,69,63,66,1259323,76649,1496,1468,"",0.59,0.19,0.17,0.19,0.16,0.16,0.36,0.87,"",3,17.6,20,40.8,15,31.2,20,43.5,516963,69.6,-5130,-6.3,-308,-17.1,270,22.5
"12117","5","518210","78","0","2017","2","",44,1357,1361,1350,22902828,586087,6979,1299,"",1.38,3.33,3.35,3.32,2.42,1.10,1.27,0.72,"",7,18.9,82,6.4,58,4.5,41,3.1,-1197539,-5.0,-179758,-23.5,-10229,-59.4,-132,-9.2
"12119","5","518210","78","0","2017","2","N",3,0,0,0,0,0,0,0,"N",0.78,0,0,0,0,0,0,0,"N",0,0.0,0,0,0,0,0,0,0,0,0,0,0,0,0,0
"12123","5","518210","78","0","2017","2","N",1,0,0,0,0,0,0,0,"N",1.06,0,0,0,0,0,0,0,"N",1,100.0,0,0,0,0,0,0,0,0,0,0,0,0,0,0
"12127","5","518210","78","0","2017","2","",17,49,51,51,761071,55100,643,1163,"",0.56,0.13,0.14,0.14,0.10,0.11,0.13,0.77,"N",2,13.3,0,0,0,0,0,0,0,0,0,0,0,0,0,0
"12129","5","518210","78","0","2017","2","-",0,0,0,0,0,0,0,0,"N",0.00,0,0,0,0,0,0,0,"N",0,0,0,0,0,0,0,0,0,0,0,0,0,0,0,0
"12131","5","518210","78","0","2017","2","",4,8,8,8,179764,4759,25,1729,"",0.73,0.14,0.14,0.14,0.17,0.05,0.03,1.22,"",-1,-20.0,-1,-11.1,-1,-11.1,-1,-11.1,-62159,-25.7,-12733,-72.8,-316,-92.7,-339,-16.4
"12133","5","518210","78","0","2017","2","N",1,0,0,0,0,0,0,0,"N",1.05,0,0,0,0,0,0,0,"N",0,0.0,0,0,0,0,0,0,0,0,0,0,0,0,0,0
"12999","5","518210","78","0","2017","2","",386,1801,1833,1784,54433409,2747536,53762,2318,"",4.32,3.08,3.10,3.04,2.49,2.78,4.72,0.81,"",-13,-3.3,148,9.0,186,11.3,140,8.5,3642096,7.2,1279361,87.1,30832,134.5,-53,-2.2
"13000","5","518210","58","0","2017","2","",608,11438,11515,11416,302886553,13920683,304080,2034,"",1.03,1.21,1.22,1.21,1.28,0.79,1.12,1.06,"",-43,-6.6,2418,26.8,1948,20.4,1948,20.6,63019586,26.3,-1547328,-10.0,-115594,-27.5,61,3.1
"13009","5","518210","78","0","2017","2","N",1,0,0,0,0,0,0,0,"N",0.57,0,0,0,0,0,0,0,"N",1,100.0,0,0,0,0,0,0,0,0,0,0,0,0,0,0
"13013","5","518210","78","0","2017","2","N",3,0,0,0,0,0,0,0,"N",1.20,0,0,0,0,0,0,0,"N",1,50.0,0,0,0,0,0,0,0,0,0,0,0,0,0,0
"13015","5","518210","78","0","2017","2","-",0,0,0,0,0,0,0,0,"N",0.00,0,0,0,0,0,0,0,"N",0,0,0,0,0,0,0,0,0,0,0,0,0,0,0,0
"13021","5","518210","78","0","2017","2","N",4,0,0,0,0,0,0,0,"N",0.45,0,0,0,0,0,0,0,"N",0,0.0,0,0,0,0,0,0,0,0,0,0,0,0,0,0
"13025","5","518210","78","0","2017","2","-",0,0,0,0,0,0,0,0,"N",0.00,0,0,0,0,0,0,0,"N",0,0,0,0,0,0,0,0,0,0,0,0,0,0,0,0
"13033","5","518210","78","0","2017","2","-",0,0,0,0,0,0,0,0,"N",0.00,0,0,0,0,0,0,0,"N",0,0,0,0,0,0,0,0,0,0,0,0,0,0,0,0
"13045","5","518210","78","0","2017","2","N",1,0,0,0,0,0,0,0,"N",0.22,0,0,0,0,0,0,0,"N",-2,-66.7,0,0,0,0,0,0,0,0,0,0,0,0,0,0
"13047","5","518210","78","0","2017","2","N",1,0,0,0,0,0,0,0,"N",0.50,0,0,0,0,0,0,0,"N",0,0.0,0,0,0,0,0,0,0,0,0,0,0,0,0,0
"13051","5","518210","78","0","2017","2","",7,50,51,52,930935,61703,1049,1404,"",0.40,0.15,0.15,0.16,0.13,0.10,0.12,0.81,"",0,0.0,3,6.4,1,2.0,0,0.0,91065,10.8,-2933,-4.5,-355,-25.3,103,7.9
"13057","5","518210","78","0","2017","2","",11,59,58,61,1419743,67117,950,1841,"",0.92,0.46,0.46,0.48,0.56,0.25,0.29,1.21,"N",-4,-26.7,0,0,0,0,0,0,0,0,0,0,0,0,0,0
"13059","5","518210","78","0","2017","2","N",2,0,0,0,0,0,0,0,"N",0.30,0,0,0,0,0,0,0,"N",-1,-33.3,0,0,0,0,0,0,0,0,0,0,0,0,0,0
"13063","5","518210","78","0","2017","2","N",3,0,0,0,0,0,0,0,"N",0.35,0,0,0,0,0,0,0,"N",-1,-25.0,0,0,0,0,0,0,0,0,0,0,0,0,0,0
"13067","5","518210","78","0","2017","2","",68,1022,1013,1013,38560364,1277490,19794,2919,"",1.45,1.32,1.30,1.30,1.77,0.85,0.86,1.36,"",-2,-2.9,161,18.7,153,17.8,135,15.4,9631102,33.3,-156607,-10.9,-6777,-25.5,350,13.6
"13073","5","518210","78","0","2017","2","N",4,0,0,0,0,0,0,0,"N",0.77,0,0,0,0,0,0,0,"N",0,0.0,0,0,0,0,0,0,0,0,0,0,0,0,0,0
"13077","5","518210","78","0","2017","2","",4,3,3,3,76321,12402,288,1957,"",0.73,0.04,0.04,0.04,0.05,0.08,0.13,1.30,"N",0,0.0,0,0,0,0,0,0,0,0,0,0,0,0,0,0
"13089","5","518210","78","0","2017","2","",33,924,909,924,30543580,895026,12604,2557,"",0.86,1.44,1.42,1.43,1.76,0.82,0.78,1.24,"",-2,-5.7,346,59.9,325,55.7,327,54.8,11548252,60.8,122407,15.8,-3836,-23.3,65,2.6
"13095","5","518210","78","0","2017","2","N",4,0,0,0,0,0,0,0,"N",0.80,0,0,0,0,0,0,0,"N",0,0.0,0,0,0,0,0,0,0,0,0,0,0,0,0,0
"13097","5","518210","78","0","2017","2","N",1,0,0,0,0,0,0,0,"N",0.18,0,0,0,0,0,0,0,"N",-2,-66.7,0,0,0,0,0,0,0,0,0,0,0,0,0,0
"13113","5","518210","78","0","2017","2","N",4,0,0,0,0,0,0,0,"N",0.52,0,0,0,0,0,0,0,"N",0,0.0,0,0,0,0,0,0,0,0,0,0,0,0,0,0
"13117","5","518210","78","0","2017","2","",13,28,25,26,750630,62338,1015,2193,"",1.04,0.18,0.16,0.16,0.20,0.20,0.27,1.18,"",-3,-18.8,0,0.0,-3,-10.7,-3,-10.3,236030,45.9,31647,103.1,49,5.1,796,57.0
"13121","5","518210","78","0","2017","2","",162,4720,4673,4683,135547308,5014586,98354,2222,"",1.76,2.57,2.55,2.53,2.12,1.59,1.89,0.83,"",2,1.2,1580,50.3,1552,49.7,1517,47.9,53849344,65.9,490064,10.8,-3043,-3.0,222,11.1
"13123","5","518210","78","0","2017","2","N",1,0,0,0,0,0,0,0,"N",0.80,0,0,0,0,0,0,0,"N",-1,-50.0,0,0,0,0,0,0,0,0,0,0,0,0,0,0
"13127","5","518210","78","0","2017","2","N",1,0,0,0,0,0,0,0,"N",0.18,0,0,0,0,0,0,0,"N",-1,-50.0,0,0,0,0,0,0,0,0,0,0,0,0,0,0
"13129","5","518210","78","0","2017","2","N",1,0,0,0,0,0,0,0,"N",0.45,0,0,0,0,0,0,0,"N",0,0.0,0,0,0,0,0,0,0,0,0,0,0,0,0,0
"13133","5","518210","78","0","2017","2","N",1,0,0,0,0,0,0,0,"N",1.02,0,0,0,0,0,0,0,"N",0,0.0,0,0,0,0,0,0,0,0,0,0,0,0,0,0
"13135","5","518210","78","0","2017","2","",73,2329,2365,2391,57644658,1595628,23711,1878,"",1.38,3.05,3.09,3.12,2.98,1.09,1.13,0.96,"",-12,-14.1,-131,-5.3,-255,-9.7,-210,-8.1,-16813570,-22.6,-1946188,-54.9,-81193,-77.4,-359,-16.0
"13139","5","518210","78","0","2017","2","N",1,0,0,0,0,0,0,0,"N",0.11,0,0,0,0,0,0,0,"N",-2,-66.7,0,0,0,0,0,0,0,0,0,0,0,0,0,0
"13143","5","518210","78","0","2017","2","N",1,0,0,0,0,0,0,0,"N",0.99,0,0,0,0,0,0,0,"N",0,0.0,0,0,0,0,0,0,0,0,0,0,0,0,0,0
"13145","5","518210","78","0","2017","2","N",1,0,0,0,0,0,0,0,"N",1.05,0,0,0,0,0,0,0,"N",0,0.0,0,0,0,0,0,0,0,0,0,0,0,0,0,0
"13151","5","518210","78","0","2017","2","",7,53,54,52,759645,45900,1029,1103,"",0.86,0.42,0.43,0.41,0.33,0.18,0.28,0.78,"",-1,-12.5,5,10.4,7,14.9,3,6.1,139900,22.6,-12012,-20.7,41,4.1,110,11.1
"13153","5","518210","78","0","2017","2","N",4,0,0,0,0,0,0,0,"N",0.70,0,0,0,0,0,0,0,"N",0,0.0,0,0,0,0,0,0,0,0,0,0,0,0,0,0
"13157","5","518210","78","0","2017","2","N",1,0,0,0,0,0,0,0,"N",0.33,0,0,0,0,0,0,0,"N",0,0.0,0,0,0,0,0,0,0,0,0,0,0,0,0,0
"13177","5","518210","78","0","2017","2","N",1,0,0,0,0,0,0,0,"N",1.02,0,0,0,0,0,0,0,"N",1,100.0,0,0,0,0,0,0,0,0,0,0,0,0,0,0
"13179","5","518210","78","0","2017","2","N",1,0,0,0,0,0,0,0,"N",0.53,0,0,0,0,0,0,0,"N",0,0.0,0,0,0,0,0,0,0,0,0,0,0,0,0,0
"13185","5","518210","78","0","2017","2","N",1,0,0,0,0,0,0,0,"N",0.17,0,0,0,0,0,0,0,"N",0,0.0,0,0,0,0,0,0,0,0,0,0,0,0,0,0
"13187","5","518210","78","0","2017","2","N",1,0,0,0,0,0,0,0,"N",0.89,0,0,0,0,0,0,0,"N",0,0.0,0,0,0,0,0,0,0,0,0,0,0,0,0,0
"13189","5","518210","78","0","2017","2","N",1,0,0,0,0,0,0,0,"N",1.08,0,0,0,0,0,0,0,"N",0,0.0,0,0,0,0,0,0,0,0,0,0,0,0,0,0
"13207","5","518210","78","0","2017","2","N",1,0,0,0,0,0,0,0,"N",0.92,0,0,0,0,0,0,0,"N",0,0.0,0,0,0,0,0,0,0,0,0,0,0,0,0,0
"13215","5","518210","78","0","2017","2","N",3,0,0,0,0,0,0,0,"N",0.31,0,0,0,0,0,0,0,"N",-2,-40.0,0,0,0,0,0,0,0,0,0,0,0,0,0,0
"13217","5","518210","78","0","2017","2","N",2,0,0,0,0,0,0,0,"N",0.60,0,0,0,0,0,0,0,"N",1,100.0,0,0,0,0,0,0,0,0,0,0,0,0,0,0
"13219","5","518210","78","0","2017","2","N",1,0,0,0,0,0,0,0,"N",0.44,0,0,0,0,0,0,0,"N",0,0.0,0,0,0,0,0,0,0,0,0,0,0,0,0,0
"13223","5","518210","78","0","2017","2","N",3,0,0,0,0,0,0,0,"N",0.69,0,0,0,0,0,0,0,"N",0,0.0,0,0,0,0,0,0,0,0,0,0,0,0,0,0
"13231","5","518210","78","0","2017","2","N",1,0,0,0,0,0,0,0,"N",1.87,0,0,0,0,0,0,0,"N",0,0.0,0,0,0,0,0,0,0,0,0,0,0,0,0,0
"13245","5","518210","78","0","2017","2","N",4,0,0,0,0,0,0,0,"N",0.42,0,0,0,0,0,0,0,"N",0,0.0,0,0,0,0,0,0,0,0,0,0,0,0,0,0
"13247","5","518210","78","0","2017","2","N",2,0,0,0,0,0,0,0,"N",0.48,0,0,0,0,0,0,0,"N",0,0.0,0,0,0,0,0,0,0,0,0,0,0,0,0,0
"13255","5","518210","78","0","2017","2","-",0,0,0,0,0,0,0,0,"N",0.00,0,0,0,0,0,0,0,"N",-1,-100.0,0,0,0,0,0,0,0,0,0,0,0,0,0,0
"13285","5","518210","78","0","2017","2","N",1,0,0,0,0,0,0,0,"N",0.31,0,0,0,0,0,0,0,"N",0,0.0,0,0,0,0,0,0,0,0,0,0,0,0,0,0
"13291","5","518210","78","0","2017","2","N",1,0,0,0,0,0,0,0,"N",0.82,0,0,0,0,0,0,0,"N",0,0.0,0,0,0,0,0,0,0,0,0,0,0,0,0,0
"13297","5","518210","78","0","2017","2","N",1,0,0,0,0,0,0,0,"N",0.27,0,0,0,0,0,0,0,"N",0,0.0,0,0,0,0,0,0,0,0,0,0,0,0,0,0
"13999","5","518210","78","0","2017","2","",165,1460,1566,1431,28095412,2860649,112530,1455,"",2.68,5.18,5.50,5.07,2.73,3.42,6.31,0.52,"",-9,-5.2,454,45.1,167,11.9,211,17.3,4597669,19.6,294122,11.5,-412,-0.4,-41,-2.7
"15000","3","518210","58","0","2017","2","N",1,0,0,0,0,0,0,0,"N",2.40,0,0,0,0,0,0,0,"N",0,0.0,0,0,0,0,0,0,0,0,0,0,0,0,0,0
"15000","5","518210","58","0","2017","2","",92,357,352,366,6966401,4507076,45111,1495,"",1.06,0.25,0.25,0.26,0.20,0.45,0.45,0.80,"",3,3.4,-8,-2.2,-14,-3.8,-3,-0.8,498062,7.7,-128832,-2.8,225,0.5,138,10.2
"15001","5","518210","78","0","2017","2","",16,16,15,15,192404,160767,2758,965,"",1.39,0.10,0.10,0.10,0.06,0.16,0.25,0.60,"",1,6.7,-6,-27.3,-8,-34.8,-6,-28.6,-96989,-33.5,-40789,-20.2,812,41.7,-47,-4.6
"15003","3","518210","78","0","2017","2","N",1,0,0,0,0,0,0,0,"N",3.81,0,0,0,0,0,0,0,"N",0,0.0,0,0,0,0,0,0,0,0,0,0,0,0,0,0
"15003","5","518210","78","0","2017","2","",67,327,321,334,6517843,4179572,39917,1532,"",1.22,0.32,0.31,0.32,0.25,0.59,0.56,0.78,"",7,11.7,2,0.6,-4,-1.2,3,0.9,611005,10.3,-66947,-1.6,171,0.4,142,10.2
"15007","5","518210","78","0","2017","2","N",3,0,0,0,0,0,0,0,"N",0.53,0,0,0,0,0,0,0,"N",-3,-50.0,0,0,0,0,0,0,0,0,0,0,0,0,0,0
"15009","5","518210","78","0","2017","2","N",3,0,0,0,0,0,0,0,"N",0.23,0,0,0,0,0,0,0,"N",-1,-25.0,0,0,0,0,0,0,0,0,0,0,0,0,0,0
"15999","5","518210","78","0","2017","2","N",3,0,0,0,0,0,0,0,"N",1.69,0,0,0,0,0,0,0,"N",-1,-25.0,0,0,0,0,0,0,0,0,0,0,0,0,0,0
"16000","3","518210","58","0","2017","2","N",1,0,0,0,0,0,0,0,"N",1.61,0,0,0,0,0,0,0,"N",0,0.0,0,0,0,0,0,0,0,0,0,0,0,0,0,0
"16000","5","518210","58","0","2017","2","",204,540,537,554,9444408,5388417,62551,1336,"",1.57,0.35,0.35,0.35,0.31,0.55,0.59,0.87,"",24,13.3,-9,-1.6,-10,-1.8,5,0.9,475643,5.3,10883,0.2,-845,-1.3,78,6.2
"16001","5","518210","78","0","2017","2","",48,254,250,267,4280634,2768397,29824,1281,"",1.43,0.50,0.49,0.52,0.36,0.83,0.85,0.72,"",6,14.3,-23,-8.3,-22,-8.1,-4,-1.5,-257001,-5.7,-158437,-5.4,-1632,-5.2,4,0.3
"16003","5","518210","78","0","2017","2","N",1,0,0,0,0,0,0,0,"N",2.44,0,0,0,0,0,0,0,"N",0,0.0,0,0,0,0,0,0,0,0,0,0,0,0,0,0
"16005","5","518210","78","0","2017","2","N",3,0,0,0,0,0,0,0,"N",0.60,0,0,0,0,0,0,0,"N",1,50.0,0,0,0,0,0,0,0,0,0,0,0,0,0,0
"16007","5","518210","78","0","2017","2","N",1,0,0,0,0,0,0,0,"N",1.95,0,0,0,0,0,0,0,"N",0,0.0,0,0,0,0,0,0,0,0,0,0,0,0,0,0
"16009","5","518210","78","0","2017","2","N",1,0,0,0,0,0,0,0,"N",1.34,0,0,0,0,0,0,0,"N",0,0.0,0,0,0,0,0,0,0,0,0,0,0,0,0,0
"16011","5","518210","78","0","2017","2","N",1,0,0,0,0,0,0,0,"N",0.42,0,0,0,0,0,0,0,"N",0,0.0,0,0,0,0,0,0,0,0,0,0,0,0,0,0
"16013","5","518210","78","0","2017","2","",5,5,5,5,92294,66556,898,1420,"",1.44,0.19,0.19,0.17,0.17,0.35,0.40,0.93,"N",1,25.0,0,0,0,0,0,0,0,0,0,0,0,0,0,0
"16015","5","518210","78","0","2017","2","N",1,0,0,0,0,0,0,0,"N",2.34,0,0,0,0,0,0,0,"N",0,0.0,0,0,0,0,0,0,0,0,0,0,0,0,0,0
"16017","5","518210","78","0","2017","2","",3,4,4,4,58997,15125,120,1135,"",0.84,0.14,0.13,0.13,0.12,0.08,0.05,0.86,"N",2,200.0,0,0,0,0,0,0,0,0,0,0,0,0,0,0
"16019","5","518210","78","0","2017","2","",6,17,18,17,121444,87994,654,539,"",0.73,0.16,0.16,0.15,0.06,0.12,0.09,0.39,"N",-1,-14.3,0,0,0,0,0,0,0,0,0,0,0,0,0,0
"16021","5","518210","78","0","2017","2","N",1,0,0,0,0,0,0,0,"N",1.00,0,0,0,0,0,0,0,"N",0,0.0,0,0,0,0,0,0,0,0,0,0,0,0,0,0
"16027","5","518210","78","0","2017","2","N",2,0,0,0,0,0,0,0,"N",0.19,0,0,0,0,0,0,0,"N",0,0.0,0,0,0,0,0,0,0,0,0,0,0,0,0,0
"16029","5","518210","78","0","2017","2","N",1,0,0,0,0,0,0,0,"N",1.61,0,0,0,0,0,0,0,"N",1,100.0,0,0,0,0,0,0,0,0,0,0,0,0,0,0
"16031","5","518210","78","0","2017","2","N",2,0,0,0,0,0,0,0,"N",1.05,0,0,0,0,0,0,0,"N",-1,-33.3,0,0,0,0,0,0,0,0,0,0,0,0,0,0
"16035","5","518210","78","0","2017","2","N",1,0,0,0,0,0,0,0,"N",1.50,0,0,0,0,0,0,0,"N",0,0.0,0,0,0,0,0,0,0,0,0,0,0,0,0,0
"16039","5","518210","78","0","2017","2","N",1,0,0,0,0,0,0,0,"N",0.75,0,0,0,0,0,0,0,"N",1,100.0,0,0,0,0,0,0,0,0,0,0,0,0,0,0
"16047","5","518210","78","0","2017","2","N",1,0,0,0,0,0,0,0,"N",0.86,0,0,0,0,0,0,0,"N",0,0.0,0,0,0,0,0,0,0,0,0,0,0,0,0,0
"16053","3","518210","78","0","2017","2","N",1,0,0,0,0,0,0,0,"N",140.92,0,0,0,0,0,0,0,"N",0,0.0,0,0,0,0,0,0,0,0,0,0,0,0,0,0
"16053","5","518210","78","0","2017","2","N",1,0,0,0,0,0,0,0,"N",0.67,0,0,0,0,0,0,0,"N",0,0.0,0,0,0,0,0,0,0,0,0,0,0,0,0,0
"16055","5","518210","78","0","2017","2","",10,25,24,23,352708,264614,4232,1130,"",0.89,0.19,0.18,0.17,0.14,0.32,0.44,0.78,"",4,66.7,4,19.0,3,14.3,1,4.5,54597,18.3,62630,31.0,1564,58.6,55,5.1
"16057","5","518210","78","0","2017","2","N",2,0,0,0,0,0,0,0,"N",0.87,0,0,0,0,0,0,0,"N",0,0.0,0,0,0,0,0,0,0,0,0,0,0,0,0,0
"16065","5","518210","78","0","2017","2","N",2,0,0,0,0,0,0,0,"N",0.93,0,0,0,0,0,0,0,"N",0,0.0,0,0,0,0,0,0,0,0,0,0,0,0,0,0
"16069","5","518210","78","0","2017","2","N",1,0,0,0,0,0,0,0,"N",0.38,0,0,0,0,0,0,0,"N",0,0.0,0,0,0,0,0,0,0,0,0,0,0,0,0,0
"16071","5","518210","78","0","2017","2","N",1,0,0,0,0,0,0,0,"N",3.37,0,0,0,0,0,0,0,"N",0,0.0,0,0,0,0,0,0,0,0,0,0,0,0,0,0
"16083","5","518210","78","0","2017","2","N",3,0,0,0,0,0,0,0,"N",0.48,0,0,0,0,0,0,0,"N",1,50.0,0,0,0,0,0,0,0,0,0,0,0,0,0,0
"16999","5","518210","78","0","2017","2","",105,75,79,85,2160159,861132,11452,2086,"",8.37,3.62,3.76,3.99,3.06,4.09,4.50,0.81,"",9,9.4,-4,-5.1,0,0.0,3,3.7,231101,12.0,41768,5.1,275,2.5,231,12.5
"17000","5","518210","58","0","2017","2","",825,10303,10491,10546,277094361,18216386,591107,2040,"",1.07,0.80,0.81,0.81,0.77,0.57,0.70,0.96,"",-64,-7.2,360,3.6,395,3.9,347,3.4,6121018,2.3,640442,3.6,-25597,-4.2,-28,-1.4
"17001","5","518210","78","0","2017","2","N",1,0,0,0,0,0,0,0,"N",0.27,0,0,0,0,0,0,0,"N",0,0.0,0,0,0,0,0,0,0,0,0,0,0,0,0,0
"17019","5","518210","78","0","2017","2","",16,536,585,435,4621494,1221766,53772,685,"",1.87,2.71,2.96,2.23,1.02,3.01,5.47,0.38,"",3,23.1,97,22.1,9,1.6,-29,-6.2,384903,9.1,190586,18.5,8676,19.2,24,3.6
"17025","5","518210","78","0","2017","2","N",1,0,0,0,0,0,0,0,"N",1.25,0,0,0,0,0,0,0,"N",0,0.0,0,0,0,0,0,0,0,0,0,0,0,0,0,0
"17029","5","518210","78","0","2017","2","N",1,0,0,0,0,0,0,0,"N",0.43,0,0,0,0,0,0,0,"N",0,0.0,0,0,0,0,0,0,0,0,0,0,0,0,0,0
"17031","5","518210","78","0","2017","2","",235,6265,6364,6551,181605341,10036565,301394,2185,"",0.80,1.13,1.14,1.16,1.05,0.74,0.85,0.92,"",-45,-16.1,260,4.3,340,5.6,364,5.9,10033641,5.8,145359,1.5,-30943,-9.3,11,0.5
"17043","5","518210","78","0","2017","2","",76,1497,1528,1543,40950798,2262766,70237,2069,"",1.04,1.11,1.13,1.12,1.01,0.66,0.79,0.90,"",-2,-2.6,79,5.6,105,7.4,82,5.6,-1320169,-3.1,-5057,-0.2,-4134,-5.6,-199,-8.8
"17053","5","518210","78","0","2017","2","N",1,0,0,0,0,0,0,0,"N",1.32,0,0,0,0,0,0,0,"N",0,0.0,0,0,0,0,0,0,0,0,0,0,0,0,0,0
"17065","5","518210","78","0","2017","2","N",1,0,0,0,0,0,0,0,"N",2.22,0,0,0,0,0,0,0,"N",0,0.0,0,0,0,0,0,0,0,0,0,0,0,0,0,0
"17077","5","518210","78","0","2017","2","N",2,0,0,0,0,0,0,0,"N",0.78,0,0,0,0,0,0,0,"N",0,0.0,0,0,0,0,0,0,0,0,0,0,0,0,0,0
"17089","5","518210","78","0","2017","2","N",13,0,0,0,0,0,0,0,"N",0.49,0,0,0,0,0,0,0,"N",0,0.0,0,0,0,0,0,0,0,0,0,0,0,0,0,0
"17093","5","518210","78","0","2017","2","N",1,0,0,0,0,0,0,0,"N",0.22,0,0,0,0,0,0,0,"N",1,100.0,0,0,0,0,0,0,0,0,0,0,0,0,0,0
"17095","5","518210","78","0","2017","2","N",1,0,0,0,0,0,0,0,"N",0.45,0,0,0,0,0,0,0,"N",0,0.0,0,0,0,0,0,0,0,0,0,0,0,0,0,0
"17097","5","518210","78","0","2017","2","N",32,0,0,0,0,0,0,0,"N",0.75,0,0,0,0,0,0,0,"N",-9,-22.0,0,0,0,0,0,0,0,0,0,0,0,0,0,0
"17107","5","518210","78","0","2017","2","-",0,0,0,0,0,0,0,0,"N",0.00,0,0,0,0,0,0,0,"N",0,0,0,0,0,0,0,0,0,0,0,0,0,0,0,0
"17111","5","518210","78","0","2017","2","N",5,0,0,0,0,0,0,0,"N",0.30,0,0,0,0,0,0,0,"N",-5,-50.0,0,0,0,0,0,0,0,0,0,0,0,0,0,0
"17113","5","518210","78","0","2017","2","N",6,0,0,0,0,0,0,0,"N",0.83,0,0,0,0,0,0,0,"N",2,50.0,0,0,0,0,0,0,0,0,0,0,0,0,0,0
"17115","5","518210","78","0","2017","2","N",1,0,0,0,0,0,0,0,"N",0.21,0,0,0,0,0,0,0,"N",0,0.0,0,0,0,0,0,0,0,0,0,0,0,0,0,0
"17117","5","518210","78","0","2017","2","N",1,0,0,0,0,0,0,0,"N",0.52,0,0,0,0,0,0,0,"N",1,100.0,0,0,0,0,0,0,0,0,0,0,0,0,0,0
"17119","5","518210","78","0","2017","2","N",3,0,0,0,0,0,0,0,"N",0.26,0,0,0,0,0,0,0,"N",-2,-40.0,0,0,0,0,0,0,0,0,0,0,0,0,0,0
"17121","5","518210","78","0","2017","2","N",1,0,0,0,0,0,0,0,"N",0.55,0,0,0,0,0,0,0,"N",0,0.0,0,0,0,0,0,0,0,0,0,0,0,0,0,0
"17133","5","518210","78","0","2017","2","N",2,0,0,0,0,0,0,0,"N",1.23,0,0,0,0,0,0,0,"N",0,0.0,0,0,0,0,0,0,0,0,0,0,0,0,0,0
"17135","5","518210","78","0","2017","2","N",1,0,0,0,0,0,0,0,"N",0.67,0,0,0,0,0,0,0,"N",0,0.0,0,0,0,0,0,0,0,0,0,0,0,0,0,0
"17143","5","518210","78","0","2017","2","N",2,0,0,0,0,0,0,0,"N",0.22,0,0,0,0,0,0,0,"N",0,0.0,0,0,0,0,0,0,0,0,0,0,0,0,0,0
"17149","5","518210","78","0","2017","2","-",0,0,0,0,0,0,0,0,"N",0.00,0,0,0,0,0,0,0,"N",-1,-100.0,0,0,0,0,0,0,0,0,0,0,0,0,0,0
"17161","5","518210","78","0","2017","2","N",3,0,0,0,0,0,0,0,"N",0.47,0,0,0,0,0,0,0,"N",0,0.0,0,0,0,0,0,0,0,0,0,0,0,0,0,0
"17163","5","518210","78","0","2017","2","N",4,0,0,0,0,0,0,0,"N",0.37,0,0,0,0,0,0,0,"N",-1,-20.0,0,0,0,0,0,0,0,0,0,0,0,0,0,0
"17167","5","518210","78","0","2017","2","",11,99,98,103,1259390,224707,4753,969,"",1.09,0.35,0.35,0.36,0.17,0.44,0.35,0.49,"",2,22.2,11,12.5,15,18.1,15,17.0,210376,20.1,65561,41.2,718,17.8,34,3.6
"17179","5","518210","78","0","2017","2","N",1,0,0,0,0,0,0,0,"N",0.18,0,0,0,0,0,0,0,"N",0,0.0,0,0,0,0,0,0,0,0,0,0,0,0,0,0
"17183","5","518210","78","0","2017","2","N",1,0,0,0,0,0,0,0,"N",0.34,0,0,0,0,0,0,0,"N",0,0.0,0,0,0,0,0,0,0,0,0,0,0,0,0,0
"17191","5","518210","78","0","2017","2","N",1,0,0,0,0,0,0,0,"N",1.20,0,0,0,0,0,0,0,"N",1,100.0,0,0,0,0,0,0,0,0,0,0,0,0,0,0
"17197","5","518210","78","0","2017","2","",15,98,100,101,2799667,203330,7353,2161,"",0.49,0.19,0.19,0.19,0.23,0.14,0.17,1.21,"",-4,-21.1,24,32.4,27,37.0,18,21.7,-224321,-7.4,104280,105.3,3878,111.6,-873,-28.8
"17201","5","518210","78","0","2017","2","N",2,0,0,0,0,0,0,0,"N",0.16,0,0,0,0,0,0,0,"N",0,0.0,0,0,0,0,0,0,0,0,0,0,0,0,0,0
"17999","5","518210","78","0","2017","2","",384,1087,1104,1101,35876924,3122367,117286,2515,"",4.25,3.90,3.89,3.86,3.06,3.53,3.95,0.79,"",1,0.3,-31,-2.8,-46,-4.0,-62,-5.3,-1134473,-3.1,351858,12.7,-918,-0.8,26,1.0
"18000","5","518210","58","0","2017","2","",300,3035,3015,2947,50209235,4140527,72623,1288,"",0.85,0.46,0.46,0.45,0.34,0.36,0.35,0.75,"",10,3.4,119,4.1,74,2.5,69,2.4,1677495,3.5,-377899,-8.4,-22748,-23.9,6,0.5
"18003","5","518210","78","0","2017","2","N",11,0,0,0,0,0,0,0,"N",0.59,0,0,0,0,0,0,0,"N",2,22.2,0,0,0,0,0,0,0,0,0,0,0,0,0,0
"18011","5","518210","78","0","2017","2","N",3,0,0,0,0,0,0,0,"N",0.81,0,0,0,0,0,0,0,"N",0,0.0,0,0,0,0,0,0,0,0,0,0,0,0,0,0
"18017","5","518210","78","0","2017","2","N",1,0,0,0,0,0,0,0,"N",0.66,0,0,0,0,0,0,0,"N",0,0.0,0,0,0,0,0,0,0,0,0,0,0,0,0,0
"18019","5","518210","78","0","2017","2","N",4,0,0,0,0,0,0,0,"N",0.75,0,0,0,0,0,0,0,"N",1,33.3,0,0,0,0,0,0,0,0,0,0,0,0,0,0
"18027","5","518210","78","0","2017","2","N",1,0,0,0,0,0,0,0,"N",0.52,0,0,0,0,0,0,0,"N",1,100.0,0,0,0,0,0,0,0,0,0,0,0,0,0,0
"18035","5","518210","78","0","2017","2","N",1,0,0,0,0,0,0,0,"N",0.21,0,0,0,0,0,0,0,"N",0,0.0,0,0,0,0,0,0,0,0,0,0,0,0,0,0
"18039","5","518210","78","0","2017","2","N",8,0,0,0,0,0,0,0,"N",0.80,0,0,0,0,0,0,0,"N",3,60.0,0,0,0,0,0,0,0,0,0,0,0,0,0,0
"18043","5","518210","78","0","2017","2","N",1,0,0,0,0,0,0,0,"N",0.26,0,0,0,0,0,0,0,"N",1,100.0,0,0,0,0,0,0,0,0,0,0,0,0,0,0
"18055","5","518210","78","0","2017","2","N",1,0,0,0,0,0,0,0,"N",0.81,0,0,0,0,0,0,0,"N",0,0.0,0,0,0,0,0,0,0,0,0,0,0,0,0,0
"18057","5","518210","78","0","2017","2","",31,206,204,211,3470994,393112,8254,1290,"",1.57,0.68,0.66,0.68,0.45,0.69,0.87,0.67,"",-2,-6.1,21,11.4,-8,-3.8,15,7.7,212084,6.5,12235,3.2,-2248,-21.4,22,1.7
"18059","5","518210","78","0","2017","2","N",2,0,0,0,0,0,0,0,"N",0.61,0,0,0,0,0,0,0,"N",0,0.0,0,0,0,0,0,0,0,0,0,0,0,0,0,0
"18063","5","518210","78","0","2017","2","N",4,0,0,0,0,0,0,0,"N",0.59,0,0,0,0,0,0,0,"N",2,100.0,0,0,0,0,0,0,0,0,0,0,0,0,0,0
"18065","5","518210","78","0","2017","2","N",1,0,0,0,0,0,0,0,"N",0.58,0,0,0,0,0,0,0,"N",1,100.0,0,0,0,0,0,0,0,0,0,0,0,0,0,0
"18081","5","518210","78","0","2017","2","",4,45,44,43,1752154,14024,140,3063,"",0.58,0.39,0.38,0.37,0.81,0.06,0.04,2.14,"",0,0.0,10,28.6,8,22.2,5,13.2,732325,71.8,-9701,-40.9,-330,-70.2,904,41.9
"18083","5","518210","78","0","2017","2","N",1,0,0,0,0,0,0,0,"N",0.50,0,0,0,0,0,0,0,"N",0,0.0,0,0,0,0,0,0,0,0,0,0,0,0,0,0
"18085","5","518210","78","0","2017","2","N",1,0,0,0,0,0,0,0,"N",0.24,0,0,0,0,0,0,0,"N",0,0.0,0,0,0,0,0,0,0,0,0,0,0,0,0,0
"18089","5","518210","78","0","2017","2","",7,10,10,12,152566,18275,311,1100,"",0.32,0.02,0.02,0.03,0.02,0.03,0.02,0.64,"",-3,-30.0,1,11.1,1,11.1,2,20.0,27028,21.5,-4504,-19.8,-244,-44.0,65,6.3
"18091","5","518210","78","0","2017","2","N",1,0,0,0,0,0,0,0,"N",0.20,0,0,0,0,0,0,0,"N",0,0.0,0,0,0,0,0,0,0,0,0,0,0,0,0,0
"18095","5","518210","78","0","2017","2","N",3,0,0,0,0,0,0,0,"N",0.65,0,0,0,0,0,0,0,"N",-1,-25.0,0,0,0,0,0,0,0,0,0,0,0,0,0,0
"18097","5","518210","78","0","2017","2","",49,1816,1786,1699,29547825,2425161,45205,1286,"",0.97,1.41,1.38,1.31,0.85,1.14,1.19,0.62,"",4,8.9,6,0.3,-32,-1.8,-66,-3.7,586547,2.0,-269181,-10.0,-11786,-20.7,47,3.8
"18105","5","518210","78","0","2017","2","N",3,0,0,0,0,0,0,0,"N",0.47,0,0,0,0,0,0,0,"N",-1,-25.0,0,0,0,0,0,0,0,0,0,0,0,0,0,0
"18107","5","518210","78","0","2017","2","N",2,0,0,0,0,0,0,0,"N",1.11,0,0,0,0,0,0,0,"N",0,0.0,0,0,0,0,0,0,0,0,0,0,0,0,0,0
"18119","5","518210","78","0","2017","2","N",2,0,0,0,0,0,0,0,"N",3.13,0,0,0,0,0,0,0,"N",0,0.0,0,0,0,0,0,0,0,0,0,0,0,0,0,0
"18121","5","518210","78","0","2017","2","N",1,0,0,0,0,0,0,0,"N",1.54,0,0,0,0,0,0,0,"N",0,0.0,0,0,0,0,0,0,0,0,0,0,0,0,0,0
"18125","5","518210","78","0","2017","2","N",1,0,0,0,0,0,0,0,"N",2.45,0,0,0,0,0,0,0,"N",0,0.0,0,0,0,0,0,0,0,0,0,0,0,0,0,0
"18127","5","518210","78","0","2017","2","N",5,0,0,0,0,0,0,0,"N",0.65,0,0,0,0,0,0,0,"N",-1,-16.7,0,0,0,0,0,0,0,0,0,0,0,0,0,0
"18141","5","518210","78","0","2017","2","",8,227,230,238,3545946,232794,2418,1177,"",0.66,0.85,0.86,0.88,0.61,0.54,0.31,0.71,"",-2,-20.0,-20,-8.1,-9,-3.8,-9,-3.6,-376105,-9.6,-50692,-17.9,-1304,-35.0,-58,-4.7
"18145","5","518210","78","0","2017","2","N",1,0,0,0,0,0,0,0,"N",0.50,0,0,0,0,0,0,0,"N",0,0.0,0,0,0,0,0,0,0,0,0,0,0,0,0,0
"18147","5","518210","78","0","2017","2","N",1,0,0,0,0,0,0,0,"N",1.05,0,0,0,0,0,0,0,"N",0,0.0,0,0,0,0,0,0,0,0,0,0,0,0,0,0
"18157","5","518210","78","0","2017","2","N",4,0,0,0,0,0,0,0,"N",0.55,0,0,0,0,0,0,0,"N",0,0.0,0,0,0,0,0,0,0,0,0,0,0,0,0,0
"18163","5","518210","78","0","2017","2","N",2,0,0,0,0,0,0,0,"N",0.20,0,0,0,0,0,0,0,"N",0,0.0,0,0,0,0,0,0,0,0,0,0,0,0,0,0
"18169","5","518210","78","0","2017","2","N",1,0,0,0,0,0,0,0,"N",0.64,0,0,0,0,0,0,0,"N",0,0.0,0,0,0,0,0,0,0,0,0,0,0,0,0,0
"18183","5","518210","78","0","2017","2","N",1,0,0,0,0,0,0,0,"N",0.66,0,0,0,0,0,0,0,"N",0,0.0,0,0,0,0,0,0,0,0,0,0,0,0,0,0
"18999","5","518210","78","0","2017","2","",133,285,304,310,5377309,447442,6257,1380,"",3.38,1.76,1.87,1.89,1.08,1.08,0.63,0.59,"",5,3.9,54,23.4,69,29.4,74,31.4,350459,7.0,-16643,-3.6,-2652,-29.8,-272,-16.5
"19000","3","518210","58","0","2017","2","N",1,0,0,0,0,0,0,0,"N",0.97,0,0,0,0,0,0,0,"N",0,0.0,0,0,0,0,0,0,0,0,0,0,0,0,0,0
"19000","5","518210","58","0","2017","2","",206,3453,3445,3507,50853722,27248707,608158,1128,"",0.95,1.03,1.02,1.03,0.68,1.33,1.89,0.66,"",21,11.4,1,0.0,46,1.4,129,3.8,1914529,3.9,774865,2.9,13152,2.2,24,2.2
"19011","5","518210","78","0","2017","2","N",1,0,0,0,0,0,0,0,"N",0.70,0,0,0,0,0,0,0,"N",0,0.0,0,0,0,0,0,0,0,0,0,0,0,0,0,0
"19013","5","518210","78","0","2017","2","N",7,0,0,0,0,0,0,0,"N",0.87,0,0,0,0,0,0,0,"N",2,40.0,0,0,0,0,0,0,0,0,0,0,0,0,0,0
"19015","5","518210","78","0","2017","2","N",2,0,0,0,0,0,0,0,"N",1.33,0,0,0,0,0,0,0,"N",0,0.0,0,0,0,0,0,0,0,0,0,0,0,0,0,0
"19017","5","518210","78","0","2017","2","N",2,0,0,0,0,0,0,0,"N",1.30,0,0,0,0,0,0,0,"N",1,100.0,0,0,0,0,0,0,0,0,0,0,0,0,0,0
"19019","5","518210","78","0","2017","2","N",2,0,0,0,0,0,0,0,"N",1.54,0,0,0,0,0,0,0,"N",0,0.0,0,0,0,0,0,0,0,0,0,0,0,0,0,0
"19025","5","518210","78","0","2017","2","-",0,0,0,0,0,0,0,0,"N",0.00,0,0,0,0,0,0,0,"N",0,0,0,0,0,0,0,0,0,0,0,0,0,0,0,0
"19027","5","518210","78","0","2017","2","N",1,0,0,0,0,0,0,0,"N",0.48,0,0,0,0,0,0,0,"N",0,0.0,0,0,0,0,0,0,0,0,0,0,0,0,0,0
"19031","5","518210","78","0","2017","2","N",1,0,0,0,0,0,0,0,"N",0.83,0,0,0,0,0,0,0,"N",1,100.0,0,0,0,0,0,0,0,0,0,0,0,0,0,0
"19033","5","518210","78","0","2017","2","N",3,0,0,0,0,0,0,0,"N",0.84,0,0,0,0,0,0,0,"N",-1,-25.0,0,0,0,0,0,0,0,0,0,0,0,0,0,0
"19041","5","518210","78","0","2017","2","N",1,0,0,0,0,0,0,0,"N",0.65,0,0,0,0,0,0,0,"N",0,0.0,0,0,0,0,0,0,0,0,0,0,0,0,0,0
"19045","5","518210","78","0","2017","2","N",4,0,0,0,0,0,0,0,"N",1.33,0,0,0,0,0,0,0,"N",2,100.0,0,0,0,0,0,0,0,0,0,0,0,0,0,0
"19047","5","518210","78","0","2017","2","N",1,0,0,0,0,0,0,0,"N",0.94,0,0,0,0,0,0,0,"N",0,0.0,0,0,0,0,0,0,0,0,0,0,0,0,0,0
"19049","5","518210","78","0","2017","2","",7,15,15,15,264572,66431,1848,1357,"",1.34,0.16,0.16,0.16,0.11,0.10,0.21,0.70,"",1,16.7,-15,-50.0,-13,-46.4,-13,-46.4,-371176,-58.4,-169927,-71.9,-3322,-64.3,-349,-20.5
"19057","5","518210","78","0","2017","2","N",1,0,0,0,0,0,0,0,"N",0.35,0,0,0,0,0,0,0,"N",1,100.0,0,0,0,0,0,0,0,0,0,0,0,0,0,0
"19059","5","518210","78","0","2017","2","N",1,0,0,0,0,0,0,0,"N",0.53,0,0,0,0,0,0,0,"N",1,100.0,0,0,0,0,0,0,0,0,0,0,0,0,0,0
"19061","5","518210","78","0","2017","2","N",3,0,0,0,0,0,0,0,"N",0.43,0,0,0,0,0,0,0,"N",0,0.0,0,0,0,0,0,0,0,0,0,0,0,0,0,0
"19067","5","518210","78","0","2017","2","N",1,0,0,0,0,0,0,0,"N",0.93,0,0,0,0,0,0,0,"N",0,0.0,0,0,0,0,0,0,0,0,0,0,0,0,0,0
"19085","5","518210","78","0","2017","2","N",1,0,0,0,0,0,0,0,"N",1.05,0,0,0,0,0,0,0,"N",1,100.0,0,0,0,0,0,0,0,0,0,0,0,0,0,0
"19087","5","518210","78","0","2017","2","N",1,0,0,0,0,0,0,0,"N",0.75,0,0,0,0,0,0,0,"N",1,100.0,0,0,0,0,0,0,0,0,0,0,0,0,0,0
"19089","5","518210","78","0","2017","2","N",1,0,0,0,0,0,0,0,"N",1.39,0,0,0,0,0,0,0,"N",0,0.0,0,0,0,0,0,0,0,0,0,0,0,0,0,0
"19095","5","518210","78","0","2017","2","N",2,0,0,0,0,0,0,0,"N",1.32,0,0,0,0,0,0,0,"N",1,100.0,0,0,0,0,0,0,0,0,0,0,0,0,0,0
"19097","5","518210","78","0","2017","2","N",2,0,0,0,0,0,0,0,"N",1.37,0,0,0,0,0,0,0,"N",0,0.0,0,0,0,0,0,0,0,0,0,0,0,0,0,0
"19099","5","518210","78","0","2017","2","N",1,0,0,0,0,0,0,0,"N",0.51,0,0,0,0,0,0,0,"N",0,0.0,0,0,0,0,0,0,0,0,0,0,0,0,0,0
"19101","5","518210","78","0","2017","2","",5,9,9,9,108697,97981,591,929,"",2.97,0.54,0.54,0.53,0.33,0.96,0.33,0.61,"",0,0.0,1,12.5,0,0.0,0,0.0,-4967,-4.4,-1879,-1.9,-49,-7.7,-80,-7.9
"19103","5","518210","78","0","2017","2","",9,52,52,52,1132691,451518,8222,1676,"",1.01,0.28,0.28,0.28,0.25,0.53,0.73,0.88,"N",3,50.0,0,0,0,0,0,0,0,0,0,0,0,0,0,0
"19109","5","518210","78","0","2017","2","N",2,0,0,0,0,0,0,0,"N",1.49,0,0,0,0,0,0,0,"N",0,0.0,0,0,0,0,0,0,0,0,0,0,0,0,0,0
"19113","3","518210","78","0","2017","2","N",1,0,0,0,0,0,0,0,"N",14.51,0,0,0,0,0,0,0,"N",0,0.0,0,0,0,0,0,0,0,0,0,0,0,0,0,0
"19113","5","518210","78","0","2017","2","",24,896,878,883,16579654,7286430,155540,1440,"",1.66,3.17,3.11,3.07,2.30,4.12,5.59,0.74,"",0,0.0,21,2.4,25,2.9,36,4.3,-1104639,-6.2,-795331,-9.8,24812,19.0,-145,-9.1
"19123","5","518210","78","0","2017","2","N",1,0,0,0,0,0,0,0,"N",0.74,0,0,0,0,0,0,0,"N",0,0.0,0,0,0,0,0,0,0,0,0,0,0,0,0,0
"19125","5","518210","78","0","2017","2","N",1,0,0,0,0,0,0,0,"N",0.48,0,0,0,0,0,0,0,"N",0,0.0,0,0,0,0,0,0,0,0,0,0,0,0,0,0
"19127","5","518210","78","0","2017","2","N",1,0,0,0,0,0,0,0,"N",0.46,0,0,0,0,0,0,0,"N",0,0.0,0,0,0,0,0,0,0,0,0,0,0,0,0,0
"19129","5","518210","78","0","2017","2","N",1,0,0,0,0,0,0,0,"N",1.20,0,0,0,0,0,0,0,"N",0,0.0,0,0,0,0,0,0,0,0,0,0,0,0,0,0
"19131","5","518210","78","0","2017","2","N",1,0,0,0,0,0,0,0,"N",1.22,0,0,0,0,0,0,0,"N",0,0.0,0,0,0,0,0,0,0,0,0,0,0,0,0,0
"19139","5","518210","78","0","2017","2","N",1,0,0,0,0,0,0,0,"N",0.40,0,0,0,0,0,0,0,"N",1,100.0,0,0,0,0,0,0,0,0,0,0,0,0,0,0
"19145","5","518210","78","0","2017","2","N",1,0,0,0,0,0,0,0,"N",0.96,0,0,0,0,0,0,0,"N",0,0.0,0,0,0,0,0,0,0,0,0,0,0,0,0,0
"19151","5","518210","78","0","2017","2","-",0,0,0,0,0,0,0,0,"N",0.00,0,0,0,0,0,0,0,"N",0,0,0,0,0,0,0,0,0,0,0,0,0,0,0,0
"19153","5","518210","78","0","2017","2","",78,1001,1032,1031,18058744,9606131,144182,1360,"",2.12,1.54,1.59,1.56,1.04,2.29,2.30,0.67,"",3,4.0,-135,-11.9,-104,-9.2,-98,-8.7,-179443,-1.0,-481470,-4.8,-70917,-33.0,122,9.9
"19155","5","518210","78","0","2017","2","",6,6,6,6,68007,13832,73,872,"",1.09,0.07,0.07,0.07,0.04,0.03,0.01,0.58,"N",2,50.0,0,0,0,0,0,0,0,0,0,0,0,0,0,0
"19163","5","518210","78","0","2017","2","N",8,0,0,0,0,0,0,0,"N",0.67,0,0,0,0,0,0,0,"N",1,14.3,0,0,0,0,0,0,0,0,0,0,0,0,0,0
"19165","5","518210","78","0","2017","2","N",2,0,0,0,0,0,0,0,"N",2.11,0,0,0,0,0,0,0,"N",0,0.0,0,0,0,0,0,0,0,0,0,0,0,0,0,0
"19169","5","518210","78","0","2017","2","N",8,0,0,0,0,0,0,0,"N",1.47,0,0,0,0,0,0,0,"N",2,33.3,0,0,0,0,0,0,0,0,0,0,0,0,0,0
"19177","5","518210","78","0","2017","2","N",1,0,0,0,0,0,0,0,"N",2.22,0,0,0,0,0,0,0,"N",0,0.0,0,0,0,0,0,0,0,0,0,0,0,0,0,0
"19179","5","518210","78","0","2017","2","N",1,0,0,0,0,0,0,0,"N",0.53,0,0,0,0,0,0,0,"N",1,100.0,0,0,0,0,0,0,0,0,0,0,0,0,0,0
"19181","5","518210","78","0","2017","2","N",2,0,0,0,0,0,0,0,"N",0.90,0,0,0,0,0,0,0,"N",0,0.0,0,0,0,0,0,0,0,0,0,0,0,0,0,0
"19187","5","518210","78","0","2017","2","N",1,0,0,0,0,0,0,0,"N",0.39,0,0,0,0,0,0,0,"N",0,0.0,0,0,0,0,0,0,0,0,0,0,0,0,0,0
"19189","5","518210","78","0","2017","2","N",1,0,0,0,0,0,0,0,"N",1.17,0,0,0,0,0,0,0,"N",1,100.0,0,0,0,0,0,0,0,0,0,0,0,0,0,0
"19191","5","518210","78","0","2017","2","N",1,0,0,0,0,0,0,0,"N",0.64,0,0,0,0,0,0,0,"N",0,0.0,0,0,0,0,0,0,0,0,0,0,0,0,0,0
"19193","5","518210","78","0","2017","2","N",1,0,0,0,0,0,0,0,"N",0.15,0,0,0,0,0,0,0,"N",-1,-50.0,0,0,0,0,0,0,0,0,0,0,0,0,0,0
"19195","5","518210","78","0","2017","2","N",1,0,0,0,0,0,0,0,"N",1.97,0,0,0,0,0,0,0,"N",0,0.0,0,0,0,0,0,0,0,0,0,0,0,0,0,0
"19197","5","518210","78","0","2017","2","N",2,0,0,0,0,0,0,0,"N",1.83,0,0,0,0,0,0,0,"N",0,0.0,0,0,0,0,0,0,0,0,0,0,0,0,0,0
"20000","5","518210","58","0","2017","2","",140,1681,1681,1643,29167827,4620549,81467,1345,"",0.73,0.56,0.56,0.55,0.44,0.38,0.71,0.79,"",14,11.1,83,5.2,101,6.4,52,3.3,2573244,9.7,-326219,-6.6,20286,33.2,58,4.5
"20015","5","518210","78","0","2017","2","N",1,0,0,0,0,0,0,0,"N",0.33,0,0,0,0,0,0,0,"N",0,0.0,0,0,0,0,0,0,0,0,0,0,0,0,0,0
"20031","5","518210","78","0","2017","2","N",2,0,0,0,0,0,0,0,"N",3.36,0,0,0,0,0,0,0,"N",0,0.0,0,0,0,0,0,0,0,0,0,0,0,0,0,0
"20045","5","518210","78","0","2017","2","",9,142,141,130,1734365,558026,15732,969,"",1.39,1.31,1.31,1.23,0.84,1.25,3.87,0.66,"",3,50.0,-15,-9.6,-16,-10.2,-27,-17.2,123018,7.6,86796,18.4,10291,189.1,180,22.8
"20049","5","518210","78","0","2017","2","N",1,0,0,0,0,0,0,0,"N",4.93,0,0,0,0,0,0,0,"N",0,0.0,0,0,0,0,0,0,0,0,0,0,0,0,0,0
"20059","5","518210","78","0","2017","2","N",1,0,0,0,0,0,0,0,"N",0.73,0,0,0,0,0,0,0,"N",1,100.0,0,0,0,0,0,0,0,0,0,0,0,0,0,0
"20069","5","518210","78","0","2017","2","N",1,0,0,0,0,0,0,0,"N",1.02,0,0,0,0,0,0,0,"N",0,0.0,0,0,0,0,0,0,0,0,0,0,0,0,0,0
"20071","5","518210","78","0","2017","2","N",1,0,0,0,0,0,0,0,"N",6.33,0,0,0,0,0,0,0,"N",0,0.0,0,0,0,0,0,0,0,0,0,0,0,0,0,0
"20079","5","518210","78","0","2017","2","N",1,0,0,0,0,0,0,0,"N",0.60,0,0,0,0,0,0,0,"N",-1,-50.0,0,0,0,0,0,0,0,0,0,0,0,0,0,0
"20089","5","518210","78","0","2017","2","N",1,0,0,0,0,0,0,0,"N",4.42,0,0,0,0,0,0,0,"N",1,100.0,0,0,0,0,0,0,0,0,0,0,0,0,0,0
"20091","5","518210","78","0","2017","2","",59,418,422,420,9922331,882799,29518,1817,"",1.18,0.57,0.57,0.56,0.49,0.31,0.92,0.87,"",4,7.3,72,20.8,73,20.9,72,20.7,2435266,32.5,-60034,-6.4,2074,7.6,160,9.7
"20103","5","518210","78","0","2017","2","N",2,0,0,0,0,0,0,0,"N",0.65,0,0,0,0,0,0,0,"N",1,100.0,0,0,0,0,0,0,0,0,0,0,0,0,0,0
"20111","5","518210","78","0","2017","2","N",1,0,0,0,0,0,0,0,"N",0.55,0,0,0,0,0,0,0,"N",0,0.0,0,0,0,0,0,0,0,0,0,0,0,0,0,0
"20113","5","518210","78","0","2017","2","N",1,0,0,0,0,0,0,0,"N",0.50,0,0,0,0,0,0,0,"N",0,0.0,0,0,0,0,0,0,0,0,0,0,0,0,0,0
"20133","5","518210","78","0","2017","2","N",2,0,0,0,0,0,0,0,"N",1.92,0,0,0,0,0,0,0,"N",1,100.0,0,0,0,0,0,0,0,0,0,0,0,0,0,0
"20143","5","518210","78","0","2017","2","N",1,0,0,0,0,0,0,0,"N",2.77,0,0,0,0,0,0,0,"N",0,0.0,0,0,0,0,0,0,0,0,0,0,0,0,0,0
"20151","5","518210","78","0","2017","2","-",0,0,0,0,0,0,0,0,"N",0.00,0,0,0,0,0,0,0,"N",0,0,0,0,0,0,0,0,0,0,0,0,0,0,0,0
"20155","5","518210","78","0","2017","2","N",4,0,0,0,0,0,0,0,"N",1.13,0,0,0,0,0,0,0,"N",0,0.0,0,0,0,0,0,0,0,0,0,0,0,0,0,0
"20161","5","518210","78","0","2017","2","N",2,0,0,0,0,0,0,0,"N",0.55,0,0,0,0,0,0,0,"N",0,0.0,0,0,0,0,0,0,0,0,0,0,0,0,0,0
"20167","5","518210","78","0","2017","2","N",1,0,0,0,0,0,0,0,"N",1.51,0,0,0,0,0,0,0,"N",1,100.0,0,0,0,0,0,0,0,0,0,0,0,0,0,0
"20169","5","518210","78","0","2017","2","N",1,0,0,0,0,0,0,0,"N",0.31,0,0,0,0,0,0,0,"N",0,0.0,0,0,0,0,0,0,0,0,0,0,0,0,0,0
"20173","5","518210","78","0","2017","2","",24,300,294,279,3938871,1186057,13152,1041,"",0.89,0.56,0.55,0.52,0.33,0.56,0.59,0.60,"",1,4.3,84,38.9,77,35.5,55,24.6,1666842,73.4,-78297,-6.2,-1379,-9.5,243,30.5
"20177","5","518210","78","0","2017","2","",9,385,379,369,6175068,1130004,14100,1258,"",0.82,1.84,1.80,1.76,1.34,1.84,2.17,0.74,"",2,28.6,5,1.3,15,4.1,3,0.8,160215,2.7,179007,18.8,11459,433.9,8,0.6
"20195","5","518210","78","0","2017","2","N",1,0,0,0,0,0,0,0,"N",3.52,0,0,0,0,0,0,0,"N",1,100.0,0,0,0,0,0,0,0,0,0,0,0,0,0,0
"20209","5","518210","78","0","2017","2","N",3,0,0,0,0,0,0,0,"N",0.40,0,0,0,0,0,0,0,"N",0,0.0,0,0,0,0,0,0,0,0,0,0,0,0,0,0
"20999","5","518210","78","0","2017","2","",11,66,67,67,1561439,70821,2816,1802,"",2.29,1.34,1.36,1.37,1.03,0.47,0.94,0.76,"",1,10.0,9,15.8,8,13.6,11,19.6,231691,17.4,-72655,-50.6,-1458,-34.1,18,1.0
"21000","3","518210","58","0","2017","2","N",1,0,0,0,0,0,0,0,"N",0.81,0,0,0,0,0,0,0,"N",0,0.0,0,0,0,0,0,0,0,0,0,0,0,0,0,0
"21000","5","518210","58","0","2017","2","",203,3587,3579,3573,58281391,6501331,320276,1252,"",0.78,0.88,0.88,0.87,0.63,0.84,1.81,0.72,"",9,4.6,69,2.0,137,4.0,21,0.6,4327187,8.0,-427193,-6.2,-4562,-1.4,68,5.7
"21005","5","518210","78","0","2017","2","N",3,0,0,0,0,0,0,0,"N",3.43,0,0,0,0,0,0,0,"N",0,0.0,0,0,0,0,0,0,0,0,0,0,0,0,0,0
"21009","5","518210","78","0","2017","2","N",1,0,0,0,0,0,0,0,"N",0.45,0,0,0,0,0,0,0,"N",1,100.0,0,0,0,0,0,0,0,0,0,0,0,0,0,0
"21015","5","518210","78","0","2017","2","N",8,0,0,0,0,0,0,0,"N",0.86,0,0,0,0,0,0,0,"N",0,0.0,0,0,0,0,0,0,0,0,0,0,0,0,0,0
"21017","5","518210","78","0","2017","2","N",1,0,0,0,0,0,0,0,"N",0.87,0,0,0,0,0,0,0,"N",0,0.0,0,0,0,0,0,0,0,0,0,0,0,0,0,0
"21019","5","518210","78","0","2017","2","N",1,0,0,0,0,0,0,0,"N",0.29,0,0,0,0,0,0,0,"N",0,0.0,0,0,0,0,0,0,0,0,0,0,0,0,0,0
"21029","5","518210","78","0","2017","2","N",1,0,0,0,0,0,0,0,"N",0.36,0,0,0,0,0,0,0,"N",1,100.0,0,0,0,0,0,0,0,0,0,0,0,0,0,0
"21035","5","518210","78","0","2017","2","N",2,0,0,0,0,0,0,0,"N",0.93,0,0,0,0,0,0,0,"N",0,0.0,0,0,0,0,0,0,0,0,0,0,0,0,0,0
"21037","5","518210","78","0","2017","2","",4,8,9,8,178824,20156,559,1651,"",0.86,0.12,0.14,0.12,0.13,0.17,0.23,1.02,"N",0,0.0,0,0,0,0,0,0,0,0,0,0,0,0,0,0
"21045","5","518210","78","0","2017","2","N",1,0,0,0,0,0,0,0,"N",1.68,0,0,0,0,0,0,0,"N",0,0.0,0,0,0,0,0,0,0,0,0,0,0,0,0,0
"21047","5","518210","78","0","2017","2","N",6,0,0,0,0,0,0,0,"N",1.72,0,0,0,0,0,0,0,"N",1,20.0,0,0,0,0,0,0,0,0,0,0,0,0,0,0
"21049","5","518210","78","0","2017","2","N",1,0,0,0,0,0,0,0,"N",0.56,0,0,0,0,0,0,0,"N",0,0.0,0,0,0,0,0,0,0,0,0,0,0,0,0,0
"21055","5","518210","78","0","2017","2","N",1,0,0,0,0,0,0,0,"N",2.74,0,0,0,0,0,0,0,"N",0,0.0,0,0,0,0,0,0,0,0,0,0,0,0,0,0
"21059","5","518210","78","0","2017","2","N",2,0,0,0,0,0,0,0,"N",0.32,0,0,0,0,0,0,0,"N",0,0.0,0,0,0,0,0,0,0,0,0,0,0,0,0,0
"21067","5","518210","78","0","2017","2","",30,480,479,482,9064150,645304,16444,1452,"",1.30,1.13,1.13,1.14,0.89,0.81,0.93,0.79,"",1,3.4,55,12.9,54,12.7,45,10.3,1835087,25.4,-141552,-18.0,-7784,-32.1,156,12.0
"21071","5","518210","78","0","2017","2","N",1,0,0,0,0,0,0,0,"N",0.46,0,0,0,0,0,0,0,"N",0,0.0,0,0,0,0,0,0,0,0,0,0,0,0,0,0
"21073","3","518210","78","0","2017","2","N",1,0,0,0,0,0,0,0,"N",52.11,0,0,0,0,0,0,0,"N",0,0.0,0,0,0,0,0,0,0,0,0,0,0,0,0,0
"21073","5","518210","78","0","2017","2","N",5,0,0,0,0,0,0,0,"N",1.24,0,0,0,0,0,0,0,"N",1,25.0,0,0,0,0,0,0,0,0,0,0,0,0,0,0
"21083","5","518210","78","0","2017","2","N",1,0,0,0,0,0,0,0,"N",0.55,0,0,0,0,0,0,0,"N",0,0.0,0,0,0,0,0,0,0,0,0,0,0,0,0,0
"21093","5","518210","78","0","2017","2","",11,127,127,129,2876213,211548,14771,1733,"",1.75,1.21,1.21,1.22,1.30,1.17,4.05,1.07,"",1,10.0,-5,-3.8,-4,-3.1,-2,-1.5,195003,7.3,87823,71.0,5759,63.9,163,10.4
"21101","5","518210","78","0","2017","2","N",1,0,0,0,0,0,0,0,"N",0.40,0,0,0,0,0,0,0,"N",0,0.0,0,0,0,0,0,0,0,0,0,0,0,0,0,0
"21111","5","518210","78","0","2017","2","",52,1031,1023,1018,21188636,489743,14885,1592,"",0.97,1.02,1.01,1.00,0.79,0.27,0.36,0.78,"",0,0.0,-159,-13.4,-114,-10.0,-111,-9.8,133178,0.6,-260475,-34.7,-11532,-43.7,186,13.2
"21113","5","518210","78","0","2017","2","N",2,0,0,0,0,0,0,0,"N",0.73,0,0,0,0,0,0,0,"N",0,0.0,0,0,0,0,0,0,0,0,0,0,0,0,0,0
"21115","5","518210","78","0","2017","2","N",1,0,0,0,0,0,0,0,"N",0.91,0,0,0,0,0,0,0,"N",0,0.0,0,0,0,0,0,0,0,0,0,0,0,0,0,0
"21117","5","518210","78","0","2017","2","",4,14,14,14,333715,0,0,1834,"",0.46,0.10,0.10,0.10,0.09,0.00,0.00,0.93,"N",-1,-20.0,0,0,0,0,0,0,0,0,0,0,0,0,0,0
"21125","5","518210","78","0","2017","2","N",4,0,0,0,0,0,0,0,"N",1.24,0,0,0,0,0,0,0,"N",0,0.0,0,0,0,0,0,0,0,0,0,0,0,0,0,0
"21129","5","518210","78","0","2017","2","N",1,0,0,0,0,0,0,0,"N",2.96,0,0,0,0,0,0,0,"N",0,0.0,0,0,0,0,0,0,0,0,0,0,0,0,0,0
"21133","5","518210","78","0","2017","2","N",1,0,0,0,0,0,0,0,"N",1.09,0,0,0,0,0,0,0,"N",0,0.0,0,0,0,0,0,0,0,0,0,0,0,0,0,0
"21141","5","518210","78","0","2017","2","N",1,0,0,0,0,0,0,0,"N",0.78,0,0,0,0,0,0,0,"N",1,100.0,0,0,0,0,0,0,0,0,0,0,0,0,0,0
"21143","5","518210","78","0","2017","2","N",1,0,0,0,0,0,0,0,"N",2.16,0,0,0,0,0,0,0,"N",0,0.0,0,0,0,0,0,0,0,0,0,0,0,0,0,0
"21145","5","518210","78","0","2017","2","N",1,0,0,0,0,0,0,0,"N",0.19,0,0,0,0,0,0,0,"N",-2,-66.7,0,0,0,0,0,0,0,0,0,0,0,0,0,0
"21151","5","518210","78","0","2017","2","N",6,0,0,0,0,0,0,0,"N",1.43,0,0,0,0,0,0,0,"N",2,50.0,0,0,0,0,0,0,0,0,0,0,0,0,0,0
"21163","5","518210","78","0","2017","2","N",1,0,0,0,0,0,0,0,"N",1.14,0,0,0,0,0,0,0,"N",0,0.0,0,0,0,0,0,0,0,0,0,0,0,0,0,0
"21177","5","518210","78","0","2017","2","N",1,0,0,0,0,0,0,0,"N",0.75,0,0,0,0,0,0,0,"N",0,0.0,0,0,0,0,0,0,0,0,0,0,0,0,0,0
"21179","5","518210","78","0","2017","2","N",1,0,0,0,0,0,0,0,"N",0.40,0,0,0,0,0,0,0,"N",0,0.0,0,0,0,0,0,0,0,0,0,0,0,0,0,0
"21185","5","518210","78","0","2017","2","N",3,0,0,0,0,0,0,0,"N",0.90,0,0,0,0,0,0,0,"N",1,50.0,0,0,0,0,0,0,0,0,0,0,0,0,0,0
"21195","5","518210","78","0","2017","2","N",1,0,0,0,0,0,0,0,"N",0.30,0,0,0,0,0,0,0,"N",0,0.0,0,0,0,0,0,0,0,0,0,0,0,0,0,0
"21203","5","518210","78","0","2017","2","",5,423,427,437,5078738,2554038,160406,911,"",9.48,51.43,51.98,52.07,33.18,116.75,257.56,0.64,"N",1,25.0,0,0,0,0,0,0,0,0,0,0,0,0,0,0
"21205","5","518210","78","0","2017","2","-",0,0,0,0,0,0,0,0,"N",0.00,0,0,0,0,0,0,0,"N",-1,-100.0,0,0,0,0,0,0,0,0,0,0,0,0,0,0
"21209","5","518210","78","0","2017","2","N",3,0,0,0,0,0,0,0,"N",1.16,0,0,0,0,0,0,0,"N",1,50.0,0,0,0,0,0,0,0,0,0,0,0,0,0,0
"21211","5","518210","78","0","2017","2","N",1,0,0,0,0,0,0,0,"N",0.41,0,0,0,0,0,0,0,"N",-1,-50.0,0,0,0,0,0,0,0,0,0,0,0,0,0,0
"21227","5","518210","78","0","2017","2","N",4,0,0,0,0,0,0,0,"N",0.50,0,0,0,0,0,0,0,"N",-1,-20.0,0,0,0,0,0,0,0,0,0,0,0,0,0,0
"21231","5","518210","78","0","2017","2","N",1,0,0,0,0,0,0,0,"N",1.33,0,0,0,0,0,0,0,"N",0,0.0,0,0,0,0,0,0,0,0,0,0,0,0,0,0
"21235","5","518210","78","0","2017","2","N",4,0,0,0,0,0,0,0,"N",2.25,0,0,0,0,0,0,0,"N",0,0.0,0,0,0,0,0,0,0,0,0,0,0,0,0,0
"21239","5","518210","78","0","2017","2","N",1,0,0,0,0,0,0,0,"N",0.62,0,0,0,0,0,0,0,"N",0,0.0,0,0,0,0,0,0,0,0,0,0,0,0,0,0
"21999","5","518210","78","0","2017","2","",22,229,240,256,4945009,655697,24883,1574,"",1.76,3.86,4.01,4.31,2.57,4.13,4.99,0.63,"",3,15.8,-16,-6.5,5,2.1,16,6.7,-193907,-3.8,-499,-0.1,-496,-2.0,-73,-4.4
"22000","5","518210","58","0","2017","2","",266,2114,2157,2161,34367560,2085506,33785,1233,"",0.96,0.51,0.52,0.52,0.36,0.36,0.39,0.71,"",49,22.6,310,17.2,354,19.6,333,18.2,5388835,18.6,154613,8.0,13327,65.1,3,0.2
"22001","5","518210","78","0","2017","2","N",1,0,0,0,0,0,0,0,"N",0.36,0,0,0,0,0,0,0,"N",0,0.0,0,0,0,0,0,0,0,0,0,0,0,0,0,0
"22005","5","518210","78","0","2017","2","",8,12,12,14,201560,10767,256,1224,"",1.31,0.12,0.12,0.14,0.08,0.07,0.10,0.60,"",3,60.0,3,33.3,2,20.0,4,40.0,71398,54.9,942,9.6,-65,-20.2,188,18.1
"22011","5","518210","78","0","2017","2","N",1,0,0,0,0,0,0,0,"N",0.65,0,0,0,0,0,0,0,"N",0,0.0,0,0,0,0,0,0,0,0,0,0,0,0,0,0
"22015","5","518210","78","0","2017","2","",9,81,78,79,1333876,24417,403,1293,"",1.47,0.87,0.84,0.85,0.76,0.18,0.20,0.89,"",-1,-10.0,-21,-20.6,-26,-25.0,-23,-22.5,-290374,-17.9,-39343,-61.7,-485,-54.6,76,6.2
"22017","5","518210","78","0","2017","2","",13,199,205,207,2718591,153646,2443,1027,"",0.85,0.81,0.84,0.84,0.53,0.47,0.52,0.63,"",3,30.0,108,118.7,115,127.8,115,125.0,1965806,261.1,35861,30.4,614,33.6,391,61.5
"22019","5","518210","78","0","2017","2","N",5,0,0,0,0,0,0,0,"N",0.45,0,0,0,0,0,0,0,"N",-1,-16.7,0,0,0,0,0,0,0,0,0,0,0,0,0,0
"22033","5","518210","78","0","2017","2","",52,728,730,733,13765110,499327,9486,1450,"",1.57,1.25,1.26,1.29,0.96,0.63,0.74,0.76,"",5,10.6,81,12.5,95,15.0,82,12.6,626424,4.8,-85745,-14.7,5668,148.5,-119,-7.6
"22037","5","518210","78","0","2017","2","N",1,0,0,0,0,0,0,0,"N",1.37,0,0,0,0,0,0,0,"N",0,0.0,0,0,0,0,0,0,0,0,0,0,0,0,0,0
"22039","5","518210","78","0","2017","2","N",1,0,0,0,0,0,0,0,"N",0.76,0,0,0,0,0,0,0,"N",0,0.0,0,0,0,0,0,0,0,0,0,0,0,0,0,0
"22051","5","518210","78","0","2017","2","",32,183,200,215,2187573,329279,5602,844,"",1.08,0.44,0.48,0.51,0.22,0.57,0.69,0.46,"",8,33.3,54,41.9,66,49.3,80,59.3,613324,39.0,184467,127.4,3663,188.9,-69,-7.6
"22055","5","518210","78","0","2017","2","N",15,0,0,0,0,0,0,0,"N",0.74,0,0,0,0,0,0,0,"N",3,25.0,0,0,0,0,0,0,0,0,0,0,0,0,0,0
"22057","5","518210","78","0","2017","2","N",2,0,0,0,0,0,0,0,"N",0.46,0,0,0,0,0,0,0,"N",0,0.0,0,0,0,0,0,0,0,0,0,0,0,0,0,0
"22061","5","518210","78","0","2017","2","N",1,0,0,0,0,0,0,0,"N",0.38,0,0,0,0,0,0,0,"N",0,0.0,0,0,0,0,0,0,0,0,0,0,0,0,0,0
"22063","5","518210","78","0","2017","2","",3,2,2,3,41705,3676,65,1375,"",0.63,0.03,0.03,0.05,0.04,0.04,0.05,0.99,"N",0,0.0,0,0,0,0,0,0,0,0,0,0,0,0,0,0
"22067","5","518210","78","0","2017","2","N",1,0,0,0,0,0,0,0,"N",0.88,0,0,0,0,0,0,0,"N",0,0.0,0,0,0,0,0,0,0,0,0,0,0,0,0,0
"22071","5","518210","78","0","2017","2","",55,214,221,224,4707935,305498,5394,1649,"",2.05,0.50,0.52,0.54,0.46,0.54,0.62,0.88,"",15,37.5,52,32.1,57,34.8,65,40.9,819347,21.1,88894,41.0,2391,79.6,-201,-10.9
"22073","5","518210","78","0","2017","2","N",8,0,0,0,0,0,0,0,"N",0.79,0,0,0,0,0,0,0,"N",1,14.3,0,0,0,0,0,0,0,0,0,0,0,0,0,0
"22079","5","518210","78","0","2017","2","N",3,0,0,0,0,0,0,0,"N",0.38,0,0,0,0,0,0,0,"N",0,0.0,0,0,0,0,0,0,0,0,0,0,0,0,0,0
"22087","5","518210","78","0","2017","2","N",1,0,0,0,0,0,0,0,"N",0.59,0,0,0,0,0,0,0,"N",0,0.0,0,0,0,0,0,0,0,0,0,0,0,0,0,0
"22095","5","518210","78","0","2017","2","N",1,0,0,0,0,0,0,0,"N",0.51,0,0,0,0,0,0,0,"N",1,100.0,0,0,0,0,0,0,0,0,0,0,0,0,0,0
"22097","5","518210","78","0","2017","2","N",1,0,0,0,0,0,0,0,"N",0.25,0,0,0,0,0,0,0,"N",0,0.0,0,0,0,0,0,0,0,0,0,0,0,0,0,0
"22101","5","518210","78","0","2017","2","N",1,0,0,0,0,0,0,0,"N",0.31,0,0,0,0,0,0,0,"N",0,0.0,0,0,0,0,0,0,0,0,0,0,0,0,0,0
"22103","5","518210","78","0","2017","2","",24,78,77,77,962115,104463,2023,957,"",1.36,0.41,0.40,0.40,0.23,0.37,0.57,0.56,"",9,60.0,2,2.6,2,2.7,5,6.9,219859,29.6,-17614,-14.4,-364,-15.2,189,24.6
"22105","5","518210","78","0","2017","2","N",4,0,0,0,0,0,0,0,"N",0.65,0,0,0,0,0,0,0,"N",-1,-20.0,0,0,0,0,0,0,0,0,0,0,0,0,0,0
"22109","5","518210","78","0","2017","2","",4,9,9,9,102376,15379,246,875,"",0.58,0.08,0.08,0.08,0.04,0.10,0.12,0.47,"",1,33.3,0,0.0,0,0.0,0,0.0,7398,7.8,7049,84.6,164,200.0,63,7.8
"22115","5","518210","78","0","2017","2","N",1,0,0,0,0,0,0,0,"N",0.50,0,0,0,0,0,0,0,"N",1,100.0,0,0,0,0,0,0,0,0,0,0,0,0,0,0
"22117","5","518210","78","0","2017","2","N",1,0,0,0,0,0,0,0,"N",0.60,0,0,0,0,0,0,0,"N",0,0.0,0,0,0,0,0,0,0,0,0,0,0,0,0,0
"22125","5","518210","78","0","2017","2","-",0,0,0,0,0,0,0,0,"N",0.00,0,0,0,0,0,0,0,"N",0,0,0,0,0,0,0,0,0,0,0,0,0,0,0,0
"22999","5","518210","78","0","2017","2","",17,74,84,70,1881344,98197,1092,1904,"",2.91,1.29,1.44,1.20,1.10,0.76,0.45,0.84,"",2,13.3,27,57.4,40,90.9,17,32.1,727884,63.1,14166,16.9,-165,-13.1,56,3.0
"23000","5","518210","58","0","2017","2","",67,595,601,597,10231562,928515,15310,1317,"",0.58,0.46,0.45,0.44,0.36,0.30,0.28,0.80,"",6,9.8,63,11.8,62,11.5,55,10.1,1218056,13.5,-223310,-19.4,-8757,-36.4,27,2.1
"23001","5","518210","78","0","2017","2","N",3,0,0,0,0,0,0,0,"N",0.44,0,0,0,0,0,0,0,"N",-2,-40.0,0,0,0,0,0,0,0,0,0,0,0,0,0,0
"23003","5","518210","78","0","2017","2","N",1,0,0,0,0,0,0,0,"N",0.18,0,0,0,0,0,0,0,"N",0,0.0,0,0,0,0,0,0,0,0,0,0,0,0,0,0
"23005","5","518210","78","0","2017","2","",23,220,218,219,4080010,250915,3861,1433,"",0.76,0.57,0.55,0.54,0.43,0.28,0.26,0.78,"",2,9.5,46,26.4,38,21.1,41,23.0,1084371,36.2,-4355,-1.7,-889,-18.7,134,10.3
"23009","5","518210","78","0","2017","2","N",1,0,0,0,0,0,0,0,"N",0.18,0,0,0,0,0,0,0,"N",0,0.0,0,0,0,0,0,0,0,0,0,0,0,0,0,0
"23011","5","518210","78","0","2017","2","N",6,0,0,0,0,0,0,0,"N",0.70,0,0,0,0,0,0,0,"N",0,0.0,0,0,0,0,0,0,0,0,0,0,0,0,0,0
"23013","5","518210","78","0","2017","2","N",1,0,0,0,0,0,0,0,"N",0.23,0,0,0,0,0,0,0,"N",0,0.0,0,0,0,0,0,0,0,0,0,0,0,0,0,0
"23017","5","518210","78","0","2017","2","N",3,0,0,0,0,0,0,0,"N",0.87,0,0,0,0,0,0,0,"N",1,50.0,0,0,0,0,0,0,0,0,0,0,0,0,0,0
"23019","5","518210","78","0","2017","2","N",2,0,0,0,0,0,0,0,"N",0.19,0,0,0,0,0,0,0,"N",1,100.0,0,0,0,0,0,0,0,0,0,0,0,0,0,0
"23021","5","518210","78","0","2017","2","N",1,0,0,0,0,0,0,0,"N",0.83,0,0,0,0,0,0,0,"N",0,0.0,0,0,0,0,0,0,0,0,0,0,0,0,0,0
"23023","5","518210","78","0","2017","2","N",2,0,0,0,0,0,0,0,"N",0.80,0,0,0,0,0,0,0,"N",0,0.0,0,0,0,0,0,0,0,0,0,0,0,0,0,0
"23027","5","518210","78","0","2017","2","N",1,0,0,0,0,0,0,0,"N",0.37,0,0,0,0,0,0,0,"N",-1,-50.0,0,0,0,0,0,0,0,0,0,0,0,0,0,0
"23031","5","518210","78","0","2017","2","N",12,0,0,0,0,0,0,0,"N",0.81,0,0,0,0,0,0,0,"N",4,50.0,0,0,0,0,0,0,0,0,0,0,0,0,0,0
"23999","5","518210","78","0","2017","2","",11,15,20,15,337843,41845,1066,1559,"",1.46,0.66,0.88,0.65,0.43,0.62,0.78,0.59,"",2,22.2,-1,-6.2,4,25.0,1,7.1,43295,14.7,-14740,-26.0,-279,-20.7,81,5.5
"24000","3","518210","58","0","2017","2","N",1,0,0,0,0,0,0,0,"N",0.57,0,0,0,0,0,0,0,"N",0,0.0,0,0,0,0,0,0,0,0,0,0,0,0,0,0
"24000","5","518210","58","0","2017","2","",333,3609,3630,3629,89909669,2970231,105070,1909,"",0.90,0.63,0.63,0.62,0.54,0.36,0.61,0.86,"",-3,-0.9,-493,-12.0,-410,-10.1,-359,-9.0,4144668,4.8,-417497,-12.3,-26027,-19.9,277,17.0
"24003","5","518210","78","0","2017","2","",30,192,189,187,4770508,163804,3891,1938,"",0.92,0.33,0.32,0.31,0.28,0.18,0.23,0.88,"",4,15.4,17,9.7,15,8.6,14,8.1,699376,17.2,-9437,-5.4,1524,64.4,138,7.7
"24005","5","518210","78","0","2017","2","",33,247,218,193,5084711,98880,3658,1783,"",0.72,0.30,0.27,0.23,0.24,0.09,0.15,0.88,"",-5,-13.2,-188,-43.2,-213,-49.4,-241,-55.5,-1245505,-19.7,-200088,-66.9,-11791,-76.3,659,58.6
"24009","5","518210","78","0","2017","2","",6,28,27,23,296502,21596,97,877,"",1.50,0.51,0.50,0.42,0.20,0.27,0.07,0.42,"",0,0.0,-4,-12.5,-5,-15.6,-6,-20.7,-2604,-0.9,-10597,-32.9,1,1.0,135,18.2
"24011","5","518210","78","0","2017","2","N",1,0,0,0,0,0,0,0,"N",0.69,0,0,0,0,0,0,0,"N",1,100.0,0,0,0,0,0,0,0,0,0,0,0,0,0,0
"24013","5","518210","78","0","2017","2","N",6,0,0,0,0,0,0,0,"N",0.61,0,0,0,0,0,0,0,"N",2,50.0,0,0,0,0,0,0,0,0,0,0,0,0,0,0
"24015","5","518210","78","0","2017","2","N",3,0,0,0,0,0,0,0,"N",0.72,0,0,0,0,0,0,0,"N",1,50.0,0,0,0,0,0,0,0,0,0,0,0,0,0,0
"24017","5","518210","78","0","2017","2","N",3,0,0,0,0,0,0,0,"N",0.49,0,0,0,0,0,0,0,"N",1,50.0,0,0,0,0,0,0,0,0,0,0,0,0,0,0
"24019","5","518210","78","0","2017","2","N",1,0,0,0,0,0,0,0,"N",0.64,0,0,0,0,0,0,0,"N",0,0.0,0,0,0,0,0,0,0,0,0,0,0,0,0,0
"24021","5","518210","78","0","2017","2","",8,20,18,25,649478,31028,1108,2379,"",0.58,0.09,0.08,0.11,0.12,0.10,0.18,1.27,"",1,14.3,2,11.1,-1,-5.3,7,38.9,151749,30.5,882,2.9,-992,-47.2,291,13.9
"24023","5","518210","78","0","2017","2","N",2,0,0,0,0,0,0,0,"N",1.03,0,0,0,0,0,0,0,"N",0,0.0,0,0,0,0,0,0,0,0,0,0,0,0,0,0
"24025","5","518210","78","0","2017","2","N",5,0,0,0,0,0,0,0,"N",0.40,0,0,0,0,0,0,0,"N",0,0.0,0,0,0,0,0,0,0,0,0,0,0,0,0,0
"24027","5","518210","78","0","2017","2","",17,461,472,475,13328860,162080,4320,2185,"",0.78,1.25,1.27,1.26,1.12,0.33,0.41,0.89,"N",0,0.0,0,0,0,0,0,0,0,0,0,0,0,0,0,0
"24029","5","518210","78","0","2017","2","N",1,0,0,0,0,0,0,0,"N",0.64,0,0,0,0,0,0,0,"N",0,0.0,0,0,0,0,0,0,0,0,0,0,0,0,0,0
"24031","5","518210","78","0","2017","2","",48,701,722,748,20800197,597428,14033,2211,"",0.68,0.69,0.71,0.72,0.58,0.47,0.60,0.82,"",-3,-5.9,-55,-7.3,-31,-4.1,-19,-2.5,1407024,7.3,77195,14.8,-2676,-16.0,245,12.5
"24033","5","518210","78","0","2017","2","",21,964,971,976,24911066,779947,42143,1975,"",0.61,1.38,1.39,1.40,1.28,0.75,2.15,0.92,"",0,0.0,-105,-9.8,-82,-7.8,-38,-3.7,3625201,17.0,225766,40.7,13722,48.3,409,26.1
"24035","5","518210","78","0","2017","2","N",1,0,0,0,0,0,0,0,"N",0.32,0,0,0,0,0,0,0,"N",0,0.0,0,0,0,0,0,0,0,0,0,0,0,0,0,0
"24041","5","518210","78","0","2017","2","N",1,0,0,0,0,0,0,0,"N",0.30,0,0,0,0,0,0,0,"N",0,0.0,0,0,0,0,0,0,0,0,0,0,0,0,0,0
"24043","5","518210","78","0","2017","2","N",3,0,0,0,0,0,0,0,"N",0.40,0,0,0,0,0,0,0,"N",0,0.0,0,0,0,0,0,0,0,0,0,0,0,0,0,0
"24045","5","518210","78","0","2017","2","N",2,0,0,0,0,0,0,0,"N",0.36,0,0,0,0,0,0,0,"N",1,100.0,0,0,0,0,0,0,0,0,0,0,0,0,0,0
"24047","5","518210","78","0","2017","2","",3,5,5,5,65374,3600,11,1006,"",0.64,0.10,0.09,0.07,0.07,0.03,0.00,0.85,"",-1,-25.0,-5,-50.0,-5,-50.0,-5,-50.0,-50654,-43.7,-580,-13.9,-96,-89.7,113,12.7
"24510","3","518210","78","0","2017","2","N",1,0,0,0,0,0,0,0,"N",7.11,0,0,0,0,0,0,0,"N",0,0.0,0,0,0,0,0,0,0,0,0,0,0,0,0,0
"24510","5","518210","78","0","2017","2","",21,203,204,209,3891478,168976,4651,1458,"",0.71,0.28,0.28,0.28,0.17,0.19,0.23,0.61,"",0,0.0,-40,-16.5,-26,-11.3,-23,-9.9,-357077,-8.4,-78577,-31.7,-5145,-52.5,67,4.8
"24999","5","518210","78","0","2017","2","",117,276,283,279,8155520,225793,5763,2246,"",2.66,1.89,1.92,1.87,1.27,0.79,0.71,0.67,"",-5,-4.1,-50,-15.3,-44,-13.5,-39,-12.3,-827150,-9.2,-150959,-40.1,-3505,-37.8,111,5.2
"25000","3","518210","58","0","2017","2","N",2,0,0,0,0,0,0,0,"N",0.78,0,0,0,0,0,0,0,"N",0,0.0,0,0,0,0,0,0,0,0,0,0,0,0,0,0
"25000","5","518210","58","0","2017","2","",514,8734,8776,8992,272544421,14470346,475468,2373,"",0.96,1.14,1.14,1.15,1.05,0.56,0.75,0.92,"",55,12.0,128,1.5,120,1.4,171,1.9,10680654,4.1,590649,4.3,19255,4.2,56,2.4
"25001","3","518210","78","0","2017","2","N",1,0,0,0,0,0,0,0,"N",10.37,0,0,0,0,0,0,0,"N",0,0.0,0,0,0,0,0,0,0,0,0,0,0,0,0,0
"25001","5","518210","78","0","2017","2","",5,178,183,184,2586137,502222,17199,1095,"",0.25,0.89,0.86,0.78,0.53,0.60,0.64,0.63,"N",0,0.0,0,0,0,0,0,0,0,0,0,0,0,0,0,0
"25003","5","518210","78","0","2017","2","N",4,0,0,0,0,0,0,0,"N",0.36,0,0,0,0,0,0,0,"N",1,33.3,0,0,0,0,0,0,0,0,0,0,0,0,0,0
"25005","5","518210","78","0","2017","2","",8,65,71,71,1746009,103191,2536,1946,"",0.21,0.13,0.14,0.14,0.14,0.05,0.05,1.02,"",0,0.0,10,18.2,14,24.6,11,18.3,243461,16.2,-76130,-42.5,-2752,-52.0,-70,-3.5
"25009","3","518210","78","0","2017","2","N",1,0,0,0,0,0,0,0,"N",3.85,0,0,0,0,0,0,0,"N",0,0.0,0,0,0,0,0,0,0,0,0,0,0,0,0,0
"25009","5","518210","78","0","2017","2","",26,264,263,267,6298966,727167,23081,1831,"",0.48,0.37,0.37,0.37,0.31,0.31,0.39,0.83,"",1,4.0,-228,-46.3,-236,-47.3,-233,-46.6,-7211992,-53.4,-218487,-23.1,-4245,-15.5,-260,-12.4
"25011","5","518210","78","0","2017","2","N",4,0,0,0,0,0,0,0,"N",0.77,0,0,0,0,0,0,0,"N",2,100.0,0,0,0,0,0,0,0,0,0,0,0,0,0,0
"25013","5","518210","78","0","2017","2","",6,44,38,40,389196,169114,4346,736,"",0.16,0.10,0.08,0.09,0.04,0.11,0.11,0.41,"",-1,-14.3,-8,-15.4,-10,-20.8,-11,-21.6,-289065,-42.6,-1540,-0.9,-296,-6.4,-301,-29.0
"25015","5","518210","78","0","2017","2","N",2,0,0,0,0,0,0,0,"N",0.19,0,0,0,0,0,0,0,"N",1,100.0,0,0,0,0,0,0,0,0,0,0,0,0,0,0
"25017","5","518210","78","0","2017","2","",154,4957,4991,5128,164727661,7306078,248478,2521,"",1.31,2.54,2.55,2.59,2.11,1.26,1.66,0.82,"",12,8.5,400,8.8,405,8.8,441,9.4,25285983,18.1,897533,14.0,19008,8.3,194,8.3
"25021","5","518210","78","0","2017","2","",40,831,823,830,20618102,932277,29296,1915,"",0.74,1.09,1.07,1.06,0.87,0.38,0.45,0.81,"",1,2.6,-152,-15.5,-166,-16.8,-163,-16.4,-5484830,-21.0,-304599,-24.6,-6881,-19.0,-117,-5.8
"25023","5","518210","78","0","2017","2","",21,524,530,536,13315140,716864,18392,1933,"",0.62,1.25,1.25,1.24,1.20,0.46,0.45,0.96,"",1,5.0,266,103.1,267,101.5,266,98.5,3124917,30.7,363769,103.0,7690,71.9,-1040,-35.0
"25025","5","518210","78","0","2017","2","",84,1151,1164,1208,39442458,2683823,97545,2584,"",1.34,0.79,0.80,0.82,0.62,0.62,1.11,0.78,"",8,10.5,147,14.6,154,15.2,174,16.8,6637514,20.2,445375,19.9,24804,34.1,100,4.0
"25027","5","518210","78","0","2017","2","",30,410,375,375,12860582,245773,5804,2558,"",0.56,0.55,0.50,0.49,0.64,0.09,0.09,1.26,"",10,50.0,-200,-32.8,-235,-38.5,-251,-40.1,-7241057,-36.0,-644050,-72.4,-21903,-79.1,45,1.8
"25999","5","518210","78","0","2017","2","",130,291,315,328,9798628,983682,26851,2421,"",3.81,2.63,2.77,2.92,1.76,2.36,1.58,0.63,"",19,17.1,-121,-29.4,-94,-23.0,-94,-22.3,-4693483,-32.4,85477,9.5,353,1.3,-270,-10.0
"26000","5","518210","58","0","2017","2","",1117,6411,6411,6430,122804930,8329540,232488,1472,"",2.13,0.69,0.68,0.68,0.52,0.55,0.49,0.76,"",202,22.1,-47,-0.7,-63,-1.0,-59,-0.9,3155798,2.6,-1765333,-17.5,-96964,-29.4,50,3.5
"26005","5","518210","78","0","2017","2","N",2,0,0,0,0,0,0,0,"N",0.43,0,0,0,0,0,0,0,"N",1,100.0,0,0,0,0,0,0,0,0,0,0,0,0,0,0
"26017","5","518210","78","0","2017","2","",3,5,5,5,59450,14599,386,915,"",0.67,0.07,0.07,0.07,0.04,0.12,0.10,0.59,"N",1,50.0,0,0,0,0,0,0,0,0,0,0,0,0,0,0
"26019","5","518210","78","0","2017","2","N",1,0,0,0,0,0,0,0,"N",1.05,0,0,0,0,0,0,0,"N",0,0.0,0,0,0,0,0,0,0,0,0,0,0,0,0,0
"26021","5","518210","78","0","2017","2","N",3,0,0,0,0,0,0,0,"N",0.41,0,0,0,0,0,0,0,"N",2,200.0,0,0,0,0,0,0,0,0,0,0,0,0,0,0
"26023","5","518210","78","0","2017","2","N",1,0,0,0,0,0,0,0,"N",0.60,0,0,0,0,0,0,0,"N",0,0.0,0,0,0,0,0,0,0,0,0,0,0,0,0,0
"26025","5","518210","78","0","2017","2","N",1,0,0,0,0,0,0,0,"N",0.21,0,0,0,0,0,0,0,"N",0,0.0,0,0,0,0,0,0,0,0,0,0,0,0,0,0
"26027","5","518210","78","0","2017","2","-",0,0,0,0,0,0,0,0,"N",0.00,0,0,0,0,0,0,0,"N",0,0,0,0,0,0,0,0,0,0,0,0,0,0,0,0
"26031","5","518210","78","0","2017","2","N",3,0,0,0,0,0,0,0,"N",1.83,0,0,0,0,0,0,0,"N",0,0.0,0,0,0,0,0,0,0,0,0,0,0,0,0,0
"26037","5","518210","78","0","2017","2","N",2,0,0,0,0,0,0,0,"N",0.78,0,0,0,0,0,0,0,"N",-1,-33.3,0,0,0,0,0,0,0,0,0,0,0,0,0,0
"26043","5","518210","78","0","2017","2","N",2,0,0,0,0,0,0,0,"N",1.10,0,0,0,0,0,0,0,"N",0,0.0,0,0,0,0,0,0,0,0,0,0,0,0,0,0
"26045","5","518210","78","0","2017","2","N",4,0,0,0,0,0,0,0,"N",1.01,0,0,0,0,0,0,0,"N",0,0.0,0,0,0,0,0,0,0,0,0,0,0,0,0,0
"26047","5","518210","78","0","2017","2","N",2,0,0,0,0,0,0,0,"N",0.67,0,0,0,0,0,0,0,"N",0,0.0,0,0,0,0,0,0,0,0,0,0,0,0,0,0
"26049","5","518210","78","0","2017","2","",13,85,89,92,795450,230533,4625,690,"",0.89,0.29,0.30,0.31,0.12,0.41,0.28,0.41,"",1,8.3,9,11.8,14,18.7,17,22.7,-438572,-35.5,106134,85.3,1412,43.9,-570,-45.2
"26055","5","518210","78","0","2017","2","",7,83,81,84,1131176,83242,2576,1053,"",0.99,0.77,0.74,0.74,0.50,0.45,0.41,0.67,"",1,16.7,12,16.9,9,12.5,12,16.7,-78999,-6.5,28286,51.5,1461,131.0,-246,-18.9
"26061","5","518210","78","0","2017","2","N",2,0,0,0,0,0,0,0,"N",1.10,0,0,0,0,0,0,0,"N",0,0.0,0,0,0,0,0,0,0,0,0,0,0,0,0,0
"26065","5","518210","78","0","2017","2","",12,108,112,117,1893384,160399,4869,1297,"",0.94,0.33,0.34,0.35,0.22,0.38,0.42,0.66,"",4,50.0,24,28.6,29,34.9,32,37.6,355698,23.1,34652,27.6,785,19.2,-111,-7.9
"26067","5","518210","78","0","2017","2","N",2,0,0,0,0,0,0,0,"N",0.98,0,0,0,0,0,0,0,"N",1,100.0,0,0,0,0,0,0,0,0,0,0,0,0,0,0
"26073","5","518210","78","0","2017","2","N",2,0,0,0,0,0,0,0,"N",0.72,0,0,0,0,0,0,0,"N",0,0.0,0,0,0,0,0,0,0,0,0,0,0,0,0,0
"26075","5","518210","78","0","2017","2","",5,27,27,28,338829,62268,2990,954,"",0.88,0.22,0.22,0.22,0.12,0.33,0.50,0.53,"",2,66.7,13,92.9,13,92.9,13,86.7,246275,266.1,-994,-1.6,502,20.2,457,92.0
"26077","5","518210","78","0","2017","2","N",5,0,0,0,0,0,0,0,"N",0.47,0,0,0,0,0,0,0,"N",1,25.0,0,0,0,0,0,0,0,0,0,0,0,0,0,0
"26079","5","518210","78","0","2017","2","N",1,0,0,0,0,0,0,0,"N",1.49,0,0,0,0,0,0,0,"N",0,0.0,0,0,0,0,0,0,0,0,0,0,0,0,0,0
"26081","5","518210","78","0","2017","2","",40,473,481,485,8089316,447514,9336,1297,"",1.29,0.55,0.55,0.56,0.41,0.31,0.26,0.73,"",8,25.0,38,8.7,32,7.1,31,6.8,576311,7.7,-108268,-19.5,-4108,-30.6,1,0.1
"26087","5","518210","78","0","2017","2","N",1,0,0,0,0,0,0,0,"N",0.31,0,0,0,0,0,0,0,"N",1,100.0,0,0,0,0,0,0,0,0,0,0,0,0,0,0
"26089","5","518210","78","0","2017","2","N",1,0,0,0,0,0,0,0,"N",0.69,0,0,0,0,0,0,0,"N",0,0.0,0,0,0,0,0,0,0,0,0,0,0,0,0,0
"26091","5","518210","78","0","2017","2","N",3,0,0,0,0,0,0,0,"N",0.80,0,0,0,0,0,0,0,"N",1,50.0,0,0,0,0,0,0,0,0,0,0,0,0,0,0
"26093","5","518210","78","0","2017","2","",9,165,160,157,1308984,345070,15314,627,"",0.88,1.26,1.19,1.15,0.47,1.32,1.84,0.39,"",0,0.0,47,39.8,36,29.0,22,16.3,158429,13.8,-38455,-10.0,-321,-2.1,-77,-10.9
"26099","5","518210","78","0","2017","2","",23,160,162,165,3316736,181451,4994,1572,"",0.61,0.23,0.23,0.23,0.18,0.16,0.12,0.77,"N",2,9.5,0,0,0,0,0,0,0,0,0,0,0,0,0,0
"26101","5","518210","78","0","2017","2","-",0,0,0,0,0,0,0,0,"N",0.00,0,0,0,0,0,0,0,"N",0,0,0,0,0,0,0,0,0,0,0,0,0,0,0,0
"26109","5","518210","78","0","2017","2","N",1,0,0,0,0,0,0,0,"N",1.01,0,0,0,0,0,0,0,"N",0,0.0,0,0,0,0,0,0,0,0,0,0,0,0,0,0
"26111","5","518210","78","0","2017","2","",6,14,17,18,264633,35005,1197,1246,"",0.92,0.17,0.21,0.22,0.13,0.30,0.33,0.63,"N",1,20.0,0,0,0,0,0,0,0,0,0,0,0,0,0,0
"26115","5","518210","78","0","2017","2","N",3,0,0,0,0,0,0,0,"N",0.65,0,0,0,0,0,0,0,"N",1,50.0,0,0,0,0,0,0,0,0,0,0,0,0,0,0
"26121","5","518210","78","0","2017","2","N",2,0,0,0,0,0,0,0,"N",0.33,0,0,0,0,0,0,0,"N",0,0.0,0,0,0,0,0,0,0,0,0,0,0,0,0,0
"26123","5","518210","78","0","2017","2","N",1,0,0,0,0,0,0,0,"N",0.60,0,0,0,0,0,0,0,"N",0,0.0,0,0,0,0,0,0,0,0,0,0,0,0,0,0
"26125","5","518210","78","0","2017","2","",147,1726,1733,1755,34839279,2117082,57930,1542,"",1.74,1.10,1.09,1.09,0.74,0.76,0.66,0.68,"",25,20.5,-434,-20.1,-439,-20.2,-405,-18.8,-3708038,-9.6,-1555237,-42.4,-65528,-53.1,172,12.6
"26133","5","518210","78","0","2017","2","N",1,0,0,0,0,0,0,0,"N",1.06,0,0,0,0,0,0,0,"N",0,0.0,0,0,0,0,0,0,0,0,0,0,0,0,0,0
"26137","5","518210","78","0","2017","2","N",1,0,0,0,0,0,0,0,"N",0.66,0,0,0,0,0,0,0,"N",0,0.0,0,0,0,0,0,0,0,0,0,0,0,0,0,0
"26139","5","518210","78","0","2017","2","",10,37,37,38,395002,56275,2834,814,"",0.83,0.14,0.14,0.14,0.06,0.13,0.22,0.47,"",3,42.9,6,19.4,6,19.4,3,8.6,55261,16.3,-69152,-55.1,-1349,-32.2,6,0.7
"26143","5","518210","78","0","2017","2","N",1,0,0,0,0,0,0,0,"N",0.91,0,0,0,0,0,0,0,"N",1,100.0,0,0,0,0,0,0,0,0,0,0,0,0,0,0
"26145","5","518210","78","0","2017","2","N",2,0,0,0,0,0,0,0,"N",0.24,0,0,0,0,0,0,0,"N",1,100.0,0,0,0,0,0,0,0,0,0,0,0,0,0,0
"26147","5","518210","78","0","2017","2","N",1,0,0,0,0,0,0,0,"N",0.17,0,0,0,0,0,0,0,"N",0,0.0,0,0,0,0,0,0,0,0,0,0,0,0,0,0
"26149","5","518210","78","0","2017","2","N",1,0,0,0,0,0,0,0,"N",0.10,0,0,0,0,0,0,0,"N",0,0.0,0,0,0,0,0,0,0,0,0,0,0,0,0,0
"26155","5","518210","78","0","2017","2","-",0,0,0,0,0,0,0,0,"N",0.00,0,0,0,0,0,0,0,"N",0,0.0,0,0,0,0,0,0,0,0,0,0,0,0,0,0
"26157","5","518210","78","0","2017","2","N",1,0,0,0,0,0,0,0,"N",0.56,0,0,0,0,0,0,0,"N",0,0.0,0,0,0,0,0,0,0,0,0,0,0,0,0,0
"26159","5","518210","78","0","2017","2","-",0,0,0,0,0,0,0,0,"N",0.00,0,0,0,0,0,0,0,"N",0,0,0,0,0,0,0,0,0,0,0,0,0,0,0,0
"26161","5","518210","78","0","2017","2","",49,972,996,979,19203835,717906,22134,1504,"",2.78,2.11,2.21,2.18,1.48,1.40,1.59,0.68,"",9,22.5,33,3.5,51,5.4,37,3.9,1145876,6.3,174977,32.2,4232,23.6,29,2.0
"26163","5","518210","78","0","2017","2","",49,769,732,733,14839132,1090037,26289,1533,"",0.74,0.49,0.47,0.47,0.33,0.49,0.38,0.68,"",10,25.6,-108,-12.3,-109,-13.0,-107,-12.7,-815205,-5.2,-173355,-13.7,-17714,-40.3,121,8.6
"26999","5","518210","78","0","2017","2","",691,1191,1193,1192,28021786,2350385,64433,1808,"",11.24,4.57,4.48,4.40,3.18,3.77,3.11,0.71,"",129,23.0,248,26.3,239,25.1,252,26.8,4352916,18.4,84193,3.7,-8521,-11.7,-117,-6.1
"27000","3","518210","58","0","2017","2","",7,1004,1008,1026,20288386,0,0,1541,"",4.11,18.77,18.64,18.68,20.11,0.00,0.00,1.08,"",0,0.0,73,7.8,73,7.8,93,10.0,3785162,22.9,0,0.0,0,0.0,180,13.2
"27000","5","518210","58","0","2017","2","",465,6984,6976,6995,154040612,51986675,449441,1696,"",1.30,1.13,1.12,1.11,0.91,1.34,0.91,0.81,"",38,8.9,17,0.2,56,0.8,56,0.8,8557305,5.9,-728960,-1.4,-90406,-16.7,84,5.2
"27003","5","518210","78","0","2017","2","",6,11,11,13,158184,93419,590,1043,"",0.40,0.04,0.04,0.05,0.02,0.05,0.02,0.53,"N",2,50.0,0,0,0,0,0,0,0,0,0,0,0,0,0,0
"27007","5","518210","78","0","2017","2","-",0,0,0,0,0,0,0,0,"N",0.00,0,0,0,0,0,0,0,"N",0,0,0,0,0,0,0,0,0,0,0,0,0,0,0,0
"27013","3","518210","78","0","2017","2","N",2,0,0,0,0,0,0,0,"N",97.49,0,0,0,0,0,0,0,"N",0,0.0,0,0,0,0,0,0,0,0,0,0,0,0,0,0
"27013","5","518210","78","0","2017","2","N",1,0,0,0,0,0,0,0,"N",0.23,0,0,0,0,0,0,0,"N",0,0.0,0,0,0,0,0,0,0,0,0,0,0,0,0,0
"27019","5","518210","78","0","2017","2","",4,27,28,28,436648,193575,3587,1214,"",0.79,0.32,0.33,0.32,0.20,0.34,0.59,0.62,"",0,0.0,-4,-12.9,1,3.7,2,7.7,51659,13.4,-10404,-5.1,1643,84.5,156,14.7
"27025","5","518210","78","0","2017","2","N",3,0,0,0,0,0,0,0,"N",1.27,0,0,0,0,0,0,0,"N",1,50.0,0,0,0,0,0,0,0,0,0,0,0,0,0,0
"27027","3","518210","78","0","2017","2","N",1,0,0,0,0,0,0,0,"N",72.92,0,0,0,0,0,0,0,"N",0,0.0,0,0,0,0,0,0,0,0,0,0,0,0,0,0
"27027","5","518210","78","0","2017","2","N",1,0,0,0,0,0,0,0,"N",0.35,0,0,0,0,0,0,0,"N",0,0.0,0,0,0,0,0,0,0,0,0,0,0,0,0,0
"27037","5","518210","78","0","2017","2","",23,312,309,308,5511111,2571460,28941,1369,"",1.09,0.76,0.74,0.74,0.51,0.89,0.72,0.68,"",0,0.0,1,0.3,-2,-0.6,2,0.7,461802,9.1,36176,1.4,-10139,-25.9,113,9.0
"27047","5","518210","78","0","2017","2","N",1,0,0,0,0,0,0,0,"N",0.59,0,0,0,0,0,0,0,"N",0,0.0,0,0,0,0,0,0,0,0,0,0,0,0,0,0
"27053","3","518210","78","0","2017","2","N",2,0,0,0,0,0,0,0,"N",5.12,0,0,0,0,0,0,0,"N",0,0.0,0,0,0,0,0,0,0,0,0,0,0,0,0,0
"27053","5","518210","78","0","2017","2","",102,4166,4148,4192,99012562,31734429,241180,1827,"",1.25,2.10,2.09,2.10,1.49,2.33,1.65,0.71,"",7,7.4,210,5.3,219,5.6,213,5.4,7898824,8.7,296092,0.9,-10924,-4.3,55,3.1
"27055","5","518210","78","0","2017","2","N",2,0,0,0,0,0,0,0,"N",2.17,0,0,0,0,0,0,0,"N",1,100.0,0,0,0,0,0,0,0,0,0,0,0,0,0,0
"27061","5","518210","78","0","2017","2","N",2,0,0,0,0,0,0,0,"N",0.78,0,0,0,0,0,0,0,"N",0,0.0,0,0,0,0,0,0,0,0,0,0,0,0,0,0
"27067","5","518210","78","0","2017","2","N",2,0,0,0,0,0,0,0,"N",0.69,0,0,0,0,0,0,0,"N",0,0.0,0,0,0,0,0,0,0,0,0,0,0,0,0,0
"27099","5","518210","78","0","2017","2","N",1,0,0,0,0,0,0,0,"N",0.56,0,0,0,0,0,0,0,"N",0,0.0,0,0,0,0,0,0,0,0,0,0,0,0,0,0
"27109","5","518210","78","0","2017","2","N",3,0,0,0,0,0,0,0,"N",0.41,0,0,0,0,0,0,0,"N",0,0.0,0,0,0,0,0,0,0,0,0,0,0,0,0,0
"27111","5","518210","78","0","2017","2","N",2,0,0,0,0,0,0,0,"N",0.53,0,0,0,0,0,0,0,"N",0,0.0,0,0,0,0,0,0,0,0,0,0,0,0,0,0
"27115","5","518210","78","0","2017","2","N",1,0,0,0,0,0,0,0,"N",0.74,0,0,0,0,0,0,0,"N",0,0.0,0,0,0,0,0,0,0,0,0,0,0,0,0,0
"27123","3","518210","78","0","2017","2","N",1,0,0,0,0,0,0,0,"N",7.43,0,0,0,0,0,0,0,"N",0,0.0,0,0,0,0,0,0,0,0,0,0,0,0,0,0
"27123","5","518210","78","0","2017","2","",21,1618,1605,1575,24800501,9176150,86619,1193,"",0.74,2.25,2.23,2.17,1.16,2.23,1.75,0.52,"",2,10.5,-4,-0.2,-21,-1.3,-28,-1.7,-783261,-3.1,73433,0.8,-21188,-19.7,-24,-2.0
"27131","5","518210","78","0","2017","2","N",1,0,0,0,0,0,0,0,"N",0.30,0,0,0,0,0,0,0,"N",0,0.0,0,0,0,0,0,0,0,0,0,0,0,0,0,0
"27137","3","518210","78","0","2017","2","N",1,0,0,0,0,0,0,0,"N",18.64,0,0,0,0,0,0,0,"N",0,0.0,0,0,0,0,0,0,0,0,0,0,0,0,0,0
"27137","5","518210","78","0","2017","2","N",5,0,0,0,0,0,0,0,"N",0.44,0,0,0,0,0,0,0,"N",0,0.0,0,0,0,0,0,0,0,0,0,0,0,0,0,0
"27139","5","518210","78","0","2017","2","N",4,0,0,0,0,0,0,0,"N",0.61,0,0,0,0,0,0,0,"N",0,0.0,0,0,0,0,0,0,0,0,0,0,0,0,0,0
"27145","5","518210","78","0","2017","2","",5,48,51,51,1133875,372191,3599,1744,"",0.54,0.26,0.27,0.27,0.27,0.33,0.25,1.04,"",0,0.0,2,4.3,6,13.3,4,8.5,102895,10.0,12163,3.4,-2329,-39.3,20,1.2
"27163","5","518210","78","0","2017","2","N",5,0,0,0,0,0,0,0,"N",0.43,0,0,0,0,0,0,0,"N",0,0.0,0,0,0,0,0,0,0,0,0,0,0,0,0,0
"27999","5","518210","78","0","2017","2","",270,558,573,573,19551438,5674415,65758,2648,"",5.98,4.14,4.26,4.26,3.28,4.53,3.33,0.78,"",26,10.7,-69,-11.0,-36,-5.9,-32,-5.3,2321936,13.5,18771,0.3,-26294,-28.6,488,22.6
"28000","5","518210","58","0","2017","2","",95,903,911,923,12188348,3293520,18622,1028,"",0.61,0.37,0.37,0.38,0.26,0.44,0.40,0.70,"",-7,-6.9,6,0.7,14,1.6,12,1.3,917644,8.1,296121,9.9,6355,51.8,66,6.9
"28027","5","518210","78","0","2017","2","N",1,0,0,0,0,0,0,0,"N",0.76,0,0,0,0,0,0,0,"N",0,0.0,0,0,0,0,0,0,0,0,0,0,0,0,0,0
"28033","5","518210","78","0","2017","2","N",2,0,0,0,0,0,0,0,"N",0.32,0,0,0,0,0,0,0,"N",-1,-33.3,0,0,0,0,0,0,0,0,0,0,0,0,0,0
"28035","5","518210","78","0","2017","2","N",1,0,0,0,0,0,0,0,"N",0.25,0,0,0,0,0,0,0,"N",0,0.0,0,0,0,0,0,0,0,0,0,0,0,0,0,0
"28045","5","518210","78","0","2017","2","N",1,0,0,0,0,0,0,0,"N",0.55,0,0,0,0,0,0,0,"N",0,0.0,0,0,0,0,0,0,0,0,0,0,0,0,0,0
"28047","5","518210","78","0","2017","2","",3,13,13,12,156820,18469,621,952,"",0.31,0.07,0.07,0.06,0.04,0.03,0.20,0.66,"N",0,0.0,0,0,0,0,0,0,0,0,0,0,0,0,0,0
"28049","5","518210","78","0","2017","2","",6,15,14,16,114751,50967,638,588,"",0.49,0.06,0.05,0.06,0.02,0.08,0.20,0.35,"",1,20.0,4,36.4,3,27.3,5,45.5,9517,9.0,13526,36.1,94,17.3,-148,-20.1
"28067","5","518210","78","0","2017","2","N",1,0,0,0,0,0,0,0,"N",0.34,0,0,0,0,0,0,0,"N",0,0.0,0,0,0,0,0,0,0,0,0,0,0,0,0,0
"28071","5","518210","78","0","2017","2","N",2,0,0,0,0,0,0,0,"N",0.73,0,0,0,0,0,0,0,"N",1,100.0,0,0,0,0,0,0,0,0,0,0,0,0,0,0
"28081","5","518210","78","0","2017","2","N",1,0,0,0,0,0,0,0,"N",0.19,0,0,0,0,0,0,0,"N",-1,-50.0,0,0,0,0,0,0,0,0,0,0,0,0,0,0
"28083","5","518210","78","0","2017","2","N",1,0,0,0,0,0,0,0,"N",0.56,0,0,0,0,0,0,0,"N",0,0.0,0,0,0,0,0,0,0,0,0,0,0,0,0,0
"28085","5","518210","78","0","2017","2","N",1,0,0,0,0,0,0,0,"N",0.57,0,0,0,0,0,0,0,"N",0,0.0,0,0,0,0,0,0,0,0,0,0,0,0,0,0
"28087","5","518210","78","0","2017","2","N",1,0,0,0,0,0,0,0,"N",0.30,0,0,0,0,0,0,0,"N",1,100.0,0,0,0,0,0,0,0,0,0,0,0,0,0,0
"28089","5","518210","78","0","2017","2","",10,148,147,150,1644515,505892,9081,853,"",1.40,1.23,1.22,1.24,0.63,1.25,3.66,0.51,"",-1,-9.1,55,59.1,57,63.3,57,61.3,148034,9.9,155322,44.3,4116,82.9,-398,-31.8
"28091","5","518210","78","0","2017","2","N",1,0,0,0,0,0,0,0,"N",0.84,0,0,0,0,0,0,0,"N",0,0.0,0,0,0,0,0,0,0,0,0,0,0,0,0,0
"28105","5","518210","78","0","2017","2","N",1,0,0,0,0,0,0,0,"N",0.50,0,0,0,0,0,0,0,"N",-1,-50.0,0,0,0,0,0,0,0,0,0,0,0,0,0,0
"28113","5","518210","78","0","2017","2","N",2,0,0,0,0,0,0,0,"N",0.91,0,0,0,0,0,0,0,"N",1,100.0,0,0,0,0,0,0,0,0,0,0,0,0,0,0
"28121","5","518210","78","0","2017","2","N",3,0,0,0,0,0,0,0,"N",0.36,0,0,0,0,0,0,0,"N",0,0.0,0,0,0,0,0,0,0,0,0,0,0,0,0,0
"28137","5","518210","78","0","2017","2","N",1,0,0,0,0,0,0,0,"N",1.27,0,0,0,0,0,0,0,"N",0,0.0,0,0,0,0,0,0,0,0,0,0,0,0,0,0
"28999","5","518210","78","0","2017","2","",56,97,100,99,2229446,198331,1654,1738,"",2.77,1.38,1.42,1.43,1.13,0.78,0.68,0.80,"",-5,-8.2,-11,-10.2,-8,-7.4,-12,-10.8,-110114,-4.7,-1731,-0.9,808,95.5,87,5.3
"29000","3","518210","58","0","2017","2","N",1,0,0,0,0,0,0,0,"N",0.48,0,0,0,0,0,0,0,"N",1,100.0,0,0,0,0,0,0,0,0,0,0,0,0,0,0
"29000","5","518210","58","0","2017","2","",392,10226,10219,10386,267123119,17315293,217768,1999,"",0.90,1.68,1.68,1.70,1.88,1.10,1.09,1.12,"",61,18.4,517,5.3,477,4.9,520,5.3,-2865335,-1.1,1796169,11.6,-76747,-26.1,-126,-5.9
"29019","5","518210","78","0","2017","2","",6,11,10,11,124430,45393,1060,897,"",0.56,0.05,0.05,0.05,0.03,0.10,0.21,0.54,"",0,0.0,-3,-21.4,-4,-28.6,-5,-31.2,-35080,-22.0,14296,46.0,618,139.8,60,7.2
"29021","5","518210","78","0","2017","2","N",1,0,0,0,0,0,0,0,"N",0.18,0,0,0,0,0,0,0,"N",0,0.0,0,0,0,0,0,0,0,0,0,0,0,0,0,0
"29023","5","518210","78","0","2017","2","N",1,0,0,0,0,0,0,0,"N",0.29,0,0,0,0,0,0,0,"N",1,100.0,0,0,0,0,0,0,0,0,0,0,0,0,0,0
"29025","5","518210","78","0","2017","2","N",1,0,0,0,0,0,0,0,"N",2.08,0,0,0,0,0,0,0,"N",1,100.0,0,0,0,0,0,0,0,0,0,0,0,0,0,0
"29029","5","518210","78","0","2017","2","N",1,0,0,0,0,0,0,0,"N",0.28,0,0,0,0,0,0,0,"N",1,100.0,0,0,0,0,0,0,0,0,0,0,0,0,0,0
"29031","5","518210","78","0","2017","2","N",1,0,0,0,0,0,0,0,"N",0.17,0,0,0,0,0,0,0,"N",0,0.0,0,0,0,0,0,0,0,0,0,0,0,0,0,0
"29037","5","518210","78","0","2017","2","N",4,0,0,0,0,0,0,0,"N",0.87,0,0,0,0,0,0,0,"N",1,33.3,0,0,0,0,0,0,0,0,0,0,0,0,0,0
"29043","5","518210","78","0","2017","2","N",1,0,0,0,0,0,0,0,"N",0.24,0,0,0,0,0,0,0,"N",-1,-50.0,0,0,0,0,0,0,0,0,0,0,0,0,0,0
"29047","5","518210","78","0","2017","2","",12,132,136,137,2408988,337142,6702,1373,"",0.99,0.58,0.60,0.59,0.44,0.57,0.96,0.75,"",4,50.0,35,36.1,40,41.7,45,48.9,866397,56.2,52285,18.4,659,10.9,124,9.9
"29051","5","518210","78","0","2017","2","",7,376,364,363,4757009,1474667,15327,995,"",1.33,3.23,3.13,3.11,1.98,6.38,5.13,0.63,"",0,0.0,-4,-1.1,-14,-3.7,-6,-1.6,1028732,27.6,118268,8.7,-7051,-31.5,232,30.4
"29053","5","518210","78","0","2017","2","-",0,0,0,0,0,0,0,0,"N",0.00,0,0,0,0,0,0,0,"N",0,0,0,0,0,0,0,0,0,0,0,0,0,0,0,0
"29071","5","518210","78","0","2017","2","N",1,0,0,0,0,0,0,0,"N",0.15,0,0,0,0,0,0,0,"N",1,100.0,0,0,0,0,0,0,0,0,0,0,0,0,0,0
"29077","5","518210","78","0","2017","2","",12,351,352,366,3882740,1643817,28747,838,"",0.63,0.97,0.98,1.01,0.52,1.69,2.76,0.53,"",3,33.3,80,29.5,80,29.4,90,32.6,1038151,36.5,375120,29.6,-4280,-13.0,36,4.5
"29079","5","518210","78","0","2017","2","N",1,0,0,0,0,0,0,0,"N",1.50,0,0,0,0,0,0,0,"N",0,0.0,0,0,0,0,0,0,0,0,0,0,0,0,0,0
"29095","5","518210","78","0","2017","2","",45,2735,2733,2765,48512476,6061658,56731,1360,"",0.96,3.40,3.40,3.42,2.25,3.16,2.30,0.66,"",-4,-8.2,17,0.6,24,0.9,36,1.3,2102530,4.5,1069607,21.4,-35783,-38.7,47,3.6
"29097","5","518210","78","0","2017","2","N",1,0,0,0,0,0,0,0,"N",0.14,0,0,0,0,0,0,0,"N",1,100.0,0,0,0,0,0,0,0,0,0,0,0,0,0,0
"29099","5","518210","78","0","2017","2","N",2,0,0,0,0,0,0,0,"N",0.22,0,0,0,0,0,0,0,"N",0,0.0,0,0,0,0,0,0,0,0,0,0,0,0,0,0
"29105","5","518210","78","0","2017","2","-",0,0,0,0,0,0,0,0,"N",0.00,0,0,0,0,0,0,0,"N",0,0,0,0,0,0,0,0,0,0,0,0,0,0,0,0
"29113","5","518210","78","0","2017","2","N",1,0,0,0,0,0,0,0,"N",0.46,0,0,0,0,0,0,0,"N",0,0.0,0,0,0,0,0,0,0,0,0,0,0,0,0,0
"29121","5","518210","78","0","2017","2","N",1,0,0,0,0,0,0,0,"N",1.05,0,0,0,0,0,0,0,"N",1,100.0,0,0,0,0,0,0,0,0,0,0,0,0,0,0
"29141","5","518210","78","0","2017","2","N",3,0,0,0,0,0,0,0,"N",2.64,0,0,0,0,0,0,0,"N",1,50.0,0,0,0,0,0,0,0,0,0,0,0,0,0,0
"29145","5","518210","78","0","2017","2","N",1,0,0,0,0,0,0,0,"N",0.36,0,0,0,0,0,0,0,"N",0,0.0,0,0,0,0,0,0,0,0,0,0,0,0,0,0
"29153","5","518210","78","0","2017","2","N",1,0,0,0,0,0,0,0,"N",2.11,0,0,0,0,0,0,0,"N",0,0.0,0,0,0,0,0,0,0,0,0,0,0,0,0,0
"29159","5","518210","78","0","2017","2","N",1,0,0,0,0,0,0,0,"N",0.38,0,0,0,0,0,0,0,"N",0,0.0,0,0,0,0,0,0,0,0,0,0,0,0,0,0
"29161","5","518210","78","0","2017","2","N",1,0,0,0,0,0,0,0,"N",0.39,0,0,0,0,0,0,0,"N",0,0.0,0,0,0,0,0,0,0,0,0,0,0,0,0,0
"29165","5","518210","78","0","2017","2","",8,181,179,184,3547544,260744,3518,1505,"",1.39,1.80,1.80,1.85,1.61,0.88,0.95,0.89,"",0,0.0,23,14.6,19,11.9,13,7.6,263980,8.0,-163696,-38.6,-6590,-65.2,-45,-2.9
"29167","5","518210","78","0","2017","2","N",1,0,0,0,0,0,0,0,"N",0.67,0,0,0,0,0,0,0,"N",0,0.0,0,0,0,0,0,0,0,0,0,0,0,0,0,0
"29183","5","518210","78","0","2017","2","",21,2773,2784,2826,76823391,1659675,19067,2115,"",1.05,8.63,8.64,8.71,11.10,1.94,1.64,1.28,"",1,5.0,81,3.0,88,3.3,37,1.3,3026491,4.1,-287222,-14.8,-12980,-40.5,32,1.5
"29187","5","518210","78","0","2017","2","N",3,0,0,0,0,0,0,0,"N",0.74,0,0,0,0,0,0,0,"N",0,0.0,0,0,0,0,0,0,0,0,0,0,0,0,0,0
"29189","5","518210","78","0","2017","2","",76,2852,2848,2914,111855759,3399138,42675,2997,"",0.92,2.17,2.16,2.20,3.06,1.02,1.03,1.41,"",11,16.9,190,7.1,194,7.3,233,8.7,-13009182,-10.4,300621,9.7,-9660,-18.5,-606,-16.8
"29201","5","518210","78","0","2017","2","N",2,0,0,0,0,0,0,0,"N",0.64,0,0,0,0,0,0,0,"N",0,0.0,0,0,0,0,0,0,0,0,0,0,0,0,0,0
"29203","5","518210","78","0","2017","2","N",1,0,0,0,0,0,0,0,"N",1.98,0,0,0,0,0,0,0,"N",1,100.0,0,0,0,0,0,0,0,0,0,0,0,0,0,0
"29207","5","518210","78","0","2017","2","N",1,0,0,0,0,0,0,0,"N",0.45,0,0,0,0,0,0,0,"N",0,0.0,0,0,0,0,0,0,0,0,0,0,0,0,0,0
"29209","5","518210","78","0","2017","2","N",1,0,0,0,0,0,0,0,"N",0.62,0,0,0,0,0,0,0,"N",0,0.0,0,0,0,0,0,0,0,0,0,0,0,0,0,0
"29213","5","518210","78","0","2017","2","",4,25,25,29,262649,42845,444,767,"",0.95,0.38,0.38,0.39,0.26,0.18,0.08,0.67,"N",1,33.3,0,0,0,0,0,0,0,0,0,0,0,0,0,0
"29225","5","518210","78","0","2017","2","N",2,0,0,0,0,0,0,0,"N",1.25,0,0,0,0,0,0,0,"N",1,100.0,0,0,0,0,0,0,0,0,0,0,0,0,0,0
"29510","3","518210","78","0","2017","2","N",1,0,0,0,0,0,0,0,"N",6.81,0,0,0,0,0,0,0,"N",1,100.0,0,0,0,0,0,0,0,0,0,0,0,0,0,0
"29510","5","518210","78","0","2017","2","",19,137,142,143,1799326,332252,5690,984,"",0.62,0.28,0.29,0.29,0.13,0.34,0.43,0.45,"",2,11.8,-10,-6.8,-8,-5.3,-7,-4.7,-589417,-24.7,24450,7.9,-747,-11.6,-249,-20.2
"29999","5","518210","78","0","2017","2","",147,430,420,420,10009151,1270719,28656,1819,"",3.68,2.39,2.34,2.32,1.68,1.96,2.49,0.71,"",34,30.1,83,23.9,44,11.7,58,16.0,2119625,26.9,232645,22.4,2100,7.9,141,8.4
"30000","5","518210","58","0","2017","2","",76,442,437,434,6873658,3735338,34438,1208,"",0.74,0.44,0.43,0.42,0.33,0.57,0.47,0.75,"",8,11.8,17,4.0,17,4.0,8,1.9,198739,3.0,-41651,-1.1,-6219,-15.3,-4,-0.3
"30001","5","518210","78","0","2017","2","N",1,0,0,0,0,0,0,0,"N",0.90,0,0,0,0,0,0,0,"N",0,0.0,0,0,0,0,0,0,0,0,0,0,0,0,0,0
"30009","5","518210","78","0","2017","2","N",1,0,0,0,0,0,0,0,"N",0.95,0,0,0,0,0,0,0,"N",1,100.0,0,0,0,0,0,0,0,0,0,0,0,0,0,0
"30013","5","518210","78","0","2017","2","",3,18,18,19,290928,250079,979,1221,"",0.50,0.23,0.23,0.24,0.19,0.54,0.20,0.79,"N",1,50.0,0,0,0,0,0,0,0,0,0,0,0,0,0,0
"30023","5","518210","78","0","2017","2","N",1,0,0,0,0,0,0,0,"N",1.67,0,0,0,0,0,0,0,"N",0,0.0,0,0,0,0,0,0,0,0,0,0,0,0,0,0
"30029","5","518210","78","0","2017","2","N",4,0,0,0,0,0,0,0,"N",0.40,0,0,0,0,0,0,0,"N",1,33.3,0,0,0,0,0,0,0,0,0,0,0,0,0,0
"30031","5","518210","78","0","2017","2","",8,10,9,9,316047,113401,1722,2605,"",0.57,0.08,0.07,0.07,0.12,0.12,0.18,1.61,"N",3,60.0,0,0,0,0,0,0,0,0,0,0,0,0,0,0
"30047","5","518210","78","0","2017","2","N",1,0,0,0,0,0,0,0,"N",0.48,0,0,0,0,0,0,0,"N",0,0.0,0,0,0,0,0,0,0,0,0,0,0,0,0,0
"30049","5","518210","78","0","2017","2","",11,189,187,187,2664348,1535516,7303,1092,"",1.79,2.44,2.39,2.38,1.52,2.74,1.64,0.63,"",0,0.0,1,0.5,4,2.2,2,1.1,-97186,-3.5,-171883,-10.1,-7274,-49.9,-54,-4.7
"30057","5","518210","78","0","2017","2","N",1,0,0,0,0,0,0,0,"N",0.97,0,0,0,0,0,0,0,"N",0,0.0,0,0,0,0,0,0,0,0,0,0,0,0,0,0
"30063","5","518210","78","0","2017","2","",11,100,102,99,1063226,754239,11197,815,"",0.99,0.78,0.78,0.74,0.40,0.85,1.17,0.52,"",2,22.2,19,23.5,20,24.4,17,20.7,193801,22.3,165479,28.1,1923,20.7,-4,-0.5
"30065","5","518210","78","0","2017","2","N",1,0,0,0,0,0,0,0,"N",2.98,0,0,0,0,0,0,0,"N",0,0.0,0,0,0,0,0,0,0,0,0,0,0,0,0,0
"30067","5","518210","78","0","2017","2","N",1,0,0,0,0,0,0,0,"N",0.48,0,0,0,0,0,0,0,"N",0,0.0,0,0,0,0,0,0,0,0,0,0,0,0,0,0
"30081","5","518210","78","0","2017","2","",3,7,5,6,130119,66263,794,1668,"",0.78,0.28,0.19,0.23,0.28,0.47,0.43,1.21,"N",1,50.0,0,0,0,0,0,0,0,0,0,0,0,0,0,0
"30097","5","518210","78","0","2017","2","N",1,0,0,0,0,0,0,0,"N",2.04,0,0,0,0,0,0,0,"N",0,0.0,0,0,0,0,0,0,0,0,0,0,0,0,0,0
"30111","5","518210","78","0","2017","2","N",10,0,0,0,0,0,0,0,"N",0.70,0,0,0,0,0,0,0,"N",-1,-9.1,0,0,0,0,0,0,0,0,0,0,0,0,0,0
"30999","5","518210","78","0","2017","2","",18,49,50,49,1231817,387531,4031,1921,"",3.07,3.18,3.01,2.87,2.37,2.66,1.50,0.79,"",2,12.5,8,19.5,11,28.2,1,2.1,88550,7.7,20358,5.5,295,7.9,-140,-6.8
"31000","5","518210","58","0","2017","2","",123,4709,4675,4701,88716166,4039819,25302,1454,"",0.79,2.23,2.20,2.20,1.92,1.27,0.83,0.87,"",12,10.8,-123,-2.5,-89,-1.9,-83,-1.7,194387,0.2,-36824,-0.9,-11566,-31.4,33,2.3
"31019","5","518210","78","0","2017","2","N",2,0,0,0,0,0,0,0,"N",0.48,0,0,0,0,0,0,0,"N",0,0.0,0,0,0,0,0,0,0,0,0,0,0,0,0,0
"31053","5","518210","78","0","2017","2","N",1,0,0,0,0,0,0,0,"N",0.39,0,0,0,0,0,0,0,"N",-1,-50.0,0,0,0,0,0,0,0,0,0,0,0,0,0,0
"31055","5","518210","78","0","2017","2","",56,4126,4091,4111,80357178,3477047,21133,1504,"",1.37,5.61,5.55,5.55,4.44,3.12,1.95,0.80,"",3,5.7,-239,-5.5,-206,-4.8,-198,-4.6,-2029998,-2.5,-95038,-2.7,-10638,-33.5,38,2.6
"31079","5","518210","78","0","2017","2","N",1,0,0,0,0,0,0,0,"N",0.21,0,0,0,0,0,0,0,"N",0,0.0,0,0,0,0,0,0,0,0,0,0,0,0,0,0
"31109","5","518210","78","0","2017","2","",21,182,179,185,2822987,177060,1610,1193,"",0.96,0.50,0.49,0.50,0.36,0.35,0.37,0.72,"",1,5.0,19,11.7,11,6.5,18,10.8,335366,13.5,3371,1.9,-654,-28.9,40,3.5
"31139","5","518210","78","0","2017","2","N",1,0,0,0,0,0,0,0,"N",1.76,0,0,0,0,0,0,0,"N",0,0.0,0,0,0,0,0,0,0,0,0,0,0,0,0,0
"31151","5","518210","78","0","2017","2","N",1,0,0,0,0,0,0,0,"N",1.15,0,0,0,0,0,0,0,"N",1,100.0,0,0,0,0,0,0,0,0,0,0,0,0,0,0
"31153","5","518210","78","0","2017","2","",10,194,194,195,2123552,179344,1373,841,"",1.18,1.26,1.26,1.26,0.62,0.71,0.55,0.49,"",2,25.0,91,88.3,88,83.0,89,84.0,955539,81.8,45304,33.8,-129,-8.6,-15,-1.8
"31157","5","518210","78","0","2017","2","-",0,0,0,0,0,0,0,0,"N",0.00,0,0,0,0,0,0,0,"N",0,0,0,0,0,0,0,0,0,0,0,0,0,0,0,0
"31173","5","518210","78","0","2017","2","N",1,0,0,0,0,0,0,0,"N",2.46,0,0,0,0,0,0,0,"N",0,0.0,0,0,0,0,0,0,0,0,0,0,0,0,0,0
"31177","5","518210","78","0","2017","2","N",1,0,0,0,0,0,0,0,"N",0.70,0,0,0,0,0,0,0,"N",0,0.0,0,0,0,0,0,0,0,0,0,0,0,0,0,0
"31185","5","518210","78","0","2017","2","N",1,0,0,0,0,0,0,0,"N",0.73,0,0,0,0,0,0,0,"N",0,0.0,0,0,0,0,0,0,0,0,0,0,0,0,0,0
"31999","5","518210","78","0","2017","2","",27,31,34,34,857848,59127,729,2000,"",2.15,0.72,0.78,0.78,0.62,0.60,0.43,0.81,"",7,35.0,16,106.7,20,142.9,20,142.9,593815,224.9,19607,49.6,181,33.0,583,41.1
"32000","5","518210","58","0","2017","2","",254,1842,1863,1882,39650685,17152165,360498,1638,"",1.50,0.65,0.65,0.65,0.59,0.87,0.94,0.90,"",-25,-9.0,73,4.1,89,5.0,110,6.2,3111937,8.5,726367,4.4,47661,15.2,52,3.3
"32001","5","518210","78","0","2017","2","N",3,0,0,0,0,0,0,0,"N",2.19,0,0,0,0,0,0,0,"N",0,0.0,0,0,0,0,0,0,0,0,0,0,0,0,0,0
"32003","5","518210","78","0","2017","2","",184,1461,1473,1483,30405368,13030851,276208,1589,"",1.60,0.70,0.71,0.71,0.63,0.89,0.97,0.89,"",-25,-12.0,4,0.3,6,0.4,20,1.4,612784,2.1,-385794,-2.9,16402,6.3,22,1.4
"32005","5","518210","78","0","2017","2","",8,13,12,12,136865,118334,3239,854,"",2.08,0.32,0.29,0.28,0.15,0.40,0.53,0.51,"",-1,-11.1,-2,-13.3,-3,-20.0,-1,-7.7,-70056,-33.9,-11996,-9.2,-122,-3.6,-256,-23.1
"32007","5","518210","78","0","2017","2","N",1,0,0,0,0,0,0,0,"N",0.34,0,0,0,0,0,0,0,"N",-1,-50.0,0,0,0,0,0,0,0,0,0,0,0,0,0,0
"32013","5","518210","78","0","2017","2","N",1,0,0,0,0,0,0,0,"N",0.94,0,0,0,0,0,0,0,"N",0,0.0,0,0,0,0,0,0,0,0,0,0,0,0,0,0
"32019","5","518210","78","0","2017","2","",4,5,5,5,50987,46387,1145,784,"",1.85,0.20,0.19,0.19,0.10,0.28,0.32,0.52,"N",2,100.0,0,0,0,0,0,0,0,0,0,0,0,0,0,0
"32023","5","518210","78","0","2017","2","N",2,0,0,0,0,0,0,0,"N",1.10,0,0,0,0,0,0,0,"N",1,100.0,0,0,0,0,0,0,0,0,0,0,0,0,0,0
"32029","5","518210","78","0","2017","2","N",1,0,0,0,0,0,0,0,"N",1.87,0,0,0,0,0,0,0,"N",0,0.0,0,0,0,0,0,0,0,0,0,0,0,0,0,0
"32031","5","518210","78","0","2017","2","",39,165,168,170,4363497,1547397,36269,2002,"",1.26,0.35,0.36,0.36,0.39,0.50,0.60,1.10,"",-1,-2.5,24,17.0,33,24.4,22,14.9,916741,26.6,193969,14.3,11425,46.0,126,6.7
"32510","5","518210","78","0","2017","2","",6,23,24,27,474256,185735,3947,1479,"",1.39,0.36,0.37,0.41,0.29,0.58,0.57,0.78,"N",-1,-14.3,0,0,0,0,0,0,0,0,0,0,0,0,0,0
"32999","5","518210","78","0","2017","2","",5,10,9,9,213208,62381,1156,1757,"",1.39,0.67,0.58,0.56,0.37,0.43,0.40,0.62,"",1,25.0,3,42.9,2,28.6,2,28.6,95186,80.7,-12647,-16.9,-193,-14.3,460,35.5
"33000","5","518210","58","0","2017","2","",101,1537,1531,1525,35286261,2972552,17164,1773,"",0.91,1.09,1.08,1.06,0.93,0.81,0.54,0.87,"",4,4.1,-143,-8.5,-157,-9.3,-169,-10.0,-6455313,-15.5,-1007994,-25.3,-8530,-33.2,-130,-6.8
"33001","5","518210","78","0","2017","2","N",1,0,0,0,0,0,0,0,"N",0.23,0,0,0,0,0,0,0,"N",0,0.0,0,0,0,0,0,0,0,0,0,0,0,0,0,0
"33005","5","518210","78","0","2017","2","N",1,0,0,0,0,0,0,0,"N",0.22,0,0,0,0,0,0,0,"N",0,0.0,0,0,0,0,0,0,0,0,0,0,0,0,0,0
"33009","5","518210","78","0","2017","2","",3,70,66,68,1429120,145015,1353,1617,"",0.43,0.61,0.57,0.58,0.46,0.58,0.83,0.78,"N",0,0.0,0,0,0,0,0,0,0,0,0,0,0,0,0,0
"33011","5","518210","78","0","2017","2","",21,498,502,507,11455699,966618,5487,1754,"",0.81,1.14,1.14,1.14,0.92,0.89,0.60,0.81,"",4,23.5,-22,-4.2,-31,-5.8,-36,-6.6,40973,0.4,-277976,-22.3,-5149,-48.4,104,6.3
"33013","5","518210","78","0","2017","2","",6,29,30,30,1074043,13113,179,2785,"",0.55,0.17,0.18,0.18,0.26,0.03,0.05,1.47,"",1,20.0,0,0.0,2,7.1,2,7.1,141762,15.2,12755,3562.8,176,5866.7,254,10.0
"33015","5","518210","78","0","2017","2","",22,555,540,524,11243747,551459,7038,1603,"",0.94,1.73,1.66,1.58,1.30,0.58,0.83,0.79,"",2,10.0,-140,-20.1,-152,-22.0,-166,-24.1,-6010256,-34.8,-533730,-49.2,-3407,-32.6,-314,-16.4
"33017","5","518210","78","0","2017","2","N",1,0,0,0,0,0,0,0,"N",0.16,0,0,0,0,0,0,0,"N",-1,-50.0,0,0,0,0,0,0,0,0,0,0,0,0,0,0
"33999","5","518210","78","0","2017","2","",46,154,158,161,8086009,172320,1891,3945,"",2.34,3.52,3.61,3.60,3.52,1.31,1.03,0.98,"",-2,-4.2,10,6.9,16,11.3,16,11.0,-511330,-5.9,-24592,-12.5,-1,-0.1,-658,-14.3
"34000","5","518210","58","0","2017","2","",583,9762,9793,9949,302086468,70369167,1220833,2363,"",1.03,1.13,1.12,1.11,1.12,1.26,1.16,1.00,"",-5,-0.9,100,1.0,24,0.2,112,1.1,44659311,17.3,1520527,2.2,-385352,-24.0,333,16.4
"34001","5","518210","78","0","2017","2","N",3,0,0,0,0,0,0,0,"N",0.22,0,0,0,0,0,0,0,"N",-1,-25.0,0,0,0,0,0,0,0,0,0,0,0,0,0,0
"34003","5","518210","78","0","2017","2","",77,2349,2336,2408,67607528,12512041,152292,2200,"",1.12,2.45,2.41,2.45,2.26,1.87,1.29,0.93,"",3,4.1,-25,-1.1,-27,-1.1,-34,-1.4,9609484,16.6,409380,3.4,-49369,-24.5,336,18.0
"34005","5","518210","78","0","2017","2","",32,598,594,608,15962561,5035650,97764,2046,"",1.39,1.35,1.33,1.33,1.31,1.67,1.79,0.98,"",-1,-3.0,-73,-10.9,-75,-11.2,-42,-6.5,-1191375,-6.9,-509241,-9.2,-17497,-15.2,57,2.9
"34007","5","518210","78","0","2017","2","",16,148,152,149,2751718,1425157,28937,1414,"",0.64,0.33,0.34,0.33,0.24,0.50,0.52,0.71,"",-4,-20.0,-26,-14.9,-21,-12.1,-1,-0.7,-494046,-15.2,-278619,-16.4,-20154,-41.1,-93,-6.2
"34009","5","518210","78","0","2017","2","N",1,0,0,0,0,0,0,0,"N",0.12,0,0,0,0,0,0,0,"N",0,0.0,0,0,0,0,0,0,0,0,0,0,0,0,0,0
"34011","5","518210","78","0","2017","2","N",1,0,0,0,0,0,0,0,"N",0.15,0,0,0,0,0,0,0,"N",0,0.0,0,0,0,0,0,0,0,0,0,0,0,0,0,0
"34013","5","518210","78","0","2017","2","",24,136,135,157,3328522,1079580,17278,1795,"",0.56,0.18,0.18,0.21,0.14,0.25,0.22,0.72,"",5,26.3,70,106.1,59,77.6,91,137.9,2010999,152.6,524687,94.6,4702,37.4,333,22.8
"34015","5","518210","78","0","2017","2","",11,50,49,50,933790,473340,9763,1446,"",0.83,0.21,0.21,0.21,0.17,0.33,0.35,0.82,"",0,0.0,6,13.6,0,0.0,1,2.0,51561,5.8,74261,18.6,-2199,-18.4,12,0.8
"34017","5","518210","78","0","2017","2","",42,1530,1540,1576,75834014,11052063,174317,3767,"",1.34,2.71,2.72,2.75,3.77,3.09,2.70,1.38,"",-4,-8.7,74,5.1,43,2.9,79,5.3,29276585,62.9,866594,8.5,-65142,-27.2,1353,56.0
"34019","5","518210","78","0","2017","2","",7,27,27,27,479052,196137,2304,1365,"",0.82,0.26,0.26,0.25,0.14,0.30,0.20,0.53,"",-1,-12.5,-25,-48.1,2,8.0,2,8.0,-134266,-21.9,-38655,-16.5,-2670,-53.7,-23,-1.7
"34021","5","518210","78","0","2017","2","",35,362,357,351,6809648,2697207,51422,1469,"",1.50,0.68,0.66,0.64,0.38,1.04,1.11,0.57,"",2,6.1,-47,-11.5,-46,-11.4,-54,-13.3,-2186546,-24.3,313643,13.2,-7702,-13.0,-237,-13.9
"34023","5","518210","78","0","2017","2","",48,906,910,912,27298526,5585792,119078,2309,"",1.03,1.00,0.99,0.99,0.96,0.91,1.07,0.97,"",-5,-9.4,116,14.7,91,11.1,85,10.3,5334026,24.3,-174353,-3.0,-64994,-35.3,228,11.0
"34025","5","518210","78","0","2017","2","",25,762,752,781,17496336,7355393,147522,1759,"",0.60,1.37,1.33,1.32,1.18,2.14,2.23,0.88,"",-3,-10.7,-2,-0.3,-10,-1.3,-2,-0.3,616537,3.7,-144925,-1.9,-64394,-30.4,72,4.3
"34027","5","518210","78","0","2017","2","",34,1200,1204,1204,32444787,9738550,125153,2075,"",0.95,1.92,1.91,1.88,1.29,2.26,1.58,0.68,"",1,3.0,-28,-2.3,-45,-3.6,-60,-4.7,521309,1.6,-285542,-2.8,-77549,-38.3,106,5.4
"34029","5","518210","78","0","2017","2","",11,110,154,163,1043962,764889,27702,564,"",0.40,0.31,0.42,0.43,0.13,0.37,0.65,0.35,"",1,10.0,30,37.5,44,40.0,39,31.5,532652,104.2,348548,83.7,10539,61.4,188,50.0
"34031","5","518210","78","0","2017","2","",11,82,77,75,1017637,506725,9322,1004,"",0.42,0.22,0.21,0.20,0.11,0.21,0.21,0.50,"",1,10.0,-17,-17.2,-26,-25.2,-25,-25.0,-592109,-36.8,-133523,-20.9,-9618,-50.8,-226,-18.4
"34033","5","518210","78","0","2017","2","N",1,0,0,0,0,0,0,0,"N",0.37,0,0,0,0,0,0,0,"N",0,0.0,0,0,0,0,0,0,0,0,0,0,0,0,0,0
"34035","5","518210","78","0","2017","2","",28,402,409,405,12382039,2903124,53232,2350,"",1.31,0.99,1.00,0.97,0.79,1.07,1.10,0.80,"",1,3.7,-36,-8.2,-32,-7.3,-4,-1.0,-569087,-4.4,-249759,-7.9,-26126,-32.9,30,1.3
"34037","5","518210","78","0","2017","2","N",2,0,0,0,0,0,0,0,"N",0.27,0,0,0,0,0,0,0,"N",-1,-33.3,0,0,0,0,0,0,0,0,0,0,0,0,0,0
"34039","5","518210","78","0","2017","2","",13,122,115,106,4616720,901700,12637,3106,"",0.43,0.25,0.24,0.22,0.30,0.29,0.23,1.25,"",-2,-13.3,-21,-14.7,-21,-15.4,-29,-21.5,-918356,-16.6,-259808,-22.4,-8394,-39.9,21,0.7
"34041","5","518210","78","0","2017","2","",5,29,30,32,229964,185082,8948,583,"",0.85,0.39,0.40,0.42,0.12,0.40,1.08,0.30,"",2,66.7,25,625.0,26,650.0,28,700.0,210016,1052.8,165134,827.8,8653,2933.2,199,51.8
"34999","5","518210","78","0","2017","2","",156,796,797,788,28053070,6222438,142591,2719,"",2.90,2.94,2.84,2.75,2.25,2.59,2.52,0.79,"",1,0.6,59,8.0,46,6.1,21,2.7,1853560,7.1,547448,9.6,10536,8.0,38,1.4
"35000","3","518210","58","0","2017","2","",21,209,213,220,3187053,47323,156,1146,"",35.65,13.67,13.90,14.27,14.06,25.77,13.76,1.01,"",0,0.0,0,0.0,1,0.5,0,0.0,109308,3.6,-7105,-13.1,-417,-72.8,38,3.4
"35000","5","518210","58","0","2017","2","",112,495,484,489,5951295,2770838,54353,936,"",0.91,0.28,0.27,0.28,0.16,0.33,0.57,0.57,"",6,5.7,14,2.9,-1,-0.2,-14,-2.8,-168368,-2.8,230746,9.1,-8408,-13.4,-25,-2.6
"35001","3","518210","78","0","2017","2","N",1,0,0,0,0,0,0,0,"N",5.40,0,0,0,0,0,0,0,"N",0,0.0,0,0,0,0,0,0,0,0,0,0,0,0,0,0
"35001","5","518210","78","0","2017","2","",25,173,172,176,2476595,1267366,38821,1097,"",0.64,0.24,0.24,0.25,0.15,0.36,1.06,0.63,"",-2,-7.4,21,13.8,21,13.9,23,15.0,-541195,-17.9,247099,24.2,-305,-0.8,-430,-28.2
"35005","3","518210","78","0","2017","2","N",2,0,0,0,0,0,0,0,"N",108.55,0,0,0,0,0,0,0,"N",0,0.0,0,0,0,0,0,0,0,0,0,0,0,0,0,0
"35005","5","518210","78","0","2017","2","-",0,0,0,0,0,0,0,0,"N",0.00,0,0,0,0,0,0,0,"N",0,0,0,0,0,0,0,0,0,0,0,0,0,0,0,0
"35006","3","518210","78","0","2017","2","N",2,0,0,0,0,0,0,0,"N",413.83,0,0,0,0,0,0,0,"N",0,0.0,0,0,0,0,0,0,0,0,0,0,0,0,0,0
"35009","3","518210","78","0","2017","2","N",2,0,0,0,0,0,0,0,"N",164.15,0,0,0,0,0,0,0,"N",0,0.0,0,0,0,0,0,0,0,0,0,0,0,0,0,0
"35013","3","518210","78","0","2017","2","N",1,0,0,0,0,0,0,0,"N",21.06,0,0,0,0,0,0,0,"N",0,0.0,0,0,0,0,0,0,0,0,0,0,0,0,0,0
"35013","5","518210","78","0","2017","2","N",4,0,0,0,0,0,0,0,"N",0.40,0,0,0,0,0,0,0,"N",1,33.3,0,0,0,0,0,0,0,0,0,0,0,0,0,0
"35015","3","518210","78","0","2017","2","N",2,0,0,0,0,0,0,0,"N",114.98,0,0,0,0,0,0,0,"N",0,0.0,0,0,0,0,0,0,0,0,0,0,0,0,0,0
"35015","5","518210","78","0","2017","2","N",2,0,0,0,0,0,0,0,"N",0.55,0,0,0,0,0,0,0,"N",0,0.0,0,0,0,0,0,0,0,0,0,0,0,0,0,0
"35017","5","518210","78","0","2017","2","N",1,0,0,0,0,0,0,0,"N",0.64,0,0,0,0,0,0,0,"N",1,100.0,0,0,0,0,0,0,0,0,0,0,0,0,0,0
"35025","3","518210","78","0","2017","2","N",1,0,0,0,0,0,0,0,"N",51.03,0,0,0,0,0,0,0,"N",0,0.0,0,0,0,0,0,0,0,0,0,0,0,0,0,0
"35025","5","518210","78","0","2017","2","N",1,0,0,0,0,0,0,0,"N",0.24,0,0,0,0,0,0,0,"N",0,0.0,0,0,0,0,0,0,0,0,0,0,0,0,0,0
"35027","5","518210","78","0","2017","2","N",1,0,0,0,0,0,0,0,"N",0.59,0,0,0,0,0,0,0,"N",0,0.0,0,0,0,0,0,0,0,0,0,0,0,0,0,0
"35028","3","518210","78","0","2017","2","N",1,0,0,0,0,0,0,0,"N",221.90,0,0,0,0,0,0,0,"N",0,0.0,0,0,0,0,0,0,0,0,0,0,0,0,0,0
"35028","5","518210","78","0","2017","2","N",1,0,0,0,0,0,0,0,"N",1.06,0,0,0,0,0,0,0,"N",0,0.0,0,0,0,0,0,0,0,0,0,0,0,0,0,0
"35031","3","518210","78","0","2017","2","N",2,0,0,0,0,0,0,0,"N",154.82,0,0,0,0,0,0,0,"N",0,0.0,0,0,0,0,0,0,0,0,0,0,0,0,0,0
"35033","5","518210","78","0","2017","2","N",1,0,0,0,0,0,0,0,"N",3.69,0,0,0,0,0,0,0,"N",0,0.0,0,0,0,0,0,0,0,0,0,0,0,0,0,0
"35035","3","518210","78","0","2017","2","N",1,0,0,0,0,0,0,0,"N",85.88,0,0,0,0,0,0,0,"N",0,0.0,0,0,0,0,0,0,0,0,0,0,0,0,0,0
"35035","5","518210","78","0","2017","2","",4,14,15,15,156723,130934,1575,822,"",1.64,0.37,0.40,0.40,0.22,0.93,1.23,0.58,"",1,33.3,5,55.6,6,66.7,6,66.7,62417,66.2,57612,78.6,596,60.9,16,2.0
"35037","3","518210","78","0","2017","2","N",1,0,0,0,0,0,0,0,"N",304.59,0,0,0,0,0,0,0,"N",0,0.0,0,0,0,0,0,0,0,0,0,0,0,0,0,0
"35043","5","518210","78","0","2017","2","N",3,0,0,0,0,0,0,0,"N",0.63,0,0,0,0,0,0,0,"N",-2,-40.0,0,0,0,0,0,0,0,0,0,0,0,0,0,0
"35045","3","518210","78","0","2017","2","N",2,0,0,0,0,0,0,0,"N",67.71,0,0,0,0,0,0,0,"N",0,0.0,0,0,0,0,0,0,0,0,0,0,0,0,0,0
"35045","5","518210","78","0","2017","2","N",1,0,0,0,0,0,0,0,"N",0.16,0,0,0,0,0,0,0,"N",0,0.0,0,0,0,0,0,0,0,0,0,0,0,0,0,0
"35047","5","518210","78","0","2017","2","N",1,0,0,0,0,0,0,0,"N",0.61,0,0,0,0,0,0,0,"N",0,0.0,0,0,0,0,0,0,0,0,0,0,0,0,0,0
"35049","3","518210","78","0","2017","2","N",1,0,0,0,0,0,0,0,"N",17.69,0,0,0,0,0,0,0,"N",0,0.0,0,0,0,0,0,0,0,0,0,0,0,0,0,0
"35049","5","518210","78","0","2017","2","",9,13,13,12,171207,125684,807,1040,"",0.76,0.10,0.10,0.09,0.06,0.21,0.15,0.65,"",1,12.5,2,18.2,1,8.3,1,9.1,35167,25.9,45109,56.0,-254,-23.9,117,12.7
"35055","5","518210","78","0","2017","2","N",1,0,0,0,0,0,0,0,"N",0.37,0,0,0,0,0,0,0,"N",0,0.0,0,0,0,0,0,0,0,0,0,0,0,0,0,0
"35061","3","518210","78","0","2017","2","N",2,0,0,0,0,0,0,0,"N",160.78,0,0,0,0,0,0,0,"N",0,0.0,0,0,0,0,0,0,0,0,0,0,0,0,0,0
"35061","5","518210","78","0","2017","2","N",1,0,0,0,0,0,0,0,"N",0.38,0,0,0,0,0,0,0,"N",1,100.0,0,0,0,0,0,0,0,0,0,0,0,0,0,0
"35999","5","518210","78","0","2017","2","",56,61,56,54,1188818,269857,5314,1604,"",5.18,1.33,1.26,1.20,0.97,0.79,0.74,0.77,"",5,9.8,8,15.1,2,3.7,-3,-5.3,195907,19.7,313,0.1,500,10.4,207,14.8
"36000","3","518210","58","0","2017","2","N",1,0,0,0,0,0,0,0,"N",0.15,0,0,0,0,0,0,0,"N",0,0.0,0,0,0,0,0,0,0,0,0,0,0,0,0,0
"36000","5","518210","58","0","2017","2","",1055,17681,17776,17906,512667287,28230926,966885,2217,"",0.78,0.88,0.88,0.88,0.78,0.74,0.88,0.89,"",52,5.2,497,2.9,507,2.9,441,2.5,9403976,1.9,1926666,7.3,-8812,-0.9,-20,-0.9
"36001","5","518210","78","0","2017","2","",24,1193,1192,1191,19853852,1745760,55779,1281,"",1.10,2.34,2.35,2.33,1.37,2.45,2.70,0.58,"",1,4.3,-60,-4.8,-60,-4.8,-41,-3.3,-4946972,-19.9,-149748,-7.9,-15427,-21.7,-251,-16.4
"36005","5","518210","78","0","2017","2","N",1,0,0,0,0,0,0,0,"N",0.03,0,0,0,0,0,0,0,"N",-1,-50.0,0,0,0,0,0,0,0,0,0,0,0,0,0,0
"36007","5","518210","78","0","2017","2","N",4,0,0,0,0,0,0,0,"N",0.42,0,0,0,0,0,0,0,"N",1,33.3,0,0,0,0,0,0,0,0,0,0,0,0,0,0
"36009","5","518210","78","0","2017","2","N",1,0,0,0,0,0,0,0,"N",0.26,0,0,0,0,0,0,0,"N",0,0.0,0,0,0,0,0,0,0,0,0,0,0,0,0,0
"36013","5","518210","78","0","2017","2","N",2,0,0,0,0,0,0,0,"N",0.29,0,0,0,0,0,0,0,"N",0,0.0,0,0,0,0,0,0,0,0,0,0,0,0,0,0
"36019","5","518210","78","0","2017","2","-",0,0,0,0,0,0,0,0,"N",0.00,0,0,0,0,0,0,0,"N",0,0,0,0,0,0,0,0,0,0,0,0,0,0,0,0
"36021","5","518210","78","0","2017","2","N",2,0,0,0,0,0,0,0,"N",0.46,0,0,0,0,0,0,0,"N",0,0.0,0,0,0,0,0,0,0,0,0,0,0,0,0,0
"36025","5","518210","78","0","2017","2","N",1,0,0,0,0,0,0,0,"N",0.40,0,0,0,0,0,0,0,"N",0,0.0,0,0,0,0,0,0,0,0,0,0,0,0,0,0
"36027","5","518210","78","0","2017","2","",9,229,233,237,4446234,116587,3897,1468,"",0.50,0.94,0.95,0.96,0.68,0.28,0.34,0.71,"",-1,-10.0,10,4.6,1,0.4,3,1.3,299961,7.2,11407,10.8,170,4.6,71,5.1
"36029","5","518210","78","0","2017","2","",31,581,589,594,11642540,583423,21995,1523,"",0.59,0.57,0.58,0.58,0.47,0.32,0.40,0.82,"",-3,-8.8,-79,-12.0,-72,-10.9,-62,-9.5,-1315214,-10.2,-136082,-18.9,-8691,-28.3,10,0.7
"36043","5","518210","78","0","2017","2","N",1,0,0,0,0,0,0,0,"N",0.38,0,0,0,0,0,0,0,"N",0,0.0,0,0,0,0,0,0,0,0,0,0,0,0,0,0
"36045","5","518210","78","0","2017","2","N",1,0,0,0,0,0,0,0,"N",0.16,0,0,0,0,0,0,0,"N",0,0.0,0,0,0,0,0,0,0,0,0,0,0,0,0,0
"36047","5","518210","78","0","2017","2","",73,330,331,332,7104968,718109,21551,1651,"",0.55,0.22,0.21,0.21,0.21,0.20,0.24,0.96,"",8,12.3,75,29.4,80,31.9,78,30.7,3152643,79.8,167001,30.3,2247,11.6,451,37.6
"36055","5","518210","78","0","2017","2","",30,619,627,625,12676526,1155999,32516,1564,"",0.75,0.74,0.75,0.74,0.59,0.83,0.80,0.80,"",2,7.1,-246,-28.4,-254,-28.8,-279,-30.9,-4192877,-24.9,-777310,-40.2,-24952,-43.4,95,6.5
"36057","5","518210","78","0","2017","2","N",1,0,0,0,0,0,0,0,"N",0.38,0,0,0,0,0,0,0,"N",0,0.0,0,0,0,0,0,0,0,0,0,0,0,0,0,0
"36059","5","518210","78","0","2017","2","",66,1117,1101,1114,23608686,1462621,56582,1635,"",0.58,0.82,0.80,0.80,0.57,0.53,0.76,0.71,"",7,11.9,73,7.0,69,6.7,77,7.4,1534673,7.0,348379,31.3,9309,19.7,-1,-0.1
"36061","5","518210","78","0","2017","2","",373,8094,8227,8316,305606020,14192368,467747,2863,"",1.37,1.52,1.55,1.55,1.15,1.56,1.72,0.75,"",20,5.7,563,7.5,647,8.5,586,7.6,8569540,2.9,2927638,26.0,72323,18.3,-138,-4.6
"36063","5","518210","78","0","2017","2","N",1,0,0,0,0,0,0,0,"N",0.10,0,0,0,0,0,0,0,"N",0,0.0,0,0,0,0,0,0,0,0,0,0,0,0,0,0
"36065","5","518210","78","0","2017","2","N",7,0,0,0,0,0,0,0,"N",0.62,0,0,0,0,0,0,0,"N",0,0.0,0,0,0,0,0,0,0,0,0,0,0,0,0,0
"36067","5","518210","78","0","2017","2","",18,235,232,237,2261576,608454,24356,741,"",0.66,0.44,0.44,0.44,0.17,0.67,0.94,0.39,"",2,12.5,38,19.3,38,19.6,41,20.9,459879,25.5,55531,10.0,3708,18.0,33,4.7
"36069","5","518210","78","0","2017","2","",4,260,262,274,4119827,705428,22426,1194,"",0.59,2.29,2.26,2.33,1.45,3.25,3.35,0.63,"",-1,-20.0,41,18.7,45,20.7,51,22.9,481329,13.2,244157,52.9,3313,17.3,-80,-6.3
"36071","3","518210","78","0","2017","2","N",1,0,0,0,0,0,0,0,"N",9.50,0,0,0,0,0,0,0,"N",0,0.0,0,0,0,0,0,0,0,0,0,0,0,0,0,0
"36071","5","518210","78","0","2017","2","",9,24,20,19,134689,83839,2826,493,"",0.41,0.08,0.06,0.06,0.02,0.13,0.17,0.27,"",3,50.0,18,300.0,14,233.3,13,216.7,86889,181.8,67339,408.1,2527,845.2,-120,-19.6
"36075","5","518210","78","0","2017","2","N",1,0,0,0,0,0,0,0,"N",0.20,0,0,0,0,0,0,0,"N",0,0.0,0,0,0,0,0,0,0,0,0,0,0,0,0,0
"36079","5","518210","78","0","2017","2","N",3,0,0,0,0,0,0,0,"N",0.46,0,0,0,0,0,0,0,"N",0,0.0,0,0,0,0,0,0,0,0,0,0,0,0,0,0
"36081","5","518210","78","0","2017","2","",27,107,104,103,2708957,128814,4795,1991,"",0.24,0.07,0.07,0.07,0.07,0.04,0.06,1.02,"",1,3.8,-54,-33.5,-55,-34.6,-56,-35.2,-1809116,-40.0,-1474,-1.1,-1079,-18.4,-186,-8.5
"36083","5","518210","78","0","2017","2","N",2,0,0,0,0,0,0,0,"N",0.29,0,0,0,0,0,0,0,"N",1,100.0,0,0,0,0,0,0,0,0,0,0,0,0,0,0
"36085","5","518210","78","0","2017","2","N",6,0,0,0,0,0,0,0,"N",0.29,0,0,0,0,0,0,0,"N",0,0.0,0,0,0,0,0,0,0,0,0,0,0,0,0,0
"36087","5","518210","78","0","2017","2","",15,381,380,376,9206099,347974,11528,1868,"",0.66,1.42,1.41,1.37,1.31,0.64,0.78,0.94,"",-1,-6.2,-5,-1.3,-8,-2.1,-11,-2.8,-858407,-8.5,11297,3.4,602,5.5,-132,-6.6
"36091","5","518210","78","0","2017","2","",11,103,100,103,1825772,97990,2992,1377,"",0.87,0.55,0.53,0.53,0.39,0.27,0.29,0.72,"",0,0.0,0,0.0,3,3.1,1,1.0,122836,7.2,-46899,-32.4,-3818,-56.1,76,5.8
"36093","5","518210","78","0","2017","2","",5,14,14,12,177731,20584,411,1025,"",0.68,0.10,0.10,0.09,0.05,0.10,0.07,0.48,"",1,25.0,3,27.3,4,40.0,2,20.0,26368,17.4,13585,194.1,180,77.9,-102,-9.1
"36099","5","518210","78","0","2017","2","N",1,0,0,0,0,0,0,0,"N",0.61,0,0,0,0,0,0,0,"N",0,0.0,0,0,0,0,0,0,0,0,0,0,0,0,0,0
"36101","5","518210","78","0","2017","2","N",2,0,0,0,0,0,0,0,"N",0.44,0,0,0,0,0,0,0,"N",1,100.0,0,0,0,0,0,0,0,0,0,0,0,0,0,0
"36103","5","518210","78","0","2017","2","",51,814,808,812,42141111,772206,20197,3995,"",0.46,0.57,0.56,0.54,1.01,0.25,0.21,1.81,"",1,2.0,32,4.1,22,2.8,4,0.5,5657347,15.5,-246643,-24.2,-14647,-42.0,452,12.8
"36109","5","518210","78","0","2017","2","",3,2,3,3,13639,9539,341,393,"",0.53,0.02,0.03,0.03,0.00,0.07,0.10,0.18,"N",0,0.0,0,0,0,0,0,0,0,0,0,0,0,0,0,0
"36111","5","518210","78","0","2017","2","N",3,0,0,0,0,0,0,0,"N",0.27,0,0,0,0,0,0,0,"N",-2,-40.0,0,0,0,0,0,0,0,0,0,0,0,0,0,0
"36117","5","518210","78","0","2017","2","N",5,0,0,0,0,0,0,0,"N",1.14,0,0,0,0,0,0,0,"N",0,0.0,0,0,0,0,0,0,0,0,0,0,0,0,0,0
"36119","5","518210","78","0","2017","2","",55,1105,1113,1121,26583802,895138,38868,1837,"",0.72,1.19,1.19,1.18,0.81,0.50,0.74,0.69,"",-2,-3.5,-68,-5.8,-71,-6.0,-57,-4.8,-3643146,-12.1,-229466,-20.4,-7290,-15.8,-136,-6.9
"36999","5","518210","78","0","2017","2","",206,748,785,793,23242009,1657678,59869,2306,"",2.83,2.20,2.27,2.27,1.53,1.73,1.63,0.68,"",15,7.9,153,25.7,184,30.6,179,29.2,5370686,30.1,291933,21.4,2987,5.3,27,1.2
"37000","5","518210","58","0","2017","2","",674,13718,13972,14134,309988023,65066192,657142,1710,"",1.16,1.46,1.48,1.49,1.39,1.43,1.42,0.94,"",-13,-1.9,781,6.0,688,5.2,906,6.8,20162541,7.0,3427340,5.6,-347091,-34.6,15,0.9
"37001","5","518210","78","0","2017","2","",5,127,127,134,1328862,778148,7481,790,"",0.68,0.97,0.97,1.03,0.50,1.08,1.21,0.51,"",1,25.0,1,0.8,-1,-0.8,6,4.7,149340,12.7,100634,14.9,-4659,-38.4,77,10.8
"37019","5","518210","78","0","2017","2","",6,14,14,13,251868,99365,1163,1418,"",1.01,0.20,0.19,0.18,0.19,0.29,0.31,1.00,"",0,0.0,-2,-12.5,-2,-12.5,-4,-23.5,45963,22.3,-42087,-29.8,-389,-25.1,448,46.2
"37021","5","518210","78","0","2017","2","",15,43,42,42,674167,259977,3131,1225,"",0.77,0.15,0.15,0.15,0.12,0.19,0.27,0.78,"",0,0.0,3,7.5,0,0.0,2,5.0,-111887,-14.2,24122,10.2,-872,-21.8,-262,-17.6
"37025","5","518210","78","0","2017","2","",6,17,18,16,345020,65811,1305,1561,"",0.59,0.10,0.11,0.10,0.10,0.09,0.18,0.99,"N",0,0.0,0,0,0,0,0,0,0,0,0,0,0,0,0,0
"37027","5","518210","78","0","2017","2","N",2,0,0,0,0,0,0,0,"N",0.68,0,0,0,0,0,0,0,"N",0,0.0,0,0,0,0,0,0,0,0,0,0,0,0,0,0
"37029","5","518210","78","0","2017","2","N",1,0,0,0,0,0,0,0,"N",2.43,0,0,0,0,0,0,0,"N",0,0.0,0,0,0,0,0,0,0,0,0,0,0,0,0,0
"37031","5","518210","78","0","2017","2","N",2,0,0,0,0,0,0,0,"N",0.43,0,0,0,0,0,0,0,"N",0,0.0,0,0,0,0,0,0,0,0,0,0,0,0,0,0
"37035","5","518210","78","0","2017","2","",8,81,85,86,1237205,556056,4268,1133,"",0.85,0.42,0.45,0.45,0.31,0.50,0.35,0.71,"",0,0.0,6,8.0,8,10.4,9,11.7,140319,12.8,20668,3.9,-3196,-42.8,28,2.5
"37037","5","518210","78","0","2017","2","N",4,0,0,0,0,0,0,0,"N",1.28,0,0,0,0,0,0,0,"N",2,100.0,0,0,0,0,0,0,0,0,0,0,0,0,0,0
"37039","5","518210","78","0","2017","2","N",2,0,0,0,0,0,0,0,"N",1.32,0,0,0,0,0,0,0,"N",0,0.0,0,0,0,0,0,0,0,0,0,0,0,0,0,0
"37041","5","518210","78","0","2017","2","N",1,0,0,0,0,0,0,0,"N",1.24,0,0,0,0,0,0,0,"N",0,0.0,0,0,0,0,0,0,0,0,0,0,0,0,0,0
"37045","5","518210","78","0","2017","2","N",4,0,0,0,0,0,0,0,"N",0.94,0,0,0,0,0,0,0,"N",0,0.0,0,0,0,0,0,0,0,0,0,0,0,0,0,0
"37049","5","518210","78","0","2017","2","",4,11,15,15,141933,52966,606,799,"",0.80,0.13,0.18,0.18,0.08,0.16,0.21,0.49,"N",1,33.3,0,0,0,0,0,0,0,0,0,0,0,0,0,0
"37051","5","518210","78","0","2017","2","N",5,0,0,0,0,0,0,0,"N",0.38,0,0,0,0,0,0,0,"N",0,0.0,0,0,0,0,0,0,0,0,0,0,0,0,0,0
"37053","5","518210","78","0","2017","2","N",1,0,0,0,0,0,0,0,"N",0.66,0,0,0,0,0,0,0,"N",0,0.0,0,0,0,0,0,0,0,0,0,0,0,0,0,0
"37055","5","518210","78","0","2017","2","N",1,0,0,0,0,0,0,0,"N",0.24,0,0,0,0,0,0,0,"N",0,0.0,0,0,0,0,0,0,0,0,0,0,0,0,0,0
"37057","5","518210","78","0","2017","2","N",2,0,0,0,0,0,0,0,"N",0.33,0,0,0,0,0,0,0,"N",0,0.0,0,0,0,0,0,0,0,0,0,0,0,0,0,0
"37059","5","518210","78","0","2017","2","N",1,0,0,0,0,0,0,0,"N",0.52,0,0,0,0,0,0,0,"N",0,0.0,0,0,0,0,0,0,0,0,0,0,0,0,0,0
"37061","5","518210","78","0","2017","2","N",1,0,0,0,0,0,0,0,"N",0.44,0,0,0,0,0,0,0,"N",-1,-50.0,0,0,0,0,0,0,0,0,0,0,0,0,0,0
"37063","5","518210","78","0","2017","2","",32,416,410,415,14848724,3186156,46624,2761,"",1.80,0.96,0.94,0.96,1.06,1.89,2.99,1.11,"",1,3.2,126,43.4,121,41.9,118,39.7,8754024,143.6,1785368,127.5,22340,92.0,1155,71.9
"37067","5","518210","78","0","2017","2","",20,139,140,142,2470757,830128,10353,1354,"",1.02,0.35,0.35,0.36,0.26,0.48,0.58,0.73,"",-4,-16.7,-22,-13.7,-22,-13.6,-17,-10.7,-206386,-7.7,-46035,-5.3,-4670,-31.1,72,5.6
"37069","5","518210","78","0","2017","2","N",3,0,0,0,0,0,0,0,"N",1.25,0,0,0,0,0,0,0,"N",0,0.0,0,0,0,0,0,0,0,0,0,0,0,0,0,0
"37071","5","518210","78","0","2017","2","N",2,0,0,0,0,0,0,0,"N",0.22,0,0,0,0,0,0,0,"N",-1,-33.3,0,0,0,0,0,0,0,0,0,0,0,0,0,0
"37075","5","518210","78","0","2017","2","N",1,0,0,0,0,0,0,0,"N",2.49,0,0,0,0,0,0,0,"N",0,0.0,0,0,0,0,0,0,0,0,0,0,0,0,0,0
"37081","5","518210","78","0","2017","2","",22,434,433,443,13538991,1584103,12003,2385,"",0.72,0.71,0.71,0.73,0.96,0.51,0.39,1.33,"",3,15.8,104,31.5,100,30.0,104,30.7,-476468,-3.4,344736,27.8,-5307,-30.7,-843,-26.1
"37085","5","518210","78","0","2017","2","N",1,0,0,0,0,0,0,0,"N",0.27,0,0,0,0,0,0,0,"N",0,0.0,0,0,0,0,0,0,0,0,0,0,0,0,0,0
"37087","5","518210","78","0","2017","2","-",0,0,0,0,0,0,0,0,"N",0.00,0,0,0,0,0,0,0,"N",-1,-100.0,0,0,0,0,0,0,0,0,0,0,0,0,0,0
"37089","5","518210","78","0","2017","2","N",2,0,0,0,0,0,0,0,"N",0.31,0,0,0,0,0,0,0,"N",1,100.0,0,0,0,0,0,0,0,0,0,0,0,0,0,0
"37097","5","518210","78","0","2017","2","N",5,0,0,0,0,0,0,0,"N",0.45,0,0,0,0,0,0,0,"N",-1,-16.7,0,0,0,0,0,0,0,0,0,0,0,0,0,0
"37099","5","518210","78","0","2017","2","N",4,0,0,0,0,0,0,0,"N",1.83,0,0,0,0,0,0,0,"N",0,0.0,0,0,0,0,0,0,0,0,0,0,0,0,0,0
"37101","5","518210","78","0","2017","2","",5,36,33,33,252105,194631,1755,570,"",0.68,0.35,0.32,0.32,0.13,0.41,0.44,0.39,"N",0,0.0,0,0,0,0,0,0,0,0,0,0,0,0,0,0
"37105","5","518210","78","0","2017","2","N",2,0,0,0,0,0,0,0,"N",0.67,0,0,0,0,0,0,0,"N",0,0.0,0,0,0,0,0,0,0,0,0,0,0,0,0,0
"37111","5","518210","78","0","2017","2","N",1,0,0,0,0,0,0,0,"N",0.60,0,0,0,0,0,0,0,"N",0,0.0,0,0,0,0,0,0,0,0,0,0,0,0,0,0
"37113","5","518210","78","0","2017","2","N",2,0,0,0,0,0,0,0,"N",0.82,0,0,0,0,0,0,0,"N",0,0.0,0,0,0,0,0,0,0,0,0,0,0,0,0,0
"37115","5","518210","78","0","2017","2","N",2,0,0,0,0,0,0,0,"N",2.36,0,0,0,0,0,0,0,"N",0,0.0,0,0,0,0,0,0,0,0,0,0,0,0,0,0
"37119","5","518210","78","0","2017","2","",134,7451,7580,7676,173352555,33046603,328424,1762,"",1.68,5.07,5.14,5.18,3.90,4.23,4.08,0.76,"",-4,-2.9,96,1.3,201,2.7,203,2.7,4742755,2.8,991702,3.1,-204769,-38.4,10,0.6
"37123","5","518210","78","0","2017","2","N",1,0,0,0,0,0,0,0,"N",0.95,0,0,0,0,0,0,0,"N",0,0.0,0,0,0,0,0,0,0,0,0,0,0,0,0,0
"37125","5","518210","78","0","2017","2","N",2,0,0,0,0,0,0,0,"N",0.37,0,0,0,0,0,0,0,"N",0,0.0,0,0,0,0,0,0,0,0,0,0,0,0,0,0
"37127","5","518210","78","0","2017","2","N",4,0,0,0,0,0,0,0,"N",0.87,0,0,0,0,0,0,0,"N",-1,-20.0,0,0,0,0,0,0,0,0,0,0,0,0,0,0
"37129","5","518210","78","0","2017","2","",17,105,98,100,2026398,491467,5811,1543,"",0.99,0.43,0.40,0.41,0.36,0.42,0.52,0.87,"",0,0.0,45,75.0,33,50.8,32,47.1,699560,52.7,-37220,-7.0,-2402,-29.2,-43,-2.7
"37133","5","518210","78","0","2017","2","",6,24,25,25,299646,86006,1300,934,"",0.92,0.23,0.24,0.24,0.17,0.22,0.38,0.72,"",0,0.0,-2,-7.7,0,0.0,0,0.0,11523,4.0,7777,9.9,-254,-16.3,59,6.7
"37135","5","518210","78","0","2017","2","N",11,0,0,0,0,0,0,0,"N",1.31,0,0,0,0,0,0,0,"N",-1,-8.3,0,0,0,0,0,0,0,0,0,0,0,0,0,0
"37137","5","518210","78","0","2017","2","N",2,0,0,0,0,0,0,0,"N",3.23,0,0,0,0,0,0,0,"N",1,100.0,0,0,0,0,0,0,0,0,0,0,0,0,0,0
"37139","5","518210","78","0","2017","2","N",2,0,0,0,0,0,0,0,"N",0.95,0,0,0,0,0,0,0,"N",0,0.0,0,0,0,0,0,0,0,0,0,0,0,0,0,0
"37141","5","518210","78","0","2017","2","N",2,0,0,0,0,0,0,0,"N",0.78,0,0,0,0,0,0,0,"N",-1,-33.3,0,0,0,0,0,0,0,0,0,0,0,0,0,0
"37147","5","518210","78","0","2017","2","N",5,0,0,0,0,0,0,0,"N",0.62,0,0,0,0,0,0,0,"N",1,25.0,0,0,0,0,0,0,0,0,0,0,0,0,0,0
"37151","5","518210","78","0","2017","2","N",1,0,0,0,0,0,0,0,"N",0.18,0,0,0,0,0,0,0,"N",0,0.0,0,0,0,0,0,0,0,0,0,0,0,0,0,0
"37157","5","518210","78","0","2017","2","N",2,0,0,0,0,0,0,0,"N",0.57,0,0,0,0,0,0,0,"N",0,0.0,0,0,0,0,0,0,0,0,0,0,0,0,0,0
"37161","5","518210","78","0","2017","2","N",1,0,0,0,0,0,0,0,"N",0.36,0,0,0,0,0,0,0,"N",0,0.0,0,0,0,0,0,0,0,0,0,0,0,0,0,0
"37173","5","518210","78","0","2017","2","N",1,0,0,0,0,0,0,0,"N",1.10,0,0,0,0,0,0,0,"N",0,0.0,0,0,0,0,0,0,0,0,0,0,0,0,0,0
"37175","5","518210","78","0","2017","2","N",1,0,0,0,0,0,0,0,"N",0.52,0,0,0,0,0,0,0,"N",0,0.0,0,0,0,0,0,0,0,0,0,0,0,0,0,0
"37179","5","518210","78","0","2017","2","",14,25,24,27,414110,85830,984,1257,"",1.22,0.18,0.17,0.20,0.14,0.11,0.13,0.77,"",1,7.7,-18,-41.9,-20,-45.5,-16,-37.2,-289656,-41.2,-144488,-62.7,-3807,-79.5,8,0.6
"37181","5","518210","78","0","2017","2","N",1,0,0,0,0,0,0,0,"N",0.56,0,0,0,0,0,0,0,"N",0,0.0,0,0,0,0,0,0,0,0,0,0,0,0,0,0
"37183","5","518210","78","0","2017","2","",143,1806,1834,1938,40434385,9319461,104642,1673,"",1.97,1.55,1.56,1.62,1.26,1.65,1.92,0.80,"",4,2.9,142,8.5,126,7.4,221,12.9,2363222,6.2,28839,0.3,-52152,-33.3,-53,-3.1
"37189","5","518210","78","0","2017","2","N",2,0,0,0,0,0,0,0,"N",0.55,0,0,0,0,0,0,0,"N",0,0.0,0,0,0,0,0,0,0,0,0,0,0,0,0,0
"37191","5","518210","78","0","2017","2","N",2,0,0,0,0,0,0,0,"N",0.41,0,0,0,0,0,0,0,"N",0,0.0,0,0,0,0,0,0,0,0,0,0,0,0,0,0
"37195","5","518210","78","0","2017","2","N",2,0,0,0,0,0,0,0,"N",0.49,0,0,0,0,0,0,0,"N",0,0.0,0,0,0,0,0,0,0,0,0,0,0,0,0,0
"37197","5","518210","78","0","2017","2","N",2,0,0,0,0,0,0,0,"N",1.39,0,0,0,0,0,0,0,"N",0,0.0,0,0,0,0,0,0,0,0,0,0,0,0,0,0
"37199","5","518210","78","0","2017","2","N",1,0,0,0,0,0,0,0,"N",1.27,0,0,0,0,0,0,0,"N",0,0.0,0,0,0,0,0,0,0,0,0,0,0,0,0,0
"37999","5","518210","78","0","2017","2","",140,1253,1366,1314,28848111,5733662,73215,1693,"",3.80,5.28,5.68,5.43,3.02,3.57,3.31,0.55,"",-9,-6.0,357,39.8,222,19.4,344,35.5,4795058,19.9,768417,15.5,-20111,-21.5,-151,-8.2
"38000","3","518210","58","0","2017","2","N",2,0,0,0,0,0,0,0,"N",6.15,0,0,0,0,0,0,0,"N",0,0.0,0,0,0,0,0,0,0,0,0,0,0,0,0,0
"38000","5","518210","58","0","2017","2","",29,560,554,548,7862044,4761308,39780,1092,"",0.43,0.62,0.61,0.60,0.35,0.76,0.33,0.57,"",0,0.0,-12,-2.1,-11,-1.9,-33,-5.7,540719,7.4,181913,4.0,14335,56.3,109,11.1
"38011","5","518210","78","0","2017","2","N",1,0,0,0,0,0,0,0,"N",2.45,0,0,0,0,0,0,0,"N",1,100.0,0,0,0,0,0,0,0,0,0,0,0,0,0,0
"38015","5","518210","78","0","2017","2","N",5,0,0,0,0,0,0,0,"N",0.62,0,0,0,0,0,0,0,"N",1,25.0,0,0,0,0,0,0,0,0,0,0,0,0,0,0
"38017","3","518210","78","0","2017","2","N",1,0,0,0,0,0,0,0,"N",13.66,0,0,0,0,0,0,0,"N",0,0.0,0,0,0,0,0,0,0,0,0,0,0,0,0,0
"38017","5","518210","78","0","2017","2","",12,476,474,469,6993167,3988458,22758,1137,"",0.78,1.87,1.85,1.81,1.14,2.28,1.15,0.62,"",2,20.0,-18,-3.6,-13,-2.7,-37,-7.3,392175,5.9,102389,2.6,8098,55.2,113,11.0
"38021","5","518210","78","0","2017","2","N",1,0,0,0,0,0,0,0,"N",1.74,0,0,0,0,0,0,0,"N",0,0.0,0,0,0,0,0,0,0,0,0,0,0,0,0,0
"38035","5","518210","78","0","2017","2","N",5,0,0,0,0,0,0,0,"N",1.05,0,0,0,0,0,0,0,"N",-1,-16.7,0,0,0,0,0,0,0,0,0,0,0,0,0,0
"38055","5","518210","78","0","2017","2","N",1,0,0,0,0,0,0,0,"N",1.26,0,0,0,0,0,0,0,"N",1,100.0,0,0,0,0,0,0,0,0,0,0,0,0,0,0
"38059","5","518210","78","0","2017","2","N",1,0,0,0,0,0,0,0,"N",0.46,0,0,0,0,0,0,0,"N",0,0.0,0,0,0,0,0,0,0,0,0,0,0,0,0,0
"38073","5","518210","78","0","2017","2","N",1,0,0,0,0,0,0,0,"N",1.84,0,0,0,0,0,0,0,"N",0,0.0,0,0,0,0,0,0,0,0,0,0,0,0,0,0
"38077","5","518210","78","0","2017","2","N",1,0,0,0,0,0,0,0,"N",0.75,0,0,0,0,0,0,0,"N",1,100.0,0,0,0,0,0,0,0,0,0,0,0,0,0,0
"38079","3","518210","78","0","2017","2","N",1,0,0,0,0,0,0,0,"N",368.71,0,0,0,0,0,0,0,"N",0,0.0,0,0,0,0,0,0,0,0,0,0,0,0,0,0
"38093","5","518210","78","0","2017","2","-",0,0,0,0,0,0,0,0,"N",0.00,0,0,0,0,0,0,0,"N",0,0,0,0,0,0,0,0,0,0,0,0,0,0,0,0
"38099","5","518210","78","0","2017","2","N",1,0,0,0,0,0,0,0,"N",0.89,0,0,0,0,0,0,0,"N",0,0.0,0,0,0,0,0,0,0,0,0,0,0,0,0,0
"39000","3","518210","58","0","2017","2","",41,550,554,557,9492548,0,0,1319,"",13.59,5.46,5.45,5.43,5.71,0.00,0.00,1.05,"",0,0.0,17,3.2,16,3.0,18,3.3,613059,6.9,0,0.0,0,0.0,46,3.6
"39000","5","518210","58","0","2017","2","",531,7149,7182,7274,131157099,6984110,215117,1401,"",0.84,0.61,0.61,0.62,0.47,0.38,0.43,0.76,"",44,9.0,767,12.0,741,11.5,511,7.6,15544994,13.4,-1957016,-21.9,-15506,-6.7,39,2.9
"39001","5","518210","78","0","2017","2","N",1,0,0,0,0,0,0,0,"N",0.81,0,0,0,0,0,0,0,"N",1,100.0,0,0,0,0,0,0,0,0,0,0,0,0,0,0
"39003","5","518210","78","0","2017","2","N",2,0,0,0,0,0,0,0,"N",0.38,0,0,0,0,0,0,0,"N",0,0.0,0,0,0,0,0,0,0,0,0,0,0,0,0,0
"39005","3","518210","78","0","2017","2","N",1,0,0,0,0,0,0,0,"N",85.29,0,0,0,0,0,0,0,"N",0,0.0,0,0,0,0,0,0,0,0,0,0,0,0,0,0
"39005","5","518210","78","0","2017","2","N",1,0,0,0,0,0,0,0,"N",0.41,0,0,0,0,0,0,0,"N",0,0.0,0,0,0,0,0,0,0,0,0,0,0,0,0,0
"39007","5","518210","78","0","2017","2","N",2,0,0,0,0,0,0,0,"N",0.45,0,0,0,0,0,0,0,"N",-1,-33.3,0,0,0,0,0,0,0,0,0,0,0,0,0,0
"39009","5","518210","78","0","2017","2","",4,13,14,14,141672,12258,231,797,"",1.56,0.28,0.30,0.30,0.15,0.21,0.17,0.50,"N",1,33.3,0,0,0,0,0,0,0,0,0,0,0,0,0,0
"39013","5","518210","78","0","2017","2","N",1,0,0,0,0,0,0,0,"N",0.29,0,0,0,0,0,0,0,"N",0,0.0,0,0,0,0,0,0,0,0,0,0,0,0,0,0
"39017","3","518210","78","0","2017","2","N",2,0,0,0,0,0,0,0,"N",25.09,0,0,0,0,0,0,0,"N",0,0.0,0,0,0,0,0,0,0,0,0,0,0,0,0,0
"39017","5","518210","78","0","2017","2","",14,53,54,53,1216715,35168,983,1755,"",0.84,0.16,0.16,0.16,0.15,0.06,0.07,0.97,"",3,27.3,2,3.9,2,3.8,1,1.9,55093,4.7,-19631,-35.8,-1001,-50.5,26,1.5
"39021","5","518210","78","0","2017","2","N",1,0,0,0,0,0,0,0,"N",0.68,0,0,0,0,0,0,0,"N",0,0.0,0,0,0,0,0,0,0,0,0,0,0,0,0,0
"39023","5","518210","78","0","2017","2","N",1,0,0,0,0,0,0,0,"N",0.18,0,0,0,0,0,0,0,"N",-1,-50.0,0,0,0,0,0,0,0,0,0,0,0,0,0,0
"39025","5","518210","78","0","2017","2","",9,14,13,17,191595,29884,738,1005,"",1.04,0.11,0.10,0.13,0.07,0.13,0.12,0.62,"",2,28.6,3,27.3,2,18.2,6,54.5,65766,52.3,7944,36.2,352,91.2,125,14.2
"39027","5","518210","78","0","2017","2","N",2,0,0,0,0,0,0,0,"N",1.14,0,0,0,0,0,0,0,"N",0,0.0,0,0,0,0,0,0,0,0,0,0,0,0,0,0
"39033","5","518210","78","0","2017","2","N",1,0,0,0,0,0,0,0,"N",0.50,0,0,0,0,0,0,0,"N",1,100.0,0,0,0,0,0,0,0,0,0,0,0,0,0,0
"39035","3","518210","78","0","2017","2","",7,214,213,214,3555679,0,0,1280,"",19.12,15.84,15.65,15.52,14.12,0.00,0.00,0.90,"",0,0.0,-4,-1.8,-1,-0.5,-2,-0.9,425172,13.6,0,0.0,0,0.0,165,14.8
"39035","5","518210","78","0","2017","2","",66,1466,1470,1524,27058822,1393534,35265,1400,"",0.86,0.94,0.94,0.96,0.64,0.63,0.59,0.68,"",6,10.0,156,11.9,162,12.4,184,13.7,5329460,24.5,-673081,-32.6,-2938,-7.7,133,10.5
"39037","5","518210","78","0","2017","2","N",1,0,0,0,0,0,0,0,"N",0.39,0,0,0,0,0,0,0,"N",0,0.0,0,0,0,0,0,0,0,0,0,0,0,0,0,0
"39039","5","518210","78","0","2017","2","N",2,0,0,0,0,0,0,0,"N",1.07,0,0,0,0,0,0,0,"N",0,0.0,0,0,0,0,0,0,0,0,0,0,0,0,0,0
"39041","5","518210","78","0","2017","2","",13,83,78,78,1426996,101169,1974,1378,"",1.15,0.44,0.40,0.40,0.29,0.31,0.25,0.71,"",4,44.4,12,16.9,8,11.4,4,5.4,257370,22.0,29709,41.6,101,5.4,123,9.8
"39043","3","518210","78","0","2017","2","N",1,0,0,0,0,0,0,0,"N",49.36,0,0,0,0,0,0,0,"N",0,0.0,0,0,0,0,0,0,0,0,0,0,0,0,0,0
"39043","5","518210","78","0","2017","2","N",3,0,0,0,0,0,0,0,"N",0.71,0,0,0,0,0,0,0,"N",1,50.0,0,0,0,0,0,0,0,0,0,0,0,0,0,0
"39045","3","518210","78","0","2017","2","N",2,0,0,0,0,0,0,0,"N",66.52,0,0,0,0,0,0,0,"N",0,0.0,0,0,0,0,0,0,0,0,0,0,0,0,0,0
"39045","5","518210","78","0","2017","2","N",2,0,0,0,0,0,0,0,"N",0.32,0,0,0,0,0,0,0,"N",1,100.0,0,0,0,0,0,0,0,0,0,0,0,0,0,0
"39049","3","518210","78","0","2017","2","",6,42,43,44,768682,0,0,1375,"",18.35,2.99,3.04,3.08,3.01,0.00,0.00,0.99,"",0,0.0,3,7.7,4,10.3,2,4.8,-63685,-7.7,0,0.0,0,0.0,-226,-14.1
"39049","5","518210","78","0","2017","2","",85,2365,2359,2409,41723376,2030290,51043,1350,"",1.24,1.46,1.45,1.47,0.97,0.83,0.83,0.67,"",11,14.9,345,17.1,325,16.0,103,4.5,7380436,21.5,-296199,-12.7,4129,8.8,104,8.3
"39051","5","518210","78","0","2017","2","N",1,0,0,0,0,0,0,0,"N",0.43,0,0,0,0,0,0,0,"N",0,0.0,0,0,0,0,0,0,0,0,0,0,0,0,0,0
"39055","5","518210","78","0","2017","2","",6,7,7,6,149886,7410,67,1729,"",0.97,0.09,0.09,0.08,0.10,0.06,0.01,1.12,"",0,0.0,-1,-12.5,-1,-12.5,-2,-25.0,-41208,-21.6,-680,-8.4,42,168.0,-108,-5.9
"39057","3","518210","78","0","2017","2","N",2,0,0,0,0,0,0,0,"N",55.36,0,0,0,0,0,0,0,"N",0,0.0,0,0,0,0,0,0,0,0,0,0,0,0,0,0
"39057","5","518210","78","0","2017","2","",10,325,312,308,5879281,180653,8179,1436,"",1.32,2.01,1.93,1.91,1.34,0.87,1.68,0.69,"",-1,-9.1,75,30.0,60,23.8,56,22.2,42385,0.7,-206107,-53.3,-4844,-37.2,-350,-19.6
"39059","5","518210","78","0","2017","2","N",1,0,0,0,0,0,0,0,"N",0.49,0,0,0,0,0,0,0,"N",0,0.0,0,0,0,0,0,0,0,0,0,0,0,0,0,0
"39061","3","518210","78","0","2017","2","N",1,0,0,0,0,0,0,0,"N",4.11,0,0,0,0,0,0,0,"N",0,0.0,0,0,0,0,0,0,0,0,0,0,0,0,0,0
"39061","5","518210","78","0","2017","2","",40,482,489,483,12121174,491046,17894,1924,"",0.78,0.43,0.44,0.43,0.38,0.30,0.43,0.89,"",9,29.0,-9,-1.8,-4,-0.8,-11,-2.2,1846055,18.0,-3942,-0.8,2689,17.7,320,20.0
"39063","5","518210","78","0","2017","2","N",2,0,0,0,0,0,0,0,"N",0.52,0,0,0,0,0,0,0,"N",1,100.0,0,0,0,0,0,0,0,0,0,0,0,0,0,0
"39067","5","518210","78","0","2017","2","N",1,0,0,0,0,0,0,0,"N",1.34,0,0,0,0,0,0,0,"N",0,0.0,0,0,0,0,0,0,0,0,0,0,0,0,0,0
"39069","3","518210","78","0","2017","2","N",1,0,0,0,0,0,0,0,"N",147.93,0,0,0,0,0,0,0,"N",0,0.0,0,0,0,0,0,0,0,0,0,0,0,0,0,0
"39073","5","518210","78","0","2017","2","N",1,0,0,0,0,0,0,0,"N",0.85,0,0,0,0,0,0,0,"N",0,0.0,0,0,0,0,0,0,0,0,0,0,0,0,0,0
"39077","5","518210","78","0","2017","2","N",1,0,0,0,0,0,0,0,"N",0.36,0,0,0,0,0,0,0,"N",0,0.0,0,0,0,0,0,0,0,0,0,0,0,0,0,0
"39083","3","518210","78","0","2017","2","N",1,0,0,0,0,0,0,0,"N",83.05,0,0,0,0,0,0,0,"N",0,0.0,0,0,0,0,0,0,0,0,0,0,0,0,0,0
"39083","5","518210","78","0","2017","2","N",1,0,0,0,0,0,0,0,"N",0.40,0,0,0,0,0,0,0,"N",0,0.0,0,0,0,0,0,0,0,0,0,0,0,0,0,0
"39085","5","518210","78","0","2017","2","",11,10,10,10,222402,0,0,1711,"",0.82,0.05,0.05,0.05,0.05,0.00,0.00,1.02,"",3,37.5,2,25.0,2,25.0,3,42.9,4774,2.2,0,0.0,0,0.0,-473,-21.7
"39087","5","518210","78","0","2017","2","-",0,0,0,0,0,0,0,0,"N",0.00,0,0,0,0,0,0,0,"N",0,0,0,0,0,0,0,0,0,0,0,0,0,0,0,0
"39089","5","518210","78","0","2017","2","N",3,0,0,0,0,0,0,0,"N",0.42,0,0,0,0,0,0,0,"N",-2,-40.0,0,0,0,0,0,0,0,0,0,0,0,0,0,0
"39093","5","518210","78","0","2017","2","",6,7,7,8,162061,39973,954,1700,"",0.45,0.03,0.03,0.04,0.04,0.11,0.09,1.07,"N",0,0.0,0,0,0,0,0,0,0,0,0,0,0,0,0,0
"39095","5","518210","78","0","2017","2","",11,40,40,39,764856,25650,741,1483,"",0.51,0.09,0.09,0.09,0.08,0.04,0.04,0.87,"",0,0.0,-5,-11.1,-3,-7.0,-3,-7.1,-8539,-1.1,-6139,-19.3,227,44.2,110,8.0
"39097","5","518210","78","0","2017","2","N",2,0,0,0,0,0,0,0,"N",1.12,0,0,0,0,0,0,0,"N",0,0.0,0,0,0,0,0,0,0,0,0,0,0,0,0,0
"39099","3","518210","78","0","2017","2","N",1,0,0,0,0,0,0,0,"N",16.67,0,0,0,0,0,0,0,"N",0,0.0,0,0,0,0,0,0,0,0,0,0,0,0,0,0
"39099","5","518210","78","0","2017","2","",7,150,149,151,2101244,97563,3246,1078,"",0.56,0.72,0.71,0.72,0.53,0.26,0.31,0.74,"",-1,-12.5,11,7.9,5,3.5,4,2.7,-116177,-5.2,-66415,-40.5,-1198,-27.0,-112,-9.4
"39103","3","518210","78","0","2017","2","N",2,0,0,0,0,0,0,0,"N",43.30,0,0,0,0,0,0,0,"N",0,0.0,0,0,0,0,0,0,0,0,0,0,0,0,0,0
"39103","5","518210","78","0","2017","2","",9,15,16,16,419291,7248,196,2059,"",0.93,0.11,0.12,0.12,0.16,0.03,0.03,1.33,"N",1,12.5,0,0,0,0,0,0,0,0,0,0,0,0,0,0
"39111","5","518210","78","0","2017","2","-",0,0,0,0,0,0,0,0,"N",0.00,0,0,0,0,0,0,0,"N",0,0,0,0,0,0,0,0,0,0,0,0,0,0,0,0
"39113","3","518210","78","0","2017","2","N",2,0,0,0,0,0,0,0,"N",16.54,0,0,0,0,0,0,0,"N",0,0.0,0,0,0,0,0,0,0,0,0,0,0,0,0,0
"39113","5","518210","78","0","2017","2","",12,116,109,110,2512595,76818,3807,1731,"",0.47,0.21,0.20,0.20,0.20,0.09,0.18,0.99,"",-4,-25.0,-4,-3.3,-18,-14.2,-29,-20.9,-502484,-16.7,-248431,-76.4,-5649,-59.7,-72,-4.0
"39119","3","518210","78","0","2017","2","N",1,0,0,0,0,0,0,0,"N",53.36,0,0,0,0,0,0,0,"N",0,0.0,0,0,0,0,0,0,0,0,0,0,0,0,0,0
"39129","5","518210","78","0","2017","2","N",1,0,0,0,0,0,0,0,"N",0.52,0,0,0,0,0,0,0,"N",0,0.0,0,0,0,0,0,0,0,0,0,0,0,0,0,0
"39133","5","518210","78","0","2017","2","N",5,0,0,0,0,0,0,0,"N",0.71,0,0,0,0,0,0,0,"N",1,25.0,0,0,0,0,0,0,0,0,0,0,0,0,0,0
"39137","5","518210","78","0","2017","2","-",0,0,0,0,0,0,0,0,"N",0.00,0,0,0,0,0,0,0,"N",0,0,0,0,0,0,0,0,0,0,0,0,0,0,0,0
"39139","3","518210","78","0","2017","2","N",1,0,0,0,0,0,0,0,"N",35.85,0,0,0,0,0,0,0,"N",0,0.0,0,0,0,0,0,0,0,0,0,0,0,0,0,0
"39139","5","518210","78","0","2017","2","N",2,0,0,0,0,0,0,0,"N",0.34,0,0,0,0,0,0,0,"N",-1,-33.3,0,0,0,0,0,0,0,0,0,0,0,0,0,0
"39141","5","518210","78","0","2017","2","N",1,0,0,0,0,0,0,0,"N",0.34,0,0,0,0,0,0,0,"N",-1,-50.0,0,0,0,0,0,0,0,0,0,0,0,0,0,0
"39143","5","518210","78","0","2017","2","N",1,0,0,0,0,0,0,0,"N",0.34,0,0,0,0,0,0,0,"N",0,0.0,0,0,0,0,0,0,0,0,0,0,0,0,0,0
"39145","5","518210","78","0","2017","2","N",1,0,0,0,0,0,0,0,"N",0.33,0,0,0,0,0,0,0,"N",0,0.0,0,0,0,0,0,0,0,0,0,0,0,0,0,0
"39149","3","518210","78","0","2017","2","N",1,0,0,0,0,0,0,0,"N",94.85,0,0,0,0,0,0,0,"N",0,0.0,0,0,0,0,0,0,0,0,0,0,0,0,0,0
"39151","3","518210","78","0","2017","2","N",2,0,0,0,0,0,0,0,"N",22.93,0,0,0,0,0,0,0,"N",0,0.0,0,0,0,0,0,0,0,0,0,0,0,0,0,0
"39151","5","518210","78","0","2017","2","",11,46,45,45,807100,51944,1468,1370,"",0.60,0.13,0.13,0.13,0.12,0.09,0.09,0.89,"",0,0.0,-1,-2.1,-2,-4.3,8,21.6,127120,18.7,-14377,-21.7,-1139,-43.7,172,14.4
"39153","3","518210","78","0","2017","2","N",4,0,0,0,0,0,0,0,"N",27.37,0,0,0,0,0,0,0,"N",0,0.0,0,0,0,0,0,0,0,0,0,0,0,0,0,0
"39153","5","518210","78","0","2017","2","",32,653,664,645,10836632,494792,16180,1275,"",1.05,1.13,1.14,1.10,0.80,0.54,0.63,0.71,"",6,23.1,-5,-0.8,4,0.6,-18,-2.7,296570,2.8,-217789,-30.6,-7937,-32.9,47,3.8
"39155","3","518210","78","0","2017","2","N",1,0,0,0,0,0,0,0,"N",22.85,0,0,0,0,0,0,0,"N",0,0.0,0,0,0,0,0,0,0,0,0,0,0,0,0,0
"39155","5","518210","78","0","2017","2","N",2,0,0,0,0,0,0,0,"N",0.22,0,0,0,0,0,0,0,"N",0,0.0,0,0,0,0,0,0,0,0,0,0,0,0,0,0
"39157","3","518210","78","0","2017","2","N",1,0,0,0,0,0,0,0,"N",42.38,0,0,0,0,0,0,0,"N",0,0.0,0,0,0,0,0,0,0,0,0,0,0,0,0,0
"39159","5","518210","78","0","2017","2","N",2,0,0,0,0,0,0,0,"N",0.74,0,0,0,0,0,0,0,"N",0,0.0,0,0,0,0,0,0,0,0,0,0,0,0,0,0
"39161","3","518210","78","0","2017","2","N",1,0,0,0,0,0,0,0,"N",155.19,0,0,0,0,0,0,0,"N",0,0.0,0,0,0,0,0,0,0,0,0,0,0,0,0,0
"39165","5","518210","78","0","2017","2","N",12,0,0,0,0,0,0,0,"N",1.14,0,0,0,0,0,0,0,"N",4,50.0,0,0,0,0,0,0,0,0,0,0,0,0,0,0
"39167","5","518210","78","0","2017","2","N",1,0,0,0,0,0,0,0,"N",0.28,0,0,0,0,0,0,0,"N",0,0.0,0,0,0,0,0,0,0,0,0,0,0,0,0,0
"39171","5","518210","78","0","2017","2","N",3,0,0,0,0,0,0,0,"N",1.57,0,0,0,0,0,0,0,"N",1,50.0,0,0,0,0,0,0,0,0,0,0,0,0,0,0
"39173","5","518210","78","0","2017","2","",3,2,2,3,11348,4480,112,374,"",0.46,0.01,0.01,0.02,0.00,0.02,0.01,0.22,"N",0,0.0,0,0,0,0,0,0,0,0,0,0,0,0,0,0
"39999","5","518210","78","0","2017","2","",118,778,801,811,17656153,1259061,52927,1705,"",3.05,3.02,3.04,3.07,1.68,1.98,1.72,0.55,"",0,0.0,76,10.8,82,11.4,79,10.8,-120258,-0.7,-103267,-7.6,3062,6.1,-200,-10.5
"40000","3","518210","58","0","2017","2","N",1,0,0,0,0,0,0,0,"N",0.89,0,0,0,0,0,0,0,"N",0,0.0,0,0,0,0,0,0,0,0,0,0,0,0,0,0
"40000","5","518210","58","0","2017","2","",173,1359,1364,1346,20846549,5288333,55275,1182,"",0.74,0.39,0.40,0.39,0.27,0.36,0.45,0.69,"",-1,-0.6,60,4.6,40,3.0,24,1.8,138888,0.7,299583,6.0,3185,6.1,-29,-2.4
"40013","5","518210","78","0","2017","2","N",1,0,0,0,0,0,0,0,"N",0.51,0,0,0,0,0,0,0,"N",0,0.0,0,0,0,0,0,0,0,0,0,0,0,0,0,0
"40015","5","518210","78","0","2017","2","N",1,0,0,0,0,0,0,0,"N",0.78,0,0,0,0,0,0,0,"N",1,100.0,0,0,0,0,0,0,0,0,0,0,0,0,0,0
"40017","5","518210","78","0","2017","2","N",1,0,0,0,0,0,0,0,"N",0.15,0,0,0,0,0,0,0,"N",-1,-50.0,0,0,0,0,0,0,0,0,0,0,0,0,0,0
"40023","5","518210","78","0","2017","2","N",2,0,0,0,0,0,0,0,"N",2.66,0,0,0,0,0,0,0,"N",0,0.0,0,0,0,0,0,0,0,0,0,0,0,0,0,0
"40027","5","518210","78","0","2017","2","",7,28,28,30,317185,177715,2638,851,"",0.57,0.16,0.16,0.17,0.09,0.26,0.64,0.56,"N",2,40.0,0,0,0,0,0,0,0,0,0,0,0,0,0,0
"40031","5","518210","78","0","2017","2","N",1,0,0,0,0,0,0,0,"N",0.20,0,0,0,0,0,0,0,"N",0,0.0,0,0,0,0,0,0,0,0,0,0,0,0,0,0
"40037","5","518210","78","0","2017","2","N",1,0,0,0,0,0,0,0,"N",0.31,0,0,0,0,0,0,0,"N",0,0.0,0,0,0,0,0,0,0,0,0,0,0,0,0,0
"40047","5","518210","78","0","2017","2","N",1,0,0,0,0,0,0,0,"N",0.27,0,0,0,0,0,0,0,"N",0,0.0,0,0,0,0,0,0,0,0,0,0,0,0,0,0
"40049","5","518210","78","0","2017","2","N",1,0,0,0,0,0,0,0,"N",0.61,0,0,0,0,0,0,0,"N",0,0.0,0,0,0,0,0,0,0,0,0,0,0,0,0,0
"40051","5","518210","78","0","2017","2","N",1,0,0,0,0,0,0,0,"N",0.40,0,0,0,0,0,0,0,"N",0,0.0,0,0,0,0,0,0,0,0,0,0,0,0,0,0
"40073","5","518210","78","0","2017","2","N",1,0,0,0,0,0,0,0,"N",0.84,0,0,0,0,0,0,0,"N",0,0.0,0,0,0,0,0,0,0,0,0,0,0,0,0,0
"40087","5","518210","78","0","2017","2","N",2,0,0,0,0,0,0,0,"N",0.89,0,0,0,0,0,0,0,"N",2,100.0,0,0,0,0,0,0,0,0,0,0,0,0,0,0
"40097","5","518210","78","0","2017","2","N",2,0,0,0,0,0,0,0,"N",1.07,0,0,0,0,0,0,0,"N",1,100.0,0,0,0,0,0,0,0,0,0,0,0,0,0,0
"40105","5","518210","78","0","2017","2","N",1,0,0,0,0,0,0,0,"N",2.71,0,0,0,0,0,0,0,"N",0,0.0,0,0,0,0,0,0,0,0,0,0,0,0,0,0
"40109","3","518210","78","0","2017","2","N",1,0,0,0,0,0,0,0,"N",3.52,0,0,0,0,0,0,0,"N",0,0.0,0,0,0,0,0,0,0,0,0,0,0,0,0,0
"40109","5","518210","78","0","2017","2","",74,645,650,638,10354495,2584650,20600,1236,"",1.24,0.66,0.67,0.65,0.43,0.66,0.64,0.65,"",-1,-1.3,-60,-8.5,-50,-7.1,-42,-6.2,-941330,-8.3,-53495,-2.0,-15238,-42.5,-14,-1.1
"40119","5","518210","78","0","2017","2","-",0,0,0,0,0,0,0,0,"N",0.00,0,0,0,0,0,0,0,"N",0,0,0,0,0,0,0,0,0,0,0,0,0,0,0,0
"40121","5","518210","78","0","2017","2","N",1,0,0,0,0,0,0,0,"N",0.45,0,0,0,0,0,0,0,"N",0,0.0,0,0,0,0,0,0,0,0,0,0,0,0,0,0
"40123","5","518210","78","0","2017","2","N",2,0,0,0,0,0,0,0,"N",0.83,0,0,0,0,0,0,0,"N",-1,-33.3,0,0,0,0,0,0,0,0,0,0,0,0,0,0
"40125","5","518210","78","0","2017","2","N",2,0,0,0,0,0,0,0,"N",0.67,0,0,0,0,0,0,0,"N",0,0.0,0,0,0,0,0,0,0,0,0,0,0,0,0,0
"40131","5","518210","78","0","2017","2","",4,4,4,4,40948,20053,20,787,"",0.97,0.07,0.07,0.07,0.03,0.08,0.01,0.48,"",0,0.0,-1,-20.0,-1,-20.0,-1,-20.0,-37831,-48.0,0,0.0,0,0.0,-425,-35.1
"40133","5","518210","78","0","2017","2","N",1,0,0,0,0,0,0,0,"N",0.90,0,0,0,0,0,0,0,"N",0,0.0,0,0,0,0,0,0,0,0,0,0,0,0,0,0
"40141","5","518210","78","0","2017","2","N",1,0,0,0,0,0,0,0,"N",2.43,0,0,0,0,0,0,0,"N",0,0.0,0,0,0,0,0,0,0,0,0,0,0,0,0,0
"40143","5","518210","78","0","2017","2","",44,352,331,330,6319427,1052141,8157,1440,"",0.92,0.46,0.43,0.43,0.35,0.33,0.28,0.78,"",1,2.3,105,42.5,87,35.7,71,27.4,3297665,109.1,-133895,-11.3,87,1.1,510,54.8
"40145","5","518210","78","0","2017","2","N",1,0,0,0,0,0,0,0,"N",0.60,0,0,0,0,0,0,0,"N",0,0.0,0,0,0,0,0,0,0,0,0,0,0,0,0,0
"40151","5","518210","78","0","2017","2","N",1,0,0,0,0,0,0,0,"N",1.41,0,0,0,0,0,0,0,"N",0,0.0,0,0,0,0,0,0,0,0,0,0,0,0,0,0
"40999","5","518210","78","0","2017","2","",19,177,195,186,2153312,630404,18608,891,"",2.01,3.37,3.73,3.49,1.24,2.26,4.41,0.35,"",-1,-5.0,-4,-2.2,-8,-3.9,-15,-7.5,-2435068,-53.1,397694,170.9,17090,1125.8,-919,-50.8
"41000","3","518210","58","0","2017","2","",9,160,161,157,3188096,0,0,1539,"",5.92,4.53,4.53,4.33,5.14,0.00,0.00,1.15,"",-1,-10.0,3,1.9,5,3.2,0,0.0,348260,12.3,0,0.0,0,0.0,145,10.4
"41000","5","518210","58","0","2017","2","",313,4854,4908,4865,127287643,59159495,1365792,2008,"",0.98,1.19,1.20,1.17,1.22,2.10,2.28,1.03,"",20,6.8,866,21.7,846,20.8,767,18.7,29199810,29.8,14834446,33.5,395617,40.8,145,7.8
"41003","5","518210","78","0","2017","2","",8,109,107,106,2302706,1397205,43418,1650,"",1.39,1.33,1.29,1.27,1.14,3.42,5.54,0.88,"",2,33.3,-13,-10.7,-15,-12.3,-16,-13.1,-160964,-6.5,-49385,-3.4,-732,-1.7,97,6.2
"41005","5","518210","78","0","2017","2","",31,363,369,355,8095365,4120557,97024,1719,"",0.99,1.03,1.04,0.99,0.85,1.51,1.69,0.83,"",5,19.2,45,14.2,28,8.2,10,2.9,310707,4.0,352937,9.4,32098,49.4,-70,-3.9
"41013","5","518210","78","0","2017","2","N",3,0,0,0,0,0,0,0,"N",2.14,0,0,0,0,0,0,0,"N",0,0.0,0,0,0,0,0,0,0,0,0,0,0,0,0,0
"41017","3","518210","78","0","2017","2","N",1,0,0,0,0,0,0,0,"N",11.91,0,0,0,0,0,0,0,"N",0,0.0,0,0,0,0,0,0,0,0,0,0,0,0,0,0
"41017","5","518210","78","0","2017","2","",17,32,34,32,538992,285246,6290,1269,"",0.97,0.19,0.19,0.18,0.14,0.23,0.24,0.75,"",-1,-5.6,7,28.0,9,36.0,7,28.0,162092,43.0,26507,10.2,75,1.2,109,9.4
"41029","5","518210","78","0","2017","2","",11,10,12,13,747259,119466,3181,4927,"",0.71,0.05,0.06,0.07,0.19,0.10,0.12,3.10,"",1,10.0,-1,-9.1,2,20.0,3,30.0,465081,164.8,40370,51.0,1444,83.1,2826,134.5
"41031","5","518210","78","0","2017","2","N",1,0,0,0,0,0,0,0,"N",0.80,0,0,0,0,0,0,0,"N",1,100.0,0,0,0,0,0,0,0,0,0,0,0,0,0,0
"41033","5","518210","78","0","2017","2","N",2,0,0,0,0,0,0,0,"N",0.38,0,0,0,0,0,0,0,"N",0,0.0,0,0,0,0,0,0,0,0,0,0,0,0,0,0
"41039","5","518210","78","0","2017","2","",21,51,50,48,901936,622663,14731,1397,"",0.82,0.15,0.15,0.14,0.13,0.29,0.32,0.85,"",5,31.2,4,8.5,5,11.1,4,9.1,311502,52.8,209689,50.8,4303,41.3,395,39.4
"41043","3","518210","78","0","2017","2","N",1,0,0,0,0,0,0,0,"N",28.60,0,0,0,0,0,0,0,"N",0,0.0,0,0,0,0,0,0,0,0,0,0,0,0,0,0
"41043","5","518210","78","0","2017","2","N",1,0,0,0,0,0,0,0,"N",0.14,0,0,0,0,0,0,0,"N",0,0.0,0,0,0,0,0,0,0,0,0,0,0,0,0,0
"41047","3","518210","78","0","2017","2","",7,105,105,103,2217174,0,0,1635,"",65.17,36.98,36.71,34.97,50.20,0.00,0.00,1.39,"N",-1,-12.5,0,0,0,0,0,0,0,0,0,0,0,0,0,0
"41047","5","518210","78","0","2017","2","",10,39,39,41,820712,445808,9026,1592,"",0.44,0.12,0.12,0.12,0.11,0.24,0.23,0.93,"",-2,-16.7,-9,-18.8,-8,-17.0,-5,-10.9,-76256,-8.5,-46531,-9.5,-267,-2.9,124,8.4
"41049","5","518210","78","0","2017","2","N",1,0,0,0,0,0,0,0,"N",1.36,0,0,0,0,0,0,0,"N",0,0.0,0,0,0,0,0,0,0,0,0,0,0,0,0,0
"41051","5","518210","78","0","2017","2","",100,1907,1914,1979,47462466,24256194,550302,1888,"",1.37,1.74,1.75,1.80,1.55,3.09,3.29,0.88,"",13,14.9,219,13.0,206,12.1,258,15.0,12531590,35.9,6047548,33.2,141547,34.6,313,19.9
"41053","5","518210","78","0","2017","2","N",1,0,0,0,0,0,0,0,"N",0.24,0,0,0,0,0,0,0,"N",1,100.0,0,0,0,0,0,0,0,0,0,0,0,0,0,0
"41059","5","518210","78","0","2017","2","N",1,0,0,0,0,0,0,0,"N",0.21,0,0,0,0,0,0,0,"N",0,0.0,0,0,0,0,0,0,0,0,0,0,0,0,0,0
"41061","5","518210","78","0","2017","2","N",1,0,0,0,0,0,0,0,"N",0.48,0,0,0,0,0,0,0,"N",0,0.0,0,0,0,0,0,0,0,0,0,0,0,0,0,0
"41065","5","518210","78","0","2017","2","N",2,0,0,0,0,0,0,0,"N",0.91,0,0,0,0,0,0,0,"N",0,0.0,0,0,0,0,0,0,0,0,0,0,0,0,0,0
"41067","5","518210","78","0","2017","2","",52,1512,1536,1430,35874485,17151941,415138,1849,"",1.28,2.40,2.43,2.23,1.71,3.42,3.98,0.73,"",-2,-3.7,497,49.0,505,49.0,397,38.4,9587816,36.5,5351280,45.3,147927,55.4,-121,-6.1
"41071","5","518210","78","0","2017","2","",4,7,7,7,54786,54786,1425,602,"",0.60,0.09,0.09,0.09,0.03,0.11,0.14,0.38,"",-1,-20.0,-16,-69.6,-24,-77.4,-23,-76.7,-132155,-70.7,-132155,-70.7,-1930,-57.5,88,17.1
"41999","5","518210","78","0","2017","2","",46,283,283,283,7503103,4047472,104104,2039,"",3.95,5.45,5.56,5.47,4.10,7.48,8.40,0.75,"",-2,-4.2,32,12.7,35,14.1,32,12.7,1206590,19.2,890429,28.2,25929,33.2,102,5.3
"42000","1","518210","58","0","2017","2","",1,1139,1139,1139,15421204,0,0,1041,"",27.73,24.80,24.76,24.79,25.28,0.00,0.00,1.02,"",0,0.0,-40,-3.4,-28,-2.4,-53,-4.4,98784,0.6,0,0.0,0,0.0,42,4.2
"42000","2","518210","58","0","2017","2","N",1,0,0,0,0,0,0,0,"N",1.39,0,0,0,0,0,0,0,"N",0,0.0,0,0,0,0,0,0,0,0,0,0,0,0,0,0
"42000","5","518210","58","0","2017","2","",680,8990,8987,9001,175526923,11205339,606473,1501,"",0.90,0.71,0.71,0.71,0.53,0.54,0.56,0.75,"",58,9.3,100,1.1,83,0.9,48,0.5,4355717,2.5,330503,3.0,-44114,-6.8,24,1.6
"42003","5","518210","78","0","2017","2","",74,1014,1016,1036,18481570,1125397,58307,1391,"",0.98,0.67,0.67,0.68,0.43,0.49,0.49,0.64,"",12,19.4,105,11.6,106,11.6,117,12.7,-561476,-2.9,383069,51.6,21221,57.2,-214,-13.3
"42005","5","518210","78","0","2017","2","N",3,0,0,0,0,0,0,0,"N",0.93,0,0,0,0,0,0,0,"N",0,0.0,0,0,0,0,0,0,0,0,0,0,0,0,0,0
"42009","5","518210","78","0","2017","2","N",1,0,0,0,0,0,0,0,"N",0.38,0,0,0,0,0,0,0,"N",0,0.0,0,0,0,0,0,0,0,0,0,0,0,0,0,0
"42011","5","518210","78","0","2017","2","",3,16,16,16,353299,21905,1080,1699,"",0.16,0.04,0.04,0.04,0.04,0.04,0.04,0.91,"",-1,-25.0,1,6.7,1,6.7,1,6.7,85454,31.9,15475,240.7,892,474.5,325,23.7
"42013","5","518210","78","0","2017","2","N",1,0,0,0,0,0,0,0,"N",0.14,0,0,0,0,0,0,0,"N",0,0.0,0,0,0,0,0,0,0,0,0,0,0,0,0,0
"42017","5","518210","78","0","2017","2","",41,847,854,842,13106593,1569669,98044,1189,"",0.97,1.48,1.48,1.44,0.91,1.49,1.83,0.62,"",-1,-2.4,20,2.4,17,2.0,5,0.6,159545,1.2,138615,9.7,16242,19.9,-6,-0.5
"42019","5","518210","78","0","2017","2","N",5,0,0,0,0,0,0,0,"N",0.47,0,0,0,0,0,0,0,"N",1,25.0,0,0,0,0,0,0,0,0,0,0,0,0,0,0
"42021","5","518210","78","0","2017","2","N",3,0,0,0,0,0,0,0,"N",0.40,0,0,0,0,0,0,0,"N",-1,-25.0,0,0,0,0,0,0,0,0,0,0,0,0,0,0
"42027","5","518210","78","0","2017","2","",7,88,86,88,1553371,28937,1235,1368,"",0.92,0.59,0.58,0.56,0.42,0.14,0.12,0.73,"N",3,75.0,0,0,0,0,0,0,0,0,0,0,0,0,0,0
"42029","5","518210","78","0","2017","2","",36,795,793,792,19692893,541467,33562,1909,"",1.10,1.47,1.46,1.44,1.05,0.64,0.79,0.72,"",-3,-7.7,76,10.6,76,10.6,80,11.2,2268242,13.0,59400,12.3,4970,17.4,37,2.0
"42039","5","518210","78","0","2017","2","N",2,0,0,0,0,0,0,0,"N",0.42,0,0,0,0,0,0,0,"N",0,0.0,0,0,0,0,0,0,0,0,0,0,0,0,0,0
"42041","5","518210","78","0","2017","2","N",10,0,0,0,0,0,0,0,"N",0.73,0,0,0,0,0,0,0,"N",0,0.0,0,0,0,0,0,0,0,0,0,0,0,0,0,0
"42043","2","518210","78","0","2017","2","N",1,0,0,0,0,0,0,0,"N",65.28,0,0,0,0,0,0,0,"N",0,0.0,0,0,0,0,0,0,0,0,0,0,0,0,0,0
"42043","5","518210","78","0","2017","2","",17,220,223,228,2661087,157034,10897,915,"",1.06,0.56,0.56,0.57,0.26,0.31,0.42,0.46,"",-1,-5.6,-37,-14.4,-30,-11.9,-22,-8.8,-694978,-20.7,-157781,-50.1,-13276,-54.9,-104,-10.2
"42045","5","518210","78","0","2017","2","",16,117,115,115,2627870,172907,10482,1748,"",0.54,0.24,0.24,0.24,0.20,0.22,0.27,0.82,"",0,0.0,30,34.5,28,32.2,31,36.9,1236571,88.9,37385,27.6,3042,40.9,504,40.5
"42049","5","518210","78","0","2017","2","N",4,0,0,0,0,0,0,0,"N",0.27,0,0,0,0,0,0,0,"N",1,33.3,0,0,0,0,0,0,0,0,0,0,0,0,0,0
"42051","5","518210","78","0","2017","2","N",1,0,0,0,0,0,0,0,"N",0.17,0,0,0,0,0,0,0,"N",0,0.0,0,0,0,0,0,0,0,0,0,0,0,0,0,0
"42055","5","518210","78","0","2017","2","N",5,0,0,0,0,0,0,0,"N",0.71,0,0,0,0,0,0,0,"N",-1,-16.7,0,0,0,0,0,0,0,0,0,0,0,0,0,0
"42069","5","518210","78","0","2017","2","N",4,0,0,0,0,0,0,0,"N",0.33,0,0,0,0,0,0,0,"N",0,0.0,0,0,0,0,0,0,0,0,0,0,0,0,0,0
"42071","5","518210","78","0","2017","2","",7,77,74,71,1241967,147359,8668,1291,"",0.25,0.15,0.14,0.14,0.11,0.17,0.22,0.76,"",-1,-12.5,0,0.0,-6,-7.5,-8,-10.1,110019,9.7,-47391,-24.3,-3686,-29.8,184,16.6
"42075","5","518210","78","0","2017","2","",4,24,24,24,400932,42106,2793,1285,"",0.67,0.22,0.22,0.22,0.18,0.24,0.33,0.81,"N",1,33.3,0,0,0,0,0,0,0,0,0,0,0,0,0,0
"42077","5","518210","78","0","2017","2","",18,272,275,262,3441028,571669,22598,982,"",0.96,0.67,0.67,0.63,0.33,0.89,0.68,0.50,"",6,50.0,34,14.3,25,10.0,4,1.6,100786,3.0,5399,1.0,-1930,-7.9,-51,-4.9
"42079","1","518210","78","0","2017","2","",1,1139,1139,1139,15421204,0,0,1041,"",1324.84,997.49,994.36,991.61,1271.79,0.00,0.00,1.28,"",0,0.0,-40,-3.4,-28,-2.4,-53,-4.4,98784,0.6,0,0.0,0,0.0,42,4.2
"42079","5","518210","78","0","2017","2","",6,100,102,101,1287407,120060,6530,981,"",0.38,0.32,0.32,0.32,0.20,0.21,0.21,0.61,"",-2,-25.0,-5,-4.8,-4,-3.8,-8,-7.3,7010,0.5,-50111,-29.4,-4572,-41.2,58,6.3
"42085","5","518210","78","0","2017","2","N",1,0,0,0,0,0,0,0,"N",0.16,0,0,0,0,0,0,0,"N",0,0.0,0,0,0,0,0,0,0,0,0,0,0,0,0,0
"42087","5","518210","78","0","2017","2","N",2,0,0,0,0,0,0,0,"N",0.90,0,0,0,0,0,0,0,"N",1,100.0,0,0,0,0,0,0,0,0,0,0,0,0,0,0
"42089","5","518210","78","0","2017","2","N",1,0,0,0,0,0,0,0,"N",0.13,0,0,0,0,0,0,0,"N",-1,-50.0,0,0,0,0,0,0,0,0,0,0,0,0,0,0
"42091","5","518210","78","0","2017","2","",81,2136,2147,2166,36116382,2646038,139266,1292,"",1.38,2.00,2.00,2.00,1.07,1.55,1.61,0.53,"",6,8.0,-24,-1.1,-11,-0.5,-14,-0.6,73822,0.2,-247220,-8.5,-27336,-16.4,12,0.9
"42095","5","518210","78","0","2017","2","",18,733,711,718,12454115,781930,33994,1329,"",1.26,2.95,2.84,2.88,2.17,1.75,1.46,0.75,"",2,12.5,-139,-15.9,-169,-19.2,-186,-20.6,-3166268,-20.3,8213,1.1,-10994,-24.4,-28,-2.1
"42097","5","518210","78","0","2017","2","N",1,0,0,0,0,0,0,0,"N",0.25,0,0,0,0,0,0,0,"N",-1,-50.0,0,0,0,0,0,0,0,0,0,0,0,0,0,0
"42099","5","518210","78","0","2017","2","N",1,0,0,0,0,0,0,0,"N",0.53,0,0,0,0,0,0,0,"N",1,100.0,0,0,0,0,0,0,0,0,0,0,0,0,0,0
"42101","5","518210","78","0","2017","2","",36,342,342,353,8915128,592840,33228,1984,"",0.49,0.23,0.23,0.24,0.20,0.30,0.33,0.84,"",3,9.1,26,8.2,20,6.2,27,8.3,1026480,13.0,159241,36.7,1216,3.8,96,5.1
"42103","5","518210","78","0","2017","2","N",1,0,0,0,0,0,0,0,"N",0.45,0,0,0,0,0,0,0,"N",0,0.0,0,0,0,0,0,0,0,0,0,0,0,0,0,0
"42117","5","518210","78","0","2017","2","-",0,0,0,0,0,0,0,0,"N",0.00,0,0,0,0,0,0,0,"N",-1,-100.0,0,0,0,0,0,0,0,0,0,0,0,0,0,0
"42119","5","518210","78","0","2017","2","N",1,0,0,0,0,0,0,0,"N",0.47,0,0,0,0,0,0,0,"N",0,0.0,0,0,0,0,0,0,0,0,0,0,0,0,0,0
"42123","5","518210","78","0","2017","2","N",1,0,0,0,0,0,0,0,"N",0.42,0,0,0,0,0,0,0,"N",0,0.0,0,0,0,0,0,0,0,0,0,0,0,0,0,0
"42125","5","518210","78","0","2017","2","",3,55,56,58,781412,40553,2414,1067,"",0.26,0.29,0.30,0.30,0.16,0.12,0.13,0.54,"N",0,0.0,0,0,0,0,0,0,0,0,0,0,0,0,0,0
"42127","5","518210","78","0","2017","2","N",2,0,0,0,0,0,0,0,"N",0.65,0,0,0,0,0,0,0,"N",0,0.0,0,0,0,0,0,0,0,0,0,0,0,0,0,0
"42129","5","518210","78","0","2017","2","",6,43,46,46,617865,83795,4559,1056,"",0.30,0.15,0.16,0.16,0.10,0.15,0.15,0.64,"",3,100.0,12,38.7,15,48.4,13,39.4,187844,43.7,43472,107.8,978,27.3,11,1.1
"42131","5","518210","78","0","2017","2","N",1,0,0,0,0,0,0,0,"N",0.64,0,0,0,0,0,0,0,"N",1,100.0,0,0,0,0,0,0,0,0,0,0,0,0,0,0
"42133","5","518210","78","0","2017","2","N",7,0,0,0,0,0,0,0,"N",0.36,0,0,0,0,0,0,0,"N",-1,-12.5,0,0,0,0,0,0,0,0,0,0,0,0,0,0
"42999","5","518210","78","0","2017","2","",249,1205,1206,1189,34335492,1761482,92813,2201,"",4.09,3.43,3.37,3.34,2.24,2.03,1.65,0.66,"",34,15.8,60,5.2,71,6.3,64,5.7,3408925,11.0,-31336,-1.7,-30764,-24.9,105,5.0
"44000","5","518210","58","0","2017","2","",138,540,535,532,12396050,3006630,88173,1780,"",1.73,0.52,0.51,0.50,0.46,0.62,0.63,0.90,"",-1,-0.7,-1936,-78.2,-1922,-78.2,-1894,-78.1,-49929342,-80.1,-14550752,-82.9,-341911,-79.5,-174,-8.9
"44001","5","518210","78","0","2017","2","",6,14,14,15,601815,28181,567,3230,"",1.84,0.46,0.46,0.49,0.94,0.21,0.14,2.00,"",0,0.0,1,7.7,1,7.7,3,25.0,148529,32.8,8581,43.8,23,4.2,477,17.3
"44003","5","518210","78","0","2017","2","",21,101,99,95,2735068,514039,16021,2140,"",1.78,0.62,0.60,0.57,0.71,0.62,0.69,1.19,"",1,5.0,24,31.2,20,25.3,24,33.8,761116,38.6,58778,12.9,-2338,-12.7,133,6.6
"44005","5","518210","78","0","2017","2","N",10,0,0,0,0,0,0,0,"N",1.39,0,0,0,0,0,0,0,"N",0,0.0,0,0,0,0,0,0,0,0,0,0,0,0,0,0
"44007","5","518210","78","0","2017","2","",52,330,327,326,5603856,2168275,65077,1316,"",1.33,0.53,0.52,0.52,0.34,0.76,0.82,0.64,"",2,4.0,-1940,-85.5,-1925,-85.5,-1907,-85.4,-50832100,-90.1,-14444855,-86.9,-333418,-83.7,-612,-31.7
"44009","5","518210","78","0","2017","2","N",12,0,0,0,0,0,0,0,"N",1.27,0,0,0,0,0,0,0,"N",-2,-14.3,0,0,0,0,0,0,0,0,0,0,0,0,0,0
"44999","5","518210","78","0","2017","2","",37,51,52,50,1811879,147788,3286,2733,"",4.13,2.36,2.38,2.26,2.12,1.14,0.82,0.91,"N",-2,-5.1,0,0,0,0,0,0,0,0,0,0,0,0,0,0
"45000","5","518210","58","0","2017","2","",360,2900,2906,2897,49213142,7396331,160641,1305,"",1.32,0.65,0.65,0.65,0.51,0.55,0.90,0.78,"",48,15.4,64,2.3,99,3.5,75,2.7,-449818,-0.9,-1129274,-13.2,3671,2.3,-49,-3.6
"45003","5","518210","78","0","2017","2","N",2,0,0,0,0,0,0,0,"N",0.32,0,0,0,0,0,0,0,"N",1,100.0,0,0,0,0,0,0,0,0,0,0,0,0,0,0
"45007","5","518210","78","0","2017","2","N",3,0,0,0,0,0,0,0,"N",0.39,0,0,0,0,0,0,0,"N",1,50.0,0,0,0,0,0,0,0,0,0,0,0,0,0,0
"45009","5","518210","78","0","2017","2","N",1,0,0,0,0,0,0,0,"N",1.55,0,0,0,0,0,0,0,"N",0,0.0,0,0,0,0,0,0,0,0,0,0,0,0,0,0
"45013","5","518210","78","0","2017","2","",10,37,37,36,375000,60420,318,787,"",0.85,0.26,0.26,0.24,0.13,0.12,0.07,0.52,"",1,11.1,-2,-5.1,-2,-5.1,-2,-5.3,-39346,-9.5,-23100,-27.7,-173,-35.2,-37,-4.5
"45015","5","518210","78","0","2017","2","",9,25,25,25,381828,34312,164,1175,"",1.45,0.23,0.23,0.23,0.15,0.12,0.05,0.63,"",3,50.0,5,25.0,5,25.0,3,13.6,83038,27.8,8108,30.9,-45,-21.5,63,5.7
"45017","5","518210","78","0","2017","2","N",1,0,0,0,0,0,0,0,"N",1.92,0,0,0,0,0,0,0,"N",0,0.0,0,0,0,0,0,0,0,0,0,0,0,0,0,0
"45019","5","518210","78","0","2017","2","",39,475,476,476,6858145,1570454,16787,1109,"",1.23,0.89,0.89,0.88,0.53,1.01,0.93,0.60,"",4,11.4,5,1.1,25,5.5,39,8.9,1600158,30.4,-587111,-27.2,-2187,-11.5,215,24.0
"45029","5","518210","78","0","2017","2","N",1,0,0,0,0,0,0,0,"N",0.63,0,0,0,0,0,0,0,"N",0,0.0,0,0,0,0,0,0,0,0,0,0,0,0,0,0
"45035","5","518210","78","0","2017","2","",6,17,17,17,638270,78190,2137,2888,"",1.22,0.23,0.23,0.22,0.45,0.34,0.97,2.01,"N",2,50.0,0,0,0,0,0,0,0,0,0,0,0,0,0,0
"45041","5","518210","78","0","2017","2","N",2,0,0,0,0,0,0,0,"N",0.30,0,0,0,0,0,0,0,"N",0,0.0,0,0,0,0,0,0,0,0,0,0,0,0,0,0
"45043","5","518210","78","0","2017","2","N",2,0,0,0,0,0,0,0,"N",0.51,0,0,0,0,0,0,0,"N",0,0.0,0,0,0,0,0,0,0,0,0,0,0,0,0,0
"45045","5","518210","78","0","2017","2","",32,385,380,383,7056471,885768,19878,1418,"",1.09,0.67,0.66,0.66,0.52,0.48,0.75,0.78,"",1,3.2,128,49.8,129,51.4,128,50.2,2473942,54.0,386023,77.2,14805,291.8,32,2.3
"45047","5","518210","78","0","2017","2","N",1,0,0,0,0,0,0,0,"N",0.34,0,0,0,0,0,0,0,"N",1,100.0,0,0,0,0,0,0,0,0,0,0,0,0,0,0
"45051","5","518210","78","0","2017","2","",11,13,13,13,170503,52086,774,1009,"",0.60,0.05,0.05,0.04,0.04,0.05,0.04,0.81,"",3,37.5,2,18.2,2,18.2,3,30.0,29325,20.8,21682,71.3,426,122.4,-9,-0.9
"45053","5","518210","78","0","2017","2","-",0,0,0,0,0,0,0,0,"N",0.00,0,0,0,0,0,0,0,"N",0,0,0,0,0,0,0,0,0,0,0,0,0,0,0,0
"45057","5","518210","78","0","2017","2","N",3,0,0,0,0,0,0,0,"N",1.16,0,0,0,0,0,0,0,"N",2,200.0,0,0,0,0,0,0,0,0,0,0,0,0,0,0
"45063","5","518210","78","0","2017","2","",13,88,88,85,1135341,279090,4215,1004,"",0.93,0.35,0.35,0.33,0.22,0.37,0.51,0.64,"",4,44.4,9,11.4,6,7.3,-2,-2.3,156153,15.9,-128860,-31.6,2590,159.4,93,10.2
"45067","5","518210","78","0","2017","2","N",1,0,0,0,0,0,0,0,"N",0.90,0,0,0,0,0,0,0,"N",1,100.0,0,0,0,0,0,0,0,0,0,0,0,0,0,0
"45071","5","518210","78","0","2017","2","N",3,0,0,0,0,0,0,0,"N",1.85,0,0,0,0,0,0,0,"N",1,50.0,0,0,0,0,0,0,0,0,0,0,0,0,0,0
"45073","5","518210","78","0","2017","2","N",3,0,0,0,0,0,0,0,"N",0.91,0,0,0,0,0,0,0,"N",0,0.0,0,0,0,0,0,0,0,0,0,0,0,0,0,0
"45077","5","518210","78","0","2017","2","N",4,0,0,0,0,0,0,0,"N",0.88,0,0,0,0,0,0,0,"N",2,100.0,0,0,0,0,0,0,0,0,0,0,0,0,0,0
"45079","5","518210","78","0","2017","2","",39,1121,1111,1106,18615909,2246207,83101,1287,"",1.82,2.33,2.32,2.31,1.74,1.92,4.92,0.75,"",3,8.3,15,1.4,7,0.6,1,0.1,-2740351,-12.8,-256592,-10.3,-10672,-11.4,-200,-13.4
"45083","5","518210","78","0","2017","2","",7,19,19,18,614905,49680,630,2534,"",0.53,0.06,0.06,0.06,0.09,0.05,0.05,1.42,"",-1,-12.5,-54,-74.0,-55,-74.3,-62,-77.5,-1265029,-67.3,-61979,-55.5,-575,-47.7,623,32.6
"45091","5","518210","78","0","2017","2","",17,224,227,228,3659318,456613,3951,1244,"",1.44,1.11,1.11,1.11,0.83,0.72,0.46,0.75,"",3,21.4,-134,-37.4,-133,-36.9,-131,-36.5,-2297582,-38.6,-802028,-63.7,-6952,-63.8,-32,-2.5
"45999","5","518210","78","0","2017","2","",150,359,372,372,7344859,1245915,15047,1537,"",4.23,2.78,2.86,2.92,1.69,2.52,1.92,0.59,"",18,13.6,64,21.7,77,26.1,70,23.2,839452,12.9,144883,13.2,1207,8.7,-146,-8.7
"46000","2","518210","58","0","2017","2","N",3,0,0,0,0,0,0,0,"N",44.30,0,0,0,0,0,0,0,"N",0,0.0,0,0,0,0,0,0,0,0,0,0,0,0,0,0
"46000","5","518210","58","0","2017","2","",80,139,143,141,2262616,414832,4141,1234,"",1.13,0.15,0.15,0.15,0.12,0.15,0.19,0.78,"",-2,-2.4,0,0.0,2,1.4,8,6.0,123490,5.8,-24095,-5.5,843,25.6,39,3.3
"46007","5","518210","78","0","2017","2","N",1,0,0,0,0,0,0,0,"N",4.83,0,0,0,0,0,0,0,"N",0,0.0,0,0,0,0,0,0,0,0,0,0,0,0,0,0
"46009","2","518210","78","0","2017","2","N",1,0,0,0,0,0,0,0,"N",2302.30,0,0,0,0,0,0,0,"N",0,0.0,0,0,0,0,0,0,0,0,0,0,0,0,0,0
"46011","5","518210","78","0","2017","2","N",3,0,0,0,0,0,0,0,"N",1.31,0,0,0,0,0,0,0,"N",0,0.0,0,0,0,0,0,0,0,0,0,0,0,0,0,0
"46013","5","518210","78","0","2017","2","",4,12,12,12,180966,18797,116,1160,"",1.26,0.27,0.26,0.26,0.20,0.13,0.11,0.75,"",0,0.0,0,0.0,-1,-7.7,-1,-7.7,5040,2.9,-15799,-45.7,-223,-65.8,92,8.6
"46019","5","518210","78","0","2017","2","N",1,0,0,0,0,0,0,0,"N",1.20,0,0,0,0,0,0,0,"N",0,0.0,0,0,0,0,0,0,0,0,0,0,0,0,0,0
"46027","5","518210","78","0","2017","2","N",1,0,0,0,0,0,0,0,"N",1.23,0,0,0,0,0,0,0,"N",-1,-50.0,0,0,0,0,0,0,0,0,0,0,0,0,0,0
"46029","2","518210","78","0","2017","2","N",1,0,0,0,0,0,0,0,"N",401.30,0,0,0,0,0,0,0,"N",0,0.0,0,0,0,0,0,0,0,0,0,0,0,0,0,0
"46029","5","518210","78","0","2017","2","N",1,0,0,0,0,0,0,0,"N",0.38,0,0,0,0,0,0,0,"N",-1,-50.0,0,0,0,0,0,0,0,0,0,0,0,0,0,0
"46037","5","518210","78","0","2017","2","-",0,0,0,0,0,0,0,0,"N",0.00,0,0,0,0,0,0,0,"N",0,0,0,0,0,0,0,0,0,0,0,0,0,0,0,0
"46065","2","518210","78","0","2017","2","N",1,0,0,0,0,0,0,0,"N",576.93,0,0,0,0,0,0,0,"N",0,0.0,0,0,0,0,0,0,0,0,0,0,0,0,0,0
"46065","5","518210","78","0","2017","2","",4,14,15,15,188995,30910,148,991,"",2.20,0.60,0.63,0.62,0.38,0.59,0.47,0.61,"",-1,-20.0,-2,-12.5,-2,-11.8,6,66.7,-9934,-5.0,-9738,-24.0,-89,-37.6,-102,-9.3
"46073","5","518210","78","0","2017","2","N",1,0,0,0,0,0,0,0,"N",4.26,0,0,0,0,0,0,0,"N",0,0.0,0,0,0,0,0,0,0,0,0,0,0,0,0,0
"46079","5","518210","78","0","2017","2","N",2,0,0,0,0,0,0,0,"N",2.01,0,0,0,0,0,0,0,"N",0,0.0,0,0,0,0,0,0,0,0,0,0,0,0,0,0
"46081","5","518210","78","0","2017","2","",3,6,6,6,70203,39279,180,900,"",1.18,0.24,0.24,0.23,0.17,0.48,0.36,0.71,"N",2,200.0,0,0,0,0,0,0,0,0,0,0,0,0,0,0
"46083","5","518210","78","0","2017","2","",4,5,6,4,86032,21123,182,1324,"",0.97,0.11,0.13,0.08,0.08,0.13,0.12,0.75,"N",1,33.3,0,0,0,0,0,0,0,0,0,0,0,0,0,0
"46087","5","518210","78","0","2017","2","N",1,0,0,0,0,0,0,0,"N",2.06,0,0,0,0,0,0,0,"N",0,0.0,0,0,0,0,0,0,0,0,0,0,0,0,0,0
"46093","5","518210","78","0","2017","2","N",2,0,0,0,0,0,0,0,"N",1.16,0,0,0,0,0,0,0,"N",0,0.0,0,0,0,0,0,0,0,0,0,0,0,0,0,0
"46097","5","518210","78","0","2017","2","N",1,0,0,0,0,0,0,0,"N",4.55,0,0,0,0,0,0,0,"N",1,100.0,0,0,0,0,0,0,0,0,0,0,0,0,0,0
"46099","5","518210","78","0","2017","2","",30,34,38,38,769600,100365,1298,1615,"",1.96,0.12,0.14,0.14,0.12,0.13,0.23,0.92,"",-3,-9.1,2,6.2,5,15.2,4,11.8,159378,26.1,601,0.6,257,24.7,193,13.6
"46101","5","518210","78","0","2017","2","N",1,0,0,0,0,0,0,0,"N",2.27,0,0,0,0,0,0,0,"N",0,0.0,0,0,0,0,0,0,0,0,0,0,0,0,0,0
"46103","5","518210","78","0","2017","2","",14,37,35,34,472657,132202,1745,1029,"",1.47,0.30,0.28,0.26,0.19,0.33,0.64,0.67,"",-1,-6.7,-1,-2.6,-3,-7.9,-4,-10.5,-45448,-8.8,68,0.1,838,92.4,-20,-1.9
"46105","5","518210","78","0","2017","2","N",1,0,0,0,0,0,0,0,"N",3.10,0,0,0,0,0,0,0,"N",0,0.0,0,0,0,0,0,0,0,0,0,0,0,0,0,0
"46123","5","518210","78","0","2017","2","N",1,0,0,0,0,0,0,0,"N",1.77,0,0,0,0,0,0,0,"N",0,0.0,0,0,0,0,0,0,0,0,0,0,0,0,0,0
"46127","5","518210","78","0","2017","2","N",3,0,0,0,0,0,0,0,"N",1.96,0,0,0,0,0,0,0,"N",0,0.0,0,0,0,0,0,0,0,0,0,0,0,0,0,0
"46999","5","518210","78","0","2017","2","N",1,0,0,0,0,0,0,0,"N",0.91,0,0,0,0,0,0,0,"N",1,100.0,0,0,0,0,0,0,0,0,0,0,0,0,0,0
"47000","3","518210","58","0","2017","2","N",2,0,0,0,0,0,0,0,"N",1.25,0,0,0,0,0,0,0,"N",0,0.0,0,0,0,0,0,0,0,0,0,0,0,0,0,0
"47000","5","518210","58","0","2017","2","",489,5511,5579,5629,120744183,4527856,69556,1667,"",1.46,0.87,0.88,0.88,0.80,0.49,0.64,0.91,"",105,27.3,660,13.6,653,13.3,691,14.0,17107393,16.5,-457665,-9.2,2703,4.0,42,2.6
"47001","5","518210","78","0","2017","2","N",2,0,0,0,0,0,0,0,"N",0.57,0,0,0,0,0,0,0,"N",1,100.0,0,0,0,0,0,0,0,0,0,0,0,0,0,0
"47009","5","518210","78","0","2017","2","",7,10,10,10,647562,0,0,4981,"",1.36,0.10,0.10,0.10,0.28,0.00,0.00,2.86,"",0,0.0,3,42.9,2,25.0,1,11.1,-11717,-1.8,-7136,-100.0,-125,-100.0,-1358,-21.4
"47011","5","518210","78","0","2017","2","-",0,0,0,0,0,0,0,0,"N",0.00,0,0,0,0,0,0,0,"N",-1,-100.0,0,0,0,0,0,0,0,0,0,0,0,0,0,0
"47017","5","518210","78","0","2017","2","N",1,0,0,0,0,0,0,0,"N",1.03,0,0,0,0,0,0,0,"N",1,100.0,0,0,0,0,0,0,0,0,0,0,0,0,0,0
"47021","5","518210","78","0","2017","2","N",3,0,0,0,0,0,0,0,"N",2.13,0,0,0,0,0,0,0,"N",1,50.0,0,0,0,0,0,0,0,0,0,0,0,0,0,0
"47035","5","518210","78","0","2017","2","N",1,0,0,0,0,0,0,0,"N",0.42,0,0,0,0,0,0,0,"N",1,100.0,0,0,0,0,0,0,0,0,0,0,0,0,0,0
"47037","5","518210","78","0","2017","2","",112,2666,2679,2665,56686136,1944470,27884,1633,"",2.37,2.55,2.56,2.53,1.96,1.36,1.69,0.77,"",37,49.3,44,1.7,12,0.4,3,0.1,-87680,-0.2,-280691,-12.6,6306,29.2,-15,-0.9
"47041","5","518210","78","0","2017","2","N",2,0,0,0,0,0,0,0,"N",2.85,0,0,0,0,0,0,0,"N",1,100.0,0,0,0,0,0,0,0,0,0,0,0,0,0,0
"47043","5","518210","78","0","2017","2","N",1,0,0,0,0,0,0,0,"N",0.46,0,0,0,0,0,0,0,"N",1,100.0,0,0,0,0,0,0,0,0,0,0,0,0,0,0
"47051","5","518210","78","0","2017","2","-",0,0,0,0,0,0,0,0,"N",0.00,0,0,0,0,0,0,0,"N",-1,-100.0,0,0,0,0,0,0,0,0,0,0,0,0,0,0
"47053","5","518210","78","0","2017","2","N",1,0,0,0,0,0,0,0,"N",0.49,0,0,0,0,0,0,0,"N",0,0.0,0,0,0,0,0,0,0,0,0,0,0,0,0,0
"47055","5","518210","78","0","2017","2","N",1,0,0,0,0,0,0,0,"N",0.77,0,0,0,0,0,0,0,"N",1,100.0,0,0,0,0,0,0,0,0,0,0,0,0,0,0
"47063","5","518210","78","0","2017","2","N",1,0,0,0,0,0,0,0,"N",0.35,0,0,0,0,0,0,0,"N",1,100.0,0,0,0,0,0,0,0,0,0,0,0,0,0,0
"47065","5","518210","78","0","2017","2","",27,359,364,382,5614399,456472,5730,1173,"",1.33,0.83,0.84,0.87,0.55,0.73,0.90,0.65,"",10,58.8,11,3.2,16,4.6,35,10.1,857914,18.0,47726,11.7,521,10.0,121,11.5
"47085","5","518210","78","0","2017","2","N",2,0,0,0,0,0,0,0,"N",2.74,0,0,0,0,0,0,0,"N",1,100.0,0,0,0,0,0,0,0,0,0,0,0,0,0,0
"47087","5","518210","78","0","2017","2","N",2,0,0,0,0,0,0,0,"N",7.32,0,0,0,0,0,0,0,"N",1,100.0,0,0,0,0,0,0,0,0,0,0,0,0,0,0
"47089","5","518210","78","0","2017","2","N",1,0,0,0,0,0,0,0,"N",0.64,0,0,0,0,0,0,0,"N",1,100.0,0,0,0,0,0,0,0,0,0,0,0,0,0,0
"47093","5","518210","78","0","2017","2","",31,305,304,313,6404569,316930,5717,1603,"",1.20,0.59,0.59,0.61,0.54,0.43,0.73,0.91,"",10,47.6,-7,-2.2,-16,-5.0,-9,-2.8,-490881,-7.1,69399,28.0,3191,126.3,-65,-3.9
"47099","5","518210","78","0","2017","2","N",1,0,0,0,0,0,0,0,"N",0.63,0,0,0,0,0,0,0,"N",0,0.0,0,0,0,0,0,0,0,0,0,0,0,0,0,0
"47105","5","518210","78","0","2017","2","N",1,0,0,0,0,0,0,0,"N",0.48,0,0,0,0,0,0,0,"N",0,0.0,0,0,0,0,0,0,0,0,0,0,0,0,0,0
"47107","5","518210","78","0","2017","2","N",1,0,0,0,0,0,0,0,"N",0.52,0,0,0,0,0,0,0,"N",1,100.0,0,0,0,0,0,0,0,0,0,0,0,0,0,0
"47111","5","518210","78","0","2017","2","-",0,0,0,0,0,0,0,0,"N",0.00,0,0,0,0,0,0,0,"N",0,0,0,0,0,0,0,0,0,0,0,0,0,0,0,0
"47113","3","518210","78","0","2017","2","N",1,0,0,0,0,0,0,0,"N",40.00,0,0,0,0,0,0,0,"N",0,0.0,0,0,0,0,0,0,0,0,0,0,0,0,0,0
"47113","5","518210","78","0","2017","2","N",2,0,0,0,0,0,0,0,"N",0.38,0,0,0,0,0,0,0,"N",0,0.0,0,0,0,0,0,0,0,0,0,0,0,0,0,0
"47115","5","518210","78","0","2017","2","N",1,0,0,0,0,0,0,0,"N",1.01,0,0,0,0,0,0,0,"N",1,100.0,0,0,0,0,0,0,0,0,0,0,0,0,0,0
"47117","5","518210","78","0","2017","2","N",1,0,0,0,0,0,0,0,"N",0.88,0,0,0,0,0,0,0,"N",1,100.0,0,0,0,0,0,0,0,0,0,0,0,0,0,0
"47119","5","518210","78","0","2017","2","",5,23,21,21,503978,4733,33,1789,"",1.25,0.30,0.27,0.28,0.31,0.04,0.02,1.09,"N",0,0.0,0,0,0,0,0,0,0,0,0,0,0,0,0,0
"47123","5","518210","78","0","2017","2","N",1,0,0,0,0,0,0,0,"N",0.66,0,0,0,0,0,0,0,"N",0,0.0,0,0,0,0,0,0,0,0,0,0,0,0,0,0
"47125","5","518210","78","0","2017","2","",6,4,5,5,90180,15387,415,1486,"",0.93,0.03,0.04,0.04,0.04,0.09,0.22,1.06,"N",4,200.0,0,0,0,0,0,0,0,0,0,0,0,0,0,0
"47133","5","518210","78","0","2017","2","N",2,0,0,0,0,0,0,0,"N",2.77,0,0,0,0,0,0,0,"N",1,100.0,0,0,0,0,0,0,0,0,0,0,0,0,0,0
"47135","5","518210","78","0","2017","2","N",1,0,0,0,0,0,0,0,"N",3.69,0,0,0,0,0,0,0,"N",0,0.0,0,0,0,0,0,0,0,0,0,0,0,0,0,0
"47141","5","518210","78","0","2017","2","N",3,0,0,0,0,0,0,0,"N",0.73,0,0,0,0,0,0,0,"N",3,100.0,0,0,0,0,0,0,0,0,0,0,0,0,0,0
"47143","5","518210","78","0","2017","2","N",2,0,0,0,0,0,0,0,"N",1.92,0,0,0,0,0,0,0,"N",0,0.0,0,0,0,0,0,0,0,0,0,0,0,0,0,0
"47145","5","518210","78","0","2017","2","-",0,0,0,0,0,0,0,0,"N",0.00,0,0,0,0,0,0,0,"N",0,0.0,0,0,0,0,0,0,0,0,0,0,0,0,0,0
"47147","5","518210","78","0","2017","2","N",1,0,0,0,0,0,0,0,"N",0.40,0,0,0,0,0,0,0,"N",1,100.0,0,0,0,0,0,0,0,0,0,0,0,0,0,0
"47149","5","518210","78","0","2017","2","",17,102,108,100,1775546,76082,1256,1322,"",1.45,0.38,0.40,0.37,0.27,0.19,0.31,0.71,"",5,41.7,0,0.0,5,4.9,2,2.0,24225,1.4,-25191,-24.9,-145,-10.3,-12,-0.9
"47155","5","518210","78","0","2017","2","",6,21,21,20,609535,7488,242,2269,"",1.02,0.21,0.20,0.19,0.39,0.03,0.05,1.98,"",0,0.0,2,10.5,2,10.5,1,5.3,181414,42.4,-94083,-92.6,-3435,-93.4,536,30.9
"47157","5","518210","78","0","2017","2","",45,145,149,139,2888290,129541,3467,1539,"",1.04,0.14,0.14,0.13,0.10,0.09,0.22,0.76,"",4,9.8,-36,-19.9,-33,-18.1,-44,-24.0,149002,5.4,-232994,-64.3,-3483,-50.1,381,32.9
"47159","5","518210","78","0","2017","2","N",1,0,0,0,0,0,0,0,"N",1.47,0,0,0,0,0,0,0,"N",1,100.0,0,0,0,0,0,0,0,0,0,0,0,0,0,0
"47163","5","518210","78","0","2017","2","N",6,0,0,0,0,0,0,0,"N",0.83,0,0,0,0,0,0,0,"N",2,50.0,0,0,0,0,0,0,0,0,0,0,0,0,0,0
"47165","5","518210","78","0","2017","2","",11,116,114,115,3037414,34346,385,2032,"",1.43,1.00,0.98,0.98,1.22,0.19,0.19,1.23,"N",5,83.3,0,0,0,0,0,0,0,0,0,0,0,0,0,0
"47177","5","518210","78","0","2017","2","N",2,0,0,0,0,0,0,0,"N",1.17,0,0,0,0,0,0,0,"N",0,0.0,0,0,0,0,0,0,0,0,0,0,0,0,0,0
"47179","5","518210","78","0","2017","2","N",5,0,0,0,0,0,0,0,"N",0.80,0,0,0,0,0,0,0,"N",2,66.7,0,0,0,0,0,0,0,0,0,0,0,0,0,0
"47187","5","518210","78","0","2017","2","",66,955,971,993,22899886,612481,8892,1810,"",3.61,3.44,3.48,3.51,2.78,1.49,2.06,0.80,"",11,20.0,447,88.0,460,90.0,474,91.3,11526120,101.3,123679,25.3,361,4.2,103,6.0
"47189","5","518210","78","0","2017","2","",6,32,33,33,379135,34162,260,893,"",1.02,0.35,0.36,0.36,0.20,0.22,0.15,0.57,"N",2,50.0,0,0,0,0,0,0,0,0,0,0,0,0,0,0
"47999","3","518210","78","0","2017","2","N",1,0,0,0,0,0,0,0,"N",9.10,0,0,0,0,0,0,0,"N",0,0.0,0,0,0,0,0,0,0,0,0,0,0,0,0,0
"47999","5","518210","78","0","2017","2","",101,465,482,523,12611644,457518,7451,1980,"",4.39,3.69,3.81,4.05,2.96,1.77,1.80,0.77,"",-3,-2.9,85,22.4,97,25.2,127,32.1,478456,3.9,-85249,-15.7,-3319,-30.8,-432,-17.9
"48000","5","518210","58","0","2017","2","",1212,32594,32366,32444,822831966,27990764,1042998,1949,"",0.84,1.25,1.24,1.24,1.17,0.64,1.12,0.94,"",90,8.0,-37,-0.1,-156,-0.5,-240,-0.7,18412519,2.3,-1781483,-6.0,70948,7.3,52,2.7
"48001","5","518210","78","0","2017","2","",14,20,20,20,525581,20391,104,2021,"",4.09,0.46,0.46,0.46,0.58,0.25,0.07,1.26,"",1,7.7,-10,-33.3,-8,-28.6,-3,-13.0,-101380,-16.2,-59634,-74.5,-2201,-95.5,235,13.2
"48003","5","518210","78","0","2017","2","N",1,0,0,0,0,0,0,0,"N",0.97,0,0,0,0,0,0,0,"N",1,100.0,0,0,0,0,0,0,0,0,0,0,0,0,0,0
"48013","5","518210","78","0","2017","2","N",1,0,0,0,0,0,0,0,"N",0.53,0,0,0,0,0,0,0,"N",0,0.0,0,0,0,0,0,0,0,0,0,0,0,0,0,0
"48015","5","518210","78","0","2017","2","N",3,0,0,0,0,0,0,0,"N",1.34,0,0,0,0,0,0,0,"N",0,0.0,0,0,0,0,0,0,0,0,0,0,0,0,0,0
"48019","5","518210","78","0","2017","2","N",2,0,0,0,0,0,0,0,"N",1.97,0,0,0,0,0,0,0,"N",0,0.0,0,0,0,0,0,0,0,0,0,0,0,0,0,0
"48021","5","518210","78","0","2017","2","N",2,0,0,0,0,0,0,0,"N",0.66,0,0,0,0,0,0,0,"N",-2,-50.0,0,0,0,0,0,0,0,0,0,0,0,0,0,0
"48023","5","518210","78","0","2017","2","N",1,0,0,0,0,0,0,0,"N",2.62,0,0,0,0,0,0,0,"N",1,100.0,0,0,0,0,0,0,0,0,0,0,0,0,0,0
"48027","5","518210","78","0","2017","2","",5,52,53,59,1503416,42857,1969,2116,"",0.43,0.20,0.21,0.23,0.26,0.12,0.29,1.20,"",1,25.0,8,18.2,9,20.5,16,37.2,424216,39.3,23029,116.1,840,74.4,215,11.3
"48029","5","518210","78","0","2017","2","",58,6635,6502,6449,124019384,2800347,103643,1461,"",0.66,3.58,3.51,3.48,2.80,0.90,1.85,0.79,"",0,0.0,-330,-4.7,-319,-4.7,-336,-5.0,-25313680,-17.0,-1466935,-34.4,-14745,-12.5,-214,-12.8
"48039","5","518210","78","0","2017","2","",3,12,12,12,147978,11677,291,949,"",0.24,0.05,0.05,0.05,0.02,0.03,0.03,0.46,"N",0,0.0,0,0,0,0,0,0,0,0,0,0,0,0,0,0
"48041","5","518210","78","0","2017","2","N",6,0,0,0,0,0,0,0,"N",0.62,0,0,0,0,0,0,0,"N",2,50.0,0,0,0,0,0,0,0,0,0,0,0,0,0,0
"48047","5","518210","78","0","2017","2","N",1,0,0,0,0,0,0,0,"N",2.85,0,0,0,0,0,0,0,"N",0,0.0,0,0,0,0,0,0,0,0,0,0,0,0,0,0
"48051","5","518210","78","0","2017","2","N",1,0,0,0,0,0,0,0,"N",1.12,0,0,0,0,0,0,0,"N",0,0.0,0,0,0,0,0,0,0,0,0,0,0,0,0,0
"48057","5","518210","78","0","2017","2","N",2,0,0,0,0,0,0,0,"N",1.57,0,0,0,0,0,0,0,"N",1,100.0,0,0,0,0,0,0,0,0,0,0,0,0,0,0
"48061","5","518210","78","0","2017","2","N",1,0,0,0,0,0,0,0,"N",0.07,0,0,0,0,0,0,0,"N",0,0.0,0,0,0,0,0,0,0,0,0,0,0,0,0,0
"48081","5","518210","78","0","2017","2","N",1,0,0,0,0,0,0,0,"N",4.88,0,0,0,0,0,0,0,"N",0,0.0,0,0,0,0,0,0,0,0,0,0,0,0,0,0
"48085","5","518210","78","0","2017","2","",106,5922,5802,5751,193530764,2965480,153739,2556,"",2.02,6.89,6.75,6.62,7.34,2.05,5.19,1.09,"",23,27.7,-252,-4.1,-257,-4.2,-313,-5.2,12443312,6.9,164234,5.9,17458,12.8,272,11.9
"48089","5","518210","78","0","2017","2","-",0,0,0,0,0,0,0,0,"N",0.00,0,0,0,0,0,0,0,"N",-1,-100.0,0,0,0,0,0,0,0,0,0,0,0,0,0,0
"48091","5","518210","78","0","2017","2","N",2,0,0,0,0,0,0,0,"N",0.26,0,0,0,0,0,0,0,"N",-1,-33.3,0,0,0,0,0,0,0,0,0,0,0,0,0,0
"48097","5","518210","78","0","2017","2","N",1,0,0,0,0,0,0,0,"N",0.48,0,0,0,0,0,0,0,"N",0,0.0,0,0,0,0,0,0,0,0,0,0,0,0,0,0
"48099","5","518210","78","0","2017","2","",4,14,15,17,372773,9000,53,1870,"",1.47,0.37,0.40,0.45,0.48,0.15,0.05,1.19,"",1,33.3,1,7.7,2,15.4,4,30.8,58384,18.6,0,0.0,-190,-78.2,10,0.5
"48113","5","518210","78","0","2017","2","",175,5671,5633,5731,146180900,4046841,189608,1980,"",1.07,1.56,1.55,1.56,1.26,0.67,1.42,0.81,"",-7,-3.8,-420,-6.9,-470,-7.7,-430,-7.0,-16238328,-10.0,-848083,-17.3,-24341,-11.4,-62,-3.0
"48121","5","518210","78","0","2017","2","",35,756,761,742,20500699,1118842,40206,2094,"",1.11,1.46,1.47,1.42,1.62,1.23,2.34,1.12,"",7,25.0,222,41.6,215,39.4,189,34.2,7728028,60.5,351140,45.7,14522,56.5,289,16.0
"48135","5","518210","78","0","2017","2","N",2,0,0,0,0,0,0,0,"N",0.24,0,0,0,0,0,0,0,"N",0,0.0,0,0,0,0,0,0,0,0,0,0,0,0,0,0
"48139","5","518210","78","0","2017","2","N",3,0,0,0,0,0,0,0,"N",0.48,0,0,0,0,0,0,0,"N",1,50.0,0,0,0,0,0,0,0,0,0,0,0,0,0,0
"48141","5","518210","78","0","2017","2","",15,1037,1029,1019,10281295,1987238,77286,769,"",0.47,1.58,1.57,1.56,0.84,1.70,3.34,0.53,"",-2,-11.8,-127,-10.9,-144,-12.3,-131,-11.4,-347784,-3.3,-252306,-11.3,-5222,-6.3,66,9.4
"48145","5","518210","78","0","2017","2","N",2,0,0,0,0,0,0,0,"N",3.33,0,0,0,0,0,0,0,"N",1,100.0,0,0,0,0,0,0,0,0,0,0,0,0,0,0
"48157","5","518210","78","0","2017","2","",20,206,208,204,6526655,477566,17947,2437,"",0.71,0.54,0.54,0.52,0.69,0.69,1.43,1.29,"",6,42.9,92,80.7,92,79.3,93,83.8,3685855,129.7,313776,191.6,14881,485.4,515,26.8
"48163","5","518210","78","0","2017","2","N",1,0,0,0,0,0,0,0,"N",1.12,0,0,0,0,0,0,0,"N",0,0.0,0,0,0,0,0,0,0,0,0,0,0,0,0,0
"48167","5","518210","78","0","2017","2","N",9,0,0,0,0,0,0,0,"N",0.68,0,0,0,0,0,0,0,"N",1,12.5,0,0,0,0,0,0,0,0,0,0,0,0,0,0
"48181","5","518210","78","0","2017","2","N",1,0,0,0,0,0,0,0,"N",0.15,0,0,0,0,0,0,0,"N",0,0.0,0,0,0,0,0,0,0,0,0,0,0,0,0,0
"48185","5","518210","78","0","2017","2","N",1,0,0,0,0,0,0,0,"N",0.95,0,0,0,0,0,0,0,"N",0,0.0,0,0,0,0,0,0,0,0,0,0,0,0,0,0
"48187","5","518210","78","0","2017","2","N",2,0,0,0,0,0,0,0,"N",0.44,0,0,0,0,0,0,0,"N",0,0.0,0,0,0,0,0,0,0,0,0,0,0,0,0,0
"48199","5","518210","78","0","2017","2","N",1,0,0,0,0,0,0,0,"N",0.54,0,0,0,0,0,0,0,"N",0,0.0,0,0,0,0,0,0,0,0,0,0,0,0,0,0
"48201","5","518210","78","0","2017","2","",163,3206,3228,3169,64291262,3331121,144126,1545,"",0.67,0.65,0.65,0.64,0.40,0.42,0.72,0.62,"",6,3.8,-51,-1.6,-94,-2.8,-210,-6.2,-560664,-0.9,-436922,-11.6,29253,25.5,42,2.8
"48203","5","518210","78","0","2017","2","N",1,0,0,0,0,0,0,0,"N",0.34,0,0,0,0,0,0,0,"N",-1,-50.0,0,0,0,0,0,0,0,0,0,0,0,0,0,0
"48209","5","518210","78","0","2017","2","",5,31,31,25,235681,45829,529,625,"",0.56,0.21,0.21,0.17,0.08,0.19,0.14,0.42,"",1,25.0,1,3.3,1,3.3,-6,-19.4,-34790,-12.9,-13706,-23.0,-23,-4.2,-61,-8.9
"48215","5","518210","78","0","2017","2","",4,60,59,55,555453,154113,5731,737,"",0.15,0.11,0.11,0.10,0.06,0.15,0.30,0.58,"",-1,-20.0,13,27.7,12,25.5,3,5.8,125536,29.2,39189,34.1,1096,23.6,57,8.4
"48217","5","518210","78","0","2017","2","N",1,0,0,0,0,0,0,0,"N",0.62,0,0,0,0,0,0,0,"N",0,0.0,0,0,0,0,0,0,0,0,0,0,0,0,0,0
"48221","5","518210","78","0","2017","2","N",1,0,0,0,0,0,0,0,"N",0.33,0,0,0,0,0,0,0,"N",0,0.0,0,0,0,0,0,0,0,0,0,0,0,0,0,0
"48225","5","518210","78","0","2017","2","N",1,0,0,0,0,0,0,0,"N",0.59,0,0,0,0,0,0,0,"N",0,0.0,0,0,0,0,0,0,0,0,0,0,0,0,0,0
"48227","5","518210","78","0","2017","2","-",0,0,0,0,0,0,0,0,"N",0.00,0,0,0,0,0,0,0,"N",0,0,0,0,0,0,0,0,0,0,0,0,0,0,0,0
"48231","5","518210","78","0","2017","2","N",1,0,0,0,0,0,0,0,"N",0.32,0,0,0,0,0,0,0,"N",0,0.0,0,0,0,0,0,0,0,0,0,0,0,0,0,0
"48243","5","518210","78","0","2017","2","N",1,0,0,0,0,0,0,0,"N",5.44,0,0,0,0,0,0,0,"N",1,100.0,0,0,0,0,0,0,0,0,0,0,0,0,0,0
"48245","5","518210","78","0","2017","2","N",4,0,0,0,0,0,0,0,"N",0.32,0,0,0,0,0,0,0,"N",-2,-33.3,0,0,0,0,0,0,0,0,0,0,0,0,0,0
"48251","5","518210","78","0","2017","2","N",2,0,0,0,0,0,0,0,"N",0.30,0,0,0,0,0,0,0,"N",1,100.0,0,0,0,0,0,0,0,0,0,0,0,0,0,0
"48265","5","518210","78","0","2017","2","N",1,0,0,0,0,0,0,0,"N",0.32,0,0,0,0,0,0,0,"N",0,0.0,0,0,0,0,0,0,0,0,0,0,0,0,0,0
"48285","5","518210","78","0","2017","2","N",1,0,0,0,0,0,0,0,"N",0.91,0,0,0,0,0,0,0,"N",0,0.0,0,0,0,0,0,0,0,0,0,0,0,0,0,0
"48303","5","518210","78","0","2017","2","N",5,0,0,0,0,0,0,0,"N",0.31,0,0,0,0,0,0,0,"N",1,25.0,0,0,0,0,0,0,0,0,0,0,0,0,0,0
"48309","5","518210","78","0","2017","2","",8,64,62,63,1625455,98572,2397,1985,"",0.71,0.26,0.25,0.26,0.31,0.26,0.37,1.19,"",1,14.3,-4,-5.9,-4,-6.1,-4,-6.0,73369,4.7,-22056,-18.3,865,56.5,203,11.4
"48321","5","518210","78","0","2017","2","N",1,0,0,0,0,0,0,0,"N",0.55,0,0,0,0,0,0,0,"N",0,0.0,0,0,0,0,0,0,0,0,0,0,0,0,0,0
"48329","5","518210","78","0","2017","2","N",2,0,0,0,0,0,0,0,"N",0.17,0,0,0,0,0,0,0,"N",0,0.0,0,0,0,0,0,0,0,0,0,0,0,0,0,0
"48339","5","518210","78","0","2017","2","",13,98,98,104,1570069,125013,4113,1208,"",0.54,0.26,0.26,0.27,0.16,0.18,0.28,0.60,"",1,8.3,-1,-1.0,-21,-17.6,1,1.0,-300082,-16.0,-5332,-4.1,1973,92.2,-136,-10.1
"48347","5","518210","78","0","2017","2","N",1,0,0,0,0,0,0,0,"N",0.34,0,0,0,0,0,0,0,"N",0,0.0,0,0,0,0,0,0,0,0,0,0,0,0,0,0
"48353","5","518210","78","0","2017","2","-",0,0,0,0,0,0,0,0,"N",0.00,0,0,0,0,0,0,0,"N",-1,-100.0,0,0,0,0,0,0,0,0,0,0,0,0,0,0
"48355","5","518210","78","0","2017","2","",5,43,42,42,516902,57041,725,939,"",0.28,0.12,0.12,0.12,0.06,0.09,0.05,0.54,"",1,25.0,6,16.2,2,5.0,3,7.7,32593,6.7,10613,22.9,403,125.2,-24,-2.5
"48361","5","518210","78","0","2017","2","N",1,0,0,0,0,0,0,0,"N",0.33,0,0,0,0,0,0,0,"N",0,0.0,0,0,0,0,0,0,0,0,0,0,0,0,0,0
"48367","5","518210","78","0","2017","2","N",4,0,0,0,0,0,0,0,"N",0.70,0,0,0,0,0,0,0,"N",0,0.0,0,0,0,0,0,0,0,0,0,0,0,0,0,0
"48375","5","518210","78","0","2017","2","N",8,0,0,0,0,0,0,0,"N",0.94,0,0,0,0,0,0,0,"N",-1,-11.1,0,0,0,0,0,0,0,0,0,0,0,0,0,0
"48397","5","518210","78","0","2017","2","",4,13,10,10,231776,18580,296,1621,"",0.77,0.20,0.16,0.15,0.18,0.16,0.17,1.03,"N",3,300.0,0,0,0,0,0,0,0,0,0,0,0,0,0,0
"48401","5","518210","78","0","2017","2","N",1,0,0,0,0,0,0,0,"N",0.54,0,0,0,0,0,0,0,"N",1,100.0,0,0,0,0,0,0,0,0,0,0,0,0,0,0
"48423","5","518210","78","0","2017","2","",7,15,13,13,114907,29633,280,647,"",0.53,0.07,0.06,0.06,0.02,0.08,0.04,0.39,"",2,40.0,4,36.4,2,18.2,2,18.2,-5785,-4.8,1243,4.4,154,122.2,-197,-23.3
"48425","5","518210","78","0","2017","2","-",0,0,0,0,0,0,0,0,"N",0.00,0,0,0,0,0,0,0,"N",0,0,0,0,0,0,0,0,0,0,0,0,0,0,0,0
"48427","5","518210","78","0","2017","2","N",1,0,0,0,0,0,0,0,"N",0.78,0,0,0,0,0,0,0,"N",1,100.0,0,0,0,0,0,0,0,0,0,0,0,0,0,0
"48439","5","518210","78","0","2017","2","",70,1283,1296,1311,27146143,916706,30183,1610,"",0.76,0.68,0.69,0.69,0.54,0.30,0.51,0.79,"",9,14.8,-240,-15.8,-190,-12.8,-148,-10.1,-4173005,-13.3,-321721,-26.0,-6950,-18.7,-8,-0.5
"48441","5","518210","78","0","2017","2","",4,64,65,65,1169016,40659,361,1391,"",0.51,0.48,0.49,0.49,0.44,0.19,0.10,0.90,"",0,0.0,-1,-1.5,-1,-1.5,-3,-4.4,64623,5.9,-31955,-44.0,-49,-12.0,110,8.6
"48451","5","518210","78","0","2017","2","N",2,0,0,0,0,0,0,0,"N",0.32,0,0,0,0,0,0,0,"N",0,0.0,0,0,0,0,0,0,0,0,0,0,0,0,0,0
"48453","5","518210","78","0","2017","2","",146,4875,4944,5092,149343920,6161418,176666,2311,"",1.69,3.10,3.14,3.21,3.06,2.57,3.68,0.97,"",8,5.8,717,17.2,758,18.1,805,18.8,26899307,22.0,837547,15.7,44360,33.5,74,3.3
"48465","5","518210","78","0","2017","2","N",1,0,0,0,0,0,0,0,"N",0.52,0,0,0,0,0,0,0,"N",0,0.0,0,0,0,0,0,0,0,0,0,0,0,0,0,0
"48467","5","518210","78","0","2017","2","N",2,0,0,0,0,0,0,0,"N",0.96,0,0,0,0,0,0,0,"N",1,100.0,0,0,0,0,0,0,0,0,0,0,0,0,0,0
"48469","5","518210","78","0","2017","2","N",1,0,0,0,0,0,0,0,"N",0.19,0,0,0,0,0,0,0,"N",0,0.0,0,0,0,0,0,0,0,0,0,0,0,0,0,0
"48473","5","518210","78","0","2017","2","N",1,0,0,0,0,0,0,0,"N",0.55,0,0,0,0,0,0,0,"N",0,0.0,0,0,0,0,0,0,0,0,0,0,0,0,0,0
"48479","5","518210","78","0","2017","2","N",1,0,0,0,0,0,0,0,"N",0.09,0,0,0,0,0,0,0,"N",0,0.0,0,0,0,0,0,0,0,0,0,0,0,0,0,0
"48481","5","518210","78","0","2017","2","N",1,0,0,0,0,0,0,0,"N",0.40,0,0,0,0,0,0,0,"N",0,0.0,0,0,0,0,0,0,0,0,0,0,0,0,0,0
"48485","5","518210","78","0","2017","2","N",3,0,0,0,0,0,0,0,"N",0.43,0,0,0,0,0,0,0,"N",0,0.0,0,0,0,0,0,0,0,0,0,0,0,0,0,0
"48489","5","518210","78","0","2017","2","N",1,0,0,0,0,0,0,0,"N",1.48,0,0,0,0,0,0,0,"N",1,100.0,0,0,0,0,0,0,0,0,0,0,0,0,0,0
"48491","5","518210","78","0","2017","2","",24,237,220,242,3797279,487550,20990,1254,"",1.06,0.67,0.62,0.67,0.41,0.82,2.03,0.63,"",2,9.1,-6,-2.5,-37,-14.4,-5,-2.0,-578353,-13.2,54405,12.6,3602,20.7,-98,-7.2
"48999","5","518210","78","0","2017","2","",226,1806,1798,1793,61710698,2316391,60657,2639,"",3.49,3.11,3.09,3.07,2.66,2.01,1.54,0.86,"",23,11.3,289,19.1,254,16.5,199,12.5,13541288,28.1,-197480,-7.9,-3110,-4.9,251,10.5
"49000","2","518210","58","0","2017","2","N",1,0,0,0,0,0,0,0,"N",5.00,0,0,0,0,0,0,0,"N",1,100.0,0,0,0,0,0,0,0,0,0,0,0,0,0,0
"49000","5","518210","58","0","2017","2","",288,5808,5784,5750,89633496,47483833,218727,1193,"",1.37,1.88,1.87,1.84,1.28,2.41,1.89,0.69,"",3,1.1,352,6.5,268,4.9,175,3.1,8811557,10.9,2324895,5.1,-46491,-17.5,66,5.9
"49005","5","518210","78","0","2017","2","",8,117,123,115,1972583,895687,5957,1282,"",1.04,0.99,1.04,0.97,0.93,1.37,1.89,0.93,"N",1,14.3,0,0,0,0,0,0,0,0,0,0,0,0,0,0
"49011","5","518210","78","0","2017","2","N",12,0,0,0,0,0,0,0,"N",0.68,0,0,0,0,0,0,0,"N",-4,-25.0,0,0,0,0,0,0,0,0,0,0,0,0,0,0
"49015","5","518210","78","0","2017","2","N",1,0,0,0,0,0,0,0,"N",1.97,0,0,0,0,0,0,0,"N",0,0.0,0,0,0,0,0,0,0,0,0,0,0,0,0,0
"49017","2","518210","78","0","2017","2","N",1,0,0,0,0,0,0,0,"N",1977.38,0,0,0,0,0,0,0,"N",1,100.0,0,0,0,0,0,0,0,0,0,0,0,0,0,0
"49017","5","518210","78","0","2017","2","-",0,0,0,0,0,0,0,0,"N",0.00,0,0,0,0,0,0,0,"N",0,0,0,0,0,0,0,0,0,0,0,0,0,0,0,0
"49035","5","518210","78","0","2017","2","",182,3008,2993,3125,46819450,23728872,130740,1184,"",1.94,2.04,2.02,2.10,1.25,2.35,2.20,0.61,"",4,2.2,212,7.6,163,5.8,267,9.3,4578236,10.8,2189975,10.2,-13534,-9.4,35,3.0
"49037","5","518210","78","0","2017","2","N",1,0,0,0,0,0,0,0,"N",1.44,0,0,0,0,0,0,0,"N",0,0.0,0,0,0,0,0,0,0,0,0,0,0,0,0,0
"49043","5","518210","78","0","2017","2","",8,43,43,41,818946,389169,3692,1488,"",1.32,0.75,0.83,0.74,0.70,1.06,1.34,0.91,"",2,33.3,2,4.9,0,0.0,-3,-6.8,-40674,-4.7,-49374,-11.3,1323,55.8,-62,-4.0
"49049","5","518210","78","0","2017","2","",58,2415,2401,2245,35490559,20505453,68967,1160,"",1.73,4.87,4.83,4.48,3.34,6.66,4.48,0.71,"",-2,-3.3,147,6.5,116,5.1,-61,-2.6,2675888,8.2,416406,2.1,-31592,-31.4,56,5.1
"49051","5","518210","78","0","2017","2","N",1,0,0,0,0,0,0,0,"N",0.44,0,0,0,0,0,0,0,"N",0,0.0,0,0,0,0,0,0,0,0,0,0,0,0,0,0
"49053","5","518210","78","0","2017","2","",9,121,123,124,1844851,1094184,5268,1157,"",0.75,0.89,0.90,0.92,0.79,1.39,1.24,0.88,"",-1,-10.0,-42,-25.8,-44,-26.3,-57,-31.5,-402532,-17.9,-329235,-23.1,-1651,-23.9,142,14.0
"49055","5","518210","78","0","2017","2","N",1,0,0,0,0,0,0,0,"N",3.60,0,0,0,0,0,0,0,"N",0,0.0,0,0,0,0,0,0,0,0,0,0,0,0,0,0
"49057","5","518210","78","0","2017","2","N",7,0,0,0,0,0,0,0,"N",0.55,0,0,0,0,0,0,0,"N",3,75.0,0,0,0,0,0,0,0,0,0,0,0,0,0,0
"50000","5","518210","58","0","2017","2","",43,228,232,231,4312360,910617,38712,1440,"",0.79,0.34,0.35,0.34,0.28,0.41,0.48,0.82,"",3,7.5,2,0.9,5,2.2,5,2.2,143348,3.4,26256,3.0,7555,24.2,23,1.6
"50001","5","518210","78","0","2017","2","",4,5,5,5,126579,3758,37,1947,"",1.31,0.16,0.15,0.15,0.17,0.03,0.01,1.11,"N",0,0.0,0,0,0,0,0,0,0,0,0,0,0,0,0,0
"50003","5","518210","78","0","2017","2","N",4,0,0,0,0,0,0,0,"N",1.20,0,0,0,0,0,0,0,"N",3,300.0,0,0,0,0,0,0,0,0,0,0,0,0,0,0
"50007","5","518210","78","0","2017","2","",11,121,125,122,1951316,549257,21971,1224,"",0.75,0.55,0.56,0.54,0.34,0.77,0.91,0.62,"",0,0.0,0,0.0,7,5.9,3,2.5,291434,17.6,31354,6.1,3811,21.0,154,14.4
"50011","5","518210","78","0","2017","2","",3,11,11,12,294485,21537,1464,1999,"",1.11,0.28,0.28,0.31,0.33,0.16,0.33,1.15,"",-1,-25.0,-1,-8.3,-1,-8.3,0,0.0,-12196,-4.0,4851,29.1,263,21.9,33,1.7
"50015","5","518210","78","0","2017","2","N",1,0,0,0,0,0,0,0,"N",0.41,0,0,0,0,0,0,0,"N",-1,-50.0,0,0,0,0,0,0,0,0,0,0,0,0,0,0
"50017","5","518210","78","0","2017","2","-",0,0,0,0,0,0,0,0,"N",0.00,0,0,0,0,0,0,0,"N",-1,-100.0,0,0,0,0,0,0,0,0,0,0,0,0,0,0
"50019","5","518210","78","0","2017","2","",3,3,3,3,6286,6286,70,161,"",1.49,0.13,0.13,0.12,0.01,0.07,0.02,0.12,"N",0,0.0,0,0,0,0,0,0,0,0,0,0,0,0,0,0
"50021","5","518210","78","0","2017","2","",7,7,7,7,81488,14928,368,895,"",1.37,0.12,0.12,0.12,0.07,0.07,0.05,0.54,"",1,16.7,-1,-12.5,-1,-12.5,-1,-12.5,-10277,-11.2,-8446,-36.1,-222,-37.6,13,1.5
"50023","5","518210","78","0","2017","2","",3,4,4,5,76417,9113,117,1357,"",0.54,0.06,0.06,0.07,0.04,0.04,0.01,0.72,"",0,0.0,-2,-33.3,-2,-33.3,-1,-16.7,945,1.3,-11909,-56.7,-155,-57.0,389,40.2
"50025","5","518210","78","0","2017","2","N",4,0,0,0,0,0,0,0,"N",0.96,0,0,0,0,0,0,0,"N",2,100.0,0,0,0,0,0,0,0,0,0,0,0,0,0,0
"50027","5","518210","78","0","2017","2","N",1,0,0,0,0,0,0,0,"N",0.20,0,0,0,0,0,0,0,"N",0,0.0,0,0,0,0,0,0,0,0,0,0,0,0,0,0
"50999","5","518210","78","0","2017","2","N",2,0,0,0,0,0,0,0,"N",1.24,0,0,0,0,0,0,0,"N",0,0.0,0,0,0,0,0,0,0,0,0,0,0,0,0,0
"51000","2","518210","58","0","2017","2","N",9,0,0,0,0,0,0,0,"N",16.39,0,0,0,0,0,0,0,"N",-1,-10.0,0,0,0,0,0,0,0,0,0,0,0,0,0,0
"51000","3","518210","58","0","2017","2","N",3,0,0,0,0,0,0,0,"N",1.09,0,0,0,0,0,0,0,"N",0,0.0,0,0,0,0,0,0,0,0,0,0,0,0,0,0
"51000","5","518210","58","0","2017","2","",692,11216,11209,11221,315937133,8923405,203395,2167,"",1.20,1.35,1.34,1.33,1.38,0.81,1.33,1.03,"",5,0.7,73,0.7,110,1.0,65,0.6,16093712,5.4,-184357,-2.0,-37323,-15.5,95,4.6
"51003","5","518210","78","0","2017","2","",4,87,88,88,2113736,13429,414,1855,"",0.51,0.69,0.70,0.71,0.68,0.10,0.29,0.97,"",-1,-20.0,2,2.4,3,3.5,2,2.3,374855,21.6,-38005,-73.9,-300,-42.0,287,18.3
"51009","5","518210","78","0","2017","2","N",1,0,0,0,0,0,0,0,"N",0.62,0,0,0,0,0,0,0,"N",0,0.0,0,0,0,0,0,0,0,0,0,0,0,0,0,0
"51011","2","518210","78","0","2017","2","N",1,0,0,0,0,0,0,0,"N",1009.03,0,0,0,0,0,0,0,"N",0,0.0,0,0,0,0,0,0,0,0,0,0,0,0,0,0
"51013","3","518210","78","0","2017","2","N",2,0,0,0,0,0,0,0,"N",21.26,0,0,0,0,0,0,0,"N",0,0.0,0,0,0,0,0,0,0,0,0,0,0,0,0,0
"51013","5","518210","78","0","2017","2","",37,637,629,646,20910185,801019,12249,2524,"",1.88,1.66,1.64,1.66,1.29,2.09,2.24,0.78,"",-4,-9.8,23,3.7,-29,-4.4,-1,-0.2,-1294981,-5.8,174084,27.8,-583,-4.5,-146,-5.5
"51015","5","518210","78","0","2017","2","N",2,0,0,0,0,0,0,0,"N",0.52,0,0,0,0,0,0,0,"N",-1,-33.3,0,0,0,0,0,0,0,0,0,0,0,0,0,0
"51017","5","518210","78","0","2017","2","N",1,0,0,0,0,0,0,0,"N",2.10,0,0,0,0,0,0,0,"N",1,100.0,0,0,0,0,0,0,0,0,0,0,0,0,0,0
"51019","5","518210","78","0","2017","2","N",5,0,0,0,0,0,0,0,"N",1.07,0,0,0,0,0,0,0,"N",-1,-16.7,0,0,0,0,0,0,0,0,0,0,0,0,0,0
"51023","5","518210","78","0","2017","2","N",2,0,0,0,0,0,0,0,"N",1.09,0,0,0,0,0,0,0,"N",0,0.0,0,0,0,0,0,0,0,0,0,0,0,0,0,0
"51031","5","518210","78","0","2017","2","-",0,0,0,0,0,0,0,0,"N",0.00,0,0,0,0,0,0,0,"N",0,0,0,0,0,0,0,0,0,0,0,0,0,0,0,0
"51041","2","518210","78","0","2017","2","N",1,0,0,0,0,0,0,0,"N",54.67,0,0,0,0,0,0,0,"N",0,0.0,0,0,0,0,0,0,0,0,0,0,0,0,0,0
"51041","5","518210","78","0","2017","2","",15,217,213,211,2360829,170704,5860,850,"",0.78,0.74,0.73,0.71,0.36,0.41,1.07,0.49,"",0,0.0,19,9.6,20,10.4,23,12.2,-52943,-2.2,-25907,-13.2,965,19.7,-112,-11.6
"51047","5","518210","78","0","2017","2","N",3,0,0,0,0,0,0,0,"N",0.98,0,0,0,0,0,0,0,"N",-1,-25.0,0,0,0,0,0,0,0,0,0,0,0,0,0,0
"51059","5","518210","78","0","2017","2","",185,4501,4497,4487,157944557,3401101,78500,2703,"",2.33,3.46,3.45,3.38,2.99,2.20,3.59,0.87,"",-22,-10.6,-114,-2.5,-55,-1.2,-87,-1.9,10519113,7.1,-161161,-4.5,-18260,-18.9,227,9.2
"51061","5","518210","78","0","2017","2","N",2,0,0,0,0,0,0,0,"N",0.38,0,0,0,0,0,0,0,"N",1,100.0,0,0,0,0,0,0,0,0,0,0,0,0,0,0
"51065","5","518210","78","0","2017","2","N",1,0,0,0,0,0,0,0,"N",0.84,0,0,0,0,0,0,0,"N",0,0.0,0,0,0,0,0,0,0,0,0,0,0,0,0,0
"51069","5","518210","78","0","2017","2","N",4,0,0,0,0,0,0,0,"N",0.97,0,0,0,0,0,0,0,"N",0,0.0,0,0,0,0,0,0,0,0,0,0,0,0,0,0
"51071","5","518210","78","0","2017","2","N",1,0,0,0,0,0,0,0,"N",1.25,0,0,0,0,0,0,0,"N",0,0.0,0,0,0,0,0,0,0,0,0,0,0,0,0,0
"51075","5","518210","78","0","2017","2","N",3,0,0,0,0,0,0,0,"N",1.69,0,0,0,0,0,0,0,"N",1,50.0,0,0,0,0,0,0,0,0,0,0,0,0,0,0
"51079","5","518210","78","0","2017","2","N",1,0,0,0,0,0,0,0,"N",0.94,0,0,0,0,0,0,0,"N",0,0.0,0,0,0,0,0,0,0,0,0,0,0,0,0,0
"51083","2","518210","78","0","2017","2","N",1,0,0,0,0,0,0,0,"N",472.44,0,0,0,0,0,0,0,"N",1,100.0,0,0,0,0,0,0,0,0,0,0,0,0,0,0
"51083","5","518210","78","0","2017","2","N",1,0,0,0,0,0,0,0,"N",0.45,0,0,0,0,0,0,0,"N",0,0.0,0,0,0,0,0,0,0,0,0,0,0,0,0,0
"51085","5","518210","78","0","2017","2","",9,34,35,32,390079,33427,724,891,"",1.12,0.30,0.31,0.28,0.17,0.19,0.34,0.56,"",0,0.0,-2,-5.6,2,6.1,1,3.2,-16373,-4.0,-1417,-4.1,253,53.7,-47,-5.0
"51087","5","518210","78","0","2017","2","",23,90,93,98,2082765,55791,935,1710,"",0.93,0.22,0.22,0.23,0.20,0.10,0.11,0.88,"",-4,-14.8,-40,-30.8,-37,-28.5,-33,-25.2,-646505,-23.7,7019,14.4,181,24.0,99,6.1
"51089","5","518210","78","0","2017","2","N",1,0,0,0,0,0,0,0,"N",0.28,0,0,0,0,0,0,0,"N",0,0.0,0,0,0,0,0,0,0,0,0,0,0,0,0,0
"51093","2","518210","78","0","2017","2","N",1,0,0,0,0,0,0,0,"N",641.87,0,0,0,0,0,0,0,"N",0,0.0,0,0,0,0,0,0,0,0,0,0,0,0,0,0
"51095","5","518210","78","0","2017","2","N",2,0,0,0,0,0,0,0,"N",0.49,0,0,0,0,0,0,0,"N",0,0.0,0,0,0,0,0,0,0,0,0,0,0,0,0,0
"51099","5","518210","78","0","2017","2","N",1,0,0,0,0,0,0,0,"N",0.76,0,0,0,0,0,0,0,"N",0,0.0,0,0,0,0,0,0,0,0,0,0,0,0,0,0
"51107","5","518210","78","0","2017","2","",83,1934,1942,1953,61446081,1181020,18455,2433,"",3.18,5.44,5.38,5.32,5.59,2.34,2.97,1.04,"",4,5.1,26,1.4,42,2.2,56,3.0,521198,0.9,-139779,-10.6,-5050,-21.5,-31,-1.3
"51115","5","518210","78","0","2017","2","-",0,0,0,0,0,0,0,0,"N",0.00,0,0,0,0,0,0,0,"N",0,0,0,0,0,0,0,0,0,0,0,0,0,0,0,0
"51117","5","518210","78","0","2017","2","N",3,0,0,0,0,0,0,0,"N",1.30,0,0,0,0,0,0,0,"N",1,50.0,0,0,0,0,0,0,0,0,0,0,0,0,0,0
"51121","5","518210","78","0","2017","2","N",5,0,0,0,0,0,0,0,"N",1.02,0,0,0,0,0,0,0,"N",-1,-16.7,0,0,0,0,0,0,0,0,0,0,0,0,0,0
"51137","5","518210","78","0","2017","2","N",1,0,0,0,0,0,0,0,"N",0.51,0,0,0,0,0,0,0,"N",0,0.0,0,0,0,0,0,0,0,0,0,0,0,0,0,0
"51139","5","518210","78","0","2017","2","N",1,0,0,0,0,0,0,0,"N",0.81,0,0,0,0,0,0,0,"N",0,0.0,0,0,0,0,0,0,0,0,0,0,0,0,0,0
"51141","5","518210","78","0","2017","2","N",1,0,0,0,0,0,0,0,"N",0.91,0,0,0,0,0,0,0,"N",0,0.0,0,0,0,0,0,0,0,0,0,0,0,0,0,0
"51145","5","518210","78","0","2017","2","N",1,0,0,0,0,0,0,0,"N",0.57,0,0,0,0,0,0,0,"N",0,0.0,0,0,0,0,0,0,0,0,0,0,0,0,0,0
"51153","5","518210","78","0","2017","2","",24,252,251,252,6455905,125962,4468,1973,"",1.21,0.92,0.89,0.89,1.00,0.32,1.05,1.11,"",-4,-14.3,-6,-2.3,-3,-1.2,0,0.0,691165,12.0,-12508,-9.0,-476,-9.6,232,13.3
"51161","5","518210","78","0","2017","2","N",2,0,0,0,0,0,0,0,"N",0.37,0,0,0,0,0,0,0,"N",0,0.0,0,0,0,0,0,0,0,0,0,0,0,0,0,0
"51165","2","518210","78","0","2017","2","N",1,0,0,0,0,0,0,0,"N",278.31,0,0,0,0,0,0,0,"N",1,100.0,0,0,0,0,0,0,0,0,0,0,0,0,0,0
"51169","2","518210","78","0","2017","2","N",1,0,0,0,0,0,0,0,"N",1145.77,0,0,0,0,0,0,0,"N",0,0.0,0,0,0,0,0,0,0,0,0,0,0,0,0,0
"51169","5","518210","78","0","2017","2","N",1,0,0,0,0,0,0,0,"N",1.09,0,0,0,0,0,0,0,"N",0,0.0,0,0,0,0,0,0,0,0,0,0,0,0,0,0
"51171","5","518210","78","0","2017","2","N",1,0,0,0,0,0,0,0,"N",0.39,0,0,0,0,0,0,0,"N",0,0.0,0,0,0,0,0,0,0,0,0,0,0,0,0,0
"51177","2","518210","78","0","2017","2","N",1,0,0,0,0,0,0,0,"N",163.46,0,0,0,0,0,0,0,"N",1,100.0,0,0,0,0,0,0,0,0,0,0,0,0,0,0
"51177","5","518210","78","0","2017","2","N",3,0,0,0,0,0,0,0,"N",0.47,0,0,0,0,0,0,0,"N",-1,-25.0,0,0,0,0,0,0,0,0,0,0,0,0,0,0
"51179","5","518210","78","0","2017","2","N",7,0,0,0,0,0,0,0,"N",1.21,0,0,0,0,0,0,0,"N",0,0.0,0,0,0,0,0,0,0,0,0,0,0,0,0,0
"51185","5","518210","78","0","2017","2","N",2,0,0,0,0,0,0,0,"N",0.83,0,0,0,0,0,0,0,"N",-1,-33.3,0,0,0,0,0,0,0,0,0,0,0,0,0,0
"51187","5","518210","78","0","2017","2","N",3,0,0,0,0,0,0,0,"N",1.30,0,0,0,0,0,0,0,"N",0,0.0,0,0,0,0,0,0,0,0,0,0,0,0,0,0
"51197","2","518210","78","0","2017","2","N",1,0,0,0,0,0,0,0,"N",544.27,0,0,0,0,0,0,0,"N",1,100.0,0,0,0,0,0,0,0,0,0,0,0,0,0,0
"51199","5","518210","78","0","2017","2","",6,32,33,33,307201,12340,269,723,"",1.79,0.68,0.69,0.68,0.34,0.15,0.20,0.50,"",1,20.0,0,0.0,1,3.1,1,3.1,14227,4.9,-2615,-17.5,-68,-20.2,19,2.7
"51510","5","518210","78","0","2017","2","",22,348,355,357,9105987,266195,2772,1982,"",1.61,1.71,1.74,1.73,1.23,1.15,0.90,0.71,"",2,10.0,82,30.8,86,32.0,82,29.8,3211254,54.5,54994,26.0,444,19.1,303,18.0
"51540","5","518210","78","0","2017","2","N",5,0,0,0,0,0,0,0,"N",0.95,0,0,0,0,0,0,0,"N",-2,-28.6,0,0,0,0,0,0,0,0,0,0,0,0,0,0
"51550","5","518210","78","0","2017","2","N",7,0,0,0,0,0,0,0,"N",0.54,0,0,0,0,0,0,0,"N",0,0.0,0,0,0,0,0,0,0,0,0,0,0,0,0,0
"51590","5","518210","78","0","2017","2","N",1,0,0,0,0,0,0,0,"N",0.27,0,0,0,0,0,0,0,"N",0,0.0,0,0,0,0,0,0,0,0,0,0,0,0,0,0
"51600","5","518210","78","0","2017","2","N",2,0,0,0,0,0,0,0,"N",0.54,0,0,0,0,0,0,0,"N",1,100.0,0,0,0,0,0,0,0,0,0,0,0,0,0,0
"51610","5","518210","78","0","2017","2","N",2,0,0,0,0,0,0,0,"N",0.90,0,0,0,0,0,0,0,"N",-1,-33.3,0,0,0,0,0,0,0,0,0,0,0,0,0,0
"51630","5","518210","78","0","2017","2","N",3,0,0,0,0,0,0,0,"N",0.83,0,0,0,0,0,0,0,"N",0,0.0,0,0,0,0,0,0,0,0,0,0,0,0,0,0
"51650","5","518210","78","0","2017","2","",4,36,36,35,507011,46837,2185,1093,"",0.66,0.30,0.30,0.29,0.16,0.32,1.00,0.55,"",0,0.0,-7,-16.3,-5,-12.2,-8,-18.6,19131,3.9,-31946,-40.5,-1264,-36.6,206,23.2
"51680","5","518210","78","0","2017","2","N",3,0,0,0,0,0,0,0,"N",0.53,0,0,0,0,0,0,0,"N",-1,-25.0,0,0,0,0,0,0,0,0,0,0,0,0,0,0
"51683","5","518210","78","0","2017","2","N",2,0,0,0,0,0,0,0,"N",0.60,0,0,0,0,0,0,0,"N",-1,-33.3,0,0,0,0,0,0,0,0,0,0,0,0,0,0
"51685","5","518210","78","0","2017","2","N",2,0,0,0,0,0,0,0,"N",3.11,0,0,0,0,0,0,0,"N",0,0.0,0,0,0,0,0,0,0,0,0,0,0,0,0,0
"51690","5","518210","78","0","2017","2","N",2,0,0,0,0,0,0,0,"N",0.91,0,0,0,0,0,0,0,"N",0,0.0,0,0,0,0,0,0,0,0,0,0,0,0,0,0
"51700","5","518210","78","0","2017","2","N",1,0,0,0,0,0,0,0,"N",0.12,0,0,0,0,0,0,0,"N",0,0.0,0,0,0,0,0,0,0,0,0,0,0,0,0,0
"51710","5","518210","78","0","2017","2","N",11,0,0,0,0,0,0,0,"N",0.88,0,0,0,0,0,0,0,"N",-1,-8.3,0,0,0,0,0,0,0,0,0,0,0,0,0,0
"51740","5","518210","78","0","2017","2","N",2,0,0,0,0,0,0,0,"N",0.51,0,0,0,0,0,0,0,"N",0,0.0,0,0,0,0,0,0,0,0,0,0,0,0,0,0
"51760","2","518210","78","0","2017","2","N",1,0,0,0,0,0,0,0,"N",63.97,0,0,0,0,0,0,0,"N",0,0.0,0,0,0,0,0,0,0,0,0,0,0,0,0,0
"51760","3","518210","78","0","2017","2","N",1,0,0,0,0,0,0,0,"N",12.79,0,0,0,0,0,0,0,"N",0,0.0,0,0,0,0,0,0,0,0,0,0,0,0,0,0
"51760","5","518210","78","0","2017","2","",17,125,125,131,2837118,103202,2826,1718,"",1.04,0.37,0.37,0.39,0.30,0.32,0.62,0.79,"",-2,-10.5,7,5.9,6,5.0,10,8.3,455116,19.1,-127522,-55.3,-3595,-56.0,183,11.9
"51770","5","518210","78","0","2017","2","",4,2,4,4,59481,0,0,1373,"",0.57,0.01,0.03,0.03,0.02,0.00,0.00,0.78,"",-1,-20.0,-2,-50.0,0,0.0,0,0.0,-11526,-16.2,-414,-100.0,-11,-100.0,7,0.5
"51775","5","518210","78","0","2017","2","N",1,0,0,0,0,0,0,0,"N",0.45,0,0,0,0,0,0,0,"N",0,0.0,0,0,0,0,0,0,0,0,0,0,0,0,0,0
"51790","5","518210","78","0","2017","2","N",1,0,0,0,0,0,0,0,"N",0.54,0,0,0,0,0,0,0,"N",0,0.0,0,0,0,0,0,0,0,0,0,0,0,0,0,0
"51810","2","518210","78","0","2017","2","-",0,0,0,0,0,0,0,0,"N",0.00,0,0,0,0,0,0,0,"N",-1,-100.0,0,0,0,0,0,0,0,0,0,0,0,0,0,0
"51810","5","518210","78","0","2017","2","",22,600,587,591,6864462,871823,24489,891,"",0.85,1.55,1.50,1.48,0.85,1.48,3.24,0.56,"",0,0.0,50,9.1,26,4.6,8,1.4,1060513,18.3,-30624,-3.4,-5080,-17.2,100,12.6
"51830","5","518210","78","0","2017","2","N",1,0,0,0,0,0,0,0,"N",0.89,0,0,0,0,0,0,0,"N",1,100.0,0,0,0,0,0,0,0,0,0,0,0,0,0,0
"51999","5","518210","78","0","2017","2","",129,478,493,478,13848871,478353,15239,2206,"",2.45,2.01,2.06,1.97,1.45,1.07,1.66,0.72,"",45,53.6,2,0.4,18,3.8,-4,-0.8,206798,1.5,33554,7.5,2098,16.0,9,0.4
"53000","2","518210","58","0","2017","2","N",1,0,0,0,0,0,0,0,"N",2.03,0,0,0,0,0,0,0,"N",0,0.0,0,0,0,0,0,0,0,0,0,0,0,0,0,0
"53000","5","518210","58","0","2017","2","",707,11163,11196,11260,317737745,141759835,1573905,2181,"",1.37,1.57,1.57,1.55,1.49,2.54,2.59,0.95,"",96,15.7,2165,24.1,2140,23.6,2085,22.7,93609995,41.8,26352201,22.8,107412,7.3,281,14.8
"53005","5","518210","78","0","2017","2","",4,64,63,63,998656,826985,19696,1213,"",0.32,0.34,0.33,0.31,0.20,0.56,0.93,0.60,"N",-1,-20.0,0,0,0,0,0,0,0,0,0,0,0,0,0,0
"53007","5","518210","78","0","2017","2","N",7,0,0,0,0,0,0,0,"N",0.95,0,0,0,0,0,0,0,"N",1,16.7,0,0,0,0,0,0,0,0,0,0,0,0,0,0
"53009","5","518210","78","0","2017","2","N",2,0,0,0,0,0,0,0,"N",0.39,0,0,0,0,0,0,0,"N",0,0.0,0,0,0,0,0,0,0,0,0,0,0,0,0,0
"53011","5","518210","78","0","2017","2","",48,333,334,337,6249056,4520719,66305,1436,"",1.53,0.99,0.99,0.98,0.74,1.74,2.34,0.75,"",2,4.3,134,67.3,142,74.0,103,44.0,2426463,63.5,2152491,90.9,22395,51.0,25,1.8
"53015","5","518210","78","0","2017","2","N",2,0,0,0,0,0,0,0,"N",0.31,0,0,0,0,0,0,0,"N",-2,-50.0,0,0,0,0,0,0,0,0,0,0,0,0,0,0
"53017","5","518210","78","0","2017","2","N",1,0,0,0,0,0,0,0,"N",0.37,0,0,0,0,0,0,0,"N",-1,-50.0,0,0,0,0,0,0,0,0,0,0,0,0,0,0
"53021","5","518210","78","0","2017","2","N",1,0,0,0,0,0,0,0,"N",0.17,0,0,0,0,0,0,0,"N",0,0.0,0,0,0,0,0,0,0,0,0,0,0,0,0,0
"53025","5","518210","78","0","2017","2","",6,52,50,53,1592197,509211,5603,2371,"",0.86,0.63,0.59,0.57,0.94,0.88,0.65,1.57,"",1,20.0,3,6.1,1,2.0,3,6.0,26723,1.7,-183538,-26.5,4293,327.7,-70,-2.9
"53027","5","518210","78","0","2017","2","N",1,0,0,0,0,0,0,0,"N",0.19,0,0,0,0,0,0,0,"N",1,100.0,0,0,0,0,0,0,0,0,0,0,0,0,0,0
"53029","5","518210","78","0","2017","2","",4,25,25,25,724716,443164,5852,2230,"",0.92,0.70,0.70,0.69,1.04,2.02,3.09,1.49,"N",3,300.0,0,0,0,0,0,0,0,0,0,0,0,0,0,0
"53031","5","518210","78","0","2017","2","",3,3,3,3,56780,39697,375,1456,"",1.25,0.16,0.16,0.15,0.16,0.36,0.32,0.98,"N",1,50.0,0,0,0,0,0,0,0,0,0,0,0,0,0,0
"53033","5","518210","78","0","2017","2","",406,9165,9230,9301,279694770,117907631,1269171,2330,"",2.17,3.14,3.14,3.12,2.47,4.45,4.79,0.79,"",69,20.5,2397,35.4,2365,34.5,2370,34.2,100441176,56.0,28757307,32.3,126612,11.1,318,15.8
"53035","5","518210","78","0","2017","2","N",12,0,0,0,0,0,0,0,"N",0.83,0,0,0,0,0,0,0,"N",0,0.0,0,0,0,0,0,0,0,0,0,0,0,0,0,0
"53037","5","518210","78","0","2017","2","N",2,0,0,0,0,0,0,0,"N",0.65,0,0,0,0,0,0,0,"N",1,100.0,0,0,0,0,0,0,0,0,0,0,0,0,0,0
"53041","5","518210","78","0","2017","2","N",3,0,0,0,0,0,0,0,"N",0.58,0,0,0,0,0,0,0,"N",-1,-25.0,0,0,0,0,0,0,0,0,0,0,0,0,0,0
"53043","5","518210","78","0","2017","2","N",1,0,0,0,0,0,0,0,"N",0.90,0,0,0,0,0,0,0,"N",1,100.0,0,0,0,0,0,0,0,0,0,0,0,0,0,0
"53045","5","518210","78","0","2017","2","N",1,0,0,0,0,0,0,0,"N",0.35,0,0,0,0,0,0,0,"N",-1,-50.0,0,0,0,0,0,0,0,0,0,0,0,0,0,0
"53051","5","518210","78","0","2017","2","N",1,0,0,0,0,0,0,0,"N",1.20,0,0,0,0,0,0,0,"N",0,0.0,0,0,0,0,0,0,0,0,0,0,0,0,0,0
"53053","5","518210","78","0","2017","2","",36,152,148,151,2839359,1700689,23105,1453,"",0.76,0.23,0.23,0.23,0.18,0.38,0.44,0.77,"",3,9.1,4,2.7,3,2.1,10,7.1,285123,11.2,194692,12.9,8523,58.4,95,7.0
"53055","5","518210","78","0","2017","2","N",3,0,0,0,0,0,0,0,"N",1.41,0,0,0,0,0,0,0,"N",0,0.0,0,0,0,0,0,0,0,0,0,0,0,0,0,0
"53057","5","518210","78","0","2017","2","",6,40,35,31,656802,331315,1976,1430,"",0.69,0.36,0.32,0.28,0.26,0.41,0.18,0.82,"",0,0.0,8,25.0,3,9.4,-1,-3.1,38702,6.3,-141028,-29.9,-1520,-43.5,-56,-3.8
"53059","5","518210","78","0","2017","2","N",1,0,0,0,0,0,0,0,"N",1.71,0,0,0,0,0,0,0,"N",0,0.0,0,0,0,0,0,0,0,0,0,0,0,0,0,0
"53061","5","518210","78","0","2017","2","",51,439,436,429,7471660,4994572,46920,1322,"",1.14,0.71,0.71,0.69,0.42,0.95,0.95,0.60,"",13,34.2,75,20.6,63,16.9,45,11.7,1508194,25.3,864699,20.9,-6929,-12.9,94,7.7
"53063","5","518210","78","0","2017","2","",31,196,201,205,3195868,2399380,19719,1225,"",0.92,0.41,0.42,0.43,0.29,0.74,0.52,0.70,"",3,10.7,-40,-16.9,-32,-13.7,-34,-14.2,170029,5.6,-28227,-1.2,-9429,-32.3,239,24.2
"53065","5","518210","78","0","2017","2","N",1,0,0,0,0,0,0,0,"N",0.40,0,0,0,0,0,0,0,"N",0,0.0,0,0,0,0,0,0,0,0,0,0,0,0,0,0
"53067","2","518210","78","0","2017","2","N",1,0,0,0,0,0,0,0,"N",58.69,0,0,0,0,0,0,0,"N",0,0.0,0,0,0,0,0,0,0,0,0,0,0,0,0,0
"53067","5","518210","78","0","2017","2","",28,116,88,69,1410980,711809,7132,1193,"",1.57,0.47,0.36,0.28,0.24,0.53,0.46,0.63,"",4,16.7,4,3.6,3,3.5,-12,-14.8,23087,1.7,-37323,-5.0,-1056,-12.9,41,3.6
"53071","5","518210","78","0","2017","2","N",5,0,0,0,0,0,0,0,"N",1.10,0,0,0,0,0,0,0,"N",0,0.0,0,0,0,0,0,0,0,0,0,0,0,0,0,0
"53073","5","518210","78","0","2017","2","",22,112,115,122,1680554,1346027,16733,1111,"",1.40,0.58,0.59,0.62,0.38,0.97,0.88,0.64,"",5,29.4,21,23.1,23,25.0,33,37.1,396845,30.9,333999,33.0,-2552,-13.2,22,2.0
"53075","5","518210","78","0","2017","2","N",1,0,0,0,0,0,0,0,"N",0.36,0,0,0,0,0,0,0,"N",1,100.0,0,0,0,0,0,0,0,0,0,0,0,0,0,0
"53077","5","518210","78","0","2017","2","N",2,0,0,0,0,0,0,0,"N",0.12,0,0,0,0,0,0,0,"N",-1,-33.3,0,0,0,0,0,0,0,0,0,0,0,0,0,0
"53999","5","518210","78","0","2017","2","",15,217,221,222,7648439,3674543,64410,2674,"",4.35,5.75,5.80,5.92,4.67,7.67,10.37,0.80,"",-6,-28.6,-35,-13.9,-31,-12.3,-37,-14.3,599600,8.5,-585284,-13.7,12606,24.3,542,25.4
"54000","2","518210","58","0","2017","2","N",1,0,0,0,0,0,0,0,"N",9.79,0,0,0,0,0,0,0,"N",0,0.0,0,0,0,0,0,0,0,0,0,0,0,0,0,0
"54000","5","518210","58","0","2017","2","",84,818,826,832,12012893,1764082,62791,1120,"",0.78,0.55,0.55,0.55,0.37,0.50,0.66,0.67,"",8,10.5,-253,-23.6,-256,-23.7,-266,-24.2,-3907644,-24.5,-886451,-33.4,-35092,-35.9,-10,-0.9
"54003","5","518210","78","0","2017","2","",7,52,54,55,429435,217323,7761,616,"",1.65,0.73,0.75,0.76,0.28,1.31,1.96,0.37,"",1,16.7,-116,-69.0,-119,-68.8,-120,-68.6,-1126577,-72.4,-377881,-63.5,-16446,-67.9,-80,-11.5
"54009","5","518210","78","0","2017","2","N",1,0,0,0,0,0,0,0,"N",0.97,0,0,0,0,0,0,0,"N",0,0.0,0,0,0,0,0,0,0,0,0,0,0,0,0,0
"54011","5","518210","78","0","2017","2","",6,18,18,18,192442,75362,1480,822,"",1.01,0.16,0.16,0.16,0.08,0.29,0.25,0.52,"",0,0.0,-6,-25.0,-7,-28.0,-6,-25.0,-43887,-18.6,-31759,-29.6,-632,-29.9,75,10.0
"54023","5","518210","78","0","2017","2","N",1,0,0,0,0,0,0,0,"N",1.60,0,0,0,0,0,0,0,"N",1,100.0,0,0,0,0,0,0,0,0,0,0,0,0,0,0
"54025","5","518210","78","0","2017","2","N",1,0,0,0,0,0,0,0,"N",0.42,0,0,0,0,0,0,0,"N",0,0.0,0,0,0,0,0,0,0,0,0,0,0,0,0,0
"54029","5","518210","78","0","2017","2","N",1,0,0,0,0,0,0,0,"N",0.71,0,0,0,0,0,0,0,"N",0,0.0,0,0,0,0,0,0,0,0,0,0,0,0,0,0
"54033","5","518210","78","0","2017","2","N",1,0,0,0,0,0,0,0,"N",0.22,0,0,0,0,0,0,0,"N",0,0.0,0,0,0,0,0,0,0,0,0,0,0,0,0,0
"54037","5","518210","78","0","2017","2","N",1,0,0,0,0,0,0,0,"N",0.43,0,0,0,0,0,0,0,"N",0,0.0,0,0,0,0,0,0,0,0,0,0,0,0,0,0
"54039","5","518210","78","0","2017","2","",8,187,185,191,2826988,377551,13461,1159,"",0.66,0.86,0.85,0.87,0.57,0.83,1.22,0.66,"",1,14.3,50,36.5,49,36.0,52,37.4,346795,14.0,220699,140.7,6930,106.1,-230,-16.6
"54049","5","518210","78","0","2017","2","N",1,0,0,0,0,0,0,0,"N",0.35,0,0,0,0,0,0,0,"N",1,100.0,0,0,0,0,0,0,0,0,0,0,0,0,0,0
"54055","5","518210","78","0","2017","2","N",1,0,0,0,0,0,0,0,"N",0.34,0,0,0,0,0,0,0,"N",0,0.0,0,0,0,0,0,0,0,0,0,0,0,0,0,0
"54057","5","518210","78","0","2017","2","N",2,0,0,0,0,0,0,0,"N",1.75,0,0,0,0,0,0,0,"N",-1,-33.3,0,0,0,0,0,0,0,0,0,0,0,0,0,0
"54061","2","518210","78","0","2017","2","N",1,0,0,0,0,0,0,0,"N",183.87,0,0,0,0,0,0,0,"N",0,0.0,0,0,0,0,0,0,0,0,0,0,0,0,0,0
"54061","5","518210","78","0","2017","2","N",6,0,0,0,0,0,0,0,"N",1.05,0,0,0,0,0,0,0,"N",-2,-25.0,0,0,0,0,0,0,0,0,0,0,0,0,0,0
"54069","5","518210","78","0","2017","2","N",1,0,0,0,0,0,0,0,"N",0.30,0,0,0,0,0,0,0,"N",0,0.0,0,0,0,0,0,0,0,0,0,0,0,0,0,0
"54071","5","518210","78","0","2017","2","N",1,0,0,0,0,0,0,0,"N",2.53,0,0,0,0,0,0,0,"N",0,0.0,0,0,0,0,0,0,0,0,0,0,0,0,0,0
"54081","5","518210","78","0","2017","2","N",1,0,0,0,0,0,0,0,"N",0.21,0,0,0,0,0,0,0,"N",0,0.0,0,0,0,0,0,0,0,0,0,0,0,0,0,0
"54083","5","518210","78","0","2017","2","N",1,0,0,0,0,0,0,0,"N",0.55,0,0,0,0,0,0,0,"N",0,0.0,0,0,0,0,0,0,0,0,0,0,0,0,0,0
"54091","5","518210","78","0","2017","2","N",2,0,0,0,0,0,0,0,"N",3.46,0,0,0,0,0,0,0,"N",0,0.0,0,0,0,0,0,0,0,0,0,0,0,0,0,0
"54107","5","518210","78","0","2017","2","N",2,0,0,0,0,0,0,0,"N",0.41,0,0,0,0,0,0,0,"N",0,0.0,0,0,0,0,0,0,0,0,0,0,0,0,0,0
"54999","5","518210","78","0","2017","2","",39,72,72,70,1459265,103956,4389,1574,"",3.03,1.31,1.30,1.24,0.87,0.47,0.43,0.67,"",7,21.9,-14,-16.3,-17,-19.1,-18,-20.5,-1211960,-45.4,-68237,-39.6,-1454,-24.9,-770,-32.8
"55000","3","518210","58","0","2017","2","N",1,0,0,0,0,0,0,0,"N",0.57,0,0,0,0,0,0,0,"N",0,0.0,0,0,0,0,0,0,0,0,0,0,0,0,0,0
"55000","5","518210","58","0","2017","2","",208,7525,7528,7514,137338325,14468952,303528,1404,"",0.57,1.22,1.21,1.19,0.96,0.85,0.83,0.80,"",1,0.5,-408,-5.1,-355,-4.5,-369,-4.7,-10355769,-7.0,-2194599,-13.2,-158433,-34.3,-34,-2.4
"55005","5","518210","78","0","2017","2","N",1,0,0,0,0,0,0,0,"N",0.33,0,0,0,0,0,0,0,"N",0,0.0,0,0,0,0,0,0,0,0,0,0,0,0,0,0
"55009","5","518210","78","0","2017","2","N",7,0,0,0,0,0,0,0,"N",0.49,0,0,0,0,0,0,0,"N",0,0.0,0,0,0,0,0,0,0,0,0,0,0,0,0,0
"55011","5","518210","78","0","2017","2","N",1,0,0,0,0,0,0,0,"N",1.28,0,0,0,0,0,0,0,"N",0,0.0,0,0,0,0,0,0,0,0,0,0,0,0,0,0
"55015","5","518210","78","0","2017","2","N",1,0,0,0,0,0,0,0,"N",0.60,0,0,0,0,0,0,0,"N",0,0.0,0,0,0,0,0,0,0,0,0,0,0,0,0,0
"55025","5","518210","78","0","2017","2","",39,1113,1120,1132,19069693,3130582,57493,1308,"",1.21,1.54,1.55,1.56,1.00,1.80,1.76,0.65,"",3,8.3,55,5.2,70,6.7,84,8.0,2419326,14.5,83587,2.7,-31392,-35.3,91,7.5
"55027","5","518210","78","0","2017","2","N",1,0,0,0,0,0,0,0,"N",0.26,0,0,0,0,0,0,0,"N",0,0.0,0,0,0,0,0,0,0,0,0,0,0,0,0,0
"55031","5","518210","78","0","2017","2","N",3,0,0,0,0,0,0,0,"N",1.29,0,0,0,0,0,0,0,"N",0,0.0,0,0,0,0,0,0,0,0,0,0,0,0,0,0
"55035","5","518210","78","0","2017","2","N",1,0,0,0,0,0,0,0,"N",0.17,0,0,0,0,0,0,0,"N",-1,-50.0,0,0,0,0,0,0,0,0,0,0,0,0,0,0
"55039","5","518210","78","0","2017","2","N",1,0,0,0,0,0,0,0,"N",0.20,0,0,0,0,0,0,0,"N",0,0.0,0,0,0,0,0,0,0,0,0,0,0,0,0,0
"55045","5","518210","78","0","2017","2","N",2,0,0,0,0,0,0,0,"N",0.95,0,0,0,0,0,0,0,"N",0,0.0,0,0,0,0,0,0,0,0,0,0,0,0,0,0
"55055","5","518210","78","0","2017","2","N",1,0,0,0,0,0,0,0,"N",0.23,0,0,0,0,0,0,0,"N",0,0.0,0,0,0,0,0,0,0,0,0,0,0,0,0,0
"55059","5","518210","78","0","2017","2","N",2,0,0,0,0,0,0,0,"N",0.29,0,0,0,0,0,0,0,"N",0,0.0,0,0,0,0,0,0,0,0,0,0,0,0,0,0
"55063","5","518210","78","0","2017","2","",6,151,158,151,2045963,686695,18857,1026,"",0.93,0.99,1.04,0.99,0.65,1.70,2.39,0.64,"",-1,-14.3,-6,-3.8,3,1.9,-5,-3.2,175928,9.4,20982,3.2,6632,54.2,104,11.3
"55071","5","518210","78","0","2017","2","-",0,0,0,0,0,0,0,0,"N",0.00,0,0,0,0,0,0,0,"N",-1,-100.0,0,0,0,0,0,0,0,0,0,0,0,0,0,0
"55073","3","518210","78","0","2017","2","N",1,0,0,0,0,0,0,0,"N",28.68,0,0,0,0,0,0,0,"N",0,0.0,0,0,0,0,0,0,0,0,0,0,0,0,0,0
"55073","5","518210","78","0","2017","2","N",1,0,0,0,0,0,0,0,"N",0.14,0,0,0,0,0,0,0,"N",0,0.0,0,0,0,0,0,0,0,0,0,0,0,0,0,0
"55079","5","518210","78","0","2017","2","",24,2268,2267,2279,48276128,3315673,55311,1635,"",0.44,2.16,2.15,2.14,1.80,1.26,1.03,0.84,"",0,0.0,-76,-3.2,-78,-3.3,-115,-4.8,-1675622,-3.4,-658374,-16.6,-52360,-48.6,8,0.5
"55087","5","518210","78","0","2017","2","N",3,0,0,0,0,0,0,0,"N",0.27,0,0,0,0,0,0,0,"N",-1,-25.0,0,0,0,0,0,0,0,0,0,0,0,0,0,0
"55089","5","518210","78","0","2017","2","N",4,0,0,0,0,0,0,0,"N",0.67,0,0,0,0,0,0,0,"N",-1,-20.0,0,0,0,0,0,0,0,0,0,0,0,0,0,0
"55097","5","518210","78","0","2017","2","N",1,0,0,0,0,0,0,0,"N",0.27,0,0,0,0,0,0,0,"N",0,0.0,0,0,0,0,0,0,0,0,0,0,0,0,0,0
"55099","5","518210","78","0","2017","2","N",1,0,0,0,0,0,0,0,"N",0.98,0,0,0,0,0,0,0,"N",0,0.0,0,0,0,0,0,0,0,0,0,0,0,0,0,0
"55101","5","518210","78","0","2017","2","N",2,0,0,0,0,0,0,0,"N",0.22,0,0,0,0,0,0,0,"N",-2,-50.0,0,0,0,0,0,0,0,0,0,0,0,0,0,0
"55105","5","518210","78","0","2017","2","N",5,0,0,0,0,0,0,0,"N",0.70,0,0,0,0,0,0,0,"N",0,0.0,0,0,0,0,0,0,0,0,0,0,0,0,0,0
"55109","5","518210","78","0","2017","2","N",2,0,0,0,0,0,0,0,"N",0.41,0,0,0,0,0,0,0,"N",-1,-33.3,0,0,0,0,0,0,0,0,0,0,0,0,0,0
"55115","5","518210","78","0","2017","2","N",1,0,0,0,0,0,0,0,"N",0.46,0,0,0,0,0,0,0,"N",0,0.0,0,0,0,0,0,0,0,0,0,0,0,0,0,0
"55123","5","518210","78","0","2017","2","N",1,0,0,0,0,0,0,0,"N",0.68,0,0,0,0,0,0,0,"N",0,0.0,0,0,0,0,0,0,0,0,0,0,0,0,0,0
"55125","5","518210","78","0","2017","2","N",1,0,0,0,0,0,0,0,"N",0.49,0,0,0,0,0,0,0,"N",0,0.0,0,0,0,0,0,0,0,0,0,0,0,0,0,0
"55127","5","518210","78","0","2017","2","N",2,0,0,0,0,0,0,0,"N",0.34,0,0,0,0,0,0,0,"N",1,100.0,0,0,0,0,0,0,0,0,0,0,0,0,0,0
"55131","5","518210","78","0","2017","2","-",0,0,0,0,0,0,0,0,"N",0.00,0,0,0,0,0,0,0,"N",0,0,0,0,0,0,0,0,0,0,0,0,0,0,0,0
"55133","5","518210","78","0","2017","2","",33,1912,1911,1920,43952270,1692772,29669,1766,"",1.21,3.65,3.63,3.58,3.19,1.11,0.88,0.88,"",-1,-2.9,-189,-9.0,-194,-9.2,-190,-9.0,-8923833,-16.9,-881789,-34.3,-18096,-37.9,-166,-8.6
"55135","5","518210","78","0","2017","2","N",1,0,0,0,0,0,0,0,"N",0.36,0,0,0,0,0,0,0,"N",0,0.0,0,0,0,0,0,0,0,0,0,0,0,0,0,0
"55139","5","518210","78","0","2017","2","",4,12,12,12,352735,10601,123,2261,"",0.51,0.06,0.06,0.06,0.07,0.02,0.01,1.21,"N",0,0.0,0,0,0,0,0,0,0,0,0,0,0,0,0,0
"55141","5","518210","78","0","2017","2","N",1,0,0,0,0,0,0,0,"N",0.24,0,0,0,0,0,0,0,"N",-1,-50.0,0,0,0,0,0,0,0,0,0,0,0,0,0,0
"55999","5","518210","78","0","2017","2","",55,125,116,117,3235848,289863,7030,2086,"",1.32,0.99,0.89,0.91,0.78,0.68,0.64,0.84,"",8,17.0,36,40.4,31,36.5,35,42.7,991687,44.2,116749,67.4,4059,136.6,63,3.1
"56000","5","518210","58","0","2017","2","",35,196,196,196,2568863,1347048,11877,1008,"",0.63,0.34,0.33,0.32,0.19,0.46,0.28,0.57,"",-2,-5.4,2,1.0,0,0.0,-3,-1.5,-114511,-4.3,-134966,-9.1,-861,-6.8,-43,-4.1
"56001","5","518210","78","0","2017","2","",3,5,5,5,48936,39372,193,753,"",1.10,0.15,0.15,0.14,0.07,0.32,0.18,0.48,"",0,0.0,2,66.7,0,0.0,0,0.0,4324,9.7,1380,3.6,-69,-26.3,-39,-4.9
"56003","5","518210","78","0","2017","2","N",1,0,0,0,0,0,0,0,"N",1.04,0,0,0,0,0,0,0,"N",0,0.0,0,0,0,0,0,0,0,0,0,0,0,0,0,0
"56005","5","518210","78","0","2017","2","N",1,0,0,0,0,0,0,0,"N",0.26,0,0,0,0,0,0,0,"N",0,0.0,0,0,0,0,0,0,0,0,0,0,0,0,0,0
"56009","5","518210","78","0","2017","2","-",0,0,0,0,0,0,0,0,"N",0.00,0,0,0,0,0,0,0,"N",0,0,0,0,0,0,0,0,0,0,0,0,0,0,0,0
"56013","5","518210","78","0","2017","2","N",2,0,0,0,0,0,0,0,"N",0.55,0,0,0,0,0,0,0,"N",0,0.0,0,0,0,0,0,0,0,0,0,0,0,0,0,0
"56021","5","518210","78","0","2017","2","",13,166,167,164,2039525,1177348,10330,947,"",1.69,1.68,1.68,1.64,0.91,2.54,1.85,0.55,"",1,8.3,1,0.6,4,2.5,1,0.6,-35665,-1.7,-74401,-5.9,-1120,-9.8,-28,-2.9
"56023","5","518210","78","0","2017","2","N",1,0,0,0,0,0,0,0,"N",0.55,0,0,0,0,0,0,0,"N",0,0.0,0,0,0,0,0,0,0,0,0,0,0,0,0,0
"56025","5","518210","78","0","2017","2","N",2,0,0,0,0,0,0,0,"N",0.27,0,0,0,0,0,0,0,"N",-1,-33.3,0,0,0,0,0,0,0,0,0,0,0,0,0,0
"56029","5","518210","78","0","2017","2","N",2,0,0,0,0,0,0,0,"N",0.62,0,0,0,0,0,0,0,"N",1,100.0,0,0,0,0,0,0,0,0,0,0,0,0,0,0
"56033","5","518210","78","0","2017","2","",3,15,14,15,237710,80144,940,1247,"",0.99,0.52,0.48,0.50,0.41,0.59,0.54,0.82,"N",1,50.0,0,0,0,0,0,0,0,0,0,0,0,0,0,0
"56037","5","518210","78","0","2017","2","N",2,0,0,0,0,0,0,0,"N",0.58,0,0,0,0,0,0,0,"N",1,100.0,0,0,0,0,0,0,0,0,0,0,0,0,0,0
"56039","5","518210","78","0","2017","2","N",3,0,0,0,0,0,0,0,"N",0.60,0,0,0,0,0,0,0,"N",-2,-40.0,0,0,0,0,0,0,0,0,0,0,0,0,0,0
"56999","5","518210","78","0","2017","2","N",2,0,0,0,0,0,0,0,"N",1.29,0,0,0,0,0,0,0,"N",-1,-33.3,0,0,0,0,0,0,0,0,0,0,0,0,0,0
"72000","5","518210","58","0","2017","2","",37,2335,2319,2399,24151399,2483886,80569,790,"",0.37,1.22,1.22,1.26,0.94,0.95,0.97,0.76,"",-2,-5.1,-45,-1.9,-30,-1.3,20,0.8,1778261,7.9,-483862,-16.3,-22780,-22.0,64,8.8
"72013","5","518210","78","0","2017","2","N",1,0,0,0,0,0,0,0,"N",0.44,0,0,0,0,0,0,0,"N",0,0.0,0,0,0,0,0,0,0,0,0,0,0,0,0,0
"72021","5","518210","78","0","2017","2","N",2,0,0,0,0,0,0,0,"N",0.31,0,0,0,0,0,0,0,"N",1,100.0,0,0,0,0,0,0,0,0,0,0,0,0,0,0
"72025","5","518210","78","0","2017","2","N",1,0,0,0,0,0,0,0,"N",0.20,0,0,0,0,0,0,0,"N",0,0.0,0,0,0,0,0,0,0,0,0,0,0,0,0,0
"72031","5","518210","78","0","2017","2","-",0,0,0,0,0,0,0,0,"N",0.00,0,0,0,0,0,0,0,"N",0,0.0,0,0,0,0,0,0,0,0,0,0,0,0,0,0
"72051","5","518210","78","0","2017","2","N",2,0,0,0,0,0,0,0,"N",1.76,0,0,0,0,0,0,0,"N",0,0.0,0,0,0,0,0,0,0,0,0,0,0,0,0,0
"72061","5","518210","78","0","2017","2","N",3,0,0,0,0,0,0,0,"N",0.58,0,0,0,0,0,0,0,"N",0,0.0,0,0,0,0,0,0,0,0,0,0,0,0,0,0
"72063","5","518210","78","0","2017","2","N",1,0,0,0,0,0,0,0,"N",1.36,0,0,0,0,0,0,0,"N",0,0.0,0,0,0,0,0,0,0,0,0,0,0,0,0,0
"72077","5","518210","78","0","2017","2","N",1,0,0,0,0,0,0,0,"N",1.92,0,0,0,0,0,0,0,"N",0,0.0,0,0,0,0,0,0,0,0,0,0,0,0,0,0
"72113","5","518210","78","0","2017","2","N",1,0,0,0,0,0,0,0,"N",0.21,0,0,0,0,0,0,0,"N",0,0.0,0,0,0,0,0,0,0,0,0,0,0,0,0,0
"72127","5","518210","78","0","2017","2","",19,1704,1702,1747,21159339,1146466,27348,948,"",0.82,3.20,3.21,3.31,2.44,1.74,1.33,0.75,"",-2,-9.5,-2,-0.1,-1,-0.1,18,1.0,2278362,12.1,-53340,-4.4,-5822,-17.6,100,11.8
"72131","5","518210","78","0","2017","2","N",1,0,0,0,0,0,0,0,"N",0.83,0,0,0,0,0,0,0,"N",0,0.0,0,0,0,0,0,0,0,0,0,0,0,0,0,0
"72999","5","518210","78","0","2017","2","",5,22,22,22,193031,52604,2135,675,"",9.04,5.42,5.44,5.36,1.53,9.58,11.68,0.28,"N",0,0.0,0,0,0,0,0,0,0,0,0,0,0,0,0,0
"78000","5","518210","58","0","2017","2","N",3,0,0,0,0,0,0,0,"N",0.42,0,0,0,0,0,0,0,"N",-3,-50.0,0,0,0,0,0,0,0,0,0,0,0,0,0,0
"78010","5","518210","78","0","2017","2","N",1,0,0,0,0,0,0,0,"N",0.38,0,0,0,0,0,0,0,"N",-1,-50.0,0,0,0,0,0,0,0,0,0,0,0,0,0,0
"78030","5","518210","78","0","2017","2","N",2,0,0,0,0,0,0,0,"N",0.52,0,0,0,0,0,0,0,"N",-2,-50.0,0,0,0,0,0,0,0,0,0,0,0,0,0,0
"C1018","5","518210","48","0","2017","2","",4,64,65,65,1169016,40659,361,1391,"",0.44,0.44,0.45,0.45,0.41,0.17,0.09,0.91,"",0,0.0,-1,-1.5,-1,-1.5,-3,-4.4,64623,5.9,-31955,-44.0,-49,-12.0,110,8.6
"C1038","5","518210","48","0","2017","2","N",1,0,0,0,0,0,0,0,"N",0.12,0,0,0,0,0,0,0,"N",0,0.0,0,0,0,0,0,0,0,0,0,0,0,0,0,0
"C1042","5","518210","48","0","2017","2","N",37,0,0,0,0,0,0,0,"N",0.98,0,0,0,0,0,0,0,"N",7,23.3,0,0,0,0,0,0,0,0,0,0,0,0,0,0
"C1050","5","518210","48","0","2017","2","N",5,0,0,0,0,0,0,0,"N",0.70,0,0,0,0,0,0,0,"N",1,25.0,0,0,0,0,0,0,0,0,0,0,0,0,0,0
"C1054","5","518210","48","0","2017","2","N",1,0,0,0,0,0,0,0,"N",0.14,0,0,0,0,0,0,0,"N",0,0.0,0,0,0,0,0,0,0,0,0,0,0,0,0,0
"C1058","5","518210","48","0","2017","2","N",42,0,0,0,0,0,0,0,"N",0.83,0,0,0,0,0,0,0,"N",3,7.7,0,0,0,0,0,0,0,0,0,0,0,0,0,0
"C1074","5","518210","48","0","2017","2","N",29,0,0,0,0,0,0,0,"N",0.62,0,0,0,0,0,0,0,"N",-3,-9.4,0,0,0,0,0,0,0,0,0,0,0,0,0,0
"C1078","5","518210","48","0","2017","2","N",3,0,0,0,0,0,0,0,"N",0.36,0,0,0,0,0,0,0,"N",0,0.0,0,0,0,0,0,0,0,0,0,0,0,0,0,0
"C1090","5","518210","48","0","2017","2","",41,1034,1016,1012,16125107,1538681,65540,1215,"",0.99,1.35,1.32,1.30,0.86,0.95,0.96,0.65,"",10,32.3,-80,-7.2,-118,-10.4,-154,-13.2,-2855466,-15.0,178746,13.1,-4271,-6.1,-68,-5.3
"C1102","5","518210","48","0","2017","2","N",1,0,0,0,0,0,0,0,"N",0.14,0,0,0,0,0,0,0,"N",0,0.0,0,0,0,0,0,0,0,0,0,0,0,0,0,0
"C1110","5","518210","48","0","2017","2","N",8,0,0,0,0,0,0,0,"N",0.56,0,0,0,0,0,0,0,"N",-1,-11.1,0,0,0,0,0,0,0,0,0,0,0,0,0,0
"C1118","5","518210","48","0","2017","2","N",8,0,0,0,0,0,0,0,"N",1.47,0,0,0,0,0,0,0,"N",2,33.3,0,0,0,0,0,0,0,0,0,0,0,0,0,0
"C1126","5","518210","48","0","2017","2","N",22,0,0,0,0,0,0,0,"N",1.00,0,0,0,0,0,0,0,"N",3,15.8,0,0,0,0,0,0,0,0,0,0,0,0,0,0
"C1146","5","518210","48","0","2017","2","",49,972,996,979,19203835,717906,22134,1504,"",2.78,2.11,2.21,2.18,1.48,1.40,1.59,0.68,"",9,22.5,33,3.5,51,5.4,37,3.9,1145876,6.3,174977,32.2,4232,23.6,29,2.0
"C1150","5","518210","48","0","2017","2","N",2,0,0,0,0,0,0,0,"N",0.37,0,0,0,0,0,0,0,"N",0,0.0,0,0,0,0,0,0,0,0,0,0,0,0,0,0
"C1154","5","518210","48","0","2017","2","N",4,0,0,0,0,0,0,0,"N",0.32,0,0,0,0,0,0,0,"N",-1,-20.0,0,0,0,0,0,0,0,0,0,0,0,0,0,0
"C1164","5","518210","48","0","2017","2","N",1,0,0,0,0,0,0,0,"N",0.22,0,0,0,0,0,0,0,"N",0,0.0,0,0,0,0,0,0,0,0,0,0,0,0,0,0
"C1170","5","518210","48","0","2017","2","",19,49,47,47,773061,315599,3750,1248,"",0.63,0.12,0.11,0.11,0.09,0.15,0.21,0.81,"N",0,0.0,0,0,0,0,0,0,0,0,0,0,0,0,0,0
"C1202","5","518210","48","0","2017","2","N",3,0,0,0,0,0,0,0,"N",0.30,0,0,0,0,0,0,0,"N",-1,-25.0,0,0,0,0,0,0,0,0,0,0,0,0,0,0
"C1206","5","518210","48","0","2017","2","",393,9572,9543,9575,269917898,10071916,179662,2171,"",1.20,1.72,1.72,1.71,1.74,0.99,1.18,1.01,"",-26,-6.2,1968,25.9,1796,23.2,1762,22.6,58878690,27.9,-1790496,-15.1,-112298,-38.5,69,3.3
"C1210","5","518210","48","0","2017","2","N",3,0,0,0,0,0,0,0,"N",0.22,0,0,0,0,0,0,0,"N",-1,-25.0,0,0,0,0,0,0,0,0,0,0,0,0,0,0
"C1222","5","518210","48","0","2017","2","N",5,0,0,0,0,0,0,0,"N",0.75,0,0,0,0,0,0,0,"N",2,66.7,0,0,0,0,0,0,0,0,0,0,0,0,0,0
"C1226","5","518210","48","0","2017","2","N",11,0,0,0,0,0,0,0,"N",0.47,0,0,0,0,0,0,0,"N",1,10.0,0,0,0,0,0,0,0,0,0,0,0,0,0,0
"C1242","5","518210","48","0","2017","2","N",177,0,0,0,0,0,0,0,"N",1.44,0,0,0,0,0,0,0,"N",9,5.4,0,0,0,0,0,0,0,0,0,0,0,0,0,0
"C1254","5","518210","48","0","2017","2","N",4,0,0,0,0,0,0,0,"N",0.10,0,0,0,0,0,0,0,"N",0,0.0,0,0,0,0,0,0,0,0,0,0,0,0,0,0
"C1258","5","518210","48","0","2017","2","",113,1383,1373,1364,32807579,891202,26528,1838,"",0.73,0.48,0.48,0.47,0.40,0.23,0.32,0.85,"",1,0.9,-250,-15.3,-225,-14.1,-247,-15.3,-242690,-0.7,-382553,-30.0,-19051,-41.8,263,16.7
"C1262","5","518210","48","0","2017","2","N",2,0,0,0,0,0,0,0,"N",0.19,0,0,0,0,0,0,0,"N",1,100.0,0,0,0,0,0,0,0,0,0,0,0,0,0,0
"C1270","5","518210","48","0","2017","2","",5,178,183,184,2586137,502222,17199,1095,"",0.25,0.89,0.86,0.78,0.53,0.60,0.64,0.63,"N",0,0.0,0,0,0,0,0,0,0,0,0,0,0,0,0,0
"C1294","5","518210","48","0","2017","2","N",64,0,0,0,0,0,0,0,"N",1.29,0,0,0,0,0,0,0,"N",8,14.3,0,0,0,0,0,0,0,0,0,0,0,0,0,0
"C1298","5","518210","48","0","2017","2","N",1,0,0,0,0,0,0,0,"N",0.21,0,0,0,0,0,0,0,"N",0,0.0,0,0,0,0,0,0,0,0,0,0,0,0,0,0
"C1302","5","518210","48","0","2017","2","",3,5,5,5,59450,14599,386,915,"",0.67,0.07,0.07,0.07,0.04,0.12,0.10,0.59,"N",1,50.0,0,0,0,0,0,0,0,0,0,0,0,0,0,0
"C1314","5","518210","48","0","2017","2","N",6,0,0,0,0,0,0,0,"N",0.34,0,0,0,0,0,0,0,"N",-2,-25.0,0,0,0,0,0,0,0,0,0,0,0,0,0,0
"C1322","5","518210","48","0","2017","2","N",1,0,0,0,0,0,0,0,"N",0.15,0,0,0,0,0,0,0,"N",0,0.0,0,0,0,0,0,0,0,0,0,0,0,0,0,0
"C1338","5","518210","48","0","2017","2","",22,112,115,122,1680554,1346027,16733,1111,"",1.40,0.58,0.59,0.62,0.38,0.97,0.88,0.64,"",5,29.4,21,23.1,23,25.0,33,37.1,396845,30.9,333999,33.0,-2552,-13.2,22,2.0
"C1346","5","518210","48","0","2017","2","",17,32,34,32,538992,285246,6290,1269,"",0.97,0.19,0.19,0.18,0.14,0.23,0.24,0.75,"",-1,-5.6,7,28.0,9,36.0,7,28.0,162092,43.0,26507,10.2,75,1.2,109,9.4
"C1374","5","518210","48","0","2017","2","N",11,0,0,0,0,0,0,0,"N",0.72,0,0,0,0,0,0,0,"N",0,0.0,0,0,0,0,0,0,0,0,0,0,0,0,0,0
"C1378","5","518210","48","0","2017","2","N",4,0,0,0,0,0,0,0,"N",0.35,0,0,0,0,0,0,0,"N",1,33.3,0,0,0,0,0,0,0,0,0,0,0,0,0,0
"C1382","5","518210","48","0","2017","2","N",49,0,0,0,0,0,0,0,"N",0.79,0,0,0,0,0,0,0,"N",6,14.0,0,0,0,0,0,0,0,0,0,0,0,0,0,0
"C1390","5","518210","48","0","2017","2","N",6,0,0,0,0,0,0,0,"N",0.57,0,0,0,0,0,0,0,"N",1,20.0,0,0,0,0,0,0,0,0,0,0,0,0,0,0
"C1398","5","518210","48","0","2017","2","N",6,0,0,0,0,0,0,0,"N",0.66,0,0,0,0,0,0,0,"N",-1,-14.3,0,0,0,0,0,0,0,0,0,0,0,0,0,0
"C1401","5","518210","48","0","2017","2","N",6,0,0,0,0,0,0,0,"N",0.74,0,0,0,0,0,0,0,"N",2,50.0,0,0,0,0,0,0,0,0,0,0,0,0,0,0
"C1402","5","518210","48","0","2017","2","N",5,0,0,0,0,0,0,0,"N",0.71,0,0,0,0,0,0,0,"N",-1,-16.7,0,0,0,0,0,0,0,0,0,0,0,0,0,0
"C1426","5","518210","48","0","2017","2","",51,261,257,274,4390689,2821531,30475,1279,"",1.11,0.40,0.39,0.41,0.30,0.65,0.66,0.76,"",6,13.3,-23,-8.1,-21,-7.6,-4,-1.4,-254484,-5.5,-154170,-5.2,-1590,-5.0,3,0.2
"C1446","5","518210","48","0","2017","2","N",348,0,0,0,0,0,0,0,"N",0.99,0,0,0,0,0,0,0,"N",24,7.4,0,0,0,0,0,0,0,0,0,0,0,0,0,0
"C1450","5","518210","48","0","2017","2","",129,894,882,897,24223031,1831152,39777,2091,"",3.97,2.30,2.26,2.28,1.99,2.04,2.57,0.87,"",45,53.6,74,9.0,64,7.8,74,9.0,3199827,15.2,349235,23.6,-1764,-4.2,120,6.1
"C1454","5","518210","48","0","2017","2","N",4,0,0,0,0,0,0,0,"N",0.42,0,0,0,0,0,0,0,"N",-1,-20.0,0,0,0,0,0,0,0,0,0,0,0,0,0,0
"C1474","5","518210","48","0","2017","2","N",12,0,0,0,0,0,0,0,"N",0.83,0,0,0,0,0,0,0,"N",0,0.0,0,0,0,0,0,0,0,0,0,0,0,0,0,0
"C1486","5","518210","48","0","2017","2","",57,330,331,335,10451327,791582,32742,2422,"",0.76,0.36,0.36,0.36,0.29,0.31,0.38,0.80,"",8,16.3,8,2.5,14,4.4,16,5.0,1360069,15.0,166865,26.7,7432,29.4,232,10.6
"C1518","5","518210","48","0","2017","2","N",1,0,0,0,0,0,0,0,"N",0.07,0,0,0,0,0,0,0,"N",0,0.0,0,0,0,0,0,0,0,0,0,0,0,0,0,0
"C1526","5","518210","48","0","2017","2","N",1,0,0,0,0,0,0,0,"N",0.15,0,0,0,0,0,0,0,"N",-1,-50.0,0,0,0,0,0,0,0,0,0,0,0,0,0,0
"C1538","5","518210","48","0","2017","2","N",32,0,0,0,0,0,0,0,"N",0.51,0,0,0,0,0,0,0,"N",-3,-8.6,0,0,0,0,0,0,0,0,0,0,0,0,0,0
"C1550","5","518210","48","0","2017","2","",5,127,127,134,1328862,778148,7481,790,"",0.68,0.97,0.97,1.03,0.50,1.08,1.21,0.51,"",1,25.0,1,0.8,-1,-0.8,6,4.7,149340,12.7,100634,14.9,-4659,-38.4,77,10.8
"C1554","5","518210","48","0","2017","2","",14,132,136,134,2245801,570794,23435,1289,"",0.78,0.50,0.52,0.50,0.34,0.67,0.81,0.67,"",-1,-6.7,-1,-0.8,6,4.6,3,2.3,279238,14.2,36205,6.8,4074,21.0,137,11.9
"C1594","5","518210","48","0","2017","2","",11,46,45,45,807100,51944,1468,1370,"",0.56,0.13,0.12,0.12,0.11,0.08,0.09,0.89,"",0,0.0,-1,-2.1,-2,-4.3,8,21.6,127120,18.7,-14377,-21.7,-1139,-43.7,172,14.4
"C1598","5","518210","48","0","2017","2","",34,172,177,175,3198586,139218,2436,1409,"",0.73,0.31,0.32,0.33,0.27,0.19,0.36,0.84,"",3,9.7,15,9.6,24,15.7,30,20.7,72428,2.3,37371,36.7,547,29.0,-177,-11.2
"C1602","5","518210","48","0","2017","2","N",1,0,0,0,0,0,0,0,"N",0.15,0,0,0,0,0,0,0,"N",0,0.0,0,0,0,0,0,0,0,0,0,0,0,0,0,0
"C1606","5","518210","48","0","2017","2","N",2,0,0,0,0,0,0,0,"N",0.36,0,0,0,0,0,0,0,"N",-1,-33.3,0,0,0,0,0,0,0,0,0,0,0,0,0,0
"C1618","5","518210","48","0","2017","2","",6,23,24,27,474256,185735,3947,1479,"",1.39,0.36,0.37,0.41,0.29,0.58,0.57,0.78,"N",-1,-14.3,0,0,0,0,0,0,0,0,0,0,0,0,0,0
"C1622","5","518210","48","0","2017","2","N",2,0,0,0,0,0,0,0,"N",0.27,0,0,0,0,0,0,0,"N",-1,-33.3,0,0,0,0,0,0,0,0,0,0,0,0,0,0
"C1630","5","518210","48","0","2017","2","N",25,0,0,0,0,0,0,0,"N",1.45,0,0,0,0,0,0,0,"N",-1,-3.8,0,0,0,0,0,0,0,0,0,0,0,0,0,0
"C1654","5","518210","48","0","2017","2","N",5,0,0,0,0,0,0,0,"N",0.71,0,0,0,0,0,0,0,"N",-1,-16.7,0,0,0,0,0,0,0,0,0,0,0,0,0,0
"C1658","5","518210","48","0","2017","2","N",17,0,0,0,0,0,0,0,"N",1.68,0,0,0,0,0,0,0,"N",2,13.3,0,0,0,0,0,0,0,0,0,0,0,0,0,0
"C1662","5","518210","48","0","2017","2","",8,187,185,191,2826988,377551,13461,1159,"",0.60,0.81,0.80,0.82,0.54,0.78,1.14,0.66,"",1,14.3,50,36.5,49,36.0,52,37.4,346795,14.0,220699,140.7,6930,106.1,-230,-16.6
"C1670","5","518210","48","0","2017","2","",54,517,518,518,7878243,1682956,19088,1171,"",1.26,0.72,0.72,0.71,0.47,0.81,0.81,0.65,"N",9,20.0,0,0,0,0,0,0,0,0,0,0,0,0,0,0
"C1674","5","518210","48","0","2017","2","",181,7766,7896,7994,178371915,33877994,337324,1740,"",1.23,3.09,3.13,3.16,2.68,2.68,2.48,0.86,"",-2,-1.1,-38,-0.5,65,0.8,68,0.9,2092239,1.2,51422,0.2,-218998,-39.4,13,0.8
"C1682","5","518210","48","0","2017","2","",11,117,118,111,2910662,39000,652,1941,"",0.63,0.48,0.48,0.46,0.50,0.14,0.21,1.06,"",-3,-21.4,-3,-2.5,-3,-2.5,-2,-1.8,210386,7.8,-40119,-50.7,-1038,-61.4,181,10.3
"C1686","5","518210","48","0","2017","2","",29,362,367,385,5662743,465531,5972,1173,"",1.12,0.69,0.70,0.73,0.48,0.59,0.63,0.68,"N",11,61.1,0,0,0,0,0,0,0,0,0,0,0,0,0,0
"C1694","5","518210","48","0","2017","2","",13,166,167,164,2039525,1177348,10330,947,"",1.69,1.68,1.68,1.64,0.91,2.54,1.85,0.55,"",1,8.3,1,0.6,4,2.5,1,0.6,-35665,-1.7,-74401,-5.9,-1120,-9.8,-28,-2.9
"C1698","5","518210","48","0","2017","2","",391,8223,8349,8563,234020797,12990060,390267,2149,"",0.73,0.85,0.85,0.86,0.82,0.54,0.62,0.96,"",-69,-15.0,338,4.3,472,6.0,476,5.9,7337681,3.2,250974,2.0,-28972,-6.9,-44,-2.0
"C1702","5","518210","48","0","2017","2","",5,71,82,83,1130247,134157,7768,1105,"",0.28,0.40,0.45,0.46,0.31,0.62,0.86,0.71,"",0,0.0,22,44.9,44,115.8,40,93.0,589474,109.0,44871,50.3,3672,89.6,145,15.1
"C1714","5","518210","48","0","2017","2","",91,705,713,706,15546807,851229,28515,1689,"",0.79,0.31,0.32,0.31,0.27,0.24,0.32,0.86,"",17,23.0,1,0.1,8,1.1,4,0.6,2102165,15.6,-149469,-14.9,-4206,-12.9,219,14.9
"C1730","5","518210","48","0","2017","2","N",12,0,0,0,0,0,0,0,"N",1.14,0,0,0,0,0,0,0,"N",5,71.4,0,0,0,0,0,0,0,0,0,0,0,0,0,0
"C1742","5","518210","48","0","2017","2","-",0,0,0,0,0,0,0,0,"N",0.00,0,0,0,0,0,0,0,"N",-1,-100.0,0,0,0,0,0,0,0,0,0,0,0,0,0,0
"C1746","5","518210","48","0","2017","2","",98,1505,1510,1564,28012462,1448165,36482,1412,"",0.82,0.69,0.69,0.70,0.50,0.44,0.40,0.73,"",10,11.4,154,11.4,160,11.9,182,13.2,5209592,22.8,-676926,-31.9,-4087,-10.1,123,9.5
"C1766","5","518210","48","0","2017","2","",10,25,24,23,352708,264614,4232,1130,"",0.89,0.19,0.18,0.17,0.14,0.32,0.44,0.78,"",4,66.7,4,19.0,3,14.3,1,4.5,54597,18.3,62630,31.0,1564,58.6,55,5.1
"C1778","5","518210","48","0","2017","2","",7,76,76,78,661071,162497,1575,663,"",0.62,0.32,0.32,0.34,0.14,0.51,0.29,0.43,"N",2,40.0,0,0,0,0,0,0,0,0,0,0,0,0,0,0
"C1782","5","518210","48","0","2017","2","N",72,0,0,0,0,0,0,0,"N",1.65,0,0,0,0,0,0,0,"N",25,53.2,0,0,0,0,0,0,0,0,0,0,0,0,0,0
"C1786","5","518210","48","0","2017","2","",6,11,10,11,124430,45393,1060,897,"",0.56,0.05,0.05,0.05,0.03,0.10,0.21,0.54,"",0,0.0,-3,-21.4,-4,-28.6,-5,-31.2,-35080,-22.0,14296,46.0,618,139.8,60,7.2
"C1790","5","518210","48","0","2017","2","N",53,0,0,0,0,0,0,0,"N",1.33,0,0,0,0,0,0,0,"N",6,12.8,0,0,0,0,0,0,0,0,0,0,0,0,0,0
"C1798","5","518210","48","0","2017","2","N",6,0,0,0,0,0,0,0,"N",0.46,0,0,0,0,0,0,0,"N",-1,-14.3,0,0,0,0,0,0,0,0,0,0,0,0,0,0
"C1814","5","518210","48","0","2017","2","",109,2467,2456,2507,43547224,2164604,53848,1353,"",1.06,1.12,1.11,1.13,0.78,0.63,0.62,0.69,"",14,14.7,340,16.0,313,14.6,89,3.7,7358923,20.3,-305768,-12.4,3299,6.5,104,8.3
"C1858","5","518210","48","0","2017","2","",5,43,42,42,516902,57041,725,939,"",0.23,0.10,0.10,0.10,0.06,0.08,0.04,0.54,"",1,25.0,6,16.2,2,5.0,3,7.7,32593,6.7,10613,22.9,403,125.2,-24,-2.5
"C1870","5","518210","48","0","2017","2","",8,109,107,106,2302706,1397205,43418,1650,"",1.39,1.33,1.29,1.27,1.14,3.42,5.54,0.88,"",2,33.3,-13,-10.7,-15,-12.3,-16,-13.1,-160964,-6.5,-49385,-3.4,-732,-1.7,97,6.2
"C1888","5","518210","48","0","2017","2","",18,109,115,116,1444931,110123,1364,981,"",0.95,0.46,0.48,0.49,0.28,0.32,0.42,0.59,"",2,12.5,22,25.3,30,35.3,28,31.8,147578,11.4,38613,54.0,451,49.4,-170,-14.8
"C1906","5","518210","48","0","2017","2","N",2,0,0,0,0,0,0,0,"N",0.44,0,0,0,0,0,0,0,"N",-1,-33.3,0,0,0,0,0,0,0,0,0,0,0,0,0,0
"C1910","5","518210","48","0","2017","2","",401,13688,13543,13586,388146590,9118805,414608,2194,"",1.06,1.84,1.81,1.81,1.79,0.73,1.61,0.98,"",37,10.2,-687,-4.8,-705,-4.9,-704,-4.9,-276286,-0.1,-702010,-7.1,39,0.0,105,5.0
"C1918","5","518210","48","0","2017","2","N",1,0,0,0,0,0,0,0,"N",0.34,0,0,0,0,0,0,0,"N",0,0.0,0,0,0,0,0,0,0,0,0,0,0,0,0,0
"C1930","5","518210","48","0","2017","2","N",11,0,0,0,0,0,0,0,"N",0.85,0,0,0,0,0,0,0,"N",5,83.3,0,0,0,0,0,0,0,0,0,0,0,0,0,0
"C1934","5","518210","48","0","2017","2","",11,48,48,45,677307,194816,8381,1109,"",0.52,0.12,0.12,0.11,0.07,0.11,0.23,0.63,"N",1,10.0,0,0,0,0,0,0,0,0,0,0,0,0,0,0
"C1938","5","518210","48","0","2017","2","",22,441,421,418,8391876,257471,11986,1513,"",0.58,0.55,0.52,0.52,0.45,0.22,0.40,0.85,"",-5,-18.5,71,19.2,42,11.1,27,6.9,-460099,-5.2,-454538,-63.8,-10493,-46.7,-279,-15.6
"C1946","5","518210","48","0","2017","2","",7,13,14,14,178201,19048,614,1003,"",1.01,0.12,0.12,0.12,0.07,0.11,0.27,0.62,"",0,0.0,1,8.3,2,16.7,2,16.7,5174,3.0,-10044,-34.5,-420,-40.6,-106,-9.6
"C1950","5","518210","48","0","2017","2","N",1,0,0,0,0,0,0,0,"N",0.21,0,0,0,0,0,0,0,"N",0,0.0,0,0,0,0,0,0,0,0,0,0,0,0,0,0
"C1966","5","518210","48","0","2017","2","N",24,0,0,0,0,0,0,0,"N",0.67,0,0,0,0,0,0,0,"N",1,4.3,0,0,0,0,0,0,0,0,0,0,0,0,0,0
"C1974","5","518210","48","0","2017","2","",586,8475,8518,8725,250201064,15901170,425025,2245,"",2.70,2.72,2.73,2.75,2.64,1.95,2.85,0.97,"N",156,36.3,0,0,0,0,0,0,0,0,0,0,0,0,0,0
"C1978","5","518210","48","0","2017","2","N",87,0,0,0,0,0,0,0,"N",1.89,0,0,0,0,0,0,0,"N",4,4.8,0,0,0,0,0,0,0,0,0,0,0,0,0,0
"C1982","5","518210","48","0","2017","2","",230,2838,2804,2827,54486750,3752379,104748,1485,"",1.11,0.69,0.68,0.67,0.46,0.56,0.49,0.68,"",38,19.8,-453,-13.8,-467,-14.3,-446,-13.6,-3700674,-6.4,-1780367,-32.2,-83770,-44.4,120,8.8
"C2002","5","518210","48","0","2017","2","N",1,0,0,0,0,0,0,0,"N",0.12,0,0,0,0,0,0,0,"N",0,0.0,0,0,0,0,0,0,0,0,0,0,0,0,0,0
"C2010","5","518210","48","0","2017","2","",12,10,10,12,376743,65085,1332,2717,"",1.40,0.07,0.07,0.08,0.13,0.14,0.20,1.74,"N",2,20.0,0,0,0,0,0,0,0,0,0,0,0,0,0,0
"C2022","5","518210","48","0","2017","2","N",3,0,0,0,0,0,0,0,"N",0.43,0,0,0,0,0,0,0,"N",0,0.0,0,0,0,0,0,0,0,0,0,0,0,0,0,0
"C2026","5","518210","48","0","2017","2","",8,186,187,185,1323133,776112,20721,547,"",0.53,0.68,0.67,0.66,0.22,0.59,0.86,0.32,"N",0,0.0,0,0,0,0,0,0,0,0,0,0,0,0,0,0
"C2050","5","518210","48","0","2017","2","",47,451,446,452,15714666,3363399,48240,2688,"",1.52,0.71,0.69,0.70,0.82,1.41,2.24,1.17,"",2,4.4,117,35.0,114,34.3,114,33.7,7957737,102.6,1773904,111.6,19761,69.4,905,50.8
"C2070","5","518210","48","0","2017","2","N",1,0,0,0,0,0,0,0,"N",0.13,0,0,0,0,0,0,0,"N",-1,-50.0,0,0,0,0,0,0,0,0,0,0,0,0,0,0
"C2074","5","518210","48","0","2017","2","N",1,0,0,0,0,0,0,0,"N",0.11,0,0,0,0,0,0,0,"N",-1,-50.0,0,0,0,0,0,0,0,0,0,0,0,0,0,0
"C2106","5","518210","48","0","2017","2","N",12,0,0,0,0,0,0,0,"N",1.55,0,0,0,0,0,0,0,"N",1,9.1,0,0,0,0,0,0,0,0,0,0,0,0,0,0
"C2114","5","518210","48","0","2017","2","N",8,0,0,0,0,0,0,0,"N",0.80,0,0,0,0,0,0,0,"N",3,60.0,0,0,0,0,0,0,0,0,0,0,0,0,0,0
"C2134","5","518210","48","0","2017","2","",15,1037,1029,1019,10281295,1987238,77286,769,"",0.46,1.57,1.56,1.56,0.83,1.69,3.33,0.53,"",-2,-11.8,-127,-10.9,-144,-12.3,-131,-11.4,-347784,-3.3,-252306,-11.3,-5222,-6.3,66,9.4
"C2150","5","518210","48","0","2017","2","N",4,0,0,0,0,0,0,0,"N",0.27,0,0,0,0,0,0,0,"N",1,33.3,0,0,0,0,0,0,0,0,0,0,0,0,0,0
"C2166","5","518210","48","0","2017","2","",21,51,50,48,901936,622663,14731,1397,"",0.82,0.15,0.15,0.14,0.13,0.29,0.32,0.85,"",5,31.2,4,8.5,5,11.1,4,9.1,311502,52.8,209689,50.8,4303,41.3,395,39.4
"C2178","5","518210","48","0","2017","2","N",3,0,0,0,0,0,0,0,"N",0.19,0,0,0,0,0,0,0,"N",0,0.0,0,0,0,0,0,0,0,0,0,0,0,0,0,0
"C2182","5","518210","48","0","2017","2","N",3,0,0,0,0,0,0,0,"N",0.62,0,0,0,0,0,0,0,"N",1,50.0,0,0,0,0,0,0,0,0,0,0,0,0,0,0
"C2202","5","518210","48","0","2017","2","N",13,0,0,0,0,0,0,0,"N",0.71,0,0,0,0,0,0,0,"N",2,18.2,0,0,0,0,0,0,0,0,0,0,0,0,0,0
"C2214","5","518210","48","0","2017","2","N",1,0,0,0,0,0,0,0,"N",0.16,0,0,0,0,0,0,0,"N",0,0.0,0,0,0,0,0,0,0,0,0,0,0,0,0,0
"C2218","5","518210","48","0","2017","2","N",5,0,0,0,0,0,0,0,"N",0.35,0,0,0,0,0,0,0,"N",0,0.0,0,0,0,0,0,0,0,0,0,0,0,0,0,0
"C2222","5","518210","48","0","2017","2","",34,256,252,244,5028586,515031,16008,1543,"",1.23,0.50,0.50,0.48,0.40,0.34,0.87,0.82,"",5,17.2,-7,-2.7,0,0.0,-9,-3.6,274043,5.8,-186639,-26.6,-73,-0.5,114,8.0
"C2238","5","518210","48","0","2017","2","-",0,0,0,0,0,0,0,0,"N",0.00,0,0,0,0,0,0,0,"N",0,0,0,0,0,0,0,0,0,0,0,0,0,0,0,0
"C2242","5","518210","48","0","2017","2","",13,85,89,92,795450,230533,4625,690,"",0.89,0.29,0.30,0.31,0.12,0.41,0.28,0.41,"",1,8.3,9,11.8,14,18.7,17,22.7,-438572,-35.5,106134,85.3,1412,43.9,-570,-45.2
"C2250","5","518210","48","0","2017","2","N",2,0,0,0,0,0,0,0,"N",0.22,0,0,0,0,0,0,0,"N",0,0.0,0,0,0,0,0,0,0,0,0,0,0,0,0,0
"C2252","5","518210","48","0","2017","2","N",2,0,0,0,0,0,0,0,"N",0.28,0,0,0,0,0,0,0,"N",1,100.0,0,0,0,0,0,0,0,0,0,0,0,0,0,0
"C2254","5","518210","48","0","2017","2","N",1,0,0,0,0,0,0,0,"N",0.20,0,0,0,0,0,0,0,"N",0,0.0,0,0,0,0,0,0,0,0,0,0,0,0,0,0
"C2266","5","518210","48","0","2017","2","",38,478,467,474,6659024,945309,30813,1083,"",1.48,1.41,1.36,1.36,0.83,1.05,1.92,0.60,"",10,35.7,-94,-16.4,-100,-17.6,-89,-15.8,-905940,-12.0,-300359,-24.1,1923,6.7,57,5.6
"C2290","5","518210","48","0","2017","2","N",2,0,0,0,0,0,0,0,"N",0.14,0,0,0,0,0,0,0,"N",-1,-33.3,0,0,0,0,0,0,0,0,0,0,0,0,0,0
"C2306","5","518210","48","0","2017","2","N",12,0,0,0,0,0,0,0,"N",0.56,0,0,0,0,0,0,0,"N",2,20.0,0,0,0,0,0,0,0,0,0,0,0,0,0,0
"C2342","5","518210","48","0","2017","2","N",10,0,0,0,0,0,0,0,"N",0.13,0,0,0,0,0,0,0,"N",1,11.1,0,0,0,0,0,0,0,0,0,0,0,0,0,0
"C2354","5","518210","48","0","2017","2","N",9,0,0,0,0,0,0,0,"N",0.57,0,0,0,0,0,0,0,"N",3,50.0,0,0,0,0,0,0,0,0,0,0,0,0,0,0
"C2358","5","518210","48","0","2017","2","N",1,0,0,0,0,0,0,0,"N",0.11,0,0,0,0,0,0,0,"N",-2,-66.7,0,0,0,0,0,0,0,0,0,0,0,0,0,0
"C2414","5","518210","48","0","2017","2","N",2,0,0,0,0,0,0,0,"N",0.41,0,0,0,0,0,0,0,"N",0,0.0,0,0,0,0,0,0,0,0,0,0,0,0,0,0
"C2422","5","518210","48","0","2017","2","N",5,0,0,0,0,0,0,0,"N",0.73,0,0,0,0,0,0,0,"N",-1,-16.7,0,0,0,0,0,0,0,0,0,0,0,0,0,0
"C2426","5","518210","48","0","2017","2","N",1,0,0,0,0,0,0,0,"N",0.15,0,0,0,0,0,0,0,"N",0,0.0,0,0,0,0,0,0,0,0,0,0,0,0,0,0
"C2430","5","518210","48","0","2017","2","",8,48,48,49,949931,71803,750,1512,"",0.77,0.36,0.36,0.37,0.35,0.20,0.09,0.95,"",1,14.3,13,37.1,15,45.5,15,44.1,428732,82.3,17718,32.8,148,24.6,333,28.2
"C2434","5","518210","48","0","2017","2","",50,510,518,523,8484318,503789,12170,1262,"",1.06,0.43,0.43,0.43,0.31,0.26,0.23,0.72,"N",10,25.0,0,0,0,0,0,0,0,0,0,0,0,0,0,0
"C2442","5","518210","48","0","2017","2","N",2,0,0,0,0,0,0,0,"N",0.38,0,0,0,0,0,0,0,"N",0,0.0,0,0,0,0,0,0,0,0,0,0,0,0,0,0
"C2450","5","518210","48","0","2017","2","",3,18,18,19,290928,250079,979,1221,"",0.50,0.23,0.23,0.24,0.19,0.54,0.20,0.79,"N",1,50.0,0,0,0,0,0,0,0,0,0,0,0,0,0,0
"C2454","5","518210","48","0","2017","2","",24,88,85,81,1959730,294465,6421,1780,"",1.54,0.39,0.37,0.35,0.36,0.43,0.49,0.99,"",5,26.3,25,39.7,15,21.4,1,1.2,358913,22.4,-68661,-18.9,1948,43.6,46,2.7
"C2458","5","518210","48","0","2017","2","N",7,0,0,0,0,0,0,0,"N",0.41,0,0,0,0,0,0,0,"N",0,0.0,0,0,0,0,0,0,0,0,0,0,0,0,0,0
"C2466","5","518210","48","0","2017","2","",25,476,475,485,14142811,1899054,13866,2273,"",0.64,0.62,0.62,0.64,0.84,0.48,0.36,1.34,"",3,13.6,101,26.9,97,25.7,102,26.6,-460848,-3.2,369752,24.2,-7002,-33.6,-694,-23.4
"C2478","5","518210","48","0","2017","2","N",5,0,0,0,0,0,0,0,"N",0.62,0,0,0,0,0,0,0,"N",1,25.0,0,0,0,0,0,0,0,0,0,0,0,0,0,0
"C2486","5","518210","48","0","2017","2","",39,452,449,451,8331102,1083514,30466,1422,"",0.90,0.54,0.53,0.53,0.44,0.41,0.85,0.83,"",4,11.4,126,38.7,132,41.6,128,39.6,2509859,43.1,431130,66.1,18927,164.0,31,2.2
"C2506","5","518210","48","0","2017","2","N",4,0,0,0,0,0,0,0,"N",0.24,0,0,0,0,0,0,0,"N",0,0.0,0,0,0,0,0,0,0,0,0,0,0,0,0,0
"C2518","5","518210","48","0","2017","2","N",10,0,0,0,0,0,0,0,"N",0.85,0,0,0,0,0,0,0,"N",1,11.1,0,0,0,0,0,0,0,0,0,0,0,0,0,0
"C2522","5","518210","48","0","2017","2","N",4,0,0,0,0,0,0,0,"N",0.65,0,0,0,0,0,0,0,"N",-1,-20.0,0,0,0,0,0,0,0,0,0,0,0,0,0,0
"C2526","5","518210","48","0","2017","2","N",1,0,0,0,0,0,0,0,"N",0.12,0,0,0,0,0,0,0,"N",1,100.0,0,0,0,0,0,0,0,0,0,0,0,0,0,0
"C2542","5","518210","48","0","2017","2","",28,592,587,587,9439090,270202,18773,1233,"",0.88,0.85,0.83,0.83,0.53,0.26,0.37,0.64,"N",0,0.0,0,0,0,0,0,0,0,0,0,0,0,0,0,0
"C2554","5","518210","48","0","2017","2","N",44,0,0,0,0,0,0,0,"N",0.57,0,0,0,0,0,0,0,"N",-1,-2.2,0,0,0,0,0,0,0,0,0,0,0,0,0,0
"C2562","5","518210","48","0","2017","2","N",1,0,0,0,0,0,0,0,"N",0.14,0,0,0,0,0,0,0,"N",0,0.0,0,0,0,0,0,0,0,0,0,0,0,0,0,0
"C2586","5","518210","48","0","2017","2","N",10,0,0,0,0,0,0,0,"N",0.60,0,0,0,0,0,0,0,"N",-2,-16.7,0,0,0,0,0,0,0,0,0,0,0,0,0,0
"C2594","5","518210","48","0","2017","2","",10,37,37,36,375000,60420,318,787,"",0.76,0.23,0.23,0.21,0.12,0.11,0.06,0.53,"",1,11.1,-2,-5.1,-2,-5.1,-2,-5.3,-39346,-9.5,-23100,-27.7,-173,-35.2,-37,-4.5
"C2598","5","518210","48","0","2017","2","N",1,0,0,0,0,0,0,0,"N",0.49,0,0,0,0,0,0,0,"N",0,0.0,0,0,0,0,0,0,0,0,0,0,0,0,0,0
"C2614","5","518210","48","0","2017","2","N",2,0,0,0,0,0,0,0,"N",0.30,0,0,0,0,0,0,0,"N",0,0.0,0,0,0,0,0,0,0,0,0,0,0,0,0,0
"C2630","5","518210","48","0","2017","2","N",1,0,0,0,0,0,0,0,"N",0.15,0,0,0,0,0,0,0,"N",0,0.0,0,0,0,0,0,0,0,0,0,0,0,0,0,0
"C2638","5","518210","48","0","2017","2","N",6,0,0,0,0,0,0,0,"N",0.53,0,0,0,0,0,0,0,"N",1,20.0,0,0,0,0,0,0,0,0,0,0,0,0,0,0
"C2642","5","518210","48","0","2017","2","",212,3543,3568,3512,72884836,3959474,167062,1583,"",0.64,0.56,0.57,0.55,0.38,0.38,0.67,0.67,"",14,7.1,39,1.1,-22,-0.6,-114,-3.1,2844894,4.1,-141387,-3.4,46597,38.7,75,5.0
"C2658","5","518210","48","0","2017","2","N",7,0,0,0,0,0,0,0,"N",0.40,0,0,0,0,0,0,0,"N",0,0.0,0,0,0,0,0,0,0,0,0,0,0,0,0,0
"C2662","5","518210","48","0","2017","2","N",23,0,0,0,0,0,0,0,"N",0.98,0,0,0,0,0,0,0,"N",7,43.8,0,0,0,0,0,0,0,0,0,0,0,0,0,0
"C2682","5","518210","48","0","2017","2","",6,17,18,17,121444,87994,654,539,"",0.60,0.12,0.13,0.12,0.04,0.10,0.07,0.34,"N",-1,-14.3,0,0,0,0,0,0,0,0,0,0,0,0,0,0
"C2690","5","518210","48","0","2017","2","",97,2138,2106,2024,35370598,2919786,54715,1302,"",0.95,0.99,0.97,0.93,0.66,0.76,0.82,0.69,"",3,3.2,88,4.3,20,1.0,7,0.3,1940649,5.8,-279234,-8.7,-15300,-21.9,48,3.8
"C2698","5","518210","48","0","2017","2","",9,52,52,52,1132691,451518,8222,1676,"",0.85,0.26,0.26,0.26,0.23,0.47,0.63,0.91,"N",3,50.0,0,0,0,0,0,0,0,0,0,0,0,0,0,0
"C2706","5","518210","48","0","2017","2","",3,2,3,3,13639,9539,341,393,"",0.53,0.02,0.03,0.03,0.00,0.07,0.10,0.18,"N",0,0.0,0,0,0,0,0,0,0,0,0,0,0,0,0,0
"C2710","5","518210","48","0","2017","2","",5,27,27,28,338829,62268,2990,954,"",0.88,0.22,0.22,0.22,0.12,0.33,0.50,0.53,"",2,66.7,13,92.9,13,92.9,13,86.7,246275,266.1,-994,-1.6,502,20.2,457,92.0
"C2714","5","518210","48","0","2017","2","N",19,0,0,0,0,0,0,0,"N",0.62,0,0,0,0,0,0,0,"N",0,0.0,0,0,0,0,0,0,0,0,0,0,0,0,0,0
"C2718","5","518210","48","0","2017","2","N",2,0,0,0,0,0,0,0,"N",0.31,0,0,0,0,0,0,0,"N",0,0.0,0,0,0,0,0,0,0,0,0,0,0,0,0,0
"C2726","5","518210","48","0","2017","2","",99,1829,1848,1891,111582972,1709457,18335,4625,"",1.06,1.28,1.30,1.34,3.29,0.94,0.93,2.52,"",9,10.0,6,0.3,36,2.0,87,4.8,25601026,29.8,-357902,-17.3,-11790,-39.1,977,26.8
"C2734","5","518210","48","0","2017","2","",6,24,25,25,299646,86006,1300,934,"",0.92,0.23,0.24,0.24,0.17,0.22,0.38,0.72,"",0,0.0,-2,-7.7,0,0.0,0,0.0,11523,4.0,7777,9.9,-254,-16.3,59,6.7
"C2750","5","518210","48","0","2017","2","N",5,0,0,0,0,0,0,0,"N",0.70,0,0,0,0,0,0,0,"N",0,0.0,0,0,0,0,0,0,0,0,0,0,0,0,0,0
"C2762","5","518210","48","0","2017","2","",7,376,364,363,4757009,1474667,15327,995,"",0.82,2.28,2.21,2.20,1.43,4.21,3.48,0.64,"",0,0.0,-4,-1.1,-14,-3.7,-6,-1.6,1028732,27.6,118268,8.7,-7051,-31.5,232,30.4
"C2774","5","518210","48","0","2017","2","N",5,0,0,0,0,0,0,0,"N",0.60,0,0,0,0,0,0,0,"N",2,66.7,0,0,0,0,0,0,0,0,0,0,0,0,0,0
"C2778","5","518210","48","0","2017","2","N",3,0,0,0,0,0,0,0,"N",0.40,0,0,0,0,0,0,0,"N",-1,-25.0,0,0,0,0,0,0,0,0,0,0,0,0,0,0
"C2786","5","518210","48","0","2017","2","N",1,0,0,0,0,0,0,0,"N",0.14,0,0,0,0,0,0,0,"N",0,0.0,0,0,0,0,0,0,0,0,0,0,0,0,0,0
"C2790","5","518210","48","0","2017","2","N",2,0,0,0,0,0,0,0,"N",0.20,0,0,0,0,0,0,0,"N",1,100.0,0,0,0,0,0,0,0,0,0,0,0,0,0,0
"C2798","5","518210","48","0","2017","2","N",3,0,0,0,0,0,0,0,"N",0.23,0,0,0,0,0,0,0,"N",-1,-25.0,0,0,0,0,0,0,0,0,0,0,0,0,0,0
"C2802","5","518210","48","0","2017","2","N",5,0,0,0,0,0,0,0,"N",0.37,0,0,0,0,0,0,0,"N",1,25.0,0,0,0,0,0,0,0,0,0,0,0,0,0,0
"C2814","5","518210","48","0","2017","2","",134,3604,3616,3652,67570661,7819885,99407,1434,"",0.98,1.61,1.61,1.62,1.17,1.06,1.19,0.73,"",7,5.5,117,3.4,140,4.0,153,4.4,4825966,7.7,896362,12.9,-40129,-28.8,50,3.6
"C2842","5","518210","48","0","2017","2","N",5,0,0,0,0,0,0,0,"N",0.28,0,0,0,0,0,0,0,"N",-1,-16.7,0,0,0,0,0,0,0,0,0,0,0,0,0,0
"C2866","5","518210","48","0","2017","2","",9,66,68,76,1876189,51857,2022,2062,"",0.59,0.22,0.22,0.25,0.27,0.11,0.25,1.20,"",2,28.6,9,15.8,11,19.3,20,35.7,482600,34.6,23029,79.9,650,47.4,170,9.0
"C2870","5","518210","48","0","2017","2","N",7,0,0,0,0,0,0,0,"N",0.49,0,0,0,0,0,0,0,"N",2,40.0,0,0,0,0,0,0,0,0,0,0,0,0,0,0
"C2874","5","518210","48","0","2017","2","N",3,0,0,0,0,0,0,0,"N",0.27,0,0,0,0,0,0,0,"N",-2,-40.0,0,0,0,0,0,0,0,0,0,0,0,0,0,0
"C2894","5","518210","48","0","2017","2","",41,317,316,325,7123494,321454,5839,1716,"",1.00,0.39,0.39,0.40,0.37,0.28,0.46,0.95,"",11,36.7,-4,-1.2,-14,-4.2,-8,-2.4,-503167,-6.6,66787,26.2,3188,120.3,-73,-4.1
"C2910","5","518210","48","0","2017","2","N",8,0,0,0,0,0,0,0,"N",1.08,0,0,0,0,0,0,0,"N",0,0.0,0,0,0,0,0,0,0,0,0,0,0,0,0,0
"C2918","5","518210","48","0","2017","2","N",16,0,0,0,0,0,0,0,"N",0.50,0,0,0,0,0,0,0,"N",3,23.1,0,0,0,0,0,0,0,0,0,0,0,0,0,0
"C2920","5","518210","48","0","2017","2","N",4,0,0,0,0,0,0,0,"N",0.47,0,0,0,0,0,0,0,"N",0,0.0,0,0,0,0,0,0,0,0,0,0,0,0,0,0
"C2934","5","518210","48","0","2017","2","N",5,0,0,0,0,0,0,0,"N",0.43,0,0,0,0,0,0,0,"N",-1,-16.7,0,0,0,0,0,0,0,0,0,0,0,0,0,0
"C2942","5","518210","48","0","2017","2","N",1,0,0,0,0,0,0,0,"N",0.13,0,0,0,0,0,0,0,"N",0,0.0,0,0,0,0,0,0,0,0,0,0,0,0,0,0
"C2946","5","518210","48","0","2017","2","",8,35,35,34,694347,72738,1527,1541,"",0.29,0.07,0.07,0.07,0.07,0.11,0.27,0.99,"",4,100.0,18,105.9,18,105.9,19,126.7,508390,273.4,44700,159.4,1059,226.3,665,75.9
"C2954","5","518210","48","0","2017","2","",7,77,74,71,1241967,147359,8668,1291,"",0.25,0.15,0.14,0.14,0.11,0.17,0.22,0.76,"",-1,-12.5,0,0.0,-6,-7.5,-8,-10.1,110019,9.7,-47391,-24.3,-3686,-29.8,184,16.6
"C2962","5","518210","48","0","2017","2","",18,597,587,579,8844183,300626,10773,1158,"",0.93,1.30,1.27,1.26,0.79,0.47,0.58,0.62,"",3,20.0,38,6.8,26,4.6,3,0.5,699249,8.6,-215487,-41.8,-5336,-33.1,50,4.5
"C2970","5","518210","48","0","2017","2","N",1,0,0,0,0,0,0,0,"N",0.09,0,0,0,0,0,0,0,"N",0,0.0,0,0,0,0,0,0,0,0,0,0,0,0,0,0
"C2974","5","518210","48","0","2017","2","N",4,0,0,0,0,0,0,0,"N",0.40,0,0,0,0,0,0,0,"N",1,33.3,0,0,0,0,0,0,0,0,0,0,0,0,0,0
"C2982","5","518210","48","0","2017","2","",184,1461,1473,1483,30405368,13030851,276208,1589,"",1.60,0.70,0.71,0.71,0.63,0.89,0.97,0.89,"",-25,-12.0,4,0.3,6,0.4,20,1.4,612784,2.1,-385794,-2.9,16402,6.3,22,1.4
"C2994","5","518210","48","0","2017","2","",9,142,141,130,1734365,558026,15732,969,"",1.39,1.31,1.31,1.23,0.84,1.25,3.87,0.66,"",3,50.0,-15,-9.6,-16,-10.2,-27,-17.2,123018,7.6,86796,18.4,10291,189.1,180,22.8
"C3002","5","518210","48","0","2017","2","N",1,0,0,0,0,0,0,0,"N",0.19,0,0,0,0,0,0,0,"N",0,0.0,0,0,0,0,0,0,0,0,0,0,0,0,0,0
"C3014","5","518210","48","0","2017","2","",4,24,24,24,400932,42106,2793,1285,"",0.67,0.22,0.22,0.22,0.18,0.24,0.33,0.81,"N",1,33.3,0,0,0,0,0,0,0,0,0,0,0,0,0,0
"C3030","5","518210","48","0","2017","2","N",1,0,0,0,0,0,0,0,"N",0.25,0,0,0,0,0,0,0,"N",0,0.0,0,0,0,0,0,0,0,0,0,0,0,0,0,0
"C3034","5","518210","48","0","2017","2","N",3,0,0,0,0,0,0,0,"N",0.44,0,0,0,0,0,0,0,"N",-2,-40.0,0,0,0,0,0,0,0,0,0,0,0,0,0,0
"C3046","5","518210","48","0","2017","2","",38,508,507,510,9742866,688366,19246,1474,"",1.15,0.87,0.87,0.87,0.70,0.62,0.78,0.81,"",2,5.6,56,12.4,55,12.2,45,9.7,1899516,24.2,-136060,-16.5,-7064,-26.8,152,11.5
"C3062","5","518210","48","0","2017","2","N",2,0,0,0,0,0,0,0,"N",0.38,0,0,0,0,0,0,0,"N",0,0.0,0,0,0,0,0,0,0,0,0,0,0,0,0,0
"C3070","5","518210","48","0","2017","2","",21,182,179,185,2822987,177060,1610,1193,"",0.91,0.48,0.47,0.49,0.35,0.34,0.35,0.73,"",1,5.0,19,11.7,11,6.5,18,10.8,335366,13.5,3371,1.9,-654,-28.9,40,3.5
"C3078","5","518210","48","0","2017","2","N",39,0,0,0,0,0,0,0,"N",0.87,0,0,0,0,0,0,0,"N",1,2.6,0,0,0,0,0,0,0,0,0,0,0,0,0,0
"C3086","5","518210","48","0","2017","2","",8,117,123,115,1972583,895687,5957,1282,"",0.94,0.93,0.98,0.91,0.89,1.29,1.69,0.95,"N",1,14.3,0,0,0,0,0,0,0,0,0,0,0,0,0,0
"C3098","5","518210","48","0","2017","2","N",1,0,0,0,0,0,0,0,"N",0.08,0,0,0,0,0,0,0,"N",1,100.0,0,0,0,0,0,0,0,0,0,0,0,0,0,0
"C3102","5","518210","48","0","2017","2","N",2,0,0,0,0,0,0,0,"N",0.31,0,0,0,0,0,0,0,"N",-2,-50.0,0,0,0,0,0,0,0,0,0,0,0,0,0,0
"C3108","5","518210","48","0","2017","2","",610,9822,9906,9951,369063135,8913548,444851,2870,"",0.48,0.76,0.76,0.77,0.97,0.54,0.70,1.26,"",12,2.0,282,3.0,380,4.0,546,5.8,137929212,59.7,-506476,-5.4,-20870,-4.5,997,53.2
"C3114","5","518210","48","0","2017","2","",62,1050,1042,1038,21528432,538041,16151,1587,"",0.82,0.76,0.75,0.74,0.63,0.21,0.29,0.84,"",3,5.1,-162,-13.4,-118,-10.2,-111,-9.7,62624,0.3,-271687,-33.6,-12878,-44.4,180,12.8
"C3118","5","518210","48","0","2017","2","N",5,0,0,0,0,0,0,0,"N",0.29,0,0,0,0,0,0,0,"N",1,25.0,0,0,0,0,0,0,0,0,0,0,0,0,0,0
"C3134","5","518210","48","0","2017","2","",9,149,150,153,1330963,241015,6684,680,"",0.56,0.69,0.70,0.71,0.30,0.86,1.74,0.43,"",-2,-18.2,-6,-3.9,-3,-2.0,4,2.7,-297255,-18.3,-133046,-35.6,-15353,-69.7,-142,-17.3
"C3142","5","518210","48","0","2017","2","N",5,0,0,0,0,0,0,0,"N",0.44,0,0,0,0,0,0,0,"N",0,0.0,0,0,0,0,0,0,0,0,0,0,0,0,0,0
"C3154","5","518210","48","0","2017","2","N",41,0,0,0,0,0,0,0,"N",1.05,0,0,0,0,0,0,0,"N",3,7.9,0,0,0,0,0,0,0,0,0,0,0,0,0,0
"C3170","5","518210","48","0","2017","2","",21,498,502,507,11455699,966618,5487,1754,"",0.81,1.14,1.14,1.14,0.92,0.89,0.60,0.81,"",4,23.5,-22,-4.2,-31,-5.8,-36,-6.6,40973,0.4,-277976,-22.3,-5149,-48.4,104,6.3
"C3174","5","518210","48","0","2017","2","N",2,0,0,0,0,0,0,0,"N",0.40,0,0,0,0,0,0,0,"N",0,0.0,0,0,0,0,0,0,0,0,0,0,0,0,0,0
"C3186","5","518210","48","0","2017","2","N",1,0,0,0,0,0,0,0,"N",0.17,0,0,0,0,0,0,0,"N",0,0.0,0,0,0,0,0,0,0,0,0,0,0,0,0,0
"C3190","5","518210","48","0","2017","2","N",2,0,0,0,0,0,0,0,"N",0.34,0,0,0,0,0,0,0,"N",-1,-33.3,0,0,0,0,0,0,0,0,0,0,0,0,0,0
"C3258","5","518210","48","0","2017","2","",4,60,59,55,555453,154113,5731,737,"",0.15,0.11,0.11,0.10,0.06,0.15,0.30,0.58,"",-1,-20.0,13,27.7,12,25.5,3,5.8,125536,29.2,39189,34.1,1096,23.6,57,8.4
"C3278","5","518210","48","0","2017","2","",11,10,12,13,747259,119466,3181,4927,"",0.71,0.05,0.06,0.07,0.19,0.10,0.12,3.10,"",1,10.0,-1,-9.1,2,20.0,3,30.0,465081,164.8,40370,51.0,1444,83.1,2826,134.5
"C3282","5","518210","48","0","2017","2","N",49,0,0,0,0,0,0,0,"N",0.85,0,0,0,0,0,0,0,"N",3,6.5,0,0,0,0,0,0,0,0,0,0,0,0,0,0
"C3290","5","518210","48","0","2017","2","N",2,0,0,0,0,0,0,0,"N",0.14,0,0,0,0,0,0,0,"N",0,0.0,0,0,0,0,0,0,0,0,0,0,0,0,0,0
"C3310","5","518210","48","0","2017","2","",459,5628,5602,5583,127949094,3422877,49643,1756,"",0.97,1.02,1.02,1.03,0.92,0.48,0.64,0.90,"",65,16.5,376,7.2,289,5.4,205,3.8,10873496,9.3,-694426,-16.9,-13595,-21.5,61,3.6
"C3314","5","518210","48","0","2017","2","N",1,0,0,0,0,0,0,0,"N",0.20,0,0,0,0,0,0,0,"N",0,0.0,0,0,0,0,0,0,0,0,0,0,0,0,0,0
"C3322","5","518210","48","0","2017","2","",6,14,17,18,264633,35005,1197,1246,"",0.92,0.17,0.21,0.22,0.13,0.30,0.33,0.63,"N",1,20.0,0,0,0,0,0,0,0,0,0,0,0,0,0,0
"C3326","5","518210","48","0","2017","2","N",2,0,0,0,0,0,0,0,"N",0.17,0,0,0,0,0,0,0,"N",0,0.0,0,0,0,0,0,0,0,0,0,0,0,0,0,0
"C3334","5","518210","48","0","2017","2","N",61,0,0,0,0,0,0,0,"N",0.64,0,0,0,0,0,0,0,"N",-2,-3.2,0,0,0,0,0,0,0,0,0,0,0,0,0,0
"C3346","5","518210","48","0","2017","2","",170,6170,6136,6153,130286230,44014215,363111,1629,"",0.87,1.50,1.48,1.48,1.07,1.65,1.12,0.72,"",10,6.2,196,3.3,191,3.2,188,3.2,7585682,6.2,377185,0.9,-42252,-10.4,46,2.9
"C3354","5","518210","48","0","2017","2","",11,100,102,99,1063226,754239,11197,815,"",0.99,0.78,0.78,0.74,0.40,0.85,1.17,0.52,"",2,22.2,19,23.5,20,24.4,17,20.7,193801,22.3,165479,28.1,1923,20.7,-4,-0.5
"C3366","5","518210","48","0","2017","2","",11,88,95,98,881869,274789,6842,724,"",0.51,0.24,0.26,0.26,0.11,0.54,0.86,0.42,"",1,10.0,52,144.4,59,163.9,60,157.9,532573,152.5,199368,264.3,5170,309.2,-9,-1.2
"C3370","5","518210","48","0","2017","2","",5,27,26,25,254661,46280,1777,753,"",0.15,0.07,0.06,0.06,0.03,0.08,0.07,0.44,"",0,0.0,4,17.4,3,13.0,9,56.2,-80299,-24.0,26291,131.5,944,113.3,-494,-39.6
"C3374","5","518210","48","0","2017","2","N",8,0,0,0,0,0,0,0,"N",0.73,0,0,0,0,0,0,0,"N",1,14.3,0,0,0,0,0,0,0,0,0,0,0,0,0,0
"C3378","5","518210","48","0","2017","2","N",3,0,0,0,0,0,0,0,"N",0.65,0,0,0,0,0,0,0,"N",1,50.0,0,0,0,0,0,0,0,0,0,0,0,0,0,0
"C3386","5","518210","48","0","2017","2","N",11,0,0,0,0,0,0,0,"N",0.59,0,0,0,0,0,0,0,"N",3,37.5,0,0,0,0,0,0,0,0,0,0,0,0,0,0
"C3406","5","518210","48","0","2017","2","N",6,0,0,0,0,0,0,0,"N",0.84,0,0,0,0,0,0,0,"N",-2,-25.0,0,0,0,0,0,0,0,0,0,0,0,0,0,0
"C3410","5","518210","48","0","2017","2","N",2,0,0,0,0,0,0,0,"N",0.45,0,0,0,0,0,0,0,"N",2,100.0,0,0,0,0,0,0,0,0,0,0,0,0,0,0
"C3458","5","518210","48","0","2017","2","",6,40,35,31,656802,331315,1976,1430,"",0.69,0.36,0.32,0.28,0.26,0.41,0.18,0.82,"",0,0.0,8,25.0,3,9.4,-1,-3.1,38702,6.3,-141028,-29.9,-1520,-43.5,-56,-3.8
"C3462","5","518210","48","0","2017","2","N",1,0,0,0,0,0,0,0,"N",0.21,0,0,0,0,0,0,0,"N",0,0.0,0,0,0,0,0,0,0,0,0,0,0,0,0,0
"C3474","5","518210","48","0","2017","2","N",2,0,0,0,0,0,0,0,"N",0.33,0,0,0,0,0,0,0,"N",0,0.0,0,0,0,0,0,0,0,0,0,0,0,0,0,0
"C3482","5","518210","48","0","2017","2","",17,27,27,26,422371,151451,1937,1218,"",0.70,0.08,0.08,0.07,0.07,0.11,0.09,0.95,"",3,21.4,0,0.0,0,0.0,-1,-3.7,75288,21.7,-20405,-11.9,37,1.9,229,23.2
"C3490","5","518210","48","0","2017","2","",4,34,34,33,1142464,0,0,2610,"",0.32,0.20,0.20,0.19,0.26,0.00,0.00,1.29,"",1,33.3,5,17.2,6,21.4,5,17.9,278080,32.2,0,0.0,0,0.0,263,11.2
"C3494","5","518210","48","0","2017","2","",10,19,15,14,299166,5220,5,1438,"",0.34,0.06,0.05,0.05,0.04,0.01,0.00,0.82,"",-3,-23.1,2,11.8,-10,-40.0,-12,-46.2,-186655,-38.4,-13881,-72.7,-321,-98.5,-211,-12.8
"C3498","5","518210","48","0","2017","2","",223,3897,3930,3931,85388751,2714274,38862,1676,"",2.15,1.93,1.95,1.93,1.63,0.94,1.20,0.84,"",64,40.3,505,14.9,476,13.8,479,13.9,12056324,16.4,-285321,-9.5,4795,14.1,33,2.0
"C3510","5","518210","48","0","2017","2","N",6,0,0,0,0,0,0,0,"N",0.99,0,0,0,0,0,0,0,"N",2,50.0,0,0,0,0,0,0,0,0,0,0,0,0,0,0
"C3530","5","518210","48","0","2017","2","",24,189,188,183,2601786,548795,20556,1072,"",0.47,0.24,0.24,0.23,0.12,0.26,0.28,0.50,"",3,14.3,-4,-2.1,-9,-4.6,-23,-11.2,-202927,-7.2,-71551,-11.5,606,3.0,-14,-1.3
"C3538","5","518210","48","0","2017","2","",113,476,499,517,7912437,739441,13019,1224,"",1.37,0.40,0.42,0.44,0.27,0.46,0.56,0.65,"N",33,41.2,0,0,0,0,0,0,0,0,0,0,0,0,0,0
"C3562","5","518210","48","0","2017","2","N",1011,0,0,0,0,0,0,0,"N",0.76,0,0,0,0,0,0,0,"N",31,3.2,0,0,0,0,0,0,0,0,0,0,0,0,0,0
"C3566","5","518210","48","0","2017","2","N",3,0,0,0,0,0,0,0,"N",0.41,0,0,0,0,0,0,0,"N",2,200.0,0,0,0,0,0,0,0,0,0,0,0,0,0,0
"C3584","5","518210","48","0","2017","2","",44,145,137,143,1863993,232068,3803,1012,"",0.78,0.23,0.22,0.24,0.14,0.27,0.50,0.61,"",10,29.4,17,13.3,11,8.7,17,13.5,473732,34.1,-15406,-6.2,-2254,-37.2,168,19.9
"C3598","5","518210","48","0","2017","2","",8,29,29,30,545691,83362,5120,1431,"",0.50,0.11,0.11,0.11,0.08,0.12,0.21,0.71,"",-1,-11.1,-8,-21.6,-7,-19.4,-4,-11.8,974,0.2,-19977,-19.3,502,10.9,256,21.8
"C3610","5","518210","48","0","2017","2","N",5,0,0,0,0,0,0,0,"N",0.28,0,0,0,0,0,0,0,"N",1,25.0,0,0,0,0,0,0,0,0,0,0,0,0,0,0
"C3614","5","518210","48","0","2017","2","N",1,0,0,0,0,0,0,0,"N",0.12,0,0,0,0,0,0,0,"N",0,0.0,0,0,0,0,0,0,0,0,0,0,0,0,0,0
"C3622","5","518210","48","0","2017","2","N",2,0,0,0,0,0,0,0,"N",0.24,0,0,0,0,0,0,0,"N",0,0.0,0,0,0,0,0,0,0,0,0,0,0,0,0,0
"C3626","5","518210","48","0","2017","2","N",19,0,0,0,0,0,0,0,"N",0.56,0,0,0,0,0,0,0,"N",-1,-5.0,0,0,0,0,0,0,0,0,0,0,0,0,0,0
"C3642","5","518210","48","0","2017","2","",85,675,681,672,10708189,2783135,23401,1219,"",0.99,0.52,0.53,0.52,0.35,0.53,0.55,0.67,"",1,1.2,-62,-8.4,-54,-7.3,-44,-6.1,-880665,-7.6,-83551,-2.9,-15223,-39.4,-3,-0.2
"C3650","5","518210","48","0","2017","2","",28,116,88,69,1410980,711809,7132,1193,"",1.57,0.47,0.36,0.28,0.24,0.53,0.46,0.63,"",4,16.7,4,3.6,3,3.5,-12,-14.8,23087,1.7,-37323,-5.0,-1056,-12.9,41,3.6
"C3654","5","518210","48","0","2017","2","",75,4485,4448,4469,84728694,3776539,22682,1459,"",1.23,4.34,4.30,4.29,3.48,1.88,1.03,0.81,"",8,11.9,-148,-3.2,-118,-2.6,-114,-2.5,-963941,-1.1,-65075,-1.7,-10723,-32.1,24,1.7
"C3674","5","518210","48","0","2017","2","N",174,0,0,0,0,0,0,0,"N",1.14,0,0,0,0,0,0,0,"N",19,12.3,0,0,0,0,0,0,0,0,0,0,0,0,0,0
"C3678","5","518210","48","0","2017","2","",4,12,12,12,352735,10601,123,2261,"",0.51,0.06,0.06,0.06,0.07,0.02,0.01,1.21,"N",0,0.0,0,0,0,0,0,0,0,0,0,0,0,0,0,0
"C3698","5","518210","48","0","2017","2","N",2,0,0,0,0,0,0,0,"N",0.28,0,0,0,0,0,0,0,"N",0,0.0,0,0,0,0,0,0,0,0,0,0,0,0,0,0
"C3710","5","518210","48","0","2017","2","",30,313,314,311,9957247,303239,13746,2450,"",0.53,0.44,0.44,0.44,0.53,0.32,0.37,1.20,"",1,3.4,-9,-2.8,-10,-3.1,-18,-5.5,873074,9.6,18200,6.4,-1896,-12.1,300,14.0
"C3734","5","518210","48","0","2017","2","",26,128,130,129,2245498,174184,2146,1339,"",0.78,0.28,0.29,0.29,0.21,0.30,0.38,0.71,"",2,8.3,-5,-3.8,-10,-7.1,-17,-11.6,-1507898,-40.2,52109,42.7,-835,-28.0,-728,-35.2
"C3746","5","518210","48","0","2017","2","N",2,0,0,0,0,0,0,0,"N",0.16,0,0,0,0,0,0,0,"N",-1,-33.3,0,0,0,0,0,0,0,0,0,0,0,0,0,0
"C3762","5","518210","48","0","2017","2","N",2,0,0,0,0,0,0,0,"N",0.40,0,0,0,0,0,0,0,"N",0,0.0,0,0,0,0,0,0,0,0,0,0,0,0,0,0
"C3786","5","518210","48","0","2017","2","",9,9,9,10,130109,16403,160,1072,"",0.36,0.02,0.02,0.03,0.02,0.04,0.04,0.69,"",-3,-25.0,-18,-66.7,-18,-66.7,-16,-61.5,-105841,-44.9,-30210,-64.8,-381,-70.4,391,57.4
"C3790","5","518210","48","0","2017","2","N",3,0,0,0,0,0,0,0,"N",0.18,0,0,0,0,0,0,0,"N",0,0.0,0,0,0,0,0,0,0,0,0,0,0,0,0,0
"C3798","5","518210","48","0","2017","2","",331,5745,5759,5795,114721266,14787743,494656,1530,"",0.95,0.96,0.96,0.96,0.65,0.91,0.99,0.68,"",-2,-0.6,-68,-1.2,-55,-0.9,22,0.4,1022420,0.9,-1112877,-7.0,-46502,-8.6,22,1.5
"C3806","5","518210","48","0","2017","2","N",275,0,0,0,0,0,0,0,"N",1.30,0,0,0,0,0,0,0,"N",-7,-2.5,0,0,0,0,0,0,0,0,0,0,0,0,0,0
"C3830","5","518210","48","0","2017","2","N",92,0,0,0,0,0,0,0,"N",0.68,0,0,0,0,0,0,0,"N",16,21.1,0,0,0,0,0,0,0,0,0,0,0,0,0,0
"C3834","5","518210","48","0","2017","2","N",4,0,0,0,0,0,0,0,"N",0.36,0,0,0,0,0,0,0,"N",1,33.3,0,0,0,0,0,0,0,0,0,0,0,0,0,0
"C3854","5","518210","48","0","2017","2","N",3,0,0,0,0,0,0,0,"N",0.60,0,0,0,0,0,0,0,"N",1,50.0,0,0,0,0,0,0,0,0,0,0,0,0,0,0
"C3866","5","518210","48","0","2017","2","N",1,0,0,0,0,0,0,0,"N",0.13,0,0,0,0,0,0,0,"N",0,0.0,0,0,0,0,0,0,0,0,0,0,0,0,0,0
"C3886","5","518210","48","0","2017","2","",37,261,258,258,5121757,337849,5335,1521,"",0.78,0.46,0.44,0.42,0.37,0.25,0.23,0.85,"",6,19.4,59,29.2,50,24.0,52,25.2,1650580,47.6,44579,15.2,34,0.6,221,17.0
"C3890","5","518210","48","0","2017","2","N",236,0,0,0,0,0,0,0,"N",1.27,0,0,0,0,0,0,0,"N",17,7.8,0,0,0,0,0,0,0,0,0,0,0,0,0,0
"C3894","5","518210","48","0","2017","2","N",14,0,0,0,0,0,0,0,"N",0.52,0,0,0,0,0,0,0,"N",4,40.0,0,0,0,0,0,0,0,0,0,0,0,0,0,0
"C3914","5","518210","48","0","2017","2","N",3,0,0,0,0,0,0,0,"N",0.25,0,0,0,0,0,0,0,"N",1,50.0,0,0,0,0,0,0,0,0,0,0,0,0,0,0
"C3930","5","518210","48","0","2017","2","",109,554,554,553,12330180,2962033,87423,1713,"",1.01,0.37,0.37,0.36,0.32,0.45,0.47,0.88,"N",1,0.9,0,0,0,0,0,0,0,0,0,0,0,0,0,0
"C3934","5","518210","48","0","2017","2","",58,2415,2401,2245,35490559,20505453,68967,1160,"",1.70,4.80,4.75,4.42,3.30,6.58,4.42,0.71,"",-2,-3.3,147,6.5,116,5.1,-61,-2.6,2675888,8.2,416406,2.1,-31592,-31.4,56,5.1
"C3938","5","518210","48","0","2017","2","",4,41,40,41,486959,155275,7494,921,"",0.55,0.31,0.30,0.31,0.18,0.46,1.08,0.60,"",0,0.0,4,10.8,4,11.1,5,13.9,179925,58.6,36746,31.0,3254,76.7,271,41.7
"C3946","5","518210","48","0","2017","2","N",5,0,0,0,0,0,0,0,"N",0.51,0,0,0,0,0,0,0,"N",-1,-16.7,0,0,0,0,0,0,0,0,0,0,0,0,0,0
"C3954","5","518210","48","0","2017","2","N",2,0,0,0,0,0,0,0,"N",0.22,0,0,0,0,0,0,0,"N",-2,-50.0,0,0,0,0,0,0,0,0,0,0,0,0,0,0
"C3958","5","518210","48","0","2017","2","N",151,0,0,0,0,0,0,0,"N",1.83,0,0,0,0,0,0,0,"N",4,2.7,0,0,0,0,0,0,0,0,0,0,0,0,0,0
"C3966","5","518210","48","0","2017","2","N",16,0,0,0,0,0,0,0,"N",1.34,0,0,0,0,0,0,0,"N",-1,-5.9,0,0,0,0,0,0,0,0,0,0,0,0,0,0
"C3974","5","518210","48","0","2017","2","",3,16,16,16,353299,21905,1080,1699,"",0.16,0.04,0.04,0.04,0.04,0.04,0.04,0.91,"",-1,-25.0,1,6.7,1,6.7,1,6.7,85454,31.9,15475,240.7,892,474.5,325,23.7
"C3982","5","518210","48","0","2017","2","",3,16,15,17,167865,26311,1342,807,"",0.20,0.11,0.11,0.12,0.06,0.14,0.17,0.51,"N",1,50.0,0,0,0,0,0,0,0,0,0,0,0,0,0,0
"C3990","5","518210","48","0","2017","2","N",40,0,0,0,0,0,0,0,"N",1.27,0,0,0,0,0,0,0,"N",-1,-2.4,0,0,0,0,0,0,0,0,0,0,0,0,0,0
"C4006","5","518210","48","0","2017","2","",68,472,472,477,7876030,366621,10433,1279,"",0.81,0.34,0.34,0.34,0.23,0.20,0.42,0.67,"",-6,-8.1,-30,-6.0,-24,-4.8,-15,-3.0,-530467,-6.3,-149036,-28.9,-2322,-18.2,-23,-1.8
"C4014","5","518210","48","0","2017","2","",46,313,318,314,6872225,184405,6835,1678,"",0.18,0.10,0.10,0.10,0.10,0.04,0.04,0.99,"",3,7.0,-243,-43.7,-244,-43.4,-232,-42.5,-3320442,-32.6,-174019,-48.6,-11102,-61.9,264,18.7
"C4022","5","518210","48","0","2017","2","N",9,0,0,0,0,0,0,0,"N",0.45,0,0,0,0,0,0,0,"N",-1,-10.0,0,0,0,0,0,0,0,0,0,0,0,0,0,0
"C4034","5","518210","48","0","2017","2","N",3,0,0,0,0,0,0,0,"N",0.28,0,0,0,0,0,0,0,"N",0,0.0,0,0,0,0,0,0,0,0,0,0,0,0,0,0
"C4038","5","518210","48","0","2017","2","N",39,0,0,0,0,0,0,0,"N",0.68,0,0,0,0,0,0,0,"N",1,2.6,0,0,0,0,0,0,0,0,0,0,0,0,0,0
"C4042","5","518210","48","0","2017","2","N",2,0,0,0,0,0,0,0,"N",0.14,0,0,0,0,0,0,0,"N",0,0.0,0,0,0,0,0,0,0,0,0,0,0,0,0,0
"C4058","5","518210","48","0","2017","2","N",4,0,0,0,0,0,0,0,"N",0.61,0,0,0,0,0,0,0,"N",-1,-20.0,0,0,0,0,0,0,0,0,0,0,0,0,0,0
"C4090","5","518210","48","0","2017","2","N",69,0,0,0,0,0,0,0,"N",0.40,0,0,0,0,0,0,0,"N",13,23.2,0,0,0,0,0,0,0,0,0,0,0,0,0,0
"C4098","5","518210","48","0","2017","2","N",2,0,0,0,0,0,0,0,"N",0.24,0,0,0,0,0,0,0,"N",1,100.0,0,0,0,0,0,0,0,0,0,0,0,0,0,0
"C4106","5","518210","48","0","2017","2","",5,48,51,51,1133875,372191,3599,1744,"",0.44,0.21,0.22,0.22,0.23,0.26,0.19,1.05,"",0,0.0,2,4.3,6,13.3,4,8.5,102895,10.0,12163,3.4,-2329,-39.3,20,1.2
"C4110","5","518210","48","0","2017","2","",9,121,123,124,1844851,1094184,5268,1157,"",0.75,0.89,0.90,0.92,0.79,1.39,1.24,0.88,"",-1,-10.0,-42,-25.8,-44,-26.3,-57,-31.5,-402532,-17.9,-329235,-23.1,-1651,-23.9,142,14.0
"C4114","5","518210","48","0","2017","2","N",1,0,0,0,0,0,0,0,"N",0.14,0,0,0,0,0,0,0,"N",0,0.0,0,0,0,0,0,0,0,0,0,0,0,0,0,0
"C4118","5","518210","48","0","2017","2","",130,5823,5837,5944,191368064,5500181,69069,2509,"",0.71,2.02,2.03,2.06,2.65,0.77,0.63,1.30,"",13,11.1,240,4.3,253,4.5,242,4.2,-10965720,-5.4,-50766,-0.9,-27857,-28.7,-259,-9.4
"C4142","5","518210","48","0","2017","2","N",11,0,0,0,0,0,0,0,"N",0.41,0,0,0,0,0,0,0,"N",-1,-8.3,0,0,0,0,0,0,0,0,0,0,0,0,0,0
"C4150","5","518210","48","0","2017","2","N",3,0,0,0,0,0,0,0,"N",0.10,0,0,0,0,0,0,0,"N",2,200.0,0,0,0,0,0,0,0,0,0,0,0,0,0,0
"C4154","5","518210","48","0","2017","2","N",21,0,0,0,0,0,0,0,"N",0.82,0,0,0,0,0,0,0,"N",3,16.7,0,0,0,0,0,0,0,0,0,0,0,0,0,0
"C4162","5","518210","48","0","2017","2","",182,3008,2993,3125,46819450,23728872,130740,1184,"",1.89,1.99,1.98,2.05,1.23,2.31,2.16,0.61,"",4,2.2,212,7.6,163,5.8,267,9.3,4578236,10.8,2189975,10.2,-13534,-9.4,35,3.0
"C4166","5","518210","48","0","2017","2","N",2,0,0,0,0,0,0,0,"N",0.31,0,0,0,0,0,0,0,"N",0,0.0,0,0,0,0,0,0,0,0,0,0,0,0,0,0
"C4170","5","518210","48","0","2017","2","",65,6661,6525,6468,124584081,2818367,103879,1463,"",0.60,3.08,3.02,2.97,2.45,0.76,1.57,0.81,"",-1,-1.5,-330,-4.7,-325,-4.7,-343,-5.0,-25341611,-16.9,-1473447,-34.3,-14854,-12.5,-212,-12.7
"C4174","5","518210","48","0","2017","2","",155,1966,1983,1992,55194182,1643643,76428,2144,"",0.67,0.63,0.64,0.64,0.61,0.47,0.56,0.97,"",10,6.9,23,1.2,62,3.2,92,4.8,10200882,22.7,287298,21.2,11959,18.6,343,19.0
"C4186","5","518210","48","0","2017","2","",620,17442,17484,18175,816191519,15191973,588510,3547,"",1.50,3.40,3.40,3.50,3.69,2.62,2.59,1.07,"",52,9.2,1415,8.8,1381,8.6,1494,9.0,34292415,4.4,413965,2.8,519,0.1,-150,-4.1
"C4194","5","518210","48","0","2017","2","",307,7174,7153,7403,487647121,5041268,191255,5179,"",1.97,3.05,3.04,3.11,3.33,2.07,1.98,1.08,"",25,8.9,839,13.2,771,12.1,852,13.0,194898606,66.6,-637062,-11.2,-39243,-17.0,1673,47.7
"C4198","5","518210","48","0","2017","2","",29,2287,2272,2352,23733278,2407594,77724,792,"",0.43,1.66,1.66,1.72,1.21,1.27,1.30,0.72,"",-2,-6.5,-12,-0.5,2,0.1,52,2.3,1871108,8.6,-381235,-13.7,-18678,-19.4,58,7.9
"C4202","5","518210","48","0","2017","2","",6,105,106,102,1728627,46680,2801,1274,"",0.27,0.41,0.41,0.39,0.29,0.14,0.23,0.73,"",-2,-25.0,10,10.5,11,11.6,16,18.6,237198,15.9,-22571,-32.6,-1122,-28.6,27,2.2
"C4210","5","518210","48","0","2017","2","",9,38,37,42,651242,120825,4212,1285,"",0.44,0.17,0.16,0.17,0.11,0.33,0.27,0.68,"",1,12.5,19,100.0,20,117.6,24,133.3,409062,168.9,72566,150.4,2534,151.0,250,24.2
"C4214","5","518210","48","0","2017","2","",9,13,13,12,171207,125684,807,1040,"",0.76,0.10,0.10,0.09,0.06,0.21,0.15,0.65,"",1,12.5,2,18.2,1,8.3,1,9.1,35167,25.9,45109,56.0,-254,-23.9,117,12.7
"C4220","5","518210","48","0","2017","2","",18,782,793,815,20699861,859489,33285,1999,"",0.55,1.80,1.81,1.85,1.84,1.35,1.28,1.01,"",1,5.9,194,33.0,184,30.2,197,31.9,5821847,39.1,-12345,-1.4,4782,16.8,107,5.7
"C4222","5","518210","48","0","2017","2","",13,86,89,85,1397921,61305,2752,1241,"",0.31,0.19,0.20,0.19,0.12,0.11,0.13,0.63,"",3,30.0,-16,-15.7,-12,-11.9,-16,-15.8,-861544,-38.1,-55820,-47.7,-3049,-52.6,-474,-27.6
"C4234","5","518210","48","0","2017","2","",7,50,51,52,930935,61703,1049,1404,"",0.34,0.14,0.14,0.14,0.11,0.09,0.11,0.83,"N",-1,-12.5,0,0,0,0,0,0,0,0,0,0,0,0,0,0
"C4254","5","518210","48","0","2017","2","N",11,0,0,0,0,0,0,0,"N",0.37,0,0,0,0,0,0,0,"N",-1,-8.3,0,0,0,0,0,0,0,0,0,0,0,0,0,0
"C4266","5","518210","48","0","2017","2","",493,9756,9814,9881,290005789,124602892,1339196,2272,"",1.77,2.33,2.33,2.32,1.97,3.44,3.64,0.85,"",85,20.8,2476,34.0,2431,32.9,2425,32.5,102234493,54.4,29816698,31.5,128206,10.6,313,16.0
"C4268","5","518210","48","0","2017","2","",9,38,35,39,373449,90830,117,769,"",0.84,0.34,0.31,0.36,0.17,0.62,0.08,0.50,"",-1,-10.0,-2,-5.0,-9,-20.5,-1,-2.5,-104116,-21.8,-15615,-14.7,-413,-77.9,-120,-13.5
"C4270","5","518210","48","0","2017","2","N",1,0,0,0,0,0,0,0,"N",0.21,0,0,0,0,0,0,0,"N",0,0.0,0,0,0,0,0,0,0,0,0,0,0,0,0,0
"C4330","5","518210","48","0","2017","2","N",1,0,0,0,0,0,0,0,"N",0.15,0,0,0,0,0,0,0,"N",0,0.0,0,0,0,0,0,0,0,0,0,0,0,0,0,0
"C4334","5","518210","48","0","2017","2","",22,280,283,286,4052467,178063,2846,1102,"",0.90,0.74,0.75,0.76,0.52,0.35,0.37,0.70,"",2,10.0,87,45.1,89,45.9,92,47.4,1675432,70.5,-3482,-1.9,129,4.7,158,16.7
"C4342","5","518210","48","0","2017","2","",5,28,29,31,472475,32975,938,1239,"",1.05,0.37,0.39,0.42,0.29,0.40,0.48,0.73,"",0,0.0,0,0.0,-1,-3.3,1,3.3,62265,15.2,7989,32.0,88,10.4,163,15.1
"C4358","5","518210","48","0","2017","2","N",4,0,0,0,0,0,0,0,"N",0.34,0,0,0,0,0,0,0,"N",-1,-20.0,0,0,0,0,0,0,0,0,0,0,0,0,0,0
"C4362","5","518210","48","0","2017","2","N",35,0,0,0,0,0,0,0,"N",1.70,0,0,0,0,0,0,0,"N",-2,-5.4,0,0,0,0,0,0,0,0,0,0,0,0,0,0
"C4378","5","518210","48","0","2017","2","",8,227,230,238,3545946,232794,2418,1177,"",0.58,0.79,0.80,0.82,0.57,0.50,0.27,0.71,"",-2,-20.0,-20,-8.1,-9,-3.8,-9,-3.6,-376105,-9.6,-50692,-17.9,-1304,-35.0,-58,-4.7
"C4390","5","518210","48","0","2017","2","",7,19,19,18,614905,49680,630,2534,"",0.49,0.06,0.06,0.06,0.09,0.05,0.05,1.44,"",-1,-12.5,-54,-74.0,-55,-74.3,-62,-77.5,-1265029,-67.3,-61979,-55.5,-575,-47.7,623,32.6
"C4406","5","518210","48","0","2017","2","N",33,0,0,0,0,0,0,0,"N",0.89,0,0,0,0,0,0,0,"N",3,10.0,0,0,0,0,0,0,0,0,0,0,0,0,0,0
"C4410","5","518210","48","0","2017","2","",11,99,98,103,1259390,224707,4753,969,"",1.04,0.35,0.34,0.36,0.17,0.43,0.34,0.49,"",2,22.2,11,12.5,15,18.1,15,17.0,210376,20.1,65561,41.2,718,17.8,34,3.6
"C4414","5","518210","48","0","2017","2","N",8,0,0,0,0,0,0,0,"N",0.16,0,0,0,0,0,0,0,"N",0,0.0,0,0,0,0,0,0,0,0,0,0,0,0,0,0
"C4418","5","518210","48","0","2017","2","",16,357,358,371,4009048,1661101,29214,852,"",0.59,0.82,0.82,0.85,0.46,1.39,2.18,0.56,"",3,23.1,76,27.0,79,28.3,89,31.6,1009270,33.6,368654,28.5,-4646,-13.7,30,3.6
"C4422","5","518210","48","0","2017","2","N",1,0,0,0,0,0,0,0,"N",0.18,0,0,0,0,0,0,0,"N",-1,-50.0,0,0,0,0,0,0,0,0,0,0,0,0,0,0
"C4430","5","518210","48","0","2017","2","",7,88,86,88,1553371,28937,1235,1368,"",0.92,0.59,0.58,0.56,0.42,0.14,0.12,0.73,"N",3,75.0,0,0,0,0,0,0,0,0,0,0,0,0,0,0
"C4442","5","518210","48","0","2017","2","N",3,0,0,0,0,0,0,0,"N",0.41,0,0,0,0,0,0,0,"N",-1,-25.0,0,0,0,0,0,0,0,0,0,0,0,0,0,0
"C4470","5","518210","48","0","2017","2","N",2,0,0,0,0,0,0,0,"N",0.05,0,0,0,0,0,0,0,"N",2,100.0,0,0,0,0,0,0,0,0,0,0,0,0,0,0
"C4506","5","518210","48","0","2017","2","N",19,0,0,0,0,0,0,0,"N",0.53,0,0,0,0,0,0,0,"N",2,11.8,0,0,0,0,0,0,0,0,0,0,0,0,0,0
"C4522","5","518210","48","0","2017","2","",23,725,765,820,7653500,1080977,17714,765,"",1.04,1.95,2.08,2.25,1.00,3.00,5.26,0.48,"",0,0.0,11,1.5,110,16.8,177,27.5,63581,0.8,634195,141.9,10910,160.3,-106,-12.2
"C4530","5","518210","48","0","2017","2","N",204,0,0,0,0,0,0,0,"N",1.07,0,0,0,0,0,0,0,"N",17,9.1,0,0,0,0,0,0,0,0,0,0,0,0,0,0
"C4554","5","518210","48","0","2017","2","N",3,0,0,0,0,0,0,0,"N",0.78,0,0,0,0,0,0,0,"N",0,0.0,0,0,0,0,0,0,0,0,0,0,0,0,0,0
"C4578","5","518210","48","0","2017","2","N",15,0,0,0,0,0,0,0,"N",0.49,0,0,0,0,0,0,0,"N",0,0.0,0,0,0,0,0,0,0,0,0,0,0,0,0,0
"C4582","5","518210","48","0","2017","2","",9,385,379,369,6175068,1130004,14100,1258,"",0.67,1.64,1.61,1.56,1.22,1.55,1.87,0.76,"N",1,12.5,0,0,0,0,0,0,0,0,0,0,0,0,0,0
"C4594","5","518210","48","0","2017","2","",35,362,357,351,6809648,2697207,51422,1469,"",1.50,0.68,0.66,0.64,0.38,1.04,1.11,0.57,"",2,6.1,-47,-11.5,-46,-11.4,-54,-13.3,-2186546,-24.3,313643,13.2,-7702,-13.0,-237,-13.9
"C4606","5","518210","48","0","2017","2","",22,189,184,180,4508423,95692,2626,1881,"",0.55,0.24,0.23,0.23,0.26,0.11,0.15,1.10,"",-3,-12.0,-10,-5.0,-14,-7.1,-6,-3.2,127142,2.9,9664,11.2,67,2.6,147,8.5
"C4614","5","518210","48","0","2017","2","",50,357,336,335,6375263,1073185,8177,1431,"",0.83,0.39,0.36,0.36,0.30,0.27,0.23,0.80,"",1,2.0,104,41.1,86,34.4,70,26.4,3257847,104.5,-136595,-11.3,32,0.4,494,52.7
"C4622","5","518210","48","0","2017","2","",7,83,91,117,570904,221846,5154,453,"",0.64,0.38,0.42,0.55,0.12,0.80,1.45,0.27,"",2,40.0,44,112.8,53,139.5,80,216.2,220448,62.9,175985,383.7,4474,657.9,-256,-36.1
"C4634","5","518210","48","0","2017","2","",7,15,13,13,114907,29633,280,647,"",0.53,0.07,0.06,0.06,0.02,0.08,0.04,0.39,"",2,40.0,4,36.4,2,18.2,2,18.2,-5785,-4.8,1243,4.4,154,122.2,-197,-23.3
"C4652","5","518210","48","0","2017","2","",67,327,321,334,6517843,4179572,39917,1532,"",1.22,0.32,0.31,0.32,0.25,0.59,0.56,0.78,"",7,11.7,2,0.6,-4,-1.2,3,0.9,611005,10.3,-66947,-1.6,171,0.4,142,10.2
"C4654","5","518210","48","0","2017","2","N",8,0,0,0,0,0,0,0,"N",0.57,0,0,0,0,0,0,0,"N",0,0.0,0,0,0,0,0,0,0,0,0,0,0,0,0,0
"C4666","5","518210","48","0","2017","2","N",1,0,0,0,0,0,0,0,"N",0.15,0,0,0,0,0,0,0,"N",0,0.0,0,0,0,0,0,0,0,0,0,0,0,0,0,0
"C4670","5","518210","48","0","2017","2","N",4,0,0,0,0,0,0,0,"N",0.17,0,0,0,0,0,0,0,"N",2,100.0,0,0,0,0,0,0,0,0,0,0,0,0,0,0
"C4702","5","518210","48","0","2017","2","N",1,0,0,0,0,0,0,0,"N",0.18,0,0,0,0,0,0,0,"N",0,0.0,0,0,0,0,0,0,0,0,0,0,0,0,0,0
"C4722","5","518210","48","0","2017","2","N",1,0,0,0,0,0,0,0,"N",0.15,0,0,0,0,0,0,0,"N",0,0.0,0,0,0,0,0,0,0,0,0,0,0,0,0,0
"C4726","5","518210","48","0","2017","2","",57,1480,1461,1460,19096545,1332329,34460,1001,"",0.64,0.92,0.90,0.89,0.51,0.62,1.09,0.56,"",1,1.8,49,3.4,36,2.5,19,1.3,2839458,17.5,115856,9.5,-2454,-6.6,128,14.7
"C4738","5","518210","48","0","2017","2","N",10,0,0,0,0,0,0,0,"N",0.84,0,0,0,0,0,0,0,"N",2,25.0,0,0,0,0,0,0,0,0,0,0,0,0,0,0
"C4746","5","518210","48","0","2017","2","N",5,0,0,0,0,0,0,0,"N",0.99,0,0,0,0,0,0,0,"N",0,0.0,0,0,0,0,0,0,0,0,0,0,0,0,0,0
"C4758","5","518210","48","0","2017","2","N",4,0,0,0,0,0,0,0,"N",0.55,0,0,0,0,0,0,0,"N",0,0.0,0,0,0,0,0,0,0,0,0,0,0,0,0,0
"C4790","5","518210","48","0","2017","2","",619,10324,10359,10402,324931061,8123902,198789,2412,"",1.51,1.53,1.53,1.52,1.34,0.97,1.35,0.88,"",18,3.0,-154,-1.5,-89,-0.9,-35,-0.3,19599176,6.4,70001,0.9,-20515,-9.4,165,7.3
"C4794","5","518210","48","0","2017","2","N",9,0,0,0,0,0,0,0,"N",0.86,0,0,0,0,0,0,0,"N",3,50.0,0,0,0,0,0,0,0,0,0,0,0,0,0,0
"C4806","5","518210","48","0","2017","2","N",1,0,0,0,0,0,0,0,"N",0.16,0,0,0,0,0,0,0,"N",0,0.0,0,0,0,0,0,0,0,0,0,0,0,0,0,0
"C4814","5","518210","48","0","2017","2","N",1,0,0,0,0,0,0,0,"N",0.14,0,0,0,0,0,0,0,"N",0,0.0,0,0,0,0,0,0,0,0,0,0,0,0,0,0
"C4826","5","518210","48","0","2017","2","N",2,0,0,0,0,0,0,0,"N",0.37,0,0,0,0,0,0,0,"N",0,0.0,0,0,0,0,0,0,0,0,0,0,0,0,0,0
"C4830","5","518210","48","0","2017","2","",8,73,71,72,1103223,818176,7612,1179,"",0.80,0.63,0.61,0.55,0.48,1.12,0.79,0.81,"",0,0.0,1,1.4,5,7.6,1,1.4,37249,3.5,879,0.1,-667,-8.1,2,0.2
"C4854","5","518210","48","0","2017","2","N",2,0,0,0,0,0,0,0,"N",0.25,0,0,0,0,0,0,0,"N",0,0.0,0,0,0,0,0,0,0,0,0,0,0,0,0,0
"C4862","5","518210","48","0","2017","2","",26,302,297,282,4000741,1207822,13592,1048,"",0.78,0.48,0.47,0.45,0.29,0.48,0.53,0.62,"",-1,-3.7,22,7.9,17,6.1,-12,-4.1,555326,16.1,-375949,-23.7,-2169,-13.8,117,12.6
"C4866","5","518210","48","0","2017","2","N",3,0,0,0,0,0,0,0,"N",0.38,0,0,0,0,0,0,0,"N",0,0.0,0,0,0,0,0,0,0,0,0,0,0,0,0,0
"C4890","5","518210","48","0","2017","2","N",19,0,0,0,0,0,0,0,"N",0.96,0,0,0,0,0,0,0,"N",-1,-5.0,0,0,0,0,0,0,0,0,0,0,0,0,0,0
"C4902","5","518210","48","0","2017","2","N",4,0,0,0,0,0,0,0,"N",0.49,0,0,0,0,0,0,0,"N",-1,-20.0,0,0,0,0,0,0,0,0,0,0,0,0,0,0
"C4918","5","518210","48","0","2017","2","",25,142,143,145,2556651,835484,10407,1372,"",0.82,0.25,0.26,0.26,0.20,0.32,0.39,0.80,"",-4,-13.8,-22,-13.4,-23,-13.9,-18,-11.0,-198222,-7.2,-52057,-5.9,-4747,-31.3,82,6.4
"C4934","5","518210","48","0","2017","2","N",31,0,0,0,0,0,0,0,"N",0.52,0,0,0,0,0,0,0,"N",11,55.0,0,0,0,0,0,0,0,0,0,0,0,0,0,0
"C4942","5","518210","48","0","2017","2","N",2,0,0,0,0,0,0,0,"N",0.12,0,0,0,0,0,0,0,"N",-1,-33.3,0,0,0,0,0,0,0,0,0,0,0,0,0,0
"C4962","5","518210","48","0","2017","2","N",7,0,0,0,0,0,0,0,"N",0.36,0,0,0,0,0,0,0,"N",-1,-12.5,0,0,0,0,0,0,0,0,0,0,0,0,0,0
"C4966","5","518210","48","0","2017","2","",10,219,218,219,2663964,144658,4393,937,"",0.36,0.48,0.47,0.47,0.30,0.18,0.16,0.63,"",-1,-9.1,7,3.3,1,0.5,-2,-0.9,-152849,-5.4,-117960,-44.9,-1691,-27.8,-63,-6.3
"C4970","5","518210","48","0","2017","2","N",2,0,0,0,0,0,0,0,"N",0.19,0,0,0,0,0,0,0,"N",1,100.0,0,0,0,0,0,0,0,0,0,0,0,0,0,0
"C4974","5","518210","48","0","2017","2","",3,12,11,13,415373,17688,13,2663,"",0.44,0.09,0.09,0.10,0.16,0.10,0.00,1.75,"N",1,50.0,0,0,0,0,0,0,0,0,0,0,0,0,0,0
"US000","1","518210","18","0","2017","2","",1,1139,1139,1139,15421204,0,0,1041,"",1.00,1.00,1.00,1.00,1.00,0.00,0.00,1.00,"",0,0.0,-40,-3.4,-28,-2.4,-53,-4.4,98784,0.6,0,0.0,0,0.0,42,4.2
"US000","2","518210","18","0","2017","2","",20,948,954,952,16775164,0,0,1356,"",1.00,1.00,1.00,1.00,1.00,0.00,0.00,1.00,"",0,0.0,-17,-1.8,-4,-0.4,-24,-2.5,-1287009,-7.1,0,0.0,0,0.0,-82,-5.7
"US000","3","518210","18","0","2017","2","",100,2701,2717,2747,49819915,177768,1906,1408,"",1.00,1.00,1.00,1.00,1.00,1.00,1.00,1.00,"",0,0.0,120,4.6,128,4.9,169,6.6,7330402,17.3,-84575,-32.2,-332,-14.8,142,11.2
"US000","5","518210","18","0","2017","2","",20949,311981,313096,315426,8362531254,823822487,16099182,2052,"",1.00,1.00,1.00,1.00,1.00,1.00,1.00,1.00,"",1638,8.5,13103,4.4,12730,4.2,13110,4.3,823242254,10.9,30913212,3.9,-1041921,-6.1,122,6.3
