"area_fips","own_code","industry_code","agglvl_code","size_code","year","qtr","disclosure_code","qtrly_estabs","month1_emplvl","month2_emplvl","month3_emplvl","total_qtrly_wages","taxable_qtrly_wages","qtrly_contributions","avg_wkly_wage","lq_disclosure_code","lq_qtrly_estabs","lq_month1_emplvl","lq_month2_emplvl","lq_month3_emplvl","lq_total_qtrly_wages","lq_taxable_qtrly_wages","lq_qtrly_contributions","lq_avg_wkly_wage","oty_disclosure_code","oty_qtrly_estabs_chg","oty_qtrly_estabs_pct_chg","oty_month1_emplvl_chg","oty_month1_emplvl_pct_chg","oty_month2_emplvl_chg","oty_month2_emplvl_pct_chg","oty_month3_emplvl_chg","oty_month3_emplvl_pct_chg","oty_total_qtrly_wages_chg","oty_total_qtrly_wages_pct_chg","oty_taxable_qtrly_wages_chg","oty_taxable_qtrly_wages_pct_chg","oty_qtrly_contributions_chg","oty_qtrly_contributions_pct_chg","oty_avg_wkly_wage_chg","oty_avg_wkly_wage_pct_chg"
"01000","2","518210","58","0","2023","1","",1,10,8,10,287374,0,0,2368,"",4.02,0.81,0.64,0.79,1.36,0.00,0.00,1.82,"",0,0.0,-3,-23.1,-5,-38.5,-3,-23.1,37640,15.1,0,0.0,0,0.0,890,60.2
"01000","5","518210","58","0","2023","1","",1260,3548,3575,3565,88930022,28057674,288882,1920,"",1.88,0.53,0.53,0.54,0.38,0.42,0.77,0.71,"",241,23.7,1127,46.6,1064,42.4,1042,41.3,28792442,47.9,7877347,39.0,-33337,-10.3,58,3.1
"01001","5","518210","78","0","2023","1","N",4,0,0,0,0,0,0,0,"N",0.87,0,0,0,0,0,0,0,"N",2,100.0,0,0,0,0,0,0,0,0,0,0,0,0,0,0
"01003","5","518210","78","0","2023","1","",48,113,101,100,1850022,857705,6553,1360,"",1.36,0.43,0.39,0.38,0.25,0.32,0.46,0.63,"",17,54.8,41,56.9,28,38.4,21,26.6,578695,45.5,283213,49.3,-1621,-19.8,50,3.8
"01007","5","518210","78","0","2023","1","-",0,0,0,0,0,0,0,0,"N",0.00,0,0,0,0,0,0,0,"N",0,0,0,0,0,0,0,0,0,0,0,0,0,0,0,0
"01009","5","518210","78","0","2023","1","N",1,0,0,0,0,0,0,0,"N",0.25,0,0,0,0,0,0,0,"N",0,0.0,0,0,0,0,0,0,0,0,0,0,0,0,0,0
"01015","5","518210","78","0","2023","1","",8,23,22,21,209531,135514,4076,733,"",0.66,0.16,0.15,0.15,0.05,0.11,0.61,0.32,"",4,100.0,16,228.6,15,214.3,14,200.0,141796,209.3,88395,187.6,1944,91.2,-11,-1.5
"01017","5","518210","78","0","2023","1","N",4,0,0,0,0,0,0,0,"N",1.21,0,0,0,0,0,0,0,"N",2,100.0,0,0,0,0,0,0,0,0,0,0,0,0,0,0
"01019","5","518210","78","0","2023","1","N",1,0,0,0,0,0,0,0,"N",0.48,0,0,0,0,0,0,0,"N",0,0.0,0,0,0,0,0,0,0,0,0,0,0,0,0,0
"01021","5","518210","78","0","2023","1","N",2,0,0,0,0,0,0,0,"N",0.51,0,0,0,0,0,0,0,"N",1,100.0,0,0,0,0,0,0,0,0,0,0,0,0,0,0
"01027","5","518210","78","0","2023","1","N",2,0,0,0,0,0,0,0,"N",1.90,0,0,0,0,0,0,0,"N",2,100.0,0,0,0,0,0,0,0,0,0,0,0,0,0,0
"01029","5","518210","78","0","2023","1","-",0,0,0,0,0,0,0,0,"N",0.00,0,0,0,0,0,0,0,"N",-1,-100.0,0,0,0,0,0,0,0,0,0,0,0,0,0,0
"01031","5","518210","78","0","2023","1","",7,6,6,6,69955,40658,569,897,"",1.24,0.11,0.11,0.11,0.05,0.07,0.24,0.45,"",1,16.7,1,20.0,1,20.0,1,20.0,23208,49.6,10809,36.2,85,17.6,178,24.8
"01033","5","518210","78","0","2023","1","N",4,0,0,0,0,0,0,0,"N",0.60,0,0,0,0,0,0,0,"N",2,100.0,0,0,0,0,0,0,0,0,0,0,0,0,0,0
"01037","5","518210","78","0","2023","1","N",2,0,0,0,0,0,0,0,"N",2.94,0,0,0,0,0,0,0,"N",0,0.0,0,0,0,0,0,0,0,0,0,0,0,0,0,0
"01043","5","518210","78","0","2023","1","N",4,0,0,0,0,0,0,0,"N",0.42,0,0,0,0,0,0,0,"N",1,33.3,0,0,0,0,0,0,0,0,0,0,0,0,0,0
"01045","5","518210","78","0","2023","1","",5,6,6,7,199527,48868,1229,2423,"",1.06,0.10,0.10,0.12,0.10,0.09,0.53,0.90,"N",4,400.0,0,0,0,0,0,0,0,0,0,0,0,0,0,0
"01047","5","518210","78","0","2023","1","N",1,0,0,0,0,0,0,0,"N",0.24,0,0,0,0,0,0,0,"N",1,100.0,0,0,0,0,0,0,0,0,0,0,0,0,0,0
"01049","5","518210","78","0","2023","1","N",1,0,0,0,0,0,0,0,"N",0.16,0,0,0,0,0,0,0,"N",1,100.0,0,0,0,0,0,0,0,0,0,0,0,0,0,0
"01051","5","518210","78","0","2023","1","",10,14,14,14,614050,107446,1060,3374,"",1.36,0.21,0.21,0.21,0.36,0.18,0.36,1.71,"N",2,25.0,0,0,0,0,0,0,0,0,0,0,0,0,0,0
"01053","5","518210","78","0","2023","1","N",1,0,0,0,0,0,0,0,"N",0.25,0,0,0,0,0,0,0,"N",0,0.0,0,0,0,0,0,0,0,0,0,0,0,0,0,0
"01055","5","518210","78","0","2023","1","N",1,0,0,0,0,0,0,0,"N",0.10,0,0,0,0,0,0,0,"N",0,0.0,0,0,0,0,0,0,0,0,0,0,0,0,0,0
"01059","5","518210","78","0","2023","1","-",0,0,0,0,0,0,0,0,"N",0.00,0,0,0,0,0,0,0,"N",0,0,0,0,0,0,0,0,0,0,0,0,0,0,0,0
"01061","5","518210","78","0","2023","1","N",1,0,0,0,0,0,0,0,"N",0.38,0,0,0,0,0,0,0,"N",1,100.0,0,0,0,0,0,0,0,0,0,0,0,0,0,0
"01065","5","518210","78","0","2023","1","N",1,0,0,0,0,0,0,0,"N",0.73,0,0,0,0,0,0,0,"N",0,0.0,0,0,0,0,0,0,0,0,0,0,0,0,0,0
"01067","5","518210","78","0","2023","1","-",0,0,0,0,0,0,0,0,"N",0.00,0,0,0,0,0,0,0,"N",0,0,0,0,0,0,0,0,0,0,0,0,0,0,0,0
"01069","5","518210","78","0","2023","1","",9,5,8,6,198528,58909,917,2411,"",0.59,0.03,0.05,0.04,0.04,0.04,0.12,1.04,"N",4,80.0,0,0,0,0,0,0,0,0,0,0,0,0,0,0
"01071","5","518210","78","0","2023","1","",5,6,6,5,95453,48000,1296,1296,"",0.98,0.12,0.12,0.10,0.07,0.09,0.41,0.62,"N",3,150.0,0,0,0,0,0,0,0,0,0,0,0,0,0,0
"01073","5","518210","78","0","2023","1","",141,416,421,424,10458073,3391813,31752,1914,"",1.46,0.35,0.36,0.37,0.21,0.28,0.50,0.59,"",40,39.6,75,22.0,69,19.6,73,20.8,2467302,30.9,554471,19.5,-3475,-9.9,148,8.4
"01077","5","518210","78","0","2023","1","N",5,0,0,0,0,0,0,0,"N",0.47,0,0,0,0,0,0,0,"N",2,66.7,0,0,0,0,0,0,0,0,0,0,0,0,0,0
"01081","5","518210","78","0","2023","1","",37,143,145,146,3146156,1089005,9479,1673,"",2.06,0.69,0.69,0.70,0.51,0.62,0.96,0.74,"",8,27.6,18,14.4,17,13.3,13,9.8,849311,37.0,141248,14.9,-5811,-38.0,300,21.8
"01083","5","518210","78","0","2023","1","",9,10,10,9,363168,80000,1360,2890,"",1.14,0.09,0.09,0.09,0.10,0.08,0.18,1.14,"",2,28.6,2,25.0,1,11.1,1,12.5,139827,62.6,15603,24.2,-100,-6.8,828,40.2
"01087","5","518210","78","0","2023","1","N",1,0,0,0,0,0,0,0,"N",0.76,0,0,0,0,0,0,0,"N",1,100.0,0,0,0,0,0,0,0,0,0,0,0,0,0,0
"01089","5","518210","78","0","2023","1","",99,256,263,262,11182258,2255043,21622,3304,"",1.78,0.36,0.37,0.37,0.36,0.31,0.67,0.99,"",35,54.7,64,33.3,62,30.8,56,27.2,3402204,43.7,527764,30.6,-6460,-23.0,307,10.2
"01093","5","518210","78","0","2023","1","N",1,0,0,0,0,0,0,0,"N",0.33,0,0,0,0,0,0,0,"N",0,0.0,0,0,0,0,0,0,0,0,0,0,0,0,0,0
"01095","5","518210","78","0","2023","1","",6,19,18,19,458314,131997,264,1889,"",0.56,0.15,0.14,0.15,0.13,0.10,0.05,0.91,"",0,0.0,4,26.7,4,28.6,4,26.7,145704,46.6,22281,20.3,-1304,-83.2,249,15.2
"01097","5","518210","78","0","2023","1","",41,124,128,126,2263089,1025686,6157,1382,"",0.79,0.22,0.23,0.23,0.12,0.18,0.17,0.53,"",5,13.9,15,13.8,20,18.5,15,13.5,673348,42.4,151073,17.3,-5088,-45.2,264,23.6
"01101","2","518210","78","0","2023","1","",1,10,8,10,287374,0,0,2368,"",87.46,12.85,10.21,12.49,22.48,0.00,0.00,1.89,"",0,0.0,-3,-23.1,-5,-38.5,-3,-23.1,37640,15.1,0,0.0,0,0.0,890,60.2
"01101","5","518210","78","0","2023","1","",33,250,248,248,4761817,2021620,11795,1473,"",1.07,0.59,0.59,0.59,0.33,0.55,0.58,0.57,"",4,13.8,-26,-9.4,-25,-9.2,2,0.8,246746,5.5,-85968,-4.1,-15995,-57.6,162,12.4
"01103","5","518210","78","0","2023","1","",10,56,51,41,693186,358514,1317,1081,"",0.72,0.33,0.30,0.25,0.12,0.19,0.14,0.40,"N",0,0.0,0,0,0,0,0,0,0,0,0,0,0,0,0,0
"01107","5","518210","78","0","2023","1","N",1,0,0,0,0,0,0,0,"N",0.62,0,0,0,0,0,0,0,"N",0,0.0,0,0,0,0,0,0,0,0,0,0,0,0,0,0
"01109","5","518210","78","0","2023","1","N",2,0,0,0,0,0,0,0,"N",0.59,0,0,0,0,0,0,0,"N",1,100.0,0,0,0,0,0,0,0,0,0,0,0,0,0,0
"01113","5","518210","78","0","2023","1","",10,14,15,18,379598,143740,2545,1864,"",1.96,0.32,0.34,0.40,0.30,0.33,1.17,0.84,"",5,100.0,10,250.0,12,400.0,15,500.0,311411,456.7,118099,460.6,2092,461.8,290,18.4
"01115","5","518210","78","0","2023","1","",8,4,4,5,113629,44542,912,2017,"",1.02,0.06,0.06,0.07,0.06,0.06,0.22,0.91,"N",5,166.7,0,0,0,0,0,0,0,0,0,0,0,0,0,0
"01117","5","518210","78","0","2023","1","",58,127,132,125,3688770,1035646,10638,2217,"",1.91,0.45,0.47,0.45,0.33,0.32,0.60,0.72,"",22,61.1,29,29.6,26,24.5,20,19.0,1452471,64.9,203410,24.4,-4496,-29.7,547,32.8
"01121","5","518210","78","0","2023","1","",4,7,8,8,551793,62502,1288,5536,"",0.60,0.07,0.08,0.08,0.17,0.05,0.23,2.29,"",1,33.3,4,133.3,4,100.0,4,100.0,466869,549.7,27198,77.0,335,35.2,3754,210.7
"01123","5","518210","78","0","2023","1","N",1,0,0,0,0,0,0,0,"N",0.22,0,0,0,0,0,0,0,"N",0,0.0,0,0,0,0,0,0,0,0,0,0,0,0,0,0
"01125","5","518210","78","0","2023","1","N",13,0,0,0,0,0,0,0,"N",0.58,0,0,0,0,0,0,0,"N",3,30.0,0,0,0,0,0,0,0,0,0,0,0,0,0,0
"01127","5","518210","78","0","2023","1","N",3,0,0,0,0,0,0,0,"N",0.45,0,0,0,0,0,0,0,"N",2,200.0,0,0,0,0,0,0,0,0,0,0,0,0,0,0
"01131","5","518210","78","0","2023","1","N",1,0,0,0,0,0,0,0,"N",0.79,0,0,0,0,0,0,0,"N",0,0.0,0,0,0,0,0,0,0,0,0,0,0,0,0,0
"01133","5","518210","78","0","2023","1","N",2,0,0,0,0,0,0,0,"N",0.88,0,0,0,0,0,0,0,"N",1,100.0,0,0,0,0,0,0,0,0,0,0,0,0,0,0
"01999","5","518210","78","0","2023","1","",652,1578,1594,1592,39411972,12385304,149249,1909,"",7.45,6.02,6.06,6.13,2.84,3.27,4.71,0.47,"",58,9.8,567,56.1,522,48.7,503,46.2,10459924,36.1,3518772,39.7,-10014,-6.3,-197,-9.4
"02000","5","518210","58","0","2023","1","",88,113,118,121,3582119,2836333,56166,2348,"",0.82,0.11,0.12,0.12,0.09,0.14,0.17,0.77,"",19,27.5,24,27.0,19,19.2,20,19.8,1433674,66.7,902726,46.7,12470,28.5,632,36.8
"02020","5","518210","78","0","2023","1","",30,53,57,57,1028867,987139,19208,1422,"",0.80,0.12,0.12,0.12,0.05,0.11,0.12,0.45,"N",7,30.4,0,0,0,0,0,0,0,0,0,0,0,0,0,0
"02090","5","518210","78","0","2023","1","",6,11,11,11,863231,491741,10309,6037,"",0.57,0.10,0.10,0.10,0.21,0.27,0.33,2.15,"",-1,-14.3,2,22.2,0,0.0,-1,-8.3,288285,50.1,87684,21.7,-339,-3.2,1891,45.6
"02110","5","518210","78","0","2023","1","N",3,0,0,0,0,0,0,0,"N",0.60,0,0,0,0,0,0,0,"N",2,200.0,0,0,0,0,0,0,0,0,0,0,0,0,0,0
"02122","5","518210","78","0","2023","1","",5,4,4,4,190798,82607,1300,3669,"",0.49,0.06,0.06,0.06,0.09,0.09,0.08,1.39,"",0,0.0,0,0.0,-1,-20.0,-1,-20.0,42172,28.4,-41779,-33.6,-1308,-50.2,1219,49.8
"02150","5","518210","78","0","2023","1","-",0,0,0,0,0,0,0,0,"N",0.00,0,0,0,0,0,0,0,"N",0,0,0,0,0,0,0,0,0,0,0,0,0,0,0,0
"02170","5","518210","78","0","2023","1","",7,3,4,6,155061,155061,3365,2753,"",0.60,0.03,0.04,0.07,0.06,0.10,0.13,1.20,"",4,133.3,0,0.0,1,33.3,3,100.0,81383,110.5,81383,110.5,1599,90.5,864,45.7
"02240","5","518210","78","0","2023","1","N",1,0,0,0,0,0,0,0,"N",0.90,0,0,0,0,0,0,0,"N",1,100.0,0,0,0,0,0,0,0,0,0,0,0,0,0,0
"02999","5","518210","78","0","2023","1","N",36,0,0,0,0,0,0,0,"N",4.15,0,0,0,0,0,0,0,"N",6,20.0,0,0,0,0,0,0,0,0,0,0,0,0,0,0
"04000","5","518210","58","0","2023","1","",837,12546,12480,12297,412752866,102165663,1343032,2552,"",0.89,1.22,1.21,1.20,0.99,0.91,1.07,0.82,"",3,0.4,624,5.2,277,2.3,126,1.0,41671738,11.2,13553477,15.3,20508,1.6,193,8.2
"04001","5","518210","78","0","2023","1","N",1,0,0,0,0,0,0,0,"N",0.37,0,0,0,0,0,0,0,"N",0,0.0,0,0,0,0,0,0,0,0,0,0,0,0,0,0
"04003","5","518210","78","0","2023","1","",8,45,46,47,1042618,366138,4049,1744,"",0.72,0.40,0.41,0.42,0.28,0.39,0.54,0.69,"",0,0.0,9,25.0,7,17.9,7,17.5,367764,54.5,83571,29.6,-1573,-28.0,390,28.8
"04005","5","518210","78","0","2023","1","N",8,0,0,0,0,0,0,0,"N",0.46,0,0,0,0,0,0,0,"N",2,33.3,0,0,0,0,0,0,0,0,0,0,0,0,0,0
"04007","5","518210","78","0","2023","1","N",2,0,0,0,0,0,0,0,"N",0.41,0,0,0,0,0,0,0,"N",0,0.0,0,0,0,0,0,0,0,0,0,0,0,0,0,0
"04013","5","518210","78","0","2023","1","",519,11045,10963,10782,364280729,90352125,1033455,2564,"",0.87,1.52,1.51,1.50,1.18,1.09,1.25,0.78,"",-2,-0.4,265,2.5,7,0.1,-102,-0.9,33500737,10.1,10205311,12.7,-178161,-14.7,224,9.6
"04015","5","518210","78","0","2023","1","N",2,0,0,0,0,0,0,0,"N",0.10,0,0,0,0,0,0,0,"N",-2,-50.0,0,0,0,0,0,0,0,0,0,0,0,0,0,0
"04019","5","518210","78","0","2023","1","",36,294,286,285,8740903,2356164,88628,2332,"",0.36,0.23,0.23,0.23,0.20,0.19,0.91,0.87,"",-2,-5.3,79,36.7,72,33.6,69,31.9,806328,10.2,875071,59.1,63206,248.6,-507,-17.9
"04021","5","518210","78","0","2023","1","",5,10,11,12,242778,75357,1311,1698,"",0.26,0.04,0.05,0.05,0.03,0.03,0.04,0.68,"N",2,66.7,0,0,0,0,0,0,0,0,0,0,0,0,0,0
"04023","5","518210","78","0","2023","1","N",1,0,0,0,0,0,0,0,"N",0.19,0,0,0,0,0,0,0,"N",-1,-50.0,0,0,0,0,0,0,0,0,0,0,0,0,0,0
"04025","5","518210","78","0","2023","1","N",2,0,0,0,0,0,0,0,"N",0.06,0,0,0,0,0,0,0,"N",-3,-60.0,0,0,0,0,0,0,0,0,0,0,0,0,0,0
"04027","5","518210","78","0","2023","1","N",2,0,0,0,0,0,0,0,"N",0.12,0,0,0,0,0,0,0,"N",0,0.0,0,0,0,0,0,0,0,0,0,0,0,0,0,0
"04999","5","518210","78","0","2023","1","",251,1098,1117,1116,37214326,8601271,201943,2578,"",2.51,4.37,4.37,4.39,2.31,2.27,2.81,0.53,"",9,3.7,273,33.1,187,20.1,149,15.4,6709190,22.0,2317416,36.9,125266,163.4,-8,-0.3
"05000","2","518210","58","0","2023","1","",1,164,164,163,2684275,0,0,1262,"",6.08,21.49,21.41,20.75,21.20,0.00,0.00,1.00,"",0,0.0,2,1.2,1,0.6,0,0.0,131763,5.2,0,0.0,0,0.0,55,4.6
"05000","5","518210","58","0","2023","1","",1287,4811,4803,4743,147179583,32091249,410611,2366,"",2.90,1.16,1.16,1.15,1.04,0.86,1.24,0.90,"",120,10.3,466,10.7,411,9.4,332,7.5,24915394,20.4,-8699540,-21.3,-98692,-19.4,220,10.3
"05003","5","518210","78","0","2023","1","N",1,0,0,0,0,0,0,0,"N",0.44,0,0,0,0,0,0,0,"N",0,0.0,0,0,0,0,0,0,0,0,0,0,0,0,0,0
"05005","5","518210","78","0","2023","1","N",1,0,0,0,0,0,0,0,"N",0.18,0,0,0,0,0,0,0,"N",0,0.0,0,0,0,0,0,0,0,0,0,0,0,0,0,0
"05007","5","518210","78","0","2023","1","",58,308,301,294,7231507,2054942,33108,1848,"",1.67,0.68,0.67,0.65,0.28,0.38,0.91,0.42,"",5,9.4,4,1.3,-8,-2.6,2,0.7,773429,12.0,-717075,-25.9,-9514,-22.3,201,12.2
"05009","5","518210","78","0","2023","1","N",1,0,0,0,0,0,0,0,"N",0.24,0,0,0,0,0,0,0,"N",0,0.0,0,0,0,0,0,0,0,0,0,0,0,0,0,0
"05023","5","518210","78","0","2023","1","N",2,0,0,0,0,0,0,0,"N",0.72,0,0,0,0,0,0,0,"N",0,0.0,0,0,0,0,0,0,0,0,0,0,0,0,0,0
"05029","5","518210","78","0","2023","1","N",1,0,0,0,0,0,0,0,"N",0.45,0,0,0,0,0,0,0,"N",0,0.0,0,0,0,0,0,0,0,0,0,0,0,0,0,0
"05031","5","518210","78","0","2023","1","N",3,0,0,0,0,0,0,0,"N",0.23,0,0,0,0,0,0,0,"N",-1,-25.0,0,0,0,0,0,0,0,0,0,0,0,0,0,0
"05033","5","518210","78","0","2023","1","N",2,0,0,0,0,0,0,0,"N",0.36,0,0,0,0,0,0,0,"N",0,0.0,0,0,0,0,0,0,0,0,0,0,0,0,0,0
"05035","5","518210","78","0","2023","1","N",1,0,0,0,0,0,0,0,"N",0.21,0,0,0,0,0,0,0,"N",0,0.0,0,0,0,0,0,0,0,0,0,0,0,0,0,0
"05045","5","518210","78","0","2023","1","N",10,0,0,0,0,0,0,0,"N",0.72,0,0,0,0,0,0,0,"N",2,25.0,0,0,0,0,0,0,0,0,0,0,0,0,0,0
"05047","5","518210","78","0","2023","1","N",1,0,0,0,0,0,0,0,"N",0.57,0,0,0,0,0,0,0,"N",1,100.0,0,0,0,0,0,0,0,0,0,0,0,0,0,0
"05051","5","518210","78","0","2023","1","N",3,0,0,0,0,0,0,0,"N",0.21,0,0,0,0,0,0,0,"N",-2,-40.0,0,0,0,0,0,0,0,0,0,0,0,0,0,0
"05055","5","518210","78","0","2023","1","N",2,0,0,0,0,0,0,0,"N",0.49,0,0,0,0,0,0,0,"N",0,0.0,0,0,0,0,0,0,0,0,0,0,0,0,0,0
"05057","5","518210","78","0","2023","1","N",2,0,0,0,0,0,0,0,"N",0.88,0,0,0,0,0,0,0,"N",0,0.0,0,0,0,0,0,0,0,0,0,0,0,0,0,0
"05063","5","518210","78","0","2023","1","N",1,0,0,0,0,0,0,0,"N",0.24,0,0,0,0,0,0,0,"N",1,100.0,0,0,0,0,0,0,0,0,0,0,0,0,0,0
"05065","5","518210","78","0","2023","1","N",1,0,0,0,0,0,0,0,"N",0.89,0,0,0,0,0,0,0,"N",0,0.0,0,0,0,0,0,0,0,0,0,0,0,0,0,0
"05069","5","518210","78","0","2023","1","N",1,0,0,0,0,0,0,0,"N",0.12,0,0,0,0,0,0,0,"N",0,0.0,0,0,0,0,0,0,0,0,0,0,0,0,0,0
"05073","5","518210","78","0","2023","1","N",1,0,0,0,0,0,0,0,"N",1.41,0,0,0,0,0,0,0,"N",0,0.0,0,0,0,0,0,0,0,0,0,0,0,0,0,0
"05085","5","518210","78","0","2023","1","N",6,0,0,0,0,0,0,0,"N",0.98,0,0,0,0,0,0,0,"N",1,20.0,0,0,0,0,0,0,0,0,0,0,0,0,0,0
"05087","5","518210","78","0","2023","1","N",1,0,0,0,0,0,0,0,"N",0.79,0,0,0,0,0,0,0,"N",0,0.0,0,0,0,0,0,0,0,0,0,0,0,0,0,0
"05089","5","518210","78","0","2023","1","N",1,0,0,0,0,0,0,0,"N",0.77,0,0,0,0,0,0,0,"N",1,100.0,0,0,0,0,0,0,0,0,0,0,0,0,0,0
"05091","5","518210","78","0","2023","1","N",3,0,0,0,0,0,0,0,"N",0.75,0,0,0,0,0,0,0,"N",1,50.0,0,0,0,0,0,0,0,0,0,0,0,0,0,0
"05093","5","518210","78","0","2023","1","N",2,0,0,0,0,0,0,0,"N",0.44,0,0,0,0,0,0,0,"N",0,0.0,0,0,0,0,0,0,0,0,0,0,0,0,0,0
"05095","5","518210","78","0","2023","1","N",1,0,0,0,0,0,0,0,"N",0.93,0,0,0,0,0,0,0,"N",0,0.0,0,0,0,0,0,0,0,0,0,0,0,0,0,0
"05097","5","518210","78","0","2023","1","N",1,0,0,0,0,0,0,0,"N",1.36,0,0,0,0,0,0,0,"N",0,0.0,0,0,0,0,0,0,0,0,0,0,0,0,0,0
"05103","5","518210","78","0","2023","1","N",1,0,0,0,0,0,0,0,"N",0.37,0,0,0,0,0,0,0,"N",0,0.0,0,0,0,0,0,0,0,0,0,0,0,0,0,0
"05115","5","518210","78","0","2023","1","",3,15,16,16,280729,105392,3064,1378,"",0.38,0.17,0.18,0.18,0.11,0.13,0.47,0.63,"",0,0.0,0,0.0,1,6.7,1,6.7,-76050,-21.3,-15433,-12.8,-2268,-42.5,-452,-24.7
"05119","2","518210","78","0","2023","1","",1,164,164,163,2684275,0,0,1262,"",43.23,106.85,106.45,103.37,98.43,0.00,0.00,0.93,"",0,0.0,2,1.2,1,0.6,0,0.0,131763,5.2,0,0.0,0,0.0,55,4.6
"05119","5","518210","78","0","2023","1","",58,384,390,386,9553585,2652895,29837,1901,"",0.93,0.46,0.47,0.47,0.31,0.39,0.54,0.67,"",-1,-1.7,34,9.7,45,13.0,32,9.0,2122531,28.6,-636321,-19.3,-14070,-32.0,266,16.3
"05125","5","518210","78","0","2023","1","N",5,0,0,0,0,0,0,0,"N",0.48,0,0,0,0,0,0,0,"N",-3,-37.5,0,0,0,0,0,0,0,0,0,0,0,0,0,0
"05129","5","518210","78","0","2023","1","N",1,0,0,0,0,0,0,0,"N",1.36,0,0,0,0,0,0,0,"N",0,0.0,0,0,0,0,0,0,0,0,0,0,0,0,0,0
"05131","5","518210","78","0","2023","1","N",7,0,0,0,0,0,0,0,"N",0.42,0,0,0,0,0,0,0,"N",0,0.0,0,0,0,0,0,0,0,0,0,0,0,0,0,0
"05135","5","518210","78","0","2023","1","N",1,0,0,0,0,0,0,0,"N",0.58,0,0,0,0,0,0,0,"N",0,0.0,0,0,0,0,0,0,0,0,0,0,0,0,0,0
"05143","5","518210","78","0","2023","1","",33,136,138,140,5087323,946480,16310,2836,"",1.12,0.36,0.36,0.37,0.42,0.29,0.67,1.14,"",3,10.0,-15,-9.9,-16,-10.4,-11,-7.3,191671,3.9,-488018,-34.0,-11629,-41.6,358,14.4
"05145","5","518210","78","0","2023","1","N",1,0,0,0,0,0,0,0,"N",0.13,0,0,0,0,0,0,0,"N",-1,-50.0,0,0,0,0,0,0,0,0,0,0,0,0,0,0
"05999","5","518210","78","0","2023","1","",1070,1578,1557,1524,47165506,10492361,254449,2336,"",12.23,8.82,8.60,8.47,5.16,4.89,6.15,0.60,"",114,11.9,286,22.1,241,18.3,162,11.9,10924604,30.1,-1812652,-14.7,-45967,-15.3,229,10.9
"06000","3","518210","58","0","2023","1","",2,21,21,22,665047,0,0,2398,"",0.14,0.07,0.07,0.07,0.08,0.00,0.00,1.23,"",0,0.0,1,5.0,0,0.0,0,0.0,90221,15.7,0,0.0,0,0.0,292,13.9
"06000","5","518210","58","0","2023","1","",4290,84779,84681,84409,5170479387,607884443,18617486,4700,"",0.57,1.46,1.46,1.47,1.70,1.09,1.14,1.16,"",770,21.9,19138,29.2,18342,27.6,17604,26.4,1005316440,24.1,126366850,26.2,2898667,18.4,-135,-2.8
"06001","5","518210","78","0","2023","1","",156,6605,6648,6631,397781703,46996930,1153105,4617,"",0.52,2.58,2.59,2.60,2.67,1.86,1.58,1.03,"",8,5.4,339,5.4,340,5.4,291,4.6,-14554671,-3.5,2606119,5.9,-3802,-0.3,-414,-8.2
"06003","5","518210","78","0","2023","1","N",2,0,0,0,0,0,0,0,"N",6.04,0,0,0,0,0,0,0,"N",0,0.0,0,0,0,0,0,0,0,0,0,0,0,0,0,0
"06005","5","518210","78","0","2023","1","N",1,0,0,0,0,0,0,0,"N",0.18,0,0,0,0,0,0,0,"N",1,100.0,0,0,0,0,0,0,0,0,0,0,0,0,0,0
"06007","5","518210","78","0","2023","1","N",3,0,0,0,0,0,0,0,"N",0.08,0,0,0,0,0,0,0,"N",0,0.0,0,0,0,0,0,0,0,0,0,0,0,0,0,0
"06009","5","518210","78","0","2023","1","N",2,0,0,0,0,0,0,0,"N",0.31,0,0,0,0,0,0,0,"N",2,100.0,0,0,0,0,0,0,0,0,0,0,0,0,0,0
"06011","5","518210","78","0","2023","1","N",1,0,0,0,0,0,0,0,"N",0.24,0,0,0,0,0,0,0,"N",1,100.0,0,0,0,0,0,0,0,0,0,0,0,0,0,0
"06013","5","518210","78","0","2023","1","",60,571,554,552,23239224,4131531,147149,3198,"",0.37,0.48,0.47,0.47,0.37,0.35,0.44,0.79,"",4,7.1,32,5.9,20,3.7,5,0.9,3253030,16.3,340741,9.0,13276,9.9,351,12.3
"06017","5","518210","78","0","2023","1","",9,58,56,56,1655855,404307,11732,2248,"",0.34,0.31,0.30,0.31,0.24,0.25,0.22,0.79,"N",2,28.6,0,0,0,0,0,0,0,0,0,0,0,0,0,0
"06019","5","518210","78","0","2023","1","",12,78,78,81,1584188,528237,13863,1543,"",0.07,0.06,0.06,0.06,0.04,0.05,0.04,0.62,"",1,9.1,-18,-18.8,-18,-18.8,-17,-17.3,-2107478,-57.1,-144828,-21.5,-3315,-19.3,-1395,-47.5
"06025","5","518210","78","0","2023","1","N",2,0,0,0,0,0,0,0,"N",0.05,0,0,0,0,0,0,0,"N",1,100.0,0,0,0,0,0,0,0,0,0,0,0,0,0,0
"06027","5","518210","78","0","2023","1","-",0,0,0,0,0,0,0,0,"N",0.00,0,0,0,0,0,0,0,"N",0,0,0,0,0,0,0,0,0,0,0,0,0,0,0,0
"06029","5","518210","78","0","2023","1","N",8,0,0,0,0,0,0,0,"N",0.07,0,0,0,0,0,0,0,"N",1,14.3,0,0,0,0,0,0,0,0,0,0,0,0,0,0
"06031","5","518210","78","0","2023","1","N",1,0,0,0,0,0,0,0,"N",0.05,0,0,0,0,0,0,0,"N",-1,-50.0,0,0,0,0,0,0,0,0,0,0,0,0,0,0
"06033","5","518210","78","0","2023","1","-",0,0,0,0,0,0,0,0,"N",0.00,0,0,0,0,0,0,0,"N",0,0,0,0,0,0,0,0,0,0,0,0,0,0,0,0
"06035","5","518210","78","0","2023","1","-",0,0,0,0,0,0,0,0,"N",0.00,0,0,0,0,0,0,0,"N",0,0,0,0,0,0,0,0,0,0,0,0,0,0,0,0
"06037","5","518210","78","0","2023","1","",706,11441,11555,11611,591527576,84863217,2912194,3944,"",0.30,0.79,0.79,0.81,0.86,0.61,0.73,1.08,"",121,20.7,798,7.5,797,7.4,739,6.8,132621433,28.9,9623981,12.8,349646,13.6,663,20.2
"06039","5","518210","78","0","2023","1","N",1,0,0,0,0,0,0,0,"N",0.04,0,0,0,0,0,0,0,"N",0,0.0,0,0,0,0,0,0,0,0,0,0,0,0,0,0
"06041","5","518210","78","0","2023","1","",35,133,131,130,5161372,935492,32476,3023,"",0.63,0.38,0.37,0.37,0.26,0.27,0.35,0.69,"",-2,-5.4,45,51.1,38,40.9,44,51.2,1604323,45.1,265125,39.5,11503,54.8,-51,-1.7
"06045","5","518210","78","0","2023","1","N",3,0,0,0,0,0,0,0,"N",0.16,0,0,0,0,0,0,0,"N",1,50.0,0,0,0,0,0,0,0,0,0,0,0,0,0,0
"06047","5","518210","78","0","2023","1","N",1,0,0,0,0,0,0,0,"N",0.03,0,0,0,0,0,0,0,"N",0,0.0,0,0,0,0,0,0,0,0,0,0,0,0,0,0
"06051","5","518210","78","0","2023","1","N",1,0,0,0,0,0,0,0,"N",0.33,0,0,0,0,0,0,0,"N",0,0.0,0,0,0,0,0,0,0,0,0,0,0,0,0,0
"06053","5","518210","78","0","2023","1","N",8,0,0,0,0,0,0,0,"N",0.12,0,0,0,0,0,0,0,"N",2,33.3,0,0,0,0,0,0,0,0,0,0,0,0,0,0
"06055","5","518210","78","0","2023","1","",7,37,35,35,1425630,32941,973,3075,"",0.26,0.15,0.14,0.14,0.14,0.01,0.01,0.98,"",-2,-22.2,-13,-26.0,-18,-34.0,-20,-36.4,-311491,-17.9,-104698,-76.1,-5595,-85.2,538,21.2
"06057","5","518210","78","0","2023","1","N",2,0,0,0,0,0,0,0,"N",0.11,0,0,0,0,0,0,0,"N",1,100.0,0,0,0,0,0,0,0,0,0,0,0,0,0,0
"06059","3","518210","78","0","2023","1","",1,14,14,15,500907,0,0,2688,"",0.86,0.48,0.48,0.52,0.75,0.00,0.00,1.53,"",0,0.0,1,7.7,0,0.0,0,0.0,70189,16.3,0,0.0,0,0.0,321,13.6
"06059","5","518210","78","0","2023","1","",255,2613,2616,2638,91238680,20057377,779915,2676,"",0.42,0.49,0.49,0.50,0.36,0.36,0.49,0.73,"",35,15.9,-360,-12.1,-404,-13.4,-398,-13.1,-26141266,-22.3,-1556790,-7.2,40819,5.5,-324,-10.8
"06061","5","518210","78","0","2023","1","N",16,0,0,0,0,0,0,0,"N",0.24,0,0,0,0,0,0,0,"N",2,14.3,0,0,0,0,0,0,0,0,0,0,0,0,0,0
"06065","5","518210","78","0","2023","1","",33,608,610,609,16410734,1182509,53197,2073,"",0.10,0.23,0.23,0.23,0.18,0.05,0.08,0.80,"",-1,-2.9,-13,-2.1,-4,-0.7,-28,-4.4,826457,5.3,-77207,-6.1,-12151,-18.6,152,7.9
"06067","5","518210","78","0","2023","1","",65,1211,1208,1213,52126244,8745509,332634,3312,"",0.22,0.53,0.53,0.54,0.50,0.50,0.65,0.95,"",14,27.5,4,0.3,-14,-1.1,-21,-1.7,9636787,22.7,-339371,-3.7,-45603,-12.1,635,23.7
"06069","5","518210","78","0","2023","1","N",1,0,0,0,0,0,0,0,"N",0.13,0,0,0,0,0,0,0,"N",0,0.0,0,0,0,0,0,0,0,0,0,0,0,0,0,0
"06071","5","518210","78","0","2023","1","N",32,0,0,0,0,0,0,0,"N",0.10,0,0,0,0,0,0,0,"N",12,60.0,0,0,0,0,0,0,0,0,0,0,0,0,0,0
"06073","5","518210","78","0","2023","1","",232,2964,2955,2937,105810496,21142148,741905,2757,"",0.42,0.60,0.60,0.60,0.45,0.47,0.57,0.75,"",27,13.2,336,12.8,324,12.3,312,11.9,21418546,25.4,2919202,16.0,39415,5.6,287,11.6
"06075","5","518210","78","0","2023","1","",513,21173,20997,20706,1551524824,157094407,4502669,5694,"",1.86,8.91,8.85,8.80,5.97,6.25,6.39,0.67,"",93,22.1,1498,7.6,1016,5.1,480,2.4,-66225678,-4.1,4598446,3.0,160162,3.7,-540,-8.7
"06077","5","518210","78","0","2023","1","",5,19,19,18,1339877,136687,4843,5521,"",0.06,0.02,0.02,0.02,0.04,0.02,0.02,2.09,"N",-1,-16.7,0,0,0,0,0,0,0,0,0,0,0,0,0,0
"06079","5","518210","78","0","2023","1","",11,38,39,39,792506,254117,12374,1577,"",0.23,0.10,0.10,0.10,0.06,0.08,0.14,0.60,"",2,22.2,17,81.0,18,85.7,19,95.0,359190,82.9,103924,69.2,5379,76.9,-36,-2.2
"06081","5","518210","78","0","2023","1","",167,5812,5809,5838,514360376,42557930,1262508,6799,"",1.28,4.20,4.23,4.30,3.47,2.69,3.00,0.82,"",12,7.7,378,7.0,348,6.4,361,6.6,102818447,25.0,2558239,6.4,-26468,-2.1,998,17.2
"06083","5","518210","78","0","2023","1","",30,418,407,299,13682902,2842112,90650,2809,"",0.41,0.64,0.61,0.45,0.53,0.51,0.58,0.93,"",4,15.4,38,10.0,21,5.4,-87,-22.5,-6475722,-32.1,173961,6.5,-8191,-8.3,-1229,-30.4
"06085","5","518210","78","0","2023","1","",428,13268,13253,13346,1145950211,98553030,2948198,6633,"",1.24,3.64,3.64,3.71,3.13,2.44,2.64,0.85,"",80,23.0,4444,50.4,4417,50.0,4501,50.9,439819537,62.3,31416426,46.8,542363,22.5,485,7.9
"06087","5","518210","78","0","2023","1","N",12,0,0,0,0,0,0,0,"N",0.28,0,0,0,0,0,0,0,"N",1,9.1,0,0,0,0,0,0,0,0,0,0,0,0,0,0
"06089","5","518210","78","0","2023","1","N",9,0,0,0,0,0,0,0,"N",0.26,0,0,0,0,0,0,0,"N",2,28.6,0,0,0,0,0,0,0,0,0,0,0,0,0,0
"06093","5","518210","78","0","2023","1","N",1,0,0,0,0,0,0,0,"N",0.13,0,0,0,0,0,0,0,"N",0,0.0,0,0,0,0,0,0,0,0,0,0,0,0,0,0
"06095","5","518210","78","0","2023","1","",13,91,92,89,1891648,515558,17555,1605,"",0.23,0.21,0.21,0.20,0.10,0.14,0.16,0.51,"",2,18.2,-1,-1.1,1,1.1,-4,-4.3,44305,2.4,-48659,-8.6,-500,-2.8,60,3.9
"06097","3","518210","78","0","2023","1","",1,7,7,7,164140,0,0,1804,"",5.87,1.95,1.92,1.93,2.30,0.00,0.00,1.19,"",0,0.0,0,0.0,0,0.0,0,0.0,20032,13.9,0,0.0,0,0.0,220,13.9
"06097","5","518210","78","0","2023","1","",18,95,95,95,2887951,648922,22305,2338,"",0.20,0.14,0.14,0.14,0.11,0.10,0.12,0.74,"",4,28.6,4,4.4,9,10.5,12,14.5,786833,37.4,27959,4.5,2495,12.6,473,25.4
"06099","5","518210","78","0","2023","1","N",3,0,0,0,0,0,0,0,"N",0.04,0,0,0,0,0,0,0,"N",1,50.0,0,0,0,0,0,0,0,0,0,0,0,0,0,0
"06101","5","518210","78","0","2023","1","N",1,0,0,0,0,0,0,0,"N",0.06,0,0,0,0,0,0,0,"N",0,0.0,0,0,0,0,0,0,0,0,0,0,0,0,0,0
"06107","5","518210","78","0","2023","1","",4,8,8,8,86731,50214,1672,834,"",0.07,0.01,0.01,0.01,0.01,0.01,0.01,0.37,"N",1,33.3,0,0,0,0,0,0,0,0,0,0,0,0,0,0
"06109","5","518210","78","0","2023","1","-",0,0,0,0,0,0,0,0,"N",0.00,0,0,0,0,0,0,0,"N",0,0,0,0,0,0,0,0,0,0,0,0,0,0,0,0
"06111","5","518210","78","0","2023","1","",37,236,221,220,30507302,2326009,107756,10399,"",0.29,0.22,0.21,0.21,0.70,0.24,0.38,3.30,"",3,8.8,-250,-51.4,-255,-53.6,-242,-52.4,-6130294,-16.7,-1613208,-41.0,-98876,-47.9,4462,75.2
"06113","5","518210","78","0","2023","1","N",4,0,0,0,0,0,0,0,"N",0.12,0,0,0,0,0,0,0,"N",1,33.3,0,0,0,0,0,0,0,0,0,0,0,0,0,0
"06999","5","518210","78","0","2023","1","",1379,14055,14034,14005,520282806,91009688,3060643,2852,"",4.69,8.09,8.00,8.07,3.65,3.99,3.97,0.45,"",337,32.3,8962,176.0,8804,168.3,8753,166.7,320410891,160.3,54977831,152.6,1619209,112.3,-109,-3.7
"08000","5","518210","58","0","2023","1","",1771,16299,16172,16000,723877448,305284533,5419356,3446,"",1.55,1.76,1.75,1.74,1.66,1.69,1.97,0.95,"",87,5.2,244,1.5,-16,-0.1,-259,-1.6,3010666,0.4,42777456,16.3,254796,4.9,16,0.5
"08001","5","518210","78","0","2023","1","",72,228,217,219,8760681,4327162,90417,3045,"",1.12,0.29,0.28,0.28,0.27,0.33,0.43,0.94,"",5,7.5,-5,-2.1,-17,-7.3,-17,-7.2,815073,10.3,562476,14.9,-17740,-16.4,437,16.8
"08005","5","518210","78","0","2023","1","",218,3433,3420,3422,192877320,67047704,1134600,4332,"",1.78,3.14,3.13,3.15,3.36,2.84,3.19,1.07,"",9,4.3,-59,-1.7,-99,-2.8,-114,-3.2,-45965985,-19.2,8263444,14.1,62026,5.8,-894,-17.1
"08007","5","518210","78","0","2023","1","N",1,0,0,0,0,0,0,0,"N",0.31,0,0,0,0,0,0,0,"N",0,0.0,0,0,0,0,0,0,0,0,0,0,0,0,0,0
"08009","5","518210","78","0","2023","1","N",1,0,0,0,0,0,0,0,"N",1.84,0,0,0,0,0,0,0,"N",0,0.0,0,0,0,0,0,0,0,0,0,0,0,0,0,0
"08013","5","518210","78","0","2023","1","",217,1487,1453,1443,59103866,29796430,583624,3112,"",2.48,2.36,2.30,2.30,1.68,2.32,2.91,0.73,"",8,3.8,31,2.1,-24,-1.6,-33,-2.2,8002058,15.7,4782217,19.1,-13326,-2.2,437,16.3
"08014","5","518210","78","0","2023","1","",51,1324,1320,1313,81987725,27294888,546366,4781,"",3.12,9.45,9.51,9.51,8.57,7.37,9.80,0.90,"",6,13.3,299,29.2,296,28.9,248,23.3,21109767,34.7,9053201,49.6,173018,46.3,270,6.0
"08015","5","518210","78","0","2023","1","N",3,0,0,0,0,0,0,0,"N",0.53,0,0,0,0,0,0,0,"N",1,50.0,0,0,0,0,0,0,0,0,0,0,0,0,0,0
"08029","5","518210","78","0","2023","1","N",1,0,0,0,0,0,0,0,"N",0.21,0,0,0,0,0,0,0,"N",-1,-50.0,0,0,0,0,0,0,0,0,0,0,0,0,0,0
"08031","5","518210","78","0","2023","1","",485,5492,5449,5295,233710735,101676551,1861995,3322,"",2.42,3.00,2.98,2.91,2.09,2.46,2.95,0.71,"",29,6.4,-108,-1.9,-190,-3.4,-319,-5.7,16072599,7.4,9631929,10.5,-11321,-0.6,342,11.5
"08035","5","518210","78","0","2023","1","",146,1016,1010,1008,45535697,19698918,299188,3463,"",1.98,2.24,2.24,2.24,2.01,1.95,1.91,0.89,"",5,3.5,56,5.8,40,4.1,26,2.6,1213782,2.7,3634945,22.6,11830,4.1,-49,-1.4
"08037","5","518210","78","0","2023","1","",14,30,32,31,1902568,634182,11713,4721,"",0.78,0.25,0.27,0.26,0.44,0.26,0.36,1.69,"",2,16.7,-1,-3.2,1,3.2,0,0.0,350929,22.6,104571,19.7,-3889,-24.9,871,22.6
"08039","5","518210","78","0","2023","1","",5,17,13,7,535773,301173,7102,3342,"",1.25,1.15,0.88,0.47,1.08,1.03,1.83,1.29,"N",1,25.0,0,0,0,0,0,0,0,0,0,0,0,0,0,0
"08041","5","518210","78","0","2023","1","",138,565,566,578,19757338,10720047,199170,2668,"",1.18,0.57,0.58,0.59,0.53,0.66,0.77,0.91,"",5,3.8,-46,-7.5,-50,-8.1,-48,-7.7,1245701,6.7,1029015,10.6,25056,14.4,363,15.7
"08043","5","518210","78","0","2023","1","",5,4,4,4,27790,27790,327,534,"",0.99,0.09,0.09,0.09,0.02,0.06,0.05,0.23,"",0,0.0,0,0.0,0,0.0,0,0.0,-1023,-3.6,-1023,-3.6,-41,-11.1,-20,-3.6
"08045","5","518210","78","0","2023","1","",10,16,17,17,524381,283100,6050,2420,"",0.72,0.19,0.20,0.20,0.17,0.19,0.28,0.85,"",0,0.0,-9,-36.0,-8,-32.0,-7,-29.2,-340675,-39.4,-197855,-41.1,-2996,-33.1,-278,-10.3
"08047","5","518210","78","0","2023","1","N",1,0,0,0,0,0,0,0,"N",0.95,0,0,0,0,0,0,0,"N",0,0.0,0,0,0,0,0,0,0,0,0,0,0,0,0,0
"08049","5","518210","78","0","2023","1","N",2,0,0,0,0,0,0,0,"N",0.43,0,0,0,0,0,0,0,"N",0,0.0,0,0,0,0,0,0,0,0,0,0,0,0,0,0
"08051","5","518210","78","0","2023","1","N",5,0,0,0,0,0,0,0,"N",0.81,0,0,0,0,0,0,0,"N",0,0.0,0,0,0,0,0,0,0,0,0,0,0,0,0,0
"08053","5","518210","78","0","2023","1","N",1,0,0,0,0,0,0,0,"N",2.61,0,0,0,0,0,0,0,"N",0,0.0,0,0,0,0,0,0,0,0,0,0,0,0,0,0
"08055","5","518210","78","0","2023","1","N",1,0,0,0,0,0,0,0,"N",1.03,0,0,0,0,0,0,0,"N",0,0.0,0,0,0,0,0,0,0,0,0,0,0,0,0,0
"08059","5","518210","78","0","2023","1","",179,1819,1813,1817,55855967,29685130,402507,2366,"",1.55,2.28,2.29,2.30,1.54,1.89,1.71,0.67,"",7,4.1,124,7.3,89,5.2,72,4.1,1030377,1.9,5013716,20.3,21523,5.6,-84,-3.4
"08065","5","518210","78","0","2023","1","N",1,0,0,0,0,0,0,0,"N",0.78,0,0,0,0,0,0,0,"N",0,0.0,0,0,0,0,0,0,0,0,0,0,0,0,0,0
"08067","5","518210","78","0","2023","1","",11,52,51,51,1690218,965777,19030,2533,"",0.78,0.62,0.61,0.61,0.59,0.66,0.97,0.97,"",0,0.0,15,40.5,17,50.0,11,27.5,569827,50.9,285688,42.0,5410,39.7,204,8.8
"08069","5","518210","78","0","2023","1","",88,435,430,422,9965414,6806064,132252,1787,"",1.27,0.78,0.77,0.76,0.45,0.74,0.97,0.58,"",6,7.3,-82,-15.9,-84,-16.3,-71,-14.4,-669871,-6.3,-339880,-4.8,-9403,-6.6,177,11.0
"08071","5","518210","78","0","2023","1","N",3,0,0,0,0,0,0,0,"N",1.09,0,0,0,0,0,0,0,"N",0,0.0,0,0,0,0,0,0,0,0,0,0,0,0,0,0
"08077","5","518210","78","0","2023","1","",13,75,72,73,1656872,1263749,19596,1738,"",0.50,0.36,0.35,0.35,0.25,0.42,0.38,0.70,"",2,18.2,5,7.1,3,4.3,3,4.3,64723,4.1,226204,21.8,2264,13.1,-20,-1.1
"08083","5","518210","78","0","2023","1","N",2,0,0,0,0,0,0,0,"N",0.43,0,0,0,0,0,0,0,"N",0,0.0,0,0,0,0,0,0,0,0,0,0,0,0,0,0
"08085","5","518210","78","0","2023","1","",6,8,8,8,210474,148077,3158,2024,"",0.78,0.15,0.15,0.16,0.14,0.19,0.27,0.91,"",3,100.0,4,100.0,3,60.0,3,60.0,-20939,-9.0,63077,74.2,2162,217.1,-1791,-46.9
"08087","5","518210","78","0","2023","1","-",0,0,0,0,0,0,0,0,"N",0.00,0,0,0,0,0,0,0,"N",0,0,0,0,0,0,0,0,0,0,0,0,0,0,0,0
"08089","5","518210","78","0","2023","1","N",1,0,0,0,0,0,0,0,"N",0.42,0,0,0,0,0,0,0,"N",0,0.0,0,0,0,0,0,0,0,0,0,0,0,0,0,0
"08091","5","518210","78","0","2023","1","-",0,0,0,0,0,0,0,0,"N",0.00,0,0,0,0,0,0,0,"N",0,0,0,0,0,0,0,0,0,0,0,0,0,0,0,0
"08093","5","518210","78","0","2023","1","N",3,0,0,0,0,0,0,0,"N",0.93,0,0,0,0,0,0,0,"N",1,50.0,0,0,0,0,0,0,0,0,0,0,0,0,0,0
"08097","5","518210","78","0","2023","1","N",2,0,0,0,0,0,0,0,"N",0.21,0,0,0,0,0,0,0,"N",0,0.0,0,0,0,0,0,0,0,0,0,0,0,0,0,0
"08101","5","518210","78","0","2023","1","",5,42,40,41,738693,527729,12816,1386,"",0.28,0.21,0.20,0.20,0.11,0.18,0.22,0.56,"",0,0.0,-4,-8.7,-8,-16.7,-7,-14.6,213515,40.7,69991,15.3,4552,55.1,533,62.5
"08103","5","518210","78","0","2023","1","N",1,0,0,0,0,0,0,0,"N",0.78,0,0,0,0,0,0,0,"N",0,0.0,0,0,0,0,0,0,0,0,0,0,0,0,0,0
"08107","5","518210","78","0","2023","1","",4,14,14,13,558703,275964,8532,3145,"",0.41,0.25,0.25,0.23,0.29,0.27,0.54,1.16,"",1,33.3,1,7.7,1,7.7,1,8.3,92950,20.0,37276,15.6,870,11.4,317,11.2
"08111","5","518210","78","0","2023","1","N",1,0,0,0,0,0,0,0,"N",2.41,0,0,0,0,0,0,0,"N",0,0.0,0,0,0,0,0,0,0,0,0,0,0,0,0,0
"08113","5","518210","78","0","2023","1","N",1,0,0,0,0,0,0,0,"N",0.27,0,0,0,0,0,0,0,"N",-2,-66.7,0,0,0,0,0,0,0,0,0,0,0,0,0,0
"08115","5","518210","78","0","2023","1","N",1,0,0,0,0,0,0,0,"N",2.27,0,0,0,0,0,0,0,"N",0,0.0,0,0,0,0,0,0,0,0,0,0,0,0,0,0
"08117","5","518210","78","0","2023","1","",9,15,15,14,541912,280264,7793,2842,"",0.77,0.18,0.19,0.18,0.21,0.19,0.40,1.14,"",0,0.0,3,25.0,2,15.4,1,7.7,150021,38.3,86437,44.6,1635,26.6,462,19.4
"08119","5","518210","78","0","2023","1","N",4,0,0,0,0,0,0,0,"N",0.79,0,0,0,0,0,0,0,"N",0,0.0,0,0,0,0,0,0,0,0,0,0,0,0,0,0
"08123","5","518210","78","0","2023","1","",40,99,101,99,3017448,1684659,37957,2329,"",0.94,0.27,0.27,0.27,0.21,0.24,0.38,0.76,"",0,0.0,21,26.9,22,27.8,16,19.3,602267,24.9,488102,40.8,9243,32.2,7,0.3
"08999","5","518210","78","0","2023","1","",19,97,96,93,4015595,1373253,26270,3240,"",1.36,1.04,1.02,1.00,0.54,0.50,0.57,0.53,"",2,11.8,9,10.2,3,3.2,-4,-4.1,-448110,-10.0,157871,13.0,-3000,-10.2,-465,-12.6
"09000","3","518210","58","0","2023","1","N",1,0,0,0,0,0,0,0,"N",0.83,0,0,0,0,0,0,0,"N",0,0.0,0,0,0,0,0,0,0,0,0,0,0,0,0,0
"09000","5","518210","58","0","2023","1","",1220,3821,3791,3773,173831523,56011896,1311901,3523,"",1.92,0.71,0.71,0.71,0.59,0.70,0.76,0.83,"",182,17.5,174,4.8,135,3.7,130,3.6,27150782,18.5,2768457,5.2,-251089,-16.1,431,13.9
"09001","5","518210","78","0","2023","1","",491,1335,1307,1302,77219429,19725586,482123,4518,"",2.62,1.00,0.99,0.98,0.74,0.88,1.01,0.75,"",42,9.4,71,5.6,31,2.4,37,2.9,13505374,21.2,1020879,5.5,-90115,-15.7,654,16.9
"09003","5","518210","78","0","2023","1","",208,1121,1121,1113,38120822,16140388,320346,2622,"",1.43,0.69,0.70,0.69,0.45,0.65,0.61,0.64,"",17,8.9,-19,-1.7,8,0.7,-6,-0.5,3996384,11.7,41079,0.3,-96910,-23.2,287,12.3
"09005","5","518210","78","0","2023","1","",31,69,70,67,3880609,988653,24360,4347,"",1.01,0.35,0.36,0.35,0.57,0.37,0.39,1.62,"",0,0.0,20,40.8,20,40.0,19,39.6,1764382,83.4,306162,44.9,5337,28.1,1025,30.9
"09007","5","518210","78","0","2023","1","",40,78,80,82,3420935,1194808,30346,3289,"",1.49,0.35,0.36,0.37,0.39,0.39,0.45,1.07,"",2,5.3,-7,-8.2,-5,-5.9,-4,-4.7,202846,6.3,-102153,-7.9,-27252,-47.3,388,13.4
"09009","5","518210","78","0","2023","1","",202,391,387,378,15645036,5668975,116248,3123,"",1.65,0.32,0.32,0.32,0.31,0.37,0.34,0.97,"",13,6.9,-48,-10.9,-42,-9.8,-48,-11.3,-847732,-5.1,-496968,-8.1,-58244,-33.4,182,6.2
"09011","3","518210","78","0","2023","1","N",1,0,0,0,0,0,0,0,"N",14.27,0,0,0,0,0,0,0,"N",0,0.0,0,0,0,0,0,0,0,0,0,0,0,0,0,0
"09011","5","518210","78","0","2023","1","",39,51,51,54,1721955,780150,18013,2547,"",1.05,0.13,0.14,0.14,0.10,0.15,0.17,0.74,"",-1,-2.5,-1,-1.9,-2,-3.8,1,1.9,-221907,-11.4,27423,3.6,-2339,-11.5,-292,-10.3
"09013","5","518210","78","0","2023","1","",21,26,27,28,997256,388128,8066,2841,"",1.31,0.20,0.21,0.21,0.22,0.28,0.26,1.08,"",2,10.5,0,0.0,2,8.0,5,21.7,199254,25.0,59669,18.2,-279,-3.3,352,14.1
"09015","5","518210","78","0","2023","1","",16,21,22,24,945789,339806,7503,3258,"",1.08,0.17,0.18,0.19,0.23,0.21,0.22,1.27,"",2,14.3,6,40.0,7,46.7,10,71.4,393924,71.4,101018,42.3,340,4.7,364,12.6
"09999","5","518210","78","0","2023","1","",172,729,726,725,31879692,10785402,304896,3375,"",3.18,4.72,4.65,4.65,2.09,2.80,3.54,0.45,"",105,156.7,152,26.3,116,19.0,116,19.0,8158257,34.4,1811348,20.2,18373,6.4,327,10.7
"10000","2","518210","58","0","2023","1","N",1,0,0,0,0,0,0,0,"N",14.40,0,0,0,0,0,0,0,"N",0,0.0,0,0,0,0,0,0,0,0,0,0,0,0,0,0
"10000","5","518210","58","0","2023","1","",248,515,503,514,18329224,5470899,60505,2761,"",1.32,0.34,0.34,0.35,0.28,0.31,0.37,0.83,"",29,13.2,51,11.0,25,5.2,37,7.8,316156,1.8,-750442,-12.1,-77800,-56.3,-168,-5.7
"10001","2","518210","78","0","2023","1","N",1,0,0,0,0,0,0,0,"N",112.66,0,0,0,0,0,0,0,"N",0,0.0,0,0,0,0,0,0,0,0,0,0,0,0,0,0
"10001","5","518210","78","0","2023","1","",23,19,19,18,571909,189062,2944,2357,"",0.96,0.08,0.08,0.08,0.08,0.09,0.14,0.98,"",1,4.5,4,26.7,4,26.7,3,20.0,159757,38.8,-24766,-11.6,-709,-19.4,243,11.5
"10003","5","518210","78","0","2023","1","",170,339,328,337,11284488,3585987,42371,2594,"",1.48,0.35,0.34,0.35,0.24,0.31,0.40,0.68,"",23,15.6,33,10.8,7,2.2,20,6.3,-248675,-2.2,-447892,-11.1,-71047,-62.6,-225,-8.0
"10005","5","518210","78","0","2023","1","",49,74,74,75,3065088,789649,7098,3172,"",1.10,0.27,0.27,0.27,0.35,0.24,0.24,1.32,"",8,19.5,14,23.3,15,25.4,14,23.0,-298488,-8.9,-15495,-1.9,-1993,-21.9,-1140,-26.4
"10999","5","518210","78","0","2023","1","",6,83,82,84,3407739,906201,8092,3158,"",1.30,3.15,3.11,3.23,2.10,1.84,1.58,0.66,"",-3,-33.3,0,0.0,-1,-1.2,0,0.0,703562,26.0,-262289,-22.4,-4051,-33.4,662,26.5
"11000","5","518210","58","0","2023","1","",579,1669,1701,1733,78557317,16121858,396339,3553,"",2.67,0.68,0.70,0.71,0.45,0.71,0.82,0.65,"",119,25.9,-93,-5.3,-81,-4.5,-72,-4.0,8009155,11.4,-511209,-3.1,-3411,-0.9,509,16.7
"11001","5","518210","78","0","2023","1","",579,1669,1701,1733,78557317,16121858,396339,3553,"",2.67,0.68,0.70,0.71,0.45,0.71,0.82,0.65,"",119,25.9,-93,-5.3,-81,-4.5,-72,-4.0,8009155,11.4,-511209,-3.1,-3411,-0.9,509,16.7
"12000","3","518210","58","0","2023","1","",1,53,53,54,1369749,0,0,1976,"",0.14,0.31,0.31,0.32,0.41,0.00,0.00,1.33,"",0,0.0,1,1.9,1,1.9,0,0.0,75802,5.9,0,0.0,0,0.0,86,4.6
"12000","5","518210","58","0","2023","1","",3285,29875,29623,29488,1147489751,229708931,2602787,2976,"",0.86,0.95,0.94,0.94,0.91,0.75,1.10,0.96,"",450,15.9,2800,10.3,2592,9.6,2346,8.6,138878387,13.8,26571646,13.1,755482,40.9,111,3.9
"12001","5","518210","78","0","2023","1","",21,62,61,61,1508651,526620,7409,1892,"",0.59,0.14,0.13,0.14,0.10,0.17,0.38,0.71,"",0,0.0,-8,-11.4,-16,-20.8,-19,-23.8,31443,2.1,-95341,-15.3,-7012,-48.6,390,26.0
"12003","5","518210","78","0","2023","1","N",1,0,0,0,0,0,0,0,"N",0.45,0,0,0,0,0,0,0,"N",0,0.0,0,0,0,0,0,0,0,0,0,0,0,0,0,0
"12005","5","518210","78","0","2023","1","",11,17,19,21,316144,151418,1661,1280,"",0.38,0.07,0.07,0.08,0.04,0.07,0.10,0.56,"",5,83.3,9,112.5,11,137.5,13,162.5,226871,254.1,107479,244.6,862,107.9,422,49.2
"12009","5","518210","78","0","2023","1","",48,151,156,158,3257585,998607,12060,1617,"",0.59,0.19,0.20,0.21,0.11,0.14,0.25,0.54,"",5,11.6,6,4.1,7,4.7,5,3.3,805241,32.8,45105,4.7,2400,24.8,351,27.7
"12011","5","518210","78","0","2023","1","",268,4103,4129,4139,158314374,30588391,157425,2953,"",0.75,1.48,1.49,1.50,1.36,1.09,0.68,0.91,"",28,11.7,126,3.2,238,6.1,226,5.8,17820298,12.7,1502214,5.2,16568,11.8,201,7.3
"12015","5","518210","78","0","2023","1","",11,17,16,15,315268,112175,477,1516,"",0.43,0.10,0.09,0.09,0.06,0.07,0.05,0.65,"",0,0.0,2,13.3,-1,-5.9,-1,-6.2,30059,10.5,487,0.4,-181,-27.5,145,10.6
"12017","5","518210","78","0","2023","1","N",4,0,0,0,0,0,0,0,"N",0.25,0,0,0,0,0,0,0,"N",1,33.3,0,0,0,0,0,0,0,0,0,0,0,0,0,0
"12019","5","518210","78","0","2023","1","N",9,0,0,0,0,0,0,0,"N",0.38,0,0,0,0,0,0,0,"N",0,0.0,0,0,0,0,0,0,0,0,0,0,0,0,0,0
"12021","5","518210","78","0","2023","1","",40,78,80,79,2593898,589323,5869,2526,"",0.51,0.14,0.15,0.15,0.12,0.10,0.16,0.84,"",8,25.0,16,25.8,13,19.4,15,23.4,1018811,64.7,135141,29.8,-402,-6.4,643,34.1
"12023","5","518210","78","0","2023","1","N",1,0,0,0,0,0,0,0,"N",0.13,0,0,0,0,0,0,0,"N",0,0.0,0,0,0,0,0,0,0,0,0,0,0,0,0,0
"12029","5","518210","78","0","2023","1","N",1,0,0,0,0,0,0,0,"N",0.83,0,0,0,0,0,0,0,"N",1,100.0,0,0,0,0,0,0,0,0,0,0,0,0,0,0
"12031","5","518210","78","0","2023","1","",120,4454,4421,4385,237877785,46455981,293577,4140,"",0.78,2.46,2.46,2.45,3.11,2.69,2.37,1.27,"",8,7.1,849,23.6,809,22.4,705,19.2,16921050,7.7,11109358,31.4,114077,63.6,-539,-11.5
"12033","5","518210","78","0","2023","1","",10,22,22,21,699616,206710,1295,2484,"",0.24,0.05,0.05,0.04,0.04,0.05,0.05,0.95,"",3,42.9,-2,-8.3,-1,-4.3,-1,-4.5,299975,75.1,78343,61.0,-1147,-47.0,1147,85.8
"12035","5","518210","78","0","2023","1","",13,121,112,112,1644846,763471,16679,1100,"",0.90,1.38,1.27,1.27,0.68,1.06,3.29,0.52,"",0,0.0,-90,-42.7,-94,-45.6,-95,-45.9,-222835,-11.9,-556449,-42.2,2044,14.0,409,59.2
"12041","5","518210","78","0","2023","1","N",2,0,0,0,0,0,0,0,"N",1.17,0,0,0,0,0,0,0,"N",1,100.0,0,0,0,0,0,0,0,0,0,0,0,0,0,0
"12053","5","518210","78","0","2023","1","N",12,0,0,0,0,0,0,0,"N",0.61,0,0,0,0,0,0,0,"N",2,20.0,0,0,0,0,0,0,0,0,0,0,0,0,0,0
"12055","5","518210","78","0","2023","1","N",2,0,0,0,0,0,0,0,"N",0.18,0,0,0,0,0,0,0,"N",1,100.0,0,0,0,0,0,0,0,0,0,0,0,0,0,0
"12057","5","518210","78","0","2023","1","",230,3238,3224,3227,132278884,24307160,535314,3151,"",0.97,1.28,1.28,1.29,1.20,0.97,2.81,0.93,"",33,16.8,-102,-3.1,-121,-3.6,-116,-3.5,12462418,10.4,-387934,-1.6,281259,110.7,394,14.3
"12059","5","518210","78","0","2023","1","-",0,0,0,0,0,0,0,0,"N",0.00,0,0,0,0,0,0,0,"N",0,0,0,0,0,0,0,0,0,0,0,0,0,0,0,0
"12061","5","518210","78","0","2023","1","",20,132,133,131,3393746,921956,4634,1978,"",0.79,0.71,0.71,0.71,0.55,0.53,0.39,0.78,"",1,5.3,31,30.7,33,33.0,31,31.0,1281631,60.7,247323,36.7,-3837,-45.3,359,22.2
"12069","5","518210","78","0","2023","1","",14,134,140,148,3524286,941942,4296,1927,"",0.30,0.36,0.38,0.40,0.33,0.29,0.17,0.87,"",0,0.0,115,605.3,121,636.8,128,640.0,3220657,1060.7,815884,647.2,2430,130.2,719,59.5
"12071","5","518210","78","0","2023","1","",64,306,317,310,6131919,2024121,15705,1517,"",0.52,0.32,0.33,0.33,0.18,0.22,0.23,0.54,"",-2,-3.0,7,2.3,11,3.6,3,1.0,-368060,-5.7,-20092,-1.0,-1857,-10.6,-128,-7.8
"12073","3","518210","78","0","2023","1","",1,53,53,54,1369749,0,0,1976,"",11.93,18.79,18.69,19.22,30.55,0.00,0.00,1.62,"",0,0.0,1,1.9,1,1.9,0,0.0,75802,5.9,0,0.0,0,0.0,86,4.6
"12073","5","518210","78","0","2023","1","",53,1540,1411,1363,19156115,8723818,247268,1025,"",1.20,2.98,2.72,2.66,1.12,2.50,10.09,0.40,"",3,6.0,76,5.2,33,2.4,61,4.7,5318886,38.4,703635,8.8,170659,222.8,254,32.9
"12075","5","518210","78","0","2023","1","N",3,0,0,0,0,0,0,0,"N",0.62,0,0,0,0,0,0,0,"N",1,50.0,0,0,0,0,0,0,0,0,0,0,0,0,0,0
"12081","5","518210","78","0","2023","1","",40,161,161,162,5708388,1170272,17930,2722,"",0.65,0.35,0.35,0.35,0.37,0.25,0.56,1.05,"",6,17.6,83,106.4,83,106.4,77,90.6,2813047,97.2,509171,77.0,-5370,-23.0,-50,-1.8
"12083","5","518210","78","0","2023","1","",17,68,67,70,1805585,484840,5849,2033,"",0.39,0.18,0.18,0.19,0.16,0.14,0.25,0.91,"",1,6.2,35,106.1,36,116.1,13,22.8,725560,67.2,208693,75.6,1632,38.7,-27,-1.3
"12085","5","518210","78","0","2023","1","",20,69,70,69,2082353,501158,7877,2310,"",0.62,0.28,0.28,0.28,0.26,0.21,0.48,0.91,"",4,25.0,30,76.9,28,66.7,28,68.3,1256315,152.1,191415,61.8,5683,259.0,748,47.9
"12086","5","518210","78","0","2023","1","",355,2280,2269,2255,139520207,16125669,214264,4732,"",0.67,0.57,0.57,0.57,0.76,0.40,0.56,1.33,"",57,19.1,352,18.3,271,13.6,206,10.1,12035902,9.4,2375783,17.3,121326,130.5,-192,-3.9
"12087","5","518210","78","0","2023","1","",8,20,20,20,542254,148147,1728,2086,"",0.36,0.13,0.13,0.13,0.11,0.10,0.16,0.81,"",0,0.0,4,25.0,2,11.1,2,11.1,76510,16.4,23664,19.0,-918,-34.7,19,0.9
"12089","5","518210","78","0","2023","1","",7,65,65,64,1308740,413984,3233,1557,"",0.57,0.77,0.76,0.75,0.50,0.56,0.70,0.65,"",0,0.0,-5,-7.1,-6,-8.5,-5,-7.2,-240351,-15.5,-47630,-10.3,125,4.0,-145,-8.5
"12091","5","518210","78","0","2023","1","",15,53,51,50,1049443,440969,2880,1573,"",0.45,0.18,0.18,0.17,0.10,0.17,0.21,0.58,"",1,7.1,-13,-19.7,-13,-20.3,-15,-23.1,-409883,-28.1,-25757,-5.5,826,40.2,-154,-8.9
"12095","5","518210","78","0","2023","1","",183,2002,2002,2037,57179609,14496665,156753,2184,"",0.76,0.66,0.66,0.68,0.48,0.49,0.80,0.73,"",13,7.6,111,5.9,123,6.5,160,8.5,4700450,9.0,1140581,8.5,18405,13.3,39,1.8
"12097","5","518210","78","0","2023","1","",19,74,72,68,3102540,511951,1853,3346,"",0.42,0.21,0.20,0.19,0.29,0.16,0.08,1.48,"",-1,-5.0,-5,-6.3,-9,-11.1,-18,-20.9,345713,12.5,-70135,-12.0,-5820,-75.9,760,29.4
"12099","5","518210","78","0","2023","1","",262,1341,1333,1337,42415874,9717383,88324,2440,"",0.87,0.63,0.62,0.63,0.44,0.43,0.48,0.70,"",28,12.0,143,11.9,135,11.3,141,11.8,8033649,23.4,929653,10.6,-4535,-4.9,231,10.5
"12101","5","518210","78","0","2023","1","",33,123,125,128,2517199,819256,9216,1545,"",0.52,0.27,0.27,0.28,0.18,0.21,0.34,0.65,"",3,10.0,8,7.0,7,5.9,10,8.5,-227578,-8.3,10614,1.3,3975,75.8,-260,-14.4
"12103","5","518210","78","0","2023","1","",138,1089,1107,1126,33373414,8989187,125584,2318,"",0.77,0.74,0.75,0.77,0.60,0.63,1.23,0.80,"",12,9.5,-1,-0.1,15,1.4,51,4.7,-509086,-1.5,1142788,14.6,12017,10.6,-83,-3.5
"12105","5","518210","78","0","2023","1","",28,96,93,99,2055818,644010,4636,1647,"",0.36,0.11,0.11,0.12,0.08,0.08,0.09,0.68,"",3,12.0,2,2.1,-6,-6.1,-6,-5.7,313736,18.0,58151,9.9,2031,78.0,298,22.1
"12107","5","518210","78","0","2023","1","N",1,0,0,0,0,0,0,0,"N",0.15,0,0,0,0,0,0,0,"N",0,0.0,0,0,0,0,0,0,0,0,0,0,0,0,0,0
"12109","5","518210","78","0","2023","1","",49,254,258,231,13827961,1874248,15626,4295,"",1.06,0.82,0.84,0.75,1.23,0.67,0.82,1.53,"",7,16.7,77,43.5,74,40.2,43,22.9,5585567,67.8,538685,40.3,8391,116.0,830,24.0
"12111","5","518210","78","0","2023","1","",15,34,36,35,703643,258632,3283,1546,"",0.41,0.12,0.12,0.12,0.08,0.10,0.16,0.66,"",1,7.1,13,61.9,15,71.4,13,59.1,313022,80.1,105618,69.0,-637,-16.2,138,9.8
"12113","5","518210","78","0","2023","1","N",14,0,0,0,0,0,0,0,"N",0.71,0,0,0,0,0,0,0,"N",7,100.0,0,0,0,0,0,0,0,0,0,0,0,0,0,0
"12115","5","518210","78","0","2023","1","",45,235,230,227,5341440,1637655,16461,1781,"",0.53,0.39,0.38,0.38,0.25,0.26,0.43,0.64,"",4,9.8,49,26.3,50,27.8,54,31.2,2040950,61.8,589545,56.2,7795,89.9,368,26.0
"12117","5","518210","78","0","2023","1","",71,1013,992,999,25084010,7282766,92172,1927,"",0.91,1.46,1.44,1.46,0.96,1.06,1.80,0.66,"",10,16.4,-182,-15.2,-156,-13.6,-169,-14.5,-2618493,-9.5,-1319034,-15.3,-14865,-13.9,106,5.8
"12119","5","518210","78","0","2023","1","",4,4,4,4,92152,28000,210,1772,"",0.36,0.03,0.03,0.03,0.02,0.02,0.03,0.73,"N",0,0.0,0,0,0,0,0,0,0,0,0,0,0,0,0,0
"12121","5","518210","78","0","2023","1","N",1,0,0,0,0,0,0,0,"N",0.25,0,0,0,0,0,0,0,"N",0,0.0,0,0,0,0,0,0,0,0,0,0,0,0,0,0
"12123","5","518210","78","0","2023","1","",3,3,3,3,45405,21000,385,1164,"",1.35,0.14,0.14,0.14,0.08,0.11,0.31,0.54,"N",-1,-25.0,0,0,0,0,0,0,0,0,0,0,0,0,0,0
"12127","5","518210","78","0","2023","1","",28,92,94,93,2896465,724857,5048,2396,"",0.38,0.15,0.15,0.15,0.15,0.14,0.14,0.99,"",3,12.0,20,27.8,19,25.3,23,32.9,1645602,131.6,272319,60.2,-226,-4.3,1066,80.2
"12129","5","518210","78","0","2023","1","N",2,0,0,0,0,0,0,0,"N",0.74,0,0,0,0,0,0,0,"N",1,100.0,0,0,0,0,0,0,0,0,0,0,0,0,0,0
"12131","5","518210","78","0","2023","1","",15,118,120,115,3559725,996134,5740,2327,"",0.88,1.13,1.14,1.06,1.04,0.98,0.84,0.94,"",0,0.0,-1,-0.8,-7,-5.5,-8,-6.5,1062029,42.5,126444,14.5,-2455,-30.0,765,49.0
"12133","5","518210","78","0","2023","1","N",1,0,0,0,0,0,0,0,"N",0.42,0,0,0,0,0,0,0,"N",0,0.0,0,0,0,0,0,0,0,0,0,0,0,0,0,0
"12999","5","518210","78","0","2023","1","",953,6011,5919,5835,219668927,43033173,511957,2854,"",2.77,4.04,3.96,3.92,2.12,2.19,2.48,0.53,"",195,25.7,825,15.9,668,12.7,572,10.9,32542501,17.4,4664497,12.2,29953,6.2,103,3.7
"13000","5","518210","58","0","2023","1","",1597,24565,24518,24376,1026120216,230488645,3858712,3224,"",0.97,1.58,1.58,1.58,1.58,1.25,2.13,1.00,"",239,17.6,3142,14.7,2907,13.5,2578,11.8,189228626,22.6,14735448,6.8,-12677685,-76.7,245,8.2
"13001","5","518210","78","0","2023","1","-",0,0,0,0,0,0,0,0,"N",0.00,0,0,0,0,0,0,0,"N",0,0,0,0,0,0,0,0,0,0,0,0,0,0,0,0
"13007","5","518210","78","0","2023","1","N",1,0,0,0,0,0,0,0,"N",3.42,0,0,0,0,0,0,0,"N",0,0.0,0,0,0,0,0,0,0,0,0,0,0,0,0,0
"13009","5","518210","78","0","2023","1","N",1,0,0,0,0,0,0,0,"N",0.23,0,0,0,0,0,0,0,"N",0,0.0,0,0,0,0,0,0,0,0,0,0,0,0,0,0
"13013","5","518210","78","0","2023","1","N",1,0,0,0,0,0,0,0,"N",0.14,0,0,0,0,0,0,0,"N",0,0.0,0,0,0,0,0,0,0,0,0,0,0,0,0,0
"13015","5","518210","78","0","2023","1","N",2,0,0,0,0,0,0,0,"N",0.16,0,0,0,0,0,0,0,"N",0,0.0,0,0,0,0,0,0,0,0,0,0,0,0,0,0
"13021","5","518210","78","0","2023","1","N",9,0,0,0,0,0,0,0,"N",0.42,0,0,0,0,0,0,0,"N",1,12.5,0,0,0,0,0,0,0,0,0,0,0,0,0,0
"13025","5","518210","78","0","2023","1","N",1,0,0,0,0,0,0,0,"N",0.86,0,0,0,0,0,0,0,"N",0,0.0,0,0,0,0,0,0,0,0,0,0,0,0,0,0
"13031","5","518210","78","0","2023","1","N",1,0,0,0,0,0,0,0,"N",0.12,0,0,0,0,0,0,0,"N",-1,-50.0,0,0,0,0,0,0,0,0,0,0,0,0,0,0
"13033","5","518210","78","0","2023","1","-",0,0,0,0,0,0,0,0,"N",0.00,0,0,0,0,0,0,0,"N",0,0,0,0,0,0,0,0,0,0,0,0,0,0,0,0
"13045","5","518210","78","0","2023","1","N",7,0,0,0,0,0,0,0,"N",0.59,0,0,0,0,0,0,0,"N",2,40.0,0,0,0,0,0,0,0,0,0,0,0,0,0,0
"13047","5","518210","78","0","2023","1","N",1,0,0,0,0,0,0,0,"N",0.19,0,0,0,0,0,0,0,"N",-1,-50.0,0,0,0,0,0,0,0,0,0,0,0,0,0,0
"13051","5","518210","78","0","2023","1","N",11,0,0,0,0,0,0,0,"N",0.24,0,0,0,0,0,0,0,"N",2,22.2,0,0,0,0,0,0,0,0,0,0,0,0,0,0
"13053","5","518210","78","0","2023","1","N",1,0,0,0,0,0,0,0,"N",1.64,0,0,0,0,0,0,0,"N",1,100.0,0,0,0,0,0,0,0,0,0,0,0,0,0,0
"13057","5","518210","78","0","2023","1","",22,141,140,136,3598226,1419191,20191,1991,"",0.67,0.61,0.61,0.59,0.52,0.58,0.85,0.86,"",3,15.8,76,116.9,76,118.8,74,119.4,1810403,101.3,741999,109.6,12046,147.9,-169,-7.8
"13059","5","518210","78","0","2023","1","",8,103,107,108,3276765,1037831,26515,2378,"",0.47,0.45,0.46,0.47,0.43,0.55,1.47,0.94,"N",3,60.0,0,0,0,0,0,0,0,0,0,0,0,0,0,0
"13063","5","518210","78","0","2023","1","",9,203,201,196,3074576,1761343,19429,1183,"",0.38,0.48,0.47,0.46,0.15,0.33,0.45,0.32,"N",4,80.0,0,0,0,0,0,0,0,0,0,0,0,0,0,0
"13067","5","518210","78","0","2023","1","",99,1666,1711,1701,49649727,13907811,352948,2256,"",0.81,1.33,1.38,1.37,0.87,0.86,2.46,0.64,"",-11,-10.0,16,1.0,60,3.6,55,3.3,-4044781,-7.5,-857744,-5.8,-1022434,-74.3,-249,-9.9
"13069","5","518210","78","0","2023","1","-",0,0,0,0,0,0,0,0,"N",0.00,0,0,0,0,0,0,0,"N",0,0,0,0,0,0,0,0,0,0,0,0,0,0,0,0
"13073","5","518210","78","0","2023","1","",6,35,35,34,718004,298326,1970,1593,"",0.40,0.28,0.28,0.27,0.21,0.23,0.17,0.77,"",-1,-14.3,-27,-43.5,-28,-44.4,-31,-47.7,-580561,-44.7,-300938,-50.2,-3491,-63.9,16,1.0
"13077","5","518210","78","0","2023","1","N",4,0,0,0,0,0,0,0,"N",0.25,0,0,0,0,0,0,0,"N",2,100.0,0,0,0,0,0,0,0,0,0,0,0,0,0,0
"13085","5","518210","78","0","2023","1","N",1,0,0,0,0,0,0,0,"N",0.24,0,0,0,0,0,0,0,"N",0,0.0,0,0,0,0,0,0,0,0,0,0,0,0,0,0
"13089","5","518210","78","0","2023","1","",84,1256,1343,1418,36347479,12000557,151184,2088,"",0.82,1.24,1.34,1.42,0.82,1.05,1.57,0.61,"",22,35.5,112,9.8,127,10.4,182,14.7,82048,0.2,565436,4.9,29594,24.3,-239,-10.3
"13095","5","518210","78","0","2023","1","N",2,0,0,0,0,0,0,0,"N",0.17,0,0,0,0,0,0,0,"N",0,0.0,0,0,0,0,0,0,0,0,0,0,0,0,0,0
"13097","5","518210","78","0","2023","1","",9,174,173,175,11627507,1348360,19267,5140,"",0.59,1.09,1.08,1.10,2.32,0.73,1.14,2.13,"",4,80.0,134,335.0,130,302.3,140,400.0,11407025,5173.7,1136748,537.2,18277,1846.2,4709,1092.6
"13103","5","518210","78","0","2023","1","N",1,0,0,0,0,0,0,0,"N",0.21,0,0,0,0,0,0,0,"N",0,0.0,0,0,0,0,0,0,0,0,0,0,0,0,0,0
"13107","5","518210","78","0","2023","1","N",2,0,0,0,0,0,0,0,"N",0.98,0,0,0,0,0,0,0,"N",2,100.0,0,0,0,0,0,0,0,0,0,0,0,0,0,0
"13113","5","518210","78","0","2023","1","",4,10,11,11,225361,91524,1841,1625,"",0.19,0.06,0.07,0.07,0.04,0.05,0.09,0.63,"N",0,0.0,0,0,0,0,0,0,0,0,0,0,0,0,0,0
"13115","5","518210","78","0","2023","1","-",0,0,0,0,0,0,0,0,"N",0.00,0,0,0,0,0,0,0,"N",0,0,0,0,0,0,0,0,0,0,0,0,0,0,0,0
"13117","5","518210","78","0","2023","1","",33,1163,1107,1114,21584419,10036153,95224,1472,"",0.95,4.28,4.08,4.12,2.20,3.16,3.17,0.53,"",2,6.5,-89,-7.1,-134,-10.8,-149,-11.8,-897705,-4.0,-867470,-8.0,-51932,-35.3,91,6.6
"13121","5","518210","78","0","2023","1","",354,11688,11611,11522,610652086,113067349,1987590,4047,"",1.36,3.81,3.79,3.81,3.15,2.70,4.64,0.83,"",39,12.4,982,9.2,835,7.7,685,6.3,110425708,22.1,-1206818,-1.1,-11799952,-85.6,475,13.3
"13123","5","518210","78","0","2023","1","N",1,0,0,0,0,0,0,0,"N",0.29,0,0,0,0,0,0,0,"N",0,0.0,0,0,0,0,0,0,0,0,0,0,0,0,0,0
"13127","5","518210","78","0","2023","1","N",1,0,0,0,0,0,0,0,"N",0.07,0,0,0,0,0,0,0,"N",-1,-50.0,0,0,0,0,0,0,0,0,0,0,0,0,0,0
"13129","5","518210","78","0","2023","1","N",1,0,0,0,0,0,0,0,"N",0.19,0,0,0,0,0,0,0,"N",0,0.0,0,0,0,0,0,0,0,0,0,0,0,0,0,0
"13131","5","518210","78","0","2023","1","N",1,0,0,0,0,0,0,0,"N",0.40,0,0,0,0,0,0,0,"N",0,0.0,0,0,0,0,0,0,0,0,0,0,0,0,0,0
"13133","5","518210","78","0","2023","1","-",0,0,0,0,0,0,0,0,"N",0.00,0,0,0,0,0,0,0,"N",0,0,0,0,0,0,0,0,0,0,0,0,0,0,0,0
"13135","5","518210","78","0","2023","1","",103,1643,1649,1634,76243375,16985094,149109,3572,"",0.71,1.34,1.35,1.34,1.59,1.11,1.00,1.18,"",-3,-2.8,96,6.2,139,9.2,19,1.2,13790737,22.1,-110439,-0.6,-30851,-17.1,487,15.8
"13139","5","518210","78","0","2023","1","",8,32,34,32,720070,252584,5365,1696,"",0.32,0.10,0.11,0.10,0.06,0.07,0.16,0.61,"",1,14.3,-2,-5.9,1,3.0,-2,-5.9,91160,14.5,-6950,-2.7,-90,-1.6,259,18.0
"13143","5","518210","78","0","2023","1","N",1,0,0,0,0,0,0,0,"N",0.38,0,0,0,0,0,0,0,"N",0,0.0,0,0,0,0,0,0,0,0,0,0,0,0,0,0
"13145","5","518210","78","0","2023","1","N",1,0,0,0,0,0,0,0,"N",0.40,0,0,0,0,0,0,0,"N",-1,-50.0,0,0,0,0,0,0,0,0,0,0,0,0,0,0
"13151","5","518210","78","0","2023","1","",8,37,33,34,1245530,392578,11310,2764,"",0.33,0.15,0.14,0.14,0.18,0.16,0.46,1.26,"",3,60.0,13,54.2,7,26.9,0,0.0,560679,81.9,128275,48.5,6659,143.2,883,46.9
"13153","5","518210","78","0","2023","1","N",3,0,0,0,0,0,0,0,"N",0.20,0,0,0,0,0,0,0,"N",1,50.0,0,0,0,0,0,0,0,0,0,0,0,0,0,0
"13157","5","518210","78","0","2023","1","N",5,0,0,0,0,0,0,0,"N",0.57,0,0,0,0,0,0,0,"N",0,0.0,0,0,0,0,0,0,0,0,0,0,0,0,0,0
"13161","5","518210","78","0","2023","1","N",1,0,0,0,0,0,0,0,"N",0.84,0,0,0,0,0,0,0,"N",0,0.0,0,0,0,0,0,0,0,0,0,0,0,0,0,0
"13163","5","518210","78","0","2023","1","N",1,0,0,0,0,0,0,0,"N",0.58,0,0,0,0,0,0,0,"N",0,0.0,0,0,0,0,0,0,0,0,0,0,0,0,0,0
"13175","5","518210","78","0","2023","1","N",1,0,0,0,0,0,0,0,"N",0.18,0,0,0,0,0,0,0,"N",1,100.0,0,0,0,0,0,0,0,0,0,0,0,0,0,0
"13177","5","518210","78","0","2023","1","N",1,0,0,0,0,0,0,0,"N",0.38,0,0,0,0,0,0,0,"N",0,0.0,0,0,0,0,0,0,0,0,0,0,0,0,0,0
"13179","5","518210","78","0","2023","1","N",1,0,0,0,0,0,0,0,"N",0.21,0,0,0,0,0,0,0,"N",0,0.0,0,0,0,0,0,0,0,0,0,0,0,0,0,0
"13185","5","518210","78","0","2023","1","N",3,0,0,0,0,0,0,0,"N",0.21,0,0,0,0,0,0,0,"N",2,200.0,0,0,0,0,0,0,0,0,0,0,0,0,0,0
"13187","5","518210","78","0","2023","1","N",3,0,0,0,0,0,0,0,"N",0.99,0,0,0,0,0,0,0,"N",0,0.0,0,0,0,0,0,0,0,0,0,0,0,0,0,0
"13189","5","518210","78","0","2023","1","-",0,0,0,0,0,0,0,0,"N",0.00,0,0,0,0,0,0,0,"N",0,0,0,0,0,0,0,0,0,0,0,0,0,0,0,0
"13197","5","518210","78","0","2023","1","N",1,0,0,0,0,0,0,0,"N",1.79,0,0,0,0,0,0,0,"N",1,100.0,0,0,0,0,0,0,0,0,0,0,0,0,0,0
"13215","5","518210","78","0","2023","1","",7,115,115,117,1343168,938337,12283,893,"",0.30,0.39,0.39,0.40,0.14,0.33,0.43,0.36,"N",1,16.7,0,0,0,0,0,0,0,0,0,0,0,0,0,0
"13217","5","518210","78","0","2023","1","N",1,0,0,0,0,0,0,0,"N",0.10,0,0,0,0,0,0,0,"N",-1,-50.0,0,0,0,0,0,0,0,0,0,0,0,0,0,0
"13223","5","518210","78","0","2023","1","",4,9,10,10,206457,92128,1119,1643,"",0.32,0.09,0.11,0.11,0.08,0.11,0.14,0.81,"N",2,100.0,0,0,0,0,0,0,0,0,0,0,0,0,0,0
"13231","5","518210","78","0","2023","1","N",1,0,0,0,0,0,0,0,"N",0.64,0,0,0,0,0,0,0,"N",0,0.0,0,0,0,0,0,0,0,0,0,0,0,0,0,0
"13245","5","518210","78","0","2023","1","",11,99,108,118,1728188,849042,18515,1227,"",0.49,0.29,0.32,0.35,0.15,0.28,0.68,0.48,"",4,57.1,94,1880.0,99,1100.0,109,1211.1,1411102,445.0,809440,2043.9,18111,4482.9,-1954,-61.4
"13247","5","518210","78","0","2023","1","N",1,0,0,0,0,0,0,0,"N",0.08,0,0,0,0,0,0,0,"N",0,0.0,0,0,0,0,0,0,0,0,0,0,0,0,0,0
"13251","5","518210","78","0","2023","1","N",1,0,0,0,0,0,0,0,"N",0.77,0,0,0,0,0,0,0,"N",0,0.0,0,0,0,0,0,0,0,0,0,0,0,0,0,0
"13255","5","518210","78","0","2023","1","N",2,0,0,0,0,0,0,0,"N",0.30,0,0,0,0,0,0,0,"N",1,100.0,0,0,0,0,0,0,0,0,0,0,0,0,0,0
"13257","5","518210","78","0","2023","1","-",0,0,0,0,0,0,0,0,"N",0.00,0,0,0,0,0,0,0,"N",0,0,0,0,0,0,0,0,0,0,0,0,0,0,0,0
"13261","5","518210","78","0","2023","1","-",0,0,0,0,0,0,0,0,"N",0.00,0,0,0,0,0,0,0,"N",0,0,0,0,0,0,0,0,0,0,0,0,0,0,0,0
"13277","5","518210","78","0","2023","1","N",1,0,0,0,0,0,0,0,"N",0.19,0,0,0,0,0,0,0,"N",0,0.0,0,0,0,0,0,0,0,0,0,0,0,0,0,0
"13285","5","518210","78","0","2023","1","N",1,0,0,0,0,0,0,0,"N",0.13,0,0,0,0,0,0,0,"N",0,0.0,0,0,0,0,0,0,0,0,0,0,0,0,0,0
"13287","5","518210","78","0","2023","1","N",1,0,0,0,0,0,0,0,"N",1.02,0,0,0,0,0,0,0,"N",0,0.0,0,0,0,0,0,0,0,0,0,0,0,0,0,0
"13291","5","518210","78","0","2023","1","N",1,0,0,0,0,0,0,0,"N",0.30,0,0,0,0,0,0,0,"N",0,0.0,0,0,0,0,0,0,0,0,0,0,0,0,0,0
"13295","5","518210","78","0","2023","1","N",1,0,0,0,0,0,0,0,"N",0.26,0,0,0,0,0,0,0,"N",0,0.0,0,0,0,0,0,0,0,0,0,0,0,0,0,0
"13297","5","518210","78","0","2023","1","N",3,0,0,0,0,0,0,0,"N",0.30,0,0,0,0,0,0,0,"N",2,200.0,0,0,0,0,0,0,0,0,0,0,0,0,0,0
"13303","5","518210","78","0","2023","1","-",0,0,0,0,0,0,0,0,"N",0.00,0,0,0,0,0,0,0,"N",0,0,0,0,0,0,0,0,0,0,0,0,0,0,0,0
"13321","5","518210","78","0","2023","1","-",0,0,0,0,0,0,0,0,"N",0.00,0,0,0,0,0,0,0,"N",0,0,0,0,0,0,0,0,0,0,0,0,0,0,0,0
"13999","5","518210","78","0","2023","1","",742,5661,5602,5478,191206226,51306887,927386,2636,"",3.08,8.31,8.16,8.07,4.40,4.54,5.42,0.54,"",157,26.8,1719,43.6,1579,39.2,1468,36.6,52433948,37.8,14358135,38.9,175399,23.3,-38,-1.4
"15000","3","518210","58","0","2023","1","N",1,0,0,0,0,0,0,0,"N",2.19,0,0,0,0,0,0,0,"N",0,0.0,0,0,0,0,0,0,0,0,0,0,0,0,0,0
"15000","5","518210","58","0","2023","1","",389,606,623,700,23276889,19194896,584454,2785,"",1.61,0.30,0.30,0.34,0.31,0.50,0.61,0.98,"",19,5.1,38,6.7,28,4.7,132,23.2,2841973,13.9,2664277,16.1,189882,48.1,61,2.2
"15001","5","518210","78","0","2023","1","N",52,0,0,0,0,0,0,0,"N",1.71,0,0,0,0,0,0,0,"N",-1,-1.9,0,0,0,0,0,0,0,0,0,0,0,0,0,0
"15003","3","518210","78","0","2023","1","N",1,0,0,0,0,0,0,0,"N",4.05,0,0,0,0,0,0,0,"N",0,0.0,0,0,0,0,0,0,0,0,0,0,0,0,0,0
"15003","5","518210","78","0","2023","1","",252,469,467,462,16652644,14260727,430666,2749,"",1.93,0.32,0.32,0.32,0.30,0.53,0.66,0.93,"",19,8.2,37,8.6,22,4.9,30,6.9,2671787,19.1,2098626,17.3,164216,61.6,284,11.5
"15007","5","518210","78","0","2023","1","N",16,0,0,0,0,0,0,0,"N",1.12,0,0,0,0,0,0,0,"N",2,14.3,0,0,0,0,0,0,0,0,0,0,0,0,0,0
"15009","5","518210","78","0","2023","1","",60,58,78,160,2754412,2379947,68990,2147,"",1.80,0.23,0.31,0.65,0.33,0.48,0.55,0.83,"N",0,0.0,0,0,0,0,0,0,0,0,0,0,0,0,0,0
"15999","5","518210","78","0","2023","1","N",9,0,0,0,0,0,0,0,"N",0.27,0,0,0,0,0,0,0,"N",-1,-10.0,0,0,0,0,0,0,0,0,0,0,0,0,0,0
"16000","3","518210","58","0","2023","1","",1,9,9,9,31747,31747,110,271,"",1.34,0.62,0.62,0.62,0.14,5.06,36.47,0.22,"",0,0.0,1,12.5,1,12.5,1,12.5,2927,10.2,2927,10.2,10,10.0,-6,-2.2
"16000","5","518210","58","0","2023","1","",597,1110,1094,1086,37320812,30106354,229438,2618,"",1.51,0.42,0.41,0.41,0.43,0.61,0.83,1.03,"",123,25.9,207,22.9,154,16.4,133,14.0,4217720,12.7,7356275,32.3,51058,28.6,-114,-4.2
"16001","5","518210","78","0","2023","1","",142,500,487,485,17437715,13504804,96741,2734,"",1.36,0.55,0.54,0.54,0.50,0.71,0.93,0.92,"",33,30.3,178,55.3,157,47.6,148,43.9,7975883,84.3,5983975,79.6,41736,75.9,526,23.8
"16003","5","518210","78","0","2023","1","N",1,0,0,0,0,0,0,0,"N",1.20,0,0,0,0,0,0,0,"N",0,0.0,0,0,0,0,0,0,0,0,0,0,0,0,0,0
"16005","5","518210","78","0","2023","1","",8,7,7,7,176340,176340,1689,1938,"",0.61,0.06,0.06,0.06,0.06,0.10,0.18,0.94,"N",2,33.3,0,0,0,0,0,0,0,0,0,0,0,0,0,0
"16007","5","518210","78","0","2023","1","N",1,0,0,0,0,0,0,0,"N",0.89,0,0,0,0,0,0,0,"N",0,0.0,0,0,0,0,0,0,0,0,0,0,0,0,0,0
"16009","5","518210","78","0","2023","1","N",1,0,0,0,0,0,0,0,"N",0.57,0,0,0,0,0,0,0,"N",0,0.0,0,0,0,0,0,0,0,0,0,0,0,0,0,0
"16011","5","518210","78","0","2023","1","-",0,0,0,0,0,0,0,0,"N",0.00,0,0,0,0,0,0,0,"N",0,0,0,0,0,0,0,0,0,0,0,0,0,0,0,0
"16013","5","518210","78","0","2023","1","",6,34,35,32,693627,494887,3219,1585,"",0.66,0.74,0.77,0.71,0.46,0.56,0.64,0.62,"N",1,20.0,0,0,0,0,0,0,0,0,0,0,0,0,0,0
"16015","5","518210","78","0","2023","1","N",1,0,0,0,0,0,0,0,"N",0.91,0,0,0,0,0,0,0,"N",1,100.0,0,0,0,0,0,0,0,0,0,0,0,0,0,0
"16017","5","518210","78","0","2023","1","",8,13,13,13,370573,344223,2733,2193,"",0.80,0.26,0.26,0.26,0.27,0.42,0.54,1.04,"",0,0.0,1,8.3,0,0.0,1,8.3,73282,24.6,46932,15.8,193,7.6,339,18.3
"16019","5","518210","78","0","2023","1","N",15,0,0,0,0,0,0,0,"N",0.67,0,0,0,0,0,0,0,"N",3,25.0,0,0,0,0,0,0,0,0,0,0,0,0,0,0
"16021","5","518210","78","0","2023","1","N",1,0,0,0,0,0,0,0,"N",0.41,0,0,0,0,0,0,0,"N",1,100.0,0,0,0,0,0,0,0,0,0,0,0,0,0,0
"16027","5","518210","78","0","2023","1","",16,17,17,17,719889,553947,4252,3257,"",0.47,0.06,0.06,0.06,0.09,0.12,0.16,1.49,"",10,166.7,10,142.9,10,142.9,10,142.9,515957,253.0,350703,172.6,2233,110.6,1016,45.3
"16031","5","518210","78","0","2023","1","N",3,0,0,0,0,0,0,0,"N",0.65,0,0,0,0,0,0,0,"N",-1,-25.0,0,0,0,0,0,0,0,0,0,0,0,0,0,0
"16041","5","518210","78","0","2023","1","N",2,0,0,0,0,0,0,0,"N",0.89,0,0,0,0,0,0,0,"N",0,0.0,0,0,0,0,0,0,0,0,0,0,0,0,0,0
"16045","5","518210","78","0","2023","1","N",1,0,0,0,0,0,0,0,"N",0.34,0,0,0,0,0,0,0,"N",1,100.0,0,0,0,0,0,0,0,0,0,0,0,0,0,0
"16047","5","518210","78","0","2023","1","N",1,0,0,0,0,0,0,0,"N",0.39,0,0,0,0,0,0,0,"N",0,0.0,0,0,0,0,0,0,0,0,0,0,0,0,0,0
"16049","5","518210","78","0","2023","1","N",1,0,0,0,0,0,0,0,"N",0.33,0,0,0,0,0,0,0,"N",1,100.0,0,0,0,0,0,0,0,0,0,0,0,0,0,0
"16051","5","518210","78","0","2023","1","-",0,0,0,0,0,0,0,0,"N",0.00,0,0,0,0,0,0,0,"N",-1,-100.0,0,0,0,0,0,0,0,0,0,0,0,0,0,0
"16053","3","518210","78","0","2023","1","",1,9,9,9,31747,31747,110,271,"",143.38,45.39,45.00,44.49,11.64,360.67,3020.26,0.26,"",0,0.0,1,12.5,1,12.5,1,12.5,2927,10.2,2927,10.2,10,10.0,-6,-2.2
"16053","5","518210","78","0","2023","1","N",1,0,0,0,0,0,0,0,"N",0.27,0,0,0,0,0,0,0,"N",1,100.0,0,0,0,0,0,0,0,0,0,0,0,0,0,0
"16055","5","518210","78","0","2023","1","",25,46,47,46,2387476,1630836,11425,3964,"",0.74,0.21,0.21,0.21,0.35,0.43,0.51,1.65,"",4,19.0,8,21.1,7,17.5,6,15.0,579320,32.0,354141,27.7,114,1.0,428,12.1
"16057","5","518210","78","0","2023","1","",5,31,30,30,636135,636135,3921,1613,"",0.87,0.69,0.66,0.66,0.50,1.31,1.42,0.75,"",-1,-16.7,9,40.9,6,25.0,6,25.0,93598,17.3,93598,17.3,433,12.4,-176,-9.8
"16059","5","518210","78","0","2023","1","-",0,0,0,0,0,0,0,0,"N",0.00,0,0,0,0,0,0,0,"N",0,0,0,0,0,0,0,0,0,0,0,0,0,0,0,0
"16065","5","518210","78","0","2023","1","",6,6,9,7,133085,133085,1026,1396,"",0.93,0.11,0.16,0.13,0.11,0.22,0.32,0.81,"",3,100.0,-16,-72.7,-17,-65.4,-20,-74.1,-153493,-53.6,-153493,-53.6,-1840,-64.2,514,58.3
"16067","5","518210","78","0","2023","1","N",1,0,0,0,0,0,0,0,"N",0.31,0,0,0,0,0,0,0,"N",0,0.0,0,0,0,0,0,0,0,0,0,0,0,0,0,0
"16069","5","518210","78","0","2023","1","N",2,0,0,0,0,0,0,0,"N",0.32,0,0,0,0,0,0,0,"N",0,0.0,0,0,0,0,0,0,0,0,0,0,0,0,0,0
"16071","5","518210","78","0","2023","1","N",2,0,0,0,0,0,0,0,"N",2.71,0,0,0,0,0,0,0,"N",1,100.0,0,0,0,0,0,0,0,0,0,0,0,0,0,0
"16075","5","518210","78","0","2023","1","N",3,0,0,0,0,0,0,0,"N",0.87,0,0,0,0,0,0,0,"N",1,50.0,0,0,0,0,0,0,0,0,0,0,0,0,0,0
"16079","5","518210","78","0","2023","1","N",2,0,0,0,0,0,0,0,"N",0.96,0,0,0,0,0,0,0,"N",0,0.0,0,0,0,0,0,0,0,0,0,0,0,0,0,0
"16081","5","518210","78","0","2023","1","N",4,0,0,0,0,0,0,0,"N",1.18,0,0,0,0,0,0,0,"N",2,100.0,0,0,0,0,0,0,0,0,0,0,0,0,0,0
"16083","5","518210","78","0","2023","1","N",4,0,0,0,0,0,0,0,"N",0.25,0,0,0,0,0,0,0,"N",0,0.0,0,0,0,0,0,0,0,0,0,0,0,0,0,0
"16999","5","518210","78","0","2023","1","",334,354,344,342,12229451,10518161,88711,2714,"",5.40,5.08,4.90,4.93,2.74,3.77,4.29,0.55,"",63,23.2,17,5.0,-18,-5.0,-23,-6.3,-5154218,-29.6,219519,2.1,4828,5.8,-1056,-28.0
"17000","5","518210","58","0","2023","1","",1505,16277,16242,16350,765945896,212734469,5226613,3617,"",0.88,0.84,0.84,0.85,0.84,0.77,0.71,0.99,"",231,18.1,1921,13.4,1623,11.1,1588,10.8,91406349,13.6,26096106,14.0,491292,10.4,58,1.6
"17001","5","518210","78","0","2023","1","N",1,0,0,0,0,0,0,0,"N",0.13,0,0,0,0,0,0,0,"N",0,0.0,0,0,0,0,0,0,0,0,0,0,0,0,0,0
"17007","5","518210","78","0","2023","1","N",2,0,0,0,0,0,0,0,"N",0.53,0,0,0,0,0,0,0,"N",1,100.0,0,0,0,0,0,0,0,0,0,0,0,0,0,0
"17019","5","518210","78","0","2023","1","",19,318,328,338,7438797,3532341,79741,1745,"",1.06,1.05,1.08,1.10,0.68,1.22,1.08,0.63,"",3,18.8,58,22.3,57,21.0,63,22.9,3447805,86.4,871195,32.7,21428,36.7,602,52.7
"17021","5","518210","78","0","2023","1","N",1,0,0,0,0,0,0,0,"N",0.32,0,0,0,0,0,0,0,"N",0,0.0,0,0,0,0,0,0,0,0,0,0,0,0,0,0
"17031","5","518210","78","0","2023","1","",388,9377,9327,9420,490474692,123429063,3081518,4025,"",0.65,1.14,1.14,1.15,1.09,1.02,0.93,0.95,"",60,18.3,728,8.4,559,6.4,687,7.9,31910559,7.0,10888152,9.7,244986,8.6,-22,-0.5
"17043","5","518210","78","0","2023","1","",85,1924,1915,1914,72665121,23713194,586764,2915,"",0.57,0.96,0.96,0.96,0.75,0.73,0.66,0.78,"",-1,-1.2,-91,-4.5,-101,-5.0,-107,-5.3,3242238,4.7,-1374150,-5.5,-31859,-5.1,268,10.1
"17053","5","518210","78","0","2023","1","N",1,0,0,0,0,0,0,0,"N",0.64,0,0,0,0,0,0,0,"N",0,0.0,0,0,0,0,0,0,0,0,0,0,0,0,0,0
"17057","5","518210","78","0","2023","1","N",1,0,0,0,0,0,0,0,"N",0.35,0,0,0,0,0,0,0,"N",0,0.0,0,0,0,0,0,0,0,0,0,0,0,0,0,0
"17065","5","518210","78","0","2023","1","N",2,0,0,0,0,0,0,0,"N",2.24,0,0,0,0,0,0,0,"N",0,0.0,0,0,0,0,0,0,0,0,0,0,0,0,0,0
"17073","5","518210","78","0","2023","1","N",1,0,0,0,0,0,0,0,"N",0.23,0,0,0,0,0,0,0,"N",0,0.0,0,0,0,0,0,0,0,0,0,0,0,0,0,0
"17077","5","518210","78","0","2023","1","N",1,0,0,0,0,0,0,0,"N",0.20,0,0,0,0,0,0,0,"N",0,0.0,0,0,0,0,0,0,0,0,0,0,0,0,0,0
"17089","5","518210","78","0","2023","1","",18,32,32,34,1042271,383014,8047,2454,"",0.33,0.05,0.05,0.05,0.04,0.04,0.03,0.90,"",-2,-10.0,-10,-23.8,-10,-23.8,-10,-22.7,-257213,-19.8,-138341,-26.5,-5446,-40.4,111,4.7
"17091","5","518210","78","0","2023","1","N",1,0,0,0,0,0,0,0,"N",0.10,0,0,0,0,0,0,0,"N",0,0.0,0,0,0,0,0,0,0,0,0,0,0,0,0,0
"17093","5","518210","78","0","2023","1","N",1,0,0,0,0,0,0,0,"N",0.10,0,0,0,0,0,0,0,"N",0,0.0,0,0,0,0,0,0,0,0,0,0,0,0,0,0
"17097","5","518210","78","0","2023","1","",35,139,137,137,3607509,1752005,23918,2016,"",0.40,0.13,0.13,0.13,0.05,0.11,0.06,0.41,"",0,0.0,-19,-12.0,-21,-13.3,-32,-18.9,-1753908,-32.7,-685993,-28.1,-28895,-54.7,-535,-21.0
"17107","5","518210","78","0","2023","1","N",1,0,0,0,0,0,0,0,"N",0.42,0,0,0,0,0,0,0,"N",0,0.0,0,0,0,0,0,0,0,0,0,0,0,0,0,0
"17111","5","518210","78","0","2023","1","N",8,0,0,0,0,0,0,0,"N",0.24,0,0,0,0,0,0,0,"N",0,0.0,0,0,0,0,0,0,0,0,0,0,0,0,0,0
"17113","5","518210","78","0","2023","1","N",4,0,0,0,0,0,0,0,"N",0.28,0,0,0,0,0,0,0,"N",-2,-33.3,0,0,0,0,0,0,0,0,0,0,0,0,0,0
"17115","5","518210","78","0","2023","1","N",1,0,0,0,0,0,0,0,"N",0.12,0,0,0,0,0,0,0,"N",0,0.0,0,0,0,0,0,0,0,0,0,0,0,0,0,0
"17119","5","518210","78","0","2023","1","",8,46,51,55,1350976,645842,8227,2051,"",0.35,0.14,0.15,0.16,0.12,0.15,0.07,0.81,"N",2,33.3,0,0,0,0,0,0,0,0,0,0,0,0,0,0
"17121","5","518210","78","0","2023","1","N",1,0,0,0,0,0,0,0,"N",0.28,0,0,0,0,0,0,0,"N",-1,-50.0,0,0,0,0,0,0,0,0,0,0,0,0,0,0
"17131","5","518210","78","0","2023","1","N",1,0,0,0,0,0,0,0,"N",0.74,0,0,0,0,0,0,0,"N",0,0.0,0,0,0,0,0,0,0,0,0,0,0,0,0,0
"17133","5","518210","78","0","2023","1","N",2,0,0,0,0,0,0,0,"N",0.56,0,0,0,0,0,0,0,"N",1,100.0,0,0,0,0,0,0,0,0,0,0,0,0,0,0
"17141","5","518210","78","0","2023","1","N",1,0,0,0,0,0,0,0,"N",0.23,0,0,0,0,0,0,0,"N",0,0.0,0,0,0,0,0,0,0,0,0,0,0,0,0,0
"17143","5","518210","78","0","2023","1","N",3,0,0,0,0,0,0,0,"N",0.17,0,0,0,0,0,0,0,"N",0,0.0,0,0,0,0,0,0,0,0,0,0,0,0,0,0
"17161","5","518210","78","0","2023","1","N",3,0,0,0,0,0,0,0,"N",0.24,0,0,0,0,0,0,0,"N",0,0.0,0,0,0,0,0,0,0,0,0,0,0,0,0,0
"17163","5","518210","78","0","2023","1","",5,19,19,18,628658,246642,17993,2591,"",0.24,0.07,0.07,0.06,0.07,0.07,0.21,1.07,"",0,0.0,-3,-13.6,-3,-13.6,-3,-14.3,60640,10.7,-18430,-7.0,8222,84.1,574,28.5
"17167","5","518210","78","0","2023","1","",10,181,184,188,3508013,2134231,56476,1464,"",0.47,0.44,0.45,0.45,0.22,0.62,0.63,0.50,"",1,11.1,71,64.5,72,64.3,79,72.5,1969369,128.0,1074553,101.4,44040,354.1,391,36.4
"17177","5","518210","78","0","2023","1","N",2,0,0,0,0,0,0,0,"N",0.45,0,0,0,0,0,0,0,"N",1,100.0,0,0,0,0,0,0,0,0,0,0,0,0,0,0
"17179","5","518210","78","0","2023","1","N",2,0,0,0,0,0,0,0,"N",0.18,0,0,0,0,0,0,0,"N",1,100.0,0,0,0,0,0,0,0,0,0,0,0,0,0,0
"17183","5","518210","78","0","2023","1","N",1,0,0,0,0,0,0,0,"N",0.18,0,0,0,0,0,0,0,"N",0,0.0,0,0,0,0,0,0,0,0,0,0,0,0,0,0
"17197","5","518210","78","0","2023","1","",21,85,82,80,1843297,980549,15548,1722,"",0.31,0.10,0.10,0.10,0.06,0.08,0.05,0.66,"",2,10.5,24,39.3,19,30.2,6,8.1,415892,29.1,247435,33.8,7800,100.7,58,3.5
"17201","5","518210","78","0","2023","1","N",5,0,0,0,0,0,0,0,"N",0.20,0,0,0,0,0,0,0,"N",0,0.0,0,0,0,0,0,0,0,0,0,0,0,0,0,0
"17999","5","518210","78","0","2023","1","",869,3906,3919,3910,177794521,53098304,1278858,3496,"",2.74,5.44,5.45,5.47,3.41,3.42,2.93,0.63,"",169,24.1,1139,41.2,1036,35.9,875,28.8,51804740,41.1,14847286,38.8,266318,26.3,148,4.4
"18000","5","518210","58","0","2023","1","",663,3703,3722,3721,95878456,31607876,483905,1985,"",0.81,0.36,0.37,0.37,0.26,0.27,0.33,0.71,"",86,14.9,429,13.1,410,12.4,406,12.2,18513194,23.9,4452301,16.4,-62787,-11.5,182,10.1
"18001","5","518210","78","0","2023","1","N",2,0,0,0,0,0,0,0,"N",0.60,0,0,0,0,0,0,0,"N",1,100.0,0,0,0,0,0,0,0,0,0,0,0,0,0,0
"18003","5","518210","78","0","2023","1","N",20,0,0,0,0,0,0,0,"N",0.45,0,0,0,0,0,0,0,"N",5,33.3,0,0,0,0,0,0,0,0,0,0,0,0,0,0
"18005","5","518210","78","0","2023","1","",4,9,10,10,211885,89805,2436,1686,"",0.44,0.06,0.06,0.06,0.03,0.04,0.12,0.52,"N",1,33.3,0,0,0,0,0,0,0,0,0,0,0,0,0,0
"18011","5","518210","78","0","2023","1","",4,19,19,20,681628,192498,2882,2712,"",0.39,0.14,0.14,0.15,0.16,0.11,0.10,1.14,"N",0,0.0,0,0,0,0,0,0,0,0,0,0,0,0,0,0
"18017","5","518210","78","0","2023","1","N",1,0,0,0,0,0,0,0,"N",0.32,0,0,0,0,0,0,0,"N",0,0.0,0,0,0,0,0,0,0,0,0,0,0,0,0,0
"18019","5","518210","78","0","2023","1","N",3,0,0,0,0,0,0,0,"N",0.22,0,0,0,0,0,0,0,"N",-1,-25.0,0,0,0,0,0,0,0,0,0,0,0,0,0,0
"18027","5","518210","78","0","2023","1","N",1,0,0,0,0,0,0,0,"N",0.24,0,0,0,0,0,0,0,"N",1,100.0,0,0,0,0,0,0,0,0,0,0,0,0,0,0
"18029","5","518210","78","0","2023","1","",3,27,27,30,1246176,283262,7082,3424,"",0.59,0.55,0.56,0.65,0.93,0.56,1.22,1.59,"N",2,200.0,0,0,0,0,0,0,0,0,0,0,0,0,0,0
"18031","5","518210","78","0","2023","1","N",1,0,0,0,0,0,0,0,"N",0.33,0,0,0,0,0,0,0,"N",0,0.0,0,0,0,0,0,0,0,0,0,0,0,0,0,0
"18033","5","518210","78","0","2023","1","N",1,0,0,0,0,0,0,0,"N",0.21,0,0,0,0,0,0,0,"N",1,100.0,0,0,0,0,0,0,0,0,0,0,0,0,0,0
"18035","5","518210","78","0","2023","1","",5,11,13,12,191852,103204,1350,1230,"",0.50,0.08,0.09,0.08,0.05,0.07,0.08,0.54,"",0,0.0,2,22.2,4,44.4,2,20.0,59895,45.4,22876,28.5,145,12.0,142,13.1
"18039","5","518210","78","0","2023","1","N",8,0,0,0,0,0,0,0,"N",0.36,0,0,0,0,0,0,0,"N",3,60.0,0,0,0,0,0,0,0,0,0,0,0,0,0,0
"18043","5","518210","78","0","2023","1","N",2,0,0,0,0,0,0,0,"N",0.23,0,0,0,0,0,0,0,"N",1,100.0,0,0,0,0,0,0,0,0,0,0,0,0,0,0
"18053","5","518210","78","0","2023","1","N",2,0,0,0,0,0,0,0,"N",0.37,0,0,0,0,0,0,0,"N",0,0.0,0,0,0,0,0,0,0,0,0,0,0,0,0,0
"18057","5","518210","78","0","2023","1","",55,243,251,255,7649664,2426835,43036,2357,"",1.05,0.47,0.49,0.50,0.36,0.37,0.54,0.73,"",4,7.8,15,6.6,34,15.7,29,12.8,1347067,21.4,293775,13.8,-11170,-20.6,189,8.7
"18059","5","518210","78","0","2023","1","N",3,0,0,0,0,0,0,0,"N",0.37,0,0,0,0,0,0,0,"N",2,200.0,0,0,0,0,0,0,0,0,0,0,0,0,0,0
"18061","5","518210","78","0","2023","1","N",1,0,0,0,0,0,0,0,"N",0.31,0,0,0,0,0,0,0,"N",0,0.0,0,0,0,0,0,0,0,0,0,0,0,0,0,0
"18063","5","518210","78","0","2023","1","",7,33,30,28,559715,176227,4036,1419,"",0.39,0.13,0.12,0.11,0.07,0.06,0.12,0.59,"",2,40.0,11,50.0,9,42.9,9,47.4,315311,129.0,75764,75.4,1987,97.0,509,55.9
"18065","5","518210","78","0","2023","1","N",1,0,0,0,0,0,0,0,"N",0.26,0,0,0,0,0,0,0,"N",0,0.0,0,0,0,0,0,0,0,0,0,0,0,0,0,0
"18067","5","518210","78","0","2023","1","N",2,0,0,0,0,0,0,0,"N",0.25,0,0,0,0,0,0,0,"N",0,0.0,0,0,0,0,0,0,0,0,0,0,0,0,0,0
"18069","5","518210","78","0","2023","1","N",1,0,0,0,0,0,0,0,"N",0.24,0,0,0,0,0,0,0,"N",1,100.0,0,0,0,0,0,0,0,0,0,0,0,0,0,0
"18071","5","518210","78","0","2023","1","N",1,0,0,0,0,0,0,0,"N",0.22,0,0,0,0,0,0,0,"N",1,100.0,0,0,0,0,0,0,0,0,0,0,0,0,0,0
"18081","5","518210","78","0","2023","1","",10,43,45,44,1522295,430562,5762,2661,"",0.57,0.21,0.22,0.21,0.26,0.18,0.21,1.21,"",1,11.1,8,22.9,10,28.6,9,25.7,545027,55.8,98944,29.8,701,13.9,513,23.9
"18083","5","518210","78","0","2023","1","N",1,0,0,0,0,0,0,0,"N",0.24,0,0,0,0,0,0,0,"N",0,0.0,0,0,0,0,0,0,0,0,0,0,0,0,0,0
"18085","5","518210","78","0","2023","1","N",2,0,0,0,0,0,0,0,"N",0.22,0,0,0,0,0,0,0,"N",1,100.0,0,0,0,0,0,0,0,0,0,0,0,0,0,0
"18089","5","518210","78","0","2023","1","",18,30,31,28,869521,278914,4955,2255,"",0.36,0.05,0.05,0.05,0.04,0.04,0.06,0.84,"",4,28.6,12,66.7,16,106.7,11,64.7,591139,212.3,134649,93.3,3182,179.5,970,75.5
"18091","5","518210","78","0","2023","1","N",7,0,0,0,0,0,0,0,"N",0.66,0,0,0,0,0,0,0,"N",4,133.3,0,0,0,0,0,0,0,0,0,0,0,0,0,0
"18093","5","518210","78","0","2023","1","N",1,0,0,0,0,0,0,0,"N",0.26,0,0,0,0,0,0,0,"N",0,0.0,0,0,0,0,0,0,0,0,0,0,0,0,0,0
"18095","5","518210","78","0","2023","1","",7,8,8,9,220294,73969,1298,2033,"",0.67,0.06,0.06,0.07,0.06,0.06,0.08,0.97,"",3,75.0,2,33.3,2,33.3,3,50.0,65002,41.9,26377,55.4,546,72.6,42,2.1
"18097","5","518210","78","0","2023","1","",96,1632,1626,1639,41179941,12421862,188296,1941,"",0.80,0.82,0.82,0.83,0.45,0.54,0.64,0.55,"",5,5.5,170,11.6,145,9.8,159,10.7,7243868,21.3,1983573,19.0,-68992,-26.8,170,9.6
"18105","5","518210","78","0","2023","1","N",7,0,0,0,0,0,0,0,"N",0.48,0,0,0,0,0,0,0,"N",2,40.0,0,0,0,0,0,0,0,0,0,0,0,0,0,0
"18107","5","518210","78","0","2023","1","N",3,0,0,0,0,0,0,0,"N",0.78,0,0,0,0,0,0,0,"N",0,0.0,0,0,0,0,0,0,0,0,0,0,0,0,0,0
"18109","5","518210","78","0","2023","1","-",0,0,0,0,0,0,0,0,"N",0.00,0,0,0,0,0,0,0,"N",-1,-100.0,0,0,0,0,0,0,0,0,0,0,0,0,0,0
"18113","5","518210","78","0","2023","1","N",1,0,0,0,0,0,0,0,"N",0.24,0,0,0,0,0,0,0,"N",0,0.0,0,0,0,0,0,0,0,0,0,0,0,0,0,0
"18127","5","518210","78","0","2023","1","",10,184,183,182,2800128,1660626,11085,1177,"",0.56,0.91,0.90,0.90,0.43,0.72,0.34,0.47,"N",1,11.1,0,0,0,0,0,0,0,0,0,0,0,0,0,0
"18133","5","518210","78","0","2023","1","N",1,0,0,0,0,0,0,0,"N",0.30,0,0,0,0,0,0,0,"N",0,0.0,0,0,0,0,0,0,0,0,0,0,0,0,0,0
"18141","5","518210","78","0","2023","1","",43,332,331,331,6520296,2968870,23604,1514,"",1.54,0.85,0.85,0.85,0.49,0.75,0.45,0.58,"",29,207.1,36,12.2,34,11.4,28,9.2,644100,11.0,186401,6.7,738,3.2,1,0.1
"18145","5","518210","78","0","2023","1","N",2,0,0,0,0,0,0,0,"N",0.46,0,0,0,0,0,0,0,"N",0,0.0,0,0,0,0,0,0,0,0,0,0,0,0,0,0
"18147","5","518210","78","0","2023","1","N",1,0,0,0,0,0,0,0,"N",0.47,0,0,0,0,0,0,0,"N",0,0.0,0,0,0,0,0,0,0,0,0,0,0,0,0,0
"18157","5","518210","78","0","2023","1","",9,12,12,12,426671,108294,2420,2735,"",0.50,0.04,0.04,0.04,0.04,0.03,0.07,1.03,"",3,50.0,7,140.0,7,140.0,6,100.0,285807,202.9,55425,104.8,1394,135.9,703,34.6
"18161","5","518210","78","0","2023","1","-",0,0,0,0,0,0,0,0,"N",0.00,0,0,0,0,0,0,0,"N",0,0,0,0,0,0,0,0,0,0,0,0,0,0,0,0
"18163","5","518210","78","0","2023","1","N",3,0,0,0,0,0,0,0,"N",0.13,0,0,0,0,0,0,0,"N",-2,-40.0,0,0,0,0,0,0,0,0,0,0,0,0,0,0
"18167","5","518210","78","0","2023","1","N",3,0,0,0,0,0,0,0,"N",0.27,0,0,0,0,0,0,0,"N",0,0.0,0,0,0,0,0,0,0,0,0,0,0,0,0,0
"18169","5","518210","78","0","2023","1","N",1,0,0,0,0,0,0,0,"N",0.30,0,0,0,0,0,0,0,"N",0,0.0,0,0,0,0,0,0,0,0,0,0,0,0,0,0
"18173","5","518210","78","0","2023","1","-",0,0,0,0,0,0,0,0,"N",0.00,0,0,0,0,0,0,0,"N",0,0,0,0,0,0,0,0,0,0,0,0,0,0,0,0
"18177","5","518210","78","0","2023","1","-",0,0,0,0,0,0,0,0,"N",0.00,0,0,0,0,0,0,0,"N",-1,-100.0,0,0,0,0,0,0,0,0,0,0,0,0,0,0
"18181","5","518210","78","0","2023","1","N",1,0,0,0,0,0,0,0,"N",0.33,0,0,0,0,0,0,0,"N",0,0.0,0,0,0,0,0,0,0,0,0,0,0,0,0,0
"18183","5","518210","78","0","2023","1","N",1,0,0,0,0,0,0,0,"N",0.31,0,0,0,0,0,0,0,"N",0,0.0,0,0,0,0,0,0,0,0,0,0,0,0,0,0
"18999","5","518210","78","0","2023","1","",307,833,839,821,24807613,7680316,135701,2296,"",3.25,2.68,2.68,2.64,1.39,1.51,1.54,0.52,"",14,4.8,99,13.5,82,10.8,76,10.2,4283196,20.9,767319,11.1,-11215,-7.6,178,8.4
"19000","3","518210","58","0","2023","1","N",2,0,0,0,0,0,0,0,"N",2.20,0,0,0,0,0,0,0,"N",0,0.0,0,0,0,0,0,0,0,0,0,0,0,0,0,0
"19000","5","518210","58","0","2023","1","",410,3316,3326,3303,96645634,73169312,627091,2243,"",0.85,0.66,0.67,0.67,0.54,0.78,0.83,0.82,"",39,10.5,-103,-3.0,-111,-3.2,-129,-3.8,7947256,9.0,7084705,10.7,-303575,-32.6,253,12.7
"19001","5","518210","78","0","2023","1","N",1,0,0,0,0,0,0,0,"N",0.69,0,0,0,0,0,0,0,"N",0,0.0,0,0,0,0,0,0,0,0,0,0,0,0,0,0
"19009","5","518210","78","0","2023","1","N",1,0,0,0,0,0,0,0,"N",0.96,0,0,0,0,0,0,0,"N",0,0.0,0,0,0,0,0,0,0,0,0,0,0,0,0,0
"19011","5","518210","78","0","2023","1","N",2,0,0,0,0,0,0,0,"N",0.66,0,0,0,0,0,0,0,"N",0,0.0,0,0,0,0,0,0,0,0,0,0,0,0,0,0
"19013","5","518210","78","0","2023","1","N",12,0,0,0,0,0,0,0,"N",0.70,0,0,0,0,0,0,0,"N",3,33.3,0,0,0,0,0,0,0,0,0,0,0,0,0,0
"19015","5","518210","78","0","2023","1","N",2,0,0,0,0,0,0,0,"N",0.61,0,0,0,0,0,0,0,"N",0,0.0,0,0,0,0,0,0,0,0,0,0,0,0,0,0
"19017","5","518210","78","0","2023","1","N",1,0,0,0,0,0,0,0,"N",0.32,0,0,0,0,0,0,0,"N",-1,-50.0,0,0,0,0,0,0,0,0,0,0,0,0,0,0
"19019","5","518210","78","0","2023","1","N",1,0,0,0,0,0,0,0,"N",0.36,0,0,0,0,0,0,0,"N",0,0.0,0,0,0,0,0,0,0,0,0,0,0,0,0,0
"19023","5","518210","78","0","2023","1","-",0,0,0,0,0,0,0,0,"N",0.00,0,0,0,0,0,0,0,"N",0,0,0,0,0,0,0,0,0,0,0,0,0,0,0,0
"19027","5","518210","78","0","2023","1","N",1,0,0,0,0,0,0,0,"N",0.24,0,0,0,0,0,0,0,"N",0,0.0,0,0,0,0,0,0,0,0,0,0,0,0,0,0
"19031","5","518210","78","0","2023","1","N",1,0,0,0,0,0,0,0,"N",0.38,0,0,0,0,0,0,0,"N",0,0.0,0,0,0,0,0,0,0,0,0,0,0,0,0,0
"19033","5","518210","78","0","2023","1","N",2,0,0,0,0,0,0,0,"N",0.27,0,0,0,0,0,0,0,"N",-3,-60.0,0,0,0,0,0,0,0,0,0,0,0,0,0,0
"19041","5","518210","78","0","2023","1","N",1,0,0,0,0,0,0,0,"N",0.31,0,0,0,0,0,0,0,"N",-1,-50.0,0,0,0,0,0,0,0,0,0,0,0,0,0,0
"19045","5","518210","78","0","2023","1","N",5,0,0,0,0,0,0,0,"N",0.78,0,0,0,0,0,0,0,"N",0,0.0,0,0,0,0,0,0,0,0,0,0,0,0,0,0
"19047","5","518210","78","0","2023","1","N",1,0,0,0,0,0,0,0,"N",0.44,0,0,0,0,0,0,0,"N",0,0.0,0,0,0,0,0,0,0,0,0,0,0,0,0,0
"19049","5","518210","78","0","2023","1","",21,371,375,374,10228384,8494250,20028,2107,"",1.43,2.18,2.23,2.23,1.18,1.86,0.84,0.53,"",2,10.5,341,1136.7,344,1109.7,342,1068.8,9350159,1064.7,7722268,1000.3,7562,60.7,-72,-3.3
"19057","5","518210","78","0","2023","1","N",1,0,0,0,0,0,0,0,"N",0.17,0,0,0,0,0,0,0,"N",0,0.0,0,0,0,0,0,0,0,0,0,0,0,0,0,0
"19059","5","518210","78","0","2023","1","-",0,0,0,0,0,0,0,0,"N",0.00,0,0,0,0,0,0,0,"N",0,0,0,0,0,0,0,0,0,0,0,0,0,0,0,0
"19061","3","518210","78","0","2023","1","N",1,0,0,0,0,0,0,0,"N",33.03,0,0,0,0,0,0,0,"N",0,0.0,0,0,0,0,0,0,0,0,0,0,0,0,0,0
"19061","5","518210","78","0","2023","1","",14,167,166,167,5163981,4093138,22439,2383,"",0.87,0.88,0.88,0.89,0.83,1.12,0.69,0.94,"",3,27.3,-3,-1.8,-2,-1.2,0,0.0,616145,13.5,96263,2.4,-10205,-31.3,305,14.7
"19065","5","518210","78","0","2023","1","N",2,0,0,0,0,0,0,0,"N",0.68,0,0,0,0,0,0,0,"N",1,100.0,0,0,0,0,0,0,0,0,0,0,0,0,0,0
"19067","5","518210","78","0","2023","1","N",1,0,0,0,0,0,0,0,"N",0.47,0,0,0,0,0,0,0,"N",0,0.0,0,0,0,0,0,0,0,0,0,0,0,0,0,0
"19075","5","518210","78","0","2023","1","N",2,0,0,0,0,0,0,0,"N",1.17,0,0,0,0,0,0,0,"N",1,100.0,0,0,0,0,0,0,0,0,0,0,0,0,0,0
"19085","5","518210","78","0","2023","1","N",3,0,0,0,0,0,0,0,"N",1.48,0,0,0,0,0,0,0,"N",0,0.0,0,0,0,0,0,0,0,0,0,0,0,0,0,0
"19087","5","518210","78","0","2023","1","N",3,0,0,0,0,0,0,0,"N",1.09,0,0,0,0,0,0,0,"N",2,200.0,0,0,0,0,0,0,0,0,0,0,0,0,0,0
"19089","5","518210","78","0","2023","1","N",1,0,0,0,0,0,0,0,"N",0.71,0,0,0,0,0,0,0,"N",0,0.0,0,0,0,0,0,0,0,0,0,0,0,0,0,0
"19095","5","518210","78","0","2023","1","N",2,0,0,0,0,0,0,0,"N",0.66,0,0,0,0,0,0,0,"N",1,100.0,0,0,0,0,0,0,0,0,0,0,0,0,0,0
"19099","5","518210","78","0","2023","1","",5,5,5,4,148687,133217,972,2451,"",1.16,0.15,0.16,0.13,0.17,0.29,0.27,1.18,"",-1,-16.7,0,0.0,0,0.0,0,0.0,1765,1.2,5886,4.6,46,5.0,29,1.2
"19101","5","518210","78","0","2023","1","",3,10,9,9,482164,319482,3114,3974,"",0.85,0.41,0.37,0.38,0.66,0.78,0.91,1.71,"N",0,0.0,0,0,0,0,0,0,0,0,0,0,0,0,0,0
"19103","5","518210","78","0","2023","1","",39,60,60,60,1269613,1173534,16058,1628,"",1.77,0.23,0.22,0.23,0.13,0.35,0.68,0.59,"",5,14.7,-3,-4.8,-4,-6.2,0,0.0,129418,11.4,145216,14.1,545,3.5,221,15.7
"19105","5","518210","78","0","2023","1","N",1,0,0,0,0,0,0,0,"N",0.35,0,0,0,0,0,0,0,"N",0,0.0,0,0,0,0,0,0,0,0,0,0,0,0,0,0
"19111","5","518210","78","0","2023","1","N",1,0,0,0,0,0,0,0,"N",0.22,0,0,0,0,0,0,0,"N",1,100.0,0,0,0,0,0,0,0,0,0,0,0,0,0,0
"19113","3","518210","78","0","2023","1","N",1,0,0,0,0,0,0,0,"N",15.81,0,0,0,0,0,0,0,"N",0,0.0,0,0,0,0,0,0,0,0,0,0,0,0,0,0
"19113","5","518210","78","0","2023","1","",50,665,657,652,19483227,14507549,201341,2278,"",1.49,1.62,1.61,1.61,1.20,1.62,2.63,0.74,"",9,22.0,1,0.2,-13,-1.9,-22,-3.3,1084621,5.9,1633030,12.7,-122933,-37.9,164,7.8
"19115","5","518210","78","0","2023","1","N",1,0,0,0,0,0,0,0,"N",0.81,0,0,0,0,0,0,0,"N",0,0.0,0,0,0,0,0,0,0,0,0,0,0,0,0,0
"19121","5","518210","78","0","2023","1","N",2,0,0,0,0,0,0,0,"N",0.83,0,0,0,0,0,0,0,"N",1,100.0,0,0,0,0,0,0,0,0,0,0,0,0,0,0
"19123","5","518210","78","0","2023","1","N",1,0,0,0,0,0,0,0,"N",0.36,0,0,0,0,0,0,0,"N",-1,-50.0,0,0,0,0,0,0,0,0,0,0,0,0,0,0
"19125","5","518210","78","0","2023","1","N",2,0,0,0,0,0,0,0,"N",0.43,0,0,0,0,0,0,0,"N",0,0.0,0,0,0,0,0,0,0,0,0,0,0,0,0,0
"19127","5","518210","78","0","2023","1","",6,16,16,14,278656,274540,1458,1398,"",1.31,0.31,0.32,0.28,0.18,0.30,0.22,0.58,"N",3,100.0,0,0,0,0,0,0,0,0,0,0,0,0,0,0
"19129","5","518210","78","0","2023","1","N",3,0,0,0,0,0,0,0,"N",1.60,0,0,0,0,0,0,0,"N",1,50.0,0,0,0,0,0,0,0,0,0,0,0,0,0,0
"19131","5","518210","78","0","2023","1","N",1,0,0,0,0,0,0,0,"N",0.61,0,0,0,0,0,0,0,"N",0,0.0,0,0,0,0,0,0,0,0,0,0,0,0,0,0
"19139","5","518210","78","0","2023","1","N",3,0,0,0,0,0,0,0,"N",0.56,0,0,0,0,0,0,0,"N",1,50.0,0,0,0,0,0,0,0,0,0,0,0,0,0,0
"19141","5","518210","78","0","2023","1","N",1,0,0,0,0,0,0,0,"N",0.37,0,0,0,0,0,0,0,"N",0,0.0,0,0,0,0,0,0,0,0,0,0,0,0,0,0
"19145","5","518210","78","0","2023","1","N",1,0,0,0,0,0,0,0,"N",0.47,0,0,0,0,0,0,0,"N",0,0.0,0,0,0,0,0,0,0,0,0,0,0,0,0,0
"19153","5","518210","78","0","2023","1","",131,869,862,857,29745180,21939780,190708,2652,"",1.50,0.86,0.86,0.86,0.68,0.97,1.00,0.79,"",14,12.0,-184,-17.5,-207,-19.4,-225,-20.8,-1081162,-3.5,-1373027,-5.9,-139857,-42.3,432,19.5
"19155","5","518210","78","0","2023","1","N",10,0,0,0,0,0,0,0,"N",0.86,0,0,0,0,0,0,0,"N",-1,-9.1,0,0,0,0,0,0,0,0,0,0,0,0,0,0
"19157","5","518210","78","0","2023","1","N",2,0,0,0,0,0,0,0,"N",0.64,0,0,0,0,0,0,0,"N",-1,-33.3,0,0,0,0,0,0,0,0,0,0,0,0,0,0
"19161","5","518210","78","0","2023","1","N",1,0,0,0,0,0,0,0,"N",0.59,0,0,0,0,0,0,0,"N",1,100.0,0,0,0,0,0,0,0,0,0,0,0,0,0,0
"19163","5","518210","78","0","2023","1","",15,23,23,23,932123,693333,7615,3117,"",0.57,0.08,0.08,0.08,0.10,0.13,0.13,1.20,"",1,7.1,1,4.5,3,15.0,3,15.0,272203,41.2,159910,30.0,1714,29.0,661,26.9
"19165","5","518210","78","0","2023","1","N",4,0,0,0,0,0,0,0,"N",2.03,0,0,0,0,0,0,0,"N",1,33.3,0,0,0,0,0,0,0,0,0,0,0,0,0,0
"19167","5","518210","78","0","2023","1","N",3,0,0,0,0,0,0,0,"N",0.43,0,0,0,0,0,0,0,"N",2,200.0,0,0,0,0,0,0,0,0,0,0,0,0,0,0
"19169","5","518210","78","0","2023","1","",24,35,35,34,1135156,906407,8573,2519,"",1.83,0.23,0.23,0.22,0.21,0.38,0.61,0.91,"",3,14.3,-98,-73.7,-112,-76.2,-109,-76.2,-1943516,-63.1,-1265205,-58.3,918,12.0,839,49.9
"19171","5","518210","78","0","2023","1","N",2,0,0,0,0,0,0,0,"N",1.01,0,0,0,0,0,0,0,"N",0,0.0,0,0,0,0,0,0,0,0,0,0,0,0,0,0
"19175","5","518210","78","0","2023","1","N",1,0,0,0,0,0,0,0,"N",0.52,0,0,0,0,0,0,0,"N",0,0.0,0,0,0,0,0,0,0,0,0,0,0,0,0,0
"19177","5","518210","78","0","2023","1","N",1,0,0,0,0,0,0,0,"N",1.06,0,0,0,0,0,0,0,"N",1,100.0,0,0,0,0,0,0,0,0,0,0,0,0,0,0
"19181","5","518210","78","0","2023","1","N",7,0,0,0,0,0,0,0,"N",1.19,0,0,0,0,0,0,0,"N",1,16.7,0,0,0,0,0,0,0,0,0,0,0,0,0,0
"19183","5","518210","78","0","2023","1","N",1,0,0,0,0,0,0,0,"N",0.27,0,0,0,0,0,0,0,"N",0,0.0,0,0,0,0,0,0,0,0,0,0,0,0,0,0
"19187","5","518210","78","0","2023","1","N",1,0,0,0,0,0,0,0,"N",0.19,0,0,0,0,0,0,0,"N",0,0.0,0,0,0,0,0,0,0,0,0,0,0,0,0,0
"19189","5","518210","78","0","2023","1","-",0,0,0,0,0,0,0,0,"N",0.00,0,0,0,0,0,0,0,"N",0,0,0,0,0,0,0,0,0,0,0,0,0,0,0,0
"19191","5","518210","78","0","2023","1","N",1,0,0,0,0,0,0,0,"N",0.30,0,0,0,0,0,0,0,"N",-1,-50.0,0,0,0,0,0,0,0,0,0,0,0,0,0,0
"19193","5","518210","78","0","2023","1","N",3,0,0,0,0,0,0,0,"N",0.21,0,0,0,0,0,0,0,"N",1,50.0,0,0,0,0,0,0,0,0,0,0,0,0,0,0
"19195","5","518210","78","0","2023","1","N",1,0,0,0,0,0,0,0,"N",1.01,0,0,0,0,0,0,0,"N",0,0.0,0,0,0,0,0,0,0,0,0,0,0,0,0,0
"19197","5","518210","78","0","2023","1","N",1,0,0,0,0,0,0,0,"N",0.48,0,0,0,0,0,0,0,"N",0,0.0,0,0,0,0,0,0,0,0,0,0,0,0,0,0
"20000","5","518210","58","0","2023","1","",588,2585,2549,2532,79751750,33433290,539542,2401,"",1.41,0.56,0.56,0.56,0.50,0.45,0.67,0.89,"",114,24.1,165,6.8,94,3.8,58,2.3,9541474,13.6,2108739,6.7,-104995,-16.3,196,8.9
"20001","5","518210","78","0","2023","1","N",1,0,0,0,0,0,0,0,"N",0.61,0,0,0,0,0,0,0,"N",0,0.0,0,0,0,0,0,0,0,0,0,0,0,0,0,0
"20005","5","518210","78","0","2023","1","N",3,0,0,0,0,0,0,0,"N",1.62,0,0,0,0,0,0,0,"N",2,200.0,0,0,0,0,0,0,0,0,0,0,0,0,0,0
"20009","5","518210","78","0","2023","1","N",1,0,0,0,0,0,0,0,"N",0.26,0,0,0,0,0,0,0,"N",0,0.0,0,0,0,0,0,0,0,0,0,0,0,0,0,0
"20015","5","518210","78","0","2023","1","N",12,0,0,0,0,0,0,0,"N",1.71,0,0,0,0,0,0,0,"N",2,20.0,0,0,0,0,0,0,0,0,0,0,0,0,0,0
"20021","5","518210","78","0","2023","1","N",1,0,0,0,0,0,0,0,"N",0.57,0,0,0,0,0,0,0,"N",0,0.0,0,0,0,0,0,0,0,0,0,0,0,0,0,0
"20027","5","518210","78","0","2023","1","N",1,0,0,0,0,0,0,0,"N",0.81,0,0,0,0,0,0,0,"N",1,100.0,0,0,0,0,0,0,0,0,0,0,0,0,0,0
"20029","5","518210","78","0","2023","1","N",1,0,0,0,0,0,0,0,"N",0.77,0,0,0,0,0,0,0,"N",1,100.0,0,0,0,0,0,0,0,0,0,0,0,0,0,0
"20031","5","518210","78","0","2023","1","N",2,0,0,0,0,0,0,0,"N",1.76,0,0,0,0,0,0,0,"N",0,0.0,0,0,0,0,0,0,0,0,0,0,0,0,0,0
"20033","5","518210","78","0","2023","1","N",1,0,0,0,0,0,0,0,"N",2.49,0,0,0,0,0,0,0,"N",1,100.0,0,0,0,0,0,0,0,0,0,0,0,0,0,0
"20035","5","518210","78","0","2023","1","N",2,0,0,0,0,0,0,0,"N",0.59,0,0,0,0,0,0,0,"N",0,0.0,0,0,0,0,0,0,0,0,0,0,0,0,0,0
"20037","5","518210","78","0","2023","1","N",1,0,0,0,0,0,0,0,"N",0.22,0,0,0,0,0,0,0,"N",-1,-50.0,0,0,0,0,0,0,0,0,0,0,0,0,0,0
"20041","5","518210","78","0","2023","1","N",2,0,0,0,0,0,0,0,"N",0.84,0,0,0,0,0,0,0,"N",0,0.0,0,0,0,0,0,0,0,0,0,0,0,0,0,0
"20043","5","518210","78","0","2023","1","N",3,0,0,0,0,0,0,0,"N",3.29,0,0,0,0,0,0,0,"N",2,200.0,0,0,0,0,0,0,0,0,0,0,0,0,0,0
"20045","5","518210","78","0","2023","1","",30,111,108,104,2744323,1242255,21221,1961,"",1.93,0.68,0.66,0.64,0.57,0.55,0.97,0.86,"",9,42.9,13,13.3,7,6.9,7,7.2,734375,36.5,254971,25.8,1484,7.5,394,25.1
"20051","5","518210","78","0","2023","1","N",1,0,0,0,0,0,0,0,"N",0.21,0,0,0,0,0,0,0,"N",-1,-50.0,0,0,0,0,0,0,0,0,0,0,0,0,0,0
"20053","5","518210","78","0","2023","1","N",1,0,0,0,0,0,0,0,"N",1.23,0,0,0,0,0,0,0,"N",1,100.0,0,0,0,0,0,0,0,0,0,0,0,0,0,0
"20055","5","518210","78","0","2023","1","N",1,0,0,0,0,0,0,0,"N",0.21,0,0,0,0,0,0,0,"N",-1,-50.0,0,0,0,0,0,0,0,0,0,0,0,0,0,0
"20057","5","518210","78","0","2023","1","-",0,0,0,0,0,0,0,0,"N",0.00,0,0,0,0,0,0,0,"N",0,0,0,0,0,0,0,0,0,0,0,0,0,0,0,0
"20059","5","518210","78","0","2023","1","N",3,0,0,0,0,0,0,0,"N",1.00,0,0,0,0,0,0,0,"N",2,200.0,0,0,0,0,0,0,0,0,0,0,0,0,0,0
"20061","5","518210","78","0","2023","1","N",3,0,0,0,0,0,0,0,"N",0.94,0,0,0,0,0,0,0,"N",-1,-25.0,0,0,0,0,0,0,0,0,0,0,0,0,0,0
"20079","5","518210","78","0","2023","1","N",5,0,0,0,0,0,0,0,"N",1.41,0,0,0,0,0,0,0,"N",1,25.0,0,0,0,0,0,0,0,0,0,0,0,0,0,0
"20087","5","518210","78","0","2023","1","N",2,0,0,0,0,0,0,0,"N",1.13,0,0,0,0,0,0,0,"N",0,0.0,0,0,0,0,0,0,0,0,0,0,0,0,0,0
"20091","5","518210","78","0","2023","1","",337,1681,1656,1656,58823748,22691106,380559,2719,"",2.75,1.40,1.40,1.41,1.12,1.04,1.52,0.80,"",73,27.7,128,8.2,77,4.9,52,3.2,7444467,14.5,1445874,6.8,-76499,-16.7,215,8.6
"20095","5","518210","78","0","2023","1","N",1,0,0,0,0,0,0,0,"N",0.93,0,0,0,0,0,0,0,"N",0,0.0,0,0,0,0,0,0,0,0,0,0,0,0,0,0
"20103","5","518210","78","0","2023","1","",8,20,21,21,353607,270636,3716,1316,"",1.15,0.29,0.30,0.30,0.16,0.30,0.36,0.53,"",0,0.0,-1,-4.8,3,16.7,2,10.5,15522,4.6,6381,2.4,-839,-18.4,-29,-2.2
"20107","5","518210","78","0","2023","1","N",1,0,0,0,0,0,0,0,"N",0.89,0,0,0,0,0,0,0,"N",0,0.0,0,0,0,0,0,0,0,0,0,0,0,0,0,0
"20111","5","518210","78","0","2023","1","N",2,0,0,0,0,0,0,0,"N",0.53,0,0,0,0,0,0,0,"N",2,100.0,0,0,0,0,0,0,0,0,0,0,0,0,0,0
"20113","5","518210","78","0","2023","1","N",2,0,0,0,0,0,0,0,"N",0.48,0,0,0,0,0,0,0,"N",0,0.0,0,0,0,0,0,0,0,0,0,0,0,0,0,0
"20117","5","518210","78","0","2023","1","-",0,0,0,0,0,0,0,0,"N",0.00,0,0,0,0,0,0,0,"N",0,0,0,0,0,0,0,0,0,0,0,0,0,0,0,0
"20121","5","518210","78","0","2023","1","N",3,0,0,0,0,0,0,0,"N",0.78,0,0,0,0,0,0,0,"N",0,0.0,0,0,0,0,0,0,0,0,0,0,0,0,0,0
"20125","5","518210","78","0","2023","1","N",1,0,0,0,0,0,0,0,"N",0.11,0,0,0,0,0,0,0,"N",0,0.0,0,0,0,0,0,0,0,0,0,0,0,0,0,0
"20133","5","518210","78","0","2023","1","N",1,0,0,0,0,0,0,0,"N",0.47,0,0,0,0,0,0,0,"N",0,0.0,0,0,0,0,0,0,0,0,0,0,0,0,0,0
"20139","5","518210","78","0","2023","1","N",2,0,0,0,0,0,0,0,"N",1.32,0,0,0,0,0,0,0,"N",2,100.0,0,0,0,0,0,0,0,0,0,0,0,0,0,0
"20149","5","518210","78","0","2023","1","N",1,0,0,0,0,0,0,0,"N",0.35,0,0,0,0,0,0,0,"N",1,100.0,0,0,0,0,0,0,0,0,0,0,0,0,0,0
"20151","5","518210","78","0","2023","1","N",1,0,0,0,0,0,0,0,"N",0.61,0,0,0,0,0,0,0,"N",-1,-50.0,0,0,0,0,0,0,0,0,0,0,0,0,0,0
"20155","5","518210","78","0","2023","1","N",10,0,0,0,0,0,0,0,"N",1.37,0,0,0,0,0,0,0,"N",1,11.1,0,0,0,0,0,0,0,0,0,0,0,0,0,0
"20157","5","518210","78","0","2023","1","-",0,0,0,0,0,0,0,0,"N",0.00,0,0,0,0,0,0,0,"N",0,0,0,0,0,0,0,0,0,0,0,0,0,0,0,0
"20159","5","518210","78","0","2023","1","N",1,0,0,0,0,0,0,0,"N",0.66,0,0,0,0,0,0,0,"N",0,0.0,0,0,0,0,0,0,0,0,0,0,0,0,0,0
"20161","5","518210","78","0","2023","1","",10,8,8,8,169373,101390,2996,1629,"",1.14,0.08,0.08,0.08,0.06,0.09,0.28,0.72,"N",4,66.7,0,0,0,0,0,0,0,0,0,0,0,0,0,0
"20163","5","518210","78","0","2023","1","N",1,0,0,0,0,0,0,0,"N",1.12,0,0,0,0,0,0,0,"N",0,0.0,0,0,0,0,0,0,0,0,0,0,0,0,0,0
"20167","5","518210","78","0","2023","1","N",1,0,0,0,0,0,0,0,"N",0.76,0,0,0,0,0,0,0,"N",0,0.0,0,0,0,0,0,0,0,0,0,0,0,0,0,0
"20169","5","518210","78","0","2023","1","N",5,0,0,0,0,0,0,0,"N",0.73,0,0,0,0,0,0,0,"N",-1,-16.7,0,0,0,0,0,0,0,0,0,0,0,0,0,0
"20171","5","518210","78","0","2023","1","N",1,0,0,0,0,0,0,0,"N",0.92,0,0,0,0,0,0,0,"N",0,0.0,0,0,0,0,0,0,0,0,0,0,0,0,0,0
"20173","5","518210","78","0","2023","1","",76,176,176,177,3937471,1936191,31926,1718,"",1.26,0.21,0.21,0.21,0.13,0.14,0.17,0.63,"",15,24.6,34,23.9,22,14.3,21,13.5,394384,11.1,443302,29.7,3805,13.5,-91,-5.0
"20175","5","518210","78","0","2023","1","N",1,0,0,0,0,0,0,0,"N",0.40,0,0,0,0,0,0,0,"N",0,0.0,0,0,0,0,0,0,0,0,0,0,0,0,0,0
"20177","5","518210","78","0","2023","1","N",23,0,0,0,0,0,0,0,"N",1.00,0,0,0,0,0,0,0,"N",10,76.9,0,0,0,0,0,0,0,0,0,0,0,0,0,0
"20187","5","518210","78","0","2023","1","N",1,0,0,0,0,0,0,0,"N",2.47,0,0,0,0,0,0,0,"N",1,100.0,0,0,0,0,0,0,0,0,0,0,0,0,0,0
"20191","5","518210","78","0","2023","1","N",2,0,0,0,0,0,0,0,"N",0.75,0,0,0,0,0,0,0,"N",2,100.0,0,0,0,0,0,0,0,0,0,0,0,0,0,0
"20201","5","518210","78","0","2023","1","N",1,0,0,0,0,0,0,0,"N",0.77,0,0,0,0,0,0,0,"N",1,100.0,0,0,0,0,0,0,0,0,0,0,0,0,0,0
"20205","5","518210","78","0","2023","1","N",1,0,0,0,0,0,0,0,"N",0.96,0,0,0,0,0,0,0,"N",0,0.0,0,0,0,0,0,0,0,0,0,0,0,0,0,0
"20207","5","518210","78","0","2023","1","-",0,0,0,0,0,0,0,0,"N",0.00,0,0,0,0,0,0,0,"N",0,0,0,0,0,0,0,0,0,0,0,0,0,0,0,0
"20209","5","518210","78","0","2023","1","",16,103,101,97,3475536,1454983,14077,2665,"",0.98,0.35,0.34,0.33,0.31,0.26,0.21,0.92,"N",6,60.0,0,0,0,0,0,0,0,0,0,0,0,0,0,0
"20999","5","518210","78","0","2023","1","N",1,0,0,0,0,0,0,0,"N",0.44,0,0,0,0,0,0,0,"N",-14,-93.3,0,0,0,0,0,0,0,0,0,0,0,0,0,0
"21000","3","518210","58","0","2023","1","N",1,0,0,0,0,0,0,0,"N",0.81,0,0,0,0,0,0,0,"N",0,0.0,0,0,0,0,0,0,0,0,0,0,0,0,0,0
"21000","5","518210","58","0","2023","1","",511,4560,4432,4292,118921566,51326393,297490,2066,"",0.78,0.72,0.70,0.68,0.54,0.65,0.49,0.78,"",83,19.4,550,13.7,325,7.9,118,2.8,20133614,20.4,7291962,16.6,-553116,-65.0,211,11.4
"21005","5","518210","78","0","2023","1","N",1,0,0,0,0,0,0,0,"N",0.46,0,0,0,0,0,0,0,"N",0,0.0,0,0,0,0,0,0,0,0,0,0,0,0,0,0
"21007","5","518210","78","0","2023","1","N",2,0,0,0,0,0,0,0,"N",2.07,0,0,0,0,0,0,0,"N",1,100.0,0,0,0,0,0,0,0,0,0,0,0,0,0,0
"21009","5","518210","78","0","2023","1","N",1,0,0,0,0,0,0,0,"N",0.19,0,0,0,0,0,0,0,"N",0,0.0,0,0,0,0,0,0,0,0,0,0,0,0,0,0
"21013","5","518210","78","0","2023","1","N",1,0,0,0,0,0,0,0,"N",0.39,0,0,0,0,0,0,0,"N",1,100.0,0,0,0,0,0,0,0,0,0,0,0,0,0,0
"21015","5","518210","78","0","2023","1","",31,175,165,163,3316079,1663060,11628,1521,"",1.21,0.51,0.49,0.49,0.30,0.33,0.42,0.60,"",5,19.2,6,3.6,-4,-2.4,-11,-6.3,312302,10.4,69408,4.4,-11059,-48.7,167,12.3
"21017","5","518210","78","0","2023","1","N",1,0,0,0,0,0,0,0,"N",0.37,0,0,0,0,0,0,0,"N",1,100.0,0,0,0,0,0,0,0,0,0,0,0,0,0,0
"21019","5","518210","78","0","2023","1","",7,39,36,37,1181846,470355,3351,2435,"",0.93,0.47,0.44,0.45,0.42,0.61,0.56,0.93,"",1,16.7,7,21.9,4,12.5,7,23.3,261036,28.3,128562,37.6,-3428,-50.6,174,7.7
"21021","5","518210","78","0","2023","1","N",1,0,0,0,0,0,0,0,"N",0.23,0,0,0,0,0,0,0,"N",0,0.0,0,0,0,0,0,0,0,0,0,0,0,0,0,0
"21023","5","518210","78","0","2023","1","N",1,0,0,0,0,0,0,0,"N",1.12,0,0,0,0,0,0,0,"N",0,0.0,0,0,0,0,0,0,0,0,0,0,0,0,0,0
"21029","5","518210","78","0","2023","1","N",6,0,0,0,0,0,0,0,"N",0.83,0,0,0,0,0,0,0,"N",1,20.0,0,0,0,0,0,0,0,0,0,0,0,0,0,0
"21035","5","518210","78","0","2023","1","N",5,0,0,0,0,0,0,0,"N",0.92,0,0,0,0,0,0,0,"N",1,25.0,0,0,0,0,0,0,0,0,0,0,0,0,0,0
"21037","5","518210","78","0","2023","1","",19,27,28,27,931241,383822,7308,2621,"",1.41,0.27,0.28,0.27,0.28,0.34,0.90,1.04,"",2,11.8,6,28.6,4,16.7,3,12.5,154790,19.9,101269,35.8,-729,-9.1,24,0.9
"21043","5","518210","78","0","2023","1","-",0,0,0,0,0,0,0,0,"N",0.00,0,0,0,0,0,0,0,"N",0,0,0,0,0,0,0,0,0,0,0,0,0,0,0,0
"21045","5","518210","78","0","2023","1","N",1,0,0,0,0,0,0,0,"N",0.65,0,0,0,0,0,0,0,"N",0,0.0,0,0,0,0,0,0,0,0,0,0,0,0,0,0
"21047","5","518210","78","0","2023","1","",9,16,16,16,427327,168173,2980,2054,"",0.99,0.16,0.16,0.16,0.13,0.13,0.29,0.85,"N",2,28.6,0,0,0,0,0,0,0,0,0,0,0,0,0,0
"21049","5","518210","78","0","2023","1","N",1,0,0,0,0,0,0,0,"N",0.23,0,0,0,0,0,0,0,"N",-1,-50.0,0,0,0,0,0,0,0,0,0,0,0,0,0,0
"21059","5","518210","78","0","2023","1","N",2,0,0,0,0,0,0,0,"N",0.14,0,0,0,0,0,0,0,"N",0,0.0,0,0,0,0,0,0,0,0,0,0,0,0,0,0
"21065","5","518210","78","0","2023","1","-",0,0,0,0,0,0,0,0,"N",0.00,0,0,0,0,0,0,0,"N",0,0,0,0,0,0,0,0,0,0,0,0,0,0,0,0
"21067","5","518210","78","0","2023","1","",74,686,685,674,23016618,8452521,53799,2597,"",1.20,1.06,1.06,1.04,0.96,1.14,1.10,0.91,"",5,7.2,12,1.8,4,0.6,-17,-2.5,613663,2.7,119555,1.4,-100562,-65.1,70,2.8
"21071","5","518210","78","0","2023","1","N",1,0,0,0,0,0,0,0,"N",0.21,0,0,0,0,0,0,0,"N",-1,-50.0,0,0,0,0,0,0,0,0,0,0,0,0,0,0
"21073","3","518210","78","0","2023","1","N",1,0,0,0,0,0,0,0,"N",46.00,0,0,0,0,0,0,0,"N",0,0.0,0,0,0,0,0,0,0,0,0,0,0,0,0,0
"21073","5","518210","78","0","2023","1","",18,72,72,75,2810813,1064282,9448,2962,"",1.57,0.67,0.67,0.70,0.79,1.03,1.21,1.16,"",3,20.0,-24,-25.0,-23,-24.2,-19,-20.2,338809,13.7,117314,12.4,-5114,-35.1,960,48.0
"21079","5","518210","78","0","2023","1","N",1,0,0,0,0,0,0,0,"N",0.59,0,0,0,0,0,0,0,"N",0,0.0,0,0,0,0,0,0,0,0,0,0,0,0,0,0
"21081","5","518210","78","0","2023","1","N",2,0,0,0,0,0,0,0,"N",0.79,0,0,0,0,0,0,0,"N",1,100.0,0,0,0,0,0,0,0,0,0,0,0,0,0,0
"21085","5","518210","78","0","2023","1","N",1,0,0,0,0,0,0,0,"N",0.35,0,0,0,0,0,0,0,"N",1,100.0,0,0,0,0,0,0,0,0,0,0,0,0,0,0
"21089","5","518210","78","0","2023","1","N",1,0,0,0,0,0,0,0,"N",0.32,0,0,0,0,0,0,0,"N",-1,-50.0,0,0,0,0,0,0,0,0,0,0,0,0,0,0
"21093","5","518210","78","0","2023","1","",16,144,140,115,3204706,1544921,10912,1854,"",1.05,0.95,0.92,0.75,0.70,0.88,0.89,0.80,"",2,14.3,59,69.4,56,66.7,31,36.9,1403773,77.9,569418,58.4,-7773,-41.6,211,12.8
"21095","5","518210","78","0","2023","1","N",1,0,0,0,0,0,0,0,"N",0.45,0,0,0,0,0,0,0,"N",1,100.0,0,0,0,0,0,0,0,0,0,0,0,0,0,0
"21099","5","518210","78","0","2023","1","N",1,0,0,0,0,0,0,0,"N",0.58,0,0,0,0,0,0,0,"N",1,100.0,0,0,0,0,0,0,0,0,0,0,0,0,0,0
"21101","5","518210","78","0","2023","1","N",3,0,0,0,0,0,0,0,"N",0.51,0,0,0,0,0,0,0,"N",0,0.0,0,0,0,0,0,0,0,0,0,0,0,0,0,0
"21103","5","518210","78","0","2023","1","N",2,0,0,0,0,0,0,0,"N",1.22,0,0,0,0,0,0,0,"N",1,100.0,0,0,0,0,0,0,0,0,0,0,0,0,0,0
"21107","5","518210","78","0","2023","1","N",2,0,0,0,0,0,0,0,"N",0.40,0,0,0,0,0,0,0,"N",2,100.0,0,0,0,0,0,0,0,0,0,0,0,0,0,0
"21109","5","518210","78","0","2023","1","N",3,0,0,0,0,0,0,0,"N",3.76,0,0,0,0,0,0,0,"N",1,50.0,0,0,0,0,0,0,0,0,0,0,0,0,0,0
"21111","5","518210","78","0","2023","1","",155,1570,1480,1410,55379006,18749559,104425,2865,"",1.11,1.01,0.96,0.91,0.84,0.87,0.52,0.87,"",23,17.4,78,5.2,-25,-1.7,-121,-7.9,10731112,24.0,1675000,9.8,-223483,-68.2,590,25.9
"21113","5","518210","78","0","2023","1","",6,15,14,12,173474,123686,1048,976,"",0.76,0.26,0.24,0.20,0.10,0.17,0.21,0.42,"",1,20.0,7,87.5,6,75.0,4,50.0,-44376,-20.4,49390,66.5,-337,-24.3,-1119,-53.4
"21117","5","518210","78","0","2023","1","",28,26,28,30,885963,318325,3912,2434,"",1.16,0.11,0.12,0.13,0.09,0.11,0.27,0.75,"",10,55.6,0,0.0,3,12.0,4,15.4,216737,32.4,33984,12.0,-1212,-23.7,428,21.3
"21125","5","518210","78","0","2023","1","",6,372,363,355,4233816,3737099,14203,896,"",0.79,4.34,4.26,4.21,1.87,3.39,2.40,0.44,"",0,0.0,138,59.0,123,51.2,110,44.9,1793831,73.5,1545476,70.5,-29969,-67.8,113,14.4
"21133","5","518210","78","0","2023","1","N",1,0,0,0,0,0,0,0,"N",0.47,0,0,0,0,0,0,0,"N",0,0.0,0,0,0,0,0,0,0,0,0,0,0,0,0,0
"21137","5","518210","78","0","2023","1","N",2,0,0,0,0,0,0,0,"N",0.98,0,0,0,0,0,0,0,"N",2,100.0,0,0,0,0,0,0,0,0,0,0,0,0,0,0
"21141","5","518210","78","0","2023","1","N",1,0,0,0,0,0,0,0,"N",0.32,0,0,0,0,0,0,0,"N",1,100.0,0,0,0,0,0,0,0,0,0,0,0,0,0,0
"21145","5","518210","78","0","2023","1","N",7,0,0,0,0,0,0,0,"N",0.58,0,0,0,0,0,0,0,"N",1,16.7,0,0,0,0,0,0,0,0,0,0,0,0,0,0
"21149","5","518210","78","0","2023","1","-",0,0,0,0,0,0,0,0,"N",0.00,0,0,0,0,0,0,0,"N",0,0,0,0,0,0,0,0,0,0,0,0,0,0,0,0
"21151","5","518210","78","0","2023","1","",12,34,37,35,701383,460624,5985,1527,"",0.99,0.30,0.32,0.30,0.21,0.38,0.78,0.68,"N",3,33.3,0,0,0,0,0,0,0,0,0,0,0,0,0,0
"21157","5","518210","78","0","2023","1","N",1,0,0,0,0,0,0,0,"N",0.24,0,0,0,0,0,0,0,"N",0,0.0,0,0,0,0,0,0,0,0,0,0,0,0,0,0
"21167","5","518210","78","0","2023","1","N",2,0,0,0,0,0,0,0,"N",0.82,0,0,0,0,0,0,0,"N",0,0.0,0,0,0,0,0,0,0,0,0,0,0,0,0,0
"21171","5","518210","78","0","2023","1","N",1,0,0,0,0,0,0,0,"N",0.81,0,0,0,0,0,0,0,"N",1,100.0,0,0,0,0,0,0,0,0,0,0,0,0,0,0
"21179","5","518210","78","0","2023","1","N",2,0,0,0,0,0,0,0,"N",0.32,0,0,0,0,0,0,0,"N",0,0.0,0,0,0,0,0,0,0,0,0,0,0,0,0,0
"21185","5","518210","78","0","2023","1","",10,11,14,14,745963,189491,3056,4414,"",1.00,0.21,0.26,0.26,0.40,0.31,0.76,1.65,"",3,42.9,1,10.0,3,27.3,2,16.7,21302,2.9,56570,42.6,94,3.2,-654,-12.9
"21189","5","518210","78","0","2023","1","-",0,0,0,0,0,0,0,0,"N",0.00,0,0,0,0,0,0,0,"N",-1,-100.0,0,0,0,0,0,0,0,0,0,0,0,0,0,0
"21191","5","518210","78","0","2023","1","N",1,0,0,0,0,0,0,0,"N",0.88,0,0,0,0,0,0,0,"N",0,0.0,0,0,0,0,0,0,0,0,0,0,0,0,0,0
"21195","5","518210","78","0","2023","1","",3,4,5,5,41177,38442,695,679,"",0.44,0.06,0.07,0.08,0.02,0.06,0.14,0.29,"N",1,50.0,0,0,0,0,0,0,0,0,0,0,0,0,0,0
"21197","5","518210","78","0","2023","1","N",2,0,0,0,0,0,0,0,"N",1.63,0,0,0,0,0,0,0,"N",0,0.0,0,0,0,0,0,0,0,0,0,0,0,0,0,0
"21199","5","518210","78","0","2023","1","N",2,0,0,0,0,0,0,0,"N",0.22,0,0,0,0,0,0,0,"N",0,0.0,0,0,0,0,0,0,0,0,0,0,0,0,0,0
"21203","5","518210","78","0","2023","1","N",1,0,0,0,0,0,0,0,"N",0.87,0,0,0,0,0,0,0,"N",0,0.0,0,0,0,0,0,0,0,0,0,0,0,0,0,0
"21205","5","518210","78","0","2023","1","N",2,0,0,0,0,0,0,0,"N",0.62,0,0,0,0,0,0,0,"N",1,100.0,0,0,0,0,0,0,0,0,0,0,0,0,0,0
"21209","5","518210","78","0","2023","1","",9,18,18,19,869857,176892,2232,3650,"",1.25,0.18,0.18,0.20,0.24,0.12,0.21,1.27,"N",2,28.6,0,0,0,0,0,0,0,0,0,0,0,0,0,0
"21211","5","518210","78","0","2023","1","N",5,0,0,0,0,0,0,0,"N",0.77,0,0,0,0,0,0,0,"N",3,150.0,0,0,0,0,0,0,0,0,0,0,0,0,0,0
"21213","5","518210","78","0","2023","1","N",3,0,0,0,0,0,0,0,"N",1.07,0,0,0,0,0,0,0,"N",1,50.0,0,0,0,0,0,0,0,0,0,0,0,0,0,0
"21227","5","518210","78","0","2023","1","N",13,0,0,0,0,0,0,0,"N",0.61,0,0,0,0,0,0,0,"N",3,30.0,0,0,0,0,0,0,0,0,0,0,0,0,0,0
"21231","5","518210","78","0","2023","1","N",2,0,0,0,0,0,0,0,"N",1.04,0,0,0,0,0,0,0,"N",1,100.0,0,0,0,0,0,0,0,0,0,0,0,0,0,0
"21233","5","518210","78","0","2023","1","-",0,0,0,0,0,0,0,0,"N",0.00,0,0,0,0,0,0,0,"N",0,0,0,0,0,0,0,0,0,0,0,0,0,0,0,0
"21235","5","518210","78","0","2023","1","N",2,0,0,0,0,0,0,0,"N",0.47,0,0,0,0,0,0,0,"N",-1,-33.3,0,0,0,0,0,0,0,0,0,0,0,0,0,0
"21239","5","518210","78","0","2023","1","N",3,0,0,0,0,0,0,0,"N",0.69,0,0,0,0,0,0,0,"N",0,0.0,0,0,0,0,0,0,0,0,0,0,0,0,0,0
"21999","5","518210","78","0","2023","1","",14,109,108,96,3255315,1296078,3303,2400,"",0.61,0.98,0.96,0.85,0.55,0.63,0.16,0.59,"",0,0.0,6,5.8,4,3.8,-8,-7.7,181286,5.9,83296,6.9,-17547,-84.2,119,5.2
"22000","5","518210","58","0","2023","1","",591,3444,3428,3392,70818942,25787375,416733,1592,"",0.89,0.56,0.56,0.56,0.33,0.45,0.60,0.59,"",68,13.0,372,12.1,258,8.1,231,7.3,11611503,19.6,2545368,11.0,68912,19.8,139,9.6
"22001","5","518210","78","0","2023","1","N",2,0,0,0,0,0,0,0,"N",0.32,0,0,0,0,0,0,0,"N",1,100.0,0,0,0,0,0,0,0,0,0,0,0,0,0,0
"22005","5","518210","78","0","2023","1","",12,12,11,11,284029,90177,1169,1928,"",0.73,0.08,0.07,0.07,0.04,0.05,0.05,0.62,"",3,33.3,-3,-20.0,-4,-26.7,-4,-26.7,-53545,-15.9,-25323,-21.9,-709,-37.8,197,11.4
"22011","5","518210","78","0","2023","1","N",1,0,0,0,0,0,0,0,"N",0.27,0,0,0,0,0,0,0,"N",-1,-50.0,0,0,0,0,0,0,0,0,0,0,0,0,0,0
"22013","5","518210","78","0","2023","1","N",1,0,0,0,0,0,0,0,"N",0.72,0,0,0,0,0,0,0,"N",0,0.0,0,0,0,0,0,0,0,0,0,0,0,0,0,0
"22015","5","518210","78","0","2023","1","",20,50,54,54,827111,368743,4285,1208,"",1.30,0.34,0.37,0.37,0.19,0.28,0.29,0.53,"",3,17.6,8,19.0,10,22.7,10,22.7,185007,28.8,71584,24.1,-354,-7.6,68,6.0
"22017","5","518210","78","0","2023","1","",25,251,259,260,3850689,1950478,34480,1154,"",0.72,0.71,0.74,0.75,0.34,0.66,1.02,0.46,"",1,4.2,49,24.3,53,25.7,52,25.0,964139,33.4,748777,62.3,18961,122.2,73,6.8
"22019","5","518210","78","0","2023","1","",13,18,24,18,288826,123066,1038,1111,"",0.51,0.06,0.08,0.06,0.03,0.04,0.03,0.39,"",2,18.2,0,0.0,6,33.3,-1,-5.3,44914,18.4,7820,6.8,-160,-13.4,88,8.6
"22023","5","518210","78","0","2023","1","N",1,0,0,0,0,0,0,0,"N",1.34,0,0,0,0,0,0,0,"N",0,0.0,0,0,0,0,0,0,0,0,0,0,0,0,0,0
"22025","5","518210","78","0","2023","1","N",2,0,0,0,0,0,0,0,"N",1.69,0,0,0,0,0,0,0,"N",1,100.0,0,0,0,0,0,0,0,0,0,0,0,0,0,0
"22033","5","518210","78","0","2023","1","",101,1051,1063,1072,25110740,8326913,139094,1819,"",1.22,1.22,1.24,1.25,0.78,1.04,1.32,0.63,"",9,9.8,-7,-0.7,-64,-5.7,-38,-3.4,759344,3.1,-400843,-4.6,7527,5.7,114,6.7
"22037","5","518210","78","0","2023","1","N",2,0,0,0,0,0,0,0,"N",1.18,0,0,0,0,0,0,0,"N",0,0.0,0,0,0,0,0,0,0,0,0,0,0,0,0,0
"22039","5","518210","78","0","2023","1","N",1,0,0,0,0,0,0,0,"N",0.36,0,0,0,0,0,0,0,"N",0,0.0,0,0,0,0,0,0,0,0,0,0,0,0,0,0
"22045","5","518210","78","0","2023","1","N",3,0,0,0,0,0,0,0,"N",0.36,0,0,0,0,0,0,0,"N",0,0.0,0,0,0,0,0,0,0,0,0,0,0,0,0,0
"22051","5","518210","78","0","2023","1","",62,556,527,506,7614814,3685462,65583,1106,"",0.90,0.92,0.88,0.85,0.35,0.62,1.01,0.40,"",6,10.7,96,20.9,62,13.3,60,13.5,1945398,34.3,752156,25.6,12273,23.0,152,15.9
"22055","5","518210","78","0","2023","1","",46,174,177,178,2900118,1391051,24755,1265,"",0.90,0.40,0.41,0.41,0.20,0.32,0.50,0.50,"",5,12.2,-35,-16.7,-37,-17.3,-34,-16.0,293553,11.3,-177683,-11.3,9005,57.2,318,33.6
"22057","5","518210","78","0","2023","1","",5,25,25,26,353187,193075,4392,1072,"",0.53,0.23,0.23,0.24,0.09,0.18,0.42,0.37,"N",1,25.0,0,0,0,0,0,0,0,0,0,0,0,0,0,0
"22059","5","518210","78","0","2023","1","N",1,0,0,0,0,0,0,0,"N",0.50,0,0,0,0,0,0,0,"N",0,0.0,0,0,0,0,0,0,0,0,0,0,0,0,0,0
"22061","5","518210","78","0","2023","1","N",3,0,0,0,0,0,0,0,"N",0.46,0,0,0,0,0,0,0,"N",1,50.0,0,0,0,0,0,0,0,0,0,0,0,0,0,0
"22063","5","518210","78","0","2023","1","",14,14,14,14,364638,112737,1564,2004,"",1.09,0.14,0.14,0.14,0.14,0.12,0.14,1.01,"",6,75.0,1,7.7,0,0.0,-1,-6.7,134582,58.5,4246,3.9,-209,-11.8,740,58.5
"22071","5","518210","78","0","2023","1","",137,519,492,495,15236001,3783741,52618,2335,"",1.86,0.85,0.80,0.82,0.63,0.70,0.90,0.76,"",24,21.2,37,7.7,23,4.9,19,4.0,4530486,42.3,155567,4.3,-4730,-8.2,604,34.9
"22073","5","518210","78","0","2023","1","N",15,0,0,0,0,0,0,0,"N",0.66,0,0,0,0,0,0,0,"N",1,7.1,0,0,0,0,0,0,0,0,0,0,0,0,0,0
"22075","5","518210","78","0","2023","1","N",2,0,0,0,0,0,0,0,"N",0.53,0,0,0,0,0,0,0,"N",0,0.0,0,0,0,0,0,0,0,0,0,0,0,0,0,0
"22079","5","518210","78","0","2023","1","N",5,0,0,0,0,0,0,0,"N",0.28,0,0,0,0,0,0,0,"N",2,66.7,0,0,0,0,0,0,0,0,0,0,0,0,0,0
"22083","5","518210","78","0","2023","1","N",1,0,0,0,0,0,0,0,"N",0.41,0,0,0,0,0,0,0,"N",0,0.0,0,0,0,0,0,0,0,0,0,0,0,0,0,0
"22087","5","518210","78","0","2023","1","N",1,0,0,0,0,0,0,0,"N",0.23,0,0,0,0,0,0,0,"N",-1,-50.0,0,0,0,0,0,0,0,0,0,0,0,0,0,0
"22089","5","518210","78","0","2023","1","N",2,0,0,0,0,0,0,0,"N",0.32,0,0,0,0,0,0,0,"N",0,0.0,0,0,0,0,0,0,0,0,0,0,0,0,0,0
"22093","5","518210","78","0","2023","1","N",1,0,0,0,0,0,0,0,"N",0.50,0,0,0,0,0,0,0,"N",1,100.0,0,0,0,0,0,0,0,0,0,0,0,0,0,0
"22095","5","518210","78","0","2023","1","N",3,0,0,0,0,0,0,0,"N",0.69,0,0,0,0,0,0,0,"N",0,0.0,0,0,0,0,0,0,0,0,0,0,0,0,0,0
"22097","5","518210","78","0","2023","1","N",3,0,0,0,0,0,0,0,"N",0.33,0,0,0,0,0,0,0,"N",-1,-25.0,0,0,0,0,0,0,0,0,0,0,0,0,0,0
"22099","5","518210","78","0","2023","1","N",2,0,0,0,0,0,0,0,"N",0.42,0,0,0,0,0,0,0,"N",-1,-33.3,0,0,0,0,0,0,0,0,0,0,0,0,0,0
"22101","5","518210","78","0","2023","1","N",2,0,0,0,0,0,0,0,"N",0.32,0,0,0,0,0,0,0,"N",0,0.0,0,0,0,0,0,0,0,0,0,0,0,0,0,0
"22103","5","518210","78","0","2023","1","",65,147,147,145,3333585,1085969,14549,1752,"",1.43,0.47,0.48,0.47,0.31,0.37,0.48,0.66,"",2,3.2,42,40.0,44,42.7,41,39.4,539776,19.3,327587,43.2,4275,41.6,-314,-15.2
"22105","5","518210","78","0","2023","1","",7,3,3,5,40102,31334,492,841,"",0.45,0.02,0.02,0.03,0.01,0.02,0.03,0.42,"",2,40.0,-2,-40.0,-2,-40.0,0,0.0,370,0.9,-2167,-6.5,21,4.5,230,37.6
"22109","5","518210","78","0","2023","1","",6,13,12,12,149261,91857,1434,931,"",0.41,0.08,0.08,0.08,0.03,0.06,0.08,0.35,"",0,0.0,3,30.0,2,20.0,2,20.0,55066,58.5,25307,38.0,767,115.0,206,28.4
"22111","5","518210","78","0","2023","1","N",2,0,0,0,0,0,0,0,"N",1.01,0,0,0,0,0,0,0,"N",0,0.0,0,0,0,0,0,0,0,0,0,0,0,0,0,0
"22115","5","518210","78","0","2023","1","N",5,0,0,0,0,0,0,0,"N",1.09,0,0,0,0,0,0,0,"N",2,66.7,0,0,0,0,0,0,0,0,0,0,0,0,0,0
"22119","5","518210","78","0","2023","1","N",2,0,0,0,0,0,0,0,"N",0.46,0,0,0,0,0,0,0,"N",0,0.0,0,0,0,0,0,0,0,0,0,0,0,0,0,0
"22121","5","518210","78","0","2023","1","N",1,0,0,0,0,0,0,0,"N",0.28,0,0,0,0,0,0,0,"N",0,0.0,0,0,0,0,0,0,0,0,0,0,0,0,0,0
"22125","5","518210","78","0","2023","1","N",1,0,0,0,0,0,0,0,"N",0.76,0,0,0,0,0,0,0,"N",0,0.0,0,0,0,0,0,0,0,0,0,0,0,0,0,0
"22999","5","518210","78","0","2023","1","",13,203,195,184,2312376,1383748,22589,917,"",1.27,1.83,1.73,1.65,0.36,0.87,0.94,0.21,"",0,0.0,131,181.9,123,170.8,106,135.9,1207489,109.3,805240,139.2,11457,102.9,-232,-20.2
"23000","5","518210","58","0","2023","1","",299,914,919,915,26041543,10730556,213154,2187,"",1.08,0.45,0.46,0.46,0.36,0.43,0.48,0.79,"",92,44.4,95,11.6,90,10.9,80,9.6,4123337,18.8,1157050,12.1,-5317,-2.4,150,7.4
"23001","5","518210","78","0","2023","1","",9,8,8,6,105112,72971,1585,1103,"",0.59,0.05,0.05,0.04,0.02,0.04,0.05,0.44,"N",0,0.0,0,0,0,0,0,0,0,0,0,0,0,0,0,0
"23003","5","518210","78","0","2023","1","N",5,0,0,0,0,0,0,0,"N",0.48,0,0,0,0,0,0,0,"N",-1,-16.7,0,0,0,0,0,0,0,0,0,0,0,0,0,0
"23005","5","518210","78","0","2023","1","",109,418,425,418,10720821,4937286,92053,1962,"",1.41,0.69,0.71,0.70,0.43,0.60,0.65,0.61,"",36,49.3,24,6.1,27,6.8,22,5.6,614042,6.1,332029,7.2,-8152,-8.1,-1,-0.1
"23009","5","518210","78","0","2023","1","N",7,0,0,0,0,0,0,0,"N",0.55,0,0,0,0,0,0,0,"N",2,40.0,0,0,0,0,0,0,0,0,0,0,0,0,0,0
"23011","5","518210","78","0","2023","1","N",13,0,0,0,0,0,0,0,"N",0.69,0,0,0,0,0,0,0,"N",5,62.5,0,0,0,0,0,0,0,0,0,0,0,0,0,0
"23013","5","518210","78","0","2023","1","N",4,0,0,0,0,0,0,0,"N",0.40,0,0,0,0,0,0,0,"N",2,100.0,0,0,0,0,0,0,0,0,0,0,0,0,0,0
"23015","5","518210","78","0","2023","1","N",6,0,0,0,0,0,0,0,"N",0.78,0,0,0,0,0,0,0,"N",3,100.0,0,0,0,0,0,0,0,0,0,0,0,0,0,0
"23017","5","518210","78","0","2023","1","",6,23,23,23,509257,272327,10038,1703,"",0.78,0.41,0.41,0.42,0.32,0.43,0.85,0.77,"N",2,50.0,0,0,0,0,0,0,0,0,0,0,0,0,0,0
"23019","5","518210","78","0","2023","1","N",12,0,0,0,0,0,0,0,"N",0.53,0,0,0,0,0,0,0,"N",6,100.0,0,0,0,0,0,0,0,0,0,0,0,0,0,0
"23021","5","518210","78","0","2023","1","N",1,0,0,0,0,0,0,0,"N",0.39,0,0,0,0,0,0,0,"N",0,0.0,0,0,0,0,0,0,0,0,0,0,0,0,0,0
"23023","5","518210","78","0","2023","1","N",5,0,0,0,0,0,0,0,"N",0.86,0,0,0,0,0,0,0,"N",1,25.0,0,0,0,0,0,0,0,0,0,0,0,0,0,0
"23025","5","518210","78","0","2023","1","N",4,0,0,0,0,0,0,0,"N",0.59,0,0,0,0,0,0,0,"N",3,300.0,0,0,0,0,0,0,0,0,0,0,0,0,0,0
"23027","5","518210","78","0","2023","1","N",2,0,0,0,0,0,0,0,"N",0.32,0,0,0,0,0,0,0,"N",1,100.0,0,0,0,0,0,0,0,0,0,0,0,0,0,0
"23029","5","518210","78","0","2023","1","",3,3,3,3,32445,29445,579,832,"",0.59,0.09,0.09,0.09,0.03,0.08,0.08,0.37,"N",0,0.0,0,0,0,0,0,0,0,0,0,0,0,0,0,0
"23031","5","518210","78","0","2023","1","",44,60,59,61,1521950,782057,20384,1951,"",1.18,0.25,0.25,0.26,0.18,0.29,0.41,0.71,"",11,33.3,3,5.3,-3,-4.8,-2,-3.2,137091,9.9,26994,3.6,-4917,-19.4,195,11.1
"23999","5","518210","78","0","2023","1","",69,212,214,216,8267409,2534601,61068,2972,"",2.71,2.52,2.53,2.59,1.67,1.65,1.71,0.66,"",22,46.8,73,52.5,71,49.7,67,45.0,2959941,55.8,805270,46.6,16958,38.4,130,4.6
"24000","2","518210","58","0","2023","1","N",1,0,0,0,0,0,0,0,"N",3.32,0,0,0,0,0,0,0,"N",0,0.0,0,0,0,0,0,0,0,0,0,0,0,0,0,0
"24000","3","518210","58","0","2023","1","N",1,0,0,0,0,0,0,0,"N",0.65,0,0,0,0,0,0,0,"N",0,0.0,0,0,0,0,0,0,0,0,0,0,0,0,0,0
"24000","5","518210","58","0","2023","1","",1207,5242,5129,5092,221975066,43938231,907777,3313,"",1.48,0.60,0.59,0.59,0.55,0.53,0.50,0.93,"",394,48.5,865,19.8,628,14.0,617,13.8,53261224,31.6,7349179,20.1,-63351,-6.5,397,13.6
"24001","5","518210","78","0","2023","1","N",2,0,0,0,0,0,0,0,"N",0.30,0,0,0,0,0,0,0,"N",1,100.0,0,0,0,0,0,0,0,0,0,0,0,0,0,0
"24003","5","518210","78","0","2023","1","",66,272,281,286,11086803,2145330,31384,3049,"",0.93,0.30,0.32,0.32,0.28,0.24,0.16,0.88,"",18,37.5,-1,-0.4,3,1.1,2,0.7,1738970,18.6,219047,11.4,-9031,-22.3,466,18.0
"24005","5","518210","78","0","2023","1","",82,246,243,238,7092939,2019926,47214,2251,"",0.84,0.21,0.21,0.20,0.15,0.17,0.18,0.71,"",20,32.3,-58,-19.1,-71,-22.6,-75,-24.0,-391709,-5.2,58117,3.0,-9007,-16.0,396,21.3
"24009","5","518210","78","0","2023","1","N",7,0,0,0,0,0,0,0,"N",0.84,0,0,0,0,0,0,0,"N",2,40.0,0,0,0,0,0,0,0,0,0,0,0,0,0,0
"24011","5","518210","78","0","2023","1","N",3,0,0,0,0,0,0,0,"N",0.96,0,0,0,0,0,0,0,"N",2,200.0,0,0,0,0,0,0,0,0,0,0,0,0,0,0
"24013","5","518210","78","0","2023","1","",9,26,27,26,805802,238324,3631,2354,"",0.46,0.14,0.15,0.14,0.14,0.14,0.10,0.97,"",0,0.0,11,73.3,12,80.0,12,85.7,447587,124.9,115616,94.2,2293,171.4,475,25.3
"24015","5","518210","78","0","2023","1","N",4,0,0,0,0,0,0,0,"N",0.47,0,0,0,0,0,0,0,"N",2,100.0,0,0,0,0,0,0,0,0,0,0,0,0,0,0
"24017","5","518210","78","0","2023","1","",8,32,31,32,679888,223650,2468,1652,"",0.59,0.24,0.24,0.24,0.15,0.21,0.10,0.63,"",4,100.0,-1,-3.0,2,6.9,5,18.5,86967,14.7,-7268,-3.1,-356,-12.6,115,7.5
"24019","5","518210","78","0","2023","1","N",1,0,0,0,0,0,0,0,"N",0.30,0,0,0,0,0,0,0,"N",-1,-50.0,0,0,0,0,0,0,0,0,0,0,0,0,0,0
"24021","5","518210","78","0","2023","1","",29,363,340,298,25949734,3084441,47761,5982,"",0.94,1.06,0.99,0.87,1.89,0.90,0.69,1.94,"",11,61.1,204,128.3,163,92.1,94,46.1,16000372,160.8,1502904,95.0,19714,70.3,1730,40.7
"24023","5","518210","78","0","2023","1","N",3,0,0,0,0,0,0,0,"N",0.65,0,0,0,0,0,0,0,"N",1,50.0,0,0,0,0,0,0,0,0,0,0,0,0,0,0
"24025","5","518210","78","0","2023","1","",12,44,45,44,1200977,389190,10450,2084,"",0.44,0.14,0.15,0.15,0.10,0.14,0.17,0.69,"",4,50.0,-18,-29.0,-17,-27.4,-17,-27.9,-268282,-18.3,-123165,-24.0,-4206,-28.7,251,13.7
"24027","5","518210","78","0","2023","1","",88,489,488,482,15093287,4205715,87670,2387,"",1.86,0.89,0.89,0.89,0.55,0.70,0.65,0.61,"",34,63.0,39,8.7,26,5.6,35,7.8,517366,3.5,384715,10.1,-9218,-9.5,-88,-3.6
"24029","5","518210","78","0","2023","1","N",1,0,0,0,0,0,0,0,"N",0.31,0,0,0,0,0,0,0,"N",1,100.0,0,0,0,0,0,0,0,0,0,0,0,0,0,0
"24031","5","518210","78","0","2023","1","",189,1544,1527,1528,70539233,12207069,205652,3540,"",1.27,1.03,1.03,1.04,0.80,0.83,0.71,0.78,"",68,56.2,228,17.3,202,15.2,220,16.8,14104167,25.0,1607764,15.2,18038,9.6,242,7.3
"24033","5","518210","78","0","2023","1","",68,510,453,456,23325562,4350764,165052,3793,"",0.88,0.50,0.44,0.45,0.55,0.48,0.80,1.18,"",25,58.1,-49,-8.8,-111,-19.7,-81,-15.1,6937,0.0,-493872,-10.2,-152520,-48.0,551,17.0
"24035","5","518210","78","0","2023","1","",5,5,5,5,136583,29560,882,2101,"",0.74,0.10,0.10,0.10,0.09,0.06,0.10,0.85,"",1,25.0,-1,-16.7,-1,-16.7,-1,-16.7,56650,70.9,-12843,-30.3,103,13.2,1076,105.0
"24037","5","518210","78","0","2023","1","N",2,0,0,0,0,0,0,0,"N",0.21,0,0,0,0,0,0,0,"N",1,100.0,0,0,0,0,0,0,0,0,0,0,0,0,0,0
"24041","5","518210","78","0","2023","1","N",1,0,0,0,0,0,0,0,"N",0.15,0,0,0,0,0,0,0,"N",0,0.0,0,0,0,0,0,0,0,0,0,0,0,0,0,0
"24043","5","518210","78","0","2023","1","",6,131,133,132,4553868,1091692,20701,2654,"",0.39,0.65,0.66,0.66,0.71,0.56,0.42,1.08,"",0,0.0,66,101.5,65,95.6,65,97.0,3255633,250.8,533003,95.4,9958,92.7,1156,77.2
"24045","5","518210","78","0","2023","1","",7,22,22,22,410158,184865,4942,1434,"",0.63,0.15,0.15,0.15,0.09,0.14,0.18,0.60,"N",3,75.0,0,0,0,0,0,0,0,0,0,0,0,0,0,0
"24047","5","518210","78","0","2023","1","",5,20,17,16,541849,148400,1694,2359,"",0.50,0.29,0.25,0.22,0.30,0.24,0.09,1.18,"",1,25.0,18,900.0,15,750.0,8,100.0,338723,166.8,82262,124.4,770,83.3,-1547,-39.6
"24510","3","518210","78","0","2023","1","N",1,0,0,0,0,0,0,0,"N",8.52,0,0,0,0,0,0,0,"N",0,0.0,0,0,0,0,0,0,0,0,0,0,0,0,0,0
"24510","5","518210","78","0","2023","1","",41,181,183,187,9875313,1565330,28222,4136,"",0.66,0.16,0.17,0.17,0.18,0.19,0.15,1.10,"",7,20.6,90,98.9,81,79.4,85,83.3,5865360,146.3,699845,80.9,11034,64.2,999,31.8
"24999","2","518210","78","0","2023","1","N",1,0,0,0,0,0,0,0,"N",22.87,0,0,0,0,0,0,0,"N",0,0.0,0,0,0,0,0,0,0,0,0,0,0,0,0,0
"24999","5","518210","78","0","2023","1","",568,1208,1179,1184,48345914,11028062,225229,3124,"",4.81,3.07,3.00,3.03,1.76,1.91,1.83,0.58,"",189,49.9,352,41.1,266,29.1,262,28.4,11074731,29.7,2716266,32.7,66381,41.8,-72,-2.3
"25000","3","518210","58","0","2023","1","N",3,0,0,0,0,0,0,0,"N",1.24,0,0,0,0,0,0,0,"N",0,0.0,0,0,0,0,0,0,0,0,0,0,0,0,0,0
"25000","5","518210","58","0","2023","1","",1442,10140,10185,10136,516106302,146757612,2660940,3910,"",1.12,0.87,0.88,0.88,0.76,0.77,0.95,0.87,"",243,20.3,474,4.9,346,3.5,301,3.1,62635807,13.8,4542010,3.2,-2190542,-45.2,343,9.6
"25001","3","518210","78","0","2023","1","N",1,0,0,0,0,0,0,0,"N",12.00,0,0,0,0,0,0,0,"N",0,0.0,0,0,0,0,0,0,0,0,0,0,0,0,0,0
"25001","5","518210","78","0","2023","1","",15,129,127,127,2518647,1669837,24311,1518,"",0.34,0.46,0.46,0.46,0.25,0.42,0.42,0.53,"",3,25.0,-1,-0.8,-4,-3.1,-1,-0.8,21332,0.9,58092,3.6,-14520,-37.4,37,2.5
"25003","5","518210","78","0","2023","1","",20,32,33,37,993791,458576,7029,2248,"",0.81,0.17,0.18,0.20,0.15,0.19,0.22,0.82,"",2,11.1,3,10.3,1,3.1,6,19.4,195470,24.5,65298,16.6,-3308,-32.0,246,12.3
"25005","5","518210","78","0","2023","1","",20,18,18,25,572528,326795,5329,2166,"",0.24,0.02,0.02,0.03,0.02,0.03,0.03,0.75,"",2,11.1,-7,-28.0,-3,-14.3,4,19.0,-354111,-38.2,-18531,-5.4,-7245,-57.6,-1026,-32.1
"25007","5","518210","78","0","2023","1","-",0,0,0,0,0,0,0,0,"N",0.00,0,0,0,0,0,0,0,"N",-1,-100.0,0,0,0,0,0,0,0,0,0,0,0,0,0,0
"25009","3","518210","78","0","2023","1","N",1,0,0,0,0,0,0,0,"N",4.02,0,0,0,0,0,0,0,"N",0,0.0,0,0,0,0,0,0,0,0,0,0,0,0,0,0
"25009","5","518210","78","0","2023","1","",70,456,448,437,15105785,6387384,130291,2600,"",0.53,0.44,0.44,0.43,0.33,0.40,0.57,0.76,"",12,20.7,-19,-4.0,-26,-5.5,-37,-7.8,-6063215,-28.6,-202502,-3.1,-105600,-44.8,-833,-24.3
"25011","5","518210","78","0","2023","1","",6,8,7,6,168125,96007,1135,1848,"",0.51,0.10,0.09,0.07,0.07,0.08,0.07,0.78,"",-1,-14.3,2,33.3,1,16.7,0,0.0,43056,34.4,14665,18.0,-838,-42.5,245,15.3
"25013","5","518210","78","0","2023","1","",12,50,48,46,654843,563238,9927,1049,"",0.14,0.08,0.07,0.07,0.03,0.07,0.08,0.38,"",1,9.1,-5,-9.1,1,2.1,-4,-8.0,-56238,-7.9,9229,1.7,-8170,-45.1,-31,-2.9
"25015","5","518210","78","0","2023","1","",11,43,43,43,2303525,616788,9631,4121,"",0.49,0.21,0.21,0.21,0.30,0.19,0.31,1.46,"",3,37.5,35,437.5,33,330.0,33,330.0,1991688,638.7,478848,347.1,-53,-0.5,1551,60.4
"25017","5","518210","78","0","2023","1","",327,3169,3160,3153,156070285,45328928,855007,3798,"",1.22,1.05,1.05,1.06,0.75,0.85,1.06,0.71,"",30,10.1,95,3.1,25,0.8,39,1.3,-149824,-0.1,572239,1.3,-758762,-47.0,-69,-1.8
"25021","5","518210","78","0","2023","1","",110,562,554,553,18316149,6425118,115343,2533,"",0.92,0.51,0.50,0.50,0.33,0.35,0.41,0.66,"",7,6.8,-39,-6.5,-43,-7.2,-39,-6.6,-3613756,-16.5,-498548,-7.2,-146063,-55.9,-294,-10.4
"25023","3","518210","78","0","2023","1","N",1,0,0,0,0,0,0,0,"N",6.80,0,0,0,0,0,0,0,"N",0,0.0,0,0,0,0,0,0,0,0,0,0,0,0,0,0
"25023","5","518210","78","0","2023","1","",39,401,463,463,43793669,6670532,112085,7616,"",0.50,0.65,0.76,0.76,1.74,0.72,0.76,2.42,"",3,8.3,-74,-15.6,-13,-2.7,1,0.2,26820349,158.0,-214211,-3.1,-110985,-49.8,4844,174.7
"25025","5","518210","78","0","2023","1","",234,3690,3702,3687,197139422,53859853,987310,4106,"",1.52,1.62,1.61,1.61,1.03,1.43,1.88,0.64,"",25,12.0,138,3.9,78,2.2,55,1.5,28099844,16.6,-105421,-0.2,-865335,-46.7,497,13.8
"25027","5","518210","78","0","2023","1","",54,392,391,395,20488699,6586307,76776,4014,"",0.42,0.35,0.35,0.35,0.44,0.38,0.32,1.26,"",8,17.4,18,4.8,18,4.8,19,5.1,1587847,8.4,228125,3.6,-50839,-39.8,130,3.3
"25999","5","518210","78","0","2023","1","",524,1190,1191,1164,57980834,17768249,326766,3774,"",4.46,4.33,4.32,4.25,2.23,2.54,2.58,0.52,"N",149,39.7,0,0,0,0,0,0,0,0,0,0,0,0,0,0
"26000","5","518210","58","0","2023","1","",2113,10713,10709,10615,350034558,100482110,2623176,2521,"",1.54,0.76,0.77,0.76,0.63,0.63,0.59,0.83,"",287,15.7,1572,17.2,1501,16.3,1337,14.4,76107695,27.8,13793867,15.9,343455,15.1,233,10.2
"26005","5","518210","78","0","2023","1","",6,8,8,9,200014,56465,775,1846,"",0.49,0.06,0.06,0.07,0.04,0.04,0.02,0.66,"",0,0.0,-9,-52.9,-9,-52.9,-7,-43.8,33955,20.4,-19969,-26.1,-183,-19.1,1080,141.0
"26007","5","518210","78","0","2023","1","N",1,0,0,0,0,0,0,0,"N",0.24,0,0,0,0,0,0,0,"N",0,0.0,0,0,0,0,0,0,0,0,0,0,0,0,0,0
"26009","5","518210","78","0","2023","1","",3,7,7,6,716727,74257,1420,8270,"",1.07,0.46,0.47,0.40,1.99,0.51,0.34,4.50,"N",0,0.0,0,0,0,0,0,0,0,0,0,0,0,0,0,0
"26015","5","518210","78","0","2023","1","N",3,0,0,0,0,0,0,0,"N",0.62,0,0,0,0,0,0,0,"N",0,0.0,0,0,0,0,0,0,0,0,0,0,0,0,0,0
"26017","5","518210","78","0","2023","1","N",2,0,0,0,0,0,0,0,"N",0.20,0,0,0,0,0,0,0,"N",0,0.0,0,0,0,0,0,0,0,0,0,0,0,0,0,0
"26019","5","518210","78","0","2023","1","N",1,0,0,0,0,0,0,0,"N",0.43,0,0,0,0,0,0,0,"N",0,0.0,0,0,0,0,0,0,0,0,0,0,0,0,0,0
"26021","5","518210","78","0","2023","1","N",5,0,0,0,0,0,0,0,"N",0.26,0,0,0,0,0,0,0,"N",1,25.0,0,0,0,0,0,0,0,0,0,0,0,0,0,0
"26023","5","518210","78","0","2023","1","",3,3,3,4,57520,29280,778,1327,"",0.75,0.06,0.06,0.09,0.04,0.05,0.06,0.58,"",0,0.0,-1,-25.0,-1,-25.0,0,0.0,-6290,-9.9,-8720,-22.9,138,21.6,100,8.1
"26025","5","518210","78","0","2023","1","N",1,0,0,0,0,0,0,0,"N",0.08,0,0,0,0,0,0,0,"N",0,0.0,0,0,0,0,0,0,0,0,0,0,0,0,0,0
"26027","5","518210","78","0","2023","1","",3,4,4,5,48533,41200,397,862,"",0.71,0.13,0.14,0.17,0.06,0.14,0.06,0.39,"",0,0.0,-4,-50.0,-4,-50.0,-4,-44.4,-11939,-19.7,-13445,-24.6,-362,-47.7,304,54.5
"26031","5","518210","78","0","2023","1","N",1,0,0,0,0,0,0,0,"N",0.26,0,0,0,0,0,0,0,"N",0,0.0,0,0,0,0,0,0,0,0,0,0,0,0,0,0
"26033","5","518210","78","0","2023","1","N",2,0,0,0,0,0,0,0,"N",0.51,0,0,0,0,0,0,0,"N",1,100.0,0,0,0,0,0,0,0,0,0,0,0,0,0,0
"26035","5","518210","78","0","2023","1","N",1,0,0,0,0,0,0,0,"N",0.35,0,0,0,0,0,0,0,"N",0,0.0,0,0,0,0,0,0,0,0,0,0,0,0,0,0
"26037","5","518210","78","0","2023","1","N",6,0,0,0,0,0,0,0,"N",0.90,0,0,0,0,0,0,0,"N",0,0.0,0,0,0,0,0,0,0,0,0,0,0,0,0,0
"26041","5","518210","78","0","2023","1","N",1,0,0,0,0,0,0,0,"N",0.20,0,0,0,0,0,0,0,"N",0,0.0,0,0,0,0,0,0,0,0,0,0,0,0,0,0
"26045","5","518210","78","0","2023","1","",8,368,364,361,7808716,3501396,77692,1649,"",0.81,2.73,2.61,2.60,1.67,2.22,1.87,0.63,"",0,0.0,-45,-10.9,-42,-10.3,-33,-8.4,49480,0.6,-404215,-10.3,-29617,-27.6,173,11.7
"26047","5","518210","78","0","2023","1","N",1,0,0,0,0,0,0,0,"N",0.14,0,0,0,0,0,0,0,"N",0,0.0,0,0,0,0,0,0,0,0,0,0,0,0,0,0
"26049","5","518210","78","0","2023","1","",16,57,59,60,852229,408748,7693,1117,"",0.47,0.13,0.14,0.14,0.06,0.10,0.06,0.46,"N",1,6.7,0,0,0,0,0,0,0,0,0,0,0,0,0,0
"26055","5","518210","78","0","2023","1","",13,100,99,98,1927698,909940,18573,1498,"",0.76,0.62,0.62,0.61,0.36,0.55,0.43,0.59,"",0,0.0,-7,-6.5,-6,-5.7,-6,-5.8,127031,7.1,-46977,-4.9,-2747,-12.9,183,13.9
"26059","5","518210","78","0","2023","1","N",1,0,0,0,0,0,0,0,"N",0.25,0,0,0,0,0,0,0,"N",0,0.0,0,0,0,0,0,0,0,0,0,0,0,0,0,0
"26061","5","518210","78","0","2023","1","",6,43,42,39,999604,352976,7059,1860,"",1.35,1.12,1.09,1.02,0.86,1.09,0.86,0.80,"",1,20.0,28,186.7,16,61.5,11,39.3,246379,32.7,122293,53.0,2494,54.6,-659,-26.2
"26065","5","518210","78","0","2023","1","",24,210,212,213,5329670,1893382,49579,1937,"",0.75,0.42,0.43,0.43,0.28,0.46,0.46,0.65,"",2,9.1,-27,-11.4,-29,-12.0,-23,-9.7,-458105,-7.9,-266344,-12.3,-11786,-19.2,66,3.5
"26067","5","518210","78","0","2023","1","N",1,0,0,0,0,0,0,0,"N",0.20,0,0,0,0,0,0,0,"N",0,0.0,0,0,0,0,0,0,0,0,0,0,0,0,0,0
"26069","5","518210","78","0","2023","1","N",1,0,0,0,0,0,0,0,"N",0.35,0,0,0,0,0,0,0,"N",1,100.0,0,0,0,0,0,0,0,0,0,0,0,0,0,0
"26073","5","518210","78","0","2023","1","N",4,0,0,0,0,0,0,0,"N",0.63,0,0,0,0,0,0,0,"N",1,33.3,0,0,0,0,0,0,0,0,0,0,0,0,0,0
"26075","5","518210","78","0","2023","1","N",1,0,0,0,0,0,0,0,"N",0.07,0,0,0,0,0,0,0,"N",0,0.0,0,0,0,0,0,0,0,0,0,0,0,0,0,0
"26077","5","518210","78","0","2023","1","",12,66,63,68,1318337,620487,14578,1544,"",0.43,0.17,0.16,0.18,0.09,0.15,0.14,0.52,"",1,9.1,54,450.0,46,270.6,52,325.0,1111948,538.8,487241,365.7,12160,502.9,486,45.9
"26079","5","518210","78","0","2023","1","N",2,0,0,0,0,0,0,0,"N",1.15,0,0,0,0,0,0,0,"N",0,0.0,0,0,0,0,0,0,0,0,0,0,0,0,0,0
"26081","5","518210","78","0","2023","1","",70,790,793,792,18744405,7429028,207479,1821,"",0.87,0.59,0.59,0.59,0.39,0.49,0.55,0.66,"",2,2.9,-25,-3.1,-21,-2.6,-18,-2.2,358801,2.0,-219685,-2.9,-15317,-6.9,81,4.7
"26083","5","518210","78","0","2023","1","-",0,0,0,0,0,0,0,0,"N",0.00,0,0,0,0,0,0,0,"N",0,0,0,0,0,0,0,0,0,0,0,0,0,0,0,0
"26087","5","518210","78","0","2023","1","N",4,0,0,0,0,0,0,0,"N",0.50,0,0,0,0,0,0,0,"N",0,0.0,0,0,0,0,0,0,0,0,0,0,0,0,0,0
"26089","5","518210","78","0","2023","1","N",2,0,0,0,0,0,0,0,"N",0.50,0,0,0,0,0,0,0,"N",0,0.0,0,0,0,0,0,0,0,0,0,0,0,0,0,0
"26091","5","518210","78","0","2023","1","N",2,0,0,0,0,0,0,0,"N",0.22,0,0,0,0,0,0,0,"N",1,100.0,0,0,0,0,0,0,0,0,0,0,0,0,0,0
"26093","5","518210","78","0","2023","1","",13,74,73,82,1030174,520572,16175,1038,"",0.57,0.36,0.36,0.40,0.16,0.22,0.24,0.42,"",0,0.0,2,2.8,1,1.4,12,17.1,-2352789,-69.5,-25786,-4.7,-7989,-33.1,-2610,-71.5
"26095","5","518210","78","0","2023","1","N",1,0,0,0,0,0,0,0,"N",1.15,0,0,0,0,0,0,0,"N",1,100.0,0,0,0,0,0,0,0,0,0,0,0,0,0,0
"26097","5","518210","78","0","2023","1","N",1,0,0,0,0,0,0,0,"N",0.42,0,0,0,0,0,0,0,"N",0,0.0,0,0,0,0,0,0,0,0,0,0,0,0,0,0
"26099","5","518210","78","0","2023","1","",39,136,132,132,2307296,1049600,27464,1331,"",0.42,0.12,0.12,0.12,0.05,0.08,0.06,0.42,"",4,11.4,-40,-22.7,-48,-26.7,-49,-27.1,-735821,-24.2,-436252,-29.4,-24235,-46.9,23,1.8
"26101","5","518210","78","0","2023","1","N",1,0,0,0,0,0,0,0,"N",0.36,0,0,0,0,0,0,0,"N",0,0.0,0,0,0,0,0,0,0,0,0,0,0,0,0,0
"26103","5","518210","78","0","2023","1","N",2,0,0,0,0,0,0,0,"N",0.25,0,0,0,0,0,0,0,"N",0,0.0,0,0,0,0,0,0,0,0,0,0,0,0,0,0
"26105","5","518210","78","0","2023","1","N",1,0,0,0,0,0,0,0,"N",0.30,0,0,0,0,0,0,0,"N",0,0.0,0,0,0,0,0,0,0,0,0,0,0,0,0,0
"26109","5","518210","78","0","2023","1","N",1,0,0,0,0,0,0,0,"N",0.43,0,0,0,0,0,0,0,"N",0,0.0,0,0,0,0,0,0,0,0,0,0,0,0,0,0
"26111","5","518210","78","0","2023","1","",6,10,10,10,225964,84954,769,1738,"",0.33,0.08,0.08,0.08,0.04,0.07,0.03,0.48,"",0,0.0,-2,-16.7,-1,-9.1,-1,-9.1,11821,5.5,-5906,-6.5,-269,-25.9,285,19.6
"26113","5","518210","78","0","2023","1","N",1,0,0,0,0,0,0,0,"N",0.57,0,0,0,0,0,0,0,"N",1,100.0,0,0,0,0,0,0,0,0,0,0,0,0,0,0
"26115","5","518210","78","0","2023","1","N",4,0,0,0,0,0,0,0,"N",0.34,0,0,0,0,0,0,0,"N",0,0.0,0,0,0,0,0,0,0,0,0,0,0,0,0,0
"26117","5","518210","78","0","2023","1","N",2,0,0,0,0,0,0,0,"N",0.40,0,0,0,0,0,0,0,"N",1,100.0,0,0,0,0,0,0,0,0,0,0,0,0,0,0
"26121","5","518210","78","0","2023","1","N",5,0,0,0,0,0,0,0,"N",0.35,0,0,0,0,0,0,0,"N",0,0.0,0,0,0,0,0,0,0,0,0,0,0,0,0,0
"26123","5","518210","78","0","2023","1","N",3,0,0,0,0,0,0,0,"N",0.75,0,0,0,0,0,0,0,"N",1,50.0,0,0,0,0,0,0,0,0,0,0,0,0,0,0
"26125","5","518210","78","0","2023","1","",221,2306,2311,2291,70148574,21487307,603126,2343,"",1.08,0.99,1.00,0.99,0.67,0.71,0.70,0.67,"",16,7.8,390,20.4,403,21.1,395,20.8,17425066,33.0,4162323,24.0,123080,25.6,216,10.2
"26133","5","518210","78","0","2023","1","N",1,0,0,0,0,0,0,0,"N",0.46,0,0,0,0,0,0,0,"N",0,0.0,0,0,0,0,0,0,0,0,0,0,0,0,0,0
"26137","5","518210","78","0","2023","1","N",2,0,0,0,0,0,0,0,"N",0.54,0,0,0,0,0,0,0,"N",1,100.0,0,0,0,0,0,0,0,0,0,0,0,0,0,0
"26139","5","518210","78","0","2023","1","",11,24,24,24,689586,215500,3463,2210,"",0.36,0.06,0.06,0.06,0.05,0.04,0.03,0.86,"",0,0.0,4,20.0,3,14.3,3,14.3,215418,45.4,37719,21.2,808,30.4,445,25.2
"26143","5","518210","78","0","2023","1","N",2,0,0,0,0,0,0,0,"N",0.73,0,0,0,0,0,0,0,"N",0,0.0,0,0,0,0,0,0,0,0,0,0,0,0,0,0
"26145","5","518210","78","0","2023","1","N",4,0,0,0,0,0,0,0,"N",0.21,0,0,0,0,0,0,0,"N",1,33.3,0,0,0,0,0,0,0,0,0,0,0,0,0,0
"26147","5","518210","78","0","2023","1","N",5,0,0,0,0,0,0,0,"N",0.34,0,0,0,0,0,0,0,"N",0,0.0,0,0,0,0,0,0,0,0,0,0,0,0,0,0
"26151","5","518210","78","0","2023","1","N",2,0,0,0,0,0,0,0,"N",0.49,0,0,0,0,0,0,0,"N",0,0.0,0,0,0,0,0,0,0,0,0,0,0,0,0,0
"26155","5","518210","78","0","2023","1","",3,11,10,9,68966,46162,968,531,"",0.56,0.22,0.20,0.18,0.05,0.10,0.09,0.23,"N",2,200.0,0,0,0,0,0,0,0,0,0,0,0,0,0,0
"26157","5","518210","78","0","2023","1","N",2,0,0,0,0,0,0,0,"N",0.49,0,0,0,0,0,0,0,"N",0,0.0,0,0,0,0,0,0,0,0,0,0,0,0,0,0
"26159","5","518210","78","0","2023","1","N",3,0,0,0,0,0,0,0,"N",0.40,0,0,0,0,0,0,0,"N",0,0.0,0,0,0,0,0,0,0,0,0,0,0,0,0,0
"26161","5","518210","78","0","2023","1","",74,1144,1131,1102,42211261,10767653,249107,2885,"",1.63,1.64,1.62,1.60,1.48,2.07,1.97,0.91,"",7,10.4,29,2.6,27,2.4,-2,-0.2,5737646,15.7,270353,2.6,11094,4.7,352,13.9
"26163","5","518210","78","0","2023","1","",100,1122,1134,1120,24360351,10400141,363948,1665,"",0.58,0.48,0.49,0.49,0.23,0.38,0.43,0.47,"",5,5.3,486,76.4,526,86.5,521,87.0,9518119,64.1,4401528,73.4,187094,105.8,-193,-10.4
"26999","5","518210","78","0","2023","1","",1396,3916,3917,3879,159172206,37724007,909285,3136,"",5.91,7.55,7.57,7.52,4.81,4.47,4.11,0.64,"",235,20.2,656,20.1,559,16.6,415,12.0,39019822,32.5,5012287,15.3,89420,10.9,386,14.0
"27000","3","518210","58","0","2023","1","",7,808,809,810,19530189,0,0,1857,"",4.07,15.88,15.95,16.04,18.08,0.00,0.00,1.13,"",0,0.0,22,2.8,10,1.3,15,1.9,3202727,19.6,0,0.0,0,0.0,274,17.3
"27000","5","518210","58","0","2023","1","",1171,7000,6991,7018,321820850,189593433,1119689,3535,"",1.29,0.75,0.75,0.76,0.78,0.96,0.76,1.04,"",266,29.4,238,3.5,216,3.2,221,3.3,39349201,13.9,21007563,12.5,-84232,-7.0,329,10.3
"27003","5","518210","78","0","2023","1","",11,33,32,33,817051,686503,2063,1924,"",0.29,0.08,0.08,0.08,0.05,0.08,0.03,0.67,"",2,22.2,5,17.9,4,14.3,6,22.2,156115,23.6,162019,30.9,12,0.6,86,4.7
"27005","5","518210","78","0","2023","1","N",2,0,0,0,0,0,0,0,"N",0.40,0,0,0,0,0,0,0,"N",1,100.0,0,0,0,0,0,0,0,0,0,0,0,0,0,0
"27009","5","518210","78","0","2023","1","N",1,0,0,0,0,0,0,0,"N",0.22,0,0,0,0,0,0,0,"N",0,0.0,0,0,0,0,0,0,0,0,0,0,0,0,0,0
"27013","3","518210","78","0","2023","1","",2,25,25,25,509552,0,0,1568,"",113.26,35.35,35.24,35.43,47.17,0.00,0.00,1.33,"",0,0.0,4,19.0,4,19.0,6,31.6,142267,38.7,0,0.0,0,0.0,179,12.9
"27013","5","518210","78","0","2023","1","N",2,0,0,0,0,0,0,0,"N",0.21,0,0,0,0,0,0,0,"N",2,100.0,0,0,0,0,0,0,0,0,0,0,0,0,0,0
"27019","5","518210","78","0","2023","1","N",8,0,0,0,0,0,0,0,"N",0.64,0,0,0,0,0,0,0,"N",0,0.0,0,0,0,0,0,0,0,0,0,0,0,0,0,0
"27021","5","518210","78","0","2023","1","-",0,0,0,0,0,0,0,0,"N",0.00,0,0,0,0,0,0,0,"N",0,0,0,0,0,0,0,0,0,0,0,0,0,0,0,0
"27025","5","518210","78","0","2023","1","N",4,0,0,0,0,0,0,0,"N",0.67,0,0,0,0,0,0,0,"N",0,0.0,0,0,0,0,0,0,0,0,0,0,0,0,0,0
"27027","3","518210","78","0","2023","1","",1,21,20,20,350225,0,0,1325,"",80.28,61.14,57.64,58.07,70.05,0.00,0.00,1.19,"",0,0.0,1,5.0,-2,-9.1,-2,-9.1,26704,8.3,0,0.0,0,0.0,158,13.5
"27027","5","518210","78","0","2023","1","N",1,0,0,0,0,0,0,0,"N",0.15,0,0,0,0,0,0,0,"N",0,0.0,0,0,0,0,0,0,0,0,0,0,0,0,0,0
"27029","5","518210","78","0","2023","1","N",1,0,0,0,0,0,0,0,"N",0.97,0,0,0,0,0,0,0,"N",0,0.0,0,0,0,0,0,0,0,0,0,0,0,0,0,0
"27033","5","518210","78","0","2023","1","N",1,0,0,0,0,0,0,0,"N",0.51,0,0,0,0,0,0,0,"N",1,100.0,0,0,0,0,0,0,0,0,0,0,0,0,0,0
"27037","5","518210","78","0","2023","1","",36,270,262,262,6799823,5601755,28143,1976,"",0.70,0.45,0.44,0.44,0.27,0.41,0.24,0.60,"",3,9.1,-30,-10.0,-34,-11.5,-36,-12.1,-1080493,-13.7,-374305,-6.3,2515,9.8,-58,-2.9
"27041","5","518210","78","0","2023","1","N",1,0,0,0,0,0,0,0,"N",0.15,0,0,0,0,0,0,0,"N",0,0.0,0,0,0,0,0,0,0,0,0,0,0,0,0,0
"27047","5","518210","78","0","2023","1","N",2,0,0,0,0,0,0,0,"N",0.55,0,0,0,0,0,0,0,"N",-1,-33.3,0,0,0,0,0,0,0,0,0,0,0,0,0,0
"27053","3","518210","78","0","2023","1","",2,750,752,753,18445427,0,0,1888,"",5.41,46.42,46.81,47.10,42.07,0.00,0.00,0.90,"",0,0.0,51,7.3,41,5.8,44,6.2,3768307,25.7,0,0.0,0,0.0,290,18.1
"27053","5","518210","78","0","2023","1","",195,4014,3999,4010,217988138,113814192,587519,4184,"",1.00,1.36,1.36,1.38,1.31,1.45,1.08,0.96,"",9,4.8,26,0.7,2,0.1,-9,-0.2,40462364,22.8,10100689,9.7,-104155,-15.1,771,22.6
"27055","5","518210","78","0","2023","1","N",2,0,0,0,0,0,0,0,"N",1.00,0,0,0,0,0,0,0,"N",0,0.0,0,0,0,0,0,0,0,0,0,0,0,0,0,0
"27059","5","518210","78","0","2023","1","N",2,0,0,0,0,0,0,0,"N",0.48,0,0,0,0,0,0,0,"N",2,100.0,0,0,0,0,0,0,0,0,0,0,0,0,0,0
"27061","5","518210","78","0","2023","1","N",1,0,0,0,0,0,0,0,"N",0.18,0,0,0,0,0,0,0,"N",0,0.0,0,0,0,0,0,0,0,0,0,0,0,0,0,0
"27063","5","518210","78","0","2023","1","-",0,0,0,0,0,0,0,0,"N",0.00,0,0,0,0,0,0,0,"N",0,0,0,0,0,0,0,0,0,0,0,0,0,0,0,0
"27067","5","518210","78","0","2023","1","N",5,0,0,0,0,0,0,0,"N",0.78,0,0,0,0,0,0,0,"N",1,25.0,0,0,0,0,0,0,0,0,0,0,0,0,0,0
"27079","5","518210","78","0","2023","1","N",1,0,0,0,0,0,0,0,"N",0.29,0,0,0,0,0,0,0,"N",0,0.0,0,0,0,0,0,0,0,0,0,0,0,0,0,0
"27097","5","518210","78","0","2023","1","N",1,0,0,0,0,0,0,0,"N",0.21,0,0,0,0,0,0,0,"N",0,0.0,0,0,0,0,0,0,0,0,0,0,0,0,0,0
"27099","5","518210","78","0","2023","1","N",1,0,0,0,0,0,0,0,"N",0.26,0,0,0,0,0,0,0,"N",0,0.0,0,0,0,0,0,0,0,0,0,0,0,0,0,0
"27109","5","518210","78","0","2023","1","N",4,0,0,0,0,0,0,0,"N",0.23,0,0,0,0,0,0,0,"N",0,0.0,0,0,0,0,0,0,0,0,0,0,0,0,0,0
"27111","5","518210","78","0","2023","1","N",2,0,0,0,0,0,0,0,"N",0.24,0,0,0,0,0,0,0,"N",-1,-33.3,0,0,0,0,0,0,0,0,0,0,0,0,0,0
"27115","5","518210","78","0","2023","1","N",1,0,0,0,0,0,0,0,"N",0.32,0,0,0,0,0,0,0,"N",0,0.0,0,0,0,0,0,0,0,0,0,0,0,0,0,0
"27123","3","518210","78","0","2023","1","",1,0,0,0,0,0,0,0,"",7.84,0.00,0.00,0.00,0.00,0.00,0.00,0.00,"",0,0.0,-33,-100.0,-33,-100.0,-33,-100.0,-751843,-100.0,0,0.0,0,0.0,-1753,-100.0
"27123","5","518210","78","0","2023","1","",48,709,717,700,18130611,15235933,100143,1968,"",0.71,0.68,0.68,0.67,0.38,0.71,0.64,0.56,"",7,17.1,22,3.2,38,5.6,27,4.0,-769,0.0,873350,6.1,9306,10.2,-84,-4.1
"27129","5","518210","78","0","2023","1","N",1,0,0,0,0,0,0,0,"N",0.38,0,0,0,0,0,0,0,"N",1,100.0,0,0,0,0,0,0,0,0,0,0,0,0,0,0
"27131","5","518210","78","0","2023","1","N",1,0,0,0,0,0,0,0,"N",0.13,0,0,0,0,0,0,0,"N",0,0.0,0,0,0,0,0,0,0,0,0,0,0,0,0,0
"27137","3","518210","78","0","2023","1","",1,12,12,12,224985,0,0,1442,"",21.75,7.25,7.21,7.28,8.18,0.00,0.00,1.13,"",0,0.0,-1,-7.7,0,0.0,0,0.0,17292,8.3,0,0.0,0,0.0,147,11.4
"27137","5","518210","78","0","2023","1","N",7,0,0,0,0,0,0,0,"N",0.29,0,0,0,0,0,0,0,"N",0,0.0,0,0,0,0,0,0,0,0,0,0,0,0,0,0
"27139","5","518210","78","0","2023","1","N",12,0,0,0,0,0,0,0,"N",0.70,0,0,0,0,0,0,0,"N",1,9.1,0,0,0,0,0,0,0,0,0,0,0,0,0,0
"27141","5","518210","78","0","2023","1","N",2,0,0,0,0,0,0,0,"N",0.19,0,0,0,0,0,0,0,"N",0,0.0,0,0,0,0,0,0,0,0,0,0,0,0,0,0
"27145","5","518210","78","0","2023","1","",11,78,77,77,2048208,1867568,35630,2037,"",0.54,0.28,0.28,0.28,0.22,0.41,1.08,0.77,"",0,0.0,-22,-22.0,-20,-20.6,-18,-18.9,-543923,-21.0,-159757,-7.9,333,0.9,-12,-0.6
"27147","5","518210","78","0","2023","1","N",2,0,0,0,0,0,0,0,"N",0.40,0,0,0,0,0,0,0,"N",1,100.0,0,0,0,0,0,0,0,0,0,0,0,0,0,0
"27163","5","518210","78","0","2023","1","",13,62,68,69,1518683,1421895,3391,1761,"",0.43,0.21,0.23,0.23,0.14,0.25,0.07,0.63,"",4,44.4,-2,-3.1,8,13.3,10,16.9,78374,5.4,87440,6.6,-89,-2.6,-55,-3.0
"27169","5","518210","78","0","2023","1","N",4,0,0,0,0,0,0,0,"N",0.74,0,0,0,0,0,0,0,"N",0,0.0,0,0,0,0,0,0,0,0,0,0,0,0,0,0
"27171","5","518210","78","0","2023","1","",5,4,4,4,179899,109409,770,3460,"",0.30,0.03,0.03,0.03,0.04,0.04,0.03,1.47,"N",3,150.0,0,0,0,0,0,0,0,0,0,0,0,0,0,0
"27999","5","518210","78","0","2023","1","",780,1470,1477,1512,65258561,43695782,325532,3377,"",4.45,5.22,5.23,5.40,2.85,3.58,3.60,0.54,"",231,42.1,254,20.9,239,19.3,267,21.4,-707916,-1.1,9886044,29.2,17484,5.7,-738,-17.9
"28000","5","518210","58","0","2023","1","",260,1136,1120,1101,20772315,11561553,41240,1428,"",0.70,0.30,0.30,0.30,0.19,0.25,0.24,0.65,"",87,50.3,125,12.4,120,12.0,73,7.1,6308192,43.6,2881664,33.2,10851,35.7,330,30.1
"28027","5","518210","78","0","2023","1","N",2,0,0,0,0,0,0,0,"N",0.77,0,0,0,0,0,0,0,"N",0,0.0,0,0,0,0,0,0,0,0,0,0,0,0,0,0
"28033","5","518210","78","0","2023","1","N",1,0,0,0,0,0,0,0,"N",0.06,0,0,0,0,0,0,0,"N",0,0.0,0,0,0,0,0,0,0,0,0,0,0,0,0,0
"28035","5","518210","78","0","2023","1","N",1,0,0,0,0,0,0,0,"N",0.12,0,0,0,0,0,0,0,"N",0,0.0,0,0,0,0,0,0,0,0,0,0,0,0,0,0
"28045","5","518210","78","0","2023","1","N",2,0,0,0,0,0,0,0,"N",0.47,0,0,0,0,0,0,0,"N",1,100.0,0,0,0,0,0,0,0,0,0,0,0,0,0,0
"28047","5","518210","78","0","2023","1","N",3,0,0,0,0,0,0,0,"N",0.14,0,0,0,0,0,0,0,"N",-2,-40.0,0,0,0,0,0,0,0,0,0,0,0,0,0,0
"28049","5","518210","78","0","2023","1","N",5,0,0,0,0,0,0,0,"N",0.20,0,0,0,0,0,0,0,"N",1,25.0,0,0,0,0,0,0,0,0,0,0,0,0,0,0
"28059","5","518210","78","0","2023","1","N",1,0,0,0,0,0,0,0,"N",0.09,0,0,0,0,0,0,0,"N",0,0.0,0,0,0,0,0,0,0,0,0,0,0,0,0,0
"28081","5","518210","78","0","2023","1","N",1,0,0,0,0,0,0,0,"N",0.09,0,0,0,0,0,0,0,"N",0,0.0,0,0,0,0,0,0,0,0,0,0,0,0,0,0
"28083","5","518210","78","0","2023","1","N",1,0,0,0,0,0,0,0,"N",0.28,0,0,0,0,0,0,0,"N",0,0.0,0,0,0,0,0,0,0,0,0,0,0,0,0,0
"28087","5","518210","78","0","2023","1","N",2,0,0,0,0,0,0,0,"N",0.30,0,0,0,0,0,0,0,"N",1,100.0,0,0,0,0,0,0,0,0,0,0,0,0,0,0
"28089","5","518210","78","0","2023","1","",6,105,105,108,2549196,1306702,2632,1850,"",0.36,0.53,0.54,0.56,0.42,0.43,0.24,0.77,"",-1,-14.3,-43,-29.1,-9,-7.9,-2,-1.8,681028,36.5,87073,7.1,-234,-8.2,691,59.6
"28091","5","518210","78","0","2023","1","N",2,0,0,0,0,0,0,0,"N",0.77,0,0,0,0,0,0,0,"N",0,0.0,0,0,0,0,0,0,0,0,0,0,0,0,0,0
"28093","5","518210","78","0","2023","1","N",1,0,0,0,0,0,0,0,"N",0.44,0,0,0,0,0,0,0,"N",0,0.0,0,0,0,0,0,0,0,0,0,0,0,0,0,0
"28105","5","518210","78","0","2023","1","N",2,0,0,0,0,0,0,0,"N",0.43,0,0,0,0,0,0,0,"N",1,100.0,0,0,0,0,0,0,0,0,0,0,0,0,0,0
"28113","5","518210","78","0","2023","1","",4,11,10,10,163455,142462,75,1217,"",0.90,0.23,0.21,0.21,0.15,0.28,0.05,0.68,"",1,33.3,3,37.5,2,25.0,0,0.0,39475,31.8,36217,34.1,-609,-89.0,117,10.6
"28121","5","518210","78","0","2023","1","N",4,0,0,0,0,0,0,0,"N",0.21,0,0,0,0,0,0,0,"N",1,33.3,0,0,0,0,0,0,0,0,0,0,0,0,0,0
"28999","5","518210","78","0","2023","1","",222,421,407,381,8305816,4122725,24612,1585,"",2.81,2.28,2.19,2.09,1.12,1.19,1.27,0.51,"",85,62.0,218,107.4,175,75.4,139,57.4,3485657,72.3,1798873,77.4,4500,22.4,-58,-3.5
"29000","3","518210","58","0","2023","1","-",0,0,0,0,0,0,0,0,"N",0.00,0,0,0,0,0,0,0,"N",-1,-100.0,0,0,0,0,0,0,0,0,0,0,0,0,0,0
"29000","5","518210","58","0","2023","1","",1223,14435,14550,14609,727419785,142888258,1364702,3851,"",1.17,1.56,1.57,1.58,2.12,1.31,1.18,1.35,"",110,9.9,1641,12.8,1596,12.3,1588,12.2,126538661,21.1,12379612,9.5,106228,8.4,274,7.7
"29019","5","518210","78","0","2023","1","",10,6,5,5,156324,59981,1205,2255,"",0.45,0.02,0.02,0.02,0.02,0.02,0.04,0.91,"",1,11.1,2,50.0,1,25.0,1,25.0,79860,104.4,19899,49.6,535,79.9,785,53.4
"29021","5","518210","78","0","2023","1","N",2,0,0,0,0,0,0,0,"N",0.18,0,0,0,0,0,0,0,"N",0,0.0,0,0,0,0,0,0,0,0,0,0,0,0,0,0
"29023","5","518210","78","0","2023","1","N",1,0,0,0,0,0,0,0,"N",0.15,0,0,0,0,0,0,0,"N",-1,-50.0,0,0,0,0,0,0,0,0,0,0,0,0,0,0
"29025","5","518210","78","0","2023","1","N",1,0,0,0,0,0,0,0,"N",1.01,0,0,0,0,0,0,0,"N",0,0.0,0,0,0,0,0,0,0,0,0,0,0,0,0,0
"29029","5","518210","78","0","2023","1","",5,21,20,20,239320,183279,2147,905,"",0.66,0.40,0.38,0.37,0.18,0.33,0.32,0.47,"",2,66.7,4,23.5,3,17.6,3,17.6,21086,9.7,24488,15.4,730,51.5,-82,-8.3
"29031","5","518210","78","0","2023","1","",3,9,9,9,134464,74206,1217,1149,"",0.24,0.07,0.07,0.07,0.03,0.06,0.11,0.50,"N",2,200.0,0,0,0,0,0,0,0,0,0,0,0,0,0,0
"29037","5","518210","78","0","2023","1","",5,13,14,15,326567,140901,3093,1794,"",0.46,0.14,0.15,0.16,0.13,0.13,0.24,0.88,"",1,25.0,4,44.4,5,55.6,6,66.7,161993,98.4,65110,85.9,2569,490.3,387,27.5
"29043","5","518210","78","0","2023","1","N",1,0,0,0,0,0,0,0,"N",0.10,0,0,0,0,0,0,0,"N",0,0.0,0,0,0,0,0,0,0,0,0,0,0,0,0,0
"29047","5","518210","78","0","2023","1","",20,106,108,109,2627415,1109201,17369,1877,"",0.70,0.30,0.31,0.31,0.20,0.25,0.25,0.67,"",2,11.1,19,21.8,17,18.7,15,16.0,495787,23.3,159037,16.7,6726,63.2,68,3.8
"29051","5","518210","78","0","2023","1","",11,439,441,450,6449532,4244166,50844,1119,"",1.01,2.55,2.56,2.62,1.24,2.92,3.27,0.48,"",1,10.0,6,1.4,-2,-0.5,4,0.9,1152704,21.8,339815,8.7,3863,8.2,194,21.0
"29053","5","518210","78","0","2023","1","N",1,0,0,0,0,0,0,0,"N",0.47,0,0,0,0,0,0,0,"N",0,0.0,0,0,0,0,0,0,0,0,0,0,0,0,0,0
"29061","5","518210","78","0","2023","1","N",1,0,0,0,0,0,0,0,"N",0.85,0,0,0,0,0,0,0,"N",0,0.0,0,0,0,0,0,0,0,0,0,0,0,0,0,0
"29067","5","518210","78","0","2023","1","N",1,0,0,0,0,0,0,0,"N",0.88,0,0,0,0,0,0,0,"N",1,100.0,0,0,0,0,0,0,0,0,0,0,0,0,0,0
"29069","5","518210","78","0","2023","1","N",1,0,0,0,0,0,0,0,"N",0.14,0,0,0,0,0,0,0,"N",0,0.0,0,0,0,0,0,0,0,0,0,0,0,0,0,0
"29071","5","518210","78","0","2023","1","",4,4,4,4,158466,37500,884,3047,"",0.30,0.03,0.03,0.03,0.04,0.02,0.07,1.38,"N",2,100.0,0,0,0,0,0,0,0,0,0,0,0,0,0,0
"29075","5","518210","78","0","2023","1","N",1,0,0,0,0,0,0,0,"N",0.99,0,0,0,0,0,0,0,"N",0,0.0,0,0,0,0,0,0,0,0,0,0,0,0,0,0
"29077","5","518210","78","0","2023","1","",19,449,452,440,7234103,4327755,42640,1245,"",0.42,0.79,0.79,0.77,0.40,0.69,0.80,0.51,"",1,5.6,-91,-16.9,-78,-14.7,-76,-14.7,981474,15.7,-14182,-0.3,-8845,-17.2,335,36.8
"29079","5","518210","78","0","2023","1","N",1,0,0,0,0,0,0,0,"N",0.81,0,0,0,0,0,0,0,"N",0,0.0,0,0,0,0,0,0,0,0,0,0,0,0,0,0
"29095","5","518210","78","0","2023","1","",59,2310,2334,2359,44485987,22824359,101167,1466,"",0.55,1.93,1.96,1.98,0.91,1.58,0.67,0.47,"",-1,-1.7,572,32.9,573,32.5,599,34.0,1566158,3.6,4804244,26.7,-490,-0.5,-417,-22.1
"29097","5","518210","78","0","2023","1","N",3,0,0,0,0,0,0,0,"N",0.20,0,0,0,0,0,0,0,"N",2,200.0,0,0,0,0,0,0,0,0,0,0,0,0,0,0
"29099","5","518210","78","0","2023","1","",9,23,23,23,567417,228565,5208,1898,"",0.45,0.15,0.15,0.15,0.13,0.14,0.31,0.92,"",2,28.6,10,76.9,10,76.9,16,228.6,449009,379.2,132148,137.1,3325,176.6,1070,129.2
"29101","5","518210","78","0","2023","1","N",2,0,0,0,0,0,0,0,"N",0.36,0,0,0,0,0,0,0,"N",1,100.0,0,0,0,0,0,0,0,0,0,0,0,0,0,0
"29105","5","518210","78","0","2023","1","N",1,0,0,0,0,0,0,0,"N",0.27,0,0,0,0,0,0,0,"N",0,0.0,0,0,0,0,0,0,0,0,0,0,0,0,0,0
"29113","5","518210","78","0","2023","1","N",1,0,0,0,0,0,0,0,"N",0.20,0,0,0,0,0,0,0,"N",0,0.0,0,0,0,0,0,0,0,0,0,0,0,0,0,0
"29119","5","518210","78","0","2023","1","N",1,0,0,0,0,0,0,0,"N",0.52,0,0,0,0,0,0,0,"N",0,0.0,0,0,0,0,0,0,0,0,0,0,0,0,0,0
"29121","5","518210","78","0","2023","1","N",1,0,0,0,0,0,0,0,"N",0.55,0,0,0,0,0,0,0,"N",0,0.0,0,0,0,0,0,0,0,0,0,0,0,0,0,0
"29127","5","518210","78","0","2023","1","N",1,0,0,0,0,0,0,0,"N",0.24,0,0,0,0,0,0,0,"N",1,100.0,0,0,0,0,0,0,0,0,0,0,0,0,0,0
"29133","5","518210","78","0","2023","1","N",1,0,0,0,0,0,0,0,"N",0.55,0,0,0,0,0,0,0,"N",0,0.0,0,0,0,0,0,0,0,0,0,0,0,0,0,0
"29139","5","518210","78","0","2023","1","N",1,0,0,0,0,0,0,0,"N",0.71,0,0,0,0,0,0,0,"N",0,0.0,0,0,0,0,0,0,0,0,0,0,0,0,0,0
"29141","5","518210","78","0","2023","1","N",3,0,0,0,0,0,0,0,"N",1.14,0,0,0,0,0,0,0,"N",0,0.0,0,0,0,0,0,0,0,0,0,0,0,0,0,0
"29159","5","518210","78","0","2023","1","N",1,0,0,0,0,0,0,0,"N",0.17,0,0,0,0,0,0,0,"N",-1,-50.0,0,0,0,0,0,0,0,0,0,0,0,0,0,0
"29161","5","518210","78","0","2023","1","N",1,0,0,0,0,0,0,0,"N",0.18,0,0,0,0,0,0,0,"N",1,100.0,0,0,0,0,0,0,0,0,0,0,0,0,0,0
"29165","5","518210","78","0","2023","1","",9,358,358,361,13139375,3488203,44826,2815,"",0.67,2.36,2.36,2.39,2.36,1.76,1.71,0.99,"",-1,-10.0,44,14.0,37,11.5,43,13.5,3411208,35.1,243107,7.5,1733,4.0,459,19.5
"29167","5","518210","78","0","2023","1","N",2,0,0,0,0,0,0,0,"N",0.59,0,0,0,0,0,0,0,"N",1,100.0,0,0,0,0,0,0,0,0,0,0,0,0,0,0
"29169","5","518210","78","0","2023","1","N",1,0,0,0,0,0,0,0,"N",0.26,0,0,0,0,0,0,0,"N",0,0.0,0,0,0,0,0,0,0,0,0,0,0,0,0,0
"29177","5","518210","78","0","2023","1","N",1,0,0,0,0,0,0,0,"N",0.49,0,0,0,0,0,0,0,"N",1,100.0,0,0,0,0,0,0,0,0,0,0,0,0,0,0
"29183","5","518210","78","0","2023","1","",33,4584,4632,4660,368171965,50000233,400901,6123,"",0.70,9.02,9.03,9.09,19.62,7.89,4.77,2.17,"",7,26.9,723,18.7,709,18.1,679,17.1,61707094,20.1,5027441,11.2,43906,12.3,112,1.9
"29187","5","518210","78","0","2023","1","N",1,0,0,0,0,0,0,0,"N",0.13,0,0,0,0,0,0,0,"N",0,0.0,0,0,0,0,0,0,0,0,0,0,0,0,0,0
"29189","5","518210","78","0","2023","1","",103,3696,3714,3728,202333036,32055104,250633,4192,"",0.53,1.91,1.93,1.95,2.27,1.26,1.02,1.18,"",-4,-3.7,18,0.5,9,0.2,-1,0.0,36734043,22.2,-730601,-2.2,-14283,-5.4,753,21.9
"29207","5","518210","78","0","2023","1","N",1,0,0,0,0,0,0,0,"N",0.26,0,0,0,0,0,0,0,"N",0,0.0,0,0,0,0,0,0,0,0,0,0,0,0,0,0
"29209","5","518210","78","0","2023","1","N",1,0,0,0,0,0,0,0,"N",0.27,0,0,0,0,0,0,0,"N",0,0.0,0,0,0,0,0,0,0,0,0,0,0,0,0,0
"29213","5","518210","78","0","2023","1","N",2,0,0,0,0,0,0,0,"N",0.22,0,0,0,0,0,0,0,"N",-1,-33.3,0,0,0,0,0,0,0,0,0,0,0,0,0,0
"29510","3","518210","78","0","2023","1","-",0,0,0,0,0,0,0,0,"N",0.00,0,0,0,0,0,0,0,"N",-1,-100.0,0,0,0,0,0,0,0,0,0,0,0,0,0,0
"29510","5","518210","78","0","2023","1","",32,277,286,291,6509222,2335639,28258,1759,"",0.47,0.38,0.39,0.40,0.19,0.31,0.38,0.47,"",1,3.2,15,5.7,28,10.9,44,17.8,707098,12.2,79326,3.5,2418,9.4,13,0.7
"29999","5","518210","78","0","2023","1","",864,1974,1986,1971,71779918,20319821,403824,2793,"",5.43,4.77,4.77,4.76,3.02,2.80,3.68,0.63,"",92,11.9,332,20.2,304,18.1,278,16.4,18618450,35.0,2404481,13.4,65745,19.4,348,14.2
"30000","5","518210","58","0","2023","1","",202,454,461,461,14211138,10376443,116540,2383,"",0.72,0.28,0.29,0.29,0.27,0.35,0.35,0.95,"",46,29.5,21,4.8,30,7.0,36,8.5,2683744,23.3,1471031,16.5,10391,9.8,319,15.5
"30009","5","518210","78","0","2023","1","N",1,0,0,0,0,0,0,0,"N",0.39,0,0,0,0,0,0,0,"N",0,0.0,0,0,0,0,0,0,0,0,0,0,0,0,0,0
"30013","5","518210","78","0","2023","1","N",5,0,0,0,0,0,0,0,"N",0.37,0,0,0,0,0,0,0,"N",2,66.7,0,0,0,0,0,0,0,0,0,0,0,0,0,0
"30021","5","518210","78","0","2023","1","N",1,0,0,0,0,0,0,0,"N",0.54,0,0,0,0,0,0,0,"N",1,100.0,0,0,0,0,0,0,0,0,0,0,0,0,0,0
"30025","5","518210","78","0","2023","1","N",2,0,0,0,0,0,0,0,"N",2.44,0,0,0,0,0,0,0,"N",1,100.0,0,0,0,0,0,0,0,0,0,0,0,0,0,0
"30029","5","518210","78","0","2023","1","",22,22,24,22,1469267,706188,8910,4986,"",0.75,0.14,0.15,0.14,0.30,0.26,0.26,2.07,"",7,46.7,8,57.1,9,60.0,5,29.4,838881,133.1,175903,33.2,2015,29.2,1824,57.7
"30031","5","518210","78","0","2023","1","",35,88,88,85,2739578,2145642,29677,2422,"",0.86,0.39,0.39,0.38,0.35,0.44,0.54,0.91,"",11,45.8,7,8.6,7,8.6,5,6.2,781802,39.9,459597,27.3,5142,21.0,555,29.7
"30043","5","518210","78","0","2023","1","N",2,0,0,0,0,0,0,0,"N",0.98,0,0,0,0,0,0,0,"N",0,0.0,0,0,0,0,0,0,0,0,0,0,0,0,0,0
"30047","5","518210","78","0","2023","1","N",1,0,0,0,0,0,0,0,"N",0.18,0,0,0,0,0,0,0,"N",0,0.0,0,0,0,0,0,0,0,0,0,0,0,0,0,0
"30049","5","518210","78","0","2023","1","",10,98,100,100,1657539,1506484,10083,1284,"",0.63,0.78,0.80,0.80,0.39,0.64,0.46,0.49,"",2,25.0,-6,-5.8,1,1.0,1,1.0,-54150,-3.2,-14722,-1.0,-4812,-32.3,-24,-1.8
"30053","5","518210","78","0","2023","1","N",2,0,0,0,0,0,0,0,"N",0.49,0,0,0,0,0,0,0,"N",2,100.0,0,0,0,0,0,0,0,0,0,0,0,0,0,0
"30061","5","518210","78","0","2023","1","N",2,0,0,0,0,0,0,0,"N",2.38,0,0,0,0,0,0,0,"N",1,100.0,0,0,0,0,0,0,0,0,0,0,0,0,0,0
"30063","5","518210","78","0","2023","1","",17,24,24,23,617500,474515,6083,2007,"",0.58,0.12,0.12,0.11,0.09,0.12,0.15,0.82,"",4,30.8,-3,-11.1,-4,-14.3,-6,-20.7,144514,30.6,95258,25.1,172,2.9,708,54.5
"30067","5","518210","78","0","2023","1","N",1,0,0,0,0,0,0,0,"N",0.18,0,0,0,0,0,0,0,"N",0,0.0,0,0,0,0,0,0,0,0,0,0,0,0,0,0
"30081","5","518210","78","0","2023","1","",7,13,13,13,292597,264860,3157,1731,"",0.69,0.31,0.30,0.30,0.24,0.41,0.39,0.79,"",2,40.0,0,0.0,1,8.3,1,8.3,91260,45.3,75796,40.1,1350,74.7,475,37.8
"30083","5","518210","78","0","2023","1","N",1,0,0,0,0,0,0,0,"N",0.35,0,0,0,0,0,0,0,"N",1,100.0,0,0,0,0,0,0,0,0,0,0,0,0,0,0
"30085","5","518210","78","0","2023","1","N",1,0,0,0,0,0,0,0,"N",0.78,0,0,0,0,0,0,0,"N",1,100.0,0,0,0,0,0,0,0,0,0,0,0,0,0,0
"30087","5","518210","78","0","2023","1","N",1,0,0,0,0,0,0,0,"N",0.87,0,0,0,0,0,0,0,"N",1,100.0,0,0,0,0,0,0,0,0,0,0,0,0,0,0
"30093","5","518210","78","0","2023","1","N",2,0,0,0,0,0,0,0,"N",0.31,0,0,0,0,0,0,0,"N",1,100.0,0,0,0,0,0,0,0,0,0,0,0,0,0,0
"30097","5","518210","78","0","2023","1","N",1,0,0,0,0,0,0,0,"N",0.87,0,0,0,0,0,0,0,"N",0,0.0,0,0,0,0,0,0,0,0,0,0,0,0,0,0
"30111","5","518210","78","0","2023","1","N",15,0,0,0,0,0,0,0,"N",0.45,0,0,0,0,0,0,0,"N",6,66.7,0,0,0,0,0,0,0,0,0,0,0,0,0,0
"30999","5","518210","78","0","2023","1","",73,123,125,133,4930457,3344259,38006,2986,"",2.27,2.78,2.83,3.04,1.84,2.12,1.72,0.64,"",3,4.3,-18,-12.8,-17,-12.0,-4,-2.9,-228474,-4.4,-178692,-5.1,-4149,-9.8,151,5.3
"31000","5","518210","58","0","2023","1","",345,2228,2210,2205,66972590,20737314,147320,2327,"",1.05,0.69,0.69,0.69,0.59,0.60,0.69,0.86,"",-16,-4.4,-133,-5.6,-145,-6.2,-218,-9.0,-6562727,-8.9,-787034,-3.7,21877,17.4,-50,-2.1
"31019","5","518210","78","0","2023","1","N",3,0,0,0,0,0,0,0,"N",0.36,0,0,0,0,0,0,0,"N",1,50.0,0,0,0,0,0,0,0,0,0,0,0,0,0,0
"31025","5","518210","78","0","2023","1","N",1,0,0,0,0,0,0,0,"N",0.33,0,0,0,0,0,0,0,"N",0,0.0,0,0,0,0,0,0,0,0,0,0,0,0,0,0
"31031","5","518210","78","0","2023","1","N",1,0,0,0,0,0,0,0,"N",0.76,0,0,0,0,0,0,0,"N",0,0.0,0,0,0,0,0,0,0,0,0,0,0,0,0,0
"31049","5","518210","78","0","2023","1","N",1,0,0,0,0,0,0,0,"N",2.83,0,0,0,0,0,0,0,"N",0,0.0,0,0,0,0,0,0,0,0,0,0,0,0,0,0
"31055","5","518210","78","0","2023","1","",79,1306,1293,1302,44357767,12518781,64198,2624,"",0.96,1.19,1.18,1.20,1.00,1.04,0.87,0.84,"",-10,-11.2,-135,-9.4,-125,-8.8,-102,-7.3,-7134377,-13.9,-855663,-6.4,1827,2.9,-163,-5.8
"31109","5","518210","78","0","2023","1","",39,304,303,302,6941776,2636248,16076,1762,"",0.89,0.55,0.54,0.54,0.38,0.48,0.60,0.69,"",-3,-7.1,41,15.6,36,13.5,3,1.0,344724,5.2,258326,10.9,-2410,-13.0,-74,-4.0
"31111","5","518210","78","0","2023","1","N",1,0,0,0,0,0,0,0,"N",0.20,0,0,0,0,0,0,0,"N",0,0.0,0,0,0,0,0,0,0,0,0,0,0,0,0,0
"31119","5","518210","78","0","2023","1","N",1,0,0,0,0,0,0,0,"N",0.17,0,0,0,0,0,0,0,"N",1,100.0,0,0,0,0,0,0,0,0,0,0,0,0,0,0
"31121","5","518210","78","0","2023","1","N",1,0,0,0,0,0,0,0,"N",0.83,0,0,0,0,0,0,0,"N",1,100.0,0,0,0,0,0,0,0,0,0,0,0,0,0,0
"31139","5","518210","78","0","2023","1","N",1,0,0,0,0,0,0,0,"N",0.95,0,0,0,0,0,0,0,"N",0,0.0,0,0,0,0,0,0,0,0,0,0,0,0,0,0
"31145","5","518210","78","0","2023","1","N",1,0,0,0,0,0,0,0,"N",0.52,0,0,0,0,0,0,0,"N",0,0.0,0,0,0,0,0,0,0,0,0,0,0,0,0,0
"31153","5","518210","78","0","2023","1","",18,116,115,112,2953550,948211,7055,1987,"",0.92,0.47,0.47,0.46,0.34,0.33,0.37,0.73,"",2,12.5,7,6.4,6,5.5,1,0.9,191354,6.9,58388,6.6,1581,28.9,50,2.6
"31157","5","518210","78","0","2023","1","N",2,0,0,0,0,0,0,0,"N",0.36,0,0,0,0,0,0,0,"N",0,0.0,0,0,0,0,0,0,0,0,0,0,0,0,0,0
"31173","5","518210","78","0","2023","1","N",1,0,0,0,0,0,0,0,"N",1.44,0,0,0,0,0,0,0,"N",0,0.0,0,0,0,0,0,0,0,0,0,0,0,0,0,0
"31177","5","518210","78","0","2023","1","N",1,0,0,0,0,0,0,0,"N",0.33,0,0,0,0,0,0,0,"N",-2,-66.7,0,0,0,0,0,0,0,0,0,0,0,0,0,0
"31185","5","518210","78","0","2023","1","N",1,0,0,0,0,0,0,0,"N",0.36,0,0,0,0,0,0,0,"N",0,0.0,0,0,0,0,0,0,0,0,0,0,0,0,0,0
"31999","5","518210","78","0","2023","1","",193,357,355,345,10470924,3429563,59128,2286,"",3.96,3.00,2.93,2.84,1.47,1.73,2.77,0.50,"",0,0.0,-23,-6.1,-39,-9.9,-93,-21.2,447140,4.5,-27837,-0.8,22121,59.8,377,19.7
"32000","5","518210","58","0","2023","1","",384,3266,3235,3200,108004067,72321671,1272655,2569,"",0.83,0.67,0.66,0.66,0.59,0.68,0.72,0.88,"",18,4.9,303,10.2,231,7.7,149,4.9,-16666897,-13.4,10095885,16.2,111220,9.6,-621,-19.5
"32001","5","518210","78","0","2023","1","N",3,0,0,0,0,0,0,0,"N",1.08,0,0,0,0,0,0,0,"N",1,50.0,0,0,0,0,0,0,0,0,0,0,0,0,0,0
"32003","5","518210","78","0","2023","1","",280,2067,2055,2041,68564001,46034181,852453,2567,"",0.98,0.58,0.58,0.58,0.53,0.60,0.67,0.90,"",12,4.5,187,9.9,157,8.3,115,6.0,-5920715,-7.9,7267512,18.7,132641,18.4,-446,-14.8
"32005","5","518210","78","0","2023","1","",11,31,31,30,944957,663001,13503,2370,"",1.23,0.49,0.49,0.48,0.40,0.49,0.63,0.82,"",2,22.2,11,55.0,10,47.6,9,42.9,-4488,-0.5,280279,73.2,6192,84.7,-1164,-32.9
"32007","5","518210","78","0","2023","1","N",2,0,0,0,0,0,0,0,"N",0.32,0,0,0,0,0,0,0,"N",0,0.0,0,0,0,0,0,0,0,0,0,0,0,0,0,0
"32019","5","518210","78","0","2023","1","N",2,0,0,0,0,0,0,0,"N",0.41,0,0,0,0,0,0,0,"N",-1,-33.3,0,0,0,0,0,0,0,0,0,0,0,0,0,0
"32029","5","518210","78","0","2023","1","",3,103,102,104,3965132,1619865,28075,2961,"",2.84,1.66,1.64,1.67,1.49,0.85,0.77,0.90,"",-2,-40.0,-269,-72.3,-277,-73.1,-273,-72.4,-8900949,-69.2,-6276718,-79.5,-88642,-75.9,329,12.5
"32031","5","518210","78","0","2023","1","",63,885,878,865,27079337,20544952,330945,2378,"",0.85,1.16,1.15,1.14,0.93,1.28,1.27,0.81,"",4,6.8,341,62.7,321,57.6,288,49.9,6241811,30.0,8153126,65.8,70673,27.2,-488,-17.0
"32510","5","518210","78","0","2023","1","",5,15,17,17,322598,322581,5118,1519,"",0.54,0.15,0.17,0.17,0.09,0.22,0.22,0.53,"N",1,25.0,0,0,0,0,0,0,0,0,0,0,0,0,0,0
"32999","5","518210","78","0","2023","1","",15,70,69,69,6045804,2127487,21542,6708,"",0.24,0.84,0.81,0.80,1.18,0.70,0.32,1.45,"",1,7.1,15,27.3,13,23.2,12,21.1,-8288903,-57.8,486195,29.6,-18099,-45.7,-12983,-65.9
"33000","5","518210","58","0","2023","1","",372,1771,1774,1777,81580544,23016280,317799,3537,"",1.35,0.80,0.81,0.82,0.84,0.71,0.98,1.04,"",105,39.3,306,20.9,295,19.9,306,20.8,25891442,46.5,5041692,28.0,-43267,-12.0,626,21.5
"33001","5","518210","78","0","2023","1","N",2,0,0,0,0,0,0,0,"N",0.21,0,0,0,0,0,0,0,"N",-2,-50.0,0,0,0,0,0,0,0,0,0,0,0,0,0,0
"33003","5","518210","78","0","2023","1","N",1,0,0,0,0,0,0,0,"N",0.11,0,0,0,0,0,0,0,"N",0,0.0,0,0,0,0,0,0,0,0,0,0,0,0,0,0
"33005","5","518210","78","0","2023","1","N",3,0,0,0,0,0,0,0,"N",0.31,0,0,0,0,0,0,0,"N",2,200.0,0,0,0,0,0,0,0,0,0,0,0,0,0,0
"33007","5","518210","78","0","2023","1","N",1,0,0,0,0,0,0,0,"N",0.23,0,0,0,0,0,0,0,"N",0,0.0,0,0,0,0,0,0,0,0,0,0,0,0,0,0
"33009","5","518210","78","0","2023","1","",4,52,51,52,1508191,678735,3798,2245,"",0.27,0.30,0.29,0.30,0.21,0.39,0.29,0.72,"",-2,-33.3,-8,-13.3,-8,-13.6,-3,-5.5,-3566,-0.2,-56133,-7.6,-11736,-75.6,240,12.0
"33011","5","518210","78","0","2023","1","",32,349,341,345,14316571,4617628,50512,3192,"",0.58,0.53,0.52,0.53,0.48,0.47,0.52,0.90,"",0,0.0,-12,-3.3,-17,-4.7,-3,-0.9,1606037,12.6,128630,2.9,-26229,-34.2,443,16.1
"33013","5","518210","78","0","2023","1","",10,27,27,29,1726672,394609,4934,4801,"",0.42,0.11,0.11,0.12,0.19,0.13,0.18,1.67,"",1,11.1,4,17.4,3,12.5,5,20.8,302942,21.3,33844,9.4,-1944,-28.3,173,3.7
"33015","5","518210","78","0","2023","1","",32,355,360,344,10238445,3911155,43493,2231,"",0.63,0.72,0.74,0.71,0.48,0.49,0.56,0.67,"",2,6.7,64,22.0,66,22.4,56,19.4,2897834,39.5,921671,30.8,-8315,-16.0,291,15.0
"33017","5","518210","78","0","2023","1","N",7,0,0,0,0,0,0,0,"N",0.51,0,0,0,0,0,0,0,"N",3,75.0,0,0,0,0,0,0,0,0,0,0,0,0,0,0
"33019","5","518210","78","0","2023","1","",4,4,4,3,135521,59801,1107,2843,"",0.80,0.09,0.09,0.07,0.10,0.10,0.23,1.14,"N",2,100.0,0,0,0,0,0,0,0,0,0,0,0,0,0,0
"33999","5","518210","78","0","2023","1","",276,697,705,719,49385001,9937784,194122,5373,"",3.44,4.80,4.85,4.98,3.62,2.83,3.60,0.74,"",99,55.9,247,54.9,244,52.9,245,51.7,19911151,67.6,3348003,50.8,38712,24.9,462,9.4
"34000","5","518210","58","0","2023","1","",1025,14328,14285,14135,741907592,447856117,7376315,4005,"",0.75,1.06,1.06,1.05,1.06,1.36,1.24,1.01,"",18,1.8,1854,14.9,1540,12.1,1132,8.7,89897887,13.8,78931316,21.4,1509481,25.7,68,1.7
"34001","5","518210","78","0","2023","1","N",6,0,0,0,0,0,0,0,"N",0.20,0,0,0,0,0,0,0,"N",-1,-14.3,0,0,0,0,0,0,0,0,0,0,0,0,0,0
"34003","5","518210","78","0","2023","1","",95,2279,2269,2260,128044421,71715662,680704,4340,"",0.62,1.61,1.62,1.62,1.89,2.08,1.14,1.17,"",3,3.3,-11,-0.5,-16,-0.7,-14,-0.6,-10071404,-7.3,5300218,8.0,95504,16.3,-314,-6.7
"34005","5","518210","78","0","2023","1","",29,145,148,153,2754959,2228063,33240,1425,"",0.55,0.22,0.22,0.23,0.10,0.15,0.13,0.44,"",-1,-3.3,8,5.8,14,10.4,23,17.7,447152,19.4,256984,13.0,14148,74.1,97,7.3
"34007","5","518210","78","0","2023","1","",21,77,69,69,2285475,1714009,23024,2453,"",0.36,0.12,0.11,0.11,0.09,0.14,0.10,0.81,"",-4,-16.0,-15,-16.3,-25,-26.6,-25,-26.6,-1665860,-42.2,-982863,-36.4,-9844,-30.0,-804,-24.7
"34009","5","518210","78","0","2023","1","",4,9,10,10,318853,262396,3778,2537,"",0.24,0.08,0.09,0.09,0.10,0.16,0.10,1.14,"",1,33.3,4,80.0,5,100.0,5,100.0,41789,15.1,56771,27.6,1067,39.4,-1726,-40.5
"34011","5","518210","78","0","2023","1","N",4,0,0,0,0,0,0,0,"N",0.26,0,0,0,0,0,0,0,"N",2,100.0,0,0,0,0,0,0,0,0,0,0,0,0,0,0
"34013","5","518210","78","0","2023","1","",49,2293,2319,2347,101863117,67151053,628410,3378,"",0.49,2.09,2.11,2.14,1.74,2.70,1.52,0.82,"",-4,-7.5,1290,128.6,1227,112.4,1155,96.9,54985352,117.3,40456482,151.6,449593,251.4,87,2.6
"34015","5","518210","78","0","2023","1","",9,63,61,59,1226701,1062326,18898,1547,"",0.29,0.16,0.15,0.15,0.09,0.15,0.14,0.61,"",0,0.0,-5,-7.4,-5,-7.6,-3,-4.8,-27766,-2.2,-33519,-3.1,-14223,-42.9,70,4.7
"34017","5","518210","78","0","2023","1","",66,2187,2204,2283,118290624,74782862,1150093,4090,"",0.83,2.46,2.48,2.59,2.10,2.94,2.59,0.84,"",7,11.9,300,15.9,264,13.6,214,10.3,15682934,15.3,11829129,18.8,197725,20.8,74,1.8
"34019","5","518210","78","0","2023","1","",8,24,24,24,740243,660166,10892,2373,"",0.46,0.16,0.17,0.16,0.11,0.19,0.19,0.65,"",1,14.3,-5,-17.2,-6,-20.0,-4,-14.3,-58576,-7.3,11050,1.7,-48,-0.4,254,12.0
"34021","5","518210","78","0","2023","1","",29,370,366,411,16439410,10176873,223873,3308,"",0.59,0.44,0.43,0.49,0.32,0.60,0.82,0.71,"",-2,-6.5,0,0.0,0,0.0,53,14.8,1096199,7.1,611109,6.4,44035,24.5,71,2.2
"34023","5","518210","78","0","2023","1","",63,832,845,836,37684033,25732835,416687,3461,"",0.59,0.59,0.61,0.60,0.54,0.76,0.70,0.90,"",-2,-3.1,-498,-37.4,-476,-36.0,-492,-37.0,-30111903,-44.4,-14084166,-35.4,-267301,-39.1,-471,-12.0
"34025","5","518210","78","0","2023","1","",40,730,708,706,23140958,18243829,319716,2491,"",0.43,0.86,0.84,0.83,0.67,1.04,0.99,0.79,"",5,14.3,-47,-6.0,-62,-8.1,-58,-7.6,-4002677,-14.7,-2106221,-10.3,-63731,-16.6,-219,-8.1
"34027","5","518210","78","0","2023","1","",29,222,222,228,10683954,7352944,144203,3669,"",0.38,0.23,0.23,0.24,0.16,0.26,0.29,0.70,"",-2,-6.5,-305,-57.9,-299,-57.4,-293,-56.2,-28271082,-72.6,-11161948,-60.3,-162851,-53.0,-2061,-36.0
"34029","5","518210","78","0","2023","1","",27,115,115,120,2690812,2148771,48519,1774,"",0.41,0.20,0.20,0.21,0.14,0.22,0.26,0.71,"",3,12.5,-13,-10.2,-7,-5.7,-8,-6.2,540396,25.1,424417,24.6,11588,31.4,461,35.1
"34031","5","518210","78","0","2023","1","",12,104,103,109,4471314,2698960,50636,3265,"",0.19,0.19,0.19,0.20,0.22,0.25,0.25,1.15,"",-4,-25.0,-5,-4.6,-9,-8.0,-4,-3.5,200151,4.7,167786,6.6,-191,-0.4,314,10.6
"34033","5","518210","78","0","2023","1","N",2,0,0,0,0,0,0,0,"N",0.33,0,0,0,0,0,0,0,"N",-1,-33.3,0,0,0,0,0,0,0,0,0,0,0,0,0,0
"34035","5","518210","78","0","2023","1","",33,393,382,378,18812640,11735184,214318,3765,"",0.71,0.64,0.62,0.62,0.43,0.58,0.61,0.68,"",-2,-5.7,-13,-3.2,-35,-8.4,-35,-8.5,-603404,-3.1,94454,0.8,7751,3.8,140,3.9
"34037","5","518210","78","0","2023","1","N",2,0,0,0,0,0,0,0,"N",0.13,0,0,0,0,0,0,0,"N",0,0.0,0,0,0,0,0,0,0,0,0,0,0,0,0,0
"34039","5","518210","78","0","2023","1","",18,165,163,165,5617701,4662584,94347,2630,"",0.26,0.22,0.22,0.22,0.14,0.25,0.31,0.65,"",0,0.0,-2,-1.2,-11,-6.3,-14,-7.8,325844,6.2,178609,4.0,-8719,-8.5,282,12.0
"34041","5","518210","78","0","2023","1","N",6,0,0,0,0,0,0,0,"N",0.50,0,0,0,0,0,0,0,"N",1,20.0,0,0,0,0,0,0,0,0,0,0,0,0,0,0
"34999","5","518210","78","0","2023","1","",473,3720,3683,3391,239057804,129900296,2994240,5111,"",2.38,5.19,5.11,4.71,3.82,3.99,4.05,0.76,"",18,4.0,820,28.3,646,21.3,301,9.7,66892261,38.9,35266775,37.3,961232,47.3,710,16.1
"35000","3","518210","58","0","2023","1","",21,266,269,265,5010667,123508,446,1445,"",38.63,17.69,17.83,17.61,20.63,20.74,111.53,1.16,"",-1,-4.5,20,8.1,17,6.7,12,4.7,825749,19.7,54760,79.7,207,86.6,159,12.4
"35000","5","518210","58","0","2023","1","",514,1081,1057,1031,33744766,22226471,170594,2457,"",1.79,0.39,0.38,0.38,0.37,0.48,0.47,0.95,"",113,28.2,241,28.7,201,23.5,135,15.1,8301978,32.6,6453967,40.9,55238,47.9,192,8.5
"35001","3","518210","78","0","2023","1","",2,122,124,124,2265181,0,0,1413,"",11.14,20.10,20.39,20.48,21.87,0.00,0.00,1.08,"",0,0.0,8,7.0,9,7.8,8,6.9,476746,26.7,0,0.0,0,0.0,217,18.1
"35001","5","518210","78","0","2023","1","",178,443,416,411,10445817,7643488,69727,1898,"",1.87,0.40,0.37,0.37,0.27,0.39,0.48,0.69,"",43,31.9,82,22.7,49,13.4,27,7.0,2014083,23.9,1975467,34.9,19750,39.5,148,8.5
"35003","5","518210","78","0","2023","1","N",2,0,0,0,0,0,0,0,"N",3.61,0,0,0,0,0,0,0,"N",0,0.0,0,0,0,0,0,0,0,0,0,0,0,0,0,0
"35005","3","518210","78","0","2023","1","",2,13,11,10,125196,0,0,850,"",131.71,34.19,29.08,26.39,26.09,0.00,0.00,0.87,"",0,0.0,5,62.5,3,37.5,2,25.0,8443,7.2,0,0.0,0,0.0,-273,-24.3
"35005","5","518210","78","0","2023","1","N",4,0,0,0,0,0,0,0,"N",0.50,0,0,0,0,0,0,0,"N",2,100.0,0,0,0,0,0,0,0,0,0,0,0,0,0,0
"35006","3","518210","78","0","2023","1","",2,5,5,5,50087,0,0,771,"",547.64,42.18,42.45,42.27,34.13,0.00,0.00,0.81,"",0,0.0,1,25.0,1,25.0,1,25.0,1911,4.0,0,0.0,0,0.0,-155,-16.7
"35006","5","518210","78","0","2023","1","N",2,0,0,0,0,0,0,0,"N",1.04,0,0,0,0,0,0,0,"N",1,100.0,0,0,0,0,0,0,0,0,0,0,0,0,0,0
"35007","5","518210","78","0","2023","1","N",2,0,0,0,0,0,0,0,"N",0.85,0,0,0,0,0,0,0,"N",0,0.0,0,0,0,0,0,0,0,0,0,0,0,0,0,0
"35009","3","518210","78","0","2023","1","",2,9,10,7,105408,0,0,936,"",184.49,28.96,31.93,22.18,26.89,0.00,0.00,0.97,"",0,0.0,2,28.6,1,11.1,-3,-30.0,18682,21.5,0,0.0,0,0.0,166,21.6
"35009","5","518210","78","0","2023","1","N",2,0,0,0,0,0,0,0,"N",0.35,0,0,0,0,0,0,0,"N",1,100.0,0,0,0,0,0,0,0,0,0,0,0,0,0,0
"35013","3","518210","78","0","2023","1","",1,20,20,21,353767,0,0,1338,"",22.08,14.73,14.69,15.49,19.63,0.00,0.00,1.31,"",0,0.0,1,5.3,1,5.3,2,10.5,72850,25.9,0,0.0,0,0.0,201,17.7
"35013","5","518210","78","0","2023","1","",36,109,106,100,1438297,1196877,7991,1054,"",1.50,0.44,0.43,0.40,0.21,0.36,0.28,0.50,"",14,63.6,24,28.2,16,17.8,10,11.1,496149,52.7,402347,50.6,3984,99.4,234,28.5
"35015","3","518210","78","0","2023","1","",2,7,7,7,163775,23822,117,1800,"",127.69,13.03,12.90,12.88,14.55,73.83,509.22,1.12,"",0,0.0,0,0.0,0,0.0,0,0.0,21642,15.2,4674,24.4,42,56.0,238,15.2
"35015","5","518210","78","0","2023","1","",5,9,9,12,288581,244930,2450,2220,"",0.60,0.09,0.09,0.12,0.07,0.10,0.12,0.67,"N",2,66.7,0,0,0,0,0,0,0,0,0,0,0,0,0,0
"35017","5","518210","78","0","2023","1","N",2,0,0,0,0,0,0,0,"N",0.62,0,0,0,0,0,0,0,"N",-1,-33.3,0,0,0,0,0,0,0,0,0,0,0,0,0,0
"35025","3","518210","78","0","2023","1","",1,6,6,7,140411,0,0,1705,"",57.68,10.66,10.58,12.39,13.43,0.00,0.00,1.20,"",0,0.0,-1,-14.3,-1,-14.3,0,0.0,-7991,-5.4,0,0.0,0,0.0,74,4.5
"35025","5","518210","78","0","2023","1","N",1,0,0,0,0,0,0,0,"N",0.11,0,0,0,0,0,0,0,"N",1,100.0,0,0,0,0,0,0,0,0,0,0,0,0,0,0
"35027","3","518210","78","0","2023","1","",1,4,5,4,69989,0,0,1242,"",137.22,33.89,42.08,33.35,53.68,0.00,0.00,1.47,"",0,0.0,0,0.0,0,0.0,0,0.0,-3116,-4.3,0,0.0,0,0.0,-56,-4.3
"35027","5","518210","78","0","2023","1","N",1,0,0,0,0,0,0,0,"N",0.26,0,0,0,0,0,0,0,"N",1,100.0,0,0,0,0,0,0,0,0,0,0,0,0,0,0
"35028","3","518210","78","0","2023","1","",1,23,23,23,607251,0,0,2031,"",208.42,62.72,62.09,61.86,55.11,0.00,0.00,0.89,"",0,0.0,1,4.5,1,4.5,1,4.5,94103,18.3,0,0.0,0,0.0,237,13.2
"35028","5","518210","78","0","2023","1","",11,21,21,21,1051481,590738,3440,3852,"",4.34,0.31,0.31,0.31,0.25,0.24,0.36,0.81,"",2,22.2,10,90.9,10,90.9,8,61.5,316426,43.0,290545,96.8,1871,119.2,-995,-20.5
"35029","5","518210","78","0","2023","1","N",1,0,0,0,0,0,0,0,"N",0.41,0,0,0,0,0,0,0,"N",0,0.0,0,0,0,0,0,0,0,0,0,0,0,0,0,0
"35031","3","518210","78","0","2023","1","",2,9,10,9,150360,0,0,1239,"",196.60,25.69,28.47,25.71,35.61,0.00,0.00,1.34,"",0,0.0,-1,-10.0,-2,-16.7,-2,-18.2,6715,4.7,0,0.0,0,0.0,234,23.3
"35031","5","518210","78","0","2023","1","N",2,0,0,0,0,0,0,0,"N",0.37,0,0,0,0,0,0,0,"N",0,0.0,0,0,0,0,0,0,0,0,0,0,0,0,0,0
"35035","5","518210","78","0","2023","1","",6,3,4,3,100752,85066,604,2325,"",1.07,0.05,0.07,0.05,0.06,0.14,0.14,1.07,"",-2,-25.0,-3,-50.0,-1,-20.0,-1,-25.0,-10337,-9.3,-1922,-2.2,-10,-1.6,616,36.0
"35037","3","518210","78","0","2023","1","",1,0,0,0,0,0,0,0,"",373.24,0.00,0.00,0.00,0.00,0.00,0.00,0.00,"",0,0.0,0,0.0,0,0.0,0,0.0,-4209,-100.0,0,0.0,0,0.0,0,0.0
"35039","5","518210","78","0","2023","1","N",4,0,0,0,0,0,0,0,"N",1.01,0,0,0,0,0,0,0,"N",1,33.3,0,0,0,0,0,0,0,0,0,0,0,0,0,0
"35041","5","518210","78","0","2023","1","N",1,0,0,0,0,0,0,0,"N",0.49,0,0,0,0,0,0,0,"N",0,0.0,0,0,0,0,0,0,0,0,0,0,0,0,0,0
"35043","5","518210","78","0","2023","1","",33,39,42,44,1544072,1006833,9485,2851,"",2.49,0.37,0.40,0.42,0.46,0.55,0.69,1.16,"",5,17.9,3,8.3,6,16.7,5,12.8,283429,22.5,167441,19.9,1643,21.0,230,8.8
"35045","3","518210","78","0","2023","1","",2,17,17,17,449065,0,0,2032,"",81.93,21.06,21.13,21.10,36.74,0.00,0.00,1.74,"",0,0.0,-1,-5.6,-1,-5.6,-1,-5.6,23027,5.4,0,0.0,0,0.0,211,11.6
"35045","5","518210","78","0","2023","1","N",7,0,0,0,0,0,0,0,"N",0.54,0,0,0,0,0,0,0,"N",4,133.3,0,0,0,0,0,0,0,0,0,0,0,0,0,0
"35047","5","518210","78","0","2023","1","N",1,0,0,0,0,0,0,0,"N",0.29,0,0,0,0,0,0,0,"N",1,100.0,0,0,0,0,0,0,0,0,0,0,0,0,0,0
"35049","3","518210","78","0","2023","1","",1,25,24,24,430433,0,0,1361,"",18.58,23.37,22.36,22.39,25.80,0.00,0.00,1.14,"",0,0.0,3,13.6,2,9.1,2,9.1,66839,18.4,0,0.0,0,0.0,90,7.1
"35049","5","518210","78","0","2023","1","",64,65,65,58,2495436,1693921,23988,3063,"",2.25,0.33,0.33,0.30,0.39,0.62,1.24,1.23,"",12,23.1,11,20.4,11,20.4,8,16.0,579064,30.2,549371,48.0,12060,101.1,264,9.4
"35051","5","518210","78","0","2023","1","",3,2,2,3,69000,60613,606,2275,"",1.77,0.19,0.19,0.28,0.26,0.51,0.56,1.20,"N",2,200.0,0,0,0,0,0,0,0,0,0,0,0,0,0,0
"35053","5","518210","78","0","2023","1","N",2,0,0,0,0,0,0,0,"N",1.19,0,0,0,0,0,0,0,"N",1,100.0,0,0,0,0,0,0,0,0,0,0,0,0,0,0
"35055","5","518210","78","0","2023","1","",13,19,18,17,476004,381806,2888,2034,"",2.11,0.52,0.49,0.47,0.56,0.79,0.45,1.13,"",4,44.4,8,72.7,6,50.0,1,6.2,234623,97.2,143267,60.1,-382,-11.7,606,42.4
"35057","5","518210","78","0","2023","1","N",1,0,0,0,0,0,0,0,"N",0.64,0,0,0,0,0,0,0,"N",0,0.0,0,0,0,0,0,0,0,0,0,0,0,0,0,0
"35061","3","518210","78","0","2023","1","",1,6,7,7,99744,99686,329,1151,"",81.68,19.92,23.18,23.31,26.47,979.37,3227.50,1.20,"",0,0.0,2,50.0,3,75.0,2,40.0,50107,100.9,50086,101.0,165,100.6,270,30.6
"35061","5","518210","78","0","2023","1","N",6,0,0,0,0,0,0,0,"N",0.93,0,0,0,0,0,0,0,"N",3,100.0,0,0,0,0,0,0,0,0,0,0,0,0,0,0
"35999","5","518210","78","0","2023","1","",124,175,181,175,6247287,4133682,28503,2715,"",5.37,2.04,2.09,2.06,1.58,1.72,0.99,0.77,"",16,14.8,51,41.1,54,42.5,43,32.6,1197686,23.7,1362348,49.2,8575,43.0,-328,-10.8
"36000","3","518210","58","0","2023","1","",3,27,28,28,317004,0,0,881,"",0.52,0.16,0.17,0.17,0.06,0.00,0.00,0.39,"",0,0.0,-2,-6.9,-1,-3.4,-1,-3.4,-161232,-33.7,0,0.0,0,0.0,-388,-30.6
"36000","5","518210","58","0","2023","1","",2065,27752,27883,27881,1437573924,327155830,9348916,3972,"",0.68,0.91,0.92,0.92,0.77,0.85,0.87,0.84,"",349,20.3,1700,6.5,1625,6.2,1170,4.4,-42284282,-2.9,16311324,5.2,775817,9.0,-350,-8.1
"36001","5","518210","78","0","2023","1","",44,819,818,828,18782354,8552666,206163,1758,"",0.92,1.10,1.10,1.12,0.55,1.13,0.99,0.49,"",3,7.3,-128,-13.5,-129,-13.6,-127,-13.3,-1437665,-7.1,-858109,-9.1,-33942,-14.1,120,7.3
"36003","5","518210","78","0","2023","1","N",1,0,0,0,0,0,0,0,"N",0.25,0,0,0,0,0,0,0,"N",1,100.0,0,0,0,0,0,0,0,0,0,0,0,0,0,0
"36005","5","518210","78","0","2023","1","",12,40,41,44,1187943,421519,16837,2193,"",0.14,0.04,0.04,0.04,0.03,0.05,0.06,0.73,"N",7,140.0,0,0,0,0,0,0,0,0,0,0,0,0,0,0
"36007","5","518210","78","0","2023","1","",10,318,317,320,2790067,2317142,73811,674,"",0.52,1.21,1.21,1.23,0.30,0.95,1.08,0.25,"",3,42.9,3,1.0,6,1.9,3,0.9,384581,16.0,416288,21.9,12583,20.6,85,14.4
"36009","5","518210","78","0","2023","1","-",0,0,0,0,0,0,0,0,"N",0.00,0,0,0,0,0,0,0,"N",0,0,0,0,0,0,0,0,0,0,0,0,0,0,0,0
"36011","5","518210","78","0","2023","1","N",3,0,0,0,0,0,0,0,"N",0.39,0,0,0,0,0,0,0,"N",2,200.0,0,0,0,0,0,0,0,0,0,0,0,0,0,0
"36017","5","518210","78","0","2023","1","N",1,0,0,0,0,0,0,0,"N",0.22,0,0,0,0,0,0,0,"N",0,0.0,0,0,0,0,0,0,0,0,0,0,0,0,0,0
"36019","5","518210","78","0","2023","1","N",1,0,0,0,0,0,0,0,"N",0.12,0,0,0,0,0,0,0,"N",0,0.0,0,0,0,0,0,0,0,0,0,0,0,0,0,0
"36021","5","518210","78","0","2023","1","",6,28,31,32,1373831,387243,8746,3484,"",0.62,0.43,0.48,0.49,0.66,0.56,0.47,1.42,"N",1,20.0,0,0,0,0,0,0,0,0,0,0,0,0,0,0
"36023","5","518210","78","0","2023","1","N",1,0,0,0,0,0,0,0,"N",0.21,0,0,0,0,0,0,0,"N",1,100.0,0,0,0,0,0,0,0,0,0,0,0,0,0,0
"36027","5","518210","78","0","2023","1","",17,260,267,263,7199857,3319823,130100,2103,"",0.44,0.74,0.76,0.75,0.50,0.89,1.34,0.67,"",4,30.8,68,35.4,78,41.3,69,35.6,2421016,50.7,2473108,292.1,98825,316.0,185,9.6
"36029","5","518210","78","0","2023","1","",51,634,653,675,20958413,6102524,173901,2465,"",0.47,0.43,0.44,0.46,0.37,0.34,0.36,0.83,"",7,15.9,107,20.3,105,19.2,113,20.1,5370749,34.5,1063318,21.1,26604,18.1,268,12.2
"36031","5","518210","78","0","2023","1","N",1,0,0,0,0,0,0,0,"N",0.17,0,0,0,0,0,0,0,"N",0,0.0,0,0,0,0,0,0,0,0,0,0,0,0,0,0
"36035","5","518210","78","0","2023","1","N",2,0,0,0,0,0,0,0,"N",0.38,0,0,0,0,0,0,0,"N",-1,-33.3,0,0,0,0,0,0,0,0,0,0,0,0,0,0
"36037","5","518210","78","0","2023","1","N",1,0,0,0,0,0,0,0,"N",0.15,0,0,0,0,0,0,0,"N",0,0.0,0,0,0,0,0,0,0,0,0,0,0,0,0,0
"36039","5","518210","78","0","2023","1","N",3,0,0,0,0,0,0,0,"N",0.50,0,0,0,0,0,0,0,"N",1,50.0,0,0,0,0,0,0,0,0,0,0,0,0,0,0
"36043","5","518210","78","0","2023","1","N",1,0,0,0,0,0,0,0,"N",0.18,0,0,0,0,0,0,0,"N",1,100.0,0,0,0,0,0,0,0,0,0,0,0,0,0,0
"36045","5","518210","78","0","2023","1","N",2,0,0,0,0,0,0,0,"N",0.16,0,0,0,0,0,0,0,"N",0,0.0,0,0,0,0,0,0,0,0,0,0,0,0,0,0
"36047","5","518210","78","0","2023","1","",197,859,859,861,31187919,10058656,327137,2791,"",0.62,0.31,0.31,0.31,0.32,0.33,0.37,1.03,"",45,29.6,166,24.0,146,20.5,122,16.5,6730302,27.5,2622821,35.3,115942,54.9,160,6.1
"36049","5","518210","78","0","2023","1","N",1,0,0,0,0,0,0,0,"N",0.38,0,0,0,0,0,0,0,"N",0,0.0,0,0,0,0,0,0,0,0,0,0,0,0,0,0
"36051","5","518210","78","0","2023","1","N",2,0,0,0,0,0,0,0,"N",0.31,0,0,0,0,0,0,0,"N",0,0.0,0,0,0,0,0,0,0,0,0,0,0,0,0,0
"36053","5","518210","78","0","2023","1","N",1,0,0,0,0,0,0,0,"N",0.14,0,0,0,0,0,0,0,"N",1,100.0,0,0,0,0,0,0,0,0,0,0,0,0,0,0
"36055","5","518210","78","0","2023","1","",47,429,426,448,8330209,4778095,122501,1475,"",0.55,0.35,0.35,0.37,0.18,0.35,0.33,0.50,"",10,27.0,42,10.9,32,8.1,68,17.9,2355323,39.4,1022269,27.2,22242,22.2,287,24.2
"36059","5","518210","78","0","2023","1","",98,1291,1289,1291,52199060,15402963,420883,3112,"",0.40,0.64,0.64,0.65,0.59,0.64,0.62,0.91,"",1,1.0,-277,-17.7,-314,-19.6,-347,-21.2,-33717031,-39.2,-2989892,-16.3,-84988,-16.8,-1011,-24.5
"36061","5","518210","78","0","2023","1","",653,15580,15615,15609,964149055,197748374,5488475,4754,"",1.15,1.99,1.99,2.00,1.03,1.56,1.59,0.52,"",72,12.4,1616,11.6,1583,11.3,1313,9.2,-54647314,-5.4,17789952,9.9,476741,9.5,-805,-14.5
"36063","5","518210","78","0","2023","1","",5,51,52,52,4314630,644128,25490,6424,"",0.23,0.24,0.24,0.24,0.64,0.28,0.37,2.66,"",2,66.7,39,325.0,40,333.3,34,188.9,3451540,399.9,411958,177.4,16411,180.8,1682,35.5
"36065","5","518210","78","0","2023","1","",7,19,18,19,382343,171435,5308,1576,"",0.30,0.06,0.06,0.06,0.03,0.06,0.07,0.60,"",-2,-22.2,-10,-34.5,-9,-33.3,-7,-26.9,-159314,-29.4,-73069,-29.9,-3015,-36.2,52,3.4
"36067","5","518210","78","0","2023","1","",29,327,329,330,4986791,3151014,98207,1167,"",0.52,0.42,0.42,0.43,0.16,0.35,0.40,0.38,"",2,7.4,10,3.2,16,5.1,9,2.8,1088214,27.9,472072,17.6,13661,16.2,221,23.4
"36069","5","518210","78","0","2023","1","N",3,0,0,0,0,0,0,0,"N",0.21,0,0,0,0,0,0,0,"N",-1,-25.0,0,0,0,0,0,0,0,0,0,0,0,0,0,0
"36071","3","518210","78","0","2023","1","",3,27,28,28,317004,0,0,881,"",31.16,9.94,10.40,10.41,6.87,0.00,0.00,0.67,"",0,0.0,-2,-6.9,-1,-3.4,-1,-3.4,-161232,-33.7,0,0.0,0,0.0,-388,-30.6
"36071","5","518210","78","0","2023","1","",19,145,140,140,3778659,1700034,41887,2052,"",0.37,0.29,0.28,0.29,0.22,0.30,0.27,0.75,"",3,18.8,23,18.9,16,12.9,20,16.7,1598154,73.3,428111,33.7,-751,-1.8,677,49.2
"36075","5","518210","78","0","2023","1","N",2,0,0,0,0,0,0,0,"N",0.20,0,0,0,0,0,0,0,"N",1,100.0,0,0,0,0,0,0,0,0,0,0,0,0,0,0
"36079","5","518210","78","0","2023","1","",4,28,30,30,645562,291891,6233,1693,"",0.28,0.32,0.35,0.35,0.20,0.28,0.22,0.58,"",-1,-20.0,0,0.0,2,7.1,1,3.4,131748,25.6,27065,10.2,585,10.4,298,21.4
"36081","5","518210","78","0","2023","1","",82,297,294,301,10242392,3627467,113125,2650,"",0.33,0.13,0.13,0.13,0.11,0.13,0.15,0.87,"",12,17.1,72,32.0,57,24.1,51,20.4,3818165,59.4,1149511,46.4,35262,45.3,568,27.3
"36083","5","518210","78","0","2023","1","",4,132,133,138,2611881,1416916,42407,1496,"",0.26,0.74,0.74,0.77,0.33,0.89,0.94,0.44,"",1,33.3,3,2.3,11,9.0,11,8.7,71983,2.8,129719,10.1,3713,9.6,-55,-3.5
"36085","5","518210","78","0","2023","1","",9,102,105,122,1653735,1230919,31216,1160,"",0.20,0.24,0.25,0.29,0.10,0.28,0.23,0.40,"",-2,-18.2,24,30.8,53,101.9,59,93.7,213763,14.8,129124,11.7,2510,8.7,-562,-32.6
"36087","5","518210","78","0","2023","1","N",20,0,0,0,0,0,0,0,"N",0.37,0,0,0,0,0,0,0,"N",3,17.6,0,0,0,0,0,0,0,0,0,0,0,0,0,0
"36089","5","518210","78","0","2023","1","N",1,0,0,0,0,0,0,0,"N",0.11,0,0,0,0,0,0,0,"N",0,0.0,0,0,0,0,0,0,0,0,0,0,0,0,0,0
"36091","5","518210","78","0","2023","1","",14,121,125,125,6576472,1476984,40948,4091,"",0.50,0.42,0.44,0.44,0.57,0.41,0.42,1.30,"",1,7.7,-8,-6.2,-11,-8.1,-12,-8.8,584980,9.8,-52086,-3.4,-4644,-10.2,652,19.0
"36093","5","518210","78","0","2023","1","",9,24,24,26,371174,251860,5972,1158,"",0.59,0.13,0.13,0.14,0.05,0.12,0.11,0.37,"",-1,-10.0,0,0.0,-1,-4.0,-1,-3.7,-35693,-8.8,38839,18.2,-520,-8.0,-77,-6.2
"36099","5","518210","78","0","2023","1","N",2,0,0,0,0,0,0,0,"N",0.60,0,0,0,0,0,0,0,"N",0,0.0,0,0,0,0,0,0,0,0,0,0,0,0,0,0
"36101","5","518210","78","0","2023","1","N",4,0,0,0,0,0,0,0,"N",0.42,0,0,0,0,0,0,0,"N",0,0.0,0,0,0,0,0,0,0,0,0,0,0,0,0,0
"36103","5","518210","78","0","2023","1","",71,970,965,966,39319623,11372944,312003,3128,"",0.29,0.46,0.46,0.46,0.42,0.43,0.41,0.92,"",13,22.4,80,9.0,71,7.9,74,8.3,4481649,12.9,1107493,10.8,25086,8.7,124,4.1
"36107","5","518210","78","0","2023","1","N",2,0,0,0,0,0,0,0,"N",0.51,0,0,0,0,0,0,0,"N",0,0.0,0,0,0,0,0,0,0,0,0,0,0,0,0,0
"36109","5","518210","78","0","2023","1","",7,22,24,26,800403,274167,5939,2565,"",0.58,0.15,0.16,0.17,0.13,0.24,0.21,0.83,"N",4,133.3,0,0,0,0,0,0,0,0,0,0,0,0,0,0
"36111","5","518210","78","0","2023","1","",10,91,104,101,1844853,946120,23126,1438,"",0.40,0.49,0.56,0.55,0.29,0.49,0.44,0.55,"",-1,-9.1,1,1.1,15,16.9,11,12.2,656095,55.2,174088,22.5,4594,24.8,418,41.0
"36113","5","518210","78","0","2023","1","",4,48,45,46,1003597,523526,11051,1666,"",0.38,0.43,0.40,0.41,0.26,0.40,0.30,0.64,"N",2,100.0,0,0,0,0,0,0,0,0,0,0,0,0,0,0
"36115","5","518210","78","0","2023","1","N",2,0,0,0,0,0,0,0,"N",0.35,0,0,0,0,0,0,0,"N",1,100.0,0,0,0,0,0,0,0,0,0,0,0,0,0,0
"36117","5","518210","78","0","2023","1","N",2,0,0,0,0,0,0,0,"N",0.22,0,0,0,0,0,0,0,"N",-1,-33.3,0,0,0,0,0,0,0,0,0,0,0,0,0,0
"36119","5","518210","78","0","2023","1","",74,1940,1995,1868,97430409,13210389,434530,3875,"",0.45,1.43,1.48,1.38,1.21,0.78,0.90,0.85,"",-3,-3.9,-54,-2.7,-46,-2.3,-182,-8.9,11797519,13.8,-9640376,-42.2,-133729,-23.5,627,19.3
"36121","5","518210","78","0","2023","1","N",1,0,0,0,0,0,0,0,"N",0.25,0,0,0,0,0,0,0,"N",0,0.0,0,0,0,0,0,0,0,0,0,0,0,0,0,0
"36999","5","518210","78","0","2023","1","",522,2643,2640,2658,141026043,31648508,997973,4098,"",2.17,4.76,4.75,4.78,3.18,2.83,2.98,0.67,"",160,44.2,-55,-2.0,-89,-3.3,-128,-4.6,-1003106,-0.7,-33741,-0.1,178028,21.7,107,2.7
"37000","5","518210","58","0","2023","1","",1606,12087,12130,12005,425311921,254499906,2042763,2710,"",1.01,0.78,0.78,0.78,0.67,0.85,1.14,0.86,"",304,23.3,1534,14.5,1372,12.8,1242,11.5,77349667,22.2,47230222,22.8,378598,22.8,206,8.2
"37001","5","518210","78","0","2023","1","",5,30,30,31,480266,419034,3891,1218,"",0.27,0.14,0.14,0.15,0.07,0.12,0.21,0.52,"N",0,0.0,0,0,0,0,0,0,0,0,0,0,0,0,0,0
"37009","5","518210","78","0","2023","1","-",0,0,0,0,0,0,0,0,"N",0.00,0,0,0,0,0,0,0,"N",0,0,0,0,0,0,0,0,0,0,0,0,0,0,0,0
"37011","5","518210","78","0","2023","1","N",1,0,0,0,0,0,0,0,"N",0.32,0,0,0,0,0,0,0,"N",0,0.0,0,0,0,0,0,0,0,0,0,0,0,0,0,0
"37013","5","518210","78","0","2023","1","N",2,0,0,0,0,0,0,0,"N",0.34,0,0,0,0,0,0,0,"N",1,100.0,0,0,0,0,0,0,0,0,0,0,0,0,0,0
"37015","5","518210","78","0","2023","1","N",1,0,0,0,0,0,0,0,"N",0.69,0,0,0,0,0,0,0,"N",0,0.0,0,0,0,0,0,0,0,0,0,0,0,0,0,0
"37017","5","518210","78","0","2023","1","N",1,0,0,0,0,0,0,0,"N",0.33,0,0,0,0,0,0,0,"N",0,0.0,0,0,0,0,0,0,0,0,0,0,0,0,0,0
"37019","5","518210","78","0","2023","1","",7,27,29,25,626356,526538,5893,1784,"",0.39,0.22,0.23,0.20,0.17,0.26,0.51,0.78,"N",4,133.3,0,0,0,0,0,0,0,0,0,0,0,0,0,0
"37021","5","518210","78","0","2023","1","",43,195,200,191,14039494,4938088,50349,5529,"",0.79,0.44,0.45,0.43,0.97,0.61,1.07,2.20,"N",7,19.4,0,0,0,0,0,0,0,0,0,0,0,0,0,0
"37023","5","518210","78","0","2023","1","N",2,0,0,0,0,0,0,0,"N",0.27,0,0,0,0,0,0,0,"N",0,0.0,0,0,0,0,0,0,0,0,0,0,0,0,0,0
"37025","5","518210","78","0","2023","1","",19,63,60,61,3151460,1688470,18668,3953,"",0.68,0.23,0.22,0.22,0.37,0.39,0.78,1.63,"N",7,58.3,0,0,0,0,0,0,0,0,0,0,0,0,0,0
"37027","5","518210","78","0","2023","1","N",1,0,0,0,0,0,0,0,"N",0.15,0,0,0,0,0,0,0,"N",0,0.0,0,0,0,0,0,0,0,0,0,0,0,0,0,0
"37029","5","518210","78","0","2023","1","N",1,0,0,0,0,0,0,0,"N",1.04,0,0,0,0,0,0,0,"N",0,0.0,0,0,0,0,0,0,0,0,0,0,0,0,0,0
"37031","5","518210","78","0","2023","1","N",4,0,0,0,0,0,0,0,"N",0.34,0,0,0,0,0,0,0,"N",0,0.0,0,0,0,0,0,0,0,0,0,0,0,0,0,0
"37033","5","518210","78","0","2023","1","-",0,0,0,0,0,0,0,0,"N",0.00,0,0,0,0,0,0,0,"N",0,0,0,0,0,0,0,0,0,0,0,0,0,0,0,0
"37035","5","518210","78","0","2023","1","N",12,0,0,0,0,0,0,0,"N",0.53,0,0,0,0,0,0,0,"N",0,0.0,0,0,0,0,0,0,0,0,0,0,0,0,0,0
"37037","5","518210","78","0","2023","1","",8,10,11,11,251059,199859,1286,1811,"",0.89,0.18,0.20,0.20,0.16,0.23,0.25,0.82,"",-1,-11.1,-21,-67.7,-20,-64.5,-14,-56.0,-659144,-72.4,-502416,-71.5,-6046,-82.5,-603,-25.0
"37039","5","518210","78","0","2023","1","N",6,0,0,0,0,0,0,0,"N",1.60,0,0,0,0,0,0,0,"N",1,20.0,0,0,0,0,0,0,0,0,0,0,0,0,0,0
"37041","5","518210","78","0","2023","1","N",1,0,0,0,0,0,0,0,"N",0.54,0,0,0,0,0,0,0,"N",0,0.0,0,0,0,0,0,0,0,0,0,0,0,0,0,0
"37045","5","518210","78","0","2023","1","N",6,0,0,0,0,0,0,0,"N",0.60,0,0,0,0,0,0,0,"N",2,50.0,0,0,0,0,0,0,0,0,0,0,0,0,0,0
"37047","5","518210","78","0","2023","1","N",2,0,0,0,0,0,0,0,"N",0.38,0,0,0,0,0,0,0,"N",2,100.0,0,0,0,0,0,0,0,0,0,0,0,0,0,0
"37049","5","518210","78","0","2023","1","",5,19,19,18,410239,308233,2028,1691,"",0.42,0.14,0.14,0.14,0.10,0.18,0.24,0.72,"",0,0.0,-5,-20.8,-5,-20.8,-5,-21.7,-130904,-24.2,-63461,-17.1,-602,-22.9,-68,-3.9
"37051","5","518210","78","0","2023","1","N",11,0,0,0,0,0,0,0,"N",0.34,0,0,0,0,0,0,0,"N",2,22.2,0,0,0,0,0,0,0,0,0,0,0,0,0,0
"37053","5","518210","78","0","2023","1","N",1,0,0,0,0,0,0,0,"N",0.24,0,0,0,0,0,0,0,"N",0,0.0,0,0,0,0,0,0,0,0,0,0,0,0,0,0
"37055","5","518210","78","0","2023","1","",5,6,6,6,154330,77026,514,1979,"",0.50,0.11,0.11,0.10,0.10,0.10,0.09,0.96,"N",0,0.0,0,0,0,0,0,0,0,0,0,0,0,0,0,0
"37057","5","518210","78","0","2023","1","",3,3,3,3,96007,72289,808,2462,"",0.21,0.02,0.02,0.02,0.02,0.03,0.05,1.04,"N",1,50.0,0,0,0,0,0,0,0,0,0,0,0,0,0,0
"37059","5","518210","78","0","2023","1","N",1,0,0,0,0,0,0,0,"N",0.21,0,0,0,0,0,0,0,"N",0,0.0,0,0,0,0,0,0,0,0,0,0,0,0,0,0
"37061","5","518210","78","0","2023","1","N",1,0,0,0,0,0,0,0,"N",0.19,0,0,0,0,0,0,0,"N",0,0.0,0,0,0,0,0,0,0,0,0,0,0,0,0,0
"37063","5","518210","78","0","2023","1","",71,624,622,633,23253536,15973269,125280,2856,"",1.45,0.83,0.82,0.85,0.55,0.96,1.34,0.66,"",17,31.5,62,11.0,58,10.3,65,11.4,3641051,18.6,2400879,17.7,24458,24.3,184,6.9
"37065","5","518210","78","0","2023","1","N",1,0,0,0,0,0,0,0,"N",0.22,0,0,0,0,0,0,0,"N",0,0.0,0,0,0,0,0,0,0,0,0,0,0,0,0,0
"37067","5","518210","78","0","2023","1","",35,241,242,242,6278504,4899133,60330,1998,"",0.72,0.38,0.39,0.39,0.25,0.48,1.14,0.65,"",0,0.0,-94,-28.1,-100,-29.2,-110,-31.2,-5215434,-45.4,-2411510,-33.0,-27398,-31.2,-580,-22.5
"37069","5","518210","78","0","2023","1","N",4,0,0,0,0,0,0,0,"N",0.59,0,0,0,0,0,0,0,"N",0,0.0,0,0,0,0,0,0,0,0,0,0,0,0,0,0
"37071","5","518210","78","0","2023","1","N",6,0,0,0,0,0,0,0,"N",0.25,0,0,0,0,0,0,0,"N",1,20.0,0,0,0,0,0,0,0,0,0,0,0,0,0,0
"37075","5","518210","78","0","2023","1","N",2,0,0,0,0,0,0,0,"N",2.16,0,0,0,0,0,0,0,"N",1,100.0,0,0,0,0,0,0,0,0,0,0,0,0,0,0
"37077","5","518210","78","0","2023","1","N",1,0,0,0,0,0,0,0,"N",0.21,0,0,0,0,0,0,0,"N",0,0.0,0,0,0,0,0,0,0,0,0,0,0,0,0,0
"37079","5","518210","78","0","2023","1","N",1,0,0,0,0,0,0,0,"N",0.60,0,0,0,0,0,0,0,"N",1,100.0,0,0,0,0,0,0,0,0,0,0,0,0,0,0
"37081","5","518210","78","0","2023","1","",38,399,386,384,10454066,8924906,38632,2064,"",0.51,0.43,0.41,0.42,0.31,0.53,0.41,0.75,"",5,15.2,22,5.8,9,2.4,4,1.1,-3422102,-24.7,-998899,-10.1,6735,21.1,-760,-26.9
"37083","5","518210","78","0","2023","1","N",1,0,0,0,0,0,0,0,"N",0.21,0,0,0,0,0,0,0,"N",1,100.0,0,0,0,0,0,0,0,0,0,0,0,0,0,0
"37085","5","518210","78","0","2023","1","N",2,0,0,0,0,0,0,0,"N",0.20,0,0,0,0,0,0,0,"N",2,100.0,0,0,0,0,0,0,0,0,0,0,0,0,0,0
"37087","5","518210","78","0","2023","1","N",3,0,0,0,0,0,0,0,"N",0.35,0,0,0,0,0,0,0,"N",3,100.0,0,0,0,0,0,0,0,0,0,0,0,0,0,0
"37089","5","518210","78","0","2023","1","N",16,0,0,0,0,0,0,0,"N",0.93,0,0,0,0,0,0,0,"N",7,77.8,0,0,0,0,0,0,0,0,0,0,0,0,0,0
"37097","5","518210","78","0","2023","1","",15,43,42,44,1226773,926057,5800,2195,"",0.50,0.16,0.16,0.17,0.13,0.17,0.19,0.80,"N",1,7.1,0,0,0,0,0,0,0,0,0,0,0,0,0,0
"37099","5","518210","78","0","2023","1","N",6,0,0,0,0,0,0,0,"N",1.05,0,0,0,0,0,0,0,"N",1,20.0,0,0,0,0,0,0,0,0,0,0,0,0,0,0
"37101","5","518210","78","0","2023","1","",18,25,23,25,813674,508517,5189,2572,"",0.85,0.13,0.12,0.13,0.14,0.16,0.30,1.06,"N",6,50.0,0,0,0,0,0,0,0,0,0,0,0,0,0,0
"37105","5","518210","78","0","2023","1","",6,6,5,5,140605,121606,1346,2028,"",0.78,0.07,0.06,0.06,0.05,0.09,0.18,0.82,"",0,0.0,3,100.0,2,66.7,-7,-58.3,63918,83.3,49242,68.0,612,83.4,1045,106.3
"37107","5","518210","78","0","2023","1","N",1,0,0,0,0,0,0,0,"N",0.16,0,0,0,0,0,0,0,"N",0,0.0,0,0,0,0,0,0,0,0,0,0,0,0,0,0
"37109","5","518210","78","0","2023","1","N",6,0,0,0,0,0,0,0,"N",0.57,0,0,0,0,0,0,0,"N",2,50.0,0,0,0,0,0,0,0,0,0,0,0,0,0,0
"37111","5","518210","78","0","2023","1","N",1,0,0,0,0,0,0,0,"N",0.24,0,0,0,0,0,0,0,"N",0,0.0,0,0,0,0,0,0,0,0,0,0,0,0,0,0
"37113","5","518210","78","0","2023","1","N",5,0,0,0,0,0,0,0,"N",0.80,0,0,0,0,0,0,0,"N",2,66.7,0,0,0,0,0,0,0,0,0,0,0,0,0,0
"37115","5","518210","78","0","2023","1","N",2,0,0,0,0,0,0,0,"N",0.85,0,0,0,0,0,0,0,"N",-2,-50.0,0,0,0,0,0,0,0,0,0,0,0,0,0,0
"37117","5","518210","78","0","2023","1","N",1,0,0,0,0,0,0,0,"N",0.46,0,0,0,0,0,0,0,"N",0,0.0,0,0,0,0,0,0,0,0,0,0,0,0,0,0
"37119","5","518210","78","0","2023","1","",210,2958,2999,2936,121186806,69548325,526734,3145,"",0.94,1.18,1.20,1.18,0.82,1.11,1.48,0.69,"",30,16.7,507,20.7,551,22.5,440,17.6,24669518,25.6,19501569,39.0,126458,31.6,133,4.4
"37121","5","518210","78","0","2023","1","N",1,0,0,0,0,0,0,0,"N",0.53,0,0,0,0,0,0,0,"N",0,0.0,0,0,0,0,0,0,0,0,0,0,0,0,0,0
"37123","5","518210","78","0","2023","1","N",2,0,0,0,0,0,0,0,"N",0.75,0,0,0,0,0,0,0,"N",-1,-33.3,0,0,0,0,0,0,0,0,0,0,0,0,0,0
"37125","5","518210","78","0","2023","1","",7,13,12,16,281380,232547,2811,1584,"",0.49,0.11,0.10,0.13,0.08,0.13,0.31,0.69,"N",4,133.3,0,0,0,0,0,0,0,0,0,0,0,0,0,0
"37127","5","518210","78","0","2023","1","",4,13,14,14,138255,82432,523,778,"",0.38,0.10,0.11,0.11,0.03,0.04,0.05,0.32,"N",1,33.3,0,0,0,0,0,0,0,0,0,0,0,0,0,0
"37129","5","518210","78","0","2023","1","",34,99,100,100,3388546,2297645,24679,2615,"",0.72,0.24,0.24,0.24,0.23,0.29,0.49,0.96,"",6,21.4,47,90.4,45,81.8,41,69.5,1202496,55.0,1055049,84.9,11276,84.1,-424,-14.0
"37131","5","518210","78","0","2023","1","N",1,0,0,0,0,0,0,0,"N",0.62,0,0,0,0,0,0,0,"N",0,0.0,0,0,0,0,0,0,0,0,0,0,0,0,0,0
"37133","5","518210","78","0","2023","1","",9,32,33,32,529556,526502,2700,1260,"",0.49,0.19,0.19,0.19,0.12,0.27,0.24,0.63,"",4,80.0,7,28.0,8,32.0,6,23.1,139072,35.6,155847,42.0,1520,128.8,74,6.2
"37135","5","518210","78","0","2023","1","",41,276,278,274,15657002,7441195,79258,4364,"",1.76,1.10,1.11,1.10,1.40,2.47,4.06,1.27,"",4,10.8,32,13.1,38,15.8,35,14.6,1418347,10.0,1387012,22.9,16908,27.1,-181,-4.0
"37137","5","518210","78","0","2023","1","N",2,0,0,0,0,0,0,0,"N",1.32,0,0,0,0,0,0,0,"N",-1,-33.3,0,0,0,0,0,0,0,0,0,0,0,0,0,0
"37139","5","518210","78","0","2023","1","N",2,0,0,0,0,0,0,0,"N",0.41,0,0,0,0,0,0,0,"N",0,0.0,0,0,0,0,0,0,0,0,0,0,0,0,0,0
"37141","5","518210","78","0","2023","1","",4,6,6,6,197579,129317,1195,2533,"",0.50,0.14,0.14,0.13,0.17,0.20,0.31,1.24,"N",0,0.0,0,0,0,0,0,0,0,0,0,0,0,0,0,0
"37147","5","518210","78","0","2023","1","N",7,0,0,0,0,0,0,0,"N",0.36,0,0,0,0,0,0,0,"N",-1,-12.5,0,0,0,0,0,0,0,0,0,0,0,0,0,0
"37149","5","518210","78","0","2023","1","N",2,0,0,0,0,0,0,0,"N",0.68,0,0,0,0,0,0,0,"N",0,0.0,0,0,0,0,0,0,0,0,0,0,0,0,0,0
"37151","5","518210","78","0","2023","1","N",2,0,0,0,0,0,0,0,"N",0.16,0,0,0,0,0,0,0,"N",1,100.0,0,0,0,0,0,0,0,0,0,0,0,0,0,0
"37155","5","518210","78","0","2023","1","N",1,0,0,0,0,0,0,0,"N",0.10,0,0,0,0,0,0,0,"N",0,0.0,0,0,0,0,0,0,0,0,0,0,0,0,0,0
"37157","5","518210","78","0","2023","1","N",2,0,0,0,0,0,0,0,"N",0.25,0,0,0,0,0,0,0,"N",0,0.0,0,0,0,0,0,0,0,0,0,0,0,0,0,0
"37159","5","518210","78","0","2023","1","N",1,0,0,0,0,0,0,0,"N",0.07,0,0,0,0,0,0,0,"N",1,100.0,0,0,0,0,0,0,0,0,0,0,0,0,0,0
"37161","5","518210","78","0","2023","1","N",3,0,0,0,0,0,0,0,"N",0.47,0,0,0,0,0,0,0,"N",1,50.0,0,0,0,0,0,0,0,0,0,0,0,0,0,0
"37167","5","518210","78","0","2023","1","N",2,0,0,0,0,0,0,0,"N",0.28,0,0,0,0,0,0,0,"N",1,100.0,0,0,0,0,0,0,0,0,0,0,0,0,0,0
"37171","5","518210","78","0","2023","1","N",1,0,0,0,0,0,0,0,"N",0.11,0,0,0,0,0,0,0,"N",0,0.0,0,0,0,0,0,0,0,0,0,0,0,0,0,0
"37173","5","518210","78","0","2023","1","N",3,0,0,0,0,0,0,0,"N",1.29,0,0,0,0,0,0,0,"N",0,0.0,0,0,0,0,0,0,0,0,0,0,0,0,0,0
"37175","5","518210","78","0","2023","1","N",1,0,0,0,0,0,0,0,"N",0.19,0,0,0,0,0,0,0,"N",0,0.0,0,0,0,0,0,0,0,0,0,0,0,0,0,0
"37179","5","518210","78","0","2023","1","",27,50,47,45,2055241,1264176,11362,3340,"",0.83,0.21,0.20,0.19,0.26,0.28,0.42,1.25,"",8,42.1,9,22.0,6,14.6,6,15.4,484688,30.9,362197,40.2,2890,34.1,345,11.5
"37181","5","518210","78","0","2023","1","N",1,0,0,0,0,0,0,0,"N",0.24,0,0,0,0,0,0,0,"N",0,0.0,0,0,0,0,0,0,0,0,0,0,0,0,0,0
"37183","5","518210","78","0","2023","1","",351,3289,3185,3090,114393183,61017479,493694,2760,"",1.65,1.61,1.55,1.52,1.23,1.34,1.79,0.79,"",75,27.2,116,3.7,36,1.1,6,0.2,22598372,24.6,6148492,11.2,34779,7.6,508,22.6
"37185","5","518210","78","0","2023","1","N",1,0,0,0,0,0,0,0,"N",0.67,0,0,0,0,0,0,0,"N",0,0.0,0,0,0,0,0,0,0,0,0,0,0,0,0,0
"37189","5","518210","78","0","2023","1","",4,7,8,7,174535,139838,1509,1831,"",0.46,0.09,0.10,0.09,0.08,0.17,0.32,0.91,"N",2,100.0,0,0,0,0,0,0,0,0,0,0,0,0,0,0
"37191","5","518210","78","0","2023","1","-",0,0,0,0,0,0,0,0,"N",0.00,0,0,0,0,0,0,0,"N",0,0,0,0,0,0,0,0,0,0,0,0,0,0,0,0
"37193","5","518210","78","0","2023","1","N",2,0,0,0,0,0,0,0,"N",0.33,0,0,0,0,0,0,0,"N",1,100.0,0,0,0,0,0,0,0,0,0,0,0,0,0,0
"37195","5","518210","78","0","2023","1","N",1,0,0,0,0,0,0,0,"N",0.11,0,0,0,0,0,0,0,"N",0,0.0,0,0,0,0,0,0,0,0,0,0,0,0,0,0
"37197","5","518210","78","0","2023","1","N",2,0,0,0,0,0,0,0,"N",0.59,0,0,0,0,0,0,0,"N",0,0.0,0,0,0,0,0,0,0,0,0,0,0,0,0,0
"37199","5","518210","78","0","2023","1","N",1,0,0,0,0,0,0,0,"N",0.47,0,0,0,0,0,0,0,"N",0,0.0,0,0,0,0,0,0,0,0,0,0,0,0,0,0
"37999","5","518210","78","0","2023","1","",483,2793,2910,2959,81471674,54042633,493554,2171,"",3.21,3.98,4.12,4.21,1.62,2.17,2.44,0.39,"",94,24.2,684,32.4,602,26.1,646,27.9,19743574,32.0,13624834,33.7,123491,33.4,54,2.6
"38000","3","518210","58","0","2023","1","",2,53,52,50,547389,547389,438,815,"",6.95,7.22,7.08,6.82,4.21,166.58,321.07,0.60,"",0,0.0,15,39.5,-6,-10.3,1,2.0,82463,17.7,82463,17.7,-177,-28.8,75,10.1
"38000","5","518210","58","0","2023","1","",186,433,430,431,10509582,8817402,81266,1874,"",1.22,0.32,0.32,0.32,0.21,0.34,0.65,0.66,"",63,51.2,-45,-9.4,-48,-10.0,-54,-11.1,1039832,11.0,1075700,13.9,51450,172.6,357,23.5
"38003","5","518210","78","0","2023","1","N",2,0,0,0,0,0,0,0,"N",1.04,0,0,0,0,0,0,0,"N",0,0.0,0,0,0,0,0,0,0,0,0,0,0,0,0,0
"38009","5","518210","78","0","2023","1","N",2,0,0,0,0,0,0,0,"N",1.36,0,0,0,0,0,0,0,"N",1,100.0,0,0,0,0,0,0,0,0,0,0,0,0,0,0
"38015","5","518210","78","0","2023","1","N",19,0,0,0,0,0,0,0,"N",1.04,0,0,0,0,0,0,0,"N",6,46.2,0,0,0,0,0,0,0,0,0,0,0,0,0,0
"38017","3","518210","78","0","2023","1","",1,5,5,5,52999,52999,42,815,"",13.57,2.26,2.26,2.27,1.32,53.26,96.42,0.58,"",0,0.0,0,0.0,0,0.0,0,0.0,312,0.6,312,0.6,-243,-85.3,4,0.5
"38017","5","518210","78","0","2023","1","",96,253,246,246,6928104,5414755,35006,2146,"",2.46,0.62,0.61,0.61,0.45,0.70,0.88,0.73,"",29,43.3,-131,-34.1,-132,-34.9,-137,-35.8,-648957,-8.6,-686893,-11.3,14318,69.2,619,40.5
"38021","5","518210","78","0","2023","1","N",1,0,0,0,0,0,0,0,"N",0.91,0,0,0,0,0,0,0,"N",1,100.0,0,0,0,0,0,0,0,0,0,0,0,0,0,0
"38035","5","518210","78","0","2023","1","",15,16,18,17,292531,289533,2527,1324,"",1.32,0.13,0.14,0.13,0.07,0.16,0.31,0.54,"",3,25.0,6,60.0,8,80.0,6,54.5,-84556,-22.4,97882,51.1,1574,165.2,-1483,-52.8
"38043","5","518210","78","0","2023","1","N",1,0,0,0,0,0,0,0,"N",1.84,0,0,0,0,0,0,0,"N",1,100.0,0,0,0,0,0,0,0,0,0,0,0,0,0,0
"38045","5","518210","78","0","2023","1","N",1,0,0,0,0,0,0,0,"N",1.01,0,0,0,0,0,0,0,"N",0,0.0,0,0,0,0,0,0,0,0,0,0,0,0,0,0
"38053","5","518210","78","0","2023","1","N",1,0,0,0,0,0,0,0,"N",0.29,0,0,0,0,0,0,0,"N",0,0.0,0,0,0,0,0,0,0,0,0,0,0,0,0,0
"38055","5","518210","78","0","2023","1","-",0,0,0,0,0,0,0,0,"N",0.00,0,0,0,0,0,0,0,"N",0,0,0,0,0,0,0,0,0,0,0,0,0,0,0,0
"38057","5","518210","78","0","2023","1","N",3,0,0,0,0,0,0,0,"N",2.18,0,0,0,0,0,0,0,"N",1,50.0,0,0,0,0,0,0,0,0,0,0,0,0,0,0
"38059","5","518210","78","0","2023","1","",9,56,55,55,852760,852760,12536,1185,"",1.78,1.45,1.43,1.44,0.67,1.21,3.45,0.46,"",3,50.0,-2,-3.4,-3,-5.2,-3,-5.2,53946,6.8,68249,8.7,10327,467.5,126,11.9
"38061","3","518210","78","0","2023","1","",1,48,47,45,494390,494390,396,815,"",238.78,534.23,522.11,496.38,251.25,8318.94,23899.72,0.49,"",0,0.0,15,45.5,-6,-11.3,1,2.3,82151,19.9,82151,19.9,66,20.0,83,11.3
"38071","5","518210","78","0","2023","1","N",1,0,0,0,0,0,0,0,"N",0.45,0,0,0,0,0,0,0,"N",0,0.0,0,0,0,0,0,0,0,0,0,0,0,0,0,0
"38073","5","518210","78","0","2023","1","N",1,0,0,0,0,0,0,0,"N",0.90,0,0,0,0,0,0,0,"N",0,0.0,0,0,0,0,0,0,0,0,0,0,0,0,0,0
"38077","5","518210","78","0","2023","1","",3,6,7,7,105989,105989,592,1223,"",1.03,0.24,0.28,0.28,0.14,0.24,0.46,0.53,"N",2,200.0,0,0,0,0,0,0,0,0,0,0,0,0,0,0
"38079","5","518210","78","0","2023","1","N",1,0,0,0,0,0,0,0,"N",0.82,0,0,0,0,0,0,0,"N",1,100.0,0,0,0,0,0,0,0,0,0,0,0,0,0,0
"38089","5","518210","78","0","2023","1","N",1,0,0,0,0,0,0,0,"N",0.15,0,0,0,0,0,0,0,"N",1,100.0,0,0,0,0,0,0,0,0,0,0,0,0,0,0
"38093","5","518210","78","0","2023","1","N",3,0,0,0,0,0,0,0,"N",0.79,0,0,0,0,0,0,0,"N",3,100.0,0,0,0,0,0,0,0,0,0,0,0,0,0,0
"38097","5","518210","78","0","2023","1","N",2,0,0,0,0,0,0,0,"N",1.12,0,0,0,0,0,0,0,"N",0,0.0,0,0,0,0,0,0,0,0,0,0,0,0,0,0
"38099","5","518210","78","0","2023","1","N",2,0,0,0,0,0,0,0,"N",0.89,0,0,0,0,0,0,0,"N",1,100.0,0,0,0,0,0,0,0,0,0,0,0,0,0,0
"38101","5","518210","78","0","2023","1","N",7,0,0,0,0,0,0,0,"N",0.60,0,0,0,0,0,0,0,"N",2,40.0,0,0,0,0,0,0,0,0,0,0,0,0,0,0
"38105","5","518210","78","0","2023","1","",6,22,20,19,362515,362515,4096,1371,"",0.66,0.27,0.24,0.23,0.09,0.14,0.37,0.35,"N",3,100.0,0,0,0,0,0,0,0,0,0,0,0,0,0,0
"38999","5","518210","78","0","2023","1","",9,6,7,7,317406,237311,6702,3662,"",3.21,0.65,0.76,0.76,0.57,0.69,4.20,0.79,"N",5,125.0,0,0,0,0,0,0,0,0,0,0,0,0,0,0
"39000","3","518210","58","0","2023","1","",37,598,594,592,12444000,0,0,1610,"",13.32,6.22,6.19,6.17,7.03,0.00,0.00,1.14,"",-1,-2.6,-3,-0.5,-6,-1.0,-2,-0.3,818863,7.0,0,0.0,0,0.0,115,7.7
"39000","5","518210","58","0","2023","1","",1735,12285,12244,12206,351286298,109344254,3284645,2207,"",1.18,0.70,0.70,0.70,0.52,0.58,0.77,0.75,"",362,26.4,810,7.1,665,5.7,532,4.6,39108485,12.5,4673849,4.5,662460,25.3,133,6.4
"39001","5","518210","78","0","2023","1","N",2,0,0,0,0,0,0,0,"N",0.67,0,0,0,0,0,0,0,"N",1,100.0,0,0,0,0,0,0,0,0,0,0,0,0,0,0
"39003","5","518210","78","0","2023","1","N",6,0,0,0,0,0,0,0,"N",0.53,0,0,0,0,0,0,0,"N",1,20.0,0,0,0,0,0,0,0,0,0,0,0,0,0,0
"39005","3","518210","78","0","2023","1","",1,2,2,2,38113,0,0,1466,"",99.51,6.11,6.10,6.08,8.89,0.00,0.00,1.46,"",0,0.0,0,0.0,0,0.0,0,0.0,1465,4.0,0,0.0,0,0.0,56,4.0
"39005","5","518210","78","0","2023","1","",5,3,4,4,93064,36000,1890,1952,"",0.94,0.05,0.07,0.07,0.06,0.06,0.17,0.93,"N",-2,-28.6,0,0,0,0,0,0,0,0,0,0,0,0,0,0
"39007","5","518210","78","0","2023","1","",4,6,6,6,53822,33704,806,690,"",0.41,0.06,0.06,0.06,0.02,0.04,0.04,0.33,"N",1,33.3,0,0,0,0,0,0,0,0,0,0,0,0,0,0
"39009","5","518210","78","0","2023","1","N",6,0,0,0,0,0,0,0,"N",1.01,0,0,0,0,0,0,0,"N",2,50.0,0,0,0,0,0,0,0,0,0,0,0,0,0,0
"39011","5","518210","78","0","2023","1","N",2,0,0,0,0,0,0,0,"N",0.41,0,0,0,0,0,0,0,"N",0,0.0,0,0,0,0,0,0,0,0,0,0,0,0,0,0
"39013","5","518210","78","0","2023","1","N",1,0,0,0,0,0,0,0,"N",0.14,0,0,0,0,0,0,0,"N",1,100.0,0,0,0,0,0,0,0,0,0,0,0,0,0,0
"39017","3","518210","78","0","2023","1","",2,15,15,15,322189,0,0,1652,"",27.06,5.36,5.34,5.33,6.44,0.00,0.00,1.21,"",0,0.0,-2,-11.8,-1,-6.2,-1,-6.2,4994,1.6,0,0.0,0,0.0,158,10.6
"39017","5","518210","78","0","2023","1","",31,118,119,117,3827339,1025520,34458,2495,"",0.79,0.23,0.23,0.23,0.20,0.17,0.26,0.88,"N",9,40.9,0,0,0,0,0,0,0,0,0,0,0,0,0,0
"39019","5","518210","78","0","2023","1","N",3,0,0,0,0,0,0,0,"N",1.21,0,0,0,0,0,0,0,"N",2,200.0,0,0,0,0,0,0,0,0,0,0,0,0,0,0
"39023","5","518210","78","0","2023","1","",12,22,22,22,553040,204758,6654,1934,"",1.05,0.14,0.14,0.15,0.12,0.12,0.14,0.84,"",3,33.3,9,69.2,9,69.2,7,46.7,230744,71.6,84953,70.9,3478,109.5,120,6.6
"39025","5","518210","78","0","2023","1","",28,41,40,37,2388337,368657,12088,4671,"",1.29,0.21,0.20,0.19,0.35,0.16,0.25,1.77,"",10,55.6,15,57.7,14,53.8,9,32.1,-336913,-12.4,118211,47.2,5833,93.3,-3190,-40.6
"39027","5","518210","78","0","2023","1","N",9,0,0,0,0,0,0,0,"N",2.16,0,0,0,0,0,0,0,"N",1,12.5,0,0,0,0,0,0,0,0,0,0,0,0,0,0
"39029","5","518210","78","0","2023","1","N",2,0,0,0,0,0,0,0,"N",0.20,0,0,0,0,0,0,0,"N",0,0.0,0,0,0,0,0,0,0,0,0,0,0,0,0,0
"39031","5","518210","78","0","2023","1","N",1,0,0,0,0,0,0,0,"N",0.31,0,0,0,0,0,0,0,"N",1,100.0,0,0,0,0,0,0,0,0,0,0,0,0,0,0
"39033","5","518210","78","0","2023","1","N",1,0,0,0,0,0,0,0,"N",0.24,0,0,0,0,0,0,0,"N",0,0.0,0,0,0,0,0,0,0,0,0,0,0,0,0,0
"39035","3","518210","78","0","2023","1","",6,211,209,205,4469768,0,0,1650,"",18.49,17.01,16.91,16.65,17.13,0.00,0.00,1.02,"",0,0.0,-5,-2.3,-5,-2.3,-6,-2.8,497010,12.5,0,0.0,0,0.0,220,15.4
"39035","5","518210","78","0","2023","1","",218,2742,2732,2729,67558441,24930398,527117,1901,"",1.27,1.21,1.21,1.22,0.68,1.08,1.02,0.56,"",33,17.8,-533,-16.3,-574,-17.4,-625,-18.6,-2519913,-3.6,-4881377,-16.4,-196966,-27.2,273,16.8
"39037","5","518210","78","0","2023","1","",3,19,18,18,690465,158450,4588,2897,"",0.50,0.32,0.30,0.30,0.41,0.25,0.39,1.32,"N",1,50.0,0,0,0,0,0,0,0,0,0,0,0,0,0,0
"39039","5","518210","78","0","2023","1","N",1,0,0,0,0,0,0,0,"N",0.25,0,0,0,0,0,0,0,"N",0,0.0,0,0,0,0,0,0,0,0,0,0,0,0,0,0
"39041","5","518210","78","0","2023","1","",58,142,140,142,4753537,1258100,41420,2587,"",1.94,0.47,0.46,0.47,0.35,0.34,0.59,0.75,"",10,20.8,27,23.5,19,15.7,17,13.6,439741,10.2,79496,6.7,-635,-1.5,-171,-6.2
"39043","3","518210","78","0","2023","1","",1,3,3,3,41526,0,0,1065,"",58.23,5.09,5.17,5.10,4.94,0.00,0.00,0.97,"",0,0.0,0,0.0,0,0.0,-1,-25.0,-3450,-7.7,0,0.0,0,0.0,27,2.6
"39043","5","518210","78","0","2023","1","",4,15,15,15,241481,93817,2148,1238,"",0.44,0.14,0.14,0.14,0.08,0.09,0.08,0.54,"N",0,0.0,0,0,0,0,0,0,0,0,0,0,0,0,0,0
"39045","3","518210","78","0","2023","1","",2,14,14,14,226023,0,0,1242,"",70.44,17.40,17.48,17.47,20.61,0.00,0.00,1.18,"",0,0.0,-1,-6.7,-2,-12.5,-3,-17.6,-14281,-5.9,0,0.0,0,0.0,87,7.5
"39045","5","518210","78","0","2023","1","",11,18,18,18,240794,150313,4927,1029,"",0.73,0.12,0.12,0.12,0.06,0.11,0.17,0.47,"N",3,37.5,0,0,0,0,0,0,0,0,0,0,0,0,0,0
"39047","5","518210","78","0","2023","1","N",1,0,0,0,0,0,0,0,"N",0.34,0,0,0,0,0,0,0,"N",0,0.0,0,0,0,0,0,0,0,0,0,0,0,0,0,0
"39049","3","518210","78","0","2023","1","",6,59,60,61,1251852,0,0,1605,"",18.50,4.34,4.42,4.51,4.49,0.00,0.00,1.02,"",0,0.0,7,13.5,8,15.4,9,17.3,105247,9.2,0,0.0,0,0.0,-91,-5.4
"39049","5","518210","78","0","2023","1","",272,3216,3209,3184,105139769,29919382,1249072,2525,"",1.59,1.29,1.29,1.29,0.99,1.14,2.24,0.77,"",53,24.2,526,19.6,537,20.1,503,18.8,19700735,23.1,4709131,18.7,642937,106.1,74,3.0
"39051","5","518210","78","0","2023","1","N",1,0,0,0,0,0,0,0,"N",0.20,0,0,0,0,0,0,0,"N",-2,-66.7,0,0,0,0,0,0,0,0,0,0,0,0,0,0
"39053","5","518210","78","0","2023","1","N",2,0,0,0,0,0,0,0,"N",0.60,0,0,0,0,0,0,0,"N",1,100.0,0,0,0,0,0,0,0,0,0,0,0,0,0,0
"39055","5","518210","78","0","2023","1","",7,65,67,68,1513322,584337,15368,1746,"",0.51,0.57,0.60,0.61,0.42,0.45,0.47,0.71,"",3,75.0,49,306.2,51,318.8,50,277.8,998923,194.2,439257,302.8,12140,376.1,-628,-26.5
"39057","3","518210","78","0","2023","1","",2,16,16,15,268151,0,0,1317,"",59.23,11.60,11.62,10.89,9.76,0.00,0.00,0.86,"",0,0.0,2,14.3,2,14.3,1,7.1,28705,12.0,0,0.0,0,0.0,1,0.1
"39057","5","518210","78","0","2023","1","",18,111,112,111,2242734,1001755,21314,1550,"",1.01,0.44,0.44,0.44,0.21,0.48,0.51,0.49,"",6,50.0,-15,-11.9,-15,-11.8,-15,-11.9,-234146,-9.5,-103519,-9.4,624,3.0,42,2.8
"39061","3","518210","78","0","2023","1","",1,74,75,75,2165562,0,0,2231,"",4.49,8.17,8.29,8.26,10.82,0.00,0.00,1.31,"",0,0.0,-3,-3.9,-2,-2.6,-1,-1.3,24273,1.1,0,0.0,0,0.0,83,3.9
"39061","5","518210","78","0","2023","1","",152,1146,1149,1150,32871841,10292576,295806,2202,"",1.29,0.69,0.70,0.69,0.43,0.55,0.70,0.62,"",37,32.2,10,0.9,44,4.0,45,4.1,1938079,6.3,240107,2.4,58871,24.8,69,3.2
"39063","5","518210","78","0","2023","1","N",2,0,0,0,0,0,0,0,"N",0.24,0,0,0,0,0,0,0,"N",2,100.0,0,0,0,0,0,0,0,0,0,0,0,0,0,0
"39067","5","518210","78","0","2023","1","N",1,0,0,0,0,0,0,0,"N",0.67,0,0,0,0,0,0,0,"N",0,0.0,0,0,0,0,0,0,0,0,0,0,0,0,0,0
"39069","3","518210","78","0","2023","1","",1,2,2,2,30649,0,0,1179,"",177.34,10.75,10.71,10.68,11.65,0.00,0.00,1.09,"",0,0.0,0,0.0,0,0.0,0,0.0,2907,10.5,0,0.0,0,0.0,112,10.5
"39071","5","518210","78","0","2023","1","N",1,0,0,0,0,0,0,0,"N",0.27,0,0,0,0,0,0,0,"N",0,0.0,0,0,0,0,0,0,0,0,0,0,0,0,0,0
"39073","5","518210","78","0","2023","1","N",2,0,0,0,0,0,0,0,"N",0.78,0,0,0,0,0,0,0,"N",0,0.0,0,0,0,0,0,0,0,0,0,0,0,0,0,0
"39077","5","518210","78","0","2023","1","N",5,0,0,0,0,0,0,0,"N",0.81,0,0,0,0,0,0,0,"N",0,0.0,0,0,0,0,0,0,0,0,0,0,0,0,0,0
"39081","5","518210","78","0","2023","1","N",3,0,0,0,0,0,0,0,"N",0.48,0,0,0,0,0,0,0,"N",1,50.0,0,0,0,0,0,0,0,0,0,0,0,0,0,0
"39083","3","518210","78","0","2023","1","",1,1,1,1,8940,0,0,688,"",92.95,2.81,2.81,2.81,1.71,0.00,0.00,0.61,"",0,0.0,0,0.0,0,0.0,0,0.0,1500,20.2,0,0.0,0,0.0,116,20.3
"39083","5","518210","78","0","2023","1","N",1,0,0,0,0,0,0,0,"N",0.18,0,0,0,0,0,0,0,"N",1,100.0,0,0,0,0,0,0,0,0,0,0,0,0,0,0
"39085","5","518210","78","0","2023","1","",28,59,61,61,1682452,531974,13321,2145,"",0.95,0.19,0.20,0.20,0.16,0.15,0.18,0.83,"",4,16.7,15,34.1,16,35.6,9,17.3,291990,21.0,102399,23.8,-1442,-9.8,-131,-5.8
"39087","5","518210","78","0","2023","1","N",2,0,0,0,0,0,0,0,"N",0.45,0,0,0,0,0,0,0,"N",1,100.0,0,0,0,0,0,0,0,0,0,0,0,0,0,0
"39089","5","518210","78","0","2023","1","",18,37,39,38,723682,313595,8594,1465,"",1.06,0.16,0.17,0.17,0.10,0.13,0.17,0.59,"",4,28.6,4,12.1,7,21.9,5,15.2,275438,61.4,92293,41.7,2089,32.1,409,38.7
"39091","5","518210","78","0","2023","1","N",1,0,0,0,0,0,0,0,"N",0.22,0,0,0,0,0,0,0,"N",0,0.0,0,0,0,0,0,0,0,0,0,0,0,0,0,0
"39093","5","518210","78","0","2023","1","",24,33,34,35,1424909,313575,9855,3224,"",0.81,0.11,0.11,0.11,0.14,0.10,0.11,1.32,"",-1,-4.0,10,43.5,9,36.0,9,34.6,546680,62.2,72571,30.1,1511,18.1,485,17.7
"39095","5","518210","78","0","2023","1","",32,269,263,257,2475946,1176189,35814,724,"",0.67,0.42,0.41,0.41,0.10,0.18,0.20,0.25,"",5,18.5,15,5.9,10,4.0,3,1.2,122014,5.2,-58403,-4.7,-5626,-13.6,10,1.4
"39097","5","518210","78","0","2023","1","N",3,0,0,0,0,0,0,0,"N",0.67,0,0,0,0,0,0,0,"N",0,0.0,0,0,0,0,0,0,0,0,0,0,0,0,0,0
"39099","5","518210","78","0","2023","1","",18,193,195,194,3967135,1698117,48593,1573,"",0.66,0.64,0.65,0.65,0.45,0.54,0.59,0.70,"",4,28.6,1,0.5,4,2.1,-3,-1.5,194528,5.2,28774,1.7,3704,8.3,72,4.8
"39101","5","518210","78","0","2023","1","N",2,0,0,0,0,0,0,0,"N",0.37,0,0,0,0,0,0,0,"N",1,100.0,0,0,0,0,0,0,0,0,0,0,0,0,0,0
"39103","3","518210","78","0","2023","1","",2,10,10,9,180596,0,0,1437,"",47.43,9.28,9.32,8.38,10.52,0.00,0.00,1.17,"",0,0.0,0,0.0,0,0.0,-1,-10.0,13505,8.1,0,0.0,0,0.0,152,11.8
"39103","5","518210","78","0","2023","1","",20,49,47,45,1399504,413977,14798,2291,"",0.90,0.25,0.24,0.23,0.21,0.19,0.31,0.90,"",2,11.1,3,6.5,-1,-2.1,-4,-8.2,295690,26.8,1196,0.3,4187,39.5,510,28.6
"39105","5","518210","78","0","2023","1","N",1,0,0,0,0,0,0,0,"N",0.63,0,0,0,0,0,0,0,"N",0,0.0,0,0,0,0,0,0,0,0,0,0,0,0,0,0
"39107","5","518210","78","0","2023","1","N",2,0,0,0,0,0,0,0,"N",0.38,0,0,0,0,0,0,0,"N",0,0.0,0,0,0,0,0,0,0,0,0,0,0,0,0,0
"39109","5","518210","78","0","2023","1","",7,9,11,10,359161,99000,4680,2763,"",0.62,0.07,0.08,0.07,0.09,0.07,0.15,1.16,"",1,16.7,1,12.5,3,37.5,2,25.0,138347,62.7,18000,22.2,-801,-14.6,640,30.1
"39111","5","518210","78","0","2023","1","N",3,0,0,0,0,0,0,0,"N",1.77,0,0,0,0,0,0,0,"N",1,50.0,0,0,0,0,0,0,0,0,0,0,0,0,0,0
"39113","3","518210","78","0","2023","1","",2,43,41,41,974000,0,0,1798,"",18.41,9.85,9.42,9.41,12.99,0.00,0.00,1.36,"",0,0.0,1,2.4,-2,-4.7,0,0.0,45069,4.9,0,0.0,0,0.0,97,5.7
"39113","5","518210","78","0","2023","1","",46,250,248,246,6920496,2363964,49978,2147,"",0.80,0.31,0.31,0.31,0.24,0.29,0.30,0.78,"",5,12.2,16,6.8,14,6.0,3,1.2,1187444,20.7,322115,15.8,-64,-0.1,286,15.4
"39117","5","518210","78","0","2023","1","N",1,0,0,0,0,0,0,0,"N",0.40,0,0,0,0,0,0,0,"N",0,0.0,0,0,0,0,0,0,0,0,0,0,0,0,0,0
"39119","3","518210","78","0","2023","1","",1,3,2,2,42696,0,0,1408,"",61.73,4.88,3.26,3.27,4.80,0.00,0.00,1.26,"",0,0.0,1,50.0,0,0.0,0,0.0,9217,27.5,0,0.0,0,0.0,120,9.3
"39123","5","518210","78","0","2023","1","N",5,0,0,0,0,0,0,0,"N",0.94,0,0,0,0,0,0,0,"N",0,0.0,0,0,0,0,0,0,0,0,0,0,0,0,0,0
"39129","5","518210","78","0","2023","1","N",3,0,0,0,0,0,0,0,"N",0.65,0,0,0,0,0,0,0,"N",1,50.0,0,0,0,0,0,0,0,0,0,0,0,0,0,0
"39131","5","518210","78","0","2023","1","N",1,0,0,0,0,0,0,0,"N",0.39,0,0,0,0,0,0,0,"N",0,0.0,0,0,0,0,0,0,0,0,0,0,0,0,0,0
"39133","5","518210","78","0","2023","1","",15,29,32,32,921090,260400,6204,2286,"",0.92,0.16,0.18,0.18,0.16,0.14,0.16,0.91,"",1,7.1,9,45.0,11,52.4,10,45.5,279110,43.5,73930,39.6,1673,36.9,-66,-2.8
"39135","5","518210","78","0","2023","1","N",2,0,0,0,0,0,0,0,"N",0.59,0,0,0,0,0,0,0,"N",0,0.0,0,0,0,0,0,0,0,0,0,0,0,0,0,0
"39139","5","518210","78","0","2023","1","",3,10,10,10,276514,90000,6966,2127,"",0.24,0.06,0.06,0.06,0.06,0.06,0.23,0.97,"N",1,50.0,0,0,0,0,0,0,0,0,0,0,0,0,0,0
"39143","5","518210","78","0","2023","1","N",3,0,0,0,0,0,0,0,"N",0.47,0,0,0,0,0,0,0,"N",0,0.0,0,0,0,0,0,0,0,0,0,0,0,0,0,0
"39145","5","518210","78","0","2023","1","N",1,0,0,0,0,0,0,0,"N",0.15,0,0,0,0,0,0,0,"N",0,0.0,0,0,0,0,0,0,0,0,0,0,0,0,0,0
"39147","5","518210","78","0","2023","1","N",1,0,0,0,0,0,0,0,"N",0.19,0,0,0,0,0,0,0,"N",0,0.0,0,0,0,0,0,0,0,0,0,0,0,0,0,0
"39149","3","518210","78","0","2023","1","",1,5,5,5,98385,0,0,1514,"",108.11,10.47,10.45,10.47,13.17,0.00,0.00,1.26,"",0,0.0,1,25.0,1,25.0,1,25.0,20161,25.8,0,0.0,0,0.0,10,0.7
"39149","5","518210","78","0","2023","1","-",0,0,0,0,0,0,0,0,"N",0.00,0,0,0,0,0,0,0,"N",0,0,0,0,0,0,0,0,0,0,0,0,0,0,0,0
"39151","3","518210","78","0","2023","1","",2,35,35,35,669097,0,0,1471,"",25.91,12.88,12.89,12.92,16.13,0.00,0.00,1.25,"",0,0.0,-1,-2.8,-1,-2.8,0,0.0,18485,2.8,0,0.0,0,0.0,68,4.8
"39151","5","518210","78","0","2023","1","",31,53,51,51,1475095,447427,13320,2196,"",0.76,0.11,0.10,0.10,0.09,0.09,0.11,0.90,"N",7,29.2,0,0,0,0,0,0,0,0,0,0,0,0,0,0
"39153","3","518210","78","0","2023","1","",4,97,97,98,1535585,0,0,1214,"",30.84,20.85,20.91,21.28,18.51,0.00,0.00,0.88,"",0,0.0,1,1.0,2,2.1,4,4.3,125597,8.9,0,0.0,0,0.0,72,6.3
"39153","5","518210","78","0","2023","1","",64,444,444,448,13293390,4028107,89564,2296,"",0.93,0.52,0.52,0.53,0.42,0.44,0.45,0.80,"",7,12.3,-8,-1.8,-10,-2.2,-5,-1.1,1057289,8.6,-227407,-5.3,-7520,-7.7,218,10.5
"39155","3","518210","78","0","2023","1","",1,3,3,3,43460,0,0,1114,"",27.19,2.69,2.69,2.68,2.81,0.00,0.00,1.04,"",0,0.0,0,0.0,0,0.0,0,0.0,-7488,-14.7,0,0.0,0,0.0,-192,-14.7
"39155","5","518210","78","0","2023","1","",9,15,15,16,544191,150708,3415,2730,"",0.46,0.07,0.07,0.08,0.09,0.07,0.06,1.23,"",5,125.0,9,150.0,9,150.0,8,100.0,284182,109.3,84429,127.4,1860,119.6,-270,-9.0
"39157","3","518210","78","0","2023","1","",1,5,4,6,77408,0,0,1191,"",50.23,7.72,6.18,9.25,8.70,0.00,0.00,1.13,"",0,0.0,0,0.0,-2,-33.3,0,0.0,-971,-1.2,0,0.0,0,0.0,127,11.9
"39159","5","518210","78","0","2023","1","N",6,0,0,0,0,0,0,0,"N",0.90,0,0,0,0,0,0,0,"N",2,50.0,0,0,0,0,0,0,0,0,0,0,0,0,0,0
"39161","5","518210","78","0","2023","1","N",1,0,0,0,0,0,0,0,"N",0.35,0,0,0,0,0,0,0,"N",0,0.0,0,0,0,0,0,0,0,0,0,0,0,0,0,0
"39165","5","518210","78","0","2023","1","",47,239,241,241,15329758,2175842,71246,4907,"",1.71,0.75,0.76,0.75,1.25,0.58,0.80,1.65,"",7,17.5,23,10.6,29,13.7,28,13.1,5551225,56.8,-270643,-11.1,7806,12.3,1387,39.4
"39167","5","518210","78","0","2023","1","",5,11,11,12,273681,94859,2523,1858,"",0.69,0.14,0.14,0.15,0.10,0.12,0.15,0.71,"",0,0.0,1,10.0,1,10.0,2,20.0,53295,24.2,11865,14.3,509,25.3,163,9.6
"39169","5","518210","78","0","2023","1","N",3,0,0,0,0,0,0,0,"N",0.23,0,0,0,0,0,0,0,"N",0,0.0,0,0,0,0,0,0,0,0,0,0,0,0,0,0
"39171","5","518210","78","0","2023","1","N",4,0,0,0,0,0,0,0,"N",1.00,0,0,0,0,0,0,0,"N",1,33.3,0,0,0,0,0,0,0,0,0,0,0,0,0,0
"39173","5","518210","78","0","2023","1","",13,27,30,28,834157,241669,5476,2265,"",0.88,0.11,0.13,0.12,0.10,0.09,0.07,0.86,"",1,8.3,-1,-3.6,-2,-6.2,-2,-6.7,120985,17.0,-28767,-10.6,-1717,-23.9,436,23.8
"39999","5","518210","78","0","2023","1","",434,2172,2151,2147,62023497,18896709,522681,2212,"",3.85,3.64,3.59,3.58,1.59,1.97,2.02,0.44,"",123,39.5,519,31.4,420,24.3,417,24.1,8576500,16.0,2937862,18.4,78540,17.7,-200,-8.3
"40000","3","518210","58","0","2023","1","N",1,0,0,0,0,0,0,0,"N",0.95,0,0,0,0,0,0,0,"N",0,0.0,0,0,0,0,0,0,0,0,0,0,0,0,0,0
"40000","5","518210","58","0","2023","1","",457,2008,2013,2033,42437273,32403313,326062,1618,"",0.82,0.37,0.37,0.38,0.23,0.34,0.40,0.63,"",133,41.0,237,13.4,216,12.0,222,12.3,8284555,24.3,5660318,21.2,7613,2.4,153,10.4
"40001","5","518210","78","0","2023","1","N",1,0,0,0,0,0,0,0,"N",0.68,0,0,0,0,0,0,0,"N",0,0.0,0,0,0,0,0,0,0,0,0,0,0,0,0,0
"40009","5","518210","78","0","2023","1","N",1,0,0,0,0,0,0,0,"N",0.29,0,0,0,0,0,0,0,"N",-1,-50.0,0,0,0,0,0,0,0,0,0,0,0,0,0,0
"40013","5","518210","78","0","2023","1","N",6,0,0,0,0,0,0,0,"N",1.13,0,0,0,0,0,0,0,"N",2,50.0,0,0,0,0,0,0,0,0,0,0,0,0,0,0
"40017","5","518210","78","0","2023","1","",18,13,15,15,428557,316336,4179,2300,"",1.06,0.11,0.12,0.12,0.12,0.16,0.18,1.05,"",9,100.0,8,160.0,9,150.0,9,150.0,296622,224.8,210321,198.4,2805,204.1,509,28.4
"40019","5","518210","78","0","2023","1","N",1,0,0,0,0,0,0,0,"N",0.13,0,0,0,0,0,0,0,"N",1,100.0,0,0,0,0,0,0,0,0,0,0,0,0,0,0
"40021","5","518210","78","0","2023","1","N",1,0,0,0,0,0,0,0,"N",0.25,0,0,0,0,0,0,0,"N",1,100.0,0,0,0,0,0,0,0,0,0,0,0,0,0,0
"40027","5","518210","78","0","2023","1","",27,27,28,29,759027,493392,6156,2085,"",0.86,0.09,0.09,0.10,0.09,0.11,0.18,0.95,"",11,68.8,5,22.7,2,7.7,2,7.4,512381,207.7,323946,191.2,4304,232.4,1326,174.7
"40031","5","518210","78","0","2023","1","",6,400,399,401,6291651,5603365,88483,1210,"",0.52,3.01,3.02,3.04,1.74,3.16,6.00,0.58,"",1,20.0,-22,-5.2,-19,-4.5,-16,-3.8,261057,4.3,46203,0.8,-3268,-3.6,103,9.3
"40037","5","518210","78","0","2023","1","",5,5,5,5,128020,114998,1761,1970,"",0.66,0.07,0.07,0.07,0.06,0.09,0.13,0.83,"N",2,66.7,0,0,0,0,0,0,0,0,0,0,0,0,0,0
"40041","5","518210","78","0","2023","1","N",3,0,0,0,0,0,0,0,"N",0.73,0,0,0,0,0,0,0,"N",2,200.0,0,0,0,0,0,0,0,0,0,0,0,0,0,0
"40047","5","518210","78","0","2023","1","N",1,0,0,0,0,0,0,0,"N",0.13,0,0,0,0,0,0,0,"N",0,0.0,0,0,0,0,0,0,0,0,0,0,0,0,0,0
"40049","5","518210","78","0","2023","1","",3,4,5,4,150860,120014,1226,2678,"",0.80,0.13,0.16,0.13,0.15,0.20,0.26,1.10,"N",2,200.0,0,0,0,0,0,0,0,0,0,0,0,0,0,0
"40051","5","518210","78","0","2023","1","N",1,0,0,0,0,0,0,0,"N",0.18,0,0,0,0,0,0,0,"N",0,0.0,0,0,0,0,0,0,0,0,0,0,0,0,0,0
"40055","5","518210","78","0","2023","1","N",1,0,0,0,0,0,0,0,"N",2.10,0,0,0,0,0,0,0,"N",1,100.0,0,0,0,0,0,0,0,0,0,0,0,0,0,0
"40065","5","518210","78","0","2023","1","-",0,0,0,0,0,0,0,0,"N",0.00,0,0,0,0,0,0,0,"N",0,0,0,0,0,0,0,0,0,0,0,0,0,0,0,0
"40067","5","518210","78","0","2023","1","N",1,0,0,0,0,0,0,0,"N",1.52,0,0,0,0,0,0,0,"N",0,0.0,0,0,0,0,0,0,0,0,0,0,0,0,0,0
"40071","5","518210","78","0","2023","1","N",6,0,0,0,0,0,0,0,"N",1.08,0,0,0,0,0,0,0,"N",4,200.0,0,0,0,0,0,0,0,0,0,0,0,0,0,0
"40079","5","518210","78","0","2023","1","N",3,0,0,0,0,0,0,0,"N",0.65,0,0,0,0,0,0,0,"N",1,50.0,0,0,0,0,0,0,0,0,0,0,0,0,0,0
"40081","5","518210","78","0","2023","1","N",2,0,0,0,0,0,0,0,"N",0.61,0,0,0,0,0,0,0,"N",2,100.0,0,0,0,0,0,0,0,0,0,0,0,0,0,0
"40083","5","518210","78","0","2023","1","",4,3,3,3,70056,60566,600,1796,"",1.04,0.11,0.11,0.11,0.11,0.14,0.19,0.95,"N",2,100.0,0,0,0,0,0,0,0,0,0,0,0,0,0,0
"40087","5","518210","78","0","2023","1","N",1,0,0,0,0,0,0,0,"N",0.18,0,0,0,0,0,0,0,"N",0,0.0,0,0,0,0,0,0,0,0,0,0,0,0,0,0
"40091","5","518210","78","0","2023","1","N",1,0,0,0,0,0,0,0,"N",0.55,0,0,0,0,0,0,0,"N",1,100.0,0,0,0,0,0,0,0,0,0,0,0,0,0,0
"40097","5","518210","78","0","2023","1","N",3,0,0,0,0,0,0,0,"N",0.68,0,0,0,0,0,0,0,"N",2,200.0,0,0,0,0,0,0,0,0,0,0,0,0,0,0
"40101","5","518210","78","0","2023","1","",4,16,16,13,138245,131957,1671,709,"",0.58,0.17,0.18,0.14,0.05,0.10,0.12,0.31,"N",2,100.0,0,0,0,0,0,0,0,0,0,0,0,0,0,0
"40105","5","518210","78","0","2023","1","N",1,0,0,0,0,0,0,0,"N",1.22,0,0,0,0,0,0,0,"N",0,0.0,0,0,0,0,0,0,0,0,0,0,0,0,0,0
"40109","3","518210","78","0","2023","1","N",1,0,0,0,0,0,0,0,"N",3.72,0,0,0,0,0,0,0,"N",0,0.0,0,0,0,0,0,0,0,0,0,0,0,0,0,0
"40109","5","518210","78","0","2023","1","",143,758,762,764,14471022,11814437,98247,1462,"",1.01,0.48,0.49,0.49,0.24,0.41,0.42,0.49,"",40,38.8,85,12.6,70,10.1,67,9.6,1688103,13.2,1568022,15.3,-7199,-6.8,31,2.2
"40111","5","518210","78","0","2023","1","N",1,0,0,0,0,0,0,0,"N",0.28,0,0,0,0,0,0,0,"N",1,100.0,0,0,0,0,0,0,0,0,0,0,0,0,0,0
"40113","5","518210","78","0","2023","1","N",2,0,0,0,0,0,0,0,"N",0.81,0,0,0,0,0,0,0,"N",0,0.0,0,0,0,0,0,0,0,0,0,0,0,0,0,0
"40115","5","518210","78","0","2023","1","N",1,0,0,0,0,0,0,0,"N",0.29,0,0,0,0,0,0,0,"N",0,0.0,0,0,0,0,0,0,0,0,0,0,0,0,0,0
"40117","5","518210","78","0","2023","1","N",1,0,0,0,0,0,0,0,"N",0.64,0,0,0,0,0,0,0,"N",-1,-50.0,0,0,0,0,0,0,0,0,0,0,0,0,0,0
"40119","5","518210","78","0","2023","1","N",3,0,0,0,0,0,0,0,"N",0.31,0,0,0,0,0,0,0,"N",1,50.0,0,0,0,0,0,0,0,0,0,0,0,0,0,0
"40121","5","518210","78","0","2023","1","N",2,0,0,0,0,0,0,0,"N",0.43,0,0,0,0,0,0,0,"N",1,100.0,0,0,0,0,0,0,0,0,0,0,0,0,0,0
"40123","5","518210","78","0","2023","1","N",1,0,0,0,0,0,0,0,"N",0.19,0,0,0,0,0,0,0,"N",-1,-50.0,0,0,0,0,0,0,0,0,0,0,0,0,0,0
"40125","5","518210","78","0","2023","1","N",2,0,0,0,0,0,0,0,"N",0.31,0,0,0,0,0,0,0,"N",1,100.0,0,0,0,0,0,0,0,0,0,0,0,0,0,0
"40127","5","518210","78","0","2023","1","N",1,0,0,0,0,0,0,0,"N",0.80,0,0,0,0,0,0,0,"N",0,0.0,0,0,0,0,0,0,0,0,0,0,0,0,0,0
"40129","5","518210","78","0","2023","1","N",1,0,0,0,0,0,0,0,"N",2.10,0,0,0,0,0,0,0,"N",1,100.0,0,0,0,0,0,0,0,0,0,0,0,0,0,0
"40131","5","518210","78","0","2023","1","N",10,0,0,0,0,0,0,0,"N",1.04,0,0,0,0,0,0,0,"N",3,42.9,0,0,0,0,0,0,0,0,0,0,0,0,0,0
"40135","5","518210","78","0","2023","1","N",1,0,0,0,0,0,0,0,"N",0.30,0,0,0,0,0,0,0,"N",1,100.0,0,0,0,0,0,0,0,0,0,0,0,0,0,0
"40137","5","518210","78","0","2023","1","N",2,0,0,0,0,0,0,0,"N",0.38,0,0,0,0,0,0,0,"N",1,100.0,0,0,0,0,0,0,0,0,0,0,0,0,0,0
"40141","5","518210","78","0","2023","1","N",1,0,0,0,0,0,0,0,"N",1.27,0,0,0,0,0,0,0,"N",0,0.0,0,0,0,0,0,0,0,0,0,0,0,0,0,0
"40143","5","518210","78","0","2023","1","",107,288,288,302,10028401,6113272,57312,2636,"",0.94,0.24,0.25,0.26,0.23,0.27,0.27,0.93,"",32,42.7,1,0.3,2,0.7,12,4.1,1656228,19.8,615496,11.2,-5813,-9.2,397,17.7
"40145","5","518210","78","0","2023","1","",4,3,3,3,53832,47672,513,1380,"",0.94,0.09,0.09,0.09,0.05,0.08,0.08,0.59,"",1,33.3,-3,-50.0,-3,-50.0,-3,-50.0,-23977,-30.8,-23885,-33.4,-390,-43.2,382,38.3
"40147","5","518210","78","0","2023","1","",5,7,8,6,153564,134512,2061,1688,"",0.80,0.11,0.13,0.10,0.06,0.11,0.20,0.53,"N",2,66.7,0,0,0,0,0,0,0,0,0,0,0,0,0,0
"40151","5","518210","78","0","2023","1","N",1,0,0,0,0,0,0,0,"N",0.74,0,0,0,0,0,0,0,"N",0,0.0,0,0,0,0,0,0,0,0,0,0,0,0,0,0
"40153","5","518210","78","0","2023","1","N",1,0,0,0,0,0,0,0,"N",0.27,0,0,0,0,0,0,0,"N",0,0.0,0,0,0,0,0,0,0,0,0,0,0,0,0,0
"40999","5","518210","78","0","2023","1","",66,148,153,160,3849020,2512582,33756,1927,"",2.07,1.61,1.67,1.73,0.84,0.94,1.24,0.50,"",6,10.0,-45,-23.3,-53,-25.7,-45,-22.0,-55853,-1.4,-503396,-16.7,-6305,-15.7,435,29.2
"41000","3","518210","58","0","2023","1","N",6,0,0,0,0,0,0,0,"N",3.89,0,0,0,0,0,0,0,"N",0,0.0,0,0,0,0,0,0,0,0,0,0,0,0,0,0
"41000","5","518210","58","0","2023","1","",694,8245,8163,8062,356348714,262298794,4347731,3361,"",0.85,1.28,1.27,1.26,1.37,1.94,1.92,1.08,"",172,33.0,672,8.9,501,6.5,346,4.5,51936650,17.1,55513906,26.8,453283,11.6,300,9.8
"41003","5","518210","78","0","2023","1","",16,28,25,23,634024,616301,15326,1925,"",1.12,0.22,0.20,0.18,0.14,0.34,0.57,0.68,"",2,14.3,3,12.0,0,0.0,-1,-4.2,117794,22.8,103932,20.3,1063,7.5,315,19.6
"41005","5","518210","78","0","2023","1","",62,423,421,416,14259848,11807835,217004,2612,"",0.79,0.75,0.75,0.75,0.64,0.92,1.04,0.86,"",11,21.6,-62,-12.8,-58,-12.1,-61,-12.8,-5246857,-26.9,798273,7.3,-11509,-5.0,-512,-16.4
"41007","5","518210","78","0","2023","1","N",4,0,0,0,0,0,0,0,"N",0.47,0,0,0,0,0,0,0,"N",0,0.0,0,0,0,0,0,0,0,0,0,0,0,0,0,0
"41009","5","518210","78","0","2023","1","N",2,0,0,0,0,0,0,0,"N",0.30,0,0,0,0,0,0,0,"N",2,100.0,0,0,0,0,0,0,0,0,0,0,0,0,0,0
"41011","5","518210","78","0","2023","1","N",1,0,0,0,0,0,0,0,"N",0.11,0,0,0,0,0,0,0,"N",1,100.0,0,0,0,0,0,0,0,0,0,0,0,0,0,0
"41013","5","518210","78","0","2023","1","N",5,0,0,0,0,0,0,0,"N",1.30,0,0,0,0,0,0,0,"N",1,25.0,0,0,0,0,0,0,0,0,0,0,0,0,0,0
"41015","5","518210","78","0","2023","1","N",1,0,0,0,0,0,0,0,"N",0.24,0,0,0,0,0,0,0,"N",0,0.0,0,0,0,0,0,0,0,0,0,0,0,0,0,0
"41017","3","518210","78","0","2023","1","N",1,0,0,0,0,0,0,0,"N",10.28,0,0,0,0,0,0,0,"N",0,0.0,0,0,0,0,0,0,0,0,0,0,0,0,0,0
"41017","5","518210","78","0","2023","1","",40,57,58,56,1570851,1477294,29087,2120,"",0.78,0.19,0.20,0.19,0.15,0.25,0.30,0.77,"",10,33.3,4,7.5,8,16.0,5,9.8,413414,35.7,381489,34.8,4720,19.4,386,22.3
"41019","5","518210","78","0","2023","1","N",3,0,0,0,0,0,0,0,"N",0.19,0,0,0,0,0,0,0,"N",0,0.0,0,0,0,0,0,0,0,0,0,0,0,0,0,0
"41027","5","518210","78","0","2023","1","N",4,0,0,0,0,0,0,0,"N",0.60,0,0,0,0,0,0,0,"N",1,33.3,0,0,0,0,0,0,0,0,0,0,0,0,0,0
"41029","5","518210","78","0","2023","1","",16,54,56,51,3209318,2221590,24504,4600,"",0.42,0.18,0.19,0.18,0.33,0.45,0.29,1.80,"",0,0.0,1,1.9,3,5.7,-3,-5.6,394888,14.0,268288,13.7,-43,-0.2,541,13.3
"41033","5","518210","78","0","2023","1","",6,17,18,19,503960,461800,9286,2154,"",0.48,0.17,0.18,0.19,0.18,0.31,0.38,1.00,"",0,0.0,-1,-5.6,6,50.0,9,90.0,79198,18.6,99865,27.6,1402,17.8,-297,-12.1
"41035","5","518210","78","0","2023","1","N",3,0,0,0,0,0,0,0,"N",0.28,0,0,0,0,0,0,0,"N",1,50.0,0,0,0,0,0,0,0,0,0,0,0,0,0,0
"41039","5","518210","78","0","2023","1","N",35,0,0,0,0,0,0,0,"N",0.57,0,0,0,0,0,0,0,"N",7,25.0,0,0,0,0,0,0,0,0,0,0,0,0,0,0
"41041","5","518210","78","0","2023","1","N",2,0,0,0,0,0,0,0,"N",0.21,0,0,0,0,0,0,0,"N",1,100.0,0,0,0,0,0,0,0,0,0,0,0,0,0,0
"41043","5","518210","78","0","2023","1","N",1,0,0,0,0,0,0,0,"N",0.06,0,0,0,0,0,0,0,"N",0,0.0,0,0,0,0,0,0,0,0,0,0,0,0,0,0
"41047","3","518210","78","0","2023","1","N",5,0,0,0,0,0,0,0,"N",46.72,0,0,0,0,0,0,0,"N",0,0.0,0,0,0,0,0,0,0,0,0,0,0,0,0,0
"41047","5","518210","78","0","2023","1","",21,45,43,42,1125853,957161,15319,1999,"",0.37,0.08,0.08,0.08,0.06,0.12,0.11,0.71,"N",3,16.7,0,0,0,0,0,0,0,0,0,0,0,0,0,0
"41049","5","518210","78","0","2023","1","N",10,0,0,0,0,0,0,0,"N",5.46,0,0,0,0,0,0,0,"N",0,0.0,0,0,0,0,0,0,0,0,0,0,0,0,0,0
"41051","5","518210","78","0","2023","1","",226,2605,2600,2593,120445202,90673806,1647889,3564,"",1.22,1.57,1.57,1.58,1.56,2.41,2.57,0.99,"",65,40.4,522,25.1,528,25.5,516,24.8,37411696,45.1,29951311,49.3,285491,21.0,489,15.9
"41053","5","518210","78","0","2023","1","N",6,0,0,0,0,0,0,0,"N",0.57,0,0,0,0,0,0,0,"N",0,0.0,0,0,0,0,0,0,0,0,0,0,0,0,0,0
"41055","5","518210","78","0","2023","1","N",1,0,0,0,0,0,0,0,"N",1.86,0,0,0,0,0,0,0,"N",1,100.0,0,0,0,0,0,0,0,0,0,0,0,0,0,0
"41057","5","518210","78","0","2023","1","N",2,0,0,0,0,0,0,0,"N",0.40,0,0,0,0,0,0,0,"N",1,100.0,0,0,0,0,0,0,0,0,0,0,0,0,0,0
"41059","5","518210","78","0","2023","1","N",8,0,0,0,0,0,0,0,"N",0.71,0,0,0,0,0,0,0,"N",0,0.0,0,0,0,0,0,0,0,0,0,0,0,0,0,0
"41061","5","518210","78","0","2023","1","N",1,0,0,0,0,0,0,0,"N",0.22,0,0,0,0,0,0,0,"N",0,0.0,0,0,0,0,0,0,0,0,0,0,0,0,0,0
"41065","5","518210","78","0","2023","1","N",7,0,0,0,0,0,0,0,"N",1.39,0,0,0,0,0,0,0,"N",1,16.7,0,0,0,0,0,0,0,0,0,0,0,0,0,0
"41067","5","518210","78","0","2023","1","",97,1901,1876,1863,63397591,51374863,822443,2594,"",0.95,1.88,1.86,1.86,1.22,1.71,1.66,0.65,"",24,32.9,-174,-8.4,-212,-10.2,-244,-11.6,-11123073,-14.9,-3747978,-6.8,-65150,-7.3,-149,-5.4
"41069","5","518210","78","0","2023","1","N",1,0,0,0,0,0,0,0,"N",3.02,0,0,0,0,0,0,0,"N",1,100.0,0,0,0,0,0,0,0,0,0,0,0,0,0,0
"41071","5","518210","78","0","2023","1","",8,20,22,23,408591,381344,4775,1451,"",0.47,0.16,0.18,0.18,0.11,0.18,0.14,0.61,"N",4,100.0,0,0,0,0,0,0,0,0,0,0,0,0,0,0
"41999","5","518210","78","0","2023","1","",105,842,830,823,50737689,32094868,550565,4693,"",2.18,7.46,7.33,7.33,6.68,6.75,6.25,0.91,"",35,50.0,-45,-5.1,-89,-9.7,-95,-10.3,2475675,5.1,8399857,35.4,108965,24.7,604,14.8
"42000","1","518210","58","0","2023","1","",1,1213,1208,1199,18807175,0,0,1199,"",30.49,25.65,25.76,25.67,26.76,0.00,0.00,1.04,"",0,0.0,-32,-2.6,-27,-2.2,-36,-2.9,981943,5.5,0,0.0,0,0.0,92,8.3
"42000","2","518210","58","0","2023","1","N",1,0,0,0,0,0,0,0,"N",1.60,0,0,0,0,0,0,0,"N",0,0.0,0,0,0,0,0,0,0,0,0,0,0,0,0,0
"42000","5","518210","58","0","2023","1","",1878,14459,14408,14373,498954813,135569820,4552618,2663,"",1.12,0.75,0.75,0.75,0.61,0.62,0.62,0.81,"",168,9.8,1292,9.8,1107,8.3,997,7.5,80199271,19.2,10455395,8.4,233957,5.4,238,9.8
"42001","5","518210","78","0","2023","1","",6,8,8,8,183497,88615,5114,1764,"",0.62,0.07,0.07,0.07,0.06,0.08,0.15,0.75,"",3,100.0,5,166.7,5,166.7,5,166.7,148946,431.1,64225,263.3,3291,180.5,878,99.1
"42003","5","518210","78","0","2023","1","",119,1876,1846,1827,70346071,16263672,500216,2926,"",0.75,0.88,0.87,0.86,0.69,0.66,0.60,0.80,"",2,1.7,64,3.5,46,2.6,8,0.4,11187304,18.9,308264,1.9,-48770,-8.9,412,16.4
"42005","5","518210","78","0","2023","1","",5,115,112,116,3331343,1004537,30992,2241,"",0.77,2.29,2.24,2.29,2.26,1.92,1.57,1.00,"",-2,-28.6,-8,-6.5,-11,-8.9,-6,-4.9,1564,0.0,-74159,-6.9,-4786,-13.4,153,7.3
"42007","5","518210","78","0","2023","1","",5,3,3,3,86243,30000,1370,2211,"",0.31,0.02,0.02,0.02,0.02,0.02,0.02,0.82,"N",4,400.0,0,0,0,0,0,0,0,0,0,0,0,0,0,0
"42009","5","518210","78","0","2023","1","N",2,0,0,0,0,0,0,0,"N",0.38,0,0,0,0,0,0,0,"N",1,100.0,0,0,0,0,0,0,0,0,0,0,0,0,0,0
"42011","5","518210","78","0","2023","1","",12,112,107,108,1810099,1148500,28251,1277,"",0.31,0.20,0.19,0.20,0.09,0.18,0.13,0.45,"N",6,100.0,0,0,0,0,0,0,0,0,0,0,0,0,0,0
"42013","5","518210","78","0","2023","1","N",2,0,0,0,0,0,0,0,"N",0.13,0,0,0,0,0,0,0,"N",-1,-33.3,0,0,0,0,0,0,0,0,0,0,0,0,0,0
"42017","5","518210","78","0","2023","1","",56,834,829,835,19433288,7514237,210749,1795,"",0.61,0.96,0.97,0.97,0.61,0.72,0.62,0.63,"",0,0.0,65,8.5,41,5.2,46,5.8,3953964,25.5,607077,8.8,-1239,-0.6,272,17.9
"42019","5","518210","78","0","2023","1","",11,171,172,174,5535150,1704327,48860,2471,"",0.48,0.61,0.62,0.63,0.54,0.53,0.43,0.86,"",2,22.2,1,0.6,1,0.6,4,2.4,347874,6.7,15470,0.9,6803,16.2,128,5.5
"42021","5","518210","78","0","2023","1","N",2,0,0,0,0,0,0,0,"N",0.14,0,0,0,0,0,0,0,"N",1,100.0,0,0,0,0,0,0,0,0,0,0,0,0,0,0
"42025","5","518210","78","0","2023","1","N",2,0,0,0,0,0,0,0,"N",0.36,0,0,0,0,0,0,0,"N",-1,-33.3,0,0,0,0,0,0,0,0,0,0,0,0,0,0
"42027","5","518210","78","0","2023","1","N",9,0,0,0,0,0,0,0,"N",0.57,0,0,0,0,0,0,0,"N",2,28.6,0,0,0,0,0,0,0,0,0,0,0,0,0,0
"42029","5","518210","78","0","2023","1","",66,1070,1083,1083,52701130,10622470,325777,3758,"",0.93,1.32,1.35,1.35,1.19,0.99,1.00,0.89,"",1,1.5,-121,-10.2,-108,-9.1,-62,-5.4,-3910486,-6.9,-707613,-6.2,-18407,-5.3,54,1.5
"42037","5","518210","78","0","2023","1","N",1,0,0,0,0,0,0,0,"N",0.15,0,0,0,0,0,0,0,"N",0,0.0,0,0,0,0,0,0,0,0,0,0,0,0,0,0
"42039","5","518210","78","0","2023","1","N",2,0,0,0,0,0,0,0,"N",0.21,0,0,0,0,0,0,0,"N",0,0.0,0,0,0,0,0,0,0,0,0,0,0,0,0,0
"42041","5","518210","78","0","2023","1","",15,263,268,268,6216496,2758909,123998,1795,"",0.50,0.59,0.61,0.61,0.38,0.52,0.75,0.63,"",-2,-11.8,-16,-5.7,-11,-3.9,-11,-3.9,-1066016,-14.6,-133389,-4.6,-8911,-6.7,-213,-10.6
"42043","2","518210","78","0","2023","1","N",1,0,0,0,0,0,0,0,"N",81.34,0,0,0,0,0,0,0,"N",0,0.0,0,0,0,0,0,0,0,0,0,0,0,0,0,0
"42043","5","518210","78","0","2023","1","",15,163,169,179,2503510,1236716,49507,1131,"",0.45,0.27,0.28,0.30,0.10,0.21,0.26,0.36,"",-2,-11.8,-103,-38.7,-96,-36.2,-97,-35.1,-1824578,-42.2,-677915,-35.4,-17217,-25.8,-107,-8.6
"42045","5","518210","78","0","2023","1","",29,106,109,108,3450491,1094365,27727,2465,"",0.46,0.15,0.15,0.15,0.11,0.13,0.11,0.72,"",1,3.6,-5,-4.5,-2,-1.8,-7,-6.1,79353,2.4,3679,0.3,-2511,-8.3,157,6.8
"42049","5","518210","78","0","2023","1","",6,17,17,16,242031,131922,4573,1117,"",0.20,0.04,0.04,0.04,0.02,0.03,0.03,0.48,"",1,20.0,-7,-29.2,-4,-19.0,-4,-20.0,-118421,-32.9,-44312,-25.1,-3793,-45.3,-163,-12.7
"42055","5","518210","78","0","2023","1","N",2,0,0,0,0,0,0,0,"N",0.14,0,0,0,0,0,0,0,"N",-3,-60.0,0,0,0,0,0,0,0,0,0,0,0,0,0,0
"42059","5","518210","78","0","2023","1","N",1,0,0,0,0,0,0,0,"N",0.28,0,0,0,0,0,0,0,"N",0,0.0,0,0,0,0,0,0,0,0,0,0,0,0,0,0
"42061","5","518210","78","0","2023","1","-",0,0,0,0,0,0,0,0,"N",0.00,0,0,0,0,0,0,0,"N",0,0,0,0,0,0,0,0,0,0,0,0,0,0,0,0
"42063","5","518210","78","0","2023","1","N",2,0,0,0,0,0,0,0,"N",0.23,0,0,0,0,0,0,0,"N",0,0.0,0,0,0,0,0,0,0,0,0,0,0,0,0,0
"42069","5","518210","78","0","2023","1","",7,15,15,14,310551,128749,6173,1629,"",0.29,0.05,0.05,0.05,0.03,0.04,0.06,0.70,"",0,0.0,-2,-11.8,-3,-16.7,-4,-22.2,39108,14.4,6743,5.5,291,4.9,447,37.8
"42071","5","518210","78","0","2023","1","",10,96,95,98,2396269,877992,24614,1913,"",0.16,0.12,0.12,0.12,0.09,0.09,0.09,0.73,"",0,0.0,6,6.7,8,9.2,12,14.0,597726,33.2,64692,8.0,4329,21.3,335,21.2
"42073","5","518210","78","0","2023","1","N",2,0,0,0,0,0,0,0,"N",0.23,0,0,0,0,0,0,0,"N",1,100.0,0,0,0,0,0,0,0,0,0,0,0,0,0,0
"42075","5","518210","78","0","2023","1","",4,9,8,8,128618,69124,1682,1187,"",0.31,0.05,0.05,0.05,0.02,0.04,0.03,0.49,"N",0,0.0,0,0,0,0,0,0,0,0,0,0,0,0,0,0
"42077","5","518210","78","0","2023","1","",22,183,189,210,2613133,1328097,34413,1036,"",0.57,0.28,0.30,0.33,0.10,0.19,0.14,0.34,"",-2,-8.3,-52,-22.1,-46,-19.6,-44,-17.3,-1690053,-39.3,-682205,-33.9,-21665,-38.6,-336,-24.5
"42079","1","518210","78","0","2023","1","",1,1213,1208,1199,18807175,0,0,1199,"",1574.93,1059.32,1068.71,1063.90,1476.39,0.00,0.00,1.39,"",0,0.0,-32,-2.6,-27,-2.2,-36,-2.9,981943,5.5,0,0.0,0,0.0,92,8.3
"42079","5","518210","78","0","2023","1","",12,172,168,162,3375968,1631573,47945,1552,"",0.37,0.37,0.36,0.35,0.23,0.31,0.26,0.63,"",1,9.1,-11,-6.0,-10,-5.6,-15,-8.5,248033,7.9,-20765,-1.3,-8770,-15.5,210,15.6
"42081","5","518210","78","0","2023","1","N",3,0,0,0,0,0,0,0,"N",0.22,0,0,0,0,0,0,0,"N",1,50.0,0,0,0,0,0,0,0,0,0,0,0,0,0,0
"42085","5","518210","78","0","2023","1","",3,45,46,42,794733,437293,13752,1379,"",0.24,0.32,0.33,0.31,0.18,0.30,0.25,0.57,"N",1,50.0,0,0,0,0,0,0,0,0,0,0,0,0,0,0
"42089","5","518210","78","0","2023","1","N",7,0,0,0,0,0,0,0,"N",0.44,0,0,0,0,0,0,0,"N",6,600.0,0,0,0,0,0,0,0,0,0,0,0,0,0,0
"42091","5","518210","78","0","2023","1","",89,2509,2497,2472,54516557,22237952,669725,1682,"",0.71,1.54,1.54,1.53,0.59,1.03,0.98,0.39,"",-12,-11.9,-5,-0.2,-3,-0.1,-51,-2.0,1776142,3.4,-155544,-0.7,-5939,-0.9,67,4.1
"42095","5","518210","78","0","2023","1","",28,826,830,844,19099637,7780445,332487,1763,"",0.92,2.10,2.13,2.17,1.42,1.76,2.29,0.67,"",-1,-3.4,74,9.8,44,5.6,54,6.8,3897957,25.6,749029,10.7,15543,4.9,256,17.0
"42097","5","518210","78","0","2023","1","N",1,0,0,0,0,0,0,0,"N",0.12,0,0,0,0,0,0,0,"N",0,0.0,0,0,0,0,0,0,0,0,0,0,0,0,0,0
"42099","5","518210","78","0","2023","1","N",2,0,0,0,0,0,0,0,"N",0.51,0,0,0,0,0,0,0,"N",2,100.0,0,0,0,0,0,0,0,0,0,0,0,0,0,0
"42101","5","518210","78","0","2023","1","",101,621,622,631,19199635,6040001,203350,2364,"",0.67,0.27,0.28,0.28,0.18,0.27,0.27,0.63,"",10,11.0,94,17.8,98,18.7,112,21.6,864570,4.7,743575,14.0,-2654,-1.3,-331,-12.3
"42103","5","518210","78","0","2023","1","N",2,0,0,0,0,0,0,0,"N",0.41,0,0,0,0,0,0,0,"N",-1,-33.3,0,0,0,0,0,0,0,0,0,0,0,0,0,0
"42111","5","518210","78","0","2023","1","N",2,0,0,0,0,0,0,0,"N",0.25,0,0,0,0,0,0,0,"N",1,100.0,0,0,0,0,0,0,0,0,0,0,0,0,0,0
"42115","5","518210","78","0","2023","1","N",2,0,0,0,0,0,0,0,"N",0.46,0,0,0,0,0,0,0,"N",1,100.0,0,0,0,0,0,0,0,0,0,0,0,0,0,0
"42117","5","518210","78","0","2023","1","N",1,0,0,0,0,0,0,0,"N",0.23,0,0,0,0,0,0,0,"N",-1,-50.0,0,0,0,0,0,0,0,0,0,0,0,0,0,0
"42119","5","518210","78","0","2023","1","N",1,0,0,0,0,0,0,0,"N",0.22,0,0,0,0,0,0,0,"N",0,0.0,0,0,0,0,0,0,0,0,0,0,0,0,0,0
"42121","5","518210","78","0","2023","1","N",1,0,0,0,0,0,0,0,"N",0.18,0,0,0,0,0,0,0,"N",0,0.0,0,0,0,0,0,0,0,0,0,0,0,0,0,0
"42123","5","518210","78","0","2023","1","N",2,0,0,0,0,0,0,0,"N",0.48,0,0,0,0,0,0,0,"N",1,100.0,0,0,0,0,0,0,0,0,0,0,0,0,0,0
"42125","5","518210","78","0","2023","1","",8,75,76,76,11136083,824383,19899,11321,"",0.32,0.27,0.28,0.28,0.85,0.24,0.16,3.06,"",1,14.3,7,10.3,9,13.4,6,8.6,8682874,353.9,560332,212.2,11733,143.7,8559,309.9
"42127","5","518210","78","0","2023","1","N",2,0,0,0,0,0,0,0,"N",0.32,0,0,0,0,0,0,0,"N",0,0.0,0,0,0,0,0,0,0,0,0,0,0,0,0,0
"42129","5","518210","78","0","2023","1","N",7,0,0,0,0,0,0,0,"N",0.17,0,0,0,0,0,0,0,"N",-1,-12.5,0,0,0,0,0,0,0,0,0,0,0,0,0,0
"42131","5","518210","78","0","2023","1","N",1,0,0,0,0,0,0,0,"N",0.32,0,0,0,0,0,0,0,"N",0,0.0,0,0,0,0,0,0,0,0,0,0,0,0,0,0
"42133","5","518210","78","0","2023","1","",10,36,36,35,682179,280118,11403,1471,"",0.24,0.06,0.06,0.06,0.03,0.04,0.05,0.54,"",0,0.0,26,260.0,26,260.0,26,288.9,429172,169.6,196664,235.7,9649,550.1,-542,-26.9
"42999","5","518210","78","0","2023","1","",1178,4871,4846,4802,213021621,47879587,1753771,3386,"",5.01,4.87,4.85,4.82,2.86,2.76,2.93,0.59,"",147,14.3,1210,33.1,1084,28.8,994,26.1,55067219,34.9,9141836,23.6,319674,22.3,140,4.3
"44000","5","518210","58","0","2023","1","",425,762,747,730,31532313,17504932,330927,3250,"",2.03,0.49,0.48,0.47,0.50,0.63,0.58,1.04,"",125,41.7,137,21.9,129,20.9,73,11.1,7483861,31.1,4686373,36.6,56109,20.4,329,11.3
"44001","5","518210","78","0","2023","1","",18,22,22,20,1375208,577691,7113,4959,"",1.91,0.48,0.48,0.43,0.90,0.82,0.50,1.95,"",5,38.5,8,57.1,8,57.1,4,25.0,262153,23.6,237196,69.7,3100,77.2,-879,-15.1
"44003","5","518210","78","0","2023","1","",38,92,96,98,3029445,1997646,42855,2444,"",1.29,0.38,0.40,0.41,0.35,0.44,0.46,0.88,"",13,52.0,-2,-2.1,10,11.6,13,15.3,1083792,55.7,442779,28.5,1662,4.0,750,44.3
"44005","5","518210","78","0","2023","1","",39,44,44,44,1765160,993516,14133,3086,"",2.07,0.35,0.35,0.35,0.33,0.48,0.33,0.96,"",20,105.3,19,76.0,19,76.0,18,69.2,815701,85.9,535359,116.9,3709,35.6,203,7.0
"44007","5","518210","78","0","2023","1","",172,296,286,273,9831062,6421328,115307,2653,"",1.68,0.32,0.31,0.30,0.26,0.41,0.36,0.84,"",85,97.7,48,19.4,46,19.2,29,11.9,2619358,36.3,1779258,38.3,21650,23.1,379,16.7
"44009","5","518210","78","0","2023","1","",27,83,80,80,4834737,2010527,43636,4591,"",1.11,0.48,0.46,0.46,0.77,0.63,0.67,1.65,"",8,42.1,16,23.9,16,25.0,14,21.2,538567,12.5,427727,27.0,5902,15.6,-442,-8.8
"44999","5","518210","78","0","2023","1","",131,225,219,215,10696701,5504224,107883,3746,"",5.42,5.08,4.86,4.78,3.21,3.41,3.34,0.65,"",-6,-4.4,48,27.1,30,15.9,-5,-2.3,2164290,25.4,1264054,29.8,20086,22.9,386,11.5
"45000","5","518210","58","0","2023","1","",1241,4574,4493,4388,125975938,56008275,617429,2161,"",1.64,0.63,0.62,0.61,0.51,0.55,0.81,0.81,"",228,22.5,412,9.9,283,6.7,199,4.8,21889259,21.0,5858200,11.7,-157912,-20.4,249,13.0
"45003","5","518210","78","0","2023","1","N",2,0,0,0,0,0,0,0,"N",0.13,0,0,0,0,0,0,0,"N",-2,-50.0,0,0,0,0,0,0,0,0,0,0,0,0,0,0
"45007","5","518210","78","0","2023","1","",12,34,35,33,704343,349598,1567,1594,"",0.65,0.15,0.15,0.14,0.11,0.12,0.09,0.73,"",2,20.0,-18,-34.6,-18,-34.0,-20,-37.7,-273591,-28.0,-269310,-43.5,-4261,-73.1,166,11.6
"45011","5","518210","78","0","2023","1","N",1,0,0,0,0,0,0,0,"N",0.55,0,0,0,0,0,0,0,"N",0,0.0,0,0,0,0,0,0,0,0,0,0,0,0,0,0
"45013","5","518210","78","0","2023","1","",22,27,29,31,1260305,372266,943,3343,"",0.70,0.12,0.13,0.14,0.19,0.12,0.05,1.46,"",1,4.8,-25,-48.1,-17,-37.0,3,10.7,305669,32.0,-105069,-22.0,-1448,-60.6,1595,91.2
"45015","5","518210","78","0","2023","1","",32,54,54,52,1580015,721371,2556,2279,"",1.60,0.27,0.27,0.26,0.19,0.23,0.09,0.73,"N",12,60.0,0,0,0,0,0,0,0,0,0,0,0,0,0,0
"45017","5","518210","78","0","2023","1","N",1,0,0,0,0,0,0,0,"N",0.84,0,0,0,0,0,0,0,"N",0,0.0,0,0,0,0,0,0,0,0,0,0,0,0,0,0
"45019","5","518210","78","0","2023","1","",148,807,813,806,27295873,9739068,76068,2596,"",1.64,0.92,0.93,0.92,0.80,0.78,0.84,0.86,"",17,13.0,-26,-3.1,-22,-2.6,-30,-3.6,3755009,16.0,33461,0.3,-4201,-5.2,426,19.6
"45021","5","518210","78","0","2023","1","N",1,0,0,0,0,0,0,0,"N",0.25,0,0,0,0,0,0,0,"N",1,100.0,0,0,0,0,0,0,0,0,0,0,0,0,0,0
"45023","5","518210","78","0","2023","1","N",3,0,0,0,0,0,0,0,"N",1.11,0,0,0,0,0,0,0,"N",0,0.0,0,0,0,0,0,0,0,0,0,0,0,0,0,0
"45025","5","518210","78","0","2023","1","N",2,0,0,0,0,0,0,0,"N",0.61,0,0,0,0,0,0,0,"N",2,100.0,0,0,0,0,0,0,0,0,0,0,0,0,0,0
"45027","5","518210","78","0","2023","1","N",1,0,0,0,0,0,0,0,"N",0.37,0,0,0,0,0,0,0,"N",0,0.0,0,0,0,0,0,0,0,0,0,0,0,0,0,0
"45029","5","518210","78","0","2023","1","N",1,0,0,0,0,0,0,0,"N",0.27,0,0,0,0,0,0,0,"N",0,0.0,0,0,0,0,0,0,0,0,0,0,0,0,0,0
"45031","5","518210","78","0","2023","1","N",2,0,0,0,0,0,0,0,"N",0.38,0,0,0,0,0,0,0,"N",-1,-33.3,0,0,0,0,0,0,0,0,0,0,0,0,0,0
"45033","5","518210","78","0","2023","1","N",1,0,0,0,0,0,0,0,"N",0.45,0,0,0,0,0,0,0,"N",-1,-50.0,0,0,0,0,0,0,0,0,0,0,0,0,0,0
"45035","5","518210","78","0","2023","1","",13,27,26,26,621845,330041,237,1816,"",0.95,0.21,0.21,0.21,0.17,0.19,0.02,0.81,"N",4,44.4,0,0,0,0,0,0,0,0,0,0,0,0,0,0
"45039","5","518210","78","0","2023","1","N",2,0,0,0,0,0,0,0,"N",1.14,0,0,0,0,0,0,0,"N",0,0.0,0,0,0,0,0,0,0,0,0,0,0,0,0,0
"45041","5","518210","78","0","2023","1","",7,16,16,19,305202,202751,329,1381,"",0.45,0.07,0.07,0.09,0.05,0.08,0.01,0.61,"N",1,16.7,0,0,0,0,0,0,0,0,0,0,0,0,0,0
"45043","5","518210","78","0","2023","1","",7,38,39,40,908599,384624,4277,1792,"",0.71,0.46,0.47,0.48,0.38,0.37,0.41,0.81,"",1,16.7,4,11.8,2,5.4,5,14.3,387613,74.4,63482,19.8,1804,72.9,658,58.0
"45045","5","518210","78","0","2023","1","",105,346,354,353,9754665,4490915,18360,2138,"",1.28,0.37,0.38,0.38,0.29,0.31,0.19,0.78,"",13,14.1,12,3.6,-1,-0.3,30,9.3,1874761,23.8,246536,5.8,-14347,-43.9,341,19.0
"45047","5","518210","78","0","2023","1","N",4,0,0,0,0,0,0,0,"N",0.61,0,0,0,0,0,0,0,"N",1,33.3,0,0,0,0,0,0,0,0,0,0,0,0,0,0
"45051","5","518210","78","0","2023","1","",54,69,70,72,1876279,882862,1625,2052,"",1.08,0.16,0.16,0.16,0.16,0.17,0.04,1.00,"",12,28.6,11,19.0,10,16.7,15,26.3,165804,9.7,140877,19.0,-1326,-44.9,-204,-9.0
"45053","5","518210","78","0","2023","1","N",2,0,0,0,0,0,0,0,"N",0.52,0,0,0,0,0,0,0,"N",0,0.0,0,0,0,0,0,0,0,0,0,0,0,0,0,0
"45055","5","518210","78","0","2023","1","",5,5,4,4,56849,38451,772,1009,"",0.78,0.08,0.07,0.07,0.04,0.05,0.15,0.49,"",0,0.0,0,0.0,-2,-33.3,-3,-42.9,-48126,-45.8,-27316,-41.5,25,3.3,-337,-25.0
"45057","5","518210","78","0","2023","1","",13,20,21,22,440542,264890,323,1614,"",1.50,0.22,0.24,0.25,0.14,0.21,0.03,0.58,"",1,8.3,-5,-20.0,7,50.0,6,37.5,129776,41.8,26334,11.0,-603,-65.1,310,23.8
"45059","5","518210","78","0","2023","1","N",2,0,0,0,0,0,0,0,"N",0.46,0,0,0,0,0,0,0,"N",1,100.0,0,0,0,0,0,0,0,0,0,0,0,0,0,0
"45061","5","518210","78","0","2023","1","N",1,0,0,0,0,0,0,0,"N",0.75,0,0,0,0,0,0,0,"N",1,100.0,0,0,0,0,0,0,0,0,0,0,0,0,0,0
"45063","5","518210","78","0","2023","1","",41,140,130,108,3182585,1547607,15722,1943,"",1.13,0.33,0.31,0.26,0.25,0.28,0.40,0.82,"",9,28.1,-6,-4.1,-22,-14.5,-45,-29.4,402875,14.5,37406,2.5,-27478,-63.6,521,36.6
"45065","5","518210","78","0","2023","1","N",1,0,0,0,0,0,0,0,"N",0.88,0,0,0,0,0,0,0,"N",1,100.0,0,0,0,0,0,0,0,0,0,0,0,0,0,0
"45067","5","518210","78","0","2023","1","N",1,0,0,0,0,0,0,0,"N",0.48,0,0,0,0,0,0,0,"N",1,100.0,0,0,0,0,0,0,0,0,0,0,0,0,0,0
"45069","5","518210","78","0","2023","1","N",1,0,0,0,0,0,0,0,"N",0.69,0,0,0,0,0,0,0,"N",0,0.0,0,0,0,0,0,0,0,0,0,0,0,0,0,0
"45071","5","518210","78","0","2023","1","",5,6,6,6,115301,82000,219,1478,"",1.31,0.12,0.12,0.12,0.08,0.12,0.05,0.69,"",1,25.0,5,500.0,4,200.0,3,100.0,78971,217.4,50328,158.9,128,140.7,81,5.8
"45073","5","518210","78","0","2023","1","",5,27,25,25,639921,328738,16263,1918,"",0.60,0.33,0.30,0.30,0.24,0.29,1.78,0.76,"",0,0.0,5,22.7,4,19.0,3,13.6,-115911,-15.3,79285,31.8,12447,326.2,-765,-28.5
"45075","5","518210","78","0","2023","1","N",2,0,0,0,0,0,0,0,"N",0.26,0,0,0,0,0,0,0,"N",1,100.0,0,0,0,0,0,0,0,0,0,0,0,0,0,0
"45077","5","518210","78","0","2023","1","",14,64,64,66,1958536,861588,9641,2330,"",1.17,0.51,0.51,0.53,0.52,0.69,1.37,1.00,"",0,0.0,0,0.0,3,4.9,6,10.0,579160,42.0,42888,5.2,-243,-2.5,609,35.4
"45079","5","518210","78","0","2023","1","",71,190,187,186,4193925,2000791,9910,1719,"",1.36,0.26,0.26,0.26,0.16,0.22,0.15,0.61,"",6,9.2,-105,-35.6,-122,-39.5,-117,-38.6,-647901,-13.4,-1214428,-37.8,-92098,-90.3,487,39.5
"45083","5","518210","78","0","2023","1","",10,48,49,50,1700541,669242,6648,2670,"",0.30,0.10,0.10,0.10,0.10,0.09,0.13,1.03,"",-4,-28.6,16,50.0,18,58.1,16,47.1,750250,78.9,251546,60.2,-1171,-15.0,409,18.1
"45085","5","518210","78","0","2023","1","N",4,0,0,0,0,0,0,0,"N",0.41,0,0,0,0,0,0,0,"N",1,33.3,0,0,0,0,0,0,0,0,0,0,0,0,0,0
"45087","5","518210","78","0","2023","1","N",1,0,0,0,0,0,0,0,"N",0.48,0,0,0,0,0,0,0,"N",0,0.0,0,0,0,0,0,0,0,0,0,0,0,0,0,0
"45089","5","518210","78","0","2023","1","N",2,0,0,0,0,0,0,0,"N",0.74,0,0,0,0,0,0,0,"N",0,0.0,0,0,0,0,0,0,0,0,0,0,0,0,0,0
"45091","5","518210","78","0","2023","1","",49,608,609,609,16885844,9246045,28134,2134,"",1.36,1.83,1.84,1.83,1.44,1.86,0.68,0.79,"",5,11.4,-79,-11.5,-71,-10.4,-88,-12.6,-5018179,-22.9,-426274,-4.4,-18631,-39.8,-315,-12.9
"45999","5","518210","78","0","2023","1","",590,1956,1870,1787,50872972,22436463,416676,2092,"",4.45,5.77,5.50,5.29,2.51,2.99,6.05,0.45,"",141,31.4,538,37.9,436,30.4,339,23.4,17744153,53.6,5980027,36.3,-209,-0.1,314,17.7
"46000","2","518210","58","0","2023","1","N",5,0,0,0,0,0,0,0,"N",78.86,0,0,0,0,0,0,0,"N",0,0.0,0,0,0,0,0,0,0,0,0,0,0,0,0,0
"46000","5","518210","58","0","2023","1","",250,363,359,338,9905160,4666902,39354,2156,"",1.46,0.25,0.25,0.24,0.21,0.25,0.34,0.85,"",55,28.2,70,23.9,56,18.5,40,13.4,2481082,33.4,900640,23.9,5033,14.7,240,12.5
"46003","5","518210","78","0","2023","1","N",1,0,0,0,0,0,0,0,"N",2.18,0,0,0,0,0,0,0,"N",1,100.0,0,0,0,0,0,0,0,0,0,0,0,0,0,0
"46005","5","518210","78","0","2023","1","N",1,0,0,0,0,0,0,0,"N",0.34,0,0,0,0,0,0,0,"N",0,0.0,0,0,0,0,0,0,0,0,0,0,0,0,0,0
"46007","5","518210","78","0","2023","1","N",1,0,0,0,0,0,0,0,"N",2.39,0,0,0,0,0,0,0,"N",0,0.0,0,0,0,0,0,0,0,0,0,0,0,0,0,0
"46009","2","518210","78","0","2023","1","N",1,0,0,0,0,0,0,0,"N",2580.33,0,0,0,0,0,0,0,"N",0,0.0,0,0,0,0,0,0,0,0,0,0,0,0,0,0
"46011","5","518210","78","0","2023","1","",10,16,15,14,614326,223300,2549,3150,"",1.74,0.26,0.24,0.23,0.32,0.27,0.61,1.31,"",1,11.1,5,45.5,4,36.4,1,7.7,276756,82.0,46810,26.5,1637,179.5,924,41.5
"46013","5","518210","78","0","2023","1","",7,13,12,12,176941,141226,805,1104,"",1.06,0.20,0.19,0.19,0.09,0.17,0.18,0.47,"",1,16.7,-7,-35.0,-7,-36.8,-6,-33.3,-1376,-0.8,-23361,-14.2,-69,-7.9,382,52.9
"46019","5","518210","78","0","2023","1","N",1,0,0,0,0,0,0,0,"N",0.50,0,0,0,0,0,0,0,"N",0,0.0,0,0,0,0,0,0,0,0,0,0,0,0,0,0
"46025","5","518210","78","0","2023","1","N",1,0,0,0,0,0,0,0,"N",1.25,0,0,0,0,0,0,0,"N",1,100.0,0,0,0,0,0,0,0,0,0,0,0,0,0,0
"46027","5","518210","78","0","2023","1","N",2,0,0,0,0,0,0,0,"N",1.02,0,0,0,0,0,0,0,"N",1,100.0,0,0,0,0,0,0,0,0,0,0,0,0,0,0
"46029","5","518210","78","0","2023","1","N",4,0,0,0,0,0,0,0,"N",0.66,0,0,0,0,0,0,0,"N",2,100.0,0,0,0,0,0,0,0,0,0,0,0,0,0,0
"46033","5","518210","78","0","2023","1","N",2,0,0,0,0,0,0,0,"N",1.12,0,0,0,0,0,0,0,"N",1,100.0,0,0,0,0,0,0,0,0,0,0,0,0,0,0
"46035","5","518210","78","0","2023","1","N",2,0,0,0,0,0,0,0,"N",0.56,0,0,0,0,0,0,0,"N",0,0.0,0,0,0,0,0,0,0,0,0,0,0,0,0,0
"46037","5","518210","78","0","2023","1","N",1,0,0,0,0,0,0,0,"N",0.94,0,0,0,0,0,0,0,"N",1,100.0,0,0,0,0,0,0,0,0,0,0,0,0,0,0
"46039","5","518210","78","0","2023","1","N",1,0,0,0,0,0,0,0,"N",1.20,0,0,0,0,0,0,0,"N",0,0.0,0,0,0,0,0,0,0,0,0,0,0,0,0,0
"46047","5","518210","78","0","2023","1","-",0,0,0,0,0,0,0,0,"N",0.00,0,0,0,0,0,0,0,"N",-1,-100.0,0,0,0,0,0,0,0,0,0,0,0,0,0,0
"46049","5","518210","78","0","2023","1","-",0,0,0,0,0,0,0,0,"N",0.00,0,0,0,0,0,0,0,"N",0,0,0,0,0,0,0,0,0,0,0,0,0,0,0,0
"46061","5","518210","78","0","2023","1","N",2,0,0,0,0,0,0,0,"N",4.45,0,0,0,0,0,0,0,"N",-1,-33.3,0,0,0,0,0,0,0,0,0,0,0,0,0,0
"46065","2","518210","78","0","2023","1","N",1,0,0,0,0,0,0,0,"N",660.92,0,0,0,0,0,0,0,"N",0,0.0,0,0,0,0,0,0,0,0,0,0,0,0,0,0
"46065","5","518210","78","0","2023","1","",7,18,19,17,1125216,250726,1180,4809,"",1.71,0.51,0.54,0.49,0.96,0.73,0.63,1.87,"",0,0.0,-3,-14.3,-2,-9.5,-4,-19.0,663630,143.8,7189,3.0,-40,-3.3,3118,184.4
"46077","5","518210","78","0","2023","1","N",1,0,0,0,0,0,0,0,"N",0.89,0,0,0,0,0,0,0,"N",0,0.0,0,0,0,0,0,0,0,0,0,0,0,0,0,0
"46079","5","518210","78","0","2023","1","",3,4,4,4,208296,60000,375,4006,"",1.46,0.24,0.24,0.24,0.41,0.29,0.30,1.72,"",0,0.0,-1,-20.0,-1,-20.0,-1,-20.0,41722,25.0,-15000,-20.0,-113,-23.2,1443,56.3
"46081","5","518210","78","0","2023","1","",11,11,11,10,384169,141570,1393,2770,"",1.61,0.27,0.27,0.24,0.32,0.27,0.44,1.25,"",-2,-15.4,-3,-21.4,-5,-31.2,-5,-33.3,-103655,-21.2,-52067,-26.9,-725,-34.2,268,10.7
"46083","5","518210","78","0","2023","1","",15,13,13,13,244462,164959,1578,1447,"",1.42,0.14,0.14,0.14,0.07,0.12,0.17,0.51,"",-1,-6.2,0,0.0,0,0.0,0,0.0,23432,10.6,-3490,-2.1,-283,-15.2,139,10.6
"46087","5","518210","78","0","2023","1","N",1,0,0,0,0,0,0,0,"N",0.96,0,0,0,0,0,0,0,"N",1,100.0,0,0,0,0,0,0,0,0,0,0,0,0,0,0
"46093","5","518210","78","0","2023","1","",5,8,8,8,349342,120000,720,3359,"",1.13,0.31,0.31,0.31,0.42,0.43,0.37,1.35,"",0,0.0,0,0.0,0,0.0,1,14.3,51511,17.3,1923,1.6,-595,-45.2,371,12.4
"46099","2","518210","78","0","2023","1","N",1,0,0,0,0,0,0,0,"N",63.99,0,0,0,0,0,0,0,"N",0,0.0,0,0,0,0,0,0,0,0,0,0,0,0,0,0
"46099","5","518210","78","0","2023","1","",114,163,162,151,4334389,2303099,19575,2101,"",2.70,0.38,0.38,0.35,0.27,0.38,0.54,0.73,"",35,44.3,36,28.3,34,26.6,25,19.8,1091241,33.6,551840,31.5,1925,10.9,137,7.0
"46101","5","518210","78","0","2023","1","N",1,0,0,0,0,0,0,0,"N",1.08,0,0,0,0,0,0,0,"N",0,0.0,0,0,0,0,0,0,0,0,0,0,0,0,0,0
"46103","2","518210","78","0","2023","1","N",1,0,0,0,0,0,0,0,"N",108.40,0,0,0,0,0,0,0,"N",0,0.0,0,0,0,0,0,0,0,0,0,0,0,0,0,0
"46103","5","518210","78","0","2023","1","",43,48,48,50,1407595,672633,5994,2225,"",1.73,0.25,0.25,0.26,0.22,0.26,0.36,0.89,"",10,30.3,18,60.0,16,50.0,17,51.5,168079,13.6,216652,47.5,1819,43.6,-786,-26.1
"46105","5","518210","78","0","2023","1","N",1,0,0,0,0,0,0,0,"N",1.65,0,0,0,0,0,0,0,"N",0,0.0,0,0,0,0,0,0,0,0,0,0,0,0,0,0
"46109","5","518210","78","0","2023","1","-",0,0,0,0,0,0,0,0,"N",0.00,0,0,0,0,0,0,0,"N",0,0,0,0,0,0,0,0,0,0,0,0,0,0,0,0
"46115","5","518210","78","0","2023","1","N",1,0,0,0,0,0,0,0,"N",0.84,0,0,0,0,0,0,0,"N",0,0.0,0,0,0,0,0,0,0,0,0,0,0,0,0,0
"46117","5","518210","78","0","2023","1","N",2,0,0,0,0,0,0,0,"N",2.94,0,0,0,0,0,0,0,"N",2,100.0,0,0,0,0,0,0,0,0,0,0,0,0,0,0
"46123","5","518210","78","0","2023","1","N",1,0,0,0,0,0,0,0,"N",0.89,0,0,0,0,0,0,0,"N",0,0.0,0,0,0,0,0,0,0,0,0,0,0,0,0,0
"46127","5","518210","78","0","2023","1","",7,7,7,7,330083,103736,947,3627,"",1.87,0.21,0.21,0.22,0.23,0.17,0.24,1.09,"",2,40.0,1,16.7,1,16.7,1,16.7,116427,54.5,22235,27.3,96,11.3,888,32.4
"46135","2","518210","78","0","2023","1","N",1,0,0,0,0,0,0,0,"N",723.46,0,0,0,0,0,0,0,"N",0,0.0,0,0,0,0,0,0,0,0,0,0,0,0,0,0
"46135","5","518210","78","0","2023","1","N",1,0,0,0,0,0,0,0,"N",0.27,0,0,0,0,0,0,0,"N",1,100.0,0,0,0,0,0,0,0,0,0,0,0,0,0,0
"47000","3","518210","58","0","2023","1","",1,25,24,25,518875,0,0,1618,"",0.57,0.44,0.42,0.44,0.49,0.00,0.00,1.14,"",-1,-50.0,2,8.7,0,0.0,-1,-3.8,52964,11.4,0,0.0,0,0.0,145,9.8
"47000","5","518210","58","0","2023","1","",1177,8750,8643,8608,310125836,60037300,771883,2752,"",1.27,0.84,0.83,0.83,0.78,0.60,0.95,0.93,"",205,21.1,581,7.1,373,4.5,265,3.2,25930855,9.1,1678847,2.9,94669,14.0,106,4.0
"47001","5","518210","78","0","2023","1","",5,8,8,8,171338,51850,587,1647,"",0.57,0.05,0.06,0.06,0.03,0.03,0.06,0.48,"",-2,-28.6,-1,-11.1,-1,-11.1,-1,-11.1,-5854,-3.3,-5476,-9.6,-79,-11.9,133,8.8
"47003","5","518210","78","0","2023","1","N",2,0,0,0,0,0,0,0,"N",0.45,0,0,0,0,0,0,0,"N",1,100.0,0,0,0,0,0,0,0,0,0,0,0,0,0,0
"47005","5","518210","78","0","2023","1","-",0,0,0,0,0,0,0,0,"N",0.00,0,0,0,0,0,0,0,"N",0,0,0,0,0,0,0,0,0,0,0,0,0,0,0,0
"47009","5","518210","78","0","2023","1","",18,202,184,173,15202738,1409703,26326,6276,"",1.30,1.15,1.05,0.99,2.45,0.83,2.10,2.30,"",4,28.6,71,54.2,48,35.3,34,24.5,7175453,89.4,462704,48.9,8126,44.6,1713,37.5
"47011","5","518210","78","0","2023","1","",9,9,9,9,194936,48469,795,1666,"",0.89,0.07,0.07,0.07,0.04,0.04,0.07,0.69,"",3,50.0,2,28.6,1,12.5,0,0.0,18298,10.4,-4689,-8.8,-281,-26.1,-32,-1.9
"47013","5","518210","78","0","2023","1","N",2,0,0,0,0,0,0,0,"N",0.63,0,0,0,0,0,0,0,"N",0,0.0,0,0,0,0,0,0,0,0,0,0,0,0,0,0
"47015","5","518210","78","0","2023","1","N",2,0,0,0,0,0,0,0,"N",1.64,0,0,0,0,0,0,0,"N",0,0.0,0,0,0,0,0,0,0,0,0,0,0,0,0,0
"47017","5","518210","78","0","2023","1","-",0,0,0,0,0,0,0,0,"N",0.00,0,0,0,0,0,0,0,"N",0,0,0,0,0,0,0,0,0,0,0,0,0,0,0,0
"47019","5","518210","78","0","2023","1","N",2,0,0,0,0,0,0,0,"N",0.54,0,0,0,0,0,0,0,"N",0,0.0,0,0,0,0,0,0,0,0,0,0,0,0,0,0
"47021","5","518210","78","0","2023","1","",7,38,38,38,1561678,280000,3579,3161,"",1.77,1.25,1.25,1.27,1.60,0.97,1.12,1.27,"",2,40.0,8,26.7,8,26.7,8,26.7,119316,8.3,63000,29.0,-237,-6.2,-537,-14.5
"47025","5","518210","78","0","2023","1","N",1,0,0,0,0,0,0,0,"N",0.40,0,0,0,0,0,0,0,"N",0,0.0,0,0,0,0,0,0,0,0,0,0,0,0,0,0
"47027","5","518210","78","0","2023","1","N",1,0,0,0,0,0,0,0,"N",1.43,0,0,0,0,0,0,0,"N",0,0.0,0,0,0,0,0,0,0,0,0,0,0,0,0,0
"47035","5","518210","78","0","2023","1","",9,19,19,19,480019,129942,3123,1943,"",1.41,0.32,0.32,0.31,0.31,0.24,0.67,0.99,"",3,50.0,6,46.2,5,35.7,5,35.7,182668,61.4,39437,43.6,1221,64.2,269,16.1
"47037","5","518210","78","0","2023","1","",293,3074,3037,3012,109072515,21393905,244347,2759,"",2.05,1.75,1.73,1.72,1.29,1.26,1.70,0.75,"",59,25.2,585,23.5,536,21.4,518,20.8,13455835,14.1,3332644,18.5,36079,17.3,-189,-6.4
"47041","5","518210","78","0","2023","1","N",2,0,0,0,0,0,0,0,"N",1.06,0,0,0,0,0,0,0,"N",0,0.0,0,0,0,0,0,0,0,0,0,0,0,0,0,0
"47043","5","518210","78","0","2023","1","N",3,0,0,0,0,0,0,0,"N",0.51,0,0,0,0,0,0,0,"N",0,0.0,0,0,0,0,0,0,0,0,0,0,0,0,0,0
"47045","5","518210","78","0","2023","1","N",1,0,0,0,0,0,0,0,"N",0.25,0,0,0,0,0,0,0,"N",1,100.0,0,0,0,0,0,0,0,0,0,0,0,0,0,0
"47047","5","518210","78","0","2023","1","N",1,0,0,0,0,0,0,0,"N",0.30,0,0,0,0,0,0,0,"N",0,0.0,0,0,0,0,0,0,0,0,0,0,0,0,0,0
"47049","5","518210","78","0","2023","1","N",2,0,0,0,0,0,0,0,"N",1.19,0,0,0,0,0,0,0,"N",0,0.0,0,0,0,0,0,0,0,0,0,0,0,0,0,0
"47051","5","518210","78","0","2023","1","",8,12,12,12,308846,82390,1385,1980,"",1.85,0.31,0.31,0.32,0.28,0.25,0.66,0.90,"",2,33.3,4,50.0,4,50.0,2,20.0,105136,51.6,20236,32.6,458,49.4,172,9.5
"47055","5","518210","78","0","2023","1","N",1,0,0,0,0,0,0,0,"N",0.33,0,0,0,0,0,0,0,"N",1,100.0,0,0,0,0,0,0,0,0,0,0,0,0,0,0
"47057","5","518210","78","0","2023","1","N",2,0,0,0,0,0,0,0,"N",1.30,0,0,0,0,0,0,0,"N",0,0.0,0,0,0,0,0,0,0,0,0,0,0,0,0,0
"47059","5","518210","78","0","2023","1","N",1,0,0,0,0,0,0,0,"N",0.15,0,0,0,0,0,0,0,"N",-1,-50.0,0,0,0,0,0,0,0,0,0,0,0,0,0,0
"47063","5","518210","78","0","2023","1","N",2,0,0,0,0,0,0,0,"N",0.30,0,0,0,0,0,0,0,"N",0,0.0,0,0,0,0,0,0,0,0,0,0,0,0,0,0
"47065","5","518210","78","0","2023","1","",79,772,766,796,29347756,4940794,73522,2902,"",1.42,1.10,1.09,1.14,1.11,0.72,1.38,0.99,"",15,23.4,232,43.0,230,42.9,255,47.1,7522337,34.5,895746,22.1,20928,39.8,-213,-6.8
"47067","5","518210","78","0","2023","1","N",1,0,0,0,0,0,0,0,"N",2.12,0,0,0,0,0,0,0,"N",0,0.0,0,0,0,0,0,0,0,0,0,0,0,0,0,0
"47071","5","518210","78","0","2023","1","N",1,0,0,0,0,0,0,0,"N",0.36,0,0,0,0,0,0,0,"N",0,0.0,0,0,0,0,0,0,0,0,0,0,0,0,0,0
"47073","5","518210","78","0","2023","1","N",1,0,0,0,0,0,0,0,"N",0.27,0,0,0,0,0,0,0,"N",1,100.0,0,0,0,0,0,0,0,0,0,0,0,0,0,0
"47079","5","518210","78","0","2023","1","N",1,0,0,0,0,0,0,0,"N",0.28,0,0,0,0,0,0,0,"N",1,100.0,0,0,0,0,0,0,0,0,0,0,0,0,0,0
"47081","5","518210","78","0","2023","1","N",2,0,0,0,0,0,0,0,"N",1.23,0,0,0,0,0,0,0,"N",0,0.0,0,0,0,0,0,0,0,0,0,0,0,0,0,0
"47083","5","518210","78","0","2023","1","N",1,0,0,0,0,0,0,0,"N",1.59,0,0,0,0,0,0,0,"N",0,0.0,0,0,0,0,0,0,0,0,0,0,0,0,0,0
"47085","5","518210","78","0","2023","1","N",1,0,0,0,0,0,0,0,"N",0.55,0,0,0,0,0,0,0,"N",0,0.0,0,0,0,0,0,0,0,0,0,0,0,0,0,0
"47087","5","518210","78","0","2023","1","N",1,0,0,0,0,0,0,0,"N",1.15,0,0,0,0,0,0,0,"N",0,0.0,0,0,0,0,0,0,0,0,0,0,0,0,0,0
"47089","5","518210","78","0","2023","1","N",2,0,0,0,0,0,0,0,"N",0.48,0,0,0,0,0,0,0,"N",-1,-33.3,0,0,0,0,0,0,0,0,0,0,0,0,0,0
"47091","5","518210","78","0","2023","1","N",3,0,0,0,0,0,0,0,"N",1.87,0,0,0,0,0,0,0,"N",0,0.0,0,0,0,0,0,0,0,0,0,0,0,0,0,0
"47093","5","518210","78","0","2023","1","N",95,0,0,0,0,0,0,0,"N",1.34,0,0,0,0,0,0,0,"N",23,31.9,0,0,0,0,0,0,0,0,0,0,0,0,0,0
"47101","5","518210","78","0","2023","1","N",1,0,0,0,0,0,0,0,"N",0.86,0,0,0,0,0,0,0,"N",1,100.0,0,0,0,0,0,0,0,0,0,0,0,0,0,0
"47103","5","518210","78","0","2023","1","N",1,0,0,0,0,0,0,0,"N",0.30,0,0,0,0,0,0,0,"N",0,0.0,0,0,0,0,0,0,0,0,0,0,0,0,0,0
"47105","5","518210","78","0","2023","1","",8,126,123,117,2546749,904914,19906,1606,"",1.35,2.17,2.12,2.03,1.42,1.56,5.09,0.67,"N",0,0.0,0,0,0,0,0,0,0,0,0,0,0,0,0,0
"47107","5","518210","78","0","2023","1","N",5,0,0,0,0,0,0,0,"N",1.06,0,0,0,0,0,0,0,"N",1,25.0,0,0,0,0,0,0,0,0,0,0,0,0,0,0
"47109","5","518210","78","0","2023","1","N",1,0,0,0,0,0,0,0,"N",0.43,0,0,0,0,0,0,0,"N",0,0.0,0,0,0,0,0,0,0,0,0,0,0,0,0,0
"47111","5","518210","78","0","2023","1","N",1,0,0,0,0,0,0,0,"N",0.58,0,0,0,0,0,0,0,"N",0,0.0,0,0,0,0,0,0,0,0,0,0,0,0,0,0
"47113","3","518210","78","0","2023","1","",1,25,24,25,518875,0,0,1618,"",42.10,23.38,22.46,23.31,31.12,0.00,0.00,1.35,"",0,0.0,6,31.6,5,26.3,6,31.6,137891,36.2,0,0.0,0,0.0,76,4.9
"47113","5","518210","78","0","2023","1","N",6,0,0,0,0,0,0,0,"N",0.48,0,0,0,0,0,0,0,"N",-1,-14.3,0,0,0,0,0,0,0,0,0,0,0,0,0,0
"47115","5","518210","78","0","2023","1","N",2,0,0,0,0,0,0,0,"N",0.84,0,0,0,0,0,0,0,"N",0,0.0,0,0,0,0,0,0,0,0,0,0,0,0,0,0
"47119","5","518210","78","0","2023","1","",14,29,33,35,879679,230471,1655,2093,"",1.12,0.23,0.25,0.27,0.18,0.18,0.12,0.73,"",5,55.6,3,11.5,9,37.5,9,34.6,249474,39.6,44095,23.7,659,66.2,179,9.4
"47125","5","518210","78","0","2023","1","",26,27,26,25,607197,186905,6827,1796,"",1.33,0.13,0.13,0.12,0.11,0.11,0.40,0.83,"",11,73.3,8,42.1,7,36.8,5,25.0,207018,51.7,57311,44.2,1598,30.6,204,12.8
"47129","5","518210","78","0","2023","1","-",0,0,0,0,0,0,0,0,"N",0.00,0,0,0,0,0,0,0,"N",0,0,0,0,0,0,0,0,0,0,0,0,0,0,0,0
"47131","5","518210","78","0","2023","1","-",0,0,0,0,0,0,0,0,"N",0.00,0,0,0,0,0,0,0,"N",0,0,0,0,0,0,0,0,0,0,0,0,0,0,0,0
"47135","5","518210","78","0","2023","1","N",1,0,0,0,0,0,0,0,"N",1.45,0,0,0,0,0,0,0,"N",0,0.0,0,0,0,0,0,0,0,0,0,0,0,0,0,0
"47141","5","518210","78","0","2023","1","N",7,0,0,0,0,0,0,0,"N",0.66,0,0,0,0,0,0,0,"N",1,16.7,0,0,0,0,0,0,0,0,0,0,0,0,0,0
"47143","5","518210","78","0","2023","1","N",2,0,0,0,0,0,0,0,"N",0.76,0,0,0,0,0,0,0,"N",1,100.0,0,0,0,0,0,0,0,0,0,0,0,0,0,0
"47145","5","518210","78","0","2023","1","N",2,0,0,0,0,0,0,0,"N",0.47,0,0,0,0,0,0,0,"N",0,0.0,0,0,0,0,0,0,0,0,0,0,0,0,0,0
"47147","5","518210","78","0","2023","1","N",2,0,0,0,0,0,0,0,"N",0.29,0,0,0,0,0,0,0,"N",1,100.0,0,0,0,0,0,0,0,0,0,0,0,0,0,0
"47149","5","518210","78","0","2023","1","",29,29,29,35,648150,216643,4897,1608,"",0.83,0.06,0.06,0.08,0.04,0.05,0.15,0.59,"",3,11.5,-8,-21.6,-11,-27.5,-10,-22.2,-609156,-48.4,-94180,-30.3,286,6.2,-770,-32.4
"47151","5","518210","78","0","2023","1","N",1,0,0,0,0,0,0,0,"N",0.58,0,0,0,0,0,0,0,"N",0,0.0,0,0,0,0,0,0,0,0,0,0,0,0,0,0
"47153","5","518210","78","0","2023","1","-",0,0,0,0,0,0,0,0,"N",0.00,0,0,0,0,0,0,0,"N",0,0,0,0,0,0,0,0,0,0,0,0,0,0,0,0
"47155","5","518210","78","0","2023","1","N",10,0,0,0,0,0,0,0,"N",0.68,0,0,0,0,0,0,0,"N",4,66.7,0,0,0,0,0,0,0,0,0,0,0,0,0,0
"47157","5","518210","78","0","2023","1","",107,445,440,449,16525050,3271251,54761,2859,"",1.02,0.28,0.28,0.29,0.25,0.23,0.50,0.90,"",13,13.8,145,48.3,134,43.8,132,41.6,7821652,89.9,952334,41.1,23614,75.8,683,31.4
"47159","5","518210","78","0","2023","1","N",1,0,0,0,0,0,0,0,"N",0.59,0,0,0,0,0,0,0,"N",0,0.0,0,0,0,0,0,0,0,0,0,0,0,0,0,0
"47161","5","518210","78","0","2023","1","-",0,0,0,0,0,0,0,0,"N",0.00,0,0,0,0,0,0,0,"N",0,0,0,0,0,0,0,0,0,0,0,0,0,0,0,0
"47163","5","518210","78","0","2023","1","",10,94,92,89,1755357,475030,1960,1473,"",0.58,0.42,0.41,0.40,0.21,0.23,0.14,0.52,"N",1,11.1,0,0,0,0,0,0,0,0,0,0,0,0,0,0
"47165","5","518210","78","0","2023","1","",30,138,139,138,5042575,974719,10790,2804,"",1.32,0.70,0.70,0.70,0.77,0.52,0.68,1.10,"",9,42.9,25,22.1,26,23.0,24,21.1,1845921,57.7,181345,22.9,4192,63.5,634,29.2
"47167","5","518210","78","0","2023","1","N",1,0,0,0,0,0,0,0,"N",0.25,0,0,0,0,0,0,0,"N",0,0.0,0,0,0,0,0,0,0,0,0,0,0,0,0,0
"47171","5","518210","78","0","2023","1","N",1,0,0,0,0,0,0,0,"N",0.70,0,0,0,0,0,0,0,"N",0,0.0,0,0,0,0,0,0,0,0,0,0,0,0,0,0
"47173","5","518210","78","0","2023","1","N",1,0,0,0,0,0,0,0,"N",0.80,0,0,0,0,0,0,0,"N",0,0.0,0,0,0,0,0,0,0,0,0,0,0,0,0,0
"47175","5","518210","78","0","2023","1","-",0,0,0,0,0,0,0,0,"N",0.00,0,0,0,0,0,0,0,"N",0,0,0,0,0,0,0,0,0,0,0,0,0,0,0,0
"47177","5","518210","78","0","2023","1","N",1,0,0,0,0,0,0,0,"N",0.24,0,0,0,0,0,0,0,"N",0,0.0,0,0,0,0,0,0,0,0,0,0,0,0,0,0
"47179","5","518210","78","0","2023","1","N",15,0,0,0,0,0,0,0,"N",0.91,0,0,0,0,0,0,0,"N",4,36.4,0,0,0,0,0,0,0,0,0,0,0,0,0,0
"47183","5","518210","78","0","2023","1","-",0,0,0,0,0,0,0,0,"N",0.00,0,0,0,0,0,0,0,"N",0,0,0,0,0,0,0,0,0,0,0,0,0,0,0,0
"47185","5","518210","78","0","2023","1","-",0,0,0,0,0,0,0,0,"N",0.00,0,0,0,0,0,0,0,"N",0,0,0,0,0,0,0,0,0,0,0,0,0,0,0,0
"47187","5","518210","78","0","2023","1","",118,1285,1271,1280,44683053,9209281,105576,2688,"",2.00,2.57,2.56,2.59,1.67,1.64,2.11,0.65,"",5,4.4,46,3.7,26,2.1,19,1.5,4553709,11.3,31593,0.3,4062,4.0,215,8.7
"47189","5","518210","78","0","2023","1","",20,42,41,40,1514834,282744,2756,2842,"",1.07,0.21,0.20,0.20,0.24,0.13,0.14,1.15,"",8,66.7,8,23.5,6,17.1,6,17.6,487468,47.4,40130,16.5,677,32.6,540,23.5
"47999","5","518210","78","0","2023","1","",191,1847,1815,1790,65256753,12003877,145897,2762,"",2.21,5.39,5.25,5.19,3.07,2.67,2.79,0.58,"",26,15.8,-637,-25.6,-729,-28.7,-779,-30.3,-19431605,-22.9,-4887371,-28.9,-25013,-14.6,189,7.3
"48000","5","518210","58","0","2023","1","",3092,49523,49571,49287,2050492399,446760937,8633744,3189,"",0.86,1.12,1.12,1.12,1.04,0.88,1.03,0.92,"",437,16.5,5486,12.5,5132,11.5,4279,9.5,304172987,17.4,45914552,11.5,-1597027,-15.6,170,5.6
"48001","5","518210","78","0","2023","1","",15,165,161,160,7327174,1542869,15941,3479,"",1.99,2.52,2.47,2.47,3.19,2.29,1.92,1.28,"",-2,-11.8,34,26.0,26,19.3,25,18.5,1848635,33.7,250422,19.4,1061,7.1,326,10.3
"48005","5","518210","78","0","2023","1","N",2,0,0,0,0,0,0,0,"N",0.23,0,0,0,0,0,0,0,"N",-1,-33.3,0,0,0,0,0,0,0,0,0,0,0,0,0,0
"48007","5","518210","78","0","2023","1","N",1,0,0,0,0,0,0,0,"N",0.34,0,0,0,0,0,0,0,"N",0,0.0,0,0,0,0,0,0,0,0,0,0,0,0,0,0
"48013","5","518210","78","0","2023","1","N",1,0,0,0,0,0,0,0,"N",0.24,0,0,0,0,0,0,0,"N",0,0.0,0,0,0,0,0,0,0,0,0,0,0,0,0,0
"48015","5","518210","78","0","2023","1","",14,44,47,44,835170,407009,2401,1428,"",2.08,1.06,1.14,1.06,0.54,0.82,0.33,0.50,"",2,16.7,17,63.0,16,51.6,6,15.8,-20644,-2.4,123916,43.8,-627,-20.7,-629,-30.6
"48019","5","518210","78","0","2023","1","N",2,0,0,0,0,0,0,0,"N",0.90,0,0,0,0,0,0,0,"N",1,100.0,0,0,0,0,0,0,0,0,0,0,0,0,0,0
"48021","5","518210","78","0","2023","1","N",4,0,0,0,0,0,0,0,"N",0.51,0,0,0,0,0,0,0,"N",1,33.3,0,0,0,0,0,0,0,0,0,0,0,0,0,0
"48027","5","518210","78","0","2023","1","",13,92,94,96,2865899,892988,23003,2345,"",0.46,0.22,0.23,0.23,0.20,0.25,0.53,0.88,"",3,30.0,32,53.3,37,64.9,39,68.4,1428909,99.4,343934,62.6,-2254,-8.9,439,23.0
"48029","5","518210","78","0","2023","1","",92,3854,3883,3850,96148504,27913072,531562,1915,"",0.46,1.30,1.31,1.30,0.84,0.87,1.17,0.64,"",4,4.5,-846,-18.0,-803,-17.1,-860,-18.3,-12249138,-11.3,-3324247,-10.6,-196501,-27.0,140,7.9
"48031","5","518210","78","0","2023","1","N",1,0,0,0,0,0,0,0,"N",0.47,0,0,0,0,0,0,0,"N",0,0.0,0,0,0,0,0,0,0,0,0,0,0,0,0,0
"48033","5","518210","78","0","2023","1","N",1,0,0,0,0,0,0,0,"N",2.80,0,0,0,0,0,0,0,"N",0,0.0,0,0,0,0,0,0,0,0,0,0,0,0,0,0
"48035","5","518210","78","0","2023","1","N",1,0,0,0,0,0,0,0,"N",0.56,0,0,0,0,0,0,0,"N",0,0.0,0,0,0,0,0,0,0,0,0,0,0,0,0,0
"48037","5","518210","78","0","2023","1","",4,13,13,14,235255,126000,1275,1357,"",0.37,0.10,0.10,0.10,0.06,0.10,0.08,0.60,"",0,0.0,0,0.0,0,0.0,0,0.0,6104,2.7,7693,6.5,-1704,-57.2,35,2.6
"48039","5","518210","78","0","2023","1","",6,23,23,22,225791,174310,1076,766,"",0.20,0.06,0.06,0.06,0.01,0.04,0.01,0.24,"",-1,-14.3,2,9.5,2,9.5,1,4.8,29923,15.3,17720,11.3,-106,-9.0,49,6.8
"48041","5","518210","78","0","2023","1","",17,152,155,154,3791754,1035213,11754,1898,"",0.75,0.40,0.39,0.39,0.32,0.36,0.29,0.82,"",1,6.2,14,10.1,16,11.5,13,9.2,1163547,44.3,107055,11.5,-3094,-20.8,447,30.8
"48049","5","518210","78","0","2023","1","N",2,0,0,0,0,0,0,0,"N",0.49,0,0,0,0,0,0,0,"N",1,100.0,0,0,0,0,0,0,0,0,0,0,0,0,0,0
"48053","5","518210","78","0","2023","1","N",3,0,0,0,0,0,0,0,"N",0.42,0,0,0,0,0,0,0,"N",2,200.0,0,0,0,0,0,0,0,0,0,0,0,0,0,0
"48055","5","518210","78","0","2023","1","N",2,0,0,0,0,0,0,0,"N",0.53,0,0,0,0,0,0,0,"N",0,0.0,0,0,0,0,0,0,0,0,0,0,0,0,0,0
"48057","5","518210","78","0","2023","1","",4,24,28,29,948631,267533,2883,2703,"",1.30,0.56,0.65,0.68,0.47,0.47,0.22,0.74,"N",3,300.0,0,0,0,0,0,0,0,0,0,0,0,0,0,0
"48059","5","518210","78","0","2023","1","-",0,0,0,0,0,0,0,0,"N",0.00,0,0,0,0,0,0,0,"N",0,0,0,0,0,0,0,0,0,0,0,0,0,0,0,0
"48061","5","518210","78","0","2023","1","N",5,0,0,0,0,0,0,0,"N",0.16,0,0,0,0,0,0,0,"N",1,25.0,0,0,0,0,0,0,0,0,0,0,0,0,0,0
"48067","5","518210","78","0","2023","1","-",0,0,0,0,0,0,0,0,"N",0.00,0,0,0,0,0,0,0,"N",0,0,0,0,0,0,0,0,0,0,0,0,0,0,0,0
"48079","5","518210","78","0","2023","1","-",0,0,0,0,0,0,0,0,"N",0.00,0,0,0,0,0,0,0,"N",0,0,0,0,0,0,0,0,0,0,0,0,0,0,0,0
"48085","5","518210","78","0","2023","1","",195,7098,7150,7131,216354107,65472378,2419816,2335,"",1.31,4.17,4.22,4.23,2.42,2.97,6.97,0.58,"",6,3.2,858,13.8,887,14.2,810,12.8,2678491,1.3,5982337,10.1,-154388,-6.0,-285,-10.9
"48091","5","518210","78","0","2023","1","",11,20,21,21,460941,186751,2242,1716,"",0.50,0.09,0.09,0.09,0.06,0.07,0.06,0.67,"",3,37.5,11,122.2,12,133.3,15,250.0,253420,122.1,93268,99.8,-74,-3.2,-279,-14.0
"48097","5","518210","78","0","2023","1","N",2,0,0,0,0,0,0,0,"N",0.42,0,0,0,0,0,0,0,"N",-1,-33.3,0,0,0,0,0,0,0,0,0,0,0,0,0,0
"48099","5","518210","78","0","2023","1","",4,45,44,43,1324554,402354,925,2316,"",0.86,0.91,0.90,0.88,0.90,1.14,0.22,1.01,"",-1,-20.0,29,181.2,26,144.4,19,79.2,123490,10.3,217221,117.3,-3516,-79.2,-2463,-51.5
"48101","5","518210","78","0","2023","1","",3,6,6,7,307077,65022,594,3730,"",3.82,2.26,2.28,2.54,2.97,1.99,1.07,1.26,"N",2,200.0,0,0,0,0,0,0,0,0,0,0,0,0,0,0
"48111","5","518210","78","0","2023","1","N",1,0,0,0,0,0,0,0,"N",0.56,0,0,0,0,0,0,0,"N",0,0.0,0,0,0,0,0,0,0,0,0,0,0,0,0,0
"48113","5","518210","78","0","2023","1","",304,6482,6394,6374,252903952,62139379,1159684,3032,"",0.82,1.09,1.08,1.08,0.78,0.79,0.89,0.72,"",-8,-2.6,159,2.5,61,1.0,19,0.3,-4789764,-1.9,1969381,3.3,-467666,-28.7,-96,-3.1
"48121","5","518210","78","0","2023","1","",96,903,902,858,38339656,7873865,162846,3322,"",1.08,0.91,0.91,0.87,1.01,0.69,0.91,1.12,"",12,14.3,-194,-17.7,-199,-18.1,-249,-22.5,1141080,3.1,-1952997,-19.9,-191825,-54.1,725,27.9
"48139","5","518210","78","0","2023","1","",11,99,102,97,4749241,702758,5802,3678,"",0.66,0.51,0.52,0.50,0.75,0.33,0.23,1.47,"",2,22.2,0,0.0,-2,-1.9,-25,-20.5,348757,7.9,-47552,-6.3,-906,-13.5,553,17.7
"48141","5","518210","78","0","2023","1","",37,1035,1075,1108,15297548,7098089,162932,1097,"",0.50,0.98,1.02,1.06,0.51,0.74,1.27,0.50,"",9,32.1,-47,-4.3,-121,-10.1,-117,-9.6,1247155,8.9,-13207,-0.2,-62197,-27.6,171,18.5
"48143","5","518210","78","0","2023","1","N",1,0,0,0,0,0,0,0,"N",0.18,0,0,0,0,0,0,0,"N",1,100.0,0,0,0,0,0,0,0,0,0,0,0,0,0,0
"48145","5","518210","78","0","2023","1","N",2,0,0,0,0,0,0,0,"N",1.56,0,0,0,0,0,0,0,"N",0,0.0,0,0,0,0,0,0,0,0,0,0,0,0,0,0
"48147","5","518210","78","0","2023","1","N",2,0,0,0,0,0,0,0,"N",0.71,0,0,0,0,0,0,0,"N",0,0.0,0,0,0,0,0,0,0,0,0,0,0,0,0,0
"48157","5","518210","78","0","2023","1","",53,353,355,359,10405845,3355863,66151,2251,"",0.68,0.45,0.46,0.46,0.37,0.43,0.53,0.81,"",2,3.9,11,3.2,17,5.0,18,5.3,863997,9.1,218860,7.0,-3651,-5.2,94,4.4
"48159","5","518210","78","0","2023","1","N",1,0,0,0,0,0,0,0,"N",0.58,0,0,0,0,0,0,0,"N",0,0.0,0,0,0,0,0,0,0,0,0,0,0,0,0,0
"48163","5","518210","78","0","2023","1","N",1,0,0,0,0,0,0,0,"N",0.57,0,0,0,0,0,0,0,"N",0,0.0,0,0,0,0,0,0,0,0,0,0,0,0,0,0
"48167","5","518210","78","0","2023","1","",9,27,26,28,816934,283424,7269,2327,"",0.29,0.07,0.06,0.07,0.06,0.08,0.10,0.83,"",1,12.5,6,28.6,7,36.8,-2,-6.7,286592,54.0,65293,29.9,4464,159.1,579,33.1
"48173","5","518210","78","0","2023","1","-",0,0,0,0,0,0,0,0,"N",0.00,0,0,0,0,0,0,0,"N",0,0,0,0,0,0,0,0,0,0,0,0,0,0,0,0
"48177","5","518210","78","0","2023","1","N",1,0,0,0,0,0,0,0,"N",0.41,0,0,0,0,0,0,0,"N",1,100.0,0,0,0,0,0,0,0,0,0,0,0,0,0,0
"48181","5","518210","78","0","2023","1","",3,9,9,10,171054,87326,423,1410,"",0.21,0.05,0.05,0.06,0.03,0.05,0.02,0.56,"N",0,0.0,0,0,0,0,0,0,0,0,0,0,0,0,0,0
"48183","5","518210","78","0","2023","1","N",1,0,0,0,0,0,0,0,"N",0.05,0,0,0,0,0,0,0,"N",0,0.0,0,0,0,0,0,0,0,0,0,0,0,0,0,0
"48187","5","518210","78","0","2023","1","",3,6,6,8,210449,66354,1922,2428,"",0.26,0.04,0.04,0.05,0.04,0.04,0.08,0.95,"N",2,200.0,0,0,0,0,0,0,0,0,0,0,0,0,0,0
"48189","5","518210","78","0","2023","1","N",1,0,0,0,0,0,0,0,"N",0.27,0,0,0,0,0,0,0,"N",0,0.0,0,0,0,0,0,0,0,0,0,0,0,0,0,0
"48199","5","518210","78","0","2023","1","",3,10,10,10,152430,92000,212,1173,"",0.69,0.25,0.25,0.26,0.13,0.24,0.03,0.51,"N",0,0.0,0,0,0,0,0,0,0,0,0,0,0,0,0,0
"48201","5","518210","78","0","2023","1","",296,3118,3082,3071,105432879,27360727,646581,2624,"",0.54,0.40,0.39,0.39,0.24,0.29,0.34,0.61,"",22,8.0,316,11.3,318,11.5,313,11.3,21443670,25.5,2918020,11.9,-57282,-8.1,296,12.7
"48203","5","518210","78","0","2023","1","",4,10,10,13,179074,98430,725,1252,"",0.61,0.14,0.14,0.18,0.07,0.12,0.05,0.45,"N",0,0.0,0,0,0,0,0,0,0,0,0,0,0,0,0,0
"48209","5","518210","78","0","2023","1","",19,59,55,53,1233075,358372,9471,1704,"",0.73,0.21,0.19,0.19,0.14,0.12,0.25,0.72,"",2,11.8,7,13.5,2,3.8,-1,-1.9,-33629,-2.7,-115941,-24.4,-6060,-39.0,-134,-7.3
"48213","5","518210","78","0","2023","1","N",4,0,0,0,0,0,0,0,"N",0.55,0,0,0,0,0,0,0,"N",2,100.0,0,0,0,0,0,0,0,0,0,0,0,0,0,0
"48215","5","518210","78","0","2023","1","",9,123,122,126,1759504,868673,10492,1094,"",0.15,0.13,0.13,0.14,0.08,0.11,0.11,0.60,"N",0,0.0,0,0,0,0,0,0,0,0,0,0,0,0,0,0
"48221","5","518210","78","0","2023","1","N",1,0,0,0,0,0,0,0,"N",0.14,0,0,0,0,0,0,0,"N",-1,-50.0,0,0,0,0,0,0,0,0,0,0,0,0,0,0
"48223","5","518210","78","0","2023","1","N",2,0,0,0,0,0,0,0,"N",0.47,0,0,0,0,0,0,0,"N",0,0.0,0,0,0,0,0,0,0,0,0,0,0,0,0,0
"48225","5","518210","78","0","2023","1","N",6,0,0,0,0,0,0,0,"N",1.31,0,0,0,0,0,0,0,"N",2,50.0,0,0,0,0,0,0,0,0,0,0,0,0,0,0
"48227","5","518210","78","0","2023","1","N",3,0,0,0,0,0,0,0,"N",0.73,0,0,0,0,0,0,0,"N",0,0.0,0,0,0,0,0,0,0,0,0,0,0,0,0,0
"48231","5","518210","78","0","2023","1","",4,4,4,3,53950,14792,351,1132,"",0.52,0.04,0.04,0.03,0.02,0.02,0.04,0.45,"",1,33.3,-3,-42.9,-3,-42.9,-4,-57.1,-79212,-59.5,-48807,-76.7,-1096,-75.7,-331,-22.6
"48245","5","518210","78","0","2023","1","N",3,0,0,0,0,0,0,0,"N",0.12,0,0,0,0,0,0,0,"N",0,0.0,0,0,0,0,0,0,0,0,0,0,0,0,0,0
"48251","5","518210","78","0","2023","1","",4,107,117,120,1457024,953589,9355,977,"",0.23,0.60,0.66,0.67,0.26,0.48,0.34,0.40,"",0,0.0,38,55.1,41,53.9,25,26.3,513519,54.4,334075,53.9,-4850,-34.1,70,7.7
"48257","5","518210","78","0","2023","1","N",2,0,0,0,0,0,0,0,"N",0.18,0,0,0,0,0,0,0,"N",0,0.0,0,0,0,0,0,0,0,0,0,0,0,0,0,0
"48259","5","518210","78","0","2023","1","",3,6,7,7,76927,51601,1010,888,"",0.36,0.09,0.11,0.11,0.03,0.07,0.10,0.33,"",0,0.0,-4,-40.0,-4,-36.4,-4,-36.4,-64545,-45.6,-37901,-42.3,-1120,-52.6,-132,-12.9
"48265","5","518210","78","0","2023","1","N",1,0,0,0,0,0,0,0,"N",0.14,0,0,0,0,0,0,0,"N",-1,-50.0,0,0,0,0,0,0,0,0,0,0,0,0,0,0
"48273","5","518210","78","0","2023","1","N",1,0,0,0,0,0,0,0,"N",0.36,0,0,0,0,0,0,0,"N",1,100.0,0,0,0,0,0,0,0,0,0,0,0,0,0,0
"48277","5","518210","78","0","2023","1","N",1,0,0,0,0,0,0,0,"N",0.17,0,0,0,0,0,0,0,"N",0,0.0,0,0,0,0,0,0,0,0,0,0,0,0,0,0
"48281","5","518210","78","0","2023","1","N",1,0,0,0,0,0,0,0,"N",0.47,0,0,0,0,0,0,0,"N",1,100.0,0,0,0,0,0,0,0,0,0,0,0,0,0,0
"48285","5","518210","78","0","2023","1","N",2,0,0,0,0,0,0,0,"N",0.92,0,0,0,0,0,0,0,"N",0,0.0,0,0,0,0,0,0,0,0,0,0,0,0,0,0
"48289","5","518210","78","0","2023","1","N",1,0,0,0,0,0,0,0,"N",0.53,0,0,0,0,0,0,0,"N",0,0.0,0,0,0,0,0,0,0,0,0,0,0,0,0,0
"48291","5","518210","78","0","2023","1","N",1,0,0,0,0,0,0,0,"N",0.18,0,0,0,0,0,0,0,"N",-1,-50.0,0,0,0,0,0,0,0,0,0,0,0,0,0,0
"48299","5","518210","78","0","2023","1","N",2,0,0,0,0,0,0,0,"N",0.74,0,0,0,0,0,0,0,"N",0,0.0,0,0,0,0,0,0,0,0,0,0,0,0,0,0
"48303","5","518210","78","0","2023","1","N",11,0,0,0,0,0,0,0,"N",0.30,0,0,0,0,0,0,0,"N",0,0.0,0,0,0,0,0,0,0,0,0,0,0,0,0,0
"48309","5","518210","78","0","2023","1","",13,46,44,45,2162308,778581,10727,3696,"",0.50,0.12,0.11,0.12,0.17,0.20,0.22,1.45,"",3,30.0,7,17.9,4,10.0,6,15.4,247838,12.9,70263,9.9,-427,-3.8,-48,-1.3
"48315","5","518210","78","0","2023","1","N",2,0,0,0,0,0,0,0,"N",2.67,0,0,0,0,0,0,0,"N",1,100.0,0,0,0,0,0,0,0,0,0,0,0,0,0,0
"48321","5","518210","78","0","2023","1","N",1,0,0,0,0,0,0,0,"N",0.27,0,0,0,0,0,0,0,"N",0,0.0,0,0,0,0,0,0,0,0,0,0,0,0,0,0
"48325","5","518210","78","0","2023","1","N",1,0,0,0,0,0,0,0,"N",0.25,0,0,0,0,0,0,0,"N",0,0.0,0,0,0,0,0,0,0,0,0,0,0,0,0,0
"48329","5","518210","78","0","2023","1","N",3,0,0,0,0,0,0,0,"N",0.11,0,0,0,0,0,0,0,"N",0,0.0,0,0,0,0,0,0,0,0,0,0,0,0,0,0
"48331","5","518210","78","0","2023","1","N",2,0,0,0,0,0,0,0,"N",0.90,0,0,0,0,0,0,0,"N",0,0.0,0,0,0,0,0,0,0,0,0,0,0,0,0,0
"48339","5","518210","78","0","2023","1","",46,406,416,360,9092722,3679969,88934,1775,"",0.70,0.57,0.58,0.51,0.28,0.44,0.67,0.51,"",-4,-8.0,-4,-1.0,8,2.0,-49,-12.0,-112813,-1.2,-11005,-0.3,-39691,-30.9,44,2.5
"48341","5","518210","78","0","2023","1","N",1,0,0,0,0,0,0,0,"N",0.42,0,0,0,0,0,0,0,"N",0,0.0,0,0,0,0,0,0,0,0,0,0,0,0,0,0
"48347","5","518210","78","0","2023","1","N",3,0,0,0,0,0,0,0,"N",0.48,0,0,0,0,0,0,0,"N",1,50.0,0,0,0,0,0,0,0,0,0,0,0,0,0,0
"48355","5","518210","78","0","2023","1","N",5,0,0,0,0,0,0,0,"N",0.13,0,0,0,0,0,0,0,"N",-1,-16.7,0,0,0,0,0,0,0,0,0,0,0,0,0,0
"48361","5","518210","78","0","2023","1","N",2,0,0,0,0,0,0,0,"N",0.31,0,0,0,0,0,0,0,"N",1,100.0,0,0,0,0,0,0,0,0,0,0,0,0,0,0
"48363","5","518210","78","0","2023","1","N",1,0,0,0,0,0,0,0,"N",0.31,0,0,0,0,0,0,0,"N",0,0.0,0,0,0,0,0,0,0,0,0,0,0,0,0,0
"48367","5","518210","78","0","2023","1","",4,31,32,32,687531,266433,5540,1670,"",0.25,0.24,0.25,0.25,0.17,0.19,0.30,0.68,"",1,33.3,17,121.4,18,128.6,18,128.6,393028,133.5,133428,100.3,1809,48.5,52,3.2
"48371","5","518210","78","0","2023","1","N",2,0,0,0,0,0,0,0,"N",0.98,0,0,0,0,0,0,0,"N",2,100.0,0,0,0,0,0,0,0,0,0,0,0,0,0,0
"48373","5","518210","78","0","2023","1","",4,6,6,6,182785,54000,346,2343,"",0.95,0.15,0.15,0.15,0.17,0.14,0.07,1.09,"N",0,0.0,0,0,0,0,0,0,0,0,0,0,0,0,0,0
"48375","5","518210","78","0","2023","1","",7,83,83,80,2413074,841233,16919,2264,"",0.40,0.33,0.33,0.32,0.29,0.32,0.58,0.89,"",0,0.0,0,0.0,1,1.2,-2,-2.4,686984,39.8,112902,15.5,4909,40.9,651,40.4
"48377","5","518210","78","0","2023","1","-",0,0,0,0,0,0,0,0,"N",0.00,0,0,0,0,0,0,0,"N",0,0,0,0,0,0,0,0,0,0,0,0,0,0,0,0
"48381","5","518210","78","0","2023","1","N",1,0,0,0,0,0,0,0,"N",0.08,0,0,0,0,0,0,0,"N",0,0.0,0,0,0,0,0,0,0,0,0,0,0,0,0,0
"48383","5","518210","78","0","2023","1","-",0,0,0,0,0,0,0,0,"N",0.00,0,0,0,0,0,0,0,"N",0,0,0,0,0,0,0,0,0,0,0,0,0,0,0,0
"48389","5","518210","78","0","2023","1","-",0,0,0,0,0,0,0,0,"N",0.00,0,0,0,0,0,0,0,"N",0,0,0,0,0,0,0,0,0,0,0,0,0,0,0,0
"48397","5","518210","78","0","2023","1","",10,35,36,34,947946,376185,7078,2083,"",0.71,0.28,0.28,0.27,0.24,0.27,0.42,0.86,"N",1,11.1,0,0,0,0,0,0,0,0,0,0,0,0,0,0
"48401","5","518210","78","0","2023","1","N",1,0,0,0,0,0,0,0,"N",0.26,0,0,0,0,0,0,0,"N",0,0.0,0,0,0,0,0,0,0,0,0,0,0,0,0,0
"48403","5","518210","78","0","2023","1","N",1,0,0,0,0,0,0,0,"N",1.00,0,0,0,0,0,0,0,"N",0,0.0,0,0,0,0,0,0,0,0,0,0,0,0,0,0
"48407","5","518210","78","0","2023","1","N",1,0,0,0,0,0,0,0,"N",0.77,0,0,0,0,0,0,0,"N",0,0.0,0,0,0,0,0,0,0,0,0,0,0,0,0,0
"48409","5","518210","78","0","2023","1","N",1,0,0,0,0,0,0,0,"N",0.18,0,0,0,0,0,0,0,"N",0,0.0,0,0,0,0,0,0,0,0,0,0,0,0,0,0
"48419","5","518210","78","0","2023","1","N",1,0,0,0,0,0,0,0,"N",0.38,0,0,0,0,0,0,0,"N",0,0.0,0,0,0,0,0,0,0,0,0,0,0,0,0,0
"48423","5","518210","78","0","2023","1","",13,22,24,24,743585,195492,1610,2451,"",0.43,0.06,0.07,0.07,0.06,0.05,0.03,0.99,"",1,8.3,-8,-26.7,-7,-22.6,-6,-20.0,-727425,-49.5,-46019,-19.1,-975,-37.7,-1279,-34.3
"48427","5","518210","78","0","2023","1","-",0,0,0,0,0,0,0,0,"N",0.00,0,0,0,0,0,0,0,"N",0,0,0,0,0,0,0,0,0,0,0,0,0,0,0,0
"48439","5","518210","78","0","2023","1","",136,1148,1128,1118,46529035,10316792,190679,3164,"",0.62,0.36,0.35,0.35,0.35,0.28,0.36,0.98,"",16,13.3,29,2.6,0,0.0,-42,-3.6,9843904,26.8,175804,1.7,-53067,-21.8,679,27.3
"48441","5","518210","78","0","2023","1","N",3,0,0,0,0,0,0,0,"N",0.18,0,0,0,0,0,0,0,"N",-3,-50.0,0,0,0,0,0,0,0,0,0,0,0,0,0,0
"48451","5","518210","78","0","2023","1","N",2,0,0,0,0,0,0,0,"N",0.15,0,0,0,0,0,0,0,"N",0,0.0,0,0,0,0,0,0,0,0,0,0,0,0,0,0
"48453","5","518210","78","0","2023","1","",466,11327,11305,11233,642130008,104806033,1586045,4376,"",2.05,3.89,3.89,3.87,4.05,2.88,2.83,1.04,"",52,12.6,1270,12.6,1145,11.3,915,8.9,90591432,16.4,6415830,6.5,-490397,-23.6,208,5.0
"48459","5","518210","78","0","2023","1","N",2,0,0,0,0,0,0,0,"N",0.76,0,0,0,0,0,0,0,"N",1,100.0,0,0,0,0,0,0,0,0,0,0,0,0,0,0
"48465","5","518210","78","0","2023","1","N",1,0,0,0,0,0,0,0,"N",0.24,0,0,0,0,0,0,0,"N",0,0.0,0,0,0,0,0,0,0,0,0,0,0,0,0,0
"48469","5","518210","78","0","2023","1","N",1,0,0,0,0,0,0,0,"N",0.09,0,0,0,0,0,0,0,"N",0,0.0,0,0,0,0,0,0,0,0,0,0,0,0,0,0
"48475","5","518210","78","0","2023","1","N",2,0,0,0,0,0,0,0,"N",1.14,0,0,0,0,0,0,0,"N",0,0.0,0,0,0,0,0,0,0,0,0,0,0,0,0,0
"48479","5","518210","78","0","2023","1","N",2,0,0,0,0,0,0,0,"N",0.08,0,0,0,0,0,0,0,"N",-1,-33.3,0,0,0,0,0,0,0,0,0,0,0,0,0,0
"48485","5","518210","78","0","2023","1","N",4,0,0,0,0,0,0,0,"N",0.27,0,0,0,0,0,0,0,"N",-1,-20.0,0,0,0,0,0,0,0,0,0,0,0,0,0,0
"48491","5","518210","78","0","2023","1","",85,242,248,243,8296199,2333952,40457,2612,"",1.28,0.34,0.35,0.34,0.24,0.27,0.37,0.69,"",12,16.4,43,21.6,53,27.2,41,20.3,1853026,28.8,155303,7.1,-10780,-21.0,117,4.7
"48497","5","518210","78","0","2023","1","N",2,0,0,0,0,0,0,0,"N",0.28,0,0,0,0,0,0,0,"N",0,0.0,0,0,0,0,0,0,0,0,0,0,0,0,0,0
"48499","5","518210","78","0","2023","1","N",2,0,0,0,0,0,0,0,"N",0.48,0,0,0,0,0,0,0,"N",0,0.0,0,0,0,0,0,0,0,0,0,0,0,0,0,0
"48999","5","518210","78","0","2023","1","",942,11141,11195,11138,546657644,103770764,1314955,3769,"",2.78,6.90,6.83,6.78,4.88,3.99,2.62,0.71,"",285,43.4,3554,46.8,3437,44.3,3212,40.5,180988365,49.5,29709693,40.1,157664,13.6,143,3.9
"49000","5","518210","58","0","2023","1","",745,7630,7578,7615,241605925,191673103,1062398,2443,"",1.29,1.40,1.39,1.41,1.18,1.71,1.64,0.84,"",75,11.2,-183,-2.3,-357,-4.5,-350,-4.4,-2468355,-1.0,10688729,5.9,-281128,-20.9,68,2.9
"49003","5","518210","78","0","2023","1","N",1,0,0,0,0,0,0,0,"N",0.14,0,0,0,0,0,0,0,"N",0,0.0,0,0,0,0,0,0,0,0,0,0,0,0,0,0
"49005","5","518210","78","0","2023","1","",10,33,33,33,607474,597208,5781,1416,"",0.53,0.16,0.16,0.16,0.11,0.19,0.44,0.65,"N",2,25.0,0,0,0,0,0,0,0,0,0,0,0,0,0,0
"49007","5","518210","78","0","2023","1","N",1,0,0,0,0,0,0,0,"N",0.37,0,0,0,0,0,0,0,"N",1,100.0,0,0,0,0,0,0,0,0,0,0,0,0,0,0
"49011","5","518210","78","0","2023","1","N",25,0,0,0,0,0,0,0,"N",0.57,0,0,0,0,0,0,0,"N",1,4.2,0,0,0,0,0,0,0,0,0,0,0,0,0,0
"49015","5","518210","78","0","2023","1","N",1,0,0,0,0,0,0,0,"N",0.87,0,0,0,0,0,0,0,"N",0,0.0,0,0,0,0,0,0,0,0,0,0,0,0,0,0
"49021","5","518210","78","0","2023","1","N",1,0,0,0,0,0,0,0,"N",0.11,0,0,0,0,0,0,0,"N",0,0.0,0,0,0,0,0,0,0,0,0,0,0,0,0,0
"49035","5","518210","78","0","2023","1","",551,3597,3619,3663,116996614,92088374,598045,2482,"",2.00,1.42,1.43,1.46,1.04,1.53,1.64,0.73,"",76,16.0,-224,-5.9,-327,-8.3,-269,-6.8,-3161960,-2.6,1311968,1.4,-366300,-38.0,112,4.7
"49037","5","518210","78","0","2023","1","N",1,0,0,0,0,0,0,0,"N",0.63,0,0,0,0,0,0,0,"N",1,100.0,0,0,0,0,0,0,0,0,0,0,0,0,0,0
"49039","5","518210","78","0","2023","1","N",1,0,0,0,0,0,0,0,"N",0.33,0,0,0,0,0,0,0,"N",1,100.0,0,0,0,0,0,0,0,0,0,0,0,0,0,0
"49041","5","518210","78","0","2023","1","N",1,0,0,0,0,0,0,0,"N",0.30,0,0,0,0,0,0,0,"N",1,100.0,0,0,0,0,0,0,0,0,0,0,0,0,0,0
"49043","5","518210","78","0","2023","1","",13,63,63,67,1901787,1605933,10121,2274,"",0.84,0.57,0.57,0.62,0.48,0.65,0.52,0.82,"",-1,-7.1,-10,-13.7,-8,-11.3,-5,-6.9,-124501,-6.1,-98495,-5.8,213,2.1,109,5.0
"49045","5","518210","78","0","2023","1","N",1,0,0,0,0,0,0,0,"N",0.16,0,0,0,0,0,0,0,"N",0,0.0,0,0,0,0,0,0,0,0,0,0,0,0,0,0
"49047","5","518210","78","0","2023","1","N",1,0,0,0,0,0,0,0,"N",0.17,0,0,0,0,0,0,0,"N",0,0.0,0,0,0,0,0,0,0,0,0,0,0,0,0,0
"49049","5","518210","78","0","2023","1","",104,3568,3486,3481,112355342,88833156,407506,2461,"",1.12,3.78,3.71,3.74,3.35,4.74,4.18,0.89,"",-3,-2.8,-10,-0.3,-82,-2.3,-134,-3.7,-1136724,-1.0,7482896,9.2,86429,26.9,27,1.1
"49051","5","518210","78","0","2023","1","N",1,0,0,0,0,0,0,0,"N",0.15,0,0,0,0,0,0,0,"N",-1,-50.0,0,0,0,0,0,0,0,0,0,0,0,0,0,0
"49053","5","518210","78","0","2023","1","",18,165,164,164,4530255,3844604,13345,2121,"",0.52,0.62,0.61,0.62,0.65,0.95,0.64,1.06,"",1,5.9,23,16.2,20,13.9,24,17.1,520360,13.0,535385,16.2,-1957,-12.8,-51,-2.3
"49057","5","518210","78","0","2023","1","",14,58,68,67,1690865,1469119,12981,2022,"",0.45,0.15,0.18,0.18,0.14,0.21,0.34,0.82,"",-4,-22.2,-2,-3.3,6,9.7,3,4.7,-71378,-4.1,22198,1.5,461,3.7,-164,-7.5
"50000","5","518210","58","0","2023","1","",187,508,509,518,15145193,6301141,69173,2277,"",1.40,0.51,0.51,0.52,0.42,0.52,0.30,0.82,"",44,30.8,56,12.4,54,11.9,61,13.3,3375112,28.7,587777,10.3,-1427,-2.0,286,14.4
"50001","5","518210","78","0","2023","1","",5,4,4,4,114887,54000,297,2209,"",0.68,0.08,0.08,0.08,0.07,0.10,0.03,0.87,"",0,0.0,-6,-60.0,-6,-60.0,-7,-63.6,-15175,-11.7,-1976,-3.5,-232,-43.9,1241,128.2
"50003","5","518210","78","0","2023","1","",15,30,31,27,979429,345012,6152,2568,"",1.88,0.56,0.58,0.51,0.55,0.53,0.48,1.00,"",6,66.7,12,66.7,12,63.2,8,42.1,452274,85.8,83059,31.7,-743,-10.8,396,18.2
"50005","5","518210","78","0","2023","1","N",6,0,0,0,0,0,0,0,"N",1.17,0,0,0,0,0,0,0,"N",3,100.0,0,0,0,0,0,0,0,0,0,0,0,0,0,0
"50007","5","518210","78","0","2023","1","",63,248,248,258,6112864,3146187,24700,1871,"",1.61,0.75,0.75,0.78,0.45,0.73,0.32,0.59,"",14,28.6,23,10.2,24,10.7,32,14.2,1205616,24.6,407714,14.9,-332,-1.3,193,11.5
"50011","5","518210","78","0","2023","1","",10,14,13,13,384498,172944,3903,2218,"",1.55,0.25,0.24,0.24,0.20,0.25,0.37,0.82,"N",2,25.0,0,0,0,0,0,0,0,0,0,0,0,0,0,0
"50015","5","518210","78","0","2023","1","",7,47,47,48,1565958,616561,18316,2545,"",1.09,1.12,1.12,1.16,1.16,1.13,1.45,1.03,"",1,16.7,5,11.9,6,14.6,8,20.0,128559,8.9,16393,2.7,7204,64.8,-152,-5.6
"50017","5","518210","78","0","2023","1","",7,10,10,10,218999,97137,551,1685,"",1.68,0.41,0.41,0.41,0.30,0.38,0.12,0.74,"",0,0.0,-2,-16.7,-2,-16.7,-1,-9.1,-30497,-12.2,-57957,-37.4,-843,-60.5,40,2.4
"50019","5","518210","78","0","2023","1","",7,7,6,5,128366,71133,709,1646,"",1.56,0.20,0.17,0.14,0.14,0.19,0.08,0.79,"",2,40.0,2,40.0,1,20.0,0,0.0,13518,11.8,20851,41.5,215,43.5,-121,-6.8
"50021","5","518210","78","0","2023","1","",8,33,34,35,417368,324143,1378,944,"",0.72,0.40,0.41,0.43,0.15,0.32,0.06,0.37,"",1,14.3,2,6.5,2,6.2,3,9.4,67882,19.4,35670,12.4,-1384,-50.1,95,11.2
"50023","5","518210","78","0","2023","1","N",20,0,0,0,0,0,0,0,"N",1.51,0,0,0,0,0,0,0,"N",7,53.8,0,0,0,0,0,0,0,0,0,0,0,0,0,0
"50025","5","518210","78","0","2023","1","",14,38,40,40,1922202,529896,6177,3759,"",1.36,0.56,0.60,0.61,0.91,0.63,0.37,1.54,"",3,27.3,3,8.6,2,5.3,2,5.3,594581,44.8,8454,1.6,-2626,-29.8,999,36.2
"50027","5","518210","78","0","2023","1","",18,24,24,24,1382813,330063,2914,4432,"",1.42,0.31,0.31,0.32,0.53,0.36,0.17,1.69,"",4,28.6,4,20.0,4,20.0,4,20.0,183425,15.3,30161,10.1,-22,-0.7,-181,-3.9
"50999","5","518210","78","0","2023","1","N",7,0,0,0,0,0,0,0,"N",2.16,0,0,0,0,0,0,0,"N",1,16.7,0,0,0,0,0,0,0,0,0,0,0,0,0,0
"51000","2","518210","58","0","2023","1","",7,214,213,224,6237994,0,0,2211,"",12.33,8.91,8.81,9.07,11.94,0.00,0.00,1.34,"",0,0.0,3,1.4,4,1.9,16,7.7,417747,7.2,0,0.0,0,0.0,72,3.4
"51000","3","518210","58","0","2023","1","",5,311,311,309,6314107,144000,187,1565,"",1.73,4.37,4.36,4.35,4.12,8.58,21.08,0.94,"",0,0.0,19,6.5,15,5.1,13,4.4,1072370,20.5,54736,61.3,-2250,-92.3,197,14.4
"51000","5","518210","58","0","2023","1","",1507,18318,18322,18271,779095684,170415083,889376,3274,"",0.98,1.40,1.41,1.41,1.34,1.30,1.10,0.95,"",317,26.6,1849,11.2,1651,9.9,1542,9.2,117172968,17.7,21282617,14.3,-638396,-41.8,211,6.9
"51001","5","518210","78","0","2023","1","N",8,0,0,0,0,0,0,0,"N",1.00,0,0,0,0,0,0,0,"N",8,100.0,0,0,0,0,0,0,0,0,0,0,0,0,0,0
"51003","5","518210","78","0","2023","1","",18,55,54,54,2567467,526281,8016,3635,"",0.85,0.29,0.28,0.28,0.32,0.36,0.99,1.11,"",9,100.0,8,17.0,8,17.4,6,12.5,640425,33.2,52631,11.1,161,2.0,481,15.3
"51009","5","518210","78","0","2023","1","N",4,0,0,0,0,0,0,0,"N",0.96,0,0,0,0,0,0,0,"N",4,100.0,0,0,0,0,0,0,0,0,0,0,0,0,0,0
"51011","2","518210","78","0","2023","1","",1,1,1,1,13441,0,0,1034,"",910.70,47.34,46.24,45.70,58.52,0.00,0.00,1.26,"",0,0.0,0,0.0,0,0.0,0,0.0,900,7.2,0,0.0,0,0.0,69,7.2
"51011","5","518210","78","0","2023","1","N",1,0,0,0,0,0,0,0,"N",0.34,0,0,0,0,0,0,0,"N",1,100.0,0,0,0,0,0,0,0,0,0,0,0,0,0,0
"51013","3","518210","78","0","2023","1","",2,77,77,77,2396535,0,0,2394,"",21.66,24.40,24.46,24.52,21.65,0.00,0.00,0.89,"",0,0.0,2,2.7,1,1.3,1,1.3,426479,21.6,0,0.0,0,0.0,391,19.5
"51013","5","518210","78","0","2023","1","",77,842,833,802,41972078,6984627,39962,3910,"",1.58,1.46,1.45,1.40,1.00,1.15,1.20,0.69,"",13,20.3,1,0.1,-4,-0.5,-18,-2.2,-1069214,-2.5,118855,1.7,-44577,-52.7,-66,-1.7
"51015","5","518210","78","0","2023","1","N",4,0,0,0,0,0,0,0,"N",0.41,0,0,0,0,0,0,0,"N",3,300.0,0,0,0,0,0,0,0,0,0,0,0,0,0,0
"51017","5","518210","78","0","2023","1","N",3,0,0,0,0,0,0,0,"N",1.55,0,0,0,0,0,0,0,"N",3,100.0,0,0,0,0,0,0,0,0,0,0,0,0,0,0
"51019","5","518210","78","0","2023","1","",9,13,14,15,295576,114832,837,1624,"",0.77,0.22,0.24,0.25,0.18,0.20,0.26,0.76,"",2,28.6,-3,-18.8,-1,-6.7,-1,-6.2,-5556,-1.8,-11358,-9.0,-558,-40.0,145,9.8
"51021","5","518210","78","0","2023","1","N",3,0,0,0,0,0,0,0,"N",2.35,0,0,0,0,0,0,0,"N",3,100.0,0,0,0,0,0,0,0,0,0,0,0,0,0,0
"51023","5","518210","78","0","2023","1","N",3,0,0,0,0,0,0,0,"N",0.60,0,0,0,0,0,0,0,"N",1,50.0,0,0,0,0,0,0,0,0,0,0,0,0,0,0
"51025","5","518210","78","0","2023","1","N",3,0,0,0,0,0,0,0,"N",0.83,0,0,0,0,0,0,0,"N",3,100.0,0,0,0,0,0,0,0,0,0,0,0,0,0,0
"51029","5","518210","78","0","2023","1","N",2,0,0,0,0,0,0,0,"N",0.69,0,0,0,0,0,0,0,"N",2,100.0,0,0,0,0,0,0,0,0,0,0,0,0,0,0
"51031","5","518210","78","0","2023","1","N",7,0,0,0,0,0,0,0,"N",0.68,0,0,0,0,0,0,0,"N",7,100.0,0,0,0,0,0,0,0,0,0,0,0,0,0,0
"51033","5","518210","78","0","2023","1","N",5,0,0,0,0,0,0,0,"N",1.11,0,0,0,0,0,0,0,"N",4,400.0,0,0,0,0,0,0,0,0,0,0,0,0,0,0
"51035","5","518210","78","0","2023","1","N",2,0,0,0,0,0,0,0,"N",0.52,0,0,0,0,0,0,0,"N",2,100.0,0,0,0,0,0,0,0,0,0,0,0,0,0,0
"51037","5","518210","78","0","2023","1","N",6,0,0,0,0,0,0,0,"N",1.48,0,0,0,0,0,0,0,"N",6,100.0,0,0,0,0,0,0,0,0,0,0,0,0,0,0
"51041","2","518210","78","0","2023","1","",1,208,207,218,6110462,0,0,2228,"",54.23,245.02,244.44,251.76,419.00,0.00,0.00,1.69,"",0,0.0,3,1.5,4,2.0,16,7.9,409205,7.2,0,0.0,0,0.0,71,3.3
"51041","5","518210","78","0","2023","1","",33,226,221,220,2664662,1356418,13710,922,"",0.66,0.49,0.48,0.48,0.16,0.30,0.52,0.34,"",8,32.0,51,29.1,42,23.5,35,18.9,428962,19.2,258600,23.6,-8708,-38.8,-35,-3.7
"51043","5","518210","78","0","2023","1","N",2,0,0,0,0,0,0,0,"N",0.72,0,0,0,0,0,0,0,"N",2,100.0,0,0,0,0,0,0,0,0,0,0,0,0,0,0
"51047","5","518210","78","0","2023","1","-",0,0,0,0,0,0,0,0,"N",0.00,0,0,0,0,0,0,0,"N",0,0,0,0,0,0,0,0,0,0,0,0,0,0,0,0
"51049","5","518210","78","0","2023","1","N",1,0,0,0,0,0,0,0,"N",0.66,0,0,0,0,0,0,0,"N",1,100.0,0,0,0,0,0,0,0,0,0,0,0,0,0,0
"51051","5","518210","78","0","2023","1","N",1,0,0,0,0,0,0,0,"N",0.54,0,0,0,0,0,0,0,"N",1,100.0,0,0,0,0,0,0,0,0,0,0,0,0,0,0
"51053","5","518210","78","0","2023","1","N",2,0,0,0,0,0,0,0,"N",0.64,0,0,0,0,0,0,0,"N",2,100.0,0,0,0,0,0,0,0,0,0,0,0,0,0,0
"51057","5","518210","78","0","2023","1","N",2,0,0,0,0,0,0,0,"N",0.89,0,0,0,0,0,0,0,"N",2,100.0,0,0,0,0,0,0,0,0,0,0,0,0,0,0
"51059","5","518210","78","0","2023","1","",266,9990,10038,9996,457547293,103637002,319015,3517,"",1.39,4.91,4.94,4.96,3.41,4.37,2.42,0.69,"",63,31.0,1265,14.5,1189,13.4,1143,12.9,101953190,28.7,15009871,16.9,-311720,-49.4,412,13.3
"51061","5","518210","78","0","2023","1","N",15,0,0,0,0,0,0,0,"N",1.06,0,0,0,0,0,0,0,"N",10,200.0,0,0,0,0,0,0,0,0,0,0,0,0,0,0
"51065","5","518210","78","0","2023","1","N",1,0,0,0,0,0,0,0,"N",0.30,0,0,0,0,0,0,0,"N",0,0.0,0,0,0,0,0,0,0,0,0,0,0,0,0,0
"51067","5","518210","78","0","2023","1","N",7,0,0,0,0,0,0,0,"N",0.86,0,0,0,0,0,0,0,"N",5,250.0,0,0,0,0,0,0,0,0,0,0,0,0,0,0
"51069","5","518210","78","0","2023","1","N",3,0,0,0,0,0,0,0,"N",0.29,0,0,0,0,0,0,0,"N",1,50.0,0,0,0,0,0,0,0,0,0,0,0,0,0,0
"51071","5","518210","78","0","2023","1","N",2,0,0,0,0,0,0,0,"N",0.89,0,0,0,0,0,0,0,"N",1,100.0,0,0,0,0,0,0,0,0,0,0,0,0,0,0
"51073","5","518210","78","0","2023","1","N",2,0,0,0,0,0,0,0,"N",0.34,0,0,0,0,0,0,0,"N",2,100.0,0,0,0,0,0,0,0,0,0,0,0,0,0,0
"51075","5","518210","78","0","2023","1","N",15,0,0,0,0,0,0,0,"N",2.64,0,0,0,0,0,0,0,"N",12,400.0,0,0,0,0,0,0,0,0,0,0,0,0,0,0
"51077","5","518210","78","0","2023","1","N",2,0,0,0,0,0,0,0,"N",1.01,0,0,0,0,0,0,0,"N",2,100.0,0,0,0,0,0,0,0,0,0,0,0,0,0,0
"51079","5","518210","78","0","2023","1","N",2,0,0,0,0,0,0,0,"N",0.72,0,0,0,0,0,0,0,"N",0,0.0,0,0,0,0,0,0,0,0,0,0,0,0,0,0
"51081","5","518210","78","0","2023","1","N",4,0,0,0,0,0,0,0,"N",2.04,0,0,0,0,0,0,0,"N",4,100.0,0,0,0,0,0,0,0,0,0,0,0,0,0,0
"51083","5","518210","78","0","2023","1","N",3,0,0,0,0,0,0,0,"N",0.57,0,0,0,0,0,0,0,"N",1,50.0,0,0,0,0,0,0,0,0,0,0,0,0,0,0
"51085","5","518210","78","0","2023","1","",19,82,80,81,1573698,583239,3479,1494,"",0.92,0.44,0.43,0.44,0.27,0.30,0.32,0.61,"",7,58.3,-11,-11.8,-17,-17.5,-15,-15.6,-708236,-31.0,-161562,-21.7,-5404,-60.8,-347,-18.8
"51087","5","518210","78","0","2023","1","",52,302,309,311,14243366,2445785,14253,3565,"",0.87,0.50,0.51,0.52,0.55,0.37,0.32,1.07,"",22,73.3,175,137.8,180,139.5,178,133.8,6215519,77.4,1365268,126.4,788,5.9,-1197,-25.1
"51089","5","518210","78","0","2023","1","N",1,0,0,0,0,0,0,0,"N",0.11,0,0,0,0,0,0,0,"N",0,0.0,0,0,0,0,0,0,0,0,0,0,0,0,0,0
"51091","5","518210","78","0","2023","1","N",2,0,0,0,0,0,0,0,"N",1.89,0,0,0,0,0,0,0,"N",2,100.0,0,0,0,0,0,0,0,0,0,0,0,0,0,0
"51093","2","518210","78","0","2023","1","",1,1,1,1,25153,0,0,1935,"",583.13,15.66,15.64,15.51,20.50,0.00,0.00,1.31,"",0,0.0,0,0.0,0,0.0,0,0.0,1685,7.2,0,0.0,0,0.0,130,7.2
"51093","5","518210","78","0","2023","1","N",1,0,0,0,0,0,0,0,"N",0.22,0,0,0,0,0,0,0,"N",-5,-83.3,0,0,0,0,0,0,0,0,0,0,0,0,0,0
"51095","5","518210","78","0","2023","1","",11,15,15,14,392029,117579,940,2056,"",1.05,0.16,0.17,0.15,0.14,0.14,0.21,0.87,"",3,37.5,2,15.4,2,15.4,1,7.7,120146,44.2,20354,20.9,168,21.8,447,27.8
"51099","5","518210","78","0","2023","1","N",4,0,0,0,0,0,0,0,"N",1.14,0,0,0,0,0,0,0,"N",3,300.0,0,0,0,0,0,0,0,0,0,0,0,0,0,0
"51101","5","518210","78","0","2023","1","N",2,0,0,0,0,0,0,0,"N",0.80,0,0,0,0,0,0,0,"N",2,100.0,0,0,0,0,0,0,0,0,0,0,0,0,0,0
"51103","5","518210","78","0","2023","1","N",4,0,0,0,0,0,0,0,"N",1.33,0,0,0,0,0,0,0,"N",3,300.0,0,0,0,0,0,0,0,0,0,0,0,0,0,0
"51105","5","518210","78","0","2023","1","N",1,0,0,0,0,0,0,0,"N",0.37,0,0,0,0,0,0,0,"N",0,0.0,0,0,0,0,0,0,0,0,0,0,0,0,0,0
"51107","3","518210","78","0","2023","1","",1,153,153,153,3518210,0,0,1769,"",7.56,46.45,46.60,46.64,46.12,0.00,0.00,0.99,"",0,0.0,13,9.3,11,7.7,11,7.7,497977,16.5,0,0.0,0,0.0,125,7.6
"51107","5","518210","78","0","2023","1","",114,1457,1464,1468,79432414,11880622,78720,4176,"",1.63,2.41,2.44,2.46,2.74,1.88,2.33,1.12,"",21,22.6,-160,-9.9,-160,-9.9,-165,-10.1,-12079256,-13.2,-1638173,-12.1,-71178,-47.5,-157,-3.6
"51113","5","518210","78","0","2023","1","N",2,0,0,0,0,0,0,0,"N",0.72,0,0,0,0,0,0,0,"N",2,100.0,0,0,0,0,0,0,0,0,0,0,0,0,0,0
"51115","5","518210","78","0","2023","1","N",2,0,0,0,0,0,0,0,"N",1.62,0,0,0,0,0,0,0,"N",1,100.0,0,0,0,0,0,0,0,0,0,0,0,0,0,0
"51117","5","518210","78","0","2023","1","N",3,0,0,0,0,0,0,0,"N",0.55,0,0,0,0,0,0,0,"N",1,50.0,0,0,0,0,0,0,0,0,0,0,0,0,0,0
"51121","5","518210","78","0","2023","1","",11,19,19,18,448841,137114,609,1850,"",0.87,0.14,0.13,0.13,0.10,0.11,0.11,0.73,"",4,57.1,1,5.6,2,11.8,1,5.9,61454,15.9,12180,9.7,-565,-48.1,131,7.6
"51127","5","518210","78","0","2023","1","N",1,0,0,0,0,0,0,0,"N",0.36,0,0,0,0,0,0,0,"N",1,100.0,0,0,0,0,0,0,0,0,0,0,0,0,0,0
"51135","5","518210","78","0","2023","1","N",3,0,0,0,0,0,0,0,"N",1.21,0,0,0,0,0,0,0,"N",3,100.0,0,0,0,0,0,0,0,0,0,0,0,0,0,0
"51137","3","518210","78","0","2023","1","",1,18,18,16,315689,144000,187,1401,"",107.54,107.53,106.90,94.65,140.93,4138.64,7656.51,1.37,"",0,0.0,7,63.6,6,50.0,4,33.3,147091,87.2,54736,61.3,-2250,-92.3,289,26.0
"51141","5","518210","78","0","2023","1","N",1,0,0,0,0,0,0,0,"N",0.38,0,0,0,0,0,0,0,"N",0,0.0,0,0,0,0,0,0,0,0,0,0,0,0,0,0
"51143","5","518210","78","0","2023","1","N",1,0,0,0,0,0,0,0,"N",0.14,0,0,0,0,0,0,0,"N",1,100.0,0,0,0,0,0,0,0,0,0,0,0,0,0,0
"51149","5","518210","78","0","2023","1","N",1,0,0,0,0,0,0,0,"N",0.31,0,0,0,0,0,0,0,"N",0,0.0,0,0,0,0,0,0,0,0,0,0,0,0,0,0
"51153","5","518210","78","0","2023","1","",36,381,369,372,10570963,2978510,22883,2174,"",0.71,0.86,0.84,0.84,0.67,0.73,1.04,0.79,"",0,0.0,67,21.3,54,17.1,31,9.1,1030440,10.8,315702,11.9,-27143,-54.3,-96,-4.2
"51157","5","518210","78","0","2023","1","N",2,0,0,0,0,0,0,0,"N",1.28,0,0,0,0,0,0,0,"N",1,100.0,0,0,0,0,0,0,0,0,0,0,0,0,0,0
"51159","5","518210","78","0","2023","1","N",1,0,0,0,0,0,0,0,"N",0.75,0,0,0,0,0,0,0,"N",1,100.0,0,0,0,0,0,0,0,0,0,0,0,0,0,0
"51161","5","518210","78","0","2023","1","",4,38,37,36,567623,286087,3262,1180,"",0.31,0.31,0.30,0.30,0.15,0.24,0.50,0.50,"N",2,100.0,0,0,0,0,0,0,0,0,0,0,0,0,0,0
"51163","5","518210","78","0","2023","1","N",2,0,0,0,0,0,0,0,"N",0.68,0,0,0,0,0,0,0,"N",1,100.0,0,0,0,0,0,0,0,0,0,0,0,0,0,0
"51165","2","518210","78","0","2023","1","",1,1,1,1,20664,0,0,1590,"",276.22,4.81,4.76,4.67,6.07,0.00,0.00,1.28,"",0,0.0,0,0.0,0,0.0,0,0.0,1384,7.2,0,0.0,0,0.0,107,7.2
"51165","5","518210","78","0","2023","1","N",2,0,0,0,0,0,0,0,"N",0.20,0,0,0,0,0,0,0,"N",1,100.0,0,0,0,0,0,0,0,0,0,0,0,0,0,0
"51169","2","518210","78","0","2023","1","",1,1,1,1,23664,0,0,1820,"",1337.54,34.91,34.42,34.24,69.66,0.00,0.00,2.02,"",0,0.0,0,0.0,0,0.0,0,0.0,1584,7.2,0,0.0,0,0.0,122,7.2
"51169","5","518210","78","0","2023","1","N",1,0,0,0,0,0,0,0,"N",0.50,0,0,0,0,0,0,0,"N",0,0.0,0,0,0,0,0,0,0,0,0,0,0,0,0,0
"51171","5","518210","78","0","2023","1","N",1,0,0,0,0,0,0,0,"N",0.17,0,0,0,0,0,0,0,"N",0,0.0,0,0,0,0,0,0,0,0,0,0,0,0,0,0
"51177","2","518210","78","0","2023","1","",1,1,1,1,18666,0,0,1436,"",161.40,4.59,4.57,4.45,5.98,0.00,0.00,1.32,"",0,0.0,0,0.0,0,0.0,0,0.0,1251,7.2,0,0.0,0,0.0,96,7.2
"51177","5","518210","78","0","2023","1","",7,9,9,9,324696,82189,563,2775,"",0.42,0.08,0.08,0.08,0.09,0.07,0.09,1.22,"",2,40.0,4,80.0,4,80.0,4,80.0,201516,163.6,38173,86.7,-148,-20.8,880,46.4
"51179","5","518210","78","0","2023","1","",9,21,22,26,859370,213336,1788,2874,"",0.57,0.13,0.14,0.17,0.14,0.16,0.23,0.98,"",2,28.6,-3,-12.5,-3,-12.0,3,13.0,-15605,-1.8,3022,1.4,-536,-23.1,70,2.5
"51185","5","518210","78","0","2023","1","N",2,0,0,0,0,0,0,0,"N",0.40,0,0,0,0,0,0,0,"N",0,0.0,0,0,0,0,0,0,0,0,0,0,0,0,0,0
"51187","5","518210","78","0","2023","1","N",2,0,0,0,0,0,0,0,"N",0.35,0,0,0,0,0,0,0,"N",1,100.0,0,0,0,0,0,0,0,0,0,0,0,0,0,0
"51191","5","518210","78","0","2023","1","N",3,0,0,0,0,0,0,0,"N",0.40,0,0,0,0,0,0,0,"N",1,50.0,0,0,0,0,0,0,0,0,0,0,0,0,0,0
"51195","5","518210","78","0","2023","1","N",1,0,0,0,0,0,0,0,"N",0.25,0,0,0,0,0,0,0,"N",0,0.0,0,0,0,0,0,0,0,0,0,0,0,0,0,0
"51197","2","518210","78","0","2023","1","",1,1,1,1,25944,0,0,1996,"",603.00,14.31,14.13,13.75,28.93,0.00,0.00,2.06,"",0,0.0,0,0.0,0,0.0,0,0.0,1738,7.2,0,0.0,0,0.0,134,7.2
"51199","5","518210","78","0","2023","1","N",5,0,0,0,0,0,0,0,"N",0.62,0,0,0,0,0,0,0,"N",-1,-16.7,0,0,0,0,0,0,0,0,0,0,0,0,0,0
"51510","5","518210","78","0","2023","1","",35,199,203,205,7864232,1567026,17217,2990,"",1.10,0.74,0.77,0.78,0.57,0.60,1.07,0.75,"",4,12.9,-64,-24.3,-60,-22.8,-71,-25.7,-2758875,-26.0,-697378,-30.8,-11629,-40.3,-67,-2.2
"51520","5","518210","78","0","2023","1","N",1,0,0,0,0,0,0,0,"N",0.34,0,0,0,0,0,0,0,"N",0,0.0,0,0,0,0,0,0,0,0,0,0,0,0,0,0
"51540","5","518210","78","0","2023","1","N",2,0,0,0,0,0,0,0,"N",0.16,0,0,0,0,0,0,0,"N",-2,-50.0,0,0,0,0,0,0,0,0,0,0,0,0,0,0
"51550","5","518210","78","0","2023","1","",13,622,662,647,8802019,3625642,15110,1052,"",0.41,1.85,1.98,1.95,0.80,1.10,0.72,0.42,"",2,18.2,114,22.4,154,30.3,150,30.2,2436557,38.3,1222408,50.9,-71863,-82.6,81,8.3
"51570","5","518210","78","0","2023","1","N",1,0,0,0,0,0,0,0,"N",0.27,0,0,0,0,0,0,0,"N",1,100.0,0,0,0,0,0,0,0,0,0,0,0,0,0,0
"51590","5","518210","78","0","2023","1","N",1,0,0,0,0,0,0,0,"N",0.11,0,0,0,0,0,0,0,"N",0,0.0,0,0,0,0,0,0,0,0,0,0,0,0,0,0
"51595","5","518210","78","0","2023","1","-",0,0,0,0,0,0,0,0,"N",0.00,0,0,0,0,0,0,0,"N",0,0,0,0,0,0,0,0,0,0,0,0,0,0,0,0
"51600","5","518210","78","0","2023","1","",6,11,12,12,342249,102304,304,2257,"",0.68,0.15,0.16,0.16,0.12,0.14,0.07,0.73,"",0,0.0,3,37.5,2,20.0,2,20.0,60892,21.6,9951,10.8,-546,-64.2,-62,-2.7
"51610","5","518210","78","0","2023","1","N",3,0,0,0,0,0,0,0,"N",0.58,0,0,0,0,0,0,0,"N",0,0.0,0,0,0,0,0,0,0,0,0,0,0,0,0,0
"51630","5","518210","78","0","2023","1","N",5,0,0,0,0,0,0,0,"N",0.60,0,0,0,0,0,0,0,"N",1,25.0,0,0,0,0,0,0,0,0,0,0,0,0,0,0
"51640","5","518210","78","0","2023","1","N",1,0,0,0,0,0,0,0,"N",0.51,0,0,0,0,0,0,0,"N",0,0.0,0,0,0,0,0,0,0,0,0,0,0,0,0,0
"51650","5","518210","78","0","2023","1","",9,31,31,34,446768,210335,4687,1074,"",0.60,0.19,0.19,0.21,0.08,0.17,0.58,0.40,"",3,50.0,2,6.9,3,10.7,4,13.3,155607,53.4,23979,12.9,-533,-10.2,302,39.1
"51660","5","518210","78","0","2023","1","N",2,0,0,0,0,0,0,0,"N",0.24,0,0,0,0,0,0,0,"N",0,0.0,0,0,0,0,0,0,0,0,0,0,0,0,0,0
"51680","5","518210","78","0","2023","1","N",3,0,0,0,0,0,0,0,"N",0.23,0,0,0,0,0,0,0,"N",0,0.0,0,0,0,0,0,0,0,0,0,0,0,0,0,0
"51683","5","518210","78","0","2023","1","",5,33,30,29,1526969,222699,1309,3830,"",0.65,0.41,0.37,0.36,0.39,0.26,0.34,1.02,"",0,0.0,9,37.5,3,11.1,1,3.6,511278,50.3,33360,17.6,-852,-39.4,863,29.1
"51685","5","518210","78","0","2023","1","",4,13,12,11,197163,88605,307,1264,"",2.46,0.89,0.83,0.77,0.45,0.53,0.16,0.54,"",0,0.0,2,18.2,0,0.0,-1,-8.3,-6713,-3.3,-3743,-4.1,-765,-71.4,-80,-6.0
"51690","5","518210","78","0","2023","1","N",1,0,0,0,0,0,0,0,"N",0.21,0,0,0,0,0,0,0,"N",0,0.0,0,0,0,0,0,0,0,0,0,0,0,0,0,0
"51700","5","518210","78","0","2023","1","N",2,0,0,0,0,0,0,0,"N",0.10,0,0,0,0,0,0,0,"N",-1,-33.3,0,0,0,0,0,0,0,0,0,0,0,0,0,0
"51710","5","518210","78","0","2023","1","",16,97,97,96,3037166,769902,13549,2417,"",0.52,0.21,0.21,0.21,0.16,0.21,0.48,0.75,"N",1,6.7,0,0,0,0,0,0,0,0,0,0,0,0,0,0
"51730","5","518210","78","0","2023","1","N",2,0,0,0,0,0,0,0,"N",0.41,0,0,0,0,0,0,0,"N",1,100.0,0,0,0,0,0,0,0,0,0,0,0,0,0,0
"51735","5","518210","78","0","2023","1","N",1,0,0,0,0,0,0,0,"N",0.77,0,0,0,0,0,0,0,"N",0,0.0,0,0,0,0,0,0,0,0,0,0,0,0,0,0
"51740","5","518210","78","0","2023","1","N",2,0,0,0,0,0,0,0,"N",0.22,0,0,0,0,0,0,0,"N",0,0.0,0,0,0,0,0,0,0,0,0,0,0,0,0,0
"51750","5","518210","78","0","2023","1","N",1,0,0,0,0,0,0,0,"N",0.60,0,0,0,0,0,0,0,"N",1,100.0,0,0,0,0,0,0,0,0,0,0,0,0,0,0
"51760","3","518210","78","0","2023","1","",1,63,63,63,83673,0,0,102,"",12.45,22.40,22.27,22.39,1.23,0.00,0.00,0.06,"",0,0.0,-3,-4.5,-3,-4.5,-3,-4.5,823,1.0,0,0.0,0,0.0,5,5.2
"51760","5","518210","78","0","2023","1","",33,156,156,163,4057363,1441639,13783,1971,"",0.78,0.30,0.30,0.32,0.16,0.31,0.46,0.51,"",12,57.1,42,36.8,44,39.3,53,48.2,1761656,76.7,570085,65.4,-5148,-27.2,394,25.0
"51770","5","518210","78","0","2023","1","N",3,0,0,0,0,0,0,0,"N",0.18,0,0,0,0,0,0,0,"N",0,0.0,0,0,0,0,0,0,0,0,0,0,0,0,0,0
"51775","5","518210","78","0","2023","1","-",0,0,0,0,0,0,0,0,"N",0.00,0,0,0,0,0,0,0,"N",0,0,0,0,0,0,0,0,0,0,0,0,0,0,0,0
"51800","5","518210","78","0","2023","1","N",1,0,0,0,0,0,0,0,"N",0.10,0,0,0,0,0,0,0,"N",0,0.0,0,0,0,0,0,0,0,0,0,0,0,0,0,0
"51810","5","518210","78","0","2023","1","",27,544,537,541,10356470,4219693,62987,1473,"",0.42,0.96,0.95,0.96,0.56,0.80,1.97,0.58,"",2,8.0,27,5.2,3,0.6,0,0.0,2218425,27.3,207388,5.2,-34776,-35.6,293,24.8
"51830","5","518210","78","0","2023","1","N",2,0,0,0,0,0,0,0,"N",0.75,0,0,0,0,0,0,0,"N",1,100.0,0,0,0,0,0,0,0,0,0,0,0,0,0,0
"51840","5","518210","78","0","2023","1","N",2,0,0,0,0,0,0,0,"N",0.28,0,0,0,0,0,0,0,"N",1,100.0,0,0,0,0,0,0,0,0,0,0,0,0,0,0
"51999","5","518210","78","0","2023","1","",491,2440,2356,2345,113517699,21047725,213476,3668,"",2.27,3.46,3.32,3.29,2.37,2.12,2.37,0.71,"",20,4.2,514,26.7,385,19.5,333,16.6,15670278,16.0,4703489,28.8,-4072,-1.9,-153,-4.0
"53000","2","518210","58","0","2023","1","",1,72,73,71,1930963,0,0,2063,"",2.57,3.41,3.44,3.26,3.59,0.00,0.00,1.07,"",0,0.0,1,1.4,2,2.8,0,0.0,114984,6.3,0,0.0,0,0.0,96,4.9
"53000","5","518210","58","0","2023","1","",1109,24890,24904,24787,1372118674,1076600463,8426452,4246,"",1.06,2.17,2.18,2.17,2.29,3.34,2.35,1.05,"",31,2.9,56,0.2,3,0.0,-425,-1.7,36182226,2.7,112181541,11.6,1426113,20.4,133,3.2
"53003","5","518210","78","0","2023","1","N",1,0,0,0,0,0,0,0,"N",0.42,0,0,0,0,0,0,0,"N",-1,-50.0,0,0,0,0,0,0,0,0,0,0,0,0,0,0
"53005","5","518210","78","0","2023","1","",9,30,29,29,721954,721954,13194,1893,"",0.38,0.10,0.09,0.09,0.06,0.11,0.16,0.63,"",-3,-25.0,-12,-28.6,-13,-31.0,-14,-32.6,-392755,-35.2,-105559,-12.8,-8106,-38.1,-133,-6.6
"53007","5","518210","78","0","2023","1","",6,33,33,34,658857,654821,9039,1520,"",0.43,0.24,0.24,0.25,0.15,0.30,0.34,0.63,"",2,50.0,10,43.5,9,37.5,10,41.7,355076,116.9,351040,115.6,5966,194.1,533,54.0
"53009","5","518210","78","0","2023","1","N",4,0,0,0,0,0,0,0,"N",0.40,0,0,0,0,0,0,0,"N",1,33.3,0,0,0,0,0,0,0,0,0,0,0,0,0,0
"53011","5","518210","78","0","2023","1","",99,1077,1064,1059,37204638,29585367,311761,2683,"",1.47,1.86,1.85,1.84,1.59,2.25,2.15,0.86,"",3,3.1,-55,-4.9,-76,-6.7,-68,-6.0,-4647825,-11.1,-977782,-3.2,-45324,-12.7,-159,-5.6
"53015","5","518210","78","0","2023","1","N",5,0,0,0,0,0,0,0,"N",0.43,0,0,0,0,0,0,0,"N",-1,-16.7,0,0,0,0,0,0,0,0,0,0,0,0,0,0
"53017","5","518210","78","0","2023","1","N",2,0,0,0,0,0,0,0,"N",0.40,0,0,0,0,0,0,0,"N",-1,-33.3,0,0,0,0,0,0,0,0,0,0,0,0,0,0
"53019","5","518210","78","0","2023","1","N",1,0,0,0,0,0,0,0,"N",0.87,0,0,0,0,0,0,0,"N",0,0.0,0,0,0,0,0,0,0,0,0,0,0,0,0,0
"53021","5","518210","78","0","2023","1","N",3,0,0,0,0,0,0,0,"N",0.29,0,0,0,0,0,0,0,"N",2,200.0,0,0,0,0,0,0,0,0,0,0,0,0,0,0
"53025","5","518210","78","0","2023","1","",8,223,228,225,16171781,11047808,301395,5521,"",0.68,1.76,1.78,1.72,3.59,4.57,8.26,2.05,"",-2,-20.0,-30,-11.9,-30,-11.6,-33,-12.8,-1311916,-7.5,-561783,-4.8,69523,30.0,274,5.2
"53027","5","518210","78","0","2023","1","N",2,0,0,0,0,0,0,0,"N",0.24,0,0,0,0,0,0,0,"N",0,0.0,0,0,0,0,0,0,0,0,0,0,0,0,0,0
"53029","5","518210","78","0","2023","1","",4,14,14,15,334451,334451,4211,1795,"",0.42,0.24,0.24,0.26,0.18,0.35,0.43,0.74,"",-1,-20.0,-2,-12.5,-3,-17.6,0,0.0,-43833,-11.6,-35598,-9.6,-441,-9.5,-24,-1.3
"53031","5","518210","78","0","2023","1","N",1,0,0,0,0,0,0,0,"N",0.21,0,0,0,0,0,0,0,"N",-1,-50.0,0,0,0,0,0,0,0,0,0,0,0,0,0,0
"53033","5","518210","78","0","2023","1","",576,21488,21427,21324,1250476877,976591940,7145806,4492,"",1.54,4.53,4.55,4.56,3.72,5.27,3.80,0.82,"",1,0.2,50,0.2,-66,-0.3,-462,-2.1,28946873,2.4,102706349,11.8,1258903,21.4,136,3.1
"53035","5","518210","78","0","2023","1","",19,185,182,185,12356065,8087937,86361,5166,"",0.63,0.62,0.61,0.62,1.03,1.90,1.82,1.68,"",-2,-9.5,68,58.1,65,55.6,65,54.2,6127157,98.4,3393899,72.3,65437,312.7,1105,27.2
"53037","5","518210","78","0","2023","1","",6,17,19,21,330442,330442,4018,1338,"",0.97,0.31,0.35,0.38,0.21,0.46,0.41,0.61,"",0,0.0,3,21.4,6,46.2,6,40.0,-30616,-8.5,-7537,-2.2,301,8.1,-646,-32.6
"53039","5","518210","78","0","2023","1","N",3,0,0,0,0,0,0,0,"N",0.83,0,0,0,0,0,0,0,"N",1,50.0,0,0,0,0,0,0,0,0,0,0,0,0,0,0
"53041","5","518210","78","0","2023","1","",4,9,10,11,436611,408957,6185,3359,"",0.41,0.10,0.11,0.13,0.16,0.28,0.33,1.37,"",1,33.3,-1,-10.0,0,0.0,1,10.0,125911,40.5,126131,44.6,2772,81.2,969,40.5
"53045","5","518210","78","0","2023","1","",5,9,9,9,135962,135962,326,1162,"",0.92,0.19,0.20,0.20,0.09,0.24,0.05,0.48,"",0,0.0,1,12.5,0,0.0,0,0.0,25369,22.9,25369,22.9,-2143,-86.8,180,18.3
"53047","5","518210","78","0","2023","1","N",1,0,0,0,0,0,0,0,"N",0.14,0,0,0,0,0,0,0,"N",1,100.0,0,0,0,0,0,0,0,0,0,0,0,0,0,0
"53049","5","518210","78","0","2023","1","N",2,0,0,0,0,0,0,0,"N",0.64,0,0,0,0,0,0,0,"N",1,100.0,0,0,0,0,0,0,0,0,0,0,0,0,0,0
"53051","5","518210","78","0","2023","1","N",2,0,0,0,0,0,0,0,"N",1.39,0,0,0,0,0,0,0,"N",0,0.0,0,0,0,0,0,0,0,0,0,0,0,0,0,0
"53053","5","518210","78","0","2023","1","",61,167,186,190,5362072,5070056,48972,2279,"",0.66,0.16,0.18,0.18,0.13,0.25,0.19,0.76,"",6,10.9,-4,-2.3,11,6.3,8,4.4,1343260,33.4,1221882,31.8,-468,-0.9,523,29.8
"53055","5","518210","78","0","2023","1","N",3,0,0,0,0,0,0,0,"N",0.63,0,0,0,0,0,0,0,"N",1,50.0,0,0,0,0,0,0,0,0,0,0,0,0,0,0
"53057","5","518210","78","0","2023","1","",3,40,40,40,1633365,1442623,16230,3141,"",0.18,0.24,0.24,0.24,0.28,0.45,0.37,1.14,"",-1,-25.0,-8,-16.7,-7,-14.9,-6,-13.0,86810,5.6,31003,2.2,500,3.2,610,24.1
"53059","5","518210","78","0","2023","1","N",2,0,0,0,0,0,0,0,"N",1.78,0,0,0,0,0,0,0,"N",-1,-33.3,0,0,0,0,0,0,0,0,0,0,0,0,0,0
"53061","5","518210","78","0","2023","1","",72,369,374,373,10254647,10080563,95554,2120,"",0.79,0.39,0.40,0.40,0.23,0.39,0.28,0.58,"",-3,-4.0,44,13.5,44,13.3,40,12.0,987419,10.7,1410652,16.3,3416,3.7,-45,-2.1
"53063","5","518210","78","0","2023","1","",54,383,396,395,9362788,9021193,109545,1840,"",0.79,0.50,0.51,0.51,0.33,0.62,0.66,0.65,"",5,10.2,-3,-0.8,7,1.8,-3,-0.8,946128,11.2,790620,9.6,1639,1.5,184,11.1
"53065","5","518210","78","0","2023","1","N",2,0,0,0,0,0,0,0,"N",0.44,0,0,0,0,0,0,0,"N",-1,-33.3,0,0,0,0,0,0,0,0,0,0,0,0,0,0
"53067","2","518210","78","0","2023","1","",1,72,73,71,1930963,0,0,2063,"",71.41,96.26,96.75,91.71,134.18,0.00,0.00,1.41,"",0,0.0,1,1.4,2,2.8,0,0.0,114984,6.3,0,0.0,0,0.0,96,4.9
"53067","5","518210","78","0","2023","1","",52,420,467,464,12287674,9818483,84246,2099,"",1.38,1.03,1.15,1.14,0.77,1.50,1.05,0.69,"",4,8.3,46,12.3,66,16.5,65,16.3,2760222,29.0,2282305,30.3,18592,28.3,226,12.1
"53069","5","518210","78","0","2023","1","-",0,0,0,0,0,0,0,0,"N",0.00,0,0,0,0,0,0,0,"N",0,0,0,0,0,0,0,0,0,0,0,0,0,0,0,0
"53071","5","518210","78","0","2023","1","",6,22,23,24,386374,386374,4834,1292,"",0.75,0.25,0.26,0.26,0.14,0.30,0.33,0.54,"",0,0.0,-2,-8.3,-3,-11.5,-3,-11.1,-51720,-11.8,-51720,-11.8,-3870,-44.5,-21,-1.6
"53073","5","518210","78","0","2023","1","",21,119,113,103,3716649,3497898,23347,2560,"",0.65,0.40,0.38,0.35,0.33,0.58,0.27,0.90,"",0,0.0,-92,-43.6,-47,-29.4,-56,-35.2,-82817,-2.2,59015,1.7,4267,22.4,906,54.8
"53075","5","518210","78","0","2023","1","",6,7,8,8,161814,161814,2576,1624,"",1.07,0.11,0.13,0.13,0.07,0.19,0.40,0.60,"",1,20.0,2,40.0,4,100.0,4,100.0,122577,312.4,122577,312.4,1908,285.6,927,133.0
"53077","5","518210","78","0","2023","1","N",3,0,0,0,0,0,0,0,"N",0.11,0,0,0,0,0,0,0,"N",-1,-25.0,0,0,0,0,0,0,0,0,0,0,0,0,0,0
"53999","5","518210","78","0","2023","1","",61,180,184,181,7047416,6315570,132867,2984,"",2.01,0.98,1.03,1.00,0.47,0.66,1.30,0.47,"",20,48.8,46,34.3,40,27.8,36,24.8,1110702,18.7,1494199,31.0,43623,48.9,-255,-7.9
"54000","2","518210","58","0","2023","1","",1,43,43,54,696144,0,0,1147,"",10.69,10.52,10.48,12.83,10.90,0.00,0.00,0.96,"",0,0.0,-2,-4.4,-3,-6.5,-6,-10.0,12469,1.8,0,0.0,0,0.0,102,9.8
"54000","5","518210","58","0","2023","1","",213,1378,1380,1371,27171329,11922758,258715,1519,"",0.84,0.62,0.62,0.62,0.38,0.58,0.54,0.61,"",37,21.0,196,16.6,201,17.0,159,13.1,4549008,20.1,1169069,10.9,17304,7.2,58,4.0
"54003","5","518210","78","0","2023","1","",12,54,56,58,829298,456619,9084,1139,"",0.93,0.45,0.47,0.48,0.22,0.41,0.38,0.48,"N",5,71.4,0,0,0,0,0,0,0,0,0,0,0,0,0,0
"54009","5","518210","78","0","2023","1","N",1,0,0,0,0,0,0,0,"N",0.41,0,0,0,0,0,0,0,"N",1,100.0,0,0,0,0,0,0,0,0,0,0,0,0,0,0
"54011","5","518210","78","0","2023","1","N",11,0,0,0,0,0,0,0,"N",0.83,0,0,0,0,0,0,0,"N",6,120.0,0,0,0,0,0,0,0,0,0,0,0,0,0,0
"54019","5","518210","78","0","2023","1","",5,5,4,4,81981,45000,1215,1455,"",1.06,0.16,0.13,0.13,0.10,0.17,0.20,0.70,"",2,66.7,2,66.7,1,33.3,1,33.3,35339,75.8,18948,72.7,399,48.9,259,21.7
"54025","5","518210","78","0","2023","1","N",1,0,0,0,0,0,0,0,"N",0.18,0,0,0,0,0,0,0,"N",0,0.0,0,0,0,0,0,0,0,0,0,0,0,0,0,0
"54027","5","518210","78","0","2023","1","N",2,0,0,0,0,0,0,0,"N",0.93,0,0,0,0,0,0,0,"N",2,100.0,0,0,0,0,0,0,0,0,0,0,0,0,0,0
"54029","5","518210","78","0","2023","1","N",1,0,0,0,0,0,0,0,"N",0.30,0,0,0,0,0,0,0,"N",1,100.0,0,0,0,0,0,0,0,0,0,0,0,0,0,0
"54031","5","518210","78","0","2023","1","-",0,0,0,0,0,0,0,0,"N",0.00,0,0,0,0,0,0,0,"N",0,0,0,0,0,0,0,0,0,0,0,0,0,0,0,0
"54033","5","518210","78","0","2023","1","",5,11,11,11,537209,99291,2365,3757,"",0.51,0.09,0.09,0.10,0.13,0.10,0.09,1.38,"N",3,150.0,0,0,0,0,0,0,0,0,0,0,0,0,0,0
"54035","5","518210","78","0","2023","1","N",2,0,0,0,0,0,0,0,"N",0.68,0,0,0,0,0,0,0,"N",0,0.0,0,0,0,0,0,0,0,0,0,0,0,0,0,0
"54037","5","518210","78","0","2023","1","",12,18,18,18,1188795,159220,4625,5080,"",1.59,0.35,0.35,0.35,0.69,0.35,0.49,1.96,"N",7,140.0,0,0,0,0,0,0,0,0,0,0,0,0,0,0
"54039","5","518210","78","0","2023","1","",11,279,275,272,3814278,2216048,51208,1066,"",0.40,0.89,0.88,0.87,0.36,0.78,0.79,0.41,"",3,37.5,48,20.8,46,20.1,30,12.4,258125,7.3,232457,11.7,6897,15.6,-103,-8.8
"54049","5","518210","78","0","2023","1","",5,12,11,11,419091,105411,3223,2845,"",0.74,0.22,0.20,0.20,0.25,0.19,0.25,1.25,"N",2,66.7,0,0,0,0,0,0,0,0,0,0,0,0,0,0
"54051","5","518210","78","0","2023","1","N",1,0,0,0,0,0,0,0,"N",0.37,0,0,0,0,0,0,0,"N",1,100.0,0,0,0,0,0,0,0,0,0,0,0,0,0,0
"54053","5","518210","78","0","2023","1","-",0,0,0,0,0,0,0,0,"N",0.00,0,0,0,0,0,0,0,"N",0,0,0,0,0,0,0,0,0,0,0,0,0,0,0,0
"54055","5","518210","78","0","2023","1","N",2,0,0,0,0,0,0,0,"N",0.30,0,0,0,0,0,0,0,"N",1,100.0,0,0,0,0,0,0,0,0,0,0,0,0,0,0
"54057","5","518210","78","0","2023","1","N",2,0,0,0,0,0,0,0,"N",0.77,0,0,0,0,0,0,0,"N",0,0.0,0,0,0,0,0,0,0,0,0,0,0,0,0,0
"54061","2","518210","78","0","2023","1","",1,43,43,54,696144,0,0,1147,"",174.89,123.77,123.12,151.65,111.70,0.00,0.00,0.84,"",0,0.0,-2,-4.4,-3,-6.5,-6,-10.0,12469,1.8,0,0.0,0,0.0,102,9.8
"54061","5","518210","78","0","2023","1","",15,302,299,299,4741184,2703806,57124,1216,"",0.97,1.60,1.59,1.60,0.68,1.99,1.82,0.43,"N",6,66.7,0,0,0,0,0,0,0,0,0,0,0,0,0,0
"54063","5","518210","78","0","2023","1","N",1,0,0,0,0,0,0,0,"N",0.83,0,0,0,0,0,0,0,"N",1,100.0,0,0,0,0,0,0,0,0,0,0,0,0,0,0
"54067","5","518210","78","0","2023","1","-",0,0,0,0,0,0,0,0,"N",0.00,0,0,0,0,0,0,0,"N",0,0,0,0,0,0,0,0,0,0,0,0,0,0,0,0
"54069","5","518210","78","0","2023","1","",3,4,4,4,80175,33423,915,1542,"",0.43,0.05,0.05,0.05,0.03,0.04,0.05,0.65,"N",1,50.0,0,0,0,0,0,0,0,0,0,0,0,0,0,0
"54077","5","518210","78","0","2023","1","",5,12,17,18,301234,125869,3399,1479,"",1.48,0.52,0.74,0.79,0.47,0.68,0.78,0.68,"N",3,150.0,0,0,0,0,0,0,0,0,0,0,0,0,0,0
"54079","5","518210","78","0","2023","1","-",0,0,0,0,0,0,0,0,"N",0.00,0,0,0,0,0,0,0,"N",0,0,0,0,0,0,0,0,0,0,0,0,0,0,0,0
"54081","5","518210","78","0","2023","1","N",3,0,0,0,0,0,0,0,"N",0.29,0,0,0,0,0,0,0,"N",2,200.0,0,0,0,0,0,0,0,0,0,0,0,0,0,0
"54083","5","518210","78","0","2023","1","N",3,0,0,0,0,0,0,0,"N",0.74,0,0,0,0,0,0,0,"N",1,50.0,0,0,0,0,0,0,0,0,0,0,0,0,0,0
"54087","5","518210","78","0","2023","1","N",1,0,0,0,0,0,0,0,"N",0.69,0,0,0,0,0,0,0,"N",1,100.0,0,0,0,0,0,0,0,0,0,0,0,0,0,0
"54089","5","518210","78","0","2023","1","N",2,0,0,0,0,0,0,0,"N",1.87,0,0,0,0,0,0,0,"N",2,100.0,0,0,0,0,0,0,0,0,0,0,0,0,0,0
"54091","5","518210","78","0","2023","1","N",2,0,0,0,0,0,0,0,"N",1.50,0,0,0,0,0,0,0,"N",0,0.0,0,0,0,0,0,0,0,0,0,0,0,0,0,0
"54095","5","518210","78","0","2023","1","N",1,0,0,0,0,0,0,0,"N",1.40,0,0,0,0,0,0,0,"N",1,100.0,0,0,0,0,0,0,0,0,0,0,0,0,0,0
"54099","5","518210","78","0","2023","1","N",1,0,0,0,0,0,0,0,"N",0.35,0,0,0,0,0,0,0,"N",0,0.0,0,0,0,0,0,0,0,0,0,0,0,0,0,0
"54107","5","518210","78","0","2023","1","",5,4,3,4,90484,32336,971,1898,"",0.48,0.03,0.03,0.04,0.03,0.03,0.04,0.82,"N",2,66.7,0,0,0,0,0,0,0,0,0,0,0,0,0,0
"54999","5","518210","78","0","2023","1","",98,171,168,164,4252655,1578393,39188,1951,"",2.99,1.77,1.74,1.71,0.96,1.09,0.92,0.55,"",-16,-14.0,30,21.3,19,12.8,14,9.3,-300212,-6.6,102856,7.0,14,0.0,-437,-18.3
"55000","3","518210","58","0","2023","1","N",1,0,0,0,0,0,0,0,"N",0.62,0,0,0,0,0,0,0,"N",0,0.0,0,0,0,0,0,0,0,0,0,0,0,0,0,0
"55000","5","518210","58","0","2023","1","",318,8181,8101,8049,267733770,101717920,1435953,2539,"",0.37,0.87,0.87,0.86,0.78,0.77,0.78,0.90,"",-21,-6.2,-156,-1.9,-216,-2.6,-258,-3.1,39081814,17.1,-140598,-0.1,294518,25.8,425,20.1
"55005","5","518210","78","0","2023","1","N",1,0,0,0,0,0,0,0,"N",0.16,0,0,0,0,0,0,0,"N",0,0.0,0,0,0,0,0,0,0,0,0,0,0,0,0,0
"55009","5","518210","78","0","2023","1","N",9,0,0,0,0,0,0,0,"N",0.29,0,0,0,0,0,0,0,"N",-1,-10.0,0,0,0,0,0,0,0,0,0,0,0,0,0,0
"55011","5","518210","78","0","2023","1","N",1,0,0,0,0,0,0,0,"N",0.61,0,0,0,0,0,0,0,"N",0,0.0,0,0,0,0,0,0,0,0,0,0,0,0,0,0
"55015","5","518210","78","0","2023","1","N",2,0,0,0,0,0,0,0,"N",0.50,0,0,0,0,0,0,0,"N",1,100.0,0,0,0,0,0,0,0,0,0,0,0,0,0,0
"55017","5","518210","78","0","2023","1","N",1,0,0,0,0,0,0,0,"N",0.13,0,0,0,0,0,0,0,"N",-1,-50.0,0,0,0,0,0,0,0,0,0,0,0,0,0,0
"55025","5","518210","78","0","2023","1","",41,1464,1454,1454,41663608,19019636,339115,2199,"",0.56,1.30,1.29,1.30,0.86,1.24,1.65,0.67,"",-3,-6.8,45,3.2,19,1.3,21,1.5,3579727,9.4,1085706,6.1,120075,54.8,149,7.3
"55027","5","518210","78","0","2023","1","N",1,0,0,0,0,0,0,0,"N",0.12,0,0,0,0,0,0,0,"N",0,0.0,0,0,0,0,0,0,0,0,0,0,0,0,0,0
"55031","5","518210","78","0","2023","1","N",2,0,0,0,0,0,0,0,"N",0.40,0,0,0,0,0,0,0,"N",0,0.0,0,0,0,0,0,0,0,0,0,0,0,0,0,0
"55035","5","518210","78","0","2023","1","N",1,0,0,0,0,0,0,0,"N",0.08,0,0,0,0,0,0,0,"N",0,0.0,0,0,0,0,0,0,0,0,0,0,0,0,0,0
"55039","5","518210","78","0","2023","1","",3,6,6,7,86089,74630,536,1046,"",0.28,0.04,0.04,0.05,0.02,0.04,0.02,0.40,"N",2,200.0,0,0,0,0,0,0,0,0,0,0,0,0,0,0
"55043","5","518210","78","0","2023","1","N",1,0,0,0,0,0,0,0,"N",0.15,0,0,0,0,0,0,0,"N",0,0.0,0,0,0,0,0,0,0,0,0,0,0,0,0,0
"55045","5","518210","78","0","2023","1","N",1,0,0,0,0,0,0,0,"N",0.21,0,0,0,0,0,0,0,"N",0,0.0,0,0,0,0,0,0,0,0,0,0,0,0,0,0
"55051","5","518210","78","0","2023","1","-",0,0,0,0,0,0,0,0,"N",0.00,0,0,0,0,0,0,0,"N",0,0,0,0,0,0,0,0,0,0,0,0,0,0,0,0
"55055","5","518210","78","0","2023","1","",5,18,18,18,289598,165296,1433,1238,"",0.53,0.17,0.17,0.17,0.09,0.11,0.07,0.53,"",2,66.7,0,0.0,0,0.0,1,5.9,115581,66.4,47853,40.7,-285,-16.6,480,63.3
"55057","5","518210","78","0","2023","1","N",1,0,0,0,0,0,0,0,"N",0.34,0,0,0,0,0,0,0,"N",0,0.0,0,0,0,0,0,0,0,0,0,0,0,0,0,0
"55059","5","518210","78","0","2023","1","",4,46,44,49,1025234,625650,14057,1702,"",0.24,0.20,0.19,0.21,0.14,0.20,0.27,0.69,"",-1,-20.0,5,12.2,4,10.0,8,19.5,221328,27.5,77186,14.1,8021,132.9,181,11.9
"55063","5","518210","78","0","2023","1","N",3,0,0,0,0,0,0,0,"N",0.21,0,0,0,0,0,0,0,"N",0,0.0,0,0,0,0,0,0,0,0,0,0,0,0,0,0
"55073","3","518210","78","0","2023","1","N",1,0,0,0,0,0,0,0,"N",33.03,0,0,0,0,0,0,0,"N",0,0.0,0,0,0,0,0,0,0,0,0,0,0,0,0,0
"55073","5","518210","78","0","2023","1","",5,28,24,24,535785,306866,10027,1627,"",0.31,0.12,0.11,0.11,0.07,0.09,0.25,0.65,"",-1,-16.7,-1,-3.4,-4,-14.3,-3,-11.1,-167354,-23.8,-33405,-9.8,1587,18.8,-305,-15.8
"55075","5","518210","78","0","2023","1","N",1,0,0,0,0,0,0,0,"N",0.19,0,0,0,0,0,0,0,"N",0,0.0,0,0,0,0,0,0,0,0,0,0,0,0,0,0
"55079","5","518210","78","0","2023","1","",33,3499,3487,3466,97046221,47360127,489255,2143,"",0.28,2.32,2.31,2.31,1.56,2.40,1.80,0.68,"",-4,-10.8,210,6.4,206,6.3,208,6.4,12660534,15.0,3543594,8.1,17397,3.7,162,8.2
"55083","5","518210","78","0","2023","1","N",2,0,0,0,0,0,0,0,"N",0.53,0,0,0,0,0,0,0,"N",1,100.0,0,0,0,0,0,0,0,0,0,0,0,0,0,0
"55087","5","518210","78","0","2023","1","N",3,0,0,0,0,0,0,0,"N",0.12,0,0,0,0,0,0,0,"N",-2,-40.0,0,0,0,0,0,0,0,0,0,0,0,0,0,0
"55089","5","518210","78","0","2023","1","N",2,0,0,0,0,0,0,0,"N",0.16,0,0,0,0,0,0,0,"N",-1,-33.3,0,0,0,0,0,0,0,0,0,0,0,0,0,0
"55093","5","518210","78","0","2023","1","N",1,0,0,0,0,0,0,0,"N",0.24,0,0,0,0,0,0,0,"N",0,0.0,0,0,0,0,0,0,0,0,0,0,0,0,0,0
"55095","5","518210","78","0","2023","1","-",0,0,0,0,0,0,0,0,"N",0.00,0,0,0,0,0,0,0,"N",-1,-100.0,0,0,0,0,0,0,0,0,0,0,0,0,0,0
"55101","5","518210","78","0","2023","1","N",4,0,0,0,0,0,0,0,"N",0.19,0,0,0,0,0,0,0,"N",1,33.3,0,0,0,0,0,0,0,0,0,0,0,0,0,0
"55105","5","518210","78","0","2023","1","",7,376,369,371,5929696,3557001,61106,1226,"",0.44,1.71,1.68,1.69,0.75,1.18,1.36,0.44,"",-1,-12.5,-10,-2.6,-1,-0.3,-4,-1.1,621428,11.7,-2179,-0.1,36483,148.2,143,13.2
"55109","5","518210","78","0","2023","1","N",3,0,0,0,0,0,0,0,"N",0.28,0,0,0,0,0,0,0,"N",1,50.0,0,0,0,0,0,0,0,0,0,0,0,0,0,0
"55111","5","518210","78","0","2023","1","-",0,0,0,0,0,0,0,0,"N",0.00,0,0,0,0,0,0,0,"N",0,0,0,0,0,0,0,0,0,0,0,0,0,0,0,0
"55113","5","518210","78","0","2023","1","-",0,0,0,0,0,0,0,0,"N",0.00,0,0,0,0,0,0,0,"N",0,0,0,0,0,0,0,0,0,0,0,0,0,0,0,0
"55115","5","518210","78","0","2023","1","N",1,0,0,0,0,0,0,0,"N",0.23,0,0,0,0,0,0,0,"N",0,0.0,0,0,0,0,0,0,0,0,0,0,0,0,0,0
"55117","5","518210","78","0","2023","1","N",2,0,0,0,0,0,0,0,"N",0.16,0,0,0,0,0,0,0,"N",-2,-50.0,0,0,0,0,0,0,0,0,0,0,0,0,0,0
"55121","5","518210","78","0","2023","1","N",1,0,0,0,0,0,0,0,"N",0.29,0,0,0,0,0,0,0,"N",1,100.0,0,0,0,0,0,0,0,0,0,0,0,0,0,0
"55123","5","518210","78","0","2023","1","N",2,0,0,0,0,0,0,0,"N",0.61,0,0,0,0,0,0,0,"N",0,0.0,0,0,0,0,0,0,0,0,0,0,0,0,0,0
"55127","5","518210","78","0","2023","1","",6,36,36,36,847678,465763,4070,1811,"",0.44,0.26,0.26,0.27,0.22,0.26,0.17,0.82,"",1,20.0,3,9.1,3,9.1,1,2.9,203400,31.6,41570,9.8,-3777,-48.1,339,23.0
"55131","5","518210","78","0","2023","1","N",5,0,0,0,0,0,0,0,"N",0.32,0,0,0,0,0,0,0,"N",1,25.0,0,0,0,0,0,0,0,0,0,0,0,0,0,0
"55133","5","518210","78","0","2023","1","",25,756,751,735,66476426,10948959,160082,6842,"",0.42,0.95,0.95,0.93,2.05,0.84,0.83,2.17,"",-3,-10.7,-411,-35.2,-399,-34.7,-409,-35.8,13689172,25.9,-6048358,-35.6,15052,10.4,3322,94.4
"55135","5","518210","78","0","2023","1","",3,2,2,3,64416,23827,654,2124,"",0.53,0.03,0.03,0.05,0.04,0.03,0.08,1.01,"N",1,50.0,0,0,0,0,0,0,0,0,0,0,0,0,0,0
"55139","5","518210","78","0","2023","1","N",3,0,0,0,0,0,0,0,"N",0.17,0,0,0,0,0,0,0,"N",-4,-57.1,0,0,0,0,0,0,0,0,0,0,0,0,0,0
"55141","5","518210","78","0","2023","1","N",3,0,0,0,0,0,0,0,"N",0.34,0,0,0,0,0,0,0,"N",0,0.0,0,0,0,0,0,0,0,0,0,0,0,0,0,0
"55999","5","518210","78","0","2023","1","",129,954,964,967,37228555,12023011,243731,2978,"",0.92,2.60,2.61,2.60,1.78,1.57,1.59,0.68,"",-4,-3.0,103,12.1,91,10.4,38,4.1,8154556,28.0,1318954,12.3,76514,45.8,449,17.8
"56000","5","518210","58","0","2023","1","",139,202,203,201,6999382,4050418,52763,2665,"",1.07,0.23,0.23,0.23,0.23,0.27,0.41,1.00,"",39,39.0,39,23.9,40,24.5,40,24.8,1567611,28.9,901248,28.6,-921,-1.7,91,3.5
"56001","5","518210","78","0","2023","1","",9,8,8,8,234098,176863,5265,2251,"",1.28,0.15,0.15,0.15,0.15,0.31,1.61,1.01,"",0,0.0,-1,-11.1,-1,-11.1,-1,-11.1,-137813,-37.1,-17242,-8.9,-4462,-45.9,-928,-29.2
"56003","5","518210","78","0","2023","1","N",3,0,0,0,0,0,0,0,"N",1.37,0,0,0,0,0,0,0,"N",0,0.0,0,0,0,0,0,0,0,0,0,0,0,0,0,0
"56005","5","518210","78","0","2023","1","",3,7,7,7,246452,139404,2241,2708,"",0.35,0.09,0.09,0.09,0.08,0.07,0.16,0.87,"N",1,50.0,0,0,0,0,0,0,0,0,0,0,0,0,0,0
"56007","5","518210","78","0","2023","1","-",0,0,0,0,0,0,0,0,"N",0.00,0,0,0,0,0,0,0,"N",0,0,0,0,0,0,0,0,0,0,0,0,0,0,0,0
"56009","5","518210","78","0","2023","1","N",1,0,0,0,0,0,0,0,"N",0.36,0,0,0,0,0,0,0,"N",0,0.0,0,0,0,0,0,0,0,0,0,0,0,0,0,0
"56013","5","518210","78","0","2023","1","",6,4,4,4,196694,118064,1546,3783,"",0.76,0.08,0.08,0.08,0.14,0.17,0.24,1.76,"N",-1,-14.3,0,0,0,0,0,0,0,0,0,0,0,0,0,0
"56015","5","518210","78","0","2023","1","N",2,0,0,0,0,0,0,0,"N",0.95,0,0,0,0,0,0,0,"N",1,100.0,0,0,0,0,0,0,0,0,0,0,0,0,0,0
"56019","5","518210","78","0","2023","1","N",1,0,0,0,0,0,0,0,"N",0.43,0,0,0,0,0,0,0,"N",0,0.0,0,0,0,0,0,0,0,0,0,0,0,0,0,0
"56021","5","518210","78","0","2023","1","",45,107,109,107,3087500,1905338,20052,2206,"",2.27,0.70,0.72,0.71,0.61,0.85,1.23,0.86,"",15,50.0,15,16.3,16,17.2,18,20.2,198269,6.9,261474,15.9,-5958,-22.9,-227,-9.3
"56023","5","518210","78","0","2023","1","",6,6,6,6,182677,123447,2073,2342,"",1.21,0.27,0.27,0.27,0.24,0.31,1.05,0.90,"",0,0.0,3,100.0,3,100.0,3,100.0,34740,23.5,85560,225.8,1560,304.1,-1451,-38.3
"56025","5","518210","78","0","2023","1","N",5,0,0,0,0,0,0,0,"N",0.30,0,0,0,0,0,0,0,"N",1,25.0,0,0,0,0,0,0,0,0,0,0,0,0,0,0
"56027","5","518210","78","0","2023","1","N",1,0,0,0,0,0,0,0,"N",1.85,0,0,0,0,0,0,0,"N",0,0.0,0,0,0,0,0,0,0,0,0,0,0,0,0,0
"56029","5","518210","78","0","2023","1","N",8,0,0,0,0,0,0,0,"N",1.00,0,0,0,0,0,0,0,"N",5,166.7,0,0,0,0,0,0,0,0,0,0,0,0,0,0
"56031","5","518210","78","0","2023","1","N",1,0,0,0,0,0,0,0,"N",0.57,0,0,0,0,0,0,0,"N",1,100.0,0,0,0,0,0,0,0,0,0,0,0,0,0,0
"56033","5","518210","78","0","2023","1","",7,5,7,7,84343,55934,1052,1024,"",0.98,0.11,0.16,0.16,0.06,0.09,0.25,0.43,"",2,40.0,-7,-58.3,-5,-41.7,-5,-41.7,-108473,-56.3,-126647,-69.4,-1032,-49.5,-212,-17.2
"56035","5","518210","78","0","2023","1","N",2,0,0,0,0,0,0,0,"N",0.76,0,0,0,0,0,0,0,"N",1,100.0,0,0,0,0,0,0,0,0,0,0,0,0,0,0
"56037","5","518210","78","0","2023","1","",6,5,5,6,150460,125929,1696,2170,"",0.83,0.08,0.08,0.09,0.06,0.08,0.15,0.70,"N",3,100.0,0,0,0,0,0,0,0,0,0,0,0,0,0,0
"56039","5","518210","78","0","2023","1","",28,26,26,25,1834343,668903,8515,5498,"",2.21,0.36,0.36,0.35,0.50,0.42,0.58,1.41,"",8,40.0,6,30.0,7,36.8,7,38.9,817046,80.3,173609,35.1,2619,44.4,1379,33.5
"56041","5","518210","78","0","2023","1","",4,4,4,4,126452,91078,1359,2432,"",1.08,0.15,0.15,0.15,0.17,0.23,0.33,1.13,"N",2,100.0,0,0,0,0,0,0,0,0,0,0,0,0,0,0
"56043","5","518210","78","0","2023","1","N",1,0,0,0,0,0,0,0,"N",0.52,0,0,0,0,0,0,0,"N",0,0.0,0,0,0,0,0,0,0,0,0,0,0,0,0,0
"56045","5","518210","78","0","2023","1","-",0,0,0,0,0,0,0,0,"N",0.00,0,0,0,0,0,0,0,"N",0,0,0,0,0,0,0,0,0,0,0,0,0,0,0,0
"72000","5","518210","58","0","2023","1","",53,2580,2611,2627,40180278,16620203,486295,1186,"",0.23,0.85,0.87,0.87,0.68,0.77,0.65,0.79,"",6,12.8,46,1.8,63,2.5,37,1.4,6157789,18.1,2052886,14.1,184880,61.3,163,15.9
"72003","5","518210","78","0","2023","1","N",1,0,0,0,0,0,0,0,"N",0.37,0,0,0,0,0,0,0,"N",0,0.0,0,0,0,0,0,0,0,0,0,0,0,0,0,0
"72021","5","518210","78","0","2023","1","N",3,0,0,0,0,0,0,0,"N",0.22,0,0,0,0,0,0,0,"N",0,0.0,0,0,0,0,0,0,0,0,0,0,0,0,0,0
"72025","5","518210","78","0","2023","1","N",2,0,0,0,0,0,0,0,"N",0.19,0,0,0,0,0,0,0,"N",0,0.0,0,0,0,0,0,0,0,0,0,0,0,0,0,0
"72031","5","518210","78","0","2023","1","N",1,0,0,0,0,0,0,0,"N",0.11,0,0,0,0,0,0,0,"N",0,0.0,0,0,0,0,0,0,0,0,0,0,0,0,0,0
"72033","5","518210","78","0","2023","1","N",1,0,0,0,0,0,0,0,"N",0.68,0,0,0,0,0,0,0,"N",0,0.0,0,0,0,0,0,0,0,0,0,0,0,0,0,0
"72035","5","518210","78","0","2023","1","N",1,0,0,0,0,0,0,0,"N",0.44,0,0,0,0,0,0,0,"N",0,0.0,0,0,0,0,0,0,0,0,0,0,0,0,0,0
"72051","5","518210","78","0","2023","1","N",1,0,0,0,0,0,0,0,"N",0.32,0,0,0,0,0,0,0,"N",0,0.0,0,0,0,0,0,0,0,0,0,0,0,0,0,0
"72061","5","518210","78","0","2023","1","N",8,0,0,0,0,0,0,0,"N",0.68,0,0,0,0,0,0,0,"N",1,14.3,0,0,0,0,0,0,0,0,0,0,0,0,0,0
"72065","5","518210","78","0","2023","1","N",1,0,0,0,0,0,0,0,"N",0.36,0,0,0,0,0,0,0,"N",1,100.0,0,0,0,0,0,0,0,0,0,0,0,0,0,0
"72113","5","518210","78","0","2023","1","N",1,0,0,0,0,0,0,0,"N",0.10,0,0,0,0,0,0,0,"N",1,100.0,0,0,0,0,0,0,0,0,0,0,0,0,0,0
"72117","5","518210","78","0","2023","1","N",1,0,0,0,0,0,0,0,"N",0.88,0,0,0,0,0,0,0,"N",0,0.0,0,0,0,0,0,0,0,0,0,0,0,0,0,0
"72127","5","518210","78","0","2023","1","",26,1710,1714,1747,33498802,11792382,295308,1495,"",0.48,2.09,2.09,2.13,1.70,1.97,1.44,0.81,"",2,8.3,-27,-1.6,-16,-0.9,-15,-0.9,4333556,14.9,1585252,15.5,166352,129.0,208,16.2
"72131","5","518210","78","0","2023","1","N",1,0,0,0,0,0,0,0,"N",0.34,0,0,0,0,0,0,0,"N",0,0.0,0,0,0,0,0,0,0,0,0,0,0,0,0,0
"72141","5","518210","78","0","2023","1","N",1,0,0,0,0,0,0,0,"N",0.74,0,0,0,0,0,0,0,"N",1,100.0,0,0,0,0,0,0,0,0,0,0,0,0,0,0
"72999","5","518210","78","0","2023","1","N",4,0,0,0,0,0,0,0,"N",3.92,0,0,0,0,0,0,0,"N",0,0.0,0,0,0,0,0,0,0,0,0,0,0,0,0,0
"78000","5","518210","58","0","2023","1","N",7,0,0,0,0,0,0,0,"N",0.42,0,0,0,0,0,0,0,"N",0,0.0,0,0,0,0,0,0,0,0,0,0,0,0,0,0
"78010","5","518210","78","0","2023","1","N",3,0,0,0,0,0,0,0,"N",0.47,0,0,0,0,0,0,0,"N",0,0.0,0,0,0,0,0,0,0,0,0,0,0,0,0,0
"78030","5","518210","78","0","2023","1","N",4,0,0,0,0,0,0,0,"N",0.46,0,0,0,0,0,0,0,"N",0,0.0,0,0,0,0,0,0,0,0,0,0,0,0,0,0
"C1018","5","518210","48","0","2023","1","N",3,0,0,0,0,0,0,0,"N",0.15,0,0,0,0,0,0,0,"N",-3,-50.0,0,0,0,0,0,0,0,0,0,0,0,0,0,0
"C1038","5","518210","48","0","2023","1","N",4,0,0,0,0,0,0,0,"N",0.20,0,0,0,0,0,0,0,"N",1,33.3,0,0,0,0,0,0,0,0,0,0,0,0,0,0
"C1042","5","518210","48","0","2023","1","",79,473,476,480,14214480,4288507,95768,2295,"",0.93,0.46,0.46,0.47,0.38,0.39,0.41,0.82,"",8,11.3,1,0.2,1,0.2,5,1.1,1336399,10.4,-153477,-3.5,-5847,-5.8,205,9.8
"C1050","5","518210","48","0","2023","1","",4,13,13,13,186766,84091,385,1105,"",0.24,0.07,0.07,0.07,0.03,0.05,0.02,0.48,"",0,0.0,-5,-27.8,-5,-27.8,-4,-23.5,-45342,-19.5,-33770,-28.7,-583,-60.2,94,9.3
"C1054","5","518210","48","0","2023","1","N",1,0,0,0,0,0,0,0,"N",0.06,0,0,0,0,0,0,0,"N",0,0.0,0,0,0,0,0,0,0,0,0,0,0,0,0,0
"C1058","5","518210","48","0","2023","1","",71,1096,1100,1117,28341881,11698426,295490,1974,"",0.65,0.77,0.78,0.79,0.46,0.77,0.71,0.58,"",4,6.0,-133,-10.8,-130,-10.6,-129,-10.4,-816395,-2.8,-741637,-6.0,-35393,-10.7,158,8.7
"C1074","5","518210","48","0","2023","1","",218,646,617,608,20722541,13202992,94858,2556,"",1.88,0.50,0.48,0.48,0.47,0.60,0.56,0.96,"",51,30.5,135,26.4,98,18.9,54,9.7,5096045,32.6,3436820,35.2,25840,37.4,279,12.3
"C1078","5","518210","48","0","2023","1","N",5,0,0,0,0,0,0,0,"N",0.27,0,0,0,0,0,0,0,"N",2,66.7,0,0,0,0,0,0,0,0,0,0,0,0,0,0
"C1090","5","518210","48","0","2023","1","",58,1401,1407,1438,46491723,21934250,631160,2527,"",0.67,1.17,1.19,1.22,1.06,1.56,1.43,0.89,"N",-3,-4.9,0,0,0,0,0,0,0,0,0,0,0,0,0,0
"C1102","5","518210","48","0","2023","1","N",2,0,0,0,0,0,0,0,"N",0.13,0,0,0,0,0,0,0,"N",-1,-33.3,0,0,0,0,0,0,0,0,0,0,0,0,0,0
"C1110","5","518210","48","0","2023","1","N",8,0,0,0,0,0,0,0,"N",0.26,0,0,0,0,0,0,0,"N",0,0.0,0,0,0,0,0,0,0,0,0,0,0,0,0,0
"C1118","5","518210","48","0","2023","1","",24,35,35,34,1135156,906407,8573,2519,"",1.83,0.23,0.23,0.22,0.21,0.38,0.61,0.91,"",3,14.3,-98,-73.7,-112,-76.2,-109,-76.2,-1943516,-63.1,-1265205,-58.3,918,12.0,839,49.9
"C1126","5","518210","48","0","2023","1","",37,56,61,63,1183928,1142200,22573,1518,"",0.75,0.10,0.11,0.11,0.05,0.11,0.12,0.50,"N",11,42.3,0,0,0,0,0,0,0,0,0,0,0,0,0,0
"C1146","5","518210","48","0","2023","1","",74,1144,1131,1102,42211261,10767653,249107,2885,"",1.63,1.64,1.62,1.60,1.48,2.07,1.97,0.91,"",7,10.4,29,2.6,27,2.4,-2,-0.2,5737646,15.7,270353,2.6,11094,4.7,352,13.9
"C1150","5","518210","48","0","2023","1","",8,23,22,21,209531,135514,4076,733,"",0.66,0.16,0.15,0.15,0.05,0.11,0.61,0.32,"",4,100.0,16,228.6,15,214.3,14,200.0,141796,209.3,88395,187.6,1944,91.2,-11,-1.5
"C1154","5","518210","48","0","2023","1","N",5,0,0,0,0,0,0,0,"N",0.18,0,0,0,0,0,0,0,"N",-1,-16.7,0,0,0,0,0,0,0,0,0,0,0,0,0,0
"C1164","5","518210","48","0","2023","1","N",1,0,0,0,0,0,0,0,"N",0.09,0,0,0,0,0,0,0,"N",1,100.0,0,0,0,0,0,0,0,0,0,0,0,0,0,0
"C1170","5","518210","48","0","2023","1","N",64,0,0,0,0,0,0,0,"N",0.77,0,0,0,0,0,0,0,"N",15,30.6,0,0,0,0,0,0,0,0,0,0,0,0,0,0
"C1202","5","518210","48","0","2023","1","",8,103,107,108,3276765,1037831,26515,2378,"",0.30,0.35,0.36,0.36,0.35,0.40,1.13,0.98,"N",3,60.0,0,0,0,0,0,0,0,0,0,0,0,0,0,0
"C1206","5","518210","48","0","2023","1","",753,18242,18241,18211,819472132,173293048,2823061,3458,"",0.83,1.98,1.99,2.00,1.89,1.51,2.57,0.95,"",71,10.4,1372,8.1,1271,7.5,1044,6.1,135304490,19.8,63619,0.0,-12865472,-82.0,363,11.7
"C1210","5","518210","48","0","2023","1","N",6,0,0,0,0,0,0,0,"N",0.20,0,0,0,0,0,0,0,"N",-1,-14.3,0,0,0,0,0,0,0,0,0,0,0,0,0,0
"C1222","5","518210","48","0","2023","1","",37,143,145,146,3146156,1089005,9479,1673,"",2.06,0.69,0.69,0.70,0.51,0.62,0.96,0.74,"",8,27.6,18,14.4,17,13.3,13,9.8,849311,37.0,141248,14.9,-5811,-38.0,300,21.8
"C1226","5","518210","48","0","2023","1","N",19,0,0,0,0,0,0,0,"N",0.32,0,0,0,0,0,0,0,"N",1,5.6,0,0,0,0,0,0,0,0,0,0,0,0,0,0
"C1242","5","518210","48","0","2023","1","",576,11638,11618,11539,652124749,107576837,1636598,4325,"",1.74,2.90,2.90,2.89,3.18,2.20,2.27,1.10,"",67,13.2,1326,12.9,1206,11.6,959,9.1,92746295,16.6,6494548,6.4,-507023,-23.7,201,4.9
"C1254","5","518210","48","0","2023","1","N",8,0,0,0,0,0,0,0,"N",0.07,0,0,0,0,0,0,0,"N",1,14.3,0,0,0,0,0,0,0,0,0,0,0,0,0,0
"C1258","5","518210","48","0","2023","1","",303,1263,1272,1268,45291704,10593375,209453,2748,"",0.91,0.30,0.30,0.30,0.24,0.27,0.24,0.80,"",84,38.4,62,5.2,33,2.7,41,3.3,7965942,21.3,1341332,14.5,-18032,-7.9,399,17.0
"C1262","5","518210","48","0","2023","1","N",12,0,0,0,0,0,0,0,"N",0.53,0,0,0,0,0,0,0,"N",6,100.0,0,0,0,0,0,0,0,0,0,0,0,0,0,0
"C1270","5","518210","48","0","2023","1","",15,129,127,127,2518647,1669837,24311,1518,"",0.34,0.46,0.46,0.46,0.25,0.42,0.42,0.53,"",3,25.0,-1,-0.8,-4,-3.1,-1,-0.8,21332,0.9,58092,3.6,-14520,-37.4,37,2.5
"C1294","5","518210","48","0","2023","1","",131,1080,1091,1100,25785945,8540177,141911,1819,"",1.05,0.85,0.86,0.87,0.54,0.71,0.89,0.63,"",18,15.9,-10,-0.9,-70,-6.0,-46,-4.0,778597,3.1,-441480,-4.9,6184,4.6,120,7.1
"C1298","5","518210","48","0","2023","1","N",1,0,0,0,0,0,0,0,"N",0.08,0,0,0,0,0,0,0,"N",0,0.0,0,0,0,0,0,0,0,0,0,0,0,0,0,0
"C1302","5","518210","48","0","2023","1","N",2,0,0,0,0,0,0,0,"N",0.20,0,0,0,0,0,0,0,"N",0,0.0,0,0,0,0,0,0,0,0,0,0,0,0,0,0
"C1314","5","518210","48","0","2023","1","",8,36,35,35,492901,309726,3518,1073,"",0.22,0.07,0.07,0.07,0.03,0.06,0.03,0.36,"N",1,14.3,0,0,0,0,0,0,0,0,0,0,0,0,0,0
"C1322","5","518210","48","0","2023","1","N",8,0,0,0,0,0,0,0,"N",0.53,0,0,0,0,0,0,0,"N",4,100.0,0,0,0,0,0,0,0,0,0,0,0,0,0,0
"C1338","5","518210","48","0","2023","1","",21,119,113,103,3716649,3497898,23347,2560,"",0.65,0.40,0.38,0.35,0.33,0.58,0.27,0.90,"",0,0.0,-92,-43.6,-47,-29.4,-56,-35.2,-82817,-2.2,59015,1.7,4267,22.4,906,54.8
"C1346","5","518210","48","0","2023","1","",40,57,58,56,1570851,1477294,29087,2120,"",0.78,0.19,0.20,0.19,0.15,0.25,0.30,0.77,"",10,33.3,4,7.5,8,16.0,5,9.8,413414,35.7,381489,34.8,4720,19.4,386,22.3
"C1374","5","518210","48","0","2023","1","N",16,0,0,0,0,0,0,0,"N",0.44,0,0,0,0,0,0,0,"N",6,60.0,0,0,0,0,0,0,0,0,0,0,0,0,0,0
"C1378","5","518210","48","0","2023","1","N",12,0,0,0,0,0,0,0,"N",0.52,0,0,0,0,0,0,0,"N",3,33.3,0,0,0,0,0,0,0,0,0,0,0,0,0,0
"C1382","5","518210","48","0","2023","1","",213,551,563,559,14347528,4511512,43976,1979,"",1.41,0.33,0.34,0.34,0.22,0.26,0.47,0.64,"",70,49.0,108,24.4,100,21.6,98,21.3,4024919,39.0,809804,21.9,-7135,-14.0,236,13.5
"C1390","5","518210","48","0","2023","1","N",28,0,0,0,0,0,0,0,"N",1.17,0,0,0,0,0,0,0,"N",9,47.4,0,0,0,0,0,0,0,0,0,0,0,0,0,0
"C1398","5","518210","48","0","2023","1","",14,21,21,20,507328,153114,629,1888,"",0.60,0.09,0.09,0.08,0.07,0.07,0.04,0.79,"N",6,75.0,0,0,0,0,0,0,0,0,0,0,0,0,0,0
"C1401","5","518210","48","0","2023","1","N",4,0,0,0,0,0,0,0,"N",0.25,0,0,0,0,0,0,0,"N",-2,-33.3,0,0,0,0,0,0,0,0,0,0,0,0,0,0
"C1402","5","518210","48","0","2023","1","N",7,0,0,0,0,0,0,0,"N",0.43,0,0,0,0,0,0,0,"N",2,40.0,0,0,0,0,0,0,0,0,0,0,0,0,0,0
"C1410","5","518210","48","0","2023","1","N",1,0,0,0,0,0,0,0,"N",0.11,0,0,0,0,0,0,0,"N",0,0.0,0,0,0,0,0,0,0,0,0,0,0,0,0,0
"C1426","5","518210","48","0","2023","1","N",160,0,0,0,0,0,0,0,"N",1.11,0,0,0,0,0,0,0,"N",45,39.1,0,0,0,0,0,0,0,0,0,0,0,0,0,0
"C1446","5","518210","48","0","2023","1","N",819,0,0,0,0,0,0,0,"N",1.00,0,0,0,0,0,0,0,"N",82,11.1,0,0,0,0,0,0,0,0,0,0,0,0,0,0
"C1450","5","518210","48","0","2023","1","",217,1487,1453,1443,59103866,29796430,583624,3112,"",2.48,2.36,2.30,2.30,1.68,2.32,2.91,0.73,"",8,3.8,31,2.1,-24,-1.6,-33,-2.2,8002058,15.7,4782217,19.1,-13326,-2.2,437,16.3
"C1454","5","518210","48","0","2023","1","N",13,0,0,0,0,0,0,0,"N",0.52,0,0,0,0,0,0,0,"N",3,30.0,0,0,0,0,0,0,0,0,0,0,0,0,0,0
"C1474","5","518210","48","0","2023","1","",19,185,182,185,12356065,8087937,86361,5166,"",0.63,0.62,0.61,0.62,1.03,1.90,1.82,1.68,"",-2,-9.5,68,58.1,65,55.6,65,54.2,6127157,98.4,3393899,72.3,65437,312.7,1105,27.2
"C1486","5","518210","48","0","2023","1","",491,1335,1307,1302,77219429,19725586,482123,4518,"",2.62,1.00,0.99,0.98,0.74,0.88,1.01,0.75,"",42,9.4,71,5.6,31,2.4,37,2.9,13505374,21.2,1020879,5.5,-90115,-15.7,654,16.9
"C1518","5","518210","48","0","2023","1","N",5,0,0,0,0,0,0,0,"N",0.16,0,0,0,0,0,0,0,"N",1,25.0,0,0,0,0,0,0,0,0,0,0,0,0,0,0
"C1526","5","518210","48","0","2023","1","N",2,0,0,0,0,0,0,0,"N",0.12,0,0,0,0,0,0,0,"N",-1,-33.3,0,0,0,0,0,0,0,0,0,0,0,0,0,0
"C1538","5","518210","48","0","2023","1","",56,685,705,727,25273043,6746652,199391,2755,"",0.43,0.40,0.42,0.43,0.40,0.34,0.36,0.95,"",9,19.1,146,27.1,145,25.9,147,25.3,8822289,53.6,1475276,28.0,43015,27.5,494,21.8
"C1550","5","518210","48","0","2023","1","",5,30,30,31,480266,419034,3891,1218,"",0.27,0.14,0.14,0.15,0.07,0.12,0.21,0.52,"N",0,0.0,0,0,0,0,0,0,0,0,0,0,0,0,0,0
"C1554","5","518210","48","0","2023","1","",73,262,261,271,6497362,3319131,28603,1888,"",1.56,0.68,0.67,0.70,0.41,0.66,0.33,0.61,"N",16,28.1,0,0,0,0,0,0,0,0,0,0,0,0,0,0
"C1568","5","518210","48","0","2023","1","N",2,0,0,0,0,0,0,0,"N",0.21,0,0,0,0,0,0,0,"N",1,100.0,0,0,0,0,0,0,0,0,0,0,0,0,0,0
"C1594","5","518210","48","0","2023","1","N",34,0,0,0,0,0,0,0,"N",0.79,0,0,0,0,0,0,0,"N",9,36.0,0,0,0,0,0,0,0,0,0,0,0,0,0,0
"C1598","5","518210","48","0","2023","1","",64,306,317,310,6131919,2024121,15705,1517,"",0.52,0.32,0.33,0.33,0.18,0.22,0.23,0.54,"",-2,-3.0,7,2.3,11,3.6,3,1.0,-368060,-5.7,-20092,-1.0,-1857,-10.6,-128,-7.8
"C1602","5","518210","48","0","2023","1","",3,9,9,9,134464,74206,1217,1149,"",0.21,0.06,0.06,0.06,0.03,0.05,0.10,0.51,"N",2,200.0,0,0,0,0,0,0,0,0,0,0,0,0,0,0
"C1606","5","518210","48","0","2023","1","N",1,0,0,0,0,0,0,0,"N",0.09,0,0,0,0,0,0,0,"N",-1,-50.0,0,0,0,0,0,0,0,0,0,0,0,0,0,0
"C1618","5","518210","48","0","2023","1","",5,15,17,17,322598,322581,5118,1519,"",0.54,0.15,0.17,0.17,0.09,0.22,0.22,0.53,"N",1,25.0,0,0,0,0,0,0,0,0,0,0,0,0,0,0
"C1622","5","518210","48","0","2023","1","N",5,0,0,0,0,0,0,0,"N",0.30,0,0,0,0,0,0,0,"N",1,25.0,0,0,0,0,0,0,0,0,0,0,0,0,0,0
"C1630","5","518210","48","0","2023","1","",53,684,677,673,19832484,14787559,201954,2250,"",1.35,1.52,1.52,1.52,1.15,1.56,2.47,0.76,"",9,20.5,3,0.4,-9,-1.3,-17,-2.5,1137666,6.1,1672046,12.7,-122668,-37.8,153,7.3
"C1654","5","518210","48","0","2023","1","N",2,0,0,0,0,0,0,0,"N",0.14,0,0,0,0,0,0,0,"N",-3,-60.0,0,0,0,0,0,0,0,0,0,0,0,0,0,0
"C1658","5","518210","48","0","2023","1","N",20,0,0,0,0,0,0,0,"N",0.95,0,0,0,0,0,0,0,"N",3,17.6,0,0,0,0,0,0,0,0,0,0,0,0,0,0
"C1662","5","518210","48","0","2023","1","",11,279,275,272,3814278,2216048,51208,1066,"",0.37,0.84,0.83,0.82,0.34,0.73,0.74,0.41,"",3,37.5,48,20.8,46,20.1,30,12.4,258125,7.3,232457,11.7,6897,15.6,-103,-8.8
"C1670","5","518210","48","0","2023","1","",193,888,893,884,29497733,10790480,78861,2554,"",1.56,0.74,0.74,0.74,0.64,0.62,0.60,0.87,"",33,20.6,2,0.2,5,0.6,-4,-0.5,4920695,20.0,399483,3.8,-2353,-2.9,423,19.8
"C1674","5","518210","48","0","2023","1","",349,3758,3794,3734,145438017,83273940,593760,2974,"",0.85,0.89,0.90,0.89,0.71,0.91,1.04,0.79,"",56,19.1,467,14.2,525,16.1,400,12.0,22793373,18.6,20729404,33.1,118693,25.0,113,3.9
"C1682","5","518210","48","0","2023","1","",25,66,65,65,2909299,623000,8332,3425,"",0.55,0.18,0.18,0.18,0.20,0.21,0.50,1.12,"",9,56.2,-2,-2.9,-2,-3.0,-4,-5.8,437575,17.7,-23439,-3.6,-5193,-38.4,629,22.5
"C1686","5","518210","48","0","2023","1","",83,803,796,819,30185087,5152957,77949,2881,"",1.19,0.94,0.93,0.97,0.99,0.61,1.12,1.05,"",14,20.3,227,39.4,223,38.9,241,41.7,7434233,32.7,810803,18.7,18283,30.6,-159,-5.2
"C1694","5","518210","48","0","2023","1","",45,107,109,107,3087500,1905338,20052,2206,"",2.27,0.70,0.72,0.71,0.61,0.85,1.23,0.86,"",15,50.0,15,16.3,16,17.2,18,20.2,198269,6.9,261474,15.9,-5958,-22.9,-227,-9.3
"C1698","5","518210","48","0","2023","1","",588,11829,11763,11857,574537052,152955893,3749009,3740,"",0.53,0.82,0.82,0.82,0.80,0.73,0.68,0.97,"",63,12.0,643,5.7,455,4.0,552,4.9,34391116,6.4,9103063,6.3,200550,5.7,52,1.4
"C1702","5","518210","48","0","2023","1","N",3,0,0,0,0,0,0,0,"N",0.08,0,0,0,0,0,0,0,"N",0,0.0,0,0,0,0,0,0,0,0,0,0,0,0,0,0
"C1714","5","518210","48","0","2023","1","",343,1802,1799,1797,60851709,16528964,443855,2601,"",1.21,0.52,0.52,0.52,0.43,0.40,0.58,0.83,"",83,31.9,113,6.7,136,8.2,125,7.5,9107049,17.6,734903,4.7,75457,20.5,224,9.4
"C1730","5","518210","48","0","2023","1","",35,43,42,41,1034524,355078,9807,1895,"",1.17,0.14,0.13,0.13,0.11,0.12,0.35,0.85,"N",13,59.1,0,0,0,0,0,0,0,0,0,0,0,0,0,0
"C1742","5","518210","48","0","2023","1","",9,9,9,9,194936,48469,795,1666,"",0.78,0.06,0.06,0.06,0.04,0.03,0.07,0.70,"",3,50.0,2,28.6,1,12.5,0,0.0,18298,10.4,-4689,-8.8,-281,-26.1,-32,-1.9
"C1746","5","518210","48","0","2023","1","",297,2948,2941,2938,73578628,26774261,580459,1924,"",1.11,0.92,0.92,0.93,0.57,0.81,0.77,0.62,"",41,16.0,-456,-13.4,-499,-14.5,-561,-16.0,-386630,-0.5,-4265954,-13.7,-180570,-23.7,274,16.6
"C1766","5","518210","48","0","2023","1","",25,46,47,46,2387476,1630836,11425,3964,"",0.74,0.21,0.21,0.21,0.35,0.43,0.51,1.65,"",4,19.0,8,21.1,7,17.5,6,15.0,579320,32.0,354141,27.7,114,1.0,428,12.1
"C1778","5","518210","48","0","2023","1","",17,152,155,154,3791754,1035213,11754,1898,"",0.65,0.37,0.36,0.36,0.29,0.32,0.25,0.81,"",1,6.2,14,10.1,16,11.5,13,9.2,1163547,44.3,107055,11.5,-3094,-20.8,447,30.8
"C1782","5","518210","48","0","2023","1","N",142,0,0,0,0,0,0,0,"N",1.17,0,0,0,0,0,0,0,"N",5,3.6,0,0,0,0,0,0,0,0,0,0,0,0,0,0
"C1786","5","518210","48","0","2023","1","",10,6,5,5,156324,59981,1205,2255,"",0.45,0.02,0.02,0.02,0.02,0.02,0.04,0.91,"",1,11.1,2,50.0,1,25.0,1,25.0,79860,104.4,19899,49.6,535,79.9,785,53.4
"C1790","5","518210","48","0","2023","1","",120,335,323,300,7445515,3599005,26451,1794,"",1.21,0.27,0.26,0.24,0.18,0.23,0.23,0.69,"",15,14.3,-112,-25.1,-145,-31.0,-163,-35.2,-284996,-3.7,-1196182,-24.9,-119504,-81.9,499,38.5
"C1798","5","518210","48","0","2023","1","N",20,0,0,0,0,0,0,0,"N",0.62,0,0,0,0,0,0,0,"N",7,53.8,0,0,0,0,0,0,0,0,0,0,0,0,0,0
"C1802","5","518210","48","0","2023","1","",4,9,10,10,211885,89805,2436,1686,"",0.44,0.06,0.06,0.06,0.03,0.04,0.12,0.52,"N",1,33.3,0,0,0,0,0,0,0,0,0,0,0,0,0,0
"C1814","5","518210","48","0","2023","1","",374,3446,3437,3412,111353033,31888457,1314907,2496,"",1.46,0.99,1.00,1.00,0.79,0.86,1.69,0.80,"",73,24.3,589,20.6,589,20.7,551,19.3,20710037,22.8,5073036,18.9,654045,99.0,54,2.2
"C1858","5","518210","48","0","2023","1","",7,41,41,41,716699,296324,6487,1345,"",0.15,0.07,0.07,0.07,0.03,0.05,0.06,0.51,"",-1,-12.5,-40,-49.4,-38,-48.1,-39,-48.8,-561205,-43.9,-422063,-58.8,-11140,-63.2,116,9.4
"C1870","5","518210","48","0","2023","1","",16,28,25,23,634024,616301,15326,1925,"",1.12,0.22,0.20,0.18,0.14,0.34,0.57,0.68,"",2,14.3,3,12.0,0,0.0,-1,-4.2,117794,22.8,103932,20.3,1063,7.5,315,19.6
"C1888","5","518210","48","0","2023","1","",30,171,171,165,4609168,1437103,8620,2098,"",0.60,0.43,0.43,0.41,0.34,0.40,0.42,0.80,"",1,3.4,-14,-7.6,-20,-10.5,-23,-12.2,652146,16.5,100687,7.5,-1629,-15.9,479,29.6
"C1906","5","518210","48","0","2023","1","N",4,0,0,0,0,0,0,0,"N",0.43,0,0,0,0,0,0,0,"N",1,33.3,0,0,0,0,0,0,0,0,0,0,0,0,0,0
"C1910","5","518210","48","0","2023","1","",769,15920,15877,15778,562487872,148238581,3965526,2728,"",0.83,1.24,1.24,1.24,0.91,0.93,1.59,0.74,"",30,4.1,896,6.0,795,5.3,543,3.6,9900506,1.8,6487447,4.6,-878190,-18.1,-84,-3.0
"C1918","5","518210","48","0","2023","1","N",1,0,0,0,0,0,0,0,"N",0.18,0,0,0,0,0,0,0,"N",0,0.0,0,0,0,0,0,0,0,0,0,0,0,0,0,0
"C1930","5","518210","48","0","2023","1","",48,113,101,100,1850022,857705,6553,1360,"",1.36,0.43,0.39,0.38,0.25,0.32,0.46,0.63,"",17,54.8,41,56.9,28,38.4,21,26.6,578695,45.5,283213,49.3,-1621,-19.8,50,3.8
"C1934","5","518210","48","0","2023","1","",20,29,29,28,992024,751054,8106,2662,"",0.45,0.05,0.05,0.05,0.05,0.08,0.05,0.99,"",1,5.3,-5,-14.7,-3,-9.4,-4,-12.5,137076,16.0,91485,13.9,352,4.5,649,32.2
"C1938","5","518210","48","0","2023","1","",71,370,371,367,9522391,3464719,75972,1983,"",0.82,0.31,0.31,0.31,0.22,0.30,0.32,0.71,"",12,20.3,2,0.5,2,0.5,-10,-2.7,1091645,12.9,236596,7.3,-241,-0.3,237,13.6
"C1946","5","518210","48","0","2023","1","",10,56,51,41,693186,358514,1317,1081,"",0.61,0.30,0.28,0.22,0.11,0.18,0.13,0.41,"N",0,0.0,0,0,0,0,0,0,0,0,0,0,0,0,0,0
"C1950","5","518210","48","0","2023","1","N",1,0,0,0,0,0,0,0,"N",0.12,0,0,0,0,0,0,0,"N",0,0.0,0,0,0,0,0,0,0,0,0,0,0,0,0,0
"C1966","5","518210","48","0","2023","1","",41,213,206,205,4541311,1488328,21727,1679,"",0.47,0.31,0.30,0.30,0.21,0.26,0.52,0.71,"",3,7.9,-70,-24.7,-75,-26.7,-72,-26.0,1422767,45.6,-284130,-16.0,1818,9.1,823,96.1
"C1974","5","518210","48","0","2023","1","",1160,13333,13246,13085,619506787,250111422,4343773,3604,"",1.92,2.59,2.58,2.56,2.28,2.30,2.62,0.88,"",62,5.6,299,2.3,110,0.8,-119,-0.9,-6095446,-1.0,36053767,16.8,237997,5.8,-63,-1.7
"C1978","5","518210","48","0","2023","1","",161,1427,1423,1411,43249019,33177523,239077,2342,"",1.44,1.15,1.16,1.15,0.80,1.18,1.07,0.69,"",18,12.6,100,7.5,80,6.0,60,4.4,7844968,22.2,6052816,22.3,-153917,-39.2,310,15.3
"C1982","5","518210","48","0","2023","1","",382,3666,3678,3653,98288919,33713662,1013855,2063,"",0.74,0.59,0.60,0.60,0.37,0.45,0.44,0.61,"",25,7.0,833,29.4,877,31.3,875,31.5,23839305,32.0,8070355,31.5,277951,37.8,21,1.0
"C2002","5","518210","48","0","2023","1","N",10,0,0,0,0,0,0,0,"N",0.51,0,0,0,0,0,0,0,"N",5,100.0,0,0,0,0,0,0,0,0,0,0,0,0,0,0
"C2010","5","518210","48","0","2023","1","",23,19,19,18,571909,189062,2944,2357,"",0.96,0.08,0.08,0.08,0.08,0.09,0.14,0.98,"",1,4.5,4,26.7,4,26.7,3,20.0,159757,38.8,-24766,-11.6,-709,-19.4,243,11.5
"C2022","5","518210","48","0","2023","1","",14,167,166,167,5163981,4093138,22439,2383,"",0.87,0.88,0.88,0.89,0.83,1.12,0.69,0.94,"",3,27.3,-3,-1.8,-2,-1.2,0,0.0,616145,13.5,96263,2.4,-10205,-31.3,305,14.7
"C2026","5","518210","48","0","2023","1","",9,136,134,135,1772087,1517015,11227,1010,"",0.27,0.34,0.34,0.34,0.13,0.26,0.17,0.39,"N",0,0.0,0,0,0,0,0,0,0,0,0,0,0,0,0,0
"C2050","5","518210","48","0","2023","1","",120,910,911,918,39161597,23614323,205824,3299,"",1.42,0.83,0.84,0.85,0.70,1.12,1.69,0.83,"",20,20.0,73,8.7,76,9.1,86,10.3,4400254,12.7,3285475,16.2,35320,20.7,95,3.0
"C2070","5","518210","48","0","2023","1","N",7,0,0,0,0,0,0,0,"N",0.44,0,0,0,0,0,0,0,"N",6,600.0,0,0,0,0,0,0,0,0,0,0,0,0,0,0
"C2074","5","518210","48","0","2023","1","N",2,0,0,0,0,0,0,0,"N",0.10,0,0,0,0,0,0,0,"N",-1,-33.3,0,0,0,0,0,0,0,0,0,0,0,0,0,0
"C2094","5","518210","48","0","2023","1","N",2,0,0,0,0,0,0,0,"N",0.05,0,0,0,0,0,0,0,"N",1,100.0,0,0,0,0,0,0,0,0,0,0,0,0,0,0
"C2106","5","518210","48","0","2023","1","",16,144,140,115,3204706,1544921,10912,1854,"",0.85,0.82,0.79,0.65,0.60,0.76,0.67,0.80,"",2,14.3,59,69.4,56,66.7,31,36.9,1403773,77.9,569418,58.4,-7773,-41.6,211,12.8
"C2114","5","518210","48","0","2023","1","N",8,0,0,0,0,0,0,0,"N",0.36,0,0,0,0,0,0,0,"N",3,60.0,0,0,0,0,0,0,0,0,0,0,0,0,0,0
"C2134","5","518210","48","0","2023","1","",37,1035,1075,1108,15297548,7098089,162932,1097,"",0.50,0.98,1.02,1.06,0.51,0.74,1.26,0.50,"",9,32.1,-47,-4.3,-121,-10.1,-117,-9.6,1247155,8.9,-13207,-0.2,-62197,-27.6,171,18.5
"C2150","5","518210","48","0","2023","1","",6,17,17,16,242031,131922,4573,1117,"",0.20,0.04,0.04,0.04,0.02,0.03,0.03,0.48,"",1,20.0,-7,-29.2,-4,-19.0,-4,-20.0,-118421,-32.9,-44312,-25.1,-3793,-45.3,-163,-12.7
"C2166","5","518210","48","0","2023","1","N",35,0,0,0,0,0,0,0,"N",0.57,0,0,0,0,0,0,0,"N",7,25.0,0,0,0,0,0,0,0,0,0,0,0,0,0,0
"C2178","5","518210","48","0","2023","1","",6,7,7,7,134779,69656,1625,1481,"",0.16,0.01,0.01,0.01,0.01,0.01,0.03,0.58,"N",-2,-25.0,0,0,0,0,0,0,0,0,0,0,0,0,0,0
"C2182","5","518210","48","0","2023","1","",6,11,11,11,863231,491741,10309,6037,"",0.57,0.10,0.10,0.10,0.21,0.27,0.33,2.15,"",-1,-14.3,2,22.2,0,0.0,-1,-8.3,288285,50.1,87684,21.7,-339,-3.2,1891,45.6
"C2202","5","518210","48","0","2023","1","N",97,0,0,0,0,0,0,0,"N",2.13,0,0,0,0,0,0,0,"N",29,42.6,0,0,0,0,0,0,0,0,0,0,0,0,0,0
"C2214","5","518210","48","0","2023","1","N",7,0,0,0,0,0,0,0,"N",0.54,0,0,0,0,0,0,0,"N",4,133.3,0,0,0,0,0,0,0,0,0,0,0,0,0,0
"C2218","5","518210","48","0","2023","1","N",11,0,0,0,0,0,0,0,"N",0.31,0,0,0,0,0,0,0,"N",2,22.2,0,0,0,0,0,0,0,0,0,0,0,0,0,0
"C2222","5","518210","48","0","2023","1","",93,458,453,448,13052909,3102871,52461,2216,"",1.38,0.53,0.52,0.52,0.34,0.34,0.83,0.64,"",8,9.4,-11,-2.3,-24,-5.0,-9,-2.0,1063653,8.9,-1243644,-28.6,-19080,-26.7,244,12.4
"C2238","5","518210","48","0","2023","1","N",8,0,0,0,0,0,0,0,"N",0.46,0,0,0,0,0,0,0,"N",2,33.3,0,0,0,0,0,0,0,0,0,0,0,0,0,0
"C2242","5","518210","48","0","2023","1","",16,57,59,60,852229,408748,7693,1117,"",0.47,0.13,0.14,0.14,0.06,0.10,0.06,0.46,"N",1,6.7,0,0,0,0,0,0,0,0,0,0,0,0,0,0
"C2250","5","518210","48","0","2023","1","N",9,0,0,0,0,0,0,0,"N",0.43,0,0,0,0,0,0,0,"N",0,0.0,0,0,0,0,0,0,0,0,0,0,0,0,0,0
"C2252","5","518210","48","0","2023","1","",9,53,54,67,505504,329925,6537,670,"",0.52,0.30,0.31,0.38,0.10,0.19,0.68,0.29,"",4,80.0,37,231.2,38,237.5,51,318.8,280124,124.3,216737,191.5,3961,153.8,-414,-38.2
"C2254","5","518210","48","0","2023","1","",3,6,6,7,86089,74630,536,1046,"",0.28,0.04,0.04,0.05,0.02,0.04,0.02,0.40,"N",2,200.0,0,0,0,0,0,0,0,0,0,0,0,0,0,0
"C2266","5","518210","48","0","2023","1","",88,435,430,422,9965414,6806064,132252,1787,"",1.27,0.78,0.77,0.76,0.45,0.74,0.97,0.58,"",6,7.3,-82,-15.9,-84,-16.3,-71,-14.4,-669871,-6.3,-339880,-4.8,-9403,-6.6,177,11.0
"C2290","5","518210","48","0","2023","1","N",13,0,0,0,0,0,0,0,"N",0.43,0,0,0,0,0,0,0,"N",2,18.2,0,0,0,0,0,0,0,0,0,0,0,0,0,0
"C2306","5","518210","48","0","2023","1","N",21,0,0,0,0,0,0,0,"N",0.42,0,0,0,0,0,0,0,"N",5,31.2,0,0,0,0,0,0,0,0,0,0,0,0,0,0
"C2342","5","518210","48","0","2023","1","",12,78,78,81,1584188,528237,13863,1543,"",0.07,0.06,0.06,0.06,0.04,0.05,0.04,0.62,"",1,9.1,-18,-18.8,-18,-18.8,-17,-17.3,-2107478,-57.1,-144828,-21.5,-3315,-19.3,-1395,-47.5
"C2346","5","518210","48","0","2023","1","N",1,0,0,0,0,0,0,0,"N",0.10,0,0,0,0,0,0,0,"N",0,0.0,0,0,0,0,0,0,0,0,0,0,0,0,0,0
"C2354","5","518210","48","0","2023","1","N",23,0,0,0,0,0,0,0,"N",0.61,0,0,0,0,0,0,0,"N",1,4.5,0,0,0,0,0,0,0,0,0,0,0,0,0,0
"C2358","5","518210","48","0","2023","1","",8,32,34,32,720070,252584,5365,1696,"",0.32,0.10,0.11,0.10,0.06,0.07,0.16,0.61,"",1,14.3,-2,-5.9,1,3.0,-2,-5.9,91160,14.5,-6950,-2.7,-90,-1.6,259,18.0
"C2390","5","518210","48","0","2023","1","",6,8,8,8,183497,88615,5114,1764,"",0.62,0.07,0.07,0.07,0.06,0.08,0.15,0.75,"",3,100.0,5,166.7,5,166.7,5,166.7,148946,431.1,64225,263.3,3291,180.5,878,99.1
"C2402","5","518210","48","0","2023","1","N",6,0,0,0,0,0,0,0,"N",0.37,0,0,0,0,0,0,0,"N",3,100.0,0,0,0,0,0,0,0,0,0,0,0,0,0,0
"C2414","5","518210","48","0","2023","1","-",0,0,0,0,0,0,0,0,"N",0.00,0,0,0,0,0,0,0,"N",0,0,0,0,0,0,0,0,0,0,0,0,0,0,0,0
"C2422","5","518210","48","0","2023","1","",15,16,18,17,292531,289533,2527,1324,"",0.95,0.10,0.11,0.10,0.06,0.13,0.18,0.54,"",3,25.0,6,60.0,8,80.0,6,54.5,-84556,-22.4,97882,51.1,1574,165.2,-1483,-52.8
"C2426","5","518210","48","0","2023","1","N",1,0,0,0,0,0,0,0,"N",0.08,0,0,0,0,0,0,0,"N",0,0.0,0,0,0,0,0,0,0,0,0,0,0,0,0,0
"C2430","5","518210","48","0","2023","1","",13,75,72,73,1656872,1263749,19596,1738,"",0.50,0.36,0.35,0.35,0.25,0.42,0.38,0.70,"",2,18.2,5,7.1,3,4.3,3,4.3,64723,4.1,226204,21.8,2264,13.1,-20,-1.1
"C2434","5","518210","48","0","2023","1","",86,822,825,824,19613258,7720528,212235,1832,"",0.71,0.44,0.44,0.44,0.30,0.36,0.41,0.69,"",3,3.6,-20,-2.4,-17,-2.0,-14,-1.7,601111,3.2,-172466,-2.2,-14447,-6.4,92,5.3
"C2442","5","518210","48","0","2023","1","",6,17,18,19,503960,461800,9286,2154,"",0.48,0.17,0.18,0.19,0.18,0.31,0.38,1.00,"",0,0.0,-1,-5.6,6,50.0,9,90.0,79198,18.6,99865,27.6,1402,17.8,-297,-12.1
"C2450","5","518210","48","0","2023","1","N",5,0,0,0,0,0,0,0,"N",0.37,0,0,0,0,0,0,0,"N",2,66.7,0,0,0,0,0,0,0,0,0,0,0,0,0,0
"C2454","5","518210","48","0","2023","1","",40,99,101,99,3017448,1684659,37957,2329,"",0.94,0.27,0.27,0.27,0.21,0.24,0.38,0.76,"",0,0.0,21,26.9,22,27.8,16,19.3,602267,24.9,488102,40.8,9243,32.2,7,0.3
"C2458","5","518210","48","0","2023","1","N",11,0,0,0,0,0,0,0,"N",0.30,0,0,0,0,0,0,0,"N",0,0.0,0,0,0,0,0,0,0,0,0,0,0,0,0,0
"C2466","5","518210","48","0","2023","1","",42,431,419,417,11108044,9443061,41430,2023,"",0.44,0.37,0.36,0.37,0.28,0.47,0.37,0.77,"",6,16.7,21,5.1,9,2.2,3,0.7,-3638175,-24.7,-888744,-8.6,8431,25.5,-735,-26.6
"C2478","5","518210","48","0","2023","1","N",7,0,0,0,0,0,0,0,"N",0.36,0,0,0,0,0,0,0,"N",-1,-12.5,0,0,0,0,0,0,0,0,0,0,0,0,0,0
"C2486","5","518210","48","0","2023","1","N",133,0,0,0,0,0,0,0,"N",1.14,0,0,0,0,0,0,0,"N",16,13.7,0,0,0,0,0,0,0,0,0,0,0,0,0,0
"C2506","5","518210","48","0","2023","1","N",6,0,0,0,0,0,0,0,"N",0.16,0,0,0,0,0,0,0,"N",-1,-14.3,0,0,0,0,0,0,0,0,0,0,0,0,0,0
"C2518","5","518210","48","0","2023","1","",18,185,189,190,5383166,1548311,29785,2203,"",0.64,0.57,0.59,0.59,0.53,0.50,0.41,0.90,"N",5,38.5,0,0,0,0,0,0,0,0,0,0,0,0,0,0
"C2522","5","518210","48","0","2023","1","",7,3,3,5,40102,31334,492,841,"",0.45,0.02,0.02,0.03,0.01,0.02,0.03,0.42,"",2,40.0,-2,-40.0,-2,-40.0,0,0.0,370,0.9,-2167,-6.5,21,4.5,230,37.6
"C2526","5","518210","48","0","2023","1","N",1,0,0,0,0,0,0,0,"N",0.05,0,0,0,0,0,0,0,"N",-1,-50.0,0,0,0,0,0,0,0,0,0,0,0,0,0,0
"C2542","5","518210","48","0","2023","1","N",32,0,0,0,0,0,0,0,"N",0.48,0,0,0,0,0,0,0,"N",-2,-5.9,0,0,0,0,0,0,0,0,0,0,0,0,0,0
"C2550","5","518210","48","0","2023","1","N",4,0,0,0,0,0,0,0,"N",0.22,0,0,0,0,0,0,0,"N",1,33.3,0,0,0,0,0,0,0,0,0,0,0,0,0,0
"C2554","5","518210","48","0","2023","1","",269,1225,1228,1223,42539013,17723324,358758,2670,"",1.43,0.62,0.63,0.63,0.43,0.60,0.58,0.69,"",21,8.5,-26,-2.1,5,0.4,-5,-0.4,4398484,11.5,-1405,0.0,-124441,-25.8,292,12.3
"C2562","5","518210","48","0","2023","1","N",1,0,0,0,0,0,0,0,"N",0.06,0,0,0,0,0,0,0,"N",0,0.0,0,0,0,0,0,0,0,0,0,0,0,0,0,0
"C2586","5","518210","48","0","2023","1","N",15,0,0,0,0,0,0,0,"N",0.38,0,0,0,0,0,0,0,"N",0,0.0,0,0,0,0,0,0,0,0,0,0,0,0,0,0
"C2594","5","518210","48","0","2023","1","N",24,0,0,0,0,0,0,0,"N",0.68,0,0,0,0,0,0,0,"N",1,4.3,0,0,0,0,0,0,0,0,0,0,0,0,0,0
"C2598","5","518210","48","0","2023","1","N",1,0,0,0,0,0,0,0,"N",0.19,0,0,0,0,0,0,0,"N",0,0.0,0,0,0,0,0,0,0,0,0,0,0,0,0,0
"C2614","5","518210","48","0","2023","1","N",4,0,0,0,0,0,0,0,"N",0.25,0,0,0,0,0,0,0,"N",1,33.3,0,0,0,0,0,0,0,0,0,0,0,0,0,0
"C2630","5","518210","48","0","2023","1","N",3,0,0,0,0,0,0,0,"N",0.21,0,0,0,0,0,0,0,"N",-2,-40.0,0,0,0,0,0,0,0,0,0,0,0,0,0,0
"C2638","5","518210","48","0","2023","1","",11,38,37,38,502448,284932,5826,1026,"",0.46,0.14,0.14,0.14,0.05,0.11,0.20,0.37,"N",1,10.0,0,0,0,0,0,0,0,0,0,0,0,0,0,0
"C2642","5","518210","48","0","2023","1","N",425,0,0,0,0,0,0,0,"N",0.55,0,0,0,0,0,0,0,"N",21,5.2,0,0,0,0,0,0,0,0,0,0,0,0,0,0
"C2658","5","518210","48","0","2023","1","N",22,0,0,0,0,0,0,0,"N",0.55,0,0,0,0,0,0,0,"N",7,46.7,0,0,0,0,0,0,0,0,0,0,0,0,0,0
"C2662","5","518210","48","0","2023","1","",108,266,273,271,11545426,2335043,22982,3289,"",1.70,0.32,0.33,0.33,0.33,0.28,0.58,1.02,"",37,52.1,66,33.0,63,30.0,57,26.6,3542031,44.3,543367,30.3,-6560,-22.2,329,11.1
"C2682","5","518210","48","0","2023","1","N",15,0,0,0,0,0,0,0,"N",0.54,0,0,0,0,0,0,0,"N",2,15.4,0,0,0,0,0,0,0,0,0,0,0,0,0,0
"C2690","5","518210","48","0","2023","1","",185,1987,1989,2006,52126438,15810777,247353,2011,"",0.73,0.57,0.57,0.58,0.37,0.39,0.48,0.64,"",16,9.5,214,12.1,208,11.7,220,12.3,9954811,23.6,2560431,19.3,-74965,-23.3,189,10.4
"C2698","5","518210","48","0","2023","1","N",40,0,0,0,0,0,0,0,"N",1.55,0,0,0,0,0,0,0,"N",5,14.3,0,0,0,0,0,0,0,0,0,0,0,0,0,0
"C2706","5","518210","48","0","2023","1","",7,22,24,26,800403,274167,5939,2565,"",0.58,0.15,0.16,0.17,0.13,0.24,0.21,0.83,"N",4,133.3,0,0,0,0,0,0,0,0,0,0,0,0,0,0
"C2710","5","518210","48","0","2023","1","N",1,0,0,0,0,0,0,0,"N",0.07,0,0,0,0,0,0,0,"N",0,0.0,0,0,0,0,0,0,0,0,0,0,0,0,0,0
"C2714","5","518210","48","0","2023","1","",15,131,133,137,2798033,1509283,3399,1610,"",0.22,0.16,0.16,0.17,0.11,0.15,0.10,0.67,"",1,7.1,-42,-24.3,-7,-5.0,1,0.7,789616,39.3,160291,11.9,413,13.8,578,56.0
"C2718","5","518210","48","0","2023","1","N",6,0,0,0,0,0,0,0,"N",0.39,0,0,0,0,0,0,0,"N",-1,-14.3,0,0,0,0,0,0,0,0,0,0,0,0,0,0
"C2726","5","518210","48","0","2023","1","N",186,0,0,0,0,0,0,0,"N",0.78,0,0,0,0,0,0,0,"N",15,8.8,0,0,0,0,0,0,0,0,0,0,0,0,0,0
"C2734","5","518210","48","0","2023","1","",9,32,33,32,529556,526502,2700,1260,"",0.49,0.19,0.19,0.19,0.12,0.27,0.24,0.63,"",4,80.0,7,28.0,8,32.0,6,23.1,139072,35.6,155847,42.0,1520,128.8,74,6.2
"C2750","5","518210","48","0","2023","1","",7,376,369,371,5929696,3557001,61106,1226,"",0.44,1.71,1.68,1.69,0.75,1.18,1.36,0.44,"",-1,-12.5,-10,-2.6,-1,-0.3,-4,-1.1,621428,11.7,-2179,-0.1,36483,148.2,143,13.2
"C2762","5","518210","48","0","2023","1","",11,439,441,450,6449532,4244166,50844,1119,"",0.62,1.78,1.79,1.83,0.87,1.85,2.18,0.48,"",1,10.0,6,1.4,-2,-0.5,4,0.9,1152704,21.8,339815,8.7,3863,8.2,194,21.0
"C2774","5","518210","48","0","2023","1","N",18,0,0,0,0,0,0,0,"N",0.84,0,0,0,0,0,0,0,"N",4,28.6,0,0,0,0,0,0,0,0,0,0,0,0,0,0
"C2778","5","518210","48","0","2023","1","N",2,0,0,0,0,0,0,0,"N",0.14,0,0,0,0,0,0,0,"N",1,100.0,0,0,0,0,0,0,0,0,0,0,0,0,0,0
"C2786","5","518210","48","0","2023","1","N",3,0,0,0,0,0,0,0,"N",0.20,0,0,0,0,0,0,0,"N",-1,-25.0,0,0,0,0,0,0,0,0,0,0,0,0,0,0
"C2790","5","518210","48","0","2023","1","N",3,0,0,0,0,0,0,0,"N",0.14,0,0,0,0,0,0,0,"N",2,200.0,0,0,0,0,0,0,0,0,0,0,0,0,0,0
"C2798","5","518210","48","0","2023","1","",60,58,78,160,2754412,2379947,68990,2147,"",1.80,0.23,0.31,0.65,0.33,0.48,0.55,0.83,"N",0,0.0,0,0,0,0,0,0,0,0,0,0,0,0,0,0
"C2802","5","518210","48","0","2023","1","N",15,0,0,0,0,0,0,0,"N",0.42,0,0,0,0,0,0,0,"N",1,7.1,0,0,0,0,0,0,0,0,0,0,0,0,0,0
"C2810","5","518210","48","0","2023","1","N",1,0,0,0,0,0,0,0,"N",0.10,0,0,0,0,0,0,0,"N",0,0.0,0,0,0,0,0,0,0,0,0,0,0,0,0,0
"C2814","5","518210","48","0","2023","1","",460,4597,4598,4624,123446386,52057649,566484,2061,"",1.43,1.33,1.33,1.35,0.89,1.01,0.94,0.67,"",81,21.4,771,20.2,716,18.4,718,18.4,14302626,13.1,6832566,15.1,-79242,-12.3,-108,-5.0
"C2842","5","518210","48","0","2023","1","N",12,0,0,0,0,0,0,0,"N",0.35,0,0,0,0,0,0,0,"N",-1,-7.7,0,0,0,0,0,0,0,0,0,0,0,0,0,0
"C2866","5","518210","48","0","2023","1","N",18,0,0,0,0,0,0,0,"N",0.51,0,0,0,0,0,0,0,"N",3,20.0,0,0,0,0,0,0,0,0,0,0,0,0,0,0
"C2870","5","518210","48","0","2023","1","",16,151,155,153,2601462,978037,5343,1308,"",0.48,0.40,0.41,0.41,0.21,0.27,0.22,0.52,"",3,23.1,3,2.0,4,2.6,5,3.4,305692,13.3,129697,15.3,-1604,-23.1,123,10.4
"C2874","5","518210","48","0","2023","1","",10,91,104,101,1844853,946120,23126,1438,"",0.40,0.49,0.56,0.55,0.29,0.49,0.44,0.55,"",-1,-9.1,1,1.1,15,16.9,11,12.2,656095,55.2,174088,22.5,4594,24.8,418,41.0
"C2894","5","518210","48","0","2023","1","N",133,0,0,0,0,0,0,0,"N",1.20,0,0,0,0,0,0,0,"N",25,23.1,0,0,0,0,0,0,0,0,0,0,0,0,0,0
"C2902","5","518210","48","0","2023","1","N",2,0,0,0,0,0,0,0,"N",0.25,0,0,0,0,0,0,0,"N",0,0.0,0,0,0,0,0,0,0,0,0,0,0,0,0,0
"C2910","5","518210","48","0","2023","1","N",5,0,0,0,0,0,0,0,"N",0.31,0,0,0,0,0,0,0,"N",0,0.0,0,0,0,0,0,0,0,0,0,0,0,0,0,0
"C2918","5","518210","48","0","2023","1","",53,181,183,185,3051667,1442864,25765,1283,"",0.70,0.28,0.29,0.29,0.15,0.23,0.36,0.52,"",5,10.4,-35,-16.2,-40,-17.9,-37,-16.7,242680,8.6,-194036,-11.9,8649,50.5,302,30.8
"C2920","5","518210","48","0","2023","1","",9,12,12,12,426671,108294,2420,2735,"",0.43,0.04,0.04,0.04,0.04,0.03,0.07,1.05,"",3,50.0,7,140.0,7,140.0,6,100.0,285807,202.9,55425,104.8,1394,135.9,703,34.6
"C2934","5","518210","48","0","2023","1","N",14,0,0,0,0,0,0,0,"N",0.53,0,0,0,0,0,0,0,"N",2,16.7,0,0,0,0,0,0,0,0,0,0,0,0,0,0
"C2942","5","518210","48","0","2023","1","N",2,0,0,0,0,0,0,0,"N",0.10,0,0,0,0,0,0,0,"N",-2,-50.0,0,0,0,0,0,0,0,0,0,0,0,0,0,0
"C2946","5","518210","48","0","2023","1","",28,96,93,99,2055818,644010,4636,1647,"",0.36,0.11,0.11,0.12,0.08,0.08,0.09,0.68,"",3,12.0,2,2.1,-6,-6.1,-6,-5.7,313736,18.0,58151,9.9,2031,78.0,298,22.1
"C2954","5","518210","48","0","2023","1","",10,96,95,98,2396269,877992,24614,1913,"",0.16,0.12,0.12,0.12,0.09,0.09,0.09,0.73,"",0,0.0,6,6.7,8,9.2,12,14.0,597726,33.2,64692,8.0,4329,21.3,335,21.2
"C2962","5","518210","48","0","2023","1","N",38,0,0,0,0,0,0,0,"N",0.78,0,0,0,0,0,0,0,"N",2,5.6,0,0,0,0,0,0,0,0,0,0,0,0,0,0
"C2970","5","518210","48","0","2023","1","N",2,0,0,0,0,0,0,0,"N",0.08,0,0,0,0,0,0,0,"N",-1,-33.3,0,0,0,0,0,0,0,0,0,0,0,0,0,0
"C2974","5","518210","48","0","2023","1","",36,109,106,100,1438297,1196877,7991,1054,"",1.50,0.44,0.43,0.40,0.21,0.36,0.28,0.50,"",14,63.6,24,28.2,16,17.8,10,11.1,496149,52.7,402347,50.6,3984,99.4,234,28.5
"C2982","5","518210","48","0","2023","1","",280,2067,2055,2041,68564001,46034181,852453,2567,"",0.98,0.58,0.58,0.58,0.53,0.60,0.67,0.90,"",12,4.5,187,9.9,157,8.3,115,6.0,-5920715,-7.9,7267512,18.7,132641,18.4,-446,-14.8
"C2994","5","518210","48","0","2023","1","",30,111,108,104,2744323,1242255,21221,1961,"",1.93,0.68,0.66,0.64,0.57,0.55,0.97,0.86,"",9,42.9,13,13.3,7,6.9,7,7.2,734375,36.5,254971,25.8,1484,7.5,394,25.1
"C3002","5","518210","48","0","2023","1","",6,400,399,401,6291651,5603365,88483,1210,"",0.50,2.89,2.90,2.92,1.68,3.01,5.66,0.58,"",1,20.0,-22,-5.2,-19,-4.5,-16,-3.8,261057,4.3,46203,0.8,-3268,-3.6,103,9.3
"C3014","5","518210","48","0","2023","1","",4,9,8,8,128618,69124,1682,1187,"",0.31,0.05,0.05,0.05,0.02,0.04,0.03,0.49,"N",0,0.0,0,0,0,0,0,0,0,0,0,0,0,0,0,0
"C3030","5","518210","48","0","2023","1","",3,32,33,33,889127,871407,13119,2094,"",0.35,0.36,0.37,0.37,0.33,0.54,1.44,0.90,"",-1,-25.0,8,33.3,11,50.0,10,43.5,191222,27.4,194784,28.8,10218,352.2,-240,-10.3
"C3034","5","518210","48","0","2023","1","",9,8,8,6,105112,72971,1585,1103,"",0.59,0.05,0.05,0.04,0.02,0.04,0.05,0.44,"N",0,0.0,0,0,0,0,0,0,0,0,0,0,0,0,0,0
"C3046","5","518210","48","0","2023","1","",94,722,720,707,24117574,8780146,57522,2590,"",1.07,0.80,0.80,0.78,0.74,0.81,0.79,0.94,"",8,9.3,18,2.6,8,1.1,-14,-1.9,552961,2.3,123272,1.4,-104070,-64.4,45,1.8
"C3062","5","518210","48","0","2023","1","N",6,0,0,0,0,0,0,0,"N",0.53,0,0,0,0,0,0,0,"N",1,20.0,0,0,0,0,0,0,0,0,0,0,0,0,0,0
"C3070","5","518210","48","0","2023","1","",39,304,303,302,6941776,2636248,16076,1762,"",0.84,0.53,0.53,0.53,0.37,0.47,0.58,0.69,"",-3,-7.1,41,15.6,36,13.5,3,1.0,344724,5.2,258326,10.9,-2410,-13.0,-74,-4.0
"C3078","5","518210","48","0","2023","1","",79,1884,1910,1892,60056765,12533150,62036,2437,"",0.83,1.67,1.70,1.69,1.56,1.34,0.80,0.93,"",-1,-1.2,71,3.9,96,5.3,64,3.5,7421901,14.1,-4705276,-27.3,-28158,-31.2,210,9.4
"C3086","5","518210","48","0","2023","1","N",12,0,0,0,0,0,0,0,"N",0.57,0,0,0,0,0,0,0,"N",2,20.0,0,0,0,0,0,0,0,0,0,0,0,0,0,0
"C3098","5","518210","48","0","2023","1","N",4,0,0,0,0,0,0,0,"N",0.16,0,0,0,0,0,0,0,"N",1,33.3,0,0,0,0,0,0,0,0,0,0,0,0,0,0
"C3102","5","518210","48","0","2023","1","N",5,0,0,0,0,0,0,0,"N",0.43,0,0,0,0,0,0,0,"N",-1,-16.7,0,0,0,0,0,0,0,0,0,0,0,0,0,0
"C3108","5","518210","48","0","2023","1","",961,14054,14171,14249,682766256,104920594,3692109,3710,"",0.32,0.71,0.71,0.72,0.73,0.54,0.66,1.01,"",156,19.4,438,3.2,393,2.9,341,2.5,106480167,18.5,8067191,8.3,390465,11.8,490,15.2
"C3114","5","518210","48","0","2023","1","",184,1610,1521,1451,56599606,19177975,118276,2851,"",0.93,0.75,0.71,0.68,0.67,0.67,0.44,0.94,"",31,20.3,86,5.6,-15,-1.0,-120,-7.6,10858918,23.7,1766865,10.1,-216944,-64.7,572,25.1
"C3118","5","518210","48","0","2023","1","N",11,0,0,0,0,0,0,0,"N",0.29,0,0,0,0,0,0,0,"N",0,0.0,0,0,0,0,0,0,0,0,0,0,0,0,0,0
"C3134","5","518210","48","0","2023","1","",24,27,28,30,978343,232743,990,2656,"",0.57,0.09,0.09,0.10,0.10,0.08,0.06,1.10,"N",14,140.0,0,0,0,0,0,0,0,0,0,0,0,0,0,0
"C3142","5","518210","48","0","2023","1","N",9,0,0,0,0,0,0,0,"N",0.33,0,0,0,0,0,0,0,"N",1,12.5,0,0,0,0,0,0,0,0,0,0,0,0,0,0
"C3146","5","518210","48","0","2023","1","N",1,0,0,0,0,0,0,0,"N",0.04,0,0,0,0,0,0,0,"N",0,0.0,0,0,0,0,0,0,0,0,0,0,0,0,0,0
"C3154","5","518210","48","0","2023","1","N",42,0,0,0,0,0,0,0,"N",0.47,0,0,0,0,0,0,0,"N",-3,-6.7,0,0,0,0,0,0,0,0,0,0,0,0,0,0
"C3170","5","518210","48","0","2023","1","",32,349,341,345,14316571,4617628,50512,3192,"",0.58,0.53,0.52,0.53,0.48,0.47,0.52,0.90,"",0,0.0,-12,-3.3,-17,-4.7,-3,-0.9,1606037,12.6,128630,2.9,-26229,-34.2,443,16.1
"C3174","5","518210","48","0","2023","1","N",11,0,0,0,0,0,0,0,"N",0.94,0,0,0,0,0,0,0,"N",5,83.3,0,0,0,0,0,0,0,0,0,0,0,0,0,0
"C3186","5","518210","48","0","2023","1","N",2,0,0,0,0,0,0,0,"N",0.15,0,0,0,0,0,0,0,"N",2,100.0,0,0,0,0,0,0,0,0,0,0,0,0,0,0
"C3190","5","518210","48","0","2023","1","",3,10,10,10,276514,90000,6966,2127,"",0.24,0.06,0.06,0.06,0.06,0.06,0.23,0.97,"N",1,50.0,0,0,0,0,0,0,0,0,0,0,0,0,0,0
"C3258","5","518210","48","0","2023","1","",9,123,122,126,1759504,868673,10492,1094,"",0.15,0.13,0.13,0.14,0.08,0.11,0.11,0.60,"N",0,0.0,0,0,0,0,0,0,0,0,0,0,0,0,0,0
"C3278","5","518210","48","0","2023","1","",16,54,56,51,3209318,2221590,24504,4600,"",0.42,0.18,0.19,0.18,0.33,0.45,0.29,1.80,"",0,0.0,1,1.9,3,5.7,-3,-5.6,394888,14.0,268288,13.7,-43,-0.2,541,13.3
"C3282","5","518210","48","0","2023","1","",112,462,457,466,16702589,3397648,55337,2783,"",0.81,0.23,0.23,0.24,0.22,0.17,0.42,0.95,"",12,12.0,141,43.9,129,39.3,127,37.5,7834166,88.3,948251,38.7,23705,74.9,712,34.4
"C3290","5","518210","48","0","2023","1","N",1,0,0,0,0,0,0,0,"N",0.03,0,0,0,0,0,0,0,"N",0,0.0,0,0,0,0,0,0,0,0,0,0,0,0,0,0
"C3310","5","518210","48","0","2023","1","",885,7724,7731,7731,340250455,56431443,460013,3386,"",0.74,0.87,0.87,0.87,0.86,0.62,0.58,0.98,"",113,14.6,621,8.7,644,9.1,573,8.0,37889849,12.5,4807650,9.3,133359,40.8,118,3.6
"C3314","5","518210","48","0","2023","1","N",7,0,0,0,0,0,0,0,"N",0.66,0,0,0,0,0,0,0,"N",4,133.3,0,0,0,0,0,0,0,0,0,0,0,0,0,0
"C3322","5","518210","48","0","2023","1","",6,10,10,10,225964,84954,769,1738,"",0.33,0.08,0.08,0.08,0.04,0.07,0.03,0.48,"",0,0.0,-2,-16.7,-1,-9.1,-1,-9.1,11821,5.5,-5906,-6.5,-269,-25.9,285,19.6
"C3326","5","518210","48","0","2023","1","N",3,0,0,0,0,0,0,0,"N",0.10,0,0,0,0,0,0,0,"N",0,0.0,0,0,0,0,0,0,0,0,0,0,0,0,0,0
"C3334","5","518210","48","0","2023","1","",65,4378,4363,4326,167015061,59952068,669117,2950,"",0.32,1.67,1.67,1.66,1.59,1.61,1.29,0.95,"N",-7,-9.7,0,0,0,0,0,0,0,0,0,0,0,0,0,0
"C3346","5","518210","48","0","2023","1","",341,5135,5124,5119,246698718,137820068,725933,3702,"",0.72,0.83,0.83,0.84,0.84,0.97,0.68,1.00,"",32,10.4,8,0.2,5,0.1,-16,-0.3,39373252,19.0,10613007,8.3,-98688,-12.0,591,19.0
"C3354","5","518210","48","0","2023","1","",17,24,24,23,617500,474515,6083,2007,"",0.58,0.12,0.12,0.11,0.09,0.12,0.15,0.82,"",4,30.8,-3,-11.1,-4,-14.3,-6,-20.7,144514,30.6,95258,25.1,172,2.9,708,54.5
"C3366","5","518210","48","0","2023","1","",41,124,128,126,2263089,1025686,6157,1382,"",0.79,0.22,0.23,0.23,0.12,0.18,0.17,0.53,"",5,13.9,15,13.8,20,18.5,15,13.5,673348,42.4,151073,17.3,-5088,-45.2,264,23.6
"C3370","5","518210","48","0","2023","1","N",3,0,0,0,0,0,0,0,"N",0.04,0,0,0,0,0,0,0,"N",1,50.0,0,0,0,0,0,0,0,0,0,0,0,0,0,0
"C3374","5","518210","48","0","2023","1","N",17,0,0,0,0,0,0,0,"N",0.69,0,0,0,0,0,0,0,"N",1,6.2,0,0,0,0,0,0,0,0,0,0,0,0,0,0
"C3378","5","518210","48","0","2023","1","N",4,0,0,0,0,0,0,0,"N",0.34,0,0,0,0,0,0,0,"N",0,0.0,0,0,0,0,0,0,0,0,0,0,0,0,0,0
"C3386","5","518210","48","0","2023","1","N",47,0,0,0,0,0,0,0,"N",1.07,0,0,0,0,0,0,0,"N",8,20.5,0,0,0,0,0,0,0,0,0,0,0,0,0,0
"C3406","5","518210","48","0","2023","1","",20,314,316,317,5042418,2829675,60523,1229,"",1.06,1.48,1.50,1.51,0.66,1.84,1.69,0.44,"N",9,81.8,0,0,0,0,0,0,0,0,0,0,0,0,0,0
"C3410","5","518210","48","0","2023","1","N",4,0,0,0,0,0,0,0,"N",0.37,0,0,0,0,0,0,0,"N",-1,-20.0,0,0,0,0,0,0,0,0,0,0,0,0,0,0
"C3458","5","518210","48","0","2023","1","",3,40,40,40,1633365,1442623,16230,3141,"",0.18,0.24,0.24,0.24,0.28,0.45,0.37,1.14,"",-1,-25.0,-8,-16.7,-7,-14.9,-6,-13.0,86810,5.6,31003,2.2,500,3.2,610,24.1
"C3462","5","518210","48","0","2023","1","",5,11,13,12,191852,103204,1350,1230,"",0.50,0.08,0.09,0.08,0.05,0.07,0.08,0.54,"",0,0.0,2,22.2,4,44.4,2,20.0,59895,45.4,22876,28.5,145,12.0,142,13.1
"C3474","5","518210","48","0","2023","1","N",5,0,0,0,0,0,0,0,"N",0.35,0,0,0,0,0,0,0,"N",0,0.0,0,0,0,0,0,0,0,0,0,0,0,0,0,0
"C3482","5","518210","48","0","2023","1","",61,96,99,97,2502635,1409400,7518,1978,"",0.90,0.17,0.18,0.17,0.16,0.19,0.14,0.94,"N",16,35.6,0,0,0,0,0,0,0,0,0,0,0,0,0,0
"C3490","5","518210","48","0","2023","1","",7,37,35,35,1425630,32941,973,3075,"",0.26,0.15,0.14,0.14,0.14,0.01,0.01,0.98,"",-2,-22.2,-13,-26.0,-18,-34.0,-20,-36.4,-311491,-17.9,-104698,-76.1,-5595,-85.2,538,21.2
"C3494","5","518210","48","0","2023","1","",40,78,80,79,2593898,589323,5869,2526,"",0.51,0.14,0.15,0.15,0.12,0.10,0.16,0.84,"",8,25.0,16,25.8,13,19.4,15,23.4,1018811,64.7,135141,29.8,-402,-6.4,643,34.1
"C3498","5","518210","48","0","2023","1","",522,4651,4605,4595,163761993,32701171,376337,2728,"",1.66,1.34,1.32,1.33,1.08,0.95,1.29,0.81,"",92,21.4,665,16.7,599,15.0,572,14.2,20181856,14.1,3585062,12.3,45583,13.8,-30,-1.1
"C3510","5","518210","48","0","2023","1","N",7,0,0,0,0,0,0,0,"N",0.49,0,0,0,0,0,0,0,"N",-1,-12.5,0,0,0,0,0,0,0,0,0,0,0,0,0,0
"C3530","5","518210","48","0","2023","1","",202,391,387,378,15645036,5668975,116248,3123,"",1.65,0.32,0.32,0.32,0.31,0.37,0.34,0.97,"",13,6.9,-48,-10.9,-42,-9.8,-48,-11.3,-847732,-5.1,-496968,-8.1,-58244,-33.4,182,6.2
"C3538","5","518210","48","0","2023","1","",273,1235,1175,1154,26332004,8619442,133928,1705,"",1.31,0.71,0.68,0.67,0.39,0.52,0.74,0.57,"",32,13.3,182,17.3,132,12.7,121,11.7,7053822,36.6,1250188,17.0,12321,10.1,283,19.9
"C3562","5","518210","48","0","2023","1","N",1700,0,0,0,0,0,0,0,"N",0.57,0,0,0,0,0,0,0,"N",158,10.2,0,0,0,0,0,0,0,0,0,0,0,0,0,0
"C3566","5","518210","48","0","2023","1","N",5,0,0,0,0,0,0,0,"N",0.26,0,0,0,0,0,0,0,"N",1,25.0,0,0,0,0,0,0,0,0,0,0,0,0,0,0
"C3584","5","518210","48","0","2023","1","",85,396,391,389,11049828,2807927,34391,2168,"",0.58,0.37,0.37,0.37,0.30,0.26,0.49,0.80,"",10,13.3,132,50.0,133,51.6,131,50.8,4853997,78.3,1098716,64.3,2425,7.6,335,18.3
"C3598","5","518210","48","0","2023","1","",39,51,51,54,1721955,780150,18013,2547,"",1.05,0.13,0.14,0.14,0.10,0.15,0.17,0.74,"",-1,-2.5,-1,-1.9,-2,-3.8,1,1.9,-221907,-11.4,27423,3.6,-2339,-11.5,-292,-10.3
"C3610","5","518210","48","0","2023","1","",17,68,67,70,1805585,484840,5849,2033,"",0.39,0.18,0.18,0.19,0.16,0.14,0.25,0.91,"",1,6.2,35,106.1,36,116.1,13,22.8,725560,67.2,208693,75.6,1632,38.7,-27,-1.3
"C3614","5","518210","48","0","2023","1","",4,9,10,10,318853,262396,3778,2537,"",0.24,0.08,0.09,0.09,0.10,0.16,0.10,1.14,"",1,33.3,4,80.0,5,100.0,5,100.0,41789,15.1,56771,27.6,1067,39.4,-1726,-40.5
"C3626","5","518210","48","0","2023","1","N",40,0,0,0,0,0,0,0,"N",0.48,0,0,0,0,0,0,0,"N",-3,-7.0,0,0,0,0,0,0,0,0,0,0,0,0,0,0
"C3642","5","518210","48","0","2023","1","",196,806,813,816,15831516,12785486,110693,1500,"",0.94,0.38,0.38,0.39,0.21,0.34,0.36,0.54,"",64,48.5,104,14.8,87,12.0,84,11.5,2615983,19.8,2214777,21.0,1326,1.2,88,6.2
"C3650","5","518210","48","0","2023","1","",52,420,467,464,12287674,9818483,84246,2099,"",1.38,1.03,1.15,1.14,0.77,1.50,1.05,0.69,"",4,8.3,46,12.3,66,16.5,65,16.3,2760222,29.0,2282305,30.3,18592,28.3,226,12.1
"C3654","5","518210","48","0","2023","1","",115,1842,1853,1862,64979596,25133887,83907,2698,"",0.91,1.18,1.20,1.20,1.09,1.39,0.72,0.91,"",-10,-8.0,-108,-5.5,-73,-3.8,-56,-2.9,-4570550,-6.6,1345550,5.7,-1968,-2.3,-72,-2.6
"C3674","5","518210","48","0","2023","1","",287,3223,3206,3252,88890445,23233324,255074,2119,"",0.70,0.73,0.72,0.74,0.54,0.54,0.86,0.74,"",22,8.3,39,1.2,79,2.5,101,3.2,5648327,6.8,567296,2.5,150,0.1,89,4.4
"C3678","5","518210","48","0","2023","1","N",3,0,0,0,0,0,0,0,"N",0.17,0,0,0,0,0,0,0,"N",-4,-57.1,0,0,0,0,0,0,0,0,0,0,0,0,0,0
"C3698","5","518210","48","0","2023","1","N",2,0,0,0,0,0,0,0,"N",0.12,0,0,0,0,0,0,0,"N",0,0.0,0,0,0,0,0,0,0,0,0,0,0,0,0,0
"C3710","5","518210","48","0","2023","1","",37,236,221,220,30507302,2326009,107756,10399,"",0.29,0.22,0.21,0.21,0.70,0.24,0.38,3.30,"",3,8.8,-250,-51.4,-255,-53.6,-242,-52.4,-6130294,-16.7,-1613208,-41.0,-98876,-47.9,4462,75.2
"C3734","5","518210","48","0","2023","1","",48,151,156,158,3257585,998607,12060,1617,"",0.59,0.19,0.20,0.21,0.11,0.14,0.25,0.54,"",5,11.6,6,4.1,7,4.7,5,3.3,805241,32.8,45105,4.7,2400,24.8,351,27.7
"C3746","5","518210","48","0","2023","1","",11,17,19,21,316144,151418,1661,1280,"",0.35,0.06,0.07,0.08,0.04,0.06,0.10,0.56,"",5,83.3,9,112.5,11,137.5,13,162.5,226871,254.1,107479,244.6,862,107.9,422,49.2
"C3762","5","518210","48","0","2023","1","",5,4,3,4,90484,32336,971,1898,"",0.46,0.03,0.03,0.03,0.03,0.03,0.04,0.83,"N",2,66.7,0,0,0,0,0,0,0,0,0,0,0,0,0,0
"C3786","5","518210","48","0","2023","1","N",24,0,0,0,0,0,0,0,"N",0.39,0,0,0,0,0,0,0,"N",10,71.4,0,0,0,0,0,0,0,0,0,0,0,0,0,0
"C3790","5","518210","48","0","2023","1","N",5,0,0,0,0,0,0,0,"N",0.15,0,0,0,0,0,0,0,"N",1,25.0,0,0,0,0,0,0,0,0,0,0,0,0,0,0
"C3798","5","518210","48","0","2023","1","",576,5776,5761,5762,167157588,56235082,1557236,2230,"",0.75,0.63,0.63,0.63,0.39,0.46,0.50,0.61,"N",19,3.4,0,0,0,0,0,0,0,0,0,0,0,0,0,0
"C3806","5","518210","48","0","2023","1","",524,11055,10974,10794,364523507,90427482,1034766,2563,"",0.85,1.47,1.46,1.45,1.15,1.06,1.20,0.79,"N",0,0.0,0,0,0,0,0,0,0,0,0,0,0,0,0,0
"C3822","5","518210","48","0","2023","1","N",1,0,0,0,0,0,0,0,"N",0.10,0,0,0,0,0,0,0,"N",0,0.0,0,0,0,0,0,0,0,0,0,0,0,0,0,0
"C3830","5","518210","48","0","2023","1","N",155,0,0,0,0,0,0,0,"N",0.55,0,0,0,0,0,0,0,"N",6,4.0,0,0,0,0,0,0,0,0,0,0,0,0,0,0
"C3834","5","518210","48","0","2023","1","",20,32,33,37,993791,458576,7029,2248,"",0.81,0.17,0.18,0.20,0.15,0.19,0.22,0.82,"",2,11.1,3,10.3,1,3.1,6,19.4,195470,24.5,65298,16.6,-3308,-32.0,246,12.3
"C3854","5","518210","48","0","2023","1","",8,7,7,7,176340,176340,1689,1938,"",0.61,0.06,0.06,0.06,0.06,0.10,0.18,0.94,"N",2,33.3,0,0,0,0,0,0,0,0,0,0,0,0,0,0
"C3866","5","518210","48","0","2023","1","N",1,0,0,0,0,0,0,0,"N",0.06,0,0,0,0,0,0,0,"N",1,100.0,0,0,0,0,0,0,0,0,0,0,0,0,0,0
"C3886","5","518210","48","0","2023","1","N",158,0,0,0,0,0,0,0,"N",1.31,0,0,0,0,0,0,0,"N",48,43.6,0,0,0,0,0,0,0,0,0,0,0,0,0,0
"C3890","5","518210","48","0","2023","1","",496,6031,5988,5958,235862224,183969569,3004224,3028,"",1.08,1.51,1.51,1.51,1.31,1.90,1.95,0.87,"N",108,27.8,0,0,0,0,0,0,0,0,0,0,0,0,0,0
"C3894","5","518210","48","0","2023","1","",35,103,106,104,2785996,759790,11160,2054,"",0.50,0.19,0.20,0.20,0.17,0.15,0.30,0.85,"",5,16.7,43,71.7,43,68.3,41,65.1,1569337,129.0,297033,64.2,5046,82.5,544,36.0
"C3914","5","518210","48","0","2023","1","N",2,0,0,0,0,0,0,0,"N",0.06,0,0,0,0,0,0,0,"N",-3,-60.0,0,0,0,0,0,0,0,0,0,0,0,0,0,0
"C3930","5","518210","48","0","2023","1","",314,555,546,540,21408140,12327503,228373,3011,"",1.17,0.25,0.24,0.24,0.25,0.33,0.33,1.01,"",133,73.5,82,17.3,96,21.3,82,17.9,4965460,30.2,3403788,38.1,28778,14.4,263,9.6
"C3934","5","518210","48","0","2023","1","",104,3568,3486,3481,112355342,88833156,407506,2461,"",1.10,3.73,3.65,3.69,3.31,4.69,4.09,0.90,"",-3,-2.8,-10,-0.3,-82,-2.3,-134,-3.7,-1136724,-1.0,7482896,9.2,86429,26.9,27,1.1
"C3938","5","518210","48","0","2023","1","",5,42,40,41,738693,527729,12816,1386,"",0.28,0.21,0.20,0.20,0.11,0.18,0.22,0.56,"",0,0.0,-4,-8.7,-8,-16.7,-7,-14.6,213515,40.7,69991,15.3,4552,55.1,533,62.5
"C3946","5","518210","48","0","2023","1","",11,17,16,15,315268,112175,477,1516,"",0.43,0.10,0.09,0.09,0.06,0.07,0.05,0.65,"",0,0.0,2,13.3,-1,-5.9,-1,-6.2,30059,10.5,487,0.4,-181,-27.5,145,10.6
"C3954","5","518210","48","0","2023","1","N",4,0,0,0,0,0,0,0,"N",0.19,0,0,0,0,0,0,0,"N",1,33.3,0,0,0,0,0,0,0,0,0,0,0,0,0,0
"C3958","5","518210","48","0","2023","1","N",373,0,0,0,0,0,0,0,"N",1.55,0,0,0,0,0,0,0,"N",81,27.7,0,0,0,0,0,0,0,0,0,0,0,0,0,0
"C3966","5","518210","48","0","2023","1","N",50,0,0,0,0,0,0,0,"N",1.61,0,0,0,0,0,0,0,"N",11,28.2,0,0,0,0,0,0,0,0,0,0,0,0,0,0
"C3974","5","518210","48","0","2023","1","",12,112,107,108,1810099,1148500,28251,1277,"",0.31,0.20,0.19,0.20,0.09,0.18,0.13,0.45,"N",6,100.0,0,0,0,0,0,0,0,0,0,0,0,0,0,0
"C3982","5","518210","48","0","2023","1","N",9,0,0,0,0,0,0,0,"N",0.26,0,0,0,0,0,0,0,"N",2,28.6,0,0,0,0,0,0,0,0,0,0,0,0,0,0
"C3990","5","518210","48","0","2023","1","",66,988,980,969,31044469,22164817,359020,2439,"",0.88,1.20,1.19,1.18,0.98,1.23,1.21,0.82,"",2,3.1,72,7.9,44,4.7,15,1.6,-2659138,-7.9,1876408,9.2,-17969,-4.8,-333,-12.0
"C4006","5","518210","48","0","2023","1","",166,793,794,803,23490080,6082241,46747,2268,"",0.77,0.38,0.38,0.39,0.27,0.29,0.35,0.70,"",72,76.6,270,51.6,263,49.5,265,49.3,8250508,54.1,2180274,55.9,-17389,-27.1,59,2.7
"C4014","5","518210","48","0","2023","1","N",65,0,0,0,0,0,0,0,"N",0.10,0,0,0,0,0,0,0,"N",11,20.4,0,0,0,0,0,0,0,0,0,0,0,0,0,0
"C4022","5","518210","48","0","2023","1","",17,84,83,83,2938721,924178,6885,2713,"",0.35,0.17,0.17,0.17,0.18,0.21,0.24,1.06,"",8,88.9,7,9.1,5,6.4,10,13.7,742263,33.8,487529,111.7,43,0.6,490,22.0
"C4034","5","518210","48","0","2023","1","N",4,0,0,0,0,0,0,0,"N",0.15,0,0,0,0,0,0,0,"N",0,0.0,0,0,0,0,0,0,0,0,0,0,0,0,0,0
"C4038","5","518210","48","0","2023","1","",54,591,596,618,12718349,6715912,172725,1626,"",0.44,0.37,0.37,0.39,0.21,0.38,0.35,0.56,"",8,17.4,-16,-2.6,-18,-2.9,25,4.2,2767812,27.8,687810,11.4,-607,-0.4,360,28.4
"C4042","5","518210","48","0","2023","1","N",7,0,0,0,0,0,0,0,"N",0.24,0,0,0,0,0,0,0,"N",1,16.7,0,0,0,0,0,0,0,0,0,0,0,0,0,0
"C4058","5","518210","48","0","2023","1","N",5,0,0,0,0,0,0,0,"N",0.34,0,0,0,0,0,0,0,"N",1,25.0,0,0,0,0,0,0,0,0,0,0,0,0,0,0
"C4066","5","518210","48","0","2023","1","-",0,0,0,0,0,0,0,0,"N",0.00,0,0,0,0,0,0,0,"N",0,0,0,0,0,0,0,0,0,0,0,0,0,0,0,0
"C4090","5","518210","48","0","2023","1","",94,1409,1403,1407,57071201,9959965,369269,3122,"",0.22,0.41,0.41,0.42,0.38,0.37,0.46,0.92,"",19,25.3,29,2.1,5,0.4,-6,-0.4,10771257,23.3,-209653,-2.1,-45040,-10.9,573,22.5
"C4098","5","518210","48","0","2023","1","N",4,0,0,0,0,0,0,0,"N",0.21,0,0,0,0,0,0,0,"N",1,33.3,0,0,0,0,0,0,0,0,0,0,0,0,0,0
"C4106","5","518210","48","0","2023","1","N",12,0,0,0,0,0,0,0,"N",0.48,0,0,0,0,0,0,0,"N",0,0.0,0,0,0,0,0,0,0,0,0,0,0,0,0,0
"C4110","5","518210","48","0","2023","1","",18,165,164,164,4530255,3844604,13345,2121,"",0.52,0.62,0.61,0.62,0.65,0.95,0.64,1.06,"",1,5.9,23,16.2,20,13.9,24,17.1,520360,13.0,535385,16.2,-1957,-12.8,-51,-2.3
"C4114","5","518210","48","0","2023","1","N",5,0,0,0,0,0,0,0,"N",0.32,0,0,0,0,0,0,0,"N",2,66.7,0,0,0,0,0,0,0,0,0,0,0,0,0,0
"C4118","5","518210","48","0","2023","1","",197,8655,8734,8785,579783463,85595981,712776,5112,"",0.48,2.03,2.05,2.07,3.30,1.63,1.06,1.61,"",10,5.3,792,10.1,781,9.8,767,9.6,100440706,21.0,4868474,6.0,43183,6.4,471,10.1
"C4142","5","518210","48","0","2023","1","N",27,0,0,0,0,0,0,0,"N",0.40,0,0,0,0,0,0,0,"N",3,12.5,0,0,0,0,0,0,0,0,0,0,0,0,0,0
"C4150","5","518210","48","0","2023","1","N",8,0,0,0,0,0,0,0,"N",0.12,0,0,0,0,0,0,0,"N",2,33.3,0,0,0,0,0,0,0,0,0,0,0,0,0,0
"C4154","5","518210","48","0","2023","1","",61,116,113,113,4017095,1122914,13734,2711,"",0.91,0.23,0.22,0.22,0.25,0.21,0.17,1.15,"N",12,24.5,0,0,0,0,0,0,0,0,0,0,0,0,0,0
"C4162","5","518210","48","0","2023","1","N",552,0,0,0,0,0,0,0,"N",1.96,0,0,0,0,0,0,0,"N",76,16.0,0,0,0,0,0,0,0,0,0,0,0,0,0,0
"C4166","5","518210","48","0","2023","1","N",2,0,0,0,0,0,0,0,"N",0.14,0,0,0,0,0,0,0,"N",0,0.0,0,0,0,0,0,0,0,0,0,0,0,0,0,0
"C4170","5","518210","48","0","2023","1","",113,3918,3947,3916,98078450,28507744,540824,1921,"",0.44,1.11,1.11,1.11,0.73,0.74,1.00,0.66,"",10,9.7,-844,-17.7,-802,-16.9,-854,-17.9,-12260362,-11.1,-3315850,-10.4,-199853,-27.0,138,7.7
"C4174","5","518210","48","0","2023","1","",232,2964,2955,2937,105810496,21142148,741905,2757,"",0.42,0.60,0.60,0.60,0.45,0.47,0.57,0.75,"",27,13.2,336,12.8,324,12.3,312,11.9,21418546,25.4,2919202,16.0,39415,5.6,287,11.6
"C4186","5","518210","48","0","2023","1","",931,34294,34139,33857,2492067499,251716290,7097907,5622,"",1.00,4.36,4.35,4.35,3.90,3.09,3.11,0.90,"",115,14.1,2292,7.2,1762,5.4,1181,3.6,26895451,1.1,10368670,4.3,154671,2.2,-239,-4.1
"C4194","5","518210","48","0","2023","1","N",429,0,0,0,0,0,0,0,"N",1.22,0,0,0,0,0,0,0,"N",80,22.9,0,0,0,0,0,0,0,0,0,0,0,0,0,0
"C4198","5","518210","48","0","2023","1","",43,2233,2279,2318,38074874,14718525,411109,1286,"",0.28,1.03,1.05,1.07,0.84,0.90,0.73,0.80,"",3,7.5,-50,-2.2,-8,-0.3,-15,-0.6,5608517,17.3,1542741,11.7,164495,66.7,201,18.5
"C4202","5","518210","48","0","2023","1","",11,38,39,39,792506,254117,12374,1577,"",0.23,0.10,0.10,0.10,0.06,0.08,0.14,0.60,"",2,22.2,17,81.0,18,85.7,19,95.0,359190,82.9,103924,69.2,5379,76.9,-36,-2.2
"C4210","5","518210","48","0","2023","1","N",12,0,0,0,0,0,0,0,"N",0.28,0,0,0,0,0,0,0,"N",1,9.1,0,0,0,0,0,0,0,0,0,0,0,0,0,0
"C4214","5","518210","48","0","2023","1","",64,65,65,58,2495436,1693921,23988,3063,"",2.25,0.33,0.33,0.30,0.39,0.62,1.24,1.23,"",12,23.1,11,20.4,11,20.4,8,16.0,579064,30.2,549371,48.0,12060,101.1,264,9.4
"C4220","5","518210","48","0","2023","1","",30,418,407,299,13682902,2842112,90650,2809,"",0.41,0.64,0.61,0.45,0.53,0.51,0.58,0.93,"",4,15.4,38,10.0,21,5.4,-87,-22.5,-6475722,-32.1,173961,6.5,-8191,-8.3,-1229,-30.4
"C4222","5","518210","48","0","2023","1","",18,95,95,95,2887951,648922,22305,2338,"",0.20,0.14,0.14,0.14,0.11,0.10,0.12,0.74,"",4,28.6,4,4.4,9,10.5,12,14.5,786833,37.4,27959,4.5,2495,12.6,473,25.4
"C4234","5","518210","48","0","2023","1","N",12,0,0,0,0,0,0,0,"N",0.22,0,0,0,0,0,0,0,"N",2,20.0,0,0,0,0,0,0,0,0,0,0,0,0,0,0
"C4254","5","518210","48","0","2023","1","N",20,0,0,0,0,0,0,0,"N",0.33,0,0,0,0,0,0,0,"N",1,5.3,0,0,0,0,0,0,0,0,0,0,0,0,0,0
"C4266","5","518210","48","0","2023","1","",709,22024,21987,21887,1266093596,991742559,7290332,4434,"",1.27,3.26,3.28,3.28,3.00,4.28,2.95,0.92,"",4,0.6,90,0.4,-11,-0.1,-414,-1.9,31277552,2.5,105338883,11.9,1261851,20.9,132,3.1
"C4268","5","518210","48","0","2023","1","",20,132,133,131,3393746,921956,4634,1978,"",0.79,0.71,0.71,0.71,0.55,0.53,0.39,0.78,"",1,5.3,31,30.7,33,33.0,31,31.0,1281631,60.7,247323,36.7,-3837,-45.3,359,22.2
"C4270","5","518210","48","0","2023","1","N",2,0,0,0,0,0,0,0,"N",0.18,0,0,0,0,0,0,0,"N",1,100.0,0,0,0,0,0,0,0,0,0,0,0,0,0,0
"C4310","5","518210","48","0","2023","1","N",2,0,0,0,0,0,0,0,"N",0.16,0,0,0,0,0,0,0,"N",-2,-50.0,0,0,0,0,0,0,0,0,0,0,0,0,0,0
"C4330","5","518210","48","0","2023","1","",3,9,9,10,171054,87326,423,1410,"",0.21,0.05,0.05,0.06,0.03,0.05,0.02,0.56,"N",0,0.0,0,0,0,0,0,0,0,0,0,0,0,0,0,0
"C4334","5","518210","48","0","2023","1","N",47,0,0,0,0,0,0,0,"N",0.82,0,0,0,0,0,0,0,"N",4,9.3,0,0,0,0,0,0,0,0,0,0,0,0,0,0
"C4342","5","518210","48","0","2023","1","",8,45,46,47,1042618,366138,4049,1744,"",0.72,0.40,0.41,0.42,0.28,0.39,0.54,0.69,"",0,0.0,9,25.0,7,17.9,7,17.5,367764,54.5,83571,29.6,-1573,-28.0,390,28.8
"C4358","5","518210","48","0","2023","1","N",10,0,0,0,0,0,0,0,"N",0.40,0,0,0,0,0,0,0,"N",2,25.0,0,0,0,0,0,0,0,0,0,0,0,0,0,0
"C4362","5","518210","48","0","2023","1","N",130,0,0,0,0,0,0,0,"N",2.35,0,0,0,0,0,0,0,"N",35,36.8,0,0,0,0,0,0,0,0,0,0,0,0,0,0
"C4378","5","518210","48","0","2023","1","",46,336,335,336,6568829,3010070,24001,1505,"",1.43,0.80,0.80,0.81,0.47,0.71,0.41,0.58,"",29,170.6,32,10.5,30,9.8,24,7.7,632161,10.6,172956,6.1,376,1.6,17,1.1
"C4390","5","518210","48","0","2023","1","N",11,0,0,0,0,0,0,0,"N",0.31,0,0,0,0,0,0,0,"N",-4,-26.7,0,0,0,0,0,0,0,0,0,0,0,0,0,0
"C4406","5","518210","48","0","2023","1","",58,389,401,400,9410731,9069136,110372,1825,"",0.78,0.48,0.49,0.49,0.32,0.60,0.63,0.65,"N",4,7.4,0,0,0,0,0,0,0,0,0,0,0,0,0,0
"C4410","5","518210","48","0","2023","1","",10,181,184,188,3508013,2134231,56476,1464,"",0.45,0.43,0.44,0.45,0.22,0.61,0.62,0.50,"",1,11.1,71,64.5,72,64.3,79,72.5,1969369,128.0,1074553,101.4,44040,354.1,391,36.4
"C4414","5","518210","48","0","2023","1","",23,93,91,89,2958368,1180026,19558,2501,"",0.21,0.11,0.11,0.10,0.10,0.10,0.12,0.90,"",4,21.1,30,47.6,34,59.6,29,48.3,1935450,189.2,488077,70.5,-8223,-29.6,1190,90.8
"C4418","5","518210","48","0","2023","1","",22,451,453,441,7250272,4337791,42837,1244,"",0.34,0.64,0.65,0.63,0.34,0.57,0.63,0.53,"",1,4.8,-93,-17.1,-81,-15.2,-78,-15.0,965106,15.4,-28958,-0.7,-9128,-17.6,336,37.0
"C4422","5","518210","48","0","2023","1","",12,22,22,22,553040,204758,6654,1934,"",1.05,0.14,0.14,0.15,0.12,0.12,0.14,0.84,"",3,33.3,9,69.2,9,69.2,7,46.7,230744,71.6,84953,70.9,3478,109.5,120,6.6
"C4430","5","518210","48","0","2023","1","N",9,0,0,0,0,0,0,0,"N",0.57,0,0,0,0,0,0,0,"N",2,28.6,0,0,0,0,0,0,0,0,0,0,0,0,0,0
"C4442","5","518210","48","0","2023","1","N",4,0,0,0,0,0,0,0,"N",0.22,0,0,0,0,0,0,0,"N",3,300.0,0,0,0,0,0,0,0,0,0,0,0,0,0,0
"C4470","5","518210","48","0","2023","1","",5,19,19,18,1339877,136687,4843,5521,"",0.06,0.02,0.02,0.02,0.04,0.02,0.02,2.09,"N",-1,-16.7,0,0,0,0,0,0,0,0,0,0,0,0,0,0
"C4494","5","518210","48","0","2023","1","N",4,0,0,0,0,0,0,0,"N",0.41,0,0,0,0,0,0,0,"N",1,33.3,0,0,0,0,0,0,0,0,0,0,0,0,0,0
"C4506","5","518210","48","0","2023","1","",32,331,333,334,5110082,3200214,99289,1182,"",0.43,0.35,0.35,0.35,0.14,0.30,0.34,0.40,"N",4,14.3,0,0,0,0,0,0,0,0,0,0,0,0,0,0
"C4522","5","518210","48","0","2023","1","N",55,0,0,0,0,0,0,0,"N",1.04,0,0,0,0,0,0,0,"N",4,7.8,0,0,0,0,0,0,0,0,0,0,0,0,0,0
"C4530","5","518210","48","0","2023","1","N",413,0,0,0,0,0,0,0,"N",0.83,0,0,0,0,0,0,0,"N",50,13.8,0,0,0,0,0,0,0,0,0,0,0,0,0,0
"C4546","5","518210","48","0","2023","1","N",3,0,0,0,0,0,0,0,"N",0.19,0,0,0,0,0,0,0,"N",0,0.0,0,0,0,0,0,0,0,0,0,0,0,0,0,0
"C4550","5","518210","48","0","2023","1","N",7,0,0,0,0,0,0,0,"N",0.44,0,0,0,0,0,0,0,"N",1,16.7,0,0,0,0,0,0,0,0,0,0,0,0,0,0
"C4554","5","518210","48","0","2023","1","",4,4,4,4,92152,28000,210,1772,"",0.36,0.03,0.03,0.03,0.02,0.02,0.03,0.73,"N",0,0.0,0,0,0,0,0,0,0,0,0,0,0,0,0,0
"C4578","5","518210","48","0","2023","1","N",46,0,0,0,0,0,0,0,"N",0.68,0,0,0,0,0,0,0,"N",4,9.5,0,0,0,0,0,0,0,0,0,0,0,0,0,0
"C4582","5","518210","48","0","2023","1","N",27,0,0,0,0,0,0,0,"N",0.95,0,0,0,0,0,0,0,"N",12,80.0,0,0,0,0,0,0,0,0,0,0,0,0,0,0
"C4594","5","518210","48","0","2023","1","",29,370,366,411,16439410,10176873,223873,3308,"",0.59,0.44,0.43,0.49,0.32,0.60,0.82,0.71,"",-2,-6.5,0,0.0,0,0.0,53,14.8,1096199,7.1,611109,6.4,44035,24.5,71,2.2
"C4606","5","518210","48","0","2023","1","",36,294,286,285,8740903,2356164,88628,2332,"",0.36,0.23,0.23,0.23,0.20,0.19,0.91,0.87,"",-2,-5.3,79,36.7,72,33.6,69,31.9,806328,10.2,875071,59.1,63206,248.6,-507,-17.9
"C4614","5","518210","48","0","2023","1","",130,308,308,322,10587025,6515945,60923,2605,"",0.91,0.21,0.21,0.22,0.21,0.23,0.24,0.95,"",38,41.3,6,2.0,7,2.3,15,4.9,1856206,21.3,749628,13.0,-4399,-6.7,391,17.7
"C4622","5","518210","48","0","2023","1","",15,261,262,257,6400641,1961371,13793,1894,"",0.59,0.78,0.78,0.77,0.57,0.64,0.88,0.73,"",3,25.0,210,411.8,212,424.0,205,394.2,5693913,805.7,1632183,495.8,9321,208.4,828,77.7
"C4634","5","518210","48","0","2023","1","",13,22,24,24,743585,195492,1610,2451,"",0.43,0.06,0.07,0.07,0.06,0.05,0.03,0.99,"",1,8.3,-8,-26.7,-7,-22.6,-6,-20.0,-727425,-49.5,-46019,-19.1,-975,-37.7,-1279,-34.3
"C4652","5","518210","48","0","2023","1","",252,469,467,462,16652644,14260727,430666,2749,"",1.93,0.32,0.32,0.32,0.30,0.53,0.66,0.93,"",19,8.2,37,8.6,22,4.9,30,6.9,2671787,19.1,2098626,17.3,164216,61.6,284,11.5
"C4654","5","518210","48","0","2023","1","N",8,0,0,0,0,0,0,0,"N",0.28,0,0,0,0,0,0,0,"N",-1,-11.1,0,0,0,0,0,0,0,0,0,0,0,0,0,0
"C4666","5","518210","48","0","2023","1","N",3,0,0,0,0,0,0,0,"N",0.18,0,0,0,0,0,0,0,"N",2,200.0,0,0,0,0,0,0,0,0,0,0,0,0,0,0
"C4670","5","518210","48","0","2023","1","",13,91,92,89,1891648,515558,17555,1605,"",0.23,0.21,0.21,0.20,0.10,0.14,0.16,0.51,"",2,18.2,-1,-1.1,1,1.1,-4,-4.3,44305,2.4,-48659,-8.6,-500,-2.8,60,3.9
"C4702","5","518210","48","0","2023","1","N",1,0,0,0,0,0,0,0,"N",0.09,0,0,0,0,0,0,0,"N",0,0.0,0,0,0,0,0,0,0,0,0,0,0,0,0,0
"C4722","5","518210","48","0","2023","1","N",4,0,0,0,0,0,0,0,"N",0.26,0,0,0,0,0,0,0,"N",2,100.0,0,0,0,0,0,0,0,0,0,0,0,0,0,0
"C4726","5","518210","48","0","2023","1","",95,1337,1369,1360,23468915,9138422,97972,1332,"",0.43,0.56,0.57,0.57,0.27,0.43,0.74,0.48,"",8,9.2,-31,-2.3,-10,-0.7,-10,-0.7,2181620,10.2,538530,6.3,-127427,-56.5,139,11.7
"C4730","5","518210","48","0","2023","1","",4,8,8,8,86731,50214,1672,834,"",0.07,0.01,0.01,0.01,0.01,0.01,0.01,0.37,"N",1,33.3,0,0,0,0,0,0,0,0,0,0,0,0,0,0
"C4738","5","518210","48","0","2023","1","N",15,0,0,0,0,0,0,0,"N",0.55,0,0,0,0,0,0,0,"N",3,25.0,0,0,0,0,0,0,0,0,0,0,0,0,0,0
"C4746","5","518210","48","0","2023","1","",6,22,23,24,386374,386374,4834,1292,"",0.68,0.23,0.24,0.25,0.13,0.28,0.31,0.53,"",0,0.0,-2,-8.3,-3,-11.5,-3,-11.1,-51720,-11.8,-51720,-11.8,-3870,-44.5,-21,-1.6
"C4758","5","518210","48","0","2023","1","N",3,0,0,0,0,0,0,0,"N",0.16,0,0,0,0,0,0,0,"N",1,50.0,0,0,0,0,0,0,0,0,0,0,0,0,0,0
"C4790","5","518210","48","0","2023","1","",1480,17244,17214,17147,804944270,165062120,1321413,3600,"",1.49,1.68,1.69,1.69,1.37,1.62,0.96,0.81,"",356,31.7,1426,9.0,1210,7.6,1112,6.9,127789347,18.9,15332528,10.2,-590616,-30.9,335,10.3
"C4794","5","518210","48","0","2023","1","N",15,0,0,0,0,0,0,0,"N",0.69,0,0,0,0,0,0,0,"N",3,25.0,0,0,0,0,0,0,0,0,0,0,0,0,0,0
"C4806","5","518210","48","0","2023","1","N",2,0,0,0,0,0,0,0,"N",0.16,0,0,0,0,0,0,0,"N",0,0.0,0,0,0,0,0,0,0,0,0,0,0,0,0,0
"C4814","5","518210","48","0","2023","1","",5,28,24,24,535785,306866,10027,1627,"",0.31,0.12,0.11,0.11,0.07,0.09,0.25,0.65,"",-1,-16.7,-1,-3.4,-4,-14.3,-3,-11.1,-167354,-23.8,-33405,-9.8,1587,18.8,-305,-15.8
"C4826","5","518210","48","0","2023","1","",5,6,7,7,145978,63000,2835,1684,"",0.42,0.05,0.06,0.06,0.04,0.06,0.11,0.75,"N",3,150.0,0,0,0,0,0,0,0,0,0,0,0,0,0,0
"C4830","5","518210","48","0","2023","1","N",8,0,0,0,0,0,0,0,"N",0.42,0,0,0,0,0,0,0,"N",1,14.3,0,0,0,0,0,0,0,0,0,0,0,0,0,0
"C4854","5","518210","48","0","2023","1","",5,5,8,8,138725,66048,1843,1524,"",0.29,0.03,0.04,0.04,0.02,0.04,0.04,0.64,"N",3,150.0,0,0,0,0,0,0,0,0,0,0,0,0,0,0
"C4862","5","518210","48","0","2023","1","",96,201,201,201,4555010,2269225,37538,1743,"",1.28,0.20,0.20,0.21,0.14,0.14,0.18,0.66,"",20,26.3,46,29.7,33,19.6,32,18.9,734354,19.2,601647,36.1,5145,15.9,-49,-2.7
"C4866","5","518210","48","0","2023","1","N",4,0,0,0,0,0,0,0,"N",0.24,0,0,0,0,0,0,0,"N",-1,-20.0,0,0,0,0,0,0,0,0,0,0,0,0,0,0
"C4870","5","518210","48","0","2023","1","N",3,0,0,0,0,0,0,0,"N",0.22,0,0,0,0,0,0,0,"N",1,50.0,0,0,0,0,0,0,0,0,0,0,0,0,0,0
"C4890","5","518210","48","0","2023","1","",38,105,106,106,3586125,2426962,25874,2611,"",0.69,0.23,0.23,0.23,0.23,0.28,0.47,0.98,"N",6,18.8,0,0,0,0,0,0,0,0,0,0,0,0,0,0
"C4902","5","518210","48","0","2023","1","",7,102,106,124,1336017,670327,3031,929,"",0.36,0.47,0.49,0.58,0.18,0.33,0.27,0.36,"",4,133.3,-26,-20.3,-19,-15.2,4,3.3,271298,25.5,-48041,-6.7,-1306,-30.1,270,41.0
"C4918","5","518210","48","0","2023","1","",41,249,250,250,6520634,5086710,63679,2009,"",0.55,0.28,0.28,0.29,0.20,0.36,0.84,0.71,"",1,2.5,-93,-27.2,-100,-28.6,-107,-30.0,-5175449,-44.2,-2377002,-31.8,-27065,-29.8,-564,-21.9
"C4934","5","518210","48","0","2023","1","",70,413,413,419,21434488,6926113,84279,3973,"",0.49,0.33,0.33,0.34,0.42,0.36,0.31,1.27,"",10,16.7,24,6.2,25,6.4,29,7.4,1981771,10.2,329143,5.0,-50499,-37.5,126,3.3
"C4942","5","518210","48","0","2023","1","N",3,0,0,0,0,0,0,0,"N",0.11,0,0,0,0,0,0,0,"N",-1,-25.0,0,0,0,0,0,0,0,0,0,0,0,0,0,0
"C4962","5","518210","48","0","2023","1","",10,36,36,35,682179,280118,11403,1471,"",0.24,0.06,0.06,0.06,0.03,0.04,0.05,0.54,"",0,0.0,26,260.0,26,260.0,26,288.9,429172,169.6,196664,235.7,9649,550.1,-542,-26.9
"C4966","5","518210","48","0","2023","1","",30,253,256,252,5306059,2286118,65760,1609,"",0.51,0.39,0.40,0.39,0.28,0.34,0.34,0.71,"N",10,50.0,0,0,0,0,0,0,0,0,0,0,0,0,0,0
"C4970","5","518210","48","0","2023","1","N",1,0,0,0,0,0,0,0,"N",0.04,0,0,0,0,0,0,0,"N",-1,-50.0,0,0,0,0,0,0,0,0,0,0,0,0,0,0
"C4974","5","518210","48","0","2023","1","N",2,0,0,0,0,0,0,0,"N",0.12,0,0,0,0,0,0,0,"N",0,0.0,0,0,0,0,0,0,0,0,0,0,0,0,0,0
"US000","1","518210","18","0","2023","1","",1,1213,1208,1199,18807175,0,0,1199,"",1.00,1.00,1.00,1.00,1.00,0.00,0.00,1.00,"",0,0.0,-32,-2.6,-27,-2.2,-36,-2.9,981943,5.5,0,0.0,0,0.0,92,8.3
"US000","2","518210","18","0","2023","1","",19,909,913,934,19604474,0,0,1642,"",1.00,1.00,1.00,1.00,1.00,0.00,0.00,1.00,"",0,0.0,13,1.5,15,1.7,21,2.3,1237260,6.7,-8500,-100.0,-196,-100.0,76,4.9
"US000","3","518210","18","0","2023","1","",97,2690,2693,2689,57511834,846644,1181,1644,"",1.00,1.00,1.00,1.00,1.00,1.00,1.00,1.00,"",-4,-4.0,-27,-1.0,-70,-2.5,-64,-2.3,5338718,10.2,194886,29.9,-2210,-65.2,182,12.4
"US000","5","518210","18","0","2023","1","",51297,493198,492087,489844,21870604645,6613716689,107675112,3421,"",1.00,1.00,1.00,1.00,1.00,1.00,1.00,1.00,"",7908,18.2,53621,12.2,47892,10.8,42258,9.4,2883858693,15.2,796139460,13.7,-7861275,-6.8,130,4.0
