"area_fips","own_code","industry_code","agglvl_code","size_code","year","qtr","disclosure_code","qtrly_estabs","month1_emplvl","month2_emplvl","month3_emplvl","total_qtrly_wages","taxable_qtrly_wages","qtrly_contributions","avg_wkly_wage","lq_disclosure_code","lq_qtrly_estabs","lq_month1_emplvl","lq_month2_emplvl","lq_month3_emplvl","lq_total_qtrly_wages","lq_taxable_qtrly_wages","lq_qtrly_contributions","lq_avg_wkly_wage","oty_disclosure_code","oty_qtrly_estabs_chg","oty_qtrly_estabs_pct_chg","oty_month1_emplvl_chg","oty_month1_emplvl_pct_chg","oty_month2_emplvl_chg","oty_month2_emplvl_pct_chg","oty_month3_emplvl_chg","oty_month3_emplvl_pct_chg","oty_total_qtrly_wages_chg","oty_total_qtrly_wages_pct_chg","oty_taxable_qtrly_wages_chg","oty_taxable_qtrly_wages_pct_chg","oty_qtrly_contributions_chg","oty_qtrly_contributions_pct_chg","oty_avg_wkly_wage_chg","oty_avg_wkly_wage_pct_chg"
"01000","2","518210","58","0","2021","4","N",1,0,0,0,0,0,0,0,"N",3.91,0,0,0,0,0,0,0,"N",0,0.0,0,0,0,0,0,0,0,0,0,0,0,0,0,0
"01000","5","518210","58","0","2021","4","",918,2459,2403,2361,60156847,3017573,67453,1922,"",1.79,0.45,0.44,0.43,0.32,0.54,0.66,0.72,"",274,42.5,280,12.8,205,9.3,171,7.8,13675349,29.4,1176462,63.9,36735,119.6,289,17.7
"01001","5","518210","78","0","2021","4","N",2,0,0,0,0,0,0,0,"N",0.56,0,0,0,0,0,0,0,"N",0,0.0,0,0,0,0,0,0,0,0,0,0,0,0,0,0
"01003","5","518210","78","0","2021","4","",26,89,86,89,1773660,144283,3310,1550,"",0.98,0.42,0.40,0.42,0.29,0.63,0.85,0.71,"",7,36.8,17,23.6,14,19.4,18,25.4,663397,59.8,101181,234.7,2145,184.1,358,30.0
"01015","5","518210","78","0","2021","4","",3,6,6,6,94555,12848,938,1212,"",0.32,0.05,0.05,0.05,0.03,0.12,0.53,0.56,"",-1,-25.0,4,200.0,4,200.0,2,50.0,45858,94.2,10151,376.4,786,517.1,-193,-13.7
"01017","5","518210","78","0","2021","4","N",1,0,0,0,0,0,0,0,"N",0.41,0,0,0,0,0,0,0,"N",0,0.0,0,0,0,0,0,0,0,0,0,0,0,0,0,0
"01019","5","518210","78","0","2021","4","N",1,0,0,0,0,0,0,0,"N",0.63,0,0,0,0,0,0,0,"N",-1,-50.0,0,0,0,0,0,0,0,0,0,0,0,0,0,0
"01021","5","518210","78","0","2021","4","N",1,0,0,0,0,0,0,0,"N",0.33,0,0,0,0,0,0,0,"N",1,100.0,0,0,0,0,0,0,0,0,0,0,0,0,0,0
"01029","5","518210","78","0","2021","4","N",1,0,0,0,0,0,0,0,"N",1.06,0,0,0,0,0,0,0,"N",0,0.0,0,0,0,0,0,0,0,0,0,0,0,0,0,0
"01031","5","518210","78","0","2021","4","",6,5,5,5,58151,5964,127,895,"",1.42,0.11,0.11,0.11,0.05,0.12,0.14,0.45,"",1,20.0,-1,-16.7,-1,-16.7,-1,-16.7,-70001,-54.6,-9161,-60.6,-282,-68.9,-748,-45.5
"01033","5","518210","78","0","2021","4","N",2,0,0,0,0,0,0,0,"N",0.39,0,0,0,0,0,0,0,"N",1,100.0,0,0,0,0,0,0,0,0,0,0,0,0,0,0
"01037","5","518210","78","0","2021","4","N",2,0,0,0,0,0,0,0,"N",3.66,0,0,0,0,0,0,0,"N",1,100.0,0,0,0,0,0,0,0,0,0,0,0,0,0,0
"01043","5","518210","78","0","2021","4","",3,3,3,3,63982,0,0,1641,"",0.41,0.04,0.04,0.04,0.03,0.00,0.00,0.75,"N",1,50.0,0,0,0,0,0,0,0,0,0,0,0,0,0,0
"01051","5","518210","78","0","2021","4","N",5,0,0,0,0,0,0,0,"N",0.88,0,0,0,0,0,0,0,"N",2,66.7,0,0,0,0,0,0,0,0,0,0,0,0,0,0
"01053","5","518210","78","0","2021","4","N",1,0,0,0,0,0,0,0,"N",0.31,0,0,0,0,0,0,0,"N",1,100.0,0,0,0,0,0,0,0,0,0,0,0,0,0,0
"01055","5","518210","78","0","2021","4","N",1,0,0,0,0,0,0,0,"N",0.13,0,0,0,0,0,0,0,"N",0,0.0,0,0,0,0,0,0,0,0,0,0,0,0,0,0
"01065","5","518210","78","0","2021","4","N",1,0,0,0,0,0,0,0,"N",0.92,0,0,0,0,0,0,0,"N",1,100.0,0,0,0,0,0,0,0,0,0,0,0,0,0,0
"01069","5","518210","78","0","2021","4","N",4,0,0,0,0,0,0,0,"N",0.34,0,0,0,0,0,0,0,"N",1,33.3,0,0,0,0,0,0,0,0,0,0,0,0,0,0
"01071","5","518210","78","0","2021","4","N",2,0,0,0,0,0,0,0,"N",0.52,0,0,0,0,0,0,0,"N",1,100.0,0,0,0,0,0,0,0,0,0,0,0,0,0,0
"01073","5","518210","78","0","2021","4","",91,334,325,340,8455765,240750,4656,1953,"",1.22,0.35,0.34,0.35,0.22,0.24,0.28,0.63,"",13,16.7,-18,-5.1,-20,-5.8,-2,-0.6,370317,4.6,-72749,-23.2,-1108,-19.2,157,8.7
"01077","5","518210","78","0","2021","4","",3,11,11,13,135686,32694,883,895,"",0.38,0.14,0.14,0.16,0.07,0.40,0.60,0.45,"N",1,50.0,0,0,0,0,0,0,0,0,0,0,0,0,0,0
"01081","5","518210","78","0","2021","4","",22,122,122,122,2433842,42032,901,1535,"",1.64,0.74,0.73,0.73,0.51,0.24,0.29,0.69,"",6,37.5,0,0.0,-1,-0.8,6,5.2,353786,17.0,13999,49.9,193,27.3,205,15.4
"01083","5","518210","78","0","2021","4","N",8,0,0,0,0,0,0,0,"N",1.34,0,0,0,0,0,0,0,"N",4,100.0,0,0,0,0,0,0,0,0,0,0,0,0,0,0
"01089","5","518210","78","0","2021","4","",52,190,193,194,7656506,215052,4065,3062,"",1.27,0.33,0.33,0.33,0.30,0.42,0.46,0.92,"",14,36.8,-16,-7.8,-15,-7.2,-18,-8.5,1246362,19.4,55546,34.8,548,15.6,699,29.6
"01093","5","518210","78","0","2021","4","N",1,0,0,0,0,0,0,0,"N",0.43,0,0,0,0,0,0,0,"N",1,100.0,0,0,0,0,0,0,0,0,0,0,0,0,0,0
"01095","5","518210","78","0","2021","4","",7,15,17,16,331176,10361,243,1592,"",0.87,0.14,0.16,0.15,0.12,0.10,0.15,0.76,"",1,16.7,6,66.7,7,70.0,6,60.0,169620,105.0,-5639,-35.2,-189,-43.8,306,23.8
"01097","5","518210","78","0","2021","4","",32,109,94,95,1898928,349380,8550,1471,"",0.80,0.23,0.20,0.20,0.11,0.69,0.78,0.53,"",8,33.3,27,32.9,9,10.6,9,10.5,708144,59.5,259030,286.7,6865,407.4,385,35.5
"01101","2","518210","78","0","2021","4","N",1,0,0,0,0,0,0,0,"N",82.89,0,0,0,0,0,0,0,"N",0,0.0,0,0,0,0,0,0,0,0,0,0,0,0,0,0
"01101","5","518210","78","0","2021","4","",25,289,296,306,4848270,91206,1629,1256,"",1.03,0.82,0.84,0.85,0.40,0.29,0.28,0.48,"",10,66.7,-39,-11.9,-27,-8.4,-16,-5.0,395082,8.9,13879,17.9,497,43.9,200,18.9
"01103","5","518210","78","0","2021","4","",11,41,41,41,601792,14822,187,1129,"",1.02,0.30,0.30,0.29,0.13,0.10,0.07,0.43,"",3,37.5,16,64.0,16,64.0,15,57.7,185549,44.6,-12601,-46.0,-173,-48.1,-135,-10.7
"01107","5","518210","78","0","2021","4","N",1,0,0,0,0,0,0,0,"N",0.81,0,0,0,0,0,0,0,"N",0,0.0,0,0,0,0,0,0,0,0,0,0,0,0,0,0
"01109","5","518210","78","0","2021","4","N",1,0,0,0,0,0,0,0,"N",0.37,0,0,0,0,0,0,0,"N",0,0.0,0,0,0,0,0,0,0,0,0,0,0,0,0,0
"01111","5","518210","78","0","2021","4","N",1,0,0,0,0,0,0,0,"N",0.64,0,0,0,0,0,0,0,"N",0,0.0,0,0,0,0,0,0,0,0,0,0,0,0,0,0
"01113","5","518210","78","0","2021","4","",4,4,4,4,68753,8826,232,1322,"",1.05,0.11,0.11,0.11,0.07,0.24,0.35,0.62,"N",3,300.0,0,0,0,0,0,0,0,0,0,0,0,0,0,0
"01115","5","518210","78","0","2021","4","N",3,0,0,0,0,0,0,0,"N",0.48,0,0,0,0,0,0,0,"N",1,50.0,0,0,0,0,0,0,0,0,0,0,0,0,0,0
"01117","5","518210","78","0","2021","4","",30,143,141,141,3244056,72329,1865,1761,"",1.28,0.62,0.60,0.60,0.37,0.30,0.42,0.60,"",8,36.4,0,0.0,-1,-0.7,0,0.0,-178585,-5.2,-18891,-20.7,146,8.5,-93,-5.0
"01121","5","518210","78","0","2021","4","",3,4,4,4,84536,2423,65,1626,"",0.56,0.05,0.05,0.05,0.03,0.03,0.05,0.67,"N",1,50.0,0,0,0,0,0,0,0,0,0,0,0,0,0,0
"01123","5","518210","78","0","2021","4","N",1,0,0,0,0,0,0,0,"N",0.29,0,0,0,0,0,0,0,"N",0,0.0,0,0,0,0,0,0,0,0,0,0,0,0,0,0
"01125","5","518210","78","0","2021","4","N",8,0,0,0,0,0,0,0,"N",0.45,0,0,0,0,0,0,0,"N",1,14.3,0,0,0,0,0,0,0,0,0,0,0,0,0,0
"01127","5","518210","78","0","2021","4","N",1,0,0,0,0,0,0,0,"N",0.19,0,0,0,0,0,0,0,"N",0,0.0,0,0,0,0,0,0,0,0,0,0,0,0,0,0
"01131","5","518210","78","0","2021","4","N",1,0,0,0,0,0,0,0,"N",1.08,0,0,0,0,0,0,0,"N",1,100.0,0,0,0,0,0,0,0,0,0,0,0,0,0,0
"01133","5","518210","78","0","2021","4","N",1,0,0,0,0,0,0,0,"N",0.57,0,0,0,0,0,0,0,"N",0,0.0,0,0,0,0,0,0,0,0,0,0,0,0,0,0
"01999","5","518210","78","0","2021","4","",549,847,882,883,24976108,1516262,35594,2207,"",8.42,4.37,4.36,4.37,2.63,3.82,3.84,0.60,"",182,49.6,273,47.6,284,47.5,287,48.2,9114215,57.5,933268,160.1,24821,230.4,137,6.6
"02000","5","518210","58","0","2021","4","",67,84,87,94,2109705,377945,8575,1837,"",0.78,0.10,0.11,0.11,0.06,0.11,0.11,0.61,"",7,11.7,-5,-5.6,2,2.4,13,16.0,269238,14.6,78131,26.1,4058,89.8,171,10.3
"02020","5","518210","78","0","2021","4","",24,46,48,51,903024,120253,2439,1437,"",0.78,0.12,0.13,0.13,0.06,0.07,0.07,0.45,"",1,4.3,-12,-20.7,-5,-9.4,2,4.1,-71680,-7.4,-18081,-13.1,363,17.5,31,2.2
"02090","5","518210","78","0","2021","4","",7,8,8,10,471570,63833,1518,4186,"",0.82,0.08,0.08,0.10,0.13,0.17,0.19,1.47,"",1,16.7,2,33.3,2,33.3,5,100.0,212172,81.8,41430,184.9,1176,343.9,665,18.9
"02110","5","518210","78","0","2021","4","N",3,0,0,0,0,0,0,0,"N",0.73,0,0,0,0,0,0,0,"N",0,0.0,0,0,0,0,0,0,0,0,0,0,0,0,0,0
"02122","5","518210","78","0","2021","4","N",4,0,0,0,0,0,0,0,"N",0.49,0,0,0,0,0,0,0,"N",1,33.3,0,0,0,0,0,0,0,0,0,0,0,0,0,0
"02170","5","518210","78","0","2021","4","",3,2,2,3,50266,23675,557,1657,"",0.32,0.03,0.03,0.04,0.02,0.06,0.07,0.69,"N",2,200.0,0,0,0,0,0,0,0,0,0,0,0,0,0,0
"02999","5","518210","78","0","2021","4","N",26,0,0,0,0,0,0,0,"N",4.47,0,0,0,0,0,0,0,"N",2,8.3,0,0,0,0,0,0,0,0,0,0,0,0,0,0
"04000","5","518210","58","0","2021","4","",836,11761,11817,11955,335048810,9809871,329217,2176,"",1.21,1.43,1.42,1.42,1.04,1.22,1.59,0.73,"",83,11.0,1577,15.5,1560,15.2,1417,13.4,80857195,31.8,2990926,43.9,223005,210.0,282,14.9
"04001","5","518210","78","0","2021","4","N",1,0,0,0,0,0,0,0,"N",0.45,0,0,0,0,0,0,0,"N",1,100.0,0,0,0,0,0,0,0,0,0,0,0,0,0,0
"04003","5","518210","78","0","2021","4","",9,42,43,43,743255,54940,1941,1340,"",1.04,0.45,0.46,0.46,0.24,0.87,1.34,0.53,"N",0,0.0,0,0,0,0,0,0,0,0,0,0,0,0,0,0
"04005","5","518210","78","0","2021","4","N",6,0,0,0,0,0,0,0,"N",0.44,0,0,0,0,0,0,0,"N",1,20.0,0,0,0,0,0,0,0,0,0,0,0,0,0,0
"04007","5","518210","78","0","2021","4","N",2,0,0,0,0,0,0,0,"N",0.53,0,0,0,0,0,0,0,"N",0,0.0,0,0,0,0,0,0,0,0,0,0,0,0,0,0
"04013","5","518210","78","0","2021","4","",525,10648,10697,10812,298368286,8590982,282417,2141,"",1.18,1.82,1.81,1.82,1.25,1.45,2.01,0.69,"",60,12.9,1262,13.4,1265,13.4,1097,11.3,68885313,30.0,2337870,37.4,186916,195.7,285,15.4
"04015","5","518210","78","0","2021","4","N",4,0,0,0,0,0,0,0,"N",0.25,0,0,0,0,0,0,0,"N",-1,-20.0,0,0,0,0,0,0,0,0,0,0,0,0,0,0
"04019","5","518210","78","0","2021","4","",39,198,196,200,6115541,66814,1631,2376,"",0.52,0.19,0.19,0.19,0.17,0.08,0.09,0.89,"",3,8.3,8,4.2,8,4.3,12,6.4,595576,10.8,1233,1.9,300,22.5,125,5.6
"04021","5","518210","78","0","2021","4","N",4,0,0,0,0,0,0,0,"N",0.29,0,0,0,0,0,0,0,"N",2,100.0,0,0,0,0,0,0,0,0,0,0,0,0,0,0
"04023","5","518210","78","0","2021","4","N",2,0,0,0,0,0,0,0,"N",0.47,0,0,0,0,0,0,0,"N",1,100.0,0,0,0,0,0,0,0,0,0,0,0,0,0,0
"04025","5","518210","78","0","2021","4","",5,11,10,10,224376,13616,431,1670,"",0.21,0.06,0.05,0.05,0.04,0.08,0.13,0.74,"N",2,66.7,0,0,0,0,0,0,0,0,0,0,0,0,0,0
"04027","5","518210","78","0","2021","4","N",2,0,0,0,0,0,0,0,"N",0.16,0,0,0,0,0,0,0,"N",0,0.0,0,0,0,0,0,0,0,0,0,0,0,0,0,0
"04999","5","518210","78","0","2021","4","",237,801,811,830,27958015,1041445,42142,2642,"",3.95,5.74,5.63,5.65,3.25,5.00,6.87,0.57,"",14,6.3,277,52.9,262,47.7,287,52.9,10717859,62.2,610346,141.6,33643,395.8,180,7.3
"05000","2","518210","58","0","2021","4","N",1,0,0,0,0,0,0,0,"N",5.75,0,0,0,0,0,0,0,"N",0,0.0,0,0,0,0,0,0,0,0,0,0,0,0,0,0
"05000","5","518210","58","0","2021","4","",1069,4046,4152,4193,102769773,4612525,112796,1914,"",3.05,1.21,1.23,1.23,0.95,1.14,1.88,0.78,"",400,59.8,565,16.2,668,19.2,721,20.8,6634253,6.9,2308133,100.2,66834,145.4,-212,-10.0
"05003","5","518210","78","0","2021","4","N",1,0,0,0,0,0,0,0,"N",0.52,0,0,0,0,0,0,0,"N",1,100.0,0,0,0,0,0,0,0,0,0,0,0,0,0,0
"05005","5","518210","78","0","2021","4","N",1,0,0,0,0,0,0,0,"N",0.22,0,0,0,0,0,0,0,"N",0,0.0,0,0,0,0,0,0,0,0,0,0,0,0,0,0
"05007","5","518210","78","0","2021","4","",56,289,298,287,6518410,288927,11250,1721,"",2.07,0.82,0.84,0.80,0.49,0.60,2.17,0.60,"",18,47.4,-2,-0.7,21,7.6,20,7.5,-12941681,-66.5,-351360,-54.9,4293,61.7,-3657,-68.0
"05009","5","518210","78","0","2021","4","N",1,0,0,0,0,0,0,0,"N",0.29,0,0,0,0,0,0,0,"N",0,0.0,0,0,0,0,0,0,0,0,0,0,0,0,0,0
"05015","5","518210","78","0","2021","4","N",1,0,0,0,0,0,0,0,"N",0.33,0,0,0,0,0,0,0,"N",1,100.0,0,0,0,0,0,0,0,0,0,0,0,0,0,0
"05023","5","518210","78","0","2021","4","N",2,0,0,0,0,0,0,0,"N",0.86,0,0,0,0,0,0,0,"N",-1,-33.3,0,0,0,0,0,0,0,0,0,0,0,0,0,0
"05031","5","518210","78","0","2021","4","N",4,0,0,0,0,0,0,0,"N",0.38,0,0,0,0,0,0,0,"N",3,300.0,0,0,0,0,0,0,0,0,0,0,0,0,0,0
"05033","5","518210","78","0","2021","4","N",2,0,0,0,0,0,0,0,"N",0.44,0,0,0,0,0,0,0,"N",-1,-33.3,0,0,0,0,0,0,0,0,0,0,0,0,0,0
"05035","5","518210","78","0","2021","4","N",1,0,0,0,0,0,0,0,"N",0.24,0,0,0,0,0,0,0,"N",-1,-50.0,0,0,0,0,0,0,0,0,0,0,0,0,0,0
"05041","5","518210","78","0","2021","4","-",0,0,0,0,0,0,0,0,"N",0.00,0,0,0,0,0,0,0,"N",-1,-100.0,0,0,0,0,0,0,0,0,0,0,0,0,0,0
"05045","5","518210","78","0","2021","4","N",7,0,0,0,0,0,0,0,"N",0.63,0,0,0,0,0,0,0,"N",1,16.7,0,0,0,0,0,0,0,0,0,0,0,0,0,0
"05051","5","518210","78","0","2021","4","N",6,0,0,0,0,0,0,0,"N",0.52,0,0,0,0,0,0,0,"N",2,50.0,0,0,0,0,0,0,0,0,0,0,0,0,0,0
"05055","5","518210","78","0","2021","4","N",2,0,0,0,0,0,0,0,"N",0.62,0,0,0,0,0,0,0,"N",0,0.0,0,0,0,0,0,0,0,0,0,0,0,0,0,0
"05057","5","518210","78","0","2021","4","N",1,0,0,0,0,0,0,0,"N",0.53,0,0,0,0,0,0,0,"N",0,0.0,0,0,0,0,0,0,0,0,0,0,0,0,0,0
"05065","5","518210","78","0","2021","4","N",1,0,0,0,0,0,0,0,"N",1.11,0,0,0,0,0,0,0,"N",0,0.0,0,0,0,0,0,0,0,0,0,0,0,0,0,0
"05069","5","518210","78","0","2021","4","N",1,0,0,0,0,0,0,0,"N",0.14,0,0,0,0,0,0,0,"N",0,0.0,0,0,0,0,0,0,0,0,0,0,0,0,0,0
"05073","5","518210","78","0","2021","4","N",1,0,0,0,0,0,0,0,"N",1.74,0,0,0,0,0,0,0,"N",0,0.0,0,0,0,0,0,0,0,0,0,0,0,0,0,0
"05085","5","518210","78","0","2021","4","",5,4,5,6,86036,4546,141,1324,"",1.03,0.10,0.13,0.15,0.09,0.10,0.21,0.71,"",1,25.0,-3,-42.9,-2,-28.6,1,20.0,-47827,-35.7,-1149,-20.2,-36,-20.3,-302,-18.6
"05087","5","518210","78","0","2021","4","N",1,0,0,0,0,0,0,0,"N",0.99,0,0,0,0,0,0,0,"N",0,0.0,0,0,0,0,0,0,0,0,0,0,0,0,0,0
"05091","5","518210","78","0","2021","4","N",1,0,0,0,0,0,0,0,"N",0.31,0,0,0,0,0,0,0,"N",1,100.0,0,0,0,0,0,0,0,0,0,0,0,0,0,0
"05093","5","518210","78","0","2021","4","N",2,0,0,0,0,0,0,0,"N",0.53,0,0,0,0,0,0,0,"N",1,100.0,0,0,0,0,0,0,0,0,0,0,0,0,0,0
"05095","5","518210","78","0","2021","4","N",1,0,0,0,0,0,0,0,"N",1.10,0,0,0,0,0,0,0,"N",0,0.0,0,0,0,0,0,0,0,0,0,0,0,0,0,0
"05097","5","518210","78","0","2021","4","N",1,0,0,0,0,0,0,0,"N",1.67,0,0,0,0,0,0,0,"N",0,0.0,0,0,0,0,0,0,0,0,0,0,0,0,0,0
"05103","5","518210","78","0","2021","4","N",1,0,0,0,0,0,0,0,"N",0.44,0,0,0,0,0,0,0,"N",0,0.0,0,0,0,0,0,0,0,0,0,0,0,0,0,0
"05115","5","518210","78","0","2021","4","N",3,0,0,0,0,0,0,0,"N",0.46,0,0,0,0,0,0,0,"N",0,0.0,0,0,0,0,0,0,0,0,0,0,0,0,0,0
"05119","2","518210","78","0","2021","4","N",1,0,0,0,0,0,0,0,"N",38.60,0,0,0,0,0,0,0,"N",0,0.0,0,0,0,0,0,0,0,0,0,0,0,0,0,0
"05119","5","518210","78","0","2021","4","",58,348,354,359,7630580,287291,5964,1660,"",1.11,0.51,0.52,0.52,0.31,0.36,0.47,0.60,"",6,11.5,20,6.1,23,6.9,23,6.8,525080,7.4,54278,23.3,1066,21.8,12,0.7
"05125","5","518210","78","0","2021","4","N",7,0,0,0,0,0,0,0,"N",0.87,0,0,0,0,0,0,0,"N",2,40.0,0,0,0,0,0,0,0,0,0,0,0,0,0,0
"05129","5","518210","78","0","2021","4","N",1,0,0,0,0,0,0,0,"N",1.58,0,0,0,0,0,0,0,"N",1,100.0,0,0,0,0,0,0,0,0,0,0,0,0,0,0
"05131","5","518210","78","0","2021","4","N",7,0,0,0,0,0,0,0,"N",0.52,0,0,0,0,0,0,0,"N",2,40.0,0,0,0,0,0,0,0,0,0,0,0,0,0,0
"05135","5","518210","78","0","2021","4","N",1,0,0,0,0,0,0,0,"N",0.71,0,0,0,0,0,0,0,"N",0,0.0,0,0,0,0,0,0,0,0,0,0,0,0,0,0
"05137","5","518210","78","0","2021","4","-",0,0,0,0,0,0,0,0,"N",0.00,0,0,0,0,0,0,0,"N",-1,-100.0,0,0,0,0,0,0,0,0,0,0,0,0,0,0
"05139","5","518210","78","0","2021","4","N",1,0,0,0,0,0,0,0,"N",0.23,0,0,0,0,0,0,0,"N",0,0.0,0,0,0,0,0,0,0,0,0,0,0,0,0,0
"05143","5","518210","78","0","2021","4","",29,193,180,180,4117582,327235,9926,1718,"",1.22,0.62,0.57,0.57,0.36,0.87,2.16,0.60,"",4,16.0,53,37.9,40,28.6,39,27.7,789997,23.7,227570,228.3,7864,381.4,-106,-5.8
"05145","5","518210","78","0","2021","4","N",2,0,0,0,0,0,0,0,"N",0.31,0,0,0,0,0,0,0,"N",0,0.0,0,0,0,0,0,0,0,0,0,0,0,0,0,0
"05999","5","518210","78","0","2021","4","",860,1042,1138,1186,31610310,2427006,72003,2167,"",15.08,8.61,9.17,9.46,5.32,8.59,9.70,0.59,"",361,72.3,449,75.7,517,83.3,555,88.0,14512515,84.9,1519127,167.3,44597,162.7,28,1.3
"06000","3","518210","58","0","2021","4","N",2,0,0,0,0,0,0,0,"N",0.13,0,0,0,0,0,0,0,"N",0,0.0,0,0,0,0,0,0,0,0,0,0,0,0,0,0
"06000","5","518210","58","0","2021","4","",3347,59275,59909,60528,5119860578,45285883,1707043,6574,"",0.55,1.23,1.24,1.25,1.96,1.00,0.95,1.58,"",473,16.5,5645,10.5,6171,11.5,6503,12.0,1893683495,58.7,17493259,62.9,625062,57.8,1961,42.5
"06001","5","518210","78","0","2021","4","",146,6308,6454,6461,432924429,3572621,118097,5197,"",0.60,2.98,3.02,3.01,3.64,1.99,1.69,1.21,"",33,29.2,-426,-6.3,-277,-4.1,-259,-3.9,-34534008,-7.4,1741338,95.1,55963,90.1,-147,-2.8
"06003","5","518210","78","0","2021","4","N",2,0,0,0,0,0,0,0,"N",6.86,0,0,0,0,0,0,0,"N",0,0.0,0,0,0,0,0,0,0,0,0,0,0,0,0,0
"06007","5","518210","78","0","2021","4","N",4,0,0,0,0,0,0,0,"N",0.13,0,0,0,0,0,0,0,"N",-1,-20.0,0,0,0,0,0,0,0,0,0,0,0,0,0,0
"06009","5","518210","78","0","2021","4","N",1,0,0,0,0,0,0,0,"N",0.19,0,0,0,0,0,0,0,"N",0,0.0,0,0,0,0,0,0,0,0,0,0,0,0,0,0
"06013","5","518210","78","0","2021","4","",57,353,358,359,21627510,586780,31675,4664,"",0.44,0.36,0.36,0.36,0.45,0.68,0.94,1.24,"",0,0.0,-59,-14.3,-49,-12.0,-57,-13.7,6383058,41.9,330640,129.1,20302,178.5,1815,63.7
"06017","5","518210","78","0","2021","4","",7,38,38,38,1093631,12327,468,2214,"",0.32,0.25,0.25,0.25,0.19,0.09,0.09,0.79,"",1,16.7,4,11.8,4,11.8,4,11.8,206120,23.2,-391,-3.1,-78,-14.3,206,10.3
"06019","5","518210","78","0","2021","4","",11,100,96,96,2206739,30159,1215,1744,"",0.08,0.09,0.09,0.09,0.06,0.03,0.03,0.69,"",-1,-8.3,-58,-36.7,-61,-38.9,-67,-41.1,-510426,-18.8,-7443,-19.8,-351,-22.4,432,32.9
"06023","5","518210","78","0","2021","4","N",1,0,0,0,0,0,0,0,"N",0.04,0,0,0,0,0,0,0,"N",-1,-50.0,0,0,0,0,0,0,0,0,0,0,0,0,0,0
"06029","5","518210","78","0","2021","4","N",7,0,0,0,0,0,0,0,"N",0.08,0,0,0,0,0,0,0,"N",2,40.0,0,0,0,0,0,0,0,0,0,0,0,0,0,0
"06031","5","518210","78","0","2021","4","N",2,0,0,0,0,0,0,0,"N",0.12,0,0,0,0,0,0,0,"N",0,0.0,0,0,0,0,0,0,0,0,0,0,0,0,0,0
"06033","5","518210","78","0","2021","4","N",1,0,0,0,0,0,0,0,"N",0.09,0,0,0,0,0,0,0,"N",0,0.0,0,0,0,0,0,0,0,0,0,0,0,0,0,0
"06037","5","518210","78","0","2021","4","",584,9899,10007,10116,494957440,7699005,289679,3805,"",0.30,0.82,0.82,0.83,0.80,0.68,0.65,0.97,"",43,7.9,220,2.3,353,3.7,443,4.6,-44732314,-8.3,3635679,89.5,127939,79.1,-489,-11.4
"06039","5","518210","78","0","2021","4","N",1,0,0,0,0,0,0,0,"N",0.06,0,0,0,0,0,0,0,"N",0,0.0,0,0,0,0,0,0,0,0,0,0,0,0,0,0
"06041","5","518210","78","0","2021","4","",32,80,82,88,2725148,83208,2662,2516,"",0.69,0.27,0.28,0.29,0.17,0.35,0.32,0.59,"",-1,-3.0,-21,-20.8,-21,-20.4,-20,-18.5,-176335,-6.1,22406,36.9,342,14.7,370,17.2
"06045","5","518210","78","0","2021","4","N",1,0,0,0,0,0,0,0,"N",0.07,0,0,0,0,0,0,0,"N",0,0.0,0,0,0,0,0,0,0,0,0,0,0,0,0,0
"06047","5","518210","78","0","2021","4","N",1,0,0,0,0,0,0,0,"N",0.04,0,0,0,0,0,0,0,"N",0,0.0,0,0,0,0,0,0,0,0,0,0,0,0,0,0
"06051","5","518210","78","0","2021","4","N",1,0,0,0,0,0,0,0,"N",0.40,0,0,0,0,0,0,0,"N",0,0.0,0,0,0,0,0,0,0,0,0,0,0,0,0,0
"06053","5","518210","78","0","2021","4","",6,8,8,8,201960,11692,297,1942,"",0.11,0.01,0.01,0.02,0.01,0.02,0.01,0.75,"",0,0.0,-17,-68.0,-17,-68.0,-15,-65.2,-813686,-80.1,-3200,-21.5,-376,-55.9,-1269,-39.5
"06055","5","518210","78","0","2021","4","",10,52,53,51,1398222,9041,389,2068,"",0.46,0.25,0.27,0.26,0.16,0.05,0.06,0.64,"",1,11.1,5,10.6,3,6.0,3,6.2,-449462,-24.3,-8699,-49.0,-214,-35.5,-873,-29.7
"06057","5","518210","78","0","2021","4","N",1,0,0,0,0,0,0,0,"N",0.07,0,0,0,0,0,0,0,"N",0,0.0,0,0,0,0,0,0,0,0,0,0,0,0,0,0
"06059","3","518210","78","0","2021","4","N",1,0,0,0,0,0,0,0,"N",0.82,0,0,0,0,0,0,0,"N",0,0.0,0,0,0,0,0,0,0,0,0,0,0,0,0,0
"06059","5","518210","78","0","2021","4","",214,2837,2830,2881,81889286,2198627,88070,2211,"",0.43,0.64,0.64,0.64,0.40,0.52,0.54,0.62,"",20,10.3,388,15.8,339,13.6,386,15.5,14001423,20.6,333290,17.9,4542,5.4,104,4.9
"06061","5","518210","78","0","2021","4","",15,132,137,136,4596429,89108,4068,2619,"",0.28,0.27,0.28,0.28,0.22,0.19,0.23,0.80,"",1,7.1,41,45.1,39,39.8,37,37.4,2682055,140.1,31462,54.6,924,29.4,1085,70.7
"06065","5","518210","78","0","2021","4","",35,436,432,444,11452000,85797,3738,2014,"",0.13,0.20,0.20,0.20,0.16,0.04,0.04,0.80,"",3,9.4,5,1.2,1,0.2,14,3.3,87937,0.8,54960,178.2,2557,216.5,-16,-0.8
"06067","5","518210","78","0","2021","4","",51,1113,1103,1116,30938834,877621,44147,2143,"",0.22,0.59,0.58,0.59,0.37,0.62,0.79,0.63,"",6,13.3,20,1.8,19,1.8,29,2.7,1362574,4.6,414279,89.4,20063,83.3,52,2.5
"06071","5","518210","78","0","2021","4","",16,33,37,29,380357,65907,2244,887,"",0.06,0.01,0.02,0.01,0.00,0.03,0.03,0.33,"",3,23.1,7,26.9,11,42.3,5,20.8,-258319,-40.4,45835,228.4,1592,244.2,-1052,-54.3
"06073","5","518210","78","0","2021","4","",203,2725,2736,2772,109504159,2044884,84511,3069,"",0.46,0.68,0.67,0.68,0.56,0.58,0.62,0.83,"",11,5.7,-11,-0.4,-6,-0.2,14,0.5,21384046,24.3,693447,51.3,27906,49.3,600,24.3
"06075","5","518210","78","0","2021","4","",398,17656,17914,18148,2655136439,14222278,478038,11406,"",1.77,9.01,9.08,9.07,11.95,8.16,7.16,1.32,"",30,8.2,2552,16.9,2809,18.6,2919,19.2,1550813567,140.4,4414718,45.0,123050,34.7,5797,103.4
"06077","5","518210","78","0","2021","4","N",5,0,0,0,0,0,0,0,"N",0.07,0,0,0,0,0,0,0,"N",3,150.0,0,0,0,0,0,0,0,0,0,0,0,0,0,0
"06079","5","518210","78","0","2021","4","",10,34,35,34,1092109,18349,834,2447,"",0.25,0.10,0.11,0.11,0.09,0.07,0.08,0.88,"",-1,-9.1,-62,-64.6,-60,-63.2,-62,-64.6,-1295081,-54.3,-3716,-16.8,-228,-21.5,528,27.5
"06081","5","518210","78","0","2021","4","",155,4022,4051,4091,322924061,2436507,92384,6126,"",1.45,3.54,3.54,3.54,2.60,2.52,2.52,0.73,"",31,25.0,18,0.4,49,1.2,111,2.8,42469536,15.1,690891,39.6,25496,38.1,726,13.4
"06083","5","518210","78","0","2021","4","",25,376,372,376,13141258,221974,12592,2698,"",0.42,0.62,0.62,0.65,0.57,0.38,0.55,0.90,"",9,56.2,133,54.7,138,59.0,134,55.4,-1382841,-9.5,81120,57.6,5062,67.2,-1964,-42.1
"06085","5","518210","78","0","2021","4","",323,7917,7896,7949,723747742,5385672,225887,7029,"",1.16,2.64,2.61,2.61,1.99,2.08,2.25,0.76,"",16,5.2,824,11.6,830,11.7,793,11.1,250486871,52.9,2477451,85.2,113152,100.4,1905,37.2
"06087","5","518210","78","0","2021","4","",8,16,15,16,421644,5924,313,2070,"",0.22,0.06,0.05,0.06,0.04,0.03,0.04,0.71,"",-1,-11.1,-2,-11.1,-3,-16.7,-3,-15.8,3332,0.8,2796,89.4,215,219.4,315,17.9
"06089","5","518210","78","0","2021","4","",9,25,25,23,588264,12338,435,1860,"",0.32,0.14,0.14,0.13,0.09,0.08,0.07,0.72,"",1,12.5,6,31.6,5,25.0,3,15.0,232112,65.2,-1090,-8.1,-92,-17.5,467,33.5
"06093","5","518210","78","0","2021","4","N",1,0,0,0,0,0,0,0,"N",0.16,0,0,0,0,0,0,0,"N",0,0.0,0,0,0,0,0,0,0,0,0,0,0,0,0,0
"06095","5","518210","78","0","2021","4","",11,94,98,94,2366705,57113,2214,1910,"",0.25,0.25,0.26,0.25,0.16,0.19,0.18,0.62,"",3,37.5,-7,-6.9,-3,-3.0,-4,-4.1,-476391,-16.8,24887,77.2,846,61.8,-277,-12.7
"06097","3","518210","78","0","2021","4","N",1,0,0,0,0,0,0,0,"N",5.52,0,0,0,0,0,0,0,"N",0,0.0,0,0,0,0,0,0,0,0,0,0,0,0,0,0
"06097","5","518210","78","0","2021","4","",12,90,92,89,2305545,51522,2024,1963,"",0.16,0.16,0.17,0.16,0.10,0.11,0.11,0.60,"",1,9.1,9,11.1,11,13.6,10,12.7,526932,29.6,24485,90.6,1235,156.5,260,15.3
"06099","5","518210","78","0","2021","4","N",3,0,0,0,0,0,0,0,"N",0.05,0,0,0,0,0,0,0,"N",-2,-40.0,0,0,0,0,0,0,0,0,0,0,0,0,0,0
"06101","5","518210","78","0","2021","4","N",1,0,0,0,0,0,0,0,"N",0.07,0,0,0,0,0,0,0,"N",0,0.0,0,0,0,0,0,0,0,0,0,0,0,0,0,0
"06107","5","518210","78","0","2021","4","N",3,0,0,0,0,0,0,0,"N",0.07,0,0,0,0,0,0,0,"N",0,0.0,0,0,0,0,0,0,0,0,0,0,0,0,0,0
"06111","5","518210","78","0","2021","4","",34,456,445,453,19667165,286706,13103,3352,"",0.32,0.51,0.50,0.51,0.54,0.35,0.41,1.08,"",1,3.0,-80,-14.9,-64,-12.6,-76,-14.4,-5608791,-22.2,-74742,-20.7,-3803,-22.5,-354,-9.6
"06113","5","518210","78","0","2021","4","N",3,0,0,0,0,0,0,0,"N",0.11,0,0,0,0,0,0,0,"N",-1,-25.0,0,0,0,0,0,0,0,0,0,0,0,0,0,0
"06115","5","518210","78","0","2021","4","N",3,0,0,0,0,0,0,0,"N",0.47,0,0,0,0,0,0,0,"N",0,0.0,0,0,0,0,0,0,0,0,0,0,0,0,0,0
"06999","5","518210","78","0","2021","4","",933,4293,4424,4481,179010625,5126566,204320,3130,"",4.26,3.44,3.46,3.46,1.95,2.47,2.35,0.56,"",263,39.3,2170,102.2,2154,94.9,2166,93.6,93489622,109.3,2599724,102.9,101021,97.8,188,6.4
"08000","5","518210","58","0","2021","4","",1622,15873,16013,16119,579653968,22727364,517657,2787,"",1.93,2.11,2.12,2.11,1.72,1.56,2.04,0.81,"",248,18.0,803,5.3,834,5.5,774,5.0,67837246,13.3,3434357,17.8,186575,56.4,196,7.6
"08001","5","518210","78","0","2021","4","",65,241,234,238,7101356,262966,5593,2298,"",1.38,0.38,0.37,0.37,0.27,0.21,0.24,0.72,"",11,20.4,-39,-13.9,-47,-16.7,-47,-16.5,114362,1.6,-152916,-36.8,-2635,-32.0,392,20.6
"08005","5","518210","78","0","2021","4","",205,3397,3429,3395,121184886,3552771,83527,2736,"",2.27,3.73,3.75,3.70,2.74,2.10,2.59,0.74,"",29,16.5,191,6.0,205,6.4,141,4.3,14106854,13.2,1017095,40.1,43353,107.9,184,7.2
"08007","5","518210","78","0","2021","4","N",1,0,0,0,0,0,0,0,"N",0.42,0,0,0,0,0,0,0,"N",0,0.0,0,0,0,0,0,0,0,0,0,0,0,0,0,0
"08013","5","518210","78","0","2021","4","",202,1429,1432,1461,51821087,2483045,55744,2767,"",3.12,2.75,2.74,2.78,1.83,2.96,3.55,0.67,"",37,22.4,265,22.8,266,22.8,287,24.4,12336239,31.2,968318,63.9,26319,89.4,167,6.4
"08014","5","518210","78","0","2021","4","",44,968,996,1004,63539961,1435047,34529,4940,"",3.70,8.79,8.98,9.01,8.55,7.23,9.45,0.96,"",6,15.8,96,11.0,103,11.5,106,11.8,13372984,26.7,247749,20.9,17390,101.5,593,13.6
"08015","5","518210","78","0","2021","4","N",2,0,0,0,0,0,0,0,"N",0.48,0,0,0,0,0,0,0,"N",1,100.0,0,0,0,0,0,0,0,0,0,0,0,0,0,0
"08019","5","518210","78","0","2021","4","N",1,0,0,0,0,0,0,0,"N",0.69,0,0,0,0,0,0,0,"N",1,100.0,0,0,0,0,0,0,0,0,0,0,0,0,0,0
"08023","5","518210","78","0","2021","4","N",1,0,0,0,0,0,0,0,"N",2.44,0,0,0,0,0,0,0,"N",0,0.0,0,0,0,0,0,0,0,0,0,0,0,0,0,0
"08029","5","518210","78","0","2021","4","N",2,0,0,0,0,0,0,0,"N",0.57,0,0,0,0,0,0,0,"N",1,100.0,0,0,0,0,0,0,0,0,0,0,0,0,0,0
"08031","5","518210","78","0","2021","4","",440,5499,5570,5645,212697068,9730578,230930,2937,"",3.05,3.76,3.78,3.81,2.65,3.51,4.39,0.70,"",72,19.6,846,18.2,826,17.4,795,16.4,27141248,14.6,967863,11.0,72224,45.5,-69,-2.3
"08035","5","518210","78","0","2021","4","",133,995,997,1000,38894840,1206335,26240,3000,"",2.53,2.66,2.64,2.60,2.09,1.60,2.04,0.79,"",25,23.1,36,3.8,57,6.1,68,7.3,4786423,14.0,735227,156.1,18650,245.7,220,7.9
"08037","5","518210","78","0","2021","4","",12,31,33,30,1478090,86600,1463,3629,"",0.87,0.36,0.39,0.31,0.44,0.33,0.45,1.26,"N",2,20.0,0,0,0,0,0,0,0,0,0,0,0,0,0,0
"08039","5","518210","78","0","2021","4","N",4,0,0,0,0,0,0,0,"N",1.40,0,0,0,0,0,0,0,"N",0,0.0,0,0,0,0,0,0,0,0,0,0,0,0,0,0
"08041","5","518210","78","0","2021","4","",123,597,600,610,14807401,1148599,23169,1891,"",1.45,0.74,0.74,0.75,0.49,0.83,0.91,0.65,"",15,13.9,42,7.6,42,7.5,60,10.9,1471620,11.0,78170,7.3,5356,30.1,40,2.2
"08043","5","518210","78","0","2021","4","",5,4,4,4,28223,3000,29,543,"",1.30,0.10,0.11,0.11,0.03,0.04,0.03,0.24,"",0,0.0,-1,-20.0,-1,-20.0,-1,-20.0,-26737,-48.6,3000,100.0,29,100.0,-303,-35.8
"08045","5","518210","78","0","2021","4","N",8,0,0,0,0,0,0,0,"N",0.76,0,0,0,0,0,0,0,"N",3,60.0,0,0,0,0,0,0,0,0,0,0,0,0,0,0
"08047","5","518210","78","0","2021","4","N",1,0,0,0,0,0,0,0,"N",1.32,0,0,0,0,0,0,0,"N",0,0.0,0,0,0,0,0,0,0,0,0,0,0,0,0,0
"08049","5","518210","78","0","2021","4","N",2,0,0,0,0,0,0,0,"N",0.58,0,0,0,0,0,0,0,"N",1,100.0,0,0,0,0,0,0,0,0,0,0,0,0,0,0
"08051","5","518210","78","0","2021","4","",4,3,3,3,97305,0,0,2495,"",0.85,0.13,0.13,0.12,0.14,0.00,0.00,1.10,"N",0,0.0,0,0,0,0,0,0,0,0,0,0,0,0,0,0
"08053","5","518210","78","0","2021","4","N",1,0,0,0,0,0,0,0,"N",3.39,0,0,0,0,0,0,0,"N",0,0.0,0,0,0,0,0,0,0,0,0,0,0,0,0,0
"08055","5","518210","78","0","2021","4","N",1,0,0,0,0,0,0,0,"N",1.35,0,0,0,0,0,0,0,"N",0,0.0,0,0,0,0,0,0,0,0,0,0,0,0,0,0
"08059","5","518210","78","0","2021","4","",163,1708,1697,1704,41139160,1244318,20114,1858,"",1.93,2.61,2.58,2.58,1.41,1.09,1.02,0.54,"",21,14.8,-550,-24.4,-543,-24.2,-572,-25.1,-9888912,-19.4,-463049,-27.1,-5311,-20.9,120,6.9
"08065","5","518210","78","0","2021","4","N",2,0,0,0,0,0,0,0,"N",2.04,0,0,0,0,0,0,0,"N",1,100.0,0,0,0,0,0,0,0,0,0,0,0,0,0,0
"08067","5","518210","78","0","2021","4","",9,28,33,36,1110470,67388,1562,2642,"",0.85,0.40,0.47,0.51,0.44,0.27,0.58,0.96,"",0,0.0,10,55.6,15,83.3,18,100.0,507400,84.1,40113,147.1,1024,190.3,65,2.5
"08069","5","518210","78","0","2021","4","",81,562,561,547,11797270,559071,15326,1630,"",1.59,1.22,1.21,1.18,0.65,0.71,1.16,0.54,"",6,8.0,-205,-26.7,-210,-27.2,-213,-28.0,-3066245,-20.6,-452950,-44.8,-1031,-6.3,137,9.2
"08071","5","518210","78","0","2021","4","",3,3,3,3,47943,0,0,1229,"",1.43,0.23,0.23,0.22,0.13,0.00,0.00,0.60,"N",1,50.0,0,0,0,0,0,0,0,0,0,0,0,0,0,0
"08075","5","518210","78","0","2021","4","N",1,0,0,0,0,0,0,0,"N",0.42,0,0,0,0,0,0,0,"N",0,0.0,0,0,0,0,0,0,0,0,0,0,0,0,0,0
"08077","5","518210","78","0","2021","4","",12,66,70,70,1733056,113345,1994,1941,"",0.61,0.38,0.40,0.40,0.31,0.40,0.35,0.80,"",2,20.0,7,11.9,9,14.8,8,12.9,403138,30.3,46066,68.5,1009,102.4,255,15.1
"08083","5","518210","78","0","2021","4","N",3,0,0,0,0,0,0,0,"N",0.84,0,0,0,0,0,0,0,"N",-1,-25.0,0,0,0,0,0,0,0,0,0,0,0,0,0,0
"08085","5","518210","78","0","2021","4","",3,3,3,4,130631,13600,231,3015,"",0.52,0.07,0.07,0.09,0.11,0.18,0.18,1.38,"N",2,200.0,0,0,0,0,0,0,0,0,0,0,0,0,0,0
"08089","5","518210","78","0","2021","4","N",1,0,0,0,0,0,0,0,"N",0.54,0,0,0,0,0,0,0,"N",0,0.0,0,0,0,0,0,0,0,0,0,0,0,0,0,0
"08093","5","518210","78","0","2021","4","N",3,0,0,0,0,0,0,0,"N",1.31,0,0,0,0,0,0,0,"N",0,0.0,0,0,0,0,0,0,0,0,0,0,0,0,0,0
"08097","5","518210","78","0","2021","4","N",3,0,0,0,0,0,0,0,"N",0.40,0,0,0,0,0,0,0,"N",-1,-25.0,0,0,0,0,0,0,0,0,0,0,0,0,0,0
"08101","5","518210","78","0","2021","4","",6,44,44,47,508168,74758,1160,869,"",0.44,0.26,0.26,0.27,0.09,0.25,0.21,0.36,"N",2,50.0,0,0,0,0,0,0,0,0,0,0,0,0,0,0
"08103","5","518210","78","0","2021","4","N",1,0,0,0,0,0,0,0,"N",1.00,0,0,0,0,0,0,0,"N",0,0.0,0,0,0,0,0,0,0,0,0,0,0,0,0,0
"08107","5","518210","78","0","2021","4","N",3,0,0,0,0,0,0,0,"N",0.41,0,0,0,0,0,0,0,"N",-2,-40.0,0,0,0,0,0,0,0,0,0,0,0,0,0,0
"08111","5","518210","78","0","2021","4","N",1,0,0,0,0,0,0,0,"N",3.09,0,0,0,0,0,0,0,"N",0,0.0,0,0,0,0,0,0,0,0,0,0,0,0,0,0
"08113","5","518210","78","0","2021","4","N",3,0,0,0,0,0,0,0,"N",1.06,0,0,0,0,0,0,0,"N",0,0.0,0,0,0,0,0,0,0,0,0,0,0,0,0,0
"08115","5","518210","78","0","2021","4","N",1,0,0,0,0,0,0,0,"N",2.99,0,0,0,0,0,0,0,"N",0,0.0,0,0,0,0,0,0,0,0,0,0,0,0,0,0
"08117","5","518210","78","0","2021","4","N",8,0,0,0,0,0,0,0,"N",0.88,0,0,0,0,0,0,0,"N",3,60.0,0,0,0,0,0,0,0,0,0,0,0,0,0,0
"08119","5","518210","78","0","2021","4","N",4,0,0,0,0,0,0,0,"N",1.09,0,0,0,0,0,0,0,"N",1,33.3,0,0,0,0,0,0,0,0,0,0,0,0,0,0
"08123","5","518210","78","0","2021","4","",38,104,110,110,4800327,228289,5181,3419,"",1.22,0.34,0.37,0.37,0.44,0.36,0.51,1.23,"",9,31.0,17,19.5,26,31.0,25,29.4,2129917,79.8,120843,112.5,3166,157.1,1012,42.0
"08999","5","518210","78","0","2021","4","N",16,0,0,0,0,0,0,0,"N",2.02,0,0,0,0,0,0,0,"N",0,0.0,0,0,0,0,0,0,0,0,0,0,0,0,0,0
"09000","3","518210","58","0","2021","4","N",1,0,0,0,0,0,0,0,"N",0.84,0,0,0,0,0,0,0,"N",0,0.0,0,0,0,0,0,0,0,0,0,0,0,0,0,0
"09000","5","518210","58","0","2021","4","",997,3315,3355,3369,149760162,4911426,149926,3443,"",2.07,0.74,0.75,0.75,0.69,0.78,0.72,0.93,"",234,30.7,880,36.1,899,36.6,869,34.8,40948787,37.6,1365211,38.5,37184,33.0,46,1.4
"09001","5","518210","78","0","2021","4","",420,1037,1055,1063,54554453,1719796,51724,3990,"",2.89,0.94,0.95,0.95,0.77,1.07,1.00,0.81,"",106,33.8,504,94.6,518,96.5,510,92.2,22718153,71.4,20394,1.2,-4756,-8.4,-537,-11.9
"09003","5","518210","78","0","2021","4","",185,1083,1077,1071,30615704,1028275,32823,2187,"",1.64,0.80,0.79,0.78,0.49,0.57,0.55,0.62,"",37,25.0,140,14.8,133,14.1,106,11.0,4993157,19.5,273002,36.1,10993,50.4,114,5.5
"09005","5","518210","78","0","2021","4","N",30,0,0,0,0,0,0,0,"N",1.26,0,0,0,0,0,0,0,"N",4,15.4,0,0,0,0,0,0,0,0,0,0,0,0,0,0
"09007","5","518210","78","0","2021","4","",40,106,110,107,3841701,221021,6292,2745,"",1.89,0.57,0.59,0.57,0.52,0.84,0.77,0.90,"",7,21.2,22,26.2,20,22.2,14,15.1,860500,28.9,55470,33.5,566,9.9,168,6.5
"09009","5","518210","78","0","2021","4","",188,445,449,456,36268123,743270,20534,6200,"",1.96,0.44,0.44,0.45,0.88,0.52,0.44,1.98,"",52,38.2,69,18.4,68,17.8,74,19.4,5349466,17.3,207860,38.8,5033,32.5,-64,-1.0
"09011","3","518210","78","0","2021","4","N",1,0,0,0,0,0,0,0,"N",13.77,0,0,0,0,0,0,0,"N",0,0.0,0,0,0,0,0,0,0,0,0,0,0,0,0,0
"09011","5","518210","78","0","2021","4","",39,40,45,42,1467468,86371,2350,2667,"",1.32,0.13,0.14,0.13,0.12,0.21,0.18,0.87,"",6,18.2,12,42.9,16,55.2,11,35.5,496495,51.1,43080,99.5,1171,99.3,121,4.8
"09013","5","518210","78","0","2021","4","",19,20,20,21,529535,28547,604,2003,"",1.54,0.18,0.18,0.19,0.14,0.22,0.15,0.74,"N",4,26.7,0,0,0,0,0,0,0,0,0,0,0,0,0,0
"09015","5","518210","78","0","2021","4","",11,11,15,15,655623,72612,2179,3690,"",0.96,0.11,0.14,0.14,0.20,0.51,0.47,1.51,"N",9,450.0,0,0,0,0,0,0,0,0,0,0,0,0,0,0
"09999","5","518210","78","0","2021","4","N",65,0,0,0,0,0,0,0,"N",2.20,0,0,0,0,0,0,0,"N",9,16.1,0,0,0,0,0,0,0,0,0,0,0,0,0,0
"10000","2","518210","58","0","2021","4","N",1,0,0,0,0,0,0,0,"N",14.82,0,0,0,0,0,0,0,"N",0,0.0,0,0,0,0,0,0,0,0,0,0,0,0,0,0
"10000","5","518210","58","0","2021","4","",184,535,444,462,14749653,1168086,25843,2362,"",1.36,0.44,0.36,0.37,0.30,0.56,0.48,0.76,"",45,32.4,-21,-3.8,-101,-18.5,-91,-16.5,281014,1.9,241774,26.1,13463,108.7,343,17.0
"10001","2","518210","78","0","2021","4","N",1,0,0,0,0,0,0,0,"N",114.55,0,0,0,0,0,0,0,"N",0,0.0,0,0,0,0,0,0,0,0,0,0,0,0,0,0
"10001","5","518210","78","0","2021","4","N",17,0,0,0,0,0,0,0,"N",0.97,0,0,0,0,0,0,0,"N",6,54.5,0,0,0,0,0,0,0,0,0,0,0,0,0,0
"10003","5","518210","78","0","2021","4","",127,381,303,303,9803649,540566,16521,2292,"",1.53,0.48,0.38,0.38,0.28,0.41,0.49,0.68,"",26,25.7,-80,-17.4,-143,-32.1,-148,-32.8,-1662248,-14.5,-215638,-28.5,6108,58.7,344,17.7
"10005","5","518210","78","0","2021","4","N",32,0,0,0,0,0,0,0,"N",1.03,0,0,0,0,0,0,0,"N",12,60.0,0,0,0,0,0,0,0,0,0,0,0,0,0,0
"10999","5","518210","78","0","2021","4","N",8,0,0,0,0,0,0,0,"N",2.08,0,0,0,0,0,0,0,"N",1,14.3,0,0,0,0,0,0,0,0,0,0,0,0,0,0
"11000","5","518210","58","0","2021","4","",426,1811,1801,1823,67486426,3192089,79033,2865,"",2.58,0.89,0.88,0.88,0.47,1.99,1.68,0.54,"",59,16.1,399,28.3,380,26.7,416,29.6,10579808,18.6,1639444,105.6,34620,78.0,-232,-7.5
"11001","5","518210","78","0","2021","4","",426,1811,1801,1823,67486426,3192089,79033,2865,"",2.58,0.89,0.88,0.88,0.47,1.99,1.68,0.54,"",59,16.1,399,28.3,380,26.7,416,29.6,10579808,18.6,1639444,105.6,34620,78.0,-232,-7.5
"12000","3","518210","58","0","2021","4","N",1,0,0,0,0,0,0,0,"N",0.14,0,0,0,0,0,0,0,"N",0,0.0,0,0,0,0,0,0,0,0,0,0,0,0,0,0
"12000","5","518210","58","0","2021","4","",2629,24986,25150,25184,802254760,21570982,289919,2458,"",0.89,1.00,1.00,0.99,0.82,0.88,1.31,0.82,"",421,19.1,4118,19.7,4248,20.3,4196,20.0,230100455,40.2,5022869,30.4,63690,28.2,354,16.8
"12001","5","518210","78","0","2021","4","",16,59,61,60,1216691,71797,643,1560,"",0.56,0.16,0.16,0.16,0.09,0.26,0.31,0.56,"",2,14.3,15,34.1,18,41.9,16,36.4,507026,71.4,3999,5.9,93,16.9,310,24.8
"12003","5","518210","78","0","2021","4","N",1,0,0,0,0,0,0,0,"N",0.56,0,0,0,0,0,0,0,"N",1,100.0,0,0,0,0,0,0,0,0,0,0,0,0,0,0
"12005","5","518210","78","0","2021","4","",6,8,8,8,111553,4738,72,1073,"",0.26,0.04,0.04,0.04,0.02,0.02,0.04,0.46,"",-3,-33.3,-3,-27.3,-4,-33.3,-4,-33.3,-84850,-43.2,-8608,-64.5,-302,-80.7,-222,-17.1
"12009","5","518210","78","0","2021","4","",40,164,165,145,3120631,105588,1685,1519,"",0.62,0.26,0.26,0.23,0.13,0.20,0.38,0.53,"",6,17.6,31,23.3,32,24.1,11,8.2,481087,18.2,-8735,-7.6,679,67.5,-4,-0.3
"12011","5","518210","78","0","2021","4","",237,3962,3976,3951,130473682,1910993,16235,2533,"",0.82,1.77,1.76,1.74,1.42,0.85,0.78,0.81,"",30,14.5,142,3.7,155,4.1,129,3.4,29724519,29.5,59501,3.2,2111,14.9,505,24.9
"12015","5","518210","78","0","2021","4","N",11,0,0,0,0,0,0,0,"N",0.56,0,0,0,0,0,0,0,"N",3,37.5,0,0,0,0,0,0,0,0,0,0,0,0,0,0
"12017","5","518210","78","0","2021","4","N",4,0,0,0,0,0,0,0,"N",0.32,0,0,0,0,0,0,0,"N",0,0.0,0,0,0,0,0,0,0,0,0,0,0,0,0,0
"12019","5","518210","78","0","2021","4","",9,25,25,25,627196,42667,615,1930,"",0.49,0.17,0.17,0.17,0.15,0.29,0.65,0.86,"",1,12.5,15,150.0,13,108.3,11,78.6,372720,146.5,14942,53.9,346,128.6,299,18.3
"12021","5","518210","78","0","2021","4","",29,57,55,55,1525555,71673,380,2108,"",0.47,0.13,0.13,0.12,0.09,0.16,0.10,0.69,"",10,52.6,2,3.6,3,5.8,3,5.8,591553,63.3,-57056,-44.3,-2021,-84.2,752,55.5
"12031","5","518210","78","0","2021","4","",108,2569,2579,2568,109882941,1328938,9183,3286,"",0.89,1.74,1.72,1.70,1.91,0.94,0.78,1.11,"",12,12.5,504,24.4,500,24.1,479,22.9,27709730,33.7,47146,3.7,1163,14.5,244,8.0
"12033","5","518210","78","0","2021","4","",7,23,22,23,390714,7692,204,1326,"",0.21,0.06,0.06,0.06,0.03,0.02,0.08,0.53,"",1,16.7,1,4.5,-1,-4.3,0,0.0,95067,32.2,249,3.3,191,1469.2,323,32.2
"12035","5","518210","78","0","2021","4","N",11,0,0,0,0,0,0,0,"N",0.99,0,0,0,0,0,0,0,"N",2,22.2,0,0,0,0,0,0,0,0,0,0,0,0,0,0
"12041","5","518210","78","0","2021","4","N",1,0,0,0,0,0,0,0,"N",0.76,0,0,0,0,0,0,0,"N",0,0.0,0,0,0,0,0,0,0,0,0,0,0,0,0,0
"12053","5","518210","78","0","2021","4","",8,11,12,12,144553,2727,24,953,"",0.52,0.09,0.09,0.09,0.04,0.02,0.02,0.45,"N",1,14.3,0,0,0,0,0,0,0,0,0,0,0,0,0,0
"12055","5","518210","78","0","2021","4","N",2,0,0,0,0,0,0,0,"N",0.22,0,0,0,0,0,0,0,"N",1,100.0,0,0,0,0,0,0,0,0,0,0,0,0,0,0
"12057","5","518210","78","0","2021","4","",177,3361,3346,3349,82557180,2319118,26506,1895,"",0.95,1.68,1.65,1.64,0.99,1.18,1.50,0.60,"",18,11.3,656,24.3,654,24.3,646,23.9,15139250,22.5,975816,72.6,16140,155.7,-26,-1.4
"12061","5","518210","78","0","2021","4","",17,97,96,95,2257414,37727,848,1809,"",0.85,0.66,0.64,0.62,0.46,0.26,0.55,0.71,"",2,13.3,-29,-23.0,23,31.5,23,31.9,435898,23.9,-16286,-30.2,157,22.7,258,16.6
"12063","5","518210","78","0","2021","4","N",2,0,0,0,0,0,0,0,"N",0.54,0,0,0,0,0,0,0,"N",1,100.0,0,0,0,0,0,0,0,0,0,0,0,0,0,0
"12069","5","518210","78","0","2021","4","N",12,0,0,0,0,0,0,0,"N",0.34,0,0,0,0,0,0,0,"N",4,50.0,0,0,0,0,0,0,0,0,0,0,0,0,0,0
"12071","5","518210","78","0","2021","4","",66,312,305,304,6038662,230129,3563,1513,"",0.69,0.41,0.39,0.38,0.23,0.31,0.54,0.59,"",13,24.5,14,4.7,14,4.8,16,5.6,632355,11.7,76737,50.0,2274,176.4,90,6.3
"12073","3","518210","78","0","2021","4","N",1,0,0,0,0,0,0,0,"N",11.49,0,0,0,0,0,0,0,"N",0,0.0,0,0,0,0,0,0,0,0,0,0,0,0,0,0
"12073","5","518210","78","0","2021","4","",49,1252,1339,1433,14156990,3342379,29509,812,"",1.39,2.96,3.13,3.36,0.98,10.48,10.58,0.31,"",9,22.5,253,25.3,274,25.7,330,29.9,3976638,39.1,-271967,-7.5,-29873,-50.3,70,9.4
"12075","5","518210","78","0","2021","4","N",1,0,0,0,0,0,0,0,"N",0.26,0,0,0,0,0,0,0,"N",1,100.0,0,0,0,0,0,0,0,0,0,0,0,0,0,0
"12081","5","518210","78","0","2021","4","N",34,0,0,0,0,0,0,0,"N",0.70,0,0,0,0,0,0,0,"N",9,36.0,0,0,0,0,0,0,0,0,0,0,0,0,0,0
"12083","5","518210","78","0","2021","4","",13,21,31,33,753465,23220,519,2046,"",0.38,0.07,0.10,0.11,0.08,0.08,0.23,0.90,"",5,62.5,14,200.0,24,342.9,27,450.0,691747,1120.8,23070,15380.0,515,12875.0,1334,187.4
"12085","5","518210","78","0","2021","4","",14,33,33,33,735771,30229,212,1715,"",0.55,0.17,0.17,0.17,0.12,0.16,0.14,0.69,"",3,27.3,-2,-5.7,12,57.1,11,50.0,328630,80.7,-2451,-7.5,52,32.5,510,42.3
"12086","5","518210","78","0","2021","4","",273,1420,1442,1515,87265968,1208838,10686,4601,"",0.65,0.45,0.45,0.47,0.63,0.40,0.37,1.38,"",47,20.8,385,37.2,375,35.1,439,40.8,42019466,92.9,237070,24.4,177,1.7,1315,40.0
"12087","5","518210","78","0","2021","4","",4,6,6,5,306551,1402,9,4161,"",0.23,0.05,0.05,0.04,0.08,0.01,0.01,1.61,"",0,0.0,2,50.0,2,50.0,-1,-16.7,89498,41.2,-6720,-82.7,-185,-95.4,583,16.3
"12089","5","518210","78","0","2021","4","",9,73,69,66,2075192,29155,254,2302,"",0.94,1.11,1.04,0.99,1.03,0.48,0.53,0.99,"",2,28.6,26,55.3,23,50.0,18,37.5,929252,81.1,-11166,-27.7,-348,-57.8,426,22.7
"12091","5","518210","78","0","2021","4","",15,99,104,108,2270478,114204,633,1685,"",0.57,0.41,0.43,0.44,0.27,0.56,0.45,0.63,"",1,7.1,10,11.2,15,16.9,19,21.3,-8949,-0.4,87123,321.7,593,1482.5,-285,-14.5
"12095","5","518210","78","0","2021","4","",163,1863,1877,1845,57037376,1453865,21737,2357,"",0.87,0.79,0.79,0.77,0.61,0.60,1.17,0.78,"",14,9.4,137,7.9,151,8.7,140,8.2,15529918,37.4,605328,71.3,7745,55.4,500,26.9
"12097","5","518210","78","0","2021","4","N",17,0,0,0,0,0,0,0,"N",0.52,0,0,0,0,0,0,0,"N",4,30.8,0,0,0,0,0,0,0,0,0,0,0,0,0,0
"12099","5","518210","78","0","2021","4","",221,1173,1164,1158,33464026,1051624,15161,2210,"",0.93,0.69,0.68,0.67,0.42,0.58,0.87,0.62,"",36,19.5,287,32.4,283,32.1,282,32.2,9213278,38.0,305953,41.0,3028,25.0,93,4.4
"12101","5","518210","78","0","2021","4","",28,99,98,99,2932524,76892,541,2286,"",0.59,0.28,0.27,0.27,0.27,0.23,0.18,0.97,"",10,55.6,31,45.6,30,44.1,26,35.6,458163,18.5,5919,8.3,-1074,-66.5,-446,-16.3
"12103","5","518210","78","0","2021","4","",126,952,932,925,33853840,477926,5234,2781,"",0.91,0.79,0.76,0.75,0.71,0.43,0.50,0.93,"",23,22.3,43,4.7,21,2.3,10,1.1,4555844,15.6,-3697,-0.8,1654,46.2,309,12.5
"12105","5","518210","78","0","2021","4","",27,101,103,103,2093967,76264,335,1574,"",0.44,0.15,0.15,0.15,0.10,0.12,0.07,0.68,"",9,50.0,32,46.4,33,47.1,31,43.1,430602,25.9,-22210,-22.6,-1340,-80.0,-245,-13.5
"12107","5","518210","78","0","2021","4","N",1,0,0,0,0,0,0,0,"N",0.18,0,0,0,0,0,0,0,"N",0,0.0,0,0,0,0,0,0,0,0,0,0,0,0,0,0
"12109","5","518210","78","0","2021","4","",38,154,157,160,7079921,152794,1370,3469,"",1.09,0.65,0.66,0.66,0.89,0.66,0.66,1.35,"",1,2.7,71,85.5,65,70.7,61,61.6,3350405,89.8,24322,18.9,485,54.8,328,10.4
"12111","5","518210","78","0","2021","4","",14,23,25,20,440383,32991,839,1495,"",0.49,0.10,0.11,0.09,0.06,0.15,0.40,0.66,"",5,55.6,12,109.1,7,38.9,2,11.1,175290,66.1,7058,27.2,424,102.2,193,14.8
"12113","5","518210","78","0","2021","4","N",6,0,0,0,0,0,0,0,"N",0.39,0,0,0,0,0,0,0,"N",-5,-45.5,0,0,0,0,0,0,0,0,0,0,0,0,0,0
"12115","5","518210","78","0","2021","4","",40,196,205,231,5003788,404857,12776,1827,"",0.59,0.40,0.42,0.46,0.28,0.83,3.20,0.65,"",10,33.3,94,92.2,97,89.8,121,110.0,1449579,40.8,197748,95.5,11489,892.7,-736,-28.7
"12117","5","518210","78","0","2021","4","",63,1446,1411,1385,32724366,732847,6485,1780,"",1.02,2.60,2.50,2.43,1.62,1.35,1.45,0.64,"",8,14.5,30,2.1,-11,-0.8,-53,-3.7,2501663,8.3,340841,86.9,321,5.2,149,9.1
"12119","5","518210","78","0","2021","4","N",4,0,0,0,0,0,0,0,"N",0.48,0,0,0,0,0,0,0,"N",0,0.0,0,0,0,0,0,0,0,0,0,0,0,0,0,0
"12121","5","518210","78","0","2021","4","N",1,0,0,0,0,0,0,0,"N",0.32,0,0,0,0,0,0,0,"N",1,100.0,0,0,0,0,0,0,0,0,0,0,0,0,0,0
"12123","5","518210","78","0","2021","4","N",4,0,0,0,0,0,0,0,"N",2.33,0,0,0,0,0,0,0,"N",3,300.0,0,0,0,0,0,0,0,0,0,0,0,0,0,0
"12127","5","518210","78","0","2021","4","",23,66,69,70,1629354,82023,2010,1834,"",0.39,0.13,0.14,0.14,0.11,0.19,0.57,0.81,"",0,0.0,9,15.8,13,23.2,13,22.8,41926,2.6,32841,66.8,1680,509.1,-321,-14.9
"12129","5","518210","78","0","2021","4","N",1,0,0,0,0,0,0,0,"N",0.46,0,0,0,0,0,0,0,"N",0,0.0,0,0,0,0,0,0,0,0,0,0,0,0,0,0
"12131","5","518210","78","0","2021","4","",14,110,114,117,2546238,163138,1095,1723,"",1.10,1.35,1.41,1.43,0.96,1.98,1.76,0.68,"",2,16.7,39,54.9,44,62.9,46,64.8,923799,56.9,99455,156.2,771,238.0,-43,-2.4
"12133","5","518210","78","0","2021","4","N",1,0,0,0,0,0,0,0,"N",0.56,0,0,0,0,0,0,0,"N",0,0.0,0,0,0,0,0,0,0,0,0,0,0,0,0,0
"12999","5","518210","78","0","2021","4","",661,4765,4811,4792,167064539,5649089,115008,2683,"",2.78,4.61,4.53,4.46,2.47,3.57,5.47,0.54,"",118,21.7,1250,35.6,1309,37.4,1287,36.7,63599780,61.5,2220466,64.8,45567,65.6,414,18.2
"13000","5","518210","58","0","2021","4","",1370,20079,20218,20336,696001788,26701464,508213,2649,"",1.09,1.60,1.60,1.60,1.42,1.56,2.00,0.89,"",182,15.3,3620,22.0,3790,23.1,3840,23.3,147230941,26.8,8991661,50.8,147425,40.9,85,3.3
"13007","5","518210","78","0","2021","4","N",1,0,0,0,0,0,0,0,"N",4.41,0,0,0,0,0,0,0,"N",1,100.0,0,0,0,0,0,0,0,0,0,0,0,0,0,0
"13009","5","518210","78","0","2021","4","N",1,0,0,0,0,0,0,0,"N",0.30,0,0,0,0,0,0,0,"N",0,0.0,0,0,0,0,0,0,0,0,0,0,0,0,0,0
"13013","5","518210","78","0","2021","4","N",1,0,0,0,0,0,0,0,"N",0.19,0,0,0,0,0,0,0,"N",0,0.0,0,0,0,0,0,0,0,0,0,0,0,0,0,0
"13015","5","518210","78","0","2021","4","N",2,0,0,0,0,0,0,0,"N",0.21,0,0,0,0,0,0,0,"N",0,0.0,0,0,0,0,0,0,0,0,0,0,0,0,0,0
"13021","5","518210","78","0","2021","4","N",7,0,0,0,0,0,0,0,"N",0.41,0,0,0,0,0,0,0,"N",1,16.7,0,0,0,0,0,0,0,0,0,0,0,0,0,0
"13025","5","518210","78","0","2021","4","N",1,0,0,0,0,0,0,0,"N",1.16,0,0,0,0,0,0,0,"N",0,0.0,0,0,0,0,0,0,0,0,0,0,0,0,0,0
"13029","5","518210","78","0","2021","4","N",1,0,0,0,0,0,0,0,"N",0.33,0,0,0,0,0,0,0,"N",1,100.0,0,0,0,0,0,0,0,0,0,0,0,0,0,0
"13031","5","518210","78","0","2021","4","N",2,0,0,0,0,0,0,0,"N",0.33,0,0,0,0,0,0,0,"N",1,100.0,0,0,0,0,0,0,0,0,0,0,0,0,0,0
"13045","5","518210","78","0","2021","4","N",5,0,0,0,0,0,0,0,"N",0.55,0,0,0,0,0,0,0,"N",1,25.0,0,0,0,0,0,0,0,0,0,0,0,0,0,0
"13047","5","518210","78","0","2021","4","N",2,0,0,0,0,0,0,0,"N",0.50,0,0,0,0,0,0,0,"N",-1,-33.3,0,0,0,0,0,0,0,0,0,0,0,0,0,0
"13051","5","518210","78","0","2021","4","",10,27,28,28,560566,77603,1546,1559,"",0.29,0.06,0.06,0.06,0.04,0.12,0.17,0.60,"",-2,-16.7,-55,-67.1,-55,-66.3,-57,-67.1,-1471348,-72.4,-10679,-12.1,-673,-30.3,-317,-16.9
"13057","5","518210","78","0","2021","4","",24,97,91,108,2721374,61925,1591,2122,"",0.97,0.54,0.50,0.59,0.50,0.25,0.46,0.92,"N",8,50.0,0,0,0,0,0,0,0,0,0,0,0,0,0,0
"13059","5","518210","78","0","2021","4","N",6,0,0,0,0,0,0,0,"N",0.46,0,0,0,0,0,0,0,"N",3,100.0,0,0,0,0,0,0,0,0,0,0,0,0,0,0
"13063","5","518210","78","0","2021","4","N",6,0,0,0,0,0,0,0,"N",0.34,0,0,0,0,0,0,0,"N",2,50.0,0,0,0,0,0,0,0,0,0,0,0,0,0,0
"13065","5","518210","78","0","2021","4","N",1,0,0,0,0,0,0,0,"N",1.49,0,0,0,0,0,0,0,"N",1,100.0,0,0,0,0,0,0,0,0,0,0,0,0,0,0
"13067","5","518210","78","0","2021","4","",114,1772,1819,1835,58245085,1691803,26012,2477,"",1.21,1.75,1.78,1.79,1.31,1.17,1.25,0.74,"",9,8.6,714,67.5,741,68.7,739,67.4,20534777,54.5,412484,32.2,4039,18.4,-216,-8.0
"13073","5","518210","78","0","2021","4","",7,44,46,48,991425,192392,1535,1658,"",0.62,0.42,0.44,0.45,0.33,1.44,0.81,0.76,"",1,16.7,13,41.9,14,43.8,13,37.1,379722,62.1,119613,164.4,-258,-14.4,218,15.1
"13077","5","518210","78","0","2021","4","N",4,0,0,0,0,0,0,0,"N",0.34,0,0,0,0,0,0,0,"N",2,100.0,0,0,0,0,0,0,0,0,0,0,0,0,0,0
"13085","5","518210","78","0","2021","4","N",1,0,0,0,0,0,0,0,"N",0.32,0,0,0,0,0,0,0,"N",0,0.0,0,0,0,0,0,0,0,0,0,0,0,0,0,0
"13089","5","518210","78","0","2021","4","",68,1197,1192,1205,36003177,1170314,21587,2312,"",0.88,1.47,1.44,1.45,1.05,1.18,1.57,0.72,"",5,7.9,-108,-8.3,-72,-5.7,-83,-6.4,925213,2.6,249995,27.2,4256,24.6,213,10.1
"13095","5","518210","78","0","2021","4","N",2,0,0,0,0,0,0,0,"N",0.22,0,0,0,0,0,0,0,"N",0,0.0,0,0,0,0,0,0,0,0,0,0,0,0,0,0
"13097","5","518210","78","0","2021","4","",5,29,28,26,201866,32977,627,561,"",0.43,0.24,0.23,0.21,0.05,0.19,0.28,0.24,"",0,0.0,-13,-31.0,-14,-33.3,-16,-38.1,-53791,-21.0,-33739,-50.6,437,230.0,93,19.9
"13103","5","518210","78","0","2021","4","N",1,0,0,0,0,0,0,0,"N",0.30,0,0,0,0,0,0,0,"N",0,0.0,0,0,0,0,0,0,0,0,0,0,0,0,0,0
"13105","5","518210","78","0","2021","4","N",1,0,0,0,0,0,0,0,"N",0.54,0,0,0,0,0,0,0,"N",0,0.0,0,0,0,0,0,0,0,0,0,0,0,0,0,0
"13111","5","518210","78","0","2021","4","N",1,0,0,0,0,0,0,0,"N",0.37,0,0,0,0,0,0,0,"N",0,0.0,0,0,0,0,0,0,0,0,0,0,0,0,0,0
"13113","5","518210","78","0","2021","4","N",3,0,0,0,0,0,0,0,"N",0.19,0,0,0,0,0,0,0,"N",-1,-25.0,0,0,0,0,0,0,0,0,0,0,0,0,0,0
"13115","5","518210","78","0","2021","4","-",0,0,0,0,0,0,0,0,"N",0.00,0,0,0,0,0,0,0,"N",-1,-100.0,0,0,0,0,0,0,0,0,0,0,0,0,0,0
"13117","5","518210","78","0","2021","4","",30,1231,1260,1292,20919192,1712755,31560,1276,"",1.20,5.66,5.85,5.94,2.63,5.69,9.24,0.45,"",3,11.1,90,7.9,132,11.7,165,14.6,1827383,9.6,834242,95.0,14394,83.9,-21,-1.6
"13121","5","518210","78","0","2021","4","",316,9843,9787,9701,394054772,7999240,136162,3100,"",1.64,3.99,3.94,3.87,2.90,2.34,2.54,0.74,"",25,8.6,1875,23.5,1781,22.2,1677,20.9,77553356,24.5,1827933,29.6,33625,32.8,56,1.8
"13123","5","518210","78","0","2021","4","N",1,0,0,0,0,0,0,0,"N",0.38,0,0,0,0,0,0,0,"N",0,0.0,0,0,0,0,0,0,0,0,0,0,0,0,0,0
"13127","5","518210","78","0","2021","4","N",3,0,0,0,0,0,0,0,"N",0.29,0,0,0,0,0,0,0,"N",2,200.0,0,0,0,0,0,0,0,0,0,0,0,0,0,0
"13129","5","518210","78","0","2021","4","N",1,0,0,0,0,0,0,0,"N",0.24,0,0,0,0,0,0,0,"N",0,0.0,0,0,0,0,0,0,0,0,0,0,0,0,0,0
"13131","5","518210","78","0","2021","4","N",1,0,0,0,0,0,0,0,"N",0.53,0,0,0,0,0,0,0,"N",0,0.0,0,0,0,0,0,0,0,0,0,0,0,0,0,0
"13135","5","518210","78","0","2021","4","",105,1415,1433,1512,54780229,1934402,40070,2899,"",0.95,1.42,1.42,1.49,1.43,1.34,1.94,0.99,"",10,10.5,-21,-1.5,-7,-0.5,74,5.1,675431,1.2,818818,73.4,25943,183.6,5,0.2
"13137","5","518210","78","0","2021","4","N",1,0,0,0,0,0,0,0,"N",0.28,0,0,0,0,0,0,0,"N",0,0.0,0,0,0,0,0,0,0,0,0,0,0,0,0,0
"13139","5","518210","78","0","2021","4","N",5,0,0,0,0,0,0,0,"N",0.26,0,0,0,0,0,0,0,"N",0,0.0,0,0,0,0,0,0,0,0,0,0,0,0,0,0
"13143","5","518210","78","0","2021","4","N",1,0,0,0,0,0,0,0,"N",0.50,0,0,0,0,0,0,0,"N",0,0.0,0,0,0,0,0,0,0,0,0,0,0,0,0,0
"13145","5","518210","78","0","2021","4","N",2,0,0,0,0,0,0,0,"N",1.04,0,0,0,0,0,0,0,"N",0,0.0,0,0,0,0,0,0,0,0,0,0,0,0,0,0
"13151","5","518210","78","0","2021","4","",6,49,50,53,1306599,69813,1589,1984,"",0.33,0.25,0.25,0.26,0.23,0.20,0.30,0.91,"",-3,-33.3,17,53.1,14,38.9,17,47.2,360159,38.1,-72374,-50.9,-2290,-59.0,-116,-5.5
"13153","5","518210","78","0","2021","4","N",1,0,0,0,0,0,0,0,"N",0.09,0,0,0,0,0,0,0,"N",0,0.0,0,0,0,0,0,0,0,0,0,0,0,0,0,0
"13157","5","518210","78","0","2021","4","N",5,0,0,0,0,0,0,0,"N",0.78,0,0,0,0,0,0,0,"N",0,0.0,0,0,0,0,0,0,0,0,0,0,0,0,0,0
"13161","5","518210","78","0","2021","4","N",1,0,0,0,0,0,0,0,"N",1.08,0,0,0,0,0,0,0,"N",0,0.0,0,0,0,0,0,0,0,0,0,0,0,0,0,0
"13163","5","518210","78","0","2021","4","N",1,0,0,0,0,0,0,0,"N",0.71,0,0,0,0,0,0,0,"N",0,0.0,0,0,0,0,0,0,0,0,0,0,0,0,0,0
"13177","5","518210","78","0","2021","4","N",1,0,0,0,0,0,0,0,"N",0.50,0,0,0,0,0,0,0,"N",0,0.0,0,0,0,0,0,0,0,0,0,0,0,0,0,0
"13179","5","518210","78","0","2021","4","N",1,0,0,0,0,0,0,0,"N",0.28,0,0,0,0,0,0,0,"N",0,0.0,0,0,0,0,0,0,0,0,0,0,0,0,0,0
"13185","5","518210","78","0","2021","4","N",1,0,0,0,0,0,0,0,"N",0.09,0,0,0,0,0,0,0,"N",0,0.0,0,0,0,0,0,0,0,0,0,0,0,0,0,0
"13187","5","518210","78","0","2021","4","N",3,0,0,0,0,0,0,0,"N",1.31,0,0,0,0,0,0,0,"N",0,0.0,0,0,0,0,0,0,0,0,0,0,0,0,0,0
"13189","5","518210","78","0","2021","4","N",1,0,0,0,0,0,0,0,"N",0.62,0,0,0,0,0,0,0,"N",0,0.0,0,0,0,0,0,0,0,0,0,0,0,0,0,0
"13207","5","518210","78","0","2021","4","-",0,0,0,0,0,0,0,0,"N",0.00,0,0,0,0,0,0,0,"N",-1,-100.0,0,0,0,0,0,0,0,0,0,0,0,0,0,0
"13215","5","518210","78","0","2021","4","N",7,0,0,0,0,0,0,0,"N",0.38,0,0,0,0,0,0,0,"N",2,40.0,0,0,0,0,0,0,0,0,0,0,0,0,0,0
"13217","5","518210","78","0","2021","4","N",2,0,0,0,0,0,0,0,"N",0.29,0,0,0,0,0,0,0,"N",0,0.0,0,0,0,0,0,0,0,0,0,0,0,0,0,0
"13223","5","518210","78","0","2021","4","N",2,0,0,0,0,0,0,0,"N",0.22,0,0,0,0,0,0,0,"N",0,0.0,0,0,0,0,0,0,0,0,0,0,0,0,0,0
"13231","5","518210","78","0","2021","4","N",1,0,0,0,0,0,0,0,"N",0.83,0,0,0,0,0,0,0,"N",0,0.0,0,0,0,0,0,0,0,0,0,0,0,0,0,0
"13245","5","518210","78","0","2021","4","N",7,0,0,0,0,0,0,0,"N",0.39,0,0,0,0,0,0,0,"N",2,40.0,0,0,0,0,0,0,0,0,0,0,0,0,0,0
"13247","5","518210","78","0","2021","4","N",1,0,0,0,0,0,0,0,"N",0.11,0,0,0,0,0,0,0,"N",0,0.0,0,0,0,0,0,0,0,0,0,0,0,0,0,0
"13255","5","518210","78","0","2021","4","N",1,0,0,0,0,0,0,0,"N",0.19,0,0,0,0,0,0,0,"N",0,0.0,0,0,0,0,0,0,0,0,0,0,0,0,0,0
"13277","5","518210","78","0","2021","4","N",1,0,0,0,0,0,0,0,"N",0.24,0,0,0,0,0,0,0,"N",0,0.0,0,0,0,0,0,0,0,0,0,0,0,0,0,0
"13285","5","518210","78","0","2021","4","N",1,0,0,0,0,0,0,0,"N",0.16,0,0,0,0,0,0,0,"N",0,0.0,0,0,0,0,0,0,0,0,0,0,0,0,0,0
"13287","5","518210","78","0","2021","4","N",1,0,0,0,0,0,0,0,"N",1.40,0,0,0,0,0,0,0,"N",1,100.0,0,0,0,0,0,0,0,0,0,0,0,0,0,0
"13291","5","518210","78","0","2021","4","N",1,0,0,0,0,0,0,0,"N",0.40,0,0,0,0,0,0,0,"N",0,0.0,0,0,0,0,0,0,0,0,0,0,0,0,0,0
"13295","5","518210","78","0","2021","4","N",1,0,0,0,0,0,0,0,"N",0.33,0,0,0,0,0,0,0,"N",0,0.0,0,0,0,0,0,0,0,0,0,0,0,0,0,0
"13297","5","518210","78","0","2021","4","N",1,0,0,0,0,0,0,0,"N",0.14,0,0,0,0,0,0,0,"N",0,0.0,0,0,0,0,0,0,0,0,0,0,0,0,0,0
"13299","5","518210","78","0","2021","4","N",1,0,0,0,0,0,0,0,"N",0.29,0,0,0,0,0,0,0,"N",0,0.0,0,0,0,0,0,0,0,0,0,0,0,0,0,0
"13999","5","518210","78","0","2021","4","",578,3572,3648,3617,109171141,10356102,217163,2325,"",2.90,7.08,7.05,6.94,3.69,7.13,6.58,0.53,"",110,23.5,1098,44.4,1218,50.1,1190,49.0,43185472,65.4,4417196,74.4,59478,37.7,248,11.9
"15000","3","518210","58","0","2021","4","N",1,0,0,0,0,0,0,0,"N",2.28,0,0,0,0,0,0,0,"N",0,0.0,0,0,0,0,0,0,0,0,0,0,0,0,0,0
"15000","5","518210","58","0","2021","4","",341,466,476,497,25914588,4495345,129599,4156,"",1.91,0.28,0.29,0.29,0.42,0.55,0.96,1.46,"",140,69.7,70,17.7,67,16.4,83,20.0,7823185,43.2,1244231,38.3,59230,84.2,731,21.3
"15001","5","518210","78","0","2021","4","",45,43,43,41,6995377,415213,11587,12711,"",1.90,0.23,0.23,0.21,1.17,0.42,0.66,5.22,"",21,87.5,24,126.3,22,104.8,19,86.4,6445457,1172.1,172059,70.8,5529,91.3,10664,521.0
"15003","3","518210","78","0","2021","4","N",1,0,0,0,0,0,0,0,"N",3.95,0,0,0,0,0,0,0,"N",0,0.0,0,0,0,0,0,0,0,0,0,0,0,0,0,0
"15003","5","518210","78","0","2021","4","",217,346,351,361,12963162,3131824,90826,2828,"",2.11,0.30,0.30,0.30,0.28,0.58,1.03,0.95,"",86,65.6,11,3.3,7,2.0,18,5.2,816521,6.7,661848,26.8,37056,68.9,85,3.1
"15007","5","518210","78","0","2021","4","",13,15,17,17,542515,186041,5582,2555,"",1.17,0.18,0.20,0.20,0.20,0.38,0.69,1.03,"N",6,85.7,0,0,0,0,0,0,0,0,0,0,0,0,0,0
"15009","5","518210","78","0","2021","4","",58,54,56,69,4946861,665862,19935,6378,"",2.21,0.27,0.28,0.34,0.73,0.55,1.11,2.49,"",25,75.8,27,100.0,27,93.1,35,102.9,164129,3.4,285023,74.8,11878,147.4,-5885,-48.0
"15999","5","518210","78","0","2021","4","",8,8,9,9,466673,96405,1669,4142,"",0.56,0.78,0.84,0.81,0.82,0.98,0.55,1.02,"N",2,33.3,0,0,0,0,0,0,0,0,0,0,0,0,0,0
"16000","3","518210","58","0","2021","4","N",1,0,0,0,0,0,0,0,"N",1.37,0,0,0,0,0,0,0,"N",0,0.0,0,0,0,0,0,0,0,0,0,0,0,0,0,0
"16000","5","518210","58","0","2021","4","",424,822,859,860,26602828,7719688,65503,2416,"",1.43,0.37,0.39,0.39,0.36,0.69,0.84,0.94,"",123,40.9,124,17.8,154,21.8,147,20.6,4760083,21.8,3053154,65.4,22940,53.9,34,1.4
"16001","5","518210","78","0","2021","4","",86,308,314,308,9981864,2068219,15633,2477,"",1.15,0.42,0.43,0.42,0.34,0.57,0.63,0.79,"",14,19.4,-23,-6.9,-19,-5.7,-29,-8.6,-723538,-6.8,478397,30.1,3027,24.0,9,0.4
"16003","5","518210","78","0","2021","4","N",1,0,0,0,0,0,0,0,"N",1.43,0,0,0,0,0,0,0,"N",0,0.0,0,0,0,0,0,0,0,0,0,0,0,0,0,0
"16005","5","518210","78","0","2021","4","N",2,0,0,0,0,0,0,0,"N",0.21,0,0,0,0,0,0,0,"N",-1,-33.3,0,0,0,0,0,0,0,0,0,0,0,0,0,0
"16007","5","518210","78","0","2021","4","N",1,0,0,0,0,0,0,0,"N",1.15,0,0,0,0,0,0,0,"N",0,0.0,0,0,0,0,0,0,0,0,0,0,0,0,0,0
"16011","5","518210","78","0","2021","4","-",0,0,0,0,0,0,0,0,"N",0.00,0,0,0,0,0,0,0,"N",-1,-100.0,0,0,0,0,0,0,0,0,0,0,0,0,0,0
"16013","5","518210","78","0","2021","4","N",4,0,0,0,0,0,0,0,"N",0.58,0,0,0,0,0,0,0,"N",1,33.3,0,0,0,0,0,0,0,0,0,0,0,0,0,0
"16017","5","518210","78","0","2021","4","",7,14,13,13,281381,82800,829,1623,"",0.93,0.33,0.31,0.30,0.24,0.37,0.47,0.76,"",2,40.0,2,16.7,0,0.0,0,0.0,-1863,-0.7,18502,28.8,71,9.4,-97,-5.6
"16019","5","518210","78","0","2021","4","",7,38,37,36,500027,256932,2450,1040,"",0.42,0.24,0.23,0.23,0.11,0.31,0.46,0.47,"",2,40.0,7,22.6,6,19.4,9,33.3,221002,79.2,74820,41.1,-130,-5.0,317,43.8
"16027","5","518210","78","0","2021","4","N",5,0,0,0,0,0,0,0,"N",0.20,0,0,0,0,0,0,0,"N",-1,-16.7,0,0,0,0,0,0,0,0,0,0,0,0,0,0
"16029","5","518210","78","0","2021","4","N",1,0,0,0,0,0,0,0,"N",0.92,0,0,0,0,0,0,0,"N",0,0.0,0,0,0,0,0,0,0,0,0,0,0,0,0,0
"16031","5","518210","78","0","2021","4","N",3,0,0,0,0,0,0,0,"N",0.80,0,0,0,0,0,0,0,"N",2,200.0,0,0,0,0,0,0,0,0,0,0,0,0,0,0
"16035","5","518210","78","0","2021","4","N",1,0,0,0,0,0,0,0,"N",0.83,0,0,0,0,0,0,0,"N",0,0.0,0,0,0,0,0,0,0,0,0,0,0,0,0,0
"16041","5","518210","78","0","2021","4","N",2,0,0,0,0,0,0,0,"N",1.18,0,0,0,0,0,0,0,"N",2,100.0,0,0,0,0,0,0,0,0,0,0,0,0,0,0
"16047","5","518210","78","0","2021","4","N",1,0,0,0,0,0,0,0,"N",0.50,0,0,0,0,0,0,0,"N",0,0.0,0,0,0,0,0,0,0,0,0,0,0,0,0,0
"16051","5","518210","78","0","2021","4","N",2,0,0,0,0,0,0,0,"N",0.61,0,0,0,0,0,0,0,"N",1,100.0,0,0,0,0,0,0,0,0,0,0,0,0,0,0
"16053","3","518210","78","0","2021","4","N",1,0,0,0,0,0,0,0,"N",143.65,0,0,0,0,0,0,0,"N",0,0.0,0,0,0,0,0,0,0,0,0,0,0,0,0,0
"16055","5","518210","78","0","2021","4","N",19,0,0,0,0,0,0,0,"N",0.79,0,0,0,0,0,0,0,"N",6,46.2,0,0,0,0,0,0,0,0,0,0,0,0,0,0
"16057","5","518210","78","0","2021","4","",6,22,23,23,553654,72504,548,1879,"",1.37,0.59,0.62,0.62,0.54,0.56,0.65,0.90,"",1,20.0,2,10.0,2,9.5,1,4.5,115506,26.4,29311,67.9,226,70.2,274,17.1
"16065","5","518210","78","0","2021","4","N",3,0,0,0,0,0,0,0,"N",0.63,0,0,0,0,0,0,0,"N",1,50.0,0,0,0,0,0,0,0,0,0,0,0,0,0,0
"16067","5","518210","78","0","2021","4","N",1,0,0,0,0,0,0,0,"N",0.41,0,0,0,0,0,0,0,"N",0,0.0,0,0,0,0,0,0,0,0,0,0,0,0,0,0
"16069","5","518210","78","0","2021","4","N",2,0,0,0,0,0,0,0,"N",0.42,0,0,0,0,0,0,0,"N",0,0.0,0,0,0,0,0,0,0,0,0,0,0,0,0,0
"16071","5","518210","78","0","2021","4","N",1,0,0,0,0,0,0,0,"N",1.76,0,0,0,0,0,0,0,"N",-1,-50.0,0,0,0,0,0,0,0,0,0,0,0,0,0,0
"16079","5","518210","78","0","2021","4","N",2,0,0,0,0,0,0,0,"N",1.25,0,0,0,0,0,0,0,"N",1,100.0,0,0,0,0,0,0,0,0,0,0,0,0,0,0
"16081","5","518210","78","0","2021","4","N",1,0,0,0,0,0,0,0,"N",0.42,0,0,0,0,0,0,0,"N",1,100.0,0,0,0,0,0,0,0,0,0,0,0,0,0,0
"16083","5","518210","78","0","2021","4","N",2,0,0,0,0,0,0,0,"N",0.16,0,0,0,0,0,0,0,"N",1,100.0,0,0,0,0,0,0,0,0,0,0,0,0,0,0
"16999","5","518210","78","0","2021","4","",264,313,334,333,12413891,4165041,37207,2923,"",5.24,5.42,5.57,5.43,3.42,6.63,6.46,0.63,"",92,53.5,106,51.2,122,57.5,119,55.6,4587389,58.6,1862596,80.9,14934,67.0,70,2.5
"17000","5","518210","58","0","2021","4","",1258,13288,13472,13566,541884090,18953399,413367,3101,"",0.88,0.83,0.84,0.84,0.76,0.86,0.81,0.91,"",196,18.5,1859,16.3,2110,18.6,2074,18.0,115767652,27.2,7969697,72.6,132245,47.0,233,8.1
"17001","5","518210","78","0","2021","4","N",1,0,0,0,0,0,0,0,"N",0.16,0,0,0,0,0,0,0,"N",0,0.0,0,0,0,0,0,0,0,0,0,0,0,0,0,0
"17007","5","518210","78","0","2021","4","N",1,0,0,0,0,0,0,0,"N",0.31,0,0,0,0,0,0,0,"N",0,0.0,0,0,0,0,0,0,0,0,0,0,0,0,0,0
"17019","5","518210","78","0","2021","4","",16,254,260,269,4399847,229710,7137,1297,"",1.05,1.00,1.01,1.05,0.51,0.83,1.19,0.50,"",2,14.3,-24,-8.6,-18,-6.5,-8,-2.9,45946,1.1,-993,-0.4,119,1.7,91,7.5
"17025","5","518210","78","0","2021","4","N",1,0,0,0,0,0,0,0,"N",0.84,0,0,0,0,0,0,0,"N",0,0.0,0,0,0,0,0,0,0,0,0,0,0,0,0,0
"17029","5","518210","78","0","2021","4","-",0,0,0,0,0,0,0,0,"N",0.00,0,0,0,0,0,0,0,"N",-1,-100.0,0,0,0,0,0,0,0,0,0,0,0,0,0,0
"17031","5","518210","78","0","2021","4","",328,7949,8014,8025,325045832,9685411,172472,3127,"",0.64,1.17,1.17,1.16,0.95,1.04,0.80,0.81,"",30,10.1,1104,16.1,1229,18.1,1187,17.4,62146445,23.6,4723855,95.2,63879,58.8,163,5.5
"17043","5","518210","78","0","2021","4","",83,1948,1953,1984,89966820,2060158,36836,3528,"",0.66,1.19,1.19,1.20,1.17,0.91,0.72,0.98,"",-4,-4.6,230,13.4,247,14.5,276,16.2,18982539,26.7,830375,67.5,4276,13.1,336,10.5
"17053","5","518210","78","0","2021","4","N",1,0,0,0,0,0,0,0,"N",0.81,0,0,0,0,0,0,0,"N",0,0.0,0,0,0,0,0,0,0,0,0,0,0,0,0,0
"17063","5","518210","78","0","2021","4","N",1,0,0,0,0,0,0,0,"N",0.23,0,0,0,0,0,0,0,"N",0,0.0,0,0,0,0,0,0,0,0,0,0,0,0,0,0
"17065","5","518210","78","0","2021","4","N",2,0,0,0,0,0,0,0,"N",2.74,0,0,0,0,0,0,0,"N",1,100.0,0,0,0,0,0,0,0,0,0,0,0,0,0,0
"17073","5","518210","78","0","2021","4","N",1,0,0,0,0,0,0,0,"N",0.27,0,0,0,0,0,0,0,"N",0,0.0,0,0,0,0,0,0,0,0,0,0,0,0,0,0
"17077","5","518210","78","0","2021","4","N",1,0,0,0,0,0,0,0,"N",0.24,0,0,0,0,0,0,0,"N",1,100.0,0,0,0,0,0,0,0,0,0,0,0,0,0,0
"17089","5","518210","78","0","2021","4","",18,40,40,40,1403890,43595,1239,2700,"",0.39,0.07,0.07,0.07,0.07,0.06,0.08,0.96,"",0,0.0,-3,-7.0,-5,-11.1,-2,-4.8,206246,17.2,-6773,-13.4,-50,-3.9,574,27.0
"17091","5","518210","78","0","2021","4","N",1,0,0,0,0,0,0,0,"N",0.12,0,0,0,0,0,0,0,"N",1,100.0,0,0,0,0,0,0,0,0,0,0,0,0,0,0
"17093","5","518210","78","0","2021","4","N",1,0,0,0,0,0,0,0,"N",0.12,0,0,0,0,0,0,0,"N",0,0.0,0,0,0,0,0,0,0,0,0,0,0,0,0,0
"17095","5","518210","78","0","2021","4","N",1,0,0,0,0,0,0,0,"N",0.28,0,0,0,0,0,0,0,"N",1,100.0,0,0,0,0,0,0,0,0,0,0,0,0,0,0
"17097","5","518210","78","0","2021","4","",40,167,165,171,8333352,160872,5171,3823,"",0.54,0.19,0.18,0.19,0.17,0.14,0.20,0.90,"",4,11.1,-24,-12.6,-7,-4.1,-6,-3.4,-1484431,-15.1,60827,60.8,1212,30.6,-373,-8.9
"17107","5","518210","78","0","2021","4","N",1,0,0,0,0,0,0,0,"N",0.49,0,0,0,0,0,0,0,"N",0,0.0,0,0,0,0,0,0,0,0,0,0,0,0,0,0
"17111","5","518210","78","0","2021","4","N",9,0,0,0,0,0,0,0,"N",0.31,0,0,0,0,0,0,0,"N",1,12.5,0,0,0,0,0,0,0,0,0,0,0,0,0,0
"17113","5","518210","78","0","2021","4","N",6,0,0,0,0,0,0,0,"N",0.50,0,0,0,0,0,0,0,"N",1,20.0,0,0,0,0,0,0,0,0,0,0,0,0,0,0
"17115","5","518210","78","0","2021","4","N",1,0,0,0,0,0,0,0,"N",0.13,0,0,0,0,0,0,0,"N",0,0.0,0,0,0,0,0,0,0,0,0,0,0,0,0,0
"17119","5","518210","78","0","2021","4","N",6,0,0,0,0,0,0,0,"N",0.31,0,0,0,0,0,0,0,"N",0,0.0,0,0,0,0,0,0,0,0,0,0,0,0,0,0
"17121","5","518210","78","0","2021","4","N",2,0,0,0,0,0,0,0,"N",0.68,0,0,0,0,0,0,0,"N",0,0.0,0,0,0,0,0,0,0,0,0,0,0,0,0,0
"17131","5","518210","78","0","2021","4","N",1,0,0,0,0,0,0,0,"N",0.95,0,0,0,0,0,0,0,"N",0,0.0,0,0,0,0,0,0,0,0,0,0,0,0,0,0
"17133","5","518210","78","0","2021","4","N",1,0,0,0,0,0,0,0,"N",0.34,0,0,0,0,0,0,0,"N",0,0.0,0,0,0,0,0,0,0,0,0,0,0,0,0,0
"17135","5","518210","78","0","2021","4","N",1,0,0,0,0,0,0,0,"N",0.41,0,0,0,0,0,0,0,"N",0,0.0,0,0,0,0,0,0,0,0,0,0,0,0,0,0
"17143","5","518210","78","0","2021","4","N",4,0,0,0,0,0,0,0,"N",0.27,0,0,0,0,0,0,0,"N",1,33.3,0,0,0,0,0,0,0,0,0,0,0,0,0,0
"17161","5","518210","78","0","2021","4","N",3,0,0,0,0,0,0,0,"N",0.28,0,0,0,0,0,0,0,"N",0,0.0,0,0,0,0,0,0,0,0,0,0,0,0,0,0
"17163","5","518210","78","0","2021","4","N",5,0,0,0,0,0,0,0,"N",0.28,0,0,0,0,0,0,0,"N",3,150.0,0,0,0,0,0,0,0,0,0,0,0,0,0,0
"17165","5","518210","78","0","2021","4","N",1,0,0,0,0,0,0,0,"N",0.56,0,0,0,0,0,0,0,"N",1,100.0,0,0,0,0,0,0,0,0,0,0,0,0,0,0
"17167","5","518210","78","0","2021","4","",10,125,119,117,1894301,112361,1781,1211,"",0.57,0.36,0.34,0.33,0.15,0.38,0.26,0.43,"",1,11.1,-50,-28.6,-30,-20.1,-31,-20.9,-45058,-2.3,-81838,-42.1,97,5.8,263,27.7
"17177","5","518210","78","0","2021","4","N",1,0,0,0,0,0,0,0,"N",0.26,0,0,0,0,0,0,0,"N",0,0.0,0,0,0,0,0,0,0,0,0,0,0,0,0,0
"17179","5","518210","78","0","2021","4","N",1,0,0,0,0,0,0,0,"N",0.11,0,0,0,0,0,0,0,"N",0,0.0,0,0,0,0,0,0,0,0,0,0,0,0,0,0
"17183","5","518210","78","0","2021","4","N",1,0,0,0,0,0,0,0,"N",0.20,0,0,0,0,0,0,0,"N",0,0.0,0,0,0,0,0,0,0,0,0,0,0,0,0,0
"17191","5","518210","78","0","2021","4","-",0,0,0,0,0,0,0,0,"N",0.00,0,0,0,0,0,0,0,"N",-1,-100.0,0,0,0,0,0,0,0,0,0,0,0,0,0,0
"17197","5","518210","78","0","2021","4","",19,75,75,81,1720431,58563,1831,1719,"",0.33,0.11,0.11,0.12,0.07,0.06,0.08,0.64,"",3,18.8,2,2.7,2,2.7,3,3.8,-117499,-6.4,-13717,-19.0,-482,-20.8,-174,-9.2
"17199","5","518210","78","0","2021","4","N",1,0,0,0,0,0,0,0,"N",0.20,0,0,0,0,0,0,0,"N",0,0.0,0,0,0,0,0,0,0,0,0,0,0,0,0,0
"17201","5","518210","78","0","2021","4","",6,75,76,75,1465887,27407,793,1497,"",0.28,0.23,0.23,0.22,0.13,0.06,0.09,0.57,"N",0,0.0,0,0,0,0,0,0,0,0,0,0,0,0,0,0
"17999","5","518210","78","0","2021","4","",681,2464,2576,2607,103856089,6340784,178720,3134,"",2.74,4.66,4.76,4.75,3.01,4.52,4.03,0.64,"",152,28.7,685,38.5,749,41.0,709,37.4,36917858,55.2,2440386,62.6,59312,49.7,327,11.6
"18000","5","518210","58","0","2021","4","",489,3108,3183,3222,74503802,3271053,71047,1807,"",0.76,0.37,0.38,0.38,0.25,0.34,0.43,0.68,"",96,24.4,526,20.4,586,22.6,671,26.3,19320069,35.0,739428,29.2,9508,15.5,160,9.7
"18001","5","518210","78","0","2021","4","N",1,0,0,0,0,0,0,0,"N",0.38,0,0,0,0,0,0,0,"N",1,100.0,0,0,0,0,0,0,0,0,0,0,0,0,0,0
"18003","5","518210","78","0","2021","4","N",13,0,0,0,0,0,0,0,"N",0.38,0,0,0,0,0,0,0,"N",1,8.3,0,0,0,0,0,0,0,0,0,0,0,0,0,0
"18005","5","518210","78","0","2021","4","N",1,0,0,0,0,0,0,0,"N",0.14,0,0,0,0,0,0,0,"N",1,100.0,0,0,0,0,0,0,0,0,0,0,0,0,0,0
"18011","5","518210","78","0","2021","4","",3,14,15,15,411292,4447,22,2157,"",0.40,0.14,0.14,0.14,0.12,0.03,0.01,0.84,"N",1,50.0,0,0,0,0,0,0,0,0,0,0,0,0,0,0
"18017","5","518210","78","0","2021","4","N",1,0,0,0,0,0,0,0,"N",0.40,0,0,0,0,0,0,0,"N",0,0.0,0,0,0,0,0,0,0,0,0,0,0,0,0,0
"18019","5","518210","78","0","2021","4","",4,4,4,4,135575,17579,335,2607,"",0.40,0.03,0.03,0.03,0.03,0.09,0.11,1.09,"N",-1,-20.0,0,0,0,0,0,0,0,0,0,0,0,0,0,0
"18029","5","518210","78","0","2021","4","N",1,0,0,0,0,0,0,0,"N",0.26,0,0,0,0,0,0,0,"N",0,0.0,0,0,0,0,0,0,0,0,0,0,0,0,0,0
"18035","5","518210","78","0","2021","4","",4,7,8,9,165541,17384,435,1592,"",0.50,0.06,0.07,0.07,0.05,0.15,0.23,0.70,"N",1,33.3,0,0,0,0,0,0,0,0,0,0,0,0,0,0
"18039","5","518210","78","0","2021","4","N",2,0,0,0,0,0,0,0,"N",0.11,0,0,0,0,0,0,0,"N",-1,-33.3,0,0,0,0,0,0,0,0,0,0,0,0,0,0
"18043","5","518210","78","0","2021","4","N",1,0,0,0,0,0,0,0,"N",0.15,0,0,0,0,0,0,0,"N",0,0.0,0,0,0,0,0,0,0,0,0,0,0,0,0,0
"18051","5","518210","78","0","2021","4","N",1,0,0,0,0,0,0,0,"N",0.36,0,0,0,0,0,0,0,"N",1,100.0,0,0,0,0,0,0,0,0,0,0,0,0,0,0
"18053","5","518210","78","0","2021","4","N",1,0,0,0,0,0,0,0,"N",0.24,0,0,0,0,0,0,0,"N",1,100.0,0,0,0,0,0,0,0,0,0,0,0,0,0,0
"18057","5","518210","78","0","2021","4","",40,261,283,307,5147231,364618,6597,1396,"",1.04,0.63,0.68,0.73,0.31,0.69,0.71,0.45,"",7,21.2,65,33.2,85,42.9,118,62.4,151655,3.0,196881,117.4,3408,106.9,-581,-29.4
"18059","5","518210","78","0","2021","4","N",2,0,0,0,0,0,0,0,"N",0.32,0,0,0,0,0,0,0,"N",0,0.0,0,0,0,0,0,0,0,0,0,0,0,0,0,0
"18063","5","518210","78","0","2021","4","N",4,0,0,0,0,0,0,0,"N",0.29,0,0,0,0,0,0,0,"N",-1,-20.0,0,0,0,0,0,0,0,0,0,0,0,0,0,0
"18065","5","518210","78","0","2021","4","N",1,0,0,0,0,0,0,0,"N",0.33,0,0,0,0,0,0,0,"N",0,0.0,0,0,0,0,0,0,0,0,0,0,0,0,0,0
"18081","5","518210","78","0","2021","4","",7,33,34,34,1081902,19846,326,2472,"",0.52,0.20,0.20,0.20,0.22,0.08,0.10,1.11,"",0,0.0,1,3.1,0,0.0,1,3.0,160948,17.5,8573,76.0,163,100.0,325,15.1
"18083","5","518210","78","0","2021","4","N",1,0,0,0,0,0,0,0,"N",0.30,0,0,0,0,0,0,0,"N",0,0.0,0,0,0,0,0,0,0,0,0,0,0,0,0,0
"18085","5","518210","78","0","2021","4","N",1,0,0,0,0,0,0,0,"N",0.14,0,0,0,0,0,0,0,"N",0,0.0,0,0,0,0,0,0,0,0,0,0,0,0,0,0
"18089","5","518210","78","0","2021","4","",13,16,15,18,264791,11668,236,1247,"",0.33,0.03,0.03,0.04,0.01,0.02,0.02,0.46,"",4,44.4,-2,-11.1,1,7.1,4,28.6,14927,6.0,3414,41.4,46,24.2,-6,-0.5
"18091","5","518210","78","0","2021","4","N",3,0,0,0,0,0,0,0,"N",0.36,0,0,0,0,0,0,0,"N",1,50.0,0,0,0,0,0,0,0,0,0,0,0,0,0,0
"18093","5","518210","78","0","2021","4","N",1,0,0,0,0,0,0,0,"N",0.32,0,0,0,0,0,0,0,"N",0,0.0,0,0,0,0,0,0,0,0,0,0,0,0,0,0
"18095","5","518210","78","0","2021","4","",4,7,7,6,139827,5530,128,1613,"",0.48,0.06,0.06,0.06,0.05,0.05,0.07,0.75,"",0,0.0,-7,-50.0,-6,-46.2,-3,-33.3,-141181,-50.2,-12091,-68.6,-251,-66.2,-188,-10.4
"18097","5","518210","78","0","2021","4","",76,1331,1346,1347,29100524,714453,11017,1669,"",0.82,0.81,0.82,0.81,0.43,0.38,0.35,0.53,"",12,18.8,121,10.0,134,11.1,171,14.5,3979561,15.8,54473,8.3,-1575,-12.5,58,3.6
"18099","5","518210","78","0","2021","4","-",0,0,0,0,0,0,0,0,"N",0.00,0,0,0,0,0,0,0,"N",-1,-100.0,0,0,0,0,0,0,0,0,0,0,0,0,0,0
"18105","5","518210","78","0","2021","4","",4,11,11,12,257359,20311,508,1747,"",0.35,0.06,0.06,0.07,0.05,0.12,0.19,0.74,"N",2,100.0,0,0,0,0,0,0,0,0,0,0,0,0,0,0
"18107","5","518210","78","0","2021","4","N",2,0,0,0,0,0,0,0,"N",0.65,0,0,0,0,0,0,0,"N",0,0.0,0,0,0,0,0,0,0,0,0,0,0,0,0,0
"18109","5","518210","78","0","2021","4","N",1,0,0,0,0,0,0,0,"N",0.21,0,0,0,0,0,0,0,"N",1,100.0,0,0,0,0,0,0,0,0,0,0,0,0,0,0
"18119","5","518210","78","0","2021","4","N",1,0,0,0,0,0,0,0,"N",0.87,0,0,0,0,0,0,0,"N",0,0.0,0,0,0,0,0,0,0,0,0,0,0,0,0,0
"18121","5","518210","78","0","2021","4","-",0,0,0,0,0,0,0,0,"N",0.00,0,0,0,0,0,0,0,"N",-1,-100.0,0,0,0,0,0,0,0,0,0,0,0,0,0,0
"18127","5","518210","78","0","2021","4","",7,189,190,193,2874363,111627,1184,1160,"",0.50,1.15,1.15,1.17,0.52,0.61,0.30,0.45,"N",3,75.0,0,0,0,0,0,0,0,0,0,0,0,0,0,0
"18133","5","518210","78","0","2021","4","N",1,0,0,0,0,0,0,0,"N",0.38,0,0,0,0,0,0,0,"N",1,100.0,0,0,0,0,0,0,0,0,0,0,0,0,0,0
"18141","5","518210","78","0","2021","4","",14,297,299,294,8649004,192187,2545,2243,"",0.65,0.93,0.93,0.91,0.78,0.59,0.48,0.84,"",6,75.0,81,37.5,78,35.3,68,30.1,4540036,110.5,-525548,-73.2,-22525,-89.8,813,56.9
"18145","5","518210","78","0","2021","4","N",2,0,0,0,0,0,0,0,"N",0.57,0,0,0,0,0,0,0,"N",1,100.0,0,0,0,0,0,0,0,0,0,0,0,0,0,0
"18147","5","518210","78","0","2021","4","N",1,0,0,0,0,0,0,0,"N",0.58,0,0,0,0,0,0,0,"N",0,0.0,0,0,0,0,0,0,0,0,0,0,0,0,0,0
"18157","5","518210","78","0","2021","4","",3,4,4,4,95028,7809,39,1827,"",0.21,0.02,0.02,0.02,0.01,0.03,0.01,0.72,"N",0,0.0,0,0,0,0,0,0,0,0,0,0,0,0,0,0
"18163","5","518210","78","0","2021","4","",3,2,3,3,103636,2558,64,2990,"",0.17,0.01,0.01,0.01,0.01,0.01,0.01,1.20,"N",1,50.0,0,0,0,0,0,0,0,0,0,0,0,0,0,0
"18167","5","518210","78","0","2021","4","N",2,0,0,0,0,0,0,0,"N",0.23,0,0,0,0,0,0,0,"N",1,100.0,0,0,0,0,0,0,0,0,0,0,0,0,0,0
"18177","5","518210","78","0","2021","4","N",1,0,0,0,0,0,0,0,"N",0.20,0,0,0,0,0,0,0,"N",1,100.0,0,0,0,0,0,0,0,0,0,0,0,0,0,0
"18181","5","518210","78","0","2021","4","N",1,0,0,0,0,0,0,0,"N",0.41,0,0,0,0,0,0,0,"N",0,0.0,0,0,0,0,0,0,0,0,0,0,0,0,0,0
"18183","5","518210","78","0","2021","4","N",1,0,0,0,0,0,0,0,"N",0.38,0,0,0,0,0,0,0,"N",0,0.0,0,0,0,0,0,0,0,0,0,0,0,0,0,0
"18999","5","518210","78","0","2021","4","",259,703,727,742,20531361,1536152,42035,2181,"",3.36,2.92,2.97,2.98,1.71,2.92,3.38,0.58,"",53,25.7,199,39.5,222,44.0,231,45.2,7530393,57.9,790383,106.0,26311,167.3,207,10.5
"19000","3","518210","58","0","2021","4","N",2,0,0,0,0,0,0,0,"N",2.09,0,0,0,0,0,0,0,"N",0,0.0,0,0,0,0,0,0,0,0,0,0,0,0,0,0
"19000","5","518210","58","0","2021","4","",330,3410,3403,3438,87124556,10198991,142560,1961,"",0.85,0.82,0.81,0.82,0.60,0.83,0.84,0.73,"",47,16.6,-19,-0.6,-54,-1.6,-39,-1.1,10921525,14.3,1009950,11.0,33107,30.2,264,15.6
"19001","5","518210","78","0","2021","4","N",1,0,0,0,0,0,0,0,"N",0.86,0,0,0,0,0,0,0,"N",1,100.0,0,0,0,0,0,0,0,0,0,0,0,0,0,0
"19009","5","518210","78","0","2021","4","N",1,0,0,0,0,0,0,0,"N",1.22,0,0,0,0,0,0,0,"N",0,0.0,0,0,0,0,0,0,0,0,0,0,0,0,0,0
"19011","5","518210","78","0","2021","4","N",1,0,0,0,0,0,0,0,"N",0.41,0,0,0,0,0,0,0,"N",1,100.0,0,0,0,0,0,0,0,0,0,0,0,0,0,0
"19013","5","518210","78","0","2021","4","",10,30,30,32,777171,67153,685,1949,"",0.72,0.15,0.16,0.16,0.11,0.12,0.08,0.67,"",2,25.0,-1,-3.2,-2,-6.2,0,0.0,-87071,-10.1,6863,11.4,-457,-40.0,-150,-7.1
"19015","5","518210","78","0","2021","4","N",4,0,0,0,0,0,0,0,"N",1.47,0,0,0,0,0,0,0,"N",-1,-20.0,0,0,0,0,0,0,0,0,0,0,0,0,0,0
"19017","5","518210","78","0","2021","4","N",1,0,0,0,0,0,0,0,"N",0.39,0,0,0,0,0,0,0,"N",0,0.0,0,0,0,0,0,0,0,0,0,0,0,0,0,0
"19019","5","518210","78","0","2021","4","N",1,0,0,0,0,0,0,0,"N",0.44,0,0,0,0,0,0,0,"N",0,0.0,0,0,0,0,0,0,0,0,0,0,0,0,0,0
"19027","5","518210","78","0","2021","4","N",1,0,0,0,0,0,0,0,"N",0.29,0,0,0,0,0,0,0,"N",0,0.0,0,0,0,0,0,0,0,0,0,0,0,0,0,0
"19031","5","518210","78","0","2021","4","N",1,0,0,0,0,0,0,0,"N",0.47,0,0,0,0,0,0,0,"N",0,0.0,0,0,0,0,0,0,0,0,0,0,0,0,0,0
"19033","5","518210","78","0","2021","4","N",6,0,0,0,0,0,0,0,"N",1.01,0,0,0,0,0,0,0,"N",3,100.0,0,0,0,0,0,0,0,0,0,0,0,0,0,0
"19041","5","518210","78","0","2021","4","N",2,0,0,0,0,0,0,0,"N",0.75,0,0,0,0,0,0,0,"N",0,0.0,0,0,0,0,0,0,0,0,0,0,0,0,0,0
"19045","5","518210","78","0","2021","4","N",4,0,0,0,0,0,0,0,"N",0.76,0,0,0,0,0,0,0,"N",-2,-33.3,0,0,0,0,0,0,0,0,0,0,0,0,0,0
"19049","5","518210","78","0","2021","4","N",19,0,0,0,0,0,0,0,"N",1.69,0,0,0,0,0,0,0,"N",6,46.2,0,0,0,0,0,0,0,0,0,0,0,0,0,0
"19055","5","518210","78","0","2021","4","N",1,0,0,0,0,0,0,0,"N",0.45,0,0,0,0,0,0,0,"N",1,100.0,0,0,0,0,0,0,0,0,0,0,0,0,0,0
"19061","3","518210","78","0","2021","4","N",1,0,0,0,0,0,0,0,"N",32.09,0,0,0,0,0,0,0,"N",0,0.0,0,0,0,0,0,0,0,0,0,0,0,0,0,0
"19061","5","518210","78","0","2021","4","N",6,0,0,0,0,0,0,0,"N",0.47,0,0,0,0,0,0,0,"N",-3,-33.3,0,0,0,0,0,0,0,0,0,0,0,0,0,0
"19063","5","518210","78","0","2021","4","-",0,0,0,0,0,0,0,0,"N",0.00,0,0,0,0,0,0,0,"N",0,0,0,0,0,0,0,0,0,0,0,0,0,0,0,0
"19065","5","518210","78","0","2021","4","N",1,0,0,0,0,0,0,0,"N",0.41,0,0,0,0,0,0,0,"N",1,100.0,0,0,0,0,0,0,0,0,0,0,0,0,0,0
"19067","5","518210","78","0","2021","4","N",1,0,0,0,0,0,0,0,"N",0.59,0,0,0,0,0,0,0,"N",0,0.0,0,0,0,0,0,0,0,0,0,0,0,0,0,0
"19075","5","518210","78","0","2021","4","N",1,0,0,0,0,0,0,0,"N",0.74,0,0,0,0,0,0,0,"N",1,100.0,0,0,0,0,0,0,0,0,0,0,0,0,0,0
"19085","5","518210","78","0","2021","4","N",3,0,0,0,0,0,0,0,"N",1.79,0,0,0,0,0,0,0,"N",0,0.0,0,0,0,0,0,0,0,0,0,0,0,0,0,0
"19087","5","518210","78","0","2021","4","N",1,0,0,0,0,0,0,0,"N",0.45,0,0,0,0,0,0,0,"N",0,0.0,0,0,0,0,0,0,0,0,0,0,0,0,0,0
"19089","5","518210","78","0","2021","4","N",1,0,0,0,0,0,0,0,"N",0.84,0,0,0,0,0,0,0,"N",0,0.0,0,0,0,0,0,0,0,0,0,0,0,0,0,0
"19095","5","518210","78","0","2021","4","N",2,0,0,0,0,0,0,0,"N",0.81,0,0,0,0,0,0,0,"N",1,100.0,0,0,0,0,0,0,0,0,0,0,0,0,0,0
"19099","5","518210","78","0","2021","4","",6,5,4,5,144178,54913,549,2377,"",1.72,0.17,0.13,0.17,0.17,0.69,0.57,1.08,"N",3,100.0,0,0,0,0,0,0,0,0,0,0,0,0,0,0
"19101","5","518210","78","0","2021","4","N",3,0,0,0,0,0,0,0,"N",1.02,0,0,0,0,0,0,0,"N",1,50.0,0,0,0,0,0,0,0,0,0,0,0,0,0,0
"19103","5","518210","78","0","2021","4","",31,64,62,65,1110743,301609,3926,1342,"",1.81,0.29,0.27,0.29,0.14,0.60,0.68,0.49,"",6,24.0,3,4.9,3,5.1,5,8.3,65865,6.3,144566,92.1,1676,74.5,2,0.1
"19105","5","518210","78","0","2021","4","N",1,0,0,0,0,0,0,0,"N",0.43,0,0,0,0,0,0,0,"N",1,100.0,0,0,0,0,0,0,0,0,0,0,0,0,0,0
"19113","3","518210","78","0","2021","4","N",1,0,0,0,0,0,0,0,"N",15.14,0,0,0,0,0,0,0,"N",0,0.0,0,0,0,0,0,0,0,0,0,0,0,0,0,0
"19113","5","518210","78","0","2021","4","",40,634,642,669,14795847,1870496,23808,1755,"",1.49,1.84,1.84,1.92,1.12,1.88,1.58,0.60,"",7,21.2,59,10.3,64,11.1,95,16.6,663692,4.7,549993,41.7,5516,30.2,-133,-7.0
"19115","5","518210","78","0","2021","4","N",1,0,0,0,0,0,0,0,"N",1.01,0,0,0,0,0,0,0,"N",1,100.0,0,0,0,0,0,0,0,0,0,0,0,0,0,0
"19121","5","518210","78","0","2021","4","N",1,0,0,0,0,0,0,0,"N",0.51,0,0,0,0,0,0,0,"N",0,0.0,0,0,0,0,0,0,0,0,0,0,0,0,0,0
"19123","5","518210","78","0","2021","4","N",2,0,0,0,0,0,0,0,"N",0.86,0,0,0,0,0,0,0,"N",0,0.0,0,0,0,0,0,0,0,0,0,0,0,0,0,0
"19125","5","518210","78","0","2021","4","N",1,0,0,0,0,0,0,0,"N",0.26,0,0,0,0,0,0,0,"N",-1,-50.0,0,0,0,0,0,0,0,0,0,0,0,0,0,0
"19127","5","518210","78","0","2021","4","N",2,0,0,0,0,0,0,0,"N",0.54,0,0,0,0,0,0,0,"N",0,0.0,0,0,0,0,0,0,0,0,0,0,0,0,0,0
"19129","5","518210","78","0","2021","4","N",2,0,0,0,0,0,0,0,"N",1.32,0,0,0,0,0,0,0,"N",0,0.0,0,0,0,0,0,0,0,0,0,0,0,0,0,0
"19131","5","518210","78","0","2021","4","N",1,0,0,0,0,0,0,0,"N",0.73,0,0,0,0,0,0,0,"N",0,0.0,0,0,0,0,0,0,0,0,0,0,0,0,0,0
"19139","5","518210","78","0","2021","4","",3,4,5,5,239754,14712,147,3952,"",0.67,0.07,0.08,0.08,0.12,0.08,0.06,1.49,"N",0,0.0,0,0,0,0,0,0,0,0,0,0,0,0,0,0
"19145","5","518210","78","0","2021","4","N",1,0,0,0,0,0,0,0,"N",0.58,0,0,0,0,0,0,0,"N",0,0.0,0,0,0,0,0,0,0,0,0,0,0,0,0,0
"19153","5","518210","78","0","2021","4","",104,1005,1011,1024,33589864,2387843,29595,2550,"",1.50,1.22,1.22,1.23,0.98,0.92,0.84,0.80,"",11,11.8,10,1.0,15,1.5,29,2.9,6688728,24.9,-243178,-9.2,14958,102.2,471,22.7
"19155","5","518210","78","0","2021","4","N",10,0,0,0,0,0,0,0,"N",1.05,0,0,0,0,0,0,0,"N",0,0.0,0,0,0,0,0,0,0,0,0,0,0,0,0,0
"19157","5","518210","78","0","2021","4","N",3,0,0,0,0,0,0,0,"N",1.18,0,0,0,0,0,0,0,"N",1,50.0,0,0,0,0,0,0,0,0,0,0,0,0,0,0
"19163","5","518210","78","0","2021","4","",11,16,18,19,608575,86840,868,2650,"",0.52,0.07,0.08,0.08,0.07,0.11,0.07,1.00,"",0,0.0,-1,-5.9,1,5.9,2,11.8,67269,12.4,-22900,-20.9,104,13.6,201,8.2
"19165","5","518210","78","0","2021","4","N",3,0,0,0,0,0,0,0,"N",1.93,0,0,0,0,0,0,0,"N",0,0.0,0,0,0,0,0,0,0,0,0,0,0,0,0,0
"19167","5","518210","78","0","2021","4","N",1,0,0,0,0,0,0,0,"N",0.18,0,0,0,0,0,0,0,"N",0,0.0,0,0,0,0,0,0,0,0,0,0,0,0,0,0
"19169","5","518210","78","0","2021","4","",18,167,160,176,2715914,471237,1396,1246,"",1.73,1.32,1.26,1.39,0.60,1.56,0.40,0.45,"N",4,28.6,0,0,0,0,0,0,0,0,0,0,0,0,0,0
"19171","5","518210","78","0","2021","4","N",2,0,0,0,0,0,0,0,"N",1.21,0,0,0,0,0,0,0,"N",1,100.0,0,0,0,0,0,0,0,0,0,0,0,0,0,0
"19175","5","518210","78","0","2021","4","N",1,0,0,0,0,0,0,0,"N",0.62,0,0,0,0,0,0,0,"N",0,0.0,0,0,0,0,0,0,0,0,0,0,0,0,0,0
"19179","5","518210","78","0","2021","4","-",0,0,0,0,0,0,0,0,"N",0.00,0,0,0,0,0,0,0,"N",-1,-100.0,0,0,0,0,0,0,0,0,0,0,0,0,0,0
"19181","5","518210","78","0","2021","4","N",5,0,0,0,0,0,0,0,"N",1.10,0,0,0,0,0,0,0,"N",1,25.0,0,0,0,0,0,0,0,0,0,0,0,0,0,0
"19183","5","518210","78","0","2021","4","N",1,0,0,0,0,0,0,0,"N",0.34,0,0,0,0,0,0,0,"N",0,0.0,0,0,0,0,0,0,0,0,0,0,0,0,0,0
"19187","5","518210","78","0","2021","4","N",1,0,0,0,0,0,0,0,"N",0.24,0,0,0,0,0,0,0,"N",0,0.0,0,0,0,0,0,0,0,0,0,0,0,0,0,0
"19189","5","518210","78","0","2021","4","-",0,0,0,0,0,0,0,0,"N",0.00,0,0,0,0,0,0,0,"N",-1,-100.0,0,0,0,0,0,0,0,0,0,0,0,0,0,0
"19191","5","518210","78","0","2021","4","N",2,0,0,0,0,0,0,0,"N",0.73,0,0,0,0,0,0,0,"N",2,100.0,0,0,0,0,0,0,0,0,0,0,0,0,0,0
"19193","5","518210","78","0","2021","4","N",2,0,0,0,0,0,0,0,"N",0.17,0,0,0,0,0,0,0,"N",0,0.0,0,0,0,0,0,0,0,0,0,0,0,0,0,0
"19195","5","518210","78","0","2021","4","N",1,0,0,0,0,0,0,0,"N",1.20,0,0,0,0,0,0,0,"N",0,0.0,0,0,0,0,0,0,0,0,0,0,0,0,0,0
"19197","5","518210","78","0","2021","4","N",1,0,0,0,0,0,0,0,"N",0.57,0,0,0,0,0,0,0,"N",0,0.0,0,0,0,0,0,0,0,0,0,0,0,0,0,0
"20000","5","518210","58","0","2021","4","",417,2373,2394,2352,77904050,5317020,144057,2525,"",1.26,0.63,0.63,0.62,0.61,0.46,1.12,0.96,"",191,84.5,671,39.4,675,39.3,622,36.0,34383468,79.0,2896931,119.7,87722,155.7,575,29.5
"20005","5","518210","78","0","2021","4","N",1,0,0,0,0,0,0,0,"N",0.68,0,0,0,0,0,0,0,"N",0,0.0,0,0,0,0,0,0,0,0,0,0,0,0,0,0
"20009","5","518210","78","0","2021","4","N",1,0,0,0,0,0,0,0,"N",0.31,0,0,0,0,0,0,0,"N",1,100.0,0,0,0,0,0,0,0,0,0,0,0,0,0,0
"20015","5","518210","78","0","2021","4","",7,8,9,10,169687,39793,1100,1450,"",1.32,0.15,0.17,0.19,0.11,0.21,0.70,0.66,"N",6,600.0,0,0,0,0,0,0,0,0,0,0,0,0,0,0
"20021","5","518210","78","0","2021","4","N",1,0,0,0,0,0,0,0,"N",0.70,0,0,0,0,0,0,0,"N",1,100.0,0,0,0,0,0,0,0,0,0,0,0,0,0,0
"20031","5","518210","78","0","2021","4","N",2,0,0,0,0,0,0,0,"N",2.09,0,0,0,0,0,0,0,"N",0,0.0,0,0,0,0,0,0,0,0,0,0,0,0,0,0
"20035","5","518210","78","0","2021","4","N",1,0,0,0,0,0,0,0,"N",0.38,0,0,0,0,0,0,0,"N",0,0.0,0,0,0,0,0,0,0,0,0,0,0,0,0,0
"20037","5","518210","78","0","2021","4","N",1,0,0,0,0,0,0,0,"N",0.28,0,0,0,0,0,0,0,"N",0,0.0,0,0,0,0,0,0,0,0,0,0,0,0,0,0
"20041","5","518210","78","0","2021","4","N",1,0,0,0,0,0,0,0,"N",0.53,0,0,0,0,0,0,0,"N",1,100.0,0,0,0,0,0,0,0,0,0,0,0,0,0,0
"20043","5","518210","78","0","2021","4","N",1,0,0,0,0,0,0,0,"N",1.36,0,0,0,0,0,0,0,"N",1,100.0,0,0,0,0,0,0,0,0,0,0,0,0,0,0
"20045","5","518210","78","0","2021","4","",18,68,67,69,1687913,85786,1831,1909,"",1.53,0.52,0.51,0.53,0.43,0.19,0.45,0.83,"N",10,125.0,0,0,0,0,0,0,0,0,0,0,0,0,0,0
"20055","5","518210","78","0","2021","4","N",2,0,0,0,0,0,0,0,"N",0.53,0,0,0,0,0,0,0,"N",2,100.0,0,0,0,0,0,0,0,0,0,0,0,0,0,0
"20059","5","518210","78","0","2021","4","N",2,0,0,0,0,0,0,0,"N",0.88,0,0,0,0,0,0,0,"N",2,100.0,0,0,0,0,0,0,0,0,0,0,0,0,0,0
"20061","5","518210","78","0","2021","4","",4,2,2,3,42623,14452,396,1405,"",1.55,0.06,0.06,0.09,0.04,0.13,0.40,0.65,"N",3,300.0,0,0,0,0,0,0,0,0,0,0,0,0,0,0
"20071","5","518210","78","0","2021","4","N",1,0,0,0,0,0,0,0,"N",4.21,0,0,0,0,0,0,0,"N",0,0.0,0,0,0,0,0,0,0,0,0,0,0,0,0,0
"20079","5","518210","78","0","2021","4","N",4,0,0,0,0,0,0,0,"N",1.46,0,0,0,0,0,0,0,"N",1,33.3,0,0,0,0,0,0,0,0,0,0,0,0,0,0
"20087","5","518210","78","0","2021","4","N",2,0,0,0,0,0,0,0,"N",1.40,0,0,0,0,0,0,0,"N",2,100.0,0,0,0,0,0,0,0,0,0,0,0,0,0,0
"20089","5","518210","78","0","2021","4","N",1,0,0,0,0,0,0,0,"N",2.57,0,0,0,0,0,0,0,"N",1,100.0,0,0,0,0,0,0,0,0,0,0,0,0,0,0
"20091","5","518210","78","0","2021","4","",229,1514,1530,1481,59224032,3869177,106287,3020,"",2.46,1.57,1.58,1.52,1.43,1.27,2.45,0.92,"",110,92.4,521,52.5,522,51.8,467,46.1,30801957,108.4,2282878,143.9,66673,168.3,845,38.9
"20095","5","518210","78","0","2021","4","N",1,0,0,0,0,0,0,0,"N",1.10,0,0,0,0,0,0,0,"N",1,100.0,0,0,0,0,0,0,0,0,0,0,0,0,0,0
"20103","5","518210","78","0","2021","4","",8,19,19,19,390875,18847,431,1582,"",1.48,0.34,0.34,0.34,0.22,0.11,0.27,0.64,"N",4,100.0,0,0,0,0,0,0,0,0,0,0,0,0,0,0
"20113","5","518210","78","0","2021","4","N",2,0,0,0,0,0,0,0,"N",0.60,0,0,0,0,0,0,0,"N",1,100.0,0,0,0,0,0,0,0,0,0,0,0,0,0,0
"20121","5","518210","78","0","2021","4","N",2,0,0,0,0,0,0,0,"N",0.65,0,0,0,0,0,0,0,"N",1,100.0,0,0,0,0,0,0,0,0,0,0,0,0,0,0
"20123","5","518210","78","0","2021","4","N",1,0,0,0,0,0,0,0,"N",1.04,0,0,0,0,0,0,0,"N",1,100.0,0,0,0,0,0,0,0,0,0,0,0,0,0,0
"20125","5","518210","78","0","2021","4","N",1,0,0,0,0,0,0,0,"N",0.15,0,0,0,0,0,0,0,"N",1,100.0,0,0,0,0,0,0,0,0,0,0,0,0,0,0
"20133","5","518210","78","0","2021","4","N",1,0,0,0,0,0,0,0,"N",0.58,0,0,0,0,0,0,0,"N",0,0.0,0,0,0,0,0,0,0,0,0,0,0,0,0,0
"20151","5","518210","78","0","2021","4","N",2,0,0,0,0,0,0,0,"N",1.57,0,0,0,0,0,0,0,"N",0,0.0,0,0,0,0,0,0,0,0,0,0,0,0,0,0
"20155","5","518210","78","0","2021","4","N",8,0,0,0,0,0,0,0,"N",1.37,0,0,0,0,0,0,0,"N",2,33.3,0,0,0,0,0,0,0,0,0,0,0,0,0,0
"20159","5","518210","78","0","2021","4","N",1,0,0,0,0,0,0,0,"N",0.85,0,0,0,0,0,0,0,"N",1,100.0,0,0,0,0,0,0,0,0,0,0,0,0,0,0
"20161","5","518210","78","0","2021","4","N",8,0,0,0,0,0,0,0,"N",1.23,0,0,0,0,0,0,0,"N",6,300.0,0,0,0,0,0,0,0,0,0,0,0,0,0,0
"20167","5","518210","78","0","2021","4","N",1,0,0,0,0,0,0,0,"N",0.96,0,0,0,0,0,0,0,"N",0,0.0,0,0,0,0,0,0,0,0,0,0,0,0,0,0
"20169","5","518210","78","0","2021","4","",5,5,5,5,71751,24310,632,1104,"",0.92,0.06,0.06,0.06,0.03,0.12,0.32,0.51,"",1,25.0,2,66.7,2,66.7,2,66.7,16803,30.6,7030,40.7,176,38.6,-305,-21.6
"20171","5","518210","78","0","2021","4","N",1,0,0,0,0,0,0,0,"N",1.09,0,0,0,0,0,0,0,"N",1,100.0,0,0,0,0,0,0,0,0,0,0,0,0,0,0
"20173","5","518210","78","0","2021","4","",52,138,146,147,2620104,388591,9825,1403,"",1.10,0.20,0.21,0.21,0.11,0.21,0.41,0.53,"",25,92.6,39,39.4,44,43.1,46,45.5,1102184,72.6,223269,135.1,5389,121.5,243,20.9
"20175","5","518210","78","0","2021","4","N",1,0,0,0,0,0,0,0,"N",0.50,0,0,0,0,0,0,0,"N",1,100.0,0,0,0,0,0,0,0,0,0,0,0,0,0,0
"20177","5","518210","78","0","2021","4","",13,104,105,105,3651535,160253,5820,2684,"",0.72,0.40,0.40,0.40,0.43,0.33,0.81,1.08,"",1,8.3,43,70.5,43,69.4,43,69.4,1837158,101.3,38614,31.7,3499,150.8,421,18.6
"20185","5","518210","78","0","2021","4","N",1,0,0,0,0,0,0,0,"N",1.61,0,0,0,0,0,0,0,"N",0,0.0,0,0,0,0,0,0,0,0,0,0,0,0,0,0
"20195","5","518210","78","0","2021","4","N",2,0,0,0,0,0,0,0,"N",4.41,0,0,0,0,0,0,0,"N",1,100.0,0,0,0,0,0,0,0,0,0,0,0,0,0,0
"20205","5","518210","78","0","2021","4","N",1,0,0,0,0,0,0,0,"N",1.15,0,0,0,0,0,0,0,"N",1,100.0,0,0,0,0,0,0,0,0,0,0,0,0,0,0
"20209","5","518210","78","0","2021","4","",10,126,123,121,3395571,91816,2305,2118,"",0.78,0.52,0.50,0.50,0.38,0.07,0.23,0.74,"N",2,25.0,0,0,0,0,0,0,0,0,0,0,0,0,0,0
"20999","5","518210","78","0","2021","4","",16,61,62,61,1763916,102761,2248,2212,"",2.38,0.94,0.95,0.94,0.56,0.71,0.67,0.59,"",-1,-5.9,-29,-32.2,-25,-28.7,-29,-32.2,-1266224,-41.8,5788,6.0,-243,-9.8,-407,-15.5
"21000","3","518210","58","0","2021","4","N",1,0,0,0,0,0,0,0,"N",0.82,0,0,0,0,0,0,0,"N",0,0.0,0,0,0,0,0,0,0,0,0,0,0,0,0,0
"21000","5","518210","58","0","2021","4","",396,4547,4521,4507,90508248,4737751,104824,1539,"",0.80,0.88,0.86,0.85,0.52,0.71,0.82,0.60,"",114,40.4,576,14.5,496,12.3,434,10.7,9185903,11.3,1471558,45.1,37959,56.8,-16,-1.0
"21005","5","518210","78","0","2021","4","N",1,0,0,0,0,0,0,0,"N",0.60,0,0,0,0,0,0,0,"N",-1,-50.0,0,0,0,0,0,0,0,0,0,0,0,0,0,0
"21007","5","518210","78","0","2021","4","N",1,0,0,0,0,0,0,0,"N",1.33,0,0,0,0,0,0,0,"N",1,100.0,0,0,0,0,0,0,0,0,0,0,0,0,0,0
"21015","5","518210","78","0","2021","4","",22,158,155,164,2621615,193866,3936,1268,"",1.16,0.56,0.54,0.56,0.27,0.37,0.43,0.49,"",6,37.5,-25,-13.7,-37,-19.3,-13,-7.3,150269,6.1,-174930,-47.4,-1806,-31.5,235,22.7
"21019","5","518210","78","0","2021","4","N",7,0,0,0,0,0,0,0,"N",1.21,0,0,0,0,0,0,0,"N",3,75.0,0,0,0,0,0,0,0,0,0,0,0,0,0,0
"21021","5","518210","78","0","2021","4","N",1,0,0,0,0,0,0,0,"N",0.30,0,0,0,0,0,0,0,"N",1,100.0,0,0,0,0,0,0,0,0,0,0,0,0,0,0
"21023","5","518210","78","0","2021","4","N",1,0,0,0,0,0,0,0,"N",1.64,0,0,0,0,0,0,0,"N",1,100.0,0,0,0,0,0,0,0,0,0,0,0,0,0,0
"21029","5","518210","78","0","2021","4","",3,4,4,4,80358,0,0,1545,"",0.56,0.05,0.05,0.05,0.03,0.00,0.00,0.69,"N",2,200.0,0,0,0,0,0,0,0,0,0,0,0,0,0,0
"21035","5","518210","78","0","2021","4","N",3,0,0,0,0,0,0,0,"N",0.74,0,0,0,0,0,0,0,"N",2,200.0,0,0,0,0,0,0,0,0,0,0,0,0,0,0
"21037","5","518210","78","0","2021","4","",15,16,16,15,510009,26640,1085,2504,"",1.59,0.20,0.19,0.18,0.20,0.28,0.65,1.06,"",4,36.4,5,45.5,5,45.5,2,15.4,-139058,-21.4,25180,1724.7,1047,2755.3,-1776,-41.5
"21045","5","518210","78","0","2021","4","N",1,0,0,0,0,0,0,0,"N",0.87,0,0,0,0,0,0,0,"N",0,0.0,0,0,0,0,0,0,0,0,0,0,0,0,0,0
"21047","5","518210","78","0","2021","4","",7,9,9,9,255168,10301,233,2181,"",1.04,0.11,0.11,0.11,0.11,0.10,0.10,0.99,"N",1,16.7,0,0,0,0,0,0,0,0,0,0,0,0,0,0
"21049","5","518210","78","0","2021","4","N",2,0,0,0,0,0,0,0,"N",0.60,0,0,0,0,0,0,0,"N",0,0.0,0,0,0,0,0,0,0,0,0,0,0,0,0,0
"21059","5","518210","78","0","2021","4","N",2,0,0,0,0,0,0,0,"N",0.18,0,0,0,0,0,0,0,"N",0,0.0,0,0,0,0,0,0,0,0,0,0,0,0,0,0
"21067","5","518210","78","0","2021","4","",61,612,600,596,15017232,637202,12924,1917,"",1.31,1.17,1.13,1.12,0.78,1.02,1.11,0.68,"",16,35.6,113,22.6,105,21.2,89,17.6,803744,5.7,137529,27.5,2895,28.9,-268,-12.3
"21071","5","518210","78","0","2021","4","N",1,0,0,0,0,0,0,0,"N",0.27,0,0,0,0,0,0,0,"N",0,0.0,0,0,0,0,0,0,0,0,0,0,0,0,0,0
"21073","3","518210","78","0","2021","4","N",1,0,0,0,0,0,0,0,"N",48.46,0,0,0,0,0,0,0,"N",0,0.0,0,0,0,0,0,0,0,0,0,0,0,0,0,0
"21073","5","518210","78","0","2021","4","",14,100,105,105,2447246,111150,2732,1822,"",1.67,1.15,1.20,1.19,0.91,1.20,1.43,0.77,"",6,75.0,-11,-9.9,-5,-4.5,-2,-1.9,205350,9.2,84451,316.3,2116,343.5,245,15.5
"21079","5","518210","78","0","2021","4","N",1,0,0,0,0,0,0,0,"N",0.81,0,0,0,0,0,0,0,"N",0,0.0,0,0,0,0,0,0,0,0,0,0,0,0,0,0
"21081","5","518210","78","0","2021","4","N",1,0,0,0,0,0,0,0,"N",0.53,0,0,0,0,0,0,0,"N",1,100.0,0,0,0,0,0,0,0,0,0,0,0,0,0,0
"21089","5","518210","78","0","2021","4","N",2,0,0,0,0,0,0,0,"N",0.83,0,0,0,0,0,0,0,"N",1,100.0,0,0,0,0,0,0,0,0,0,0,0,0,0,0
"21093","5","518210","78","0","2021","4","",13,87,85,85,2007695,27348,529,1803,"",1.13,0.71,0.69,0.68,0.55,0.19,0.21,0.79,"N",2,18.2,0,0,0,0,0,0,0,0,0,0,0,0,0,0
"21101","5","518210","78","0","2021","4","N",3,0,0,0,0,0,0,0,"N",0.67,0,0,0,0,0,0,0,"N",0,0.0,0,0,0,0,0,0,0,0,0,0,0,0,0,0
"21103","5","518210","78","0","2021","4","N",1,0,0,0,0,0,0,0,"N",0.83,0,0,0,0,0,0,0,"N",1,100.0,0,0,0,0,0,0,0,0,0,0,0,0,0,0
"21109","5","518210","78","0","2021","4","N",1,0,0,0,0,0,0,0,"N",1.65,0,0,0,0,0,0,0,"N",0,0.0,0,0,0,0,0,0,0,0,0,0,0,0,0,0
"21111","5","518210","78","0","2021","4","",126,1489,1487,1499,37997542,1684332,37386,1959,"",1.20,1.17,1.16,1.16,0.75,1.00,1.19,0.64,"",42,50.0,195,15.1,158,11.9,151,11.2,4088832,12.1,825460,96.1,19954,114.5,-12,-0.6
"21113","5","518210","78","0","2021","4","N",5,0,0,0,0,0,0,0,"N",0.88,0,0,0,0,0,0,0,"N",2,66.7,0,0,0,0,0,0,0,0,0,0,0,0,0,0
"21115","5","518210","78","0","2021","4","-",0,0,0,0,0,0,0,0,"N",0.00,0,0,0,0,0,0,0,"N",-1,-100.0,0,0,0,0,0,0,0,0,0,0,0,0,0,0
"21117","5","518210","78","0","2021","4","N",15,0,0,0,0,0,0,0,"N",0.85,0,0,0,0,0,0,0,"N",5,50.0,0,0,0,0,0,0,0,0,0,0,0,0,0,0
"21125","5","518210","78","0","2021","4","",6,239,242,244,2837435,345496,7585,903,"",1.02,3.29,3.30,3.32,1.51,3.36,4.01,0.46,"",0,0.0,-47,-16.4,-43,-15.1,-44,-15.3,119254,4.4,26184,8.2,510,7.2,173,23.7
"21133","5","518210","78","0","2021","4","N",1,0,0,0,0,0,0,0,"N",0.62,0,0,0,0,0,0,0,"N",-1,-50.0,0,0,0,0,0,0,0,0,0,0,0,0,0,0
"21141","5","518210","78","0","2021","4","N",1,0,0,0,0,0,0,0,"N",0.42,0,0,0,0,0,0,0,"N",0,0.0,0,0,0,0,0,0,0,0,0,0,0,0,0,0
"21145","5","518210","78","0","2021","4","N",6,0,0,0,0,0,0,0,"N",0.65,0,0,0,0,0,0,0,"N",1,20.0,0,0,0,0,0,0,0,0,0,0,0,0,0,0
"21151","5","518210","78","0","2021","4","N",8,0,0,0,0,0,0,0,"N",0.91,0,0,0,0,0,0,0,"N",3,60.0,0,0,0,0,0,0,0,0,0,0,0,0,0,0
"21157","5","518210","78","0","2021","4","N",1,0,0,0,0,0,0,0,"N",0.31,0,0,0,0,0,0,0,"N",0,0.0,0,0,0,0,0,0,0,0,0,0,0,0,0,0
"21167","5","518210","78","0","2021","4","N",2,0,0,0,0,0,0,0,"N",1.11,0,0,0,0,0,0,0,"N",1,100.0,0,0,0,0,0,0,0,0,0,0,0,0,0,0
"21173","5","518210","78","0","2021","4","N",1,0,0,0,0,0,0,0,"N",0.36,0,0,0,0,0,0,0,"N",0,0.0,0,0,0,0,0,0,0,0,0,0,0,0,0,0
"21179","5","518210","78","0","2021","4","N",2,0,0,0,0,0,0,0,"N",0.42,0,0,0,0,0,0,0,"N",0,0.0,0,0,0,0,0,0,0,0,0,0,0,0,0,0
"21185","5","518210","78","0","2021","4","",7,9,10,10,566080,10800,292,4505,"",0.99,0.20,0.22,0.22,0.38,0.21,0.31,1.77,"",1,16.7,-2,-18.2,-1,-9.1,-1,-9.1,-13986,-2.4,6067,128.2,182,165.5,449,11.1
"21191","5","518210","78","0","2021","4","N",1,0,0,0,0,0,0,0,"N",1.16,0,0,0,0,0,0,0,"N",0,0.0,0,0,0,0,0,0,0,0,0,0,0,0,0,0
"21193","5","518210","78","0","2021","4","N",1,0,0,0,0,0,0,0,"N",0.32,0,0,0,0,0,0,0,"N",1,100.0,0,0,0,0,0,0,0,0,0,0,0,0,0,0
"21195","5","518210","78","0","2021","4","N",1,0,0,0,0,0,0,0,"N",0.19,0,0,0,0,0,0,0,"N",0,0.0,0,0,0,0,0,0,0,0,0,0,0,0,0,0
"21197","5","518210","78","0","2021","4","N",2,0,0,0,0,0,0,0,"N",2.15,0,0,0,0,0,0,0,"N",2,100.0,0,0,0,0,0,0,0,0,0,0,0,0,0,0
"21199","5","518210","78","0","2021","4","N",2,0,0,0,0,0,0,0,"N",0.30,0,0,0,0,0,0,0,"N",0,0.0,0,0,0,0,0,0,0,0,0,0,0,0,0,0
"21203","5","518210","78","0","2021","4","N",1,0,0,0,0,0,0,0,"N",1.10,0,0,0,0,0,0,0,"N",-1,-50.0,0,0,0,0,0,0,0,0,0,0,0,0,0,0
"21205","5","518210","78","0","2021","4","N",1,0,0,0,0,0,0,0,"N",0.41,0,0,0,0,0,0,0,"N",0,0.0,0,0,0,0,0,0,0,0,0,0,0,0,0,0
"21209","5","518210","78","0","2021","4","",8,11,11,12,574324,17103,462,3898,"",1.51,0.14,0.14,0.15,0.21,0.15,0.21,1.47,"",4,100.0,5,83.3,5,83.3,6,100.0,242143,72.9,6303,58.4,178,62.7,-361,-8.5
"21211","5","518210","78","0","2021","4","N",1,0,0,0,0,0,0,0,"N",0.21,0,0,0,0,0,0,0,"N",0,0.0,0,0,0,0,0,0,0,0,0,0,0,0,0,0
"21213","5","518210","78","0","2021","4","N",2,0,0,0,0,0,0,0,"N",0.96,0,0,0,0,0,0,0,"N",2,100.0,0,0,0,0,0,0,0,0,0,0,0,0,0,0
"21227","5","518210","78","0","2021","4","N",9,0,0,0,0,0,0,0,"N",0.58,0,0,0,0,0,0,0,"N",1,12.5,0,0,0,0,0,0,0,0,0,0,0,0,0,0
"21231","5","518210","78","0","2021","4","N",1,0,0,0,0,0,0,0,"N",0.71,0,0,0,0,0,0,0,"N",0,0.0,0,0,0,0,0,0,0,0,0,0,0,0,0,0
"21235","5","518210","78","0","2021","4","N",3,0,0,0,0,0,0,0,"N",0.92,0,0,0,0,0,0,0,"N",0,0.0,0,0,0,0,0,0,0,0,0,0,0,0,0,0
"21239","5","518210","78","0","2021","4","",3,3,3,3,174894,5287,143,4484,"",0.94,0.12,0.12,0.12,0.24,0.18,0.24,2.01,"N",2,200.0,0,0,0,0,0,0,0,0,0,0,0,0,0,0
"21999","5","518210","78","0","2021","4","",15,730,704,659,9158030,500529,9055,1010,"",0.70,8.26,7.77,7.28,2.22,2.68,1.73,0.29,"",3,25.0,460,170.4,433,159.8,367,125.7,4399169,92.4,202792,68.1,3384,59.7,-308,-23.4
"22000","5","518210","58","0","2021","4","",490,3023,3074,3053,77262984,5092192,69574,1949,"",0.93,0.60,0.60,0.60,0.44,1.02,0.91,0.74,"",127,35.0,367,13.8,380,14.1,375,14.0,29441680,61.6,3257030,177.5,42011,152.4,574,41.7
"22005","5","518210","78","0","2021","4","",9,16,16,15,388927,0,0,1910,"",0.71,0.12,0.12,0.12,0.08,0.00,0.00,0.65,"",2,28.6,4,33.3,4,33.3,3,25.0,127171,48.6,-19350,-100.0,-328,-100.0,232,13.8
"22011","5","518210","78","0","2021","4","N",2,0,0,0,0,0,0,0,"N",0.70,0,0,0,0,0,0,0,"N",-1,-33.3,0,0,0,0,0,0,0,0,0,0,0,0,0,0
"22013","5","518210","78","0","2021","4","N",1,0,0,0,0,0,0,0,"N",0.89,0,0,0,0,0,0,0,"N",0,0.0,0,0,0,0,0,0,0,0,0,0,0,0,0,0
"22015","5","518210","78","0","2021","4","",15,43,40,41,720321,82100,1231,1341,"",1.27,0.37,0.34,0.35,0.21,0.74,0.78,0.61,"",4,36.4,-16,-27.1,-21,-34.4,-21,-33.9,-331802,-31.5,53207,184.2,677,122.2,7,0.5
"22017","5","518210","78","0","2021","4","",21,210,209,199,2844793,636487,7303,1062,"",0.76,0.72,0.71,0.67,0.30,2.41,1.90,0.42,"",2,10.5,30,16.7,29,16.1,19,10.6,60211,2.2,589616,1258.0,6658,1032.2,-128,-10.8
"22019","5","518210","78","0","2021","4","",12,16,16,16,196866,13406,96,946,"",0.58,0.07,0.07,0.07,0.02,0.05,0.02,0.34,"",3,33.3,4,33.3,6,60.0,6,60.0,98372,99.9,13003,3226.6,92,2300.0,236,33.2
"22023","5","518210","78","0","2021","4","N",1,0,0,0,0,0,0,0,"N",1.60,0,0,0,0,0,0,0,"N",1,100.0,0,0,0,0,0,0,0,0,0,0,0,0,0,0
"22025","5","518210","78","0","2021","4","N",1,0,0,0,0,0,0,0,"N",1.07,0,0,0,0,0,0,0,"N",0,0.0,0,0,0,0,0,0,0,0,0,0,0,0,0,0
"22033","5","518210","78","0","2021","4","",85,1059,1073,1061,22784167,693440,11236,1647,"",1.31,1.47,1.48,1.46,0.85,0.90,0.86,0.58,"",21,32.8,143,15.6,168,18.6,166,18.5,3706597,19.4,494448,248.5,7921,238.9,26,1.6
"22037","5","518210","78","0","2021","4","N",2,0,0,0,0,0,0,0,"N",1.50,0,0,0,0,0,0,0,"N",1,100.0,0,0,0,0,0,0,0,0,0,0,0,0,0,0
"22039","5","518210","78","0","2021","4","N",1,0,0,0,0,0,0,0,"N",0.44,0,0,0,0,0,0,0,"N",0,0.0,0,0,0,0,0,0,0,0,0,0,0,0,0,0
"22045","5","518210","78","0","2021","4","N",3,0,0,0,0,0,0,0,"N",0.44,0,0,0,0,0,0,0,"N",3,100.0,0,0,0,0,0,0,0,0,0,0,0,0,0,0
"22051","5","518210","78","0","2021","4","",56,476,491,471,5759932,1348450,21850,924,"",1.02,0.97,0.99,0.94,0.31,2.71,3.13,0.33,"",17,43.6,105,28.3,128,35.3,119,33.8,1290926,28.9,892471,195.7,13053,148.4,-26,-2.7
"22055","5","518210","78","0","2021","4","N",38,0,0,0,0,0,0,0,"N",0.96,0,0,0,0,0,0,0,"N",17,81.0,0,0,0,0,0,0,0,0,0,0,0,0,0,0
"22057","5","518210","78","0","2021","4","N",3,0,0,0,0,0,0,0,"N",0.39,0,0,0,0,0,0,0,"N",1,50.0,0,0,0,0,0,0,0,0,0,0,0,0,0,0
"22059","5","518210","78","0","2021","4","N",1,0,0,0,0,0,0,0,"N",0.63,0,0,0,0,0,0,0,"N",0,0.0,0,0,0,0,0,0,0,0,0,0,0,0,0,0
"22061","5","518210","78","0","2021","4","N",2,0,0,0,0,0,0,0,"N",0.40,0,0,0,0,0,0,0,"N",1,100.0,0,0,0,0,0,0,0,0,0,0,0,0,0,0
"22063","5","518210","78","0","2021","4","",5,6,5,5,129329,7903,149,1865,"",0.51,0.07,0.06,0.06,0.06,0.09,0.12,0.93,"N",0,0.0,0,0,0,0,0,0,0,0,0,0,0,0,0,0
"22067","5","518210","78","0","2021","4","N",1,0,0,0,0,0,0,0,"N",0.49,0,0,0,0,0,0,0,"N",1,100.0,0,0,0,0,0,0,0,0,0,0,0,0,0,0
"22071","5","518210","78","0","2021","4","",110,451,480,486,29411454,526368,8365,4790,"",1.94,0.93,0.96,0.96,1.50,1.07,1.17,1.58,"",24,27.9,46,11.4,-1,-0.2,-4,-0.8,20446226,228.1,-265132,-33.5,-1333,-13.7,3286,218.5
"22073","5","518210","78","0","2021","4","",13,255,260,259,5740375,128229,1856,1712,"",0.70,1.37,1.38,1.37,1.10,0.75,0.75,0.80,"",4,44.4,15,6.2,22,9.2,27,11.6,843138,17.2,66241,106.9,959,106.9,120,7.5
"22075","5","518210","78","0","2021","4","N",1,0,0,0,0,0,0,0,"N",0.35,0,0,0,0,0,0,0,"N",0,0.0,0,0,0,0,0,0,0,0,0,0,0,0,0,0
"22079","5","518210","78","0","2021","4","N",4,0,0,0,0,0,0,0,"N",0.28,0,0,0,0,0,0,0,"N",-1,-20.0,0,0,0,0,0,0,0,0,0,0,0,0,0,0
"22083","5","518210","78","0","2021","4","N",1,0,0,0,0,0,0,0,"N",0.51,0,0,0,0,0,0,0,"N",1,100.0,0,0,0,0,0,0,0,0,0,0,0,0,0,0
"22087","5","518210","78","0","2021","4","N",3,0,0,0,0,0,0,0,"N",0.88,0,0,0,0,0,0,0,"N",2,200.0,0,0,0,0,0,0,0,0,0,0,0,0,0,0
"22089","5","518210","78","0","2021","4","N",2,0,0,0,0,0,0,0,"N",0.41,0,0,0,0,0,0,0,"N",-1,-33.3,0,0,0,0,0,0,0,0,0,0,0,0,0,0
"22095","5","518210","78","0","2021","4","N",2,0,0,0,0,0,0,0,"N",0.56,0,0,0,0,0,0,0,"N",1,100.0,0,0,0,0,0,0,0,0,0,0,0,0,0,0
"22097","5","518210","78","0","2021","4","N",4,0,0,0,0,0,0,0,"N",0.55,0,0,0,0,0,0,0,"N",1,33.3,0,0,0,0,0,0,0,0,0,0,0,0,0,0
"22099","5","518210","78","0","2021","4","N",2,0,0,0,0,0,0,0,"N",0.53,0,0,0,0,0,0,0,"N",1,100.0,0,0,0,0,0,0,0,0,0,0,0,0,0,0
"22101","5","518210","78","0","2021","4","N",1,0,0,0,0,0,0,0,"N",0.19,0,0,0,0,0,0,0,"N",1,100.0,0,0,0,0,0,0,0,0,0,0,0,0,0,0
"22103","5","518210","78","0","2021","4","",58,88,89,93,1868321,128617,1902,1597,"",1.65,0.35,0.36,0.37,0.22,0.51,0.57,0.62,"",21,56.8,7,8.6,7,8.5,7,8.1,396008,26.9,21451,20.0,489,34.6,232,17.0
"22105","5","518210","78","0","2021","4","N",5,0,0,0,0,0,0,0,"N",0.41,0,0,0,0,0,0,0,"N",1,25.0,0,0,0,0,0,0,0,0,0,0,0,0,0,0
"22109","5","518210","78","0","2021","4","",6,8,8,10,99320,39999,416,882,"",0.50,0.07,0.07,0.08,0.02,0.35,0.26,0.33,"",1,20.0,-6,-42.9,-7,-46.7,-5,-33.3,-48404,-32.8,36285,977.0,347,502.9,107,13.8
"22111","5","518210","78","0","2021","4","N",2,0,0,0,0,0,0,0,"N",1.27,0,0,0,0,0,0,0,"N",0,0.0,0,0,0,0,0,0,0,0,0,0,0,0,0,0
"22113","5","518210","78","0","2021","4","-",0,0,0,0,0,0,0,0,"N",0.00,0,0,0,0,0,0,0,"N",-1,-100.0,0,0,0,0,0,0,0,0,0,0,0,0,0,0
"22115","5","518210","78","0","2021","4","N",2,0,0,0,0,0,0,0,"N",0.57,0,0,0,0,0,0,0,"N",1,100.0,0,0,0,0,0,0,0,0,0,0,0,0,0,0
"22119","5","518210","78","0","2021","4","N",2,0,0,0,0,0,0,0,"N",0.58,0,0,0,0,0,0,0,"N",1,100.0,0,0,0,0,0,0,0,0,0,0,0,0,0,0
"22125","5","518210","78","0","2021","4","N",1,0,0,0,0,0,0,0,"N",0.99,0,0,0,0,0,0,0,"N",-1,-50.0,0,0,0,0,0,0,0,0,0,0,0,0,0,0
"22999","5","518210","78","0","2021","4","",12,69,64,72,1191839,63640,1149,1342,"",1.35,0.75,0.70,0.81,0.26,0.34,0.32,0.34,"",-1,-7.7,4,6.2,0,0.0,6,9.1,173842,17.1,44446,231.6,977,568.0,137,11.4
"23000","5","518210","58","0","2021","4","",149,755,767,768,19167871,602573,15333,1932,"",0.69,0.44,0.46,0.45,0.32,0.30,0.33,0.72,"",41,38.0,86,12.9,94,14.0,92,13.6,4445763,30.2,230018,61.7,8316,118.5,248,14.7
"23001","5","518210","78","0","2021","4","N",6,0,0,0,0,0,0,0,"N",0.50,0,0,0,0,0,0,0,"N",1,20.0,0,0,0,0,0,0,0,0,0,0,0,0,0,0
"23003","5","518210","78","0","2021","4","N",4,0,0,0,0,0,0,0,"N",0.48,0,0,0,0,0,0,0,"N",2,100.0,0,0,0,0,0,0,0,0,0,0,0,0,0,0
"23005","5","518210","78","0","2021","4","",50,365,366,366,9332342,243579,5794,1963,"",0.87,0.73,0.73,0.73,0.46,0.41,0.43,0.63,"",13,35.1,36,10.9,41,12.6,35,10.6,1374069,17.3,81000,49.8,2692,86.8,99,5.3
"23007","5","518210","78","0","2021","4","N",1,0,0,0,0,0,0,0,"N",0.27,0,0,0,0,0,0,0,"N",0,0.0,0,0,0,0,0,0,0,0,0,0,0,0,0,0
"23009","5","518210","78","0","2021","4","N",5,0,0,0,0,0,0,0,"N",0.50,0,0,0,0,0,0,0,"N",2,66.7,0,0,0,0,0,0,0,0,0,0,0,0,0,0
"23011","5","518210","78","0","2021","4","N",7,0,0,0,0,0,0,0,"N",0.48,0,0,0,0,0,0,0,"N",0,0.0,0,0,0,0,0,0,0,0,0,0,0,0,0,0
"23013","5","518210","78","0","2021","4","N",1,0,0,0,0,0,0,0,"N",0.13,0,0,0,0,0,0,0,"N",0,0.0,0,0,0,0,0,0,0,0,0,0,0,0,0,0
"23015","5","518210","78","0","2021","4","N",2,0,0,0,0,0,0,0,"N",0.33,0,0,0,0,0,0,0,"N",1,100.0,0,0,0,0,0,0,0,0,0,0,0,0,0,0
"23017","5","518210","78","0","2021","4","N",3,0,0,0,0,0,0,0,"N",0.50,0,0,0,0,0,0,0,"N",1,50.0,0,0,0,0,0,0,0,0,0,0,0,0,0,0
"23019","5","518210","78","0","2021","4","N",6,0,0,0,0,0,0,0,"N",0.34,0,0,0,0,0,0,0,"N",0,0.0,0,0,0,0,0,0,0,0,0,0,0,0,0,0
"23021","5","518210","78","0","2021","4","N",1,0,0,0,0,0,0,0,"N",0.48,0,0,0,0,0,0,0,"N",1,100.0,0,0,0,0,0,0,0,0,0,0,0,0,0,0
"23023","5","518210","78","0","2021","4","",3,7,7,7,314102,0,0,3452,"",0.68,0.15,0.15,0.15,0.21,0.00,0.00,1.39,"N",1,50.0,0,0,0,0,0,0,0,0,0,0,0,0,0,0
"23027","5","518210","78","0","2021","4","N",1,0,0,0,0,0,0,0,"N",0.21,0,0,0,0,0,0,0,"N",0,0.0,0,0,0,0,0,0,0,0,0,0,0,0,0,0
"23029","5","518210","78","0","2021","4","N",1,0,0,0,0,0,0,0,"N",0.25,0,0,0,0,0,0,0,"N",0,0.0,0,0,0,0,0,0,0,0,0,0,0,0,0,0
"23031","5","518210","78","0","2021","4","",27,64,67,68,1477534,107344,3704,1713,"",0.97,0.31,0.34,0.34,0.21,0.46,0.68,0.64,"N",11,68.8,0,0,0,0,0,0,0,0,0,0,0,0,0,0
"23999","5","518210","78","0","2021","4","",31,94,100,100,3580058,144910,3498,2810,"",1.32,1.70,1.76,1.72,1.20,0.83,0.68,0.70,"",8,34.8,47,100.0,50,100.0,49,96.1,2249363,169.0,95432,192.9,2532,262.1,735,35.4
"24000","2","518210","58","0","2021","4","N",1,0,0,0,0,0,0,0,"N",3.11,0,0,0,0,0,0,0,"N",1,100.0,0,0,0,0,0,0,0,0,0,0,0,0,0,0
"24000","3","518210","58","0","2021","4","N",1,0,0,0,0,0,0,0,"N",0.63,0,0,0,0,0,0,0,"N",0,0.0,0,0,0,0,0,0,0,0,0,0,0,0,0,0
"24000","5","518210","58","0","2021","4","",664,4143,4192,4231,206151363,5228794,160091,3786,"",1.03,0.58,0.58,0.58,0.63,0.81,0.64,1.09,"",252,61.2,419,11.3,453,12.1,411,10.8,67961191,49.2,2947334,129.2,105776,194.7,960,34.0
"24001","5","518210","78","0","2021","4","N",2,0,0,0,0,0,0,0,"N",0.37,0,0,0,0,0,0,0,"N",1,100.0,0,0,0,0,0,0,0,0,0,0,0,0,0,0
"24003","5","518210","78","0","2021","4","",43,241,244,257,9122743,469352,12515,2837,"",0.76,0.33,0.33,0.35,0.28,0.70,0.49,0.84,"",11,34.4,-4,-1.6,-10,-3.9,2,0.8,817579,9.8,335646,251.0,9284,287.3,295,11.6
"24005","5","518210","78","0","2021","4","",49,303,310,310,7183055,282086,8886,1796,"",0.63,0.30,0.31,0.31,0.17,0.30,0.24,0.56,"",18,58.1,58,23.7,64,26.0,47,17.9,1090621,17.9,74334,35.8,3369,61.1,-69,-3.7
"24009","5","518210","78","0","2021","4","N",3,0,0,0,0,0,0,0,"N",0.46,0,0,0,0,0,0,0,"N",-1,-25.0,0,0,0,0,0,0,0,0,0,0,0,0,0,0
"24011","5","518210","78","0","2021","4","N",1,0,0,0,0,0,0,0,"N",0.42,0,0,0,0,0,0,0,"N",0,0.0,0,0,0,0,0,0,0,0,0,0,0,0,0,0
"24013","5","518210","78","0","2021","4","",9,18,18,18,634644,26675,987,2712,"",0.55,0.12,0.12,0.12,0.13,0.20,0.21,1.10,"",1,12.5,-2,-10.0,0,0.0,1,5.9,21351,3.5,14084,111.9,669,210.4,139,5.4
"24015","5","518210","78","0","2021","4","N",2,0,0,0,0,0,0,0,"N",0.29,0,0,0,0,0,0,0,"N",1,100.0,0,0,0,0,0,0,0,0,0,0,0,0,0,0
"24017","5","518210","78","0","2021","4","",5,36,36,35,799284,14043,367,1724,"",0.47,0.33,0.33,0.31,0.21,0.14,0.10,0.66,"",1,25.0,-22,-37.9,-23,-39.0,-26,-42.6,-387182,-32.6,-15500,-52.5,-398,-52.0,186,12.1
"24019","5","518210","78","0","2021","4","N",2,0,0,0,0,0,0,0,"N",0.75,0,0,0,0,0,0,0,"N",0,0.0,0,0,0,0,0,0,0,0,0,0,0,0,0,0
"24021","5","518210","78","0","2021","4","",12,153,142,145,8139375,394801,9766,4269,"",0.51,0.55,0.51,0.51,0.76,1.57,1.03,1.46,"",2,20.0,66,75.9,56,65.1,60,70.6,5511069,209.7,313503,385.6,8779,889.5,1918,81.6
"24023","5","518210","78","0","2021","4","N",2,0,0,0,0,0,0,0,"N",0.55,0,0,0,0,0,0,0,"N",0,0.0,0,0,0,0,0,0,0,0,0,0,0,0,0,0
"24025","5","518210","78","0","2021","4","N",6,0,0,0,0,0,0,0,"N",0.28,0,0,0,0,0,0,0,"N",1,20.0,0,0,0,0,0,0,0,0,0,0,0,0,0,0
"24027","5","518210","78","0","2021","4","",42,300,306,298,24810219,236891,7789,6333,"",1.12,0.67,0.68,0.65,1.05,0.55,0.48,1.58,"",18,75.0,-125,-29.4,-122,-28.5,-135,-31.2,-7747632,-23.8,124874,111.5,5627,260.3,491,8.4
"24031","5","518210","78","0","2021","4","",98,1309,1330,1340,78049471,1430383,46580,4527,"",0.81,1.05,1.06,1.06,1.14,1.42,1.21,1.08,"",26,36.1,228,21.1,247,22.8,240,21.8,37973539,94.8,979739,217.4,35052,304.1,1694,59.8
"24033","5","518210","78","0","2021","4","",34,615,618,621,33689004,251025,13831,4193,"",0.57,0.74,0.73,0.73,0.95,0.35,0.51,1.30,"",18,112.5,-110,-15.2,-113,-15.5,-117,-15.9,11644890,52.8,-83097,-24.9,-1890,-12.0,1874,80.8
"24035","5","518210","78","0","2021","4","N",4,0,0,0,0,0,0,0,"N",0.74,0,0,0,0,0,0,0,"N",3,300.0,0,0,0,0,0,0,0,0,0,0,0,0,0,0
"24041","5","518210","78","0","2021","4","N",1,0,0,0,0,0,0,0,"N",0.19,0,0,0,0,0,0,0,"N",0,0.0,0,0,0,0,0,0,0,0,0,0,0,0,0,0
"24043","5","518210","78","0","2021","4","N",7,0,0,0,0,0,0,0,"N",0.57,0,0,0,0,0,0,0,"N",2,40.0,0,0,0,0,0,0,0,0,0,0,0,0,0,0
"24045","5","518210","78","0","2021","4","N",2,0,0,0,0,0,0,0,"N",0.22,0,0,0,0,0,0,0,"N",1,100.0,0,0,0,0,0,0,0,0,0,0,0,0,0,0
"24047","5","518210","78","0","2021","4","",4,5,6,7,128164,8500,196,1643,"",0.50,0.08,0.10,0.12,0.08,0.14,0.08,0.79,"",0,0.0,0,0.0,0,0.0,-1,-12.5,-102849,-44.5,-15915,-65.2,-48,-19.7,-1163,-41.4
"24510","3","518210","78","0","2021","4","N",1,0,0,0,0,0,0,0,"N",8.26,0,0,0,0,0,0,0,"N",0,0.0,0,0,0,0,0,0,0,0,0,0,0,0,0,0
"24510","5","518210","78","0","2021","4","",34,263,273,264,11168844,548037,13468,3222,"",0.69,0.28,0.29,0.28,0.24,0.79,0.46,0.85,"",12,54.5,50,23.5,65,31.2,50,23.4,5985202,115.5,407258,289.3,11786,700.7,1338,71.0
"24999","2","518210","78","0","2021","4","N",1,0,0,0,0,0,0,0,"N",21.20,0,0,0,0,0,0,0,"N",1,100.0,0,0,0,0,0,0,0,0,0,0,0,0,0,0
"24999","5","518210","78","0","2021","4","",302,625,628,655,27597748,1336679,34128,3338,"",3.18,2.31,2.26,2.32,1.54,2.62,1.76,0.67,"",137,83.0,241,62.8,245,64.0,248,60.9,12138606,78.5,782838,141.3,26695,359.1,299,9.8
"25000","3","518210","58","0","2021","4","N",3,0,0,0,0,0,0,0,"N",1.20,0,0,0,0,0,0,0,"N",0,0.0,0,0,0,0,0,0,0,0,0,0,0,0,0,0
"25000","5","518210","58","0","2021","4","",1081,9080,9143,9196,370216506,14759473,531974,3116,"",1.07,0.94,0.94,0.94,0.69,0.68,0.98,0.73,"",276,34.3,496,5.8,487,5.6,513,5.9,17846268,5.1,5330638,56.5,160174,43.1,-21,-0.7
"25001","3","518210","78","0","2021","4","N",1,0,0,0,0,0,0,0,"N",11.39,0,0,0,0,0,0,0,"N",0,0.0,0,0,0,0,0,0,0,0,0,0,0,0,0,0
"25001","5","518210","78","0","2021","4","",12,128,125,125,2418643,260406,8170,1477,"",0.34,0.50,0.51,0.52,0.26,0.47,0.50,0.51,"N",5,71.4,0,0,0,0,0,0,0,0,0,0,0,0,0,0
"25003","5","518210","78","0","2021","4","",14,58,65,68,4135946,202197,6083,4997,"",0.71,0.37,0.41,0.43,0.77,0.62,0.78,1.92,"",9,180.0,21,56.8,29,80.6,31,83.8,564968,15.8,143544,244.7,4194,222.0,-2495,-33.3
"25005","5","518210","78","0","2021","4","",16,23,25,26,867785,70893,4041,2706,"",0.24,0.04,0.04,0.04,0.04,0.05,0.11,0.95,"",4,33.3,-15,-39.5,-15,-37.5,-13,-33.3,-259699,-23.0,37577,112.8,2960,273.8,482,21.7
"25007","5","518210","78","0","2021","4","N",1,0,0,0,0,0,0,0,"N",0.19,0,0,0,0,0,0,0,"N",1,100.0,0,0,0,0,0,0,0,0,0,0,0,0,0,0
"25009","3","518210","78","0","2021","4","N",1,0,0,0,0,0,0,0,"N",3.83,0,0,0,0,0,0,0,"N",0,0.0,0,0,0,0,0,0,0,0,0,0,0,0,0,0
"25009","5","518210","78","0","2021","4","",53,437,442,446,15220383,864790,32885,2651,"",0.50,0.50,0.51,0.51,0.39,0.49,0.71,0.77,"",8,17.8,77,21.4,77,21.1,81,22.2,4759287,45.5,524743,154.3,22747,224.4,436,19.7
"25011","5","518210","78","0","2021","4","",6,6,6,7,117848,21337,568,1431,"",0.63,0.08,0.08,0.10,0.05,0.11,0.16,0.61,"N",1,20.0,0,0,0,0,0,0,0,0,0,0,0,0,0,0
"25013","5","518210","78","0","2021","4","",11,38,39,43,650189,92908,3311,1250,"",0.16,0.07,0.07,0.08,0.03,0.07,0.11,0.47,"",4,57.1,12,46.2,14,56.0,19,79.2,146041,29.0,75133,422.7,2809,559.6,-301,-19.4
"25015","5","518210","78","0","2021","4","",8,8,8,9,234509,67765,2743,2165,"",0.44,0.05,0.05,0.05,0.04,0.09,0.30,0.81,"",3,60.0,4,100.0,3,60.0,3,50.0,59665,34.1,8534,14.4,1634,147.3,-525,-19.5
"25017","5","518210","78","0","2021","4","",275,2885,2884,2895,113126616,4162580,151168,3013,"",1.27,1.16,1.15,1.15,0.70,0.86,1.14,0.60,"",65,31.0,-260,-8.3,-288,-9.1,-287,-9.0,-40858784,-26.5,1269818,43.9,47871,46.3,-728,-19.5
"25021","5","518210","78","0","2021","4","",88,609,621,619,17076877,767108,36695,2131,"",0.91,0.66,0.67,0.66,0.37,0.41,0.72,0.56,"",18,25.7,3,0.5,-8,-1.3,-8,-1.3,-717780,-4.0,312184,68.6,21335,138.9,-74,-3.4
"25023","3","518210","78","0","2021","4","N",1,0,0,0,0,0,0,0,"N",6.48,0,0,0,0,0,0,0,"N",0,0.0,0,0,0,0,0,0,0,0,0,0,0,0,0,0
"25023","5","518210","78","0","2021","4","",36,572,575,573,19249447,479524,22378,2583,"",0.57,1.10,1.11,1.09,0.93,0.40,0.73,0.84,"",5,16.1,-7,-1.2,-2,-0.3,-3,-0.5,2786675,16.9,91411,23.6,2992,15.4,390,17.8
"25025","5","518210","78","0","2021","4","",190,3212,3239,3247,137802605,4463978,156354,3279,"",1.55,1.71,1.72,1.72,0.94,1.00,1.60,0.55,"",34,21.8,341,11.9,363,12.6,346,11.9,30611722,28.6,890793,24.9,-8992,-5.4,419,14.7
"25027","5","518210","78","0","2021","4","",48,349,346,349,22450607,765797,17446,4963,"",0.47,0.37,0.36,0.36,0.59,0.31,0.33,1.61,"",13,37.1,27,8.4,9,2.7,19,5.8,2788188,14.2,398073,108.3,8256,89.8,375,8.2
"25999","5","518210","78","0","2021","4","N",323,0,0,0,0,0,0,0,"N",4.22,0,0,0,0,0,0,0,"N",106,48.8,0,0,0,0,0,0,0,0,0,0,0,0,0,0
"26000","5","518210","58","0","2021","4","",1733,8577,8594,8581,251915498,8551307,233339,2257,"",1.75,0.74,0.74,0.73,0.56,0.70,0.68,0.76,"",107,6.6,1010,13.3,970,12.7,951,12.5,34502468,15.9,2992244,53.8,80721,52.9,58,2.6
"26005","5","518210","78","0","2021","4","",6,14,14,15,341647,8820,67,1834,"",0.66,0.13,0.13,0.14,0.09,0.10,0.03,0.68,"",0,0.0,0,0.0,-1,-6.7,0,0.0,125824,58.3,-1811,-17.0,61,1016.7,702,62.0
"26007","5","518210","78","0","2021","4","N",1,0,0,0,0,0,0,0,"N",0.32,0,0,0,0,0,0,0,"N",1,100.0,0,0,0,0,0,0,0,0,0,0,0,0,0,0
"26009","5","518210","78","0","2021","4","N",3,0,0,0,0,0,0,0,"N",1.40,0,0,0,0,0,0,0,"N",1,50.0,0,0,0,0,0,0,0,0,0,0,0,0,0,0
"26015","5","518210","78","0","2021","4","N",2,0,0,0,0,0,0,0,"N",0.55,0,0,0,0,0,0,0,"N",0,0.0,0,0,0,0,0,0,0,0,0,0,0,0,0,0
"26017","5","518210","78","0","2021","4","N",2,0,0,0,0,0,0,0,"N",0.26,0,0,0,0,0,0,0,"N",0,0.0,0,0,0,0,0,0,0,0,0,0,0,0,0,0
"26019","5","518210","78","0","2021","4","N",1,0,0,0,0,0,0,0,"N",0.57,0,0,0,0,0,0,0,"N",0,0.0,0,0,0,0,0,0,0,0,0,0,0,0,0,0
"26021","5","518210","78","0","2021","4","N",4,0,0,0,0,0,0,0,"N",0.28,0,0,0,0,0,0,0,"N",-1,-20.0,0,0,0,0,0,0,0,0,0,0,0,0,0,0
"26023","5","518210","78","0","2021","4","N",3,0,0,0,0,0,0,0,"N",0.98,0,0,0,0,0,0,0,"N",0,0.0,0,0,0,0,0,0,0,0,0,0,0,0,0,0
"26025","5","518210","78","0","2021","4","N",1,0,0,0,0,0,0,0,"N",0.11,0,0,0,0,0,0,0,"N",-2,-66.7,0,0,0,0,0,0,0,0,0,0,0,0,0,0
"26027","5","518210","78","0","2021","4","",3,9,8,9,62599,10561,211,556,"",0.97,0.36,0.32,0.37,0.08,0.48,0.39,0.23,"",-1,-25.0,0,0.0,-1,-11.1,-1,-10.0,4726,8.2,5387,104.1,97,85.1,79,16.6
"26031","5","518210","78","0","2021","4","N",1,0,0,0,0,0,0,0,"N",0.34,0,0,0,0,0,0,0,"N",-1,-50.0,0,0,0,0,0,0,0,0,0,0,0,0,0,0
"26033","5","518210","78","0","2021","4","N",1,0,0,0,0,0,0,0,"N",0.33,0,0,0,0,0,0,0,"N",1,100.0,0,0,0,0,0,0,0,0,0,0,0,0,0,0
"26035","5","518210","78","0","2021","4","N",1,0,0,0,0,0,0,0,"N",0.48,0,0,0,0,0,0,0,"N",1,100.0,0,0,0,0,0,0,0,0,0,0,0,0,0,0
"26037","5","518210","78","0","2021","4","",6,32,31,34,353791,4322,190,842,"",1.21,0.68,0.66,0.73,0.23,0.09,0.14,0.33,"",0,0.0,-2,-5.9,0,0.0,2,6.2,18991,5.7,-5634,-56.6,-71,-27.2,45,5.6
"26041","5","518210","78","0","2021","4","N",1,0,0,0,0,0,0,0,"N",0.26,0,0,0,0,0,0,0,"N",1,100.0,0,0,0,0,0,0,0,0,0,0,0,0,0,0
"26045","5","518210","78","0","2021","4","",8,421,412,407,9169450,105757,3350,1706,"",1.07,3.61,3.53,3.48,2.38,0.80,0.90,0.67,"N",1,14.3,0,0,0,0,0,0,0,0,0,0,0,0,0,0
"26047","5","518210","78","0","2021","4","N",1,0,0,0,0,0,0,0,"N",0.18,0,0,0,0,0,0,0,"N",0,0.0,0,0,0,0,0,0,0,0,0,0,0,0,0,0
"26049","5","518210","78","0","2021","4","N",16,0,0,0,0,0,0,0,"N",0.61,0,0,0,0,0,0,0,"N",-3,-15.8,0,0,0,0,0,0,0,0,0,0,0,0,0,0
"26055","5","518210","78","0","2021","4","",13,112,110,109,2549301,30802,661,1777,"",1.01,0.83,0.82,0.81,0.55,0.25,0.20,0.67,"",-1,-7.1,5,4.7,-1,-0.9,-2,-1.8,303900,13.5,-57878,-65.3,-1328,-66.8,202,12.8
"26061","5","518210","78","0","2021","4","",5,22,22,23,978083,31970,663,3369,"",1.50,0.69,0.69,0.72,0.98,1.15,0.95,1.40,"",0,0.0,9,69.2,13,144.4,6,35.3,577388,144.1,13010,68.6,407,159.0,998,42.1
"26065","5","518210","78","0","2021","4","",21,237,240,239,5958671,143844,4091,1920,"",0.87,0.59,0.60,0.59,0.39,0.44,0.45,0.66,"",-2,-8.7,-5,-2.1,0,0.0,-1,-0.4,-139232,-2.3,63493,79.0,1662,68.4,-29,-1.5
"26067","5","518210","78","0","2021","4","N",1,0,0,0,0,0,0,0,"N",0.26,0,0,0,0,0,0,0,"N",0,0.0,0,0,0,0,0,0,0,0,0,0,0,0,0,0
"26073","5","518210","78","0","2021","4","N",3,0,0,0,0,0,0,0,"N",0.61,0,0,0,0,0,0,0,"N",0,0.0,0,0,0,0,0,0,0,0,0,0,0,0,0,0
"26075","5","518210","78","0","2021","4","N",1,0,0,0,0,0,0,0,"N",0.09,0,0,0,0,0,0,0,"N",0,0.0,0,0,0,0,0,0,0,0,0,0,0,0,0,0
"26077","5","518210","78","0","2021","4","N",10,0,0,0,0,0,0,0,"N",0.47,0,0,0,0,0,0,0,"N",-1,-9.1,0,0,0,0,0,0,0,0,0,0,0,0,0,0
"26079","5","518210","78","0","2021","4","N",2,0,0,0,0,0,0,0,"N",1.56,0,0,0,0,0,0,0,"N",0,0.0,0,0,0,0,0,0,0,0,0,0,0,0,0,0
"26081","5","518210","78","0","2021","4","",68,822,819,819,18999204,709358,20865,1782,"",1.13,0.76,0.75,0.74,0.48,0.57,0.73,0.64,"",-1,-1.4,73,9.7,63,8.3,65,8.6,3537136,22.9,168267,31.1,4514,27.6,202,12.8
"26087","5","518210","78","0","2021","4","",4,4,4,4,121259,2000,26,2332,"",0.67,0.07,0.07,0.07,0.07,0.03,0.01,1.03,"N",0,0.0,0,0,0,0,0,0,0,0,0,0,0,0,0,0
"26089","5","518210","78","0","2021","4","N",2,0,0,0,0,0,0,0,"N",0.69,0,0,0,0,0,0,0,"N",0,0.0,0,0,0,0,0,0,0,0,0,0,0,0,0,0
"26091","5","518210","78","0","2021","4","N",1,0,0,0,0,0,0,0,"N",0.14,0,0,0,0,0,0,0,"N",-1,-50.0,0,0,0,0,0,0,0,0,0,0,0,0,0,0
"26093","5","518210","78","0","2021","4","",14,83,74,77,1418319,67799,3818,1399,"",0.82,0.50,0.44,0.46,0.25,0.34,0.71,0.54,"",0,0.0,12,16.9,3,4.2,7,10.0,130233,10.1,5470,8.8,1636,75.0,-3,-0.2
"26095","5","518210","78","0","2021","4","N",1,0,0,0,0,0,0,0,"N",1.53,0,0,0,0,0,0,0,"N",1,100.0,0,0,0,0,0,0,0,0,0,0,0,0,0,0
"26097","5","518210","78","0","2021","4","N",1,0,0,0,0,0,0,0,"N",0.57,0,0,0,0,0,0,0,"N",0,0.0,0,0,0,0,0,0,0,0,0,0,0,0,0,0
"26099","5","518210","78","0","2021","4","N",35,0,0,0,0,0,0,0,"N",0.50,0,0,0,0,0,0,0,"N",2,6.1,0,0,0,0,0,0,0,0,0,0,0,0,0,0
"26101","5","518210","78","0","2021","4","N",1,0,0,0,0,0,0,0,"N",0.47,0,0,0,0,0,0,0,"N",0,0.0,0,0,0,0,0,0,0,0,0,0,0,0,0,0
"26103","5","518210","78","0","2021","4","N",2,0,0,0,0,0,0,0,"N",0.33,0,0,0,0,0,0,0,"N",0,0.0,0,0,0,0,0,0,0,0,0,0,0,0,0,0
"26105","5","518210","78","0","2021","4","N",1,0,0,0,0,0,0,0,"N",0.39,0,0,0,0,0,0,0,"N",1,100.0,0,0,0,0,0,0,0,0,0,0,0,0,0,0
"26109","5","518210","78","0","2021","4","N",1,0,0,0,0,0,0,0,"N",0.56,0,0,0,0,0,0,0,"N",0,0.0,0,0,0,0,0,0,0,0,0,0,0,0,0,0
"26111","5","518210","78","0","2021","4","",6,12,10,12,239682,19870,139,1627,"",0.48,0.12,0.10,0.12,0.06,0.19,0.05,0.52,"",0,0.0,1,9.1,-1,-9.1,-1,-7.7,19536,8.9,9100,84.5,30,27.5,175,12.1
"26115","5","518210","78","0","2021","4","N",4,0,0,0,0,0,0,0,"N",0.46,0,0,0,0,0,0,0,"N",1,33.3,0,0,0,0,0,0,0,0,0,0,0,0,0,0
"26117","5","518210","78","0","2021","4","N",1,0,0,0,0,0,0,0,"N",0.26,0,0,0,0,0,0,0,"N",0,0.0,0,0,0,0,0,0,0,0,0,0,0,0,0,0
"26121","5","518210","78","0","2021","4","N",4,0,0,0,0,0,0,0,"N",0.37,0,0,0,0,0,0,0,"N",0,0.0,0,0,0,0,0,0,0,0,0,0,0,0,0,0
"26123","5","518210","78","0","2021","4","N",2,0,0,0,0,0,0,0,"N",0.66,0,0,0,0,0,0,0,"N",2,100.0,0,0,0,0,0,0,0,0,0,0,0,0,0,0
"26125","5","518210","78","0","2021","4","",199,1975,1978,1957,54641528,1661651,55075,2134,"",1.29,1.02,1.01,1.00,0.62,0.75,0.84,0.61,"",0,0.0,135,7.3,130,7.0,133,7.3,4896471,9.8,503108,43.4,13409,32.2,51,2.4
"26131","5","518210","78","0","2021","4","-",0,0,0,0,0,0,0,0,"N",0.00,0,0,0,0,0,0,0,"N",-1,-100.0,0,0,0,0,0,0,0,0,0,0,0,0,0,0
"26133","5","518210","78","0","2021","4","N",1,0,0,0,0,0,0,0,"N",0.60,0,0,0,0,0,0,0,"N",0,0.0,0,0,0,0,0,0,0,0,0,0,0,0,0,0
"26137","5","518210","78","0","2021","4","N",1,0,0,0,0,0,0,0,"N",0.35,0,0,0,0,0,0,0,"N",0,0.0,0,0,0,0,0,0,0,0,0,0,0,0,0,0
"26139","5","518210","78","0","2021","4","",11,20,20,20,469541,4856,89,1806,"",0.47,0.06,0.06,0.06,0.04,0.01,0.01,0.68,"",-1,-8.3,1,5.3,3,17.6,3,17.6,-9390,-2.0,3050,168.9,67,304.5,-279,-13.4
"26143","5","518210","78","0","2021","4","N",2,0,0,0,0,0,0,0,"N",0.98,0,0,0,0,0,0,0,"N",0,0.0,0,0,0,0,0,0,0,0,0,0,0,0,0,0
"26145","5","518210","78","0","2021","4","N",3,0,0,0,0,0,0,0,"N",0.21,0,0,0,0,0,0,0,"N",0,0.0,0,0,0,0,0,0,0,0,0,0,0,0,0,0
"26147","5","518210","78","0","2021","4","N",5,0,0,0,0,0,0,0,"N",0.46,0,0,0,0,0,0,0,"N",-1,-16.7,0,0,0,0,0,0,0,0,0,0,0,0,0,0
"26151","5","518210","78","0","2021","4","N",2,0,0,0,0,0,0,0,"N",0.64,0,0,0,0,0,0,0,"N",0,0.0,0,0,0,0,0,0,0,0,0,0,0,0,0,0
"26155","5","518210","78","0","2021","4","N",1,0,0,0,0,0,0,0,"N",0.24,0,0,0,0,0,0,0,"N",-2,-66.7,0,0,0,0,0,0,0,0,0,0,0,0,0,0
"26157","5","518210","78","0","2021","4","N",2,0,0,0,0,0,0,0,"N",0.65,0,0,0,0,0,0,0,"N",0,0.0,0,0,0,0,0,0,0,0,0,0,0,0,0,0
"26159","5","518210","78","0","2021","4","N",3,0,0,0,0,0,0,0,"N",0.54,0,0,0,0,0,0,0,"N",0,0.0,0,0,0,0,0,0,0,0,0,0,0,0,0,0
"26161","5","518210","78","0","2021","4","",68,1117,1122,1115,31536057,558977,13063,2170,"",2.00,1.92,1.91,1.91,1.30,1.40,1.40,0.68,"",7,11.5,-79,-6.6,-77,-6.4,-83,-6.9,-1660112,-5.0,114724,25.8,741,6.0,38,1.8
"26163","5","518210","78","0","2021","4","",93,656,652,648,19664754,635066,16014,2320,"",0.73,0.34,0.33,0.33,0.24,0.32,0.27,0.70,"",1,1.1,7,1.1,-8,-1.2,-15,-2.3,3000720,18.0,56625,9.8,3866,31.8,370,19.0
"26999","5","518210","78","0","2021","4","",1077,2564,2623,2634,94373332,4105970,106250,2785,"",7.73,6.94,6.95,6.92,4.43,5.28,4.38,0.64,"",106,10.9,822,47.2,850,47.9,844,47.2,22280517,30.9,2120246,106.8,57287,117.0,-351,-11.2
"27000","3","518210","58","0","2021","4","",7,809,806,809,19076495,0,0,1816,"",4.13,15.79,15.75,15.87,18.44,0.00,0.00,1.17,"",0,0.0,-44,-5.2,-38,-4.5,-28,-3.3,-287127,-1.5,0,0.0,0,0.0,53,3.0
"27000","5","518210","58","0","2021","4","",796,6301,6395,6379,226792459,21899894,234109,2744,"",1.16,0.81,0.83,0.82,0.71,0.88,0.83,0.86,"",89,12.6,794,14.4,839,15.1,781,14.0,12533568,5.8,8464229,63.0,110066,88.7,-224,-7.5
"27003","5","518210","78","0","2021","4","",9,25,26,27,551997,116625,574,1633,"",0.30,0.07,0.07,0.08,0.04,0.10,0.05,0.56,"N",2,28.6,0,0,0,0,0,0,0,0,0,0,0,0,0,0
"27005","5","518210","78","0","2021","4","N",1,0,0,0,0,0,0,0,"N",0.25,0,0,0,0,0,0,0,"N",0,0.0,0,0,0,0,0,0,0,0,0,0,0,0,0,0
"27009","5","518210","78","0","2021","4","N",1,0,0,0,0,0,0,0,"N",0.27,0,0,0,0,0,0,0,"N",0,0.0,0,0,0,0,0,0,0,0,0,0,0,0,0,0
"27013","3","518210","78","0","2021","4","N",2,0,0,0,0,0,0,0,"N",107.59,0,0,0,0,0,0,0,"N",0,0.0,0,0,0,0,0,0,0,0,0,0,0,0,0,0
"27019","5","518210","78","0","2021","4","",9,30,28,31,785365,165508,3033,2036,"",0.92,0.28,0.26,0.29,0.19,0.42,0.83,0.68,"",0,0.0,0,0.0,-3,-9.7,-1,-3.1,-75781,-8.8,90061,119.4,273,9.9,-101,-4.7
"27025","5","518210","78","0","2021","4","N",4,0,0,0,0,0,0,0,"N",0.85,0,0,0,0,0,0,0,"N",0,0.0,0,0,0,0,0,0,0,0,0,0,0,0,0,0
"27027","3","518210","78","0","2021","4","N",1,0,0,0,0,0,0,0,"N",77.92,0,0,0,0,0,0,0,"N",0,0.0,0,0,0,0,0,0,0,0,0,0,0,0,0,0
"27027","5","518210","78","0","2021","4","N",1,0,0,0,0,0,0,0,"N",0.19,0,0,0,0,0,0,0,"N",-1,-50.0,0,0,0,0,0,0,0,0,0,0,0,0,0,0
"27029","5","518210","78","0","2021","4","N",1,0,0,0,0,0,0,0,"N",1.22,0,0,0,0,0,0,0,"N",1,100.0,0,0,0,0,0,0,0,0,0,0,0,0,0,0
"27031","5","518210","78","0","2021","4","-",0,0,0,0,0,0,0,0,"N",0.00,0,0,0,0,0,0,0,"N",-1,-100.0,0,0,0,0,0,0,0,0,0,0,0,0,0,0
"27037","5","518210","78","0","2021","4","",28,212,214,189,5211585,725512,5014,1956,"",0.70,0.42,0.42,0.37,0.25,0.42,0.24,0.63,"",3,12.0,-31,-12.8,-35,-14.1,-58,-23.5,135154,2.7,59695,9.0,1692,50.9,371,23.4
"27041","5","518210","78","0","2021","4","N",1,0,0,0,0,0,0,0,"N",0.19,0,0,0,0,0,0,0,"N",0,0.0,0,0,0,0,0,0,0,0,0,0,0,0,0,0
"27047","5","518210","78","0","2021","4","N",1,0,0,0,0,0,0,0,"N",0.34,0,0,0,0,0,0,0,"N",0,0.0,0,0,0,0,0,0,0,0,0,0,0,0,0,0
"27053","3","518210","78","0","2021","4","N",2,0,0,0,0,0,0,0,"N",5.28,0,0,0,0,0,0,0,"N",0,0.0,0,0,0,0,0,0,0,0,0,0,0,0,0,0
"27053","5","518210","78","0","2021","4","",171,3768,3773,3827,120709594,10834982,84224,2450,"",1.11,1.53,1.53,1.54,0.97,1.32,1.07,0.63,"",14,8.9,288,8.3,270,7.7,275,7.7,8945659,8.0,4566504,72.8,30309,56.2,2,0.1
"27055","5","518210","78","0","2021","4","N",2,0,0,0,0,0,0,0,"N",1.26,0,0,0,0,0,0,0,"N",0,0.0,0,0,0,0,0,0,0,0,0,0,0,0,0,0
"27061","5","518210","78","0","2021","4","N",1,0,0,0,0,0,0,0,"N",0.22,0,0,0,0,0,0,0,"N",0,0.0,0,0,0,0,0,0,0,0,0,0,0,0,0,0
"27067","5","518210","78","0","2021","4","N",4,0,0,0,0,0,0,0,"N",0.77,0,0,0,0,0,0,0,"N",0,0.0,0,0,0,0,0,0,0,0,0,0,0,0,0,0
"27079","5","518210","78","0","2021","4","N",1,0,0,0,0,0,0,0,"N",0.37,0,0,0,0,0,0,0,"N",0,0.0,0,0,0,0,0,0,0,0,0,0,0,0,0,0
"27099","5","518210","78","0","2021","4","N",1,0,0,0,0,0,0,0,"N",0.32,0,0,0,0,0,0,0,"N",0,0.0,0,0,0,0,0,0,0,0,0,0,0,0,0,0
"27109","5","518210","78","0","2021","4","N",4,0,0,0,0,0,0,0,"N",0.29,0,0,0,0,0,0,0,"N",-1,-20.0,0,0,0,0,0,0,0,0,0,0,0,0,0,0
"27111","5","518210","78","0","2021","4","N",3,0,0,0,0,0,0,0,"N",0.44,0,0,0,0,0,0,0,"N",2,200.0,0,0,0,0,0,0,0,0,0,0,0,0,0,0
"27115","5","518210","78","0","2021","4","N",1,0,0,0,0,0,0,0,"N",0.40,0,0,0,0,0,0,0,"N",0,0.0,0,0,0,0,0,0,0,0,0,0,0,0,0,0
"27123","3","518210","78","0","2021","4","N",1,0,0,0,0,0,0,0,"N",7.67,0,0,0,0,0,0,0,"N",0,0.0,0,0,0,0,0,0,0,0,0,0,0,0,0,0
"27123","5","518210","78","0","2021","4","",36,678,699,680,40231768,1380193,8409,4513,"",0.68,0.78,0.81,0.78,1.07,0.56,0.35,1.35,"",3,9.1,153,29.1,176,33.7,156,29.8,-11153008,-21.7,559982,68.3,4295,104.4,-3030,-40.2
"27127","5","518210","78","0","2021","4","N",1,0,0,0,0,0,0,0,"N",0.48,0,0,0,0,0,0,0,"N",0,0.0,0,0,0,0,0,0,0,0,0,0,0,0,0,0
"27131","5","518210","78","0","2021","4","N",1,0,0,0,0,0,0,0,"N",0.16,0,0,0,0,0,0,0,"N",0,0.0,0,0,0,0,0,0,0,0,0,0,0,0,0,0
"27137","3","518210","78","0","2021","4","N",1,0,0,0,0,0,0,0,"N",20.82,0,0,0,0,0,0,0,"N",0,0.0,0,0,0,0,0,0,0,0,0,0,0,0,0,0
"27137","5","518210","78","0","2021","4","",7,52,53,53,989677,113085,1778,1445,"",0.36,0.20,0.21,0.21,0.11,0.16,0.16,0.55,"",1,16.7,1,2.0,1,1.9,2,3.9,27071,2.8,-31060,-21.5,-215,-10.8,3,0.2
"27139","5","518210","78","0","2021","4","N",10,0,0,0,0,0,0,0,"N",0.75,0,0,0,0,0,0,0,"N",2,25.0,0,0,0,0,0,0,0,0,0,0,0,0,0,0
"27141","5","518210","78","0","2021","4","N",1,0,0,0,0,0,0,0,"N",0.12,0,0,0,0,0,0,0,"N",1,100.0,0,0,0,0,0,0,0,0,0,0,0,0,0,0
"27145","5","518210","78","0","2021","4","",11,103,100,99,2175786,499689,5524,1663,"",0.68,0.45,0.44,0.43,0.27,0.75,0.71,0.61,"",2,22.2,30,41.1,30,42.9,29,41.4,808802,59.2,136406,37.5,1778,47.5,182,12.3
"27147","5","518210","78","0","2021","4","N",1,0,0,0,0,0,0,0,"N",0.25,0,0,0,0,0,0,0,"N",0,0.0,0,0,0,0,0,0,0,0,0,0,0,0,0,0
"27163","5","518210","78","0","2021","4","N",6,0,0,0,0,0,0,0,"N",0.26,0,0,0,0,0,0,0,"N",2,50.0,0,0,0,0,0,0,0,0,0,0,0,0,0,0
"27169","5","518210","78","0","2021","4","N",3,0,0,0,0,0,0,0,"N",0.69,0,0,0,0,0,0,0,"N",0,0.0,0,0,0,0,0,0,0,0,0,0,0,0,0,0
"27171","5","518210","78","0","2021","4","N",2,0,0,0,0,0,0,0,"N",0.15,0,0,0,0,0,0,0,"N",0,0.0,0,0,0,0,0,0,0,0,0,0,0,0,0,0
"27999","5","518210","78","0","2021","4","",473,1097,1168,1130,48969182,6547678,114565,3329,"",4.40,5.61,5.93,5.70,3.53,5.69,6.44,0.61,"",61,14.8,276,33.6,329,39.2,305,37.0,10725072,28.0,2484175,61.1,66970,140.7,-223,-6.3
"28000","5","518210","58","0","2021","4","",163,971,991,986,16386574,1309174,5208,1283,"",0.58,0.31,0.32,0.31,0.18,0.26,0.19,0.59,"",48,41.7,37,4.0,55,5.9,43,4.6,1438765,9.6,468034,55.6,1435,38.0,57,4.6
"28003","5","518210","78","0","2021","4","N",1,0,0,0,0,0,0,0,"N",0.34,0,0,0,0,0,0,0,"N",0,0.0,0,0,0,0,0,0,0,0,0,0,0,0,0,0
"28027","5","518210","78","0","2021","4","N",2,0,0,0,0,0,0,0,"N",0.94,0,0,0,0,0,0,0,"N",0,0.0,0,0,0,0,0,0,0,0,0,0,0,0,0,0
"28033","5","518210","78","0","2021","4","N",1,0,0,0,0,0,0,0,"N",0.08,0,0,0,0,0,0,0,"N",0,0.0,0,0,0,0,0,0,0,0,0,0,0,0,0,0
"28035","5","518210","78","0","2021","4","N",1,0,0,0,0,0,0,0,"N",0.15,0,0,0,0,0,0,0,"N",0,0.0,0,0,0,0,0,0,0,0,0,0,0,0,0,0
"28045","5","518210","78","0","2021","4","N",1,0,0,0,0,0,0,0,"N",0.30,0,0,0,0,0,0,0,"N",0,0.0,0,0,0,0,0,0,0,0,0,0,0,0,0,0
"28047","5","518210","78","0","2021","4","N",5,0,0,0,0,0,0,0,"N",0.29,0,0,0,0,0,0,0,"N",0,0.0,0,0,0,0,0,0,0,0,0,0,0,0,0,0
"28049","5","518210","78","0","2021","4","N",4,0,0,0,0,0,0,0,"N",0.20,0,0,0,0,0,0,0,"N",0,0.0,0,0,0,0,0,0,0,0,0,0,0,0,0,0
"28059","5","518210","78","0","2021","4","N",1,0,0,0,0,0,0,0,"N",0.11,0,0,0,0,0,0,0,"N",1,100.0,0,0,0,0,0,0,0,0,0,0,0,0,0,0
"28081","5","518210","78","0","2021","4","N",1,0,0,0,0,0,0,0,"N",0.11,0,0,0,0,0,0,0,"N",0,0.0,0,0,0,0,0,0,0,0,0,0,0,0,0,0
"28083","5","518210","78","0","2021","4","N",1,0,0,0,0,0,0,0,"N",0.34,0,0,0,0,0,0,0,"N",0,0.0,0,0,0,0,0,0,0,0,0,0,0,0,0,0
"28087","5","518210","78","0","2021","4","N",1,0,0,0,0,0,0,0,"N",0.18,0,0,0,0,0,0,0,"N",0,0.0,0,0,0,0,0,0,0,0,0,0,0,0,0,0
"28089","5","518210","78","0","2021","4","",7,117,118,112,1949977,102452,600,1297,"",0.53,0.79,0.79,0.74,0.42,0.38,0.48,0.54,"",-1,-12.5,-33,-22.0,-31,-20.8,-42,-27.3,-426672,-18.0,-249468,-70.9,-1441,-70.6,86,7.1
"28091","5","518210","78","0","2021","4","N",2,0,0,0,0,0,0,0,"N",0.96,0,0,0,0,0,0,0,"N",0,0.0,0,0,0,0,0,0,0,0,0,0,0,0,0,0
"28093","5","518210","78","0","2021","4","N",1,0,0,0,0,0,0,0,"N",0.57,0,0,0,0,0,0,0,"N",1,100.0,0,0,0,0,0,0,0,0,0,0,0,0,0,0
"28105","5","518210","78","0","2021","4","N",1,0,0,0,0,0,0,0,"N",0.28,0,0,0,0,0,0,0,"N",0,0.0,0,0,0,0,0,0,0,0,0,0,0,0,0,0
"28113","5","518210","78","0","2021","4","N",3,0,0,0,0,0,0,0,"N",0.84,0,0,0,0,0,0,0,"N",0,0.0,0,0,0,0,0,0,0,0,0,0,0,0,0,0
"28121","5","518210","78","0","2021","4","",3,3,3,3,21253,1100,0,545,"",0.20,0.02,0.02,0.02,0.00,0.00,0.00,0.24,"",0,0.0,0,0.0,0,0.0,0,0.0,3807,21.8,-2500,-69.4,0,0.0,98,21.9
"28137","5","518210","78","0","2021","4","N",1,0,0,0,0,0,0,0,"N",0.68,0,0,0,0,0,0,0,"N",0,0.0,0,0,0,0,0,0,0,0,0,0,0,0,0,0
"28999","5","518210","78","0","2021","4","",126,188,185,187,4804407,428180,2675,1980,"",2.58,1.37,1.33,1.33,0.91,0.92,0.63,0.68,"",47,59.5,70,59.3,65,54.2,60,47.2,1877256,64.1,231386,117.6,1544,136.5,129,7.0
"29000","3","518210","58","0","2021","4","N",1,0,0,0,0,0,0,0,"N",0.50,0,0,0,0,0,0,0,"N",0,0.0,0,0,0,0,0,0,0,0,0,0,0,0,0,0
"29000","5","518210","58","0","2021","4","",1025,12644,12639,12641,387019966,10688116,150269,2355,"",1.27,1.65,1.65,1.64,1.42,1.16,1.26,0.86,"",341,49.9,870,7.4,645,5.4,574,4.8,25921364,7.2,3237171,43.4,26382,21.3,30,1.3
"29009","5","518210","78","0","2021","4","N",1,0,0,0,0,0,0,0,"N",0.30,0,0,0,0,0,0,0,"N",0,0.0,0,0,0,0,0,0,0,0,0,0,0,0,0,0
"29019","5","518210","78","0","2021","4","",8,3,3,3,57501,1647,26,1474,"",0.41,0.01,0.01,0.01,0.01,0.01,0.01,0.59,"",2,33.3,-2,-40.0,-3,-50.0,-3,-50.0,-69471,-54.7,-21353,-92.8,-521,-95.2,-250,-14.5
"29021","5","518210","78","0","2021","4","N",2,0,0,0,0,0,0,0,"N",0.23,0,0,0,0,0,0,0,"N",1,100.0,0,0,0,0,0,0,0,0,0,0,0,0,0,0
"29023","5","518210","78","0","2021","4","N",2,0,0,0,0,0,0,0,"N",0.36,0,0,0,0,0,0,0,"N",0,0.0,0,0,0,0,0,0,0,0,0,0,0,0,0,0
"29025","5","518210","78","0","2021","4","N",1,0,0,0,0,0,0,0,"N",1.22,0,0,0,0,0,0,0,"N",0,0.0,0,0,0,0,0,0,0,0,0,0,0,0,0,0
"29029","5","518210","78","0","2021","4","",3,18,17,17,210838,23576,229,936,"",0.50,0.39,0.38,0.38,0.18,0.41,0.25,0.47,"N",1,50.0,0,0,0,0,0,0,0,0,0,0,0,0,0,0
"29031","5","518210","78","0","2021","4","N",1,0,0,0,0,0,0,0,"N",0.10,0,0,0,0,0,0,0,"N",0,0.0,0,0,0,0,0,0,0,0,0,0,0,0,0,0
"29037","5","518210","78","0","2021","4","",4,4,8,9,150776,14728,276,1657,"",0.46,0.05,0.10,0.11,0.07,0.11,0.13,0.81,"N",0,0.0,0,0,0,0,0,0,0,0,0,0,0,0,0,0
"29043","5","518210","78","0","2021","4","N",1,0,0,0,0,0,0,0,"N",0.13,0,0,0,0,0,0,0,"N",-1,-50.0,0,0,0,0,0,0,0,0,0,0,0,0,0,0
"29047","5","518210","78","0","2021","4","",15,83,86,87,2040875,126173,1652,1840,"",0.66,0.29,0.30,0.30,0.20,0.31,0.35,0.67,"",-2,-11.8,5,6.4,5,6.2,6,7.4,231412,12.8,50414,66.5,444,36.8,100,5.7
"29051","5","518210","78","0","2021","4","",9,414,438,438,5820314,465715,5672,1041,"",1.05,2.94,3.08,3.07,1.39,3.70,3.36,0.46,"",-5,-35.7,-48,-10.4,-17,-3.7,-14,-3.1,-72157,-1.2,285550,158.5,3283,137.4,48,4.8
"29053","5","518210","78","0","2021","4","N",1,0,0,0,0,0,0,0,"N",0.59,0,0,0,0,0,0,0,"N",0,0.0,0,0,0,0,0,0,0,0,0,0,0,0,0,0
"29061","5","518210","78","0","2021","4","N",1,0,0,0,0,0,0,0,"N",1.06,0,0,0,0,0,0,0,"N",1,100.0,0,0,0,0,0,0,0,0,0,0,0,0,0,0
"29065","5","518210","78","0","2021","4","N",1,0,0,0,0,0,0,0,"N",0.50,0,0,0,0,0,0,0,"N",0,0.0,0,0,0,0,0,0,0,0,0,0,0,0,0,0
"29069","5","518210","78","0","2021","4","N",1,0,0,0,0,0,0,0,"N",0.19,0,0,0,0,0,0,0,"N",1,100.0,0,0,0,0,0,0,0,0,0,0,0,0,0,0
"29071","5","518210","78","0","2021","4","N",2,0,0,0,0,0,0,0,"N",0.18,0,0,0,0,0,0,0,"N",2,100.0,0,0,0,0,0,0,0,0,0,0,0,0,0,0
"29075","5","518210","78","0","2021","4","N",1,0,0,0,0,0,0,0,"N",1.21,0,0,0,0,0,0,0,"N",1,100.0,0,0,0,0,0,0,0,0,0,0,0,0,0,0
"29077","5","518210","78","0","2021","4","",17,530,527,525,6332298,320809,4394,924,"",0.47,1.13,1.12,1.11,0.42,0.56,0.74,0.37,"",-1,-5.6,10,1.9,-37,-6.6,-45,-7.9,242680,4.0,-261891,-44.9,-4255,-49.2,74,8.7
"29079","5","518210","78","0","2021","4","N",1,0,0,0,0,0,0,0,"N",0.98,0,0,0,0,0,0,0,"N",0,0.0,0,0,0,0,0,0,0,0,0,0,0,0,0,0
"29093","5","518210","78","0","2021","4","N",1,0,0,0,0,0,0,0,"N",0.47,0,0,0,0,0,0,0,"N",0,0.0,0,0,0,0,0,0,0,0,0,0,0,0,0,0
"29095","5","518210","78","0","2021","4","",58,1823,1758,1744,36153257,910279,8907,1567,"",0.68,1.81,1.74,1.73,0.87,0.81,0.61,0.49,"",9,18.4,-76,-4.0,-146,-7.7,-163,-8.5,-1771474,-4.7,-81572,-8.2,-1695,-16.0,34,2.2
"29097","5","518210","78","0","2021","4","N",1,0,0,0,0,0,0,0,"N",0.08,0,0,0,0,0,0,0,"N",0,0.0,0,0,0,0,0,0,0,0,0,0,0,0,0,0
"29099","5","518210","78","0","2021","4","",6,10,13,11,128272,46582,1108,871,"",0.37,0.08,0.10,0.08,0.04,0.31,0.60,0.41,"N",3,100.0,0,0,0,0,0,0,0,0,0,0,0,0,0,0
"29101","5","518210","78","0","2021","4","N",1,0,0,0,0,0,0,0,"N",0.23,0,0,0,0,0,0,0,"N",0,0.0,0,0,0,0,0,0,0,0,0,0,0,0,0,0
"29105","5","518210","78","0","2021","4","N",1,0,0,0,0,0,0,0,"N",0.32,0,0,0,0,0,0,0,"N",0,0.0,0,0,0,0,0,0,0,0,0,0,0,0,0,0
"29113","5","518210","78","0","2021","4","N",2,0,0,0,0,0,0,0,"N",0.50,0,0,0,0,0,0,0,"N",0,0.0,0,0,0,0,0,0,0,0,0,0,0,0,0,0
"29115","5","518210","78","0","2021","4","-",0,0,0,0,0,0,0,0,"N",0.00,0,0,0,0,0,0,0,"N",-1,-100.0,0,0,0,0,0,0,0,0,0,0,0,0,0,0
"29119","5","518210","78","0","2021","4","N",1,0,0,0,0,0,0,0,"N",0.65,0,0,0,0,0,0,0,"N",1,100.0,0,0,0,0,0,0,0,0,0,0,0,0,0,0
"29121","5","518210","78","0","2021","4","N",1,0,0,0,0,0,0,0,"N",0.66,0,0,0,0,0,0,0,"N",0,0.0,0,0,0,0,0,0,0,0,0,0,0,0,0,0
"29127","5","518210","78","0","2021","4","-",0,0,0,0,0,0,0,0,"N",0.00,0,0,0,0,0,0,0,"N",0,0,0,0,0,0,0,0,0,0,0,0,0,0,0,0
"29133","5","518210","78","0","2021","4","N",1,0,0,0,0,0,0,0,"N",0.63,0,0,0,0,0,0,0,"N",0,0.0,0,0,0,0,0,0,0,0,0,0,0,0,0,0
"29141","5","518210","78","0","2021","4","N",3,0,0,0,0,0,0,0,"N",1.41,0,0,0,0,0,0,0,"N",1,50.0,0,0,0,0,0,0,0,0,0,0,0,0,0,0
"29159","5","518210","78","0","2021","4","N",2,0,0,0,0,0,0,0,"N",0.42,0,0,0,0,0,0,0,"N",0,0.0,0,0,0,0,0,0,0,0,0,0,0,0,0,0
"29165","5","518210","78","0","2021","4","",9,317,320,314,8021977,262061,4083,1947,"",0.85,2.60,2.60,2.53,1.91,1.47,1.79,0.74,"",1,12.5,0,0.0,-7,-2.1,-8,-2.5,-133117,-1.6,137861,111.0,2278,126.2,-1,-0.1
"29167","5","518210","78","0","2021","4","N",1,0,0,0,0,0,0,0,"N",0.37,0,0,0,0,0,0,0,"N",0,0.0,0,0,0,0,0,0,0,0,0,0,0,0,0,0
"29169","5","518210","78","0","2021","4","N",1,0,0,0,0,0,0,0,"N",0.33,0,0,0,0,0,0,0,"N",0,0.0,0,0,0,0,0,0,0,0,0,0,0,0,0,0
"29183","5","518210","78","0","2021","4","",26,3807,3818,3841,123818880,2329724,16346,2492,"",0.69,8.89,8.85,9.06,9.08,4.10,2.14,1.02,"N",1,4.0,0,0,0,0,0,0,0,0,0,0,0,0,0,0
"29187","5","518210","78","0","2021","4","N",1,0,0,0,0,0,0,0,"N",0.16,0,0,0,0,0,0,0,"N",-1,-50.0,0,0,0,0,0,0,0,0,0,0,0,0,0,0
"29189","5","518210","78","0","2021","4","",99,3585,3579,3567,143986587,1760323,22838,3096,"",0.64,2.24,2.22,2.20,2.07,0.91,0.94,0.93,"",9,10.0,-13,-0.4,-122,-3.3,-164,-4.4,-1390278,-1.0,-129359,-6.8,-26853,-54.0,54,1.8
"29201","5","518210","78","0","2021","4","N",2,0,0,0,0,0,0,0,"N",0.40,0,0,0,0,0,0,0,"N",0,0.0,0,0,0,0,0,0,0,0,0,0,0,0,0,0
"29207","5","518210","78","0","2021","4","N",1,0,0,0,0,0,0,0,"N",0.30,0,0,0,0,0,0,0,"N",0,0.0,0,0,0,0,0,0,0,0,0,0,0,0,0,0
"29209","5","518210","78","0","2021","4","N",1,0,0,0,0,0,0,0,"N",0.35,0,0,0,0,0,0,0,"N",0,0.0,0,0,0,0,0,0,0,0,0,0,0,0,0,0
"29213","5","518210","78","0","2021","4","N",3,0,0,0,0,0,0,0,"N",0.40,0,0,0,0,0,0,0,"N",0,0.0,0,0,0,0,0,0,0,0,0,0,0,0,0,0
"29219","5","518210","78","0","2021","4","N",1,0,0,0,0,0,0,0,"N",0.40,0,0,0,0,0,0,0,"N",0,0.0,0,0,0,0,0,0,0,0,0,0,0,0,0,0
"29225","5","518210","78","0","2021","4","N",2,0,0,0,0,0,0,0,"N",0.67,0,0,0,0,0,0,0,"N",0,0.0,0,0,0,0,0,0,0,0,0,0,0,0,0,0
"29510","3","518210","78","0","2021","4","N",1,0,0,0,0,0,0,0,"N",7.47,0,0,0,0,0,0,0,"N",0,0.0,0,0,0,0,0,0,0,0,0,0,0,0,0,0
"29510","5","518210","78","0","2021","4","",30,249,249,254,4687320,262878,3142,1438,"",0.55,0.41,0.41,0.42,0.18,0.48,0.44,0.44,"",0,0.0,48,23.9,42,20.3,44,21.0,1164745,33.1,59241,29.1,266,9.2,123,9.4
"29999","5","518210","78","0","2021","4","",698,1578,1597,1603,51143750,3844960,77830,2470,"",6.87,5.59,5.50,5.46,3.35,5.89,6.23,0.61,"",318,83.7,752,91.0,745,87.4,725,82.6,23197932,83.0,2278981,145.5,46465,148.1,-53,-2.1
"30000","5","518210","58","0","2021","4","",153,489,503,493,12961644,1997819,20264,2014,"",0.75,0.37,0.38,0.37,0.29,0.30,0.25,0.79,"",33,27.5,18,3.8,33,7.0,16,3.4,2925090,29.1,164543,9.0,-903,-4.3,381,23.3
"30009","5","518210","78","0","2021","4","N",1,0,0,0,0,0,0,0,"N",0.54,0,0,0,0,0,0,0,"N",0,0.0,0,0,0,0,0,0,0,0,0,0,0,0,0,0
"30013","5","518210","78","0","2021","4","N",3,0,0,0,0,0,0,0,"N",0.29,0,0,0,0,0,0,0,"N",0,0.0,0,0,0,0,0,0,0,0,0,0,0,0,0,0
"30029","5","518210","78","0","2021","4","",14,14,15,13,1510327,68982,838,8299,"",0.69,0.11,0.12,0.10,0.37,0.12,0.10,3.33,"",0,0.0,2,16.7,3,25.0,1,8.3,1194302,377.9,-2386,-3.3,-25,-2.9,6273,309.6
"30031","5","518210","78","0","2021","4","",20,80,81,74,1871285,155203,1905,1838,"",0.70,0.45,0.46,0.41,0.28,0.15,0.16,0.64,"",2,11.1,7,9.6,4,5.2,0,0.0,379606,25.4,-81330,-34.4,-959,-33.5,301,19.6
"30043","5","518210","78","0","2021","4","N",1,0,0,0,0,0,0,0,"N",0.68,0,0,0,0,0,0,0,"N",0,0.0,0,0,0,0,0,0,0,0,0,0,0,0,0,0
"30047","5","518210","78","0","2021","4","N",1,0,0,0,0,0,0,0,"N",0.25,0,0,0,0,0,0,0,"N",-1,-50.0,0,0,0,0,0,0,0,0,0,0,0,0,0,0
"30049","5","518210","78","0","2021","4","",7,153,150,149,2527196,628005,5115,1290,"",0.61,1.51,1.48,1.46,0.75,1.02,1.01,0.51,"",-1,-12.5,-16,-9.5,-17,-10.2,-19,-11.3,-9560,-0.4,12309,2.0,-1613,-24.0,128,11.0
"30061","5","518210","78","0","2021","4","N",1,0,0,0,0,0,0,0,"N",1.73,0,0,0,0,0,0,0,"N",1,100.0,0,0,0,0,0,0,0,0,0,0,0,0,0,0
"30063","5","518210","78","0","2021","4","",12,45,43,43,782267,183244,1494,1378,"",0.58,0.26,0.25,0.25,0.14,0.21,0.15,0.55,"",-1,-7.7,1,2.3,-1,-2.3,-1,-2.3,-18886,-2.4,-800,-0.4,-250,-14.3,-23,-1.6
"30065","5","518210","78","0","2021","4","-",0,0,0,0,0,0,0,0,"N",0.00,0,0,0,0,0,0,0,"N",-1,-100.0,0,0,0,0,0,0,0,0,0,0,0,0,0,0
"30067","5","518210","78","0","2021","4","N",2,0,0,0,0,0,0,0,"N",0.50,0,0,0,0,0,0,0,"N",1,100.0,0,0,0,0,0,0,0,0,0,0,0,0,0,0
"30081","5","518210","78","0","2021","4","",6,14,14,14,215678,76408,596,1185,"",0.84,0.40,0.40,0.40,0.21,0.49,0.26,0.53,"",0,0.0,4,40.0,3,27.3,2,16.7,45086,26.4,30759,67.4,183,44.3,-8,-0.7
"30093","5","518210","78","0","2021","4","N",1,0,0,0,0,0,0,0,"N",0.21,0,0,0,0,0,0,0,"N",0,0.0,0,0,0,0,0,0,0,0,0,0,0,0,0,0
"30097","5","518210","78","0","2021","4","N",1,0,0,0,0,0,0,0,"N",1.14,0,0,0,0,0,0,0,"N",0,0.0,0,0,0,0,0,0,0,0,0,0,0,0,0,0
"30111","5","518210","78","0","2021","4","N",9,0,0,0,0,0,0,0,"N",0.36,0,0,0,0,0,0,0,"N",-1,-10.0,0,0,0,0,0,0,0,0,0,0,0,0,0,0
"30999","5","518210","78","0","2021","4","",74,139,140,140,4547023,651578,7982,2504,"",2.78,3.37,3.37,3.37,1.77,2.02,1.08,0.53,"",34,85.0,53,61.6,56,66.7,49,53.8,1713513,60.5,233105,55.7,3054,62.0,-1,0.0
"31000","5","518210","58","0","2021","4","",348,2424,2401,2402,65809716,1754188,16049,2101,"",1.25,0.91,0.90,0.89,0.72,0.64,0.53,0.80,"",95,37.5,-1119,-31.6,-1178,-32.9,-1223,-33.7,-25949840,-28.3,-346645,-16.5,-2137,-11.8,131,6.6
"31001","5","518210","78","0","2021","4","N",1,0,0,0,0,0,0,0,"N",0.25,0,0,0,0,0,0,0,"N",0,0.0,0,0,0,0,0,0,0,0,0,0,0,0,0,0
"31019","5","518210","78","0","2021","4","N",2,0,0,0,0,0,0,0,"N",0.28,0,0,0,0,0,0,0,"N",0,0.0,0,0,0,0,0,0,0,0,0,0,0,0,0,0
"31025","5","518210","78","0","2021","4","N",1,0,0,0,0,0,0,0,"N",0.38,0,0,0,0,0,0,0,"N",1,100.0,0,0,0,0,0,0,0,0,0,0,0,0,0,0
"31033","5","518210","78","0","2021","4","-",0,0,0,0,0,0,0,0,"N",0.00,0,0,0,0,0,0,0,"N",-1,-100.0,0,0,0,0,0,0,0,0,0,0,0,0,0,0
"31043","5","518210","78","0","2021","4","N",1,0,0,0,0,0,0,0,"N",0.52,0,0,0,0,0,0,0,"N",1,100.0,0,0,0,0,0,0,0,0,0,0,0,0,0,0
"31049","5","518210","78","0","2021","4","N",1,0,0,0,0,0,0,0,"N",3.23,0,0,0,0,0,0,0,"N",1,100.0,0,0,0,0,0,0,0,0,0,0,0,0,0,0
"31053","5","518210","78","0","2021","4","N",1,0,0,0,0,0,0,0,"N",0.24,0,0,0,0,0,0,0,"N",0,0.0,0,0,0,0,0,0,0,0,0,0,0,0,0,0
"31055","5","518210","78","0","2021","4","",87,1511,1497,1502,45404140,653541,4015,2323,"",1.21,1.65,1.63,1.63,1.29,0.69,0.40,0.79,"",12,16.0,-1359,-47.4,-1380,-48.0,-1365,-47.6,-31857894,-41.2,-318313,-32.8,-2216,-35.6,253,12.2
"31079","5","518210","78","0","2021","4","N",1,0,0,0,0,0,0,0,"N",0.13,0,0,0,0,0,0,0,"N",1,100.0,0,0,0,0,0,0,0,0,0,0,0,0,0,0
"31109","5","518210","78","0","2021","4","",39,239,240,242,5702230,195435,2143,1825,"",1.01,0.51,0.52,0.52,0.36,0.43,0.54,0.70,"",3,8.3,12,5.3,13,5.7,17,7.6,1475769,34.9,22605,13.1,533,33.1,389,27.1
"31111","5","518210","78","0","2021","4","N",1,0,0,0,0,0,0,0,"N",0.22,0,0,0,0,0,0,0,"N",1,100.0,0,0,0,0,0,0,0,0,0,0,0,0,0,0
"31139","5","518210","78","0","2021","4","N",1,0,0,0,0,0,0,0,"N",1.11,0,0,0,0,0,0,0,"N",0,0.0,0,0,0,0,0,0,0,0,0,0,0,0,0,0
"31145","5","518210","78","0","2021","4","N",1,0,0,0,0,0,0,0,"N",0.60,0,0,0,0,0,0,0,"N",1,100.0,0,0,0,0,0,0,0,0,0,0,0,0,0,0
"31151","5","518210","78","0","2021","4","N",1,0,0,0,0,0,0,0,"N",0.67,0,0,0,0,0,0,0,"N",0,0.0,0,0,0,0,0,0,0,0,0,0,0,0,0,0
"31153","5","518210","78","0","2021","4","",16,112,111,113,2913315,98649,791,2001,"",0.98,0.56,0.55,0.56,0.42,0.41,0.31,0.75,"",3,23.1,-8,-6.7,-10,-8.3,-15,-11.7,34425,1.2,-114433,-53.7,-980,-55.3,201,11.2
"31157","5","518210","78","0","2021","4","N",2,0,0,0,0,0,0,0,"N",0.40,0,0,0,0,0,0,0,"N",0,0.0,0,0,0,0,0,0,0,0,0,0,0,0,0,0
"31173","5","518210","78","0","2021","4","N",1,0,0,0,0,0,0,0,"N",1.58,0,0,0,0,0,0,0,"N",0,0.0,0,0,0,0,0,0,0,0,0,0,0,0,0,0
"31177","5","518210","78","0","2021","4","N",3,0,0,0,0,0,0,0,"N",1.20,0,0,0,0,0,0,0,"N",1,50.0,0,0,0,0,0,0,0,0,0,0,0,0,0,0
"31185","5","518210","78","0","2021","4","N",1,0,0,0,0,0,0,0,"N",0.43,0,0,0,0,0,0,0,"N",0,0.0,0,0,0,0,0,0,0,0,0,0,0,0,0,0
"31999","5","518210","78","0","2021","4","",187,372,360,356,8594389,676541,8277,1823,"",5.40,4.42,4.21,4.15,1.99,3.52,1.86,0.47,"",71,61.2,217,140.0,183,103.4,129,56.8,4008500,87.4,9827,1.5,108,1.3,-70,-3.7
"32000","5","518210","58","0","2021","4","",347,2819,2827,2830,108536236,13314495,271548,2955,"",0.97,0.73,0.72,0.72,0.74,0.72,0.75,1.03,"",38,12.3,529,23.1,507,21.9,482,20.5,34847801,47.3,4799964,56.4,94759,53.6,511,20.9
"32001","5","518210","78","0","2021","4","N",2,0,0,0,0,0,0,0,"N",0.91,0,0,0,0,0,0,0,"N",0,0.0,0,0,0,0,0,0,0,0,0,0,0,0,0,0
"32003","5","518210","78","0","2021","4","",251,1749,1745,1758,62108463,8763559,188168,2729,"",1.18,0.63,0.62,0.62,0.62,0.65,0.72,0.99,"",36,16.7,456,35.3,427,32.4,432,32.6,16632407,36.6,4221095,92.9,90266,92.2,63,2.4
"32005","5","518210","78","0","2021","4","",8,18,20,17,828241,98440,1744,3475,"",1.18,0.35,0.39,0.33,0.41,0.44,0.41,1.14,"",-1,-11.1,0,0.0,0,0.0,-2,-10.5,312039,60.4,-8952,-8.3,-324,-15.7,1385,66.3
"32007","5","518210","78","0","2021","4","N",2,0,0,0,0,0,0,0,"N",0.40,0,0,0,0,0,0,0,"N",0,0.0,0,0,0,0,0,0,0,0,0,0,0,0,0,0
"32019","5","518210","78","0","2021","4","N",3,0,0,0,0,0,0,0,"N",0.79,0,0,0,0,0,0,0,"N",0,0.0,0,0,0,0,0,0,0,0,0,0,0,0,0,0
"32021","5","518210","78","0","2021","4","-",0,0,0,0,0,0,0,0,"N",0.00,0,0,0,0,0,0,0,"N",-1,-100.0,0,0,0,0,0,0,0,0,0,0,0,0,0,0
"32029","5","518210","78","0","2021","4","",4,296,300,307,11569331,1480101,21462,2957,"",4.81,5.55,5.61,5.67,3.93,6.29,4.56,0.70,"N",1,33.3,0,0,0,0,0,0,0,0,0,0,0,0,0,0
"32031","5","518210","78","0","2021","4","",57,618,620,609,20353200,2493709,50486,2543,"",1.00,1.00,0.99,0.97,0.83,0.95,1.02,0.84,"",2,3.6,53,9.4,56,9.9,38,6.7,5709905,39.0,421168,20.3,4116,8.9,555,27.9
"32510","5","518210","78","0","2021","4","N",4,0,0,0,0,0,0,0,"N",0.53,0,0,0,0,0,0,0,"N",-1,-20.0,0,0,0,0,0,0,0,0,0,0,0,0,0,0
"32999","5","518210","78","0","2021","4","N",16,0,0,0,0,0,0,0,"N",0.30,0,0,0,0,0,0,0,"N",2,14.3,0,0,0,0,0,0,0,0,0,0,0,0,0,0
"33000","5","518210","58","0","2021","4","",257,1435,1452,1473,47772447,2322403,56415,2529,"",1.17,0.79,0.80,0.81,0.56,0.95,1.25,0.69,"",46,21.8,203,16.5,250,20.8,252,20.6,8666048,22.2,1309640,129.3,30528,117.9,60,2.4
"33001","5","518210","78","0","2021","4","",4,6,6,6,194740,28143,699,2497,"",0.50,0.09,0.09,0.09,0.09,0.32,0.44,1.00,"N",-1,-20.0,0,0,0,0,0,0,0,0,0,0,0,0,0,0
"33003","5","518210","78","0","2021","4","N",1,0,0,0,0,0,0,0,"N",0.13,0,0,0,0,0,0,0,"N",0,0.0,0,0,0,0,0,0,0,0,0,0,0,0,0,0
"33005","5","518210","78","0","2021","4","N",1,0,0,0,0,0,0,0,"N",0.12,0,0,0,0,0,0,0,"N",-1,-50.0,0,0,0,0,0,0,0,0,0,0,0,0,0,0
"33007","5","518210","78","0","2021","4","N",1,0,0,0,0,0,0,0,"N",0.27,0,0,0,0,0,0,0,"N",0,0.0,0,0,0,0,0,0,0,0,0,0,0,0,0,0
"33009","5","518210","78","0","2021","4","N",6,0,0,0,0,0,0,0,"N",0.49,0,0,0,0,0,0,0,"N",-2,-25.0,0,0,0,0,0,0,0,0,0,0,0,0,0,0
"33011","5","518210","78","0","2021","4","",34,351,354,353,12169643,328442,4063,2654,"",0.74,0.64,0.64,0.64,0.45,0.46,0.31,0.70,"",4,13.3,44,14.3,46,14.9,46,15.0,796623,7.0,56439,20.7,-1500,-27.0,-193,-6.8
"33013","5","518210","78","0","2021","4","",9,21,20,21,953867,44240,935,3550,"",0.46,0.10,0.10,0.10,0.12,0.20,0.23,1.15,"",0,0.0,-2,-8.7,-4,-16.7,-3,-12.5,-104977,-9.9,22607,104.5,350,59.8,108,3.1
"33015","5","518210","78","0","2021","4","",30,245,253,265,6118918,374223,8223,1851,"",0.71,0.60,0.62,0.65,0.35,0.61,0.73,0.56,"",4,15.4,55,28.9,27,11.9,15,6.0,499305,8.9,133528,55.5,1106,15.5,-96,-4.9
"33017","5","518210","78","0","2021","4","N",5,0,0,0,0,0,0,0,"N",0.44,0,0,0,0,0,0,0,"N",-1,-16.7,0,0,0,0,0,0,0,0,0,0,0,0,0,0
"33019","5","518210","78","0","2021","4","",3,3,3,3,67244,1525,34,1724,"",0.73,0.08,0.08,0.08,0.05,0.03,0.04,0.67,"",0,0.0,0,0.0,1,50.0,0,0.0,18390,37.6,193,14.5,-3,-8.1,315,22.4
"33999","5","518210","78","0","2021","4","",163,473,486,499,23350746,772716,24867,3696,"",2.90,4.80,4.82,4.88,1.80,3.50,4.44,0.37,"",43,35.8,176,59.3,185,61.5,176,54.5,7331958,45.8,433323,127.7,15014,152.4,-318,-7.9
"34000","5","518210","58","0","2021","4","",993,11849,11876,11936,476206865,46232940,902898,3082,"",0.88,1.07,1.06,1.05,0.90,1.04,0.98,0.85,"",262,35.8,550,4.9,498,4.4,410,3.6,115405503,32.0,19832455,75.1,444392,96.9,648,26.6
"34001","5","518210","78","0","2021","4","",8,39,38,38,1298994,207280,4460,2607,"",0.31,0.12,0.11,0.11,0.11,0.16,0.16,0.98,"",0,0.0,10,34.5,8,26.7,7,22.6,681548,110.4,132185,176.0,3153,241.2,1024,64.7
"34003","5","518210","78","0","2021","4","",91,2318,2325,2311,67649490,5085202,70913,2245,"",0.71,2.00,1.98,1.93,1.19,1.08,0.77,0.61,"",13,16.7,-41,-1.7,-63,-2.6,-76,-3.2,577667,0.9,808077,18.9,10962,18.3,75,3.5
"34005","5","518210","78","0","2021","4","",34,217,214,213,3585801,1393878,24737,1285,"",0.78,0.39,0.38,0.38,0.15,0.65,0.58,0.40,"",-1,-2.9,-139,-39.0,-134,-38.5,-97,-31.3,-8624772,-70.6,76888,5.8,6421,35.1,-1494,-53.8
"34007","5","518210","78","0","2021","4","",24,111,113,96,2417245,433763,4623,1743,"",0.49,0.20,0.20,0.17,0.11,0.21,0.11,0.55,"",0,0.0,-10,-8.3,-8,-6.6,-28,-22.6,-472106,-16.3,122912,39.5,1242,36.7,-79,-4.3
"34009","5","518210","78","0","2021","4","N",2,0,0,0,0,0,0,0,"N",0.14,0,0,0,0,0,0,0,"N",1,100.0,0,0,0,0,0,0,0,0,0,0,0,0,0,0
"34011","5","518210","78","0","2021","4","N",2,0,0,0,0,0,0,0,"N",0.16,0,0,0,0,0,0,0,"N",0,0.0,0,0,0,0,0,0,0,0,0,0,0,0,0,0
"34013","5","518210","78","0","2021","4","",49,399,459,503,17197284,1815491,20764,2916,"",0.58,0.45,0.51,0.55,0.39,0.58,0.35,0.77,"",8,19.5,191,91.8,252,121.7,292,138.4,11468899,200.2,1059065,140.0,6921,50.0,804,38.1
"34015","5","518210","78","0","2021","4","",8,73,73,70,1417210,465311,11634,1514,"",0.31,0.23,0.22,0.21,0.13,0.33,0.40,0.59,"",-1,-11.1,23,46.0,17,30.4,13,22.8,509995,56.2,280431,151.7,7280,167.2,230,17.9
"34017","5","518210","78","0","2021","4","",62,1719,1719,1755,61733778,5560683,87208,2743,"",0.94,2.37,2.33,2.36,1.63,1.94,1.53,0.69,"",1,1.6,-96,-5.3,-117,-6.4,-206,-10.5,-218801,-0.4,1916813,52.6,27179,45.3,195,7.7
"34019","5","518210","78","0","2021","4","",7,31,35,35,1064369,143849,1408,2432,"",0.47,0.25,0.29,0.28,0.20,0.32,0.16,0.73,"",-2,-22.2,2,6.9,5,16.7,5,16.7,228416,27.3,21301,17.4,-44,-3.0,264,12.2
"34021","5","518210","78","0","2021","4","",39,485,496,503,14947767,2102371,42204,2324,"",0.90,0.69,0.70,0.70,0.43,1.07,1.05,0.61,"",6,18.2,56,13.1,63,14.5,72,16.7,3494633,30.5,1155027,121.9,25224,148.6,280,13.7
"34023","5","518210","78","0","2021","4","",66,1350,1328,1324,49679384,3694765,63078,2865,"",0.74,1.15,1.12,1.10,0.90,0.72,0.61,0.80,"",13,24.5,-60,-4.3,-90,-6.3,-72,-5.2,-723867,-1.4,1036032,39.0,15451,32.4,111,4.0
"34025","5","518210","78","0","2021","4","",34,811,804,781,21353647,2042709,38247,2057,"",0.44,1.15,1.13,1.09,0.73,0.77,0.70,0.65,"",9,36.0,-88,-9.8,-81,-9.2,-93,-10.6,-1733938,-7.5,624679,44.1,13303,53.3,53,2.6
"34027","5","518210","78","0","2021","4","",35,568,561,554,21589996,1454935,24988,2960,"",0.54,0.72,0.70,0.69,0.47,0.51,0.43,0.66,"",5,16.7,-611,-51.8,-618,-52.4,-631,-53.2,-20386162,-48.6,-306082,-17.4,7120,39.8,226,8.3
"34029","5","518210","78","0","2021","4","",25,128,128,127,1932615,538585,13015,1164,"",0.46,0.27,0.27,0.27,0.12,0.29,0.34,0.45,"",2,8.7,6,4.9,2,1.6,1,0.8,39357,2.1,31474,6.2,1727,15.3,-4,-0.3
"34031","5","518210","78","0","2021","4","",17,165,168,139,3717829,631428,9084,1818,"",0.33,0.36,0.37,0.30,0.21,0.31,0.21,0.62,"",-1,-5.6,42,34.1,43,34.4,-12,-7.9,1021298,37.9,48701,8.4,-1508,-14.2,258,16.5
"34033","5","518210","78","0","2021","4","N",2,0,0,0,0,0,0,0,"N",0.38,0,0,0,0,0,0,0,"N",0,0.0,0,0,0,0,0,0,0,0,0,0,0,0,0,0
"34035","5","518210","78","0","2021","4","",37,409,410,409,14520862,904720,18549,2729,"",0.95,0.80,0.80,0.79,0.51,0.48,0.47,0.64,"",1,2.8,-158,-27.9,-171,-29.4,-168,-29.1,-5154136,-26.2,-205596,-18.5,-5469,-22.8,97,3.7
"34037","5","518210","78","0","2021","4","N",2,0,0,0,0,0,0,0,"N",0.15,0,0,0,0,0,0,0,"N",0,0.0,0,0,0,0,0,0,0,0,0,0,0,0,0,0
"34039","5","518210","78","0","2021","4","",19,182,184,182,5185971,658698,15367,2184,"",0.33,0.30,0.30,0.29,0.17,0.25,0.30,0.58,"",2,11.8,-5,-2.7,-5,-2.6,-8,-4.2,656201,14.5,82202,14.3,812,5.6,337,18.2
"34041","5","518210","78","0","2021","4","",6,36,34,33,408532,207105,6285,915,"",0.58,0.42,0.39,0.37,0.13,0.67,1.04,0.34,"",0,0.0,3,9.1,0,0.0,-3,-8.3,66303,19.4,9531,4.8,-1132,-15.3,148,19.3
"34999","5","518210","78","0","2021","4","",424,2612,2591,2669,184032206,17835784,421390,5395,"",2.79,5.20,5.03,5.06,4.76,5.41,4.98,0.93,"",206,94.5,1420,119.1,1384,114.7,1413,112.5,133445034,263.8,12749182,250.6,321264,320.9,2201,68.9
"35000","3","518210","58","0","2021","4","",20,202,205,199,4109692,9260,31,1565,"",33.67,13.60,13.78,13.42,17.18,3.45,6.29,1.26,"",0,0.0,4,2.0,8,4.1,6,3.1,301719,7.9,3926,73.6,14,82.4,71,4.8
"35000","5","518210","58","0","2021","4","",314,740,778,795,19911946,3389629,29551,1987,"",1.30,0.33,0.35,0.35,0.27,0.49,0.56,0.78,"",125,66.1,81,12.3,124,19.0,144,22.1,5212457,35.5,706060,26.3,1047,3.7,260,15.1
"35001","3","518210","78","0","2021","4","N",1,0,0,0,0,0,0,0,"N",5.15,0,0,0,0,0,0,0,"N",0,0.0,0,0,0,0,0,0,0,0,0,0,0,0,0,0
"35001","5","518210","78","0","2021","4","",111,307,328,354,6443909,1590223,13498,1504,"",1.41,0.34,0.36,0.39,0.20,0.58,0.69,0.57,"",48,76.2,45,17.2,66,25.2,87,32.6,1316007,25.7,667065,72.3,5430,67.3,8,0.5
"35003","5","518210","78","0","2021","4","N",2,0,0,0,0,0,0,0,"N",4.24,0,0,0,0,0,0,0,"N",2,100.0,0,0,0,0,0,0,0,0,0,0,0,0,0,0
"35005","3","518210","78","0","2021","4","N",2,0,0,0,0,0,0,0,"N",116.46,0,0,0,0,0,0,0,"N",0,0.0,0,0,0,0,0,0,0,0,0,0,0,0,0,0
"35005","5","518210","78","0","2021","4","N",2,0,0,0,0,0,0,0,"N",0.29,0,0,0,0,0,0,0,"N",0,0.0,0,0,0,0,0,0,0,0,0,0,0,0,0,0
"35006","3","518210","78","0","2021","4","N",2,0,0,0,0,0,0,0,"N",482.53,0,0,0,0,0,0,0,"N",0,0.0,0,0,0,0,0,0,0,0,0,0,0,0,0,0
"35009","3","518210","78","0","2021","4","N",2,0,0,0,0,0,0,0,"N",167.65,0,0,0,0,0,0,0,"N",0,0.0,0,0,0,0,0,0,0,0,0,0,0,0,0,0
"35013","3","518210","78","0","2021","4","N",1,0,0,0,0,0,0,0,"N",20.64,0,0,0,0,0,0,0,"N",0,0.0,0,0,0,0,0,0,0,0,0,0,0,0,0,0
"35013","5","518210","78","0","2021","4","",18,93,93,92,991763,338539,1719,823,"",0.91,0.46,0.46,0.46,0.18,0.57,0.34,0.40,"N",7,63.6,0,0,0,0,0,0,0,0,0,0,0,0,0,0
"35015","3","518210","78","0","2021","4","N",2,0,0,0,0,0,0,0,"N",110.81,0,0,0,0,0,0,0,"N",0,0.0,0,0,0,0,0,0,0,0,0,0,0,0,0,0
"35015","5","518210","78","0","2021","4","N",1,0,0,0,0,0,0,0,"N",0.14,0,0,0,0,0,0,0,"N",-1,-50.0,0,0,0,0,0,0,0,0,0,0,0,0,0,0
"35017","5","518210","78","0","2021","4","N",2,0,0,0,0,0,0,0,"N",0.72,0,0,0,0,0,0,0,"N",0,0.0,0,0,0,0,0,0,0,0,0,0,0,0,0,0
"35025","3","518210","78","0","2021","4","N",1,0,0,0,0,0,0,0,"N",49.61,0,0,0,0,0,0,0,"N",0,0.0,0,0,0,0,0,0,0,0,0,0,0,0,0,0
"35028","3","518210","78","0","2021","4","N",1,0,0,0,0,0,0,0,"N",195.01,0,0,0,0,0,0,0,"N",0,0.0,0,0,0,0,0,0,0,0,0,0,0,0,0,0
"35028","5","518210","78","0","2021","4","",6,9,9,10,675210,11596,116,5565,"",2.88,0.18,0.18,0.20,0.23,0.13,0.15,1.20,"",3,100.0,3,50.0,2,28.6,3,42.9,209793,45.1,-14204,-55.1,31,36.5,195,3.6
"35029","5","518210","78","0","2021","4","N",2,0,0,0,0,0,0,0,"N",0.94,0,0,0,0,0,0,0,"N",1,100.0,0,0,0,0,0,0,0,0,0,0,0,0,0,0
"35031","3","518210","78","0","2021","4","N",2,0,0,0,0,0,0,0,"N",169.79,0,0,0,0,0,0,0,"N",0,0.0,0,0,0,0,0,0,0,0,0,0,0,0,0,0
"35031","5","518210","78","0","2021","4","N",1,0,0,0,0,0,0,0,"N",0.21,0,0,0,0,0,0,0,"N",1,100.0,0,0,0,0,0,0,0,0,0,0,0,0,0,0
"35035","3","518210","78","0","2021","4","N",1,0,0,0,0,0,0,0,"N",85.86,0,0,0,0,0,0,0,"N",0,0.0,0,0,0,0,0,0,0,0,0,0,0,0,0,0
"35035","5","518210","78","0","2021","4","",8,6,8,5,143333,54854,480,1741,"",1.69,0.12,0.17,0.10,0.11,0.39,0.45,0.81,"N",3,60.0,0,0,0,0,0,0,0,0,0,0,0,0,0,0
"35037","3","518210","78","0","2021","4","N",1,0,0,0,0,0,0,0,"N",333.07,0,0,0,0,0,0,0,"N",0,0.0,0,0,0,0,0,0,0,0,0,0,0,0,0,0
"35039","5","518210","78","0","2021","4","",3,6,6,6,278053,13719,137,3565,"",0.88,0.24,0.24,0.24,0.43,0.21,0.27,1.80,"N",1,50.0,0,0,0,0,0,0,0,0,0,0,0,0,0,0
"35043","5","518210","78","0","2021","4","",21,31,34,30,1044913,216624,2571,2538,"",2.00,0.36,0.39,0.35,0.39,0.90,1.60,1.07,"N",16,320.0,0,0,0,0,0,0,0,0,0,0,0,0,0,0
"35045","3","518210","78","0","2021","4","N",2,0,0,0,0,0,0,0,"N",74.41,0,0,0,0,0,0,0,"N",0,0.0,0,0,0,0,0,0,0,0,0,0,0,0,0,0
"35045","5","518210","78","0","2021","4","N",3,0,0,0,0,0,0,0,"N",0.27,0,0,0,0,0,0,0,"N",2,200.0,0,0,0,0,0,0,0,0,0,0,0,0,0,0
"35049","3","518210","78","0","2021","4","N",1,0,0,0,0,0,0,0,"N",16.90,0,0,0,0,0,0,0,"N",0,0.0,0,0,0,0,0,0,0,0,0,0,0,0,0,0
"35049","5","518210","78","0","2021","4","",41,51,52,48,1304811,233444,4212,1994,"",1.70,0.31,0.32,0.29,0.22,0.48,1.33,0.73,"",20,95.2,21,70.0,16,44.4,14,41.2,582263,80.6,-29191,-11.1,2044,94.3,327,19.6
"35051","5","518210","78","0","2021","4","N",1,0,0,0,0,0,0,0,"N",0.73,0,0,0,0,0,0,0,"N",1,100.0,0,0,0,0,0,0,0,0,0,0,0,0,0,0
"35053","5","518210","78","0","2021","4","N",1,0,0,0,0,0,0,0,"N",0.66,0,0,0,0,0,0,0,"N",1,100.0,0,0,0,0,0,0,0,0,0,0,0,0,0,0
"35055","5","518210","78","0","2021","4","",3,9,9,9,179026,58113,737,1530,"",0.58,0.31,0.32,0.30,0.26,0.61,0.61,0.83,"N",2,200.0,0,0,0,0,0,0,0,0,0,0,0,0,0,0
"35057","5","518210","78","0","2021","4","N",1,0,0,0,0,0,0,0,"N",0.75,0,0,0,0,0,0,0,"N",0,0.0,0,0,0,0,0,0,0,0,0,0,0,0,0,0
"35061","3","518210","78","0","2021","4","N",1,0,0,0,0,0,0,0,"N",73.90,0,0,0,0,0,0,0,"N",0,0.0,0,0,0,0,0,0,0,0,0,0,0,0,0,0
"35061","5","518210","78","0","2021","4","N",3,0,0,0,0,0,0,0,"N",0.55,0,0,0,0,0,0,0,"N",1,50.0,0,0,0,0,0,0,0,0,0,0,0,0,0,0
"35999","5","518210","78","0","2021","4","",84,94,102,103,2769805,496389,3903,2138,"",4.36,1.37,1.48,1.53,0.88,1.10,0.62,0.60,"",19,29.2,21,28.8,26,34.2,30,41.1,959116,53.0,156936,46.2,498,14.6,256,13.6
"36000","3","518210","58","0","2021","4","",3,28,28,29,530076,0,0,1439,"",0.50,0.17,0.17,0.17,0.12,0.00,0.00,0.70,"",0,0.0,2,7.7,2,7.7,2,7.4,130940,32.8,0,0.0,0,0.0,273,23.4
"36000","5","518210","58","0","2021","4","",1485,21706,21658,21823,1035032875,28178837,1102558,3664,"",0.61,0.87,0.86,0.86,0.75,0.88,0.85,0.87,"",54,3.8,1112,5.4,1013,4.9,1032,5.0,202624123,24.3,9346765,49.6,556896,102.1,567,18.3
"36001","5","518210","78","0","2021","4","",39,853,839,874,17253466,841641,30515,1552,"",1.03,1.39,1.36,1.42,0.62,1.45,1.31,0.45,"",0,0.0,43,5.3,30,3.7,72,9.0,2219075,14.8,123285,17.2,11134,57.4,119,8.3
"36005","5","518210","78","0","2021","4","N",2,0,0,0,0,0,0,0,"N",0.03,0,0,0,0,0,0,0,"N",1,100.0,0,0,0,0,0,0,0,0,0,0,0,0,0,0
"36007","5","518210","78","0","2021","4","",7,316,306,298,2681922,150340,6212,673,"",0.45,1.44,1.38,1.34,0.37,0.71,0.75,0.27,"N",0,0.0,0,0,0,0,0,0,0,0,0,0,0,0,0,0
"36015","5","518210","78","0","2021","4","N",1,0,0,0,0,0,0,0,"N",0.15,0,0,0,0,0,0,0,"N",1,100.0,0,0,0,0,0,0,0,0,0,0,0,0,0,0
"36017","5","518210","78","0","2021","4","N",2,0,0,0,0,0,0,0,"N",0.53,0,0,0,0,0,0,0,"N",0,0.0,0,0,0,0,0,0,0,0,0,0,0,0,0,0
"36019","5","518210","78","0","2021","4","N",1,0,0,0,0,0,0,0,"N",0.14,0,0,0,0,0,0,0,"N",1,100.0,0,0,0,0,0,0,0,0,0,0,0,0,0,0
"36021","5","518210","78","0","2021","4","N",3,0,0,0,0,0,0,0,"N",0.39,0,0,0,0,0,0,0,"N",1,50.0,0,0,0,0,0,0,0,0,0,0,0,0,0,0
"36025","5","518210","78","0","2021","4","N",1,0,0,0,0,0,0,0,"N",0.22,0,0,0,0,0,0,0,"N",0,0.0,0,0,0,0,0,0,0,0,0,0,0,0,0,0
"36027","5","518210","78","0","2021","4","",9,184,185,189,5216413,76882,3482,2157,"",0.29,0.62,0.62,0.63,0.44,0.25,0.30,0.71,"",1,12.5,-38,-17.1,-38,-17.0,-23,-10.8,-229943,-4.2,11152,17.0,1066,44.1,244,12.8
"36029","5","518210","78","0","2021","4","",45,495,492,494,11875494,827934,33783,1850,"",0.50,0.41,0.40,0.40,0.26,0.59,0.61,0.65,"",6,15.4,117,31.0,118,31.6,113,29.7,3035158,34.3,502145,154.1,26162,343.3,49,2.7
"36031","5","518210","78","0","2021","4","N",1,0,0,0,0,0,0,0,"N",0.21,0,0,0,0,0,0,0,"N",0,0.0,0,0,0,0,0,0,0,0,0,0,0,0,0,0
"36035","5","518210","78","0","2021","4","N",1,0,0,0,0,0,0,0,"N",0.23,0,0,0,0,0,0,0,"N",0,0.0,0,0,0,0,0,0,0,0,0,0,0,0,0,0
"36037","5","518210","78","0","2021","4","N",1,0,0,0,0,0,0,0,"N",0.19,0,0,0,0,0,0,0,"N",0,0.0,0,0,0,0,0,0,0,0,0,0,0,0,0,0
"36039","5","518210","78","0","2021","4","N",2,0,0,0,0,0,0,0,"N",0.41,0,0,0,0,0,0,0,"N",0,0.0,0,0,0,0,0,0,0,0,0,0,0,0,0,0
"36045","5","518210","78","0","2021","4","N",2,0,0,0,0,0,0,0,"N",0.19,0,0,0,0,0,0,0,"N",0,0.0,0,0,0,0,0,0,0,0,0,0,0,0,0,0
"36047","5","518210","78","0","2021","4","",123,592,604,612,23152250,968039,36518,2955,"",0.49,0.27,0.27,0.27,0.30,0.31,0.30,1.09,"",9,7.9,142,31.6,151,33.3,140,29.7,10447793,82.2,357592,58.6,21264,139.4,823,38.6
"36049","5","518210","78","0","2021","4","N",1,0,0,0,0,0,0,0,"N",0.48,0,0,0,0,0,0,0,"N",0,0.0,0,0,0,0,0,0,0,0,0,0,0,0,0,0
"36051","5","518210","78","0","2021","4","N",2,0,0,0,0,0,0,0,"N",0.38,0,0,0,0,0,0,0,"N",2,100.0,0,0,0,0,0,0,0,0,0,0,0,0,0,0
"36055","5","518210","78","0","2021","4","",32,430,414,411,6384824,169841,6141,1174,"",0.46,0.42,0.41,0.40,0.17,0.15,0.14,0.41,"",-4,-11.1,-114,-21.0,-134,-24.5,-150,-26.7,-2962116,-31.7,-301431,-64.0,-4976,-44.8,-131,-10.0
"36057","5","518210","78","0","2021","4","N",1,0,0,0,0,0,0,0,"N",0.23,0,0,0,0,0,0,0,"N",0,0.0,0,0,0,0,0,0,0,0,0,0,0,0,0,0
"36059","5","518210","78","0","2021","4","",95,1544,1529,1531,46572850,1566260,57766,2334,"",0.47,0.92,0.91,0.90,0.60,0.76,0.71,0.66,"",12,14.5,-22,-1.4,-26,-1.7,-2,-0.1,229188,0.5,452652,40.6,29651,105.5,36,1.6
"36061","5","518210","78","0","2021","4","",521,10113,10014,10084,628253466,14757867,569473,4799,"",1.13,1.61,1.58,1.57,1.02,1.57,1.44,0.64,"",6,1.2,28,0.3,-70,-0.7,-42,-0.4,101106741,19.2,5639222,61.8,307751,117.6,784,19.5
"36063","5","518210","78","0","2021","4","N",4,0,0,0,0,0,0,0,"N",0.22,0,0,0,0,0,0,0,"N",0,0.0,0,0,0,0,0,0,0,0,0,0,0,0,0,0
"36065","5","518210","78","0","2021","4","",7,25,24,30,630879,72174,1950,1843,"",0.37,0.09,0.09,0.11,0.07,0.29,0.21,0.73,"",1,16.7,15,150.0,15,166.7,19,172.7,453372,255.4,38218,112.6,1295,197.7,478,35.0
"36067","5","518210","78","0","2021","4","",22,298,299,301,4641104,301896,12037,1193,"",0.48,0.46,0.46,0.46,0.18,0.43,0.44,0.40,"",1,4.8,7,2.4,14,4.9,19,6.7,830564,21.8,73832,32.4,7419,160.7,168,16.4
"36069","5","518210","78","0","2021","4","N",4,0,0,0,0,0,0,0,"N",0.34,0,0,0,0,0,0,0,"N",0,0.0,0,0,0,0,0,0,0,0,0,0,0,0,0,0
"36071","3","518210","78","0","2021","4","",3,28,28,29,530076,0,0,1439,"",30.36,10.50,10.41,10.79,11.49,0.00,0.00,1.09,"",0,0.0,2,7.7,2,7.7,2,7.4,130940,32.8,0,0.0,0,0.0,273,23.4
"36071","5","518210","78","0","2021","4","",14,126,132,137,2234235,349772,16162,1305,"",0.35,0.31,0.32,0.33,0.16,0.68,0.80,0.48,"",0,0.0,76,152.0,83,169.4,85,163.5,1273297,132.5,321547,1139.2,15403,2029.4,-164,-11.2
"36079","5","518210","78","0","2021","4","",5,27,27,27,597262,46207,1333,1702,"",0.43,0.38,0.38,0.38,0.22,0.60,0.45,0.57,"N",0,0.0,0,0,0,0,0,0,0,0,0,0,0,0,0,0
"36081","5","518210","78","0","2021","4","",58,212,222,215,5952378,394501,16178,2117,"",0.29,0.11,0.12,0.11,0.08,0.16,0.17,0.70,"",5,9.4,46,27.7,52,30.6,45,26.5,1330263,28.8,209782,113.6,11386,237.6,9,0.4
"36083","5","518210","78","0","2021","4","N",3,0,0,0,0,0,0,0,"N",0.24,0,0,0,0,0,0,0,"N",0,0.0,0,0,0,0,0,0,0,0,0,0,0,0,0,0
"36085","5","518210","78","0","2021","4","N",8,0,0,0,0,0,0,0,"N",0.21,0,0,0,0,0,0,0,"N",-1,-11.1,0,0,0,0,0,0,0,0,0,0,0,0,0,0
"36087","5","518210","78","0","2021","4","N",18,0,0,0,0,0,0,0,"N",0.43,0,0,0,0,0,0,0,"N",2,12.5,0,0,0,0,0,0,0,0,0,0,0,0,0,0
"36089","5","518210","78","0","2021","4","N",1,0,0,0,0,0,0,0,"N",0.13,0,0,0,0,0,0,0,"N",0,0.0,0,0,0,0,0,0,0,0,0,0,0,0,0,0
"36091","5","518210","78","0","2021","4","",12,118,119,121,6406421,124754,3140,4130,"",0.53,0.49,0.50,0.50,0.68,0.42,0.27,1.37,"",-1,-7.7,19,19.2,17,16.7,19,18.6,2859132,80.6,2353,1.9,660,26.6,1428,52.8
"36093","5","518210","78","0","2021","4","",8,23,24,23,344925,13590,429,1137,"",0.64,0.15,0.15,0.15,0.06,0.09,0.08,0.37,"",0,0.0,0,0.0,0,0.0,-1,-4.2,-35499,-9.3,-18632,-57.8,-654,-60.4,-99,-8.0
"36099","5","518210","78","0","2021","4","N",2,0,0,0,0,0,0,0,"N",0.72,0,0,0,0,0,0,0,"N",1,100.0,0,0,0,0,0,0,0,0,0,0,0,0,0,0
"36101","5","518210","78","0","2021","4","N",3,0,0,0,0,0,0,0,"N",0.39,0,0,0,0,0,0,0,"N",1,50.0,0,0,0,0,0,0,0,0,0,0,0,0,0,0
"36103","5","518210","78","0","2021","4","",56,822,823,832,39587860,845115,35420,3688,"",0.28,0.47,0.47,0.47,0.49,0.40,0.42,1.04,"",-7,-11.1,-26,-3.1,-29,-3.4,-27,-3.1,-4953829,-11.1,48999,6.2,11062,45.4,-329,-8.2
"36105","5","518210","78","0","2021","4","N",1,0,0,0,0,0,0,0,"N",0.13,0,0,0,0,0,0,0,"N",1,100.0,0,0,0,0,0,0,0,0,0,0,0,0,0,0
"36107","5","518210","78","0","2021","4","N",1,0,0,0,0,0,0,0,"N",0.32,0,0,0,0,0,0,0,"N",0,0.0,0,0,0,0,0,0,0,0,0,0,0,0,0,0
"36109","5","518210","78","0","2021","4","",3,10,10,10,205337,39606,1600,1580,"",0.31,0.08,0.08,0.08,0.04,0.39,0.44,0.54,"N",1,50.0,0,0,0,0,0,0,0,0,0,0,0,0,0,0
"36111","5","518210","78","0","2021","4","",8,91,89,89,751014,30093,930,644,"",0.40,0.58,0.57,0.57,0.14,0.17,0.14,0.25,"",1,14.3,-3,-3.2,-7,-7.3,-10,-10.1,-99828,-11.7,-9456,-23.9,515,124.1,-35,-5.2
"36113","5","518210","78","0","2021","4","N",2,0,0,0,0,0,0,0,"N",0.23,0,0,0,0,0,0,0,"N",1,100.0,0,0,0,0,0,0,0,0,0,0,0,0,0,0
"36115","5","518210","78","0","2021","4","N",1,0,0,0,0,0,0,0,"N",0.22,0,0,0,0,0,0,0,"N",1,100.0,0,0,0,0,0,0,0,0,0,0,0,0,0,0
"36117","5","518210","78","0","2021","4","N",4,0,0,0,0,0,0,0,"N",0.53,0,0,0,0,0,0,0,"N",2,100.0,0,0,0,0,0,0,0,0,0,0,0,0,0,0
"36119","5","518210","78","0","2021","4","",69,1798,1836,1869,85480970,1937395,78866,3585,"",0.52,1.62,1.63,1.65,1.32,1.45,1.48,0.81,"",1,1.5,93,5.5,130,7.6,144,8.3,34859984,68.9,795710,69.7,44892,132.1,1311,57.7
"36121","5","518210","78","0","2021","4","-",0,0,0,0,0,0,0,0,"N",0.00,0,0,0,0,0,0,0,"N",-1,-100.0,0,0,0,0,0,0,0,0,0,0,0,0,0,0
"36999","5","518210","78","0","2021","4","",279,2430,2466,2457,122706310,3181010,126382,3851,"",1.76,5.09,5.00,4.92,3.44,2.60,2.18,0.69,"",9,3.3,558,29.8,579,30.7,502,25.7,49076150,66.7,656720,26.0,37308,41.9,877,29.5
"37000","5","518210","58","0","2021","4","",1220,10680,10681,10485,329030506,34683550,280401,2384,"",1.04,0.85,0.84,0.82,0.70,0.98,1.12,0.83,"",196,19.1,1168,12.3,972,10.0,789,8.1,53723834,19.5,11932309,52.4,100753,56.1,187,8.5
"37001","5","518210","78","0","2021","4","N",5,0,0,0,0,0,0,0,"N",0.35,0,0,0,0,0,0,0,"N",1,25.0,0,0,0,0,0,0,0,0,0,0,0,0,0,0
"37011","5","518210","78","0","2021","4","N",1,0,0,0,0,0,0,0,"N",0.43,0,0,0,0,0,0,0,"N",1,100.0,0,0,0,0,0,0,0,0,0,0,0,0,0,0
"37013","5","518210","78","0","2021","4","N",1,0,0,0,0,0,0,0,"N",0.22,0,0,0,0,0,0,0,"N",0,0.0,0,0,0,0,0,0,0,0,0,0,0,0,0,0
"37015","5","518210","78","0","2021","4","N",1,0,0,0,0,0,0,0,"N",0.87,0,0,0,0,0,0,0,"N",0,0.0,0,0,0,0,0,0,0,0,0,0,0,0,0,0
"37017","5","518210","78","0","2021","4","N",1,0,0,0,0,0,0,0,"N",0.43,0,0,0,0,0,0,0,"N",1,100.0,0,0,0,0,0,0,0,0,0,0,0,0,0,0
"37019","5","518210","78","0","2021","4","N",3,0,0,0,0,0,0,0,"N",0.24,0,0,0,0,0,0,0,"N",1,50.0,0,0,0,0,0,0,0,0,0,0,0,0,0,0
"37021","5","518210","78","0","2021","4","",33,142,143,151,10192134,579592,6149,5395,"",0.81,0.39,0.38,0.40,0.85,0.49,0.82,2.19,"",1,3.1,55,63.2,53,58.9,62,69.7,6808408,201.2,285084,96.8,3473,129.8,2459,83.8
"37023","5","518210","78","0","2021","4","N",2,0,0,0,0,0,0,0,"N",0.35,0,0,0,0,0,0,0,"N",2,100.0,0,0,0,0,0,0,0,0,0,0,0,0,0,0
"37025","5","518210","78","0","2021","4","N",12,0,0,0,0,0,0,0,"N",0.58,0,0,0,0,0,0,0,"N",3,33.3,0,0,0,0,0,0,0,0,0,0,0,0,0,0
"37027","5","518210","78","0","2021","4","N",2,0,0,0,0,0,0,0,"N",0.38,0,0,0,0,0,0,0,"N",-1,-33.3,0,0,0,0,0,0,0,0,0,0,0,0,0,0
"37029","5","518210","78","0","2021","4","N",1,0,0,0,0,0,0,0,"N",1.39,0,0,0,0,0,0,0,"N",0,0.0,0,0,0,0,0,0,0,0,0,0,0,0,0,0
"37031","5","518210","78","0","2021","4","N",3,0,0,0,0,0,0,0,"N",0.34,0,0,0,0,0,0,0,"N",1,50.0,0,0,0,0,0,0,0,0,0,0,0,0,0,0
"37035","5","518210","78","0","2021","4","",12,44,45,46,960323,116181,1248,1642,"",0.70,0.18,0.19,0.19,0.13,0.16,0.30,0.68,"",1,9.1,2,4.8,2,4.7,3,7.0,174631,22.2,73749,173.8,907,266.0,225,15.9
"37037","5","518210","78","0","2021","4","",9,31,31,32,1103269,118209,1209,2709,"",1.37,0.70,0.69,0.71,0.85,0.92,1.49,1.20,"",4,80.0,4,14.8,5,19.2,7,28.0,349705,46.4,35913,43.6,386,46.9,480,21.5
"37039","5","518210","78","0","2021","4","N",4,0,0,0,0,0,0,0,"N",1.44,0,0,0,0,0,0,0,"N",2,100.0,0,0,0,0,0,0,0,0,0,0,0,0,0,0
"37041","5","518210","78","0","2021","4","N",1,0,0,0,0,0,0,0,"N",0.69,0,0,0,0,0,0,0,"N",0,0.0,0,0,0,0,0,0,0,0,0,0,0,0,0,0
"37045","5","518210","78","0","2021","4","",6,311,313,317,9311528,1115558,1343,2284,"",0.76,3.18,3.17,3.23,3.29,4.35,0.81,1.03,"",1,20.0,10,3.3,13,4.3,19,6.4,1267663,15.8,722457,183.8,941,234.1,219,10.6
"37049","5","518210","78","0","2021","4","",5,18,19,18,376751,39170,355,1581,"",0.56,0.17,0.17,0.16,0.11,0.16,0.29,0.65,"",2,66.7,-3,-14.3,-2,-9.5,-3,-14.3,61170,19.4,13741,54.0,92,35.0,425,36.8
"37051","5","518210","78","0","2021","4","",7,32,34,34,393045,93379,1100,907,"",0.28,0.10,0.10,0.10,0.04,0.12,0.25,0.39,"N",1,16.7,0,0,0,0,0,0,0,0,0,0,0,0,0,0
"37053","5","518210","78","0","2021","4","N",1,0,0,0,0,0,0,0,"N",0.32,0,0,0,0,0,0,0,"N",0,0.0,0,0,0,0,0,0,0,0,0,0,0,0,0,0
"37055","5","518210","78","0","2021","4","N",5,0,0,0,0,0,0,0,"N",0.65,0,0,0,0,0,0,0,"N",1,25.0,0,0,0,0,0,0,0,0,0,0,0,0,0,0
"37057","5","518210","78","0","2021","4","N",2,0,0,0,0,0,0,0,"N",0.18,0,0,0,0,0,0,0,"N",0,0.0,0,0,0,0,0,0,0,0,0,0,0,0,0,0
"37061","5","518210","78","0","2021","4","N",1,0,0,0,0,0,0,0,"N",0.24,0,0,0,0,0,0,0,"N",0,0.0,0,0,0,0,0,0,0,0,0,0,0,0,0,0
"37063","5","518210","78","0","2021","4","",51,554,558,552,26846169,1145621,9091,3723,"",1.43,0.89,0.89,0.88,0.84,0.82,1.01,0.95,"",8,18.6,88,18.9,74,15.3,65,13.3,7493775,38.7,230648,25.2,878,10.7,615,19.8
"37067","5","518210","78","0","2021","4","",32,224,229,234,5020001,706302,6458,1686,"",0.87,0.43,0.44,0.45,0.26,0.55,0.82,0.59,"",6,23.1,60,36.6,63,38.0,68,41.0,1790979,55.5,362570,105.5,2296,55.2,184,12.3
"37069","5","518210","78","0","2021","4","",4,6,6,6,217205,13874,82,2785,"",0.82,0.17,0.17,0.17,0.20,0.15,0.13,1.16,"",0,0.0,3,100.0,3,100.0,2,50.0,138907,177.4,-7869,-36.2,26,46.4,978,54.1
"37071","5","518210","78","0","2021","4","",5,8,8,9,134288,4401,38,1240,"",0.28,0.04,0.04,0.04,0.02,0.01,0.01,0.55,"N",-1,-16.7,0,0,0,0,0,0,0,0,0,0,0,0,0,0
"37075","5","518210","78","0","2021","4","N",1,0,0,0,0,0,0,0,"N",1.36,0,0,0,0,0,0,0,"N",0,0.0,0,0,0,0,0,0,0,0,0,0,0,0,0,0
"37077","5","518210","78","0","2021","4","N",1,0,0,0,0,0,0,0,"N",0.28,0,0,0,0,0,0,0,"N",0,0.0,0,0,0,0,0,0,0,0,0,0,0,0,0,0
"37081","5","518210","78","0","2021","4","",28,446,443,320,12286925,1057549,7384,2345,"",0.48,0.58,0.57,0.41,0.46,0.51,0.55,0.89,"",3,12.0,10,2.3,8,1.8,-116,-26.6,-4130506,-25.2,746323,239.8,6109,479.1,-554,-19.1
"37085","5","518210","78","0","2021","4","-",0,0,0,0,0,0,0,0,"N",0.00,0,0,0,0,0,0,0,"N",-1,-100.0,0,0,0,0,0,0,0,0,0,0,0,0,0,0
"37087","5","518210","78","0","2021","4","N",1,0,0,0,0,0,0,0,"N",0.16,0,0,0,0,0,0,0,"N",1,100.0,0,0,0,0,0,0,0,0,0,0,0,0,0,0
"37089","5","518210","78","0","2021","4","N",9,0,0,0,0,0,0,0,"N",0.69,0,0,0,0,0,0,0,"N",2,28.6,0,0,0,0,0,0,0,0,0,0,0,0,0,0
"37097","5","518210","78","0","2021","4","",15,31,31,32,703691,147405,1065,1728,"",0.67,0.14,0.14,0.15,0.09,0.23,0.27,0.61,"",2,15.4,-25,-44.6,-23,-42.6,-19,-37.3,-652981,-48.1,65447,79.9,610,134.1,-217,-11.2
"37099","5","518210","78","0","2021","4","N",5,0,0,0,0,0,0,0,"N",1.18,0,0,0,0,0,0,0,"N",0,0.0,0,0,0,0,0,0,0,0,0,0,0,0,0,0
"37101","5","518210","78","0","2021","4","",11,14,15,14,356690,97831,834,1914,"",0.72,0.10,0.10,0.09,0.08,0.24,0.33,0.84,"",3,37.5,1,7.7,3,25.0,1,7.7,57864,19.4,23396,31.4,263,46.1,99,5.5
"37105","5","518210","78","0","2021","4","",6,1,3,4,63525,54876,549,1832,"",1.04,0.01,0.04,0.06,0.03,0.27,0.47,0.80,"N",4,200.0,0,0,0,0,0,0,0,0,0,0,0,0,0,0
"37107","5","518210","78","0","2021","4","N",1,0,0,0,0,0,0,0,"N",0.20,0,0,0,0,0,0,0,"N",1,100.0,0,0,0,0,0,0,0,0,0,0,0,0,0,0
"37109","5","518210","78","0","2021","4","N",4,0,0,0,0,0,0,0,"N",0.53,0,0,0,0,0,0,0,"N",1,33.3,0,0,0,0,0,0,0,0,0,0,0,0,0,0
"37111","5","518210","78","0","2021","4","N",1,0,0,0,0,0,0,0,"N",0.32,0,0,0,0,0,0,0,"N",0,0.0,0,0,0,0,0,0,0,0,0,0,0,0,0,0
"37113","5","518210","78","0","2021","4","N",3,0,0,0,0,0,0,0,"N",0.63,0,0,0,0,0,0,0,"N",0,0.0,0,0,0,0,0,0,0,0,0,0,0,0,0,0
"37115","5","518210","78","0","2021","4","N",3,0,0,0,0,0,0,0,"N",1.74,0,0,0,0,0,0,0,"N",0,0.0,0,0,0,0,0,0,0,0,0,0,0,0,0,0
"37117","5","518210","78","0","2021","4","N",1,0,0,0,0,0,0,0,"N",0.57,0,0,0,0,0,0,0,"N",0,0.0,0,0,0,0,0,0,0,0,0,0,0,0,0,0
"37119","5","518210","78","0","2021","4","",167,2440,2446,2441,85460829,7783956,68862,2692,"",1.03,1.21,1.21,1.19,0.90,1.29,1.53,0.75,"",14,9.2,496,25.5,479,24.4,481,24.5,37278930,77.4,4166971,115.2,42831,164.5,798,42.1
"37121","5","518210","78","0","2021","4","N",1,0,0,0,0,0,0,0,"N",0.71,0,0,0,0,0,0,0,"N",0,0.0,0,0,0,0,0,0,0,0,0,0,0,0,0,0
"37123","5","518210","78","0","2021","4","N",3,0,0,0,0,0,0,0,"N",1.46,0,0,0,0,0,0,0,"N",1,50.0,0,0,0,0,0,0,0,0,0,0,0,0,0,0
"37125","5","518210","78","0","2021","4","",3,4,4,5,47335,20233,241,840,"",0.28,0.04,0.04,0.05,0.02,0.08,0.14,0.35,"N",0,0.0,0,0,0,0,0,0,0,0,0,0,0,0,0,0
"37127","5","518210","78","0","2021","4","N",4,0,0,0,0,0,0,0,"N",0.50,0,0,0,0,0,0,0,"N",0,0.0,0,0,0,0,0,0,0,0,0,0,0,0,0,0
"37129","5","518210","78","0","2021","4","",26,49,47,47,2032459,167839,2030,3280,"",0.74,0.15,0.14,0.14,0.17,0.18,0.32,1.19,"",1,4.0,5,11.4,6,14.6,5,11.9,663695,48.5,15224,10.0,-140,-6.5,793,31.9
"37131","5","518210","78","0","2021","4","N",1,0,0,0,0,0,0,0,"N",0.81,0,0,0,0,0,0,0,"N",0,0.0,0,0,0,0,0,0,0,0,0,0,0,0,0,0
"37133","5","518210","78","0","2021","4","",4,28,27,27,581006,38521,346,1635,"",0.29,0.20,0.19,0.19,0.16,0.11,0.16,0.83,"N",-1,-20.0,0,0,0,0,0,0,0,0,0,0,0,0,0,0
"37135","5","518210","78","0","2021","4","",32,220,226,227,14424481,570117,5382,4946,"",1.86,1.10,1.13,1.13,1.66,1.69,2.38,1.48,"",4,14.3,23,11.7,28,14.1,29,14.6,3199003,28.5,294633,107.0,3033,129.1,578,13.2
"37137","5","518210","78","0","2021","4","N",3,0,0,0,0,0,0,0,"N",2.50,0,0,0,0,0,0,0,"N",-2,-40.0,0,0,0,0,0,0,0,0,0,0,0,0,0,0
"37139","5","518210","78","0","2021","4","N",3,0,0,0,0,0,0,0,"N",0.80,0,0,0,0,0,0,0,"N",1,50.0,0,0,0,0,0,0,0,0,0,0,0,0,0,0
"37141","5","518210","78","0","2021","4","N",4,0,0,0,0,0,0,0,"N",0.70,0,0,0,0,0,0,0,"N",0,0.0,0,0,0,0,0,0,0,0,0,0,0,0,0,0
"37147","5","518210","78","0","2021","4","N",6,0,0,0,0,0,0,0,"N",0.40,0,0,0,0,0,0,0,"N",0,0.0,0,0,0,0,0,0,0,0,0,0,0,0,0,0
"37149","5","518210","78","0","2021","4","N",2,0,0,0,0,0,0,0,"N",0.88,0,0,0,0,0,0,0,"N",1,100.0,0,0,0,0,0,0,0,0,0,0,0,0,0,0
"37151","5","518210","78","0","2021","4","N",1,0,0,0,0,0,0,0,"N",0.10,0,0,0,0,0,0,0,"N",0,0.0,0,0,0,0,0,0,0,0,0,0,0,0,0,0
"37157","5","518210","78","0","2021","4","N",2,0,0,0,0,0,0,0,"N",0.32,0,0,0,0,0,0,0,"N",0,0.0,0,0,0,0,0,0,0,0,0,0,0,0,0,0
"37161","5","518210","78","0","2021","4","N",2,0,0,0,0,0,0,0,"N",0.41,0,0,0,0,0,0,0,"N",1,100.0,0,0,0,0,0,0,0,0,0,0,0,0,0,0
"37167","5","518210","78","0","2021","4","N",1,0,0,0,0,0,0,0,"N",0.18,0,0,0,0,0,0,0,"N",1,100.0,0,0,0,0,0,0,0,0,0,0,0,0,0,0
"37171","5","518210","78","0","2021","4","N",1,0,0,0,0,0,0,0,"N",0.15,0,0,0,0,0,0,0,"N",1,100.0,0,0,0,0,0,0,0,0,0,0,0,0,0,0
"37173","5","518210","78","0","2021","4","N",3,0,0,0,0,0,0,0,"N",1.67,0,0,0,0,0,0,0,"N",1,50.0,0,0,0,0,0,0,0,0,0,0,0,0,0,0
"37175","5","518210","78","0","2021","4","N",1,0,0,0,0,0,0,0,"N",0.26,0,0,0,0,0,0,0,"N",0,0.0,0,0,0,0,0,0,0,0,0,0,0,0,0,0
"37179","5","518210","78","0","2021","4","",17,34,35,39,1553919,137551,1512,3320,"",0.72,0.19,0.19,0.21,0.26,0.26,0.41,1.32,"",4,30.8,14,70.0,16,84.2,19,95.0,703640,82.8,75955,123.3,830,121.7,-6,-0.2
"37181","5","518210","78","0","2021","4","N",1,0,0,0,0,0,0,0,"N",0.31,0,0,0,0,0,0,0,"N",0,0.0,0,0,0,0,0,0,0,0,0,0,0,0,0,0
"37183","5","518210","78","0","2021","4","",265,3258,3215,3115,84126328,11294771,86997,2025,"",1.72,2.01,1.96,1.89,1.18,2.41,2.51,0.60,"",42,18.8,564,20.9,603,23.1,429,16.0,13355072,18.9,4063512,56.2,28065,47.6,-19,-0.9
"37189","5","518210","78","0","2021","4","N",2,0,0,0,0,0,0,0,"N",0.30,0,0,0,0,0,0,0,"N",0,0.0,0,0,0,0,0,0,0,0,0,0,0,0,0,0
"37191","5","518210","78","0","2021","4","N",1,0,0,0,0,0,0,0,"N",0.12,0,0,0,0,0,0,0,"N",0,0.0,0,0,0,0,0,0,0,0,0,0,0,0,0,0
"37193","5","518210","78","0","2021","4","N",1,0,0,0,0,0,0,0,"N",0.21,0,0,0,0,0,0,0,"N",0,0.0,0,0,0,0,0,0,0,0,0,0,0,0,0,0
"37195","5","518210","78","0","2021","4","N",1,0,0,0,0,0,0,0,"N",0.14,0,0,0,0,0,0,0,"N",-2,-66.7,0,0,0,0,0,0,0,0,0,0,0,0,0,0
"37197","5","518210","78","0","2021","4","N",2,0,0,0,0,0,0,0,"N",0.76,0,0,0,0,0,0,0,"N",0,0.0,0,0,0,0,0,0,0,0,0,0,0,0,0,0
"37199","5","518210","78","0","2021","4","N",1,0,0,0,0,0,0,0,"N",0.67,0,0,0,0,0,0,0,"N",0,0.0,0,0,0,0,0,0,0,0,0,0,0,0,0,0
"37999","5","518210","78","0","2021","4","",359,2120,2121,2148,55025136,7906523,68585,1987,"",3.64,4.27,4.17,4.13,1.79,3.49,2.73,0.43,"",78,27.8,327,18.2,101,5.0,202,10.4,-8324899,-13.1,852756,12.1,6411,10.3,-552,-21.7
"38000","3","518210","58","0","2021","4","N",2,0,0,0,0,0,0,0,"N",6.78,0,0,0,0,0,0,0,"N",0,0.0,0,0,0,0,0,0,0,0,0,0,0,0,0,0
"38000","5","518210","58","0","2021","4","",66,450,461,470,7713231,1816164,7536,1289,"",0.55,0.40,0.41,0.42,0.19,0.45,0.23,0.47,"",25,61.0,-30,-6.2,-21,-4.4,-18,-3.7,167902,2.2,233240,14.7,-419,-5.3,88,7.3
"38003","5","518210","78","0","2021","4","N",1,0,0,0,0,0,0,0,"N",0.63,0,0,0,0,0,0,0,"N",1,100.0,0,0,0,0,0,0,0,0,0,0,0,0,0,0
"38009","5","518210","78","0","2021","4","N",1,0,0,0,0,0,0,0,"N",0.86,0,0,0,0,0,0,0,"N",0,0.0,0,0,0,0,0,0,0,0,0,0,0,0,0,0
"38015","5","518210","78","0","2021","4","",7,5,5,5,79627,40524,309,1225,"",0.48,0.03,0.03,0.03,0.01,0.09,0.09,0.46,"N",3,75.0,0,0,0,0,0,0,0,0,0,0,0,0,0,0
"38017","3","518210","78","0","2021","4","N",1,0,0,0,0,0,0,0,"N",13.91,0,0,0,0,0,0,0,"N",0,0.0,0,0,0,0,0,0,0,0,0,0,0,0,0,0
"38017","5","518210","78","0","2021","4","",32,365,373,382,6376435,1380492,5995,1314,"",1.10,1.09,1.12,1.13,0.51,1.15,0.77,0.46,"",16,100.0,-38,-9.4,-32,-7.9,-27,-6.6,-79590,-1.2,278219,25.2,49,0.8,90,7.4
"38035","5","518210","78","0","2021","4","N",8,0,0,0,0,0,0,0,"N",0.91,0,0,0,0,0,0,0,"N",2,33.3,0,0,0,0,0,0,0,0,0,0,0,0,0,0
"38053","5","518210","78","0","2021","4","-",0,0,0,0,0,0,0,0,"N",0.00,0,0,0,0,0,0,0,"N",-1,-100.0,0,0,0,0,0,0,0,0,0,0,0,0,0,0
"38057","5","518210","78","0","2021","4","N",1,0,0,0,0,0,0,0,"N",0.91,0,0,0,0,0,0,0,"N",1,100.0,0,0,0,0,0,0,0,0,0,0,0,0,0,0
"38059","5","518210","78","0","2021","4","N",2,0,0,0,0,0,0,0,"N",0.51,0,0,0,0,0,0,0,"N",0,0.0,0,0,0,0,0,0,0,0,0,0,0,0,0,0
"38061","3","518210","78","0","2021","4","N",1,0,0,0,0,0,0,0,"N",217.14,0,0,0,0,0,0,0,"N",0,0.0,0,0,0,0,0,0,0,0,0,0,0,0,0,0
"38071","5","518210","78","0","2021","4","N",1,0,0,0,0,0,0,0,"N",0.55,0,0,0,0,0,0,0,"N",0,0.0,0,0,0,0,0,0,0,0,0,0,0,0,0,0
"38073","5","518210","78","0","2021","4","N",1,0,0,0,0,0,0,0,"N",1.10,0,0,0,0,0,0,0,"N",0,0.0,0,0,0,0,0,0,0,0,0,0,0,0,0,0
"38075","5","518210","78","0","2021","4","N",1,0,0,0,0,0,0,0,"N",1.98,0,0,0,0,0,0,0,"N",1,100.0,0,0,0,0,0,0,0,0,0,0,0,0,0,0
"38093","5","518210","78","0","2021","4","N",1,0,0,0,0,0,0,0,"N",0.34,0,0,0,0,0,0,0,"N",-1,-50.0,0,0,0,0,0,0,0,0,0,0,0,0,0,0
"38097","5","518210","78","0","2021","4","N",1,0,0,0,0,0,0,0,"N",0.71,0,0,0,0,0,0,0,"N",0,0.0,0,0,0,0,0,0,0,0,0,0,0,0,0,0
"38099","5","518210","78","0","2021","4","N",1,0,0,0,0,0,0,0,"N",0.54,0,0,0,0,0,0,0,"N",0,0.0,0,0,0,0,0,0,0,0,0,0,0,0,0,0
"38101","5","518210","78","0","2021","4","N",2,0,0,0,0,0,0,0,"N",0.23,0,0,0,0,0,0,0,"N",2,100.0,0,0,0,0,0,0,0,0,0,0,0,0,0,0
"38105","5","518210","78","0","2021","4","-",0,0,0,0,0,0,0,0,"N",0.00,0,0,0,0,0,0,0,"N",-1,-100.0,0,0,0,0,0,0,0,0,0,0,0,0,0,0
"38999","5","518210","78","0","2021","4","N",6,0,0,0,0,0,0,0,"N",2.18,0,0,0,0,0,0,0,"N",2,50.0,0,0,0,0,0,0,0,0,0,0,0,0,0,0
"39000","3","518210","58","0","2021","4","",38,602,601,595,11407804,0,0,1464,"",13.41,6.24,6.20,6.16,6.58,0.00,0.00,1.06,"",0,0.0,3,0.5,1,0.2,-2,-0.3,150848,1.3,0,0.0,0,0.0,18,1.2
"39000","5","518210","58","0","2021","4","",1282,9300,9355,9394,259001273,8035208,231201,2131,"",1.11,0.64,0.64,0.64,0.48,0.55,0.61,0.76,"",307,31.5,676,7.8,659,7.6,662,7.6,48554181,23.1,2201184,37.7,66353,40.3,267,14.3
"39001","5","518210","78","0","2021","4","N",1,0,0,0,0,0,0,0,"N",0.41,0,0,0,0,0,0,0,"N",0,0.0,0,0,0,0,0,0,0,0,0,0,0,0,0,0
"39003","5","518210","78","0","2021","4","",5,18,18,20,703718,30227,991,2900,"",0.55,0.13,0.13,0.15,0.16,0.24,0.35,1.16,"N",1,25.0,0,0,0,0,0,0,0,0,0,0,0,0,0,0
"39005","3","518210","78","0","2021","4","N",1,0,0,0,0,0,0,0,"N",95.53,0,0,0,0,0,0,0,"N",0,0.0,0,0,0,0,0,0,0,0,0,0,0,0,0,0
"39005","5","518210","78","0","2021","4","N",7,0,0,0,0,0,0,0,"N",1.65,0,0,0,0,0,0,0,"N",2,40.0,0,0,0,0,0,0,0,0,0,0,0,0,0,0
"39007","5","518210","78","0","2021","4","N",3,0,0,0,0,0,0,0,"N",0.39,0,0,0,0,0,0,0,"N",0,0.0,0,0,0,0,0,0,0,0,0,0,0,0,0,0
"39009","5","518210","78","0","2021","4","",4,9,9,10,118436,8564,191,976,"",0.84,0.15,0.15,0.17,0.08,0.20,0.20,0.47,"N",0,0.0,0,0,0,0,0,0,0,0,0,0,0,0,0,0
"39011","5","518210","78","0","2021","4","N",2,0,0,0,0,0,0,0,"N",0.51,0,0,0,0,0,0,0,"N",2,100.0,0,0,0,0,0,0,0,0,0,0,0,0,0,0
"39017","3","518210","78","0","2021","4","N",2,0,0,0,0,0,0,0,"N",26.82,0,0,0,0,0,0,0,"N",0,0.0,0,0,0,0,0,0,0,0,0,0,0,0,0,0
"39017","5","518210","78","0","2021","4","",20,66,65,67,2192849,86375,2601,2556,"",0.66,0.16,0.15,0.16,0.15,0.19,0.22,0.95,"",-1,-4.8,-9,-12.0,-11,-14.5,-10,-13.0,-343158,-13.5,-4183,-4.6,-669,-20.5,-11,-0.4
"39019","5","518210","78","0","2021","4","N",1,0,0,0,0,0,0,0,"N",0.51,0,0,0,0,0,0,0,"N",0,0.0,0,0,0,0,0,0,0,0,0,0,0,0,0,0
"39023","5","518210","78","0","2021","4","",8,9,10,13,233384,39024,1614,1683,"",0.86,0.07,0.08,0.10,0.06,0.25,0.45,0.72,"",3,60.0,3,50.0,4,66.7,7,116.7,128643,122.8,34432,749.8,1490,1201.6,340,25.3
"39025","5","518210","78","0","2021","4","",16,23,23,23,1141863,19279,594,3819,"",1.01,0.14,0.14,0.14,0.21,0.10,0.13,1.50,"N",8,100.0,0,0,0,0,0,0,0,0,0,0,0,0,0,0
"39027","5","518210","78","0","2021","4","N",9,0,0,0,0,0,0,0,"N",2.75,0,0,0,0,0,0,0,"N",4,80.0,0,0,0,0,0,0,0,0,0,0,0,0,0,0
"39029","5","518210","78","0","2021","4","N",3,0,0,0,0,0,0,0,"N",0.38,0,0,0,0,0,0,0,"N",0,0.0,0,0,0,0,0,0,0,0,0,0,0,0,0,0
"39033","5","518210","78","0","2021","4","N",1,0,0,0,0,0,0,0,"N",0.30,0,0,0,0,0,0,0,"N",0,0.0,0,0,0,0,0,0,0,0,0,0,0,0,0,0
"39035","3","518210","78","0","2021","4","",6,221,219,216,3858220,0,0,1357,"",17.73,17.46,17.19,17.08,14.70,0.00,0.00,0.85,"",0,0.0,1,0.5,0,0.0,-1,-0.5,-93507,-2.4,0,0.0,0,0.0,-33,-2.4
"39035","5","518210","78","0","2021","4","",171,1548,1545,1563,39948404,960092,24670,1980,"",1.24,0.81,0.80,0.81,0.49,0.54,0.51,0.61,"",35,25.7,148,10.6,114,8.0,138,9.7,12174818,43.8,108441,12.7,2791,12.8,474,31.5
"39037","5","518210","78","0","2021","4","N",2,0,0,0,0,0,0,0,"N",0.44,0,0,0,0,0,0,0,"N",0,0.0,0,0,0,0,0,0,0,0,0,0,0,0,0,0
"39039","5","518210","78","0","2021","4","N",1,0,0,0,0,0,0,0,"N",0.31,0,0,0,0,0,0,0,"N",0,0.0,0,0,0,0,0,0,0,0,0,0,0,0,0,0
"39041","5","518210","78","0","2021","4","",43,108,113,115,3514369,163611,5193,2414,"",1.88,0.44,0.46,0.46,0.36,0.63,0.86,0.79,"",7,19.4,14,14.9,19,20.2,19,19.8,469338,15.4,93566,133.6,3529,212.1,-60,-2.4
"39043","3","518210","78","0","2021","4","N",1,0,0,0,0,0,0,0,"N",56.01,0,0,0,0,0,0,0,"N",0,0.0,0,0,0,0,0,0,0,0,0,0,0,0,0,0
"39043","5","518210","78","0","2021","4","N",3,0,0,0,0,0,0,0,"N",0.41,0,0,0,0,0,0,0,"N",2,200.0,0,0,0,0,0,0,0,0,0,0,0,0,0,0
"39045","3","518210","78","0","2021","4","N",2,0,0,0,0,0,0,0,"N",69.23,0,0,0,0,0,0,0,"N",0,0.0,0,0,0,0,0,0,0,0,0,0,0,0,0,0
"39045","5","518210","78","0","2021","4","",8,6,6,7,94799,12118,318,1151,"",0.68,0.05,0.05,0.06,0.03,0.10,0.12,0.51,"",1,14.3,-2,-25.0,-2,-25.0,-2,-22.2,-61747,-39.4,4626,61.7,126,65.6,-294,-20.3
"39047","5","518210","78","0","2021","4","N",1,0,0,0,0,0,0,0,"N",0.44,0,0,0,0,0,0,0,"N",1,100.0,0,0,0,0,0,0,0,0,0,0,0,0,0,0
"39049","3","518210","78","0","2021","4","",6,52,52,52,1257949,0,0,1861,"",18.22,3.80,3.77,3.78,4.65,0.00,0.00,1.23,"",0,0.0,0,0.0,-1,-1.9,0,0.0,-7420,-0.6,0,0.0,0,0.0,1,0.1
"39049","5","518210","78","0","2021","4","",204,2578,2587,2590,69350811,1730825,48201,2064,"",1.52,1.24,1.24,1.24,0.83,0.78,0.89,0.67,"",47,29.9,365,16.5,364,16.4,391,17.8,16507629,31.2,510669,41.9,23365,94.1,226,12.3
"39051","5","518210","78","0","2021","4","N",3,0,0,0,0,0,0,0,"N",0.76,0,0,0,0,0,0,0,"N",0,0.0,0,0,0,0,0,0,0,0,0,0,0,0,0,0
"39053","5","518210","78","0","2021","4","N",1,0,0,0,0,0,0,0,"N",0.38,0,0,0,0,0,0,0,"N",1,100.0,0,0,0,0,0,0,0,0,0,0,0,0,0,0
"39055","5","518210","78","0","2021","4","N",3,0,0,0,0,0,0,0,"N",0.27,0,0,0,0,0,0,0,"N",-1,-25.0,0,0,0,0,0,0,0,0,0,0,0,0,0,0
"39057","3","518210","78","0","2021","4","N",2,0,0,0,0,0,0,0,"N",57.76,0,0,0,0,0,0,0,"N",0,0.0,0,0,0,0,0,0,0,0,0,0,0,0,0,0
"39057","5","518210","78","0","2021","4","",12,132,133,132,2756586,59816,1434,1602,"",0.85,0.64,0.64,0.63,0.33,0.39,0.39,0.52,"",-3,-20.0,-65,-33.0,-65,-32.8,-48,-26.7,-1094686,-28.4,-29578,-33.1,-1289,-47.3,56,3.6
"39061","3","518210","78","0","2021","4","N",1,0,0,0,0,0,0,0,"N",4.34,0,0,0,0,0,0,0,"N",0,0.0,0,0,0,0,0,0,0,0,0,0,0,0,0,0
"39061","5","518210","78","0","2021","4","",113,1112,1096,1111,32844589,734415,20141,2284,"",1.21,0.80,0.79,0.80,0.55,0.55,0.58,0.68,"",22,24.2,-44,-3.8,-63,-5.4,-64,-5.4,1431955,4.6,102390,16.2,3345,19.9,207,10.0
"39067","5","518210","78","0","2021","4","N",1,0,0,0,0,0,0,0,"N",0.81,0,0,0,0,0,0,0,"N",0,0.0,0,0,0,0,0,0,0,0,0,0,0,0,0,0
"39069","3","518210","78","0","2021","4","N",1,0,0,0,0,0,0,0,"N",166.05,0,0,0,0,0,0,0,"N",0,0.0,0,0,0,0,0,0,0,0,0,0,0,0,0,0
"39073","5","518210","78","0","2021","4","N",3,0,0,0,0,0,0,0,"N",1.46,0,0,0,0,0,0,0,"N",0,0.0,0,0,0,0,0,0,0,0,0,0,0,0,0,0
"39077","5","518210","78","0","2021","4","N",5,0,0,0,0,0,0,0,"N",1.03,0,0,0,0,0,0,0,"N",4,400.0,0,0,0,0,0,0,0,0,0,0,0,0,0,0
"39081","5","518210","78","0","2021","4","N",2,0,0,0,0,0,0,0,"N",0.40,0,0,0,0,0,0,0,"N",0,0.0,0,0,0,0,0,0,0,0,0,0,0,0,0,0
"39083","3","518210","78","0","2021","4","N",1,0,0,0,0,0,0,0,"N",90.98,0,0,0,0,0,0,0,"N",0,0.0,0,0,0,0,0,0,0,0,0,0,0,0,0,0
"39083","5","518210","78","0","2021","4","-",0,0,0,0,0,0,0,0,"N",0.00,0,0,0,0,0,0,0,"N",-1,-100.0,0,0,0,0,0,0,0,0,0,0,0,0,0,0
"39085","5","518210","78","0","2021","4","N",17,0,0,0,0,0,0,0,"N",0.73,0,0,0,0,0,0,0,"N",3,21.4,0,0,0,0,0,0,0,0,0,0,0,0,0,0
"39087","5","518210","78","0","2021","4","N",1,0,0,0,0,0,0,0,"N",0.28,0,0,0,0,0,0,0,"N",0,0.0,0,0,0,0,0,0,0,0,0,0,0,0,0,0
"39089","5","518210","78","0","2021","4","",14,33,33,35,642744,31206,915,1469,"",1.06,0.15,0.15,0.15,0.10,0.09,0.10,0.62,"",3,27.3,8,32.0,12,57.1,14,66.7,149559,30.3,-25026,-44.5,-604,-39.8,-230,-13.5
"39091","5","518210","78","0","2021","4","N",1,0,0,0,0,0,0,0,"N",0.29,0,0,0,0,0,0,0,"N",1,100.0,0,0,0,0,0,0,0,0,0,0,0,0,0,0
"39093","5","518210","78","0","2021","4","",26,17,18,21,624228,46862,2033,2572,"",1.10,0.06,0.07,0.08,0.08,0.19,0.31,1.08,"N",5,23.8,0,0,0,0,0,0,0,0,0,0,0,0,0,0
"39095","5","518210","78","0","2021","4","",27,249,253,250,2290801,194388,6279,703,"",0.70,0.46,0.47,0.46,0.12,0.38,0.42,0.26,"",8,42.1,16,6.9,22,9.5,9,3.7,253158,12.4,17123,9.7,-338,-5.1,36,5.4
"39097","5","518210","78","0","2021","4","N",2,0,0,0,0,0,0,0,"N",0.59,0,0,0,0,0,0,0,"N",0,0.0,0,0,0,0,0,0,0,0,0,0,0,0,0,0
"39099","5","518210","78","0","2021","4","",12,188,190,190,4869186,75392,3299,1978,"",0.55,0.74,0.74,0.74,0.66,0.30,0.49,0.89,"",2,20.0,-6,-3.1,-4,-2.1,-3,-1.6,241414,5.2,-4871,-6.1,1271,62.7,140,7.6
"39101","5","518210","78","0","2021","4","N",1,0,0,0,0,0,0,0,"N",0.22,0,0,0,0,0,0,0,"N",0,0.0,0,0,0,0,0,0,0,0,0,0,0,0,0,0
"39103","3","518210","78","0","2021","4","N",2,0,0,0,0,0,0,0,"N",46.76,0,0,0,0,0,0,0,"N",0,0.0,0,0,0,0,0,0,0,0,0,0,0,0,0,0
"39103","5","518210","78","0","2021","4","",17,42,47,49,1378811,71172,2895,2306,"",0.98,0.26,0.29,0.30,0.24,0.42,0.69,0.86,"",1,6.2,4,10.5,9,23.7,11,28.9,22101,1.6,55848,364.4,2481,599.3,-440,-16.0
"39105","5","518210","78","0","2021","4","N",1,0,0,0,0,0,0,0,"N",0.76,0,0,0,0,0,0,0,"N",1,100.0,0,0,0,0,0,0,0,0,0,0,0,0,0,0
"39107","5","518210","78","0","2021","4","N",2,0,0,0,0,0,0,0,"N",0.47,0,0,0,0,0,0,0,"N",2,100.0,0,0,0,0,0,0,0,0,0,0,0,0,0,0
"39109","5","518210","78","0","2021","4","",6,9,8,8,243955,2333,63,2252,"",0.69,0.08,0.07,0.07,0.07,0.02,0.02,0.93,"N",3,100.0,0,0,0,0,0,0,0,0,0,0,0,0,0,0
"39111","5","518210","78","0","2021","4","N",2,0,0,0,0,0,0,0,"N",1.50,0,0,0,0,0,0,0,"N",1,100.0,0,0,0,0,0,0,0,0,0,0,0,0,0,0
"39113","3","518210","78","0","2021","4","N",2,0,0,0,0,0,0,0,"N",17.84,0,0,0,0,0,0,0,"N",0,0.0,0,0,0,0,0,0,0,0,0,0,0,0,0,0
"39113","5","518210","78","0","2021","4","",36,144,142,143,3402775,101769,5852,1830,"",0.79,0.22,0.21,0.21,0.14,0.17,0.40,0.68,"",8,28.6,36,33.3,34,31.5,29,25.4,694372,25.6,28732,39.3,2998,105.0,-64,-3.4
"39117","5","518210","78","0","2021","4","N",1,0,0,0,0,0,0,0,"N",0.52,0,0,0,0,0,0,0,"N",0,0.0,0,0,0,0,0,0,0,0,0,0,0,0,0,0
"39119","3","518210","78","0","2021","4","N",1,0,0,0,0,0,0,0,"N",59.18,0,0,0,0,0,0,0,"N",0,0.0,0,0,0,0,0,0,0,0,0,0,0,0,0,0
"39123","5","518210","78","0","2021","4","N",4,0,0,0,0,0,0,0,"N",0.94,0,0,0,0,0,0,0,"N",4,100.0,0,0,0,0,0,0,0,0,0,0,0,0,0,0
"39129","5","518210","78","0","2021","4","N",2,0,0,0,0,0,0,0,"N",0.54,0,0,0,0,0,0,0,"N",0,0.0,0,0,0,0,0,0,0,0,0,0,0,0,0,0
"39131","5","518210","78","0","2021","4","N",1,0,0,0,0,0,0,0,"N",0.50,0,0,0,0,0,0,0,"N",0,0.0,0,0,0,0,0,0,0,0,0,0,0,0,0,0
"39133","5","518210","78","0","2021","4","",14,16,18,19,511526,60198,1580,2227,"",1.09,0.11,0.12,0.13,0.11,0.46,0.48,0.88,"",4,40.0,6,60.0,9,100.0,10,111.1,228605,80.8,55327,1135.8,1448,1097.0,-105,-4.5
"39135","5","518210","78","0","2021","4","N",2,0,0,0,0,0,0,0,"N",0.71,0,0,0,0,0,0,0,"N",2,100.0,0,0,0,0,0,0,0,0,0,0,0,0,0,0
"39139","3","518210","78","0","2021","4","N",1,0,0,0,0,0,0,0,"N",39.69,0,0,0,0,0,0,0,"N",0,0.0,0,0,0,0,0,0,0,0,0,0,0,0,0,0
"39139","5","518210","78","0","2021","4","N",2,0,0,0,0,0,0,0,"N",0.20,0,0,0,0,0,0,0,"N",-1,-33.3,0,0,0,0,0,0,0,0,0,0,0,0,0,0
"39143","5","518210","78","0","2021","4","N",3,0,0,0,0,0,0,0,"N",0.57,0,0,0,0,0,0,0,"N",1,50.0,0,0,0,0,0,0,0,0,0,0,0,0,0,0
"39145","5","518210","78","0","2021","4","N",1,0,0,0,0,0,0,0,"N",0.19,0,0,0,0,0,0,0,"N",0,0.0,0,0,0,0,0,0,0,0,0,0,0,0,0,0
"39147","5","518210","78","0","2021","4","N",1,0,0,0,0,0,0,0,"N",0.24,0,0,0,0,0,0,0,"N",1,100.0,0,0,0,0,0,0,0,0,0,0,0,0,0,0
"39149","3","518210","78","0","2021","4","N",1,0,0,0,0,0,0,0,"N",105.33,0,0,0,0,0,0,0,"N",0,0.0,0,0,0,0,0,0,0,0,0,0,0,0,0,0
"39151","3","518210","78","0","2021","4","N",2,0,0,0,0,0,0,0,"N",25.00,0,0,0,0,0,0,0,"N",0,0.0,0,0,0,0,0,0,0,0,0,0,0,0,0,0
"39151","5","518210","78","0","2021","4","",23,37,36,36,1043569,45638,1213,2209,"",0.71,0.09,0.08,0.08,0.08,0.11,0.11,0.94,"",10,76.9,3,8.8,0,0.0,-1,-2.7,-384805,-26.9,11398,33.3,718,145.1,-872,-28.3
"39153","3","518210","78","0","2021","4","",4,96,95,94,1468503,0,0,1189,"",29.59,20.51,20.18,20.13,17.97,0.00,0.00,0.89,"",0,0.0,2,2.1,2,2.2,2,2.2,36973,2.6,0,0.0,0,0.0,5,0.4
"39153","5","518210","78","0","2021","4","",54,446,446,439,11661261,330837,10577,2022,"",0.98,0.63,0.63,0.62,0.46,0.49,0.59,0.74,"",10,22.7,-57,-11.3,-64,-12.5,-75,-14.6,548882,4.9,-5421,-1.6,2399,29.3,343,20.4
"39155","3","518210","78","0","2021","4","N",1,0,0,0,0,0,0,0,"N",26.00,0,0,0,0,0,0,0,"N",0,0.0,0,0,0,0,0,0,0,0,0,0,0,0,0,0
"39155","5","518210","78","0","2021","4","N",3,0,0,0,0,0,0,0,"N",0.19,0,0,0,0,0,0,0,"N",0,0.0,0,0,0,0,0,0,0,0,0,0,0,0,0,0
"39157","3","518210","78","0","2021","4","N",1,0,0,0,0,0,0,0,"N",47.78,0,0,0,0,0,0,0,"N",0,0.0,0,0,0,0,0,0,0,0,0,0,0,0,0,0
"39159","5","518210","78","0","2021","4","N",3,0,0,0,0,0,0,0,"N",0.57,0,0,0,0,0,0,0,"N",1,50.0,0,0,0,0,0,0,0,0,0,0,0,0,0,0
"39161","5","518210","78","0","2021","4","N",1,0,0,0,0,0,0,0,"N",0.43,0,0,0,0,0,0,0,"N",1,100.0,0,0,0,0,0,0,0,0,0,0,0,0,0,0
"39165","5","518210","78","0","2021","4","",34,57,57,59,1806410,70702,2143,2410,"",1.61,0.22,0.22,0.22,0.17,0.25,0.30,0.79,"",9,36.0,29,103.6,30,111.1,27,84.4,793582,78.4,2188,3.2,240,12.6,-277,-10.3
"39167","5","518210","78","0","2021","4","",4,9,9,10,231589,556,13,1909,"",0.68,0.13,0.13,0.15,0.10,0.01,0.01,0.74,"",1,33.3,2,28.6,2,28.6,3,42.9,85339,58.4,556,100.0,13,100.0,302,18.8
"39169","5","518210","78","0","2021","4","N",3,0,0,0,0,0,0,0,"N",0.29,0,0,0,0,0,0,0,"N",0,0.0,0,0,0,0,0,0,0,0,0,0,0,0,0,0
"39171","5","518210","78","0","2021","4","N",4,0,0,0,0,0,0,0,"N",1.22,0,0,0,0,0,0,0,"N",2,100.0,0,0,0,0,0,0,0,0,0,0,0,0,0,0
"39173","5","518210","78","0","2021","4","",10,26,26,26,636195,19740,533,1882,"",0.86,0.14,0.14,0.14,0.11,0.09,0.08,0.77,"",1,11.1,0,0.0,-1,-3.7,-1,-3.7,141376,28.6,-2450,-11.0,7,1.3,455,31.9
"39999","5","518210","78","0","2021","4","",291,1653,1708,1709,60252425,2471698,68670,2742,"",3.74,4.16,4.22,4.15,2.69,3.54,2.72,0.65,"",90,44.8,179,12.1,209,13.9,175,11.4,10423857,20.9,990331,66.9,16329,31.2,191,7.5
"40000","3","518210","58","0","2021","4","N",1,0,0,0,0,0,0,0,"N",0.96,0,0,0,0,0,0,0,"N",0,0.0,0,0,0,0,0,0,0,0,0,0,0,0,0,0
"40000","5","518210","58","0","2021","4","",288,1683,1617,1633,35202857,3900644,57539,1647,"",0.68,0.38,0.37,0.37,0.25,0.34,0.39,0.66,"",75,35.2,264,18.6,139,9.4,194,13.5,9059496,34.7,2056065,111.5,37512,187.3,256,18.4
"40001","5","518210","78","0","2021","4","N",1,0,0,0,0,0,0,0,"N",0.87,0,0,0,0,0,0,0,"N",1,100.0,0,0,0,0,0,0,0,0,0,0,0,0,0,0
"40009","5","518210","78","0","2021","4","N",2,0,0,0,0,0,0,0,"N",0.70,0,0,0,0,0,0,0,"N",1,100.0,0,0,0,0,0,0,0,0,0,0,0,0,0,0
"40013","5","518210","78","0","2021","4","N",5,0,0,0,0,0,0,0,"N",1.28,0,0,0,0,0,0,0,"N",2,66.7,0,0,0,0,0,0,0,0,0,0,0,0,0,0
"40017","5","518210","78","0","2021","4","",6,4,4,4,101454,5466,140,1951,"",0.49,0.04,0.04,0.04,0.04,0.02,0.04,0.91,"N",1,20.0,0,0,0,0,0,0,0,0,0,0,0,0,0,0
"40027","5","518210","78","0","2021","4","",13,17,19,27,393925,66431,727,1443,"",0.56,0.07,0.08,0.11,0.06,0.10,0.11,0.67,"",3,30.0,5,41.7,3,18.8,8,42.1,234061,146.4,-32061,-32.6,-380,-34.3,658,83.8
"40031","5","518210","78","0","2021","4","",5,488,432,427,5862359,406005,3595,1004,"",0.57,4.42,3.92,3.87,1.90,1.70,1.21,0.47,"",-1,-16.7,32,7.0,-20,-4.4,-23,-5.1,13976,0.2,144110,55.0,2977,481.7,10,1.0
"40037","5","518210","78","0","2021","4","N",2,0,0,0,0,0,0,0,"N",0.36,0,0,0,0,0,0,0,"N",1,100.0,0,0,0,0,0,0,0,0,0,0,0,0,0,0
"40039","5","518210","78","0","2021","4","-",0,0,0,0,0,0,0,0,"N",0.00,0,0,0,0,0,0,0,"N",-1,-100.0,0,0,0,0,0,0,0,0,0,0,0,0,0,0
"40041","5","518210","78","0","2021","4","N",1,0,0,0,0,0,0,0,"N",0.33,0,0,0,0,0,0,0,"N",0,0.0,0,0,0,0,0,0,0,0,0,0,0,0,0,0
"40047","5","518210","78","0","2021","4","N",1,0,0,0,0,0,0,0,"N",0.16,0,0,0,0,0,0,0,"N",0,0.0,0,0,0,0,0,0,0,0,0,0,0,0,0,0
"40049","5","518210","78","0","2021","4","N",1,0,0,0,0,0,0,0,"N",0.34,0,0,0,0,0,0,0,"N",0,0.0,0,0,0,0,0,0,0,0,0,0,0,0,0,0
"40051","5","518210","78","0","2021","4","N",2,0,0,0,0,0,0,0,"N",0.47,0,0,0,0,0,0,0,"N",1,100.0,0,0,0,0,0,0,0,0,0,0,0,0,0,0
"40067","5","518210","78","0","2021","4","N",1,0,0,0,0,0,0,0,"N",1.97,0,0,0,0,0,0,0,"N",1,100.0,0,0,0,0,0,0,0,0,0,0,0,0,0,0
"40071","5","518210","78","0","2021","4","N",1,0,0,0,0,0,0,0,"N",0.23,0,0,0,0,0,0,0,"N",0,0.0,0,0,0,0,0,0,0,0,0,0,0,0,0,0
"40073","5","518210","78","0","2021","4","N",1,0,0,0,0,0,0,0,"N",0.48,0,0,0,0,0,0,0,"N",0,0.0,0,0,0,0,0,0,0,0,0,0,0,0,0,0
"40079","5","518210","78","0","2021","4","N",1,0,0,0,0,0,0,0,"N",0.28,0,0,0,0,0,0,0,"N",1,100.0,0,0,0,0,0,0,0,0,0,0,0,0,0,0
"40083","5","518210","78","0","2021","4","N",1,0,0,0,0,0,0,0,"N",0.35,0,0,0,0,0,0,0,"N",1,100.0,0,0,0,0,0,0,0,0,0,0,0,0,0,0
"40087","5","518210","78","0","2021","4","N",1,0,0,0,0,0,0,0,"N",0.25,0,0,0,0,0,0,0,"N",0,0.0,0,0,0,0,0,0,0,0,0,0,0,0,0,0
"40097","5","518210","78","0","2021","4","N",1,0,0,0,0,0,0,0,"N",0.30,0,0,0,0,0,0,0,"N",0,0.0,0,0,0,0,0,0,0,0,0,0,0,0,0,0
"40101","5","518210","78","0","2021","4","N",1,0,0,0,0,0,0,0,"N",0.18,0,0,0,0,0,0,0,"N",0,0.0,0,0,0,0,0,0,0,0,0,0,0,0,0,0
"40105","5","518210","78","0","2021","4","N",1,0,0,0,0,0,0,0,"N",1.62,0,0,0,0,0,0,0,"N",0,0.0,0,0,0,0,0,0,0,0,0,0,0,0,0,0
"40109","3","518210","78","0","2021","4","N",1,0,0,0,0,0,0,0,"N",3.80,0,0,0,0,0,0,0,"N",0,0.0,0,0,0,0,0,0,0,0,0,0,0,0,0,0
"40109","5","518210","78","0","2021","4","",83,565,549,558,15418835,1449431,23872,2128,"",0.78,0.45,0.43,0.43,0.33,0.44,0.57,0.75,"",6,7.8,171,43.4,165,43.0,139,33.2,6776854,78.4,814120,128.1,13376,127.4,462,27.7
"40113","5","518210","78","0","2021","4","N",2,0,0,0,0,0,0,0,"N",1.01,0,0,0,0,0,0,0,"N",1,100.0,0,0,0,0,0,0,0,0,0,0,0,0,0,0
"40115","5","518210","78","0","2021","4","N",2,0,0,0,0,0,0,0,"N",0.75,0,0,0,0,0,0,0,"N",1,100.0,0,0,0,0,0,0,0,0,0,0,0,0,0,0
"40117","5","518210","78","0","2021","4","N",2,0,0,0,0,0,0,0,"N",1.78,0,0,0,0,0,0,0,"N",1,100.0,0,0,0,0,0,0,0,0,0,0,0,0,0,0
"40119","5","518210","78","0","2021","4","N",2,0,0,0,0,0,0,0,"N",0.26,0,0,0,0,0,0,0,"N",1,100.0,0,0,0,0,0,0,0,0,0,0,0,0,0,0
"40123","5","518210","78","0","2021","4","N",2,0,0,0,0,0,0,0,"N",0.48,0,0,0,0,0,0,0,"N",0,0.0,0,0,0,0,0,0,0,0,0,0,0,0,0,0
"40125","5","518210","78","0","2021","4","N",1,0,0,0,0,0,0,0,"N",0.20,0,0,0,0,0,0,0,"N",0,0.0,0,0,0,0,0,0,0,0,0,0,0,0,0,0
"40127","5","518210","78","0","2021","4","N",1,0,0,0,0,0,0,0,"N",1.02,0,0,0,0,0,0,0,"N",0,0.0,0,0,0,0,0,0,0,0,0,0,0,0,0,0
"40131","5","518210","78","0","2021","4","",8,8,8,8,207174,3767,10,1992,"",1.12,0.11,0.11,0.11,0.09,0.02,0.00,0.76,"N",2,33.3,0,0,0,0,0,0,0,0,0,0,0,0,0,0
"40133","5","518210","78","0","2021","4","N",1,0,0,0,0,0,0,0,"N",0.53,0,0,0,0,0,0,0,"N",0,0.0,0,0,0,0,0,0,0,0,0,0,0,0,0,0
"40137","5","518210","78","0","2021","4","N",1,0,0,0,0,0,0,0,"N",0.25,0,0,0,0,0,0,0,"N",0,0.0,0,0,0,0,0,0,0,0,0,0,0,0,0,0
"40141","5","518210","78","0","2021","4","N",1,0,0,0,0,0,0,0,"N",1.56,0,0,0,0,0,0,0,"N",-1,-50.0,0,0,0,0,0,0,0,0,0,0,0,0,0,0
"40143","5","518210","78","0","2021","4","",68,289,284,283,7467813,876654,13503,2013,"",0.80,0.30,0.29,0.29,0.22,0.34,0.41,0.75,"",18,36.0,47,19.4,28,10.9,31,12.3,1361936,22.3,491805,127.8,10132,300.6,134,7.1
"40145","5","518210","78","0","2021","4","N",3,0,0,0,0,0,0,0,"N",1.02,0,0,0,0,0,0,0,"N",2,200.0,0,0,0,0,0,0,0,0,0,0,0,0,0,0
"40147","5","518210","78","0","2021","4","N",1,0,0,0,0,0,0,0,"N",0.21,0,0,0,0,0,0,0,"N",0,0.0,0,0,0,0,0,0,0,0,0,0,0,0,0,0
"40151","5","518210","78","0","2021","4","N",1,0,0,0,0,0,0,0,"N",0.89,0,0,0,0,0,0,0,"N",0,0.0,0,0,0,0,0,0,0,0,0,0,0,0,0,0
"40153","5","518210","78","0","2021","4","N",1,0,0,0,0,0,0,0,"N",0.34,0,0,0,0,0,0,0,"N",1,100.0,0,0,0,0,0,0,0,0,0,0,0,0,0,0
"40999","5","518210","78","0","2021","4","",60,169,176,181,3150302,645505,10405,1382,"",2.31,2.29,2.33,2.37,0.91,1.82,1.43,0.39,"",33,122.2,15,9.7,-34,-16.2,35,24.0,488013,18.3,378501,141.8,7597,270.5,177,14.7
"41000","3","518210","58","0","2021","4","N",6,0,0,0,0,0,0,0,"N",3.85,0,0,0,0,0,0,0,"N",0,0.0,0,0,0,0,0,0,0,0,0,0,0,0,0,0
"41000","5","518210","58","0","2021","4","",457,7053,7081,7104,269636685,35103005,650665,2930,"",0.72,1.34,1.35,1.35,1.28,1.34,1.01,0.95,"",24,5.5,696,10.9,702,11.0,471,7.1,51749388,23.8,12639864,56.3,263752,68.2,334,12.9
"41003","5","518210","78","0","2021","4","",10,26,25,25,620615,67715,1639,1884,"",0.90,0.25,0.24,0.24,0.14,0.18,0.19,0.57,"",-1,-9.1,0,0.0,-3,-10.7,-4,-13.8,-25190,-3.9,-24296,-26.4,-518,-24.0,88,4.9
"41005","5","518210","78","0","2021","4","",43,513,496,493,13500894,2250124,38821,2074,"",0.70,1.12,1.07,1.06,0.71,0.89,0.64,0.65,"",2,4.9,15,3.0,12,2.5,12,2.5,1680784,14.2,668683,42.3,9991,34.7,210,11.3
"41007","5","518210","78","0","2021","4","N",4,0,0,0,0,0,0,0,"N",0.59,0,0,0,0,0,0,0,"N",1,33.3,0,0,0,0,0,0,0,0,0,0,0,0,0,0
"41013","5","518210","78","0","2021","4","N",3,0,0,0,0,0,0,0,"N",1.00,0,0,0,0,0,0,0,"N",-1,-25.0,0,0,0,0,0,0,0,0,0,0,0,0,0,0
"41015","5","518210","78","0","2021","4","N",1,0,0,0,0,0,0,0,"N",0.31,0,0,0,0,0,0,0,"N",0,0.0,0,0,0,0,0,0,0,0,0,0,0,0,0,0
"41017","3","518210","78","0","2021","4","N",1,0,0,0,0,0,0,0,"N",10.42,0,0,0,0,0,0,0,"N",0,0.0,0,0,0,0,0,0,0,0,0,0,0,0,0,0
"41017","5","518210","78","0","2021","4","",26,49,50,49,1160344,328352,8401,1809,"",0.67,0.21,0.21,0.21,0.14,0.25,0.26,0.65,"",3,13.0,11,28.9,13,35.1,12,32.4,352606,43.7,104787,46.9,4685,126.1,145,8.7
"41019","5","518210","78","0","2021","4","N",1,0,0,0,0,0,0,0,"N",0.08,0,0,0,0,0,0,0,"N",0,0.0,0,0,0,0,0,0,0,0,0,0,0,0,0,0
"41027","5","518210","78","0","2021","4","",3,8,9,12,281919,136733,4887,2243,"",0.58,0.21,0.25,0.32,0.26,0.69,0.99,1.00,"N",1,50.0,0,0,0,0,0,0,0,0,0,0,0,0,0,0
"41029","5","518210","78","0","2021","4","",15,49,51,52,2013223,500014,8008,3057,"",0.50,0.20,0.21,0.21,0.25,0.38,0.25,1.23,"N",2,15.4,0,0,0,0,0,0,0,0,0,0,0,0,0,0
"41033","5","518210","78","0","2021","4","N",6,0,0,0,0,0,0,0,"N",0.59,0,0,0,0,0,0,0,"N",-1,-14.3,0,0,0,0,0,0,0,0,0,0,0,0,0,0
"41035","5","518210","78","0","2021","4","N",2,0,0,0,0,0,0,0,"N",0.23,0,0,0,0,0,0,0,"N",2,100.0,0,0,0,0,0,0,0,0,0,0,0,0,0,0
"41039","5","518210","78","0","2021","4","",23,72,75,76,1743462,357021,10060,1804,"",0.46,0.17,0.18,0.18,0.12,0.18,0.20,0.70,"",-1,-4.2,-1,-1.4,5,7.1,8,11.8,196044,12.7,93620,35.5,3695,58.1,112,6.6
"41041","5","518210","78","0","2021","4","N",1,0,0,0,0,0,0,0,"N",0.13,0,0,0,0,0,0,0,"N",0,0.0,0,0,0,0,0,0,0,0,0,0,0,0,0,0
"41043","5","518210","78","0","2021","4","N",1,0,0,0,0,0,0,0,"N",0.07,0,0,0,0,0,0,0,"N",0,0.0,0,0,0,0,0,0,0,0,0,0,0,0,0,0
"41047","3","518210","78","0","2021","4","N",5,0,0,0,0,0,0,0,"N",45.68,0,0,0,0,0,0,0,"N",0,0.0,0,0,0,0,0,0,0,0,0,0,0,0,0,0
"41047","5","518210","78","0","2021","4","",14,31,32,33,636412,234721,5816,1530,"",0.31,0.07,0.07,0.08,0.04,0.12,0.13,0.57,"",-4,-22.2,-6,-16.2,-4,-11.1,-6,-15.4,-81611,-11.4,16817,7.7,848,17.1,51,3.4
"41049","5","518210","78","0","2021","4","N",10,0,0,0,0,0,0,0,"N",7.14,0,0,0,0,0,0,0,"N",0,0.0,0,0,0,0,0,0,0,0,0,0,0,0,0,0
"41051","5","518210","78","0","2021","4","",149,1897,1897,1879,72295975,7961243,180027,2941,"",1.03,1.41,1.40,1.37,1.16,1.20,1.09,0.84,"",6,4.2,-180,-8.7,-190,-9.1,-223,-10.6,972093,1.4,1324728,20.0,45464,33.8,314,12.0
"41053","5","518210","78","0","2021","4","N",5,0,0,0,0,0,0,0,"N",0.60,0,0,0,0,0,0,0,"N",1,25.0,0,0,0,0,0,0,0,0,0,0,0,0,0,0
"41057","5","518210","78","0","2021","4","N",1,0,0,0,0,0,0,0,"N",0.25,0,0,0,0,0,0,0,"N",1,100.0,0,0,0,0,0,0,0,0,0,0,0,0,0,0
"41059","5","518210","78","0","2021","4","N",8,0,0,0,0,0,0,0,"N",0.89,0,0,0,0,0,0,0,"N",1,14.3,0,0,0,0,0,0,0,0,0,0,0,0,0,0
"41061","5","518210","78","0","2021","4","N",1,0,0,0,0,0,0,0,"N",0.26,0,0,0,0,0,0,0,"N",0,0.0,0,0,0,0,0,0,0,0,0,0,0,0,0,0
"41065","5","518210","78","0","2021","4","N",5,0,0,0,0,0,0,0,"N",1.21,0,0,0,0,0,0,0,"N",0,0.0,0,0,0,0,0,0,0,0,0,0,0,0,0,0
"41067","5","518210","78","0","2021","4","",66,2026,2037,2033,72745627,10443718,184470,2754,"",0.82,2.49,2.49,2.47,1.75,2.56,1.89,0.71,"",0,0.0,145,7.7,149,7.9,126,6.6,12376570,20.5,3454668,49.4,69848,60.9,300,12.2
"41071","5","518210","78","0","2021","4","N",4,0,0,0,0,0,0,0,"N",0.30,0,0,0,0,0,0,0,"N",2,100.0,0,0,0,0,0,0,0,0,0,0,0,0,0,0
"41999","5","518210","78","0","2021","4","",55,717,704,703,24355356,1565001,31483,2646,"",1.87,8.53,8.38,8.27,4.92,2.44,1.84,0.59,"",10,22.2,311,76.6,295,72.1,80,12.8,7059882,40.8,589021,60.4,16393,108.6,-130,-4.7
"42000","1","518210","58","0","2021","4","",1,1239,1246,1254,20445023,0,0,1262,"",29.75,25.54,25.53,25.50,26.77,0.00,0.00,1.05,"",0,0.0,-35,-2.7,-35,-2.7,-22,-1.7,57410,0.3,0,0.0,0,0.0,34,2.8
"42000","2","518210","58","0","2021","4","N",1,0,0,0,0,0,0,0,"N",1.49,0,0,0,0,0,0,0,"N",0,0.0,0,0,0,0,0,0,0,0,0,0,0,0,0,0
"42000","5","518210","58","0","2021","4","",1603,12634,12606,12722,361475927,12295298,517822,2197,"",1.19,0.80,0.79,0.80,0.56,0.73,0.81,0.70,"",452,39.3,1587,14.4,1495,13.5,1624,14.6,14816020,4.3,3788243,44.5,161883,45.5,-209,-8.7
"42001","5","518210","78","0","2021","4","N",2,0,0,0,0,0,0,0,"N",0.26,0,0,0,0,0,0,0,"N",0,0.0,0,0,0,0,0,0,0,0,0,0,0,0,0,0
"42003","5","518210","78","0","2021","4","",111,1783,1766,1780,62211244,1162164,40302,2694,"",0.85,0.99,0.97,0.97,0.78,0.67,0.61,0.79,"",16,16.8,367,25.9,362,25.8,369,26.2,29113170,88.0,362693,45.4,8256,25.8,889,49.3
"42005","5","518210","78","0","2021","4","",6,117,116,116,2434639,23886,969,1610,"",1.13,2.72,2.70,2.68,1.95,0.67,0.75,0.72,"",-1,-14.3,-12,-9.3,-12,-9.4,-10,-7.9,-176009,-6.7,-12314,-34.0,-660,-40.5,37,2.4
"42007","5","518210","78","0","2021","4","N",1,0,0,0,0,0,0,0,"N",0.08,0,0,0,0,0,0,0,"N",-1,-50.0,0,0,0,0,0,0,0,0,0,0,0,0,0,0
"42009","5","518210","78","0","2021","4","N",1,0,0,0,0,0,0,0,"N",0.23,0,0,0,0,0,0,0,"N",-1,-50.0,0,0,0,0,0,0,0,0,0,0,0,0,0,0
"42011","5","518210","78","0","2021","4","N",6,0,0,0,0,0,0,0,"N",0.19,0,0,0,0,0,0,0,"N",0,0.0,0,0,0,0,0,0,0,0,0,0,0,0,0,0
"42013","5","518210","78","0","2021","4","N",3,0,0,0,0,0,0,0,"N",0.24,0,0,0,0,0,0,0,"N",1,50.0,0,0,0,0,0,0,0,0,0,0,0,0,0,0
"42017","5","518210","78","0","2021","4","",60,803,813,813,16312843,809214,38264,1550,"",0.80,1.14,1.15,1.14,0.59,1.04,1.32,0.52,"",13,27.7,23,2.9,37,4.8,46,6.0,353060,2.2,390370,93.2,18338,92.0,-35,-2.2
"42019","5","518210","78","0","2021","4","N",9,0,0,0,0,0,0,0,"N",0.48,0,0,0,0,0,0,0,"N",1,12.5,0,0,0,0,0,0,0,0,0,0,0,0,0,0
"42025","5","518210","78","0","2021","4","N",3,0,0,0,0,0,0,0,"N",0.65,0,0,0,0,0,0,0,"N",2,200.0,0,0,0,0,0,0,0,0,0,0,0,0,0,0
"42027","5","518210","78","0","2021","4","",8,81,77,73,2430286,48778,1968,2428,"",0.61,0.45,0.43,0.41,0.38,0.33,0.36,0.88,"",-1,-11.1,28,52.8,25,48.1,21,40.4,1152124,90.1,16455,50.9,680,52.8,549,29.2
"42029","5","518210","78","0","2021","4","",64,1146,1143,1133,39680814,658160,22334,2676,"",1.11,1.72,1.71,1.68,1.18,0.96,0.91,0.70,"",9,16.4,81,7.6,78,7.3,61,5.7,4270008,12.1,153535,30.4,-940,-4.0,124,4.9
"42037","5","518210","78","0","2021","4","N",1,0,0,0,0,0,0,0,"N",0.18,0,0,0,0,0,0,0,"N",0,0.0,0,0,0,0,0,0,0,0,0,0,0,0,0,0
"42039","5","518210","78","0","2021","4","N",2,0,0,0,0,0,0,0,"N",0.26,0,0,0,0,0,0,0,"N",0,0.0,0,0,0,0,0,0,0,0,0,0,0,0,0,0
"42041","5","518210","78","0","2021","4","",17,295,296,297,7479867,340123,17014,1944,"",0.69,0.80,0.79,0.79,0.56,0.74,1.07,0.70,"",2,13.3,44,17.5,52,21.3,50,20.2,1310581,21.2,268995,378.2,13260,353.2,25,1.3
"42043","2","518210","78","0","2021","4","N",1,0,0,0,0,0,0,0,"N",74.00,0,0,0,0,0,0,0,"N",0,0.0,0,0,0,0,0,0,0,0,0,0,0,0,0,0
"42043","5","518210","78","0","2021","4","",17,238,232,236,3771921,179940,7261,1233,"",0.63,0.49,0.47,0.47,0.19,0.39,0.45,0.40,"",-2,-10.5,-2,-0.8,3,1.3,5,2.2,322480,9.3,14757,8.9,1794,32.8,96,8.4
"42045","5","518210","78","0","2021","4","",27,105,105,106,3182794,130591,5464,2324,"",0.52,0.18,0.18,0.18,0.12,0.20,0.24,0.70,"",5,22.7,24,29.6,23,28.0,24,29.3,400782,14.4,66886,105.0,3886,246.3,-296,-11.3
"42049","5","518210","78","0","2021","4","N",5,0,0,0,0,0,0,0,"N",0.20,0,0,0,0,0,0,0,"N",3,150.0,0,0,0,0,0,0,0,0,0,0,0,0,0,0
"42051","5","518210","78","0","2021","4","N",1,0,0,0,0,0,0,0,"N",0.10,0,0,0,0,0,0,0,"N",0,0.0,0,0,0,0,0,0,0,0,0,0,0,0,0,0
"42055","5","518210","78","0","2021","4","N",5,0,0,0,0,0,0,0,"N",0.41,0,0,0,0,0,0,0,"N",1,25.0,0,0,0,0,0,0,0,0,0,0,0,0,0,0
"42059","5","518210","78","0","2021","4","N",1,0,0,0,0,0,0,0,"N",0.35,0,0,0,0,0,0,0,"N",0,0.0,0,0,0,0,0,0,0,0,0,0,0,0,0,0
"42063","5","518210","78","0","2021","4","N",1,0,0,0,0,0,0,0,"N",0.14,0,0,0,0,0,0,0,"N",0,0.0,0,0,0,0,0,0,0,0,0,0,0,0,0,0
"42069","5","518210","78","0","2021","4","N",7,0,0,0,0,0,0,0,"N",0.35,0,0,0,0,0,0,0,"N",0,0.0,0,0,0,0,0,0,0,0,0,0,0,0,0,0
"42071","5","518210","78","0","2021","4","",10,90,89,90,2283124,39986,994,1959,"",0.20,0.14,0.13,0.13,0.10,0.06,0.04,0.73,"",4,66.7,13,16.9,11,14.1,11,13.9,551407,31.8,-36670,-47.8,-827,-45.4,251,14.7
"42073","5","518210","78","0","2021","4","N",1,0,0,0,0,0,0,0,"N",0.14,0,0,0,0,0,0,0,"N",0,0.0,0,0,0,0,0,0,0,0,0,0,0,0,0,0
"42075","5","518210","78","0","2021","4","",4,9,9,8,130180,113,1,1155,"",0.39,0.07,0.06,0.06,0.03,0.00,0.00,0.46,"N",1,33.3,0,0,0,0,0,0,0,0,0,0,0,0,0,0
"42077","5","518210","78","0","2021","4","",25,307,265,245,4421572,338977,8451,1249,"",0.78,0.58,0.50,0.46,0.20,0.58,0.40,0.39,"",4,19.0,22,7.7,-12,-4.3,-23,-8.6,89572,2.1,68143,25.2,1768,26.5,45,3.7
"42079","1","518210","78","0","2021","4","",1,1239,1246,1254,20445023,0,0,1262,"",1499.43,1037.85,1032.20,1029.94,1370.30,0.00,0.00,1.33,"",0,0.0,-35,-2.7,-35,-2.7,-22,-1.7,57410,0.3,0,0.0,0,0.0,34,2.8
"42079","5","518210","78","0","2021","4","",10,93,93,93,1533257,54693,1680,1268,"",0.37,0.24,0.24,0.23,0.12,0.11,0.08,0.51,"",-2,-16.7,-5,-5.1,-5,-5.1,-7,-7.0,28922,1.9,5167,10.4,54,3.3,95,8.1
"42081","5","518210","78","0","2021","4","N",2,0,0,0,0,0,0,0,"N",0.18,0,0,0,0,0,0,0,"N",1,100.0,0,0,0,0,0,0,0,0,0,0,0,0,0,0
"42085","5","518210","78","0","2021","4","N",2,0,0,0,0,0,0,0,"N",0.19,0,0,0,0,0,0,0,"N",0,0.0,0,0,0,0,0,0,0,0,0,0,0,0,0,0
"42087","5","518210","78","0","2021","4","N",1,0,0,0,0,0,0,0,"N",0.26,0,0,0,0,0,0,0,"N",0,0.0,0,0,0,0,0,0,0,0,0,0,0,0,0,0
"42089","5","518210","78","0","2021","4","N",1,0,0,0,0,0,0,0,"N",0.08,0,0,0,0,0,0,0,"N",-3,-75.0,0,0,0,0,0,0,0,0,0,0,0,0,0,0
"42091","5","518210","78","0","2021","4","",99,2539,2531,2557,58504589,1751323,79637,1770,"",0.97,1.87,1.85,1.85,0.85,1.19,1.42,0.45,"",-1,-1.0,81,3.3,67,2.7,116,4.8,-25918111,-30.7,482611,38.0,29204,57.9,-876,-33.1
"42095","5","518210","78","0","2021","4","",27,756,749,751,14339591,628670,31295,1467,"",1.08,2.33,2.28,2.27,1.24,1.59,2.11,0.54,"",3,12.5,64,9.2,57,8.2,68,10.0,-9796,-0.1,264096,72.4,16844,116.6,-135,-8.4
"42097","5","518210","78","0","2021","4","N",1,0,0,0,0,0,0,0,"N",0.15,0,0,0,0,0,0,0,"N",0,0.0,0,0,0,0,0,0,0,0,0,0,0,0,0,0
"42101","5","518210","78","0","2021","4","",87,532,530,527,15666216,511865,21822,2275,"",0.69,0.29,0.29,0.28,0.18,0.29,0.32,0.62,"",21,31.8,69,14.9,64,13.7,52,10.9,2834490,22.1,95751,23.0,3550,19.4,166,7.9
"42103","5","518210","78","0","2021","4","",3,8,8,8,222341,18000,914,2138,"",0.75,0.26,0.26,0.26,0.28,0.54,0.78,1.06,"N",1,50.0,0,0,0,0,0,0,0,0,0,0,0,0,0,0
"42111","5","518210","78","0","2021","4","N",1,0,0,0,0,0,0,0,"N",0.15,0,0,0,0,0,0,0,"N",1,100.0,0,0,0,0,0,0,0,0,0,0,0,0,0,0
"42115","5","518210","78","0","2021","4","N",1,0,0,0,0,0,0,0,"N",0.29,0,0,0,0,0,0,0,"N",0,0.0,0,0,0,0,0,0,0,0,0,0,0,0,0,0
"42117","5","518210","78","0","2021","4","N",2,0,0,0,0,0,0,0,"N",0.54,0,0,0,0,0,0,0,"N",1,100.0,0,0,0,0,0,0,0,0,0,0,0,0,0,0
"42119","5","518210","78","0","2021","4","N",1,0,0,0,0,0,0,0,"N",0.27,0,0,0,0,0,0,0,"N",0,0.0,0,0,0,0,0,0,0,0,0,0,0,0,0,0
"42123","5","518210","78","0","2021","4","N",1,0,0,0,0,0,0,0,"N",0.28,0,0,0,0,0,0,0,"N",0,0.0,0,0,0,0,0,0,0,0,0,0,0,0,0,0
"42125","5","518210","78","0","2021","4","",7,67,67,68,890699,18375,565,1018,"",0.35,0.29,0.29,0.29,0.10,0.08,0.06,0.34,"N",3,75.0,0,0,0,0,0,0,0,0,0,0,0,0,0,0
"42127","5","518210","78","0","2021","4","N",2,0,0,0,0,0,0,0,"N",0.40,0,0,0,0,0,0,0,"N",1,100.0,0,0,0,0,0,0,0,0,0,0,0,0,0,0
"42129","5","518210","78","0","2021","4","N",8,0,0,0,0,0,0,0,"N",0.24,0,0,0,0,0,0,0,"N",0,0.0,0,0,0,0,0,0,0,0,0,0,0,0,0,0
"42131","5","518210","78","0","2021","4","N",1,0,0,0,0,0,0,0,"N",0.39,0,0,0,0,0,0,0,"N",0,0.0,0,0,0,0,0,0,0,0,0,0,0,0,0,0
"42133","5","518210","78","0","2021","4","N",9,0,0,0,0,0,0,0,"N",0.27,0,0,0,0,0,0,0,"N",2,28.6,0,0,0,0,0,0,0,0,0,0,0,0,0,0
"42999","5","518210","78","0","2021","4","",939,3153,3184,3288,112997391,4926992,220728,2709,"",5.82,4.83,4.82,4.91,2.67,3.96,3.88,0.55,"",369,64.7,761,31.8,692,27.8,786,31.4,-1190470,-1.0,1385540,39.1,59771,37.1,-859,-24.1
"44000","5","518210","58","0","2021","4","",254,610,619,611,23064794,2061212,41293,2893,"",1.59,0.47,0.47,0.47,0.45,0.64,0.46,0.95,"",66,35.1,36,6.3,41,7.1,36,6.3,-11776662,-33.8,722591,54.0,20661,100.1,-1763,-37.9
"44001","5","518210","78","0","2021","4","N",10,0,0,0,0,0,0,0,"N",1.46,0,0,0,0,0,0,0,"N",2,25.0,0,0,0,0,0,0,0,0,0,0,0,0,0,0
"44003","5","518210","78","0","2021","4","",27,89,90,92,1860332,332680,11192,1584,"",1.21,0.44,0.44,0.45,0.26,0.62,0.78,0.58,"",6,28.6,18,25.4,20,28.6,23,33.3,84396,4.8,181783,120.5,7415,196.3,-368,-18.9
"44005","5","518210","78","0","2021","4","",18,21,22,23,647943,55458,686,2266,"",1.28,0.19,0.20,0.21,0.15,0.23,0.09,0.77,"N",3,20.0,0,0,0,0,0,0,0,0,0,0,0,0,0,0
"44007","5","518210","78","0","2021","4","",75,277,279,265,7445114,764705,13559,2093,"",0.98,0.36,0.36,0.34,0.24,0.42,0.27,0.67,"",28,59.6,-16,-5.5,-13,-4.5,-22,-7.7,-16791843,-69.3,374355,95.9,7317,117.2,-4321,-67.4
"44009","5","518210","78","0","2021","4","",17,63,63,64,3127384,312167,6350,3798,"",0.92,0.43,0.43,0.44,0.61,0.85,0.61,1.41,"N",12,240.0,0,0,0,0,0,0,0,0,0,0,0,0,0,0
"44999","5","518210","78","0","2021","4","N",107,0,0,0,0,0,0,0,"N",4.99,0,0,0,0,0,0,0,"N",15,16.3,0,0,0,0,0,0,0,0,0,0,0,0,0,0
"45000","5","518210","58","0","2021","4","",867,4020,4076,4038,96557278,6863759,142551,1836,"",1.54,0.69,0.70,0.68,0.50,0.73,1.28,0.72,"",181,26.4,129,3.3,210,5.4,198,5.2,6779495,7.6,1743654,34.1,82628,137.9,50,2.8
"45003","5","518210","78","0","2021","4","N",4,0,0,0,0,0,0,0,"N",0.34,0,0,0,0,0,0,0,"N",-1,-20.0,0,0,0,0,0,0,0,0,0,0,0,0,0,0
"45007","5","518210","78","0","2021","4","",10,48,49,47,960838,144872,1600,1540,"",0.69,0.26,0.26,0.25,0.18,0.50,0.59,0.69,"N",3,42.9,0,0,0,0,0,0,0,0,0,0,0,0,0,0
"45011","5","518210","78","0","2021","4","N",1,0,0,0,0,0,0,0,"N",0.70,0,0,0,0,0,0,0,"N",0,0.0,0,0,0,0,0,0,0,0,0,0,0,0,0,0
"45013","5","518210","78","0","2021","4","",19,51,49,45,860873,225489,1089,1370,"",0.78,0.28,0.27,0.24,0.15,0.73,0.41,0.59,"",3,18.8,3,6.2,0,0.0,-7,-13.5,114006,15.3,121094,116.0,569,109.4,213,18.4
"45015","5","518210","78","0","2021","4","",14,27,26,26,673520,78941,227,1967,"",1.00,0.17,0.17,0.16,0.12,0.33,0.08,0.70,"",4,40.0,2,8.0,-2,-7.1,-1,-3.7,-2988692,-81.6,36431,85.7,227,100.0,-8597,-81.4
"45017","5","518210","78","0","2021","4","N",1,0,0,0,0,0,0,0,"N",1.05,0,0,0,0,0,0,0,"N",0,0.0,0,0,0,0,0,0,0,0,0,0,0,0,0,0
"45019","5","518210","78","0","2021","4","",111,791,803,788,23054472,801717,5924,2234,"",1.63,1.13,1.14,1.11,0.88,0.71,0.50,0.78,"",14,14.4,45,6.0,68,9.3,48,6.5,7450196,47.7,250277,45.4,1817,44.2,613,37.8
"45023","5","518210","78","0","2021","4","N",3,0,0,0,0,0,0,0,"N",1.41,0,0,0,0,0,0,0,"N",2,200.0,0,0,0,0,0,0,0,0,0,0,0,0,0,0
"45027","5","518210","78","0","2021","4","N",1,0,0,0,0,0,0,0,"N",0.44,0,0,0,0,0,0,0,"N",0,0.0,0,0,0,0,0,0,0,0,0,0,0,0,0,0
"45029","5","518210","78","0","2021","4","N",1,0,0,0,0,0,0,0,"N",0.35,0,0,0,0,0,0,0,"N",0,0.0,0,0,0,0,0,0,0,0,0,0,0,0,0,0
"45031","5","518210","78","0","2021","4","N",2,0,0,0,0,0,0,0,"N",0.48,0,0,0,0,0,0,0,"N",1,100.0,0,0,0,0,0,0,0,0,0,0,0,0,0,0
"45033","5","518210","78","0","2021","4","N",1,0,0,0,0,0,0,0,"N",0.57,0,0,0,0,0,0,0,"N",0,0.0,0,0,0,0,0,0,0,0,0,0,0,0,0,0
"45035","5","518210","78","0","2021","4","N",9,0,0,0,0,0,0,0,"N",0.84,0,0,0,0,0,0,0,"N",1,12.5,0,0,0,0,0,0,0,0,0,0,0,0,0,0
"45039","5","518210","78","0","2021","4","N",2,0,0,0,0,0,0,0,"N",1.42,0,0,0,0,0,0,0,"N",1,100.0,0,0,0,0,0,0,0,0,0,0,0,0,0,0
"45041","5","518210","78","0","2021","4","N",4,0,0,0,0,0,0,0,"N",0.32,0,0,0,0,0,0,0,"N",0,0.0,0,0,0,0,0,0,0,0,0,0,0,0,0,0
"45043","5","518210","78","0","2021","4","",7,28,31,32,562302,67955,628,1426,"",0.94,0.42,0.46,0.48,0.29,0.69,0.53,0.63,"N",2,40.0,0,0,0,0,0,0,0,0,0,0,0,0,0,0
"45045","5","518210","78","0","2021","4","",81,372,370,373,8750751,577314,4514,1811,"",1.31,0.49,0.48,0.48,0.33,0.43,0.27,0.67,"",21,35.0,11,3.0,4,1.1,10,2.8,804793,10.1,207354,56.0,-1152,-20.3,129,7.7
"45047","5","518210","78","0","2021","4","N",3,0,0,0,0,0,0,0,"N",0.57,0,0,0,0,0,0,0,"N",0,0.0,0,0,0,0,0,0,0,0,0,0,0,0,0,0
"45051","5","518210","78","0","2021","4","",40,45,51,53,1353792,121295,236,2097,"",1.04,0.12,0.14,0.15,0.14,0.20,0.03,1.03,"",7,21.2,11,32.4,17,50.0,19,55.9,550093,68.4,66225,120.3,-637,-73.0,279,15.3
"45053","5","518210","78","0","2021","4","N",1,0,0,0,0,0,0,0,"N",0.34,0,0,0,0,0,0,0,"N",0,0.0,0,0,0,0,0,0,0,0,0,0,0,0,0,0
"45055","5","518210","78","0","2021","4","",3,5,5,5,97009,0,0,1492,"",0.60,0.10,0.10,0.10,0.08,0.00,0.00,0.76,"N",1,50.0,0,0,0,0,0,0,0,0,0,0,0,0,0,0
"45057","5","518210","78","0","2021","4","",12,26,27,26,350194,48167,176,1023,"",1.88,0.37,0.38,0.36,0.14,0.49,0.22,0.39,"N",8,200.0,0,0,0,0,0,0,0,0,0,0,0,0,0,0
"45059","5","518210","78","0","2021","4","N",1,0,0,0,0,0,0,0,"N",0.30,0,0,0,0,0,0,0,"N",0,0.0,0,0,0,0,0,0,0,0,0,0,0,0,0,0
"45063","5","518210","78","0","2021","4","",29,139,135,138,2465375,212609,3552,1381,"",1.03,0.42,0.40,0.40,0.23,0.41,0.64,0.58,"",3,11.5,-23,-14.2,-31,-18.7,-22,-13.8,-353360,-12.5,-5093,-2.3,1788,101.4,48,3.6
"45069","5","518210","78","0","2021","4","N",1,0,0,0,0,0,0,0,"N",0.81,0,0,0,0,0,0,0,"N",1,100.0,0,0,0,0,0,0,0,0,0,0,0,0,0,0
"45071","5","518210","78","0","2021","4","N",2,0,0,0,0,0,0,0,"N",0.66,0,0,0,0,0,0,0,"N",-1,-33.3,0,0,0,0,0,0,0,0,0,0,0,0,0,0
"45073","5","518210","78","0","2021","4","N",4,0,0,0,0,0,0,0,"N",0.61,0,0,0,0,0,0,0,"N",1,33.3,0,0,0,0,0,0,0,0,0,0,0,0,0,0
"45075","5","518210","78","0","2021","4","N",1,0,0,0,0,0,0,0,"N",0.16,0,0,0,0,0,0,0,"N",1,100.0,0,0,0,0,0,0,0,0,0,0,0,0,0,0
"45077","5","518210","78","0","2021","4","N",10,0,0,0,0,0,0,0,"N",1.08,0,0,0,0,0,0,0,"N",3,42.9,0,0,0,0,0,0,0,0,0,0,0,0,0,0
"45079","5","518210","78","0","2021","4","",56,326,326,331,5775476,540533,4578,1356,"",1.37,0.54,0.54,0.54,0.28,0.61,0.39,0.52,"",8,16.7,-131,-28.7,-133,-29.0,-130,-28.2,-3866749,-40.1,-38130,-6.6,-1388,-23.3,-260,-16.1
"45083","5","518210","78","0","2021","4","",13,29,29,30,984849,70648,193,2583,"",0.51,0.07,0.07,0.07,0.07,0.12,0.02,1.02,"",-1,-7.1,7,31.8,8,38.1,9,42.9,-92624,-8.6,46599,193.8,105,119.3,-1302,-33.5
"45085","5","518210","78","0","2021","4","N",2,0,0,0,0,0,0,0,"N",0.26,0,0,0,0,0,0,0,"N",0,0.0,0,0,0,0,0,0,0,0,0,0,0,0,0,0
"45089","5","518210","78","0","2021","4","N",2,0,0,0,0,0,0,0,"N",0.88,0,0,0,0,0,0,0,"N",1,100.0,0,0,0,0,0,0,0,0,0,0,0,0,0,0
"45091","5","518210","78","0","2021","4","",43,689,698,698,19388468,469263,3156,2146,"",1.61,2.49,2.51,2.48,2.07,1.02,0.67,0.83,"",8,22.9,-2,-0.3,-13,-1.8,-19,-2.6,-1852129,-8.7,-228757,-32.8,643,25.6,-167,-7.2
"45999","5","518210","78","0","2021","4","",373,1360,1394,1362,29110078,3362571,114515,1632,"",4.53,5.98,5.97,5.80,2.32,4.93,11.33,0.39,"",90,31.8,174,14.7,254,22.3,255,23.0,6079686,26.4,1099972,48.6,77596,210.2,84,5.4
"46000","2","518210","58","0","2021","4","N",6,0,0,0,0,0,0,0,"N",89.17,0,0,0,0,0,0,0,"N",0,0.0,0,0,0,0,0,0,0,0,0,0,0,0,0,0
"46000","5","518210","58","0","2021","4","",183,275,284,286,8495805,611943,6948,2320,"",1.35,0.23,0.24,0.24,0.21,0.39,0.66,0.91,"",69,60.5,74,36.8,94,49.5,86,43.0,3484614,69.5,388437,173.8,4974,252.0,363,18.5
"46007","5","518210","78","0","2021","4","N",1,0,0,0,0,0,0,0,"N",2.86,0,0,0,0,0,0,0,"N",0,0.0,0,0,0,0,0,0,0,0,0,0,0,0,0,0
"46009","2","518210","78","0","2021","4","N",1,0,0,0,0,0,0,0,"N",2451.38,0,0,0,0,0,0,0,"N",0,0.0,0,0,0,0,0,0,0,0,0,0,0,0,0,0
"46011","5","518210","78","0","2021","4","",9,10,11,11,352665,43578,152,2543,"",2.04,0.20,0.22,0.22,0.23,0.69,0.38,1.09,"",3,50.0,1,11.1,2,22.2,2,22.2,14435,4.3,43578,100.0,152,100.0,-348,-12.0
"46013","5","518210","78","0","2021","4","",6,19,21,21,227382,57922,579,860,"",1.11,0.35,0.39,0.39,0.13,0.90,1.69,0.35,"",-1,-14.3,6,46.2,9,75.0,8,61.5,67626,42.3,20542,55.0,267,85.6,-110,-11.3
"46019","5","518210","78","0","2021","4","N",1,0,0,0,0,0,0,0,"N",0.66,0,0,0,0,0,0,0,"N",0,0.0,0,0,0,0,0,0,0,0,0,0,0,0,0,0
"46027","5","518210","78","0","2021","4","N",1,0,0,0,0,0,0,0,"N",0.63,0,0,0,0,0,0,0,"N",1,100.0,0,0,0,0,0,0,0,0,0,0,0,0,0,0
"46029","2","518210","78","0","2021","4","N",1,0,0,0,0,0,0,0,"N",416.79,0,0,0,0,0,0,0,"N",0,0.0,0,0,0,0,0,0,0,0,0,0,0,0,0,0
"46029","5","518210","78","0","2021","4","N",2,0,0,0,0,0,0,0,"N",0.41,0,0,0,0,0,0,0,"N",-1,-33.3,0,0,0,0,0,0,0,0,0,0,0,0,0,0
"46035","5","518210","78","0","2021","4","N",1,0,0,0,0,0,0,0,"N",0.34,0,0,0,0,0,0,0,"N",-1,-50.0,0,0,0,0,0,0,0,0,0,0,0,0,0,0
"46047","5","518210","78","0","2021","4","N",1,0,0,0,0,0,0,0,"N",0.88,0,0,0,0,0,0,0,"N",1,100.0,0,0,0,0,0,0,0,0,0,0,0,0,0,0
"46061","5","518210","78","0","2021","4","N",2,0,0,0,0,0,0,0,"N",5.14,0,0,0,0,0,0,0,"N",1,100.0,0,0,0,0,0,0,0,0,0,0,0,0,0,0
"46065","2","518210","78","0","2021","4","N",1,0,0,0,0,0,0,0,"N",616.90,0,0,0,0,0,0,0,"N",0,0.0,0,0,0,0,0,0,0,0,0,0,0,0,0,0
"46065","5","518210","78","0","2021","4","",7,20,21,20,400070,10759,32,1514,"",2.15,0.69,0.73,0.69,0.43,0.36,0.16,0.62,"",2,40.0,1,5.3,2,10.5,1,5.3,11749,3.0,7083,192.7,19,146.2,-58,-3.7
"46077","5","518210","78","0","2021","4","N",1,0,0,0,0,0,0,0,"N",1.09,0,0,0,0,0,0,0,"N",0,0.0,0,0,0,0,0,0,0,0,0,0,0,0,0,0
"46079","5","518210","78","0","2021","4","N",3,0,0,0,0,0,0,0,"N",1.74,0,0,0,0,0,0,0,"N",1,50.0,0,0,0,0,0,0,0,0,0,0,0,0,0,0
"46081","5","518210","78","0","2021","4","",9,11,12,12,395468,31583,379,2607,"",1.70,0.32,0.36,0.35,0.42,0.60,1.05,1.21,"N",5,125.0,0,0,0,0,0,0,0,0,0,0,0,0,0,0
"46083","5","518210","78","0","2021","4","",17,12,13,14,274023,51604,619,1621,"",2.04,0.17,0.18,0.19,0.10,0.52,0.74,0.53,"",9,112.5,6,100.0,6,85.7,7,100.0,118673,76.4,29368,132.1,382,161.2,-172,-9.6
"46093","5","518210","78","0","2021","4","N",5,0,0,0,0,0,0,0,"N",1.46,0,0,0,0,0,0,0,"N",2,66.7,0,0,0,0,0,0,0,0,0,0,0,0,0,0
"46099","2","518210","78","0","2021","4","N",1,0,0,0,0,0,0,0,"N",62.45,0,0,0,0,0,0,0,"N",0,0.0,0,0,0,0,0,0,0,0,0,0,0,0,0,0
"46099","5","518210","78","0","2021","4","",77,118,116,121,3475801,232578,3673,2259,"",2.39,0.33,0.32,0.34,0.26,0.50,1.28,0.77,"",33,75.0,27,29.7,25,27.5,31,34.4,1101753,46.4,159338,217.6,2844,343.1,245,12.2
"46101","5","518210","78","0","2021","4","N",1,0,0,0,0,0,0,0,"N",1.33,0,0,0,0,0,0,0,"N",0,0.0,0,0,0,0,0,0,0,0,0,0,0,0,0,0
"46103","2","518210","78","0","2021","4","N",1,0,0,0,0,0,0,0,"N",104.43,0,0,0,0,0,0,0,"N",0,0.0,0,0,0,0,0,0,0,0,0,0,0,0,0,0
"46103","5","518210","78","0","2021","4","",31,34,35,33,2416804,81680,701,5468,"",1.61,0.21,0.22,0.20,0.47,0.34,0.43,2.24,"",11,55.0,8,30.8,12,52.2,7,26.9,1396198,136.8,51792,173.3,361,106.2,2328,74.1
"46105","5","518210","78","0","2021","4","N",1,0,0,0,0,0,0,0,"N",1.89,0,0,0,0,0,0,0,"N",0,0.0,0,0,0,0,0,0,0,0,0,0,0,0,0,0
"46115","5","518210","78","0","2021","4","N",1,0,0,0,0,0,0,0,"N",0.99,0,0,0,0,0,0,0,"N",1,100.0,0,0,0,0,0,0,0,0,0,0,0,0,0,0
"46123","5","518210","78","0","2021","4","N",1,0,0,0,0,0,0,0,"N",1.08,0,0,0,0,0,0,0,"N",0,0.0,0,0,0,0,0,0,0,0,0,0,0,0,0,0
"46127","5","518210","78","0","2021","4","",5,4,6,6,164965,24070,289,2379,"",1.72,0.15,0.23,0.22,0.12,0.62,1.07,0.62,"N",3,150.0,0,0,0,0,0,0,0,0,0,0,0,0,0,0
"46135","2","518210","78","0","2021","4","N",1,0,0,0,0,0,0,0,"N",643.91,0,0,0,0,0,0,0,"N",0,0.0,0,0,0,0,0,0,0,0,0,0,0,0,0,0
"47000","3","518210","58","0","2021","4","N",2,0,0,0,0,0,0,0,"N",1.18,0,0,0,0,0,0,0,"N",0,0.0,0,0,0,0,0,0,0,0,0,0,0,0,0,0
"47000","5","518210","58","0","2021","4","",945,7191,7327,7353,222064867,5524925,77262,2343,"",1.37,0.86,0.86,0.86,0.69,0.67,0.81,0.80,"",228,31.8,585,8.9,660,9.9,650,9.7,38868629,21.2,1650635,42.6,17111,28.4,227,10.7
"47001","5","518210","78","0","2021","4","N",8,0,0,0,0,0,0,0,"N",1.19,0,0,0,0,0,0,0,"N",2,33.3,0,0,0,0,0,0,0,0,0,0,0,0,0,0
"47003","5","518210","78","0","2021","4","N",1,0,0,0,0,0,0,0,"N",0.28,0,0,0,0,0,0,0,"N",0,0.0,0,0,0,0,0,0,0,0,0,0,0,0,0,0
"47009","5","518210","78","0","2021","4","",14,107,113,118,8594641,123928,2333,5868,"",1.33,0.76,0.80,0.83,1.74,0.99,1.62,2.19,"",3,27.3,88,463.2,89,370.8,93,372.0,7109909,478.9,65204,111.0,1911,452.8,829,16.5
"47011","5","518210","78","0","2021","4","",6,6,7,7,135779,8587,191,1567,"",0.78,0.05,0.06,0.06,0.04,0.07,0.14,0.66,"N",4,200.0,0,0,0,0,0,0,0,0,0,0,0,0,0,0
"47013","5","518210","78","0","2021","4","N",2,0,0,0,0,0,0,0,"N",0.81,0,0,0,0,0,0,0,"N",1,100.0,0,0,0,0,0,0,0,0,0,0,0,0,0,0
"47015","5","518210","78","0","2021","4","N",2,0,0,0,0,0,0,0,"N",2.17,0,0,0,0,0,0,0,"N",2,100.0,0,0,0,0,0,0,0,0,0,0,0,0,0,0
"47019","5","518210","78","0","2021","4","N",2,0,0,0,0,0,0,0,"N",0.70,0,0,0,0,0,0,0,"N",0,0.0,0,0,0,0,0,0,0,0,0,0,0,0,0,0
"47021","5","518210","78","0","2021","4","",5,24,25,27,901084,32177,512,2736,"",1.70,0.96,0.99,1.05,1.09,1.34,1.82,1.09,"",1,25.0,4,20.0,5,25.0,5,22.7,254657,39.4,6993,27.8,-49,-8.7,330,13.7
"47025","5","518210","78","0","2021","4","N",1,0,0,0,0,0,0,0,"N",0.50,0,0,0,0,0,0,0,"N",1,100.0,0,0,0,0,0,0,0,0,0,0,0,0,0,0
"47027","5","518210","78","0","2021","4","N",1,0,0,0,0,0,0,0,"N",1.83,0,0,0,0,0,0,0,"N",1,100.0,0,0,0,0,0,0,0,0,0,0,0,0,0,0
"47035","5","518210","78","0","2021","4","",5,13,12,10,137367,236,6,906,"",1.03,0.27,0.25,0.21,0.11,0.01,0.01,0.47,"",0,0.0,-1,-7.1,-2,-14.3,-5,-33.3,-29790,-17.8,-11594,-98.0,-141,-95.9,9,1.0
"47037","5","518210","78","0","2021","4","",228,2119,2104,2130,59418459,1431345,20340,2158,"",2.15,1.50,1.48,1.49,0.90,1.01,1.16,0.61,"",51,28.8,-526,-19.9,-531,-20.2,-517,-19.5,-9025227,-13.2,245113,20.7,6303,44.9,165,8.3
"47041","5","518210","78","0","2021","4","N",2,0,0,0,0,0,0,0,"N",1.40,0,0,0,0,0,0,0,"N",0,0.0,0,0,0,0,0,0,0,0,0,0,0,0,0,0
"47043","5","518210","78","0","2021","4","",3,4,4,4,51514,0,0,991,"",0.66,0.08,0.08,0.08,0.03,0.00,0.00,0.42,"",0,0.0,2,100.0,1,33.3,1,33.3,-15793,-23.5,0,0.0,0,0.0,-951,-49.0
"47047","5","518210","78","0","2021","4","N",2,0,0,0,0,0,0,0,"N",0.79,0,0,0,0,0,0,0,"N",0,0.0,0,0,0,0,0,0,0,0,0,0,0,0,0,0
"47049","5","518210","78","0","2021","4","N",1,0,0,0,0,0,0,0,"N",0.80,0,0,0,0,0,0,0,"N",1,100.0,0,0,0,0,0,0,0,0,0,0,0,0,0,0
"47051","5","518210","78","0","2021","4","",5,8,8,7,185658,7000,189,1863,"",1.51,0.26,0.26,0.23,0.21,0.26,0.85,0.83,"N",4,400.0,0,0,0,0,0,0,0,0,0,0,0,0,0,0
"47055","5","518210","78","0","2021","4","-",0,0,0,0,0,0,0,0,"N",0.00,0,0,0,0,0,0,0,"N",-1,-100.0,0,0,0,0,0,0,0,0,0,0,0,0,0,0
"47057","5","518210","78","0","2021","4","N",1,0,0,0,0,0,0,0,"N",0.84,0,0,0,0,0,0,0,"N",0,0.0,0,0,0,0,0,0,0,0,0,0,0,0,0,0
"47059","5","518210","78","0","2021","4","N",3,0,0,0,0,0,0,0,"N",0.59,0,0,0,0,0,0,0,"N",0,0.0,0,0,0,0,0,0,0,0,0,0,0,0,0,0
"47063","5","518210","78","0","2021","4","N",2,0,0,0,0,0,0,0,"N",0.39,0,0,0,0,0,0,0,"N",1,100.0,0,0,0,0,0,0,0,0,0,0,0,0,0,0
"47065","5","518210","78","0","2021","4","",61,470,479,486,18742841,483153,6283,3014,"",1.45,0.84,0.85,0.86,0.87,0.88,1.08,1.02,"",21,52.5,145,44.6,153,46.9,165,51.4,9027263,92.9,306934,174.2,4678,291.5,707,30.6
"47067","5","518210","78","0","2021","4","N",1,0,0,0,0,0,0,0,"N",2.83,0,0,0,0,0,0,0,"N",0,0.0,0,0,0,0,0,0,0,0,0,0,0,0,0,0
"47071","5","518210","78","0","2021","4","N",1,0,0,0,0,0,0,0,"N",0.46,0,0,0,0,0,0,0,"N",0,0.0,0,0,0,0,0,0,0,0,0,0,0,0,0,0
"47081","5","518210","78","0","2021","4","N",2,0,0,0,0,0,0,0,"N",1.55,0,0,0,0,0,0,0,"N",1,100.0,0,0,0,0,0,0,0,0,0,0,0,0,0,0
"47083","5","518210","78","0","2021","4","N",1,0,0,0,0,0,0,0,"N",2.19,0,0,0,0,0,0,0,"N",1,100.0,0,0,0,0,0,0,0,0,0,0,0,0,0,0
"47085","5","518210","78","0","2021","4","N",1,0,0,0,0,0,0,0,"N",0.70,0,0,0,0,0,0,0,"N",0,0.0,0,0,0,0,0,0,0,0,0,0,0,0,0,0
"47087","5","518210","78","0","2021","4","N",1,0,0,0,0,0,0,0,"N",1.58,0,0,0,0,0,0,0,"N",0,0.0,0,0,0,0,0,0,0,0,0,0,0,0,0,0
"47089","5","518210","78","0","2021","4","N",1,0,0,0,0,0,0,0,"N",0.31,0,0,0,0,0,0,0,"N",0,0.0,0,0,0,0,0,0,0,0,0,0,0,0,0,0
"47091","5","518210","78","0","2021","4","",4,3,3,3,115063,0,0,2950,"",3.38,0.25,0.26,0.25,0.33,0.00,0.00,1.31,"N",3,300.0,0,0,0,0,0,0,0,0,0,0,0,0,0,0
"47093","5","518210","78","0","2021","4","",62,316,317,314,8615186,186753,1897,2099,"",1.15,0.48,0.47,0.46,0.35,0.30,0.29,0.74,"",7,12.7,-104,-24.8,-103,-24.5,-108,-25.6,-6658274,-43.6,-45025,-19.4,-1012,-34.8,-694,-24.8
"47099","5","518210","78","0","2021","4","N",1,0,0,0,0,0,0,0,"N",0.34,0,0,0,0,0,0,0,"N",0,0.0,0,0,0,0,0,0,0,0,0,0,0,0,0,0
"47105","5","518210","78","0","2021","4","N",7,0,0,0,0,0,0,0,"N",1.58,0,0,0,0,0,0,0,"N",3,75.0,0,0,0,0,0,0,0,0,0,0,0,0,0,0
"47107","5","518210","78","0","2021","4","N",3,0,0,0,0,0,0,0,"N",0.81,0,0,0,0,0,0,0,"N",0,0.0,0,0,0,0,0,0,0,0,0,0,0,0,0,0
"47109","5","518210","78","0","2021","4","N",1,0,0,0,0,0,0,0,"N",0.56,0,0,0,0,0,0,0,"N",0,0.0,0,0,0,0,0,0,0,0,0,0,0,0,0,0
"47111","5","518210","78","0","2021","4","N",1,0,0,0,0,0,0,0,"N",0.75,0,0,0,0,0,0,0,"N",0,0.0,0,0,0,0,0,0,0,0,0,0,0,0,0,0
"47113","3","518210","78","0","2021","4","N",1,0,0,0,0,0,0,0,"N",42.24,0,0,0,0,0,0,0,"N",0,0.0,0,0,0,0,0,0,0,0,0,0,0,0,0,0
"47113","5","518210","78","0","2021","4","N",7,0,0,0,0,0,0,0,"N",0.73,0,0,0,0,0,0,0,"N",3,75.0,0,0,0,0,0,0,0,0,0,0,0,0,0,0
"47115","5","518210","78","0","2021","4","N",2,0,0,0,0,0,0,0,"N",1.09,0,0,0,0,0,0,0,"N",1,100.0,0,0,0,0,0,0,0,0,0,0,0,0,0,0
"47119","5","518210","78","0","2021","4","",7,24,22,24,664798,27824,105,2192,"",0.77,0.25,0.22,0.23,0.20,0.32,0.09,0.85,"",3,75.0,-2,-7.7,-4,-15.4,-3,-11.1,81657,14.0,27495,8357.1,99,1650.0,489,28.7
"47125","5","518210","78","0","2021","4","",14,12,12,13,338885,8329,215,2114,"",0.99,0.08,0.07,0.08,0.07,0.05,0.12,0.93,"",3,27.3,2,20.0,2,20.0,2,18.2,109058,47.5,636,8.3,57,36.1,403,23.6
"47135","5","518210","78","0","2021","4","N",1,0,0,0,0,0,0,0,"N",1.96,0,0,0,0,0,0,0,"N",0,0.0,0,0,0,0,0,0,0,0,0,0,0,0,0,0
"47141","5","518210","78","0","2021","4","N",6,0,0,0,0,0,0,0,"N",0.75,0,0,0,0,0,0,0,"N",3,100.0,0,0,0,0,0,0,0,0,0,0,0,0,0,0
"47143","5","518210","78","0","2021","4","N",6,0,0,0,0,0,0,0,"N",2.99,0,0,0,0,0,0,0,"N",4,200.0,0,0,0,0,0,0,0,0,0,0,0,0,0,0
"47145","5","518210","78","0","2021","4","N",2,0,0,0,0,0,0,0,"N",0.62,0,0,0,0,0,0,0,"N",1,100.0,0,0,0,0,0,0,0,0,0,0,0,0,0,0
"47147","5","518210","78","0","2021","4","N",1,0,0,0,0,0,0,0,"N",0.20,0,0,0,0,0,0,0,"N",0,0.0,0,0,0,0,0,0,0,0,0,0,0,0,0,0
"47149","5","518210","78","0","2021","4","",29,41,42,41,1119655,26728,440,2084,"",1.13,0.11,0.11,0.11,0.09,0.07,0.10,0.77,"",3,11.5,11,36.7,12,40.0,11,36.7,329344,41.7,-32694,-55.0,-1149,-72.3,58,2.9
"47151","5","518210","78","0","2021","4","N",1,0,0,0,0,0,0,0,"N",0.74,0,0,0,0,0,0,0,"N",1,100.0,0,0,0,0,0,0,0,0,0,0,0,0,0,0
"47155","5","518210","78","0","2021","4","N",6,0,0,0,0,0,0,0,"N",0.52,0,0,0,0,0,0,0,"N",3,100.0,0,0,0,0,0,0,0,0,0,0,0,0,0,0
"47157","5","518210","78","0","2021","4","",92,301,306,315,7157080,392816,5556,1791,"",1.11,0.23,0.23,0.23,0.12,0.31,0.38,0.55,"",20,27.8,53,21.4,56,22.4,71,29.1,1132420,18.8,251728,178.4,3144,130.3,-83,-4.4
"47159","5","518210","78","0","2021","4","N",1,0,0,0,0,0,0,0,"N",0.75,0,0,0,0,0,0,0,"N",0,0.0,0,0,0,0,0,0,0,0,0,0,0,0,0,0
"47163","5","518210","78","0","2021","4","N",8,0,0,0,0,0,0,0,"N",0.58,0,0,0,0,0,0,0,"N",2,33.3,0,0,0,0,0,0,0,0,0,0,0,0,0,0
"47165","5","518210","78","0","2021","4","",21,118,118,113,6075750,60001,770,4017,"",1.25,0.75,0.74,0.70,1.15,0.35,0.36,1.57,"",8,61.5,19,19.2,19,19.2,13,13.0,475266,8.5,33071,122.8,450,140.6,-320,-7.4
"47167","5","518210","78","0","2021","4","N",1,0,0,0,0,0,0,0,"N",0.31,0,0,0,0,0,0,0,"N",0,0.0,0,0,0,0,0,0,0,0,0,0,0,0,0,0
"47173","5","518210","78","0","2021","4","N",1,0,0,0,0,0,0,0,"N",0.99,0,0,0,0,0,0,0,"N",0,0.0,0,0,0,0,0,0,0,0,0,0,0,0,0,0
"47177","5","518210","78","0","2021","4","N",1,0,0,0,0,0,0,0,"N",0.31,0,0,0,0,0,0,0,"N",0,0.0,0,0,0,0,0,0,0,0,0,0,0,0,0,0
"47179","5","518210","78","0","2021","4","N",12,0,0,0,0,0,0,0,"N",0.97,0,0,0,0,0,0,0,"N",2,20.0,0,0,0,0,0,0,0,0,0,0,0,0,0,0
"47187","5","518210","78","0","2021","4","",109,1182,1171,1181,33375396,578932,7740,2179,"",2.51,3.00,2.93,2.92,1.69,1.34,1.59,0.57,"",31,39.7,35,3.1,12,1.0,19,1.6,2647214,8.6,34254,6.3,145,1.9,134,6.6
"47189","5","518210","78","0","2021","4","",9,18,18,18,556072,9100,112,2376,"",0.66,0.11,0.11,0.11,0.10,0.04,0.04,0.95,"",2,28.6,4,28.6,3,20.0,3,20.0,117500,26.8,-6658,-42.3,-169,-60.1,76,3.3
"47999","3","518210","78","0","2021","4","N",1,0,0,0,0,0,0,0,"N",8.20,0,0,0,0,0,0,0,"N",0,0.0,0,0,0,0,0,0,0,0,0,0,0,0,0,0
"47999","5","518210","78","0","2021","4","",166,1978,2116,2090,65406254,1734864,23752,2441,"",3.35,9.03,9.36,9.12,5.32,5.16,4.13,0.58,"",31,23.0,802,68.2,890,72.6,835,66.5,30530066,87.5,534956,44.6,-391,-1.6,240,10.9
"48000","5","518210","58","0","2021","4","",2509,42315,42842,43411,1580477492,45612959,1093395,2837,"",0.89,1.20,1.21,1.21,1.08,1.08,1.18,0.89,"",544,27.7,3932,10.2,4061,10.5,4528,11.6,303454899,23.8,17705979,63.4,370172,51.2,298,11.7
"48001","5","518210","78","0","2021","4","",18,114,119,128,5810636,224473,4003,3714,"",2.94,2.04,2.12,2.25,3.22,3.19,2.95,1.51,"",2,12.5,48,72.7,49,70.0,54,73.0,3305154,131.9,147647,192.2,760,23.4,961,34.9
"48005","5","518210","78","0","2021","4","",3,13,13,12,254459,16835,340,1545,"",0.42,0.14,0.14,0.12,0.09,0.17,0.22,0.70,"N",2,200.0,0,0,0,0,0,0,0,0,0,0,0,0,0,0
"48007","5","518210","78","0","2021","4","N",1,0,0,0,0,0,0,0,"N",0.42,0,0,0,0,0,0,0,"N",0,0.0,0,0,0,0,0,0,0,0,0,0,0,0,0,0
"48013","5","518210","78","0","2021","4","N",1,0,0,0,0,0,0,0,"N",0.30,0,0,0,0,0,0,0,"N",0,0.0,0,0,0,0,0,0,0,0,0,0,0,0,0,0
"48015","5","518210","78","0","2021","4","",12,22,31,29,741482,98138,1002,2087,"",2.33,0.68,0.94,0.87,0.59,2.31,1.38,0.71,"",6,100.0,13,144.4,22,244.4,20,222.2,461757,165.1,93338,1944.5,989,7607.7,-304,-12.7
"48019","5","518210","78","0","2021","4","N",1,0,0,0,0,0,0,0,"N",0.56,0,0,0,0,0,0,0,"N",0,0.0,0,0,0,0,0,0,0,0,0,0,0,0,0,0
"48021","5","518210","78","0","2021","4","N",3,0,0,0,0,0,0,0,"N",0.48,0,0,0,0,0,0,0,"N",2,200.0,0,0,0,0,0,0,0,0,0,0,0,0,0,0
"48023","5","518210","78","0","2021","4","-",0,0,0,0,0,0,0,0,"N",0.00,0,0,0,0,0,0,0,"N",-1,-100.0,0,0,0,0,0,0,0,0,0,0,0,0,0,0
"48027","5","518210","78","0","2021","4","",11,61,63,62,1413464,81419,4394,1754,"",0.48,0.18,0.18,0.18,0.12,0.25,0.78,0.68,"",0,0.0,-57,-48.3,-55,-46.6,-57,-47.9,-1748106,-55.3,-2247,-2.7,1747,66.0,-301,-14.6
"48029","5","518210","78","0","2021","4","",86,4779,4749,4626,93258298,3429801,89637,1520,"",0.53,1.99,1.96,1.90,1.04,1.23,1.70,0.54,"",6,7.5,-927,-16.2,-1060,-18.2,-1017,-18.0,-21283236,-18.6,363242,11.8,-4005,-4.3,-21,-1.4
"48031","5","518210","78","0","2021","4","N",1,0,0,0,0,0,0,0,"N",0.61,0,0,0,0,0,0,0,"N",1,100.0,0,0,0,0,0,0,0,0,0,0,0,0,0,0
"48033","5","518210","78","0","2021","4","-",0,0,0,0,0,0,0,0,"N",0.00,0,0,0,0,0,0,0,"N",-1,-100.0,0,0,0,0,0,0,0,0,0,0,0,0,0,0
"48035","5","518210","78","0","2021","4","N",1,0,0,0,0,0,0,0,"N",0.71,0,0,0,0,0,0,0,"N",0,0.0,0,0,0,0,0,0,0,0,0,0,0,0,0,0
"48037","5","518210","78","0","2021","4","N",3,0,0,0,0,0,0,0,"N",0.34,0,0,0,0,0,0,0,"N",2,200.0,0,0,0,0,0,0,0,0,0,0,0,0,0,0
"48039","5","518210","78","0","2021","4","N",4,0,0,0,0,0,0,0,"N",0.17,0,0,0,0,0,0,0,"N",0,0.0,0,0,0,0,0,0,0,0,0,0,0,0,0,0
"48041","5","518210","78","0","2021","4","",14,109,110,117,1786023,125212,2074,1227,"",0.76,0.35,0.35,0.37,0.18,0.45,0.39,0.52,"N",4,40.0,0,0,0,0,0,0,0,0,0,0,0,0,0,0
"48049","5","518210","78","0","2021","4","N",1,0,0,0,0,0,0,0,"N",0.30,0,0,0,0,0,0,0,"N",1,100.0,0,0,0,0,0,0,0,0,0,0,0,0,0,0
"48053","5","518210","78","0","2021","4","N",1,0,0,0,0,0,0,0,"N",0.18,0,0,0,0,0,0,0,"N",1,100.0,0,0,0,0,0,0,0,0,0,0,0,0,0,0
"48055","5","518210","78","0","2021","4","N",1,0,0,0,0,0,0,0,"N",0.33,0,0,0,0,0,0,0,"N",0,0.0,0,0,0,0,0,0,0,0,0,0,0,0,0,0
"48057","5","518210","78","0","2021","4","N",1,0,0,0,0,0,0,0,"N",0.40,0,0,0,0,0,0,0,"N",-1,-50.0,0,0,0,0,0,0,0,0,0,0,0,0,0,0
"48061","5","518210","78","0","2021","4","",4,8,9,8,120940,17890,457,1116,"",0.16,0.02,0.02,0.02,0.01,0.04,0.06,0.58,"N",1,33.3,0,0,0,0,0,0,0,0,0,0,0,0,0,0
"48063","5","518210","78","0","2021","4","N",1,0,0,0,0,0,0,0,"N",0.97,0,0,0,0,0,0,0,"N",1,100.0,0,0,0,0,0,0,0,0,0,0,0,0,0,0
"48085","5","518210","78","0","2021","4","",178,6107,6157,6231,197959589,5600708,230865,2470,"",1.51,4.71,4.69,4.69,3.15,3.42,6.37,0.67,"",28,18.7,479,8.5,508,9.0,530,9.3,5607447,2.9,2133649,61.5,106935,86.3,-144,-5.5
"48091","5","518210","78","0","2021","4","N",6,0,0,0,0,0,0,0,"N",0.36,0,0,0,0,0,0,0,"N",3,100.0,0,0,0,0,0,0,0,0,0,0,0,0,0,0
"48097","5","518210","78","0","2021","4","N",2,0,0,0,0,0,0,0,"N",0.51,0,0,0,0,0,0,0,"N",0,0.0,0,0,0,0,0,0,0,0,0,0,0,0,0,0
"48099","5","518210","78","0","2021","4","",5,20,13,15,495862,53429,1227,2384,"",1.23,0.46,0.30,0.34,0.37,1.43,1.90,1.02,"N",2,66.7,0,0,0,0,0,0,0,0,0,0,0,0,0,0
"48101","5","518210","78","0","2021","4","N",1,0,0,0,0,0,0,0,"N",1.97,0,0,0,0,0,0,0,"N",0,0.0,0,0,0,0,0,0,0,0,0,0,0,0,0,0
"48111","5","518210","78","0","2021","4","N",1,0,0,0,0,0,0,0,"N",0.69,0,0,0,0,0,0,0,"N",1,100.0,0,0,0,0,0,0,0,0,0,0,0,0,0,0
"48113","5","518210","78","0","2021","4","",301,6016,6020,6019,182248436,4781784,138111,2329,"",0.98,1.24,1.22,1.21,0.75,0.74,0.93,0.62,"",45,17.6,-123,-2.0,-33,-0.5,-30,-0.5,-2570493,-1.4,1057916,28.4,21359,18.3,-9,-0.4
"48121","5","518210","78","0","2021","4","",80,1189,1236,1248,36544661,1246780,33921,2296,"",1.16,1.51,1.56,1.56,1.27,1.24,1.68,0.82,"",19,31.1,349,41.5,401,48.0,402,47.5,9181534,33.6,605752,94.5,12670,59.6,-209,-8.3
"48139","5","518210","78","0","2021","4","",5,32,30,32,493141,49645,861,1211,"",0.38,0.20,0.19,0.20,0.10,0.26,0.26,0.49,"N",1,25.0,0,0,0,0,0,0,0,0,0,0,0,0,0,0
"48141","5","518210","78","0","2021","4","",24,1035,1050,1034,14207798,1131929,30734,1051,"",0.40,1.21,1.21,1.19,0.58,1.21,1.79,0.48,"",4,20.0,-229,-18.1,-249,-19.2,-231,-18.3,-40215,-0.3,-210879,-15.7,-4206,-12.0,192,22.4
"48145","5","518210","78","0","2021","4","N",3,0,0,0,0,0,0,0,"N",2.90,0,0,0,0,0,0,0,"N",0,0.0,0,0,0,0,0,0,0,0,0,0,0,0,0,0
"48147","5","518210","78","0","2021","4","N",2,0,0,0,0,0,0,0,"N",0.90,0,0,0,0,0,0,0,"N",1,100.0,0,0,0,0,0,0,0,0,0,0,0,0,0,0
"48157","5","518210","78","0","2021","4","",47,337,335,338,13694196,336347,8872,3129,"",0.76,0.58,0.57,0.57,0.69,0.46,0.62,1.20,"",8,20.5,110,48.5,109,48.2,107,46.3,7603542,124.8,135959,67.8,3705,71.7,1074,52.3
"48159","5","518210","78","0","2021","4","N",1,0,0,0,0,0,0,0,"N",0.98,0,0,0,0,0,0,0,"N",0,0.0,0,0,0,0,0,0,0,0,0,0,0,0,0,0
"48163","5","518210","78","0","2021","4","N",1,0,0,0,0,0,0,0,"N",0.66,0,0,0,0,0,0,0,"N",0,0.0,0,0,0,0,0,0,0,0,0,0,0,0,0,0
"48167","5","518210","78","0","2021","4","N",6,0,0,0,0,0,0,0,"N",0.25,0,0,0,0,0,0,0,"N",0,0.0,0,0,0,0,0,0,0,0,0,0,0,0,0,0
"48181","5","518210","78","0","2021","4","N",2,0,0,0,0,0,0,0,"N",0.17,0,0,0,0,0,0,0,"N",0,0.0,0,0,0,0,0,0,0,0,0,0,0,0,0,0
"48183","5","518210","78","0","2021","4","-",0,0,0,0,0,0,0,0,"N",0.00,0,0,0,0,0,0,0,"N",-1,-100.0,0,0,0,0,0,0,0,0,0,0,0,0,0,0
"48189","5","518210","78","0","2021","4","N",1,0,0,0,0,0,0,0,"N",0.32,0,0,0,0,0,0,0,"N",1,100.0,0,0,0,0,0,0,0,0,0,0,0,0,0,0
"48199","5","518210","78","0","2021","4","N",2,0,0,0,0,0,0,0,"N",0.56,0,0,0,0,0,0,0,"N",1,100.0,0,0,0,0,0,0,0,0,0,0,0,0,0,0
"48201","5","518210","78","0","2021","4","",272,3243,3394,3600,148671264,3914182,67495,3351,"",0.60,0.51,0.53,0.56,0.49,0.53,0.36,0.91,"",55,25.3,823,34.0,1012,42.5,1188,49.3,91707923,161.0,2231511,132.6,26412,64.3,1529,83.9
"48203","5","518210","78","0","2021","4","N",4,0,0,0,0,0,0,0,"N",0.76,0,0,0,0,0,0,0,"N",2,100.0,0,0,0,0,0,0,0,0,0,0,0,0,0,0
"48209","5","518210","78","0","2021","4","",16,51,49,52,1421184,37236,1405,2158,"",0.80,0.23,0.22,0.23,0.21,0.13,0.26,0.95,"",6,60.0,7,15.9,5,11.4,9,20.9,498191,54.0,25097,206.7,976,227.5,532,32.7
"48213","5","518210","78","0","2021","4","N",2,0,0,0,0,0,0,0,"N",0.34,0,0,0,0,0,0,0,"N",-1,-33.3,0,0,0,0,0,0,0,0,0,0,0,0,0,0
"48215","5","518210","78","0","2021","4","",9,119,119,116,1558439,160467,3422,1016,"",0.19,0.16,0.16,0.15,0.08,0.20,0.25,0.54,"N",0,0.0,0,0,0,0,0,0,0,0,0,0,0,0,0,0
"48221","5","518210","78","0","2021","4","N",2,0,0,0,0,0,0,0,"N",0.34,0,0,0,0,0,0,0,"N",1,100.0,0,0,0,0,0,0,0,0,0,0,0,0,0,0
"48223","5","518210","78","0","2021","4","N",2,0,0,0,0,0,0,0,"N",0.59,0,0,0,0,0,0,0,"N",0,0.0,0,0,0,0,0,0,0,0,0,0,0,0,0,0
"48225","5","518210","78","0","2021","4","N",3,0,0,0,0,0,0,0,"N",0.84,0,0,0,0,0,0,0,"N",2,200.0,0,0,0,0,0,0,0,0,0,0,0,0,0,0
"48227","5","518210","78","0","2021","4","",3,7,7,7,402497,19559,528,4423,"",0.89,0.20,0.20,0.20,0.34,0.51,0.60,1.72,"N",2,200.0,0,0,0,0,0,0,0,0,0,0,0,0,0,0
"48231","5","518210","78","0","2021","4","N",3,0,0,0,0,0,0,0,"N",0.48,0,0,0,0,0,0,0,"N",1,50.0,0,0,0,0,0,0,0,0,0,0,0,0,0,0
"48245","5","518210","78","0","2021","4","N",3,0,0,0,0,0,0,0,"N",0.14,0,0,0,0,0,0,0,"N",-1,-25.0,0,0,0,0,0,0,0,0,0,0,0,0,0,0
"48251","5","518210","78","0","2021","4","",5,67,64,66,1147895,108903,2668,1345,"",0.37,0.47,0.44,0.45,0.25,0.62,0.74,0.55,"N",2,66.7,0,0,0,0,0,0,0,0,0,0,0,0,0,0
"48257","5","518210","78","0","2021","4","N",1,0,0,0,0,0,0,0,"N",0.12,0,0,0,0,0,0,0,"N",0,0.0,0,0,0,0,0,0,0,0,0,0,0,0,0,0
"48259","5","518210","78","0","2021","4","",3,13,13,11,166729,37735,1018,1040,"",0.46,0.26,0.26,0.21,0.09,0.61,0.92,0.37,"N",1,50.0,0,0,0,0,0,0,0,0,0,0,0,0,0,0
"48265","5","518210","78","0","2021","4","N",2,0,0,0,0,0,0,0,"N",0.35,0,0,0,0,0,0,0,"N",0,0.0,0,0,0,0,0,0,0,0,0,0,0,0,0,0
"48285","5","518210","78","0","2021","4","N",2,0,0,0,0,0,0,0,"N",1.11,0,0,0,0,0,0,0,"N",1,100.0,0,0,0,0,0,0,0,0,0,0,0,0,0,0
"48289","5","518210","78","0","2021","4","N",1,0,0,0,0,0,0,0,"N",0.63,0,0,0,0,0,0,0,"N",0,0.0,0,0,0,0,0,0,0,0,0,0,0,0,0,0
"48291","5","518210","78","0","2021","4","N",1,0,0,0,0,0,0,0,"N",0.22,0,0,0,0,0,0,0,"N",1,100.0,0,0,0,0,0,0,0,0,0,0,0,0,0,0
"48299","5","518210","78","0","2021","4","N",2,0,0,0,0,0,0,0,"N",0.95,0,0,0,0,0,0,0,"N",2,100.0,0,0,0,0,0,0,0,0,0,0,0,0,0,0
"48303","5","518210","78","0","2021","4","N",9,0,0,0,0,0,0,0,"N",0.30,0,0,0,0,0,0,0,"N",2,28.6,0,0,0,0,0,0,0,0,0,0,0,0,0,0
"48309","5","518210","78","0","2021","4","",10,37,36,39,1908829,44405,799,3933,"",0.48,0.11,0.11,0.12,0.18,0.13,0.13,1.55,"",3,42.9,-5,-11.9,-8,-18.2,-5,-11.4,153916,8.8,31329,239.6,539,207.3,818,26.3
"48315","5","518210","78","0","2021","4","N",1,0,0,0,0,0,0,0,"N",1.68,0,0,0,0,0,0,0,"N",0,0.0,0,0,0,0,0,0,0,0,0,0,0,0,0,0
"48321","5","518210","78","0","2021","4","N",1,0,0,0,0,0,0,0,"N",0.32,0,0,0,0,0,0,0,"N",0,0.0,0,0,0,0,0,0,0,0,0,0,0,0,0,0
"48325","5","518210","78","0","2021","4","N",1,0,0,0,0,0,0,0,"N",0.31,0,0,0,0,0,0,0,"N",0,0.0,0,0,0,0,0,0,0,0,0,0,0,0,0,0
"48329","5","518210","78","0","2021","4","N",3,0,0,0,0,0,0,0,"N",0.13,0,0,0,0,0,0,0,"N",0,0.0,0,0,0,0,0,0,0,0,0,0,0,0,0,0
"48331","5","518210","78","0","2021","4","N",3,0,0,0,0,0,0,0,"N",1.71,0,0,0,0,0,0,0,"N",2,200.0,0,0,0,0,0,0,0,0,0,0,0,0,0,0
"48339","5","518210","78","0","2021","4","",46,351,371,382,8526396,585390,20453,1782,"",0.90,0.63,0.66,0.68,0.39,0.87,1.38,0.59,"",16,53.3,143,68.8,148,66.4,161,72.9,3045106,55.6,465664,388.9,15993,358.6,-158,-8.1
"48341","5","518210","78","0","2021","4","N",1,0,0,0,0,0,0,0,"N",0.50,0,0,0,0,0,0,0,"N",0,0.0,0,0,0,0,0,0,0,0,0,0,0,0,0,0
"48347","5","518210","78","0","2021","4","N",2,0,0,0,0,0,0,0,"N",0.39,0,0,0,0,0,0,0,"N",0,0.0,0,0,0,0,0,0,0,0,0,0,0,0,0,0
"48349","5","518210","78","0","2021","4","-",0,0,0,0,0,0,0,0,"N",0.00,0,0,0,0,0,0,0,"N",-1,-100.0,0,0,0,0,0,0,0,0,0,0,0,0,0,0
"48355","5","518210","78","0","2021","4","N",5,0,0,0,0,0,0,0,"N",0.16,0,0,0,0,0,0,0,"N",0,0.0,0,0,0,0,0,0,0,0,0,0,0,0,0,0
"48361","5","518210","78","0","2021","4","N",1,0,0,0,0,0,0,0,"N",0.19,0,0,0,0,0,0,0,"N",0,0.0,0,0,0,0,0,0,0,0,0,0,0,0,0,0
"48363","5","518210","78","0","2021","4","N",1,0,0,0,0,0,0,0,"N",0.38,0,0,0,0,0,0,0,"N",0,0.0,0,0,0,0,0,0,0,0,0,0,0,0,0,0
"48367","5","518210","78","0","2021","4","N",3,0,0,0,0,0,0,0,"N",0.24,0,0,0,0,0,0,0,"N",0,0.0,0,0,0,0,0,0,0,0,0,0,0,0,0,0
"48373","5","518210","78","0","2021","4","",4,4,6,6,155351,26000,702,2241,"",1.18,0.12,0.18,0.18,0.17,0.79,1.34,1.01,"N",2,100.0,0,0,0,0,0,0,0,0,0,0,0,0,0,0
"48375","5","518210","78","0","2021","4","",6,78,78,86,2044381,85559,2087,1950,"",0.41,0.37,0.37,0.40,0.28,0.41,0.67,0.74,"",-1,-14.3,-40,-33.9,-42,-35.0,-36,-29.5,-995896,-32.8,33075,63.0,1493,251.3,1,0.1
"48381","5","518210","78","0","2021","4","N",1,0,0,0,0,0,0,0,"N",0.10,0,0,0,0,0,0,0,"N",0,0.0,0,0,0,0,0,0,0,0,0,0,0,0,0,0
"48397","5","518210","78","0","2021","4","",10,30,34,35,787003,38465,904,1835,"",0.91,0.31,0.35,0.35,0.24,0.30,0.42,0.73,"",1,11.1,-1,-3.2,3,9.7,4,12.9,64063,8.9,20465,113.7,94,11.6,41,2.3
"48401","5","518210","78","0","2021","4","N",1,0,0,0,0,0,0,0,"N",0.32,0,0,0,0,0,0,0,"N",0,0.0,0,0,0,0,0,0,0,0,0,0,0,0,0,0
"48403","5","518210","78","0","2021","4","N",1,0,0,0,0,0,0,0,"N",1.19,0,0,0,0,0,0,0,"N",0,0.0,0,0,0,0,0,0,0,0,0,0,0,0,0,0
"48407","5","518210","78","0","2021","4","N",1,0,0,0,0,0,0,0,"N",1.02,0,0,0,0,0,0,0,"N",1,100.0,0,0,0,0,0,0,0,0,0,0,0,0,0,0
"48419","5","518210","78","0","2021","4","N",1,0,0,0,0,0,0,0,"N",0.44,0,0,0,0,0,0,0,"N",0,0.0,0,0,0,0,0,0,0,0,0,0,0,0,0,0
"48423","5","518210","78","0","2021","4","",12,26,27,29,790393,62450,927,2224,"",0.50,0.09,0.09,0.10,0.08,0.19,0.17,0.88,"",7,140.0,18,225.0,19,237.5,20,222.2,658469,499.1,47993,332.0,872,1585.5,1006,82.6
"48439","5","518210","78","0","2021","4","",113,1071,1036,998,25075019,1421096,35279,1864,"",0.63,0.42,0.40,0.38,0.24,0.47,0.60,0.60,"",23,25.6,136,14.5,114,12.4,51,5.4,-143386,-0.6,873255,159.4,21929,164.3,-211,-10.2
"48441","5","518210","78","0","2021","4","N",6,0,0,0,0,0,0,0,"N",0.43,0,0,0,0,0,0,0,"N",-1,-14.3,0,0,0,0,0,0,0,0,0,0,0,0,0,0
"48451","5","518210","78","0","2021","4","N",2,0,0,0,0,0,0,0,"N",0.18,0,0,0,0,0,0,0,"N",-1,-33.3,0,0,0,0,0,0,0,0,0,0,0,0,0,0
"48453","5","518210","78","0","2021","4","",399,9463,9533,9661,456824230,11108982,231816,3679,"",2.18,4.13,4.12,4.14,3.70,3.94,3.67,0.90,"",108,37.1,1349,16.6,1221,14.7,1252,14.9,89707093,24.4,5162563,86.8,109926,90.2,268,7.9
"48459","5","518210","78","0","2021","4","N",1,0,0,0,0,0,0,0,"N",0.48,0,0,0,0,0,0,0,"N",0,0.0,0,0,0,0,0,0,0,0,0,0,0,0,0,0
"48465","5","518210","78","0","2021","4","N",1,0,0,0,0,0,0,0,"N",0.29,0,0,0,0,0,0,0,"N",1,100.0,0,0,0,0,0,0,0,0,0,0,0,0,0,0
"48467","5","518210","78","0","2021","4","N",2,0,0,0,0,0,0,0,"N",0.50,0,0,0,0,0,0,0,"N",0,0.0,0,0,0,0,0,0,0,0,0,0,0,0,0,0
"48469","5","518210","78","0","2021","4","N",1,0,0,0,0,0,0,0,"N",0.11,0,0,0,0,0,0,0,"N",-1,-50.0,0,0,0,0,0,0,0,0,0,0,0,0,0,0
"48475","5","518210","78","0","2021","4","N",2,0,0,0,0,0,0,0,"N",1.39,0,0,0,0,0,0,0,"N",1,100.0,0,0,0,0,0,0,0,0,0,0,0,0,0,0
"48477","5","518210","78","0","2021","4","N",1,0,0,0,0,0,0,0,"N",0.27,0,0,0,0,0,0,0,"N",1,100.0,0,0,0,0,0,0,0,0,0,0,0,0,0,0
"48479","5","518210","78","0","2021","4","N",3,0,0,0,0,0,0,0,"N",0.14,0,0,0,0,0,0,0,"N",0,0.0,0,0,0,0,0,0,0,0,0,0,0,0,0,0
"48485","5","518210","78","0","2021","4","N",5,0,0,0,0,0,0,0,"N",0.41,0,0,0,0,0,0,0,"N",1,25.0,0,0,0,0,0,0,0,0,0,0,0,0,0,0
"48491","5","518210","78","0","2021","4","N",73,0,0,0,0,0,0,0,"N",1.38,0,0,0,0,0,0,0,"N",29,65.9,0,0,0,0,0,0,0,0,0,0,0,0,0,0
"48497","5","518210","78","0","2021","4","N",2,0,0,0,0,0,0,0,"N",0.36,0,0,0,0,0,0,0,"N",1,100.0,0,0,0,0,0,0,0,0,0,0,0,0,0,0
"48999","5","518210","78","0","2021","4","",602,6766,6973,7278,356560253,9143857,145916,3915,"",3.32,6.57,6.66,6.92,5.19,4.59,2.35,0.77,"",137,29.5,1708,33.8,1758,33.7,1902,35.4,109566885,44.4,3715177,68.4,47707,48.6,273,7.5
"49000","5","518210","58","0","2021","4","",602,6288,6367,6415,178741044,31671177,187533,2163,"",1.32,1.43,1.44,1.44,1.09,1.64,1.73,0.76,"",114,23.4,300,5.0,349,5.8,271,4.4,21322346,13.5,7266065,29.8,79737,74.0,161,8.0
"49003","5","518210","78","0","2021","4","N",1,0,0,0,0,0,0,0,"N",0.17,0,0,0,0,0,0,0,"N",0,0.0,0,0,0,0,0,0,0,0,0,0,0,0,0,0
"49005","5","518210","78","0","2021","4","N",6,0,0,0,0,0,0,0,"N",0.39,0,0,0,0,0,0,0,"N",-2,-25.0,0,0,0,0,0,0,0,0,0,0,0,0,0,0
"49011","5","518210","78","0","2021","4","",27,276,291,296,15998139,1258168,9159,4278,"",0.75,0.73,0.78,0.79,1.28,0.84,1.28,1.67,"",5,22.7,140,102.9,164,129.1,163,122.6,8764140,121.2,838801,200.0,2329,34.1,62,1.5
"49015","5","518210","78","0","2021","4","N",1,0,0,0,0,0,0,0,"N",1.01,0,0,0,0,0,0,0,"N",0,0.0,0,0,0,0,0,0,0,0,0,0,0,0,0,0
"49021","5","518210","78","0","2021","4","N",1,0,0,0,0,0,0,0,"N",0.14,0,0,0,0,0,0,0,"N",1,100.0,0,0,0,0,0,0,0,0,0,0,0,0,0,0
"49023","5","518210","78","0","2021","4","N",1,0,0,0,0,0,0,0,"N",0.81,0,0,0,0,0,0,0,"N",0,0.0,0,0,0,0,0,0,0,0,0,0,0,0,0,0
"49035","5","518210","78","0","2021","4","",413,3080,3124,3126,97483203,17168022,126289,2411,"",1.95,1.50,1.51,1.50,1.11,1.86,2.35,0.74,"",81,24.4,109,3.7,126,4.2,53,1.7,3248181,3.4,3393723,24.6,58094,85.2,6,0.2
"49043","5","518210","78","0","2021","4","",15,67,67,72,2110866,360047,2839,2365,"",1.20,0.95,0.93,0.87,0.74,0.91,1.04,0.81,"",2,15.4,-5,-6.9,-6,-8.2,-2,-2.7,-79740,-3.6,56610,18.7,1229,76.3,57,2.5
"49045","5","518210","78","0","2021","4","N",1,0,0,0,0,0,0,0,"N",0.20,0,0,0,0,0,0,0,"N",0,0.0,0,0,0,0,0,0,0,0,0,0,0,0,0,0
"49047","5","518210","78","0","2021","4","N",1,0,0,0,0,0,0,0,"N",0.21,0,0,0,0,0,0,0,"N",1,100.0,0,0,0,0,0,0,0,0,0,0,0,0,0,0
"49049","5","518210","78","0","2021","4","",104,2633,2648,2684,57361397,11960925,44693,1662,"",1.38,3.43,3.43,3.47,2.12,3.42,2.50,0.62,"",16,18.2,85,3.3,90,3.5,83,3.2,8694283,17.9,2949084,32.7,16244,57.1,205,14.1
"49051","5","518210","78","0","2021","4","N",2,0,0,0,0,0,0,0,"N",0.38,0,0,0,0,0,0,0,"N",1,100.0,0,0,0,0,0,0,0,0,0,0,0,0,0,0
"49053","5","518210","78","0","2021","4","",14,132,139,139,4098592,504000,2615,2307,"",0.52,0.62,0.65,0.65,0.71,0.52,0.52,1.12,"",6,75.0,20,17.9,25,21.9,22,18.8,1426967,53.4,255902,103.1,1695,184.2,510,28.4
"49057","5","518210","78","0","2021","4","N",15,0,0,0,0,0,0,0,"N",0.59,0,0,0,0,0,0,0,"N",3,25.0,0,0,0,0,0,0,0,0,0,0,0,0,0,0
"50000","5","518210","58","0","2021","4","",132,399,402,404,9316708,640465,6394,1784,"",1.28,0.49,0.50,0.49,0.32,0.63,0.40,0.65,"",31,30.7,5,1.3,0,0.0,1,0.2,1884062,25.3,324478,102.7,1794,39.0,353,24.7
"50001","5","518210","78","0","2021","4","N",4,0,0,0,0,0,0,0,"N",0.72,0,0,0,0,0,0,0,"N",0,0.0,0,0,0,0,0,0,0,0,0,0,0,0,0,0
"50003","5","518210","78","0","2021","4","N",7,0,0,0,0,0,0,0,"N",1.13,0,0,0,0,0,0,0,"N",2,40.0,0,0,0,0,0,0,0,0,0,0,0,0,0,0
"50005","5","518210","78","0","2021","4","N",3,0,0,0,0,0,0,0,"N",0.75,0,0,0,0,0,0,0,"N",1,50.0,0,0,0,0,0,0,0,0,0,0,0,0,0,0
"50007","5","518210","78","0","2021","4","",46,213,218,219,4147207,394707,3664,1472,"",1.55,0.77,0.79,0.79,0.36,1.16,0.76,0.46,"",11,31.4,-40,-15.8,-39,-15.2,-36,-14.1,-152153,-3.5,234250,146.0,731,24.9,175,13.5
"50011","5","518210","78","0","2021","4","",8,15,16,16,346818,9848,94,1703,"",1.63,0.33,0.36,0.35,0.23,0.18,0.11,0.68,"",2,33.3,-2,-11.8,-1,-5.9,-2,-11.1,-23466,-6.3,-15754,-61.5,-397,-80.9,60,3.7
"50013","5","518210","78","0","2021","4","N",1,0,0,0,0,0,0,0,"N",1.06,0,0,0,0,0,0,0,"N",0,0.0,0,0,0,0,0,0,0,0,0,0,0,0,0,0
"50015","5","518210","78","0","2021","4","",6,41,41,42,1031662,28742,529,1920,"",1.25,1.32,1.34,1.31,1.04,0.55,0.59,0.79,"",0,0.0,-3,-6.8,-3,-6.8,-2,-4.5,142248,16.0,23807,482.4,500,1724.1,365,23.5
"50017","5","518210","78","0","2021","4","",6,9,9,9,201567,19439,183,1723,"",1.86,0.43,0.44,0.44,0.32,0.84,0.47,0.73,"",0,0.0,0,0.0,0,0.0,0,0.0,66916,49.7,9474,95.1,144,369.2,572,49.7
"50019","5","518210","78","0","2021","4","",5,5,5,5,103535,17220,165,1593,"",1.42,0.18,0.18,0.17,0.13,0.53,0.24,0.74,"N",3,150.0,0,0,0,0,0,0,0,0,0,0,0,0,0,0
"50021","5","518210","78","0","2021","4","",7,5,5,5,80238,9863,77,1234,"",0.78,0.07,0.07,0.07,0.04,0.11,0.05,0.51,"N",1,16.7,0,0,0,0,0,0,0,0,0,0,0,0,0,0
"50023","5","518210","78","0","2021","4","",10,14,13,13,456897,48816,488,2636,"",0.98,0.16,0.15,0.15,0.14,0.51,0.31,0.94,"",3,42.9,7,100.0,5,62.5,5,62.5,239132,109.8,32716,203.2,327,203.1,451,20.6
"50025","5","518210","78","0","2021","4","",10,33,32,33,900533,35651,415,2121,"",1.26,0.63,0.61,0.60,0.54,0.50,0.35,0.87,"",-1,-9.1,18,120.0,16,100.0,16,94.1,428536,90.8,-3990,-10.1,19,4.8,-148,-6.5
"50027","5","518210","78","0","2021","4","",11,16,16,17,910992,29919,298,4290,"",1.15,0.26,0.26,0.27,0.41,0.38,0.24,1.53,"N",7,175.0,0,0,0,0,0,0,0,0,0,0,0,0,0,0
"50999","5","518210","78","0","2021","4","N",8,0,0,0,0,0,0,0,"N",2.69,0,0,0,0,0,0,0,"N",2,33.3,0,0,0,0,0,0,0,0,0,0,0,0,0,0
"51000","2","518210","58","0","2021","4","N",7,0,0,0,0,0,0,0,"N",12.81,0,0,0,0,0,0,0,"N",0,0.0,0,0,0,0,0,0,0,0,0,0,0,0,0,0
"51000","3","518210","58","0","2021","4","N",5,0,0,0,0,0,0,0,"N",1.85,0,0,0,0,0,0,0,"N",1,25.0,0,0,0,0,0,0,0,0,0,0,0,0,0,0
"51000","5","518210","58","0","2021","4","",1105,15281,15381,15546,756029825,19908974,251229,3776,"",1.01,1.43,1.43,1.44,1.65,2.02,1.67,1.15,"",216,24.3,503,3.4,427,2.9,700,4.7,223657918,42.0,-507063,-2.5,12841,5.4,1020,37.0
"51003","5","518210","78","0","2021","4","",8,43,43,45,1636993,34280,800,2884,"",0.55,0.28,0.28,0.29,0.25,0.32,0.60,0.90,"",4,100.0,-8,-15.7,-8,-15.7,-5,-10.0,243214,17.4,18972,123.9,576,257.1,768,36.3
"51011","2","518210","78","0","2021","4","N",1,0,0,0,0,0,0,0,"N",1166.83,0,0,0,0,0,0,0,"N",0,0.0,0,0,0,0,0,0,0,0,0,0,0,0,0,0
"51013","3","518210","78","0","2021","4","N",2,0,0,0,0,0,0,0,"N",23.30,0,0,0,0,0,0,0,"N",0,0.0,0,0,0,0,0,0,0,0,0,0,0,0,0,0
"51013","5","518210","78","0","2021","4","",59,909,913,923,114323340,764814,14031,9611,"",1.69,1.94,1.94,1.95,3.64,2.29,3.07,1.87,"",12,25.5,-74,-7.5,-55,-5.7,-52,-5.3,82096923,254.8,166617,27.9,8030,133.8,7069,278.1
"51015","5","518210","78","0","2021","4","N",1,0,0,0,0,0,0,0,"N",0.14,0,0,0,0,0,0,0,"N",0,0.0,0,0,0,0,0,0,0,0,0,0,0,0,0,0
"51019","5","518210","78","0","2021","4","N",7,0,0,0,0,0,0,0,"N",0.84,0,0,0,0,0,0,0,"N",1,16.7,0,0,0,0,0,0,0,0,0,0,0,0,0,0
"51023","5","518210","78","0","2021","4","N",2,0,0,0,0,0,0,0,"N",0.60,0,0,0,0,0,0,0,"N",0,0.0,0,0,0,0,0,0,0,0,0,0,0,0,0,0
"51033","5","518210","78","0","2021","4","N",1,0,0,0,0,0,0,0,"N",0.43,0,0,0,0,0,0,0,"N",0,0.0,0,0,0,0,0,0,0,0,0,0,0,0,0,0
"51041","2","518210","78","0","2021","4","N",1,0,0,0,0,0,0,0,"N",55.52,0,0,0,0,0,0,0,"N",0,0.0,0,0,0,0,0,0,0,0,0,0,0,0,0,0
"51041","5","518210","78","0","2021","4","",25,181,180,179,2407397,92956,1790,1029,"",0.69,0.48,0.47,0.46,0.18,0.23,0.33,0.39,"",3,13.6,-9,-4.7,-9,-4.8,-7,-3.8,102541,4.4,-46063,-33.1,-2127,-54.3,88,9.4
"51059","5","518210","78","0","2021","4","",201,7826,7944,8036,427054204,13650490,123577,4140,"",1.44,4.65,4.69,4.72,4.03,9.11,5.84,0.86,"",4,2.0,439,5.9,508,6.8,674,9.2,114359778,36.6,-1324389,-8.8,20290,19.6,887,27.3
"51061","5","518210","78","0","2021","4","N",4,0,0,0,0,0,0,0,"N",0.44,0,0,0,0,0,0,0,"N",0,0.0,0,0,0,0,0,0,0,0,0,0,0,0,0,0
"51067","5","518210","78","0","2021","4","N",2,0,0,0,0,0,0,0,"N",0.36,0,0,0,0,0,0,0,"N",1,100.0,0,0,0,0,0,0,0,0,0,0,0,0,0,0
"51069","5","518210","78","0","2021","4","N",2,0,0,0,0,0,0,0,"N",0.28,0,0,0,0,0,0,0,"N",1,100.0,0,0,0,0,0,0,0,0,0,0,0,0,0,0
"51071","5","518210","78","0","2021","4","N",1,0,0,0,0,0,0,0,"N",0.71,0,0,0,0,0,0,0,"N",0,0.0,0,0,0,0,0,0,0,0,0,0,0,0,0,0
"51075","5","518210","78","0","2021","4","N",3,0,0,0,0,0,0,0,"N",0.93,0,0,0,0,0,0,0,"N",0,0.0,0,0,0,0,0,0,0,0,0,0,0,0,0,0
"51079","5","518210","78","0","2021","4","N",2,0,0,0,0,0,0,0,"N",1.06,0,0,0,0,0,0,0,"N",1,100.0,0,0,0,0,0,0,0,0,0,0,0,0,0,0
"51083","5","518210","78","0","2021","4","N",1,0,0,0,0,0,0,0,"N",0.27,0,0,0,0,0,0,0,"N",-1,-50.0,0,0,0,0,0,0,0,0,0,0,0,0,0,0
"51085","5","518210","78","0","2021","4","",12,74,73,72,1594709,46839,450,1680,"",0.83,0.50,0.49,0.48,0.32,0.30,0.20,0.66,"",2,20.0,5,7.2,6,9.0,0,0.0,334876,26.6,-34962,-42.7,270,150.0,282,20.2
"51087","5","518210","78","0","2021","4","",28,78,84,90,6169400,166949,2222,5650,"",0.63,0.15,0.17,0.18,0.31,0.30,0.18,1.86,"",4,16.7,6,8.3,9,12.0,15,20.0,889386,16.8,85964,106.1,175,8.5,161,2.9
"51089","5","518210","78","0","2021","4","N",1,0,0,0,0,0,0,0,"N",0.16,0,0,0,0,0,0,0,"N",0,0.0,0,0,0,0,0,0,0,0,0,0,0,0,0,0
"51093","2","518210","78","0","2021","4","N",1,0,0,0,0,0,0,0,"N",603.58,0,0,0,0,0,0,0,"N",0,0.0,0,0,0,0,0,0,0,0,0,0,0,0,0,0
"51093","5","518210","78","0","2021","4","N",6,0,0,0,0,0,0,0,"N",1.80,0,0,0,0,0,0,0,"N",5,500.0,0,0,0,0,0,0,0,0,0,0,0,0,0,0
"51095","5","518210","78","0","2021","4","",7,12,12,12,275985,11161,43,1769,"",0.94,0.16,0.15,0.16,0.12,0.14,0.04,0.78,"",2,40.0,4,50.0,4,50.0,4,50.0,101278,58.0,2961,36.1,35,437.5,89,5.3
"51099","5","518210","78","0","2021","4","N",1,0,0,0,0,0,0,0,"N",0.43,0,0,0,0,0,0,0,"N",0,0.0,0,0,0,0,0,0,0,0,0,0,0,0,0,0
"51103","5","518210","78","0","2021","4","N",2,0,0,0,0,0,0,0,"N",1.09,0,0,0,0,0,0,0,"N",1,100.0,0,0,0,0,0,0,0,0,0,0,0,0,0,0
"51105","5","518210","78","0","2021","4","N",1,0,0,0,0,0,0,0,"N",0.52,0,0,0,0,0,0,0,"N",1,100.0,0,0,0,0,0,0,0,0,0,0,0,0,0,0
"51107","3","518210","78","0","2021","4","N",1,0,0,0,0,0,0,0,"N",8.03,0,0,0,0,0,0,0,"N",0,0.0,0,0,0,0,0,0,0,0,0,0,0,0,0,0
"51107","5","518210","78","0","2021","4","",94,1593,1590,1598,70966636,1071027,20136,3425,"",1.86,3.31,3.29,3.28,3.08,2.38,3.41,0.93,"",9,10.6,-117,-6.8,-117,-6.9,-97,-5.7,6033833,9.3,536901,100.5,12679,170.0,494,16.9
"51115","5","518210","78","0","2021","4","N",1,0,0,0,0,0,0,0,"N",1.23,0,0,0,0,0,0,0,"N",0,0.0,0,0,0,0,0,0,0,0,0,0,0,0,0,0
"51117","5","518210","78","0","2021","4","N",2,0,0,0,0,0,0,0,"N",0.51,0,0,0,0,0,0,0,"N",0,0.0,0,0,0,0,0,0,0,0,0,0,0,0,0,0
"51121","5","518210","78","0","2021","4","",7,18,18,18,586691,11650,163,2507,"",0.80,0.16,0.16,0.15,0.16,0.13,0.15,1.00,"N",1,16.7,0,0,0,0,0,0,0,0,0,0,0,0,0,0
"51137","3","518210","78","0","2021","4","N",1,0,0,0,0,0,0,0,"N",113.37,0,0,0,0,0,0,0,"N",1,100.0,0,0,0,0,0,0,0,0,0,0,0,0,0,0
"51141","5","518210","78","0","2021","4","N",1,0,0,0,0,0,0,0,"N",0.53,0,0,0,0,0,0,0,"N",0,0.0,0,0,0,0,0,0,0,0,0,0,0,0,0,0
"51145","5","518210","78","0","2021","4","-",0,0,0,0,0,0,0,0,"N",0.00,0,0,0,0,0,0,0,"N",-1,-100.0,0,0,0,0,0,0,0,0,0,0,0,0,0,0
"51149","5","518210","78","0","2021","4","N",1,0,0,0,0,0,0,0,"N",0.41,0,0,0,0,0,0,0,"N",0,0.0,0,0,0,0,0,0,0,0,0,0,0,0,0,0
"51153","5","518210","78","0","2021","4","",36,324,328,324,8918850,294118,4300,2109,"",0.97,0.89,0.90,0.89,0.69,0.88,1.02,0.77,"",5,16.1,37,12.9,43,15.1,43,15.3,-1903842,-17.6,-39183,-11.8,2261,110.9,-819,-28.0
"51157","5","518210","78","0","2021","4","N",1,0,0,0,0,0,0,0,"N",0.98,0,0,0,0,0,0,0,"N",1,100.0,0,0,0,0,0,0,0,0,0,0,0,0,0,0
"51161","5","518210","78","0","2021","4","N",2,0,0,0,0,0,0,0,"N",0.21,0,0,0,0,0,0,0,"N",0,0.0,0,0,0,0,0,0,0,0,0,0,0,0,0,0
"51165","2","518210","78","0","2021","4","N",1,0,0,0,0,0,0,0,"N",283.14,0,0,0,0,0,0,0,"N",0,0.0,0,0,0,0,0,0,0,0,0,0,0,0,0,0
"51165","5","518210","78","0","2021","4","N",1,0,0,0,0,0,0,0,"N",0.14,0,0,0,0,0,0,0,"N",0,0.0,0,0,0,0,0,0,0,0,0,0,0,0,0,0
"51169","2","518210","78","0","2021","4","N",1,0,0,0,0,0,0,0,"N",1340.32,0,0,0,0,0,0,0,"N",0,0.0,0,0,0,0,0,0,0,0,0,0,0,0,0,0
"51169","5","518210","78","0","2021","4","N",1,0,0,0,0,0,0,0,"N",0.67,0,0,0,0,0,0,0,"N",0,0.0,0,0,0,0,0,0,0,0,0,0,0,0,0,0
"51171","5","518210","78","0","2021","4","N",1,0,0,0,0,0,0,0,"N",0.23,0,0,0,0,0,0,0,"N",0,0.0,0,0,0,0,0,0,0,0,0,0,0,0,0,0
"51177","2","518210","78","0","2021","4","N",1,0,0,0,0,0,0,0,"N",167.49,0,0,0,0,0,0,0,"N",0,0.0,0,0,0,0,0,0,0,0,0,0,0,0,0,0
"51177","5","518210","78","0","2021","4","N",3,0,0,0,0,0,0,0,"N",0.25,0,0,0,0,0,0,0,"N",2,200.0,0,0,0,0,0,0,0,0,0,0,0,0,0,0
"51179","5","518210","78","0","2021","4","",5,30,25,24,1051737,16738,267,3072,"",0.44,0.24,0.20,0.19,0.23,0.16,0.21,1.09,"N",1,25.0,0,0,0,0,0,0,0,0,0,0,0,0,0,0
"51185","5","518210","78","0","2021","4","N",2,0,0,0,0,0,0,0,"N",0.53,0,0,0,0,0,0,0,"N",0,0.0,0,0,0,0,0,0,0,0,0,0,0,0,0,0
"51187","5","518210","78","0","2021","4","N",1,0,0,0,0,0,0,0,"N",0.24,0,0,0,0,0,0,0,"N",0,0.0,0,0,0,0,0,0,0,0,0,0,0,0,0,0
"51191","5","518210","78","0","2021","4","N",1,0,0,0,0,0,0,0,"N",0.18,0,0,0,0,0,0,0,"N",0,0.0,0,0,0,0,0,0,0,0,0,0,0,0,0,0
"51195","5","518210","78","0","2021","4","N",1,0,0,0,0,0,0,0,"N",0.33,0,0,0,0,0,0,0,"N",0,0.0,0,0,0,0,0,0,0,0,0,0,0,0,0,0
"51197","2","518210","78","0","2021","4","N",1,0,0,0,0,0,0,0,"N",610.83,0,0,0,0,0,0,0,"N",0,0.0,0,0,0,0,0,0,0,0,0,0,0,0,0,0
"51199","5","518210","78","0","2021","4","",6,23,24,24,284725,9148,242,925,"",0.99,0.42,0.44,0.44,0.18,0.19,0.39,0.43,"",1,20.0,0,0.0,1,4.3,2,9.1,11545,4.2,6720,276.8,219,952.2,-2,-0.2
"51510","5","518210","78","0","2021","4","",27,169,162,162,7364018,78471,1265,3447,"",1.16,0.73,0.69,0.69,0.56,0.45,0.46,0.80,"",5,22.7,-73,-30.2,-75,-31.6,-54,-25.0,1290708,21.3,-33006,-29.6,-1231,-49.3,1430,70.9
"51540","5","518210","78","0","2021","4","N",4,0,0,0,0,0,0,0,"N",0.43,0,0,0,0,0,0,0,"N",0,0.0,0,0,0,0,0,0,0,0,0,0,0,0,0,0
"51550","5","518210","78","0","2021","4","",11,509,499,519,6939262,384405,13802,1049,"",0.46,1.85,1.79,1.85,0.77,1.35,3.07,0.42,"",2,22.2,-176,-25.7,-321,-39.1,-322,-38.3,-1551149,-18.3,-994666,-72.1,-64811,-82.4,214,25.6
"51590","5","518210","78","0","2021","4","N",1,0,0,0,0,0,0,0,"N",0.15,0,0,0,0,0,0,0,"N",0,0.0,0,0,0,0,0,0,0,0,0,0,0,0,0,0
"51600","5","518210","78","0","2021","4","",6,8,8,6,276486,6374,77,2900,"",0.93,0.15,0.15,0.11,0.13,0.12,0.11,0.93,"",3,100.0,3,60.0,3,60.0,1,20.0,106497,62.6,6374,100.0,77,100.0,285,10.9
"51610","5","518210","78","0","2021","4","N",3,0,0,0,0,0,0,0,"N",0.79,0,0,0,0,0,0,0,"N",1,50.0,0,0,0,0,0,0,0,0,0,0,0,0,0,0
"51630","5","518210","78","0","2021","4","",4,60,64,60,838736,15736,744,1052,"",0.64,0.97,1.02,0.95,0.38,0.28,1.00,0.39,"N",0,0.0,0,0,0,0,0,0,0,0,0,0,0,0,0,0
"51640","5","518210","78","0","2021","4","N",1,0,0,0,0,0,0,0,"N",0.67,0,0,0,0,0,0,0,"N",1,100.0,0,0,0,0,0,0,0,0,0,0,0,0,0,0
"51650","5","518210","78","0","2021","4","",4,25,26,26,294424,22336,1040,882,"",0.36,0.18,0.19,0.19,0.06,0.20,0.54,0.34,"",0,0.0,-1,-3.8,1,4.0,1,4.0,-18878,-6.0,14498,185.0,718,223.0,-69,-7.3
"51660","5","518210","78","0","2021","4","N",2,0,0,0,0,0,0,0,"N",0.31,0,0,0,0,0,0,0,"N",1,100.0,0,0,0,0,0,0,0,0,0,0,0,0,0,0
"51680","5","518210","78","0","2021","4","",3,13,14,14,385637,24654,481,2171,"",0.30,0.10,0.10,0.10,0.09,0.23,0.28,0.89,"",0,0.0,1,8.3,3,27.3,3,27.3,33368,9.5,19806,408.5,360,297.5,-220,-9.2
"51683","5","518210","78","0","2021","4","",5,23,24,24,269993,11297,82,878,"",0.86,0.36,0.37,0.37,0.09,0.21,0.13,0.23,"N",3,150.0,0,0,0,0,0,0,0,0,0,0,0,0,0,0
"51685","5","518210","78","0","2021","4","N",4,0,0,0,0,0,0,0,"N",3.41,0,0,0,0,0,0,0,"N",1,33.3,0,0,0,0,0,0,0,0,0,0,0,0,0,0
"51690","5","518210","78","0","2021","4","N",1,0,0,0,0,0,0,0,"N",0.28,0,0,0,0,0,0,0,"N",0,0.0,0,0,0,0,0,0,0,0,0,0,0,0,0,0
"51700","5","518210","78","0","2021","4","N",3,0,0,0,0,0,0,0,"N",0.19,0,0,0,0,0,0,0,"N",1,50.0,0,0,0,0,0,0,0,0,0,0,0,0,0,0
"51710","5","518210","78","0","2021","4","N",12,0,0,0,0,0,0,0,"N",0.53,0,0,0,0,0,0,0,"N",2,20.0,0,0,0,0,0,0,0,0,0,0,0,0,0,0
"51730","5","518210","78","0","2021","4","N",1,0,0,0,0,0,0,0,"N",0.28,0,0,0,0,0,0,0,"N",0,0.0,0,0,0,0,0,0,0,0,0,0,0,0,0,0
"51740","5","518210","78","0","2021","4","N",2,0,0,0,0,0,0,0,"N",0.29,0,0,0,0,0,0,0,"N",0,0.0,0,0,0,0,0,0,0,0,0,0,0,0,0,0
"51760","3","518210","78","0","2021","4","N",1,0,0,0,0,0,0,0,"N",13.23,0,0,0,0,0,0,0,"N",0,0.0,0,0,0,0,0,0,0,0,0,0,0,0,0,0
"51760","5","518210","78","0","2021","4","",19,111,108,109,2264462,117634,3087,1593,"",0.62,0.27,0.26,0.26,0.12,0.38,0.64,0.46,"",4,26.7,20,22.0,8,8.0,12,12.4,101971,4.7,40142,51.8,591,23.7,-140,-8.1
"51770","5","518210","78","0","2021","4","N",2,0,0,0,0,0,0,0,"N",0.16,0,0,0,0,0,0,0,"N",0,0.0,0,0,0,0,0,0,0,0,0,0,0,0,0,0
"51800","5","518210","78","0","2021","4","N",1,0,0,0,0,0,0,0,"N",0.14,0,0,0,0,0,0,0,"N",0,0.0,0,0,0,0,0,0,0,0,0,0,0,0,0,0
"51810","5","518210","78","0","2021","4","",24,503,507,511,9275927,381108,13423,1407,"",0.50,1.06,1.06,1.07,0.61,0.80,2.00,0.57,"",2,9.1,-5,-1.0,7,1.4,12,2.4,829966,9.8,62068,19.5,6239,86.8,114,8.8
"51830","5","518210","78","0","2021","4","N",1,0,0,0,0,0,0,0,"N",0.50,0,0,0,0,0,0,0,"N",0,0.0,0,0,0,0,0,0,0,0,0,0,0,0,0,0
"51840","5","518210","78","0","2021","4","N",1,0,0,0,0,0,0,0,"N",0.18,0,0,0,0,0,0,0,"N",0,0.0,0,0,0,0,0,0,0,0,0,0,0,0,0,0
"51999","5","518210","78","0","2021","4","",419,1854,1854,1897,76423085,2076517,35215,3146,"",2.64,3.76,3.70,3.77,2.47,2.64,2.03,0.66,"",132,46.0,522,39.2,495,36.4,524,38.2,21737886,39.8,930828,81.2,19331,121.7,41,1.3
"53000","2","518210","58","0","2021","4","N",1,0,0,0,0,0,0,0,"N",1.96,0,0,0,0,0,0,0,"N",0,0.0,0,0,0,0,0,0,0,0,0,0,0,0,0,0
"53000","5","518210","58","0","2021","4","",1013,15627,15675,15879,724643393,107370517,1227833,3544,"",0.99,1.66,1.67,1.68,1.52,1.91,1.79,0.91,"",135,15.4,1130,7.8,1078,7.4,1173,8.0,-13027931,-1.8,29509927,37.9,459425,59.8,-343,-8.8
"53001","5","518210","78","0","2021","4","-",0,0,0,0,0,0,0,0,"N",0.00,0,0,0,0,0,0,0,"N",-1,-100.0,0,0,0,0,0,0,0,0,0,0,0,0,0,0
"53003","5","518210","78","0","2021","4","N",2,0,0,0,0,0,0,0,"N",0.79,0,0,0,0,0,0,0,"N",0,0.0,0,0,0,0,0,0,0,0,0,0,0,0,0,0
"53005","5","518210","78","0","2021","4","",11,33,33,31,842499,259471,7070,2004,"",0.45,0.13,0.13,0.12,0.09,0.18,0.37,0.68,"",2,22.2,-16,-32.7,-15,-31.2,-15,-32.6,-364499,-30.2,-32152,-11.0,2006,39.6,56,2.9
"53007","5","518210","78","0","2021","4","",6,46,46,46,962563,246624,5747,1610,"",0.46,0.39,0.40,0.41,0.27,0.34,0.60,0.68,"",-1,-14.3,-1,-2.1,-1,-2.1,-1,-2.1,10614,1.1,-67454,-21.5,618,12.0,52,3.3
"53009","5","518210","78","0","2021","4","N",1,0,0,0,0,0,0,0,"N",0.10,0,0,0,0,0,0,0,"N",0,0.0,0,0,0,0,0,0,0,0,0,0,0,0,0,0
"53011","5","518210","78","0","2021","4","",94,1097,1114,1123,38087459,8002294,86116,2636,"",1.44,2.35,2.38,2.38,2.00,2.65,2.26,0.84,"",12,14.6,42,4.0,60,5.7,69,6.5,-24817838,-39.5,868664,12.2,20838,31.9,-1954,-42.6
"53015","5","518210","78","0","2021","4","N",5,0,0,0,0,0,0,0,"N",0.40,0,0,0,0,0,0,0,"N",2,66.7,0,0,0,0,0,0,0,0,0,0,0,0,0,0
"53017","5","518210","78","0","2021","4","N",2,0,0,0,0,0,0,0,"N",0.42,0,0,0,0,0,0,0,"N",0,0.0,0,0,0,0,0,0,0,0,0,0,0,0,0,0
"53021","5","518210","78","0","2021","4","N",1,0,0,0,0,0,0,0,"N",0.09,0,0,0,0,0,0,0,"N",-1,-50.0,0,0,0,0,0,0,0,0,0,0,0,0,0,0
"53025","5","518210","78","0","2021","4","",8,239,236,240,10136943,700908,6086,3272,"",0.63,2.11,2.18,2.29,2.91,1.07,0.58,1.33,"",-2,-20.0,14,6.2,6,2.6,8,3.4,295194,3.0,-508557,-42.0,-10629,-63.6,-34,-1.0
"53027","5","518210","78","0","2021","4","N",2,0,0,0,0,0,0,0,"N",0.21,0,0,0,0,0,0,0,"N",0,0.0,0,0,0,0,0,0,0,0,0,0,0,0,0,0
"53029","5","518210","78","0","2021","4","",4,15,16,16,362599,149050,1001,1780,"",0.46,0.32,0.34,0.34,0.25,0.55,0.38,0.75,"N",1,33.3,0,0,0,0,0,0,0,0,0,0,0,0,0,0
"53031","5","518210","78","0","2021","4","N",2,0,0,0,0,0,0,0,"N",0.45,0,0,0,0,0,0,0,"N",0,0.0,0,0,0,0,0,0,0,0,0,0,0,0,0,0
"53033","5","518210","78","0","2021","4","",546,12451,12454,12625,628219075,82994678,968749,3863,"",1.52,3.22,3.20,3.21,2.30,3.45,3.44,0.72,"",39,7.7,828,7.1,770,6.6,852,7.2,2830773,0.5,23888412,40.4,379302,64.3,-251,-6.1
"53035","5","518210","78","0","2021","4","",18,99,104,107,4291000,1228939,4768,3194,"",0.63,0.40,0.42,0.43,0.45,1.07,0.37,1.09,"N",3,20.0,0,0,0,0,0,0,0,0,0,0,0,0,0,0
"53037","5","518210","78","0","2021","4","",5,17,16,16,269426,61290,243,1269,"",0.90,0.40,0.38,0.39,0.22,0.27,0.08,0.55,"N",2,66.7,0,0,0,0,0,0,0,0,0,0,0,0,0,0
"53039","5","518210","78","0","2021","4","N",1,0,0,0,0,0,0,0,"N",0.30,0,0,0,0,0,0,0,"N",-1,-50.0,0,0,0,0,0,0,0,0,0,0,0,0,0,0
"53041","5","518210","78","0","2021","4","N",3,0,0,0,0,0,0,0,"N",0.30,0,0,0,0,0,0,0,"N",1,50.0,0,0,0,0,0,0,0,0,0,0,0,0,0,0
"53045","5","518210","78","0","2021","4","",4,6,6,6,67517,42876,270,866,"",0.72,0.15,0.15,0.15,0.06,0.20,0.12,0.38,"N",2,100.0,0,0,0,0,0,0,0,0,0,0,0,0,0,0
"53049","5","518210","78","0","2021","4","N",1,0,0,0,0,0,0,0,"N",0.31,0,0,0,0,0,0,0,"N",0,0.0,0,0,0,0,0,0,0,0,0,0,0,0,0,0
"53051","5","518210","78","0","2021","4","N",2,0,0,0,0,0,0,0,"N",1.24,0,0,0,0,0,0,0,"N",0,0.0,0,0,0,0,0,0,0,0,0,0,0,0,0,0
"53053","5","518210","78","0","2021","4","",49,147,148,152,3458544,1522913,21178,1786,"",0.51,0.17,0.17,0.17,0.10,0.30,0.35,0.61,"",6,14.0,-4,-2.6,-1,-0.7,0,0.0,-2500623,-42.0,542536,55.3,6245,41.8,-1256,-41.3
"53055","5","518210","78","0","2021","4","N",1,0,0,0,0,0,0,0,"N",0.25,0,0,0,0,0,0,0,"N",-1,-50.0,0,0,0,0,0,0,0,0,0,0,0,0,0,0
"53057","5","518210","78","0","2021","4","",4,45,47,47,1649039,253933,5009,2738,"",0.25,0.32,0.34,0.34,0.34,0.31,0.52,1.01,"",-1,-20.0,3,7.1,5,11.9,4,9.3,586032,55.1,28163,12.5,4005,398.9,806,41.7
"53059","5","518210","78","0","2021","4","N",2,0,0,0,0,0,0,0,"N",1.82,0,0,0,0,0,0,0,"N",1,100.0,0,0,0,0,0,0,0,0,0,0,0,0,0,0
"53061","5","518210","78","0","2021","4","",70,310,316,319,7848640,2478111,26891,1917,"",0.79,0.41,0.41,0.41,0.24,0.55,0.52,0.60,"",12,20.7,40,14.8,46,17.0,48,17.7,1725845,28.2,846185,51.9,11759,77.7,175,10.0
"53063","5","518210","78","0","2021","4","",46,369,363,364,8317033,2814092,33370,1751,"",0.67,0.57,0.56,0.56,0.36,0.77,0.71,0.64,"",7,17.9,91,32.7,85,30.6,86,30.9,2088114,33.5,895118,46.6,15304,84.7,27,1.6
"53065","5","518210","78","0","2021","4","N",1,0,0,0,0,0,0,0,"N",0.21,0,0,0,0,0,0,0,"N",0,0.0,0,0,0,0,0,0,0,0,0,0,0,0,0,0
"53067","2","518210","78","0","2021","4","N",1,0,0,0,0,0,0,0,"N",57.37,0,0,0,0,0,0,0,"N",0,0.0,0,0,0,0,0,0,0,0,0,0,0,0,0,0
"53067","5","518210","78","0","2021","4","",45,314,337,333,7199199,2295141,22265,1688,"",1.28,0.95,1.02,1.00,0.58,1.40,1.09,0.58,"",12,36.4,67,27.1,70,26.2,61,22.4,2777593,62.8,1120757,95.4,11641,109.6,390,30.0
"53071","5","518210","78","0","2021","4","",5,23,24,26,370706,250080,4196,1172,"",0.59,0.28,0.30,0.34,0.15,0.60,0.98,0.50,"",1,25.0,3,15.0,3,14.3,6,30.0,125997,51.5,108581,76.7,3313,375.2,246,26.6
"53073","5","518210","78","0","2021","4","",20,199,193,191,4075311,2000628,10288,1613,"",0.67,0.81,0.79,0.77,0.48,1.37,0.55,0.61,"",6,42.9,38,23.6,18,10.3,1,0.5,1335947,48.8,627770,45.7,4176,68.3,411,34.2
"53075","5","518210","78","0","2021","4","N",5,0,0,0,0,0,0,0,"N",1.01,0,0,0,0,0,0,0,"N",3,150.0,0,0,0,0,0,0,0,0,0,0,0,0,0,0
"53077","5","518210","78","0","2021","4","N",4,0,0,0,0,0,0,0,"N",0.13,0,0,0,0,0,0,0,"N",2,100.0,0,0,0,0,0,0,0,0,0,0,0,0,0,0
"53999","5","518210","78","0","2021","4","N",43,0,0,0,0,0,0,0,"N",1.89,0,0,0,0,0,0,0,"N",29,207.1,0,0,0,0,0,0,0,0,0,0,0,0,0,0
"54000","2","518210","58","0","2021","4","N",1,0,0,0,0,0,0,0,"N",10.16,0,0,0,0,0,0,0,"N",0,0.0,0,0,0,0,0,0,0,0,0,0,0,0,0,0
"54000","5","518210","58","0","2021","4","",167,1186,1182,1170,21615436,1127606,29667,1410,"",0.84,0.65,0.64,0.63,0.37,0.51,0.47,0.58,"",50,42.7,106,9.8,89,8.1,88,8.1,3349763,18.3,177518,18.7,4022,15.7,115,8.9
"54003","5","518210","78","0","2021","4","N",5,0,0,0,0,0,0,0,"N",0.61,0,0,0,0,0,0,0,"N",0,0.0,0,0,0,0,0,0,0,0,0,0,0,0,0,0
"54011","5","518210","78","0","2021","4","",4,20,18,19,260104,20287,588,1053,"",0.40,0.15,0.13,0.14,0.06,0.13,0.15,0.44,"",0,0.0,1,5.3,-2,-10.0,-1,-5.0,-9465,-3.5,-8521,-29.6,-145,-19.8,-1,-0.1
"54019","5","518210","78","0","2021","4","",3,3,3,3,43628,1339,60,1119,"",0.81,0.11,0.12,0.12,0.06,0.05,0.07,0.55,"N",2,200.0,0,0,0,0,0,0,0,0,0,0,0,0,0,0
"54025","5","518210","78","0","2021","4","N",1,0,0,0,0,0,0,0,"N",0.23,0,0,0,0,0,0,0,"N",0,0.0,0,0,0,0,0,0,0,0,0,0,0,0,0,0
"54033","5","518210","78","0","2021","4","N",2,0,0,0,0,0,0,0,"N",0.27,0,0,0,0,0,0,0,"N",1,100.0,0,0,0,0,0,0,0,0,0,0,0,0,0,0
"54035","5","518210","78","0","2021","4","N",1,0,0,0,0,0,0,0,"N",0.44,0,0,0,0,0,0,0,"N",1,100.0,0,0,0,0,0,0,0,0,0,0,0,0,0,0
"54037","5","518210","78","0","2021","4","N",5,0,0,0,0,0,0,0,"N",1.07,0,0,0,0,0,0,0,"N",1,25.0,0,0,0,0,0,0,0,0,0,0,0,0,0,0
"54039","5","518210","78","0","2021","4","",9,233,237,232,3966767,275190,8591,1304,"",0.43,0.92,0.93,0.91,0.46,1.04,1.26,0.50,"",0,0.0,15,6.9,17,7.7,11,5.0,213926,5.7,35193,14.7,1509,21.3,-10,-0.8
"54049","5","518210","78","0","2021","4","N",2,0,0,0,0,0,0,0,"N",0.39,0,0,0,0,0,0,0,"N",1,100.0,0,0,0,0,0,0,0,0,0,0,0,0,0,0
"54057","5","518210","78","0","2021","4","N",2,0,0,0,0,0,0,0,"N",1.01,0,0,0,0,0,0,0,"N",0,0.0,0,0,0,0,0,0,0,0,0,0,0,0,0,0
"54061","2","518210","78","0","2021","4","N",1,0,0,0,0,0,0,0,"N",191.41,0,0,0,0,0,0,0,"N",0,0.0,0,0,0,0,0,0,0,0,0,0,0,0,0,0
"54061","5","518210","78","0","2021","4","N",8,0,0,0,0,0,0,0,"N",0.76,0,0,0,0,0,0,0,"N",1,14.3,0,0,0,0,0,0,0,0,0,0,0,0,0,0
"54069","5","518210","78","0","2021","4","N",1,0,0,0,0,0,0,0,"N",0.19,0,0,0,0,0,0,0,"N",0,0.0,0,0,0,0,0,0,0,0,0,0,0,0,0,0
"54071","5","518210","78","0","2021","4","N",1,0,0,0,0,0,0,0,"N",1.34,0,0,0,0,0,0,0,"N",0,0.0,0,0,0,0,0,0,0,0,0,0,0,0,0,0
"54077","5","518210","78","0","2021","4","N",1,0,0,0,0,0,0,0,"N",0.38,0,0,0,0,0,0,0,"N",1,100.0,0,0,0,0,0,0,0,0,0,0,0,0,0,0
"54081","5","518210","78","0","2021","4","N",1,0,0,0,0,0,0,0,"N",0.12,0,0,0,0,0,0,0,"N",0,0.0,0,0,0,0,0,0,0,0,0,0,0,0,0,0
"54083","5","518210","78","0","2021","4","N",2,0,0,0,0,0,0,0,"N",0.65,0,0,0,0,0,0,0,"N",1,100.0,0,0,0,0,0,0,0,0,0,0,0,0,0,0
"54085","5","518210","78","0","2021","4","N",1,0,0,0,0,0,0,0,"N",1.11,0,0,0,0,0,0,0,"N",0,0.0,0,0,0,0,0,0,0,0,0,0,0,0,0,0
"54091","5","518210","78","0","2021","4","N",2,0,0,0,0,0,0,0,"N",1.88,0,0,0,0,0,0,0,"N",0,0.0,0,0,0,0,0,0,0,0,0,0,0,0,0,0
"54107","5","518210","78","0","2021","4","N",3,0,0,0,0,0,0,0,"N",0.38,0,0,0,0,0,0,0,"N",2,200.0,0,0,0,0,0,0,0,0,0,0,0,0,0,0
"54999","5","518210","78","0","2021","4","",113,173,170,180,5017651,309267,8464,2214,"",3.46,1.91,1.83,1.95,1.26,1.28,0.93,0.67,"",39,52.7,16,10.2,8,4.9,13,7.8,1377397,37.8,103833,50.5,1479,21.2,485,28.1
"55000","3","518210","58","0","2021","4","N",1,0,0,0,0,0,0,0,"N",0.59,0,0,0,0,0,0,0,"N",0,0.0,0,0,0,0,0,0,0,0,0,0,0,0,0,0
"55000","5","518210","58","0","2021","4","",341,8357,8417,8372,196540164,7554057,141140,1804,"",0.50,1.08,1.08,1.07,0.70,0.73,0.87,0.65,"",9,2.7,-7,-0.1,-58,-0.7,-127,-1.5,-3833492,-1.9,369113,5.1,25625,22.2,-21,-1.2
"55005","5","518210","78","0","2021","4","N",1,0,0,0,0,0,0,0,"N",0.18,0,0,0,0,0,0,0,"N",-1,-50.0,0,0,0,0,0,0,0,0,0,0,0,0,0,0
"55009","5","518210","78","0","2021","4","N",10,0,0,0,0,0,0,0,"N",0.38,0,0,0,0,0,0,0,"N",0,0.0,0,0,0,0,0,0,0,0,0,0,0,0,0,0
"55011","5","518210","78","0","2021","4","N",1,0,0,0,0,0,0,0,"N",0.73,0,0,0,0,0,0,0,"N",0,0.0,0,0,0,0,0,0,0,0,0,0,0,0,0,0
"55017","5","518210","78","0","2021","4","N",2,0,0,0,0,0,0,0,"N",0.31,0,0,0,0,0,0,0,"N",1,100.0,0,0,0,0,0,0,0,0,0,0,0,0,0,0
"55019","5","518210","78","0","2021","4","N",1,0,0,0,0,0,0,0,"N",0.29,0,0,0,0,0,0,0,"N",0,0.0,0,0,0,0,0,0,0,0,0,0,0,0,0,0
"55025","5","518210","78","0","2021","4","",46,1396,1403,1405,34539619,1591293,21024,1896,"",0.76,1.50,1.50,1.50,0.89,1.43,1.36,0.59,"",2,4.5,-31,-2.2,-20,-1.4,-11,-0.8,1934284,5.9,717352,82.1,8640,69.8,132,7.5
"55027","5","518210","78","0","2021","4","N",1,0,0,0,0,0,0,0,"N",0.14,0,0,0,0,0,0,0,"N",0,0.0,0,0,0,0,0,0,0,0,0,0,0,0,0,0
"55029","5","518210","78","0","2021","4","N",1,0,0,0,0,0,0,0,"N",0.21,0,0,0,0,0,0,0,"N",1,100.0,0,0,0,0,0,0,0,0,0,0,0,0,0,0
"55031","5","518210","78","0","2021","4","N",2,0,0,0,0,0,0,0,"N",0.47,0,0,0,0,0,0,0,"N",-1,-33.3,0,0,0,0,0,0,0,0,0,0,0,0,0,0
"55033","5","518210","78","0","2021","4","-",0,0,0,0,0,0,0,0,"N",0.00,0,0,0,0,0,0,0,"N",-1,-100.0,0,0,0,0,0,0,0,0,0,0,0,0,0,0
"55035","5","518210","78","0","2021","4","N",1,0,0,0,0,0,0,0,"N",0.09,0,0,0,0,0,0,0,"N",0,0.0,0,0,0,0,0,0,0,0,0,0,0,0,0,0
"55039","5","518210","78","0","2021","4","N",1,0,0,0,0,0,0,0,"N",0.11,0,0,0,0,0,0,0,"N",0,0.0,0,0,0,0,0,0,0,0,0,0,0,0,0,0
"55043","5","518210","78","0","2021","4","N",1,0,0,0,0,0,0,0,"N",0.19,0,0,0,0,0,0,0,"N",0,0.0,0,0,0,0,0,0,0,0,0,0,0,0,0,0
"55045","5","518210","78","0","2021","4","N",1,0,0,0,0,0,0,0,"N",0.25,0,0,0,0,0,0,0,"N",0,0.0,0,0,0,0,0,0,0,0,0,0,0,0,0,0
"55055","5","518210","78","0","2021","4","N",3,0,0,0,0,0,0,0,"N",0.37,0,0,0,0,0,0,0,"N",1,50.0,0,0,0,0,0,0,0,0,0,0,0,0,0,0
"55057","5","518210","78","0","2021","4","N",1,0,0,0,0,0,0,0,"N",0.40,0,0,0,0,0,0,0,"N",0,0.0,0,0,0,0,0,0,0,0,0,0,0,0,0,0
"55059","5","518210","78","0","2021","4","",5,159,160,164,7787400,205446,5558,3721,"",0.36,0.82,0.82,0.83,1.15,0.59,0.99,1.40,"",1,25.0,27,20.5,30,23.1,27,19.7,-1239087,-13.7,108573,112.1,3542,175.7,-1500,-28.7
"55063","5","518210","78","0","2021","4","N",4,0,0,0,0,0,0,0,"N",0.33,0,0,0,0,0,0,0,"N",0,0.0,0,0,0,0,0,0,0,0,0,0,0,0,0,0
"55073","3","518210","78","0","2021","4","N",1,0,0,0,0,0,0,0,"N",30.57,0,0,0,0,0,0,0,"N",0,0.0,0,0,0,0,0,0,0,0,0,0,0,0,0,0
"55073","5","518210","78","0","2021","4","",6,25,24,25,444556,27882,575,1386,"",0.45,0.13,0.13,0.13,0.07,0.12,0.18,0.53,"",0,0.0,3,13.6,1,4.3,6,31.6,114645,34.8,-23371,-45.6,-606,-51.3,196,16.5
"55079","5","518210","78","0","2021","4","",35,3298,3271,3254,72890583,1351693,23170,1712,"",0.34,2.61,2.58,2.55,1.45,0.78,0.87,0.56,"",2,6.1,45,1.4,31,1.0,21,0.6,-1359352,-1.8,-661546,-32.9,-1058,-4.4,-50,-2.8
"55083","5","518210","78","0","2021","4","N",1,0,0,0,0,0,0,0,"N",0.33,0,0,0,0,0,0,0,"N",0,0.0,0,0,0,0,0,0,0,0,0,0,0,0,0,0
"55085","5","518210","78","0","2021","4","N",1,0,0,0,0,0,0,0,"N",0.19,0,0,0,0,0,0,0,"N",0,0.0,0,0,0,0,0,0,0,0,0,0,0,0,0,0
"55087","5","518210","78","0","2021","4","N",4,0,0,0,0,0,0,0,"N",0.19,0,0,0,0,0,0,0,"N",2,100.0,0,0,0,0,0,0,0,0,0,0,0,0,0,0
"55089","5","518210","78","0","2021","4","N",3,0,0,0,0,0,0,0,"N",0.27,0,0,0,0,0,0,0,"N",-1,-25.0,0,0,0,0,0,0,0,0,0,0,0,0,0,0
"55093","5","518210","78","0","2021","4","N",1,0,0,0,0,0,0,0,"N",0.28,0,0,0,0,0,0,0,"N",0,0.0,0,0,0,0,0,0,0,0,0,0,0,0,0,0
"55095","5","518210","78","0","2021","4","N",1,0,0,0,0,0,0,0,"N",0.22,0,0,0,0,0,0,0,"N",1,100.0,0,0,0,0,0,0,0,0,0,0,0,0,0,0
"55097","5","518210","78","0","2021","4","N",1,0,0,0,0,0,0,0,"N",0.15,0,0,0,0,0,0,0,"N",0,0.0,0,0,0,0,0,0,0,0,0,0,0,0,0,0
"55099","5","518210","78","0","2021","4","N",1,0,0,0,0,0,0,0,"N",0.61,0,0,0,0,0,0,0,"N",0,0.0,0,0,0,0,0,0,0,0,0,0,0,0,0,0
"55101","5","518210","78","0","2021","4","N",3,0,0,0,0,0,0,0,"N",0.17,0,0,0,0,0,0,0,"N",0,0.0,0,0,0,0,0,0,0,0,0,0,0,0,0,0
"55105","5","518210","78","0","2021","4","",8,379,381,381,5010445,394055,7020,1013,"",0.60,2.11,2.11,2.12,0.84,1.63,1.89,0.40,"",0,0.0,-20,-5.0,-46,-10.8,-73,-16.1,-114715,-2.2,-70539,-15.2,-1793,-20.3,89,9.6
"55109","5","518210","78","0","2021","4","N",1,0,0,0,0,0,0,0,"N",0.11,0,0,0,0,0,0,0,"N",0,0.0,0,0,0,0,0,0,0,0,0,0,0,0,0,0
"55115","5","518210","78","0","2021","4","N",2,0,0,0,0,0,0,0,"N",0.53,0,0,0,0,0,0,0,"N",0,0.0,0,0,0,0,0,0,0,0,0,0,0,0,0,0
"55117","5","518210","78","0","2021","4","N",4,0,0,0,0,0,0,0,"N",0.38,0,0,0,0,0,0,0,"N",0,0.0,0,0,0,0,0,0,0,0,0,0,0,0,0,0
"55123","5","518210","78","0","2021","4","N",2,0,0,0,0,0,0,0,"N",0.74,0,0,0,0,0,0,0,"N",0,0.0,0,0,0,0,0,0,0,0,0,0,0,0,0,0
"55127","5","518210","78","0","2021","4","N",4,0,0,0,0,0,0,0,"N",0.35,0,0,0,0,0,0,0,"N",0,0.0,0,0,0,0,0,0,0,0,0,0,0,0,0,0
"55131","5","518210","78","0","2021","4","N",4,0,0,0,0,0,0,0,"N",0.30,0,0,0,0,0,0,0,"N",1,33.3,0,0,0,0,0,0,0,0,0,0,0,0,0,0
"55133","5","518210","78","0","2021","4","",31,1261,1257,1235,41887578,574359,9527,2576,"",0.62,1.91,1.90,1.86,1.56,0.62,0.66,0.82,"",-3,-8.8,-29,-2.2,-26,-2.0,-47,-3.7,-6731224,-13.8,97712,20.5,3362,54.5,-334,-11.5
"55135","5","518210","78","0","2021","4","N",2,0,0,0,0,0,0,0,"N",0.41,0,0,0,0,0,0,0,"N",0,0.0,0,0,0,0,0,0,0,0,0,0,0,0,0,0
"55139","5","518210","78","0","2021","4","",7,18,18,20,548257,45194,1326,2259,"",0.48,0.07,0.07,0.08,0.06,0.16,0.27,0.80,"",-1,-12.5,-1,-5.3,-1,-5.3,1,5.3,-60826,-10.0,-3249,-6.7,-77,-5.5,-207,-8.4
"55141","5","518210","78","0","2021","4","N",3,0,0,0,0,0,0,0,"N",0.39,0,0,0,0,0,0,0,"N",0,0.0,0,0,0,0,0,0,0,0,0,0,0,0,0,0
"55999","5","518210","78","0","2021","4","",134,674,699,682,16837863,1759220,55438,1891,"",1.50,3.07,3.11,2.97,1.45,2.96,3.57,0.48,"",6,4.7,76,12.7,79,12.7,62,10.0,3786625,29.0,750196,74.3,23296,72.5,252,15.4
"56000","5","518210","58","0","2021","4","",86,165,160,154,4602990,488089,9464,2218,"",0.83,0.22,0.22,0.21,0.18,0.24,0.21,0.84,"",32,59.3,9,5.8,3,1.9,-8,-4.9,1933861,72.5,-88109,-15.3,6686,240.7,921,71.0
"56001","5","518210","78","0","2021","4","N",6,0,0,0,0,0,0,0,"N",1.12,0,0,0,0,0,0,0,"N",1,20.0,0,0,0,0,0,0,0,0,0,0,0,0,0,0
"56003","5","518210","78","0","2021","4","N",2,0,0,0,0,0,0,0,"N",1.10,0,0,0,0,0,0,0,"N",1,100.0,0,0,0,0,0,0,0,0,0,0,0,0,0,0
"56005","5","518210","78","0","2021","4","N",2,0,0,0,0,0,0,0,"N",0.29,0,0,0,0,0,0,0,"N",1,100.0,0,0,0,0,0,0,0,0,0,0,0,0,0,0
"56009","5","518210","78","0","2021","4","N",1,0,0,0,0,0,0,0,"N",0.45,0,0,0,0,0,0,0,"N",1,100.0,0,0,0,0,0,0,0,0,0,0,0,0,0,0
"56013","5","518210","78","0","2021","4","",4,5,6,6,171394,28521,650,2327,"",0.62,0.12,0.14,0.14,0.15,0.26,0.25,1.09,"N",2,100.0,0,0,0,0,0,0,0,0,0,0,0,0,0,0
"56015","5","518210","78","0","2021","4","N",1,0,0,0,0,0,0,0,"N",0.59,0,0,0,0,0,0,0,"N",0,0.0,0,0,0,0,0,0,0,0,0,0,0,0,0,0
"56019","5","518210","78","0","2021","4","N",1,0,0,0,0,0,0,0,"N",0.52,0,0,0,0,0,0,0,"N",0,0.0,0,0,0,0,0,0,0,0,0,0,0,0,0,0
"56021","5","518210","78","0","2021","4","",32,108,102,93,2907426,296557,5525,2214,"",2.06,0.83,0.78,0.72,0.67,0.82,0.72,0.86,"",11,52.4,-14,-11.5,-22,-17.7,-34,-26.8,953943,48.8,-177692,-37.5,3459,167.4,1005,83.1
"56023","5","518210","78","0","2021","4","",4,3,3,3,194406,5751,133,4985,"",1.04,0.16,0.16,0.16,0.31,0.12,0.13,1.93,"N",3,300.0,0,0,0,0,0,0,0,0,0,0,0,0,0,0
"56025","5","518210","78","0","2021","4","N",4,0,0,0,0,0,0,0,"N",0.30,0,0,0,0,0,0,0,"N",1,33.3,0,0,0,0,0,0,0,0,0,0,0,0,0,0
"56027","5","518210","78","0","2021","4","N",1,0,0,0,0,0,0,0,"N",2.17,0,0,0,0,0,0,0,"N",1,100.0,0,0,0,0,0,0,0,0,0,0,0,0,0,0
"56029","5","518210","78","0","2021","4","N",3,0,0,0,0,0,0,0,"N",0.47,0,0,0,0,0,0,0,"N",1,50.0,0,0,0,0,0,0,0,0,0,0,0,0,0,0
"56033","5","518210","78","0","2021","4","",4,12,12,11,233331,25302,567,1538,"",0.71,0.32,0.32,0.29,0.20,0.26,0.29,0.63,"",-1,-20.0,-2,-14.3,-2,-14.3,-3,-21.4,1874,0.8,-8358,-24.8,408,256.6,266,20.9
"56035","5","518210","78","0","2021","4","N",2,0,0,0,0,0,0,0,"N",0.98,0,0,0,0,0,0,0,"N",0,0.0,0,0,0,0,0,0,0,0,0,0,0,0,0,0
"56037","5","518210","78","0","2021","4","N",2,0,0,0,0,0,0,0,"N",0.34,0,0,0,0,0,0,0,"N",-1,-33.3,0,0,0,0,0,0,0,0,0,0,0,0,0,0
"56039","5","518210","78","0","2021","4","",15,12,12,14,481889,80290,1558,2926,"",1.46,0.21,0.24,0.24,0.15,0.40,0.34,0.65,"N",10,200.0,0,0,0,0,0,0,0,0,0,0,0,0,0,0
"56041","5","518210","78","0","2021","4","N",1,0,0,0,0,0,0,0,"N",0.34,0,0,0,0,0,0,0,"N",1,100.0,0,0,0,0,0,0,0,0,0,0,0,0,0,0
"56043","5","518210","78","0","2021","4","N",1,0,0,0,0,0,0,0,"N",0.64,0,0,0,0,0,0,0,"N",0,0.0,0,0,0,0,0,0,0,0,0,0,0,0,0,0
"72000","5","518210","58","0","2021","4","",43,2439,2478,2676,32737934,2075918,68786,995,"",0.25,0.99,0.99,1.04,0.67,1.30,1.24,0.67,"",-1,-2.3,-275,-10.1,-201,-7.5,-67,-2.4,-3430176,-9.5,845641,68.7,27543,66.8,-31,-3.0
"72003","5","518210","78","0","2021","4","N",1,0,0,0,0,0,0,0,"N",0.50,0,0,0,0,0,0,0,"N",0,0.0,0,0,0,0,0,0,0,0,0,0,0,0,0,0
"72021","5","518210","78","0","2021","4","N",2,0,0,0,0,0,0,0,"N",0.19,0,0,0,0,0,0,0,"N",-1,-33.3,0,0,0,0,0,0,0,0,0,0,0,0,0,0
"72025","5","518210","78","0","2021","4","N",2,0,0,0,0,0,0,0,"N",0.24,0,0,0,0,0,0,0,"N",0,0.0,0,0,0,0,0,0,0,0,0,0,0,0,0,0
"72031","5","518210","78","0","2021","4","N",2,0,0,0,0,0,0,0,"N",0.28,0,0,0,0,0,0,0,"N",1,100.0,0,0,0,0,0,0,0,0,0,0,0,0,0,0
"72033","5","518210","78","0","2021","4","N",1,0,0,0,0,0,0,0,"N",0.88,0,0,0,0,0,0,0,"N",0,0.0,0,0,0,0,0,0,0,0,0,0,0,0,0,0
"72035","5","518210","78","0","2021","4","N",1,0,0,0,0,0,0,0,"N",0.58,0,0,0,0,0,0,0,"N",1,100.0,0,0,0,0,0,0,0,0,0,0,0,0,0,0
"72051","5","518210","78","0","2021","4","N",1,0,0,0,0,0,0,0,"N",0.43,0,0,0,0,0,0,0,"N",0,0.0,0,0,0,0,0,0,0,0,0,0,0,0,0,0
"72061","5","518210","78","0","2021","4","N",7,0,0,0,0,0,0,0,"N",0.76,0,0,0,0,0,0,0,"N",2,40.0,0,0,0,0,0,0,0,0,0,0,0,0,0,0
"72077","5","518210","78","0","2021","4","N",1,0,0,0,0,0,0,0,"N",1.04,0,0,0,0,0,0,0,"N",0,0.0,0,0,0,0,0,0,0,0,0,0,0,0,0,0
"72127","5","518210","78","0","2021","4","",20,1680,1697,1809,26660292,555504,9483,1186,"",0.48,2.53,2.52,2.61,1.70,1.35,0.66,0.66,"",-2,-9.1,-364,-17.8,-347,-17.0,-281,-13.4,-5506027,-17.1,215096,63.2,3491,58.3,-16,-1.3
"72131","5","518210","78","0","2021","4","N",1,0,0,0,0,0,0,0,"N",0.46,0,0,0,0,0,0,0,"N",0,0.0,0,0,0,0,0,0,0,0,0,0,0,0,0,0
"72999","5","518210","78","0","2021","4","N",4,0,0,0,0,0,0,0,"N",5.73,0,0,0,0,0,0,0,"N",0,0.0,0,0,0,0,0,0,0,0,0,0,0,0,0,0
"78000","5","518210","58","0","2021","4","N",7,0,0,0,0,0,0,0,"N",0.57,0,0,0,0,0,0,0,"N",2,40.0,0,0,0,0,0,0,0,0,0,0,0,0,0,0
"78010","5","518210","78","0","2021","4","N",3,0,0,0,0,0,0,0,"N",0.62,0,0,0,0,0,0,0,"N",1,50.0,0,0,0,0,0,0,0,0,0,0,0,0,0,0
"78030","5","518210","78","0","2021","4","N",4,0,0,0,0,0,0,0,"N",0.62,0,0,0,0,0,0,0,"N",1,33.3,0,0,0,0,0,0,0,0,0,0,0,0,0,0
"C1018","5","518210","48","0","2021","4","N",6,0,0,0,0,0,0,0,"N",0.37,0,0,0,0,0,0,0,"N",-1,-14.3,0,0,0,0,0,0,0,0,0,0,0,0,0,0
"C1038","5","518210","48","0","2021","4","N",2,0,0,0,0,0,0,0,"N",0.13,0,0,0,0,0,0,0,"N",0,0.0,0,0,0,0,0,0,0,0,0,0,0,0,0,0
"C1042","5","518210","48","0","2021","4","",68,462,464,458,12172787,391035,12157,2030,"",1.00,0.54,0.54,0.53,0.40,0.49,0.57,0.75,"",14,25.9,-51,-9.9,-55,-10.6,-65,-12.4,777487,6.8,49906,14.6,3847,46.3,339,20.0
"C1050","5","518210","48","0","2021","4","N",4,0,0,0,0,0,0,0,"N",0.30,0,0,0,0,0,0,0,"N",1,33.3,0,0,0,0,0,0,0,0,0,0,0,0,0,0
"C1054","5","518210","48","0","2021","4","N",1,0,0,0,0,0,0,0,"N",0.07,0,0,0,0,0,0,0,"N",0,0.0,0,0,0,0,0,0,0,0,0,0,0,0,0,0
"C1058","5","518210","48","0","2021","4","N",62,0,0,0,0,0,0,0,"N",0.71,0,0,0,0,0,0,0,"N",-1,-1.6,0,0,0,0,0,0,0,0,0,0,0,0,0,0
"C1074","5","518210","48","0","2021","4","",136,453,478,498,13237835,1999525,16890,2138,"",1.41,0.43,0.45,0.47,0.37,0.64,0.76,0.82,"",65,91.5,70,18.3,95,24.8,111,28.7,2791562,26.7,589583,41.8,-2720,-13.9,47,2.2
"C1078","5","518210","48","0","2021","4","N",4,0,0,0,0,0,0,0,"N",0.27,0,0,0,0,0,0,0,"N",-1,-20.0,0,0,0,0,0,0,0,0,0,0,0,0,0,0
"C1090","5","518210","48","0","2021","4","N",61,0,0,0,0,0,0,0,"N",0.85,0,0,0,0,0,0,0,"N",9,17.3,0,0,0,0,0,0,0,0,0,0,0,0,0,0
"C1102","5","518210","48","0","2021","4","N",3,0,0,0,0,0,0,0,"N",0.24,0,0,0,0,0,0,0,"N",1,50.0,0,0,0,0,0,0,0,0,0,0,0,0,0,0
"C1110","5","518210","48","0","2021","4","N",7,0,0,0,0,0,0,0,"N",0.28,0,0,0,0,0,0,0,"N",-1,-12.5,0,0,0,0,0,0,0,0,0,0,0,0,0,0
"C1118","5","518210","48","0","2021","4","",18,167,160,176,2715914,471237,1396,1246,"",1.73,1.32,1.26,1.39,0.60,1.56,0.40,0.45,"N",4,28.6,0,0,0,0,0,0,0,0,0,0,0,0,0,0
"C1126","5","518210","48","0","2021","4","",27,48,50,54,953290,143928,2996,1447,"",0.68,0.10,0.11,0.12,0.05,0.07,0.07,0.47,"N",3,12.5,0,0,0,0,0,0,0,0,0,0,0,0,0,0
"C1146","5","518210","48","0","2021","4","",68,1117,1122,1115,31536057,558977,13063,2170,"",2.00,1.92,1.91,1.91,1.30,1.40,1.40,0.68,"",7,11.5,-79,-6.6,-77,-6.4,-83,-6.9,-1660112,-5.0,114724,25.8,741,6.0,38,1.8
"C1150","5","518210","48","0","2021","4","",3,6,6,6,94555,12848,938,1212,"",0.32,0.05,0.05,0.05,0.03,0.12,0.53,0.56,"",-1,-25.0,4,200.0,4,200.0,2,50.0,45858,94.2,10151,376.4,786,517.1,-193,-13.7
"C1154","5","518210","48","0","2021","4","N",4,0,0,0,0,0,0,0,"N",0.17,0,0,0,0,0,0,0,"N",2,100.0,0,0,0,0,0,0,0,0,0,0,0,0,0,0
"C1170","5","518210","48","0","2021","4","N",46,0,0,0,0,0,0,0,"N",0.75,0,0,0,0,0,0,0,"N",4,9.5,0,0,0,0,0,0,0,0,0,0,0,0,0,0
"C1202","5","518210","48","0","2021","4","N",6,0,0,0,0,0,0,0,"N",0.30,0,0,0,0,0,0,0,"N",3,100.0,0,0,0,0,0,0,0,0,0,0,0,0,0,0
"C1206","5","518210","48","0","2021","4","",699,16063,16088,16230,575823919,15162099,268673,2747,"",1.03,2.18,2.16,2.17,1.79,1.49,1.83,0.83,"",61,9.6,2609,19.4,2599,19.3,2679,19.8,102844559,21.7,4178653,38.0,83429,45.0,52,1.9
"C1210","5","518210","48","0","2021","4","",8,39,38,38,1298994,207280,4460,2607,"",0.31,0.12,0.11,0.11,0.11,0.16,0.16,0.98,"",0,0.0,10,34.5,8,26.7,7,22.6,681548,110.4,132185,176.0,3153,241.2,1024,64.7
"C1222","5","518210","48","0","2021","4","",22,122,122,122,2433842,42032,901,1535,"",1.64,0.74,0.73,0.73,0.51,0.24,0.29,0.69,"",6,37.5,0,0.0,-1,-0.8,6,5.2,353786,17.0,13999,49.9,193,27.3,205,15.4
"C1226","5","518210","48","0","2021","4","",19,60,64,67,1437113,238295,3181,1736,"",0.41,0.10,0.10,0.11,0.07,0.32,0.32,0.68,"N",2,11.8,0,0,0,0,0,0,0,0,0,0,0,0,0,0
"C1242","5","518210","48","0","2021","4","",492,9704,9776,9899,464443847,11678200,247419,3648,"",1.86,3.09,3.09,3.10,2.99,3.04,3.03,0.97,"",145,41.8,1292,15.4,1164,13.5,1230,14.2,90820791,24.3,5175065,79.6,106757,75.9,292,8.7
"C1254","5","518210","48","0","2021","4","N",7,0,0,0,0,0,0,0,"N",0.08,0,0,0,0,0,0,0,"N",2,40.0,0,0,0,0,0,0,0,0,0,0,0,0,0,0
"C1258","5","518210","48","0","2021","4","N",187,0,0,0,0,0,0,0,"N",0.71,0,0,0,0,0,0,0,"N",64,52.0,0,0,0,0,0,0,0,0,0,0,0,0,0,0
"C1262","5","518210","48","0","2021","4","N",6,0,0,0,0,0,0,0,"N",0.34,0,0,0,0,0,0,0,"N",0,0.0,0,0,0,0,0,0,0,0,0,0,0,0,0,0
"C1270","5","518210","48","0","2021","4","",12,128,125,125,2418643,260406,8170,1477,"",0.34,0.50,0.51,0.52,0.26,0.47,0.50,0.51,"N",5,71.4,0,0,0,0,0,0,0,0,0,0,0,0,0,0
"C1294","5","518210","48","0","2021","4","",102,1085,1098,1085,23378434,702093,11386,1651,"",1.04,1.03,1.04,1.02,0.61,0.62,0.58,0.59,"",23,29.1,149,15.9,172,18.6,169,18.4,3846864,19.7,467601,199.4,7546,196.5,29,1.8
"C1298","5","518210","48","0","2021","4","N",1,0,0,0,0,0,0,0,"N",0.11,0,0,0,0,0,0,0,"N",-2,-66.7,0,0,0,0,0,0,0,0,0,0,0,0,0,0
"C1302","5","518210","48","0","2021","4","N",2,0,0,0,0,0,0,0,"N",0.26,0,0,0,0,0,0,0,"N",0,0.0,0,0,0,0,0,0,0,0,0,0,0,0,0,0
"C1314","5","518210","48","0","2021","4","",6,25,24,25,501467,21239,472,1564,"",0.20,0.06,0.06,0.06,0.03,0.04,0.03,0.57,"N",0,0.0,0,0,0,0,0,0,0,0,0,0,0,0,0,0
"C1322","5","518210","48","0","2021","4","N",4,0,0,0,0,0,0,0,"N",0.34,0,0,0,0,0,0,0,"N",2,100.0,0,0,0,0,0,0,0,0,0,0,0,0,0,0
"C1338","5","518210","48","0","2021","4","",20,199,193,191,4075311,2000628,10288,1613,"",0.67,0.81,0.79,0.77,0.48,1.37,0.55,0.61,"",6,42.9,38,23.6,18,10.3,1,0.5,1335947,48.8,627770,45.7,4176,68.3,411,34.2
"C1346","5","518210","48","0","2021","4","",26,49,50,49,1160344,328352,8401,1809,"",0.67,0.21,0.21,0.21,0.14,0.25,0.26,0.65,"",3,13.0,11,28.9,13,35.1,12,32.4,352606,43.7,104787,46.9,4685,126.1,145,8.7
"C1374","5","518210","48","0","2021","4","N",10,0,0,0,0,0,0,0,"N",0.37,0,0,0,0,0,0,0,"N",-1,-9.1,0,0,0,0,0,0,0,0,0,0,0,0,0,0
"C1378","5","518210","48","0","2021","4","N",8,0,0,0,0,0,0,0,"N",0.43,0,0,0,0,0,0,0,"N",0,0.0,0,0,0,0,0,0,0,0,0,0,0,0,0,0
"C1382","5","518210","48","0","2021","4","",126,480,469,484,11797484,319040,6665,1900,"",1.08,0.35,0.34,0.35,0.23,0.23,0.28,0.64,"N",23,22.3,0,0,0,0,0,0,0,0,0,0,0,0,0,0
"C1390","5","518210","48","0","2021","4","N",9,0,0,0,0,0,0,0,"N",0.48,0,0,0,0,0,0,0,"N",3,50.0,0,0,0,0,0,0,0,0,0,0,0,0,0,0
"C1398","5","518210","48","0","2021","4","N",8,0,0,0,0,0,0,0,"N",0.49,0,0,0,0,0,0,0,"N",1,14.3,0,0,0,0,0,0,0,0,0,0,0,0,0,0
"C1401","5","518210","48","0","2021","4","N",6,0,0,0,0,0,0,0,"N",0.45,0,0,0,0,0,0,0,"N",1,20.0,0,0,0,0,0,0,0,0,0,0,0,0,0,0
"C1402","5","518210","48","0","2021","4","N",5,0,0,0,0,0,0,0,"N",0.40,0,0,0,0,0,0,0,"N",2,66.7,0,0,0,0,0,0,0,0,0,0,0,0,0,0
"C1410","5","518210","48","0","2021","4","N",1,0,0,0,0,0,0,0,"N",0.14,0,0,0,0,0,0,0,"N",0,0.0,0,0,0,0,0,0,0,0,0,0,0,0,0,0
"C1426","5","518210","48","0","2021","4","N",91,0,0,0,0,0,0,0,"N",0.88,0,0,0,0,0,0,0,"N",13,16.7,0,0,0,0,0,0,0,0,0,0,0,0,0,0
"C1446","5","518210","48","0","2021","4","N",677,0,0,0,0,0,0,0,"N",1.03,0,0,0,0,0,0,0,"N",133,24.4,0,0,0,0,0,0,0,0,0,0,0,0,0,0
"C1450","5","518210","48","0","2021","4","",202,1429,1432,1461,51821087,2483045,55744,2767,"",3.12,2.75,2.74,2.78,1.83,2.96,3.55,0.67,"",37,22.4,265,22.8,266,22.8,287,24.4,12336239,31.2,968318,63.9,26319,89.4,167,6.4
"C1454","5","518210","48","0","2021","4","N",9,0,0,0,0,0,0,0,"N",0.49,0,0,0,0,0,0,0,"N",1,12.5,0,0,0,0,0,0,0,0,0,0,0,0,0,0
"C1474","5","518210","48","0","2021","4","",18,99,104,107,4291000,1228939,4768,3194,"",0.63,0.40,0.42,0.43,0.45,1.07,0.37,1.09,"N",3,20.0,0,0,0,0,0,0,0,0,0,0,0,0,0,0
"C1486","5","518210","48","0","2021","4","",420,1037,1055,1063,54554453,1719796,51724,3990,"",2.89,0.94,0.95,0.95,0.77,1.07,1.00,0.81,"",106,33.8,504,94.6,518,96.5,510,92.2,22718153,71.4,20394,1.2,-4756,-8.4,-537,-11.9
"C1518","5","518210","48","0","2021","4","",4,8,9,8,120940,17890,457,1116,"",0.16,0.02,0.02,0.02,0.01,0.04,0.06,0.58,"N",1,33.3,0,0,0,0,0,0,0,0,0,0,0,0,0,0
"C1526","5","518210","48","0","2021","4","",4,21,15,19,2090015,17844,313,8769,"",0.33,0.18,0.13,0.16,0.60,0.13,0.16,3.85,"N",2,100.0,0,0,0,0,0,0,0,0,0,0,0,0,0,0
"C1538","5","518210","48","0","2021","4","N",49,0,0,0,0,0,0,0,"N",0.45,0,0,0,0,0,0,0,"N",6,14.0,0,0,0,0,0,0,0,0,0,0,0,0,0,0
"C1550","5","518210","48","0","2021","4","N",5,0,0,0,0,0,0,0,"N",0.35,0,0,0,0,0,0,0,"N",1,25.0,0,0,0,0,0,0,0,0,0,0,0,0,0,0
"C1554","5","518210","48","0","2021","4","N",55,0,0,0,0,0,0,0,"N",1.55,0,0,0,0,0,0,0,"N",13,31.0,0,0,0,0,0,0,0,0,0,0,0,0,0,0
"C1594","5","518210","48","0","2021","4","N",24,0,0,0,0,0,0,0,"N",0.70,0,0,0,0,0,0,0,"N",10,71.4,0,0,0,0,0,0,0,0,0,0,0,0,0,0
"C1598","5","518210","48","0","2021","4","",66,312,305,304,6038662,230129,3563,1513,"",0.69,0.41,0.39,0.38,0.23,0.31,0.54,0.59,"",13,24.5,14,4.7,14,4.8,16,5.6,632355,11.7,76737,50.0,2274,176.4,90,6.3
"C1602","5","518210","48","0","2021","4","N",1,0,0,0,0,0,0,0,"N",0.09,0,0,0,0,0,0,0,"N",0,0.0,0,0,0,0,0,0,0,0,0,0,0,0,0,0
"C1606","5","518210","48","0","2021","4","N",2,0,0,0,0,0,0,0,"N",0.22,0,0,0,0,0,0,0,"N",1,100.0,0,0,0,0,0,0,0,0,0,0,0,0,0,0
"C1618","5","518210","48","0","2021","4","N",4,0,0,0,0,0,0,0,"N",0.53,0,0,0,0,0,0,0,"N",-1,-20.0,0,0,0,0,0,0,0,0,0,0,0,0,0,0
"C1622","5","518210","48","0","2021","4","N",4,0,0,0,0,0,0,0,"N",0.30,0,0,0,0,0,0,0,"N",1,33.3,0,0,0,0,0,0,0,0,0,0,0,0,0,0
"C1630","5","518210","48","0","2021","4","",42,650,657,685,15095759,1891968,23837,1749,"",1.33,1.72,1.72,1.80,1.07,1.74,1.46,0.61,"",9,27.3,75,13.0,79,13.7,111,19.3,963604,6.8,571465,43.3,5545,30.3,-139,-7.4
"C1654","5","518210","48","0","2021","4","N",5,0,0,0,0,0,0,0,"N",0.41,0,0,0,0,0,0,0,"N",1,25.0,0,0,0,0,0,0,0,0,0,0,0,0,0,0
"C1658","5","518210","48","0","2021","4","N",17,0,0,0,0,0,0,0,"N",0.95,0,0,0,0,0,0,0,"N",2,13.3,0,0,0,0,0,0,0,0,0,0,0,0,0,0
"C1662","5","518210","48","0","2021","4","",9,233,237,232,3966767,275190,8591,1304,"",0.40,0.87,0.88,0.86,0.44,0.97,1.17,0.51,"",0,0.0,15,6.9,17,7.7,11,5.0,213926,5.7,35193,14.7,1509,21.3,-10,-0.8
"C1670","5","518210","48","0","2021","4","N",134,0,0,0,0,0,0,0,"N",1.45,0,0,0,0,0,0,0,"N",19,16.5,0,0,0,0,0,0,0,0,0,0,0,0,0,0
"C1674","5","518210","48","0","2021","4","",278,3293,3313,3309,109613013,8872719,77738,2551,"",0.93,0.97,0.96,0.95,0.78,0.92,1.08,0.81,"",41,17.3,525,19.0,496,17.6,490,17.4,36596539,50.1,4279641,93.2,46953,152.5,546,27.2
"C1682","5","518210","48","0","2021","4","",14,63,63,59,2108955,35948,837,2631,"",0.44,0.21,0.21,0.19,0.16,0.15,0.25,0.82,"",5,55.6,1,1.6,1,1.6,5,9.3,502158,31.3,17078,90.5,467,126.2,548,26.3
"C1686","5","518210","48","0","2021","4","",66,504,517,525,19593608,553881,8036,2925,"",1.25,0.74,0.76,0.76,0.79,0.82,1.03,1.05,"N",21,46.7,0,0,0,0,0,0,0,0,0,0,0,0,0,0
"C1694","5","518210","48","0","2021","4","",32,108,102,93,2907426,296557,5525,2214,"",2.06,0.83,0.78,0.72,0.67,0.82,0.72,0.86,"",11,52.4,-14,-11.5,-22,-17.7,-34,-26.8,953943,48.8,-177692,-37.5,3459,167.4,1005,83.1
"C1698","5","518210","48","0","2021","4","",524,10557,10627,10691,437794874,12362862,225191,3170,"",0.56,0.88,0.88,0.88,0.78,0.76,0.61,0.88,"",42,8.7,1351,14.7,1513,16.6,1507,16.4,79055758,22.0,5786163,88.0,73673,48.6,160,5.3
"C1702","5","518210","48","0","2021","4","N",4,0,0,0,0,0,0,0,"N",0.13,0,0,0,0,0,0,0,"N",-1,-20.0,0,0,0,0,0,0,0,0,0,0,0,0,0,0
"C1714","5","518210","48","0","2021","4","",239,1470,1451,1480,42165188,1197511,32507,2211,"",1.10,0.51,0.50,0.51,0.37,0.37,0.43,0.73,"",55,29.9,-21,-1.4,-55,-3.7,-35,-2.3,2940707,7.5,-32974,-2.7,3573,12.3,205,10.2
"C1730","5","518210","48","0","2021","4","",21,21,21,22,594053,18630,448,2142,"",0.96,0.08,0.08,0.09,0.08,0.07,0.11,0.96,"N",4,23.5,0,0,0,0,0,0,0,0,0,0,0,0,0,0
"C1742","5","518210","48","0","2021","4","",6,6,7,7,135779,8587,191,1567,"",0.69,0.05,0.06,0.06,0.04,0.07,0.14,0.67,"N",4,200.0,0,0,0,0,0,0,0,0,0,0,0,0,0,0
"C1746","5","518210","48","0","2021","4","N",234,0,0,0,0,0,0,0,"N",1.10,0,0,0,0,0,0,0,"N",43,22.5,0,0,0,0,0,0,0,0,0,0,0,0,0,0
"C1766","5","518210","48","0","2021","4","N",19,0,0,0,0,0,0,0,"N",0.79,0,0,0,0,0,0,0,"N",6,46.2,0,0,0,0,0,0,0,0,0,0,0,0,0,0
"C1778","5","518210","48","0","2021","4","",14,109,110,117,1786023,125212,2074,1227,"",0.66,0.32,0.32,0.34,0.17,0.41,0.36,0.52,"N",4,40.0,0,0,0,0,0,0,0,0,0,0,0,0,0,0
"C1782","5","518210","48","0","2021","4","N",127,0,0,0,0,0,0,0,"N",1.43,0,0,0,0,0,0,0,"N",16,14.4,0,0,0,0,0,0,0,0,0,0,0,0,0,0
"C1786","5","518210","48","0","2021","4","",8,3,3,3,57501,1647,26,1474,"",0.41,0.01,0.01,0.01,0.01,0.01,0.01,0.59,"",2,33.3,-2,-40.0,-3,-50.0,-3,-50.0,-69471,-54.7,-21353,-92.8,-521,-95.2,-250,-14.5
"C1790","5","518210","48","0","2021","4","",91,471,467,475,8343860,753142,8130,1363,"",1.18,0.46,0.45,0.45,0.25,0.49,0.43,0.54,"",13,16.7,-153,-24.5,-163,-25.9,-151,-24.1,-4224794,-33.6,-43223,-5.4,400,5.2,-180,-11.7
"C1798","5","518210","48","0","2021","4","",13,160,161,163,2560040,181991,1743,1221,"",0.52,0.51,0.51,0.52,0.28,0.55,0.38,0.54,"N",5,62.5,0,0,0,0,0,0,0,0,0,0,0,0,0,0
"C1802","5","518210","48","0","2021","4","N",1,0,0,0,0,0,0,0,"N",0.14,0,0,0,0,0,0,0,"N",1,100.0,0,0,0,0,0,0,0,0,0,0,0,0,0,0
"C1814","5","518210","48","0","2021","4","",280,2735,2752,2757,73867737,1942958,54703,2068,"",1.40,0.95,0.94,0.94,0.66,0.61,0.70,0.70,"",59,26.7,384,16.3,395,16.8,424,18.2,17073039,30.1,562725,40.8,25782,89.1,207,11.1
"C1858","5","518210","48","0","2021","4","N",6,0,0,0,0,0,0,0,"N",0.16,0,0,0,0,0,0,0,"N",0,0.0,0,0,0,0,0,0,0,0,0,0,0,0,0,0
"C1870","5","518210","48","0","2021","4","",10,26,25,25,620615,67715,1639,1884,"",0.90,0.25,0.24,0.24,0.14,0.18,0.19,0.57,"",-1,-9.1,0,0.0,-3,-10.7,-4,-13.8,-25190,-3.9,-24296,-26.4,-518,-24.0,88,4.9
"C1888","5","518210","48","0","2021","4","",29,209,218,225,4816716,277342,1728,1705,"",0.74,0.65,0.67,0.69,0.43,0.97,0.85,0.65,"",3,11.5,49,30.6,59,37.1,65,40.6,914850,23.4,186578,205.6,1364,374.7,-175,-9.3
"C1906","5","518210","48","0","2021","4","N",4,0,0,0,0,0,0,0,"N",0.54,0,0,0,0,0,0,0,"N",1,33.3,0,0,0,0,0,0,0,0,0,0,0,0,0,0
"C1910","5","518210","48","0","2021","4","",703,14537,14602,14655,444757705,13274234,443349,2344,"",0.93,1.41,1.40,1.39,0.96,1.01,1.58,0.68,"",122,21.0,874,6.4,1023,7.5,991,7.3,12789915,3.0,4834508,57.3,166297,60.0,-93,-3.8
"C1918","5","518210","48","0","2021","4","N",1,0,0,0,0,0,0,0,"N",0.20,0,0,0,0,0,0,0,"N",0,0.0,0,0,0,0,0,0,0,0,0,0,0,0,0,0
"C1930","5","518210","48","0","2021","4","",26,89,86,89,1773660,144283,3310,1550,"",0.98,0.42,0.40,0.42,0.29,0.63,0.85,0.71,"",7,36.8,17,23.6,14,19.4,18,25.4,663397,59.8,101181,234.7,2145,184.1,358,30.0
"C1934","5","518210","48","0","2021","4","",16,27,30,31,814078,110778,1356,2135,"",0.44,0.06,0.06,0.06,0.04,0.10,0.07,0.70,"",0,0.0,-2,-6.9,1,3.4,2,6.9,68222,9.1,-8068,-6.8,308,29.4,157,7.9
"C1938","5","518210","48","0","2021","4","",54,285,283,283,6403316,163918,7349,1736,"",0.79,0.29,0.29,0.28,0.18,0.19,0.35,0.63,"N",8,17.4,0,0,0,0,0,0,0,0,0,0,0,0,0,0
"C1946","5","518210","48","0","2021","4","",11,41,41,41,601792,14822,187,1129,"",0.87,0.27,0.27,0.27,0.12,0.09,0.07,0.44,"",3,37.5,16,64.0,16,64.0,15,57.7,185549,44.6,-12601,-46.0,-173,-48.1,-135,-10.7
"C1950","5","518210","48","0","2021","4","N",1,0,0,0,0,0,0,0,"N",0.13,0,0,0,0,0,0,0,"N",0,0.0,0,0,0,0,0,0,0,0,0,0,0,0,0,0
"C1966","5","518210","48","0","2021","4","N",34,0,0,0,0,0,0,0,"N",0.49,0,0,0,0,0,0,0,"N",2,6.2,0,0,0,0,0,0,0,0,0,0,0,0,0,0
"C1974","5","518210","48","0","2021","4","",1059,12828,12945,13017,485946774,17623943,404836,2891,"",2.42,3.07,3.07,3.07,2.34,2.22,2.78,0.76,"",165,18.5,590,4.8,613,5.0,511,4.1,50680527,11.6,2511628,16.6,147074,57.1,182,6.7
"C1978","5","518210","48","0","2021","4","",129,1318,1312,1302,38229785,3972745,42911,2244,"",1.46,1.31,1.30,1.28,0.92,1.27,1.01,0.71,"N",18,16.2,0,0,0,0,0,0,0,0,0,0,0,0,0,0
"C1982","5","518210","48","0","2021","4","N",350,0,0,0,0,0,0,0,"N",0.91,0,0,0,0,0,0,0,"N",2,0.6,0,0,0,0,0,0,0,0,0,0,0,0,0,0
"C2002","5","518210","48","0","2021","4","N",4,0,0,0,0,0,0,0,"N",0.26,0,0,0,0,0,0,0,"N",1,33.3,0,0,0,0,0,0,0,0,0,0,0,0,0,0
"C2010","5","518210","48","0","2021","4","N",17,0,0,0,0,0,0,0,"N",0.97,0,0,0,0,0,0,0,"N",6,54.5,0,0,0,0,0,0,0,0,0,0,0,0,0,0
"C2022","5","518210","48","0","2021","4","N",6,0,0,0,0,0,0,0,"N",0.47,0,0,0,0,0,0,0,"N",-3,-33.3,0,0,0,0,0,0,0,0,0,0,0,0,0,0
"C2026","5","518210","48","0","2021","4","N",9,0,0,0,0,0,0,0,"N",0.34,0,0,0,0,0,0,0,"N",0,0.0,0,0,0,0,0,0,0,0,0,0,0,0,0,0
"C2050","5","518210","48","0","2021","4","",92,805,815,811,42373919,1833947,15682,4022,"",1.48,0.90,0.91,0.90,0.99,0.95,1.24,1.10,"",16,21.1,115,16.7,107,15.1,101,14.2,11042483,35.2,561194,44.1,4297,37.7,592,17.3
"C2070","5","518210","48","0","2021","4","N",1,0,0,0,0,0,0,0,"N",0.08,0,0,0,0,0,0,0,"N",-3,-75.0,0,0,0,0,0,0,0,0,0,0,0,0,0,0
"C2074","5","518210","48","0","2021","4","N",3,0,0,0,0,0,0,0,"N",0.17,0,0,0,0,0,0,0,"N",1,50.0,0,0,0,0,0,0,0,0,0,0,0,0,0,0
"C2106","5","518210","48","0","2021","4","",13,87,85,85,2007695,27348,529,1803,"",0.92,0.61,0.59,0.59,0.47,0.17,0.18,0.79,"N",2,18.2,0,0,0,0,0,0,0,0,0,0,0,0,0,0
"C2114","5","518210","48","0","2021","4","N",2,0,0,0,0,0,0,0,"N",0.11,0,0,0,0,0,0,0,"N",-1,-33.3,0,0,0,0,0,0,0,0,0,0,0,0,0,0
"C2130","5","518210","48","0","2021","4","N",1,0,0,0,0,0,0,0,"N",0.15,0,0,0,0,0,0,0,"N",1,100.0,0,0,0,0,0,0,0,0,0,0,0,0,0,0
"C2134","5","518210","48","0","2021","4","",24,1035,1050,1034,14207798,1131929,30734,1051,"",0.40,1.21,1.21,1.19,0.58,1.21,1.79,0.48,"",4,20.0,-229,-18.1,-249,-19.2,-231,-18.3,-40215,-0.3,-210879,-15.7,-4206,-12.0,192,22.4
"C2150","5","518210","48","0","2021","4","N",5,0,0,0,0,0,0,0,"N",0.20,0,0,0,0,0,0,0,"N",3,150.0,0,0,0,0,0,0,0,0,0,0,0,0,0,0
"C2166","5","518210","48","0","2021","4","",23,72,75,76,1743462,357021,10060,1804,"",0.46,0.17,0.18,0.18,0.12,0.18,0.20,0.70,"",-1,-4.2,-1,-1.4,5,7.1,8,11.8,196044,12.7,93620,35.5,3695,58.1,112,6.6
"C2178","5","518210","48","0","2021","4","N",6,0,0,0,0,0,0,0,"N",0.21,0,0,0,0,0,0,0,"N",1,20.0,0,0,0,0,0,0,0,0,0,0,0,0,0,0
"C2182","5","518210","48","0","2021","4","",7,8,8,10,471570,63833,1518,4186,"",0.82,0.08,0.08,0.10,0.13,0.17,0.19,1.47,"",1,16.7,2,33.3,2,33.3,5,100.0,212172,81.8,41430,184.9,1176,343.9,665,18.9
"C2202","5","518210","48","0","2021","4","N",33,0,0,0,0,0,0,0,"N",0.96,0,0,0,0,0,0,0,"N",15,83.3,0,0,0,0,0,0,0,0,0,0,0,0,0,0
"C2214","5","518210","48","0","2021","4","N",3,0,0,0,0,0,0,0,"N",0.27,0,0,0,0,0,0,0,"N",2,200.0,0,0,0,0,0,0,0,0,0,0,0,0,0,0
"C2218","5","518210","48","0","2021","4","",7,32,34,34,393045,93379,1100,907,"",0.26,0.09,0.10,0.10,0.04,0.11,0.23,0.39,"N",1,16.7,0,0,0,0,0,0,0,0,0,0,0,0,0,0
"C2222","5","518210","48","0","2021","4","",87,501,494,483,11352057,625560,21362,1772,"",1.63,0.72,0.71,0.69,0.44,0.70,2.11,0.63,"N",23,35.9,0,0,0,0,0,0,0,0,0,0,0,0,0,0
"C2238","5","518210","48","0","2021","4","N",6,0,0,0,0,0,0,0,"N",0.44,0,0,0,0,0,0,0,"N",1,20.0,0,0,0,0,0,0,0,0,0,0,0,0,0,0
"C2242","5","518210","48","0","2021","4","N",16,0,0,0,0,0,0,0,"N",0.61,0,0,0,0,0,0,0,"N",-3,-15.8,0,0,0,0,0,0,0,0,0,0,0,0,0,0
"C2250","5","518210","48","0","2021","4","",6,17,17,13,641530,52821,444,3150,"",0.36,0.07,0.07,0.05,0.09,0.16,0.12,1.39,"N",1,20.0,0,0,0,0,0,0,0,0,0,0,0,0,0,0
"C2252","5","518210","48","0","2021","4","N",5,0,0,0,0,0,0,0,"N",0.38,0,0,0,0,0,0,0,"N",2,66.7,0,0,0,0,0,0,0,0,0,0,0,0,0,0
"C2254","5","518210","48","0","2021","4","N",1,0,0,0,0,0,0,0,"N",0.11,0,0,0,0,0,0,0,"N",0,0.0,0,0,0,0,0,0,0,0,0,0,0,0,0,0
"C2266","5","518210","48","0","2021","4","",81,562,561,547,11797270,559071,15326,1630,"",1.59,1.22,1.21,1.18,0.65,0.71,1.16,0.54,"",6,8.0,-205,-26.7,-210,-27.2,-213,-28.0,-3066245,-20.6,-452950,-44.8,-1031,-6.3,137,9.2
"C2290","5","518210","48","0","2021","4","N",10,0,0,0,0,0,0,0,"N",0.42,0,0,0,0,0,0,0,"N",2,25.0,0,0,0,0,0,0,0,0,0,0,0,0,0,0
"C2306","5","518210","48","0","2021","4","N",14,0,0,0,0,0,0,0,"N",0.36,0,0,0,0,0,0,0,"N",1,7.7,0,0,0,0,0,0,0,0,0,0,0,0,0,0
"C2342","5","518210","48","0","2021","4","",11,100,96,96,2206739,30159,1215,1744,"",0.08,0.09,0.09,0.09,0.06,0.03,0.03,0.69,"",-1,-8.3,-58,-36.7,-61,-38.9,-67,-41.1,-510426,-18.8,-7443,-19.8,-351,-22.4,432,32.9
"C2346","5","518210","48","0","2021","4","N",1,0,0,0,0,0,0,0,"N",0.13,0,0,0,0,0,0,0,"N",0,0.0,0,0,0,0,0,0,0,0,0,0,0,0,0,0
"C2354","5","518210","48","0","2021","4","N",17,0,0,0,0,0,0,0,"N",0.56,0,0,0,0,0,0,0,"N",2,13.3,0,0,0,0,0,0,0,0,0,0,0,0,0,0
"C2358","5","518210","48","0","2021","4","N",5,0,0,0,0,0,0,0,"N",0.26,0,0,0,0,0,0,0,"N",0,0.0,0,0,0,0,0,0,0,0,0,0,0,0,0,0
"C2390","5","518210","48","0","2021","4","N",2,0,0,0,0,0,0,0,"N",0.26,0,0,0,0,0,0,0,"N",0,0.0,0,0,0,0,0,0,0,0,0,0,0,0,0,0
"C2402","5","518210","48","0","2021","4","N",3,0,0,0,0,0,0,0,"N",0.22,0,0,0,0,0,0,0,"N",2,200.0,0,0,0,0,0,0,0,0,0,0,0,0,0,0
"C2414","5","518210","48","0","2021","4","N",1,0,0,0,0,0,0,0,"N",0.12,0,0,0,0,0,0,0,"N",0,0.0,0,0,0,0,0,0,0,0,0,0,0,0,0,0
"C2422","5","518210","48","0","2021","4","N",8,0,0,0,0,0,0,0,"N",0.64,0,0,0,0,0,0,0,"N",2,33.3,0,0,0,0,0,0,0,0,0,0,0,0,0,0
"C2426","5","518210","48","0","2021","4","N",1,0,0,0,0,0,0,0,"N",0.09,0,0,0,0,0,0,0,"N",1,100.0,0,0,0,0,0,0,0,0,0,0,0,0,0,0
"C2430","5","518210","48","0","2021","4","",12,66,70,70,1733056,113345,1994,1941,"",0.61,0.38,0.40,0.40,0.31,0.40,0.35,0.80,"",2,20.0,7,11.9,9,14.8,8,12.9,403138,30.3,46066,68.5,1009,102.4,255,15.1
"C2434","5","518210","48","0","2021","4","",82,844,841,841,19537873,714214,20954,1785,"",0.90,0.56,0.55,0.55,0.36,0.43,0.54,0.66,"",-2,-2.4,74,9.6,66,8.5,68,8.8,3534354,22.1,171317,31.6,4581,28.0,192,12.1
"C2442","5","518210","48","0","2021","4","N",6,0,0,0,0,0,0,0,"N",0.59,0,0,0,0,0,0,0,"N",-1,-14.3,0,0,0,0,0,0,0,0,0,0,0,0,0,0
"C2450","5","518210","48","0","2021","4","N",3,0,0,0,0,0,0,0,"N",0.29,0,0,0,0,0,0,0,"N",0,0.0,0,0,0,0,0,0,0,0,0,0,0,0,0,0
"C2454","5","518210","48","0","2021","4","",38,104,110,110,4800327,228289,5181,3419,"",1.22,0.34,0.37,0.37,0.44,0.36,0.51,1.23,"",9,31.0,17,19.5,26,31.0,25,29.4,2129917,79.8,120843,112.5,3166,157.1,1012,42.0
"C2458","5","518210","48","0","2021","4","N",11,0,0,0,0,0,0,0,"N",0.35,0,0,0,0,0,0,0,"N",0,0.0,0,0,0,0,0,0,0,0,0,0,0,0,0,0
"C2466","5","518210","48","0","2021","4","",31,480,478,355,13124797,1115094,7561,2307,"",0.42,0.50,0.49,0.36,0.41,0.42,0.45,0.92,"",3,10.7,3,0.6,2,0.4,-122,-25.6,-4379761,-25.0,695296,165.6,6069,406.8,-518,-18.3
"C2478","5","518210","48","0","2021","4","N",6,0,0,0,0,0,0,0,"N",0.40,0,0,0,0,0,0,0,"N",0,0.0,0,0,0,0,0,0,0,0,0,0,0,0,0,0
"C2486","5","518210","48","0","2021","4","",102,426,424,426,9825820,741758,6211,1777,"",1.15,0.39,0.38,0.38,0.27,0.40,0.28,0.70,"N",27,36.0,0,0,0,0,0,0,0,0,0,0,0,0,0,0
"C2506","5","518210","48","0","2021","4","N",7,0,0,0,0,0,0,0,"N",0.24,0,0,0,0,0,0,0,"N",1,16.7,0,0,0,0,0,0,0,0,0,0,0,0,0,0
"C2518","5","518210","48","0","2021","4","N",12,0,0,0,0,0,0,0,"N",0.59,0,0,0,0,0,0,0,"N",2,20.0,0,0,0,0,0,0,0,0,0,0,0,0,0,0
"C2522","5","518210","48","0","2021","4","N",5,0,0,0,0,0,0,0,"N",0.41,0,0,0,0,0,0,0,"N",1,25.0,0,0,0,0,0,0,0,0,0,0,0,0,0,0
"C2526","5","518210","48","0","2021","4","N",2,0,0,0,0,0,0,0,"N",0.12,0,0,0,0,0,0,0,"N",0,0.0,0,0,0,0,0,0,0,0,0,0,0,0,0,0
"C2542","5","518210","48","0","2021","4","",34,533,528,533,11251788,520063,24275,1629,"",0.62,0.61,0.59,0.59,0.33,0.55,0.74,0.56,"",0,0.0,42,8.6,55,11.6,55,11.5,1633061,17.0,283752,120.1,15054,163.3,90,5.8
"C2550","5","518210","48","0","2021","4","",3,24,25,26,863086,43268,570,2656,"",0.22,0.14,0.14,0.15,0.16,0.24,0.27,1.17,"N",1,50.0,0,0,0,0,0,0,0,0,0,0,0,0,0,0
"C2554","5","518210","48","0","2021","4","",244,1209,1207,1199,34986940,1277843,39719,2233,"",1.67,0.74,0.73,0.72,0.47,0.58,0.55,0.65,"N",48,24.5,0,0,0,0,0,0,0,0,0,0,0,0,0,0
"C2562","5","518210","48","0","2021","4","N",1,0,0,0,0,0,0,0,"N",0.08,0,0,0,0,0,0,0,"N",0,0.0,0,0,0,0,0,0,0,0,0,0,0,0,0,0
"C2586","5","518210","48","0","2021","4","N",16,0,0,0,0,0,0,0,"N",0.52,0,0,0,0,0,0,0,"N",2,14.3,0,0,0,0,0,0,0,0,0,0,0,0,0,0
"C2594","5","518210","48","0","2021","4","N",20,0,0,0,0,0,0,0,"N",0.73,0,0,0,0,0,0,0,"N",3,17.6,0,0,0,0,0,0,0,0,0,0,0,0,0,0
"C2598","5","518210","48","0","2021","4","N",1,0,0,0,0,0,0,0,"N",0.25,0,0,0,0,0,0,0,"N",0,0.0,0,0,0,0,0,0,0,0,0,0,0,0,0,0
"C2614","5","518210","48","0","2021","4","N",4,0,0,0,0,0,0,0,"N",0.32,0,0,0,0,0,0,0,"N",0,0.0,0,0,0,0,0,0,0,0,0,0,0,0,0,0
"C2630","5","518210","48","0","2021","4","N",6,0,0,0,0,0,0,0,"N",0.52,0,0,0,0,0,0,0,"N",2,50.0,0,0,0,0,0,0,0,0,0,0,0,0,0,0
"C2638","5","518210","48","0","2021","4","N",9,0,0,0,0,0,0,0,"N",0.46,0,0,0,0,0,0,0,"N",2,28.6,0,0,0,0,0,0,0,0,0,0,0,0,0,0
"C2642","5","518210","48","0","2021","4","",388,3974,4153,4372,172148049,4964457,98177,3178,"",0.62,0.48,0.50,0.52,0.46,0.51,0.41,0.92,"N",86,28.5,0,0,0,0,0,0,0,0,0,0,0,0,0,0
"C2658","5","518210","48","0","2021","4","",14,55,51,51,1191647,31831,856,1752,"",0.46,0.16,0.15,0.15,0.11,0.08,0.07,0.73,"",4,40.0,11,25.0,5,10.9,4,8.5,307019,34.7,-26762,-45.7,-546,-38.9,262,17.6
"C2662","5","518210","48","0","2021","4","N",60,0,0,0,0,0,0,0,"N",1.28,0,0,0,0,0,0,0,"N",18,42.9,0,0,0,0,0,0,0,0,0,0,0,0,0,0
"C2682","5","518210","48","0","2021","4","N",9,0,0,0,0,0,0,0,"N",0.44,0,0,0,0,0,0,0,"N",3,50.0,0,0,0,0,0,0,0,0,0,0,0,0,0,0
"C2690","5","518210","48","0","2021","4","",140,1672,1713,1737,36301151,1117927,18240,1636,"",0.73,0.59,0.60,0.60,0.34,0.32,0.32,0.57,"",22,18.6,175,11.7,210,14.0,288,19.9,4201123,13.1,251763,29.1,1793,10.9,-29,-1.7
"C2698","5","518210","48","0","2021","4","N",32,0,0,0,0,0,0,0,"N",1.59,0,0,0,0,0,0,0,"N",6,23.1,0,0,0,0,0,0,0,0,0,0,0,0,0,0
"C2706","5","518210","48","0","2021","4","",3,10,10,10,205337,39606,1600,1580,"",0.31,0.08,0.08,0.08,0.04,0.39,0.44,0.54,"N",1,50.0,0,0,0,0,0,0,0,0,0,0,0,0,0,0
"C2710","5","518210","48","0","2021","4","N",1,0,0,0,0,0,0,0,"N",0.09,0,0,0,0,0,0,0,"N",0,0.0,0,0,0,0,0,0,0,0,0,0,0,0,0,0
"C2714","5","518210","48","0","2021","4","N",14,0,0,0,0,0,0,0,"N",0.26,0,0,0,0,0,0,0,"N",-1,-6.7,0,0,0,0,0,0,0,0,0,0,0,0,0,0
"C2718","5","518210","48","0","2021","4","N",7,0,0,0,0,0,0,0,"N",0.60,0,0,0,0,0,0,0,"N",3,75.0,0,0,0,0,0,0,0,0,0,0,0,0,0,0
"C2726","5","518210","48","0","2021","4","N",165,0,0,0,0,0,0,0,"N",0.89,0,0,0,0,0,0,0,"N",17,11.5,0,0,0,0,0,0,0,0,0,0,0,0,0,0
"C2734","5","518210","48","0","2021","4","",4,28,27,27,581006,38521,346,1635,"",0.29,0.20,0.19,0.19,0.16,0.11,0.16,0.83,"N",-1,-20.0,0,0,0,0,0,0,0,0,0,0,0,0,0,0
"C2750","5","518210","48","0","2021","4","",8,379,381,381,5010445,394055,7020,1013,"",0.60,2.11,2.11,2.12,0.84,1.63,1.89,0.40,"",0,0.0,-20,-5.0,-46,-10.8,-73,-16.1,-114715,-2.2,-70539,-15.2,-1793,-20.3,89,9.6
"C2762","5","518210","48","0","2021","4","",9,414,438,438,5820314,465715,5672,1041,"",0.64,2.02,2.12,2.12,0.96,2.35,2.23,0.46,"",-5,-35.7,-48,-10.4,-17,-3.7,-14,-3.1,-72157,-1.2,285550,158.5,3283,137.4,48,4.8
"C2774","5","518210","48","0","2021","4","N",14,0,0,0,0,0,0,0,"N",0.86,0,0,0,0,0,0,0,"N",2,16.7,0,0,0,0,0,0,0,0,0,0,0,0,0,0
"C2786","5","518210","48","0","2021","4","N",4,0,0,0,0,0,0,0,"N",0.32,0,0,0,0,0,0,0,"N",3,300.0,0,0,0,0,0,0,0,0,0,0,0,0,0,0
"C2790","5","518210","48","0","2021","4","N",1,0,0,0,0,0,0,0,"N",0.06,0,0,0,0,0,0,0,"N",0,0.0,0,0,0,0,0,0,0,0,0,0,0,0,0,0
"C2798","5","518210","48","0","2021","4","",58,54,56,69,4946861,665862,19935,6378,"",2.21,0.27,0.28,0.34,0.73,0.55,1.11,2.49,"",25,75.8,27,100.0,27,93.1,35,102.9,164129,3.4,285023,74.8,11878,147.4,-5885,-48.0
"C2802","5","518210","48","0","2021","4","N",13,0,0,0,0,0,0,0,"N",0.49,0,0,0,0,0,0,0,"N",-1,-7.1,0,0,0,0,0,0,0,0,0,0,0,0,0,0
"C2810","5","518210","48","0","2021","4","N",1,0,0,0,0,0,0,0,"N",0.12,0,0,0,0,0,0,0,"N",1,100.0,0,0,0,0,0,0,0,0,0,0,0,0,0,0
"C2814","5","518210","48","0","2021","4","",336,3888,3846,3777,109424732,5296034,124100,2194,"",1.33,1.37,1.34,1.32,0.97,0.82,1.54,0.72,"",125,59.2,468,13.7,392,11.3,318,9.2,29482662,36.9,2377743,81.5,67646,119.8,409,22.9
"C2842","5","518210","48","0","2021","4","N",12,0,0,0,0,0,0,0,"N",0.34,0,0,0,0,0,0,0,"N",1,9.1,0,0,0,0,0,0,0,0,0,0,0,0,0,0
"C2866","5","518210","48","0","2021","4","",16,81,76,77,1909326,134848,5621,1883,"",0.56,0.21,0.19,0.19,0.14,0.36,0.86,0.74,"N",2,14.3,0,0,0,0,0,0,0,0,0,0,0,0,0,0
"C2870","5","518210","48","0","2021","4","",10,103,104,105,1776631,39943,65,1314,"",0.39,0.34,0.34,0.34,0.18,0.14,0.02,0.53,"N",2,25.0,0,0,0,0,0,0,0,0,0,0,0,0,0,0
"C2874","5","518210","48","0","2021","4","",8,91,89,89,751014,30093,930,644,"",0.40,0.58,0.57,0.57,0.14,0.17,0.14,0.25,"",1,14.3,-3,-3.2,-7,-7.3,-10,-10.1,-99828,-11.7,-9456,-23.9,515,124.1,-35,-5.2
"C2894","5","518210","48","0","2021","4","",97,579,586,588,20942952,449863,7304,2757,"",1.15,0.54,0.54,0.54,0.52,0.46,0.70,0.97,"",17,21.2,-5,-0.9,2,0.3,6,1.0,1322739,6.7,102835,29.6,2313,46.3,170,6.6
"C2910","5","518210","48","0","2021","4","N",6,0,0,0,0,0,0,0,"N",0.44,0,0,0,0,0,0,0,"N",0,0.0,0,0,0,0,0,0,0,0,0,0,0,0,0,0
"C2918","5","518210","48","0","2021","4","N",43,0,0,0,0,0,0,0,"N",0.72,0,0,0,0,0,0,0,"N",20,87.0,0,0,0,0,0,0,0,0,0,0,0,0,0,0
"C2920","5","518210","48","0","2021","4","",3,4,4,4,95028,7809,39,1827,"",0.18,0.02,0.02,0.02,0.01,0.03,0.01,0.73,"N",0,0.0,0,0,0,0,0,0,0,0,0,0,0,0,0,0
"C2934","5","518210","48","0","2021","4","N",13,0,0,0,0,0,0,0,"N",0.61,0,0,0,0,0,0,0,"N",4,44.4,0,0,0,0,0,0,0,0,0,0,0,0,0,0
"C2942","5","518210","48","0","2021","4","N",4,0,0,0,0,0,0,0,"N",0.25,0,0,0,0,0,0,0,"N",-1,-20.0,0,0,0,0,0,0,0,0,0,0,0,0,0,0
"C2946","5","518210","48","0","2021","4","",27,101,103,103,2093967,76264,335,1574,"",0.44,0.15,0.15,0.15,0.10,0.12,0.07,0.68,"",9,50.0,32,46.4,33,47.1,31,43.1,430602,25.9,-22210,-22.6,-1340,-80.0,-245,-13.5
"C2954","5","518210","48","0","2021","4","",10,90,89,90,2283124,39986,994,1959,"",0.20,0.14,0.13,0.13,0.10,0.06,0.04,0.73,"",4,66.7,13,16.9,11,14.1,11,13.9,551407,31.8,-36670,-47.8,-827,-45.4,251,14.7
"C2962","5","518210","48","0","2021","4","",35,690,683,680,15481912,253923,7631,1740,"",0.96,1.22,1.21,1.20,0.75,0.50,0.54,0.62,"N",-1,-2.8,0,0,0,0,0,0,0,0,0,0,0,0,0,0
"C2970","5","518210","48","0","2021","4","N",3,0,0,0,0,0,0,0,"N",0.14,0,0,0,0,0,0,0,"N",0,0.0,0,0,0,0,0,0,0,0,0,0,0,0,0,0
"C2974","5","518210","48","0","2021","4","",18,93,93,92,991763,338539,1719,823,"",0.91,0.46,0.46,0.46,0.18,0.57,0.34,0.40,"N",7,63.6,0,0,0,0,0,0,0,0,0,0,0,0,0,0
"C2982","5","518210","48","0","2021","4","",251,1749,1745,1758,62108463,8763559,188168,2729,"",1.18,0.63,0.62,0.62,0.62,0.65,0.72,0.99,"",36,16.7,456,35.3,427,32.4,432,32.6,16632407,36.6,4221095,92.9,90266,92.2,63,2.4
"C2994","5","518210","48","0","2021","4","",18,68,67,69,1687913,85786,1831,1909,"",1.53,0.52,0.51,0.53,0.43,0.19,0.45,0.83,"N",10,125.0,0,0,0,0,0,0,0,0,0,0,0,0,0,0
"C3002","5","518210","48","0","2021","4","",5,488,432,427,5862359,406005,3595,1004,"",0.54,4.25,3.78,3.72,1.83,1.62,1.12,0.47,"",-1,-16.7,32,7.0,-20,-4.4,-23,-5.1,13976,0.2,144110,55.0,2977,481.7,10,1.0
"C3014","5","518210","48","0","2021","4","",4,9,9,8,130180,113,1,1155,"",0.39,0.07,0.06,0.06,0.03,0.00,0.00,0.46,"N",1,33.3,0,0,0,0,0,0,0,0,0,0,0,0,0,0
"C3030","5","518210","48","0","2021","4","",4,22,24,23,803421,224548,1176,2687,"",0.55,0.29,0.32,0.30,0.36,0.63,0.46,1.19,"",0,0.0,3,15.8,5,26.3,4,21.1,-384397,-32.4,152496,211.6,611,108.1,-2122,-44.1
"C3034","5","518210","48","0","2021","4","N",6,0,0,0,0,0,0,0,"N",0.50,0,0,0,0,0,0,0,"N",1,20.0,0,0,0,0,0,0,0,0,0,0,0,0,0,0
"C3046","5","518210","48","0","2021","4","N",79,0,0,0,0,0,0,0,"N",1.20,0,0,0,0,0,0,0,"N",24,43.6,0,0,0,0,0,0,0,0,0,0,0,0,0,0
"C3062","5","518210","48","0","2021","4","",5,18,18,20,703718,30227,991,2900,"",0.55,0.13,0.13,0.15,0.16,0.24,0.35,1.16,"N",1,25.0,0,0,0,0,0,0,0,0,0,0,0,0,0,0
"C3070","5","518210","48","0","2021","4","",39,239,240,242,5702230,195435,2143,1825,"",0.96,0.50,0.50,0.50,0.35,0.42,0.52,0.71,"",3,8.3,12,5.3,13,5.7,17,7.6,1475769,34.9,22605,13.1,533,33.1,389,27.1
"C3078","5","518210","48","0","2021","4","",77,1766,1784,1797,45058089,730114,9662,1945,"",0.99,1.93,1.93,1.93,1.45,0.67,0.57,0.75,"N",10,14.9,0,0,0,0,0,0,0,0,0,0,0,0,0,0
"C3086","5","518210","48","0","2021","4","N",8,0,0,0,0,0,0,0,"N",0.47,0,0,0,0,0,0,0,"N",0,0.0,0,0,0,0,0,0,0,0,0,0,0,0,0,0
"C3098","5","518210","48","0","2021","4","N",2,0,0,0,0,0,0,0,"N",0.10,0,0,0,0,0,0,0,"N",-1,-33.3,0,0,0,0,0,0,0,0,0,0,0,0,0,0
"C3102","5","518210","48","0","2021","4","N",5,0,0,0,0,0,0,0,"N",0.40,0,0,0,0,0,0,0,"N",2,66.7,0,0,0,0,0,0,0,0,0,0,0,0,0,0
"C3108","5","518210","48","0","2021","4","",798,12736,12837,12997,576846726,9897632,377749,3451,"",0.33,0.77,0.77,0.78,0.70,0.63,0.62,0.90,"",63,8.6,608,5.0,692,5.7,829,6.8,-30730891,-5.1,3968969,66.9,132481,54.0,-397,-10.3
"C3114","5","518210","48","0","2021","4","",143,1524,1524,1531,38942487,1748711,40399,1963,"",0.97,0.87,0.86,0.86,0.59,0.75,0.96,0.69,"",45,45.9,201,15.2,165,12.1,157,11.4,4210392,12.1,846895,93.9,20272,100.7,-13,-0.7
"C3118","5","518210","48","0","2021","4","N",9,0,0,0,0,0,0,0,"N",0.29,0,0,0,0,0,0,0,"N",2,28.6,0,0,0,0,0,0,0,0,0,0,0,0,0,0
"C3134","5","518210","48","0","2021","4","N",10,0,0,0,0,0,0,0,"N",0.35,0,0,0,0,0,0,0,"N",0,0.0,0,0,0,0,0,0,0,0,0,0,0,0,0,0
"C3142","5","518210","48","0","2021","4","N",7,0,0,0,0,0,0,0,"N",0.32,0,0,0,0,0,0,0,"N",0,0.0,0,0,0,0,0,0,0,0,0,0,0,0,0,0
"C3146","5","518210","48","0","2021","4","N",1,0,0,0,0,0,0,0,"N",0.06,0,0,0,0,0,0,0,"N",0,0.0,0,0,0,0,0,0,0,0,0,0,0,0,0,0
"C3154","5","518210","48","0","2021","4","N",47,0,0,0,0,0,0,0,"N",0.64,0,0,0,0,0,0,0,"N",2,4.4,0,0,0,0,0,0,0,0,0,0,0,0,0,0
"C3170","5","518210","48","0","2021","4","",34,351,354,353,12169643,328442,4063,2654,"",0.74,0.64,0.64,0.64,0.45,0.46,0.31,0.70,"",4,13.3,44,14.3,46,14.9,46,15.0,796623,7.0,56439,20.7,-1500,-27.0,-193,-6.8
"C3174","5","518210","48","0","2021","4","N",8,0,0,0,0,0,0,0,"N",0.89,0,0,0,0,0,0,0,"N",6,300.0,0,0,0,0,0,0,0,0,0,0,0,0,0,0
"C3190","5","518210","48","0","2021","4","N",2,0,0,0,0,0,0,0,"N",0.20,0,0,0,0,0,0,0,"N",-1,-33.3,0,0,0,0,0,0,0,0,0,0,0,0,0,0
"C3258","5","518210","48","0","2021","4","",9,119,119,116,1558439,160467,3422,1016,"",0.19,0.16,0.16,0.15,0.08,0.20,0.25,0.54,"N",0,0.0,0,0,0,0,0,0,0,0,0,0,0,0,0,0
"C3278","5","518210","48","0","2021","4","",15,49,51,52,2013223,500014,8008,3057,"",0.50,0.20,0.21,0.21,0.25,0.38,0.25,1.23,"N",2,15.4,0,0,0,0,0,0,0,0,0,0,0,0,0,0
"C3282","5","518210","48","0","2021","4","",99,316,319,333,7303281,399294,5656,1741,"",0.91,0.19,0.19,0.19,0.11,0.21,0.29,0.58,"",20,25.3,44,16.2,43,15.6,61,22.4,1075471,17.3,244830,158.5,2873,103.2,-12,-0.7
"C3290","5","518210","48","0","2021","4","N",1,0,0,0,0,0,0,0,"N",0.04,0,0,0,0,0,0,0,"N",0,0.0,0,0,0,0,0,0,0,0,0,0,0,0,0,0
"C3310","5","518210","48","0","2021","4","",731,6555,6582,6624,251203676,4171455,42082,2934,"",0.77,0.92,0.92,0.91,0.81,0.59,0.63,0.88,"",113,18.3,814,14.2,813,14.1,850,14.7,80957263,47.6,602524,16.9,5316,14.5,661,29.1
"C3314","5","518210","48","0","2021","4","N",3,0,0,0,0,0,0,0,"N",0.36,0,0,0,0,0,0,0,"N",1,50.0,0,0,0,0,0,0,0,0,0,0,0,0,0,0
"C3322","5","518210","48","0","2021","4","",6,12,10,12,239682,19870,139,1627,"",0.48,0.12,0.10,0.12,0.06,0.19,0.05,0.52,"",0,0.0,1,9.1,-1,-9.1,-1,-7.7,19536,8.9,9100,84.5,30,27.5,175,12.1
"C3326","5","518210","48","0","2021","4","N",3,0,0,0,0,0,0,0,"N",0.13,0,0,0,0,0,0,0,"N",0,0.0,0,0,0,0,0,0,0,0,0,0,0,0,0,0
"C3334","5","518210","48","0","2021","4","N",73,0,0,0,0,0,0,0,"N",0.41,0,0,0,0,0,0,0,"N",-1,-1.4,0,0,0,0,0,0,0,0,0,0,0,0,0,0
"C3346","5","518210","48","0","2021","4","",279,4775,4804,4819,168937973,13677688,104264,2708,"",0.75,0.93,0.93,0.93,0.74,0.82,0.60,0.80,"",27,10.7,462,10.7,460,10.6,422,9.6,-940398,-0.6,5619675,69.7,38413,58.3,-295,-9.8
"C3354","5","518210","48","0","2021","4","",12,45,43,43,782267,183244,1494,1378,"",0.58,0.26,0.25,0.25,0.14,0.21,0.15,0.55,"",-1,-7.7,1,2.3,-1,-2.3,-1,-2.3,-18886,-2.4,-800,-0.4,-250,-14.3,-23,-1.6
"C3366","5","518210","48","0","2021","4","",32,109,94,95,1898928,349380,8550,1471,"",0.80,0.23,0.20,0.20,0.11,0.69,0.78,0.53,"",8,33.3,27,32.9,9,10.6,9,10.5,708144,59.5,259030,286.7,6865,407.4,385,35.5
"C3370","5","518210","48","0","2021","4","N",3,0,0,0,0,0,0,0,"N",0.05,0,0,0,0,0,0,0,"N",-2,-40.0,0,0,0,0,0,0,0,0,0,0,0,0,0,0
"C3374","5","518210","48","0","2021","4","N",15,0,0,0,0,0,0,0,"N",0.75,0,0,0,0,0,0,0,"N",4,36.4,0,0,0,0,0,0,0,0,0,0,0,0,0,0
"C3378","5","518210","48","0","2021","4","N",4,0,0,0,0,0,0,0,"N",0.46,0,0,0,0,0,0,0,"N",1,33.3,0,0,0,0,0,0,0,0,0,0,0,0,0,0
"C3386","5","518210","48","0","2021","4","",32,304,311,321,5448219,110969,1915,1343,"",0.94,0.69,0.70,0.71,0.37,0.28,0.26,0.53,"",12,60.0,-30,-9.0,-18,-5.5,-8,-2.4,826168,17.9,31842,40.2,751,64.5,268,24.9
"C3406","5","518210","48","0","2021","4","N",9,0,0,0,0,0,0,0,"N",0.69,0,0,0,0,0,0,0,"N",2,28.6,0,0,0,0,0,0,0,0,0,0,0,0,0,0
"C3410","5","518210","48","0","2021","4","N",3,0,0,0,0,0,0,0,"N",0.36,0,0,0,0,0,0,0,"N",1,50.0,0,0,0,0,0,0,0,0,0,0,0,0,0,0
"C3458","5","518210","48","0","2021","4","",4,45,47,47,1649039,253933,5009,2738,"",0.25,0.32,0.34,0.34,0.34,0.31,0.52,1.01,"",-1,-20.0,3,7.1,5,11.9,4,9.3,586032,55.1,28163,12.5,4005,398.9,806,41.7
"C3462","5","518210","48","0","2021","4","",4,7,8,9,165541,17384,435,1592,"",0.50,0.06,0.07,0.07,0.05,0.15,0.23,0.70,"N",1,33.3,0,0,0,0,0,0,0,0,0,0,0,0,0,0
"C3474","5","518210","48","0","2021","4","N",4,0,0,0,0,0,0,0,"N",0.37,0,0,0,0,0,0,0,"N",0,0.0,0,0,0,0,0,0,0,0,0,0,0,0,0,0
"C3482","5","518210","48","0","2021","4","N",43,0,0,0,0,0,0,0,"N",0.84,0,0,0,0,0,0,0,"N",8,22.9,0,0,0,0,0,0,0,0,0,0,0,0,0,0
"C3490","5","518210","48","0","2021","4","",10,52,53,51,1398222,9041,389,2068,"",0.46,0.25,0.27,0.26,0.16,0.05,0.06,0.64,"",1,11.1,5,10.6,3,6.0,3,6.2,-449462,-24.3,-8699,-49.0,-214,-35.5,-873,-29.7
"C3494","5","518210","48","0","2021","4","",29,57,55,55,1525555,71673,380,2108,"",0.47,0.13,0.13,0.12,0.09,0.16,0.10,0.69,"",10,52.6,2,3.6,3,5.8,3,5.8,591553,63.3,-57056,-44.3,-2021,-84.2,752,55.5
"C3498","5","518210","48","0","2021","4","",418,3544,3517,3551,102434670,2187530,30598,2228,"",1.80,1.28,1.25,1.25,0.87,0.75,0.89,0.69,"",102,32.3,-446,-11.2,-477,-11.9,-462,-11.5,-5099180,-4.7,321997,17.3,6020,24.5,160,7.7
"C3510","5","518210","48","0","2021","4","N",8,0,0,0,0,0,0,0,"N",0.73,0,0,0,0,0,0,0,"N",0,0.0,0,0,0,0,0,0,0,0,0,0,0,0,0,0
"C3530","5","518210","48","0","2021","4","",188,445,449,456,36268123,743270,20534,6200,"",1.96,0.44,0.44,0.45,0.88,0.52,0.44,1.98,"",52,38.2,69,18.4,68,17.8,74,19.4,5349466,17.3,207860,38.8,5033,32.5,-64,-1.0
"C3538","5","518210","48","0","2021","4","",232,1022,1067,1058,37177925,2014488,32334,2726,"",1.42,0.73,0.75,0.74,0.69,1.45,1.63,0.93,"",64,38.1,163,19.0,139,15.0,128,13.8,22189999,148.1,655103,48.2,12335,61.7,1453,114.1
"C3562","5","518210","48","0","2021","4","N",1425,0,0,0,0,0,0,0,"N",0.59,0,0,0,0,0,0,0,"N",81,6.0,0,0,0,0,0,0,0,0,0,0,0,0,0,0
"C3566","5","518210","48","0","2021","4","N",4,0,0,0,0,0,0,0,"N",0.28,0,0,0,0,0,0,0,"N",-1,-20.0,0,0,0,0,0,0,0,0,0,0,0,0,0,0
"C3584","5","518210","48","0","2021","4","N",74,0,0,0,0,0,0,0,"N",0.64,0,0,0,0,0,0,0,"N",19,34.5,0,0,0,0,0,0,0,0,0,0,0,0,0,0
"C3598","5","518210","48","0","2021","4","",39,40,45,42,1467468,86371,2350,2667,"",1.32,0.13,0.14,0.13,0.12,0.21,0.18,0.87,"",6,18.2,12,42.9,16,55.2,11,35.5,496495,51.1,43080,99.5,1171,99.3,121,4.8
"C3610","5","518210","48","0","2021","4","",13,21,31,33,753465,23220,519,2046,"",0.38,0.07,0.10,0.11,0.08,0.08,0.23,0.90,"",5,62.5,14,200.0,24,342.9,27,450.0,691747,1120.8,23070,15380.0,515,12875.0,1334,187.4
"C3614","5","518210","48","0","2021","4","N",2,0,0,0,0,0,0,0,"N",0.14,0,0,0,0,0,0,0,"N",1,100.0,0,0,0,0,0,0,0,0,0,0,0,0,0,0
"C3626","5","518210","48","0","2021","4","",43,320,334,339,16977056,1430018,9894,3945,"",0.62,0.42,0.44,0.45,0.69,0.47,0.62,1.58,"N",8,22.9,0,0,0,0,0,0,0,0,0,0,0,0,0,0
"C3642","5","518210","48","0","2021","4","",106,589,575,593,16051903,1548401,25088,2108,"",0.68,0.35,0.33,0.34,0.27,0.34,0.46,0.80,"",12,12.8,177,43.0,170,42.0,150,33.9,7156067,80.4,806146,108.6,13458,115.7,479,29.4
"C3650","5","518210","48","0","2021","4","",45,314,337,333,7199199,2295141,22265,1688,"",1.28,0.95,1.02,1.00,0.58,1.40,1.09,0.58,"",12,36.4,67,27.1,70,26.2,61,22.4,2777593,62.8,1120757,95.4,11641,109.6,390,30.0
"C3654","5","518210","48","0","2021","4","",122,2025,2014,2024,65550535,1164007,6314,2495,"",1.12,1.57,1.55,1.55,1.37,0.70,0.35,0.88,"",17,16.2,-1356,-40.1,-1383,-40.7,-1376,-40.5,-28975258,-30.7,-438777,-27.4,-3151,-33.3,352,16.4
"C3674","5","518210","48","0","2021","4","N",255,0,0,0,0,0,0,0,"N",0.80,0,0,0,0,0,0,0,"N",30,13.3,0,0,0,0,0,0,0,0,0,0,0,0,0,0
"C3678","5","518210","48","0","2021","4","",7,18,18,20,548257,45194,1326,2259,"",0.48,0.07,0.07,0.08,0.06,0.16,0.27,0.80,"",-1,-12.5,-1,-5.3,-1,-5.3,1,5.3,-60826,-10.0,-3249,-6.7,-77,-5.5,-207,-8.4
"C3698","5","518210","48","0","2021","4","N",2,0,0,0,0,0,0,0,"N",0.16,0,0,0,0,0,0,0,"N",0,0.0,0,0,0,0,0,0,0,0,0,0,0,0,0,0
"C3710","5","518210","48","0","2021","4","",34,456,445,453,19667165,286706,13103,3352,"",0.32,0.51,0.50,0.51,0.54,0.35,0.41,1.08,"",1,3.0,-80,-14.9,-64,-12.6,-76,-14.4,-5608791,-22.2,-74742,-20.7,-3803,-22.5,-354,-9.6
"C3734","5","518210","48","0","2021","4","",40,164,165,145,3120631,105588,1685,1519,"",0.62,0.26,0.26,0.23,0.13,0.20,0.38,0.53,"",6,17.6,31,23.3,32,24.1,11,8.2,481087,18.2,-8735,-7.6,679,67.5,-4,-0.3
"C3746","5","518210","48","0","2021","4","",6,8,8,8,111553,4738,72,1073,"",0.24,0.04,0.04,0.04,0.02,0.02,0.04,0.46,"",-3,-33.3,-3,-27.3,-4,-33.3,-4,-33.3,-84850,-43.2,-8608,-64.5,-302,-80.7,-222,-17.1
"C3762","5","518210","48","0","2021","4","N",3,0,0,0,0,0,0,0,"N",0.36,0,0,0,0,0,0,0,"N",2,200.0,0,0,0,0,0,0,0,0,0,0,0,0,0,0
"C3786","5","518210","48","0","2021","4","N",13,0,0,0,0,0,0,0,"N",0.27,0,0,0,0,0,0,0,"N",-4,-23.5,0,0,0,0,0,0,0,0,0,0,0,0,0,0
"C3790","5","518210","48","0","2021","4","N",5,0,0,0,0,0,0,0,"N",0.18,0,0,0,0,0,0,0,"N",1,25.0,0,0,0,0,0,0,0,0,0,0,0,0,0,0
"C3798","5","518210","48","0","2021","4","",534,5910,5829,5822,150600069,6714350,225443,1979,"",0.85,0.79,0.77,0.76,0.44,0.53,0.63,0.57,"",72,15.6,72,1.2,2,0.0,41,0.7,-28319873,-15.8,1468329,28.0,75420,50.3,-388,-16.4
"C3806","5","518210","48","0","2021","4","N",529,0,0,0,0,0,0,0,"N",1.15,0,0,0,0,0,0,0,"N",62,13.3,0,0,0,0,0,0,0,0,0,0,0,0,0,0
"C3822","5","518210","48","0","2021","4","N",1,0,0,0,0,0,0,0,"N",0.12,0,0,0,0,0,0,0,"N",0,0.0,0,0,0,0,0,0,0,0,0,0,0,0,0,0
"C3830","5","518210","48","0","2021","4","",143,2173,2159,2171,72424009,1349550,45869,2570,"",0.62,0.75,0.74,0.74,0.61,0.48,0.42,0.82,"N",18,14.4,0,0,0,0,0,0,0,0,0,0,0,0,0,0
"C3834","5","518210","48","0","2021","4","",14,58,65,68,4135946,202197,6083,4997,"",0.71,0.37,0.41,0.43,0.77,0.62,0.78,1.92,"",9,180.0,21,56.8,29,80.6,31,83.8,564968,15.8,143544,244.7,4194,222.0,-2495,-33.3
"C3854","5","518210","48","0","2021","4","N",2,0,0,0,0,0,0,0,"N",0.21,0,0,0,0,0,0,0,"N",-1,-33.3,0,0,0,0,0,0,0,0,0,0,0,0,0,0
"C3886","5","518210","48","0","2021","4","",80,436,440,441,11123978,350923,9498,1949,"",0.89,0.58,0.59,0.59,0.38,0.40,0.48,0.66,"N",25,45.5,0,0,0,0,0,0,0,0,0,0,0,0,0,0
"C3890","5","518210","48","0","2021","4","N",358,0,0,0,0,0,0,0,"N",0.96,0,0,0,0,0,0,0,"N",23,6.9,0,0,0,0,0,0,0,0,0,0,0,0,0,0
"C3894","5","518210","48","0","2021","4","",28,56,58,53,1176154,63220,1051,1625,"",0.52,0.13,0.14,0.12,0.09,0.15,0.29,0.69,"",8,40.0,10,21.7,19,48.7,13,32.5,503920,75.0,4607,7.9,476,82.8,384,30.9
"C3914","5","518210","48","0","2021","4","",5,11,10,10,224376,13616,431,1670,"",0.21,0.06,0.05,0.05,0.04,0.08,0.13,0.74,"N",2,66.7,0,0,0,0,0,0,0,0,0,0,0,0,0,0
"C3930","5","518210","48","0","2021","4","N",163,0,0,0,0,0,0,0,"N",0.79,0,0,0,0,0,0,0,"N",55,50.9,0,0,0,0,0,0,0,0,0,0,0,0,0,0
"C3934","5","518210","48","0","2021","4","N",105,0,0,0,0,0,0,0,"N",1.37,0,0,0,0,0,0,0,"N",16,18.0,0,0,0,0,0,0,0,0,0,0,0,0,0,0
"C3938","5","518210","48","0","2021","4","",6,44,44,47,508168,74758,1160,869,"",0.44,0.26,0.26,0.27,0.09,0.25,0.21,0.36,"N",2,50.0,0,0,0,0,0,0,0,0,0,0,0,0,0,0
"C3946","5","518210","48","0","2021","4","N",11,0,0,0,0,0,0,0,"N",0.56,0,0,0,0,0,0,0,"N",3,37.5,0,0,0,0,0,0,0,0,0,0,0,0,0,0
"C3954","5","518210","48","0","2021","4","N",3,0,0,0,0,0,0,0,"N",0.17,0,0,0,0,0,0,0,"N",0,0.0,0,0,0,0,0,0,0,0,0,0,0,0,0,0
"C3958","5","518210","48","0","2021","4","",280,3278,3236,3135,84700223,11406476,87913,2026,"",1.61,1.82,1.78,1.71,1.10,2.20,2.33,0.62,"",45,19.1,568,21.0,609,23.2,432,16.0,13551843,19.0,4079039,55.7,28354,47.6,-16,-0.8
"C3966","5","518210","48","0","2021","4","N",36,0,0,0,0,0,0,0,"N",1.49,0,0,0,0,0,0,0,"N",13,56.5,0,0,0,0,0,0,0,0,0,0,0,0,0,0
"C3974","5","518210","48","0","2021","4","N",6,0,0,0,0,0,0,0,"N",0.19,0,0,0,0,0,0,0,"N",0,0.0,0,0,0,0,0,0,0,0,0,0,0,0,0,0
"C3982","5","518210","48","0","2021","4","",9,25,25,23,588264,12338,435,1860,"",0.32,0.14,0.14,0.13,0.09,0.08,0.07,0.72,"",1,12.5,6,31.6,5,25.0,3,15.0,232112,65.2,-1090,-8.1,-92,-17.5,467,33.5
"C3990","5","518210","48","0","2021","4","",61,914,920,916,31922531,3973810,71948,2679,"",1.06,1.36,1.36,1.35,1.17,1.39,1.33,0.86,"N",3,5.2,0,0,0,0,0,0,0,0,0,0,0,0,0,0
"C4006","5","518210","48","0","2021","4","",90,457,460,464,12943969,428480,7633,2163,"",0.58,0.27,0.26,0.26,0.19,0.26,0.27,0.73,"",12,15.4,23,5.3,16,3.6,20,4.5,1515720,13.3,36833,9.4,-1083,-12.4,168,8.4
"C4014","5","518210","48","0","2021","4","",51,469,469,473,11832357,151704,5982,1935,"",0.10,0.11,0.11,0.11,0.08,0.03,0.03,0.74,"",6,13.3,12,2.6,12,2.6,19,4.2,-170382,-1.4,100795,198.0,4149,226.4,-90,-4.4
"C4022","5","518210","48","0","2021","4","",8,70,71,71,1454178,31574,592,1583,"",0.23,0.17,0.18,0.17,0.11,0.09,0.11,0.62,"N",1,14.3,0,0,0,0,0,0,0,0,0,0,0,0,0,0
"C4034","5","518210","48","0","2021","4","N",4,0,0,0,0,0,0,0,"N",0.20,0,0,0,0,0,0,0,"N",-1,-20.0,0,0,0,0,0,0,0,0,0,0,0,0,0,0
"C4038","5","518210","48","0","2021","4","",42,635,622,621,11018644,487890,20005,1354,"",0.42,0.47,0.46,0.46,0.23,0.34,0.34,0.49,"N",0,0.0,0,0,0,0,0,0,0,0,0,0,0,0,0,0
"C4042","5","518210","48","0","2021","4","N",7,0,0,0,0,0,0,0,"N",0.28,0,0,0,0,0,0,0,"N",0,0.0,0,0,0,0,0,0,0,0,0,0,0,0,0,0
"C4058","5","518210","48","0","2021","4","N",4,0,0,0,0,0,0,0,"N",0.35,0,0,0,0,0,0,0,"N",0,0.0,0,0,0,0,0,0,0,0,0,0,0,0,0,0
"C4066","5","518210","48","0","2021","4","-",0,0,0,0,0,0,0,0,"N",0.00,0,0,0,0,0,0,0,"N",-1,-100.0,0,0,0,0,0,0,0,0,0,0,0,0,0,0
"C4090","5","518210","48","0","2021","4","N",76,0,0,0,0,0,0,0,"N",0.23,0,0,0,0,0,0,0,"N",7,10.1,0,0,0,0,0,0,0,0,0,0,0,0,0,0
"C4098","5","518210","48","0","2021","4","N",3,0,0,0,0,0,0,0,"N",0.21,0,0,0,0,0,0,0,"N",0,0.0,0,0,0,0,0,0,0,0,0,0,0,0,0,0
"C4106","5","518210","48","0","2021","4","N",12,0,0,0,0,0,0,0,"N",0.60,0,0,0,0,0,0,0,"N",2,20.0,0,0,0,0,0,0,0,0,0,0,0,0,0,0
"C4110","5","518210","48","0","2021","4","",14,132,139,139,4098592,504000,2615,2307,"",0.52,0.62,0.65,0.65,0.71,0.52,0.52,1.12,"",6,75.0,20,17.9,25,21.9,22,18.8,1426967,53.4,255902,103.1,1695,184.2,510,28.4
"C4114","5","518210","48","0","2021","4","N",3,0,0,0,0,0,0,0,"N",0.24,0,0,0,0,0,0,0,"N",2,200.0,0,0,0,0,0,0,0,0,0,0,0,0,0,0
"C4118","5","518210","48","0","2021","4","",178,7694,7704,7723,273735500,4479046,45876,2732,"",0.54,2.17,2.16,2.16,1.99,1.05,0.73,0.92,"",18,11.2,140,1.9,19,0.2,-11,-0.1,2579217,1.0,687341,18.1,-20262,-30.6,8,0.3
"C4142","5","518210","48","0","2021","4","N",19,0,0,0,0,0,0,0,"N",0.36,0,0,0,0,0,0,0,"N",-3,-13.6,0,0,0,0,0,0,0,0,0,0,0,0,0,0
"C4150","5","518210","48","0","2021","4","",6,8,8,8,201960,11692,297,1942,"",0.11,0.01,0.01,0.02,0.01,0.02,0.01,0.75,"",0,0.0,-17,-68.0,-17,-68.0,-15,-65.2,-813686,-80.1,-3200,-21.5,-376,-55.9,-1269,-39.5
"C4154","5","518210","48","0","2021","4","N",38,0,0,0,0,0,0,0,"N",0.76,0,0,0,0,0,0,0,"N",13,52.0,0,0,0,0,0,0,0,0,0,0,0,0,0,0
"C4162","5","518210","48","0","2021","4","N",414,0,0,0,0,0,0,0,"N",1.91,0,0,0,0,0,0,0,"N",81,24.3,0,0,0,0,0,0,0,0,0,0,0,0,0,0
"C4166","5","518210","48","0","2021","4","N",2,0,0,0,0,0,0,0,"N",0.18,0,0,0,0,0,0,0,"N",-1,-33.3,0,0,0,0,0,0,0,0,0,0,0,0,0,0
"C4170","5","518210","48","0","2021","4","",98,4846,4814,4690,95300565,3529494,92580,1533,"",0.47,1.70,1.68,1.62,0.92,1.06,1.49,0.55,"",10,11.4,-907,-15.8,-1053,-17.9,-1013,-17.8,-20950084,-18.0,404446,12.9,-1760,-1.9,-16,-1.0
"C4174","5","518210","48","0","2021","4","",203,2725,2736,2772,109504159,2044884,84511,3069,"",0.46,0.68,0.67,0.68,0.56,0.58,0.62,0.83,"",11,5.7,-11,-0.4,-6,-0.2,14,0.5,21384046,24.3,693447,51.3,27906,49.3,600,24.3
"C4186","5","518210","48","0","2021","4","",788,28419,28859,29147,3435337587,20901394,722856,9173,"",1.05,4.38,4.41,4.42,6.48,3.72,3.35,1.47,"",93,13.4,2064,7.8,2511,9.5,2694,10.2,1564955818,83.7,7199993,52.5,225153,45.2,3720,68.2
"C4194","5","518210","48","0","2021","4","",323,7917,7896,7949,723747742,5385672,225887,7029,"",1.13,2.59,2.57,2.57,1.98,2.05,2.21,0.77,"",16,5.2,824,11.6,830,11.7,793,11.1,250486871,52.9,2477451,85.2,113152,100.4,1905,37.2
"C4198","5","518210","48","0","2021","4","",37,2368,2404,2484,31893504,1812906,58447,1014,"",0.31,1.34,1.34,1.35,0.86,1.55,1.44,0.64,"",0,0.0,-323,-12.0,-252,-9.5,-232,-8.5,-4000897,-11.1,605639,50.2,18005,44.5,-13,-1.3
"C4202","5","518210","48","0","2021","4","",10,34,35,34,1092109,18349,834,2447,"",0.25,0.10,0.11,0.11,0.09,0.07,0.08,0.88,"",-1,-9.1,-62,-64.6,-60,-63.2,-62,-64.6,-1295081,-54.3,-3716,-16.8,-228,-21.5,528,27.5
"C4210","5","518210","48","0","2021","4","",8,16,15,16,421644,5924,313,2070,"",0.22,0.06,0.05,0.06,0.04,0.03,0.04,0.71,"",-1,-11.1,-2,-11.1,-3,-16.7,-3,-15.8,3332,0.8,2796,89.4,215,219.4,315,17.9
"C4214","5","518210","48","0","2021","4","",41,51,52,48,1304811,233444,4212,1994,"",1.70,0.31,0.32,0.29,0.22,0.48,1.33,0.73,"",20,95.2,21,70.0,16,44.4,14,41.2,582263,80.6,-29191,-11.1,2044,94.3,327,19.6
"C4220","5","518210","48","0","2021","4","",25,376,372,376,13141258,221974,12592,2698,"",0.42,0.62,0.62,0.65,0.57,0.38,0.55,0.90,"",9,56.2,133,54.7,138,59.0,134,55.4,-1382841,-9.5,81120,57.6,5062,67.2,-1964,-42.1
"C4222","5","518210","48","0","2021","4","",12,90,92,89,2305545,51522,2024,1963,"",0.16,0.16,0.17,0.16,0.10,0.11,0.11,0.60,"",1,9.1,9,11.1,11,13.6,10,12.7,526932,29.6,24485,90.6,1235,156.5,260,15.3
"C4234","5","518210","48","0","2021","4","N",12,0,0,0,0,0,0,0,"N",0.30,0,0,0,0,0,0,0,"N",-1,-7.7,0,0,0,0,0,0,0,0,0,0,0,0,0,0
"C4254","5","518210","48","0","2021","4","N",18,0,0,0,0,0,0,0,"N",0.36,0,0,0,0,0,0,0,"N",-2,-10.0,0,0,0,0,0,0,0,0,0,0,0,0,0,0
"C4266","5","518210","48","0","2021","4","",665,12908,12918,13096,639526259,86995702,1016818,3792,"",1.22,2.34,2.33,2.34,1.89,2.58,2.58,0.81,"",57,9.4,864,7.2,815,6.7,900,7.4,2055995,0.3,25277133,41.0,397306,64.1,-256,-6.3
"C4268","5","518210","48","0","2021","4","",17,97,96,95,2257414,37727,848,1809,"",0.85,0.66,0.64,0.62,0.46,0.26,0.55,0.71,"",2,13.3,-29,-23.0,23,31.5,23,31.9,435898,23.9,-16286,-30.2,157,22.7,258,16.6
"C4270","5","518210","48","0","2021","4","N",2,0,0,0,0,0,0,0,"N",0.22,0,0,0,0,0,0,0,"N",1,100.0,0,0,0,0,0,0,0,0,0,0,0,0,0,0
"C4310","5","518210","48","0","2021","4","N",4,0,0,0,0,0,0,0,"N",0.38,0,0,0,0,0,0,0,"N",0,0.0,0,0,0,0,0,0,0,0,0,0,0,0,0,0
"C4330","5","518210","48","0","2021","4","N",2,0,0,0,0,0,0,0,"N",0.17,0,0,0,0,0,0,0,"N",0,0.0,0,0,0,0,0,0,0,0,0,0,0,0,0,0
"C4334","5","518210","48","0","2021","4","N",38,0,0,0,0,0,0,0,"N",0.84,0,0,0,0,0,0,0,"N",7,22.6,0,0,0,0,0,0,0,0,0,0,0,0,0,0
"C4342","5","518210","48","0","2021","4","",9,42,43,43,743255,54940,1941,1340,"",1.04,0.45,0.46,0.46,0.24,0.87,1.34,0.53,"N",0,0.0,0,0,0,0,0,0,0,0,0,0,0,0,0,0
"C4358","5","518210","48","0","2021","4","N",8,0,0,0,0,0,0,0,"N",0.39,0,0,0,0,0,0,0,"N",4,100.0,0,0,0,0,0,0,0,0,0,0,0,0,0,0
"C4362","5","518210","48","0","2021","4","",94,130,129,135,3749824,284182,4292,2196,"",2.21,0.30,0.29,0.31,0.22,0.50,1.13,0.75,"N",41,77.4,0,0,0,0,0,0,0,0,0,0,0,0,0,0
"C4378","5","518210","48","0","2021","4","",17,306,307,303,8711603,202748,2756,2195,"",0.69,0.89,0.89,0.87,0.73,0.58,0.47,0.83,"",5,41.7,81,36.0,77,33.5,67,28.4,4544762,109.1,-520161,-72.0,-22428,-89.1,803,57.7
"C4390","5","518210","48","0","2021","4","",13,29,29,30,984849,70648,193,2583,"",0.47,0.07,0.07,0.07,0.07,0.11,0.02,1.03,"",-1,-7.1,7,31.8,8,38.1,9,42.9,-92624,-8.6,46599,193.8,105,119.3,-1302,-33.5
"C4406","5","518210","48","0","2021","4","",49,380,374,378,8540869,2979695,35187,1741,"",0.65,0.56,0.55,0.55,0.35,0.77,0.70,0.64,"",7,16.7,92,31.9,88,30.8,92,32.2,2243465,35.6,1007829,51.1,16973,93.2,51,3.0
"C4410","5","518210","48","0","2021","4","",10,125,119,117,1894301,112361,1781,1211,"",0.55,0.35,0.34,0.33,0.15,0.37,0.26,0.43,"",1,11.1,-50,-28.6,-30,-20.1,-31,-20.9,-45058,-2.3,-81838,-42.1,97,5.8,263,27.7
"C4414","5","518210","48","0","2021","4","",19,46,47,52,884698,160673,6054,1408,"",0.21,0.06,0.06,0.07,0.03,0.08,0.16,0.53,"",7,58.3,16,53.3,17,56.7,22,73.3,205706,30.3,83667,108.6,4443,275.8,-333,-19.1
"C4418","5","518210","48","0","2021","4","",21,534,531,529,6373683,325354,4400,923,"",0.41,0.93,0.92,0.91,0.36,0.45,0.55,0.39,"",-2,-8.7,4,0.8,-43,-7.5,-51,-8.8,209104,3.4,-274059,-45.7,-4495,-50.5,78,9.2
"C4422","5","518210","48","0","2021","4","",8,9,10,13,233384,39024,1614,1683,"",0.86,0.07,0.08,0.10,0.06,0.25,0.45,0.72,"",3,60.0,3,50.0,4,66.7,7,116.7,128643,122.8,34432,749.8,1490,1201.6,340,25.3
"C4430","5","518210","48","0","2021","4","",8,81,77,73,2430286,48778,1968,2428,"",0.61,0.45,0.43,0.41,0.38,0.33,0.36,0.88,"",-1,-11.1,28,52.8,25,48.1,21,40.4,1152124,90.1,16455,50.9,680,52.8,549,29.2
"C4442","5","518210","48","0","2021","4","N",1,0,0,0,0,0,0,0,"N",0.08,0,0,0,0,0,0,0,"N",0,0.0,0,0,0,0,0,0,0,0,0,0,0,0,0,0
"C4470","5","518210","48","0","2021","4","N",5,0,0,0,0,0,0,0,"N",0.07,0,0,0,0,0,0,0,"N",3,150.0,0,0,0,0,0,0,0,0,0,0,0,0,0,0
"C4494","5","518210","48","0","2021","4","N",2,0,0,0,0,0,0,0,"N",0.26,0,0,0,0,0,0,0,"N",0,0.0,0,0,0,0,0,0,0,0,0,0,0,0,0,0
"C4506","5","518210","48","0","2021","4","",22,298,299,301,4641104,301896,12037,1193,"",0.36,0.38,0.38,0.38,0.16,0.36,0.36,0.42,"",1,4.8,7,2.4,14,4.9,19,6.7,830564,21.8,73832,32.4,7419,160.7,168,16.4
"C4522","5","518210","48","0","2021","4","N",50,0,0,0,0,0,0,0,"N",1.19,0,0,0,0,0,0,0,"N",9,22.0,0,0,0,0,0,0,0,0,0,0,0,0,0,0
"C4530","5","518210","48","0","2021","4","",339,4423,4388,4385,119488097,2876663,32305,2090,"",0.87,1.20,1.17,1.16,0.82,0.81,1.00,0.70,"N",52,18.1,0,0,0,0,0,0,0,0,0,0,0,0,0,0
"C4546","5","518210","48","0","2021","4","N",2,0,0,0,0,0,0,0,"N",0.16,0,0,0,0,0,0,0,"N",1,100.0,0,0,0,0,0,0,0,0,0,0,0,0,0,0
"C4550","5","518210","48","0","2021","4","N",4,0,0,0,0,0,0,0,"N",0.31,0,0,0,0,0,0,0,"N",3,300.0,0,0,0,0,0,0,0,0,0,0,0,0,0,0
"C4554","5","518210","48","0","2021","4","N",4,0,0,0,0,0,0,0,"N",0.48,0,0,0,0,0,0,0,"N",0,0.0,0,0,0,0,0,0,0,0,0,0,0,0,0,0
"C4578","5","518210","48","0","2021","4","N",40,0,0,0,0,0,0,0,"N",0.74,0,0,0,0,0,0,0,"N",9,29.0,0,0,0,0,0,0,0,0,0,0,0,0,0,0
"C4582","5","518210","48","0","2021","4","N",15,0,0,0,0,0,0,0,"N",0.67,0,0,0,0,0,0,0,"N",3,25.0,0,0,0,0,0,0,0,0,0,0,0,0,0,0
"C4594","5","518210","48","0","2021","4","",39,485,496,503,14947767,2102371,42204,2324,"",0.90,0.69,0.70,0.70,0.43,1.07,1.05,0.61,"",6,18.2,56,13.1,63,14.5,72,16.7,3494633,30.5,1155027,121.9,25224,148.6,280,13.7
"C4606","5","518210","48","0","2021","4","",39,198,196,200,6115541,66814,1631,2376,"",0.52,0.19,0.19,0.19,0.17,0.08,0.09,0.89,"",3,8.3,8,4.2,8,4.3,12,6.4,595576,10.8,1233,1.9,300,22.5,125,5.6
"C4614","5","518210","48","0","2021","4","",85,304,299,298,7774080,928989,14238,1991,"",0.80,0.26,0.26,0.25,0.19,0.30,0.35,0.76,"",25,41.7,54,21.6,35,13.3,38,14.6,1535988,24.6,536225,136.5,10765,310.0,131,7.0
"C4622","5","518210","48","0","2021","4","",10,126,124,49,1664934,145272,2576,1285,"",0.50,0.47,0.46,0.18,0.19,0.57,0.57,0.52,"",2,25.0,-30,-19.2,-35,-22.0,-106,-68.4,-384606,-18.8,-131346,-47.5,772,42.8,279,27.7
"C4634","5","518210","48","0","2021","4","",12,26,27,29,790393,62450,927,2224,"",0.50,0.09,0.09,0.10,0.08,0.19,0.17,0.88,"",7,140.0,18,225.0,19,237.5,20,222.2,658469,499.1,47993,332.0,872,1585.5,1006,82.6
"C4652","5","518210","48","0","2021","4","",217,346,351,361,12963162,3131824,90826,2828,"",2.11,0.30,0.30,0.30,0.28,0.58,1.03,0.95,"",86,65.6,11,3.3,7,2.0,18,5.2,816521,6.7,661848,26.8,37056,68.9,85,3.1
"C4654","5","518210","48","0","2021","4","",7,25,24,30,630879,72174,1950,1843,"",0.30,0.08,0.08,0.09,0.06,0.24,0.17,0.75,"",1,16.7,15,150.0,15,166.7,19,172.7,453372,255.4,38218,112.6,1295,197.7,478,35.0
"C4666","5","518210","48","0","2021","4","N",1,0,0,0,0,0,0,0,"N",0.08,0,0,0,0,0,0,0,"N",0,0.0,0,0,0,0,0,0,0,0,0,0,0,0,0,0
"C4670","5","518210","48","0","2021","4","",11,94,98,94,2366705,57113,2214,1910,"",0.25,0.25,0.26,0.25,0.16,0.19,0.18,0.62,"",3,37.5,-7,-6.9,-3,-3.0,-4,-4.1,-476391,-16.8,24887,77.2,846,61.8,-277,-12.7
"C4702","5","518210","48","0","2021","4","N",1,0,0,0,0,0,0,0,"N",0.11,0,0,0,0,0,0,0,"N",-1,-50.0,0,0,0,0,0,0,0,0,0,0,0,0,0,0
"C4722","5","518210","48","0","2021","4","N",2,0,0,0,0,0,0,0,"N",0.16,0,0,0,0,0,0,0,"N",0,0.0,0,0,0,0,0,0,0,0,0,0,0,0,0,0
"C4726","5","518210","48","0","2021","4","",79,1362,1344,1366,23865100,946813,33397,1352,"",0.48,0.68,0.67,0.68,0.34,0.52,1.23,0.51,"",15,23.4,-306,-18.3,-439,-24.6,-426,-23.8,-2315472,-8.8,-826678,-46.6,-54613,-62.1,200,17.4
"C4730","5","518210","48","0","2021","4","N",3,0,0,0,0,0,0,0,"N",0.07,0,0,0,0,0,0,0,"N",0,0.0,0,0,0,0,0,0,0,0,0,0,0,0,0,0
"C4738","5","518210","48","0","2021","4","N",13,0,0,0,0,0,0,0,"N",0.59,0,0,0,0,0,0,0,"N",3,30.0,0,0,0,0,0,0,0,0,0,0,0,0,0,0
"C4746","5","518210","48","0","2021","4","",5,23,24,26,370706,250080,4196,1172,"",0.53,0.27,0.29,0.32,0.14,0.57,0.93,0.49,"",1,25.0,3,15.0,3,14.3,6,30.0,125997,51.5,108581,76.7,3313,375.2,246,26.6
"C4758","5","518210","48","0","2021","4","N",1,0,0,0,0,0,0,0,"N",0.07,0,0,0,0,0,0,0,"N",0,0.0,0,0,0,0,0,0,0,0,0,0,0,0,0,0
"C4790","5","518210","48","0","2021","4","",1036,14905,15023,15156,820118571,21235724,315160,4198,"",1.39,1.77,1.77,1.77,1.73,2.98,1.81,0.98,"",152,17.2,798,5.7,871,6.2,1101,7.8,267532626,48.4,2149541,11.3,119658,61.2,1184,39.3
"C4794","5","518210","48","0","2021","4","N",12,0,0,0,0,0,0,0,"N",0.67,0,0,0,0,0,0,0,"N",3,33.3,0,0,0,0,0,0,0,0,0,0,0,0,0,0
"C4806","5","518210","48","0","2021","4","N",2,0,0,0,0,0,0,0,"N",0.19,0,0,0,0,0,0,0,"N",0,0.0,0,0,0,0,0,0,0,0,0,0,0,0,0,0
"C4814","5","518210","48","0","2021","4","",6,25,24,25,444556,27882,575,1386,"",0.45,0.13,0.13,0.13,0.07,0.12,0.18,0.53,"",0,0.0,3,13.6,1,4.3,6,31.6,114645,34.8,-23371,-45.6,-606,-51.3,196,16.5
"C4826","5","518210","48","0","2021","4","N",2,0,0,0,0,0,0,0,"N",0.22,0,0,0,0,0,0,0,"N",0,0.0,0,0,0,0,0,0,0,0,0,0,0,0,0,0
"C4830","5","518210","48","0","2021","4","N",8,0,0,0,0,0,0,0,"N",0.45,0,0,0,0,0,0,0,"N",-1,-11.1,0,0,0,0,0,0,0,0,0,0,0,0,0,0
"C4854","5","518210","48","0","2021","4","N",1,0,0,0,0,0,0,0,"N",0.07,0,0,0,0,0,0,0,"N",0,0.0,0,0,0,0,0,0,0,0,0,0,0,0,0,0
"C4862","5","518210","48","0","2021","4","N",64,0,0,0,0,0,0,0,"N",1.10,0,0,0,0,0,0,0,"N",33,106.5,0,0,0,0,0,0,0,0,0,0,0,0,0,0
"C4866","5","518210","48","0","2021","4","N",5,0,0,0,0,0,0,0,"N",0.36,0,0,0,0,0,0,0,"N",1,25.0,0,0,0,0,0,0,0,0,0,0,0,0,0,0
"C4870","5","518210","48","0","2021","4","N",2,0,0,0,0,0,0,0,"N",0.18,0,0,0,0,0,0,0,"N",1,100.0,0,0,0,0,0,0,0,0,0,0,0,0,0,0
"C4890","5","518210","48","0","2021","4","N",30,0,0,0,0,0,0,0,"N",0.73,0,0,0,0,0,0,0,"N",1,3.4,0,0,0,0,0,0,0,0,0,0,0,0,0,0
"C4902","5","518210","48","0","2021","4","",3,129,139,138,1274416,191436,5819,724,"",0.21,0.74,0.79,0.78,0.21,1.17,2.67,0.28,"N",1,50.0,0,0,0,0,0,0,0,0,0,0,0,0,0,0
"C4918","5","518210","48","0","2021","4","",36,230,234,239,5185050,706302,6458,1702,"",0.63,0.32,0.32,0.33,0.20,0.38,0.56,0.63,"N",6,20.0,0,0,0,0,0,0,0,0,0,0,0,0,0,0
"C4934","5","518210","48","0","2021","4","",59,360,361,364,23106230,838409,19625,4914,"",0.52,0.34,0.34,0.34,0.56,0.32,0.34,1.62,"N",22,59.5,0,0,0,0,0,0,0,0,0,0,0,0,0,0
"C4942","5","518210","48","0","2021","4","N",4,0,0,0,0,0,0,0,"N",0.13,0,0,0,0,0,0,0,"N",2,100.0,0,0,0,0,0,0,0,0,0,0,0,0,0,0
"C4962","5","518210","48","0","2021","4","N",9,0,0,0,0,0,0,0,"N",0.27,0,0,0,0,0,0,0,"N",2,28.6,0,0,0,0,0,0,0,0,0,0,0,0,0,0
"C4966","5","518210","48","0","2021","4","",17,216,218,218,5366798,113911,4243,1900,"",0.36,0.40,0.40,0.40,0.34,0.21,0.27,0.85,"",2,13.3,-47,-17.9,-45,-17.1,-43,-16.5,-32341,-0.6,15237,15.4,1742,69.7,317,20.0
"C4970","5","518210","48","0","2021","4","N",4,0,0,0,0,0,0,0,"N",0.20,0,0,0,0,0,0,0,"N",0,0.0,0,0,0,0,0,0,0,0,0,0,0,0,0,0
"C4974","5","518210","48","0","2021","4","N",2,0,0,0,0,0,0,0,"N",0.16,0,0,0,0,0,0,0,"N",0,0.0,0,0,0,0,0,0,0,0,0,0,0,0,0,0
"US000","1","518210","18","0","2021","4","",1,1239,1246,1254,20445023,0,0,1262,"",1.00,1.00,1.00,1.00,1.00,0.00,0.00,1.00,"",0,0.0,-35,-2.7,-35,-2.7,-22,-1.7,57410,0.3,0,0.0,0,0.0,34,2.8
"US000","2","518210","18","0","2021","4","",20,902,898,916,20147157,0,0,1712,"",1.00,1.00,1.00,1.00,1.00,0.00,0.00,1.00,"",1,5.3,13,1.5,13,1.5,9,1.0,1493322,8.0,0,0.0,0,0.0,106,6.6
"US000","3","518210","18","0","2021","4","",99,2662,2678,2677,55626962,266675,1262,1601,"",1.00,1.00,1.00,1.00,1.00,1.00,1.00,1.00,"",0,0.0,-62,-2.3,-46,-1.7,-23,-0.9,27819,0.1,1684,0.6,590,87.8,26,1.7
"US000","5","518210","18","0","2021","4","",40238,402708,405480,407900,17259649857,688659841,13625685,3275,"",1.00,1.00,1.00,1.00,1.00,1.00,1.00,1.00,"",8021,24.9,38284,10.5,38760,10.6,38992,10.6,3986250238,30.0,217980786,46.3,5196335,61.6,491,17.6
