"area_fips","own_code","industry_code","agglvl_code","size_code","year","qtr","disclosure_code","qtrly_estabs","month1_emplvl","month2_emplvl","month3_emplvl","total_qtrly_wages","taxable_qtrly_wages","qtrly_contributions","avg_wkly_wage","lq_disclosure_code","lq_qtrly_estabs","lq_month1_emplvl","lq_month2_emplvl","lq_month3_emplvl","lq_total_qtrly_wages","lq_taxable_qtrly_wages","lq_qtrly_contributions","lq_avg_wkly_wage","oty_disclosure_code","oty_qtrly_estabs_chg","oty_qtrly_estabs_pct_chg","oty_month1_emplvl_chg","oty_month1_emplvl_pct_chg","oty_month2_emplvl_chg","oty_month2_emplvl_pct_chg","oty_month3_emplvl_chg","oty_month3_emplvl_pct_chg","oty_total_qtrly_wages_chg","oty_total_qtrly_wages_pct_chg","oty_taxable_qtrly_wages_chg","oty_taxable_qtrly_wages_pct_chg","oty_qtrly_contributions_chg","oty_qtrly_contributions_pct_chg","oty_avg_wkly_wage_chg","oty_avg_wkly_wage_pct_chg"
"01000","2","518210","58","0","2015","3","N",1,0,0,0,0,0,0,0,"N",2.29,0,0,0,0,0,0,0,"N",0,0.0,0,0,0,0,0,0,0,0,0,0,0,0,0,0
"01000","5","518210","58","0","2015","3","",129,1158,1153,1148,16217403,634578,13070,1082,"",0.57,0.28,0.28,0.29,0.20,0.19,0.18,0.70,"",4,3.2,-54,-4.5,-30,-2.5,-28,-2.4,-235537,-1.4,120863,23.5,871,7.1,19,1.8
"01001","5","518210","78","0","2015","3","N",1,0,0,0,0,0,0,0,"N",0.63,0,0,0,0,0,0,0,"N",0,0.0,0,0,0,0,0,0,0,0,0,0,0,0,0,0
"01003","5","518210","78","0","2015","3","",7,26,28,28,278936,22311,405,785,"",0.66,0.17,0.19,0.19,0.12,0.14,0.12,0.65,"",-1,-12.5,3,13.0,4,16.7,3,12.0,-7163,-2.5,10345,86.5,-18,-4.3,-132,-14.4
"01015","5","518210","78","0","2015","3","N",1,0,0,0,0,0,0,0,"N",0.21,0,0,0,0,0,0,0,"N",0,0.0,0,0,0,0,0,0,0,0,0,0,0,0,0,0
"01019","5","518210","78","0","2015","3","N",1,0,0,0,0,0,0,0,"N",1.29,0,0,0,0,0,0,0,"N",1,100.0,0,0,0,0,0,0,0,0,0,0,0,0,0,0
"01045","5","518210","78","0","2015","3","N",1,0,0,0,0,0,0,0,"N",0.61,0,0,0,0,0,0,0,"N",1,100.0,0,0,0,0,0,0,0,0,0,0,0,0,0,0
"01069","5","518210","78","0","2015","3","N",1,0,0,0,0,0,0,0,"N",0.18,0,0,0,0,0,0,0,"N",0,0.0,0,0,0,0,0,0,0,0,0,0,0,0,0,0
"01073","5","518210","78","0","2015","3","",22,253,251,243,3933052,112514,1642,1215,"",0.66,0.35,0.35,0.34,0.23,0.20,0.14,0.68,"",2,10.0,2,0.8,3,1.2,2,0.8,26482,0.7,35151,45.4,392,31.4,-3,-0.2
"01077","5","518210","78","0","2015","3","N",1,0,0,0,0,0,0,0,"N",0.26,0,0,0,0,0,0,0,"N",0,0.0,0,0,0,0,0,0,0,0,0,0,0,0,0,0
"01081","5","518210","78","0","2015","3","N",4,0,0,0,0,0,0,0,"N",0.72,0,0,0,0,0,0,0,"N",1,33.3,0,0,0,0,0,0,0,0,0,0,0,0,0,0
"01089","5","518210","78","0","2015","3","N",11,0,0,0,0,0,0,0,"N",0.64,0,0,0,0,0,0,0,"N",-1,-8.3,0,0,0,0,0,0,0,0,0,0,0,0,0,0
"01095","5","518210","78","0","2015","3","N",1,0,0,0,0,0,0,0,"N",0.26,0,0,0,0,0,0,0,"N",0,0.0,0,0,0,0,0,0,0,0,0,0,0,0,0,0
"01097","5","518210","78","0","2015","3","",7,129,133,135,1586996,77925,1601,922,"",0.38,0.36,0.37,0.38,0.22,0.26,0.22,0.59,"",-2,-22.2,-15,-10.4,-12,-8.3,-9,-6.2,-517038,-24.6,-13980,-15.2,-211,-11.6,-199,-17.8
"01101","2","518210","78","0","2015","3","N",1,0,0,0,0,0,0,0,"N",43.29,0,0,0,0,0,0,0,"N",0,0.0,0,0,0,0,0,0,0,0,0,0,0,0,0,0
"01101","5","518210","78","0","2015","3","N",6,0,0,0,0,0,0,0,"N",0.50,0,0,0,0,0,0,0,"N",-2,-25.0,0,0,0,0,0,0,0,0,0,0,0,0,0,0
"01103","5","518210","78","0","2015","3","",5,9,9,8,113964,7221,96,1012,"",0.97,0.09,0.09,0.08,0.06,0.09,0.05,0.68,"",1,25.0,4,80.0,4,80.0,3,60.0,45832,67.3,5040,231.1,29,43.3,-36,-3.4
"01107","5","518210","78","0","2015","3","N",1,0,0,0,0,0,0,0,"N",1.63,0,0,0,0,0,0,0,"N",0,0.0,0,0,0,0,0,0,0,0,0,0,0,0,0,0
"01109","5","518210","78","0","2015","3","N",1,0,0,0,0,0,0,0,"N",0.76,0,0,0,0,0,0,0,"N",0,0.0,0,0,0,0,0,0,0,0,0,0,0,0,0,0
"01111","5","518210","78","0","2015","3","N",1,0,0,0,0,0,0,0,"N",1.44,0,0,0,0,0,0,0,"N",0,0.0,0,0,0,0,0,0,0,0,0,0,0,0,0,0
"01113","5","518210","78","0","2015","3","N",1,0,0,0,0,0,0,0,"N",0.61,0,0,0,0,0,0,0,"N",0,0.0,0,0,0,0,0,0,0,0,0,0,0,0,0,0
"01115","5","518210","78","0","2015","3","N",1,0,0,0,0,0,0,0,"N",0.37,0,0,0,0,0,0,0,"N",0,0.0,0,0,0,0,0,0,0,0,0,0,0,0,0,0
"01117","5","518210","78","0","2015","3","",8,96,99,100,1667428,33302,684,1304,"",0.77,0.53,0.55,0.56,0.42,0.21,0.20,0.77,"",1,14.3,13,15.7,17,20.7,-2,-2.0,77892,4.9,-5446,-14.1,-335,-32.9,-70,-5.1
"01125","5","518210","78","0","2015","3","",4,29,27,28,226143,22037,536,621,"",0.48,0.15,0.14,0.14,0.06,0.14,0.16,0.41,"N",0,0.0,0,0,0,0,0,0,0,0,0,0,0,0,0,0
"01999","5","518210","78","0","2015","3","",43,199,195,183,3138070,135509,2828,1255,"",2.01,1.95,1.91,1.77,1.02,0.91,0.67,0.55,"",3,7.5,6,3.1,0,0.0,0,0.0,735903,30.6,18204,15.5,-346,-10.9,284,29.2
"02000","5","518210","58","0","2015","3","",27,73,71,69,911973,332205,7266,988,"",0.64,0.10,0.09,0.09,0.05,0.09,0.08,0.51,"",0,0.0,-19,-20.7,-22,-23.7,-23,-25.0,-313221,-25.6,-268695,-44.7,-11255,-60.8,-33,-3.2
"02020","5","518210","78","0","2015","3","",20,64,62,60,743700,277921,5968,923,"",1.25,0.19,0.19,0.18,0.09,0.17,0.16,0.46,"",1,5.3,5,8.5,0,0.0,-1,-1.6,10768,1.5,-57881,-17.2,-3375,-36.1,-6,-0.6
"02090","5","518210","78","0","2015","3","N",2,0,0,0,0,0,0,0,"N",0.46,0,0,0,0,0,0,0,"N",0,0.0,0,0,0,0,0,0,0,0,0,0,0,0,0,0
"02122","5","518210","78","0","2015","3","N",1,0,0,0,0,0,0,0,"N",0.27,0,0,0,0,0,0,0,"N",-1,-50.0,0,0,0,0,0,0,0,0,0,0,0,0,0,0
"02198","5","518210","78","0","2015","3","N",1,0,0,0,0,0,0,0,"N",2.19,0,0,0,0,0,0,0,"N",1,100.0,0,0,0,0,0,0,0,0,0,0,0,0,0,0
"02240","5","518210","78","0","2015","3","N",1,0,0,0,0,0,0,0,"N",1.97,0,0,0,0,0,0,0,"N",1,100.0,0,0,0,0,0,0,0,0,0,0,0,0,0,0
"02261","5","518210","78","0","2015","3","N",1,0,0,0,0,0,0,0,"N",0.91,0,0,0,0,0,0,0,"N",0,0.0,0,0,0,0,0,0,0,0,0,0,0,0,0,0
"02999","5","518210","78","0","2015","3","N",1,0,0,0,0,0,0,0,"N",0.69,0,0,0,0,0,0,0,"N",-2,-66.7,0,0,0,0,0,0,0,0,0,0,0,0,0,0
"04000","5","518210","58","0","2015","3","",373,9234,8609,8552,161190955,6784370,207244,1409,"",1.32,1.71,1.55,1.54,1.36,1.56,1.94,0.85,"",11,3.0,212,2.3,-56,-0.6,-32,-0.4,-5332003,-3.2,527260,8.4,15151,7.9,-54,-3.7
"04001","5","518210","78","0","2015","3","N",2,0,0,0,0,0,0,0,"N",1.75,0,0,0,0,0,0,0,"N",-1,-33.3,0,0,0,0,0,0,0,0,0,0,0,0,0,0
"04003","5","518210","78","0","2015","3","",4,31,33,30,385445,26730,661,946,"",0.96,0.44,0.45,0.41,0.27,0.56,0.50,0.63,"N",0,0.0,0,0,0,0,0,0,0,0,0,0,0,0,0,0
"04007","5","518210","78","0","2015","3","N",1,0,0,0,0,0,0,0,"N",0.54,0,0,0,0,0,0,0,"N",-1,-50.0,0,0,0,0,0,0,0,0,0,0,0,0,0,0
"04013","5","518210","78","0","2015","3","",291,8563,8103,8042,146332785,6569591,201820,1367,"",1.64,2.27,2.09,2.08,1.70,2.09,2.66,0.79,"",7,2.5,428,5.3,312,4.0,304,3.9,1990443,1.4,616748,10.4,17447,9.5,-41,-2.9
"04015","5","518210","78","0","2015","3","N",2,0,0,0,0,0,0,0,"N",0.30,0,0,0,0,0,0,0,"N",0,0.0,0,0,0,0,0,0,0,0,0,0,0,0,0,0
"04019","5","518210","78","0","2015","3","",25,194,192,195,4380463,62292,1943,1740,"",0.71,0.27,0.25,0.26,0.30,0.12,0.17,1.15,"",0,0.0,-35,-15.3,-37,-16.2,-29,-12.9,-26130,-0.6,-26736,-30.0,-604,-23.7,249,16.7
"04021","5","518210","78","0","2015","3","N",2,0,0,0,0,0,0,0,"N",0.35,0,0,0,0,0,0,0,"N",-1,-33.3,0,0,0,0,0,0,0,0,0,0,0,0,0,0
"04025","5","518210","78","0","2015","3","N",2,0,0,0,0,0,0,0,"N",0.20,0,0,0,0,0,0,0,"N",0,0.0,0,0,0,0,0,0,0,0,0,0,0,0,0,0
"04027","5","518210","78","0","2015","3","N",2,0,0,0,0,0,0,0,"N",0.34,0,0,0,0,0,0,0,"N",0,0.0,0,0,0,0,0,0,0,0,0,0,0,0,0,0
"04999","5","518210","78","0","2015","3","",42,399,236,240,9201218,118489,2595,2427,"",2.00,8.21,4.83,4.90,5.14,1.89,1.58,0.86,"",8,23.5,-84,-17.4,-240,-50.4,-229,-48.8,-4590498,-33.3,-42676,-26.5,-1504,-36.7,198,8.9
"05000","2","518210","58","0","2015","3","N",1,0,0,0,0,0,0,0,"N",3.11,0,0,0,0,0,0,0,"N",0,0.0,0,0,0,0,0,0,0,0,0,0,0,0,0,0
"05000","5","518210","58","0","2015","3","",158,1340,1306,1301,20586305,1626123,50380,1204,"",0.95,0.55,0.52,0.51,0.45,0.48,0.52,0.86,"",-16,-9.2,-89,-6.2,-121,-8.5,-89,-6.4,-100686,-0.5,-209367,-11.4,-18322,-26.7,80,7.1
"05001","5","518210","78","0","2015","3","N",1,0,0,0,0,0,0,0,"N",0.68,0,0,0,0,0,0,0,"N",0,0.0,0,0,0,0,0,0,0,0,0,0,0,0,0,0
"05007","5","518210","78","0","2015","3","",11,150,147,149,2168582,204810,5433,1122,"",0.99,0.65,0.63,0.63,0.40,0.49,0.56,0.63,"",-4,-26.7,109,265.9,107,267.5,109,272.5,1497659,223.2,133640,187.8,3015,124.7,-158,-12.3
"05031","5","518210","78","0","2015","3","N",1,0,0,0,0,0,0,0,"N",0.19,0,0,0,0,0,0,0,"N",-1,-50.0,0,0,0,0,0,0,0,0,0,0,0,0,0,0
"05033","5","518210","78","0","2015","3","N",1,0,0,0,0,0,0,0,"N",0.43,0,0,0,0,0,0,0,"N",0,0.0,0,0,0,0,0,0,0,0,0,0,0,0,0,0
"05035","5","518210","78","0","2015","3","N",2,0,0,0,0,0,0,0,"N",0.81,0,0,0,0,0,0,0,"N",0,0.0,0,0,0,0,0,0,0,0,0,0,0,0,0,0
"05039","5","518210","78","0","2015","3","N",1,0,0,0,0,0,0,0,"N",2.05,0,0,0,0,0,0,0,"N",0,0.0,0,0,0,0,0,0,0,0,0,0,0,0,0,0
"05045","5","518210","78","0","2015","3","",4,61,58,60,935015,99811,1951,1205,"",0.74,0.73,0.69,0.70,0.62,0.78,0.40,0.89,"",-1,-20.0,-15,-19.7,-18,-23.7,-12,-16.7,-433092,-31.7,-38961,-28.1,-1034,-34.6,-204,-14.5
"05051","5","518210","78","0","2015","3","N",3,0,0,0,0,0,0,0,"N",0.51,0,0,0,0,0,0,0,"N",-1,-25.0,0,0,0,0,0,0,0,0,0,0,0,0,0,0
"05055","5","518210","78","0","2015","3","N",1,0,0,0,0,0,0,0,"N",0.59,0,0,0,0,0,0,0,"N",1,100.0,0,0,0,0,0,0,0,0,0,0,0,0,0,0
"05057","5","518210","78","0","2015","3","N",1,0,0,0,0,0,0,0,"N",1.03,0,0,0,0,0,0,0,"N",0,0.0,0,0,0,0,0,0,0,0,0,0,0,0,0,0
"05065","5","518210","78","0","2015","3","N",1,0,0,0,0,0,0,0,"N",1.97,0,0,0,0,0,0,0,"N",0,0.0,0,0,0,0,0,0,0,0,0,0,0,0,0,0
"05085","5","518210","78","0","2015","3","N",1,0,0,0,0,0,0,0,"N",0.41,0,0,0,0,0,0,0,"N",0,0.0,0,0,0,0,0,0,0,0,0,0,0,0,0,0
"05087","5","518210","78","0","2015","3","N",1,0,0,0,0,0,0,0,"N",2.00,0,0,0,0,0,0,0,"N",0,0.0,0,0,0,0,0,0,0,0,0,0,0,0,0,0
"05091","5","518210","78","0","2015","3","-",0,0,0,0,0,0,0,0,"N",0.00,0,0,0,0,0,0,0,"N",-1,-100.0,0,0,0,0,0,0,0,0,0,0,0,0,0,0
"05095","5","518210","78","0","2015","3","N",1,0,0,0,0,0,0,0,"N",1.68,0,0,0,0,0,0,0,"N",0,0.0,0,0,0,0,0,0,0,0,0,0,0,0,0,0
"05097","5","518210","78","0","2015","3","N",1,0,0,0,0,0,0,0,"N",2.90,0,0,0,0,0,0,0,"N",0,0.0,0,0,0,0,0,0,0,0,0,0,0,0,0,0
"05103","5","518210","78","0","2015","3","N",1,0,0,0,0,0,0,0,"N",0.79,0,0,0,0,0,0,0,"N",0,0.0,0,0,0,0,0,0,0,0,0,0,0,0,0,0
"05115","5","518210","78","0","2015","3","N",2,0,0,0,0,0,0,0,"N",0.58,0,0,0,0,0,0,0,"N",0,0.0,0,0,0,0,0,0,0,0,0,0,0,0,0,0
"05119","2","518210","78","0","2015","3","N",1,0,0,0,0,0,0,0,"N",19.00,0,0,0,0,0,0,0,"N",0,0.0,0,0,0,0,0,0,0,0,0,0,0,0,0,0
"05119","5","518210","78","0","2015","3","",28,223,221,219,3658628,197089,5238,1273,"",1.03,0.43,0.42,0.42,0.33,0.32,0.31,0.79,"",-4,-12.5,-177,-44.2,-183,-45.3,-182,-45.4,-2289364,-38.5,-186100,-48.6,-8404,-61.6,134,11.8
"05121","5","518210","78","0","2015","3","N",1,0,0,0,0,0,0,0,"N",1.29,0,0,0,0,0,0,0,"N",0,0.0,0,0,0,0,0,0,0,0,0,0,0,0,0,0
"05125","5","518210","78","0","2015","3","N",2,0,0,0,0,0,0,0,"N",0.54,0,0,0,0,0,0,0,"N",0,0.0,0,0,0,0,0,0,0,0,0,0,0,0,0,0
"05131","5","518210","78","0","2015","3","N",2,0,0,0,0,0,0,0,"N",0.29,0,0,0,0,0,0,0,"N",-2,-50.0,0,0,0,0,0,0,0,0,0,0,0,0,0,0
"05139","5","518210","78","0","2015","3","N",2,0,0,0,0,0,0,0,"N",0.79,0,0,0,0,0,0,0,"N",0,0.0,0,0,0,0,0,0,0,0,0,0,0,0,0,0
"05141","5","518210","78","0","2015","3","N",1,0,0,0,0,0,0,0,"N",1.46,0,0,0,0,0,0,0,"N",0,0.0,0,0,0,0,0,0,0,0,0,0,0,0,0,0
"05143","5","518210","78","0","2015","3","N",14,0,0,0,0,0,0,0,"N",1.28,0,0,0,0,0,0,0,"N",1,7.7,0,0,0,0,0,0,0,0,0,0,0,0,0,0
"05999","5","518210","78","0","2015","3","",74,122,122,134,1701535,184986,6323,1039,"",4.67,2.08,2.06,2.05,1.07,1.40,1.21,0.52,"",-2,-2.6,-89,-42.2,-88,-41.9,-74,-35.6,-2047323,-54.6,-87017,-32.0,-1100,-14.8,-336,-24.4
"06000","3","518210","58","0","2015","3","N",1,0,0,0,0,0,0,0,"N",0.07,0,0,0,0,0,0,0,"N",0,0.0,0,0,0,0,0,0,0,0,0,0,0,0,0,0
"06000","5","518210","58","0","2015","3","",1847,34066,34465,34122,1197087069,30675551,1485713,2691,"",0.69,0.97,0.99,0.98,1.25,1.03,0.99,1.27,"",428,30.2,8503,33.3,8707,33.8,8495,33.1,328446279,37.8,13229567,75.8,613949,70.4,86,3.3
"06001","5","518210","78","0","2015","3","",58,661,658,657,16632571,580609,29286,1942,"",0.52,0.42,0.42,0.42,0.34,0.48,0.49,0.81,"",12,26.1,300,83.1,299,83.3,277,72.9,9147948,122.2,191636,49.3,8969,44.1,372,23.7
"06003","5","518210","78","0","2015","3","N",1,0,0,0,0,0,0,0,"N",5.83,0,0,0,0,0,0,0,"N",1,100.0,0,0,0,0,0,0,0,0,0,0,0,0,0,0
"06007","5","518210","78","0","2015","3","N",6,0,0,0,0,0,0,0,"N",0.40,0,0,0,0,0,0,0,"N",2,50.0,0,0,0,0,0,0,0,0,0,0,0,0,0,0
"06013","5","518210","78","0","2015","3","",37,333,374,396,9499859,244655,11216,1988,"",0.64,0.45,0.51,0.54,0.46,0.43,0.40,0.92,"",13,54.2,159,91.4,204,120.0,227,134.3,4609745,94.3,142898,140.4,6545,140.1,-212,-9.6
"06017","5","518210","78","0","2015","3","",5,53,57,56,470353,37852,2347,654,"",0.53,0.48,0.51,0.50,0.21,0.37,0.44,0.41,"N",0,0.0,0,0,0,0,0,0,0,0,0,0,0,0,0,0
"06019","5","518210","78","0","2015","3","N",5,0,0,0,0,0,0,0,"N",0.08,0,0,0,0,0,0,0,"N",-1,-16.7,0,0,0,0,0,0,0,0,0,0,0,0,0,0
"06023","5","518210","78","0","2015","3","N",3,0,0,0,0,0,0,0,"N",0.33,0,0,0,0,0,0,0,"N",-1,-25.0,0,0,0,0,0,0,0,0,0,0,0,0,0,0
"06029","5","518210","78","0","2015","3","N",5,0,0,0,0,0,0,0,"N",0.15,0,0,0,0,0,0,0,"N",3,150.0,0,0,0,0,0,0,0,0,0,0,0,0,0,0
"06033","5","518210","78","0","2015","3","N",2,0,0,0,0,0,0,0,"N",0.36,0,0,0,0,0,0,0,"N",0,0.0,0,0,0,0,0,0,0,0,0,0,0,0,0,0
"06037","5","518210","78","0","2015","3","",387,6720,6755,6781,185083273,5283240,265159,2109,"",0.45,0.74,0.75,0.75,0.79,0.70,0.71,1.05,"",54,16.2,1050,18.5,1088,19.2,1221,22.0,45480506,32.6,2239900,73.6,108571,69.3,202,10.6
"06039","5","518210","78","0","2015","3","N",1,0,0,0,0,0,0,0,"N",0.13,0,0,0,0,0,0,0,"N",0,0.0,0,0,0,0,0,0,0,0,0,0,0,0,0,0
"06041","5","518210","78","0","2015","3","",26,158,166,169,4032813,166461,7717,1888,"",1.14,0.66,0.69,0.71,0.59,0.87,0.84,0.86,"",5,23.8,-52,-24.8,-40,-19.4,-41,-19.5,-1023312,-20.2,64545,63.3,2081,36.9,24,1.3
"06047","5","518210","78","0","2015","3","N",3,0,0,0,0,0,0,0,"N",0.26,0,0,0,0,0,0,0,"N",1,50.0,0,0,0,0,0,0,0,0,0,0,0,0,0,0
"06053","5","518210","78","0","2015","3","N",1,0,0,0,0,0,0,0,"N",0.04,0,0,0,0,0,0,0,"N",1,100.0,0,0,0,0,0,0,0,0,0,0,0,0,0,0
"06055","5","518210","78","0","2015","3","",4,49,52,56,1513623,43132,1553,2225,"",0.38,0.30,0.31,0.34,0.39,0.29,0.20,1.25,"",0,0.0,11,28.9,15,40.5,21,60.0,443125,41.4,22132,105.4,839,117.5,-21,-0.9
"06059","3","518210","78","0","2015","3","N",1,0,0,0,0,0,0,0,"N",0.85,0,0,0,0,0,0,0,"N",0,0.0,0,0,0,0,0,0,0,0,0,0,0,0,0,0
"06059","5","518210","78","0","2015","3","",164,2352,2386,2332,55653132,2332042,129400,1817,"",0.78,0.72,0.74,0.72,0.66,0.88,0.99,0.90,"",34,26.2,420,21.7,435,22.3,379,19.4,15990056,40.3,262710,12.7,13558,11.7,249,15.9
"06061","5","518210","78","0","2015","3","",8,211,217,265,2702623,804867,28184,900,"",0.36,0.66,0.68,0.83,0.35,2.93,2.00,0.49,"",1,14.3,143,210.3,145,201.4,189,248.7,1461426,117.7,759821,1686.8,25585,984.4,-426,-32.1
"06065","5","518210","78","0","2015","3","",24,417,433,431,6905795,109070,6418,1244,"",0.23,0.30,0.31,0.31,0.26,0.10,0.11,0.85,"",4,20.0,157,60.4,186,75.3,173,67.1,2284119,49.4,57039,109.6,3836,148.6,-150,-10.8
"06067","5","518210","78","0","2015","3","",34,660,665,655,19100044,273283,15334,2226,"",0.33,0.49,0.50,0.49,0.55,0.29,0.33,1.11,"",12,54.5,158,31.5,164,32.7,148,29.2,9642652,102.0,-13268,-4.6,-2071,-11.9,781,54.0
"06071","5","518210","78","0","2015","3","",16,170,167,165,1847099,342470,13460,849,"",0.16,0.12,0.11,0.11,0.06,0.30,0.24,0.56,"",2,14.3,81,91.0,78,87.6,77,87.5,22838,1.3,264965,341.9,9551,244.3,-734,-46.4
"06073","5","518210","78","0","2015","3","",134,1999,1971,1871,53968368,1355260,64101,2132,"",0.69,0.68,0.67,0.64,0.71,0.62,0.59,1.06,"",19,16.5,503,33.6,465,30.9,350,23.0,11030022,25.7,383385,39.4,21871,51.8,-59,-2.7
"06075","5","518210","78","0","2015","3","",241,4926,5116,5075,228330341,6008370,258528,3486,"",2.18,3.39,3.51,3.50,3.78,4.78,4.22,1.09,"",108,81.2,2715,122.8,2873,128.1,2842,127.3,160107895,234.7,4019612,202.1,171524,197.1,1132,48.1
"06077","5","518210","78","0","2015","3","N",1,0,0,0,0,0,0,0,"N",0.03,0,0,0,0,0,0,0,"N",0,0.0,0,0,0,0,0,0,0,0,0,0,0,0,0,0
"06079","5","518210","78","0","2015","3","",7,106,103,99,1706241,138487,7835,1278,"",0.37,0.43,0.43,0.41,0.36,0.65,0.78,0.84,"",0,0.0,19,21.8,17,19.8,12,13.8,558679,48.7,40858,41.9,1811,30.1,259,25.4
"06081","5","518210","78","0","2015","3","",85,2743,2750,2654,104414972,1482242,72505,2958,"",1.68,3.31,3.33,3.24,2.76,2.17,2.15,0.84,"",35,70.0,506,22.6,477,21.0,425,19.1,10389919,11.1,305877,26.0,12102,20.0,-262,-8.1
"06083","5","518210","78","0","2015","3","",16,409,416,432,9564303,579740,23460,1756,"",0.57,0.98,1.00,1.03,1.01,1.63,1.35,1.01,"",2,14.3,170,71.1,177,74.1,195,82.3,4520690,89.6,154584,36.4,518,2.3,128,7.9
"06085","5","518210","78","0","2015","3","",213,8508,8401,8232,411099275,5159349,229488,3773,"",1.67,3.89,3.84,3.79,3.75,3.05,2.72,0.98,"",58,37.4,1202,16.5,1054,14.3,926,12.7,34507686,9.2,1244495,31.8,41061,21.8,-185,-4.7
"06087","5","518210","78","0","2015","3","",7,9,9,10,151824,19194,671,1251,"",0.40,0.04,0.04,0.05,0.03,0.08,0.06,0.76,"",2,40.0,2,28.6,2,28.6,3,42.9,97740,180.7,14610,318.7,508,311.7,657,110.6
"06089","5","518210","78","0","2015","3","N",2,0,0,0,0,0,0,0,"N",0.16,0,0,0,0,0,0,0,"N",1,100.0,0,0,0,0,0,0,0,0,0,0,0,0,0,0
"06093","5","518210","78","0","2015","3","N",1,0,0,0,0,0,0,0,"N",0.33,0,0,0,0,0,0,0,"N",0,0.0,0,0,0,0,0,0,0,0,0,0,0,0,0,0
"06095","5","518210","78","0","2015","3","N",3,0,0,0,0,0,0,0,"N",0.15,0,0,0,0,0,0,0,"N",1,50.0,0,0,0,0,0,0,0,0,0,0,0,0,0,0
"06097","5","518210","78","0","2015","3","",8,76,82,87,1573501,81565,4233,1482,"",0.22,0.18,0.19,0.20,0.16,0.23,0.24,0.85,"",-2,-20.0,-11,-12.6,-14,-14.6,-12,-12.1,-91370,-5.5,-56743,-41.0,-4215,-49.9,120,8.8
"06099","5","518210","78","0","2015","3","N",3,0,0,0,0,0,0,0,"N",0.11,0,0,0,0,0,0,0,"N",0,0.0,0,0,0,0,0,0,0,0,0,0,0,0,0,0
"06111","5","518210","78","0","2015","3","",26,318,318,326,8845181,246572,12356,2122,"",0.55,0.48,0.48,0.49,0.58,0.47,0.48,1.19,"",-4,-13.3,29,10.0,27,9.3,35,12.0,1377883,18.5,107725,77.6,5574,82.2,144,7.3
"06113","5","518210","78","0","2015","3","N",3,0,0,0,0,0,0,0,"N",0.25,0,0,0,0,0,0,0,"N",1,50.0,0,0,0,0,0,0,0,0,0,0,0,0,0,0
"06115","5","518210","78","0","2015","3","N",1,0,0,0,0,0,0,0,"N",0.34,0,0,0,0,0,0,0,"N",1,100.0,0,0,0,0,0,0,0,0,0,0,0,0,0,0
"06999","5","518210","78","0","2015","3","",306,2044,2086,2122,63179233,2743914,140882,2332,"",3.73,2.51,2.53,2.58,2.07,2.24,2.36,0.81,"",65,27.0,405,24.7,391,23.1,411,24.0,13821709,28.0,771872,39.1,47581,51.0,74,3.3
"08000","5","518210","58","0","2015","3","",523,9071,9078,9055,194529587,9627572,228811,1650,"",1.48,1.67,1.68,1.70,1.49,1.16,1.26,0.88,"",91,21.1,747,9.0,743,8.9,727,8.7,19900448,11.4,2237389,30.3,48175,26.7,37,2.3
"08001","5","518210","78","0","2015","3","",13,264,267,271,5607472,402580,9256,1614,"",0.68,0.64,0.64,0.66,0.59,0.69,0.65,0.91,"",1,8.3,-7,-2.6,6,2.3,5,1.9,300745,5.7,221546,122.4,6304,213.6,79,5.1
"08005","5","518210","78","0","2015","3","",73,2061,2070,2067,52349755,1855394,49991,1949,"",1.85,3.01,3.03,3.06,2.84,1.90,2.22,0.94,"",7,10.6,-547,-21.0,-552,-21.1,-564,-21.4,-10244893,-16.4,-103876,-5.3,-150,-0.3,111,6.0
"08013","5","518210","78","0","2015","3","",60,739,741,733,18084331,838705,21947,1886,"",2.21,1.98,2.00,1.99,1.73,1.75,2.18,0.87,"",12,25.0,-92,-11.1,-84,-10.2,-80,-9.8,-1925262,-9.6,156143,22.9,-237,-1.1,16,0.9
"08014","5","518210","78","0","2015","3","",15,331,324,318,8030032,190992,5082,1905,"",3.06,4.21,4.14,4.17,2.97,1.71,2.15,0.71,"",4,36.4,111,50.5,102,45.9,97,43.9,3216153,66.8,6131,3.3,1148,29.2,229,13.7
"08015","5","518210","78","0","2015","3","N",1,0,0,0,0,0,0,0,"N",0.57,0,0,0,0,0,0,0,"N",0,0.0,0,0,0,0,0,0,0,0,0,0,0,0,0,0
"08019","5","518210","78","0","2015","3","-",0,0,0,0,0,0,0,0,"N",0.00,0,0,0,0,0,0,0,"N",0,0,0,0,0,0,0,0,0,0,0,0,0,0,0,0
"08029","5","518210","78","0","2015","3","N",1,0,0,0,0,0,0,0,"N",0.60,0,0,0,0,0,0,0,"N",1,100.0,0,0,0,0,0,0,0,0,0,0,0,0,0,0
"08031","5","518210","78","0","2015","3","",130,1588,1604,1592,35699380,2536609,62372,1722,"",2.31,1.53,1.55,1.56,1.20,1.75,1.88,0.78,"",25,23.8,240,17.8,257,19.1,236,17.4,5500801,18.2,833561,48.9,20698,49.7,2,0.1
"08035","5","518210","78","0","2015","3","",44,1376,1355,1356,30759082,936477,21305,1737,"",2.09,5.49,5.45,5.67,5.00,2.28,2.55,0.90,"",8,22.2,830,152.0,809,148.2,812,149.3,19340674,169.4,436630,87.4,6929,48.2,126,7.8
"08037","5","518210","78","0","2015","3","",7,6,6,8,174129,6959,107,2009,"",1.10,0.09,0.09,0.13,0.14,0.04,0.03,1.33,"N",4,133.3,0,0,0,0,0,0,0,0,0,0,0,0,0,0
"08039","5","518210","78","0","2015","3","N",1,0,0,0,0,0,0,0,"N",0.81,0,0,0,0,0,0,0,"N",1,100.0,0,0,0,0,0,0,0,0,0,0,0,0,0,0
"08041","5","518210","78","0","2015","3","",44,490,502,495,11077676,681968,12203,1719,"",1.28,0.88,0.91,0.90,0.94,0.85,0.64,1.05,"",5,12.8,-27,-5.2,-12,-2.3,-15,-2.9,341645,3.2,321975,89.4,2243,22.5,111,6.9
"08043","5","518210","78","0","2015","3","",4,4,4,4,41824,0,0,804,"",2.33,0.13,0.14,0.14,0.08,0.00,0.00,0.55,"N",2,100.0,0,0,0,0,0,0,0,0,0,0,0,0,0,0
"08045","5","518210","78","0","2015","3","N",2,0,0,0,0,0,0,0,"N",0.41,0,0,0,0,0,0,0,"N",0,0.0,0,0,0,0,0,0,0,0,0,0,0,0,0,0
"08049","5","518210","78","0","2015","3","",3,3,3,3,51710,329,10,1326,"",1.87,0.18,0.18,0.20,0.20,0.01,0.01,1.10,"N",1,50.0,0,0,0,0,0,0,0,0,0,0,0,0,0,0
"08059","5","518210","78","0","2015","3","",53,1344,1352,1349,20997702,1235647,21859,1198,"",1.47,2.72,2.73,2.77,1.78,1.74,1.37,0.65,"",13,32.5,132,10.9,136,11.2,128,10.5,1300628,6.6,170068,16.0,4884,28.8,-48,-3.9
"08067","5","518210","78","0","2015","3","N",2,0,0,0,0,0,0,0,"N",0.42,0,0,0,0,0,0,0,"N",0,0.0,0,0,0,0,0,0,0,0,0,0,0,0,0,0
"08069","5","518210","78","0","2015","3","",25,601,598,603,7509824,481381,12273,962,"",1.17,1.86,1.86,1.91,1.08,0.97,1.16,0.58,"",5,25.0,36,6.4,23,4.0,43,7.7,1101597,17.2,-27854,-5.5,105,0.9,92,10.6
"08075","5","518210","78","0","2015","3","-",0,0,0,0,0,0,0,0,"N",0.00,0,0,0,0,0,0,0,"N",0,0,0,0,0,0,0,0,0,0,0,0,0,0,0,0
"08077","5","518210","78","0","2015","3","N",8,0,0,0,0,0,0,0,"N",0.89,0,0,0,0,0,0,0,"N",1,14.3,0,0,0,0,0,0,0,0,0,0,0,0,0,0
"08083","5","518210","78","0","2015","3","N",1,0,0,0,0,0,0,0,"N",0.65,0,0,0,0,0,0,0,"N",0,0.0,0,0,0,0,0,0,0,0,0,0,0,0,0,0
"08085","5","518210","78","0","2015","3","-",0,0,0,0,0,0,0,0,"N",0.00,0,0,0,0,0,0,0,"N",0,0,0,0,0,0,0,0,0,0,0,0,0,0,0,0
"08089","5","518210","78","0","2015","3","N",1,0,0,0,0,0,0,0,"N",1.06,0,0,0,0,0,0,0,"N",0,0.0,0,0,0,0,0,0,0,0,0,0,0,0,0,0
"08093","5","518210","78","0","2015","3","N",2,0,0,0,0,0,0,0,"N",2.03,0,0,0,0,0,0,0,"N",0,0.0,0,0,0,0,0,0,0,0,0,0,0,0,0,0
"08101","5","518210","78","0","2015","3","N",3,0,0,0,0,0,0,0,"N",0.51,0,0,0,0,0,0,0,"N",-1,-25.0,0,0,0,0,0,0,0,0,0,0,0,0,0,0
"08107","5","518210","78","0","2015","3","N",1,0,0,0,0,0,0,0,"N",0.31,0,0,0,0,0,0,0,"N",0,0.0,0,0,0,0,0,0,0,0,0,0,0,0,0,0
"08109","5","518210","78","0","2015","3","-",0,0,0,0,0,0,0,0,"N",0.00,0,0,0,0,0,0,0,"N",0,0,0,0,0,0,0,0,0,0,0,0,0,0,0,0
"08113","5","518210","78","0","2015","3","N",2,0,0,0,0,0,0,0,"N",1.61,0,0,0,0,0,0,0,"N",1,100.0,0,0,0,0,0,0,0,0,0,0,0,0,0,0
"08117","5","518210","78","0","2015","3","N",2,0,0,0,0,0,0,0,"N",0.48,0,0,0,0,0,0,0,"N",0,0.0,0,0,0,0,0,0,0,0,0,0,0,0,0,0
"08119","5","518210","78","0","2015","3","N",4,0,0,0,0,0,0,0,"N",2.69,0,0,0,0,0,0,0,"N",2,100.0,0,0,0,0,0,0,0,0,0,0,0,0,0,0
"08123","5","518210","78","0","2015","3","",15,46,47,52,558648,76980,1108,889,"",1.18,0.21,0.22,0.24,0.12,0.22,0.14,0.55,"",0,0.0,15,48.4,13,38.2,16,44.4,233733,71.9,35841,87.1,424,62.0,147,19.8
"08999","5","518210","78","0","2015","3","",6,71,72,72,1865810,187927,3956,2003,"",1.16,1.72,1.72,1.72,1.18,2.09,1.37,0.68,"",0,0.0,15,26.8,16,28.6,14,24.1,265477,16.6,92814,97.6,617,18.5,-169,-7.8
"09000","3","518210","58","0","2015","3","N",1,0,0,0,0,0,0,0,"N",0.81,0,0,0,0,0,0,0,"N",0,0.0,0,0,0,0,0,0,0,0,0,0,0,0,0,0
"09000","5","518210","58","0","2015","3","",157,1599,1587,1572,33811162,1876127,74850,1640,"",0.72,0.45,0.45,0.44,0.34,0.35,0.34,0.77,"",6,4.0,66,4.3,64,4.2,41,2.7,3750841,12.5,97058,5.5,5171,7.4,128,8.5
"09001","5","518210","78","0","2015","3","",47,320,317,311,8624161,511112,21596,2099,"",0.72,0.35,0.35,0.35,0.28,0.35,0.38,0.80,"",4,9.3,92,40.4,91,40.3,89,40.1,3262804,60.9,197627,63.0,9397,77.0,269,14.7
"09003","5","518210","78","0","2015","3","",41,861,859,841,16904387,741171,32368,1523,"",0.80,0.80,0.80,0.78,0.57,0.50,0.52,0.72,"",-1,-2.4,-1,-0.1,3,0.4,-23,-2.7,52361,0.3,-29476,-3.8,1027,3.3,17,1.1
"09005","5","518210","78","0","2015","3","",9,18,19,21,191789,34034,1394,763,"",0.80,0.14,0.15,0.16,0.07,0.15,0.15,0.49,"",1,12.5,-3,-14.3,-1,-5.0,2,10.5,5196,2.8,-4676,-12.1,-56,-3.9,45,6.3
"09007","5","518210","78","0","2015","3","N",2,0,0,0,0,0,0,0,"N",0.20,0,0,0,0,0,0,0,"N",0,0.0,0,0,0,0,0,0,0,0,0,0,0,0,0,0
"09009","5","518210","78","0","2015","3","",23,204,199,202,3279584,248867,8416,1251,"",0.52,0.27,0.26,0.26,0.17,0.22,0.18,0.66,"",1,4.5,6,3.0,0,0.0,-1,-0.5,395826,13.7,-82772,-25.0,-3855,-31.4,142,12.8
"09011","3","518210","78","0","2015","3","N",1,0,0,0,0,0,0,0,"N",12.99,0,0,0,0,0,0,0,"N",0,0.0,0,0,0,0,0,0,0,0,0,0,0,0,0,0
"09011","5","518210","78","0","2015","3","",8,42,41,42,657366,62418,1759,1214,"",0.58,0.16,0.16,0.16,0.11,0.17,0.11,0.69,"",1,14.3,-11,-20.8,-11,-21.2,-11,-20.8,-11056,-1.7,8482,15.7,-868,-33.0,238,24.4
"09013","5","518210","78","0","2015","3","N",2,0,0,0,0,0,0,0,"N",0.34,0,0,0,0,0,0,0,"N",0,0.0,0,0,0,0,0,0,0,0,0,0,0,0,0,0
"09999","5","518210","78","0","2015","3","",25,142,140,143,4060732,221430,6766,2205,"",1.97,1.49,1.49,1.54,1.12,0.99,0.72,0.74,"",0,0.0,-10,-6.6,-12,-7.9,-9,-5.9,56009,1.4,-1284,-0.6,-849,-11.1,178,8.8
"10000","2","518210","58","0","2015","3","N",1,0,0,0,0,0,0,0,"N",8.82,0,0,0,0,0,0,0,"N",0,0.0,0,0,0,0,0,0,0,0,0,0,0,0,0,0
"10000","5","518210","58","0","2015","3","",81,980,978,973,19907161,1169655,19116,1567,"",1.39,1.03,1.04,1.05,0.91,0.62,0.44,0.87,"",11,15.7,-82,-7.7,-83,-7.8,-74,-7.1,-579214,-2.8,-187580,-13.8,-15562,-44.9,76,5.1
"10001","2","518210","78","0","2015","3","N",1,0,0,0,0,0,0,0,"N",69.96,0,0,0,0,0,0,0,"N",0,0.0,0,0,0,0,0,0,0,0,0,0,0,0,0,0
"10001","5","518210","78","0","2015","3","N",10,0,0,0,0,0,0,0,"N",1.36,0,0,0,0,0,0,0,"N",2,25.0,0,0,0,0,0,0,0,0,0,0,0,0,0,0
"10003","5","518210","78","0","2015","3","",56,924,925,908,18289137,979635,14249,1531,"",1.55,1.50,1.52,1.51,1.15,0.89,0.57,0.77,"",9,19.1,-99,-9.7,-98,-9.6,-100,-9.9,-1491071,-7.5,-233127,-19.2,-15492,-52.1,36,2.4
"10005","5","518210","78","0","2015","3","",8,17,17,17,259162,64544,1061,1173,"",0.67,0.10,0.10,0.10,0.09,0.14,0.10,0.90,"",2,33.3,4,30.8,4,30.8,3,21.4,109928,73.7,20654,47.1,254,31.5,312,36.2
"10999","5","518210","78","0","2015","3","N",7,0,0,0,0,0,0,0,"N",2.25,0,0,0,0,0,0,0,"N",-2,-22.2,0,0,0,0,0,0,0,0,0,0,0,0,0,0
"11000","5","518210","58","0","2015","3","",86,524,517,534,11759713,778629,24688,1723,"",1.19,0.33,0.33,0.34,0.18,0.68,0.70,0.56,"",26,43.3,26,5.2,13,2.6,40,8.1,299452,2.6,208782,36.6,5887,31.3,-45,-2.5
"11001","5","518210","78","0","2015","3","",86,524,517,534,11759713,778629,24688,1723,"",1.19,0.33,0.33,0.34,0.18,0.68,0.70,0.56,"",26,43.3,26,5.2,13,2.6,40,8.1,299452,2.6,208782,36.6,5887,31.3,-45,-2.5
"12000","2","518210","58","0","2015","3","N",1,0,0,0,0,0,0,0,"N",0.43,0,0,0,0,0,0,0,"N",-1,-50.0,0,0,0,0,0,0,0,0,0,0,0,0,0,0
"12000","3","518210","58","0","2015","3","N",2,0,0,0,0,0,0,0,"N",0.30,0,0,0,0,0,0,0,"N",0,0.0,0,0,0,0,0,0,0,0,0,0,0,0,0,0
"12000","5","518210","58","0","2015","3","",1373,17381,17525,17631,353180712,11051465,291224,1551,"",1.14,1.03,1.03,1.04,1.01,0.81,1.00,0.98,"",19,1.4,-1309,-7.0,-900,-4.9,-643,-3.5,-23897686,-6.3,-1837156,-14.3,-133650,-31.5,-20,-1.3
"12001","5","518210","78","0","2015","3","",6,10,10,16,148159,15107,271,950,"",0.47,0.04,0.04,0.06,0.03,0.09,0.09,0.63,"",2,50.0,6,150.0,6,150.0,12,300.0,12682,9.4,-13545,-47.3,-617,-69.5,-1655,-63.5
"12005","5","518210","78","0","2015","3","N",2,0,0,0,0,0,0,0,"N",0.19,0,0,0,0,0,0,0,"N",1,100.0,0,0,0,0,0,0,0,0,0,0,0,0,0,0
"12009","5","518210","78","0","2015","3","",21,105,109,110,2050195,85560,3556,1460,"",0.75,0.25,0.26,0.27,0.23,0.28,0.57,0.90,"",2,10.5,17,19.3,20,22.5,23,26.4,306640,17.6,47026,122.0,2139,151.0,-64,-4.2
"12011","5","518210","78","0","2015","3","",146,3368,3429,3480,71230689,2445943,63178,1599,"",1.18,2.09,2.12,2.16,2.03,1.84,2.08,0.96,"",6,4.3,501,17.5,545,18.9,594,20.6,10404953,17.1,509360,26.3,-734,-1.1,-26,-1.6
"12015","5","518210","78","0","2015","3","N",5,0,0,0,0,0,0,0,"N",0.60,0,0,0,0,0,0,0,"N",2,66.7,0,0,0,0,0,0,0,0,0,0,0,0,0,0
"12017","5","518210","78","0","2015","3","N",2,0,0,0,0,0,0,0,"N",0.35,0,0,0,0,0,0,0,"N",0,0.0,0,0,0,0,0,0,0,0,0,0,0,0,0,0
"12019","5","518210","78","0","2015","3","",6,82,85,87,1049891,58469,1760,954,"",0.76,0.86,0.82,0.85,0.65,0.70,1.12,0.77,"N",1,20.0,0,0,0,0,0,0,0,0,0,0,0,0,0,0
"12021","5","518210","78","0","2015","3","",12,24,23,23,467245,9516,302,1540,"",0.50,0.09,0.08,0.08,0.09,0.04,0.07,1.02,"",-2,-14.3,-1,-4.0,0,0.0,-4,-14.8,-228343,-32.8,7238,317.7,195,182.2,-600,-28.0
"12023","5","518210","78","0","2015","3","-",0,0,0,0,0,0,0,0,"N",0.00,0,0,0,0,0,0,0,"N",-1,-100.0,0,0,0,0,0,0,0,0,0,0,0,0,0,0
"12031","3","518210","78","0","2015","3","N",1,0,0,0,0,0,0,0,"N",3.44,0,0,0,0,0,0,0,"N",0,0.0,0,0,0,0,0,0,0,0,0,0,0,0,0,0
"12031","5","518210","78","0","2015","3","",64,1659,1672,1667,57077102,1166030,22032,2635,"",1.23,1.66,1.65,1.66,2.58,1.48,1.20,1.56,"",-2,-3.0,52,3.2,50,3.1,68,4.3,-18024366,-24.0,-210452,-15.3,-30752,-58.3,-955,-26.6
"12033","5","518210","78","0","2015","3","N",8,0,0,0,0,0,0,0,"N",0.53,0,0,0,0,0,0,0,"N",-1,-11.1,0,0,0,0,0,0,0,0,0,0,0,0,0,0
"12035","5","518210","78","0","2015","3","N",6,0,0,0,0,0,0,0,"N",1.43,0,0,0,0,0,0,0,"N",1,20.0,0,0,0,0,0,0,0,0,0,0,0,0,0,0
"12041","5","518210","78","0","2015","3","N",1,0,0,0,0,0,0,0,"N",1.75,0,0,0,0,0,0,0,"N",0,0.0,0,0,0,0,0,0,0,0,0,0,0,0,0,0
"12051","5","518210","78","0","2015","3","N",2,0,0,0,0,0,0,0,"N",1.28,0,0,0,0,0,0,0,"N",1,100.0,0,0,0,0,0,0,0,0,0,0,0,0,0,0
"12053","5","518210","78","0","2015","3","",5,10,10,12,73255,5927,186,528,"",0.78,0.12,0.12,0.14,0.06,0.08,0.13,0.46,"",5,100.0,10,100.0,10,100.0,12,100.0,73255,100.0,5927,100.0,186,100.0,528,100.0
"12055","5","518210","78","0","2015","3","N",1,0,0,0,0,0,0,0,"N",0.24,0,0,0,0,0,0,0,"N",1,100.0,0,0,0,0,0,0,0,0,0,0,0,0,0,0
"12057","5","518210","78","0","2015","3","",83,2277,2388,2544,53204546,1190593,26202,1703,"",1.13,1.70,1.75,1.87,1.77,1.11,1.10,1.00,"",-3,-3.5,-501,-18.0,-303,-11.3,-139,-5.2,-8851482,-14.3,-545202,-31.4,-23101,-46.9,-54,-3.1
"12061","5","518210","78","0","2015","3","",9,22,23,22,355029,29992,810,1223,"",0.99,0.22,0.23,0.22,0.20,0.40,0.56,0.92,"",3,50.0,8,57.1,7,43.8,5,29.4,137745,63.4,5136,20.7,224,38.2,156,14.6
"12063","5","518210","78","0","2015","3","N",2,0,0,0,0,0,0,0,"N",1.17,0,0,0,0,0,0,0,"N",0,0.0,0,0,0,0,0,0,0,0,0,0,0,0,0,0
"12069","5","518210","78","0","2015","3","N",6,0,0,0,0,0,0,0,"N",0.42,0,0,0,0,0,0,0,"N",-2,-25.0,0,0,0,0,0,0,0,0,0,0,0,0,0,0
"12071","5","518210","78","0","2015","3","",25,138,144,146,2869870,80118,1662,1547,"",0.66,0.28,0.29,0.29,0.31,0.19,0.20,1.08,"",4,19.0,18,15.0,24,20.0,22,17.7,423621,17.3,9220,13.0,-34,-2.0,-4,-0.3
"12073","2","518210","78","0","2015","3","N",1,0,0,0,0,0,0,0,"N",33.19,0,0,0,0,0,0,0,"N",-1,-50.0,0,0,0,0,0,0,0,0,0,0,0,0,0,0
"12073","3","518210","78","0","2015","3","N",1,0,0,0,0,0,0,0,"N",11.50,0,0,0,0,0,0,0,"N",0,0.0,0,0,0,0,0,0,0,0,0,0,0,0,0,0
"12073","5","518210","78","0","2015","3","",27,1039,1014,1010,9264408,319262,7427,698,"",1.74,3.46,3.37,3.34,1.60,1.83,2.24,0.47,"",-3,-10.0,-441,-29.8,-369,-26.7,-329,-24.6,-2082753,-18.4,-730503,-69.6,-27974,-79.0,75,12.0
"12081","5","518210","78","0","2015","3","",13,112,106,101,1013500,102834,3481,733,"",0.69,0.48,0.45,0.43,0.24,0.50,0.94,0.53,"",-4,-23.5,-11,-8.9,-12,-10.2,-12,-10.6,-17769,-1.7,-142672,-58.1,-3971,-53.3,61,9.1
"12083","5","518210","78","0","2015","3","N",4,0,0,0,0,0,0,0,"N",0.27,0,0,0,0,0,0,0,"N",-1,-20.0,0,0,0,0,0,0,0,0,0,0,0,0,0,0
"12085","5","518210","78","0","2015","3","N",9,0,0,0,0,0,0,0,"N",0.79,0,0,0,0,0,0,0,"N",1,12.5,0,0,0,0,0,0,0,0,0,0,0,0,0,0
"12086","5","518210","78","0","2015","3","",142,888,894,889,15696013,471927,13898,1356,"",0.81,0.39,0.39,0.39,0.31,0.28,0.36,0.79,"",-10,-6.6,-30,-3.3,-18,-2.0,-1,-0.1,-318367,-2.0,-89709,-16.0,-2259,-14.0,-3,-0.2
"12087","5","518210","78","0","2015","3","N",1,0,0,0,0,0,0,0,"N",0.12,0,0,0,0,0,0,0,"N",0,0.0,0,0,0,0,0,0,0,0,0,0,0,0,0,0
"12089","5","518210","78","0","2015","3","N",3,0,0,0,0,0,0,0,"N",0.82,0,0,0,0,0,0,0,"N",0,0.0,0,0,0,0,0,0,0,0,0,0,0,0,0,0
"12091","5","518210","78","0","2015","3","",12,85,83,84,1009628,65757,1137,925,"",1.03,0.49,0.48,0.49,0.30,0.44,0.38,0.61,"",-1,-7.7,-1,-1.2,-3,-3.5,-4,-4.5,-9398,-0.9,-2766,-4.0,-205,-15.3,21,2.3
"12095","5","518210","78","0","2015","3","",102,1967,1927,1884,29274766,1410862,38800,1169,"",1.41,1.21,1.18,1.16,0.87,1.05,1.40,0.73,"",3,3.0,-1045,-34.7,-1035,-34.9,-992,-34.5,-13846068,-32.1,-502799,-26.3,-29497,-43.2,45,4.0
"12097","5","518210","78","0","2015","3","N",5,0,0,0,0,0,0,0,"N",0.43,0,0,0,0,0,0,0,"N",-1,-16.7,0,0,0,0,0,0,0,0,0,0,0,0,0,0
"12099","5","518210","78","0","2015","3","",95,764,771,759,15256839,306413,5112,1535,"",0.96,0.65,0.65,0.64,0.57,0.30,0.24,0.89,"",4,4.4,68,9.8,71,10.1,49,6.9,3897446,34.3,-602554,-66.3,-18363,-78.2,290,23.3
"12101","5","518210","78","0","2015","3","",8,13,12,13,270583,8129,79,1643,"",0.42,0.06,0.05,0.06,0.07,0.05,0.02,1.31,"",-3,-27.3,-1,-7.1,0,0.0,3,30.0,128789,90.8,4285,111.5,-4,-4.8,734,80.7
"12103","5","518210","78","0","2015","3","",74,903,886,887,15471938,644578,19352,1334,"",1.26,1.05,1.02,1.03,0.87,0.97,1.43,0.85,"",9,13.8,5,0.6,30,3.5,42,5.0,1226401,8.6,110625,20.7,-775,-3.9,69,5.5
"12105","5","518210","78","0","2015","3","N",2,0,0,0,0,0,0,0,"N",0.09,0,0,0,0,0,0,0,"N",0,0.0,0,0,0,0,0,0,0,0,0,0,0,0,0,0
"12107","5","518210","78","0","2015","3","N",1,0,0,0,0,0,0,0,"N",0.38,0,0,0,0,0,0,0,"N",1,100.0,0,0,0,0,0,0,0,0,0,0,0,0,0,0
"12109","5","518210","78","0","2015","3","",14,25,26,26,583841,20736,891,1750,"",1.15,0.18,0.18,0.18,0.24,0.17,0.40,1.30,"",-2,-12.5,2,8.7,4,18.2,0,0.0,-190853,-24.6,-3509,-14.5,370,71.0,-768,-30.5
"12111","5","518210","78","0","2015","3","N",3,0,0,0,0,0,0,0,"N",0.27,0,0,0,0,0,0,0,"N",-1,-25.0,0,0,0,0,0,0,0,0,0,0,0,0,0,0
"12113","5","518210","78","0","2015","3","",3,12,15,15,109974,21689,52,604,"",0.49,0.16,0.20,0.20,0.10,0.36,0.05,0.52,"",-2,-40.0,-25,-67.6,-20,-57.1,-21,-58.3,-286124,-72.2,-4135,-16.0,-100,-65.8,-242,-28.6
"12115","5","518210","78","0","2015","3","",16,37,44,41,571262,94681,2545,1081,"",0.56,0.11,0.13,0.12,0.09,0.34,0.52,0.75,"",0,0.0,17,85.0,22,100.0,18,78.3,256962,81.8,46230,95.4,1523,149.0,-35,-3.1
"12117","5","518210","78","0","2015","3","",41,1288,1297,1291,24748672,619723,14243,1473,"",1.55,3.46,3.49,3.49,3.42,1.92,1.90,0.98,"",-4,-8.9,173,15.5,174,15.5,171,15.3,4008259,19.3,204503,49.3,2306,19.3,48,3.4
"12119","5","518210","78","0","2015","3","",3,3,3,3,18410,329,21,472,"",1.00,0.06,0.05,0.05,0.02,0.01,0.03,0.36,"N",0,0.0,0,0,0,0,0,0,0,0,0,0,0,0,0,0
"12127","5","518210","78","0","2015","3","",16,38,39,37,473159,24005,485,958,"",0.62,0.11,0.11,0.11,0.08,0.09,0.09,0.74,"",-3,-15.8,-2,-5.0,-5,-11.4,-6,-14.0,55830,13.4,-39334,-62.1,-1086,-69.1,200,26.4
"12131","5","518210","78","0","2015","3","",4,6,6,6,95015,2260,47,1218,"",0.91,0.11,0.12,0.12,0.12,0.04,0.05,1.02,"",0,0.0,-1,-14.3,-1,-14.3,-2,-25.0,-72358,-43.2,-1012,-30.9,-2,-4.1,-538,-30.6
"12133","5","518210","78","0","2015","3","N",1,0,0,0,0,0,0,0,"N",1.27,0,0,0,0,0,0,0,"N",0,0.0,0,0,0,0,0,0,0,0,0,0,0,0,0,0
"12999","5","518210","78","0","2015","3","",362,1631,1638,1617,40793553,1432039,46716,1927,"",4.71,3.19,3.20,3.19,2.40,2.27,3.21,0.75,"",18,5.2,-42,-2.5,-30,-1.8,-77,-4.5,-565419,-1.4,203093,16.5,3819,8.9,31,1.6
"13000","5","518210","58","0","2015","3","",605,8192,8134,8191,188686980,7721026,240118,1776,"",1.11,0.92,0.91,0.93,0.96,0.78,1.11,1.04,"",85,16.3,214,2.7,212,2.7,303,3.8,4763804,2.6,851841,12.4,51873,27.6,-8,-0.4
"13011","5","518210","78","0","2015","3","N",1,0,0,0,0,0,0,0,"N",1.85,0,0,0,0,0,0,0,"N",0,0.0,0,0,0,0,0,0,0,0,0,0,0,0,0,0
"13013","5","518210","78","0","2015","3","N",1,0,0,0,0,0,0,0,"N",0.45,0,0,0,0,0,0,0,"N",1,100.0,0,0,0,0,0,0,0,0,0,0,0,0,0,0
"13019","5","518210","78","0","2015","3","N",1,0,0,0,0,0,0,0,"N",1.84,0,0,0,0,0,0,0,"N",1,100.0,0,0,0,0,0,0,0,0,0,0,0,0,0,0
"13021","5","518210","78","0","2015","3","N",5,0,0,0,0,0,0,0,"N",0.59,0,0,0,0,0,0,0,"N",0,0.0,0,0,0,0,0,0,0,0,0,0,0,0,0,0
"13029","5","518210","78","0","2015","3","-",0,0,0,0,0,0,0,0,"N",0.00,0,0,0,0,0,0,0,"N",0,0,0,0,0,0,0,0,0,0,0,0,0,0,0,0
"13039","5","518210","78","0","2015","3","N",1,0,0,0,0,0,0,0,"N",0.57,0,0,0,0,0,0,0,"N",0,0.0,0,0,0,0,0,0,0,0,0,0,0,0,0,0
"13045","5","518210","78","0","2015","3","N",2,0,0,0,0,0,0,0,"N",0.48,0,0,0,0,0,0,0,"N",0,0.0,0,0,0,0,0,0,0,0,0,0,0,0,0,0
"13047","5","518210","78","0","2015","3","N",1,0,0,0,0,0,0,0,"N",0.53,0,0,0,0,0,0,0,"N",1,100.0,0,0,0,0,0,0,0,0,0,0,0,0,0,0
"13051","5","518210","78","0","2015","3","",7,51,52,52,838351,28822,765,1248,"",0.44,0.16,0.17,0.17,0.13,0.08,0.10,0.82,"",1,16.7,1,2.0,3,6.1,2,4.0,82041,10.8,-4111,-12.5,-20,-2.5,77,6.6
"13057","5","518210","78","0","2015","3","",16,49,50,50,1111661,84282,1881,1722,"",1.45,0.43,0.43,0.44,0.55,0.58,0.73,1.27,"",3,23.1,10,25.6,12,31.6,13,35.1,174387,18.6,31310,59.1,256,15.8,-175,-9.2
"13059","5","518210","78","0","2015","3","N",3,0,0,0,0,0,0,0,"N",0.48,0,0,0,0,0,0,0,"N",-1,-25.0,0,0,0,0,0,0,0,0,0,0,0,0,0,0
"13063","5","518210","78","0","2015","3","N",2,0,0,0,0,0,0,0,"N",0.24,0,0,0,0,0,0,0,"N",0,0.0,0,0,0,0,0,0,0,0,0,0,0,0,0,0
"13067","5","518210","78","0","2015","3","",65,753,775,772,24578169,450111,11556,2466,"",1.49,1.05,1.08,1.09,1.42,0.52,0.58,1.32,"",10,18.2,20,2.7,55,7.6,56,7.8,601901,2.5,59003,15.1,869,8.1,-85,-3.3
"13073","5","518210","78","0","2015","3","",4,51,46,39,694147,50715,361,1178,"",0.86,0.77,0.68,0.58,0.62,0.66,0.26,0.92,"",-1,-20.0,-7,-12.1,-13,-22.0,-18,-31.6,-98018,-12.4,-14309,-22.0,-630,-63.6,127,12.1
"13077","5","518210","78","0","2015","3","N",4,0,0,0,0,0,0,0,"N",0.85,0,0,0,0,0,0,0,"N",1,33.3,0,0,0,0,0,0,0,0,0,0,0,0,0,0
"13089","5","518210","78","0","2015","3","",35,614,607,620,11693604,466760,13045,1466,"",0.97,0.98,0.97,1.01,0.80,0.72,0.95,0.81,"",7,25.0,54,9.6,64,11.8,87,16.3,1782801,18.0,53858,13.0,1278,10.9,68,4.9
"13095","5","518210","78","0","2015","3","",5,48,28,24,384759,30032,704,888,"",1.05,0.49,0.28,0.25,0.21,0.35,0.39,0.63,"N",1,25.0,0,0,0,0,0,0,0,0,0,0,0,0,0,0
"13097","5","518210","78","0","2015","3","N",3,0,0,0,0,0,0,0,"N",0.57,0,0,0,0,0,0,0,"N",0,0.0,0,0,0,0,0,0,0,0,0,0,0,0,0,0
"13105","5","518210","78","0","2015","3","N",1,0,0,0,0,0,0,0,"N",1.05,0,0,0,0,0,0,0,"N",1,100.0,0,0,0,0,0,0,0,0,0,0,0,0,0,0
"13113","5","518210","78","0","2015","3","N",3,0,0,0,0,0,0,0,"N",0.43,0,0,0,0,0,0,0,"N",-1,-25.0,0,0,0,0,0,0,0,0,0,0,0,0,0,0
"13117","5","518210","78","0","2015","3","",15,44,43,41,629283,72937,1328,1135,"",1.30,0.30,0.29,0.28,0.20,0.40,0.38,0.69,"N",3,25.0,0,0,0,0,0,0,0,0,0,0,0,0,0,0
"13121","5","518210","78","0","2015","3","",154,2635,2639,2679,64776881,2039603,57740,1880,"",1.79,1.54,1.55,1.59,1.24,1.10,1.33,0.80,"",15,10.8,-67,-2.5,-55,-2.0,-15,-0.6,-1107330,-1.7,-527551,-20.6,-14311,-19.9,1,0.1
"13123","5","518210","78","0","2015","3","N",1,0,0,0,0,0,0,0,"N",0.87,0,0,0,0,0,0,0,"N",0,0.0,0,0,0,0,0,0,0,0,0,0,0,0,0,0
"13127","5","518210","78","0","2015","3","N",1,0,0,0,0,0,0,0,"N",0.19,0,0,0,0,0,0,0,"N",0,0.0,0,0,0,0,0,0,0,0,0,0,0,0,0,0
"13133","5","518210","78","0","2015","3","N",1,0,0,0,0,0,0,0,"N",1.06,0,0,0,0,0,0,0,"N",0,0.0,0,0,0,0,0,0,0,0,0,0,0,0,0,0
"13135","5","518210","78","0","2015","3","",75,2283,2292,2302,50117591,1703091,37016,1682,"",1.53,3.18,3.19,3.24,3.02,2.04,2.14,0.94,"",2,2.7,103,4.7,97,4.4,100,4.5,1264492,2.6,55358,3.4,-1895,-4.9,-32,-1.9
"13139","5","518210","78","0","2015","3","N",3,0,0,0,0,0,0,0,"N",0.35,0,0,0,0,0,0,0,"N",0,0.0,0,0,0,0,0,0,0,0,0,0,0,0,0,0
"13143","5","518210","78","0","2015","3","N",1,0,0,0,0,0,0,0,"N",1.09,0,0,0,0,0,0,0,"N",0,0.0,0,0,0,0,0,0,0,0,0,0,0,0,0,0
"13145","5","518210","78","0","2015","3","N",1,0,0,0,0,0,0,0,"N",1.12,0,0,0,0,0,0,0,"N",0,0.0,0,0,0,0,0,0,0,0,0,0,0,0,0,0
"13151","5","518210","78","0","2015","3","",8,47,47,49,647181,26779,444,1044,"",1.07,0.41,0.40,0.42,0.34,0.19,0.15,0.82,"",-1,-11.1,3,6.8,4,9.3,3,6.5,73109,12.7,-4441,-14.2,-97,-17.9,48,4.8
"13153","5","518210","78","0","2015","3","",4,48,47,54,861377,18826,495,1334,"",0.75,0.40,0.39,0.45,0.33,0.20,0.30,0.82,"N",2,100.0,0,0,0,0,0,0,0,0,0,0,0,0,0,0
"13157","5","518210","78","0","2015","3","N",1,0,0,0,0,0,0,0,"N",0.38,0,0,0,0,0,0,0,"N",-1,-50.0,0,0,0,0,0,0,0,0,0,0,0,0,0,0
"13161","5","518210","78","0","2015","3","N",1,0,0,0,0,0,0,0,"N",2.03,0,0,0,0,0,0,0,"N",0,0.0,0,0,0,0,0,0,0,0,0,0,0,0,0,0
"13179","5","518210","78","0","2015","3","N",1,0,0,0,0,0,0,0,"N",0.57,0,0,0,0,0,0,0,"N",0,0.0,0,0,0,0,0,0,0,0,0,0,0,0,0,0
"13185","5","518210","78","0","2015","3","N",1,0,0,0,0,0,0,0,"N",0.18,0,0,0,0,0,0,0,"N",-1,-50.0,0,0,0,0,0,0,0,0,0,0,0,0,0,0
"13187","5","518210","78","0","2015","3","N",1,0,0,0,0,0,0,0,"N",0.97,0,0,0,0,0,0,0,"N",0,0.0,0,0,0,0,0,0,0,0,0,0,0,0,0,0
"13189","5","518210","78","0","2015","3","N",1,0,0,0,0,0,0,0,"N",1.16,0,0,0,0,0,0,0,"N",0,0.0,0,0,0,0,0,0,0,0,0,0,0,0,0,0
"13207","5","518210","78","0","2015","3","N",1,0,0,0,0,0,0,0,"N",1.01,0,0,0,0,0,0,0,"N",1,100.0,0,0,0,0,0,0,0,0,0,0,0,0,0,0
"13215","5","518210","78","0","2015","3","N",5,0,0,0,0,0,0,0,"N",0.55,0,0,0,0,0,0,0,"N",1,25.0,0,0,0,0,0,0,0,0,0,0,0,0,0,0
"13217","5","518210","78","0","2015","3","N",1,0,0,0,0,0,0,0,"N",0.33,0,0,0,0,0,0,0,"N",1,100.0,0,0,0,0,0,0,0,0,0,0,0,0,0,0
"13219","5","518210","78","0","2015","3","N",1,0,0,0,0,0,0,0,"N",0.51,0,0,0,0,0,0,0,"N",1,100.0,0,0,0,0,0,0,0,0,0,0,0,0,0,0
"13223","5","518210","78","0","2015","3","N",2,0,0,0,0,0,0,0,"N",0.52,0,0,0,0,0,0,0,"N",2,100.0,0,0,0,0,0,0,0,0,0,0,0,0,0,0
"13227","5","518210","78","0","2015","3","N",1,0,0,0,0,0,0,0,"N",0.70,0,0,0,0,0,0,0,"N",0,0.0,0,0,0,0,0,0,0,0,0,0,0,0,0,0
"13231","5","518210","78","0","2015","3","N",1,0,0,0,0,0,0,0,"N",1.96,0,0,0,0,0,0,0,"N",0,0.0,0,0,0,0,0,0,0,0,0,0,0,0,0,0
"13245","5","518210","78","0","2015","3","N",3,0,0,0,0,0,0,0,"N",0.33,0,0,0,0,0,0,0,"N",0,0.0,0,0,0,0,0,0,0,0,0,0,0,0,0,0
"13247","5","518210","78","0","2015","3","N",2,0,0,0,0,0,0,0,"N",0.51,0,0,0,0,0,0,0,"N",1,100.0,0,0,0,0,0,0,0,0,0,0,0,0,0,0
"13251","5","518210","78","0","2015","3","N",1,0,0,0,0,0,0,0,"N",1.99,0,0,0,0,0,0,0,"N",0,0.0,0,0,0,0,0,0,0,0,0,0,0,0,0,0
"13255","5","518210","78","0","2015","3","N",1,0,0,0,0,0,0,0,"N",0.43,0,0,0,0,0,0,0,"N",0,0.0,0,0,0,0,0,0,0,0,0,0,0,0,0,0
"13285","5","518210","78","0","2015","3","N",2,0,0,0,0,0,0,0,"N",0.67,0,0,0,0,0,0,0,"N",0,0.0,0,0,0,0,0,0,0,0,0,0,0,0,0,0
"13291","5","518210","78","0","2015","3","N",1,0,0,0,0,0,0,0,"N",0.86,0,0,0,0,0,0,0,"N",0,0.0,0,0,0,0,0,0,0,0,0,0,0,0,0,0
"13297","5","518210","78","0","2015","3","N",1,0,0,0,0,0,0,0,"N",0.30,0,0,0,0,0,0,0,"N",0,0.0,0,0,0,0,0,0,0,0,0,0,0,0,0,0
"13999","5","518210","78","0","2015","3","",152,1005,918,934,24090717,2016658,100888,1946,"",2.76,3.63,3.32,3.42,2.73,3.36,6.10,0.79,"",37,32.2,40,4.1,-14,-1.5,25,2.8,1276194,5.6,1056250,110.0,66461,193.0,70,3.7
"15000","3","518210","58","0","2015","3","N",1,0,0,0,0,0,0,0,"N",2.41,0,0,0,0,0,0,0,"N",0,0.0,0,0,0,0,0,0,0,0,0,0,0,0,0,0
"15000","5","518210","58","0","2015","3","",89,439,437,427,7322213,2728234,42511,1297,"",1.20,0.32,0.32,0.32,0.25,0.44,0.47,0.78,"",1,1.1,-16,-3.5,-17,-3.7,-24,-5.3,263145,3.7,-173560,-6.0,-4646,-9.9,99,8.3
"15001","5","518210","78","0","2015","3","",14,22,22,18,260976,108777,1340,971,"",1.44,0.15,0.15,0.13,0.09,0.16,0.12,0.66,"",4,40.0,3,15.8,5,29.4,1,5.9,72511,38.5,8657,8.6,4,0.3,150,18.3
"15003","3","518210","78","0","2015","3","N",1,0,0,0,0,0,0,0,"N",3.76,0,0,0,0,0,0,0,"N",0,0.0,0,0,0,0,0,0,0,0,0,0,0,0,0,0
"15003","5","518210","78","0","2015","3","",62,397,394,388,6801813,2461949,37963,1331,"",1.31,0.40,0.40,0.40,0.31,0.57,0.61,0.77,"",-6,-8.8,-26,-6.1,-30,-7.1,-32,-7.6,94978,1.4,-236406,-8.8,-5532,-12.7,109,8.9
"15007","5","518210","78","0","2015","3","N",6,0,0,0,0,0,0,0,"N",1.24,0,0,0,0,0,0,0,"N",2,50.0,0,0,0,0,0,0,0,0,0,0,0,0,0,0
"15009","5","518210","78","0","2015","3","",3,10,10,10,88098,59573,1404,678,"",0.27,0.06,0.06,0.06,0.03,0.07,0.11,0.46,"N",-1,-25.0,0,0,0,0,0,0,0,0,0,0,0,0,0,0
"15999","5","518210","78","0","2015","3","N",4,0,0,0,0,0,0,0,"N",4.29,0,0,0,0,0,0,0,"N",2,100.0,0,0,0,0,0,0,0,0,0,0,0,0,0,0
"16000","3","518210","58","0","2015","3","N",1,0,0,0,0,0,0,0,"N",1.68,0,0,0,0,0,0,0,"N",0,0.0,0,0,0,0,0,0,0,0,0,0,0,0,0,0
"16000","5","518210","58","0","2015","3","",165,615,612,607,9779116,4027271,54950,1230,"",1.56,0.42,0.42,0.42,0.38,0.64,0.61,0.90,"",9,5.8,-22,-3.5,-23,-3.6,-21,-3.3,-1340336,-12.1,-35506,-0.9,-12210,-18.2,-121,-9.0
"16001","5","518210","78","0","2015","3","",41,287,276,268,4351527,1560057,19564,1208,"",1.53,0.61,0.59,0.58,0.46,0.79,0.72,0.77,"",-8,-16.3,-54,-15.8,-52,-15.9,-56,-17.3,-509960,-10.5,-416924,-21.1,-12303,-38.6,78,6.9
"16003","5","518210","78","0","2015","3","N",1,0,0,0,0,0,0,0,"N",2.61,0,0,0,0,0,0,0,"N",1,100.0,0,0,0,0,0,0,0,0,0,0,0,0,0,0
"16005","5","518210","78","0","2015","3","N",3,0,0,0,0,0,0,0,"N",0.72,0,0,0,0,0,0,0,"N",1,50.0,0,0,0,0,0,0,0,0,0,0,0,0,0,0
"16007","5","518210","78","0","2015","3","N",2,0,0,0,0,0,0,0,"N",4.44,0,0,0,0,0,0,0,"N",0,0.0,0,0,0,0,0,0,0,0,0,0,0,0,0,0
"16009","5","518210","78","0","2015","3","N",1,0,0,0,0,0,0,0,"N",1.55,0,0,0,0,0,0,0,"N",-1,-50.0,0,0,0,0,0,0,0,0,0,0,0,0,0,0
"16011","5","518210","78","0","2015","3","N",1,0,0,0,0,0,0,0,"N",0.49,0,0,0,0,0,0,0,"N",0,0.0,0,0,0,0,0,0,0,0,0,0,0,0,0,0
"16013","5","518210","78","0","2015","3","",3,5,5,5,90019,6941,129,1385,"",1.02,0.17,0.18,0.19,0.18,0.05,0.06,1.01,"",0,0.0,-2,-28.6,-2,-28.6,-3,-37.5,-31915,-26.2,-50935,-88.0,-939,-87.9,106,8.3
"16015","5","518210","78","0","2015","3","N",1,0,0,0,0,0,0,0,"N",2.85,0,0,0,0,0,0,0,"N",0,0.0,0,0,0,0,0,0,0,0,0,0,0,0,0,0
"16017","5","518210","78","0","2015","3","N",2,0,0,0,0,0,0,0,"N",0.69,0,0,0,0,0,0,0,"N",0,0.0,0,0,0,0,0,0,0,0,0,0,0,0,0,0
"16019","5","518210","78","0","2015","3","N",5,0,0,0,0,0,0,0,"N",0.73,0,0,0,0,0,0,0,"N",1,25.0,0,0,0,0,0,0,0,0,0,0,0,0,0,0
"16027","5","518210","78","0","2015","3","N",2,0,0,0,0,0,0,0,"N",0.24,0,0,0,0,0,0,0,"N",-1,-33.3,0,0,0,0,0,0,0,0,0,0,0,0,0,0
"16031","5","518210","78","0","2015","3","N",3,0,0,0,0,0,0,0,"N",1.90,0,0,0,0,0,0,0,"N",0,0.0,0,0,0,0,0,0,0,0,0,0,0,0,0,0
"16033","5","518210","78","0","2015","3","N",1,0,0,0,0,0,0,0,"N",10.01,0,0,0,0,0,0,0,"N",-1,-50.0,0,0,0,0,0,0,0,0,0,0,0,0,0,0
"16035","5","518210","78","0","2015","3","N",1,0,0,0,0,0,0,0,"N",1.70,0,0,0,0,0,0,0,"N",0,0.0,0,0,0,0,0,0,0,0,0,0,0,0,0,0
"16047","5","518210","78","0","2015","3","N",1,0,0,0,0,0,0,0,"N",1.00,0,0,0,0,0,0,0,"N",0,0.0,0,0,0,0,0,0,0,0,0,0,0,0,0,0
"16053","3","518210","78","0","2015","3","N",1,0,0,0,0,0,0,0,"N",137.20,0,0,0,0,0,0,0,"N",0,0.0,0,0,0,0,0,0,0,0,0,0,0,0,0,0
"16053","5","518210","78","0","2015","3","N",2,0,0,0,0,0,0,0,"N",1.54,0,0,0,0,0,0,0,"N",1,100.0,0,0,0,0,0,0,0,0,0,0,0,0,0,0
"16055","5","518210","78","0","2015","3","",6,23,23,21,319180,190680,2664,1099,"",0.66,0.18,0.18,0.17,0.16,0.34,0.29,0.86,"",-2,-25.0,5,27.8,4,21.1,2,10.5,67429,26.8,66118,53.1,555,26.3,62,6.0
"16057","5","518210","78","0","2015","3","N",1,0,0,0,0,0,0,0,"N",0.52,0,0,0,0,0,0,0,"N",0,0.0,0,0,0,0,0,0,0,0,0,0,0,0,0,0
"16061","5","518210","78","0","2015","3","N",1,0,0,0,0,0,0,0,"N",2.59,0,0,0,0,0,0,0,"N",0,0.0,0,0,0,0,0,0,0,0,0,0,0,0,0,0
"16065","5","518210","78","0","2015","3","N",1,0,0,0,0,0,0,0,"N",0.56,0,0,0,0,0,0,0,"N",1,100.0,0,0,0,0,0,0,0,0,0,0,0,0,0,0
"16069","5","518210","78","0","2015","3","N",1,0,0,0,0,0,0,0,"N",0.44,0,0,0,0,0,0,0,"N",1,100.0,0,0,0,0,0,0,0,0,0,0,0,0,0,0
"16071","5","518210","78","0","2015","3","N",1,0,0,0,0,0,0,0,"N",4.05,0,0,0,0,0,0,0,"N",0,0.0,0,0,0,0,0,0,0,0,0,0,0,0,0,0
"16075","5","518210","78","0","2015","3","N",1,0,0,0,0,0,0,0,"N",0.90,0,0,0,0,0,0,0,"N",0,0.0,0,0,0,0,0,0,0,0,0,0,0,0,0,0
"16083","5","518210","78","0","2015","3","N",2,0,0,0,0,0,0,0,"N",0.39,0,0,0,0,0,0,0,"N",0,0.0,0,0,0,0,0,0,0,0,0,0,0,0,0,0
"16999","5","518210","78","0","2015","3","",81,66,70,73,1980196,715144,11151,2186,"",8.58,3.47,3.65,3.84,3.52,5.23,5.29,0.96,"",17,26.6,12,22.2,12,20.7,12,19.7,-1389697,-41.2,262163,57.9,2594,30.3,-2309,-51.4
"17000","5","518210","58","0","2015","3","",889,10202,10190,10091,264883446,13506325,494511,2005,"",1.16,0.81,0.81,0.81,0.86,0.80,0.82,1.06,"",-8,-0.9,358,3.6,263,2.6,221,2.2,26377129,11.1,1667202,14.1,72542,17.2,148,8.0
"17001","5","518210","78","0","2015","3","N",1,0,0,0,0,0,0,0,"N",0.28,0,0,0,0,0,0,0,"N",0,0.0,0,0,0,0,0,0,0,0,0,0,0,0,0,0
"17017","5","518210","78","0","2015","3","N",1,0,0,0,0,0,0,0,"N",1.69,0,0,0,0,0,0,0,"N",0,0.0,0,0,0,0,0,0,0,0,0,0,0,0,0,0
"17019","5","518210","78","0","2015","3","",12,378,332,330,4354024,494439,25728,966,"",1.45,1.96,1.74,1.74,1.08,2.37,3.80,0.59,"",-1,-7.7,-17,-4.3,-14,-4.0,-12,-3.5,-444557,-9.3,-46070,-8.5,-6351,-19.8,-56,-5.5
"17025","5","518210","78","0","2015","3","N",1,0,0,0,0,0,0,0,"N",1.29,0,0,0,0,0,0,0,"N",0,0.0,0,0,0,0,0,0,0,0,0,0,0,0,0,0
"17029","5","518210","78","0","2015","3","N",1,0,0,0,0,0,0,0,"N",0.44,0,0,0,0,0,0,0,"N",0,0.0,0,0,0,0,0,0,0,0,0,0,0,0,0,0
"17031","5","518210","78","0","2015","3","",292,6001,6036,5994,166041971,6090998,198574,2125,"",1.00,1.10,1.11,1.11,1.14,0.83,0.78,1.03,"",-30,-9.3,410,7.3,315,5.5,334,5.9,20340736,14.0,-1623766,-21.0,-49147,-19.8,144,7.3
"17037","5","518210","78","0","2015","3","N",1,0,0,0,0,0,0,0,"N",0.24,0,0,0,0,0,0,0,"N",0,0.0,0,0,0,0,0,0,0,0,0,0,0,0,0,0
"17043","5","518210","78","0","2015","3","",84,1428,1408,1397,37675160,1644810,68871,2054,"",1.17,1.10,1.09,1.09,1.08,0.95,1.12,0.99,"",-7,-7.7,-471,-24.8,-470,-25.0,-457,-24.6,-7720655,-17.0,628880,61.9,26687,63.3,194,10.4
"17051","5","518210","78","0","2015","3","N",1,0,0,0,0,0,0,0,"N",0.95,0,0,0,0,0,0,0,"N",0,0.0,0,0,0,0,0,0,0,0,0,0,0,0,0,0
"17053","5","518210","78","0","2015","3","N",1,0,0,0,0,0,0,0,"N",1.33,0,0,0,0,0,0,0,"N",0,0.0,0,0,0,0,0,0,0,0,0,0,0,0,0,0
"17063","5","518210","78","0","2015","3","N",1,0,0,0,0,0,0,0,"N",0.42,0,0,0,0,0,0,0,"N",0,0.0,0,0,0,0,0,0,0,0,0,0,0,0,0,0
"17065","5","518210","78","0","2015","3","N",1,0,0,0,0,0,0,0,"N",2.34,0,0,0,0,0,0,0,"N",1,100.0,0,0,0,0,0,0,0,0,0,0,0,0,0,0
"17077","5","518210","78","0","2015","3","N",2,0,0,0,0,0,0,0,"N",0.78,0,0,0,0,0,0,0,"N",1,100.0,0,0,0,0,0,0,0,0,0,0,0,0,0,0
"17081","5","518210","78","0","2015","3","-",0,0,0,0,0,0,0,0,"N",0.00,0,0,0,0,0,0,0,"N",-1,-100.0,0,0,0,0,0,0,0,0,0,0,0,0,0,0
"17089","5","518210","78","0","2015","3","",14,31,41,27,654815,106579,1834,1526,"",0.54,0.07,0.09,0.06,0.07,0.17,0.09,0.95,"",-4,-22.2,-144,-82.3,-144,-77.8,-156,-85.2,-1934783,-74.7,-63285,-37.3,-2932,-61.5,425,38.6
"17091","5","518210","78","0","2015","3","N",1,0,0,0,0,0,0,0,"N",0.21,0,0,0,0,0,0,0,"N",1,100.0,0,0,0,0,0,0,0,0,0,0,0,0,0,0
"17095","5","518210","78","0","2015","3","N",1,0,0,0,0,0,0,0,"N",0.47,0,0,0,0,0,0,0,"N",0,0.0,0,0,0,0,0,0,0,0,0,0,0,0,0,0
"17097","5","518210","78","0","2015","3","",49,162,162,164,7108261,237793,8725,3361,"",1.16,0.22,0.23,0.23,0.32,0.24,0.25,1.40,"",-8,-14.0,45,38.5,41,33.9,44,36.7,3879935,120.2,138481,139.4,5172,145.6,1280,61.5
"17111","5","518210","78","0","2015","3","N",10,0,0,0,0,0,0,0,"N",0.60,0,0,0,0,0,0,0,"N",-1,-9.1,0,0,0,0,0,0,0,0,0,0,0,0,0,0
"17113","5","518210","78","0","2015","3","N",4,0,0,0,0,0,0,0,"N",0.56,0,0,0,0,0,0,0,"N",-1,-20.0,0,0,0,0,0,0,0,0,0,0,0,0,0,0
"17115","5","518210","78","0","2015","3","-",0,0,0,0,0,0,0,0,"N",0.00,0,0,0,0,0,0,0,"N",0,0,0,0,0,0,0,0,0,0,0,0,0,0,0,0
"17119","5","518210","78","0","2015","3","",6,10,10,9,162438,15438,160,1293,"",0.52,0.05,0.05,0.04,0.04,0.06,0.01,0.88,"N",-2,-25.0,0,0,0,0,0,0,0,0,0,0,0,0,0,0
"17121","5","518210","78","0","2015","3","N",1,0,0,0,0,0,0,0,"N",0.56,0,0,0,0,0,0,0,"N",0,0.0,0,0,0,0,0,0,0,0,0,0,0,0,0,0
"17133","5","518210","78","0","2015","3","N",1,0,0,0,0,0,0,0,"N",0.65,0,0,0,0,0,0,0,"N",0,0.0,0,0,0,0,0,0,0,0,0,0,0,0,0,0
"17135","5","518210","78","0","2015","3","N",1,0,0,0,0,0,0,0,"N",0.68,0,0,0,0,0,0,0,"N",0,0.0,0,0,0,0,0,0,0,0,0,0,0,0,0,0
"17139","5","518210","78","0","2015","3","N",1,0,0,0,0,0,0,0,"N",1.42,0,0,0,0,0,0,0,"N",0,0.0,0,0,0,0,0,0,0,0,0,0,0,0,0,0
"17143","5","518210","78","0","2015","3","N",2,0,0,0,0,0,0,0,"N",0.23,0,0,0,0,0,0,0,"N",-1,-33.3,0,0,0,0,0,0,0,0,0,0,0,0,0,0
"17147","5","518210","78","0","2015","3","N",1,0,0,0,0,0,0,0,"N",1.38,0,0,0,0,0,0,0,"N",0,0.0,0,0,0,0,0,0,0,0,0,0,0,0,0,0
"17149","5","518210","78","0","2015","3","N",1,0,0,0,0,0,0,0,"N",1.07,0,0,0,0,0,0,0,"N",0,0.0,0,0,0,0,0,0,0,0,0,0,0,0,0,0
"17161","5","518210","78","0","2015","3","",3,55,55,55,526213,90650,4507,736,"",0.48,0.36,0.36,0.36,0.15,0.53,0.79,0.41,"",-2,-40.0,-33,-37.5,-35,-38.9,-32,-36.8,-366263,-41.0,25931,40.1,1249,38.3,-41,-5.3
"17163","5","518210","78","0","2015","3","N",5,0,0,0,0,0,0,0,"N",0.48,0,0,0,0,0,0,0,"N",0,0.0,0,0,0,0,0,0,0,0,0,0,0,0,0,0
"17167","5","518210","78","0","2015","3","",8,96,99,94,1173151,129907,4672,937,"",0.80,0.34,0.36,0.34,0.17,0.48,0.44,0.50,"",-1,-11.1,16,20.0,20,25.3,18,23.7,-1506,-0.1,21310,19.6,564,13.7,-217,-18.8
"17179","5","518210","78","0","2015","3","N",1,0,0,0,0,0,0,0,"N",0.19,0,0,0,0,0,0,0,"N",-1,-50.0,0,0,0,0,0,0,0,0,0,0,0,0,0,0
"17183","5","518210","78","0","2015","3","N",1,0,0,0,0,0,0,0,"N",0.34,0,0,0,0,0,0,0,"N",0,0.0,0,0,0,0,0,0,0,0,0,0,0,0,0,0
"17197","5","518210","78","0","2015","3","",19,93,94,93,2766036,79219,1712,2280,"",0.63,0.20,0.20,0.20,0.29,0.11,0.06,1.44,"",1,5.6,17,22.4,16,20.5,16,20.8,531433,23.8,56078,242.3,979,133.6,48,2.2
"17199","5","518210","78","0","2015","3","-",0,0,0,0,0,0,0,0,"N",0.00,0,0,0,0,0,0,0,"N",0,0,0,0,0,0,0,0,0,0,0,0,0,0,0,0
"17201","5","518210","78","0","2015","3","N",3,0,0,0,0,0,0,0,"N",0.23,0,0,0,0,0,0,0,"N",0,0.0,0,0,0,0,0,0,0,0,0,0,0,0,0,0
"17999","5","518210","78","0","2015","3","",357,1367,1386,1362,38600038,4195686,166809,2165,"",3.81,4.63,4.71,4.66,3.60,6.14,5.27,0.77,"",48,15.5,456,50.1,467,50.8,441,47.9,10949429,39.6,2494993,146.7,96794,138.2,-154,-6.6
"18000","5","518210","58","0","2015","3","",285,3051,3035,3078,50250919,3006007,106534,1265,"",0.95,0.49,0.48,0.49,0.40,0.47,0.65,0.83,"",14,5.2,306,11.1,298,10.9,391,14.6,3832946,8.3,1308889,77.1,63958,150.2,-46,-3.5
"18003","5","518210","78","0","2015","3","N",10,0,0,0,0,0,0,0,"N",0.61,0,0,0,0,0,0,0,"N",-1,-9.1,0,0,0,0,0,0,0,0,0,0,0,0,0,0
"18011","5","518210","78","0","2015","3","N",1,0,0,0,0,0,0,0,"N",0.32,0,0,0,0,0,0,0,"N",-1,-50.0,0,0,0,0,0,0,0,0,0,0,0,0,0,0
"18017","5","518210","78","0","2015","3","N",1,0,0,0,0,0,0,0,"N",0.73,0,0,0,0,0,0,0,"N",0,0.0,0,0,0,0,0,0,0,0,0,0,0,0,0,0
"18019","5","518210","78","0","2015","3","",3,4,5,5,80370,0,0,1325,"",0.64,0.04,0.04,0.04,0.04,0.00,0.00,1.01,"N",1,50.0,0,0,0,0,0,0,0,0,0,0,0,0,0,0
"18023","5","518210","78","0","2015","3","N",1,0,0,0,0,0,0,0,"N",0.91,0,0,0,0,0,0,0,"N",0,0.0,0,0,0,0,0,0,0,0,0,0,0,0,0,0
"18035","5","518210","78","0","2015","3","N",1,0,0,0,0,0,0,0,"N",0.24,0,0,0,0,0,0,0,"N",1,100.0,0,0,0,0,0,0,0,0,0,0,0,0,0,0
"18039","5","518210","78","0","2015","3","",5,11,11,11,232900,5067,35,1629,"",0.57,0.04,0.04,0.04,0.05,0.02,0.00,1.11,"",0,0.0,-1,-8.3,-2,-15.4,-2,-15.4,6222,2.7,-4534,-47.2,-45,-56.2,252,18.3
"18055","5","518210","78","0","2015","3","N",1,0,0,0,0,0,0,0,"N",0.90,0,0,0,0,0,0,0,"N",0,0.0,0,0,0,0,0,0,0,0,0,0,0,0,0,0
"18057","5","518210","78","0","2015","3","",33,218,225,227,3226359,323565,8681,1111,"",1.98,0.75,0.77,0.79,0.50,0.97,1.08,0.65,"",-2,-5.7,29,15.3,31,16.0,30,15.2,121181,3.9,125550,63.4,4073,88.4,-124,-10.0
"18059","5","518210","78","0","2015","3","N",2,0,0,0,0,0,0,0,"N",0.72,0,0,0,0,0,0,0,"N",0,0.0,0,0,0,0,0,0,0,0,0,0,0,0,0,0
"18063","5","518210","78","0","2015","3","N",2,0,0,0,0,0,0,0,"N",0.34,0,0,0,0,0,0,0,"N",-1,-33.3,0,0,0,0,0,0,0,0,0,0,0,0,0,0
"18081","5","518210","78","0","2015","3","",3,23,24,24,413085,12500,373,1343,"",0.50,0.22,0.22,0.23,0.24,0.10,0.14,1.07,"N",1,50.0,0,0,0,0,0,0,0,0,0,0,0,0,0,0
"18083","5","518210","78","0","2015","3","N",1,0,0,0,0,0,0,0,"N",0.56,0,0,0,0,0,0,0,"N",0,0.0,0,0,0,0,0,0,0,0,0,0,0,0,0,0
"18089","5","518210","78","0","2015","3","",10,15,17,17,126523,3705,131,596,"",0.52,0.04,0.04,0.04,0.02,0.01,0.01,0.38,"",0,0.0,3,25.0,6,54.5,5,41.7,-14779,-10.5,-1290,-25.8,-8,-5.8,-336,-36.1
"18091","5","518210","78","0","2015","3","N",1,0,0,0,0,0,0,0,"N",0.23,0,0,0,0,0,0,0,"N",0,0.0,0,0,0,0,0,0,0,0,0,0,0,0,0,0
"18095","5","518210","78","0","2015","3","N",2,0,0,0,0,0,0,0,"N",0.49,0,0,0,0,0,0,0,"N",-1,-33.3,0,0,0,0,0,0,0,0,0,0,0,0,0,0
"18097","5","518210","78","0","2015","3","",50,1887,1857,1907,32077244,1611866,66072,1310,"",1.13,1.51,1.48,1.54,1.10,1.31,2.21,0.73,"",-5,-9.1,375,24.8,365,24.5,439,29.9,4928786,18.2,824792,104.8,44656,208.5,-91,-6.5
"18105","5","518210","78","0","2015","3","",4,9,9,8,126315,9721,245,1121,"",0.73,0.07,0.07,0.06,0.05,0.08,0.09,0.77,"N",1,33.3,0,0,0,0,0,0,0,0,0,0,0,0,0,0
"18107","5","518210","78","0","2015","3","N",2,0,0,0,0,0,0,0,"N",1.23,0,0,0,0,0,0,0,"N",1,100.0,0,0,0,0,0,0,0,0,0,0,0,0,0,0
"18113","5","518210","78","0","2015","3","N",1,0,0,0,0,0,0,0,"N",0.62,0,0,0,0,0,0,0,"N",-1,-50.0,0,0,0,0,0,0,0,0,0,0,0,0,0,0
"18119","5","518210","78","0","2015","3","N",2,0,0,0,0,0,0,0,"N",3.75,0,0,0,0,0,0,0,"N",0,0.0,0,0,0,0,0,0,0,0,0,0,0,0,0,0
"18121","5","518210","78","0","2015","3","N",1,0,0,0,0,0,0,0,"N",1.77,0,0,0,0,0,0,0,"N",0,0.0,0,0,0,0,0,0,0,0,0,0,0,0,0,0
"18125","5","518210","78","0","2015","3","N",1,0,0,0,0,0,0,0,"N",2.63,0,0,0,0,0,0,0,"N",0,0.0,0,0,0,0,0,0,0,0,0,0,0,0,0,0
"18127","5","518210","78","0","2015","3","N",6,0,0,0,0,0,0,0,"N",0.89,0,0,0,0,0,0,0,"N",-2,-25.0,0,0,0,0,0,0,0,0,0,0,0,0,0,0
"18141","5","518210","78","0","2015","3","",12,279,282,281,4311379,356127,7818,1182,"",1.12,1.10,1.11,1.09,0.88,1.46,1.25,0.80,"",1,9.1,14,5.3,17,6.4,11,4.1,362620,9.2,128502,56.5,2235,40.0,43,3.8
"18145","5","518210","78","0","2015","3","N",1,0,0,0,0,0,0,0,"N",0.57,0,0,0,0,0,0,0,"N",0,0.0,0,0,0,0,0,0,0,0,0,0,0,0,0,0
"18147","5","518210","78","0","2015","3","N",1,0,0,0,0,0,0,0,"N",1.15,0,0,0,0,0,0,0,"N",0,0.0,0,0,0,0,0,0,0,0,0,0,0,0,0,0
"18157","5","518210","78","0","2015","3","N",3,0,0,0,0,0,0,0,"N",0.48,0,0,0,0,0,0,0,"N",-1,-25.0,0,0,0,0,0,0,0,0,0,0,0,0,0,0
"18163","5","518210","78","0","2015","3","N",2,0,0,0,0,0,0,0,"N",0.23,0,0,0,0,0,0,0,"N",0,0.0,0,0,0,0,0,0,0,0,0,0,0,0,0,0
"18169","5","518210","78","0","2015","3","N",1,0,0,0,0,0,0,0,"N",0.72,0,0,0,0,0,0,0,"N",0,0.0,0,0,0,0,0,0,0,0,0,0,0,0,0,0
"18183","5","518210","78","0","2015","3","N",2,0,0,0,0,0,0,0,"N",1.51,0,0,0,0,0,0,0,"N",1,100.0,0,0,0,0,0,0,0,0,0,0,0,0,0,0
"18999","5","518210","78","0","2015","3","",119,223,228,228,4706057,356635,13200,1599,"",4.25,1.55,1.57,1.59,1.20,1.48,1.76,0.76,"",28,30.8,47,26.7,49,27.4,49,27.4,1178561,33.4,114022,47.0,7535,133.0,75,4.9
"19000","3","518210","58","0","2015","3","N",1,0,0,0,0,0,0,0,"N",0.94,0,0,0,0,0,0,0,"N",0,0.0,0,0,0,0,0,0,0,0,0,0,0,0,0,0
"19000","5","518210","58","0","2015","3","",172,5423,5211,5182,76610019,18434266,432696,1118,"",0.91,1.64,1.59,1.59,1.17,1.72,2.67,0.73,"",6,3.6,-234,-4.1,-358,-6.4,-433,-7.7,-131210,-0.2,-5064248,-21.6,-85692,-16.5,66,6.3
"19007","5","518210","78","0","2015","3","N",1,0,0,0,0,0,0,0,"N",1.37,0,0,0,0,0,0,0,"N",0,0.0,0,0,0,0,0,0,0,0,0,0,0,0,0,0
"19013","5","518210","78","0","2015","3","",5,26,23,22,284190,37352,708,924,"",0.69,0.16,0.15,0.14,0.09,0.08,0.10,0.62,"",-2,-28.6,5,23.8,3,15.0,1,4.8,-133992,-32.0,-32988,-46.9,-1016,-58.9,-633,-40.7
"19015","5","518210","78","0","2015","3","N",2,0,0,0,0,0,0,0,"N",1.50,0,0,0,0,0,0,0,"N",0,0.0,0,0,0,0,0,0,0,0,0,0,0,0,0,0
"19017","5","518210","78","0","2015","3","N",1,0,0,0,0,0,0,0,"N",0.74,0,0,0,0,0,0,0,"N",1,100.0,0,0,0,0,0,0,0,0,0,0,0,0,0,0
"19019","5","518210","78","0","2015","3","N",1,0,0,0,0,0,0,0,"N",0.87,0,0,0,0,0,0,0,"N",0,0.0,0,0,0,0,0,0,0,0,0,0,0,0,0,0
"19025","5","518210","78","0","2015","3","-",0,0,0,0,0,0,0,0,"N",0.00,0,0,0,0,0,0,0,"N",-1,-100.0,0,0,0,0,0,0,0,0,0,0,0,0,0,0
"19027","5","518210","78","0","2015","3","N",1,0,0,0,0,0,0,0,"N",0.55,0,0,0,0,0,0,0,"N",1,100.0,0,0,0,0,0,0,0,0,0,0,0,0,0,0
"19033","5","518210","78","0","2015","3","N",4,0,0,0,0,0,0,0,"N",1.29,0,0,0,0,0,0,0,"N",0,0.0,0,0,0,0,0,0,0,0,0,0,0,0,0,0
"19041","5","518210","78","0","2015","3","N",1,0,0,0,0,0,0,0,"N",0.71,0,0,0,0,0,0,0,"N",0,0.0,0,0,0,0,0,0,0,0,0,0,0,0,0,0
"19045","5","518210","78","0","2015","3","N",2,0,0,0,0,0,0,0,"N",0.74,0,0,0,0,0,0,0,"N",0,0.0,0,0,0,0,0,0,0,0,0,0,0,0,0,0
"19047","5","518210","78","0","2015","3","N",1,0,0,0,0,0,0,0,"N",1.03,0,0,0,0,0,0,0,"N",1,100.0,0,0,0,0,0,0,0,0,0,0,0,0,0,0
"19049","5","518210","78","0","2015","3","",5,35,34,36,751139,45679,649,1651,"",1.17,0.40,0.39,0.42,0.39,0.15,0.19,0.97,"",-2,-28.6,-1,-2.8,-2,-5.6,-1,-2.7,10655,1.4,-48043,-51.3,-469,-41.9,83,5.3
"19055","5","518210","78","0","2015","3","-",0,0,0,0,0,0,0,0,"N",0.00,0,0,0,0,0,0,0,"N",-1,-100.0,0,0,0,0,0,0,0,0,0,0,0,0,0,0
"19061","5","518210","78","0","2015","3","N",2,0,0,0,0,0,0,0,"N",0.33,0,0,0,0,0,0,0,"N",0,0.0,0,0,0,0,0,0,0,0,0,0,0,0,0,0
"19065","5","518210","78","0","2015","3","N",1,0,0,0,0,0,0,0,"N",0.78,0,0,0,0,0,0,0,"N",0,0.0,0,0,0,0,0,0,0,0,0,0,0,0,0,0
"19067","5","518210","78","0","2015","3","N",1,0,0,0,0,0,0,0,"N",1.05,0,0,0,0,0,0,0,"N",0,0.0,0,0,0,0,0,0,0,0,0,0,0,0,0,0
"19073","5","518210","78","0","2015","3","-",0,0,0,0,0,0,0,0,"N",0.00,0,0,0,0,0,0,0,"N",-1,-100.0,0,0,0,0,0,0,0,0,0,0,0,0,0,0
"19089","5","518210","78","0","2015","3","N",1,0,0,0,0,0,0,0,"N",1.54,0,0,0,0,0,0,0,"N",1,100.0,0,0,0,0,0,0,0,0,0,0,0,0,0,0
"19095","5","518210","78","0","2015","3","N",1,0,0,0,0,0,0,0,"N",0.75,0,0,0,0,0,0,0,"N",0,0.0,0,0,0,0,0,0,0,0,0,0,0,0,0,0
"19097","5","518210","78","0","2015","3","N",2,0,0,0,0,0,0,0,"N",1.55,0,0,0,0,0,0,0,"N",1,100.0,0,0,0,0,0,0,0,0,0,0,0,0,0,0
"19099","5","518210","78","0","2015","3","N",1,0,0,0,0,0,0,0,"N",0.58,0,0,0,0,0,0,0,"N",1,100.0,0,0,0,0,0,0,0,0,0,0,0,0,0,0
"19101","5","518210","78","0","2015","3","",4,9,9,6,127469,46033,429,1226,"",2.66,0.56,0.57,0.38,0.48,0.81,0.51,0.95,"N",2,100.0,0,0,0,0,0,0,0,0,0,0,0,0,0,0
"19103","5","518210","78","0","2015","3","N",8,0,0,0,0,0,0,0,"N",1.05,0,0,0,0,0,0,0,"N",0,0.0,0,0,0,0,0,0,0,0,0,0,0,0,0,0
"19105","5","518210","78","0","2015","3","N",1,0,0,0,0,0,0,0,"N",0.85,0,0,0,0,0,0,0,"N",0,0.0,0,0,0,0,0,0,0,0,0,0,0,0,0,0
"19109","5","518210","78","0","2015","3","N",2,0,0,0,0,0,0,0,"N",1.66,0,0,0,0,0,0,0,"N",1,100.0,0,0,0,0,0,0,0,0,0,0,0,0,0,0
"19113","3","518210","78","0","2015","3","N",1,0,0,0,0,0,0,0,"N",14.49,0,0,0,0,0,0,0,"N",0,0.0,0,0,0,0,0,0,0,0,0,0,0,0,0,0
"19113","5","518210","78","0","2015","3","",21,833,823,815,13288208,2744467,23430,1241,"",1.71,3.01,3.00,2.97,2.15,3.24,1.91,0.72,"",1,5.0,-10,-1.2,-19,-2.3,-30,-3.6,221353,1.7,-105170,-3.7,-2814,-10.7,49,4.1
"19117","5","518210","78","0","2015","3","N",1,0,0,0,0,0,0,0,"N",2.28,0,0,0,0,0,0,0,"N",1,100.0,0,0,0,0,0,0,0,0,0,0,0,0,0,0
"19123","5","518210","78","0","2015","3","N",1,0,0,0,0,0,0,0,"N",0.83,0,0,0,0,0,0,0,"N",1,100.0,0,0,0,0,0,0,0,0,0,0,0,0,0,0
"19127","5","518210","78","0","2015","3","N",1,0,0,0,0,0,0,0,"N",0.51,0,0,0,0,0,0,0,"N",0,0.0,0,0,0,0,0,0,0,0,0,0,0,0,0,0
"19129","5","518210","78","0","2015","3","N",1,0,0,0,0,0,0,0,"N",1.41,0,0,0,0,0,0,0,"N",-1,-50.0,0,0,0,0,0,0,0,0,0,0,0,0,0,0
"19131","5","518210","78","0","2015","3","-",0,0,0,0,0,0,0,0,"N",0.00,0,0,0,0,0,0,0,"N",0,0,0,0,0,0,0,0,0,0,0,0,0,0,0,0
"19139","5","518210","78","0","2015","3","-",0,0,0,0,0,0,0,0,"N",0.00,0,0,0,0,0,0,0,"N",-1,-100.0,0,0,0,0,0,0,0,0,0,0,0,0,0,0
"19145","5","518210","78","0","2015","3","N",1,0,0,0,0,0,0,0,"N",1.06,0,0,0,0,0,0,0,"N",0,0.0,0,0,0,0,0,0,0,0,0,0,0,0,0,0
"19153","5","518210","78","0","2015","3","",70,1417,1405,1388,24753484,5040382,80459,1357,"",2.23,2.26,2.25,2.27,1.68,2.55,2.89,0.74,"",1,1.4,-160,-10.1,-166,-10.6,-179,-11.4,1691140,7.3,-4419360,-46.7,-45839,-36.3,228,20.2
"19155","5","518210","78","0","2015","3","N",3,0,0,0,0,0,0,0,"N",0.62,0,0,0,0,0,0,0,"N",0,0.0,0,0,0,0,0,0,0,0,0,0,0,0,0,0
"19163","5","518210","78","0","2015","3","N",7,0,0,0,0,0,0,0,"N",0.67,0,0,0,0,0,0,0,"N",1,16.7,0,0,0,0,0,0,0,0,0,0,0,0,0,0
"19165","5","518210","78","0","2015","3","N",2,0,0,0,0,0,0,0,"N",2.33,0,0,0,0,0,0,0,"N",-1,-33.3,0,0,0,0,0,0,0,0,0,0,0,0,0,0
"19169","5","518210","78","0","2015","3","N",6,0,0,0,0,0,0,0,"N",1.25,0,0,0,0,0,0,0,"N",2,50.0,0,0,0,0,0,0,0,0,0,0,0,0,0,0
"19179","5","518210","78","0","2015","3","N",1,0,0,0,0,0,0,0,"N",0.58,0,0,0,0,0,0,0,"N",1,100.0,0,0,0,0,0,0,0,0,0,0,0,0,0,0
"19181","5","518210","78","0","2015","3","N",2,0,0,0,0,0,0,0,"N",1.07,0,0,0,0,0,0,0,"N",0,0.0,0,0,0,0,0,0,0,0,0,0,0,0,0,0
"19187","5","518210","78","0","2015","3","N",2,0,0,0,0,0,0,0,"N",0.85,0,0,0,0,0,0,0,"N",1,100.0,0,0,0,0,0,0,0,0,0,0,0,0,0,0
"19191","5","518210","78","0","2015","3","N",1,0,0,0,0,0,0,0,"N",0.73,0,0,0,0,0,0,0,"N",0,0.0,0,0,0,0,0,0,0,0,0,0,0,0,0,0
"19193","5","518210","78","0","2015","3","N",1,0,0,0,0,0,0,0,"N",0.17,0,0,0,0,0,0,0,"N",0,0.0,0,0,0,0,0,0,0,0,0,0,0,0,0,0
"19195","5","518210","78","0","2015","3","N",1,0,0,0,0,0,0,0,"N",2.26,0,0,0,0,0,0,0,"N",0,0.0,0,0,0,0,0,0,0,0,0,0,0,0,0,0
"19197","5","518210","78","0","2015","3","N",2,0,0,0,0,0,0,0,"N",2.00,0,0,0,0,0,0,0,"N",0,0.0,0,0,0,0,0,0,0,0,0,0,0,0,0,0
"20000","5","518210","58","0","2015","3","",120,1591,1584,1567,28105422,1912267,75364,1368,"",0.73,0.55,0.55,0.54,0.49,0.30,0.60,0.91,"",-14,-10.4,58,3.8,36,2.3,45,3.0,1066437,3.9,529788,38.3,15877,26.7,12,0.9
"20031","5","518210","78","0","2015","3","N",2,0,0,0,0,0,0,0,"N",3.60,0,0,0,0,0,0,0,"N",0,0.0,0,0,0,0,0,0,0,0,0,0,0,0,0,0
"20045","5","518210","78","0","2015","3","N",5,0,0,0,0,0,0,0,"N",0.89,0,0,0,0,0,0,0,"N",1,25.0,0,0,0,0,0,0,0,0,0,0,0,0,0,0
"20049","5","518210","78","0","2015","3","N",1,0,0,0,0,0,0,0,"N",5.47,0,0,0,0,0,0,0,"N",0,0.0,0,0,0,0,0,0,0,0,0,0,0,0,0,0
"20069","5","518210","78","0","2015","3","N",1,0,0,0,0,0,0,0,"N",1.84,0,0,0,0,0,0,0,"N",1,100.0,0,0,0,0,0,0,0,0,0,0,0,0,0,0
"20071","5","518210","78","0","2015","3","N",1,0,0,0,0,0,0,0,"N",7.37,0,0,0,0,0,0,0,"N",0,0.0,0,0,0,0,0,0,0,0,0,0,0,0,0,0
"20079","5","518210","78","0","2015","3","N",2,0,0,0,0,0,0,0,"N",1.36,0,0,0,0,0,0,0,"N",-2,-50.0,0,0,0,0,0,0,0,0,0,0,0,0,0,0
"20087","5","518210","78","0","2015","3","N",1,0,0,0,0,0,0,0,"N",1.41,0,0,0,0,0,0,0,"N",0,0.0,0,0,0,0,0,0,0,0,0,0,0,0,0,0
"20091","5","518210","78","0","2015","3","",52,509,505,497,10726092,789219,33770,1638,"",1.24,0.70,0.70,0.70,0.64,0.52,0.91,0.91,"",-14,-21.2,-112,-18.0,-134,-21.0,-129,-20.6,-1115612,-9.4,-11362,-1.4,-2642,-7.3,189,13.0
"20103","5","518210","78","0","2015","3","N",1,0,0,0,0,0,0,0,"N",0.37,0,0,0,0,0,0,0,"N",0,0.0,0,0,0,0,0,0,0,0,0,0,0,0,0,0
"20111","5","518210","78","0","2015","3","N",1,0,0,0,0,0,0,0,"N",0.60,0,0,0,0,0,0,0,"N",1,100.0,0,0,0,0,0,0,0,0,0,0,0,0,0,0
"20113","5","518210","78","0","2015","3","N",1,0,0,0,0,0,0,0,"N",0.56,0,0,0,0,0,0,0,"N",1,100.0,0,0,0,0,0,0,0,0,0,0,0,0,0,0
"20121","5","518210","78","0","2015","3","-",0,0,0,0,0,0,0,0,"N",0.00,0,0,0,0,0,0,0,"N",0,0,0,0,0,0,0,0,0,0,0,0,0,0,0,0
"20133","5","518210","78","0","2015","3","N",1,0,0,0,0,0,0,0,"N",1.10,0,0,0,0,0,0,0,"N",0,0.0,0,0,0,0,0,0,0,0,0,0,0,0,0,0
"20143","5","518210","78","0","2015","3","N",1,0,0,0,0,0,0,0,"N",3.10,0,0,0,0,0,0,0,"N",1,100.0,0,0,0,0,0,0,0,0,0,0,0,0,0,0
"20155","5","518210","78","0","2015","3","N",3,0,0,0,0,0,0,0,"N",0.93,0,0,0,0,0,0,0,"N",0,0.0,0,0,0,0,0,0,0,0,0,0,0,0,0,0
"20161","5","518210","78","0","2015","3","",3,2,3,3,52801,15936,423,1523,"",0.94,0.03,0.05,0.05,0.05,0.15,0.20,1.13,"N",1,50.0,0,0,0,0,0,0,0,0,0,0,0,0,0,0
"20169","5","518210","78","0","2015","3","N",1,0,0,0,0,0,0,0,"N",0.34,0,0,0,0,0,0,0,"N",0,0.0,0,0,0,0,0,0,0,0,0,0,0,0,0,0
"20173","5","518210","78","0","2015","3","",22,107,103,103,1124780,162305,6073,829,"",0.92,0.20,0.20,0.20,0.11,0.17,0.26,0.54,"",-1,-4.3,-14,-11.6,-18,-14.9,-15,-12.7,-148062,-11.6,57972,55.6,1761,40.8,13,1.6
"20177","5","518210","78","0","2015","3","",6,367,370,372,6628581,233955,11519,1379,"",0.64,1.76,1.77,1.81,1.68,0.62,1.54,0.95,"",-3,-33.3,36,10.9,40,12.1,47,14.5,1404645,26.9,86630,58.8,4825,72.1,156,12.8
"20191","5","518210","78","0","2015","3","N",1,0,0,0,0,0,0,0,"N",0.97,0,0,0,0,0,0,0,"N",0,0.0,0,0,0,0,0,0,0,0,0,0,0,0,0,0
"20209","5","518210","78","0","2015","3","N",3,0,0,0,0,0,0,0,"N",0.47,0,0,0,0,0,0,0,"N",-2,-40.0,0,0,0,0,0,0,0,0,0,0,0,0,0,0
"20999","5","518210","78","0","2015","3","",11,108,109,103,1764063,237707,10361,1272,"",2.63,2.51,2.54,2.44,1.40,3.17,3.31,0.56,"",2,22.2,78,260.0,78,251.6,73,243.3,983385,126.0,134224,129.7,5167,99.5,-708,-35.8
"21000","3","518210","58","0","2015","3","N",1,0,0,0,0,0,0,0,"N",0.77,0,0,0,0,0,0,0,"N",0,0.0,0,0,0,0,0,0,0,0,0,0,0,0,0,0
"21000","5","518210","58","0","2015","3","",190,6045,6010,5960,68977763,6748421,272874,884,"",0.82,1.58,1.53,1.52,0.91,1.59,1.96,0.59,"",1,0.5,-181,-2.9,-333,-5.2,-356,-5.6,-3925692,-5.4,-63641,-0.9,-14536,-5.1,-7,-0.8
"21005","5","518210","78","0","2015","3","N",2,0,0,0,0,0,0,0,"N",2.67,0,0,0,0,0,0,0,"N",0,0.0,0,0,0,0,0,0,0,0,0,0,0,0,0,0
"21015","5","518210","78","0","2015","3","",6,12,12,12,169939,502,18,1089,"",0.74,0.07,0.07,0.07,0.05,0.00,0.00,0.71,"N",-1,-14.3,0,0,0,0,0,0,0,0,0,0,0,0,0,0
"21019","5","518210","78","0","2015","3","N",1,0,0,0,0,0,0,0,"N",0.33,0,0,0,0,0,0,0,"N",0,0.0,0,0,0,0,0,0,0,0,0,0,0,0,0,0
"21035","5","518210","78","0","2015","3","N",1,0,0,0,0,0,0,0,"N",0.52,0,0,0,0,0,0,0,"N",0,0.0,0,0,0,0,0,0,0,0,0,0,0,0,0,0
"21037","5","518210","78","0","2015","3","N",5,0,0,0,0,0,0,0,"N",1.22,0,0,0,0,0,0,0,"N",0,0.0,0,0,0,0,0,0,0,0,0,0,0,0,0,0
"21045","5","518210","78","0","2015","3","N",1,0,0,0,0,0,0,0,"N",1.73,0,0,0,0,0,0,0,"N",0,0.0,0,0,0,0,0,0,0,0,0,0,0,0,0,0
"21047","5","518210","78","0","2015","3","",4,7,7,5,150437,2825,36,1827,"",1.28,0.10,0.10,0.07,0.13,0.04,0.02,1.34,"",0,0.0,0,0.0,-1,-12.5,-3,-37.5,19641,15.0,-563,-16.6,-16,-30.8,515,39.3
"21049","5","518210","78","0","2015","3","N",1,0,0,0,0,0,0,0,"N",0.60,0,0,0,0,0,0,0,"N",0,0.0,0,0,0,0,0,0,0,0,0,0,0,0,0,0
"21055","5","518210","78","0","2015","3","N",1,0,0,0,0,0,0,0,"N",3.03,0,0,0,0,0,0,0,"N",0,0.0,0,0,0,0,0,0,0,0,0,0,0,0,0,0
"21059","5","518210","78","0","2015","3","N",2,0,0,0,0,0,0,0,"N",0.34,0,0,0,0,0,0,0,"N",-1,-33.3,0,0,0,0,0,0,0,0,0,0,0,0,0,0
"21067","5","518210","78","0","2015","3","",33,2865,2842,2759,24595374,3848049,133791,670,"",1.64,7.18,6.99,6.82,2.87,8.78,9.71,0.41,"",0,0.0,-125,-4.2,-328,-10.3,-292,-9.6,-1786876,-6.8,-220705,-5.4,-8746,-6.1,9,1.4
"21071","5","518210","78","0","2015","3","N",1,0,0,0,0,0,0,0,"N",0.49,0,0,0,0,0,0,0,"N",0,0.0,0,0,0,0,0,0,0,0,0,0,0,0,0,0
"21073","3","518210","78","0","2015","3","N",1,0,0,0,0,0,0,0,"N",50.38,0,0,0,0,0,0,0,"N",0,0.0,0,0,0,0,0,0,0,0,0,0,0,0,0,0
"21073","5","518210","78","0","2015","3","N",4,0,0,0,0,0,0,0,"N",1.13,0,0,0,0,0,0,0,"N",1,33.3,0,0,0,0,0,0,0,0,0,0,0,0,0,0
"21083","5","518210","78","0","2015","3","N",1,0,0,0,0,0,0,0,"N",0.60,0,0,0,0,0,0,0,"N",0,0.0,0,0,0,0,0,0,0,0,0,0,0,0,0,0
"21093","5","518210","78","0","2015","3","",10,145,141,140,2951366,45304,1208,1599,"",1.70,1.50,1.44,1.38,1.60,0.45,0.42,1.12,"N",1,11.1,0,0,0,0,0,0,0,0,0,0,0,0,0,0
"21101","5","518210","78","0","2015","3","N",1,0,0,0,0,0,0,0,"N",0.44,0,0,0,0,0,0,0,"N",0,0.0,0,0,0,0,0,0,0,0,0,0,0,0,0,0
"21107","5","518210","78","0","2015","3","N",1,0,0,0,0,0,0,0,"N",0.48,0,0,0,0,0,0,0,"N",0,0.0,0,0,0,0,0,0,0,0,0,0,0,0,0,0
"21111","5","518210","78","0","2015","3","",52,1193,1203,1205,22033756,942173,30739,1412,"",1.11,1.25,1.24,1.26,1.02,0.89,0.86,0.81,"",3,6.1,-28,-2.3,-18,-1.5,-32,-2.6,-616500,-2.7,304863,47.8,9128,42.2,-9,-0.6
"21113","5","518210","78","0","2015","3","N",2,0,0,0,0,0,0,0,"N",0.82,0,0,0,0,0,0,0,"N",-2,-50.0,0,0,0,0,0,0,0,0,0,0,0,0,0,0
"21115","5","518210","78","0","2015","3","N",1,0,0,0,0,0,0,0,"N",0.97,0,0,0,0,0,0,0,"N",1,100.0,0,0,0,0,0,0,0,0,0,0,0,0,0,0
"21117","5","518210","78","0","2015","3","N",4,0,0,0,0,0,0,0,"N",0.52,0,0,0,0,0,0,0,"N",-4,-50.0,0,0,0,0,0,0,0,0,0,0,0,0,0,0
"21125","5","518210","78","0","2015","3","N",5,0,0,0,0,0,0,0,"N",1.84,0,0,0,0,0,0,0,"N",-1,-16.7,0,0,0,0,0,0,0,0,0,0,0,0,0,0
"21129","5","518210","78","0","2015","3","N",1,0,0,0,0,0,0,0,"N",3.25,0,0,0,0,0,0,0,"N",0,0.0,0,0,0,0,0,0,0,0,0,0,0,0,0,0
"21143","5","518210","78","0","2015","3","N",1,0,0,0,0,0,0,0,"N",2.61,0,0,0,0,0,0,0,"N",0,0.0,0,0,0,0,0,0,0,0,0,0,0,0,0,0
"21145","5","518210","78","0","2015","3","N",3,0,0,0,0,0,0,0,"N",0.65,0,0,0,0,0,0,0,"N",0,0.0,0,0,0,0,0,0,0,0,0,0,0,0,0,0
"21151","5","518210","78","0","2015","3","N",3,0,0,0,0,0,0,0,"N",0.80,0,0,0,0,0,0,0,"N",0,0.0,0,0,0,0,0,0,0,0,0,0,0,0,0,0
"21163","5","518210","78","0","2015","3","N",1,0,0,0,0,0,0,0,"N",1.23,0,0,0,0,0,0,0,"N",0,0.0,0,0,0,0,0,0,0,0,0,0,0,0,0,0
"21179","5","518210","78","0","2015","3","N",1,0,0,0,0,0,0,0,"N",0.45,0,0,0,0,0,0,0,"N",0,0.0,0,0,0,0,0,0,0,0,0,0,0,0,0,0
"21185","5","518210","78","0","2015","3","N",1,0,0,0,0,0,0,0,"N",0.33,0,0,0,0,0,0,0,"N",0,0.0,0,0,0,0,0,0,0,0,0,0,0,0,0,0
"21199","5","518210","78","0","2015","3","-",0,0,0,0,0,0,0,0,"N",0.00,0,0,0,0,0,0,0,"N",-1,-100.0,0,0,0,0,0,0,0,0,0,0,0,0,0,0
"21203","5","518210","78","0","2015","3","N",3,0,0,0,0,0,0,0,"N",6.60,0,0,0,0,0,0,0,"N",0,0.0,0,0,0,0,0,0,0,0,0,0,0,0,0,0
"21205","5","518210","78","0","2015","3","N",1,0,0,0,0,0,0,0,"N",0.91,0,0,0,0,0,0,0,"N",0,0.0,0,0,0,0,0,0,0,0,0,0,0,0,0,0
"21209","5","518210","78","0","2015","3","N",1,0,0,0,0,0,0,0,"N",0.44,0,0,0,0,0,0,0,"N",0,0.0,0,0,0,0,0,0,0,0,0,0,0,0,0,0
"21211","5","518210","78","0","2015","3","N",4,0,0,0,0,0,0,0,"N",1.87,0,0,0,0,0,0,0,"N",0,0.0,0,0,0,0,0,0,0,0,0,0,0,0,0,0
"21227","5","518210","78","0","2015","3","",5,22,21,22,336752,3861,120,1196,"",0.71,0.18,0.16,0.17,0.14,0.03,0.03,0.85,"",1,25.0,-1,-4.3,-3,-12.5,-2,-8.3,-34549,-9.3,3023,360.7,49,69.0,-11,-0.9
"21231","5","518210","78","0","2015","3","N",1,0,0,0,0,0,0,0,"N",1.43,0,0,0,0,0,0,0,"N",0,0.0,0,0,0,0,0,0,0,0,0,0,0,0,0,0
"21235","5","518210","78","0","2015","3","N",3,0,0,0,0,0,0,0,"N",1.85,0,0,0,0,0,0,0,"N",0,0.0,0,0,0,0,0,0,0,0,0,0,0,0,0,0
"21239","5","518210","78","0","2015","3","N",1,0,0,0,0,0,0,0,"N",0.71,0,0,0,0,0,0,0,"N",0,0.0,0,0,0,0,0,0,0,0,0,0,0,0,0,0
"21999","5","518210","78","0","2015","3","",21,233,226,224,4322173,227377,7683,1460,"",1.78,3.75,3.68,3.72,2.55,2.07,1.52,0.69,"",4,23.5,19,8.9,21,10.2,7,3.2,553311,14.7,6481,2.9,-745,-8.8,92,6.7
"22000","5","518210","58","0","2015","3","",201,1822,1813,1820,27346043,1718714,18652,1157,"",0.85,0.44,0.44,0.45,0.32,0.48,0.29,0.72,"",-21,-9.5,300,19.7,305,20.2,298,19.6,4740924,21.0,741743,75.9,6382,52.0,11,1.0
"22001","5","518210","78","0","2015","3","N",1,0,0,0,0,0,0,0,"N",0.42,0,0,0,0,0,0,0,"N",0,0.0,0,0,0,0,0,0,0,0,0,0,0,0,0,0
"22005","5","518210","78","0","2015","3","",3,7,7,6,85250,8064,234,984,"",0.61,0.07,0.07,0.06,0.03,0.07,0.09,0.52,"",-1,-25.0,2,40.0,1,16.7,0,0.0,11946,16.3,1687,26.5,114,95.0,-11,-1.1
"22011","5","518210","78","0","2015","3","N",1,0,0,0,0,0,0,0,"N",0.76,0,0,0,0,0,0,0,"N",0,0.0,0,0,0,0,0,0,0,0,0,0,0,0,0,0
"22015","5","518210","78","0","2015","3","N",8,0,0,0,0,0,0,0,"N",1.53,0,0,0,0,0,0,0,"N",4,100.0,0,0,0,0,0,0,0,0,0,0,0,0,0,0
"22017","5","518210","78","0","2015","3","",9,61,60,87,485311,53631,944,538,"",0.67,0.25,0.24,0.36,0.10,0.27,0.28,0.36,"",3,50.0,5,8.9,5,9.1,32,58.2,-16278,-3.2,28677,114.9,429,83.3,-159,-22.8
"22019","5","518210","78","0","2015","3","N",5,0,0,0,0,0,0,0,"N",0.54,0,0,0,0,0,0,0,"N",0,0.0,0,0,0,0,0,0,0,0,0,0,0,0,0,0
"22033","5","518210","78","0","2015","3","",42,673,651,650,12418279,590185,3529,1452,"",1.52,1.18,1.13,1.13,0.98,1.11,0.34,0.85,"",-2,-4.5,140,26.3,125,23.8,112,20.8,3299659,36.2,300516,103.7,982,38.6,134,10.2
"22037","5","518210","78","0","2015","3","N",1,0,0,0,0,0,0,0,"N",1.66,0,0,0,0,0,0,0,"N",0,0.0,0,0,0,0,0,0,0,0,0,0,0,0,0,0
"22049","5","518210","78","0","2015","3","N",1,0,0,0,0,0,0,0,"N",1.79,0,0,0,0,0,0,0,"N",0,0.0,0,0,0,0,0,0,0,0,0,0,0,0,0,0
"22051","5","518210","78","0","2015","3","",21,138,138,130,1555755,117000,1822,884,"",0.84,0.33,0.33,0.32,0.18,0.33,0.31,0.54,"",-7,-25.0,11,8.7,16,13.1,10,8.3,151577,10.8,39777,51.5,497,37.5,6,0.7
"22055","5","518210","78","0","2015","3","N",7,0,0,0,0,0,0,0,"N",0.40,0,0,0,0,0,0,0,"N",-4,-36.4,0,0,0,0,0,0,0,0,0,0,0,0,0,0
"22057","5","518210","78","0","2015","3","N",3,0,0,0,0,0,0,0,"N",0.78,0,0,0,0,0,0,0,"N",-1,-25.0,0,0,0,0,0,0,0,0,0,0,0,0,0,0
"22063","5","518210","78","0","2015","3","N",3,0,0,0,0,0,0,0,"N",0.77,0,0,0,0,0,0,0,"N",1,50.0,0,0,0,0,0,0,0,0,0,0,0,0,0,0
"22071","5","518210","78","0","2015","3","",39,162,159,158,3618604,218659,2215,1743,"",1.77,0.39,0.39,0.39,0.40,0.62,0.34,1.01,"",-4,-9.3,-21,-11.5,-17,-9.7,-19,-10.7,-894288,-19.8,15874,7.8,508,29.8,-200,-10.3
"22073","5","518210","78","0","2015","3","N",7,0,0,0,0,0,0,0,"N",0.80,0,0,0,0,0,0,0,"N",0,0.0,0,0,0,0,0,0,0,0,0,0,0,0,0,0
"22079","5","518210","78","0","2015","3","N",4,0,0,0,0,0,0,0,"N",0.59,0,0,0,0,0,0,0,"N",0,0.0,0,0,0,0,0,0,0,0,0,0,0,0,0,0
"22087","5","518210","78","0","2015","3","N",1,0,0,0,0,0,0,0,"N",0.68,0,0,0,0,0,0,0,"N",-1,-50.0,0,0,0,0,0,0,0,0,0,0,0,0,0,0
"22089","5","518210","78","0","2015","3","N",1,0,0,0,0,0,0,0,"N",0.45,0,0,0,0,0,0,0,"N",-1,-50.0,0,0,0,0,0,0,0,0,0,0,0,0,0,0
"22097","5","518210","78","0","2015","3","N",1,0,0,0,0,0,0,0,"N",0.29,0,0,0,0,0,0,0,"N",0,0.0,0,0,0,0,0,0,0,0,0,0,0,0,0,0
"22101","5","518210","78","0","2015","3","N",1,0,0,0,0,0,0,0,"N",0.35,0,0,0,0,0,0,0,"N",0,0.0,0,0,0,0,0,0,0,0,0,0,0,0,0,0
"22103","5","518210","78","0","2015","3","",15,75,75,74,712793,112403,2308,734,"",1.04,0.40,0.41,0.40,0.19,0.66,0.85,0.47,"",-2,-11.8,3,4.2,3,4.2,4,5.7,3887,0.5,83021,282.6,1759,320.4,-30,-3.9
"22105","5","518210","78","0","2015","3","",6,41,43,38,361264,30561,420,683,"",1.17,0.46,0.48,0.43,0.26,0.39,0.33,0.56,"",1,20.0,6,17.1,8,22.9,3,8.6,37605,11.6,11598,61.2,93,28.4,-28,-3.9
"22109","5","518210","78","0","2015","3","",4,10,10,10,93641,12407,205,720,"",0.65,0.08,0.08,0.08,0.03,0.13,0.14,0.40,"N",1,33.3,0,0,0,0,0,0,0,0,0,0,0,0,0,0
"22115","5","518210","78","0","2015","3","-",0,0,0,0,0,0,0,0,"N",0.00,0,0,0,0,0,0,0,"N",-1,-100.0,0,0,0,0,0,0,0,0,0,0,0,0,0,0
"22117","5","518210","78","0","2015","3","N",1,0,0,0,0,0,0,0,"N",0.73,0,0,0,0,0,0,0,"N",1,100.0,0,0,0,0,0,0,0,0,0,0,0,0,0,0
"22123","5","518210","78","0","2015","3","N",1,0,0,0,0,0,0,0,"N",2.37,0,0,0,0,0,0,0,"N",0,0.0,0,0,0,0,0,0,0,0,0,0,0,0,0,0
"22999","5","518210","78","0","2015","3","",15,102,98,93,1176777,97620,2246,927,"",2.94,2.32,2.24,2.25,0.89,1.49,1.65,0.39,"",1,7.1,12,13.3,5,5.4,-2,-2.1,-729081,-38.3,20596,26.7,834,59.1,-655,-41.4
"23000","5","518210","58","0","2015","3","",52,463,463,458,8068128,389668,9322,1345,"",0.54,0.35,0.35,0.35,0.33,0.22,0.17,0.93,"",6,13.0,23,5.2,10,2.2,-1,-0.2,934250,13.1,-135194,-25.8,-1498,-13.8,127,10.4
"23001","5","518210","78","0","2015","3","",5,9,9,9,215197,12190,210,1839,"",0.87,0.09,0.09,0.09,0.11,0.09,0.05,1.31,"",2,66.7,-3,-25.0,-3,-25.0,-3,-25.0,59661,38.4,6442,112.1,115,121.1,842,84.5
"23003","5","518210","78","0","2015","3","N",2,0,0,0,0,0,0,0,"N",0.44,0,0,0,0,0,0,0,"N",0,0.0,0,0,0,0,0,0,0,0,0,0,0,0,0,0
"23005","5","518210","78","0","2015","3","",16,175,176,174,3685656,174567,4357,1620,"",0.64,0.45,0.46,0.46,0.46,0.35,0.32,1.02,"",1,6.7,13,8.0,2,1.1,-2,-1.1,415741,12.7,18211,11.6,885,25.5,146,9.9
"23009","5","518210","78","0","2015","3","N",1,0,0,0,0,0,0,0,"N",0.21,0,0,0,0,0,0,0,"N",0,0.0,0,0,0,0,0,0,0,0,0,0,0,0,0,0
"23011","5","518210","78","0","2015","3","N",4,0,0,0,0,0,0,0,"N",0.56,0,0,0,0,0,0,0,"N",1,33.3,0,0,0,0,0,0,0,0,0,0,0,0,0,0
"23013","5","518210","78","0","2015","3","N",1,0,0,0,0,0,0,0,"N",0.27,0,0,0,0,0,0,0,"N",0,0.0,0,0,0,0,0,0,0,0,0,0,0,0,0,0
"23017","5","518210","78","0","2015","3","N",1,0,0,0,0,0,0,0,"N",0.35,0,0,0,0,0,0,0,"N",0,0.0,0,0,0,0,0,0,0,0,0,0,0,0,0,0
"23019","5","518210","78","0","2015","3","N",1,0,0,0,0,0,0,0,"N",0.11,0,0,0,0,0,0,0,"N",0,0.0,0,0,0,0,0,0,0,0,0,0,0,0,0,0
"23023","5","518210","78","0","2015","3","N",1,0,0,0,0,0,0,0,"N",0.48,0,0,0,0,0,0,0,"N",0,0.0,0,0,0,0,0,0,0,0,0,0,0,0,0,0
"23027","5","518210","78","0","2015","3","N",2,0,0,0,0,0,0,0,"N",0.90,0,0,0,0,0,0,0,"N",0,0.0,0,0,0,0,0,0,0,0,0,0,0,0,0,0
"23031","5","518210","78","0","2015","3","N",8,0,0,0,0,0,0,0,"N",0.65,0,0,0,0,0,0,0,"N",2,33.3,0,0,0,0,0,0,0,0,0,0,0,0,0,0
"23999","5","518210","78","0","2015","3","",10,18,19,17,247567,14190,638,1058,"",1.58,0.85,0.90,0.81,0.38,0.38,0.52,0.44,"",0,0.0,-17,-48.6,-16,-45.7,-18,-51.4,-484809,-66.2,-11528,-44.8,2,0.3,-552,-34.3
"24000","3","518210","58","0","2015","3","N",1,0,0,0,0,0,0,0,"N",0.56,0,0,0,0,0,0,0,"N",0,0.0,0,0,0,0,0,0,0,0,0,0,0,0,0,0
"24000","5","518210","58","0","2015","3","",314,3834,3843,3989,107931442,4150925,212554,2135,"",0.99,0.69,0.70,0.72,0.76,0.82,1.38,1.07,"",-15,-4.6,-85,-2.2,-108,-2.7,46,1.2,20327067,23.2,1481761,55.5,103633,95.1,424,24.8
"24003","5","518210","78","0","2015","3","",23,199,202,203,4540340,113168,5261,1735,"",0.81,0.35,0.36,0.37,0.32,0.21,0.36,0.89,"",2,9.5,130,188.4,85,72.6,79,63.7,2900725,176.9,13750,13.8,2442,86.6,514,42.1
"24005","5","518210","78","0","2015","3","",35,443,446,443,9110256,312784,19939,1578,"",0.87,0.56,0.57,0.56,0.49,0.46,0.90,0.87,"",0,0.0,-1,-0.2,-2,-0.4,7,1.6,-49477,-0.5,205797,192.4,13057,189.7,-14,-0.9
"24009","5","518210","78","0","2015","3","",6,34,33,29,312631,13951,127,752,"",1.74,0.69,0.68,0.60,0.29,0.28,0.07,0.44,"",1,20.0,1,3.0,0,0.0,1,3.6,5382,1.8,-8917,-39.0,-178,-58.4,-2,-0.3
"24013","5","518210","78","0","2015","3","N",3,0,0,0,0,0,0,0,"N",0.35,0,0,0,0,0,0,0,"N",0,0.0,0,0,0,0,0,0,0,0,0,0,0,0,0,0
"24015","5","518210","78","0","2015","3","N",2,0,0,0,0,0,0,0,"N",0.55,0,0,0,0,0,0,0,"N",0,0.0,0,0,0,0,0,0,0,0,0,0,0,0,0,0
"24017","5","518210","78","0","2015","3","N",2,0,0,0,0,0,0,0,"N",0.37,0,0,0,0,0,0,0,"N",0,0.0,0,0,0,0,0,0,0,0,0,0,0,0,0,0
"24021","5","518210","78","0","2015","3","N",9,0,0,0,0,0,0,0,"N",0.75,0,0,0,0,0,0,0,"N",-1,-10.0,0,0,0,0,0,0,0,0,0,0,0,0,0,0
"24023","5","518210","78","0","2015","3","N",2,0,0,0,0,0,0,0,"N",1.16,0,0,0,0,0,0,0,"N",0,0.0,0,0,0,0,0,0,0,0,0,0,0,0,0,0
"24025","5","518210","78","0","2015","3","N",3,0,0,0,0,0,0,0,"N",0.28,0,0,0,0,0,0,0,"N",0,0.0,0,0,0,0,0,0,0,0,0,0,0,0,0,0
"24027","5","518210","78","0","2015","3","",17,455,452,450,11928247,234737,8473,2028,"",0.91,1.27,1.26,1.28,1.17,0.75,0.87,0.92,"",-3,-15.0,-52,-10.3,-54,-10.7,-59,-11.6,-1472502,-11.0,-134561,-36.4,-8468,-50.0,-4,-0.2
"24031","5","518210","78","0","2015","3","",55,710,712,704,19983852,542283,18106,2169,"",0.89,0.72,0.74,0.72,0.66,0.68,0.83,0.91,"",-7,-11.3,-331,-31.8,-311,-30.4,-302,-30.0,-4903332,-19.7,-237202,-30.4,-11243,-38.3,298,15.9
"24033","5","518210","78","0","2015","3","N",19,0,0,0,0,0,0,0,"N",0.64,0,0,0,0,0,0,0,"N",-3,-13.6,0,0,0,0,0,0,0,0,0,0,0,0,0,0
"24035","5","518210","78","0","2015","3","N",1,0,0,0,0,0,0,0,"N",0.37,0,0,0,0,0,0,0,"N",-1,-50.0,0,0,0,0,0,0,0,0,0,0,0,0,0,0
"24037","5","518210","78","0","2015","3","N",1,0,0,0,0,0,0,0,"N",0.25,0,0,0,0,0,0,0,"N",-1,-50.0,0,0,0,0,0,0,0,0,0,0,0,0,0,0
"24041","5","518210","78","0","2015","3","N",1,0,0,0,0,0,0,0,"N",0.34,0,0,0,0,0,0,0,"N",0,0.0,0,0,0,0,0,0,0,0,0,0,0,0,0,0
"24043","5","518210","78","0","2015","3","N",2,0,0,0,0,0,0,0,"N",0.30,0,0,0,0,0,0,0,"N",-1,-33.3,0,0,0,0,0,0,0,0,0,0,0,0,0,0
"24045","5","518210","78","0","2015","3","N",1,0,0,0,0,0,0,0,"N",0.21,0,0,0,0,0,0,0,"N",0,0.0,0,0,0,0,0,0,0,0,0,0,0,0,0,0
"24047","5","518210","78","0","2015","3","N",4,0,0,0,0,0,0,0,"N",0.98,0,0,0,0,0,0,0,"N",1,33.3,0,0,0,0,0,0,0,0,0,0,0,0,0,0
"24510","3","518210","78","0","2015","3","N",1,0,0,0,0,0,0,0,"N",6.91,0,0,0,0,0,0,0,"N",0,0.0,0,0,0,0,0,0,0,0,0,0,0,0,0,0
"24510","5","518210","78","0","2015","3","",20,255,244,245,4048165,259009,9579,1256,"",0.77,0.36,0.34,0.34,0.20,0.44,0.57,0.58,"",1,5.3,67,35.6,55,29.1,57,30.3,1223452,43.3,142713,122.7,4927,105.9,102,8.8
"24999","5","518210","78","0","2015","3","",108,338,343,344,9773678,614442,16052,2200,"",3.16,2.32,2.35,2.42,1.74,2.78,1.81,0.74,"",-3,-2.7,30,9.7,46,15.5,32,10.3,1406051,16.8,366850,148.2,9134,132.0,94,4.5
"25000","3","518210","58","0","2015","3","N",2,0,0,0,0,0,0,0,"N",0.79,0,0,0,0,0,0,0,"N",-1,-33.3,0,0,0,0,0,0,0,0,0,0,0,0,0,0
"25000","5","518210","58","0","2015","3","",422,7706,7747,7736,220813595,12967798,402643,2197,"",0.93,1.03,1.05,1.06,1.03,0.82,1.01,0.99,"",37,9.6,742,10.7,730,10.4,792,11.4,22600414,11.4,3534659,37.5,-43140,-9.7,11,0.5
"25001","3","518210","78","0","2015","3","N",1,0,0,0,0,0,0,0,"N",10.24,0,0,0,0,0,0,0,"N",0,0.0,0,0,0,0,0,0,0,0,0,0,0,0,0,0
"25001","5","518210","78","0","2015","3","",5,163,164,161,2136154,174916,5250,1010,"",0.29,0.68,0.69,0.75,0.47,0.28,0.21,0.67,"N",-1,-16.7,0,0,0,0,0,0,0,0,0,0,0,0,0,0
"25003","5","518210","78","0","2015","3","N",3,0,0,0,0,0,0,0,"N",0.32,0,0,0,0,0,0,0,"N",0,0.0,0,0,0,0,0,0,0,0,0,0,0,0,0,0
"25005","5","518210","78","0","2015","3","",8,55,55,55,1298953,104813,4479,1817,"",0.25,0.12,0.12,0.12,0.13,0.10,0.16,1.11,"",1,14.3,6,12.2,3,5.8,4,7.8,-184801,-12.5,21922,26.4,921,25.9,-436,-19.4
"25009","3","518210","78","0","2015","3","N",1,0,0,0,0,0,0,0,"N",4.02,0,0,0,0,0,0,0,"N",0,0.0,0,0,0,0,0,0,0,0,0,0,0,0,0,0
"25009","5","518210","78","0","2015","3","",24,450,462,466,12149960,548960,15638,2035,"",0.54,0.65,0.68,0.68,0.73,0.40,0.41,1.08,"",1,4.3,39,9.5,45,10.8,56,13.7,1306716,12.1,84551,18.2,-7050,-31.1,14,0.7
"25011","5","518210","78","0","2015","3","N",2,0,0,0,0,0,0,0,"N",0.45,0,0,0,0,0,0,0,"N",1,100.0,0,0,0,0,0,0,0,0,0,0,0,0,0,0
"25013","5","518210","78","0","2015","3","",7,47,48,45,689216,100432,2345,1136,"",0.22,0.11,0.11,0.10,0.07,0.11,0.11,0.69,"",-1,-12.5,-11,-19.0,-7,-12.7,-6,-11.8,32446,4.9,-45344,-31.1,-2193,-48.3,212,22.9
"25015","5","518210","78","0","2015","3","N",1,0,0,0,0,0,0,0,"N",0.11,0,0,0,0,0,0,0,"N",0,0.0,0,0,0,0,0,0,0,0,0,0,0,0,0,0
"25017","5","518210","78","0","2015","3","",141,4408,4429,4419,138094366,7697252,249899,2404,"",1.42,2.34,2.38,2.38,2.16,2.22,2.66,0.91,"",10,7.6,470,11.9,442,11.1,476,12.1,13301180,10.7,1889526,32.5,-25338,-9.2,-23,-0.9
"25021","3","518210","78","0","2015","3","-",0,0,0,0,0,0,0,0,"N",0.00,0,0,0,0,0,0,0,"N",-1,-100.0,0,0,0,0,0,0,0,0,0,0,0,0,0,0
"25021","5","518210","78","0","2015","3","",38,907,907,909,20383219,950597,19666,1727,"",0.83,1.22,1.24,1.25,1.03,0.68,0.51,0.83,"",2,5.6,28,3.2,47,5.5,57,6.7,725184,3.7,385892,68.3,2246,12.9,-24,-1.4
"25023","5","518210","78","0","2015","3","",17,284,285,285,8505965,412019,17995,2298,"",0.60,0.70,0.71,0.71,0.96,0.45,0.76,1.36,"",2,13.3,40,16.4,39,15.9,39,15.9,1486687,21.2,252722,158.6,5557,44.7,97,4.4
"25025","5","518210","78","0","2015","3","",59,730,739,731,20817201,1902621,56899,2184,"",1.15,0.52,0.54,0.54,0.40,0.65,1.00,0.75,"",6,11.3,115,18.7,121,19.6,117,19.1,4407055,26.9,659217,53.0,-9636,-14.5,134,6.5
"25027","5","518210","78","0","2015","3","",18,208,209,213,5281982,254607,7506,1935,"",0.40,0.29,0.30,0.30,0.32,0.16,0.21,1.07,"",4,28.6,27,14.9,29,16.1,25,13.3,999985,23.4,-45099,-15.0,-6384,-46.0,135,7.5
"25999","5","518210","78","0","2015","3","",99,378,373,377,10602080,659287,19818,2169,"",3.46,3.61,3.54,3.72,2.31,2.40,1.64,0.64,"",12,13.8,13,3.6,-7,-1.8,9,2.4,157159,1.5,191420,40.9,-1602,-7.5,3,0.1
"26000","5","518210","58","0","2015","3","",825,6213,6219,6202,118601831,5560016,218978,1469,"",1.81,0.69,0.70,0.70,0.60,0.65,0.62,0.86,"",188,29.5,644,11.6,710,12.9,650,11.7,22041920,22.8,-246615,-4.2,-55977,-20.4,129,9.6
"26005","5","518210","78","0","2015","3","N",1,0,0,0,0,0,0,0,"N",0.24,0,0,0,0,0,0,0,"N",1,100.0,0,0,0,0,0,0,0,0,0,0,0,0,0,0
"26015","5","518210","78","0","2015","3","N",1,0,0,0,0,0,0,0,"N",0.63,0,0,0,0,0,0,0,"N",0,0.0,0,0,0,0,0,0,0,0,0,0,0,0,0,0
"26017","5","518210","78","0","2015","3","N",2,0,0,0,0,0,0,0,"N",0.49,0,0,0,0,0,0,0,"N",1,100.0,0,0,0,0,0,0,0,0,0,0,0,0,0,0
"26023","5","518210","78","0","2015","3","N",1,0,0,0,0,0,0,0,"N",0.69,0,0,0,0,0,0,0,"N",0,0.0,0,0,0,0,0,0,0,0,0,0,0,0,0,0
"26025","5","518210","78","0","2015","3","N",1,0,0,0,0,0,0,0,"N",0.23,0,0,0,0,0,0,0,"N",0,0.0,0,0,0,0,0,0,0,0,0,0,0,0,0,0
"26031","5","518210","78","0","2015","3","N",3,0,0,0,0,0,0,0,"N",2.04,0,0,0,0,0,0,0,"N",1,50.0,0,0,0,0,0,0,0,0,0,0,0,0,0,0
"26037","5","518210","78","0","2015","3","N",3,0,0,0,0,0,0,0,"N",1.34,0,0,0,0,0,0,0,"N",1,50.0,0,0,0,0,0,0,0,0,0,0,0,0,0,0
"26043","5","518210","78","0","2015","3","N",2,0,0,0,0,0,0,0,"N",1.22,0,0,0,0,0,0,0,"N",0,0.0,0,0,0,0,0,0,0,0,0,0,0,0,0,0
"26045","5","518210","78","0","2015","3","N",3,0,0,0,0,0,0,0,"N",0.87,0,0,0,0,0,0,0,"N",0,0.0,0,0,0,0,0,0,0,0,0,0,0,0,0,0
"26047","5","518210","78","0","2015","3","N",1,0,0,0,0,0,0,0,"N",0.39,0,0,0,0,0,0,0,"N",0,0.0,0,0,0,0,0,0,0,0,0,0,0,0,0,0
"26049","5","518210","78","0","2015","3","",11,64,59,73,618629,111440,3268,728,"",0.84,0.23,0.21,0.26,0.11,0.41,0.30,0.48,"",5,83.3,28,77.8,23,63.9,35,92.1,213798,52.8,81052,266.7,2172,198.2,-121,-14.3
"26053","5","518210","78","0","2015","3","-",0,0,0,0,0,0,0,0,"N",0.00,0,0,0,0,0,0,0,"N",-1,-100.0,0,0,0,0,0,0,0,0,0,0,0,0,0,0
"26055","5","518210","78","0","2015","3","",5,68,67,61,951325,54432,1341,1120,"",0.82,0.63,0.63,0.59,0.48,0.53,0.34,0.78,"N",0,0.0,0,0,0,0,0,0,0,0,0,0,0,0,0,0
"26059","5","518210","78","0","2015","3","N",1,0,0,0,0,0,0,0,"N",0.68,0,0,0,0,0,0,0,"N",0,0.0,0,0,0,0,0,0,0,0,0,0,0,0,0,0
"26061","5","518210","78","0","2015","3","N",2,0,0,0,0,0,0,0,"N",1.18,0,0,0,0,0,0,0,"N",0,0.0,0,0,0,0,0,0,0,0,0,0,0,0,0,0
"26065","5","518210","78","0","2015","3","",8,68,70,74,1194148,105520,4727,1300,"",0.70,0.22,0.22,0.24,0.17,0.48,0.58,0.77,"",0,0.0,30,78.9,32,84.2,35,89.7,499850,72.0,67040,174.2,2800,145.3,-93,-6.7
"26067","5","518210","78","0","2015","3","N",1,0,0,0,0,0,0,0,"N",0.57,0,0,0,0,0,0,0,"N",1,100.0,0,0,0,0,0,0,0,0,0,0,0,0,0,0
"26069","5","518210","78","0","2015","3","-",0,0,0,0,0,0,0,0,"N",0.00,0,0,0,0,0,0,0,"N",0,0,0,0,0,0,0,0,0,0,0,0,0,0,0,0
"26073","5","518210","78","0","2015","3","-",0,0,0,0,0,0,0,0,"N",0.00,0,0,0,0,0,0,0,"N",0,0,0,0,0,0,0,0,0,0,0,0,0,0,0,0
"26075","5","518210","78","0","2015","3","N",2,0,0,0,0,0,0,0,"N",0.40,0,0,0,0,0,0,0,"N",0,0.0,0,0,0,0,0,0,0,0,0,0,0,0,0,0
"26077","5","518210","78","0","2015","3","",4,16,14,15,153710,15184,316,788,"",0.42,0.07,0.06,0.06,0.03,0.07,0.04,0.47,"N",2,100.0,0,0,0,0,0,0,0,0,0,0,0,0,0,0
"26081","5","518210","78","0","2015","3","",28,441,445,443,8904856,397814,10205,1546,"",1.05,0.56,0.57,0.56,0.54,0.52,0.36,0.95,"",4,16.7,71,19.2,71,19.0,55,14.2,1661695,22.9,-182775,-31.5,-5764,-36.1,69,4.7
"26089","5","518210","78","0","2015","3","N",2,0,0,0,0,0,0,0,"N",1.59,0,0,0,0,0,0,0,"N",-1,-33.3,0,0,0,0,0,0,0,0,0,0,0,0,0,0
"26091","5","518210","78","0","2015","3","N",1,0,0,0,0,0,0,0,"N",0.30,0,0,0,0,0,0,0,"N",0,0.0,0,0,0,0,0,0,0,0,0,0,0,0,0,0
"26093","5","518210","78","0","2015","3","N",7,0,0,0,0,0,0,0,"N",0.84,0,0,0,0,0,0,0,"N",3,75.0,0,0,0,0,0,0,0,0,0,0,0,0,0,0
"26099","5","518210","78","0","2015","3","",19,107,109,108,2341070,119866,3600,1667,"",0.58,0.16,0.16,0.16,0.15,0.19,0.13,0.94,"",4,26.7,21,24.4,23,26.7,19,21.3,153692,7.0,57288,91.5,1864,107.4,-267,-13.8
"26105","5","518210","78","0","2015","3","N",1,0,0,0,0,0,0,0,"N",0.73,0,0,0,0,0,0,0,"N",1,100.0,0,0,0,0,0,0,0,0,0,0,0,0,0,0
"26109","5","518210","78","0","2015","3","N",1,0,0,0,0,0,0,0,"N",1.11,0,0,0,0,0,0,0,"N",1,100.0,0,0,0,0,0,0,0,0,0,0,0,0,0,0
"26111","5","518210","78","0","2015","3","N",4,0,0,0,0,0,0,0,"N",0.86,0,0,0,0,0,0,0,"N",1,33.3,0,0,0,0,0,0,0,0,0,0,0,0,0,0
"26115","5","518210","78","0","2015","3","N",2,0,0,0,0,0,0,0,"N",0.48,0,0,0,0,0,0,0,"N",0,0.0,0,0,0,0,0,0,0,0,0,0,0,0,0,0
"26121","5","518210","78","0","2015","3","N",2,0,0,0,0,0,0,0,"N",0.37,0,0,0,0,0,0,0,"N",0,0.0,0,0,0,0,0,0,0,0,0,0,0,0,0,0
"26123","5","518210","78","0","2015","3","N",1,0,0,0,0,0,0,0,"N",0.67,0,0,0,0,0,0,0,"N",0,0.0,0,0,0,0,0,0,0,0,0,0,0,0,0,0
"26125","5","518210","78","0","2015","3","",101,2014,2028,2012,37332917,1719650,70713,1423,"",1.38,1.32,1.34,1.34,0.96,1.10,1.09,0.72,"",15,17.4,127,6.7,145,7.7,109,5.7,3408731,10.0,387962,29.1,9216,15.0,43,3.1
"26133","5","518210","78","0","2015","3","N",1,0,0,0,0,0,0,0,"N",1.18,0,0,0,0,0,0,0,"N",0,0.0,0,0,0,0,0,0,0,0,0,0,0,0,0,0
"26139","5","518210","78","0","2015","3","",6,22,22,29,229050,48704,1200,724,"",0.57,0.08,0.08,0.11,0.04,0.18,0.12,0.48,"",-1,-14.3,-4,-15.4,-6,-21.4,2,7.4,-104949,-31.4,19467,66.6,90,8.1,-228,-23.9
"26145","5","518210","78","0","2015","3","N",2,0,0,0,0,0,0,0,"N",0.26,0,0,0,0,0,0,0,"N",0,0.0,0,0,0,0,0,0,0,0,0,0,0,0,0,0
"26147","5","518210","78","0","2015","3","N",1,0,0,0,0,0,0,0,"N",0.19,0,0,0,0,0,0,0,"N",0,0.0,0,0,0,0,0,0,0,0,0,0,0,0,0,0
"26149","5","518210","78","0","2015","3","N",1,0,0,0,0,0,0,0,"N",0.16,0,0,0,0,0,0,0,"N",0,0.0,0,0,0,0,0,0,0,0,0,0,0,0,0,0
"26155","5","518210","78","0","2015","3","-",0,0,0,0,0,0,0,0,"N",0.00,0,0,0,0,0,0,0,"N",0,0,0,0,0,0,0,0,0,0,0,0,0,0,0,0
"26157","5","518210","78","0","2015","3","N",1,0,0,0,0,0,0,0,"N",0.63,0,0,0,0,0,0,0,"N",1,100.0,0,0,0,0,0,0,0,0,0,0,0,0,0,0
"26161","5","518210","78","0","2015","3","",36,942,933,925,18480715,398602,12808,1523,"",2.34,2.21,2.20,2.16,1.70,1.37,1.30,0.78,"",6,20.0,97,11.5,85,10.0,76,9.0,2285366,14.1,52993,15.3,-2473,-16.2,53,3.6
"26163","5","518210","78","0","2015","3","",40,935,921,929,15068290,981537,57379,1249,"",0.69,0.62,0.62,0.63,0.39,0.77,1.11,0.63,"",9,29.0,89,10.5,114,14.1,128,16.0,292276,2.0,-21597,-2.2,-7476,-11.5,-141,-10.1
"26999","5","518210","78","0","2015","3","",516,878,884,865,18552497,1178653,37942,1630,"",9.64,3.59,3.64,3.58,2.70,2.94,2.38,0.75,"",135,35.4,129,17.2,151,20.6,143,19.8,5692940,44.3,-522768,-30.7,-46136,-54.9,284,21.1
"27000","3","518210","58","0","2015","3","",7,893,895,905,17239538,0,0,1477,"",4.18,16.84,17.02,17.28,19.52,0.00,0.00,1.14,"",0,0.0,-14,-1.5,-14,-1.5,-3,-0.3,501872,3.0,0,0.0,0,0.0,59,4.2
"27000","5","518210","58","0","2015","3","",402,7003,7015,6889,138337485,24154983,328230,1527,"",1.35,1.17,1.17,1.16,0.97,1.18,0.88,0.83,"",-5,-1.2,80,1.2,160,2.3,73,1.1,7046743,5.4,1511998,6.7,7627,2.4,56,3.8
"27003","5","518210","78","0","2015","3","",4,15,15,15,252054,18384,36,1293,"",0.32,0.06,0.06,0.06,0.04,0.02,0.00,0.72,"",-1,-20.0,-2,-11.8,-2,-11.8,-3,-16.7,9250,3.8,1093,6.3,-2,-5.3,215,19.9
"27013","3","518210","78","0","2015","3","N",2,0,0,0,0,0,0,0,"N",99.13,0,0,0,0,0,0,0,"N",0,0.0,0,0,0,0,0,0,0,0,0,0,0,0,0,0
"27013","5","518210","78","0","2015","3","N",2,0,0,0,0,0,0,0,"N",0.56,0,0,0,0,0,0,0,"N",-1,-33.3,0,0,0,0,0,0,0,0,0,0,0,0,0,0
"27019","5","518210","78","0","2015","3","",5,31,34,30,514742,144220,2233,1250,"",1.21,0.38,0.42,0.38,0.28,0.49,0.49,0.72,"N",2,66.7,0,0,0,0,0,0,0,0,0,0,0,0,0,0
"27025","5","518210","78","0","2015","3","N",2,0,0,0,0,0,0,0,"N",1.02,0,0,0,0,0,0,0,"N",0,0.0,0,0,0,0,0,0,0,0,0,0,0,0,0,0
"27027","3","518210","78","0","2015","3","N",1,0,0,0,0,0,0,0,"N",72.65,0,0,0,0,0,0,0,"N",0,0.0,0,0,0,0,0,0,0,0,0,0,0,0,0,0
"27027","5","518210","78","0","2015","3","N",1,0,0,0,0,0,0,0,"N",0.41,0,0,0,0,0,0,0,"N",0,0.0,0,0,0,0,0,0,0,0,0,0,0,0,0,0
"27037","5","518210","78","0","2015","3","",25,296,294,288,4586356,1193539,26275,1205,"",1.42,0.75,0.75,0.74,0.51,0.82,0.88,0.69,"",-2,-7.4,-62,-17.3,-58,-16.5,-68,-19.1,-894622,-16.3,-170278,-12.5,-2250,-7.9,18,1.5
"27049","5","518210","78","0","2015","3","N",1,0,0,0,0,0,0,0,"N",0.42,0,0,0,0,0,0,0,"N",0,0.0,0,0,0,0,0,0,0,0,0,0,0,0,0,0
"27053","3","518210","78","0","2015","3","N",2,0,0,0,0,0,0,0,"N",5.18,0,0,0,0,0,0,0,"N",0,0.0,0,0,0,0,0,0,0,0,0,0,0,0,0,0
"27053","5","518210","78","0","2015","3","",83,3886,3875,3755,83736163,13220978,154896,1678,"",1.20,2.05,2.04,2.00,1.52,2.01,1.53,0.75,"",-18,-17.8,204,5.5,214,5.8,106,2.9,5578640,7.1,368787,2.9,-15289,-9.0,37,2.3
"27055","5","518210","78","0","2015","3","N",1,0,0,0,0,0,0,0,"N",1.27,0,0,0,0,0,0,0,"N",0,0.0,0,0,0,0,0,0,0,0,0,0,0,0,0,0
"27061","5","518210","78","0","2015","3","N",2,0,0,0,0,0,0,0,"N",0.93,0,0,0,0,0,0,0,"N",0,0.0,0,0,0,0,0,0,0,0,0,0,0,0,0,0
"27067","5","518210","78","0","2015","3","N",2,0,0,0,0,0,0,0,"N",0.81,0,0,0,0,0,0,0,"N",0,0.0,0,0,0,0,0,0,0,0,0,0,0,0,0,0
"27091","5","518210","78","0","2015","3","N",1,0,0,0,0,0,0,0,"N",0.81,0,0,0,0,0,0,0,"N",0,0.0,0,0,0,0,0,0,0,0,0,0,0,0,0,0
"27099","5","518210","78","0","2015","3","N",1,0,0,0,0,0,0,0,"N",0.63,0,0,0,0,0,0,0,"N",0,0.0,0,0,0,0,0,0,0,0,0,0,0,0,0,0
"27105","5","518210","78","0","2015","3","-",0,0,0,0,0,0,0,0,"N",0.00,0,0,0,0,0,0,0,"N",-1,-100.0,0,0,0,0,0,0,0,0,0,0,0,0,0,0
"27109","5","518210","78","0","2015","3","N",3,0,0,0,0,0,0,0,"N",0.49,0,0,0,0,0,0,0,"N",-1,-25.0,0,0,0,0,0,0,0,0,0,0,0,0,0,0
"27111","5","518210","78","0","2015","3","N",3,0,0,0,0,0,0,0,"N",0.95,0,0,0,0,0,0,0,"N",1,50.0,0,0,0,0,0,0,0,0,0,0,0,0,0,0
"27115","5","518210","78","0","2015","3","N",1,0,0,0,0,0,0,0,"N",0.91,0,0,0,0,0,0,0,"N",0,0.0,0,0,0,0,0,0,0,0,0,0,0,0,0,0
"27123","3","518210","78","0","2015","3","N",1,0,0,0,0,0,0,0,"N",7.45,0,0,0,0,0,0,0,"N",0,0.0,0,0,0,0,0,0,0,0,0,0,0,0,0,0
"27123","5","518210","78","0","2015","3","",19,1589,1604,1610,26531594,3996895,47728,1275,"",0.79,2.26,2.29,2.29,1.46,1.96,1.35,0.64,"",-1,-5.0,-121,-7.1,-60,-3.6,-53,-3.2,161707,0.6,199547,5.3,746,1.6,67,5.5
"27131","5","518210","78","0","2015","3","N",1,0,0,0,0,0,0,0,"N",0.37,0,0,0,0,0,0,0,"N",0,0.0,0,0,0,0,0,0,0,0,0,0,0,0,0,0
"27137","3","518210","78","0","2015","3","N",1,0,0,0,0,0,0,0,"N",18.58,0,0,0,0,0,0,0,"N",0,0.0,0,0,0,0,0,0,0,0,0,0,0,0,0,0
"27137","5","518210","78","0","2015","3","",4,147,156,154,1883598,770480,10911,951,"",0.42,0.69,0.74,0.74,0.45,1.26,0.82,0.61,"N",1,33.3,0,0,0,0,0,0,0,0,0,0,0,0,0,0
"27139","5","518210","78","0","2015","3","N",3,0,0,0,0,0,0,0,"N",0.56,0,0,0,0,0,0,0,"N",-1,-25.0,0,0,0,0,0,0,0,0,0,0,0,0,0,0
"27141","5","518210","78","0","2015","3","-",0,0,0,0,0,0,0,0,"N",0.00,0,0,0,0,0,0,0,"N",0,0,0,0,0,0,0,0,0,0,0,0,0,0,0,0
"27145","5","518210","78","0","2015","3","",7,198,198,195,2523056,907214,15623,985,"",0.91,1.10,1.09,1.08,0.70,1.42,1.32,0.64,"",0,0.0,-39,-16.5,-33,-14.3,-27,-12.2,-570334,-18.4,-13513,-1.5,-507,-3.1,-50,-4.8
"27163","5","518210","78","0","2015","3","N",6,0,0,0,0,0,0,0,"N",0.62,0,0,0,0,0,0,0,"N",-1,-14.3,0,0,0,0,0,0,0,0,0,0,0,0,0,0
"27999","5","518210","78","0","2015","3","",225,562,566,575,15029840,2755017,52665,2037,"",6.35,4.19,4.25,4.44,2.90,4.24,3.25,0.68,"",20,9.8,85,17.8,83,17.2,107,22.9,2800523,22.9,924011,50.5,21849,70.9,61,3.1
"28000","5","518210","58","0","2015","3","",103,1843,1934,2006,15555394,4347659,54677,621,"",0.76,0.77,0.81,0.85,0.38,1.15,1.24,0.47,"",6,6.2,527,40.0,403,26.3,290,16.9,2504227,19.2,1041936,31.5,36286,197.3,-39,-5.9
"28003","5","518210","78","0","2015","3","N",1,0,0,0,0,0,0,0,"N",0.66,0,0,0,0,0,0,0,"N",1,100.0,0,0,0,0,0,0,0,0,0,0,0,0,0,0
"28011","5","518210","78","0","2015","3","N",2,0,0,0,0,0,0,0,"N",1.28,0,0,0,0,0,0,0,"N",0,0.0,0,0,0,0,0,0,0,0,0,0,0,0,0,0
"28027","5","518210","78","0","2015","3","N",1,0,0,0,0,0,0,0,"N",0.81,0,0,0,0,0,0,0,"N",0,0.0,0,0,0,0,0,0,0,0,0,0,0,0,0,0
"28033","5","518210","78","0","2015","3","",3,11,12,10,97203,15347,288,680,"",0.57,0.10,0.10,0.09,0.05,0.07,0.12,0.58,"N",1,50.0,0,0,0,0,0,0,0,0,0,0,0,0,0,0
"28035","5","518210","78","0","2015","3","N",1,0,0,0,0,0,0,0,"N",0.28,0,0,0,0,0,0,0,"N",0,0.0,0,0,0,0,0,0,0,0,0,0,0,0,0,0
"28045","5","518210","78","0","2015","3","N",2,0,0,0,0,0,0,0,"N",1.25,0,0,0,0,0,0,0,"N",0,0.0,0,0,0,0,0,0,0,0,0,0,0,0,0,0
"28047","5","518210","78","0","2015","3","N",4,0,0,0,0,0,0,0,"N",0.48,0,0,0,0,0,0,0,"N",-2,-33.3,0,0,0,0,0,0,0,0,0,0,0,0,0,0
"28049","5","518210","78","0","2015","3","N",5,0,0,0,0,0,0,0,"N",0.45,0,0,0,0,0,0,0,"N",0,0.0,0,0,0,0,0,0,0,0,0,0,0,0,0,0
"28067","5","518210","78","0","2015","3","N",1,0,0,0,0,0,0,0,"N",0.39,0,0,0,0,0,0,0,"N",-1,-50.0,0,0,0,0,0,0,0,0,0,0,0,0,0,0
"28071","5","518210","78","0","2015","3","N",1,0,0,0,0,0,0,0,"N",0.44,0,0,0,0,0,0,0,"N",1,100.0,0,0,0,0,0,0,0,0,0,0,0,0,0,0
"28081","5","518210","78","0","2015","3","N",2,0,0,0,0,0,0,0,"N",0.43,0,0,0,0,0,0,0,"N",0,0.0,0,0,0,0,0,0,0,0,0,0,0,0,0,0
"28083","5","518210","78","0","2015","3","N",1,0,0,0,0,0,0,0,"N",0.64,0,0,0,0,0,0,0,"N",0,0.0,0,0,0,0,0,0,0,0,0,0,0,0,0,0
"28085","5","518210","78","0","2015","3","N",1,0,0,0,0,0,0,0,"N",0.68,0,0,0,0,0,0,0,"N",0,0.0,0,0,0,0,0,0,0,0,0,0,0,0,0,0
"28089","5","518210","78","0","2015","3","N",13,0,0,0,0,0,0,0,"N",2.12,0,0,0,0,0,0,0,"N",0,0.0,0,0,0,0,0,0,0,0,0,0,0,0,0,0
"28091","5","518210","78","0","2015","3","N",1,0,0,0,0,0,0,0,"N",0.92,0,0,0,0,0,0,0,"N",0,0.0,0,0,0,0,0,0,0,0,0,0,0,0,0,0
"28105","5","518210","78","0","2015","3","N",3,0,0,0,0,0,0,0,"N",1.73,0,0,0,0,0,0,0,"N",1,50.0,0,0,0,0,0,0,0,0,0,0,0,0,0,0
"28113","5","518210","78","0","2015","3","N",1,0,0,0,0,0,0,0,"N",0.53,0,0,0,0,0,0,0,"N",0,0.0,0,0,0,0,0,0,0,0,0,0,0,0,0,0
"28121","5","518210","78","0","2015","3","",3,7,6,5,81152,600,29,1040,"",0.42,0.05,0.05,0.04,0.04,0.00,0.01,0.78,"",-2,-40.0,-3,-30.0,-4,-40.0,-5,-50.0,-57735,-41.6,0,0.0,-3,-9.4,-28,-2.6
"28137","5","518210","78","0","2015","3","N",1,0,0,0,0,0,0,0,"N",1.47,0,0,0,0,0,0,0,"N",0,0.0,0,0,0,0,0,0,0,0,0,0,0,0,0,0
"28999","5","518210","78","0","2015","3","",56,121,121,114,2254519,138195,1157,1461,"",3.25,1.44,1.46,1.38,1.17,0.66,0.37,0.82,"",9,19.1,-13,-9.7,-15,-11.0,-19,-14.3,-387360,-14.7,-63969,-31.6,-155,-11.8,-52,-3.4
"29000","5","518210","58","0","2015","3","",309,9467,9439,9383,279126028,8381502,164088,2277,"",0.85,1.64,1.63,1.62,2.36,1.06,0.94,1.45,"",46,17.5,-875,-8.5,-827,-8.1,-740,-7.3,-14335659,-4.9,175582,2.1,6796,4.3,73,3.3
"29019","5","518210","78","0","2015","3","",4,12,12,12,136318,23207,172,874,"",0.44,0.06,0.06,0.06,0.04,0.10,0.04,0.59,"N",2,100.0,0,0,0,0,0,0,0,0,0,0,0,0,0,0
"29021","5","518210","78","0","2015","3","N",1,0,0,0,0,0,0,0,"N",0.21,0,0,0,0,0,0,0,"N",0,0.0,0,0,0,0,0,0,0,0,0,0,0,0,0,0
"29031","5","518210","78","0","2015","3","N",1,0,0,0,0,0,0,0,"N",0.20,0,0,0,0,0,0,0,"N",0,0.0,0,0,0,0,0,0,0,0,0,0,0,0,0,0
"29037","5","518210","78","0","2015","3","",3,16,15,15,203777,11263,289,1022,"",0.77,0.31,0.28,0.28,0.26,0.13,0.16,0.89,"",0,0.0,2,14.3,0,0.0,-1,-6.2,-33703,-14.2,7298,184.1,258,832.3,-196,-16.1
"29043","5","518210","78","0","2015","3","N",1,0,0,0,0,0,0,0,"N",0.29,0,0,0,0,0,0,0,"N",1,100.0,0,0,0,0,0,0,0,0,0,0,0,0,0,0
"29047","5","518210","78","0","2015","3","",6,95,92,91,1217796,102009,2721,1011,"",0.59,0.45,0.44,0.43,0.28,0.34,0.44,0.63,"",2,50.0,8,9.2,3,3.4,-1,-1.1,-113918,-8.6,-1907,-1.8,538,24.6,-136,-11.9
"29051","5","518210","78","0","2015","3","",6,332,340,339,3655594,523517,7235,834,"",1.35,3.02,3.10,3.07,1.82,4.98,3.24,0.60,"",1,20.0,26,8.5,36,11.8,37,12.3,396399,12.2,-93617,-15.2,-3010,-29.4,9,1.1
"29071","5","518210","78","0","2015","3","N",1,0,0,0,0,0,0,0,"N",0.18,0,0,0,0,0,0,0,"N",1,100.0,0,0,0,0,0,0,0,0,0,0,0,0,0,0
"29077","5","518210","78","0","2015","3","",11,281,304,306,2882217,650649,18629,746,"",0.69,0.82,0.89,0.89,0.46,1.37,2.06,0.53,"",2,22.2,-6,-2.1,18,6.3,17,5.9,126883,4.6,-37751,-5.5,446,2.5,8,1.1
"29095","5","518210","78","0","2015","3","",41,2826,2776,2780,48447494,2309156,42766,1334,"",1.04,3.67,3.61,3.66,2.65,2.33,1.97,0.72,"",9,28.1,-40,-1.4,-54,-1.9,-6,-0.2,-1485511,-3.0,536126,30.2,10616,33.0,-25,-1.8
"29099","5","518210","78","0","2015","3","N",2,0,0,0,0,0,0,0,"N",0.25,0,0,0,0,0,0,0,"N",1,100.0,0,0,0,0,0,0,0,0,0,0,0,0,0,0
"29113","5","518210","78","0","2015","3","N",1,0,0,0,0,0,0,0,"N",0.54,0,0,0,0,0,0,0,"N",0,0.0,0,0,0,0,0,0,0,0,0,0,0,0,0,0
"29141","5","518210","78","0","2015","3","N",2,0,0,0,0,0,0,0,"N",1.98,0,0,0,0,0,0,0,"N",1,100.0,0,0,0,0,0,0,0,0,0,0,0,0,0,0
"29145","5","518210","78","0","2015","3","N",1,0,0,0,0,0,0,0,"N",0.42,0,0,0,0,0,0,0,"N",0,0.0,0,0,0,0,0,0,0,0,0,0,0,0,0,0
"29153","5","518210","78","0","2015","3","-",0,0,0,0,0,0,0,0,"N",0.00,0,0,0,0,0,0,0,"N",0,0,0,0,0,0,0,0,0,0,0,0,0,0,0,0
"29159","5","518210","78","0","2015","3","N",1,0,0,0,0,0,0,0,"N",0.44,0,0,0,0,0,0,0,"N",0,0.0,0,0,0,0,0,0,0,0,0,0,0,0,0,0
"29161","5","518210","78","0","2015","3","N",1,0,0,0,0,0,0,0,"N",0.44,0,0,0,0,0,0,0,"N",0,0.0,0,0,0,0,0,0,0,0,0,0,0,0,0,0
"29165","5","518210","78","0","2015","3","",9,140,134,143,2653537,119911,2667,1468,"",1.83,1.60,1.53,1.64,1.52,0.89,0.94,0.96,"",1,12.5,-267,-65.6,-271,-66.9,-254,-64.0,-3590077,-57.5,-183860,-60.5,-4729,-63.9,276,23.2
"29167","5","518210","78","0","2015","3","N",1,0,0,0,0,0,0,0,"N",0.82,0,0,0,0,0,0,0,"N",0,0.0,0,0,0,0,0,0,0,0,0,0,0,0,0,0
"29183","5","518210","78","0","2015","3","N",17,0,0,0,0,0,0,0,"N",1.01,0,0,0,0,0,0,0,"N",2,13.3,0,0,0,0,0,0,0,0,0,0,0,0,0,0
"29187","5","518210","78","0","2015","3","N",3,0,0,0,0,0,0,0,"N",0.89,0,0,0,0,0,0,0,"N",0,0.0,0,0,0,0,0,0,0,0,0,0,0,0,0,0
"29189","5","518210","78","0","2015","3","",58,2486,2475,2459,141575421,1541020,24931,4403,"",0.86,1.97,1.95,1.96,4.61,0.92,0.69,2.36,"",3,5.5,-739,-22.9,-718,-22.5,-687,-21.8,-15579596,-9.9,-755766,-32.9,-16624,-40.0,611,16.1
"29201","5","518210","78","0","2015","3","N",1,0,0,0,0,0,0,0,"N",0.37,0,0,0,0,0,0,0,"N",0,0.0,0,0,0,0,0,0,0,0,0,0,0,0,0,0
"29207","5","518210","78","0","2015","3","N",1,0,0,0,0,0,0,0,"N",0.51,0,0,0,0,0,0,0,"N",0,0.0,0,0,0,0,0,0,0,0,0,0,0,0,0,0
"29209","5","518210","78","0","2015","3","N",1,0,0,0,0,0,0,0,"N",0.71,0,0,0,0,0,0,0,"N",0,0.0,0,0,0,0,0,0,0,0,0,0,0,0,0,0
"29213","5","518210","78","0","2015","3","N",2,0,0,0,0,0,0,0,"N",0.55,0,0,0,0,0,0,0,"N",0,0.0,0,0,0,0,0,0,0,0,0,0,0,0,0,0
"29225","5","518210","78","0","2015","3","N",1,0,0,0,0,0,0,0,"N",0.76,0,0,0,0,0,0,0,"N",1,100.0,0,0,0,0,0,0,0,0,0,0,0,0,0,0
"29510","5","518210","78","0","2015","3","",18,144,141,145,2191854,215744,6436,1176,"",0.76,0.30,0.29,0.30,0.18,0.42,0.51,0.60,"",0,0.0,14,10.8,10,7.6,15,11.5,231796,11.8,11436,5.6,2543,65.3,19,1.6
"29999","5","518210","78","0","2015","3","",114,334,338,310,6937366,702326,21660,1630,"",3.74,2.08,2.10,1.94,1.45,2.21,2.45,0.71,"",24,26.7,70,26.5,75,28.5,48,18.3,1993364,40.3,279310,66.0,8552,65.2,184,12.7
"30000","5","518210","58","0","2015","3","",73,455,468,461,6774306,2131121,34616,1130,"",0.85,0.47,0.48,0.48,0.38,0.49,0.51,0.80,"",-4,-5.2,-17,-3.6,-12,-2.5,-18,-3.8,184838,2.8,-450065,-17.4,-17185,-33.2,67,6.3
"30001","5","518210","78","0","2015","3","N",1,0,0,0,0,0,0,0,"N",1.08,0,0,0,0,0,0,0,"N",0,0.0,0,0,0,0,0,0,0,0,0,0,0,0,0,0
"30013","5","518210","78","0","2015","3","N",2,0,0,0,0,0,0,0,"N",0.39,0,0,0,0,0,0,0,"N",0,0.0,0,0,0,0,0,0,0,0,0,0,0,0,0,0
"30023","5","518210","78","0","2015","3","N",1,0,0,0,0,0,0,0,"N",1.96,0,0,0,0,0,0,0,"N",0,0.0,0,0,0,0,0,0,0,0,0,0,0,0,0,0
"30029","5","518210","78","0","2015","3","N",2,0,0,0,0,0,0,0,"N",0.24,0,0,0,0,0,0,0,"N",0,0.0,0,0,0,0,0,0,0,0,0,0,0,0,0,0
"30031","5","518210","78","0","2015","3","",8,14,16,15,171447,106553,1696,879,"",0.70,0.12,0.14,0.13,0.08,0.19,0.20,0.64,"",1,14.3,8,133.3,9,128.6,7,87.5,92887,118.2,75185,239.7,1072,171.8,16,1.9
"30035","5","518210","78","0","2015","3","N",1,0,0,0,0,0,0,0,"N",1.64,0,0,0,0,0,0,0,"N",0,0.0,0,0,0,0,0,0,0,0,0,0,0,0,0,0
"30047","5","518210","78","0","2015","3","N",1,0,0,0,0,0,0,0,"N",0.56,0,0,0,0,0,0,0,"N",0,0.0,0,0,0,0,0,0,0,0,0,0,0,0,0,0
"30049","5","518210","78","0","2015","3","",12,181,189,182,2560303,904990,13085,1070,"",2.33,2.41,2.52,2.41,1.67,2.20,3.26,0.68,"",-1,-7.7,3,1.7,7,3.8,4,2.2,19725,0.8,-265419,-22.7,-9053,-40.9,-20,-1.8
"30057","5","518210","78","0","2015","3","N",1,0,0,0,0,0,0,0,"N",1.14,0,0,0,0,0,0,0,"N",1,100.0,0,0,0,0,0,0,0,0,0,0,0,0,0,0
"30063","5","518210","78","0","2015","3","",9,87,91,90,933626,496595,8618,804,"",0.98,0.71,0.74,0.72,0.42,0.85,0.98,0.58,"",-1,-10.0,-5,-5.4,2,2.2,2,2.3,43174,4.8,-10643,-2.1,-2702,-23.9,40,5.2
"30065","5","518210","78","0","2015","3","N",1,0,0,0,0,0,0,0,"N",3.54,0,0,0,0,0,0,0,"N",0,0.0,0,0,0,0,0,0,0,0,0,0,0,0,0,0
"30067","5","518210","78","0","2015","3","N",1,0,0,0,0,0,0,0,"N",0.57,0,0,0,0,0,0,0,"N",1,100.0,0,0,0,0,0,0,0,0,0,0,0,0,0,0
"30081","5","518210","78","0","2015","3","N",2,0,0,0,0,0,0,0,"N",0.63,0,0,0,0,0,0,0,"N",1,100.0,0,0,0,0,0,0,0,0,0,0,0,0,0,0
"30095","5","518210","78","0","2015","3","N",1,0,0,0,0,0,0,0,"N",1.52,0,0,0,0,0,0,0,"N",1,100.0,0,0,0,0,0,0,0,0,0,0,0,0,0,0
"30097","5","518210","78","0","2015","3","N",1,0,0,0,0,0,0,0,"N",2.47,0,0,0,0,0,0,0,"N",0,0.0,0,0,0,0,0,0,0,0,0,0,0,0,0,0
"30111","5","518210","78","0","2015","3","N",11,0,0,0,0,0,0,0,"N",0.92,0,0,0,0,0,0,0,"N",-2,-15.4,0,0,0,0,0,0,0,0,0,0,0,0,0,0
"30999","5","518210","78","0","2015","3","",18,45,44,43,1133263,109195,2068,1981,"",4.99,2.98,2.97,3.02,2.98,1.52,1.22,1.00,"",-3,-14.3,-1,-2.2,-8,-15.4,-7,-14.0,137097,13.8,-90731,-45.4,-2502,-54.7,428,27.6
"31000","5","518210","58","0","2015","3","",113,4877,4898,4854,89521961,3305811,34084,1412,"",0.86,2.35,2.37,2.38,2.21,1.79,1.30,0.93,"",4,3.7,270,5.9,288,6.2,193,4.1,9063922,11.3,403658,13.9,-5404,-13.7,74,5.5
"31019","5","518210","78","0","2015","3","N",2,0,0,0,0,0,0,0,"N",0.57,0,0,0,0,0,0,0,"N",0,0.0,0,0,0,0,0,0,0,0,0,0,0,0,0,0
"31045","5","518210","78","0","2015","3","N",1,0,0,0,0,0,0,0,"N",1.40,0,0,0,0,0,0,0,"N",0,0.0,0,0,0,0,0,0,0,0,0,0,0,0,0,0
"31053","5","518210","78","0","2015","3","N",2,0,0,0,0,0,0,0,"N",0.90,0,0,0,0,0,0,0,"N",0,0.0,0,0,0,0,0,0,0,0,0,0,0,0,0,0
"31055","5","518210","78","0","2015","3","",54,4366,4384,4341,81598437,2924204,29211,1438,"",1.57,6.12,6.11,6.15,5.07,4.53,3.12,0.83,"",-3,-5.3,280,6.9,286,7.0,199,4.8,8027335,10.9,329473,12.7,-5473,-15.8,61,4.4
"31079","5","518210","78","0","2015","3","N",1,0,0,0,0,0,0,0,"N",0.25,0,0,0,0,0,0,0,"N",0,0.0,0,0,0,0,0,0,0,0,0,0,0,0,0,0
"31109","5","518210","78","0","2015","3","",19,174,176,175,3407465,112945,1708,1498,"",1.03,0.49,0.49,0.49,0.50,0.38,0.43,1.01,"",4,26.7,9,5.5,11,6.7,6,3.6,1187135,53.5,-8795,-7.2,-790,-31.6,471,45.9
"31139","5","518210","78","0","2015","3","N",1,0,0,0,0,0,0,0,"N",2.14,0,0,0,0,0,0,0,"N",0,0.0,0,0,0,0,0,0,0,0,0,0,0,0,0,0
"31153","5","518210","78","0","2015","3","",9,119,120,119,1291698,120060,1685,833,"",1.27,0.82,0.83,0.82,0.46,0.80,0.81,0.56,"",0,0.0,-19,-13.8,-19,-13.7,-21,-15.0,-362926,-21.9,21797,22.2,140,9.1,-83,-9.1
"31173","5","518210","78","0","2015","3","N",1,0,0,0,0,0,0,0,"N",2.69,0,0,0,0,0,0,0,"N",0,0.0,0,0,0,0,0,0,0,0,0,0,0,0,0,0
"31177","5","518210","78","0","2015","3","N",1,0,0,0,0,0,0,0,"N",0.85,0,0,0,0,0,0,0,"N",0,0.0,0,0,0,0,0,0,0,0,0,0,0,0,0,0
"31185","5","518210","78","0","2015","3","N",1,0,0,0,0,0,0,0,"N",0.82,0,0,0,0,0,0,0,"N",0,0.0,0,0,0,0,0,0,0,0,0,0,0,0,0,0
"31999","5","518210","78","0","2015","3","N",21,0,0,0,0,0,0,0,"N",2.21,0,0,0,0,0,0,0,"N",3,16.7,0,0,0,0,0,0,0,0,0,0,0,0,0,0
"32000","5","518210","58","0","2015","3","",288,1551,1598,1580,27103979,8531017,176025,1323,"",1.92,0.58,0.60,0.60,0.49,0.77,0.73,0.82,"",13,4.7,222,16.7,264,19.8,232,17.2,3860972,16.6,2054544,31.7,44383,33.7,-14,-1.0
"32001","5","518210","78","0","2015","3","N",2,0,0,0,0,0,0,0,"N",1.62,0,0,0,0,0,0,0,"N",-2,-50.0,0,0,0,0,0,0,0,0,0,0,0,0,0,0
"32003","5","518210","78","0","2015","3","",213,1262,1318,1286,21323651,6924300,143789,1273,"",2.08,0.65,0.68,0.67,0.54,0.83,0.80,0.81,"",10,4.9,170,15.6,216,19.6,188,17.1,1998245,10.3,1404136,25.4,31104,27.6,-82,-6.1
"32005","5","518210","78","0","2015","3","",11,39,39,40,729114,215508,3908,1426,"",3.08,0.94,0.95,0.99,0.90,1.17,0.90,0.94,"",4,57.1,11,39.3,11,39.3,12,42.9,372581,104.5,87487,68.3,2492,176.0,447,45.7
"32007","5","518210","78","0","2015","3","N",4,0,0,0,0,0,0,0,"N",1.47,0,0,0,0,0,0,0,"N",0,0.0,0,0,0,0,0,0,0,0,0,0,0,0,0,0
"32013","5","518210","78","0","2015","3","N",1,0,0,0,0,0,0,0,"N",0.99,0,0,0,0,0,0,0,"N",-1,-50.0,0,0,0,0,0,0,0,0,0,0,0,0,0,0
"32019","5","518210","78","0","2015","3","N",3,0,0,0,0,0,0,0,"N",1.57,0,0,0,0,0,0,0,"N",0,0.0,0,0,0,0,0,0,0,0,0,0,0,0,0,0
"32023","5","518210","78","0","2015","3","N",2,0,0,0,0,0,0,0,"N",1.21,0,0,0,0,0,0,0,"N",0,0.0,0,0,0,0,0,0,0,0,0,0,0,0,0,0
"32029","5","518210","78","0","2015","3","N",1,0,0,0,0,0,0,0,"N",2.54,0,0,0,0,0,0,0,"N",1,100.0,0,0,0,0,0,0,0,0,0,0,0,0,0,0
"32031","5","518210","78","0","2015","3","",40,118,124,125,2641550,576595,12153,1661,"",1.47,0.27,0.29,0.29,0.29,0.34,0.32,1.02,"",0,0.0,34,40.5,36,40.9,34,37.4,904848,52.1,154852,36.7,3531,41.0,137,9.0
"32510","5","518210","78","0","2015","3","",7,21,19,21,426748,70179,1505,1614,"",1.77,0.35,0.32,0.36,0.32,0.41,0.39,0.95,"",0,0.0,-3,-12.5,-4,-17.4,-2,-8.7,-55434,-11.5,-8054,-10.3,-334,-18.2,24,1.5
"32999","5","518210","78","0","2015","3","",4,7,7,7,116519,22163,654,1280,"",1.99,0.51,0.50,0.50,0.23,0.31,0.36,0.46,"",1,33.3,1,16.7,1,16.7,1,16.7,26294,29.1,8275,59.6,254,63.5,123,10.6
"33000","5","518210","58","0","2015","3","",94,1403,1390,1356,27806457,1072614,14260,1547,"",0.98,1.02,1.02,1.00,0.88,0.54,0.55,0.87,"",-3,-3.1,-172,-10.9,-191,-12.1,-206,-13.2,-180709,-0.6,-784272,-42.2,-5601,-28.2,178,13.0
"33001","5","518210","78","0","2015","3","N",1,0,0,0,0,0,0,0,"N",0.26,0,0,0,0,0,0,0,"N",0,0.0,0,0,0,0,0,0,0,0,0,0,0,0,0,0
"33005","5","518210","78","0","2015","3","-",0,0,0,0,0,0,0,0,"N",0.00,0,0,0,0,0,0,0,"N",0,0,0,0,0,0,0,0,0,0,0,0,0,0,0,0
"33009","5","518210","78","0","2015","3","N",2,0,0,0,0,0,0,0,"N",0.33,0,0,0,0,0,0,0,"N",0,0.0,0,0,0,0,0,0,0,0,0,0,0,0,0,0
"33011","5","518210","78","0","2015","3","",17,199,195,188,2303971,344688,4220,914,"",0.74,0.48,0.47,0.45,0.22,0.60,0.58,0.48,"",-3,-15.0,-33,-14.2,-37,-15.9,-34,-15.3,-192170,-7.7,17720,5.4,-1192,-22.0,74,8.8
"33013","5","518210","78","0","2015","3","",7,36,35,34,814649,50678,305,1790,"",0.73,0.22,0.22,0.21,0.24,0.27,0.12,1.08,"",1,16.7,-8,-18.2,-9,-20.5,-9,-20.9,-362670,-30.8,44562,728.6,154,102.0,-284,-13.7
"33015","5","518210","78","0","2015","3","",20,809,805,782,17043337,377743,6958,1642,"",0.98,2.61,2.60,2.53,2.42,0.73,1.03,0.94,"",-1,-4.8,7,0.9,-8,-1.0,-23,-2.9,488605,3.0,-169681,-31.0,833,13.6,63,4.0
"33017","5","518210","78","0","2015","3","N",2,0,0,0,0,0,0,0,"N",0.37,0,0,0,0,0,0,0,"N",-1,-33.3,0,0,0,0,0,0,0,0,0,0,0,0,0,0
"33999","5","518210","78","0","2015","3","",45,165,160,157,5761533,169296,2456,2758,"",2.80,4.31,4.16,4.08,3.38,2.11,1.50,0.81,"",1,2.3,12,7.8,9,6.0,2,1.3,727242,14.4,25553,17.8,263,12.0,227,9.0
"34000","5","518210","58","0","2015","3","",575,9729,9730,9593,252023719,31041898,779700,2002,"",1.17,1.18,1.19,1.15,1.13,1.02,0.91,0.96,"",23,4.2,405,4.3,385,4.1,253,2.7,31066586,14.1,2170392,7.5,-44708,-5.4,182,10.0
"34001","5","518210","78","0","2015","3","N",4,0,0,0,0,0,0,0,"N",0.33,0,0,0,0,0,0,0,"N",2,100.0,0,0,0,0,0,0,0,0,0,0,0,0,0,0
"34003","5","518210","78","0","2015","3","",73,2475,2469,2434,59345403,5925296,101675,1856,"",1.20,2.64,2.68,2.59,2.31,1.61,1.05,0.88,"",2,2.8,87,3.6,91,3.8,80,3.4,5247765,9.7,287745,5.1,-20308,-16.6,103,5.9
"34005","5","518210","78","0","2015","3","",28,565,561,554,18179018,2381908,44191,2497,"",1.38,1.36,1.37,1.33,1.82,1.49,0.98,1.35,"",2,7.7,25,4.6,18,3.3,9,1.7,2297330,14.5,495230,26.2,608,1.4,246,10.9
"34007","5","518210","78","0","2015","3","",23,292,292,289,6976915,856148,24917,1844,"",1.04,0.71,0.72,0.69,0.74,0.56,0.57,1.05,"",0,0.0,-32,-9.9,-30,-9.3,-36,-11.1,864176,14.1,-28303,-3.2,-2989,-10.7,391,26.9
"34009","5","518210","78","0","2015","3","N",2,0,0,0,0,0,0,0,"N",0.28,0,0,0,0,0,0,0,"N",0,0.0,0,0,0,0,0,0,0,0,0,0,0,0,0,0
"34011","5","518210","78","0","2015","3","N",1,0,0,0,0,0,0,0,"N",0.17,0,0,0,0,0,0,0,"N",-1,-50.0,0,0,0,0,0,0,0,0,0,0,0,0,0,0
"34013","5","518210","78","0","2015","3","",17,65,62,64,1167882,209702,4555,1411,"",0.45,0.09,0.09,0.09,0.06,0.09,0.08,0.64,"",-3,-15.0,-59,-47.6,-58,-48.3,-53,-45.3,-1142639,-49.5,-165173,-44.1,-5336,-53.9,-66,-4.5
"34015","5","518210","78","0","2015","3","",7,33,36,37,710139,189447,5792,1546,"",0.61,0.16,0.17,0.17,0.17,0.23,0.24,0.99,"",0,0.0,9,37.5,13,56.5,13,54.2,256494,56.5,65770,53.2,1732,42.7,72,4.9
"34017","5","518210","78","0","2015","3","",38,1413,1418,1377,35277355,4277107,111187,1935,"",1.43,2.75,2.79,2.65,2.22,2.32,2.28,0.81,"",3,8.6,234,19.8,235,19.9,188,15.8,6073811,20.8,691281,19.3,-8201,-6.9,37,1.9
"34019","5","518210","78","0","2015","3","",9,41,39,37,642555,277175,7807,1267,"",1.17,0.42,0.40,0.38,0.25,0.80,0.89,0.63,"",0,0.0,5,13.9,3,8.3,-1,-2.6,84685,15.2,98860,55.4,4073,109.1,97,8.3
"34021","5","518210","78","0","2015","3","",35,390,385,382,7576512,1107353,26931,1511,"",1.69,0.77,0.77,0.75,0.50,0.81,0.73,0.66,"",-4,-10.3,-153,-28.2,-168,-30.4,-178,-31.8,209435,2.8,-180175,-14.0,-5746,-17.6,484,47.1
"34023","5","518210","78","0","2015","3","",51,881,876,871,22794051,3362992,112256,2002,"",1.26,1.04,1.03,1.01,0.97,1.06,1.31,0.94,"",6,13.3,72,8.9,68,8.4,59,7.3,3282943,16.8,163668,5.1,7376,7.0,148,8.0
"34025","5","518210","78","0","2015","3","",28,657,670,650,13848914,3142232,92628,1617,"",0.76,1.21,1.24,1.20,1.13,1.57,1.64,0.93,"",2,7.7,95,16.9,108,19.2,104,19.0,2783688,25.2,457249,17.0,16736,22.1,88,5.8
"34027","5","518210","78","0","2015","3","",35,1265,1260,1253,31106866,3397407,76609,1900,"",1.12,2.10,2.11,2.07,1.54,1.57,1.29,0.74,"",2,6.1,24,1.9,24,1.9,30,2.5,-2419366,-7.2,301666,9.7,-7796,-9.2,-191,-9.1
"34029","5","518210","78","0","2015","3","",9,65,56,58,360505,226601,9317,465,"",0.38,0.19,0.16,0.17,0.06,0.17,0.23,0.33,"",0,0.0,-30,-31.6,-5,-8.2,-3,-4.9,-92819,-20.5,-31112,-12.1,-4092,-30.5,-17,-3.5
"34031","5","518210","78","0","2015","3","",13,138,141,142,2519370,406444,10217,1381,"",0.57,0.41,0.42,0.41,0.32,0.30,0.28,0.79,"",1,8.3,-8,-5.5,-8,-5.4,-5,-3.4,473660,23.2,4926,1.2,-926,-8.3,313,29.3
"34033","5","518210","78","0","2015","3","N",1,0,0,0,0,0,0,0,"N",0.43,0,0,0,0,0,0,0,"N",0,0.0,0,0,0,0,0,0,0,0,0,0,0,0,0,0
"34035","5","518210","78","0","2015","3","",25,444,449,436,12659646,1510246,36868,2198,"",1.35,1.15,1.18,1.13,0.94,1.10,1.02,0.81,"",2,8.7,93,26.5,95,26.8,70,19.1,2588487,25.7,352233,30.4,4183,12.8,28,1.3
"34037","5","518210","78","0","2015","3","N",3,0,0,0,0,0,0,0,"N",0.46,0,0,0,0,0,0,0,"N",-1,-25.0,0,0,0,0,0,0,0,0,0,0,0,0,0,0
"34039","5","518210","78","0","2015","3","",15,153,150,153,6386054,257475,4002,3232,"",0.57,0.34,0.34,0.33,0.49,0.15,0.09,1.46,"",-5,-25.0,-45,-22.7,-52,-25.7,-47,-23.5,-630685,-9.0,-117310,-31.3,-6134,-60.5,533,19.7
"34041","5","518210","78","0","2015","3","",5,9,9,9,143966,32723,505,1230,"",0.96,0.13,0.13,0.13,0.09,0.13,0.07,0.73,"",0,0.0,-2,-18.2,-2,-18.2,-2,-18.2,2866,2.0,-40767,-55.5,-1322,-72.4,243,24.6
"34999","5","518210","78","0","2015","3","",153,709,722,711,22974351,2625514,80872,2475,"",3.33,2.84,2.88,2.77,2.27,2.14,1.89,0.80,"",15,10.9,-3,-0.4,-40,-5.2,-68,-8.7,2314467,11.2,-816077,-23.7,-38274,-32.1,359,17.0
"35000","2","518210","58","0","2015","3","N",1,0,0,0,0,0,0,0,"N",4.76,0,0,0,0,0,0,0,"N",0,0.0,0,0,0,0,0,0,0,0,0,0,0,0,0,0
"35000","3","518210","58","0","2015","3","",21,222,216,209,3161469,26998,223,1128,"",34.61,14.69,14.15,13.81,15.40,11.05,11.73,1.08,"",0,0.0,-1,-0.4,-1,-0.5,0,0.0,58525,1.9,-1959,-6.8,-9,-3.9,25,2.3
"35000","5","518210","58","0","2015","3","",99,504,505,489,5073456,1479023,40232,782,"",0.91,0.30,0.29,0.29,0.15,0.30,0.29,0.53,"",1,1.0,59,13.3,49,10.7,50,11.4,731386,16.8,237416,19.1,23384,138.8,34,4.5
"35001","3","518210","78","0","2015","3","N",1,0,0,0,0,0,0,0,"N",5.21,0,0,0,0,0,0,0,"N",0,0.0,0,0,0,0,0,0,0,0,0,0,0,0,0,0
"35001","5","518210","78","0","2015","3","",27,162,167,171,2127071,669346,28188,982,"",0.79,0.24,0.24,0.25,0.15,0.35,0.48,0.63,"",1,3.8,53,48.6,55,49.1,64,59.8,636364,42.7,302020,82.2,22728,416.3,-67,-6.4
"35005","3","518210","78","0","2015","3","N",2,0,0,0,0,0,0,0,"N",105.71,0,0,0,0,0,0,0,"N",0,0.0,0,0,0,0,0,0,0,0,0,0,0,0,0,0
"35005","5","518210","78","0","2015","3","N",1,0,0,0,0,0,0,0,"N",0.30,0,0,0,0,0,0,0,"N",0,0.0,0,0,0,0,0,0,0,0,0,0,0,0,0,0
"35006","3","518210","78","0","2015","3","N",2,0,0,0,0,0,0,0,"N",447.59,0,0,0,0,0,0,0,"N",0,0.0,0,0,0,0,0,0,0,0,0,0,0,0,0,0
"35009","3","518210","78","0","2015","3","N",2,0,0,0,0,0,0,0,"N",156.60,0,0,0,0,0,0,0,"N",0,0.0,0,0,0,0,0,0,0,0,0,0,0,0,0,0
"35013","3","518210","78","0","2015","3","N",1,0,0,0,0,0,0,0,"N",21.36,0,0,0,0,0,0,0,"N",0,0.0,0,0,0,0,0,0,0,0,0,0,0,0,0,0
"35013","5","518210","78","0","2015","3","N",4,0,0,0,0,0,0,0,"N",0.48,0,0,0,0,0,0,0,"N",0,0.0,0,0,0,0,0,0,0,0,0,0,0,0,0,0
"35015","3","518210","78","0","2015","3","N",2,0,0,0,0,0,0,0,"N",112.43,0,0,0,0,0,0,0,"N",0,0.0,0,0,0,0,0,0,0,0,0,0,0,0,0,0
"35015","5","518210","78","0","2015","3","N",2,0,0,0,0,0,0,0,"N",0.63,0,0,0,0,0,0,0,"N",1,100.0,0,0,0,0,0,0,0,0,0,0,0,0,0,0
"35025","3","518210","78","0","2015","3","N",1,0,0,0,0,0,0,0,"N",47.24,0,0,0,0,0,0,0,"N",0,0.0,0,0,0,0,0,0,0,0,0,0,0,0,0,0
"35025","5","518210","78","0","2015","3","N",1,0,0,0,0,0,0,0,"N",0.26,0,0,0,0,0,0,0,"N",0,0.0,0,0,0,0,0,0,0,0,0,0,0,0,0,0
"35027","5","518210","78","0","2015","3","N",1,0,0,0,0,0,0,0,"N",0.66,0,0,0,0,0,0,0,"N",0,0.0,0,0,0,0,0,0,0,0,0,0,0,0,0,0
"35028","3","518210","78","0","2015","3","N",1,0,0,0,0,0,0,0,"N",221.18,0,0,0,0,0,0,0,"N",0,0.0,0,0,0,0,0,0,0,0,0,0,0,0,0,0
"35028","5","518210","78","0","2015","3","N",1,0,0,0,0,0,0,0,"N",1.24,0,0,0,0,0,0,0,"N",1,100.0,0,0,0,0,0,0,0,0,0,0,0,0,0,0
"35031","3","518210","78","0","2015","3","N",2,0,0,0,0,0,0,0,"N",150.02,0,0,0,0,0,0,0,"N",0,0.0,0,0,0,0,0,0,0,0,0,0,0,0,0,0
"35033","5","518210","78","0","2015","3","N",1,0,0,0,0,0,0,0,"N",3.82,0,0,0,0,0,0,0,"N",0,0.0,0,0,0,0,0,0,0,0,0,0,0,0,0,0
"35035","3","518210","78","0","2015","3","N",1,0,0,0,0,0,0,0,"N",82.75,0,0,0,0,0,0,0,"N",0,0.0,0,0,0,0,0,0,0,0,0,0,0,0,0,0
"35035","5","518210","78","0","2015","3","",4,7,7,7,71665,23088,148,788,"",1.86,0.19,0.19,0.19,0.12,0.26,0.06,0.64,"N",1,33.3,0,0,0,0,0,0,0,0,0,0,0,0,0,0
"35037","3","518210","78","0","2015","3","N",1,0,0,0,0,0,0,0,"N",309.36,0,0,0,0,0,0,0,"N",0,0.0,0,0,0,0,0,0,0,0,0,0,0,0,0,0
"35039","5","518210","78","0","2015","3","N",1,0,0,0,0,0,0,0,"N",0.72,0,0,0,0,0,0,0,"N",0,0.0,0,0,0,0,0,0,0,0,0,0,0,0,0,0
"35043","5","518210","78","0","2015","3","N",4,0,0,0,0,0,0,0,"N",0.96,0,0,0,0,0,0,0,"N",-2,-33.3,0,0,0,0,0,0,0,0,0,0,0,0,0,0
"35045","3","518210","78","0","2015","3","N",2,0,0,0,0,0,0,0,"N",63.13,0,0,0,0,0,0,0,"N",0,0.0,0,0,0,0,0,0,0,0,0,0,0,0,0,0
"35045","5","518210","78","0","2015","3","N",1,0,0,0,0,0,0,0,"N",0.18,0,0,0,0,0,0,0,"N",0,0.0,0,0,0,0,0,0,0,0,0,0,0,0,0,0
"35047","5","518210","78","0","2015","3","N",1,0,0,0,0,0,0,0,"N",0.79,0,0,0,0,0,0,0,"N",0,0.0,0,0,0,0,0,0,0,0,0,0,0,0,0,0
"35049","2","518210","78","0","2015","3","N",1,0,0,0,0,0,0,0,"N",49.49,0,0,0,0,0,0,0,"N",0,0.0,0,0,0,0,0,0,0,0,0,0,0,0,0,0
"35049","3","518210","78","0","2015","3","N",1,0,0,0,0,0,0,0,"N",17.15,0,0,0,0,0,0,0,"N",0,0.0,0,0,0,0,0,0,0,0,0,0,0,0,0,0
"35049","5","518210","78","0","2015","3","",7,9,9,10,103107,30027,275,850,"",0.67,0.07,0.07,0.08,0.04,0.08,0.03,0.58,"",-3,-30.0,-4,-30.8,-3,-25.0,-2,-16.7,-52880,-33.9,-34604,-53.5,-489,-64.0,-123,-12.6
"35055","5","518210","78","0","2015","3","N",1,0,0,0,0,0,0,0,"N",0.42,0,0,0,0,0,0,0,"N",0,0.0,0,0,0,0,0,0,0,0,0,0,0,0,0,0
"35061","3","518210","78","0","2015","3","N",2,0,0,0,0,0,0,0,"N",168.44,0,0,0,0,0,0,0,"N",0,0.0,0,0,0,0,0,0,0,0,0,0,0,0,0,0
"35999","5","518210","78","0","2015","3","",42,41,41,33,871078,136130,2815,1748,"",4.31,1.01,0.97,0.82,0.83,0.70,0.43,0.89,"",3,7.7,-8,-16.3,-7,-14.6,-13,-28.3,-77399,-8.2,-1905,-1.4,631,28.9,217,14.2
"36000","3","518210","58","0","2015","3","N",1,0,0,0,0,0,0,0,"N",0.15,0,0,0,0,0,0,0,"N",0,0.0,0,0,0,0,0,0,0,0,0,0,0,0,0,0
"36000","5","518210","58","0","2015","3","",997,17385,17391,17284,619036102,20185837,900549,2744,"",0.84,0.90,0.91,0.90,1.13,0.94,0.94,1.25,"",62,6.6,1085,6.7,1106,6.8,950,5.8,185206684,42.7,1974794,10.8,-49107,-5.2,697,34.0
"36001","5","518210","78","0","2015","3","",26,1193,1189,1197,20132118,769776,38626,1298,"",1.33,2.45,2.47,2.46,1.65,2.05,2.30,0.67,"",3,13.0,427,55.7,417,54.0,401,50.4,7426409,58.4,-145114,-15.9,-11646,-23.2,42,3.3
"36005","5","518210","78","0","2015","3","N",2,0,0,0,0,0,0,0,"N",0.06,0,0,0,0,0,0,0,"N",-1,-33.3,0,0,0,0,0,0,0,0,0,0,0,0,0,0
"36007","5","518210","78","0","2015","3","N",3,0,0,0,0,0,0,0,"N",0.35,0,0,0,0,0,0,0,"N",0,0.0,0,0,0,0,0,0,0,0,0,0,0,0,0,0
"36009","5","518210","78","0","2015","3","N",1,0,0,0,0,0,0,0,"N",0.29,0,0,0,0,0,0,0,"N",0,0.0,0,0,0,0,0,0,0,0,0,0,0,0,0,0
"36013","5","518210","78","0","2015","3","N",2,0,0,0,0,0,0,0,"N",0.33,0,0,0,0,0,0,0,"N",-1,-33.3,0,0,0,0,0,0,0,0,0,0,0,0,0,0
"36015","5","518210","78","0","2015","3","-",0,0,0,0,0,0,0,0,"N",0.00,0,0,0,0,0,0,0,"N",0,0,0,0,0,0,0,0,0,0,0,0,0,0,0,0
"36021","5","518210","78","0","2015","3","N",2,0,0,0,0,0,0,0,"N",0.53,0,0,0,0,0,0,0,"N",0,0.0,0,0,0,0,0,0,0,0,0,0,0,0,0,0
"36025","5","518210","78","0","2015","3","N",1,0,0,0,0,0,0,0,"N",0.45,0,0,0,0,0,0,0,"N",0,0.0,0,0,0,0,0,0,0,0,0,0,0,0,0,0
"36027","5","518210","78","0","2015","3","",14,237,235,234,3947244,163287,11828,1290,"",0.88,1.02,1.02,1.00,0.76,0.65,1.16,0.75,"",2,16.7,45,23.4,36,18.1,32,15.8,654404,19.9,89594,121.6,7216,156.5,9,0.7
"36029","5","518210","78","0","2015","3","",35,677,668,683,11756235,456926,22572,1338,"",0.76,0.69,0.69,0.69,0.58,0.45,0.51,0.84,"",5,16.7,-86,-11.3,-107,-13.8,-78,-10.2,-301952,-2.5,33767,8.0,-2903,-11.4,128,10.6
"36037","5","518210","78","0","2015","3","N",1,0,0,0,0,0,0,0,"N",0.36,0,0,0,0,0,0,0,"N",0,0.0,0,0,0,0,0,0,0,0,0,0,0,0,0,0
"36043","5","518210","78","0","2015","3","N",1,0,0,0,0,0,0,0,"N",0.42,0,0,0,0,0,0,0,"N",0,0.0,0,0,0,0,0,0,0,0,0,0,0,0,0,0
"36045","5","518210","78","0","2015","3","N",1,0,0,0,0,0,0,0,"N",0.18,0,0,0,0,0,0,0,"N",0,0.0,0,0,0,0,0,0,0,0,0,0,0,0,0,0
"36047","5","518210","78","0","2015","3","",66,279,275,269,4499282,475566,17495,1262,"",0.59,0.20,0.20,0.19,0.16,0.27,0.25,0.81,"",5,8.2,13,4.9,11,4.2,-7,-2.5,-896109,-16.6,216069,83.3,7235,70.5,-283,-18.3
"36055","5","518210","78","0","2015","3","",30,1239,1242,1236,31014925,2055191,97531,1926,"",0.86,1.55,1.57,1.53,1.73,2.65,2.76,1.11,"",-1,-3.2,144,13.2,133,12.0,124,11.2,6819472,28.2,-33762,-1.6,-23345,-19.3,242,14.4
"36057","5","518210","78","0","2015","3","N",1,0,0,0,0,0,0,0,"N",0.44,0,0,0,0,0,0,0,"N",0,0.0,0,0,0,0,0,0,0,0,0,0,0,0,0,0
"36059","5","518210","78","0","2015","3","",58,1027,1024,1017,21709892,763574,29705,1633,"",0.58,0.79,0.80,0.78,0.65,0.52,0.48,0.83,"",-2,-3.3,29,2.9,25,2.5,17,1.7,2190142,11.2,-95873,-11.2,-11972,-28.7,130,8.6
"36061","5","518210","78","0","2015","3","",340,7130,7147,7082,403960341,10027667,425453,4365,"",1.41,1.39,1.41,1.41,1.80,1.73,1.63,1.28,"",18,5.6,675,10.5,626,9.6,574,8.8,184780273,84.3,1714877,20.6,6608,1.6,1769,68.1
"36063","5","518210","78","0","2015","3","N",3,0,0,0,0,0,0,0,"N",0.33,0,0,0,0,0,0,0,"N",2,200.0,0,0,0,0,0,0,0,0,0,0,0,0,0,0
"36065","5","518210","78","0","2015","3","N",6,0,0,0,0,0,0,0,"N",0.60,0,0,0,0,0,0,0,"N",-2,-25.0,0,0,0,0,0,0,0,0,0,0,0,0,0,0
"36067","5","518210","78","0","2015","3","",19,194,200,193,1732824,215935,9453,681,"",0.78,0.38,0.40,0.37,0.15,0.44,0.44,0.40,"",1,5.6,0,0.0,8,4.2,5,2.7,69691,4.2,44477,25.9,37,0.4,12,1.8
"36069","5","518210","78","0","2015","3","",5,248,244,225,4172068,468568,29091,1343,"",0.84,2.19,2.18,1.99,1.78,3.82,4.87,0.84,"",1,25.0,16,6.9,20,8.9,11,5.1,-274711,-6.2,90167,23.8,4464,18.1,-189,-12.3
"36071","3","518210","78","0","2015","3","N",1,0,0,0,0,0,0,0,"N",9.30,0,0,0,0,0,0,0,"N",0,0.0,0,0,0,0,0,0,0,0,0,0,0,0,0,0
"36071","5","518210","78","0","2015","3","",6,6,7,7,75900,5400,127,876,"",0.31,0.02,0.02,0.02,0.01,0.02,0.01,0.58,"",-1,-14.3,-3,-33.3,1,16.7,-1,-12.5,-12373,-14.0,-7013,-56.5,-370,-74.4,-10,-1.1
"36075","5","518210","78","0","2015","3","N",1,0,0,0,0,0,0,0,"N",0.22,0,0,0,0,0,0,0,"N",0,0.0,0,0,0,0,0,0,0,0,0,0,0,0,0,0
"36079","5","518210","78","0","2015","3","N",3,0,0,0,0,0,0,0,"N",0.52,0,0,0,0,0,0,0,"N",0,0.0,0,0,0,0,0,0,0,0,0,0,0,0,0,0
"36081","5","518210","78","0","2015","3","",24,153,149,154,5063376,84945,4313,2562,"",0.25,0.11,0.11,0.11,0.17,0.05,0.06,1.48,"",-1,-4.0,-21,-12.1,-24,-13.9,-12,-7.2,670342,15.3,-11763,-12.2,-1912,-30.7,586,29.7
"36083","5","518210","78","0","2015","3","N",2,0,0,0,0,0,0,0,"N",0.32,0,0,0,0,0,0,0,"N",1,100.0,0,0,0,0,0,0,0,0,0,0,0,0,0,0
"36085","5","518210","78","0","2015","3","N",7,0,0,0,0,0,0,0,"N",0.39,0,0,0,0,0,0,0,"N",-1,-12.5,0,0,0,0,0,0,0,0,0,0,0,0,0,0
"36087","5","518210","78","0","2015","3","",15,429,427,423,9773306,153538,7473,1763,"",0.77,1.70,1.71,1.67,1.38,0.53,0.62,0.81,"",0,0.0,154,56.0,139,48.3,124,41.5,4261590,77.3,28234,22.5,2692,56.3,287,19.4
"36091","5","518210","78","0","2015","3","",11,101,100,102,1638806,69165,2920,1248,"",1.00,0.57,0.56,0.57,0.44,0.28,0.29,0.78,"",3,37.5,-19,-15.8,-11,-9.9,-6,-5.6,30068,1.9,18201,35.7,180,6.6,153,14.0
"36093","5","518210","78","0","2015","3","",6,11,12,12,173433,4481,207,1144,"",0.92,0.08,0.09,0.09,0.05,0.04,0.04,0.60,"",0,0.0,-1,-8.3,-1,-7.7,0,0.0,4851,2.9,-517,-10.3,-97,-31.9,93,8.8
"36099","5","518210","78","0","2015","3","N",1,0,0,0,0,0,0,0,"N",0.69,0,0,0,0,0,0,0,"N",0,0.0,0,0,0,0,0,0,0,0,0,0,0,0,0,0
"36101","5","518210","78","0","2015","3","N",1,0,0,0,0,0,0,0,"N",0.25,0,0,0,0,0,0,0,"N",0,0.0,0,0,0,0,0,0,0,0,0,0,0,0,0,0
"36103","5","518210","78","0","2015","3","",56,874,866,857,39493065,788194,36838,3509,"",0.57,0.63,0.64,0.62,1.13,0.48,0.49,1.79,"",-3,-5.1,-78,-8.2,-86,-9.0,-85,-9.0,-13335997,-25.2,-161907,-17.0,-16290,-30.7,-775,-18.1
"36105","5","518210","78","0","2015","3","N",1,0,0,0,0,0,0,0,"N",0.26,0,0,0,0,0,0,0,"N",0,0.0,0,0,0,0,0,0,0,0,0,0,0,0,0,0
"36109","5","518210","78","0","2015","3","N",2,0,0,0,0,0,0,0,"N",0.40,0,0,0,0,0,0,0,"N",0,0.0,0,0,0,0,0,0,0,0,0,0,0,0,0,0
"36111","5","518210","78","0","2015","3","N",5,0,0,0,0,0,0,0,"N",0.51,0,0,0,0,0,0,0,"N",-2,-28.6,0,0,0,0,0,0,0,0,0,0,0,0,0,0
"36117","5","518210","78","0","2015","3","",7,38,38,36,425728,32887,1295,877,"",1.78,0.62,0.62,0.55,0.39,0.47,0.40,0.65,"",1,16.7,-2,-5.0,-4,-9.5,-7,-16.3,11960,2.9,-7249,-18.1,-551,-29.8,113,14.8
"36119","5","518210","78","0","2015","3","",59,1107,1118,1116,23648002,793862,27421,1633,"",0.86,1.24,1.27,1.25,0.90,0.80,0.62,0.72,"",1,1.7,-64,-5.5,-30,-2.6,-41,-3.5,-1927806,-7.5,68140,9.4,-3519,-11.4,-65,-3.8
"36999","5","518210","78","0","2015","3","",173,660,675,675,19990690,1252340,60050,2295,"",3.00,2.00,2.03,2.03,1.52,1.61,1.35,0.75,"",34,24.5,-46,-6.5,-15,-2.2,-46,-6.4,-3756387,-15.8,48782,4.1,336,0.6,-294,-11.4
"37000","5","518210","58","0","2015","3","",669,13162,12913,12867,278050198,30736771,727087,1648,"",1.33,1.49,1.45,1.45,1.50,1.31,1.31,1.03,"",56,9.1,1300,11.0,1074,9.1,1108,9.4,28870389,11.6,2009985,7.0,36235,5.2,26,1.6
"37001","5","518210","78","0","2015","3","",5,144,140,142,1316826,493101,12351,713,"",0.79,1.18,1.14,1.15,0.62,1.38,1.55,0.54,"",-1,-16.7,-20,-12.2,-18,-11.4,-12,-7.8,115756,9.6,10138,2.1,1283,11.6,131,22.5
"37019","5","518210","78","0","2015","3","",5,12,12,13,157565,52211,733,983,"",1.02,0.18,0.18,0.20,0.15,0.27,0.16,0.79,"",2,66.7,2,20.0,1,9.1,2,18.2,35890,29.5,5641,12.1,-57,-7.2,106,12.1
"37021","5","518210","78","0","2015","3","",16,45,47,47,916020,109570,2762,1521,"",0.99,0.17,0.18,0.18,0.19,0.15,0.18,1.08,"",2,14.3,-57,-55.9,-57,-54.8,-57,-54.8,-1279061,-58.3,-111483,-50.4,-2693,-49.4,-113,-6.9
"37023","5","518210","78","0","2015","3","N",2,0,0,0,0,0,0,0,"N",0.73,0,0,0,0,0,0,0,"N",1,100.0,0,0,0,0,0,0,0,0,0,0,0,0,0,0
"37025","5","518210","78","0","2015","3","N",5,0,0,0,0,0,0,0,"N",0.60,0,0,0,0,0,0,0,"N",2,66.7,0,0,0,0,0,0,0,0,0,0,0,0,0,0
"37027","5","518210","78","0","2015","3","N",2,0,0,0,0,0,0,0,"N",0.77,0,0,0,0,0,0,0,"N",0,0.0,0,0,0,0,0,0,0,0,0,0,0,0,0,0
"37031","5","518210","78","0","2015","3","N",2,0,0,0,0,0,0,0,"N",0.49,0,0,0,0,0,0,0,"N",1,100.0,0,0,0,0,0,0,0,0,0,0,0,0,0,0
"37035","5","518210","78","0","2015","3","",8,76,75,71,969546,258776,4292,1008,"",0.99,0.43,0.42,0.40,0.30,0.49,0.32,0.73,"",-1,-11.1,-4,-5.0,-7,-8.5,-12,-14.5,-211024,-17.9,-18742,-6.8,-297,-6.5,-104,-9.4
"37037","5","518210","78","0","2015","3","N",4,0,0,0,0,0,0,0,"N",1.53,0,0,0,0,0,0,0,"N",0,0.0,0,0,0,0,0,0,0,0,0,0,0,0,0,0
"37039","5","518210","78","0","2015","3","N",2,0,0,0,0,0,0,0,"N",1.48,0,0,0,0,0,0,0,"N",0,0.0,0,0,0,0,0,0,0,0,0,0,0,0,0,0
"37045","5","518210","78","0","2015","3","N",2,0,0,0,0,0,0,0,"N",0.52,0,0,0,0,0,0,0,"N",0,0.0,0,0,0,0,0,0,0,0,0,0,0,0,0,0
"37049","5","518210","78","0","2015","3","N",5,0,0,0,0,0,0,0,"N",1.15,0,0,0,0,0,0,0,"N",1,25.0,0,0,0,0,0,0,0,0,0,0,0,0,0,0
"37051","5","518210","78","0","2015","3","N",6,0,0,0,0,0,0,0,"N",0.51,0,0,0,0,0,0,0,"N",2,50.0,0,0,0,0,0,0,0,0,0,0,0,0,0,0
"37053","5","518210","78","0","2015","3","N",1,0,0,0,0,0,0,0,"N",0.76,0,0,0,0,0,0,0,"N",0,0.0,0,0,0,0,0,0,0,0,0,0,0,0,0,0
"37055","5","518210","78","0","2015","3","N",1,0,0,0,0,0,0,0,"N",0.28,0,0,0,0,0,0,0,"N",0,0.0,0,0,0,0,0,0,0,0,0,0,0,0,0,0
"37057","5","518210","78","0","2015","3","N",4,0,0,0,0,0,0,0,"N",0.75,0,0,0,0,0,0,0,"N",2,100.0,0,0,0,0,0,0,0,0,0,0,0,0,0,0
"37061","5","518210","78","0","2015","3","N",2,0,0,0,0,0,0,0,"N",0.98,0,0,0,0,0,0,0,"N",-1,-33.3,0,0,0,0,0,0,0,0,0,0,0,0,0,0
"37063","5","518210","78","0","2015","3","",29,237,233,229,4372146,824268,20225,1443,"",1.94,0.58,0.57,0.57,0.36,1.04,1.15,0.63,"",2,7.4,41,20.9,35,17.7,35,18.0,1183156,37.1,211519,34.5,4790,31.0,191,15.3
"37067","5","518210","78","0","2015","3","",30,176,179,176,3148930,385578,8101,1369,"",1.74,0.46,0.47,0.46,0.38,0.42,0.38,0.83,"",0,0.0,-134,-43.2,-119,-39.9,-110,-38.5,-324868,-9.4,-454723,-54.1,-11757,-59.2,472,52.6
"37069","5","518210","78","0","2015","3","N",2,0,0,0,0,0,0,0,"N",0.99,0,0,0,0,0,0,0,"N",0,0.0,0,0,0,0,0,0,0,0,0,0,0,0,0,0
"37071","5","518210","78","0","2015","3","",3,6,7,7,152437,34793,463,1759,"",0.38,0.04,0.05,0.05,0.06,0.09,0.04,1.28,"N",2,200.0,0,0,0,0,0,0,0,0,0,0,0,0,0,0
"37075","5","518210","78","0","2015","3","N",1,0,0,0,0,0,0,0,"N",2.64,0,0,0,0,0,0,0,"N",0,0.0,0,0,0,0,0,0,0,0,0,0,0,0,0,0
"37081","5","518210","78","0","2015","3","",21,352,355,359,14767288,461686,9607,3197,"",0.79,0.61,0.60,0.61,1.22,0.30,0.25,2.00,"",1,5.0,18,5.4,19,5.7,19,5.6,2155056,17.1,126371,37.7,2066,27.4,315,10.9
"37085","5","518210","78","0","2015","3","N",1,0,0,0,0,0,0,0,"N",0.31,0,0,0,0,0,0,0,"N",-1,-50.0,0,0,0,0,0,0,0,0,0,0,0,0,0,0
"37087","5","518210","78","0","2015","3","N",1,0,0,0,0,0,0,0,"N",0.36,0,0,0,0,0,0,0,"N",0,0.0,0,0,0,0,0,0,0,0,0,0,0,0,0,0
"37089","5","518210","78","0","2015","3","N",2,0,0,0,0,0,0,0,"N",0.37,0,0,0,0,0,0,0,"N",0,0.0,0,0,0,0,0,0,0,0,0,0,0,0,0,0
"37097","5","518210","78","0","2015","3","N",3,0,0,0,0,0,0,0,"N",0.31,0,0,0,0,0,0,0,"N",1,50.0,0,0,0,0,0,0,0,0,0,0,0,0,0,0
"37099","5","518210","78","0","2015","3","N",4,0,0,0,0,0,0,0,"N",2.07,0,0,0,0,0,0,0,"N",-1,-20.0,0,0,0,0,0,0,0,0,0,0,0,0,0,0
"37101","5","518210","78","0","2015","3","",4,6,6,6,27527,26507,185,353,"",0.64,0.06,0.06,0.06,0.02,0.10,0.03,0.28,"N",2,100.0,0,0,0,0,0,0,0,0,0,0,0,0,0,0
"37105","5","518210","78","0","2015","3","N",1,0,0,0,0,0,0,0,"N",0.37,0,0,0,0,0,0,0,"N",0,0.0,0,0,0,0,0,0,0,0,0,0,0,0,0,0
"37111","5","518210","78","0","2015","3","N",1,0,0,0,0,0,0,0,"N",0.69,0,0,0,0,0,0,0,"N",0,0.0,0,0,0,0,0,0,0,0,0,0,0,0,0,0
"37113","5","518210","78","0","2015","3","N",2,0,0,0,0,0,0,0,"N",0.92,0,0,0,0,0,0,0,"N",0,0.0,0,0,0,0,0,0,0,0,0,0,0,0,0,0
"37115","5","518210","78","0","2015","3","N",2,0,0,0,0,0,0,0,"N",2.82,0,0,0,0,0,0,0,"N",1,100.0,0,0,0,0,0,0,0,0,0,0,0,0,0,0
"37119","5","518210","78","0","2015","3","",126,7678,7617,7588,168720181,16839019,413039,1702,"",1.89,5.67,5.59,5.62,4.59,4.62,4.64,0.82,"",9,7.7,1010,15.1,907,13.5,907,13.6,18632954,12.4,1348536,8.7,25082,6.5,-25,-1.4
"37123","5","518210","78","0","2015","3","N",1,0,0,0,0,0,0,0,"N",1.05,0,0,0,0,0,0,0,"N",0,0.0,0,0,0,0,0,0,0,0,0,0,0,0,0,0
"37125","5","518210","78","0","2015","3","N",4,0,0,0,0,0,0,0,"N",0.84,0,0,0,0,0,0,0,"N",1,33.3,0,0,0,0,0,0,0,0,0,0,0,0,0,0
"37127","5","518210","78","0","2015","3","N",4,0,0,0,0,0,0,0,"N",0.94,0,0,0,0,0,0,0,"N",0,0.0,0,0,0,0,0,0,0,0,0,0,0,0,0,0
"37129","5","518210","78","0","2015","3","N",17,0,0,0,0,0,0,0,"N",1.18,0,0,0,0,0,0,0,"N",6,54.5,0,0,0,0,0,0,0,0,0,0,0,0,0,0
"37133","5","518210","78","0","2015","3","N",3,0,0,0,0,0,0,0,"N",0.52,0,0,0,0,0,0,0,"N",0,0.0,0,0,0,0,0,0,0,0,0,0,0,0,0,0
"37135","5","518210","78","0","2015","3","N",10,0,0,0,0,0,0,0,"N",1.33,0,0,0,0,0,0,0,"N",1,11.1,0,0,0,0,0,0,0,0,0,0,0,0,0,0
"37137","5","518210","78","0","2015","3","N",1,0,0,0,0,0,0,0,"N",1.80,0,0,0,0,0,0,0,"N",0,0.0,0,0,0,0,0,0,0,0,0,0,0,0,0,0
"37139","5","518210","78","0","2015","3","N",2,0,0,0,0,0,0,0,"N",1.09,0,0,0,0,0,0,0,"N",1,100.0,0,0,0,0,0,0,0,0,0,0,0,0,0,0
"37141","5","518210","78","0","2015","3","N",1,0,0,0,0,0,0,0,"N",0.47,0,0,0,0,0,0,0,"N",0,0.0,0,0,0,0,0,0,0,0,0,0,0,0,0,0
"37147","5","518210","78","0","2015","3","N",4,0,0,0,0,0,0,0,"N",0.57,0,0,0,0,0,0,0,"N",0,0.0,0,0,0,0,0,0,0,0,0,0,0,0,0,0
"37151","5","518210","78","0","2015","3","N",1,0,0,0,0,0,0,0,"N",0.21,0,0,0,0,0,0,0,"N",0,0.0,0,0,0,0,0,0,0,0,0,0,0,0,0,0
"37157","5","518210","78","0","2015","3","N",2,0,0,0,0,0,0,0,"N",0.63,0,0,0,0,0,0,0,"N",0,0.0,0,0,0,0,0,0,0,0,0,0,0,0,0,0
"37159","5","518210","78","0","2015","3","N",1,0,0,0,0,0,0,0,"N",0.20,0,0,0,0,0,0,0,"N",0,0.0,0,0,0,0,0,0,0,0,0,0,0,0,0,0
"37161","5","518210","78","0","2015","3","N",1,0,0,0,0,0,0,0,"N",0.41,0,0,0,0,0,0,0,"N",0,0.0,0,0,0,0,0,0,0,0,0,0,0,0,0,0
"37173","5","518210","78","0","2015","3","N",1,0,0,0,0,0,0,0,"N",1.23,0,0,0,0,0,0,0,"N",0,0.0,0,0,0,0,0,0,0,0,0,0,0,0,0,0
"37175","5","518210","78","0","2015","3","N",1,0,0,0,0,0,0,0,"N",0.60,0,0,0,0,0,0,0,"N",0,0.0,0,0,0,0,0,0,0,0,0,0,0,0,0,0
"37179","5","518210","78","0","2015","3","",15,43,44,45,714279,106232,2247,1249,"",1.56,0.34,0.35,0.36,0.30,0.28,0.25,0.87,"",0,0.0,0,0.0,2,4.8,5,12.5,85816,13.7,7712,7.8,-161,-6.7,89,7.7
"37181","5","518210","78","0","2015","3","N",1,0,0,0,0,0,0,0,"N",0.62,0,0,0,0,0,0,0,"N",0,0.0,0,0,0,0,0,0,0,0,0,0,0,0,0,0
"37183","5","518210","78","0","2015","3","",116,1513,1534,1503,32136742,4027352,116529,1630,"",1.94,1.36,1.38,1.38,1.22,1.42,1.78,0.89,"",13,12.6,137,10.0,77,5.3,70,4.9,4706547,17.2,-29566,-0.7,742,0.6,146,9.8
"37189","5","518210","78","0","2015","3","N",1,0,0,0,0,0,0,0,"N",0.32,0,0,0,0,0,0,0,"N",0,0.0,0,0,0,0,0,0,0,0,0,0,0,0,0,0
"37191","5","518210","78","0","2015","3","N",1,0,0,0,0,0,0,0,"N",0.23,0,0,0,0,0,0,0,"N",0,0.0,0,0,0,0,0,0,0,0,0,0,0,0,0,0
"37193","5","518210","78","0","2015","3","-",0,0,0,0,0,0,0,0,"N",0.00,0,0,0,0,0,0,0,"N",0,0,0,0,0,0,0,0,0,0,0,0,0,0,0,0
"37195","5","518210","78","0","2015","3","N",3,0,0,0,0,0,0,0,"N",0.84,0,0,0,0,0,0,0,"N",0,0.0,0,0,0,0,0,0,0,0,0,0,0,0,0,0
"37197","5","518210","78","0","2015","3","",4,17,17,17,276232,55458,1058,1250,"",3.16,0.84,0.81,0.81,0.90,0.84,0.62,1.10,"N",2,100.0,0,0,0,0,0,0,0,0,0,0,0,0,0,0
"37199","5","518210","78","0","2015","3","N",1,0,0,0,0,0,0,0,"N",1.52,0,0,0,0,0,0,0,"N",0,0.0,0,0,0,0,0,0,0,0,0,0,0,0,0,0
"37999","5","518210","78","0","2015","3","",168,1308,1070,1073,25944245,3689640,76274,1735,"",4.81,6.21,5.04,5.12,3.49,4.94,3.55,0.64,"",7,4.3,205,18.6,100,10.3,119,12.5,1986166,8.3,859955,30.4,14535,23.5,-91,-5.0
"38000","3","518210","58","0","2015","3","N",2,0,0,0,0,0,0,0,"N",5.86,0,0,0,0,0,0,0,"N",0,0.0,0,0,0,0,0,0,0,0,0,0,0,0,0,0
"38000","5","518210","58","0","2015","3","",24,564,564,563,6905951,3100796,15465,942,"",0.39,0.61,0.61,0.61,0.32,0.74,0.29,0.53,"",1,4.3,-21,-3.6,-38,-6.3,-29,-4.9,383454,5.9,-105025,-3.3,-33698,-68.5,96,11.3
"38015","5","518210","78","0","2015","3","N",3,0,0,0,0,0,0,0,"N",0.44,0,0,0,0,0,0,0,"N",0,0.0,0,0,0,0,0,0,0,0,0,0,0,0,0,0
"38017","3","518210","78","0","2015","3","N",1,0,0,0,0,0,0,0,"N",13.71,0,0,0,0,0,0,0,"N",0,0.0,0,0,0,0,0,0,0,0,0,0,0,0,0,0
"38017","5","518210","78","0","2015","3","",9,495,496,497,6281497,2647013,10550,974,"",0.69,1.99,2.00,2.01,1.15,2.32,0.95,0.58,"",-1,-10.0,-9,-1.8,-23,-4.4,-14,-2.7,491175,8.5,-46319,-1.7,-98,-0.9,103,11.8
"38021","5","518210","78","0","2015","3","N",1,0,0,0,0,0,0,0,"N",1.97,0,0,0,0,0,0,0,"N",1,100.0,0,0,0,0,0,0,0,0,0,0,0,0,0,0
"38035","5","518210","78","0","2015","3","N",5,0,0,0,0,0,0,0,"N",1.21,0,0,0,0,0,0,0,"N",1,25.0,0,0,0,0,0,0,0,0,0,0,0,0,0,0
"38059","5","518210","78","0","2015","3","N",1,0,0,0,0,0,0,0,"N",0.52,0,0,0,0,0,0,0,"N",0,0.0,0,0,0,0,0,0,0,0,0,0,0,0,0,0
"38073","5","518210","78","0","2015","3","N",1,0,0,0,0,0,0,0,"N",2.17,0,0,0,0,0,0,0,"N",0,0.0,0,0,0,0,0,0,0,0,0,0,0,0,0,0
"38075","5","518210","78","0","2015","3","N",1,0,0,0,0,0,0,0,"N",3.71,0,0,0,0,0,0,0,"N",1,100.0,0,0,0,0,0,0,0,0,0,0,0,0,0,0
"38079","3","518210","78","0","2015","3","N",1,0,0,0,0,0,0,0,"N",354.55,0,0,0,0,0,0,0,"N",0,0.0,0,0,0,0,0,0,0,0,0,0,0,0,0,0
"38099","5","518210","78","0","2015","3","N",1,0,0,0,0,0,0,0,"N",1.00,0,0,0,0,0,0,0,"N",0,0.0,0,0,0,0,0,0,0,0,0,0,0,0,0,0
"38105","5","518210","78","0","2015","3","N",1,0,0,0,0,0,0,0,"N",0.22,0,0,0,0,0,0,0,"N",0,0.0,0,0,0,0,0,0,0,0,0,0,0,0,0,0
"38999","5","518210","78","0","2015","3","N",1,0,0,0,0,0,0,0,"N",0.75,0,0,0,0,0,0,0,"N",0,0.0,0,0,0,0,0,0,0,0,0,0,0,0,0,0
"39000","3","518210","58","0","2015","3","",42,527,526,528,8376096,0,0,1223,"",13.64,5.23,5.27,5.34,5.65,0.00,0.00,1.07,"",-1,-2.3,6,1.2,6,1.2,15,2.9,-347593,-4.0,0,0.0,0,0.0,-72,-5.6
"39000","5","518210","58","0","2015","3","",458,6085,6166,6082,99417713,4924131,134396,1251,"",0.83,0.53,0.54,0.54,0.41,0.48,0.48,0.77,"",31,7.3,360,6.3,412,7.2,440,7.8,13427100,15.6,662328,15.5,5118,4.0,92,7.9
"39003","5","518210","78","0","2015","3","N",2,0,0,0,0,0,0,0,"N",0.43,0,0,0,0,0,0,0,"N",0,0.0,0,0,0,0,0,0,0,0,0,0,0,0,0,0
"39005","3","518210","78","0","2015","3","N",1,0,0,0,0,0,0,0,"N",84.37,0,0,0,0,0,0,0,"N",0,0.0,0,0,0,0,0,0,0,0,0,0,0,0,0,0
"39005","5","518210","78","0","2015","3","N",1,0,0,0,0,0,0,0,"N",0.47,0,0,0,0,0,0,0,"N",1,100.0,0,0,0,0,0,0,0,0,0,0,0,0,0,0
"39007","5","518210","78","0","2015","3","N",2,0,0,0,0,0,0,0,"N",0.52,0,0,0,0,0,0,0,"N",0,0.0,0,0,0,0,0,0,0,0,0,0,0,0,0,0
"39009","5","518210","78","0","2015","3","N",2,0,0,0,0,0,0,0,"N",0.90,0,0,0,0,0,0,0,"N",0,0.0,0,0,0,0,0,0,0,0,0,0,0,0,0,0
"39017","3","518210","78","0","2015","3","N",2,0,0,0,0,0,0,0,"N",24.91,0,0,0,0,0,0,0,"N",0,0.0,0,0,0,0,0,0,0,0,0,0,0,0,0,0
"39017","5","518210","78","0","2015","3","",9,56,55,54,1058106,17881,473,1480,"",0.63,0.18,0.18,0.17,0.17,0.06,0.06,0.94,"",0,0.0,6,12.0,4,7.8,3,5.9,156607,17.4,-7360,-29.2,-70,-12.9,111,8.1
"39021","5","518210","78","0","2015","3","N",1,0,0,0,0,0,0,0,"N",0.77,0,0,0,0,0,0,0,"N",0,0.0,0,0,0,0,0,0,0,0,0,0,0,0,0,0
"39023","5","518210","78","0","2015","3","N",2,0,0,0,0,0,0,0,"N",0.42,0,0,0,0,0,0,0,"N",-1,-33.3,0,0,0,0,0,0,0,0,0,0,0,0,0,0
"39025","5","518210","78","0","2015","3","N",6,0,0,0,0,0,0,0,"N",0.82,0,0,0,0,0,0,0,"N",0,0.0,0,0,0,0,0,0,0,0,0,0,0,0,0,0
"39027","5","518210","78","0","2015","3","N",1,0,0,0,0,0,0,0,"N",0.64,0,0,0,0,0,0,0,"N",0,0.0,0,0,0,0,0,0,0,0,0,0,0,0,0,0
"39035","3","518210","78","0","2015","3","",8,212,211,210,3277383,0,0,1195,"",21.32,15.46,15.56,15.74,14.50,0.00,0.00,0.93,"",0,0.0,-3,-1.4,1,0.5,0,0.0,-121147,-3.6,0,0.0,0,0.0,-40,-3.2
"39035","5","518210","78","0","2015","3","",55,1141,1141,1119,14690974,969714,22923,997,"",0.82,0.74,0.74,0.74,0.40,0.77,0.64,0.54,"",5,10.0,127,12.5,127,12.5,115,11.5,1998135,15.7,113050,13.2,1581,7.4,31,3.2
"39037","5","518210","78","0","2015","3","N",1,0,0,0,0,0,0,0,"N",0.44,0,0,0,0,0,0,0,"N",1,100.0,0,0,0,0,0,0,0,0,0,0,0,0,0,0
"39039","5","518210","78","0","2015","3","N",3,0,0,0,0,0,0,0,"N",1.81,0,0,0,0,0,0,0,"N",2,200.0,0,0,0,0,0,0,0,0,0,0,0,0,0,0
"39041","5","518210","78","0","2015","3","",8,76,74,70,1493249,81024,4802,1566,"",0.87,0.41,0.40,0.39,0.36,0.42,1.06,0.91,"",2,33.3,4,5.6,6,8.8,11,18.6,97998,7.0,18469,29.5,1477,44.4,-52,-3.2
"39043","3","518210","78","0","2015","3","N",1,0,0,0,0,0,0,0,"N",48.13,0,0,0,0,0,0,0,"N",0,0.0,0,0,0,0,0,0,0,0,0,0,0,0,0,0
"39043","5","518210","78","0","2015","3","N",1,0,0,0,0,0,0,0,"N",0.27,0,0,0,0,0,0,0,"N",1,100.0,0,0,0,0,0,0,0,0,0,0,0,0,0,0
"39045","3","518210","78","0","2015","3","N",2,0,0,0,0,0,0,0,"N",66.34,0,0,0,0,0,0,0,"N",0,0.0,0,0,0,0,0,0,0,0,0,0,0,0,0,0
"39045","5","518210","78","0","2015","3","N",1,0,0,0,0,0,0,0,"N",0.19,0,0,0,0,0,0,0,"N",1,100.0,0,0,0,0,0,0,0,0,0,0,0,0,0,0
"39049","3","518210","78","0","2015","3","",6,40,39,40,682215,0,0,1323,"",18.50,2.90,2.85,2.96,3.02,0.00,0.00,1.04,"",0,0.0,0,0.0,3,8.3,7,21.2,15424,2.3,0,0.0,0,0.0,-89,-6.3
"39049","5","518210","78","0","2015","3","",73,2145,2186,2173,33001663,1617276,36312,1171,"",1.26,1.38,1.41,1.42,0.90,1.13,1.02,0.64,"",3,4.3,156,7.8,173,8.6,197,10.0,3760374,12.9,489874,43.5,6667,22.5,42,3.7
"39051","5","518210","78","0","2015","3","N",2,0,0,0,0,0,0,0,"N",0.98,0,0,0,0,0,0,0,"N",-1,-33.3,0,0,0,0,0,0,0,0,0,0,0,0,0,0
"39055","5","518210","78","0","2015","3","",5,8,8,8,144436,2580,8,1389,"",0.92,0.11,0.11,0.11,0.11,0.04,0.00,0.99,"",1,25.0,-2,-20.0,-2,-20.0,-1,-11.1,56366,64.0,-2944,-53.3,-9,-52.9,688,98.1
"39057","3","518210","78","0","2015","3","N",2,0,0,0,0,0,0,0,"N",54.36,0,0,0,0,0,0,0,"N",0,0.0,0,0,0,0,0,0,0,0,0,0,0,0,0,0
"39057","5","518210","78","0","2015","3","",13,259,259,256,5118902,83720,3930,1526,"",1.98,1.70,1.71,1.70,1.38,0.71,1.44,0.81,"",1,8.3,-55,-17.5,-50,-16.2,-46,-15.2,-1213067,-19.2,-2687,-3.1,316,8.7,-54,-3.4
"39059","5","518210","78","0","2015","3","N",1,0,0,0,0,0,0,0,"N",0.55,0,0,0,0,0,0,0,"N",0,0.0,0,0,0,0,0,0,0,0,0,0,0,0,0,0
"39061","3","518210","78","0","2015","3","N",1,0,0,0,0,0,0,0,"N",4.04,0,0,0,0,0,0,0,"N",0,0.0,0,0,0,0,0,0,0,0,0,0,0,0,0,0
"39061","5","518210","78","0","2015","3","",29,461,475,487,9850769,520218,18154,1598,"",0.66,0.42,0.44,0.45,0.35,0.55,0.74,0.81,"",-1,-3.3,6,1.3,32,7.2,49,11.2,2557693,35.1,47508,10.1,2810,18.3,338,26.8
"39063","5","518210","78","0","2015","3","N",1,0,0,0,0,0,0,0,"N",0.29,0,0,0,0,0,0,0,"N",0,0.0,0,0,0,0,0,0,0,0,0,0,0,0,0,0
"39067","5","518210","78","0","2015","3","N",1,0,0,0,0,0,0,0,"N",1.47,0,0,0,0,0,0,0,"N",1,100.0,0,0,0,0,0,0,0,0,0,0,0,0,0,0
"39069","3","518210","78","0","2015","3","N",1,0,0,0,0,0,0,0,"N",145.86,0,0,0,0,0,0,0,"N",0,0.0,0,0,0,0,0,0,0,0,0,0,0,0,0,0
"39073","5","518210","78","0","2015","3","N",1,0,0,0,0,0,0,0,"N",1.00,0,0,0,0,0,0,0,"N",0,0.0,0,0,0,0,0,0,0,0,0,0,0,0,0,0
"39077","5","518210","78","0","2015","3","N",3,0,0,0,0,0,0,0,"N",1.26,0,0,0,0,0,0,0,"N",0,0.0,0,0,0,0,0,0,0,0,0,0,0,0,0,0
"39083","3","518210","78","0","2015","3","N",1,0,0,0,0,0,0,0,"N",82.32,0,0,0,0,0,0,0,"N",0,0.0,0,0,0,0,0,0,0,0,0,0,0,0,0,0
"39083","5","518210","78","0","2015","3","N",1,0,0,0,0,0,0,0,"N",0.46,0,0,0,0,0,0,0,"N",-2,-66.7,0,0,0,0,0,0,0,0,0,0,0,0,0,0
"39085","5","518210","78","0","2015","3","",8,7,7,7,211494,11254,232,2324,"",0.68,0.03,0.03,0.03,0.05,0.06,0.05,1.57,"",1,14.3,-28,-80.0,-28,-80.0,-28,-80.0,-561128,-72.6,746,7.1,-165,-41.6,626,36.9
"39089","5","518210","78","0","2015","3","",5,19,19,18,237301,608,2,978,"",0.81,0.17,0.17,0.16,0.11,0.01,0.00,0.70,"",1,25.0,2,11.8,2,11.8,0,0.0,37009,18.5,-3643,-85.7,-11,-84.6,89,10.0
"39093","5","518210","78","0","2015","3","",7,10,9,11,90728,14000,349,698,"",0.61,0.05,0.04,0.05,0.02,0.08,0.07,0.48,"",1,16.7,-10,-50.0,-11,-55.0,-9,-45.0,-69572,-43.4,7522,116.1,276,378.1,81,13.1
"39095","5","518210","78","0","2015","3","",13,48,48,50,894071,46860,1752,1413,"",0.68,0.11,0.11,0.11,0.10,0.12,0.15,0.90,"",2,18.2,-13,-21.3,-10,-17.2,-36,-41.9,90129,11.2,-5102,-9.8,61,3.6,508,56.1
"39097","5","518210","78","0","2015","3","N",2,0,0,0,0,0,0,0,"N",1.27,0,0,0,0,0,0,0,"N",1,100.0,0,0,0,0,0,0,0,0,0,0,0,0,0,0
"39099","3","518210","78","0","2015","3","N",1,0,0,0,0,0,0,0,"N",16.16,0,0,0,0,0,0,0,"N",0,0.0,0,0,0,0,0,0,0,0,0,0,0,0,0,0
"39099","5","518210","78","0","2015","3","",7,134,135,130,1666789,68178,1952,964,"",0.63,0.64,0.65,0.62,0.47,0.33,0.32,0.73,"N",-1,-12.5,0,0,0,0,0,0,0,0,0,0,0,0,0,0
"39103","3","518210","78","0","2015","3","N",2,0,0,0,0,0,0,0,"N",42.22,0,0,0,0,0,0,0,"N",0,0.0,0,0,0,0,0,0,0,0,0,0,0,0,0,0
"39103","5","518210","78","0","2015","3","N",7,0,0,0,0,0,0,0,"N",0.83,0,0,0,0,0,0,0,"N",1,16.7,0,0,0,0,0,0,0,0,0,0,0,0,0,0
"39107","5","518210","78","0","2015","3","N",1,0,0,0,0,0,0,0,"N",0.49,0,0,0,0,0,0,0,"N",0,0.0,0,0,0,0,0,0,0,0,0,0,0,0,0,0
"39113","3","518210","78","0","2015","3","N",2,0,0,0,0,0,0,0,"N",15.82,0,0,0,0,0,0,0,"N",0,0.0,0,0,0,0,0,0,0,0,0,0,0,0,0,0
"39113","5","518210","78","0","2015","3","",12,68,70,70,1272336,142120,4148,1412,"",0.53,0.13,0.13,0.13,0.12,0.31,0.34,0.91,"",2,20.0,33,94.3,35,100.0,36,105.9,880029,224.3,100241,239.4,2426,140.9,541,62.1
"39119","3","518210","78","0","2015","3","N",1,0,0,0,0,0,0,0,"N",51.25,0,0,0,0,0,0,0,"N",0,0.0,0,0,0,0,0,0,0,0,0,0,0,0,0,0
"39129","5","518210","78","0","2015","3","N",1,0,0,0,0,0,0,0,"N",0.59,0,0,0,0,0,0,0,"N",1,100.0,0,0,0,0,0,0,0,0,0,0,0,0,0,0
"39133","5","518210","78","0","2015","3","N",4,0,0,0,0,0,0,0,"N",0.65,0,0,0,0,0,0,0,"N",-2,-33.3,0,0,0,0,0,0,0,0,0,0,0,0,0,0
"39139","3","518210","78","0","2015","3","N",1,0,0,0,0,0,0,0,"N",34.91,0,0,0,0,0,0,0,"N",0,0.0,0,0,0,0,0,0,0,0,0,0,0,0,0,0
"39139","5","518210","78","0","2015","3","N",3,0,0,0,0,0,0,0,"N",0.59,0,0,0,0,0,0,0,"N",1,50.0,0,0,0,0,0,0,0,0,0,0,0,0,0,0
"39141","5","518210","78","0","2015","3","N",2,0,0,0,0,0,0,0,"N",0.78,0,0,0,0,0,0,0,"N",2,100.0,0,0,0,0,0,0,0,0,0,0,0,0,0,0
"39143","5","518210","78","0","2015","3","N",1,0,0,0,0,0,0,0,"N",0.37,0,0,0,0,0,0,0,"N",0,0.0,0,0,0,0,0,0,0,0,0,0,0,0,0,0
"39145","5","518210","78","0","2015","3","N",1,0,0,0,0,0,0,0,"N",0.37,0,0,0,0,0,0,0,"N",1,100.0,0,0,0,0,0,0,0,0,0,0,0,0,0,0
"39149","3","518210","78","0","2015","3","N",1,0,0,0,0,0,0,0,"N",90.85,0,0,0,0,0,0,0,"N",0,0.0,0,0,0,0,0,0,0,0,0,0,0,0,0,0
"39151","3","518210","78","0","2015","3","N",2,0,0,0,0,0,0,0,"N",21.97,0,0,0,0,0,0,0,"N",0,0.0,0,0,0,0,0,0,0,0,0,0,0,0,0,0
"39151","5","518210","78","0","2015","3","N",10,0,0,0,0,0,0,0,"N",0.62,0,0,0,0,0,0,0,"N",2,25.0,0,0,0,0,0,0,0,0,0,0,0,0,0,0
"39153","3","518210","78","0","2015","3","N",4,0,0,0,0,0,0,0,"N",26.80,0,0,0,0,0,0,0,"N",0,0.0,0,0,0,0,0,0,0,0,0,0,0,0,0,0
"39153","5","518210","78","0","2015","3","",25,634,622,603,9227533,398400,12953,1145,"",0.94,1.12,1.10,1.08,0.77,0.78,0.92,0.70,"",1,4.2,42,7.1,26,4.4,24,4.1,1249927,15.7,11840,3.1,-910,-6.6,103,9.9
"39155","3","518210","78","0","2015","3","N",1,0,0,0,0,0,0,0,"N",22.01,0,0,0,0,0,0,0,"N",0,0.0,0,0,0,0,0,0,0,0,0,0,0,0,0,0
"39155","5","518210","78","0","2015","3","N",2,0,0,0,0,0,0,0,"N",0.25,0,0,0,0,0,0,0,"N",-1,-33.3,0,0,0,0,0,0,0,0,0,0,0,0,0,0
"39157","3","518210","78","0","2015","3","N",1,0,0,0,0,0,0,0,"N",40.89,0,0,0,0,0,0,0,"N",0,0.0,0,0,0,0,0,0,0,0,0,0,0,0,0,0
"39159","5","518210","78","0","2015","3","-",0,0,0,0,0,0,0,0,"N",0.00,0,0,0,0,0,0,0,"N",0,0,0,0,0,0,0,0,0,0,0,0,0,0,0,0
"39161","3","518210","78","0","2015","3","N",1,0,0,0,0,0,0,0,"N",149.79,0,0,0,0,0,0,0,"N",0,0.0,0,0,0,0,0,0,0,0,0,0,0,0,0,0
"39165","5","518210","78","0","2015","3","N",10,0,0,0,0,0,0,0,"N",1.14,0,0,0,0,0,0,0,"N",2,25.0,0,0,0,0,0,0,0,0,0,0,0,0,0,0
"39167","5","518210","78","0","2015","3","N",1,0,0,0,0,0,0,0,"N",0.33,0,0,0,0,0,0,0,"N",0,0.0,0,0,0,0,0,0,0,0,0,0,0,0,0,0
"39171","5","518210","78","0","2015","3","N",1,0,0,0,0,0,0,0,"N",0.60,0,0,0,0,0,0,0,"N",0,0.0,0,0,0,0,0,0,0,0,0,0,0,0,0,0
"39173","5","518210","78","0","2015","3","N",3,0,0,0,0,0,0,0,"N",0.54,0,0,0,0,0,0,0,"N",1,50.0,0,0,0,0,0,0,0,0,0,0,0,0,0,0
"39999","5","518210","78","0","2015","3","",107,615,618,585,15453796,605735,18279,1962,"",3.09,2.63,2.64,2.56,1.99,1.81,1.39,0.76,"",1,0.9,77,14.3,59,10.6,72,14.0,3757111,32.1,-122534,-16.8,-10152,-35.7,285,17.0
"40000","3","518210","58","0","2015","3","N",1,0,0,0,0,0,0,0,"N",0.87,0,0,0,0,0,0,0,"N",0,0.0,0,0,0,0,0,0,0,0,0,0,0,0,0,0
"40000","5","518210","58","0","2015","3","",173,1253,1198,1185,17584044,2153276,25680,1116,"",0.84,0.37,0.35,0.35,0.26,0.31,0.37,0.73,"",8,4.8,-174,-12.2,-136,-10.2,-177,-13.0,-2703592,-13.3,-953253,-30.7,-26459,-50.7,-20,-1.8
"40013","5","518210","78","0","2015","3","N",1,0,0,0,0,0,0,0,"N",0.60,0,0,0,0,0,0,0,"N",0,0.0,0,0,0,0,0,0,0,0,0,0,0,0,0,0
"40017","5","518210","78","0","2015","3","N",2,0,0,0,0,0,0,0,"N",0.37,0,0,0,0,0,0,0,"N",1,100.0,0,0,0,0,0,0,0,0,0,0,0,0,0,0
"40023","5","518210","78","0","2015","3","N",3,0,0,0,0,0,0,0,"N",4.67,0,0,0,0,0,0,0,"N",0,0.0,0,0,0,0,0,0,0,0,0,0,0,0,0,0
"40027","5","518210","78","0","2015","3","N",4,0,0,0,0,0,0,0,"N",0.39,0,0,0,0,0,0,0,"N",-2,-33.3,0,0,0,0,0,0,0,0,0,0,0,0,0,0
"40031","5","518210","78","0","2015","3","N",1,0,0,0,0,0,0,0,"N",0.22,0,0,0,0,0,0,0,"N",0,0.0,0,0,0,0,0,0,0,0,0,0,0,0,0,0
"40037","5","518210","78","0","2015","3","N",1,0,0,0,0,0,0,0,"N",0.36,0,0,0,0,0,0,0,"N",0,0.0,0,0,0,0,0,0,0,0,0,0,0,0,0,0
"40047","5","518210","78","0","2015","3","N",1,0,0,0,0,0,0,0,"N",0.30,0,0,0,0,0,0,0,"N",0,0.0,0,0,0,0,0,0,0,0,0,0,0,0,0,0
"40049","5","518210","78","0","2015","3","N",1,0,0,0,0,0,0,0,"N",0.66,0,0,0,0,0,0,0,"N",0,0.0,0,0,0,0,0,0,0,0,0,0,0,0,0,0
"40051","5","518210","78","0","2015","3","N",1,0,0,0,0,0,0,0,"N",0.47,0,0,0,0,0,0,0,"N",1,100.0,0,0,0,0,0,0,0,0,0,0,0,0,0,0
"40061","5","518210","78","0","2015","3","N",1,0,0,0,0,0,0,0,"N",2.03,0,0,0,0,0,0,0,"N",0,0.0,0,0,0,0,0,0,0,0,0,0,0,0,0,0
"40067","5","518210","78","0","2015","3","N",1,0,0,0,0,0,0,0,"N",3.58,0,0,0,0,0,0,0,"N",0,0.0,0,0,0,0,0,0,0,0,0,0,0,0,0,0
"40069","5","518210","78","0","2015","3","N",1,0,0,0,0,0,0,0,"N",2.34,0,0,0,0,0,0,0,"N",0,0.0,0,0,0,0,0,0,0,0,0,0,0,0,0,0
"40071","5","518210","78","0","2015","3","N",1,0,0,0,0,0,0,0,"N",0.43,0,0,0,0,0,0,0,"N",1,100.0,0,0,0,0,0,0,0,0,0,0,0,0,0,0
"40073","5","518210","78","0","2015","3","N",1,0,0,0,0,0,0,0,"N",1.01,0,0,0,0,0,0,0,"N",0,0.0,0,0,0,0,0,0,0,0,0,0,0,0,0,0
"40083","5","518210","78","0","2015","3","N",1,0,0,0,0,0,0,0,"N",0.70,0,0,0,0,0,0,0,"N",0,0.0,0,0,0,0,0,0,0,0,0,0,0,0,0,0
"40097","5","518210","78","0","2015","3","N",2,0,0,0,0,0,0,0,"N",1.21,0,0,0,0,0,0,0,"N",2,100.0,0,0,0,0,0,0,0,0,0,0,0,0,0,0
"40101","5","518210","78","0","2015","3","-",0,0,0,0,0,0,0,0,"N",0.00,0,0,0,0,0,0,0,"N",0,0,0,0,0,0,0,0,0,0,0,0,0,0,0,0
"40105","5","518210","78","0","2015","3","N",1,0,0,0,0,0,0,0,"N",3.00,0,0,0,0,0,0,0,"N",1,100.0,0,0,0,0,0,0,0,0,0,0,0,0,0,0
"40109","3","518210","78","0","2015","3","N",1,0,0,0,0,0,0,0,"N",3.48,0,0,0,0,0,0,0,"N",0,0.0,0,0,0,0,0,0,0,0,0,0,0,0,0,0
"40109","5","518210","78","0","2015","3","",67,775,753,745,11679433,985266,15141,1186,"",1.31,0.80,0.78,0.78,0.54,0.53,0.85,0.68,"",7,11.7,81,11.7,63,9.1,9,1.2,1262579,12.1,-402432,-29.0,-12970,-46.1,52,4.6
"40121","5","518210","78","0","2015","3","N",1,0,0,0,0,0,0,0,"N",0.52,0,0,0,0,0,0,0,"N",0,0.0,0,0,0,0,0,0,0,0,0,0,0,0,0,0
"40123","5","518210","78","0","2015","3","N",3,0,0,0,0,0,0,0,"N",1.48,0,0,0,0,0,0,0,"N",2,200.0,0,0,0,0,0,0,0,0,0,0,0,0,0,0
"40125","5","518210","78","0","2015","3","N",1,0,0,0,0,0,0,0,"N",0.38,0,0,0,0,0,0,0,"N",0,0.0,0,0,0,0,0,0,0,0,0,0,0,0,0,0
"40131","5","518210","78","0","2015","3","",4,4,4,5,62169,18000,207,1104,"",1.14,0.07,0.07,0.08,0.06,0.14,0.14,0.74,"",1,33.3,0,0.0,0,0.0,1,25.0,18328,41.8,1712,10.5,175,546.9,261,31.0
"40133","5","518210","78","0","2015","3","N",1,0,0,0,0,0,0,0,"N",0.99,0,0,0,0,0,0,0,"N",0,0.0,0,0,0,0,0,0,0,0,0,0,0,0,0,0
"40141","5","518210","78","0","2015","3","N",1,0,0,0,0,0,0,0,"N",2.81,0,0,0,0,0,0,0,"N",0,0.0,0,0,0,0,0,0,0,0,0,0,0,0,0,0
"40143","5","518210","78","0","2015","3","",44,230,225,223,2891903,575861,6276,984,"",1.06,0.31,0.30,0.30,0.18,0.37,0.39,0.59,"",2,4.8,-65,-22.0,-49,-17.9,-45,-16.8,-763415,-20.9,-334234,-36.7,-8376,-57.2,-24,-2.4
"40145","5","518210","78","0","2015","3","N",1,0,0,0,0,0,0,0,"N",0.68,0,0,0,0,0,0,0,"N",0,0.0,0,0,0,0,0,0,0,0,0,0,0,0,0,0
"40147","5","518210","78","0","2015","3","N",2,0,0,0,0,0,0,0,"N",0.79,0,0,0,0,0,0,0,"N",1,100.0,0,0,0,0,0,0,0,0,0,0,0,0,0,0
"40151","5","518210","78","0","2015","3","N",1,0,0,0,0,0,0,0,"N",1.56,0,0,0,0,0,0,0,"N",0,0.0,0,0,0,0,0,0,0,0,0,0,0,0,0,0
"40999","5","518210","78","0","2015","3","",23,101,69,68,1342673,240004,1706,1302,"",2.43,1.88,1.29,1.29,0.88,1.46,0.59,0.59,"",-7,-23.3,-194,-65.8,-160,-69.9,-150,-68.8,-3306619,-71.1,-224613,-48.3,-5034,-74.7,-144,-10.0
"41000","3","518210","58","0","2015","3","N",10,0,0,0,0,0,0,0,"N",6.63,0,0,0,0,0,0,0,"N",-3,-23.1,0,0,0,0,0,0,0,0,0,0,0,0,0,0
"41000","5","518210","58","0","2015","3","",294,3807,3891,3926,101590387,18474294,446516,2017,"",1.09,0.99,1.02,1.02,1.18,1.08,0.97,1.18,"",-11,-3.6,239,6.7,302,8.4,329,9.1,17483869,20.8,-288540,-1.5,-25932,-5.5,212,11.7
"41003","5","518210","78","0","2015","3","",7,149,152,155,2996946,548671,15022,1517,"",1.43,1.97,2.02,2.01,1.81,2.27,2.47,0.90,"",-3,-30.0,-28,-15.8,-26,-14.6,-26,-14.4,-617664,-17.1,-45783,-7.7,-131,-0.9,-39,-2.5
"41005","5","518210","78","0","2015","3","",28,283,294,303,5936548,1839324,37344,1557,"",1.07,0.87,0.91,0.93,0.82,1.16,0.89,0.90,"",4,16.7,236,502.1,248,539.1,255,531.2,5225984,735.5,1548322,532.1,29810,395.7,394,33.9
"41013","5","518210","78","0","2015","3","N",2,0,0,0,0,0,0,0,"N",1.71,0,0,0,0,0,0,0,"N",1,100.0,0,0,0,0,0,0,0,0,0,0,0,0,0,0
"41017","3","518210","78","0","2015","3","N",1,0,0,0,0,0,0,0,"N",12.45,0,0,0,0,0,0,0,"N",0,0.0,0,0,0,0,0,0,0,0,0,0,0,0,0,0
"41017","5","518210","78","0","2015","3","",12,20,21,20,330849,132839,3973,1252,"",0.84,0.13,0.13,0.13,0.11,0.17,0.18,0.86,"",2,20.0,6,42.9,7,50.0,5,33.3,103608,45.6,31753,31.4,980,32.7,32,2.6
"41029","5","518210","78","0","2015","3","",13,20,21,22,556137,131790,2732,2037,"",0.99,0.11,0.12,0.12,0.17,0.16,0.12,1.44,"",2,18.2,5,33.3,4,23.5,5,29.4,278601,100.4,47256,55.9,474,21.0,730,55.9
"41033","5","518210","78","0","2015","3","N",2,0,0,0,0,0,0,0,"N",0.45,0,0,0,0,0,0,0,"N",-2,-50.0,0,0,0,0,0,0,0,0,0,0,0,0,0,0
"41039","5","518210","78","0","2015","3","",21,50,50,51,585671,320127,8241,895,"",0.96,0.16,0.16,0.16,0.10,0.24,0.23,0.62,"",3,16.7,11,28.2,10,25.0,7,15.9,68636,13.3,54144,20.4,1430,21.0,-75,-7.7
"41041","5","518210","78","0","2015","3","-",0,0,0,0,0,0,0,0,"N",0.00,0,0,0,0,0,0,0,"N",-2,-100.0,0,0,0,0,0,0,0,0,0,0,0,0,0,0
"41043","3","518210","78","0","2015","3","N",1,0,0,0,0,0,0,0,"N",28.57,0,0,0,0,0,0,0,"N",0,0.0,0,0,0,0,0,0,0,0,0,0,0,0,0,0
"41043","5","518210","78","0","2015","3","N",1,0,0,0,0,0,0,0,"N",0.16,0,0,0,0,0,0,0,"N",0,0.0,0,0,0,0,0,0,0,0,0,0,0,0,0,0
"41047","3","518210","78","0","2015","3","N",8,0,0,0,0,0,0,0,"N",75.28,0,0,0,0,0,0,0,"N",-3,-27.3,0,0,0,0,0,0,0,0,0,0,0,0,0,0
"41047","5","518210","78","0","2015","3","",9,25,25,25,324158,153475,4538,997,"",0.47,0.08,0.08,0.08,0.05,0.12,0.13,0.68,"",-3,-25.0,-37,-59.7,-34,-57.6,-34,-57.6,-478373,-59.6,-113255,-42.5,-2551,-36.0,-32,-3.1
"41049","5","518210","78","0","2015","3","N",1,0,0,0,0,0,0,0,"N",1.59,0,0,0,0,0,0,0,"N",0,0.0,0,0,0,0,0,0,0,0,0,0,0,0,0,0
"41051","5","518210","78","0","2015","3","",96,1650,1674,1699,44840665,6760808,171101,2060,"",1.58,1.60,1.63,1.66,1.79,1.52,1.45,1.10,"",-2,-2.0,-4,-0.2,6,0.4,38,2.3,5889432,15.1,-1767538,-20.7,-52934,-23.6,256,14.2
"41053","5","518210","78","0","2015","3","-",0,0,0,0,0,0,0,0,"N",0.00,0,0,0,0,0,0,0,"N",-1,-100.0,0,0,0,0,0,0,0,0,0,0,0,0,0,0
"41059","5","518210","78","0","2015","3","-",0,0,0,0,0,0,0,0,"N",0.00,0,0,0,0,0,0,0,"N",0,0,0,0,0,0,0,0,0,0,0,0,0,0,0,0
"41061","5","518210","78","0","2015","3","N",1,0,0,0,0,0,0,0,"N",0.55,0,0,0,0,0,0,0,"N",0,0.0,0,0,0,0,0,0,0,0,0,0,0,0,0,0
"41065","5","518210","78","0","2015","3","N",2,0,0,0,0,0,0,0,"N",1.04,0,0,0,0,0,0,0,"N",1,100.0,0,0,0,0,0,0,0,0,0,0,0,0,0,0
"41067","5","518210","78","0","2015","3","",50,903,938,936,20544839,5568387,138108,1707,"",1.47,1.53,1.60,1.60,1.12,2.04,1.94,0.71,"",-9,-15.3,-148,-14.1,-114,-10.8,-116,-11.0,-975717,-4.5,-493794,-8.1,-7590,-5.2,133,8.4
"41071","5","518210","78","0","2015","3","N",4,0,0,0,0,0,0,0,"N",0.69,0,0,0,0,0,0,0,"N",1,33.3,0,0,0,0,0,0,0,0,0,0,0,0,0,0
"41999","5","518210","78","0","2015","3","",45,303,307,302,9515575,1149534,29532,2408,"",4.30,5.80,5.84,5.83,6.03,3.76,3.27,1.04,"",-2,-4.3,103,51.5,111,56.6,108,55.7,4846893,103.8,263654,29.8,7029,31.2,582,31.9
"42000","1","518210","58","0","2015","3","",1,1183,1165,1178,18375771,0,0,1203,"",27.28,24.41,24.54,24.56,24.82,0.00,0.00,1.01,"",0,0.0,110,10.3,20,1.7,27,2.3,1210977,7.1,0,0.0,0,0.0,27,2.3
"42000","2","518210","58","0","2015","3","N",1,0,0,0,0,0,0,0,"N",0.78,0,0,0,0,0,0,0,"N",0,0.0,0,0,0,0,0,0,0,0,0,0,0,0,0,0
"42000","5","518210","58","0","2015","3","",590,8961,8998,8952,181162546,6313345,399722,1554,"",0.89,0.73,0.74,0.74,0.64,0.59,0.60,0.87,"",8,1.4,217,2.5,260,3.0,148,1.7,23201204,14.7,260508,4.3,8434,2.2,167,12.0
"42003","5","518210","78","0","2015","3","",43,688,697,691,12911859,443141,20869,1435,"",0.65,0.46,0.47,0.47,0.35,0.36,0.27,0.73,"",-7,-14.0,144,26.5,153,28.1,141,25.6,3515687,37.4,134307,43.5,4790,29.8,111,8.4
"42005","5","518210","78","0","2015","3","N",3,0,0,0,0,0,0,0,"N",1.03,0,0,0,0,0,0,0,"N",0,0.0,0,0,0,0,0,0,0,0,0,0,0,0,0,0
"42007","5","518210","78","0","2015","3","N",1,0,0,0,0,0,0,0,"N",0.14,0,0,0,0,0,0,0,"N",0,0.0,0,0,0,0,0,0,0,0,0,0,0,0,0,0
"42009","5","518210","78","0","2015","3","N",1,0,0,0,0,0,0,0,"N",0.45,0,0,0,0,0,0,0,"N",0,0.0,0,0,0,0,0,0,0,0,0,0,0,0,0,0
"42011","5","518210","78","0","2015","3","",5,16,14,15,300466,938,26,1541,"",0.30,0.04,0.04,0.04,0.04,0.00,0.00,0.95,"",-2,-28.6,-132,-89.2,-133,-90.5,-133,-89.9,-1094427,-78.5,-153320,-99.4,-7098,-99.6,814,112.0
"42013","5","518210","78","0","2015","3","N",1,0,0,0,0,0,0,0,"N",0.16,0,0,0,0,0,0,0,"N",0,0.0,0,0,0,0,0,0,0,0,0,0,0,0,0,0
"42017","5","518210","78","0","2015","3","",41,772,798,792,11248049,654758,42459,1099,"",1.11,1.41,1.47,1.46,0.94,1.24,1.32,0.65,"",-3,-6.8,42,5.8,83,11.6,77,10.8,710008,6.7,95945,17.2,1737,4.3,-27,-2.4
"42019","5","518210","78","0","2015","3","N",3,0,0,0,0,0,0,0,"N",0.32,0,0,0,0,0,0,0,"N",0,0.0,0,0,0,0,0,0,0,0,0,0,0,0,0,0
"42021","5","518210","78","0","2015","3","N",5,0,0,0,0,0,0,0,"N",0.74,0,0,0,0,0,0,0,"N",2,66.7,0,0,0,0,0,0,0,0,0,0,0,0,0,0
"42025","5","518210","78","0","2015","3","-",0,0,0,0,0,0,0,0,"N",0.00,0,0,0,0,0,0,0,"N",-1,-100.0,0,0,0,0,0,0,0,0,0,0,0,0,0,0
"42027","5","518210","78","0","2015","3","N",4,0,0,0,0,0,0,0,"N",0.61,0,0,0,0,0,0,0,"N",0,0.0,0,0,0,0,0,0,0,0,0,0,0,0,0,0
"42029","5","518210","78","0","2015","3","",44,747,746,743,16310240,433950,24795,1683,"",1.53,1.43,1.44,1.43,1.07,1.00,0.96,0.75,"",-2,-4.3,-30,-3.9,-31,-4.0,-34,-4.4,2558509,18.6,-62872,-12.7,-405,-1.6,322,23.7
"42033","5","518210","78","0","2015","3","N",1,0,0,0,0,0,0,0,"N",0.25,0,0,0,0,0,0,0,"N",-1,-50.0,0,0,0,0,0,0,0,0,0,0,0,0,0,0
"42039","5","518210","78","0","2015","3","N",2,0,0,0,0,0,0,0,"N",0.48,0,0,0,0,0,0,0,"N",0,0.0,0,0,0,0,0,0,0,0,0,0,0,0,0,0
"42041","5","518210","78","0","2015","3","N",9,0,0,0,0,0,0,0,"N",0.76,0,0,0,0,0,0,0,"N",-1,-10.0,0,0,0,0,0,0,0,0,0,0,0,0,0,0
"42043","2","518210","78","0","2015","3","N",1,0,0,0,0,0,0,0,"N",37.01,0,0,0,0,0,0,0,"N",0,0.0,0,0,0,0,0,0,0,0,0,0,0,0,0,0
"42043","5","518210","78","0","2015","3","",16,242,236,236,2831640,90059,7210,915,"",1.15,0.62,0.61,0.63,0.32,0.33,0.42,0.51,"",1,6.7,15,6.6,7,3.1,10,4.4,142580,5.3,-22541,-20.0,-1029,-12.5,5,0.5
"42045","5","518210","78","0","2015","3","",13,83,88,87,1573248,149723,6358,1407,"",0.50,0.18,0.19,0.19,0.14,0.38,0.26,0.75,"",-2,-13.3,25,43.1,33,60.0,32,58.2,695087,79.2,104531,231.3,3555,126.8,201,16.7
"42049","5","518210","78","0","2015","3","N",4,0,0,0,0,0,0,0,"N",0.30,0,0,0,0,0,0,0,"N",0,0.0,0,0,0,0,0,0,0,0,0,0,0,0,0,0
"42051","5","518210","78","0","2015","3","N",1,0,0,0,0,0,0,0,"N",0.18,0,0,0,0,0,0,0,"N",0,0.0,0,0,0,0,0,0,0,0,0,0,0,0,0,0
"42055","5","518210","78","0","2015","3","N",3,0,0,0,0,0,0,0,"N",0.49,0,0,0,0,0,0,0,"N",-1,-25.0,0,0,0,0,0,0,0,0,0,0,0,0,0,0
"42069","5","518210","78","0","2015","3","N",6,0,0,0,0,0,0,0,"N",0.55,0,0,0,0,0,0,0,"N",0,0.0,0,0,0,0,0,0,0,0,0,0,0,0,0,0
"42071","5","518210","78","0","2015","3","",7,74,75,75,1111540,61225,2716,1145,"",0.28,0.15,0.15,0.15,0.11,0.14,0.11,0.75,"",1,16.7,9,13.8,9,13.6,12,19.0,-1708932,-60.6,12041,24.5,-239,-8.1,-2210,-65.9
"42075","5","518210","78","0","2015","3","N",1,0,0,0,0,0,0,0,"N",0.19,0,0,0,0,0,0,0,"N",0,0.0,0,0,0,0,0,0,0,0,0,0,0,0,0,0
"42077","5","518210","78","0","2015","3","",11,234,227,225,2960218,212730,8446,996,"",0.68,0.59,0.58,0.57,0.33,0.63,0.39,0.57,"",1,10.0,67,40.1,56,32.7,52,30.1,460668,18.4,137062,181.1,4533,115.8,-133,-11.8
"42079","1","518210","78","0","2015","3","",1,1183,1165,1178,18375771,0,0,1203,"",1275.51,981.05,988.97,982.73,1230.28,0.00,0.00,1.25,"",0,0.0,110,10.3,20,1.7,27,2.3,1210977,7.1,0,0.0,0,0.0,27,2.3
"42079","5","518210","78","0","2015","3","",8,138,136,132,1512289,278698,11224,860,"",0.57,0.45,0.45,0.44,0.26,0.99,0.60,0.59,"",0,0.0,0,0.0,-3,-2.2,-4,-2.9,41904,2.8,219047,367.2,7844,232.1,38,4.6
"42085","5","518210","78","0","2015","3","",3,32,34,33,338617,11663,415,789,"",0.54,0.31,0.33,0.32,0.18,0.14,0.08,0.57,"N",1,50.0,0,0,0,0,0,0,0,0,0,0,0,0,0,0
"42087","5","518210","78","0","2015","3","N",1,0,0,0,0,0,0,0,"N",0.50,0,0,0,0,0,0,0,"N",-1,-50.0,0,0,0,0,0,0,0,0,0,0,0,0,0,0
"42091","5","518210","78","0","2015","3","",77,2080,2098,2077,33030174,1386663,101024,1219,"",1.50,2.02,2.05,2.05,1.15,1.51,1.73,0.57,"",6,8.5,207,11.1,207,10.9,165,8.6,2348878,7.7,-23952,-1.7,16804,20.0,-28,-2.2
"42095","5","518210","78","0","2015","3","",15,877,875,863,16997666,332354,22927,1500,"",1.19,3.78,3.79,3.75,3.58,1.62,1.73,0.95,"",-1,-6.2,2,0.2,2,0.2,-9,-1.0,125773,0.7,-37162,-10.1,-4834,-17.4,14,0.9
"42097","5","518210","78","0","2015","3","N",2,0,0,0,0,0,0,0,"N",0.57,0,0,0,0,0,0,0,"N",0,0.0,0,0,0,0,0,0,0,0,0,0,0,0,0,0
"42101","5","518210","78","0","2015","3","",43,452,462,457,9665048,308509,20631,1627,"",0.66,0.33,0.34,0.33,0.25,0.30,0.32,0.75,"",15,53.6,65,16.8,58,14.4,42,10.1,1451875,17.7,-31726,-9.3,-6279,-23.3,55,3.5
"42103","5","518210","78","0","2015","3","N",1,0,0,0,0,0,0,0,"N",0.51,0,0,0,0,0,0,0,"N",-1,-50.0,0,0,0,0,0,0,0,0,0,0,0,0,0,0
"42111","5","518210","78","0","2015","3","N",1,0,0,0,0,0,0,0,"N",0.28,0,0,0,0,0,0,0,"N",-1,-50.0,0,0,0,0,0,0,0,0,0,0,0,0,0,0
"42117","5","518210","78","0","2015","3","N",1,0,0,0,0,0,0,0,"N",0.49,0,0,0,0,0,0,0,"N",0,0.0,0,0,0,0,0,0,0,0,0,0,0,0,0,0
"42123","5","518210","78","0","2015","3","N",1,0,0,0,0,0,0,0,"N",0.47,0,0,0,0,0,0,0,"N",1,100.0,0,0,0,0,0,0,0,0,0,0,0,0,0,0
"42125","5","518210","78","0","2015","3","N",2,0,0,0,0,0,0,0,"N",0.19,0,0,0,0,0,0,0,"N",0,0.0,0,0,0,0,0,0,0,0,0,0,0,0,0,0
"42127","5","518210","78","0","2015","3","N",1,0,0,0,0,0,0,0,"N",0.37,0,0,0,0,0,0,0,"N",-1,-50.0,0,0,0,0,0,0,0,0,0,0,0,0,0,0
"42129","5","518210","78","0","2015","3","",3,47,48,51,453714,49809,3638,717,"",0.17,0.16,0.17,0.18,0.08,0.19,0.22,0.49,"N",0,0.0,0,0,0,0,0,0,0,0,0,0,0,0,0,0
"42133","5","518210","78","0","2015","3","",9,86,82,79,1046801,129384,5956,978,"",0.53,0.23,0.22,0.21,0.14,0.39,0.29,0.62,"",-1,-10.0,-125,-59.2,-119,-59.2,-123,-60.9,-4832122,-82.2,20606,18.9,-1951,-24.7,-1232,-55.7
"42999","5","518210","78","0","2015","3","",197,1142,1124,1115,48556027,1182840,82437,3314,"",3.98,3.67,3.59,3.53,4.03,2.47,2.31,1.12,"",8,4.2,42,3.8,35,3.2,35,3.2,19954868,69.8,196721,19.9,12968,18.7,1295,64.1
"44000","5","518210","58","0","2015","3","",151,2716,2727,2693,44722173,6825360,170322,1268,"",2.19,2.67,2.71,2.66,1.99,2.68,1.66,0.74,"",3,2.0,191,7.6,199,7.9,179,7.1,-432211,-1.0,501445,7.9,3327,2.0,-109,-7.9
"44001","5","518210","78","0","2015","3","",8,10,10,11,333637,3667,100,2484,"",2.94,0.35,0.36,0.37,0.64,0.05,0.03,1.77,"",-2,-20.0,1,11.1,1,11.1,1,10.0,14958,4.7,-8933,-70.9,-259,-72.1,-142,-5.4
"44003","5","518210","78","0","2015","3","",19,66,65,51,1046896,167388,8151,1327,"",1.88,0.42,0.42,0.32,0.33,0.40,0.50,0.86,"",0,0.0,8,13.8,7,12.1,-9,-15.0,41941,4.2,18834,12.7,-102,-1.2,9,0.7
"44005","5","518210","78","0","2015","3","N",9,0,0,0,0,0,0,0,"N",1.45,0,0,0,0,0,0,0,"N",1,12.5,0,0,0,0,0,0,0,0,0,0,0,0,0,0
"44007","5","518210","78","0","2015","3","",56,2538,2547,2522,40176926,6440753,153868,1219,"",1.69,4.23,4.28,4.19,2.88,4.52,2.78,0.68,"",4,7.7,181,7.7,193,8.2,181,7.7,-525741,-1.3,548573,9.3,3297,2.2,-113,-8.5
"44009","5","518210","78","0","2015","3","N",13,0,0,0,0,0,0,0,"N",1.60,0,0,0,0,0,0,0,"N",0,0.0,0,0,0,0,0,0,0,0,0,0,0,0,0,0
"44999","5","518210","78","0","2015","3","",46,52,54,57,1896062,78331,3908,2684,"",5.47,2.30,2.37,2.47,2.55,0.95,1.10,1.07,"N",0,0.0,0,0,0,0,0,0,0,0,0,0,0,0,0,0
"45000","5","518210","58","0","2015","3","",273,2558,2557,2523,40787887,2629839,48042,1232,"",1.17,0.61,0.61,0.61,0.51,0.41,0.37,0.84,"",43,18.7,-5,-0.2,6,0.2,-4,-0.2,-3448525,-7.8,971282,58.6,5226,12.2,-104,-7.8
"45003","5","518210","78","0","2015","3","N",2,0,0,0,0,0,0,0,"N",0.36,0,0,0,0,0,0,0,"N",1,100.0,0,0,0,0,0,0,0,0,0,0,0,0,0,0
"45007","5","518210","78","0","2015","3","N",2,0,0,0,0,0,0,0,"N",0.29,0,0,0,0,0,0,0,"N",0,0.0,0,0,0,0,0,0,0,0,0,0,0,0,0,0
"45009","5","518210","78","0","2015","3","N",1,0,0,0,0,0,0,0,"N",1.73,0,0,0,0,0,0,0,"N",0,0.0,0,0,0,0,0,0,0,0,0,0,0,0,0,0
"45013","5","518210","78","0","2015","3","",7,31,32,31,323048,49560,373,793,"",0.71,0.22,0.23,0.23,0.15,0.20,0.10,0.63,"",1,16.7,3,10.7,4,14.3,3,10.7,-8587,-2.6,15367,44.9,95,34.2,-118,-13.0
"45015","5","518210","78","0","2015","3","N",3,0,0,0,0,0,0,0,"N",0.60,0,0,0,0,0,0,0,"N",0,0.0,0,0,0,0,0,0,0,0,0,0,0,0,0,0
"45017","5","518210","78","0","2015","3","N",1,0,0,0,0,0,0,0,"N",2.13,0,0,0,0,0,0,0,"N",0,0.0,0,0,0,0,0,0,0,0,0,0,0,0,0,0
"45019","5","518210","78","0","2015","3","",31,440,441,440,3703514,636647,5919,647,"",1.19,0.86,0.87,0.88,0.35,0.84,0.43,0.40,"N",17,121.4,0,0,0,0,0,0,0,0,0,0,0,0,0,0
"45025","5","518210","78","0","2015","3","N",1,0,0,0,0,0,0,0,"N",0.76,0,0,0,0,0,0,0,"N",1,100.0,0,0,0,0,0,0,0,0,0,0,0,0,0,0
"45029","5","518210","78","0","2015","3","N",1,0,0,0,0,0,0,0,"N",0.72,0,0,0,0,0,0,0,"N",0,0.0,0,0,0,0,0,0,0,0,0,0,0,0,0,0
"45035","5","518210","78","0","2015","3","N",2,0,0,0,0,0,0,0,"N",0.47,0,0,0,0,0,0,0,"N",0,0.0,0,0,0,0,0,0,0,0,0,0,0,0,0,0
"45041","5","518210","78","0","2015","3","N",1,0,0,0,0,0,0,0,"N",0.16,0,0,0,0,0,0,0,"N",0,0.0,0,0,0,0,0,0,0,0,0,0,0,0,0,0
"45043","5","518210","78","0","2015","3","N",2,0,0,0,0,0,0,0,"N",0.54,0,0,0,0,0,0,0,"N",0,0.0,0,0,0,0,0,0,0,0,0,0,0,0,0,0
"45045","5","518210","78","0","2015","3","",28,234,236,230,4730549,196445,1453,1560,"",1.08,0.42,0.43,0.42,0.41,0.23,0.07,0.97,"",5,21.7,-25,-9.7,-17,-6.7,-25,-9.8,355097,8.1,17133,9.6,-491,-25.3,244,18.5
"45051","5","518210","78","0","2015","3","",7,9,10,11,119220,39787,351,917,"",0.43,0.03,0.04,0.04,0.03,0.07,0.02,0.83,"N",4,133.3,0,0,0,0,0,0,0,0,0,0,0,0,0,0
"45055","5","518210","78","0","2015","3","N",1,0,0,0,0,0,0,0,"N",0.43,0,0,0,0,0,0,0,"N",1,100.0,0,0,0,0,0,0,0,0,0,0,0,0,0,0
"45057","5","518210","78","0","2015","3","N",2,0,0,0,0,0,0,0,"N",0.87,0,0,0,0,0,0,0,"N",0,0.0,0,0,0,0,0,0,0,0,0,0,0,0,0,0
"45059","5","518210","78","0","2015","3","N",1,0,0,0,0,0,0,0,"N",0.59,0,0,0,0,0,0,0,"N",0,0.0,0,0,0,0,0,0,0,0,0,0,0,0,0,0
"45063","5","518210","78","0","2015","3","N",7,0,0,0,0,0,0,0,"N",0.58,0,0,0,0,0,0,0,"N",1,16.7,0,0,0,0,0,0,0,0,0,0,0,0,0,0
"45071","5","518210","78","0","2015","3","N",2,0,0,0,0,0,0,0,"N",1.39,0,0,0,0,0,0,0,"N",0,0.0,0,0,0,0,0,0,0,0,0,0,0,0,0,0
"45073","5","518210","78","0","2015","3","",3,3,3,3,72707,0,0,1864,"",1.03,0.06,0.06,0.06,0.07,0.00,0.00,1.18,"N",1,50.0,0,0,0,0,0,0,0,0,0,0,0,0,0,0
"45077","5","518210","78","0","2015","3","N",1,0,0,0,0,0,0,0,"N",0.25,0,0,0,0,0,0,0,"N",1,100.0,0,0,0,0,0,0,0,0,0,0,0,0,0,0
"45079","5","518210","78","0","2015","3","",39,1124,1115,1111,18056102,835471,27778,1244,"",2.13,2.46,2.45,2.45,1.97,1.50,2.35,0.80,"",13,50.0,-81,-6.7,-78,-6.5,-71,-6.0,-4950100,-21.5,367019,78.3,9133,49.0,-239,-16.1
"45083","5","518210","78","0","2015","3","N",8,0,0,0,0,0,0,0,"N",0.71,0,0,0,0,0,0,0,"N",2,33.3,0,0,0,0,0,0,0,0,0,0,0,0,0,0
"45085","5","518210","78","0","2015","3","N",2,0,0,0,0,0,0,0,"N",0.53,0,0,0,0,0,0,0,"N",1,100.0,0,0,0,0,0,0,0,0,0,0,0,0,0,0
"45091","5","518210","78","0","2015","3","",12,239,237,227,3554676,154118,1081,1167,"",1.24,1.31,1.30,1.26,1.06,0.54,0.18,0.82,"N",2,20.0,0,0,0,0,0,0,0,0,0,0,0,0,0,0
"45999","5","518210","78","0","2015","3","",106,294,300,290,6883056,561102,9572,1797,"",3.96,2.63,2.66,2.62,2.06,2.24,1.52,0.78,"",-8,-7.0,9,3.2,14,4.9,11,3.9,137623,2.0,237532,73.4,1914,25.0,-34,-1.9
"46000","2","518210","58","0","2015","3","N",3,0,0,0,0,0,0,0,"N",25.11,0,0,0,0,0,0,0,"N",0,0.0,0,0,0,0,0,0,0,0,0,0,0,0,0,0
"46000","5","518210","58","0","2015","3","",73,126,124,134,1982853,268650,2574,1192,"",1.19,0.14,0.14,0.15,0.12,0.20,0.19,0.85,"",19,35.2,31,32.6,26,26.5,39,41.1,478986,31.9,107348,66.6,767,42.4,-13,-1.1
"46007","5","518210","78","0","2015","3","N",1,0,0,0,0,0,0,0,"N",5.53,0,0,0,0,0,0,0,"N",0,0.0,0,0,0,0,0,0,0,0,0,0,0,0,0,0
"46009","2","518210","78","0","2015","3","N",1,0,0,0,0,0,0,0,"N",1198.15,0,0,0,0,0,0,0,"N",0,0.0,0,0,0,0,0,0,0,0,0,0,0,0,0,0
"46011","5","518210","78","0","2015","3","N",2,0,0,0,0,0,0,0,"N",0.99,0,0,0,0,0,0,0,"N",1,100.0,0,0,0,0,0,0,0,0,0,0,0,0,0,0
"46013","5","518210","78","0","2015","3","N",3,0,0,0,0,0,0,0,"N",1.09,0,0,0,0,0,0,0,"N",0,0.0,0,0,0,0,0,0,0,0,0,0,0,0,0,0
"46019","5","518210","78","0","2015","3","-",0,0,0,0,0,0,0,0,"N",0.00,0,0,0,0,0,0,0,"N",0,0,0,0,0,0,0,0,0,0,0,0,0,0,0,0
"46027","5","518210","78","0","2015","3","N",2,0,0,0,0,0,0,0,"N",2.79,0,0,0,0,0,0,0,"N",2,100.0,0,0,0,0,0,0,0,0,0,0,0,0,0,0
"46029","2","518210","78","0","2015","3","N",1,0,0,0,0,0,0,0,"N",222.82,0,0,0,0,0,0,0,"N",0,0.0,0,0,0,0,0,0,0,0,0,0,0,0,0,0
"46029","5","518210","78","0","2015","3","N",2,0,0,0,0,0,0,0,"N",0.87,0,0,0,0,0,0,0,"N",0,0.0,0,0,0,0,0,0,0,0,0,0,0,0,0,0
"46065","2","518210","78","0","2015","3","N",1,0,0,0,0,0,0,0,"N",324.05,0,0,0,0,0,0,0,"N",0,0.0,0,0,0,0,0,0,0,0,0,0,0,0,0,0
"46065","5","518210","78","0","2015","3","N",3,0,0,0,0,0,0,0,"N",1.89,0,0,0,0,0,0,0,"N",0,0.0,0,0,0,0,0,0,0,0,0,0,0,0,0,0
"46073","5","518210","78","0","2015","3","N",1,0,0,0,0,0,0,0,"N",4.87,0,0,0,0,0,0,0,"N",0,0.0,0,0,0,0,0,0,0,0,0,0,0,0,0,0
"46079","5","518210","78","0","2015","3","N",1,0,0,0,0,0,0,0,"N",1.16,0,0,0,0,0,0,0,"N",0,0.0,0,0,0,0,0,0,0,0,0,0,0,0,0,0
"46081","5","518210","78","0","2015","3","N",1,0,0,0,0,0,0,0,"N",0.45,0,0,0,0,0,0,0,"N",-1,-50.0,0,0,0,0,0,0,0,0,0,0,0,0,0,0
"46083","5","518210","78","0","2015","3","N",3,0,0,0,0,0,0,0,"N",0.89,0,0,0,0,0,0,0,"N",1,50.0,0,0,0,0,0,0,0,0,0,0,0,0,0,0
"46093","5","518210","78","0","2015","3","N",2,0,0,0,0,0,0,0,"N",1.32,0,0,0,0,0,0,0,"N",0,0.0,0,0,0,0,0,0,0,0,0,0,0,0,0,0
"46099","5","518210","78","0","2015","3","",32,33,32,36,793064,43944,454,1812,"",2.44,0.13,0.12,0.14,0.15,0.12,0.14,1.15,"",9,39.1,6,22.2,3,10.3,3,9.1,206220,35.1,-50856,-53.6,-501,-52.5,290,19.1
"46101","5","518210","78","0","2015","3","N",1,0,0,0,0,0,0,0,"N",2.58,0,0,0,0,0,0,0,"N",0,0.0,0,0,0,0,0,0,0,0,0,0,0,0,0,0
"46103","5","518210","78","0","2015","3","",13,30,30,30,360952,124890,1361,926,"",1.57,0.25,0.25,0.25,0.17,0.57,0.74,0.68,"",6,85.7,17,130.8,16,114.3,19,172.7,204362,130.5,114833,1141.8,1224,893.4,-25,-2.6
"46105","5","518210","78","0","2015","3","N",1,0,0,0,0,0,0,0,"N",3.54,0,0,0,0,0,0,0,"N",0,0.0,0,0,0,0,0,0,0,0,0,0,0,0,0,0
"46123","5","518210","78","0","2015","3","-",0,0,0,0,0,0,0,0,"N",0.00,0,0,0,0,0,0,0,"N",0,0,0,0,0,0,0,0,0,0,0,0,0,0,0,0
"46127","5","518210","78","0","2015","3","N",4,0,0,0,0,0,0,0,"N",3.13,0,0,0,0,0,0,0,"N",2,100.0,0,0,0,0,0,0,0,0,0,0,0,0,0,0
"46999","5","518210","78","0","2015","3","N",1,0,0,0,0,0,0,0,"N",0.98,0,0,0,0,0,0,0,"N",0,0.0,0,0,0,0,0,0,0,0,0,0,0,0,0,0
"47000","3","518210","58","0","2015","3","N",2,0,0,0,0,0,0,0,"N",1.26,0,0,0,0,0,0,0,"N",0,0.0,0,0,0,0,0,0,0,0,0,0,0,0,0,0
"47000","5","518210","58","0","2015","3","",354,5023,5151,5047,96522214,5279979,61905,1463,"",1.25,0.84,0.85,0.84,0.77,0.86,0.75,0.91,"",-15,-4.1,257,5.4,406,8.6,357,7.6,11013328,12.9,1542759,41.3,15582,33.6,73,5.3
"47001","5","518210","78","0","2015","3","N",2,0,0,0,0,0,0,0,"N",0.65,0,0,0,0,0,0,0,"N",-1,-33.3,0,0,0,0,0,0,0,0,0,0,0,0,0,0
"47009","5","518210","78","0","2015","3","",4,4,4,4,475296,0,0,9140,"",0.93,0.04,0.04,0.04,0.23,0.00,0.00,5.89,"N",1,33.3,0,0,0,0,0,0,0,0,0,0,0,0,0,0
"47011","5","518210","78","0","2015","3","N",2,0,0,0,0,0,0,0,"N",0.57,0,0,0,0,0,0,0,"N",1,100.0,0,0,0,0,0,0,0,0,0,0,0,0,0,0
"47021","5","518210","78","0","2015","3","N",1,0,0,0,0,0,0,0,"N",0.86,0,0,0,0,0,0,0,"N",0,0.0,0,0,0,0,0,0,0,0,0,0,0,0,0,0
"47025","5","518210","78","0","2015","3","N",1,0,0,0,0,0,0,0,"N",1.13,0,0,0,0,0,0,0,"N",1,100.0,0,0,0,0,0,0,0,0,0,0,0,0,0,0
"47035","5","518210","78","0","2015","3","-",0,0,0,0,0,0,0,0,"N",0.00,0,0,0,0,0,0,0,"N",0,0,0,0,0,0,0,0,0,0,0,0,0,0,0,0
"47037","5","518210","78","0","2015","3","",65,2778,2908,2812,50911310,2960997,29011,1383,"",1.67,2.86,2.97,2.90,2.10,3.01,2.31,0.72,"",-4,-5.8,154,5.9,319,12.3,265,10.4,4270056,9.2,1325008,81.0,16065,124.1,-4,-0.3
"47041","5","518210","78","0","2015","3","N",1,0,0,0,0,0,0,0,"N",1.83,0,0,0,0,0,0,0,"N",0,0.0,0,0,0,0,0,0,0,0,0,0,0,0,0,0
"47051","5","518210","78","0","2015","3","N",1,0,0,0,0,0,0,0,"N",0.72,0,0,0,0,0,0,0,"N",-1,-50.0,0,0,0,0,0,0,0,0,0,0,0,0,0,0
"47053","5","518210","78","0","2015","3","N",1,0,0,0,0,0,0,0,"N",0.55,0,0,0,0,0,0,0,"N",0,0.0,0,0,0,0,0,0,0,0,0,0,0,0,0,0
"47063","5","518210","78","0","2015","3","N",2,0,0,0,0,0,0,0,"N",0.82,0,0,0,0,0,0,0,"N",1,100.0,0,0,0,0,0,0,0,0,0,0,0,0,0,0
"47065","5","518210","78","0","2015","3","",16,344,344,344,5030450,571934,7905,1125,"",0.92,0.83,0.83,0.84,0.58,1.35,1.58,0.70,"",0,0.0,1,0.3,7,2.1,5,1.5,127666,2.6,339097,145.6,5392,214.6,15,1.4
"47071","5","518210","78","0","2015","3","N",1,0,0,0,0,0,0,0,"N",1.00,0,0,0,0,0,0,0,"N",0,0.0,0,0,0,0,0,0,0,0,0,0,0,0,0,0
"47085","5","518210","78","0","2015","3","N",1,0,0,0,0,0,0,0,"N",1.60,0,0,0,0,0,0,0,"N",0,0.0,0,0,0,0,0,0,0,0,0,0,0,0,0,0
"47087","5","518210","78","0","2015","3","N",1,0,0,0,0,0,0,0,"N",4.42,0,0,0,0,0,0,0,"N",1,100.0,0,0,0,0,0,0,0,0,0,0,0,0,0,0
"47089","5","518210","78","0","2015","3","N",1,0,0,0,0,0,0,0,"N",0.76,0,0,0,0,0,0,0,"N",1,100.0,0,0,0,0,0,0,0,0,0,0,0,0,0,0
"47093","5","518210","78","0","2015","3","",21,301,299,300,5554599,145684,1275,1424,"",0.96,0.61,0.60,0.61,0.56,0.30,0.22,0.92,"",0,0.0,8,2.7,10,3.5,10,3.4,528919,10.5,-144311,-49.8,-1932,-60.2,94,7.1
"47099","5","518210","78","0","2015","3","N",1,0,0,0,0,0,0,0,"N",0.73,0,0,0,0,0,0,0,"N",0,0.0,0,0,0,0,0,0,0,0,0,0,0,0,0,0
"47113","3","518210","78","0","2015","3","N",1,0,0,0,0,0,0,0,"N",39.10,0,0,0,0,0,0,0,"N",0,0.0,0,0,0,0,0,0,0,0,0,0,0,0,0,0
"47113","5","518210","78","0","2015","3","N",3,0,0,0,0,0,0,0,"N",0.66,0,0,0,0,0,0,0,"N",0,0.0,0,0,0,0,0,0,0,0,0,0,0,0,0,0
"47119","5","518210","78","0","2015","3","N",4,0,0,0,0,0,0,0,"N",1.18,0,0,0,0,0,0,0,"N",2,100.0,0,0,0,0,0,0,0,0,0,0,0,0,0,0
"47123","5","518210","78","0","2015","3","N",2,0,0,0,0,0,0,0,"N",1.49,0,0,0,0,0,0,0,"N",1,100.0,0,0,0,0,0,0,0,0,0,0,0,0,0,0
"47125","5","518210","78","0","2015","3","N",1,0,0,0,0,0,0,0,"N",0.19,0,0,0,0,0,0,0,"N",-1,-50.0,0,0,0,0,0,0,0,0,0,0,0,0,0,0
"47131","5","518210","78","0","2015","3","N",2,0,0,0,0,0,0,0,"N",1.57,0,0,0,0,0,0,0,"N",0,0.0,0,0,0,0,0,0,0,0,0,0,0,0,0,0
"47133","5","518210","78","0","2015","3","N",1,0,0,0,0,0,0,0,"N",1.72,0,0,0,0,0,0,0,"N",0,0.0,0,0,0,0,0,0,0,0,0,0,0,0,0,0
"47135","5","518210","78","0","2015","3","N",1,0,0,0,0,0,0,0,"N",4.35,0,0,0,0,0,0,0,"N",0,0.0,0,0,0,0,0,0,0,0,0,0,0,0,0,0
"47141","5","518210","78","0","2015","3","-",0,0,0,0,0,0,0,0,"N",0.00,0,0,0,0,0,0,0,"N",-1,-100.0,0,0,0,0,0,0,0,0,0,0,0,0,0,0
"47143","5","518210","78","0","2015","3","N",1,0,0,0,0,0,0,0,"N",1.11,0,0,0,0,0,0,0,"N",0,0.0,0,0,0,0,0,0,0,0,0,0,0,0,0,0
"47145","5","518210","78","0","2015","3","N",1,0,0,0,0,0,0,0,"N",0.72,0,0,0,0,0,0,0,"N",-1,-50.0,0,0,0,0,0,0,0,0,0,0,0,0,0,0
"47149","5","518210","78","0","2015","3","",11,92,98,98,1725905,113735,1572,1383,"",1.15,0.38,0.39,0.40,0.34,0.44,0.52,0.88,"",-2,-15.4,17,22.7,22,28.9,19,24.1,398460,30.0,-193218,-62.9,-4860,-75.6,51,3.8
"47155","5","518210","78","0","2015","3","",4,5,4,3,54438,15411,663,1047,"",0.82,0.05,0.04,0.03,0.04,0.10,0.17,1.06,"N",2,100.0,0,0,0,0,0,0,0,0,0,0,0,0,0,0
"47157","5","518210","78","0","2015","3","",37,202,204,200,2982147,249142,3575,1136,"",0.99,0.19,0.20,0.20,0.12,0.25,0.30,0.62,"",-4,-9.8,-40,-16.5,-43,-17.4,-49,-19.7,-246914,-7.6,3824,1.6,78,2.2,126,12.5
"47163","5","518210","78","0","2015","3","N",3,0,0,0,0,0,0,0,"N",0.48,0,0,0,0,0,0,0,"N",1,50.0,0,0,0,0,0,0,0,0,0,0,0,0,0,0
"47165","5","518210","78","0","2015","3","",6,94,89,90,3790079,47894,157,3204,"",0.95,0.94,0.83,0.84,1.96,0.41,0.10,2.26,"",0,0.0,7,8.0,-1,-1.1,4,4.7,1111146,41.5,-1089,-2.2,74,89.2,853,36.3
"47177","5","518210","78","0","2015","3","N",2,0,0,0,0,0,0,0,"N",1.34,0,0,0,0,0,0,0,"N",1,100.0,0,0,0,0,0,0,0,0,0,0,0,0,0,0
"47179","5","518210","78","0","2015","3","N",3,0,0,0,0,0,0,0,"N",0.56,0,0,0,0,0,0,0,"N",-2,-40.0,0,0,0,0,0,0,0,0,0,0,0,0,0,0
"47187","5","518210","78","0","2015","3","",54,522,522,523,10972473,502396,8192,1616,"",3.69,2.11,2.09,2.12,1.66,1.73,2.31,0.79,"",-2,-3.6,80,18.1,77,17.3,84,19.1,1315949,13.6,170523,51.4,1753,27.2,-65,-3.9
"47189","5","518210","78","0","2015","3","",4,40,38,37,464750,42969,215,933,"",0.83,0.50,0.47,0.45,0.30,0.42,0.19,0.63,"",0,0.0,30,300.0,28,280.0,25,208.3,399600,613.4,18111,72.9,-2,-0.9,463,98.5
"47999","3","518210","78","0","2015","3","N",1,0,0,0,0,0,0,0,"N",8.38,0,0,0,0,0,0,0,"N",0,0.0,0,0,0,0,0,0,0,0,0,0,0,0,0,0
"47999","5","518210","78","0","2015","3","",92,325,326,335,8593106,386997,6068,2011,"",4.32,2.49,2.45,2.52,2.31,1.79,1.41,0.93,"",-7,-7.1,-3,-0.9,2,0.6,20,6.3,1019229,13.5,169461,77.9,1724,39.7,204,11.3
"48000","5","518210","58","0","2015","3","",1043,34147,34030,34116,789228679,31774474,1400714,1780,"",0.86,1.36,1.37,1.38,1.31,1.23,2.31,0.96,"",45,4.5,3565,11.7,3486,11.4,3642,12.0,128895916,19.5,7916930,33.2,454754,48.1,116,7.0
"48001","5","518210","78","0","2015","3","",6,8,13,15,260638,68706,1749,1671,"",2.09,0.19,0.30,0.36,0.33,1.46,1.76,1.16,"",3,100.0,2,33.3,7,116.7,9,150.0,153492,143.3,68706,100.0,1749,100.0,297,21.6
"48013","5","518210","78","0","2015","3","N",2,0,0,0,0,0,0,0,"N",1.21,0,0,0,0,0,0,0,"N",1,100.0,0,0,0,0,0,0,0,0,0,0,0,0,0,0
"48015","5","518210","78","0","2015","3","N",2,0,0,0,0,0,0,0,"N",1.10,0,0,0,0,0,0,0,"N",0,0.0,0,0,0,0,0,0,0,0,0,0,0,0,0,0
"48019","5","518210","78","0","2015","3","N",2,0,0,0,0,0,0,0,"N",2.40,0,0,0,0,0,0,0,"N",0,0.0,0,0,0,0,0,0,0,0,0,0,0,0,0,0
"48021","5","518210","78","0","2015","3","-",0,0,0,0,0,0,0,0,"N",0.00,0,0,0,0,0,0,0,"N",0,0,0,0,0,0,0,0,0,0,0,0,0,0,0,0
"48027","5","518210","78","0","2015","3","",4,40,40,40,1203469,15379,695,2314,"",0.42,0.16,0.16,0.16,0.25,0.07,0.12,1.51,"N",0,0.0,0,0,0,0,0,0,0,0,0,0,0,0,0,0
"48029","5","518210","78","0","2015","3","",53,7270,7269,7262,149163287,4378143,152471,1579,"",0.73,4.15,4.17,4.17,4.04,2.41,4.01,0.97,"",-3,-5.4,121,1.7,102,1.4,72,1.0,12176684,8.9,-43763,-1.0,12238,8.7,109,7.4
"48039","5","518210","78","0","2015","3","N",2,0,0,0,0,0,0,0,"N",0.20,0,0,0,0,0,0,0,"N",-1,-33.3,0,0,0,0,0,0,0,0,0,0,0,0,0,0
"48041","5","518210","78","0","2015","3","N",5,0,0,0,0,0,0,0,"N",0.62,0,0,0,0,0,0,0,"N",0,0.0,0,0,0,0,0,0,0,0,0,0,0,0,0,0
"48043","5","518210","78","0","2015","3","N",1,0,0,0,0,0,0,0,"N",1.34,0,0,0,0,0,0,0,"N",1,100.0,0,0,0,0,0,0,0,0,0,0,0,0,0,0
"48047","5","518210","78","0","2015","3","N",1,0,0,0,0,0,0,0,"N",3.10,0,0,0,0,0,0,0,"N",1,100.0,0,0,0,0,0,0,0,0,0,0,0,0,0,0
"48051","5","518210","78","0","2015","3","N",1,0,0,0,0,0,0,0,"N",1.33,0,0,0,0,0,0,0,"N",0,0.0,0,0,0,0,0,0,0,0,0,0,0,0,0,0
"48057","5","518210","78","0","2015","3","N",1,0,0,0,0,0,0,0,"N",0.92,0,0,0,0,0,0,0,"N",1,100.0,0,0,0,0,0,0,0,0,0,0,0,0,0,0
"48059","5","518210","78","0","2015","3","N",1,0,0,0,0,0,0,0,"N",2.32,0,0,0,0,0,0,0,"N",0,0.0,0,0,0,0,0,0,0,0,0,0,0,0,0,0
"48061","5","518210","78","0","2015","3","N",1,0,0,0,0,0,0,0,"N",0.08,0,0,0,0,0,0,0,"N",0,0.0,0,0,0,0,0,0,0,0,0,0,0,0,0,0
"48081","5","518210","78","0","2015","3","N",1,0,0,0,0,0,0,0,"N",5.31,0,0,0,0,0,0,0,"N",1,100.0,0,0,0,0,0,0,0,0,0,0,0,0,0,0
"48085","5","518210","78","0","2015","3","",70,6250,6210,6203,192078455,3418713,187727,2375,"",1.65,7.97,7.98,7.98,9.04,3.97,9.13,1.13,"",1,1.4,-114,-1.8,-74,-1.2,17,0.3,15337969,8.7,566876,19.9,31204,19.9,209,9.6
"48091","5","518210","78","0","2015","3","N",2,0,0,0,0,0,0,0,"N",0.32,0,0,0,0,0,0,0,"N",1,100.0,0,0,0,0,0,0,0,0,0,0,0,0,0,0
"48099","5","518210","78","0","2015","3","",3,12,12,12,195693,27001,729,1254,"",1.55,0.36,0.36,0.37,0.36,0.97,1.33,0.98,"N",3,100.0,0,0,0,0,0,0,0,0,0,0,0,0,0,0
"48113","5","518210","78","0","2015","3","",187,6441,6373,6355,155029127,7178259,375764,1866,"",1.35,1.86,1.84,1.86,1.60,1.92,3.90,0.87,"",6,3.3,1512,30.7,1480,30.2,1491,30.7,33145323,27.2,3732073,108.3,230504,158.7,-49,-2.6
"48121","5","518210","78","0","2015","3","",26,500,503,487,9765709,2312469,132194,1513,"",1.02,1.06,1.07,1.04,0.97,4.41,11.24,0.92,"",4,18.2,84,20.2,83,19.8,61,14.3,431938,4.6,1817739,367.4,120615,1041.7,-194,-11.4
"48135","5","518210","78","0","2015","3","N",2,0,0,0,0,0,0,0,"N",0.27,0,0,0,0,0,0,0,"N",0,0.0,0,0,0,0,0,0,0,0,0,0,0,0,0,0
"48139","5","518210","78","0","2015","3","N",3,0,0,0,0,0,0,0,"N",0.59,0,0,0,0,0,0,0,"N",1,50.0,0,0,0,0,0,0,0,0,0,0,0,0,0,0
"48141","5","518210","78","0","2015","3","",17,1860,1831,1872,14576552,2649879,144920,605,"",0.62,3.01,2.96,3.03,1.39,4.28,10.07,0.46,"",0,0.0,244,15.1,199,12.2,233,14.2,2405505,19.8,934062,54.4,33665,30.3,30,5.2
"48145","5","518210","78","0","2015","3","N",1,0,0,0,0,0,0,0,"N",1.86,0,0,0,0,0,0,0,"N",1,100.0,0,0,0,0,0,0,0,0,0,0,0,0,0,0
"48157","5","518210","78","0","2015","3","",13,114,116,112,2513319,71370,1864,1696,"",0.58,0.31,0.32,0.31,0.30,0.18,0.25,0.96,"",-2,-13.3,2,1.8,2,1.8,3,2.8,250921,11.1,-23110,-24.5,-1431,-43.4,138,8.9
"48163","5","518210","78","0","2015","3","N",1,0,0,0,0,0,0,0,"N",1.22,0,0,0,0,0,0,0,"N",0,0.0,0,0,0,0,0,0,0,0,0,0,0,0,0,0
"48167","5","518210","78","0","2015","3","N",4,0,0,0,0,0,0,0,"N",0.36,0,0,0,0,0,0,0,"N",0,0.0,0,0,0,0,0,0,0,0,0,0,0,0,0,0
"48181","5","518210","78","0","2015","3","N",2,0,0,0,0,0,0,0,"N",0.35,0,0,0,0,0,0,0,"N",0,0.0,0,0,0,0,0,0,0,0,0,0,0,0,0,0
"48185","5","518210","78","0","2015","3","N",1,0,0,0,0,0,0,0,"N",1.07,0,0,0,0,0,0,0,"N",0,0.0,0,0,0,0,0,0,0,0,0,0,0,0,0,0
"48187","5","518210","78","0","2015","3","N",1,0,0,0,0,0,0,0,"N",0.26,0,0,0,0,0,0,0,"N",0,0.0,0,0,0,0,0,0,0,0,0,0,0,0,0,0
"48201","5","518210","78","0","2015","3","",156,3421,3390,3356,74554219,2041485,73900,1692,"",0.74,0.69,0.69,0.69,0.51,0.41,0.56,0.73,"",3,2.0,-134,-3.8,-124,-3.5,-114,-3.3,8323947,12.6,-829276,-28.9,-30619,-29.3,242,16.7
"48203","5","518210","78","0","2015","3","N",1,0,0,0,0,0,0,0,"N",0.39,0,0,0,0,0,0,0,"N",0,0.0,0,0,0,0,0,0,0,0,0,0,0,0,0,0
"48209","5","518210","78","0","2015","3","",4,32,33,32,265408,39657,387,631,"",0.54,0.25,0.26,0.25,0.12,0.30,0.17,0.47,"",-1,-20.0,-49,-60.5,-49,-59.8,-47,-59.5,-176634,-40.0,-81939,-67.4,-3331,-89.6,209,49.5
"48215","5","518210","78","0","2015","3","",5,55,55,54,430682,47703,1266,606,"",0.22,0.11,0.11,0.10,0.06,0.09,0.12,0.52,"",0,0.0,-2,-3.5,-3,-5.2,-4,-6.9,-46093,-9.7,26556,125.6,548,76.3,-30,-4.7
"48217","5","518210","78","0","2015","3","N",1,0,0,0,0,0,0,0,"N",0.72,0,0,0,0,0,0,0,"N",0,0.0,0,0,0,0,0,0,0,0,0,0,0,0,0,0
"48221","5","518210","78","0","2015","3","N",1,0,0,0,0,0,0,0,"N",0.39,0,0,0,0,0,0,0,"N",-1,-50.0,0,0,0,0,0,0,0,0,0,0,0,0,0,0
"48225","5","518210","78","0","2015","3","N",1,0,0,0,0,0,0,0,"N",0.85,0,0,0,0,0,0,0,"N",1,100.0,0,0,0,0,0,0,0,0,0,0,0,0,0,0
"48231","5","518210","78","0","2015","3","N",1,0,0,0,0,0,0,0,"N",0.37,0,0,0,0,0,0,0,"N",0,0.0,0,0,0,0,0,0,0,0,0,0,0,0,0,0
"48245","5","518210","78","0","2015","3","N",7,0,0,0,0,0,0,0,"N",0.63,0,0,0,0,0,0,0,"N",0,0.0,0,0,0,0,0,0,0,0,0,0,0,0,0,0
"48251","5","518210","78","0","2015","3","N",2,0,0,0,0,0,0,0,"N",0.35,0,0,0,0,0,0,0,"N",-1,-33.3,0,0,0,0,0,0,0,0,0,0,0,0,0,0
"48265","5","518210","78","0","2015","3","N",1,0,0,0,0,0,0,0,"N",0.36,0,0,0,0,0,0,0,"N",1,100.0,0,0,0,0,0,0,0,0,0,0,0,0,0,0
"48285","5","518210","78","0","2015","3","N",1,0,0,0,0,0,0,0,"N",1.05,0,0,0,0,0,0,0,"N",0,0.0,0,0,0,0,0,0,0,0,0,0,0,0,0,0
"48303","5","518210","78","0","2015","3","N",4,0,0,0,0,0,0,0,"N",0.29,0,0,0,0,0,0,0,"N",1,33.3,0,0,0,0,0,0,0,0,0,0,0,0,0,0
"48309","5","518210","78","0","2015","3","",10,70,68,64,1588669,30513,792,1815,"",1.04,0.30,0.29,0.28,0.36,0.15,0.18,1.23,"",0,0.0,-18,-20.5,-21,-23.6,-27,-29.7,-98575,-5.8,-30971,-50.4,-794,-50.1,362,24.9
"48321","5","518210","78","0","2015","3","N",1,0,0,0,0,0,0,0,"N",0.64,0,0,0,0,0,0,0,"N",0,0.0,0,0,0,0,0,0,0,0,0,0,0,0,0,0
"48329","5","518210","78","0","2015","3","N",3,0,0,0,0,0,0,0,"N",0.29,0,0,0,0,0,0,0,"N",-1,-25.0,0,0,0,0,0,0,0,0,0,0,0,0,0,0
"48339","5","518210","78","0","2015","3","",13,98,97,107,2133156,100261,1443,1630,"",0.65,0.28,0.27,0.31,0.26,0.26,0.17,0.91,"",3,30.0,14,16.7,20,26.0,30,39.0,719605,50.9,38549,62.5,822,132.4,259,18.9
"48347","5","518210","78","0","2015","3","N",1,0,0,0,0,0,0,0,"N",0.38,0,0,0,0,0,0,0,"N",0,0.0,0,0,0,0,0,0,0,0,0,0,0,0,0,0
"48353","5","518210","78","0","2015","3","N",1,0,0,0,0,0,0,0,"N",1.28,0,0,0,0,0,0,0,"N",0,0.0,0,0,0,0,0,0,0,0,0,0,0,0,0,0
"48355","5","518210","78","0","2015","3","",6,49,50,49,553635,23915,434,863,"",0.39,0.14,0.14,0.14,0.08,0.06,0.04,0.54,"",2,50.0,5,11.4,7,16.3,3,6.5,109045,24.5,-2510,-9.5,164,60.7,92,11.9
"48361","5","518210","78","0","2015","3","N",1,0,0,0,0,0,0,0,"N",0.38,0,0,0,0,0,0,0,"N",0,0.0,0,0,0,0,0,0,0,0,0,0,0,0,0,0
"48367","5","518210","78","0","2015","3","N",3,0,0,0,0,0,0,0,"N",0.63,0,0,0,0,0,0,0,"N",0,0.0,0,0,0,0,0,0,0,0,0,0,0,0,0,0
"48375","5","518210","78","0","2015","3","N",9,0,0,0,0,0,0,0,"N",1.20,0,0,0,0,0,0,0,"N",0,0.0,0,0,0,0,0,0,0,0,0,0,0,0,0,0
"48395","5","518210","78","0","2015","3","-",0,0,0,0,0,0,0,0,"N",0.00,0,0,0,0,0,0,0,"N",-1,-100.0,0,0,0,0,0,0,0,0,0,0,0,0,0,0
"48397","5","518210","78","0","2015","3","N",1,0,0,0,0,0,0,0,"N",0.24,0,0,0,0,0,0,0,"N",-1,-50.0,0,0,0,0,0,0,0,0,0,0,0,0,0,0
"48421","5","518210","78","0","2015","3","-",0,0,0,0,0,0,0,0,"N",0.00,0,0,0,0,0,0,0,"N",-1,-100.0,0,0,0,0,0,0,0,0,0,0,0,0,0,0
"48423","5","518210","78","0","2015","3","",6,12,12,14,173204,12522,304,1052,"",0.52,0.05,0.06,0.07,0.04,0.06,0.07,0.70,"",0,0.0,-7,-36.8,-7,-36.8,-5,-26.3,-50125,-22.4,-15356,-55.1,-37,-10.9,148,16.4
"48439","5","518210","78","0","2015","3","",63,1521,1513,1513,28568327,1464450,66499,1450,"",0.81,0.84,0.84,0.85,0.68,0.82,1.67,0.80,"",5,8.6,243,19.0,197,15.0,215,16.6,5682864,24.8,-25460,-1.7,-29955,-31.1,93,6.9
"48441","5","518210","78","0","2015","3","",5,260,258,272,2666019,305152,4066,779,"",0.73,2.01,2.01,2.13,1.15,2.48,1.84,0.56,"N",1,25.0,0,0,0,0,0,0,0,0,0,0,0,0,0,0
"48451","5","518210","78","0","2015","3","N",1,0,0,0,0,0,0,0,"N",0.18,0,0,0,0,0,0,0,"N",0,0.0,0,0,0,0,0,0,0,0,0,0,0,0,0,0
"48453","5","518210","78","0","2015","3","",116,4033,4066,4103,102155682,4805899,149251,1932,"",1.64,2.73,2.76,2.80,2.56,3.18,4.22,0.93,"",1,0.9,1284,46.7,1276,45.7,1271,44.9,40764281,66.4,1285811,36.5,54586,57.7,240,14.2
"48465","5","518210","78","0","2015","3","N",1,0,0,0,0,0,0,0,"N",0.58,0,0,0,0,0,0,0,"N",-1,-50.0,0,0,0,0,0,0,0,0,0,0,0,0,0,0
"48467","5","518210","78","0","2015","3","N",1,0,0,0,0,0,0,0,"N",0.56,0,0,0,0,0,0,0,"N",0,0.0,0,0,0,0,0,0,0,0,0,0,0,0,0,0
"48469","5","518210","78","0","2015","3","N",2,0,0,0,0,0,0,0,"N",0.42,0,0,0,0,0,0,0,"N",0,0.0,0,0,0,0,0,0,0,0,0,0,0,0,0,0
"48477","5","518210","78","0","2015","3","-",0,0,0,0,0,0,0,0,"N",0.00,0,0,0,0,0,0,0,"N",-1,-100.0,0,0,0,0,0,0,0,0,0,0,0,0,0,0
"48479","5","518210","78","0","2015","3","N",1,0,0,0,0,0,0,0,"N",0.10,0,0,0,0,0,0,0,"N",0,0.0,0,0,0,0,0,0,0,0,0,0,0,0,0,0
"48481","5","518210","78","0","2015","3","N",1,0,0,0,0,0,0,0,"N",0.46,0,0,0,0,0,0,0,"N",0,0.0,0,0,0,0,0,0,0,0,0,0,0,0,0,0
"48485","5","518210","78","0","2015","3","",3,14,13,16,203625,40175,2012,1093,"",0.50,0.12,0.11,0.14,0.10,0.41,1.10,0.82,"N",1,50.0,0,0,0,0,0,0,0,0,0,0,0,0,0,0
"48491","5","518210","78","0","2015","3","",20,229,234,237,3666886,301007,13837,1209,"",1.11,0.70,0.72,0.74,0.50,0.90,1.98,0.69,"",-4,-16.7,-18,-7.3,-17,-6.8,-17,-6.7,-671656,-15.5,-288951,-49.0,-3130,-18.4,-122,-9.2
"48999","5","518210","78","0","2015","3","",173,1275,1294,1345,39196697,1694487,58211,2311,"",3.66,2.66,2.68,2.80,2.23,2.43,2.28,0.82,"",25,16.9,377,42.0,370,40.0,405,43.1,12988334,49.6,770821,83.5,30465,109.8,121,5.5
"49000","5","518210","58","0","2015","3","",275,5518,5552,5498,79770113,30827562,242389,1111,"",1.56,1.92,1.93,1.92,1.38,2.77,2.15,0.72,"",19,7.4,-417,-7.0,-356,-6.0,-331,-5.7,3301307,4.3,1294865,4.4,-38163,-13.6,112,11.2
"49005","5","518210","78","0","2015","3","N",8,0,0,0,0,0,0,0,"N",1.22,0,0,0,0,0,0,0,"N",3,60.0,0,0,0,0,0,0,0,0,0,0,0,0,0,0
"49007","5","518210","78","0","2015","3","N",1,0,0,0,0,0,0,0,"N",0.85,0,0,0,0,0,0,0,"N",1,100.0,0,0,0,0,0,0,0,0,0,0,0,0,0,0
"49011","5","518210","78","0","2015","3","",16,130,131,118,1507691,687124,7799,918,"",1.07,0.51,0.51,0.46,0.31,0.75,0.83,0.63,"",-1,-5.9,-48,-27.0,-49,-27.2,-54,-31.4,-431213,-22.2,-189219,-21.6,-6883,-46.9,74,8.8
"49015","5","518210","78","0","2015","3","N",1,0,0,0,0,0,0,0,"N",2.17,0,0,0,0,0,0,0,"N",1,100.0,0,0,0,0,0,0,0,0,0,0,0,0,0,0
"49035","5","518210","78","0","2015","3","",174,2945,2968,2916,44916624,14276083,117789,1174,"",2.19,2.12,2.14,2.12,1.44,2.59,2.11,0.68,"",3,1.8,-743,-20.1,-674,-18.5,-652,-18.3,-1215084,-2.6,-3410091,-19.3,-78235,-39.9,197,20.2
"49037","5","518210","78","0","2015","3","N",1,0,0,0,0,0,0,0,"N",1.54,0,0,0,0,0,0,0,"N",1,100.0,0,0,0,0,0,0,0,0,0,0,0,0,0,0
"49043","5","518210","78","0","2015","3","",5,34,37,38,648028,206534,1998,1372,"",0.99,0.65,0.71,0.75,0.66,0.89,0.72,0.94,"",1,25.0,3,9.7,7,23.3,9,31.0,137285,26.9,87613,73.7,448,28.9,62,4.7
"49049","5","518210","78","0","2015","3","",55,2131,2133,2153,29464603,14304672,105302,1060,"",2.00,4.79,4.74,4.79,3.55,8.19,6.72,0.74,"",9,19.6,322,17.8,302,16.5,319,17.4,4536343,18.2,4559713,46.8,44339,72.7,9,0.9
"49051","5","518210","78","0","2015","3","N",1,0,0,0,0,0,0,0,"N",0.56,0,0,0,0,0,0,0,"N",0,0.0,0,0,0,0,0,0,0,0,0,0,0,0,0,0
"49053","5","518210","78","0","2015","3","",8,103,103,107,1427568,452888,3777,1053,"",0.83,0.86,0.85,0.88,0.79,0.96,0.81,0.91,"",1,14.3,33,47.1,32,45.1,27,33.8,231428,19.3,170702,60.5,1675,79.7,-196,-15.7
"49055","5","518210","78","0","2015","3","N",1,0,0,0,0,0,0,0,"N",4.18,0,0,0,0,0,0,0,"N",0,0.0,0,0,0,0,0,0,0,0,0,0,0,0,0,0
"49057","5","518210","78","0","2015","3","N",4,0,0,0,0,0,0,0,"N",0.37,0,0,0,0,0,0,0,"N",1,33.3,0,0,0,0,0,0,0,0,0,0,0,0,0,0
"50000","5","518210","58","0","2015","3","",38,211,213,218,3224581,248616,7457,1159,"",0.82,0.32,0.33,0.33,0.25,0.22,0.16,0.75,"",1,2.7,-14,-6.2,-16,-7.0,-13,-5.6,-6411,-0.2,-25685,-9.4,-4104,-35.5,71,6.5
"50001","5","518210","78","0","2015","3","N",3,0,0,0,0,0,0,0,"N",1.17,0,0,0,0,0,0,0,"N",0,0.0,0,0,0,0,0,0,0,0,0,0,0,0,0,0
"50003","5","518210","78","0","2015","3","N",2,0,0,0,0,0,0,0,"N",0.70,0,0,0,0,0,0,0,"N",0,0.0,0,0,0,0,0,0,0,0,0,0,0,0,0,0
"50007","5","518210","78","0","2015","3","",12,110,112,116,1478845,109331,2537,1010,"",0.97,0.50,0.52,0.54,0.30,0.27,0.19,0.58,"",3,33.3,-27,-19.7,-24,-17.6,-23,-16.5,-73477,-4.7,-28400,-20.6,-2729,-51.8,141,16.2
"50011","5","518210","78","0","2015","3","",4,15,14,13,272691,974,12,1498,"",1.75,0.41,0.37,0.34,0.37,0.02,0.00,0.97,"N",1,33.3,0,0,0,0,0,0,0,0,0,0,0,0,0,0
"50015","5","518210","78","0","2015","3","N",2,0,0,0,0,0,0,0,"N",0.98,0,0,0,0,0,0,0,"N",0,0.0,0,0,0,0,0,0,0,0,0,0,0,0,0,0
"50017","5","518210","78","0","2015","3","N",1,0,0,0,0,0,0,0,"N",0.62,0,0,0,0,0,0,0,"N",-2,-66.7,0,0,0,0,0,0,0,0,0,0,0,0,0,0
"50019","5","518210","78","0","2015","3","N",2,0,0,0,0,0,0,0,"N",1.15,0,0,0,0,0,0,0,"N",0,0.0,0,0,0,0,0,0,0,0,0,0,0,0,0,0
"50021","5","518210","78","0","2015","3","",4,7,7,7,56438,10555,355,620,"",0.90,0.12,0.12,0.12,0.05,0.10,0.08,0.44,"N",0,0.0,0,0,0,0,0,0,0,0,0,0,0,0,0,0
"50023","5","518210","78","0","2015","3","",3,6,6,6,82994,8341,107,1064,"",0.62,0.09,0.09,0.09,0.06,0.08,0.03,0.65,"",0,0.0,2,50.0,1,20.0,1,20.0,22613,37.5,-7569,-47.6,-60,-35.9,69,6.9
"50025","5","518210","78","0","2015","3","N",2,0,0,0,0,0,0,0,"N",0.56,0,0,0,0,0,0,0,"N",-1,-33.3,0,0,0,0,0,0,0,0,0,0,0,0,0,0
"50027","5","518210","78","0","2015","3","N",1,0,0,0,0,0,0,0,"N",0.23,0,0,0,0,0,0,0,"N",0,0.0,0,0,0,0,0,0,0,0,0,0,0,0,0,0
"50999","5","518210","78","0","2015","3","N",2,0,0,0,0,0,0,0,"N",1.53,0,0,0,0,0,0,0,"N",0,0.0,0,0,0,0,0,0,0,0,0,0,0,0,0,0
"51000","2","518210","58","0","2015","3","N",24,0,0,0,0,0,0,0,"N",25.34,0,0,0,0,0,0,0,"N",-3,-11.1,0,0,0,0,0,0,0,0,0,0,0,0,0,0
"51000","3","518210","58","0","2015","3","N",3,0,0,0,0,0,0,0,"N",1.10,0,0,0,0,0,0,0,"N",0,0.0,0,0,0,0,0,0,0,0,0,0,0,0,0,0
"51000","5","518210","58","0","2015","3","",658,12469,12360,12286,314462898,8720499,234417,1955,"",1.35,1.54,1.54,1.54,1.60,1.31,1.51,1.04,"",74,12.7,1202,10.7,1038,9.2,1069,9.5,43618806,16.1,899422,11.5,-6314,-2.6,106,5.7
"51001","2","518210","78","0","2015","3","N",1,0,0,0,0,0,0,0,"N",245.88,0,0,0,0,0,0,0,"N",0,0.0,0,0,0,0,0,0,0,0,0,0,0,0,0,0
"51001","5","518210","78","0","2015","3","N",1,0,0,0,0,0,0,0,"N",0.48,0,0,0,0,0,0,0,"N",1,100.0,0,0,0,0,0,0,0,0,0,0,0,0,0,0
"51003","5","518210","78","0","2015","3","",5,85,85,85,1744931,40100,1191,1579,"",0.77,0.77,0.78,0.75,0.65,0.56,0.90,0.84,"N",0,0.0,0,0,0,0,0,0,0,0,0,0,0,0,0,0
"51009","2","518210","78","0","2015","3","N",1,0,0,0,0,0,0,0,"N",372.68,0,0,0,0,0,0,0,"N",0,0.0,0,0,0,0,0,0,0,0,0,0,0,0,0,0
"51009","5","518210","78","0","2015","3","N",2,0,0,0,0,0,0,0,"N",1.45,0,0,0,0,0,0,0,"N",0,0.0,0,0,0,0,0,0,0,0,0,0,0,0,0,0
"51011","2","518210","78","0","2015","3","N",1,0,0,0,0,0,0,0,"N",635.30,0,0,0,0,0,0,0,"N",0,0.0,0,0,0,0,0,0,0,0,0,0,0,0,0,0
"51013","3","518210","78","0","2015","3","N",2,0,0,0,0,0,0,0,"N",20.13,0,0,0,0,0,0,0,"N",0,0.0,0,0,0,0,0,0,0,0,0,0,0,0,0,0
"51013","5","518210","78","0","2015","3","",41,682,685,684,19929407,756753,22658,2242,"",2.31,1.84,1.86,1.88,1.41,2.84,3.86,0.76,"",9,28.1,120,21.4,132,23.9,123,21.9,3857364,24.0,272796,56.4,3690,19.5,29,1.3
"51015","2","518210","78","0","2015","3","N",1,0,0,0,0,0,0,0,"N",155.83,0,0,0,0,0,0,0,"N",0,0.0,0,0,0,0,0,0,0,0,0,0,0,0,0,0
"51015","5","518210","78","0","2015","3","N",3,0,0,0,0,0,0,0,"N",0.91,0,0,0,0,0,0,0,"N",1,50.0,0,0,0,0,0,0,0,0,0,0,0,0,0,0
"51019","5","518210","78","0","2015","3","N",6,0,0,0,0,0,0,0,"N",1.48,0,0,0,0,0,0,0,"N",-2,-25.0,0,0,0,0,0,0,0,0,0,0,0,0,0,0
"51023","5","518210","78","0","2015","3","N",2,0,0,0,0,0,0,0,"N",1.25,0,0,0,0,0,0,0,"N",1,100.0,0,0,0,0,0,0,0,0,0,0,0,0,0,0
"51041","2","518210","78","0","2015","3","N",1,0,0,0,0,0,0,0,"N",31.60,0,0,0,0,0,0,0,"N",0,0.0,0,0,0,0,0,0,0,0,0,0,0,0,0,0
"51041","5","518210","78","0","2015","3","",15,236,228,212,3309308,147012,3948,1130,"",0.92,0.83,0.81,0.76,0.58,0.58,0.66,0.73,"",1,7.1,-30,-11.3,-41,-15.2,-55,-20.6,166615,5.3,16650,12.8,726,22.5,226,25.0
"51043","5","518210","78","0","2015","3","N",1,0,0,0,0,0,0,0,"N",1.18,0,0,0,0,0,0,0,"N",0,0.0,0,0,0,0,0,0,0,0,0,0,0,0,0,0
"51047","2","518210","78","0","2015","3","N",1,0,0,0,0,0,0,0,"N",200.57,0,0,0,0,0,0,0,"N",0,0.0,0,0,0,0,0,0,0,0,0,0,0,0,0,0
"51047","5","518210","78","0","2015","3","N",4,0,0,0,0,0,0,0,"N",1.56,0,0,0,0,0,0,0,"N",0,0.0,0,0,0,0,0,0,0,0,0,0,0,0,0,0
"51059","5","518210","78","0","2015","3","",203,5612,5547,5493,166461744,4153310,110938,2307,"",2.89,4.42,4.48,4.41,3.76,3.94,4.53,0.85,"",26,14.7,356,6.8,273,5.2,258,4.9,17497696,11.7,-138420,-3.2,-22449,-16.8,126,5.8
"51061","5","518210","78","0","2015","3","N",1,0,0,0,0,0,0,0,"N",0.22,0,0,0,0,0,0,0,"N",-1,-50.0,0,0,0,0,0,0,0,0,0,0,0,0,0,0
"51065","5","518210","78","0","2015","3","N",1,0,0,0,0,0,0,0,"N",0.96,0,0,0,0,0,0,0,"N",0,0.0,0,0,0,0,0,0,0,0,0,0,0,0,0,0
"51069","5","518210","78","0","2015","3","N",4,0,0,0,0,0,0,0,"N",1.15,0,0,0,0,0,0,0,"N",1,33.3,0,0,0,0,0,0,0,0,0,0,0,0,0,0
"51071","5","518210","78","0","2015","3","N",1,0,0,0,0,0,0,0,"N",1.40,0,0,0,0,0,0,0,"N",0,0.0,0,0,0,0,0,0,0,0,0,0,0,0,0,0
"51075","2","518210","78","0","2015","3","N",1,0,0,0,0,0,0,0,"N",326.77,0,0,0,0,0,0,0,"N",0,0.0,0,0,0,0,0,0,0,0,0,0,0,0,0,0
"51075","5","518210","78","0","2015","3","N",3,0,0,0,0,0,0,0,"N",1.90,0,0,0,0,0,0,0,"N",1,50.0,0,0,0,0,0,0,0,0,0,0,0,0,0,0
"51079","5","518210","78","0","2015","3","N",1,0,0,0,0,0,0,0,"N",1.12,0,0,0,0,0,0,0,"N",0,0.0,0,0,0,0,0,0,0,0,0,0,0,0,0,0
"51081","2","518210","78","0","2015","3","N",1,0,0,0,0,0,0,0,"N",1247.39,0,0,0,0,0,0,0,"N",0,0.0,0,0,0,0,0,0,0,0,0,0,0,0,0,0
"51083","5","518210","78","0","2015","3","N",1,0,0,0,0,0,0,0,"N",0.51,0,0,0,0,0,0,0,"N",0,0.0,0,0,0,0,0,0,0,0,0,0,0,0,0,0
"51085","2","518210","78","0","2015","3","N",1,0,0,0,0,0,0,0,"N",73.42,0,0,0,0,0,0,0,"N",0,0.0,0,0,0,0,0,0,0,0,0,0,0,0,0,0
"51085","5","518210","78","0","2015","3","",10,46,46,45,584818,20312,260,985,"",1.43,0.42,0.42,0.42,0.29,0.19,0.10,0.69,"",1,11.1,-5,-9.8,-4,-8.0,-4,-8.2,-776,-0.1,-32488,-61.5,-361,-58.1,84,9.3
"51087","2","518210","78","0","2015","3","N",1,0,0,0,0,0,0,0,"N",24.36,0,0,0,0,0,0,0,"N",0,0.0,0,0,0,0,0,0,0,0,0,0,0,0,0,0
"51087","5","518210","78","0","2015","3","",29,133,132,134,2386978,93737,1003,1381,"",1.37,0.33,0.33,0.34,0.26,0.27,0.11,0.79,"",-1,-3.3,-7,-5.0,-8,-5.7,-5,-3.6,197815,9.0,14452,18.2,-732,-42.2,175,14.5
"51089","5","518210","78","0","2015","3","N",1,0,0,0,0,0,0,0,"N",0.33,0,0,0,0,0,0,0,"N",0,0.0,0,0,0,0,0,0,0,0,0,0,0,0,0,0
"51093","2","518210","78","0","2015","3","N",1,0,0,0,0,0,0,0,"N",361.35,0,0,0,0,0,0,0,"N",0,0.0,0,0,0,0,0,0,0,0,0,0,0,0,0,0
"51093","5","518210","78","0","2015","3","-",0,0,0,0,0,0,0,0,"N",0.00,0,0,0,0,0,0,0,"N",-1,-100.0,0,0,0,0,0,0,0,0,0,0,0,0,0,0
"51095","5","518210","78","0","2015","3","N",2,0,0,0,0,0,0,0,"N",0.56,0,0,0,0,0,0,0,"N",0,0.0,0,0,0,0,0,0,0,0,0,0,0,0,0,0
"51097","2","518210","78","0","2015","3","N",1,0,0,0,0,0,0,0,"N",1635.80,0,0,0,0,0,0,0,"N",0,0.0,0,0,0,0,0,0,0,0,0,0,0,0,0,0
"51099","5","518210","78","0","2015","3","N",1,0,0,0,0,0,0,0,"N",0.85,0,0,0,0,0,0,0,"N",0,0.0,0,0,0,0,0,0,0,0,0,0,0,0,0,0
"51107","2","518210","78","0","2015","3","N",1,0,0,0,0,0,0,0,"N",23.38,0,0,0,0,0,0,0,"N",0,0.0,0,0,0,0,0,0,0,0,0,0,0,0,0,0
"51107","5","518210","78","0","2015","3","",75,2117,2106,2113,61376344,1417350,34541,2235,"",3.41,6.24,6.24,6.39,6.72,4.81,5.70,1.07,"",12,19.0,544,34.6,517,32.5,562,36.2,16433924,36.6,529215,59.6,7446,27.5,34,1.5
"51109","5","518210","78","0","2015","3","-",0,0,0,0,0,0,0,0,"N",0.00,0,0,0,0,0,0,0,"N",0,0,0,0,0,0,0,0,0,0,0,0,0,0,0,0
"51117","5","518210","78","0","2015","3","N",2,0,0,0,0,0,0,0,"N",1.00,0,0,0,0,0,0,0,"N",-1,-33.3,0,0,0,0,0,0,0,0,0,0,0,0,0,0
"51121","5","518210","78","0","2015","3","N",7,0,0,0,0,0,0,0,"N",1.64,0,0,0,0,0,0,0,"N",4,133.3,0,0,0,0,0,0,0,0,0,0,0,0,0,0
"51137","5","518210","78","0","2015","3","N",1,0,0,0,0,0,0,0,"N",0.60,0,0,0,0,0,0,0,"N",1,100.0,0,0,0,0,0,0,0,0,0,0,0,0,0,0
"51139","5","518210","78","0","2015","3","N",1,0,0,0,0,0,0,0,"N",0.94,0,0,0,0,0,0,0,"N",0,0.0,0,0,0,0,0,0,0,0,0,0,0,0,0,0
"51141","5","518210","78","0","2015","3","N",1,0,0,0,0,0,0,0,"N",1.14,0,0,0,0,0,0,0,"N",0,0.0,0,0,0,0,0,0,0,0,0,0,0,0,0,0
"51143","5","518210","78","0","2015","3","N",1,0,0,0,0,0,0,0,"N",0.41,0,0,0,0,0,0,0,"N",0,0.0,0,0,0,0,0,0,0,0,0,0,0,0,0,0
"51145","5","518210","78","0","2015","3","N",1,0,0,0,0,0,0,0,"N",0.69,0,0,0,0,0,0,0,"N",-1,-50.0,0,0,0,0,0,0,0,0,0,0,0,0,0,0
"51149","5","518210","78","0","2015","3","N",1,0,0,0,0,0,0,0,"N",0.89,0,0,0,0,0,0,0,"N",0,0.0,0,0,0,0,0,0,0,0,0,0,0,0,0,0
"51153","5","518210","78","0","2015","3","",27,392,386,385,7519971,278486,8896,1492,"",1.58,1.46,1.46,1.47,1.36,1.18,1.88,0.93,"",6,28.6,42,12.0,31,8.7,24,6.6,1167133,18.4,111620,66.9,2859,47.4,117,8.5
"51161","2","518210","78","0","2015","3","N",1,0,0,0,0,0,0,0,"N",111.05,0,0,0,0,0,0,0,"N",0,0.0,0,0,0,0,0,0,0,0,0,0,0,0,0,0
"51161","5","518210","78","0","2015","3","N",2,0,0,0,0,0,0,0,"N",0.43,0,0,0,0,0,0,0,"N",0,0.0,0,0,0,0,0,0,0,0,0,0,0,0,0,0
"51169","2","518210","78","0","2015","3","N",1,0,0,0,0,0,0,0,"N",619.45,0,0,0,0,0,0,0,"N",0,0.0,0,0,0,0,0,0,0,0,0,0,0,0,0,0
"51169","5","518210","78","0","2015","3","N",1,0,0,0,0,0,0,0,"N",1.20,0,0,0,0,0,0,0,"N",0,0.0,0,0,0,0,0,0,0,0,0,0,0,0,0,0
"51171","5","518210","78","0","2015","3","N",1,0,0,0,0,0,0,0,"N",0.47,0,0,0,0,0,0,0,"N",-1,-50.0,0,0,0,0,0,0,0,0,0,0,0,0,0,0
"51177","5","518210","78","0","2015","3","N",4,0,0,0,0,0,0,0,"N",0.73,0,0,0,0,0,0,0,"N",0,0.0,0,0,0,0,0,0,0,0,0,0,0,0,0,0
"51179","5","518210","78","0","2015","3","",6,5,5,6,107291,6191,243,1547,"",1.22,0.05,0.06,0.07,0.05,0.09,0.19,0.89,"",2,50.0,1,25.0,1,25.0,2,50.0,26966,33.6,4391,243.9,124,104.2,2,0.1
"51185","5","518210","78","0","2015","3","N",3,0,0,0,0,0,0,0,"N",1.37,0,0,0,0,0,0,0,"N",1,50.0,0,0,0,0,0,0,0,0,0,0,0,0,0,0
"51187","5","518210","78","0","2015","3","N",3,0,0,0,0,0,0,0,"N",1.50,0,0,0,0,0,0,0,"N",1,50.0,0,0,0,0,0,0,0,0,0,0,0,0,0,0
"51195","2","518210","78","0","2015","3","N",1,0,0,0,0,0,0,0,"N",275.94,0,0,0,0,0,0,0,"N",0,0.0,0,0,0,0,0,0,0,0,0,0,0,0,0,0
"51199","5","518210","78","0","2015","3","N",4,0,0,0,0,0,0,0,"N",1.37,0,0,0,0,0,0,0,"N",0,0.0,0,0,0,0,0,0,0,0,0,0,0,0,0,0
"51510","2","518210","78","0","2015","3","N",1,0,0,0,0,0,0,0,"N",40.72,0,0,0,0,0,0,0,"N",0,0.0,0,0,0,0,0,0,0,0,0,0,0,0,0,0
"51510","5","518210","78","0","2015","3","",19,263,256,262,6209911,210167,2658,1835,"",1.50,1.25,1.23,1.28,0.90,1.34,0.72,0.72,"",5,35.7,60,29.6,51,24.9,55,26.6,2066016,49.9,67705,47.5,692,35.2,280,18.0
"51520","2","518210","78","0","2015","3","N",1,0,0,0,0,0,0,0,"N",414.53,0,0,0,0,0,0,0,"N",0,0.0,0,0,0,0,0,0,0,0,0,0,0,0,0,0
"51540","5","518210","78","0","2015","3","N",6,0,0,0,0,0,0,0,"N",1.27,0,0,0,0,0,0,0,"N",1,20.0,0,0,0,0,0,0,0,0,0,0,0,0,0,0
"51550","5","518210","78","0","2015","3","N",6,0,0,0,0,0,0,0,"N",0.53,0,0,0,0,0,0,0,"N",-3,-33.3,0,0,0,0,0,0,0,0,0,0,0,0,0,0
"51590","5","518210","78","0","2015","3","N",1,0,0,0,0,0,0,0,"N",0.32,0,0,0,0,0,0,0,"N",0,0.0,0,0,0,0,0,0,0,0,0,0,0,0,0,0
"51600","2","518210","78","0","2015","3","N",1,0,0,0,0,0,0,0,"N",153.47,0,0,0,0,0,0,0,"N",0,0.0,0,0,0,0,0,0,0,0,0,0,0,0,0,0
"51600","5","518210","78","0","2015","3","N",2,0,0,0,0,0,0,0,"N",0.60,0,0,0,0,0,0,0,"N",1,100.0,0,0,0,0,0,0,0,0,0,0,0,0,0,0
"51610","5","518210","78","0","2015","3","",3,7,8,8,76600,9553,625,769,"",1.51,0.28,0.32,0.33,0.10,0.50,1.85,0.34,"N",1,50.0,0,0,0,0,0,0,0,0,0,0,0,0,0,0
"51630","2","518210","78","0","2015","3","N",1,0,0,0,0,0,0,0,"N",161.64,0,0,0,0,0,0,0,"N",0,0.0,0,0,0,0,0,0,0,0,0,0,0,0,0,0
"51630","5","518210","78","0","2015","3","N",3,0,0,0,0,0,0,0,"N",0.94,0,0,0,0,0,0,0,"N",0,0.0,0,0,0,0,0,0,0,0,0,0,0,0,0,0
"51650","5","518210","78","0","2015","3","",5,39,42,42,522951,29704,1387,981,"",0.94,0.34,0.37,0.37,0.22,0.36,0.69,0.61,"",1,25.0,-2,-4.9,-2,-4.5,-4,-8.7,41464,8.6,-4236,-12.5,455,48.8,133,15.7
"51680","5","518210","78","0","2015","3","N",3,0,0,0,0,0,0,0,"N",0.61,0,0,0,0,0,0,0,"N",0,0.0,0,0,0,0,0,0,0,0,0,0,0,0,0,0
"51683","2","518210","78","0","2015","3","N",1,0,0,0,0,0,0,0,"N",170.10,0,0,0,0,0,0,0,"N",0,0.0,0,0,0,0,0,0,0,0,0,0,0,0,0,0
"51683","5","518210","78","0","2015","3","N",2,0,0,0,0,0,0,0,"N",0.66,0,0,0,0,0,0,0,"N",1,100.0,0,0,0,0,0,0,0,0,0,0,0,0,0,0
"51685","5","518210","78","0","2015","3","N",2,0,0,0,0,0,0,0,"N",3.76,0,0,0,0,0,0,0,"N",0,0.0,0,0,0,0,0,0,0,0,0,0,0,0,0,0
"51690","5","518210","78","0","2015","3","N",2,0,0,0,0,0,0,0,"N",1.03,0,0,0,0,0,0,0,"N",-1,-33.3,0,0,0,0,0,0,0,0,0,0,0,0,0,0
"51700","5","518210","78","0","2015","3","N",1,0,0,0,0,0,0,0,"N",0.14,0,0,0,0,0,0,0,"N",-1,-50.0,0,0,0,0,0,0,0,0,0,0,0,0,0,0
"51710","5","518210","78","0","2015","3","",13,516,508,505,7605293,114977,1967,1148,"",1.18,1.71,1.70,1.70,1.05,0.60,0.40,0.62,"N",4,44.4,0,0,0,0,0,0,0,0,0,0,0,0,0,0
"51740","5","518210","78","0","2015","3","N",2,0,0,0,0,0,0,0,"N",0.55,0,0,0,0,0,0,0,"N",0,0.0,0,0,0,0,0,0,0,0,0,0,0,0,0,0
"51760","2","518210","78","0","2015","3","N",1,0,0,0,0,0,0,0,"N",36.28,0,0,0,0,0,0,0,"N",0,0.0,0,0,0,0,0,0,0,0,0,0,0,0,0,0
"51760","3","518210","78","0","2015","3","N",1,0,0,0,0,0,0,0,"N",12.57,0,0,0,0,0,0,0,"N",0,0.0,0,0,0,0,0,0,0,0,0,0,0,0,0,0
"51760","5","518210","78","0","2015","3","",18,109,107,112,1774558,101162,3307,1249,"",1.27,0.34,0.33,0.35,0.21,0.50,0.64,0.62,"",1,5.9,12,12.4,6,5.9,14,14.3,5992,0.3,-5759,-5.4,-66,-2.0,-130,-9.4
"51770","2","518210","78","0","2015","3","N",1,0,0,0,0,0,0,0,"N",83.41,0,0,0,0,0,0,0,"N",0,0.0,0,0,0,0,0,0,0,0,0,0,0,0,0,0
"51770","5","518210","78","0","2015","3","",5,4,4,5,91517,0,0,1625,"",0.81,0.03,0.03,0.04,0.03,0.00,0.00,1.04,"",1,25.0,-3,-42.9,-5,-55.6,-4,-44.4,-37880,-29.3,-12700,-100.0,-66,-100.0,431,36.1
"51775","5","518210","78","0","2015","3","N",1,0,0,0,0,0,0,0,"N",0.50,0,0,0,0,0,0,0,"N",0,0.0,0,0,0,0,0,0,0,0,0,0,0,0,0,0
"51790","5","518210","78","0","2015","3","N",1,0,0,0,0,0,0,0,"N",0.61,0,0,0,0,0,0,0,"N",0,0.0,0,0,0,0,0,0,0,0,0,0,0,0,0,0
"51800","5","518210","78","0","2015","3","N",1,0,0,0,0,0,0,0,"N",0.30,0,0,0,0,0,0,0,"N",1,100.0,0,0,0,0,0,0,0,0,0,0,0,0,0,0
"51810","2","518210","78","0","2015","3","N",1,0,0,0,0,0,0,0,"N",22.89,0,0,0,0,0,0,0,"N",0,0.0,0,0,0,0,0,0,0,0,0,0,0,0,0,0
"51810","5","518210","78","0","2015","3","",22,479,477,472,5486237,424197,14356,887,"",0.98,1.25,1.26,1.28,0.79,1.18,1.84,0.62,"",3,15.8,87,22.2,74,18.4,80,20.4,836138,18.0,71584,20.3,5349,59.4,-17,-1.9
"51840","5","518210","78","0","2015","3","N",1,0,0,0,0,0,0,0,"N",0.36,0,0,0,0,0,0,0,"N",1,100.0,0,0,0,0,0,0,0,0,0,0,0,0,0,0
"51999","5","518210","78","0","2015","3","",60,293,288,296,7342266,233379,5861,1932,"",1.84,1.52,1.49,1.56,1.07,0.93,0.79,0.70,"",-2,-3.2,21,7.7,-5,-1.7,0,0.0,390849,5.6,-133438,-36.4,-5257,-47.3,69,3.7
"53000","2","518210","58","0","2015","3","N",1,0,0,0,0,0,0,0,"N",1.14,0,0,0,0,0,0,0,"N",0,0.0,0,0,0,0,0,0,0,0,0,0,0,0,0,0
"53000","5","518210","58","0","2015","3","",498,7491,7553,7561,170081623,49645523,656946,1736,"",1.11,1.09,1.11,1.12,0.93,1.49,1.21,0.84,"",119,31.4,2102,39.0,2155,39.9,2083,38.0,62759954,58.5,13380979,36.9,134119,25.7,213,14.0
"53005","5","518210","78","0","2015","3","N",2,0,0,0,0,0,0,0,"N",0.19,0,0,0,0,0,0,0,"N",1,100.0,0,0,0,0,0,0,0,0,0,0,0,0,0,0
"53007","5","518210","78","0","2015","3","N",3,0,0,0,0,0,0,0,"N",0.46,0,0,0,0,0,0,0,"N",2,200.0,0,0,0,0,0,0,0,0,0,0,0,0,0,0
"53009","5","518210","78","0","2015","3","N",2,0,0,0,0,0,0,0,"N",0.44,0,0,0,0,0,0,0,"N",2,100.0,0,0,0,0,0,0,0,0,0,0,0,0,0,0
"53011","5","518210","78","0","2015","3","",34,169,176,176,2874962,1232818,26120,1273,"",1.28,0.54,0.57,0.56,0.42,0.79,1.01,0.74,"",8,30.8,41,32.0,47,36.4,50,39.7,301800,11.7,448647,57.2,9275,55.1,-277,-17.9
"53015","5","518210","78","0","2015","3","N",2,0,0,0,0,0,0,0,"N",0.36,0,0,0,0,0,0,0,"N",0,0.0,0,0,0,0,0,0,0,0,0,0,0,0,0,0
"53017","5","518210","78","0","2015","3","N",2,0,0,0,0,0,0,0,"N",0.85,0,0,0,0,0,0,0,"N",0,0.0,0,0,0,0,0,0,0,0,0,0,0,0,0,0
"53021","5","518210","78","0","2015","3","N",1,0,0,0,0,0,0,0,"N",0.20,0,0,0,0,0,0,0,"N",0,0.0,0,0,0,0,0,0,0,0,0,0,0,0,0,0
"53025","5","518210","78","0","2015","3","N",4,0,0,0,0,0,0,0,"N",0.65,0,0,0,0,0,0,0,"N",1,33.3,0,0,0,0,0,0,0,0,0,0,0,0,0,0
"53029","5","518210","78","0","2015","3","N",2,0,0,0,0,0,0,0,"N",0.54,0,0,0,0,0,0,0,"N",-1,-33.3,0,0,0,0,0,0,0,0,0,0,0,0,0,0
"53031","5","518210","78","0","2015","3","N",2,0,0,0,0,0,0,0,"N",0.96,0,0,0,0,0,0,0,"N",2,100.0,0,0,0,0,0,0,0,0,0,0,0,0,0,0
"53033","5","518210","78","0","2015","3","",269,5490,5546,5552,127437455,36284959,489387,1773,"",1.66,1.98,2.01,2.03,1.31,2.54,2.29,0.65,"",68,33.8,1758,47.1,1804,48.2,1738,45.6,52520927,70.1,11818374,48.3,141041,40.5,241,15.7
"53035","5","518210","78","0","2015","3","N",14,0,0,0,0,0,0,0,"N",1.11,0,0,0,0,0,0,0,"N",2,16.7,0,0,0,0,0,0,0,0,0,0,0,0,0,0
"53037","5","518210","78","0","2015","3","N",1,0,0,0,0,0,0,0,"N",0.37,0,0,0,0,0,0,0,"N",1,100.0,0,0,0,0,0,0,0,0,0,0,0,0,0,0
"53041","5","518210","78","0","2015","3","",4,12,11,12,70216,56788,1092,463,"",0.87,0.23,0.21,0.23,0.07,0.23,0.23,0.33,"N",1,33.3,0,0,0,0,0,0,0,0,0,0,0,0,0,0
"53045","5","518210","78","0","2015","3","N",2,0,0,0,0,0,0,0,"N",0.81,0,0,0,0,0,0,0,"N",0,0.0,0,0,0,0,0,0,0,0,0,0,0,0,0,0
"53051","5","518210","78","0","2015","3","N",1,0,0,0,0,0,0,0,"N",1.33,0,0,0,0,0,0,0,"N",-1,-50.0,0,0,0,0,0,0,0,0,0,0,0,0,0,0
"53053","5","518210","78","0","2015","3","",23,180,180,180,2814151,1238099,12141,1203,"",0.56,0.29,0.29,0.29,0.21,0.43,0.24,0.72,"",0,0.0,19,11.8,19,11.8,16,9.8,206595,7.9,43195,3.6,-2108,-14.8,-35,-2.8
"53055","5","518210","78","0","2015","3","N",2,0,0,0,0,0,0,0,"N",1.07,0,0,0,0,0,0,0,"N",1,100.0,0,0,0,0,0,0,0,0,0,0,0,0,0,0
"53057","5","518210","78","0","2015","3","",5,23,23,26,374337,214958,1382,1200,"",0.66,0.21,0.22,0.25,0.18,0.41,0.14,0.79,"N",3,150.0,0,0,0,0,0,0,0,0,0,0,0,0,0,0
"53059","5","518210","78","0","2015","3","N",1,0,0,0,0,0,0,0,"N",1.97,0,0,0,0,0,0,0,"N",0,0.0,0,0,0,0,0,0,0,0,0,0,0,0,0,0
"53061","5","518210","78","0","2015","3","",36,318,313,308,4652179,2735503,28757,1143,"",0.93,0.53,0.53,0.52,0.31,0.96,0.67,0.59,"",9,33.3,56,21.4,40,14.7,37,13.7,1360327,41.3,516072,23.3,166,0.6,200,21.2
"53063","5","518210","78","0","2015","3","",28,215,216,218,2910011,1330180,16582,1035,"",0.95,0.48,0.48,0.49,0.32,0.62,0.45,0.66,"",4,16.7,16,8.0,38,21.3,40,22.5,435219,17.6,243232,22.4,-271,-1.6,6,0.6
"53065","5","518210","78","0","2015","3","N",1,0,0,0,0,0,0,0,"N",0.45,0,0,0,0,0,0,0,"N",0,0.0,0,0,0,0,0,0,0,0,0,0,0,0,0,0
"53067","2","518210","78","0","2015","3","N",1,0,0,0,0,0,0,0,"N",34.17,0,0,0,0,0,0,0,"N",0,0.0,0,0,0,0,0,0,0,0,0,0,0,0,0,0
"53067","5","518210","78","0","2015","3","",17,45,48,45,2392910,329405,4628,4002,"",1.13,0.20,0.21,0.20,0.47,0.39,0.33,2.34,"",7,70.0,18,66.7,18,60.0,15,50.0,578234,31.9,150645,84.3,2683,137.9,-811,-16.9
"53071","5","518210","78","0","2015","3","",3,16,15,16,129221,96727,950,634,"",0.74,0.27,0.26,0.28,0.12,0.38,0.28,0.44,"",0,0.0,0,0.0,-1,-6.2,-3,-15.8,8707,7.2,-11739,-10.8,-971,-50.5,89,16.3
"53073","5","518210","78","0","2015","3","",17,81,81,84,1128818,640001,11616,1059,"",1.26,0.42,0.44,0.47,0.31,0.72,0.75,0.71,"",4,30.8,12,17.4,9,12.5,10,13.5,154160,15.8,122681,23.7,1850,18.9,13,1.2
"53077","5","518210","78","0","2015","3","N",2,0,0,0,0,0,0,0,"N",0.14,0,0,0,0,0,0,0,"N",0,0.0,0,0,0,0,0,0,0,0,0,0,0,0,0,0
"53999","5","518210","78","0","2015","3","",18,259,259,258,7790290,1494479,17853,2317,"",5.08,7.15,7.08,7.22,4.65,6.31,3.82,0.65,"",5,38.5,1,0.4,6,2.4,8,3.2,1090225,16.3,-146733,-8.9,-6611,-27.0,285,14.0
"54000","2","518210","58","0","2015","3","N",1,0,0,0,0,0,0,0,"N",5.44,0,0,0,0,0,0,0,"N",0,0.0,0,0,0,0,0,0,0,0,0,0,0,0,0,0
"54000","5","518210","58","0","2015","3","",72,1059,1081,1097,15668124,1549185,49421,1117,"",0.76,0.74,0.74,0.74,0.56,0.83,0.85,0.76,"",11,18.0,170,19.1,211,24.3,221,25.2,3121062,24.9,624137,67.5,14747,42.5,18,1.6
"54003","5","518210","78","0","2015","3","",6,164,153,154,1549687,218363,6046,759,"",1.65,2.56,2.39,2.25,1.31,2.60,2.53,0.55,"N",2,50.0,0,0,0,0,0,0,0,0,0,0,0,0,0,0
"54009","5","518210","78","0","2015","3","N",1,0,0,0,0,0,0,0,"N",1.09,0,0,0,0,0,0,0,"N",0,0.0,0,0,0,0,0,0,0,0,0,0,0,0,0,0
"54011","5","518210","78","0","2015","3","",5,18,19,24,185931,44036,892,703,"",0.95,0.17,0.17,0.22,0.09,0.33,0.24,0.50,"",1,25.0,0,0.0,1,5.6,6,33.3,18060,10.8,23274,112.1,507,131.7,-14,-2.0
"54025","5","518210","78","0","2015","3","N",1,0,0,0,0,0,0,0,"N",0.48,0,0,0,0,0,0,0,"N",1,100.0,0,0,0,0,0,0,0,0,0,0,0,0,0,0
"54029","5","518210","78","0","2015","3","N",1,0,0,0,0,0,0,0,"N",0.80,0,0,0,0,0,0,0,"N",0,0.0,0,0,0,0,0,0,0,0,0,0,0,0,0,0
"54033","5","518210","78","0","2015","3","N",1,0,0,0,0,0,0,0,"N",0.25,0,0,0,0,0,0,0,"N",0,0.0,0,0,0,0,0,0,0,0,0,0,0,0,0,0
"54037","5","518210","78","0","2015","3","N",1,0,0,0,0,0,0,0,"N",0.49,0,0,0,0,0,0,0,"N",1,100.0,0,0,0,0,0,0,0,0,0,0,0,0,0,0
"54039","5","518210","78","0","2015","3","",7,132,127,142,2372478,226213,5136,1365,"",0.63,0.62,0.58,0.65,0.54,0.93,0.73,0.87,"N",0,0.0,0,0,0,0,0,0,0,0,0,0,0,0,0,0
"54043","5","518210","78","0","2015","3","N",1,0,0,0,0,0,0,0,"N",1.85,0,0,0,0,0,0,0,"N",0,0.0,0,0,0,0,0,0,0,0,0,0,0,0,0,0
"54049","5","518210","78","0","2015","3","N",1,0,0,0,0,0,0,0,"N",0.39,0,0,0,0,0,0,0,"N",0,0.0,0,0,0,0,0,0,0,0,0,0,0,0,0,0
"54055","5","518210","78","0","2015","3","N",1,0,0,0,0,0,0,0,"N",0.38,0,0,0,0,0,0,0,"N",0,0.0,0,0,0,0,0,0,0,0,0,0,0,0,0,0
"54057","5","518210","78","0","2015","3","N",3,0,0,0,0,0,0,0,"N",2.85,0,0,0,0,0,0,0,"N",0,0.0,0,0,0,0,0,0,0,0,0,0,0,0,0,0
"54061","2","518210","78","0","2015","3","N",1,0,0,0,0,0,0,0,"N",103.79,0,0,0,0,0,0,0,"N",0,0.0,0,0,0,0,0,0,0,0,0,0,0,0,0,0
"54061","5","518210","78","0","2015","3","",10,256,288,271,3290243,209991,5492,932,"",2.02,2.23,2.50,2.29,1.32,1.71,1.68,0.56,"",0,0.0,24,10.3,52,22.0,29,12.0,846538,34.6,-68341,-24.6,-2027,-27.0,138,17.4
"54069","5","518210","78","0","2015","3","N",1,0,0,0,0,0,0,0,"N",0.35,0,0,0,0,0,0,0,"N",0,0.0,0,0,0,0,0,0,0,0,0,0,0,0,0,0
"54071","5","518210","78","0","2015","3","N",1,0,0,0,0,0,0,0,"N",2.87,0,0,0,0,0,0,0,"N",1,100.0,0,0,0,0,0,0,0,0,0,0,0,0,0,0
"54081","5","518210","78","0","2015","3","N",1,0,0,0,0,0,0,0,"N",0.24,0,0,0,0,0,0,0,"N",0,0.0,0,0,0,0,0,0,0,0,0,0,0,0,0,0
"54083","5","518210","78","0","2015","3","N",1,0,0,0,0,0,0,0,"N",0.63,0,0,0,0,0,0,0,"N",1,100.0,0,0,0,0,0,0,0,0,0,0,0,0,0,0
"54091","5","518210","78","0","2015","3","N",2,0,0,0,0,0,0,0,"N",4.00,0,0,0,0,0,0,0,"N",0,0.0,0,0,0,0,0,0,0,0,0,0,0,0,0,0
"54107","5","518210","78","0","2015","3","N",2,0,0,0,0,0,0,0,"N",0.47,0,0,0,0,0,0,0,"N",0,0.0,0,0,0,0,0,0,0,0,0,0,0,0,0,0
"54999","5","518210","78","0","2015","3","",25,73,73,73,1564500,316042,8878,1649,"",2.32,1.30,1.27,1.29,0.96,2.28,1.27,0.75,"",4,19.0,-28,-27.7,-27,-27.0,-29,-28.4,-655704,-29.5,271922,616.3,7945,851.6,-42,-2.5
"55000","3","518210","58","0","2015","3","N",1,0,0,0,0,0,0,0,"N",0.56,0,0,0,0,0,0,0,"N",0,0.0,0,0,0,0,0,0,0,0,0,0,0,0,0,0
"55000","5","518210","58","0","2015","3","",206,8360,8330,8325,139998461,8618347,320793,1292,"",0.65,1.38,1.38,1.39,1.15,1.01,1.01,0.83,"",6,3.0,81,1.0,66,0.8,78,0.9,5114090,3.8,-1384147,-13.8,-84435,-20.8,36,2.9
"55005","5","518210","78","0","2015","3","N",1,0,0,0,0,0,0,0,"N",0.38,0,0,0,0,0,0,0,"N",0,0.0,0,0,0,0,0,0,0,0,0,0,0,0,0,0
"55009","5","518210","78","0","2015","3","N",7,0,0,0,0,0,0,0,"N",0.56,0,0,0,0,0,0,0,"N",-2,-22.2,0,0,0,0,0,0,0,0,0,0,0,0,0,0
"55011","5","518210","78","0","2015","3","N",1,0,0,0,0,0,0,0,"N",1.44,0,0,0,0,0,0,0,"N",0,0.0,0,0,0,0,0,0,0,0,0,0,0,0,0,0
"55025","5","518210","78","0","2015","3","",36,933,927,937,14467742,1050913,45315,1194,"",1.29,1.34,1.34,1.37,0.92,1.18,1.57,0.68,"",0,0.0,37,4.1,41,4.6,59,6.7,1686313,13.2,147848,16.4,230,0.5,85,7.7
"55027","5","518210","78","0","2015","3","N",1,0,0,0,0,0,0,0,"N",0.30,0,0,0,0,0,0,0,"N",0,0.0,0,0,0,0,0,0,0,0,0,0,0,0,0,0
"55031","5","518210","78","0","2015","3","N",3,0,0,0,0,0,0,0,"N",1.46,0,0,0,0,0,0,0,"N",1,50.0,0,0,0,0,0,0,0,0,0,0,0,0,0,0
"55035","5","518210","78","0","2015","3","N",2,0,0,0,0,0,0,0,"N",0.40,0,0,0,0,0,0,0,"N",0,0.0,0,0,0,0,0,0,0,0,0,0,0,0,0,0
"55039","5","518210","78","0","2015","3","N",1,0,0,0,0,0,0,0,"N",0.23,0,0,0,0,0,0,0,"N",0,0.0,0,0,0,0,0,0,0,0,0,0,0,0,0,0
"55045","5","518210","78","0","2015","3","N",2,0,0,0,0,0,0,0,"N",1.06,0,0,0,0,0,0,0,"N",1,100.0,0,0,0,0,0,0,0,0,0,0,0,0,0,0
"55055","5","518210","78","0","2015","3","N",1,0,0,0,0,0,0,0,"N",0.26,0,0,0,0,0,0,0,"N",0,0.0,0,0,0,0,0,0,0,0,0,0,0,0,0,0
"55059","5","518210","78","0","2015","3","N",2,0,0,0,0,0,0,0,"N",0.34,0,0,0,0,0,0,0,"N",0,0.0,0,0,0,0,0,0,0,0,0,0,0,0,0,0
"55063","5","518210","78","0","2015","3","",8,177,179,190,2120996,314777,7705,896,"",1.42,1.22,1.24,1.31,0.80,1.64,1.23,0.63,"",0,0.0,1,0.6,12,7.2,32,20.3,143677,7.3,37389,13.5,-1372,-15.1,-15,-1.6
"55071","5","518210","78","0","2015","3","N",1,0,0,0,0,0,0,0,"N",0.29,0,0,0,0,0,0,0,"N",0,0.0,0,0,0,0,0,0,0,0,0,0,0,0,0,0
"55073","3","518210","78","0","2015","3","N",1,0,0,0,0,0,0,0,"N",27.54,0,0,0,0,0,0,0,"N",0,0.0,0,0,0,0,0,0,0,0,0,0,0,0,0,0
"55073","5","518210","78","0","2015","3","N",1,0,0,0,0,0,0,0,"N",0.15,0,0,0,0,0,0,0,"N",-1,-50.0,0,0,0,0,0,0,0,0,0,0,0,0,0,0
"55079","5","518210","78","0","2015","3","",22,2409,2398,2387,49577560,1676657,57976,1590,"",0.46,2.35,2.31,2.32,2.16,1.19,1.11,0.93,"",-2,-8.3,-145,-5.7,-75,-3.0,-92,-3.7,2139319,4.5,-562102,-25.1,-23829,-29.1,132,9.1
"55087","5","518210","78","0","2015","3","N",4,0,0,0,0,0,0,0,"N",0.41,0,0,0,0,0,0,0,"N",0,0.0,0,0,0,0,0,0,0,0,0,0,0,0,0,0
"55089","5","518210","78","0","2015","3","",4,59,56,56,1176388,25078,394,1588,"",0.77,0.66,0.62,0.63,0.67,0.19,0.09,1.06,"",-1,-20.0,1,1.7,-2,-3.4,1,1.8,2826,0.2,-345503,-93.2,-9150,-95.9,4,0.3
"55097","5","518210","78","0","2015","3","N",2,0,0,0,0,0,0,0,"N",0.63,0,0,0,0,0,0,0,"N",1,100.0,0,0,0,0,0,0,0,0,0,0,0,0,0,0
"55099","5","518210","78","0","2015","3","N",1,0,0,0,0,0,0,0,"N",1.07,0,0,0,0,0,0,0,"N",0,0.0,0,0,0,0,0,0,0,0,0,0,0,0,0,0
"55101","5","518210","78","0","2015","3","N",4,0,0,0,0,0,0,0,"N",0.51,0,0,0,0,0,0,0,"N",1,33.3,0,0,0,0,0,0,0,0,0,0,0,0,0,0
"55105","5","518210","78","0","2015","3","N",5,0,0,0,0,0,0,0,"N",0.80,0,0,0,0,0,0,0,"N",-1,-16.7,0,0,0,0,0,0,0,0,0,0,0,0,0,0
"55109","5","518210","78","0","2015","3","",3,5,5,5,50512,6921,19,777,"",0.71,0.07,0.07,0.07,0.04,0.06,0.00,0.58,"",-1,-25.0,-3,-37.5,-2,-28.6,-2,-28.6,-205700,-80.3,-5825,-45.7,-38,-66.7,-1911,-71.1
"55115","5","518210","78","0","2015","3","N",1,0,0,0,0,0,0,0,"N",0.50,0,0,0,0,0,0,0,"N",0,0.0,0,0,0,0,0,0,0,0,0,0,0,0,0,0
"55123","5","518210","78","0","2015","3","N",1,0,0,0,0,0,0,0,"N",0.79,0,0,0,0,0,0,0,"N",0,0.0,0,0,0,0,0,0,0,0,0,0,0,0,0,0
"55125","5","518210","78","0","2015","3","N",1,0,0,0,0,0,0,0,"N",0.55,0,0,0,0,0,0,0,"N",0,0.0,0,0,0,0,0,0,0,0,0,0,0,0,0,0
"55127","5","518210","78","0","2015","3","N",1,0,0,0,0,0,0,0,"N",0.20,0,0,0,0,0,0,0,"N",1,100.0,0,0,0,0,0,0,0,0,0,0,0,0,0,0
"55133","5","518210","78","0","2015","3","",27,2141,2146,2138,46013395,1538363,43501,1653,"",1.13,4.17,4.21,4.25,3.92,2.13,1.62,0.93,"",2,8.0,94,4.6,92,4.5,74,3.6,147531,0.3,293092,23.5,5431,14.3,-64,-3.7
"55135","5","518210","78","0","2015","3","N",1,0,0,0,0,0,0,0,"N",0.41,0,0,0,0,0,0,0,"N",0,0.0,0,0,0,0,0,0,0,0,0,0,0,0,0,0
"55137","5","518210","78","0","2015","3","N",1,0,0,0,0,0,0,0,"N",1.03,0,0,0,0,0,0,0,"N",0,0.0,0,0,0,0,0,0,0,0,0,0,0,0,0,0
"55139","5","518210","78","0","2015","3","N",5,0,0,0,0,0,0,0,"N",0.73,0,0,0,0,0,0,0,"N",2,66.7,0,0,0,0,0,0,0,0,0,0,0,0,0,0
"55141","5","518210","78","0","2015","3","N",2,0,0,0,0,0,0,0,"N",0.55,0,0,0,0,0,0,0,"N",0,0.0,0,0,0,0,0,0,0,0,0,0,0,0,0,0
"55999","5","518210","78","0","2015","3","",54,78,73,68,1389175,97305,2132,1464,"",1.65,0.65,0.61,0.58,0.42,0.39,0.21,0.69,"",9,20.0,-76,-49.4,-82,-52.9,-86,-55.8,-1990955,-58.9,-86414,-47.0,-8037,-79.0,-221,-13.1
"56000","5","518210","58","0","2015","3","",36,196,192,190,2609435,770987,6487,1042,"",0.73,0.32,0.31,0.31,0.20,0.41,0.20,0.65,"",2,5.9,12,6.5,9,4.9,4,2.2,127749,5.1,119777,18.4,-3079,-32.2,6,0.6
"56001","5","518210","78","0","2015","3","N",2,0,0,0,0,0,0,0,"N",0.84,0,0,0,0,0,0,0,"N",-1,-33.3,0,0,0,0,0,0,0,0,0,0,0,0,0,0
"56003","5","518210","78","0","2015","3","N",1,0,0,0,0,0,0,0,"N",1.21,0,0,0,0,0,0,0,"N",0,0.0,0,0,0,0,0,0,0,0,0,0,0,0,0,0
"56005","5","518210","78","0","2015","3","-",0,0,0,0,0,0,0,0,"N",0.00,0,0,0,0,0,0,0,"N",0,0,0,0,0,0,0,0,0,0,0,0,0,0,0,0
"56013","5","518210","78","0","2015","3","N",3,0,0,0,0,0,0,0,"N",0.95,0,0,0,0,0,0,0,"N",0,0.0,0,0,0,0,0,0,0,0,0,0,0,0,0,0
"56015","5","518210","78","0","2015","3","N",1,0,0,0,0,0,0,0,"N",1.16,0,0,0,0,0,0,0,"N",0,0.0,0,0,0,0,0,0,0,0,0,0,0,0,0,0
"56021","5","518210","78","0","2015","3","",12,154,157,155,1926006,626586,5397,954,"",1.75,1.53,1.59,1.58,0.95,2.19,1.24,0.61,"",2,20.0,9,6.2,12,8.3,9,6.2,263609,15.9,63586,11.3,-3305,-38.0,74,8.4
"56023","5","518210","78","0","2015","3","N",1,0,0,0,0,0,0,0,"N",0.63,0,0,0,0,0,0,0,"N",0,0.0,0,0,0,0,0,0,0,0,0,0,0,0,0,0
"56025","5","518210","78","0","2015","3","N",4,0,0,0,0,0,0,0,"N",0.60,0,0,0,0,0,0,0,"N",1,33.3,0,0,0,0,0,0,0,0,0,0,0,0,0,0
"56029","5","518210","78","0","2015","3","N",1,0,0,0,0,0,0,0,"N",0.35,0,0,0,0,0,0,0,"N",0,0.0,0,0,0,0,0,0,0,0,0,0,0,0,0,0
"56033","5","518210","78","0","2015","3","N",2,0,0,0,0,0,0,0,"N",0.75,0,0,0,0,0,0,0,"N",-1,-33.3,0,0,0,0,0,0,0,0,0,0,0,0,0,0
"56035","5","518210","78","0","2015","3","N",1,0,0,0,0,0,0,0,"N",0.96,0,0,0,0,0,0,0,"N",0,0.0,0,0,0,0,0,0,0,0,0,0,0,0,0,0
"56039","5","518210","78","0","2015","3","N",4,0,0,0,0,0,0,0,"N",0.93,0,0,0,0,0,0,0,"N",0,0.0,0,0,0,0,0,0,0,0,0,0,0,0,0,0
"56045","5","518210","78","0","2015","3","N",1,0,0,0,0,0,0,0,"N",1.83,0,0,0,0,0,0,0,"N",0,0.0,0,0,0,0,0,0,0,0,0,0,0,0,0,0
"56999","5","518210","78","0","2015","3","N",3,0,0,0,0,0,0,0,"N",2.11,0,0,0,0,0,0,0,"N",1,50.0,0,0,0,0,0,0,0,0,0,0,0,0,0,0
"72000","5","518210","58","0","2015","3","",41,2442,2473,2537,26966165,1226802,42522,835,"",0.48,1.30,1.31,1.34,1.15,1.18,1.09,0.88,"",6,17.1,423,21.0,414,20.1,429,20.4,5099977,23.3,373483,43.8,14117,49.7,19,2.3
"72005","5","518210","78","0","2015","3","N",1,0,0,0,0,0,0,0,"N",0.62,0,0,0,0,0,0,0,"N",0,0.0,0,0,0,0,0,0,0,0,0,0,0,0,0,0
"72013","5","518210","78","0","2015","3","N",1,0,0,0,0,0,0,0,"N",0.51,0,0,0,0,0,0,0,"N",1,100.0,0,0,0,0,0,0,0,0,0,0,0,0,0,0
"72021","5","518210","78","0","2015","3","N",1,0,0,0,0,0,0,0,"N",0.18,0,0,0,0,0,0,0,"N",1,100.0,0,0,0,0,0,0,0,0,0,0,0,0,0,0
"72041","5","518210","78","0","2015","3","N",1,0,0,0,0,0,0,0,"N",1.59,0,0,0,0,0,0,0,"N",1,100.0,0,0,0,0,0,0,0,0,0,0,0,0,0,0
"72051","5","518210","78","0","2015","3","N",2,0,0,0,0,0,0,0,"N",2.24,0,0,0,0,0,0,0,"N",1,100.0,0,0,0,0,0,0,0,0,0,0,0,0,0,0
"72061","5","518210","78","0","2015","3","N",3,0,0,0,0,0,0,0,"N",0.68,0,0,0,0,0,0,0,"N",-1,-25.0,0,0,0,0,0,0,0,0,0,0,0,0,0,0
"72063","5","518210","78","0","2015","3","N",1,0,0,0,0,0,0,0,"N",1.65,0,0,0,0,0,0,0,"N",0,0.0,0,0,0,0,0,0,0,0,0,0,0,0,0,0
"72069","5","518210","78","0","2015","3","N",1,0,0,0,0,0,0,0,"N",0.68,0,0,0,0,0,0,0,"N",1,100.0,0,0,0,0,0,0,0,0,0,0,0,0,0,0
"72085","5","518210","78","0","2015","3","N",1,0,0,0,0,0,0,0,"N",1.92,0,0,0,0,0,0,0,"N",0,0.0,0,0,0,0,0,0,0,0,0,0,0,0,0,0
"72113","5","518210","78","0","2015","3","N",1,0,0,0,0,0,0,0,"N",0.24,0,0,0,0,0,0,0,"N",0,0.0,0,0,0,0,0,0,0,0,0,0,0,0,0,0
"72115","5","518210","78","0","2015","3","N",1,0,0,0,0,0,0,0,"N",2.47,0,0,0,0,0,0,0,"N",1,100.0,0,0,0,0,0,0,0,0,0,0,0,0,0,0
"72119","5","518210","78","0","2015","3","N",1,0,0,0,0,0,0,0,"N",1.69,0,0,0,0,0,0,0,"N",0,0.0,0,0,0,0,0,0,0,0,0,0,0,0,0,0
"72127","5","518210","78","0","2015","3","",19,1748,1730,1804,23651375,457120,12277,1033,"",0.95,3.31,3.28,3.41,3.01,1.70,1.23,0.90,"",5,35.7,65,3.9,53,3.2,98,5.7,3696265,18.5,-17846,-3.8,-80,-0.6,124,13.6
"72131","5","518210","78","0","2015","3","N",1,0,0,0,0,0,0,0,"N",1.00,0,0,0,0,0,0,0,"N",0,0.0,0,0,0,0,0,0,0,0,0,0,0,0,0,0
"72137","5","518210","78","0","2015","3","N",1,0,0,0,0,0,0,0,"N",0.76,0,0,0,0,0,0,0,"N",0,0.0,0,0,0,0,0,0,0,0,0,0,0,0,0,0
"72999","5","518210","78","0","2015","3","",5,30,33,55,225981,24906,990,442,"",9.24,8.25,8.99,14.97,2.60,9.10,9.72,0.24,"",0,0.0,11,57.9,15,83.3,37,205.6,23641,11.7,1199,5.1,-31,-3.0,-407,-47.9
"78000","5","518210","58","0","2015","3","N",4,0,0,0,0,0,0,0,"N",0.62,0,0,0,0,0,0,0,"N",0,0.0,0,0,0,0,0,0,0,0,0,0,0,0,0,0
"78010","5","518210","78","0","2015","3","N",1,0,0,0,0,0,0,0,"N",0.41,0,0,0,0,0,0,0,"N",-1,-50.0,0,0,0,0,0,0,0,0,0,0,0,0,0,0
"78030","5","518210","78","0","2015","3","N",3,0,0,0,0,0,0,0,"N",0.89,0,0,0,0,0,0,0,"N",1,50.0,0,0,0,0,0,0,0,0,0,0,0,0,0,0
"C1018","5","518210","48","0","2015","3","N",6,0,0,0,0,0,0,0,"N",0.76,0,0,0,0,0,0,0,"N",1,20.0,0,0,0,0,0,0,0,0,0,0,0,0,0,0
"C1038","5","518210","48","0","2015","3","N",2,0,0,0,0,0,0,0,"N",0.29,0,0,0,0,0,0,0,"N",0,0.0,0,0,0,0,0,0,0,0,0,0,0,0,0,0
"C1042","5","518210","48","0","2015","3","N",29,0,0,0,0,0,0,0,"N",0.89,0,0,0,0,0,0,0,"N",-1,-3.3,0,0,0,0,0,0,0,0,0,0,0,0,0,0
"C1050","5","518210","48","0","2015","3","",5,48,28,24,384759,30032,704,888,"",0.73,0.39,0.23,0.20,0.18,0.27,0.29,0.65,"N",1,25.0,0,0,0,0,0,0,0,0,0,0,0,0,0,0
"C1054","5","518210","48","0","2015","3","N",1,0,0,0,0,0,0,0,"N",0.16,0,0,0,0,0,0,0,"N",0,0.0,0,0,0,0,0,0,0,0,0,0,0,0,0,0
"C1058","5","518210","48","0","2015","3","N",45,0,0,0,0,0,0,0,"N",1.01,0,0,0,0,0,0,0,"N",7,18.4,0,0,0,0,0,0,0,0,0,0,0,0,0,0
"C1074","5","518210","48","0","2015","3","N",31,0,0,0,0,0,0,0,"N",0.75,0,0,0,0,0,0,0,"N",-2,-6.1,0,0,0,0,0,0,0,0,0,0,0,0,0,0
"C1078","5","518210","48","0","2015","3","N",4,0,0,0,0,0,0,0,"N",0.56,0,0,0,0,0,0,0,"N",0,0.0,0,0,0,0,0,0,0,0,0,0,0,0,0,0
"C1090","5","518210","48","0","2015","3","",31,1120,1111,1097,20101850,577807,31878,1394,"",0.86,1.53,1.53,1.50,1.27,0.70,0.72,0.84,"N",-1,-3.1,0,0,0,0,0,0,0,0,0,0,0,0,0,0
"C1102","5","518210","48","0","2015","3","N",1,0,0,0,0,0,0,0,"N",0.16,0,0,0,0,0,0,0,"N",0,0.0,0,0,0,0,0,0,0,0,0,0,0,0,0,0
"C1110","5","518210","48","0","2015","3","N",9,0,0,0,0,0,0,0,"N",0.72,0,0,0,0,0,0,0,"N",0,0.0,0,0,0,0,0,0,0,0,0,0,0,0,0,0
"C1118","5","518210","48","0","2015","3","N",6,0,0,0,0,0,0,0,"N",1.25,0,0,0,0,0,0,0,"N",2,50.0,0,0,0,0,0,0,0,0,0,0,0,0,0,0
"C1126","5","518210","48","0","2015","3","",20,64,62,60,743700,277921,5968,923,"",1.01,0.17,0.16,0.16,0.08,0.14,0.14,0.47,"",1,5.3,5,8.5,0,0.0,-1,-1.6,10768,1.5,-57881,-17.2,-3375,-36.1,-6,-0.6
"C1146","5","518210","48","0","2015","3","",36,942,933,925,18480715,398602,12808,1523,"",2.34,2.21,2.20,2.16,1.70,1.37,1.30,0.78,"",6,20.0,97,11.5,85,10.0,76,9.0,2285366,14.1,52993,15.3,-2473,-16.2,53,3.6
"C1150","5","518210","48","0","2015","3","N",1,0,0,0,0,0,0,0,"N",0.21,0,0,0,0,0,0,0,"N",0,0.0,0,0,0,0,0,0,0,0,0,0,0,0,0,0
"C1154","5","518210","48","0","2015","3","N",4,0,0,0,0,0,0,0,"N",0.36,0,0,0,0,0,0,0,"N",0,0.0,0,0,0,0,0,0,0,0,0,0,0,0,0,0
"C1164","5","518210","48","0","2015","3","N",2,0,0,0,0,0,0,0,"N",0.51,0,0,0,0,0,0,0,"N",2,100.0,0,0,0,0,0,0,0,0,0,0,0,0,0,0
"C1170","5","518210","48","0","2015","3","",21,48,51,52,1009122,122568,2964,1542,"",0.84,0.13,0.13,0.13,0.15,0.11,0.13,1.13,"",3,16.7,-59,-55.1,-58,-53.2,-58,-52.7,-1291519,-56.1,-107937,-46.8,-2682,-47.5,-87,-5.3
"C1202","5","518210","48","0","2015","3","N",4,0,0,0,0,0,0,0,"N",0.43,0,0,0,0,0,0,0,"N",0,0.0,0,0,0,0,0,0,0,0,0,0,0,0,0,0
"C1206","5","518210","48","0","2015","3","",393,6587,6622,6675,155989144,5039711,126483,1810,"",1.29,1.27,1.27,1.30,1.22,0.86,0.99,0.96,"",44,12.6,112,1.7,175,2.7,235,3.6,2838326,1.9,-300996,-5.6,-13681,-9.8,-15,-0.8
"C1210","5","518210","48","0","2015","3","N",4,0,0,0,0,0,0,0,"N",0.33,0,0,0,0,0,0,0,"N",2,100.0,0,0,0,0,0,0,0,0,0,0,0,0,0,0
"C1222","5","518210","48","0","2015","3","N",4,0,0,0,0,0,0,0,"N",0.72,0,0,0,0,0,0,0,"N",1,33.3,0,0,0,0,0,0,0,0,0,0,0,0,0,0
"C1226","5","518210","48","0","2015","3","",10,136,127,121,2335256,92001,1648,1403,"",0.46,0.30,0.28,0.27,0.26,0.19,0.16,0.93,"",0,0.0,-12,-8.1,-22,-14.8,-24,-16.6,-199540,-7.9,-58833,-39.0,-2065,-55.6,80,6.0
"C1242","5","518210","48","0","2015","3","",140,4294,4333,4372,106087976,5146563,163475,1883,"",1.40,2.17,2.19,2.22,2.10,2.53,3.59,0.96,"",-4,-2.8,1217,39.6,1210,38.7,1207,38.1,39915991,60.3,914921,21.6,48125,41.7,252,15.5
"C1254","5","518210","48","0","2015","3","N",5,0,0,0,0,0,0,0,"N",0.15,0,0,0,0,0,0,0,"N",3,150.0,0,0,0,0,0,0,0,0,0,0,0,0,0,0
"C1258","5","518210","48","0","2015","3","",102,1369,1361,1358,29929250,922452,43369,1690,"",0.75,0.49,0.49,0.49,0.43,0.38,0.60,0.86,"",-1,-1.0,143,11.7,82,6.4,83,6.5,2549348,9.3,223516,32.0,11715,37.0,18,1.1
"C1262","5","518210","48","0","2015","3","N",1,0,0,0,0,0,0,0,"N",0.11,0,0,0,0,0,0,0,"N",0,0.0,0,0,0,0,0,0,0,0,0,0,0,0,0,0
"C1270","5","518210","48","0","2015","3","",5,163,164,161,2136154,174916,5250,1010,"",0.29,0.68,0.69,0.75,0.47,0.28,0.21,0.67,"N",-1,-16.7,0,0,0,0,0,0,0,0,0,0,0,0,0,0
"C1294","5","518210","48","0","2015","3","",49,686,665,663,12588770,598249,3763,1442,"",1.19,0.84,0.80,0.81,0.69,0.75,0.24,0.85,"",-3,-5.8,144,26.6,128,23.8,116,21.2,3354687,36.3,302203,102.1,1096,41.1,131,10.0
"C1298","5","518210","48","0","2015","3","N",1,0,0,0,0,0,0,0,"N",0.23,0,0,0,0,0,0,0,"N",0,0.0,0,0,0,0,0,0,0,0,0,0,0,0,0,0
"C1302","5","518210","48","0","2015","3","N",2,0,0,0,0,0,0,0,"N",0.49,0,0,0,0,0,0,0,"N",1,100.0,0,0,0,0,0,0,0,0,0,0,0,0,0,0
"C1314","5","518210","48","0","2015","3","N",8,0,0,0,0,0,0,0,"N",0.51,0,0,0,0,0,0,0,"N",0,0.0,0,0,0,0,0,0,0,0,0,0,0,0,0,0
"C1322","5","518210","48","0","2015","3","N",1,0,0,0,0,0,0,0,"N",0.16,0,0,0,0,0,0,0,"N",0,0.0,0,0,0,0,0,0,0,0,0,0,0,0,0,0
"C1338","5","518210","48","0","2015","3","",17,81,81,84,1128818,640001,11616,1059,"",1.26,0.42,0.44,0.47,0.31,0.72,0.75,0.71,"",4,30.8,12,17.4,9,12.5,10,13.5,154160,15.8,122681,23.7,1850,18.9,13,1.2
"C1346","5","518210","48","0","2015","3","",12,20,21,20,330849,132839,3973,1252,"",0.84,0.13,0.13,0.13,0.11,0.17,0.18,0.86,"",2,20.0,6,42.9,7,50.0,5,33.3,103608,45.6,31753,31.4,980,32.7,32,2.6
"C1374","5","518210","48","0","2015","3","N",11,0,0,0,0,0,0,0,"N",0.85,0,0,0,0,0,0,0,"N",-2,-15.4,0,0,0,0,0,0,0,0,0,0,0,0,0,0
"C1378","5","518210","48","0","2015","3","N",3,0,0,0,0,0,0,0,"N",0.29,0,0,0,0,0,0,0,"N",0,0.0,0,0,0,0,0,0,0,0,0,0,0,0,0,0
"C1382","5","518210","48","0","2015","3","N",31,0,0,0,0,0,0,0,"N",0.59,0,0,0,0,0,0,0,"N",3,10.7,0,0,0,0,0,0,0,0,0,0,0,0,0,0
"C1390","5","518210","48","0","2015","3","N",4,0,0,0,0,0,0,0,"N",0.44,0,0,0,0,0,0,0,"N",0,0.0,0,0,0,0,0,0,0,0,0,0,0,0,0,0
"C1398","5","518210","48","0","2015","3","",8,153,155,150,3465994,76315,1533,1746,"",1.03,1.04,1.05,1.01,1.24,0.70,0.68,1.20,"N",4,100.0,0,0,0,0,0,0,0,0,0,0,0,0,0,0
"C1401","5","518210","48","0","2015","3","N",4,0,0,0,0,0,0,0,"N",0.50,0,0,0,0,0,0,0,"N",-1,-20.0,0,0,0,0,0,0,0,0,0,0,0,0,0,0
"C1402","5","518210","48","0","2015","3","N",6,0,0,0,0,0,0,0,"N",0.99,0,0,0,0,0,0,0,"N",1,20.0,0,0,0,0,0,0,0,0,0,0,0,0,0,0
"C1426","5","518210","48","0","2015","3","",44,294,283,275,4440662,1590022,20016,1203,"",1.20,0.48,0.46,0.45,0.38,0.60,0.54,0.81,"N",-9,-17.0,0,0,0,0,0,0,0,0,0,0,0,0,0,0
"C1446","5","518210","48","0","2015","3","N",301,0,0,0,0,0,0,0,"N",1.02,0,0,0,0,0,0,0,"N",19,6.7,0,0,0,0,0,0,0,0,0,0,0,0,0,0
"C1450","5","518210","48","0","2015","3","",60,739,741,733,18084331,838705,21947,1886,"",2.21,1.98,2.00,1.99,1.73,1.75,2.18,0.87,"",12,25.0,-92,-11.1,-84,-10.2,-80,-9.8,-1925262,-9.6,156143,22.9,-237,-1.1,16,0.9
"C1454","5","518210","48","0","2015","3","",5,22,21,22,336752,3861,120,1196,"",0.60,0.15,0.14,0.15,0.13,0.02,0.02,0.87,"",1,25.0,-1,-4.3,-3,-12.5,-2,-8.3,-34549,-9.3,3023,360.7,49,69.0,-11,-0.9
"C1474","5","518210","48","0","2015","3","N",14,0,0,0,0,0,0,0,"N",1.11,0,0,0,0,0,0,0,"N",2,16.7,0,0,0,0,0,0,0,0,0,0,0,0,0,0
"C1486","5","518210","48","0","2015","3","",47,320,317,311,8624161,511112,21596,2099,"",0.72,0.35,0.35,0.35,0.28,0.35,0.38,0.80,"",4,9.3,92,40.4,91,40.3,89,40.1,3262804,60.9,197627,63.0,9397,77.0,269,14.7
"C1518","5","518210","48","0","2015","3","N",1,0,0,0,0,0,0,0,"N",0.08,0,0,0,0,0,0,0,"N",0,0.0,0,0,0,0,0,0,0,0,0,0,0,0,0,0
"C1526","5","518210","48","0","2015","3","N",1,0,0,0,0,0,0,0,"N",0.16,0,0,0,0,0,0,0,"N",0,0.0,0,0,0,0,0,0,0,0,0,0,0,0,0,0
"C1538","5","518210","48","0","2015","3","N",38,0,0,0,0,0,0,0,"N",0.69,0,0,0,0,0,0,0,"N",7,22.6,0,0,0,0,0,0,0,0,0,0,0,0,0,0
"C1550","5","518210","48","0","2015","3","",5,144,140,142,1316826,493101,12351,713,"",0.79,1.18,1.14,1.15,0.62,1.38,1.55,0.54,"",-1,-16.7,-20,-12.2,-18,-11.4,-12,-7.8,115756,9.6,10138,2.1,1283,11.6,131,22.5
"C1554","5","518210","48","0","2015","3","",16,125,126,129,1751536,110305,2549,1064,"",1.06,0.49,0.49,0.50,0.31,0.23,0.16,0.63,"N",4,33.3,0,0,0,0,0,0,0,0,0,0,0,0,0,0
"C1568","5","518210","48","0","2015","3","N",1,0,0,0,0,0,0,0,"N",0.25,0,0,0,0,0,0,0,"N",-1,-50.0,0,0,0,0,0,0,0,0,0,0,0,0,0,0
"C1594","5","518210","48","0","2015","3","N",10,0,0,0,0,0,0,0,"N",0.58,0,0,0,0,0,0,0,"N",2,25.0,0,0,0,0,0,0,0,0,0,0,0,0,0,0
"C1598","5","518210","48","0","2015","3","",25,138,144,146,2869870,80118,1662,1547,"",0.66,0.28,0.29,0.29,0.31,0.19,0.20,1.08,"",4,19.0,18,15.0,24,20.0,22,17.7,423621,17.3,9220,13.0,-34,-2.0,-4,-0.3
"C1602","5","518210","48","0","2015","3","N",1,0,0,0,0,0,0,0,"N",0.17,0,0,0,0,0,0,0,"N",0,0.0,0,0,0,0,0,0,0,0,0,0,0,0,0,0
"C1606","5","518210","48","0","2015","3","N",2,0,0,0,0,0,0,0,"N",0.36,0,0,0,0,0,0,0,"N",1,100.0,0,0,0,0,0,0,0,0,0,0,0,0,0,0
"C1618","5","518210","48","0","2015","3","",7,21,19,21,426748,70179,1505,1614,"",1.77,0.35,0.32,0.36,0.32,0.41,0.39,0.95,"",0,0.0,-3,-12.5,-4,-17.4,-2,-8.7,-55434,-11.5,-8054,-10.3,-334,-18.2,24,1.5
"C1622","5","518210","48","0","2015","3","N",4,0,0,0,0,0,0,0,"N",0.60,0,0,0,0,0,0,0,"N",1,33.3,0,0,0,0,0,0,0,0,0,0,0,0,0,0
"C1630","5","518210","48","0","2015","3","N",22,0,0,0,0,0,0,0,"N",1.49,0,0,0,0,0,0,0,"N",1,4.8,0,0,0,0,0,0,0,0,0,0,0,0,0,0
"C1654","5","518210","48","0","2015","3","N",3,0,0,0,0,0,0,0,"N",0.49,0,0,0,0,0,0,0,"N",-1,-25.0,0,0,0,0,0,0,0,0,0,0,0,0,0,0
"C1658","5","518210","48","0","2015","3","",14,384,338,336,4370944,510228,26115,953,"",1.43,1.83,1.63,1.63,1.01,2.22,3.58,0.60,"",-1,-6.7,-19,-4.7,-15,-4.2,-12,-3.4,-450879,-9.4,-43902,-7.9,-6270,-19.4,-55,-5.5
"C1662","5","518210","48","0","2015","3","",7,132,127,142,2372478,226213,5136,1365,"",0.57,0.58,0.54,0.61,0.51,0.86,0.68,0.88,"N",0,0.0,0,0,0,0,0,0,0,0,0,0,0,0,0,0
"C1670","5","518210","48","0","2015","3","",36,475,477,475,4202098,670867,6109,680,"",1.02,0.70,0.70,0.72,0.30,0.67,0.34,0.43,"",17,89.5,42,9.7,53,12.5,48,11.2,444075,11.8,365422,119.6,-3766,-38.1,5,0.7
"C1674","5","518210","48","0","2015","3","",167,8002,7939,7899,173895116,17226697,418659,1683,"",1.35,3.47,3.41,3.42,3.19,2.86,2.89,0.93,"",16,10.6,1034,14.8,921,13.1,913,13.1,19162894,12.4,1446516,9.2,25419,6.5,-20,-1.2
"C1682","5","518210","48","0","2015","3","",13,126,126,118,2724913,40805,1194,1700,"",0.87,0.55,0.56,0.51,0.51,0.24,0.38,0.94,"",1,8.3,-10,-7.4,-5,-3.8,-12,-9.2,-84867,-3.0,10983,36.8,436,57.5,67,4.1
"C1686","5","518210","48","0","2015","3","N",17,0,0,0,0,0,0,0,"N",0.76,0,0,0,0,0,0,0,"N",1,6.2,0,0,0,0,0,0,0,0,0,0,0,0,0,0
"C1694","5","518210","48","0","2015","3","",12,154,157,155,1926006,626586,5397,954,"",1.75,1.53,1.59,1.58,0.95,2.19,1.24,0.61,"",2,20.0,9,6.2,12,8.3,9,6.2,263609,15.9,63586,11.3,-3305,-38.0,74,8.4
"C1698","5","518210","48","0","2015","3","",488,7916,7947,7878,218146363,8279169,281748,2120,"",0.93,0.84,0.84,0.84,0.90,0.65,0.64,1.07,"",-51,-9.5,-149,-1.8,-242,-3.0,-200,-2.5,15295244,7.5,-866559,-9.5,-19975,-6.6,196,10.2
"C1702","5","518210","48","0","2015","3","N",6,0,0,0,0,0,0,0,"N",0.40,0,0,0,0,0,0,0,"N",2,50.0,0,0,0,0,0,0,0,0,0,0,0,0,0,0
"C1714","5","518210","48","0","2015","3","",69,579,590,601,11947156,583722,19628,1558,"",0.69,0.27,0.27,0.28,0.24,0.28,0.35,0.89,"",-4,-5.5,-44,-7.1,-23,-3.8,-13,-2.1,1435256,13.7,-41037,-6.6,-422,-2.1,247,18.8
"C1730","5","518210","48","0","2015","3","N",5,0,0,0,0,0,0,0,"N",0.55,0,0,0,0,0,0,0,"N",-1,-16.7,0,0,0,0,0,0,0,0,0,0,0,0,0,0
"C1742","5","518210","48","0","2015","3","N",2,0,0,0,0,0,0,0,"N",0.50,0,0,0,0,0,0,0,"N",1,100.0,0,0,0,0,0,0,0,0,0,0,0,0,0,0
"C1746","5","518210","48","0","2015","3","N",82,0,0,0,0,0,0,0,"N",0.79,0,0,0,0,0,0,0,"N",9,12.3,0,0,0,0,0,0,0,0,0,0,0,0,0,0
"C1766","5","518210","48","0","2015","3","",6,23,23,21,319180,190680,2664,1099,"",0.66,0.18,0.18,0.17,0.16,0.34,0.29,0.86,"",-2,-25.0,5,27.8,4,21.1,2,10.5,67429,26.8,66118,53.1,555,26.3,62,6.0
"C1778","5","518210","48","0","2015","3","N",6,0,0,0,0,0,0,0,"N",0.63,0,0,0,0,0,0,0,"N",-1,-14.3,0,0,0,0,0,0,0,0,0,0,0,0,0,0
"C1782","5","518210","48","0","2015","3","N",48,0,0,0,0,0,0,0,"N",1.34,0,0,0,0,0,0,0,"N",7,17.1,0,0,0,0,0,0,0,0,0,0,0,0,0,0
"C1786","5","518210","48","0","2015","3","",4,12,12,12,136318,23207,172,874,"",0.44,0.06,0.06,0.06,0.04,0.10,0.04,0.59,"N",2,100.0,0,0,0,0,0,0,0,0,0,0,0,0,0,0
"C1790","5","518210","48","0","2015","3","",48,1151,1143,1140,18455278,910219,28075,1240,"",1.39,1.48,1.47,1.47,1.22,0.87,1.37,0.83,"",15,45.5,-79,-6.4,-76,-6.2,-68,-5.6,-4812778,-20.7,391723,75.5,9187,48.6,-228,-15.5
"C1798","5","518210","48","0","2015","3","N",7,0,0,0,0,0,0,0,"N",0.58,0,0,0,0,0,0,0,"N",1,16.7,0,0,0,0,0,0,0,0,0,0,0,0,0,0
"C1814","5","518210","48","0","2015","3","",91,2251,2292,2276,34968647,1730117,41891,1183,"",1.05,1.06,1.08,1.09,0.73,0.88,0.85,0.68,"",9,11.0,161,7.7,182,8.6,211,10.2,3953764,12.7,531700,44.4,8828,26.7,41,3.6
"C1858","5","518210","48","0","2015","3","",6,49,50,49,553635,23915,434,863,"",0.32,0.12,0.12,0.12,0.07,0.05,0.04,0.54,"",2,50.0,5,11.4,7,16.3,3,6.5,109045,24.5,-2510,-9.5,164,60.7,92,11.9
"C1870","5","518210","48","0","2015","3","",7,149,152,155,2996946,548671,15022,1517,"",1.43,1.97,2.02,2.01,1.81,2.27,2.47,0.90,"",-3,-30.0,-28,-15.8,-26,-14.6,-26,-14.4,-617664,-17.1,-45783,-7.7,-131,-0.9,-39,-2.5
"C1888","5","518210","48","0","2015","3","",16,91,89,90,1104643,68017,1184,944,"",1.00,0.40,0.39,0.41,0.26,0.34,0.30,0.65,"",-1,-5.9,-2,-2.2,-4,-4.3,-6,-6.2,-81756,-6.9,-3778,-5.3,-207,-14.9,-27,-2.8
"C1906","5","518210","48","0","2015","3","N",3,0,0,0,0,0,0,0,"N",0.74,0,0,0,0,0,0,0,"N",0,0.0,0,0,0,0,0,0,0,0,0,0,0,0,0,0
"C1910","5","518210","48","0","2015","3","",357,14910,14796,14768,388039433,14675504,782880,2013,"",1.13,2.11,2.10,2.11,2.15,1.96,4.36,1.02,"",12,3.5,1743,13.2,1705,13.0,1812,14.0,54705853,16.4,6229202,73.8,364426,87.1,51,2.6
"C1918","5","518210","48","0","2015","3","N",1,0,0,0,0,0,0,0,"N",0.34,0,0,0,0,0,0,0,"N",0,0.0,0,0,0,0,0,0,0,0,0,0,0,0,0,0
"C1930","5","518210","48","0","2015","3","",7,26,28,28,278936,22311,405,785,"",0.66,0.17,0.19,0.19,0.12,0.14,0.12,0.65,"",-1,-12.5,3,13.0,4,16.7,3,12.0,-7163,-2.5,10345,86.5,-18,-4.3,-132,-14.4
"C1934","5","518210","48","0","2015","3","N",10,0,0,0,0,0,0,0,"N",0.52,0,0,0,0,0,0,0,"N",-1,-9.1,0,0,0,0,0,0,0,0,0,0,0,0,0,0
"C1938","5","518210","48","0","2015","3","",25,327,329,326,6391238,225840,8078,1502,"",0.75,0.42,0.42,0.43,0.40,0.34,0.48,0.94,"",3,13.6,-22,-6.3,-15,-4.4,-10,-3.0,-333038,-5.0,97554,76.0,2742,51.4,-6,-0.4
"C1946","5","518210","48","0","2015","3","",5,9,9,8,113964,7221,96,1012,"",0.84,0.08,0.08,0.07,0.05,0.08,0.05,0.69,"",1,25.0,4,80.0,4,80.0,3,60.0,45832,67.3,5040,231.1,29,43.3,-36,-3.4
"C1950","5","518210","48","0","2015","3","-",0,0,0,0,0,0,0,0,"N",0.00,0,0,0,0,0,0,0,"N",0,0,0,0,0,0,0,0,0,0,0,0,0,0,0,0
"C1966","5","518210","48","0","2015","3","N",22,0,0,0,0,0,0,0,"N",0.74,0,0,0,0,0,0,0,"N",-2,-8.3,0,0,0,0,0,0,0,0,0,0,0,0,0,0
"C1974","5","518210","48","0","2015","3","",331,6969,6977,6958,153522303,7158163,169879,1695,"",1.84,2.33,2.34,2.37,1.94,1.65,1.74,0.83,"N",59,21.7,0,0,0,0,0,0,0,0,0,0,0,0,0,0
"C1978","5","518210","48","0","2015","3","N",77,0,0,0,0,0,0,0,"N",1.97,0,0,0,0,0,0,0,"N",-1,-1.3,0,0,0,0,0,0,0,0,0,0,0,0,0,0
"C1982","5","518210","48","0","2015","3","",168,3155,3165,3154,55667070,2923883,136225,1356,"",0.93,0.80,0.80,0.81,0.57,0.78,0.87,0.71,"",31,22.6,238,8.2,293,10.2,269,9.3,3831483,7.4,446415,18.0,3682,2.8,-23,-1.7
"C2002","5","518210","48","0","2015","3","N",1,0,0,0,0,0,0,0,"N",0.14,0,0,0,0,0,0,0,"N",0,0.0,0,0,0,0,0,0,0,0,0,0,0,0,0,0
"C2010","5","518210","48","0","2015","3","N",10,0,0,0,0,0,0,0,"N",1.36,0,0,0,0,0,0,0,"N",2,25.0,0,0,0,0,0,0,0,0,0,0,0,0,0,0
"C2022","5","518210","48","0","2015","3","N",2,0,0,0,0,0,0,0,"N",0.33,0,0,0,0,0,0,0,"N",0,0.0,0,0,0,0,0,0,0,0,0,0,0,0,0,0
"C2026","5","518210","48","0","2015","3","N",7,0,0,0,0,0,0,0,"N",0.54,0,0,0,0,0,0,0,"N",2,40.0,0,0,0,0,0,0,0,0,0,0,0,0,0,0
"C2050","5","518210","48","0","2015","3","",43,274,269,267,5256008,894380,22632,1497,"",1.63,0.46,0.45,0.44,0.32,0.77,0.91,0.72,"",3,7.5,47,20.7,37,15.9,40,17.6,1416364,36.9,210758,30.8,5880,35.1,205,15.9
"C2074","5","518210","48","0","2015","3","N",2,0,0,0,0,0,0,0,"N",0.25,0,0,0,0,0,0,0,"N",0,0.0,0,0,0,0,0,0,0,0,0,0,0,0,0,0
"C2106","5","518210","48","0","2015","3","N",11,0,0,0,0,0,0,0,"N",1.52,0,0,0,0,0,0,0,"N",1,10.0,0,0,0,0,0,0,0,0,0,0,0,0,0,0
"C2114","5","518210","48","0","2015","3","",5,11,11,11,232900,5067,35,1629,"",0.57,0.04,0.04,0.04,0.05,0.02,0.00,1.11,"",0,0.0,-1,-8.3,-2,-15.4,-2,-15.4,6222,2.7,-4534,-47.2,-45,-56.2,252,18.3
"C2130","5","518210","48","0","2015","3","-",0,0,0,0,0,0,0,0,"N",0.00,0,0,0,0,0,0,0,"N",0,0,0,0,0,0,0,0,0,0,0,0,0,0,0,0
"C2134","5","518210","48","0","2015","3","",17,1860,1831,1872,14576552,2649879,144920,605,"",0.61,3.00,2.95,3.01,1.38,4.26,10.04,0.46,"",0,0.0,244,15.1,199,12.2,233,14.2,2405505,19.8,934062,54.4,33665,30.3,30,5.2
"C2150","5","518210","48","0","2015","3","N",4,0,0,0,0,0,0,0,"N",0.30,0,0,0,0,0,0,0,"N",0,0.0,0,0,0,0,0,0,0,0,0,0,0,0,0,0
"C2166","5","518210","48","0","2015","3","",21,50,50,51,585671,320127,8241,895,"",0.96,0.16,0.16,0.16,0.10,0.24,0.23,0.62,"",3,16.7,11,28.2,10,25.0,7,15.9,68636,13.3,54144,20.4,1430,21.0,-75,-7.7
"C2178","5","518210","48","0","2015","3","N",3,0,0,0,0,0,0,0,"N",0.21,0,0,0,0,0,0,0,"N",0,0.0,0,0,0,0,0,0,0,0,0,0,0,0,0,0
"C2182","5","518210","48","0","2015","3","N",2,0,0,0,0,0,0,0,"N",0.46,0,0,0,0,0,0,0,"N",0,0.0,0,0,0,0,0,0,0,0,0,0,0,0,0,0
"C2202","5","518210","48","0","2015","3","N",10,0,0,0,0,0,0,0,"N",0.65,0,0,0,0,0,0,0,"N",-1,-9.1,0,0,0,0,0,0,0,0,0,0,0,0,0,0
"C2214","5","518210","48","0","2015","3","N",1,0,0,0,0,0,0,0,"N",0.18,0,0,0,0,0,0,0,"N",0,0.0,0,0,0,0,0,0,0,0,0,0,0,0,0,0
"C2218","5","518210","48","0","2015","3","N",6,0,0,0,0,0,0,0,"N",0.47,0,0,0,0,0,0,0,"N",2,50.0,0,0,0,0,0,0,0,0,0,0,0,0,0,0
"C2222","5","518210","48","0","2015","3","",26,266,265,260,4571832,323381,10514,1334,"",1.11,0.58,0.57,0.55,0.47,0.44,0.62,0.83,"",-3,-10.3,168,171.4,168,173.2,170,188.9,3107550,212.2,203185,169.0,6586,167.7,148,12.5
"C2242","5","518210","48","0","2015","3","",11,64,59,73,618629,111440,3268,728,"",0.84,0.23,0.21,0.26,0.11,0.41,0.30,0.48,"",5,83.3,28,77.8,23,63.9,35,92.1,213798,52.8,81052,266.7,2172,198.2,-121,-14.3
"C2250","5","518210","48","0","2015","3","N",1,0,0,0,0,0,0,0,"N",0.12,0,0,0,0,0,0,0,"N",0,0.0,0,0,0,0,0,0,0,0,0,0,0,0,0,0
"C2252","5","518210","48","0","2015","3","N",1,0,0,0,0,0,0,0,"N",0.16,0,0,0,0,0,0,0,"N",0,0.0,0,0,0,0,0,0,0,0,0,0,0,0,0,0
"C2254","5","518210","48","0","2015","3","N",1,0,0,0,0,0,0,0,"N",0.23,0,0,0,0,0,0,0,"N",0,0.0,0,0,0,0,0,0,0,0,0,0,0,0,0,0
"C2266","5","518210","48","0","2015","3","",25,601,598,603,7509824,481381,12273,962,"",1.17,1.86,1.86,1.91,1.08,0.97,1.16,0.58,"",5,25.0,36,6.4,23,4.0,43,7.7,1101597,17.2,-27854,-5.5,105,0.9,92,10.6
"C2290","5","518210","48","0","2015","3","N",3,0,0,0,0,0,0,0,"N",0.24,0,0,0,0,0,0,0,"N",-3,-50.0,0,0,0,0,0,0,0,0,0,0,0,0,0,0
"C2306","5","518210","48","0","2015","3","N",12,0,0,0,0,0,0,0,"N",0.64,0,0,0,0,0,0,0,"N",0,0.0,0,0,0,0,0,0,0,0,0,0,0,0,0,0
"C2342","5","518210","48","0","2015","3","N",5,0,0,0,0,0,0,0,"N",0.08,0,0,0,0,0,0,0,"N",-1,-16.7,0,0,0,0,0,0,0,0,0,0,0,0,0,0
"C2354","5","518210","48","0","2015","3","N",7,0,0,0,0,0,0,0,"N",0.53,0,0,0,0,0,0,0,"N",2,40.0,0,0,0,0,0,0,0,0,0,0,0,0,0,0
"C2358","5","518210","48","0","2015","3","N",3,0,0,0,0,0,0,0,"N",0.35,0,0,0,0,0,0,0,"N",0,0.0,0,0,0,0,0,0,0,0,0,0,0,0,0,0
"C2414","5","518210","48","0","2015","3","N",1,0,0,0,0,0,0,0,"N",0.23,0,0,0,0,0,0,0,"N",0,0.0,0,0,0,0,0,0,0,0,0,0,0,0,0,0
"C2422","5","518210","48","0","2015","3","N",5,0,0,0,0,0,0,0,"N",0.84,0,0,0,0,0,0,0,"N",1,25.0,0,0,0,0,0,0,0,0,0,0,0,0,0,0
"C2426","5","518210","48","0","2015","3","N",1,0,0,0,0,0,0,0,"N",0.18,0,0,0,0,0,0,0,"N",0,0.0,0,0,0,0,0,0,0,0,0,0,0,0,0,0
"C2430","5","518210","48","0","2015","3","N",8,0,0,0,0,0,0,0,"N",0.89,0,0,0,0,0,0,0,"N",1,14.3,0,0,0,0,0,0,0,0,0,0,0,0,0,0
"C2434","5","518210","48","0","2015","3","N",35,0,0,0,0,0,0,0,"N",0.86,0,0,0,0,0,0,0,"N",3,9.4,0,0,0,0,0,0,0,0,0,0,0,0,0,0
"C2442","5","518210","48","0","2015","3","N",2,0,0,0,0,0,0,0,"N",0.45,0,0,0,0,0,0,0,"N",-2,-50.0,0,0,0,0,0,0,0,0,0,0,0,0,0,0
"C2450","5","518210","48","0","2015","3","N",2,0,0,0,0,0,0,0,"N",0.39,0,0,0,0,0,0,0,"N",0,0.0,0,0,0,0,0,0,0,0,0,0,0,0,0,0
"C2454","5","518210","48","0","2015","3","",15,46,47,52,558648,76980,1108,889,"",1.18,0.21,0.22,0.24,0.12,0.22,0.14,0.55,"",0,0.0,15,48.4,13,38.2,16,44.4,233733,71.9,35841,87.1,424,62.0,147,19.8
"C2458","5","518210","48","0","2015","3","N",7,0,0,0,0,0,0,0,"N",0.47,0,0,0,0,0,0,0,"N",-2,-22.2,0,0,0,0,0,0,0,0,0,0,0,0,0,0
"C2466","5","518210","48","0","2015","3","",24,391,395,400,15345923,603038,11699,2986,"",0.69,0.54,0.53,0.54,1.06,0.30,0.24,1.97,"",1,4.3,19,5.1,20,5.3,23,6.1,2226151,17.0,129739,27.4,2052,21.3,292,10.8
"C2478","5","518210","48","0","2015","3","N",4,0,0,0,0,0,0,0,"N",0.57,0,0,0,0,0,0,0,"N",0,0.0,0,0,0,0,0,0,0,0,0,0,0,0,0,0
"C2486","5","518210","48","0","2015","3","",32,240,242,235,4825897,196445,1453,1553,"",0.83,0.30,0.30,0.29,0.31,0.16,0.05,1.03,"",6,23.1,-24,-9.1,-17,-6.6,-25,-9.6,366873,8.2,16869,9.4,-510,-26.0,239,18.2
"C2506","5","518210","48","0","2015","3","",6,20,21,20,268804,10950,191,1017,"",0.41,0.06,0.07,0.06,0.05,0.02,0.04,0.69,"",-3,-33.3,-10,-33.3,-9,-30.0,-11,-35.5,-83167,-23.6,5723,109.5,101,112.2,124,13.9
"C2518","5","518210","48","0","2015","3","N",8,0,0,0,0,0,0,0,"N",0.77,0,0,0,0,0,0,0,"N",1,14.3,0,0,0,0,0,0,0,0,0,0,0,0,0,0
"C2522","5","518210","48","0","2015","3","",6,41,43,38,361264,30561,420,683,"",1.17,0.46,0.48,0.43,0.26,0.39,0.33,0.56,"",1,20.0,6,17.1,8,22.9,3,8.6,37605,11.6,11598,61.2,93,28.4,-28,-3.9
"C2542","5","518210","48","0","2015","3","N",25,0,0,0,0,0,0,0,"N",0.91,0,0,0,0,0,0,0,"N",0,0.0,0,0,0,0,0,0,0,0,0,0,0,0,0,0
"C2554","5","518210","48","0","2015","3","",45,873,871,853,16997530,798266,34919,1510,"",0.67,0.67,0.67,0.65,0.49,0.43,0.45,0.74,"",-1,-2.2,-8,-0.9,-3,-0.3,-29,-3.3,42062,0.2,-20319,-2.5,1402,4.2,26,1.8
"C2562","5","518210","48","0","2015","3","N",1,0,0,0,0,0,0,0,"N",0.15,0,0,0,0,0,0,0,"N",0,0.0,0,0,0,0,0,0,0,0,0,0,0,0,0,0
"C2586","5","518210","48","0","2015","3","",12,103,103,99,1415526,330688,6160,1071,"",0.83,0.34,0.33,0.32,0.27,0.37,0.27,0.82,"",-1,-7.7,-2,-1.9,-4,-3.7,-10,-9.2,-163240,-10.3,-19365,-5.5,417,7.3,-64,-5.6
"C2594","5","518210","48","0","2015","3","",7,31,32,31,323048,49560,373,793,"",0.63,0.20,0.21,0.21,0.13,0.18,0.08,0.63,"",1,16.7,3,10.7,4,14.3,3,10.7,-8587,-2.6,15367,44.9,95,34.2,-118,-13.0
"C2598","5","518210","48","0","2015","3","N",1,0,0,0,0,0,0,0,"N",0.53,0,0,0,0,0,0,0,"N",0,0.0,0,0,0,0,0,0,0,0,0,0,0,0,0,0
"C2614","5","518210","48","0","2015","3","N",2,0,0,0,0,0,0,0,"N",0.35,0,0,0,0,0,0,0,"N",0,0.0,0,0,0,0,0,0,0,0,0,0,0,0,0,0
"C2630","5","518210","48","0","2015","3","N",3,0,0,0,0,0,0,0,"N",0.51,0,0,0,0,0,0,0,"N",-1,-25.0,0,0,0,0,0,0,0,0,0,0,0,0,0,0
"C2638","5","518210","48","0","2015","3","N",7,0,0,0,0,0,0,0,"N",0.70,0,0,0,0,0,0,0,"N",0,0.0,0,0,0,0,0,0,0,0,0,0,0,0,0,0
"C2642","5","518210","48","0","2015","3","",190,3660,3630,3603,79563777,2242346,77343,1686,"",0.68,0.59,0.59,0.59,0.45,0.35,0.47,0.77,"",3,1.6,-116,-3.1,-100,-2.7,-80,-2.2,9316530,13.3,-823107,-26.9,-31388,-28.9,237,16.4
"C2658","5","518210","48","0","2015","3","N",7,0,0,0,0,0,0,0,"N",0.45,0,0,0,0,0,0,0,"N",1,16.7,0,0,0,0,0,0,0,0,0,0,0,0,0,0
"C2662","5","518210","48","0","2015","3","N",11,0,0,0,0,0,0,0,"N",0.55,0,0,0,0,0,0,0,"N",-1,-8.3,0,0,0,0,0,0,0,0,0,0,0,0,0,0
"C2682","5","518210","48","0","2015","3","N",5,0,0,0,0,0,0,0,"N",0.60,0,0,0,0,0,0,0,"N",1,25.0,0,0,0,0,0,0,0,0,0,0,0,0,0,0
"C2690","5","518210","48","0","2015","3","",94,2144,2122,2174,35875726,2009436,78705,1286,"",1.06,1.04,1.02,1.06,0.81,0.92,1.49,0.78,"",-9,-8.7,404,23.2,396,22.9,472,27.7,5136067,16.7,983271,95.8,51164,185.8,-87,-6.3
"C2698","5","518210","48","0","2015","3","N",8,0,0,0,0,0,0,0,"N",0.88,0,0,0,0,0,0,0,"N",0,0.0,0,0,0,0,0,0,0,0,0,0,0,0,0,0
"C2706","5","518210","48","0","2015","3","N",2,0,0,0,0,0,0,0,"N",0.40,0,0,0,0,0,0,0,"N",0,0.0,0,0,0,0,0,0,0,0,0,0,0,0,0,0
"C2710","5","518210","48","0","2015","3","N",2,0,0,0,0,0,0,0,"N",0.40,0,0,0,0,0,0,0,"N",0,0.0,0,0,0,0,0,0,0,0,0,0,0,0,0,0
"C2714","5","518210","48","0","2015","3","",21,1067,1157,1239,6444457,3620064,50518,429,"",0.78,1.97,2.13,2.30,0.63,4.79,6.50,0.30,"N",-3,-12.5,0,0,0,0,0,0,0,0,0,0,0,0,0,0
"C2718","5","518210","48","0","2015","3","N",3,0,0,0,0,0,0,0,"N",0.54,0,0,0,0,0,0,0,"N",0,0.0,0,0,0,0,0,0,0,0,0,0,0,0,0,0
"C2726","5","518210","48","0","2015","3","N",87,0,0,0,0,0,0,0,"N",1.14,0,0,0,0,0,0,0,"N",-3,-3.3,0,0,0,0,0,0,0,0,0,0,0,0,0,0
"C2734","5","518210","48","0","2015","3","N",3,0,0,0,0,0,0,0,"N",0.52,0,0,0,0,0,0,0,"N",0,0.0,0,0,0,0,0,0,0,0,0,0,0,0,0,0
"C2750","5","518210","48","0","2015","3","N",5,0,0,0,0,0,0,0,"N",0.80,0,0,0,0,0,0,0,"N",-1,-16.7,0,0,0,0,0,0,0,0,0,0,0,0,0,0
"C2762","5","518210","48","0","2015","3","",6,332,340,339,3655594,523517,7235,834,"",0.82,2.15,2.20,2.15,1.33,3.15,2.07,0.61,"",1,20.0,26,8.5,36,11.8,37,12.3,396399,12.2,-93617,-15.2,-3010,-29.4,9,1.1
"C2774","5","518210","48","0","2015","3","N",3,0,0,0,0,0,0,0,"N",0.42,0,0,0,0,0,0,0,"N",-2,-40.0,0,0,0,0,0,0,0,0,0,0,0,0,0,0
"C2778","5","518210","48","0","2015","3","N",5,0,0,0,0,0,0,0,"N",0.74,0,0,0,0,0,0,0,"N",2,66.7,0,0,0,0,0,0,0,0,0,0,0,0,0,0
"C2786","5","518210","48","0","2015","3","N",1,0,0,0,0,0,0,0,"N",0.16,0,0,0,0,0,0,0,"N",-1,-50.0,0,0,0,0,0,0,0,0,0,0,0,0,0,0
"C2790","5","518210","48","0","2015","3","N",1,0,0,0,0,0,0,0,"N",0.12,0,0,0,0,0,0,0,"N",-1,-50.0,0,0,0,0,0,0,0,0,0,0,0,0,0,0
"C2798","5","518210","48","0","2015","3","",3,10,10,10,88098,59573,1404,678,"",0.27,0.06,0.06,0.06,0.03,0.07,0.11,0.46,"N",-1,-25.0,0,0,0,0,0,0,0,0,0,0,0,0,0,0
"C2802","5","518210","48","0","2015","3","",4,16,14,15,153710,15184,316,788,"",0.33,0.05,0.05,0.05,0.03,0.05,0.03,0.49,"N",2,100.0,0,0,0,0,0,0,0,0,0,0,0,0,0,0
"C2810","5","518210","48","0","2015","3","N",1,0,0,0,0,0,0,0,"N",0.21,0,0,0,0,0,0,0,"N",1,100.0,0,0,0,0,0,0,0,0,0,0,0,0,0,0
"C2814","5","518210","48","0","2015","3","",115,3743,3680,3681,67589346,3401660,83508,1405,"",0.99,1.75,1.72,1.73,1.40,0.86,1.00,0.81,"",-4,-3.4,-386,-9.3,-433,-10.5,-373,-9.2,-6401022,-8.7,334264,10.9,1375,1.7,16,1.2
"C2842","5","518210","48","0","2015","3","N",3,0,0,0,0,0,0,0,"N",0.19,0,0,0,0,0,0,0,"N",1,50.0,0,0,0,0,0,0,0,0,0,0,0,0,0,0
"C2866","5","518210","48","0","2015","3","",7,52,52,52,1399162,42380,1424,2070,"",0.57,0.18,0.18,0.18,0.25,0.16,0.22,1.39,"N",3,75.0,0,0,0,0,0,0,0,0,0,0,0,0,0,0
"C2870","5","518210","48","0","2015","3","N",4,0,0,0,0,0,0,0,"N",0.32,0,0,0,0,0,0,0,"N",1,33.3,0,0,0,0,0,0,0,0,0,0,0,0,0,0
"C2874","5","518210","48","0","2015","3","N",5,0,0,0,0,0,0,0,"N",0.51,0,0,0,0,0,0,0,"N",-2,-28.6,0,0,0,0,0,0,0,0,0,0,0,0,0,0
"C2894","5","518210","48","0","2015","3","",28,359,360,359,8638111,206923,2439,1849,"",0.81,0.46,0.46,0.46,0.54,0.27,0.23,1.17,"",-1,-3.4,61,20.5,48,15.4,46,14.7,3048194,54.5,-207221,-50.0,-3675,-60.1,451,32.3
"C2910","5","518210","48","0","2015","3","N",9,0,0,0,0,0,0,0,"N",1.40,0,0,0,0,0,0,0,"N",0,0.0,0,0,0,0,0,0,0,0,0,0,0,0,0,0
"C2918","5","518210","48","0","2015","3","N",8,0,0,0,0,0,0,0,"N",0.29,0,0,0,0,0,0,0,"N",-6,-42.9,0,0,0,0,0,0,0,0,0,0,0,0,0,0
"C2920","5","518210","48","0","2015","3","N",3,0,0,0,0,0,0,0,"N",0.41,0,0,0,0,0,0,0,"N",-1,-25.0,0,0,0,0,0,0,0,0,0,0,0,0,0,0
"C2934","5","518210","48","0","2015","3","N",5,0,0,0,0,0,0,0,"N",0.52,0,0,0,0,0,0,0,"N",0,0.0,0,0,0,0,0,0,0,0,0,0,0,0,0,0
"C2942","5","518210","48","0","2015","3","N",2,0,0,0,0,0,0,0,"N",0.30,0,0,0,0,0,0,0,"N",0,0.0,0,0,0,0,0,0,0,0,0,0,0,0,0,0
"C2946","5","518210","48","0","2015","3","N",2,0,0,0,0,0,0,0,"N",0.09,0,0,0,0,0,0,0,"N",0,0.0,0,0,0,0,0,0,0,0,0,0,0,0,0,0
"C2954","5","518210","48","0","2015","3","",7,74,75,75,1111540,61225,2716,1145,"",0.28,0.15,0.15,0.15,0.11,0.14,0.11,0.75,"",1,16.7,9,13.8,9,13.6,12,19.0,-1708932,-60.6,12041,24.5,-239,-8.1,-2210,-65.9
"C2962","5","518210","48","0","2015","3","",14,529,532,535,14103899,280089,10154,2039,"",0.82,1.23,1.23,1.23,1.53,0.83,0.79,1.25,"",1,7.7,77,17.0,79,17.4,68,14.6,8634971,157.9,-17399,-5.8,-131,-1.3,1119,121.6
"C2970","5","518210","48","0","2015","3","N",1,0,0,0,0,0,0,0,"N",0.10,0,0,0,0,0,0,0,"N",0,0.0,0,0,0,0,0,0,0,0,0,0,0,0,0,0
"C2974","5","518210","48","0","2015","3","N",4,0,0,0,0,0,0,0,"N",0.48,0,0,0,0,0,0,0,"N",0,0.0,0,0,0,0,0,0,0,0,0,0,0,0,0,0
"C2982","5","518210","48","0","2015","3","",213,1262,1318,1286,21323651,6924300,143789,1273,"",2.08,0.65,0.68,0.67,0.54,0.83,0.80,0.81,"",10,4.9,170,15.6,216,19.6,188,17.1,1998245,10.3,1404136,25.4,31104,27.6,-82,-6.1
"C2994","5","518210","48","0","2015","3","N",5,0,0,0,0,0,0,0,"N",0.89,0,0,0,0,0,0,0,"N",1,25.0,0,0,0,0,0,0,0,0,0,0,0,0,0,0
"C3002","5","518210","48","0","2015","3","N",1,0,0,0,0,0,0,0,"N",0.21,0,0,0,0,0,0,0,"N",0,0.0,0,0,0,0,0,0,0,0,0,0,0,0,0,0
"C3014","5","518210","48","0","2015","3","N",1,0,0,0,0,0,0,0,"N",0.19,0,0,0,0,0,0,0,"N",0,0.0,0,0,0,0,0,0,0,0,0,0,0,0,0,0
"C3030","5","518210","48","0","2015","3","N",1,0,0,0,0,0,0,0,"N",0.29,0,0,0,0,0,0,0,"N",1,100.0,0,0,0,0,0,0,0,0,0,0,0,0,0,0
"C3034","5","518210","48","0","2015","3","",5,9,9,9,215197,12190,210,1839,"",0.87,0.09,0.09,0.09,0.11,0.09,0.05,1.31,"",2,66.7,-3,-25.0,-3,-25.0,-3,-25.0,59661,38.4,6442,112.1,115,121.1,842,84.5
"C3046","5","518210","48","0","2015","3","",38,2892,2868,2785,25156552,3857147,134110,679,"",1.31,5.28,5.15,4.99,2.19,6.36,6.96,0.43,"",-2,-5.0,-129,-4.3,-332,-10.4,-296,-9.6,-1824315,-6.8,-218716,-5.4,-8857,-6.2,10,1.5
"C3062","5","518210","48","0","2015","3","N",2,0,0,0,0,0,0,0,"N",0.43,0,0,0,0,0,0,0,"N",0,0.0,0,0,0,0,0,0,0,0,0,0,0,0,0,0
"C3070","5","518210","48","0","2015","3","",19,174,176,175,3407465,112945,1708,1498,"",0.97,0.47,0.47,0.48,0.48,0.36,0.41,1.01,"",4,26.7,9,5.5,11,6.7,6,3.6,1187135,53.5,-8795,-7.2,-790,-31.6,471,45.9
"C3078","5","518210","48","0","2015","3","",35,286,281,279,4614850,297860,7198,1259,"",0.88,0.42,0.40,0.40,0.34,0.34,0.29,0.83,"",-5,-12.5,-192,-40.2,-201,-41.7,-194,-41.0,-2715944,-37.0,-224101,-42.9,-9429,-56.7,78,6.6
"C3086","5","518210","48","0","2015","3","N",8,0,0,0,0,0,0,0,"N",1.10,0,0,0,0,0,0,0,"N",3,60.0,0,0,0,0,0,0,0,0,0,0,0,0,0,0
"C3102","5","518210","48","0","2015","3","N",2,0,0,0,0,0,0,0,"N",0.36,0,0,0,0,0,0,0,"N",0,0.0,0,0,0,0,0,0,0,0,0,0,0,0,0,0
"C3108","5","518210","48","0","2015","3","",551,9072,9141,9113,240736405,7615282,394559,2033,"",0.52,0.74,0.75,0.74,0.75,0.74,0.78,1.02,"",88,19.0,1470,19.3,1523,20.0,1600,21.3,61470562,34.3,2502610,48.9,122129,44.8,213,11.7
"C3114","5","518210","48","0","2015","3","",60,1219,1229,1230,22333185,960695,32447,1401,"",0.90,0.94,0.93,0.94,0.81,0.66,0.68,0.87,"",4,7.1,-32,-2.6,-21,-1.7,-41,-3.2,-627502,-2.7,262805,37.7,5874,22.1,-4,-0.3
"C3118","5","518210","48","0","2015","3","N",4,0,0,0,0,0,0,0,"N",0.27,0,0,0,0,0,0,0,"N",1,33.3,0,0,0,0,0,0,0,0,0,0,0,0,0,0
"C3134","5","518210","48","0","2015","3","",11,152,152,151,2026943,76109,4578,1028,"",0.80,0.71,0.71,0.72,0.52,0.48,1.19,0.73,"",-2,-15.4,1,0.7,8,5.6,3,2.0,-292068,-12.6,-26603,-25.9,-1807,-28.3,-180,-14.9
"C3142","5","518210","48","0","2015","3","N",6,0,0,0,0,0,0,0,"N",0.56,0,0,0,0,0,0,0,"N",1,20.0,0,0,0,0,0,0,0,0,0,0,0,0,0,0
"C3146","5","518210","48","0","2015","3","N",1,0,0,0,0,0,0,0,"N",0.13,0,0,0,0,0,0,0,"N",0,0.0,0,0,0,0,0,0,0,0,0,0,0,0,0,0
"C3154","5","518210","48","0","2015","3","N",38,0,0,0,0,0,0,0,"N",1.12,0,0,0,0,0,0,0,"N",1,2.7,0,0,0,0,0,0,0,0,0,0,0,0,0,0
"C3170","5","518210","48","0","2015","3","",17,199,195,188,2303971,344688,4220,914,"",0.74,0.48,0.47,0.45,0.22,0.60,0.58,0.48,"",-3,-15.0,-33,-14.2,-37,-15.9,-34,-15.3,-192170,-7.7,17720,5.4,-1192,-22.0,74,8.8
"C3174","5","518210","48","0","2015","3","",3,2,3,3,52801,15936,423,1523,"",0.69,0.02,0.04,0.04,0.04,0.11,0.15,1.14,"N",1,50.0,0,0,0,0,0,0,0,0,0,0,0,0,0,0
"C3186","5","518210","48","0","2015","3","N",2,0,0,0,0,0,0,0,"N",0.41,0,0,0,0,0,0,0,"N",-1,-33.3,0,0,0,0,0,0,0,0,0,0,0,0,0,0
"C3190","5","518210","48","0","2015","3","N",3,0,0,0,0,0,0,0,"N",0.59,0,0,0,0,0,0,0,"N",1,50.0,0,0,0,0,0,0,0,0,0,0,0,0,0,0
"C3258","5","518210","48","0","2015","3","",5,55,55,54,430682,47703,1266,606,"",0.22,0.11,0.11,0.10,0.06,0.09,0.12,0.52,"",0,0.0,-2,-3.5,-3,-5.2,-4,-6.9,-46093,-9.7,26556,125.6,548,76.3,-30,-4.7
"C3278","5","518210","48","0","2015","3","",13,20,21,22,556137,131790,2732,2037,"",0.99,0.11,0.12,0.12,0.17,0.16,0.12,1.44,"",2,18.2,5,33.3,4,23.5,5,29.4,278601,100.4,47256,55.9,474,21.0,730,55.9
"C3282","5","518210","48","0","2015","3","N",43,0,0,0,0,0,0,0,"N",0.86,0,0,0,0,0,0,0,"N",-3,-6.5,0,0,0,0,0,0,0,0,0,0,0,0,0,0
"C3290","5","518210","48","0","2015","3","N",3,0,0,0,0,0,0,0,"N",0.26,0,0,0,0,0,0,0,"N",1,50.0,0,0,0,0,0,0,0,0,0,0,0,0,0,0
"C3310","5","518210","48","0","2015","3","",383,5020,5094,5128,102183541,3224283,82188,1547,"",0.96,0.99,1.00,1.01,0.91,0.80,0.91,0.91,"",0,0.0,539,12.0,598,13.3,642,14.3,13984032,15.9,-182903,-5.4,-21356,-20.6,35,2.3
"C3314","5","518210","48","0","2015","3","N",1,0,0,0,0,0,0,0,"N",0.23,0,0,0,0,0,0,0,"N",0,0.0,0,0,0,0,0,0,0,0,0,0,0,0,0,0
"C3322","5","518210","48","0","2015","3","N",4,0,0,0,0,0,0,0,"N",0.86,0,0,0,0,0,0,0,"N",1,33.3,0,0,0,0,0,0,0,0,0,0,0,0,0,0
"C3326","5","518210","48","0","2015","3","N",3,0,0,0,0,0,0,0,"N",0.28,0,0,0,0,0,0,0,"N",-1,-25.0,0,0,0,0,0,0,0,0,0,0,0,0,0,0
"C3334","5","518210","48","0","2015","3","",53,4609,4600,4581,96767343,3240098,101871,1619,"",0.64,2.64,2.63,2.64,2.50,1.34,1.14,0.95,"",-1,-1.9,-50,-1.1,15,0.3,-17,-0.4,2289676,2.4,-614513,-15.9,-27548,-21.3,44,2.8
"C3346","5","518210","48","0","2015","3","",150,5868,5875,5745,116020345,18801733,235071,1531,"",0.92,1.49,1.49,1.47,1.15,1.42,1.02,0.77,"",-25,-14.3,34,0.6,110,1.9,-11,-0.2,5031289,4.5,449985,2.5,-15612,-6.2,55,3.7
"C3354","5","518210","48","0","2015","3","",9,87,91,90,933626,496595,8618,804,"",0.98,0.71,0.74,0.72,0.42,0.85,0.98,0.58,"",-1,-10.0,-5,-5.4,2,2.2,2,2.3,43174,4.8,-10643,-2.1,-2702,-23.9,40,5.2
"C3366","5","518210","48","0","2015","3","",7,129,133,135,1586996,77925,1601,922,"",0.38,0.36,0.37,0.38,0.22,0.26,0.22,0.59,"",-2,-22.2,-15,-10.4,-12,-8.3,-9,-6.2,-517038,-24.6,-13980,-15.2,-211,-11.6,-199,-17.8
"C3370","5","518210","48","0","2015","3","N",3,0,0,0,0,0,0,0,"N",0.11,0,0,0,0,0,0,0,"N",0,0.0,0,0,0,0,0,0,0,0,0,0,0,0,0,0
"C3374","5","518210","48","0","2015","3","N",7,0,0,0,0,0,0,0,"N",0.74,0,0,0,0,0,0,0,"N",0,0.0,0,0,0,0,0,0,0,0,0,0,0,0,0,0
"C3378","5","518210","48","0","2015","3","N",2,0,0,0,0,0,0,0,"N",0.48,0,0,0,0,0,0,0,"N",0,0.0,0,0,0,0,0,0,0,0,0,0,0,0,0,0
"C3386","5","518210","48","0","2015","3","N",7,0,0,0,0,0,0,0,"N",0.43,0,0,0,0,0,0,0,"N",-2,-22.2,0,0,0,0,0,0,0,0,0,0,0,0,0,0
"C3406","5","518210","48","0","2015","3","",10,256,288,271,3290243,209991,5492,932,"",1.61,1.98,2.21,2.02,1.19,1.48,1.42,0.58,"",0,0.0,24,10.3,52,22.0,29,12.0,846538,34.6,-68341,-24.6,-2027,-27.0,138,17.4
"C3410","5","518210","48","0","2015","3","N",3,0,0,0,0,0,0,0,"N",0.80,0,0,0,0,0,0,0,"N",2,200.0,0,0,0,0,0,0,0,0,0,0,0,0,0,0
"C3458","5","518210","48","0","2015","3","",5,23,23,26,374337,214958,1382,1200,"",0.66,0.21,0.22,0.25,0.18,0.41,0.14,0.79,"N",3,150.0,0,0,0,0,0,0,0,0,0,0,0,0,0,0
"C3462","5","518210","48","0","2015","3","N",1,0,0,0,0,0,0,0,"N",0.24,0,0,0,0,0,0,0,"N",1,100.0,0,0,0,0,0,0,0,0,0,0,0,0,0,0
"C3474","5","518210","48","0","2015","3","N",2,0,0,0,0,0,0,0,"N",0.37,0,0,0,0,0,0,0,"N",0,0.0,0,0,0,0,0,0,0,0,0,0,0,0,0,0
"C3482","5","518210","48","0","2015","3","",12,21,22,24,276785,91998,1084,953,"",0.57,0.06,0.07,0.07,0.06,0.13,0.06,0.84,"N",6,100.0,0,0,0,0,0,0,0,0,0,0,0,0,0,0
"C3490","5","518210","48","0","2015","3","",4,49,52,56,1513623,43132,1553,2225,"",0.38,0.30,0.31,0.34,0.39,0.29,0.20,1.25,"",0,0.0,11,28.9,15,40.5,21,60.0,443125,41.4,22132,105.4,839,117.5,-21,-0.9
"C3494","5","518210","48","0","2015","3","",12,24,23,23,467245,9516,302,1540,"",0.50,0.09,0.08,0.08,0.09,0.04,0.07,1.02,"",-2,-14.3,-1,-4.0,0,0.0,-4,-14.8,-228343,-32.8,7238,317.7,195,182.2,-600,-28.0
"C3498","5","518210","48","0","2015","3","",145,3555,3683,3588,68490423,3672500,39161,1460,"",1.71,1.93,1.97,1.93,1.60,1.88,1.61,0.82,"",-6,-4.0,286,8.7,442,13.6,395,12.4,7525167,12.3,1315285,55.8,12957,49.4,10,0.7
"C3510","5","518210","48","0","2015","3","N",6,0,0,0,0,0,0,0,"N",1.13,0,0,0,0,0,0,0,"N",1,20.0,0,0,0,0,0,0,0,0,0,0,0,0,0,0
"C3530","5","518210","48","0","2015","3","",23,204,199,202,3279584,248867,8416,1251,"",0.52,0.27,0.26,0.26,0.17,0.22,0.18,0.66,"",1,4.5,6,3.0,0,0.0,-1,-0.5,395826,13.7,-82772,-25.0,-3855,-31.4,142,12.8
"C3538","5","518210","48","0","2015","3","",77,382,379,369,6082430,448949,6346,1242,"",1.11,0.33,0.32,0.32,0.24,0.45,0.36,0.73,"",-19,-19.8,-13,-3.3,-4,-1.0,-11,-2.9,-808847,-11.7,131537,41.4,2633,70.9,-131,-9.5
"C3562","5","518210","48","0","2015","3","",967,19214,19220,19018,702574684,36654778,1144844,2822,"",0.83,1.01,1.02,1.00,1.21,1.00,0.92,1.20,"",25,2.7,1230,6.8,1223,6.8,1046,5.8,193346537,38.0,3632064,11.0,-51307,-4.3,644,29.6
"C3584","5","518210","48","0","2015","3","",29,149,150,142,1584762,197515,6026,829,"",0.61,0.26,0.26,0.25,0.15,0.41,0.70,0.58,"",-4,-12.1,6,4.2,10,7.1,6,4.4,239193,17.8,-96442,-32.8,-2448,-28.9,88,11.9
"C3598","5","518210","48","0","2015","3","",8,42,41,42,657366,62418,1759,1214,"",0.58,0.16,0.16,0.16,0.11,0.17,0.11,0.69,"",1,14.3,-11,-20.8,-11,-21.2,-11,-20.8,-11056,-1.7,8482,15.7,-868,-33.0,238,24.4
"C3610","5","518210","48","0","2015","3","N",4,0,0,0,0,0,0,0,"N",0.27,0,0,0,0,0,0,0,"N",-1,-20.0,0,0,0,0,0,0,0,0,0,0,0,0,0,0
"C3614","5","518210","48","0","2015","3","N",2,0,0,0,0,0,0,0,"N",0.28,0,0,0,0,0,0,0,"N",0,0.0,0,0,0,0,0,0,0,0,0,0,0,0,0,0
"C3622","5","518210","48","0","2015","3","N",2,0,0,0,0,0,0,0,"N",0.27,0,0,0,0,0,0,0,"N",0,0.0,0,0,0,0,0,0,0,0,0,0,0,0,0,0
"C3626","5","518210","48","0","2015","3","N",20,0,0,0,0,0,0,0,"N",0.69,0,0,0,0,0,0,0,"N",0,0.0,0,0,0,0,0,0,0,0,0,0,0,0,0,0
"C3642","5","518210","48","0","2015","3","",75,783,762,754,11746553,1023680,15923,1179,"",1.02,0.62,0.60,0.59,0.43,0.41,0.68,0.72,"",6,8.7,75,10.6,61,8.7,9,1.2,1202224,11.4,-400931,-28.1,-12678,-44.3,49,4.3
"C3650","5","518210","48","0","2015","3","",17,45,48,45,2392910,329405,4628,4002,"",1.13,0.20,0.21,0.20,0.47,0.39,0.33,2.34,"",7,70.0,18,66.7,18,60.0,15,50.0,578234,31.9,150645,84.3,2683,137.9,-811,-16.9
"C3654","5","518210","48","0","2015","3","",68,4657,4677,4630,85553560,3121756,30926,1414,"",1.32,4.65,4.67,4.68,3.99,2.68,1.88,0.86,"",-4,-5.6,260,5.9,274,6.2,180,4.0,7836969,10.1,338591,12.2,-5659,-15.5,60,4.4
"C3674","5","518210","48","0","2015","3","",154,3411,3383,3338,56882366,2159237,59585,1296,"",1.23,1.45,1.42,1.41,1.21,1.10,1.45,0.85,"",-4,-2.5,-884,-20.6,-868,-20.4,-827,-19.9,-9364688,-14.1,-265301,-10.9,-25009,-29.6,93,7.7
"C3678","5","518210","48","0","2015","3","N",5,0,0,0,0,0,0,0,"N",0.73,0,0,0,0,0,0,0,"N",2,66.7,0,0,0,0,0,0,0,0,0,0,0,0,0,0
"C3698","5","518210","48","0","2015","3","N",2,0,0,0,0,0,0,0,"N",0.30,0,0,0,0,0,0,0,"N",-1,-33.3,0,0,0,0,0,0,0,0,0,0,0,0,0,0
"C3710","5","518210","48","0","2015","3","",26,318,318,326,8845181,246572,12356,2122,"",0.55,0.48,0.48,0.49,0.58,0.47,0.48,1.19,"",-4,-13.3,29,10.0,27,9.3,35,12.0,1377883,18.5,107725,77.6,5574,82.2,144,7.3
"C3734","5","518210","48","0","2015","3","",21,105,109,110,2050195,85560,3556,1460,"",0.75,0.25,0.26,0.27,0.23,0.28,0.57,0.90,"",2,10.5,17,19.3,20,22.5,23,26.4,306640,17.6,47026,122.0,2139,151.0,-64,-4.2
"C3746","5","518210","48","0","2015","3","N",2,0,0,0,0,0,0,0,"N",0.18,0,0,0,0,0,0,0,"N",1,100.0,0,0,0,0,0,0,0,0,0,0,0,0,0,0
"C3762","5","518210","48","0","2015","3","N",2,0,0,0,0,0,0,0,"N",0.45,0,0,0,0,0,0,0,"N",0,0.0,0,0,0,0,0,0,0,0,0,0,0,0,0,0
"C3786","5","518210","48","0","2015","3","N",11,0,0,0,0,0,0,0,"N",0.52,0,0,0,0,0,0,0,"N",-3,-21.4,0,0,0,0,0,0,0,0,0,0,0,0,0,0
"C3790","5","518210","48","0","2015","3","N",3,0,0,0,0,0,0,0,"N",0.18,0,0,0,0,0,0,0,"N",-2,-40.0,0,0,0,0,0,0,0,0,0,0,0,0,0,0
"C3798","5","518210","48","0","2015","3","",335,5955,6013,5951,116076179,7366531,284654,1495,"",1.10,1.04,1.06,1.05,0.78,0.86,0.82,0.75,"",25,8.1,211,3.7,253,4.4,168,2.9,9694856,9.1,383961,5.5,-685,-0.2,75,5.3
"C3806","5","518210","48","0","2015","3","N",293,0,0,0,0,0,0,0,"N",1.60,0,0,0,0,0,0,0,"N",6,2.1,0,0,0,0,0,0,0,0,0,0,0,0,0,0
"C3830","5","518210","48","0","2015","3","",56,1018,1033,1022,19054189,623345,30616,1431,"",0.47,0.43,0.44,0.44,0.34,0.31,0.24,0.79,"",-7,-11.1,134,15.2,143,16.1,141,16.0,3580052,23.1,175499,39.2,7728,33.8,86,6.4
"C3834","5","518210","48","0","2015","3","N",3,0,0,0,0,0,0,0,"N",0.32,0,0,0,0,0,0,0,"N",0,0.0,0,0,0,0,0,0,0,0,0,0,0,0,0,0
"C3854","5","518210","48","0","2015","3","N",3,0,0,0,0,0,0,0,"N",0.72,0,0,0,0,0,0,0,"N",1,50.0,0,0,0,0,0,0,0,0,0,0,0,0,0,0
"C3866","5","518210","48","0","2015","3","N",1,0,0,0,0,0,0,0,"N",0.15,0,0,0,0,0,0,0,"N",0,0.0,0,0,0,0,0,0,0,0,0,0,0,0,0,0
"C3886","5","518210","48","0","2015","3","",25,204,205,203,4564607,204237,4776,1721,"",0.63,0.35,0.35,0.36,0.39,0.26,0.21,1.10,"",3,13.6,28,15.9,17,9.0,14,7.4,1183130,35.0,35880,21.3,1006,26.7,310,22.0
"C3890","5","518210","48","0","2015","3","",213,3025,3106,3138,74415321,15573780,376937,1853,"",1.37,1.28,1.32,1.34,1.26,1.45,1.41,0.96,"",2,0.9,122,4.2,190,6.5,231,7.9,10556281,16.5,-182245,-1.2,-19975,-5.0,164,9.7
"C3894","5","518210","48","0","2015","3","",12,27,27,28,538664,15740,771,1516,"",0.53,0.10,0.10,0.10,0.11,0.07,0.17,1.11,"N",0,0.0,0,0,0,0,0,0,0,0,0,0,0,0,0,0
"C3914","5","518210","48","0","2015","3","N",2,0,0,0,0,0,0,0,"N",0.20,0,0,0,0,0,0,0,"N",0,0.0,0,0,0,0,0,0,0,0,0,0,0,0,0,0
"C3930","5","518210","48","0","2015","3","",113,2719,2728,2691,44125064,6851842,170893,1251,"",1.23,1.86,1.88,1.85,1.39,1.95,1.35,0.75,"N",4,3.7,0,0,0,0,0,0,0,0,0,0,0,0,0,0
"C3934","5","518210","48","0","2015","3","",55,2131,2133,2153,29464603,14304672,105302,1060,"",1.97,4.71,4.66,4.71,3.50,8.07,6.57,0.75,"",9,19.6,322,17.8,302,16.5,319,17.4,4536343,18.2,4559713,46.8,44339,72.7,9,0.9
"C3938","5","518210","48","0","2015","3","N",3,0,0,0,0,0,0,0,"N",0.51,0,0,0,0,0,0,0,"N",-1,-25.0,0,0,0,0,0,0,0,0,0,0,0,0,0,0
"C3946","5","518210","48","0","2015","3","N",5,0,0,0,0,0,0,0,"N",0.60,0,0,0,0,0,0,0,"N",2,66.7,0,0,0,0,0,0,0,0,0,0,0,0,0,0
"C3954","5","518210","48","0","2015","3","N",4,0,0,0,0,0,0,0,"N",0.51,0,0,0,0,0,0,0,"N",1,33.3,0,0,0,0,0,0,0,0,0,0,0,0,0,0
"C3958","5","518210","48","0","2015","3","N",122,0,0,0,0,0,0,0,"N",1.79,0,0,0,0,0,0,0,"N",15,14.0,0,0,0,0,0,0,0,0,0,0,0,0,0,0
"C3966","5","518210","48","0","2015","3","N",15,0,0,0,0,0,0,0,"N",1.44,0,0,0,0,0,0,0,"N",6,66.7,0,0,0,0,0,0,0,0,0,0,0,0,0,0
"C3974","5","518210","48","0","2015","3","",5,16,14,15,300466,938,26,1541,"",0.30,0.04,0.04,0.04,0.04,0.00,0.00,0.95,"",-2,-28.6,-132,-89.2,-133,-90.5,-133,-89.9,-1094427,-78.5,-153320,-99.4,-7098,-99.6,814,112.0
"C3982","5","518210","48","0","2015","3","N",2,0,0,0,0,0,0,0,"N",0.16,0,0,0,0,0,0,0,"N",1,100.0,0,0,0,0,0,0,0,0,0,0,0,0,0,0
"C3990","5","518210","48","0","2015","3","N",41,0,0,0,0,0,0,0,"N",1.48,0,0,0,0,0,0,0,"N",1,2.5,0,0,0,0,0,0,0,0,0,0,0,0,0,0
"C4006","5","518210","48","0","2015","3","",77,544,532,524,8410034,364720,8601,1213,"",1.07,0.41,0.40,0.40,0.28,0.34,0.32,0.70,"",2,2.7,-31,-5.4,-52,-8.9,-53,-9.2,306110,3.8,-86677,-19.2,-2745,-24.2,136,12.6
"C4014","5","518210","48","0","2015","3","",40,587,600,596,8752894,451540,19878,1133,"",0.19,0.20,0.21,0.21,0.16,0.20,0.18,0.76,"",6,17.6,238,68.2,264,78.6,250,72.3,2306957,35.8,322004,248.6,13387,206.2,-310,-21.5
"C4022","5","518210","48","0","2015","3","",10,67,68,70,676374,30832,660,761,"",0.58,0.21,0.21,0.22,0.11,0.12,0.11,0.51,"",2,25.0,-2,-2.9,-3,-4.2,2,2.9,-9036,-1.3,13237,75.2,500,312.5,1,0.1
"C4034","5","518210","48","0","2015","3","N",3,0,0,0,0,0,0,0,"N",0.33,0,0,0,0,0,0,0,"N",-1,-25.0,0,0,0,0,0,0,0,0,0,0,0,0,0,0
"C4038","5","518210","48","0","2015","3","",42,1525,1524,1497,35612721,2556646,127917,1808,"",0.84,1.44,1.46,1.40,1.56,2.42,2.62,1.09,"",1,2.4,158,11.6,149,10.8,128,9.3,6556721,22.6,49156,2.0,-19432,-13.2,177,10.9
"C4042","5","518210","48","0","2015","3","N",3,0,0,0,0,0,0,0,"N",0.21,0,0,0,0,0,0,0,"N",0,0.0,0,0,0,0,0,0,0,0,0,0,0,0,0,0
"C4058","5","518210","48","0","2015","3","N",4,0,0,0,0,0,0,0,"N",0.67,0,0,0,0,0,0,0,"N",0,0.0,0,0,0,0,0,0,0,0,0,0,0,0,0,0
"C4090","5","518210","48","0","2015","3","N",50,0,0,0,0,0,0,0,"N",0.34,0,0,0,0,0,0,0,"N",14,38.9,0,0,0,0,0,0,0,0,0,0,0,0,0,0
"C4098","5","518210","48","0","2015","3","N",2,0,0,0,0,0,0,0,"N",0.26,0,0,0,0,0,0,0,"N",0,0.0,0,0,0,0,0,0,0,0,0,0,0,0,0,0
"C4106","5","518210","48","0","2015","3","",7,198,198,195,2523056,907214,15623,985,"",0.74,0.91,0.91,0.90,0.59,1.13,0.99,0.65,"",0,0.0,-39,-16.5,-33,-14.3,-27,-12.2,-570334,-18.4,-13513,-1.5,-507,-3.1,-50,-4.8
"C4110","5","518210","48","0","2015","3","",8,103,103,107,1427568,452888,3777,1053,"",0.83,0.86,0.85,0.88,0.79,0.96,0.81,0.91,"",1,14.3,33,47.1,32,45.1,27,33.8,231428,19.3,170702,60.5,1675,79.7,-196,-15.7
"C4114","5","518210","48","0","2015","3","N",1,0,0,0,0,0,0,0,"N",0.16,0,0,0,0,0,0,0,"N",0,0.0,0,0,0,0,0,0,0,0,0,0,0,0,0,0
"C4118","5","518210","48","0","2015","3","",109,5352,5353,5303,212407673,3811492,67079,3062,"",0.71,1.95,1.94,1.93,3.47,1.05,0.73,1.79,"",5,4.8,-611,-10.2,-591,-9.9,-547,-9.4,-11367259,-5.1,-274667,-6.7,-6408,-8.7,154,5.3
"C4142","5","518210","48","0","2015","3","",9,25,25,25,324158,153475,4538,997,"",0.40,0.07,0.07,0.07,0.05,0.11,0.12,0.69,"N",-4,-30.8,0,0,0,0,0,0,0,0,0,0,0,0,0,0
"C4150","5","518210","48","0","2015","3","N",1,0,0,0,0,0,0,0,"N",0.04,0,0,0,0,0,0,0,"N",1,100.0,0,0,0,0,0,0,0,0,0,0,0,0,0,0
"C4154","5","518210","48","0","2015","3","",13,25,24,24,327653,74742,1123,1036,"",0.60,0.07,0.07,0.07,0.06,0.11,0.06,0.79,"N",3,30.0,0,0,0,0,0,0,0,0,0,0,0,0,0,0
"C4162","5","518210","48","0","2015","3","",174,2945,2968,2916,44916624,14276083,117789,1174,"",2.14,2.07,2.09,2.07,1.41,2.53,2.07,0.68,"",3,1.8,-743,-20.1,-674,-18.5,-652,-18.3,-1215084,-2.6,-3410091,-19.3,-78235,-39.9,197,20.2
"C4166","5","518210","48","0","2015","3","N",1,0,0,0,0,0,0,0,"N",0.17,0,0,0,0,0,0,0,"N",0,0.0,0,0,0,0,0,0,0,0,0,0,0,0,0,0
"C4170","5","518210","48","0","2015","3","",60,7290,7289,7282,149834623,4404612,153015,1582,"",0.66,3.58,3.59,3.61,3.56,2.07,3.50,0.99,"",-1,-1.6,126,1.8,107,1.5,77,1.1,9359142,6.7,-19094,-0.4,12734,9.1,78,5.2
"C4174","5","518210","48","0","2015","3","",134,1999,1971,1871,53968368,1355260,64101,2132,"",0.69,0.68,0.67,0.64,0.71,0.62,0.59,1.06,"",19,16.5,503,33.6,465,30.9,350,23.0,11030022,25.7,383385,39.4,21871,51.8,-59,-2.7
"C4186","5","518210","48","0","2015","3","",447,8821,9064,8951,362910556,8482337,379252,3121,"",1.27,1.83,1.88,1.86,2.08,2.17,1.97,1.12,"",173,63.1,3628,69.9,3813,72.6,3730,71.4,183232195,102.0,4724568,125.7,201221,113.0,474,17.9
"C4194","5","518210","48","0","2015","3","",213,8508,8401,8232,411099275,5159349,229488,3773,"",1.63,3.83,3.78,3.73,3.73,2.98,2.66,0.99,"",58,37.4,1202,16.5,1054,14.3,926,12.7,34507686,9.2,1244495,31.8,41061,21.8,-185,-4.7
"C4198","5","518210","48","0","2015","3","",31,2390,2418,2459,26533145,1197610,41411,843,"",0.53,1.76,1.78,1.81,1.50,1.60,1.48,0.84,"",4,14.8,407,20.5,393,19.4,384,18.5,4999634,23.2,378021,46.1,14406,53.3,26,3.2
"C4202","5","518210","48","0","2015","3","",7,106,103,99,1706241,138487,7835,1278,"",0.37,0.43,0.43,0.41,0.36,0.65,0.78,0.84,"",0,0.0,19,21.8,17,19.8,12,13.8,558679,48.7,40858,41.9,1811,30.1,259,25.4
"C4210","5","518210","48","0","2015","3","",7,9,9,10,151824,19194,671,1251,"",0.40,0.04,0.04,0.05,0.03,0.08,0.06,0.76,"",2,40.0,2,28.6,2,28.6,3,42.9,97740,180.7,14610,318.7,508,311.7,657,110.6
"C4214","5","518210","48","0","2015","3","",7,9,9,10,103107,30027,275,850,"",0.67,0.07,0.07,0.08,0.04,0.08,0.03,0.58,"",-3,-30.0,-4,-30.8,-3,-25.0,-2,-16.7,-52880,-33.9,-34604,-53.5,-489,-64.0,-123,-12.6
"C4220","5","518210","48","0","2015","3","",16,409,416,432,9564303,579740,23460,1756,"",0.57,0.98,1.00,1.03,1.01,1.63,1.35,1.01,"",2,14.3,170,71.1,177,74.1,195,82.3,4520690,89.6,154584,36.4,518,2.3,128,7.9
"C4222","5","518210","48","0","2015","3","",8,76,82,87,1573501,81565,4233,1482,"",0.22,0.18,0.19,0.20,0.16,0.23,0.24,0.85,"",-2,-20.0,-11,-12.6,-14,-14.6,-12,-12.1,-91370,-5.5,-56743,-41.0,-4215,-49.9,120,8.8
"C4234","5","518210","48","0","2015","3","",7,51,52,52,838351,28822,765,1248,"",0.38,0.15,0.15,0.15,0.12,0.07,0.09,0.83,"",1,16.7,1,2.0,3,6.1,2,4.0,82041,10.8,-4111,-12.5,-20,-2.5,77,6.6
"C4254","5","518210","48","0","2015","3","N",14,0,0,0,0,0,0,0,"N",0.53,0,0,0,0,0,0,0,"N",0,0.0,0,0,0,0,0,0,0,0,0,0,0,0,0,0
"C4266","5","518210","48","0","2015","3","",328,5988,6039,6040,134903785,40258561,530285,1723,"",1.36,1.50,1.52,1.54,1.07,2.01,1.73,0.70,"",77,30.7,1833,44.1,1863,44.6,1791,42.2,54087849,66.9,12377641,44.4,139099,35.6,241,16.3
"C4268","5","518210","48","0","2015","3","",9,22,23,22,355029,29992,810,1223,"",0.99,0.22,0.23,0.22,0.20,0.40,0.56,0.92,"",3,50.0,8,57.1,7,43.8,5,29.4,137745,63.4,5136,20.7,224,38.2,156,14.6
"C4270","5","518210","48","0","2015","3","N",1,0,0,0,0,0,0,0,"N",0.24,0,0,0,0,0,0,0,"N",1,100.0,0,0,0,0,0,0,0,0,0,0,0,0,0,0
"C4330","5","518210","48","0","2015","3","N",2,0,0,0,0,0,0,0,"N",0.35,0,0,0,0,0,0,0,"N",0,0.0,0,0,0,0,0,0,0,0,0,0,0,0,0,0
"C4334","5","518210","48","0","2015","3","N",17,0,0,0,0,0,0,0,"N",0.79,0,0,0,0,0,0,0,"N",7,70.0,0,0,0,0,0,0,0,0,0,0,0,0,0,0
"C4342","5","518210","48","0","2015","3","",4,31,33,30,385445,26730,661,946,"",0.96,0.44,0.45,0.41,0.27,0.56,0.50,0.63,"N",0,0.0,0,0,0,0,0,0,0,0,0,0,0,0,0,0
"C4358","5","518210","48","0","2015","3","N",5,0,0,0,0,0,0,0,"N",0.49,0,0,0,0,0,0,0,"N",2,66.7,0,0,0,0,0,0,0,0,0,0,0,0,0,0
"C4362","5","518210","48","0","2015","3","N",35,0,0,0,0,0,0,0,"N",2.01,0,0,0,0,0,0,0,"N",9,34.6,0,0,0,0,0,0,0,0,0,0,0,0,0,0
"C4378","5","518210","48","0","2015","3","",12,279,282,281,4311379,356127,7818,1182,"",0.99,1.03,1.03,1.01,0.82,1.35,1.10,0.81,"",1,9.1,14,5.3,17,6.4,11,4.1,362620,9.2,128502,56.5,2235,40.0,43,3.8
"C4390","5","518210","48","0","2015","3","N",8,0,0,0,0,0,0,0,"N",0.66,0,0,0,0,0,0,0,"N",2,33.3,0,0,0,0,0,0,0,0,0,0,0,0,0,0
"C4406","5","518210","48","0","2015","3","",30,228,230,230,3005705,1420850,16798,1008,"",0.92,0.47,0.48,0.48,0.31,0.63,0.42,0.64,"",3,11.1,14,6.5,38,19.8,38,19.8,417229,16.1,227568,19.1,-1778,-9.6,9,0.9
"C4410","5","518210","48","0","2015","3","",8,96,99,94,1173151,129907,4672,937,"",0.76,0.34,0.35,0.34,0.17,0.47,0.44,0.50,"",-1,-11.1,16,20.0,20,25.3,18,23.7,-1506,-0.1,21310,19.6,564,13.7,-217,-18.8
"C4414","5","518210","48","0","2015","3","N",8,0,0,0,0,0,0,0,"N",0.19,0,0,0,0,0,0,0,"N",-1,-11.1,0,0,0,0,0,0,0,0,0,0,0,0,0,0
"C4418","5","518210","48","0","2015","3","",14,284,310,311,3008287,679654,19647,767,"",0.62,0.69,0.76,0.75,0.42,1.16,1.71,0.57,"N",4,40.0,0,0,0,0,0,0,0,0,0,0,0,0,0,0
"C4422","5","518210","48","0","2015","3","N",2,0,0,0,0,0,0,0,"N",0.42,0,0,0,0,0,0,0,"N",-1,-33.3,0,0,0,0,0,0,0,0,0,0,0,0,0,0
"C4430","5","518210","48","0","2015","3","N",4,0,0,0,0,0,0,0,"N",0.61,0,0,0,0,0,0,0,"N",0,0.0,0,0,0,0,0,0,0,0,0,0,0,0,0,0
"C4442","5","518210","48","0","2015","3","",4,2,2,3,59982,0,0,1977,"",0.64,0.02,0.02,0.03,0.03,0.00,0.00,1.43,"N",1,33.3,0,0,0,0,0,0,0,0,0,0,0,0,0,0
"C4470","5","518210","48","0","2015","3","N",1,0,0,0,0,0,0,0,"N",0.03,0,0,0,0,0,0,0,"N",0,0.0,0,0,0,0,0,0,0,0,0,0,0,0,0,0
"C4494","5","518210","48","0","2015","3","N",2,0,0,0,0,0,0,0,"N",0.53,0,0,0,0,0,0,0,"N",1,100.0,0,0,0,0,0,0,0,0,0,0,0,0,0,0
"C4506","5","518210","48","0","2015","3","N",20,0,0,0,0,0,0,0,"N",0.63,0,0,0,0,0,0,0,"N",1,5.3,0,0,0,0,0,0,0,0,0,0,0,0,0,0
"C4522","5","518210","48","0","2015","3","",27,1039,1014,1010,9264408,319262,7427,698,"",1.46,3.04,2.94,2.92,1.44,1.58,1.93,0.49,"",-3,-10.0,-441,-29.8,-369,-26.7,-329,-24.6,-2082753,-18.4,-730503,-69.6,-27974,-79.0,75,12.0
"C4530","5","518210","48","0","2015","3","",170,3203,3296,3456,69020322,1849227,45819,1600,"",1.08,1.28,1.29,1.36,1.31,0.93,1.08,1.00,"",8,4.9,-487,-13.2,-263,-7.4,-82,-2.3,-7423037,-9.7,-424365,-18.7,-23694,-34.1,-35,-2.1
"C4550","5","518210","48","0","2015","3","-",0,0,0,0,0,0,0,0,"N",0.00,0,0,0,0,0,0,0,"N",-1,-100.0,0,0,0,0,0,0,0,0,0,0,0,0,0,0
"C4554","5","518210","48","0","2015","3","",3,3,3,3,18410,329,21,472,"",1.00,0.06,0.05,0.05,0.02,0.01,0.03,0.36,"N",0,0.0,0,0,0,0,0,0,0,0,0,0,0,0,0,0
"C4578","5","518210","48","0","2015","3","",18,49,50,52,901565,48036,1784,1378,"",0.68,0.08,0.08,0.08,0.07,0.09,0.11,0.90,"",2,12.5,-18,-26.9,-13,-20.6,-38,-42.2,55885,6.6,-7631,-13.7,-7,-0.4,491,55.4
"C4582","5","518210","48","0","2015","3","N",7,0,0,0,0,0,0,0,"N",0.60,0,0,0,0,0,0,0,"N",-3,-30.0,0,0,0,0,0,0,0,0,0,0,0,0,0,0
"C4594","5","518210","48","0","2015","3","",35,390,385,382,7576512,1107353,26931,1511,"",1.69,0.77,0.77,0.75,0.50,0.81,0.73,0.66,"",-4,-10.3,-153,-28.2,-168,-30.4,-178,-31.8,209435,2.8,-180175,-14.0,-5746,-17.6,484,47.1
"C4606","5","518210","48","0","2015","3","",25,194,192,195,4380463,62292,1943,1740,"",0.71,0.27,0.25,0.26,0.30,0.12,0.17,1.15,"",0,0.0,-35,-15.3,-37,-16.2,-29,-12.9,-26130,-0.6,-26736,-30.0,-604,-23.7,249,16.7
"C4614","5","518210","48","0","2015","3","",50,235,230,229,2968089,593861,6483,987,"",0.95,0.26,0.26,0.25,0.16,0.32,0.33,0.61,"",3,6.4,-65,-21.7,-49,-17.6,-44,-16.1,-744310,-20.0,-332522,-35.9,-8201,-55.8,-19,-1.9
"C4622","5","518210","48","0","2015","3","N",5,0,0,0,0,0,0,0,"N",0.53,0,0,0,0,0,0,0,"N",0,0.0,0,0,0,0,0,0,0,0,0,0,0,0,0,0
"C4634","5","518210","48","0","2015","3","",6,12,12,14,173204,12522,304,1052,"",0.52,0.05,0.06,0.07,0.04,0.06,0.07,0.70,"",0,0.0,-7,-36.8,-7,-36.8,-5,-26.3,-50125,-22.4,-15356,-55.1,-37,-10.9,148,16.4
"C4652","5","518210","48","0","2015","3","",62,397,394,388,6801813,2461949,37963,1331,"",1.31,0.40,0.40,0.40,0.31,0.57,0.61,0.77,"",-6,-8.8,-26,-6.1,-30,-7.1,-32,-7.6,94978,1.4,-236406,-8.8,-5532,-12.7,109,8.9
"C4654","5","518210","48","0","2015","3","N",7,0,0,0,0,0,0,0,"N",0.56,0,0,0,0,0,0,0,"N",-2,-22.2,0,0,0,0,0,0,0,0,0,0,0,0,0,0
"C4666","5","518210","48","0","2015","3","N",1,0,0,0,0,0,0,0,"N",0.16,0,0,0,0,0,0,0,"N",-1,-50.0,0,0,0,0,0,0,0,0,0,0,0,0,0,0
"C4670","5","518210","48","0","2015","3","N",3,0,0,0,0,0,0,0,"N",0.15,0,0,0,0,0,0,0,"N",1,50.0,0,0,0,0,0,0,0,0,0,0,0,0,0,0
"C4702","5","518210","48","0","2015","3","N",2,0,0,0,0,0,0,0,"N",0.39,0,0,0,0,0,0,0,"N",0,0.0,0,0,0,0,0,0,0,0,0,0,0,0,0,0
"C4722","5","518210","48","0","2015","3","N",1,0,0,0,0,0,0,0,"N",0.17,0,0,0,0,0,0,0,"N",-1,-50.0,0,0,0,0,0,0,0,0,0,0,0,0,0,0
"C4726","5","518210","48","0","2015","3","",57,1453,1448,1427,17523954,749437,21248,934,"",0.74,0.91,0.92,0.92,0.54,0.58,0.66,0.59,"",4,7.5,104,7.7,84,6.2,83,6.2,1750005,11.1,221337,41.9,8213,63.0,37,4.1
"C4738","5","518210","48","0","2015","3","N",11,0,0,0,0,0,0,0,"N",1.09,0,0,0,0,0,0,0,"N",1,10.0,0,0,0,0,0,0,0,0,0,0,0,0,0,0
"C4746","5","518210","48","0","2015","3","",3,16,15,16,129221,96727,950,634,"",0.66,0.26,0.25,0.26,0.11,0.36,0.27,0.44,"",0,0.0,0,0.0,-1,-6.2,-3,-15.8,8707,7.2,-11739,-10.8,-971,-50.5,89,16.3
"C4758","5","518210","48","0","2015","3","",4,48,47,54,861377,18826,495,1334,"",0.60,0.33,0.32,0.37,0.29,0.15,0.18,0.85,"N",2,100.0,0,0,0,0,0,0,0,0,0,0,0,0,0,0
"C4790","5","518210","48","0","2015","3","",574,11922,11840,11962,347356611,10260125,356292,2244,"",1.59,1.82,1.84,1.85,1.66,1.91,2.59,0.91,"",80,16.2,879,8.0,779,7.0,994,9.1,57706132,19.9,1936949,23.3,78266,28.2,223,11.0
"C4794","5","518210","48","0","2015","3","N",6,0,0,0,0,0,0,0,"N",0.65,0,0,0,0,0,0,0,"N",-1,-14.3,0,0,0,0,0,0,0,0,0,0,0,0,0,0
"C4806","5","518210","48","0","2015","3","N",1,0,0,0,0,0,0,0,"N",0.18,0,0,0,0,0,0,0,"N",0,0.0,0,0,0,0,0,0,0,0,0,0,0,0,0,0
"C4814","5","518210","48","0","2015","3","N",1,0,0,0,0,0,0,0,"N",0.15,0,0,0,0,0,0,0,"N",-1,-50.0,0,0,0,0,0,0,0,0,0,0,0,0,0,0
"C4826","5","518210","48","0","2015","3","N",2,0,0,0,0,0,0,0,"N",0.41,0,0,0,0,0,0,0,"N",0,0.0,0,0,0,0,0,0,0,0,0,0,0,0,0,0
"C4830","5","518210","48","0","2015","3","",5,51,51,55,674893,401585,2683,992,"",0.56,0.36,0.41,0.44,0.31,0.64,0.22,0.78,"N",2,66.7,0,0,0,0,0,0,0,0,0,0,0,0,0,0
"C4854","5","518210","48","0","2015","3","N",1,0,0,0,0,0,0,0,"N",0.14,0,0,0,0,0,0,0,"N",0,0.0,0,0,0,0,0,0,0,0,0,0,0,0,0,0
"C4862","5","518210","48","0","2015","3","",25,126,122,122,1313438,261163,8702,819,"",0.84,0.20,0.20,0.20,0.11,0.22,0.32,0.55,"N",-3,-10.7,0,0,0,0,0,0,0,0,0,0,0,0,0,0
"C4866","5","518210","48","0","2015","3","",3,14,13,16,203625,40175,2012,1093,"",0.44,0.11,0.11,0.13,0.10,0.39,1.02,0.83,"N",1,50.0,0,0,0,0,0,0,0,0,0,0,0,0,0,0
"C4890","5","518210","48","0","2015","3","",18,47,49,45,820241,180989,2888,1342,"",1.09,0.19,0.19,0.18,0.18,0.28,0.20,0.95,"N",6,50.0,0,0,0,0,0,0,0,0,0,0,0,0,0,0
"C4902","5","518210","48","0","2015","3","",5,9,9,9,179516,260,5,1534,"",0.71,0.07,0.07,0.07,0.07,0.00,0.00,1.01,"N",2,66.7,0,0,0,0,0,0,0,0,0,0,0,0,0,0
"C4918","5","518210","48","0","2015","3","N",38,0,0,0,0,0,0,0,"N",1.42,0,0,0,0,0,0,0,"N",4,11.8,0,0,0,0,0,0,0,0,0,0,0,0,0,0
"C4934","5","518210","48","0","2015","3","",18,208,209,213,5281982,254607,7506,1935,"",0.36,0.26,0.27,0.27,0.29,0.15,0.18,1.10,"",4,28.6,27,14.9,29,16.1,25,13.3,999985,23.4,-45099,-15.0,-6384,-46.0,135,7.5
"C4942","5","518210","48","0","2015","3","N",2,0,0,0,0,0,0,0,"N",0.14,0,0,0,0,0,0,0,"N",0,0.0,0,0,0,0,0,0,0,0,0,0,0,0,0,0
"C4962","5","518210","48","0","2015","3","",9,86,82,79,1046801,129384,5956,978,"",0.53,0.23,0.22,0.21,0.14,0.39,0.29,0.62,"",-1,-10.0,-125,-59.2,-119,-59.2,-123,-60.9,-4832122,-82.2,20606,18.9,-1951,-24.7,-1232,-55.7
"C4966","5","518210","48","0","2015","3","N",12,0,0,0,0,0,0,0,"N",0.49,0,0,0,0,0,0,0,"N",-1,-7.7,0,0,0,0,0,0,0,0,0,0,0,0,0,0
"C4970","5","518210","48","0","2015","3","N",1,0,0,0,0,0,0,0,"N",0.12,0,0,0,0,0,0,0,"N",1,100.0,0,0,0,0,0,0,0,0,0,0,0,0,0,0
"C4974","5","518210","48","0","2015","3","N",2,0,0,0,0,0,0,0,"N",0.34,0,0,0,0,0,0,0,"N",0,0.0,0,0,0,0,0,0,0,0,0,0,0,0,0,0
"US000","1","518210","18","0","2015","3","",1,1183,1165,1178,18375771,0,0,1203,"",1.00,1.00,1.00,1.00,1.00,0.00,0.00,1.00,"",0,0.0,110,10.3,20,1.7,27,2.3,1210977,7.1,0,0.0,0,0.0,27,2.3
"US000","2","518210","18","0","2015","3","",35,1065,1062,1051,18375226,0,0,1334,"",1.00,1.00,1.00,1.00,1.00,0.00,0.00,1.00,"",-4,-10.3,-90,-7.8,-82,-7.2,-88,-7.7,-423138,-2.3,0,0.0,0,0.0,72,5.7
"US000","3","518210","18","0","2015","3","",101,2645,2625,2625,43447394,231921,1682,1270,"",1.00,1.00,1.00,1.00,1.00,1.00,1.00,1.00,"",-5,-4.7,2,0.1,0,0.0,28,1.1,531273,1.2,-34006,-12.8,-4261,-71.7,11,0.9
"US000","5","518210","18","0","2015","3","",18021,298945,298555,297423,7030687724,464920312,12460863,1813,"",1.00,1.00,1.00,1.00,1.00,1.00,1.00,1.00,"",1432,8.6,20788,7.5,20769,7.5,20545,7.4,983844936,16.3,54186338,13.2,1059577,9.3,137,8.2
