"area_fips","own_code","industry_code","agglvl_code","size_code","year","qtr","disclosure_code","qtrly_estabs","month1_emplvl","month2_emplvl","month3_emplvl","total_qtrly_wages","taxable_qtrly_wages","qtrly_contributions","avg_wkly_wage","lq_disclosure_code","lq_qtrly_estabs","lq_month1_emplvl","lq_month2_emplvl","lq_month3_emplvl","lq_total_qtrly_wages","lq_taxable_qtrly_wages","lq_qtrly_contributions","lq_avg_wkly_wage","oty_disclosure_code","oty_qtrly_estabs_chg","oty_qtrly_estabs_pct_chg","oty_month1_emplvl_chg","oty_month1_emplvl_pct_chg","oty_month2_emplvl_chg","oty_month2_emplvl_pct_chg","oty_month3_emplvl_chg","oty_month3_emplvl_pct_chg","oty_total_qtrly_wages_chg","oty_total_qtrly_wages_pct_chg","oty_taxable_qtrly_wages_chg","oty_taxable_qtrly_wages_pct_chg","oty_qtrly_contributions_chg","oty_qtrly_contributions_pct_chg","oty_avg_wkly_wage_chg","oty_avg_wkly_wage_pct_chg"
"01000","2","518210","58","0","2019","4","N",1,0,0,0,0,0,0,0,"N",4.67,0,0,0,0,0,0,0,"N",0,0.0,0,0,0,0,0,0,0,0,0,0,0,0,0,0
"01000","5","518210","58","0","2019","4","",469,2042,2079,2164,39346490,2088702,48930,1445,"",1.35,0.43,0.44,0.45,0.31,0.57,0.91,0.69,"",29,6.6,-528,-20.5,-618,-22.9,-621,-22.3,1849254,4.9,-1696932,-44.8,-53001,-52.0,370,34.4
"01001","5","518210","78","0","2019","4","N",1,0,0,0,0,0,0,0,"N",0.42,0,0,0,0,0,0,0,"N",0,0.0,0,0,0,0,0,0,0,0,0,0,0,0,0,0
"01003","5","518210","78","0","2019","4","N",15,0,0,0,0,0,0,0,"N",0.87,0,0,0,0,0,0,0,"N",0,0.0,0,0,0,0,0,0,0,0,0,0,0,0,0,0
"01015","5","518210","78","0","2019","4","N",2,0,0,0,0,0,0,0,"N",0.30,0,0,0,0,0,0,0,"N",-1,-33.3,0,0,0,0,0,0,0,0,0,0,0,0,0,0
"01019","5","518210","78","0","2019","4","N",1,0,0,0,0,0,0,0,"N",0.90,0,0,0,0,0,0,0,"N",-1,-50.0,0,0,0,0,0,0,0,0,0,0,0,0,0,0
"01031","5","518210","78","0","2019","4","N",2,0,0,0,0,0,0,0,"N",0.70,0,0,0,0,0,0,0,"N",0,0.0,0,0,0,0,0,0,0,0,0,0,0,0,0,0
"01033","5","518210","78","0","2019","4","N",1,0,0,0,0,0,0,0,"N",0.28,0,0,0,0,0,0,0,"N",0,0.0,0,0,0,0,0,0,0,0,0,0,0,0,0,0
"01043","5","518210","78","0","2019","4","-",0,0,0,0,0,0,0,0,"N",0.00,0,0,0,0,0,0,0,"N",-1,-100.0,0,0,0,0,0,0,0,0,0,0,0,0,0,0
"01051","5","518210","78","0","2019","4","N",3,0,0,0,0,0,0,0,"N",0.79,0,0,0,0,0,0,0,"N",1,50.0,0,0,0,0,0,0,0,0,0,0,0,0,0,0
"01069","5","518210","78","0","2019","4","N",3,0,0,0,0,0,0,0,"N",0.37,0,0,0,0,0,0,0,"N",-1,-25.0,0,0,0,0,0,0,0,0,0,0,0,0,0,0
"01071","5","518210","78","0","2019","4","N",1,0,0,0,0,0,0,0,"N",0.38,0,0,0,0,0,0,0,"N",0,0.0,0,0,0,0,0,0,0,0,0,0,0,0,0,0
"01073","5","518210","78","0","2019","4","",53,348,377,416,6938080,331742,7574,1403,"",1.03,0.42,0.45,0.49,0.26,0.53,0.89,0.58,"",5,10.4,27,8.4,60,18.9,72,20.9,703911,11.3,-104599,-24.0,-3616,-32.3,-62,-4.2
"01077","5","518210","78","0","2019","4","N",1,0,0,0,0,0,0,0,"N",0.18,0,0,0,0,0,0,0,"N",0,0.0,0,0,0,0,0,0,0,0,0,0,0,0,0,0
"01081","5","518210","78","0","2019","4","N",10,0,0,0,0,0,0,0,"N",1.12,0,0,0,0,0,0,0,"N",3,42.9,0,0,0,0,0,0,0,0,0,0,0,0,0,0
"01083","5","518210","78","0","2019","4","N",3,0,0,0,0,0,0,0,"N",0.75,0,0,0,0,0,0,0,"N",0,0.0,0,0,0,0,0,0,0,0,0,0,0,0,0,0
"01089","5","518210","78","0","2019","4","",27,165,164,176,5045942,161621,5901,2306,"",1.01,0.34,0.33,0.35,0.30,0.44,1.18,0.88,"N",-1,-3.6,0,0,0,0,0,0,0,0,0,0,0,0,0,0
"01095","5","518210","78","0","2019","4","",3,11,9,9,129256,51,0,1029,"",0.53,0.12,0.10,0.10,0.07,0.00,0.00,0.64,"N",0,0.0,0,0,0,0,0,0,0,0,0,0,0,0,0,0
"01097","5","518210","78","0","2019","4","",14,79,78,76,966908,75884,1215,958,"",0.51,0.19,0.19,0.18,0.09,0.23,0.22,0.45,"",0,0.0,-42,-34.7,-42,-35.0,-46,-37.7,-262052,-21.3,-15992,-17.4,-661,-35.2,177,22.7
"01101","2","518210","78","0","2019","4","N",1,0,0,0,0,0,0,0,"N",94.46,0,0,0,0,0,0,0,"N",0,0.0,0,0,0,0,0,0,0,0,0,0,0,0,0,0
"01101","5","518210","78","0","2019","4","",8,361,359,391,5609989,153395,4442,1165,"",0.47,1.18,1.16,1.26,0.66,0.73,1.47,0.55,"",-6,-42.9,-36,-9.1,-37,-9.3,-5,-1.3,-928820,-14.2,-61765,-28.7,-3673,-45.3,-104,-8.2
"01103","5","518210","78","0","2019","4","",8,24,25,25,287190,9975,74,896,"",1.06,0.20,0.21,0.21,0.09,0.10,0.06,0.44,"N",0,0.0,0,0,0,0,0,0,0,0,0,0,0,0,0,0
"01107","5","518210","78","0","2019","4","N",1,0,0,0,0,0,0,0,"N",1.11,0,0,0,0,0,0,0,"N",0,0.0,0,0,0,0,0,0,0,0,0,0,0,0,0,0
"01109","5","518210","78","0","2019","4","N",1,0,0,0,0,0,0,0,"N",0.52,0,0,0,0,0,0,0,"N",0,0.0,0,0,0,0,0,0,0,0,0,0,0,0,0,0
"01111","5","518210","78","0","2019","4","N",1,0,0,0,0,0,0,0,"N",0.92,0,0,0,0,0,0,0,"N",0,0.0,0,0,0,0,0,0,0,0,0,0,0,0,0,0
"01113","5","518210","78","0","2019","4","N",1,0,0,0,0,0,0,0,"N",0.40,0,0,0,0,0,0,0,"N",0,0.0,0,0,0,0,0,0,0,0,0,0,0,0,0,0
"01115","5","518210","78","0","2019","4","N",1,0,0,0,0,0,0,0,"N",0.24,0,0,0,0,0,0,0,"N",-1,-50.0,0,0,0,0,0,0,0,0,0,0,0,0,0,0
"01117","5","518210","78","0","2019","4","",13,89,90,90,1799704,55877,1219,1544,"",0.82,0.45,0.45,0.44,0.29,0.34,0.50,0.66,"",-4,-23.5,-22,-19.8,-19,-17.4,-24,-21.1,-259035,-12.6,11233,25.2,199,19.5,122,8.6
"01123","5","518210","78","0","2019","4","N",1,0,0,0,0,0,0,0,"N",0.43,0,0,0,0,0,0,0,"N",1,100.0,0,0,0,0,0,0,0,0,0,0,0,0,0,0
"01125","5","518210","78","0","2019","4","N",6,0,0,0,0,0,0,0,"N",0.49,0,0,0,0,0,0,0,"N",1,20.0,0,0,0,0,0,0,0,0,0,0,0,0,0,0
"01127","5","518210","78","0","2019","4","N",1,0,0,0,0,0,0,0,"N",0.27,0,0,0,0,0,0,0,"N",0,0.0,0,0,0,0,0,0,0,0,0,0,0,0,0,0
"01999","5","518210","78","0","2019","4","",287,530,537,534,12959644,436918,8092,1868,"",7.31,3.97,3.89,3.87,2.47,2.35,1.98,0.63,"",35,13.9,13,2.5,25,4.9,20,3.9,1505447,13.1,-2797,-0.6,-3092,-27.6,155,9.0
"02000","5","518210","58","0","2019","4","",46,82,82,83,1759671,447302,6951,1644,"",0.77,0.11,0.11,0.11,0.08,0.17,0.16,0.68,"",15,48.4,9,12.3,11,15.5,6,7.8,335465,23.6,151996,51.5,2321,50.1,157,10.6
"02020","5","518210","78","0","2019","4","",21,53,51,51,840130,225151,3460,1251,"",0.95,0.15,0.15,0.15,0.07,0.18,0.16,0.49,"",1,5.0,-2,-3.6,-1,-1.9,-7,-12.1,-56214,-6.3,25263,12.6,351,11.3,-3,-0.2
"02090","5","518210","78","0","2019","4","",5,5,4,5,275267,1200,19,4537,"",0.82,0.06,0.05,0.06,0.11,0.00,0.00,1.98,"",2,66.7,3,150.0,1,33.3,2,66.7,139263,102.4,-21944,-94.8,-354,-94.9,614,15.7
"02110","5","518210","78","0","2019","4","N",2,0,0,0,0,0,0,0,"N",0.67,0,0,0,0,0,0,0,"N",1,100.0,0,0,0,0,0,0,0,0,0,0,0,0,0,0
"02122","5","518210","78","0","2019","4","N",3,0,0,0,0,0,0,0,"N",0.53,0,0,0,0,0,0,0,"N",1,50.0,0,0,0,0,0,0,0,0,0,0,0,0,0,0
"02170","5","518210","78","0","2019","4","N",2,0,0,0,0,0,0,0,"N",0.33,0,0,0,0,0,0,0,"N",0,0.0,0,0,0,0,0,0,0,0,0,0,0,0,0,0
"02261","5","518210","78","0","2019","4","N",1,0,0,0,0,0,0,0,"N",0.66,0,0,0,0,0,0,0,"N",0,0.0,0,0,0,0,0,0,0,0,0,0,0,0,0,0
"02999","5","518210","78","0","2019","4","",12,8,8,9,144583,77677,1294,1335,"",5.60,2.12,2.16,2.49,0.97,3.55,3.33,0.43,"N",10,500.0,0,0,0,0,0,0,0,0,0,0,0,0,0,0
"04000","5","518210","58","0","2019","4","",648,10433,10411,10570,256193456,7067599,159153,1882,"",1.45,1.50,1.48,1.48,1.24,1.29,1.41,0.84,"",63,10.8,790,8.2,683,7.0,763,7.8,258022,0.1,-145149,-2.0,-52623,-24.8,-142,-7.0
"04003","5","518210","78","0","2019","4","",7,16,16,16,287046,13445,353,1380,"",1.15,0.20,0.19,0.19,0.13,0.22,0.25,0.69,"",0,0.0,4,33.3,3,23.1,2,14.3,88891,44.9,7642,131.7,129,57.6,207,17.6
"04005","5","518210","78","0","2019","4","N",2,0,0,0,0,0,0,0,"N",0.22,0,0,0,0,0,0,0,"N",2,100.0,0,0,0,0,0,0,0,0,0,0,0,0,0,0
"04007","5","518210","78","0","2019","4","N",1,0,0,0,0,0,0,0,"N",0.39,0,0,0,0,0,0,0,"N",1,100.0,0,0,0,0,0,0,0,0,0,0,0,0,0,0
"04013","5","518210","78","0","2019","4","",396,9904,9873,10029,213052380,6589563,149932,1650,"",1.38,2.00,1.97,1.98,1.39,1.62,1.95,0.70,"",50,14.5,740,8.1,618,6.7,700,7.5,-26008602,-10.9,-283940,-4.1,-52376,-25.9,-338,-17.0
"04015","5","518210","78","0","2019","4","N",3,0,0,0,0,0,0,0,"N",0.29,0,0,0,0,0,0,0,"N",0,0.0,0,0,0,0,0,0,0,0,0,0,0,0,0,0
"04019","5","518210","78","0","2019","4","",27,122,119,121,28166569,74177,1478,17956,"",0.53,0.14,0.13,0.13,1.16,0.13,0.15,8.69,"",1,3.8,-45,-26.9,-47,-28.3,-47,-28.0,21777317,340.8,19856,36.6,139,10.4,15013,510.1
"04021","5","518210","78","0","2019","4","N",2,0,0,0,0,0,0,0,"N",0.23,0,0,0,0,0,0,0,"N",0,0.0,0,0,0,0,0,0,0,0,0,0,0,0,0,0
"04025","5","518210","78","0","2019","4","N",2,0,0,0,0,0,0,0,"N",0.13,0,0,0,0,0,0,0,"N",0,0.0,0,0,0,0,0,0,0,0,0,0,0,0,0,0
"04027","5","518210","78","0","2019","4","N",2,0,0,0,0,0,0,0,"N",0.23,0,0,0,0,0,0,0,"N",0,0.0,0,0,0,0,0,0,0,0,0,0,0,0,0,0
"04999","5","518210","78","0","2019","4","",206,369,380,383,14147642,374623,6978,2884,"",5.57,4.89,4.91,4.96,3.58,4.57,3.14,0.73,"",9,4.6,85,29.9,102,36.7,103,36.8,4217572,42.5,108485,40.8,-651,-8.5,162,6.0
"05000","2","518210","58","0","2019","4","N",1,0,0,0,0,0,0,0,"N",6.57,0,0,0,0,0,0,0,"N",0,0.0,0,0,0,0,0,0,0,0,0,0,0,0,0,0
"05000","5","518210","58","0","2019","4","",384,1763,1772,1814,36671904,1696157,48820,1582,"",1.56,0.61,0.61,0.62,0.51,0.63,1.03,0.83,"",70,22.3,274,18.4,230,14.9,279,18.2,2019820,5.8,173132,11.4,8499,21.1,-169,-9.7
"05003","5","518210","78","0","2019","4","N",1,0,0,0,0,0,0,0,"N",0.64,0,0,0,0,0,0,0,"N",0,0.0,0,0,0,0,0,0,0,0,0,0,0,0,0,0
"05005","5","518210","78","0","2019","4","N",3,0,0,0,0,0,0,0,"N",0.92,0,0,0,0,0,0,0,"N",1,50.0,0,0,0,0,0,0,0,0,0,0,0,0,0,0
"05007","5","518210","78","0","2019","4","",24,179,190,205,3548168,424393,15946,1426,"",1.31,0.61,0.64,0.69,0.39,1.31,3.34,0.60,"",0,0.0,-7,-3.8,-9,-4.5,1,0.5,-113499,-3.1,190630,81.5,8078,102.7,-9,-0.6
"05009","5","518210","78","0","2019","4","N",1,0,0,0,0,0,0,0,"N",0.39,0,0,0,0,0,0,0,"N",1,100.0,0,0,0,0,0,0,0,0,0,0,0,0,0,0
"05015","5","518210","78","0","2019","4","N",1,0,0,0,0,0,0,0,"N",0.47,0,0,0,0,0,0,0,"N",0,0.0,0,0,0,0,0,0,0,0,0,0,0,0,0,0
"05031","5","518210","78","0","2019","4","N",1,0,0,0,0,0,0,0,"N",0.13,0,0,0,0,0,0,0,"N",0,0.0,0,0,0,0,0,0,0,0,0,0,0,0,0,0
"05033","5","518210","78","0","2019","4","N",2,0,0,0,0,0,0,0,"N",0.59,0,0,0,0,0,0,0,"N",1,100.0,0,0,0,0,0,0,0,0,0,0,0,0,0,0
"05035","5","518210","78","0","2019","4","N",2,0,0,0,0,0,0,0,"N",0.63,0,0,0,0,0,0,0,"N",1,100.0,0,0,0,0,0,0,0,0,0,0,0,0,0,0
"05039","5","518210","78","0","2019","4","-",0,0,0,0,0,0,0,0,"N",0.00,0,0,0,0,0,0,0,"N",-1,-100.0,0,0,0,0,0,0,0,0,0,0,0,0,0,0
"05045","5","518210","78","0","2019","4","",3,92,91,90,2502962,29065,1219,2116,"",0.39,0.94,0.92,0.90,1.13,0.35,0.83,1.22,"N",-1,-25.0,0,0,0,0,0,0,0,0,0,0,0,0,0,0
"05047","5","518210","78","0","2019","4","N",1,0,0,0,0,0,0,0,"N",0.97,0,0,0,0,0,0,0,"N",1,100.0,0,0,0,0,0,0,0,0,0,0,0,0,0,0
"05051","5","518210","78","0","2019","4","N",3,0,0,0,0,0,0,0,"N",0.37,0,0,0,0,0,0,0,"N",1,50.0,0,0,0,0,0,0,0,0,0,0,0,0,0,0
"05055","5","518210","78","0","2019","4","N",2,0,0,0,0,0,0,0,"N",0.85,0,0,0,0,0,0,0,"N",0,0.0,0,0,0,0,0,0,0,0,0,0,0,0,0,0
"05057","5","518210","78","0","2019","4","N",1,0,0,0,0,0,0,0,"N",0.70,0,0,0,0,0,0,0,"N",0,0.0,0,0,0,0,0,0,0,0,0,0,0,0,0,0
"05065","5","518210","78","0","2019","4","N",1,0,0,0,0,0,0,0,"N",1.48,0,0,0,0,0,0,0,"N",-1,-50.0,0,0,0,0,0,0,0,0,0,0,0,0,0,0
"05085","5","518210","78","0","2019","4","N",2,0,0,0,0,0,0,0,"N",0.56,0,0,0,0,0,0,0,"N",0,0.0,0,0,0,0,0,0,0,0,0,0,0,0,0,0
"05087","5","518210","78","0","2019","4","N",1,0,0,0,0,0,0,0,"N",1.40,0,0,0,0,0,0,0,"N",0,0.0,0,0,0,0,0,0,0,0,0,0,0,0,0,0
"05095","5","518210","78","0","2019","4","N",1,0,0,0,0,0,0,0,"N",1.35,0,0,0,0,0,0,0,"N",0,0.0,0,0,0,0,0,0,0,0,0,0,0,0,0,0
"05097","5","518210","78","0","2019","4","N",1,0,0,0,0,0,0,0,"N",2.20,0,0,0,0,0,0,0,"N",0,0.0,0,0,0,0,0,0,0,0,0,0,0,0,0,0
"05103","5","518210","78","0","2019","4","N",1,0,0,0,0,0,0,0,"N",0.57,0,0,0,0,0,0,0,"N",0,0.0,0,0,0,0,0,0,0,0,0,0,0,0,0,0
"05115","5","518210","78","0","2019","4","N",3,0,0,0,0,0,0,0,"N",0.60,0,0,0,0,0,0,0,"N",1,50.0,0,0,0,0,0,0,0,0,0,0,0,0,0,0
"05119","2","518210","78","0","2019","4","N",1,0,0,0,0,0,0,0,"N",41.63,0,0,0,0,0,0,0,"N",0,0.0,0,0,0,0,0,0,0,0,0,0,0,0,0,0
"05119","5","518210","78","0","2019","4","",38,313,321,333,5872556,324499,6496,1401,"",0.98,0.53,0.54,0.55,0.35,0.66,0.80,0.65,"",-1,-2.6,84,36.7,77,31.6,87,35.4,1138857,24.1,64669,24.9,2336,56.2,-118,-7.8
"05125","5","518210","78","0","2019","4","",4,4,4,4,53911,855,27,1037,"",0.71,0.07,0.07,0.07,0.04,0.01,0.03,0.65,"",0,0.0,0,0.0,0,0.0,0,0.0,2984,5.9,172,25.2,5,22.7,58,5.9
"05131","5","518210","78","0","2019","4","N",3,0,0,0,0,0,0,0,"N",0.30,0,0,0,0,0,0,0,"N",0,0.0,0,0,0,0,0,0,0,0,0,0,0,0,0,0
"05135","5","518210","78","0","2019","4","N",1,0,0,0,0,0,0,0,"N",0.96,0,0,0,0,0,0,0,"N",0,0.0,0,0,0,0,0,0,0,0,0,0,0,0,0,0
"05137","5","518210","78","0","2019","4","N",1,0,0,0,0,0,0,0,"N",1.30,0,0,0,0,0,0,0,"N",0,0.0,0,0,0,0,0,0,0,0,0,0,0,0,0,0
"05139","5","518210","78","0","2019","4","N",1,0,0,0,0,0,0,0,"N",0.29,0,0,0,0,0,0,0,"N",0,0.0,0,0,0,0,0,0,0,0,0,0,0,0,0,0
"05143","5","518210","78","0","2019","4","N",20,0,0,0,0,0,0,0,"N",1.18,0,0,0,0,0,0,0,"N",3,17.6,0,0,0,0,0,0,0,0,0,0,0,0,0,0
"05145","5","518210","78","0","2019","4","N",2,0,0,0,0,0,0,0,"N",0.41,0,0,0,0,0,0,0,"N",1,100.0,0,0,0,0,0,0,0,0,0,0,0,0,0,0
"05999","5","518210","78","0","2019","4","",259,398,407,420,10491081,545498,17107,1976,"",8.38,4.57,4.60,4.75,3.63,3.87,3.63,0.78,"",63,32.1,152,61.8,154,60.9,176,72.1,3945566,60.3,152215,38.7,5562,48.2,-57,-2.8
"06000","3","518210","58","0","2019","4","N",2,0,0,0,0,0,0,0,"N",0.13,0,0,0,0,0,0,0,"N",1,100.0,0,0,0,0,0,0,0,0,0,0,0,0,0,0
"06000","5","518210","58","0","2019","4","",2745,53313,53765,53924,2986577942,32611949,1357613,4281,"",0.64,1.27,1.27,1.27,1.76,1.06,0.97,1.38,"",-2,-0.1,3159,6.3,3235,6.4,2952,5.8,-178285837,-5.6,-4565034,-12.3,-183335,-11.9,-535,-11.1
"06001","5","518210","78","0","2019","4","",108,6521,6558,6645,455738828,2409008,84953,5332,"",0.61,3.48,3.46,3.50,5.54,1.93,1.52,1.59,"",2,1.9,805,14.1,812,14.1,824,14.2,73816345,19.3,-447575,-15.7,-17117,-16.8,232,4.5
"06003","5","518210","78","0","2019","4","N",2,0,0,0,0,0,0,0,"N",8.96,0,0,0,0,0,0,0,"N",0,0.0,0,0,0,0,0,0,0,0,0,0,0,0,0,0
"06007","5","518210","78","0","2019","4","",5,103,98,90,1604085,91052,4344,1272,"",0.22,0.52,0.50,0.46,0.33,0.65,0.65,0.66,"N",0,0.0,0,0,0,0,0,0,0,0,0,0,0,0,0,0
"06013","5","518210","78","0","2019","4","",58,449,458,468,17539564,356798,18155,2944,"",0.64,0.51,0.52,0.53,0.51,0.59,0.69,0.98,"",-1,-1.7,45,11.1,48,11.7,41,9.6,3547205,25.4,80100,28.9,5273,40.9,342,13.1
"06017","5","518210","78","0","2019","4","",5,40,39,35,707273,16990,829,1432,"",0.33,0.29,0.28,0.25,0.18,0.17,0.17,0.64,"",-1,-16.7,-5,-11.1,-7,-15.2,-10,-22.2,-66907,-8.6,-19868,-53.9,-357,-30.1,118,9.0
"06019","5","518210","78","0","2019","4","",9,226,222,222,2672628,59677,3668,921,"",0.09,0.24,0.23,0.23,0.11,0.08,0.10,0.46,"",0,0.0,-7,-3.0,-8,-3.5,-12,-5.1,-285378,-9.6,-63348,-51.5,-2852,-43.7,-58,-5.9
"06023","5","518210","78","0","2019","4","N",2,0,0,0,0,0,0,0,"N",0.12,0,0,0,0,0,0,0,"N",1,100.0,0,0,0,0,0,0,0,0,0,0,0,0,0,0
"06029","5","518210","78","0","2019","4","",6,7,7,7,83675,6699,187,920,"",0.10,0.01,0.01,0.01,0.00,0.01,0.00,0.45,"N",0,0.0,0,0,0,0,0,0,0,0,0,0,0,0,0,0
"06031","5","518210","78","0","2019","4","N",2,0,0,0,0,0,0,0,"N",0.17,0,0,0,0,0,0,0,"N",0,0.0,0,0,0,0,0,0,0,0,0,0,0,0,0,0
"06033","5","518210","78","0","2019","4","N",1,0,0,0,0,0,0,0,"N",0.12,0,0,0,0,0,0,0,"N",0,0.0,0,0,0,0,0,0,0,0,0,0,0,0,0,0
"06037","5","518210","78","0","2019","4","",510,10195,10291,10339,475887222,5388893,249067,3563,"",0.37,0.95,0.95,0.95,1.11,0.67,0.69,1.17,"",15,3.0,1370,15.5,1387,15.6,1326,14.7,109783928,30.0,-2345133,-30.3,-74704,-23.1,404,12.8
"06041","5","518210","78","0","2019","4","",30,131,125,131,3119776,86928,4333,1860,"",0.89,0.47,0.45,0.47,0.27,0.47,0.58,0.58,"",2,7.1,-28,-17.6,-22,-15.0,-12,-8.4,454645,17.1,5089,6.2,-142,-3.2,490,35.8
"06045","5","518210","78","0","2019","4","N",1,0,0,0,0,0,0,0,"N",0.09,0,0,0,0,0,0,0,"N",1,100.0,0,0,0,0,0,0,0,0,0,0,0,0,0,0
"06047","5","518210","78","0","2019","4","N",1,0,0,0,0,0,0,0,"N",0.05,0,0,0,0,0,0,0,"N",0,0.0,0,0,0,0,0,0,0,0,0,0,0,0,0,0
"06053","5","518210","78","0","2019","4","",8,24,24,23,751177,15800,892,2442,"",0.21,0.05,0.05,0.05,0.06,0.05,0.05,1.15,"",1,14.3,-2,-7.7,-2,-7.7,-2,-8.0,-201220,-21.1,6042,61.9,360,67.7,-412,-14.4
"06055","5","518210","78","0","2019","4","",7,48,47,48,1353988,22636,770,2185,"",0.44,0.25,0.25,0.26,0.22,0.17,0.13,0.86,"",1,16.7,10,26.3,9,23.7,9,23.1,221656,19.6,-1526,-6.3,-52,-6.3,-87,-3.8
"06057","5","518210","78","0","2019","4","N",1,0,0,0,0,0,0,0,"N",0.10,0,0,0,0,0,0,0,"N",1,100.0,0,0,0,0,0,0,0,0,0,0,0,0,0,0
"06059","3","518210","78","0","2019","4","N",1,0,0,0,0,0,0,0,"N",0.79,0,0,0,0,0,0,0,"N",0,0.0,0,0,0,0,0,0,0,0,0,0,0,0,0,0
"06059","5","518210","78","0","2019","4","",198,2523,2535,2533,64786634,1945412,93633,1970,"",0.58,0.64,0.64,0.64,0.46,0.65,0.71,0.71,"",-8,-3.9,112,4.6,141,5.9,127,5.3,5783198,9.8,-538576,-21.7,-37971,-28.9,82,4.3
"06061","5","518210","78","0","2019","4","",14,97,100,101,1983346,61329,2497,1536,"",0.38,0.24,0.24,0.24,0.15,0.20,0.19,0.61,"",0,0.0,-151,-60.9,-146,-59.3,-142,-58.4,-4643784,-70.1,-9697,-13.7,-1062,-29.8,-539,-26.0
"06065","5","518210","78","0","2019","4","N",29,0,0,0,0,0,0,0,"N",0.16,0,0,0,0,0,0,0,"N",0,0.0,0,0,0,0,0,0,0,0,0,0,0,0,0,0
"06067","5","518210","78","0","2019","4","",46,1108,1116,1116,28371222,573427,31415,1960,"",0.28,0.68,0.68,0.69,0.50,0.58,0.71,0.72,"",1,2.2,106,10.6,115,11.5,124,12.5,4500905,18.9,147066,34.5,10657,51.3,121,6.6
"06071","5","518210","78","0","2019","4","",14,29,29,28,539377,14140,515,1447,"",0.08,0.02,0.02,0.01,0.01,0.01,0.01,0.70,"",-2,-12.5,-9,-23.7,-10,-25.6,-14,-33.3,-57945,-9.7,8841,166.8,367,248.0,289,25.0
"06073","5","518210","78","0","2019","4","",190,2806,2796,2807,83890608,1777932,81003,2302,"",0.61,0.79,0.78,0.78,0.65,0.76,0.79,0.82,"",11,6.1,494,21.4,456,19.5,471,20.2,16479726,24.4,-17879,-1.0,-4493,-5.3,76,3.4
"06075","5","518210","78","0","2019","4","",384,14119,14393,14390,879376396,11235104,433671,4730,"",2.32,7.79,7.88,7.83,6.91,8.83,7.67,0.88,"",-8,-2.0,829,6.2,821,6.0,634,4.6,-442130112,-33.5,-238685,-2.1,-3131,-0.7,-2778,-37.0
"06077","5","518210","78","0","2019","4","N",1,0,0,0,0,0,0,0,"N",0.02,0,0,0,0,0,0,0,"N",0,0.0,0,0,0,0,0,0,0,0,0,0,0,0,0,0
"06079","5","518210","78","0","2019","4","",10,94,92,89,2089952,57101,2363,1754,"",0.35,0.33,0.32,0.32,0.25,0.28,0.29,0.78,"",3,42.9,10,11.9,7,8.2,4,4.7,568447,37.4,-14803,-20.6,-1506,-38.9,372,26.9
"06081","5","518210","78","0","2019","4","",130,4078,4093,4103,274202045,2369758,96909,5155,"",1.66,4.12,4.09,4.08,3.80,3.39,3.25,0.93,"",2,1.6,402,10.9,382,10.3,333,8.8,16811208,6.5,388013,19.6,4733,5.1,-169,-3.2
"06083","5","518210","78","0","2019","4","",19,205,202,209,5610774,142972,8135,2102,"",0.45,0.42,0.41,0.44,0.36,0.42,0.54,0.86,"",4,26.7,24,13.3,19,10.4,28,15.5,596761,11.9,2121,1.5,352,4.5,-21,-1.0
"06085","5","518210","78","0","2019","4","",323,7413,7409,7405,573826530,3922522,153543,5958,"",1.60,2.79,2.76,2.74,2.74,2.17,1.93,0.99,"",-36,-10.0,-695,-8.6,-749,-9.2,-754,-9.2,43763027,8.3,-1199000,-23.4,-48678,-24.1,950,19.0
"06087","5","518210","78","0","2019","4","N",10,0,0,0,0,0,0,0,"N",0.38,0,0,0,0,0,0,0,"N",3,42.9,0,0,0,0,0,0,0,0,0,0,0,0,0,0
"06089","5","518210","78","0","2019","4","",8,15,15,19,299371,14436,593,1410,"",0.41,0.09,0.09,0.12,0.07,0.13,0.11,0.71,"",3,60.0,1,7.1,3,25.0,5,35.7,84485,39.3,12621,695.4,511,623.2,170,13.7
"06093","5","518210","78","0","2019","4","N",1,0,0,0,0,0,0,0,"N",0.21,0,0,0,0,0,0,0,"N",0,0.0,0,0,0,0,0,0,0,0,0,0,0,0,0,0
"06095","5","518210","78","0","2019","4","N",7,0,0,0,0,0,0,0,"N",0.22,0,0,0,0,0,0,0,"N",-1,-12.5,0,0,0,0,0,0,0,0,0,0,0,0,0,0
"06097","3","518210","78","0","2019","4","N",1,0,0,0,0,0,0,0,"N",4.99,0,0,0,0,0,0,0,"N",1,100.0,0,0,0,0,0,0,0,0,0,0,0,0,0,0
"06097","5","518210","78","0","2019","4","",11,86,83,87,1642656,23212,1228,1481,"",0.20,0.17,0.17,0.17,0.10,0.07,0.08,0.58,"",-2,-15.4,-5,-5.5,-7,-7.8,-2,-2.2,175278,11.9,-11212,-32.6,-479,-28.1,227,18.1
"06099","5","518210","78","0","2019","4","N",5,0,0,0,0,0,0,0,"N",0.11,0,0,0,0,0,0,0,"N",0,0.0,0,0,0,0,0,0,0,0,0,0,0,0,0,0
"06107","5","518210","78","0","2019","4","N",2,0,0,0,0,0,0,0,"N",0.06,0,0,0,0,0,0,0,"N",1,100.0,0,0,0,0,0,0,0,0,0,0,0,0,0,0
"06111","5","518210","78","0","2019","4","",34,299,299,299,21923254,138026,6154,5640,"",0.45,0.38,0.38,0.38,0.86,0.23,0.24,2.27,"",6,21.4,-13,-4.2,-11,-3.5,-14,-4.5,10767029,96.5,18446,15.4,949,18.2,2887,104.9
"06113","5","518210","78","0","2019","4","N",2,0,0,0,0,0,0,0,"N",0.11,0,0,0,0,0,0,0,"N",1,100.0,0,0,0,0,0,0,0,0,0,0,0,0,0,0
"06115","5","518210","78","0","2019","4","N",2,0,0,0,0,0,0,0,"N",0.44,0,0,0,0,0,0,0,"N",0,0.0,0,0,0,0,0,0,0,0,0,0,0,0,0,0
"06999","5","518210","78","0","2019","4","",549,2024,2060,2056,72037872,1632745,70232,2708,"",4.15,2.28,2.30,2.28,1.49,1.48,1.29,0.65,"",-2,-0.4,-454,-18.3,-326,-13.7,-335,-14.0,-26145460,-26.6,-372937,-18.6,-11891,-14.5,-415,-13.3
"08000","5","518210","58","0","2019","4","",1236,14292,14430,14456,412272604,18562369,335977,2203,"",2.19,2.21,2.22,2.20,1.86,1.88,2.16,0.84,"",16,1.3,1415,11.0,1456,11.2,1396,10.7,61410240,17.5,2082618,12.6,13485,4.2,122,5.9
"08001","5","518210","78","0","2019","4","",43,289,282,287,6245174,252294,5531,1680,"",1.38,0.54,0.52,0.52,0.37,0.32,0.43,0.70,"",-2,-4.4,-21,-6.8,-30,-9.6,-35,-10.9,-400857,-6.0,-99295,-28.2,-933,-14.4,55,3.4
"08005","5","518210","78","0","2019","4","",166,3093,3123,3135,102865580,2999874,57817,2539,"",2.72,3.89,3.91,3.91,3.44,2.66,2.96,0.88,"",6,3.8,420,15.7,451,16.9,444,16.5,24843227,31.8,13355,0.4,-10139,-14.9,298,13.3
"08013","5","518210","78","0","2019","4","",158,1095,1102,1116,30955298,1521414,30495,2156,"",3.68,2.44,2.44,2.46,1.75,2.66,3.25,0.71,"",-4,-2.5,94,9.4,88,8.7,93,9.1,5335392,20.8,791,0.1,2232,7.9,210,10.8
"08014","5","518210","78","0","2019","4","",35,703,697,706,33882103,729739,11171,3713,"",4.45,7.42,7.30,7.33,7.98,5.51,5.04,1.09,"",2,6.1,176,33.4,167,31.5,169,31.5,11219953,49.5,111719,18.1,-219,-1.9,432,13.2
"08015","5","518210","78","0","2019","4","N",1,0,0,0,0,0,0,0,"N",0.35,0,0,0,0,0,0,0,"N",0,0.0,0,0,0,0,0,0,0,0,0,0,0,0,0,0
"08019","5","518210","78","0","2019","4","-",0,0,0,0,0,0,0,0,"N",0.00,0,0,0,0,0,0,0,"N",-1,-100.0,0,0,0,0,0,0,0,0,0,0,0,0,0,0
"08029","5","518210","78","0","2019","4","N",1,0,0,0,0,0,0,0,"N",0.40,0,0,0,0,0,0,0,"N",0,0.0,0,0,0,0,0,0,0,0,0,0,0,0,0,0
"08031","5","518210","78","0","2019","4","",335,4116,4234,4256,122896389,8313855,152861,2250,"",3.59,3.26,3.35,3.35,2.41,4.54,4.97,0.73,"",-1,-0.3,770,23.0,825,24.2,773,22.2,24719248,25.2,2186607,35.7,31918,26.4,37,1.7
"08035","5","518210","78","0","2019","4","",96,1103,1091,1079,35819768,510898,8051,2526,"",2.80,3.57,3.48,3.41,2.74,0.99,1.07,0.79,"",4,4.3,-297,-21.2,-319,-22.6,-316,-22.7,-10222917,-22.2,-420867,-45.2,-6312,-43.9,-1,0.0
"08037","5","518210","78","0","2019","4","N",8,0,0,0,0,0,0,0,"N",0.84,0,0,0,0,0,0,0,"N",0,0.0,0,0,0,0,0,0,0,0,0,0,0,0,0,0
"08039","5","518210","78","0","2019","4","N",4,0,0,0,0,0,0,0,"N",2.12,0,0,0,0,0,0,0,"N",-3,-42.9,0,0,0,0,0,0,0,0,0,0,0,0,0,0
"08041","5","518210","78","0","2019","4","",94,539,546,534,11895782,615804,12220,1696,"",1.68,0.80,0.80,0.79,0.61,0.67,0.81,0.76,"",3,3.3,6,1.1,10,1.9,11,2.1,833593,7.5,22217,3.7,1629,15.4,92,5.7
"08043","5","518210","78","0","2019","4","",6,5,6,6,74080,0,0,1006,"",2.38,0.16,0.19,0.19,0.10,0.00,0.00,0.56,"",3,100.0,1,25.0,2,50.0,2,50.0,20069,37.2,0,0.0,0,0.0,-33,-3.2
"08045","5","518210","78","0","2019","4","",7,7,7,7,94020,2895,53,1033,"",0.96,0.11,0.11,0.11,0.05,0.03,0.04,0.47,"N",2,40.0,0,0,0,0,0,0,0,0,0,0,0,0,0,0
"08049","5","518210","78","0","2019","4","N",1,0,0,0,0,0,0,0,"N",0.42,0,0,0,0,0,0,0,"N",0,0.0,0,0,0,0,0,0,0,0,0,0,0,0,0,0
"08051","5","518210","78","0","2019","4","N",2,0,0,0,0,0,0,0,"N",0.61,0,0,0,0,0,0,0,"N",0,0.0,0,0,0,0,0,0,0,0,0,0,0,0,0,0
"08053","5","518210","78","0","2019","4","N",1,0,0,0,0,0,0,0,"N",4.76,0,0,0,0,0,0,0,"N",1,100.0,0,0,0,0,0,0,0,0,0,0,0,0,0,0
"08055","5","518210","78","0","2019","4","N",2,0,0,0,0,0,0,0,"N",4.16,0,0,0,0,0,0,0,"N",1,100.0,0,0,0,0,0,0,0,0,0,0,0,0,0,0
"08059","5","518210","78","0","2019","4","",124,2209,2202,2189,45663554,2231174,27890,1597,"",2.20,3.84,3.81,3.77,2.34,2.81,2.23,0.61,"",2,1.6,119,5.7,126,6.1,131,6.4,4253700,10.3,70768,3.3,-7732,-21.7,62,4.0
"08065","5","518210","78","0","2019","4","N",1,0,0,0,0,0,0,0,"N",1.53,0,0,0,0,0,0,0,"N",-2,-66.7,0,0,0,0,0,0,0,0,0,0,0,0,0,0
"08067","5","518210","78","0","2019","4","",9,21,22,22,476288,66842,1402,1691,"",1.25,0.34,0.36,0.36,0.27,0.36,0.84,0.77,"",-2,-18.2,2,10.5,3,15.8,3,15.8,101246,27.0,54237,430.3,1112,383.4,173,11.4
"08069","5","518210","78","0","2019","4","",64,794,793,789,14363892,946362,20046,1395,"",1.87,2.01,2.01,2.00,1.20,1.78,2.45,0.60,"",1,1.6,122,18.2,108,15.8,90,12.9,353971,2.5,18559,2.0,-1097,-5.2,-177,-11.3
"08071","5","518210","78","0","2019","4","N",1,0,0,0,0,0,0,0,"N",0.63,0,0,0,0,0,0,0,"N",1,100.0,0,0,0,0,0,0,0,0,0,0,0,0,0,0
"08075","5","518210","78","0","2019","4","N",1,0,0,0,0,0,0,0,"N",0.58,0,0,0,0,0,0,0,"N",0,0.0,0,0,0,0,0,0,0,0,0,0,0,0,0,0
"08077","5","518210","78","0","2019","4","",9,53,53,53,1063850,65433,1347,1544,"",0.66,0.35,0.35,0.35,0.28,0.33,0.34,0.79,"",0,0.0,5,10.4,4,8.2,4,8.2,38016,3.7,45214,223.6,1137,541.4,-77,-4.8
"08083","5","518210","78","0","2019","4","N",4,0,0,0,0,0,0,0,"N",1.58,0,0,0,0,0,0,0,"N",2,100.0,0,0,0,0,0,0,0,0,0,0,0,0,0,0
"08085","5","518210","78","0","2019","4","N",1,0,0,0,0,0,0,0,"N",0.26,0,0,0,0,0,0,0,"N",-1,-50.0,0,0,0,0,0,0,0,0,0,0,0,0,0,0
"08089","5","518210","78","0","2019","4","N",1,0,0,0,0,0,0,0,"N",0.73,0,0,0,0,0,0,0,"N",0,0.0,0,0,0,0,0,0,0,0,0,0,0,0,0,0
"08093","5","518210","78","0","2019","4","N",3,0,0,0,0,0,0,0,"N",1.97,0,0,0,0,0,0,0,"N",0,0.0,0,0,0,0,0,0,0,0,0,0,0,0,0,0
"08097","5","518210","78","0","2019","4","N",3,0,0,0,0,0,0,0,"N",0.60,0,0,0,0,0,0,0,"N",1,50.0,0,0,0,0,0,0,0,0,0,0,0,0,0,0
"08101","5","518210","78","0","2019","4","",5,45,42,41,369412,55653,970,666,"",0.52,0.30,0.28,0.27,0.10,0.29,0.30,0.35,"N",1,25.0,0,0,0,0,0,0,0,0,0,0,0,0,0,0
"08107","5","518210","78","0","2019","4","N",2,0,0,0,0,0,0,0,"N",0.40,0,0,0,0,0,0,0,"N",0,0.0,0,0,0,0,0,0,0,0,0,0,0,0,0,0
"08111","5","518210","78","0","2019","4","N",1,0,0,0,0,0,0,0,"N",4.48,0,0,0,0,0,0,0,"N",0,0.0,0,0,0,0,0,0,0,0,0,0,0,0,0,0
"08113","5","518210","78","0","2019","4","N",2,0,0,0,0,0,0,0,"N",1.06,0,0,0,0,0,0,0,"N",0,0.0,0,0,0,0,0,0,0,0,0,0,0,0,0,0
"08117","5","518210","78","0","2019","4","N",3,0,0,0,0,0,0,0,"N",0.47,0,0,0,0,0,0,0,"N",-1,-25.0,0,0,0,0,0,0,0,0,0,0,0,0,0,0
"08119","5","518210","78","0","2019","4","N",3,0,0,0,0,0,0,0,"N",1.19,0,0,0,0,0,0,0,"N",-1,-25.0,0,0,0,0,0,0,0,0,0,0,0,0,0,0
"08123","5","518210","78","0","2019","4","",29,71,74,82,2159968,95287,2445,2196,"",1.37,0.26,0.27,0.30,0.27,0.20,0.30,0.99,"",0,0.0,5,7.6,7,10.4,16,24.2,190164,9.7,56163,143.6,1192,95.1,-88,-3.9
"08999","5","518210","78","0","2019","4","",10,59,61,58,1473812,50268,1892,1911,"",1.14,1.19,1.21,1.14,0.57,0.48,0.70,0.49,"N",6,150.0,0,0,0,0,0,0,0,0,0,0,0,0,0,0
"09000","3","518210","58","0","2019","4","N",1,0,0,0,0,0,0,0,"N",0.83,0,0,0,0,0,0,0,"N",0,0.0,0,0,0,0,0,0,0,0,0,0,0,0,0,0
"09000","5","518210","58","0","2019","4","",507,2078,2099,2148,72167199,2775872,92845,2633,"",1.54,0.52,0.53,0.54,0.47,0.62,0.57,0.90,"",236,87.1,195,10.4,214,11.4,249,13.1,16945382,30.7,658058,31.1,19190,26.1,384,17.1
"09001","5","518210","78","0","2019","4","",196,375,377,392,15605710,863013,30513,3148,"",1.99,0.38,0.38,0.39,0.32,0.78,0.78,0.84,"",92,88.5,53,16.5,60,18.9,72,22.5,1906857,13.9,275026,46.8,8363,37.8,-148,-4.5
"09003","5","518210","78","0","2019","4","",94,891,909,916,21239396,794092,24119,1805,"",1.20,0.73,0.74,0.75,0.45,0.58,0.48,0.61,"",51,118.6,52,6.2,69,8.2,68,8.0,3118575,17.2,107138,15.6,3161,15.1,150,9.1
"09005","5","518210","78","0","2019","4","",18,21,22,21,343622,46689,1278,1239,"",1.09,0.14,0.15,0.14,0.08,0.27,0.20,0.58,"",6,50.0,2,10.5,3,15.8,2,10.5,119862,53.6,7821,20.1,150,13.3,333,36.8
"09007","5","518210","78","0","2019","4","N",24,0,0,0,0,0,0,0,"N",1.62,0,0,0,0,0,0,0,"N",14,140.0,0,0,0,0,0,0,0,0,0,0,0,0,0,0
"09009","5","518210","78","0","2019","4","",93,330,330,336,20533790,589975,18645,4758,"",1.38,0.38,0.37,0.38,0.71,0.59,0.51,1.89,"",48,106.7,43,15.0,39,13.4,43,14.7,9040186,78.7,240444,68.8,7409,65.9,1713,56.3
"09011","3","518210","78","0","2019","4","N",1,0,0,0,0,0,0,0,"N",13.10,0,0,0,0,0,0,0,"N",0,0.0,0,0,0,0,0,0,0,0,0,0,0,0,0,0
"09011","5","518210","78","0","2019","4","",23,19,22,21,665552,67010,2297,2477,"",1.11,0.07,0.08,0.07,0.08,0.24,0.24,1.06,"",10,76.9,-3,-13.6,0,0.0,-4,-16.0,-56300,-7.8,-35027,-34.3,-1850,-44.6,63,2.6
"09013","5","518210","78","0","2019","4","N",14,0,0,0,0,0,0,0,"N",1.57,0,0,0,0,0,0,0,"N",5,55.6,0,0,0,0,0,0,0,0,0,0,0,0,0,0
"09015","5","518210","78","0","2019","4","N",3,0,0,0,0,0,0,0,"N",0.37,0,0,0,0,0,0,0,"N",1,50.0,0,0,0,0,0,0,0,0,0,0,0,0,0,0
"09999","5","518210","78","0","2019","4","N",42,0,0,0,0,0,0,0,"N",2.68,0,0,0,0,0,0,0,"N",9,27.3,0,0,0,0,0,0,0,0,0,0,0,0,0,0
"10000","2","518210","58","0","2019","4","N",1,0,0,0,0,0,0,0,"N",17.48,0,0,0,0,0,0,0,"N",0,0.0,0,0,0,0,0,0,0,0,0,0,0,0,0,0
"10000","5","518210","58","0","2019","4","",128,375,372,376,9556778,389824,6678,1964,"",1.38,0.35,0.35,0.35,0.28,0.28,0.29,0.81,"",18,16.4,-39,-9.4,-44,-10.6,-36,-8.7,-1084032,-10.2,-29666,-7.1,-1645,-19.8,-13,-0.7
"10001","2","518210","78","0","2019","4","N",1,0,0,0,0,0,0,0,"N",136.26,0,0,0,0,0,0,0,"N",0,0.0,0,0,0,0,0,0,0,0,0,0,0,0,0,0
"10001","5","518210","78","0","2019","4","",14,5,6,6,121226,4786,21,1646,"",1.18,0.03,0.04,0.04,0.03,0.03,0.01,0.86,"N",-1,-6.7,0,0,0,0,0,0,0,0,0,0,0,0,0,0
"10003","5","518210","78","0","2019","4","",89,310,309,312,7703491,308700,6199,1909,"",1.55,0.45,0.44,0.44,0.32,0.35,0.42,0.72,"",16,21.9,-50,-13.9,-55,-15.1,-48,-13.3,-1385456,-15.2,-39509,-11.3,-542,-8.0,-26,-1.3
"10005","5","518210","78","0","2019","4","N",20,0,0,0,0,0,0,0,"N",0.99,0,0,0,0,0,0,0,"N",3,17.6,0,0,0,0,0,0,0,0,0,0,0,0,0,0
"10999","5","518210","78","0","2019","4","N",5,0,0,0,0,0,0,0,"N",1.61,0,0,0,0,0,0,0,"N",0,0.0,0,0,0,0,0,0,0,0,0,0,0,0,0,0
"11000","5","518210","58","0","2019","4","",321,1322,1338,1377,37084149,2150606,69754,2120,"",2.90,0.72,0.72,0.74,0.36,1.83,2.05,0.50,"",86,36.6,297,29.0,339,33.9,389,39.4,3662332,11.0,702409,48.5,30383,77.2,-441,-17.2
"11001","5","518210","78","0","2019","4","",321,1322,1338,1377,37084149,2150606,69754,2120,"",2.91,0.72,0.72,0.74,0.36,1.83,2.05,0.50,"",86,36.6,297,29.0,339,33.9,389,39.4,3662332,11.0,702409,48.5,30383,77.2,-441,-17.2
"12000","2","518210","58","0","2019","4","-",0,0,0,0,0,0,0,0,"N",0.00,0,0,0,0,0,0,0,"N",-1,-100.0,0,0,0,0,0,0,0,0,0,0,0,0,0,0
"12000","3","518210","58","0","2019","4","N",2,0,0,0,0,0,0,0,"N",0.28,0,0,0,0,0,0,0,"N",0,0.0,0,0,0,0,0,0,0,0,0,0,0,0,0,0
"12000","5","518210","58","0","2019","4","",1826,19883,19886,20039,520240391,12088812,133266,2007,"",0.94,0.94,0.93,0.93,0.84,0.74,0.96,0.90,"",157,9.4,837,4.4,761,4.0,987,5.2,60129977,13.1,1899690,18.6,25368,23.5,151,8.1
"12001","5","518210","78","0","2019","4","",8,31,33,33,644504,75717,415,1533,"",0.40,0.10,0.10,0.10,0.07,0.40,0.29,0.74,"N",-1,-11.1,0,0,0,0,0,0,0,0,0,0,0,0,0,0
"12005","5","518210","78","0","2019","4","N",5,0,0,0,0,0,0,0,"N",0.32,0,0,0,0,0,0,0,"N",2,66.7,0,0,0,0,0,0,0,0,0,0,0,0,0,0
"12009","5","518210","78","0","2019","4","",30,123,123,121,2369642,78682,1309,1490,"",0.68,0.23,0.23,0.23,0.15,0.20,0.39,0.66,"",8,36.4,-12,-8.9,-13,-9.6,-18,-12.9,-477188,-16.8,-29216,-27.1,-848,-39.3,-112,-7.0
"12011","5","518210","78","0","2019","4","",184,4361,4359,4403,96853398,1807848,13529,1703,"",0.96,2.23,2.20,2.20,1.61,1.16,0.99,0.73,"",28,17.9,109,2.6,77,1.8,148,3.5,-10795119,-10.0,163603,10.0,2251,20.0,-239,-12.3
"12015","5","518210","78","0","2019","4","N",7,0,0,0,0,0,0,0,"N",0.54,0,0,0,0,0,0,0,"N",0,0.0,0,0,0,0,0,0,0,0,0,0,0,0,0,0
"12017","5","518210","78","0","2019","4","N",3,0,0,0,0,0,0,0,"N",0.35,0,0,0,0,0,0,0,"N",-1,-25.0,0,0,0,0,0,0,0,0,0,0,0,0,0,0
"12019","5","518210","78","0","2019","4","N",5,0,0,0,0,0,0,0,"N",0.40,0,0,0,0,0,0,0,"N",2,66.7,0,0,0,0,0,0,0,0,0,0,0,0,0,0
"12021","5","518210","78","0","2019","4","",19,27,28,33,700233,49323,314,1836,"",0.47,0.08,0.08,0.09,0.07,0.15,0.12,0.84,"",0,0.0,11,68.8,14,100.0,18,120.0,118695,20.4,29884,153.7,-11,-3.4,-1146,-38.4
"12031","3","518210","78","0","2019","4","N",1,0,0,0,0,0,0,0,"N",3.27,0,0,0,0,0,0,0,"N",0,0.0,0,0,0,0,0,0,0,0,0,0,0,0,0,0
"12031","5","518210","78","0","2019","4","",80,2055,2020,2019,98319940,1080230,5091,3723,"",0.96,1.65,1.60,1.58,2.58,1.12,0.68,1.60,"",5,6.7,76,3.8,39,2.0,38,1.9,31411257,46.9,38616,3.7,-2060,-28.8,1124,43.2
"12033","5","518210","78","0","2019","4","",5,14,14,14,215854,2241,14,1186,"",0.22,0.04,0.04,0.04,0.03,0.01,0.01,0.61,"N",0,0.0,0,0,0,0,0,0,0,0,0,0,0,0,0,0
"12035","5","518210","78","0","2019","4","N",9,0,0,0,0,0,0,0,"N",1.24,0,0,0,0,0,0,0,"N",-1,-10.0,0,0,0,0,0,0,0,0,0,0,0,0,0,0
"12041","5","518210","78","0","2019","4","N",1,0,0,0,0,0,0,0,"N",1.06,0,0,0,0,0,0,0,"N",0,0.0,0,0,0,0,0,0,0,0,0,0,0,0,0,0
"12053","5","518210","78","0","2019","4","",5,12,13,14,113250,16821,124,670,"",0.47,0.11,0.12,0.13,0.05,0.21,0.23,0.42,"N",0,0.0,0,0,0,0,0,0,0,0,0,0,0,0,0,0
"12055","5","518210","78","0","2019","4","N",1,0,0,0,0,0,0,0,"N",0.16,0,0,0,0,0,0,0,"N",0,0.0,0,0,0,0,0,0,0,0,0,0,0,0,0,0
"12057","5","518210","78","0","2019","4","",127,2639,2656,2649,63078684,1307578,7868,1832,"",1.04,1.56,1.55,1.53,1.19,0.96,0.71,0.77,"",4,3.3,-166,-5.9,-160,-5.7,-148,-5.3,-2603275,-4.0,251307,23.8,-1477,-15.8,31,1.7
"12061","5","518210","78","0","2019","4","",12,49,51,56,848669,61169,163,1255,"",0.86,0.39,0.40,0.43,0.27,0.60,0.14,0.65,"N",1,9.1,0,0,0,0,0,0,0,0,0,0,0,0,0,0
"12063","5","518210","78","0","2019","4","N",1,0,0,0,0,0,0,0,"N",0.38,0,0,0,0,0,0,0,"N",0,0.0,0,0,0,0,0,0,0,0,0,0,0,0,0,0
"12069","5","518210","78","0","2019","4","N",5,0,0,0,0,0,0,0,"N",0.21,0,0,0,0,0,0,0,"N",-2,-28.6,0,0,0,0,0,0,0,0,0,0,0,0,0,0
"12071","5","518210","78","0","2019","4","",38,198,202,202,5253483,137964,1279,2014,"",0.60,0.31,0.31,0.31,0.31,0.26,0.29,1.01,"",1,2.7,17,9.4,21,11.6,16,8.6,789796,17.7,57886,72.3,175,15.9,134,7.1
"12073","2","518210","78","0","2019","4","-",0,0,0,0,0,0,0,0,"N",0.00,0,0,0,0,0,0,0,"N",-1,-100.0,0,0,0,0,0,0,0,0,0,0,0,0,0,0
"12073","3","518210","78","0","2019","4","N",1,0,0,0,0,0,0,0,"N",11.21,0,0,0,0,0,0,0,"N",0,0.0,0,0,0,0,0,0,0,0,0,0,0,0,0,0
"12073","5","518210","78","0","2019","4","",37,921,893,1002,9884285,1430483,34991,810,"",1.52,2.53,2.43,2.73,1.04,6.87,23.39,0.40,"",13,54.2,250,37.3,218,32.3,297,42.1,1799270,22.3,1202907,528.6,28366,428.2,-100,-11.0
"12081","5","518210","78","0","2019","4","N",21,0,0,0,0,0,0,0,"N",0.67,0,0,0,0,0,0,0,"N",1,5.0,0,0,0,0,0,0,0,0,0,0,0,0,0,0
"12083","5","518210","78","0","2019","4","",6,4,4,4,45410,7000,7,873,"",0.25,0.02,0.02,0.02,0.01,0.04,0.00,0.51,"",-1,-14.3,-17,-81.0,1,33.3,0,0.0,-98451,-68.4,635,10.0,-163,-95.9,-313,-26.4
"12085","5","518210","78","0","2019","4","",11,20,18,19,347188,28339,110,1406,"",0.62,0.12,0.11,0.11,0.08,0.20,0.10,0.74,"N",2,22.2,0,0,0,0,0,0,0,0,0,0,0,0,0,0
"12086","5","518210","78","0","2019","4","",181,863,853,846,32401342,511509,6110,2919,"",0.66,0.31,0.31,0.30,0.37,0.25,0.32,1.21,"",14,8.4,-7,-0.8,8,0.9,13,1.6,10251376,46.3,198687,63.5,1228,25.2,913,45.5
"12087","5","518210","78","0","2019","4","N",2,0,0,0,0,0,0,0,"N",0.16,0,0,0,0,0,0,0,"N",0,0.0,0,0,0,0,0,0,0,0,0,0,0,0,0,0
"12089","5","518210","78","0","2019","4","N",3,0,0,0,0,0,0,0,"N",0.48,0,0,0,0,0,0,0,"N",0,0.0,0,0,0,0,0,0,0,0,0,0,0,0,0,0
"12091","5","518210","78","0","2019","4","",12,111,113,111,2050338,65285,382,1412,"",0.67,0.55,0.56,0.55,0.38,0.47,0.38,0.69,"",-1,-7.7,3,2.8,3,2.7,3,2.8,554048,37.0,-85,-0.1,5,1.3,353,33.3
"12095","5","518210","78","0","2019","4","",129,1917,1943,1975,46568696,882850,9169,1842,"",1.06,0.93,0.93,0.94,0.77,0.58,0.87,0.83,"",6,4.9,5,0.3,18,0.9,48,2.5,8812024,23.3,-327397,-27.1,-4084,-30.8,330,21.8
"12097","5","518210","78","0","2019","4","N",8,0,0,0,0,0,0,0,"N",0.39,0,0,0,0,0,0,0,"N",-1,-11.1,0,0,0,0,0,0,0,0,0,0,0,0,0,0
"12099","5","518210","78","0","2019","4","",176,857,853,840,24009602,881145,7071,2173,"",1.11,0.59,0.58,0.56,0.51,0.72,0.65,0.89,"",19,12.1,95,12.5,94,12.4,98,13.2,4460142,22.8,483039,121.3,3260,85.5,179,9.0
"12101","5","518210","78","0","2019","4","",14,60,58,60,1169923,33322,787,1517,"",0.45,0.21,0.20,0.20,0.17,0.15,0.43,0.86,"",2,16.7,49,445.5,41,241.2,47,361.5,932069,391.9,2011,6.4,184,30.5,178,13.3
"12103","5","518210","78","0","2019","4","",80,915,929,938,21676614,858588,4468,1798,"",0.86,0.88,0.89,0.89,0.70,1.14,0.75,0.79,"",-1,-1.2,-15,-1.6,-13,-1.4,11,1.2,621201,3.0,345604,67.4,-2110,-32.1,62,3.6
"12105","5","518210","78","0","2019","4","",14,60,62,59,1229494,157025,902,1568,"",0.36,0.11,0.11,0.11,0.09,0.36,0.26,0.85,"",1,7.7,2,3.4,2,3.3,1,1.7,186119,17.8,68348,77.1,378,72.1,200,14.6
"12109","5","518210","78","0","2019","4","N",28,0,0,0,0,0,0,0,"N",1.30,0,0,0,0,0,0,0,"N",5,21.7,0,0,0,0,0,0,0,0,0,0,0,0,0,0
"12111","5","518210","78","0","2019","4","N",6,0,0,0,0,0,0,0,"N",0.32,0,0,0,0,0,0,0,"N",2,50.0,0,0,0,0,0,0,0,0,0,0,0,0,0,0
"12113","5","518210","78","0","2019","4","N",7,0,0,0,0,0,0,0,"N",0.70,0,0,0,0,0,0,0,"N",2,40.0,0,0,0,0,0,0,0,0,0,0,0,0,0,0
"12115","5","518210","78","0","2019","4","",25,86,94,90,1651821,129573,806,1412,"",0.56,0.21,0.23,0.22,0.15,0.40,0.30,0.68,"",5,25.0,34,65.4,45,91.8,49,119.5,515295,45.3,106575,463.4,729,946.8,-435,-23.6
"12117","5","518210","78","0","2019","4","",41,1449,1458,1438,28755169,453665,5903,1527,"",0.97,3.04,3.02,2.95,2.15,1.24,2.09,0.71,"",4,10.8,20,1.4,30,2.1,12,0.8,1699139,6.3,-104998,-18.8,1796,43.7,69,4.7
"12119","5","518210","78","0","2019","4","N",2,0,0,0,0,0,0,0,"N",0.36,0,0,0,0,0,0,0,"N",0,0.0,0,0,0,0,0,0,0,0,0,0,0,0,0,0
"12123","5","518210","78","0","2019","4","N",1,0,0,0,0,0,0,0,"N",0.86,0,0,0,0,0,0,0,"N",0,0.0,0,0,0,0,0,0,0,0,0,0,0,0,0,0
"12127","5","518210","78","0","2019","4","",23,52,53,53,999746,44074,286,1460,"",0.57,0.13,0.13,0.13,0.10,0.16,0.12,0.81,"",4,21.1,1,2.0,1,1.9,5,10.4,139629,16.2,32142,269.4,241,535.6,146,11.1
"12129","5","518210","78","0","2019","4","N",1,0,0,0,0,0,0,0,"N",0.71,0,0,0,0,0,0,0,"N",0,0.0,0,0,0,0,0,0,0,0,0,0,0,0,0,0
"12131","5","518210","78","0","2019","4","",10,50,50,51,849837,25836,39,1299,"",1.26,0.78,0.78,0.80,0.58,0.51,0.09,0.74,"",4,66.7,5,11.1,2,4.2,6,13.3,177326,26.4,-23094,-47.2,-1265,-97.0,174,15.5
"12999","5","518210","78","0","2019","4","",443,2344,2315,2324,71937066,1428310,23250,2377,"",3.36,3.34,3.22,3.25,2.14,1.80,2.54,0.65,"",31,7.5,315,15.5,253,12.3,274,13.4,10436648,17.0,-678942,-32.2,-2129,-8.4,66,2.9
"13000","5","518210","58","0","2019","4","",959,14003,14068,14227,433546648,13018094,271548,2365,"",1.22,1.31,1.30,1.31,1.33,1.17,1.53,1.02,"",137,16.7,998,7.7,1259,9.8,1174,9.0,58279761,15.5,666592,5.4,-5031,-1.8,137,6.1
"13009","5","518210","78","0","2019","4","N",2,0,0,0,0,0,0,0,"N",0.89,0,0,0,0,0,0,0,"N",0,0.0,0,0,0,0,0,0,0,0,0,0,0,0,0,0
"13013","5","518210","78","0","2019","4","-",0,0,0,0,0,0,0,0,"N",0.00,0,0,0,0,0,0,0,"N",-1,-100.0,0,0,0,0,0,0,0,0,0,0,0,0,0,0
"13015","5","518210","78","0","2019","4","N",1,0,0,0,0,0,0,0,"N",0.16,0,0,0,0,0,0,0,"N",0,0.0,0,0,0,0,0,0,0,0,0,0,0,0,0,0
"13021","5","518210","78","0","2019","4","N",4,0,0,0,0,0,0,0,"N",0.35,0,0,0,0,0,0,0,"N",1,33.3,0,0,0,0,0,0,0,0,0,0,0,0,0,0
"13025","5","518210","78","0","2019","4","N",1,0,0,0,0,0,0,0,"N",1.76,0,0,0,0,0,0,0,"N",1,100.0,0,0,0,0,0,0,0,0,0,0,0,0,0,0
"13045","5","518210","78","0","2019","4","N",2,0,0,0,0,0,0,0,"N",0.34,0,0,0,0,0,0,0,"N",0,0.0,0,0,0,0,0,0,0,0,0,0,0,0,0,0
"13047","5","518210","78","0","2019","4","N",1,0,0,0,0,0,0,0,"N",0.37,0,0,0,0,0,0,0,"N",0,0.0,0,0,0,0,0,0,0,0,0,0,0,0,0,0
"13051","5","518210","78","0","2019","4","",11,87,79,78,1828102,95514,2328,1729,"",0.49,0.23,0.21,0.20,0.18,0.22,0.37,0.84,"",0,0.0,32,58.2,25,46.3,24,44.4,536695,41.6,61638,182.0,1860,397.4,-99,-5.4
"13057","5","518210","78","0","2019","4","",13,28,29,29,681842,29132,772,1830,"",0.82,0.18,0.18,0.18,0.18,0.17,0.31,0.97,"N",-2,-13.3,0,0,0,0,0,0,0,0,0,0,0,0,0,0
"13059","5","518210","78","0","2019","4","N",4,0,0,0,0,0,0,0,"N",0.46,0,0,0,0,0,0,0,"N",0,0.0,0,0,0,0,0,0,0,0,0,0,0,0,0,0
"13063","5","518210","78","0","2019","4","N",4,0,0,0,0,0,0,0,"N",0.36,0,0,0,0,0,0,0,"N",0,0.0,0,0,0,0,0,0,0,0,0,0,0,0,0,0
"13067","5","518210","78","0","2019","4","",85,1097,1088,1114,33713012,830379,13633,2358,"",1.41,1.23,1.22,1.24,1.14,0.85,0.86,0.93,"",11,14.9,110,11.1,106,10.8,105,10.4,5508292,19.5,-453123,-35.3,-10420,-43.3,172,7.9
"13073","5","518210","78","0","2019","4","",6,29,28,31,523421,81253,1994,1373,"",0.83,0.33,0.32,0.35,0.27,0.87,1.43,0.81,"",1,20.0,3,11.5,2,7.7,3,10.7,204597,64.2,59066,266.2,1625,440.4,453,49.2
"13077","5","518210","78","0","2019","4","N",3,0,0,0,0,0,0,0,"N",0.41,0,0,0,0,0,0,0,"N",0,0.0,0,0,0,0,0,0,0,0,0,0,0,0,0,0
"13085","5","518210","78","0","2019","4","N",2,0,0,0,0,0,0,0,"N",1.01,0,0,0,0,0,0,0,"N",-1,-33.3,0,0,0,0,0,0,0,0,0,0,0,0,0,0
"13089","5","518210","78","0","2019","4","",45,1124,1099,1184,27949077,857449,16812,1893,"",0.92,1.57,1.52,1.63,1.20,1.26,1.66,0.76,"",0,0.0,202,21.9,178,19.3,257,27.7,4068314,17.0,218022,34.1,7096,73.0,-97,-4.9
"13095","5","518210","78","0","2019","4","N",2,0,0,0,0,0,0,0,"N",0.33,0,0,0,0,0,0,0,"N",0,0.0,0,0,0,0,0,0,0,0,0,0,0,0,0,0
"13097","5","518210","78","0","2019","4","N",3,0,0,0,0,0,0,0,"N",0.41,0,0,0,0,0,0,0,"N",0,0.0,0,0,0,0,0,0,0,0,0,0,0,0,0,0
"13105","5","518210","78","0","2019","4","N",1,0,0,0,0,0,0,0,"N",0.77,0,0,0,0,0,0,0,"N",0,0.0,0,0,0,0,0,0,0,0,0,0,0,0,0,0
"13111","5","518210","78","0","2019","4","N",1,0,0,0,0,0,0,0,"N",0.59,0,0,0,0,0,0,0,"N",1,100.0,0,0,0,0,0,0,0,0,0,0,0,0,0,0
"13113","5","518210","78","0","2019","4","N",4,0,0,0,0,0,0,0,"N",0.40,0,0,0,0,0,0,0,"N",-1,-20.0,0,0,0,0,0,0,0,0,0,0,0,0,0,0
"13117","5","518210","78","0","2019","4","N",20,0,0,0,0,0,0,0,"N",1.22,0,0,0,0,0,0,0,"N",3,17.6,0,0,0,0,0,0,0,0,0,0,0,0,0,0
"13121","5","518210","78","0","2019","4","",236,7437,7471,7487,253985441,4896905,89919,2617,"",1.95,3.48,3.47,3.45,2.81,2.18,2.34,0.81,"",25,11.8,530,7.7,591,8.6,565,8.2,36024704,16.5,-138631,-2.8,-6132,-6.4,188,7.7
"13123","5","518210","78","0","2019","4","N",1,0,0,0,0,0,0,0,"N",0.61,0,0,0,0,0,0,0,"N",-1,-50.0,0,0,0,0,0,0,0,0,0,0,0,0,0,0
"13127","5","518210","78","0","2019","4","N",2,0,0,0,0,0,0,0,"N",0.28,0,0,0,0,0,0,0,"N",0,0.0,0,0,0,0,0,0,0,0,0,0,0,0,0,0
"13129","5","518210","78","0","2019","4","N",1,0,0,0,0,0,0,0,"N",0.36,0,0,0,0,0,0,0,"N",0,0.0,0,0,0,0,0,0,0,0,0,0,0,0,0,0
"13135","5","518210","78","0","2019","4","",81,1551,1577,1569,55481431,1462135,27371,2726,"",1.16,1.81,1.82,1.80,2.13,1.57,1.93,1.18,"",6,8.0,67,4.5,89,6.0,78,5.2,3428151,6.6,694281,90.4,14866,118.9,34,1.3
"13137","5","518210","78","0","2019","4","N",1,0,0,0,0,0,0,0,"N",0.41,0,0,0,0,0,0,0,"N",1,100.0,0,0,0,0,0,0,0,0,0,0,0,0,0,0
"13139","5","518210","78","0","2019","4","N",4,0,0,0,0,0,0,0,"N",0.32,0,0,0,0,0,0,0,"N",3,300.0,0,0,0,0,0,0,0,0,0,0,0,0,0,0
"13143","5","518210","78","0","2019","4","N",1,0,0,0,0,0,0,0,"N",0.75,0,0,0,0,0,0,0,"N",0,0.0,0,0,0,0,0,0,0,0,0,0,0,0,0,0
"13145","5","518210","78","0","2019","4","N",2,0,0,0,0,0,0,0,"N",1.60,0,0,0,0,0,0,0,"N",0,0.0,0,0,0,0,0,0,0,0,0,0,0,0,0,0
"13151","5","518210","78","0","2019","4","",7,35,34,36,800216,86523,3601,1759,"",0.63,0.22,0.21,0.22,0.23,0.40,0.95,1.05,"",-1,-12.5,-20,-36.4,-17,-33.3,-18,-33.3,-161203,-16.8,-16634,-16.1,-1177,-24.6,372,26.8
"13153","5","518210","78","0","2019","4","N",1,0,0,0,0,0,0,0,"N",0.14,0,0,0,0,0,0,0,"N",0,0.0,0,0,0,0,0,0,0,0,0,0,0,0,0,0
"13157","5","518210","78","0","2019","4","N",2,0,0,0,0,0,0,0,"N",0.51,0,0,0,0,0,0,0,"N",0,0.0,0,0,0,0,0,0,0,0,0,0,0,0,0,0
"13163","5","518210","78","0","2019","4","N",1,0,0,0,0,0,0,0,"N",1.01,0,0,0,0,0,0,0,"N",0,0.0,0,0,0,0,0,0,0,0,0,0,0,0,0,0
"13185","5","518210","78","0","2019","4","N",1,0,0,0,0,0,0,0,"N",0.13,0,0,0,0,0,0,0,"N",0,0.0,0,0,0,0,0,0,0,0,0,0,0,0,0,0
"13187","5","518210","78","0","2019","4","N",1,0,0,0,0,0,0,0,"N",0.67,0,0,0,0,0,0,0,"N",0,0.0,0,0,0,0,0,0,0,0,0,0,0,0,0,0
"13189","5","518210","78","0","2019","4","N",1,0,0,0,0,0,0,0,"N",0.87,0,0,0,0,0,0,0,"N",0,0.0,0,0,0,0,0,0,0,0,0,0,0,0,0,0
"13207","5","518210","78","0","2019","4","N",1,0,0,0,0,0,0,0,"N",0.71,0,0,0,0,0,0,0,"N",0,0.0,0,0,0,0,0,0,0,0,0,0,0,0,0,0
"13215","5","518210","78","0","2019","4","N",6,0,0,0,0,0,0,0,"N",0.49,0,0,0,0,0,0,0,"N",0,0.0,0,0,0,0,0,0,0,0,0,0,0,0,0,0
"13217","5","518210","78","0","2019","4","N",2,0,0,0,0,0,0,0,"N",0.46,0,0,0,0,0,0,0,"N",1,100.0,0,0,0,0,0,0,0,0,0,0,0,0,0,0
"13223","5","518210","78","0","2019","4","N",2,0,0,0,0,0,0,0,"N",0.35,0,0,0,0,0,0,0,"N",-2,-50.0,0,0,0,0,0,0,0,0,0,0,0,0,0,0
"13225","5","518210","78","0","2019","4","N",1,0,0,0,0,0,0,0,"N",0.68,0,0,0,0,0,0,0,"N",1,100.0,0,0,0,0,0,0,0,0,0,0,0,0,0,0
"13231","5","518210","78","0","2019","4","N",1,0,0,0,0,0,0,0,"N",1.37,0,0,0,0,0,0,0,"N",0,0.0,0,0,0,0,0,0,0,0,0,0,0,0,0,0
"13245","5","518210","78","0","2019","4","N",5,0,0,0,0,0,0,0,"N",0.41,0,0,0,0,0,0,0,"N",2,66.7,0,0,0,0,0,0,0,0,0,0,0,0,0,0
"13247","5","518210","78","0","2019","4","N",1,0,0,0,0,0,0,0,"N",0.18,0,0,0,0,0,0,0,"N",-2,-66.7,0,0,0,0,0,0,0,0,0,0,0,0,0,0
"13255","5","518210","78","0","2019","4","N",1,0,0,0,0,0,0,0,"N",0.31,0,0,0,0,0,0,0,"N",0,0.0,0,0,0,0,0,0,0,0,0,0,0,0,0,0
"13277","5","518210","78","0","2019","4","N",1,0,0,0,0,0,0,0,"N",0.35,0,0,0,0,0,0,0,"N",1,100.0,0,0,0,0,0,0,0,0,0,0,0,0,0,0
"13285","5","518210","78","0","2019","4","N",1,0,0,0,0,0,0,0,"N",0.24,0,0,0,0,0,0,0,"N",0,0.0,0,0,0,0,0,0,0,0,0,0,0,0,0,0
"13291","5","518210","78","0","2019","4","N",1,0,0,0,0,0,0,0,"N",0.63,0,0,0,0,0,0,0,"N",0,0.0,0,0,0,0,0,0,0,0,0,0,0,0,0,0
"13297","5","518210","78","0","2019","4","N",1,0,0,0,0,0,0,0,"N",0.21,0,0,0,0,0,0,0,"N",0,0.0,0,0,0,0,0,0,0,0,0,0,0,0,0,0
"13299","5","518210","78","0","2019","4","N",1,0,0,0,0,0,0,0,"N",0.42,0,0,0,0,0,0,0,"N",0,0.0,0,0,0,0,0,0,0,0,0,0,0,0,0,0
"13999","5","518210","78","0","2019","4","",376,1573,1576,1620,42317875,2786564,72780,2048,"",3.69,5.14,5.02,5.12,2.96,4.21,4.67,0.58,"",92,32.4,81,5.4,188,13.5,74,4.8,8047763,23.5,-168898,-5.7,-22265,-23.4,261,14.6
"15000","3","518210","58","0","2019","4","N",1,0,0,0,0,0,0,0,"N",2.29,0,0,0,0,0,0,0,"N",0,0.0,0,0,0,0,0,0,0,0,0,0,0,0,0,0
"15000","5","518210","58","0","2019","4","",127,339,341,343,7996555,1804996,23604,1804,"",1.06,0.22,0.22,0.22,0.18,0.27,0.29,0.81,"",19,17.6,-10,-2.9,-10,-2.8,14,4.3,737394,10.2,21910,1.2,-913,-3.7,176,10.8
"15001","5","518210","78","0","2019","4","",16,21,19,18,391595,104990,1013,1558,"",1.03,0.12,0.11,0.10,0.09,0.14,0.10,0.82,"",-1,-5.9,2,10.5,1,5.6,0,0.0,63395,19.3,4724,4.7,-783,-43.6,181,13.1
"15003","3","518210","78","0","2019","4","N",1,0,0,0,0,0,0,0,"N",3.74,0,0,0,0,0,0,0,"N",0,0.0,0,0,0,0,0,0,0,0,0,0,0,0,0,0
"15003","5","518210","78","0","2019","4","",85,295,299,300,6651430,1482807,18326,1717,"",1.17,0.27,0.27,0.27,0.19,0.32,0.33,0.73,"",11,14.9,-12,-3.9,-12,-3.9,9,3.1,479194,7.8,-53755,-3.5,-1560,-7.8,150,9.6
"15007","5","518210","78","0","2019","4","N",4,0,0,0,0,0,0,0,"N",0.52,0,0,0,0,0,0,0,"N",1,33.3,0,0,0,0,0,0,0,0,0,0,0,0,0,0
"15009","5","518210","78","0","2019","4","N",17,0,0,0,0,0,0,0,"N",0.95,0,0,0,0,0,0,0,"N",7,70.0,0,0,0,0,0,0,0,0,0,0,0,0,0,0
"15999","5","518210","78","0","2019","4","N",5,0,0,0,0,0,0,0,"N",0.94,0,0,0,0,0,0,0,"N",1,25.0,0,0,0,0,0,0,0,0,0,0,0,0,0,0
"16000","3","518210","58","0","2019","4","N",1,0,0,0,0,0,0,0,"N",1.55,0,0,0,0,0,0,0,"N",0,0.0,0,0,0,0,0,0,0,0,0,0,0,0,0,0
"16000","5","518210","58","0","2019","4","",252,705,712,717,15675240,4056126,35573,1695,"",1.43,0.39,0.40,0.40,0.34,0.57,0.59,0.87,"",14,5.9,97,16.0,89,14.3,76,11.9,3698111,30.9,187490,4.8,1148,3.3,219,14.8
"16001","5","518210","78","0","2019","4","",63,315,317,318,5756415,1678736,13623,1398,"",1.38,0.52,0.52,0.52,0.31,0.71,0.71,0.59,"",6,10.5,60,23.5,60,23.3,49,18.2,1257078,27.9,177447,11.8,717,5.6,69,5.2
"16003","5","518210","78","0","2019","4","N",1,0,0,0,0,0,0,0,"N",2.19,0,0,0,0,0,0,0,"N",0,0.0,0,0,0,0,0,0,0,0,0,0,0,0,0,0
"16005","5","518210","78","0","2019","4","",3,15,15,16,391067,86394,710,1962,"",0.47,0.18,0.18,0.20,0.22,0.28,0.29,1.18,"N",0,0.0,0,0,0,0,0,0,0,0,0,0,0,0,0,0
"16007","5","518210","78","0","2019","4","N",1,0,0,0,0,0,0,0,"N",1.72,0,0,0,0,0,0,0,"N",0,0.0,0,0,0,0,0,0,0,0,0,0,0,0,0,0
"16011","5","518210","78","0","2019","4","N",1,0,0,0,0,0,0,0,"N",0.33,0,0,0,0,0,0,0,"N",0,0.0,0,0,0,0,0,0,0,0,0,0,0,0,0,0
"16013","5","518210","78","0","2019","4","N",3,0,0,0,0,0,0,0,"N",0.68,0,0,0,0,0,0,0,"N",-1,-25.0,0,0,0,0,0,0,0,0,0,0,0,0,0,0
"16017","5","518210","78","0","2019","4","",5,9,10,10,256691,52499,498,2043,"",1.07,0.26,0.29,0.29,0.36,0.37,0.36,1.27,"",1,25.0,0,0.0,0,0.0,0,0.0,21497,9.1,3855,7.9,90,22.1,171,9.1
"16019","5","518210","78","0","2019","4","",7,29,29,29,260935,163760,1506,692,"",0.65,0.23,0.22,0.22,0.09,0.30,0.36,0.41,"",-2,-22.2,6,26.1,3,11.5,2,7.4,66190,34.0,20035,13.9,216,16.7,101,17.1
"16027","5","518210","78","0","2019","4","N",4,0,0,0,0,0,0,0,"N",0.27,0,0,0,0,0,0,0,"N",0,0.0,0,0,0,0,0,0,0,0,0,0,0,0,0,0
"16029","5","518210","78","0","2019","4","N",1,0,0,0,0,0,0,0,"N",1.28,0,0,0,0,0,0,0,"N",0,0.0,0,0,0,0,0,0,0,0,0,0,0,0,0,0
"16031","5","518210","78","0","2019","4","N",1,0,0,0,0,0,0,0,"N",0.40,0,0,0,0,0,0,0,"N",0,0.0,0,0,0,0,0,0,0,0,0,0,0,0,0,0
"16035","5","518210","78","0","2019","4","N",1,0,0,0,0,0,0,0,"N",1.24,0,0,0,0,0,0,0,"N",0,0.0,0,0,0,0,0,0,0,0,0,0,0,0,0,0
"16039","5","518210","78","0","2019","4","N",1,0,0,0,0,0,0,0,"N",0.60,0,0,0,0,0,0,0,"N",0,0.0,0,0,0,0,0,0,0,0,0,0,0,0,0,0
"16047","5","518210","78","0","2019","4","N",1,0,0,0,0,0,0,0,"N",0.70,0,0,0,0,0,0,0,"N",0,0.0,0,0,0,0,0,0,0,0,0,0,0,0,0,0
"16053","3","518210","78","0","2019","4","N",1,0,0,0,0,0,0,0,"N",144.73,0,0,0,0,0,0,0,"N",0,0.0,0,0,0,0,0,0,0,0,0,0,0,0,0,0
"16055","5","518210","78","0","2019","4","N",10,0,0,0,0,0,0,0,"N",0.68,0,0,0,0,0,0,0,"N",-2,-16.7,0,0,0,0,0,0,0,0,0,0,0,0,0,0
"16057","5","518210","78","0","2019","4","N",2,0,0,0,0,0,0,0,"N",0.69,0,0,0,0,0,0,0,"N",-1,-33.3,0,0,0,0,0,0,0,0,0,0,0,0,0,0
"16067","5","518210","78","0","2019","4","N",1,0,0,0,0,0,0,0,"N",0.61,0,0,0,0,0,0,0,"N",0,0.0,0,0,0,0,0,0,0,0,0,0,0,0,0,0
"16069","5","518210","78","0","2019","4","N",2,0,0,0,0,0,0,0,"N",0.60,0,0,0,0,0,0,0,"N",0,0.0,0,0,0,0,0,0,0,0,0,0,0,0,0,0
"16071","5","518210","78","0","2019","4","N",2,0,0,0,0,0,0,0,"N",5.12,0,0,0,0,0,0,0,"N",0,0.0,0,0,0,0,0,0,0,0,0,0,0,0,0,0
"16083","5","518210","78","0","2019","4","N",1,0,0,0,0,0,0,0,"N",0.13,0,0,0,0,0,0,0,"N",0,0.0,0,0,0,0,0,0,0,0,0,0,0,0,0,0
"16999","5","518210","78","0","2019","4","",141,191,193,189,6308673,1247578,12215,2541,"",6.79,6.10,6.08,5.94,4.58,6.15,5.86,0.76,"",15,11.9,41,27.3,39,25.3,36,23.5,2466508,64.2,12098,1.0,119,1.0,601,31.0
"17000","5","518210","58","0","2019","4","",952,10842,10813,10871,340553513,10519276,277497,2416,"",0.95,0.76,0.76,0.76,0.71,0.68,0.73,0.93,"",43,4.7,-107,-1.0,-83,-0.8,19,0.2,-5587576,-1.6,-783871,-6.9,-58332,-17.4,-27,-1.1
"17001","5","518210","78","0","2019","4","N",1,0,0,0,0,0,0,0,"N",0.22,0,0,0,0,0,0,0,"N",0,0.0,0,0,0,0,0,0,0,0,0,0,0,0,0,0
"17007","5","518210","78","0","2019","4","N",1,0,0,0,0,0,0,0,"N",0.43,0,0,0,0,0,0,0,"N",1,100.0,0,0,0,0,0,0,0,0,0,0,0,0,0,0
"17019","5","518210","78","0","2019","4","",15,279,280,309,4089507,332231,13114,1087,"",1.37,1.27,1.27,1.40,0.69,1.72,3.06,0.52,"",1,7.1,-158,-36.2,-116,-29.3,-23,-6.9,-635588,-13.5,-119402,-26.4,-7498,-36.4,151,16.1
"17025","5","518210","78","0","2019","4","N",1,0,0,0,0,0,0,0,"N",1.08,0,0,0,0,0,0,0,"N",0,0.0,0,0,0,0,0,0,0,0,0,0,0,0,0,0
"17029","5","518210","78","0","2019","4","N",1,0,0,0,0,0,0,0,"N",0.35,0,0,0,0,0,0,0,"N",0,0.0,0,0,0,0,0,0,0,0,0,0,0,0,0,0
"17031","5","518210","78","0","2019","4","",266,6828,6800,6772,222441449,5354410,112888,2516,"",0.72,1.10,1.09,1.08,0.94,0.79,0.67,0.86,"",2,0.8,94,1.4,63,0.9,25,0.4,14503466,7.0,-1344957,-20.1,-70163,-38.3,143,6.0
"17043","5","518210","78","0","2019","4","",77,1504,1515,1530,44827696,1540899,34421,2274,"",0.83,1.04,1.04,1.04,0.85,0.96,0.88,0.82,"",5,6.9,90,6.4,105,7.4,136,9.8,-18956212,-29.7,479773,45.2,3056,9.7,-1216,-34.8
"17053","5","518210","78","0","2019","4","N",1,0,0,0,0,0,0,0,"N",1.08,0,0,0,0,0,0,0,"N",0,0.0,0,0,0,0,0,0,0,0,0,0,0,0,0,0
"17065","5","518210","78","0","2019","4","N",1,0,0,0,0,0,0,0,"N",1.85,0,0,0,0,0,0,0,"N",0,0.0,0,0,0,0,0,0,0,0,0,0,0,0,0,0
"17077","5","518210","78","0","2019","4","N",1,0,0,0,0,0,0,0,"N",0.32,0,0,0,0,0,0,0,"N",-1,-50.0,0,0,0,0,0,0,0,0,0,0,0,0,0,0
"17089","5","518210","78","0","2019","4","N",17,0,0,0,0,0,0,0,"N",0.50,0,0,0,0,0,0,0,"N",0,0.0,0,0,0,0,0,0,0,0,0,0,0,0,0,0
"17093","5","518210","78","0","2019","4","N",1,0,0,0,0,0,0,0,"N",0.17,0,0,0,0,0,0,0,"N",0,0.0,0,0,0,0,0,0,0,0,0,0,0,0,0,0
"17097","5","518210","78","0","2019","4","",36,171,172,173,6457448,131937,3252,2888,"",0.66,0.21,0.21,0.21,0.20,0.16,0.16,0.93,"",-1,-2.7,-11,-6.0,-14,-7.5,-19,-9.9,-838222,-11.5,-118756,-47.4,-6671,-67.2,-118,-3.9
"17107","5","518210","78","0","2019","4","N",1,0,0,0,0,0,0,0,"N",0.67,0,0,0,0,0,0,0,"N",0,0.0,0,0,0,0,0,0,0,0,0,0,0,0,0,0
"17111","5","518210","78","0","2019","4","N",8,0,0,0,0,0,0,0,"N",0.38,0,0,0,0,0,0,0,"N",3,60.0,0,0,0,0,0,0,0,0,0,0,0,0,0,0
"17113","5","518210","78","0","2019","4","N",4,0,0,0,0,0,0,0,"N",0.45,0,0,0,0,0,0,0,"N",1,33.3,0,0,0,0,0,0,0,0,0,0,0,0,0,0
"17115","5","518210","78","0","2019","4","N",2,0,0,0,0,0,0,0,"N",0.35,0,0,0,0,0,0,0,"N",0,0.0,0,0,0,0,0,0,0,0,0,0,0,0,0,0
"17119","5","518210","78","0","2019","4","N",3,0,0,0,0,0,0,0,"N",0.21,0,0,0,0,0,0,0,"N",1,50.0,0,0,0,0,0,0,0,0,0,0,0,0,0,0
"17121","5","518210","78","0","2019","4","N",2,0,0,0,0,0,0,0,"N",0.90,0,0,0,0,0,0,0,"N",0,0.0,0,0,0,0,0,0,0,0,0,0,0,0,0,0
"17133","5","518210","78","0","2019","4","N",2,0,0,0,0,0,0,0,"N",0.95,0,0,0,0,0,0,0,"N",0,0.0,0,0,0,0,0,0,0,0,0,0,0,0,0,0
"17135","5","518210","78","0","2019","4","N",1,0,0,0,0,0,0,0,"N",0.54,0,0,0,0,0,0,0,"N",0,0.0,0,0,0,0,0,0,0,0,0,0,0,0,0,0
"17143","5","518210","78","0","2019","4","N",2,0,0,0,0,0,0,0,"N",0.18,0,0,0,0,0,0,0,"N",0,0.0,0,0,0,0,0,0,0,0,0,0,0,0,0,0
"17161","5","518210","78","0","2019","4","N",3,0,0,0,0,0,0,0,"N",0.38,0,0,0,0,0,0,0,"N",0,0.0,0,0,0,0,0,0,0,0,0,0,0,0,0,0
"17163","5","518210","78","0","2019","4","N",3,0,0,0,0,0,0,0,"N",0.23,0,0,0,0,0,0,0,"N",1,50.0,0,0,0,0,0,0,0,0,0,0,0,0,0,0
"17167","5","518210","78","0","2019","4","",10,182,184,189,3242337,157288,954,1348,"",0.78,0.59,0.59,0.61,0.34,0.64,0.15,0.57,"",0,0.0,10,5.8,11,6.4,11,6.2,412797,14.6,6500,4.3,-1366,-58.9,99,7.9
"17177","5","518210","78","0","2019","4","N",1,0,0,0,0,0,0,0,"N",0.36,0,0,0,0,0,0,0,"N",1,100.0,0,0,0,0,0,0,0,0,0,0,0,0,0,0
"17179","5","518210","78","0","2019","4","N",1,0,0,0,0,0,0,0,"N",0.14,0,0,0,0,0,0,0,"N",0,0.0,0,0,0,0,0,0,0,0,0,0,0,0,0,0
"17183","5","518210","78","0","2019","4","N",1,0,0,0,0,0,0,0,"N",0.28,0,0,0,0,0,0,0,"N",0,0.0,0,0,0,0,0,0,0,0,0,0,0,0,0,0
"17191","5","518210","78","0","2019","4","N",1,0,0,0,0,0,0,0,"N",0.96,0,0,0,0,0,0,0,"N",0,0.0,0,0,0,0,0,0,0,0,0,0,0,0,0,0
"17197","5","518210","78","0","2019","4","",16,142,140,146,4771781,95792,1967,2573,"",0.40,0.24,0.23,0.24,0.30,0.12,0.10,1.24,"",2,14.3,10,7.6,7,5.3,16,12.3,-290090,-5.7,9907,11.5,1227,165.8,-384,-13.0
"17199","5","518210","78","0","2019","4","N",1,0,0,0,0,0,0,0,"N",0.27,0,0,0,0,0,0,0,"N",0,0.0,0,0,0,0,0,0,0,0,0,0,0,0,0,0
"17201","5","518210","78","0","2019","4","N",4,0,0,0,0,0,0,0,"N",0.25,0,0,0,0,0,0,0,"N",0,0.0,0,0,0,0,0,0,0,0,0,0,0,0,0,0
"17999","5","518210","78","0","2019","4","",467,1325,1329,1361,47012989,2619685,104022,2702,"",3.30,3.80,3.79,3.93,2.63,3.72,4.35,0.69,"",27,6.1,-83,-5.9,-67,-4.8,-59,-4.2,230708,0.5,522112,24.9,29933,40.4,146,5.7
"18000","5","518210","58","0","2019","4","",346,2637,2643,2664,51418236,2170798,57060,1494,"",0.77,0.36,0.36,0.36,0.26,0.33,0.49,0.73,"",2,0.6,150,6.0,155,6.2,117,4.6,-5776628,-10.1,299993,16.0,22778,66.4,-261,-14.9
"18003","5","518210","78","0","2019","4","",11,80,78,76,1460240,8275,237,1440,"",0.46,0.18,0.17,0.17,0.12,0.02,0.04,0.71,"N",1,10.0,0,0,0,0,0,0,0,0,0,0,0,0,0,0
"18011","5","518210","78","0","2019","4","N",3,0,0,0,0,0,0,0,"N",0.62,0,0,0,0,0,0,0,"N",-1,-25.0,0,0,0,0,0,0,0,0,0,0,0,0,0,0
"18017","5","518210","78","0","2019","4","N",1,0,0,0,0,0,0,0,"N",0.54,0,0,0,0,0,0,0,"N",0,0.0,0,0,0,0,0,0,0,0,0,0,0,0,0,0
"18019","5","518210","78","0","2019","4","N",3,0,0,0,0,0,0,0,"N",0.43,0,0,0,0,0,0,0,"N",0,0.0,0,0,0,0,0,0,0,0,0,0,0,0,0,0
"18029","5","518210","78","0","2019","4","N",1,0,0,0,0,0,0,0,"N",0.37,0,0,0,0,0,0,0,"N",1,100.0,0,0,0,0,0,0,0,0,0,0,0,0,0,0
"18035","5","518210","78","0","2019","4","N",3,0,0,0,0,0,0,0,"N",0.52,0,0,0,0,0,0,0,"N",0,0.0,0,0,0,0,0,0,0,0,0,0,0,0,0,0
"18039","5","518210","78","0","2019","4","N",4,0,0,0,0,0,0,0,"N",0.32,0,0,0,0,0,0,0,"N",-1,-20.0,0,0,0,0,0,0,0,0,0,0,0,0,0,0
"18043","5","518210","78","0","2019","4","N",1,0,0,0,0,0,0,0,"N",0.20,0,0,0,0,0,0,0,"N",0,0.0,0,0,0,0,0,0,0,0,0,0,0,0,0,0
"18055","5","518210","78","0","2019","4","N",1,0,0,0,0,0,0,0,"N",0.67,0,0,0,0,0,0,0,"N",0,0.0,0,0,0,0,0,0,0,0,0,0,0,0,0,0
"18057","5","518210","78","0","2019","4","",30,167,172,172,4429180,189073,3780,2000,"",1.16,0.49,0.50,0.50,0.43,0.57,0.68,0.86,"",-1,-3.2,-19,-10.2,-6,-3.4,-21,-10.9,-143271,-3.1,53895,39.9,1636,76.3,106,5.6
"18059","5","518210","78","0","2019","4","N",2,0,0,0,0,0,0,0,"N",0.48,0,0,0,0,0,0,0,"N",0,0.0,0,0,0,0,0,0,0,0,0,0,0,0,0,0
"18063","5","518210","78","0","2019","4","",5,35,35,35,341819,11467,174,751,"",0.55,0.20,0.19,0.19,0.08,0.04,0.05,0.43,"N",-1,-16.7,0,0,0,0,0,0,0,0,0,0,0,0,0,0
"18065","5","518210","78","0","2019","4","N",1,0,0,0,0,0,0,0,"N",0.46,0,0,0,0,0,0,0,"N",0,0.0,0,0,0,0,0,0,0,0,0,0,0,0,0,0
"18081","5","518210","78","0","2019","4","",6,28,28,28,708003,15888,329,1945,"",0.66,0.21,0.20,0.20,0.23,0.10,0.15,1.12,"",-1,-14.3,-20,-41.7,-21,-42.9,-21,-42.9,-1533964,-68.4,-2298,-12.6,121,58.2,-1599,-45.1
"18083","5","518210","78","0","2019","4","N",1,0,0,0,0,0,0,0,"N",0.41,0,0,0,0,0,0,0,"N",0,0.0,0,0,0,0,0,0,0,0,0,0,0,0,0,0
"18085","5","518210","78","0","2019","4","N",1,0,0,0,0,0,0,0,"N",0.19,0,0,0,0,0,0,0,"N",0,0.0,0,0,0,0,0,0,0,0,0,0,0,0,0,0
"18089","5","518210","78","0","2019","4","",8,23,23,25,298181,14762,353,969,"",0.29,0.05,0.05,0.06,0.02,0.04,0.04,0.47,"",1,14.3,-3,-11.5,-4,-14.8,-2,-7.4,55774,23.0,-18147,-55.1,-486,-57.9,270,38.6
"18091","5","518210","78","0","2019","4","N",2,0,0,0,0,0,0,0,"N",0.33,0,0,0,0,0,0,0,"N",1,100.0,0,0,0,0,0,0,0,0,0,0,0,0,0,0
"18093","5","518210","78","0","2019","4","N",1,0,0,0,0,0,0,0,"N",0.43,0,0,0,0,0,0,0,"N",1,100.0,0,0,0,0,0,0,0,0,0,0,0,0,0,0
"18095","5","518210","78","0","2019","4","",5,16,18,17,190643,13191,274,863,"",0.85,0.17,0.19,0.18,0.09,0.15,0.18,0.50,"N",1,25.0,0,0,0,0,0,0,0,0,0,0,0,0,0,0
"18097","5","518210","78","0","2019","4","",53,1393,1380,1399,26922662,1060641,32852,1489,"",0.80,0.97,0.95,0.96,0.59,0.82,1.45,0.61,"",1,1.9,284,25.6,276,25.0,247,21.4,-356143,-1.3,379034,55.6,16827,105.0,-382,-20.4
"18105","5","518210","78","0","2019","4","N",3,0,0,0,0,0,0,0,"N",0.37,0,0,0,0,0,0,0,"N",2,200.0,0,0,0,0,0,0,0,0,0,0,0,0,0,0
"18107","5","518210","78","0","2019","4","N",2,0,0,0,0,0,0,0,"N",0.89,0,0,0,0,0,0,0,"N",0,0.0,0,0,0,0,0,0,0,0,0,0,0,0,0,0
"18119","5","518210","78","0","2019","4","N",1,0,0,0,0,0,0,0,"N",1.21,0,0,0,0,0,0,0,"N",-1,-50.0,0,0,0,0,0,0,0,0,0,0,0,0,0,0
"18121","5","518210","78","0","2019","4","N",1,0,0,0,0,0,0,0,"N",1.23,0,0,0,0,0,0,0,"N",1,100.0,0,0,0,0,0,0,0,0,0,0,0,0,0,0
"18127","5","518210","78","0","2019","4","N",4,0,0,0,0,0,0,0,"N",0.40,0,0,0,0,0,0,0,"N",-1,-20.0,0,0,0,0,0,0,0,0,0,0,0,0,0,0
"18141","5","518210","78","0","2019","4","",9,146,147,147,2564720,102701,1673,1345,"",0.59,0.49,0.49,0.49,0.34,0.44,0.42,0.69,"",0,0.0,-97,-39.9,-95,-39.3,-96,-39.5,-1510904,-37.1,-84349,-45.1,-1192,-41.6,53,4.1
"18145","5","518210","78","0","2019","4","N",1,0,0,0,0,0,0,0,"N",0.40,0,0,0,0,0,0,0,"N",0,0.0,0,0,0,0,0,0,0,0,0,0,0,0,0,0
"18147","5","518210","78","0","2019","4","N",1,0,0,0,0,0,0,0,"N",0.79,0,0,0,0,0,0,0,"N",0,0.0,0,0,0,0,0,0,0,0,0,0,0,0,0,0
"18157","5","518210","78","0","2019","4","N",2,0,0,0,0,0,0,0,"N",0.21,0,0,0,0,0,0,0,"N",-1,-33.3,0,0,0,0,0,0,0,0,0,0,0,0,0,0
"18163","5","518210","78","0","2019","4","N",3,0,0,0,0,0,0,0,"N",0.24,0,0,0,0,0,0,0,"N",0,0.0,0,0,0,0,0,0,0,0,0,0,0,0,0,0
"18167","5","518210","78","0","2019","4","N",1,0,0,0,0,0,0,0,"N",0.16,0,0,0,0,0,0,0,"N",1,100.0,0,0,0,0,0,0,0,0,0,0,0,0,0,0
"18183","5","518210","78","0","2019","4","N",1,0,0,0,0,0,0,0,"N",0.54,0,0,0,0,0,0,0,"N",0,0.0,0,0,0,0,0,0,0,0,0,0,0,0,0,0
"18999","5","518210","78","0","2019","4","",174,409,414,414,9353944,492803,11983,1745,"",3.66,2.20,2.22,2.24,1.38,1.64,1.49,0.62,"",-1,-0.6,-7,-1.7,-12,-2.8,-6,-1.4,1007821,12.1,55486,12.7,4061,51.3,219,14.4
"19000","3","518210","58","0","2019","4","N",2,0,0,0,0,0,0,0,"N",1.96,0,0,0,0,0,0,0,"N",0,0.0,0,0,0,0,0,0,0,0,0,0,0,0,0,0
"19000","5","518210","58","0","2019","4","",245,3722,3747,3723,70470454,8223672,126970,1453,"",0.88,1.01,1.02,1.01,0.70,0.93,0.98,0.69,"",26,11.9,-327,-8.1,-318,-7.8,-319,-7.9,152905,0.2,-2356390,-22.3,-51505,-28.9,118,8.8
"19011","5","518210","78","0","2019","4","N",1,0,0,0,0,0,0,0,"N",0.55,0,0,0,0,0,0,0,"N",0,0.0,0,0,0,0,0,0,0,0,0,0,0,0,0,0
"19013","5","518210","78","0","2019","4","",9,44,41,41,813917,134529,1338,1491,"",0.88,0.25,0.23,0.23,0.16,0.34,0.22,0.68,"",1,12.5,12,37.5,9,28.1,13,46.4,265645,48.5,29156,27.7,326,32.2,116,8.4
"19015","5","518210","78","0","2019","4","N",3,0,0,0,0,0,0,0,"N",1.50,0,0,0,0,0,0,0,"N",1,50.0,0,0,0,0,0,0,0,0,0,0,0,0,0,0
"19017","5","518210","78","0","2019","4","N",1,0,0,0,0,0,0,0,"N",0.53,0,0,0,0,0,0,0,"N",-2,-66.7,0,0,0,0,0,0,0,0,0,0,0,0,0,0
"19019","5","518210","78","0","2019","4","N",1,0,0,0,0,0,0,0,"N",0.59,0,0,0,0,0,0,0,"N",0,0.0,0,0,0,0,0,0,0,0,0,0,0,0,0,0
"19027","5","518210","78","0","2019","4","N",1,0,0,0,0,0,0,0,"N",0.39,0,0,0,0,0,0,0,"N",0,0.0,0,0,0,0,0,0,0,0,0,0,0,0,0,0
"19031","5","518210","78","0","2019","4","N",1,0,0,0,0,0,0,0,"N",0.65,0,0,0,0,0,0,0,"N",0,0.0,0,0,0,0,0,0,0,0,0,0,0,0,0,0
"19033","5","518210","78","0","2019","4","N",3,0,0,0,0,0,0,0,"N",0.67,0,0,0,0,0,0,0,"N",-1,-25.0,0,0,0,0,0,0,0,0,0,0,0,0,0,0
"19041","5","518210","78","0","2019","4","N",2,0,0,0,0,0,0,0,"N",1.02,0,0,0,0,0,0,0,"N",1,100.0,0,0,0,0,0,0,0,0,0,0,0,0,0,0
"19045","5","518210","78","0","2019","4","N",5,0,0,0,0,0,0,0,"N",1.33,0,0,0,0,0,0,0,"N",0,0.0,0,0,0,0,0,0,0,0,0,0,0,0,0,0
"19047","5","518210","78","0","2019","4","-",0,0,0,0,0,0,0,0,"N",0.00,0,0,0,0,0,0,0,"N",-1,-100.0,0,0,0,0,0,0,0,0,0,0,0,0,0,0
"19049","5","518210","78","0","2019","4","N",10,0,0,0,0,0,0,0,"N",1.36,0,0,0,0,0,0,0,"N",2,25.0,0,0,0,0,0,0,0,0,0,0,0,0,0,0
"19057","5","518210","78","0","2019","4","-",0,0,0,0,0,0,0,0,"N",0.00,0,0,0,0,0,0,0,"N",-1,-100.0,0,0,0,0,0,0,0,0,0,0,0,0,0,0
"19061","3","518210","78","0","2019","4","N",1,0,0,0,0,0,0,0,"N",30.29,0,0,0,0,0,0,0,"N",0,0.0,0,0,0,0,0,0,0,0,0,0,0,0,0,0
"19061","5","518210","78","0","2019","4","N",7,0,0,0,0,0,0,0,"N",0.78,0,0,0,0,0,0,0,"N",1,16.7,0,0,0,0,0,0,0,0,0,0,0,0,0,0
"19067","5","518210","78","0","2019","4","N",1,0,0,0,0,0,0,0,"N",0.76,0,0,0,0,0,0,0,"N",0,0.0,0,0,0,0,0,0,0,0,0,0,0,0,0,0
"19085","5","518210","78","0","2019","4","N",1,0,0,0,0,0,0,0,"N",0.84,0,0,0,0,0,0,0,"N",0,0.0,0,0,0,0,0,0,0,0,0,0,0,0,0,0
"19087","5","518210","78","0","2019","4","N",1,0,0,0,0,0,0,0,"N",0.60,0,0,0,0,0,0,0,"N",0,0.0,0,0,0,0,0,0,0,0,0,0,0,0,0,0
"19089","5","518210","78","0","2019","4","N",1,0,0,0,0,0,0,0,"N",1.14,0,0,0,0,0,0,0,"N",0,0.0,0,0,0,0,0,0,0,0,0,0,0,0,0,0
"19095","5","518210","78","0","2019","4","N",1,0,0,0,0,0,0,0,"N",0.53,0,0,0,0,0,0,0,"N",-1,-50.0,0,0,0,0,0,0,0,0,0,0,0,0,0,0
"19097","5","518210","78","0","2019","4","N",1,0,0,0,0,0,0,0,"N",0.55,0,0,0,0,0,0,0,"N",-1,-50.0,0,0,0,0,0,0,0,0,0,0,0,0,0,0
"19099","5","518210","78","0","2019","4","N",2,0,0,0,0,0,0,0,"N",0.79,0,0,0,0,0,0,0,"N",1,100.0,0,0,0,0,0,0,0,0,0,0,0,0,0,0
"19101","5","518210","78","0","2019","4","N",3,0,0,0,0,0,0,0,"N",1.47,0,0,0,0,0,0,0,"N",-1,-25.0,0,0,0,0,0,0,0,0,0,0,0,0,0,0
"19103","5","518210","78","0","2019","4","",18,57,56,58,918733,160396,3516,1240,"",1.53,0.29,0.28,0.29,0.16,0.44,0.89,0.57,"",8,80.0,11,23.9,14,33.3,12,26.1,223408,32.1,-33418,-17.2,1141,48.0,43,3.6
"19109","5","518210","78","0","2019","4","N",1,0,0,0,0,0,0,0,"N",0.59,0,0,0,0,0,0,0,"N",0,0.0,0,0,0,0,0,0,0,0,0,0,0,0,0,0
"19113","3","518210","78","0","2019","4","N",1,0,0,0,0,0,0,0,"N",14.44,0,0,0,0,0,0,0,"N",0,0.0,0,0,0,0,0,0,0,0,0,0,0,0,0,0
"19113","5","518210","78","0","2019","4","",28,669,678,699,14826270,1088121,19812,1672,"",1.48,2.16,2.17,2.22,1.59,1.49,1.77,0.73,"",3,12.0,-140,-17.3,-143,-17.4,-116,-14.2,-2174479,-12.8,-918028,-45.8,-9611,-32.7,67,4.2
"19123","5","518210","78","0","2019","4","N",2,0,0,0,0,0,0,0,"N",1.17,0,0,0,0,0,0,0,"N",1,100.0,0,0,0,0,0,0,0,0,0,0,0,0,0,0
"19125","5","518210","78","0","2019","4","N",2,0,0,0,0,0,0,0,"N",0.74,0,0,0,0,0,0,0,"N",-1,-33.3,0,0,0,0,0,0,0,0,0,0,0,0,0,0
"19127","5","518210","78","0","2019","4","N",2,0,0,0,0,0,0,0,"N",0.74,0,0,0,0,0,0,0,"N",1,100.0,0,0,0,0,0,0,0,0,0,0,0,0,0,0
"19129","5","518210","78","0","2019","4","N",1,0,0,0,0,0,0,0,"N",0.94,0,0,0,0,0,0,0,"N",0,0.0,0,0,0,0,0,0,0,0,0,0,0,0,0,0
"19131","5","518210","78","0","2019","4","N",1,0,0,0,0,0,0,0,"N",0.96,0,0,0,0,0,0,0,"N",0,0.0,0,0,0,0,0,0,0,0,0,0,0,0,0,0
"19139","5","518210","78","0","2019","4","N",1,0,0,0,0,0,0,0,"N",0.31,0,0,0,0,0,0,0,"N",-1,-50.0,0,0,0,0,0,0,0,0,0,0,0,0,0,0
"19145","5","518210","78","0","2019","4","N",1,0,0,0,0,0,0,0,"N",0.76,0,0,0,0,0,0,0,"N",0,0.0,0,0,0,0,0,0,0,0,0,0,0,0,0,0
"19151","5","518210","78","0","2019","4","N",1,0,0,0,0,0,0,0,"N",1.30,0,0,0,0,0,0,0,"N",0,0.0,0,0,0,0,0,0,0,0,0,0,0,0,0,0
"19153","5","518210","78","0","2019","4","",86,973,983,978,23342852,1995905,19744,1836,"",1.77,1.35,1.36,1.35,1.00,1.13,0.78,0.74,"",13,17.8,-96,-9.0,-90,-8.4,-79,-7.5,-379076,-1.6,-421301,-17.4,-9562,-32.6,125,7.3
"19155","5","518210","78","0","2019","4","N",9,0,0,0,0,0,0,0,"N",1.31,0,0,0,0,0,0,0,"N",1,12.5,0,0,0,0,0,0,0,0,0,0,0,0,0,0
"19163","5","518210","78","0","2019","4","N",9,0,0,0,0,0,0,0,"N",0.59,0,0,0,0,0,0,0,"N",2,28.6,0,0,0,0,0,0,0,0,0,0,0,0,0,0
"19165","5","518210","78","0","2019","4","N",3,0,0,0,0,0,0,0,"N",2.60,0,0,0,0,0,0,0,"N",0,0.0,0,0,0,0,0,0,0,0,0,0,0,0,0,0
"19167","5","518210","78","0","2019","4","N",1,0,0,0,0,0,0,0,"N",0.25,0,0,0,0,0,0,0,"N",0,0.0,0,0,0,0,0,0,0,0,0,0,0,0,0,0
"19169","5","518210","78","0","2019","4","N",10,0,0,0,0,0,0,0,"N",1.40,0,0,0,0,0,0,0,"N",1,11.1,0,0,0,0,0,0,0,0,0,0,0,0,0,0
"19175","5","518210","78","0","2019","4","N",1,0,0,0,0,0,0,0,"N",0.85,0,0,0,0,0,0,0,"N",0,0.0,0,0,0,0,0,0,0,0,0,0,0,0,0,0
"19179","5","518210","78","0","2019","4","N",1,0,0,0,0,0,0,0,"N",0.43,0,0,0,0,0,0,0,"N",0,0.0,0,0,0,0,0,0,0,0,0,0,0,0,0,0
"19181","5","518210","78","0","2019","4","N",5,0,0,0,0,0,0,0,"N",1.62,0,0,0,0,0,0,0,"N",0,0.0,0,0,0,0,0,0,0,0,0,0,0,0,0,0
"19183","5","518210","78","0","2019","4","N",1,0,0,0,0,0,0,0,"N",0.47,0,0,0,0,0,0,0,"N",1,100.0,0,0,0,0,0,0,0,0,0,0,0,0,0,0
"19187","5","518210","78","0","2019","4","N",1,0,0,0,0,0,0,0,"N",0.31,0,0,0,0,0,0,0,"N",0,0.0,0,0,0,0,0,0,0,0,0,0,0,0,0,0
"19189","5","518210","78","0","2019","4","-",0,0,0,0,0,0,0,0,"N",0.00,0,0,0,0,0,0,0,"N",-2,-100.0,0,0,0,0,0,0,0,0,0,0,0,0,0,0
"19191","5","518210","78","0","2019","4","N",1,0,0,0,0,0,0,0,"N",0.51,0,0,0,0,0,0,0,"N",0,0.0,0,0,0,0,0,0,0,0,0,0,0,0,0,0
"19193","5","518210","78","0","2019","4","N",2,0,0,0,0,0,0,0,"N",0.23,0,0,0,0,0,0,0,"N",2,100.0,0,0,0,0,0,0,0,0,0,0,0,0,0,0
"19195","5","518210","78","0","2019","4","N",1,0,0,0,0,0,0,0,"N",1.55,0,0,0,0,0,0,0,"N",0,0.0,0,0,0,0,0,0,0,0,0,0,0,0,0,0
"19197","5","518210","78","0","2019","4","N",1,0,0,0,0,0,0,0,"N",0.76,0,0,0,0,0,0,0,"N",-2,-66.7,0,0,0,0,0,0,0,0,0,0,0,0,0,0
"20000","5","518210","58","0","2019","4","",173,2026,2077,2078,44978934,3296295,72053,1679,"",0.73,0.61,0.62,0.62,0.51,0.41,0.94,0.82,"",30,21.0,166,8.9,288,16.1,290,16.2,5630708,14.3,1428800,76.5,33874,88.7,9,0.5
"20005","5","518210","78","0","2019","4","N",1,0,0,0,0,0,0,0,"N",0.93,0,0,0,0,0,0,0,"N",1,100.0,0,0,0,0,0,0,0,0,0,0,0,0,0,0
"20015","5","518210","78","0","2019","4","N",1,0,0,0,0,0,0,0,"N",0.26,0,0,0,0,0,0,0,"N",0,0.0,0,0,0,0,0,0,0,0,0,0,0,0,0,0
"20031","5","518210","78","0","2019","4","N",2,0,0,0,0,0,0,0,"N",2.91,0,0,0,0,0,0,0,"N",0,0.0,0,0,0,0,0,0,0,0,0,0,0,0,0,0
"20037","5","518210","78","0","2019","4","N",1,0,0,0,0,0,0,0,"N",0.39,0,0,0,0,0,0,0,"N",1,100.0,0,0,0,0,0,0,0,0,0,0,0,0,0,0
"20045","5","518210","78","0","2019","4","N",6,0,0,0,0,0,0,0,"N",0.72,0,0,0,0,0,0,0,"N",1,20.0,0,0,0,0,0,0,0,0,0,0,0,0,0,0
"20055","5","518210","78","0","2019","4","N",1,0,0,0,0,0,0,0,"N",0.34,0,0,0,0,0,0,0,"N",1,100.0,0,0,0,0,0,0,0,0,0,0,0,0,0,0
"20059","5","518210","78","0","2019","4","-",0,0,0,0,0,0,0,0,"N",0.00,0,0,0,0,0,0,0,"N",-1,-100.0,0,0,0,0,0,0,0,0,0,0,0,0,0,0
"20071","5","518210","78","0","2019","4","N",1,0,0,0,0,0,0,0,"N",5.62,0,0,0,0,0,0,0,"N",0,0.0,0,0,0,0,0,0,0,0,0,0,0,0,0,0
"20079","5","518210","78","0","2019","4","N",2,0,0,0,0,0,0,0,"N",0.98,0,0,0,0,0,0,0,"N",1,100.0,0,0,0,0,0,0,0,0,0,0,0,0,0,0
"20089","5","518210","78","0","2019","4","-",0,0,0,0,0,0,0,0,"N",0.00,0,0,0,0,0,0,0,"N",-1,-100.0,0,0,0,0,0,0,0,0,0,0,0,0,0,0
"20091","5","518210","78","0","2019","4","",93,930,955,965,24636844,2149525,49202,1995,"",1.46,1.11,1.13,1.13,0.90,1.06,2.09,0.81,"",23,32.9,285,44.2,299,45.6,305,46.2,7891620,47.1,1414416,192.4,30856,168.2,24,1.2
"20103","5","518210","78","0","2019","4","N",2,0,0,0,0,0,0,0,"N",0.54,0,0,0,0,0,0,0,"N",0,0.0,0,0,0,0,0,0,0,0,0,0,0,0,0,0
"20111","5","518210","78","0","2019","4","N",1,0,0,0,0,0,0,0,"N",0.44,0,0,0,0,0,0,0,"N",0,0.0,0,0,0,0,0,0,0,0,0,0,0,0,0,0
"20113","5","518210","78","0","2019","4","N",1,0,0,0,0,0,0,0,"N",0.40,0,0,0,0,0,0,0,"N",0,0.0,0,0,0,0,0,0,0,0,0,0,0,0,0,0
"20121","5","518210","78","0","2019","4","N",1,0,0,0,0,0,0,0,"N",0.46,0,0,0,0,0,0,0,"N",1,100.0,0,0,0,0,0,0,0,0,0,0,0,0,0,0
"20133","5","518210","78","0","2019","4","N",1,0,0,0,0,0,0,0,"N",0.78,0,0,0,0,0,0,0,"N",-1,-50.0,0,0,0,0,0,0,0,0,0,0,0,0,0,0
"20151","5","518210","78","0","2019","4","N",2,0,0,0,0,0,0,0,"N",2.13,0,0,0,0,0,0,0,"N",0,0.0,0,0,0,0,0,0,0,0,0,0,0,0,0,0
"20155","5","518210","78","0","2019","4","N",5,0,0,0,0,0,0,0,"N",1.16,0,0,0,0,0,0,0,"N",2,66.7,0,0,0,0,0,0,0,0,0,0,0,0,0,0
"20161","5","518210","78","0","2019","4","N",1,0,0,0,0,0,0,0,"N",0.22,0,0,0,0,0,0,0,"N",-1,-50.0,0,0,0,0,0,0,0,0,0,0,0,0,0,0
"20167","5","518210","78","0","2019","4","N",1,0,0,0,0,0,0,0,"N",1.28,0,0,0,0,0,0,0,"N",0,0.0,0,0,0,0,0,0,0,0,0,0,0,0,0,0
"20169","5","518210","78","0","2019","4","",3,3,3,3,30350,17102,419,778,"",0.77,0.04,0.04,0.04,0.02,0.12,0.41,0.46,"N",2,200.0,0,0,0,0,0,0,0,0,0,0,0,0,0,0
"20173","5","518210","78","0","2019","4","",23,98,100,94,1492498,134890,3229,1180,"",0.68,0.16,0.16,0.15,0.09,0.10,0.22,0.57,"",3,15.0,-54,-35.5,-4,-3.8,-7,-6.9,-380824,-20.3,-50175,-27.1,1254,63.5,-31,-2.6
"20177","5","518210","78","0","2019","4","",9,381,388,390,6508204,422332,8654,1296,"",0.67,1.66,1.69,1.70,1.12,1.23,2.17,0.66,"",1,12.5,-12,-3.1,1,0.3,1,0.3,-160479,-2.4,10191,2.5,764,9.7,-20,-1.5
"20195","5","518210","78","0","2019","4","N",1,0,0,0,0,0,0,0,"N",2.83,0,0,0,0,0,0,0,"N",0,0.0,0,0,0,0,0,0,0,0,0,0,0,0,0,0
"20209","5","518210","78","0","2019","4","N",3,0,0,0,0,0,0,0,"N",0.32,0,0,0,0,0,0,0,"N",0,0.0,0,0,0,0,0,0,0,0,0,0,0,0,0,0
"20999","5","518210","78","0","2019","4","",11,50,49,48,1180687,26996,1226,1854,"",2.23,0.95,0.95,0.93,0.59,0.31,0.47,0.62,"N",-1,-8.3,0,0,0,0,0,0,0,0,0,0,0,0,0,0
"21000","3","518210","58","0","2019","4","N",1,0,0,0,0,0,0,0,"N",0.84,0,0,0,0,0,0,0,"N",0,0.0,0,0,0,0,0,0,0,0,0,0,0,0,0,0
"21000","5","518210","58","0","2019","4","",217,3701,3825,3837,99941459,3875821,81430,2030,"",0.67,0.82,0.84,0.84,0.83,0.85,0.94,1.00,"",18,9.0,28,0.8,120,3.2,142,3.8,36883958,58.5,62019,1.6,-11504,-12.4,716,54.5
"21005","5","518210","78","0","2019","4","N",2,0,0,0,0,0,0,0,"N",1.85,0,0,0,0,0,0,0,"N",0,0.0,0,0,0,0,0,0,0,0,0,0,0,0,0,0
"21009","5","518210","78","0","2019","4","N",1,0,0,0,0,0,0,0,"N",0.36,0,0,0,0,0,0,0,"N",0,0.0,0,0,0,0,0,0,0,0,0,0,0,0,0,0
"21015","5","518210","78","0","2019","4","N",13,0,0,0,0,0,0,0,"N",1.09,0,0,0,0,0,0,0,"N",6,85.7,0,0,0,0,0,0,0,0,0,0,0,0,0,0
"21019","5","518210","78","0","2019","4","N",3,0,0,0,0,0,0,0,"N",0.74,0,0,0,0,0,0,0,"N",2,200.0,0,0,0,0,0,0,0,0,0,0,0,0,0,0
"21029","5","518210","78","0","2019","4","N",1,0,0,0,0,0,0,0,"N",0.28,0,0,0,0,0,0,0,"N",0,0.0,0,0,0,0,0,0,0,0,0,0,0,0,0,0
"21035","5","518210","78","0","2019","4","N",1,0,0,0,0,0,0,0,"N",0.37,0,0,0,0,0,0,0,"N",0,0.0,0,0,0,0,0,0,0,0,0,0,0,0,0,0
"21037","5","518210","78","0","2019","4","N",9,0,0,0,0,0,0,0,"N",1.51,0,0,0,0,0,0,0,"N",2,28.6,0,0,0,0,0,0,0,0,0,0,0,0,0,0
"21045","5","518210","78","0","2019","4","N",1,0,0,0,0,0,0,0,"N",1.32,0,0,0,0,0,0,0,"N",0,0.0,0,0,0,0,0,0,0,0,0,0,0,0,0,0
"21047","5","518210","78","0","2019","4","N",6,0,0,0,0,0,0,0,"N",1.34,0,0,0,0,0,0,0,"N",-2,-25.0,0,0,0,0,0,0,0,0,0,0,0,0,0,0
"21049","5","518210","78","0","2019","4","N",1,0,0,0,0,0,0,0,"N",0.44,0,0,0,0,0,0,0,"N",0,0.0,0,0,0,0,0,0,0,0,0,0,0,0,0,0
"21059","5","518210","78","0","2019","4","N",1,0,0,0,0,0,0,0,"N",0.13,0,0,0,0,0,0,0,"N",-1,-50.0,0,0,0,0,0,0,0,0,0,0,0,0,0,0
"21067","5","518210","78","0","2019","4","",35,452,470,468,11119368,424841,10624,1846,"",1.17,0.97,1.00,0.99,0.84,0.94,1.32,0.85,"",3,9.4,15,3.4,30,6.8,25,5.6,957835,9.4,41372,10.8,2543,31.5,70,3.9
"21071","5","518210","78","0","2019","4","N",1,0,0,0,0,0,0,0,"N",0.40,0,0,0,0,0,0,0,"N",0,0.0,0,0,0,0,0,0,0,0,0,0,0,0,0,0
"21073","3","518210","78","0","2019","4","N",1,0,0,0,0,0,0,0,"N",52.03,0,0,0,0,0,0,0,"N",0,0.0,0,0,0,0,0,0,0,0,0,0,0,0,0,0
"21073","5","518210","78","0","2019","4","N",6,0,0,0,0,0,0,0,"N",1.15,0,0,0,0,0,0,0,"N",-1,-14.3,0,0,0,0,0,0,0,0,0,0,0,0,0,0
"21079","5","518210","78","0","2019","4","N",1,0,0,0,0,0,0,0,"N",1.18,0,0,0,0,0,0,0,"N",0,0.0,0,0,0,0,0,0,0,0,0,0,0,0,0,0
"21089","5","518210","78","0","2019","4","N",1,0,0,0,0,0,0,0,"N",0.64,0,0,0,0,0,0,0,"N",1,100.0,0,0,0,0,0,0,0,0,0,0,0,0,0,0
"21093","5","518210","78","0","2019","4","N",10,0,0,0,0,0,0,0,"N",1.31,0,0,0,0,0,0,0,"N",0,0.0,0,0,0,0,0,0,0,0,0,0,0,0,0,0
"21101","5","518210","78","0","2019","4","N",1,0,0,0,0,0,0,0,"N",0.33,0,0,0,0,0,0,0,"N",0,0.0,0,0,0,0,0,0,0,0,0,0,0,0,0,0
"21111","5","518210","78","0","2019","4","",61,1285,1270,1275,61459572,702665,14616,3703,"",0.90,1.15,1.12,1.12,1.71,0.60,0.69,1.51,"",10,19.6,48,3.9,17,1.4,9,0.7,35818792,139.7,-168705,-19.4,-5889,-28.7,2128,135.1
"21113","5","518210","78","0","2019","4","",3,6,6,8,116853,8968,231,1348,"",0.84,0.15,0.15,0.20,0.12,0.21,0.34,0.76,"N",0,0.0,0,0,0,0,0,0,0,0,0,0,0,0,0,0
"21115","5","518210","78","0","2019","4","N",1,0,0,0,0,0,0,0,"N",0.76,0,0,0,0,0,0,0,"N",0,0.0,0,0,0,0,0,0,0,0,0,0,0,0,0,0
"21117","5","518210","78","0","2019","4","",6,18,18,19,368375,28378,344,1546,"",0.53,0.11,0.11,0.12,0.07,0.19,0.11,0.62,"N",1,20.0,0,0,0,0,0,0,0,0,0,0,0,0,0,0
"21125","5","518210","78","0","2019","4","",5,218,242,224,1867595,341723,8404,630,"",1.24,3.48,3.77,3.49,1.46,4.66,6.29,0.41,"",0,0.0,-11,-4.8,-1,-0.4,-14,-5.9,198563,11.9,17127,5.3,-2526,-23.1,88,16.2
"21133","5","518210","78","0","2019","4","N",2,0,0,0,0,0,0,0,"N",1.75,0,0,0,0,0,0,0,"N",1,100.0,0,0,0,0,0,0,0,0,0,0,0,0,0,0
"21141","5","518210","78","0","2019","4","N",1,0,0,0,0,0,0,0,"N",0.60,0,0,0,0,0,0,0,"N",0,0.0,0,0,0,0,0,0,0,0,0,0,0,0,0,0
"21145","5","518210","78","0","2019","4","N",4,0,0,0,0,0,0,0,"N",0.62,0,0,0,0,0,0,0,"N",0,0.0,0,0,0,0,0,0,0,0,0,0,0,0,0,0
"21151","5","518210","78","0","2019","4","N",4,0,0,0,0,0,0,0,"N",0.72,0,0,0,0,0,0,0,"N",0,0.0,0,0,0,0,0,0,0,0,0,0,0,0,0,0
"21163","5","518210","78","0","2019","4","-",0,0,0,0,0,0,0,0,"N",0.00,0,0,0,0,0,0,0,"N",-1,-100.0,0,0,0,0,0,0,0,0,0,0,0,0,0,0
"21173","5","518210","78","0","2019","4","N",1,0,0,0,0,0,0,0,"N",0.56,0,0,0,0,0,0,0,"N",-1,-50.0,0,0,0,0,0,0,0,0,0,0,0,0,0,0
"21179","5","518210","78","0","2019","4","N",2,0,0,0,0,0,0,0,"N",0.62,0,0,0,0,0,0,0,"N",0,0.0,0,0,0,0,0,0,0,0,0,0,0,0,0,0
"21185","5","518210","78","0","2019","4","",5,6,6,6,267577,4703,123,3430,"",1.12,0.15,0.15,0.15,0.26,0.13,0.20,1.74,"",1,25.0,1,20.0,1,20.0,1,20.0,-8613,-3.1,4703,100.0,123,100.0,-819,-19.3
"21191","5","518210","78","0","2019","4","N",1,0,0,0,0,0,0,0,"N",1.70,0,0,0,0,0,0,0,"N",1,100.0,0,0,0,0,0,0,0,0,0,0,0,0,0,0
"21199","5","518210","78","0","2019","4","N",1,0,0,0,0,0,0,0,"N",0.22,0,0,0,0,0,0,0,"N",1,100.0,0,0,0,0,0,0,0,0,0,0,0,0,0,0
"21203","5","518210","78","0","2019","4","N",3,0,0,0,0,0,0,0,"N",4.61,0,0,0,0,0,0,0,"N",0,0.0,0,0,0,0,0,0,0,0,0,0,0,0,0,0
"21205","5","518210","78","0","2019","4","N",1,0,0,0,0,0,0,0,"N",0.61,0,0,0,0,0,0,0,"N",0,0.0,0,0,0,0,0,0,0,0,0,0,0,0,0,0
"21209","5","518210","78","0","2019","4","N",2,0,0,0,0,0,0,0,"N",0.60,0,0,0,0,0,0,0,"N",-1,-33.3,0,0,0,0,0,0,0,0,0,0,0,0,0,0
"21211","5","518210","78","0","2019","4","N",1,0,0,0,0,0,0,0,"N",0.31,0,0,0,0,0,0,0,"N",0,0.0,0,0,0,0,0,0,0,0,0,0,0,0,0,0
"21227","5","518210","78","0","2019","4","N",4,0,0,0,0,0,0,0,"N",0.39,0,0,0,0,0,0,0,"N",-2,-33.3,0,0,0,0,0,0,0,0,0,0,0,0,0,0
"21231","5","518210","78","0","2019","4","N",1,0,0,0,0,0,0,0,"N",1.05,0,0,0,0,0,0,0,"N",0,0.0,0,0,0,0,0,0,0,0,0,0,0,0,0,0
"21235","5","518210","78","0","2019","4","N",2,0,0,0,0,0,0,0,"N",0.92,0,0,0,0,0,0,0,"N",0,0.0,0,0,0,0,0,0,0,0,0,0,0,0,0,0
"21999","5","518210","78","0","2019","4","",12,196,185,177,2688863,213830,4782,1112,"",0.89,3.01,2.82,2.71,1.12,2.04,1.50,0.39,"",-2,-14.3,-42,-17.6,-47,-20.3,-56,-24.0,-668310,-19.9,-1260,-0.6,-723,-13.1,10,0.9
"22000","5","518210","58","0","2019","4","",320,2471,2482,2446,43766593,1285371,23637,1365,"",0.88,0.54,0.54,0.53,0.35,0.36,0.38,0.65,"",27,9.2,247,11.1,346,16.2,266,12.2,-512492,-1.2,-170840,-11.7,-3260,-12.1,-197,-12.6
"22001","5","518210","78","0","2019","4","N",1,0,0,0,0,0,0,0,"N",0.28,0,0,0,0,0,0,0,"N",-1,-50.0,0,0,0,0,0,0,0,0,0,0,0,0,0,0
"22005","5","518210","78","0","2019","4","N",8,0,0,0,0,0,0,0,"N",0.97,0,0,0,0,0,0,0,"N",1,14.3,0,0,0,0,0,0,0,0,0,0,0,0,0,0
"22011","5","518210","78","0","2019","4","N",3,0,0,0,0,0,0,0,"N",1.48,0,0,0,0,0,0,0,"N",1,50.0,0,0,0,0,0,0,0,0,0,0,0,0,0,0
"22013","5","518210","78","0","2019","4","N",1,0,0,0,0,0,0,0,"N",1.20,0,0,0,0,0,0,0,"N",0,0.0,0,0,0,0,0,0,0,0,0,0,0,0,0,0
"22015","5","518210","78","0","2019","4","N",11,0,0,0,0,0,0,0,"N",1.34,0,0,0,0,0,0,0,"N",2,22.2,0,0,0,0,0,0,0,0,0,0,0,0,0,0
"22017","5","518210","78","0","2019","4","",18,197,200,198,3522409,45571,871,1366,"",0.92,0.76,0.76,0.75,0.51,0.25,0.29,0.68,"",3,20.0,-100,-33.7,-16,-7.4,-16,-7.5,-941960,-21.1,8967,24.5,140,19.2,-51,-3.6
"22019","5","518210","78","0","2019","4","N",8,0,0,0,0,0,0,0,"N",0.54,0,0,0,0,0,0,0,"N",1,14.3,0,0,0,0,0,0,0,0,0,0,0,0,0,0
"22025","5","518210","78","0","2019","4","N",1,0,0,0,0,0,0,0,"N",1.52,0,0,0,0,0,0,0,"N",1,100.0,0,0,0,0,0,0,0,0,0,0,0,0,0,0
"22033","5","518210","78","0","2019","4","",56,799,785,778,15732301,315035,6201,1537,"",1.28,1.28,1.25,1.23,0.83,0.63,0.66,0.66,"",6,12.0,133,20.0,120,18.0,77,11.0,1532604,10.8,-228719,-42.1,-3830,-38.2,-76,-4.7
"22037","5","518210","78","0","2019","4","N",1,0,0,0,0,0,0,0,"N",1.08,0,0,0,0,0,0,0,"N",0,0.0,0,0,0,0,0,0,0,0,0,0,0,0,0,0
"22039","5","518210","78","0","2019","4","N",1,0,0,0,0,0,0,0,"N",0.60,0,0,0,0,0,0,0,"N",0,0.0,0,0,0,0,0,0,0,0,0,0,0,0,0,0
"22045","5","518210","78","0","2019","4","N",1,0,0,0,0,0,0,0,"N",0.20,0,0,0,0,0,0,0,"N",1,100.0,0,0,0,0,0,0,0,0,0,0,0,0,0,0
"22051","5","518210","78","0","2019","4","",38,333,330,326,3759605,312438,5916,877,"",0.99,0.74,0.73,0.71,0.29,0.88,1.05,0.39,"",5,15.2,11,3.4,11,3.4,-2,-0.6,17964,0.5,11955,4.0,-157,-2.6,-14,-1.6
"22055","5","518210","78","0","2019","4","N",17,0,0,0,0,0,0,0,"N",0.63,0,0,0,0,0,0,0,"N",-1,-5.6,0,0,0,0,0,0,0,0,0,0,0,0,0,0
"22057","5","518210","78","0","2019","4","N",1,0,0,0,0,0,0,0,"N",0.18,0,0,0,0,0,0,0,"N",-1,-50.0,0,0,0,0,0,0,0,0,0,0,0,0,0,0
"22059","5","518210","78","0","2019","4","N",1,0,0,0,0,0,0,0,"N",0.85,0,0,0,0,0,0,0,"N",0,0.0,0,0,0,0,0,0,0,0,0,0,0,0,0,0
"22061","5","518210","78","0","2019","4","N",1,0,0,0,0,0,0,0,"N",0.29,0,0,0,0,0,0,0,"N",0,0.0,0,0,0,0,0,0,0,0,0,0,0,0,0,0
"22063","5","518210","78","0","2019","4","N",4,0,0,0,0,0,0,0,"N",0.62,0,0,0,0,0,0,0,"N",0,0.0,0,0,0,0,0,0,0,0,0,0,0,0,0,0
"22067","5","518210","78","0","2019","4","N",1,0,0,0,0,0,0,0,"N",0.69,0,0,0,0,0,0,0,"N",0,0.0,0,0,0,0,0,0,0,0,0,0,0,0,0,0
"22071","5","518210","78","0","2019","4","",64,395,411,396,9024318,241960,4347,1733,"",1.75,0.82,0.85,0.82,0.63,0.64,0.69,0.75,"",3,4.9,156,65.3,175,74.2,159,67.1,-1810560,-16.7,41812,20.9,489,12.7,-1779,-50.7
"22073","5","518210","78","0","2019","4","",11,230,231,231,4607682,66537,756,1537,"",0.85,1.40,1.39,1.39,1.25,0.55,0.40,0.90,"",1,10.0,50,27.8,49,26.9,51,28.3,53510,1.2,-68587,-50.8,-1460,-65.9,-402,-20.7
"22079","5","518210","78","0","2019","4","N",5,0,0,0,0,0,0,0,"N",0.51,0,0,0,0,0,0,0,"N",1,25.0,0,0,0,0,0,0,0,0,0,0,0,0,0,0
"22087","5","518210","78","0","2019","4","N",1,0,0,0,0,0,0,0,"N",0.44,0,0,0,0,0,0,0,"N",-1,-50.0,0,0,0,0,0,0,0,0,0,0,0,0,0,0
"22089","5","518210","78","0","2019","4","N",1,0,0,0,0,0,0,0,"N",0.29,0,0,0,0,0,0,0,"N",1,100.0,0,0,0,0,0,0,0,0,0,0,0,0,0,0
"22095","5","518210","78","0","2019","4","N",1,0,0,0,0,0,0,0,"N",0.40,0,0,0,0,0,0,0,"N",0,0.0,0,0,0,0,0,0,0,0,0,0,0,0,0,0
"22097","5","518210","78","0","2019","4","N",2,0,0,0,0,0,0,0,"N",0.39,0,0,0,0,0,0,0,"N",1,100.0,0,0,0,0,0,0,0,0,0,0,0,0,0,0
"22099","5","518210","78","0","2019","4","N",1,0,0,0,0,0,0,0,"N",0.38,0,0,0,0,0,0,0,"N",1,100.0,0,0,0,0,0,0,0,0,0,0,0,0,0,0
"22103","5","518210","78","0","2019","4","",33,78,80,81,1380925,67744,1034,1333,"",1.40,0.37,0.37,0.37,0.24,0.40,0.43,0.65,"",3,10.0,-17,-17.9,-15,-15.8,-15,-15.6,118932,9.4,9985,17.3,288,38.6,315,30.9
"22105","5","518210","78","0","2019","4","N",3,0,0,0,0,0,0,0,"N",0.36,0,0,0,0,0,0,0,"N",-1,-25.0,0,0,0,0,0,0,0,0,0,0,0,0,0,0
"22109","5","518210","78","0","2019","4","N",4,0,0,0,0,0,0,0,"N",0.46,0,0,0,0,0,0,0,"N",0,0.0,0,0,0,0,0,0,0,0,0,0,0,0,0,0
"22111","5","518210","78","0","2019","4","N",1,0,0,0,0,0,0,0,"N",0.91,0,0,0,0,0,0,0,"N",1,100.0,0,0,0,0,0,0,0,0,0,0,0,0,0,0
"22113","5","518210","78","0","2019","4","N",1,0,0,0,0,0,0,0,"N",0.31,0,0,0,0,0,0,0,"N",1,100.0,0,0,0,0,0,0,0,0,0,0,0,0,0,0
"22115","5","518210","78","0","2019","4","N",1,0,0,0,0,0,0,0,"N",0.40,0,0,0,0,0,0,0,"N",-1,-50.0,0,0,0,0,0,0,0,0,0,0,0,0,0,0
"22117","5","518210","78","0","2019","4","N",1,0,0,0,0,0,0,0,"N",0.47,0,0,0,0,0,0,0,"N",0,0.0,0,0,0,0,0,0,0,0,0,0,0,0,0,0
"22125","5","518210","78","0","2019","4","N",3,0,0,0,0,0,0,0,"N",4.03,0,0,0,0,0,0,0,"N",1,50.0,0,0,0,0,0,0,0,0,0,0,0,0,0,0
"22999","5","518210","78","0","2019","4","",14,72,77,70,1073884,81057,1558,1132,"",2.02,0.99,1.05,0.99,0.39,0.65,0.56,0.39,"",0,0.0,18,33.3,26,51.0,19,37.3,165136,18.2,49613,157.8,1007,182.8,-212,-15.8
"23000","5","518210","58","0","2019","4","",88,616,614,618,12926120,442580,7251,1614,"",0.62,0.42,0.42,0.42,0.33,0.32,0.25,0.79,"",1,1.1,5,0.8,12,2.0,17,2.8,1360608,11.8,24801,5.9,598,9.0,143,9.7
"23001","5","518210","78","0","2019","4","N",4,0,0,0,0,0,0,0,"N",0.48,0,0,0,0,0,0,0,"N",-1,-20.0,0,0,0,0,0,0,0,0,0,0,0,0,0,0
"23003","5","518210","78","0","2019","4","N",2,0,0,0,0,0,0,0,"N",0.33,0,0,0,0,0,0,0,"N",1,100.0,0,0,0,0,0,0,0,0,0,0,0,0,0,0
"23005","5","518210","78","0","2019","4","",33,282,288,287,6987074,261604,4119,1881,"",0.88,0.63,0.65,0.64,0.52,0.61,0.47,0.81,"",1,3.1,13,4.8,25,9.5,25,9.5,1124955,19.2,26113,11.1,811,24.5,177,10.4
"23009","5","518210","78","0","2019","4","N",1,0,0,0,0,0,0,0,"N",0.14,0,0,0,0,0,0,0,"N",0,0.0,0,0,0,0,0,0,0,0,0,0,0,0,0,0
"23011","5","518210","78","0","2019","4","N",6,0,0,0,0,0,0,0,"N",0.58,0,0,0,0,0,0,0,"N",-2,-25.0,0,0,0,0,0,0,0,0,0,0,0,0,0,0
"23015","5","518210","78","0","2019","4","N",1,0,0,0,0,0,0,0,"N",0.24,0,0,0,0,0,0,0,"N",1,100.0,0,0,0,0,0,0,0,0,0,0,0,0,0,0
"23017","5","518210","78","0","2019","4","N",1,0,0,0,0,0,0,0,"N",0.24,0,0,0,0,0,0,0,"N",0,0.0,0,0,0,0,0,0,0,0,0,0,0,0,0,0
"23019","5","518210","78","0","2019","4","",3,15,15,15,188761,25587,816,968,"",0.25,0.09,0.09,0.09,0.05,0.18,0.28,0.52,"N",3,100.0,0,0,0,0,0,0,0,0,0,0,0,0,0,0
"23021","5","518210","78","0","2019","4","-",0,0,0,0,0,0,0,0,"N",0.00,0,0,0,0,0,0,0,"N",-1,-100.0,0,0,0,0,0,0,0,0,0,0,0,0,0,0
"23023","5","518210","78","0","2019","4","N",2,0,0,0,0,0,0,0,"N",0.66,0,0,0,0,0,0,0,"N",-2,-50.0,0,0,0,0,0,0,0,0,0,0,0,0,0,0
"23027","5","518210","78","0","2019","4","N",1,0,0,0,0,0,0,0,"N",0.31,0,0,0,0,0,0,0,"N",0,0.0,0,0,0,0,0,0,0,0,0,0,0,0,0,0
"23031","5","518210","78","0","2019","4","N",14,0,0,0,0,0,0,0,"N",0.76,0,0,0,0,0,0,0,"N",-4,-22.2,0,0,0,0,0,0,0,0,0,0,0,0,0,0
"23999","5","518210","78","0","2019","4","",20,43,41,41,1104314,11606,236,2039,"",1.57,1.22,1.17,1.18,0.86,0.17,0.15,0.72,"",5,33.3,11,34.4,13,46.4,11,36.7,403620,57.6,-24068,-67.5,-509,-68.3,242,13.5
"24000","3","518210","58","0","2019","4","N",1,0,0,0,0,0,0,0,"N",0.58,0,0,0,0,0,0,0,"N",0,0.0,0,0,0,0,0,0,0,0,0,0,0,0,0,0
"24000","5","518210","58","0","2019","4","",398,3730,3698,3714,107925773,2180453,54136,2235,"",0.85,0.58,0.57,0.57,0.48,0.43,0.52,0.83,"",49,14.0,348,10.3,355,10.6,376,11.3,10898260,11.2,467301,27.3,9064,20.1,10,0.4
"24003","5","518210","78","0","2019","4","",28,242,230,224,7996836,60384,1473,2651,"",0.68,0.37,0.35,0.34,0.36,0.11,0.14,1.02,"",1,3.7,32,15.2,20,9.5,15,7.2,942547,13.4,-1498,-2.4,432,41.5,63,2.4
"24005","5","518210","78","0","2019","4","",35,182,178,190,5097333,111052,1918,2139,"",0.61,0.20,0.20,0.21,0.17,0.16,0.13,0.85,"",3,9.4,16,9.6,14,8.5,25,15.2,570695,12.6,84750,322.2,1556,429.8,29,1.4
"24009","5","518210","78","0","2019","4","N",4,0,0,0,0,0,0,0,"N",0.79,0,0,0,0,0,0,0,"N",-2,-33.3,0,0,0,0,0,0,0,0,0,0,0,0,0,0
"24011","5","518210","78","0","2019","4","N",1,0,0,0,0,0,0,0,"N",0.54,0,0,0,0,0,0,0,"N",0,0.0,0,0,0,0,0,0,0,0,0,0,0,0,0,0
"24013","5","518210","78","0","2019","4","",6,18,20,20,525441,31391,873,2091,"",0.49,0.13,0.14,0.14,0.15,0.29,0.47,1.07,"",0,0.0,7,63.6,9,81.8,8,66.7,274859,109.7,21020,202.7,542,163.7,390,22.9
"24015","5","518210","78","0","2019","4","N",2,0,0,0,0,0,0,0,"N",0.39,0,0,0,0,0,0,0,"N",0,0.0,0,0,0,0,0,0,0,0,0,0,0,0,0,0
"24017","5","518210","78","0","2019","4","",3,56,56,55,1029545,31559,283,1423,"",0.38,0.57,0.56,0.54,0.39,0.37,0.16,0.70,"N",0,0.0,0,0,0,0,0,0,0,0,0,0,0,0,0,0
"24019","5","518210","78","0","2019","4","N",1,0,0,0,0,0,0,0,"N",0.52,0,0,0,0,0,0,0,"N",0,0.0,0,0,0,0,0,0,0,0,0,0,0,0,0,0
"24021","5","518210","78","0","2019","4","",9,97,102,100,1837402,40241,1422,1418,"",0.51,0.39,0.41,0.40,0.25,0.22,0.40,0.63,"N",2,28.6,0,0,0,0,0,0,0,0,0,0,0,0,0,0
"24023","5","518210","78","0","2019","4","N",2,0,0,0,0,0,0,0,"N",0.80,0,0,0,0,0,0,0,"N",0,0.0,0,0,0,0,0,0,0,0,0,0,0,0,0,0
"24025","5","518210","78","0","2019","4","N",1,0,0,0,0,0,0,0,"N",0.06,0,0,0,0,0,0,0,"N",-2,-66.7,0,0,0,0,0,0,0,0,0,0,0,0,0,0
"24027","5","518210","78","0","2019","4","",18,474,472,470,12937160,272287,5630,2108,"",0.66,1.15,1.14,1.13,0.79,0.86,0.77,0.69,"",1,5.9,34,7.7,38,8.8,36,8.3,-6459,0.0,125374,85.3,3497,163.9,-176,-7.7
"24031","5","518210","78","0","2019","4","",69,1020,1023,1053,32262271,702793,17212,2405,"",0.78,0.91,0.91,0.93,0.68,0.92,1.17,0.74,"",9,15.0,110,12.1,106,11.6,133,14.5,1245350,4.0,191966,37.6,7081,69.9,-201,-7.7
"24033","5","518210","78","0","2019","4","",17,804,792,792,24621060,325794,13423,2379,"",0.38,1.05,1.03,1.02,0.96,0.49,1.19,0.93,"",1,6.2,23,2.9,33,4.3,36,4.8,3320070,15.6,-39602,-10.8,-2989,-18.2,238,11.1
"24035","5","518210","78","0","2019","4","N",1,0,0,0,0,0,0,0,"N",0.25,0,0,0,0,0,0,0,"N",1,100.0,0,0,0,0,0,0,0,0,0,0,0,0,0,0
"24037","5","518210","78","0","2019","4","-",0,0,0,0,0,0,0,0,"N",0.00,0,0,0,0,0,0,0,"N",-1,-100.0,0,0,0,0,0,0,0,0,0,0,0,0,0,0
"24041","5","518210","78","0","2019","4","N",1,0,0,0,0,0,0,0,"N",0.24,0,0,0,0,0,0,0,"N",0,0.0,0,0,0,0,0,0,0,0,0,0,0,0,0,0
"24043","5","518210","78","0","2019","4","N",5,0,0,0,0,0,0,0,"N",0.53,0,0,0,0,0,0,0,"N",1,25.0,0,0,0,0,0,0,0,0,0,0,0,0,0,0
"24045","5","518210","78","0","2019","4","N",2,0,0,0,0,0,0,0,"N",0.29,0,0,0,0,0,0,0,"N",0,0.0,0,0,0,0,0,0,0,0,0,0,0,0,0,0
"24047","5","518210","78","0","2019","4","N",4,0,0,0,0,0,0,0,"N",0.68,0,0,0,0,0,0,0,"N",1,33.3,0,0,0,0,0,0,0,0,0,0,0,0,0,0
"24510","3","518210","78","0","2019","4","N",1,0,0,0,0,0,0,0,"N",7.32,0,0,0,0,0,0,0,"N",0,0.0,0,0,0,0,0,0,0,0,0,0,0,0,0,0
"24510","5","518210","78","0","2019","4","",25,228,220,216,4895109,158872,2604,1701,"",0.67,0.28,0.27,0.26,0.15,0.27,0.20,0.56,"",2,8.7,16,7.5,10,4.8,6,2.9,-5378,-0.1,82516,108.1,1272,95.5,-88,-4.9
"24999","5","518210","78","0","2019","4","",164,380,386,376,13086654,293188,6794,2644,"",2.69,1.99,1.99,1.94,1.31,1.15,0.88,0.67,"",32,24.2,93,32.4,99,34.5,84,28.8,3554502,37.3,58728,25.0,1314,24.0,104,4.1
"25000","3","518210","58","0","2019","4","",3,18,18,18,349700,0,0,1494,"",1.18,0.26,0.26,0.27,0.21,0.00,0.00,0.79,"N",1,50.0,0,0,0,0,0,0,0,0,0,0,0,0,0,0
"25000","5","518210","58","0","2019","4","",730,8456,8544,8580,293246164,12385716,470139,2646,"",1.05,0.98,0.99,0.99,0.81,0.79,1.09,0.82,"",99,15.7,-452,-5.1,-349,-3.9,-337,-3.8,-70681035,-19.4,-1084726,-8.1,47049,11.1,-497,-15.8
"25001","3","518210","78","0","2019","4","N",1,0,0,0,0,0,0,0,"N",10.67,0,0,0,0,0,0,0,"N",0,0.0,0,0,0,0,0,0,0,0,0,0,0,0,0,0
"25001","5","518210","78","0","2019","4","N",4,0,0,0,0,0,0,0,"N",0.16,0,0,0,0,0,0,0,"N",-1,-20.0,0,0,0,0,0,0,0,0,0,0,0,0,0,0
"25003","5","518210","78","0","2019","4","N",4,0,0,0,0,0,0,0,"N",0.29,0,0,0,0,0,0,0,"N",-1,-20.0,0,0,0,0,0,0,0,0,0,0,0,0,0,0
"25005","5","518210","78","0","2019","4","",13,57,59,58,1558446,68483,4027,2067,"",0.27,0.11,0.11,0.11,0.10,0.07,0.14,0.91,"",-1,-7.1,-42,-42.4,-41,-41.0,-38,-39.6,-1602260,-50.7,-18816,-21.6,1075,36.4,-406,-16.4
"25009","3","518210","78","0","2019","4","N",1,0,0,0,0,0,0,0,"N",3.79,0,0,0,0,0,0,0,"N",0,0.0,0,0,0,0,0,0,0,0,0,0,0,0,0,0
"25009","5","518210","78","0","2019","4","",41,361,363,366,8803266,555811,22206,1864,"",0.57,0.47,0.47,0.47,0.33,0.44,0.60,0.72,"",8,24.2,63,21.1,59,19.4,65,21.6,1938440,28.2,189209,51.6,10850,95.5,110,6.3
"25011","5","518210","78","0","2019","4","N",6,0,0,0,0,0,0,0,"N",0.90,0,0,0,0,0,0,0,"N",1,20.0,0,0,0,0,0,0,0,0,0,0,0,0,0,0
"25013","5","518210","78","0","2019","4","",8,46,42,39,550977,50177,1674,1001,"",0.16,0.09,0.08,0.08,0.04,0.05,0.07,0.47,"",-1,-11.1,9,24.3,5,13.5,3,8.3,104669,23.5,-15454,-23.5,152,10.0,65,6.9
"25015","5","518210","78","0","2019","4","",4,3,3,3,105427,15000,363,2703,"",0.31,0.02,0.02,0.02,0.02,0.02,0.05,1.24,"N",2,100.0,0,0,0,0,0,0,0,0,0,0,0,0,0,0
"25017","5","518210","78","0","2019","4","",216,3270,3320,3344,118263533,4452615,182866,2747,"",1.44,1.46,1.48,1.48,1.10,1.26,1.64,0.75,"",24,12.5,-1521,-31.7,-1487,-30.9,-1465,-30.5,-81033182,-40.7,-632129,-12.4,-7088,-3.7,-445,-13.9
"25021","5","518210","78","0","2019","4","",60,624,641,638,14750911,301347,13622,1789,"",0.88,0.75,0.76,0.75,0.45,0.22,0.32,0.60,"",11,22.4,-74,-10.6,-51,-7.4,-51,-7.4,-2759702,-15.8,-44086,-12.8,2450,21.9,-155,-8.0
"25023","3","518210","78","0","2019","4","N",1,0,0,0,0,0,0,0,"N",6.23,0,0,0,0,0,0,0,"N",1,100.0,0,0,0,0,0,0,0,0,0,0,0,0,0,0
"25023","5","518210","78","0","2019","4","",25,580,574,583,15229786,261221,8210,2023,"",0.57,1.24,1.23,1.24,1.08,0.29,0.35,0.87,"",0,0.0,-25,-4.1,-36,-5.9,-27,-4.4,-1657172,-9.8,-376391,-59.0,-11947,-59.3,-112,-5.2
"25025","5","518210","78","0","2019","4","",137,2576,2610,2629,89729027,5509932,191157,2650,"",1.61,1.54,1.55,1.56,0.90,1.73,2.51,0.58,"",32,30.5,1109,75.6,1146,78.3,1145,77.2,2161791,2.5,-45185,-0.8,45984,31.7,-1927,-42.1
"25027","5","518210","78","0","2019","4","",32,341,340,336,23694102,295503,10083,5376,"",0.46,0.41,0.40,0.40,0.89,0.17,0.25,2.21,"",-2,-5.9,-24,-6.6,-20,-5.6,-14,-4.0,15035740,173.7,88396,42.7,5773,133.9,3517,189.2
"25999","5","518210","78","0","2019","4","N",180,0,0,0,0,0,0,0,"N",4.24,0,0,0,0,0,0,0,"N",27,17.6,0,0,0,0,0,0,0,0,0,0,0,0,0,0
"26000","5","518210","58","0","2019","4","",1639,7748,7773,7706,187690762,6821739,201654,1865,"",2.32,0.75,0.75,0.74,0.59,0.85,0.81,0.79,"",311,23.4,594,8.3,576,8.0,532,7.4,27602233,17.2,1280685,23.1,41361,25.8,149,8.7
"26005","5","518210","78","0","2019","4","N",5,0,0,0,0,0,0,0,"N",0.77,0,0,0,0,0,0,0,"N",2,66.7,0,0,0,0,0,0,0,0,0,0,0,0,0,0
"26009","5","518210","78","0","2019","4","N",2,0,0,0,0,0,0,0,"N",1.28,0,0,0,0,0,0,0,"N",1,100.0,0,0,0,0,0,0,0,0,0,0,0,0,0,0
"26011","5","518210","78","0","2019","4","N",1,0,0,0,0,0,0,0,"N",1.13,0,0,0,0,0,0,0,"N",1,100.0,0,0,0,0,0,0,0,0,0,0,0,0,0,0
"26015","5","518210","78","0","2019","4","N",2,0,0,0,0,0,0,0,"N",0.79,0,0,0,0,0,0,0,"N",2,100.0,0,0,0,0,0,0,0,0,0,0,0,0,0,0
"26017","5","518210","78","0","2019","4","N",2,0,0,0,0,0,0,0,"N",0.35,0,0,0,0,0,0,0,"N",-1,-33.3,0,0,0,0,0,0,0,0,0,0,0,0,0,0
"26019","5","518210","78","0","2019","4","N",1,0,0,0,0,0,0,0,"N",0.78,0,0,0,0,0,0,0,"N",0,0.0,0,0,0,0,0,0,0,0,0,0,0,0,0,0
"26021","5","518210","78","0","2019","4","N",5,0,0,0,0,0,0,0,"N",0.49,0,0,0,0,0,0,0,"N",3,150.0,0,0,0,0,0,0,0,0,0,0,0,0,0,0
"26023","5","518210","78","0","2019","4","",3,2,3,3,42279,0,0,1220,"",1.34,0.06,0.09,0.09,0.05,0.00,0.00,0.67,"N",1,50.0,0,0,0,0,0,0,0,0,0,0,0,0,0,0
"26025","5","518210","78","0","2019","4","N",4,0,0,0,0,0,0,0,"N",0.62,0,0,0,0,0,0,0,"N",2,100.0,0,0,0,0,0,0,0,0,0,0,0,0,0,0
"26027","5","518210","78","0","2019","4","",5,9,9,10,77988,20788,562,643,"",2.28,0.40,0.41,0.45,0.15,1.31,1.32,0.36,"N",3,150.0,0,0,0,0,0,0,0,0,0,0,0,0,0,0
"26031","5","518210","78","0","2019","4","N",2,0,0,0,0,0,0,0,"N",0.93,0,0,0,0,0,0,0,"N",-1,-33.3,0,0,0,0,0,0,0,0,0,0,0,0,0,0
"26037","5","518210","78","0","2019","4","",6,31,31,31,296265,21818,445,735,"",1.69,0.79,0.80,0.80,0.30,0.73,0.49,0.37,"",1,20.0,3,10.7,2,6.9,2,6.9,29891,11.2,-14291,-39.6,-738,-62.4,20,2.8
"26043","5","518210","78","0","2019","4","N",2,0,0,0,0,0,0,0,"N",0.89,0,0,0,0,0,0,0,"N",0,0.0,0,0,0,0,0,0,0,0,0,0,0,0,0,0
"26045","5","518210","78","0","2019","4","N",6,0,0,0,0,0,0,0,"N",1.11,0,0,0,0,0,0,0,"N",0,0.0,0,0,0,0,0,0,0,0,0,0,0,0,0,0
"26047","5","518210","78","0","2019","4","N",1,0,0,0,0,0,0,0,"N",0.25,0,0,0,0,0,0,0,"N",0,0.0,0,0,0,0,0,0,0,0,0,0,0,0,0,0
"26049","5","518210","78","0","2019","4","",18,86,87,83,959126,67166,838,865,"",0.93,0.28,0.26,0.25,0.11,0.27,0.11,0.41,"",2,12.5,-34,-28.3,-31,-26.3,-24,-22.4,-72429,-7.0,-63279,-48.5,-1631,-66.1,175,25.4
"26055","5","518210","78","0","2019","4","",13,119,117,115,1908265,53591,1473,1255,"",1.39,0.99,0.98,0.97,0.61,0.64,0.62,0.62,"",2,18.2,7,6.2,2,1.7,-2,-1.7,140308,7.9,-52691,-49.6,-845,-36.5,69,5.8
"26061","5","518210","78","0","2019","4","",5,11,13,12,332446,15077,357,2131,"",2.11,0.40,0.48,0.44,0.51,0.88,0.69,1.17,"N",3,150.0,0,0,0,0,0,0,0,0,0,0,0,0,0,0
"26065","5","518210","78","0","2019","4","",24,206,205,203,4278231,284842,7290,1608,"",1.37,0.57,0.56,0.55,0.38,1.30,1.23,0.67,"",9,60.0,38,22.6,35,20.6,30,17.3,-58343,-1.3,141515,98.7,3080,73.2,-350,-17.9
"26067","5","518210","78","0","2019","4","N",1,0,0,0,0,0,0,0,"N",0.35,0,0,0,0,0,0,0,"N",1,100.0,0,0,0,0,0,0,0,0,0,0,0,0,0,0
"26073","5","518210","78","0","2019","4","N",3,0,0,0,0,0,0,0,"N",0.84,0,0,0,0,0,0,0,"N",1,50.0,0,0,0,0,0,0,0,0,0,0,0,0,0,0
"26075","5","518210","78","0","2019","4","",5,7,7,7,39198,2220,29,431,"",0.66,0.05,0.05,0.05,0.01,0.02,0.01,0.20,"",-1,-16.7,-5,-41.7,-2,-22.2,-2,-22.2,-15711,-28.6,-8032,-78.3,-427,-93.6,9,2.1
"26077","5","518210","78","0","2019","4","",12,50,52,52,1052974,29101,462,1578,"",0.82,0.18,0.18,0.18,0.13,0.13,0.08,0.70,"N",5,71.4,0,0,0,0,0,0,0,0,0,0,0,0,0,0
"26079","5","518210","78","0","2019","4","N",2,0,0,0,0,0,0,0,"N",2.25,0,0,0,0,0,0,0,"N",1,100.0,0,0,0,0,0,0,0,0,0,0,0,0,0,0
"26081","5","518210","78","0","2019","4","",72,745,749,762,15475216,573331,14846,1583,"",1.67,0.77,0.76,0.78,0.56,0.70,0.72,0.72,"",24,50.0,168,29.1,165,28.3,163,27.2,3997501,34.8,125735,28.1,4670,45.9,78,5.2
"26087","5","518210","78","0","2019","4","",4,7,6,5,117628,12861,283,1508,"",0.92,0.14,0.12,0.10,0.10,0.33,0.23,0.86,"N",2,100.0,0,0,0,0,0,0,0,0,0,0,0,0,0,0
"26089","5","518210","78","0","2019","4","N",2,0,0,0,0,0,0,0,"N",1.01,0,0,0,0,0,0,0,"N",0,0.0,0,0,0,0,0,0,0,0,0,0,0,0,0,0
"26091","5","518210","78","0","2019","4","N",2,0,0,0,0,0,0,0,"N",0.40,0,0,0,0,0,0,0,"N",0,0.0,0,0,0,0,0,0,0,0,0,0,0,0,0,0
"26093","5","518210","78","0","2019","4","",15,88,86,89,1377277,49692,1387,1208,"",1.15,0.59,0.57,0.59,0.35,0.36,0.36,0.60,"",4,36.4,7,8.6,0,0.0,5,6.0,58093,4.4,22529,82.9,381,37.9,-5,-0.4
"26097","5","518210","78","0","2019","4","N",1,0,0,0,0,0,0,0,"N",0.80,0,0,0,0,0,0,0,"N",1,100.0,0,0,0,0,0,0,0,0,0,0,0,0,0,0
"26099","5","518210","78","0","2019","4","N",35,0,0,0,0,0,0,0,"N",0.69,0,0,0,0,0,0,0,"N",7,25.0,0,0,0,0,0,0,0,0,0,0,0,0,0,0
"26101","5","518210","78","0","2019","4","N",1,0,0,0,0,0,0,0,"N",0.65,0,0,0,0,0,0,0,"N",0,0.0,0,0,0,0,0,0,0,0,0,0,0,0,0,0
"26103","5","518210","78","0","2019","4","N",2,0,0,0,0,0,0,0,"N",0.46,0,0,0,0,0,0,0,"N",2,100.0,0,0,0,0,0,0,0,0,0,0,0,0,0,0
"26109","5","518210","78","0","2019","4","N",1,0,0,0,0,0,0,0,"N",0.79,0,0,0,0,0,0,0,"N",0,0.0,0,0,0,0,0,0,0,0,0,0,0,0,0,0
"26111","5","518210","78","0","2019","4","N",6,0,0,0,0,0,0,0,"N",0.63,0,0,0,0,0,0,0,"N",0,0.0,0,0,0,0,0,0,0,0,0,0,0,0,0,0
"26115","5","518210","78","0","2019","4","N",2,0,0,0,0,0,0,0,"N",0.32,0,0,0,0,0,0,0,"N",0,0.0,0,0,0,0,0,0,0,0,0,0,0,0,0,0
"26117","5","518210","78","0","2019","4","N",1,0,0,0,0,0,0,0,"N",0.36,0,0,0,0,0,0,0,"N",1,100.0,0,0,0,0,0,0,0,0,0,0,0,0,0,0
"26121","5","518210","78","0","2019","4","N",4,0,0,0,0,0,0,0,"N",0.50,0,0,0,0,0,0,0,"N",0,0.0,0,0,0,0,0,0,0,0,0,0,0,0,0,0
"26125","5","518210","78","0","2019","4","",205,1755,1777,1751,43692510,1235051,49406,1909,"",1.79,1.00,1.00,0.98,0.68,0.80,0.97,0.69,"",54,35.8,-19,-1.1,-13,-0.7,-46,-2.6,2268255,5.5,-36656,-2.9,6493,15.1,126,7.1
"26131","5","518210","78","0","2019","4","N",1,0,0,0,0,0,0,0,"N",2.11,0,0,0,0,0,0,0,"N",1,100.0,0,0,0,0,0,0,0,0,0,0,0,0,0,0
"26133","5","518210","78","0","2019","4","N",1,0,0,0,0,0,0,0,"N",0.81,0,0,0,0,0,0,0,"N",0,0.0,0,0,0,0,0,0,0,0,0,0,0,0,0,0
"26137","5","518210","78","0","2019","4","N",2,0,0,0,0,0,0,0,"N",0.99,0,0,0,0,0,0,0,"N",1,100.0,0,0,0,0,0,0,0,0,0,0,0,0,0,0
"26139","5","518210","78","0","2019","4","",13,15,16,19,395086,41469,281,1823,"",0.78,0.05,0.05,0.06,0.05,0.17,0.04,0.85,"",2,18.2,-13,-46.4,-12,-42.9,-12,-38.7,81628,26.0,-36255,-46.6,-3430,-92.4,992,119.4
"26143","5","518210","78","0","2019","4","N",2,0,0,0,0,0,0,0,"N",1.33,0,0,0,0,0,0,0,"N",0,0.0,0,0,0,0,0,0,0,0,0,0,0,0,0,0
"26145","5","518210","78","0","2019","4","N",3,0,0,0,0,0,0,0,"N",0.28,0,0,0,0,0,0,0,"N",2,200.0,0,0,0,0,0,0,0,0,0,0,0,0,0,0
"26147","5","518210","78","0","2019","4","N",5,0,0,0,0,0,0,0,"N",0.62,0,0,0,0,0,0,0,"N",3,150.0,0,0,0,0,0,0,0,0,0,0,0,0,0,0
"26151","5","518210","78","0","2019","4","N",2,0,0,0,0,0,0,0,"N",0.86,0,0,0,0,0,0,0,"N",1,100.0,0,0,0,0,0,0,0,0,0,0,0,0,0,0
"26155","5","518210","78","0","2019","4","N",3,0,0,0,0,0,0,0,"N",0.97,0,0,0,0,0,0,0,"N",2,200.0,0,0,0,0,0,0,0,0,0,0,0,0,0,0
"26157","5","518210","78","0","2019","4","N",1,0,0,0,0,0,0,0,"N",0.43,0,0,0,0,0,0,0,"N",0,0.0,0,0,0,0,0,0,0,0,0,0,0,0,0,0
"26159","5","518210","78","0","2019","4","N",1,0,0,0,0,0,0,0,"N",0.26,0,0,0,0,0,0,0,"N",0,0.0,0,0,0,0,0,0,0,0,0,0,0,0,0,0
"26161","5","518210","78","0","2019","4","",59,1274,1283,1280,29266534,846337,22580,1760,"",2.41,2.42,2.42,2.41,1.66,3.01,2.95,0.69,"",8,15.7,160,14.4,154,13.6,182,16.6,3688843,14.4,170824,25.3,4180,22.7,-7,-0.4
"26163","5","518210","78","0","2019","4","",102,855,870,889,21042666,911343,26760,1858,"",1.08,0.49,0.50,0.50,0.34,0.70,0.64,0.69,"",45,78.9,67,8.5,87,11.1,82,10.2,3976279,23.3,349295,62.1,12261,84.6,202,12.2
"26999","5","518210","78","0","2019","4","",961,1696,1697,1661,54090618,2263253,63705,2470,"",12.02,6.57,6.51,6.42,4.91,6.26,4.77,0.76,"",114,13.5,63,3.9,53,3.2,71,4.5,9878844,22.3,604147,36.4,15393,31.9,374,17.8
"27000","3","518210","58","0","2019","4","",7,868,865,865,18894715,0,0,1678,"",3.95,15.89,15.98,16.07,18.17,0.00,0.00,1.14,"",0,0.0,-22,-2.5,-26,-2.9,-33,-3.7,-190919,-1.0,0,0.0,0,0.0,34,2.1
"27000","5","518210","58","0","2019","4","",638,5397,5433,5429,197730900,15419279,132517,2806,"",1.32,0.78,0.79,0.79,0.88,0.84,0.59,1.12,"",28,4.6,-1937,-26.4,-1880,-25.7,-1912,-26.0,-11852648,-5.7,-2791733,-15.3,-35085,-20.9,606,27.5
"27003","5","518210","78","0","2019","4","N",7,0,0,0,0,0,0,0,"N",0.34,0,0,0,0,0,0,0,"N",0,0.0,0,0,0,0,0,0,0,0,0,0,0,0,0,0
"27005","5","518210","78","0","2019","4","N",1,0,0,0,0,0,0,0,"N",0.36,0,0,0,0,0,0,0,"N",0,0.0,0,0,0,0,0,0,0,0,0,0,0,0,0,0
"27007","5","518210","78","0","2019","4","N",1,0,0,0,0,0,0,0,"N",0.30,0,0,0,0,0,0,0,"N",0,0.0,0,0,0,0,0,0,0,0,0,0,0,0,0,0
"27009","5","518210","78","0","2019","4","N",1,0,0,0,0,0,0,0,"N",0.37,0,0,0,0,0,0,0,"N",0,0.0,0,0,0,0,0,0,0,0,0,0,0,0,0,0
"27013","3","518210","78","0","2019","4","N",2,0,0,0,0,0,0,0,"N",97.96,0,0,0,0,0,0,0,"N",0,0.0,0,0,0,0,0,0,0,0,0,0,0,0,0,0
"27019","5","518210","78","0","2019","4","",8,31,32,32,641739,66946,2889,1559,"",1.16,0.32,0.33,0.33,0.22,0.26,1.06,0.65,"",2,33.3,2,6.9,1,3.2,3,10.3,113007,21.4,-43224,-39.2,-33,-1.1,188,13.7
"27025","5","518210","78","0","2019","4","N",3,0,0,0,0,0,0,0,"N",0.92,0,0,0,0,0,0,0,"N",0,0.0,0,0,0,0,0,0,0,0,0,0,0,0,0,0
"27027","3","518210","78","0","2019","4","N",1,0,0,0,0,0,0,0,"N",72.93,0,0,0,0,0,0,0,"N",0,0.0,0,0,0,0,0,0,0,0,0,0,0,0,0,0
"27027","5","518210","78","0","2019","4","N",2,0,0,0,0,0,0,0,"N",0.54,0,0,0,0,0,0,0,"N",0,0.0,0,0,0,0,0,0,0,0,0,0,0,0,0,0
"27037","5","518210","78","0","2019","4","",23,246,243,242,4568966,696012,4690,1442,"",0.80,0.54,0.53,0.53,0.31,0.53,0.29,0.57,"",-3,-11.5,-43,-14.9,-41,-14.4,-42,-14.8,-1233056,-21.3,-285353,-29.1,-3672,-43.9,-120,-7.7
"27047","5","518210","78","0","2019","4","N",1,0,0,0,0,0,0,0,"N",0.46,0,0,0,0,0,0,0,"N",0,0.0,0,0,0,0,0,0,0,0,0,0,0,0,0,0
"27051","5","518210","78","0","2019","4","N",1,0,0,0,0,0,0,0,"N",1.43,0,0,0,0,0,0,0,"N",0,0.0,0,0,0,0,0,0,0,0,0,0,0,0,0,0
"27053","3","518210","78","0","2019","4","N",2,0,0,0,0,0,0,0,"N",4.98,0,0,0,0,0,0,0,"N",0,0.0,0,0,0,0,0,0,0,0,0,0,0,0,0,0
"27053","5","518210","78","0","2019","4","",147,3431,3461,3463,106952736,9248336,73692,2384,"",1.34,1.55,1.56,1.55,1.22,1.51,1.17,0.79,"",-2,-1.3,-906,-20.9,-840,-19.5,-898,-20.6,-1035584,-1.0,-78455,-0.8,-2443,-3.2,467,24.4
"27055","5","518210","78","0","2019","4","N",2,0,0,0,0,0,0,0,"N",1.73,0,0,0,0,0,0,0,"N",0,0.0,0,0,0,0,0,0,0,0,0,0,0,0,0,0
"27061","5","518210","78","0","2019","4","N",1,0,0,0,0,0,0,0,"N",0.30,0,0,0,0,0,0,0,"N",0,0.0,0,0,0,0,0,0,0,0,0,0,0,0,0,0
"27067","5","518210","78","0","2019","4","N",4,0,0,0,0,0,0,0,"N",1.06,0,0,0,0,0,0,0,"N",1,33.3,0,0,0,0,0,0,0,0,0,0,0,0,0,0
"27079","5","518210","78","0","2019","4","N",1,0,0,0,0,0,0,0,"N",0.51,0,0,0,0,0,0,0,"N",0,0.0,0,0,0,0,0,0,0,0,0,0,0,0,0,0
"27099","5","518210","78","0","2019","4","N",1,0,0,0,0,0,0,0,"N",0.43,0,0,0,0,0,0,0,"N",0,0.0,0,0,0,0,0,0,0,0,0,0,0,0,0,0
"27109","5","518210","78","0","2019","4","N",5,0,0,0,0,0,0,0,"N",0.50,0,0,0,0,0,0,0,"N",0,0.0,0,0,0,0,0,0,0,0,0,0,0,0,0,0
"27111","5","518210","78","0","2019","4","N",1,0,0,0,0,0,0,0,"N",0.21,0,0,0,0,0,0,0,"N",0,0.0,0,0,0,0,0,0,0,0,0,0,0,0,0,0
"27115","5","518210","78","0","2019","4","N",1,0,0,0,0,0,0,0,"N",0.56,0,0,0,0,0,0,0,"N",0,0.0,0,0,0,0,0,0,0,0,0,0,0,0,0,0
"27123","3","518210","78","0","2019","4","N",1,0,0,0,0,0,0,0,"N",7.17,0,0,0,0,0,0,0,"N",0,0.0,0,0,0,0,0,0,0,0,0,0,0,0,0,0
"27123","5","518210","78","0","2019","4","",29,536,532,527,50424478,773897,5783,7296,"",0.76,0.67,0.67,0.66,1.82,0.42,0.29,2.73,"",1,3.6,-1160,-68.4,-1175,-68.8,-1175,-69.0,-10041295,-16.6,-1645974,-68.0,-13562,-70.1,4563,167.0
"27131","5","518210","78","0","2019","4","N",1,0,0,0,0,0,0,0,"N",0.23,0,0,0,0,0,0,0,"N",0,0.0,0,0,0,0,0,0,0,0,0,0,0,0,0,0
"27137","3","518210","78","0","2019","4","N",1,0,0,0,0,0,0,0,"N",18.99,0,0,0,0,0,0,0,"N",0,0.0,0,0,0,0,0,0,0,0,0,0,0,0,0,0
"27137","5","518210","78","0","2019","4","",6,51,52,51,1034959,317177,4017,1551,"",0.42,0.22,0.22,0.22,0.16,0.57,0.48,0.74,"",0,0.0,8,18.6,4,8.3,4,8.5,246562,31.3,166562,110.6,3077,327.3,233,17.7
"27139","5","518210","78","0","2019","4","N",4,0,0,0,0,0,0,0,"N",0.43,0,0,0,0,0,0,0,"N",1,33.3,0,0,0,0,0,0,0,0,0,0,0,0,0,0
"27145","5","518210","78","0","2019","4","N",6,0,0,0,0,0,0,0,"N",0.51,0,0,0,0,0,0,0,"N",0,0.0,0,0,0,0,0,0,0,0,0,0,0,0,0,0
"27163","5","518210","78","0","2019","4","N",5,0,0,0,0,0,0,0,"N",0.31,0,0,0,0,0,0,0,"N",-1,-16.7,0,0,0,0,0,0,0,0,0,0,0,0,0,0
"27169","5","518210","78","0","2019","4","N",2,0,0,0,0,0,0,0,"N",0.64,0,0,0,0,0,0,0,"N",0,0.0,0,0,0,0,0,0,0,0,0,0,0,0,0,0
"27999","5","518210","78","0","2019","4","",374,788,790,792,29534056,3222491,33141,2876,"",5.54,5.44,5.50,5.55,3.83,5.16,2.50,0.70,"",29,8.4,101,14.7,107,15.7,126,18.9,-215710,-0.7,-787208,-19.6,-16538,-33.3,-496,-14.7
"28000","5","518210","58","0","2019","4","",100,891,893,877,14791940,763149,5414,1283,"",0.50,0.33,0.33,0.32,0.24,0.23,0.26,0.74,"",3,3.1,13,1.5,16,1.8,1,0.1,1307051,9.7,-7749,-1.0,57,1.1,100,8.5
"28003","5","518210","78","0","2019","4","N",1,0,0,0,0,0,0,0,"N",0.45,0,0,0,0,0,0,0,"N",1,100.0,0,0,0,0,0,0,0,0,0,0,0,0,0,0
"28027","5","518210","78","0","2019","4","N",2,0,0,0,0,0,0,0,"N",1.25,0,0,0,0,0,0,0,"N",0,0.0,0,0,0,0,0,0,0,0,0,0,0,0,0,0
"28033","5","518210","78","0","2019","4","N",1,0,0,0,0,0,0,0,"N",0.12,0,0,0,0,0,0,0,"N",0,0.0,0,0,0,0,0,0,0,0,0,0,0,0,0,0
"28035","5","518210","78","0","2019","4","N",1,0,0,0,0,0,0,0,"N",0.20,0,0,0,0,0,0,0,"N",0,0.0,0,0,0,0,0,0,0,0,0,0,0,0,0,0
"28045","5","518210","78","0","2019","4","N",1,0,0,0,0,0,0,0,"N",0.42,0,0,0,0,0,0,0,"N",0,0.0,0,0,0,0,0,0,0,0,0,0,0,0,0,0
"28047","5","518210","78","0","2019","4","N",3,0,0,0,0,0,0,0,"N",0.24,0,0,0,0,0,0,0,"N",0,0.0,0,0,0,0,0,0,0,0,0,0,0,0,0,0
"28049","5","518210","78","0","2019","4","N",5,0,0,0,0,0,0,0,"N",0.33,0,0,0,0,0,0,0,"N",0,0.0,0,0,0,0,0,0,0,0,0,0,0,0,0,0
"28067","5","518210","78","0","2019","4","N",1,0,0,0,0,0,0,0,"N",0.28,0,0,0,0,0,0,0,"N",0,0.0,0,0,0,0,0,0,0,0,0,0,0,0,0,0
"28081","5","518210","78","0","2019","4","N",1,0,0,0,0,0,0,0,"N",0.15,0,0,0,0,0,0,0,"N",0,0.0,0,0,0,0,0,0,0,0,0,0,0,0,0,0
"28083","5","518210","78","0","2019","4","N",1,0,0,0,0,0,0,0,"N",0.46,0,0,0,0,0,0,0,"N",0,0.0,0,0,0,0,0,0,0,0,0,0,0,0,0,0
"28087","5","518210","78","0","2019","4","N",2,0,0,0,0,0,0,0,"N",0.49,0,0,0,0,0,0,0,"N",0,0.0,0,0,0,0,0,0,0,0,0,0,0,0,0,0
"28089","5","518210","78","0","2019","4","",9,135,134,120,1824403,284224,4270,1082,"",0.95,1.03,1.01,0.89,0.57,1.63,4.45,0.59,"",-1,-10.0,39,40.6,36,36.7,27,29.0,338372,22.8,101538,55.6,1712,66.9,-113,-9.5
"28091","5","518210","78","0","2019","4","N",1,0,0,0,0,0,0,0,"N",0.67,0,0,0,0,0,0,0,"N",0,0.0,0,0,0,0,0,0,0,0,0,0,0,0,0,0
"28105","5","518210","78","0","2019","4","N",1,0,0,0,0,0,0,0,"N",0.39,0,0,0,0,0,0,0,"N",0,0.0,0,0,0,0,0,0,0,0,0,0,0,0,0,0
"28113","5","518210","78","0","2019","4","N",2,0,0,0,0,0,0,0,"N",0.74,0,0,0,0,0,0,0,"N",0,0.0,0,0,0,0,0,0,0,0,0,0,0,0,0,0
"28121","5","518210","78","0","2019","4","",3,4,4,4,32557,600,0,626,"",0.28,0.03,0.03,0.03,0.01,0.00,0.00,0.35,"",0,0.0,0,0.0,0,0.0,0,0.0,923,2.9,0,0.0,0,0.0,18,3.0
"28137","5","518210","78","0","2019","4","N",1,0,0,0,0,0,0,0,"N",0.97,0,0,0,0,0,0,0,"N",0,0.0,0,0,0,0,0,0,0,0,0,0,0,0,0,0
"28999","5","518210","78","0","2019","4","",64,104,102,103,3025185,91701,590,2259,"",2.24,1.32,1.26,1.28,1.15,0.51,0.35,0.89,"",4,6.7,-10,-8.8,-11,-9.7,-11,-9.6,417263,16.0,-50788,-35.6,-653,-52.5,494,28.0
"29000","3","518210","58","0","2019","4","N",1,0,0,0,0,0,0,0,"N",0.48,0,0,0,0,0,0,0,"N",0,0.0,0,0,0,0,0,0,0,0,0,0,0,0,0,0
"29000","5","518210","58","0","2019","4","",507,10931,11035,11047,376985040,8836734,103070,2635,"",0.90,1.63,1.64,1.64,2.01,1.28,1.08,1.23,"",94,22.8,548,5.3,675,6.5,667,6.4,18330238,5.1,1064389,13.7,8135,8.6,-24,-0.9
"29009","5","518210","78","0","2019","4","N",1,0,0,0,0,0,0,0,"N",0.40,0,0,0,0,0,0,0,"N",0,0.0,0,0,0,0,0,0,0,0,0,0,0,0,0,0
"29019","5","518210","78","0","2019","4","",5,18,18,19,127324,25966,385,534,"",0.38,0.08,0.08,0.08,0.02,0.12,0.14,0.26,"N",2,66.7,0,0,0,0,0,0,0,0,0,0,0,0,0,0
"29021","5","518210","78","0","2019","4","N",1,0,0,0,0,0,0,0,"N",0.15,0,0,0,0,0,0,0,"N",0,0.0,0,0,0,0,0,0,0,0,0,0,0,0,0,0
"29023","5","518210","78","0","2019","4","N",2,0,0,0,0,0,0,0,"N",0.48,0,0,0,0,0,0,0,"N",0,0.0,0,0,0,0,0,0,0,0,0,0,0,0,0,0
"29029","5","518210","78","0","2019","4","N",2,0,0,0,0,0,0,0,"N",0.46,0,0,0,0,0,0,0,"N",-1,-33.3,0,0,0,0,0,0,0,0,0,0,0,0,0,0
"29031","5","518210","78","0","2019","4","N",1,0,0,0,0,0,0,0,"N",0.13,0,0,0,0,0,0,0,"N",-1,-50.0,0,0,0,0,0,0,0,0,0,0,0,0,0,0
"29037","5","518210","78","0","2019","4","N",3,0,0,0,0,0,0,0,"N",0.50,0,0,0,0,0,0,0,"N",-1,-25.0,0,0,0,0,0,0,0,0,0,0,0,0,0,0
"29043","5","518210","78","0","2019","4","N",1,0,0,0,0,0,0,0,"N",0.18,0,0,0,0,0,0,0,"N",0,0.0,0,0,0,0,0,0,0,0,0,0,0,0,0,0
"29047","5","518210","78","0","2019","4","",15,67,68,69,1809776,96302,1538,2047,"",0.95,0.27,0.27,0.28,0.25,0.34,0.42,0.92,"",1,7.1,-9,-11.8,-9,-11.7,-7,-9.2,440482,32.2,21833,29.3,264,20.7,667,48.3
"29051","5","518210","78","0","2019","4","N",13,0,0,0,0,0,0,0,"N",2.03,0,0,0,0,0,0,0,"N",4,44.4,0,0,0,0,0,0,0,0,0,0,0,0,0,0
"29053","5","518210","78","0","2019","4","N",1,0,0,0,0,0,0,0,"N",0.79,0,0,0,0,0,0,0,"N",0,0.0,0,0,0,0,0,0,0,0,0,0,0,0,0,0
"29077","5","518210","78","0","2019","4","",15,494,493,500,10498127,501579,6641,1629,"",0.60,1.22,1.21,1.22,1.02,1.23,1.42,0.84,"",1,7.1,-34,-6.4,-30,-5.7,-22,-4.2,4962954,89.7,-153687,-23.5,-2062,-23.7,817,100.6
"29079","5","518210","78","0","2019","4","N",1,0,0,0,0,0,0,0,"N",1.31,0,0,0,0,0,0,0,"N",1,100.0,0,0,0,0,0,0,0,0,0,0,0,0,0,0
"29093","5","518210","78","0","2019","4","N",1,0,0,0,0,0,0,0,"N",0.70,0,0,0,0,0,0,0,"N",1,100.0,0,0,0,0,0,0,0,0,0,0,0,0,0,0
"29095","5","518210","78","0","2019","4","",40,2026,2017,2012,38989652,1239652,13993,1486,"",0.66,2.27,2.26,2.25,1.33,1.43,1.15,0.59,"",5,14.3,-60,-2.9,-32,-1.6,-14,-0.7,-40492319,-50.9,542342,77.8,6145,78.3,-1491,-50.1
"29097","5","518210","78","0","2019","4","N",1,0,0,0,0,0,0,0,"N",0.11,0,0,0,0,0,0,0,"N",0,0.0,0,0,0,0,0,0,0,0,0,0,0,0,0,0
"29099","5","518210","78","0","2019","4","N",2,0,0,0,0,0,0,0,"N",0.17,0,0,0,0,0,0,0,"N",0,0.0,0,0,0,0,0,0,0,0,0,0,0,0,0,0
"29101","5","518210","78","0","2019","4","N",1,0,0,0,0,0,0,0,"N",0.34,0,0,0,0,0,0,0,"N",1,100.0,0,0,0,0,0,0,0,0,0,0,0,0,0,0
"29105","5","518210","78","0","2019","4","N",1,0,0,0,0,0,0,0,"N",0.45,0,0,0,0,0,0,0,"N",0,0.0,0,0,0,0,0,0,0,0,0,0,0,0,0,0
"29113","5","518210","78","0","2019","4","N",1,0,0,0,0,0,0,0,"N",0.35,0,0,0,0,0,0,0,"N",0,0.0,0,0,0,0,0,0,0,0,0,0,0,0,0,0
"29121","5","518210","78","0","2019","4","N",1,0,0,0,0,0,0,0,"N",0.90,0,0,0,0,0,0,0,"N",0,0.0,0,0,0,0,0,0,0,0,0,0,0,0,0,0
"29141","5","518210","78","0","2019","4","N",2,0,0,0,0,0,0,0,"N",1.36,0,0,0,0,0,0,0,"N",0,0.0,0,0,0,0,0,0,0,0,0,0,0,0,0,0
"29159","5","518210","78","0","2019","4","N",1,0,0,0,0,0,0,0,"N",0.29,0,0,0,0,0,0,0,"N",-1,-50.0,0,0,0,0,0,0,0,0,0,0,0,0,0,0
"29165","5","518210","78","0","2019","4","",9,300,309,316,7174423,370920,5545,1790,"",1.22,2.64,2.69,2.73,2.38,2.72,2.99,0.89,"",1,12.5,60,25.0,66,27.2,69,27.9,2108466,41.6,143750,63.3,2972,115.5,189,11.8
"29167","5","518210","78","0","2019","4","N",1,0,0,0,0,0,0,0,"N",0.52,0,0,0,0,0,0,0,"N",0,0.0,0,0,0,0,0,0,0,0,0,0,0,0,0,0
"29169","5","518210","78","0","2019","4","N",1,0,0,0,0,0,0,0,"N",0.44,0,0,0,0,0,0,0,"N",0,0.0,0,0,0,0,0,0,0,0,0,0,0,0,0,0
"29183","5","518210","78","0","2019","4","N",19,0,0,0,0,0,0,0,"N",0.72,0,0,0,0,0,0,0,"N",-1,-5.0,0,0,0,0,0,0,0,0,0,0,0,0,0,0
"29187","5","518210","78","0","2019","4","N",2,0,0,0,0,0,0,0,"N",0.40,0,0,0,0,0,0,0,"N",1,100.0,0,0,0,0,0,0,0,0,0,0,0,0,0,0
"29189","5","518210","78","0","2019","4","",80,3196,3224,3233,161367543,2268844,22685,3858,"",0.73,2.21,2.22,2.21,3.27,1.55,1.15,1.48,"",4,5.3,131,4.3,124,4.0,137,4.4,6723499,4.3,24162,1.1,-8217,-26.6,5,0.1
"29201","5","518210","78","0","2019","4","N",2,0,0,0,0,0,0,0,"N",0.53,0,0,0,0,0,0,0,"N",0,0.0,0,0,0,0,0,0,0,0,0,0,0,0,0,0
"29207","5","518210","78","0","2019","4","N",1,0,0,0,0,0,0,0,"N",0.39,0,0,0,0,0,0,0,"N",0,0.0,0,0,0,0,0,0,0,0,0,0,0,0,0,0
"29209","5","518210","78","0","2019","4","N",1,0,0,0,0,0,0,0,"N",0.49,0,0,0,0,0,0,0,"N",0,0.0,0,0,0,0,0,0,0,0,0,0,0,0,0,0
"29213","5","518210","78","0","2019","4","N",3,0,0,0,0,0,0,0,"N",0.55,0,0,0,0,0,0,0,"N",-1,-25.0,0,0,0,0,0,0,0,0,0,0,0,0,0,0
"29219","5","518210","78","0","2019","4","N",1,0,0,0,0,0,0,0,"N",0.56,0,0,0,0,0,0,0,"N",0,0.0,0,0,0,0,0,0,0,0,0,0,0,0,0,0
"29225","5","518210","78","0","2019","4","N",1,0,0,0,0,0,0,0,"N",0.46,0,0,0,0,0,0,0,"N",0,0.0,0,0,0,0,0,0,0,0,0,0,0,0,0,0
"29510","3","518210","78","0","2019","4","N",1,0,0,0,0,0,0,0,"N",6.65,0,0,0,0,0,0,0,"N",0,0.0,0,0,0,0,0,0,0,0,0,0,0,0,0,0
"29510","5","518210","78","0","2019","4","",25,222,224,222,3495967,196538,2868,1208,"",0.61,0.40,0.41,0.41,0.19,0.44,0.45,0.46,"",6,31.6,33,17.5,44,24.4,41,22.7,934571,36.5,35982,22.4,735,34.5,133,12.4
"29999","5","518210","78","0","2019","4","",249,604,575,561,15920289,1125814,23123,2111,"",4.46,3.14,2.93,2.86,2.04,3.01,3.14,0.69,"",73,41.5,89,17.3,84,17.1,71,14.5,2944260,22.7,435652,63.1,10470,82.7,109,5.4
"30000","5","518210","58","0","2019","4","",85,511,508,500,9081317,1544923,17132,1380,"",0.62,0.46,0.46,0.45,0.32,0.35,0.32,0.71,"",-1,-1.2,1,0.2,-13,-2.5,-16,-3.1,733386,8.8,-270198,-14.9,-10728,-38.5,135,10.8
"30013","5","518210","78","0","2019","4","N",3,0,0,0,0,0,0,0,"N",0.40,0,0,0,0,0,0,0,"N",-1,-25.0,0,0,0,0,0,0,0,0,0,0,0,0,0,0
"30029","5","518210","78","0","2019","4","N",9,0,0,0,0,0,0,0,"N",0.66,0,0,0,0,0,0,0,"N",2,28.6,0,0,0,0,0,0,0,0,0,0,0,0,0,0
"30031","5","518210","78","0","2019","4","",11,75,74,74,1411376,181594,2302,1461,"",0.57,0.52,0.52,0.51,0.36,0.27,0.30,0.70,"",0,0.0,-17,-18.5,-22,-22.9,-22,-22.9,-74661,-5.0,-220283,-54.8,-3412,-59.7,253,20.9
"30047","5","518210","78","0","2019","4","N",2,0,0,0,0,0,0,0,"N",0.72,0,0,0,0,0,0,0,"N",1,100.0,0,0,0,0,0,0,0,0,0,0,0,0,0,0
"30049","5","518210","78","0","2019","4","",8,169,168,164,2266079,616538,7013,1044,"",0.98,1.97,1.95,1.89,0.98,1.41,2.15,0.51,"",-2,-20.0,-3,-1.7,-3,-1.8,-7,-4.1,174101,8.3,107763,21.2,950,15.7,105,11.2
"30063","5","518210","78","0","2019","4","",10,105,107,106,1335372,380981,3587,969,"",0.68,0.71,0.73,0.72,0.37,0.62,0.52,0.51,"",-1,-9.1,5,5.0,7,7.0,8,8.2,-7991,-0.6,-133605,-26.0,-6958,-66.0,-71,-6.8
"30065","5","518210","78","0","2019","4","N",1,0,0,0,0,0,0,0,"N",2.54,0,0,0,0,0,0,0,"N",0,0.0,0,0,0,0,0,0,0,0,0,0,0,0,0,0
"30067","5","518210","78","0","2019","4","N",1,0,0,0,0,0,0,0,"N",0.36,0,0,0,0,0,0,0,"N",-1,-50.0,0,0,0,0,0,0,0,0,0,0,0,0,0,0
"30081","5","518210","78","0","2019","4","N",4,0,0,0,0,0,0,0,"N",0.79,0,0,0,0,0,0,0,"N",1,33.3,0,0,0,0,0,0,0,0,0,0,0,0,0,0
"30093","5","518210","78","0","2019","4","N",1,0,0,0,0,0,0,0,"N",0.29,0,0,0,0,0,0,0,"N",0,0.0,0,0,0,0,0,0,0,0,0,0,0,0,0,0
"30097","5","518210","78","0","2019","4","N",1,0,0,0,0,0,0,0,"N",1.59,0,0,0,0,0,0,0,"N",0,0.0,0,0,0,0,0,0,0,0,0,0,0,0,0,0
"30105","5","518210","78","0","2019","4","-",0,0,0,0,0,0,0,0,"N",0.00,0,0,0,0,0,0,0,"N",-1,-100.0,0,0,0,0,0,0,0,0,0,0,0,0,0,0
"30111","5","518210","78","0","2019","4","N",8,0,0,0,0,0,0,0,"N",0.45,0,0,0,0,0,0,0,"N",-1,-11.1,0,0,0,0,0,0,0,0,0,0,0,0,0,0
"30999","5","518210","78","0","2019","4","",26,74,73,73,2033827,129405,1618,2133,"",2.32,3.21,3.27,3.38,2.19,1.17,0.76,0.67,"",4,18.2,14,23.3,10,15.9,7,10.6,443611,27.9,43830,51.2,198,13.9,191,9.8
"31000","5","518210","58","0","2019","4","",157,4066,4075,4085,79167357,1763851,13756,1494,"",0.83,1.75,1.74,1.74,1.26,0.97,0.72,0.73,"",29,22.7,-343,-7.8,-300,-6.9,-218,-5.1,-7329519,-8.5,-170647,-8.8,-1256,-8.4,-31,-2.0
"31019","5","518210","78","0","2019","4","N",2,0,0,0,0,0,0,0,"N",0.39,0,0,0,0,0,0,0,"N",1,100.0,0,0,0,0,0,0,0,0,0,0,0,0,0,0
"31033","5","518210","78","0","2019","4","N",1,0,0,0,0,0,0,0,"N",0.99,0,0,0,0,0,0,0,"N",0,0.0,0,0,0,0,0,0,0,0,0,0,0,0,0,0
"31053","5","518210","78","0","2019","4","N",1,0,0,0,0,0,0,0,"N",0.32,0,0,0,0,0,0,0,"N",0,0.0,0,0,0,0,0,0,0,0,0,0,0,0,0,0
"31055","5","518210","78","0","2019","4","",65,3572,3574,3575,70558656,1461504,10661,1519,"",1.30,4.41,4.38,4.35,2.87,2.26,1.56,0.65,"",6,10.2,-271,-7.1,-229,-6.0,-169,-4.5,-7377516,-9.5,-202834,-12.2,-2171,-16.9,-60,-3.8
"31109","5","518210","78","0","2019","4","",22,196,201,204,3556905,105597,985,1366,"",0.83,0.48,0.49,0.49,0.33,0.35,0.35,0.68,"",3,15.8,10,5.4,15,8.1,19,10.3,546245,18.1,16927,19.1,77,8.5,119,9.5
"31139","5","518210","78","0","2019","4","N",1,0,0,0,0,0,0,0,"N",1.52,0,0,0,0,0,0,0,"N",0,0.0,0,0,0,0,0,0,0,0,0,0,0,0,0,0
"31151","5","518210","78","0","2019","4","N",1,0,0,0,0,0,0,0,"N",0.96,0,0,0,0,0,0,0,"N",0,0.0,0,0,0,0,0,0,0,0,0,0,0,0,0,0
"31153","5","518210","78","0","2019","4","",7,55,53,55,693163,24463,151,981,"",0.64,0.32,0.30,0.31,0.15,0.15,0.09,0.48,"",-1,-12.5,-111,-66.9,-114,-68.3,-107,-66.0,-1483538,-68.2,-57129,-70.0,-367,-70.8,-34,-3.3
"31157","5","518210","78","0","2019","4","",3,10,10,10,136822,9000,113,1052,"",0.81,0.25,0.26,0.26,0.16,0.33,0.39,0.61,"N",2,200.0,0,0,0,0,0,0,0,0,0,0,0,0,0,0
"31173","5","518210","78","0","2019","4","N",1,0,0,0,0,0,0,0,"N",2.27,0,0,0,0,0,0,0,"N",0,0.0,0,0,0,0,0,0,0,0,0,0,0,0,0,0
"31177","5","518210","78","0","2019","4","N",3,0,0,0,0,0,0,0,"N",1.72,0,0,0,0,0,0,0,"N",0,0.0,0,0,0,0,0,0,0,0,0,0,0,0,0,0
"31185","5","518210","78","0","2019","4","N",1,0,0,0,0,0,0,0,"N",0.61,0,0,0,0,0,0,0,"N",0,0.0,0,0,0,0,0,0,0,0,0,0,0,0,0,0
"31999","5","518210","78","0","2019","4","",49,61,61,68,1598475,84026,1068,1941,"",2.90,1.16,1.15,1.22,0.75,1.30,0.87,0.64,"",18,58.1,25,69.4,24,64.9,32,88.9,776585,94.5,41057,95.6,502,88.7,201,11.6
"32000","5","518210","58","0","2019","4","",305,2547,2551,2560,61564039,9857321,199882,1855,"",1.35,0.76,0.75,0.75,0.64,0.84,0.75,0.85,"",19,6.6,14,0.6,50,2.0,54,2.2,1111248,1.8,-67764,-0.7,17943,9.9,5,0.3
"32001","5","518210","78","0","2019","4","N",2,0,0,0,0,0,0,0,"N",1.21,0,0,0,0,0,0,0,"N",0,0.0,0,0,0,0,0,0,0,0,0,0,0,0,0,0
"32003","5","518210","78","0","2019","4","",211,1597,1615,1592,42489584,6045316,124258,2041,"",1.38,0.66,0.65,0.64,0.62,0.69,0.62,0.95,"",12,6.0,-9,-0.6,18,1.1,-13,-0.8,397965,0.9,1534503,34.0,23299,23.1,21,1.0
"32005","5","518210","78","0","2019","4","",11,16,16,16,323738,108468,1973,1556,"",2.21,0.34,0.35,0.34,0.25,0.63,0.51,0.73,"",-2,-15.4,-2,-11.1,-4,-20.0,-6,-27.3,-24130,-6.9,-66084,-37.9,-2923,-59.7,218,16.3
"32007","5","518210","78","0","2019","4","N",1,0,0,0,0,0,0,0,"N",0.27,0,0,0,0,0,0,0,"N",0,0.0,0,0,0,0,0,0,0,0,0,0,0,0,0,0
"32013","5","518210","78","0","2019","4","N",1,0,0,0,0,0,0,0,"N",0.76,0,0,0,0,0,0,0,"N",0,0.0,0,0,0,0,0,0,0,0,0,0,0,0,0,0
"32019","5","518210","78","0","2019","4","",4,5,5,4,37745,10139,216,622,"",1.43,0.16,0.16,0.13,0.05,0.10,0.08,0.31,"",0,0.0,0,0.0,0,0.0,-2,-33.3,-46248,-55.1,-24729,-70.9,-812,-79.0,-589,-48.6
"32021","5","518210","78","0","2019","4","N",1,0,0,0,0,0,0,0,"N",4.23,0,0,0,0,0,0,0,"N",0,0.0,0,0,0,0,0,0,0,0,0,0,0,0,0,0
"32029","5","518210","78","0","2019","4","N",1,0,0,0,0,0,0,0,"N",1.59,0,0,0,0,0,0,0,"N",0,0.0,0,0,0,0,0,0,0,0,0,0,0,0,0,0
"32031","5","518210","78","0","2019","4","",57,596,588,606,10540920,2070865,43043,1359,"",1.39,1.10,1.08,1.11,0.66,1.12,1.05,0.60,"",6,11.8,3,0.5,6,1.0,36,6.3,92405,0.9,-1571644,-43.1,-5047,-10.5,-23,-1.7
"32510","5","518210","78","0","2019","4","",5,20,20,20,303665,54439,933,1168,"",0.89,0.28,0.27,0.27,0.14,0.30,0.23,0.51,"",-1,-16.7,-2,-9.1,-2,-9.1,-3,-13.0,-159621,-34.5,-38076,-41.2,-429,-31.5,-428,-26.8
"32999","5","518210","78","0","2019","4","N",11,0,0,0,0,0,0,0,"N",1.51,0,0,0,0,0,0,0,"N",4,57.1,0,0,0,0,0,0,0,0,0,0,0,0,0,0
"33000","5","518210","58","0","2019","4","",154,1258,1306,1317,32264613,993115,8735,1918,"",1.06,0.80,0.83,0.83,0.62,0.59,0.81,0.76,"",37,31.6,-75,-5.6,-36,-2.7,-12,-0.9,-570983,-1.7,315949,46.7,4841,124.3,26,1.4
"33001","5","518210","78","0","2019","4","N",4,0,0,0,0,0,0,0,"N",0.73,0,0,0,0,0,0,0,"N",2,100.0,0,0,0,0,0,0,0,0,0,0,0,0,0,0
"33003","5","518210","78","0","2019","4","N",1,0,0,0,0,0,0,0,"N",0.19,0,0,0,0,0,0,0,"N",1,100.0,0,0,0,0,0,0,0,0,0,0,0,0,0,0
"33005","5","518210","78","0","2019","4","N",1,0,0,0,0,0,0,0,"N",0.17,0,0,0,0,0,0,0,"N",0,0.0,0,0,0,0,0,0,0,0,0,0,0,0,0,0
"33009","5","518210","78","0","2019","4","",4,72,71,72,1489223,10925,87,1598,"",0.45,0.56,0.56,0.56,0.36,0.10,0.15,0.64,"",0,0.0,-3,-4.0,-1,-1.4,-1,-1.4,2087,0.1,-35553,-76.5,-150,-63.3,38,2.4
"33011","5","518210","78","0","2019","4","",27,404,410,413,11258050,206113,567,2117,"",0.82,0.83,0.84,0.84,0.64,0.40,0.19,0.77,"",5,22.7,-102,-20.2,-90,-18.0,-79,-16.1,-68467,-0.6,4896,2.4,51,9.9,372,21.3
"33013","5","518210","78","0","2019","4","",7,19,19,20,823977,19735,74,3278,"",0.50,0.10,0.10,0.11,0.15,0.12,0.07,1.40,"",2,40.0,3,18.8,3,18.8,4,25.0,206196,33.4,5889,42.5,19,34.5,308,10.4
"33015","5","518210","78","0","2019","4","",23,172,206,210,4324979,244846,4632,1697,"",0.77,0.48,0.57,0.58,0.37,0.55,1.59,0.68,"",3,15.0,-116,-40.3,-107,-34.2,-97,-31.6,-2300610,-34.7,34204,16.2,3029,189.0,13,0.8
"33017","5","518210","78","0","2019","4","N",3,0,0,0,0,0,0,0,"N",0.38,0,0,0,0,0,0,0,"N",2,200.0,0,0,0,0,0,0,0,0,0,0,0,0,0,0
"33019","5","518210","78","0","2019","4","N",1,0,0,0,0,0,0,0,"N",0.34,0,0,0,0,0,0,0,"N",1,100.0,0,0,0,0,0,0,0,0,0,0,0,0,0,0
"33999","5","518210","78","0","2019","4","",83,219,235,239,10839940,343331,2948,3610,"",2.81,3.86,4.10,4.20,3.06,3.39,2.49,0.76,"",21,33.9,19,9.5,40,20.5,42,21.3,353712,3.4,190993,125.4,1669,130.5,-478,-11.7
"34000","5","518210","58","0","2019","4","",635,11113,11160,11216,322837311,29452943,537795,2225,"",0.85,1.15,1.14,1.14,0.89,0.99,0.92,0.78,"",7,1.1,1130,11.3,1124,11.2,1128,11.2,36855118,12.9,3921716,15.4,74700,16.1,33,1.5
"34001","5","518210","78","0","2019","4","",6,31,28,28,553758,49310,914,1469,"",0.34,0.10,0.09,0.09,0.07,0.05,0.05,0.71,"N",1,20.0,0,0,0,0,0,0,0,0,0,0,0,0,0,0
"34003","5","518210","78","0","2019","4","",73,2347,2296,2298,60366377,4012386,62470,2007,"",0.82,2.22,2.15,2.13,1.51,1.16,0.98,0.70,"",-3,-3.9,16,0.7,-40,-1.7,-46,-2.0,-3867024,-6.0,-22543,-0.6,-736,-1.2,-107,-5.1
"34005","5","518210","78","0","2019","4","",31,372,370,368,5670424,1436181,22033,1179,"",1.03,0.78,0.77,0.76,0.36,0.99,0.80,0.47,"",-6,-16.2,-44,-10.6,-39,-9.5,-44,-10.7,-2123821,-27.2,36208,2.6,-1364,-5.8,-275,-18.9
"34007","5","518210","78","0","2019","4","",23,129,134,130,3904227,334926,5203,2293,"",0.70,0.27,0.27,0.26,0.25,0.22,0.17,0.93,"",0,0.0,-2,-1.5,4,3.1,4,3.2,1281803,48.9,6818,2.1,-140,-2.6,729,46.6
"34009","5","518210","78","0","2019","4","N",1,0,0,0,0,0,0,0,"N",0.10,0,0,0,0,0,0,0,"N",0,0.0,0,0,0,0,0,0,0,0,0,0,0,0,0,0
"34011","5","518210","78","0","2019","4","N",2,0,0,0,0,0,0,0,"N",0.23,0,0,0,0,0,0,0,"N",0,0.0,0,0,0,0,0,0,0,0,0,0,0,0,0,0
"34013","5","518210","78","0","2019","4","",31,206,204,210,4043835,653798,13393,1505,"",0.55,0.25,0.25,0.25,0.13,0.29,0.32,0.50,"",-1,-3.1,27,15.1,12,6.2,10,5.0,830409,25.8,135615,26.2,2101,18.6,206,15.9
"34015","5","518210","78","0","2019","4","",7,29,28,36,714563,113929,1815,1773,"",0.40,0.11,0.10,0.13,0.10,0.13,0.10,0.87,"",0,0.0,-11,-27.5,-12,-30.0,-5,-12.2,-237458,-24.9,30351,36.3,939,107.2,-43,-2.4
"34017","5","518210","78","0","2019","4","",52,1679,1718,1748,59283817,4673579,71685,2659,"",1.23,2.61,2.64,2.67,2.22,2.35,1.90,0.84,"",7,15.6,-21,-1.2,17,1.0,41,2.4,5279788,9.8,738266,18.8,8487,13.4,219,9.0
"34019","5","518210","78","0","2019","4","",9,41,42,40,831056,142916,2530,1559,"",0.83,0.36,0.37,0.35,0.20,0.46,0.47,0.57,"",1,12.5,7,20.6,11,35.5,6,17.6,-182029,-18.0,32072,28.9,1382,120.4,-803,-34.0
"34021","5","518210","78","0","2019","4","",35,440,439,441,10736577,1579196,32347,1877,"",1.15,0.71,0.70,0.70,0.43,1.14,1.18,0.61,"",0,0.0,52,13.4,47,12.0,45,11.4,2660145,32.9,285873,22.1,8577,36.1,292,18.4
"34023","5","518210","78","0","2019","4","",45,1286,1306,1316,45018243,3511655,63074,2658,"",0.74,1.26,1.26,1.26,1.20,1.07,1.01,0.95,"",-3,-6.2,459,55.5,485,59.1,488,58.9,18864907,72.1,1697676,93.6,31410,99.2,220,9.0
"34025","5","518210","78","0","2019","4","",23,1053,1045,1043,25403135,2768490,54233,1866,"",0.42,1.69,1.65,1.65,1.26,1.46,1.48,0.76,"",-3,-11.5,167,18.8,158,17.8,151,16.9,4530636,21.7,103625,3.9,1482,2.8,59,3.3
"34027","5","518210","78","0","2019","4","",29,1219,1224,1205,41236291,1966040,19801,2609,"",0.63,1.75,1.74,1.70,1.25,0.97,0.51,0.72,"",5,20.8,173,16.5,156,14.6,128,11.9,5612299,15.8,-246018,-11.1,-8396,-29.8,33,1.3
"34029","5","518210","78","0","2019","4","",23,116,121,127,1644028,479917,11884,1042,"",0.63,0.28,0.30,0.31,0.15,0.37,0.46,0.52,"",0,0.0,-19,-14.1,-12,-9.0,-1,-0.8,-341275,-17.2,-45867,-8.7,-3918,-24.8,-115,-9.9
"34031","5","518210","78","0","2019","4","",15,460,479,487,4468652,2471895,59803,723,"",0.44,1.16,1.19,1.21,0.37,1.96,2.51,0.31,"",5,50.0,375,441.2,394,463.5,404,486.7,3136946,235.6,2157344,685.8,55248,1212.9,-492,-40.5
"34033","5","518210","78","0","2019","4","N",2,0,0,0,0,0,0,0,"N",0.56,0,0,0,0,0,0,0,"N",0,0.0,0,0,0,0,0,0,0,0,0,0,0,0,0,0
"34035","5","518210","78","0","2019","4","",33,494,492,492,16002356,1124754,17920,2499,"",1.20,1.10,1.09,1.08,0.79,0.85,0.71,0.72,"",6,22.2,70,16.5,67,15.8,70,16.6,3637144,29.4,280896,33.3,4288,31.5,254,11.3
"34037","5","518210","78","0","2019","4","N",3,0,0,0,0,0,0,0,"N",0.33,0,0,0,0,0,0,0,"N",1,50.0,0,0,0,0,0,0,0,0,0,0,0,0,0,0
"34039","5","518210","78","0","2019","4","",14,142,143,141,3623532,398440,10480,1963,"",0.35,0.26,0.26,0.25,0.16,0.24,0.34,0.63,"",5,55.6,81,132.8,81,130.6,75,113.6,1503003,70.9,187628,89.0,5274,101.3,-626,-24.2
"34041","5","518210","78","0","2019","4","",6,33,35,34,298596,208162,7306,676,"",0.82,0.43,0.45,0.44,0.13,0.95,1.86,0.30,"",0,0.0,-13,-28.3,-13,-27.1,-13,-27.7,-27359,-8.4,-11216,-5.1,-1489,-16.9,143,26.8
"34999","5","518210","78","0","2019","4","",172,869,887,904,37363151,2781553,61916,3241,"",2.18,2.79,2.78,2.82,2.13,1.88,1.64,0.76,"",-8,-4.4,36,4.3,39,4.6,49,5.7,3096828,9.0,64529,2.4,2010,3.4,123,3.9
"35000","3","518210","58","0","2019","4","",20,205,205,204,3638863,9913,33,1368,"",31.85,12.98,13.07,13.03,15.10,3.43,0.33,1.16,"",0,0.0,2,1.0,2,1.0,-1,-0.5,303769,9.1,-663,-6.3,-2,-5.7,108,8.6
"35000","5","518210","58","0","2019","4","",150,532,527,526,9983100,1808531,15628,1453,"",0.88,0.27,0.26,0.26,0.19,0.38,0.35,0.73,"",19,14.5,-32,-5.7,-24,-4.4,7,1.3,1162669,13.2,299505,19.8,4234,37.2,207,16.6
"35001","3","518210","78","0","2019","4","N",1,0,0,0,0,0,0,0,"N",4.96,0,0,0,0,0,0,0,"N",0,0.0,0,0,0,0,0,0,0,0,0,0,0,0,0,0
"35001","5","518210","78","0","2019","4","",45,178,168,167,3128350,724811,6535,1407,"",0.82,0.22,0.21,0.21,0.14,0.41,0.47,0.67,"",6,15.4,2,1.1,-7,-4.0,-9,-5.1,153488,5.2,15786,2.2,1062,19.4,104,8.0
"35005","3","518210","78","0","2019","4","N",2,0,0,0,0,0,0,0,"N",106.44,0,0,0,0,0,0,0,"N",0,0.0,0,0,0,0,0,0,0,0,0,0,0,0,0,0
"35005","5","518210","78","0","2019","4","N",1,0,0,0,0,0,0,0,"N",0.20,0,0,0,0,0,0,0,"N",0,0.0,0,0,0,0,0,0,0,0,0,0,0,0,0,0
"35006","3","518210","78","0","2019","4","N",2,0,0,0,0,0,0,0,"N",423.14,0,0,0,0,0,0,0,"N",0,0.0,0,0,0,0,0,0,0,0,0,0,0,0,0,0
"35009","3","518210","78","0","2019","4","N",2,0,0,0,0,0,0,0,"N",155.24,0,0,0,0,0,0,0,"N",0,0.0,0,0,0,0,0,0,0,0,0,0,0,0,0,0
"35013","3","518210","78","0","2019","4","N",1,0,0,0,0,0,0,0,"N",19.70,0,0,0,0,0,0,0,"N",0,0.0,0,0,0,0,0,0,0,0,0,0,0,0,0,0
"35013","5","518210","78","0","2019","4","N",6,0,0,0,0,0,0,0,"N",0.43,0,0,0,0,0,0,0,"N",1,20.0,0,0,0,0,0,0,0,0,0,0,0,0,0,0
"35015","3","518210","78","0","2019","4","N",2,0,0,0,0,0,0,0,"N",101.60,0,0,0,0,0,0,0,"N",0,0.0,0,0,0,0,0,0,0,0,0,0,0,0,0,0
"35015","5","518210","78","0","2019","4","N",2,0,0,0,0,0,0,0,"N",0.37,0,0,0,0,0,0,0,"N",-1,-33.3,0,0,0,0,0,0,0,0,0,0,0,0,0,0
"35017","5","518210","78","0","2019","4","N",1,0,0,0,0,0,0,0,"N",0.49,0,0,0,0,0,0,0,"N",0,0.0,0,0,0,0,0,0,0,0,0,0,0,0,0,0
"35025","3","518210","78","0","2019","4","N",1,0,0,0,0,0,0,0,"N",46.56,0,0,0,0,0,0,0,"N",0,0.0,0,0,0,0,0,0,0,0,0,0,0,0,0,0
"35025","5","518210","78","0","2019","4","-",0,0,0,0,0,0,0,0,"N",0.00,0,0,0,0,0,0,0,"N",-1,-100.0,0,0,0,0,0,0,0,0,0,0,0,0,0,0
"35027","5","518210","78","0","2019","4","N",1,0,0,0,0,0,0,0,"N",0.44,0,0,0,0,0,0,0,"N",0,0.0,0,0,0,0,0,0,0,0,0,0,0,0,0,0
"35028","3","518210","78","0","2019","4","N",1,0,0,0,0,0,0,0,"N",201.60,0,0,0,0,0,0,0,"N",0,0.0,0,0,0,0,0,0,0,0,0,0,0,0,0,0
"35028","5","518210","78","0","2019","4","N",2,0,0,0,0,0,0,0,"N",1.48,0,0,0,0,0,0,0,"N",1,100.0,0,0,0,0,0,0,0,0,0,0,0,0,0,0
"35031","3","518210","78","0","2019","4","N",2,0,0,0,0,0,0,0,"N",156.18,0,0,0,0,0,0,0,"N",0,0.0,0,0,0,0,0,0,0,0,0,0,0,0,0,0
"35035","3","518210","78","0","2019","4","N",1,0,0,0,0,0,0,0,"N",81.57,0,0,0,0,0,0,0,"N",0,0.0,0,0,0,0,0,0,0,0,0,0,0,0,0,0
"35035","5","518210","78","0","2019","4","N",5,0,0,0,0,0,0,0,"N",1.50,0,0,0,0,0,0,0,"N",1,25.0,0,0,0,0,0,0,0,0,0,0,0,0,0,0
"35037","3","518210","78","0","2019","4","N",1,0,0,0,0,0,0,0,"N",311.89,0,0,0,0,0,0,0,"N",0,0.0,0,0,0,0,0,0,0,0,0,0,0,0,0,0
"35039","5","518210","78","0","2019","4","N",1,0,0,0,0,0,0,0,"N",0.42,0,0,0,0,0,0,0,"N",0,0.0,0,0,0,0,0,0,0,0,0,0,0,0,0,0
"35043","5","518210","78","0","2019","4","",3,15,15,15,280330,26168,890,1438,"",0.43,0.19,0.19,0.19,0.15,0.15,0.57,0.77,"N",0,0.0,0,0,0,0,0,0,0,0,0,0,0,0,0,0
"35045","3","518210","78","0","2019","4","N",2,0,0,0,0,0,0,0,"N",68.27,0,0,0,0,0,0,0,"N",0,0.0,0,0,0,0,0,0,0,0,0,0,0,0,0,0
"35045","5","518210","78","0","2019","4","N",1,0,0,0,0,0,0,0,"N",0.13,0,0,0,0,0,0,0,"N",0,0.0,0,0,0,0,0,0,0,0,0,0,0,0,0,0
"35047","5","518210","78","0","2019","4","N",1,0,0,0,0,0,0,0,"N",0.46,0,0,0,0,0,0,0,"N",0,0.0,0,0,0,0,0,0,0,0,0,0,0,0,0,0
"35049","3","518210","78","0","2019","4","N",1,0,0,0,0,0,0,0,"N",16.40,0,0,0,0,0,0,0,"N",0,0.0,0,0,0,0,0,0,0,0,0,0,0,0,0,0
"35049","5","518210","78","0","2019","4","",14,19,21,20,359232,92575,1194,1382,"",0.84,0.13,0.14,0.13,0.09,0.26,0.46,0.66,"",4,40.0,-1,-5.0,2,10.5,4,25.0,114293,46.7,33583,56.9,985,471.3,354,34.4
"35053","5","518210","78","0","2019","4","N",1,0,0,0,0,0,0,0,"N",0.94,0,0,0,0,0,0,0,"N",1,100.0,0,0,0,0,0,0,0,0,0,0,0,0,0,0
"35055","5","518210","78","0","2019","4","N",1,0,0,0,0,0,0,0,"N",0.27,0,0,0,0,0,0,0,"N",0,0.0,0,0,0,0,0,0,0,0,0,0,0,0,0,0
"35057","5","518210","78","0","2019","4","N",1,0,0,0,0,0,0,0,"N",1.08,0,0,0,0,0,0,0,"N",1,100.0,0,0,0,0,0,0,0,0,0,0,0,0,0,0
"35061","3","518210","78","0","2019","4","N",1,0,0,0,0,0,0,0,"N",71.31,0,0,0,0,0,0,0,"N",0,0.0,0,0,0,0,0,0,0,0,0,0,0,0,0,0
"35061","5","518210","78","0","2019","4","N",2,0,0,0,0,0,0,0,"N",0.52,0,0,0,0,0,0,0,"N",1,100.0,0,0,0,0,0,0,0,0,0,0,0,0,0,0
"35999","5","518210","78","0","2019","4","",62,61,62,62,1437698,131538,2110,1793,"",4.24,1.21,1.26,1.22,0.79,0.59,0.47,0.64,"",5,8.8,6,10.9,5,8.8,5,8.8,-38569,-2.6,-16171,-10.9,182,9.4,-223,-11.1
"36000","3","518210","58","0","2019","4","N",2,0,0,0,0,0,0,0,"N",0.32,0,0,0,0,0,0,0,"N",1,100.0,0,0,0,0,0,0,0,0,0,0,0,0,0,0
"36000","5","518210","58","0","2019","4","",1260,20232,20440,20374,749073788,24322365,634907,2832,"",0.73,0.89,0.89,0.89,0.79,1.12,1.13,0.89,"",98,8.4,230,1.1,292,1.4,77,0.4,50500729,7.2,-422704,-1.7,-104385,-14.1,165,6.2
"36001","5","518210","78","0","2019","4","",32,1087,1107,1113,26601474,691307,16864,1856,"",1.15,1.95,1.99,1.99,1.43,1.76,1.63,0.72,"",3,10.3,-142,-11.6,-114,-9.3,-104,-8.5,-2318736,-8.0,-13529,-1.9,-2319,-12.1,36,2.0
"36005","5","518210","78","0","2019","4","N",3,0,0,0,0,0,0,0,"N",0.06,0,0,0,0,0,0,0,"N",2,200.0,0,0,0,0,0,0,0,0,0,0,0,0,0,0
"36007","5","518210","78","0","2019","4","N",6,0,0,0,0,0,0,0,"N",0.51,0,0,0,0,0,0,0,"N",1,20.0,0,0,0,0,0,0,0,0,0,0,0,0,0,0
"36013","5","518210","78","0","2019","4","-",0,0,0,0,0,0,0,0,"N",0.00,0,0,0,0,0,0,0,"N",-2,-100.0,0,0,0,0,0,0,0,0,0,0,0,0,0,0
"36017","5","518210","78","0","2019","4","N",2,0,0,0,0,0,0,0,"N",0.72,0,0,0,0,0,0,0,"N",1,100.0,0,0,0,0,0,0,0,0,0,0,0,0,0,0
"36019","5","518210","78","0","2019","4","N",1,0,0,0,0,0,0,0,"N",0.19,0,0,0,0,0,0,0,"N",0,0.0,0,0,0,0,0,0,0,0,0,0,0,0,0,0
"36021","5","518210","78","0","2019","4","N",1,0,0,0,0,0,0,0,"N",0.18,0,0,0,0,0,0,0,"N",0,0.0,0,0,0,0,0,0,0,0,0,0,0,0,0,0
"36025","5","518210","78","0","2019","4","N",1,0,0,0,0,0,0,0,"N",0.31,0,0,0,0,0,0,0,"N",0,0.0,0,0,0,0,0,0,0,0,0,0,0,0,0,0
"36027","5","518210","78","0","2019","4","",10,237,236,231,4836631,120981,3516,1585,"",0.44,0.87,0.86,0.85,0.58,0.53,0.67,0.68,"",0,0.0,-8,-3.3,-8,-3.3,-17,-6.9,-30728,-0.6,6456,5.6,-259,-6.9,61,4.0
"36029","5","518210","78","0","2019","4","",35,454,456,468,10383129,342445,7826,1739,"",0.54,0.40,0.41,0.41,0.32,0.35,0.33,0.78,"",3,9.4,-257,-36.1,-264,-36.7,-272,-36.8,-5669782,-35.3,-114729,-25.1,-6090,-43.8,33,1.9
"36031","5","518210","78","0","2019","4","N",1,0,0,0,0,0,0,0,"N",0.29,0,0,0,0,0,0,0,"N",0,0.0,0,0,0,0,0,0,0,0,0,0,0,0,0,0
"36035","5","518210","78","0","2019","4","N",1,0,0,0,0,0,0,0,"N",0.32,0,0,0,0,0,0,0,"N",0,0.0,0,0,0,0,0,0,0,0,0,0,0,0,0,0
"36037","5","518210","78","0","2019","4","N",1,0,0,0,0,0,0,0,"N",0.25,0,0,0,0,0,0,0,"N",1,100.0,0,0,0,0,0,0,0,0,0,0,0,0,0,0
"36039","5","518210","78","0","2019","4","-",0,0,0,0,0,0,0,0,"N",0.00,0,0,0,0,0,0,0,"N",-1,-100.0,0,0,0,0,0,0,0,0,0,0,0,0,0,0
"36045","5","518210","78","0","2019","4","N",2,0,0,0,0,0,0,0,"N",0.26,0,0,0,0,0,0,0,"N",1,100.0,0,0,0,0,0,0,0,0,0,0,0,0,0,0
"36047","5","518210","78","0","2019","4","",94,466,470,479,10338610,804669,22238,1686,"",0.54,0.25,0.24,0.25,0.19,0.38,0.44,0.77,"",11,13.3,96,25.9,101,27.4,84,21.3,1997121,23.9,142491,21.5,4247,23.6,-11,-0.6
"36055","5","518210","78","0","2019","4","",32,605,597,591,9806977,576612,14226,1262,"",0.63,0.65,0.64,0.63,0.36,0.75,0.74,0.57,"",0,0.0,-24,-3.8,-43,-6.7,-65,-9.9,-681335,-6.5,-204185,-26.2,-7464,-34.4,5,0.4
"36059","5","518210","78","0","2019","4","",82,1302,1305,1290,36848361,2350442,28462,2182,"",0.57,0.87,0.86,0.84,0.68,1.63,0.81,0.79,"",9,12.3,140,12.0,134,11.4,111,9.4,9184016,33.2,1227318,109.3,-4310,-13.2,364,20.0
"36061","5","518210","78","0","2019","4","",472,9823,9904,9809,493808422,12674601,351821,3858,"",1.37,1.64,1.63,1.60,1.18,1.95,1.92,0.72,"",60,14.6,428,4.6,436,4.6,329,3.5,56034736,12.8,-2053644,-13.9,-108864,-23.6,294,8.2
"36063","5","518210","78","0","2019","4","",4,26,26,28,724476,67634,1856,2090,"",0.31,0.15,0.15,0.16,0.17,0.43,0.42,1.10,"N",2,100.0,0,0,0,0,0,0,0,0,0,0,0,0,0,0
"36065","5","518210","78","0","2019","4","",4,4,4,7,104000,27117,508,1600,"",0.28,0.02,0.02,0.03,0.02,0.16,0.13,0.84,"N",0,0.0,0,0,0,0,0,0,0,0,0,0,0,0,0,0
"36067","5","518210","78","0","2019","4","",17,311,313,324,3700523,423484,11636,901,"",0.50,0.53,0.53,0.54,0.21,0.89,1.02,0.39,"",-1,-5.6,16,5.4,3,1.0,19,6.2,270145,7.9,-40232,-8.7,-8143,-41.2,31,3.6
"36069","5","518210","78","0","2019","4","N",3,0,0,0,0,0,0,0,"N",0.35,0,0,0,0,0,0,0,"N",-1,-25.0,0,0,0,0,0,0,0,0,0,0,0,0,0,0
"36071","3","518210","78","0","2019","4","N",2,0,0,0,0,0,0,0,"N",19.09,0,0,0,0,0,0,0,"N",1,100.0,0,0,0,0,0,0,0,0,0,0,0,0,0,0
"36071","5","518210","78","0","2019","4","",9,15,15,15,374610,4608,60,1921,"",0.32,0.04,0.04,0.04,0.04,0.01,0.01,0.91,"",1,12.5,-6,-28.6,-7,-31.8,-8,-34.8,216172,136.4,-11165,-70.8,-115,-65.7,1367,246.8
"36079","5","518210","78","0","2019","4","",5,25,28,28,749360,32562,834,2135,"",0.60,0.40,0.45,0.45,0.39,0.58,0.68,0.90,"",2,66.7,11,78.6,14,100.0,12,75.0,113233,17.8,9450,40.9,27,3.3,-1201,-36.0
"36081","5","518210","78","0","2019","4","",40,182,183,184,4712360,213156,6532,1981,"",0.28,0.11,0.11,0.11,0.09,0.13,0.16,0.80,"",12,42.9,89,95.7,93,103.3,95,106.7,2677215,131.5,171383,410.3,4611,240.0,254,14.7
"36083","5","518210","78","0","2019","4","N",1,0,0,0,0,0,0,0,"N",0.11,0,0,0,0,0,0,0,"N",0,0.0,0,0,0,0,0,0,0,0,0,0,0,0,0,0
"36085","5","518210","78","0","2019","4","N",9,0,0,0,0,0,0,0,"N",0.33,0,0,0,0,0,0,0,"N",1,12.5,0,0,0,0,0,0,0,0,0,0,0,0,0,0
"36087","5","518210","78","0","2019","4","N",17,0,0,0,0,0,0,0,"N",0.57,0,0,0,0,0,0,0,"N",0,0.0,0,0,0,0,0,0,0,0,0,0,0,0,0,0
"36091","5","518210","78","0","2019","4","N",9,0,0,0,0,0,0,0,"N",0.56,0,0,0,0,0,0,0,"N",0,0.0,0,0,0,0,0,0,0,0,0,0,0,0,0,0
"36093","5","518210","78","0","2019","4","",6,18,18,20,227987,22509,1486,940,"",0.66,0.12,0.12,0.14,0.05,0.22,0.59,0.40,"",0,0.0,-2,-10.0,-3,-14.3,-1,-4.8,-35199,-13.4,-7507,-25.0,961,183.0,-40,-4.1
"36099","5","518210","78","0","2019","4","N",1,0,0,0,0,0,0,0,"N",0.49,0,0,0,0,0,0,0,"N",0,0.0,0,0,0,0,0,0,0,0,0,0,0,0,0,0
"36101","5","518210","78","0","2019","4","N",2,0,0,0,0,0,0,0,"N",0.35,0,0,0,0,0,0,0,"N",0,0.0,0,0,0,0,0,0,0,0,0,0,0,0,0,0
"36103","5","518210","78","0","2019","4","",59,913,910,919,30338324,690545,18829,2553,"",0.41,0.58,0.57,0.58,0.54,0.47,0.50,0.94,"",1,1.7,25,2.8,20,2.2,25,2.8,1302970,4.5,-17566,-2.5,-923,-4.7,45,1.8
"36107","5","518210","78","0","2019","4","N",1,0,0,0,0,0,0,0,"N",0.42,0,0,0,0,0,0,0,"N",1,100.0,0,0,0,0,0,0,0,0,0,0,0,0,0,0
"36109","5","518210","78","0","2019","4","N",1,0,0,0,0,0,0,0,"N",0.14,0,0,0,0,0,0,0,"N",0,0.0,0,0,0,0,0,0,0,0,0,0,0,0,0,0
"36111","5","518210","78","0","2019","4","N",5,0,0,0,0,0,0,0,"N",0.35,0,0,0,0,0,0,0,"N",1,25.0,0,0,0,0,0,0,0,0,0,0,0,0,0,0
"36113","5","518210","78","0","2019","4","N",1,0,0,0,0,0,0,0,"N",0.16,0,0,0,0,0,0,0,"N",1,100.0,0,0,0,0,0,0,0,0,0,0,0,0,0,0
"36117","5","518210","78","0","2019","4","N",2,0,0,0,0,0,0,0,"N",0.36,0,0,0,0,0,0,0,"N",-2,-50.0,0,0,0,0,0,0,0,0,0,0,0,0,0,0
"36119","5","518210","78","0","2019","4","",61,1588,1647,1635,41774338,1629750,44731,1980,"",0.63,1.55,1.59,1.57,0.96,1.75,1.92,0.61,"",6,10.9,101,6.8,165,11.1,167,11.4,5436055,15.0,820955,101.5,21833,95.3,90,4.8
"36999","5","518210","78","0","2019","4","",227,1643,1712,1722,53245579,2355674,67013,2420,"",2.67,4.97,5.12,5.15,2.85,4.11,3.31,0.56,"",-13,-5.4,449,37.6,469,37.7,424,32.7,-10320403,-16.2,54561,2.4,19578,41.3,-1507,-38.4
"37000","5","518210","58","0","2019","4","",851,10035,10142,10138,248976690,22285287,159188,1895,"",1.10,0.94,0.94,0.94,0.81,0.95,0.99,0.86,"",90,11.8,-4524,-31.1,-4468,-30.6,-4504,-30.8,-110389407,-30.7,-2013359,-8.3,27926,21.3,2,0.1
"37001","5","518210","78","0","2019","4","",4,114,116,112,1339939,303068,706,904,"",0.41,0.77,0.77,0.74,0.39,0.88,0.35,0.51,"N",0,0.0,0,0,0,0,0,0,0,0,0,0,0,0,0,0
"37015","5","518210","78","0","2019","4","N",1,0,0,0,0,0,0,0,"N",1.22,0,0,0,0,0,0,0,"N",1,100.0,0,0,0,0,0,0,0,0,0,0,0,0,0,0
"37019","5","518210","78","0","2019","4","N",1,0,0,0,0,0,0,0,"N",0.12,0,0,0,0,0,0,0,"N",0,0.0,0,0,0,0,0,0,0,0,0,0,0,0,0,0
"37021","5","518210","78","0","2019","4","",24,58,59,62,1168540,340277,3017,1506,"",0.90,0.18,0.18,0.19,0.14,0.42,0.64,0.77,"",6,33.3,10,20.8,14,31.1,17,37.8,285673,32.4,196874,137.3,1808,149.5,30,2.0
"37025","5","518210","78","0","2019","4","N",6,0,0,0,0,0,0,0,"N",0.46,0,0,0,0,0,0,0,"N",1,20.0,0,0,0,0,0,0,0,0,0,0,0,0,0,0
"37027","5","518210","78","0","2019","4","",3,20,19,20,300167,23377,63,1174,"",0.81,0.33,0.31,0.33,0.23,0.19,0.10,0.70,"N",1,50.0,0,0,0,0,0,0,0,0,0,0,0,0,0,0
"37029","5","518210","78","0","2019","4","N",1,0,0,0,0,0,0,0,"N",2.07,0,0,0,0,0,0,0,"N",0,0.0,0,0,0,0,0,0,0,0,0,0,0,0,0,0
"37031","5","518210","78","0","2019","4","N",3,0,0,0,0,0,0,0,"N",0.49,0,0,0,0,0,0,0,"N",0,0.0,0,0,0,0,0,0,0,0,0,0,0,0,0,0
"37035","5","518210","78","0","2019","4","",10,89,90,88,1753685,160657,678,1516,"",0.83,0.43,0.43,0.42,0.34,0.34,0.23,0.80,"N",2,25.0,0,0,0,0,0,0,0,0,0,0,0,0,0,0
"37037","5","518210","78","0","2019","4","",6,22,27,27,753327,102814,845,2287,"",1.43,0.60,0.73,0.72,0.92,1.14,1.66,1.35,"",2,50.0,7,46.7,11,68.8,16,145.5,354773,89.0,32983,47.2,208,32.7,97,4.4
"37039","5","518210","78","0","2019","4","N",2,0,0,0,0,0,0,0,"N",1.02,0,0,0,0,0,0,0,"N",0,0.0,0,0,0,0,0,0,0,0,0,0,0,0,0,0
"37041","5","518210","78","0","2019","4","N",1,0,0,0,0,0,0,0,"N",0.99,0,0,0,0,0,0,0,"N",0,0.0,0,0,0,0,0,0,0,0,0,0,0,0,0,0
"37043","5","518210","78","0","2019","4","N",1,0,0,0,0,0,0,0,"N",1.44,0,0,0,0,0,0,0,"N",0,0.0,0,0,0,0,0,0,0,0,0,0,0,0,0,0
"37045","5","518210","78","0","2019","4","N",5,0,0,0,0,0,0,0,"N",0.92,0,0,0,0,0,0,0,"N",1,25.0,0,0,0,0,0,0,0,0,0,0,0,0,0,0
"37049","5","518210","78","0","2019","4","",3,16,16,16,204094,25922,276,981,"",0.49,0.17,0.17,0.17,0.08,0.16,0.36,0.50,"N",0,0.0,0,0,0,0,0,0,0,0,0,0,0,0,0,0
"37051","5","518210","78","0","2019","4","N",4,0,0,0,0,0,0,0,"N",0.24,0,0,0,0,0,0,0,"N",1,33.3,0,0,0,0,0,0,0,0,0,0,0,0,0,0
"37053","5","518210","78","0","2019","4","N",1,0,0,0,0,0,0,0,"N",0.50,0,0,0,0,0,0,0,"N",0,0.0,0,0,0,0,0,0,0,0,0,0,0,0,0,0
"37055","5","518210","78","0","2019","4","N",2,0,0,0,0,0,0,0,"N",0.37,0,0,0,0,0,0,0,"N",0,0.0,0,0,0,0,0,0,0,0,0,0,0,0,0,0
"37061","5","518210","78","0","2019","4","N",1,0,0,0,0,0,0,0,"N",0.34,0,0,0,0,0,0,0,"N",0,0.0,0,0,0,0,0,0,0,0,0,0,0,0,0,0
"37063","5","518210","78","0","2019","4","",35,420,434,435,21102879,789633,7173,3778,"",1.51,0.83,0.86,0.86,1.09,0.91,1.16,1.28,"",4,12.9,20,5.0,37,9.3,39,9.8,6291144,42.5,-17128,-2.1,911,14.5,913,31.9
"37067","5","518210","78","0","2019","4","",26,342,353,354,5131116,558183,3460,1129,"",1.03,0.75,0.77,0.77,0.39,0.64,0.66,0.51,"",0,0.0,49,16.7,39,12.4,40,12.7,774198,17.8,-155274,-21.8,-1530,-30.7,37,3.4
"37069","5","518210","78","0","2019","4","N",3,0,0,0,0,0,0,0,"N",0.94,0,0,0,0,0,0,0,"N",-2,-40.0,0,0,0,0,0,0,0,0,0,0,0,0,0,0
"37071","5","518210","78","0","2019","4","N",1,0,0,0,0,0,0,0,"N",0.08,0,0,0,0,0,0,0,"N",-1,-50.0,0,0,0,0,0,0,0,0,0,0,0,0,0,0
"37075","5","518210","78","0","2019","4","N",1,0,0,0,0,0,0,0,"N",2.02,0,0,0,0,0,0,0,"N",0,0.0,0,0,0,0,0,0,0,0,0,0,0,0,0,0
"37081","5","518210","78","0","2019","4","",26,413,418,432,19272751,735623,1764,3521,"",0.66,0.61,0.61,0.63,1.03,0.51,0.20,1.67,"",1,4.0,-64,-13.4,-51,-10.9,-42,-8.9,4419425,29.8,300103,68.9,768,77.1,1107,45.9
"37085","5","518210","78","0","2019","4","N",2,0,0,0,0,0,0,0,"N",0.41,0,0,0,0,0,0,0,"N",1,100.0,0,0,0,0,0,0,0,0,0,0,0,0,0,0
"37089","5","518210","78","0","2019","4","N",5,0,0,0,0,0,0,0,"N",0.58,0,0,0,0,0,0,0,"N",2,66.7,0,0,0,0,0,0,0,0,0,0,0,0,0,0
"37097","5","518210","78","0","2019","4","",11,21,21,21,339598,58631,110,1244,"",0.74,0.12,0.12,0.11,0.07,0.14,0.04,0.59,"N",4,57.1,0,0,0,0,0,0,0,0,0,0,0,0,0,0
"37099","5","518210","78","0","2019","4","N",4,0,0,0,0,0,0,0,"N",1.40,0,0,0,0,0,0,0,"N",0,0.0,0,0,0,0,0,0,0,0,0,0,0,0,0,0
"37101","5","518210","78","0","2019","4","N",6,0,0,0,0,0,0,0,"N",0.60,0,0,0,0,0,0,0,"N",1,20.0,0,0,0,0,0,0,0,0,0,0,0,0,0,0
"37105","5","518210","78","0","2019","4","N",1,0,0,0,0,0,0,0,"N",0.26,0,0,0,0,0,0,0,"N",1,100.0,0,0,0,0,0,0,0,0,0,0,0,0,0,0
"37109","5","518210","78","0","2019","4","N",2,0,0,0,0,0,0,0,"N",0.39,0,0,0,0,0,0,0,"N",0,0.0,0,0,0,0,0,0,0,0,0,0,0,0,0,0
"37111","5","518210","78","0","2019","4","N",1,0,0,0,0,0,0,0,"N",0.46,0,0,0,0,0,0,0,"N",0,0.0,0,0,0,0,0,0,0,0,0,0,0,0,0,0
"37113","5","518210","78","0","2019","4","N",3,0,0,0,0,0,0,0,"N",0.92,0,0,0,0,0,0,0,"N",0,0.0,0,0,0,0,0,0,0,0,0,0,0,0,0,0
"37115","5","518210","78","0","2019","4","",3,4,4,4,59725,4307,37,1149,"",2.75,0.42,0.42,0.41,0.31,0.15,0.25,0.76,"",0,0.0,-2,-33.3,-2,-33.3,-1,-20.0,-34152,-36.4,-114,-2.6,-1,-2.6,-125,-9.8
"37117","5","518210","78","0","2019","4","N",1,0,0,0,0,0,0,0,"N",0.75,0,0,0,0,0,0,0,"N",1,100.0,0,0,0,0,0,0,0,0,0,0,0,0,0,0
"37119","5","518210","78","0","2019","4","",131,2691,2737,2721,54208693,4857386,33125,1535,"",1.24,1.58,1.59,1.58,0.87,1.22,1.10,0.55,"",-10,-7.1,-4829,-64.2,-4892,-64.1,-4887,-64.2,-131450725,-70.8,-4779217,-49.6,69,0.2,-348,-18.5
"37123","5","518210","78","0","2019","4","N",2,0,0,0,0,0,0,0,"N",1.44,0,0,0,0,0,0,0,"N",0,0.0,0,0,0,0,0,0,0,0,0,0,0,0,0,0
"37125","5","518210","78","0","2019","4","N",3,0,0,0,0,0,0,0,"N",0.43,0,0,0,0,0,0,0,"N",0,0.0,0,0,0,0,0,0,0,0,0,0,0,0,0,0
"37127","5","518210","78","0","2019","4","N",2,0,0,0,0,0,0,0,"N",0.35,0,0,0,0,0,0,0,"N",-2,-50.0,0,0,0,0,0,0,0,0,0,0,0,0,0,0
"37129","5","518210","78","0","2019","4","",24,42,49,50,1479134,240050,3086,2421,"",1.03,0.15,0.17,0.18,0.20,0.39,0.81,1.22,"",1,4.3,-87,-67.4,-86,-63.7,-87,-63.5,-1681720,-53.2,-185646,-43.6,-662,-17.7,602,33.1
"37133","5","518210","78","0","2019","4","",6,42,41,39,600301,56568,546,1136,"",0.69,0.36,0.35,0.33,0.25,0.23,0.46,0.73,"",0,0.0,17,68.0,16,64.0,14,56.0,338546,129.3,46095,440.1,453,487.1,331,41.1
"37135","5","518210","78","0","2019","4","N",16,0,0,0,0,0,0,0,"N",1.45,0,0,0,0,0,0,0,"N",1,6.7,0,0,0,0,0,0,0,0,0,0,0,0,0,0
"37137","5","518210","78","0","2019","4","N",3,0,0,0,0,0,0,0,"N",3.64,0,0,0,0,0,0,0,"N",1,50.0,0,0,0,0,0,0,0,0,0,0,0,0,0,0
"37139","5","518210","78","0","2019","4","N",2,0,0,0,0,0,0,0,"N",0.76,0,0,0,0,0,0,0,"N",0,0.0,0,0,0,0,0,0,0,0,0,0,0,0,0,0
"37141","5","518210","78","0","2019","4","N",2,0,0,0,0,0,0,0,"N",0.55,0,0,0,0,0,0,0,"N",0,0.0,0,0,0,0,0,0,0,0,0,0,0,0,0,0
"37147","5","518210","78","0","2019","4","N",5,0,0,0,0,0,0,0,"N",0.49,0,0,0,0,0,0,0,"N",1,25.0,0,0,0,0,0,0,0,0,0,0,0,0,0,0
"37149","5","518210","78","0","2019","4","N",1,0,0,0,0,0,0,0,"N",0.65,0,0,0,0,0,0,0,"N",1,100.0,0,0,0,0,0,0,0,0,0,0,0,0,0,0
"37151","5","518210","78","0","2019","4","N",1,0,0,0,0,0,0,0,"N",0.15,0,0,0,0,0,0,0,"N",0,0.0,0,0,0,0,0,0,0,0,0,0,0,0,0,0
"37157","5","518210","78","0","2019","4","N",1,0,0,0,0,0,0,0,"N",0.23,0,0,0,0,0,0,0,"N",0,0.0,0,0,0,0,0,0,0,0,0,0,0,0,0,0
"37161","5","518210","78","0","2019","4","N",1,0,0,0,0,0,0,0,"N",0.29,0,0,0,0,0,0,0,"N",0,0.0,0,0,0,0,0,0,0,0,0,0,0,0,0,0
"37173","5","518210","78","0","2019","4","N",2,0,0,0,0,0,0,0,"N",1.63,0,0,0,0,0,0,0,"N",0,0.0,0,0,0,0,0,0,0,0,0,0,0,0,0,0
"37179","5","518210","78","0","2019","4","",12,19,19,18,672719,60003,672,2772,"",0.77,0.12,0.12,0.11,0.17,0.17,0.28,1.41,"",-2,-14.3,-14,-42.4,-13,-40.6,-13,-41.9,-40401,-5.7,-22635,-27.4,-148,-18.0,1058,61.7
"37181","5","518210","78","0","2019","4","N",2,0,0,0,0,0,0,0,"N",0.89,0,0,0,0,0,0,0,"N",1,100.0,0,0,0,0,0,0,0,0,0,0,0,0,0,0
"37183","5","518210","78","0","2019","4","",170,2344,2319,2289,55541161,5910951,50385,1844,"",1.74,1.72,1.68,1.65,1.20,1.96,2.45,0.71,"",20,13.3,88,3.9,83,3.7,72,3.2,8120301,17.1,574392,10.8,733,1.5,213,13.1
"37187","5","518210","78","0","2019","4","N",1,0,0,0,0,0,0,0,"N",1.56,0,0,0,0,0,0,0,"N",0,0.0,0,0,0,0,0,0,0,0,0,0,0,0,0,0
"37189","5","518210","78","0","2019","4","N",2,0,0,0,0,0,0,0,"N",0.44,0,0,0,0,0,0,0,"N",-1,-33.3,0,0,0,0,0,0,0,0,0,0,0,0,0,0
"37191","5","518210","78","0","2019","4","N",1,0,0,0,0,0,0,0,"N",0.16,0,0,0,0,0,0,0,"N",-1,-50.0,0,0,0,0,0,0,0,0,0,0,0,0,0,0
"37195","5","518210","78","0","2019","4","N",2,0,0,0,0,0,0,0,"N",0.38,0,0,0,0,0,0,0,"N",0,0.0,0,0,0,0,0,0,0,0,0,0,0,0,0,0
"37197","5","518210","78","0","2019","4","N",2,0,0,0,0,0,0,0,"N",1.14,0,0,0,0,0,0,0,"N",0,0.0,0,0,0,0,0,0,0,0,0,0,0,0,0,0
"37199","5","518210","78","0","2019","4","N",1,0,0,0,0,0,0,0,"N",1.01,0,0,0,0,0,0,0,"N",0,0.0,0,0,0,0,0,0,0,0,0,0,0,0,0,0
"37999","5","518210","78","0","2019","4","",246,1745,1754,1801,50246384,4972140,43100,2188,"",4.00,5.30,5.22,5.40,3.18,4.36,3.15,0.60,"",54,28.1,369,26.8,416,31.1,371,25.9,12072565,31.6,1167205,30.7,21199,96.8,62,2.9
"38000","3","518210","58","0","2019","4","N",2,0,0,0,0,0,0,0,"N",6.40,0,0,0,0,0,0,0,"N",-1,-33.3,0,0,0,0,0,0,0,0,0,0,0,0,0,0
"38000","5","518210","58","0","2019","4","",35,508,499,494,7155036,1968361,9223,1100,"",0.41,0.50,0.50,0.49,0.24,0.63,0.27,0.48,"",5,16.7,-29,-5.4,-22,-4.2,-25,-4.8,532295,8.0,228386,13.1,-3127,-25.3,131,13.5
"38011","5","518210","78","0","2019","4","N",1,0,0,0,0,0,0,0,"N",1.99,0,0,0,0,0,0,0,"N",0,0.0,0,0,0,0,0,0,0,0,0,0,0,0,0,0
"38015","5","518210","78","0","2019","4","N",5,0,0,0,0,0,0,0,"N",0.49,0,0,0,0,0,0,0,"N",0,0.0,0,0,0,0,0,0,0,0,0,0,0,0,0,0
"38017","3","518210","78","0","2019","4","N",1,0,0,0,0,0,0,0,"N",13.92,0,0,0,0,0,0,0,"N",0,0.0,0,0,0,0,0,0,0,0,0,0,0,0,0,0
"38017","5","518210","78","0","2019","4","",14,436,429,427,6238373,1567704,4208,1114,"",0.71,1.52,1.50,1.48,0.74,1.79,0.57,0.49,"",1,7.7,-28,-6.0,-19,-4.2,-19,-4.3,216558,3.6,174989,12.6,-4931,-54.0,91,8.9
"38035","5","518210","78","0","2019","4","",7,7,7,6,89885,31615,268,1037,"",1.13,0.07,0.07,0.06,0.04,0.12,0.11,0.50,"",1,16.7,0,0.0,-1,-12.5,-1,-14.3,23254,34.9,-14746,-31.8,-428,-61.5,338,48.4
"38053","5","518210","78","0","2019","4","N",1,0,0,0,0,0,0,0,"N",0.45,0,0,0,0,0,0,0,"N",1,100.0,0,0,0,0,0,0,0,0,0,0,0,0,0,0
"38059","5","518210","78","0","2019","4","N",1,0,0,0,0,0,0,0,"N",0.36,0,0,0,0,0,0,0,"N",0,0.0,0,0,0,0,0,0,0,0,0,0,0,0,0,0
"38061","3","518210","78","0","2019","4","N",1,0,0,0,0,0,0,0,"N",181.94,0,0,0,0,0,0,0,"N",0,0.0,0,0,0,0,0,0,0,0,0,0,0,0,0,0
"38073","5","518210","78","0","2019","4","N",1,0,0,0,0,0,0,0,"N",1.51,0,0,0,0,0,0,0,"N",0,0.0,0,0,0,0,0,0,0,0,0,0,0,0,0,0
"38079","3","518210","78","0","2019","4","-",0,0,0,0,0,0,0,0,"N",0.00,0,0,0,0,0,0,0,"N",-1,-100.0,0,0,0,0,0,0,0,0,0,0,0,0,0,0
"38093","5","518210","78","0","2019","4","N",2,0,0,0,0,0,0,0,"N",0.91,0,0,0,0,0,0,0,"N",1,100.0,0,0,0,0,0,0,0,0,0,0,0,0,0,0
"38097","5","518210","78","0","2019","4","N",1,0,0,0,0,0,0,0,"N",1.01,0,0,0,0,0,0,0,"N",0,0.0,0,0,0,0,0,0,0,0,0,0,0,0,0,0
"38099","5","518210","78","0","2019","4","N",1,0,0,0,0,0,0,0,"N",0.73,0,0,0,0,0,0,0,"N",0,0.0,0,0,0,0,0,0,0,0,0,0,0,0,0,0
"38999","5","518210","78","0","2019","4","N",1,0,0,0,0,0,0,0,"N",0.50,0,0,0,0,0,0,0,"N",1,100.0,0,0,0,0,0,0,0,0,0,0,0,0,0,0
"39000","3","518210","58","0","2019","4","",40,595,599,599,11051430,0,0,1422,"",13.52,5.84,5.89,5.92,6.44,0.00,0.00,1.09,"",0,0.0,10,1.7,15,2.6,13,2.2,443499,4.2,0,0.0,0,0.0,27,1.9
"39000","5","518210","58","0","2019","4","",794,8575,8539,8513,186246301,6372295,160325,1677,"",0.98,0.67,0.66,0.66,0.50,0.59,0.62,0.76,"",131,19.8,620,7.8,523,6.5,429,5.3,10543696,6.0,535870,9.2,-29535,-15.6,-9,-0.5
"39001","5","518210","78","0","2019","4","N",1,0,0,0,0,0,0,0,"N",0.60,0,0,0,0,0,0,0,"N",0,0.0,0,0,0,0,0,0,0,0,0,0,0,0,0,0
"39003","5","518210","78","0","2019","4","N",4,0,0,0,0,0,0,0,"N",0.60,0,0,0,0,0,0,0,"N",0,0.0,0,0,0,0,0,0,0,0,0,0,0,0,0,0
"39005","3","518210","78","0","2019","4","N",1,0,0,0,0,0,0,0,"N",87.18,0,0,0,0,0,0,0,"N",0,0.0,0,0,0,0,0,0,0,0,0,0,0,0,0,0
"39005","5","518210","78","0","2019","4","N",2,0,0,0,0,0,0,0,"N",0.64,0,0,0,0,0,0,0,"N",1,100.0,0,0,0,0,0,0,0,0,0,0,0,0,0,0
"39007","5","518210","78","0","2019","4","N",3,0,0,0,0,0,0,0,"N",0.53,0,0,0,0,0,0,0,"N",1,50.0,0,0,0,0,0,0,0,0,0,0,0,0,0,0
"39009","5","518210","78","0","2019","4","N",3,0,0,0,0,0,0,0,"N",0.90,0,0,0,0,0,0,0,"N",-1,-25.0,0,0,0,0,0,0,0,0,0,0,0,0,0,0
"39017","3","518210","78","0","2019","4","N",2,0,0,0,0,0,0,0,"N",25.28,0,0,0,0,0,0,0,"N",0,0.0,0,0,0,0,0,0,0,0,0,0,0,0,0,0
"39017","5","518210","78","0","2019","4","",16,48,46,47,1246271,26428,1026,2040,"",0.74,0.13,0.12,0.12,0.12,0.07,0.13,0.98,"",0,0.0,2,4.3,1,2.2,2,4.4,52895,4.4,14311,118.1,542,112.0,15,0.7
"39019","5","518210","78","0","2019","4","N",1,0,0,0,0,0,0,0,"N",0.69,0,0,0,0,0,0,0,"N",1,100.0,0,0,0,0,0,0,0,0,0,0,0,0,0,0
"39023","5","518210","78","0","2019","4","",4,4,4,5,61075,9500,257,1084,"",0.60,0.04,0.04,0.04,0.02,0.10,0.16,0.62,"",1,33.3,1,33.3,1,33.3,2,66.7,32793,116.0,8000,533.3,216,526.8,359,49.5
"39025","5","518210","78","0","2019","4","",11,45,47,52,857875,48674,1651,1375,"",0.99,0.32,0.33,0.37,0.24,0.39,0.57,0.70,"",0,0.0,10,28.6,10,27.0,16,44.4,276969,47.7,-37718,-43.7,-550,-25.0,134,10.8
"39027","5","518210","78","0","2019","4","N",8,0,0,0,0,0,0,0,"N",3.41,0,0,0,0,0,0,0,"N",5,166.7,0,0,0,0,0,0,0,0,0,0,0,0,0,0
"39029","5","518210","78","0","2019","4","N",2,0,0,0,0,0,0,0,"N",0.35,0,0,0,0,0,0,0,"N",0,0.0,0,0,0,0,0,0,0,0,0,0,0,0,0,0
"39033","5","518210","78","0","2019","4","N",1,0,0,0,0,0,0,0,"N",0.41,0,0,0,0,0,0,0,"N",-1,-50.0,0,0,0,0,0,0,0,0,0,0,0,0,0,0
"39035","3","518210","78","0","2019","4","",7,224,224,221,4019716,0,0,1387,"",19.66,16.34,16.37,16.22,15.09,0.00,0.00,0.93,"",0,0.0,-2,-0.9,-1,-0.4,-5,-2.2,97151,2.5,0,0.0,0,0.0,50,3.7
"39035","5","518210","78","0","2019","4","",108,1437,1445,1432,27296823,1227220,26418,1460,"",1.11,0.83,0.83,0.82,0.47,0.89,0.77,0.57,"",20,22.7,9,0.6,21,1.5,21,1.5,-224610,-0.8,416367,51.3,6673,33.8,-30,-2.0
"39037","5","518210","78","0","2019","4","N",2,0,0,0,0,0,0,0,"N",0.61,0,0,0,0,0,0,0,"N",1,100.0,0,0,0,0,0,0,0,0,0,0,0,0,0,0
"39039","5","518210","78","0","2019","4","N",2,0,0,0,0,0,0,0,"N",0.87,0,0,0,0,0,0,0,"N",0,0.0,0,0,0,0,0,0,0,0,0,0,0,0,0,0
"39041","5","518210","78","0","2019","4","",28,106,112,111,4025893,95355,1905,2824,"",1.85,0.50,0.53,0.52,0.62,0.50,0.46,1.20,"",9,47.4,8,8.2,17,17.9,15,15.6,1127981,38.9,37567,65.0,1069,127.9,510,22.0
"39043","3","518210","78","0","2019","4","N",1,0,0,0,0,0,0,0,"N",51.69,0,0,0,0,0,0,0,"N",0,0.0,0,0,0,0,0,0,0,0,0,0,0,0,0,0
"39043","5","518210","78","0","2019","4","N",1,0,0,0,0,0,0,0,"N",0.19,0,0,0,0,0,0,0,"N",-2,-66.7,0,0,0,0,0,0,0,0,0,0,0,0,0,0
"39045","3","518210","78","0","2019","4","N",2,0,0,0,0,0,0,0,"N",66.72,0,0,0,0,0,0,0,"N",0,0.0,0,0,0,0,0,0,0,0,0,0,0,0,0,0
"39045","5","518210","78","0","2019","4","N",5,0,0,0,0,0,0,0,"N",0.61,0,0,0,0,0,0,0,"N",1,25.0,0,0,0,0,0,0,0,0,0,0,0,0,0,0
"39047","5","518210","78","0","2019","4","N",1,0,0,0,0,0,0,0,"N",0.59,0,0,0,0,0,0,0,"N",0,0.0,0,0,0,0,0,0,0,0,0,0,0,0,0,0
"39049","3","518210","78","0","2019","4","",6,49,50,50,1000308,0,0,1549,"",18.00,3.41,3.45,3.46,3.79,0.00,0.00,1.10,"",0,0.0,0,0.0,1,2.0,1,2.0,16919,1.7,0,0.0,0,0.0,5,0.3
"39049","5","518210","78","0","2019","4","",127,2712,2653,2680,61149678,1464782,31542,1754,"",1.40,1.49,1.44,1.45,1.07,0.91,0.88,0.73,"",16,14.4,69,2.6,-28,-1.0,-53,-1.9,7765599,14.5,-178180,-10.8,-9407,-23.0,225,14.7
"39055","5","518210","78","0","2019","4","N",3,0,0,0,0,0,0,0,"N",0.38,0,0,0,0,0,0,0,"N",-1,-25.0,0,0,0,0,0,0,0,0,0,0,0,0,0,0
"39057","3","518210","78","0","2019","4","N",2,0,0,0,0,0,0,0,"N",54.45,0,0,0,0,0,0,0,"N",0,0.0,0,0,0,0,0,0,0,0,0,0,0,0,0,0
"39057","5","518210","78","0","2019","4","",14,334,333,327,6300794,208882,9443,1463,"",1.40,1.84,1.82,1.77,1.07,1.61,3.26,0.59,"",5,55.6,-32,-8.7,-34,-9.3,-39,-10.7,-798820,-11.3,-322183,-60.7,-21329,-69.3,-28,-1.9
"39059","5","518210","78","0","2019","4","N",1,0,0,0,0,0,0,0,"N",0.39,0,0,0,0,0,0,0,"N",0,0.0,0,0,0,0,0,0,0,0,0,0,0,0,0,0
"39061","3","518210","78","0","2019","4","N",1,0,0,0,0,0,0,0,"N",4.17,0,0,0,0,0,0,0,"N",0,0.0,0,0,0,0,0,0,0,0,0,0,0,0,0,0
"39061","5","518210","78","0","2019","4","",70,771,775,776,18225831,587583,20575,1811,"",1.07,0.63,0.63,0.62,0.43,0.59,0.85,0.69,"",15,27.3,99,14.7,90,13.1,80,11.5,2419786,15.3,1299,0.2,1117,5.7,34,1.9
"39063","5","518210","78","0","2019","4","N",1,0,0,0,0,0,0,0,"N",0.21,0,0,0,0,0,0,0,"N",0,0.0,0,0,0,0,0,0,0,0,0,0,0,0,0,0
"39067","5","518210","78","0","2019","4","N",1,0,0,0,0,0,0,0,"N",1.05,0,0,0,0,0,0,0,"N",0,0.0,0,0,0,0,0,0,0,0,0,0,0,0,0,0
"39069","3","518210","78","0","2019","4","N",1,0,0,0,0,0,0,0,"N",153.38,0,0,0,0,0,0,0,"N",0,0.0,0,0,0,0,0,0,0,0,0,0,0,0,0,0
"39073","5","518210","78","0","2019","4","N",1,0,0,0,0,0,0,0,"N",0.68,0,0,0,0,0,0,0,"N",0,0.0,0,0,0,0,0,0,0,0,0,0,0,0,0,0
"39077","5","518210","78","0","2019","4","N",1,0,0,0,0,0,0,0,"N",0.29,0,0,0,0,0,0,0,"N",0,0.0,0,0,0,0,0,0,0,0,0,0,0,0,0,0
"39083","3","518210","78","0","2019","4","N",1,0,0,0,0,0,0,0,"N",84.59,0,0,0,0,0,0,0,"N",0,0.0,0,0,0,0,0,0,0,0,0,0,0,0,0,0
"39083","5","518210","78","0","2019","4","N",2,0,0,0,0,0,0,0,"N",0.62,0,0,0,0,0,0,0,"N",0,0.0,0,0,0,0,0,0,0,0,0,0,0,0,0,0
"39085","5","518210","78","0","2019","4","",12,22,24,24,520704,28974,1573,1717,"",0.71,0.10,0.10,0.10,0.09,0.15,0.32,0.86,"",2,20.0,-2,-8.3,0,0.0,1,4.3,167675,47.5,-3689,-11.3,691,78.3,570,49.7
"39087","5","518210","78","0","2019","4","N",2,0,0,0,0,0,0,0,"N",0.78,0,0,0,0,0,0,0,"N",1,100.0,0,0,0,0,0,0,0,0,0,0,0,0,0,0
"39089","5","518210","78","0","2019","4","",6,13,16,12,252178,14619,515,1419,"",0.64,0.08,0.10,0.07,0.07,0.07,0.11,0.79,"",1,20.0,4,44.4,7,77.8,4,50.0,120768,91.9,12354,545.4,454,744.3,253,21.7
"39093","5","518210","78","0","2019","4","",17,15,16,15,397026,1500,41,1992,"",1.02,0.06,0.07,0.06,0.07,0.01,0.01,1.05,"",5,41.7,-12,-44.4,-10,-38.5,-10,-40.0,-145344,-26.8,-22499,-93.7,-593,-93.5,387,24.1
"39095","5","518210","78","0","2019","4","",17,232,240,247,2129616,436139,6110,684,"",0.63,0.47,0.48,0.49,0.15,1.06,0.51,0.32,"",3,21.4,181,354.9,190,380.0,199,414.6,1026152,93.0,422500,3097.7,5940,3494.1,-1025,-60.0
"39097","5","518210","78","0","2019","4","N",2,0,0,0,0,0,0,0,"N",0.86,0,0,0,0,0,0,0,"N",0,0.0,0,0,0,0,0,0,0,0,0,0,0,0,0,0
"39099","3","518210","78","0","2019","4","N",1,0,0,0,0,0,0,0,"N",17.33,0,0,0,0,0,0,0,"N",0,0.0,0,0,0,0,0,0,0,0,0,0,0,0,0,0
"39099","5","518210","78","0","2019","4","",10,192,192,194,3669754,88307,2025,1465,"",0.64,0.83,0.83,0.83,0.70,0.47,0.46,0.84,"",3,42.9,25,15.0,30,18.5,27,16.2,537858,17.2,-13194,-13.0,-672,-24.9,8,0.5
"39103","3","518210","78","0","2019","4","N",2,0,0,0,0,0,0,0,"N",44.29,0,0,0,0,0,0,0,"N",0,0.0,0,0,0,0,0,0,0,0,0,0,0,0,0,0
"39103","5","518210","78","0","2019","4","",15,39,37,37,780599,26144,735,1594,"",1.22,0.27,0.26,0.25,0.21,0.21,0.27,0.82,"",4,36.4,17,77.3,15,68.2,14,60.9,231959,42.3,-22500,-46.3,-634,-46.3,-296,-15.7
"39109","5","518210","78","0","2019","4","",3,4,4,4,121175,0,0,2330,"",0.48,0.04,0.04,0.04,0.05,0.00,0.00,1.20,"N",2,200.0,0,0,0,0,0,0,0,0,0,0,0,0,0,0
"39111","5","518210","78","0","2019","4","N",1,0,0,0,0,0,0,0,"N",1.00,0,0,0,0,0,0,0,"N",0,0.0,0,0,0,0,0,0,0,0,0,0,0,0,0,0
"39113","3","518210","78","0","2019","4","N",2,0,0,0,0,0,0,0,"N",16.86,0,0,0,0,0,0,0,"N",0,0.0,0,0,0,0,0,0,0,0,0,0,0,0,0,0
"39113","5","518210","78","0","2019","4","",23,69,68,69,1521907,63004,1960,1705,"",0.71,0.11,0.11,0.11,0.09,0.13,0.18,0.81,"",4,21.1,3,4.5,2,3.0,3,4.5,134713,9.7,-3452,-5.2,-691,-26.1,88,5.4
"39119","3","518210","78","0","2019","4","N",1,0,0,0,0,0,0,0,"N",54.44,0,0,0,0,0,0,0,"N",0,0.0,0,0,0,0,0,0,0,0,0,0,0,0,0,0
"39129","5","518210","78","0","2019","4","N",2,0,0,0,0,0,0,0,"N",0.78,0,0,0,0,0,0,0,"N",1,100.0,0,0,0,0,0,0,0,0,0,0,0,0,0,0
"39131","5","518210","78","0","2019","4","N",1,0,0,0,0,0,0,0,"N",0.69,0,0,0,0,0,0,0,"N",1,100.0,0,0,0,0,0,0,0,0,0,0,0,0,0,0
"39133","5","518210","78","0","2019","4","N",9,0,0,0,0,0,0,0,"N",1.00,0,0,0,0,0,0,0,"N",1,12.5,0,0,0,0,0,0,0,0,0,0,0,0,0,0
"39137","5","518210","78","0","2019","4","N",1,0,0,0,0,0,0,0,"N",0.46,0,0,0,0,0,0,0,"N",0,0.0,0,0,0,0,0,0,0,0,0,0,0,0,0,0
"39139","3","518210","78","0","2019","4","N",1,0,0,0,0,0,0,0,"N",36.84,0,0,0,0,0,0,0,"N",0,0.0,0,0,0,0,0,0,0,0,0,0,0,0,0,0
"39139","5","518210","78","0","2019","4","N",3,0,0,0,0,0,0,0,"N",0.41,0,0,0,0,0,0,0,"N",1,50.0,0,0,0,0,0,0,0,0,0,0,0,0,0,0
"39141","5","518210","78","0","2019","4","N",1,0,0,0,0,0,0,0,"N",0.26,0,0,0,0,0,0,0,"N",0,0.0,0,0,0,0,0,0,0,0,0,0,0,0,0,0
"39143","5","518210","78","0","2019","4","N",2,0,0,0,0,0,0,0,"N",0.53,0,0,0,0,0,0,0,"N",1,100.0,0,0,0,0,0,0,0,0,0,0,0,0,0,0
"39145","5","518210","78","0","2019","4","N",2,0,0,0,0,0,0,0,"N",0.52,0,0,0,0,0,0,0,"N",1,100.0,0,0,0,0,0,0,0,0,0,0,0,0,0,0
"39149","3","518210","78","0","2019","4","N",1,0,0,0,0,0,0,0,"N",99.05,0,0,0,0,0,0,0,"N",0,0.0,0,0,0,0,0,0,0,0,0,0,0,0,0,0
"39151","3","518210","78","0","2019","4","N",2,0,0,0,0,0,0,0,"N",23.46,0,0,0,0,0,0,0,"N",0,0.0,0,0,0,0,0,0,0,0,0,0,0,0,0,0
"39151","5","518210","78","0","2019","4","",10,36,37,35,919403,26114,497,1965,"",0.43,0.10,0.10,0.09,0.10,0.08,0.07,1.06,"",2,25.0,0,0.0,1,2.8,-1,-2.8,85579,10.3,5228,25.0,180,56.8,183,10.3
"39153","3","518210","78","0","2019","4","",4,76,80,83,1217243,0,0,1175,"",28.11,15.23,15.96,16.62,14.81,0.00,0.00,0.93,"",0,0.0,6,8.6,9,12.7,10,13.7,99776,8.9,0,0.0,0,0.0,-30,-2.5
"39153","5","518210","78","0","2019","4","",37,519,521,506,10162155,320009,8372,1517,"",0.95,0.82,0.82,0.79,0.57,0.63,0.67,0.71,"",-3,-7.5,-82,-13.6,-72,-12.1,-90,-15.1,-633579,-5.9,14647,4.8,-2257,-21.2,125,9.0
"39155","3","518210","78","0","2019","4","N",1,0,0,0,0,0,0,0,"N",24.04,0,0,0,0,0,0,0,"N",0,0.0,0,0,0,0,0,0,0,0,0,0,0,0,0,0
"39155","5","518210","78","0","2019","4","N",2,0,0,0,0,0,0,0,"N",0.18,0,0,0,0,0,0,0,"N",0,0.0,0,0,0,0,0,0,0,0,0,0,0,0,0,0
"39157","3","518210","78","0","2019","4","N",1,0,0,0,0,0,0,0,"N",44.21,0,0,0,0,0,0,0,"N",0,0.0,0,0,0,0,0,0,0,0,0,0,0,0,0,0
"39159","5","518210","78","0","2019","4","N",3,0,0,0,0,0,0,0,"N",0.84,0,0,0,0,0,0,0,"N",-1,-25.0,0,0,0,0,0,0,0,0,0,0,0,0,0,0
"39165","5","518210","78","0","2019","4","",21,34,32,32,845726,20623,305,1992,"",1.49,0.15,0.14,0.14,0.13,0.10,0.06,0.90,"N",5,31.2,0,0,0,0,0,0,0,0,0,0,0,0,0,0
"39167","5","518210","78","0","2019","4","N",3,0,0,0,0,0,0,0,"N",0.70,0,0,0,0,0,0,0,"N",1,50.0,0,0,0,0,0,0,0,0,0,0,0,0,0,0
"39171","5","518210","78","0","2019","4","N",1,0,0,0,0,0,0,0,"N",0.42,0,0,0,0,0,0,0,"N",-1,-50.0,0,0,0,0,0,0,0,0,0,0,0,0,0,0
"39173","5","518210","78","0","2019","4","",7,7,8,7,95449,8265,208,1001,"",0.85,0.04,0.05,0.04,0.02,0.05,0.05,0.51,"",1,16.7,1,16.7,2,33.3,1,16.7,-19552,-17.0,-10864,-56.8,-323,-60.8,-473,-32.1
"39999","5","518210","78","0","2019","4","",157,1102,1100,1068,34259307,873319,30320,2418,"",3.22,3.81,3.79,3.71,2.65,2.23,1.99,0.70,"",26,19.8,193,21.2,203,22.6,187,21.2,-2379773,-6.5,-9043,-1.0,-12830,-29.7,-729,-23.2
"40000","3","518210","58","0","2019","4","N",1,0,0,0,0,0,0,0,"N",0.91,0,0,0,0,0,0,0,"N",0,0.0,0,0,0,0,0,0,0,0,0,0,0,0,0,0
"40000","5","518210","58","0","2019","4","",195,1418,1422,1431,24130365,1567724,18443,1304,"",0.65,0.37,0.37,0.37,0.24,0.24,0.29,0.65,"",25,14.7,294,26.2,293,26.0,170,13.5,4017316,20.0,-65579,-4.0,-82,-0.4,-17,-1.3
"40001","5","518210","78","0","2019","4","N",1,0,0,0,0,0,0,0,"N",1.28,0,0,0,0,0,0,0,"N",0,0.0,0,0,0,0,0,0,0,0,0,0,0,0,0,0
"40009","5","518210","78","0","2019","4","N",1,0,0,0,0,0,0,0,"N",0.46,0,0,0,0,0,0,0,"N",1,100.0,0,0,0,0,0,0,0,0,0,0,0,0,0,0
"40013","5","518210","78","0","2019","4","N",1,0,0,0,0,0,0,0,"N",0.38,0,0,0,0,0,0,0,"N",0,0.0,0,0,0,0,0,0,0,0,0,0,0,0,0,0
"40015","5","518210","78","0","2019","4","N",1,0,0,0,0,0,0,0,"N",0.60,0,0,0,0,0,0,0,"N",0,0.0,0,0,0,0,0,0,0,0,0,0,0,0,0,0
"40017","5","518210","78","0","2019","4","N",4,0,0,0,0,0,0,0,"N",0.46,0,0,0,0,0,0,0,"N",1,33.3,0,0,0,0,0,0,0,0,0,0,0,0,0,0
"40023","5","518210","78","0","2019","4","N",1,0,0,0,0,0,0,0,"N",1.03,0,0,0,0,0,0,0,"N",-1,-50.0,0,0,0,0,0,0,0,0,0,0,0,0,0,0
"40027","5","518210","78","0","2019","4","",9,9,9,11,164865,29655,69,1312,"",0.56,0.04,0.04,0.05,0.03,0.07,0.03,0.75,"N",0,0.0,0,0,0,0,0,0,0,0,0,0,0,0,0,0
"40031","5","518210","78","0","2019","4","",6,487,491,483,6389075,322102,4322,1009,"",0.92,4.94,4.93,4.83,2.96,2.26,2.93,0.61,"N",3,100.0,0,0,0,0,0,0,0,0,0,0,0,0,0,0
"40037","5","518210","78","0","2019","4","N",1,0,0,0,0,0,0,0,"N",0.25,0,0,0,0,0,0,0,"N",0,0.0,0,0,0,0,0,0,0,0,0,0,0,0,0,0
"40047","5","518210","78","0","2019","4","N",1,0,0,0,0,0,0,0,"N",0.22,0,0,0,0,0,0,0,"N",0,0.0,0,0,0,0,0,0,0,0,0,0,0,0,0,0
"40049","5","518210","78","0","2019","4","N",1,0,0,0,0,0,0,0,"N",0.47,0,0,0,0,0,0,0,"N",0,0.0,0,0,0,0,0,0,0,0,0,0,0,0,0,0
"40051","5","518210","78","0","2019","4","N",1,0,0,0,0,0,0,0,"N",0.31,0,0,0,0,0,0,0,"N",0,0.0,0,0,0,0,0,0,0,0,0,0,0,0,0,0
"40071","5","518210","78","0","2019","4","N",1,0,0,0,0,0,0,0,"N",0.31,0,0,0,0,0,0,0,"N",1,100.0,0,0,0,0,0,0,0,0,0,0,0,0,0,0
"40073","5","518210","78","0","2019","4","N",1,0,0,0,0,0,0,0,"N",0.63,0,0,0,0,0,0,0,"N",0,0.0,0,0,0,0,0,0,0,0,0,0,0,0,0,0
"40087","5","518210","78","0","2019","4","N",1,0,0,0,0,0,0,0,"N",0.34,0,0,0,0,0,0,0,"N",0,0.0,0,0,0,0,0,0,0,0,0,0,0,0,0,0
"40097","5","518210","78","0","2019","4","N",2,0,0,0,0,0,0,0,"N",0.82,0,0,0,0,0,0,0,"N",0,0.0,0,0,0,0,0,0,0,0,0,0,0,0,0,0
"40101","5","518210","78","0","2019","4","N",2,0,0,0,0,0,0,0,"N",0.49,0,0,0,0,0,0,0,"N",1,100.0,0,0,0,0,0,0,0,0,0,0,0,0,0,0
"40105","5","518210","78","0","2019","4","N",1,0,0,0,0,0,0,0,"N",2.03,0,0,0,0,0,0,0,"N",0,0.0,0,0,0,0,0,0,0,0,0,0,0,0,0,0
"40109","3","518210","78","0","2019","4","N",1,0,0,0,0,0,0,0,"N",3.56,0,0,0,0,0,0,0,"N",0,0.0,0,0,0,0,0,0,0,0,0,0,0,0,0,0
"40109","5","518210","78","0","2019","4","",79,391,394,403,7476197,494737,6817,1452,"",1.03,0.36,0.36,0.36,0.23,0.28,0.40,0.64,"",10,14.5,13,3.4,18,4.8,19,4.9,353040,5.0,-94135,-16.0,-1020,-13.0,8,0.6
"40113","5","518210","78","0","2019","4","N",1,0,0,0,0,0,0,0,"N",0.67,0,0,0,0,0,0,0,"N",1,100.0,0,0,0,0,0,0,0,0,0,0,0,0,0,0
"40119","5","518210","78","0","2019","4","N",2,0,0,0,0,0,0,0,"N",0.36,0,0,0,0,0,0,0,"N",0,0.0,0,0,0,0,0,0,0,0,0,0,0,0,0,0
"40123","5","518210","78","0","2019","4","N",2,0,0,0,0,0,0,0,"N",0.65,0,0,0,0,0,0,0,"N",1,100.0,0,0,0,0,0,0,0,0,0,0,0,0,0,0
"40125","5","518210","78","0","2019","4","N",2,0,0,0,0,0,0,0,"N",0.52,0,0,0,0,0,0,0,"N",0,0.0,0,0,0,0,0,0,0,0,0,0,0,0,0,0
"40127","5","518210","78","0","2019","4","N",1,0,0,0,0,0,0,0,"N",1.44,0,0,0,0,0,0,0,"N",1,100.0,0,0,0,0,0,0,0,0,0,0,0,0,0,0
"40131","5","518210","78","0","2019","4","N",5,0,0,0,0,0,0,0,"N",0.96,0,0,0,0,0,0,0,"N",1,25.0,0,0,0,0,0,0,0,0,0,0,0,0,0,0
"40133","5","518210","78","0","2019","4","N",1,0,0,0,0,0,0,0,"N",0.72,0,0,0,0,0,0,0,"N",0,0.0,0,0,0,0,0,0,0,0,0,0,0,0,0,0
"40137","5","518210","78","0","2019","4","N",1,0,0,0,0,0,0,0,"N",0.32,0,0,0,0,0,0,0,"N",1,100.0,0,0,0,0,0,0,0,0,0,0,0,0,0,0
"40141","5","518210","78","0","2019","4","N",3,0,0,0,0,0,0,0,"N",6.10,0,0,0,0,0,0,0,"N",1,50.0,0,0,0,0,0,0,0,0,0,0,0,0,0,0
"40143","5","518210","78","0","2019","4","",41,231,231,229,5601959,254189,3070,1871,"",0.67,0.27,0.27,0.26,0.23,0.17,0.20,0.87,"",1,2.5,-23,-9.1,-27,-10.5,-27,-10.5,-553548,-9.0,38607,17.9,1172,61.7,21,1.1
"40145","5","518210","78","0","2019","4","N",1,0,0,0,0,0,0,0,"N",0.48,0,0,0,0,0,0,0,"N",0,0.0,0,0,0,0,0,0,0,0,0,0,0,0,0,0
"40151","5","518210","78","0","2019","4","N",1,0,0,0,0,0,0,0,"N",1.15,0,0,0,0,0,0,0,"N",0,0.0,0,0,0,0,0,0,0,0,0,0,0,0,0,0
"40999","5","518210","78","0","2019","4","",19,135,132,136,2159979,162667,1811,1237,"",1.80,2.74,2.57,2.69,1.18,1.26,0.77,0.44,"",2,11.8,17,14.4,12,10.0,26,23.6,-33251,-1.5,32972,25.4,555,44.2,-217,-14.9
"41000","3","518210","58","0","2019","4","",6,140,138,133,2980500,0,0,1673,"",3.84,3.80,3.77,3.65,4.54,0.00,0.00,1.21,"N",0,0.0,0,0,0,0,0,0,0,0,0,0,0,0,0,0
"41000","5","518210","58","0","2019","4","",392,5737,5789,5759,175776251,22622328,451857,2347,"",0.92,1.23,1.24,1.23,1.24,1.23,1.16,1.00,"",72,22.5,484,9.2,512,9.7,464,8.8,1087231,0.6,1596824,7.6,52700,13.2,-200,-7.9
"41003","5","518210","78","0","2019","4","N",9,0,0,0,0,0,0,0,"N",1.18,0,0,0,0,0,0,0,"N",1,12.5,0,0,0,0,0,0,0,0,0,0,0,0,0,0
"41005","5","518210","78","0","2019","4","",32,455,461,464,11175439,2140503,48457,1869,"",0.77,1.13,1.13,1.14,0.90,1.24,1.37,0.79,"",4,14.3,54,13.5,67,17.0,60,14.9,544960,5.1,541561,33.9,15808,48.4,-177,-8.7
"41007","5","518210","78","0","2019","4","N",2,0,0,0,0,0,0,0,"N",0.43,0,0,0,0,0,0,0,"N",1,100.0,0,0,0,0,0,0,0,0,0,0,0,0,0,0
"41013","5","518210","78","0","2019","4","N",3,0,0,0,0,0,0,0,"N",1.55,0,0,0,0,0,0,0,"N",0,0.0,0,0,0,0,0,0,0,0,0,0,0,0,0,0
"41017","3","518210","78","0","2019","4","N",1,0,0,0,0,0,0,0,"N",11.03,0,0,0,0,0,0,0,"N",0,0.0,0,0,0,0,0,0,0,0,0,0,0,0,0,0
"41017","5","518210","78","0","2019","4","",22,36,36,34,730620,180353,3353,1591,"",0.89,0.18,0.18,0.17,0.13,0.20,0.17,0.77,"",3,15.8,7,24.1,6,20.0,3,9.7,80112,12.3,58843,48.4,908,37.1,-77,-4.6
"41019","5","518210","78","0","2019","4","N",1,0,0,0,0,0,0,0,"N",0.11,0,0,0,0,0,0,0,"N",1,100.0,0,0,0,0,0,0,0,0,0,0,0,0,0,0
"41027","5","518210","78","0","2019","4","N",3,0,0,0,0,0,0,0,"N",0.81,0,0,0,0,0,0,0,"N",1,50.0,0,0,0,0,0,0,0,0,0,0,0,0,0,0
"41029","5","518210","78","0","2019","4","",15,23,23,23,829407,122379,2752,2774,"",0.72,0.10,0.11,0.11,0.15,0.13,0.13,1.45,"",4,36.4,9,64.3,8,53.3,7,43.8,338410,68.9,-7713,-5.9,-870,-24.0,256,10.2
"41033","5","518210","78","0","2019","4","N",6,0,0,0,0,0,0,0,"N",0.85,0,0,0,0,0,0,0,"N",3,100.0,0,0,0,0,0,0,0,0,0,0,0,0,0,0
"41039","5","518210","78","0","2019","4","N",19,0,0,0,0,0,0,0,"N",0.56,0,0,0,0,0,0,0,"N",2,11.8,0,0,0,0,0,0,0,0,0,0,0,0,0,0
"41043","5","518210","78","0","2019","4","N",1,0,0,0,0,0,0,0,"N",0.10,0,0,0,0,0,0,0,"N",0,0.0,0,0,0,0,0,0,0,0,0,0,0,0,0,0
"41047","3","518210","78","0","2019","4","N",5,0,0,0,0,0,0,0,"N",44.46,0,0,0,0,0,0,0,"N",0,0.0,0,0,0,0,0,0,0,0,0,0,0,0,0,0
"41047","5","518210","78","0","2019","4","",12,80,80,67,1377126,333278,9480,1400,"",0.39,0.21,0.21,0.18,0.13,0.24,0.33,0.67,"",-1,-7.7,-25,-23.8,-25,-23.8,-40,-37.4,-759344,-35.5,31380,10.4,1997,26.7,-155,-10.0
"41049","5","518210","78","0","2019","4","N",10,0,0,0,0,0,0,0,"N",10.04,0,0,0,0,0,0,0,"N",9,900.0,0,0,0,0,0,0,0,0,0,0,0,0,0,0
"41051","5","518210","78","0","2019","4","",132,2097,2116,2111,64773178,7959003,173727,2364,"",1.35,1.70,1.70,1.68,1.50,1.68,1.73,0.89,"",20,17.9,97,4.8,109,5.4,104,5.2,-15297629,-19.1,264216,3.4,39790,29.7,-708,-23.0
"41053","5","518210","78","0","2019","4","N",2,0,0,0,0,0,0,0,"N",0.36,0,0,0,0,0,0,0,"N",0,0.0,0,0,0,0,0,0,0,0,0,0,0,0,0,0
"41059","5","518210","78","0","2019","4","N",7,0,0,0,0,0,0,0,"N",1.13,0,0,0,0,0,0,0,"N",6,600.0,0,0,0,0,0,0,0,0,0,0,0,0,0,0
"41061","5","518210","78","0","2019","4","N",1,0,0,0,0,0,0,0,"N",0.37,0,0,0,0,0,0,0,"N",0,0.0,0,0,0,0,0,0,0,0,0,0,0,0,0,0
"41065","5","518210","78","0","2019","4","N",7,0,0,0,0,0,0,0,"N",2.45,0,0,0,0,0,0,0,"N",2,40.0,0,0,0,0,0,0,0,0,0,0,0,0,0,0
"41067","5","518210","78","0","2019","4","",66,1585,1586,1593,45426528,6955227,127865,2200,"",1.21,2.21,2.20,2.20,1.62,2.46,2.16,0.73,"",10,17.9,178,12.7,177,12.6,173,12.2,5207496,12.9,1078115,18.3,10263,8.7,9,0.4
"41071","5","518210","78","0","2019","4","N",3,0,0,0,0,0,0,0,"N",0.34,0,0,0,0,0,0,0,"N",1,50.0,0,0,0,0,0,0,0,0,0,0,0,0,0,0
"41999","5","518210","78","0","2019","4","",39,359,357,353,11420388,581775,11386,2465,"",2.67,5.97,5.78,5.79,4.36,1.62,1.26,0.75,"",6,18.2,66,22.5,59,19.8,58,19.7,4262602,59.6,-31710,-5.2,-878,-7.2,601,32.2
"42000","1","518210","58","0","2019","4","",1,1191,1256,1252,19101408,0,0,1192,"",28.74,25.01,25.05,25.04,25.96,0.00,0.00,1.04,"",0,0.0,46,4.0,118,10.4,87,7.5,248003,1.3,0,0.0,0,0.0,-70,-5.5
"42000","2","518210","58","0","2019","4","N",1,0,0,0,0,0,0,0,"N",1.69,0,0,0,0,0,0,0,"N",0,0.0,0,0,0,0,0,0,0,0,0,0,0,0,0,0
"42000","3","518210","58","0","2019","4","N",1,0,0,0,0,0,0,0,"N",0.28,0,0,0,0,0,0,0,"N",0,0.0,0,0,0,0,0,0,0,0,0,0,0,0,0,0
"42000","5","518210","58","0","2019","4","",947,10110,10131,10148,272108146,9921607,520752,2066,"",0.99,0.72,0.72,0.72,0.61,0.84,0.84,0.85,"",163,20.8,573,6.0,572,6.0,577,6.0,59376852,27.9,2261008,29.5,124278,31.3,354,20.7
"42001","5","518210","78","0","2019","4","N",1,0,0,0,0,0,0,0,"N",0.17,0,0,0,0,0,0,0,"N",1,100.0,0,0,0,0,0,0,0,0,0,0,0,0,0,0
"42003","5","518210","78","0","2019","4","",84,1020,1030,1034,54704369,1168480,69281,4093,"",0.89,0.61,0.62,0.62,0.94,0.90,0.98,1.53,"",4,5.0,-49,-4.6,-42,-3.9,-57,-5.2,33638408,159.7,263538,29.1,23229,50.4,2589,172.1
"42005","5","518210","78","0","2019","4","N",6,0,0,0,0,0,0,0,"N",1.52,0,0,0,0,0,0,0,"N",2,50.0,0,0,0,0,0,0,0,0,0,0,0,0,0,0
"42007","5","518210","78","0","2019","4","N",3,0,0,0,0,0,0,0,"N",0.31,0,0,0,0,0,0,0,"N",3,100.0,0,0,0,0,0,0,0,0,0,0,0,0,0,0
"42009","5","518210","78","0","2019","4","N",2,0,0,0,0,0,0,0,"N",0.63,0,0,0,0,0,0,0,"N",1,100.0,0,0,0,0,0,0,0,0,0,0,0,0,0,0
"42011","5","518210","78","0","2019","4","",7,126,127,114,1958424,243257,7031,1231,"",0.29,0.30,0.30,0.27,0.17,0.70,0.40,0.57,"",3,75.0,88,231.6,89,234.2,76,200.0,1405391,254.1,220433,965.8,6485,1187.7,111,9.9
"42013","5","518210","78","0","2019","4","N",1,0,0,0,0,0,0,0,"N",0.11,0,0,0,0,0,0,0,"N",0,0.0,0,0,0,0,0,0,0,0,0,0,0,0,0,0
"42017","5","518210","78","0","2019","4","",44,854,864,862,15274485,733357,42010,1366,"",0.82,1.34,1.35,1.34,0.80,1.27,1.41,0.60,"",-3,-6.4,35,4.3,40,4.9,44,5.4,-166529,-1.1,85916,13.3,4422,11.8,-82,-5.7
"42019","5","518210","78","0","2019","4","N",9,0,0,0,0,0,0,0,"N",0.66,0,0,0,0,0,0,0,"N",4,80.0,0,0,0,0,0,0,0,0,0,0,0,0,0,0
"42021","5","518210","78","0","2019","4","N",3,0,0,0,0,0,0,0,"N",0.33,0,0,0,0,0,0,0,"N",0,0.0,0,0,0,0,0,0,0,0,0,0,0,0,0,0
"42025","5","518210","78","0","2019","4","N",1,0,0,0,0,0,0,0,"N",0.30,0,0,0,0,0,0,0,"N",1,100.0,0,0,0,0,0,0,0,0,0,0,0,0,0,0
"42027","5","518210","78","0","2019","4","",7,63,63,62,1288243,10638,637,1581,"",0.73,0.39,0.39,0.38,0.28,0.10,0.13,0.72,"",1,16.7,-6,-8.7,-2,-3.1,-4,-6.1,-13187,-1.0,-7259,-40.6,-483,-43.1,79,5.3
"42029","5","518210","78","0","2019","4","",46,612,620,626,12302552,562779,32266,1528,"",1.10,1.02,1.03,1.03,0.52,1.15,1.31,0.51,"",8,21.1,-121,-16.5,-119,-16.1,-107,-14.6,-9097801,-42.5,215540,62.1,14426,80.9,-712,-31.8
"42037","3","518210","78","0","2019","4","N",1,0,0,0,0,0,0,0,"N",64.99,0,0,0,0,0,0,0,"N",0,0.0,0,0,0,0,0,0,0,0,0,0,0,0,0,0
"42039","5","518210","78","0","2019","4","N",2,0,0,0,0,0,0,0,"N",0.35,0,0,0,0,0,0,0,"N",1,100.0,0,0,0,0,0,0,0,0,0,0,0,0,0,0
"42041","5","518210","78","0","2019","4","",14,247,246,239,5676256,78651,5430,1789,"",0.80,0.76,0.75,0.72,0.61,0.23,0.33,0.81,"N",3,27.3,0,0,0,0,0,0,0,0,0,0,0,0,0,0
"42043","2","518210","78","0","2019","4","N",1,0,0,0,0,0,0,0,"N",81.67,0,0,0,0,0,0,0,"N",0,0.0,0,0,0,0,0,0,0,0,0,0,0,0,0,0
"42043","5","518210","78","0","2019","4","",17,241,244,248,3144304,151274,8099,990,"",0.86,0.55,0.55,0.56,0.23,0.48,0.52,0.41,"N",0,0.0,0,0,0,0,0,0,0,0,0,0,0,0,0,0
"42045","5","518210","78","0","2019","4","",19,136,140,141,4167974,256427,10561,2307,"",0.51,0.25,0.26,0.26,0.23,0.55,0.45,0.92,"",5,35.7,27,24.8,31,28.4,29,25.9,1150590,38.1,161067,168.9,5266,99.5,197,9.3
"42049","5","518210","78","0","2019","4","N",3,0,0,0,0,0,0,0,"N",0.16,0,0,0,0,0,0,0,"N",1,50.0,0,0,0,0,0,0,0,0,0,0,0,0,0,0
"42051","5","518210","78","0","2019","4","N",2,0,0,0,0,0,0,0,"N",0.26,0,0,0,0,0,0,0,"N",1,100.0,0,0,0,0,0,0,0,0,0,0,0,0,0,0
"42055","5","518210","78","0","2019","4","N",5,0,0,0,0,0,0,0,"N",0.56,0,0,0,0,0,0,0,"N",0,0.0,0,0,0,0,0,0,0,0,0,0,0,0,0,0
"42063","5","518210","78","0","2019","4","N",1,0,0,0,0,0,0,0,"N",0.19,0,0,0,0,0,0,0,"N",1,100.0,0,0,0,0,0,0,0,0,0,0,0,0,0,0
"42069","5","518210","78","0","2019","4","",12,38,37,39,410385,45605,2908,831,"",0.80,0.17,0.16,0.17,0.07,0.23,0.28,0.45,"",5,71.4,2,5.6,2,5.7,3,8.3,76354,22.9,26133,134.2,1551,114.3,111,15.4
"42071","5","518210","78","0","2019","4","",6,73,73,74,1503442,27576,892,1577,"",0.16,0.13,0.13,0.13,0.10,0.06,0.04,0.78,"",-1,-14.3,-3,-3.9,-9,-11.0,-9,-10.8,160291,11.9,-48796,-63.9,-4033,-81.9,291,22.6
"42073","5","518210","78","0","2019","4","N",1,0,0,0,0,0,0,0,"N",0.19,0,0,0,0,0,0,0,"N",0,0.0,0,0,0,0,0,0,0,0,0,0,0,0,0,0
"42075","5","518210","78","0","2019","4","",5,15,15,15,318668,14782,1371,1634,"",0.65,0.12,0.12,0.12,0.10,0.14,0.27,0.85,"N",1,25.0,0,0,0,0,0,0,0,0,0,0,0,0,0,0
"42077","5","518210","78","0","2019","4","",21,336,320,314,4123383,906698,37908,981,"",0.90,0.72,0.68,0.67,0.28,2.29,1.84,0.40,"",3,16.7,38,12.8,46,16.8,70,28.7,-2575375,-38.4,471216,108.2,21209,127.0,-913,-48.2
"42079","1","518210","78","0","2019","4","",1,1191,1256,1252,19101408,0,0,1192,"",1399.57,1014.93,1007.73,1014.82,1338.44,0.00,0.00,1.32,"",0,0.0,46,4.0,118,10.4,87,7.5,248003,1.3,0,0.0,0,0.0,-70,-5.5
"42079","5","518210","78","0","2019","4","",14,106,109,106,1505902,93550,3998,1083,"",0.71,0.31,0.31,0.30,0.17,0.29,0.23,0.57,"",6,75.0,5,5.0,7,6.9,9,9.3,137064,10.0,14536,18.4,485,13.8,30,2.8
"42081","5","518210","78","0","2019","4","N",1,0,0,0,0,0,0,0,"N",0.12,0,0,0,0,0,0,0,"N",0,0.0,0,0,0,0,0,0,0,0,0,0,0,0,0,0
"42085","5","518210","78","0","2019","4","N",2,0,0,0,0,0,0,0,"N",0.26,0,0,0,0,0,0,0,"N",1,100.0,0,0,0,0,0,0,0,0,0,0,0,0,0,0
"42087","5","518210","78","0","2019","4","N",1,0,0,0,0,0,0,0,"N",0.36,0,0,0,0,0,0,0,"N",0,0.0,0,0,0,0,0,0,0,0,0,0,0,0,0,0
"42089","5","518210","78","0","2019","4","N",5,0,0,0,0,0,0,0,"N",0.53,0,0,0,0,0,0,0,"N",4,400.0,0,0,0,0,0,0,0,0,0,0,0,0,0,0
"42091","5","518210","78","0","2019","4","",94,2428,2439,2448,52466600,1857591,97217,1655,"",1.27,2.03,2.02,2.01,1.13,1.77,1.76,0.56,"",12,14.6,249,11.4,232,10.5,224,10.1,14120461,36.8,397909,27.3,29857,44.3,316,23.6
"42095","5","518210","78","0","2019","4","",24,702,695,701,13502616,398420,16938,1485,"",1.31,2.49,2.44,2.44,1.78,1.53,1.28,0.72,"",3,14.3,9,1.3,7,1.0,15,2.2,1814105,15.5,-90026,-18.4,-1872,-10.0,180,13.8
"42097","5","518210","78","0","2019","4","N",1,0,0,0,0,0,0,0,"N",0.20,0,0,0,0,0,0,0,"N",0,0.0,0,0,0,0,0,0,0,0,0,0,0,0,0,0
"42101","5","518210","78","0","2019","4","",57,424,425,423,11126994,419048,28174,2019,"",0.61,0.25,0.25,0.25,0.17,0.33,0.42,0.68,"",14,32.6,-36,-7.8,-25,-5.6,-33,-7.2,-6083733,-35.3,-316181,-43.0,-26408,-48.4,-889,-30.6
"42103","5","518210","78","0","2019","4","",3,4,4,4,138462,20000,738,2663,"",1.07,0.15,0.15,0.15,0.26,0.81,0.63,1.70,"N",2,200.0,0,0,0,0,0,0,0,0,0,0,0,0,0,0
"42115","5","518210","78","0","2019","4","N",1,0,0,0,0,0,0,0,"N",0.38,0,0,0,0,0,0,0,"N",1,100.0,0,0,0,0,0,0,0,0,0,0,0,0,0,0
"42117","5","518210","78","0","2019","4","N",2,0,0,0,0,0,0,0,"N",0.73,0,0,0,0,0,0,0,"N",1,100.0,0,0,0,0,0,0,0,0,0,0,0,0,0,0
"42119","5","518210","78","0","2019","4","N",1,0,0,0,0,0,0,0,"N",0.37,0,0,0,0,0,0,0,"N",-1,-50.0,0,0,0,0,0,0,0,0,0,0,0,0,0,0
"42123","5","518210","78","0","2019","4","N",1,0,0,0,0,0,0,0,"N",0.36,0,0,0,0,0,0,0,"N",0,0.0,0,0,0,0,0,0,0,0,0,0,0,0,0,0
"42125","5","518210","78","0","2019","4","",4,61,62,62,1227511,48139,1648,1531,"",0.27,0.29,0.30,0.30,0.19,0.26,0.15,0.63,"N",2,100.0,0,0,0,0,0,0,0,0,0,0,0,0,0,0
"42127","5","518210","78","0","2019","4","N",3,0,0,0,0,0,0,0,"N",0.81,0,0,0,0,0,0,0,"N",1,50.0,0,0,0,0,0,0,0,0,0,0,0,0,0,0
"42129","5","518210","78","0","2019","4","",9,43,38,36,626358,34070,2741,1235,"",0.37,0.14,0.12,0.11,0.08,0.13,0.19,0.62,"",3,50.0,-8,-15.7,-12,-24.0,-19,-34.5,-78535,-11.1,-17731,-34.2,-574,-17.3,192,18.4
"42131","5","518210","78","0","2019","4","N",2,0,0,0,0,0,0,0,"N",1.05,0,0,0,0,0,0,0,"N",1,100.0,0,0,0,0,0,0,0,0,0,0,0,0,0,0
"42133","5","518210","78","0","2019","4","",8,36,29,26,461903,20582,1807,1171,"",0.33,0.08,0.07,0.06,0.04,0.05,0.09,0.55,"N",-2,-20.0,0,0,0,0,0,0,0,0,0,0,0,0,0,0
"42999","5","518210","78","0","2019","4","",392,2090,2096,2126,76565368,2570396,135450,2799,"",4.57,4.82,4.77,4.84,3.50,4.08,3.38,0.73,"",70,21.7,415,24.8,407,24.1,422,24.8,24777362,47.8,886592,52.7,50019,58.5,441,18.7
"44000","5","518210","58","0","2019","4","",139,575,561,572,15194755,1248402,30669,2053,"",1.34,0.50,0.48,0.49,0.43,0.56,0.49,0.88,"",3,2.2,7,1.2,-17,-2.9,-6,-1.0,943334,6.6,189180,17.9,3881,14.5,145,7.6
"44001","5","518210","78","0","2019","4","",7,5,6,6,297837,47200,798,4043,"",1.65,0.15,0.18,0.18,0.36,0.81,0.49,2.07,"N",0,0.0,0,0,0,0,0,0,0,0,0,0,0,0,0,0
"44003","5","518210","78","0","2019","4","",19,76,71,71,1955337,90282,1989,2070,"",1.26,0.42,0.39,0.39,0.39,0.23,0.20,0.97,"",-2,-9.5,-24,-24.0,-28,-28.3,-29,-29.0,-297041,-13.2,1291,1.5,-1003,-33.5,332,19.1
"44005","5","518210","78","0","2019","4","N",14,0,0,0,0,0,0,0,"N",1.54,0,0,0,0,0,0,0,"N",2,16.7,0,0,0,0,0,0,0,0,0,0,0,0,0,0
"44007","5","518210","78","0","2019","4","",44,370,356,364,7976766,886219,22648,1689,"",0.87,0.54,0.51,0.52,0.37,0.68,0.63,0.70,"",3,7.3,37,11.1,13,3.8,23,6.7,783581,10.9,285883,47.6,6082,36.7,57,3.5
"44009","5","518210","78","0","2019","4","N",8,0,0,0,0,0,0,0,"N",0.66,0,0,0,0,0,0,0,"N",-2,-20.0,0,0,0,0,0,0,0,0,0,0,0,0,0,0
"44999","5","518210","78","0","2019","4","",47,77,79,82,2820156,162485,4042,2734,"",3.73,3.02,3.08,3.19,2.34,2.06,1.62,0.76,"",2,4.4,5,6.9,7,9.7,9,12.3,424505,17.7,-59397,-26.8,57,1.4,186,7.3
"45000","5","518210","58","0","2019","4","",549,3803,3755,3678,72400294,4553320,91342,1487,"",1.46,0.76,0.74,0.72,0.55,0.68,0.85,0.75,"",82,17.6,-31,-0.8,-78,-2.0,-189,-4.9,5411267,8.1,-501279,-9.9,6660,7.9,147,11.0
"45003","5","518210","78","0","2019","4","N",5,0,0,0,0,0,0,0,"N",0.60,0,0,0,0,0,0,0,"N",1,25.0,0,0,0,0,0,0,0,0,0,0,0,0,0,0
"45007","5","518210","78","0","2019","4","N",5,0,0,0,0,0,0,0,"N",0.50,0,0,0,0,0,0,0,"N",1,25.0,0,0,0,0,0,0,0,0,0,0,0,0,0,0
"45009","5","518210","78","0","2019","4","-",0,0,0,0,0,0,0,0,"N",0.00,0,0,0,0,0,0,0,"N",-1,-100.0,0,0,0,0,0,0,0,0,0,0,0,0,0,0
"45011","5","518210","78","0","2019","4","N",1,0,0,0,0,0,0,0,"N",0.94,0,0,0,0,0,0,0,"N",0,0.0,0,0,0,0,0,0,0,0,0,0,0,0,0,0
"45013","5","518210","78","0","2019","4","",15,39,43,44,523003,66967,503,958,"",0.91,0.24,0.27,0.27,0.14,0.30,0.19,0.53,"",2,15.4,2,5.4,6,16.2,4,10.0,-153076,-22.6,477,0.7,64,14.6,-411,-30.0
"45015","5","518210","78","0","2019","4","",9,23,26,25,789435,72316,356,2462,"",1.02,0.17,0.20,0.19,0.21,0.45,0.15,1.12,"",2,28.6,2,9.5,4,18.2,3,13.6,138271,21.2,33025,84.1,76,27.1,150,6.5
"45017","5","518210","78","0","2019","4","N",1,0,0,0,0,0,0,0,"N",1.50,0,0,0,0,0,0,0,"N",0,0.0,0,0,0,0,0,0,0,0,0,0,0,0,0,0
"45019","5","518210","78","0","2019","4","",76,688,654,661,11578716,677888,16639,1334,"",1.66,1.12,1.06,1.07,0.64,0.84,1.41,0.59,"",15,24.6,118,20.7,77,13.3,77,13.2,3034527,35.5,-71899,-9.6,9427,130.7,195,17.1
"45029","5","518210","78","0","2019","4","N",1,0,0,0,0,0,0,0,"N",0.49,0,0,0,0,0,0,0,"N",0,0.0,0,0,0,0,0,0,0,0,0,0,0,0,0,0
"45035","5","518210","78","0","2019","4","",7,20,21,23,436216,48641,550,1573,"",1.01,0.23,0.24,0.27,0.23,0.43,0.43,0.94,"",0,0.0,-4,-16.7,-3,-12.5,-1,-4.2,64249,17.3,3390,7.5,-278,-33.6,381,32.0
"45039","5","518210","78","0","2019","4","N",1,0,0,0,0,0,0,0,"N",1.00,0,0,0,0,0,0,0,"N",1,100.0,0,0,0,0,0,0,0,0,0,0,0,0,0,0
"45041","5","518210","78","0","2019","4","N",4,0,0,0,0,0,0,0,"N",0.45,0,0,0,0,0,0,0,"N",2,100.0,0,0,0,0,0,0,0,0,0,0,0,0,0,0
"45043","5","518210","78","0","2019","4","N",2,0,0,0,0,0,0,0,"N",0.39,0,0,0,0,0,0,0,"N",1,100.0,0,0,0,0,0,0,0,0,0,0,0,0,0,0
"45045","5","518210","78","0","2019","4","",46,370,377,379,7534511,505378,10409,1544,"",1.11,0.56,0.57,0.57,0.41,0.53,0.62,0.73,"",7,17.9,-37,-9.1,-50,-11.7,-60,-13.7,-59008,-0.8,-298296,-37.1,-10480,-50.2,167,12.1
"45047","5","518210","78","0","2019","4","N",2,0,0,0,0,0,0,0,"N",0.52,0,0,0,0,0,0,0,"N",0,0.0,0,0,0,0,0,0,0,0,0,0,0,0,0,0
"45051","5","518210","78","0","2019","4","",28,28,27,29,2324291,77717,499,6385,"",1.07,0.09,0.09,0.09,0.38,0.18,0.07,4.16,"N",10,55.6,0,0,0,0,0,0,0,0,0,0,0,0,0,0
"45053","5","518210","78","0","2019","4","N",1,0,0,0,0,0,0,0,"N",0.49,0,0,0,0,0,0,0,"N",0,0.0,0,0,0,0,0,0,0,0,0,0,0,0,0,0
"45055","5","518210","78","0","2019","4","N",2,0,0,0,0,0,0,0,"N",0.57,0,0,0,0,0,0,0,"N",1,100.0,0,0,0,0,0,0,0,0,0,0,0,0,0,0
"45057","5","518210","78","0","2019","4","N",3,0,0,0,0,0,0,0,"N",0.74,0,0,0,0,0,0,0,"N",0,0.0,0,0,0,0,0,0,0,0,0,0,0,0,0,0
"45059","5","518210","78","0","2019","4","N",1,0,0,0,0,0,0,0,"N",0.42,0,0,0,0,0,0,0,"N",1,100.0,0,0,0,0,0,0,0,0,0,0,0,0,0,0
"45063","5","518210","78","0","2019","4","",25,220,212,209,2695744,383185,13648,971,"",1.31,0.76,0.71,0.69,0.37,0.89,1.87,0.52,"",3,13.6,62,39.2,56,35.9,47,29.0,674643,33.4,142151,59.0,10163,291.6,-9,-0.9
"45067","5","518210","78","0","2019","4","-",0,0,0,0,0,0,0,0,"N",0.00,0,0,0,0,0,0,0,"N",-1,-100.0,0,0,0,0,0,0,0,0,0,0,0,0,0,0
"45071","5","518210","78","0","2019","4","N",4,0,0,0,0,0,0,0,"N",1.81,0,0,0,0,0,0,0,"N",0,0.0,0,0,0,0,0,0,0,0,0,0,0,0,0,0
"45073","5","518210","78","0","2019","4","N",3,0,0,0,0,0,0,0,"N",0.65,0,0,0,0,0,0,0,"N",0,0.0,0,0,0,0,0,0,0,0,0,0,0,0,0,0
"45077","5","518210","78","0","2019","4","",4,6,5,5,143606,14152,142,2071,"",0.63,0.07,0.06,0.06,0.07,0.15,0.12,1.13,"N",0,0.0,0,0,0,0,0,0,0,0,0,0,0,0,0,0
"45079","5","518210","78","0","2019","4","",46,905,905,839,14085100,725823,10699,1227,"",1.60,1.71,1.69,1.57,0.98,1.23,1.03,0.59,"",3,7.0,-177,-16.4,-171,-15.9,-226,-21.2,-1638023,-10.4,-123532,-14.5,-16917,-61.3,101,9.0
"45083","5","518210","78","0","2019","4","",11,24,24,26,782723,48886,364,2441,"",0.62,0.07,0.07,0.07,0.09,0.10,0.05,1.22,"N",1,10.0,0,0,0,0,0,0,0,0,0,0,0,0,0,0
"45089","5","518210","78","0","2019","4","N",1,0,0,0,0,0,0,0,"N",0.61,0,0,0,0,0,0,0,"N",0,0.0,0,0,0,0,0,0,0,0,0,0,0,0,0,0
"45091","5","518210","78","0","2019","4","",35,642,643,646,17519312,351605,8118,2094,"",2.02,2.69,2.66,2.65,2.79,1.03,1.37,1.05,"",5,16.7,-64,-9.1,-71,-9.9,-76,-10.5,-492560,-2.7,-46952,-11.8,5723,239.0,153,7.9
"45999","5","518210","78","0","2019","4","",210,728,720,699,12186106,1521162,28804,1310,"",4.38,4.72,4.52,4.38,1.93,4.23,3.83,0.43,"",28,15.4,126,20.9,136,23.3,110,18.7,2865920,30.7,-25509,-1.6,13303,85.8,98,8.1
"46000","2","518210","58","0","2019","4","N",5,0,0,0,0,0,0,0,"N",88.23,0,0,0,0,0,0,0,"N",1,25.0,0,0,0,0,0,0,0,0,0,0,0,0,0,0
"46000","5","518210","58","0","2019","4","",101,174,185,184,3719075,285521,3104,1581,"",1.10,0.17,0.18,0.18,0.14,0.25,0.35,0.81,"",22,27.8,21,13.7,42,29.4,36,24.3,935931,33.6,127521,80.7,1470,90.0,134,9.3
"46007","5","518210","78","0","2019","4","N",1,0,0,0,0,0,0,0,"N",4.18,0,0,0,0,0,0,0,"N",0,0.0,0,0,0,0,0,0,0,0,0,0,0,0,0,0
"46009","2","518210","78","0","2019","4","N",1,0,0,0,0,0,0,0,"N",2796.50,0,0,0,0,0,0,0,"N",0,0.0,0,0,0,0,0,0,0,0,0,0,0,0,0,0
"46011","5","518210","78","0","2019","4","",5,10,11,10,320998,15250,183,2390,"",1.73,0.22,0.25,0.23,0.30,0.34,0.36,1.27,"",1,25.0,2,25.0,3,37.5,2,25.0,59867,22.9,-6897,-31.1,-83,-31.2,-121,-4.8
"46013","5","518210","78","0","2019","4","",5,8,9,11,93993,22003,156,775,"",1.29,0.17,0.19,0.23,0.08,0.44,0.54,0.40,"",0,0.0,-4,-33.3,-3,-25.0,-2,-15.4,-75114,-44.4,13579,161.2,55,54.5,-280,-26.5
"46019","5","518210","78","0","2019","4","N",1,0,0,0,0,0,0,0,"N",0.94,0,0,0,0,0,0,0,"N",0,0.0,0,0,0,0,0,0,0,0,0,0,0,0,0,0
"46029","2","518210","78","0","2019","4","N",1,0,0,0,0,0,0,0,"N",487.71,0,0,0,0,0,0,0,"N",0,0.0,0,0,0,0,0,0,0,0,0,0,0,0,0,0
"46029","5","518210","78","0","2019","4","N",2,0,0,0,0,0,0,0,"N",0.60,0,0,0,0,0,0,0,"N",0,0.0,0,0,0,0,0,0,0,0,0,0,0,0,0,0
"46035","5","518210","78","0","2019","4","N",2,0,0,0,0,0,0,0,"N",0.92,0,0,0,0,0,0,0,"N",1,100.0,0,0,0,0,0,0,0,0,0,0,0,0,0,0
"46037","5","518210","78","0","2019","4","-",0,0,0,0,0,0,0,0,"N",0.00,0,0,0,0,0,0,0,"N",-1,-100.0,0,0,0,0,0,0,0,0,0,0,0,0,0,0
"46061","5","518210","78","0","2019","4","N",1,0,0,0,0,0,0,0,"N",3.73,0,0,0,0,0,0,0,"N",1,100.0,0,0,0,0,0,0,0,0,0,0,0,0,0,0
"46065","2","518210","78","0","2019","4","N",1,0,0,0,0,0,0,0,"N",699.12,0,0,0,0,0,0,0,"N",0,0.0,0,0,0,0,0,0,0,0,0,0,0,0,0,0
"46065","5","518210","78","0","2019","4","",5,17,17,17,314667,4016,17,1424,"",2.16,0.68,0.68,0.68,0.50,0.18,0.11,0.73,"",1,25.0,1,6.2,1,6.2,1,6.2,70479,28.9,-5854,-59.3,-8,-32.0,250,21.3
"46073","5","518210","78","0","2019","4","N",1,0,0,0,0,0,0,0,"N",3.52,0,0,0,0,0,0,0,"N",0,0.0,0,0,0,0,0,0,0,0,0,0,0,0,0,0
"46077","5","518210","78","0","2019","4","N",1,0,0,0,0,0,0,0,"N",1.64,0,0,0,0,0,0,0,"N",1,100.0,0,0,0,0,0,0,0,0,0,0,0,0,0,0
"46079","5","518210","78","0","2019","4","N",2,0,0,0,0,0,0,0,"N",1.58,0,0,0,0,0,0,0,"N",0,0.0,0,0,0,0,0,0,0,0,0,0,0,0,0,0
"46081","5","518210","78","0","2019","4","N",3,0,0,0,0,0,0,0,"N",0.88,0,0,0,0,0,0,0,"N",0,0.0,0,0,0,0,0,0,0,0,0,0,0,0,0,0
"46083","5","518210","78","0","2019","4","",4,3,3,3,70273,13486,135,1802,"",0.72,0.05,0.05,0.05,0.04,0.20,0.24,0.78,"",0,0.0,-6,-66.7,-2,-40.0,-1,-25.0,11448,19.5,-2301,-14.6,-54,-28.6,1048,139.0
"46087","5","518210","78","0","2019","4","N",1,0,0,0,0,0,0,0,"N",1.65,0,0,0,0,0,0,0,"N",0,0.0,0,0,0,0,0,0,0,0,0,0,0,0,0,0
"46093","5","518210","78","0","2019","4","",4,3,3,3,30193,2012,24,774,"",1.75,0.17,0.17,0.17,0.07,0.11,0.14,0.42,"N",2,100.0,0,0,0,0,0,0,0,0,0,0,0,0,0,0
"46097","5","518210","78","0","2019","4","-",0,0,0,0,0,0,0,0,"N",0.00,0,0,0,0,0,0,0,"N",-1,-100.0,0,0,0,0,0,0,0,0,0,0,0,0,0,0
"46099","2","518210","78","0","2019","4","N",1,0,0,0,0,0,0,0,"N",78.38,0,0,0,0,0,0,0,"N",0,0.0,0,0,0,0,0,0,0,0,0,0,0,0,0,0
"46099","5","518210","78","0","2019","4","",41,86,95,95,1963655,167486,1955,1642,"",1.98,0.28,0.31,0.31,0.23,0.53,0.92,0.76,"",12,41.4,21,32.3,33,53.2,32,50.8,654392,50.0,113933,212.7,1390,246.0,52,3.3
"46101","5","518210","78","0","2019","4","N",1,0,0,0,0,0,0,0,"N",1.78,0,0,0,0,0,0,0,"N",0,0.0,0,0,0,0,0,0,0,0,0,0,0,0,0,0
"46103","5","518210","78","0","2019","4","",17,17,20,19,369586,26279,271,1523,"",1.36,0.13,0.15,0.14,0.11,0.16,0.24,0.82,"",6,54.5,1,6.2,5,33.3,3,18.8,46384,14.4,19395,281.7,230,561.0,-64,-4.0
"46105","5","518210","78","0","2019","4","N",1,0,0,0,0,0,0,0,"N",2.60,0,0,0,0,0,0,0,"N",0,0.0,0,0,0,0,0,0,0,0,0,0,0,0,0,0
"46123","5","518210","78","0","2019","4","N",1,0,0,0,0,0,0,0,"N",1.43,0,0,0,0,0,0,0,"N",0,0.0,0,0,0,0,0,0,0,0,0,0,0,0,0,0
"46127","5","518210","78","0","2019","4","N",1,0,0,0,0,0,0,0,"N",0.51,0,0,0,0,0,0,0,"N",-1,-50.0,0,0,0,0,0,0,0,0,0,0,0,0,0,0
"46135","2","518210","78","0","2019","4","N",1,0,0,0,0,0,0,0,"N",716.38,0,0,0,0,0,0,0,"N",1,100.0,0,0,0,0,0,0,0,0,0,0,0,0,0,0
"46999","5","518210","78","0","2019","4","N",1,0,0,0,0,0,0,0,"N",0.87,0,0,0,0,0,0,0,"N",0,0.0,0,0,0,0,0,0,0,0,0,0,0,0,0,0
"47000","3","518210","58","0","2019","4","N",2,0,0,0,0,0,0,0,"N",1.22,0,0,0,0,0,0,0,"N",0,0.0,0,0,0,0,0,0,0,0,0,0,0,0,0,0
"47000","5","518210","58","0","2019","4","",613,6202,6194,6262,155667185,3841530,49689,1925,"",1.37,0.87,0.85,0.86,0.74,0.70,0.72,0.86,"",39,6.8,380,6.5,343,5.9,362,6.1,6856024,4.6,782906,25.6,1706,3.6,-29,-1.5
"47001","5","518210","78","0","2019","4","N",2,0,0,0,0,0,0,0,"N",0.44,0,0,0,0,0,0,0,"N",1,100.0,0,0,0,0,0,0,0,0,0,0,0,0,0,0
"47009","5","518210","78","0","2019","4","",8,13,12,12,945337,0,0,5896,"",1.16,0.11,0.10,0.10,0.29,0.00,0.00,2.89,"",-5,-38.5,1,8.3,-1,-7.7,0,0.0,126610,15.5,-7000,-100.0,-189,-100.0,790,15.5
"47011","5","518210","78","0","2019","4","N",1,0,0,0,0,0,0,0,"N",0.19,0,0,0,0,0,0,0,"N",0,0.0,0,0,0,0,0,0,0,0,0,0,0,0,0,0
"47013","5","518210","78","0","2019","4","N",1,0,0,0,0,0,0,0,"N",0.58,0,0,0,0,0,0,0,"N",1,100.0,0,0,0,0,0,0,0,0,0,0,0,0,0,0
"47017","5","518210","78","0","2019","4","-",0,0,0,0,0,0,0,0,"N",0.00,0,0,0,0,0,0,0,"N",-1,-100.0,0,0,0,0,0,0,0,0,0,0,0,0,0,0
"47021","5","518210","78","0","2019","4","",4,14,14,13,430590,19805,317,2424,"",2.14,0.68,0.68,0.62,0.82,1.25,1.86,1.25,"N",2,100.0,0,0,0,0,0,0,0,0,0,0,0,0,0,0
"47033","5","518210","78","0","2019","4","N",1,0,0,0,0,0,0,0,"N",1.36,0,0,0,0,0,0,0,"N",0,0.0,0,0,0,0,0,0,0,0,0,0,0,0,0,0
"47035","5","518210","78","0","2019","4","N",4,0,0,0,0,0,0,0,"N",1.24,0,0,0,0,0,0,0,"N",0,0.0,0,0,0,0,0,0,0,0,0,0,0,0,0,0
"47037","5","518210","78","0","2019","4","",150,2799,2793,2860,63627276,1891388,20510,1737,"",2.26,2.30,2.27,2.31,1.49,1.99,1.67,0.65,"",21,16.3,372,15.3,361,14.8,415,17.0,4457245,7.5,793122,72.2,5888,40.3,-132,-7.1
"47041","5","518210","78","0","2019","4","N",1,0,0,0,0,0,0,0,"N",1.07,0,0,0,0,0,0,0,"N",0,0.0,0,0,0,0,0,0,0,0,0,0,0,0,0,0
"47043","5","518210","78","0","2019","4","N",2,0,0,0,0,0,0,0,"N",0.67,0,0,0,0,0,0,0,"N",0,0.0,0,0,0,0,0,0,0,0,0,0,0,0,0,0
"47051","5","518210","78","0","2019","4","N",1,0,0,0,0,0,0,0,"N",0.47,0,0,0,0,0,0,0,"N",0,0.0,0,0,0,0,0,0,0,0,0,0,0,0,0,0
"47055","5","518210","78","0","2019","4","N",1,0,0,0,0,0,0,0,"N",0.59,0,0,0,0,0,0,0,"N",0,0.0,0,0,0,0,0,0,0,0,0,0,0,0,0,0
"47063","5","518210","78","0","2019","4","N",1,0,0,0,0,0,0,0,"N",0.28,0,0,0,0,0,0,0,"N",0,0.0,0,0,0,0,0,0,0,0,0,0,0,0,0,0
"47065","5","518210","78","0","2019","4","",30,291,289,289,6009640,157215,1736,1596,"",1.09,0.59,0.58,0.58,0.42,0.42,0.40,0.71,"",0,0.0,-86,-22.8,-93,-24.3,-93,-24.3,-838888,-12.2,-195682,-55.5,-5278,-75.2,211,15.2
"47067","5","518210","78","0","2019","4","N",1,0,0,0,0,0,0,0,"N",5.16,0,0,0,0,0,0,0,"N",1,100.0,0,0,0,0,0,0,0,0,0,0,0,0,0,0
"47071","5","518210","78","0","2019","4","N",1,0,0,0,0,0,0,0,"N",0.68,0,0,0,0,0,0,0,"N",1,100.0,0,0,0,0,0,0,0,0,0,0,0,0,0,0
"47085","5","518210","78","0","2019","4","N",2,0,0,0,0,0,0,0,"N",2.09,0,0,0,0,0,0,0,"N",0,0.0,0,0,0,0,0,0,0,0,0,0,0,0,0,0
"47087","5","518210","78","0","2019","4","N",1,0,0,0,0,0,0,0,"N",2.90,0,0,0,0,0,0,0,"N",0,0.0,0,0,0,0,0,0,0,0,0,0,0,0,0,0
"47089","5","518210","78","0","2019","4","N",1,0,0,0,0,0,0,0,"N",0.48,0,0,0,0,0,0,0,"N",0,0.0,0,0,0,0,0,0,0,0,0,0,0,0,0,0
"47091","5","518210","78","0","2019","4","N",1,0,0,0,0,0,0,0,"N",1.37,0,0,0,0,0,0,0,"N",1,100.0,0,0,0,0,0,0,0,0,0,0,0,0,0,0
"47093","5","518210","78","0","2019","4","",50,340,341,346,11359977,390288,6338,2553,"",1.43,0.60,0.59,0.60,0.70,0.94,1.35,1.17,"",6,13.6,-4,-1.2,0,0.0,-3,-0.9,2204207,24.1,192800,97.6,3047,92.6,510,25.0
"47099","5","518210","78","0","2019","4","N",1,0,0,0,0,0,0,0,"N",0.50,0,0,0,0,0,0,0,"N",0,0.0,0,0,0,0,0,0,0,0,0,0,0,0,0,0
"47105","5","518210","78","0","2019","4","N",1,0,0,0,0,0,0,0,"N",0.35,0,0,0,0,0,0,0,"N",-1,-50.0,0,0,0,0,0,0,0,0,0,0,0,0,0,0
"47107","5","518210","78","0","2019","4","N",3,0,0,0,0,0,0,0,"N",1.20,0,0,0,0,0,0,0,"N",1,50.0,0,0,0,0,0,0,0,0,0,0,0,0,0,0
"47111","5","518210","78","0","2019","4","N",1,0,0,0,0,0,0,0,"N",1.04,0,0,0,0,0,0,0,"N",0,0.0,0,0,0,0,0,0,0,0,0,0,0,0,0,0
"47113","3","518210","78","0","2019","4","N",1,0,0,0,0,0,0,0,"N",40.54,0,0,0,0,0,0,0,"N",0,0.0,0,0,0,0,0,0,0,0,0,0,0,0,0,0
"47113","5","518210","78","0","2019","4","",4,6,7,7,203540,7435,201,2349,"",0.59,0.04,0.05,0.05,0.06,0.07,0.16,1.23,"N",2,100.0,0,0,0,0,0,0,0,0,0,0,0,0,0,0
"47115","5","518210","78","0","2019","4","N",1,0,0,0,0,0,0,0,"N",0.76,0,0,0,0,0,0,0,"N",0,0.0,0,0,0,0,0,0,0,0,0,0,0,0,0,0
"47117","5","518210","78","0","2019","4","-",0,0,0,0,0,0,0,0,"N",0.00,0,0,0,0,0,0,0,"N",-2,-100.0,0,0,0,0,0,0,0,0,0,0,0,0,0,0
"47119","5","518210","78","0","2019","4","",6,27,27,27,558922,0,0,1592,"",1.06,0.35,0.30,0.29,0.23,0.00,0.00,0.73,"N",1,20.0,0,0,0,0,0,0,0,0,0,0,0,0,0,0
"47125","5","518210","78","0","2019","4","",8,9,9,8,159601,275,7,1417,"",0.90,0.07,0.07,0.06,0.05,0.00,0.01,0.81,"N",0,0.0,0,0,0,0,0,0,0,0,0,0,0,0,0,0
"47135","5","518210","78","0","2019","4","N",1,0,0,0,0,0,0,0,"N",2.90,0,0,0,0,0,0,0,"N",0,0.0,0,0,0,0,0,0,0,0,0,0,0,0,0,0
"47141","5","518210","78","0","2019","4","N",2,0,0,0,0,0,0,0,"N",0.37,0,0,0,0,0,0,0,"N",-2,-50.0,0,0,0,0,0,0,0,0,0,0,0,0,0,0
"47143","5","518210","78","0","2019","4","N",1,0,0,0,0,0,0,0,"N",0.75,0,0,0,0,0,0,0,"N",-1,-50.0,0,0,0,0,0,0,0,0,0,0,0,0,0,0
"47145","5","518210","78","0","2019","4","N",1,0,0,0,0,0,0,0,"N",0.45,0,0,0,0,0,0,0,"N",0,0.0,0,0,0,0,0,0,0,0,0,0,0,0,0,0
"47147","5","518210","78","0","2019","4","N",1,0,0,0,0,0,0,0,"N",0.31,0,0,0,0,0,0,0,"N",-1,-50.0,0,0,0,0,0,0,0,0,0,0,0,0,0,0
"47149","5","518210","78","0","2019","4","",20,83,84,70,1891712,22787,615,1842,"",1.22,0.26,0.26,0.22,0.21,0.08,0.19,0.87,"",0,0.0,-10,-10.8,-9,-9.7,-36,-34.0,-129059,-6.4,-21610,-48.7,-242,-28.2,245,15.3
"47155","5","518210","78","0","2019","4","N",2,0,0,0,0,0,0,0,"N",0.25,0,0,0,0,0,0,0,"N",0,0.0,0,0,0,0,0,0,0,0,0,0,0,0,0,0
"47157","5","518210","78","0","2019","4","",61,201,202,203,5132250,100628,2216,1954,"",1.08,0.17,0.17,0.17,0.13,0.12,0.20,0.79,"",3,5.2,2,1.0,-2,-1.0,-1,-0.5,254540,5.2,31624,45.8,723,48.4,100,5.4
"47159","5","518210","78","0","2019","4","N",1,0,0,0,0,0,0,0,"N",1.11,0,0,0,0,0,0,0,"N",0,0.0,0,0,0,0,0,0,0,0,0,0,0,0,0,0
"47163","5","518210","78","0","2019","4","N",6,0,0,0,0,0,0,0,"N",0.64,0,0,0,0,0,0,0,"N",1,20.0,0,0,0,0,0,0,0,0,0,0,0,0,0,0
"47165","5","518210","78","0","2019","4","",9,95,94,95,4666403,27055,262,3792,"",0.84,0.72,0.70,0.70,1.34,0.23,0.16,1.90,"",-3,-25.0,-23,-19.5,-24,-20.3,-20,-17.4,-213183,-4.4,19734,269.6,225,608.1,584,18.2
"47167","5","518210","78","0","2019","4","N",2,0,0,0,0,0,0,0,"N",0.95,0,0,0,0,0,0,0,"N",1,100.0,0,0,0,0,0,0,0,0,0,0,0,0,0,0
"47177","5","518210","78","0","2019","4","N",1,0,0,0,0,0,0,0,"N",0.45,0,0,0,0,0,0,0,"N",-1,-50.0,0,0,0,0,0,0,0,0,0,0,0,0,0,0
"47179","5","518210","78","0","2019","4","N",10,0,0,0,0,0,0,0,"N",1.21,0,0,0,0,0,0,0,"N",4,66.7,0,0,0,0,0,0,0,0,0,0,0,0,0,0
"47187","5","518210","78","0","2019","4","",82,1241,1250,1259,32430489,584501,8444,1996,"",3.15,3.72,3.70,3.69,2.54,2.01,2.39,0.69,"",1,1.2,74,6.3,67,5.7,61,5.1,700619,2.2,-13141,-2.2,1081,14.7,-68,-3.3
"47189","5","518210","78","0","2019","4","N",6,0,0,0,0,0,0,0,"N",0.71,0,0,0,0,0,0,0,"N",1,20.0,0,0,0,0,0,0,0,0,0,0,0,0,0,0
"47999","3","518210","78","0","2019","4","N",1,0,0,0,0,0,0,0,"N",9.49,0,0,0,0,0,0,0,"N",0,0.0,0,0,0,0,0,0,0,0,0,0,0,0,0,0
"47999","5","518210","78","0","2019","4","",118,757,744,742,21805119,458673,6556,2243,"",4.11,5.68,5.45,5.43,3.55,2.89,2.02,0.64,"",10,9.3,81,12.0,69,10.2,65,9.6,942885,4.5,-1691,-0.4,-3765,-36.5,-131,-5.5
"48000","5","518210","58","0","2019","4","",1581,36504,36847,37097,1001897199,28915990,806367,2093,"",0.82,1.22,1.22,1.22,1.01,1.04,1.39,0.83,"",243,18.2,2359,6.9,2599,7.6,2814,8.2,116484634,13.2,4938167,20.6,39044,5.1,103,5.2
"48001","5","518210","78","0","2019","4","",14,45,52,50,1706116,96721,5390,2678,"",3.31,0.93,1.08,1.03,1.38,2.18,7.31,1.36,"",-1,-6.7,25,125.0,32,160.0,30,150.0,1040583,156.4,85180,738.1,5011,1322.2,118,4.6
"48003","5","518210","78","0","2019","4","N",1,0,0,0,0,0,0,0,"N",0.72,0,0,0,0,0,0,0,"N",0,0.0,0,0,0,0,0,0,0,0,0,0,0,0,0,0
"48005","5","518210","78","0","2019","4","N",1,0,0,0,0,0,0,0,"N",0.20,0,0,0,0,0,0,0,"N",1,100.0,0,0,0,0,0,0,0,0,0,0,0,0,0,0
"48013","5","518210","78","0","2019","4","N",1,0,0,0,0,0,0,0,"N",0.42,0,0,0,0,0,0,0,"N",0,0.0,0,0,0,0,0,0,0,0,0,0,0,0,0,0
"48015","5","518210","78","0","2019","4","",6,7,10,8,150999,30132,740,1394,"",1.86,0.27,0.39,0.31,0.20,1.24,1.96,0.63,"N",2,50.0,0,0,0,0,0,0,0,0,0,0,0,0,0,0
"48019","5","518210","78","0","2019","4","N",1,0,0,0,0,0,0,0,"N",0.79,0,0,0,0,0,0,0,"N",-1,-50.0,0,0,0,0,0,0,0,0,0,0,0,0,0,0
"48021","5","518210","78","0","2019","4","N",1,0,0,0,0,0,0,0,"N",0.24,0,0,0,0,0,0,0,"N",0,0.0,0,0,0,0,0,0,0,0,0,0,0,0,0,0
"48023","5","518210","78","0","2019","4","N",1,0,0,0,0,0,0,0,"N",2.08,0,0,0,0,0,0,0,"N",0,0.0,0,0,0,0,0,0,0,0,0,0,0,0,0,0
"48027","5","518210","78","0","2019","4","",8,167,170,166,3382914,115300,3144,1552,"",0.52,0.58,0.59,0.57,0.43,0.53,0.86,0.74,"",2,33.3,110,193.0,112,193.1,104,167.7,1512536,80.9,70446,157.1,1876,147.9,-887,-36.4
"48029","5","518210","78","0","2019","4","",70,5874,5911,5889,102420274,3027166,114723,1337,"",0.60,2.83,2.82,2.79,1.67,1.61,3.70,0.60,"",4,6.1,-547,-8.5,-545,-8.4,-472,-7.4,-16066766,-13.6,135119,4.7,13431,13.3,-84,-5.9
"48033","5","518210","78","0","2019","4","N",1,0,0,0,0,0,0,0,"N",5.79,0,0,0,0,0,0,0,"N",1,100.0,0,0,0,0,0,0,0,0,0,0,0,0,0,0
"48035","5","518210","78","0","2019","4","N",1,0,0,0,0,0,0,0,"N",0.97,0,0,0,0,0,0,0,"N",1,100.0,0,0,0,0,0,0,0,0,0,0,0,0,0,0
"48037","5","518210","78","0","2019","4","N",1,0,0,0,0,0,0,0,"N",0.16,0,0,0,0,0,0,0,"N",0,0.0,0,0,0,0,0,0,0,0,0,0,0,0,0,0
"48039","5","518210","78","0","2019","4","N",5,0,0,0,0,0,0,0,"N",0.30,0,0,0,0,0,0,0,"N",2,66.7,0,0,0,0,0,0,0,0,0,0,0,0,0,0
"48041","5","518210","78","0","2019","4","",8,77,73,75,882205,34889,963,905,"",0.63,0.30,0.27,0.29,0.14,0.18,0.32,0.50,"N",3,60.0,0,0,0,0,0,0,0,0,0,0,0,0,0,0
"48057","5","518210","78","0","2019","4","N",1,0,0,0,0,0,0,0,"N",0.58,0,0,0,0,0,0,0,"N",0,0.0,0,0,0,0,0,0,0,0,0,0,0,0,0,0
"48061","5","518210","78","0","2019","4","N",2,0,0,0,0,0,0,0,"N",0.11,0,0,0,0,0,0,0,"N",1,100.0,0,0,0,0,0,0,0,0,0,0,0,0,0,0
"48081","5","518210","78","0","2019","4","-",0,0,0,0,0,0,0,0,"N",0.00,0,0,0,0,0,0,0,"N",-1,-100.0,0,0,0,0,0,0,0,0,0,0,0,0,0,0
"48085","5","518210","78","0","2019","4","",119,5102,5155,5106,154546957,3371133,93961,2321,"",1.59,4.95,4.94,4.86,4.01,3.36,4.88,0.82,"",11,10.2,-526,-9.3,-434,-7.8,-445,-8.0,-16894023,-9.9,235941,7.5,-6887,-6.8,-38,-1.6
"48091","5","518210","78","0","2019","4","N",2,0,0,0,0,0,0,0,"N",0.19,0,0,0,0,0,0,0,"N",0,0.0,0,0,0,0,0,0,0,0,0,0,0,0,0,0
"48097","5","518210","78","0","2019","4","N",1,0,0,0,0,0,0,0,"N",0.37,0,0,0,0,0,0,0,"N",0,0.0,0,0,0,0,0,0,0,0,0,0,0,0,0,0
"48099","5","518210","78","0","2019","4","",3,13,13,12,307062,16663,82,1865,"",1.00,0.35,0.34,0.31,0.34,0.65,0.21,1.00,"N",1,50.0,0,0,0,0,0,0,0,0,0,0,0,0,0,0
"48113","5","518210","78","0","2019","4","",232,6196,6251,6278,159284072,4705421,154916,1963,"",1.09,1.49,1.49,1.48,0.98,1.13,1.78,0.66,"",36,18.4,285,4.8,294,4.9,317,5.3,10671690,7.2,857114,22.3,21989,16.5,39,2.0
"48121","5","518210","78","0","2019","4","",49,1366,1360,1353,38368763,1212922,46784,2171,"",1.11,2.19,2.16,2.14,2.15,2.05,4.50,1.00,"",10,25.6,365,36.5,387,39.8,390,40.5,13207973,52.5,497734,69.6,21576,85.6,194,9.8
"48139","5","518210","78","0","2019","4","N",3,0,0,0,0,0,0,0,"N",0.35,0,0,0,0,0,0,0,"N",-1,-25.0,0,0,0,0,0,0,0,0,0,0,0,0,0,0
"48141","5","518210","78","0","2019","4","",20,1149,1180,1223,12809202,1220049,39624,832,"",0.48,1.55,1.57,1.63,0.78,1.92,3.68,0.49,"",4,25.0,-100,-8.0,-47,-3.8,-32,-2.5,544980,4.4,-111876,-8.4,-12039,-23.3,73,9.6
"48145","5","518210","78","0","2019","4","N",2,0,0,0,0,0,0,0,"N",2.57,0,0,0,0,0,0,0,"N",0,0.0,0,0,0,0,0,0,0,0,0,0,0,0,0,0
"48147","5","518210","78","0","2019","4","N",1,0,0,0,0,0,0,0,"N",0.63,0,0,0,0,0,0,0,"N",0,0.0,0,0,0,0,0,0,0,0,0,0,0,0,0,0
"48157","5","518210","78","0","2019","4","",27,214,217,222,4706396,97528,3517,1663,"",0.69,0.46,0.46,0.46,0.35,0.21,0.39,0.75,"",5,22.7,5,2.4,6,2.8,9,4.2,-1210208,-20.5,-53150,-35.3,-1323,-27.3,-494,-22.9
"48159","5","518210","78","0","2019","4","N",1,0,0,0,0,0,0,0,"N",1.70,0,0,0,0,0,0,0,"N",1,100.0,0,0,0,0,0,0,0,0,0,0,0,0,0,0
"48163","5","518210","78","0","2019","4","N",1,0,0,0,0,0,0,0,"N",0.88,0,0,0,0,0,0,0,"N",0,0.0,0,0,0,0,0,0,0,0,0,0,0,0,0,0
"48167","5","518210","78","0","2019","4","N",4,0,0,0,0,0,0,0,"N",0.24,0,0,0,0,0,0,0,"N",-2,-33.3,0,0,0,0,0,0,0,0,0,0,0,0,0,0
"48181","5","518210","78","0","2019","4","N",3,0,0,0,0,0,0,0,"N",0.37,0,0,0,0,0,0,0,"N",1,50.0,0,0,0,0,0,0,0,0,0,0,0,0,0,0
"48183","5","518210","78","0","2019","4","N",1,0,0,0,0,0,0,0,"N",0.09,0,0,0,0,0,0,0,"N",1,100.0,0,0,0,0,0,0,0,0,0,0,0,0,0,0
"48187","5","518210","78","0","2019","4","N",1,0,0,0,0,0,0,0,"N",0.17,0,0,0,0,0,0,0,"N",0,0.0,0,0,0,0,0,0,0,0,0,0,0,0,0,0
"48199","5","518210","78","0","2019","4","N",1,0,0,0,0,0,0,0,"N",0.40,0,0,0,0,0,0,0,"N",0,0.0,0,0,0,0,0,0,0,0,0,0,0,0,0,0
"48201","5","518210","78","0","2019","4","",194,2794,2848,2974,67341340,2546965,80239,1804,"",0.61,0.50,0.51,0.53,0.30,0.50,0.60,0.59,"",19,10.9,-59,-2.1,-10,-0.3,132,4.6,5835527,9.5,-263496,-9.4,-46114,-36.5,145,8.7
"48203","5","518210","78","0","2019","4","N",1,0,0,0,0,0,0,0,"N",0.27,0,0,0,0,0,0,0,"N",0,0.0,0,0,0,0,0,0,0,0,0,0,0,0,0,0
"48209","5","518210","78","0","2019","4","",7,24,24,22,328014,10335,95,1081,"",0.56,0.14,0.13,0.12,0.08,0.06,0.04,0.61,"N",0,0.0,0,0,0,0,0,0,0,0,0,0,0,0,0,0
"48213","5","518210","78","0","2019","4","",3,10,10,11,160066,16620,389,1192,"",0.73,0.24,0.24,0.26,0.18,0.46,0.86,0.72,"N",1,50.0,0,0,0,0,0,0,0,0,0,0,0,0,0,0
"48215","5","518210","78","0","2019","4","N",7,0,0,0,0,0,0,0,"N",0.21,0,0,0,0,0,0,0,"N",2,40.0,0,0,0,0,0,0,0,0,0,0,0,0,0,0
"48217","5","518210","78","0","2019","4","N",1,0,0,0,0,0,0,0,"N",0.47,0,0,0,0,0,0,0,"N",0,0.0,0,0,0,0,0,0,0,0,0,0,0,0,0,0
"48221","5","518210","78","0","2019","4","N",1,0,0,0,0,0,0,0,"N",0.24,0,0,0,0,0,0,0,"N",0,0.0,0,0,0,0,0,0,0,0,0,0,0,0,0,0
"48223","5","518210","78","0","2019","4","N",2,0,0,0,0,0,0,0,"N",0.85,0,0,0,0,0,0,0,"N",1,100.0,0,0,0,0,0,0,0,0,0,0,0,0,0,0
"48227","5","518210","78","0","2019","4","N",1,0,0,0,0,0,0,0,"N",0.38,0,0,0,0,0,0,0,"N",0,0.0,0,0,0,0,0,0,0,0,0,0,0,0,0,0
"48231","5","518210","78","0","2019","4","N",2,0,0,0,0,0,0,0,"N",0.48,0,0,0,0,0,0,0,"N",1,100.0,0,0,0,0,0,0,0,0,0,0,0,0,0,0
"48245","5","518210","78","0","2019","4","N",3,0,0,0,0,0,0,0,"N",0.19,0,0,0,0,0,0,0,"N",0,0.0,0,0,0,0,0,0,0,0,0,0,0,0,0,0
"48251","5","518210","78","0","2019","4","N",3,0,0,0,0,0,0,0,"N",0.33,0,0,0,0,0,0,0,"N",0,0.0,0,0,0,0,0,0,0,0,0,0,0,0,0,0
"48257","5","518210","78","0","2019","4","N",1,0,0,0,0,0,0,0,"N",0.17,0,0,0,0,0,0,0,"N",0,0.0,0,0,0,0,0,0,0,0,0,0,0,0,0,0
"48259","5","518210","78","0","2019","4","-",0,0,0,0,0,0,0,0,"N",0.00,0,0,0,0,0,0,0,"N",0,0,0,0,0,0,0,0,0,0,0,0,0,0,0,0
"48265","5","518210","78","0","2019","4","",3,5,6,4,48289,9948,522,743,"",0.74,0.11,0.13,0.09,0.04,0.27,1.09,0.40,"N",2,200.0,0,0,0,0,0,0,0,0,0,0,0,0,0,0
"48285","5","518210","78","0","2019","4","N",1,0,0,0,0,0,0,0,"N",0.75,0,0,0,0,0,0,0,"N",0,0.0,0,0,0,0,0,0,0,0,0,0,0,0,0,0
"48291","5","518210","78","0","2019","4","-",0,0,0,0,0,0,0,0,"N",0.00,0,0,0,0,0,0,0,"N",0,0,0,0,0,0,0,0,0,0,0,0,0,0,0,0
"48299","5","518210","78","0","2019","4","-",0,0,0,0,0,0,0,0,"N",0.00,0,0,0,0,0,0,0,"N",0,0,0,0,0,0,0,0,0,0,0,0,0,0,0,0
"48303","5","518210","78","0","2019","4","N",6,0,0,0,0,0,0,0,"N",0.29,0,0,0,0,0,0,0,"N",1,20.0,0,0,0,0,0,0,0,0,0,0,0,0,0,0
"48309","5","518210","78","0","2019","4","",7,44,43,44,1536081,32392,711,2706,"",0.48,0.16,0.16,0.16,0.22,0.14,0.20,1.33,"",0,0.0,6,15.8,6,16.2,8,22.2,79933,5.5,10161,45.7,378,113.5,-321,-10.6
"48321","5","518210","78","0","2019","4","N",1,0,0,0,0,0,0,0,"N",0.44,0,0,0,0,0,0,0,"N",0,0.0,0,0,0,0,0,0,0,0,0,0,0,0,0,0
"48329","5","518210","78","0","2019","4","N",2,0,0,0,0,0,0,0,"N",0.12,0,0,0,0,0,0,0,"N",0,0.0,0,0,0,0,0,0,0,0,0,0,0,0,0,0
"48331","5","518210","78","0","2019","4","N",1,0,0,0,0,0,0,0,"N",0.78,0,0,0,0,0,0,0,"N",1,100.0,0,0,0,0,0,0,0,0,0,0,0,0,0,0
"48339","5","518210","78","0","2019","4","",24,113,122,117,2967590,78815,2097,1946,"",0.72,0.25,0.27,0.25,0.21,0.19,0.27,0.81,"",11,84.6,30,36.1,31,34.1,33,39.3,1231256,70.9,12851,19.5,-294,-12.3,393,25.3
"48341","5","518210","78","0","2019","4","N",1,0,0,0,0,0,0,0,"N",0.67,0,0,0,0,0,0,0,"N",1,100.0,0,0,0,0,0,0,0,0,0,0,0,0,0,0
"48347","5","518210","78","0","2019","4","N",2,0,0,0,0,0,0,0,"N",0.53,0,0,0,0,0,0,0,"N",1,100.0,0,0,0,0,0,0,0,0,0,0,0,0,0,0
"48349","5","518210","78","0","2019","4","N",1,0,0,0,0,0,0,0,"N",0.38,0,0,0,0,0,0,0,"N",1,100.0,0,0,0,0,0,0,0,0,0,0,0,0,0,0
"48355","5","518210","78","0","2019","4","N",6,0,0,0,0,0,0,0,"N",0.27,0,0,0,0,0,0,0,"N",2,50.0,0,0,0,0,0,0,0,0,0,0,0,0,0,0
"48361","5","518210","78","0","2019","4","N",1,0,0,0,0,0,0,0,"N",0.27,0,0,0,0,0,0,0,"N",0,0.0,0,0,0,0,0,0,0,0,0,0,0,0,0,0
"48367","5","518210","78","0","2019","4","N",3,0,0,0,0,0,0,0,"N",0.37,0,0,0,0,0,0,0,"N",-2,-40.0,0,0,0,0,0,0,0,0,0,0,0,0,0,0
"48373","5","518210","78","0","2019","4","N",1,0,0,0,0,0,0,0,"N",0.45,0,0,0,0,0,0,0,"N",1,100.0,0,0,0,0,0,0,0,0,0,0,0,0,0,0
"48375","5","518210","78","0","2019","4","",8,117,115,114,2907250,75025,623,1939,"",0.74,0.64,0.62,0.62,0.59,0.51,0.33,0.94,"",2,33.3,39,50.0,34,42.0,27,31.0,832617,40.1,-17041,-18.5,-338,-35.2,-7,-0.4
"48381","5","518210","78","0","2019","4","N",1,0,0,0,0,0,0,0,"N",0.15,0,0,0,0,0,0,0,"N",0,0.0,0,0,0,0,0,0,0,0,0,0,0,0,0,0
"48397","5","518210","78","0","2019","4","",6,15,13,13,251255,15336,361,1414,"",0.83,0.19,0.16,0.16,0.13,0.18,0.31,0.75,"N",2,50.0,0,0,0,0,0,0,0,0,0,0,0,0,0,0
"48401","5","518210","78","0","2019","4","N",1,0,0,0,0,0,0,0,"N",0.43,0,0,0,0,0,0,0,"N",0,0.0,0,0,0,0,0,0,0,0,0,0,0,0,0,0
"48419","5","518210","78","0","2019","4","N",1,0,0,0,0,0,0,0,"N",0.64,0,0,0,0,0,0,0,"N",0,0.0,0,0,0,0,0,0,0,0,0,0,0,0,0,0
"48423","5","518210","78","0","2019","4","",5,5,5,6,110819,5000,18,1598,"",0.29,0.02,0.02,0.02,0.02,0.02,0.01,0.78,"",-1,-16.7,-3,-37.5,-4,-44.4,-2,-25.0,-6548,-5.6,-12604,-71.6,-264,-93.6,515,47.6
"48425","5","518210","78","0","2019","4","N",1,0,0,0,0,0,0,0,"N",1.67,0,0,0,0,0,0,0,"N",0,0.0,0,0,0,0,0,0,0,0,0,0,0,0,0,0
"48439","5","518210","78","0","2019","4","",79,991,983,998,23760238,594241,17473,1845,"",0.65,0.45,0.44,0.45,0.34,0.30,0.50,0.76,"",2,2.6,-139,-12.3,-136,-12.2,-125,-11.1,-5114716,-17.7,75287,14.5,1427,8.9,-131,-6.6
"48441","5","518210","78","0","2019","4","",7,200,199,201,1728879,179641,7359,665,"",0.71,1.30,1.28,1.29,0.44,1.29,2.33,0.34,"N",3,75.0,0,0,0,0,0,0,0,0,0,0,0,0,0,0
"48449","5","518210","78","0","2019","4","N",1,0,0,0,0,0,0,0,"N",0.40,0,0,0,0,0,0,0,"N",0,0.0,0,0,0,0,0,0,0,0,0,0,0,0,0,0
"48451","5","518210","78","0","2019","4","N",3,0,0,0,0,0,0,0,"N",0.38,0,0,0,0,0,0,0,"N",1,50.0,0,0,0,0,0,0,0,0,0,0,0,0,0,0
"48453","5","518210","78","0","2019","4","",214,7133,7166,7244,244167162,6089498,138286,2616,"",1.81,3.84,3.82,3.83,3.34,3.61,4.28,0.87,"",47,28.1,1060,17.5,1015,16.5,997,16.0,48426279,24.7,1390237,29.6,26804,24.0,170,7.0
"48459","5","518210","78","0","2019","4","N",1,0,0,0,0,0,0,0,"N",0.64,0,0,0,0,0,0,0,"N",1,100.0,0,0,0,0,0,0,0,0,0,0,0,0,0,0
"48467","5","518210","78","0","2019","4","N",2,0,0,0,0,0,0,0,"N",0.72,0,0,0,0,0,0,0,"N",0,0.0,0,0,0,0,0,0,0,0,0,0,0,0,0,0
"48469","5","518210","78","0","2019","4","N",2,0,0,0,0,0,0,0,"N",0.30,0,0,0,0,0,0,0,"N",0,0.0,0,0,0,0,0,0,0,0,0,0,0,0,0,0
"48473","5","518210","78","0","2019","4","N",1,0,0,0,0,0,0,0,"N",0.42,0,0,0,0,0,0,0,"N",0,0.0,0,0,0,0,0,0,0,0,0,0,0,0,0,0
"48479","5","518210","78","0","2019","4","N",2,0,0,0,0,0,0,0,"N",0.14,0,0,0,0,0,0,0,"N",-1,-33.3,0,0,0,0,0,0,0,0,0,0,0,0,0,0
"48481","5","518210","78","0","2019","4","-",0,0,0,0,0,0,0,0,"N",0.00,0,0,0,0,0,0,0,"N",-1,-100.0,0,0,0,0,0,0,0,0,0,0,0,0,0,0
"48485","5","518210","78","0","2019","4","N",3,0,0,0,0,0,0,0,"N",0.34,0,0,0,0,0,0,0,"N",-1,-25.0,0,0,0,0,0,0,0,0,0,0,0,0,0,0
"48489","5","518210","78","0","2019","4","N",1,0,0,0,0,0,0,0,"N",1.18,0,0,0,0,0,0,0,"N",0,0.0,0,0,0,0,0,0,0,0,0,0,0,0,0,0
"48491","5","518210","78","0","2019","4","",30,289,290,292,4908963,568391,25972,1301,"",0.93,0.67,0.66,0.66,0.31,1.39,3.92,0.47,"",-2,-6.2,-61,-17.4,-49,-14.5,-55,-15.9,-115772,-2.3,68341,13.7,3360,14.9,182,16.3
"48497","5","518210","78","0","2019","4","N",1,0,0,0,0,0,0,0,"N",0.26,0,0,0,0,0,0,0,"N",1,100.0,0,0,0,0,0,0,0,0,0,0,0,0,0,0
"48999","5","518210","78","0","2019","4","",331,3808,3868,3914,162289572,4323001,62196,3231,"",3.22,5.33,5.31,5.41,4.50,4.27,1.87,0.84,"",68,25.9,1583,71.1,1599,70.5,1589,68.3,69640750,75.2,1649119,61.7,2369,4.0,96,3.1
"49000","5","518210","58","0","2019","4","",414,5756,5828,5882,122490596,22423614,92790,1618,"",1.40,1.59,1.60,1.60,1.19,1.81,1.49,0.74,"",65,18.6,253,4.6,240,4.3,261,4.6,23560095,23.8,542709,2.5,-4142,-4.3,252,18.4
"49003","5","518210","78","0","2019","4","N",1,0,0,0,0,0,0,0,"N",0.26,0,0,0,0,0,0,0,"N",1,100.0,0,0,0,0,0,0,0,0,0,0,0,0,0,0
"49005","5","518210","78","0","2019","4","",9,96,92,93,1921763,456505,662,1578,"",0.86,0.70,0.66,0.66,0.63,1.06,0.44,0.93,"",0,0.0,-33,-25.6,-30,-24.6,-30,-24.4,-2226,-0.1,-160951,-26.1,-3062,-82.2,391,32.9
"49011","5","518210","78","0","2019","4","N",20,0,0,0,0,0,0,0,"N",0.82,0,0,0,0,0,0,0,"N",8,66.7,0,0,0,0,0,0,0,0,0,0,0,0,0,0
"49015","5","518210","78","0","2019","4","N",1,0,0,0,0,0,0,0,"N",1.46,0,0,0,0,0,0,0,"N",0,0.0,0,0,0,0,0,0,0,0,0,0,0,0,0,0
"49023","5","518210","78","0","2019","4","N",1,0,0,0,0,0,0,0,"N",1.23,0,0,0,0,0,0,0,"N",1,100.0,0,0,0,0,0,0,0,0,0,0,0,0,0,0
"49035","5","518210","78","0","2019","4","",272,3107,3184,3216,65229565,13072998,63113,1583,"",2.05,1.81,1.84,1.85,1.18,2.19,2.01,0.64,"",39,16.7,195,6.7,213,7.2,221,7.4,8910086,15.8,395180,3.1,-1464,-2.3,119,8.1
"49043","5","518210","78","0","2019","4","",9,68,68,67,1262449,233491,1825,1435,"",1.09,1.12,1.08,0.92,0.72,0.91,1.10,0.70,"",0,0.0,0,0.0,-2,-2.9,-11,-14.1,4783,0.4,31321,15.5,570,45.4,91,6.8
"49049","5","518210","78","0","2019","4","",81,2237,2228,2245,48869297,7792458,23832,1681,"",1.64,3.71,3.67,3.69,2.93,3.64,2.71,0.79,"",15,22.7,39,1.8,-5,-0.2,11,0.5,13472080,38.1,168003,2.2,-496,-2.0,455,37.1
"49051","5","518210","78","0","2019","4","N",1,0,0,0,0,0,0,0,"N",0.30,0,0,0,0,0,0,0,"N",0,0.0,0,0,0,0,0,0,0,0,0,0,0,0,0,0
"49053","5","518210","78","0","2019","4","",8,133,135,134,3318858,319677,861,1905,"",0.46,0.79,0.80,0.79,0.94,0.53,0.32,1.19,"",2,33.3,41,44.6,44,48.4,46,52.3,1228657,58.8,28508,9.8,-88,-9.3,125,7.0
"49057","5","518210","78","0","2019","4","N",11,0,0,0,0,0,0,0,"N",0.64,0,0,0,0,0,0,0,"N",1,10.0,0,0,0,0,0,0,0,0,0,0,0,0,0,0
"50000","5","518210","58","0","2019","4","",77,371,379,375,6474455,233277,4780,1328,"",1.11,0.50,0.52,0.50,0.32,0.28,0.20,0.63,"",19,32.8,83,28.8,92,32.1,80,27.1,834006,14.8,-88834,-27.6,-743,-13.5,-168,-11.2
"50001","5","518210","78","0","2019","4","",5,12,12,12,139147,0,0,892,"",1.28,0.34,0.35,0.34,0.15,0.00,0.00,0.43,"",1,25.0,2,20.0,2,20.0,1,9.1,-92280,-39.9,-8038,-100.0,-80,-100.0,-831,-48.2
"50003","5","518210","78","0","2019","4","N",4,0,0,0,0,0,0,0,"N",0.96,0,0,0,0,0,0,0,"N",0,0.0,0,0,0,0,0,0,0,0,0,0,0,0,0,0
"50007","5","518210","78","0","2019","4","",27,233,245,243,3669663,190521,3991,1175,"",1.41,0.96,1.01,0.99,0.48,0.69,0.55,0.49,"",10,58.8,91,64.1,104,73.8,94,63.1,1151778,45.7,44147,30.2,1990,99.5,-170,-12.6
"50011","5","518210","78","0","2019","4","",5,16,16,16,359380,2857,28,1728,"",1.45,0.37,0.37,0.37,0.31,0.06,0.02,0.83,"",0,0.0,0,0.0,0,0.0,1,6.7,18807,5.5,311,12.2,3,12.0,56,3.3
"50015","5","518210","78","0","2019","4","N",4,0,0,0,0,0,0,0,"N",1.27,0,0,0,0,0,0,0,"N",2,100.0,0,0,0,0,0,0,0,0,0,0,0,0,0,0
"50017","5","518210","78","0","2019","4","",6,8,8,8,118916,4519,40,1143,"",2.71,0.42,0.43,0.43,0.27,0.25,0.08,0.63,"N",1,20.0,0,0,0,0,0,0,0,0,0,0,0,0,0,0
"50019","5","518210","78","0","2019","4","N",2,0,0,0,0,0,0,0,"N",0.81,0,0,0,0,0,0,0,"N",-1,-33.3,0,0,0,0,0,0,0,0,0,0,0,0,0,0
"50021","5","518210","78","0","2019","4","N",5,0,0,0,0,0,0,0,"N",0.80,0,0,0,0,0,0,0,"N",-1,-16.7,0,0,0,0,0,0,0,0,0,0,0,0,0,0
"50023","5","518210","78","0","2019","4","",6,7,7,7,160150,1750,14,1760,"",0.84,0.09,0.09,0.09,0.07,0.02,0.01,0.83,"N",2,50.0,0,0,0,0,0,0,0,0,0,0,0,0,0,0
"50025","5","518210","78","0","2019","4","",6,4,4,4,106914,12146,120,2056,"",1.13,0.08,0.08,0.08,0.08,0.20,0.07,1.07,"N",2,50.0,0,0,0,0,0,0,0,0,0,0,0,0,0,0
"50027","5","518210","78","0","2019","4","N",3,0,0,0,0,0,0,0,"N",0.46,0,0,0,0,0,0,0,"N",1,50.0,0,0,0,0,0,0,0,0,0,0,0,0,0,0
"50999","5","518210","78","0","2019","4","N",4,0,0,0,0,0,0,0,"N",1.95,0,0,0,0,0,0,0,"N",2,100.0,0,0,0,0,0,0,0,0,0,0,0,0,0,0
"51000","2","518210","58","0","2019","4","N",6,0,0,0,0,0,0,0,"N",13.04,0,0,0,0,0,0,0,"N",-3,-33.3,0,0,0,0,0,0,0,0,0,0,0,0,0,0
"51000","3","518210","58","0","2019","4","N",4,0,0,0,0,0,0,0,"N",1.46,0,0,0,0,0,0,0,"N",0,0.0,0,0,0,0,0,0,0,0,0,0,0,0,0,0
"51000","5","518210","58","0","2019","4","",817,13692,13849,13954,538929606,12638210,226693,2997,"",1.10,1.47,1.47,1.48,1.72,1.87,2.44,1.17,"",59,7.8,2711,24.7,2851,25.9,2969,27.0,210123744,63.9,5141990,68.6,33366,17.3,695,30.2
"51003","5","518210","78","0","2019","4","N",3,0,0,0,0,0,0,0,"N",0.30,0,0,0,0,0,0,0,"N",0,0.0,0,0,0,0,0,0,0,0,0,0,0,0,0,0
"51013","3","518210","78","0","2019","4","N",2,0,0,0,0,0,0,0,"N",22.46,0,0,0,0,0,0,0,"N",0,0.0,0,0,0,0,0,0,0,0,0,0,0,0,0,0
"51013","5","518210","78","0","2019","4","",48,893,871,876,131924219,674905,10310,11532,"",1.98,2.07,2.00,2.00,5.58,2.53,2.83,2.76,"",4,9.1,78,9.6,45,5.4,78,9.8,108037913,452.3,136755,25.4,-8163,-44.2,9272,410.3
"51019","5","518210","78","0","2019","4","",4,9,9,9,182714,0,0,1562,"",0.66,0.20,0.20,0.20,0.19,0.00,0.00,0.95,"N",-1,-20.0,0,0,0,0,0,0,0,0,0,0,0,0,0,0
"51023","5","518210","78","0","2019","4","N",2,0,0,0,0,0,0,0,"N",0.85,0,0,0,0,0,0,0,"N",0,0.0,0,0,0,0,0,0,0,0,0,0,0,0,0,0
"51031","5","518210","78","0","2019","4","N",1,0,0,0,0,0,0,0,"N",0.25,0,0,0,0,0,0,0,"N",0,0.0,0,0,0,0,0,0,0,0,0,0,0,0,0,0
"51033","5","518210","78","0","2019","4","N",1,0,0,0,0,0,0,0,"N",0.63,0,0,0,0,0,0,0,"N",1,100.0,0,0,0,0,0,0,0,0,0,0,0,0,0,0
"51041","2","518210","78","0","2019","4","N",1,0,0,0,0,0,0,0,"N",64.96,0,0,0,0,0,0,0,"N",0,0.0,0,0,0,0,0,0,0,0,0,0,0,0,0,0
"51041","5","518210","78","0","2019","4","",22,202,202,206,2144566,303038,12029,811,"",0.88,0.63,0.61,0.61,0.24,1.11,3.21,0.39,"",3,15.8,-24,-10.6,-26,-11.4,-27,-11.6,-730775,-25.4,11192,3.8,476,4.1,-155,-16.0
"51047","5","518210","78","0","2019","4","N",2,0,0,0,0,0,0,0,"N",0.51,0,0,0,0,0,0,0,"N",-1,-33.3,0,0,0,0,0,0,0,0,0,0,0,0,0,0
"51059","5","518210","78","0","2019","4","",186,6519,6587,6638,236456566,7307283,123246,2764,"",1.90,4.42,4.43,4.43,3.31,6.91,8.67,0.75,"",9,5.1,2393,58.0,2453,59.3,2503,60.5,96810058,69.3,4080198,126.4,41232,50.3,164,6.3
"51061","5","518210","78","0","2019","4","N",5,0,0,0,0,0,0,0,"N",0.78,0,0,0,0,0,0,0,"N",2,66.7,0,0,0,0,0,0,0,0,0,0,0,0,0,0
"51065","5","518210","78","0","2019","4","N",1,0,0,0,0,0,0,0,"N",0.64,0,0,0,0,0,0,0,"N",0,0.0,0,0,0,0,0,0,0,0,0,0,0,0,0,0
"51067","5","518210","78","0","2019","4","N",1,0,0,0,0,0,0,0,"N",0.25,0,0,0,0,0,0,0,"N",0,0.0,0,0,0,0,0,0,0,0,0,0,0,0,0,0
"51069","5","518210","78","0","2019","4","N",1,0,0,0,0,0,0,0,"N",0.19,0,0,0,0,0,0,0,"N",-1,-50.0,0,0,0,0,0,0,0,0,0,0,0,0,0,0
"51071","5","518210","78","0","2019","4","N",1,0,0,0,0,0,0,0,"N",0.97,0,0,0,0,0,0,0,"N",0,0.0,0,0,0,0,0,0,0,0,0,0,0,0,0,0
"51075","5","518210","78","0","2019","4","N",3,0,0,0,0,0,0,0,"N",1.35,0,0,0,0,0,0,0,"N",0,0.0,0,0,0,0,0,0,0,0,0,0,0,0,0,0
"51079","5","518210","78","0","2019","4","N",1,0,0,0,0,0,0,0,"N",0.75,0,0,0,0,0,0,0,"N",0,0.0,0,0,0,0,0,0,0,0,0,0,0,0,0,0
"51083","2","518210","78","0","2019","4","-",0,0,0,0,0,0,0,0,"N",0.00,0,0,0,0,0,0,0,"N",-1,-100.0,0,0,0,0,0,0,0,0,0,0,0,0,0,0
"51083","5","518210","78","0","2019","4","N",2,0,0,0,0,0,0,0,"N",0.73,0,0,0,0,0,0,0,"N",1,100.0,0,0,0,0,0,0,0,0,0,0,0,0,0,0
"51085","5","518210","78","0","2019","4","",8,37,41,44,607388,59575,803,1149,"",0.79,0.29,0.31,0.33,0.19,0.59,0.66,0.60,"",-1,-11.1,6,19.4,12,41.4,11,33.3,229864,60.9,24468,69.7,-560,-41.1,212,22.6
"51087","5","518210","78","0","2019","4","",23,71,72,72,4970225,46405,1064,5335,"",0.73,0.16,0.16,0.16,0.36,0.13,0.21,2.28,"",-2,-8.0,-26,-26.8,-17,-19.1,-16,-18.2,-5124016,-50.8,-7451,-13.8,-196,-15.6,-3167,-37.3
"51089","5","518210","78","0","2019","4","N",1,0,0,0,0,0,0,0,"N",0.23,0,0,0,0,0,0,0,"N",0,0.0,0,0,0,0,0,0,0,0,0,0,0,0,0,0
"51093","2","518210","78","0","2019","4","N",1,0,0,0,0,0,0,0,"N",715.54,0,0,0,0,0,0,0,"N",0,0.0,0,0,0,0,0,0,0,0,0,0,0,0,0,0
"51093","5","518210","78","0","2019","4","N",1,0,0,0,0,0,0,0,"N",0.44,0,0,0,0,0,0,0,"N",0,0.0,0,0,0,0,0,0,0,0,0,0,0,0,0,0
"51095","5","518210","78","0","2019","4","N",4,0,0,0,0,0,0,0,"N",0.75,0,0,0,0,0,0,0,"N",0,0.0,0,0,0,0,0,0,0,0,0,0,0,0,0,0
"51099","5","518210","78","0","2019","4","N",2,0,0,0,0,0,0,0,"N",1.23,0,0,0,0,0,0,0,"N",1,100.0,0,0,0,0,0,0,0,0,0,0,0,0,0,0
"51103","5","518210","78","0","2019","4","N",1,0,0,0,0,0,0,0,"N",0.76,0,0,0,0,0,0,0,"N",0,0.0,0,0,0,0,0,0,0,0,0,0,0,0,0,0
"51107","3","518210","78","0","2019","4","N",1,0,0,0,0,0,0,0,"N",8.03,0,0,0,0,0,0,0,"N",0,0.0,0,0,0,0,0,0,0,0,0,0,0,0,0,0
"51107","5","518210","78","0","2019","4","",83,2082,2103,2093,65484606,1266343,24951,2407,"",2.45,4.99,5.01,4.96,4.16,4.06,6.58,0.83,"",1,1.2,31,1.5,32,1.5,-14,-0.7,-3355586,-4.9,47731,3.9,2798,12.6,-143,-5.6
"51115","5","518210","78","0","2019","4","N",1,0,0,0,0,0,0,0,"N",1.68,0,0,0,0,0,0,0,"N",0,0.0,0,0,0,0,0,0,0,0,0,0,0,0,0,0
"51117","5","518210","78","0","2019","4","N",2,0,0,0,0,0,0,0,"N",0.68,0,0,0,0,0,0,0,"N",-1,-33.3,0,0,0,0,0,0,0,0,0,0,0,0,0,0
"51121","5","518210","78","0","2019","4","N",6,0,0,0,0,0,0,0,"N",0.96,0,0,0,0,0,0,0,"N",0,0.0,0,0,0,0,0,0,0,0,0,0,0,0,0,0
"51141","5","518210","78","0","2019","4","N",1,0,0,0,0,0,0,0,"N",0.70,0,0,0,0,0,0,0,"N",0,0.0,0,0,0,0,0,0,0,0,0,0,0,0,0,0
"51145","5","518210","78","0","2019","4","N",1,0,0,0,0,0,0,0,"N",0.46,0,0,0,0,0,0,0,"N",0,0.0,0,0,0,0,0,0,0,0,0,0,0,0,0,0
"51149","5","518210","78","0","2019","4","N",1,0,0,0,0,0,0,0,"N",0.59,0,0,0,0,0,0,0,"N",0,0.0,0,0,0,0,0,0,0,0,0,0,0,0,0,0
"51153","5","518210","78","0","2019","4","",29,226,240,252,6293106,194568,2673,2023,"",1.14,0.72,0.76,0.79,0.70,0.83,1.07,0.92,"",0,0.0,-3,-1.3,11,4.8,32,14.5,-3988200,-38.8,7029,3.7,-1139,-29.9,-1476,-42.2
"51161","5","518210","78","0","2019","4","N",1,0,0,0,0,0,0,0,"N",0.15,0,0,0,0,0,0,0,"N",0,0.0,0,0,0,0,0,0,0,0,0,0,0,0,0,0
"51165","2","518210","78","0","2019","4","N",1,0,0,0,0,0,0,0,"N",328.47,0,0,0,0,0,0,0,"N",0,0.0,0,0,0,0,0,0,0,0,0,0,0,0,0,0
"51169","2","518210","78","0","2019","4","N",1,0,0,0,0,0,0,0,"N",1414.47,0,0,0,0,0,0,0,"N",0,0.0,0,0,0,0,0,0,0,0,0,0,0,0,0,0
"51169","5","518210","78","0","2019","4","N",1,0,0,0,0,0,0,0,"N",0.87,0,0,0,0,0,0,0,"N",-1,-50.0,0,0,0,0,0,0,0,0,0,0,0,0,0,0
"51171","5","518210","78","0","2019","4","N",2,0,0,0,0,0,0,0,"N",0.65,0,0,0,0,0,0,0,"N",1,100.0,0,0,0,0,0,0,0,0,0,0,0,0,0,0
"51177","2","518210","78","0","2019","4","N",1,0,0,0,0,0,0,0,"N",192.86,0,0,0,0,0,0,0,"N",0,0.0,0,0,0,0,0,0,0,0,0,0,0,0,0,0
"51177","5","518210","78","0","2019","4","N",2,0,0,0,0,0,0,0,"N",0.24,0,0,0,0,0,0,0,"N",-1,-33.3,0,0,0,0,0,0,0,0,0,0,0,0,0,0
"51179","5","518210","78","0","2019","4","N",7,0,0,0,0,0,0,0,"N",0.92,0,0,0,0,0,0,0,"N",2,40.0,0,0,0,0,0,0,0,0,0,0,0,0,0,0
"51185","5","518210","78","0","2019","4","N",2,0,0,0,0,0,0,0,"N",0.70,0,0,0,0,0,0,0,"N",0,0.0,0,0,0,0,0,0,0,0,0,0,0,0,0,0
"51187","5","518210","78","0","2019","4","N",1,0,0,0,0,0,0,0,"N",0.35,0,0,0,0,0,0,0,"N",0,0.0,0,0,0,0,0,0,0,0,0,0,0,0,0,0
"51191","5","518210","78","0","2019","4","N",1,0,0,0,0,0,0,0,"N",0.25,0,0,0,0,0,0,0,"N",0,0.0,0,0,0,0,0,0,0,0,0,0,0,0,0,0
"51195","5","518210","78","0","2019","4","N",1,0,0,0,0,0,0,0,"N",0.42,0,0,0,0,0,0,0,"N",1,100.0,0,0,0,0,0,0,0,0,0,0,0,0,0,0
"51197","2","518210","78","0","2019","4","N",1,0,0,0,0,0,0,0,"N",680.40,0,0,0,0,0,0,0,"N",0,0.0,0,0,0,0,0,0,0,0,0,0,0,0,0,0
"51199","5","518210","78","0","2019","4","",5,26,25,26,295590,2918,51,886,"",1.16,0.51,0.50,0.52,0.25,0.08,0.13,0.50,"",-1,-16.7,-2,-7.1,-3,-10.7,-2,-7.1,9412,3.3,1000,52.1,-44,-46.3,100,12.7
"51510","5","518210","78","0","2019","4","",23,271,290,303,6315239,185918,5517,1687,"",1.39,1.27,1.35,1.40,0.65,1.36,2.87,0.48,"",1,4.5,-14,-4.9,12,4.3,20,7.1,-1051652,-14.3,21194,12.9,1722,45.4,-323,-16.1
"51540","5","518210","78","0","2019","4","N",6,0,0,0,0,0,0,0,"N",0.90,0,0,0,0,0,0,0,"N",0,0.0,0,0,0,0,0,0,0,0,0,0,0,0,0,0
"51550","5","518210","78","0","2019","4","",9,263,264,278,3168699,114816,3072,908,"",0.54,1.08,1.07,1.12,0.52,0.61,1.05,0.47,"N",2,28.6,0,0,0,0,0,0,0,0,0,0,0,0,0,0
"51590","5","518210","78","0","2019","4","N",1,0,0,0,0,0,0,0,"N",0.21,0,0,0,0,0,0,0,"N",0,0.0,0,0,0,0,0,0,0,0,0,0,0,0,0,0
"51600","5","518210","78","0","2019","4","N",3,0,0,0,0,0,0,0,"N",0.67,0,0,0,0,0,0,0,"N",0,0.0,0,0,0,0,0,0,0,0,0,0,0,0,0,0
"51610","5","518210","78","0","2019","4","N",2,0,0,0,0,0,0,0,"N",0.74,0,0,0,0,0,0,0,"N",-1,-33.3,0,0,0,0,0,0,0,0,0,0,0,0,0,0
"51630","5","518210","78","0","2019","4","N",4,0,0,0,0,0,0,0,"N",0.89,0,0,0,0,0,0,0,"N",2,100.0,0,0,0,0,0,0,0,0,0,0,0,0,0,0
"51650","5","518210","78","0","2019","4","",4,33,32,30,336202,52914,2780,817,"",0.53,0.26,0.25,0.24,0.10,0.67,2.50,0.38,"",0,0.0,-15,-31.2,-11,-25.6,-10,-25.0,-214832,-39.0,19050,56.3,678,32.3,-154,-15.9
"51660","5","518210","78","0","2019","4","N",1,0,0,0,0,0,0,0,"N",0.22,0,0,0,0,0,0,0,"N",1,100.0,0,0,0,0,0,0,0,0,0,0,0,0,0,0
"51680","5","518210","78","0","2019","4","N",2,0,0,0,0,0,0,0,"N",0.28,0,0,0,0,0,0,0,"N",1,100.0,0,0,0,0,0,0,0,0,0,0,0,0,0,0
"51683","5","518210","78","0","2019","4","N",2,0,0,0,0,0,0,0,"N",0.49,0,0,0,0,0,0,0,"N",0,0.0,0,0,0,0,0,0,0,0,0,0,0,0,0,0
"51685","5","518210","78","0","2019","4","N",2,0,0,0,0,0,0,0,"N",2.45,0,0,0,0,0,0,0,"N",0,0.0,0,0,0,0,0,0,0,0,0,0,0,0,0,0
"51690","5","518210","78","0","2019","4","N",1,0,0,0,0,0,0,0,"N",0.38,0,0,0,0,0,0,0,"N",0,0.0,0,0,0,0,0,0,0,0,0,0,0,0,0,0
"51700","5","518210","78","0","2019","4","N",2,0,0,0,0,0,0,0,"N",0.19,0,0,0,0,0,0,0,"N",1,100.0,0,0,0,0,0,0,0,0,0,0,0,0,0,0
"51710","5","518210","78","0","2019","4","N",10,0,0,0,0,0,0,0,"N",0.61,0,0,0,0,0,0,0,"N",-2,-16.7,0,0,0,0,0,0,0,0,0,0,0,0,0,0
"51740","5","518210","78","0","2019","4","N",2,0,0,0,0,0,0,0,"N",0.41,0,0,0,0,0,0,0,"N",0,0.0,0,0,0,0,0,0,0,0,0,0,0,0,0,0
"51760","2","518210","78","0","2019","4","-",0,0,0,0,0,0,0,0,"N",0.00,0,0,0,0,0,0,0,"N",-1,-100.0,0,0,0,0,0,0,0,0,0,0,0,0,0,0
"51760","3","518210","78","0","2019","4","N",1,0,0,0,0,0,0,0,"N",12.84,0,0,0,0,0,0,0,"N",0,0.0,0,0,0,0,0,0,0,0,0,0,0,0,0,0
"51760","5","518210","78","0","2019","4","N",17,0,0,0,0,0,0,0,"N",0.80,0,0,0,0,0,0,0,"N",-2,-10.5,0,0,0,0,0,0,0,0,0,0,0,0,0,0
"51770","5","518210","78","0","2019","4","N",4,0,0,0,0,0,0,0,"N",0.44,0,0,0,0,0,0,0,"N",-1,-20.0,0,0,0,0,0,0,0,0,0,0,0,0,0,0
"51800","5","518210","78","0","2019","4","N",1,0,0,0,0,0,0,0,"N",0.20,0,0,0,0,0,0,0,"N",1,100.0,0,0,0,0,0,0,0,0,0,0,0,0,0,0
"51810","2","518210","78","0","2019","4","-",0,0,0,0,0,0,0,0,"N",0.00,0,0,0,0,0,0,0,"N",-1,-100.0,0,0,0,0,0,0,0,0,0,0,0,0,0,0
"51810","5","518210","78","0","2019","4","",16,492,509,499,7601478,465745,7864,1169,"",0.49,1.16,1.20,1.17,0.71,1.39,1.81,0.60,"",-3,-15.8,10,2.1,39,8.3,36,7.8,421352,5.9,138987,42.5,3630,85.7,-2,-0.2
"51830","5","518210","78","0","2019","4","N",1,0,0,0,0,0,0,0,"N",0.70,0,0,0,0,0,0,0,"N",0,0.0,0,0,0,0,0,0,0,0,0,0,0,0,0,0
"51999","5","518210","78","0","2019","4","",233,1008,1042,1070,39959035,1306250,22288,2956,"",2.73,3.06,3.12,3.22,2.46,3.04,2.38,0.79,"",45,23.9,463,85.0,493,89.8,525,96.3,18064945,82.5,682744,109.5,4719,26.9,-127,-4.1
"53000","2","518210","58","0","2019","4","N",1,0,0,0,0,0,0,0,"N",2.39,0,0,0,0,0,0,0,"N",0,0.0,0,0,0,0,0,0,0,0,0,0,0,0,0,0
"53000","5","518210","58","0","2019","4","",834,14344,14485,14630,559471368,76937596,745023,2971,"",1.23,1.75,1.78,1.79,1.81,2.10,1.95,1.02,"",36,4.5,2494,21.0,2431,20.2,2815,23.8,45972852,9.0,14129537,22.5,53403,7.7,-347,-10.5
"53001","5","518210","78","0","2019","4","N",1,0,0,0,0,0,0,0,"N",0.43,0,0,0,0,0,0,0,"N",0,0.0,0,0,0,0,0,0,0,0,0,0,0,0,0,0
"53003","5","518210","78","0","2019","4","N",1,0,0,0,0,0,0,0,"N",0.58,0,0,0,0,0,0,0,"N",0,0.0,0,0,0,0,0,0,0,0,0,0,0,0,0,0
"53005","5","518210","78","0","2019","4","",9,56,56,57,968572,294456,5079,1323,"",0.55,0.25,0.26,0.26,0.14,0.32,0.45,0.55,"",1,12.5,-1,-1.8,0,0.0,1,1.8,6209,0.6,40780,16.1,-1875,-27.0,9,0.7
"53007","5","518210","78","0","2019","4","",6,50,49,47,773746,233925,2877,1223,"",0.65,0.47,0.49,0.47,0.32,0.48,0.46,0.67,"",-1,-14.3,1,2.0,0,0.0,-6,-11.3,-61595,-7.4,-98974,-29.7,-1521,-34.6,-54,-4.2
"53009","5","518210","78","0","2019","4","N",1,0,0,0,0,0,0,0,"N",0.15,0,0,0,0,0,0,0,"N",-1,-50.0,0,0,0,0,0,0,0,0,0,0,0,0,0,0
"53011","5","518210","78","0","2019","4","",69,907,919,947,20793258,5953011,66703,1730,"",1.65,2.33,2.35,2.41,1.70,3.21,3.61,0.72,"",2,3.0,510,128.5,517,128.6,546,136.2,12728340,157.8,3796728,176.1,41315,162.7,179,11.5
"53013","5","518210","78","0","2019","4","N",1,0,0,0,0,0,0,0,"N",1.52,0,0,0,0,0,0,0,"N",0,0.0,0,0,0,0,0,0,0,0,0,0,0,0,0,0
"53015","5","518210","78","0","2019","4","N",2,0,0,0,0,0,0,0,"N",0.24,0,0,0,0,0,0,0,"N",-1,-33.3,0,0,0,0,0,0,0,0,0,0,0,0,0,0
"53017","5","518210","78","0","2019","4","N",2,0,0,0,0,0,0,0,"N",0.59,0,0,0,0,0,0,0,"N",1,100.0,0,0,0,0,0,0,0,0,0,0,0,0,0,0
"53021","5","518210","78","0","2019","4","N",1,0,0,0,0,0,0,0,"N",0.13,0,0,0,0,0,0,0,"N",0,0.0,0,0,0,0,0,0,0,0,0,0,0,0,0,0
"53025","5","518210","78","0","2019","4","",8,219,224,221,8036243,980133,16179,2793,"",0.90,2.22,2.44,2.53,3.43,2.17,2.33,1.43,"",-1,-11.1,25,12.9,30,15.5,22,11.1,1121989,16.2,306446,45.5,4052,33.4,75,2.8
"53027","5","518210","78","0","2019","4","N",2,0,0,0,0,0,0,0,"N",0.31,0,0,0,0,0,0,0,"N",1,100.0,0,0,0,0,0,0,0,0,0,0,0,0,0,0
"53029","5","518210","78","0","2019","4","N",3,0,0,0,0,0,0,0,"N",0.54,0,0,0,0,0,0,0,"N",1,50.0,0,0,0,0,0,0,0,0,0,0,0,0,0,0
"53031","5","518210","78","0","2019","4","N",3,0,0,0,0,0,0,0,"N",0.98,0,0,0,0,0,0,0,"N",0,0.0,0,0,0,0,0,0,0,0,0,0,0,0,0,0
"53033","5","518210","78","0","2019","4","",477,11734,11833,11949,497454265,61896831,574581,3232,"",1.96,3.46,3.47,3.46,2.89,3.91,3.78,0.84,"",29,6.5,1920,19.6,1823,18.2,2197,22.5,29369467,6.3,9405247,17.9,-8503,-1.5,-420,-11.5
"53035","5","518210","78","0","2019","4","",14,44,41,41,879897,121669,2535,1612,"",0.75,0.20,0.19,0.19,0.13,0.16,0.35,0.69,"N",-1,-6.7,0,0,0,0,0,0,0,0,0,0,0,0,0,0
"53037","5","518210","78","0","2019","4","N",3,0,0,0,0,0,0,0,"N",0.78,0,0,0,0,0,0,0,"N",1,50.0,0,0,0,0,0,0,0,0,0,0,0,0,0,0
"53039","5","518210","78","0","2019","4","N",2,0,0,0,0,0,0,0,"N",0.91,0,0,0,0,0,0,0,"N",2,100.0,0,0,0,0,0,0,0,0,0,0,0,0,0,0
"53041","5","518210","78","0","2019","4","N",2,0,0,0,0,0,0,0,"N",0.29,0,0,0,0,0,0,0,"N",0,0.0,0,0,0,0,0,0,0,0,0,0,0,0,0,0
"53045","5","518210","78","0","2019","4","N",1,0,0,0,0,0,0,0,"N",0.26,0,0,0,0,0,0,0,"N",0,0.0,0,0,0,0,0,0,0,0,0,0,0,0,0,0
"53051","5","518210","78","0","2019","4","N",1,0,0,0,0,0,0,0,"N",0.93,0,0,0,0,0,0,0,"N",0,0.0,0,0,0,0,0,0,0,0,0,0,0,0,0,0
"53053","5","518210","78","0","2019","4","",43,147,148,146,4101110,787032,9312,2146,"",0.68,0.20,0.20,0.19,0.18,0.24,0.27,0.94,"",-3,-6.5,-4,-2.6,-3,-2.0,-2,-1.4,295846,7.8,33986,4.5,-1884,-16.8,195,10.0
"53055","5","518210","78","0","2019","4","",3,7,7,7,231636,36054,411,2545,"",1.10,0.50,0.52,0.53,0.78,0.53,0.71,1.52,"N",0,0.0,0,0,0,0,0,0,0,0,0,0,0,0,0,0
"53057","5","518210","78","0","2019","4","",6,36,38,39,2198095,166077,1577,4489,"",0.54,0.29,0.31,0.32,0.62,0.30,0.24,2.04,"N",-1,-14.3,0,0,0,0,0,0,0,0,0,0,0,0,0,0
"53059","5","518210","78","0","2019","4","N",3,0,0,0,0,0,0,0,"N",4.06,0,0,0,0,0,0,0,"N",1,50.0,0,0,0,0,0,0,0,0,0,0,0,0,0,0
"53061","5","518210","78","0","2019","4","",58,326,330,335,7616208,1930657,18516,1774,"",0.99,0.47,0.48,0.48,0.32,0.63,0.64,0.68,"",5,9.4,-20,-5.8,-15,-4.3,-20,-5.6,-233581,-3.0,343953,21.7,2912,18.7,42,2.4
"53063","5","518210","78","0","2019","4","",38,192,190,198,3659506,1290823,10253,1456,"",0.84,0.35,0.35,0.36,0.24,0.55,0.37,0.68,"N",4,11.8,0,0,0,0,0,0,0,0,0,0,0,0,0,0
"53065","5","518210","78","0","2019","4","N",1,0,0,0,0,0,0,0,"N",0.31,0,0,0,0,0,0,0,"N",0,0.0,0,0,0,0,0,0,0,0,0,0,0,0,0,0
"53067","2","518210","78","0","2019","4","N",1,0,0,0,0,0,0,0,"N",68.84,0,0,0,0,0,0,0,"N",0,0.0,0,0,0,0,0,0,0,0,0,0,0,0,0,0
"53067","5","518210","78","0","2019","4","",30,222,238,229,2329101,825328,8922,780,"",1.28,0.79,0.85,0.81,0.28,0.79,0.83,0.34,"",-1,-3.2,73,49.0,86,56.6,80,53.7,177769,8.3,-343098,-29.4,-3559,-28.5,-323,-29.3
"53071","5","518210","78","0","2019","4","",4,21,21,21,202158,159132,632,741,"",0.68,0.31,0.31,0.33,0.12,0.52,0.21,0.37,"N",1,33.3,0,0,0,0,0,0,0,0,0,0,0,0,0,0
"53073","5","518210","78","0","2019","4","",16,139,144,147,2267672,851297,12044,1217,"",0.80,0.64,0.66,0.68,0.38,0.86,1.18,0.58,"",-6,-27.3,11,8.6,15,11.6,18,14.0,207031,10.0,12681,1.5,6852,132.0,-15,-1.2
"53075","5","518210","78","0","2019","4","N",2,0,0,0,0,0,0,0,"N",0.59,0,0,0,0,0,0,0,"N",1,100.0,0,0,0,0,0,0,0,0,0,0,0,0,0,0
"53077","5","518210","78","0","2019","4","N",2,0,0,0,0,0,0,0,"N",0.09,0,0,0,0,0,0,0,"N",-1,-33.3,0,0,0,0,0,0,0,0,0,0,0,0,0,0
"53999","5","518210","78","0","2019","4","",19,120,125,128,5066764,668192,6049,3135,"",3.04,2.64,2.73,2.77,2.08,2.36,1.49,0.77,"",5,35.7,22,22.4,22,21.4,24,23.1,1266710,33.3,237703,55.2,3393,127.7,260,9.0
"54000","2","518210","58","0","2019","4","N",1,0,0,0,0,0,0,0,"N",11.90,0,0,0,0,0,0,0,"N",0,0.0,0,0,0,0,0,0,0,0,0,0,0,0,0,0
"54000","5","518210","58","0","2019","4","",108,1043,1049,1058,16329770,782990,20393,1196,"",0.79,0.64,0.64,0.65,0.40,0.51,0.44,0.62,"",15,16.1,-25,-2.3,-13,-1.2,-6,-0.6,357035,2.2,167645,27.2,-31,-0.2,42,3.6
"54003","5","518210","78","0","2019","4","N",7,0,0,0,0,0,0,0,"N",1.26,0,0,0,0,0,0,0,"N",-2,-22.2,0,0,0,0,0,0,0,0,0,0,0,0,0,0
"54011","5","518210","78","0","2019","4","",3,16,17,18,185157,6836,103,838,"",0.41,0.13,0.14,0.14,0.06,0.06,0.04,0.45,"N",0,0.0,0,0,0,0,0,0,0,0,0,0,0,0,0,0
"54025","5","518210","78","0","2019","4","N",1,0,0,0,0,0,0,0,"N",0.33,0,0,0,0,0,0,0,"N",0,0.0,0,0,0,0,0,0,0,0,0,0,0,0,0,0
"54033","5","518210","78","0","2019","4","N",1,0,0,0,0,0,0,0,"N",0.18,0,0,0,0,0,0,0,"N",0,0.0,0,0,0,0,0,0,0,0,0,0,0,0,0,0
"54037","5","518210","78","0","2019","4","N",3,0,0,0,0,0,0,0,"N",0.96,0,0,0,0,0,0,0,"N",-1,-25.0,0,0,0,0,0,0,0,0,0,0,0,0,0,0
"54039","5","518210","78","0","2019","4","",10,207,207,206,3307463,73132,2336,1231,"",0.67,0.91,0.90,0.90,0.55,0.38,0.45,0.60,"",1,11.1,-9,-4.2,-8,-3.7,-13,-5.9,-84073,-2.5,-57908,-44.2,-1738,-42.7,27,2.2
"54049","5","518210","78","0","2019","4","N",1,0,0,0,0,0,0,0,"N",0.28,0,0,0,0,0,0,0,"N",0,0.0,0,0,0,0,0,0,0,0,0,0,0,0,0,0
"54057","5","518210","78","0","2019","4","N",2,0,0,0,0,0,0,0,"N",1.42,0,0,0,0,0,0,0,"N",0,0.0,0,0,0,0,0,0,0,0,0,0,0,0,0,0
"54061","2","518210","78","0","2019","4","N",1,0,0,0,0,0,0,0,"N",223.64,0,0,0,0,0,0,0,"N",0,0.0,0,0,0,0,0,0,0,0,0,0,0,0,0,0
"54061","5","518210","78","0","2019","4","N",7,0,0,0,0,0,0,0,"N",0.97,0,0,0,0,0,0,0,"N",0,0.0,0,0,0,0,0,0,0,0,0,0,0,0,0,0
"54071","5","518210","78","0","2019","4","N",1,0,0,0,0,0,0,0,"N",1.95,0,0,0,0,0,0,0,"N",0,0.0,0,0,0,0,0,0,0,0,0,0,0,0,0,0
"54081","5","518210","78","0","2019","4","N",1,0,0,0,0,0,0,0,"N",0.17,0,0,0,0,0,0,0,"N",0,0.0,0,0,0,0,0,0,0,0,0,0,0,0,0,0
"54083","5","518210","78","0","2019","4","N",1,0,0,0,0,0,0,0,"N",0.44,0,0,0,0,0,0,0,"N",0,0.0,0,0,0,0,0,0,0,0,0,0,0,0,0,0
"54085","5","518210","78","0","2019","4","N",1,0,0,0,0,0,0,0,"N",1.57,0,0,0,0,0,0,0,"N",1,100.0,0,0,0,0,0,0,0,0,0,0,0,0,0,0
"54091","5","518210","78","0","2019","4","N",2,0,0,0,0,0,0,0,"N",2.76,0,0,0,0,0,0,0,"N",0,0.0,0,0,0,0,0,0,0,0,0,0,0,0,0,0
"54107","5","518210","78","0","2019","4","N",2,0,0,0,0,0,0,0,"N",0.34,0,0,0,0,0,0,0,"N",-1,-33.3,0,0,0,0,0,0,0,0,0,0,0,0,0,0
"54999","5","518210","78","0","2019","4","",65,117,116,124,2231022,177660,4978,1442,"",3.57,1.69,1.71,1.85,0.92,1.42,0.90,0.53,"",19,41.3,32,37.6,25,27.5,32,34.8,597981,36.6,103933,141.0,3078,162.0,36,2.6
"55000","3","518210","58","0","2019","4","N",1,0,0,0,0,0,0,0,"N",0.58,0,0,0,0,0,0,0,"N",0,0.0,0,0,0,0,0,0,0,0,0,0,0,0,0,0
"55000","5","518210","58","0","2019","4","",295,8392,8513,8552,247705049,8198483,150448,2245,"",0.63,1.23,1.24,1.24,1.28,1.12,1.09,1.03,"",37,14.3,331,4.1,365,4.5,434,5.3,71486645,40.6,1111040,15.7,11290,8.1,573,34.3
"55005","5","518210","78","0","2019","4","N",1,0,0,0,0,0,0,0,"N",0.25,0,0,0,0,0,0,0,"N",0,0.0,0,0,0,0,0,0,0,0,0,0,0,0,0,0
"55009","5","518210","78","0","2019","4","",9,44,45,43,568164,59957,2129,993,"",0.47,0.12,0.12,0.11,0.05,0.16,0.33,0.44,"N",0,0.0,0,0,0,0,0,0,0,0,0,0,0,0,0,0
"55011","5","518210","78","0","2019","4","N",1,0,0,0,0,0,0,0,"N",0.99,0,0,0,0,0,0,0,"N",0,0.0,0,0,0,0,0,0,0,0,0,0,0,0,0,0
"55017","5","518210","78","0","2019","4","N",1,0,0,0,0,0,0,0,"N",0.22,0,0,0,0,0,0,0,"N",0,0.0,0,0,0,0,0,0,0,0,0,0,0,0,0,0
"55025","5","518210","78","0","2019","4","",38,1402,1400,1410,30625106,1714751,36495,1678,"",0.88,1.72,1.70,1.70,1.14,2.09,2.60,0.67,"",-2,-5.0,117,9.1,133,10.5,140,11.0,5109017,20.0,452574,35.9,9288,34.1,137,8.9
"55027","5","518210","78","0","2019","4","N",1,0,0,0,0,0,0,0,"N",0.20,0,0,0,0,0,0,0,"N",0,0.0,0,0,0,0,0,0,0,0,0,0,0,0,0,0
"55031","5","518210","78","0","2019","4","",3,154,154,177,1263423,307059,3716,601,"",0.97,4.10,4.13,4.72,1.45,7.11,3.72,0.34,"",-1,-25.0,-6,-3.8,0,0.0,30,20.4,339097,36.7,-9417,-3.0,-3458,-48.2,138,29.8
"55035","5","518210","78","0","2019","4","N",1,0,0,0,0,0,0,0,"N",0.13,0,0,0,0,0,0,0,"N",-1,-50.0,0,0,0,0,0,0,0,0,0,0,0,0,0,0
"55039","5","518210","78","0","2019","4","N",1,0,0,0,0,0,0,0,"N",0.16,0,0,0,0,0,0,0,"N",0,0.0,0,0,0,0,0,0,0,0,0,0,0,0,0,0
"55045","5","518210","78","0","2019","4","N",2,0,0,0,0,0,0,0,"N",0.72,0,0,0,0,0,0,0,"N",1,100.0,0,0,0,0,0,0,0,0,0,0,0,0,0,0
"55055","5","518210","78","0","2019","4","N",3,0,0,0,0,0,0,0,"N",0.52,0,0,0,0,0,0,0,"N",1,50.0,0,0,0,0,0,0,0,0,0,0,0,0,0,0
"55057","5","518210","78","0","2019","4","N",1,0,0,0,0,0,0,0,"N",0.57,0,0,0,0,0,0,0,"N",1,100.0,0,0,0,0,0,0,0,0,0,0,0,0,0,0
"55059","5","518210","78","0","2019","4","",6,111,115,119,4328948,127095,2777,2896,"",0.60,0.70,0.71,0.73,1.03,0.60,0.65,1.45,"N",2,50.0,0,0,0,0,0,0,0,0,0,0,0,0,0,0
"55063","5","518210","78","0","2019","4","",7,250,267,259,3352147,792685,16343,997,"",0.81,1.52,1.62,1.56,0.79,4.76,5.94,0.50,"",1,16.7,107,74.8,105,64.8,86,49.7,1182857,54.5,123455,18.4,4590,39.1,-50,-4.8
"55073","3","518210","78","0","2019","4","N",1,0,0,0,0,0,0,0,"N",28.01,0,0,0,0,0,0,0,"N",0,0.0,0,0,0,0,0,0,0,0,0,0,0,0,0,0
"55073","5","518210","78","0","2019","4","",4,19,21,21,246491,15130,218,933,"",0.41,0.11,0.12,0.12,0.06,0.09,0.08,0.46,"N",2,100.0,0,0,0,0,0,0,0,0,0,0,0,0,0,0
"55079","5","518210","78","0","2019","4","",35,3082,3084,3084,70025737,1573866,24366,1747,"",0.48,2.68,2.67,2.65,1.96,1.24,1.02,0.73,"",9,34.6,681,28.4,681,28.3,117,3.9,15069224,27.4,465324,42.0,11513,89.6,115,7.0
"55083","5","518210","78","0","2019","4","N",1,0,0,0,0,0,0,0,"N",0.46,0,0,0,0,0,0,0,"N",1,100.0,0,0,0,0,0,0,0,0,0,0,0,0,0,0
"55087","5","518210","78","0","2019","4","N",1,0,0,0,0,0,0,0,"N",0.07,0,0,0,0,0,0,0,"N",0,0.0,0,0,0,0,0,0,0,0,0,0,0,0,0,0
"55089","5","518210","78","0","2019","4","N",5,0,0,0,0,0,0,0,"N",0.63,0,0,0,0,0,0,0,"N",0,0.0,0,0,0,0,0,0,0,0,0,0,0,0,0,0
"55099","5","518210","78","0","2019","4","N",1,0,0,0,0,0,0,0,"N",0.80,0,0,0,0,0,0,0,"N",0,0.0,0,0,0,0,0,0,0,0,0,0,0,0,0,0
"55101","5","518210","78","0","2019","4","N",3,0,0,0,0,0,0,0,"N",0.24,0,0,0,0,0,0,0,"N",1,50.0,0,0,0,0,0,0,0,0,0,0,0,0,0,0
"55105","5","518210","78","0","2019","4","",7,675,670,666,7964022,832516,22697,914,"",0.73,4.23,4.19,4.15,1.91,4.61,5.98,0.46,"N",1,16.7,0,0,0,0,0,0,0,0,0,0,0,0,0,0
"55109","5","518210","78","0","2019","4","N",2,0,0,0,0,0,0,0,"N",0.31,0,0,0,0,0,0,0,"N",0,0.0,0,0,0,0,0,0,0,0,0,0,0,0,0,0
"55115","5","518210","78","0","2019","4","N",1,0,0,0,0,0,0,0,"N",0.36,0,0,0,0,0,0,0,"N",-1,-50.0,0,0,0,0,0,0,0,0,0,0,0,0,0,0
"55117","5","518210","78","0","2019","4","N",2,0,0,0,0,0,0,0,"N",0.26,0,0,0,0,0,0,0,"N",2,100.0,0,0,0,0,0,0,0,0,0,0,0,0,0,0
"55123","5","518210","78","0","2019","4","N",1,0,0,0,0,0,0,0,"N",0.52,0,0,0,0,0,0,0,"N",0,0.0,0,0,0,0,0,0,0,0,0,0,0,0,0,0
"55127","5","518210","78","0","2019","4","N",3,0,0,0,0,0,0,0,"N",0.37,0,0,0,0,0,0,0,"N",-1,-25.0,0,0,0,0,0,0,0,0,0,0,0,0,0,0
"55131","5","518210","78","0","2019","4","N",1,0,0,0,0,0,0,0,"N",0.10,0,0,0,0,0,0,0,"N",0,0.0,0,0,0,0,0,0,0,0,0,0,0,0,0,0
"55133","5","518210","78","0","2019","4","",27,1236,1227,1234,106231822,631648,5660,6631,"",0.74,2.13,2.10,2.10,5.50,0.96,0.44,2.61,"",-1,-3.6,-724,-36.9,-726,-37.2,-141,-10.3,43252921,68.7,-18089,-2.8,-1714,-23.2,3883,141.3
"55135","5","518210","78","0","2019","4","N",2,0,0,0,0,0,0,0,"N",0.55,0,0,0,0,0,0,0,"N",0,0.0,0,0,0,0,0,0,0,0,0,0,0,0,0,0
"55139","5","518210","78","0","2019","4","",6,20,20,19,397714,6315,97,1556,"",0.57,0.09,0.09,0.09,0.06,0.03,0.03,0.67,"",2,50.0,6,42.9,6,42.9,5,35.7,37009,10.3,624,11.0,36,59.0,-426,-21.5
"55141","5","518210","78","0","2019","4","N",3,0,0,0,0,0,0,0,"N",0.55,0,0,0,0,0,0,0,"N",2,200.0,0,0,0,0,0,0,0,0,0,0,0,0,0,0
"55999","5","518210","78","0","2019","4","",115,391,395,384,10278589,362064,8247,2027,"",2.92,2.76,2.78,2.71,1.80,1.40,1.18,0.66,"",20,21.1,125,47.0,120,43.6,104,37.1,3135686,43.9,51429,16.6,11,0.1,19,0.9
"56000","5","518210","58","0","2019","4","",43,187,187,193,2903573,407884,2348,1182,"",0.60,0.28,0.29,0.30,0.16,0.26,0.09,0.55,"",1,2.4,-14,-7.0,-15,-7.4,-9,-4.5,-883591,-23.3,-118771,-22.6,-1877,-44.4,-263,-18.2
"56001","5","518210","78","0","2019","4","N",3,0,0,0,0,0,0,0,"N",0.82,0,0,0,0,0,0,0,"N",0,0.0,0,0,0,0,0,0,0,0,0,0,0,0,0,0
"56003","5","518210","78","0","2019","4","N",1,0,0,0,0,0,0,0,"N",0.79,0,0,0,0,0,0,0,"N",0,0.0,0,0,0,0,0,0,0,0,0,0,0,0,0,0
"56005","5","518210","78","0","2019","4","N",2,0,0,0,0,0,0,0,"N",0.41,0,0,0,0,0,0,0,"N",-1,-33.3,0,0,0,0,0,0,0,0,0,0,0,0,0,0
"56009","5","518210","78","0","2019","4","N",1,0,0,0,0,0,0,0,"N",0.60,0,0,0,0,0,0,0,"N",0,0.0,0,0,0,0,0,0,0,0,0,0,0,0,0,0
"56013","5","518210","78","0","2019","4","-",0,0,0,0,0,0,0,0,"N",0.00,0,0,0,0,0,0,0,"N",-2,-100.0,0,0,0,0,0,0,0,0,0,0,0,0,0,0
"56015","5","518210","78","0","2019","4","N",1,0,0,0,0,0,0,0,"N",0.83,0,0,0,0,0,0,0,"N",1,100.0,0,0,0,0,0,0,0,0,0,0,0,0,0,0
"56019","5","518210","78","0","2019","4","N",1,0,0,0,0,0,0,0,"N",0.75,0,0,0,0,0,0,0,"N",0,0.0,0,0,0,0,0,0,0,0,0,0,0,0,0,0
"56021","5","518210","78","0","2019","4","",15,156,153,158,2104777,288770,1228,1040,"",1.47,1.40,1.37,1.40,0.69,1.17,0.38,0.50,"",5,50.0,-12,-7.1,-14,-8.4,-8,-4.8,-3627,-0.2,-79900,-21.7,-1141,-48.2,69,7.1
"56023","5","518210","78","0","2019","4","N",1,0,0,0,0,0,0,0,"N",0.40,0,0,0,0,0,0,0,"N",0,0.0,0,0,0,0,0,0,0,0,0,0,0,0,0,0
"56025","5","518210","78","0","2019","4","N",1,0,0,0,0,0,0,0,"N",0.11,0,0,0,0,0,0,0,"N",-2,-66.7,0,0,0,0,0,0,0,0,0,0,0,0,0,0
"56029","5","518210","78","0","2019","4","N",3,0,0,0,0,0,0,0,"N",0.71,0,0,0,0,0,0,0,"N",-1,-25.0,0,0,0,0,0,0,0,0,0,0,0,0,0,0
"56033","5","518210","78","0","2019","4","",5,14,15,14,334858,16641,156,1797,"",1.30,0.44,0.47,0.44,0.42,0.24,0.15,0.93,"",0,0.0,-1,-6.7,-1,-6.2,-2,-12.5,21552,6.9,-27349,-62.2,-186,-54.4,259,16.8
"56035","5","518210","78","0","2019","4","N",1,0,0,0,0,0,0,0,"N",0.68,0,0,0,0,0,0,0,"N",1,100.0,0,0,0,0,0,0,0,0,0,0,0,0,0,0
"56037","5","518210","78","0","2019","4","N",2,0,0,0,0,0,0,0,"N",0.46,0,0,0,0,0,0,0,"N",0,0.0,0,0,0,0,0,0,0,0,0,0,0,0,0,0
"56039","5","518210","78","0","2019","4","N",5,0,0,0,0,0,0,0,"N",0.76,0,0,0,0,0,0,0,"N",-1,-16.7,0,0,0,0,0,0,0,0,0,0,0,0,0,0
"56043","5","518210","78","0","2019","4","N",1,0,0,0,0,0,0,0,"N",0.86,0,0,0,0,0,0,0,"N",1,100.0,0,0,0,0,0,0,0,0,0,0,0,0,0,0
"72000","5","518210","58","0","2019","4","",41,2734,2751,2800,34398963,1568146,51697,958,"",0.32,1.32,1.31,1.30,1.02,1.66,1.59,0.78,"",2,5.1,610,28.7,618,29.0,570,25.6,8399745,32.3,504843,47.5,16444,46.6,33,3.6
"72003","5","518210","78","0","2019","4","N",1,0,0,0,0,0,0,0,"N",0.71,0,0,0,0,0,0,0,"N",1,100.0,0,0,0,0,0,0,0,0,0,0,0,0,0,0
"72021","5","518210","78","0","2019","4","",3,32,32,31,223481,29331,1022,543,"",0.38,0.26,0.25,0.24,0.12,0.51,0.54,0.49,"",0,0.0,8,33.3,8,33.3,6,24.0,46958,26.6,15972,119.6,572,127.1,-15,-2.7
"72025","5","518210","78","0","2019","4","N",1,0,0,0,0,0,0,0,"N",0.16,0,0,0,0,0,0,0,"N",0,0.0,0,0,0,0,0,0,0,0,0,0,0,0,0,0
"72031","5","518210","78","0","2019","4","N",1,0,0,0,0,0,0,0,"N",0.19,0,0,0,0,0,0,0,"N",0,0.0,0,0,0,0,0,0,0,0,0,0,0,0,0,0
"72051","5","518210","78","0","2019","4","N",1,0,0,0,0,0,0,0,"N",0.65,0,0,0,0,0,0,0,"N",-1,-50.0,0,0,0,0,0,0,0,0,0,0,0,0,0,0
"72061","5","518210","78","0","2019","4","N",6,0,0,0,0,0,0,0,"N",0.88,0,0,0,0,0,0,0,"N",2,50.0,0,0,0,0,0,0,0,0,0,0,0,0,0,0
"72077","5","518210","78","0","2019","4","N",1,0,0,0,0,0,0,0,"N",1.46,0,0,0,0,0,0,0,"N",0,0.0,0,0,0,0,0,0,0,0,0,0,0,0,0,0
"72097","5","518210","78","0","2019","4","-",0,0,0,0,0,0,0,0,"N",0.00,0,0,0,0,0,0,0,"N",0,0,0,0,0,0,0,0,0,0,0,0,0,0,0,0
"72113","5","518210","78","0","2019","4","N",1,0,0,0,0,0,0,0,"N",0.17,0,0,0,0,0,0,0,"N",0,0.0,0,0,0,0,0,0,0,0,0,0,0,0,0,0
"72119","5","518210","78","0","2019","4","N",1,0,0,0,0,0,0,0,"N",1.09,0,0,0,0,0,0,0,"N",0,0.0,0,0,0,0,0,0,0,0,0,0,0,0,0,0
"72127","5","518210","78","0","2019","4","",19,2063,2059,2123,30738277,436951,6658,1136,"",0.63,3.57,3.52,3.55,2.75,1.68,0.75,0.78,"",0,0.0,521,33.8,517,33.5,468,28.3,7863009,34.4,42838,10.9,-2259,-25.3,22,2.0
"72131","5","518210","78","0","2019","4","N",1,0,0,0,0,0,0,0,"N",0.65,0,0,0,0,0,0,0,"N",0,0.0,0,0,0,0,0,0,0,0,0,0,0,0,0,0
"72999","5","518210","78","0","2019","4","",5,12,12,9,158392,19046,689,1108,"",8.52,2.53,2.44,1.77,1.28,6.76,7.02,0.57,"",1,25.0,-8,-40.0,-9,-42.9,-7,-43.8,-7568,-4.6,738,4.0,15,2.2,436,64.9
"78000","5","518210","58","0","2019","4","",5,10,10,10,146157,49853,1008,1124,"",0.56,0.11,0.11,0.11,0.05,0.16,0.12,0.49,"N",-2,-28.6,0,0,0,0,0,0,0,0,0,0,0,0,0,0
"78010","5","518210","78","0","2019","4","N",2,0,0,0,0,0,0,0,"N",0.58,0,0,0,0,0,0,0,"N",-1,-33.3,0,0,0,0,0,0,0,0,0,0,0,0,0,0
"78030","5","518210","78","0","2019","4","N",3,0,0,0,0,0,0,0,"N",0.63,0,0,0,0,0,0,0,"N",-1,-25.0,0,0,0,0,0,0,0,0,0,0,0,0,0,0
"C1018","5","518210","48","0","2019","4","",7,200,199,201,1728879,179641,7359,665,"",0.61,1.20,1.18,1.19,0.41,1.20,2.21,0.34,"N",3,75.0,0,0,0,0,0,0,0,0,0,0,0,0,0,0
"C1038","5","518210","48","0","2019","4","N",2,0,0,0,0,0,0,0,"N",0.19,0,0,0,0,0,0,0,"N",1,100.0,0,0,0,0,0,0,0,0,0,0,0,0,0,0
"C1042","5","518210","48","0","2019","4","N",46,0,0,0,0,0,0,0,"N",0.96,0,0,0,0,0,0,0,"N",-2,-4.2,0,0,0,0,0,0,0,0,0,0,0,0,0,0
"C1050","5","518210","48","0","2019","4","N",2,0,0,0,0,0,0,0,"N",0.22,0,0,0,0,0,0,0,"N",0,0.0,0,0,0,0,0,0,0,0,0,0,0,0,0,0
"C1054","5","518210","48","0","2019","4","N",1,0,0,0,0,0,0,0,"N",0.10,0,0,0,0,0,0,0,"N",0,0.0,0,0,0,0,0,0,0,0,0,0,0,0,0,0
"C1058","5","518210","48","0","2019","4","",48,1193,1210,1220,28673439,765626,19497,1826,"",0.75,1.11,1.13,1.14,0.85,0.97,0.98,0.75,"N",3,6.7,0,0,0,0,0,0,0,0,0,0,0,0,0,0
"C1074","5","518210","48","0","2019","4","",51,266,261,266,6760446,1003451,10056,1967,"",0.76,0.29,0.28,0.29,0.28,0.48,0.61,0.96,"N",8,18.6,0,0,0,0,0,0,0,0,0,0,0,0,0,0
"C1078","5","518210","48","0","2019","4","N",5,0,0,0,0,0,0,0,"N",0.48,0,0,0,0,0,0,0,"N",1,25.0,0,0,0,0,0,0,0,0,0,0,0,0,0,0
"C1090","5","518210","48","0","2019","4","N",52,0,0,0,0,0,0,0,"N",0.99,0,0,0,0,0,0,0,"N",7,15.6,0,0,0,0,0,0,0,0,0,0,0,0,0,0
"C1102","5","518210","48","0","2019","4","N",1,0,0,0,0,0,0,0,"N",0.11,0,0,0,0,0,0,0,"N",0,0.0,0,0,0,0,0,0,0,0,0,0,0,0,0,0
"C1110","5","518210","48","0","2019","4","N",9,0,0,0,0,0,0,0,"N",0.49,0,0,0,0,0,0,0,"N",2,28.6,0,0,0,0,0,0,0,0,0,0,0,0,0,0
"C1118","5","518210","48","0","2019","4","N",10,0,0,0,0,0,0,0,"N",1.40,0,0,0,0,0,0,0,"N",1,11.1,0,0,0,0,0,0,0,0,0,0,0,0,0,0
"C1126","5","518210","48","0","2019","4","N",23,0,0,0,0,0,0,0,"N",0.82,0,0,0,0,0,0,0,"N",1,4.5,0,0,0,0,0,0,0,0,0,0,0,0,0,0
"C1146","5","518210","48","0","2019","4","",59,1274,1283,1280,29266534,846337,22580,1760,"",2.41,2.42,2.42,2.41,1.66,3.01,2.95,0.69,"",8,15.7,160,14.4,154,13.6,182,16.6,3688843,14.4,170824,25.3,4180,22.7,-7,-0.4
"C1150","5","518210","48","0","2019","4","N",2,0,0,0,0,0,0,0,"N",0.30,0,0,0,0,0,0,0,"N",-1,-33.3,0,0,0,0,0,0,0,0,0,0,0,0,0,0
"C1154","5","518210","48","0","2019","4","N",1,0,0,0,0,0,0,0,"N",0.06,0,0,0,0,0,0,0,"N",0,0.0,0,0,0,0,0,0,0,0,0,0,0,0,0,0
"C1170","5","518210","48","0","2019","4","N",32,0,0,0,0,0,0,0,"N",0.79,0,0,0,0,0,0,0,"N",8,33.3,0,0,0,0,0,0,0,0,0,0,0,0,0,0
"C1202","5","518210","48","0","2019","4","N",4,0,0,0,0,0,0,0,"N",0.30,0,0,0,0,0,0,0,"N",0,0.0,0,0,0,0,0,0,0,0,0,0,0,0,0,0
"C1206","5","518210","48","0","2019","4","",515,11881,11949,12060,382077777,9548160,185789,2457,"",1.20,1.86,1.85,1.86,1.78,1.42,1.75,0.96,"",36,7.5,872,7.9,1007,9.2,1030,9.3,48693054,14.6,712304,8.1,17455,10.4,124,5.3
"C1210","5","518210","48","0","2019","4","",6,31,28,28,553758,49310,914,1469,"",0.34,0.10,0.09,0.09,0.07,0.05,0.05,0.71,"N",1,20.0,0,0,0,0,0,0,0,0,0,0,0,0,0,0
"C1222","5","518210","48","0","2019","4","N",10,0,0,0,0,0,0,0,"N",1.12,0,0,0,0,0,0,0,"N",3,42.9,0,0,0,0,0,0,0,0,0,0,0,0,0,0
"C1226","5","518210","48","0","2019","4","N",17,0,0,0,0,0,0,0,"N",0.54,0,0,0,0,0,0,0,"N",3,21.4,0,0,0,0,0,0,0,0,0,0,0,0,0,0
"C1242","5","518210","48","0","2019","4","N",252,0,0,0,0,0,0,0,"N",1.49,0,0,0,0,0,0,0,"N",45,21.7,0,0,0,0,0,0,0,0,0,0,0,0,0,0
"C1254","5","518210","48","0","2019","4","",6,7,7,7,83675,6699,187,920,"",0.10,0.01,0.01,0.01,0.00,0.01,0.00,0.45,"N",0,0.0,0,0,0,0,0,0,0,0,0,0,0,0,0,0
"C1258","5","518210","48","0","2019","4","",114,1151,1129,1129,31668121,639868,12699,2144,"",0.58,0.36,0.35,0.35,0.28,0.26,0.24,0.80,"N",6,5.6,0,0,0,0,0,0,0,0,0,0,0,0,0,0
"C1262","5","518210","48","0","2019","4","",3,15,15,15,188761,25587,816,968,"",0.25,0.09,0.09,0.09,0.05,0.18,0.28,0.52,"N",3,100.0,0,0,0,0,0,0,0,0,0,0,0,0,0,0
"C1270","5","518210","48","0","2019","4","N",4,0,0,0,0,0,0,0,"N",0.16,0,0,0,0,0,0,0,"N",-1,-20.0,0,0,0,0,0,0,0,0,0,0,0,0,0,0
"C1294","5","518210","48","0","2019","4","",72,814,801,795,16002433,334271,6531,1532,"",1.09,0.89,0.87,0.86,0.59,0.43,0.44,0.67,"",8,12.5,128,18.7,116,16.9,72,10.0,1500533,10.3,-236921,-41.5,-3972,-37.8,-66,-4.1
"C1298","5","518210","48","0","2019","4","N",4,0,0,0,0,0,0,0,"N",0.62,0,0,0,0,0,0,0,"N",2,100.0,0,0,0,0,0,0,0,0,0,0,0,0,0,0
"C1302","5","518210","48","0","2019","4","N",2,0,0,0,0,0,0,0,"N",0.35,0,0,0,0,0,0,0,"N",-1,-33.3,0,0,0,0,0,0,0,0,0,0,0,0,0,0
"C1314","5","518210","48","0","2019","4","N",5,0,0,0,0,0,0,0,"N",0.22,0,0,0,0,0,0,0,"N",0,0.0,0,0,0,0,0,0,0,0,0,0,0,0,0,0
"C1322","5","518210","48","0","2019","4","N",1,0,0,0,0,0,0,0,"N",0.12,0,0,0,0,0,0,0,"N",0,0.0,0,0,0,0,0,0,0,0,0,0,0,0,0,0
"C1338","5","518210","48","0","2019","4","",16,139,144,147,2267672,851297,12044,1217,"",0.80,0.64,0.66,0.68,0.38,0.86,1.18,0.58,"",-6,-27.3,11,8.6,15,11.6,18,14.0,207031,10.0,12681,1.5,6852,132.0,-15,-1.2
"C1346","5","518210","48","0","2019","4","",22,36,36,34,730620,180353,3353,1591,"",0.89,0.18,0.18,0.17,0.13,0.20,0.17,0.77,"",3,15.8,7,24.1,6,20.0,3,9.7,80112,12.3,58843,48.4,908,37.1,-77,-4.6
"C1374","5","518210","48","0","2019","4","N",8,0,0,0,0,0,0,0,"N",0.41,0,0,0,0,0,0,0,"N",-2,-20.0,0,0,0,0,0,0,0,0,0,0,0,0,0,0
"C1378","5","518210","48","0","2019","4","N",7,0,0,0,0,0,0,0,"N",0.50,0,0,0,0,0,0,0,"N",2,40.0,0,0,0,0,0,0,0,0,0,0,0,0,0,0
"C1382","5","518210","48","0","2019","4","",68,438,468,507,8759476,388864,8813,1431,"",0.85,0.37,0.39,0.42,0.24,0.44,0.72,0.62,"",0,0.0,5,1.2,40,9.3,47,10.2,435115,5.2,-97989,-20.1,-3529,-28.6,-23,-1.6
"C1390","5","518210","48","0","2019","4","N",6,0,0,0,0,0,0,0,"N",0.45,0,0,0,0,0,0,0,"N",0,0.0,0,0,0,0,0,0,0,0,0,0,0,0,0,0
"C1398","5","518210","48","0","2019","4","N",7,0,0,0,0,0,0,0,"N",0.60,0,0,0,0,0,0,0,"N",0,0.0,0,0,0,0,0,0,0,0,0,0,0,0,0,0
"C1401","5","518210","48","0","2019","4","N",4,0,0,0,0,0,0,0,"N",0.41,0,0,0,0,0,0,0,"N",1,33.3,0,0,0,0,0,0,0,0,0,0,0,0,0,0
"C1402","5","518210","48","0","2019","4","N",4,0,0,0,0,0,0,0,"N",0.44,0,0,0,0,0,0,0,"N",1,33.3,0,0,0,0,0,0,0,0,0,0,0,0,0,0
"C1426","5","518210","48","0","2019","4","N",67,0,0,0,0,0,0,0,"N",1.06,0,0,0,0,0,0,0,"N",6,9.8,0,0,0,0,0,0,0,0,0,0,0,0,0,0
"C1446","5","518210","48","0","2019","4","N",505,0,0,0,0,0,0,0,"N",1.11,0,0,0,0,0,0,0,"N",80,18.8,0,0,0,0,0,0,0,0,0,0,0,0,0,0
"C1450","5","518210","48","0","2019","4","",158,1095,1102,1116,30955298,1521414,30495,2156,"",3.68,2.44,2.44,2.46,1.75,2.66,3.25,0.71,"",-4,-2.5,94,9.4,88,8.7,93,9.1,5335392,20.8,791,0.1,2232,7.9,210,10.8
"C1454","5","518210","48","0","2019","4","N",4,0,0,0,0,0,0,0,"N",0.33,0,0,0,0,0,0,0,"N",-2,-33.3,0,0,0,0,0,0,0,0,0,0,0,0,0,0
"C1474","5","518210","48","0","2019","4","",14,44,41,41,879897,121669,2535,1612,"",0.75,0.20,0.19,0.19,0.13,0.16,0.35,0.69,"N",-1,-6.7,0,0,0,0,0,0,0,0,0,0,0,0,0,0
"C1486","5","518210","48","0","2019","4","",196,375,377,392,15605710,863013,30513,3148,"",1.99,0.38,0.38,0.39,0.32,0.78,0.78,0.84,"",92,88.5,53,16.5,60,18.9,72,22.5,1906857,13.9,275026,46.8,8363,37.8,-148,-4.5
"C1518","5","518210","48","0","2019","4","N",2,0,0,0,0,0,0,0,"N",0.11,0,0,0,0,0,0,0,"N",1,100.0,0,0,0,0,0,0,0,0,0,0,0,0,0,0
"C1526","5","518210","48","0","2019","4","N",3,0,0,0,0,0,0,0,"N",0.36,0,0,0,0,0,0,0,"N",1,50.0,0,0,0,0,0,0,0,0,0,0,0,0,0,0
"C1538","5","518210","48","0","2019","4","",39,480,482,496,11107605,410079,9682,1758,"",0.50,0.37,0.37,0.38,0.30,0.36,0.34,0.81,"N",5,14.7,0,0,0,0,0,0,0,0,0,0,0,0,0,0
"C1550","5","518210","48","0","2019","4","",4,114,116,112,1339939,303068,706,904,"",0.41,0.77,0.77,0.74,0.39,0.88,0.35,0.51,"N",0,0.0,0,0,0,0,0,0,0,0,0,0,0,0,0,0
"C1554","5","518210","48","0","2019","4","",32,249,261,259,4029043,193378,4019,1209,"",1.38,0.86,0.90,0.89,0.45,0.60,0.46,0.51,"",10,45.5,91,57.6,104,66.2,95,57.9,1170585,41.0,44458,29.9,1993,98.4,-168,-12.2
"C1568","5","518210","48","0","2019","4","-",0,0,0,0,0,0,0,0,"N",0.00,0,0,0,0,0,0,0,"N",-1,-100.0,0,0,0,0,0,0,0,0,0,0,0,0,0,0
"C1594","5","518210","48","0","2019","4","N",11,0,0,0,0,0,0,0,"N",0.45,0,0,0,0,0,0,0,"N",3,37.5,0,0,0,0,0,0,0,0,0,0,0,0,0,0
"C1598","5","518210","48","0","2019","4","",38,198,202,202,5253483,137964,1279,2014,"",0.60,0.31,0.31,0.31,0.31,0.26,0.29,1.01,"",1,2.7,17,9.4,21,11.6,16,8.6,789796,17.7,57886,72.3,175,15.9,134,7.1
"C1602","5","518210","48","0","2019","4","N",1,0,0,0,0,0,0,0,"N",0.12,0,0,0,0,0,0,0,"N",-1,-50.0,0,0,0,0,0,0,0,0,0,0,0,0,0,0
"C1606","5","518210","48","0","2019","4","N",2,0,0,0,0,0,0,0,"N",0.29,0,0,0,0,0,0,0,"N",-1,-33.3,0,0,0,0,0,0,0,0,0,0,0,0,0,0
"C1618","5","518210","48","0","2019","4","",5,20,20,20,303665,54439,933,1168,"",0.89,0.28,0.27,0.27,0.14,0.30,0.23,0.51,"",-1,-16.7,-2,-9.1,-2,-9.1,-3,-13.0,-159621,-34.5,-38076,-41.2,-429,-31.5,-428,-26.8
"C1622","5","518210","48","0","2019","4","N",1,0,0,0,0,0,0,0,"N",0.11,0,0,0,0,0,0,0,"N",-2,-66.7,0,0,0,0,0,0,0,0,0,0,0,0,0,0
"C1630","5","518210","48","0","2019","4","N",29,0,0,0,0,0,0,0,"N",1.29,0,0,0,0,0,0,0,"N",3,11.5,0,0,0,0,0,0,0,0,0,0,0,0,0,0
"C1654","5","518210","48","0","2019","4","N",5,0,0,0,0,0,0,0,"N",0.56,0,0,0,0,0,0,0,"N",0,0.0,0,0,0,0,0,0,0,0,0,0,0,0,0,0
"C1658","5","518210","48","0","2019","4","N",16,0,0,0,0,0,0,0,"N",1.25,0,0,0,0,0,0,0,"N",1,6.7,0,0,0,0,0,0,0,0,0,0,0,0,0,0
"C1662","5","518210","48","0","2019","4","",10,207,207,206,3307463,73132,2336,1231,"",0.61,0.86,0.85,0.85,0.52,0.36,0.42,0.61,"",1,11.1,-9,-4.2,-8,-3.7,-13,-5.9,-84073,-2.5,-57908,-44.2,-1738,-42.7,27,2.2
"C1670","5","518210","48","0","2019","4","",92,731,701,709,12804367,798845,17545,1380,"",1.49,0.88,0.84,0.84,0.54,0.74,1.13,0.63,"",17,22.7,116,18.9,78,12.5,79,12.5,3237047,33.8,-35484,-4.3,9225,110.9,198,16.8
"C1674","5","518210","48","0","2019","4","",201,3440,3491,3477,73786430,5481365,43160,1636,"",1.02,1.19,1.20,1.18,0.80,0.86,0.86,0.67,"",-3,-1.5,-4895,-58.7,-4960,-58.7,-4956,-58.8,-131797583,-64.1,-4804726,-46.7,4994,13.1,-245,-13.0
"C1682","5","518210","48","0","2019","4","",11,121,119,113,5401282,20798,83,3531,"",0.50,0.43,0.43,0.41,0.66,0.13,0.05,1.54,"",0,0.0,9,8.0,10,9.2,6,5.6,2584120,91.7,-25675,-55.2,-371,-81.7,1549,78.2
"C1686","5","518210","48","0","2019","4","",32,294,292,292,6089552,157286,1736,1601,"",0.92,0.49,0.49,0.48,0.37,0.34,0.30,0.76,"",0,0.0,-86,-22.6,-92,-24.0,-93,-24.2,-808841,-11.7,-199538,-55.9,-5285,-75.3,216,15.6
"C1694","5","518210","48","0","2019","4","",15,156,153,158,2104777,288770,1228,1040,"",1.47,1.40,1.37,1.40,0.69,1.17,0.38,0.50,"",5,50.0,-12,-7.1,-14,-8.4,-8,-4.8,-3627,-0.2,-79900,-21.7,-1141,-48.2,69,7.1
"C1698","5","518210","48","0","2019","4","",439,8967,8954,8956,286181952,7379903,157695,2457,"",0.65,0.83,0.83,0.82,0.75,0.62,0.55,0.90,"",13,3.1,224,2.6,212,2.4,221,2.5,-4439935,-1.5,-917172,-11.1,-70879,-31.0,-101,-3.9
"C1702","5","518210","48","0","2019","4","",5,103,98,90,1604085,91052,4344,1272,"",0.22,0.52,0.50,0.46,0.33,0.65,0.65,0.66,"N",0,0.0,0,0,0,0,0,0,0,0,0,0,0,0,0,0
"C1714","5","518210","48","0","2019","4","",148,1105,1106,1217,24097638,1264430,34415,1622,"",0.99,0.44,0.43,0.48,0.31,0.56,0.67,0.69,"N",31,26.5,0,0,0,0,0,0,0,0,0,0,0,0,0,0
"C1730","5","518210","48","0","2019","4","N",14,0,0,0,0,0,0,0,"N",0.99,0,0,0,0,0,0,0,"N",-2,-12.5,0,0,0,0,0,0,0,0,0,0,0,0,0,0
"C1742","5","518210","48","0","2019","4","N",1,0,0,0,0,0,0,0,"N",0.17,0,0,0,0,0,0,0,"N",0,0.0,0,0,0,0,0,0,0,0,0,0,0,0,0,0
"C1746","5","518210","48","0","2019","4","N",155,0,0,0,0,0,0,0,"N",1.03,0,0,0,0,0,0,0,"N",30,24.0,0,0,0,0,0,0,0,0,0,0,0,0,0,0
"C1766","5","518210","48","0","2019","4","N",10,0,0,0,0,0,0,0,"N",0.68,0,0,0,0,0,0,0,"N",-2,-16.7,0,0,0,0,0,0,0,0,0,0,0,0,0,0
"C1778","5","518210","48","0","2019","4","",8,77,73,75,882205,34889,963,905,"",0.54,0.27,0.25,0.26,0.13,0.17,0.29,0.50,"N",3,60.0,0,0,0,0,0,0,0,0,0,0,0,0,0,0
"C1782","5","518210","48","0","2019","4","N",97,0,0,0,0,0,0,0,"N",1.66,0,0,0,0,0,0,0,"N",2,2.1,0,0,0,0,0,0,0,0,0,0,0,0,0,0
"C1786","5","518210","48","0","2019","4","",5,18,18,19,127324,25966,385,534,"",0.38,0.08,0.08,0.08,0.02,0.12,0.14,0.26,"N",2,66.7,0,0,0,0,0,0,0,0,0,0,0,0,0,0
"C1790","5","518210","48","0","2019","4","",75,1148,1129,1054,16932003,1124040,24799,1173,"",1.40,1.28,1.24,1.15,0.73,1.00,1.30,0.59,"",8,11.9,-110,-8.7,-121,-9.7,-192,-15.4,-921415,-5.2,505,0.0,-7608,-23.5,75,6.8
"C1798","5","518210","48","0","2019","4","N",9,0,0,0,0,0,0,0,"N",0.54,0,0,0,0,0,0,0,"N",0,0.0,0,0,0,0,0,0,0,0,0,0,0,0,0,0
"C1814","5","518210","48","0","2019","4","",174,2847,2798,2819,65860501,1580679,34040,1796,"",1.28,1.14,1.11,1.11,0.87,0.70,0.68,0.78,"",27,18.4,85,3.1,0,0.0,-30,-1.1,9079781,16.0,-148059,-8.6,-8595,-20.2,238,15.3
"C1858","5","518210","48","0","2019","4","N",6,0,0,0,0,0,0,0,"N",0.22,0,0,0,0,0,0,0,"N",2,50.0,0,0,0,0,0,0,0,0,0,0,0,0,0,0
"C1870","5","518210","48","0","2019","4","N",9,0,0,0,0,0,0,0,"N",1.18,0,0,0,0,0,0,0,"N",1,12.5,0,0,0,0,0,0,0,0,0,0,0,0,0,0
"C1888","5","518210","48","0","2019","4","",22,161,163,162,2900175,91121,421,1377,"",0.85,0.61,0.61,0.61,0.42,0.48,0.29,0.70,"",3,15.8,8,5.2,5,3.2,9,5.9,731374,33.7,-23179,-20.3,-1260,-75.0,298,27.6
"C1906","5","518210","48","0","2019","4","N",2,0,0,0,0,0,0,0,"N",0.36,0,0,0,0,0,0,0,"N",0,0.0,0,0,0,0,0,0,0,0,0,0,0,0,0,0
"C1910","5","518210","48","0","2019","4","",500,13754,13852,13839,377611178,9934751,314034,2103,"",0.99,1.59,1.58,1.57,1.23,1.19,1.94,0.78,"",60,13.6,-1,0.0,127,0.9,153,1.1,2368374,0.6,1668459,20.2,37790,13.7,-1,0.0
"C1918","5","518210","48","0","2019","4","N",1,0,0,0,0,0,0,0,"N",0.28,0,0,0,0,0,0,0,"N",0,0.0,0,0,0,0,0,0,0,0,0,0,0,0,0,0
"C1930","5","518210","48","0","2019","4","N",15,0,0,0,0,0,0,0,"N",0.87,0,0,0,0,0,0,0,"N",0,0.0,0,0,0,0,0,0,0,0,0,0,0,0,0,0
"C1934","5","518210","48","0","2019","4","",12,18,18,18,458012,5157,58,1957,"",0.45,0.04,0.04,0.04,0.03,0.01,0.00,0.83,"N",2,20.0,0,0,0,0,0,0,0,0,0,0,0,0,0,0
"C1938","5","518210","48","0","2019","4","",40,407,405,400,7943876,271886,11403,1513,"",0.82,0.46,0.46,0.45,0.32,0.39,0.74,0.70,"N",11,37.9,0,0,0,0,0,0,0,0,0,0,0,0,0,0
"C1946","5","518210","48","0","2019","4","",8,24,25,25,287190,9975,74,896,"",0.91,0.18,0.19,0.19,0.09,0.09,0.05,0.45,"N",0,0.0,0,0,0,0,0,0,0,0,0,0,0,0,0,0
"C1950","5","518210","48","0","2019","4","N",2,0,0,0,0,0,0,0,"N",0.35,0,0,0,0,0,0,0,"N",0,0.0,0,0,0,0,0,0,0,0,0,0,0,0,0,0
"C1966","5","518210","48","0","2019","4","N",32,0,0,0,0,0,0,0,"N",0.67,0,0,0,0,0,0,0,"N",3,10.3,0,0,0,0,0,0,0,0,0,0,0,0,0,0
"C1974","5","518210","48","0","2019","4","",806,11523,11639,11662,347600071,15048140,263589,2303,"",2.79,3.19,3.21,3.20,2.56,2.85,3.05,0.80,"N",7,0.9,0,0,0,0,0,0,0,0,0,0,0,0,0,0
"C1978","5","518210","48","0","2019","4","N",101,0,0,0,0,0,0,0,"N",1.65,0,0,0,0,0,0,0,"N",15,17.4,0,0,0,0,0,0,0,0,0,0,0,0,0,0
"C1982","5","518210","48","0","2019","4","N",366,0,0,0,0,0,0,0,"N",1.28,0,0,0,0,0,0,0,"N",115,45.8,0,0,0,0,0,0,0,0,0,0,0,0,0,0
"C2002","5","518210","48","0","2019","4","N",3,0,0,0,0,0,0,0,"N",0.29,0,0,0,0,0,0,0,"N",-1,-25.0,0,0,0,0,0,0,0,0,0,0,0,0,0,0
"C2010","5","518210","48","0","2019","4","",14,5,6,6,121226,4786,21,1646,"",1.18,0.03,0.04,0.04,0.03,0.03,0.01,0.86,"N",-1,-6.7,0,0,0,0,0,0,0,0,0,0,0,0,0,0
"C2022","5","518210","48","0","2019","4","N",7,0,0,0,0,0,0,0,"N",0.78,0,0,0,0,0,0,0,"N",1,16.7,0,0,0,0,0,0,0,0,0,0,0,0,0,0
"C2026","5","518210","48","0","2019","4","",9,205,206,228,2298382,624236,7733,830,"",0.46,0.68,0.69,0.76,0.29,0.95,0.72,0.41,"",-1,-10.0,2,1.0,4,2.0,34,17.5,585659,34.2,157145,33.6,-381,-4.7,170,25.8
"C2050","5","518210","48","0","2019","4","N",57,0,0,0,0,0,0,0,"N",1.41,0,0,0,0,0,0,0,"N",7,14.0,0,0,0,0,0,0,0,0,0,0,0,0,0,0
"C2070","5","518210","48","0","2019","4","N",5,0,0,0,0,0,0,0,"N",0.53,0,0,0,0,0,0,0,"N",4,400.0,0,0,0,0,0,0,0,0,0,0,0,0,0,0
"C2074","5","518210","48","0","2019","4","N",2,0,0,0,0,0,0,0,"N",0.16,0,0,0,0,0,0,0,"N",-1,-33.3,0,0,0,0,0,0,0,0,0,0,0,0,0,0
"C2106","5","518210","48","0","2019","4","N",10,0,0,0,0,0,0,0,"N",1.06,0,0,0,0,0,0,0,"N",-1,-9.1,0,0,0,0,0,0,0,0,0,0,0,0,0,0
"C2114","5","518210","48","0","2019","4","N",4,0,0,0,0,0,0,0,"N",0.32,0,0,0,0,0,0,0,"N",-1,-20.0,0,0,0,0,0,0,0,0,0,0,0,0,0,0
"C2134","5","518210","48","0","2019","4","",20,1149,1180,1223,12809202,1220049,39624,832,"",0.48,1.54,1.57,1.62,0.77,1.91,3.67,0.49,"",4,25.0,-100,-8.0,-47,-3.8,-32,-2.5,544980,4.4,-111876,-8.4,-12039,-23.3,73,9.6
"C2150","5","518210","48","0","2019","4","N",3,0,0,0,0,0,0,0,"N",0.16,0,0,0,0,0,0,0,"N",1,50.0,0,0,0,0,0,0,0,0,0,0,0,0,0,0
"C2166","5","518210","48","0","2019","4","N",19,0,0,0,0,0,0,0,"N",0.56,0,0,0,0,0,0,0,"N",2,11.8,0,0,0,0,0,0,0,0,0,0,0,0,0,0
"C2178","5","518210","48","0","2019","4","N",4,0,0,0,0,0,0,0,"N",0.20,0,0,0,0,0,0,0,"N",0,0.0,0,0,0,0,0,0,0,0,0,0,0,0,0,0
"C2182","5","518210","48","0","2019","4","",5,5,4,5,275267,1200,19,4537,"",0.82,0.06,0.05,0.06,0.11,0.00,0.00,1.98,"",2,66.7,3,150.0,1,33.3,2,66.7,139263,102.4,-21944,-94.8,-354,-94.9,614,15.7
"C2202","5","518210","48","0","2019","4","N",16,0,0,0,0,0,0,0,"N",0.69,0,0,0,0,0,0,0,"N",1,6.7,0,0,0,0,0,0,0,0,0,0,0,0,0,0
"C2214","5","518210","48","0","2019","4","N",1,0,0,0,0,0,0,0,"N",0.13,0,0,0,0,0,0,0,"N",0,0.0,0,0,0,0,0,0,0,0,0,0,0,0,0,0
"C2218","5","518210","48","0","2019","4","N",4,0,0,0,0,0,0,0,"N",0.22,0,0,0,0,0,0,0,"N",1,33.3,0,0,0,0,0,0,0,0,0,0,0,0,0,0
"C2222","5","518210","48","0","2019","4","N",45,0,0,0,0,0,0,0,"N",1.22,0,0,0,0,0,0,0,"N",3,7.1,0,0,0,0,0,0,0,0,0,0,0,0,0,0
"C2238","5","518210","48","0","2019","4","N",2,0,0,0,0,0,0,0,"N",0.22,0,0,0,0,0,0,0,"N",2,100.0,0,0,0,0,0,0,0,0,0,0,0,0,0,0
"C2242","5","518210","48","0","2019","4","",18,86,87,83,959126,67166,838,865,"",0.93,0.28,0.26,0.25,0.11,0.27,0.11,0.41,"",2,12.5,-34,-28.3,-31,-26.3,-24,-22.4,-72429,-7.0,-63279,-48.5,-1631,-66.1,175,25.4
"C2250","5","518210","48","0","2019","4","N",4,0,0,0,0,0,0,0,"N",0.34,0,0,0,0,0,0,0,"N",2,100.0,0,0,0,0,0,0,0,0,0,0,0,0,0,0
"C2252","5","518210","48","0","2019","4","N",2,0,0,0,0,0,0,0,"N",0.22,0,0,0,0,0,0,0,"N",0,0.0,0,0,0,0,0,0,0,0,0,0,0,0,0,0
"C2254","5","518210","48","0","2019","4","N",1,0,0,0,0,0,0,0,"N",0.16,0,0,0,0,0,0,0,"N",0,0.0,0,0,0,0,0,0,0,0,0,0,0,0,0,0
"C2266","5","518210","48","0","2019","4","",64,794,793,789,14363892,946362,20046,1395,"",1.87,2.01,2.01,2.00,1.20,1.78,2.45,0.60,"",1,1.6,122,18.2,108,15.8,90,12.9,353971,2.5,18559,2.0,-1097,-5.2,-177,-11.3
"C2290","5","518210","48","0","2019","4","N",5,0,0,0,0,0,0,0,"N",0.28,0,0,0,0,0,0,0,"N",1,25.0,0,0,0,0,0,0,0,0,0,0,0,0,0,0
"C2306","5","518210","48","0","2019","4","N",12,0,0,0,0,0,0,0,"N",0.44,0,0,0,0,0,0,0,"N",1,9.1,0,0,0,0,0,0,0,0,0,0,0,0,0,0
"C2342","5","518210","48","0","2019","4","",9,226,222,222,2672628,59677,3668,921,"",0.09,0.24,0.23,0.23,0.11,0.08,0.10,0.46,"",0,0.0,-7,-3.0,-8,-3.5,-12,-5.1,-285378,-9.6,-63348,-51.5,-2852,-43.7,-58,-5.9
"C2354","5","518210","48","0","2019","4","N",9,0,0,0,0,0,0,0,"N",0.43,0,0,0,0,0,0,0,"N",-1,-10.0,0,0,0,0,0,0,0,0,0,0,0,0,0,0
"C2358","5","518210","48","0","2019","4","N",4,0,0,0,0,0,0,0,"N",0.32,0,0,0,0,0,0,0,"N",3,300.0,0,0,0,0,0,0,0,0,0,0,0,0,0,0
"C2390","5","518210","48","0","2019","4","N",1,0,0,0,0,0,0,0,"N",0.17,0,0,0,0,0,0,0,"N",1,100.0,0,0,0,0,0,0,0,0,0,0,0,0,0,0
"C2402","5","518210","48","0","2019","4","N",1,0,0,0,0,0,0,0,"N",0.10,0,0,0,0,0,0,0,"N",1,100.0,0,0,0,0,0,0,0,0,0,0,0,0,0,0
"C2414","5","518210","48","0","2019","4","N",1,0,0,0,0,0,0,0,"N",0.16,0,0,0,0,0,0,0,"N",-1,-50.0,0,0,0,0,0,0,0,0,0,0,0,0,0,0
"C2422","5","518210","48","0","2019","4","",7,7,7,6,89885,31615,268,1037,"",0.79,0.06,0.06,0.05,0.03,0.10,0.07,0.52,"",1,16.7,0,0.0,-1,-12.5,-1,-14.3,23254,34.9,-14746,-31.8,-428,-61.5,338,48.4
"C2430","5","518210","48","0","2019","4","",9,53,53,53,1063850,65433,1347,1544,"",0.66,0.35,0.35,0.35,0.28,0.33,0.34,0.79,"",0,0.0,5,10.4,4,8.2,4,8.2,38016,3.7,45214,223.6,1137,541.4,-77,-4.8
"C2434","5","518210","48","0","2019","4","N",88,0,0,0,0,0,0,0,"N",1.35,0,0,0,0,0,0,0,"N",29,49.2,0,0,0,0,0,0,0,0,0,0,0,0,0,0
"C2442","5","518210","48","0","2019","4","N",6,0,0,0,0,0,0,0,"N",0.85,0,0,0,0,0,0,0,"N",3,100.0,0,0,0,0,0,0,0,0,0,0,0,0,0,0
"C2450","5","518210","48","0","2019","4","N",3,0,0,0,0,0,0,0,"N",0.40,0,0,0,0,0,0,0,"N",-1,-25.0,0,0,0,0,0,0,0,0,0,0,0,0,0,0
"C2454","5","518210","48","0","2019","4","",29,71,74,82,2159968,95287,2445,2196,"",1.37,0.26,0.27,0.30,0.27,0.20,0.30,0.99,"",0,0.0,5,7.6,7,10.4,16,24.2,190164,9.7,56163,143.6,1192,95.1,-88,-3.9
"C2458","5","518210","48","0","2019","4","N",10,0,0,0,0,0,0,0,"N",0.44,0,0,0,0,0,0,0,"N",1,11.1,0,0,0,0,0,0,0,0,0,0,0,0,0,0
"C2466","5","518210","48","0","2019","4","",28,450,456,472,19964880,826107,1866,3343,"",0.55,0.53,0.54,0.55,0.90,0.45,0.16,1.66,"",1,3.7,-65,-12.6,-51,-10.1,-40,-7.8,4388325,28.2,298651,56.6,795,74.2,1000,42.7
"C2478","5","518210","48","0","2019","4","N",5,0,0,0,0,0,0,0,"N",0.49,0,0,0,0,0,0,0,"N",1,25.0,0,0,0,0,0,0,0,0,0,0,0,0,0,0
"C2486","5","518210","48","0","2019","4","",56,384,390,392,7895620,521863,10566,1563,"",0.93,0.40,0.40,0.40,0.31,0.40,0.50,0.78,"N",9,19.1,0,0,0,0,0,0,0,0,0,0,0,0,0,0
"C2506","5","518210","48","0","2019","4","N",4,0,0,0,0,0,0,0,"N",0.19,0,0,0,0,0,0,0,"N",0,0.0,0,0,0,0,0,0,0,0,0,0,0,0,0,0
"C2518","5","518210","48","0","2019","4","N",12,0,0,0,0,0,0,0,"N",0.81,0,0,0,0,0,0,0,"N",-1,-7.7,0,0,0,0,0,0,0,0,0,0,0,0,0,0
"C2522","5","518210","48","0","2019","4","N",3,0,0,0,0,0,0,0,"N",0.36,0,0,0,0,0,0,0,"N",-1,-25.0,0,0,0,0,0,0,0,0,0,0,0,0,0,0
"C2526","5","518210","48","0","2019","4","N",2,0,0,0,0,0,0,0,"N",0.17,0,0,0,0,0,0,0,"N",0,0.0,0,0,0,0,0,0,0,0,0,0,0,0,0,0
"C2542","5","518210","48","0","2019","4","",31,488,490,487,8820560,229925,13529,1389,"",0.78,0.62,0.62,0.61,0.37,0.34,0.41,0.60,"",3,10.7,-74,-13.2,-61,-11.1,-61,-11.1,-410877,-4.5,35929,18.5,1920,16.5,106,8.3
"C2550","5","518210","48","0","2019","4","N",1,0,0,0,0,0,0,0,"N",0.11,0,0,0,0,0,0,0,"N",1,100.0,0,0,0,0,0,0,0,0,0,0,0,0,0,0
"C2554","5","518210","48","0","2019","4","N",132,0,0,0,0,0,0,0,"N",1.30,0,0,0,0,0,0,0,"N",70,112.9,0,0,0,0,0,0,0,0,0,0,0,0,0,0
"C2562","5","518210","48","0","2019","4","N",1,0,0,0,0,0,0,0,"N",0.11,0,0,0,0,0,0,0,"N",0,0.0,0,0,0,0,0,0,0,0,0,0,0,0,0,0
"C2586","5","518210","48","0","2019","4","",13,109,109,108,2053852,184034,741,1454,"",0.61,0.30,0.30,0.30,0.24,0.23,0.16,0.82,"N",3,30.0,0,0,0,0,0,0,0,0,0,0,0,0,0,0
"C2594","5","518210","48","0","2019","4","N",16,0,0,0,0,0,0,0,"N",0.86,0,0,0,0,0,0,0,"N",2,14.3,0,0,0,0,0,0,0,0,0,0,0,0,0,0
"C2614","5","518210","48","0","2019","4","N",3,0,0,0,0,0,0,0,"N",0.35,0,0,0,0,0,0,0,"N",-1,-25.0,0,0,0,0,0,0,0,0,0,0,0,0,0,0
"C2630","5","518210","48","0","2019","4","N",3,0,0,0,0,0,0,0,"N",0.37,0,0,0,0,0,0,0,"N",1,50.0,0,0,0,0,0,0,0,0,0,0,0,0,0,0
"C2638","5","518210","48","0","2019","4","N",5,0,0,0,0,0,0,0,"N",0.35,0,0,0,0,0,0,0,"N",-1,-16.7,0,0,0,0,0,0,0,0,0,0,0,0,0,0
"C2642","5","518210","48","0","2019","4","",261,3151,3219,3343,75456605,2773773,87576,1793,"",0.60,0.44,0.44,0.46,0.28,0.41,0.52,0.62,"",37,16.5,-17,-0.5,36,1.1,179,5.7,5989723,8.6,-288162,-9.4,-47100,-35.0,108,6.4
"C2658","5","518210","48","0","2019","4","N",9,0,0,0,0,0,0,0,"N",0.41,0,0,0,0,0,0,0,"N",4,80.0,0,0,0,0,0,0,0,0,0,0,0,0,0,0
"C2662","5","518210","48","0","2019","4","N",30,0,0,0,0,0,0,0,"N",0.97,0,0,0,0,0,0,0,"N",-1,-3.2,0,0,0,0,0,0,0,0,0,0,0,0,0,0
"C2682","5","518210","48","0","2019","4","",7,29,29,29,260935,163760,1506,692,"",0.53,0.18,0.17,0.17,0.06,0.26,0.31,0.35,"",-2,-22.2,6,26.1,3,11.5,2,7.4,66190,34.0,20035,13.9,216,16.7,101,17.1
"C2690","5","518210","48","0","2019","4","",105,1649,1643,1661,32822955,1304219,37480,1529,"",0.78,0.68,0.67,0.67,0.46,0.54,0.93,0.68,"",-2,-1.9,260,18.7,268,19.5,217,15.0,-2087100,-6.0,390777,42.8,17514,87.7,-385,-20.1
"C2698","5","518210","48","0","2019","4","N",19,0,0,0,0,0,0,0,"N",1.37,0,0,0,0,0,0,0,"N",9,90.0,0,0,0,0,0,0,0,0,0,0,0,0,0,0
"C2706","5","518210","48","0","2019","4","N",1,0,0,0,0,0,0,0,"N",0.14,0,0,0,0,0,0,0,"N",0,0.0,0,0,0,0,0,0,0,0,0,0,0,0,0,0
"C2710","5","518210","48","0","2019","4","",5,7,7,7,39198,2220,29,431,"",0.66,0.05,0.05,0.05,0.01,0.02,0.01,0.20,"",-1,-16.7,-5,-41.7,-2,-22.2,-2,-22.2,-15711,-28.6,-8032,-78.3,-427,-93.6,9,2.1
"C2714","5","518210","48","0","2019","4","N",17,0,0,0,0,0,0,0,"N",0.43,0,0,0,0,0,0,0,"N",-1,-5.6,0,0,0,0,0,0,0,0,0,0,0,0,0,0
"C2718","5","518210","48","0","2019","4","N",5,0,0,0,0,0,0,0,"N",0.61,0,0,0,0,0,0,0,"N",2,66.7,0,0,0,0,0,0,0,0,0,0,0,0,0,0
"C2726","5","518210","48","0","2019","4","",116,2139,2104,2107,100160723,1145339,5343,3640,"",0.93,1.31,1.27,1.26,2.11,0.90,0.54,1.65,"N",12,11.5,0,0,0,0,0,0,0,0,0,0,0,0,0,0
"C2734","5","518210","48","0","2019","4","",6,42,41,39,600301,56568,546,1136,"",0.69,0.36,0.35,0.33,0.25,0.23,0.46,0.73,"",0,0.0,17,68.0,16,64.0,14,56.0,338546,129.3,46095,440.1,453,487.1,331,41.1
"C2750","5","518210","48","0","2019","4","",7,675,670,666,7964022,832516,22697,914,"",0.73,4.23,4.19,4.15,1.91,4.61,5.98,0.46,"N",1,16.7,0,0,0,0,0,0,0,0,0,0,0,0,0,0
"C2762","5","518210","48","0","2019","4","N",13,0,0,0,0,0,0,0,"N",1.24,0,0,0,0,0,0,0,"N",4,44.4,0,0,0,0,0,0,0,0,0,0,0,0,0,0
"C2774","5","518210","48","0","2019","4","N",10,0,0,0,0,0,0,0,"N",0.92,0,0,0,0,0,0,0,"N",4,66.7,0,0,0,0,0,0,0,0,0,0,0,0,0,0
"C2778","5","518210","48","0","2019","4","N",3,0,0,0,0,0,0,0,"N",0.33,0,0,0,0,0,0,0,"N",0,0.0,0,0,0,0,0,0,0,0,0,0,0,0,0,0
"C2786","5","518210","48","0","2019","4","N",1,0,0,0,0,0,0,0,"N",0.11,0,0,0,0,0,0,0,"N",0,0.0,0,0,0,0,0,0,0,0,0,0,0,0,0,0
"C2790","5","518210","48","0","2019","4","N",1,0,0,0,0,0,0,0,"N",0.08,0,0,0,0,0,0,0,"N",0,0.0,0,0,0,0,0,0,0,0,0,0,0,0,0,0
"C2798","5","518210","48","0","2019","4","N",17,0,0,0,0,0,0,0,"N",0.95,0,0,0,0,0,0,0,"N",7,70.0,0,0,0,0,0,0,0,0,0,0,0,0,0,0
"C2802","5","518210","48","0","2019","4","N",13,0,0,0,0,0,0,0,"N",0.71,0,0,0,0,0,0,0,"N",5,62.5,0,0,0,0,0,0,0,0,0,0,0,0,0,0
"C2814","5","518210","48","0","2019","4","",166,3586,3617,3629,79591334,4160150,75873,1696,"",0.94,1.44,1.44,1.44,1.02,0.92,1.49,0.71,"",30,22.1,227,6.8,314,9.5,345,10.5,-31541606,-28.4,2203216,112.6,40895,116.9,-883,-34.2
"C2842","5","518210","48","0","2019","4","N",10,0,0,0,0,0,0,0,"N",0.42,0,0,0,0,0,0,0,"N",1,11.1,0,0,0,0,0,0,0,0,0,0,0,0,0,0
"C2866","5","518210","48","0","2019","4","",11,180,183,178,3689976,131963,3226,1574,"",0.56,0.54,0.54,0.52,0.41,0.52,0.76,0.76,"N",3,37.5,0,0,0,0,0,0,0,0,0,0,0,0,0,0
"C2870","5","518210","48","0","2019","4","N",8,0,0,0,0,0,0,0,"N",0.44,0,0,0,0,0,0,0,"N",0,0.0,0,0,0,0,0,0,0,0,0,0,0,0,0,0
"C2874","5","518210","48","0","2019","4","N",5,0,0,0,0,0,0,0,"N",0.35,0,0,0,0,0,0,0,"N",1,25.0,0,0,0,0,0,0,0,0,0,0,0,0,0,0
"C2894","5","518210","48","0","2019","4","N",63,0,0,0,0,0,0,0,"N",1.14,0,0,0,0,0,0,0,"N",2,3.3,0,0,0,0,0,0,0,0,0,0,0,0,0,0
"C2910","5","518210","48","0","2019","4","N",9,0,0,0,0,0,0,0,"N",0.92,0,0,0,0,0,0,0,"N",1,12.5,0,0,0,0,0,0,0,0,0,0,0,0,0,0
"C2918","5","518210","48","0","2019","4","N",21,0,0,0,0,0,0,0,"N",0.51,0,0,0,0,0,0,0,"N",1,5.0,0,0,0,0,0,0,0,0,0,0,0,0,0,0
"C2920","5","518210","48","0","2019","4","N",2,0,0,0,0,0,0,0,"N",0.18,0,0,0,0,0,0,0,"N",-1,-33.3,0,0,0,0,0,0,0,0,0,0,0,0,0,0
"C2934","5","518210","48","0","2019","4","N",8,0,0,0,0,0,0,0,"N",0.53,0,0,0,0,0,0,0,"N",1,14.3,0,0,0,0,0,0,0,0,0,0,0,0,0,0
"C2942","5","518210","48","0","2019","4","N",3,0,0,0,0,0,0,0,"N",0.29,0,0,0,0,0,0,0,"N",0,0.0,0,0,0,0,0,0,0,0,0,0,0,0,0,0
"C2946","5","518210","48","0","2019","4","",14,60,62,59,1229494,157025,902,1568,"",0.36,0.11,0.11,0.11,0.09,0.36,0.26,0.85,"",1,7.7,2,3.4,2,3.3,1,1.7,186119,17.8,68348,77.1,378,72.1,200,14.6
"C2954","5","518210","48","0","2019","4","",6,73,73,74,1503442,27576,892,1577,"",0.16,0.13,0.13,0.13,0.10,0.06,0.04,0.78,"",-1,-14.3,-3,-3.9,-9,-11.0,-9,-10.8,160291,11.9,-48796,-63.9,-4033,-81.9,291,22.6
"C2962","5","518210","48","0","2019","4","N",36,0,0,0,0,0,0,0,"N",1.36,0,0,0,0,0,0,0,"N",10,38.5,0,0,0,0,0,0,0,0,0,0,0,0,0,0
"C2970","5","518210","48","0","2019","4","N",2,0,0,0,0,0,0,0,"N",0.14,0,0,0,0,0,0,0,"N",-1,-33.3,0,0,0,0,0,0,0,0,0,0,0,0,0,0
"C2974","5","518210","48","0","2019","4","N",6,0,0,0,0,0,0,0,"N",0.43,0,0,0,0,0,0,0,"N",1,20.0,0,0,0,0,0,0,0,0,0,0,0,0,0,0
"C2982","5","518210","48","0","2019","4","",211,1597,1615,1592,42489584,6045316,124258,2041,"",1.38,0.66,0.65,0.64,0.62,0.69,0.62,0.95,"",12,6.0,-9,-0.6,18,1.1,-13,-0.8,397965,0.9,1534503,34.0,23299,23.1,21,1.0
"C2994","5","518210","48","0","2019","4","N",6,0,0,0,0,0,0,0,"N",0.72,0,0,0,0,0,0,0,"N",1,20.0,0,0,0,0,0,0,0,0,0,0,0,0,0,0
"C3002","5","518210","48","0","2019","4","",6,487,491,483,6389075,322102,4322,1009,"",0.88,4.75,4.75,4.65,2.86,2.16,2.81,0.61,"N",3,100.0,0,0,0,0,0,0,0,0,0,0,0,0,0,0
"C3014","5","518210","48","0","2019","4","",5,15,15,15,318668,14782,1371,1634,"",0.65,0.12,0.12,0.12,0.10,0.14,0.27,0.85,"N",1,25.0,0,0,0,0,0,0,0,0,0,0,0,0,0,0
"C3030","5","518210","48","0","2019","4","",3,14,14,15,441235,81834,1193,2368,"",0.59,0.22,0.21,0.23,0.29,0.33,0.58,1.32,"",0,0.0,4,40.0,4,40.0,4,36.4,130538,42.0,47964,141.6,888,291.1,55,2.4
"C3034","5","518210","48","0","2019","4","N",4,0,0,0,0,0,0,0,"N",0.48,0,0,0,0,0,0,0,"N",-1,-20.0,0,0,0,0,0,0,0,0,0,0,0,0,0,0
"C3046","5","518210","48","0","2019","4","",41,462,479,479,11353644,448710,11229,1845,"",0.97,0.72,0.74,0.73,0.63,0.70,0.98,0.86,"",2,5.1,12,2.7,26,5.7,24,5.3,835137,7.9,61127,15.8,3037,37.1,58,3.2
"C3062","5","518210","48","0","2019","4","N",4,0,0,0,0,0,0,0,"N",0.60,0,0,0,0,0,0,0,"N",0,0.0,0,0,0,0,0,0,0,0,0,0,0,0,0,0
"C3070","5","518210","48","0","2019","4","",22,196,201,204,3556905,105597,985,1366,"",0.79,0.46,0.47,0.48,0.32,0.34,0.33,0.68,"",3,15.8,10,5.4,15,8.1,19,10.3,546245,18.1,16927,19.1,77,8.5,119,9.5
"C3078","5","518210","48","0","2019","4","N",47,0,0,0,0,0,0,0,"N",0.82,0,0,0,0,0,0,0,"N",-2,-4.1,0,0,0,0,0,0,0,0,0,0,0,0,0,0
"C3086","5","518210","48","0","2019","4","",9,96,92,93,1921763,456505,662,1578,"",0.78,0.66,0.62,0.63,0.60,1.00,0.38,0.94,"",0,0.0,-33,-25.6,-30,-24.6,-30,-24.4,-2226,-0.1,-160951,-26.1,-3062,-82.2,391,32.9
"C3098","5","518210","48","0","2019","4","N",3,0,0,0,0,0,0,0,"N",0.20,0,0,0,0,0,0,0,"N",2,200.0,0,0,0,0,0,0,0,0,0,0,0,0,0,0
"C3102","5","518210","48","0","2019","4","N",2,0,0,0,0,0,0,0,"N",0.24,0,0,0,0,0,0,0,"N",-1,-33.3,0,0,0,0,0,0,0,0,0,0,0,0,0,0
"C3108","5","518210","48","0","2019","4","",708,12718,12826,12872,540673856,7334305,342700,3248,"",0.41,0.87,0.87,0.87,0.95,0.67,0.70,1.09,"",7,1.0,1482,13.2,1528,13.5,1453,12.7,115567126,27.2,-2883709,-28.2,-112675,-24.7,359,12.4
"C3114","5","518210","48","0","2019","4","",72,1380,1371,1376,62614470,768553,16636,3501,"",0.74,0.90,0.89,0.88,1.37,0.48,0.59,1.54,"",11,18.0,-4,-0.3,-38,-2.7,-46,-3.2,35212754,128.5,-295700,-27.8,-4833,-22.5,2001,133.4
"C3118","5","518210","48","0","2019","4","N",6,0,0,0,0,0,0,0,"N",0.27,0,0,0,0,0,0,0,"N",1,20.0,0,0,0,0,0,0,0,0,0,0,0,0,0,0
"C3134","5","518210","48","0","2019","4","N",7,0,0,0,0,0,0,0,"N",0.34,0,0,0,0,0,0,0,"N",0,0.0,0,0,0,0,0,0,0,0,0,0,0,0,0,0
"C3142","5","518210","48","0","2019","4","N",5,0,0,0,0,0,0,0,"N",0.34,0,0,0,0,0,0,0,"N",1,25.0,0,0,0,0,0,0,0,0,0,0,0,0,0,0
"C3154","5","518210","48","0","2019","4","N",40,0,0,0,0,0,0,0,"N",0.76,0,0,0,0,0,0,0,"N",-1,-2.4,0,0,0,0,0,0,0,0,0,0,0,0,0,0
"C3170","5","518210","48","0","2019","4","",27,404,410,413,11258050,206113,567,2117,"",0.82,0.83,0.84,0.84,0.64,0.40,0.19,0.77,"",5,22.7,-102,-20.2,-90,-18.0,-79,-16.1,-68467,-0.6,4896,2.4,51,9.9,372,21.3
"C3174","5","518210","48","0","2019","4","N",1,0,0,0,0,0,0,0,"N",0.16,0,0,0,0,0,0,0,"N",-1,-50.0,0,0,0,0,0,0,0,0,0,0,0,0,0,0
"C3190","5","518210","48","0","2019","4","N",3,0,0,0,0,0,0,0,"N",0.41,0,0,0,0,0,0,0,"N",1,50.0,0,0,0,0,0,0,0,0,0,0,0,0,0,0
"C3242","5","518210","48","0","2019","4","-",0,0,0,0,0,0,0,0,"N",0.00,0,0,0,0,0,0,0,"N",0,0,0,0,0,0,0,0,0,0,0,0,0,0,0,0
"C3258","5","518210","48","0","2019","4","N",7,0,0,0,0,0,0,0,"N",0.21,0,0,0,0,0,0,0,"N",2,40.0,0,0,0,0,0,0,0,0,0,0,0,0,0,0
"C3278","5","518210","48","0","2019","4","",15,23,23,23,829407,122379,2752,2774,"",0.72,0.10,0.11,0.11,0.15,0.13,0.13,1.45,"",4,36.4,9,64.3,8,53.3,7,43.8,338410,68.9,-7713,-5.9,-870,-24.0,256,10.2
"C3282","5","518210","48","0","2019","4","",67,220,222,224,5299338,115829,2421,1836,"",0.89,0.15,0.15,0.15,0.12,0.09,0.17,0.80,"N",5,8.1,0,0,0,0,0,0,0,0,0,0,0,0,0,0
"C3290","5","518210","48","0","2019","4","N",1,0,0,0,0,0,0,0,"N",0.05,0,0,0,0,0,0,0,"N",0,0.0,0,0,0,0,0,0,0,0,0,0,0,0,0,0
"C3310","5","518210","48","0","2019","4","",541,6081,6065,6089,153264342,3200502,26710,1940,"",0.87,0.99,0.97,0.96,0.79,0.66,0.61,0.81,"",61,12.7,197,3.3,179,3.0,259,4.4,3916399,2.6,845329,35.9,6739,33.7,-18,-0.9
"C3314","5","518210","48","0","2019","4","N",2,0,0,0,0,0,0,0,"N",0.33,0,0,0,0,0,0,0,"N",1,100.0,0,0,0,0,0,0,0,0,0,0,0,0,0,0
"C3322","5","518210","48","0","2019","4","N",6,0,0,0,0,0,0,0,"N",0.63,0,0,0,0,0,0,0,"N",0,0.0,0,0,0,0,0,0,0,0,0,0,0,0,0,0
"C3326","5","518210","48","0","2019","4","N",2,0,0,0,0,0,0,0,"N",0.12,0,0,0,0,0,0,0,"N",0,0.0,0,0,0,0,0,0,0,0,0,0,0,0,0,0
"C3334","5","518210","48","0","2019","4","",68,4402,4399,4406,178446496,2312663,31631,3118,"",0.53,2.24,2.23,2.22,2.90,1.06,0.77,1.30,"",8,13.3,-42,-0.9,-40,-0.9,-19,-0.4,58327566,48.6,510318,28.3,10709,51.2,1035,49.7
"C3346","5","518210","48","0","2019","4","",229,4290,4316,4314,163456887,10992129,88671,2920,"",0.87,0.93,0.94,0.93,1.01,0.90,0.64,1.08,"",-2,-0.9,-2097,-32.8,-2044,-32.1,-2098,-32.7,-12014460,-6.8,-2072277,-15.9,-19701,-18.2,806,38.1
"C3354","5","518210","48","0","2019","4","",10,105,107,106,1335372,380981,3587,969,"",0.68,0.71,0.73,0.72,0.37,0.62,0.52,0.51,"",-1,-9.1,5,5.0,7,7.0,8,8.2,-7991,-0.6,-133605,-26.0,-6958,-66.0,-71,-6.8
"C3366","5","518210","48","0","2019","4","",14,79,78,76,966908,75884,1215,958,"",0.51,0.19,0.19,0.18,0.09,0.23,0.22,0.45,"",0,0.0,-42,-34.7,-42,-35.0,-46,-37.7,-262052,-21.3,-15992,-17.4,-661,-35.2,177,22.7
"C3370","5","518210","48","0","2019","4","N",5,0,0,0,0,0,0,0,"N",0.11,0,0,0,0,0,0,0,"N",0,0.0,0,0,0,0,0,0,0,0,0,0,0,0,0,0
"C3374","5","518210","48","0","2019","4","N",12,0,0,0,0,0,0,0,"N",0.86,0,0,0,0,0,0,0,"N",2,20.0,0,0,0,0,0,0,0,0,0,0,0,0,0,0
"C3378","5","518210","48","0","2019","4","N",2,0,0,0,0,0,0,0,"N",0.32,0,0,0,0,0,0,0,"N",0,0.0,0,0,0,0,0,0,0,0,0,0,0,0,0,0
"C3386","5","518210","48","0","2019","4","N",12,0,0,0,0,0,0,0,"N",0.50,0,0,0,0,0,0,0,"N",-5,-29.4,0,0,0,0,0,0,0,0,0,0,0,0,0,0
"C3406","5","518210","48","0","2019","4","N",7,0,0,0,0,0,0,0,"N",0.77,0,0,0,0,0,0,0,"N",0,0.0,0,0,0,0,0,0,0,0,0,0,0,0,0,0
"C3410","5","518210","48","0","2019","4","N",2,0,0,0,0,0,0,0,"N",0.35,0,0,0,0,0,0,0,"N",0,0.0,0,0,0,0,0,0,0,0,0,0,0,0,0,0
"C3458","5","518210","48","0","2019","4","",6,36,38,39,2198095,166077,1577,4489,"",0.54,0.29,0.31,0.32,0.62,0.30,0.24,2.04,"N",-1,-14.3,0,0,0,0,0,0,0,0,0,0,0,0,0,0
"C3462","5","518210","48","0","2019","4","N",3,0,0,0,0,0,0,0,"N",0.52,0,0,0,0,0,0,0,"N",0,0.0,0,0,0,0,0,0,0,0,0,0,0,0,0,0
"C3474","5","518210","48","0","2019","4","N",4,0,0,0,0,0,0,0,"N",0.50,0,0,0,0,0,0,0,"N",0,0.0,0,0,0,0,0,0,0,0,0,0,0,0,0,0
"C3482","5","518210","48","0","2019","4","N",29,0,0,0,0,0,0,0,"N",0.85,0,0,0,0,0,0,0,"N",10,52.6,0,0,0,0,0,0,0,0,0,0,0,0,0,0
"C3490","5","518210","48","0","2019","4","",7,48,47,48,1353988,22636,770,2185,"",0.44,0.25,0.25,0.26,0.22,0.17,0.13,0.86,"",1,16.7,10,26.3,9,23.7,9,23.1,221656,19.6,-1526,-6.3,-52,-6.3,-87,-3.8
"C3494","5","518210","48","0","2019","4","",19,27,28,33,700233,49323,314,1836,"",0.47,0.08,0.08,0.09,0.07,0.15,0.12,0.84,"",0,0.0,11,68.8,14,100.0,18,120.0,118695,20.4,29884,153.7,-11,-3.4,-1146,-38.4
"C3498","5","518210","48","0","2019","4","",282,4274,4277,4337,103853043,2549330,30201,1860,"",1.94,1.82,1.78,1.80,1.35,1.31,1.24,0.75,"",22,8.5,419,10.9,401,10.3,422,10.8,4867898,4.9,741370,41.0,6434,27.1,-101,-5.2
"C3510","5","518210","48","0","2019","4","N",6,0,0,0,0,0,0,0,"N",0.80,0,0,0,0,0,0,0,"N",1,20.0,0,0,0,0,0,0,0,0,0,0,0,0,0,0
"C3530","5","518210","48","0","2019","4","",93,330,330,336,20533790,589975,18645,4758,"",1.38,0.38,0.37,0.38,0.71,0.59,0.51,1.89,"",48,106.7,43,15.0,39,13.4,43,14.7,9040186,78.7,240444,68.8,7409,65.9,1713,56.3
"C3538","5","518210","48","0","2019","4","",138,807,823,805,14209184,623835,11331,1347,"",1.26,0.62,0.63,0.61,0.37,0.62,0.70,0.59,"N",11,8.7,0,0,0,0,0,0,0,0,0,0,0,0,0,0
"C3562","5","518210","48","0","2019","4","",1214,24160,24334,24259,894271121,41215375,877350,2837,"",0.70,1.07,1.06,1.05,0.89,1.12,1.08,0.84,"N",127,11.7,0,0,0,0,0,0,0,0,0,0,0,0,0,0
"C3566","5","518210","48","0","2019","4","N",5,0,0,0,0,0,0,0,"N",0.49,0,0,0,0,0,0,0,"N",3,150.0,0,0,0,0,0,0,0,0,0,0,0,0,0,0
"C3584","5","518210","48","0","2019","4","N",46,0,0,0,0,0,0,0,"N",0.60,0,0,0,0,0,0,0,"N",6,15.0,0,0,0,0,0,0,0,0,0,0,0,0,0,0
"C3598","5","518210","48","0","2019","4","",23,19,22,21,665552,67010,2297,2477,"",1.11,0.07,0.08,0.07,0.08,0.24,0.24,1.06,"",10,76.9,-3,-13.6,0,0.0,-4,-16.0,-56300,-7.8,-35027,-34.3,-1850,-44.6,63,2.6
"C3610","5","518210","48","0","2019","4","",6,4,4,4,45410,7000,7,873,"",0.25,0.02,0.02,0.02,0.01,0.04,0.00,0.51,"",-1,-14.3,-17,-81.0,1,33.3,0,0.0,-98451,-68.4,635,10.0,-163,-95.9,-313,-26.4
"C3614","5","518210","48","0","2019","4","N",1,0,0,0,0,0,0,0,"N",0.10,0,0,0,0,0,0,0,"N",0,0.0,0,0,0,0,0,0,0,0,0,0,0,0,0,0
"C3626","5","518210","48","0","2019","4","N",32,0,0,0,0,0,0,0,"N",0.69,0,0,0,0,0,0,0,"N",10,45.5,0,0,0,0,0,0,0,0,0,0,0,0,0,0
"C3642","5","518210","48","0","2019","4","",94,405,408,419,7709247,531516,6988,1444,"",0.84,0.27,0.27,0.28,0.19,0.21,0.31,0.68,"",11,13.3,12,3.1,17,4.3,19,4.8,361160,4.9,-93011,-14.9,-951,-12.0,12,0.8
"C3650","5","518210","48","0","2019","4","",30,222,238,229,2329101,825328,8922,780,"",1.28,0.79,0.85,0.81,0.28,0.79,0.83,0.34,"",-1,-3.2,73,49.0,86,56.6,80,53.7,177769,8.3,-343098,-29.4,-3559,-28.5,-323,-29.3
"C3654","5","518210","48","0","2019","4","",86,4049,4046,4040,84055398,1880033,12051,1598,"",1.14,3.55,3.51,3.49,2.53,1.64,0.85,0.72,"",6,7.5,-334,-7.6,-315,-7.2,-260,-6.0,-7297178,-8.0,-431163,-18.7,-2898,-19.4,-18,-1.1
"C3674","5","518210","48","0","2019","4","",183,3388,3447,3457,76106822,1457833,20351,1706,"",0.88,1.12,1.13,1.12,0.90,0.65,1.22,0.80,"",7,4.0,22,0.7,72,2.1,84,2.5,11062256,17.0,-332874,-18.6,2930,16.8,222,15.0
"C3678","5","518210","48","0","2019","4","",6,20,20,19,397714,6315,97,1556,"",0.57,0.09,0.09,0.09,0.06,0.03,0.03,0.67,"",2,50.0,6,42.9,6,42.9,5,35.7,37009,10.3,624,11.0,36,59.0,-426,-21.5
"C3698","5","518210","48","0","2019","4","N",1,0,0,0,0,0,0,0,"N",0.12,0,0,0,0,0,0,0,"N",-1,-50.0,0,0,0,0,0,0,0,0,0,0,0,0,0,0
"C3710","5","518210","48","0","2019","4","",34,299,299,299,21923254,138026,6154,5640,"",0.45,0.38,0.38,0.38,0.86,0.23,0.24,2.27,"",6,21.4,-13,-4.2,-11,-3.5,-14,-4.5,10767029,96.5,18446,15.4,949,18.2,2887,104.9
"C3734","5","518210","48","0","2019","4","",30,123,123,121,2369642,78682,1309,1490,"",0.68,0.23,0.23,0.23,0.15,0.20,0.39,0.66,"",8,36.4,-12,-8.9,-13,-9.6,-18,-12.9,-477188,-16.8,-29216,-27.1,-848,-39.3,-112,-7.0
"C3746","5","518210","48","0","2019","4","N",5,0,0,0,0,0,0,0,"N",0.30,0,0,0,0,0,0,0,"N",2,66.7,0,0,0,0,0,0,0,0,0,0,0,0,0,0
"C3762","5","518210","48","0","2019","4","N",2,0,0,0,0,0,0,0,"N",0.32,0,0,0,0,0,0,0,"N",-1,-33.3,0,0,0,0,0,0,0,0,0,0,0,0,0,0
"C3786","5","518210","48","0","2019","4","N",12,0,0,0,0,0,0,0,"N",0.37,0,0,0,0,0,0,0,"N",2,20.0,0,0,0,0,0,0,0,0,0,0,0,0,0,0
"C3790","5","518210","48","0","2019","4","N",3,0,0,0,0,0,0,0,"N",0.14,0,0,0,0,0,0,0,"N",0,0.0,0,0,0,0,0,0,0,0,0,0,0,0,0,0
"C3798","5","518210","48","0","2019","4","",414,5302,5337,5354,113461306,6036586,245580,1637,"",0.93,0.79,0.79,0.79,0.48,0.68,0.83,0.60,"",46,12.5,47,0.9,57,1.1,64,1.2,-2509645,-2.2,582907,10.7,26381,12.0,-54,-3.2
"C3806","5","518210","48","0","2019","4","N",398,0,0,0,0,0,0,0,"N",1.35,0,0,0,0,0,0,0,"N",50,14.4,0,0,0,0,0,0,0,0,0,0,0,0,0,0
"C3830","5","518210","48","0","2019","4","",117,1418,1426,1424,63264312,1394660,81332,3421,"",0.69,0.53,0.53,0.53,0.74,0.64,0.69,1.38,"N",19,19.4,0,0,0,0,0,0,0,0,0,0,0,0,0,0
"C3834","5","518210","48","0","2019","4","N",4,0,0,0,0,0,0,0,"N",0.29,0,0,0,0,0,0,0,"N",-1,-20.0,0,0,0,0,0,0,0,0,0,0,0,0,0,0
"C3854","5","518210","48","0","2019","4","",3,15,15,16,391067,86394,710,1962,"",0.47,0.18,0.18,0.20,0.22,0.28,0.29,1.18,"N",0,0.0,0,0,0,0,0,0,0,0,0,0,0,0,0,0
"C3866","5","518210","48","0","2019","4","N",1,0,0,0,0,0,0,0,"N",0.10,0,0,0,0,0,0,0,"N",0,0.0,0,0,0,0,0,0,0,0,0,0,0,0,0,0
"C3886","5","518210","48","0","2019","4","",49,330,337,340,8018455,305948,4801,1838,"",0.83,0.50,0.51,0.52,0.42,0.49,0.38,0.82,"",-5,-9.3,23,7.5,32,10.5,36,11.8,1342353,20.1,-10445,-3.3,-31,-0.6,156,9.3
"C3890","5","518210","48","0","2019","4","",305,5051,5091,5123,142252470,23072195,418105,2151,"",1.23,1.76,1.76,1.77,1.44,1.98,1.87,0.82,"",38,14.2,839,19.9,871,20.6,883,20.8,3142565,2.3,5712053,32.9,107472,34.6,-382,-15.1
"C3894","5","518210","48","0","2019","4","N",17,0,0,0,0,0,0,0,"N",0.47,0,0,0,0,0,0,0,"N",4,30.8,0,0,0,0,0,0,0,0,0,0,0,0,0,0
"C3914","5","518210","48","0","2019","4","N",2,0,0,0,0,0,0,0,"N",0.13,0,0,0,0,0,0,0,"N",0,0.0,0,0,0,0,0,0,0,0,0,0,0,0,0,0
"C3930","5","518210","48","0","2019","4","",105,555,541,548,13933045,1154400,30654,1956,"",0.76,0.33,0.32,0.33,0.28,0.36,0.35,0.85,"",0,0.0,-40,-6.7,-65,-10.7,-53,-8.8,-1083431,-7.2,229761,24.8,4899,19.0,33,1.7
"C3934","5","518210","48","0","2019","4","N",82,0,0,0,0,0,0,0,"N",1.63,0,0,0,0,0,0,0,"N",16,24.2,0,0,0,0,0,0,0,0,0,0,0,0,0,0
"C3938","5","518210","48","0","2019","4","",5,45,42,41,369412,55653,970,666,"",0.52,0.30,0.28,0.27,0.10,0.29,0.30,0.35,"N",1,25.0,0,0,0,0,0,0,0,0,0,0,0,0,0,0
"C3946","5","518210","48","0","2019","4","N",7,0,0,0,0,0,0,0,"N",0.54,0,0,0,0,0,0,0,"N",0,0.0,0,0,0,0,0,0,0,0,0,0,0,0,0,0
"C3954","5","518210","48","0","2019","4","N",3,0,0,0,0,0,0,0,"N",0.24,0,0,0,0,0,0,0,"N",1,50.0,0,0,0,0,0,0,0,0,0,0,0,0,0,0
"C3958","5","518210","48","0","2019","4","N",179,0,0,0,0,0,0,0,"N",1.61,0,0,0,0,0,0,0,"N",19,11.9,0,0,0,0,0,0,0,0,0,0,0,0,0,0
"C3966","5","518210","48","0","2019","4","",21,20,23,22,399779,28291,295,1419,"",1.33,0.13,0.15,0.14,0.11,0.15,0.22,0.77,"N",8,61.5,0,0,0,0,0,0,0,0,0,0,0,0,0,0
"C3974","5","518210","48","0","2019","4","",7,126,127,114,1958424,243257,7031,1231,"",0.29,0.30,0.30,0.27,0.17,0.70,0.40,0.57,"",3,75.0,88,231.6,89,234.2,76,200.0,1405391,254.1,220433,965.8,6485,1187.7,111,9.9
"C3982","5","518210","48","0","2019","4","",8,15,15,19,299371,14436,593,1410,"",0.41,0.09,0.09,0.12,0.07,0.13,0.11,0.71,"",3,60.0,1,7.1,3,25.0,5,35.7,84485,39.3,12621,695.4,511,623.2,170,13.7
"C3990","5","518210","48","0","2019","4","N",58,0,0,0,0,0,0,0,"N",1.40,0,0,0,0,0,0,0,"N",6,11.5,0,0,0,0,0,0,0,0,0,0,0,0,0,0
"C4006","5","518210","48","0","2019","4","",76,406,411,418,9863284,469477,14937,1843,"",0.71,0.27,0.27,0.27,0.21,0.42,0.95,0.80,"",-1,-1.3,-47,-10.4,-33,-7.4,-33,-7.3,-5910748,-37.5,31832,7.3,-1222,-7.6,-857,-31.7
"C4014","5","518210","48","0","2019","4","N",43,0,0,0,0,0,0,0,"N",0.12,0,0,0,0,0,0,0,"N",-2,-4.4,0,0,0,0,0,0,0,0,0,0,0,0,0,0
"C4022","5","518210","48","0","2019","4","N",8,0,0,0,0,0,0,0,"N",0.32,0,0,0,0,0,0,0,"N",-1,-11.1,0,0,0,0,0,0,0,0,0,0,0,0,0,0
"C4034","5","518210","48","0","2019","4","N",5,0,0,0,0,0,0,0,"N",0.34,0,0,0,0,0,0,0,"N",0,0.0,0,0,0,0,0,0,0,0,0,0,0,0,0,0
"C4038","5","518210","48","0","2019","4","N",37,0,0,0,0,0,0,0,"N",0.51,0,0,0,0,0,0,0,"N",-3,-7.5,0,0,0,0,0,0,0,0,0,0,0,0,0,0
"C4042","5","518210","48","0","2019","4","N",5,0,0,0,0,0,0,0,"N",0.28,0,0,0,0,0,0,0,"N",1,25.0,0,0,0,0,0,0,0,0,0,0,0,0,0,0
"C4058","5","518210","48","0","2019","4","N",2,0,0,0,0,0,0,0,"N",0.24,0,0,0,0,0,0,0,"N",-2,-50.0,0,0,0,0,0,0,0,0,0,0,0,0,0,0
"C4090","5","518210","48","0","2019","4","N",67,0,0,0,0,0,0,0,"N",0.28,0,0,0,0,0,0,0,"N",1,1.5,0,0,0,0,0,0,0,0,0,0,0,0,0,0
"C4098","5","518210","48","0","2019","4","N",3,0,0,0,0,0,0,0,"N",0.28,0,0,0,0,0,0,0,"N",2,200.0,0,0,0,0,0,0,0,0,0,0,0,0,0,0
"C4106","5","518210","48","0","2019","4","",7,25,27,23,407143,109815,1108,1253,"",0.49,0.10,0.11,0.09,0.06,0.17,0.15,0.63,"N",0,0.0,0,0,0,0,0,0,0,0,0,0,0,0,0,0
"C4110","5","518210","48","0","2019","4","",8,133,135,134,3318858,319677,861,1905,"",0.46,0.79,0.80,0.79,0.94,0.53,0.32,1.19,"",2,33.3,41,44.6,44,48.4,46,52.3,1228657,58.8,28508,9.8,-88,-9.3,125,7.0
"C4114","5","518210","48","0","2019","4","N",1,0,0,0,0,0,0,0,"N",0.11,0,0,0,0,0,0,0,"N",0,0.0,0,0,0,0,0,0,0,0,0,0,0,0,0,0
"C4118","5","518210","48","0","2019","4","",136,6870,6905,6914,295454431,4645877,41605,3296,"",0.57,2.17,2.17,2.16,3.06,1.44,0.81,1.41,"",10,7.9,487,7.6,481,7.5,455,7.0,48418042,19.6,-46202,-1.0,-11966,-22.3,337,11.4
"C4142","5","518210","48","0","2019","4","N",14,0,0,0,0,0,0,0,"N",0.39,0,0,0,0,0,0,0,"N",-1,-6.7,0,0,0,0,0,0,0,0,0,0,0,0,0,0
"C4150","5","518210","48","0","2019","4","",8,24,24,23,751177,15800,892,2442,"",0.21,0.05,0.05,0.05,0.06,0.05,0.05,1.15,"",1,14.3,-2,-7.7,-2,-7.7,-2,-8.0,-201220,-21.1,6042,61.9,360,67.7,-412,-14.4
"C4154","5","518210","48","0","2019","4","N",26,0,0,0,0,0,0,0,"N",0.76,0,0,0,0,0,0,0,"N",4,18.2,0,0,0,0,0,0,0,0,0,0,0,0,0,0
"C4162","5","518210","48","0","2019","4","",272,3107,3184,3216,65229565,13072998,63113,1583,"",2.00,1.77,1.80,1.81,1.16,2.14,1.97,0.65,"",39,16.7,195,6.7,213,7.2,221,7.4,8910086,15.8,395180,3.1,-1464,-2.3,119,8.1
"C4166","5","518210","48","0","2019","4","N",3,0,0,0,0,0,0,0,"N",0.37,0,0,0,0,0,0,0,"N",1,50.0,0,0,0,0,0,0,0,0,0,0,0,0,0,0
"C4170","5","518210","48","0","2019","4","",75,5895,5931,5909,103120492,3037766,115009,1342,"",0.51,2.41,2.40,2.38,1.46,1.35,3.13,0.61,"",3,4.2,-546,-8.5,-547,-8.4,-472,-7.4,-16041166,-13.5,136815,4.7,13677,13.5,-83,-5.8
"C4174","5","518210","48","0","2019","4","",190,2806,2796,2807,83890608,1777932,81003,2302,"",0.61,0.79,0.78,0.78,0.65,0.76,0.79,0.82,"",11,6.1,494,21.4,456,19.5,471,20.2,16479726,24.4,-17879,-1.0,-4493,-5.3,76,3.4
"C4186","5","518210","48","0","2019","4","",710,25298,25627,25737,1629976609,16457596,638021,4907,"",1.30,4.34,4.36,4.36,4.98,4.10,3.62,1.14,"",-3,-0.4,2053,8.8,2041,8.7,1820,7.6,-347500709,-17.6,-213058,-1.3,-10384,-1.6,-1543,-23.9
"C4194","5","518210","48","0","2019","4","",323,7413,7409,7405,573826530,3922522,153543,5958,"",1.57,2.74,2.72,2.70,2.72,2.13,1.88,1.00,"",-36,-10.0,-695,-8.6,-749,-9.2,-754,-9.2,43763027,8.3,-1199000,-23.4,-48678,-24.1,950,19.0
"C4198","5","518210","48","0","2019","4","",33,2709,2726,2778,34122872,1545789,50963,959,"",0.38,1.81,1.79,1.78,1.33,2.21,2.13,0.74,"",1,3.1,626,30.1,635,30.4,586,26.7,8490911,33.1,503277,48.3,16445,47.6,30,3.2
"C4202","5","518210","48","0","2019","4","",10,94,92,89,2089952,57101,2363,1754,"",0.35,0.33,0.32,0.32,0.25,0.28,0.29,0.78,"",3,42.9,10,11.9,7,8.2,4,4.7,568447,37.4,-14803,-20.6,-1506,-38.9,372,26.9
"C4210","5","518210","48","0","2019","4","N",10,0,0,0,0,0,0,0,"N",0.38,0,0,0,0,0,0,0,"N",3,42.9,0,0,0,0,0,0,0,0,0,0,0,0,0,0
"C4214","5","518210","48","0","2019","4","",14,19,21,20,359232,92575,1194,1382,"",0.84,0.13,0.14,0.13,0.09,0.26,0.46,0.66,"",4,40.0,-1,-5.0,2,10.5,4,25.0,114293,46.7,33583,56.9,985,471.3,354,34.4
"C4220","5","518210","48","0","2019","4","",19,205,202,209,5610774,142972,8135,2102,"",0.45,0.42,0.41,0.44,0.36,0.42,0.54,0.86,"",4,26.7,24,13.3,19,10.4,28,15.5,596761,11.9,2121,1.5,352,4.5,-21,-1.0
"C4222","5","518210","48","0","2019","4","",11,86,83,87,1642656,23212,1228,1481,"",0.20,0.17,0.17,0.17,0.10,0.07,0.08,0.58,"",-2,-15.4,-5,-5.5,-7,-7.8,-2,-2.2,175278,11.9,-11212,-32.6,-479,-28.1,227,18.1
"C4234","5","518210","48","0","2019","4","",11,87,79,78,1828102,95514,2328,1729,"",0.42,0.21,0.18,0.18,0.16,0.20,0.34,0.86,"",0,0.0,32,58.2,25,46.3,24,44.4,536695,41.6,61638,182.0,1860,397.4,-99,-5.4
"C4254","5","518210","48","0","2019","4","N",28,0,0,0,0,0,0,0,"N",0.77,0,0,0,0,0,0,0,"N",12,75.0,0,0,0,0,0,0,0,0,0,0,0,0,0,0
"C4266","5","518210","48","0","2019","4","",578,12207,12311,12430,509171583,64614520,602409,3180,"",1.58,2.52,2.53,2.53,2.33,2.93,2.80,0.92,"",31,5.7,1896,18.4,1805,17.2,2175,21.2,29431732,6.1,9783186,17.8,-7475,-1.2,-383,-10.7
"C4268","5","518210","48","0","2019","4","",12,49,51,56,848669,61169,163,1255,"",0.86,0.39,0.40,0.43,0.27,0.60,0.14,0.65,"N",1,9.1,0,0,0,0,0,0,0,0,0,0,0,0,0,0
"C4270","5","518210","48","0","2019","4","N",1,0,0,0,0,0,0,0,"N",0.16,0,0,0,0,0,0,0,"N",0,0.0,0,0,0,0,0,0,0,0,0,0,0,0,0,0
"C4310","5","518210","48","0","2019","4","N",2,0,0,0,0,0,0,0,"N",0.26,0,0,0,0,0,0,0,"N",2,100.0,0,0,0,0,0,0,0,0,0,0,0,0,0,0
"C4330","5","518210","48","0","2019","4","N",3,0,0,0,0,0,0,0,"N",0.37,0,0,0,0,0,0,0,"N",1,50.0,0,0,0,0,0,0,0,0,0,0,0,0,0,0
"C4334","5","518210","48","0","2019","4","N",29,0,0,0,0,0,0,0,"N",0.91,0,0,0,0,0,0,0,"N",4,16.0,0,0,0,0,0,0,0,0,0,0,0,0,0,0
"C4342","5","518210","48","0","2019","4","",7,16,16,16,287046,13445,353,1380,"",1.15,0.20,0.19,0.19,0.13,0.22,0.25,0.69,"",0,0.0,4,33.3,3,23.1,2,14.3,88891,44.9,7642,131.7,129,57.6,207,17.6
"C4358","5","518210","48","0","2019","4","N",3,0,0,0,0,0,0,0,"N",0.21,0,0,0,0,0,0,0,"N",1,50.0,0,0,0,0,0,0,0,0,0,0,0,0,0,0
"C4362","5","518210","48","0","2019","4","N",46,0,0,0,0,0,0,0,"N",1.67,0,0,0,0,0,0,0,"N",12,35.3,0,0,0,0,0,0,0,0,0,0,0,0,0,0
"C4378","5","518210","48","0","2019","4","",14,155,156,157,2642708,123489,2235,1303,"",0.80,0.49,0.49,0.49,0.33,0.50,0.50,0.67,"N",3,27.3,0,0,0,0,0,0,0,0,0,0,0,0,0,0
"C4390","5","518210","48","0","2019","4","",11,24,24,26,782723,48886,364,2441,"",0.58,0.06,0.06,0.07,0.08,0.10,0.04,1.23,"N",1,10.0,0,0,0,0,0,0,0,0,0,0,0,0,0,0
"C4406","5","518210","48","0","2019","4","",40,201,199,207,3757157,1357908,10468,1428,"",0.81,0.35,0.34,0.36,0.24,0.55,0.36,0.68,"N",4,11.1,0,0,0,0,0,0,0,0,0,0,0,0,0,0
"C4410","5","518210","48","0","2019","4","",10,182,184,189,3242337,157288,954,1348,"",0.75,0.58,0.59,0.60,0.34,0.63,0.14,0.57,"",0,0.0,10,5.8,11,6.4,11,6.2,412797,14.6,6500,4.3,-1366,-58.9,99,7.9
"C4414","5","518210","48","0","2019","4","",12,49,45,42,656404,65177,2037,1114,"",0.19,0.07,0.07,0.06,0.04,0.04,0.06,0.52,"N",1,9.1,0,0,0,0,0,0,0,0,0,0,0,0,0,0
"C4418","5","518210","48","0","2019","4","",18,504,503,510,10573820,516346,6892,1609,"",0.51,1.02,1.02,1.03,0.88,1.03,1.16,0.87,"",1,5.9,-32,-6.0,-28,-5.3,-20,-3.8,5003270,89.8,-161462,-23.8,-2212,-24.3,804,99.9
"C4422","5","518210","48","0","2019","4","",4,4,4,5,61075,9500,257,1084,"",0.60,0.04,0.04,0.04,0.02,0.10,0.16,0.62,"",1,33.3,1,33.3,1,33.3,2,66.7,32793,116.0,8000,533.3,216,526.8,359,49.5
"C4430","5","518210","48","0","2019","4","",7,63,63,62,1288243,10638,637,1581,"",0.73,0.39,0.39,0.38,0.28,0.10,0.13,0.72,"",1,16.7,-6,-8.7,-2,-3.1,-4,-6.1,-13187,-1.0,-7259,-40.6,-483,-43.1,79,5.3
"C4470","5","518210","48","0","2019","4","N",1,0,0,0,0,0,0,0,"N",0.02,0,0,0,0,0,0,0,"N",0,0.0,0,0,0,0,0,0,0,0,0,0,0,0,0,0
"C4506","5","518210","48","0","2019","4","",17,311,313,324,3700523,423484,11636,901,"",0.38,0.43,0.43,0.45,0.18,0.74,0.84,0.41,"N",-2,-10.5,0,0,0,0,0,0,0,0,0,0,0,0,0,0
"C4522","5","518210","48","0","2019","4","N",38,0,0,0,0,0,0,0,"N",1.31,0,0,0,0,0,0,0,"N",13,52.0,0,0,0,0,0,0,0,0,0,0,0,0,0,0
"C4530","5","518210","48","0","2019","4","",226,3626,3656,3661,86038471,2216309,13247,1814,"",0.88,1.16,1.16,1.15,0.93,0.92,0.68,0.80,"N",5,2.3,0,0,0,0,0,0,0,0,0,0,0,0,0,0
"C4546","5","518210","48","0","2019","4","N",1,0,0,0,0,0,0,0,"N",0.10,0,0,0,0,0,0,0,"N",1,100.0,0,0,0,0,0,0,0,0,0,0,0,0,0,0
"C4550","5","518210","48","0","2019","4","N",1,0,0,0,0,0,0,0,"N",0.11,0,0,0,0,0,0,0,"N",0,0.0,0,0,0,0,0,0,0,0,0,0,0,0,0,0
"C4554","5","518210","48","0","2019","4","N",2,0,0,0,0,0,0,0,"N",0.36,0,0,0,0,0,0,0,"N",0,0.0,0,0,0,0,0,0,0,0,0,0,0,0,0,0
"C4578","5","518210","48","0","2019","4","",24,239,248,254,2225065,444404,6318,693,"",0.63,0.34,0.35,0.36,0.12,0.75,0.37,0.33,"",4,20.0,182,319.3,192,342.9,200,370.4,1006600,82.6,411636,1256.2,5617,801.3,-991,-58.8
"C4582","5","518210","48","0","2019","4","",9,381,388,390,6508204,422332,8654,1296,"",0.54,1.48,1.50,1.51,1.02,0.99,1.88,0.68,"",1,12.5,-12,-3.1,1,0.3,1,0.3,-160479,-2.4,10191,2.5,764,9.7,-20,-1.5
"C4594","5","518210","48","0","2019","4","",35,440,439,441,10736577,1579196,32347,1877,"",1.15,0.71,0.70,0.70,0.43,1.14,1.18,0.61,"",0,0.0,52,13.4,47,12.0,45,11.4,2660145,32.9,285873,22.1,8577,36.1,292,18.4
"C4606","5","518210","48","0","2019","4","",27,122,119,121,28166569,74177,1478,17956,"",0.53,0.14,0.13,0.13,1.16,0.13,0.15,8.69,"",1,3.8,-45,-26.9,-47,-28.3,-47,-28.0,21777317,340.8,19856,36.6,139,10.4,15013,510.1
"C4614","5","518210","48","0","2019","4","",49,240,240,238,5735361,263649,3210,1843,"",0.64,0.23,0.23,0.23,0.20,0.15,0.17,0.87,"",3,6.5,-22,-8.4,-26,-9.8,-26,-9.8,-511710,-8.2,32445,14.0,1298,67.9,23,1.3
"C4622","5","518210","48","0","2019","4","N",7,0,0,0,0,0,0,0,"N",0.50,0,0,0,0,0,0,0,"N",1,16.7,0,0,0,0,0,0,0,0,0,0,0,0,0,0
"C4634","5","518210","48","0","2019","4","",5,5,5,6,110819,5000,18,1598,"",0.29,0.02,0.02,0.02,0.02,0.02,0.01,0.78,"",-1,-16.7,-3,-37.5,-4,-44.4,-2,-25.0,-6548,-5.6,-12604,-71.6,-264,-93.6,515,47.6
"C4652","5","518210","48","0","2019","4","",85,295,299,300,6651430,1482807,18326,1717,"",1.17,0.27,0.27,0.27,0.19,0.32,0.33,0.73,"",11,14.9,-12,-3.9,-12,-3.9,9,3.1,479194,7.8,-53755,-3.5,-1560,-7.8,150,9.6
"C4654","5","518210","48","0","2019","4","",4,4,4,7,104000,27117,508,1600,"",0.23,0.01,0.01,0.02,0.01,0.14,0.11,0.85,"N",-1,-20.0,0,0,0,0,0,0,0,0,0,0,0,0,0,0
"C4666","5","518210","48","0","2019","4","N",1,0,0,0,0,0,0,0,"N",0.11,0,0,0,0,0,0,0,"N",0,0.0,0,0,0,0,0,0,0,0,0,0,0,0,0,0
"C4670","5","518210","48","0","2019","4","N",7,0,0,0,0,0,0,0,"N",0.22,0,0,0,0,0,0,0,"N",-1,-12.5,0,0,0,0,0,0,0,0,0,0,0,0,0,0
"C4702","5","518210","48","0","2019","4","N",2,0,0,0,0,0,0,0,"N",0.28,0,0,0,0,0,0,0,"N",0,0.0,0,0,0,0,0,0,0,0,0,0,0,0,0,0
"C4722","5","518210","48","0","2019","4","N",2,0,0,0,0,0,0,0,"N",0.23,0,0,0,0,0,0,0,"N",0,0.0,0,0,0,0,0,0,0,0,0,0,0,0,0,0
"C4726","5","518210","48","0","2019","4","",57,1264,1283,1291,19862444,832494,18100,1194,"",0.50,0.71,0.72,0.72,0.40,0.65,0.99,0.56,"",-2,-3.4,-35,-2.7,-14,-1.1,-8,-0.6,-609582,-3.0,261244,45.7,2978,19.7,-19,-1.6
"C4730","5","518210","48","0","2019","4","N",2,0,0,0,0,0,0,0,"N",0.06,0,0,0,0,0,0,0,"N",1,100.0,0,0,0,0,0,0,0,0,0,0,0,0,0,0
"C4738","5","518210","48","0","2019","4","N",9,0,0,0,0,0,0,0,"N",0.59,0,0,0,0,0,0,0,"N",0,0.0,0,0,0,0,0,0,0,0,0,0,0,0,0,0
"C4746","5","518210","48","0","2019","4","N",5,0,0,0,0,0,0,0,"N",0.77,0,0,0,0,0,0,0,"N",1,25.0,0,0,0,0,0,0,0,0,0,0,0,0,0,0
"C4758","5","518210","48","0","2019","4","N",2,0,0,0,0,0,0,0,"N",0.21,0,0,0,0,0,0,0,"N",1,100.0,0,0,0,0,0,0,0,0,0,0,0,0,0,0
"C4790","5","518210","48","0","2019","4","",825,13679,13794,13924,553122106,13014920,270426,3083,"",1.58,1.81,1.82,1.83,1.66,2.44,2.78,0.91,"",113,15.9,2992,28.0,3117,29.2,3267,30.7,206583328,59.6,5198350,66.5,69941,34.9,586,23.5
"C4794","5","518210","48","0","2019","4","N",10,0,0,0,0,0,0,0,"N",0.76,0,0,0,0,0,0,0,"N",-1,-9.1,0,0,0,0,0,0,0,0,0,0,0,0,0,0
"C4806","5","518210","48","0","2019","4","N",2,0,0,0,0,0,0,0,"N",0.26,0,0,0,0,0,0,0,"N",1,100.0,0,0,0,0,0,0,0,0,0,0,0,0,0,0
"C4814","5","518210","48","0","2019","4","",4,19,21,21,246491,15130,218,933,"",0.41,0.11,0.12,0.12,0.06,0.09,0.08,0.46,"N",2,100.0,0,0,0,0,0,0,0,0,0,0,0,0,0,0
"C4830","5","518210","48","0","2019","4","N",8,0,0,0,0,0,0,0,"N",0.63,0,0,0,0,0,0,0,"N",0,0.0,0,0,0,0,0,0,0,0,0,0,0,0,0,0
"C4862","5","518210","48","0","2019","4","",26,101,103,97,1565954,134890,3229,1201,"",0.62,0.14,0.14,0.13,0.08,0.08,0.19,0.60,"",4,18.2,-54,-34.8,-4,-3.7,-7,-6.7,-380899,-19.6,-50175,-27.1,1254,63.5,-27,-2.2
"C4866","5","518210","48","0","2019","4","N",3,0,0,0,0,0,0,0,"N",0.30,0,0,0,0,0,0,0,"N",-1,-25.0,0,0,0,0,0,0,0,0,0,0,0,0,0,0
"C4870","5","518210","48","0","2019","4","N",1,0,0,0,0,0,0,0,"N",0.12,0,0,0,0,0,0,0,"N",0,0.0,0,0,0,0,0,0,0,0,0,0,0,0,0,0
"C4890","5","518210","48","0","2019","4","N",26,0,0,0,0,0,0,0,"N",0.97,0,0,0,0,0,0,0,"N",1,4.0,0,0,0,0,0,0,0,0,0,0,0,0,0,0
"C4902","5","518210","48","0","2019","4","N",1,0,0,0,0,0,0,0,"N",0.10,0,0,0,0,0,0,0,"N",-1,-50.0,0,0,0,0,0,0,0,0,0,0,0,0,0,0
"C4918","5","518210","48","0","2019","4","N",28,0,0,0,0,0,0,0,"N",0.71,0,0,0,0,0,0,0,"N",0,0.0,0,0,0,0,0,0,0,0,0,0,0,0,0,0
"C4934","5","518210","48","0","2019","4","N",35,0,0,0,0,0,0,0,"N",0.45,0,0,0,0,0,0,0,"N",-1,-2.8,0,0,0,0,0,0,0,0,0,0,0,0,0,0
"C4942","5","518210","48","0","2019","4","N",2,0,0,0,0,0,0,0,"N",0.09,0,0,0,0,0,0,0,"N",-1,-33.3,0,0,0,0,0,0,0,0,0,0,0,0,0,0
"C4962","5","518210","48","0","2019","4","",8,36,29,26,461903,20582,1807,1171,"",0.33,0.08,0.07,0.06,0.04,0.05,0.09,0.55,"N",-2,-20.0,0,0,0,0,0,0,0,0,0,0,0,0,0,0
"C4966","5","518210","48","0","2019","4","",14,265,262,264,4359250,116017,2611,1272,"",0.40,0.54,0.53,0.54,0.39,0.27,0.20,0.73,"",4,40.0,34,14.7,33,14.4,28,11.9,562771,14.8,965,0.8,-341,-11.6,13,1.0
"C4970","5","518210","48","0","2019","4","N",2,0,0,0,0,0,0,0,"N",0.15,0,0,0,0,0,0,0,"N",0,0.0,0,0,0,0,0,0,0,0,0,0,0,0,0,0
"C4974","5","518210","48","0","2019","4","N",2,0,0,0,0,0,0,0,"N",0.23,0,0,0,0,0,0,0,"N",0,0.0,0,0,0,0,0,0,0,0,0,0,0,0,0,0
"US000","1","518210","18","0","2019","4","",1,1191,1256,1252,19101408,0,0,1192,"",1.00,1.00,1.00,1.00,1.00,0.00,0.00,1.00,"",0,0.0,46,4.0,118,10.4,87,7.5,248003,1.3,0,0.0,0,0.0,-70,-5.5
"US000","2","518210","18","0","2019","4","",17,904,882,903,17307692,0,0,1485,"",1.00,1.00,1.00,1.00,1.00,0.00,0.00,1.00,"",-3,-15.0,-53,-5.5,-67,-7.1,-50,-5.2,597827,3.6,0,0.0,0,0.0,136,10.1
"US000","3","518210","18","0","2019","4","",101,2782,2781,2770,53627781,286151,20944,1485,"",1.00,1.00,1.00,1.00,1.00,1.00,1.00,1.00,"",2,2.0,7,0.3,-2,-0.1,-24,-0.9,1403318,2.7,132171,85.8,10119,93.5,42,2.9
"US000","5","518210","18","0","2019","4","",27532,351483,353853,355326,11593062154,469926759,9174809,2522,"",1.00,1.00,1.00,1.00,1.00,1.00,1.00,1.00,"",2904,11.8,13682,4.1,14861,4.4,15179,4.5,567424078,5.1,30110611,6.8,108612,1.2,20,0.8
