"area_fips","own_code","industry_code","agglvl_code","size_code","year","qtr","disclosure_code","qtrly_estabs","month1_emplvl","month2_emplvl","month3_emplvl","total_qtrly_wages","taxable_qtrly_wages","qtrly_contributions","avg_wkly_wage","lq_disclosure_code","lq_qtrly_estabs","lq_month1_emplvl","lq_month2_emplvl","lq_month3_emplvl","lq_total_qtrly_wages","lq_taxable_qtrly_wages","lq_qtrly_contributions","lq_avg_wkly_wage","oty_disclosure_code","oty_qtrly_estabs_chg","oty_qtrly_estabs_pct_chg","oty_month1_emplvl_chg","oty_month1_emplvl_pct_chg","oty_month2_emplvl_chg","oty_month2_emplvl_pct_chg","oty_month3_emplvl_chg","oty_month3_emplvl_pct_chg","oty_total_qtrly_wages_chg","oty_total_qtrly_wages_pct_chg","oty_taxable_qtrly_wages_chg","oty_taxable_qtrly_wages_pct_chg","oty_qtrly_contributions_chg","oty_qtrly_contributions_pct_chg","oty_avg_wkly_wage_chg","oty_avg_wkly_wage_pct_chg"
"01000","2","518210","58","0","2023","4","",1,9,9,9,235594,0,0,2014,"",3.98,0.68,0.67,0.66,0.86,0.00,0.00,1.29,"",0,0.0,-2,-18.2,-2,-18.2,-3,-25.0,-27350,-10.4,0,0.0,0,0.0,229,12.8
"01000","5","518210","58","0","2023","4","",1351,3875,3862,3888,92793286,3206688,53062,1842,"",1.89,0.60,0.59,0.60,0.38,0.75,1.50,0.65,"",151,12.6,756,24.2,712,22.6,728,23.0,18961135,25.7,-88064,-2.7,-19366,-26.7,35,1.9
"01001","5","518210","78","0","2023","4","N",5,0,0,0,0,0,0,0,"N",1.01,0,0,0,0,0,0,0,"N",1,25.0,0,0,0,0,0,0,0,0,0,0,0,0,0,0
"01003","5","518210","78","0","2023","4","",55,83,100,97,1775716,163040,1112,1464,"",1.44,0.32,0.39,0.38,0.23,0.88,0.76,0.63,"",9,19.6,-36,-30.3,-15,-13.0,-16,-14.2,11201,0.6,-22597,-12.2,-1688,-60.3,291,24.8
"01007","5","518210","78","0","2023","4","N",1,0,0,0,0,0,0,0,"N",0.50,0,0,0,0,0,0,0,"N",1,100.0,0,0,0,0,0,0,0,0,0,0,0,0,0,0
"01009","5","518210","78","0","2023","4","N",1,0,0,0,0,0,0,0,"N",0.24,0,0,0,0,0,0,0,"N",0,0.0,0,0,0,0,0,0,0,0,0,0,0,0,0,0
"01015","5","518210","78","0","2023","4","",8,20,21,19,264188,10380,304,1016,"",0.63,0.15,0.16,0.14,0.06,0.12,0.47,0.43,"",0,0.0,-4,-16.7,-2,-8.7,-2,-9.5,38673,17.1,-31429,-75.2,-1970,-86.6,251,32.8
"01017","5","518210","78","0","2023","4","N",3,0,0,0,0,0,0,0,"N",0.85,0,0,0,0,0,0,0,"N",-1,-25.0,0,0,0,0,0,0,0,0,0,0,0,0,0,0
"01019","5","518210","78","0","2023","4","N",1,0,0,0,0,0,0,0,"N",0.46,0,0,0,0,0,0,0,"N",0,0.0,0,0,0,0,0,0,0,0,0,0,0,0,0,0
"01021","5","518210","78","0","2023","4","N",2,0,0,0,0,0,0,0,"N",0.48,0,0,0,0,0,0,0,"N",1,100.0,0,0,0,0,0,0,0,0,0,0,0,0,0,0
"01027","5","518210","78","0","2023","4","N",1,0,0,0,0,0,0,0,"N",0.89,0,0,0,0,0,0,0,"N",0,0.0,0,0,0,0,0,0,0,0,0,0,0,0,0,0
"01029","5","518210","78","0","2023","4","N",1,0,0,0,0,0,0,0,"N",0.78,0,0,0,0,0,0,0,"N",1,100.0,0,0,0,0,0,0,0,0,0,0,0,0,0,0
"01031","5","518210","78","0","2023","4","",7,7,6,6,98390,7411,78,1195,"",1.14,0.13,0.11,0.11,0.07,0.21,0.37,0.58,"",0,0.0,2,40.0,0,0.0,0,0.0,45167,84.9,5023,210.3,49,169.0,473,65.5
"01033","5","518210","78","0","2023","4","N",5,0,0,0,0,0,0,0,"N",0.71,0,0,0,0,0,0,0,"N",1,25.0,0,0,0,0,0,0,0,0,0,0,0,0,0,0
"01037","5","518210","78","0","2023","4","N",3,0,0,0,0,0,0,0,"N",4.17,0,0,0,0,0,0,0,"N",1,50.0,0,0,0,0,0,0,0,0,0,0,0,0,0,0
"01043","5","518210","78","0","2023","4","",4,4,4,4,88130,0,0,1695,"",0.39,0.04,0.04,0.04,0.03,0.00,0.00,0.71,"",0,0.0,-1,-20.0,-1,-20.0,-2,-33.3,-45302,-34.0,-6820,-100.0,-48,-100.0,-230,-11.9
"01045","5","518210","78","0","2023","4","",4,6,7,7,186226,7498,202,2149,"",0.79,0.11,0.12,0.12,0.08,0.31,0.84,0.71,"",1,33.3,2,50.0,3,75.0,3,75.0,43688,30.7,7017,1458.8,197,3940.0,-592,-21.6
"01047","5","518210","78","0","2023","4","N",1,0,0,0,0,0,0,0,"N",0.23,0,0,0,0,0,0,0,"N",0,0.0,0,0,0,0,0,0,0,0,0,0,0,0,0,0
"01049","5","518210","78","0","2023","4","N",1,0,0,0,0,0,0,0,"N",0.15,0,0,0,0,0,0,0,"N",0,0.0,0,0,0,0,0,0,0,0,0,0,0,0,0,0
"01051","5","518210","78","0","2023","4","",11,10,10,10,486136,8008,196,3740,"",1.41,0.16,0.16,0.16,0.26,0.19,0.76,1.69,"N",1,10.0,0,0,0,0,0,0,0,0,0,0,0,0,0,0
"01053","5","518210","78","0","2023","4","-",0,0,0,0,0,0,0,0,"N",0.00,0,0,0,0,0,0,0,"N",-1,-100.0,0,0,0,0,0,0,0,0,0,0,0,0,0,0
"01055","5","518210","78","0","2023","4","N",1,0,0,0,0,0,0,0,"N",0.09,0,0,0,0,0,0,0,"N",0,0.0,0,0,0,0,0,0,0,0,0,0,0,0,0,0
"01059","5","518210","78","0","2023","4","N",1,0,0,0,0,0,0,0,"N",0.33,0,0,0,0,0,0,0,"N",1,100.0,0,0,0,0,0,0,0,0,0,0,0,0,0,0
"01061","5","518210","78","0","2023","4","N",1,0,0,0,0,0,0,0,"N",0.36,0,0,0,0,0,0,0,"N",0,0.0,0,0,0,0,0,0,0,0,0,0,0,0,0,0
"01065","5","518210","78","0","2023","4","N",1,0,0,0,0,0,0,0,"N",0.70,0,0,0,0,0,0,0,"N",0,0.0,0,0,0,0,0,0,0,0,0,0,0,0,0,0
"01067","5","518210","78","0","2023","4","-",0,0,0,0,0,0,0,0,"N",0.00,0,0,0,0,0,0,0,"N",0,0,0,0,0,0,0,0,0,0,0,0,0,0,0,0
"01069","5","518210","78","0","2023","4","",8,4,4,4,152997,2048,4,2942,"",0.49,0.03,0.03,0.03,0.03,0.02,0.00,1.16,"N",-1,-11.1,0,0,0,0,0,0,0,0,0,0,0,0,0,0
"01071","5","518210","78","0","2023","4","N",5,0,0,0,0,0,0,0,"N",0.94,0,0,0,0,0,0,0,"N",0,0.0,0,0,0,0,0,0,0,0,0,0,0,0,0,0
"01073","5","518210","78","0","2023","4","",156,470,472,476,11994368,264547,5536,1952,"",1.53,0.41,0.41,0.42,0.25,0.37,1.00,0.60,"",23,17.3,89,23.4,92,24.2,91,23.6,2700158,29.1,41433,18.6,1741,45.9,80,4.3
"01077","5","518210","78","0","2023","4","",6,17,16,16,161661,41980,284,761,"",0.53,0.18,0.17,0.17,0.06,0.67,0.59,0.36,"N",2,50.0,0,0,0,0,0,0,0,0,0,0,0,0,0,0
"01081","5","518210","78","0","2023","4","",39,151,153,150,3886115,53858,827,1975,"",2.02,0.72,0.73,0.72,0.60,0.38,0.70,0.83,"",1,2.6,10,7.1,12,8.5,7,4.9,624621,19.2,-30853,-36.4,-784,-48.7,204,11.5
"01083","5","518210","78","0","2023","4","",11,5,5,5,150586,8000,216,2317,"",1.26,0.05,0.05,0.05,0.04,0.08,0.13,0.78,"",4,57.1,-3,-37.5,-3,-37.5,-3,-37.5,-124885,-45.3,8000,100.0,216,100.0,-332,-12.5
"01087","5","518210","78","0","2023","4","N",1,0,0,0,0,0,0,0,"N",0.73,0,0,0,0,0,0,0,"N",0,0.0,0,0,0,0,0,0,0,0,0,0,0,0,0,0
"01089","5","518210","78","0","2023","4","",111,268,264,264,9948124,153136,2032,2884,"",1.85,0.38,0.37,0.37,0.30,0.37,0.69,0.82,"",20,22.0,13,5.1,9,3.5,5,1.9,906378,10.0,-62286,-28.9,-1968,-49.2,171,6.3
"01093","5","518210","78","0","2023","4","N",1,0,0,0,0,0,0,0,"N",0.32,0,0,0,0,0,0,0,"N",0,0.0,0,0,0,0,0,0,0,0,0,0,0,0,0,0
"01095","5","518210","78","0","2023","4","",9,28,27,27,501769,49464,763,1412,"",0.79,0.22,0.21,0.21,0.14,0.60,1.52,0.64,"",3,50.0,8,40.0,9,50.0,8,42.1,42500,9.3,42672,628.3,643,535.8,-447,-24.0
"01097","5","518210","78","0","2023","4","",45,184,184,184,3655265,129783,3190,1528,"",0.82,0.34,0.34,0.34,0.18,0.36,1.05,0.52,"",4,9.8,61,49.6,58,46.0,59,47.2,1356421,59.0,-28201,-17.9,855,36.6,110,7.8
"01101","2","518210","78","0","2023","4","",1,9,9,9,235594,0,0,2014,"",87.81,10.69,10.62,10.32,13.12,0.00,0.00,1.24,"",0,0.0,-2,-18.2,-2,-18.2,-3,-25.0,-27350,-10.4,0,0.0,0,0.0,229,12.8
"01101","5","518210","78","0","2023","4","",43,271,273,272,5206574,176800,1095,1472,"",1.33,0.66,0.66,0.66,0.33,0.72,0.52,0.50,"",13,43.3,8,3.0,25,10.1,24,9.7,460811,9.7,47855,37.1,-924,-45.8,29,2.0
"01103","5","518210","78","0","2023","4","",10,51,47,43,800949,95185,303,1311,"",0.68,0.32,0.29,0.26,0.14,0.83,0.37,0.48,"N",-1,-9.1,0,0,0,0,0,0,0,0,0,0,0,0,0,0
"01107","5","518210","78","0","2023","4","N",1,0,0,0,0,0,0,0,"N",0.56,0,0,0,0,0,0,0,"N",0,0.0,0,0,0,0,0,0,0,0,0,0,0,0,0,0
"01109","5","518210","78","0","2023","4","",3,4,4,4,73302,14048,179,1410,"",0.82,0.08,0.08,0.08,0.05,0.46,0.68,0.61,"N",2,200.0,0,0,0,0,0,0,0,0,0,0,0,0,0,0
"01113","5","518210","78","0","2023","4","",9,16,16,17,363215,12262,207,1711,"",1.69,0.36,0.36,0.38,0.29,0.41,0.85,0.79,"",2,28.6,8,100.0,7,77.8,7,70.0,220381,154.3,-14618,-54.4,-502,-70.8,490,40.1
"01115","5","518210","78","0","2023","4","",7,5,7,6,129824,6682,159,1664,"",0.84,0.08,0.10,0.09,0.06,0.15,0.39,0.70,"N",3,75.0,0,0,0,0,0,0,0,0,0,0,0,0,0,0
"01117","5","518210","78","0","2023","4","",60,122,122,123,3135517,62184,1108,1972,"",1.89,0.46,0.46,0.46,0.30,0.34,0.75,0.65,"",8,15.4,-1,-0.8,1,0.8,4,3.4,34097,1.1,-2925,-4.5,-534,-32.5,0,0.0
"01121","5","518210","78","0","2023","4","",7,13,13,12,650191,0,0,3949,"",1.00,0.13,0.13,0.12,0.20,0.00,0.00,1.56,"N",3,75.0,0,0,0,0,0,0,0,0,0,0,0,0,0,0
"01123","5","518210","78","0","2023","4","N",2,0,0,0,0,0,0,0,"N",0.42,0,0,0,0,0,0,0,"N",0,0.0,0,0,0,0,0,0,0,0,0,0,0,0,0,0
"01125","5","518210","78","0","2023","4","N",17,0,0,0,0,0,0,0,"N",0.71,0,0,0,0,0,0,0,"N",6,54.5,0,0,0,0,0,0,0,0,0,0,0,0,0,0
"01127","5","518210","78","0","2023","4","N",3,0,0,0,0,0,0,0,"N",0.43,0,0,0,0,0,0,0,"N",0,0.0,0,0,0,0,0,0,0,0,0,0,0,0,0,0
"01131","5","518210","78","0","2023","4","-",0,0,0,0,0,0,0,0,"N",0.00,0,0,0,0,0,0,0,"N",-1,-100.0,0,0,0,0,0,0,0,0,0,0,0,0,0,0
"01133","5","518210","78","0","2023","4","N",2,0,0,0,0,0,0,0,"N",0.84,0,0,0,0,0,0,0,"N",0,0.0,0,0,0,0,0,0,0,0,0,0,0,0,0,0
"01999","5","518210","78","0","2023","4","",677,1824,1802,1842,41257935,1827791,33484,1741,"",7.31,6.94,6.85,7.04,3.14,6.88,10.77,0.45,"",45,7.1,393,27.5,345,23.7,383,26.3,6456737,18.6,53552,3.0,-8602,-20.4,-106,-5.7
"02000","5","518210","58","0","2023","4","",86,119,124,120,3147928,438531,8801,2001,"",0.76,0.12,0.13,0.12,0.08,0.13,0.14,0.62,"",13,17.8,22,22.7,25,25.3,24,25.0,469403,17.5,9556,2.2,-2104,-19.3,-116,-5.5
"02020","5","518210","78","0","2023","4","",34,59,68,61,1064037,240742,4991,1306,"",0.87,0.13,0.15,0.14,0.05,0.16,0.18,0.39,"N",12,54.5,0,0,0,0,0,0,0,0,0,0,0,0,0,0
"02090","5","518210","78","0","2023","4","",6,10,10,12,774574,2120,47,5586,"",0.55,0.09,0.09,0.11,0.17,0.01,0.01,1.78,"",0,0.0,0,0.0,-1,-9.1,2,20.0,146916,23.4,-23296,-91.7,-696,-93.7,914,19.6
"02110","5","518210","78","0","2023","4","N",2,0,0,0,0,0,0,0,"N",0.39,0,0,0,0,0,0,0,"N",-1,-33.3,0,0,0,0,0,0,0,0,0,0,0,0,0,0
"02122","5","518210","78","0","2023","4","N",3,0,0,0,0,0,0,0,"N",0.28,0,0,0,0,0,0,0,"N",-3,-50.0,0,0,0,0,0,0,0,0,0,0,0,0,0,0
"02150","5","518210","78","0","2023","4","N",1,0,0,0,0,0,0,0,"N",0.47,0,0,0,0,0,0,0,"N",1,100.0,0,0,0,0,0,0,0,0,0,0,0,0,0,0
"02170","5","518210","78","0","2023","4","",5,6,5,5,199839,26340,398,2882,"",0.40,0.07,0.06,0.06,0.07,0.08,0.06,1.09,"N",2,66.7,0,0,0,0,0,0,0,0,0,0,0,0,0,0
"02240","5","518210","78","0","2023","4","N",1,0,0,0,0,0,0,0,"N",0.88,0,0,0,0,0,0,0,"N",1,100.0,0,0,0,0,0,0,0,0,0,0,0,0,0,0
"02999","5","518210","78","0","2023","4","N",34,0,0,0,0,0,0,0,"N",3.42,0,0,0,0,0,0,0,"N",1,3.0,0,0,0,0,0,0,0,0,0,0,0,0,0,0
"04000","5","518210","58","0","2023","4","",853,11887,11935,11892,364879798,9325384,208584,2358,"",0.84,1.20,1.19,1.19,0.90,1.27,1.78,0.76,"",29,3.5,-381,-3.1,-294,-2.4,-301,-2.5,9398516,2.6,2942375,46.1,38009,22.3,122,5.5
"04001","5","518210","78","0","2023","4","N",1,0,0,0,0,0,0,0,"N",0.35,0,0,0,0,0,0,0,"N",0,0.0,0,0,0,0,0,0,0,0,0,0,0,0,0,0
"04003","5","518210","78","0","2023","4","",9,46,44,42,920232,31848,373,1609,"",0.76,0.42,0.41,0.39,0.25,0.55,0.58,0.61,"",1,12.5,5,12.2,1,2.3,0,0.0,109941,13.6,15559,95.5,45,13.7,125,8.4
"04005","5","518210","78","0","2023","4","N",6,0,0,0,0,0,0,0,"N",0.32,0,0,0,0,0,0,0,"N",-1,-14.3,0,0,0,0,0,0,0,0,0,0,0,0,0,0
"04007","5","518210","78","0","2023","4","N",2,0,0,0,0,0,0,0,"N",0.39,0,0,0,0,0,0,0,"N",0,0.0,0,0,0,0,0,0,0,0,0,0,0,0,0,0
"04013","5","518210","78","0","2023","4","",519,10375,10298,10312,316540257,7672053,134628,2358,"",0.81,1.49,1.46,1.46,1.06,1.44,1.75,0.72,"",-1,-0.2,-465,-4.3,-477,-4.4,-441,-4.1,7155273,2.3,1941648,33.9,-24705,-15.5,152,6.9
"04015","5","518210","78","0","2023","4","N",3,0,0,0,0,0,0,0,"N",0.13,0,0,0,0,0,0,0,"N",0,0.0,0,0,0,0,0,0,0,0,0,0,0,0,0,0
"04019","5","518210","78","0","2023","4","",37,288,292,297,9564577,205047,7822,2517,"",0.35,0.24,0.24,0.24,0.21,0.28,0.82,0.90,"",-1,-2.6,0,0.0,-5,-1.7,6,2.1,1060283,12.5,127685,165.0,7043,904.1,277,12.4
"04021","5","518210","78","0","2023","4","N",7,0,0,0,0,0,0,0,"N",0.33,0,0,0,0,0,0,0,"N",4,133.3,0,0,0,0,0,0,0,0,0,0,0,0,0,0
"04023","5","518210","78","0","2023","4","N",1,0,0,0,0,0,0,0,"N",0.18,0,0,0,0,0,0,0,"N",-1,-50.0,0,0,0,0,0,0,0,0,0,0,0,0,0,0
"04025","5","518210","78","0","2023","4","N",4,0,0,0,0,0,0,0,"N",0.12,0,0,0,0,0,0,0,"N",2,100.0,0,0,0,0,0,0,0,0,0,0,0,0,0,0
"04027","5","518210","78","0","2023","4","N",3,0,0,0,0,0,0,0,"N",0.17,0,0,0,0,0,0,0,"N",1,50.0,0,0,0,0,0,0,0,0,0,0,0,0,0,0
"04999","5","518210","78","0","2023","4","",261,1087,1210,1148,35688115,1345140,63786,2391,"",2.35,4.46,4.94,4.68,2.50,4.24,8.80,0.53,"",25,10.6,68,6.7,178,17.2,126,12.3,1047293,3.0,846176,169.6,54077,557.0,-210,-8.1
"05000","2","518210","58","0","2023","4","",1,162,163,162,3201552,0,0,1517,"",6.13,19.73,19.76,19.11,21.07,0.00,0.00,1.08,"",0,0.0,-1,-0.6,0,0.0,-2,-1.2,7641,0.2,0,0.0,0,0.0,13,0.9
"05000","5","518210","58","0","2023","4","",1197,4487,4493,4503,112219588,1789393,27796,1921,"",2.58,1.12,1.12,1.12,0.83,0.80,1.02,0.75,"",-113,-8.6,-255,-5.4,-252,-5.3,-249,-5.2,-6847719,-5.8,-1410085,-44.1,-37899,-57.7,-9,-0.5
"05003","5","518210","78","0","2023","4","N",1,0,0,0,0,0,0,0,"N",0.44,0,0,0,0,0,0,0,"N",0,0.0,0,0,0,0,0,0,0,0,0,0,0,0,0,0
"05005","5","518210","78","0","2023","4","N",1,0,0,0,0,0,0,0,"N",0.17,0,0,0,0,0,0,0,"N",0,0.0,0,0,0,0,0,0,0,0,0,0,0,0,0,0
"05007","5","518210","78","0","2023","4","",55,293,292,287,6440439,151777,2216,1704,"",1.49,0.67,0.67,0.66,0.36,0.56,0.82,0.55,"",-4,-6.8,-39,-11.7,-37,-11.2,-30,-9.5,-915647,-12.4,-68287,-31.0,-1282,-36.6,-32,-1.8
"05009","5","518210","78","0","2023","4","N",1,0,0,0,0,0,0,0,"N",0.23,0,0,0,0,0,0,0,"N",0,0.0,0,0,0,0,0,0,0,0,0,0,0,0,0,0
"05023","5","518210","78","0","2023","4","N",1,0,0,0,0,0,0,0,"N",0.35,0,0,0,0,0,0,0,"N",-1,-50.0,0,0,0,0,0,0,0,0,0,0,0,0,0,0
"05029","5","518210","78","0","2023","4","N",1,0,0,0,0,0,0,0,"N",0.44,0,0,0,0,0,0,0,"N",0,0.0,0,0,0,0,0,0,0,0,0,0,0,0,0,0
"05031","5","518210","78","0","2023","4","N",3,0,0,0,0,0,0,0,"N",0.22,0,0,0,0,0,0,0,"N",-1,-25.0,0,0,0,0,0,0,0,0,0,0,0,0,0,0
"05033","5","518210","78","0","2023","4","N",2,0,0,0,0,0,0,0,"N",0.35,0,0,0,0,0,0,0,"N",0,0.0,0,0,0,0,0,0,0,0,0,0,0,0,0,0
"05035","5","518210","78","0","2023","4","N",1,0,0,0,0,0,0,0,"N",0.21,0,0,0,0,0,0,0,"N",0,0.0,0,0,0,0,0,0,0,0,0,0,0,0,0,0
"05045","5","518210","78","0","2023","4","N",10,0,0,0,0,0,0,0,"N",0.68,0,0,0,0,0,0,0,"N",-1,-9.1,0,0,0,0,0,0,0,0,0,0,0,0,0,0
"05047","5","518210","78","0","2023","4","N",1,0,0,0,0,0,0,0,"N",0.55,0,0,0,0,0,0,0,"N",0,0.0,0,0,0,0,0,0,0,0,0,0,0,0,0,0
"05051","5","518210","78","0","2023","4","N",3,0,0,0,0,0,0,0,"N",0.21,0,0,0,0,0,0,0,"N",-1,-25.0,0,0,0,0,0,0,0,0,0,0,0,0,0,0
"05055","5","518210","78","0","2023","4","N",2,0,0,0,0,0,0,0,"N",0.47,0,0,0,0,0,0,0,"N",0,0.0,0,0,0,0,0,0,0,0,0,0,0,0,0,0
"05057","5","518210","78","0","2023","4","N",2,0,0,0,0,0,0,0,"N",0.88,0,0,0,0,0,0,0,"N",0,0.0,0,0,0,0,0,0,0,0,0,0,0,0,0,0
"05063","5","518210","78","0","2023","4","N",1,0,0,0,0,0,0,0,"N",0.24,0,0,0,0,0,0,0,"N",0,0.0,0,0,0,0,0,0,0,0,0,0,0,0,0,0
"05065","5","518210","78","0","2023","4","N",1,0,0,0,0,0,0,0,"N",0.83,0,0,0,0,0,0,0,"N",0,0.0,0,0,0,0,0,0,0,0,0,0,0,0,0,0
"05069","5","518210","78","0","2023","4","-",0,0,0,0,0,0,0,0,"N",0.00,0,0,0,0,0,0,0,"N",-1,-100.0,0,0,0,0,0,0,0,0,0,0,0,0,0,0
"05073","5","518210","78","0","2023","4","N",1,0,0,0,0,0,0,0,"N",1.40,0,0,0,0,0,0,0,"N",0,0.0,0,0,0,0,0,0,0,0,0,0,0,0,0,0
"05085","5","518210","78","0","2023","4","N",5,0,0,0,0,0,0,0,"N",0.79,0,0,0,0,0,0,0,"N",0,0.0,0,0,0,0,0,0,0,0,0,0,0,0,0,0
"05087","5","518210","78","0","2023","4","N",1,0,0,0,0,0,0,0,"N",0.78,0,0,0,0,0,0,0,"N",0,0.0,0,0,0,0,0,0,0,0,0,0,0,0,0,0
"05089","5","518210","78","0","2023","4","N",1,0,0,0,0,0,0,0,"N",0.74,0,0,0,0,0,0,0,"N",0,0.0,0,0,0,0,0,0,0,0,0,0,0,0,0,0
"05091","5","518210","78","0","2023","4","N",3,0,0,0,0,0,0,0,"N",0.75,0,0,0,0,0,0,0,"N",0,0.0,0,0,0,0,0,0,0,0,0,0,0,0,0,0
"05093","5","518210","78","0","2023","4","N",1,0,0,0,0,0,0,0,"N",0.22,0,0,0,0,0,0,0,"N",-1,-50.0,0,0,0,0,0,0,0,0,0,0,0,0,0,0
"05095","5","518210","78","0","2023","4","N",1,0,0,0,0,0,0,0,"N",0.96,0,0,0,0,0,0,0,"N",0,0.0,0,0,0,0,0,0,0,0,0,0,0,0,0,0
"05097","5","518210","78","0","2023","4","N",1,0,0,0,0,0,0,0,"N",1.30,0,0,0,0,0,0,0,"N",0,0.0,0,0,0,0,0,0,0,0,0,0,0,0,0,0
"05103","5","518210","78","0","2023","4","N",1,0,0,0,0,0,0,0,"N",0.38,0,0,0,0,0,0,0,"N",0,0.0,0,0,0,0,0,0,0,0,0,0,0,0,0,0
"05115","5","518210","78","0","2023","4","",3,14,16,17,269664,6649,20,1324,"",0.37,0.17,0.19,0.20,0.11,0.14,0.04,0.59,"N",0,0.0,0,0,0,0,0,0,0,0,0,0,0,0,0,0
"05119","2","518210","78","0","2023","4","",1,162,163,162,3201552,0,0,1517,"",44.40,98.30,98.34,94.63,92.89,0.00,0.00,0.96,"",0,0.0,-1,-0.6,0,0.0,-2,-1.2,7641,0.2,0,0.0,0,0.0,13,0.9
"05119","5","518210","78","0","2023","4","",52,383,377,375,8008496,119569,1030,1628,"",0.81,0.47,0.47,0.46,0.26,0.29,0.23,0.56,"",-9,-14.8,8,2.1,-6,-1.6,-5,-1.3,-124186,-1.5,-117572,-49.6,-3626,-77.9,-21,-1.3
"05125","5","518210","78","0","2023","4","N",5,0,0,0,0,0,0,0,"N",0.46,0,0,0,0,0,0,0,"N",-1,-16.7,0,0,0,0,0,0,0,0,0,0,0,0,0,0
"05129","5","518210","78","0","2023","4","N",1,0,0,0,0,0,0,0,"N",1.35,0,0,0,0,0,0,0,"N",0,0.0,0,0,0,0,0,0,0,0,0,0,0,0,0,0
"05131","5","518210","78","0","2023","4","N",7,0,0,0,0,0,0,0,"N",0.41,0,0,0,0,0,0,0,"N",0,0.0,0,0,0,0,0,0,0,0,0,0,0,0,0,0
"05135","5","518210","78","0","2023","4","N",1,0,0,0,0,0,0,0,"N",0.56,0,0,0,0,0,0,0,"N",0,0.0,0,0,0,0,0,0,0,0,0,0,0,0,0,0
"05143","5","518210","78","0","2023","4","",31,138,136,137,3887219,31612,1047,2183,"",1.00,0.37,0.36,0.36,0.30,0.15,0.44,0.82,"",-1,-3.1,-11,-7.4,-5,-3.5,-3,-2.1,194979,5.3,-95567,-75.1,-5950,-85.0,201,10.1
"05145","5","518210","78","0","2023","4","N",1,0,0,0,0,0,0,0,"N",0.12,0,0,0,0,0,0,0,"N",0,0.0,0,0,0,0,0,0,0,0,0,0,0,0,0,0
"05999","5","518210","78","0","2023","4","",995,1446,1447,1444,38910065,838807,17993,2070,"",10.18,7.76,7.73,7.73,4.28,4.91,4.37,0.55,"",-92,-8.5,-132,-8.4,-125,-8.0,-125,-8.0,-5445530,-12.3,-766244,-47.7,-24374,-57.5,-99,-4.6
"06000","3","518210","58","0","2023","4","",2,23,23,23,655523,0,0,2192,"",0.14,0.07,0.07,0.07,0.08,0.00,0.00,1.11,"",0,0.0,1,4.5,2,9.5,2,9.5,35729,5.8,0,0.0,0,0.0,-43,-1.9
"06000","5","518210","58","0","2023","4","",4581,81327,81375,81195,5999129332,29805115,961220,5676,"",0.57,1.44,1.44,1.44,1.97,0.98,0.94,1.37,"",316,7.4,7262,9.8,7141,9.6,6861,9.2,1459498719,32.2,-5519029,-15.6,-165748,-14.7,970,20.6
"06001","5","518210","78","0","2023","4","",168,6490,6500,6535,444903148,1756573,48035,5258,"",0.53,2.62,2.62,2.63,3.23,1.48,1.28,1.23,"",-7,-4.0,-290,-4.3,-235,-3.5,-178,-2.7,98369870,28.4,-183407,-9.5,-9556,-16.6,1305,33.0
"06003","5","518210","78","0","2023","4","N",2,0,0,0,0,0,0,0,"N",5.11,0,0,0,0,0,0,0,"N",0,0.0,0,0,0,0,0,0,0,0,0,0,0,0,0,0
"06005","5","518210","78","0","2023","4","N",1,0,0,0,0,0,0,0,"N",0.17,0,0,0,0,0,0,0,"N",0,0.0,0,0,0,0,0,0,0,0,0,0,0,0,0,0
"06007","5","518210","78","0","2023","4","N",5,0,0,0,0,0,0,0,"N",0.13,0,0,0,0,0,0,0,"N",2,66.7,0,0,0,0,0,0,0,0,0,0,0,0,0,0
"06009","5","518210","78","0","2023","4","N",1,0,0,0,0,0,0,0,"N",0.15,0,0,0,0,0,0,0,"N",0,0.0,0,0,0,0,0,0,0,0,0,0,0,0,0,0
"06011","5","518210","78","0","2023","4","-",0,0,0,0,0,0,0,0,"N",0.00,0,0,0,0,0,0,0,"N",0,0,0,0,0,0,0,0,0,0,0,0,0,0,0,0
"06013","5","518210","78","0","2023","4","",63,506,520,520,23096403,254467,9865,3448,"",0.36,0.44,0.45,0.45,0.39,0.42,0.50,0.89,"",3,5.0,-22,-4.2,-10,-1.9,3,0.6,2783908,13.7,73844,40.9,3276,49.7,472,15.9
"06017","5","518210","78","0","2023","4","",9,56,51,53,3942670,27850,688,5687,"",0.31,0.31,0.28,0.29,0.54,0.27,0.19,1.85,"",0,0.0,4,7.7,-2,-3.8,0,0.0,2130493,117.6,-1250,-4.3,-332,-32.5,3040,114.8
"06019","5","518210","78","0","2023","4","",14,46,46,45,845786,6534,158,1425,"",0.07,0.03,0.04,0.03,0.02,0.01,0.01,0.54,"N",3,27.3,0,0,0,0,0,0,0,0,0,0,0,0,0,0
"06025","5","518210","78","0","2023","4","N",2,0,0,0,0,0,0,0,"N",0.05,0,0,0,0,0,0,0,"N",0,0.0,0,0,0,0,0,0,0,0,0,0,0,0,0,0
"06027","5","518210","78","0","2023","4","N",1,0,0,0,0,0,0,0,"N",0.26,0,0,0,0,0,0,0,"N",1,100.0,0,0,0,0,0,0,0,0,0,0,0,0,0,0
"06029","5","518210","78","0","2023","4","N",9,0,0,0,0,0,0,0,"N",0.08,0,0,0,0,0,0,0,"N",0,0.0,0,0,0,0,0,0,0,0,0,0,0,0,0,0
"06031","5","518210","78","0","2023","4","N",1,0,0,0,0,0,0,0,"N",0.04,0,0,0,0,0,0,0,"N",-1,-50.0,0,0,0,0,0,0,0,0,0,0,0,0,0,0
"06033","5","518210","78","0","2023","4","N",1,0,0,0,0,0,0,0,"N",0.07,0,0,0,0,0,0,0,"N",1,100.0,0,0,0,0,0,0,0,0,0,0,0,0,0,0
"06035","5","518210","78","0","2023","4","N",1,0,0,0,0,0,0,0,"N",0.29,0,0,0,0,0,0,0,"N",1,100.0,0,0,0,0,0,0,0,0,0,0,0,0,0,0
"06037","5","518210","78","0","2023","4","",738,11696,11800,11889,620963372,6392178,207224,4050,"",0.29,0.84,0.84,0.84,0.86,0.83,0.83,1.02,"",52,7.6,508,4.5,507,4.5,518,4.6,66586463,12.0,-210146,-3.2,-12422,-5.7,271,7.2
"06039","5","518210","78","0","2023","4","N",1,0,0,0,0,0,0,0,"N",0.04,0,0,0,0,0,0,0,"N",-1,-50.0,0,0,0,0,0,0,0,0,0,0,0,0,0,0
"06041","5","518210","78","0","2023","4","",39,146,149,148,5581559,46550,1562,2908,"",0.67,0.42,0.43,0.43,0.29,0.26,0.29,0.68,"",1,2.6,55,60.4,57,62.0,57,62.6,2002229,55.9,9118,24.4,453,40.8,-107,-3.5
"06045","5","518210","78","0","2023","4","N",3,0,0,0,0,0,0,0,"N",0.15,0,0,0,0,0,0,0,"N",1,50.0,0,0,0,0,0,0,0,0,0,0,0,0,0,0
"06047","5","518210","78","0","2023","4","",3,5,5,5,121469,220,7,1869,"",0.08,0.02,0.02,0.02,0.01,0.00,0.00,0.76,"N",2,200.0,0,0,0,0,0,0,0,0,0,0,0,0,0,0
"06051","5","518210","78","0","2023","4","N",1,0,0,0,0,0,0,0,"N",0.30,0,0,0,0,0,0,0,"N",0,0.0,0,0,0,0,0,0,0,0,0,0,0,0,0,0
"06053","5","518210","78","0","2023","4","N",11,0,0,0,0,0,0,0,"N",0.16,0,0,0,0,0,0,0,"N",3,37.5,0,0,0,0,0,0,0,0,0,0,0,0,0,0
"06055","5","518210","78","0","2023","4","",7,38,34,38,1315291,8212,309,2759,"",0.25,0.15,0.14,0.16,0.12,0.06,0.07,0.84,"",-2,-22.2,-5,-11.6,-8,-19.0,-4,-9.5,-40800,-3.0,6523,386.2,260,530.6,295,12.0
"06057","5","518210","78","0","2023","4","N",6,0,0,0,0,0,0,0,"N",0.30,0,0,0,0,0,0,0,"N",3,100.0,0,0,0,0,0,0,0,0,0,0,0,0,0,0
"06059","3","518210","78","0","2023","4","",1,16,16,16,474251,0,0,2280,"",0.85,0.52,0.52,0.53,0.69,0.00,0.00,1.32,"",0,0.0,1,6.7,2,14.3,2,14.3,27503,6.2,0,0.0,0,0.0,-118,-4.9
"06059","5","518210","78","0","2023","4","",255,2279,2278,2279,68650723,1159878,44138,2318,"",0.39,0.44,0.44,0.44,0.28,0.40,0.49,0.63,"",-5,-1.9,-805,-26.1,-795,-25.9,-812,-26.3,-24205062,-26.1,-519403,-30.9,-10471,-19.2,1,0.0
"06061","5","518210","78","0","2023","4","",16,241,233,244,7243180,228588,10736,2328,"",0.23,0.42,0.40,0.43,0.29,0.69,1.00,0.70,"N",-3,-15.8,0,0,0,0,0,0,0,0,0,0,0,0,0,0
"06065","5","518210","78","0","2023","4","",37,525,532,531,14871275,130410,4051,2161,"",0.10,0.20,0.20,0.21,0.16,0.08,0.08,0.80,"",5,15.6,-59,-10.1,-48,-8.3,-60,-10.2,-9859,-0.1,6405,5.2,-990,-19.6,204,10.4
"06067","5","518210","78","0","2023","4","",68,1266,1264,1288,43492429,697572,24763,2629,"",0.22,0.57,0.56,0.58,0.42,0.69,0.73,0.73,"",-1,-1.4,-1,-0.1,9,0.7,33,2.6,3539355,8.9,190607,37.6,3108,14.4,188,7.7
"06069","5","518210","78","0","2023","4","-",0,0,0,0,0,0,0,0,"N",0.00,0,0,0,0,0,0,0,"N",-1,-100.0,0,0,0,0,0,0,0,0,0,0,0,0,0,0
"06071","5","518210","78","0","2023","4","N",34,0,0,0,0,0,0,0,"N",0.10,0,0,0,0,0,0,0,"N",8,30.8,0,0,0,0,0,0,0,0,0,0,0,0,0,0
"06073","5","518210","78","0","2023","4","",248,2806,2789,2732,105711713,1594963,54632,2930,"",0.42,0.59,0.58,0.57,0.46,0.68,0.73,0.79,"",21,9.3,291,11.6,261,10.3,234,9.4,10216772,10.7,205069,14.8,7610,16.2,8,0.3
"06075","5","518210","78","0","2023","4","",563,18356,18398,18150,1420672093,5547475,168888,5971,"",1.94,8.19,8.24,8.13,6.46,5.50,5.38,0.79,"",57,11.3,-3669,-16.7,-3703,-16.8,-3889,-17.6,-16801899,-1.2,-4457454,-44.6,-121196,-41.8,957,19.1
"06077","5","518210","78","0","2023","4","",10,31,29,29,869031,17861,608,2253,"",0.10,0.03,0.03,0.03,0.03,0.03,0.03,0.79,"N",1,11.1,0,0,0,0,0,0,0,0,0,0,0,0,0,0
"06079","5","518210","78","0","2023","4","",11,32,32,32,697773,14731,836,1677,"",0.21,0.08,0.08,0.09,0.05,0.07,0.14,0.56,"",-1,-8.3,8,33.3,9,39.1,10,45.5,202876,41.0,6270,74.1,550,192.3,22,1.3
"06081","5","518210","78","0","2023","4","",181,5955,5958,5938,817016103,1918514,59818,10562,"",1.31,4.55,4.56,4.53,5.86,3.25,3.26,1.29,"",1,0.6,163,2.8,150,2.6,88,1.5,306663823,60.1,-998138,-34.2,-34251,-36.4,3813,56.5
"06083","5","518210","78","0","2023","4","",28,369,362,365,14848909,77898,2661,3127,"",0.36,0.53,0.53,0.56,0.55,0.22,0.23,1.02,"",0,0.0,44,13.5,33,10.0,21,6.1,3669464,32.8,-140395,-64.3,-5239,-66.3,542,21.0
"06085","5","518210","78","0","2023","4","",455,13093,13056,13035,1823630912,4024105,120493,10740,"",1.25,3.74,3.74,3.73,4.60,2.64,2.48,1.23,"",25,5.8,226,1.8,188,1.5,48,0.4,662112712,57.0,-466458,-10.4,-20186,-14.3,3818,55.2
"06087","5","518210","78","0","2023","4","N",14,0,0,0,0,0,0,0,"N",0.31,0,0,0,0,0,0,0,"N",1,7.7,0,0,0,0,0,0,0,0,0,0,0,0,0,0
"06089","5","518210","78","0","2023","4","N",9,0,0,0,0,0,0,0,"N",0.24,0,0,0,0,0,0,0,"N",0,0.0,0,0,0,0,0,0,0,0,0,0,0,0,0,0
"06093","5","518210","78","0","2023","4","N",1,0,0,0,0,0,0,0,"N",0.12,0,0,0,0,0,0,0,"N",0,0.0,0,0,0,0,0,0,0,0,0,0,0,0,0,0
"06095","5","518210","78","0","2023","4","",12,80,84,77,2634145,83386,2884,2522,"",0.20,0.18,0.19,0.17,0.14,0.37,0.38,0.79,"",-1,-7.7,-14,-14.9,-5,-5.6,-16,-17.2,201357,8.3,48538,139.3,1821,171.3,488,24.0
"06097","3","518210","78","0","2023","4","",1,7,7,7,181272,0,0,1992,"",5.86,1.80,1.83,1.86,2.29,0.00,0.00,1.25,"",0,0.0,0,0.0,0,0.0,0,0.0,8226,4.8,0,0.0,0,0.0,90,4.7
"06097","5","518210","78","0","2023","4","",22,114,108,116,3739806,87478,3414,2553,"",0.23,0.17,0.17,0.18,0.13,0.27,0.34,0.76,"",4,22.2,19,20.0,13,13.7,20,20.8,790816,26.8,27284,45.3,1249,57.7,174,7.3
"06099","5","518210","78","0","2023","4","N",2,0,0,0,0,0,0,0,"N",0.03,0,0,0,0,0,0,0,"N",0,0.0,0,0,0,0,0,0,0,0,0,0,0,0,0,0
"06101","5","518210","78","0","2023","4","N",1,0,0,0,0,0,0,0,"N",0.06,0,0,0,0,0,0,0,"N",0,0.0,0,0,0,0,0,0,0,0,0,0,0,0,0,0
"06107","5","518210","78","0","2023","4","N",4,0,0,0,0,0,0,0,"N",0.06,0,0,0,0,0,0,0,"N",0,0.0,0,0,0,0,0,0,0,0,0,0,0,0,0,0
"06109","5","518210","78","0","2023","4","N",1,0,0,0,0,0,0,0,"N",0.12,0,0,0,0,0,0,0,"N",1,100.0,0,0,0,0,0,0,0,0,0,0,0,0,0,0
"06111","5","518210","78","0","2023","4","",36,220,220,223,30444971,197994,10213,10597,"",0.26,0.21,0.21,0.22,0.72,0.34,0.54,3.35,"",-6,-14.3,-221,-50.1,-215,-49.4,-211,-48.6,12867530,73.2,-42122,-17.5,-1128,-9.9,7501,242.3
"06113","5","518210","78","0","2023","4","N",4,0,0,0,0,0,0,0,"N",0.12,0,0,0,0,0,0,0,"N",0,0.0,0,0,0,0,0,0,0,0,0,0,0,0,0,0
"06999","5","518210","78","0","2023","4","",1482,13743,13683,13653,434731033,4929904,167984,2442,"",4.60,8.21,8.18,8.18,3.50,3.64,3.35,0.43,"",149,11.2,8038,140.9,7955,138.9,7957,139.7,223841444,106.1,399283,8.8,14255,9.3,-399,-14.0
"08000","5","518210","58","0","2023","4","",1606,15393,15316,15265,603455049,19350816,363730,3029,"",1.37,1.70,1.70,1.69,1.43,1.25,1.55,0.85,"",-152,-8.6,-1111,-6.7,-1266,-7.6,-1161,-7.1,14145618,2.4,-3118942,-13.9,-88433,-19.6,282,10.3
"08001","5","518210","78","0","2023","4","",62,197,196,200,6148736,240789,5186,2393,"",0.94,0.26,0.25,0.26,0.18,0.19,0.24,0.72,"",-8,-11.4,-46,-18.9,-37,-15.9,5,2.6,-1551724,-20.2,-355913,-59.6,-6915,-57.1,-255,-9.6
"08005","5","518210","78","0","2023","4","",201,3243,3220,3220,120953671,3640424,64156,2883,"",1.61,3.04,3.03,3.03,2.27,2.13,2.30,0.75,"",-15,-6.9,-218,-6.3,-251,-7.2,-267,-7.7,2669144,2.3,115731,3.3,-9861,-13.3,263,10.0
"08007","5","518210","78","0","2023","4","N",1,0,0,0,0,0,0,0,"N",0.31,0,0,0,0,0,0,0,"N",0,0.0,0,0,0,0,0,0,0,0,0,0,0,0,0,0
"08009","5","518210","78","0","2023","4","N",1,0,0,0,0,0,0,0,"N",1.74,0,0,0,0,0,0,0,"N",0,0.0,0,0,0,0,0,0,0,0,0,0,0,0,0,0
"08013","5","518210","78","0","2023","4","",200,1433,1426,1400,58291714,2410465,49546,3158,"",2.27,2.34,2.34,2.30,1.74,2.90,3.68,0.75,"",-17,-7.8,-69,-4.6,-64,-4.3,-77,-5.2,4540781,8.4,444124,22.6,4019,8.8,382,13.8
"08014","5","518210","78","0","2023","4","",38,1240,1223,1211,91111072,923768,22490,5723,"",2.30,9.14,9.04,8.96,10.40,4.47,6.90,1.15,"",-10,-20.8,-72,-5.5,-145,-10.6,-143,-10.6,6573554,7.8,-1478508,-61.5,-25706,-53.3,887,18.3
"08015","5","518210","78","0","2023","4","N",3,0,0,0,0,0,0,0,"N",0.52,0,0,0,0,0,0,0,"N",0,0.0,0,0,0,0,0,0,0,0,0,0,0,0,0,0
"08029","5","518210","78","0","2023","4","N",1,0,0,0,0,0,0,0,"N",0.21,0,0,0,0,0,0,0,"N",0,0.0,0,0,0,0,0,0,0,0,0,0,0,0,0,0
"08031","5","518210","78","0","2023","4","",450,5077,5059,5051,203042517,6642357,129351,3085,"",2.21,2.85,2.85,2.85,2.00,2.34,2.88,0.70,"",-27,-5.7,-512,-9.2,-531,-9.5,-450,-8.2,4264016,2.1,-1620683,-19.6,-39044,-23.2,335,12.2
"08035","5","518210","78","0","2023","4","",128,961,939,940,37615668,975658,17424,3057,"",1.70,2.14,2.07,2.07,1.69,1.23,1.46,0.81,"",-17,-11.7,-34,-3.4,-57,-5.7,-64,-6.4,-2825693,-7.0,55134,6.0,-838,-4.6,-59,-1.9
"08037","5","518210","78","0","2023","4","",12,30,31,30,1416040,60655,1047,3591,"",0.65,0.28,0.30,0.26,0.33,0.21,0.33,1.18,"",-2,-14.3,-3,-9.1,1,3.3,-2,-6.2,41571,3.0,31768,110.0,-9,-0.9,252,7.5
"08039","5","518210","78","0","2023","4","",4,14,14,15,378437,45713,539,2031,"",0.96,0.91,0.91,0.99,0.68,0.88,1.20,0.73,"",-1,-20.0,-9,-39.1,-12,-46.2,-2,-11.8,-586569,-60.8,30179,194.3,-36,-6.3,-1343,-39.8
"08041","5","518210","78","0","2023","4","",121,542,542,539,15652524,740735,12757,2226,"",1.02,0.56,0.56,0.56,0.41,0.49,0.51,0.73,"",-19,-13.6,-45,-7.7,-39,-6.7,-49,-8.3,520035,3.4,-174537,-19.1,-4412,-25.7,237,11.9
"08043","5","518210","78","0","2023","4","",3,4,4,4,28001,6664,59,538,"",0.58,0.09,0.09,0.09,0.02,0.09,0.07,0.21,"",-2,-40.0,0,0.0,0,0.0,0,0.0,1634,6.2,5164,344.3,46,353.8,31,6.1
"08045","5","518210","78","0","2023","4","",10,21,18,19,487512,17446,324,1940,"",0.71,0.24,0.21,0.22,0.15,0.10,0.13,0.65,"",0,0.0,2,10.5,1,5.9,2,11.8,-24606,-4.8,14220,440.8,264,440.0,-290,-13.0
"08047","5","518210","78","0","2023","4","N",1,0,0,0,0,0,0,0,"N",0.92,0,0,0,0,0,0,0,"N",0,0.0,0,0,0,0,0,0,0,0,0,0,0,0,0,0
"08049","5","518210","78","0","2023","4","N",1,0,0,0,0,0,0,0,"N",0.21,0,0,0,0,0,0,0,"N",-1,-50.0,0,0,0,0,0,0,0,0,0,0,0,0,0,0
"08051","5","518210","78","0","2023","4","N",3,0,0,0,0,0,0,0,"N",0.48,0,0,0,0,0,0,0,"N",-2,-40.0,0,0,0,0,0,0,0,0,0,0,0,0,0,0
"08053","5","518210","78","0","2023","4","N",1,0,0,0,0,0,0,0,"N",2.59,0,0,0,0,0,0,0,"N",0,0.0,0,0,0,0,0,0,0,0,0,0,0,0,0,0
"08055","5","518210","78","0","2023","4","N",1,0,0,0,0,0,0,0,"N",1.02,0,0,0,0,0,0,0,"N",0,0.0,0,0,0,0,0,0,0,0,0,0,0,0,0,0
"08059","5","518210","78","0","2023","4","",154,1808,1809,1808,45852038,2578630,37589,1950,"",1.31,2.33,2.34,2.34,1.27,2.06,1.91,0.54,"",-24,-13.5,-37,-2.0,-71,-3.8,-53,-2.8,591989,1.3,-105132,-3.9,-3383,-8.3,80,4.3
"08065","5","518210","78","0","2023","4","N",1,0,0,0,0,0,0,0,"N",0.76,0,0,0,0,0,0,0,"N",0,0.0,0,0,0,0,0,0,0,0,0,0,0,0,0,0
"08067","5","518210","78","0","2023","4","",11,58,62,62,2233999,67092,1488,2833,"",0.77,0.68,0.73,0.73,0.69,0.25,0.58,0.97,"",-1,-8.3,-3,-4.9,2,3.3,1,1.6,389782,21.1,-32494,-32.6,-557,-27.2,495,21.2
"08069","5","518210","78","0","2023","4","",91,405,418,413,10353446,506111,9364,1933,"",1.28,0.73,0.76,0.75,0.45,0.58,0.71,0.60,"",3,3.4,-44,-9.8,-25,-5.6,-23,-5.3,80837,0.8,98395,24.1,2067,28.3,148,8.3
"08071","5","518210","78","0","2023","4","N",2,0,0,0,0,0,0,0,"N",0.74,0,0,0,0,0,0,0,"N",-1,-33.3,0,0,0,0,0,0,0,0,0,0,0,0,0,0
"08077","5","518210","78","0","2023","4","",11,72,74,72,2023290,60454,1574,2142,"",0.42,0.35,0.36,0.35,0.29,0.19,0.28,0.81,"",-2,-15.4,7,10.8,-1,-1.3,-1,-1.4,312406,18.3,-11669,-16.2,-539,-25.5,288,15.5
"08083","5","518210","78","0","2023","4","N",1,0,0,0,0,0,0,0,"N",0.21,0,0,0,0,0,0,0,"N",-1,-50.0,0,0,0,0,0,0,0,0,0,0,0,0,0,0
"08085","5","518210","78","0","2023","4","",5,5,4,4,136154,22747,387,2417,"",0.64,0.09,0.08,0.08,0.08,0.26,0.29,1.03,"N",2,66.7,0,0,0,0,0,0,0,0,0,0,0,0,0,0
"08087","5","518210","78","0","2023","4","-",0,0,0,0,0,0,0,0,"N",0.00,0,0,0,0,0,0,0,"N",0,0,0,0,0,0,0,0,0,0,0,0,0,0,0,0
"08089","5","518210","78","0","2023","4","-",0,0,0,0,0,0,0,0,"N",0.00,0,0,0,0,0,0,0,"N",-1,-100.0,0,0,0,0,0,0,0,0,0,0,0,0,0,0
"08091","5","518210","78","0","2023","4","N",1,0,0,0,0,0,0,0,"N",0.53,0,0,0,0,0,0,0,"N",1,100.0,0,0,0,0,0,0,0,0,0,0,0,0,0,0
"08093","5","518210","78","0","2023","4","N",2,0,0,0,0,0,0,0,"N",0.61,0,0,0,0,0,0,0,"N",-1,-33.3,0,0,0,0,0,0,0,0,0,0,0,0,0,0
"08097","5","518210","78","0","2023","4","N",2,0,0,0,0,0,0,0,"N",0.20,0,0,0,0,0,0,0,"N",0,0.0,0,0,0,0,0,0,0,0,0,0,0,0,0,0
"08101","5","518210","78","0","2023","4","",6,36,34,36,421428,21759,257,917,"",0.33,0.18,0.17,0.18,0.07,0.07,0.05,0.37,"",1,20.0,-12,-25.0,-11,-24.4,-8,-18.2,-248381,-37.1,-53921,-71.2,-961,-78.9,-211,-18.7
"08103","5","518210","78","0","2023","4","N",1,0,0,0,0,0,0,0,"N",0.76,0,0,0,0,0,0,0,"N",0,0.0,0,0,0,0,0,0,0,0,0,0,0,0,0,0
"08107","5","518210","78","0","2023","4","N",4,0,0,0,0,0,0,0,"N",0.40,0,0,0,0,0,0,0,"N",0,0.0,0,0,0,0,0,0,0,0,0,0,0,0,0,0
"08111","5","518210","78","0","2023","4","N",1,0,0,0,0,0,0,0,"N",2.27,0,0,0,0,0,0,0,"N",0,0.0,0,0,0,0,0,0,0,0,0,0,0,0,0,0
"08113","5","518210","78","0","2023","4","N",2,0,0,0,0,0,0,0,"N",0.53,0,0,0,0,0,0,0,"N",1,100.0,0,0,0,0,0,0,0,0,0,0,0,0,0,0
"08115","5","518210","78","0","2023","4","N",1,0,0,0,0,0,0,0,"N",2.20,0,0,0,0,0,0,0,"N",0,0.0,0,0,0,0,0,0,0,0,0,0,0,0,0,0
"08117","5","518210","78","0","2023","4","",8,15,14,14,583369,18334,361,3131,"",0.68,0.24,0.20,0.18,0.25,0.11,0.16,1.21,"N",-2,-20.0,0,0,0,0,0,0,0,0,0,0,0,0,0,0
"08119","5","518210","78","0","2023","4","N",3,0,0,0,0,0,0,0,"N",0.60,0,0,0,0,0,0,0,"N",-1,-25.0,0,0,0,0,0,0,0,0,0,0,0,0,0,0
"08123","5","518210","78","0","2023","4","",38,106,107,108,2726478,140884,4405,1960,"",0.86,0.29,0.29,0.30,0.19,0.20,0.44,0.65,"N",-3,-7.3,0,0,0,0,0,0,0,0,0,0,0,0,0,0
"08999","5","518210","78","0","2023","4","N",19,0,0,0,0,0,0,0,"N",1.04,0,0,0,0,0,0,0,"N",-2,-9.5,0,0,0,0,0,0,0,0,0,0,0,0,0,0
"09000","3","518210","58","0","2023","4","N",1,0,0,0,0,0,0,0,"N",0.85,0,0,0,0,0,0,0,"N",0,0.0,0,0,0,0,0,0,0,0,0,0,0,0,0,0
"09000","5","518210","58","0","2023","4","",1232,3770,3744,3752,170946239,3165647,77952,3502,"",1.87,0.72,0.71,0.72,0.65,0.68,0.70,0.91,"",55,4.7,-63,-1.6,-50,-1.3,-5,-0.1,-914327,-0.5,-1099890,-25.8,-48827,-38.5,18,0.5
"09001","5","518210","78","0","2023","4","",452,1295,1301,1297,61827910,1206295,32569,3665,"",2.36,0.99,1.00,0.99,0.74,1.04,1.19,0.74,"",-35,-7.2,-45,-3.4,-13,-1.0,-9,-0.7,1603570,2.7,-851300,-41.4,-27651,-45.9,155,4.4
"09003","5","518210","78","0","2023","4","",203,1068,1050,1056,33930175,894087,21757,2467,"",1.36,0.68,0.67,0.67,0.45,0.67,0.69,0.67,"",3,1.5,-37,-3.3,-57,-5.1,-54,-4.9,-1883625,-5.3,-175472,-16.4,-8354,-27.7,-21,-0.8
"09005","5","518210","78","0","2023","4","",31,68,70,71,3124880,55153,1330,3450,"",0.98,0.35,0.36,0.37,0.43,0.32,0.31,1.19,"",-1,-3.1,28,70.0,28,66.7,30,73.2,1317365,72.9,29987,119.2,587,79.0,59,1.7
"09007","5","518210","78","0","2023","4","",36,79,72,72,3103015,50965,1225,3211,"",1.30,0.36,0.33,0.33,0.34,0.25,0.25,0.99,"",-4,-10.0,-16,-16.8,-24,-25.0,-22,-23.4,-3132100,-50.2,-115869,-69.5,-4350,-78.0,-1838,-36.4
"09009","5","518210","78","0","2023","4","",191,337,335,335,33874482,372722,7607,7763,"",1.53,0.29,0.28,0.28,0.67,0.36,0.30,2.37,"",-10,-5.0,-78,-18.8,-77,-18.7,-72,-17.7,-3765351,-10.0,-19985,-5.1,-6223,-45.0,724,10.3
"09011","3","518210","78","0","2023","4","N",1,0,0,0,0,0,0,0,"N",14.58,0,0,0,0,0,0,0,"N",0,0.0,0,0,0,0,0,0,0,0,0,0,0,0,0,0
"09011","5","518210","78","0","2023","4","",39,50,48,49,1779137,44340,1212,2793,"",1.02,0.13,0.13,0.13,0.11,0.15,0.17,0.86,"",1,2.6,-4,-7.4,-3,-5.9,1,2.1,250999,16.4,-10420,-19.0,-307,-20.2,488,21.2
"09013","5","518210","78","0","2023","4","",23,34,34,34,980242,33413,742,2218,"",1.41,0.26,0.26,0.26,0.20,0.33,0.30,0.76,"N",2,9.5,0,0,0,0,0,0,0,0,0,0,0,0,0,0
"09015","5","518210","78","0","2023","4","",16,17,17,18,818827,0,0,3634,"",1.04,0.14,0.14,0.15,0.20,0.00,0.00,1.38,"",-1,-5.9,-3,-15.0,-4,-19.0,-5,-21.7,55658,7.3,-49875,-100.0,-1496,-100.0,882,32.0
"09999","5","518210","78","0","2023","4","",241,822,817,820,31507571,508672,11510,2957,"",3.77,5.21,5.12,5.15,2.56,2.42,2.12,0.50,"N",100,70.9,0,0,0,0,0,0,0,0,0,0,0,0,0,0
"10000","2","518210","58","0","2023","4","N",1,0,0,0,0,0,0,0,"N",14.42,0,0,0,0,0,0,0,"N",0,0.0,0,0,0,0,0,0,0,0,0,0,0,0,0,0
"10000","5","518210","58","0","2023","4","",252,505,501,509,17419280,319405,3274,2653,"",1.28,0.34,0.34,0.35,0.28,0.30,0.33,0.82,"",12,5.0,-26,-4.9,-10,-2.0,-10,-1.9,1619586,10.3,-263695,-45.2,-12472,-79.2,317,13.6
"10001","2","518210","78","0","2023","4","N",1,0,0,0,0,0,0,0,"N",112.93,0,0,0,0,0,0,0,"N",0,0.0,0,0,0,0,0,0,0,0,0,0,0,0,0,0
"10001","5","518210","78","0","2023","4","",22,18,18,17,616920,6358,51,2686,"",0.87,0.08,0.08,0.08,0.08,0.04,0.03,1.02,"",-1,-4.3,-2,-10.0,-2,-10.0,-3,-15.0,-117359,-16.0,-13428,-67.9,-186,-78.5,-138,-4.9
"10003","5","518210","78","0","2023","4","",172,346,344,352,11038111,241436,2650,2445,"",1.43,0.37,0.36,0.37,0.25,0.37,0.45,0.69,"",11,6.8,15,4.5,17,5.2,15,4.5,1832677,19.9,-147261,-37.9,-11117,-80.8,310,14.5
"10005","5","518210","78","0","2023","4","",52,69,71,70,3019153,36599,468,3318,"",1.10,0.24,0.25,0.25,0.33,0.16,0.22,1.31,"",5,10.6,-22,-24.2,-2,-2.7,-1,-1.4,-13522,-0.4,-63819,-63.6,-998,-68.1,340,11.4
"10999","5","518210","78","0","2023","4","",6,72,68,70,2745096,35012,105,3017,"",1.26,2.84,2.68,2.76,1.81,1.72,0.45,0.65,"",-3,-33.3,-17,-19.1,-23,-25.3,-21,-23.1,-82210,-2.9,-39187,-52.8,-171,-62.0,609,25.3
"11000","5","518210","58","0","2023","4","",631,1883,1747,1742,75979015,2450628,60795,3264,"",2.67,0.79,0.74,0.74,0.44,2.17,2.19,0.58,"",93,17.3,45,2.4,-91,-5.0,-49,-2.7,4570924,6.4,253238,11.5,4444,7.9,250,8.3
"11001","5","518210","78","0","2023","4","",631,1883,1747,1742,75979015,2450628,60795,3264,"",2.67,0.79,0.74,0.74,0.44,2.17,2.19,0.58,"",93,17.3,45,2.4,-91,-5.0,-49,-2.7,4570924,6.4,253238,11.5,4444,7.9,250,8.3
"12000","3","518210","58","0","2023","4","",1,55,55,55,1395852,0,0,1952,"",0.14,0.30,0.30,0.31,0.40,0.00,0.00,1.31,"",0,0.0,1,1.9,-5,-8.3,0,0.0,62366,4.7,0,0.0,0,0.0,131,7.2
"12000","5","518210","58","0","2023","4","",3392,29732,29754,29611,1027605381,17189038,256679,2662,"",0.85,0.98,0.97,0.97,0.82,0.95,1.48,0.85,"",172,5.3,441,1.5,137,0.5,-30,-0.1,49801348,5.1,-2411903,-12.3,2196,0.9,114,4.5
"12001","5","518210","78","0","2023","4","",20,68,69,67,1553683,78543,1406,1758,"",0.53,0.16,0.16,0.15,0.09,0.38,0.91,0.59,"",-1,-4.8,-6,-8.1,4,6.2,4,6.3,94178,6.5,-11220,-12.5,-868,-38.2,91,5.5
"12003","5","518210","78","0","2023","4","N",1,0,0,0,0,0,0,0,"N",0.43,0,0,0,0,0,0,0,"N",0,0.0,0,0,0,0,0,0,0,0,0,0,0,0,0,0
"12005","5","518210","78","0","2023","4","N",11,0,0,0,0,0,0,0,"N",0.36,0,0,0,0,0,0,0,"N",1,10.0,0,0,0,0,0,0,0,0,0,0,0,0,0,0
"12009","5","518210","78","0","2023","4","",50,170,167,165,3472895,118765,2082,1596,"",0.59,0.23,0.22,0.22,0.12,0.30,0.58,0.53,"",1,2.0,28,19.7,24,16.8,24,17.0,419771,13.7,-6842,-5.4,291,16.2,-58,-3.5
"12011","5","518210","78","0","2023","4","",276,4260,4144,4193,156326411,1724976,17963,2864,"",0.73,1.58,1.53,1.54,1.36,1.04,1.12,0.88,"",16,6.2,122,2.9,-17,-0.4,51,1.2,4920421,3.2,-176293,-9.3,5288,41.7,56,2.0
"12015","5","518210","78","0","2023","4","",12,24,23,22,434908,6684,8,1455,"",0.45,0.14,0.13,0.13,0.08,0.06,0.01,0.59,"",2,20.0,6,33.3,6,35.3,5,29.4,64027,17.3,-316,-4.5,1,14.3,-191,-11.6
"12017","5","518210","78","0","2023","4","N",6,0,0,0,0,0,0,0,"N",0.37,0,0,0,0,0,0,0,"N",3,100.0,0,0,0,0,0,0,0,0,0,0,0,0,0,0
"12019","5","518210","78","0","2023","4","N",11,0,0,0,0,0,0,0,"N",0.45,0,0,0,0,0,0,0,"N",3,37.5,0,0,0,0,0,0,0,0,0,0,0,0,0,0
"12021","5","518210","78","0","2023","4","",44,92,92,87,3088988,88601,800,2630,"",0.53,0.18,0.17,0.16,0.14,0.24,0.26,0.84,"",6,15.8,17,22.7,16,21.1,8,10.1,861814,38.7,-12393,-12.3,-616,-43.5,395,17.7
"12023","5","518210","78","0","2023","4","N",1,0,0,0,0,0,0,0,"N",0.12,0,0,0,0,0,0,0,"N",0,0.0,0,0,0,0,0,0,0,0,0,0,0,0,0,0
"12029","5","518210","78","0","2023","4","N",1,0,0,0,0,0,0,0,"N",0.78,0,0,0,0,0,0,0,"N",0,0.0,0,0,0,0,0,0,0,0,0,0,0,0,0,0
"12031","5","518210","78","0","2023","4","",122,4291,4304,4283,193668182,1264199,18641,3470,"",0.76,2.46,2.45,2.43,2.65,1.30,2.13,1.08,"",-1,-0.8,-181,-4.0,-268,-5.9,-232,-5.1,-10874553,-5.3,-1133171,-47.3,2350,14.4,-11,-0.3
"12033","5","518210","78","0","2023","4","",11,22,21,22,559532,2274,7,1987,"",0.25,0.05,0.05,0.05,0.04,0.01,0.00,0.75,"",-2,-15.4,-2,-8.3,-4,-16.0,-3,-12.0,26552,5.0,-11107,-83.0,-222,-96.9,325,19.6
"12035","5","518210","78","0","2023","4","",11,82,83,83,1303236,26955,333,1213,"",0.71,0.94,0.96,0.95,0.50,0.57,0.82,0.52,"",-2,-15.4,-62,-43.1,-40,-32.5,-43,-34.1,-1037118,-44.3,-53151,-66.4,-803,-70.7,-161,-11.7
"12041","5","518210","78","0","2023","4","N",2,0,0,0,0,0,0,0,"N",1.11,0,0,0,0,0,0,0,"N",1,100.0,0,0,0,0,0,0,0,0,0,0,0,0,0,0
"12053","5","518210","78","0","2023","4","",13,23,19,19,284222,21303,562,1075,"",0.63,0.15,0.12,0.12,0.06,0.19,0.50,0.48,"N",0,0.0,0,0,0,0,0,0,0,0,0,0,0,0,0,0
"12055","5","518210","78","0","2023","4","N",2,0,0,0,0,0,0,0,"N",0.17,0,0,0,0,0,0,0,"N",1,100.0,0,0,0,0,0,0,0,0,0,0,0,0,0,0
"12057","5","518210","78","0","2023","4","",261,3067,3073,3094,91969498,1995208,15357,2298,"",0.97,1.25,1.24,1.25,0.85,1.41,1.15,0.68,"",29,12.5,-93,-2.9,-96,-3.0,-60,-1.9,5283483,6.1,138976,7.5,-8777,-36.4,188,8.9
"12059","5","518210","78","0","2023","4","N",1,0,0,0,0,0,0,0,"N",0.57,0,0,0,0,0,0,0,"N",1,100.0,0,0,0,0,0,0,0,0,0,0,0,0,0,0
"12061","5","518210","78","0","2023","4","",20,122,119,121,3113157,20348,150,1985,"",0.75,0.69,0.66,0.67,0.50,0.19,0.15,0.74,"",0,0.0,34,38.6,34,40.0,38,45.8,979124,45.9,-3432,-14.4,-188,-55.6,61,3.2
"12069","5","518210","78","0","2023","4","",14,117,119,119,3833733,128066,1054,2492,"",0.29,0.32,0.33,0.33,0.34,0.55,0.49,1.04,"",1,7.7,-7,-5.6,0,0.0,1,0.8,637116,19.9,-3768,-2.9,439,71.4,449,22.0
"12071","5","518210","78","0","2023","4","",82,334,338,330,7949452,252662,2371,1831,"",0.63,0.36,0.36,0.35,0.24,0.42,0.43,0.66,"",17,26.2,18,5.7,31,10.1,31,10.4,2085643,35.6,89004,54.4,295,14.2,363,24.7
"12073","3","518210","78","0","2023","4","",1,55,55,55,1395852,0,0,1952,"",10.98,18.35,18.26,18.69,25.38,0.00,0.00,1.38,"",0,0.0,1,1.9,-5,-8.3,0,0.0,62366,4.7,0,0.0,0,0.0,131,7.2
"12073","5","518210","78","0","2023","4","",65,1491,1542,1437,18999769,1724451,47978,981,"",1.28,2.95,3.04,2.86,0.97,7.39,22.52,0.33,"",10,18.2,145,10.8,99,6.9,-180,-11.1,2291745,13.7,79859,4.9,28268,143.4,106,12.1
"12075","5","518210","78","0","2023","4","N",3,0,0,0,0,0,0,0,"N",0.60,0,0,0,0,0,0,0,"N",0,0.0,0,0,0,0,0,0,0,0,0,0,0,0,0,0
"12081","5","518210","78","0","2023","4","",41,151,145,144,5484325,81743,2977,2876,"",0.62,0.34,0.32,0.32,0.34,0.27,1.13,1.04,"",2,5.1,4,2.7,-5,-3.3,-8,-5.3,489056,9.8,-66367,-44.8,-1737,-36.8,309,12.0
"12083","5","518210","78","0","2023","4","",18,80,82,81,2016900,33813,453,1915,"",0.39,0.22,0.22,0.22,0.18,0.15,0.23,0.81,"",0,0.0,20,33.3,16,24.2,15,22.7,481139,31.3,-2324,-6.4,-440,-49.3,69,3.7
"12085","5","518210","78","0","2023","4","",22,59,60,59,1765023,10273,38,2288,"",0.64,0.25,0.25,0.25,0.21,0.07,0.03,0.85,"",4,22.2,0,0.0,1,1.7,-3,-4.8,-16393,-0.9,-43209,-80.8,-1184,-96.9,4,0.2
"12086","5","518210","78","0","2023","4","",372,2171,2173,2159,119418445,1163267,16904,4238,"",0.67,0.56,0.56,0.55,0.67,0.52,0.71,1.20,"",23,6.6,-101,-4.4,-163,-7.0,-161,-6.9,15215089,14.6,-543796,-31.9,-7894,-31.8,767,22.1
"12087","5","518210","78","0","2023","4","",6,18,20,18,653681,15474,92,2694,"",0.26,0.13,0.14,0.12,0.13,0.16,0.12,1.01,"",-2,-25.0,1,5.9,3,17.6,1,5.9,173861,36.2,2322,17.7,-103,-52.8,523,24.1
"12089","5","518210","78","0","2023","4","",7,69,68,71,1664533,39025,279,1847,"",0.54,0.81,0.80,0.83,0.59,0.71,0.54,0.73,"",0,0.0,2,3.0,3,4.6,7,10.9,92695,5.9,20386,109.4,165,144.7,-4,-0.2
"12091","5","518210","78","0","2023","4","N",18,0,0,0,0,0,0,0,"N",0.52,0,0,0,0,0,0,0,"N",2,12.5,0,0,0,0,0,0,0,0,0,0,0,0,0,0
"12095","5","518210","78","0","2023","4","",198,2145,2145,2141,55828847,1058328,13305,2003,"",0.78,0.72,0.72,0.72,0.47,0.62,0.87,0.66,"",12,6.5,202,10.4,160,8.1,152,7.6,2477019,4.6,-150060,-12.4,-1521,-10.3,-78,-3.7
"12097","5","518210","78","0","2023","4","",18,65,66,66,3352614,47252,71,3927,"",0.38,0.19,0.19,0.19,0.31,0.23,0.04,1.65,"",-2,-10.0,-14,-17.7,-17,-20.5,-16,-19.5,-1409799,-29.6,-105955,-69.2,-692,-90.7,-577,-12.8
"12099","5","518210","78","0","2023","4","",292,1396,1402,1422,43966553,709441,11197,2404,"",0.89,0.68,0.67,0.68,0.45,0.52,0.81,0.67,"",35,13.6,65,4.9,57,4.2,78,5.8,4549092,11.5,-339042,-32.3,-3607,-24.4,141,6.2
"12101","5","518210","78","0","2023","4","",38,122,124,120,3075738,125198,1305,1939,"",0.57,0.27,0.28,0.27,0.21,0.45,0.51,0.78,"",4,11.8,-4,-3.2,0,0.0,-3,-2.4,325172,11.8,65385,109.3,-126,-8.8,237,13.9
"12103","5","518210","78","0","2023","4","",153,1194,1192,1184,33925625,561613,5336,2193,"",0.81,0.84,0.84,0.84,0.57,0.70,0.73,0.68,"",16,11.7,136,12.9,135,12.8,135,12.9,-4435489,-11.6,2175,0.4,-4757,-47.1,-605,-21.6
"12105","5","518210","78","0","2023","4","",32,77,75,73,2090574,26287,122,2144,"",0.41,0.09,0.09,0.09,0.08,0.05,0.03,0.85,"",5,18.5,-40,-34.2,-40,-34.8,-42,-36.5,-1762,-0.1,-32997,-55.7,-587,-82.8,753,54.1
"12107","5","518210","78","0","2023","4","N",1,0,0,0,0,0,0,0,"N",0.14,0,0,0,0,0,0,0,"N",0,0.0,0,0,0,0,0,0,0,0,0,0,0,0,0,0
"12109","5","518210","78","0","2023","4","",50,264,275,279,16113548,341543,6969,4546,"",1.02,0.87,0.90,0.91,1.47,1.78,3.89,1.64,"",4,8.7,22,9.1,26,10.4,26,10.3,5134641,46.8,180222,111.7,5693,446.2,1141,33.5
"12111","5","518210","78","0","2023","4","",16,30,31,31,606278,22045,367,1521,"",0.41,0.11,0.11,0.11,0.07,0.13,0.21,0.64,"",3,23.1,2,7.1,2,6.9,1,3.3,7658,1.3,-5698,-20.5,31,9.2,-67,-4.2
"12113","5","518210","78","0","2023","4","N",13,0,0,0,0,0,0,0,"N",0.63,0,0,0,0,0,0,0,"N",-2,-13.3,0,0,0,0,0,0,0,0,0,0,0,0,0,0
"12115","5","518210","78","0","2023","4","",84,264,265,262,6698536,153940,2382,1954,"",0.85,0.45,0.45,0.44,0.29,0.42,0.76,0.64,"",36,75.0,5,1.9,10,3.9,9,3.6,-216625,-3.1,-20071,-11.5,48,2.1,-127,-6.1
"12117","5","518210","78","0","2023","4","",75,1068,1074,1069,26960202,546466,7129,1938,"",0.91,1.61,1.62,1.61,1.06,1.41,1.99,0.66,"",4,5.6,14,1.3,16,1.5,53,5.2,2366825,9.6,-158276,-22.5,-3212,-31.1,124,6.8
"12119","5","518210","78","0","2023","4","N",6,0,0,0,0,0,0,0,"N",0.50,0,0,0,0,0,0,0,"N",2,50.0,0,0,0,0,0,0,0,0,0,0,0,0,0,0
"12121","5","518210","78","0","2023","4","N",1,0,0,0,0,0,0,0,"N",0.24,0,0,0,0,0,0,0,"N",0,0.0,0,0,0,0,0,0,0,0,0,0,0,0,0,0
"12123","5","518210","78","0","2023","4","",3,4,4,5,75099,3103,3,1333,"",1.31,0.19,0.19,0.25,0.12,0.27,0.03,0.59,"N",-1,-25.0,0,0,0,0,0,0,0,0,0,0,0,0,0,0
"12127","5","518210","78","0","2023","4","",31,103,102,103,2662332,76502,974,1995,"",0.41,0.18,0.17,0.18,0.15,0.25,0.35,0.83,"",2,6.9,5,5.1,4,4.1,2,2.0,513192,23.9,6665,9.5,-16,-1.6,325,19.5
"12129","5","518210","78","0","2023","4","N",2,0,0,0,0,0,0,0,"N",0.71,0,0,0,0,0,0,0,"N",0,0.0,0,0,0,0,0,0,0,0,0,0,0,0,0,0
"12131","5","518210","78","0","2023","4","",14,87,87,87,2570947,77597,248,2273,"",0.77,0.81,0.82,0.83,0.70,1.13,0.40,0.85,"",-2,-12.5,-50,-36.5,-46,-34.6,-44,-33.6,-1121554,-30.4,6955,9.8,-872,-77.9,148,7.0
"12133","5","518210","78","0","2023","4","N",1,0,0,0,0,0,0,0,"N",0.40,0,0,0,0,0,0,0,"N",0,0.0,0,0,0,0,0,0,0,0,0,0,0,0,0,0
"12999","5","518210","78","0","2023","4","",840,5835,5891,5841,200894779,4431635,74703,2639,"",2.66,4.08,4.09,4.05,2.26,4.41,5.65,0.55,"",-58,-6.5,-70,-1.2,-8,-0.1,-58,-1.0,12120152,6.4,-189853,-4.1,-4472,-5.6,178,7.2
"13000","5","518210","58","0","2023","4","",1982,24792,24724,24701,914603995,21307922,412149,2844,"",1.12,1.65,1.64,1.63,1.48,1.77,2.70,0.91,"",380,23.7,657,2.7,431,1.8,605,2.5,89552323,10.9,-2653766,-11.1,-33825,-7.6,219,8.3
"13001","5","518210","78","0","2023","4","N",1,0,0,0,0,0,0,0,"N",0.44,0,0,0,0,0,0,0,"N",1,100.0,0,0,0,0,0,0,0,0,0,0,0,0,0,0
"13007","5","518210","78","0","2023","4","N",1,0,0,0,0,0,0,0,"N",3.32,0,0,0,0,0,0,0,"N",0,0.0,0,0,0,0,0,0,0,0,0,0,0,0,0,0
"13009","5","518210","78","0","2023","4","N",1,0,0,0,0,0,0,0,"N",0.22,0,0,0,0,0,0,0,"N",0,0.0,0,0,0,0,0,0,0,0,0,0,0,0,0,0
"13013","5","518210","78","0","2023","4","N",1,0,0,0,0,0,0,0,"N",0.13,0,0,0,0,0,0,0,"N",0,0.0,0,0,0,0,0,0,0,0,0,0,0,0,0,0
"13015","5","518210","78","0","2023","4","N",2,0,0,0,0,0,0,0,"N",0.15,0,0,0,0,0,0,0,"N",0,0.0,0,0,0,0,0,0,0,0,0,0,0,0,0,0
"13021","5","518210","78","0","2023","4","",9,56,57,56,1753336,15288,400,2394,"",0.40,0.23,0.23,0.22,0.21,0.09,0.20,0.93,"N",-2,-18.2,0,0,0,0,0,0,0,0,0,0,0,0,0,0
"13025","5","518210","78","0","2023","4","N",1,0,0,0,0,0,0,0,"N",0.83,0,0,0,0,0,0,0,"N",0,0.0,0,0,0,0,0,0,0,0,0,0,0,0,0,0
"13031","5","518210","78","0","2023","4","N",1,0,0,0,0,0,0,0,"N",0.11,0,0,0,0,0,0,0,"N",0,0.0,0,0,0,0,0,0,0,0,0,0,0,0,0,0
"13033","5","518210","78","0","2023","4","N",1,0,0,0,0,0,0,0,"N",0.44,0,0,0,0,0,0,0,"N",1,100.0,0,0,0,0,0,0,0,0,0,0,0,0,0,0
"13045","5","518210","78","0","2023","4","N",7,0,0,0,0,0,0,0,"N",0.56,0,0,0,0,0,0,0,"N",1,16.7,0,0,0,0,0,0,0,0,0,0,0,0,0,0
"13047","5","518210","78","0","2023","4","N",1,0,0,0,0,0,0,0,"N",0.18,0,0,0,0,0,0,0,"N",0,0.0,0,0,0,0,0,0,0,0,0,0,0,0,0,0
"13051","5","518210","78","0","2023","4","N",15,0,0,0,0,0,0,0,"N",0.31,0,0,0,0,0,0,0,"N",6,66.7,0,0,0,0,0,0,0,0,0,0,0,0,0,0
"13053","5","518210","78","0","2023","4","N",1,0,0,0,0,0,0,0,"N",1.57,0,0,0,0,0,0,0,"N",1,100.0,0,0,0,0,0,0,0,0,0,0,0,0,0,0
"13057","5","518210","78","0","2023","4","",25,118,119,116,3351818,259549,3789,2191,"",0.71,0.52,0.52,0.51,0.45,1.34,1.64,0.86,"",3,13.6,3,2.6,4,3.5,4,3.6,1010918,43.2,36662,16.4,-1793,-32.1,611,38.7
"13059","5","518210","78","0","2023","4","",9,108,111,116,7541938,99685,2662,5195,"",0.50,0.46,0.47,0.50,0.95,0.70,1.51,1.99,"N",3,50.0,0,0,0,0,0,0,0,0,0,0,0,0,0,0
"13063","5","518210","78","0","2023","4","",12,194,190,181,2997417,77259,1627,1224,"",0.49,0.47,0.46,0.44,0.17,0.24,0.44,0.38,"",5,71.4,-4,-2.0,-14,-6.9,-21,-10.4,225694,8.1,-120668,-61.0,-704,-30.2,165,15.6
"13067","5","518210","78","0","2023","4","",114,1817,1823,1831,48097677,1046819,22031,2029,"",0.89,1.51,1.52,1.52,0.88,1.04,1.78,0.58,"",7,6.5,152,9.1,131,7.7,160,9.6,-2664411,-5.2,-156611,-13.0,-4231,-16.1,-301,-12.9
"13069","5","518210","78","0","2023","4","N",1,0,0,0,0,0,0,0,"N",0.21,0,0,0,0,0,0,0,"N",1,100.0,0,0,0,0,0,0,0,0,0,0,0,0,0,0
"13073","5","518210","78","0","2023","4","",8,29,33,33,709347,69283,1493,1723,"",0.51,0.24,0.27,0.27,0.19,0.71,1.29,0.71,"",0,0.0,-44,-60.3,-39,-54.2,-42,-56.0,-755103,-51.6,-23279,-25.1,914,157.9,187,12.2
"13077","5","518210","78","0","2023","4","N",4,0,0,0,0,0,0,0,"N",0.24,0,0,0,0,0,0,0,"N",2,100.0,0,0,0,0,0,0,0,0,0,0,0,0,0,0
"13085","5","518210","78","0","2023","4","N",3,0,0,0,0,0,0,0,"N",0.65,0,0,0,0,0,0,0,"N",2,200.0,0,0,0,0,0,0,0,0,0,0,0,0,0,0
"13089","5","518210","78","0","2023","4","",86,1295,1343,1351,33379373,1037264,20804,1931,"",0.80,1.32,1.37,1.38,0.76,1.51,2.38,0.56,"",11,14.7,208,19.1,254,23.3,246,22.3,4373596,15.1,182061,21.3,4483,27.5,-109,-5.3
"13095","5","518210","78","0","2023","4","N",2,0,0,0,0,0,0,0,"N",0.17,0,0,0,0,0,0,0,"N",0,0.0,0,0,0,0,0,0,0,0,0,0,0,0,0,0
"13097","5","518210","78","0","2023","4","",10,168,165,167,7540850,180747,2500,3480,"",0.62,1.07,1.03,1.04,1.38,1.11,1.61,1.31,"",3,42.9,142,546.2,134,432.3,142,568.0,7266649,2650.1,152868,548.3,2388,2132.1,2708,350.8
"13103","5","518210","78","0","2023","4","N",1,0,0,0,0,0,0,0,"N",0.19,0,0,0,0,0,0,0,"N",0,0.0,0,0,0,0,0,0,0,0,0,0,0,0,0,0
"13107","5","518210","78","0","2023","4","N",2,0,0,0,0,0,0,0,"N",0.92,0,0,0,0,0,0,0,"N",0,0.0,0,0,0,0,0,0,0,0,0,0,0,0,0,0
"13113","5","518210","78","0","2023","4","",8,14,14,12,319378,23188,509,1843,"",0.36,0.09,0.09,0.08,0.06,0.18,0.29,0.69,"N",3,60.0,0,0,0,0,0,0,0,0,0,0,0,0,0,0
"13115","5","518210","78","0","2023","4","N",1,0,0,0,0,0,0,0,"N",0.09,0,0,0,0,0,0,0,"N",1,100.0,0,0,0,0,0,0,0,0,0,0,0,0,0,0
"13117","5","518210","78","0","2023","4","",41,1071,1059,1061,18413700,497227,6059,1332,"",1.08,3.99,3.95,3.93,1.75,2.28,2.09,0.44,"",8,24.2,-150,-12.3,-182,-14.7,-171,-13.9,-1926780,-9.5,-648305,-56.6,-11774,-66.0,61,4.8
"13121","5","518210","78","0","2023","4","",457,11240,11169,11106,499666928,7947440,144906,3440,"",1.51,3.85,3.79,3.77,3.02,3.49,4.74,0.79,"",89,24.2,-683,-5.7,-694,-5.9,-634,-5.4,17888643,3.7,-1176859,-12.9,-1754,-1.2,310,9.9
"13123","5","518210","78","0","2023","4","N",1,0,0,0,0,0,0,0,"N",0.27,0,0,0,0,0,0,0,"N",0,0.0,0,0,0,0,0,0,0,0,0,0,0,0,0,0
"13127","5","518210","78","0","2023","4","",4,22,22,24,442921,22639,280,1503,"",0.26,0.17,0.17,0.19,0.11,0.23,0.25,0.61,"N",3,300.0,0,0,0,0,0,0,0,0,0,0,0,0,0,0
"13129","5","518210","78","0","2023","4","N",1,0,0,0,0,0,0,0,"N",0.18,0,0,0,0,0,0,0,"N",0,0.0,0,0,0,0,0,0,0,0,0,0,0,0,0,0
"13131","5","518210","78","0","2023","4","N",1,0,0,0,0,0,0,0,"N",0.38,0,0,0,0,0,0,0,"N",0,0.0,0,0,0,0,0,0,0,0,0,0,0,0,0,0
"13133","5","518210","78","0","2023","4","N",1,0,0,0,0,0,0,0,"N",0.36,0,0,0,0,0,0,0,"N",1,100.0,0,0,0,0,0,0,0,0,0,0,0,0,0,0
"13135","5","518210","78","0","2023","4","",120,1761,1772,1766,73202769,1379637,20955,3188,"",0.78,1.47,1.48,1.48,1.53,1.36,1.63,1.04,"",10,9.1,131,8.0,143,8.8,152,9.4,11743761,19.1,305855,28.5,3716,21.6,278,9.6
"13139","5","518210","78","0","2023","4","",10,49,44,47,861541,35243,825,1420,"",0.37,0.15,0.14,0.15,0.07,0.14,0.29,0.48,"",3,42.9,16,48.5,11,33.3,14,42.4,96101,12.6,20789,143.8,694,529.8,-364,-20.4
"13143","5","518210","78","0","2023","4","N",1,0,0,0,0,0,0,0,"N",0.36,0,0,0,0,0,0,0,"N",0,0.0,0,0,0,0,0,0,0,0,0,0,0,0,0,0
"13145","5","518210","78","0","2023","4","N",1,0,0,0,0,0,0,0,"N",0.38,0,0,0,0,0,0,0,"N",-2,-66.7,0,0,0,0,0,0,0,0,0,0,0,0,0,0
"13151","5","518210","78","0","2023","4","",11,32,31,35,1063060,69496,1974,2503,"",0.43,0.14,0.13,0.15,0.15,0.33,0.72,1.06,"",3,37.5,-10,-23.8,-15,-32.6,-4,-10.3,-317119,-23.0,5204,8.1,557,39.3,-5,-0.2
"13153","5","518210","78","0","2023","4","N",3,0,0,0,0,0,0,0,"N",0.19,0,0,0,0,0,0,0,"N",0,0.0,0,0,0,0,0,0,0,0,0,0,0,0,0,0
"13157","5","518210","78","0","2023","4","",6,16,14,14,286618,0,0,1503,"",0.63,0.11,0.09,0.09,0.06,0.00,0.00,0.67,"N",1,20.0,0,0,0,0,0,0,0,0,0,0,0,0,0,0
"13161","5","518210","78","0","2023","4","N",1,0,0,0,0,0,0,0,"N",0.79,0,0,0,0,0,0,0,"N",0,0.0,0,0,0,0,0,0,0,0,0,0,0,0,0,0
"13163","5","518210","78","0","2023","4","N",1,0,0,0,0,0,0,0,"N",0.55,0,0,0,0,0,0,0,"N",0,0.0,0,0,0,0,0,0,0,0,0,0,0,0,0,0
"13175","5","518210","78","0","2023","4","N",1,0,0,0,0,0,0,0,"N",0.18,0,0,0,0,0,0,0,"N",1,100.0,0,0,0,0,0,0,0,0,0,0,0,0,0,0
"13177","5","518210","78","0","2023","4","N",1,0,0,0,0,0,0,0,"N",0.36,0,0,0,0,0,0,0,"N",0,0.0,0,0,0,0,0,0,0,0,0,0,0,0,0,0
"13179","5","518210","78","0","2023","4","N",1,0,0,0,0,0,0,0,"N",0.20,0,0,0,0,0,0,0,"N",0,0.0,0,0,0,0,0,0,0,0,0,0,0,0,0,0
"13185","5","518210","78","0","2023","4","N",3,0,0,0,0,0,0,0,"N",0.20,0,0,0,0,0,0,0,"N",0,0.0,0,0,0,0,0,0,0,0,0,0,0,0,0,0
"13187","5","518210","78","0","2023","4","N",4,0,0,0,0,0,0,0,"N",1.25,0,0,0,0,0,0,0,"N",1,33.3,0,0,0,0,0,0,0,0,0,0,0,0,0,0
"13189","5","518210","78","0","2023","4","N",1,0,0,0,0,0,0,0,"N",0.44,0,0,0,0,0,0,0,"N",1,100.0,0,0,0,0,0,0,0,0,0,0,0,0,0,0
"13197","5","518210","78","0","2023","4","N",1,0,0,0,0,0,0,0,"N",1.72,0,0,0,0,0,0,0,"N",1,100.0,0,0,0,0,0,0,0,0,0,0,0,0,0,0
"13215","5","518210","78","0","2023","4","",11,74,74,77,1218164,68698,859,1249,"",0.44,0.26,0.26,0.27,0.14,0.37,0.38,0.51,"",4,57.1,-40,-35.1,-38,-33.9,-35,-31.2,-106552,-8.0,11624,20.4,-57,-6.2,345,38.2
"13217","5","518210","78","0","2023","4","N",1,0,0,0,0,0,0,0,"N",0.10,0,0,0,0,0,0,0,"N",-1,-50.0,0,0,0,0,0,0,0,0,0,0,0,0,0,0
"13223","5","518210","78","0","2023","4","",5,9,9,9,219894,846,8,1879,"",0.38,0.10,0.10,0.10,0.08,0.01,0.01,0.83,"",-1,-16.7,-1,-10.0,-2,-18.2,-2,-18.2,-73956,-25.2,-10672,-92.7,-18,-69.2,-240,-11.3
"13231","5","518210","78","0","2023","4","N",1,0,0,0,0,0,0,0,"N",0.59,0,0,0,0,0,0,0,"N",0,0.0,0,0,0,0,0,0,0,0,0,0,0,0,0,0
"13245","5","518210","78","0","2023","4","",13,102,104,106,1969264,146823,3215,1457,"",0.55,0.32,0.32,0.33,0.18,0.71,1.38,0.55,"",5,62.5,56,121.7,38,57.6,48,82.8,1463301,289.2,-58584,-28.5,-2306,-41.8,770,112.1
"13247","5","518210","78","0","2023","4","N",2,0,0,0,0,0,0,0,"N",0.16,0,0,0,0,0,0,0,"N",1,100.0,0,0,0,0,0,0,0,0,0,0,0,0,0,0
"13251","5","518210","78","0","2023","4","N",1,0,0,0,0,0,0,0,"N",0.73,0,0,0,0,0,0,0,"N",0,0.0,0,0,0,0,0,0,0,0,0,0,0,0,0,0
"13255","5","518210","78","0","2023","4","N",2,0,0,0,0,0,0,0,"N",0.29,0,0,0,0,0,0,0,"N",1,100.0,0,0,0,0,0,0,0,0,0,0,0,0,0,0
"13257","5","518210","78","0","2023","4","N",1,0,0,0,0,0,0,0,"N",0.35,0,0,0,0,0,0,0,"N",1,100.0,0,0,0,0,0,0,0,0,0,0,0,0,0,0
"13261","5","518210","78","0","2023","4","N",1,0,0,0,0,0,0,0,"N",0.29,0,0,0,0,0,0,0,"N",1,100.0,0,0,0,0,0,0,0,0,0,0,0,0,0,0
"13277","5","518210","78","0","2023","4","N",1,0,0,0,0,0,0,0,"N",0.18,0,0,0,0,0,0,0,"N",0,0.0,0,0,0,0,0,0,0,0,0,0,0,0,0,0
"13285","5","518210","78","0","2023","4","N",3,0,0,0,0,0,0,0,"N",0.35,0,0,0,0,0,0,0,"N",2,200.0,0,0,0,0,0,0,0,0,0,0,0,0,0,0
"13287","5","518210","78","0","2023","4","N",1,0,0,0,0,0,0,0,"N",1.03,0,0,0,0,0,0,0,"N",0,0.0,0,0,0,0,0,0,0,0,0,0,0,0,0,0
"13291","5","518210","78","0","2023","4","N",1,0,0,0,0,0,0,0,"N",0.29,0,0,0,0,0,0,0,"N",0,0.0,0,0,0,0,0,0,0,0,0,0,0,0,0,0
"13295","5","518210","78","0","2023","4","N",1,0,0,0,0,0,0,0,"N",0.24,0,0,0,0,0,0,0,"N",0,0.0,0,0,0,0,0,0,0,0,0,0,0,0,0,0
"13297","5","518210","78","0","2023","4","N",3,0,0,0,0,0,0,0,"N",0.28,0,0,0,0,0,0,0,"N",2,200.0,0,0,0,0,0,0,0,0,0,0,0,0,0,0
"13303","5","518210","78","0","2023","4","N",2,0,0,0,0,0,0,0,"N",1.00,0,0,0,0,0,0,0,"N",2,100.0,0,0,0,0,0,0,0,0,0,0,0,0,0,0
"13321","5","518210","78","0","2023","4","N",1,0,0,0,0,0,0,0,"N",0.58,0,0,0,0,0,0,0,"N",1,100.0,0,0,0,0,0,0,0,0,0,0,0,0,0,0
"13999","5","518210","78","0","2023","4","",931,6102,6050,6056,199892374,7888112,170033,2533,"",3.72,8.90,8.82,8.82,4.95,9.97,11.88,0.56,"",201,27.5,846,16.1,667,12.4,696,13.0,45559131,29.5,-1053408,-11.8,-19973,-10.5,307,13.8
"15000","3","518210","58","0","2023","4","N",1,0,0,0,0,0,0,0,"N",2.16,0,0,0,0,0,0,0,"N",0,0.0,0,0,0,0,0,0,0,0,0,0,0,0,0,0
"15000","5","518210","58","0","2023","4","",403,575,657,581,28722428,3887645,117417,3656,"",1.57,0.29,0.33,0.29,0.37,0.48,0.53,1.20,"",23,6.1,-64,-10.0,34,5.5,-52,-8.2,5721853,24.9,422777,12.2,33387,39.7,855,30.5
"15001","5","518210","78","0","2023","4","N",53,0,0,0,0,0,0,0,"N",1.66,0,0,0,0,0,0,0,"N",0,0.0,0,0,0,0,0,0,0,0,0,0,0,0,0,0
"15003","3","518210","78","0","2023","4","N",1,0,0,0,0,0,0,0,"N",4.00,0,0,0,0,0,0,0,"N",0,0.0,0,0,0,0,0,0,0,0,0,0,0,0,0,0
"15003","5","518210","78","0","2023","4","",263,432,435,440,16077555,2532051,78078,2839,"",1.89,0.31,0.31,0.31,0.28,0.46,0.54,0.90,"",26,11.0,-41,-8.7,-29,-6.2,-22,-4.8,-666335,-4.0,134692,5.6,19112,32.4,77,2.8
"15007","5","518210","78","0","2023","4","N",17,0,0,0,0,0,0,0,"N",1.12,0,0,0,0,0,0,0,"N",0,0.0,0,0,0,0,0,0,0,0,0,0,0,0,0,0
"15009","5","518210","78","0","2023","4","",60,72,149,67,2789109,700476,19489,2235,"",1.73,0.33,0.67,0.30,0.35,0.66,0.66,0.80,"",-2,-3.2,-9,-11.1,75,101.4,-21,-23.9,10338,0.4,192357,37.9,6409,49.0,-404,-15.3
"15999","5","518210","78","0","2023","4","N",10,0,0,0,0,0,0,0,"N",0.27,0,0,0,0,0,0,0,"N",-1,-9.1,0,0,0,0,0,0,0,0,0,0,0,0,0,0
"16000","3","518210","58","0","2023","4","",1,7,7,6,29897,12650,44,345,"",1.28,0.44,0.44,0.39,0.11,1.24,11.50,0.27,"",0,0.0,1,16.7,-1,-12.5,-1,-14.3,1377,4.8,400,3.3,2,4.8,32,10.2
"16000","5","518210","58","0","2023","4","",748,1224,1231,1252,40814219,6570163,56062,2541,"",1.72,0.46,0.46,0.47,0.44,0.62,0.80,0.95,"",187,33.3,281,29.8,209,20.5,219,21.2,6222964,18.0,244640,3.9,6396,12.9,-122,-4.6
"16001","5","518210","78","0","2023","4","",167,521,515,527,17952622,2347750,18376,2651,"",1.47,0.59,0.58,0.59,0.49,0.68,0.82,0.84,"",38,29.5,158,43.5,75,17.0,90,20.6,2872845,19.1,-486347,-17.2,-1424,-7.2,-155,-5.5
"16003","5","518210","78","0","2023","4","N",1,0,0,0,0,0,0,0,"N",1.10,0,0,0,0,0,0,0,"N",0,0.0,0,0,0,0,0,0,0,0,0,0,0,0,0,0
"16005","5","518210","78","0","2023","4","N",9,0,0,0,0,0,0,0,"N",0.64,0,0,0,0,0,0,0,"N",2,28.6,0,0,0,0,0,0,0,0,0,0,0,0,0,0
"16007","5","518210","78","0","2023","4","N",1,0,0,0,0,0,0,0,"N",0.83,0,0,0,0,0,0,0,"N",0,0.0,0,0,0,0,0,0,0,0,0,0,0,0,0,0
"16009","5","518210","78","0","2023","4","N",1,0,0,0,0,0,0,0,"N",0.54,0,0,0,0,0,0,0,"N",0,0.0,0,0,0,0,0,0,0,0,0,0,0,0,0,0
"16011","5","518210","78","0","2023","4","N",1,0,0,0,0,0,0,0,"N",0.15,0,0,0,0,0,0,0,"N",1,100.0,0,0,0,0,0,0,0,0,0,0,0,0,0,0
"16013","5","518210","78","0","2023","4","",10,42,42,43,773624,261967,1910,1406,"",1.02,0.95,0.97,0.93,0.46,1.33,1.38,0.49,"",4,66.7,7,20.0,5,13.5,8,22.9,348873,82.1,27170,11.6,277,17.0,490,53.5
"16015","5","518210","78","0","2023","4","N",1,0,0,0,0,0,0,0,"N",0.87,0,0,0,0,0,0,0,"N",1,100.0,0,0,0,0,0,0,0,0,0,0,0,0,0,0
"16017","5","518210","78","0","2023","4","",11,19,19,21,735027,174848,1656,2875,"",1.02,0.39,0.38,0.42,0.48,0.82,1.06,1.22,"",3,37.5,7,58.3,7,58.3,9,75.0,509842,226.4,128440,276.8,1224,283.3,1432,99.2
"16019","5","518210","78","0","2023","4","N",17,0,0,0,0,0,0,0,"N",0.70,0,0,0,0,0,0,0,"N",4,30.8,0,0,0,0,0,0,0,0,0,0,0,0,0,0
"16021","5","518210","78","0","2023","4","N",1,0,0,0,0,0,0,0,"N",0.39,0,0,0,0,0,0,0,"N",1,100.0,0,0,0,0,0,0,0,0,0,0,0,0,0,0
"16027","5","518210","78","0","2023","4","",24,26,25,27,749848,179209,1755,2218,"",0.64,0.09,0.09,0.10,0.09,0.15,0.21,0.95,"N",12,100.0,0,0,0,0,0,0,0,0,0,0,0,0,0,0
"16031","5","518210","78","0","2023","4","N",3,0,0,0,0,0,0,0,"N",0.61,0,0,0,0,0,0,0,"N",-1,-25.0,0,0,0,0,0,0,0,0,0,0,0,0,0,0
"16041","5","518210","78","0","2023","4","N",2,0,0,0,0,0,0,0,"N",0.84,0,0,0,0,0,0,0,"N",0,0.0,0,0,0,0,0,0,0,0,0,0,0,0,0,0
"16045","5","518210","78","0","2023","4","-",0,0,0,0,0,0,0,0,"N",0.00,0,0,0,0,0,0,0,"N",-1,-100.0,0,0,0,0,0,0,0,0,0,0,0,0,0,0
"16047","5","518210","78","0","2023","4","N",1,0,0,0,0,0,0,0,"N",0.37,0,0,0,0,0,0,0,"N",0,0.0,0,0,0,0,0,0,0,0,0,0,0,0,0,0
"16049","5","518210","78","0","2023","4","N",1,0,0,0,0,0,0,0,"N",0.32,0,0,0,0,0,0,0,"N",1,100.0,0,0,0,0,0,0,0,0,0,0,0,0,0,0
"16051","5","518210","78","0","2023","4","N",2,0,0,0,0,0,0,0,"N",0.41,0,0,0,0,0,0,0,"N",1,100.0,0,0,0,0,0,0,0,0,0,0,0,0,0,0
"16053","3","518210","78","0","2023","4","",1,7,7,6,29897,12650,44,345,"",138.33,31.67,31.94,28.03,9.45,68.93,753.88,0.31,"",0,0.0,1,16.7,-1,-12.5,-1,-14.3,1377,4.8,400,3.3,2,4.8,32,10.2
"16053","5","518210","78","0","2023","4","N",1,0,0,0,0,0,0,0,"N",0.25,0,0,0,0,0,0,0,"N",1,100.0,0,0,0,0,0,0,0,0,0,0,0,0,0,0
"16055","5","518210","78","0","2023","4","",34,50,50,51,1847966,187021,1543,2824,"",0.92,0.22,0.23,0.23,0.26,0.20,0.24,1.13,"",13,61.9,13,35.1,12,31.6,12,30.8,259483,16.3,75210,67.3,529,52.2,-392,-12.2
"16057","5","518210","78","0","2023","4","",8,45,47,49,892343,217808,1791,1460,"",1.27,0.99,1.03,1.08,0.70,1.78,2.38,0.67,"",2,33.3,17,60.7,19,67.9,20,69.0,206684,30.1,116519,115.0,1139,174.7,-402,-21.6
"16059","5","518210","78","0","2023","4","N",1,0,0,0,0,0,0,0,"N",0.51,0,0,0,0,0,0,0,"N",1,100.0,0,0,0,0,0,0,0,0,0,0,0,0,0,0
"16065","5","518210","78","0","2023","4","",7,10,10,10,138542,36038,322,1066,"",0.98,0.18,0.18,0.18,0.10,0.21,0.30,0.55,"",2,40.0,3,42.9,3,42.9,3,42.9,-1677,-1.2,-2764,-7.1,-66,-17.0,-475,-30.8
"16067","5","518210","78","0","2023","4","N",2,0,0,0,0,0,0,0,"N",0.58,0,0,0,0,0,0,0,"N",1,100.0,0,0,0,0,0,0,0,0,0,0,0,0,0,0
"16069","5","518210","78","0","2023","4","N",2,0,0,0,0,0,0,0,"N",0.30,0,0,0,0,0,0,0,"N",0,0.0,0,0,0,0,0,0,0,0,0,0,0,0,0,0
"16071","5","518210","78","0","2023","4","N",1,0,0,0,0,0,0,0,"N",1.29,0,0,0,0,0,0,0,"N",0,0.0,0,0,0,0,0,0,0,0,0,0,0,0,0,0
"16075","5","518210","78","0","2023","4","N",3,0,0,0,0,0,0,0,"N",0.81,0,0,0,0,0,0,0,"N",0,0.0,0,0,0,0,0,0,0,0,0,0,0,0,0,0
"16079","5","518210","78","0","2023","4","N",2,0,0,0,0,0,0,0,"N",0.91,0,0,0,0,0,0,0,"N",0,0.0,0,0,0,0,0,0,0,0,0,0,0,0,0,0
"16081","5","518210","78","0","2023","4","N",4,0,0,0,0,0,0,0,"N",1.08,0,0,0,0,0,0,0,"N",1,33.3,0,0,0,0,0,0,0,0,0,0,0,0,0,0
"16083","5","518210","78","0","2023","4","N",5,0,0,0,0,0,0,0,"N",0.29,0,0,0,0,0,0,0,"N",1,25.0,0,0,0,0,0,0,0,0,0,0,0,0,0,0
"16999","5","518210","78","0","2023","4","",425,405,417,418,14197099,2535165,23836,2642,"",5.78,5.44,5.57,5.51,3.28,7.51,8.33,0.59,"",100,30.8,46,12.8,53,14.6,42,11.2,701008,5.2,291836,13.0,3492,17.2,-192,-6.8
"17000","5","518210","58","0","2023","4","",1647,15428,15416,15534,664285276,12510213,307600,3305,"",0.90,0.82,0.82,0.83,0.78,0.78,0.66,0.95,"",151,10.1,274,1.8,308,2.0,451,3.0,86008586,14.9,-286637,-2.2,-24842,-7.5,362,12.3
"17001","5","518210","78","0","2023","4","N",1,0,0,0,0,0,0,0,"N",0.13,0,0,0,0,0,0,0,"N",0,0.0,0,0,0,0,0,0,0,0,0,0,0,0,0,0
"17007","5","518210","78","0","2023","4","N",1,0,0,0,0,0,0,0,"N",0.25,0,0,0,0,0,0,0,"N",-1,-50.0,0,0,0,0,0,0,0,0,0,0,0,0,0,0
"17019","5","518210","78","0","2023","4","",18,295,296,299,7533272,364685,8353,1953,"",0.95,0.99,1.00,1.02,0.70,1.74,1.45,0.70,"",1,5.9,4,1.4,4,1.4,12,4.2,2873766,61.7,-54049,-12.9,438,5.5,717,58.0
"17021","5","518210","78","0","2023","4","N",1,0,0,0,0,0,0,0,"N",0.30,0,0,0,0,0,0,0,"N",0,0.0,0,0,0,0,0,0,0,0,0,0,0,0,0,0
"17031","5","518210","78","0","2023","4","",398,8678,8660,8695,385406224,5415045,113444,3416,"",0.63,1.08,1.08,1.09,0.95,0.82,0.57,0.88,"",35,9.6,3,0.0,26,0.3,125,1.5,44811131,13.2,73701,1.4,-13726,-10.8,379,12.5
"17043","5","518210","78","0","2023","4","",87,1702,1703,1713,68877100,933516,24247,3106,"",0.55,0.88,0.88,0.88,0.76,0.55,0.50,0.86,"",-1,-1.1,-265,-13.5,-196,-10.3,-202,-10.5,-5359402,-7.2,27435,3.0,2463,11.3,143,4.8
"17053","5","518210","78","0","2023","4","N",1,0,0,0,0,0,0,0,"N",0.61,0,0,0,0,0,0,0,"N",0,0.0,0,0,0,0,0,0,0,0,0,0,0,0,0,0
"17057","5","518210","78","0","2023","4","N",1,0,0,0,0,0,0,0,"N",0.34,0,0,0,0,0,0,0,"N",0,0.0,0,0,0,0,0,0,0,0,0,0,0,0,0,0
"17065","5","518210","78","0","2023","4","N",2,0,0,0,0,0,0,0,"N",2.18,0,0,0,0,0,0,0,"N",0,0.0,0,0,0,0,0,0,0,0,0,0,0,0,0,0
"17073","5","518210","78","0","2023","4","N",1,0,0,0,0,0,0,0,"N",0.21,0,0,0,0,0,0,0,"N",0,0.0,0,0,0,0,0,0,0,0,0,0,0,0,0,0
"17077","5","518210","78","0","2023","4","N",1,0,0,0,0,0,0,0,"N",0.19,0,0,0,0,0,0,0,"N",-1,-50.0,0,0,0,0,0,0,0,0,0,0,0,0,0,0
"17089","5","518210","78","0","2023","4","",20,32,31,32,1251991,45102,883,3041,"",0.34,0.05,0.05,0.05,0.05,0.07,0.05,1.04,"",-1,-4.8,-8,-20.0,-8,-20.5,-13,-28.9,-644303,-34.0,-19701,-30.4,-877,-49.8,-488,-13.8
"17091","5","518210","78","0","2023","4","N",1,0,0,0,0,0,0,0,"N",0.10,0,0,0,0,0,0,0,"N",0,0.0,0,0,0,0,0,0,0,0,0,0,0,0,0,0
"17093","5","518210","78","0","2023","4","N",2,0,0,0,0,0,0,0,"N",0.18,0,0,0,0,0,0,0,"N",1,100.0,0,0,0,0,0,0,0,0,0,0,0,0,0,0
"17097","5","518210","78","0","2023","4","",37,137,136,141,7743501,66000,954,4316,"",0.40,0.13,0.13,0.14,0.13,0.08,0.04,0.98,"",0,0.0,-9,-6.2,-11,-7.5,-9,-6.0,-1006144,-11.5,-157787,-70.5,-4671,-83.0,-242,-5.3
"17107","5","518210","78","0","2023","4","N",1,0,0,0,0,0,0,0,"N",0.40,0,0,0,0,0,0,0,"N",0,0.0,0,0,0,0,0,0,0,0,0,0,0,0,0,0
"17111","5","518210","78","0","2023","4","",8,15,15,15,424463,10277,402,2177,"",0.22,0.05,0.05,0.05,0.04,0.04,0.05,0.86,"N",1,14.3,0,0,0,0,0,0,0,0,0,0,0,0,0,0
"17113","5","518210","78","0","2023","4","N",3,0,0,0,0,0,0,0,"N",0.20,0,0,0,0,0,0,0,"N",-3,-50.0,0,0,0,0,0,0,0,0,0,0,0,0,0,0
"17115","5","518210","78","0","2023","4","N",1,0,0,0,0,0,0,0,"N",0.11,0,0,0,0,0,0,0,"N",0,0.0,0,0,0,0,0,0,0,0,0,0,0,0,0,0
"17119","5","518210","78","0","2023","4","",9,73,78,79,2191223,197366,2512,2199,"",0.37,0.23,0.24,0.25,0.20,0.63,0.29,0.84,"",4,80.0,38,108.6,38,95.0,39,97.5,977786,80.6,57664,41.3,-2411,-49.0,-236,-9.7
"17121","5","518210","78","0","2023","4","N",1,0,0,0,0,0,0,0,"N",0.27,0,0,0,0,0,0,0,"N",0,0.0,0,0,0,0,0,0,0,0,0,0,0,0,0,0
"17131","5","518210","78","0","2023","4","N",1,0,0,0,0,0,0,0,"N",0.72,0,0,0,0,0,0,0,"N",0,0.0,0,0,0,0,0,0,0,0,0,0,0,0,0,0
"17133","5","518210","78","0","2023","4","N",2,0,0,0,0,0,0,0,"N",0.53,0,0,0,0,0,0,0,"N",1,100.0,0,0,0,0,0,0,0,0,0,0,0,0,0,0
"17141","5","518210","78","0","2023","4","N",1,0,0,0,0,0,0,0,"N",0.21,0,0,0,0,0,0,0,"N",0,0.0,0,0,0,0,0,0,0,0,0,0,0,0,0,0
"17143","5","518210","78","0","2023","4","N",2,0,0,0,0,0,0,0,"N",0.11,0,0,0,0,0,0,0,"N",-1,-33.3,0,0,0,0,0,0,0,0,0,0,0,0,0,0
"17161","5","518210","78","0","2023","4","N",3,0,0,0,0,0,0,0,"N",0.23,0,0,0,0,0,0,0,"N",0,0.0,0,0,0,0,0,0,0,0,0,0,0,0,0,0
"17163","5","518210","78","0","2023","4","",5,20,20,21,704798,12029,588,2666,"",0.23,0.07,0.07,0.07,0.07,0.05,0.08,1.02,"N",-1,-16.7,0,0,0,0,0,0,0,0,0,0,0,0,0,0
"17167","5","518210","78","0","2023","4","",11,171,171,170,3948610,53594,1936,1780,"",0.49,0.43,0.42,0.42,0.25,0.23,0.29,0.58,"",1,10.0,2,1.2,0,0.0,5,3.0,486313,14.0,-87741,-62.1,182,10.4,198,12.5
"17177","5","518210","78","0","2023","4","N",1,0,0,0,0,0,0,0,"N",0.22,0,0,0,0,0,0,0,"N",0,0.0,0,0,0,0,0,0,0,0,0,0,0,0,0,0
"17179","5","518210","78","0","2023","4","N",3,0,0,0,0,0,0,0,"N",0.26,0,0,0,0,0,0,0,"N",1,50.0,0,0,0,0,0,0,0,0,0,0,0,0,0,0
"17183","5","518210","78","0","2023","4","-",0,0,0,0,0,0,0,0,"N",0.00,0,0,0,0,0,0,0,"N",-1,-100.0,0,0,0,0,0,0,0,0,0,0,0,0,0,0
"17197","5","518210","78","0","2023","4","",23,91,92,95,2271819,110318,2593,1886,"",0.31,0.11,0.11,0.12,0.08,0.13,0.10,0.68,"",2,9.5,4,4.6,3,3.4,3,3.3,88840,4.1,-39676,-26.5,-1242,-32.4,6,0.3
"17201","5","518210","78","0","2023","4","N",5,0,0,0,0,0,0,0,"N",0.19,0,0,0,0,0,0,0,"N",0,0.0,0,0,0,0,0,0,0,0,0,0,0,0,0,0
"17999","5","518210","78","0","2023","4","",995,4014,4017,4066,179283502,5105830,147477,3420,"",2.82,5.61,5.60,5.69,3.79,5.50,4.56,0.67,"",117,13.3,546,15.7,489,13.9,515,14.5,43500681,32.0,-104387,-2.0,-815,-0.5,449,15.1
"18000","5","518210","58","0","2023","4","",669,3628,3621,3634,89775246,2654630,44609,1904,"",0.78,0.37,0.37,0.37,0.25,0.37,0.42,0.69,"",43,6.9,159,4.6,168,4.9,141,4.0,9439915,11.8,-15560,-0.6,-13994,-23.9,124,7.0
"18001","5","518210","78","0","2023","4","N",2,0,0,0,0,0,0,0,"N",0.58,0,0,0,0,0,0,0,"N",0,0.0,0,0,0,0,0,0,0,0,0,0,0,0,0,0
"18003","5","518210","78","0","2023","4","",19,69,65,65,2210051,32323,976,2563,"",0.41,0.11,0.11,0.11,0.10,0.08,0.17,0.97,"",0,0.0,10,16.9,4,6.6,2,3.2,173796,8.5,-13586,-29.6,-1014,-51.0,-5,-0.2
"18005","5","518210","78","0","2023","4","",4,9,10,9,270886,17377,592,2233,"",0.42,0.06,0.06,0.06,0.04,0.16,0.46,0.74,"N",1,33.3,0,0,0,0,0,0,0,0,0,0,0,0,0,0
"18011","5","518210","78","0","2023","4","",7,24,25,25,814890,32714,629,2541,"",0.63,0.17,0.18,0.18,0.17,0.21,0.23,0.98,"N",3,75.0,0,0,0,0,0,0,0,0,0,0,0,0,0,0
"18017","5","518210","78","0","2023","4","N",1,0,0,0,0,0,0,0,"N",0.31,0,0,0,0,0,0,0,"N",-1,-50.0,0,0,0,0,0,0,0,0,0,0,0,0,0,0
"18019","5","518210","78","0","2023","4","",4,3,4,5,100403,6574,164,1931,"",0.28,0.02,0.02,0.03,0.02,0.04,0.07,0.79,"N",-1,-20.0,0,0,0,0,0,0,0,0,0,0,0,0,0,0
"18027","5","518210","78","0","2023","4","N",1,0,0,0,0,0,0,0,"N",0.23,0,0,0,0,0,0,0,"N",1,100.0,0,0,0,0,0,0,0,0,0,0,0,0,0,0
"18029","5","518210","78","0","2023","4","",5,27,27,27,800445,12546,314,2280,"",0.92,0.60,0.60,0.58,0.60,0.38,0.74,1.01,"N",2,66.7,0,0,0,0,0,0,0,0,0,0,0,0,0,0
"18031","5","518210","78","0","2023","4","N",1,0,0,0,0,0,0,0,"N",0.32,0,0,0,0,0,0,0,"N",0,0.0,0,0,0,0,0,0,0,0,0,0,0,0,0,0
"18033","5","518210","78","0","2023","4","N",1,0,0,0,0,0,0,0,"N",0.21,0,0,0,0,0,0,0,"N",1,100.0,0,0,0,0,0,0,0,0,0,0,0,0,0,0
"18035","5","518210","78","0","2023","4","",6,14,15,14,220060,10021,251,1181,"",0.57,0.10,0.11,0.10,0.05,0.11,0.19,0.51,"",1,20.0,3,27.3,5,50.0,4,40.0,53690,32.3,-103,-1.0,109,76.8,-57,-4.6
"18039","5","518210","78","0","2023","4","N",11,0,0,0,0,0,0,0,"N",0.47,0,0,0,0,0,0,0,"N",5,83.3,0,0,0,0,0,0,0,0,0,0,0,0,0,0
"18043","5","518210","78","0","2023","4","N",1,0,0,0,0,0,0,0,"N",0.11,0,0,0,0,0,0,0,"N",0,0.0,0,0,0,0,0,0,0,0,0,0,0,0,0,0
"18053","5","518210","78","0","2023","4","N",1,0,0,0,0,0,0,0,"N",0.18,0,0,0,0,0,0,0,"N",-1,-50.0,0,0,0,0,0,0,0,0,0,0,0,0,0,0
"18057","5","518210","78","0","2023","4","",60,257,244,251,8019774,335640,5117,2461,"",1.08,0.51,0.48,0.50,0.39,0.84,0.89,0.78,"",7,13.2,27,11.7,17,7.5,28,12.6,1523418,23.5,158922,89.9,1640,47.2,256,11.6
"18059","5","518210","78","0","2023","4","N",7,0,0,0,0,0,0,0,"N",0.79,0,0,0,0,0,0,0,"N",5,250.0,0,0,0,0,0,0,0,0,0,0,0,0,0,0
"18061","5","518210","78","0","2023","4","N",1,0,0,0,0,0,0,0,"N",0.30,0,0,0,0,0,0,0,"N",0,0.0,0,0,0,0,0,0,0,0,0,0,0,0,0,0
"18063","5","518210","78","0","2023","4","",7,19,15,18,638646,60661,1391,2834,"",0.37,0.08,0.06,0.07,0.08,0.23,0.31,1.20,"N",-1,-12.5,0,0,0,0,0,0,0,0,0,0,0,0,0,0
"18065","5","518210","78","0","2023","4","-",0,0,0,0,0,0,0,0,"N",0.00,0,0,0,0,0,0,0,"N",-1,-100.0,0,0,0,0,0,0,0,0,0,0,0,0,0,0
"18067","5","518210","78","0","2023","4","N",2,0,0,0,0,0,0,0,"N",0.24,0,0,0,0,0,0,0,"N",0,0.0,0,0,0,0,0,0,0,0,0,0,0,0,0,0
"18069","5","518210","78","0","2023","4","N",1,0,0,0,0,0,0,0,"N",0.23,0,0,0,0,0,0,0,"N",0,0.0,0,0,0,0,0,0,0,0,0,0,0,0,0,0
"18071","5","518210","78","0","2023","4","N",1,0,0,0,0,0,0,0,"N",0.22,0,0,0,0,0,0,0,"N",0,0.0,0,0,0,0,0,0,0,0,0,0,0,0,0,0
"18081","5","518210","78","0","2023","4","",11,47,47,47,1809970,19000,352,2962,"",0.59,0.23,0.23,0.23,0.30,0.10,0.13,1.30,"",0,0.0,0,0.0,3,6.8,3,6.8,149896,9.0,-32479,-63.1,-911,-72.1,124,4.4
"18083","5","518210","78","0","2023","4","N",1,0,0,0,0,0,0,0,"N",0.23,0,0,0,0,0,0,0,"N",0,0.0,0,0,0,0,0,0,0,0,0,0,0,0,0,0
"18085","5","518210","78","0","2023","4","",3,2,2,3,64523,6043,151,2127,"",0.32,0.02,0.02,0.03,0.02,0.09,0.20,0.83,"N",1,50.0,0,0,0,0,0,0,0,0,0,0,0,0,0,0
"18089","5","518210","78","0","2023","4","",20,29,29,30,862081,30426,697,2261,"",0.38,0.05,0.05,0.05,0.04,0.07,0.10,0.80,"",5,33.3,12,70.6,10,52.6,11,57.9,343518,66.2,6372,26.5,95,15.8,85,3.9
"18091","5","518210","78","0","2023","4","",6,16,16,16,256791,3910,56,1235,"",0.54,0.12,0.12,0.12,0.06,0.04,0.04,0.51,"N",0,0.0,0,0,0,0,0,0,0,0,0,0,0,0,0,0
"18093","5","518210","78","0","2023","4","-",0,0,0,0,0,0,0,0,"N",0.00,0,0,0,0,0,0,0,"N",-1,-100.0,0,0,0,0,0,0,0,0,0,0,0,0,0,0
"18095","5","518210","78","0","2023","4","",7,8,8,8,190380,9471,233,1831,"",0.64,0.06,0.06,0.06,0.05,0.11,0.21,0.80,"",1,16.7,3,60.0,2,33.3,0,0.0,46997,32.8,-21881,-69.8,-548,-70.2,90,5.2
"18097","5","518210","78","0","2023","4","",104,1564,1581,1565,34212569,850945,14206,1676,"",0.82,0.80,0.81,0.80,0.41,0.60,0.64,0.51,"",10,10.6,90,6.1,114,7.8,73,4.9,3029608,9.7,177893,26.4,804,6.0,53,3.3
"18105","5","518210","78","0","2023","4","N",7,0,0,0,0,0,0,0,"N",0.46,0,0,0,0,0,0,0,"N",0,0.0,0,0,0,0,0,0,0,0,0,0,0,0,0,0
"18107","5","518210","78","0","2023","4","N",3,0,0,0,0,0,0,0,"N",0.74,0,0,0,0,0,0,0,"N",0,0.0,0,0,0,0,0,0,0,0,0,0,0,0,0,0
"18109","5","518210","78","0","2023","4","N",1,0,0,0,0,0,0,0,"N",0.16,0,0,0,0,0,0,0,"N",0,0.0,0,0,0,0,0,0,0,0,0,0,0,0,0,0
"18113","5","518210","78","0","2023","4","N",1,0,0,0,0,0,0,0,"N",0.23,0,0,0,0,0,0,0,"N",0,0.0,0,0,0,0,0,0,0,0,0,0,0,0,0,0
"18127","5","518210","78","0","2023","4","",9,178,174,178,3266148,44620,376,1422,"",0.48,0.89,0.87,0.90,0.48,0.30,0.13,0.54,"",0,0.0,-6,-3.3,-12,-6.5,-10,-5.3,55906,1.7,-37945,-46.0,-226,-37.5,94,7.1
"18133","5","518210","78","0","2023","4","N",1,0,0,0,0,0,0,0,"N",0.29,0,0,0,0,0,0,0,"N",0,0.0,0,0,0,0,0,0,0,0,0,0,0,0,0,0
"18141","5","518210","78","0","2023","4","",41,325,320,323,6865712,180824,2095,1637,"",1.41,0.86,0.85,0.86,0.53,0.71,0.56,0.62,"",26,173.3,25,8.3,17,5.6,20,6.6,-190316,-2.7,103081,132.6,1461,230.4,-160,-8.9
"18145","5","518210","78","0","2023","4","N",2,0,0,0,0,0,0,0,"N",0.44,0,0,0,0,0,0,0,"N",0,0.0,0,0,0,0,0,0,0,0,0,0,0,0,0,0
"18147","5","518210","78","0","2023","4","N",1,0,0,0,0,0,0,0,"N",0.45,0,0,0,0,0,0,0,"N",0,0.0,0,0,0,0,0,0,0,0,0,0,0,0,0,0
"18157","5","518210","78","0","2023","4","",8,9,9,12,411121,14041,351,3162,"",0.42,0.03,0.03,0.04,0.04,0.07,0.14,1.15,"N",-1,-11.1,0,0,0,0,0,0,0,0,0,0,0,0,0,0
"18161","5","518210","78","0","2023","4","N",1,0,0,0,0,0,0,0,"N",1.46,0,0,0,0,0,0,0,"N",1,100.0,0,0,0,0,0,0,0,0,0,0,0,0,0,0
"18163","5","518210","78","0","2023","4","N",3,0,0,0,0,0,0,0,"N",0.13,0,0,0,0,0,0,0,"N",-1,-25.0,0,0,0,0,0,0,0,0,0,0,0,0,0,0
"18167","5","518210","78","0","2023","4","N",3,0,0,0,0,0,0,0,"N",0.27,0,0,0,0,0,0,0,"N",0,0.0,0,0,0,0,0,0,0,0,0,0,0,0,0,0
"18169","5","518210","78","0","2023","4","N",1,0,0,0,0,0,0,0,"N",0.29,0,0,0,0,0,0,0,"N",0,0.0,0,0,0,0,0,0,0,0,0,0,0,0,0,0
"18173","5","518210","78","0","2023","4","N",1,0,0,0,0,0,0,0,"N",0.17,0,0,0,0,0,0,0,"N",1,100.0,0,0,0,0,0,0,0,0,0,0,0,0,0,0
"18177","5","518210","78","0","2023","4","N",1,0,0,0,0,0,0,0,"N",0.15,0,0,0,0,0,0,0,"N",1,100.0,0,0,0,0,0,0,0,0,0,0,0,0,0,0
"18181","5","518210","78","0","2023","4","N",1,0,0,0,0,0,0,0,"N",0.31,0,0,0,0,0,0,0,"N",0,0.0,0,0,0,0,0,0,0,0,0,0,0,0,0,0
"18183","5","518210","78","0","2023","4","N",1,0,0,0,0,0,0,0,"N",0.30,0,0,0,0,0,0,0,"N",0,0.0,0,0,0,0,0,0,0,0,0,0,0,0,0,0
"18999","5","518210","78","0","2023","4","",288,812,816,823,24613643,848306,13828,2317,"",3.03,2.65,2.69,2.72,1.51,2.66,2.02,0.56,"",-21,-6.8,-28,-3.3,-26,-3.1,-26,-3.1,2617088,11.9,-414778,-32.8,-16698,-54.7,311,15.5
"19000","3","518210","58","0","2023","4","N",2,0,0,0,0,0,0,0,"N",2.22,0,0,0,0,0,0,0,"N",0,0.0,0,0,0,0,0,0,0,0,0,0,0,0,0,0
"19000","5","518210","58","0","2023","4","",425,3159,3174,3216,88484715,8858666,94103,2138,"",0.85,0.65,0.65,0.66,0.49,0.78,0.76,0.76,"",10,2.4,-310,-8.9,-303,-8.7,-271,-7.8,4210882,5.0,-933476,-9.5,-37092,-28.3,274,14.7
"19001","5","518210","78","0","2023","4","N",1,0,0,0,0,0,0,0,"N",0.66,0,0,0,0,0,0,0,"N",0,0.0,0,0,0,0,0,0,0,0,0,0,0,0,0,0
"19009","5","518210","78","0","2023","4","-",0,0,0,0,0,0,0,0,"N",0.00,0,0,0,0,0,0,0,"N",-1,-100.0,0,0,0,0,0,0,0,0,0,0,0,0,0,0
"19011","5","518210","78","0","2023","4","N",2,0,0,0,0,0,0,0,"N",0.62,0,0,0,0,0,0,0,"N",-1,-33.3,0,0,0,0,0,0,0,0,0,0,0,0,0,0
"19013","5","518210","78","0","2023","4","N",10,0,0,0,0,0,0,0,"N",0.56,0,0,0,0,0,0,0,"N",-2,-16.7,0,0,0,0,0,0,0,0,0,0,0,0,0,0
"19015","5","518210","78","0","2023","4","N",3,0,0,0,0,0,0,0,"N",0.89,0,0,0,0,0,0,0,"N",1,50.0,0,0,0,0,0,0,0,0,0,0,0,0,0,0
"19017","5","518210","78","0","2023","4","N",1,0,0,0,0,0,0,0,"N",0.30,0,0,0,0,0,0,0,"N",-1,-50.0,0,0,0,0,0,0,0,0,0,0,0,0,0,0
"19019","5","518210","78","0","2023","4","N",1,0,0,0,0,0,0,0,"N",0.34,0,0,0,0,0,0,0,"N",0,0.0,0,0,0,0,0,0,0,0,0,0,0,0,0,0
"19023","5","518210","78","0","2023","4","N",1,0,0,0,0,0,0,0,"N",0.51,0,0,0,0,0,0,0,"N",1,100.0,0,0,0,0,0,0,0,0,0,0,0,0,0,0
"19027","5","518210","78","0","2023","4","N",1,0,0,0,0,0,0,0,"N",0.23,0,0,0,0,0,0,0,"N",0,0.0,0,0,0,0,0,0,0,0,0,0,0,0,0,0
"19031","5","518210","78","0","2023","4","N",1,0,0,0,0,0,0,0,"N",0.38,0,0,0,0,0,0,0,"N",0,0.0,0,0,0,0,0,0,0,0,0,0,0,0,0,0
"19033","5","518210","78","0","2023","4","N",2,0,0,0,0,0,0,0,"N",0.26,0,0,0,0,0,0,0,"N",-2,-50.0,0,0,0,0,0,0,0,0,0,0,0,0,0,0
"19041","5","518210","78","0","2023","4","N",2,0,0,0,0,0,0,0,"N",0.59,0,0,0,0,0,0,0,"N",0,0.0,0,0,0,0,0,0,0,0,0,0,0,0,0,0
"19045","5","518210","78","0","2023","4","N",5,0,0,0,0,0,0,0,"N",0.75,0,0,0,0,0,0,0,"N",0,0.0,0,0,0,0,0,0,0,0,0,0,0,0,0,0
"19047","5","518210","78","0","2023","4","N",1,0,0,0,0,0,0,0,"N",0.43,0,0,0,0,0,0,0,"N",0,0.0,0,0,0,0,0,0,0,0,0,0,0,0,0,0
"19049","5","518210","78","0","2023","4","N",25,0,0,0,0,0,0,0,"N",1.60,0,0,0,0,0,0,0,"N",5,25.0,0,0,0,0,0,0,0,0,0,0,0,0,0,0
"19057","5","518210","78","0","2023","4","N",1,0,0,0,0,0,0,0,"N",0.16,0,0,0,0,0,0,0,"N",0,0.0,0,0,0,0,0,0,0,0,0,0,0,0,0,0
"19059","5","518210","78","0","2023","4","N",1,0,0,0,0,0,0,0,"N",0.23,0,0,0,0,0,0,0,"N",1,100.0,0,0,0,0,0,0,0,0,0,0,0,0,0,0
"19061","3","518210","78","0","2023","4","N",1,0,0,0,0,0,0,0,"N",33.08,0,0,0,0,0,0,0,"N",0,0.0,0,0,0,0,0,0,0,0,0,0,0,0,0,0
"19061","5","518210","78","0","2023","4","",13,22,24,24,766677,88791,888,2528,"",0.77,0.12,0.13,0.13,0.11,0.23,0.21,0.87,"",0,0.0,-144,-86.7,-141,-85.5,-142,-85.5,-3364292,-81.4,-135318,-60.4,-817,-47.9,610,31.8
"19065","5","518210","78","0","2023","4","N",2,0,0,0,0,0,0,0,"N",0.65,0,0,0,0,0,0,0,"N",1,100.0,0,0,0,0,0,0,0,0,0,0,0,0,0,0
"19067","5","518210","78","0","2023","4","N",1,0,0,0,0,0,0,0,"N",0.46,0,0,0,0,0,0,0,"N",0,0.0,0,0,0,0,0,0,0,0,0,0,0,0,0,0
"19075","5","518210","78","0","2023","4","N",2,0,0,0,0,0,0,0,"N",1.15,0,0,0,0,0,0,0,"N",1,100.0,0,0,0,0,0,0,0,0,0,0,0,0,0,0
"19085","5","518210","78","0","2023","4","N",3,0,0,0,0,0,0,0,"N",1.44,0,0,0,0,0,0,0,"N",0,0.0,0,0,0,0,0,0,0,0,0,0,0,0,0,0
"19087","5","518210","78","0","2023","4","N",3,0,0,0,0,0,0,0,"N",1.04,0,0,0,0,0,0,0,"N",1,50.0,0,0,0,0,0,0,0,0,0,0,0,0,0,0
"19089","5","518210","78","0","2023","4","N",1,0,0,0,0,0,0,0,"N",0.67,0,0,0,0,0,0,0,"N",0,0.0,0,0,0,0,0,0,0,0,0,0,0,0,0,0
"19095","5","518210","78","0","2023","4","N",1,0,0,0,0,0,0,0,"N",0.32,0,0,0,0,0,0,0,"N",0,0.0,0,0,0,0,0,0,0,0,0,0,0,0,0,0
"19099","5","518210","78","0","2023","4","",5,3,3,3,134743,0,0,3455,"",1.12,0.09,0.09,0.09,0.14,0.00,0.00,1.51,"",-1,-16.7,-2,-40.0,-2,-40.0,-2,-40.0,-26897,-16.6,0,0.0,0,0.0,968,38.9
"19101","5","518210","78","0","2023","4","",3,8,8,9,426270,22558,145,3935,"",0.82,0.34,0.34,0.38,0.56,0.41,0.24,1.57,"N",-2,-40.0,0,0,0,0,0,0,0,0,0,0,0,0,0,0
"19103","5","518210","78","0","2023","4","",43,50,50,51,1978635,165700,1495,3024,"",1.86,0.19,0.19,0.20,0.20,0.36,0.36,1.05,"",5,13.2,-11,-18.0,-12,-19.4,-12,-19.0,748981,60.9,-50952,-23.5,-513,-25.5,1498,98.2
"19105","5","518210","78","0","2023","4","N",1,0,0,0,0,0,0,0,"N",0.33,0,0,0,0,0,0,0,"N",0,0.0,0,0,0,0,0,0,0,0,0,0,0,0,0,0
"19111","5","518210","78","0","2023","4","N",2,0,0,0,0,0,0,0,"N",0.42,0,0,0,0,0,0,0,"N",1,100.0,0,0,0,0,0,0,0,0,0,0,0,0,0,0
"19113","3","518210","78","0","2023","4","N",1,0,0,0,0,0,0,0,"N",15.95,0,0,0,0,0,0,0,"N",0,0.0,0,0,0,0,0,0,0,0,0,0,0,0,0,0
"19113","5","518210","78","0","2023","4","",46,637,633,635,17911446,1507460,14066,2170,"",1.32,1.61,1.61,1.62,1.15,1.79,1.42,0.72,"",-3,-6.1,-8,-1.2,-6,-0.9,-9,-1.4,2115949,13.4,-21241,-1.4,-17820,-55.9,279,14.8
"19115","5","518210","78","0","2023","4","N",1,0,0,0,0,0,0,0,"N",0.79,0,0,0,0,0,0,0,"N",0,0.0,0,0,0,0,0,0,0,0,0,0,0,0,0,0
"19121","5","518210","78","0","2023","4","N",2,0,0,0,0,0,0,0,"N",0.77,0,0,0,0,0,0,0,"N",0,0.0,0,0,0,0,0,0,0,0,0,0,0,0,0,0
"19123","5","518210","78","0","2023","4","N",1,0,0,0,0,0,0,0,"N",0.35,0,0,0,0,0,0,0,"N",-1,-50.0,0,0,0,0,0,0,0,0,0,0,0,0,0,0
"19125","5","518210","78","0","2023","4","",3,4,4,4,108291,0,0,2083,"",0.62,0.07,0.07,0.07,0.04,0.00,0.00,0.64,"N",1,50.0,0,0,0,0,0,0,0,0,0,0,0,0,0,0
"19127","5","518210","78","0","2023","4","N",5,0,0,0,0,0,0,0,"N",1.06,0,0,0,0,0,0,0,"N",-1,-16.7,0,0,0,0,0,0,0,0,0,0,0,0,0,0
"19129","5","518210","78","0","2023","4","N",2,0,0,0,0,0,0,0,"N",0.99,0,0,0,0,0,0,0,"N",-1,-33.3,0,0,0,0,0,0,0,0,0,0,0,0,0,0
"19131","5","518210","78","0","2023","4","N",1,0,0,0,0,0,0,0,"N",0.60,0,0,0,0,0,0,0,"N",0,0.0,0,0,0,0,0,0,0,0,0,0,0,0,0,0
"19139","5","518210","78","0","2023","4","N",3,0,0,0,0,0,0,0,"N",0.54,0,0,0,0,0,0,0,"N",1,50.0,0,0,0,0,0,0,0,0,0,0,0,0,0,0
"19141","5","518210","78","0","2023","4","N",1,0,0,0,0,0,0,0,"N",0.35,0,0,0,0,0,0,0,"N",0,0.0,0,0,0,0,0,0,0,0,0,0,0,0,0,0
"19145","5","518210","78","0","2023","4","-",0,0,0,0,0,0,0,0,"N",0.00,0,0,0,0,0,0,0,"N",-1,-100.0,0,0,0,0,0,0,0,0,0,0,0,0,0,0
"19153","5","518210","78","0","2023","4","",137,869,878,877,27504113,2049122,15145,2419,"",1.49,0.88,0.89,0.89,0.66,0.75,0.52,0.74,"",7,5.4,-318,-26.8,-314,-26.3,-321,-26.8,-4135110,-13.1,-525669,-20.4,-16997,-52.9,378,18.5
"19155","5","518210","78","0","2023","4","N",11,0,0,0,0,0,0,0,"N",0.91,0,0,0,0,0,0,0,"N",0,0.0,0,0,0,0,0,0,0,0,0,0,0,0,0,0
"19157","5","518210","78","0","2023","4","N",2,0,0,0,0,0,0,0,"N",0.63,0,0,0,0,0,0,0,"N",-1,-33.3,0,0,0,0,0,0,0,0,0,0,0,0,0,0
"19161","5","518210","78","0","2023","4","N",1,0,0,0,0,0,0,0,"N",0.57,0,0,0,0,0,0,0,"N",0,0.0,0,0,0,0,0,0,0,0,0,0,0,0,0,0
"19163","5","518210","78","0","2023","4","",15,23,23,24,931404,45002,436,3071,"",0.54,0.08,0.08,0.08,0.09,0.07,0.05,1.06,"",-1,-6.2,1,4.5,1,4.5,2,9.1,173663,22.9,28194,167.7,281,181.3,422,15.9
"19165","5","518210","78","0","2023","4","N",4,0,0,0,0,0,0,0,"N",1.96,0,0,0,0,0,0,0,"N",0,0.0,0,0,0,0,0,0,0,0,0,0,0,0,0,0
"19167","5","518210","78","0","2023","4","N",3,0,0,0,0,0,0,0,"N",0.42,0,0,0,0,0,0,0,"N",0,0.0,0,0,0,0,0,0,0,0,0,0,0,0,0,0
"19169","5","518210","78","0","2023","4","N",24,0,0,0,0,0,0,0,"N",1.75,0,0,0,0,0,0,0,"N",0,0.0,0,0,0,0,0,0,0,0,0,0,0,0,0,0
"19171","5","518210","78","0","2023","4","N",1,0,0,0,0,0,0,0,"N",0.50,0,0,0,0,0,0,0,"N",-1,-50.0,0,0,0,0,0,0,0,0,0,0,0,0,0,0
"19175","5","518210","78","0","2023","4","N",2,0,0,0,0,0,0,0,"N",0.98,0,0,0,0,0,0,0,"N",1,100.0,0,0,0,0,0,0,0,0,0,0,0,0,0,0
"19177","5","518210","78","0","2023","4","N",1,0,0,0,0,0,0,0,"N",0.99,0,0,0,0,0,0,0,"N",-1,-50.0,0,0,0,0,0,0,0,0,0,0,0,0,0,0
"19181","5","518210","78","0","2023","4","N",11,0,0,0,0,0,0,0,"N",1.75,0,0,0,0,0,0,0,"N",3,37.5,0,0,0,0,0,0,0,0,0,0,0,0,0,0
"19183","5","518210","78","0","2023","4","N",1,0,0,0,0,0,0,0,"N",0.26,0,0,0,0,0,0,0,"N",0,0.0,0,0,0,0,0,0,0,0,0,0,0,0,0,0
"19187","5","518210","78","0","2023","4","N",1,0,0,0,0,0,0,0,"N",0.19,0,0,0,0,0,0,0,"N",0,0.0,0,0,0,0,0,0,0,0,0,0,0,0,0,0
"19189","5","518210","78","0","2023","4","N",1,0,0,0,0,0,0,0,"N",0.56,0,0,0,0,0,0,0,"N",1,100.0,0,0,0,0,0,0,0,0,0,0,0,0,0,0
"19191","5","518210","78","0","2023","4","N",1,0,0,0,0,0,0,0,"N",0.29,0,0,0,0,0,0,0,"N",1,100.0,0,0,0,0,0,0,0,0,0,0,0,0,0,0
"19193","5","518210","78","0","2023","4","N",5,0,0,0,0,0,0,0,"N",0.33,0,0,0,0,0,0,0,"N",2,66.7,0,0,0,0,0,0,0,0,0,0,0,0,0,0
"19195","5","518210","78","0","2023","4","N",1,0,0,0,0,0,0,0,"N",0.98,0,0,0,0,0,0,0,"N",0,0.0,0,0,0,0,0,0,0,0,0,0,0,0,0,0
"19197","5","518210","78","0","2023","4","-",0,0,0,0,0,0,0,0,"N",0.00,0,0,0,0,0,0,0,"N",-1,-100.0,0,0,0,0,0,0,0,0,0,0,0,0,0,0
"20000","5","518210","58","0","2023","4","",610,2529,2501,2524,73242816,2116480,42566,2238,"",1.38,0.57,0.56,0.57,0.46,0.23,0.64,0.81,"",23,3.9,-95,-3.6,-131,-5.0,-87,-3.3,-1826699,-2.4,-778328,-26.9,-27195,-39.0,36,1.6
"20001","5","518210","78","0","2023","4","N",1,0,0,0,0,0,0,0,"N",0.58,0,0,0,0,0,0,0,"N",0,0.0,0,0,0,0,0,0,0,0,0,0,0,0,0,0
"20005","5","518210","78","0","2023","4","",4,3,3,3,34382,14847,401,882,"",2.06,0.17,0.18,0.17,0.07,0.55,1.89,0.39,"N",1,33.3,0,0,0,0,0,0,0,0,0,0,0,0,0,0
"20009","5","518210","78","0","2023","4","N",1,0,0,0,0,0,0,0,"N",0.25,0,0,0,0,0,0,0,"N",0,0.0,0,0,0,0,0,0,0,0,0,0,0,0,0,0
"20015","5","518210","78","0","2023","4","N",12,0,0,0,0,0,0,0,"N",1.59,0,0,0,0,0,0,0,"N",2,20.0,0,0,0,0,0,0,0,0,0,0,0,0,0,0
"20021","5","518210","78","0","2023","4","N",1,0,0,0,0,0,0,0,"N",0.55,0,0,0,0,0,0,0,"N",0,0.0,0,0,0,0,0,0,0,0,0,0,0,0,0,0
"20027","5","518210","78","0","2023","4","N",1,0,0,0,0,0,0,0,"N",0.78,0,0,0,0,0,0,0,"N",0,0.0,0,0,0,0,0,0,0,0,0,0,0,0,0,0
"20029","5","518210","78","0","2023","4","N",1,0,0,0,0,0,0,0,"N",0.73,0,0,0,0,0,0,0,"N",0,0.0,0,0,0,0,0,0,0,0,0,0,0,0,0,0
"20031","5","518210","78","0","2023","4","N",2,0,0,0,0,0,0,0,"N",1.67,0,0,0,0,0,0,0,"N",0,0.0,0,0,0,0,0,0,0,0,0,0,0,0,0,0
"20033","5","518210","78","0","2023","4","N",1,0,0,0,0,0,0,0,"N",2.29,0,0,0,0,0,0,0,"N",1,100.0,0,0,0,0,0,0,0,0,0,0,0,0,0,0
"20035","5","518210","78","0","2023","4","N",2,0,0,0,0,0,0,0,"N",0.56,0,0,0,0,0,0,0,"N",0,0.0,0,0,0,0,0,0,0,0,0,0,0,0,0,0
"20037","5","518210","78","0","2023","4","N",1,0,0,0,0,0,0,0,"N",0.21,0,0,0,0,0,0,0,"N",-1,-50.0,0,0,0,0,0,0,0,0,0,0,0,0,0,0
"20041","5","518210","78","0","2023","4","N",2,0,0,0,0,0,0,0,"N",0.79,0,0,0,0,0,0,0,"N",0,0.0,0,0,0,0,0,0,0,0,0,0,0,0,0,0
"20043","5","518210","78","0","2023","4","N",2,0,0,0,0,0,0,0,"N",2.04,0,0,0,0,0,0,0,"N",-1,-33.3,0,0,0,0,0,0,0,0,0,0,0,0,0,0
"20045","5","518210","78","0","2023","4","",29,126,125,128,3323937,163774,3382,2024,"",1.75,0.79,0.79,0.81,0.68,0.44,1.55,0.85,"",0,0.0,10,8.6,13,11.6,15,13.3,221139,7.1,-30621,-15.8,-991,-22.7,-76,-3.6
"20051","5","518210","78","0","2023","4","-",0,0,0,0,0,0,0,0,"N",0.00,0,0,0,0,0,0,0,"N",-1,-100.0,0,0,0,0,0,0,0,0,0,0,0,0,0,0
"20053","5","518210","78","0","2023","4","-",0,0,0,0,0,0,0,0,"N",0.00,0,0,0,0,0,0,0,"N",0,0,0,0,0,0,0,0,0,0,0,0,0,0,0,0
"20055","5","518210","78","0","2023","4","N",1,0,0,0,0,0,0,0,"N",0.20,0,0,0,0,0,0,0,"N",-1,-50.0,0,0,0,0,0,0,0,0,0,0,0,0,0,0
"20057","5","518210","78","0","2023","4","N",1,0,0,0,0,0,0,0,"N",0.26,0,0,0,0,0,0,0,"N",1,100.0,0,0,0,0,0,0,0,0,0,0,0,0,0,0
"20059","5","518210","78","0","2023","4","N",3,0,0,0,0,0,0,0,"N",0.95,0,0,0,0,0,0,0,"N",0,0.0,0,0,0,0,0,0,0,0,0,0,0,0,0,0
"20061","5","518210","78","0","2023","4","N",3,0,0,0,0,0,0,0,"N",0.89,0,0,0,0,0,0,0,"N",0,0.0,0,0,0,0,0,0,0,0,0,0,0,0,0,0
"20079","5","518210","78","0","2023","4","",5,1,2,3,73810,14000,378,2839,"",1.30,0.02,0.04,0.07,0.06,0.18,0.73,1.31,"N",0,0.0,0,0,0,0,0,0,0,0,0,0,0,0,0,0
"20087","5","518210","78","0","2023","4","N",2,0,0,0,0,0,0,0,"N",1.09,0,0,0,0,0,0,0,"N",0,0.0,0,0,0,0,0,0,0,0,0,0,0,0,0,0
"20091","5","518210","78","0","2023","4","",347,1593,1566,1570,51230498,1144590,21708,2500,"",2.63,1.37,1.35,1.35,1.01,0.49,1.08,0.75,"",13,3.9,-86,-5.1,-123,-7.3,-96,-5.8,-2651008,-4.9,-431302,-27.4,-17536,-44.7,30,1.2
"20095","5","518210","78","0","2023","4","N",1,0,0,0,0,0,0,0,"N",0.89,0,0,0,0,0,0,0,"N",0,0.0,0,0,0,0,0,0,0,0,0,0,0,0,0,0
"20103","5","518210","78","0","2023","4","",11,28,29,30,589219,61721,1667,1563,"",1.46,0.41,0.42,0.44,0.25,0.41,1.63,0.58,"",3,37.5,10,55.6,9,45.0,11,57.9,191368,48.1,15415,33.3,712,74.6,-48,-3.0
"20107","5","518210","78","0","2023","4","N",1,0,0,0,0,0,0,0,"N",0.87,0,0,0,0,0,0,0,"N",0,0.0,0,0,0,0,0,0,0,0,0,0,0,0,0,0
"20111","5","518210","78","0","2023","4","N",1,0,0,0,0,0,0,0,"N",0.25,0,0,0,0,0,0,0,"N",-1,-50.0,0,0,0,0,0,0,0,0,0,0,0,0,0,0
"20113","5","518210","78","0","2023","4","N",3,0,0,0,0,0,0,0,"N",0.68,0,0,0,0,0,0,0,"N",1,50.0,0,0,0,0,0,0,0,0,0,0,0,0,0,0
"20117","5","518210","78","0","2023","4","N",1,0,0,0,0,0,0,0,"N",0.54,0,0,0,0,0,0,0,"N",1,100.0,0,0,0,0,0,0,0,0,0,0,0,0,0,0
"20121","5","518210","78","0","2023","4","",3,3,4,4,93511,3500,95,1962,"",0.72,0.11,0.14,0.15,0.10,0.05,0.18,0.79,"N",0,0.0,0,0,0,0,0,0,0,0,0,0,0,0,0,0
"20125","5","518210","78","0","2023","4","N",1,0,0,0,0,0,0,0,"N",0.11,0,0,0,0,0,0,0,"N",0,0.0,0,0,0,0,0,0,0,0,0,0,0,0,0,0
"20133","5","518210","78","0","2023","4","N",1,0,0,0,0,0,0,0,"N",0.44,0,0,0,0,0,0,0,"N",0,0.0,0,0,0,0,0,0,0,0,0,0,0,0,0,0
"20139","5","518210","78","0","2023","4","N",1,0,0,0,0,0,0,0,"N",0.63,0,0,0,0,0,0,0,"N",-1,-50.0,0,0,0,0,0,0,0,0,0,0,0,0,0,0
"20149","5","518210","78","0","2023","4","N",2,0,0,0,0,0,0,0,"N",0.64,0,0,0,0,0,0,0,"N",2,100.0,0,0,0,0,0,0,0,0,0,0,0,0,0,0
"20151","5","518210","78","0","2023","4","N",1,0,0,0,0,0,0,0,"N",0.60,0,0,0,0,0,0,0,"N",0,0.0,0,0,0,0,0,0,0,0,0,0,0,0,0,0
"20155","5","518210","78","0","2023","4","N",10,0,0,0,0,0,0,0,"N",1.34,0,0,0,0,0,0,0,"N",0,0.0,0,0,0,0,0,0,0,0,0,0,0,0,0,0
"20157","5","518210","78","0","2023","4","N",1,0,0,0,0,0,0,0,"N",0.99,0,0,0,0,0,0,0,"N",1,100.0,0,0,0,0,0,0,0,0,0,0,0,0,0,0
"20159","5","518210","78","0","2023","4","N",1,0,0,0,0,0,0,0,"N",0.62,0,0,0,0,0,0,0,"N",0,0.0,0,0,0,0,0,0,0,0,0,0,0,0,0,0
"20161","5","518210","78","0","2023","4","",15,13,14,15,375921,33015,891,2066,"",1.61,0.14,0.15,0.16,0.13,0.21,0.85,0.89,"N",5,50.0,0,0,0,0,0,0,0,0,0,0,0,0,0,0
"20163","5","518210","78","0","2023","4","-",0,0,0,0,0,0,0,0,"N",0.00,0,0,0,0,0,0,0,"N",-1,-100.0,0,0,0,0,0,0,0,0,0,0,0,0,0,0
"20167","5","518210","78","0","2023","4","N",1,0,0,0,0,0,0,0,"N",0.73,0,0,0,0,0,0,0,"N",0,0.0,0,0,0,0,0,0,0,0,0,0,0,0,0,0
"20169","5","518210","78","0","2023","4","N",5,0,0,0,0,0,0,0,"N",0.69,0,0,0,0,0,0,0,"N",0,0.0,0,0,0,0,0,0,0,0,0,0,0,0,0,0
"20171","5","518210","78","0","2023","4","-",0,0,0,0,0,0,0,0,"N",0.00,0,0,0,0,0,0,0,"N",-1,-100.0,0,0,0,0,0,0,0,0,0,0,0,0,0,0
"20173","5","518210","78","0","2023","4","N",77,0,0,0,0,0,0,0,"N",1.20,0,0,0,0,0,0,0,"N",1,1.3,0,0,0,0,0,0,0,0,0,0,0,0,0,0
"20175","5","518210","78","0","2023","4","N",1,0,0,0,0,0,0,0,"N",0.39,0,0,0,0,0,0,0,"N",0,0.0,0,0,0,0,0,0,0,0,0,0,0,0,0,0
"20177","5","518210","78","0","2023","4","N",28,0,0,0,0,0,0,0,"N",1.17,0,0,0,0,0,0,0,"N",3,12.0,0,0,0,0,0,0,0,0,0,0,0,0,0,0
"20187","5","518210","78","0","2023","4","N",1,0,0,0,0,0,0,0,"N",2.37,0,0,0,0,0,0,0,"N",0,0.0,0,0,0,0,0,0,0,0,0,0,0,0,0,0
"20191","5","518210","78","0","2023","4","N",2,0,0,0,0,0,0,0,"N",0.69,0,0,0,0,0,0,0,"N",0,0.0,0,0,0,0,0,0,0,0,0,0,0,0,0,0
"20201","5","518210","78","0","2023","4","N",1,0,0,0,0,0,0,0,"N",0.76,0,0,0,0,0,0,0,"N",0,0.0,0,0,0,0,0,0,0,0,0,0,0,0,0,0
"20205","5","518210","78","0","2023","4","N",1,0,0,0,0,0,0,0,"N",0.93,0,0,0,0,0,0,0,"N",0,0.0,0,0,0,0,0,0,0,0,0,0,0,0,0,0
"20207","5","518210","78","0","2023","4","N",1,0,0,0,0,0,0,0,"N",2.34,0,0,0,0,0,0,0,"N",1,100.0,0,0,0,0,0,0,0,0,0,0,0,0,0,0
"20209","5","518210","78","0","2023","4","",15,111,112,110,2660934,152028,4559,1844,"",0.86,0.39,0.39,0.38,0.23,0.14,0.80,0.60,"",-3,-16.7,8,7.8,9,8.7,6,5.8,199527,8.1,18177,13.6,493,12.1,12,0.7
"20999","5","518210","78","0","2023","4","N",1,0,0,0,0,0,0,0,"N",0.42,0,0,0,0,0,0,0,"N",-1,-50.0,0,0,0,0,0,0,0,0,0,0,0,0,0,0
"21000","3","518210","58","0","2023","4","N",1,0,0,0,0,0,0,0,"N",0.80,0,0,0,0,0,0,0,"N",0,0.0,0,0,0,0,0,0,0,0,0,0,0,0,0,0
"21000","5","518210","58","0","2023","4","",559,3884,3864,3844,86368988,2590699,24171,1719,"",0.81,0.63,0.62,0.62,0.40,0.50,0.47,0.64,"",73,15.0,-569,-12.8,-679,-14.9,-767,-16.6,-12870725,-13.0,-2097970,-44.7,-75809,-75.8,36,2.1
"21005","5","518210","78","0","2023","4","N",1,0,0,0,0,0,0,0,"N",0.42,0,0,0,0,0,0,0,"N",0,0.0,0,0,0,0,0,0,0,0,0,0,0,0,0,0
"21007","5","518210","78","0","2023","4","N",2,0,0,0,0,0,0,0,"N",1.99,0,0,0,0,0,0,0,"N",0,0.0,0,0,0,0,0,0,0,0,0,0,0,0,0,0
"21009","5","518210","78","0","2023","4","N",3,0,0,0,0,0,0,0,"N",0.52,0,0,0,0,0,0,0,"N",2,200.0,0,0,0,0,0,0,0,0,0,0,0,0,0,0
"21013","5","518210","78","0","2023","4","N",1,0,0,0,0,0,0,0,"N",0.37,0,0,0,0,0,0,0,"N",1,100.0,0,0,0,0,0,0,0,0,0,0,0,0,0,0
"21015","5","518210","78","0","2023","4","",36,154,152,155,2835440,198993,1899,1419,"",1.32,0.47,0.46,0.47,0.25,0.54,0.79,0.54,"",6,20.0,-16,-9.4,-22,-12.6,-17,-9.9,-565618,-16.6,-65411,-24.7,-2658,-58.3,-102,-6.7
"21017","5","518210","78","0","2023","4","N",2,0,0,0,0,0,0,0,"N",0.71,0,0,0,0,0,0,0,"N",1,100.0,0,0,0,0,0,0,0,0,0,0,0,0,0,0
"21019","5","518210","78","0","2023","4","",7,35,33,33,1238882,0,0,2831,"",0.88,0.43,0.40,0.41,0.42,0.00,0.00,1.02,"",1,16.7,-1,-2.8,-4,-10.8,-4,-10.8,108789,9.6,-1206,-100.0,-33,-100.0,460,19.4
"21021","5","518210","78","0","2023","4","N",2,0,0,0,0,0,0,0,"N",0.43,0,0,0,0,0,0,0,"N",1,100.0,0,0,0,0,0,0,0,0,0,0,0,0,0,0
"21023","5","518210","78","0","2023","4","N",1,0,0,0,0,0,0,0,"N",1.04,0,0,0,0,0,0,0,"N",0,0.0,0,0,0,0,0,0,0,0,0,0,0,0,0,0
"21029","5","518210","78","0","2023","4","N",6,0,0,0,0,0,0,0,"N",0.77,0,0,0,0,0,0,0,"N",0,0.0,0,0,0,0,0,0,0,0,0,0,0,0,0,0
"21035","5","518210","78","0","2023","4","N",5,0,0,0,0,0,0,0,"N",0.86,0,0,0,0,0,0,0,"N",1,25.0,0,0,0,0,0,0,0,0,0,0,0,0,0,0
"21037","5","518210","78","0","2023","4","",19,26,25,27,856887,15200,657,2535,"",1.30,0.26,0.25,0.27,0.25,0.20,0.93,0.96,"",-1,-5.0,-3,-10.3,-5,-16.7,-2,-6.9,-22487,-2.6,-12740,-45.6,-209,-24.1,229,9.9
"21043","5","518210","78","0","2023","4","N",1,0,0,0,0,0,0,0,"N",0.35,0,0,0,0,0,0,0,"N",1,100.0,0,0,0,0,0,0,0,0,0,0,0,0,0,0
"21045","5","518210","78","0","2023","4","N",1,0,0,0,0,0,0,0,"N",0.63,0,0,0,0,0,0,0,"N",0,0.0,0,0,0,0,0,0,0,0,0,0,0,0,0,0
"21047","5","518210","78","0","2023","4","",8,14,14,14,336514,5264,49,1849,"",0.82,0.14,0.14,0.14,0.11,0.06,0.05,0.76,"",-1,-11.1,0,0.0,1,7.7,0,0.0,41866,14.2,1595,43.5,-25,-33.8,191,11.5
"21049","5","518210","78","0","2023","4","N",2,0,0,0,0,0,0,0,"N",0.43,0,0,0,0,0,0,0,"N",1,100.0,0,0,0,0,0,0,0,0,0,0,0,0,0,0
"21059","5","518210","78","0","2023","4","N",3,0,0,0,0,0,0,0,"N",0.19,0,0,0,0,0,0,0,"N",1,50.0,0,0,0,0,0,0,0,0,0,0,0,0,0,0
"21065","5","518210","78","0","2023","4","N",1,0,0,0,0,0,0,0,"N",0.89,0,0,0,0,0,0,0,"N",1,100.0,0,0,0,0,0,0,0,0,0,0,0,0,0,0
"21067","5","518210","78","0","2023","4","",75,514,524,520,14095202,305209,5230,2088,"",1.13,0.80,0.82,0.82,0.58,0.61,1.08,0.72,"",5,7.1,-160,-23.7,-143,-21.4,-153,-22.7,-3758327,-21.1,-415507,-57.7,-8080,-60.7,42,2.1
"21071","5","518210","78","0","2023","4","N",1,0,0,0,0,0,0,0,"N",0.20,0,0,0,0,0,0,0,"N",-1,-50.0,0,0,0,0,0,0,0,0,0,0,0,0,0,0
"21073","3","518210","78","0","2023","4","N",1,0,0,0,0,0,0,0,"N",44.96,0,0,0,0,0,0,0,"N",0,0.0,0,0,0,0,0,0,0,0,0,0,0,0,0,0
"21073","5","518210","78","0","2023","4","",22,78,76,76,2672763,33871,513,2682,"",1.78,0.73,0.71,0.72,0.71,0.46,0.68,0.99,"",4,22.2,4,5.4,5,7.0,6,8.6,237643,9.8,-28380,-45.6,-2508,-83.0,68,2.6
"21079","5","518210","78","0","2023","4","N",1,0,0,0,0,0,0,0,"N",0.55,0,0,0,0,0,0,0,"N",0,0.0,0,0,0,0,0,0,0,0,0,0,0,0,0,0
"21081","5","518210","78","0","2023","4","N",2,0,0,0,0,0,0,0,"N",0.74,0,0,0,0,0,0,0,"N",1,100.0,0,0,0,0,0,0,0,0,0,0,0,0,0,0
"21085","5","518210","78","0","2023","4","N",1,0,0,0,0,0,0,0,"N",0.33,0,0,0,0,0,0,0,"N",1,100.0,0,0,0,0,0,0,0,0,0,0,0,0,0,0
"21089","5","518210","78","0","2023","4","N",1,0,0,0,0,0,0,0,"N",0.29,0,0,0,0,0,0,0,"N",-1,-50.0,0,0,0,0,0,0,0,0,0,0,0,0,0,0
"21093","5","518210","78","0","2023","4","",16,47,48,47,1180939,29152,624,1919,"",0.99,0.31,0.31,0.30,0.24,0.21,0.29,0.79,"",1,6.7,-93,-66.4,-89,-65.0,-89,-65.4,-2195314,-65.0,-51159,-63.7,-1056,-62.9,32,1.7
"21095","5","518210","78","0","2023","4","N",1,0,0,0,0,0,0,0,"N",0.43,0,0,0,0,0,0,0,"N",0,0.0,0,0,0,0,0,0,0,0,0,0,0,0,0,0
"21099","5","518210","78","0","2023","4","N",1,0,0,0,0,0,0,0,"N",0.55,0,0,0,0,0,0,0,"N",0,0.0,0,0,0,0,0,0,0,0,0,0,0,0,0,0
"21101","5","518210","78","0","2023","4","N",3,0,0,0,0,0,0,0,"N",0.47,0,0,0,0,0,0,0,"N",0,0.0,0,0,0,0,0,0,0,0,0,0,0,0,0,0
"21103","5","518210","78","0","2023","4","N",2,0,0,0,0,0,0,0,"N",1.13,0,0,0,0,0,0,0,"N",0,0.0,0,0,0,0,0,0,0,0,0,0,0,0,0,0
"21107","5","518210","78","0","2023","4","N",2,0,0,0,0,0,0,0,"N",0.38,0,0,0,0,0,0,0,"N",0,0.0,0,0,0,0,0,0,0,0,0,0,0,0,0,0
"21109","5","518210","78","0","2023","4","N",4,0,0,0,0,0,0,0,"N",4.38,0,0,0,0,0,0,0,"N",1,33.3,0,0,0,0,0,0,0,0,0,0,0,0,0,0
"21111","5","518210","78","0","2023","4","",164,1178,1168,1163,32762750,566748,6601,2155,"",1.10,0.79,0.78,0.77,0.53,0.45,0.53,0.68,"",14,9.3,-439,-27.1,-458,-28.2,-466,-28.6,-8583295,-20.8,-450576,-44.3,-15644,-70.3,197,10.1
"21113","5","518210","78","0","2023","4","N",6,0,0,0,0,0,0,0,"N",0.70,0,0,0,0,0,0,0,"N",-1,-14.3,0,0,0,0,0,0,0,0,0,0,0,0,0,0
"21117","5","518210","78","0","2023","4","",34,33,34,36,998338,51755,932,2237,"",1.31,0.14,0.15,0.16,0.10,0.30,0.73,0.65,"",12,54.5,6,22.2,9,36.0,9,33.3,298650,42.7,35134,211.4,483,107.6,193,9.4
"21125","5","518210","78","0","2023","4","",7,357,356,353,4075605,405081,911,882,"",0.88,4.37,4.35,4.30,1.80,5.35,2.20,0.41,"",1,16.7,74,26.1,47,15.2,-29,-7.6,-157818,-3.7,-218179,-35.0,-11803,-92.8,-121,-12.1
"21133","5","518210","78","0","2023","4","N",1,0,0,0,0,0,0,0,"N",0.45,0,0,0,0,0,0,0,"N",0,0.0,0,0,0,0,0,0,0,0,0,0,0,0,0,0
"21137","5","518210","78","0","2023","4","N",2,0,0,0,0,0,0,0,"N",0.91,0,0,0,0,0,0,0,"N",2,100.0,0,0,0,0,0,0,0,0,0,0,0,0,0,0
"21141","5","518210","78","0","2023","4","N",2,0,0,0,0,0,0,0,"N",0.58,0,0,0,0,0,0,0,"N",2,100.0,0,0,0,0,0,0,0,0,0,0,0,0,0,0
"21145","5","518210","78","0","2023","4","N",7,0,0,0,0,0,0,0,"N",0.55,0,0,0,0,0,0,0,"N",0,0.0,0,0,0,0,0,0,0,0,0,0,0,0,0,0
"21149","5","518210","78","0","2023","4","N",1,0,0,0,0,0,0,0,"N",0.88,0,0,0,0,0,0,0,"N",1,100.0,0,0,0,0,0,0,0,0,0,0,0,0,0,0
"21151","5","518210","78","0","2023","4","",14,28,28,27,726274,12700,32,2019,"",1.06,0.25,0.24,0.24,0.20,0.13,0.03,0.84,"N",2,16.7,0,0,0,0,0,0,0,0,0,0,0,0,0,0
"21157","5","518210","78","0","2023","4","N",1,0,0,0,0,0,0,0,"N",0.22,0,0,0,0,0,0,0,"N",0,0.0,0,0,0,0,0,0,0,0,0,0,0,0,0,0
"21167","5","518210","78","0","2023","4","N",3,0,0,0,0,0,0,0,"N",1.14,0,0,0,0,0,0,0,"N",1,50.0,0,0,0,0,0,0,0,0,0,0,0,0,0,0
"21171","5","518210","78","0","2023","4","N",1,0,0,0,0,0,0,0,"N",0.76,0,0,0,0,0,0,0,"N",1,100.0,0,0,0,0,0,0,0,0,0,0,0,0,0,0
"21179","5","518210","78","0","2023","4","N",2,0,0,0,0,0,0,0,"N",0.30,0,0,0,0,0,0,0,"N",0,0.0,0,0,0,0,0,0,0,0,0,0,0,0,0,0
"21185","5","518210","78","0","2023","4","",12,15,15,15,682840,332,1,3502,"",1.12,0.28,0.27,0.27,0.34,0.01,0.00,1.24,"",3,33.3,3,25.0,3,25.0,1,7.1,-2026,-0.3,-12141,-97.3,-336,-99.7,-657,-15.8
"21189","5","518210","78","0","2023","4","N",1,0,0,0,0,0,0,0,"N",2.47,0,0,0,0,0,0,0,"N",1,100.0,0,0,0,0,0,0,0,0,0,0,0,0,0,0
"21191","5","518210","78","0","2023","4","N",1,0,0,0,0,0,0,0,"N",0.81,0,0,0,0,0,0,0,"N",0,0.0,0,0,0,0,0,0,0,0,0,0,0,0,0,0
"21195","5","518210","78","0","2023","4","",4,6,6,5,64338,17980,472,873,"",0.56,0.09,0.09,0.08,0.03,0.38,1.24,0.37,"",1,33.3,0,0.0,0,0.0,-1,-16.7,-21327,-24.9,15474,617.5,404,594.1,-225,-20.5
"21197","5","518210","78","0","2023","4","N",2,0,0,0,0,0,0,0,"N",1.53,0,0,0,0,0,0,0,"N",0,0.0,0,0,0,0,0,0,0,0,0,0,0,0,0,0
"21199","5","518210","78","0","2023","4","N",2,0,0,0,0,0,0,0,"N",0.21,0,0,0,0,0,0,0,"N",0,0.0,0,0,0,0,0,0,0,0,0,0,0,0,0,0
"21203","5","518210","78","0","2023","4","N",1,0,0,0,0,0,0,0,"N",0.83,0,0,0,0,0,0,0,"N",0,0.0,0,0,0,0,0,0,0,0,0,0,0,0,0,0
"21205","5","518210","78","0","2023","4","N",2,0,0,0,0,0,0,0,"N",0.58,0,0,0,0,0,0,0,"N",1,100.0,0,0,0,0,0,0,0,0,0,0,0,0,0,0
"21209","5","518210","78","0","2023","4","",11,33,34,34,840861,64426,1531,1921,"",1.40,0.34,0.35,0.35,0.22,0.84,2.70,0.63,"",2,22.2,17,106.2,19,126.7,17,100.0,318258,60.9,51990,418.1,1206,371.1,-592,-23.6
"21211","5","518210","78","0","2023","4","N",6,0,0,0,0,0,0,0,"N",0.87,0,0,0,0,0,0,0,"N",1,20.0,0,0,0,0,0,0,0,0,0,0,0,0,0,0
"21213","5","518210","78","0","2023","4","N",3,0,0,0,0,0,0,0,"N",0.98,0,0,0,0,0,0,0,"N",1,50.0,0,0,0,0,0,0,0,0,0,0,0,0,0,0
"21227","5","518210","78","0","2023","4","N",14,0,0,0,0,0,0,0,"N",0.61,0,0,0,0,0,0,0,"N",2,16.7,0,0,0,0,0,0,0,0,0,0,0,0,0,0
"21231","5","518210","78","0","2023","4","N",2,0,0,0,0,0,0,0,"N",1.00,0,0,0,0,0,0,0,"N",0,0.0,0,0,0,0,0,0,0,0,0,0,0,0,0,0
"21233","5","518210","78","0","2023","4","N",1,0,0,0,0,0,0,0,"N",0.76,0,0,0,0,0,0,0,"N",1,100.0,0,0,0,0,0,0,0,0,0,0,0,0,0,0
"21235","5","518210","78","0","2023","4","N",2,0,0,0,0,0,0,0,"N",0.44,0,0,0,0,0,0,0,"N",0,0.0,0,0,0,0,0,0,0,0,0,0,0,0,0,0
"21239","5","518210","78","0","2023","4","N",3,0,0,0,0,0,0,0,"N",0.64,0,0,0,0,0,0,0,"N",0,0.0,0,0,0,0,0,0,0,0,0,0,0,0,0,0
"21999","5","518210","78","0","2023","4","",14,183,182,182,5248063,42392,96,2214,"",0.64,1.55,1.54,1.55,0.93,0.36,0.05,0.60,"",0,0.0,66,56.4,72,65.5,72,65.5,1684079,47.3,-49027,-53.6,-1231,-92.8,-227,-9.3
"22000","5","518210","58","0","2023","4","",567,3399,3419,3370,67162885,2231211,38453,1521,"",0.82,0.57,0.58,0.57,0.31,0.60,0.70,0.54,"",-14,-2.4,-77,-2.2,-52,-1.5,-118,-3.4,-2117207,-3.1,-8063540,-78.3,-137048,-78.1,-11,-0.7
"22001","5","518210","78","0","2023","4","N",2,0,0,0,0,0,0,0,"N",0.31,0,0,0,0,0,0,0,"N",0,0.0,0,0,0,0,0,0,0,0,0,0,0,0,0,0
"22005","5","518210","78","0","2023","4","",10,7,7,6,167189,0,0,1929,"",0.58,0.04,0.05,0.04,0.03,0.00,0.00,0.60,"",-3,-23.1,-6,-46.2,-6,-46.2,-7,-53.8,-168386,-50.2,0,0.0,0,0.0,-57,-2.9
"22011","5","518210","78","0","2023","4","N",1,0,0,0,0,0,0,0,"N",0.26,0,0,0,0,0,0,0,"N",0,0.0,0,0,0,0,0,0,0,0,0,0,0,0,0,0
"22013","5","518210","78","0","2023","4","N",1,0,0,0,0,0,0,0,"N",0.71,0,0,0,0,0,0,0,"N",0,0.0,0,0,0,0,0,0,0,0,0,0,0,0,0,0
"22015","5","518210","78","0","2023","4","",16,49,50,50,904197,13478,153,1400,"",1.00,0.35,0.36,0.37,0.21,0.17,0.16,0.58,"",-3,-15.8,4,8.9,3,6.4,3,6.4,117255,14.9,-4588,-25.4,-148,-49.2,94,7.2
"22017","5","518210","78","0","2023","4","",21,194,191,190,2880629,74380,1164,1156,"",0.59,0.58,0.56,0.56,0.24,0.39,0.45,0.43,"",-5,-19.2,-106,-35.3,-107,-35.9,-106,-35.8,-1092634,-27.5,-80533,-52.0,-1323,-53.2,130,12.7
"22019","5","518210","78","0","2023","4","",13,26,26,26,474300,10930,137,1403,"",0.48,0.09,0.10,0.10,0.05,0.06,0.06,0.48,"",1,8.3,4,18.2,8,44.4,5,23.8,219493,86.1,2681,32.5,130,1857.1,439,45.5
"22023","5","518210","78","0","2023","4","N",1,0,0,0,0,0,0,0,"N",1.33,0,0,0,0,0,0,0,"N",0,0.0,0,0,0,0,0,0,0,0,0,0,0,0,0,0
"22025","5","518210","78","0","2023","4","N",1,0,0,0,0,0,0,0,"N",0.81,0,0,0,0,0,0,0,"N",0,0.0,0,0,0,0,0,0,0,0,0,0,0,0,0,0
"22033","5","518210","78","0","2023","4","",106,960,956,919,22328186,212614,3729,1818,"",1.24,1.13,1.13,1.08,0.65,0.37,0.36,0.58,"",2,1.9,-181,-15.9,-176,-15.5,-204,-18.2,-2797776,-11.1,-6323098,-96.7,-103166,-96.5,111,6.5
"22037","5","518210","78","0","2023","4","N",2,0,0,0,0,0,0,0,"N",1.10,0,0,0,0,0,0,0,"N",0,0.0,0,0,0,0,0,0,0,0,0,0,0,0,0,0
"22039","5","518210","78","0","2023","4","N",1,0,0,0,0,0,0,0,"N",0.34,0,0,0,0,0,0,0,"N",0,0.0,0,0,0,0,0,0,0,0,0,0,0,0,0,0
"22045","5","518210","78","0","2023","4","N",2,0,0,0,0,0,0,0,"N",0.23,0,0,0,0,0,0,0,"N",-1,-33.3,0,0,0,0,0,0,0,0,0,0,0,0,0,0
"22051","5","518210","78","0","2023","4","",61,652,672,675,7868846,1222661,22582,908,"",0.86,1.14,1.18,1.18,0.36,3.53,5.17,0.31,"",2,3.4,131,25.1,142,26.8,118,21.2,836146,11.9,212842,21.1,1036,4.8,-101,-10.0
"22055","5","518210","78","0","2023","4","",44,220,219,224,3437846,106818,910,1197,"",0.82,0.52,0.52,0.53,0.23,0.40,0.26,0.44,"",-1,-2.2,38,20.9,40,22.3,44,24.4,789885,29.8,60408,130.2,327,56.1,67,5.9
"22057","5","518210","78","0","2023","4","",5,29,29,28,447550,33038,742,1201,"",0.51,0.26,0.26,0.26,0.10,0.56,0.98,0.39,"",0,0.0,3,11.5,4,16.0,5,21.7,80532,21.9,-14392,-30.3,-331,-30.8,56,4.9
"22059","5","518210","78","0","2023","4","N",1,0,0,0,0,0,0,0,"N",0.48,0,0,0,0,0,0,0,"N",0,0.0,0,0,0,0,0,0,0,0,0,0,0,0,0,0
"22061","5","518210","78","0","2023","4","",4,3,3,3,82599,0,0,2118,"",0.59,0.05,0.05,0.05,0.05,0.00,0.00,0.99,"N",1,33.3,0,0,0,0,0,0,0,0,0,0,0,0,0,0
"22063","5","518210","78","0","2023","4","",11,9,9,9,254191,0,0,2173,"",0.81,0.09,0.09,0.09,0.09,0.00,0.00,1.01,"",-2,-15.4,-11,-55.0,-7,-43.8,-6,-40.0,-118761,-31.8,-35199,-100.0,-669,-100.0,485,28.7
"22071","5","518210","78","0","2023","4","",128,471,468,456,13566121,286594,5907,2244,"",1.67,0.81,0.79,0.77,0.58,0.82,1.39,0.74,"",0,0.0,-54,-10.3,-59,-11.2,-70,-13.3,-1508703,-10.0,-76958,-21.2,-963,-14.0,39,1.8
"22073","5","518210","78","0","2023","4","",13,302,299,294,6895701,42257,224,1778,"",0.54,1.40,1.39,1.37,1.07,0.33,0.12,0.77,"",-3,-18.8,-21,-6.5,-24,-7.4,-29,-9.0,-187116,-2.6,-1777745,-97.7,-29606,-99.2,91,5.4
"22075","5","518210","78","0","2023","4","N",1,0,0,0,0,0,0,0,"N",0.25,0,0,0,0,0,0,0,"N",-1,-50.0,0,0,0,0,0,0,0,0,0,0,0,0,0,0
"22079","5","518210","78","0","2023","4","",7,69,70,70,857960,22021,159,947,"",0.38,0.40,0.40,0.40,0.16,0.22,0.12,0.41,"N",2,40.0,0,0,0,0,0,0,0,0,0,0,0,0,0,0
"22083","5","518210","78","0","2023","4","N",1,0,0,0,0,0,0,0,"N",0.39,0,0,0,0,0,0,0,"N",0,0.0,0,0,0,0,0,0,0,0,0,0,0,0,0,0
"22087","5","518210","78","0","2023","4","N",1,0,0,0,0,0,0,0,"N",0.23,0,0,0,0,0,0,0,"N",0,0.0,0,0,0,0,0,0,0,0,0,0,0,0,0,0
"22089","5","518210","78","0","2023","4","N",2,0,0,0,0,0,0,0,"N",0.31,0,0,0,0,0,0,0,"N",0,0.0,0,0,0,0,0,0,0,0,0,0,0,0,0,0
"22093","5","518210","78","0","2023","4","N",1,0,0,0,0,0,0,0,"N",0.47,0,0,0,0,0,0,0,"N",0,0.0,0,0,0,0,0,0,0,0,0,0,0,0,0,0
"22095","5","518210","78","0","2023","4","N",3,0,0,0,0,0,0,0,"N",0.67,0,0,0,0,0,0,0,"N",0,0.0,0,0,0,0,0,0,0,0,0,0,0,0,0,0
"22097","5","518210","78","0","2023","4","N",4,0,0,0,0,0,0,0,"N",0.43,0,0,0,0,0,0,0,"N",0,0.0,0,0,0,0,0,0,0,0,0,0,0,0,0,0
"22099","5","518210","78","0","2023","4","N",1,0,0,0,0,0,0,0,"N",0.20,0,0,0,0,0,0,0,"N",-1,-50.0,0,0,0,0,0,0,0,0,0,0,0,0,0,0
"22101","5","518210","78","0","2023","4","N",2,0,0,0,0,0,0,0,"N",0.31,0,0,0,0,0,0,0,"N",0,0.0,0,0,0,0,0,0,0,0,0,0,0,0,0,0
"22103","5","518210","78","0","2023","4","",64,153,155,158,3661720,98957,1021,1813,"",1.33,0.51,0.51,0.52,0.33,0.52,0.44,0.64,"",-3,-4.5,9,6.2,9,6.2,10,6.8,493732,15.6,4656,4.9,-79,-7.2,144,8.6
"22105","5","518210","78","0","2023","4","N",8,0,0,0,0,0,0,0,"N",0.48,0,0,0,0,0,0,0,"N",2,33.3,0,0,0,0,0,0,0,0,0,0,0,0,0,0
"22109","5","518210","78","0","2023","4","",6,15,14,15,188971,11915,37,991,"",0.40,0.10,0.09,0.10,0.03,0.14,0.03,0.34,"",0,0.0,2,15.4,1,7.7,2,15.4,44421,30.7,10136,569.8,22,146.7,136,15.9
"22111","5","518210","78","0","2023","4","N",2,0,0,0,0,0,0,0,"N",0.95,0,0,0,0,0,0,0,"N",0,0.0,0,0,0,0,0,0,0,0,0,0,0,0,0,0
"22115","5","518210","78","0","2023","4","N",3,0,0,0,0,0,0,0,"N",0.63,0,0,0,0,0,0,0,"N",-2,-40.0,0,0,0,0,0,0,0,0,0,0,0,0,0,0
"22119","5","518210","78","0","2023","4","N",2,0,0,0,0,0,0,0,"N",0.45,0,0,0,0,0,0,0,"N",0,0.0,0,0,0,0,0,0,0,0,0,0,0,0,0,0
"22121","5","518210","78","0","2023","4","N",1,0,0,0,0,0,0,0,"N",0.26,0,0,0,0,0,0,0,"N",0,0.0,0,0,0,0,0,0,0,0,0,0,0,0,0,0
"22125","5","518210","78","0","2023","4","N",1,0,0,0,0,0,0,0,"N",0.70,0,0,0,0,0,0,0,"N",0,0.0,0,0,0,0,0,0,0,0,0,0,0,0,0,0
"22999","5","518210","78","0","2023","4","",13,188,191,190,2102890,53022,1167,853,"",1.31,1.73,1.78,1.84,0.39,0.52,0.59,0.22,"",2,18.2,97,106.6,102,114.6,95,100.0,939260,80.7,-47998,-47.5,-2034,-63.5,-123,-12.6
"23000","5","518210","58","0","2023","4","",291,821,812,800,25835586,351459,6976,2450,"",1.00,0.41,0.41,0.40,0.35,0.23,0.22,0.86,"",79,37.3,2,0.2,-23,-2.8,-34,-4.1,2217173,9.4,-256144,-42.2,-7542,-51.9,259,11.8
"23001","5","518210","78","0","2023","4","",9,7,7,7,135698,8212,162,1491,"",0.58,0.05,0.05,0.05,0.03,0.07,0.07,0.57,"N",0,0.0,0,0,0,0,0,0,0,0,0,0,0,0,0,0
"23003","5","518210","78","0","2023","4","",6,4,4,4,67079,0,0,1290,"",0.56,0.05,0.05,0.05,0.03,0.00,0.00,0.56,"",1,20.0,1,33.3,1,33.3,1,33.3,30327,82.5,-2113,-100.0,-47,-100.0,348,36.9
"23005","5","518210","78","0","2023","4","",102,414,409,404,12320608,166538,3835,2317,"",1.30,0.70,0.69,0.68,0.49,0.36,0.42,0.71,"",22,27.5,16,4.0,-5,-1.2,-16,-3.8,941587,8.3,-259234,-60.9,-6981,-64.5,186,8.7
"23009","5","518210","78","0","2023","4","N",7,0,0,0,0,0,0,0,"N",0.54,0,0,0,0,0,0,0,"N",1,16.7,0,0,0,0,0,0,0,0,0,0,0,0,0,0
"23011","5","518210","78","0","2023","4","N",15,0,0,0,0,0,0,0,"N",0.78,0,0,0,0,0,0,0,"N",8,114.3,0,0,0,0,0,0,0,0,0,0,0,0,0,0
"23013","5","518210","78","0","2023","4","N",4,0,0,0,0,0,0,0,"N",0.40,0,0,0,0,0,0,0,"N",3,300.0,0,0,0,0,0,0,0,0,0,0,0,0,0,0
"23015","5","518210","78","0","2023","4","",5,5,5,5,178565,0,0,2747,"",0.64,0.14,0.15,0.15,0.16,0.00,0.00,1.12,"N",1,25.0,0,0,0,0,0,0,0,0,0,0,0,0,0,0
"23017","5","518210","78","0","2023","4","",6,20,20,19,426449,0,0,1668,"",0.76,0.37,0.38,0.36,0.27,0.00,0.00,0.73,"N",2,50.0,0,0,0,0,0,0,0,0,0,0,0,0,0,0
"23019","5","518210","78","0","2023","4","N",13,0,0,0,0,0,0,0,"N",0.57,0,0,0,0,0,0,0,"N",4,44.4,0,0,0,0,0,0,0,0,0,0,0,0,0,0
"23021","5","518210","78","0","2023","4","N",1,0,0,0,0,0,0,0,"N",0.38,0,0,0,0,0,0,0,"N",0,0.0,0,0,0,0,0,0,0,0,0,0,0,0,0,0
"23023","5","518210","78","0","2023","4","",5,6,6,6,70464,4200,53,903,"",0.85,0.12,0.12,0.12,0.04,0.13,0.09,0.32,"N",1,25.0,0,0,0,0,0,0,0,0,0,0,0,0,0,0
"23025","5","518210","78","0","2023","4","N",4,0,0,0,0,0,0,0,"N",0.58,0,0,0,0,0,0,0,"N",2,100.0,0,0,0,0,0,0,0,0,0,0,0,0,0,0
"23027","5","518210","78","0","2023","4","N",2,0,0,0,0,0,0,0,"N",0.32,0,0,0,0,0,0,0,"N",1,100.0,0,0,0,0,0,0,0,0,0,0,0,0,0,0
"23029","5","518210","78","0","2023","4","N",3,0,0,0,0,0,0,0,"N",0.57,0,0,0,0,0,0,0,"N",0,0.0,0,0,0,0,0,0,0,0,0,0,0,0,0,0
"23031","5","518210","78","0","2023","4","",38,60,58,48,1437244,45120,904,1998,"",0.99,0.24,0.24,0.20,0.17,0.26,0.24,0.72,"N",6,18.8,0,0,0,0,0,0,0,0,0,0,0,0,0,0
"23999","5","518210","78","0","2023","4","",71,210,211,212,8974913,91837,1748,3272,"",2.09,2.37,2.40,2.40,1.88,0.77,0.53,0.79,"",28,65.1,65,44.8,66,45.5,66,45.2,3198974,55.4,45680,99.0,912,109.1,215,7.0
"24000","2","518210","58","0","2023","4","N",1,0,0,0,0,0,0,0,"N",3.26,0,0,0,0,0,0,0,"N",0,0.0,0,0,0,0,0,0,0,0,0,0,0,0,0,0
"24000","3","518210","58","0","2023","4","N",1,0,0,0,0,0,0,0,"N",0.64,0,0,0,0,0,0,0,"N",0,0.0,0,0,0,0,0,0,0,0,0,0,0,0,0,0
"24000","5","518210","58","0","2023","4","",1427,5079,5112,5107,228038931,3829935,84633,3440,"",1.64,0.60,0.60,0.60,0.58,0.81,0.76,0.97,"",272,23.5,7,0.1,44,0.9,8,0.2,15433078,7.3,-940605,-19.7,-25997,-23.5,220,6.8
"24001","5","518210","78","0","2023","4","N",4,0,0,0,0,0,0,0,"N",0.56,0,0,0,0,0,0,0,"N",1,33.3,0,0,0,0,0,0,0,0,0,0,0,0,0,0
"24003","5","518210","78","0","2023","4","",72,317,321,319,12602910,115356,2183,3039,"",0.95,0.36,0.37,0.37,0.32,0.22,0.18,0.87,"",4,5.9,-7,-2.2,0,0.0,-10,-3.0,1213908,10.7,-212760,-64.8,-5274,-70.7,341,12.6
"24005","5","518210","78","0","2023","4","",94,225,222,222,8641752,146206,3014,2981,"",0.90,0.20,0.19,0.19,0.18,0.21,0.18,0.91,"",12,14.6,-12,-5.1,-12,-5.1,-8,-3.5,1499568,21.0,-163948,-52.9,-4139,-57.9,630,26.8
"24009","5","518210","78","0","2023","4","N",9,0,0,0,0,0,0,0,"N",1.01,0,0,0,0,0,0,0,"N",2,28.6,0,0,0,0,0,0,0,0,0,0,0,0,0,0
"24011","5","518210","78","0","2023","4","N",3,0,0,0,0,0,0,0,"N",0.90,0,0,0,0,0,0,0,"N",2,200.0,0,0,0,0,0,0,0,0,0,0,0,0,0,0
"24013","5","518210","78","0","2023","4","",12,29,29,32,1564894,30584,717,4013,"",0.58,0.16,0.16,0.18,0.25,0.30,0.33,1.50,"",2,20.0,5,20.8,4,16.0,8,33.3,883062,129.5,21796,248.0,518,260.3,1858,86.2
"24015","5","518210","78","0","2023","4","",5,13,14,14,310248,18200,309,1746,"",0.56,0.11,0.12,0.12,0.07,0.25,0.18,0.61,"N",2,66.7,0,0,0,0,0,0,0,0,0,0,0,0,0,0
"24017","5","518210","78","0","2023","4","",12,32,31,32,879189,34489,549,2136,"",0.83,0.25,0.24,0.24,0.19,0.47,0.32,0.78,"N",3,33.3,0,0,0,0,0,0,0,0,0,0,0,0,0,0
"24019","5","518210","78","0","2023","4","N",1,0,0,0,0,0,0,0,"N",0.28,0,0,0,0,0,0,0,"N",-1,-50.0,0,0,0,0,0,0,0,0,0,0,0,0,0,0
"24021","5","518210","78","0","2023","4","",52,328,342,345,29825286,322558,6975,6781,"",1.56,0.98,1.02,1.03,2.16,1.76,1.75,2.14,"",27,108.0,-9,-2.7,-11,-3.1,-13,-3.6,12626819,73.4,146372,83.1,3792,119.1,2994,79.1
"24023","5","518210","78","0","2023","4","N",4,0,0,0,0,0,0,0,"N",0.79,0,0,0,0,0,0,0,"N",0,0.0,0,0,0,0,0,0,0,0,0,0,0,0,0,0
"24025","5","518210","78","0","2023","4","",18,49,49,50,1316772,60093,1472,2053,"",0.63,0.16,0.16,0.17,0.11,0.33,0.35,0.65,"N",4,28.6,0,0,0,0,0,0,0,0,0,0,0,0,0,0
"24027","5","518210","78","0","2023","4","",114,500,498,503,28037313,496592,11185,4311,"",2.25,0.95,0.94,0.96,1.01,1.61,1.47,1.06,"",35,44.3,46,10.1,23,4.8,17,3.5,-130349,-0.5,-40465,-7.5,-1876,-14.4,-283,-6.2
"24029","5","518210","78","0","2023","4","N",1,0,0,0,0,0,0,0,"N",0.29,0,0,0,0,0,0,0,"N",1,100.0,0,0,0,0,0,0,0,0,0,0,0,0,0,0
"24031","5","518210","78","0","2023","4","",222,1327,1324,1327,64215698,670023,12944,3725,"",1.40,0.93,0.92,0.92,0.82,0.95,0.86,0.88,"",66,42.3,-61,-4.4,-76,-5.4,-84,-6.0,-7908790,-11.0,-565995,-45.8,-14311,-52.5,-239,-6.0
"24033","5","518210","78","0","2023","4","",88,444,456,461,13803167,237803,6790,2340,"",1.07,0.45,0.46,0.46,0.32,0.44,0.53,0.69,"",30,51.7,-94,-17.5,-86,-15.9,-98,-17.5,-2648162,-16.1,-8939,-3.6,-3148,-31.7,24,1.0
"24035","5","518210","78","0","2023","4","",7,5,6,7,157135,8864,207,2015,"",0.96,0.10,0.12,0.14,0.09,0.29,0.34,0.73,"N",2,40.0,0,0,0,0,0,0,0,0,0,0,0,0,0,0
"24037","5","518210","78","0","2023","4","N",2,0,0,0,0,0,0,0,"N",0.20,0,0,0,0,0,0,0,"N",0,0.0,0,0,0,0,0,0,0,0,0,0,0,0,0,0
"24041","5","518210","78","0","2023","4","N",2,0,0,0,0,0,0,0,"N",0.28,0,0,0,0,0,0,0,"N",1,100.0,0,0,0,0,0,0,0,0,0,0,0,0,0,0
"24043","5","518210","78","0","2023","4","",5,139,138,141,3953112,42204,943,2182,"",0.30,0.71,0.71,0.71,0.57,0.38,0.37,0.80,"N",-1,-16.7,0,0,0,0,0,0,0,0,0,0,0,0,0,0
"24045","5","518210","78","0","2023","4","",7,23,22,21,425110,3606,113,1486,"",0.59,0.16,0.15,0.15,0.09,0.05,0.06,0.60,"N",1,16.7,0,0,0,0,0,0,0,0,0,0,0,0,0,0
"24047","5","518210","78","0","2023","4","",8,15,15,13,435453,7764,129,2337,"",0.75,0.19,0.21,0.19,0.21,0.17,0.09,1.07,"",2,33.3,-2,-11.8,-2,-11.8,-4,-23.5,-91393,-17.3,3864,99.1,90,230.8,-47,-2.0
"24510","3","518210","78","0","2023","4","N",1,0,0,0,0,0,0,0,"N",8.36,0,0,0,0,0,0,0,"N",0,0.0,0,0,0,0,0,0,0,0,0,0,0,0,0,0
"24510","5","518210","78","0","2023","4","",48,168,167,163,7832446,87596,1804,3629,"",0.72,0.16,0.15,0.15,0.15,0.18,0.14,0.96,"",7,17.1,7,4.3,0,0.0,-1,-0.6,1151360,17.2,-47301,-35.1,-1090,-37.7,495,15.8
"24999","2","518210","78","0","2023","4","N",1,0,0,0,0,0,0,0,"N",22.08,0,0,0,0,0,0,0,"N",0,0.0,0,0,0,0,0,0,0,0,0,0,0,0,0,0
"24999","5","518210","78","0","2023","4","",637,1327,1338,1321,51969518,1405981,30386,3009,"",4.95,3.40,3.42,3.37,2.03,4.32,3.70,0.60,"",70,12.3,88,7.1,154,13.0,155,13.3,6784515,15.0,-80693,-5.4,-1479,-4.6,104,3.6
"25000","3","518210","58","0","2023","4","",3,22,22,22,495555,0,0,1733,"",1.29,0.33,0.33,0.33,0.28,0.00,0.00,0.86,"N",0,0.0,0,0,0,0,0,0,0,0,0,0,0,0,0,0
"25000","5","518210","58","0","2023","4","",1508,10044,10027,10049,444473647,10787624,178363,3405,"",1.17,0.88,0.88,0.88,0.71,0.66,0.97,0.80,"",110,7.9,-268,-2.6,-256,-2.5,-217,-2.1,10138196,2.3,-804150,-6.9,-171377,-49.0,157,4.8
"25001","3","518210","78","0","2023","4","N",1,0,0,0,0,0,0,0,"N",12.42,0,0,0,0,0,0,0,"N",0,0.0,0,0,0,0,0,0,0,0,0,0,0,0,0,0
"25001","5","518210","78","0","2023","4","",14,138,142,142,2921372,209263,2447,1598,"",0.31,0.46,0.50,0.50,0.26,0.49,0.44,0.53,"",-1,-6.7,4,3.0,13,10.1,13,10.1,211312,7.8,66147,46.2,-937,-27.7,3,0.2
"25003","5","518210","78","0","2023","4","",21,36,35,32,925160,30117,486,2073,"",0.84,0.20,0.20,0.18,0.14,0.12,0.19,0.73,"",1,5.0,4,12.5,5,16.7,2,6.7,112922,13.9,19660,188.0,233,92.1,36,1.8
"25005","5","518210","78","0","2023","4","",21,33,28,29,949309,8179,117,2434,"",0.25,0.05,0.04,0.04,0.04,0.01,0.01,0.84,"",3,16.7,15,83.3,11,64.7,12,70.6,316199,49.9,-17622,-68.3,-566,-82.9,-376,-13.4
"25007","5","518210","78","0","2023","4","N",1,0,0,0,0,0,0,0,"N",0.15,0,0,0,0,0,0,0,"N",1,100.0,0,0,0,0,0,0,0,0,0,0,0,0,0,0
"25009","3","518210","78","0","2023","4","N",1,0,0,0,0,0,0,0,"N",4.20,0,0,0,0,0,0,0,"N",0,0.0,0,0,0,0,0,0,0,0,0,0,0,0,0,0
"25009","5","518210","78","0","2023","4","",68,319,310,303,11743439,160215,2603,2908,"",0.51,0.31,0.31,0.30,0.26,0.12,0.16,0.84,"",1,1.5,-206,-39.2,-212,-40.6,-209,-40.8,-6534270,-35.7,-342319,-68.1,-14661,-84.9,202,7.5
"25011","5","518210","78","0","2023","4","N",6,0,0,0,0,0,0,0,"N",0.51,0,0,0,0,0,0,0,"N",0,0.0,0,0,0,0,0,0,0,0,0,0,0,0,0,0
"25013","5","518210","78","0","2023","4","",13,43,44,43,654080,21285,198,1161,"",0.15,0.07,0.07,0.07,0.03,0.02,0.02,0.41,"",1,8.3,-10,-18.9,-8,-15.4,-10,-18.9,-350304,-34.9,-71774,-77.1,-2587,-92.9,-306,-20.9
"25015","5","518210","78","0","2023","4","",11,48,49,44,2548549,53572,474,4171,"",0.49,0.23,0.24,0.21,0.34,0.08,0.14,1.51,"",1,10.0,30,166.7,31,172.2,24,120.0,1953708,328.4,-10037,-15.8,-2220,-82.4,1720,70.2
"25017","5","518210","78","0","2023","4","",315,2950,2940,2931,125292708,2246339,41081,3278,"",1.17,1.01,1.01,1.01,0.69,0.65,0.95,0.68,"",-7,-2.2,-260,-8.1,-268,-8.4,-252,-7.9,-10056808,-7.4,-996933,-30.7,-59815,-59.3,25,0.8
"25021","5","518210","78","0","2023","4","",110,604,612,616,19905518,656207,11364,2507,"",0.92,0.56,0.56,0.57,0.36,0.49,0.65,0.64,"",2,1.9,45,8.1,51,9.1,55,9.8,2786309,16.3,106790,19.4,-8289,-42.2,157,6.7
"25023","3","518210","78","0","2023","4","N",1,0,0,0,0,0,0,0,"N",7.19,0,0,0,0,0,0,0,"N",0,0.0,0,0,0,0,0,0,0,0,0,0,0,0,0,0
"25023","5","518210","78","0","2023","4","",39,354,350,339,10987658,202212,3294,2431,"",0.50,0.58,0.58,0.56,0.44,0.22,0.30,0.76,"",0,0.0,-59,-14.3,-60,-14.6,-76,-18.3,-2155684,-16.4,-62829,-23.7,-4966,-60.1,-19,-0.8
"25025","5","518210","78","0","2023","4","",242,3696,3712,3764,177736308,3850475,68113,3671,"",1.58,1.66,1.67,1.70,1.04,1.20,2.27,0.62,"",10,4.3,1,0.0,32,0.9,55,1.5,10563681,6.3,145449,3.9,-44189,-39.3,190,5.5
"25027","5","518210","78","0","2023","4","",55,386,382,379,27259332,244113,3306,5484,"",0.43,0.35,0.35,0.34,0.59,0.12,0.17,1.71,"",3,5.8,0,0.0,-8,-2.1,-13,-3.3,3428691,14.4,-183201,-42.9,-7152,-68.4,776,16.5
"25999","5","518210","78","0","2023","4","",592,1432,1418,1422,63450644,3105647,44880,3428,"",4.69,5.06,4.97,5.01,2.61,6.91,5.05,0.52,"N",95,19.1,0,0,0,0,0,0,0,0,0,0,0,0,0,0
"26000","5","518210","58","0","2023","4","",2244,10518,10370,10274,314707051,6061408,158815,2331,"",1.50,0.77,0.76,0.75,0.57,0.69,0.66,0.75,"",212,10.4,-140,-1.3,-271,-2.5,-369,-3.5,-5166852,-1.6,-2307772,-27.6,-62189,-28.1,20,0.9
"26005","5","518210","78","0","2023","4","",7,13,13,13,679325,2287,19,4020,"",0.53,0.10,0.10,0.10,0.15,0.03,0.01,1.43,"",1,16.7,4,44.4,3,30.0,4,44.4,331555,95.3,-345,-13.1,4,26.7,1154,40.3
"26007","5","518210","78","0","2023","4","N",2,0,0,0,0,0,0,0,"N",0.45,0,0,0,0,0,0,0,"N",1,100.0,0,0,0,0,0,0,0,0,0,0,0,0,0,0
"26009","5","518210","78","0","2023","4","N",3,0,0,0,0,0,0,0,"N",0.99,0,0,0,0,0,0,0,"N",0,0.0,0,0,0,0,0,0,0,0,0,0,0,0,0,0
"26015","5","518210","78","0","2023","4","N",3,0,0,0,0,0,0,0,"N",0.58,0,0,0,0,0,0,0,"N",0,0.0,0,0,0,0,0,0,0,0,0,0,0,0,0,0
"26017","5","518210","78","0","2023","4","N",2,0,0,0,0,0,0,0,"N",0.19,0,0,0,0,0,0,0,"N",0,0.0,0,0,0,0,0,0,0,0,0,0,0,0,0,0
"26019","5","518210","78","0","2023","4","N",1,0,0,0,0,0,0,0,"N",0.41,0,0,0,0,0,0,0,"N",0,0.0,0,0,0,0,0,0,0,0,0,0,0,0,0,0
"26021","5","518210","78","0","2023","4","N",6,0,0,0,0,0,0,0,"N",0.29,0,0,0,0,0,0,0,"N",1,20.0,0,0,0,0,0,0,0,0,0,0,0,0,0,0
"26023","5","518210","78","0","2023","4","",3,4,4,4,61644,3183,162,1185,"",0.69,0.08,0.08,0.08,0.04,0.08,0.16,0.50,"",0,0.0,1,33.3,1,33.3,1,33.3,26062,73.2,3183,100.0,162,100.0,273,29.9
"26025","5","518210","78","0","2023","4","N",1,0,0,0,0,0,0,0,"N",0.08,0,0,0,0,0,0,0,"N",0,0.0,0,0,0,0,0,0,0,0,0,0,0,0,0,0
"26027","5","518210","78","0","2023","4","",3,4,4,5,52734,0,0,936,"",0.65,0.14,0.14,0.17,0.06,0.00,0.00,0.38,"",0,0.0,-2,-33.3,-2,-33.3,0,0.0,-51283,-49.3,-825,-100.0,-7,-100.0,-476,-33.7
"26031","5","518210","78","0","2023","4","N",1,0,0,0,0,0,0,0,"N",0.24,0,0,0,0,0,0,0,"N",0,0.0,0,0,0,0,0,0,0,0,0,0,0,0,0,0
"26033","5","518210","78","0","2023","4","N",2,0,0,0,0,0,0,0,"N",0.47,0,0,0,0,0,0,0,"N",0,0.0,0,0,0,0,0,0,0,0,0,0,0,0,0,0
"26035","5","518210","78","0","2023","4","N",1,0,0,0,0,0,0,0,"N",0.32,0,0,0,0,0,0,0,"N",0,0.0,0,0,0,0,0,0,0,0,0,0,0,0,0,0
"26037","5","518210","78","0","2023","4","N",6,0,0,0,0,0,0,0,"N",0.84,0,0,0,0,0,0,0,"N",0,0.0,0,0,0,0,0,0,0,0,0,0,0,0,0,0
"26041","5","518210","78","0","2023","4","N",1,0,0,0,0,0,0,0,"N",0.19,0,0,0,0,0,0,0,"N",0,0.0,0,0,0,0,0,0,0,0,0,0,0,0,0,0
"26045","5","518210","78","0","2023","4","",8,322,319,318,7026031,17238,379,1691,"",0.76,2.52,2.35,2.35,1.44,0.21,0.17,0.60,"",0,0.0,-43,-11.8,-50,-13.6,-51,-13.8,-1036992,-12.9,-104862,-85.9,-2762,-87.9,4,0.2
"26047","5","518210","78","0","2023","4","N",1,0,0,0,0,0,0,0,"N",0.13,0,0,0,0,0,0,0,"N",0,0.0,0,0,0,0,0,0,0,0,0,0,0,0,0,0
"26049","5","518210","78","0","2023","4","",17,62,62,75,780485,88430,1334,905,"",0.46,0.15,0.15,0.18,0.06,0.32,0.17,0.35,"N",1,6.2,0,0,0,0,0,0,0,0,0,0,0,0,0,0
"26055","5","518210","78","0","2023","4","",13,104,109,109,2350054,72353,1593,1684,"",0.70,0.65,0.69,0.69,0.41,0.81,0.66,0.61,"",0,0.0,2,2.0,4,3.8,6,5.8,258607,12.4,46697,182.0,770,93.6,127,8.2
"26059","5","518210","78","0","2023","4","N",1,0,0,0,0,0,0,0,"N",0.23,0,0,0,0,0,0,0,"N",0,0.0,0,0,0,0,0,0,0,0,0,0,0,0,0,0
"26061","5","518210","78","0","2023","4","",6,57,63,65,1467363,103787,2530,1830,"",1.26,1.53,1.71,1.75,1.19,5.23,4.65,0.71,"",0,0.0,25,78.1,26,70.3,27,71.1,293704,25.0,67012,182.2,1564,161.9,-701,-27.7
"26065","5","518210","78","0","2023","4","",25,211,213,206,5475187,125358,2956,2006,"",0.73,0.43,0.44,0.43,0.28,0.52,0.45,0.64,"",0,0.0,-7,-3.2,-8,-3.6,-13,-5.9,-91759,-1.6,16458,15.1,-508,-14.7,54,2.8
"26067","5","518210","78","0","2023","4","N",1,0,0,0,0,0,0,0,"N",0.19,0,0,0,0,0,0,0,"N",0,0.0,0,0,0,0,0,0,0,0,0,0,0,0,0,0
"26069","5","518210","78","0","2023","4","N",1,0,0,0,0,0,0,0,"N",0.32,0,0,0,0,0,0,0,"N",1,100.0,0,0,0,0,0,0,0,0,0,0,0,0,0,0
"26073","5","518210","78","0","2023","4","N",4,0,0,0,0,0,0,0,"N",0.58,0,0,0,0,0,0,0,"N",0,0.0,0,0,0,0,0,0,0,0,0,0,0,0,0,0
"26075","5","518210","78","0","2023","4","N",1,0,0,0,0,0,0,0,"N",0.06,0,0,0,0,0,0,0,"N",0,0.0,0,0,0,0,0,0,0,0,0,0,0,0,0,0
"26077","5","518210","78","0","2023","4","",12,67,67,64,1352178,27724,508,1576,"",0.40,0.18,0.18,0.17,0.09,0.12,0.09,0.53,"N",1,9.1,0,0,0,0,0,0,0,0,0,0,0,0,0,0
"26079","5","518210","78","0","2023","4","N",2,0,0,0,0,0,0,0,"N",1.07,0,0,0,0,0,0,0,"N",0,0.0,0,0,0,0,0,0,0,0,0,0,0,0,0,0
"26081","5","518210","78","0","2023","4","",77,798,784,796,19939470,353103,10195,1935,"",0.88,0.61,0.60,0.61,0.42,0.39,0.46,0.69,"",8,11.6,-4,-0.5,-9,-1.1,10,1.3,-6551980,-24.7,-195763,-35.7,-5916,-36.7,-633,-24.6
"26083","5","518210","78","0","2023","4","N",1,0,0,0,0,0,0,0,"N",2.32,0,0,0,0,0,0,0,"N",1,100.0,0,0,0,0,0,0,0,0,0,0,0,0,0,0
"26087","5","518210","78","0","2023","4","N",4,0,0,0,0,0,0,0,"N",0.46,0,0,0,0,0,0,0,"N",0,0.0,0,0,0,0,0,0,0,0,0,0,0,0,0,0
"26089","5","518210","78","0","2023","4","N",2,0,0,0,0,0,0,0,"N",0.47,0,0,0,0,0,0,0,"N",0,0.0,0,0,0,0,0,0,0,0,0,0,0,0,0,0
"26091","5","518210","78","0","2023","4","N",2,0,0,0,0,0,0,0,"N",0.20,0,0,0,0,0,0,0,"N",0,0.0,0,0,0,0,0,0,0,0,0,0,0,0,0,0
"26093","5","518210","78","0","2023","4","",13,66,63,65,1158843,45437,1091,1378,"",0.54,0.33,0.32,0.33,0.17,0.31,0.27,0.52,"",0,0.0,-6,-8.3,-2,-3.1,2,3.2,-328897,-22.1,300,0.7,-213,-16.3,-339,-19.7
"26095","5","518210","78","0","2023","4","N",1,0,0,0,0,0,0,0,"N",1.08,0,0,0,0,0,0,0,"N",0,0.0,0,0,0,0,0,0,0,0,0,0,0,0,0,0
"26097","5","518210","78","0","2023","4","N",1,0,0,0,0,0,0,0,"N",0.39,0,0,0,0,0,0,0,"N",0,0.0,0,0,0,0,0,0,0,0,0,0,0,0,0,0
"26099","5","518210","78","0","2023","4","",41,140,136,134,2954064,127024,4259,1663,"",0.41,0.13,0.13,0.13,0.07,0.19,0.22,0.52,"",3,7.9,-14,-9.1,-21,-13.4,-27,-16.8,-571328,-16.2,-14690,-10.4,175,4.3,-61,-3.5
"26101","5","518210","78","0","2023","4","N",1,0,0,0,0,0,0,0,"N",0.33,0,0,0,0,0,0,0,"N",0,0.0,0,0,0,0,0,0,0,0,0,0,0,0,0,0
"26103","5","518210","78","0","2023","4","N",2,0,0,0,0,0,0,0,"N",0.23,0,0,0,0,0,0,0,"N",0,0.0,0,0,0,0,0,0,0,0,0,0,0,0,0,0
"26105","5","518210","78","0","2023","4","N",1,0,0,0,0,0,0,0,"N",0.28,0,0,0,0,0,0,0,"N",0,0.0,0,0,0,0,0,0,0,0,0,0,0,0,0,0
"26109","5","518210","78","0","2023","4","N",1,0,0,0,0,0,0,0,"N",0.41,0,0,0,0,0,0,0,"N",0,0.0,0,0,0,0,0,0,0,0,0,0,0,0,0,0
"26111","5","518210","78","0","2023","4","N",6,0,0,0,0,0,0,0,"N",0.29,0,0,0,0,0,0,0,"N",0,0.0,0,0,0,0,0,0,0,0,0,0,0,0,0,0
"26113","5","518210","78","0","2023","4","N",1,0,0,0,0,0,0,0,"N",0.52,0,0,0,0,0,0,0,"N",0,0.0,0,0,0,0,0,0,0,0,0,0,0,0,0,0
"26115","5","518210","78","0","2023","4","N",5,0,0,0,0,0,0,0,"N",0.40,0,0,0,0,0,0,0,"N",1,25.0,0,0,0,0,0,0,0,0,0,0,0,0,0,0
"26117","5","518210","78","0","2023","4","N",2,0,0,0,0,0,0,0,"N",0.37,0,0,0,0,0,0,0,"N",1,100.0,0,0,0,0,0,0,0,0,0,0,0,0,0,0
"26121","5","518210","78","0","2023","4","N",5,0,0,0,0,0,0,0,"N",0.32,0,0,0,0,0,0,0,"N",0,0.0,0,0,0,0,0,0,0,0,0,0,0,0,0,0
"26123","5","518210","78","0","2023","4","N",3,0,0,0,0,0,0,0,"N",0.69,0,0,0,0,0,0,0,"N",0,0.0,0,0,0,0,0,0,0,0,0,0,0,0,0,0
"26125","5","518210","78","0","2023","4","",226,2294,2298,2253,63050712,1413124,36445,2126,"",1.03,1.01,1.02,0.99,0.59,0.89,0.80,0.59,"",6,2.7,353,18.2,351,18.0,257,12.9,6267382,11.0,-174009,-11.0,-13276,-26.7,-101,-4.5
"26133","5","518210","78","0","2023","4","N",1,0,0,0,0,0,0,0,"N",0.43,0,0,0,0,0,0,0,"N",0,0.0,0,0,0,0,0,0,0,0,0,0,0,0,0,0
"26137","5","518210","78","0","2023","4","N",2,0,0,0,0,0,0,0,"N",0.49,0,0,0,0,0,0,0,"N",0,0.0,0,0,0,0,0,0,0,0,0,0,0,0,0,0
"26139","5","518210","78","0","2023","4","",13,28,26,23,806021,4665,71,2416,"",0.39,0.07,0.06,0.06,0.05,0.02,0.01,0.85,"",2,18.2,5,21.7,3,13.0,0,0.0,266007,49.3,2497,115.2,40,129.0,610,33.8
"26143","5","518210","78","0","2023","4","N",2,0,0,0,0,0,0,0,"N",0.68,0,0,0,0,0,0,0,"N",0,0.0,0,0,0,0,0,0,0,0,0,0,0,0,0,0
"26145","5","518210","78","0","2023","4","N",4,0,0,0,0,0,0,0,"N",0.20,0,0,0,0,0,0,0,"N",1,33.3,0,0,0,0,0,0,0,0,0,0,0,0,0,0
"26147","5","518210","78","0","2023","4","N",6,0,0,0,0,0,0,0,"N",0.38,0,0,0,0,0,0,0,"N",1,20.0,0,0,0,0,0,0,0,0,0,0,0,0,0,0
"26151","5","518210","78","0","2023","4","N",2,0,0,0,0,0,0,0,"N",0.46,0,0,0,0,0,0,0,"N",0,0.0,0,0,0,0,0,0,0,0,0,0,0,0,0,0
"26155","5","518210","78","0","2023","4","N",3,0,0,0,0,0,0,0,"N",0.52,0,0,0,0,0,0,0,"N",1,50.0,0,0,0,0,0,0,0,0,0,0,0,0,0,0
"26157","5","518210","78","0","2023","4","N",2,0,0,0,0,0,0,0,"N",0.45,0,0,0,0,0,0,0,"N",0,0.0,0,0,0,0,0,0,0,0,0,0,0,0,0,0
"26159","5","518210","78","0","2023","4","N",3,0,0,0,0,0,0,0,"N",0.37,0,0,0,0,0,0,0,"N",0,0.0,0,0,0,0,0,0,0,0,0,0,0,0,0,0
"26161","5","518210","78","0","2023","4","",78,1049,1040,1030,28777732,283337,7083,2129,"",1.59,1.54,1.53,1.52,0.98,1.00,1.02,0.64,"",6,8.3,-51,-4.6,-47,-4.3,-50,-4.6,-282178,-1.0,-67434,-19.2,-2595,-26.8,76,3.7
"26163","5","518210","78","0","2023","4","",104,1146,1044,1048,24881656,486555,17079,1773,"",0.56,0.51,0.46,0.46,0.25,0.35,0.41,0.51,"",3,3.0,-34,-2.9,-132,-11.2,-142,-11.9,-4283744,-14.7,-83927,-14.7,1646,10.7,-125,-6.6
"26999","5","518210","78","0","2023","4","",1495,3811,3789,3721,140441257,2684433,68146,2863,"",5.50,7.25,7.22,7.12,4.43,5.41,4.63,0.62,"",172,13.0,-499,-11.6,-500,-11.7,-533,-12.5,-4796027,-3.3,-1864080,-41.0,-42911,-38.6,255,9.8
"27000","3","518210","58","0","2023","4","",7,845,843,842,18300938,0,0,1669,"",4.13,15.59,15.65,15.92,16.74,0.00,0.00,1.06,"",0,0.0,20,2.4,15,1.8,12,1.4,772619,4.4,0,0.0,0,0.0,40,2.5
"27000","5","518210","58","0","2023","4","",1236,7110,7115,7013,324362355,18689093,124634,3524,"",1.31,0.78,0.78,0.78,0.83,0.83,0.58,1.07,"",169,15.8,44,0.6,29,0.4,-55,-0.8,49348818,17.9,-4328272,-18.8,-60689,-32.7,533,17.8
"27003","5","518210","78","0","2023","4","",12,32,31,31,777342,128845,639,1908,"",0.30,0.08,0.07,0.08,0.05,0.12,0.06,0.65,"",3,33.3,4,14.3,4,14.8,2,6.9,-139950,-15.3,-2142,-1.6,85,15.3,-612,-24.3
"27005","5","518210","78","0","2023","4","N",1,0,0,0,0,0,0,0,"N",0.20,0,0,0,0,0,0,0,"N",-1,-50.0,0,0,0,0,0,0,0,0,0,0,0,0,0,0
"27009","5","518210","78","0","2023","4","-",0,0,0,0,0,0,0,0,"N",0.00,0,0,0,0,0,0,0,"N",-1,-100.0,0,0,0,0,0,0,0,0,0,0,0,0,0,0
"27013","3","518210","78","0","2023","4","",2,24,24,24,454684,0,0,1457,"",115.98,31.58,31.42,32.30,37.69,0.00,0.00,1.19,"",0,0.0,1,4.3,-1,-4.0,0,0.0,13572,3.1,0,0.0,0,0.0,43,3.0
"27013","5","518210","78","0","2023","4","N",2,0,0,0,0,0,0,0,"N",0.21,0,0,0,0,0,0,0,"N",2,100.0,0,0,0,0,0,0,0,0,0,0,0,0,0,0
"27019","5","518210","78","0","2023","4","",10,11,11,21,394853,204351,1081,2119,"",0.78,0.09,0.09,0.16,0.07,0.67,0.42,0.67,"N",2,25.0,0,0,0,0,0,0,0,0,0,0,0,0,0,0
"27021","5","518210","78","0","2023","4","N",1,0,0,0,0,0,0,0,"N",0.23,0,0,0,0,0,0,0,"N",1,100.0,0,0,0,0,0,0,0,0,0,0,0,0,0,0
"27025","5","518210","78","0","2023","4","N",3,0,0,0,0,0,0,0,"N",0.48,0,0,0,0,0,0,0,"N",-1,-25.0,0,0,0,0,0,0,0,0,0,0,0,0,0,0
"27027","3","518210","78","0","2023","4","",1,21,21,20,349138,0,0,1300,"",81.99,56.55,57.20,56.16,63.50,0.00,0.00,1.12,"",0,0.0,0,0.0,0,0.0,-1,-4.8,1941,0.6,0,0.0,0,0.0,28,2.2
"27027","5","518210","78","0","2023","4","N",1,0,0,0,0,0,0,0,"N",0.15,0,0,0,0,0,0,0,"N",0,0.0,0,0,0,0,0,0,0,0,0,0,0,0,0,0
"27029","5","518210","78","0","2023","4","N",1,0,0,0,0,0,0,0,"N",0.96,0,0,0,0,0,0,0,"N",0,0.0,0,0,0,0,0,0,0,0,0,0,0,0,0,0
"27033","5","518210","78","0","2023","4","N",1,0,0,0,0,0,0,0,"N",0.50,0,0,0,0,0,0,0,"N",0,0.0,0,0,0,0,0,0,0,0,0,0,0,0,0,0
"27037","5","518210","78","0","2023","4","",31,256,254,251,6273675,797077,4149,1902,"",0.58,0.43,0.43,0.43,0.25,0.50,0.25,0.58,"",-5,-13.9,-19,-6.9,-20,-7.3,-22,-8.1,-570586,-8.3,-254363,-24.2,-1186,-22.2,-19,-1.0
"27041","5","518210","78","0","2023","4","N",1,0,0,0,0,0,0,0,"N",0.15,0,0,0,0,0,0,0,"N",0,0.0,0,0,0,0,0,0,0,0,0,0,0,0,0,0
"27047","5","518210","78","0","2023","4","N",1,0,0,0,0,0,0,0,"N",0.27,0,0,0,0,0,0,0,"N",-1,-50.0,0,0,0,0,0,0,0,0,0,0,0,0,0,0
"27053","3","518210","78","0","2023","4","",2,789,787,788,17298095,0,0,1689,"",5.55,46.49,46.48,47.30,42.25,0.00,0.00,0.90,"",0,0.0,49,6.6,47,6.4,44,5.9,1635383,10.4,0,0.0,0,0.0,64,3.9
"27053","5","518210","78","0","2023","4","",189,4025,4028,4016,157443342,8252999,39007,3010,"",0.94,1.41,1.41,1.41,1.08,1.19,0.70,0.76,"",1,0.5,-15,-0.4,-15,-0.4,-16,-0.4,12709685,8.8,-1493717,-15.3,-4596,-10.5,253,9.2
"27055","5","518210","78","0","2023","4","N",2,0,0,0,0,0,0,0,"N",0.96,0,0,0,0,0,0,0,"N",0,0.0,0,0,0,0,0,0,0,0,0,0,0,0,0,0
"27059","5","518210","78","0","2023","4","N",2,0,0,0,0,0,0,0,"N",0.46,0,0,0,0,0,0,0,"N",2,100.0,0,0,0,0,0,0,0,0,0,0,0,0,0,0
"27061","5","518210","78","0","2023","4","N",1,0,0,0,0,0,0,0,"N",0.17,0,0,0,0,0,0,0,"N",0,0.0,0,0,0,0,0,0,0,0,0,0,0,0,0,0
"27063","5","518210","78","0","2023","4","N",1,0,0,0,0,0,0,0,"N",0.60,0,0,0,0,0,0,0,"N",1,100.0,0,0,0,0,0,0,0,0,0,0,0,0,0,0
"27067","5","518210","78","0","2023","4","N",5,0,0,0,0,0,0,0,"N",0.75,0,0,0,0,0,0,0,"N",0,0.0,0,0,0,0,0,0,0,0,0,0,0,0,0,0
"27079","5","518210","78","0","2023","4","N",1,0,0,0,0,0,0,0,"N",0.28,0,0,0,0,0,0,0,"N",0,0.0,0,0,0,0,0,0,0,0,0,0,0,0,0,0
"27097","5","518210","78","0","2023","4","N",1,0,0,0,0,0,0,0,"N",0.20,0,0,0,0,0,0,0,"N",0,0.0,0,0,0,0,0,0,0,0,0,0,0,0,0,0
"27099","5","518210","78","0","2023","4","N",1,0,0,0,0,0,0,0,"N",0.25,0,0,0,0,0,0,0,"N",0,0.0,0,0,0,0,0,0,0,0,0,0,0,0,0,0
"27109","5","518210","78","0","2023","4","N",4,0,0,0,0,0,0,0,"N",0.22,0,0,0,0,0,0,0,"N",0,0.0,0,0,0,0,0,0,0,0,0,0,0,0,0,0
"27111","5","518210","78","0","2023","4","N",2,0,0,0,0,0,0,0,"N",0.23,0,0,0,0,0,0,0,"N",-1,-33.3,0,0,0,0,0,0,0,0,0,0,0,0,0,0
"27115","5","518210","78","0","2023","4","N",1,0,0,0,0,0,0,0,"N",0.31,0,0,0,0,0,0,0,"N",0,0.0,0,0,0,0,0,0,0,0,0,0,0,0,0,0
"27123","3","518210","78","0","2023","4","",1,0,0,0,0,0,0,0,"",7.99,0.00,0.00,0.00,0.00,0.00,0.00,0.00,"",0,0.0,-31,-100.0,-31,-100.0,-30,-100.0,-829736,-100.0,0,0.0,0,0.0,-2081,-100.0
"27123","5","518210","78","0","2023","4","",47,647,661,646,78870958,1084022,6693,9315,"",0.67,0.63,0.65,0.64,1.72,0.46,0.33,2.69,"",1,2.2,-53,-7.6,-44,-6.2,-50,-7.2,26567859,50.8,-535634,-33.1,-4016,-37.5,3570,62.1
"27129","5","518210","78","0","2023","4","N",1,0,0,0,0,0,0,0,"N",0.38,0,0,0,0,0,0,0,"N",1,100.0,0,0,0,0,0,0,0,0,0,0,0,0,0,0
"27131","5","518210","78","0","2023","4","N",2,0,0,0,0,0,0,0,"N",0.25,0,0,0,0,0,0,0,"N",1,100.0,0,0,0,0,0,0,0,0,0,0,0,0,0,0
"27137","3","518210","78","0","2023","4","",1,11,11,10,199021,0,0,1435,"",22.09,6.22,6.28,5.79,6.92,0.00,0.00,1.13,"",0,0.0,1,10.0,0,0.0,-1,-9.1,-48541,-19.6,0,0.0,0,0.0,-350,-19.6
"27137","5","518210","78","0","2023","4","",8,51,54,54,1134763,265114,3135,1647,"",0.32,0.17,0.18,0.18,0.11,0.40,0.38,0.62,"N",1,14.3,0,0,0,0,0,0,0,0,0,0,0,0,0,0
"27139","5","518210","78","0","2023","4","N",11,0,0,0,0,0,0,0,"N",0.62,0,0,0,0,0,0,0,"N",-1,-8.3,0,0,0,0,0,0,0,0,0,0,0,0,0,0
"27141","5","518210","78","0","2023","4","N",3,0,0,0,0,0,0,0,"N",0.27,0,0,0,0,0,0,0,"N",1,50.0,0,0,0,0,0,0,0,0,0,0,0,0,0,0
"27145","5","518210","78","0","2023","4","",12,83,84,83,1694074,245068,2983,1564,"",0.57,0.31,0.31,0.31,0.17,0.38,0.51,0.55,"",1,9.1,0,0.0,1,1.2,5,6.4,-130069,-7.1,66741,37.4,1177,65.2,-161,-9.3
"27147","5","518210","78","0","2023","4","N",2,0,0,0,0,0,0,0,"N",0.39,0,0,0,0,0,0,0,"N",0,0.0,0,0,0,0,0,0,0,0,0,0,0,0,0,0
"27163","5","518210","78","0","2023","4","",18,93,94,97,3080076,450839,1800,2503,"",0.58,0.32,0.32,0.33,0.30,0.56,0.25,0.91,"",7,63.6,31,50.0,31,49.2,35,56.5,1506599,95.7,154550,52.2,312,21.0,561,28.9
"27169","5","518210","78","0","2023","4","N",4,0,0,0,0,0,0,0,"N",0.72,0,0,0,0,0,0,0,"N",0,0.0,0,0,0,0,0,0,0,0,0,0,0,0,0,0
"27171","5","518210","78","0","2023","4","N",4,0,0,0,0,0,0,0,"N",0.23,0,0,0,0,0,0,0,"N",-1,-20.0,0,0,0,0,0,0,0,0,0,0,0,0,0,0
"27999","5","518210","78","0","2023","4","",849,1619,1605,1525,66581336,6335735,57728,3235,"",4.58,5.69,5.68,5.43,3.26,6.25,4.27,0.58,"",156,22.5,116,7.7,92,6.1,-4,-0.3,9163423,16.0,-2387667,-27.4,-56978,-49.7,320,11.0
"28000","5","518210","58","0","2023","4","",278,967,964,957,16646366,851574,4632,1330,"",0.70,0.27,0.27,0.26,0.15,0.22,0.23,0.57,"",30,12.1,-140,-12.6,-155,-13.9,-182,-16.0,-2215136,-11.7,-929921,-52.2,-5380,-53.7,36,2.8
"28027","5","518210","78","0","2023","4","N",2,0,0,0,0,0,0,0,"N",0.76,0,0,0,0,0,0,0,"N",0,0.0,0,0,0,0,0,0,0,0,0,0,0,0,0,0
"28033","5","518210","78","0","2023","4","N",1,0,0,0,0,0,0,0,"N",0.06,0,0,0,0,0,0,0,"N",0,0.0,0,0,0,0,0,0,0,0,0,0,0,0,0,0
"28035","5","518210","78","0","2023","4","N",1,0,0,0,0,0,0,0,"N",0.11,0,0,0,0,0,0,0,"N",0,0.0,0,0,0,0,0,0,0,0,0,0,0,0,0,0
"28045","5","518210","78","0","2023","4","N",4,0,0,0,0,0,0,0,"N",0.87,0,0,0,0,0,0,0,"N",2,100.0,0,0,0,0,0,0,0,0,0,0,0,0,0,0
"28047","5","518210","78","0","2023","4","N",3,0,0,0,0,0,0,0,"N",0.13,0,0,0,0,0,0,0,"N",0,0.0,0,0,0,0,0,0,0,0,0,0,0,0,0,0
"28049","5","518210","78","0","2023","4","N",5,0,0,0,0,0,0,0,"N",0.19,0,0,0,0,0,0,0,"N",1,25.0,0,0,0,0,0,0,0,0,0,0,0,0,0,0
"28059","5","518210","78","0","2023","4","N",1,0,0,0,0,0,0,0,"N",0.08,0,0,0,0,0,0,0,"N",0,0.0,0,0,0,0,0,0,0,0,0,0,0,0,0,0
"28081","5","518210","78","0","2023","4","N",1,0,0,0,0,0,0,0,"N",0.08,0,0,0,0,0,0,0,"N",0,0.0,0,0,0,0,0,0,0,0,0,0,0,0,0,0
"28083","5","518210","78","0","2023","4","N",1,0,0,0,0,0,0,0,"N",0.27,0,0,0,0,0,0,0,"N",0,0.0,0,0,0,0,0,0,0,0,0,0,0,0,0,0
"28087","5","518210","78","0","2023","4","N",2,0,0,0,0,0,0,0,"N",0.28,0,0,0,0,0,0,0,"N",1,100.0,0,0,0,0,0,0,0,0,0,0,0,0,0,0
"28089","5","518210","78","0","2023","4","",8,132,131,134,2691116,135341,231,1564,"",0.45,0.72,0.71,0.72,0.45,0.64,0.24,0.62,"",1,14.3,14,11.9,23,21.3,30,28.8,559257,26.2,-12528,-8.5,-128,-35.7,73,4.9
"28091","5","518210","78","0","2023","4","N",2,0,0,0,0,0,0,0,"N",0.75,0,0,0,0,0,0,0,"N",0,0.0,0,0,0,0,0,0,0,0,0,0,0,0,0,0
"28093","5","518210","78","0","2023","4","-",0,0,0,0,0,0,0,0,"N",0.00,0,0,0,0,0,0,0,"N",-1,-100.0,0,0,0,0,0,0,0,0,0,0,0,0,0,0
"28105","5","518210","78","0","2023","4","N",2,0,0,0,0,0,0,0,"N",0.41,0,0,0,0,0,0,0,"N",0,0.0,0,0,0,0,0,0,0,0,0,0,0,0,0,0
"28113","5","518210","78","0","2023","4","N",3,0,0,0,0,0,0,0,"N",0.66,0,0,0,0,0,0,0,"N",-1,-25.0,0,0,0,0,0,0,0,0,0,0,0,0,0,0
"28121","5","518210","78","0","2023","4","",6,14,14,14,271735,14600,140,1493,"",0.29,0.07,0.07,0.07,0.04,0.06,0.13,0.62,"N",3,100.0,0,0,0,0,0,0,0,0,0,0,0,0,0,0
"28999","5","518210","78","0","2023","4","",236,359,357,353,7764046,581301,3875,1676,"",2.62,1.91,1.88,1.88,1.01,1.66,1.27,0.53,"",24,11.3,12,3.5,-13,-3.5,-51,-12.6,773588,11.1,-615539,-51.4,-2321,-37.5,237,16.5
"29000","3","518210","58","0","2023","4","",1,123,122,123,2013669,0,0,1263,"",0.49,2.29,2.28,2.33,2.12,0.00,0.00,0.92,"",1,100.0,123,100.0,122,100.0,123,100.0,2013669,100.0,0,0.0,0,0.0,1263,100.0
"29000","5","518210","58","0","2023","4","",1277,14657,14744,14722,451328432,7539330,101604,2361,"",1.12,1.62,1.63,1.63,1.33,1.12,1.10,0.82,"",17,1.3,366,2.6,261,1.8,256,1.8,-17154194,-3.7,-6422846,-46.0,-66782,-39.7,-139,-5.6
"29019","5","518210","78","0","2023","4","",11,6,6,7,128939,13819,334,1566,"",0.46,0.02,0.02,0.02,0.01,0.07,0.12,0.61,"",-2,-15.4,0,0.0,-1,-14.3,0,0.0,-13201,-9.3,-4736,-25.5,-107,-24.3,-74,-4.5
"29021","5","518210","78","0","2023","4","N",2,0,0,0,0,0,0,0,"N",0.16,0,0,0,0,0,0,0,"N",0,0.0,0,0,0,0,0,0,0,0,0,0,0,0,0,0
"29023","5","518210","78","0","2023","4","N",1,0,0,0,0,0,0,0,"N",0.14,0,0,0,0,0,0,0,"N",-1,-50.0,0,0,0,0,0,0,0,0,0,0,0,0,0,0
"29025","5","518210","78","0","2023","4","N",1,0,0,0,0,0,0,0,"N",0.95,0,0,0,0,0,0,0,"N",0,0.0,0,0,0,0,0,0,0,0,0,0,0,0,0,0
"29029","5","518210","78","0","2023","4","",5,20,20,21,387321,8662,45,1465,"",0.62,0.36,0.38,0.41,0.27,0.20,0.07,0.70,"",1,25.0,1,5.3,-1,-4.8,0,0.0,128952,49.9,-9632,-52.7,-52,-53.6,488,49.9
"29031","5","518210","78","0","2023","4","",3,8,8,8,454026,0,0,4366,"",0.23,0.06,0.06,0.06,0.11,0.00,0.00,1.81,"N",0,0.0,0,0,0,0,0,0,0,0,0,0,0,0,0,0
"29037","5","518210","78","0","2023","4","",6,19,21,21,352469,29139,576,1333,"",0.52,0.20,0.22,0.23,0.13,0.34,0.45,0.60,"N",2,50.0,0,0,0,0,0,0,0,0,0,0,0,0,0,0
"29043","5","518210","78","0","2023","4","N",2,0,0,0,0,0,0,0,"N",0.19,0,0,0,0,0,0,0,"N",1,100.0,0,0,0,0,0,0,0,0,0,0,0,0,0,0
"29047","5","518210","78","0","2023","4","",20,106,105,103,2589415,57507,840,1903,"",0.65,0.30,0.30,0.30,0.19,0.20,0.20,0.65,"",-1,-4.8,-7,-6.2,-13,-11.0,-16,-13.4,-251104,-8.8,-33422,-36.8,-1733,-67.4,30,1.6
"29051","5","518210","78","0","2023","4","",11,472,472,466,5982964,280812,3437,979,"",0.96,2.81,2.81,2.78,1.10,3.15,3.26,0.39,"",0,0.0,42,9.8,39,9.0,21,4.7,680585,12.8,-48722,-14.8,-611,-15.1,44,4.7
"29053","5","518210","78","0","2023","4","N",1,0,0,0,0,0,0,0,"N",0.45,0,0,0,0,0,0,0,"N",0,0.0,0,0,0,0,0,0,0,0,0,0,0,0,0,0
"29061","5","518210","78","0","2023","4","N",1,0,0,0,0,0,0,0,"N",0.77,0,0,0,0,0,0,0,"N",0,0.0,0,0,0,0,0,0,0,0,0,0,0,0,0,0
"29067","5","518210","78","0","2023","4","N",1,0,0,0,0,0,0,0,"N",0.81,0,0,0,0,0,0,0,"N",0,0.0,0,0,0,0,0,0,0,0,0,0,0,0,0,0
"29069","5","518210","78","0","2023","4","N",1,0,0,0,0,0,0,0,"N",0.12,0,0,0,0,0,0,0,"N",0,0.0,0,0,0,0,0,0,0,0,0,0,0,0,0,0
"29071","5","518210","78","0","2023","4","N",5,0,0,0,0,0,0,0,"N",0.35,0,0,0,0,0,0,0,"N",1,25.0,0,0,0,0,0,0,0,0,0,0,0,0,0,0
"29075","5","518210","78","0","2023","4","N",1,0,0,0,0,0,0,0,"N",0.95,0,0,0,0,0,0,0,"N",0,0.0,0,0,0,0,0,0,0,0,0,0,0,0,0,0
"29077","5","518210","78","0","2023","4","",20,403,396,376,6422085,140158,1202,1261,"",0.40,0.72,0.71,0.67,0.34,0.33,0.24,0.49,"",0,0.0,-64,-13.7,-67,-14.5,-80,-17.5,-310506,-4.6,-177060,-55.8,-4336,-78.3,140,12.5
"29079","5","518210","78","0","2023","4","N",1,0,0,0,0,0,0,0,"N",0.78,0,0,0,0,0,0,0,"N",0,0.0,0,0,0,0,0,0,0,0,0,0,0,0,0,0
"29095","5","518210","78","0","2023","4","",59,2348,2340,2341,39100459,1351158,7733,1284,"",0.50,2.00,2.01,2.01,0.77,1.64,0.66,0.39,"",-5,-7.8,104,4.6,85,3.8,84,3.7,1404283,3.7,-3493900,-72.1,-35099,-81.9,-4,-0.3
"29097","5","518210","78","0","2023","4","N",2,0,0,0,0,0,0,0,"N",0.12,0,0,0,0,0,0,0,"N",1,100.0,0,0,0,0,0,0,0,0,0,0,0,0,0,0
"29099","5","518210","78","0","2023","4","",9,23,24,23,558646,10500,254,1842,"",0.42,0.15,0.16,0.15,0.12,0.09,0.18,0.79,"",1,12.5,5,27.8,6,33.3,10,76.9,261253,87.8,-8028,-43.3,-186,-42.3,441,31.5
"29101","5","518210","78","0","2023","4","N",2,0,0,0,0,0,0,0,"N",0.34,0,0,0,0,0,0,0,"N",0,0.0,0,0,0,0,0,0,0,0,0,0,0,0,0,0
"29105","5","518210","78","0","2023","4","N",1,0,0,0,0,0,0,0,"N",0.25,0,0,0,0,0,0,0,"N",0,0.0,0,0,0,0,0,0,0,0,0,0,0,0,0,0
"29113","5","518210","78","0","2023","4","N",1,0,0,0,0,0,0,0,"N",0.19,0,0,0,0,0,0,0,"N",0,0.0,0,0,0,0,0,0,0,0,0,0,0,0,0,0
"29119","5","518210","78","0","2023","4","N",1,0,0,0,0,0,0,0,"N",0.48,0,0,0,0,0,0,0,"N",0,0.0,0,0,0,0,0,0,0,0,0,0,0,0,0,0
"29121","5","518210","78","0","2023","4","N",1,0,0,0,0,0,0,0,"N",0.51,0,0,0,0,0,0,0,"N",0,0.0,0,0,0,0,0,0,0,0,0,0,0,0,0,0
"29127","5","518210","78","0","2023","4","-",0,0,0,0,0,0,0,0,"N",0.00,0,0,0,0,0,0,0,"N",-1,-100.0,0,0,0,0,0,0,0,0,0,0,0,0,0,0
"29133","5","518210","78","0","2023","4","N",1,0,0,0,0,0,0,0,"N",0.52,0,0,0,0,0,0,0,"N",0,0.0,0,0,0,0,0,0,0,0,0,0,0,0,0,0
"29139","5","518210","78","0","2023","4","N",1,0,0,0,0,0,0,0,"N",0.66,0,0,0,0,0,0,0,"N",0,0.0,0,0,0,0,0,0,0,0,0,0,0,0,0,0
"29141","5","518210","78","0","2023","4","N",3,0,0,0,0,0,0,0,"N",1.05,0,0,0,0,0,0,0,"N",0,0.0,0,0,0,0,0,0,0,0,0,0,0,0,0,0
"29159","5","518210","78","0","2023","4","N",1,0,0,0,0,0,0,0,"N",0.16,0,0,0,0,0,0,0,"N",-1,-50.0,0,0,0,0,0,0,0,0,0,0,0,0,0,0
"29161","5","518210","78","0","2023","4","N",1,0,0,0,0,0,0,0,"N",0.17,0,0,0,0,0,0,0,"N",0,0.0,0,0,0,0,0,0,0,0,0,0,0,0,0,0
"29165","5","518210","78","0","2023","4","",10,401,413,409,11166797,395767,7549,2107,"",0.70,2.76,2.79,2.74,2.19,3.21,4.36,0.79,"",0,0.0,58,16.9,62,17.7,55,15.5,2254486,25.3,179661,83.1,3998,112.6,145,7.4
"29167","5","518210","78","0","2023","4","N",2,0,0,0,0,0,0,0,"N",0.55,0,0,0,0,0,0,0,"N",0,0.0,0,0,0,0,0,0,0,0,0,0,0,0,0,0
"29169","5","518210","78","0","2023","4","N",1,0,0,0,0,0,0,0,"N",0.24,0,0,0,0,0,0,0,"N",0,0.0,0,0,0,0,0,0,0,0,0,0,0,0,0,0
"29177","5","518210","78","0","2023","4","N",1,0,0,0,0,0,0,0,"N",0.47,0,0,0,0,0,0,0,"N",0,0.0,0,0,0,0,0,0,0,0,0,0,0,0,0,0
"29183","5","518210","78","0","2023","4","",36,4757,4796,4810,170357702,1636079,14119,2737,"",0.71,9.56,9.42,9.42,9.77,3.87,2.34,1.03,"N",2,5.9,0,0,0,0,0,0,0,0,0,0,0,0,0,0
"29187","5","518210","78","0","2023","4","N",1,0,0,0,0,0,0,0,"N",0.12,0,0,0,0,0,0,0,"N",0,0.0,0,0,0,0,0,0,0,0,0,0,0,0,0,0
"29189","5","518210","78","0","2023","4","",108,3718,3726,3728,137656573,1197450,14533,2843,"",0.51,1.99,1.99,1.99,1.63,0.87,0.79,0.82,"",-1,-0.9,-54,-1.4,-59,-1.6,-32,-0.9,-39606692,-22.3,-534291,-30.9,-5148,-26.2,-772,-21.4
"29207","5","518210","78","0","2023","4","N",1,0,0,0,0,0,0,0,"N",0.25,0,0,0,0,0,0,0,"N",0,0.0,0,0,0,0,0,0,0,0,0,0,0,0,0,0
"29209","5","518210","78","0","2023","4","N",1,0,0,0,0,0,0,0,"N",0.25,0,0,0,0,0,0,0,"N",0,0.0,0,0,0,0,0,0,0,0,0,0,0,0,0,0
"29213","5","518210","78","0","2023","4","N",2,0,0,0,0,0,0,0,"N",0.20,0,0,0,0,0,0,0,"N",-1,-33.3,0,0,0,0,0,0,0,0,0,0,0,0,0,0
"29510","3","518210","78","0","2023","4","",1,123,122,123,2013669,0,0,1263,"",7.55,29.55,29.51,30.33,22.81,0.00,0.00,0.77,"",1,100.0,123,100.0,122,100.0,123,100.0,2013669,100.0,0,0.0,0,0.0,1263,100.0
"29510","5","518210","78","0","2023","4","",32,290,282,282,5593413,174565,2381,1511,"",0.43,0.41,0.41,0.41,0.18,0.47,0.44,0.43,"",-2,-5.9,25,9.4,14,5.2,10,3.7,544146,10.8,-31171,-15.2,-90,-3.6,64,4.4
"29999","5","518210","78","0","2023","4","",906,1916,1968,1957,67344346,2110356,46943,2661,"",4.99,4.69,4.81,4.80,3.01,4.74,5.25,0.63,"",27,3.1,-106,-5.2,-136,-6.5,-94,-4.6,-733183,-1.1,-667968,-24.0,-10805,-18.7,118,4.6
"30000","5","518210","58","0","2023","4","",215,476,462,461,15820612,1838349,16345,2610,"",0.72,0.30,0.29,0.29,0.28,0.30,0.24,0.94,"",26,13.8,37,8.4,24,5.5,22,5.0,4096798,34.9,118503,6.9,-2845,-14.8,554,26.9
"30009","5","518210","78","0","2023","4","N",1,0,0,0,0,0,0,0,"N",0.34,0,0,0,0,0,0,0,"N",0,0.0,0,0,0,0,0,0,0,0,0,0,0,0,0,0
"30013","5","518210","78","0","2023","4","N",5,0,0,0,0,0,0,0,"N",0.34,0,0,0,0,0,0,0,"N",-2,-28.6,0,0,0,0,0,0,0,0,0,0,0,0,0,0
"30021","5","518210","78","0","2023","4","N",1,0,0,0,0,0,0,0,"N",0.53,0,0,0,0,0,0,0,"N",0,0.0,0,0,0,0,0,0,0,0,0,0,0,0,0,0
"30025","5","518210","78","0","2023","4","N",2,0,0,0,0,0,0,0,"N",2.35,0,0,0,0,0,0,0,"N",0,0.0,0,0,0,0,0,0,0,0,0,0,0,0,0,0
"30029","5","518210","78","0","2023","4","",26,22,22,21,1046971,152128,1874,3717,"",0.81,0.14,0.14,0.14,0.19,0.26,0.23,1.38,"",4,18.2,0,0.0,-3,-12.0,-6,-22.2,132658,14.5,-63199,-29.4,-760,-28.9,866,30.4
"30031","5","518210","78","0","2023","4","",38,94,95,96,3579551,294860,3485,2898,"",0.86,0.43,0.44,0.43,0.39,0.30,0.34,0.91,"",8,26.7,11,13.3,13,15.9,16,20.0,824033,29.9,85148,40.6,875,33.5,303,11.7
"30043","5","518210","78","0","2023","4","N",3,0,0,0,0,0,0,0,"N",1.33,0,0,0,0,0,0,0,"N",1,50.0,0,0,0,0,0,0,0,0,0,0,0,0,0,0
"30047","5","518210","78","0","2023","4","N",2,0,0,0,0,0,0,0,"N",0.33,0,0,0,0,0,0,0,"N",1,100.0,0,0,0,0,0,0,0,0,0,0,0,0,0,0
"30049","5","518210","78","0","2023","4","",10,101,103,100,1542799,592007,1794,1171,"",0.58,0.83,0.85,0.82,0.34,0.97,0.38,0.41,"",1,11.1,9,9.8,7,7.3,3,3.1,154102,11.1,92323,18.5,-2284,-56.0,47,4.2
"30053","5","518210","78","0","2023","4","N",2,0,0,0,0,0,0,0,"N",0.46,0,0,0,0,0,0,0,"N",1,100.0,0,0,0,0,0,0,0,0,0,0,0,0,0,0
"30061","5","518210","78","0","2023","4","N",1,0,0,0,0,0,0,0,"N",1.06,0,0,0,0,0,0,0,"N",0,0.0,0,0,0,0,0,0,0,0,0,0,0,0,0,0
"30063","5","518210","78","0","2023","4","N",17,0,0,0,0,0,0,0,"N",0.53,0,0,0,0,0,0,0,"N",2,13.3,0,0,0,0,0,0,0,0,0,0,0,0,0,0
"30067","5","518210","78","0","2023","4","N",2,0,0,0,0,0,0,0,"N",0.33,0,0,0,0,0,0,0,"N",1,100.0,0,0,0,0,0,0,0,0,0,0,0,0,0,0
"30081","5","518210","78","0","2023","4","",8,15,15,16,355237,98039,1169,1782,"",0.72,0.36,0.36,0.38,0.27,0.67,0.59,0.73,"",1,14.3,1,7.1,2,15.4,2,14.3,85481,31.7,29453,42.9,494,73.2,264,17.4
"30083","5","518210","78","0","2023","4","N",1,0,0,0,0,0,0,0,"N",0.33,0,0,0,0,0,0,0,"N",1,100.0,0,0,0,0,0,0,0,0,0,0,0,0,0,0
"30085","5","518210","78","0","2023","4","N",1,0,0,0,0,0,0,0,"N",0.75,0,0,0,0,0,0,0,"N",1,100.0,0,0,0,0,0,0,0,0,0,0,0,0,0,0
"30087","5","518210","78","0","2023","4","N",1,0,0,0,0,0,0,0,"N",0.81,0,0,0,0,0,0,0,"N",0,0.0,0,0,0,0,0,0,0,0,0,0,0,0,0,0
"30093","5","518210","78","0","2023","4","",5,38,32,30,702789,118439,1672,1622,"",0.73,0.74,0.62,0.58,0.41,0.56,0.79,0.63,"N",4,400.0,0,0,0,0,0,0,0,0,0,0,0,0,0,0
"30097","5","518210","78","0","2023","4","N",1,0,0,0,0,0,0,0,"N",0.81,0,0,0,0,0,0,0,"N",0,0.0,0,0,0,0,0,0,0,0,0,0,0,0,0,0
"30111","5","518210","78","0","2023","4","N",15,0,0,0,0,0,0,0,"N",0.42,0,0,0,0,0,0,0,"N",2,15.4,0,0,0,0,0,0,0,0,0,0,0,0,0,0
"30999","5","518210","78","0","2023","4","",73,118,109,110,5915908,288931,3479,4051,"",2.36,2.72,2.56,2.62,2.30,1.66,1.27,0.87,"",0,0.0,-9,-7.1,-16,-12.8,-13,-10.6,1781863,43.1,-12449,-4.1,-98,-2.7,1507,59.2
"31000","5","518210","58","0","2023","4","",343,2141,2146,2115,53255939,1011269,13273,1920,"",0.99,0.68,0.68,0.67,0.46,0.47,0.59,0.69,"",9,2.7,-164,-7.1,-149,-6.5,-173,-7.6,-1809493,-3.3,-134516,-11.7,2562,23.9,75,4.1
"31019","5","518210","78","0","2023","4","",5,15,15,15,272318,9319,116,1397,"",0.58,0.17,0.17,0.17,0.10,0.16,0.27,0.59,"",2,66.7,2,15.4,2,15.4,2,15.4,118657,77.2,9319,100.0,116,100.0,488,53.7
"31025","5","518210","78","0","2023","4","N",1,0,0,0,0,0,0,0,"N",0.31,0,0,0,0,0,0,0,"N",0,0.0,0,0,0,0,0,0,0,0,0,0,0,0,0,0
"31031","5","518210","78","0","2023","4","N",1,0,0,0,0,0,0,0,"N",0.74,0,0,0,0,0,0,0,"N",0,0.0,0,0,0,0,0,0,0,0,0,0,0,0,0,0
"31049","5","518210","78","0","2023","4","N",1,0,0,0,0,0,0,0,"N",2.82,0,0,0,0,0,0,0,"N",0,0.0,0,0,0,0,0,0,0,0,0,0,0,0,0,0
"31055","5","518210","78","0","2023","4","",72,1250,1252,1256,30712787,352074,3048,1886,"",0.84,1.17,1.17,1.17,0.71,0.50,0.42,0.60,"",-5,-6.5,-84,-6.3,-73,-5.5,-62,-4.7,-1550185,-4.8,-86137,-19.7,-348,-10.2,14,0.7
"31109","5","518210","78","0","2023","4","",40,296,305,303,7124977,156047,1108,1819,"",0.88,0.55,0.56,0.56,0.37,0.46,0.43,0.66,"",1,2.6,-15,-4.8,-6,-1.9,-9,-2.9,577061,8.8,-46828,-23.1,-1265,-53.3,201,12.4
"31111","5","518210","78","0","2023","4","-",0,0,0,0,0,0,0,0,"N",0.00,0,0,0,0,0,0,0,"N",-1,-100.0,0,0,0,0,0,0,0,0,0,0,0,0,0,0
"31119","5","518210","78","0","2023","4","N",1,0,0,0,0,0,0,0,"N",0.16,0,0,0,0,0,0,0,"N",1,100.0,0,0,0,0,0,0,0,0,0,0,0,0,0,0
"31121","5","518210","78","0","2023","4","N",1,0,0,0,0,0,0,0,"N",0.81,0,0,0,0,0,0,0,"N",0,0.0,0,0,0,0,0,0,0,0,0,0,0,0,0,0
"31139","5","518210","78","0","2023","4","N",1,0,0,0,0,0,0,0,"N",0.89,0,0,0,0,0,0,0,"N",0,0.0,0,0,0,0,0,0,0,0,0,0,0,0,0,0
"31145","5","518210","78","0","2023","4","N",1,0,0,0,0,0,0,0,"N",0.49,0,0,0,0,0,0,0,"N",0,0.0,0,0,0,0,0,0,0,0,0,0,0,0,0,0
"31153","5","518210","78","0","2023","4","",17,110,108,110,3209174,75231,866,2258,"",0.82,0.43,0.43,0.44,0.37,0.33,0.39,0.85,"",0,0.0,1,0.9,-1,-0.9,-2,-1.8,330751,11.5,-22436,-23.0,148,20.6,245,12.2
"31157","5","518210","78","0","2023","4","N",2,0,0,0,0,0,0,0,"N",0.36,0,0,0,0,0,0,0,"N",0,0.0,0,0,0,0,0,0,0,0,0,0,0,0,0,0
"31173","5","518210","78","0","2023","4","N",1,0,0,0,0,0,0,0,"N",1.38,0,0,0,0,0,0,0,"N",0,0.0,0,0,0,0,0,0,0,0,0,0,0,0,0,0
"31177","5","518210","78","0","2023","4","N",1,0,0,0,0,0,0,0,"N",0.32,0,0,0,0,0,0,0,"N",0,0.0,0,0,0,0,0,0,0,0,0,0,0,0,0,0
"31185","5","518210","78","0","2023","4","N",1,0,0,0,0,0,0,0,"N",0.34,0,0,0,0,0,0,0,"N",0,0.0,0,0,0,0,0,0,0,0,0,0,0,0,0,0
"31999","5","518210","78","0","2023","4","",197,344,338,308,9764060,387147,8109,2276,"",3.59,2.91,2.85,2.59,1.48,2.75,3.08,0.53,"",14,7.7,-57,-14.2,-62,-15.5,-88,-22.2,-892885,-8.4,16943,4.6,3901,92.7,221,10.8
"32000","5","518210","58","0","2023","4","",359,3227,3235,3272,127918971,13082019,257223,3033,"",0.73,0.67,0.67,0.68,0.68,0.73,0.76,1.01,"",-7,-1.9,29,0.9,70,2.2,86,2.7,15341438,13.6,1743643,15.4,28592,12.5,312,11.5
"32001","5","518210","78","0","2023","4","N",3,0,0,0,0,0,0,0,"N",1.06,0,0,0,0,0,0,0,"N",-1,-25.0,0,0,0,0,0,0,0,0,0,0,0,0,0,0
"32003","5","518210","78","0","2023","4","",261,2063,2069,2085,89032039,8265154,170866,3305,"",0.92,0.59,0.60,0.60,0.68,0.63,0.71,1.14,"",-8,-3.0,45,2.2,71,3.6,70,3.5,13531980,17.9,1707227,26.0,37022,27.7,416,14.4
"32005","5","518210","78","0","2023","4","",10,33,35,36,1431646,76157,1104,3177,"",1.13,0.53,0.57,0.58,0.59,0.35,0.28,1.04,"",0,0.0,4,13.8,5,16.7,7,24.1,509565,55.3,-74939,-49.6,-2389,-68.4,759,31.4
"32007","5","518210","78","0","2023","4","N",2,0,0,0,0,0,0,0,"N",0.32,0,0,0,0,0,0,0,"N",0,0.0,0,0,0,0,0,0,0,0,0,0,0,0,0,0
"32019","5","518210","78","0","2023","4","N",2,0,0,0,0,0,0,0,"N",0.41,0,0,0,0,0,0,0,"N",0,0.0,0,0,0,0,0,0,0,0,0,0,0,0,0,0
"32029","5","518210","78","0","2023","4","",3,141,143,147,5448738,291556,4674,2917,"",2.73,2.35,2.37,2.43,1.91,1.38,1.09,0.80,"",-2,-40.0,-198,-58.4,-199,-58.2,-194,-56.9,-7786810,-58.8,-1062684,-78.5,-15188,-76.5,-72,-2.4
"32031","5","518210","78","0","2023","4","",59,798,800,818,26256794,3742348,66873,2508,"",0.80,1.06,1.07,1.09,0.86,1.44,1.39,0.80,"",2,3.5,153,23.7,169,26.8,189,30.0,7568254,40.5,1189170,46.6,14122,26.8,244,10.8
"32510","5","518210","78","0","2023","4","N",4,0,0,0,0,0,0,0,"N",0.43,0,0,0,0,0,0,0,"N",0,0.0,0,0,0,0,0,0,0,0,0,0,0,0,0,0
"32999","5","518210","78","0","2023","4","",15,75,73,75,4102083,293551,4443,4245,"N",0.16,0,0,0,0,0,0,0,"N",2,15.4,0,0,0,0,0,0,0,0,0,0,0,0,0,0
"33000","5","518210","58","0","2023","4","",464,1824,1831,1869,71433595,1840085,18641,2984,"",1.54,0.86,0.86,0.87,0.72,1.00,1.64,0.83,"",113,32.2,157,9.4,145,8.6,196,11.7,13295644,22.9,-620102,-25.2,-8468,-31.2,315,11.8
"33001","5","518210","78","0","2023","4","N",2,0,0,0,0,0,0,0,"N",0.20,0,0,0,0,0,0,0,"N",-2,-50.0,0,0,0,0,0,0,0,0,0,0,0,0,0,0
"33003","5","518210","78","0","2023","4","N",1,0,0,0,0,0,0,0,"N",0.10,0,0,0,0,0,0,0,"N",0,0.0,0,0,0,0,0,0,0,0,0,0,0,0,0,0
"33005","5","518210","78","0","2023","4","N",2,0,0,0,0,0,0,0,"N",0.20,0,0,0,0,0,0,0,"N",0,0.0,0,0,0,0,0,0,0,0,0,0,0,0,0,0
"33007","5","518210","78","0","2023","4","N",1,0,0,0,0,0,0,0,"N",0.21,0,0,0,0,0,0,0,"N",0,0.0,0,0,0,0,0,0,0,0,0,0,0,0,0,0
"33009","5","518210","78","0","2023","4","N",4,0,0,0,0,0,0,0,"N",0.26,0,0,0,0,0,0,0,"N",0,0.0,0,0,0,0,0,0,0,0,0,0,0,0,0,0
"33011","5","518210","78","0","2023","4","",30,327,322,316,12280243,172790,2512,2937,"",0.52,0.52,0.51,0.50,0.40,0.33,0.81,0.79,"",-4,-11.8,-61,-15.7,-72,-18.3,-70,-18.1,-1791042,-12.7,-820068,-82.6,-1003,-28.5,157,5.6
"33013","5","518210","78","0","2023","4","",10,27,27,25,1156425,5510,43,3378,"",0.40,0.11,0.11,0.10,0.11,0.03,0.04,1.03,"",-1,-9.1,0,0.0,0,0.0,-3,-10.7,-67979,-5.6,-23676,-81.1,-340,-88.8,-68,-2.0
"33015","5","518210","78","0","2023","4","",33,361,366,410,8731021,459131,4345,1772,"",0.62,0.74,0.76,0.84,0.41,0.98,1.67,0.52,"",-4,-10.8,18,5.2,16,4.6,61,17.5,194875,2.3,-169459,-27.0,-4558,-51.2,-118,-6.2
"33017","5","518210","78","0","2023","4","N",6,0,0,0,0,0,0,0,"N",0.42,0,0,0,0,0,0,0,"N",-2,-25.0,0,0,0,0,0,0,0,0,0,0,0,0,0,0
"33019","5","518210","78","0","2023","4","N",3,0,0,0,0,0,0,0,"N",0.55,0,0,0,0,0,0,0,"N",-1,-25.0,0,0,0,0,0,0,0,0,0,0,0,0,0,0
"33999","5","518210","78","0","2023","4","",372,749,760,749,42539527,798790,10911,4348,"",3.95,5.10,5.19,5.10,3.31,5.04,5.66,0.64,"",127,51.8,165,28.3,167,28.2,158,26.7,14393830,51.1,132883,20.0,-1872,-14.6,674,18.3
"34000","5","518210","58","0","2023","4","",1072,14801,15042,15247,590182120,55296322,1354880,3021,"",0.72,1.12,1.13,1.15,0.92,1.42,1.44,0.81,"",36,3.5,171,1.2,681,4.7,885,6.2,71786668,13.8,-259946,-0.5,377664,38.6,262,9.5
"34001","5","518210","78","0","2023","4","",6,29,30,29,697119,76224,1664,1828,"",0.18,0.07,0.08,0.08,0.05,0.06,0.06,0.68,"N",-2,-25.0,0,0,0,0,0,0,0,0,0,0,0,0,0,0
"34003","5","518210","78","0","2023","4","",93,2220,2211,2216,70885052,4752468,82086,2461,"",0.57,1.61,1.60,1.60,1.06,1.12,0.85,0.66,"",0,0.0,-73,-3.2,-74,-3.2,-43,-1.9,3989906,6.0,-1259,0.0,6175,8.1,203,9.0
"34005","5","518210","78","0","2023","4","",32,156,157,158,3368375,702955,14816,1650,"",0.56,0.24,0.24,0.24,0.12,0.36,0.34,0.50,"",4,14.3,20,14.7,19,13.8,18,12.9,866025,34.6,328,0.0,2705,22.3,255,18.3
"34007","5","518210","78","0","2023","4","",19,63,60,63,1687607,207666,4492,2094,"",0.30,0.10,0.09,0.10,0.06,0.11,0.10,0.66,"",-5,-20.8,-14,-18.2,-20,-25.0,-17,-21.2,-54377,-3.1,-74303,-26.4,248,5.8,398,23.5
"34009","5","518210","78","0","2023","4","",4,12,12,12,314332,52605,1363,2015,"",0.22,0.10,0.10,0.10,0.09,0.14,0.10,0.87,"",0,0.0,4,50.0,4,50.0,4,50.0,94447,43.0,-5445,-9.4,125,10.1,-99,-4.7
"34011","5","518210","78","0","2023","4","N",4,0,0,0,0,0,0,0,"N",0.23,0,0,0,0,0,0,0,"N",1,33.3,0,0,0,0,0,0,0,0,0,0,0,0,0,0
"34013","5","518210","78","0","2023","4","",54,3079,3319,3480,112200473,20628722,509763,2621,"",0.50,2.84,3.06,3.20,2.02,7.13,7.52,0.66,"",3,5.9,814,35.9,1013,43.9,1162,50.1,34736158,44.8,8537930,70.6,412212,422.6,26,1.0
"34015","5","518210","78","0","2023","4","",8,40,39,40,911567,162081,4867,1768,"",0.24,0.10,0.10,0.10,0.07,0.13,0.17,0.66,"",-4,-33.3,-37,-48.1,-37,-48.7,-36,-47.4,-797621,-46.7,-227961,-58.4,-4929,-50.3,46,2.7
"34017","5","518210","78","0","2023","4","",70,2363,2350,2330,85863979,4702375,108659,2813,"",0.80,2.76,2.72,2.68,1.87,1.83,1.86,0.69,"",2,2.9,163,7.4,167,7.7,122,5.5,6912088,8.8,-2092312,-30.8,3649,3.5,49,1.8
"34019","5","518210","78","0","2023","4","",8,24,25,26,967872,68000,1314,2978,"",0.43,0.17,0.17,0.18,0.16,0.17,0.14,0.90,"",-1,-11.1,-3,-11.1,-2,-7.4,0,0.0,-148502,-13.3,6660,10.9,-89,-6.3,-242,-7.5
"34021","5","518210","78","0","2023","4","",30,353,354,351,12313677,1108024,26455,2686,"",0.56,0.43,0.43,0.42,0.29,0.65,0.66,0.69,"",-2,-6.2,25,7.6,23,6.9,19,5.7,2117847,20.8,-162498,-12.8,3768,16.6,312,13.1
"34023","5","518210","78","0","2023","4","",63,837,847,850,30990136,2111127,48039,2822,"",0.54,0.62,0.62,0.63,0.48,0.51,0.50,0.78,"",-1,-1.6,-485,-36.7,12,1.4,6,0.7,-4451816,-12.6,-290552,-12.1,4635,10.7,97,3.6
"34025","5","518210","78","0","2023","4","",40,691,691,697,20022490,1772086,43904,2222,"",0.40,0.82,0.82,0.82,0.56,0.71,0.75,0.68,"",2,5.3,-18,-2.5,-24,-3.4,-9,-1.3,-1130747,-5.3,422482,31.3,16366,59.4,-70,-3.1
"34027","5","518210","78","0","2023","4","",35,232,230,236,8220837,857913,21989,2718,"",0.43,0.25,0.25,0.25,0.15,0.34,0.37,0.60,"",5,16.7,-329,-58.6,-316,-57.9,-307,-56.5,-11407310,-58.1,-399872,-31.8,-8323,-27.5,-27,-1.0
"34029","5","518210","78","0","2023","4","",27,102,104,104,2108839,448802,13225,1570,"",0.37,0.18,0.18,0.18,0.10,0.25,0.30,0.58,"",1,3.8,-14,-12.1,-16,-13.3,-17,-14.0,73636,3.6,-75605,-14.4,-1253,-8.7,254,19.3
"34031","5","518210","78","0","2023","4","N",11,0,0,0,0,0,0,0,"N",0.16,0,0,0,0,0,0,0,"N",-1,-8.3,0,0,0,0,0,0,0,0,0,0,0,0,0,0
"34033","5","518210","78","0","2023","4","N",1,0,0,0,0,0,0,0,"N",0.15,0,0,0,0,0,0,0,"N",-3,-75.0,0,0,0,0,0,0,0,0,0,0,0,0,0,0
"34035","5","518210","78","0","2023","4","",33,345,343,345,12083012,854299,17634,2699,"",0.66,0.58,0.58,0.58,0.34,0.51,0.45,0.59,"",-1,-2.9,-54,-13.5,-51,-12.9,-53,-13.3,-1153519,-8.7,-4970,-0.6,1152,7.0,134,5.2
"34037","5","518210","78","0","2023","4","N",2,0,0,0,0,0,0,0,"N",0.12,0,0,0,0,0,0,0,"N",0,0.0,0,0,0,0,0,0,0,0,0,0,0,0,0,0
"34039","5","518210","78","0","2023","4","",18,163,160,159,5097701,627164,14062,2441,"",0.24,0.23,0.22,0.22,0.14,0.30,0.29,0.64,"",0,0.0,-2,-1.2,1,0.6,0,0.0,279973,5.8,60622,10.7,1294,10.1,139,6.0
"34041","5","518210","78","0","2023","4","N",6,0,0,0,0,0,0,0,"N",0.46,0,0,0,0,0,0,0,"N",1,20.0,0,0,0,0,0,0,0,0,0,0,0,0,0,0
"34999","5","518210","78","0","2023","4","",508,3416,3435,3470,204009920,13795738,383109,4561,"",2.23,4.76,4.73,4.73,3.66,4.96,4.47,0.77,"",37,7.9,-131,-3.7,-338,-9.0,-283,-7.5,29309899,16.8,-6703704,-32.7,-81089,-17.5,920,25.3
"35000","3","518210","58","0","2023","4","",21,265,265,263,5387050,20756,74,1568,"",38.09,16.61,16.59,16.63,19.96,3.47,22.88,1.20,"",0,0.0,-3,-1.1,-5,-1.9,-2,-0.8,330437,6.5,-1610,-7.2,-1,-1.3,115,7.9
"35000","5","518210","58","0","2023","4","",596,977,975,986,30133123,3501557,30037,2367,"",1.94,0.36,0.36,0.37,0.31,0.56,0.51,0.86,"",80,15.5,-42,-4.1,-43,-4.2,-21,-2.1,937478,3.2,-1116183,-24.2,-5927,-16.5,154,7.0
"35001","3","518210","78","0","2023","4","",2,112,111,112,2122238,0,0,1462,"",10.89,17.56,17.35,17.72,19.00,0.00,0.00,1.08,"",0,0.0,-10,-8.2,-10,-8.3,-10,-8.2,3617,0.2,0,0.0,0,0.0,123,9.2
"35001","5","518210","78","0","2023","4","",202,337,337,338,7864135,1306102,11945,1793,"",1.98,0.31,0.31,0.31,0.20,0.54,0.59,0.63,"",29,16.8,-59,-14.9,-51,-13.1,-51,-13.1,-2453895,-23.8,-544617,-29.4,-3477,-22.5,-237,-11.7
"35003","5","518210","78","0","2023","4","N",2,0,0,0,0,0,0,0,"N",3.37,0,0,0,0,0,0,0,"N",0,0.0,0,0,0,0,0,0,0,0,0,0,0,0,0,0
"35005","3","518210","78","0","2023","4","",2,11,12,13,129420,0,0,830,"",135.83,27.60,30.41,33.41,25.09,0.00,0.00,0.82,"",0,0.0,-1,-8.3,1,9.1,2,18.2,7331,6.0,0,0.0,0,0.0,1,0.1
"35005","5","518210","78","0","2023","4","N",6,0,0,0,0,0,0,0,"N",0.73,0,0,0,0,0,0,0,"N",1,20.0,0,0,0,0,0,0,0,0,0,0,0,0,0,0
"35006","3","518210","78","0","2023","4","",2,5,5,5,59421,0,0,914,"",552.72,38.82,38.89,39.09,34.41,0.00,0.00,0.88,"",0,0.0,1,25.0,1,25.0,0,0.0,-1057,-1.7,0,0.0,0,0.0,-160,-14.9
"35006","5","518210","78","0","2023","4","N",2,0,0,0,0,0,0,0,"N",0.99,0,0,0,0,0,0,0,"N",1,100.0,0,0,0,0,0,0,0,0,0,0,0,0,0,0
"35007","5","518210","78","0","2023","4","N",3,0,0,0,0,0,0,0,"N",1.22,0,0,0,0,0,0,0,"N",1,50.0,0,0,0,0,0,0,0,0,0,0,0,0,0,0
"35009","3","518210","78","0","2023","4","",2,11,11,11,164253,0,0,1149,"",182.88,32.99,32.82,33.35,37.87,0.00,0.00,1.15,"",0,0.0,1,10.0,1,10.0,2,22.2,39368,31.5,0,0.0,0,0.0,155,15.6
"35009","5","518210","78","0","2023","4","",4,21,21,23,867627,527779,4969,3080,"",0.66,0.37,0.37,0.41,0.56,4.07,4.95,1.46,"N",2,100.0,0,0,0,0,0,0,0,0,0,0,0,0,0,0
"35013","3","518210","78","0","2023","4","",1,24,26,22,289367,0,0,927,"",21.51,16.33,17.80,15.31,14.31,0.00,0.00,0.87,"",0,0.0,2,9.1,2,8.3,2,10.0,-13426,-4.4,0,0.0,0,0.0,-132,-12.5
"35013","5","518210","78","0","2023","4","",45,99,98,107,1855192,343275,1701,1408,"",1.74,0.40,0.40,0.44,0.26,0.60,0.26,0.62,"",9,25.0,-1,-1.0,0,0.0,3,2.9,555925,42.8,-75700,-18.1,-633,-27.1,415,41.8
"35015","3","518210","78","0","2023","4","",2,7,7,7,205427,3504,17,2257,"",127.18,11.83,11.78,12.02,15.92,13.06,97.11,1.34,"",0,0.0,0,0.0,0,0.0,0,0.0,18370,9.8,1249,55.4,8,88.9,201,9.8
"35015","5","518210","78","0","2023","4","N",7,0,0,0,0,0,0,0,"N",0.80,0,0,0,0,0,0,0,"N",3,75.0,0,0,0,0,0,0,0,0,0,0,0,0,0,0
"35017","5","518210","78","0","2023","4","N",2,0,0,0,0,0,0,0,"N",0.60,0,0,0,0,0,0,0,"N",-1,-33.3,0,0,0,0,0,0,0,0,0,0,0,0,0,0
"35025","3","518210","78","0","2023","4","",1,7,7,7,160760,0,0,1767,"",57.11,11.53,11.39,11.45,13.56,0.00,0.00,1.18,"",0,0.0,1,16.7,1,16.7,1,16.7,16141,11.2,0,0.0,0,0.0,-87,-4.7
"35025","5","518210","78","0","2023","4","N",1,0,0,0,0,0,0,0,"N",0.10,0,0,0,0,0,0,0,"N",0,0.0,0,0,0,0,0,0,0,0,0,0,0,0,0,0
"35027","3","518210","78","0","2023","4","",1,5,5,5,74339,0,0,1144,"",139.42,39.92,40.34,40.28,48.69,0.00,0.00,1.21,"",0,0.0,0,0.0,0,0.0,0,0.0,4208,6.0,0,0.0,0,0.0,65,6.0
"35027","5","518210","78","0","2023","4","N",1,0,0,0,0,0,0,0,"N",0.25,0,0,0,0,0,0,0,"N",0,0.0,0,0,0,0,0,0,0,0,0,0,0,0,0,0
"35028","3","518210","78","0","2023","4","",1,25,25,25,838423,0,0,2580,"",203.97,61.65,61.54,61.74,62.57,0.00,0.00,1.02,"",0,0.0,2,8.7,0,0.0,2,8.7,150802,21.9,0,0.0,0,0.0,345,15.4
"35028","5","518210","78","0","2023","4","",12,19,17,18,913338,0,0,3903,"",4.40,0.28,0.25,0.26,0.19,0.00,0.00,0.73,"",0,0.0,-3,-13.6,-6,-26.1,-5,-21.7,65810,7.8,-84414,-100.0,-827,-100.0,1027,35.7
"35029","5","518210","78","0","2023","4","N",1,0,0,0,0,0,0,0,"N",0.40,0,0,0,0,0,0,0,"N",0,0.0,0,0,0,0,0,0,0,0,0,0,0,0,0,0
"35031","3","518210","78","0","2023","4","",2,11,11,11,166920,0,0,1167,"",203.80,29.48,29.43,29.73,35.27,0.00,0.00,1.19,"",0,0.0,0,0.0,0,0.0,1,10.0,1612,1.0,0,0.0,0,0.0,-25,-2.1
"35031","5","518210","78","0","2023","4","N",2,0,0,0,0,0,0,0,"N",0.37,0,0,0,0,0,0,0,"N",0,0.0,0,0,0,0,0,0,0,0,0,0,0,0,0,0
"35035","5","518210","78","0","2023","4","N",5,0,0,0,0,0,0,0,"N",0.85,0,0,0,0,0,0,0,"N",-1,-16.7,0,0,0,0,0,0,0,0,0,0,0,0,0,0
"35037","3","518210","78","0","2023","4","",1,0,0,0,0,0,0,0,"",376.32,0.00,0.00,0.00,0.00,0.00,0.00,0.00,"",0,0.0,0,0.0,0,0.0,0,0.0,-5197,-100.0,0,0.0,0,0.0,0,0.0
"35039","5","518210","78","0","2023","4","",5,7,7,7,296958,25485,255,3263,"",1.19,0.23,0.24,0.23,0.33,0.37,0.33,1.42,"N",2,66.7,0,0,0,0,0,0,0,0,0,0,0,0,0,0
"35041","5","518210","78","0","2023","4","N",1,0,0,0,0,0,0,0,"N",0.46,0,0,0,0,0,0,0,"N",0,0.0,0,0,0,0,0,0,0,0,0,0,0,0,0,0
"35043","5","518210","78","0","2023","4","",41,46,48,47,1876711,98630,844,3072,"",2.85,0.43,0.44,0.43,0.50,0.40,0.45,1.16,"",6,17.1,3,7.0,4,9.1,4,9.3,473757,33.8,-120771,-55.0,-1146,-57.6,582,23.4
"35045","3","518210","78","0","2023","4","",2,17,16,16,481205,0,0,2266,"",80.58,20.07,18.80,18.94,35.85,0.00,0.00,1.86,"",0,0.0,0,0.0,-1,-5.9,-1,-5.9,43479,9.9,0,0.0,0,0.0,285,14.4
"35045","5","518210","78","0","2023","4","",9,10,10,10,333508,72004,659,2565,"",0.65,0.07,0.07,0.07,0.07,0.21,0.17,1.00,"N",3,50.0,0,0,0,0,0,0,0,0,0,0,0,0,0,0
"35047","5","518210","78","0","2023","4","N",1,0,0,0,0,0,0,0,"N",0.28,0,0,0,0,0,0,0,"N",0,0.0,0,0,0,0,0,0,0,0,0,0,0,0,0,0
"35049","3","518210","78","0","2023","4","",1,24,24,24,580045,0,0,1859,"",18.41,21.16,21.09,21.21,28.59,0.00,0.00,1.35,"",0,0.0,1,4.3,1,4.3,0,0.0,55068,10.5,0,0.0,0,0.0,128,7.4
"35049","5","518210","78","0","2023","4","",75,63,61,62,2337230,198759,2059,2900,"",2.48,0.33,0.32,0.32,0.32,0.47,0.64,1.00,"",6,8.7,-5,-7.4,-8,-11.6,1,1.6,-175945,-7.0,-41254,-17.2,-209,-9.2,-29,-1.0
"35051","5","518210","78","0","2023","4","",3,3,3,3,71097,0,0,1823,"",1.71,0.27,0.27,0.27,0.25,0.00,0.00,0.92,"N",2,200.0,0,0,0,0,0,0,0,0,0,0,0,0,0,0
"35053","5","518210","78","0","2023","4","N",2,0,0,0,0,0,0,0,"N",1.14,0,0,0,0,0,0,0,"N",0,0.0,0,0,0,0,0,0,0,0,0,0,0,0,0,0
"35055","5","518210","78","0","2023","4","",14,16,17,16,410800,38183,305,1935,"",2.15,0.48,0.51,0.45,0.45,0.44,0.27,0.94,"",2,16.7,-1,-5.9,-1,-5.6,-2,-11.1,-20336,-4.7,-34941,-47.8,-550,-64.3,58,3.1
"35057","5","518210","78","0","2023","4","N",1,0,0,0,0,0,0,0,"N",0.60,0,0,0,0,0,0,0,"N",0,0.0,0,0,0,0,0,0,0,0,0,0,0,0,0,0
"35061","3","518210","78","0","2023","4","",1,6,5,5,115232,17252,57,1662,"",81.67,18.78,15.58,15.75,26.24,133.50,653.12,1.57,"",0,0.0,0,0.0,-1,-16.7,-1,-16.7,10121,9.6,-2859,-14.2,-9,-13.6,314,23.3
"35061","5","518210","78","0","2023","4","N",9,0,0,0,0,0,0,0,"N",1.32,0,0,0,0,0,0,0,"N",3,50.0,0,0,0,0,0,0,0,0,0,0,0,0,0,0
"35999","5","518210","78","0","2023","4","",140,170,166,164,5458752,545007,5495,2519,"",5.55,2.16,2.07,2.04,1.42,1.76,1.10,0.68,"",13,10.2,7,4.3,2,1.2,0,0.0,86779,1.6,-242748,-30.8,-1116,-16.9,-6,-0.2
"36000","3","518210","58","0","2023","4","",3,28,28,28,373853,0,0,1027,"",0.53,0.16,0.16,0.16,0.08,0.00,0.00,0.51,"",0,0.0,0,0.0,0,0.0,-1,-3.4,-72078,-16.2,0,0.0,0,0.0,-184,-15.2
"36000","5","518210","58","0","2023","4","",2147,27554,27609,27661,1330991884,20352769,610301,3708,"",0.68,0.92,0.93,0.93,0.81,0.87,0.81,0.88,"",362,20.3,-342,-1.2,-127,-0.5,-98,-0.4,99272540,8.1,-9141819,-31.0,-300662,-33.0,299,8.8
"36001","5","518210","78","0","2023","4","",48,875,883,856,20946396,769878,20296,1849,"",0.97,1.22,1.23,1.19,0.62,1.78,1.46,0.51,"",4,9.1,13,1.5,36,4.3,5,0.6,1723409,9.0,74011,10.6,1213,6.4,116,6.7
"36003","5","518210","78","0","2023","4","N",1,0,0,0,0,0,0,0,"N",0.25,0,0,0,0,0,0,0,"N",1,100.0,0,0,0,0,0,0,0,0,0,0,0,0,0,0
"36005","5","518210","78","0","2023","4","",12,45,45,45,2241055,41488,1235,3831,"",0.13,0.04,0.04,0.04,0.05,0.06,0.06,1.21,"",6,100.0,36,400.0,35,350.0,32,246.2,1961698,702.2,27285,192.1,713,136.6,1816,90.1
"36007","5","518210","78","0","2023","4","",8,297,273,271,2700593,154334,5557,741,"",0.41,1.15,1.06,1.05,0.30,0.96,1.07,0.27,"N",1,14.3,0,0,0,0,0,0,0,0,0,0,0,0,0,0
"36009","5","518210","78","0","2023","4","N",1,0,0,0,0,0,0,0,"N",0.13,0,0,0,0,0,0,0,"N",1,100.0,0,0,0,0,0,0,0,0,0,0,0,0,0,0
"36011","5","518210","78","0","2023","4","",3,17,17,17,341713,6764,277,1546,"",0.38,0.22,0.22,0.22,0.12,0.13,0.17,0.56,"N",2,200.0,0,0,0,0,0,0,0,0,0,0,0,0,0,0
"36017","5","518210","78","0","2023","4","N",1,0,0,0,0,0,0,0,"N",0.21,0,0,0,0,0,0,0,"N",0,0.0,0,0,0,0,0,0,0,0,0,0,0,0,0,0
"36019","5","518210","78","0","2023","4","N",1,0,0,0,0,0,0,0,"N",0.11,0,0,0,0,0,0,0,"N",0,0.0,0,0,0,0,0,0,0,0,0,0,0,0,0,0
"36021","5","518210","78","0","2023","4","",6,23,25,24,962668,15681,371,3085,"",0.60,0.34,0.38,0.37,0.43,0.32,0.25,1.19,"",1,20.0,-9,-28.1,-3,-10.7,-3,-11.1,-263119,-21.5,-18175,-53.7,-451,-54.9,-166,-5.1
"36023","5","518210","78","0","2023","4","N",1,0,0,0,0,0,0,0,"N",0.20,0,0,0,0,0,0,0,"N",1,100.0,0,0,0,0,0,0,0,0,0,0,0,0,0,0
"36027","5","518210","78","0","2023","4","",18,264,264,269,8090040,202142,7252,2342,"",0.45,0.76,0.76,0.78,0.57,0.83,1.01,0.75,"",3,20.0,47,21.7,47,21.7,41,18.0,130904,1.6,-5177905,-96.2,-212720,-96.7,-433,-15.6
"36029","5","518210","78","0","2023","4","",65,709,718,723,17902833,514404,13096,1922,"",0.58,0.49,0.50,0.50,0.32,0.49,0.39,0.64,"",20,44.4,116,19.6,107,17.5,99,15.9,813747,4.8,-168244,-24.6,-12485,-48.8,-235,-10.9
"36031","5","518210","78","0","2023","4","N",1,0,0,0,0,0,0,0,"N",0.17,0,0,0,0,0,0,0,"N",0,0.0,0,0,0,0,0,0,0,0,0,0,0,0,0,0
"36035","5","518210","78","0","2023","4","N",2,0,0,0,0,0,0,0,"N",0.37,0,0,0,0,0,0,0,"N",0,0.0,0,0,0,0,0,0,0,0,0,0,0,0,0,0
"36037","5","518210","78","0","2023","4","N",1,0,0,0,0,0,0,0,"N",0.15,0,0,0,0,0,0,0,"N",0,0.0,0,0,0,0,0,0,0,0,0,0,0,0,0,0
"36039","5","518210","78","0","2023","4","N",3,0,0,0,0,0,0,0,"N",0.49,0,0,0,0,0,0,0,"N",1,50.0,0,0,0,0,0,0,0,0,0,0,0,0,0,0
"36043","5","518210","78","0","2023","4","N",1,0,0,0,0,0,0,0,"N",0.17,0,0,0,0,0,0,0,"N",0,0.0,0,0,0,0,0,0,0,0,0,0,0,0,0,0
"36045","5","518210","78","0","2023","4","N",2,0,0,0,0,0,0,0,"N",0.15,0,0,0,0,0,0,0,"N",0,0.0,0,0,0,0,0,0,0,0,0,0,0,0,0,0
"36047","5","518210","78","0","2023","4","",204,926,938,932,32437299,1085628,35218,2677,"",0.62,0.34,0.34,0.33,0.33,0.42,0.43,0.97,"",49,31.6,170,22.5,194,26.1,172,22.6,7005265,27.5,218781,25.2,7266,26.0,80,3.1
"36049","5","518210","78","0","2023","4","N",1,0,0,0,0,0,0,0,"N",0.37,0,0,0,0,0,0,0,"N",0,0.0,0,0,0,0,0,0,0,0,0,0,0,0,0,0
"36051","5","518210","78","0","2023","4","N",1,0,0,0,0,0,0,0,"N",0.15,0,0,0,0,0,0,0,"N",-1,-50.0,0,0,0,0,0,0,0,0,0,0,0,0,0,0
"36053","5","518210","78","0","2023","4","N",1,0,0,0,0,0,0,0,"N",0.14,0,0,0,0,0,0,0,"N",0,0.0,0,0,0,0,0,0,0,0,0,0,0,0,0,0
"36055","5","518210","78","0","2023","4","",45,492,483,475,12449731,226959,5733,1981,"",0.51,0.41,0.41,0.40,0.27,0.30,0.24,0.67,"",6,15.4,123,33.3,120,33.1,110,30.1,5838316,88.3,-375,-0.2,-491,-7.9,590,42.4
"36059","5","518210","78","0","2023","4","",90,1154,1172,1160,44733775,1042051,29289,2961,"",0.36,0.59,0.59,0.59,0.49,0.65,0.58,0.83,"",-8,-8.2,-463,-28.6,-450,-27.7,-465,-28.6,-8253276,-15.6,-510565,-32.9,-9261,-24.0,447,17.8
"36061","5","518210","78","0","2023","4","",648,15090,15115,15161,863074787,10603721,319450,4390,"",1.12,2.00,1.99,1.99,1.22,1.76,1.61,0.61,"",72,12.5,157,1.1,281,1.9,385,2.6,66430490,8.3,-1864204,-15.0,-29142,-8.4,263,6.4
"36063","5","518210","78","0","2023","4","",6,43,41,42,1834935,8942,215,3361,"",0.27,0.20,0.19,0.20,0.26,0.06,0.04,1.33,"N",2,50.0,0,0,0,0,0,0,0,0,0,0,0,0,0,0
"36065","5","518210","78","0","2023","4","",7,22,18,21,448443,37058,1031,1697,"",0.29,0.07,0.06,0.07,0.04,0.19,0.18,0.62,"",-1,-12.5,4,22.2,3,20.0,2,10.5,71297,18.9,3775,11.3,200,24.1,23,1.4
"36067","5","518210","78","0","2023","4","",29,316,325,327,4988825,214154,6588,1189,"",0.50,0.42,0.43,0.43,0.16,0.41,0.41,0.38,"",0,0.0,-7,-2.2,3,0.9,0,0.0,788552,18.8,-46449,-17.8,-1608,-19.6,192,19.3
"36069","5","518210","78","0","2023","4","N",3,0,0,0,0,0,0,0,"N",0.20,0,0,0,0,0,0,0,"N",0,0.0,0,0,0,0,0,0,0,0,0,0,0,0,0,0
"36071","3","518210","78","0","2023","4","",3,28,28,28,373853,0,0,1027,"",31.63,9.76,9.74,9.87,7.45,0.00,0.00,0.76,"",0,0.0,0,0.0,0,0.0,-1,-3.4,-72078,-16.2,0,0.0,0,0.0,-184,-15.2
"36071","5","518210","78","0","2023","4","",21,157,160,167,3742145,203803,5015,1784,"",0.40,0.32,0.33,0.34,0.21,0.50,0.39,0.63,"",5,31.2,22,16.3,25,18.5,32,23.7,932341,33.2,159729,362.4,3683,276.5,183,11.4
"36075","5","518210","78","0","2023","4","N",2,0,0,0,0,0,0,0,"N",0.19,0,0,0,0,0,0,0,"N",0,0.0,0,0,0,0,0,0,0,0,0,0,0,0,0,0
"36079","5","518210","78","0","2023","4","",4,26,31,30,881993,65487,2564,2340,"",0.27,0.31,0.37,0.36,0.25,0.92,1.12,0.74,"",0,0.0,-1,-3.7,4,14.8,1,3.4,319260,56.7,52551,406.2,2291,839.2,775,49.5
"36081","5","518210","78","0","2023","4","",87,295,278,275,8598630,148626,5091,2340,"",0.34,0.13,0.12,0.12,0.09,0.08,0.08,0.75,"",17,24.3,76,34.7,64,29.9,61,28.5,1428262,19.9,-58139,-28.1,-1934,-27.5,-217,-8.5
"36083","5","518210","78","0","2023","4","",4,112,112,113,2321060,51878,1663,1589,"",0.25,0.62,0.62,0.64,0.26,0.49,0.49,0.41,"",1,33.3,-19,-14.5,-20,-15.2,-16,-12.4,-117990,-4.8,-43795,-45.8,-1795,-51.9,153,10.7
"36085","5","518210","78","0","2023","4","",10,140,134,133,2066645,110437,2616,1172,"",0.21,0.34,0.32,0.31,0.12,0.29,0.21,0.38,"",1,11.1,45,47.4,41,44.1,28,26.7,112108,5.7,20994,23.5,140,5.7,-367,-23.8
"36087","5","518210","78","0","2023","4","",20,189,191,185,3752343,116643,2931,1533,"",0.36,0.45,0.45,0.44,0.23,0.34,0.27,0.51,"",3,17.6,2,1.1,-13,-6.4,2,1.1,327027,9.5,21224,22.2,350,13.6,156,11.3
"36089","5","518210","78","0","2023","4","N",1,0,0,0,0,0,0,0,"N",0.11,0,0,0,0,0,0,0,"N",0,0.0,0,0,0,0,0,0,0,0,0,0,0,0,0,0
"36091","5","518210","78","0","2023","4","",17,135,131,131,7891794,118199,3564,4587,"",0.59,0.48,0.47,0.47,0.69,0.54,0.52,1.47,"",4,30.8,-14,-9.4,-17,-11.5,-19,-12.7,178546,2.3,-34558,-22.6,-1598,-31.0,605,15.2
"36093","5","518210","78","0","2023","4","",9,33,33,30,658994,30057,650,1584,"",0.57,0.18,0.18,0.17,0.09,0.25,0.18,0.49,"",1,12.5,9,37.5,11,50.0,9,42.9,288734,78.0,774,2.6,-36,-5.2,309,24.2
"36099","5","518210","78","0","2023","4","N",2,0,0,0,0,0,0,0,"N",0.58,0,0,0,0,0,0,0,"N",0,0.0,0,0,0,0,0,0,0,0,0,0,0,0,0,0
"36101","5","518210","78","0","2023","4","",4,9,9,9,278815,3661,106,2383,"",0.41,0.08,0.08,0.08,0.07,0.05,0.05,0.82,"N",1,33.3,0,0,0,0,0,0,0,0,0,0,0,0,0,0
"36103","5","518210","78","0","2023","4","",76,1057,1058,1055,43084062,607583,15989,3136,"",0.30,0.50,0.51,0.50,0.44,0.38,0.30,0.88,"",16,26.7,165,18.5,165,18.5,168,18.9,11130868,34.8,-81852,-11.9,-3861,-19.5,376,13.6
"36107","5","518210","78","0","2023","4","N",2,0,0,0,0,0,0,0,"N",0.50,0,0,0,0,0,0,0,"N",0,0.0,0,0,0,0,0,0,0,0,0,0,0,0,0,0
"36109","5","518210","78","0","2023","4","",8,25,24,24,763887,23749,585,2415,"",0.64,0.17,0.16,0.16,0.13,0.31,0.26,0.78,"",1,14.3,2,8.7,10,71.4,2,9.1,-8708,-1.1,10827,83.8,66,12.7,-607,-20.1
"36111","5","518210","78","0","2023","4","",9,97,100,99,1821938,124896,2900,1420,"",0.35,0.52,0.54,0.55,0.28,0.87,0.66,0.51,"",-1,-10.0,6,6.6,7,7.5,5,5.3,344609,23.3,53512,75.0,578,24.9,194,15.8
"36113","5","518210","78","0","2023","4","N",4,0,0,0,0,0,0,0,"N",0.37,0,0,0,0,0,0,0,"N",2,100.0,0,0,0,0,0,0,0,0,0,0,0,0,0,0
"36115","5","518210","78","0","2023","4","N",2,0,0,0,0,0,0,0,"N",0.35,0,0,0,0,0,0,0,"N",1,100.0,0,0,0,0,0,0,0,0,0,0,0,0,0,0
"36117","5","518210","78","0","2023","4","N",2,0,0,0,0,0,0,0,"N",0.21,0,0,0,0,0,0,0,"N",0,0.0,0,0,0,0,0,0,0,0,0,0,0,0,0,0
"36119","5","518210","78","0","2023","4","",74,1953,1969,1960,118189452,1018060,31131,4637,"",0.44,1.46,1.47,1.47,1.58,1.00,0.94,1.07,"",3,4.2,-267,-12.0,-292,-12.9,-325,-14.2,19250935,19.5,-794891,-43.8,-12262,-28.3,1262,37.4
"36121","5","518210","78","0","2023","4","N",1,0,0,0,0,0,0,0,"N",0.25,0,0,0,0,0,0,0,"N",0,0.0,0,0,0,0,0,0,0,0,0,0,0,0,0,0
"36999","5","518210","78","0","2023","4","",578,2660,2677,2752,114711509,2419879,76466,3273,"",2.12,4.64,4.64,4.72,2.69,2.91,2.44,0.58,"",149,34.7,-532,-16.7,-490,-15.5,-390,-12.4,-12092335,-9.5,-497526,-17.1,-12991,-14.5,193,6.3
"37000","5","518210","58","0","2023","4","",1788,11560,11521,11560,380609973,29259842,240581,2536,"",1.02,0.76,0.76,0.76,0.63,0.88,1.07,0.84,"",263,17.2,-195,-1.7,-388,-3.3,-474,-3.9,6449283,1.7,-6854911,-19.0,-67876,-22.0,117,4.8
"37001","5","518210","78","0","2023","4","",6,34,35,35,628234,74412,406,1394,"",0.30,0.16,0.17,0.16,0.10,0.16,0.14,0.60,"",1,20.0,5,17.2,6,20.7,5,16.7,60260,10.6,482,0.7,-1404,-77.6,-95,-6.4
"37009","5","518210","78","0","2023","4","N",1,0,0,0,0,0,0,0,"N",0.29,0,0,0,0,0,0,0,"N",1,100.0,0,0,0,0,0,0,0,0,0,0,0,0,0,0
"37011","5","518210","78","0","2023","4","N",1,0,0,0,0,0,0,0,"N",0.31,0,0,0,0,0,0,0,"N",0,0.0,0,0,0,0,0,0,0,0,0,0,0,0,0,0
"37013","5","518210","78","0","2023","4","N",3,0,0,0,0,0,0,0,"N",0.47,0,0,0,0,0,0,0,"N",2,200.0,0,0,0,0,0,0,0,0,0,0,0,0,0,0
"37015","5","518210","78","0","2023","4","N",1,0,0,0,0,0,0,0,"N",0.63,0,0,0,0,0,0,0,"N",0,0.0,0,0,0,0,0,0,0,0,0,0,0,0,0,0
"37017","5","518210","78","0","2023","4","N",1,0,0,0,0,0,0,0,"N",0.31,0,0,0,0,0,0,0,"N",0,0.0,0,0,0,0,0,0,0,0,0,0,0,0,0,0
"37019","5","518210","78","0","2023","4","",10,27,28,28,749632,46425,554,2084,"",0.50,0.22,0.23,0.23,0.20,0.15,0.26,0.89,"N",4,66.7,0,0,0,0,0,0,0,0,0,0,0,0,0,0
"37021","5","518210","78","0","2023","4","",52,204,203,206,13270520,287812,2843,4996,"",0.87,0.47,0.47,0.47,0.88,0.27,0.44,1.88,"N",6,13.0,0,0,0,0,0,0,0,0,0,0,0,0,0,0
"37023","5","518210","78","0","2023","4","",4,5,5,5,101754,62923,629,1565,"",0.50,0.05,0.05,0.05,0.04,0.32,0.58,0.71,"N",2,100.0,0,0,0,0,0,0,0,0,0,0,0,0,0,0
"37025","5","518210","78","0","2023","4","",23,65,65,67,2657446,171438,1782,3113,"",0.75,0.24,0.24,0.25,0.32,0.28,0.47,1.29,"N",7,43.8,0,0,0,0,0,0,0,0,0,0,0,0,0,0
"37027","5","518210","78","0","2023","4","N",1,0,0,0,0,0,0,0,"N",0.14,0,0,0,0,0,0,0,"N",0,0.0,0,0,0,0,0,0,0,0,0,0,0,0,0,0
"37029","5","518210","78","0","2023","4","N",1,0,0,0,0,0,0,0,"N",0.95,0,0,0,0,0,0,0,"N",0,0.0,0,0,0,0,0,0,0,0,0,0,0,0,0,0
"37031","5","518210","78","0","2023","4","",4,4,5,5,121514,37523,325,2003,"",0.31,0.05,0.06,0.06,0.06,0.21,0.29,0.92,"N",0,0.0,0,0,0,0,0,0,0,0,0,0,0,0,0,0
"37033","5","518210","78","0","2023","4","N",1,0,0,0,0,0,0,0,"N",0.69,0,0,0,0,0,0,0,"N",1,100.0,0,0,0,0,0,0,0,0,0,0,0,0,0,0
"37035","5","518210","78","0","2023","4","N",12,0,0,0,0,0,0,0,"N",0.50,0,0,0,0,0,0,0,"N",0,0.0,0,0,0,0,0,0,0,0,0,0,0,0,0,0
"37037","5","518210","78","0","2023","4","",11,19,18,18,565352,77097,364,2372,"",1.10,0.34,0.32,0.32,0.32,0.56,0.41,0.98,"",2,22.2,-9,-32.1,-10,-35.7,-10,-35.7,-334808,-37.2,-29027,-27.4,-668,-64.7,-101,-4.1
"37039","5","518210","78","0","2023","4","N",6,0,0,0,0,0,0,0,"N",1.45,0,0,0,0,0,0,0,"N",1,20.0,0,0,0,0,0,0,0,0,0,0,0,0,0,0
"37041","5","518210","78","0","2023","4","N",1,0,0,0,0,0,0,0,"N",0.50,0,0,0,0,0,0,0,"N",0,0.0,0,0,0,0,0,0,0,0,0,0,0,0,0,0
"37045","5","518210","78","0","2023","4","N",7,0,0,0,0,0,0,0,"N",0.65,0,0,0,0,0,0,0,"N",1,16.7,0,0,0,0,0,0,0,0,0,0,0,0,0,0
"37047","5","518210","78","0","2023","4","N",2,0,0,0,0,0,0,0,"N",0.35,0,0,0,0,0,0,0,"N",1,100.0,0,0,0,0,0,0,0,0,0,0,0,0,0,0
"37049","5","518210","78","0","2023","4","",6,12,11,12,272298,11426,109,1795,"",0.47,0.09,0.09,0.09,0.06,0.05,0.09,0.71,"",0,0.0,-11,-47.8,-11,-50.0,-10,-45.5,-184035,-40.3,-31166,-73.2,-244,-69.1,223,14.2
"37051","5","518210","78","0","2023","4","N",14,0,0,0,0,0,0,0,"N",0.40,0,0,0,0,0,0,0,"N",3,27.3,0,0,0,0,0,0,0,0,0,0,0,0,0,0
"37053","5","518210","78","0","2023","4","N",3,0,0,0,0,0,0,0,"N",0.66,0,0,0,0,0,0,0,"N",2,200.0,0,0,0,0,0,0,0,0,0,0,0,0,0,0
"37055","5","518210","78","0","2023","4","",5,4,4,4,79302,5041,35,1525,"",0.47,0.06,0.07,0.07,0.05,0.04,0.02,0.70,"",0,0.0,-2,-33.3,-2,-33.3,-2,-33.3,-77298,-49.4,237,4.9,-4,-10.3,-483,-24.1
"37057","5","518210","78","0","2023","4","",4,6,6,6,248699,6873,69,3188,"",0.26,0.04,0.04,0.04,0.05,0.02,0.03,1.31,"",1,33.3,3,100.0,3,100.0,3,100.0,155224,166.1,6873,100.0,69,100.0,791,33.0
"37059","5","518210","78","0","2023","4","N",1,0,0,0,0,0,0,0,"N",0.19,0,0,0,0,0,0,0,"N",0,0.0,0,0,0,0,0,0,0,0,0,0,0,0,0,0
"37061","5","518210","78","0","2023","4","N",1,0,0,0,0,0,0,0,"N",0.18,0,0,0,0,0,0,0,"N",0,0.0,0,0,0,0,0,0,0,0,0,0,0,0,0,0
"37063","5","518210","78","0","2023","4","",79,376,379,379,13106399,758930,6694,2667,"",1.45,0.52,0.52,0.52,0.32,0.62,0.87,0.62,"",14,21.5,-191,-33.7,-186,-32.9,-182,-32.4,-14652294,-52.8,32577,4.5,443,7.1,-1117,-29.5
"37065","5","518210","78","0","2023","4","N",1,0,0,0,0,0,0,0,"N",0.21,0,0,0,0,0,0,0,"N",0,0.0,0,0,0,0,0,0,0,0,0,0,0,0,0,0
"37067","5","518210","78","0","2023","4","",39,202,200,205,5330461,377694,2572,2027,"",0.74,0.33,0.33,0.34,0.23,0.34,0.40,0.70,"",1,2.6,-150,-42.6,-145,-42.0,-143,-41.1,-4223332,-44.2,-213145,-36.1,-4714,-64.7,-83,-3.9
"37069","5","518210","78","0","2023","4","N",4,0,0,0,0,0,0,0,"N",0.53,0,0,0,0,0,0,0,"N",0,0.0,0,0,0,0,0,0,0,0,0,0,0,0,0,0
"37071","5","518210","78","0","2023","4","N",5,0,0,0,0,0,0,0,"N",0.19,0,0,0,0,0,0,0,"N",0,0.0,0,0,0,0,0,0,0,0,0,0,0,0,0,0
"37075","5","518210","78","0","2023","4","N",2,0,0,0,0,0,0,0,"N",1.99,0,0,0,0,0,0,0,"N",1,100.0,0,0,0,0,0,0,0,0,0,0,0,0,0,0
"37077","5","518210","78","0","2023","4","N",1,0,0,0,0,0,0,0,"N",0.19,0,0,0,0,0,0,0,"N",0,0.0,0,0,0,0,0,0,0,0,0,0,0,0,0,0
"37079","5","518210","78","0","2023","4","N",1,0,0,0,0,0,0,0,"N",0.57,0,0,0,0,0,0,0,"N",1,100.0,0,0,0,0,0,0,0,0,0,0,0,0,0,0
"37081","5","518210","78","0","2023","4","",39,354,352,346,10735656,496912,3887,2355,"",0.48,0.39,0.39,0.38,0.33,0.26,0.33,0.86,"",1,2.6,-72,-16.9,-71,-16.8,-70,-16.8,-1852902,-14.7,-68790,-12.2,583,17.6,59,2.6
"37083","5","518210","78","0","2023","4","N",1,0,0,0,0,0,0,0,"N",0.20,0,0,0,0,0,0,0,"N",0,0.0,0,0,0,0,0,0,0,0,0,0,0,0,0,0
"37085","5","518210","78","0","2023","4","N",2,0,0,0,0,0,0,0,"N",0.18,0,0,0,0,0,0,0,"N",1,100.0,0,0,0,0,0,0,0,0,0,0,0,0,0,0
"37087","5","518210","78","0","2023","4","",4,9,10,10,304408,74979,750,2422,"",0.45,0.17,0.19,0.18,0.20,0.56,0.91,1.14,"N",2,100.0,0,0,0,0,0,0,0,0,0,0,0,0,0,0
"37089","5","518210","78","0","2023","4","N",14,0,0,0,0,0,0,0,"N",0.74,0,0,0,0,0,0,0,"N",2,16.7,0,0,0,0,0,0,0,0,0,0,0,0,0,0
"37097","5","518210","78","0","2023","4","",18,42,41,41,1168493,130395,766,2175,"",0.55,0.16,0.16,0.16,0.12,0.22,0.20,0.77,"",5,38.5,14,50.0,13,46.4,16,64.0,299484,34.5,83134,175.9,561,273.7,-301,-12.2
"37099","5","518210","78","0","2023","4","",7,25,26,26,399932,32395,305,1199,"",1.16,0.54,0.56,0.57,0.30,0.34,0.39,0.55,"N",2,40.0,0,0,0,0,0,0,0,0,0,0,0,0,0,0
"37101","5","518210","78","0","2023","4","",18,21,22,24,521849,96516,815,1797,"",0.77,0.11,0.12,0.13,0.09,0.23,0.31,0.72,"N",2,12.5,0,0,0,0,0,0,0,0,0,0,0,0,0,0
"37105","5","518210","78","0","2023","4","",6,9,8,6,158405,58926,673,1589,"",0.71,0.11,0.10,0.07,0.06,0.32,0.66,0.65,"",0,0.0,4,80.0,3,60.0,-1,-14.3,25686,19.4,17456,42.1,177,35.7,-213,-11.8
"37107","5","518210","78","0","2023","4","N",1,0,0,0,0,0,0,0,"N",0.15,0,0,0,0,0,0,0,"N",0,0.0,0,0,0,0,0,0,0,0,0,0,0,0,0,0
"37109","5","518210","78","0","2023","4","N",7,0,0,0,0,0,0,0,"N",0.61,0,0,0,0,0,0,0,"N",1,16.7,0,0,0,0,0,0,0,0,0,0,0,0,0,0
"37111","5","518210","78","0","2023","4","N",1,0,0,0,0,0,0,0,"N",0.23,0,0,0,0,0,0,0,"N",0,0.0,0,0,0,0,0,0,0,0,0,0,0,0,0,0
"37113","5","518210","78","0","2023","4","N",5,0,0,0,0,0,0,0,"N",0.75,0,0,0,0,0,0,0,"N",1,25.0,0,0,0,0,0,0,0,0,0,0,0,0,0,0
"37115","5","518210","78","0","2023","4","",5,9,9,9,234776,44405,443,2007,"",1.91,0.65,0.66,0.69,0.64,1.77,2.31,0.95,"N",2,66.7,0,0,0,0,0,0,0,0,0,0,0,0,0,0
"37117","5","518210","78","0","2023","4","N",1,0,0,0,0,0,0,0,"N",0.43,0,0,0,0,0,0,0,"N",0,0.0,0,0,0,0,0,0,0,0,0,0,0,0,0,0
"37119","5","518210","78","0","2023","4","",233,3014,3018,3005,116657456,5559045,42380,2979,"",0.94,1.23,1.23,1.22,0.98,1.01,1.11,0.80,"",25,12.0,194,6.9,143,5.0,165,5.8,5732801,5.2,-2675948,-32.5,-32299,-43.3,-20,-0.7
"37121","5","518210","78","0","2023","4","N",1,0,0,0,0,0,0,0,"N",0.50,0,0,0,0,0,0,0,"N",0,0.0,0,0,0,0,0,0,0,0,0,0,0,0,0,0
"37123","5","518210","78","0","2023","4","N",2,0,0,0,0,0,0,0,"N",0.71,0,0,0,0,0,0,0,"N",-1,-33.3,0,0,0,0,0,0,0,0,0,0,0,0,0,0
"37125","5","518210","78","0","2023","4","",8,13,14,14,289263,29933,1184,1628,"",0.51,0.11,0.11,0.11,0.07,0.11,0.76,0.63,"N",1,14.3,0,0,0,0,0,0,0,0,0,0,0,0,0,0
"37127","5","518210","78","0","2023","4","",4,4,4,4,163864,22668,33,3151,"",0.36,0.03,0.03,0.03,0.04,0.08,0.02,1.31,"",1,33.3,-5,-55.6,-5,-55.6,-7,-63.6,74569,83.5,-4678,-17.1,-6,-15.4,2440,343.2
"37129","5","518210","78","0","2023","4","",38,109,108,110,3371523,284891,2950,2379,"",0.73,0.27,0.27,0.27,0.23,0.31,0.46,0.87,"",7,22.6,21,23.9,19,21.3,16,17.0,233330,7.4,-15854,-5.3,-368,-11.1,-293,-11.0
"37131","5","518210","78","0","2023","4","N",1,0,0,0,0,0,0,0,"N",0.58,0,0,0,0,0,0,0,"N",0,0.0,0,0,0,0,0,0,0,0,0,0,0,0,0,0
"37133","5","518210","78","0","2023","4","",11,17,16,17,328433,68558,711,1516,"",0.55,0.10,0.09,0.10,0.07,0.19,0.32,0.73,"",2,22.2,-17,-50.0,-17,-51.5,-15,-46.9,-310169,-48.6,-42480,-38.3,-403,-36.2,27,1.8
"37135","5","518210","78","0","2023","4","",47,281,280,283,16283572,473379,5201,4452,"",1.84,1.14,1.14,1.16,1.43,1.45,2.39,1.25,"",9,23.7,12,4.5,7,2.6,10,3.7,1344876,9.0,-121753,-20.5,-580,-10.0,222,5.2
"37137","5","518210","78","0","2023","4","N",2,0,0,0,0,0,0,0,"N",1.21,0,0,0,0,0,0,0,"N",0,0.0,0,0,0,0,0,0,0,0,0,0,0,0,0,0
"37139","5","518210","78","0","2023","4","N",3,0,0,0,0,0,0,0,"N",0.57,0,0,0,0,0,0,0,"N",1,50.0,0,0,0,0,0,0,0,0,0,0,0,0,0,0
"37141","5","518210","78","0","2023","4","N",6,0,0,0,0,0,0,0,"N",0.67,0,0,0,0,0,0,0,"N",1,20.0,0,0,0,0,0,0,0,0,0,0,0,0,0,0
"37147","5","518210","78","0","2023","4","",8,20,19,19,454260,104801,963,1807,"",0.38,0.08,0.07,0.07,0.05,0.23,0.33,0.66,"N",0,0.0,0,0,0,0,0,0,0,0,0,0,0,0,0,0
"37149","5","518210","78","0","2023","4","N",2,0,0,0,0,0,0,0,"N",0.63,0,0,0,0,0,0,0,"N",0,0.0,0,0,0,0,0,0,0,0,0,0,0,0,0,0
"37151","5","518210","78","0","2023","4","N",2,0,0,0,0,0,0,0,"N",0.15,0,0,0,0,0,0,0,"N",1,100.0,0,0,0,0,0,0,0,0,0,0,0,0,0,0
"37155","5","518210","78","0","2023","4","N",1,0,0,0,0,0,0,0,"N",0.10,0,0,0,0,0,0,0,"N",0,0.0,0,0,0,0,0,0,0,0,0,0,0,0,0,0
"37157","5","518210","78","0","2023","4","N",5,0,0,0,0,0,0,0,"N",0.57,0,0,0,0,0,0,0,"N",3,150.0,0,0,0,0,0,0,0,0,0,0,0,0,0,0
"37159","5","518210","78","0","2023","4","N",1,0,0,0,0,0,0,0,"N",0.07,0,0,0,0,0,0,0,"N",0,0.0,0,0,0,0,0,0,0,0,0,0,0,0,0,0
"37161","5","518210","78","0","2023","4","N",4,0,0,0,0,0,0,0,"N",0.57,0,0,0,0,0,0,0,"N",2,100.0,0,0,0,0,0,0,0,0,0,0,0,0,0,0
"37167","5","518210","78","0","2023","4","N",2,0,0,0,0,0,0,0,"N",0.26,0,0,0,0,0,0,0,"N",1,100.0,0,0,0,0,0,0,0,0,0,0,0,0,0,0
"37171","5","518210","78","0","2023","4","N",1,0,0,0,0,0,0,0,"N",0.11,0,0,0,0,0,0,0,"N",0,0.0,0,0,0,0,0,0,0,0,0,0,0,0,0,0
"37173","5","518210","78","0","2023","4","N",3,0,0,0,0,0,0,0,"N",1.23,0,0,0,0,0,0,0,"N",0,0.0,0,0,0,0,0,0,0,0,0,0,0,0,0,0
"37175","5","518210","78","0","2023","4","N",1,0,0,0,0,0,0,0,"N",0.17,0,0,0,0,0,0,0,"N",0,0.0,0,0,0,0,0,0,0,0,0,0,0,0,0,0
"37179","5","518210","78","0","2023","4","",35,58,57,67,2413113,317644,3121,3060,"",0.97,0.25,0.25,0.29,0.29,0.61,0.89,1.11,"",9,34.6,5,9.4,3,5.6,10,17.5,516099,27.2,72031,29.3,631,25.3,391,14.6
"37181","5","518210","78","0","2023","4","N",1,0,0,0,0,0,0,0,"N",0.23,0,0,0,0,0,0,0,"N",0,0.0,0,0,0,0,0,0,0,0,0,0,0,0,0,0
"37183","5","518210","78","0","2023","4","",384,3081,3047,3073,91746225,9030180,70603,2301,"",1.63,1.54,1.51,1.51,1.01,2.07,2.28,0.66,"",57,17.4,-146,-4.5,-198,-6.1,-306,-9.1,5982651,7.0,-2189845,-19.5,-22832,-24.4,292,14.5
"37185","5","518210","78","0","2023","4","N",1,0,0,0,0,0,0,0,"N",0.62,0,0,0,0,0,0,0,"N",0,0.0,0,0,0,0,0,0,0,0,0,0,0,0,0,0
"37189","5","518210","78","0","2023","4","",4,7,7,7,205871,53617,536,2262,"",0.43,0.09,0.09,0.09,0.09,0.35,0.59,1.03,"N",0,0.0,0,0,0,0,0,0,0,0,0,0,0,0,0,0
"37191","5","518210","78","0","2023","4","N",1,0,0,0,0,0,0,0,"N",0.08,0,0,0,0,0,0,0,"N",1,100.0,0,0,0,0,0,0,0,0,0,0,0,0,0,0
"37193","5","518210","78","0","2023","4","N",2,0,0,0,0,0,0,0,"N",0.31,0,0,0,0,0,0,0,"N",0,0.0,0,0,0,0,0,0,0,0,0,0,0,0,0,0
"37195","5","518210","78","0","2023","4","N",1,0,0,0,0,0,0,0,"N",0.10,0,0,0,0,0,0,0,"N",0,0.0,0,0,0,0,0,0,0,0,0,0,0,0,0,0
"37197","5","518210","78","0","2023","4","N",2,0,0,0,0,0,0,0,"N",0.55,0,0,0,0,0,0,0,"N",0,0.0,0,0,0,0,0,0,0,0,0,0,0,0,0,0
"37199","5","518210","78","0","2023","4","N",1,0,0,0,0,0,0,0,"N",0.44,0,0,0,0,0,0,0,"N",0,0.0,0,0,0,0,0,0,0,0,0,0,0,0,0,0
"37999","5","518210","78","0","2023","4","",527,2694,2683,2690,76729436,8441499,77787,2195,"",2.99,3.78,3.76,3.75,1.70,4.11,4.03,0.45,"",72,15.8,84,3.2,7,0.3,-19,-0.7,7753989,11.2,-905392,-9.7,-2047,-2.6,204,10.2
"38000","3","518210","58","0","2023","4","",2,67,58,56,876707,509466,407,1118,"",6.86,8.45,7.38,7.22,6.06,149.32,269.28,0.79,"",0,0.0,6,9.8,2,3.6,-1,-1.8,93440,11.9,22867,4.7,-123,-23.2,79,7.6
"38000","5","518210","58","0","2023","4","",196,314,307,302,7310733,1551856,18839,1828,"",1.21,0.23,0.23,0.23,0.14,0.44,0.68,0.61,"",16,8.9,-108,-25.6,-121,-28.3,-127,-29.6,-1716888,-19.0,-264947,-14.6,4995,36.1,199,12.2
"38003","5","518210","78","0","2023","4","N",2,0,0,0,0,0,0,0,"N",0.98,0,0,0,0,0,0,0,"N",-1,-33.3,0,0,0,0,0,0,0,0,0,0,0,0,0,0
"38009","5","518210","78","0","2023","4","N",2,0,0,0,0,0,0,0,"N",1.32,0,0,0,0,0,0,0,"N",0,0.0,0,0,0,0,0,0,0,0,0,0,0,0,0,0
"38015","5","518210","78","0","2023","4","N",20,0,0,0,0,0,0,0,"N",1.03,0,0,0,0,0,0,0,"N",2,11.1,0,0,0,0,0,0,0,0,0,0,0,0,0,0
"38017","3","518210","78","0","2023","4","",1,0,1,2,15384,15384,12,1183,"",13.18,0.00,0.42,0.86,0.35,15.06,25.71,0.82,"",0,0.0,-5,-100.0,-4,-80.0,-3,-60.0,-53529,-77.7,-15123,-49.6,-153,-92.7,123,11.6
"38017","5","518210","78","0","2023","4","",98,139,134,129,3830727,270641,2572,2199,"",2.32,0.35,0.34,0.32,0.24,0.25,0.30,0.73,"",4,4.3,-116,-45.5,-120,-47.2,-123,-48.8,-1731203,-31.1,-547992,-66.9,-3053,-54.3,512,30.3
"38021","5","518210","78","0","2023","4","N",1,0,0,0,0,0,0,0,"N",0.86,0,0,0,0,0,0,0,"N",0,0.0,0,0,0,0,0,0,0,0,0,0,0,0,0,0
"38035","5","518210","78","0","2023","4","",17,24,24,24,489425,139259,1465,1569,"",1.39,0.19,0.19,0.19,0.11,0.44,0.70,0.58,"",3,21.4,10,71.4,7,41.2,7,41.2,188092,62.4,60286,76.3,748,104.3,120,8.3
"38043","5","518210","78","0","2023","4","N",1,0,0,0,0,0,0,0,"N",1.77,0,0,0,0,0,0,0,"N",0,0.0,0,0,0,0,0,0,0,0,0,0,0,0,0,0
"38045","5","518210","78","0","2023","4","N",1,0,0,0,0,0,0,0,"N",0.95,0,0,0,0,0,0,0,"N",0,0.0,0,0,0,0,0,0,0,0,0,0,0,0,0,0
"38053","5","518210","78","0","2023","4","N",1,0,0,0,0,0,0,0,"N",0.27,0,0,0,0,0,0,0,"N",-1,-50.0,0,0,0,0,0,0,0,0,0,0,0,0,0,0
"38055","5","518210","78","0","2023","4","N",1,0,0,0,0,0,0,0,"N",0.58,0,0,0,0,0,0,0,"N",1,100.0,0,0,0,0,0,0,0,0,0,0,0,0,0,0
"38057","5","518210","78","0","2023","4","N",3,0,0,0,0,0,0,0,"N",2.07,0,0,0,0,0,0,0,"N",1,50.0,0,0,0,0,0,0,0,0,0,0,0,0,0,0
"38059","5","518210","78","0","2023","4","",9,14,13,13,241072,14929,689,1391,"",1.66,0.37,0.34,0.34,0.18,0.15,0.78,0.51,"N",0,0.0,0,0,0,0,0,0,0,0,0,0,0,0,0,0
"38061","3","518210","78","0","2023","4","",1,67,57,54,861323,494082,395,1117,"",239.47,663.65,572.19,554.16,409.57,10049.51,21094.90,0.69,"",0,0.0,11,19.6,6,11.8,2,3.8,146969,20.6,37990,8.3,30,8.2,80,7.7
"38071","5","518210","78","0","2023","4","N",1,0,0,0,0,0,0,0,"N",0.43,0,0,0,0,0,0,0,"N",0,0.0,0,0,0,0,0,0,0,0,0,0,0,0,0,0
"38073","5","518210","78","0","2023","4","N",2,0,0,0,0,0,0,0,"N",1.71,0,0,0,0,0,0,0,"N",1,100.0,0,0,0,0,0,0,0,0,0,0,0,0,0,0
"38077","5","518210","78","0","2023","4","N",3,0,0,0,0,0,0,0,"N",0.96,0,0,0,0,0,0,0,"N",2,200.0,0,0,0,0,0,0,0,0,0,0,0,0,0,0
"38079","5","518210","78","0","2023","4","N",1,0,0,0,0,0,0,0,"N",0.78,0,0,0,0,0,0,0,"N",0,0.0,0,0,0,0,0,0,0,0,0,0,0,0,0,0
"38089","5","518210","78","0","2023","4","N",1,0,0,0,0,0,0,0,"N",0.14,0,0,0,0,0,0,0,"N",0,0.0,0,0,0,0,0,0,0,0,0,0,0,0,0,0
"38093","5","518210","78","0","2023","4","N",2,0,0,0,0,0,0,0,"N",0.50,0,0,0,0,0,0,0,"N",1,100.0,0,0,0,0,0,0,0,0,0,0,0,0,0,0
"38097","5","518210","78","0","2023","4","N",2,0,0,0,0,0,0,0,"N",1.07,0,0,0,0,0,0,0,"N",0,0.0,0,0,0,0,0,0,0,0,0,0,0,0,0,0
"38099","5","518210","78","0","2023","4","N",2,0,0,0,0,0,0,0,"N",0.85,0,0,0,0,0,0,0,"N",0,0.0,0,0,0,0,0,0,0,0,0,0,0,0,0,0
"38101","5","518210","78","0","2023","4","N",7,0,0,0,0,0,0,0,"N",0.58,0,0,0,0,0,0,0,"N",1,16.7,0,0,0,0,0,0,0,0,0,0,0,0,0,0
"38105","5","518210","78","0","2023","4","",9,36,35,33,601492,323842,3659,1335,"",0.92,0.43,0.42,0.40,0.14,1.08,2.07,0.33,"",1,12.5,18,100.0,15,75.0,12,57.1,293614,95.4,48099,17.4,846,30.1,131,10.9
"38999","5","518210","78","0","2023","4","",10,5,4,5,156706,16813,190,2583,"",3.11,0.52,0.42,0.52,0.31,0.43,0.35,0.64,"N",1,11.1,0,0,0,0,0,0,0,0,0,0,0,0,0,0
"39000","3","518210","58","0","2023","4","",36,641,647,640,12752757,0,0,1526,"",13.30,6.29,6.35,6.39,6.94,0.00,0.00,1.09,"",-2,-5.3,47,7.9,44,7.3,45,7.6,1075824,9.2,0,0.0,0,0.0,22,1.5
"39000","5","518210","58","0","2023","4","",1806,11728,11708,11802,327108369,6785946,212670,2142,"",1.20,0.68,0.68,0.69,0.50,0.63,0.80,0.73,"",143,8.6,-335,-2.8,-347,-2.9,-269,-2.2,18081331,5.9,-648799,-8.7,12850,6.4,171,8.7
"39001","5","518210","78","0","2023","4","N",2,0,0,0,0,0,0,0,"N",0.67,0,0,0,0,0,0,0,"N",1,100.0,0,0,0,0,0,0,0,0,0,0,0,0,0,0
"39003","5","518210","78","0","2023","4","N",6,0,0,0,0,0,0,0,"N",0.52,0,0,0,0,0,0,0,"N",-1,-14.3,0,0,0,0,0,0,0,0,0,0,0,0,0,0
"39005","3","518210","78","0","2023","4","-",0,0,0,0,0,0,0,0,"N",0.00,0,0,0,0,0,0,0,"N",-1,-100.0,0,0,0,0,0,0,0,0,0,0,0,0,0,0
"39005","5","518210","78","0","2023","4","N",4,0,0,0,0,0,0,0,"N",0.74,0,0,0,0,0,0,0,"N",-3,-42.9,0,0,0,0,0,0,0,0,0,0,0,0,0,0
"39007","5","518210","78","0","2023","4","",5,7,7,7,50609,3100,25,556,"",0.50,0.08,0.08,0.08,0.02,0.06,0.02,0.26,"N",-1,-16.7,0,0,0,0,0,0,0,0,0,0,0,0,0,0
"39009","5","518210","78","0","2023","4","N",7,0,0,0,0,0,0,0,"N",1.17,0,0,0,0,0,0,0,"N",1,16.7,0,0,0,0,0,0,0,0,0,0,0,0,0,0
"39011","5","518210","78","0","2023","4","N",2,0,0,0,0,0,0,0,"N",0.40,0,0,0,0,0,0,0,"N",0,0.0,0,0,0,0,0,0,0,0,0,0,0,0,0,0
"39013","5","518210","78","0","2023","4","N",2,0,0,0,0,0,0,0,"N",0.27,0,0,0,0,0,0,0,"N",1,100.0,0,0,0,0,0,0,0,0,0,0,0,0,0,0
"39017","3","518210","78","0","2023","4","",2,16,16,16,329843,0,0,1586,"",27.63,5.37,5.32,5.43,6.46,0.00,0.00,1.20,"",0,0.0,4,33.3,3,23.1,3,23.1,63592,23.9,0,0.0,0,0.0,-31,-1.9
"39017","5","518210","78","0","2023","4","N",35,0,0,0,0,0,0,0,"N",0.87,0,0,0,0,0,0,0,"N",6,20.7,0,0,0,0,0,0,0,0,0,0,0,0,0,0
"39019","5","518210","78","0","2023","4","N",3,0,0,0,0,0,0,0,"N",1.21,0,0,0,0,0,0,0,"N",1,50.0,0,0,0,0,0,0,0,0,0,0,0,0,0,0
"39023","5","518210","78","0","2023","4","",12,19,19,20,536695,50682,1391,2135,"",1.03,0.13,0.13,0.14,0.12,0.46,0.59,0.91,"",2,20.0,3,18.8,3,18.8,3,17.6,123241,29.8,45685,914.2,1276,1109.6,188,9.7
"39025","5","518210","78","0","2023","4","",29,46,47,47,2465815,56111,1560,4065,"",1.30,0.24,0.25,0.25,0.38,0.42,0.49,1.55,"",2,7.4,4,9.5,5,11.9,7,17.5,395539,19.1,-258,-0.5,82,5.5,212,5.5
"39027","5","518210","78","0","2023","4","N",9,0,0,0,0,0,0,0,"N",2.10,0,0,0,0,0,0,0,"N",0,0.0,0,0,0,0,0,0,0,0,0,0,0,0,0,0
"39029","5","518210","78","0","2023","4","N",2,0,0,0,0,0,0,0,"N",0.20,0,0,0,0,0,0,0,"N",0,0.0,0,0,0,0,0,0,0,0,0,0,0,0,0,0
"39031","5","518210","78","0","2023","4","N",1,0,0,0,0,0,0,0,"N",0.30,0,0,0,0,0,0,0,"N",1,100.0,0,0,0,0,0,0,0,0,0,0,0,0,0,0
"39033","5","518210","78","0","2023","4","N",1,0,0,0,0,0,0,0,"N",0.24,0,0,0,0,0,0,0,"N",0,0.0,0,0,0,0,0,0,0,0,0,0,0,0,0,0
"39035","3","518210","78","0","2023","4","",6,217,221,212,4038453,0,0,1434,"",19.19,16.62,16.90,16.44,15.18,0.00,0.00,0.91,"",0,0.0,6,2.8,6,2.8,4,1.9,280708,7.5,0,0.0,0,0.0,66,4.8
"39035","5","518210","78","0","2023","4","",219,2451,2400,2512,63529616,533889,19361,1991,"",1.26,1.11,1.09,1.14,0.67,0.42,0.60,0.60,"",3,1.4,-545,-18.2,-591,-19.8,-458,-15.4,-5762714,-8.3,-323430,-37.7,-5194,-21.2,206,11.5
"39037","5","518210","78","0","2023","4","",3,26,17,17,574339,38675,1006,2209,"",0.50,0.46,0.30,0.30,0.33,1.18,1.49,0.94,"",0,0.0,12,85.7,1,6.2,-1,-5.6,-61279,-9.6,-12908,-25.0,-1092,-52.0,-847,-27.7
"39039","5","518210","78","0","2023","4","N",1,0,0,0,0,0,0,0,"N",0.24,0,0,0,0,0,0,0,"N",0,0.0,0,0,0,0,0,0,0,0,0,0,0,0,0,0
"39041","5","518210","78","0","2023","4","",67,135,130,133,4169119,94055,2871,2417,"",2.14,0.45,0.44,0.45,0.34,0.47,0.64,0.77,"",10,17.5,0,0.0,0,0.0,-5,-3.6,320252,8.3,-1380,-1.4,323,12.7,213,9.7
"39043","3","518210","78","0","2023","4","",1,4,4,4,56875,0,0,1094,"",60.07,5.89,6.38,6.55,6.46,0.00,0.00,1.03,"",0,0.0,1,33.3,1,33.3,1,33.3,9786,20.8,0,0.0,0,0.0,-113,-9.4
"39043","5","518210","78","0","2023","4","",5,11,11,11,236639,4650,124,1655,"",0.54,0.10,0.10,0.11,0.08,0.07,0.08,0.74,"",1,25.0,-4,-26.7,-4,-26.7,-4,-26.7,-14144,-5.6,2779,148.5,100,416.7,369,28.7
"39045","3","518210","78","0","2023","4","",2,17,17,17,286179,0,0,1295,"",72.91,19.86,19.67,19.99,22.74,0.00,0.00,1.15,"",0,0.0,3,21.4,5,41.7,4,30.8,7365,2.6,0,0.0,0,0.0,-355,-21.5
"39045","5","518210","78","0","2023","4","",10,16,15,15,212085,6526,156,1064,"",0.65,0.11,0.10,0.10,0.05,0.07,0.08,0.45,"",-1,-9.1,-2,-11.1,-3,-16.7,-3,-16.7,-208490,-49.6,-1066,-14.0,-33,-17.5,-733,-40.8
"39047","5","518210","78","0","2023","4","-",0,0,0,0,0,0,0,0,"N",0.00,0,0,0,0,0,0,0,"N",-1,-100.0,0,0,0,0,0,0,0,0,0,0,0,0,0,0
"39049","3","518210","78","0","2023","4","",6,63,63,64,1520605,0,0,1847,"",19.00,4.37,4.36,4.51,5.28,0.00,0.00,1.20,"",0,0.0,6,10.5,7,12.5,6,10.3,172837,12.8,0,0.0,0,0.0,28,1.5
"39049","5","518210","78","0","2023","4","",276,3258,3289,3313,100924765,2552946,83937,2362,"",1.57,1.34,1.35,1.37,0.98,1.59,2.23,0.73,"",12,4.5,657,25.3,708,27.4,772,30.4,31707708,45.8,982643,62.6,47229,128.7,294,14.2
"39051","5","518210","78","0","2023","4","N",1,0,0,0,0,0,0,0,"N",0.20,0,0,0,0,0,0,0,"N",0,0.0,0,0,0,0,0,0,0,0,0,0,0,0,0,0
"39053","5","518210","78","0","2023","4","N",1,0,0,0,0,0,0,0,"N",0.30,0,0,0,0,0,0,0,"N",-1,-50.0,0,0,0,0,0,0,0,0,0,0,0,0,0,0
"39055","5","518210","78","0","2023","4","",8,74,77,78,1609677,53574,1133,1622,"",0.56,0.65,0.69,0.70,0.40,0.80,0.65,0.59,"",3,60.0,45,155.2,47,156.7,48,160.0,567132,54.4,-54926,-50.6,-1355,-54.5,-1081,-40.0
"39057","3","518210","78","0","2023","4","",2,15,16,15,306526,0,0,1538,"",60.22,10.23,10.89,10.36,10.79,0.00,0.00,1.03,"",0,0.0,-1,-6.2,0,0.0,-1,-6.2,-28101,-8.4,0,0.0,0,0.0,-71,-4.4
"39057","5","518210","78","0","2023","4","",21,116,116,118,2434780,63357,1264,1605,"",1.14,0.47,0.47,0.48,0.24,0.52,0.48,0.51,"",4,23.5,-17,-12.8,-15,-11.5,-13,-9.9,-395136,-14.0,4739,8.1,165,15.0,-48,-2.9
"39061","3","518210","78","0","2023","4","",1,76,76,77,1899757,0,0,1914,"",4.63,7.95,7.96,8.21,9.60,0.00,0.00,1.19,"",0,0.0,5,7.0,-1,-1.3,5,6.9,97264,5.4,0,0.0,0,0.0,23,1.2
"39061","5","518210","78","0","2023","4","",145,1127,1130,1124,29157009,498490,12151,1990,"",1.21,0.70,0.70,0.70,0.41,0.52,0.54,0.59,"",-1,-0.7,78,7.4,94,9.1,88,8.5,1919094,7.0,-88302,-15.0,-2133,-14.9,-24,-1.2
"39063","5","518210","78","0","2023","4","N",2,0,0,0,0,0,0,0,"N",0.23,0,0,0,0,0,0,0,"N",1,100.0,0,0,0,0,0,0,0,0,0,0,0,0,0,0
"39067","5","518210","78","0","2023","4","N",1,0,0,0,0,0,0,0,"N",0.66,0,0,0,0,0,0,0,"N",0,0.0,0,0,0,0,0,0,0,0,0,0,0,0,0,0
"39069","3","518210","78","0","2023","4","",1,2,2,2,38535,0,0,1482,"",182.34,9.76,10.13,10.41,12.74,0.00,0.00,1.26,"",0,0.0,0,0.0,0,0.0,0,0.0,5146,15.4,0,0.0,0,0.0,198,15.4
"39071","5","518210","78","0","2023","4","N",1,0,0,0,0,0,0,0,"N",0.26,0,0,0,0,0,0,0,"N",0,0.0,0,0,0,0,0,0,0,0,0,0,0,0,0,0
"39073","5","518210","78","0","2023","4","N",2,0,0,0,0,0,0,0,"N",0.77,0,0,0,0,0,0,0,"N",0,0.0,0,0,0,0,0,0,0,0,0,0,0,0,0,0
"39077","5","518210","78","0","2023","4","N",6,0,0,0,0,0,0,0,"N",0.96,0,0,0,0,0,0,0,"N",1,20.0,0,0,0,0,0,0,0,0,0,0,0,0,0,0
"39081","5","518210","78","0","2023","4","",3,5,6,6,101691,18000,486,1380,"",0.48,0.08,0.09,0.10,0.05,0.52,0.53,0.59,"N",0,0.0,0,0,0,0,0,0,0,0,0,0,0,0,0,0
"39083","3","518210","78","0","2023","4","",1,1,1,1,10430,0,0,802,"",94.73,2.62,2.64,2.70,1.65,0.00,0.00,0.62,"",0,0.0,0,0.0,0,0.0,0,0.0,1750,20.2,0,0.0,0,0.0,134,20.1
"39083","5","518210","78","0","2023","4","N",1,0,0,0,0,0,0,0,"N",0.17,0,0,0,0,0,0,0,"N",1,100.0,0,0,0,0,0,0,0,0,0,0,0,0,0,0
"39085","5","518210","78","0","2023","4","",31,66,68,68,2191782,110967,7581,2504,"",1.03,0.22,0.22,0.22,0.20,0.60,1.65,0.90,"",4,14.8,7,11.9,6,9.7,6,9.7,236120,12.1,58538,111.7,5427,251.9,38,1.5
"39087","5","518210","78","0","2023","4","N",3,0,0,0,0,0,0,0,"N",0.67,0,0,0,0,0,0,0,"N",1,50.0,0,0,0,0,0,0,0,0,0,0,0,0,0,0
"39089","5","518210","78","0","2023","4","",20,44,43,45,958401,50138,1223,1676,"",1.14,0.20,0.19,0.20,0.13,0.28,0.27,0.65,"",5,33.3,15,51.7,13,43.3,17,60.7,281912,41.7,1754,3.6,-371,-23.3,-118,-6.6
"39091","5","518210","78","0","2023","4","N",1,0,0,0,0,0,0,0,"N",0.22,0,0,0,0,0,0,0,"N",0,0.0,0,0,0,0,0,0,0,0,0,0,0,0,0,0
"39093","5","518210","78","0","2023","4","",22,34,35,35,1614238,17687,631,3582,"",0.72,0.11,0.12,0.12,0.16,0.09,0.12,1.40,"",-4,-15.4,7,25.9,9,34.6,8,29.6,672680,71.4,-9313,-34.5,-413,-39.6,866,31.9
"39095","5","518210","78","0","2023","4","",31,249,246,230,1974429,222972,6631,628,"",0.64,0.42,0.40,0.38,0.09,0.61,0.74,0.22,"",-2,-6.1,-8,-3.1,-8,-3.1,-37,-13.9,-248139,-11.2,39980,21.8,1171,21.4,-31,-4.7
"39097","5","518210","78","0","2023","4","N",3,0,0,0,0,0,0,0,"N",0.65,0,0,0,0,0,0,0,"N",0,0.0,0,0,0,0,0,0,0,0,0,0,0,0,0,0
"39099","5","518210","78","0","2023","4","",20,187,190,185,5436893,71760,2558,2233,"",0.72,0.63,0.65,0.63,0.60,0.37,0.52,0.94,"",5,33.3,-1,-0.5,2,1.1,-4,-2.1,241006,4.6,32815,84.3,1069,71.8,111,5.2
"39101","5","518210","78","0","2023","4","N",1,0,0,0,0,0,0,0,"N",0.18,0,0,0,0,0,0,0,"N",-1,-50.0,0,0,0,0,0,0,0,0,0,0,0,0,0,0
"39103","3","518210","78","0","2023","4","",2,11,11,11,218925,0,0,1531,"",48.78,9.52,9.60,9.71,11.72,0.00,0.00,1.22,"",0,0.0,1,10.0,1,10.0,1,10.0,11721,5.7,0,0.0,0,0.0,-63,-4.0
"39103","5","518210","78","0","2023","4","",21,38,37,36,923832,21090,560,1921,"",0.92,0.19,0.19,0.19,0.14,0.16,0.19,0.73,"",-1,-4.5,-11,-22.4,-11,-22.9,-13,-26.5,-443556,-32.4,-18415,-46.6,-613,-52.3,-240,-11.1
"39105","5","518210","78","0","2023","4","N",1,0,0,0,0,0,0,0,"N",0.63,0,0,0,0,0,0,0,"N",0,0.0,0,0,0,0,0,0,0,0,0,0,0,0,0,0
"39107","5","518210","78","0","2023","4","N",2,0,0,0,0,0,0,0,"N",0.37,0,0,0,0,0,0,0,"N",0,0.0,0,0,0,0,0,0,0,0,0,0,0,0,0,0
"39109","5","518210","78","0","2023","4","",9,8,9,10,251082,18000,486,2146,"",0.78,0.06,0.07,0.08,0.06,0.21,0.26,0.80,"",3,50.0,-1,-11.1,0,0.0,1,11.1,-25607,-9.3,18000,100.0,486,100.0,-219,-9.3
"39111","5","518210","78","0","2023","4","N",3,0,0,0,0,0,0,0,"N",1.77,0,0,0,0,0,0,0,"N",0,0.0,0,0,0,0,0,0,0,0,0,0,0,0,0,0
"39113","3","518210","78","0","2023","4","",2,47,47,47,1107868,0,0,1813,"",19.07,10.18,10.13,10.24,13.98,0.00,0.00,1.37,"",0,0.0,3,6.8,3,6.8,3,6.8,56872,5.4,0,0.0,0,0.0,-24,-1.3
"39113","5","518210","78","0","2023","4","",43,231,229,228,6036893,195331,7137,2025,"",0.74,0.30,0.29,0.29,0.21,0.41,0.63,0.73,"",-2,-4.4,2,0.9,1,0.4,-1,-0.4,446524,8.0,77577,65.9,3260,84.1,144,7.7
"39117","5","518210","78","0","2023","4","N",1,0,0,0,0,0,0,0,"N",0.39,0,0,0,0,0,0,0,"N",0,0.0,0,0,0,0,0,0,0,0,0,0,0,0,0,0
"39119","3","518210","78","0","2023","4","",1,3,3,3,43473,0,0,1115,"",64.15,4.56,4.52,4.64,4.55,0.00,0.00,1.00,"",0,0.0,0,0.0,0,0.0,0,0.0,-273,-0.6,0,0.0,0,0.0,-7,-0.6
"39123","5","518210","78","0","2023","4","N",5,0,0,0,0,0,0,0,"N",0.93,0,0,0,0,0,0,0,"N",0,0.0,0,0,0,0,0,0,0,0,0,0,0,0,0,0
"39129","5","518210","78","0","2023","4","",3,23,24,25,233386,29144,1428,748,"",0.63,0.42,0.44,0.46,0.13,0.72,1.37,0.30,"N",1,50.0,0,0,0,0,0,0,0,0,0,0,0,0,0,0
"39131","5","518210","78","0","2023","4","N",1,0,0,0,0,0,0,0,"N",0.38,0,0,0,0,0,0,0,"N",0,0.0,0,0,0,0,0,0,0,0,0,0,0,0,0,0
"39133","5","518210","78","0","2023","4","",17,34,33,30,1024702,17641,645,2438,"",1.01,0.19,0.18,0.17,0.16,0.16,0.25,0.90,"N",2,13.3,0,0,0,0,0,0,0,0,0,0,0,0,0,0
"39135","5","518210","78","0","2023","4","N",2,0,0,0,0,0,0,0,"N",0.56,0,0,0,0,0,0,0,"N",0,0.0,0,0,0,0,0,0,0,0,0,0,0,0,0,0
"39139","5","518210","78","0","2023","4","N",3,0,0,0,0,0,0,0,"N",0.23,0,0,0,0,0,0,0,"N",0,0.0,0,0,0,0,0,0,0,0,0,0,0,0,0,0
"39143","5","518210","78","0","2023","4","N",3,0,0,0,0,0,0,0,"N",0.46,0,0,0,0,0,0,0,"N",0,0.0,0,0,0,0,0,0,0,0,0,0,0,0,0,0
"39145","5","518210","78","0","2023","4","N",1,0,0,0,0,0,0,0,"N",0.15,0,0,0,0,0,0,0,"N",0,0.0,0,0,0,0,0,0,0,0,0,0,0,0,0,0
"39147","5","518210","78","0","2023","4","N",1,0,0,0,0,0,0,0,"N",0.18,0,0,0,0,0,0,0,"N",0,0.0,0,0,0,0,0,0,0,0,0,0,0,0,0,0
"39149","3","518210","78","0","2023","4","",1,5,5,5,86870,0,0,1336,"",111.24,10.04,10.06,10.16,9.75,0.00,0.00,0.97,"",0,0.0,0,0.0,0,0.0,0,0.0,6578,8.2,0,0.0,0,0.0,101,8.2
"39149","5","518210","78","0","2023","4","N",1,0,0,0,0,0,0,0,"N",0.20,0,0,0,0,0,0,0,"N",1,100.0,0,0,0,0,0,0,0,0,0,0,0,0,0,0
"39151","3","518210","78","0","2023","4","",2,36,36,36,655059,0,0,1400,"",26.50,12.28,12.29,12.49,14.80,0.00,0.00,1.20,"",0,0.0,-1,-2.7,-1,-2.7,-1,-2.7,27638,4.4,0,0.0,0,0.0,96,7.4
"39151","5","518210","78","0","2023","4","",32,64,66,65,2212682,30137,802,2619,"",0.76,0.13,0.13,0.13,0.14,0.09,0.10,1.06,"N",3,10.3,0,0,0,0,0,0,0,0,0,0,0,0,0,0
"39153","3","518210","78","0","2023","4","",4,119,120,121,2016228,0,0,1292,"",31.90,24.62,24.80,25.41,23.89,0.00,0.00,0.96,"",0,0.0,25,26.6,24,25.0,23,23.5,447472,28.5,0,0.0,0,0.0,35,2.8
"39153","5","518210","78","0","2023","4","",65,449,452,451,13842786,165089,3651,2363,"",0.93,0.55,0.55,0.55,0.46,0.32,0.28,0.83,"",1,1.6,-10,-2.2,-14,-3.0,-16,-3.4,1602318,13.1,-91843,-35.7,-2768,-43.1,334,16.5
"39155","3","518210","78","0","2023","4","",1,3,3,3,55175,0,0,1415,"",28.04,2.48,2.47,2.51,3.14,0.00,0.00,1.26,"",0,0.0,0,0.0,0,0.0,1,50.0,-2798,-4.8,0,0.0,0,0.0,-257,-15.4
"39155","5","518210","78","0","2023","4","",10,15,16,20,500338,37360,1009,2264,"",0.50,0.07,0.08,0.10,0.08,0.25,0.24,0.96,"",2,25.0,1,7.1,1,6.7,6,42.9,123151,32.6,20802,125.6,562,125.7,240,11.9
"39157","3","518210","78","0","2023","4","",1,6,6,6,81956,0,0,1051,"",51.54,8.63,8.65,8.82,8.13,0.00,0.00,0.93,"",0,0.0,1,20.0,2,50.0,2,50.0,21728,36.1,0,0.0,0,0.0,-18,-1.7
"39159","5","518210","78","0","2023","4","",5,3,3,4,111093,9000,243,2564,"",0.73,0.03,0.03,0.04,0.02,0.12,0.16,0.79,"",-1,-16.7,-1,-25.0,-1,-25.0,-1,-20.0,39251,54.6,-12136,-57.4,-328,-57.4,1289,101.1
"39161","5","518210","78","0","2023","4","N",1,0,0,0,0,0,0,0,"N",0.33,0,0,0,0,0,0,0,"N",0,0.0,0,0,0,0,0,0,0,0,0,0,0,0,0,0
"39165","5","518210","78","0","2023","4","",45,217,221,232,10834498,196361,7812,3732,"",1.59,0.69,0.71,0.74,0.89,0.94,1.54,1.24,"",3,7.1,-22,-9.2,-18,-7.5,-10,-4.1,-1922053,-15.1,90861,86.1,5365,219.2,-357,-8.7
"39167","5","518210","78","0","2023","4","",5,10,10,9,262809,1156,9,2091,"",0.68,0.13,0.13,0.12,0.10,0.03,0.01,0.77,"",0,0.0,-1,-9.1,-1,-9.1,-3,-25.0,-4961,-1.9,423,57.7,3,50.0,274,15.1
"39169","5","518210","78","0","2023","4","N",3,0,0,0,0,0,0,0,"N",0.23,0,0,0,0,0,0,0,"N",0,0.0,0,0,0,0,0,0,0,0,0,0,0,0,0,0
"39171","5","518210","78","0","2023","4","N",3,0,0,0,0,0,0,0,"N",0.73,0,0,0,0,0,0,0,"N",-1,-25.0,0,0,0,0,0,0,0,0,0,0,0,0,0,0
"39173","5","518210","78","0","2023","4","",15,38,40,41,1192818,23717,616,2313,"",0.98,0.16,0.17,0.17,0.16,0.14,0.12,0.94,"",2,15.4,10,35.7,13,48.1,13,46.4,468909,64.8,16201,215.6,413,203.4,300,14.9
"39999","5","518210","78","0","2023","4","",480,1925,1913,1874,53606088,957725,28740,2166,"",4.01,3.27,3.27,3.22,1.56,2.14,1.85,0.48,"",81,20.3,-578,-23.1,-613,-24.3,-694,-27.0,-12956896,-19.5,-1387124,-59.2,-39707,-58.0,144,7.1
"40000","3","518210","58","0","2023","4","N",1,0,0,0,0,0,0,0,"N",0.94,0,0,0,0,0,0,0,"N",0,0.0,0,0,0,0,0,0,0,0,0,0,0,0,0,0
"40000","5","518210","58","0","2023","4","",512,2031,2040,2043,41701364,4230912,50366,1574,"",0.87,0.39,0.39,0.39,0.23,0.42,0.52,0.59,"",103,25.2,125,6.6,121,6.3,115,6.0,3338076,8.7,-631268,-13.0,-5924,-10.5,35,2.3
"40001","5","518210","78","0","2023","4","N",1,0,0,0,0,0,0,0,"N",0.64,0,0,0,0,0,0,0,"N",0,0.0,0,0,0,0,0,0,0,0,0,0,0,0,0,0
"40009","5","518210","78","0","2023","4","N",2,0,0,0,0,0,0,0,"N",0.56,0,0,0,0,0,0,0,"N",1,100.0,0,0,0,0,0,0,0,0,0,0,0,0,0,0
"40013","5","518210","78","0","2023","4","N",7,0,0,0,0,0,0,0,"N",1.28,0,0,0,0,0,0,0,"N",2,40.0,0,0,0,0,0,0,0,0,0,0,0,0,0,0
"40017","5","518210","78","0","2023","4","",22,20,20,21,823137,46312,698,3114,"",1.20,0.16,0.17,0.17,0.23,0.19,0.27,1.35,"",4,22.2,11,122.2,9,81.8,12,133.3,521559,172.9,-55524,-54.5,-836,-54.5,714,29.8
"40019","5","518210","78","0","2023","4","N",1,0,0,0,0,0,0,0,"N",0.12,0,0,0,0,0,0,0,"N",1,100.0,0,0,0,0,0,0,0,0,0,0,0,0,0,0
"40021","5","518210","78","0","2023","4","N",2,0,0,0,0,0,0,0,"N",0.48,0,0,0,0,0,0,0,"N",1,100.0,0,0,0,0,0,0,0,0,0,0,0,0,0,0
"40027","5","518210","78","0","2023","4","",26,25,23,24,517313,76125,713,1658,"",0.74,0.09,0.08,0.08,0.06,0.13,0.14,0.71,"",1,4.0,-2,-7.4,-7,-23.3,-5,-17.2,-47120,-8.3,-48989,-39.2,-816,-53.4,143,9.4
"40031","5","518210","78","0","2023","4","N",4,0,0,0,0,0,0,0,"N",0.33,0,0,0,0,0,0,0,"N",-2,-33.3,0,0,0,0,0,0,0,0,0,0,0,0,0,0
"40037","5","518210","78","0","2023","4","",7,12,13,12,267014,31488,483,1665,"",0.86,0.18,0.20,0.18,0.12,0.27,0.37,0.66,"",2,40.0,9,300.0,10,333.3,9,300.0,186897,233.3,29597,1565.2,441,1050.0,-389,-18.9
"40041","5","518210","78","0","2023","4","",3,6,6,5,209531,0,0,2844,"",0.68,0.20,0.20,0.17,0.28,0.00,0.00,1.46,"",0,0.0,-4,-40.0,-6,-50.0,-7,-58.3,-195281,-48.2,-95020,-100.0,-1425,-100.0,96,3.5
"40047","5","518210","78","0","2023","4","N",1,0,0,0,0,0,0,0,"N",0.12,0,0,0,0,0,0,0,"N",0,0.0,0,0,0,0,0,0,0,0,0,0,0,0,0,0
"40049","5","518210","78","0","2023","4","N",3,0,0,0,0,0,0,0,"N",0.76,0,0,0,0,0,0,0,"N",1,50.0,0,0,0,0,0,0,0,0,0,0,0,0,0,0
"40051","5","518210","78","0","2023","4","N",1,0,0,0,0,0,0,0,"N",0.17,0,0,0,0,0,0,0,"N",0,0.0,0,0,0,0,0,0,0,0,0,0,0,0,0,0
"40055","5","518210","78","0","2023","4","N",1,0,0,0,0,0,0,0,"N",2.12,0,0,0,0,0,0,0,"N",0,0.0,0,0,0,0,0,0,0,0,0,0,0,0,0,0
"40065","5","518210","78","0","2023","4","N",1,0,0,0,0,0,0,0,"N",0.33,0,0,0,0,0,0,0,"N",1,100.0,0,0,0,0,0,0,0,0,0,0,0,0,0,0
"40067","5","518210","78","0","2023","4","N",1,0,0,0,0,0,0,0,"N",1.45,0,0,0,0,0,0,0,"N",0,0.0,0,0,0,0,0,0,0,0,0,0,0,0,0,0
"40071","5","518210","78","0","2023","4","",6,8,9,9,100351,11083,167,891,"",1.03,0.15,0.17,0.17,0.06,0.10,0.12,0.39,"N",2,50.0,0,0,0,0,0,0,0,0,0,0,0,0,0,0
"40079","5","518210","78","0","2023","4","N",5,0,0,0,0,0,0,0,"N",1.03,0,0,0,0,0,0,0,"N",2,66.7,0,0,0,0,0,0,0,0,0,0,0,0,0,0
"40081","5","518210","78","0","2023","4","N",2,0,0,0,0,0,0,0,"N",0.58,0,0,0,0,0,0,0,"N",1,100.0,0,0,0,0,0,0,0,0,0,0,0,0,0,0
"40083","5","518210","78","0","2023","4","N",3,0,0,0,0,0,0,0,"N",0.72,0,0,0,0,0,0,0,"N",-1,-25.0,0,0,0,0,0,0,0,0,0,0,0,0,0,0
"40087","5","518210","78","0","2023","4","N",2,0,0,0,0,0,0,0,"N",0.34,0,0,0,0,0,0,0,"N",2,100.0,0,0,0,0,0,0,0,0,0,0,0,0,0,0
"40091","5","518210","78","0","2023","4","",3,4,4,4,126683,25032,375,2436,"",1.55,0.28,0.28,0.28,0.41,0.79,1.40,1.46,"N",2,200.0,0,0,0,0,0,0,0,0,0,0,0,0,0,0
"40097","5","518210","78","0","2023","4","",7,5,5,5,95818,49097,798,1474,"",1.48,0.12,0.12,0.12,0.07,0.60,0.76,0.57,"N",5,250.0,0,0,0,0,0,0,0,0,0,0,0,0,0,0
"40101","5","518210","78","0","2023","4","N",4,0,0,0,0,0,0,0,"N",0.55,0,0,0,0,0,0,0,"N",1,33.3,0,0,0,0,0,0,0,0,0,0,0,0,0,0
"40105","5","518210","78","0","2023","4","N",1,0,0,0,0,0,0,0,"N",1.10,0,0,0,0,0,0,0,"N",0,0.0,0,0,0,0,0,0,0,0,0,0,0,0,0,0
"40109","3","518210","78","0","2023","4","N",1,0,0,0,0,0,0,0,"N",3.69,0,0,0,0,0,0,0,"N",0,0.0,0,0,0,0,0,0,0,0,0,0,0,0,0,0
"40109","5","518210","78","0","2023","4","",163,843,856,866,17871149,2140281,26065,1608,"",1.08,0.55,0.56,0.56,0.31,0.76,1.01,0.55,"",41,33.6,91,12.1,107,14.3,112,14.9,2906365,19.4,479865,28.9,9860,60.8,77,5.0
"40111","5","518210","78","0","2023","4","N",1,0,0,0,0,0,0,0,"N",0.26,0,0,0,0,0,0,0,"N",1,100.0,0,0,0,0,0,0,0,0,0,0,0,0,0,0
"40113","5","518210","78","0","2023","4","N",1,0,0,0,0,0,0,0,"N",0.38,0,0,0,0,0,0,0,"N",-1,-50.0,0,0,0,0,0,0,0,0,0,0,0,0,0,0
"40115","5","518210","78","0","2023","4","N",1,0,0,0,0,0,0,0,"N",0.27,0,0,0,0,0,0,0,"N",0,0.0,0,0,0,0,0,0,0,0,0,0,0,0,0,0
"40117","5","518210","78","0","2023","4","N",1,0,0,0,0,0,0,0,"N",0.61,0,0,0,0,0,0,0,"N",-1,-50.0,0,0,0,0,0,0,0,0,0,0,0,0,0,0
"40119","5","518210","78","0","2023","4","N",3,0,0,0,0,0,0,0,"N",0.29,0,0,0,0,0,0,0,"N",1,50.0,0,0,0,0,0,0,0,0,0,0,0,0,0,0
"40121","5","518210","78","0","2023","4","N",4,0,0,0,0,0,0,0,"N",0.84,0,0,0,0,0,0,0,"N",2,100.0,0,0,0,0,0,0,0,0,0,0,0,0,0,0
"40123","5","518210","78","0","2023","4","N",1,0,0,0,0,0,0,0,"N",0.18,0,0,0,0,0,0,0,"N",0,0.0,0,0,0,0,0,0,0,0,0,0,0,0,0,0
"40125","5","518210","78","0","2023","4","N",3,0,0,0,0,0,0,0,"N",0.45,0,0,0,0,0,0,0,"N",1,50.0,0,0,0,0,0,0,0,0,0,0,0,0,0,0
"40127","5","518210","78","0","2023","4","N",1,0,0,0,0,0,0,0,"N",0.75,0,0,0,0,0,0,0,"N",0,0.0,0,0,0,0,0,0,0,0,0,0,0,0,0,0
"40129","5","518210","78","0","2023","4","N",1,0,0,0,0,0,0,0,"N",1.99,0,0,0,0,0,0,0,"N",1,100.0,0,0,0,0,0,0,0,0,0,0,0,0,0,0
"40131","5","518210","78","0","2023","4","",11,12,13,11,435119,19498,179,2789,"",1.08,0.12,0.14,0.12,0.12,0.09,0.08,0.98,"",1,10.0,2,20.0,4,44.4,4,57.1,179137,70.0,5668,41.0,72,67.3,517,22.8
"40135","5","518210","78","0","2023","4","N",1,0,0,0,0,0,0,0,"N",0.28,0,0,0,0,0,0,0,"N",0,0.0,0,0,0,0,0,0,0,0,0,0,0,0,0,0
"40137","5","518210","78","0","2023","4","N",2,0,0,0,0,0,0,0,"N",0.37,0,0,0,0,0,0,0,"N",0,0.0,0,0,0,0,0,0,0,0,0,0,0,0,0,0
"40141","5","518210","78","0","2023","4","N",1,0,0,0,0,0,0,0,"N",1.24,0,0,0,0,0,0,0,"N",0,0.0,0,0,0,0,0,0,0,0,0,0,0,0,0,0
"40143","5","518210","78","0","2023","4","",124,328,329,333,8603799,512657,5311,2006,"",1.02,0.29,0.29,0.29,0.20,0.23,0.23,0.70,"",28,29.2,21,6.8,10,3.1,7,2.1,476631,5.9,-97853,-16.0,-935,-15.0,36,1.8
"40145","5","518210","78","0","2023","4","N",5,0,0,0,0,0,0,0,"N",1.02,0,0,0,0,0,0,0,"N",1,25.0,0,0,0,0,0,0,0,0,0,0,0,0,0,0
"40147","5","518210","78","0","2023","4","N",5,0,0,0,0,0,0,0,"N",0.75,0,0,0,0,0,0,0,"N",1,25.0,0,0,0,0,0,0,0,0,0,0,0,0,0,0
"40151","5","518210","78","0","2023","4","N",1,0,0,0,0,0,0,0,"N",0.72,0,0,0,0,0,0,0,"N",0,0.0,0,0,0,0,0,0,0,0,0,0,0,0,0,0
"40153","5","518210","78","0","2023","4","N",1,0,0,0,0,0,0,0,"N",0.26,0,0,0,0,0,0,0,"N",0,0.0,0,0,0,0,0,0,0,0,0,0,0,0,0,0
"40999","5","518210","78","0","2023","4","",65,153,153,155,3242962,255208,4971,1623,"",2.03,1.73,1.72,1.71,0.73,1.12,1.57,0.43,"",1,1.6,-113,-42.5,-113,-42.5,-112,-41.9,-1846846,-36.3,-821489,-76.3,-10092,-67.0,153,10.4
"41000","3","518210","58","0","2023","4","N",6,0,0,0,0,0,0,0,"N",3.78,0,0,0,0,0,0,0,"N",0,0.0,0,0,0,0,0,0,0,0,0,0,0,0,0,0
"41000","5","518210","58","0","2023","4","",726,7603,7610,7640,336607009,26573497,475771,3399,"",0.82,1.22,1.23,1.24,1.33,1.11,1.11,1.08,"",182,33.5,-198,-2.5,-178,-2.3,-172,-2.2,55822044,19.9,-6117196,-18.7,-163087,-25.5,630,22.8
"41003","5","518210","78","0","2023","4","",14,24,24,24,646330,55582,1154,2072,"",0.92,0.20,0.20,0.20,0.13,0.16,0.20,0.67,"",2,16.7,-1,-4.0,3,14.3,3,14.3,37909,6.2,-4494,-7.5,443,62.3,-24,-1.1
"41005","5","518210","78","0","2023","4","",61,413,412,413,28237880,1554320,28749,5264,"",0.74,0.77,0.77,0.77,1.25,0.68,0.74,1.62,"",5,8.9,-1,-0.2,2,0.5,1,0.2,16867135,148.3,140173,9.9,-1123,-3.8,3141,148.0
"41007","5","518210","78","0","2023","4","N",4,0,0,0,0,0,0,0,"N",0.44,0,0,0,0,0,0,0,"N",0,0.0,0,0,0,0,0,0,0,0,0,0,0,0,0,0
"41009","5","518210","78","0","2023","4","N",2,0,0,0,0,0,0,0,"N",0.29,0,0,0,0,0,0,0,"N",2,100.0,0,0,0,0,0,0,0,0,0,0,0,0,0,0
"41011","5","518210","78","0","2023","4","N",1,0,0,0,0,0,0,0,"N",0.10,0,0,0,0,0,0,0,"N",1,100.0,0,0,0,0,0,0,0,0,0,0,0,0,0,0
"41013","5","518210","78","0","2023","4","N",4,0,0,0,0,0,0,0,"N",0.99,0,0,0,0,0,0,0,"N",0,0.0,0,0,0,0,0,0,0,0,0,0,0,0,0,0
"41015","5","518210","78","0","2023","4","N",1,0,0,0,0,0,0,0,"N",0.23,0,0,0,0,0,0,0,"N",0,0.0,0,0,0,0,0,0,0,0,0,0,0,0,0,0
"41017","3","518210","78","0","2023","4","N",1,0,0,0,0,0,0,0,"N",10.16,0,0,0,0,0,0,0,"N",0,0.0,0,0,0,0,0,0,0,0,0,0,0,0,0,0
"41017","5","518210","78","0","2023","4","",42,65,64,64,1798375,307411,5407,2150,"",0.77,0.23,0.22,0.22,0.16,0.25,0.24,0.72,"",10,31.2,16,32.7,14,28.0,13,25.5,54067,3.1,-11824,-3.7,-2090,-27.9,-534,-19.9
"41019","5","518210","78","0","2023","4","N",3,0,0,0,0,0,0,0,"N",0.18,0,0,0,0,0,0,0,"N",0,0.0,0,0,0,0,0,0,0,0,0,0,0,0,0,0
"41027","5","518210","78","0","2023","4","",4,18,17,17,563037,112153,2355,2499,"",0.56,0.41,0.40,0.40,0.42,0.61,0.70,1.06,"",1,33.3,1,5.9,1,6.2,1,6.2,81141,16.8,-206970,-64.9,-4346,-64.9,229,10.1
"41029","5","518210","78","0","2023","4","",15,48,48,46,2094581,185637,2298,3404,"",0.38,0.17,0.17,0.16,0.22,0.15,0.10,1.32,"N",0,0.0,0,0,0,0,0,0,0,0,0,0,0,0,0,0
"41033","5","518210","78","0","2023","4","",7,16,15,16,463267,79665,1404,2275,"",0.53,0.16,0.16,0.16,0.17,0.20,0.19,1.04,"",2,40.0,3,23.1,2,15.4,1,6.7,71109,18.1,-3877,-4.6,-218,-13.4,68,3.1
"41035","5","518210","78","0","2023","4","N",3,0,0,0,0,0,0,0,"N",0.27,0,0,0,0,0,0,0,"N",1,50.0,0,0,0,0,0,0,0,0,0,0,0,0,0,0
"41039","5","518210","78","0","2023","4","N",37,0,0,0,0,0,0,0,"N",0.58,0,0,0,0,0,0,0,"N",8,27.6,0,0,0,0,0,0,0,0,0,0,0,0,0,0
"41041","5","518210","78","0","2023","4","N",2,0,0,0,0,0,0,0,"N",0.20,0,0,0,0,0,0,0,"N",1,100.0,0,0,0,0,0,0,0,0,0,0,0,0,0,0
"41043","5","518210","78","0","2023","4","N",1,0,0,0,0,0,0,0,"N",0.05,0,0,0,0,0,0,0,"N",0,0.0,0,0,0,0,0,0,0,0,0,0,0,0,0,0
"41047","3","518210","78","0","2023","4","",5,124,123,127,2795498,0,0,1725,"",46.58,39.73,39.59,41.28,56.10,0.00,0.00,1.40,"N",0,0.0,0,0,0,0,0,0,0,0,0,0,0,0,0,0
"41047","5","518210","78","0","2023","4","N",22,0,0,0,0,0,0,0,"N",0.37,0,0,0,0,0,0,0,"N",3,15.8,0,0,0,0,0,0,0,0,0,0,0,0,0,0
"41049","5","518210","78","0","2023","4","N",10,0,0,0,0,0,0,0,"N",5.18,0,0,0,0,0,0,0,"N",0,0.0,0,0,0,0,0,0,0,0,0,0,0,0,0,0
"41051","5","518210","78","0","2023","4","",232,2299,2308,2307,98525044,6951305,142615,3288,"",1.18,1.46,1.47,1.46,1.34,1.20,1.39,0.92,"",59,34.1,226,10.9,266,13.0,262,12.8,24534430,33.2,-1531757,-18.1,-45969,-24.4,516,18.6
"41053","5","518210","78","0","2023","4","N",6,0,0,0,0,0,0,0,"N",0.54,0,0,0,0,0,0,0,"N",1,20.0,0,0,0,0,0,0,0,0,0,0,0,0,0,0
"41055","5","518210","78","0","2023","4","N",1,0,0,0,0,0,0,0,"N",1.82,0,0,0,0,0,0,0,"N",1,100.0,0,0,0,0,0,0,0,0,0,0,0,0,0,0
"41057","5","518210","78","0","2023","4","N",2,0,0,0,0,0,0,0,"N",0.38,0,0,0,0,0,0,0,"N",1,100.0,0,0,0,0,0,0,0,0,0,0,0,0,0,0
"41059","5","518210","78","0","2023","4","N",8,0,0,0,0,0,0,0,"N",0.67,0,0,0,0,0,0,0,"N",0,0.0,0,0,0,0,0,0,0,0,0,0,0,0,0,0
"41061","5","518210","78","0","2023","4","N",1,0,0,0,0,0,0,0,"N",0.20,0,0,0,0,0,0,0,"N",0,0.0,0,0,0,0,0,0,0,0,0,0,0,0,0,0
"41065","5","518210","78","0","2023","4","N",6,0,0,0,0,0,0,0,"N",1.14,0,0,0,0,0,0,0,"N",-1,-14.3,0,0,0,0,0,0,0,0,0,0,0,0,0,0
"41067","5","518210","78","0","2023","4","",93,1694,1674,1669,54221691,6427600,115656,2484,"",0.85,1.77,1.75,1.74,1.09,1.80,1.85,0.62,"",23,32.9,-441,-20.7,-458,-21.5,-471,-22.0,-15160218,-21.9,-1456711,-18.5,-36861,-24.2,-15,-0.6
"41069","5","518210","78","0","2023","4","N",1,0,0,0,0,0,0,0,"N",2.97,0,0,0,0,0,0,0,"N",1,100.0,0,0,0,0,0,0,0,0,0,0,0,0,0,0
"41071","5","518210","78","0","2023","4","",8,30,30,30,1235689,318984,4728,3168,"",0.45,0.25,0.25,0.25,0.31,0.64,0.58,1.26,"",3,60.0,8,36.4,8,36.4,9,42.9,864158,232.6,193721,154.7,3383,251.5,1849,140.2
"41999","5","518210","78","0","2023","4","",135,829,833,828,43513901,2760321,52010,4033,"",1.91,6.60,6.59,6.60,5.48,4.09,3.58,0.83,"",58,75.3,6,0.7,29,3.6,22,2.7,5897589,15.7,-1569229,-36.2,-27711,-34.8,465,13.0
"42000","1","518210","58","0","2023","4","",1,1227,1214,1215,22539379,0,0,1423,"",31.16,25.72,25.73,25.71,27.13,0.00,0.00,1.06,"",0,0.0,8,0.7,3,0.2,-8,-0.7,1184096,5.5,0,0.0,0,0.0,74,5.5
"42000","2","518210","58","0","2023","4","N",1,0,0,0,0,0,0,0,"N",1.64,0,0,0,0,0,0,0,"N",0,0.0,0,0,0,0,0,0,0,0,0,0,0,0,0,0
"42000","5","518210","58","0","2023","4","",1829,14430,14366,14429,443434387,9012462,377294,2367,"",1.06,0.77,0.77,0.77,0.57,0.76,0.86,0.74,"",-47,-2.5,-375,-2.5,-433,-2.9,-432,-2.9,9837826,2.3,-2814353,-23.8,-57796,-13.3,117,5.2
"42001","5","518210","78","0","2023","4","",7,8,8,8,251743,3860,362,2421,"",0.69,0.07,0.08,0.08,0.07,0.05,0.16,0.97,"",2,40.0,3,60.0,3,60.0,2,33.3,153651,156.6,-3778,-49.5,-288,-44.3,1006,71.1
"42003","5","518210","78","0","2023","4","",120,1720,1706,1707,71335511,587759,18686,3207,"",0.73,0.82,0.82,0.82,0.76,0.48,0.40,0.93,"",3,2.6,-237,-12.1,-283,-14.2,-317,-15.7,-2548429,-3.4,-596731,-50.4,-22089,-54.2,351,12.3
"42005","5","518210","78","0","2023","4","",5,106,111,111,2475511,33394,960,1742,"",0.76,2.15,2.26,2.26,1.65,1.22,0.84,0.74,"",0,0.0,-12,-10.2,-6,-5.1,-5,-4.3,-87754,-3.4,-3183,-8.7,-311,-24.5,57,3.4
"42007","5","518210","78","0","2023","4","N",6,0,0,0,0,0,0,0,"N",0.37,0,0,0,0,0,0,0,"N",2,50.0,0,0,0,0,0,0,0,0,0,0,0,0,0,0
"42009","5","518210","78","0","2023","4","N",2,0,0,0,0,0,0,0,"N",0.37,0,0,0,0,0,0,0,"N",0,0.0,0,0,0,0,0,0,0,0,0,0,0,0,0,0
"42011","5","518210","78","0","2023","4","",14,118,129,126,2105312,191310,4457,1303,"",0.35,0.22,0.24,0.24,0.11,0.54,0.35,0.46,"N",4,40.0,0,0,0,0,0,0,0,0,0,0,0,0,0,0
"42013","5","518210","78","0","2023","4","N",2,0,0,0,0,0,0,0,"N",0.13,0,0,0,0,0,0,0,"N",0,0.0,0,0,0,0,0,0,0,0,0,0,0,0,0,0
"42017","5","518210","78","0","2023","4","",59,811,811,827,18849506,426996,13458,1776,"",0.62,0.96,0.96,0.98,0.57,0.75,0.65,0.59,"",4,7.3,15,1.9,19,2.4,35,4.4,2231457,13.4,-108986,-20.3,-5147,-27.7,165,10.2
"42019","5","518210","78","0","2023","4","",10,171,171,171,6449251,53786,1454,2901,"",0.42,0.63,0.64,0.63,0.58,0.34,0.24,0.91,"",0,0.0,-4,-2.3,-4,-2.3,-5,-2.8,142427,2.3,-20574,-27.7,-1293,-47.1,134,4.8
"42021","5","518210","78","0","2023","4","N",2,0,0,0,0,0,0,0,"N",0.13,0,0,0,0,0,0,0,"N",0,0.0,0,0,0,0,0,0,0,0,0,0,0,0,0,0
"42025","5","518210","78","0","2023","4","N",4,0,0,0,0,0,0,0,"N",0.69,0,0,0,0,0,0,0,"N",2,100.0,0,0,0,0,0,0,0,0,0,0,0,0,0,0
"42027","5","518210","78","0","2023","4","",9,49,50,48,1203156,23587,718,1889,"",0.55,0.23,0.23,0.23,0.16,0.23,0.22,0.69,"",0,0.0,-7,-12.5,-8,-13.8,-10,-17.2,-146579,-10.9,5865,33.1,283,65.1,78,4.3
"42029","5","518210","78","0","2023","4","",63,1097,1109,1122,47203562,646885,19813,3273,"",0.85,1.40,1.41,1.43,1.21,1.39,1.21,0.86,"",-2,-3.1,-58,-5.0,-16,-1.4,-36,-3.1,4150043,9.6,-32818,-4.8,-1431,-6.7,383,13.3
"42037","5","518210","78","0","2023","4","N",2,0,0,0,0,0,0,0,"N",0.28,0,0,0,0,0,0,0,"N",0,0.0,0,0,0,0,0,0,0,0,0,0,0,0,0,0
"42039","5","518210","78","0","2023","4","N",2,0,0,0,0,0,0,0,"N",0.21,0,0,0,0,0,0,0,"N",0,0.0,0,0,0,0,0,0,0,0,0,0,0,0,0,0
"42041","5","518210","78","0","2023","4","",16,279,276,272,7642490,65577,3030,2133,"",0.51,0.65,0.64,0.63,0.48,0.20,0.29,0.76,"",0,0.0,2,0.7,5,1.8,4,1.5,-204685,-2.6,-46755,-41.6,-1377,-31.2,-86,-3.9
"42043","2","518210","78","0","2023","4","N",1,0,0,0,0,0,0,0,"N",83.23,0,0,0,0,0,0,0,"N",0,0.0,0,0,0,0,0,0,0,0,0,0,0,0,0,0
"42043","5","518210","78","0","2023","4","",15,195,181,178,2827641,177311,6820,1178,"",0.44,0.33,0.31,0.30,0.12,0.54,0.59,0.39,"",-4,-21.1,-68,-25.9,-72,-28.5,-73,-29.1,-1050371,-27.1,-25649,-12.6,-1147,-14.4,11,0.9
"42045","5","518210","78","0","2023","4","",27,101,102,104,3425198,76844,1609,2575,"",0.42,0.15,0.15,0.15,0.12,0.18,0.10,0.77,"",1,3.8,-17,-14.4,-12,-10.5,-7,-6.3,-259845,-7.1,-38743,-33.5,-585,-26.7,96,3.9
"42049","5","518210","78","0","2023","4","",3,21,20,20,385423,35256,854,1458,"",0.10,0.06,0.05,0.05,0.03,0.17,0.11,0.61,"N",-3,-50.0,0,0,0,0,0,0,0,0,0,0,0,0,0,0
"42055","5","518210","78","0","2023","4","N",3,0,0,0,0,0,0,0,"N",0.19,0,0,0,0,0,0,0,"N",-2,-40.0,0,0,0,0,0,0,0,0,0,0,0,0,0,0
"42059","5","518210","78","0","2023","4","-",0,0,0,0,0,0,0,0,"N",0.00,0,0,0,0,0,0,0,"N",-1,-100.0,0,0,0,0,0,0,0,0,0,0,0,0,0,0
"42061","5","518210","78","0","2023","4","N",1,0,0,0,0,0,0,0,"N",0.22,0,0,0,0,0,0,0,"N",1,100.0,0,0,0,0,0,0,0,0,0,0,0,0,0,0
"42063","5","518210","78","0","2023","4","N",2,0,0,0,0,0,0,0,"N",0.23,0,0,0,0,0,0,0,"N",1,100.0,0,0,0,0,0,0,0,0,0,0,0,0,0,0
"42069","5","518210","78","0","2023","4","N",9,0,0,0,0,0,0,0,"N",0.36,0,0,0,0,0,0,0,"N",2,28.6,0,0,0,0,0,0,0,0,0,0,0,0,0,0
"42071","5","518210","78","0","2023","4","",11,99,94,89,2197131,45366,2015,1798,"",0.17,0.13,0.12,0.11,0.08,0.09,0.13,0.66,"",0,0.0,8,8.8,4,4.4,-3,-3.3,-107658,-4.7,5201,12.9,915,83.2,-150,-7.7
"42073","5","518210","78","0","2023","4","N",3,0,0,0,0,0,0,0,"N",0.33,0,0,0,0,0,0,0,"N",2,200.0,0,0,0,0,0,0,0,0,0,0,0,0,0,0
"42075","5","518210","78","0","2023","4","",4,9,8,8,144800,437,22,1337,"",0.30,0.05,0.05,0.05,0.03,0.00,0.01,0.52,"N",0,0.0,0,0,0,0,0,0,0,0,0,0,0,0,0,0
"42077","5","518210","78","0","2023","4","",21,219,190,180,3472355,201947,5492,1360,"",0.52,0.35,0.31,0.29,0.13,0.51,0.39,0.41,"",-2,-8.7,-8,-3.5,-12,-5.9,-3,-1.6,-246101,-6.6,-132151,-39.6,-2424,-30.6,-42,-3.0
"42079","1","518210","78","0","2023","4","",1,1227,1214,1215,22539379,0,0,1423,"",1608.33,1062.96,1054.87,1054.62,1420.13,0.00,0.00,1.34,"",0,0.0,8,0.7,3,0.2,-8,-0.7,1184096,5.5,0,0.0,0,0.0,74,5.5
"42079","5","518210","78","0","2023","4","",11,155,148,147,2915885,45841,1950,1495,"",0.33,0.34,0.32,0.32,0.20,0.13,0.15,0.59,"",0,0.0,-20,-11.4,-27,-15.4,-26,-15.0,-65652,-2.2,-22062,-32.5,-809,-29.3,179,13.6
"42081","5","518210","78","0","2023","4","N",2,0,0,0,0,0,0,0,"N",0.15,0,0,0,0,0,0,0,"N",-1,-33.3,0,0,0,0,0,0,0,0,0,0,0,0,0,0
"42085","5","518210","78","0","2023","4","",3,43,42,39,659705,25484,821,1228,"",0.24,0.32,0.31,0.29,0.16,0.31,0.27,0.51,"N",1,50.0,0,0,0,0,0,0,0,0,0,0,0,0,0,0
"42089","5","518210","78","0","2023","4","N",4,0,0,0,0,0,0,0,"N",0.24,0,0,0,0,0,0,0,"N",-2,-33.3,0,0,0,0,0,0,0,0,0,0,0,0,0,0
"42091","5","518210","78","0","2023","4","",85,2302,2289,2286,51298023,760596,27183,1721,"",0.66,1.47,1.45,1.45,0.64,0.75,0.72,0.44,"",-16,-15.8,-244,-9.6,-243,-9.6,-272,-10.6,-1344145,-2.6,-973894,-56.1,-21576,-44.3,130,8.2
"42095","5","518210","78","0","2023","4","",28,921,896,917,19577423,704163,37810,1652,"",0.89,2.43,2.36,2.40,1.46,2.80,4.18,0.61,"",2,7.7,98,11.9,57,6.8,85,10.2,2295068,13.3,157504,28.8,11148,41.8,53,3.3
"42097","5","518210","78","0","2023","4","N",1,0,0,0,0,0,0,0,"N",0.12,0,0,0,0,0,0,0,"N",0,0.0,0,0,0,0,0,0,0,0,0,0,0,0,0,0
"42099","5","518210","78","0","2023","4","N",2,0,0,0,0,0,0,0,"N",0.50,0,0,0,0,0,0,0,"N",1,100.0,0,0,0,0,0,0,0,0,0,0,0,0,0,0
"42101","5","518210","78","0","2023","4","",100,631,642,637,20665761,420769,13467,2497,"",0.66,0.29,0.29,0.29,0.19,0.33,0.27,0.66,"",7,7.5,90,16.6,101,18.7,100,18.6,4862910,30.8,78002,22.8,2263,20.2,244,10.8
"42103","5","518210","78","0","2023","4","N",2,0,0,0,0,0,0,0,"N",0.39,0,0,0,0,0,0,0,"N",0,0.0,0,0,0,0,0,0,0,0,0,0,0,0,0,0
"42111","5","518210","78","0","2023","4","N",2,0,0,0,0,0,0,0,"N",0.24,0,0,0,0,0,0,0,"N",1,100.0,0,0,0,0,0,0,0,0,0,0,0,0,0,0
"42115","5","518210","78","0","2023","4","N",2,0,0,0,0,0,0,0,"N",0.45,0,0,0,0,0,0,0,"N",0,0.0,0,0,0,0,0,0,0,0,0,0,0,0,0,0
"42117","5","518210","78","0","2023","4","-",0,0,0,0,0,0,0,0,"N",0.00,0,0,0,0,0,0,0,"N",-1,-100.0,0,0,0,0,0,0,0,0,0,0,0,0,0,0
"42119","5","518210","78","0","2023","4","N",1,0,0,0,0,0,0,0,"N",0.22,0,0,0,0,0,0,0,"N",0,0.0,0,0,0,0,0,0,0,0,0,0,0,0,0,0
"42121","5","518210","78","0","2023","4","-",0,0,0,0,0,0,0,0,"N",0.00,0,0,0,0,0,0,0,"N",-1,-100.0,0,0,0,0,0,0,0,0,0,0,0,0,0,0
"42123","5","518210","78","0","2023","4","N",2,0,0,0,0,0,0,0,"N",0.49,0,0,0,0,0,0,0,"N",0,0.0,0,0,0,0,0,0,0,0,0,0,0,0,0,0
"42125","5","518210","78","0","2023","4","",9,72,72,75,3798950,31365,926,4003,"",0.35,0.27,0.27,0.28,0.35,0.18,0.13,1.28,"",1,12.5,-4,-5.3,-4,-5.3,0,0.0,811905,27.2,10722,51.9,414,80.9,966,31.8
"42127","5","518210","78","0","2023","4","N",2,0,0,0,0,0,0,0,"N",0.31,0,0,0,0,0,0,0,"N",0,0.0,0,0,0,0,0,0,0,0,0,0,0,0,0,0
"42129","5","518210","78","0","2023","4","N",10,0,0,0,0,0,0,0,"N",0.24,0,0,0,0,0,0,0,"N",2,25.0,0,0,0,0,0,0,0,0,0,0,0,0,0,0
"42131","5","518210","78","0","2023","4","N",1,0,0,0,0,0,0,0,"N",0.32,0,0,0,0,0,0,0,"N",0,0.0,0,0,0,0,0,0,0,0,0,0,0,0,0,0
"42133","5","518210","78","0","2023","4","",10,27,22,24,631767,7391,323,1997,"",0.24,0.05,0.04,0.04,0.03,0.02,0.02,0.72,"",0,0.0,-4,-12.9,-12,-35.3,-12,-33.3,-18221,-2.8,-74100,-90.9,-1905,-85.5,512,34.5
"42999","5","518210","78","0","2023","4","",1130,5029,5041,5078,167806225,4009939,197584,2556,"",4.63,5.17,5.17,5.23,2.64,4.76,5.60,0.51,"",-50,-4.2,79,1.6,69,1.4,106,2.1,824946,0.5,-1159086,-22.4,-19820,-9.1,-31,-1.2
"44000","5","518210","58","0","2023","4","",437,731,717,725,28650140,1222613,19650,3043,"",2.01,0.48,0.47,0.47,0.47,0.44,0.29,0.99,"",23,5.6,-27,-3.6,-71,-9.0,-45,-5.8,1261968,4.6,-598336,-32.9,-9148,-31.8,314,11.5
"44001","5","518210","78","0","2023","4","",19,14,14,14,838069,0,0,4605,"",1.85,0.29,0.30,0.30,0.51,0.00,0.00,1.71,"",2,11.8,-3,-17.6,-4,-22.2,-6,-30.0,-162951,-16.3,-51959,-100.0,-509,-100.0,405,9.6
"44003","5","518210","78","0","2023","4","",41,97,92,95,2698826,164443,3356,2193,"",1.34,0.41,0.39,0.40,0.30,0.36,0.30,0.76,"",4,10.8,6,6.6,-5,-5.2,3,3.3,-3764,-0.1,-32048,-16.3,176,5.5,-34,-1.5
"44005","5","518210","78","0","2023","4","",41,42,41,41,1463856,50810,1287,2724,"",2.08,0.32,0.31,0.32,0.28,0.23,0.22,0.89,"",9,28.1,4,10.5,2,5.1,1,2.5,175552,13.6,-17809,-26.0,118,10.1,183,7.2
"44007","5","518210","78","0","2023","4","",185,286,284,283,9736392,552650,7714,2634,"",1.71,0.32,0.32,0.32,0.27,0.36,0.21,0.85,"",21,12.8,-12,-4.0,-21,-6.9,-17,-5.7,775493,8.7,-282283,-33.8,-4537,-37.0,344,15.0
"44009","5","518210","78","0","2023","4","",30,83,81,79,4880509,100899,1571,4635,"",1.17,0.46,0.46,0.45,0.74,0.30,0.19,1.62,"",1,3.4,4,5.1,1,1.2,-1,-1.2,1138160,30.4,12693,14.4,602,62.1,1022,28.3
"44999","5","518210","78","0","2023","4","",121,209,205,213,9032488,353811,5722,3324,"",5.19,4.72,4.62,4.76,3.01,3.63,2.33,0.64,"",-14,-10.4,-26,-11.1,-44,-17.7,-25,-10.5,-660522,-6.8,-226930,-39.1,-4998,-46.6,226,7.3
"45000","5","518210","58","0","2023","4","",1338,4143,4139,4121,125965363,5919838,54155,2344,"",1.65,0.59,0.59,0.58,0.50,0.77,0.85,0.86,"",120,9.9,-519,-11.1,-569,-12.1,-687,-14.3,4366782,3.6,-1743455,-22.8,-22347,-29.2,365,18.4
"45003","5","518210","78","0","2023","4","N",3,0,0,0,0,0,0,0,"N",0.18,0,0,0,0,0,0,0,"N",0,0.0,0,0,0,0,0,0,0,0,0,0,0,0,0,0
"45007","5","518210","78","0","2023","4","",9,30,30,30,559548,127425,461,1435,"",0.46,0.13,0.13,0.13,0.08,0.55,0.32,0.62,"",-3,-25.0,-30,-50.0,-30,-50.0,-37,-55.2,-748260,-57.2,-13306,-9.5,321,229.3,-179,-11.1
"45011","5","518210","78","0","2023","4","N",1,0,0,0,0,0,0,0,"N",0.54,0,0,0,0,0,0,0,"N",0,0.0,0,0,0,0,0,0,0,0,0,0,0,0,0,0
"45013","5","518210","78","0","2023","4","",22,29,28,27,1071003,16428,57,2942,"",0.66,0.13,0.13,0.12,0.15,0.06,0.04,1.21,"",-2,-8.3,2,7.4,0,0.0,-1,-3.6,35276,3.4,-44247,-72.9,-296,-83.9,62,2.2
"45015","5","518210","78","0","2023","4","",35,55,55,55,1771204,74048,1698,2477,"",1.60,0.27,0.27,0.27,0.22,0.31,0.73,0.81,"N",4,12.9,0,0,0,0,0,0,0,0,0,0,0,0,0,0
"45017","5","518210","78","0","2023","4","N",1,0,0,0,0,0,0,0,"N",0.81,0,0,0,0,0,0,0,"N",0,0.0,0,0,0,0,0,0,0,0,0,0,0,0,0,0
"45019","5","518210","78","0","2023","4","",162,666,665,655,29743387,766222,6207,3456,"",1.68,0.77,0.77,0.76,0.87,0.80,0.78,1.13,"",9,5.9,-202,-23.3,-210,-24.0,-231,-26.1,700321,2.4,-155442,-16.9,-2736,-30.6,907,35.6
"45021","5","518210","78","0","2023","4","N",1,0,0,0,0,0,0,0,"N",0.23,0,0,0,0,0,0,0,"N",0,0.0,0,0,0,0,0,0,0,0,0,0,0,0,0,0
"45023","5","518210","78","0","2023","4","N",4,0,0,0,0,0,0,0,"N",1.38,0,0,0,0,0,0,0,"N",1,33.3,0,0,0,0,0,0,0,0,0,0,0,0,0,0
"45025","5","518210","78","0","2023","4","N",3,0,0,0,0,0,0,0,"N",0.87,0,0,0,0,0,0,0,"N",2,200.0,0,0,0,0,0,0,0,0,0,0,0,0,0,0
"45027","5","518210","78","0","2023","4","N",2,0,0,0,0,0,0,0,"N",0.71,0,0,0,0,0,0,0,"N",1,100.0,0,0,0,0,0,0,0,0,0,0,0,0,0,0
"45029","5","518210","78","0","2023","4","N",1,0,0,0,0,0,0,0,"N",0.25,0,0,0,0,0,0,0,"N",0,0.0,0,0,0,0,0,0,0,0,0,0,0,0,0,0
"45031","5","518210","78","0","2023","4","N",2,0,0,0,0,0,0,0,"N",0.37,0,0,0,0,0,0,0,"N",0,0.0,0,0,0,0,0,0,0,0,0,0,0,0,0,0
"45033","5","518210","78","0","2023","4","N",1,0,0,0,0,0,0,0,"N",0.43,0,0,0,0,0,0,0,"N",-1,-50.0,0,0,0,0,0,0,0,0,0,0,0,0,0,0
"45035","5","518210","78","0","2023","4","",12,28,29,28,673145,27506,45,1828,"",0.83,0.22,0.23,0.22,0.17,0.19,0.04,0.76,"",1,9.1,3,12.0,4,16.0,3,12.0,113799,20.3,14272,107.8,45,100.0,107,6.2
"45039","5","518210","78","0","2023","4","N",3,0,0,0,0,0,0,0,"N",1.64,0,0,0,0,0,0,0,"N",1,50.0,0,0,0,0,0,0,0,0,0,0,0,0,0,0
"45041","5","518210","78","0","2023","4","",7,14,15,16,364529,25826,6,1869,"",0.43,0.07,0.07,0.08,0.06,0.12,0.00,0.80,"",1,16.7,-4,-22.2,-4,-21.1,-2,-11.1,29001,8.6,-11299,-30.4,-103,-94.5,461,32.7
"45043","5","518210","78","0","2023","4","",8,44,43,40,626240,34490,339,1138,"",0.75,0.56,0.55,0.51,0.26,0.40,0.41,0.48,"",1,14.3,5,12.8,5,13.2,3,8.1,38348,6.5,-19683,-36.3,20,6.3,-52,-4.4
"45045","5","518210","78","0","2023","4","",107,384,392,401,12608391,690427,3727,2472,"",1.22,0.42,0.43,0.43,0.37,0.65,0.42,0.87,"",1,0.9,14,3.8,-16,-3.9,6,1.5,3976648,46.1,27317,4.1,1463,64.6,774,45.6
"45047","5","518210","78","0","2023","4","N",4,0,0,0,0,0,0,0,"N",0.58,0,0,0,0,0,0,0,"N",0,0.0,0,0,0,0,0,0,0,0,0,0,0,0,0,0
"45051","5","518210","78","0","2023","4","",55,77,78,78,2153271,101461,773,2133,"",1.03,0.17,0.18,0.18,0.17,0.20,0.16,0.97,"",4,7.8,18,30.5,13,20.0,15,23.8,349592,19.4,-17892,-15.0,-71,-8.4,-93,-4.2
"45053","5","518210","78","0","2023","4","N",2,0,0,0,0,0,0,0,"N",0.49,0,0,0,0,0,0,0,"N",0,0.0,0,0,0,0,0,0,0,0,0,0,0,0,0,0
"45055","5","518210","78","0","2023","4","",6,4,4,4,81521,1006,4,1568,"",0.87,0.07,0.07,0.07,0.05,0.01,0.01,0.73,"",1,20.0,-5,-55.6,-4,-50.0,-5,-55.6,-65885,-44.7,-9711,-90.6,-49,-92.5,260,19.9
"45057","5","518210","78","0","2023","4","",15,31,30,32,657440,48989,59,1631,"",1.61,0.36,0.35,0.37,0.21,0.56,0.12,0.59,"",3,25.0,8,34.8,9,42.9,13,68.4,288463,78.2,8533,21.1,-61,-50.8,279,20.6
"45059","5","518210","78","0","2023","4","",3,4,4,4,125319,0,0,2410,"",0.67,0.06,0.06,0.06,0.07,0.00,0.00,1.02,"",3,100.0,4,100.0,4,100.0,4,100.0,125319,100.0,0,0.0,0,0.0,2410,100.0
"45061","5","518210","78","0","2023","4","N",1,0,0,0,0,0,0,0,"N",0.73,0,0,0,0,0,0,0,"N",0,0.0,0,0,0,0,0,0,0,0,0,0,0,0,0,0
"45063","5","518210","78","0","2023","4","",39,50,49,44,1240641,18326,12,2002,"",1.02,0.12,0.12,0.11,0.09,0.04,0.00,0.79,"",-2,-4.9,-91,-64.5,-87,-64.0,-91,-67.4,-1909769,-60.6,-185698,-91.0,-1451,-99.2,237,13.4
"45065","5","518210","78","0","2023","4","N",1,0,0,0,0,0,0,0,"N",0.76,0,0,0,0,0,0,0,"N",0,0.0,0,0,0,0,0,0,0,0,0,0,0,0,0,0
"45067","5","518210","78","0","2023","4","N",2,0,0,0,0,0,0,0,"N",0.98,0,0,0,0,0,0,0,"N",2,100.0,0,0,0,0,0,0,0,0,0,0,0,0,0,0
"45069","5","518210","78","0","2023","4","N",1,0,0,0,0,0,0,0,"N",0.67,0,0,0,0,0,0,0,"N",0,0.0,0,0,0,0,0,0,0,0,0,0,0,0,0,0
"45071","5","518210","78","0","2023","4","",5,8,7,7,138059,9274,36,1448,"",1.24,0.17,0.15,0.16,0.11,0.22,0.14,0.67,"",0,0.0,4,100.0,3,75.0,1,16.7,26090,23.3,-9726,-51.2,-8,-18.2,-398,-21.6
"45073","5","518210","78","0","2023","4","",5,27,27,28,729519,30573,1454,2053,"",0.57,0.34,0.34,0.35,0.28,0.36,1.56,0.82,"",0,0.0,0,0.0,-1,-3.6,0,0.0,120660,19.8,4362,16.6,844,138.4,360,21.3
"45075","5","518210","78","0","2023","4","N",2,0,0,0,0,0,0,0,"N",0.25,0,0,0,0,0,0,0,"N",0,0.0,0,0,0,0,0,0,0,0,0,0,0,0,0,0
"45077","5","518210","78","0","2023","4","",15,73,72,71,1616177,64714,580,1727,"",1.18,0.59,0.58,0.57,0.42,0.56,0.74,0.72,"N",2,15.4,0,0,0,0,0,0,0,0,0,0,0,0,0,0
"45079","5","518210","78","0","2023","4","",67,194,191,191,4176894,246659,931,1673,"",1.22,0.27,0.27,0.27,0.16,0.38,0.18,0.59,"",-5,-6.9,-150,-43.6,-163,-46.0,-174,-47.7,-3121877,-42.8,-364478,-59.6,-4426,-82.6,88,5.6
"45083","5","518210","78","0","2023","4","",13,53,54,42,1596729,47717,96,2473,"",0.36,0.11,0.11,0.09,0.10,0.10,0.02,0.93,"",2,18.2,17,47.2,16,42.1,-8,-16.0,66300,4.3,-151255,-76.0,-830,-89.6,-375,-13.2
"45085","5","518210","78","0","2023","4","N",5,0,0,0,0,0,0,0,"N",0.49,0,0,0,0,0,0,0,"N",2,66.7,0,0,0,0,0,0,0,0,0,0,0,0,0,0
"45087","5","518210","78","0","2023","4","N",1,0,0,0,0,0,0,0,"N",0.46,0,0,0,0,0,0,0,"N",0,0.0,0,0,0,0,0,0,0,0,0,0,0,0,0,0
"45089","5","518210","78","0","2023","4","N",2,0,0,0,0,0,0,0,"N",0.72,0,0,0,0,0,0,0,"N",0,0.0,0,0,0,0,0,0,0,0,0,0,0,0,0,0
"45091","5","518210","78","0","2023","4","",54,592,587,589,18902019,244866,604,2467,"",1.40,1.81,1.79,1.79,1.66,0.65,0.19,0.92,"",6,12.5,-72,-10.8,-79,-11.9,-75,-11.3,583113,3.2,-36760,-13.1,-726,-54.6,347,16.4
"45999","5","518210","78","0","2023","4","",656,1656,1649,1648,45182506,3097779,35656,2105,"",4.38,4.73,4.71,4.70,2.29,5.79,6.23,0.49,"",86,15.1,-116,-6.5,-113,-6.4,-187,-10.2,2440282,5.7,-950521,-23.5,-16533,-31.7,268,14.6
"46000","2","518210","58","0","2023","4","N",5,0,0,0,0,0,0,0,"N",79.02,0,0,0,0,0,0,0,"N",0,0.0,0,0,0,0,0,0,0,0,0,0,0,0,0,0
"46000","5","518210","58","0","2023","4","",252,381,363,375,9677899,372376,4924,1996,"",1.40,0.27,0.26,0.27,0.20,0.27,0.46,0.74,"",-6,-2.3,11,3.0,-5,-1.4,2,0.5,125280,1.3,-215454,-36.7,-872,-15.0,12,0.6
"46003","5","518210","78","0","2023","4","N",1,0,0,0,0,0,0,0,"N",2.12,0,0,0,0,0,0,0,"N",0,0.0,0,0,0,0,0,0,0,0,0,0,0,0,0,0
"46005","5","518210","78","0","2023","4","N",1,0,0,0,0,0,0,0,"N",0.32,0,0,0,0,0,0,0,"N",0,0.0,0,0,0,0,0,0,0,0,0,0,0,0,0,0
"46007","5","518210","78","0","2023","4","N",1,0,0,0,0,0,0,0,"N",2.34,0,0,0,0,0,0,0,"N",0,0.0,0,0,0,0,0,0,0,0,0,0,0,0,0,0
"46009","2","518210","78","0","2023","4","N",1,0,0,0,0,0,0,0,"N",2644.67,0,0,0,0,0,0,0,"N",0,0.0,0,0,0,0,0,0,0,0,0,0,0,0,0,0
"46011","5","518210","78","0","2023","4","",11,19,19,18,820021,0,0,3379,"",1.79,0.31,0.31,0.30,0.41,0.00,0.00,1.33,"",2,22.2,3,18.8,2,11.8,3,20.0,196691,31.6,-38915,-100.0,-211,-100.0,382,12.7
"46013","5","518210","78","0","2023","4","",7,14,16,16,259571,14463,188,1302,"",1.02,0.23,0.26,0.26,0.13,0.27,0.50,0.51,"",-1,-12.5,1,7.7,3,23.1,1,6.7,59634,29.8,-36563,-71.7,-195,-50.9,177,15.7
"46019","5","518210","78","0","2023","4","N",1,0,0,0,0,0,0,0,"N",0.48,0,0,0,0,0,0,0,"N",0,0.0,0,0,0,0,0,0,0,0,0,0,0,0,0,0
"46025","5","518210","78","0","2023","4","N",1,0,0,0,0,0,0,0,"N",1.20,0,0,0,0,0,0,0,"N",0,0.0,0,0,0,0,0,0,0,0,0,0,0,0,0,0
"46027","5","518210","78","0","2023","4","N",2,0,0,0,0,0,0,0,"N",0.96,0,0,0,0,0,0,0,"N",0,0.0,0,0,0,0,0,0,0,0,0,0,0,0,0,0
"46029","5","518210","78","0","2023","4","N",2,0,0,0,0,0,0,0,"N",0.31,0,0,0,0,0,0,0,"N",-2,-50.0,0,0,0,0,0,0,0,0,0,0,0,0,0,0
"46033","5","518210","78","0","2023","4","N",2,0,0,0,0,0,0,0,"N",1.05,0,0,0,0,0,0,0,"N",0,0.0,0,0,0,0,0,0,0,0,0,0,0,0,0,0
"46035","5","518210","78","0","2023","4","N",3,0,0,0,0,0,0,0,"N",0.81,0,0,0,0,0,0,0,"N",0,0.0,0,0,0,0,0,0,0,0,0,0,0,0,0,0
"46037","5","518210","78","0","2023","4","N",2,0,0,0,0,0,0,0,"N",1.74,0,0,0,0,0,0,0,"N",1,100.0,0,0,0,0,0,0,0,0,0,0,0,0,0,0
"46039","5","518210","78","0","2023","4","N",1,0,0,0,0,0,0,0,"N",1.12,0,0,0,0,0,0,0,"N",0,0.0,0,0,0,0,0,0,0,0,0,0,0,0,0,0
"46047","5","518210","78","0","2023","4","N",1,0,0,0,0,0,0,0,"N",0.65,0,0,0,0,0,0,0,"N",1,100.0,0,0,0,0,0,0,0,0,0,0,0,0,0,0
"46049","5","518210","78","0","2023","4","N",1,0,0,0,0,0,0,0,"N",1.75,0,0,0,0,0,0,0,"N",1,100.0,0,0,0,0,0,0,0,0,0,0,0,0,0,0
"46061","5","518210","78","0","2023","4","N",1,0,0,0,0,0,0,0,"N",2.10,0,0,0,0,0,0,0,"N",-2,-66.7,0,0,0,0,0,0,0,0,0,0,0,0,0,0
"46065","2","518210","78","0","2023","4","N",1,0,0,0,0,0,0,0,"N",664.64,0,0,0,0,0,0,0,"N",0,0.0,0,0,0,0,0,0,0,0,0,0,0,0,0,0
"46065","5","518210","78","0","2023","4","",7,19,19,19,466651,16009,184,1889,"",1.64,0.55,0.56,0.56,0.38,0.64,0.94,0.68,"",1,16.7,2,11.8,0,0.0,0,0.0,72802,18.5,2331,17.0,135,275.5,236,14.3
"46077","5","518210","78","0","2023","4","N",1,0,0,0,0,0,0,0,"N",0.84,0,0,0,0,0,0,0,"N",0,0.0,0,0,0,0,0,0,0,0,0,0,0,0,0,0
"46079","5","518210","78","0","2023","4","",4,3,3,3,178249,0,0,4570,"",1.88,0.18,0.18,0.18,0.32,0.00,0.00,1.74,"",1,33.3,-1,-25.0,-1,-25.0,-1,-25.0,41149,30.0,0,0.0,0,0.0,1933,73.3
"46081","5","518210","78","0","2023","4","",10,8,8,9,172944,11444,137,1596,"",1.39,0.19,0.19,0.22,0.14,0.26,0.41,0.68,"",-7,-41.2,-7,-46.7,-8,-50.0,-7,-43.8,-394201,-69.5,-8255,-41.9,-99,-41.9,-1189,-42.7
"46083","5","518210","78","0","2023","4","",15,14,14,13,486671,255,3,2739,"",1.35,0.15,0.15,0.14,0.13,0.00,0.00,0.89,"",-3,-16.7,1,7.7,2,16.7,0,0.0,286601,143.3,-10980,-97.7,-131,-97.8,1524,125.4
"46087","5","518210","78","0","2023","4","N",1,0,0,0,0,0,0,0,"N",0.94,0,0,0,0,0,0,0,"N",1,100.0,0,0,0,0,0,0,0,0,0,0,0,0,0,0
"46093","5","518210","78","0","2023","4","",4,6,6,6,158457,0,0,2032,"",0.85,0.23,0.23,0.23,0.19,0.00,0.00,0.80,"",-1,-20.0,-2,-25.0,-2,-25.0,-2,-25.0,-72890,-31.5,0,0.0,0,0.0,-192,-8.6
"46099","2","518210","78","0","2023","4","N",1,0,0,0,0,0,0,0,"N",63.85,0,0,0,0,0,0,0,"N",0,0.0,0,0,0,0,0,0,0,0,0,0,0,0,0,0
"46099","5","518210","78","0","2023","4","",113,158,149,155,4184065,158721,1593,2090,"",2.54,0.37,0.35,0.36,0.25,0.40,0.55,0.70,"",0,0.0,-13,-7.6,-18,-10.8,-17,-9.9,-363161,-8.0,-74210,-31.9,-1143,-41.8,32,1.6
"46101","5","518210","78","0","2023","4","N",1,0,0,0,0,0,0,0,"N",1.02,0,0,0,0,0,0,0,"N",0,0.0,0,0,0,0,0,0,0,0,0,0,0,0,0,0
"46103","2","518210","78","0","2023","4","N",1,0,0,0,0,0,0,0,"N",109.11,0,0,0,0,0,0,0,"N",0,0.0,0,0,0,0,0,0,0,0,0,0,0,0,0,0
"46103","5","518210","78","0","2023","4","",44,65,65,65,1856217,106343,2285,2197,"",1.69,0.34,0.34,0.34,0.29,0.53,1.43,0.84,"",2,4.8,14,27.5,13,25.0,14,27.5,178936,10.7,32126,43.3,1795,366.3,-316,-12.6
"46105","5","518210","78","0","2023","4","N",1,0,0,0,0,0,0,0,"N",1.61,0,0,0,0,0,0,0,"N",0,0.0,0,0,0,0,0,0,0,0,0,0,0,0,0,0
"46109","5","518210","78","0","2023","4","N",1,0,0,0,0,0,0,0,"N",0.69,0,0,0,0,0,0,0,"N",1,100.0,0,0,0,0,0,0,0,0,0,0,0,0,0,0
"46115","5","518210","78","0","2023","4","N",1,0,0,0,0,0,0,0,"N",0.80,0,0,0,0,0,0,0,"N",0,0.0,0,0,0,0,0,0,0,0,0,0,0,0,0,0
"46117","5","518210","78","0","2023","4","N",1,0,0,0,0,0,0,0,"N",1.44,0,0,0,0,0,0,0,"N",-1,-50.0,0,0,0,0,0,0,0,0,0,0,0,0,0,0
"46123","5","518210","78","0","2023","4","N",1,0,0,0,0,0,0,0,"N",0.86,0,0,0,0,0,0,0,"N",0,0.0,0,0,0,0,0,0,0,0,0,0,0,0,0,0
"46127","5","518210","78","0","2023","4","",7,7,7,7,228973,0,0,2516,"",1.79,0.23,0.23,0.23,0.17,0.00,0.00,0.75,"",1,16.7,-1,-12.5,0,0.0,0,0.0,-9513,-4.0,0,0.0,0,0.0,14,0.6
"46135","2","518210","78","0","2023","4","N",1,0,0,0,0,0,0,0,"N",729.88,0,0,0,0,0,0,0,"N",0,0.0,0,0,0,0,0,0,0,0,0,0,0,0,0,0
"46135","5","518210","78","0","2023","4","N",2,0,0,0,0,0,0,0,"N",0.51,0,0,0,0,0,0,0,"N",0,0.0,0,0,0,0,0,0,0,0,0,0,0,0,0,0
"47000","3","518210","58","0","2023","4","",1,23,23,23,390268,0,0,1305,"",0.55,0.38,0.38,0.38,0.34,0.00,0.00,0.89,"",-1,-50.0,-7,-23.3,-6,-20.7,-6,-20.7,-184829,-32.1,0,0.0,0,0.0,-203,-13.5
"47000","5","518210","58","0","2023","4","",1320,8722,8712,8759,292884302,4049418,63659,2580,"",1.30,0.86,0.85,0.86,0.72,0.65,0.93,0.84,"",189,16.7,-1041,-10.7,-1154,-11.7,-1229,-12.3,-30633715,-9.5,-2365106,-36.9,-23186,-26.7,59,2.3
"47001","5","518210","78","0","2023","4","",6,8,8,8,165037,557,6,1587,"",0.63,0.06,0.06,0.06,0.03,0.01,0.01,0.45,"",1,20.0,0,0.0,0,0.0,0,0.0,-960,-0.6,-84,-13.1,-2,-25.0,-9,-0.6
"47003","5","518210","78","0","2023","4","N",2,0,0,0,0,0,0,0,"N",0.41,0,0,0,0,0,0,0,"N",0,0.0,0,0,0,0,0,0,0,0,0,0,0,0,0,0
"47005","5","518210","78","0","2023","4","N",1,0,0,0,0,0,0,0,"N",0.59,0,0,0,0,0,0,0,"N",1,100.0,0,0,0,0,0,0,0,0,0,0,0,0,0,0
"47009","5","518210","78","0","2023","4","",20,157,158,161,14778559,45118,851,7165,"",1.31,0.92,0.93,0.94,2.31,0.47,0.90,2.49,"",3,17.6,-35,-18.2,-42,-21.0,-39,-19.5,4774987,47.7,-59450,-56.9,-1129,-57.0,3265,83.7
"47011","5","518210","78","0","2023","4","",10,12,12,11,345356,1060,12,2277,"",0.91,0.09,0.09,0.08,0.08,0.01,0.01,0.89,"",2,25.0,3,33.3,3,33.3,2,22.2,155814,82.2,-41,-3.7,-2,-14.3,657,40.6
"47013","5","518210","78","0","2023","4","N",2,0,0,0,0,0,0,0,"N",0.58,0,0,0,0,0,0,0,"N",0,0.0,0,0,0,0,0,0,0,0,0,0,0,0,0,0
"47015","5","518210","78","0","2023","4","N",2,0,0,0,0,0,0,0,"N",1.52,0,0,0,0,0,0,0,"N",0,0.0,0,0,0,0,0,0,0,0,0,0,0,0,0,0
"47017","5","518210","78","0","2023","4","N",1,0,0,0,0,0,0,0,"N",0.38,0,0,0,0,0,0,0,"N",1,100.0,0,0,0,0,0,0,0,0,0,0,0,0,0,0
"47019","5","518210","78","0","2023","4","N",2,0,0,0,0,0,0,0,"N",0.49,0,0,0,0,0,0,0,"N",0,0.0,0,0,0,0,0,0,0,0,0,0,0,0,0,0
"47021","5","518210","78","0","2023","4","",8,39,39,38,2093902,10774,119,4166,"",1.83,1.33,1.33,1.29,2.03,0.73,0.75,1.54,"",1,14.3,0,0.0,-1,-2.5,0,0.0,-118957,-5.4,-1187,-9.9,-62,-34.3,-199,-4.6
"47025","5","518210","78","0","2023","4","N",1,0,0,0,0,0,0,0,"N",0.36,0,0,0,0,0,0,0,"N",0,0.0,0,0,0,0,0,0,0,0,0,0,0,0,0,0
"47027","5","518210","78","0","2023","4","N",1,0,0,0,0,0,0,0,"N",1.32,0,0,0,0,0,0,0,"N",0,0.0,0,0,0,0,0,0,0,0,0,0,0,0,0,0
"47035","5","518210","78","0","2023","4","",10,22,22,22,621829,1240,33,2174,"",1.43,0.37,0.37,0.37,0.38,0.03,0.10,1.02,"",2,25.0,4,22.2,4,22.2,4,22.2,133516,27.3,1240,100.0,33,100.0,87,4.2
"47037","5","518210","78","0","2023","4","",329,2990,3000,3004,92433753,1255085,16631,2372,"",2.08,1.74,1.73,1.74,1.09,1.16,1.28,0.63,"",49,17.5,300,11.2,290,10.7,241,8.7,-41380,0.0,-453891,-26.6,-6882,-29.3,-242,-9.3
"47041","5","518210","78","0","2023","4","N",2,0,0,0,0,0,0,0,"N",0.94,0,0,0,0,0,0,0,"N",0,0.0,0,0,0,0,0,0,0,0,0,0,0,0,0,0
"47043","5","518210","78","0","2023","4","N",1,0,0,0,0,0,0,0,"N",0.16,0,0,0,0,0,0,0,"N",-2,-66.7,0,0,0,0,0,0,0,0,0,0,0,0,0,0
"47045","5","518210","78","0","2023","4","N",1,0,0,0,0,0,0,0,"N",0.24,0,0,0,0,0,0,0,"N",1,100.0,0,0,0,0,0,0,0,0,0,0,0,0,0,0
"47047","5","518210","78","0","2023","4","N",1,0,0,0,0,0,0,0,"N",0.28,0,0,0,0,0,0,0,"N",0,0.0,0,0,0,0,0,0,0,0,0,0,0,0,0,0
"47049","5","518210","78","0","2023","4","N",2,0,0,0,0,0,0,0,"N",1.07,0,0,0,0,0,0,0,"N",0,0.0,0,0,0,0,0,0,0,0,0,0,0,0,0,0
"47051","5","518210","78","0","2023","4","",8,14,14,13,352321,7000,35,1983,"",1.71,0.38,0.38,0.35,0.31,0.37,0.24,0.83,"",0,0.0,4,40.0,4,40.0,2,18.2,102069,40.8,1240,21.5,-121,-77.6,120,6.4
"47055","5","518210","78","0","2023","4","N",1,0,0,0,0,0,0,0,"N",0.31,0,0,0,0,0,0,0,"N",0,0.0,0,0,0,0,0,0,0,0,0,0,0,0,0,0
"47057","5","518210","78","0","2023","4","N",2,0,0,0,0,0,0,0,"N",1.20,0,0,0,0,0,0,0,"N",0,0.0,0,0,0,0,0,0,0,0,0,0,0,0,0,0
"47059","5","518210","78","0","2023","4","N",1,0,0,0,0,0,0,0,"N",0.14,0,0,0,0,0,0,0,"N",0,0.0,0,0,0,0,0,0,0,0,0,0,0,0,0,0
"47063","5","518210","78","0","2023","4","N",2,0,0,0,0,0,0,0,"N",0.28,0,0,0,0,0,0,0,"N",0,0.0,0,0,0,0,0,0,0,0,0,0,0,0,0,0
"47065","5","518210","78","0","2023","4","",86,797,792,793,33375181,267114,3743,3233,"",1.40,1.17,1.16,1.15,1.18,0.63,0.88,1.02,"",7,8.9,40,5.3,23,3.0,29,3.8,4282645,14.7,-251248,-48.5,-2070,-35.6,301,10.3
"47067","5","518210","78","0","2023","4","N",1,0,0,0,0,0,0,0,"N",1.95,0,0,0,0,0,0,0,"N",0,0.0,0,0,0,0,0,0,0,0,0,0,0,0,0,0
"47071","5","518210","78","0","2023","4","N",1,0,0,0,0,0,0,0,"N",0.34,0,0,0,0,0,0,0,"N",-1,-50.0,0,0,0,0,0,0,0,0,0,0,0,0,0,0
"47073","5","518210","78","0","2023","4","N",1,0,0,0,0,0,0,0,"N",0.25,0,0,0,0,0,0,0,"N",0,0.0,0,0,0,0,0,0,0,0,0,0,0,0,0,0
"47079","5","518210","78","0","2023","4","N",1,0,0,0,0,0,0,0,"N",0.26,0,0,0,0,0,0,0,"N",0,0.0,0,0,0,0,0,0,0,0,0,0,0,0,0,0
"47081","5","518210","78","0","2023","4","N",2,0,0,0,0,0,0,0,"N",1.11,0,0,0,0,0,0,0,"N",0,0.0,0,0,0,0,0,0,0,0,0,0,0,0,0,0
"47083","5","518210","78","0","2023","4","N",1,0,0,0,0,0,0,0,"N",1.45,0,0,0,0,0,0,0,"N",-1,-50.0,0,0,0,0,0,0,0,0,0,0,0,0,0,0
"47085","5","518210","78","0","2023","4","N",1,0,0,0,0,0,0,0,"N",0.52,0,0,0,0,0,0,0,"N",0,0.0,0,0,0,0,0,0,0,0,0,0,0,0,0,0
"47087","5","518210","78","0","2023","4","N",2,0,0,0,0,0,0,0,"N",1.94,0,0,0,0,0,0,0,"N",1,100.0,0,0,0,0,0,0,0,0,0,0,0,0,0,0
"47089","5","518210","78","0","2023","4","N",2,0,0,0,0,0,0,0,"N",0.44,0,0,0,0,0,0,0,"N",0,0.0,0,0,0,0,0,0,0,0,0,0,0,0,0,0
"47091","5","518210","78","0","2023","4","N",3,0,0,0,0,0,0,0,"N",1.69,0,0,0,0,0,0,0,"N",-1,-25.0,0,0,0,0,0,0,0,0,0,0,0,0,0,0
"47093","5","518210","78","0","2023","4","N",109,0,0,0,0,0,0,0,"N",1.40,0,0,0,0,0,0,0,"N",20,22.5,0,0,0,0,0,0,0,0,0,0,0,0,0,0
"47101","5","518210","78","0","2023","4","N",1,0,0,0,0,0,0,0,"N",0.78,0,0,0,0,0,0,0,"N",0,0.0,0,0,0,0,0,0,0,0,0,0,0,0,0,0
"47103","5","518210","78","0","2023","4","N",1,0,0,0,0,0,0,0,"N",0.28,0,0,0,0,0,0,0,"N",0,0.0,0,0,0,0,0,0,0,0,0,0,0,0,0,0
"47105","5","518210","78","0","2023","4","N",9,0,0,0,0,0,0,0,"N",1.40,0,0,0,0,0,0,0,"N",0,0.0,0,0,0,0,0,0,0,0,0,0,0,0,0,0
"47107","5","518210","78","0","2023","4","",5,6,6,6,153769,220,1,1971,"",0.99,0.11,0.11,0.11,0.09,0.01,0.00,0.84,"",0,0.0,-1,-14.3,-1,-14.3,-1,-14.3,63374,70.1,220,100.0,1,100.0,978,98.5
"47109","5","518210","78","0","2023","4","N",1,0,0,0,0,0,0,0,"N",0.41,0,0,0,0,0,0,0,"N",0,0.0,0,0,0,0,0,0,0,0,0,0,0,0,0,0
"47111","5","518210","78","0","2023","4","N",1,0,0,0,0,0,0,0,"N",0.53,0,0,0,0,0,0,0,"N",0,0.0,0,0,0,0,0,0,0,0,0,0,0,0,0,0
"47113","3","518210","78","0","2023","4","",1,23,23,23,390268,0,0,1305,"",41.15,20.49,20.34,20.54,19.51,0.00,0.00,0.95,"",0,0.0,0,0.0,0,0.0,0,0.0,-76094,-16.3,0,0.0,0,0.0,-255,-16.3
"47113","5","518210","78","0","2023","4","N",6,0,0,0,0,0,0,0,"N",0.44,0,0,0,0,0,0,0,"N",-2,-25.0,0,0,0,0,0,0,0,0,0,0,0,0,0,0
"47115","5","518210","78","0","2023","4","N",2,0,0,0,0,0,0,0,"N",0.77,0,0,0,0,0,0,0,"N",0,0.0,0,0,0,0,0,0,0,0,0,0,0,0,0,0
"47119","5","518210","78","0","2023","4","",15,39,39,40,1091162,20134,48,2134,"",1.07,0.30,0.30,0.30,0.23,0.24,0.05,0.75,"",4,36.4,15,62.5,15,62.5,14,53.8,397388,57.3,19701,4549.9,42,700.0,-30,-1.4
"47125","5","518210","78","0","2023","4","",25,30,30,31,745378,26279,543,1890,"",1.16,0.15,0.15,0.16,0.12,0.21,0.41,0.79,"",2,8.7,4,15.4,5,20.0,5,19.2,177450,31.2,-3535,-11.9,-252,-31.7,188,11.0
"47129","5","518210","78","0","2023","4","N",1,0,0,0,0,0,0,0,"N",0.90,0,0,0,0,0,0,0,"N",1,100.0,0,0,0,0,0,0,0,0,0,0,0,0,0,0
"47131","5","518210","78","0","2023","4","N",1,0,0,0,0,0,0,0,"N",0.29,0,0,0,0,0,0,0,"N",1,100.0,0,0,0,0,0,0,0,0,0,0,0,0,0,0
"47135","5","518210","78","0","2023","4","N",1,0,0,0,0,0,0,0,"N",1.37,0,0,0,0,0,0,0,"N",0,0.0,0,0,0,0,0,0,0,0,0,0,0,0,0,0
"47141","5","518210","78","0","2023","4","N",6,0,0,0,0,0,0,0,"N",0.52,0,0,0,0,0,0,0,"N",0,0.0,0,0,0,0,0,0,0,0,0,0,0,0,0,0
"47143","5","518210","78","0","2023","4","N",2,0,0,0,0,0,0,0,"N",0.69,0,0,0,0,0,0,0,"N",1,100.0,0,0,0,0,0,0,0,0,0,0,0,0,0,0
"47145","5","518210","78","0","2023","4","N",4,0,0,0,0,0,0,0,"N",0.84,0,0,0,0,0,0,0,"N",2,100.0,0,0,0,0,0,0,0,0,0,0,0,0,0,0
"47147","5","518210","78","0","2023","4","N",3,0,0,0,0,0,0,0,"N",0.40,0,0,0,0,0,0,0,"N",1,50.0,0,0,0,0,0,0,0,0,0,0,0,0,0,0
"47149","5","518210","78","0","2023","4","",36,35,35,35,672760,27824,730,1479,"",0.92,0.08,0.08,0.08,0.04,0.09,0.22,0.52,"",9,33.3,-5,-12.5,-4,-10.3,-4,-10.3,-301684,-31.0,8119,41.2,216,42.0,-427,-22.4
"47151","5","518210","78","0","2023","4","N",1,0,0,0,0,0,0,0,"N",0.53,0,0,0,0,0,0,0,"N",0,0.0,0,0,0,0,0,0,0,0,0,0,0,0,0,0
"47153","5","518210","78","0","2023","4","N",1,0,0,0,0,0,0,0,"N",0.71,0,0,0,0,0,0,0,"N",1,100.0,0,0,0,0,0,0,0,0,0,0,0,0,0,0
"47155","5","518210","78","0","2023","4","N",10,0,0,0,0,0,0,0,"N",0.63,0,0,0,0,0,0,0,"N",1,11.1,0,0,0,0,0,0,0,0,0,0,0,0,0,0
"47157","5","518210","78","0","2023","4","",112,474,477,481,15824652,282400,5742,2550,"",1.00,0.31,0.31,0.31,0.24,0.31,0.65,0.78,"",6,5.7,4,0.9,6,1.3,-18,-3.6,2342019,17.4,-171005,-37.7,-3395,-37.2,389,18.0
"47159","5","518210","78","0","2023","4","N",1,0,0,0,0,0,0,0,"N",0.53,0,0,0,0,0,0,0,"N",0,0.0,0,0,0,0,0,0,0,0,0,0,0,0,0,0
"47161","5","518210","78","0","2023","4","N",1,0,0,0,0,0,0,0,"N",0.81,0,0,0,0,0,0,0,"N",1,100.0,0,0,0,0,0,0,0,0,0,0,0,0,0,0
"47163","5","518210","78","0","2023","4","N",12,0,0,0,0,0,0,0,"N",0.63,0,0,0,0,0,0,0,"N",2,20.0,0,0,0,0,0,0,0,0,0,0,0,0,0,0
"47165","5","518210","78","0","2023","4","",38,140,138,137,4461287,42091,530,2481,"",1.52,0.73,0.72,0.70,0.65,0.32,0.39,0.91,"",9,31.0,24,20.7,19,16.0,15,12.3,-192809,-4.1,-19437,-31.6,-634,-54.5,-527,-17.5
"47167","5","518210","78","0","2023","4","N",1,0,0,0,0,0,0,0,"N",0.23,0,0,0,0,0,0,0,"N",0,0.0,0,0,0,0,0,0,0,0,0,0,0,0,0,0
"47171","5","518210","78","0","2023","4","N",1,0,0,0,0,0,0,0,"N",0.66,0,0,0,0,0,0,0,"N",0,0.0,0,0,0,0,0,0,0,0,0,0,0,0,0,0
"47173","5","518210","78","0","2023","4","N",1,0,0,0,0,0,0,0,"N",0.75,0,0,0,0,0,0,0,"N",0,0.0,0,0,0,0,0,0,0,0,0,0,0,0,0,0
"47175","5","518210","78","0","2023","4","N",1,0,0,0,0,0,0,0,"N",2.82,0,0,0,0,0,0,0,"N",1,100.0,0,0,0,0,0,0,0,0,0,0,0,0,0,0
"47177","5","518210","78","0","2023","4","N",2,0,0,0,0,0,0,0,"N",0.44,0,0,0,0,0,0,0,"N",1,100.0,0,0,0,0,0,0,0,0,0,0,0,0,0,0
"47179","5","518210","78","0","2023","4","",20,30,31,31,842504,14487,335,2113,"",1.11,0.15,0.15,0.15,0.12,0.14,0.35,0.83,"N",6,42.9,0,0,0,0,0,0,0,0,0,0,0,0,0,0
"47183","5","518210","78","0","2023","4","N",1,0,0,0,0,0,0,0,"N",0.32,0,0,0,0,0,0,0,"N",1,100.0,0,0,0,0,0,0,0,0,0,0,0,0,0,0
"47185","5","518210","78","0","2023","4","N",1,0,0,0,0,0,0,0,"N",0.38,0,0,0,0,0,0,0,"N",1,100.0,0,0,0,0,0,0,0,0,0,0,0,0,0,0
"47187","5","518210","78","0","2023","4","",137,1292,1278,1293,46821847,360053,5462,2797,"",2.06,2.65,2.60,2.62,1.88,1.17,1.51,0.72,"",21,18.1,-14,-1.1,-32,-2.4,-31,-2.3,10031002,27.3,-139966,-28.0,-1793,-24.7,642,29.8
"47189","5","518210","78","0","2023","4","",20,40,39,41,1224879,1292,35,2356,"",0.96,0.20,0.19,0.19,0.17,0.01,0.02,0.92,"",2,11.1,0,0.0,-1,-2.5,0,0.0,191502,18.5,-46215,-97.3,-672,-95.0,385,19.5
"47999","5","518210","78","0","2023","4","",213,1858,1858,1863,58234887,1336446,21113,2409,"",2.29,5.54,5.50,5.49,2.99,4.96,4.65,0.54,"",33,18.3,-1411,-43.2,-1449,-43.8,-1485,-44.4,-53562711,-47.9,-1245802,-48.2,-4236,-16.7,-191,-7.3
"48000","5","518210","58","0","2023","4","",3251,47939,47841,47951,1919086365,29346661,593305,3081,"",0.86,1.11,1.11,1.11,1.02,0.94,1.10,0.91,"",248,8.3,-1347,-2.7,-2206,-4.4,-2108,-4.2,134135792,7.5,-10781619,-26.9,-279448,-32.0,324,11.8
"48001","5","518210","78","0","2023","4","",13,128,128,130,5394934,80596,758,3225,"",1.70,2.05,2.04,2.08,2.41,1.82,1.25,1.17,"",-2,-13.3,-29,-18.5,-38,-22.9,-42,-24.4,-1331291,-19.8,-109424,-57.6,-1413,-65.1,89,2.8
"48005","5","518210","78","0","2023","4","N",2,0,0,0,0,0,0,0,"N",0.23,0,0,0,0,0,0,0,"N",0,0.0,0,0,0,0,0,0,0,0,0,0,0,0,0,0
"48007","5","518210","78","0","2023","4","N",1,0,0,0,0,0,0,0,"N",0.32,0,0,0,0,0,0,0,"N",0,0.0,0,0,0,0,0,0,0,0,0,0,0,0,0,0
"48013","5","518210","78","0","2023","4","N",1,0,0,0,0,0,0,0,"N",0.24,0,0,0,0,0,0,0,"N",0,0.0,0,0,0,0,0,0,0,0,0,0,0,0,0,0
"48015","5","518210","78","0","2023","4","",13,34,35,39,621242,10412,24,1327,"",1.88,0.83,0.86,0.95,0.37,0.32,0.05,0.42,"",-3,-18.8,-12,-26.1,-13,-27.1,-9,-18.8,-233519,-27.3,-38557,-78.7,-722,-96.8,-62,-4.5
"48019","5","518210","78","0","2023","4","N",1,0,0,0,0,0,0,0,"N",0.44,0,0,0,0,0,0,0,"N",-1,-50.0,0,0,0,0,0,0,0,0,0,0,0,0,0,0
"48021","5","518210","78","0","2023","4","N",4,0,0,0,0,0,0,0,"N",0.49,0,0,0,0,0,0,0,"N",0,0.0,0,0,0,0,0,0,0,0,0,0,0,0,0,0
"48027","5","518210","78","0","2023","4","",13,93,94,97,2972673,89555,3823,2415,"",0.44,0.23,0.23,0.24,0.21,0.35,1.05,0.88,"",1,8.3,32,52.5,32,51.6,34,54.0,1125426,60.9,-22511,-20.1,-520,-12.0,123,5.4
"48029","5","518210","78","0","2023","4","",105,3825,3780,3863,79341427,1766294,40080,1597,"",0.51,1.31,1.30,1.33,0.71,0.85,1.27,0.54,"",8,8.2,-1343,-26.0,-1314,-25.8,-1262,-24.6,-18206860,-18.7,-1348125,-43.3,-29303,-42.2,134,9.2
"48031","5","518210","78","0","2023","4","N",1,0,0,0,0,0,0,0,"N",0.46,0,0,0,0,0,0,0,"N",0,0.0,0,0,0,0,0,0,0,0,0,0,0,0,0,0
"48033","5","518210","78","0","2023","4","N",1,0,0,0,0,0,0,0,"N",2.71,0,0,0,0,0,0,0,"N",0,0.0,0,0,0,0,0,0,0,0,0,0,0,0,0,0
"48035","5","518210","78","0","2023","4","-",0,0,0,0,0,0,0,0,"N",0.00,0,0,0,0,0,0,0,"N",-2,-100.0,0,0,0,0,0,0,0,0,0,0,0,0,0,0
"48037","5","518210","78","0","2023","4","",3,13,11,11,222194,510,32,1465,"",0.27,0.10,0.09,0.09,0.05,0.01,0.03,0.59,"N",-1,-25.0,0,0,0,0,0,0,0,0,0,0,0,0,0,0
"48039","5","518210","78","0","2023","4","",9,32,32,31,431274,29664,175,1048,"",0.29,0.09,0.08,0.08,0.03,0.11,0.03,0.34,"",2,28.6,7,28.0,9,39.1,8,34.8,153334,55.2,28560,2587.0,140,400.0,145,16.1
"48041","5","518210","78","0","2023","4","",15,122,124,121,3177581,63371,836,1998,"",0.64,0.31,0.32,0.31,0.25,0.30,0.27,0.81,"",-2,-11.8,-27,-18.1,-31,-20.0,-33,-21.4,260136,8.9,-13515,-17.6,-393,-32.0,528,35.9
"48049","5","518210","78","0","2023","4","N",2,0,0,0,0,0,0,0,"N",0.47,0,0,0,0,0,0,0,"N",0,0.0,0,0,0,0,0,0,0,0,0,0,0,0,0,0
"48053","5","518210","78","0","2023","4","N",3,0,0,0,0,0,0,0,"N",0.39,0,0,0,0,0,0,0,"N",0,0.0,0,0,0,0,0,0,0,0,0,0,0,0,0,0
"48055","5","518210","78","0","2023","4","N",2,0,0,0,0,0,0,0,"N",0.50,0,0,0,0,0,0,0,"N",0,0.0,0,0,0,0,0,0,0,0,0,0,0,0,0,0
"48057","5","518210","78","0","2023","4","",4,31,34,34,1421849,69954,1717,3314,"",1.28,0.74,0.81,0.80,0.71,2.16,1.29,0.90,"",0,0.0,12,63.2,13,61.9,13,61.9,668316,88.7,31308,81.0,889,107.4,463,16.2
"48059","5","518210","78","0","2023","4","N",1,0,0,0,0,0,0,0,"N",0.66,0,0,0,0,0,0,0,"N",1,100.0,0,0,0,0,0,0,0,0,0,0,0,0,0,0
"48061","5","518210","78","0","2023","4","",4,8,8,8,126658,6644,15,1218,"",0.12,0.02,0.02,0.02,0.01,0.02,0.00,0.60,"",-2,-33.3,0,0.0,0,0.0,-2,-20.0,109,0.1,-5394,-44.8,-578,-97.5,95,8.5
"48067","5","518210","78","0","2023","4","N",1,0,0,0,0,0,0,0,"N",0.39,0,0,0,0,0,0,0,"N",1,100.0,0,0,0,0,0,0,0,0,0,0,0,0,0,0
"48079","5","518210","78","0","2023","4","N",1,0,0,0,0,0,0,0,"N",1.74,0,0,0,0,0,0,0,"N",1,100.0,0,0,0,0,0,0,0,0,0,0,0,0,0,0
"48085","5","518210","78","0","2023","4","",208,6879,6849,6735,214073609,3993072,136226,2414,"",1.33,4.13,4.10,4.02,2.56,3.32,7.33,0.63,"",12,6.1,517,8.1,440,6.9,316,4.9,24217410,12.8,-480114,-10.7,-24857,-15.4,131,5.7
"48091","5","518210","78","0","2023","4","N",10,0,0,0,0,0,0,0,"N",0.44,0,0,0,0,0,0,0,"N",-1,-9.1,0,0,0,0,0,0,0,0,0,0,0,0,0,0
"48097","5","518210","78","0","2023","4","N",2,0,0,0,0,0,0,0,"N",0.40,0,0,0,0,0,0,0,"N",0,0.0,0,0,0,0,0,0,0,0,0,0,0,0,0,0
"48099","5","518210","78","0","2023","4","N",3,0,0,0,0,0,0,0,"N",0.64,0,0,0,0,0,0,0,"N",-1,-25.0,0,0,0,0,0,0,0,0,0,0,0,0,0,0
"48101","5","518210","78","0","2023","4","N",2,0,0,0,0,0,0,0,"N",2.53,0,0,0,0,0,0,0,"N",-1,-33.3,0,0,0,0,0,0,0,0,0,0,0,0,0,0
"48111","5","518210","78","0","2023","4","N",1,0,0,0,0,0,0,0,"N",0.55,0,0,0,0,0,0,0,"N",0,0.0,0,0,0,0,0,0,0,0,0,0,0,0,0,0
"48113","5","518210","78","0","2023","4","",304,5876,5955,5991,212276953,4453380,79367,2749,"",0.79,1.02,1.03,1.04,0.71,1.03,1.10,0.69,"",-14,-4.4,-746,-11.3,-738,-11.0,-719,-10.7,-5688410,-2.6,-684609,-13.3,-31840,-28.6,237,9.4
"48121","5","518210","78","0","2023","4","",86,817,828,817,31999961,526313,6432,2999,"",0.93,0.84,0.85,0.83,0.86,0.72,0.60,1.02,"",-14,-14.0,-354,-30.2,-355,-30.0,-359,-30.5,-5168005,-13.9,-241214,-31.4,-13933,-68.4,569,23.4
"48139","5","518210","78","0","2023","4","",13,114,112,118,4630096,32150,242,3106,"",0.74,0.59,0.58,0.62,0.71,0.22,0.13,1.19,"",2,18.2,2,1.8,-3,-2.6,1,0.9,983462,27.0,-66325,-67.4,-726,-75.0,660,27.0
"48141","5","518210","78","0","2023","4","",35,806,831,837,12339212,1034734,22582,1151,"",0.46,0.79,0.81,0.81,0.41,1.48,2.49,0.51,"",-1,-2.8,-273,-25.3,-236,-22.1,-268,-24.3,-2675598,-17.8,-432365,-29.5,-18462,-45.0,85,8.0
"48143","5","518210","78","0","2023","4","N",1,0,0,0,0,0,0,0,"N",0.18,0,0,0,0,0,0,0,"N",1,100.0,0,0,0,0,0,0,0,0,0,0,0,0,0,0
"48145","5","518210","78","0","2023","4","N",2,0,0,0,0,0,0,0,"N",1.52,0,0,0,0,0,0,0,"N",0,0.0,0,0,0,0,0,0,0,0,0,0,0,0,0,0
"48147","5","518210","78","0","2023","4","N",1,0,0,0,0,0,0,0,"N",0.35,0,0,0,0,0,0,0,"N",-1,-50.0,0,0,0,0,0,0,0,0,0,0,0,0,0,0
"48157","5","518210","78","0","2023","4","",50,336,324,332,9026836,191050,5329,2100,"",0.61,0.44,0.42,0.43,0.32,0.35,0.63,0.75,"",-5,-9.1,-1,-0.3,-46,-12.4,-40,-10.8,-702457,-7.2,-139126,-42.1,-1736,-24.6,19,0.9
"48159","5","518210","78","0","2023","4","N",1,0,0,0,0,0,0,0,"N",0.53,0,0,0,0,0,0,0,"N",0,0.0,0,0,0,0,0,0,0,0,0,0,0,0,0,0
"48163","5","518210","78","0","2023","4","N",1,0,0,0,0,0,0,0,"N",0.55,0,0,0,0,0,0,0,"N",0,0.0,0,0,0,0,0,0,0,0,0,0,0,0,0,0
"48167","5","518210","78","0","2023","4","",10,30,33,32,1028617,35365,943,2499,"",0.32,0.08,0.09,0.08,0.07,0.14,0.19,0.87,"",0,0.0,-12,-28.6,-7,-17.5,-8,-20.0,-509841,-33.1,-23015,-39.4,-390,-29.3,-411,-14.1
"48173","5","518210","78","0","2023","4","N",1,0,0,0,0,0,0,0,"N",1.61,0,0,0,0,0,0,0,"N",1,100.0,0,0,0,0,0,0,0,0,0,0,0,0,0,0
"48177","5","518210","78","0","2023","4","N",1,0,0,0,0,0,0,0,"N",0.40,0,0,0,0,0,0,0,"N",1,100.0,0,0,0,0,0,0,0,0,0,0,0,0,0,0
"48181","5","518210","78","0","2023","4","",4,14,14,17,269704,37008,173,1383,"",0.27,0.09,0.09,0.10,0.05,0.29,0.10,0.53,"N",1,33.3,0,0,0,0,0,0,0,0,0,0,0,0,0,0
"48183","5","518210","78","0","2023","4","N",1,0,0,0,0,0,0,0,"N",0.05,0,0,0,0,0,0,0,"N",0,0.0,0,0,0,0,0,0,0,0,0,0,0,0,0,0
"48187","5","518210","78","0","2023","4","",4,16,17,16,580525,20039,570,2734,"",0.33,0.11,0.11,0.11,0.11,0.19,0.37,1.01,"N",2,100.0,0,0,0,0,0,0,0,0,0,0,0,0,0,0
"48189","5","518210","78","0","2023","4","N",1,0,0,0,0,0,0,0,"N",0.26,0,0,0,0,0,0,0,"N",0,0.0,0,0,0,0,0,0,0,0,0,0,0,0,0,0
"48199","5","518210","78","0","2023","4","N",2,0,0,0,0,0,0,0,"N",0.45,0,0,0,0,0,0,0,"N",-1,-33.3,0,0,0,0,0,0,0,0,0,0,0,0,0,0
"48201","5","518210","78","0","2023","4","",285,2979,2997,3066,98059689,2296435,46938,2503,"",0.50,0.39,0.39,0.40,0.25,0.43,0.42,0.64,"",-8,-2.7,147,5.2,86,3.0,99,3.3,11460379,13.2,-424293,-15.6,-9389,-16.7,209,9.1
"48203","5","518210","78","0","2023","4","",5,16,19,19,527795,26075,187,2256,"",0.76,0.23,0.28,0.28,0.21,0.63,0.22,0.79,"N",2,66.7,0,0,0,0,0,0,0,0,0,0,0,0,0,0
"48209","5","518210","78","0","2023","4","",24,95,91,88,2207388,48928,1162,1859,"",0.87,0.33,0.31,0.30,0.23,0.22,0.37,0.75,"",5,26.3,35,58.3,31,51.7,31,54.4,735133,49.9,17700,56.7,171,17.3,-60,-3.1
"48213","5","518210","78","0","2023","4","N",4,0,0,0,0,0,0,0,"N",0.54,0,0,0,0,0,0,0,"N",1,33.3,0,0,0,0,0,0,0,0,0,0,0,0,0,0
"48215","5","518210","78","0","2023","4","N",9,0,0,0,0,0,0,0,"N",0.14,0,0,0,0,0,0,0,"N",-2,-18.2,0,0,0,0,0,0,0,0,0,0,0,0,0,0
"48221","5","518210","78","0","2023","4","N",2,0,0,0,0,0,0,0,"N",0.26,0,0,0,0,0,0,0,"N",0,0.0,0,0,0,0,0,0,0,0,0,0,0,0,0,0
"48223","5","518210","78","0","2023","4","N",2,0,0,0,0,0,0,0,"N",0.45,0,0,0,0,0,0,0,"N",0,0.0,0,0,0,0,0,0,0,0,0,0,0,0,0,0
"48225","5","518210","78","0","2023","4","N",7,0,0,0,0,0,0,0,"N",1.47,0,0,0,0,0,0,0,"N",2,40.0,0,0,0,0,0,0,0,0,0,0,0,0,0,0
"48227","5","518210","78","0","2023","4","N",1,0,0,0,0,0,0,0,"N",0.24,0,0,0,0,0,0,0,"N",-2,-66.7,0,0,0,0,0,0,0,0,0,0,0,0,0,0
"48231","5","518210","78","0","2023","4","",4,4,4,3,66072,1332,44,1386,"",0.49,0.04,0.04,0.03,0.02,0.02,0.06,0.50,"",1,33.3,0,0.0,0,0.0,-1,-25.0,-52394,-44.2,-812,-37.9,-18,-29.0,-892,-39.2
"48245","5","518210","78","0","2023","4","N",1,0,0,0,0,0,0,0,"N",0.04,0,0,0,0,0,0,0,"N",-2,-66.7,0,0,0,0,0,0,0,0,0,0,0,0,0,0
"48251","5","518210","78","0","2023","4","",4,126,122,128,3005517,314903,2533,1845,"",0.22,0.70,0.68,0.71,0.49,2.23,0.95,0.71,"N",0,0.0,0,0,0,0,0,0,0,0,0,0,0,0,0,0
"48257","5","518210","78","0","2023","4","N",2,0,0,0,0,0,0,0,"N",0.17,0,0,0,0,0,0,0,"N",0,0.0,0,0,0,0,0,0,0,0,0,0,0,0,0,0
"48259","5","518210","78","0","2023","4","",3,11,12,11,209224,18461,57,1420,"",0.35,0.17,0.19,0.17,0.08,0.36,0.07,0.48,"",0,0.0,4,57.1,6,100.0,6,120.0,132118,171.3,17205,1369.8,53,1325.0,431,43.6
"48265","5","518210","78","0","2023","4","N",2,0,0,0,0,0,0,0,"N",0.28,0,0,0,0,0,0,0,"N",1,100.0,0,0,0,0,0,0,0,0,0,0,0,0,0,0
"48273","5","518210","78","0","2023","4","N",1,0,0,0,0,0,0,0,"N",0.35,0,0,0,0,0,0,0,"N",1,100.0,0,0,0,0,0,0,0,0,0,0,0,0,0,0
"48277","5","518210","78","0","2023","4","N",1,0,0,0,0,0,0,0,"N",0.16,0,0,0,0,0,0,0,"N",0,0.0,0,0,0,0,0,0,0,0,0,0,0,0,0,0
"48281","5","518210","78","0","2023","4","N",1,0,0,0,0,0,0,0,"N",0.46,0,0,0,0,0,0,0,"N",0,0.0,0,0,0,0,0,0,0,0,0,0,0,0,0,0
"48285","5","518210","78","0","2023","4","N",2,0,0,0,0,0,0,0,"N",0.88,0,0,0,0,0,0,0,"N",0,0.0,0,0,0,0,0,0,0,0,0,0,0,0,0,0
"48289","5","518210","78","0","2023","4","N",1,0,0,0,0,0,0,0,"N",0.52,0,0,0,0,0,0,0,"N",0,0.0,0,0,0,0,0,0,0,0,0,0,0,0,0,0
"48291","5","518210","78","0","2023","4","N",1,0,0,0,0,0,0,0,"N",0.17,0,0,0,0,0,0,0,"N",0,0.0,0,0,0,0,0,0,0,0,0,0,0,0,0,0
"48299","5","518210","78","0","2023","4","N",2,0,0,0,0,0,0,0,"N",0.71,0,0,0,0,0,0,0,"N",0,0.0,0,0,0,0,0,0,0,0,0,0,0,0,0,0
"48303","5","518210","78","0","2023","4","N",10,0,0,0,0,0,0,0,"N",0.27,0,0,0,0,0,0,0,"N",-3,-23.1,0,0,0,0,0,0,0,0,0,0,0,0,0,0
"48309","5","518210","78","0","2023","4","",13,48,49,49,863998,20232,290,1366,"",0.48,0.12,0.13,0.13,0.06,0.08,0.08,0.50,"",1,8.3,0,0.0,1,2.1,2,4.3,-1647149,-65.6,-15960,-44.1,-378,-56.6,-2686,-66.3
"48315","5","518210","78","0","2023","4","N",2,0,0,0,0,0,0,0,"N",2.56,0,0,0,0,0,0,0,"N",0,0.0,0,0,0,0,0,0,0,0,0,0,0,0,0,0
"48321","5","518210","78","0","2023","4","N",1,0,0,0,0,0,0,0,"N",0.27,0,0,0,0,0,0,0,"N",0,0.0,0,0,0,0,0,0,0,0,0,0,0,0,0,0
"48325","5","518210","78","0","2023","4","N",1,0,0,0,0,0,0,0,"N",0.25,0,0,0,0,0,0,0,"N",-1,-50.0,0,0,0,0,0,0,0,0,0,0,0,0,0,0
"48329","5","518210","78","0","2023","4","",4,23,25,27,455340,21861,62,1401,"",0.14,0.06,0.07,0.07,0.02,0.07,0.01,0.32,"N",1,33.3,0,0,0,0,0,0,0,0,0,0,0,0,0,0
"48331","5","518210","78","0","2023","4","N",2,0,0,0,0,0,0,0,"N",0.86,0,0,0,0,0,0,0,"N",0,0.0,0,0,0,0,0,0,0,0,0,0,0,0,0,0
"48339","5","518210","78","0","2023","4","",44,335,311,323,7955451,123343,2385,1895,"",0.65,0.48,0.44,0.46,0.27,0.25,0.30,0.59,"",-3,-6.4,-78,-18.9,-99,-24.1,-59,-15.4,-702273,-8.1,-162459,-56.8,-6870,-74.2,237,14.3
"48341","5","518210","78","0","2023","4","N",1,0,0,0,0,0,0,0,"N",0.41,0,0,0,0,0,0,0,"N",0,0.0,0,0,0,0,0,0,0,0,0,0,0,0,0,0
"48347","5","518210","78","0","2023","4","N",3,0,0,0,0,0,0,0,"N",0.46,0,0,0,0,0,0,0,"N",0,0.0,0,0,0,0,0,0,0,0,0,0,0,0,0,0
"48355","5","518210","78","0","2023","4","N",4,0,0,0,0,0,0,0,"N",0.10,0,0,0,0,0,0,0,"N",-1,-20.0,0,0,0,0,0,0,0,0,0,0,0,0,0,0
"48361","5","518210","78","0","2023","4","N",2,0,0,0,0,0,0,0,"N",0.30,0,0,0,0,0,0,0,"N",0,0.0,0,0,0,0,0,0,0,0,0,0,0,0,0,0
"48363","5","518210","78","0","2023","4","N",1,0,0,0,0,0,0,0,"N",0.30,0,0,0,0,0,0,0,"N",0,0.0,0,0,0,0,0,0,0,0,0,0,0,0,0,0
"48367","5","518210","78","0","2023","4","",4,40,42,44,571362,31768,770,1046,"",0.24,0.31,0.33,0.35,0.13,0.33,0.59,0.39,"",0,0.0,18,81.8,17,68.0,20,83.3,-77831,-12.0,-22514,-41.5,70,10.0,-1064,-50.4
"48371","5","518210","78","0","2023","4","N",1,0,0,0,0,0,0,0,"N",0.47,0,0,0,0,0,0,0,"N",-1,-50.0,0,0,0,0,0,0,0,0,0,0,0,0,0,0
"48373","5","518210","78","0","2023","4","",3,6,6,6,186300,0,0,2388,"",0.70,0.15,0.15,0.15,0.15,0.00,0.00,0.99,"N",-1,-25.0,0,0,0,0,0,0,0,0,0,0,0,0,0,0
"48375","5","518210","78","0","2023","4","",5,83,82,85,2687785,75075,1455,2481,"",0.27,0.34,0.34,0.35,0.31,0.48,0.78,0.91,"",-2,-28.6,5,6.4,4,5.1,3,3.7,651194,32.0,-15708,-17.3,-1071,-42.4,506,25.6
"48377","5","518210","78","0","2023","4","N",1,0,0,0,0,0,0,0,"N",1.11,0,0,0,0,0,0,0,"N",1,100.0,0,0,0,0,0,0,0,0,0,0,0,0,0,0
"48381","5","518210","78","0","2023","4","N",2,0,0,0,0,0,0,0,"N",0.16,0,0,0,0,0,0,0,"N",1,100.0,0,0,0,0,0,0,0,0,0,0,0,0,0,0
"48383","5","518210","78","0","2023","4","N",2,0,0,0,0,0,0,0,"N",2.85,0,0,0,0,0,0,0,"N",2,100.0,0,0,0,0,0,0,0,0,0,0,0,0,0,0
"48389","5","518210","78","0","2023","4","N",2,0,0,0,0,0,0,0,"N",0.91,0,0,0,0,0,0,0,"N",2,100.0,0,0,0,0,0,0,0,0,0,0,0,0,0,0
"48397","5","518210","78","0","2023","4","",12,34,34,36,844151,42840,506,1873,"",0.80,0.27,0.27,0.28,0.19,0.39,0.35,0.69,"",3,33.3,1,3.0,0,0.0,3,9.1,60672,7.7,11825,38.1,-90,-15.1,65,3.6
"48401","5","518210","78","0","2023","4","N",1,0,0,0,0,0,0,0,"N",0.25,0,0,0,0,0,0,0,"N",0,0.0,0,0,0,0,0,0,0,0,0,0,0,0,0,0
"48403","5","518210","78","0","2023","4","N",1,0,0,0,0,0,0,0,"N",0.97,0,0,0,0,0,0,0,"N",0,0.0,0,0,0,0,0,0,0,0,0,0,0,0,0,0
"48407","5","518210","78","0","2023","4","N",1,0,0,0,0,0,0,0,"N",0.75,0,0,0,0,0,0,0,"N",0,0.0,0,0,0,0,0,0,0,0,0,0,0,0,0,0
"48409","5","518210","78","0","2023","4","N",1,0,0,0,0,0,0,0,"N",0.18,0,0,0,0,0,0,0,"N",0,0.0,0,0,0,0,0,0,0,0,0,0,0,0,0,0
"48419","5","518210","78","0","2023","4","N",1,0,0,0,0,0,0,0,"N",0.36,0,0,0,0,0,0,0,"N",0,0.0,0,0,0,0,0,0,0,0,0,0,0,0,0,0
"48423","5","518210","78","0","2023","4","",13,24,26,25,773561,21276,54,2380,"",0.42,0.07,0.07,0.07,0.06,0.08,0.02,0.89,"",0,0.0,1,4.3,2,8.3,-1,-3.8,88198,12.9,-1767,-7.7,-331,-86.0,213,9.8
"48427","5","518210","78","0","2023","4","N",1,0,0,0,0,0,0,0,"N",0.34,0,0,0,0,0,0,0,"N",1,100.0,0,0,0,0,0,0,0,0,0,0,0,0,0,0
"48439","5","518210","78","0","2023","4","",130,1000,1015,1026,41370122,643517,11157,3139,"",0.57,0.32,0.32,0.33,0.31,0.28,0.33,0.95,"",-7,-5.1,-274,-21.5,-235,-18.8,-193,-15.8,-243791,-0.6,-533102,-45.3,-17146,-60.6,573,22.3
"48441","5","518210","78","0","2023","4","N",3,0,0,0,0,0,0,0,"N",0.17,0,0,0,0,0,0,0,"N",0,0.0,0,0,0,0,0,0,0,0,0,0,0,0,0,0
"48451","5","518210","78","0","2023","4","N",3,0,0,0,0,0,0,0,"N",0.21,0,0,0,0,0,0,0,"N",1,50.0,0,0,0,0,0,0,0,0,0,0,0,0,0,0
"48453","5","518210","78","0","2023","4","",461,10690,10571,10533,565172667,4661540,83778,4102,"",1.96,3.77,3.72,3.70,3.55,2.35,2.50,0.95,"",-9,-1.9,-561,-5.0,-895,-7.8,-844,-7.4,38090493,7.2,-3551819,-43.2,-51309,-38.0,534,15.0
"48459","5","518210","78","0","2023","4","N",1,0,0,0,0,0,0,0,"N",0.38,0,0,0,0,0,0,0,"N",-1,-50.0,0,0,0,0,0,0,0,0,0,0,0,0,0,0
"48465","5","518210","78","0","2023","4","N",1,0,0,0,0,0,0,0,"N",0.23,0,0,0,0,0,0,0,"N",0,0.0,0,0,0,0,0,0,0,0,0,0,0,0,0,0
"48469","5","518210","78","0","2023","4","-",0,0,0,0,0,0,0,0,"N",0.00,0,0,0,0,0,0,0,"N",-1,-100.0,0,0,0,0,0,0,0,0,0,0,0,0,0,0
"48475","5","518210","78","0","2023","4","",3,20,20,19,665947,6632,221,2605,"",1.63,1.09,1.10,1.04,0.80,0.42,0.61,0.74,"N",1,50.0,0,0,0,0,0,0,0,0,0,0,0,0,0,0
"48479","5","518210","78","0","2023","4","N",2,0,0,0,0,0,0,0,"N",0.07,0,0,0,0,0,0,0,"N",0,0.0,0,0,0,0,0,0,0,0,0,0,0,0,0,0
"48485","5","518210","78","0","2023","4","N",3,0,0,0,0,0,0,0,"N",0.20,0,0,0,0,0,0,0,"N",-2,-40.0,0,0,0,0,0,0,0,0,0,0,0,0,0,0
"48491","5","518210","78","0","2023","4","",86,296,298,290,8909470,292216,7825,2326,"",1.23,0.42,0.42,0.41,0.29,0.58,1.21,0.69,"",2,2.4,37,14.3,41,16.0,37,14.6,498555,5.9,-3267,-1.1,1373,21.3,-198,-7.8
"48497","5","518210","78","0","2023","4","N",2,0,0,0,0,0,0,0,"N",0.27,0,0,0,0,0,0,0,"N",0,0.0,0,0,0,0,0,0,0,0,0,0,0,0,0,0
"48499","5","518210","78","0","2023","4","N",2,0,0,0,0,0,0,0,"N",0.47,0,0,0,0,0,0,0,"N",0,0.0,0,0,0,0,0,0,0,0,0,0,0,0,0,0
"48999","5","518210","78","0","2023","4","",1107,11512,11504,11535,574951920,7085846,113994,3840,"",2.73,7.16,7.08,7.15,5.62,4.16,2.80,0.79,"",284,34.5,1450,14.4,1061,10.2,1064,10.2,87686920,18.0,-2492904,-26.0,-68950,-37.7,210,5.8
"49000","5","518210","58","0","2023","4","",825,7368,7264,7303,224731560,32535962,199551,2364,"",1.32,1.38,1.37,1.37,1.07,1.80,1.66,0.78,"",75,10.0,-358,-4.6,-378,-4.9,-378,-4.9,-2229900,-1.0,-3141081,-8.8,-99526,-33.3,92,4.0
"49003","5","518210","78","0","2023","4","N",1,0,0,0,0,0,0,0,"N",0.13,0,0,0,0,0,0,0,"N",0,0.0,0,0,0,0,0,0,0,0,0,0,0,0,0,0
"49005","5","518210","78","0","2023","4","",8,28,29,33,562795,71759,316,1443,"",0.39,0.14,0.15,0.17,0.09,0.12,0.09,0.60,"N",-2,-20.0,0,0,0,0,0,0,0,0,0,0,0,0,0,0
"49007","5","518210","78","0","2023","4","N",1,0,0,0,0,0,0,0,"N",0.34,0,0,0,0,0,0,0,"N",1,100.0,0,0,0,0,0,0,0,0,0,0,0,0,0,0
"49011","5","518210","78","0","2023","4","N",24,0,0,0,0,0,0,0,"N",0.51,0,0,0,0,0,0,0,"N",-5,-17.2,0,0,0,0,0,0,0,0,0,0,0,0,0,0
"49015","5","518210","78","0","2023","4","N",1,0,0,0,0,0,0,0,"N",0.83,0,0,0,0,0,0,0,"N",0,0.0,0,0,0,0,0,0,0,0,0,0,0,0,0,0
"49021","5","518210","78","0","2023","4","N",1,0,0,0,0,0,0,0,"N",0.10,0,0,0,0,0,0,0,"N",0,0.0,0,0,0,0,0,0,0,0,0,0,0,0,0,0
"49035","5","518210","78","0","2023","4","",616,3650,3572,3635,110992734,17839762,123458,2359,"",2.05,1.47,1.44,1.47,0.99,2.08,2.09,0.68,"",67,12.2,2,0.1,-37,-1.0,49,1.4,-1871450,-1.7,-1306379,-6.8,-75603,-38.0,-43,-1.8
"49037","5","518210","78","0","2023","4","N",1,0,0,0,0,0,0,0,"N",0.59,0,0,0,0,0,0,0,"N",0,0.0,0,0,0,0,0,0,0,0,0,0,0,0,0,0
"49039","5","518210","78","0","2023","4","N",2,0,0,0,0,0,0,0,"N",0.59,0,0,0,0,0,0,0,"N",2,100.0,0,0,0,0,0,0,0,0,0,0,0,0,0,0
"49041","5","518210","78","0","2023","4","-",0,0,0,0,0,0,0,0,"N",0.00,0,0,0,0,0,0,0,"N",-1,-100.0,0,0,0,0,0,0,0,0,0,0,0,0,0,0
"49043","5","518210","78","0","2023","4","",15,75,75,68,2456184,182092,1607,2600,"",0.91,0.85,0.83,0.65,0.62,0.47,0.51,0.80,"",0,0.0,3,4.2,3,4.2,-6,-8.1,77136,3.2,-153796,-45.8,-582,-26.6,82,3.3
"49045","5","518210","78","0","2023","4","N",1,0,0,0,0,0,0,0,"N",0.15,0,0,0,0,0,0,0,"N",0,0.0,0,0,0,0,0,0,0,0,0,0,0,0,0,0
"49047","5","518210","78","0","2023","4","N",1,0,0,0,0,0,0,0,"N",0.16,0,0,0,0,0,0,0,"N",0,0.0,0,0,0,0,0,0,0,0,0,0,0,0,0,0
"49049","5","518210","78","0","2023","4","",121,3238,3216,3184,99888941,12929073,66301,2392,"",1.20,3.53,3.52,3.48,2.94,4.11,3.53,0.84,"",18,17.5,-378,-10.5,-358,-10.0,-446,-12.3,-2032018,-2.0,-1359068,-9.5,-16092,-19.5,218,10.0
"49051","5","518210","78","0","2023","4","N",1,0,0,0,0,0,0,0,"N",0.14,0,0,0,0,0,0,0,"N",0,0.0,0,0,0,0,0,0,0,0,0,0,0,0,0,0
"49053","5","518210","78","0","2023","4","",16,161,162,164,5446325,497015,1861,2581,"",0.43,0.61,0.61,0.62,0.70,0.52,0.32,1.15,"",-2,-11.1,-3,-1.8,1,0.6,3,1.9,962618,21.5,-62130,-11.1,-1443,-43.7,452,21.2
"49057","5","518210","78","0","2023","4","",15,83,84,84,1705366,320363,2869,1568,"",0.45,0.22,0.22,0.22,0.13,0.26,0.36,0.60,"",-3,-16.7,24,40.7,24,40.0,24,40.0,246812,16.9,58148,22.2,858,42.7,-312,-16.6
"50000","5","518210","58","0","2023","4","",209,514,516,509,12757818,478515,4263,1913,"",1.44,0.53,0.54,0.53,0.35,0.65,0.29,0.65,"",22,11.8,31,6.4,27,5.5,17,3.5,-80095,-0.6,-108084,-18.4,-912,-17.6,-111,-5.5
"50001","5","518210","78","0","2023","4","N",7,0,0,0,0,0,0,0,"N",0.87,0,0,0,0,0,0,0,"N",1,16.7,0,0,0,0,0,0,0,0,0,0,0,0,0,0
"50003","5","518210","78","0","2023","4","",16,27,27,26,975290,19315,193,2813,"",1.85,0.51,0.52,0.49,0.53,0.44,0.22,1.04,"",1,6.7,-1,-3.6,-3,-10.0,-6,-18.8,134940,16.1,-22742,-54.1,-244,-55.8,658,30.5
"50005","5","518210","78","0","2023","4","N",7,0,0,0,0,0,0,0,"N",1.27,0,0,0,0,0,0,0,"N",2,40.0,0,0,0,0,0,0,0,0,0,0,0,0,0,0
"50007","5","518210","78","0","2023","4","",70,247,244,242,4927297,226930,2458,1551,"",1.65,0.76,0.76,0.75,0.35,0.95,0.53,0.46,"",4,6.1,10,4.2,5,2.1,0,0.0,-481150,-8.9,-127919,-36.0,-541,-18.0,-187,-10.8
"50011","5","518210","78","0","2023","4","",14,17,17,17,390284,33448,307,1766,"",2.01,0.31,0.31,0.32,0.20,0.82,0.45,0.63,"",6,75.0,5,41.7,5,41.7,5,41.7,80741,26.1,26029,350.8,277,923.3,-218,-11.0
"50015","5","518210","78","0","2023","4","",9,51,52,52,1550003,13500,135,2308,"",1.28,1.35,1.41,1.30,1.16,0.35,0.14,0.86,"",2,28.6,5,10.9,6,13.0,6,13.0,157200,11.3,-20916,-60.8,-576,-81.0,-21,-0.9
"50017","5","518210","78","0","2023","4","",8,10,10,9,183619,8067,41,1461,"",1.75,0.40,0.41,0.37,0.22,0.46,0.13,0.56,"",0,0.0,2,25.0,0,0.0,0,0.0,-29755,-13.9,-6257,-43.7,-17,-29.3,-363,-19.9
"50019","5","518210","78","0","2023","4","",7,4,4,4,81466,300,1,1567,"",1.41,0.12,0.12,0.12,0.08,0.01,0.00,0.65,"",-1,-12.5,-3,-42.9,-3,-42.9,-3,-42.9,-84851,-51.0,-14764,-98.0,-127,-99.2,-261,-14.3
"50021","5","518210","78","0","2023","4","",9,33,36,35,473450,39932,159,1051,"",0.75,0.42,0.45,0.44,0.18,0.63,0.11,0.40,"",1,12.5,3,10.0,4,12.5,3,9.4,125367,36.0,26537,198.1,106,200.0,196,22.9
"50023","5","518210","78","0","2023","4","N",18,0,0,0,0,0,0,0,"N",1.27,0,0,0,0,0,0,0,"N",1,5.9,0,0,0,0,0,0,0,0,0,0,0,0,0,0
"50025","5","518210","78","0","2023","4","",16,37,38,38,1092212,13500,54,2231,"",1.43,0.59,0.61,0.59,0.51,0.25,0.05,0.85,"",2,14.3,-1,-2.6,0,0.0,0,0.0,-118981,-9.8,6500,92.9,-16,-22.9,-221,-9.0
"50027","5","518210","78","0","2023","4","",20,29,29,28,1538132,56585,404,4127,"",1.46,0.41,0.41,0.38,0.57,0.96,0.34,1.43,"",2,11.1,2,7.4,3,11.5,2,7.7,101233,7.0,43601,335.8,274,210.8,-70,-1.7
"50999","5","518210","78","0","2023","4","N",8,0,0,0,0,0,0,0,"N",2.23,0,0,0,0,0,0,0,"N",1,14.3,0,0,0,0,0,0,0,0,0,0,0,0,0,0
"51000","2","518210","58","0","2023","4","",7,271,278,284,8028574,0,0,2224,"",14.13,10.46,10.66,10.63,12.30,0.00,0.00,1.16,"",0,0.0,64,30.9,64,29.9,65,29.7,1720570,27.3,0,0.0,0,0.0,-51,-2.2
"51000","3","518210","58","0","2023","4","",5,246,249,217,5948829,0,0,1928,"",1.98,3.27,3.30,2.92,3.68,0.00,0.00,1.16,"",0,0.0,-64,-20.6,-62,-19.9,-100,-31.5,-576468,-8.8,-46989,-100.0,-1283,-100.0,323,20.1
"51000","5","518210","58","0","2023","4","",1425,18568,18904,18968,815066637,21825458,87966,3333,"",1.01,1.46,1.49,1.49,1.41,2.88,1.43,0.95,"",52,3.8,575,3.2,547,3.0,778,4.3,108825743,15.4,1719356,8.6,-113288,-56.3,345,11.5
"51001","5","518210","78","0","2023","4","N",2,0,0,0,0,0,0,0,"N",0.33,0,0,0,0,0,0,0,"N",-6,-75.0,0,0,0,0,0,0,0,0,0,0,0,0,0,0
"51003","5","518210","78","0","2023","4","",19,93,93,96,2789174,252154,1167,2282,"",1.02,0.47,0.47,0.48,0.32,2.93,1.77,0.69,"",3,18.8,39,72.2,40,75.5,44,84.6,662347,31.1,222758,757.8,588,101.6,-805,-26.1
"51009","5","518210","78","0","2023","4","N",2,0,0,0,0,0,0,0,"N",0.56,0,0,0,0,0,0,0,"N",-2,-50.0,0,0,0,0,0,0,0,0,0,0,0,0,0,0
"51011","2","518210","78","0","2023","4","",1,1,1,1,17299,0,0,1331,"",1147.14,43.50,43.99,43.10,55.95,0.00,0.00,1.29,"",0,0.0,0,0.0,0,0.0,0,0.0,3707,27.3,0,0.0,0,0.0,285,27.2
"51011","5","518210","78","0","2023","4","-",0,0,0,0,0,0,0,0,"N",0.00,0,0,0,0,0,0,0,"N",-1,-100.0,0,0,0,0,0,0,0,0,0,0,0,0,0,0
"51013","3","518210","78","0","2023","4","",2,79,80,80,2259997,0,0,2182,"",25.86,23.70,23.97,24.30,19.66,0.00,0.00,0.82,"",0,0.0,1,1.3,2,2.6,1,1.3,207401,10.1,0,0.0,0,0.0,166,8.2
"51013","5","518210","78","0","2023","4","",70,798,791,798,30978647,664695,3997,2995,"",1.63,1.42,1.41,1.42,0.76,2.70,2.13,0.53,"",-2,-2.8,-15,-1.8,-9,-1.1,-26,-3.2,283377,0.9,67860,11.4,-4821,-54.7,88,3.0
"51015","5","518210","78","0","2023","4","N",5,0,0,0,0,0,0,0,"N",0.55,0,0,0,0,0,0,0,"N",2,66.7,0,0,0,0,0,0,0,0,0,0,0,0,0,0
"51017","5","518210","78","0","2023","4","-",0,0,0,0,0,0,0,0,"N",0.00,0,0,0,0,0,0,0,"N",-3,-100.0,0,0,0,0,0,0,0,0,0,0,0,0,0,0
"51019","5","518210","78","0","2023","4","",7,14,14,13,320444,8905,80,1804,"",0.68,0.24,0.24,0.22,0.18,0.25,0.30,0.78,"",-1,-12.5,-2,-12.5,-2,-12.5,-4,-23.5,-18172,-5.4,-1519,-14.6,-57,-41.6,209,13.1
"51021","5","518210","78","0","2023","4","N",1,0,0,0,0,0,0,0,"N",1.26,0,0,0,0,0,0,0,"N",-1,-50.0,0,0,0,0,0,0,0,0,0,0,0,0,0,0
"51023","5","518210","78","0","2023","4","N",2,0,0,0,0,0,0,0,"N",0.45,0,0,0,0,0,0,0,"N",-1,-33.3,0,0,0,0,0,0,0,0,0,0,0,0,0,0
"51025","5","518210","78","0","2023","4","-",0,0,0,0,0,0,0,0,"N",0.00,0,0,0,0,0,0,0,"N",-3,-100.0,0,0,0,0,0,0,0,0,0,0,0,0,0,0
"51029","5","518210","78","0","2023","4","-",0,0,0,0,0,0,0,0,"N",0.00,0,0,0,0,0,0,0,"N",-2,-100.0,0,0,0,0,0,0,0,0,0,0,0,0,0,0
"51031","5","518210","78","0","2023","4","N",3,0,0,0,0,0,0,0,"N",0.36,0,0,0,0,0,0,0,"N",-1,-25.0,0,0,0,0,0,0,0,0,0,0,0,0,0,0
"51033","5","518210","78","0","2023","4","N",3,0,0,0,0,0,0,0,"N",0.85,0,0,0,0,0,0,0,"N",-1,-25.0,0,0,0,0,0,0,0,0,0,0,0,0,0,0
"51035","5","518210","78","0","2023","4","N",1,0,0,0,0,0,0,0,"N",0.33,0,0,0,0,0,0,0,"N",-1,-50.0,0,0,0,0,0,0,0,0,0,0,0,0,0,0
"51037","5","518210","78","0","2023","4","N",3,0,0,0,0,0,0,0,"N",1.03,0,0,0,0,0,0,0,"N",-3,-50.0,0,0,0,0,0,0,0,0,0,0,0,0,0,0
"51041","2","518210","78","0","2023","4","",1,264,271,277,7864434,0,0,2235,"",62.02,289.27,292.32,288.36,411.66,0.00,0.00,1.42,"",0,0.0,63,31.3,63,30.3,64,30.0,1685393,27.3,0,0.0,0,0.0,-57,-2.5
"51041","5","518210","78","0","2023","4","",32,211,210,214,2779350,129513,1368,1010,"",0.70,0.47,0.47,0.47,0.16,0.40,0.64,0.35,"",4,14.3,8,3.9,19,9.9,23,12.0,434682,18.5,-29577,-18.6,-2313,-62.8,85,9.2
"51043","5","518210","78","0","2023","4","N",1,0,0,0,0,0,0,0,"N",0.44,0,0,0,0,0,0,0,"N",-1,-50.0,0,0,0,0,0,0,0,0,0,0,0,0,0,0
"51047","5","518210","78","0","2023","4","N",2,0,0,0,0,0,0,0,"N",0.28,0,0,0,0,0,0,0,"N",2,100.0,0,0,0,0,0,0,0,0,0,0,0,0,0,0
"51049","5","518210","78","0","2023","4","-",0,0,0,0,0,0,0,0,"N",0.00,0,0,0,0,0,0,0,"N",-1,-100.0,0,0,0,0,0,0,0,0,0,0,0,0,0,0
"51051","5","518210","78","0","2023","4","-",0,0,0,0,0,0,0,0,"N",0.00,0,0,0,0,0,0,0,"N",-1,-100.0,0,0,0,0,0,0,0,0,0,0,0,0,0,0
"51053","5","518210","78","0","2023","4","N",1,0,0,0,0,0,0,0,"N",0.39,0,0,0,0,0,0,0,"N",-1,-50.0,0,0,0,0,0,0,0,0,0,0,0,0,0,0
"51057","5","518210","78","0","2023","4","-",0,0,0,0,0,0,0,0,"N",0.00,0,0,0,0,0,0,0,"N",-2,-100.0,0,0,0,0,0,0,0,0,0,0,0,0,0,0
"51059","5","518210","78","0","2023","4","",248,9722,10011,10035,493061449,16044359,37950,3822,"",1.42,4.95,5.10,5.11,3.81,15.10,5.14,0.75,"",-4,-1.6,-12,-0.1,-36,-0.4,150,1.5,57443612,13.2,2213248,16.0,-56526,-59.8,433,12.8
"51061","5","518210","78","0","2023","4","N",8,0,0,0,0,0,0,0,"N",0.67,0,0,0,0,0,0,0,"N",-6,-42.9,0,0,0,0,0,0,0,0,0,0,0,0,0,0
"51065","5","518210","78","0","2023","4","N",1,0,0,0,0,0,0,0,"N",0.34,0,0,0,0,0,0,0,"N",0,0.0,0,0,0,0,0,0,0,0,0,0,0,0,0,0
"51067","5","518210","78","0","2023","4","N",3,0,0,0,0,0,0,0,"N",0.41,0,0,0,0,0,0,0,"N",-3,-50.0,0,0,0,0,0,0,0,0,0,0,0,0,0,0
"51069","5","518210","78","0","2023","4","N",3,0,0,0,0,0,0,0,"N",0.32,0,0,0,0,0,0,0,"N",0,0.0,0,0,0,0,0,0,0,0,0,0,0,0,0,0
"51071","5","518210","78","0","2023","4","N",2,0,0,0,0,0,0,0,"N",1.01,0,0,0,0,0,0,0,"N",0,0.0,0,0,0,0,0,0,0,0,0,0,0,0,0,0
"51073","5","518210","78","0","2023","4","N",2,0,0,0,0,0,0,0,"N",0.38,0,0,0,0,0,0,0,"N",0,0.0,0,0,0,0,0,0,0,0,0,0,0,0,0,0
"51075","5","518210","78","0","2023","4","",7,24,26,26,821299,40000,308,2494,"",1.41,0.41,0.45,0.46,0.22,1.84,1.50,0.49,"N",-6,-46.2,0,0,0,0,0,0,0,0,0,0,0,0,0,0
"51077","5","518210","78","0","2023","4","-",0,0,0,0,0,0,0,0,"N",0.00,0,0,0,0,0,0,0,"N",-2,-100.0,0,0,0,0,0,0,0,0,0,0,0,0,0,0
"51079","5","518210","78","0","2023","4","N",2,0,0,0,0,0,0,0,"N",0.80,0,0,0,0,0,0,0,"N",0,0.0,0,0,0,0,0,0,0,0,0,0,0,0,0,0
"51081","5","518210","78","0","2023","4","N",2,0,0,0,0,0,0,0,"N",1.56,0,0,0,0,0,0,0,"N",-2,-50.0,0,0,0,0,0,0,0,0,0,0,0,0,0,0
"51083","5","518210","78","0","2023","4","N",3,0,0,0,0,0,0,0,"N",0.66,0,0,0,0,0,0,0,"N",1,50.0,0,0,0,0,0,0,0,0,0,0,0,0,0,0
"51085","5","518210","78","0","2023","4","",15,80,79,78,1478647,14666,72,1440,"",0.77,0.43,0.42,0.42,0.23,0.12,0.10,0.55,"",-1,-6.2,-19,-19.2,-19,-19.4,-18,-18.8,-955562,-39.3,-40540,-73.4,-542,-88.3,-477,-24.9
"51087","5","518210","78","0","2023","4","",49,300,295,297,13433750,164345,1210,3475,"",0.87,0.52,0.51,0.51,0.57,0.46,0.42,1.10,"",19,63.3,144,92.3,138,87.9,138,86.8,4447776,49.5,59710,57.1,-655,-35.1,-918,-20.9
"51089","5","518210","78","0","2023","4","N",2,0,0,0,0,0,0,0,"N",0.26,0,0,0,0,0,0,0,"N",1,100.0,0,0,0,0,0,0,0,0,0,0,0,0,0,0
"51091","5","518210","78","0","2023","4","-",0,0,0,0,0,0,0,0,"N",0.00,0,0,0,0,0,0,0,"N",-2,-100.0,0,0,0,0,0,0,0,0,0,0,0,0,0,0
"51093","2","518210","78","0","2023","4","",1,1,1,1,32373,0,0,2490,"",687.79,15.25,15.15,14.74,10.61,0.00,0.00,0.71,"",0,0.0,0,0.0,0,0.0,0,0.0,6938,27.3,0,0.0,0,0.0,533,27.2
"51093","5","518210","78","0","2023","4","N",1,0,0,0,0,0,0,0,"N",0.24,0,0,0,0,0,0,0,"N",-5,-83.3,0,0,0,0,0,0,0,0,0,0,0,0,0,0
"51095","5","518210","78","0","2023","4","",9,15,15,15,410766,4077,39,2106,"",0.91,0.16,0.16,0.16,0.14,0.07,0.09,0.86,"",0,0.0,0,0.0,0,0.0,0,0.0,55223,15.5,-4445,-52.2,5,14.7,283,15.5
"51099","5","518210","78","0","2023","4","N",3,0,0,0,0,0,0,0,"N",0.94,0,0,0,0,0,0,0,"N",-1,-25.0,0,0,0,0,0,0,0,0,0,0,0,0,0,0
"51101","5","518210","78","0","2023","4","-",0,0,0,0,0,0,0,0,"N",0.00,0,0,0,0,0,0,0,"N",-2,-100.0,0,0,0,0,0,0,0,0,0,0,0,0,0,0
"51103","5","518210","78","0","2023","4","N",1,0,0,0,0,0,0,0,"N",0.41,0,0,0,0,0,0,0,"N",-3,-75.0,0,0,0,0,0,0,0,0,0,0,0,0,0,0
"51105","5","518210","78","0","2023","4","N",1,0,0,0,0,0,0,0,"N",0.44,0,0,0,0,0,0,0,"N",0,0.0,0,0,0,0,0,0,0,0,0,0,0,0,0,0
"51107","3","518210","78","0","2023","4","",2,167,169,137,3688832,0,0,1800,"",17.10,47.42,47.74,39.17,44.02,0.00,0.00,0.98,"",1,100.0,15,9.9,16,10.5,-19,-12.2,-402550,-9.8,0,0.0,0,0.0,-248,-12.1
"51107","5","518210","78","0","2023","4","",110,1442,1442,1469,65879603,761760,5478,3493,"",1.69,2.43,2.42,2.46,2.20,2.14,2.12,0.90,"",-2,-1.8,-302,-17.3,-307,-17.6,-291,-16.5,-6494232,-9.0,-99982,-11.6,-5272,-49.0,314,9.9
"51113","5","518210","78","0","2023","4","N",2,0,0,0,0,0,0,0,"N",0.87,0,0,0,0,0,0,0,"N",1,100.0,0,0,0,0,0,0,0,0,0,0,0,0,0,0
"51115","5","518210","78","0","2023","4","N",2,0,0,0,0,0,0,0,"N",1.72,0,0,0,0,0,0,0,"N",0,0.0,0,0,0,0,0,0,0,0,0,0,0,0,0,0
"51117","5","518210","78","0","2023","4","N",3,0,0,0,0,0,0,0,"N",0.61,0,0,0,0,0,0,0,"N",0,0.0,0,0,0,0,0,0,0,0,0,0,0,0,0,0
"51121","5","518210","78","0","2023","4","",9,18,18,17,529853,16624,279,2307,"",0.77,0.13,0.14,0.12,0.11,0.24,0.74,0.85,"",0,0.0,-1,-5.3,-1,-5.3,-2,-10.5,59901,12.7,9698,140.0,171,158.3,404,21.2
"51127","5","518210","78","0","2023","4","-",0,0,0,0,0,0,0,0,"N",0.00,0,0,0,0,0,0,0,"N",-1,-100.0,0,0,0,0,0,0,0,0,0,0,0,0,0,0
"51135","5","518210","78","0","2023","4","N",1,0,0,0,0,0,0,0,"N",0.46,0,0,0,0,0,0,0,"N",-1,-50.0,0,0,0,0,0,0,0,0,0,0,0,0,0,0
"51137","3","518210","78","0","2023","4","-",0,0,0,0,0,0,0,0,"N",0.00,0,0,0,0,0,0,0,"N",-1,-100.0,0,0,0,0,0,0,0,0,0,0,0,0,0,0
"51141","5","518210","78","0","2023","4","N",1,0,0,0,0,0,0,0,"N",0.45,0,0,0,0,0,0,0,"N",0,0.0,0,0,0,0,0,0,0,0,0,0,0,0,0,0
"51143","5","518210","78","0","2023","4","-",0,0,0,0,0,0,0,0,"N",0.00,0,0,0,0,0,0,0,"N",-1,-100.0,0,0,0,0,0,0,0,0,0,0,0,0,0,0
"51149","5","518210","78","0","2023","4","N",1,0,0,0,0,0,0,0,"N",0.33,0,0,0,0,0,0,0,"N",0,0.0,0,0,0,0,0,0,0,0,0,0,0,0,0,0
"51153","5","518210","78","0","2023","4","",37,403,400,435,10550502,280961,1126,1967,"",0.79,0.92,0.91,0.99,0.63,1.03,0.62,0.67,"",2,5.7,50,14.2,23,6.1,53,13.9,2080117,24.6,-340479,-54.8,-2565,-69.5,209,11.9
"51157","5","518210","78","0","2023","4","N",1,0,0,0,0,0,0,0,"N",0.75,0,0,0,0,0,0,0,"N",-1,-50.0,0,0,0,0,0,0,0,0,0,0,0,0,0,0
"51159","5","518210","78","0","2023","4","-",0,0,0,0,0,0,0,0,"N",0.00,0,0,0,0,0,0,0,"N",-1,-100.0,0,0,0,0,0,0,0,0,0,0,0,0,0,0
"51161","5","518210","78","0","2023","4","N",3,0,0,0,0,0,0,0,"N",0.25,0,0,0,0,0,0,0,"N",-1,-25.0,0,0,0,0,0,0,0,0,0,0,0,0,0,0
"51163","5","518210","78","0","2023","4","N",1,0,0,0,0,0,0,0,"N",0.39,0,0,0,0,0,0,0,"N",0,0.0,0,0,0,0,0,0,0,0,0,0,0,0,0,0
"51165","2","518210","78","0","2023","4","",1,1,1,1,26596,0,0,2046,"",314.47,4.50,4.50,4.36,6.65,0.00,0.00,1.49,"",0,0.0,0,0.0,0,0.0,0,0.0,5700,27.3,0,0.0,0,0.0,439,27.3
"51165","5","518210","78","0","2023","4","N",3,0,0,0,0,0,0,0,"N",0.33,0,0,0,0,0,0,0,"N",1,50.0,0,0,0,0,0,0,0,0,0,0,0,0,0,0
"51169","2","518210","78","0","2023","4","",1,1,1,1,30456,0,0,2343,"",1616.56,31.97,31.87,30.85,67.39,0.00,0.00,2.14,"",0,0.0,0,0.0,0,0.0,0,0.0,6526,27.3,0,0.0,0,0.0,502,27.3
"51169","5","518210","78","0","2023","4","N",1,0,0,0,0,0,0,0,"N",0.57,0,0,0,0,0,0,0,"N",0,0.0,0,0,0,0,0,0,0,0,0,0,0,0,0,0
"51171","5","518210","78","0","2023","4","N",1,0,0,0,0,0,0,0,"N",0.20,0,0,0,0,0,0,0,"N",0,0.0,0,0,0,0,0,0,0,0,0,0,0,0,0,0
"51177","2","518210","78","0","2023","4","",1,1,1,1,24025,0,0,1848,"",180.64,4.19,4.14,4.03,5.61,0.00,0.00,1.36,"",0,0.0,0,0.0,0,0.0,0,0.0,5150,27.3,0,0.0,0,0.0,396,27.3
"51177","5","518210","78","0","2023","4","",7,10,11,9,388536,6879,42,2989,"",0.44,0.09,0.09,0.08,0.10,0.09,0.08,1.20,"N",3,75.0,0,0,0,0,0,0,0,0,0,0,0,0,0,0
"51179","5","518210","78","0","2023","4","",9,20,20,21,778613,17312,75,2946,"",0.62,0.14,0.14,0.15,0.14,0.23,0.13,0.95,"",0,0.0,-1,-4.8,-1,-4.8,0,0.0,-211886,-21.4,12738,278.5,39,108.3,-682,-18.8
"51185","5","518210","78","0","2023","4","N",2,0,0,0,0,0,0,0,"N",0.44,0,0,0,0,0,0,0,"N",0,0.0,0,0,0,0,0,0,0,0,0,0,0,0,0,0
"51187","5","518210","78","0","2023","4","",3,5,5,6,78282,9939,13,1129,"",0.57,0.12,0.12,0.14,0.06,0.39,0.05,0.48,"N",2,200.0,0,0,0,0,0,0,0,0,0,0,0,0,0,0
"51191","5","518210","78","0","2023","4","N",3,0,0,0,0,0,0,0,"N",0.43,0,0,0,0,0,0,0,"N",0,0.0,0,0,0,0,0,0,0,0,0,0,0,0,0,0
"51195","5","518210","78","0","2023","4","N",1,0,0,0,0,0,0,0,"N",0.28,0,0,0,0,0,0,0,"N",0,0.0,0,0,0,0,0,0,0,0,0,0,0,0,0,0
"51197","2","518210","78","0","2023","4","",1,2,2,2,33391,0,0,1284,"",677.47,26.64,26.42,25.90,29.29,0.00,0.00,1.11,"",0,0.0,1,100.0,1,100.0,1,100.0,7156,27.3,0,0.0,0,0.0,-734,-36.4
"51199","5","518210","78","0","2023","4","",6,12,12,13,372485,14542,19,2323,"",0.78,0.18,0.18,0.19,0.18,0.36,0.07,0.99,"",1,20.0,-4,-25.0,-3,-20.0,-2,-13.3,214792,136.2,9728,202.1,-57,-75.0,1532,193.7
"51510","5","518210","78","0","2023","4","",38,214,218,226,7983384,165715,2528,2800,"",1.33,0.85,0.86,0.90,0.57,1.31,2.34,0.65,"",2,5.6,-10,-4.5,3,1.4,8,3.7,364693,4.8,99611,150.7,1754,226.6,124,4.6
"51520","5","518210","78","0","2023","4","N",1,0,0,0,0,0,0,0,"N",0.36,0,0,0,0,0,0,0,"N",-1,-50.0,0,0,0,0,0,0,0,0,0,0,0,0,0,0
"51540","5","518210","78","0","2023","4","N",5,0,0,0,0,0,0,0,"N",0.44,0,0,0,0,0,0,0,"N",2,66.7,0,0,0,0,0,0,0,0,0,0,0,0,0,0
"51550","5","518210","78","0","2023","4","",11,663,663,643,9192665,261743,2248,1077,"",0.36,2.02,2.01,1.95,0.80,1.17,1.14,0.40,"",-1,-8.3,88,15.3,63,10.5,25,4.0,-162553,-1.7,-288490,-52.4,-16849,-88.2,-127,-10.5
"51570","5","518210","78","0","2023","4","N",1,0,0,0,0,0,0,0,"N",0.29,0,0,0,0,0,0,0,"N",1,100.0,0,0,0,0,0,0,0,0,0,0,0,0,0,0
"51590","5","518210","78","0","2023","4","N",1,0,0,0,0,0,0,0,"N",0.12,0,0,0,0,0,0,0,"N",0,0.0,0,0,0,0,0,0,0,0,0,0,0,0,0,0
"51595","5","518210","78","0","2023","4","N",1,0,0,0,0,0,0,0,"N",0.81,0,0,0,0,0,0,0,"N",1,100.0,0,0,0,0,0,0,0,0,0,0,0,0,0,0
"51600","5","518210","78","0","2023","4","",6,14,13,12,487326,3394,31,2884,"",0.75,0.19,0.18,0.16,0.15,0.07,0.08,0.86,"",0,0.0,2,16.7,2,18.2,-1,-7.7,146709,43.1,-13564,-80.0,-300,-90.6,701,32.1
"51610","5","518210","78","0","2023","4","N",3,0,0,0,0,0,0,0,"N",0.65,0,0,0,0,0,0,0,"N",0,0.0,0,0,0,0,0,0,0,0,0,0,0,0,0,0
"51630","5","518210","78","0","2023","4","N",3,0,0,0,0,0,0,0,"N",0.38,0,0,0,0,0,0,0,"N",-1,-25.0,0,0,0,0,0,0,0,0,0,0,0,0,0,0
"51640","5","518210","78","0","2023","4","N",1,0,0,0,0,0,0,0,"N",0.54,0,0,0,0,0,0,0,"N",0,0.0,0,0,0,0,0,0,0,0,0,0,0,0,0,0
"51650","5","518210","78","0","2023","4","",9,32,35,33,608151,32285,332,1403,"",0.63,0.20,0.22,0.21,0.11,0.39,0.48,0.51,"",0,0.0,0,0.0,4,12.9,-1,-2.9,142525,30.6,7081,28.1,44,15.3,295,26.6
"51660","5","518210","78","0","2023","4","N",2,0,0,0,0,0,0,0,"N",0.26,0,0,0,0,0,0,0,"N",0,0.0,0,0,0,0,0,0,0,0,0,0,0,0,0,0
"51680","5","518210","78","0","2023","4","N",3,0,0,0,0,0,0,0,"N",0.25,0,0,0,0,0,0,0,"N",0,0.0,0,0,0,0,0,0,0,0,0,0,0,0,0,0
"51683","5","518210","78","0","2023","4","",4,32,38,41,1357917,83398,256,2823,"",0.56,0.42,0.49,0.53,0.36,2.31,0.84,0.74,"",-1,-20.0,2,6.7,6,18.8,9,28.1,451813,49.9,53928,183.0,-10,-3.8,599,26.9
"51685","5","518210","78","0","2023","4","",4,9,9,9,132258,0,0,1130,"",2.53,0.70,0.70,0.73,0.28,0.00,0.00,0.40,"",0,0.0,-3,-25.0,-4,-30.8,2,28.6,-74590,-36.1,-8000,-100.0,-218,-100.0,-362,-24.3
"51690","5","518210","78","0","2023","4","-",0,0,0,0,0,0,0,0,"N",0.00,0,0,0,0,0,0,0,"N",-1,-100.0,0,0,0,0,0,0,0,0,0,0,0,0,0,0
"51700","5","518210","78","0","2023","4","N",2,0,0,0,0,0,0,0,"N",0.10,0,0,0,0,0,0,0,"N",-1,-33.3,0,0,0,0,0,0,0,0,0,0,0,0,0,0
"51710","5","518210","78","0","2023","4","N",13,0,0,0,0,0,0,0,"N",0.45,0,0,0,0,0,0,0,"N",-1,-7.1,0,0,0,0,0,0,0,0,0,0,0,0,0,0
"51730","5","518210","78","0","2023","4","N",2,0,0,0,0,0,0,0,"N",0.45,0,0,0,0,0,0,0,"N",1,100.0,0,0,0,0,0,0,0,0,0,0,0,0,0,0
"51735","5","518210","78","0","2023","4","N",1,0,0,0,0,0,0,0,"N",0.88,0,0,0,0,0,0,0,"N",0,0.0,0,0,0,0,0,0,0,0,0,0,0,0,0,0
"51740","5","518210","78","0","2023","4","",3,2,5,5,99056,5181,121,1905,"",0.36,0.01,0.04,0.04,0.02,0.08,0.22,0.63,"N",2,200.0,0,0,0,0,0,0,0,0,0,0,0,0,0,0
"51750","5","518210","78","0","2023","4","N",2,0,0,0,0,0,0,0,"N",1.22,0,0,0,0,0,0,0,"N",1,100.0,0,0,0,0,0,0,0,0,0,0,0,0,0,0
"51760","3","518210","78","0","2023","4","",1,0,0,0,0,0,0,0,"",13.80,0.00,0.00,0.00,0.00,0.00,0.00,0.00,"",0,0.0,-63,-100.0,-63,-100.0,-63,-100.0,-86651,-100.0,0,0.0,0,0.0,-106,-100.0
"51760","5","518210","78","0","2023","4","",32,153,155,162,3755983,134843,1062,1844,"",0.79,0.31,0.31,0.32,0.16,0.57,0.46,0.50,"",5,18.5,39,34.2,42,37.2,50,44.6,986076,35.6,69275,105.7,-1171,-52.4,-42,-2.2
"51770","5","518210","78","0","2023","4","N",3,0,0,0,0,0,0,0,"N",0.19,0,0,0,0,0,0,0,"N",0,0.0,0,0,0,0,0,0,0,0,0,0,0,0,0,0
"51775","5","518210","78","0","2023","4","N",1,0,0,0,0,0,0,0,"N",0.20,0,0,0,0,0,0,0,"N",1,100.0,0,0,0,0,0,0,0,0,0,0,0,0,0,0
"51800","5","518210","78","0","2023","4","N",1,0,0,0,0,0,0,0,"N",0.10,0,0,0,0,0,0,0,"N",0,0.0,0,0,0,0,0,0,0,0,0,0,0,0,0,0
"51810","5","518210","78","0","2023","4","",24,483,485,500,9282042,185733,2767,1459,"",0.39,0.87,0.87,0.91,0.50,0.51,0.97,0.56,"",-2,-7.7,-38,-7.3,-38,-7.3,-31,-5.8,-477821,-4.9,-89620,-32.5,-6933,-71.5,29,2.0
"51830","5","518210","78","0","2023","4","N",1,0,0,0,0,0,0,0,"N",0.38,0,0,0,0,0,0,0,"N",-1,-50.0,0,0,0,0,0,0,0,0,0,0,0,0,0,0
"51840","5","518210","78","0","2023","4","N",3,0,0,0,0,0,0,0,"N",0.45,0,0,0,0,0,0,0,"N",2,200.0,0,0,0,0,0,0,0,0,0,0,0,0,0,0
"51999","5","518210","78","0","2023","4","",521,2991,3024,2978,139521357,2008590,20989,3580,"",2.50,4.31,4.34,4.28,3.10,3.44,2.68,0.72,"",82,18.7,610,25.6,612,25.4,641,27.4,47058541,50.9,-109528,-5.2,-13955,-39.9,587,19.6
"53000","2","518210","58","0","2023","4","",1,62,69,77,2043280,0,0,2267,"",2.81,2.71,3.02,3.29,3.03,0.00,0.00,1.01,"",0,0.0,7,12.7,0,0.0,7,10.0,318357,18.5,0,0.0,0,0.0,215,10.5
"53000","5","518210","58","0","2023","4","",1040,23489,23087,23085,1401266047,92384240,957851,4642,"",1.03,2.10,2.08,2.08,2.35,1.72,1.30,1.13,"",-66,-6.0,-3320,-12.4,-3803,-14.1,-3434,-12.9,-8657636,-0.6,-59020419,-39.0,-342819,-26.4,586,14.4
"53003","5","518210","78","0","2023","4","N",1,0,0,0,0,0,0,0,"N",0.42,0,0,0,0,0,0,0,"N",0,0.0,0,0,0,0,0,0,0,0,0,0,0,0,0,0
"53005","5","518210","78","0","2023","4","N",6,0,0,0,0,0,0,0,"N",0.26,0,0,0,0,0,0,0,"N",-3,-33.3,0,0,0,0,0,0,0,0,0,0,0,0,0,0
"53007","5","518210","78","0","2023","4","",5,30,26,25,706482,166436,2844,2013,"",0.36,0.21,0.19,0.18,0.15,0.24,0.27,0.79,"",1,25.0,12,66.7,8,44.4,8,47.1,427183,152.9,39306,30.9,1466,106.4,797,65.5
"53009","5","518210","78","0","2023","4","N",3,0,0,0,0,0,0,0,"N",0.31,0,0,0,0,0,0,0,"N",0,0.0,0,0,0,0,0,0,0,0,0,0,0,0,0,0
"53011","5","518210","78","0","2023","4","",96,992,994,997,34439536,7959579,91124,2664,"",1.48,1.76,1.77,1.76,1.44,2.70,2.44,0.82,"",-2,-2.0,-98,-9.0,-90,-8.3,-93,-8.5,3710942,12.1,70549,0.9,8778,10.7,491,22.6
"53015","5","518210","78","0","2023","4","N",6,0,0,0,0,0,0,0,"N",0.53,0,0,0,0,0,0,0,"N",2,50.0,0,0,0,0,0,0,0,0,0,0,0,0,0,0
"53017","5","518210","78","0","2023","4","N",2,0,0,0,0,0,0,0,"N",0.41,0,0,0,0,0,0,0,"N",-1,-33.3,0,0,0,0,0,0,0,0,0,0,0,0,0,0
"53019","5","518210","78","0","2023","4","N",1,0,0,0,0,0,0,0,"N",0.87,0,0,0,0,0,0,0,"N",0,0.0,0,0,0,0,0,0,0,0,0,0,0,0,0,0
"53021","5","518210","78","0","2023","4","N",2,0,0,0,0,0,0,0,"N",0.20,0,0,0,0,0,0,0,"N",-1,-33.3,0,0,0,0,0,0,0,0,0,0,0,0,0,0
"53025","5","518210","78","0","2023","4","",7,241,237,236,9451849,856010,20411,3055,"",0.61,1.76,1.81,1.86,1.93,1.23,1.82,1.07,"",-3,-30.0,-40,-14.2,-39,-14.1,-49,-17.2,-1806092,-16.0,-1090365,-56.0,-20481,-50.1,-30,-1.0
"53027","5","518210","78","0","2023","4","N",2,0,0,0,0,0,0,0,"N",0.25,0,0,0,0,0,0,0,"N",0,0.0,0,0,0,0,0,0,0,0,0,0,0,0,0,0
"53029","5","518210","78","0","2023","4","",4,18,18,19,467243,126544,1370,1960,"",0.44,0.32,0.32,0.34,0.24,0.45,0.46,0.75,"",0,0.0,5,38.5,6,50.0,8,72.7,230651,97.5,18637,17.3,253,22.6,443,29.2
"53031","5","518210","78","0","2023","4","N",1,0,0,0,0,0,0,0,"N",0.22,0,0,0,0,0,0,0,"N",0,0.0,0,0,0,0,0,0,0,0,0,0,0,0,0,0
"53033","5","518210","78","0","2023","4","",523,20009,19612,19581,1286885644,66599979,644655,5016,"",1.48,4.43,4.34,4.33,3.93,3.11,2.17,0.90,"",-58,-10.0,-3339,-14.3,-3835,-16.4,-3498,-15.2,-19099267,-1.5,-59464977,-47.2,-367062,-36.3,703,16.3
"53035","5","518210","78","0","2023","4","",17,228,231,237,15314663,2120490,24930,5078,"",0.59,0.78,0.79,0.81,1.32,1.93,1.92,1.66,"",-1,-5.6,47,26.0,51,28.3,55,30.2,4526520,42.0,835302,65.0,16404,192.4,493,10.8
"53037","5","518210","78","0","2023","4","N",5,0,0,0,0,0,0,0,"N",0.82,0,0,0,0,0,0,0,"N",-1,-16.7,0,0,0,0,0,0,0,0,0,0,0,0,0,0
"53039","5","518210","78","0","2023","4","",4,9,11,11,391252,85705,871,2913,"",1.16,0.42,0.53,0.55,0.51,0.77,0.50,1.03,"N",2,100.0,0,0,0,0,0,0,0,0,0,0,0,0,0,0
"53041","5","518210","78","0","2023","4","",4,20,18,17,565480,212888,4858,2373,"",0.42,0.24,0.21,0.20,0.20,0.50,0.85,0.93,"",1,33.3,10,100.0,8,80.0,9,112.5,322548,132.8,159558,299.2,4543,1442.2,371,18.5
"53045","5","518210","78","0","2023","4","",8,14,15,16,283481,250297,2186,1454,"",1.52,0.29,0.31,0.34,0.18,1.21,0.94,0.57,"",3,60.0,7,100.0,8,114.3,6,60.0,159940,129.5,188305,303.8,1380,171.2,266,22.4
"53047","5","518210","78","0","2023","4","-",0,0,0,0,0,0,0,0,"N",0.00,0,0,0,0,0,0,0,"N",-1,-100.0,0,0,0,0,0,0,0,0,0,0,0,0,0,0
"53049","5","518210","78","0","2023","4","N",2,0,0,0,0,0,0,0,"N",0.67,0,0,0,0,0,0,0,"N",0,0.0,0,0,0,0,0,0,0,0,0,0,0,0,0,0
"53051","5","518210","78","0","2023","4","N",1,0,0,0,0,0,0,0,"N",0.68,0,0,0,0,0,0,0,"N",-1,-50.0,0,0,0,0,0,0,0,0,0,0,0,0,0,0
"53053","5","518210","78","0","2023","4","",53,186,186,191,5410969,1382613,16103,2218,"",0.60,0.18,0.18,0.18,0.13,0.28,0.24,0.71,"",-10,-15.9,-1,-0.5,3,1.6,10,5.5,381342,7.6,-130717,-8.6,-2227,-12.1,111,5.3
"53055","5","518210","78","0","2023","4","N",2,0,0,0,0,0,0,0,"N",0.44,0,0,0,0,0,0,0,"N",-1,-33.3,0,0,0,0,0,0,0,0,0,0,0,0,0,0
"53057","5","518210","78","0","2023","4","",4,39,40,38,1308972,205089,2787,2582,"",0.24,0.24,0.25,0.23,0.21,0.26,0.24,0.90,"",1,33.3,-1,-2.5,0,0.0,-3,-7.3,52372,4.2,24385,13.5,1034,59.0,185,7.7
"53059","5","518210","78","0","2023","4","N",1,0,0,0,0,0,0,0,"N",0.92,0,0,0,0,0,0,0,"N",-2,-66.7,0,0,0,0,0,0,0,0,0,0,0,0,0,0
"53061","5","518210","78","0","2023","4","",65,382,373,374,10288650,2849555,32282,2103,"",0.74,0.42,0.41,0.41,0.22,0.63,0.52,0.53,"",-7,-9.7,31,8.8,19,5.4,22,6.2,708246,7.4,357579,14.3,3679,12.9,11,0.5
"53063","5","518210","78","0","2023","4","",49,361,373,383,8750620,2771230,26163,1808,"",0.74,0.48,0.49,0.51,0.31,0.77,0.53,0.62,"",-4,-7.5,-57,-13.6,-45,-10.8,-33,-7.9,-1121285,-11.4,-107721,-3.7,-6227,-19.2,-12,-0.7
"53065","5","518210","78","0","2023","4","N",1,0,0,0,0,0,0,0,"N",0.23,0,0,0,0,0,0,0,"N",-2,-66.7,0,0,0,0,0,0,0,0,0,0,0,0,0,0
"53067","2","518210","78","0","2023","4","",1,62,69,77,2043280,0,0,2267,"",78.61,76.28,84.87,92.17,111.11,0.00,0.00,1.32,"",0,0.0,7,12.7,0,0.0,7,10.0,318357,18.5,0,0.0,0,0.0,215,10.5
"53067","5","518210","78","0","2023","4","",45,474,466,466,10710566,2862485,31391,1758,"",1.24,1.19,1.18,1.17,0.66,1.82,1.48,0.56,"",-7,-13.5,105,28.5,83,21.7,94,25.3,1419557,15.3,69450,2.5,6917,28.3,-150,-7.9
"53069","5","518210","78","0","2023","4","N",1,0,0,0,0,0,0,0,"N",1.78,0,0,0,0,0,0,0,"N",1,100.0,0,0,0,0,0,0,0,0,0,0,0,0,0,0
"53071","5","518210","78","0","2023","4","N",5,0,0,0,0,0,0,0,"N",0.64,0,0,0,0,0,0,0,"N",-1,-16.7,0,0,0,0,0,0,0,0,0,0,0,0,0,0
"53073","5","518210","78","0","2023","4","",22,115,114,113,3594371,933095,8135,2425,"",0.70,0.40,0.40,0.39,0.33,0.65,0.40,0.85,"",2,10.0,-30,-20.7,-6,-5.0,-5,-4.2,-253582,-6.6,-254695,-21.4,1355,20.0,106,4.6
"53075","5","518210","78","0","2023","4","",6,6,7,7,161482,64373,876,1863,"",1.10,0.10,0.11,0.12,0.07,0.28,0.41,0.65,"",0,0.0,0,0.0,1,16.7,1,16.7,48319,42.7,-16482,-20.4,-995,-53.2,412,28.4
"53077","5","518210","78","0","2023","4","N",3,0,0,0,0,0,0,0,"N",0.11,0,0,0,0,0,0,0,"N",0,0.0,0,0,0,0,0,0,0,0,0,0,0,0,0,0
"53999","5","518210","78","0","2023","4","",83,215,213,218,7823932,1718552,29831,2795,"",2.39,1.11,1.10,1.12,0.53,1.35,1.77,0.48,"",27,48.2,45,26.5,37,21.0,44,25.3,1400216,21.8,345828,25.2,6964,30.5,-56,-2.0
"54000","2","518210","58","0","2023","4","",1,56,45,54,849774,0,0,1265,"",10.51,12.64,10.10,11.82,10.07,0.00,0.00,0.87,"",0,0.0,-1,-1.8,4,9.8,-1,-1.8,45115,5.6,0,0.0,0,0.0,51,4.2
"54000","5","518210","58","0","2023","4","",231,1318,1334,1346,25595679,551653,14954,1477,"",0.85,0.61,0.61,0.62,0.34,0.42,0.42,0.56,"",32,16.1,-12,-0.9,-16,-1.2,-38,-2.7,535108,2.1,-652082,-54.2,-13232,-46.9,54,3.8
"54003","5","518210","78","0","2023","4","",15,66,68,66,1239982,40297,899,1431,"",0.98,0.55,0.56,0.55,0.31,0.49,0.47,0.56,"",6,66.7,20,43.5,24,54.5,17,34.7,600592,93.9,-848,-2.1,-67,-6.9,369,34.7
"54009","5","518210","78","0","2023","4","N",1,0,0,0,0,0,0,0,"N",0.38,0,0,0,0,0,0,0,"N",1,100.0,0,0,0,0,0,0,0,0,0,0,0,0,0,0
"54011","5","518210","78","0","2023","4","N",10,0,0,0,0,0,0,0,"N",0.68,0,0,0,0,0,0,0,"N",2,25.0,0,0,0,0,0,0,0,0,0,0,0,0,0,0
"54019","5","518210","78","0","2023","4","",7,6,6,4,113998,0,0,1644,"",1.35,0.19,0.20,0.13,0.13,0.00,0.00,0.74,"N",3,75.0,0,0,0,0,0,0,0,0,0,0,0,0,0,0
"54025","5","518210","78","0","2023","4","N",1,0,0,0,0,0,0,0,"N",0.16,0,0,0,0,0,0,0,"N",0,0.0,0,0,0,0,0,0,0,0,0,0,0,0,0,0
"54027","5","518210","78","0","2023","4","N",2,0,0,0,0,0,0,0,"N",0.86,0,0,0,0,0,0,0,"N",1,100.0,0,0,0,0,0,0,0,0,0,0,0,0,0,0
"54029","5","518210","78","0","2023","4","N",3,0,0,0,0,0,0,0,"N",0.80,0,0,0,0,0,0,0,"N",2,200.0,0,0,0,0,0,0,0,0,0,0,0,0,0,0
"54031","5","518210","78","0","2023","4","N",1,0,0,0,0,0,0,0,"N",0.51,0,0,0,0,0,0,0,"N",1,100.0,0,0,0,0,0,0,0,0,0,0,0,0,0,0
"54033","5","518210","78","0","2023","4","",5,9,9,8,279257,1470,54,2479,"",0.47,0.08,0.08,0.07,0.06,0.02,0.02,0.82,"N",3,150.0,0,0,0,0,0,0,0,0,0,0,0,0,0,0
"54035","5","518210","78","0","2023","4","N",2,0,0,0,0,0,0,0,"N",0.63,0,0,0,0,0,0,0,"N",0,0.0,0,0,0,0,0,0,0,0,0,0,0,0,0,0
"54037","5","518210","78","0","2023","4","",21,23,24,26,1011733,25188,902,3198,"",2.26,0.44,0.46,0.50,0.53,0.71,0.93,1.12,"",12,133.3,17,283.3,15,166.7,18,225.0,839643,487.9,-4054,-13.9,60,7.1,1471,85.2
"54039","5","518210","78","0","2023","4","",15,257,260,275,3780152,240782,6877,1101,"",0.50,0.84,0.85,0.90,0.34,1.43,1.50,0.39,"",7,87.5,-9,-3.4,-6,-2.3,11,4.2,-42187,-1.1,-125486,-34.3,-1847,-21.2,-7,-0.6
"54049","5","518210","78","0","2023","4","",6,14,14,14,480121,9000,243,2638,"",0.81,0.26,0.26,0.26,0.29,0.28,0.28,1.10,"N",1,20.0,0,0,0,0,0,0,0,0,0,0,0,0,0,0
"54051","5","518210","78","0","2023","4","N",1,0,0,0,0,0,0,0,"N",0.33,0,0,0,0,0,0,0,"N",1,100.0,0,0,0,0,0,0,0,0,0,0,0,0,0,0
"54053","5","518210","78","0","2023","4","N",1,0,0,0,0,0,0,0,"N",0.46,0,0,0,0,0,0,0,"N",1,100.0,0,0,0,0,0,0,0,0,0,0,0,0,0,0
"54055","5","518210","78","0","2023","4","N",2,0,0,0,0,0,0,0,"N",0.27,0,0,0,0,0,0,0,"N",1,100.0,0,0,0,0,0,0,0,0,0,0,0,0,0,0
"54057","5","518210","78","0","2023","4","N",2,0,0,0,0,0,0,0,"N",0.67,0,0,0,0,0,0,0,"N",0,0.0,0,0,0,0,0,0,0,0,0,0,0,0,0,0
"54061","2","518210","78","0","2023","4","",1,56,45,54,849774,0,0,1265,"",163.07,148.08,118.14,138.68,104.92,0.00,0.00,0.78,"",0,0.0,-1,-1.8,4,9.8,-1,-1.8,45115,5.6,0,0.0,0,0.0,51,4.2
"54061","5","518210","78","0","2023","4","",21,254,262,263,3712146,60959,1400,1100,"",1.21,1.37,1.41,1.42,0.52,0.66,0.62,0.37,"",11,110.0,-40,-13.6,-36,-12.1,-37,-12.3,-191742,-4.9,-199904,-76.6,-4131,-74.7,90,8.9
"54063","5","518210","78","0","2023","4","N",1,0,0,0,0,0,0,0,"N",0.76,0,0,0,0,0,0,0,"N",1,100.0,0,0,0,0,0,0,0,0,0,0,0,0,0,0
"54067","5","518210","78","0","2023","4","N",3,0,0,0,0,0,0,0,"N",0.80,0,0,0,0,0,0,0,"N",3,100.0,0,0,0,0,0,0,0,0,0,0,0,0,0,0
"54069","5","518210","78","0","2023","4","N",2,0,0,0,0,0,0,0,"N",0.26,0,0,0,0,0,0,0,"N",0,0.0,0,0,0,0,0,0,0,0,0,0,0,0,0,0
"54077","5","518210","78","0","2023","4","N",4,0,0,0,0,0,0,0,"N",1.07,0,0,0,0,0,0,0,"N",0,0.0,0,0,0,0,0,0,0,0,0,0,0,0,0,0
"54079","5","518210","78","0","2023","4","N",2,0,0,0,0,0,0,0,"N",0.25,0,0,0,0,0,0,0,"N",2,100.0,0,0,0,0,0,0,0,0,0,0,0,0,0,0
"54081","5","518210","78","0","2023","4","N",3,0,0,0,0,0,0,0,"N",0.27,0,0,0,0,0,0,0,"N",0,0.0,0,0,0,0,0,0,0,0,0,0,0,0,0,0
"54083","5","518210","78","0","2023","4","N",4,0,0,0,0,0,0,0,"N",0.91,0,0,0,0,0,0,0,"N",2,100.0,0,0,0,0,0,0,0,0,0,0,0,0,0,0
"54087","5","518210","78","0","2023","4","N",2,0,0,0,0,0,0,0,"N",1.27,0,0,0,0,0,0,0,"N",1,100.0,0,0,0,0,0,0,0,0,0,0,0,0,0,0
"54089","5","518210","78","0","2023","4","N",2,0,0,0,0,0,0,0,"N",1.70,0,0,0,0,0,0,0,"N",2,100.0,0,0,0,0,0,0,0,0,0,0,0,0,0,0
"54091","5","518210","78","0","2023","4","N",2,0,0,0,0,0,0,0,"N",1.35,0,0,0,0,0,0,0,"N",0,0.0,0,0,0,0,0,0,0,0,0,0,0,0,0,0
"54095","5","518210","78","0","2023","4","N",1,0,0,0,0,0,0,0,"N",1.29,0,0,0,0,0,0,0,"N",1,100.0,0,0,0,0,0,0,0,0,0,0,0,0,0,0
"54099","5","518210","78","0","2023","4","N",1,0,0,0,0,0,0,0,"N",0.33,0,0,0,0,0,0,0,"N",0,0.0,0,0,0,0,0,0,0,0,0,0,0,0,0,0
"54107","5","518210","78","0","2023","4","N",7,0,0,0,0,0,0,0,"N",0.62,0,0,0,0,0,0,0,"N",3,75.0,0,0,0,0,0,0,0,0,0,0,0,0,0,0
"54999","5","518210","78","0","2023","4","",81,177,180,178,4402518,59945,1711,1899,"",2.98,2.01,2.04,2.03,1.11,0.75,0.62,0.55,"",-36,-30.8,-21,-10.6,-21,-10.4,-22,-11.0,-1442864,-24.7,-80354,-57.3,-1963,-53.4,-353,-15.7
"55000","3","518210","58","0","2023","4","N",1,0,0,0,0,0,0,0,"N",0.61,0,0,0,0,0,0,0,"N",0,0.0,0,0,0,0,0,0,0,0,0,0,0,0,0,0
"55000","5","518210","58","0","2023","4","",412,8119,8081,8047,236539426,5174535,87585,2251,"",0.45,0.89,0.89,0.88,0.68,0.66,0.63,0.77,"",63,18.1,-324,-3.8,-300,-3.6,-256,-3.1,11285590,5.0,-491885,-8.7,9746,12.5,182,8.8
"55005","5","518210","78","0","2023","4","N",1,0,0,0,0,0,0,0,"N",0.14,0,0,0,0,0,0,0,"N",0,0.0,0,0,0,0,0,0,0,0,0,0,0,0,0,0
"55009","5","518210","78","0","2023","4","N",8,0,0,0,0,0,0,0,"N",0.24,0,0,0,0,0,0,0,"N",-1,-11.1,0,0,0,0,0,0,0,0,0,0,0,0,0,0
"55011","5","518210","78","0","2023","4","N",1,0,0,0,0,0,0,0,"N",0.57,0,0,0,0,0,0,0,"N",0,0.0,0,0,0,0,0,0,0,0,0,0,0,0,0,0
"55015","5","518210","78","0","2023","4","N",2,0,0,0,0,0,0,0,"N",0.47,0,0,0,0,0,0,0,"N",1,100.0,0,0,0,0,0,0,0,0,0,0,0,0,0,0
"55017","5","518210","78","0","2023","4","-",0,0,0,0,0,0,0,0,"N",0.00,0,0,0,0,0,0,0,"N",-1,-100.0,0,0,0,0,0,0,0,0,0,0,0,0,0,0
"55025","5","518210","78","0","2023","4","",51,1483,1477,1466,42251861,589523,12169,2203,"",0.65,1.34,1.33,1.32,0.86,0.73,0.91,0.65,"",2,4.1,-18,-1.2,20,1.4,18,1.2,-1591690,-3.6,-284730,-32.6,-1551,-11.3,-93,-4.1
"55027","5","518210","78","0","2023","4","N",1,0,0,0,0,0,0,0,"N",0.11,0,0,0,0,0,0,0,"N",0,0.0,0,0,0,0,0,0,0,0,0,0,0,0,0,0
"55031","5","518210","78","0","2023","4","N",2,0,0,0,0,0,0,0,"N",0.37,0,0,0,0,0,0,0,"N",0,0.0,0,0,0,0,0,0,0,0,0,0,0,0,0,0
"55035","5","518210","78","0","2023","4","N",2,0,0,0,0,0,0,0,"N",0.14,0,0,0,0,0,0,0,"N",1,100.0,0,0,0,0,0,0,0,0,0,0,0,0,0,0
"55039","5","518210","78","0","2023","4","N",2,0,0,0,0,0,0,0,"N",0.18,0,0,0,0,0,0,0,"N",1,100.0,0,0,0,0,0,0,0,0,0,0,0,0,0,0
"55043","5","518210","78","0","2023","4","-",0,0,0,0,0,0,0,0,"N",0.00,0,0,0,0,0,0,0,"N",-2,-100.0,0,0,0,0,0,0,0,0,0,0,0,0,0,0
"55045","5","518210","78","0","2023","4","N",1,0,0,0,0,0,0,0,"N",0.19,0,0,0,0,0,0,0,"N",0,0.0,0,0,0,0,0,0,0,0,0,0,0,0,0,0
"55051","5","518210","78","0","2023","4","N",1,0,0,0,0,0,0,0,"N",0.94,0,0,0,0,0,0,0,"N",1,100.0,0,0,0,0,0,0,0,0,0,0,0,0,0,0
"55055","5","518210","78","0","2023","4","",5,16,18,18,231488,7649,87,1027,"",0.49,0.15,0.17,0.17,0.07,0.08,0.06,0.42,"",1,25.0,0,0.0,2,12.5,2,12.5,46700,25.3,-6163,-44.6,-195,-69.1,139,15.7
"55057","5","518210","78","0","2023","4","N",1,0,0,0,0,0,0,0,"N",0.30,0,0,0,0,0,0,0,"N",0,0.0,0,0,0,0,0,0,0,0,0,0,0,0,0,0
"55059","5","518210","78","0","2023","4","",5,50,50,50,1136371,13368,341,1748,"",0.26,0.22,0.22,0.21,0.13,0.05,0.06,0.61,"",0,0.0,7,16.3,5,11.1,4,8.7,90537,8.7,-60800,-82.0,-658,-65.9,-53,-2.9
"55063","5","518210","78","0","2023","4","N",3,0,0,0,0,0,0,0,"N",0.19,0,0,0,0,0,0,0,"N",-1,-25.0,0,0,0,0,0,0,0,0,0,0,0,0,0,0
"55073","3","518210","78","0","2023","4","N",1,0,0,0,0,0,0,0,"N",32.12,0,0,0,0,0,0,0,"N",0,0.0,0,0,0,0,0,0,0,0,0,0,0,0,0,0
"55073","5","518210","78","0","2023","4","",6,25,23,23,490090,21984,604,1593,"",0.35,0.11,0.11,0.10,0.06,0.13,0.24,0.59,"",-1,-14.3,-3,-10.7,-4,-14.8,-5,-17.9,-101622,-17.2,-2039,-8.5,-21,-3.4,-52,-3.2
"55075","5","518210","78","0","2023","4","N",1,0,0,0,0,0,0,0,"N",0.18,0,0,0,0,0,0,0,"N",0,0.0,0,0,0,0,0,0,0,0,0,0,0,0,0,0
"55079","5","518210","78","0","2023","4","",42,3277,3240,3233,84491205,805305,10701,2000,"",0.32,2.24,2.22,2.21,1.42,0.63,0.47,0.64,"",5,13.5,44,1.4,51,1.6,62,2.0,7332026,9.5,-273693,-25.4,-865,-7.5,144,7.8
"55083","5","518210","78","0","2023","4","N",2,0,0,0,0,0,0,0,"N",0.49,0,0,0,0,0,0,0,"N",1,100.0,0,0,0,0,0,0,0,0,0,0,0,0,0,0
"55087","5","518210","78","0","2023","4","N",5,0,0,0,0,0,0,0,"N",0.19,0,0,0,0,0,0,0,"N",0,0.0,0,0,0,0,0,0,0,0,0,0,0,0,0,0
"55089","5","518210","78","0","2023","4","N",2,0,0,0,0,0,0,0,"N",0.14,0,0,0,0,0,0,0,"N",-1,-33.3,0,0,0,0,0,0,0,0,0,0,0,0,0,0
"55093","5","518210","78","0","2023","4","N",1,0,0,0,0,0,0,0,"N",0.22,0,0,0,0,0,0,0,"N",-2,-66.7,0,0,0,0,0,0,0,0,0,0,0,0,0,0
"55095","5","518210","78","0","2023","4","N",1,0,0,0,0,0,0,0,"N",0.17,0,0,0,0,0,0,0,"N",1,100.0,0,0,0,0,0,0,0,0,0,0,0,0,0,0
"55101","5","518210","78","0","2023","4","",4,10,9,9,354857,19726,79,2925,"",0.17,0.04,0.04,0.04,0.04,0.09,0.02,0.99,"N",1,33.3,0,0,0,0,0,0,0,0,0,0,0,0,0,0
"55105","5","518210","78","0","2023","4","",7,386,382,377,5592733,444894,7035,1127,"",0.41,1.79,1.79,1.77,0.77,2.34,2.15,0.43,"",0,0.0,-11,-2.8,-16,-4.0,-9,-2.3,118320,2.2,-19535,-4.2,5845,491.2,57,5.3
"55109","5","518210","78","0","2023","4","",3,5,6,7,232198,62853,1923,2977,"",0.25,0.04,0.05,0.06,0.06,0.66,1.17,1.15,"N",1,50.0,0,0,0,0,0,0,0,0,0,0,0,0,0,0
"55111","5","518210","78","0","2023","4","N",1,0,0,0,0,0,0,0,"N",0.10,0,0,0,0,0,0,0,"N",1,100.0,0,0,0,0,0,0,0,0,0,0,0,0,0,0
"55113","5","518210","78","0","2023","4","N",1,0,0,0,0,0,0,0,"N",0.32,0,0,0,0,0,0,0,"N",1,100.0,0,0,0,0,0,0,0,0,0,0,0,0,0,0
"55115","5","518210","78","0","2023","4","N",1,0,0,0,0,0,0,0,"N",0.21,0,0,0,0,0,0,0,"N",0,0.0,0,0,0,0,0,0,0,0,0,0,0,0,0,0
"55117","5","518210","78","0","2023","4","N",3,0,0,0,0,0,0,0,"N",0.23,0,0,0,0,0,0,0,"N",1,50.0,0,0,0,0,0,0,0,0,0,0,0,0,0,0
"55121","5","518210","78","0","2023","4","N",2,0,0,0,0,0,0,0,"N",0.52,0,0,0,0,0,0,0,"N",1,100.0,0,0,0,0,0,0,0,0,0,0,0,0,0,0
"55123","5","518210","78","0","2023","4","N",2,0,0,0,0,0,0,0,"N",0.55,0,0,0,0,0,0,0,"N",0,0.0,0,0,0,0,0,0,0,0,0,0,0,0,0,0
"55127","5","518210","78","0","2023","4","",7,39,38,36,754779,27180,295,1541,"",0.47,0.29,0.28,0.27,0.18,0.21,0.14,0.66,"",2,40.0,4,11.4,3,8.6,-1,-2.7,47729,6.8,3778,16.1,-108,-26.8,16,1.0
"55131","5","518210","78","0","2023","4","N",5,0,0,0,0,0,0,0,"N",0.29,0,0,0,0,0,0,0,"N",-2,-28.6,0,0,0,0,0,0,0,0,0,0,0,0,0,0
"55133","5","518210","78","0","2023","4","",23,759,774,786,46612799,731046,8688,4639,"",0.36,0.98,1.00,1.02,1.44,1.06,0.69,1.44,"",-4,-14.8,-383,-33.5,-361,-31.8,-338,-30.1,-1035423,-2.2,-38258,-5.0,-6040,-41.0,1406,43.5
"55135","5","518210","78","0","2023","4","N",3,0,0,0,0,0,0,0,"N",0.48,0,0,0,0,0,0,0,"N",0,0.0,0,0,0,0,0,0,0,0,0,0,0,0,0,0
"55139","5","518210","78","0","2023","4","N",1,0,0,0,0,0,0,0,"N",0.05,0,0,0,0,0,0,0,"N",-3,-75.0,0,0,0,0,0,0,0,0,0,0,0,0,0,0
"55141","5","518210","78","0","2023","4","N",3,0,0,0,0,0,0,0,"N",0.31,0,0,0,0,0,0,0,"N",-1,-25.0,0,0,0,0,0,0,0,0,0,0,0,0,0,0
"55999","5","518210","78","0","2023","4","",200,1094,1063,1031,35990654,1126443,29268,2605,"",1.43,3.23,3.16,3.06,1.95,2.79,2.65,0.62,"",63,46.0,85,8.4,53,5.2,42,4.2,3304059,10.1,75087,7.1,9122,45.3,97,3.9
"56000","5","518210","58","0","2023","4","",152,201,200,202,7734619,580381,8503,2960,"",1.11,0.23,0.23,0.23,0.24,0.33,0.44,1.05,"",14,10.1,2,1.0,3,1.5,-3,-1.5,1024157,15.3,-119917,-17.1,-2425,-22.2,383,14.9
"56001","5","518210","78","0","2023","4","N",11,0,0,0,0,0,0,0,"N",1.46,0,0,0,0,0,0,0,"N",-1,-8.3,0,0,0,0,0,0,0,0,0,0,0,0,0,0
"56003","5","518210","78","0","2023","4","N",4,0,0,0,0,0,0,0,"N",1.72,0,0,0,0,0,0,0,"N",1,33.3,0,0,0,0,0,0,0,0,0,0,0,0,0,0
"56005","5","518210","78","0","2023","4","",4,8,8,8,189985,0,0,1827,"",0.44,0.10,0.10,0.10,0.06,0.00,0.00,0.59,"N",1,33.3,0,0,0,0,0,0,0,0,0,0,0,0,0,0
"56007","5","518210","78","0","2023","4","N",3,0,0,0,0,0,0,0,"N",0.98,0,0,0,0,0,0,0,"N",3,100.0,0,0,0,0,0,0,0,0,0,0,0,0,0,0
"56009","5","518210","78","0","2023","4","N",2,0,0,0,0,0,0,0,"N",0.67,0,0,0,0,0,0,0,"N",1,100.0,0,0,0,0,0,0,0,0,0,0,0,0,0,0
"56013","5","518210","78","0","2023","4","",7,5,6,6,349282,32347,1315,4741,"",0.84,0.10,0.12,0.12,0.23,0.33,1.22,2.00,"",0,0.0,0,0.0,2,50.0,2,50.0,35070,11.2,24285,301.2,1207,1117.6,-837,-15.0
"56015","5","518210","78","0","2023","4","N",2,0,0,0,0,0,0,0,"N",0.90,0,0,0,0,0,0,0,"N",1,100.0,0,0,0,0,0,0,0,0,0,0,0,0,0,0
"56019","5","518210","78","0","2023","4","N",1,0,0,0,0,0,0,0,"N",0.41,0,0,0,0,0,0,0,"N",0,0.0,0,0,0,0,0,0,0,0,0,0,0,0,0,0
"56021","5","518210","78","0","2023","4","",43,103,102,103,3321195,309369,4151,2488,"",2.03,0.69,0.69,0.69,0.62,1.09,1.70,0.89,"",2,4.9,6,6.2,7,7.4,4,4.0,650571,24.4,29954,10.7,-657,-13.7,370,17.5
"56023","5","518210","78","0","2023","4","",7,8,8,7,198166,58827,937,1988,"",1.30,0.36,0.37,0.32,0.24,1.37,2.70,0.68,"",0,0.0,3,60.0,4,100.0,2,40.0,64082,47.8,50421,599.8,822,714.8,-222,-10.0
"56025","5","518210","78","0","2023","4","N",7,0,0,0,0,0,0,0,"N",0.40,0,0,0,0,0,0,0,"N",2,40.0,0,0,0,0,0,0,0,0,0,0,0,0,0,0
"56027","5","518210","78","0","2023","4","N",1,0,0,0,0,0,0,0,"N",1.79,0,0,0,0,0,0,0,"N",0,0.0,0,0,0,0,0,0,0,0,0,0,0,0,0,0
"56029","5","518210","78","0","2023","4","N",7,0,0,0,0,0,0,0,"N",0.82,0,0,0,0,0,0,0,"N",-1,-12.5,0,0,0,0,0,0,0,0,0,0,0,0,0,0
"56031","5","518210","78","0","2023","4","N",1,0,0,0,0,0,0,0,"N",0.53,0,0,0,0,0,0,0,"N",0,0.0,0,0,0,0,0,0,0,0,0,0,0,0,0,0
"56033","5","518210","78","0","2023","4","",5,3,3,3,23460,6100,134,602,"",0.65,0.07,0.07,0.07,0.02,0.07,0.18,0.23,"",-3,-37.5,-12,-80.0,-12,-80.0,-13,-81.2,-274295,-92.1,-62198,-91.1,-551,-80.4,-892,-59.7
"56035","5","518210","78","0","2023","4","",4,4,4,4,154214,24869,284,2966,"",1.46,0.33,0.34,0.35,0.35,1.09,1.34,1.03,"N",2,100.0,0,0,0,0,0,0,0,0,0,0,0,0,0,0
"56037","5","518210","78","0","2023","4","",8,5,5,6,124190,28274,365,1791,"",1.04,0.08,0.08,0.09,0.05,0.21,0.28,0.57,"N",3,60.0,0,0,0,0,0,0,0,0,0,0,0,0,0,0
"56039","5","518210","78","0","2023","4","",28,28,27,27,2228837,45843,534,6273,"",2.10,0.40,0.42,0.38,0.67,0.25,0.26,1.68,"",0,0.0,3,12.0,0,0.0,-1,-3.6,661333,42.2,-61858,-57.4,-717,-57.3,1751,38.7
"56041","5","518210","78","0","2023","4","N",5,0,0,0,0,0,0,0,"N",1.29,0,0,0,0,0,0,0,"N",2,66.7,0,0,0,0,0,0,0,0,0,0,0,0,0,0
"56043","5","518210","78","0","2023","4","N",1,0,0,0,0,0,0,0,"N",0.51,0,0,0,0,0,0,0,"N",0,0.0,0,0,0,0,0,0,0,0,0,0,0,0,0,0
"56045","5","518210","78","0","2023","4","N",1,0,0,0,0,0,0,0,"N",0.77,0,0,0,0,0,0,0,"N",1,100.0,0,0,0,0,0,0,0,0,0,0,0,0,0,0
"72000","5","518210","58","0","2023","4","",58,2592,2617,2701,35091062,1421382,53522,1024,"",0.24,0.88,0.88,0.89,0.56,1.27,1.19,0.63,"",8,16.0,67,2.7,118,4.7,16,0.6,1754377,5.3,219198,18.2,13431,33.5,26,2.6
"72003","5","518210","78","0","2023","4","N",1,0,0,0,0,0,0,0,"N",0.34,0,0,0,0,0,0,0,"N",0,0.0,0,0,0,0,0,0,0,0,0,0,0,0,0,0
"72021","5","518210","78","0","2023","4","N",3,0,0,0,0,0,0,0,"N",0.21,0,0,0,0,0,0,0,"N",0,0.0,0,0,0,0,0,0,0,0,0,0,0,0,0,0
"72025","5","518210","78","0","2023","4","N",2,0,0,0,0,0,0,0,"N",0.18,0,0,0,0,0,0,0,"N",0,0.0,0,0,0,0,0,0,0,0,0,0,0,0,0,0
"72031","5","518210","78","0","2023","4","N",1,0,0,0,0,0,0,0,"N",0.10,0,0,0,0,0,0,0,"N",0,0.0,0,0,0,0,0,0,0,0,0,0,0,0,0,0
"72033","5","518210","78","0","2023","4","N",1,0,0,0,0,0,0,0,"N",0.64,0,0,0,0,0,0,0,"N",0,0.0,0,0,0,0,0,0,0,0,0,0,0,0,0,0
"72035","5","518210","78","0","2023","4","N",1,0,0,0,0,0,0,0,"N",0.41,0,0,0,0,0,0,0,"N",0,0.0,0,0,0,0,0,0,0,0,0,0,0,0,0,0
"72051","5","518210","78","0","2023","4","N",1,0,0,0,0,0,0,0,"N",0.29,0,0,0,0,0,0,0,"N",0,0.0,0,0,0,0,0,0,0,0,0,0,0,0,0,0
"72061","5","518210","78","0","2023","4","N",8,0,0,0,0,0,0,0,"N",0.64,0,0,0,0,0,0,0,"N",0,0.0,0,0,0,0,0,0,0,0,0,0,0,0,0,0
"72065","5","518210","78","0","2023","4","N",1,0,0,0,0,0,0,0,"N",0.33,0,0,0,0,0,0,0,"N",0,0.0,0,0,0,0,0,0,0,0,0,0,0,0,0,0
"72113","5","518210","78","0","2023","4","N",1,0,0,0,0,0,0,0,"N",0.09,0,0,0,0,0,0,0,"N",0,0.0,0,0,0,0,0,0,0,0,0,0,0,0,0,0
"72117","5","518210","78","0","2023","4","N",1,0,0,0,0,0,0,0,"N",0.77,0,0,0,0,0,0,0,"N",0,0.0,0,0,0,0,0,0,0,0,0,0,0,0,0,0
"72127","5","518210","78","0","2023","4","",30,1718,1712,1823,27139667,334149,9882,1192,"",0.52,2.14,2.11,2.20,1.30,1.13,0.83,0.60,"",6,25.0,-15,-0.9,-12,-0.7,-1,-0.1,1047773,4.0,-42010,-11.2,2315,30.6,52,4.6
"72131","5","518210","78","0","2023","4","N",1,0,0,0,0,0,0,0,"N",0.31,0,0,0,0,0,0,0,"N",0,0.0,0,0,0,0,0,0,0,0,0,0,0,0,0,0
"72141","5","518210","78","0","2023","4","N",1,0,0,0,0,0,0,0,"N",0.69,0,0,0,0,0,0,0,"N",1,100.0,0,0,0,0,0,0,0,0,0,0,0,0,0,0
"72999","5","518210","78","0","2023","4","N",5,0,0,0,0,0,0,0,"N",3.38,0,0,0,0,0,0,0,"N",1,25.0,0,0,0,0,0,0,0,0,0,0,0,0,0,0
"78000","5","518210","58","0","2023","4","N",7,0,0,0,0,0,0,0,"N",0.41,0,0,0,0,0,0,0,"N",0,0.0,0,0,0,0,0,0,0,0,0,0,0,0,0,0
"78010","5","518210","78","0","2023","4","N",3,0,0,0,0,0,0,0,"N",0.45,0,0,0,0,0,0,0,"N",0,0.0,0,0,0,0,0,0,0,0,0,0,0,0,0,0
"78030","5","518210","78","0","2023","4","N",4,0,0,0,0,0,0,0,"N",0.44,0,0,0,0,0,0,0,"N",0,0.0,0,0,0,0,0,0,0,0,0,0,0,0,0,0
"C1018","5","518210","48","0","2023","4","N",4,0,0,0,0,0,0,0,"N",0.19,0,0,0,0,0,0,0,"N",1,33.3,0,0,0,0,0,0,0,0,0,0,0,0,0,0
"C1038","5","518210","48","0","2023","4","",4,4,4,5,117817,7263,201,2091,"",0.19,0.02,0.02,0.03,0.03,0.10,0.07,1.46,"N",1,33.3,0,0,0,0,0,0,0,0,0,0,0,0,0,0
"C1042","5","518210","48","0","2023","4","",82,483,485,481,14867488,182730,4296,2368,"",0.95,0.49,0.49,0.49,0.41,0.29,0.27,0.84,"N",3,3.8,0,0,0,0,0,0,0,0,0,0,0,0,0,0
"C1050","5","518210","48","0","2023","4","N",5,0,0,0,0,0,0,0,"N",0.28,0,0,0,0,0,0,0,"N",1,25.0,0,0,0,0,0,0,0,0,0,0,0,0,0,0
"C1054","5","518210","48","0","2023","4","N",1,0,0,0,0,0,0,0,"N",0.05,0,0,0,0,0,0,0,"N",0,0.0,0,0,0,0,0,0,0,0,0,0,0,0,0,0
"C1058","5","518210","48","0","2023","4","",78,1155,1159,1130,31818244,970012,26173,2132,"",0.69,0.83,0.84,0.82,0.51,1.09,0.92,0.61,"",10,14.7,-11,-0.9,10,0.9,-21,-1.8,2072699,7.0,-3568,-0.4,-2216,-7.8,152,7.7
"C1074","5","518210","48","0","2023","4","",253,536,540,544,16544889,1645082,13713,2357,"",2.02,0.43,0.43,0.43,0.36,0.59,0.57,0.84,"",38,17.7,-60,-10.1,-52,-8.8,-51,-8.6,-817855,-4.7,-1015232,-38.2,-6475,-32.1,110,4.9
"C1078","5","518210","48","0","2023","4","",7,69,70,70,857960,22021,159,947,"",0.36,0.37,0.38,0.37,0.15,0.21,0.12,0.40,"N",2,40.0,0,0,0,0,0,0,0,0,0,0,0,0,0,0
"C1090","5","518210","48","0","2023","4","N",59,0,0,0,0,0,0,0,"N",0.65,0,0,0,0,0,0,0,"N",3,5.4,0,0,0,0,0,0,0,0,0,0,0,0,0,0
"C1102","5","518210","48","0","2023","4","N",2,0,0,0,0,0,0,0,"N",0.13,0,0,0,0,0,0,0,"N",0,0.0,0,0,0,0,0,0,0,0,0,0,0,0,0,0
"C1110","5","518210","48","0","2023","4","N",7,0,0,0,0,0,0,0,"N",0.22,0,0,0,0,0,0,0,"N",-1,-12.5,0,0,0,0,0,0,0,0,0,0,0,0,0,0
"C1118","5","518210","48","0","2023","4","N",24,0,0,0,0,0,0,0,"N",1.75,0,0,0,0,0,0,0,"N",0,0.0,0,0,0,0,0,0,0,0,0,0,0,0,0,0
"C1126","5","518210","48","0","2023","4","",39,65,73,66,1263876,267082,5389,1430,"",0.75,0.12,0.14,0.12,0.06,0.14,0.15,0.44,"N",14,56.0,0,0,0,0,0,0,0,0,0,0,0,0,0,0
"C1146","5","518210","48","0","2023","4","",78,1049,1040,1030,28777732,283337,7083,2129,"",1.59,1.54,1.53,1.52,0.98,1.00,1.02,0.64,"",6,8.3,-51,-4.6,-47,-4.3,-50,-4.6,-282178,-1.0,-67434,-19.2,-2595,-26.8,76,3.7
"C1150","5","518210","48","0","2023","4","",8,20,21,19,264188,10380,304,1016,"",0.63,0.15,0.16,0.14,0.06,0.12,0.47,0.43,"",0,0.0,-4,-16.7,-2,-8.7,-2,-9.5,38673,17.1,-31429,-75.2,-1970,-86.6,251,32.8
"C1154","5","518210","48","0","2023","4","N",7,0,0,0,0,0,0,0,"N",0.23,0,0,0,0,0,0,0,"N",1,16.7,0,0,0,0,0,0,0,0,0,0,0,0,0,0
"C1164","5","518210","48","0","2023","4","N",1,0,0,0,0,0,0,0,"N",0.09,0,0,0,0,0,0,0,"N",0,0.0,0,0,0,0,0,0,0,0,0,0,0,0,0,0
"C1170","5","518210","48","0","2023","4","N",75,0,0,0,0,0,0,0,"N",0.83,0,0,0,0,0,0,0,"N",12,19.0,0,0,0,0,0,0,0,0,0,0,0,0,0,0
"C1202","5","518210","48","0","2023","4","",9,108,111,116,7541938,99685,2662,5195,"",0.32,0.36,0.37,0.39,0.77,0.52,1.15,2.05,"N",3,50.0,0,0,0,0,0,0,0,0,0,0,0,0,0,0
"C1206","5","518210","48","0","2023","4","",916,17993,17978,17933,694369836,12784024,228376,2973,"",0.93,2.03,2.02,2.01,1.73,1.80,2.53,0.86,"",149,19.4,-191,-1.1,-206,-1.1,-81,-0.4,38823935,5.9,-1356274,-9.6,-10007,-4.2,191,6.9
"C1210","5","518210","48","0","2023","4","",6,29,30,29,697119,76224,1664,1828,"",0.18,0.07,0.08,0.08,0.05,0.06,0.06,0.68,"N",-2,-25.0,0,0,0,0,0,0,0,0,0,0,0,0,0,0
"C1222","5","518210","48","0","2023","4","",39,151,153,150,3886115,53858,827,1975,"",2.02,0.72,0.73,0.72,0.60,0.38,0.70,0.83,"",1,2.6,10,7.1,12,8.5,7,4.9,624621,19.2,-30853,-36.4,-784,-48.7,204,11.5
"C1226","5","518210","48","0","2023","4","N",26,0,0,0,0,0,0,0,"N",0.41,0,0,0,0,0,0,0,"N",7,36.8,0,0,0,0,0,0,0,0,0,0,0,0,0,0
"C1242","5","518210","48","0","2023","4","",577,11092,10971,10924,576645785,5025645,92817,4034,"",1.67,2.82,2.78,2.77,2.84,1.81,2.09,1.02,"",-2,-0.3,-489,-4.2,-823,-7.0,-771,-6.6,39335289,7.3,-3521125,-41.2,-49734,-34.9,498,14.1
"C1254","5","518210","48","0","2023","4","N",9,0,0,0,0,0,0,0,"N",0.08,0,0,0,0,0,0,0,"N",0,0.0,0,0,0,0,0,0,0,0,0,0,0,0,0,0
"C1258","5","518210","48","0","2023","4","",365,1293,1292,1296,60153222,945291,20582,3577,"",1.03,0.31,0.31,0.31,0.32,0.41,0.37,1.02,"",66,22.1,23,1.8,2,0.2,-7,-0.5,4430119,8.0,-415303,-30.5,-11224,-35.3,248,7.4
"C1262","5","518210","48","0","2023","4","N",13,0,0,0,0,0,0,0,"N",0.57,0,0,0,0,0,0,0,"N",4,44.4,0,0,0,0,0,0,0,0,0,0,0,0,0,0
"C1270","5","518210","48","0","2023","4","",14,138,142,142,2921372,209263,2447,1598,"",0.31,0.46,0.50,0.50,0.26,0.49,0.44,0.53,"",-1,-6.7,4,3.0,13,10.1,13,10.1,211312,7.8,66147,46.2,-937,-27.7,3,0.2
"C1294","5","518210","48","0","2023","4","",131,982,978,940,22819719,222966,3806,1816,"",1.00,0.79,0.78,0.76,0.46,0.26,0.25,0.59,"",-3,-2.2,-196,-16.6,-187,-16.1,-214,-18.5,-3076704,-11.9,-6350185,-96.6,-103760,-96.5,107,6.3
"C1298","5","518210","48","0","2023","4","N",1,0,0,0,0,0,0,0,"N",0.08,0,0,0,0,0,0,0,"N",0,0.0,0,0,0,0,0,0,0,0,0,0,0,0,0,0
"C1302","5","518210","48","0","2023","4","N",2,0,0,0,0,0,0,0,"N",0.19,0,0,0,0,0,0,0,"N",0,0.0,0,0,0,0,0,0,0,0,0,0,0,0,0,0
"C1314","5","518210","48","0","2023","4","",5,28,29,28,691437,6702,203,1877,"",0.13,0.06,0.06,0.06,0.04,0.02,0.02,0.62,"",-3,-37.5,-5,-15.2,-6,-17.1,-11,-28.2,-969,-0.1,-19213,-74.1,-327,-61.7,384,25.7
"C1322","5","518210","48","0","2023","4","N",10,0,0,0,0,0,0,0,"N",0.61,0,0,0,0,0,0,0,"N",3,42.9,0,0,0,0,0,0,0,0,0,0,0,0,0,0
"C1338","5","518210","48","0","2023","4","",22,115,114,113,3594371,933095,8135,2425,"",0.70,0.40,0.40,0.39,0.33,0.65,0.40,0.85,"",2,10.0,-30,-20.7,-6,-5.0,-5,-4.2,-253582,-6.6,-254695,-21.4,1355,20.0,106,4.6
"C1346","5","518210","48","0","2023","4","",42,65,64,64,1798375,307411,5407,2150,"",0.77,0.23,0.22,0.22,0.16,0.25,0.24,0.72,"",10,31.2,16,32.7,14,28.0,13,25.5,54067,3.1,-11824,-3.7,-2090,-27.9,-534,-19.9
"C1374","5","518210","48","0","2023","4","N",16,0,0,0,0,0,0,0,"N",0.41,0,0,0,0,0,0,0,"N",2,14.3,0,0,0,0,0,0,0,0,0,0,0,0,0,0
"C1378","5","518210","48","0","2023","4","N",10,0,0,0,0,0,0,0,"N",0.42,0,0,0,0,0,0,0,"N",1,11.1,0,0,0,0,0,0,0,0,0,0,0,0,0,0
"C1382","5","518210","48","0","2023","4","",230,607,611,614,15652084,348530,7148,1972,"",1.44,0.38,0.38,0.38,0.24,0.34,0.89,0.63,"",36,18.6,95,18.6,99,19.3,101,19.7,2981627,23.5,38127,12.3,1174,19.7,70,3.7
"C1390","5","518210","48","0","2023","4","N",29,0,0,0,0,0,0,0,"N",1.14,0,0,0,0,0,0,0,"N",2,7.4,0,0,0,0,0,0,0,0,0,0,0,0,0,0
"C1398","5","518210","48","0","2023","4","",13,22,22,21,645991,16624,279,2293,"",0.60,0.09,0.09,0.09,0.08,0.12,0.13,0.86,"",1,8.3,1,4.8,1,4.8,0,0.0,117859,22.3,9698,140.0,171,158.3,358,18.5
"C1401","5","518210","48","0","2023","4","N",3,0,0,0,0,0,0,0,"N",0.18,0,0,0,0,0,0,0,"N",-3,-50.0,0,0,0,0,0,0,0,0,0,0,0,0,0,0
"C1402","5","518210","48","0","2023","4","N",7,0,0,0,0,0,0,0,"N",0.42,0,0,0,0,0,0,0,"N",0,0.0,0,0,0,0,0,0,0,0,0,0,0,0,0,0
"C1410","5","518210","48","0","2023","4","N",2,0,0,0,0,0,0,0,"N",0.22,0,0,0,0,0,0,0,"N",0,0.0,0,0,0,0,0,0,0,0,0,0,0,0,0,0
"C1426","5","518210","48","0","2023","4","N",192,0,0,0,0,0,0,0,"N",1.22,0,0,0,0,0,0,0,"N",50,35.2,0,0,0,0,0,0,0,0,0,0,0,0,0,0
"C1446","5","518210","48","0","2023","4","N",813,0,0,0,0,0,0,0,"N",0.99,0,0,0,0,0,0,0,"N",0,0.0,0,0,0,0,0,0,0,0,0,0,0,0,0,0
"C1450","5","518210","48","0","2023","4","",200,1433,1426,1400,58291714,2410465,49546,3158,"",2.27,2.34,2.34,2.30,1.74,2.90,3.68,0.75,"",-17,-7.8,-69,-4.6,-64,-4.3,-77,-5.2,4540781,8.4,444124,22.6,4019,8.8,382,13.8
"C1454","5","518210","48","0","2023","4","N",14,0,0,0,0,0,0,0,"N",0.52,0,0,0,0,0,0,0,"N",2,16.7,0,0,0,0,0,0,0,0,0,0,0,0,0,0
"C1474","5","518210","48","0","2023","4","",17,228,231,237,15314663,2120490,24930,5078,"",0.59,0.78,0.79,0.81,1.32,1.93,1.92,1.66,"",-1,-5.6,47,26.0,51,28.3,55,30.2,4526520,42.0,835302,65.0,16404,192.4,493,10.8
"C1486","5","518210","48","0","2023","4","",452,1295,1301,1297,61827910,1206295,32569,3665,"",2.36,0.99,1.00,0.99,0.74,1.04,1.19,0.74,"",-35,-7.2,-45,-3.4,-13,-1.0,-9,-0.7,1603570,2.7,-851300,-41.4,-27651,-45.9,155,4.4
"C1518","5","518210","48","0","2023","4","",4,8,8,8,126658,6644,15,1218,"",0.12,0.02,0.02,0.02,0.01,0.02,0.00,0.60,"",-2,-33.3,0,0.0,0,0.0,-2,-20.0,109,0.1,-5394,-44.8,-578,-97.5,95,8.5
"C1526","5","518210","48","0","2023","4","N",5,0,0,0,0,0,0,0,"N",0.28,0,0,0,0,0,0,0,"N",3,150.0,0,0,0,0,0,0,0,0,0,0,0,0,0,0
"C1538","5","518210","48","0","2023","4","",71,752,759,765,19737768,523346,13311,2001,"",0.53,0.45,0.46,0.46,0.31,0.43,0.34,0.68,"N",22,44.9,0,0,0,0,0,0,0,0,0,0,0,0,0,0
"C1550","5","518210","48","0","2023","4","",6,34,35,35,628234,74412,406,1394,"",0.30,0.16,0.17,0.16,0.10,0.16,0.14,0.60,"",1,20.0,5,17.2,6,20.7,5,16.7,60260,10.6,482,0.7,-1404,-77.6,-95,-6.4
"C1554","5","518210","48","0","2023","4","",84,264,261,259,5317581,260378,2765,1565,"",1.65,0.69,0.69,0.68,0.33,0.91,0.51,0.47,"",10,13.5,15,6.0,10,4.0,5,2.0,-400409,-7.0,-101890,-28.1,-264,-8.7,-185,-10.6
"C1568","5","518210","48","0","2023","4","N",2,0,0,0,0,0,0,0,"N",0.20,0,0,0,0,0,0,0,"N",0,0.0,0,0,0,0,0,0,0,0,0,0,0,0,0,0
"C1594","5","518210","48","0","2023","4","N",35,0,0,0,0,0,0,0,"N",0.79,0,0,0,0,0,0,0,"N",4,12.9,0,0,0,0,0,0,0,0,0,0,0,0,0,0
"C1598","5","518210","48","0","2023","4","",82,334,338,330,7949452,252662,2371,1831,"",0.63,0.36,0.36,0.35,0.24,0.42,0.43,0.66,"",17,26.2,18,5.7,31,10.1,31,10.4,2085643,35.6,89004,54.4,295,14.2,363,24.7
"C1602","5","518210","48","0","2023","4","",3,8,8,8,454026,0,0,4366,"",0.20,0.06,0.06,0.06,0.10,0.00,0.00,1.83,"N",0,0.0,0,0,0,0,0,0,0,0,0,0,0,0,0,0
"C1606","5","518210","48","0","2023","4","N",1,0,0,0,0,0,0,0,"N",0.09,0,0,0,0,0,0,0,"N",-1,-50.0,0,0,0,0,0,0,0,0,0,0,0,0,0,0
"C1618","5","518210","48","0","2023","4","N",4,0,0,0,0,0,0,0,"N",0.43,0,0,0,0,0,0,0,"N",0,0.0,0,0,0,0,0,0,0,0,0,0,0,0,0,0
"C1622","5","518210","48","0","2023","4","N",7,0,0,0,0,0,0,0,"N",0.40,0,0,0,0,0,0,0,"N",2,40.0,0,0,0,0,0,0,0,0,0,0,0,0,0,0
"C1630","5","518210","48","0","2023","4","",49,658,654,656,18428382,1559549,14104,2161,"",1.19,1.51,1.51,1.52,1.10,1.66,1.28,0.73,"N",-4,-7.5,0,0,0,0,0,0,0,0,0,0,0,0,0,0
"C1654","5","518210","48","0","2023","4","N",3,0,0,0,0,0,0,0,"N",0.19,0,0,0,0,0,0,0,"N",-2,-40.0,0,0,0,0,0,0,0,0,0,0,0,0,0,0
"C1658","5","518210","48","0","2023","4","N",19,0,0,0,0,0,0,0,"N",0.85,0,0,0,0,0,0,0,"N",1,5.6,0,0,0,0,0,0,0,0,0,0,0,0,0,0
"C1662","5","518210","48","0","2023","4","",15,257,260,275,3780152,240782,6877,1101,"",0.46,0.79,0.80,0.84,0.32,1.33,1.38,0.39,"",7,87.5,-9,-3.4,-6,-2.3,11,4.2,-42187,-1.1,-125486,-34.3,-1847,-21.2,-7,-0.6
"C1670","5","518210","48","0","2023","4","",209,749,749,738,32187736,867776,7950,3322,"",1.57,0.63,0.63,0.62,0.70,0.65,0.70,1.12,"N",14,7.2,0,0,0,0,0,0,0,0,0,0,0,0,0,0
"C1674","5","518210","48","0","2023","4","",395,3824,3820,3823,143054300,6524500,48939,2879,"",0.88,0.92,0.92,0.92,0.81,0.73,0.80,0.88,"",57,16.9,163,4.5,98,2.6,143,3.9,8103496,6.0,-2614337,-28.6,-32821,-40.1,64,2.3
"C1682","5","518210","48","0","2023","4","",27,109,108,111,3194519,257338,1188,2248,"",0.67,0.30,0.30,0.31,0.21,1.47,0.91,0.71,"",3,12.5,36,49.3,36,50.0,47,73.4,637454,24.9,225330,704.0,568,91.6,-575,-20.4
"C1686","5","518210","48","0","2023","4","",91,816,808,809,33900592,281043,3923,3215,"",1.19,0.99,0.97,0.97,1.05,0.53,0.71,1.08,"",8,9.6,20,2.5,-1,-0.1,8,1.0,3790672,12.6,-250900,-47.2,-2168,-35.6,327,11.3
"C1694","5","518210","48","0","2023","4","",43,103,102,103,3321195,309369,4151,2488,"",2.03,0.69,0.69,0.69,0.62,1.09,1.70,0.89,"",2,4.9,6,6.2,7,7.4,4,4.0,650571,24.4,29954,10.7,-657,-13.7,370,17.5
"C1698","5","518210","48","0","2023","4","N",609,0,0,0,0,0,0,0,"N",0.52,0,0,0,0,0,0,0,"N",42,7.4,0,0,0,0,0,0,0,0,0,0,0,0,0,0
"C1702","5","518210","48","0","2023","4","N",5,0,0,0,0,0,0,0,"N",0.13,0,0,0,0,0,0,0,"N",2,66.7,0,0,0,0,0,0,0,0,0,0,0,0,0,0
"C1714","5","518210","48","0","2023","4","",353,1732,1740,1755,51708624,1075443,26809,2283,"",1.20,0.51,0.51,0.52,0.38,0.46,0.60,0.74,"",31,9.6,44,2.6,61,3.6,75,4.5,573795,1.1,-144530,-11.8,-1188,-4.2,-55,-2.4
"C1730","5","518210","48","0","2023","4","",33,44,44,45,1081892,31543,592,1877,"",1.00,0.15,0.14,0.15,0.11,0.14,0.25,0.78,"",1,3.1,4,10.0,6,15.8,5,12.5,219316,25.4,-1940,-5.8,-277,-31.9,190,11.3
"C1742","5","518210","48","0","2023","4","",10,12,12,11,345356,1060,12,2277,"",0.80,0.08,0.08,0.08,0.07,0.01,0.01,0.90,"",2,25.0,3,33.3,3,33.3,2,22.2,155814,82.2,-41,-3.7,-2,-14.3,657,40.6
"C1746","5","518210","48","0","2023","4","",301,2663,2617,2729,69869145,737207,29266,2013,"",1.11,0.85,0.84,0.88,0.55,0.40,0.63,0.64,"",5,1.7,-497,-15.7,-540,-17.1,-409,-13.0,-4730338,-6.3,-347546,-32.0,-2148,-6.8,192,10.5
"C1766","5","518210","48","0","2023","4","",34,50,50,51,1847966,187021,1543,2824,"",0.92,0.22,0.23,0.23,0.26,0.20,0.24,1.13,"",13,61.9,13,35.1,12,31.6,12,30.8,259483,16.3,75210,67.3,529,52.2,-392,-12.2
"C1778","5","518210","48","0","2023","4","",15,122,124,121,3177581,63371,836,1998,"",0.55,0.29,0.29,0.29,0.23,0.27,0.24,0.80,"",-2,-11.8,-27,-18.1,-31,-20.0,-33,-21.4,260136,8.9,-13515,-17.6,-393,-32.0,528,35.9
"C1782","5","518210","48","0","2023","4","N",124,0,0,0,0,0,0,0,"N",1.01,0,0,0,0,0,0,0,"N",-20,-13.9,0,0,0,0,0,0,0,0,0,0,0,0,0,0
"C1786","5","518210","48","0","2023","4","",11,6,6,7,128939,13819,334,1566,"",0.46,0.02,0.02,0.02,0.01,0.07,0.12,0.61,"",-2,-15.4,0,0.0,-1,-14.3,0,0.0,-13201,-9.3,-4736,-25.5,-107,-24.3,-74,-4.5
"C1790","5","518210","48","0","2023","4","",116,250,246,241,5538381,265991,947,1734,"",1.11,0.20,0.20,0.20,0.13,0.22,0.10,0.65,"",-5,-4.1,-245,-49.5,-253,-50.7,-269,-52.7,-5067525,-47.8,-563387,-67.9,-5926,-86.2,107,6.6
"C1798","5","518210","48","0","2023","4","",23,131,129,133,2869560,108080,1663,1685,"",0.68,0.36,0.36,0.37,0.26,0.44,0.59,0.71,"N",6,35.3,0,0,0,0,0,0,0,0,0,0,0,0,0,0
"C1802","5","518210","48","0","2023","4","",4,9,10,9,270886,17377,592,2233,"",0.42,0.06,0.06,0.06,0.04,0.16,0.46,0.74,"N",1,33.3,0,0,0,0,0,0,0,0,0,0,0,0,0,0
"C1814","5","518210","48","0","2023","4","",387,3486,3511,3544,106853741,2744355,89983,2339,"",1.47,1.03,1.03,1.05,0.78,1.19,1.66,0.75,"",26,7.2,692,24.8,741,26.8,803,29.3,32136694,43.0,961313,53.9,47288,110.8,263,12.7
"C1858","5","518210","48","0","2023","4","",6,32,34,35,630024,17939,383,1440,"",0.13,0.05,0.06,0.06,0.03,0.04,0.03,0.53,"",-1,-14.3,-12,-27.3,-9,-20.9,-6,-14.6,-89698,-12.5,-11416,-38.9,-299,-43.8,142,10.9
"C1870","5","518210","48","0","2023","4","",14,24,24,24,646330,55582,1154,2072,"",0.92,0.20,0.20,0.20,0.13,0.16,0.20,0.67,"",2,16.7,-1,-4.0,3,14.3,3,14.3,37909,6.2,-4494,-7.5,443,62.3,-24,-1.1
"C1888","5","518210","48","0","2023","4","N",32,0,0,0,0,0,0,0,"N",0.61,0,0,0,0,0,0,0,"N",0,0.0,0,0,0,0,0,0,0,0,0,0,0,0,0,0
"C1906","5","518210","48","0","2023","4","N",6,0,0,0,0,0,0,0,"N",0.59,0,0,0,0,0,0,0,"N",1,20.0,0,0,0,0,0,0,0,0,0,0,0,0,0,0
"C1910","5","518210","48","0","2023","4","",771,14904,14975,14912,509440426,10039275,237277,2625,"",0.80,1.19,1.19,1.19,0.86,1.08,1.62,0.73,"",-17,-2.2,-827,-5.3,-869,-5.5,-916,-5.8,15409666,3.1,-1843202,-15.5,-87966,-27.0,220,9.1
"C1918","5","518210","48","0","2023","4","-",0,0,0,0,0,0,0,0,"N",0.00,0,0,0,0,0,0,0,"N",-1,-100.0,0,0,0,0,0,0,0,0,0,0,0,0,0,0
"C1930","5","518210","48","0","2023","4","",55,83,100,97,1775716,163040,1112,1464,"",1.44,0.32,0.39,0.38,0.23,0.88,0.76,0.63,"",9,19.6,-36,-30.3,-15,-13.0,-16,-14.2,11201,0.6,-22597,-12.2,-1688,-60.3,291,24.8
"C1934","5","518210","48","0","2023","4","",20,29,29,30,1023923,48752,468,2685,"",0.42,0.05,0.05,0.05,0.04,0.06,0.03,0.82,"",-1,-4.8,0,0.0,0,0.0,1,3.4,211711,26.1,26033,114.6,105,28.9,531,24.7
"C1938","5","518210","48","0","2023","4","",73,355,354,356,8722755,276688,8887,1890,"",0.83,0.31,0.31,0.31,0.20,0.40,0.56,0.66,"",5,7.4,-16,-4.3,-14,-3.8,-13,-3.5,25781,0.3,100316,56.9,3911,78.6,79,4.4
"C1946","5","518210","48","0","2023","4","",10,51,47,43,800949,95185,303,1311,"",0.58,0.29,0.26,0.24,0.13,0.77,0.33,0.49,"N",-1,-9.1,0,0,0,0,0,0,0,0,0,0,0,0,0,0
"C1950","5","518210","48","0","2023","4","N",1,0,0,0,0,0,0,0,"N",0.11,0,0,0,0,0,0,0,"N",0,0.0,0,0,0,0,0,0,0,0,0,0,0,0,0,0
"C1966","5","518210","48","0","2023","4","",42,185,185,186,3965568,103457,1307,1646,"",0.46,0.27,0.27,0.28,0.19,0.29,0.41,0.69,"",0,0.0,-57,-23.6,-36,-16.3,-41,-18.1,-523926,-11.7,-46486,-31.0,-819,-38.5,144,9.6
"C1974","5","518210","48","0","2023","4","",1040,12542,12461,12446,505126161,15047339,276735,3113,"",1.69,2.50,2.48,2.48,1.96,1.83,2.12,0.79,"",-103,-9.0,-930,-6.9,-1107,-8.2,-977,-7.3,9045056,1.8,-3359192,-18.3,-85783,-23.7,284,10.0
"C1978","5","518210","48","0","2023","4","",175,1580,1583,1590,43267721,4250370,33450,2101,"",1.48,1.30,1.30,1.31,0.85,1.32,0.97,0.65,"",15,9.4,159,11.2,166,11.7,166,11.7,6993002,19.3,619763,17.1,-14572,-30.3,137,7.0
"C1982","5","518210","48","0","2023","4","",394,3675,3569,3533,92520203,2107376,59276,1981,"",0.71,0.62,0.60,0.59,0.35,0.54,0.52,0.58,"",13,3.4,300,8.9,196,5.8,95,2.8,1100699,1.2,-237090,-10.1,-11266,-16.0,-90,-4.3
"C2002","5","518210","48","0","2023","4","N",9,0,0,0,0,0,0,0,"N",0.43,0,0,0,0,0,0,0,"N",-1,-10.0,0,0,0,0,0,0,0,0,0,0,0,0,0,0
"C2010","5","518210","48","0","2023","4","",22,18,18,17,616920,6358,51,2686,"",0.87,0.08,0.08,0.08,0.08,0.04,0.03,1.02,"",-1,-4.3,-2,-10.0,-2,-10.0,-3,-15.0,-117359,-16.0,-13428,-67.9,-186,-78.5,-138,-4.9
"C2022","5","518210","48","0","2023","4","",13,22,24,24,766677,88791,888,2528,"",0.77,0.12,0.13,0.13,0.11,0.23,0.21,0.87,"",0,0.0,-144,-86.7,-141,-85.5,-142,-85.5,-3364292,-81.4,-135318,-60.4,-817,-47.9,610,31.8
"C2026","5","518210","48","0","2023","4","N",10,0,0,0,0,0,0,0,"N",0.29,0,0,0,0,0,0,0,"N",1,11.1,0,0,0,0,0,0,0,0,0,0,0,0,0,0
"C2050","5","518210","48","0","2023","4","",137,676,677,680,29955323,1309406,12259,3400,"",1.46,0.64,0.64,0.64,0.55,0.75,1.09,0.85,"",25,22.3,-188,-21.8,-189,-21.8,-182,-21.1,-13642226,-31.3,-118203,-8.3,-805,-6.2,-482,-12.4
"C2070","5","518210","48","0","2023","4","N",4,0,0,0,0,0,0,0,"N",0.24,0,0,0,0,0,0,0,"N",-2,-33.3,0,0,0,0,0,0,0,0,0,0,0,0,0,0
"C2074","5","518210","48","0","2023","4","N",2,0,0,0,0,0,0,0,"N",0.09,0,0,0,0,0,0,0,"N",0,0.0,0,0,0,0,0,0,0,0,0,0,0,0,0,0
"C2094","5","518210","48","0","2023","4","N",2,0,0,0,0,0,0,0,"N",0.05,0,0,0,0,0,0,0,"N",0,0.0,0,0,0,0,0,0,0,0,0,0,0,0,0,0
"C2106","5","518210","48","0","2023","4","",16,47,48,47,1180939,29152,624,1919,"",0.80,0.27,0.27,0.26,0.21,0.19,0.26,0.79,"",1,6.7,-93,-66.4,-89,-65.0,-89,-65.4,-2195314,-65.0,-51159,-63.7,-1056,-62.9,32,1.7
"C2114","5","518210","48","0","2023","4","N",11,0,0,0,0,0,0,0,"N",0.47,0,0,0,0,0,0,0,"N",5,83.3,0,0,0,0,0,0,0,0,0,0,0,0,0,0
"C2134","5","518210","48","0","2023","4","",35,806,831,837,12339212,1034734,22582,1151,"",0.46,0.79,0.81,0.81,0.40,1.48,2.48,0.51,"",-1,-2.8,-273,-25.3,-236,-22.1,-268,-24.3,-2675598,-17.8,-432365,-29.5,-18462,-45.0,85,8.0
"C2150","5","518210","48","0","2023","4","",3,21,20,20,385423,35256,854,1458,"",0.10,0.06,0.05,0.05,0.03,0.17,0.11,0.61,"N",-3,-50.0,0,0,0,0,0,0,0,0,0,0,0,0,0,0
"C2166","5","518210","48","0","2023","4","N",37,0,0,0,0,0,0,0,"N",0.58,0,0,0,0,0,0,0,"N",8,27.6,0,0,0,0,0,0,0,0,0,0,0,0,0,0
"C2178","5","518210","48","0","2023","4","N",7,0,0,0,0,0,0,0,"N",0.18,0,0,0,0,0,0,0,"N",0,0.0,0,0,0,0,0,0,0,0,0,0,0,0,0,0
"C2182","5","518210","48","0","2023","4","",6,10,10,12,774574,2120,47,5586,"",0.55,0.09,0.09,0.11,0.17,0.01,0.01,1.78,"",0,0.0,0,0.0,-1,-9.1,2,20.0,146916,23.4,-23296,-91.7,-696,-93.7,914,19.6
"C2202","5","518210","48","0","2023","4","N",99,0,0,0,0,0,0,0,"N",2.02,0,0,0,0,0,0,0,"N",4,4.2,0,0,0,0,0,0,0,0,0,0,0,0,0,0
"C2214","5","518210","48","0","2023","4","",9,10,10,10,333508,72004,659,2565,"",0.65,0.07,0.07,0.07,0.07,0.21,0.17,1.00,"N",3,50.0,0,0,0,0,0,0,0,0,0,0,0,0,0,0
"C2218","5","518210","48","0","2023","4","N",14,0,0,0,0,0,0,0,"N",0.36,0,0,0,0,0,0,0,"N",3,27.3,0,0,0,0,0,0,0,0,0,0,0,0,0,0
"C2222","5","518210","48","0","2023","4","",88,445,442,438,11000009,183389,3263,1916,"",1.24,0.53,0.52,0.52,0.35,0.36,0.62,0.67,"",-5,-5.4,-51,-10.3,-44,-9.1,-35,-7.4,-688973,-5.9,-173854,-48.7,-7302,-69.1,62,3.3
"C2238","5","518210","48","0","2023","4","N",6,0,0,0,0,0,0,0,"N",0.32,0,0,0,0,0,0,0,"N",-1,-14.3,0,0,0,0,0,0,0,0,0,0,0,0,0,0
"C2242","5","518210","48","0","2023","4","",17,62,62,75,780485,88430,1334,905,"",0.46,0.15,0.15,0.18,0.06,0.32,0.17,0.35,"N",1,6.2,0,0,0,0,0,0,0,0,0,0,0,0,0,0
"C2250","5","518210","48","0","2023","4","N",9,0,0,0,0,0,0,0,"N",0.41,0,0,0,0,0,0,0,"N",1,12.5,0,0,0,0,0,0,0,0,0,0,0,0,0,0
"C2252","5","518210","48","0","2023","4","N",11,0,0,0,0,0,0,0,"N",0.60,0,0,0,0,0,0,0,"N",3,37.5,0,0,0,0,0,0,0,0,0,0,0,0,0,0
"C2254","5","518210","48","0","2023","4","N",2,0,0,0,0,0,0,0,"N",0.18,0,0,0,0,0,0,0,"N",1,100.0,0,0,0,0,0,0,0,0,0,0,0,0,0,0
"C2266","5","518210","48","0","2023","4","",91,405,418,413,10353446,506111,9364,1933,"",1.28,0.73,0.76,0.75,0.45,0.58,0.71,0.60,"",3,3.4,-44,-9.8,-25,-5.6,-23,-5.3,80837,0.8,98395,24.1,2067,28.3,148,8.3
"C2290","5","518210","48","0","2023","4","N",15,0,0,0,0,0,0,0,"N",0.48,0,0,0,0,0,0,0,"N",2,15.4,0,0,0,0,0,0,0,0,0,0,0,0,0,0
"C2306","5","518210","48","0","2023","4","N",20,0,0,0,0,0,0,0,"N",0.38,0,0,0,0,0,0,0,"N",0,0.0,0,0,0,0,0,0,0,0,0,0,0,0,0,0
"C2342","5","518210","48","0","2023","4","",14,46,46,45,845786,6534,158,1425,"",0.07,0.03,0.04,0.03,0.02,0.01,0.01,0.54,"N",3,27.3,0,0,0,0,0,0,0,0,0,0,0,0,0,0
"C2346","5","518210","48","0","2023","4","N",1,0,0,0,0,0,0,0,"N",0.09,0,0,0,0,0,0,0,"N",0,0.0,0,0,0,0,0,0,0,0,0,0,0,0,0,0
"C2354","5","518210","48","0","2023","4","N",22,0,0,0,0,0,0,0,"N",0.56,0,0,0,0,0,0,0,"N",0,0.0,0,0,0,0,0,0,0,0,0,0,0,0,0,0
"C2358","5","518210","48","0","2023","4","",10,49,44,47,861541,35243,825,1420,"",0.37,0.15,0.14,0.15,0.07,0.14,0.29,0.48,"",3,42.9,16,48.5,11,33.3,14,42.4,96101,12.6,20789,143.8,694,529.8,-364,-20.4
"C2390","5","518210","48","0","2023","4","",7,8,8,8,251743,3860,362,2421,"",0.69,0.07,0.08,0.08,0.07,0.05,0.16,0.97,"",2,40.0,3,60.0,3,60.0,2,33.3,153651,156.6,-3778,-49.5,-288,-44.3,1006,71.1
"C2402","5","518210","48","0","2023","4","",6,41,41,39,964222,3591,94,1839,"",0.36,0.26,0.26,0.25,0.17,0.03,0.03,0.67,"N",3,100.0,0,0,0,0,0,0,0,0,0,0,0,0,0,0
"C2414","5","518210","48","0","2023","4","N",1,0,0,0,0,0,0,0,"N",0.08,0,0,0,0,0,0,0,"N",1,100.0,0,0,0,0,0,0,0,0,0,0,0,0,0,0
"C2422","5","518210","48","0","2023","4","",17,24,24,24,489425,139259,1465,1569,"",1.01,0.14,0.15,0.15,0.09,0.34,0.43,0.59,"",3,21.4,10,71.4,7,41.2,7,41.2,188092,62.4,60286,76.3,748,104.3,120,8.3
"C2426","5","518210","48","0","2023","4","N",1,0,0,0,0,0,0,0,"N",0.08,0,0,0,0,0,0,0,"N",0,0.0,0,0,0,0,0,0,0,0,0,0,0,0,0,0
"C2430","5","518210","48","0","2023","4","",11,72,74,72,2023290,60454,1574,2142,"",0.42,0.35,0.36,0.35,0.29,0.19,0.28,0.81,"",-2,-15.4,7,10.8,-1,-1.3,-1,-1.4,312406,18.3,-11669,-16.2,-539,-25.5,288,15.5
"C2434","5","518210","48","0","2023","4","",95,835,819,828,20978444,364831,10376,1951,"",0.72,0.46,0.45,0.46,0.32,0.30,0.35,0.70,"",11,13.1,3,0.4,-4,-0.5,12,1.5,-6244053,-22.9,-186203,-33.8,-5766,-35.7,-591,-23.2
"C2442","5","518210","48","0","2023","4","",7,16,15,16,463267,79665,1404,2275,"",0.53,0.16,0.16,0.16,0.17,0.20,0.19,1.04,"",2,40.0,3,23.1,2,15.4,1,6.7,71109,18.1,-3877,-4.6,-218,-13.4,68,3.1
"C2450","5","518210","48","0","2023","4","N",5,0,0,0,0,0,0,0,"N",0.34,0,0,0,0,0,0,0,"N",-2,-28.6,0,0,0,0,0,0,0,0,0,0,0,0,0,0
"C2454","5","518210","48","0","2023","4","",38,106,107,108,2726478,140884,4405,1960,"",0.86,0.29,0.29,0.30,0.19,0.20,0.44,0.65,"N",-3,-7.3,0,0,0,0,0,0,0,0,0,0,0,0,0,0
"C2458","5","518210","48","0","2023","4","N",10,0,0,0,0,0,0,0,"N",0.25,0,0,0,0,0,0,0,"N",0,0.0,0,0,0,0,0,0,0,0,0,0,0,0,0,0
"C2466","5","518210","48","0","2023","4","",46,386,384,379,11368425,530133,4086,2283,"",0.44,0.35,0.34,0.34,0.30,0.22,0.27,0.86,"",5,12.2,-75,-16.3,-73,-16.0,-71,-15.8,-1885752,-14.2,-97358,-15.5,645,18.7,47,2.1
"C2478","5","518210","48","0","2023","4","",8,20,19,19,454260,104801,963,1807,"",0.38,0.08,0.07,0.07,0.05,0.23,0.33,0.66,"N",0,0.0,0,0,0,0,0,0,0,0,0,0,0,0,0,0
"C2486","5","518210","48","0","2023","4","",134,491,498,506,14909435,882566,4768,2301,"",1.08,0.37,0.37,0.38,0.32,0.60,0.41,0.85,"N",3,2.3,0,0,0,0,0,0,0,0,0,0,0,0,0,0
"C2506","5","518210","48","0","2023","4","N",8,0,0,0,0,0,0,0,"N",0.20,0,0,0,0,0,0,0,"N",2,33.3,0,0,0,0,0,0,0,0,0,0,0,0,0,0
"C2518","5","518210","48","0","2023","4","",20,205,206,207,5193094,82501,1842,1939,"",0.63,0.65,0.66,0.65,0.48,0.43,0.41,0.73,"N",5,33.3,0,0,0,0,0,0,0,0,0,0,0,0,0,0
"C2522","5","518210","48","0","2023","4","N",8,0,0,0,0,0,0,0,"N",0.48,0,0,0,0,0,0,0,"N",2,33.3,0,0,0,0,0,0,0,0,0,0,0,0,0,0
"C2526","5","518210","48","0","2023","4","N",1,0,0,0,0,0,0,0,"N",0.04,0,0,0,0,0,0,0,"N",-1,-50.0,0,0,0,0,0,0,0,0,0,0,0,0,0,0
"C2542","5","518210","48","0","2023","4","N",33,0,0,0,0,0,0,0,"N",0.48,0,0,0,0,0,0,0,"N",-3,-8.3,0,0,0,0,0,0,0,0,0,0,0,0,0,0
"C2550","5","518210","48","0","2023","4","N",5,0,0,0,0,0,0,0,"N",0.30,0,0,0,0,0,0,0,"N",1,25.0,0,0,0,0,0,0,0,0,0,0,0,0,0,0
"C2554","5","518210","48","0","2023","4","",262,1181,1156,1162,38013432,978465,23724,2507,"",1.36,0.61,0.60,0.61,0.43,0.60,0.61,0.70,"N",1,0.4,0,0,0,0,0,0,0,0,0,0,0,0,0,0
"C2562","5","518210","48","0","2023","4","N",1,0,0,0,0,0,0,0,"N",0.06,0,0,0,0,0,0,0,"N",0,0.0,0,0,0,0,0,0,0,0,0,0,0,0,0,0
"C2586","5","518210","48","0","2023","4","N",17,0,0,0,0,0,0,0,"N",0.40,0,0,0,0,0,0,0,"N",2,13.3,0,0,0,0,0,0,0,0,0,0,0,0,0,0
"C2594","5","518210","48","0","2023","4","N",24,0,0,0,0,0,0,0,"N",0.64,0,0,0,0,0,0,0,"N",-2,-7.7,0,0,0,0,0,0,0,0,0,0,0,0,0,0
"C2598","5","518210","48","0","2023","4","N",1,0,0,0,0,0,0,0,"N",0.18,0,0,0,0,0,0,0,"N",0,0.0,0,0,0,0,0,0,0,0,0,0,0,0,0,0
"C2614","5","518210","48","0","2023","4","N",6,0,0,0,0,0,0,0,"N",0.37,0,0,0,0,0,0,0,"N",3,100.0,0,0,0,0,0,0,0,0,0,0,0,0,0,0
"C2630","5","518210","48","0","2023","4","N",3,0,0,0,0,0,0,0,"N",0.21,0,0,0,0,0,0,0,"N",-1,-25.0,0,0,0,0,0,0,0,0,0,0,0,0,0,0
"C2638","5","518210","48","0","2023","4","",11,44,43,43,636521,44953,779,1130,"",0.44,0.17,0.17,0.17,0.06,0.31,0.42,0.38,"",0,0.0,5,12.8,5,13.2,7,19.4,124953,24.4,-4256,-8.6,-309,-28.4,85,8.1
"C2642","5","518210","48","0","2023","4","N",412,0,0,0,0,0,0,0,"N",0.52,0,0,0,0,0,0,0,"N",-17,-4.0,0,0,0,0,0,0,0,0,0,0,0,0,0,0
"C2658","5","518210","48","0","2023","4","N",24,0,0,0,0,0,0,0,"N",0.56,0,0,0,0,0,0,0,"N",5,26.3,0,0,0,0,0,0,0,0,0,0,0,0,0,0
"C2662","5","518210","48","0","2023","4","",122,273,269,269,10098710,161136,2248,2874,"",1.78,0.34,0.33,0.33,0.28,0.32,0.49,0.83,"",24,24.5,10,3.8,6,2.3,2,0.7,781493,8.4,-54286,-25.2,-1752,-43.8,163,6.0
"C2682","5","518210","48","0","2023","4","",19,41,39,38,808648,323482,2522,1581,"",0.64,0.16,0.16,0.15,0.09,0.33,0.41,0.60,"N",5,35.7,0,0,0,0,0,0,0,0,0,0,0,0,0,0
"C2690","5","518210","48","0","2023","4","",207,1933,1933,1927,45983631,1325586,22357,1832,"",0.78,0.57,0.56,0.56,0.34,0.49,0.54,0.61,"",25,13.7,120,6.6,139,7.7,105,5.8,5388106,13.3,318055,31.6,1954,9.6,106,6.1
"C2698","5","518210","48","0","2023","4","N",44,0,0,0,0,0,0,0,"N",1.64,0,0,0,0,0,0,0,"N",5,12.8,0,0,0,0,0,0,0,0,0,0,0,0,0,0
"C2706","5","518210","48","0","2023","4","",8,25,24,24,763887,23749,585,2415,"",0.64,0.17,0.16,0.16,0.13,0.31,0.26,0.78,"",1,14.3,2,8.7,10,71.4,2,9.1,-8708,-1.1,10827,83.8,66,12.7,-607,-20.1
"C2710","5","518210","48","0","2023","4","N",1,0,0,0,0,0,0,0,"N",0.06,0,0,0,0,0,0,0,"N",0,0.0,0,0,0,0,0,0,0,0,0,0,0,0,0,0
"C2714","5","518210","48","0","2023","4","N",19,0,0,0,0,0,0,0,"N",0.27,0,0,0,0,0,0,0,"N",5,35.7,0,0,0,0,0,0,0,0,0,0,0,0,0,0
"C2718","5","518210","48","0","2023","4","N",6,0,0,0,0,0,0,0,"N",0.37,0,0,0,0,0,0,0,"N",-2,-25.0,0,0,0,0,0,0,0,0,0,0,0,0,0,0
"C2726","5","518210","48","0","2023","4","N",191,0,0,0,0,0,0,0,"N",0.77,0,0,0,0,0,0,0,"N",6,3.2,0,0,0,0,0,0,0,0,0,0,0,0,0,0
"C2734","5","518210","48","0","2023","4","",11,17,16,17,328433,68558,711,1516,"",0.55,0.10,0.09,0.10,0.07,0.19,0.32,0.73,"",2,22.2,-17,-50.0,-17,-51.5,-15,-46.9,-310169,-48.6,-42480,-38.3,-403,-36.2,27,1.8
"C2750","5","518210","48","0","2023","4","",7,386,382,377,5592733,444894,7035,1127,"",0.41,1.79,1.79,1.77,0.77,2.34,2.15,0.43,"",0,0.0,-11,-2.8,-16,-4.0,-9,-2.3,118320,2.2,-19535,-4.2,5845,491.2,57,5.3
"C2762","5","518210","48","0","2023","4","",11,472,472,466,5982964,280812,3437,979,"",0.59,1.96,1.97,1.94,0.78,1.98,2.04,0.40,"",0,0.0,42,9.8,39,9.0,21,4.7,680585,12.8,-48722,-14.8,-611,-15.1,44,4.7
"C2774","5","518210","48","0","2023","4","N",23,0,0,0,0,0,0,0,"N",0.98,0,0,0,0,0,0,0,"N",6,35.3,0,0,0,0,0,0,0,0,0,0,0,0,0,0
"C2778","5","518210","48","0","2023","4","N",2,0,0,0,0,0,0,0,"N",0.13,0,0,0,0,0,0,0,"N",0,0.0,0,0,0,0,0,0,0,0,0,0,0,0,0,0
"C2786","5","518210","48","0","2023","4","N",3,0,0,0,0,0,0,0,"N",0.19,0,0,0,0,0,0,0,"N",-1,-25.0,0,0,0,0,0,0,0,0,0,0,0,0,0,0
"C2790","5","518210","48","0","2023","4","N",2,0,0,0,0,0,0,0,"N",0.09,0,0,0,0,0,0,0,"N",1,100.0,0,0,0,0,0,0,0,0,0,0,0,0,0,0
"C2798","5","518210","48","0","2023","4","",60,72,149,67,2789109,700476,19489,2235,"",1.73,0.33,0.67,0.30,0.35,0.66,0.66,0.80,"",-2,-3.2,-9,-11.1,75,101.4,-21,-23.9,10338,0.4,192357,37.9,6409,49.0,-404,-15.3
"C2802","5","518210","48","0","2023","4","N",15,0,0,0,0,0,0,0,"N",0.39,0,0,0,0,0,0,0,"N",1,7.1,0,0,0,0,0,0,0,0,0,0,0,0,0,0
"C2810","5","518210","48","0","2023","4","N",1,0,0,0,0,0,0,0,"N",0.10,0,0,0,0,0,0,0,"N",0,0.0,0,0,0,0,0,0,0,0,0,0,0,0,0,0
"C2814","5","518210","48","0","2023","4","",474,4614,4596,4594,107998144,3205305,44975,1805,"",1.36,1.37,1.36,1.36,0.78,0.64,0.96,0.57,"",9,1.9,102,2.3,47,1.0,59,1.3,1565631,1.5,-3760131,-54.0,-49597,-52.4,-2,-0.1
"C2842","5","518210","48","0","2023","4","N",8,0,0,0,0,0,0,0,"N",0.24,0,0,0,0,0,0,0,"N",-4,-33.3,0,0,0,0,0,0,0,0,0,0,0,0,0,0
"C2866","5","518210","48","0","2023","4","N",17,0,0,0,0,0,0,0,"N",0.47,0,0,0,0,0,0,0,"N",0,0.0,0,0,0,0,0,0,0,0,0,0,0,0,0,0
"C2870","5","518210","48","0","2023","4","",18,163,168,169,2413997,116480,1323,1114,"",0.52,0.45,0.46,0.46,0.20,0.55,0.71,0.43,"",1,5.9,27,19.9,34,25.4,36,27.1,460222,23.6,45452,64.0,912,221.9,-5,-0.4
"C2874","5","518210","48","0","2023","4","",9,97,100,99,1821938,124896,2900,1420,"",0.35,0.52,0.54,0.55,0.28,0.87,0.66,0.51,"",-1,-10.0,6,6.6,7,7.5,5,5.3,344609,23.3,53512,75.0,578,24.9,194,15.8
"C2894","5","518210","48","0","2023","4","N",154,0,0,0,0,0,0,0,"N",1.27,0,0,0,0,0,0,0,"N",27,21.3,0,0,0,0,0,0,0,0,0,0,0,0,0,0
"C2902","5","518210","48","0","2023","4","N",2,0,0,0,0,0,0,0,"N",0.24,0,0,0,0,0,0,0,"N",0,0.0,0,0,0,0,0,0,0,0,0,0,0,0,0,0
"C2910","5","518210","48","0","2023","4","N",5,0,0,0,0,0,0,0,"N",0.28,0,0,0,0,0,0,0,"N",-1,-16.7,0,0,0,0,0,0,0,0,0,0,0,0,0,0
"C2918","5","518210","48","0","2023","4","",49,227,226,231,3561498,106818,910,1202,"",0.61,0.37,0.37,0.37,0.17,0.29,0.18,0.45,"",-3,-5.8,38,20.1,40,21.5,44,23.5,725072,25.6,59981,128.1,318,53.7,37,3.2
"C2920","5","518210","48","0","2023","4","",8,9,9,12,411121,14041,351,3162,"",0.37,0.03,0.03,0.04,0.04,0.07,0.13,1.16,"N",-1,-11.1,0,0,0,0,0,0,0,0,0,0,0,0,0,0
"C2934","5","518210","48","0","2023","4","N",14,0,0,0,0,0,0,0,"N",0.50,0,0,0,0,0,0,0,"N",1,7.7,0,0,0,0,0,0,0,0,0,0,0,0,0,0
"C2942","5","518210","48","0","2023","4","N",3,0,0,0,0,0,0,0,"N",0.13,0,0,0,0,0,0,0,"N",0,0.0,0,0,0,0,0,0,0,0,0,0,0,0,0,0
"C2946","5","518210","48","0","2023","4","",32,77,75,73,2090574,26287,122,2144,"",0.41,0.09,0.09,0.09,0.08,0.05,0.03,0.85,"",5,18.5,-40,-34.2,-40,-34.8,-42,-36.5,-1762,-0.1,-32997,-55.7,-587,-82.8,753,54.1
"C2954","5","518210","48","0","2023","4","",11,99,94,89,2197131,45366,2015,1798,"",0.17,0.13,0.12,0.11,0.08,0.09,0.13,0.66,"",0,0.0,8,8.8,4,4.4,-3,-3.3,-107658,-4.7,5201,12.9,915,83.2,-150,-7.7
"C2962","5","518210","48","0","2023","4","N",39,0,0,0,0,0,0,0,"N",0.75,0,0,0,0,0,0,0,"N",0,0.0,0,0,0,0,0,0,0,0,0,0,0,0,0,0
"C2970","5","518210","48","0","2023","4","N",2,0,0,0,0,0,0,0,"N",0.07,0,0,0,0,0,0,0,"N",0,0.0,0,0,0,0,0,0,0,0,0,0,0,0,0,0
"C2974","5","518210","48","0","2023","4","",45,99,98,107,1855192,343275,1701,1408,"",1.74,0.40,0.40,0.44,0.26,0.60,0.26,0.62,"",9,25.0,-1,-1.0,0,0.0,3,2.9,555925,42.8,-75700,-18.1,-633,-27.1,415,41.8
"C2982","5","518210","48","0","2023","4","",261,2063,2069,2085,89032039,8265154,170866,3305,"",0.92,0.59,0.60,0.60,0.68,0.63,0.71,1.14,"",-8,-3.0,45,2.2,71,3.6,70,3.5,13531980,17.9,1707227,26.0,37022,27.7,416,14.4
"C2994","5","518210","48","0","2023","4","",29,126,125,128,3323937,163774,3382,2024,"",1.75,0.79,0.79,0.81,0.68,0.44,1.55,0.85,"",0,0.0,10,8.6,13,11.6,15,13.3,221139,7.1,-30621,-15.8,-991,-22.7,-76,-3.6
"C3002","5","518210","48","0","2023","4","N",4,0,0,0,0,0,0,0,"N",0.31,0,0,0,0,0,0,0,"N",-2,-33.3,0,0,0,0,0,0,0,0,0,0,0,0,0,0
"C3014","5","518210","48","0","2023","4","",4,9,8,8,144800,437,22,1337,"",0.30,0.05,0.05,0.05,0.03,0.00,0.01,0.52,"N",0,0.0,0,0,0,0,0,0,0,0,0,0,0,0,0,0
"C3030","5","518210","48","0","2023","4","",3,32,33,34,1232303,141511,2040,2873,"",0.33,0.36,0.37,0.38,0.43,0.39,0.69,1.17,"",0,0.0,0,0.0,1,3.1,1,3.0,287597,30.4,-233717,-62.3,635,45.2,625,27.8
"C3034","5","518210","48","0","2023","4","",9,7,7,7,135698,8212,162,1491,"",0.58,0.05,0.05,0.05,0.03,0.07,0.07,0.57,"N",0,0.0,0,0,0,0,0,0,0,0,0,0,0,0,0,0
"C3046","5","518210","48","0","2023","4","",99,559,570,564,15122366,378167,6861,2061,"",1.04,0.63,0.64,0.64,0.46,0.53,1.04,0.72,"",8,8.8,-147,-20.8,-129,-18.5,-143,-20.2,-3542840,-19.0,-381063,-50.2,-7470,-52.1,22,1.1
"C3062","5","518210","48","0","2023","4","N",6,0,0,0,0,0,0,0,"N",0.52,0,0,0,0,0,0,0,"N",-1,-14.3,0,0,0,0,0,0,0,0,0,0,0,0,0,0
"C3070","5","518210","48","0","2023","4","",40,296,305,303,7124977,156047,1108,1819,"",0.84,0.53,0.54,0.54,0.36,0.45,0.41,0.67,"",1,2.6,-15,-4.8,-6,-1.9,-9,-2.9,577061,8.8,-46828,-23.1,-1265,-53.3,201,12.4
"C3078","5","518210","48","0","2023","4","",72,1682,1674,1669,42413815,187219,1550,1948,"",0.73,1.53,1.53,1.51,1.10,0.32,0.24,0.72,"",-11,-13.3,-123,-6.8,-142,-7.8,-147,-8.1,-1315489,-3.0,-271249,-59.2,-4134,-72.7,92,5.0
"C3086","5","518210","48","0","2023","4","N",10,0,0,0,0,0,0,0,"N",0.44,0,0,0,0,0,0,0,"N",-2,-16.7,0,0,0,0,0,0,0,0,0,0,0,0,0,0
"C3098","5","518210","48","0","2023","4","N",3,0,0,0,0,0,0,0,"N",0.11,0,0,0,0,0,0,0,"N",-1,-25.0,0,0,0,0,0,0,0,0,0,0,0,0,0,0
"C3102","5","518210","48","0","2023","4","N",6,0,0,0,0,0,0,0,"N",0.53,0,0,0,0,0,0,0,"N",2,50.0,0,0,0,0,0,0,0,0,0,0,0,0,0,0
"C3108","5","518210","48","0","2023","4","",993,13975,14078,14168,689614095,7552056,251362,3769,"",0.31,0.73,0.73,0.74,0.71,0.71,0.74,0.97,"",47,5.0,-297,-2.1,-288,-2.0,-294,-2.0,42381401,6.5,-729549,-8.8,-22893,-8.3,304,8.8
"C3114","5","518210","48","0","2023","4","",196,1214,1206,1203,33940185,606229,7824,2162,"",0.94,0.59,0.58,0.58,0.42,0.35,0.43,0.73,"",17,9.5,-452,-27.1,-466,-27.9,-472,-28.2,-8643861,-20.3,-521033,-46.2,-17225,-68.8,202,10.3
"C3118","5","518210","48","0","2023","4","N",10,0,0,0,0,0,0,0,"N",0.26,0,0,0,0,0,0,0,"N",-3,-23.1,0,0,0,0,0,0,0,0,0,0,0,0,0,0
"C3134","5","518210","48","0","2023","4","",15,34,34,34,1024268,26877,103,2317,"",0.41,0.11,0.11,0.11,0.10,0.17,0.08,0.93,"N",-5,-25.0,0,0,0,0,0,0,0,0,0,0,0,0,0,0
"C3142","5","518210","48","0","2023","4","",9,56,57,56,1753336,15288,400,2394,"",0.32,0.19,0.19,0.19,0.18,0.07,0.17,0.95,"N",-3,-25.0,0,0,0,0,0,0,0,0,0,0,0,0,0,0
"C3146","5","518210","48","0","2023","4","N",1,0,0,0,0,0,0,0,"N",0.04,0,0,0,0,0,0,0,"N",-1,-50.0,0,0,0,0,0,0,0,0,0,0,0,0,0,0
"C3154","5","518210","48","0","2023","4","N",52,0,0,0,0,0,0,0,"N",0.55,0,0,0,0,0,0,0,"N",2,4.0,0,0,0,0,0,0,0,0,0,0,0,0,0,0
"C3170","5","518210","48","0","2023","4","",30,327,322,316,12280243,172790,2512,2937,"",0.52,0.52,0.51,0.50,0.40,0.33,0.81,0.79,"",-4,-11.8,-61,-15.7,-72,-18.3,-70,-18.1,-1791042,-12.7,-820068,-82.6,-1003,-28.5,157,5.6
"C3174","5","518210","48","0","2023","4","N",17,0,0,0,0,0,0,0,"N",1.37,0,0,0,0,0,0,0,"N",7,70.0,0,0,0,0,0,0,0,0,0,0,0,0,0,0
"C3186","5","518210","48","0","2023","4","N",2,0,0,0,0,0,0,0,"N",0.15,0,0,0,0,0,0,0,"N",2,100.0,0,0,0,0,0,0,0,0,0,0,0,0,0,0
"C3190","5","518210","48","0","2023","4","N",3,0,0,0,0,0,0,0,"N",0.23,0,0,0,0,0,0,0,"N",0,0.0,0,0,0,0,0,0,0,0,0,0,0,0,0,0
"C3258","5","518210","48","0","2023","4","N",9,0,0,0,0,0,0,0,"N",0.14,0,0,0,0,0,0,0,"N",-2,-18.2,0,0,0,0,0,0,0,0,0,0,0,0,0,0
"C3278","5","518210","48","0","2023","4","",15,48,48,46,2094581,185637,2298,3404,"",0.38,0.17,0.17,0.16,0.22,0.15,0.10,1.32,"N",0,0.0,0,0,0,0,0,0,0,0,0,0,0,0,0,0
"C3282","5","518210","48","0","2023","4","",116,485,486,495,15944699,285725,5753,2510,"",0.79,0.25,0.25,0.25,0.21,0.21,0.51,0.83,"",5,4.5,-1,-0.2,0,0.0,-24,-4.6,2283447,16.7,-183876,-39.2,-3505,-37.9,396,18.7
"C3290","5","518210","48","0","2023","4","",3,5,5,5,121469,220,7,1869,"",0.08,0.02,0.02,0.02,0.01,0.00,0.00,0.76,"N",2,200.0,0,0,0,0,0,0,0,0,0,0,0,0,0,0
"C3310","5","518210","48","0","2023","4","",940,7827,7719,7774,319711409,3597684,46064,3164,"",0.74,0.90,0.89,0.89,0.82,0.69,0.86,0.92,"",74,8.5,86,1.1,-123,-1.6,-32,-0.4,24684602,8.4,-1059131,-22.7,-6213,-11.9,253,8.7
"C3314","5","518210","48","0","2023","4","",6,16,16,16,256791,3910,56,1235,"",0.54,0.12,0.12,0.12,0.06,0.04,0.04,0.51,"N",0,0.0,0,0,0,0,0,0,0,0,0,0,0,0,0,0
"C3322","5","518210","48","0","2023","4","N",6,0,0,0,0,0,0,0,"N",0.29,0,0,0,0,0,0,0,"N",0,0.0,0,0,0,0,0,0,0,0,0,0,0,0,0,0
"C3326","5","518210","48","0","2023","4","",4,23,25,27,455340,21861,62,1401,"",0.13,0.06,0.07,0.07,0.02,0.07,0.01,0.33,"N",1,33.3,0,0,0,0,0,0,0,0,0,0,0,0,0,0
"C3334","5","518210","48","0","2023","4","",72,4175,4152,4155,137269777,1637376,20652,2538,"",0.32,1.64,1.63,1.64,1.33,0.73,0.52,0.81,"N",-2,-2.7,0,0,0,0,0,0,0,0,0,0,0,0,0,0
"C3346","5","518210","48","0","2023","4","",335,5103,5119,5104,248738741,11122393,56332,3745,"",0.68,0.84,0.85,0.85,0.91,0.76,0.43,1.07,"",8,2.4,-53,-1.0,-47,-0.9,-41,-0.8,40600671,19.5,-1956409,-15.0,-6765,-10.7,640,20.6
"C3354","5","518210","48","0","2023","4","N",17,0,0,0,0,0,0,0,"N",0.53,0,0,0,0,0,0,0,"N",2,13.3,0,0,0,0,0,0,0,0,0,0,0,0,0,0
"C3366","5","518210","48","0","2023","4","",45,184,184,184,3655265,129783,3190,1528,"",0.82,0.34,0.34,0.34,0.18,0.36,1.05,0.52,"",4,9.8,61,49.6,58,46.0,59,47.2,1356421,59.0,-28201,-17.9,855,36.6,110,7.8
"C3370","5","518210","48","0","2023","4","N",2,0,0,0,0,0,0,0,"N",0.03,0,0,0,0,0,0,0,"N",0,0.0,0,0,0,0,0,0,0,0,0,0,0,0,0,0
"C3374","5","518210","48","0","2023","4","N",15,0,0,0,0,0,0,0,"N",0.57,0,0,0,0,0,0,0,"N",-3,-16.7,0,0,0,0,0,0,0,0,0,0,0,0,0,0
"C3378","5","518210","48","0","2023","4","N",5,0,0,0,0,0,0,0,"N",0.40,0,0,0,0,0,0,0,"N",1,25.0,0,0,0,0,0,0,0,0,0,0,0,0,0,0
"C3386","5","518210","48","0","2023","4","N",59,0,0,0,0,0,0,0,"N",1.28,0,0,0,0,0,0,0,"N",15,34.1,0,0,0,0,0,0,0,0,0,0,0,0,0,0
"C3406","5","518210","48","0","2023","4","N",25,0,0,0,0,0,0,0,"N",1.18,0,0,0,0,0,0,0,"N",11,78.6,0,0,0,0,0,0,0,0,0,0,0,0,0,0
"C3410","5","518210","48","0","2023","4","N",4,0,0,0,0,0,0,0,"N",0.34,0,0,0,0,0,0,0,"N",0,0.0,0,0,0,0,0,0,0,0,0,0,0,0,0,0
"C3458","5","518210","48","0","2023","4","",4,39,40,38,1308972,205089,2787,2582,"",0.24,0.24,0.25,0.23,0.21,0.26,0.24,0.90,"",1,33.3,-1,-2.5,0,0.0,-3,-7.3,52372,4.2,24385,13.5,1034,59.0,185,7.7
"C3462","5","518210","48","0","2023","4","",6,14,15,14,220060,10021,251,1181,"",0.57,0.10,0.11,0.10,0.05,0.11,0.19,0.51,"",1,20.0,3,27.3,5,50.0,4,40.0,53690,32.3,-103,-1.0,109,76.8,-57,-4.6
"C3474","5","518210","48","0","2023","4","N",5,0,0,0,0,0,0,0,"N",0.32,0,0,0,0,0,0,0,"N",0,0.0,0,0,0,0,0,0,0,0,0,0,0,0,0,0
"C3482","5","518210","48","0","2023","4","",65,104,106,106,2902903,147886,1327,2120,"",0.89,0.18,0.19,0.19,0.18,0.18,0.19,0.95,"N",8,14.0,0,0,0,0,0,0,0,0,0,0,0,0,0,0
"C3490","5","518210","48","0","2023","4","",7,38,34,38,1315291,8212,309,2759,"",0.25,0.15,0.14,0.16,0.12,0.06,0.07,0.84,"",-2,-22.2,-5,-11.6,-8,-19.0,-4,-9.5,-40800,-3.0,6523,386.2,260,530.6,295,12.0
"C3494","5","518210","48","0","2023","4","",44,92,92,87,3088988,88601,800,2630,"",0.53,0.18,0.17,0.16,0.14,0.24,0.26,0.84,"",6,15.8,17,22.7,16,21.1,8,10.1,861814,38.7,-12393,-12.3,-616,-43.5,395,17.7
"C3498","5","518210","48","0","2023","4","",593,4591,4584,4603,149115728,1717253,23555,2498,"",1.69,1.35,1.33,1.34,0.98,0.77,0.92,0.73,"",94,18.8,321,7.5,285,6.6,232,5.3,9952094,7.2,-657102,-27.7,-10440,-30.7,16,0.6
"C3510","5","518210","48","0","2023","4","N",8,0,0,0,0,0,0,0,"N",0.52,0,0,0,0,0,0,0,"N",0,0.0,0,0,0,0,0,0,0,0,0,0,0,0,0,0
"C3530","5","518210","48","0","2023","4","",191,337,335,335,33874482,372722,7607,7763,"",1.53,0.29,0.28,0.28,0.67,0.36,0.30,2.37,"",-10,-5.0,-78,-18.8,-77,-18.7,-72,-17.7,-3765351,-10.0,-19985,-5.1,-6223,-45.0,724,10.3
"C3538","5","518210","48","0","2023","4","",261,1282,1307,1297,25182497,1617501,29645,1495,"",1.20,0.77,0.78,0.77,0.38,1.58,2.15,0.49,"",-2,-0.8,82,6.8,93,7.7,55,4.4,-205479,-0.8,129296,8.7,-186,-0.6,-108,-6.7
"C3562","5","518210","48","0","2023","4","N",1720,0,0,0,0,0,0,0,"N",0.56,0,0,0,0,0,0,0,"N",176,11.4,0,0,0,0,0,0,0,0,0,0,0,0,0,0
"C3566","5","518210","48","0","2023","4","N",6,0,0,0,0,0,0,0,"N",0.29,0,0,0,0,0,0,0,"N",1,20.0,0,0,0,0,0,0,0,0,0,0,0,0,0,0
"C3584","5","518210","48","0","2023","4","",125,415,410,406,12182861,235683,5359,2284,"",0.76,0.40,0.39,0.39,0.31,0.35,0.93,0.78,"",38,43.7,9,2.2,5,1.2,1,0.2,272431,2.3,-86438,-26.8,-1689,-24.0,24,1.1
"C3598","5","518210","48","0","2023","4","",39,50,48,49,1779137,44340,1212,2793,"",1.02,0.13,0.13,0.13,0.11,0.15,0.17,0.86,"",1,2.6,-4,-7.4,-3,-5.9,1,2.1,250999,16.4,-10420,-19.0,-307,-20.2,488,21.2
"C3610","5","518210","48","0","2023","4","",18,80,82,81,2016900,33813,453,1915,"",0.39,0.22,0.22,0.22,0.18,0.15,0.23,0.81,"",0,0.0,20,33.3,16,24.2,15,22.7,481139,31.3,-2324,-6.4,-440,-49.3,69,3.7
"C3614","5","518210","48","0","2023","4","",4,12,12,12,314332,52605,1363,2015,"",0.22,0.10,0.10,0.10,0.09,0.14,0.10,0.87,"",0,0.0,4,50.0,4,50.0,4,50.0,94447,43.0,-5445,-9.4,125,10.1,-99,-4.7
"C3626","5","518210","48","0","2023","4","N",40,0,0,0,0,0,0,0,"N",0.44,0,0,0,0,0,0,0,"N",-8,-16.7,0,0,0,0,0,0,0,0,0,0,0,0,0,0
"C3642","5","518210","48","0","2023","4","",219,902,912,924,19562003,2265711,27521,1649,"",0.98,0.44,0.44,0.44,0.26,0.58,0.77,0.60,"",48,28.1,111,14.0,119,15.0,129,16.2,3665268,23.1,364596,19.2,8047,41.3,107,6.9
"C3650","5","518210","48","0","2023","4","",45,474,466,466,10710566,2862485,31391,1758,"",1.24,1.19,1.18,1.17,0.66,1.82,1.48,0.56,"",-7,-13.5,105,28.5,83,21.7,94,25.3,1419557,15.3,69450,2.5,6917,28.3,-150,-7.9
"C3654","5","518210","48","0","2023","4","",107,1793,1802,1818,49866152,1156624,4815,2126,"",0.81,1.16,1.18,1.19,0.84,0.85,0.33,0.72,"",-6,-5.3,-46,-2.5,-51,-2.8,-32,-1.7,925220,1.9,-364543,-24.0,-2001,-29.4,88,4.3
"C3674","5","518210","48","0","2023","4","",305,3395,3404,3395,89975396,1780112,21559,2037,"",0.70,0.78,0.78,0.78,0.54,0.70,0.93,0.70,"",15,5.2,195,6.1,159,4.9,190,5.9,4071161,4.7,-418059,-19.0,-4986,-18.8,-17,-0.8
"C3678","5","518210","48","0","2023","4","N",1,0,0,0,0,0,0,0,"N",0.05,0,0,0,0,0,0,0,"N",-3,-75.0,0,0,0,0,0,0,0,0,0,0,0,0,0,0
"C3698","5","518210","48","0","2023","4","N",4,0,0,0,0,0,0,0,"N",0.23,0,0,0,0,0,0,0,"N",2,100.0,0,0,0,0,0,0,0,0,0,0,0,0,0,0
"C3710","5","518210","48","0","2023","4","",36,220,220,223,30444971,197994,10213,10597,"",0.26,0.21,0.21,0.22,0.72,0.34,0.54,3.35,"",-6,-14.3,-221,-50.1,-215,-49.4,-211,-48.6,12867530,73.2,-42122,-17.5,-1128,-9.9,7501,242.3
"C3734","5","518210","48","0","2023","4","",50,170,167,165,3472895,118765,2082,1596,"",0.59,0.23,0.22,0.22,0.12,0.30,0.58,0.53,"",1,2.0,28,19.7,24,16.8,24,17.0,419771,13.7,-6842,-5.4,291,16.2,-58,-3.5
"C3746","5","518210","48","0","2023","4","N",11,0,0,0,0,0,0,0,"N",0.33,0,0,0,0,0,0,0,"N",1,10.0,0,0,0,0,0,0,0,0,0,0,0,0,0,0
"C3762","5","518210","48","0","2023","4","N",7,0,0,0,0,0,0,0,"N",0.59,0,0,0,0,0,0,0,"N",3,75.0,0,0,0,0,0,0,0,0,0,0,0,0,0,0
"C3786","5","518210","48","0","2023","4","N",24,0,0,0,0,0,0,0,"N",0.37,0,0,0,0,0,0,0,"N",-4,-14.3,0,0,0,0,0,0,0,0,0,0,0,0,0,0
"C3790","5","518210","48","0","2023","4","",5,7,5,14,64740,49640,1845,575,"",0.14,0.01,0.01,0.03,0.00,0.12,0.15,0.19,"N",0,0.0,0,0,0,0,0,0,0,0,0,0,0,0,0,0
"C3798","5","518210","48","0","2023","4","N",571,0,0,0,0,0,0,0,"N",0.71,0,0,0,0,0,0,0,"N",-1,-0.2,0,0,0,0,0,0,0,0,0,0,0,0,0,0
"C3806","5","518210","48","0","2023","4","N",526,0,0,0,0,0,0,0,"N",0.79,0,0,0,0,0,0,0,"N",3,0.6,0,0,0,0,0,0,0,0,0,0,0,0,0,0
"C3822","5","518210","48","0","2023","4","-",0,0,0,0,0,0,0,0,"N",0.00,0,0,0,0,0,0,0,"N",-1,-100.0,0,0,0,0,0,0,0,0,0,0,0,0,0,0
"C3830","5","518210","48","0","2023","4","N",160,0,0,0,0,0,0,0,"N",0.55,0,0,0,0,0,0,0,"N",8,5.3,0,0,0,0,0,0,0,0,0,0,0,0,0,0
"C3834","5","518210","48","0","2023","4","",21,36,35,32,925160,30117,486,2073,"",0.84,0.20,0.20,0.18,0.14,0.12,0.19,0.73,"",1,5.0,4,12.5,5,16.7,2,6.7,112922,13.9,19660,188.0,233,92.1,36,1.8
"C3854","5","518210","48","0","2023","4","N",9,0,0,0,0,0,0,0,"N",0.64,0,0,0,0,0,0,0,"N",2,28.6,0,0,0,0,0,0,0,0,0,0,0,0,0,0
"C3866","5","518210","48","0","2023","4","N",1,0,0,0,0,0,0,0,"N",0.06,0,0,0,0,0,0,0,"N",0,0.0,0,0,0,0,0,0,0,0,0,0,0,0,0,0
"C3886","5","518210","48","0","2023","4","",145,480,473,458,13828316,215858,4792,2262,"",1.18,0.54,0.54,0.52,0.39,0.32,0.36,0.73,"N",29,25.0,0,0,0,0,0,0,0,0,0,0,0,0,0,0
"C3890","5","518210","48","0","2023","4","",493,5432,5422,5420,216943312,23237733,382941,3076,"",1.03,1.43,1.43,1.43,1.24,1.52,1.51,0.87,"N",88,21.7,0,0,0,0,0,0,0,0,0,0,0,0,0,0
"C3894","5","518210","48","0","2023","4","",38,89,91,90,2371301,32318,405,2027,"",0.51,0.17,0.18,0.17,0.14,0.10,0.13,0.80,"",7,22.6,2,2.3,3,3.4,-2,-2.2,-8735,-0.4,-48907,-60.2,-1153,-74.0,-30,-1.5
"C3914","5","518210","48","0","2023","4","N",4,0,0,0,0,0,0,0,"N",0.12,0,0,0,0,0,0,0,"N",2,100.0,0,0,0,0,0,0,0,0,0,0,0,0,0,0
"C3930","5","518210","48","0","2023","4","",337,555,540,541,20566961,876981,14045,2901,"",1.22,0.25,0.25,0.25,0.24,0.24,0.18,0.97,"",40,13.5,14,2.6,-16,-2.9,-8,-1.5,2238689,12.2,-389028,-30.7,-4716,-25.1,331,12.9
"C3934","5","518210","48","0","2023","4","",121,3238,3216,3184,99888941,12929073,66301,2392,"",1.18,3.48,3.47,3.43,2.91,4.06,3.47,0.84,"",18,17.5,-378,-10.5,-358,-10.0,-446,-12.3,-2032018,-2.0,-1359068,-9.5,-16092,-19.5,218,10.0
"C3938","5","518210","48","0","2023","4","",6,36,34,36,421428,21759,257,917,"",0.33,0.18,0.17,0.18,0.07,0.07,0.05,0.37,"",1,20.0,-12,-25.0,-11,-24.4,-8,-18.2,-248381,-37.1,-53921,-71.2,-961,-78.9,-211,-18.7
"C3946","5","518210","48","0","2023","4","",12,24,23,22,434908,6684,8,1455,"",0.45,0.14,0.13,0.13,0.08,0.06,0.01,0.59,"",2,20.0,6,33.3,6,35.3,5,29.4,64027,17.3,-316,-4.5,1,14.3,-191,-11.6
"C3954","5","518210","48","0","2023","4","",4,10,9,9,354857,19726,79,2925,"",0.17,0.04,0.04,0.04,0.04,0.09,0.02,0.99,"N",1,33.3,0,0,0,0,0,0,0,0,0,0,0,0,0,0
"C3958","5","518210","48","0","2023","4","N",406,0,0,0,0,0,0,0,"N",1.52,0,0,0,0,0,0,0,"N",59,17.0,0,0,0,0,0,0,0,0,0,0,0,0,0,0
"C3966","5","518210","48","0","2023","4","N",50,0,0,0,0,0,0,0,"N",1.53,0,0,0,0,0,0,0,"N",1,2.0,0,0,0,0,0,0,0,0,0,0,0,0,0,0
"C3974","5","518210","48","0","2023","4","",14,118,129,126,2105312,191310,4457,1303,"",0.35,0.22,0.24,0.24,0.11,0.54,0.35,0.46,"N",4,40.0,0,0,0,0,0,0,0,0,0,0,0,0,0,0
"C3982","5","518210","48","0","2023","4","N",9,0,0,0,0,0,0,0,"N",0.24,0,0,0,0,0,0,0,"N",0,0.0,0,0,0,0,0,0,0,0,0,0,0,0,0,0
"C3990","5","518210","48","0","2023","4","",62,939,943,965,31705532,4033904,71547,2570,"",0.83,1.16,1.16,1.19,0.95,1.44,1.36,0.81,"",0,0.0,-45,-4.6,-30,-3.1,-5,-0.5,-218556,-0.7,126486,3.2,-1066,-1.5,53,2.1
"C4006","5","518210","48","0","2023","4","",143,776,772,784,22644474,491260,4037,2241,"",0.72,0.38,0.38,0.38,0.27,0.40,0.42,0.71,"",18,14.4,181,30.4,192,33.1,204,35.2,5512536,32.2,67722,16.0,-4491,-52.7,-12,-0.5
"C4014","5","518210","48","0","2023","4","N",71,0,0,0,0,0,0,0,"N",0.10,0,0,0,0,0,0,0,"N",13,22.4,0,0,0,0,0,0,0,0,0,0,0,0,0,0
"C4022","5","518210","48","0","2023","4","",12,65,67,66,2215311,65626,393,2582,"",0.26,0.14,0.14,0.14,0.14,0.25,0.21,0.96,"",-4,-25.0,-23,-26.1,-20,-23.0,-20,-23.3,-477161,-17.7,-27234,-29.3,-944,-70.6,201,8.4
"C4034","5","518210","48","0","2023","4","N",4,0,0,0,0,0,0,0,"N",0.15,0,0,0,0,0,0,0,"N",0,0.0,0,0,0,0,0,0,0,0,0,0,0,0,0,0
"C4038","5","518210","48","0","2023","4","",51,653,640,628,16132009,368369,9467,1938,"",0.40,0.42,0.41,0.40,0.28,0.35,0.29,0.67,"",5,10.9,65,11.1,112,21.2,67,11.9,5455015,51.1,-31287,-7.8,-2224,-19.0,469,31.9
"C4042","5","518210","48","0","2023","4","N",6,0,0,0,0,0,0,0,"N",0.19,0,0,0,0,0,0,0,"N",-1,-14.3,0,0,0,0,0,0,0,0,0,0,0,0,0,0
"C4058","5","518210","48","0","2023","4","N",5,0,0,0,0,0,0,0,"N",0.31,0,0,0,0,0,0,0,"N",1,25.0,0,0,0,0,0,0,0,0,0,0,0,0,0,0
"C4066","5","518210","48","0","2023","4","N",1,0,0,0,0,0,0,0,"N",0.09,0,0,0,0,0,0,0,"N",1,100.0,0,0,0,0,0,0,0,0,0,0,0,0,0,0
"C4090","5","518210","48","0","2023","4","N",97,0,0,0,0,0,0,0,"N",0.22,0,0,0,0,0,0,0,"N",-4,-4.0,0,0,0,0,0,0,0,0,0,0,0,0,0,0
"C4098","5","518210","48","0","2023","4","N",4,0,0,0,0,0,0,0,"N",0.20,0,0,0,0,0,0,0,"N",1,33.3,0,0,0,0,0,0,0,0,0,0,0,0,0,0
"C4106","5","518210","48","0","2023","4","",12,83,84,83,1694074,245068,2983,1564,"",0.46,0.25,0.26,0.26,0.14,0.30,0.40,0.56,"N",0,0.0,0,0,0,0,0,0,0,0,0,0,0,0,0,0
"C4110","5","518210","48","0","2023","4","",16,161,162,164,5446325,497015,1861,2581,"",0.43,0.61,0.61,0.62,0.70,0.52,0.32,1.15,"",-2,-11.1,-3,-1.8,1,0.6,3,1.9,962618,21.5,-62130,-11.1,-1443,-43.7,452,21.2
"C4114","5","518210","48","0","2023","4","N",4,0,0,0,0,0,0,0,"N",0.24,0,0,0,0,0,0,0,"N",-1,-20.0,0,0,0,0,0,0,0,0,0,0,0,0,0,0
"C4118","5","518210","48","0","2023","4","",207,8892,8938,8955,317330097,3246003,34651,2734,"",0.47,2.14,2.16,2.16,1.89,1.04,0.67,0.88,"",4,2.0,399,4.7,354,4.1,352,4.1,-19230614,-5.7,-2064629,-38.9,-20191,-36.8,-290,-9.6
"C4142","5","518210","48","0","2023","4","N",28,0,0,0,0,0,0,0,"N",0.39,0,0,0,0,0,0,0,"N",4,16.7,0,0,0,0,0,0,0,0,0,0,0,0,0,0
"C4150","5","518210","48","0","2023","4","N",11,0,0,0,0,0,0,0,"N",0.16,0,0,0,0,0,0,0,"N",3,37.5,0,0,0,0,0,0,0,0,0,0,0,0,0,0
"C4154","5","518210","48","0","2023","4","",67,107,108,104,3879716,47969,710,2807,"",0.93,0.20,0.21,0.20,0.23,0.13,0.13,1.13,"N",8,13.6,0,0,0,0,0,0,0,0,0,0,0,0,0,0
"C4162","5","518210","48","0","2023","4","N",617,0,0,0,0,0,0,0,"N",2.01,0,0,0,0,0,0,0,"N",67,12.2,0,0,0,0,0,0,0,0,0,0,0,0,0,0
"C4166","5","518210","48","0","2023","4","N",3,0,0,0,0,0,0,0,"N",0.21,0,0,0,0,0,0,0,"N",1,50.0,0,0,0,0,0,0,0,0,0,0,0,0,0,0
"C4170","5","518210","48","0","2023","4","",125,3890,3846,3925,82059762,1827427,41113,1624,"",0.47,1.12,1.11,1.13,0.63,0.73,1.10,0.56,"",7,5.9,-1346,-25.7,-1315,-25.5,-1265,-24.4,-17512176,-17.6,-1338217,-42.3,-29263,-41.6,150,10.2
"C4174","5","518210","48","0","2023","4","",248,2806,2789,2732,105711713,1594963,54632,2930,"",0.42,0.59,0.58,0.57,0.46,0.68,0.73,0.79,"",21,9.3,291,11.6,261,10.3,234,9.4,10216772,10.7,205069,14.8,7610,16.2,8,0.3
"C4186","5","518210","48","0","2023","4","",1014,31453,31525,31291,2711269306,9523579,288168,6637,"",1.04,4.17,4.19,4.15,4.72,2.67,2.57,1.13,"",55,5.7,-3763,-10.7,-3741,-10.6,-3919,-11.1,393017931,17.0,-5556037,-36.8,-161274,-35.9,1575,31.1
"C4194","5","518210","48","0","2023","4","",455,13093,13056,13035,1823630912,4024105,120493,10740,"",1.22,3.68,3.69,3.68,4.58,2.59,2.42,1.24,"N",24,5.6,0,0,0,0,0,0,0,0,0,0,0,0,0,0
"C4198","5","518210","48","0","2023","4","",47,2252,2229,2337,32366028,940879,34490,1095,"",0.29,1.07,1.05,1.08,0.68,1.16,1.05,0.64,"",6,14.6,38,1.7,26,1.2,-5,-0.2,1481398,4.8,77291,8.9,7644,28.5,41,3.9
"C4202","5","518210","48","0","2023","4","",11,32,32,32,697773,14731,836,1677,"",0.21,0.08,0.08,0.09,0.05,0.07,0.14,0.56,"",-1,-8.3,8,33.3,9,39.1,10,45.5,202876,41.0,6270,74.1,550,192.3,22,1.3
"C4210","5","518210","48","0","2023","4","N",14,0,0,0,0,0,0,0,"N",0.31,0,0,0,0,0,0,0,"N",1,7.7,0,0,0,0,0,0,0,0,0,0,0,0,0,0
"C4214","5","518210","48","0","2023","4","",75,63,61,62,2337230,198759,2059,2900,"",2.48,0.33,0.32,0.32,0.32,0.47,0.64,1.00,"",6,8.7,-5,-7.4,-8,-11.6,1,1.6,-175945,-7.0,-41254,-17.2,-209,-9.2,-29,-1.0
"C4220","5","518210","48","0","2023","4","",28,369,362,365,14848909,77898,2661,3127,"",0.36,0.53,0.53,0.56,0.55,0.22,0.23,1.02,"",0,0.0,44,13.5,33,10.0,21,6.1,3669464,32.8,-140395,-64.3,-5239,-66.3,542,21.0
"C4222","5","518210","48","0","2023","4","",22,114,108,116,3739806,87478,3414,2553,"",0.23,0.17,0.17,0.18,0.13,0.27,0.34,0.76,"",4,22.2,19,20.0,13,13.7,20,20.8,790816,26.8,27284,45.3,1249,57.7,174,7.3
"C4234","5","518210","48","0","2023","4","N",16,0,0,0,0,0,0,0,"N",0.27,0,0,0,0,0,0,0,"N",6,60.0,0,0,0,0,0,0,0,0,0,0,0,0,0,0
"C4254","5","518210","48","0","2023","4","N",21,0,0,0,0,0,0,0,"N",0.34,0,0,0,0,0,0,0,"N",2,10.5,0,0,0,0,0,0,0,0,0,0,0,0,0,0
"C4266","5","518210","48","0","2023","4","",641,20577,20171,20146,1302585263,70832147,693040,4936,"",1.21,3.18,3.12,3.11,3.13,2.29,1.62,1.00,"",-75,-10.5,-3309,-13.9,-3813,-15.9,-3466,-14.7,-18009679,-1.4,-59238115,-45.5,-365610,-34.5,673,15.8
"C4268","5","518210","48","0","2023","4","",20,122,119,121,3113157,20348,150,1985,"",0.75,0.69,0.66,0.67,0.50,0.19,0.15,0.74,"",0,0.0,34,38.6,34,40.0,38,45.8,979124,45.9,-3432,-14.4,-188,-55.6,61,3.2
"C4270","5","518210","48","0","2023","4","N",2,0,0,0,0,0,0,0,"N",0.17,0,0,0,0,0,0,0,"N",1,100.0,0,0,0,0,0,0,0,0,0,0,0,0,0,0
"C4310","5","518210","48","0","2023","4","N",3,0,0,0,0,0,0,0,"N",0.23,0,0,0,0,0,0,0,"N",1,50.0,0,0,0,0,0,0,0,0,0,0,0,0,0,0
"C4330","5","518210","48","0","2023","4","",4,14,14,17,269704,37008,173,1383,"",0.27,0.09,0.09,0.10,0.05,0.29,0.10,0.53,"N",1,33.3,0,0,0,0,0,0,0,0,0,0,0,0,0,0
"C4334","5","518210","48","0","2023","4","N",39,0,0,0,0,0,0,0,"N",0.66,0,0,0,0,0,0,0,"N",-8,-17.0,0,0,0,0,0,0,0,0,0,0,0,0,0,0
"C4342","5","518210","48","0","2023","4","",9,46,44,42,920232,31848,373,1609,"",0.76,0.42,0.41,0.39,0.25,0.55,0.58,0.61,"",1,12.5,5,12.2,1,2.3,0,0.0,109941,13.6,15559,95.5,45,13.7,125,8.4
"C4358","5","518210","48","0","2023","4","N",12,0,0,0,0,0,0,0,"N",0.47,0,0,0,0,0,0,0,"N",2,20.0,0,0,0,0,0,0,0,0,0,0,0,0,0,0
"C4362","5","518210","48","0","2023","4","N",129,0,0,0,0,0,0,0,"N",2.22,0,0,0,0,0,0,0,"N",-2,-1.5,0,0,0,0,0,0,0,0,0,0,0,0,0,0
"C4378","5","518210","48","0","2023","4","",44,329,324,328,6918446,180824,2095,1627,"",1.31,0.81,0.80,0.81,0.50,0.66,0.51,0.62,"",26,144.4,23,7.5,15,4.9,20,6.5,-241599,-3.4,102256,130.1,1454,226.8,-163,-9.1
"C4390","5","518210","48","0","2023","4","N",14,0,0,0,0,0,0,0,"N",0.37,0,0,0,0,0,0,0,"N",2,16.7,0,0,0,0,0,0,0,0,0,0,0,0,0,0
"C4406","5","518210","48","0","2023","4","",51,363,375,385,8752120,2772730,26167,1799,"",0.71,0.45,0.47,0.48,0.29,0.73,0.50,0.62,"N",-7,-12.1,0,0,0,0,0,0,0,0,0,0,0,0,0,0
"C4410","5","518210","48","0","2023","4","",11,171,171,170,3948610,53594,1936,1780,"",0.47,0.42,0.42,0.42,0.24,0.23,0.29,0.59,"",1,10.0,2,1.2,0,0.0,5,3.0,486313,14.0,-87741,-62.1,182,10.4,198,12.5
"C4414","5","518210","48","0","2023","4","",24,91,93,87,3202629,74857,672,2727,"",0.22,0.11,0.11,0.10,0.10,0.05,0.05,0.96,"",2,9.1,20,28.2,23,32.9,14,19.2,1603404,100.3,-81811,-52.2,-4807,-87.7,1002,58.1
"C4418","5","518210","48","0","2023","4","",24,406,399,378,6487190,151434,1482,1265,"",0.34,0.59,0.58,0.55,0.29,0.28,0.23,0.51,"",0,0.0,-64,-13.6,-67,-14.4,-81,-17.6,-283065,-4.2,-167982,-52.6,-4104,-73.5,145,12.9
"C4422","5","518210","48","0","2023","4","",12,19,19,20,536695,50682,1391,2135,"",1.03,0.13,0.13,0.14,0.12,0.46,0.59,0.91,"",2,20.0,3,18.8,3,18.8,3,17.6,123241,29.8,45685,914.2,1276,1109.6,188,9.7
"C4430","5","518210","48","0","2023","4","",9,49,50,48,1203156,23587,718,1889,"",0.55,0.23,0.23,0.23,0.16,0.23,0.22,0.69,"",0,0.0,-7,-12.5,-8,-13.8,-10,-17.2,-146579,-10.9,5865,33.1,283,65.1,78,4.3
"C4442","5","518210","48","0","2023","4","N",5,0,0,0,0,0,0,0,"N",0.30,0,0,0,0,0,0,0,"N",2,66.7,0,0,0,0,0,0,0,0,0,0,0,0,0,0
"C4470","5","518210","48","0","2023","4","",10,31,29,29,869031,17861,608,2253,"",0.10,0.03,0.03,0.03,0.03,0.03,0.03,0.79,"N",1,11.1,0,0,0,0,0,0,0,0,0,0,0,0,0,0
"C4494","5","518210","48","0","2023","4","N",5,0,0,0,0,0,0,0,"N",0.49,0,0,0,0,0,0,0,"N",2,66.7,0,0,0,0,0,0,0,0,0,0,0,0,0,0
"C4506","5","518210","48","0","2023","4","",32,322,330,332,5172809,214154,6588,1213,"",0.42,0.35,0.36,0.36,0.14,0.34,0.34,0.40,"N",0,0.0,0,0,0,0,0,0,0,0,0,0,0,0,0,0
"C4522","5","518210","48","0","2023","4","N",67,0,0,0,0,0,0,0,"N",1.13,0,0,0,0,0,0,0,"N",10,17.5,0,0,0,0,0,0,0,0,0,0,0,0,0,0
"C4530","5","518210","48","0","2023","4","",465,4406,4408,4417,129255083,2703322,22560,2254,"",0.85,0.98,0.98,0.98,0.69,1.03,0.93,0.71,"N",49,11.8,0,0,0,0,0,0,0,0,0,0,0,0,0,0
"C4546","5","518210","48","0","2023","4","N",3,0,0,0,0,0,0,0,"N",0.18,0,0,0,0,0,0,0,"N",0,0.0,0,0,0,0,0,0,0,0,0,0,0,0,0,0
"C4550","5","518210","48","0","2023","4","N",6,0,0,0,0,0,0,0,"N",0.37,0,0,0,0,0,0,0,"N",-1,-14.3,0,0,0,0,0,0,0,0,0,0,0,0,0,0
"C4554","5","518210","48","0","2023","4","N",6,0,0,0,0,0,0,0,"N",0.50,0,0,0,0,0,0,0,"N",2,50.0,0,0,0,0,0,0,0,0,0,0,0,0,0,0
"C4578","5","518210","48","0","2023","4","N",47,0,0,0,0,0,0,0,"N",0.68,0,0,0,0,0,0,0,"N",0,0.0,0,0,0,0,0,0,0,0,0,0,0,0,0,0
"C4582","5","518210","48","0","2023","4","N",31,0,0,0,0,0,0,0,"N",1.05,0,0,0,0,0,0,0,"N",2,6.9,0,0,0,0,0,0,0,0,0,0,0,0,0,0
"C4594","5","518210","48","0","2023","4","",30,353,354,351,12313677,1108024,26455,2686,"",0.56,0.43,0.43,0.42,0.29,0.65,0.66,0.69,"",-2,-6.2,25,7.6,23,6.9,19,5.7,2117847,20.8,-162498,-12.8,3768,16.6,312,13.1
"C4606","5","518210","48","0","2023","4","",37,288,292,297,9564577,205047,7822,2517,"",0.35,0.24,0.24,0.24,0.21,0.28,0.82,0.90,"",-1,-2.6,0,0.0,-5,-1.7,6,2.1,1060283,12.5,127685,165.0,7043,904.1,277,12.4
"C4614","5","518210","48","0","2023","4","N",150,0,0,0,0,0,0,0,"N",0.98,0,0,0,0,0,0,0,"N",31,26.1,0,0,0,0,0,0,0,0,0,0,0,0,0,0
"C4622","5","518210","48","0","2023","4","",19,229,228,225,6206213,45983,257,2100,"",0.70,0.69,0.69,0.69,0.54,0.21,0.15,0.78,"",6,46.2,182,387.2,179,365.3,176,359.2,5608790,938.8,12426,37.0,-362,-58.5,1149,120.8
"C4634","5","518210","48","0","2023","4","",13,24,26,25,773561,21276,54,2380,"",0.42,0.07,0.07,0.07,0.06,0.08,0.02,0.89,"",0,0.0,1,4.3,2,8.3,-1,-3.8,88198,12.9,-1767,-7.7,-331,-86.0,213,9.8
"C4652","5","518210","48","0","2023","4","",263,432,435,440,16077555,2532051,78078,2839,"",1.89,0.31,0.31,0.31,0.28,0.46,0.54,0.90,"",26,11.0,-41,-8.7,-29,-6.2,-22,-4.8,-666335,-4.0,134692,5.6,19112,32.4,77,2.8
"C4654","5","518210","48","0","2023","4","N",8,0,0,0,0,0,0,0,"N",0.27,0,0,0,0,0,0,0,"N",-1,-11.1,0,0,0,0,0,0,0,0,0,0,0,0,0,0
"C4666","5","518210","48","0","2023","4","N",3,0,0,0,0,0,0,0,"N",0.17,0,0,0,0,0,0,0,"N",0,0.0,0,0,0,0,0,0,0,0,0,0,0,0,0,0
"C4670","5","518210","48","0","2023","4","",12,80,84,77,2634145,83386,2884,2522,"",0.20,0.18,0.19,0.17,0.14,0.37,0.38,0.79,"",-1,-7.7,-14,-14.9,-5,-5.6,-16,-17.2,201357,8.3,48538,139.3,1821,171.3,488,24.0
"C4702","5","518210","48","0","2023","4","-",0,0,0,0,0,0,0,0,"N",0.00,0,0,0,0,0,0,0,"N",-1,-100.0,0,0,0,0,0,0,0,0,0,0,0,0,0,0
"C4722","5","518210","48","0","2023","4","N",4,0,0,0,0,0,0,0,"N",0.23,0,0,0,0,0,0,0,"N",1,33.3,0,0,0,0,0,0,0,0,0,0,0,0,0,0
"C4726","5","518210","48","0","2023","4","",88,1317,1326,1320,22997663,546797,6374,1339,"",0.42,0.56,0.57,0.56,0.26,0.38,0.54,0.47,"",-6,-6.4,65,5.2,46,3.6,8,0.6,658596,2.9,-399914,-42.2,-24894,-79.6,-2,-0.1
"C4730","5","518210","48","0","2023","4","N",4,0,0,0,0,0,0,0,"N",0.06,0,0,0,0,0,0,0,"N",0,0.0,0,0,0,0,0,0,0,0,0,0,0,0,0,0
"C4738","5","518210","48","0","2023","4","N",15,0,0,0,0,0,0,0,"N",0.53,0,0,0,0,0,0,0,"N",1,7.1,0,0,0,0,0,0,0,0,0,0,0,0,0,0
"C4746","5","518210","48","0","2023","4","N",5,0,0,0,0,0,0,0,"N",0.58,0,0,0,0,0,0,0,"N",-1,-16.7,0,0,0,0,0,0,0,0,0,0,0,0,0,0
"C4758","5","518210","48","0","2023","4","N",3,0,0,0,0,0,0,0,"N",0.15,0,0,0,0,0,0,0,"N",0,0.0,0,0,0,0,0,0,0,0,0,0,0,0,0,0
"C4790","5","518210","48","0","2023","4","",1589,16846,17020,17136,801890508,21821934,141382,3628,"",1.61,1.70,1.72,1.73,1.39,4.18,1.74,0.81,"",226,16.6,-410,-2.4,-597,-3.4,-349,-2.0,61908448,8.4,1760289,8.8,-78349,-35.7,367,11.3
"C4794","5","518210","48","0","2023","4","N",13,0,0,0,0,0,0,0,"N",0.57,0,0,0,0,0,0,0,"N",-2,-13.3,0,0,0,0,0,0,0,0,0,0,0,0,0,0
"C4806","5","518210","48","0","2023","4","N",2,0,0,0,0,0,0,0,"N",0.15,0,0,0,0,0,0,0,"N",0,0.0,0,0,0,0,0,0,0,0,0,0,0,0,0,0
"C4814","5","518210","48","0","2023","4","",6,25,23,23,490090,21984,604,1593,"",0.35,0.11,0.11,0.10,0.06,0.13,0.24,0.59,"",-1,-14.3,-3,-10.7,-4,-14.8,-5,-17.9,-101622,-17.2,-2039,-8.5,-21,-3.4,-52,-3.2
"C4826","5","518210","48","0","2023","4","N",7,0,0,0,0,0,0,0,"N",0.55,0,0,0,0,0,0,0,"N",3,75.0,0,0,0,0,0,0,0,0,0,0,0,0,0,0
"C4830","5","518210","48","0","2023","4","N",7,0,0,0,0,0,0,0,"N",0.37,0,0,0,0,0,0,0,"N",0,0.0,0,0,0,0,0,0,0,0,0,0,0,0,0,0
"C4854","5","518210","48","0","2023","4","",5,8,8,9,208307,11837,327,1923,"",0.28,0.04,0.04,0.05,0.04,0.11,0.12,0.77,"",2,66.7,4,100.0,4,100.0,5,125.0,122963,144.1,10445,750.4,287,717.5,282,17.2
"C4862","5","518210","48","0","2023","4","",97,208,205,212,4904023,265186,5408,1811,"",1.22,0.22,0.21,0.22,0.14,0.14,0.37,0.66,"",3,3.2,0,0.0,-4,-1.9,8,3.9,208242,4.4,-43343,-14.0,-1837,-25.4,66,3.8
"C4866","5","518210","48","0","2023","4","N",3,0,0,0,0,0,0,0,"N",0.17,0,0,0,0,0,0,0,"N",-2,-40.0,0,0,0,0,0,0,0,0,0,0,0,0,0,0
"C4870","5","518210","48","0","2023","4","N",2,0,0,0,0,0,0,0,"N",0.15,0,0,0,0,0,0,0,"N",-1,-33.3,0,0,0,0,0,0,0,0,0,0,0,0,0,0
"C4890","5","518210","48","0","2023","4","N",44,0,0,0,0,0,0,0,"N",0.72,0,0,0,0,0,0,0,"N",8,22.2,0,0,0,0,0,0,0,0,0,0,0,0,0,0
"C4902","5","518210","48","0","2023","4","",8,90,98,93,1415061,68945,152,1162,"",0.44,0.42,0.46,0.44,0.19,0.55,0.18,0.43,"N",3,60.0,0,0,0,0,0,0,0,0,0,0,0,0,0,0
"C4918","5","518210","48","0","2023","4","",46,213,211,216,5729142,409249,2925,2066,"",0.57,0.25,0.25,0.25,0.19,0.25,0.29,0.75,"",2,4.5,-146,-40.7,-141,-40.1,-140,-39.3,-4029705,-41.3,-187326,-31.4,-4431,-60.2,-45,-2.1
"C4934","5","518210","48","0","2023","4","",71,403,399,397,28078159,244113,3306,5404,"",0.50,0.33,0.33,0.32,0.56,0.12,0.15,1.72,"",2,2.9,-3,-0.7,-12,-2.9,-18,-4.3,3484349,14.2,-233076,-48.8,-8648,-72.3,797,17.3
"C4942","5","518210","48","0","2023","4","N",3,0,0,0,0,0,0,0,"N",0.11,0,0,0,0,0,0,0,"N",0,0.0,0,0,0,0,0,0,0,0,0,0,0,0,0,0
"C4962","5","518210","48","0","2023","4","",10,27,22,24,631767,7391,323,1997,"",0.24,0.05,0.04,0.04,0.03,0.02,0.02,0.72,"",0,0.0,-4,-12.9,-12,-35.3,-12,-33.3,-18221,-2.8,-74100,-90.9,-1905,-85.5,512,34.5
"C4966","5","518210","48","0","2023","4","",33,245,248,244,6596936,134604,4388,2066,"",0.55,0.39,0.39,0.39,0.34,0.31,0.36,0.87,"N",8,32.0,0,0,0,0,0,0,0,0,0,0,0,0,0,0
"C4970","5","518210","48","0","2023","4","N",1,0,0,0,0,0,0,0,"N",0.04,0,0,0,0,0,0,0,"N",0,0.0,0,0,0,0,0,0,0,0,0,0,0,0,0,0
"C4974","5","518210","48","0","2023","4","N",3,0,0,0,0,0,0,0,"N",0.17,0,0,0,0,0,0,0,"N",1,50.0,0,0,0,0,0,0,0,0,0,0,0,0,0,0
"US000","1","518210","18","0","2023","4","",1,1227,1214,1215,22539379,0,0,1423,"",1.00,1.00,1.00,1.00,1.00,0.00,0.00,1.00,"",0,0.0,8,0.7,3,0.2,-8,-0.7,1184096,5.5,0,0.0,0,0.0,74,5.5
"US000","2","518210","18","0","2023","4","",19,982,987,1012,23938512,0,0,1853,"",1.00,1.00,1.00,1.00,1.00,0.00,0.00,1.00,"",0,0.0,82,9.1,79,8.7,80,8.6,2856904,13.6,0,0.0,0,0.0,77,4.3
"US000","3","518210","18","0","2023","4","",97,2852,2855,2815,59351528,542872,525,1607,"",1.00,1.00,1.00,1.00,1.00,1.00,1.00,1.00,"",-2,-2.0,127,4.7,108,3.9,78,2.8,3928651,7.1,-25332,-4.5,-1405,-72.8,49,3.1
"US000","5","518210","18","0","2023","4","",53997,480951,480612,480833,21182891766,566657232,9591267,3389,"",1.00,1.00,1.00,1.00,1.00,1.00,1.00,1.00,"",4386,8.8,-752,-0.2,-3004,-0.6,-2507,-0.5,2302337997,12.2,-145117985,-20.4,-2123557,-18.1,381,12.7
