"area_fips","own_code","industry_code","agglvl_code","size_code","year","qtr","disclosure_code","qtrly_estabs","month1_emplvl","month2_emplvl","month3_emplvl","total_qtrly_wages","taxable_qtrly_wages","qtrly_contributions","avg_wkly_wage","lq_disclosure_code","lq_qtrly_estabs","lq_month1_emplvl","lq_month2_emplvl","lq_month3_emplvl","lq_total_qtrly_wages","lq_taxable_qtrly_wages","lq_qtrly_contributions","lq_avg_wkly_wage","oty_disclosure_code","oty_qtrly_estabs_chg","oty_qtrly_estabs_pct_chg","oty_month1_emplvl_chg","oty_month1_emplvl_pct_chg","oty_month2_emplvl_chg","oty_month2_emplvl_pct_chg","oty_month3_emplvl_chg","oty_month3_emplvl_pct_chg","oty_total_qtrly_wages_chg","oty_total_qtrly_wages_pct_chg","oty_taxable_qtrly_wages_chg","oty_taxable_qtrly_wages_pct_chg","oty_qtrly_contributions_chg","oty_qtrly_contributions_pct_chg","oty_avg_wkly_wage_chg","oty_avg_wkly_wage_pct_chg"
"01000","2","518210","58","0","2022","4","",1,11,11,12,262944,0,0,1785,"",4.06,0.91,0.90,0.95,1.11,0.00,0.00,1.20,"N",0,0.0,0,0,0,0,0,0,0,0,0,0,0,0,0,0
"01000","5","518210","58","0","2022","4","",1200,3119,3150,3160,73832151,3294752,72428,1807,"",1.87,0.48,0.48,0.48,0.35,0.59,0.95,0.72,"",282,30.7,660,26.8,747,31.1,799,33.8,13675304,22.7,277179,9.2,4975,7.4,-115,-6.0
"01001","5","518210","78","0","2022","4","N",4,0,0,0,0,0,0,0,"N",0.91,0,0,0,0,0,0,0,"N",2,100.0,0,0,0,0,0,0,0,0,0,0,0,0,0,0
"01003","5","518210","78","0","2022","4","",46,119,115,113,1764515,185637,2800,1173,"",1.36,0.47,0.45,0.44,0.26,0.79,0.95,0.57,"",20,76.9,30,33.7,29,33.7,24,27.0,-9145,-0.5,41354,28.7,-510,-15.4,-377,-24.3
"01009","5","518210","78","0","2022","4","N",1,0,0,0,0,0,0,0,"N",0.26,0,0,0,0,0,0,0,"N",1,100.0,0,0,0,0,0,0,0,0,0,0,0,0,0,0
"01015","5","518210","78","0","2022","4","",8,24,23,21,225515,41809,2274,765,"",0.69,0.17,0.16,0.15,0.06,0.36,1.58,0.38,"",5,166.7,18,300.0,17,283.3,15,250.0,130960,138.5,28961,225.4,1336,142.4,-447,-36.9
"01017","5","518210","78","0","2022","4","N",4,0,0,0,0,0,0,0,"N",1.28,0,0,0,0,0,0,0,"N",3,300.0,0,0,0,0,0,0,0,0,0,0,0,0,0,0
"01019","5","518210","78","0","2022","4","N",1,0,0,0,0,0,0,0,"N",0.51,0,0,0,0,0,0,0,"N",0,0.0,0,0,0,0,0,0,0,0,0,0,0,0,0,0
"01021","5","518210","78","0","2022","4","N",1,0,0,0,0,0,0,0,"N",0.27,0,0,0,0,0,0,0,"N",0,0.0,0,0,0,0,0,0,0,0,0,0,0,0,0,0
"01027","5","518210","78","0","2022","4","N",1,0,0,0,0,0,0,0,"N",0.99,0,0,0,0,0,0,0,"N",1,100.0,0,0,0,0,0,0,0,0,0,0,0,0,0,0
"01029","5","518210","78","0","2022","4","-",0,0,0,0,0,0,0,0,"N",0.00,0,0,0,0,0,0,0,"N",-1,-100.0,0,0,0,0,0,0,0,0,0,0,0,0,0,0
"01031","5","518210","78","0","2022","4","",7,5,6,6,53223,2388,29,722,"",1.30,0.09,0.11,0.11,0.04,0.05,0.05,0.39,"",1,16.7,0,0.0,1,20.0,1,20.0,-4928,-8.5,-3576,-60.0,-98,-77.2,-173,-19.3
"01033","5","518210","78","0","2022","4","",4,20,21,29,255969,88877,2400,844,"",0.63,0.26,0.27,0.37,0.10,1.33,2.59,0.35,"N",2,100.0,0,0,0,0,0,0,0,0,0,0,0,0,0,0
"01037","5","518210","78","0","2022","4","N",2,0,0,0,0,0,0,0,"N",3.02,0,0,0,0,0,0,0,"N",0,0.0,0,0,0,0,0,0,0,0,0,0,0,0,0,0
"01043","5","518210","78","0","2022","4","",4,5,5,6,133432,6820,48,1925,"",0.44,0.05,0.05,0.06,0.05,0.08,0.05,0.91,"",1,33.3,2,66.7,2,66.7,3,100.0,69450,108.5,6820,100.0,48,100.0,284,17.3
"01045","5","518210","78","0","2022","4","",3,4,4,4,142538,481,5,2741,"",0.68,0.07,0.07,0.07,0.07,0.02,0.01,1.05,"N",3,100.0,0,0,0,0,0,0,0,0,0,0,0,0,0,0
"01047","5","518210","78","0","2022","4","N",1,0,0,0,0,0,0,0,"N",0.26,0,0,0,0,0,0,0,"N",1,100.0,0,0,0,0,0,0,0,0,0,0,0,0,0,0
"01049","5","518210","78","0","2022","4","N",1,0,0,0,0,0,0,0,"N",0.17,0,0,0,0,0,0,0,"N",1,100.0,0,0,0,0,0,0,0,0,0,0,0,0,0,0
"01051","5","518210","78","0","2022","4","N",10,0,0,0,0,0,0,0,"N",1.43,0,0,0,0,0,0,0,"N",5,100.0,0,0,0,0,0,0,0,0,0,0,0,0,0,0
"01053","5","518210","78","0","2022","4","N",1,0,0,0,0,0,0,0,"N",0.26,0,0,0,0,0,0,0,"N",0,0.0,0,0,0,0,0,0,0,0,0,0,0,0,0,0
"01055","5","518210","78","0","2022","4","N",1,0,0,0,0,0,0,0,"N",0.10,0,0,0,0,0,0,0,"N",0,0.0,0,0,0,0,0,0,0,0,0,0,0,0,0,0
"01061","5","518210","78","0","2022","4","N",1,0,0,0,0,0,0,0,"N",0.40,0,0,0,0,0,0,0,"N",1,100.0,0,0,0,0,0,0,0,0,0,0,0,0,0,0
"01065","5","518210","78","0","2022","4","N",1,0,0,0,0,0,0,0,"N",0.77,0,0,0,0,0,0,0,"N",0,0.0,0,0,0,0,0,0,0,0,0,0,0,0,0,0
"01069","5","518210","78","0","2022","4","N",9,0,0,0,0,0,0,0,"N",0.62,0,0,0,0,0,0,0,"N",5,125.0,0,0,0,0,0,0,0,0,0,0,0,0,0,0
"01071","5","518210","78","0","2022","4","",5,6,6,6,98133,5808,157,1258,"",1.05,0.12,0.12,0.12,0.08,0.15,0.30,0.63,"N",3,150.0,0,0,0,0,0,0,0,0,0,0,0,0,0,0
"01073","5","518210","78","0","2022","4","",133,381,380,385,9294210,223114,3795,1872,"",1.44,0.34,0.33,0.34,0.22,0.23,0.31,0.65,"",42,46.2,47,14.1,55,16.9,45,13.2,838445,9.9,-17636,-7.3,-861,-18.5,-81,-4.1
"01077","5","518210","78","0","2022","4","N",4,0,0,0,0,0,0,0,"N",0.40,0,0,0,0,0,0,0,"N",1,33.3,0,0,0,0,0,0,0,0,0,0,0,0,0,0
"01081","5","518210","78","0","2022","4","",38,141,141,143,3261494,84711,1611,1771,"",2.22,0.71,0.70,0.72,0.59,0.49,0.70,0.84,"",16,72.7,19,15.6,19,15.6,21,17.2,827652,34.0,42679,101.5,710,78.8,236,15.4
"01083","5","518210","78","0","2022","4","",7,8,8,8,275471,0,0,2649,"",0.94,0.08,0.08,0.08,0.09,0.00,0.00,1.08,"N",-1,-12.5,0,0,0,0,0,0,0,0,0,0,0,0,0,0
"01087","5","518210","78","0","2022","4","N",1,0,0,0,0,0,0,0,"N",0.80,0,0,0,0,0,0,0,"N",1,100.0,0,0,0,0,0,0,0,0,0,0,0,0,0,0
"01089","5","518210","78","0","2022","4","",91,255,255,259,9041746,215422,4000,2713,"",1.72,0.37,0.37,0.37,0.32,0.42,0.65,0.88,"",39,75.0,65,34.2,62,32.1,65,33.5,1385240,18.1,370,0.2,-65,-1.6,-349,-11.4
"01093","5","518210","78","0","2022","4","N",1,0,0,0,0,0,0,0,"N",0.35,0,0,0,0,0,0,0,"N",0,0.0,0,0,0,0,0,0,0,0,0,0,0,0,0,0
"01095","5","518210","78","0","2022","4","",6,20,18,19,459269,6792,120,1859,"",0.59,0.16,0.14,0.15,0.14,0.06,0.10,0.94,"",-1,-14.3,5,33.3,1,5.9,3,18.8,128093,38.7,-3569,-34.4,-123,-50.6,267,16.8
"01097","5","518210","78","0","2022","4","",41,123,126,125,2298844,157984,2335,1418,"",0.83,0.22,0.23,0.23,0.12,0.32,0.29,0.55,"",9,28.1,14,12.8,32,34.0,30,31.6,399916,21.1,-191396,-54.8,-6215,-72.7,-53,-3.6
"01101","2","518210","78","0","2022","4","",1,11,11,12,262944,0,0,1785,"",87.97,14.43,14.23,15.04,17.18,0.00,0.00,1.18,"N",0,0.0,0,0,0,0,0,0,0,0,0,0,0,0,0,0
"01101","5","518210","78","0","2022","4","",30,263,248,248,4745763,128945,2019,1443,"",1.01,0.64,0.60,0.60,0.35,0.41,0.46,0.56,"",5,20.0,-26,-9.0,-48,-16.2,-58,-19.0,-102507,-2.1,37739,41.4,390,23.9,187,14.9
"01103","5","518210","78","0","2022","4","N",11,0,0,0,0,0,0,0,"N",0.82,0,0,0,0,0,0,0,"N",0,0.0,0,0,0,0,0,0,0,0,0,0,0,0,0,0
"01107","5","518210","78","0","2022","4","N",1,0,0,0,0,0,0,0,"N",0.65,0,0,0,0,0,0,0,"N",0,0.0,0,0,0,0,0,0,0,0,0,0,0,0,0,0
"01109","5","518210","78","0","2022","4","N",1,0,0,0,0,0,0,0,"N",0.31,0,0,0,0,0,0,0,"N",0,0.0,0,0,0,0,0,0,0,0,0,0,0,0,0,0
"01111","5","518210","78","0","2022","4","N",1,0,0,0,0,0,0,0,"N",0.52,0,0,0,0,0,0,0,"N",0,0.0,0,0,0,0,0,0,0,0,0,0,0,0,0,0
"01113","5","518210","78","0","2022","4","",7,8,9,10,142834,26880,709,1221,"",1.44,0.19,0.21,0.23,0.12,0.69,1.27,0.58,"",3,75.0,4,100.0,5,125.0,6,150.0,74081,107.7,18054,204.6,477,205.6,-101,-7.6
"01115","5","518210","78","0","2022","4","N",4,0,0,0,0,0,0,0,"N",0.52,0,0,0,0,0,0,0,"N",1,33.3,0,0,0,0,0,0,0,0,0,0,0,0,0,0
"01117","5","518210","78","0","2022","4","",52,123,121,119,3101420,65109,1642,1972,"",1.77,0.45,0.44,0.43,0.32,0.26,0.46,0.72,"",22,73.3,-20,-14.0,-20,-14.2,-22,-15.6,-142636,-4.4,-7220,-10.0,-223,-12.0,211,12.0
"01121","5","518210","78","0","2022","4","N",4,0,0,0,0,0,0,0,"N",0.62,0,0,0,0,0,0,0,"N",1,33.3,0,0,0,0,0,0,0,0,0,0,0,0,0,0
"01123","5","518210","78","0","2022","4","N",2,0,0,0,0,0,0,0,"N",0.47,0,0,0,0,0,0,0,"N",1,100.0,0,0,0,0,0,0,0,0,0,0,0,0,0,0
"01125","5","518210","78","0","2022","4","",11,24,26,26,333756,29035,569,1013,"",0.51,0.08,0.08,0.09,0.04,0.11,0.17,0.42,"N",3,37.5,0,0,0,0,0,0,0,0,0,0,0,0,0,0
"01127","5","518210","78","0","2022","4","N",3,0,0,0,0,0,0,0,"N",0.47,0,0,0,0,0,0,0,"N",2,200.0,0,0,0,0,0,0,0,0,0,0,0,0,0,0
"01131","5","518210","78","0","2022","4","N",1,0,0,0,0,0,0,0,"N",0.84,0,0,0,0,0,0,0,"N",0,0.0,0,0,0,0,0,0,0,0,0,0,0,0,0,0
"01133","5","518210","78","0","2022","4","N",2,0,0,0,0,0,0,0,"N",0.93,0,0,0,0,0,0,0,"N",1,100.0,0,0,0,0,0,0,0,0,0,0,0,0,0,0
"01999","5","518210","78","0","2022","4","",632,1431,1457,1459,34801198,1774239,42086,1847,"",7.47,5.67,5.70,5.68,3.06,4.69,6.03,0.54,"",83,15.1,584,68.9,575,65.2,576,65.2,9825090,39.3,257977,17.0,6492,18.2,-360,-16.3
"02000","5","518210","58","0","2022","4","",73,97,99,96,2678525,428975,10905,2117,"",0.70,0.10,0.10,0.10,0.08,0.11,0.13,0.75,"",6,9.0,13,15.5,12,13.8,2,2.1,568820,27.0,51030,13.5,2330,27.2,280,15.2
"02020","5","518210","78","0","2022","4","N",22,0,0,0,0,0,0,0,"N",0.61,0,0,0,0,0,0,0,"N",-2,-8.3,0,0,0,0,0,0,0,0,0,0,0,0,0,0
"02090","5","518210","78","0","2022","4","",6,10,11,10,627658,25416,743,4672,"",0.60,0.09,0.10,0.09,0.16,0.06,0.09,1.73,"",-1,-14.3,2,25.0,3,37.5,0,0.0,156088,33.1,-38417,-60.2,-775,-51.1,486,11.6
"02110","5","518210","78","0","2022","4","N",3,0,0,0,0,0,0,0,"N",0.63,0,0,0,0,0,0,0,"N",0,0.0,0,0,0,0,0,0,0,0,0,0,0,0,0,0
"02122","5","518210","78","0","2022","4","N",6,0,0,0,0,0,0,0,"N",0.61,0,0,0,0,0,0,0,"N",2,50.0,0,0,0,0,0,0,0,0,0,0,0,0,0,0
"02170","5","518210","78","0","2022","4","N",3,0,0,0,0,0,0,0,"N",0.27,0,0,0,0,0,0,0,"N",0,0.0,0,0,0,0,0,0,0,0,0,0,0,0,0,0
"02999","5","518210","78","0","2022","4","",33,36,35,33,849797,219869,6175,1886,"",3.35,3.47,3.38,3.14,1.69,3.27,3.58,0.51,"N",7,26.9,0,0,0,0,0,0,0,0,0,0,0,0,0,0
"04000","5","518210","58","0","2022","4","",824,12268,12229,12193,355481282,6383009,170575,2236,"",0.92,1.24,1.22,1.22,0.99,0.79,1.31,0.81,"",-12,-1.4,507,4.3,412,3.5,238,2.0,20432472,6.1,-3426862,-34.9,-158642,-48.2,60,2.8
"04001","5","518210","78","0","2022","4","N",1,0,0,0,0,0,0,0,"N",0.38,0,0,0,0,0,0,0,"N",0,0.0,0,0,0,0,0,0,0,0,0,0,0,0,0,0
"04003","5","518210","78","0","2022","4","",8,41,43,42,810291,16289,328,1484,"",0.75,0.38,0.39,0.39,0.24,0.26,0.42,0.63,"",-1,-11.1,-1,-2.4,0,0.0,-1,-2.3,67036,9.0,-38651,-70.4,-1613,-83.1,144,10.7
"04005","5","518210","78","0","2022","4","N",7,0,0,0,0,0,0,0,"N",0.42,0,0,0,0,0,0,0,"N",1,16.7,0,0,0,0,0,0,0,0,0,0,0,0,0,0
"04007","5","518210","78","0","2022","4","N",2,0,0,0,0,0,0,0,"N",0.43,0,0,0,0,0,0,0,"N",0,0.0,0,0,0,0,0,0,0,0,0,0,0,0,0,0
"04013","5","518210","78","0","2022","4","",520,10840,10775,10753,309384984,5730405,159333,2206,"",0.92,1.55,1.53,1.53,1.17,0.97,1.85,0.76,"",-5,-1.0,192,1.8,78,0.7,-59,-0.5,11016698,3.7,-2860577,-33.3,-123084,-43.6,65,3.0
"04015","5","518210","78","0","2022","4","N",3,0,0,0,0,0,0,0,"N",0.15,0,0,0,0,0,0,0,"N",-1,-25.0,0,0,0,0,0,0,0,0,0,0,0,0,0,0
"04019","5","518210","78","0","2022","4","",38,288,297,291,8504294,77362,779,2240,"",0.40,0.24,0.24,0.24,0.22,0.09,0.08,0.90,"",-1,-2.6,90,45.5,101,51.5,91,45.5,2388753,39.1,10548,15.8,-852,-52.2,-136,-5.7
"04021","5","518210","78","0","2022","4","",3,5,7,7,132379,6031,110,1608,"",0.17,0.02,0.03,0.03,0.02,0.04,0.04,0.71,"N",-1,-25.0,0,0,0,0,0,0,0,0,0,0,0,0,0,0
"04023","5","518210","78","0","2022","4","N",2,0,0,0,0,0,0,0,"N",0.39,0,0,0,0,0,0,0,"N",0,0.0,0,0,0,0,0,0,0,0,0,0,0,0,0,0
"04025","5","518210","78","0","2022","4","N",2,0,0,0,0,0,0,0,"N",0.07,0,0,0,0,0,0,0,"N",-3,-60.0,0,0,0,0,0,0,0,0,0,0,0,0,0,0
"04027","5","518210","78","0","2022","4","N",2,0,0,0,0,0,0,0,"N",0.12,0,0,0,0,0,0,0,"N",0,0.0,0,0,0,0,0,0,0,0,0,0,0,0,0,0
"04999","5","518210","78","0","2022","4","",236,1019,1032,1022,34640822,498964,9709,2601,"",2.42,4.01,3.95,3.87,2.67,1.73,1.97,0.68,"",-1,-0.4,218,27.2,221,27.3,192,23.1,6682807,23.9,-542481,-52.1,-32433,-77.0,-41,-1.6
"05000","2","518210","58","0","2022","4","",1,163,163,164,3193911,0,0,1504,"",6.13,21.67,21.47,21.03,23.52,0.00,0.00,1.10,"N",0,0.0,0,0,0,0,0,0,0,0,0,0,0,0,0,0
"05000","5","518210","58","0","2022","4","",1310,4742,4745,4752,119067307,3199478,65695,1930,"",3.08,1.18,1.17,1.18,0.98,0.80,1.49,0.83,"",241,22.5,696,17.2,593,14.3,559,13.3,16297534,15.9,-1413047,-30.6,-47101,-41.8,16,0.8
"05003","5","518210","78","0","2022","4","N",1,0,0,0,0,0,0,0,"N",0.47,0,0,0,0,0,0,0,"N",0,0.0,0,0,0,0,0,0,0,0,0,0,0,0,0,0
"05005","5","518210","78","0","2022","4","N",1,0,0,0,0,0,0,0,"N",0.19,0,0,0,0,0,0,0,"N",0,0.0,0,0,0,0,0,0,0,0,0,0,0,0,0,0
"05007","5","518210","78","0","2022","4","",59,332,329,317,7356086,220064,3498,1736,"",1.78,0.76,0.75,0.72,0.47,0.47,0.83,0.63,"",3,5.4,43,14.9,31,10.4,30,10.5,837676,12.9,-68863,-23.8,-7752,-68.9,15,0.9
"05009","5","518210","78","0","2022","4","N",1,0,0,0,0,0,0,0,"N",0.25,0,0,0,0,0,0,0,"N",0,0.0,0,0,0,0,0,0,0,0,0,0,0,0,0,0
"05023","5","518210","78","0","2022","4","N",2,0,0,0,0,0,0,0,"N",0.75,0,0,0,0,0,0,0,"N",0,0.0,0,0,0,0,0,0,0,0,0,0,0,0,0,0
"05029","5","518210","78","0","2022","4","N",1,0,0,0,0,0,0,0,"N",0.46,0,0,0,0,0,0,0,"N",1,100.0,0,0,0,0,0,0,0,0,0,0,0,0,0,0
"05031","5","518210","78","0","2022","4","N",4,0,0,0,0,0,0,0,"N",0.32,0,0,0,0,0,0,0,"N",0,0.0,0,0,0,0,0,0,0,0,0,0,0,0,0,0
"05033","5","518210","78","0","2022","4","N",2,0,0,0,0,0,0,0,"N",0.37,0,0,0,0,0,0,0,"N",0,0.0,0,0,0,0,0,0,0,0,0,0,0,0,0,0
"05035","5","518210","78","0","2022","4","N",1,0,0,0,0,0,0,0,"N",0.21,0,0,0,0,0,0,0,"N",0,0.0,0,0,0,0,0,0,0,0,0,0,0,0,0,0
"05045","5","518210","78","0","2022","4","N",11,0,0,0,0,0,0,0,"N",0.82,0,0,0,0,0,0,0,"N",4,57.1,0,0,0,0,0,0,0,0,0,0,0,0,0,0
"05047","5","518210","78","0","2022","4","N",1,0,0,0,0,0,0,0,"N",0.60,0,0,0,0,0,0,0,"N",1,100.0,0,0,0,0,0,0,0,0,0,0,0,0,0,0
"05051","5","518210","78","0","2022","4","N",4,0,0,0,0,0,0,0,"N",0.29,0,0,0,0,0,0,0,"N",-2,-33.3,0,0,0,0,0,0,0,0,0,0,0,0,0,0
"05055","5","518210","78","0","2022","4","N",2,0,0,0,0,0,0,0,"N",0.52,0,0,0,0,0,0,0,"N",0,0.0,0,0,0,0,0,0,0,0,0,0,0,0,0,0
"05057","5","518210","78","0","2022","4","N",2,0,0,0,0,0,0,0,"N",0.90,0,0,0,0,0,0,0,"N",1,100.0,0,0,0,0,0,0,0,0,0,0,0,0,0,0
"05063","5","518210","78","0","2022","4","N",1,0,0,0,0,0,0,0,"N",0.25,0,0,0,0,0,0,0,"N",1,100.0,0,0,0,0,0,0,0,0,0,0,0,0,0,0
"05065","5","518210","78","0","2022","4","N",1,0,0,0,0,0,0,0,"N",0.94,0,0,0,0,0,0,0,"N",0,0.0,0,0,0,0,0,0,0,0,0,0,0,0,0,0
"05069","5","518210","78","0","2022","4","N",1,0,0,0,0,0,0,0,"N",0.13,0,0,0,0,0,0,0,"N",0,0.0,0,0,0,0,0,0,0,0,0,0,0,0,0,0
"05073","5","518210","78","0","2022","4","N",1,0,0,0,0,0,0,0,"N",1.46,0,0,0,0,0,0,0,"N",0,0.0,0,0,0,0,0,0,0,0,0,0,0,0,0,0
"05085","5","518210","78","0","2022","4","",5,5,5,4,135154,0,0,2228,"",0.86,0.10,0.10,0.08,0.12,0.00,0.00,1.24,"",0,0.0,1,25.0,0,0.0,-2,-33.3,49118,57.1,-4546,-100.0,-141,-100.0,904,68.3
"05087","5","518210","78","0","2022","4","N",1,0,0,0,0,0,0,0,"N",0.82,0,0,0,0,0,0,0,"N",0,0.0,0,0,0,0,0,0,0,0,0,0,0,0,0,0
"05089","5","518210","78","0","2022","4","N",1,0,0,0,0,0,0,0,"N",0.80,0,0,0,0,0,0,0,"N",1,100.0,0,0,0,0,0,0,0,0,0,0,0,0,0,0
"05091","5","518210","78","0","2022","4","N",3,0,0,0,0,0,0,0,"N",0.78,0,0,0,0,0,0,0,"N",2,200.0,0,0,0,0,0,0,0,0,0,0,0,0,0,0
"05093","5","518210","78","0","2022","4","N",2,0,0,0,0,0,0,0,"N",0.46,0,0,0,0,0,0,0,"N",0,0.0,0,0,0,0,0,0,0,0,0,0,0,0,0,0
"05095","5","518210","78","0","2022","4","N",1,0,0,0,0,0,0,0,"N",0.96,0,0,0,0,0,0,0,"N",0,0.0,0,0,0,0,0,0,0,0,0,0,0,0,0,0
"05097","5","518210","78","0","2022","4","N",1,0,0,0,0,0,0,0,"N",1.42,0,0,0,0,0,0,0,"N",0,0.0,0,0,0,0,0,0,0,0,0,0,0,0,0,0
"05103","5","518210","78","0","2022","4","N",1,0,0,0,0,0,0,0,"N",0.39,0,0,0,0,0,0,0,"N",0,0.0,0,0,0,0,0,0,0,0,0,0,0,0,0,0
"05115","5","518210","78","0","2022","4","N",3,0,0,0,0,0,0,0,"N",0.39,0,0,0,0,0,0,0,"N",0,0.0,0,0,0,0,0,0,0,0,0,0,0,0,0,0
"05119","2","518210","78","0","2022","4","",1,163,163,164,3193911,0,0,1504,"",42.97,108.23,106.96,104.27,104.36,0.00,0.00,0.98,"N",0,0.0,0,0,0,0,0,0,0,0,0,0,0,0,0,0
"05119","5","518210","78","0","2022","4","",61,375,383,380,8132682,237141,4656,1649,"",1.00,0.47,0.47,0.47,0.30,0.32,0.68,0.63,"",3,5.2,27,7.8,29,8.2,21,5.8,502102,6.6,-50150,-17.5,-1308,-21.9,-11,-0.7
"05125","5","518210","78","0","2022","4","N",6,0,0,0,0,0,0,0,"N",0.61,0,0,0,0,0,0,0,"N",-1,-14.3,0,0,0,0,0,0,0,0,0,0,0,0,0,0
"05129","5","518210","78","0","2022","4","N",1,0,0,0,0,0,0,0,"N",1.36,0,0,0,0,0,0,0,"N",0,0.0,0,0,0,0,0,0,0,0,0,0,0,0,0,0
"05131","5","518210","78","0","2022","4","N",7,0,0,0,0,0,0,0,"N",0.44,0,0,0,0,0,0,0,"N",0,0.0,0,0,0,0,0,0,0,0,0,0,0,0,0,0
"05135","5","518210","78","0","2022","4","N",1,0,0,0,0,0,0,0,"N",0.61,0,0,0,0,0,0,0,"N",0,0.0,0,0,0,0,0,0,0,0,0,0,0,0,0,0
"05139","5","518210","78","0","2022","4","-",0,0,0,0,0,0,0,0,"N",0.00,0,0,0,0,0,0,0,"N",-1,-100.0,0,0,0,0,0,0,0,0,0,0,0,0,0,0
"05143","5","518210","78","0","2022","4","",32,149,141,140,3692240,127179,6997,1982,"",1.13,0.40,0.37,0.37,0.30,0.35,2.06,0.79,"",3,10.3,-44,-22.8,-39,-21.7,-40,-22.2,-425342,-10.3,-200056,-61.1,-2929,-29.5,264,15.4
"05145","5","518210","78","0","2022","4","N",1,0,0,0,0,0,0,0,"N",0.13,0,0,0,0,0,0,0,"N",-1,-50.0,0,0,0,0,0,0,0,0,0,0,0,0,0,0
"05999","5","518210","78","0","2022","4","",1087,1578,1572,1569,44355595,1605051,42367,2169,"",13.35,9.35,9.20,9.28,5.87,5.55,6.37,0.63,"",227,26.4,536,51.4,434,38.1,383,32.3,12745285,40.3,-821955,-33.9,-29636,-41.2,2,0.1
"06000","3","518210","58","0","2022","4","",2,22,21,21,619794,0,0,2235,"",0.13,0.07,0.06,0.06,0.08,0.00,0.00,1.18,"N",0,0.0,0,0,0,0,0,0,0,0,0,0,0,0,0,0
"06000","5","518210","58","0","2022","4","",4265,74065,74234,74334,4539630613,35324144,1126968,4706,"",0.57,1.29,1.29,1.30,1.67,0.87,0.87,1.29,"",918,27.4,14790,25.0,14325,23.9,13806,22.8,-580229965,-11.3,-9961739,-22.0,-580075,-34.0,-1868,-28.4
"06001","5","518210","78","0","2022","4","",175,6780,6735,6713,346533278,1939980,57591,3953,"",0.59,2.70,2.68,2.67,2.73,1.22,1.19,1.02,"",29,19.9,472,7.5,281,4.4,252,3.9,-86391151,-20.0,-1632641,-45.7,-60506,-51.2,-1244,-23.9
"06003","5","518210","78","0","2022","4","N",2,0,0,0,0,0,0,0,"N",5.58,0,0,0,0,0,0,0,"N",0,0.0,0,0,0,0,0,0,0,0,0,0,0,0,0,0
"06005","5","518210","78","0","2022","4","N",1,0,0,0,0,0,0,0,"N",0.19,0,0,0,0,0,0,0,"N",1,100.0,0,0,0,0,0,0,0,0,0,0,0,0,0,0
"06007","5","518210","78","0","2022","4","N",3,0,0,0,0,0,0,0,"N",0.08,0,0,0,0,0,0,0,"N",-1,-25.0,0,0,0,0,0,0,0,0,0,0,0,0,0,0
"06009","5","518210","78","0","2022","4","N",1,0,0,0,0,0,0,0,"N",0.16,0,0,0,0,0,0,0,"N",0,0.0,0,0,0,0,0,0,0,0,0,0,0,0,0,0
"06013","5","518210","78","0","2022","4","",60,528,530,517,20312495,180623,6589,2976,"",0.38,0.45,0.45,0.44,0.38,0.22,0.26,0.86,"",3,5.3,175,49.6,172,48.0,158,44.0,-1315015,-6.1,-406157,-69.2,-25086,-79.2,-1688,-36.2
"06017","5","518210","78","0","2022","4","",9,52,53,53,1812177,29100,1020,2647,"",0.34,0.28,0.29,0.29,0.28,0.22,0.23,0.99,"",2,28.6,14,36.8,15,39.5,15,39.5,718546,65.7,16773,136.1,552,117.9,433,19.6
"06019","5","518210","78","0","2022","4","N",11,0,0,0,0,0,0,0,"N",0.06,0,0,0,0,0,0,0,"N",0,0.0,0,0,0,0,0,0,0,0,0,0,0,0,0,0
"06023","5","518210","78","0","2022","4","N",1,0,0,0,0,0,0,0,"N",0.04,0,0,0,0,0,0,0,"N",0,0.0,0,0,0,0,0,0,0,0,0,0,0,0,0,0
"06025","5","518210","78","0","2022","4","N",2,0,0,0,0,0,0,0,"N",0.05,0,0,0,0,0,0,0,"N",2,100.0,0,0,0,0,0,0,0,0,0,0,0,0,0,0
"06029","5","518210","78","0","2022","4","N",9,0,0,0,0,0,0,0,"N",0.09,0,0,0,0,0,0,0,"N",2,28.6,0,0,0,0,0,0,0,0,0,0,0,0,0,0
"06031","5","518210","78","0","2022","4","N",2,0,0,0,0,0,0,0,"N",0.10,0,0,0,0,0,0,0,"N",0,0.0,0,0,0,0,0,0,0,0,0,0,0,0,0,0
"06037","5","518210","78","0","2022","4","",686,11188,11293,11371,554376909,6602324,219646,3779,"",0.29,0.78,0.78,0.79,0.83,0.63,0.67,1.06,"",102,17.5,1289,13.0,1286,12.9,1255,12.4,59419469,12.0,-1096681,-14.2,-70033,-24.2,-26,-0.7
"06039","5","518210","78","0","2022","4","N",2,0,0,0,0,0,0,0,"N",0.09,0,0,0,0,0,0,0,"N",1,100.0,0,0,0,0,0,0,0,0,0,0,0,0,0,0
"06041","5","518210","78","0","2022","4","",38,91,92,91,3579330,37432,1109,3015,"",0.69,0.26,0.26,0.26,0.20,0.17,0.17,0.78,"",6,18.8,11,13.8,10,12.2,3,3.4,854182,31.3,-45776,-55.0,-1553,-58.3,499,19.8
"06045","5","518210","78","0","2022","4","N",2,0,0,0,0,0,0,0,"N",0.11,0,0,0,0,0,0,0,"N",1,100.0,0,0,0,0,0,0,0,0,0,0,0,0,0,0
"06047","5","518210","78","0","2022","4","N",1,0,0,0,0,0,0,0,"N",0.03,0,0,0,0,0,0,0,"N",0,0.0,0,0,0,0,0,0,0,0,0,0,0,0,0,0
"06051","5","518210","78","0","2022","4","N",1,0,0,0,0,0,0,0,"N",0.33,0,0,0,0,0,0,0,"N",0,0.0,0,0,0,0,0,0,0,0,0,0,0,0,0,0
"06053","5","518210","78","0","2022","4","N",8,0,0,0,0,0,0,0,"N",0.13,0,0,0,0,0,0,0,"N",2,33.3,0,0,0,0,0,0,0,0,0,0,0,0,0,0
"06055","5","518210","78","0","2022","4","",9,43,42,42,1356091,1689,49,2464,"",0.34,0.17,0.17,0.18,0.14,0.01,0.01,0.83,"",-1,-10.0,-9,-17.3,-11,-20.8,-9,-17.6,-42131,-3.0,-7352,-81.3,-340,-87.4,396,19.1
"06057","5","518210","78","0","2022","4","N",3,0,0,0,0,0,0,0,"N",0.17,0,0,0,0,0,0,0,"N",2,200.0,0,0,0,0,0,0,0,0,0,0,0,0,0,0
"06059","3","518210","78","0","2022","4","",1,15,14,14,446748,0,0,2398,"",0.83,0.51,0.47,0.47,0.69,0.00,0.00,1.43,"N",0,0.0,0,0,0,0,0,0,0,0,0,0,0,0,0,0
"06059","5","518210","78","0","2022","4","",260,3084,3073,3091,92855785,1679281,54609,2317,"",0.43,0.59,0.59,0.59,0.42,0.43,0.47,0.72,"",46,21.5,247,8.7,243,8.6,210,7.3,10966499,13.4,-519346,-23.6,-33461,-38.0,106,4.8
"06061","5","518210","78","0","2022","4","N",19,0,0,0,0,0,0,0,"N",0.30,0,0,0,0,0,0,0,"N",4,26.7,0,0,0,0,0,0,0,0,0,0,0,0,0,0
"06065","5","518210","78","0","2022","4","",32,584,580,591,14881134,124005,5041,1957,"",0.10,0.23,0.22,0.23,0.19,0.06,0.08,0.82,"",-3,-8.6,148,33.9,148,34.3,147,33.1,3429134,29.9,38208,44.5,1303,34.9,-57,-2.8
"06067","5","518210","78","0","2022","4","",69,1267,1255,1255,39953074,506965,21655,2441,"",0.24,0.57,0.56,0.56,0.43,0.39,0.53,0.77,"",18,35.3,154,13.8,152,13.8,139,12.5,9014240,29.1,-370656,-42.2,-22492,-50.9,298,13.9
"06069","5","518210","78","0","2022","4","N",1,0,0,0,0,0,0,0,"N",0.13,0,0,0,0,0,0,0,"N",1,100.0,0,0,0,0,0,0,0,0,0,0,0,0,0,0
"06071","5","518210","78","0","2022","4","",26,45,52,44,762111,69537,2298,1247,"",0.09,0.02,0.02,0.02,0.01,0.04,0.04,0.50,"",10,62.5,12,36.4,15,40.5,15,51.7,381754,100.4,3630,5.5,54,2.4,360,40.6
"06073","5","518210","78","0","2022","4","",227,2515,2528,2498,95494941,1389894,47022,2922,"",0.42,0.52,0.52,0.52,0.46,0.44,0.49,0.88,"",24,11.8,-210,-7.7,-208,-7.6,-274,-9.9,-14009218,-12.8,-654990,-32.0,-37489,-44.4,-147,-4.8
"06075","5","518210","78","0","2022","4","",506,22025,22101,22039,1437473992,10004929,290084,5014,"",1.88,9.35,9.35,9.35,7.28,7.24,6.99,0.78,"",108,27.1,4369,24.7,4187,23.4,3891,21.4,-1217662447,-45.9,-4217349,-29.7,-187954,-39.3,-6392,-56.0
"06077","5","518210","78","0","2022","4","N",9,0,0,0,0,0,0,0,"N",0.10,0,0,0,0,0,0,0,"N",4,80.0,0,0,0,0,0,0,0,0,0,0,0,0,0,0
"06079","5","518210","78","0","2022","4","",12,24,23,22,494897,8461,286,1655,"",0.25,0.06,0.06,0.06,0.04,0.03,0.04,0.64,"",2,20.0,-10,-29.4,-12,-34.3,-12,-35.3,-597212,-54.7,-9888,-53.9,-548,-65.7,-792,-32.4
"06081","5","518210","78","0","2022","4","",180,5792,5808,5850,510352280,2916652,94069,6749,"",1.40,4.29,4.28,4.31,4.55,3.71,4.03,1.06,"",25,16.1,1770,44.0,1757,43.4,1759,43.0,187428219,58.0,480145,19.7,1685,1.8,623,10.2
"06083","5","518210","78","0","2022","4","",28,325,329,344,11179445,218293,7900,2585,"",0.39,0.47,0.48,0.52,0.46,0.47,0.56,0.94,"",3,12.0,-51,-13.6,-43,-11.6,-32,-8.5,-1961813,-14.9,-3681,-1.7,-4692,-37.3,-113,-4.2
"06085","5","518210","78","0","2022","4","",430,12867,12868,12987,1161518200,4490563,140679,6922,"",1.28,3.59,3.57,3.61,3.43,2.07,2.12,0.96,"",107,33.1,4950,62.5,4972,63.0,5038,63.4,437770458,60.5,-895109,-16.6,-85208,-37.7,-107,-1.5
"06087","5","518210","78","0","2022","4","N",13,0,0,0,0,0,0,0,"N",0.30,0,0,0,0,0,0,0,"N",5,62.5,0,0,0,0,0,0,0,0,0,0,0,0,0,0
"06089","5","518210","78","0","2022","4","N",9,0,0,0,0,0,0,0,"N",0.26,0,0,0,0,0,0,0,"N",0,0.0,0,0,0,0,0,0,0,0,0,0,0,0,0,0
"06093","5","518210","78","0","2022","4","N",1,0,0,0,0,0,0,0,"N",0.13,0,0,0,0,0,0,0,"N",0,0.0,0,0,0,0,0,0,0,0,0,0,0,0,0,0
"06095","5","518210","78","0","2022","4","",13,94,89,93,2432788,34848,1063,2034,"",0.24,0.21,0.20,0.21,0.15,0.13,0.13,0.72,"",2,18.2,0,0.0,-9,-9.2,-1,-1.1,66083,2.8,-22265,-39.0,-1151,-52.0,124,6.5
"06097","3","518210","78","0","2022","4","",1,7,7,7,173046,0,0,1902,"",5.64,1.86,1.87,1.87,2.23,0.00,0.00,1.19,"N",0,0.0,0,0,0,0,0,0,0,0,0,0,0,0,0,0
"06097","5","518210","78","0","2022","4","",18,95,95,96,2948990,60194,2165,2379,"",0.20,0.14,0.14,0.15,0.11,0.14,0.17,0.77,"",6,50.0,5,5.6,3,3.3,7,7.9,643445,27.9,8672,16.8,141,7.0,416,21.2
"06099","5","518210","78","0","2022","4","N",2,0,0,0,0,0,0,0,"N",0.03,0,0,0,0,0,0,0,"N",-1,-33.3,0,0,0,0,0,0,0,0,0,0,0,0,0,0
"06101","5","518210","78","0","2022","4","N",1,0,0,0,0,0,0,0,"N",0.06,0,0,0,0,0,0,0,"N",0,0.0,0,0,0,0,0,0,0,0,0,0,0,0,0,0
"06107","5","518210","78","0","2022","4","",4,8,8,7,89672,1243,43,900,"",0.07,0.01,0.01,0.01,0.01,0.00,0.00,0.42,"N",1,33.3,0,0,0,0,0,0,0,0,0,0,0,0,0,0
"06111","5","518210","78","0","2022","4","",42,441,435,434,17577441,240116,11341,3096,"",0.33,0.42,0.42,0.42,0.46,0.32,0.49,1.09,"",8,23.5,-15,-3.3,-10,-2.2,-19,-4.2,-2089724,-10.6,-46590,-16.3,-1762,-13.4,-256,-7.6
"06113","5","518210","78","0","2022","4","N",4,0,0,0,0,0,0,0,"N",0.12,0,0,0,0,0,0,0,"N",1,33.3,0,0,0,0,0,0,0,0,0,0,0,0,0,0
"06115","5","518210","78","0","2022","4","-",0,0,0,0,0,0,0,0,"N",0.00,0,0,0,0,0,0,0,"N",-3,-100.0,0,0,0,0,0,0,0,0,0,0,0,0,0,0
"06999","5","518210","78","0","2022","4","",1333,5705,5728,5696,210889589,4530621,153729,2841,"",4.66,3.35,3.34,3.34,1.90,2.43,2.47,0.57,"",400,42.9,1412,32.9,1304,29.5,1215,27.1,31878964,17.8,-595945,-11.6,-50591,-24.8,-289,-9.2
"08000","5","518210","58","0","2022","4","",1758,16504,16582,16426,589309431,22469758,452163,2747,"",1.64,1.84,1.84,1.81,1.57,1.32,1.79,0.86,"",136,8.4,631,4.0,569,3.6,307,1.9,9655463,1.7,-257606,-1.1,-65494,-12.7,-40,-1.4
"08001","5","518210","78","0","2022","4","",70,243,233,195,7700460,596702,12101,2648,"",1.17,0.32,0.30,0.25,0.26,0.42,0.53,0.89,"",5,7.7,2,0.8,-1,-0.4,-43,-18.1,599104,8.4,333736,126.9,6508,116.4,350,15.2
"08005","5","518210","78","0","2022","4","",216,3461,3471,3487,118284527,3524693,74017,2620,"",1.87,3.24,3.25,3.26,2.46,1.89,2.48,0.76,"",11,5.4,64,1.9,42,1.2,92,2.7,-2900359,-2.4,-28078,-0.8,-9510,-11.4,-116,-4.2
"08007","5","518210","78","0","2022","4","N",1,0,0,0,0,0,0,0,"N",0.33,0,0,0,0,0,0,0,"N",0,0.0,0,0,0,0,0,0,0,0,0,0,0,0,0,0
"08009","5","518210","78","0","2022","4","N",1,0,0,0,0,0,0,0,"N",1.91,0,0,0,0,0,0,0,"N",1,100.0,0,0,0,0,0,0,0,0,0,0,0,0,0,0
"08013","5","518210","78","0","2022","4","",217,1502,1490,1477,53750933,1966341,45527,2776,"",2.64,2.43,2.41,2.39,1.79,2.06,3.07,0.74,"",15,7.4,73,5.1,58,4.1,16,1.1,1929846,3.7,-516704,-20.8,-10217,-18.3,9,0.3
"08014","5","518210","78","0","2022","4","",48,1312,1368,1354,84537518,2402276,48196,4836,"",3.15,9.67,10.05,9.86,10.75,9.95,12.35,1.09,"",4,9.1,344,35.5,372,37.3,350,34.9,20997557,33.0,967229,67.4,13667,39.6,-104,-2.1
"08015","5","518210","78","0","2022","4","N",3,0,0,0,0,0,0,0,"N",0.57,0,0,0,0,0,0,0,"N",1,50.0,0,0,0,0,0,0,0,0,0,0,0,0,0,0
"08019","5","518210","78","0","2022","4","-",0,0,0,0,0,0,0,0,"N",0.00,0,0,0,0,0,0,0,"N",-1,-100.0,0,0,0,0,0,0,0,0,0,0,0,0,0,0
"08023","5","518210","78","0","2022","4","-",0,0,0,0,0,0,0,0,"N",0.00,0,0,0,0,0,0,0,"N",-1,-100.0,0,0,0,0,0,0,0,0,0,0,0,0,0,0
"08029","5","518210","78","0","2022","4","N",1,0,0,0,0,0,0,0,"N",0.22,0,0,0,0,0,0,0,"N",-1,-50.0,0,0,0,0,0,0,0,0,0,0,0,0,0,0
"08031","5","518210","78","0","2022","4","",477,5589,5590,5501,198778501,8263040,168395,2750,"",2.54,3.12,3.12,3.08,2.19,2.59,3.30,0.71,"",37,8.4,90,1.6,20,0.4,-144,-2.6,-13918567,-6.5,-1467538,-15.1,-62535,-27.1,-187,-6.4
"08035","5","518210","78","0","2022","4","",145,995,996,1004,40441361,920524,18262,3116,"",2.11,2.22,2.20,2.22,1.99,1.02,1.40,0.90,"",12,9.0,0,0.0,-1,-0.1,4,0.4,1546521,4.0,-285811,-23.7,-7978,-30.4,116,3.9
"08037","5","518210","78","0","2022","4","",14,33,30,32,1374469,28887,1056,3339,"",0.82,0.32,0.29,0.28,0.36,0.09,0.31,1.20,"",2,16.7,2,6.5,-3,-9.1,2,6.7,-103621,-7.0,-57713,-66.6,-407,-27.8,-290,-8.0
"08039","5","518210","78","0","2022","4","",5,23,26,17,965006,15534,575,3374,"",1.36,1.60,1.80,1.20,2.11,0.28,1.31,1.38,"N",1,25.0,0,0,0,0,0,0,0,0,0,0,0,0,0,0
"08041","5","518210","78","0","2022","4","",140,587,581,588,15132489,915272,17169,1989,"",1.28,0.62,0.61,0.62,0.45,0.56,0.66,0.74,"",17,13.8,-10,-1.7,-19,-3.2,-22,-3.6,325088,2.2,-233327,-20.3,-6000,-25.9,98,5.2
"08043","5","518210","78","0","2022","4","",5,4,4,4,26367,1500,13,507,"",1.05,0.09,0.09,0.09,0.02,0.02,0.02,0.22,"",0,0.0,0,0.0,0,0.0,0,0.0,-1856,-6.6,-1500,-50.0,-16,-55.2,-36,-6.6
"08045","5","518210","78","0","2022","4","",10,19,17,17,512118,3226,60,2230,"",0.76,0.23,0.21,0.21,0.18,0.02,0.03,0.84,"N",2,25.0,0,0,0,0,0,0,0,0,0,0,0,0,0,0
"08047","5","518210","78","0","2022","4","N",1,0,0,0,0,0,0,0,"N",1.01,0,0,0,0,0,0,0,"N",0,0.0,0,0,0,0,0,0,0,0,0,0,0,0,0,0
"08049","5","518210","78","0","2022","4","N",2,0,0,0,0,0,0,0,"N",0.46,0,0,0,0,0,0,0,"N",0,0.0,0,0,0,0,0,0,0,0,0,0,0,0,0,0
"08051","5","518210","78","0","2022","4","N",5,0,0,0,0,0,0,0,"N",0.85,0,0,0,0,0,0,0,"N",1,25.0,0,0,0,0,0,0,0,0,0,0,0,0,0,0
"08053","5","518210","78","0","2022","4","N",1,0,0,0,0,0,0,0,"N",2.72,0,0,0,0,0,0,0,"N",0,0.0,0,0,0,0,0,0,0,0,0,0,0,0,0,0
"08055","5","518210","78","0","2022","4","N",1,0,0,0,0,0,0,0,"N",1.12,0,0,0,0,0,0,0,"N",0,0.0,0,0,0,0,0,0,0,0,0,0,0,0,0,0
"08059","5","518210","78","0","2022","4","",178,1845,1880,1861,45260049,2683762,40972,1870,"",1.65,2.38,2.42,2.39,1.41,1.93,1.93,0.59,"",15,9.2,137,8.0,183,10.8,157,9.2,4120889,10.0,1439444,115.7,20858,103.7,12,0.6
"08065","5","518210","78","0","2022","4","N",1,0,0,0,0,0,0,0,"N",0.81,0,0,0,0,0,0,0,"N",-1,-50.0,0,0,0,0,0,0,0,0,0,0,0,0,0,0
"08067","5","518210","78","0","2022","4","",12,61,60,61,1844217,99586,2045,2338,"",0.90,0.72,0.72,0.73,0.65,0.34,0.77,0.90,"",3,33.3,33,117.9,27,81.8,25,69.4,733747,66.1,32198,47.8,483,30.9,-304,-11.5
"08069","5","518210","78","0","2022","4","",88,449,443,436,10272609,407716,7297,1785,"",1.35,0.82,0.81,0.80,0.51,0.46,0.55,0.63,"",7,8.6,-113,-20.1,-118,-21.0,-111,-20.3,-1524661,-12.9,-151355,-27.1,-8029,-52.4,155,9.5
"08071","5","518210","78","0","2022","4","N",3,0,0,0,0,0,0,0,"N",1.16,0,0,0,0,0,0,0,"N",0,0.0,0,0,0,0,0,0,0,0,0,0,0,0,0,0
"08075","5","518210","78","0","2022","4","-",0,0,0,0,0,0,0,0,"N",0.00,0,0,0,0,0,0,0,"N",-1,-100.0,0,0,0,0,0,0,0,0,0,0,0,0,0,0
"08077","5","518210","78","0","2022","4","",13,65,75,73,1710884,72123,2113,1854,"",0.54,0.32,0.36,0.36,0.27,0.21,0.35,0.79,"",1,8.3,-1,-1.5,5,7.1,3,4.3,-22172,-1.3,-41222,-36.4,119,6.0,-87,-4.5
"08083","5","518210","78","0","2022","4","N",2,0,0,0,0,0,0,0,"N",0.45,0,0,0,0,0,0,0,"N",-1,-33.3,0,0,0,0,0,0,0,0,0,0,0,0,0,0
"08085","5","518210","78","0","2022","4","N",3,0,0,0,0,0,0,0,"N",0.41,0,0,0,0,0,0,0,"N",0,0.0,0,0,0,0,0,0,0,0,0,0,0,0,0,0
"08089","5","518210","78","0","2022","4","N",1,0,0,0,0,0,0,0,"N",0.45,0,0,0,0,0,0,0,"N",0,0.0,0,0,0,0,0,0,0,0,0,0,0,0,0,0
"08093","5","518210","78","0","2022","4","N",3,0,0,0,0,0,0,0,"N",1.01,0,0,0,0,0,0,0,"N",0,0.0,0,0,0,0,0,0,0,0,0,0,0,0,0,0
"08097","5","518210","78","0","2022","4","N",2,0,0,0,0,0,0,0,"N",0.22,0,0,0,0,0,0,0,"N",-1,-33.3,0,0,0,0,0,0,0,0,0,0,0,0,0,0
"08101","5","518210","78","0","2022","4","",5,48,45,44,669809,75680,1218,1128,"",0.29,0.24,0.22,0.22,0.11,0.22,0.22,0.50,"",-1,-16.7,4,9.1,1,2.3,-3,-6.4,161641,31.8,922,1.2,58,5.0,259,29.8
"08103","5","518210","78","0","2022","4","N",1,0,0,0,0,0,0,0,"N",0.82,0,0,0,0,0,0,0,"N",0,0.0,0,0,0,0,0,0,0,0,0,0,0,0,0,0
"08107","5","518210","78","0","2022","4","N",4,0,0,0,0,0,0,0,"N",0.44,0,0,0,0,0,0,0,"N",1,33.3,0,0,0,0,0,0,0,0,0,0,0,0,0,0
"08111","5","518210","78","0","2022","4","N",1,0,0,0,0,0,0,0,"N",2.49,0,0,0,0,0,0,0,"N",0,0.0,0,0,0,0,0,0,0,0,0,0,0,0,0,0
"08113","5","518210","78","0","2022","4","N",1,0,0,0,0,0,0,0,"N",0.28,0,0,0,0,0,0,0,"N",-2,-66.7,0,0,0,0,0,0,0,0,0,0,0,0,0,0
"08115","5","518210","78","0","2022","4","N",1,0,0,0,0,0,0,0,"N",2.44,0,0,0,0,0,0,0,"N",0,0.0,0,0,0,0,0,0,0,0,0,0,0,0,0,0
"08117","5","518210","78","0","2022","4","N",10,0,0,0,0,0,0,0,"N",0.89,0,0,0,0,0,0,0,"N",2,25.0,0,0,0,0,0,0,0,0,0,0,0,0,0,0
"08119","5","518210","78","0","2022","4","N",4,0,0,0,0,0,0,0,"N",0.83,0,0,0,0,0,0,0,"N",0,0.0,0,0,0,0,0,0,0,0,0,0,0,0,0,0
"08123","5","518210","78","0","2022","4","N",41,0,0,0,0,0,0,0,"N",1.02,0,0,0,0,0,0,0,"N",3,7.9,0,0,0,0,0,0,0,0,0,0,0,0,0,0
"08999","5","518210","78","0","2022","4","",21,113,114,115,3521080,148256,3153,2376,"",1.72,1.31,1.30,1.32,0.68,0.68,0.81,0.52,"N",5,31.2,0,0,0,0,0,0,0,0,0,0,0,0,0,0
"09000","3","518210","58","0","2022","4","N",1,0,0,0,0,0,0,0,"N",0.83,0,0,0,0,0,0,0,"N",0,0.0,0,0,0,0,0,0,0,0,0,0,0,0,0,0
"09000","5","518210","58","0","2022","4","",1177,3833,3794,3757,171860566,4265537,126779,3484,"",1.95,0.73,0.72,0.71,0.72,0.69,0.70,1.01,"",180,18.1,518,15.6,439,13.1,388,11.5,22100404,14.8,-645889,-13.2,-23147,-15.4,41,1.2
"09001","5","518210","78","0","2022","4","",487,1340,1314,1306,60224340,2057595,60220,3510,"",2.73,1.02,1.00,0.99,0.80,1.31,1.33,0.79,"",67,16.0,303,29.2,259,24.5,243,22.9,5669887,10.4,337799,19.6,8496,16.4,-480,-12.0
"09003","5","518210","78","0","2022","4","",200,1105,1107,1110,35813800,1069559,30111,2488,"",1.44,0.70,0.70,0.70,0.53,0.59,0.56,0.75,"",15,8.1,22,2.0,30,2.8,39,3.6,5198096,17.0,41284,4.0,-2712,-8.3,301,13.8
"09005","5","518210","78","0","2022","4","",32,40,42,41,1807515,25166,743,3391,"",1.08,0.20,0.22,0.21,0.28,0.11,0.11,1.31,"N",2,6.7,0,0,0,0,0,0,0,0,0,0,0,0,0,0
"09007","5","518210","78","0","2022","4","",40,95,96,94,6235115,166834,5575,5049,"",1.56,0.43,0.44,0.43,0.75,0.67,0.78,1.73,"",0,0.0,-11,-10.4,-14,-12.7,-13,-12.1,2393414,62.3,-54187,-24.5,-717,-11.4,2304,83.9
"09009","5","518210","78","0","2022","4","",201,415,412,407,37639833,392707,13830,7039,"",1.72,0.35,0.35,0.34,0.82,0.29,0.34,2.36,"",13,6.9,-30,-6.7,-37,-8.2,-49,-10.7,1371710,3.8,-350563,-47.2,-6704,-32.6,839,13.5
"09011","3","518210","78","0","2022","4","N",1,0,0,0,0,0,0,0,"N",14.14,0,0,0,0,0,0,0,"N",0,0.0,0,0,0,0,0,0,0,0,0,0,0,0,0,0
"09011","5","518210","78","0","2022","4","",38,54,51,48,1528138,54760,1519,2305,"",1.07,0.15,0.14,0.13,0.11,0.14,0.14,0.81,"",-1,-2.6,14,35.0,6,13.3,6,14.3,60670,4.1,-31611,-36.6,-831,-35.4,-362,-13.6
"09013","5","518210","78","0","2022","4","N",21,0,0,0,0,0,0,0,"N",1.37,0,0,0,0,0,0,0,"N",2,10.5,0,0,0,0,0,0,0,0,0,0,0,0,0,0
"09015","5","518210","78","0","2022","4","",17,20,21,23,763169,49875,1496,2752,"",1.20,0.16,0.17,0.19,0.21,0.35,0.35,1.19,"",6,54.5,9,81.8,6,40.0,8,53.3,107546,16.4,-22737,-31.3,-683,-31.3,-938,-25.4
"09999","5","518210","78","0","2022","4","N",141,0,0,0,0,0,0,0,"N",2.87,0,0,0,0,0,0,0,"N",76,116.9,0,0,0,0,0,0,0,0,0,0,0,0,0,0
"10000","2","518210","58","0","2022","4","N",1,0,0,0,0,0,0,0,"N",15.01,0,0,0,0,0,0,0,"N",0,0.0,0,0,0,0,0,0,0,0,0,0,0,0,0,0
"10000","5","518210","58","0","2022","4","",240,531,511,519,15799694,583100,15746,2336,"",1.38,0.36,0.35,0.35,0.28,0.30,0.44,0.80,"",56,30.4,-4,-0.7,67,15.1,57,12.3,1050041,7.1,-584986,-50.1,-10097,-39.1,-26,-1.1
"10001","2","518210","78","0","2022","4","N",1,0,0,0,0,0,0,0,"N",117.60,0,0,0,0,0,0,0,"N",0,0.0,0,0,0,0,0,0,0,0,0,0,0,0,0,0
"10001","5","518210","78","0","2022","4","",23,20,20,20,734279,19786,237,2824,"",1.04,0.09,0.09,0.09,0.11,0.08,0.05,1.19,"N",6,35.3,0,0,0,0,0,0,0,0,0,0,0,0,0,0
"10003","5","518210","78","0","2022","4","",161,331,327,337,9205434,388697,13767,2135,"",1.51,0.35,0.34,0.35,0.23,0.32,0.61,0.67,"",34,26.8,-50,-13.1,24,7.9,34,11.2,-598215,-6.1,-151869,-28.1,-2754,-16.7,-157,-6.8
"10005","5","518210","78","0","2022","4","",47,91,73,71,3032675,100418,1466,2978,"",1.15,0.32,0.26,0.26,0.36,0.24,0.20,1.28,"N",15,46.9,0,0,0,0,0,0,0,0,0,0,0,0,0,0
"10999","5","518210","78","0","2022","4","",9,89,91,91,2827306,74199,276,2408,"",1.99,3.61,3.64,3.66,2.20,1.85,0.26,0.60,"N",1,12.5,0,0,0,0,0,0,0,0,0,0,0,0,0,0
"11000","5","518210","58","0","2022","4","",538,1838,1838,1791,71408091,2197390,56351,3014,"",2.56,0.77,0.77,0.75,0.46,1.43,1.53,0.61,"",112,26.3,27,1.5,37,2.1,-32,-1.8,3921665,5.8,-994699,-31.2,-22682,-28.7,149,5.2
"11001","5","518210","78","0","2022","4","",538,1838,1838,1791,71408091,2197390,56351,3014,"",2.57,0.77,0.77,0.75,0.46,1.43,1.53,0.61,"",112,26.3,27,1.5,37,2.1,-32,-1.8,3921665,5.8,-994699,-31.2,-22682,-28.7,149,5.2
"12000","3","518210","58","0","2022","4","",1,54,60,55,1333486,0,0,1821,"",0.14,0.32,0.35,0.32,0.41,0.00,0.00,1.26,"N",0,0.0,0,0,0,0,0,0,0,0,0,0,0,0,0,0
"12000","5","518210","58","0","2022","4","",3220,29291,29617,29641,977804033,19600941,254483,2548,"",0.88,0.97,0.98,0.97,0.89,0.81,1.19,0.91,"",591,22.5,4305,17.2,4467,17.8,4457,17.7,175549273,21.9,-1970041,-9.1,-35436,-12.2,90,3.7
"12001","5","518210","78","0","2022","4","",21,74,65,63,1459505,89763,2274,1667,"",0.62,0.17,0.15,0.14,0.10,0.32,1.10,0.63,"",5,31.2,15,25.4,4,6.6,3,5.0,242814,20.0,17966,25.0,1631,253.7,107,6.9
"12003","5","518210","78","0","2022","4","N",1,0,0,0,0,0,0,0,"N",0.46,0,0,0,0,0,0,0,"N",0,0.0,0,0,0,0,0,0,0,0,0,0,0,0,0,0
"12005","5","518210","78","0","2022","4","N",10,0,0,0,0,0,0,0,"N",0.36,0,0,0,0,0,0,0,"N",4,66.7,0,0,0,0,0,0,0,0,0,0,0,0,0,0
"12009","5","518210","78","0","2022","4","",49,142,143,141,3053124,125607,1791,1654,"",0.62,0.19,0.19,0.19,0.12,0.24,0.37,0.62,"",9,22.5,-22,-13.4,-22,-13.3,-4,-2.8,-67507,-2.2,20019,19.0,106,6.3,135,8.9
"12011","5","518210","78","0","2022","4","",260,4138,4161,4142,151405990,1901269,12675,2808,"",0.75,1.54,1.54,1.53,1.49,0.85,0.63,0.97,"",23,9.7,176,4.4,185,4.7,191,4.8,20932308,16.0,-9724,-0.5,-3560,-21.9,275,10.9
"12015","5","518210","78","0","2022","4","",10,18,17,17,370881,7000,7,1646,"",0.41,0.11,0.10,0.10,0.08,0.05,0.01,0.75,"N",-1,-9.1,0,0,0,0,0,0,0,0,0,0,0,0,0,0
"12017","5","518210","78","0","2022","4","N",3,0,0,0,0,0,0,0,"N",0.20,0,0,0,0,0,0,0,"N",-1,-25.0,0,0,0,0,0,0,0,0,0,0,0,0,0,0
"12019","5","518210","78","0","2022","4","",8,19,19,18,464790,18264,144,1915,"",0.36,0.11,0.11,0.10,0.10,0.12,0.13,0.89,"",-1,-11.1,-6,-24.0,-6,-24.0,-7,-28.0,-162406,-25.9,-24403,-57.2,-471,-76.6,-15,-0.8
"12021","5","518210","78","0","2022","4","",38,75,76,79,2227174,100994,1416,2235,"",0.50,0.15,0.15,0.15,0.12,0.21,0.35,0.80,"",9,31.0,18,31.6,21,38.2,24,43.6,701619,46.0,29321,40.9,1036,272.6,127,6.0
"12023","5","518210","78","0","2022","4","N",1,0,0,0,0,0,0,0,"N",0.13,0,0,0,0,0,0,0,"N",1,100.0,0,0,0,0,0,0,0,0,0,0,0,0,0,0
"12029","5","518210","78","0","2022","4","N",1,0,0,0,0,0,0,0,"N",0.87,0,0,0,0,0,0,0,"N",1,100.0,0,0,0,0,0,0,0,0,0,0,0,0,0,0
"12031","5","518210","78","0","2022","4","",123,4472,4572,4515,204542735,2397370,16291,3481,"",0.83,2.54,2.58,2.54,3.15,1.73,1.45,1.23,"",15,13.9,1903,74.1,1993,77.3,1947,75.8,94659794,86.1,1068432,80.4,7108,77.4,195,5.9
"12033","5","518210","78","0","2022","4","",13,24,25,25,532980,13381,229,1662,"",0.31,0.05,0.05,0.05,0.04,0.04,0.08,0.69,"",6,85.7,1,4.3,3,13.6,2,8.7,142266,36.4,5689,74.0,25,12.3,336,25.3
"12035","5","518210","78","0","2022","4","",13,144,123,126,2340354,80106,1136,1374,"",0.94,1.69,1.46,1.48,1.03,1.30,2.00,0.67,"N",2,18.2,0,0,0,0,0,0,0,0,0,0,0,0,0,0
"12037","5","518210","78","0","2022","4","-",0,0,0,0,0,0,0,0,"N",0.00,0,0,0,0,0,0,0,"N",0,0,0,0,0,0,0,0,0,0,0,0,0,0,0,0
"12041","5","518210","78","0","2022","4","N",1,0,0,0,0,0,0,0,"N",0.61,0,0,0,0,0,0,0,"N",0,0.0,0,0,0,0,0,0,0,0,0,0,0,0,0,0
"12053","5","518210","78","0","2022","4","N",13,0,0,0,0,0,0,0,"N",0.69,0,0,0,0,0,0,0,"N",5,62.5,0,0,0,0,0,0,0,0,0,0,0,0,0,0
"12055","5","518210","78","0","2022","4","N",1,0,0,0,0,0,0,0,"N",0.09,0,0,0,0,0,0,0,"N",-1,-50.0,0,0,0,0,0,0,0,0,0,0,0,0,0,0
"12057","5","518210","78","0","2022","4","",232,3160,3169,3154,86686015,1856232,24134,2110,"",1.02,1.31,1.30,1.29,0.92,0.98,1.48,0.71,"",55,31.1,-201,-6.0,-177,-5.3,-195,-5.8,4128835,5.0,-462886,-20.0,-2372,-8.9,215,11.3
"12061","5","518210","78","0","2022","4","",20,88,85,83,2134033,23780,338,1924,"",0.81,0.50,0.47,0.45,0.38,0.17,0.26,0.80,"",3,17.6,-9,-9.3,-11,-11.5,-12,-12.6,-123381,-5.5,-13947,-37.0,-510,-60.1,115,6.4
"12063","5","518210","78","0","2022","4","N",1,0,0,0,0,0,0,0,"N",0.23,0,0,0,0,0,0,0,"N",-1,-50.0,0,0,0,0,0,0,0,0,0,0,0,0,0,0
"12069","5","518210","78","0","2022","4","",13,124,119,118,3196617,131834,615,2043,"",0.29,0.35,0.33,0.33,0.32,0.45,0.24,0.96,"N",1,8.3,0,0,0,0,0,0,0,0,0,0,0,0,0,0
"12071","5","518210","78","0","2022","4","",65,316,307,299,5863809,163658,2076,1468,"",0.56,0.36,0.34,0.32,0.20,0.22,0.32,0.58,"",-1,-1.5,4,1.3,2,0.7,-5,-1.6,-174853,-2.9,-66471,-28.9,-1487,-41.7,-45,-3.0
"12073","3","518210","78","0","2022","4","",1,54,60,55,1333486,0,0,1821,"",11.70,18.89,20.86,19.41,28.41,0.00,0.00,1.44,"N",0,0.0,0,0,0,0,0,0,0,0,0,0,0,0,0,0
"12073","5","518210","78","0","2022","4","",55,1346,1443,1617,16708024,1644592,19710,875,"",1.28,2.66,2.85,3.23,1.04,5.13,6.58,0.36,"",6,12.2,94,7.5,104,7.8,184,12.8,2551034,18.0,-1697787,-50.8,-9799,-33.2,63,7.8
"12075","5","518210","78","0","2022","4","N",3,0,0,0,0,0,0,0,"N",0.65,0,0,0,0,0,0,0,"N",2,200.0,0,0,0,0,0,0,0,0,0,0,0,0,0,0
"12081","5","518210","78","0","2022","4","",39,147,150,152,4995269,148110,4714,2567,"",0.66,0.34,0.34,0.34,0.36,0.38,1.53,1.06,"N",5,14.7,0,0,0,0,0,0,0,0,0,0,0,0,0,0
"12083","5","518210","78","0","2022","4","",18,60,66,66,1535761,36137,893,1846,"",0.43,0.16,0.18,0.18,0.15,0.12,0.34,0.88,"",5,38.5,39,185.7,35,112.9,33,100.0,782296,103.8,12917,55.6,374,72.1,-200,-9.8
"12085","5","518210","78","0","2022","4","",18,59,59,62,1781416,53482,1222,2284,"",0.58,0.25,0.25,0.26,0.23,0.26,0.71,0.93,"",4,28.6,26,78.8,26,78.8,29,87.9,1045645,142.1,23253,76.9,1010,476.4,569,33.2
"12086","5","518210","78","0","2022","4","",349,2272,2336,2320,104203356,1707063,24798,3471,"",0.69,0.59,0.60,0.60,0.66,0.59,0.86,1.10,"",76,27.8,852,60.0,894,62.0,805,53.1,16937388,19.4,498225,41.2,14112,132.1,-1130,-24.6
"12087","5","518210","78","0","2022","4","",8,17,17,17,479820,13152,195,2171,"",0.38,0.12,0.12,0.12,0.11,0.11,0.20,0.91,"",4,100.0,11,183.3,11,183.3,12,240.0,173269,56.5,11750,838.1,186,2066.7,-1990,-47.8
"12089","5","518210","78","0","2022","4","",7,67,65,64,1571838,18639,114,1851,"",0.59,0.83,0.80,0.78,0.67,0.30,0.22,0.84,"",-2,-22.2,-6,-8.2,-4,-5.8,-2,-3.0,-503354,-24.3,-10516,-36.1,-140,-55.1,-451,-19.6
"12091","5","518210","78","0","2022","4","",16,76,92,94,2367469,92100,384,2085,"",0.50,0.27,0.32,0.33,0.26,0.47,0.27,0.85,"",1,6.7,-23,-23.2,-12,-11.5,-14,-13.0,96991,4.3,-22104,-19.4,-249,-39.3,400,23.7
"12095","5","518210","78","0","2022","4","",186,1943,1985,1989,53351828,1208388,14826,2081,"",0.81,0.67,0.68,0.68,0.51,0.51,0.79,0.76,"",23,14.1,80,4.3,108,5.8,144,7.8,-3685548,-6.5,-245477,-16.9,-6911,-31.8,-276,-11.7
"12097","5","518210","78","0","2022","4","",20,79,83,82,4762413,153207,763,4504,"",0.47,0.23,0.24,0.23,0.49,0.56,0.32,2.08,"N",3,17.6,0,0,0,0,0,0,0,0,0,0,0,0,0,0
"12099","5","518210","78","0","2022","4","",257,1331,1345,1344,39417461,1048483,14804,2263,"",0.89,0.65,0.65,0.65,0.47,0.59,0.93,0.72,"",36,16.3,158,13.5,181,15.5,186,16.1,5953435,17.8,-3141,-0.3,-357,-2.4,53,2.4
"12101","5","518210","78","0","2022","4","",34,126,124,123,2750566,59813,1431,1702,"",0.56,0.29,0.28,0.28,0.22,0.17,0.50,0.77,"",6,21.4,27,27.3,26,26.5,24,24.2,-181958,-6.2,-17079,-22.2,890,164.5,-584,-25.5
"12103","5","518210","78","0","2022","4","",137,1058,1057,1049,38361114,559438,10093,2798,"",0.80,0.74,0.73,0.72,0.72,0.52,1.09,0.99,"",11,8.7,106,11.1,125,13.4,124,13.4,4507274,13.3,81512,17.1,4859,92.8,17,0.6
"12105","5","518210","78","0","2022","4","",27,117,115,115,2092336,59284,709,1391,"",0.35,0.14,0.14,0.14,0.09,0.09,0.14,0.63,"",0,0.0,16,15.8,12,11.7,12,11.7,-1631,-0.1,-16980,-22.3,374,111.6,-183,-11.6
"12107","5","518210","78","0","2022","4","N",1,0,0,0,0,0,0,0,"N",0.15,0,0,0,0,0,0,0,"N",0,0.0,0,0,0,0,0,0,0,0,0,0,0,0,0,0
"12109","5","518210","78","0","2022","4","",46,242,249,253,10978907,161321,1276,3405,"",1.04,0.82,0.84,0.85,1.17,0.68,0.62,1.40,"",8,21.1,88,57.1,92,58.6,93,58.1,3898986,55.1,8527,5.6,-94,-6.9,-64,-1.8
"12111","5","518210","78","0","2022","4","",13,28,29,30,598620,27743,336,1588,"",0.37,0.10,0.11,0.11,0.08,0.13,0.17,0.73,"",-1,-7.1,5,21.7,4,16.0,10,50.0,158237,35.9,-5248,-15.9,-503,-60.0,93,6.2
"12113","5","518210","78","0","2022","4","N",15,0,0,0,0,0,0,0,"N",0.79,0,0,0,0,0,0,0,"N",9,150.0,0,0,0,0,0,0,0,0,0,0,0,0,0,0
"12115","5","518210","78","0","2022","4","",48,259,255,253,6915161,174011,2334,2081,"",0.58,0.45,0.44,0.43,0.34,0.36,0.60,0.77,"",8,20.0,63,32.1,50,24.4,22,9.5,1911373,38.2,-230846,-57.0,-10442,-81.7,254,13.9
"12117","5","518210","78","0","2022","4","",71,1054,1058,1016,24593377,704742,10341,1814,"",0.95,1.58,1.58,1.51,1.09,1.33,2.34,0.70,"",8,12.7,-392,-27.1,-353,-25.0,-369,-26.6,-8130989,-24.8,-28105,-3.8,3856,59.5,34,1.9
"12119","5","518210","78","0","2022","4","N",4,0,0,0,0,0,0,0,"N",0.38,0,0,0,0,0,0,0,"N",0,0.0,0,0,0,0,0,0,0,0,0,0,0,0,0,0
"12121","5","518210","78","0","2022","4","N",1,0,0,0,0,0,0,0,"N",0.26,0,0,0,0,0,0,0,"N",0,0.0,0,0,0,0,0,0,0,0,0,0,0,0,0,0
"12123","5","518210","78","0","2022","4","N",4,0,0,0,0,0,0,0,"N",1.90,0,0,0,0,0,0,0,"N",0,0.0,0,0,0,0,0,0,0,0,0,0,0,0,0,0
"12127","5","518210","78","0","2022","4","",29,98,98,101,2149140,69837,990,1670,"",0.41,0.17,0.17,0.17,0.13,0.17,0.27,0.78,"",6,26.1,32,48.5,29,42.0,31,44.3,519786,31.9,-12186,-14.9,-1020,-50.7,-164,-8.9
"12129","5","518210","78","0","2022","4","N",2,0,0,0,0,0,0,0,"N",0.77,0,0,0,0,0,0,0,"N",1,100.0,0,0,0,0,0,0,0,0,0,0,0,0,0,0
"12131","5","518210","78","0","2022","4","",16,137,133,131,3692501,70642,1120,2125,"",0.99,1.36,1.31,1.29,1.17,0.81,1.39,0.88,"",2,14.3,27,24.5,19,16.7,14,12.0,1146263,45.0,-92496,-56.7,25,2.3,402,23.3
"12133","5","518210","78","0","2022","4","N",1,0,0,0,0,0,0,0,"N",0.45,0,0,0,0,0,0,0,"N",0,0.0,0,0,0,0,0,0,0,0,0,0,0,0,0,0
"12999","5","518210","78","0","2022","4","",898,5905,5899,5899,188774627,4621488,79175,2461,"",2.68,4.24,4.20,4.22,2.39,3.22,4.72,0.57,"",237,35.9,1140,23.9,1088,22.6,1107,23.1,21710088,13.0,-1027601,-18.2,-35833,-31.2,-222,-8.3
"13000","5","518210","58","0","2022","4","",1602,24135,24293,24096,825051672,23961688,445974,2625,"",0.97,1.60,1.60,1.58,1.50,1.47,2.10,0.94,"",232,16.9,4056,20.2,4075,20.2,3760,18.5,129049884,18.5,-2739776,-10.3,-62239,-12.2,-24,-0.9
"13007","5","518210","78","0","2022","4","N",1,0,0,0,0,0,0,0,"N",3.65,0,0,0,0,0,0,0,"N",0,0.0,0,0,0,0,0,0,0,0,0,0,0,0,0,0
"13009","5","518210","78","0","2022","4","N",1,0,0,0,0,0,0,0,"N",0.24,0,0,0,0,0,0,0,"N",0,0.0,0,0,0,0,0,0,0,0,0,0,0,0,0,0
"13013","5","518210","78","0","2022","4","N",1,0,0,0,0,0,0,0,"N",0.14,0,0,0,0,0,0,0,"N",0,0.0,0,0,0,0,0,0,0,0,0,0,0,0,0,0
"13015","5","518210","78","0","2022","4","N",2,0,0,0,0,0,0,0,"N",0.16,0,0,0,0,0,0,0,"N",0,0.0,0,0,0,0,0,0,0,0,0,0,0,0,0,0
"13021","5","518210","78","0","2022","4","N",11,0,0,0,0,0,0,0,"N",0.53,0,0,0,0,0,0,0,"N",4,57.1,0,0,0,0,0,0,0,0,0,0,0,0,0,0
"13025","5","518210","78","0","2022","4","N",1,0,0,0,0,0,0,0,"N",0.89,0,0,0,0,0,0,0,"N",0,0.0,0,0,0,0,0,0,0,0,0,0,0,0,0,0
"13031","5","518210","78","0","2022","4","N",1,0,0,0,0,0,0,0,"N",0.13,0,0,0,0,0,0,0,"N",-1,-50.0,0,0,0,0,0,0,0,0,0,0,0,0,0,0
"13045","5","518210","78","0","2022","4","N",6,0,0,0,0,0,0,0,"N",0.51,0,0,0,0,0,0,0,"N",1,20.0,0,0,0,0,0,0,0,0,0,0,0,0,0,0
"13047","5","518210","78","0","2022","4","N",1,0,0,0,0,0,0,0,"N",0.20,0,0,0,0,0,0,0,"N",-1,-50.0,0,0,0,0,0,0,0,0,0,0,0,0,0,0
"13051","5","518210","78","0","2022","4","N",9,0,0,0,0,0,0,0,"N",0.20,0,0,0,0,0,0,0,"N",-1,-10.0,0,0,0,0,0,0,0,0,0,0,0,0,0,0
"13057","5","518210","78","0","2022","4","",22,115,115,112,2340900,222887,5582,1580,"",0.66,0.52,0.51,0.50,0.37,0.93,1.97,0.72,"",-2,-8.3,18,18.6,24,26.4,4,3.7,-380474,-14.0,160962,259.9,3991,250.8,-542,-25.5
"13059","5","518210","78","0","2022","4","N",6,0,0,0,0,0,0,0,"N",0.35,0,0,0,0,0,0,0,"N",0,0.0,0,0,0,0,0,0,0,0,0,0,0,0,0,0
"13063","5","518210","78","0","2022","4","",7,198,204,202,2771723,197927,2331,1059,"",0.30,0.51,0.52,0.51,0.19,0.45,0.46,0.38,"N",1,16.7,0,0,0,0,0,0,0,0,0,0,0,0,0,0
"13065","5","518210","78","0","2022","4","-",0,0,0,0,0,0,0,0,"N",0.00,0,0,0,0,0,0,0,"N",-1,-100.0,0,0,0,0,0,0,0,0,0,0,0,0,0,0
"13067","5","518210","78","0","2022","4","",107,1665,1692,1671,50762088,1203430,26262,2330,"",0.86,1.37,1.38,1.37,1.03,0.87,1.52,0.75,"",-7,-6.1,-107,-6.0,-127,-7.0,-164,-8.9,-7482997,-12.8,-488373,-28.9,250,1.0,-147,-5.9
"13073","5","518210","78","0","2022","4","",8,73,72,75,1464450,92562,579,1536,"",0.54,0.60,0.59,0.61,0.45,0.69,0.34,0.75,"",1,14.3,29,65.9,26,56.5,27,56.2,473025,47.7,-99830,-51.9,-956,-62.3,-122,-7.4
"13077","5","518210","78","0","2022","4","N",2,0,0,0,0,0,0,0,"N",0.13,0,0,0,0,0,0,0,"N",-2,-50.0,0,0,0,0,0,0,0,0,0,0,0,0,0,0
"13085","5","518210","78","0","2022","4","N",1,0,0,0,0,0,0,0,"N",0.25,0,0,0,0,0,0,0,"N",0,0.0,0,0,0,0,0,0,0,0,0,0,0,0,0,0
"13089","5","518210","78","0","2022","4","",75,1087,1089,1105,29005777,855203,16321,2040,"",0.72,1.12,1.12,1.13,0.76,0.96,1.58,0.67,"",7,10.3,-110,-9.2,-103,-8.6,-100,-8.3,-6997400,-19.4,-315111,-26.9,-5266,-24.4,-272,-11.8
"13095","5","518210","78","0","2022","4","N",2,0,0,0,0,0,0,0,"N",0.18,0,0,0,0,0,0,0,"N",0,0.0,0,0,0,0,0,0,0,0,0,0,0,0,0,0
"13097","5","518210","78","0","2022","4","",7,26,31,25,274201,27879,112,772,"",0.46,0.17,0.20,0.16,0.06,0.15,0.04,0.33,"",2,40.0,-3,-10.3,3,10.7,-1,-3.8,72335,35.8,-5098,-15.5,-515,-82.1,211,37.6
"13103","5","518210","78","0","2022","4","N",1,0,0,0,0,0,0,0,"N",0.22,0,0,0,0,0,0,0,"N",0,0.0,0,0,0,0,0,0,0,0,0,0,0,0,0,0
"13105","5","518210","78","0","2022","4","N",1,0,0,0,0,0,0,0,"N",0.43,0,0,0,0,0,0,0,"N",0,0.0,0,0,0,0,0,0,0,0,0,0,0,0,0,0
"13107","5","518210","78","0","2022","4","N",2,0,0,0,0,0,0,0,"N",1.02,0,0,0,0,0,0,0,"N",2,100.0,0,0,0,0,0,0,0,0,0,0,0,0,0,0
"13113","5","518210","78","0","2022","4","N",5,0,0,0,0,0,0,0,"N",0.24,0,0,0,0,0,0,0,"N",2,66.7,0,0,0,0,0,0,0,0,0,0,0,0,0,0
"13117","5","518210","78","0","2022","4","",33,1221,1241,1232,20340480,1145532,17833,1271,"",0.98,4.68,4.54,4.50,2.23,3.97,5.82,0.49,"",3,10.0,-10,-0.8,-19,-1.5,-60,-4.6,-578712,-2.8,-567223,-33.1,-13727,-43.5,-5,-0.4
"13119","5","518210","78","0","2022","4","N",1,0,0,0,0,0,0,0,"N",0.41,0,0,0,0,0,0,0,"N",1,100.0,0,0,0,0,0,0,0,0,0,0,0,0,0,0
"13121","5","518210","78","0","2022","4","",368,11923,11863,11740,481778285,9124299,146660,3130,"",1.39,3.97,3.92,3.89,3.18,2.81,3.26,0.81,"",52,16.5,2080,21.1,2076,21.2,2039,21.0,87723513,22.3,1125059,14.1,10498,7.7,30,1.0
"13123","5","518210","78","0","2022","4","N",1,0,0,0,0,0,0,0,"N",0.29,0,0,0,0,0,0,0,"N",0,0.0,0,0,0,0,0,0,0,0,0,0,0,0,0,0
"13127","5","518210","78","0","2022","4","N",1,0,0,0,0,0,0,0,"N",0.07,0,0,0,0,0,0,0,"N",-2,-66.7,0,0,0,0,0,0,0,0,0,0,0,0,0,0
"13129","5","518210","78","0","2022","4","N",1,0,0,0,0,0,0,0,"N",0.19,0,0,0,0,0,0,0,"N",0,0.0,0,0,0,0,0,0,0,0,0,0,0,0,0,0
"13131","5","518210","78","0","2022","4","N",1,0,0,0,0,0,0,0,"N",0.41,0,0,0,0,0,0,0,"N",0,0.0,0,0,0,0,0,0,0,0,0,0,0,0,0,0
"13135","5","518210","78","0","2022","4","",110,1630,1629,1614,61459008,1073782,17239,2910,"",0.74,1.36,1.35,1.34,1.43,0.81,1.00,1.06,"",5,4.8,215,15.2,196,13.7,102,6.7,6678779,12.2,-860620,-44.5,-22831,-57.0,11,0.4
"13137","5","518210","78","0","2022","4","N",1,0,0,0,0,0,0,0,"N",0.22,0,0,0,0,0,0,0,"N",0,0.0,0,0,0,0,0,0,0,0,0,0,0,0,0,0
"13139","5","518210","78","0","2022","4","",7,33,33,33,765440,14454,131,1784,"",0.28,0.11,0.11,0.11,0.07,0.04,0.04,0.69,"N",2,40.0,0,0,0,0,0,0,0,0,0,0,0,0,0,0
"13143","5","518210","78","0","2022","4","N",1,0,0,0,0,0,0,0,"N",0.38,0,0,0,0,0,0,0,"N",0,0.0,0,0,0,0,0,0,0,0,0,0,0,0,0,0
"13145","5","518210","78","0","2022","4","N",3,0,0,0,0,0,0,0,"N",1.21,0,0,0,0,0,0,0,"N",1,50.0,0,0,0,0,0,0,0,0,0,0,0,0,0,0
"13151","5","518210","78","0","2022","4","",8,42,46,39,1380179,64292,1417,2508,"",0.33,0.18,0.20,0.16,0.22,0.20,0.36,1.20,"",2,33.3,-7,-14.3,-4,-8.0,-14,-26.4,73580,5.6,-5521,-7.9,-172,-10.8,524,26.4
"13153","5","518210","78","0","2022","4","N",3,0,0,0,0,0,0,0,"N",0.21,0,0,0,0,0,0,0,"N",2,200.0,0,0,0,0,0,0,0,0,0,0,0,0,0,0
"13157","5","518210","78","0","2022","4","N",5,0,0,0,0,0,0,0,"N",0.59,0,0,0,0,0,0,0,"N",0,0.0,0,0,0,0,0,0,0,0,0,0,0,0,0,0
"13161","5","518210","78","0","2022","4","N",1,0,0,0,0,0,0,0,"N",0.88,0,0,0,0,0,0,0,"N",0,0.0,0,0,0,0,0,0,0,0,0,0,0,0,0,0
"13163","5","518210","78","0","2022","4","N",1,0,0,0,0,0,0,0,"N",0.59,0,0,0,0,0,0,0,"N",0,0.0,0,0,0,0,0,0,0,0,0,0,0,0,0,0
"13169","5","518210","78","0","2022","4","N",1,0,0,0,0,0,0,0,"N",0.55,0,0,0,0,0,0,0,"N",1,100.0,0,0,0,0,0,0,0,0,0,0,0,0,0,0
"13177","5","518210","78","0","2022","4","N",1,0,0,0,0,0,0,0,"N",0.40,0,0,0,0,0,0,0,"N",0,0.0,0,0,0,0,0,0,0,0,0,0,0,0,0,0
"13179","5","518210","78","0","2022","4","N",1,0,0,0,0,0,0,0,"N",0.22,0,0,0,0,0,0,0,"N",0,0.0,0,0,0,0,0,0,0,0,0,0,0,0,0,0
"13185","5","518210","78","0","2022","4","N",3,0,0,0,0,0,0,0,"N",0.21,0,0,0,0,0,0,0,"N",2,200.0,0,0,0,0,0,0,0,0,0,0,0,0,0,0
"13187","5","518210","78","0","2022","4","N",3,0,0,0,0,0,0,0,"N",1.00,0,0,0,0,0,0,0,"N",0,0.0,0,0,0,0,0,0,0,0,0,0,0,0,0,0
"13215","5","518210","78","0","2022","4","",7,114,112,112,1324716,57074,916,904,"",0.30,0.40,0.38,0.38,0.17,0.21,0.29,0.43,"N",0,0.0,0,0,0,0,0,0,0,0,0,0,0,0,0,0
"13217","5","518210","78","0","2022","4","N",2,0,0,0,0,0,0,0,"N",0.22,0,0,0,0,0,0,0,"N",0,0.0,0,0,0,0,0,0,0,0,0,0,0,0,0,0
"13223","5","518210","78","0","2022","4","",6,10,11,11,293850,11518,26,2119,"",0.49,0.11,0.12,0.12,0.12,0.13,0.02,1.04,"N",4,200.0,0,0,0,0,0,0,0,0,0,0,0,0,0,0
"13231","5","518210","78","0","2022","4","N",1,0,0,0,0,0,0,0,"N",0.64,0,0,0,0,0,0,0,"N",0,0.0,0,0,0,0,0,0,0,0,0,0,0,0,0,0
"13241","5","518210","78","0","2022","4","N",2,0,0,0,0,0,0,0,"N",0.77,0,0,0,0,0,0,0,"N",2,100.0,0,0,0,0,0,0,0,0,0,0,0,0,0,0
"13245","5","518210","78","0","2022","4","",8,46,66,58,505963,205407,5521,687,"",0.35,0.14,0.20,0.17,0.05,0.70,1.57,0.29,"N",1,14.3,0,0,0,0,0,0,0,0,0,0,0,0,0,0
"13247","5","518210","78","0","2022","4","N",1,0,0,0,0,0,0,0,"N",0.09,0,0,0,0,0,0,0,"N",0,0.0,0,0,0,0,0,0,0,0,0,0,0,0,0,0
"13251","5","518210","78","0","2022","4","N",1,0,0,0,0,0,0,0,"N",0.81,0,0,0,0,0,0,0,"N",1,100.0,0,0,0,0,0,0,0,0,0,0,0,0,0,0
"13255","5","518210","78","0","2022","4","N",1,0,0,0,0,0,0,0,"N",0.15,0,0,0,0,0,0,0,"N",0,0.0,0,0,0,0,0,0,0,0,0,0,0,0,0,0
"13277","5","518210","78","0","2022","4","N",1,0,0,0,0,0,0,0,"N",0.19,0,0,0,0,0,0,0,"N",0,0.0,0,0,0,0,0,0,0,0,0,0,0,0,0,0
"13285","5","518210","78","0","2022","4","N",1,0,0,0,0,0,0,0,"N",0.13,0,0,0,0,0,0,0,"N",0,0.0,0,0,0,0,0,0,0,0,0,0,0,0,0,0
"13287","5","518210","78","0","2022","4","N",1,0,0,0,0,0,0,0,"N",1.08,0,0,0,0,0,0,0,"N",0,0.0,0,0,0,0,0,0,0,0,0,0,0,0,0,0
"13291","5","518210","78","0","2022","4","N",1,0,0,0,0,0,0,0,"N",0.31,0,0,0,0,0,0,0,"N",0,0.0,0,0,0,0,0,0,0,0,0,0,0,0,0,0
"13295","5","518210","78","0","2022","4","N",1,0,0,0,0,0,0,0,"N",0.26,0,0,0,0,0,0,0,"N",0,0.0,0,0,0,0,0,0,0,0,0,0,0,0,0,0
"13297","5","518210","78","0","2022","4","N",1,0,0,0,0,0,0,0,"N",0.10,0,0,0,0,0,0,0,"N",0,0.0,0,0,0,0,0,0,0,0,0,0,0,0,0,0
"13299","5","518210","78","0","2022","4","N",1,0,0,0,0,0,0,0,"N",0.23,0,0,0,0,0,0,0,"N",0,0.0,0,0,0,0,0,0,0,0,0,0,0,0,0,0
"13311","5","518210","78","0","2022","4","N",1,0,0,0,0,0,0,0,"N",0.28,0,0,0,0,0,0,0,"N",1,100.0,0,0,0,0,0,0,0,0,0,0,0,0,0,0
"13999","5","518210","78","0","2022","4","",730,5256,5383,5360,154333243,8941520,190006,2226,"",2.83,7.77,7.83,7.86,4.28,7.55,8.59,0.55,"",152,26.3,1684,47.1,1735,47.6,1743,48.2,45162102,41.4,-1414582,-13.7,-27157,-12.5,-99,-4.3
"15000","3","518210","58","0","2022","4","N",1,0,0,0,0,0,0,0,"N",2.21,0,0,0,0,0,0,0,"N",0,0.0,0,0,0,0,0,0,0,0,0,0,0,0,0,0
"15000","5","518210","58","0","2022","4","",380,639,623,633,23000575,3464868,84030,2801,"",1.67,0.32,0.31,0.31,0.33,0.36,0.65,1.05,"",39,11.4,173,37.1,147,30.9,136,27.4,-2914013,-11.2,-1030477,-22.9,-45569,-35.2,-1355,-32.6
"15001","5","518210","78","0","2022","4","N",53,0,0,0,0,0,0,0,"N",1.86,0,0,0,0,0,0,0,"N",8,17.8,0,0,0,0,0,0,0,0,0,0,0,0,0,0
"15003","3","518210","78","0","2022","4","N",1,0,0,0,0,0,0,0,"N",4.03,0,0,0,0,0,0,0,"N",0,0.0,0,0,0,0,0,0,0,0,0,0,0,0,0,0
"15003","5","518210","78","0","2022","4","",237,473,464,462,16743890,2397359,58966,2762,"",1.91,0.34,0.33,0.32,0.33,0.37,0.69,1.00,"",20,9.2,127,36.7,113,32.2,101,28.0,3780728,29.2,-734465,-23.5,-31860,-35.1,-66,-2.3
"15007","5","518210","78","0","2022","4","",17,22,23,24,983294,231022,4543,3289,"",1.26,0.22,0.23,0.24,0.32,0.43,0.60,1.40,"",4,30.8,7,46.7,6,35.3,7,41.2,440779,81.2,44981,24.2,-1039,-18.6,734,28.7
"15009","5","518210","78","0","2022","4","",62,81,74,88,2778771,508119,13080,2639,"",1.96,0.34,0.31,0.36,0.36,0.38,0.81,1.07,"",4,6.9,27,50.0,18,32.1,19,27.5,-2168090,-43.8,-157743,-23.7,-6855,-34.4,-3739,-58.6
"15999","5","518210","78","0","2022","4","N",11,0,0,0,0,0,0,0,"N",0.38,0,0,0,0,0,0,0,"N",3,37.5,0,0,0,0,0,0,0,0,0,0,0,0,0,0
"16000","3","518210","58","0","2022","4","",1,6,8,7,28520,12250,42,313,"",1.31,0.40,0.54,0.47,0.12,1.24,3.36,0.25,"N",0,0.0,0,0,0,0,0,0,0,0,0,0,0,0,0,0
"16000","5","518210","58","0","2022","4","",561,943,1022,1033,34591255,6325523,49666,2663,"",1.47,0.36,0.39,0.39,0.42,0.51,0.65,1.10,"",137,32.3,121,14.7,163,19.0,173,20.1,7988427,30.0,-1394165,-18.1,-15837,-24.2,247,10.2
"16001","5","518210","78","0","2022","4","",129,363,440,437,15079777,2834097,19800,2806,"",1.30,0.41,0.50,0.50,0.45,0.69,0.80,0.97,"",43,50.0,55,17.9,126,40.1,129,41.9,5097913,51.1,765878,37.0,4167,26.7,329,13.3
"16003","5","518210","78","0","2022","4","N",1,0,0,0,0,0,0,0,"N",1.20,0,0,0,0,0,0,0,"N",0,0.0,0,0,0,0,0,0,0,0,0,0,0,0,0,0
"16005","5","518210","78","0","2022","4","N",7,0,0,0,0,0,0,0,"N",0.54,0,0,0,0,0,0,0,"N",5,250.0,0,0,0,0,0,0,0,0,0,0,0,0,0,0
"16007","5","518210","78","0","2022","4","N",1,0,0,0,0,0,0,0,"N",0.89,0,0,0,0,0,0,0,"N",0,0.0,0,0,0,0,0,0,0,0,0,0,0,0,0,0
"16009","5","518210","78","0","2022","4","N",1,0,0,0,0,0,0,0,"N",0.59,0,0,0,0,0,0,0,"N",1,100.0,0,0,0,0,0,0,0,0,0,0,0,0,0,0
"16013","5","518210","78","0","2022","4","",6,35,37,35,424751,234797,1633,916,"",0.68,0.82,0.86,0.77,0.29,1.03,1.11,0.35,"N",2,50.0,0,0,0,0,0,0,0,0,0,0,0,0,0,0
"16017","5","518210","78","0","2022","4","",8,12,12,12,225185,46408,432,1443,"",0.82,0.24,0.24,0.24,0.17,0.19,0.26,0.70,"",1,14.3,-2,-14.3,-1,-7.7,-1,-7.7,-56196,-20.0,-36392,-44.0,-397,-47.9,-180,-11.1
"16019","5","518210","78","0","2022","4","",13,25,22,22,754377,316511,2184,2523,"",0.60,0.13,0.11,0.11,0.15,0.34,0.40,1.23,"",6,85.7,-13,-34.2,-15,-40.5,-14,-38.9,254350,50.9,59579,23.2,-266,-10.9,1483,142.6
"16027","5","518210","78","0","2022","4","N",12,0,0,0,0,0,0,0,"N",0.36,0,0,0,0,0,0,0,"N",7,140.0,0,0,0,0,0,0,0,0,0,0,0,0,0,0
"16029","5","518210","78","0","2022","4","N",1,0,0,0,0,0,0,0,"N",0.76,0,0,0,0,0,0,0,"N",0,0.0,0,0,0,0,0,0,0,0,0,0,0,0,0,0
"16031","5","518210","78","0","2022","4","",4,11,11,11,433190,28935,248,3029,"",0.88,0.27,0.28,0.28,0.41,0.13,0.21,1.49,"N",1,33.3,0,0,0,0,0,0,0,0,0,0,0,0,0,0
"16035","5","518210","78","0","2022","4","-",0,0,0,0,0,0,0,0,"N",0.00,0,0,0,0,0,0,0,"N",-1,-100.0,0,0,0,0,0,0,0,0,0,0,0,0,0,0
"16041","5","518210","78","0","2022","4","N",2,0,0,0,0,0,0,0,"N",0.94,0,0,0,0,0,0,0,"N",0,0.0,0,0,0,0,0,0,0,0,0,0,0,0,0,0
"16045","5","518210","78","0","2022","4","N",1,0,0,0,0,0,0,0,"N",0.35,0,0,0,0,0,0,0,"N",1,100.0,0,0,0,0,0,0,0,0,0,0,0,0,0,0
"16047","5","518210","78","0","2022","4","N",1,0,0,0,0,0,0,0,"N",0.40,0,0,0,0,0,0,0,"N",0,0.0,0,0,0,0,0,0,0,0,0,0,0,0,0,0
"16051","5","518210","78","0","2022","4","N",1,0,0,0,0,0,0,0,"N",0.23,0,0,0,0,0,0,0,"N",-1,-50.0,0,0,0,0,0,0,0,0,0,0,0,0,0,0
"16053","3","518210","78","0","2022","4","",1,6,8,7,28520,12250,42,313,"",141.52,29.23,39.21,34.79,9.85,71.43,237.03,0.29,"N",0,0.0,0,0,0,0,0,0,0,0,0,0,0,0,0,0
"16055","5","518210","78","0","2022","4","",21,37,38,39,1588483,111811,1014,3216,"",0.65,0.17,0.18,0.18,0.25,0.11,0.15,1.44,"N",2,10.5,0,0,0,0,0,0,0,0,0,0,0,0,0,0
"16057","5","518210","78","0","2022","4","",6,28,28,29,685659,101289,652,1862,"",1.08,0.63,0.62,0.65,0.62,0.71,0.79,0.97,"",0,0.0,6,27.3,5,21.7,6,26.1,132005,23.8,28785,39.7,104,19.0,-17,-0.9
"16065","5","518210","78","0","2022","4","",5,7,7,7,140219,38802,388,1541,"",0.81,0.13,0.13,0.13,0.11,0.19,0.34,0.90,"N",2,66.7,0,0,0,0,0,0,0,0,0,0,0,0,0,0
"16067","5","518210","78","0","2022","4","N",1,0,0,0,0,0,0,0,"N",0.32,0,0,0,0,0,0,0,"N",0,0.0,0,0,0,0,0,0,0,0,0,0,0,0,0,0
"16069","5","518210","78","0","2022","4","N",2,0,0,0,0,0,0,0,"N",0.33,0,0,0,0,0,0,0,"N",0,0.0,0,0,0,0,0,0,0,0,0,0,0,0,0,0
"16071","5","518210","78","0","2022","4","N",1,0,0,0,0,0,0,0,"N",1.39,0,0,0,0,0,0,0,"N",0,0.0,0,0,0,0,0,0,0,0,0,0,0,0,0,0
"16075","5","518210","78","0","2022","4","N",3,0,0,0,0,0,0,0,"N",0.90,0,0,0,0,0,0,0,"N",3,100.0,0,0,0,0,0,0,0,0,0,0,0,0,0,0
"16079","5","518210","78","0","2022","4","N",2,0,0,0,0,0,0,0,"N",0.99,0,0,0,0,0,0,0,"N",0,0.0,0,0,0,0,0,0,0,0,0,0,0,0,0,0
"16081","5","518210","78","0","2022","4","N",3,0,0,0,0,0,0,0,"N",0.92,0,0,0,0,0,0,0,"N",2,200.0,0,0,0,0,0,0,0,0,0,0,0,0,0,0
"16083","5","518210","78","0","2022","4","N",4,0,0,0,0,0,0,0,"N",0.26,0,0,0,0,0,0,0,"N",2,100.0,0,0,0,0,0,0,0,0,0,0,0,0,0,0
"16999","5","518210","78","0","2022","4","",325,359,364,376,13496091,2243329,20344,2834,"",5.36,5.19,5.24,5.40,3.44,5.50,6.22,0.65,"",61,23.1,46,14.7,30,9.0,43,12.9,1082200,8.7,-1921712,-46.1,-16863,-45.3,-89,-3.0
"17000","5","518210","58","0","2022","4","",1496,15154,15108,15083,578276690,12796850,332442,2943,"",0.87,0.80,0.79,0.79,0.75,0.59,0.64,0.95,"",238,18.9,1866,14.0,1636,12.1,1517,11.2,36392600,6.7,-6156549,-32.5,-80925,-19.6,-158,-5.1
"17001","5","518210","78","0","2022","4","N",1,0,0,0,0,0,0,0,"N",0.14,0,0,0,0,0,0,0,"N",0,0.0,0,0,0,0,0,0,0,0,0,0,0,0,0,0
"17007","5","518210","78","0","2022","4","N",2,0,0,0,0,0,0,0,"N",0.53,0,0,0,0,0,0,0,"N",1,100.0,0,0,0,0,0,0,0,0,0,0,0,0,0,0
"17019","5","518210","78","0","2022","4","",17,291,292,287,4659506,418734,7915,1236,"",0.96,0.96,0.96,0.95,0.49,1.52,1.20,0.51,"",1,6.2,37,14.6,32,12.3,18,6.7,259659,5.9,189024,82.3,778,10.9,-61,-4.7
"17021","5","518210","78","0","2022","4","N",1,0,0,0,0,0,0,0,"N",0.33,0,0,0,0,0,0,0,"N",1,100.0,0,0,0,0,0,0,0,0,0,0,0,0,0,0
"17025","5","518210","78","0","2022","4","N",1,0,0,0,0,0,0,0,"N",0.74,0,0,0,0,0,0,0,"N",0,0.0,0,0,0,0,0,0,0,0,0,0,0,0,0,0
"17031","5","518210","78","0","2022","4","",363,8675,8634,8570,340595093,5341344,127170,3037,"",0.61,1.07,1.06,1.06,0.93,0.61,0.59,0.88,"",35,10.7,726,9.1,620,7.7,545,6.8,15549261,4.8,-4344067,-44.9,-45302,-26.3,-90,-2.9
"17043","5","518210","78","0","2022","4","",88,1967,1899,1915,74236502,906081,21784,2963,"",0.60,1.02,0.98,0.99,0.91,0.40,0.41,0.91,"",5,6.0,19,1.0,-54,-2.8,-69,-3.5,-15730318,-17.5,-1154077,-56.0,-15052,-40.9,-565,-16.0
"17053","5","518210","78","0","2022","4","N",1,0,0,0,0,0,0,0,"N",0.67,0,0,0,0,0,0,0,"N",0,0.0,0,0,0,0,0,0,0,0,0,0,0,0,0,0
"17057","5","518210","78","0","2022","4","N",1,0,0,0,0,0,0,0,"N",0.36,0,0,0,0,0,0,0,"N",1,100.0,0,0,0,0,0,0,0,0,0,0,0,0,0,0
"17065","5","518210","78","0","2022","4","N",2,0,0,0,0,0,0,0,"N",2.29,0,0,0,0,0,0,0,"N",0,0.0,0,0,0,0,0,0,0,0,0,0,0,0,0,0
"17073","5","518210","78","0","2022","4","N",1,0,0,0,0,0,0,0,"N",0.23,0,0,0,0,0,0,0,"N",0,0.0,0,0,0,0,0,0,0,0,0,0,0,0,0,0
"17077","5","518210","78","0","2022","4","N",2,0,0,0,0,0,0,0,"N",0.41,0,0,0,0,0,0,0,"N",1,100.0,0,0,0,0,0,0,0,0,0,0,0,0,0,0
"17089","5","518210","78","0","2022","4","",21,40,39,45,1896294,64803,1760,3529,"",0.38,0.06,0.06,0.07,0.08,0.08,0.10,1.37,"",3,16.7,0,0.0,-1,-2.5,5,12.5,492404,35.1,21208,48.6,521,42.1,829,30.7
"17091","5","518210","78","0","2022","4","N",1,0,0,0,0,0,0,0,"N",0.11,0,0,0,0,0,0,0,"N",0,0.0,0,0,0,0,0,0,0,0,0,0,0,0,0,0
"17093","5","518210","78","0","2022","4","N",1,0,0,0,0,0,0,0,"N",0.10,0,0,0,0,0,0,0,"N",0,0.0,0,0,0,0,0,0,0,0,0,0,0,0,0,0
"17097","5","518210","78","0","2022","4","",37,146,147,150,8749645,223787,5625,4558,"",0.43,0.14,0.14,0.14,0.17,0.20,0.22,1.19,"",-3,-7.5,-21,-12.6,-18,-10.9,-21,-12.3,416293,5.0,62915,39.1,454,8.8,735,19.2
"17107","5","518210","78","0","2022","4","N",1,0,0,0,0,0,0,0,"N",0.43,0,0,0,0,0,0,0,"N",0,0.0,0,0,0,0,0,0,0,0,0,0,0,0,0,0
"17111","5","518210","78","0","2022","4","N",7,0,0,0,0,0,0,0,"N",0.21,0,0,0,0,0,0,0,"N",-2,-22.2,0,0,0,0,0,0,0,0,0,0,0,0,0,0
"17113","5","518210","78","0","2022","4","N",6,0,0,0,0,0,0,0,"N",0.43,0,0,0,0,0,0,0,"N",0,0.0,0,0,0,0,0,0,0,0,0,0,0,0,0,0
"17115","5","518210","78","0","2022","4","N",1,0,0,0,0,0,0,0,"N",0.12,0,0,0,0,0,0,0,"N",0,0.0,0,0,0,0,0,0,0,0,0,0,0,0,0,0
"17119","5","518210","78","0","2022","4","",5,35,40,40,1213437,139702,4923,2435,"",0.22,0.11,0.12,0.12,0.12,0.33,0.47,1.04,"N",-1,-16.7,0,0,0,0,0,0,0,0,0,0,0,0,0,0
"17121","5","518210","78","0","2022","4","N",1,0,0,0,0,0,0,0,"N",0.29,0,0,0,0,0,0,0,"N",-1,-50.0,0,0,0,0,0,0,0,0,0,0,0,0,0,0
"17131","5","518210","78","0","2022","4","N",1,0,0,0,0,0,0,0,"N",0.77,0,0,0,0,0,0,0,"N",0,0.0,0,0,0,0,0,0,0,0,0,0,0,0,0,0
"17133","5","518210","78","0","2022","4","N",1,0,0,0,0,0,0,0,"N",0.28,0,0,0,0,0,0,0,"N",0,0.0,0,0,0,0,0,0,0,0,0,0,0,0,0,0
"17135","5","518210","78","0","2022","4","N",1,0,0,0,0,0,0,0,"N",0.34,0,0,0,0,0,0,0,"N",0,0.0,0,0,0,0,0,0,0,0,0,0,0,0,0,0
"17141","5","518210","78","0","2022","4","N",1,0,0,0,0,0,0,0,"N",0.23,0,0,0,0,0,0,0,"N",1,100.0,0,0,0,0,0,0,0,0,0,0,0,0,0,0
"17143","5","518210","78","0","2022","4","N",3,0,0,0,0,0,0,0,"N",0.17,0,0,0,0,0,0,0,"N",-1,-25.0,0,0,0,0,0,0,0,0,0,0,0,0,0,0
"17161","5","518210","78","0","2022","4","N",3,0,0,0,0,0,0,0,"N",0.24,0,0,0,0,0,0,0,"N",0,0.0,0,0,0,0,0,0,0,0,0,0,0,0,0,0
"17163","5","518210","78","0","2022","4","N",6,0,0,0,0,0,0,0,"N",0.28,0,0,0,0,0,0,0,"N",1,20.0,0,0,0,0,0,0,0,0,0,0,0,0,0,0
"17165","5","518210","78","0","2022","4","N",1,0,0,0,0,0,0,0,"N",0.47,0,0,0,0,0,0,0,"N",0,0.0,0,0,0,0,0,0,0,0,0,0,0,0,0,0
"17167","5","518210","78","0","2022","4","",10,169,171,165,3462297,141335,1754,1582,"",0.48,0.42,0.42,0.41,0.24,0.47,0.25,0.59,"",0,0.0,44,35.2,52,43.7,48,41.0,1567996,82.8,28974,25.8,-27,-1.5,371,30.6
"17177","5","518210","78","0","2022","4","N",1,0,0,0,0,0,0,0,"N",0.23,0,0,0,0,0,0,0,"N",0,0.0,0,0,0,0,0,0,0,0,0,0,0,0,0,0
"17179","5","518210","78","0","2022","4","N",2,0,0,0,0,0,0,0,"N",0.18,0,0,0,0,0,0,0,"N",1,100.0,0,0,0,0,0,0,0,0,0,0,0,0,0,0
"17183","5","518210","78","0","2022","4","N",1,0,0,0,0,0,0,0,"N",0.18,0,0,0,0,0,0,0,"N",0,0.0,0,0,0,0,0,0,0,0,0,0,0,0,0,0
"17197","5","518210","78","0","2022","4","",21,87,89,92,2182979,149994,3835,1880,"",0.31,0.11,0.11,0.11,0.08,0.13,0.14,0.74,"",2,10.5,12,16.0,14,18.7,11,13.6,462548,26.9,91431,156.1,2004,109.4,161,9.4
"17199","5","518210","78","0","2022","4","-",0,0,0,0,0,0,0,0,"N",0.00,0,0,0,0,0,0,0,"N",-1,-100.0,0,0,0,0,0,0,0,0,0,0,0,0,0,0
"17201","5","518210","78","0","2022","4","N",5,0,0,0,0,0,0,0,"N",0.20,0,0,0,0,0,0,0,"N",-1,-16.7,0,0,0,0,0,0,0,0,0,0,0,0,0,0
"17999","5","518210","78","0","2022","4","",878,3468,3528,3551,135782821,5210217,148292,2971,"",2.67,4.77,4.82,4.84,3.17,3.81,3.51,0.66,"",197,28.9,1004,40.7,952,37.0,944,36.2,31926732,30.7,-1130567,-17.8,-30428,-17.0,-163,-5.2
"18000","5","518210","58","0","2022","4","",626,3469,3453,3493,80335331,2670190,58603,1780,"",0.79,0.35,0.34,0.35,0.25,0.28,0.46,0.73,"",137,28.0,361,11.6,270,8.5,271,8.4,5831529,7.8,-600863,-18.4,-12444,-17.5,-27,-1.5
"18001","5","518210","78","0","2022","4","N",2,0,0,0,0,0,0,0,"N",0.62,0,0,0,0,0,0,0,"N",1,100.0,0,0,0,0,0,0,0,0,0,0,0,0,0,0
"18003","5","518210","78","0","2022","4","",19,59,61,63,2036255,45909,1990,2568,"",0.45,0.09,0.10,0.10,0.11,0.08,0.28,1.10,"N",6,46.2,0,0,0,0,0,0,0,0,0,0,0,0,0,0
"18005","5","518210","78","0","2022","4","N",3,0,0,0,0,0,0,0,"N",0.34,0,0,0,0,0,0,0,"N",2,200.0,0,0,0,0,0,0,0,0,0,0,0,0,0,0
"18011","5","518210","78","0","2022","4","N",4,0,0,0,0,0,0,0,"N",0.41,0,0,0,0,0,0,0,"N",1,33.3,0,0,0,0,0,0,0,0,0,0,0,0,0,0
"18017","5","518210","78","0","2022","4","N",2,0,0,0,0,0,0,0,"N",0.66,0,0,0,0,0,0,0,"N",1,100.0,0,0,0,0,0,0,0,0,0,0,0,0,0,0
"18019","5","518210","78","0","2022","4","N",5,0,0,0,0,0,0,0,"N",0.39,0,0,0,0,0,0,0,"N",1,25.0,0,0,0,0,0,0,0,0,0,0,0,0,0,0
"18029","5","518210","78","0","2022","4","N",3,0,0,0,0,0,0,0,"N",0.62,0,0,0,0,0,0,0,"N",2,200.0,0,0,0,0,0,0,0,0,0,0,0,0,0,0
"18031","5","518210","78","0","2022","4","N",1,0,0,0,0,0,0,0,"N",0.35,0,0,0,0,0,0,0,"N",1,100.0,0,0,0,0,0,0,0,0,0,0,0,0,0,0
"18035","5","518210","78","0","2022","4","",5,11,10,10,166370,10124,142,1238,"",0.51,0.08,0.07,0.07,0.04,0.08,0.09,0.60,"",1,25.0,4,57.1,2,25.0,1,11.1,829,0.5,-7260,-41.8,-293,-67.4,-354,-22.2
"18039","5","518210","78","0","2022","4","",6,17,17,17,647003,450,12,2928,"",0.28,0.04,0.04,0.04,0.05,0.00,0.00,1.21,"N",4,200.0,0,0,0,0,0,0,0,0,0,0,0,0,0,0
"18043","5","518210","78","0","2022","4","N",1,0,0,0,0,0,0,0,"N",0.12,0,0,0,0,0,0,0,"N",0,0.0,0,0,0,0,0,0,0,0,0,0,0,0,0,0
"18051","5","518210","78","0","2022","4","-",0,0,0,0,0,0,0,0,"N",0.00,0,0,0,0,0,0,0,"N",-1,-100.0,0,0,0,0,0,0,0,0,0,0,0,0,0,0
"18053","5","518210","78","0","2022","4","N",2,0,0,0,0,0,0,0,"N",0.38,0,0,0,0,0,0,0,"N",1,100.0,0,0,0,0,0,0,0,0,0,0,0,0,0,0
"18057","5","518210","78","0","2022","4","",53,230,227,223,6496356,176718,3477,2205,"",1.04,0.45,0.44,0.44,0.34,0.33,0.50,0.77,"",13,32.5,-31,-11.9,-56,-19.8,-84,-27.4,1349125,26.2,-187900,-51.5,-3120,-47.3,809,58.0
"18059","5","518210","78","0","2022","4","N",2,0,0,0,0,0,0,0,"N",0.25,0,0,0,0,0,0,0,"N",0,0.0,0,0,0,0,0,0,0,0,0,0,0,0,0,0
"18061","5","518210","78","0","2022","4","N",1,0,0,0,0,0,0,0,"N",0.32,0,0,0,0,0,0,0,"N",1,100.0,0,0,0,0,0,0,0,0,0,0,0,0,0,0
"18063","5","518210","78","0","2022","4","N",8,0,0,0,0,0,0,0,"N",0.47,0,0,0,0,0,0,0,"N",4,100.0,0,0,0,0,0,0,0,0,0,0,0,0,0,0
"18065","5","518210","78","0","2022","4","N",1,0,0,0,0,0,0,0,"N",0.27,0,0,0,0,0,0,0,"N",0,0.0,0,0,0,0,0,0,0,0,0,0,0,0,0,0
"18067","5","518210","78","0","2022","4","N",2,0,0,0,0,0,0,0,"N",0.26,0,0,0,0,0,0,0,"N",2,100.0,0,0,0,0,0,0,0,0,0,0,0,0,0,0
"18069","5","518210","78","0","2022","4","N",1,0,0,0,0,0,0,0,"N",0.25,0,0,0,0,0,0,0,"N",1,100.0,0,0,0,0,0,0,0,0,0,0,0,0,0,0
"18071","5","518210","78","0","2022","4","N",1,0,0,0,0,0,0,0,"N",0.24,0,0,0,0,0,0,0,"N",1,100.0,0,0,0,0,0,0,0,0,0,0,0,0,0,0
"18081","5","518210","78","0","2022","4","",11,47,44,44,1660074,51479,1263,2838,"",0.66,0.24,0.22,0.22,0.31,0.23,0.47,1.39,"",4,57.1,14,42.4,10,29.4,10,29.4,578172,53.4,31633,159.4,937,287.4,366,14.8
"18083","5","518210","78","0","2022","4","N",1,0,0,0,0,0,0,0,"N",0.25,0,0,0,0,0,0,0,"N",0,0.0,0,0,0,0,0,0,0,0,0,0,0,0,0,0
"18085","5","518210","78","0","2022","4","N",2,0,0,0,0,0,0,0,"N",0.23,0,0,0,0,0,0,0,"N",1,100.0,0,0,0,0,0,0,0,0,0,0,0,0,0,0
"18089","5","518210","78","0","2022","4","",15,17,19,19,518563,24054,602,2176,"",0.31,0.03,0.03,0.03,0.03,0.05,0.07,0.87,"",2,15.4,1,6.2,4,26.7,1,5.6,253772,95.8,12386,106.2,366,155.1,929,74.5
"18091","5","518210","78","0","2022","4","N",6,0,0,0,0,0,0,0,"N",0.59,0,0,0,0,0,0,0,"N",3,100.0,0,0,0,0,0,0,0,0,0,0,0,0,0,0
"18093","5","518210","78","0","2022","4","N",1,0,0,0,0,0,0,0,"N",0.26,0,0,0,0,0,0,0,"N",0,0.0,0,0,0,0,0,0,0,0,0,0,0,0,0,0
"18095","5","518210","78","0","2022","4","",6,5,6,8,143383,31352,781,1741,"",0.59,0.04,0.05,0.06,0.04,0.27,0.55,0.86,"",2,50.0,-2,-28.6,-1,-14.3,2,33.3,3556,2.5,25822,466.9,653,510.2,128,7.9
"18097","5","518210","78","0","2022","4","",94,1474,1467,1492,31182961,673052,13402,1623,"",0.82,0.76,0.75,0.76,0.42,0.36,0.52,0.56,"",18,23.7,143,10.7,121,9.0,145,10.8,2082437,7.2,-41401,-5.8,2385,21.6,-46,-2.8
"18105","5","518210","78","0","2022","4","N",7,0,0,0,0,0,0,0,"N",0.50,0,0,0,0,0,0,0,"N",3,75.0,0,0,0,0,0,0,0,0,0,0,0,0,0,0
"18107","5","518210","78","0","2022","4","N",3,0,0,0,0,0,0,0,"N",0.81,0,0,0,0,0,0,0,"N",1,50.0,0,0,0,0,0,0,0,0,0,0,0,0,0,0
"18109","5","518210","78","0","2022","4","N",1,0,0,0,0,0,0,0,"N",0.17,0,0,0,0,0,0,0,"N",0,0.0,0,0,0,0,0,0,0,0,0,0,0,0,0,0
"18113","5","518210","78","0","2022","4","N",1,0,0,0,0,0,0,0,"N",0.25,0,0,0,0,0,0,0,"N",1,100.0,0,0,0,0,0,0,0,0,0,0,0,0,0,0
"18127","5","518210","78","0","2022","4","",9,184,186,188,3210242,82565,602,1328,"",0.52,0.92,0.93,0.94,0.52,0.43,0.17,0.56,"",2,28.6,-5,-2.6,-4,-2.1,-5,-2.6,335879,11.7,-29062,-26.0,-582,-49.2,168,14.5
"18133","5","518210","78","0","2022","4","N",1,0,0,0,0,0,0,0,"N",0.31,0,0,0,0,0,0,0,"N",0,0.0,0,0,0,0,0,0,0,0,0,0,0,0,0,0
"18141","5","518210","78","0","2022","4","",15,300,303,303,7056028,77743,634,1797,"",0.56,0.79,0.79,0.80,0.59,0.23,0.13,0.75,"",1,7.1,3,1.0,4,1.3,9,3.1,-1592976,-18.4,-114444,-59.5,-1911,-75.1,-446,-19.9
"18145","5","518210","78","0","2022","4","N",2,0,0,0,0,0,0,0,"N",0.47,0,0,0,0,0,0,0,"N",0,0.0,0,0,0,0,0,0,0,0,0,0,0,0,0,0
"18147","5","518210","78","0","2022","4","N",1,0,0,0,0,0,0,0,"N",0.48,0,0,0,0,0,0,0,"N",0,0.0,0,0,0,0,0,0,0,0,0,0,0,0,0,0
"18157","5","518210","78","0","2022","4","N",9,0,0,0,0,0,0,0,"N",0.53,0,0,0,0,0,0,0,"N",6,200.0,0,0,0,0,0,0,0,0,0,0,0,0,0,0
"18163","5","518210","78","0","2022","4","",4,3,3,3,57056,0,0,1463,"",0.19,0.01,0.01,0.01,0.01,0.00,0.00,0.64,"",1,33.3,1,50.0,0,0.0,0,0.0,-46580,-44.9,-2558,-100.0,-64,-100.0,-1527,-51.1
"18167","5","518210","78","0","2022","4","N",3,0,0,0,0,0,0,0,"N",0.29,0,0,0,0,0,0,0,"N",1,50.0,0,0,0,0,0,0,0,0,0,0,0,0,0,0
"18169","5","518210","78","0","2022","4","N",1,0,0,0,0,0,0,0,"N",0.31,0,0,0,0,0,0,0,"N",1,100.0,0,0,0,0,0,0,0,0,0,0,0,0,0,0
"18177","5","518210","78","0","2022","4","-",0,0,0,0,0,0,0,0,"N",0.00,0,0,0,0,0,0,0,"N",-1,-100.0,0,0,0,0,0,0,0,0,0,0,0,0,0,0
"18181","5","518210","78","0","2022","4","N",1,0,0,0,0,0,0,0,"N",0.34,0,0,0,0,0,0,0,"N",0,0.0,0,0,0,0,0,0,0,0,0,0,0,0,0,0
"18183","5","518210","78","0","2022","4","N",1,0,0,0,0,0,0,0,"N",0.32,0,0,0,0,0,0,0,"N",0,0.0,0,0,0,0,0,0,0,0,0,0,0,0,0,0
"18999","5","518210","78","0","2022","4","",309,840,842,849,21996555,1263084,30526,2006,"",3.34,2.76,2.76,2.80,1.56,2.70,3.31,0.56,"",50,19.3,137,19.5,115,15.8,107,14.4,1465194,7.1,-273068,-17.8,-11509,-27.4,-175,-8.0
"19000","3","518210","58","0","2022","4","N",2,0,0,0,0,0,0,0,"N",2.14,0,0,0,0,0,0,0,"N",0,0.0,0,0,0,0,0,0,0,0,0,0,0,0,0,0
"19000","5","518210","58","0","2022","4","",415,3469,3477,3487,84273833,9792142,131195,1864,"",0.88,0.71,0.71,0.71,0.53,0.73,0.78,0.74,"",85,25.8,59,1.7,74,2.2,49,1.4,-2850723,-3.3,-406849,-4.0,-11365,-8.0,-97,-4.9
"19001","5","518210","78","0","2022","4","N",1,0,0,0,0,0,0,0,"N",0.69,0,0,0,0,0,0,0,"N",0,0.0,0,0,0,0,0,0,0,0,0,0,0,0,0,0
"19009","5","518210","78","0","2022","4","N",1,0,0,0,0,0,0,0,"N",1.00,0,0,0,0,0,0,0,"N",0,0.0,0,0,0,0,0,0,0,0,0,0,0,0,0,0
"19011","5","518210","78","0","2022","4","",3,5,4,4,114409,27365,274,2031,"",1.01,0.26,0.21,0.22,0.24,0.54,0.52,1.04,"N",2,200.0,0,0,0,0,0,0,0,0,0,0,0,0,0,0
"19013","5","518210","78","0","2022","4","N",12,0,0,0,0,0,0,0,"N",0.72,0,0,0,0,0,0,0,"N",2,20.0,0,0,0,0,0,0,0,0,0,0,0,0,0,0
"19015","5","518210","78","0","2022","4","N",2,0,0,0,0,0,0,0,"N",0.64,0,0,0,0,0,0,0,"N",-2,-50.0,0,0,0,0,0,0,0,0,0,0,0,0,0,0
"19017","5","518210","78","0","2022","4","N",2,0,0,0,0,0,0,0,"N",0.65,0,0,0,0,0,0,0,"N",1,100.0,0,0,0,0,0,0,0,0,0,0,0,0,0,0
"19019","5","518210","78","0","2022","4","N",1,0,0,0,0,0,0,0,"N",0.37,0,0,0,0,0,0,0,"N",0,0.0,0,0,0,0,0,0,0,0,0,0,0,0,0,0
"19021","5","518210","78","0","2022","4","N",1,0,0,0,0,0,0,0,"N",0.37,0,0,0,0,0,0,0,"N",1,100.0,0,0,0,0,0,0,0,0,0,0,0,0,0,0
"19027","5","518210","78","0","2022","4","N",1,0,0,0,0,0,0,0,"N",0.24,0,0,0,0,0,0,0,"N",0,0.0,0,0,0,0,0,0,0,0,0,0,0,0,0,0
"19031","5","518210","78","0","2022","4","N",1,0,0,0,0,0,0,0,"N",0.39,0,0,0,0,0,0,0,"N",0,0.0,0,0,0,0,0,0,0,0,0,0,0,0,0,0
"19033","5","518210","78","0","2022","4","N",4,0,0,0,0,0,0,0,"N",0.56,0,0,0,0,0,0,0,"N",-2,-33.3,0,0,0,0,0,0,0,0,0,0,0,0,0,0
"19041","5","518210","78","0","2022","4","N",2,0,0,0,0,0,0,0,"N",0.63,0,0,0,0,0,0,0,"N",0,0.0,0,0,0,0,0,0,0,0,0,0,0,0,0,0
"19045","5","518210","78","0","2022","4","N",5,0,0,0,0,0,0,0,"N",0.80,0,0,0,0,0,0,0,"N",1,25.0,0,0,0,0,0,0,0,0,0,0,0,0,0,0
"19047","5","518210","78","0","2022","4","N",1,0,0,0,0,0,0,0,"N",0.45,0,0,0,0,0,0,0,"N",1,100.0,0,0,0,0,0,0,0,0,0,0,0,0,0,0
"19049","5","518210","78","0","2022","4","N",20,0,0,0,0,0,0,0,"N",1.41,0,0,0,0,0,0,0,"N",1,5.3,0,0,0,0,0,0,0,0,0,0,0,0,0,0
"19055","5","518210","78","0","2022","4","N",1,0,0,0,0,0,0,0,"N",0.38,0,0,0,0,0,0,0,"N",0,0.0,0,0,0,0,0,0,0,0,0,0,0,0,0,0
"19057","5","518210","78","0","2022","4","N",1,0,0,0,0,0,0,0,"N",0.17,0,0,0,0,0,0,0,"N",1,100.0,0,0,0,0,0,0,0,0,0,0,0,0,0,0
"19061","3","518210","78","0","2022","4","N",1,0,0,0,0,0,0,0,"N",32.25,0,0,0,0,0,0,0,"N",0,0.0,0,0,0,0,0,0,0,0,0,0,0,0,0,0
"19061","5","518210","78","0","2022","4","",13,166,165,166,4130969,224109,1705,1918,"",0.84,0.90,0.89,0.89,0.67,0.45,0.26,0.75,"N",7,116.7,0,0,0,0,0,0,0,0,0,0,0,0,0,0
"19065","5","518210","78","0","2022","4","N",1,0,0,0,0,0,0,0,"N",0.34,0,0,0,0,0,0,0,"N",0,0.0,0,0,0,0,0,0,0,0,0,0,0,0,0,0
"19067","5","518210","78","0","2022","4","N",1,0,0,0,0,0,0,0,"N",0.49,0,0,0,0,0,0,0,"N",0,0.0,0,0,0,0,0,0,0,0,0,0,0,0,0,0
"19075","5","518210","78","0","2022","4","N",1,0,0,0,0,0,0,0,"N",0.60,0,0,0,0,0,0,0,"N",0,0.0,0,0,0,0,0,0,0,0,0,0,0,0,0,0
"19085","5","518210","78","0","2022","4","N",3,0,0,0,0,0,0,0,"N",1.49,0,0,0,0,0,0,0,"N",0,0.0,0,0,0,0,0,0,0,0,0,0,0,0,0,0
"19087","5","518210","78","0","2022","4","N",2,0,0,0,0,0,0,0,"N",0.75,0,0,0,0,0,0,0,"N",1,100.0,0,0,0,0,0,0,0,0,0,0,0,0,0,0
"19089","5","518210","78","0","2022","4","N",1,0,0,0,0,0,0,0,"N",0.71,0,0,0,0,0,0,0,"N",0,0.0,0,0,0,0,0,0,0,0,0,0,0,0,0,0
"19095","5","518210","78","0","2022","4","N",1,0,0,0,0,0,0,0,"N",0.35,0,0,0,0,0,0,0,"N",-1,-50.0,0,0,0,0,0,0,0,0,0,0,0,0,0,0
"19099","5","518210","78","0","2022","4","",6,5,5,5,161640,0,0,2487,"",1.43,0.15,0.16,0.16,0.19,0.00,0.00,1.21,"",0,0.0,0,0.0,1,25.0,0,0.0,17462,12.1,-54913,-100.0,-549,-100.0,110,4.6
"19101","5","518210","78","0","2022","4","N",5,0,0,0,0,0,0,0,"N",1.42,0,0,0,0,0,0,0,"N",2,66.7,0,0,0,0,0,0,0,0,0,0,0,0,0,0
"19103","5","518210","78","0","2022","4","",38,61,62,63,1229654,216652,2008,1526,"",1.77,0.23,0.23,0.24,0.14,0.38,0.35,0.59,"",7,22.6,-3,-4.7,0,0.0,-2,-3.1,118911,10.7,-84957,-28.2,-1918,-48.9,184,13.7
"19105","5","518210","78","0","2022","4","N",1,0,0,0,0,0,0,0,"N",0.36,0,0,0,0,0,0,0,"N",0,0.0,0,0,0,0,0,0,0,0,0,0,0,0,0,0
"19111","5","518210","78","0","2022","4","N",1,0,0,0,0,0,0,0,"N",0.22,0,0,0,0,0,0,0,"N",1,100.0,0,0,0,0,0,0,0,0,0,0,0,0,0,0
"19113","3","518210","78","0","2022","4","N",1,0,0,0,0,0,0,0,"N",15.35,0,0,0,0,0,0,0,"N",0,0.0,0,0,0,0,0,0,0,0,0,0,0,0,0,0
"19113","5","518210","78","0","2022","4","",49,645,639,644,15795497,1528701,31886,1891,"",1.50,1.59,1.58,1.60,1.11,1.42,2.10,0.70,"",9,22.5,11,1.7,-3,-0.5,-25,-3.7,999650,6.8,-341795,-18.3,8078,33.9,136,7.7
"19115","5","518210","78","0","2022","4","N",1,0,0,0,0,0,0,0,"N",0.84,0,0,0,0,0,0,0,"N",0,0.0,0,0,0,0,0,0,0,0,0,0,0,0,0,0
"19121","5","518210","78","0","2022","4","N",2,0,0,0,0,0,0,0,"N",0.84,0,0,0,0,0,0,0,"N",1,100.0,0,0,0,0,0,0,0,0,0,0,0,0,0,0
"19123","5","518210","78","0","2022","4","N",2,0,0,0,0,0,0,0,"N",0.73,0,0,0,0,0,0,0,"N",0,0.0,0,0,0,0,0,0,0,0,0,0,0,0,0,0
"19125","5","518210","78","0","2022","4","N",2,0,0,0,0,0,0,0,"N",0.44,0,0,0,0,0,0,0,"N",1,100.0,0,0,0,0,0,0,0,0,0,0,0,0,0,0
"19127","5","518210","78","0","2022","4","N",6,0,0,0,0,0,0,0,"N",1.34,0,0,0,0,0,0,0,"N",4,200.0,0,0,0,0,0,0,0,0,0,0,0,0,0,0
"19129","5","518210","78","0","2022","4","N",3,0,0,0,0,0,0,0,"N",1.66,0,0,0,0,0,0,0,"N",1,50.0,0,0,0,0,0,0,0,0,0,0,0,0,0,0
"19131","5","518210","78","0","2022","4","N",1,0,0,0,0,0,0,0,"N",0.63,0,0,0,0,0,0,0,"N",0,0.0,0,0,0,0,0,0,0,0,0,0,0,0,0,0
"19139","5","518210","78","0","2022","4","N",2,0,0,0,0,0,0,0,"N",0.38,0,0,0,0,0,0,0,"N",-1,-33.3,0,0,0,0,0,0,0,0,0,0,0,0,0,0
"19141","5","518210","78","0","2022","4","N",1,0,0,0,0,0,0,0,"N",0.38,0,0,0,0,0,0,0,"N",1,100.0,0,0,0,0,0,0,0,0,0,0,0,0,0,0
"19145","5","518210","78","0","2022","4","N",1,0,0,0,0,0,0,0,"N",0.48,0,0,0,0,0,0,0,"N",0,0.0,0,0,0,0,0,0,0,0,0,0,0,0,0,0
"19153","5","518210","78","0","2022","4","",130,1187,1192,1198,31639223,2574791,32142,2041,"",1.52,1.21,1.21,1.21,0.84,0.89,0.87,0.69,"",26,25.0,182,18.1,181,17.9,174,17.0,-1950641,-5.8,186948,7.8,2547,8.6,-509,-20.0
"19155","5","518210","78","0","2022","4","N",11,0,0,0,0,0,0,0,"N",0.96,0,0,0,0,0,0,0,"N",1,10.0,0,0,0,0,0,0,0,0,0,0,0,0,0,0
"19157","5","518210","78","0","2022","4","N",3,0,0,0,0,0,0,0,"N",1.00,0,0,0,0,0,0,0,"N",0,0.0,0,0,0,0,0,0,0,0,0,0,0,0,0,0
"19161","5","518210","78","0","2022","4","N",1,0,0,0,0,0,0,0,"N",0.59,0,0,0,0,0,0,0,"N",1,100.0,0,0,0,0,0,0,0,0,0,0,0,0,0,0
"19163","5","518210","78","0","2022","4","",16,22,22,22,757741,16808,155,2649,"",0.62,0.08,0.08,0.08,0.08,0.02,0.01,1.06,"",5,45.5,6,37.5,4,22.2,3,15.8,149166,24.5,-70032,-80.6,-713,-82.1,-1,0.0
"19165","5","518210","78","0","2022","4","N",4,0,0,0,0,0,0,0,"N",2.11,0,0,0,0,0,0,0,"N",1,33.3,0,0,0,0,0,0,0,0,0,0,0,0,0,0
"19167","5","518210","78","0","2022","4","N",3,0,0,0,0,0,0,0,"N",0.45,0,0,0,0,0,0,0,"N",2,200.0,0,0,0,0,0,0,0,0,0,0,0,0,0,0
"19169","5","518210","78","0","2022","4","",24,156,155,156,3180389,531153,2151,1572,"",1.87,1.02,1.02,1.04,0.63,1.54,0.62,0.62,"",6,33.3,-11,-6.6,-5,-3.1,-20,-11.4,464475,17.1,59916,12.7,755,54.1,326,26.2
"19171","5","518210","78","0","2022","4","N",2,0,0,0,0,0,0,0,"N",1.02,0,0,0,0,0,0,0,"N",0,0.0,0,0,0,0,0,0,0,0,0,0,0,0,0,0
"19175","5","518210","78","0","2022","4","N",1,0,0,0,0,0,0,0,"N",0.53,0,0,0,0,0,0,0,"N",0,0.0,0,0,0,0,0,0,0,0,0,0,0,0,0,0
"19177","5","518210","78","0","2022","4","N",2,0,0,0,0,0,0,0,"N",2.20,0,0,0,0,0,0,0,"N",2,100.0,0,0,0,0,0,0,0,0,0,0,0,0,0,0
"19181","5","518210","78","0","2022","4","N",8,0,0,0,0,0,0,0,"N",1.42,0,0,0,0,0,0,0,"N",3,60.0,0,0,0,0,0,0,0,0,0,0,0,0,0,0
"19183","5","518210","78","0","2022","4","N",1,0,0,0,0,0,0,0,"N",0.28,0,0,0,0,0,0,0,"N",0,0.0,0,0,0,0,0,0,0,0,0,0,0,0,0,0
"19187","5","518210","78","0","2022","4","N",1,0,0,0,0,0,0,0,"N",0.20,0,0,0,0,0,0,0,"N",0,0.0,0,0,0,0,0,0,0,0,0,0,0,0,0,0
"19191","5","518210","78","0","2022","4","-",0,0,0,0,0,0,0,0,"N",0.00,0,0,0,0,0,0,0,"N",-2,-100.0,0,0,0,0,0,0,0,0,0,0,0,0,0,0
"19193","5","518210","78","0","2022","4","N",3,0,0,0,0,0,0,0,"N",0.21,0,0,0,0,0,0,0,"N",1,50.0,0,0,0,0,0,0,0,0,0,0,0,0,0,0
"19195","5","518210","78","0","2022","4","N",1,0,0,0,0,0,0,0,"N",1.00,0,0,0,0,0,0,0,"N",0,0.0,0,0,0,0,0,0,0,0,0,0,0,0,0,0
"19197","5","518210","78","0","2022","4","N",1,0,0,0,0,0,0,0,"N",0.49,0,0,0,0,0,0,0,"N",0,0.0,0,0,0,0,0,0,0,0,0,0,0,0,0,0
"19999","5","518210","78","0","2022","4","-",0,0,0,0,0,0,0,0,"N",0.00,0,0,0,0,0,0,0,"N",0,0,0,0,0,0,0,0,0,0,0,0,0,0,0,0
"20000","5","518210","58","0","2022","4","",587,2624,2632,2611,75069515,2894808,69761,2202,"",1.46,0.59,0.59,0.58,0.53,0.25,0.67,0.90,"",170,40.8,251,10.6,238,9.9,259,11.0,-2834535,-3.6,-2422212,-45.6,-74296,-51.6,-323,-12.8
"20001","5","518210","78","0","2022","4","N",1,0,0,0,0,0,0,0,"N",0.62,0,0,0,0,0,0,0,"N",1,100.0,0,0,0,0,0,0,0,0,0,0,0,0,0,0
"20005","5","518210","78","0","2022","4","N",3,0,0,0,0,0,0,0,"N",1.68,0,0,0,0,0,0,0,"N",2,200.0,0,0,0,0,0,0,0,0,0,0,0,0,0,0
"20009","5","518210","78","0","2022","4","N",1,0,0,0,0,0,0,0,"N",0.26,0,0,0,0,0,0,0,"N",0,0.0,0,0,0,0,0,0,0,0,0,0,0,0,0,0
"20015","5","518210","78","0","2022","4","N",10,0,0,0,0,0,0,0,"N",1.47,0,0,0,0,0,0,0,"N",3,42.9,0,0,0,0,0,0,0,0,0,0,0,0,0,0
"20021","5","518210","78","0","2022","4","N",1,0,0,0,0,0,0,0,"N",0.59,0,0,0,0,0,0,0,"N",0,0.0,0,0,0,0,0,0,0,0,0,0,0,0,0,0
"20027","5","518210","78","0","2022","4","N",1,0,0,0,0,0,0,0,"N",0.83,0,0,0,0,0,0,0,"N",1,100.0,0,0,0,0,0,0,0,0,0,0,0,0,0,0
"20029","5","518210","78","0","2022","4","N",1,0,0,0,0,0,0,0,"N",0.80,0,0,0,0,0,0,0,"N",1,100.0,0,0,0,0,0,0,0,0,0,0,0,0,0,0
"20031","5","518210","78","0","2022","4","N",2,0,0,0,0,0,0,0,"N",1.73,0,0,0,0,0,0,0,"N",0,0.0,0,0,0,0,0,0,0,0,0,0,0,0,0,0
"20035","5","518210","78","0","2022","4","N",2,0,0,0,0,0,0,0,"N",0.62,0,0,0,0,0,0,0,"N",1,100.0,0,0,0,0,0,0,0,0,0,0,0,0,0,0
"20037","5","518210","78","0","2022","4","N",2,0,0,0,0,0,0,0,"N",0.46,0,0,0,0,0,0,0,"N",1,100.0,0,0,0,0,0,0,0,0,0,0,0,0,0,0
"20039","5","518210","78","0","2022","4","N",1,0,0,0,0,0,0,0,"N",1.72,0,0,0,0,0,0,0,"N",1,100.0,0,0,0,0,0,0,0,0,0,0,0,0,0,0
"20041","5","518210","78","0","2022","4","N",2,0,0,0,0,0,0,0,"N",0.87,0,0,0,0,0,0,0,"N",1,100.0,0,0,0,0,0,0,0,0,0,0,0,0,0,0
"20043","5","518210","78","0","2022","4","N",3,0,0,0,0,0,0,0,"N",3.35,0,0,0,0,0,0,0,"N",2,200.0,0,0,0,0,0,0,0,0,0,0,0,0,0,0
"20045","5","518210","78","0","2022","4","",29,116,112,113,3102798,194395,4373,2100,"",1.93,0.73,0.70,0.72,0.72,0.42,1.17,1.00,"",11,61.1,48,70.6,45,67.2,44,63.8,1414885,83.8,108609,126.6,2542,138.8,191,10.0
"20051","5","518210","78","0","2022","4","N",1,0,0,0,0,0,0,0,"N",0.21,0,0,0,0,0,0,0,"N",1,100.0,0,0,0,0,0,0,0,0,0,0,0,0,0,0
"20055","5","518210","78","0","2022","4","N",2,0,0,0,0,0,0,0,"N",0.43,0,0,0,0,0,0,0,"N",0,0.0,0,0,0,0,0,0,0,0,0,0,0,0,0,0
"20059","5","518210","78","0","2022","4","N",3,0,0,0,0,0,0,0,"N",1.06,0,0,0,0,0,0,0,"N",1,50.0,0,0,0,0,0,0,0,0,0,0,0,0,0,0
"20061","5","518210","78","0","2022","4","N",3,0,0,0,0,0,0,0,"N",0.97,0,0,0,0,0,0,0,"N",-1,-25.0,0,0,0,0,0,0,0,0,0,0,0,0,0,0
"20071","5","518210","78","0","2022","4","-",0,0,0,0,0,0,0,0,"N",0.00,0,0,0,0,0,0,0,"N",-1,-100.0,0,0,0,0,0,0,0,0,0,0,0,0,0,0
"20079","5","518210","78","0","2022","4","N",5,0,0,0,0,0,0,0,"N",1.46,0,0,0,0,0,0,0,"N",1,25.0,0,0,0,0,0,0,0,0,0,0,0,0,0,0
"20087","5","518210","78","0","2022","4","N",2,0,0,0,0,0,0,0,"N",1.16,0,0,0,0,0,0,0,"N",0,0.0,0,0,0,0,0,0,0,0,0,0,0,0,0,0
"20089","5","518210","78","0","2022","4","-",0,0,0,0,0,0,0,0,"N",0.00,0,0,0,0,0,0,0,"N",-1,-100.0,0,0,0,0,0,0,0,0,0,0,0,0,0,0
"20091","5","518210","78","0","2022","4","",334,1679,1689,1666,53881506,1575892,39244,2470,"",2.82,1.45,1.45,1.42,1.18,0.54,1.30,0.82,"",105,45.9,165,10.9,159,10.4,185,12.5,-5342526,-9.0,-2293285,-59.3,-67043,-63.1,-550,-18.2
"20095","5","518210","78","0","2022","4","N",1,0,0,0,0,0,0,0,"N",0.95,0,0,0,0,0,0,0,"N",0,0.0,0,0,0,0,0,0,0,0,0,0,0,0,0,0
"20103","5","518210","78","0","2022","4","",8,18,20,19,397851,46306,955,1611,"",1.19,0.26,0.30,0.29,0.20,0.26,0.61,0.70,"",0,0.0,-1,-5.3,1,5.3,0,0.0,6976,1.8,27459,145.7,524,121.6,29,1.8
"20107","5","518210","78","0","2022","4","N",1,0,0,0,0,0,0,0,"N",0.92,0,0,0,0,0,0,0,"N",1,100.0,0,0,0,0,0,0,0,0,0,0,0,0,0,0
"20111","5","518210","78","0","2022","4","N",2,0,0,0,0,0,0,0,"N",0.55,0,0,0,0,0,0,0,"N",2,100.0,0,0,0,0,0,0,0,0,0,0,0,0,0,0
"20113","5","518210","78","0","2022","4","N",2,0,0,0,0,0,0,0,"N",0.49,0,0,0,0,0,0,0,"N",0,0.0,0,0,0,0,0,0,0,0,0,0,0,0,0,0
"20121","5","518210","78","0","2022","4","N",3,0,0,0,0,0,0,0,"N",0.79,0,0,0,0,0,0,0,"N",1,50.0,0,0,0,0,0,0,0,0,0,0,0,0,0,0
"20123","5","518210","78","0","2022","4","-",0,0,0,0,0,0,0,0,"N",0.00,0,0,0,0,0,0,0,"N",-1,-100.0,0,0,0,0,0,0,0,0,0,0,0,0,0,0
"20125","5","518210","78","0","2022","4","N",1,0,0,0,0,0,0,0,"N",0.12,0,0,0,0,0,0,0,"N",0,0.0,0,0,0,0,0,0,0,0,0,0,0,0,0,0
"20133","5","518210","78","0","2022","4","N",1,0,0,0,0,0,0,0,"N",0.48,0,0,0,0,0,0,0,"N",0,0.0,0,0,0,0,0,0,0,0,0,0,0,0,0,0
"20139","5","518210","78","0","2022","4","N",2,0,0,0,0,0,0,0,"N",1.33,0,0,0,0,0,0,0,"N",2,100.0,0,0,0,0,0,0,0,0,0,0,0,0,0,0
"20151","5","518210","78","0","2022","4","N",1,0,0,0,0,0,0,0,"N",0.65,0,0,0,0,0,0,0,"N",-1,-50.0,0,0,0,0,0,0,0,0,0,0,0,0,0,0
"20155","5","518210","78","0","2022","4","N",10,0,0,0,0,0,0,0,"N",1.43,0,0,0,0,0,0,0,"N",2,25.0,0,0,0,0,0,0,0,0,0,0,0,0,0,0
"20159","5","518210","78","0","2022","4","N",1,0,0,0,0,0,0,0,"N",0.68,0,0,0,0,0,0,0,"N",0,0.0,0,0,0,0,0,0,0,0,0,0,0,0,0,0
"20161","5","518210","78","0","2022","4","N",10,0,0,0,0,0,0,0,"N",1.18,0,0,0,0,0,0,0,"N",2,25.0,0,0,0,0,0,0,0,0,0,0,0,0,0,0
"20163","5","518210","78","0","2022","4","N",1,0,0,0,0,0,0,0,"N",1.13,0,0,0,0,0,0,0,"N",1,100.0,0,0,0,0,0,0,0,0,0,0,0,0,0,0
"20167","5","518210","78","0","2022","4","N",1,0,0,0,0,0,0,0,"N",0.80,0,0,0,0,0,0,0,"N",0,0.0,0,0,0,0,0,0,0,0,0,0,0,0,0,0
"20169","5","518210","78","0","2022","4","N",5,0,0,0,0,0,0,0,"N",0.76,0,0,0,0,0,0,0,"N",0,0.0,0,0,0,0,0,0,0,0,0,0,0,0,0,0
"20171","5","518210","78","0","2022","4","N",1,0,0,0,0,0,0,0,"N",0.93,0,0,0,0,0,0,0,"N",0,0.0,0,0,0,0,0,0,0,0,0,0,0,0,0,0
"20173","5","518210","78","0","2022","4","",76,184,185,179,4120722,276224,5945,1735,"",1.29,0.22,0.22,0.22,0.15,0.14,0.29,0.69,"",24,46.2,46,33.3,39,26.7,32,21.8,1500618,57.3,-112367,-28.9,-3880,-39.5,332,23.7
"20175","5","518210","78","0","2022","4","N",1,0,0,0,0,0,0,0,"N",0.42,0,0,0,0,0,0,0,"N",0,0.0,0,0,0,0,0,0,0,0,0,0,0,0,0,0
"20177","5","518210","78","0","2022","4","N",25,0,0,0,0,0,0,0,"N",1.10,0,0,0,0,0,0,0,"N",12,92.3,0,0,0,0,0,0,0,0,0,0,0,0,0,0
"20185","5","518210","78","0","2022","4","-",0,0,0,0,0,0,0,0,"N",0.00,0,0,0,0,0,0,0,"N",-1,-100.0,0,0,0,0,0,0,0,0,0,0,0,0,0,0
"20187","5","518210","78","0","2022","4","N",1,0,0,0,0,0,0,0,"N",2.63,0,0,0,0,0,0,0,"N",1,100.0,0,0,0,0,0,0,0,0,0,0,0,0,0,0
"20191","5","518210","78","0","2022","4","N",2,0,0,0,0,0,0,0,"N",0.77,0,0,0,0,0,0,0,"N",2,100.0,0,0,0,0,0,0,0,0,0,0,0,0,0,0
"20195","5","518210","78","0","2022","4","-",0,0,0,0,0,0,0,0,"N",0.00,0,0,0,0,0,0,0,"N",-2,-100.0,0,0,0,0,0,0,0,0,0,0,0,0,0,0
"20201","5","518210","78","0","2022","4","N",1,0,0,0,0,0,0,0,"N",0.82,0,0,0,0,0,0,0,"N",1,100.0,0,0,0,0,0,0,0,0,0,0,0,0,0,0
"20205","5","518210","78","0","2022","4","N",1,0,0,0,0,0,0,0,"N",0.99,0,0,0,0,0,0,0,"N",0,0.0,0,0,0,0,0,0,0,0,0,0,0,0,0,0
"20209","5","518210","78","0","2022","4","",18,103,103,104,2461407,133851,4066,1832,"",1.14,0.35,0.35,0.35,0.25,0.11,0.48,0.70,"",8,80.0,-23,-18.3,-20,-16.3,-17,-14.0,-934164,-27.5,42035,45.8,1761,76.4,-286,-13.5
"20999","5","518210","78","0","2022","4","N",2,0,0,0,0,0,0,0,"N",0.95,0,0,0,0,0,0,0,"N",-14,-87.5,0,0,0,0,0,0,0,0,0,0,0,0,0,0
"21000","3","518210","58","0","2022","4","N",1,0,0,0,0,0,0,0,"N",0.81,0,0,0,0,0,0,0,"N",0,0.0,0,0,0,0,0,0,0,0,0,0,0,0,0,0
"21000","5","518210","58","0","2022","4","",486,4453,4543,4611,99239713,4688669,99980,1683,"",0.79,0.72,0.73,0.74,0.51,0.67,0.88,0.70,"",90,22.7,-94,-2.1,22,0.5,104,2.3,8731465,9.6,-49082,-1.0,-4844,-4.6,144,9.4
"21005","5","518210","78","0","2022","4","N",1,0,0,0,0,0,0,0,"N",0.48,0,0,0,0,0,0,0,"N",0,0.0,0,0,0,0,0,0,0,0,0,0,0,0,0,0
"21007","5","518210","78","0","2022","4","N",2,0,0,0,0,0,0,0,"N",2.15,0,0,0,0,0,0,0,"N",1,100.0,0,0,0,0,0,0,0,0,0,0,0,0,0,0
"21009","5","518210","78","0","2022","4","N",1,0,0,0,0,0,0,0,"N",0.20,0,0,0,0,0,0,0,"N",1,100.0,0,0,0,0,0,0,0,0,0,0,0,0,0,0
"21015","5","518210","78","0","2022","4","",30,170,174,172,3401058,264404,4557,1521,"",1.24,0.51,0.52,0.51,0.33,0.54,0.58,0.64,"",8,36.4,12,7.6,19,12.3,8,4.9,779443,29.7,70538,36.4,621,15.8,253,20.0
"21017","5","518210","78","0","2022","4","N",1,0,0,0,0,0,0,0,"N",0.39,0,0,0,0,0,0,0,"N",1,100.0,0,0,0,0,0,0,0,0,0,0,0,0,0,0
"21019","5","518210","78","0","2022","4","",6,36,37,37,1130093,1206,33,2371,"",0.84,0.45,0.46,0.46,0.44,0.02,0.02,0.97,"N",-1,-14.3,0,0,0,0,0,0,0,0,0,0,0,0,0,0
"21021","5","518210","78","0","2022","4","N",1,0,0,0,0,0,0,0,"N",0.24,0,0,0,0,0,0,0,"N",0,0.0,0,0,0,0,0,0,0,0,0,0,0,0,0,0
"21023","5","518210","78","0","2022","4","N",1,0,0,0,0,0,0,0,"N",1.21,0,0,0,0,0,0,0,"N",0,0.0,0,0,0,0,0,0,0,0,0,0,0,0,0,0
"21029","5","518210","78","0","2022","4","N",6,0,0,0,0,0,0,0,"N",0.89,0,0,0,0,0,0,0,"N",3,100.0,0,0,0,0,0,0,0,0,0,0,0,0,0,0
"21035","5","518210","78","0","2022","4","N",4,0,0,0,0,0,0,0,"N",0.77,0,0,0,0,0,0,0,"N",1,33.3,0,0,0,0,0,0,0,0,0,0,0,0,0,0
"21037","5","518210","78","0","2022","4","",20,29,30,29,879374,27940,866,2306,"",1.59,0.29,0.30,0.29,0.30,0.23,0.46,1.00,"",5,33.3,13,81.2,14,87.5,14,93.3,369365,72.4,1300,4.9,-219,-20.2,-198,-7.9
"21045","5","518210","78","0","2022","4","N",1,0,0,0,0,0,0,0,"N",0.68,0,0,0,0,0,0,0,"N",0,0.0,0,0,0,0,0,0,0,0,0,0,0,0,0,0
"21047","5","518210","78","0","2022","4","",9,14,13,14,294648,3669,74,1658,"",1.06,0.14,0.13,0.14,0.11,0.03,0.04,0.80,"",2,28.6,5,55.6,4,44.4,5,55.6,39480,15.5,-6632,-64.4,-159,-68.2,-523,-24.0
"21049","5","518210","78","0","2022","4","N",1,0,0,0,0,0,0,0,"N",0.24,0,0,0,0,0,0,0,"N",-1,-50.0,0,0,0,0,0,0,0,0,0,0,0,0,0,0
"21059","5","518210","78","0","2022","4","N",2,0,0,0,0,0,0,0,"N",0.14,0,0,0,0,0,0,0,"N",0,0.0,0,0,0,0,0,0,0,0,0,0,0,0,0,0
"21067","5","518210","78","0","2022","4","",70,674,667,673,17853529,720716,13310,2046,"",1.19,1.06,1.05,1.06,0.83,1.07,1.16,0.79,"",9,14.8,62,10.1,67,11.2,77,12.9,2836297,18.9,83514,13.1,386,3.0,129,6.7
"21071","5","518210","78","0","2022","4","N",2,0,0,0,0,0,0,0,"N",0.45,0,0,0,0,0,0,0,"N",1,100.0,0,0,0,0,0,0,0,0,0,0,0,0,0,0
"21073","3","518210","78","0","2022","4","N",1,0,0,0,0,0,0,0,"N",45.84,0,0,0,0,0,0,0,"N",0,0.0,0,0,0,0,0,0,0,0,0,0,0,0,0,0
"21073","5","518210","78","0","2022","4","",18,74,71,70,2435120,62251,3021,2614,"",1.65,0.70,0.67,0.66,0.76,0.63,1.66,1.12,"",4,28.6,-26,-26.0,-34,-32.4,-35,-33.3,-12126,-0.5,-48899,-44.0,289,10.6,792,43.5
"21079","5","518210","78","0","2022","4","N",1,0,0,0,0,0,0,0,"N",0.63,0,0,0,0,0,0,0,"N",0,0.0,0,0,0,0,0,0,0,0,0,0,0,0,0,0
"21081","5","518210","78","0","2022","4","N",1,0,0,0,0,0,0,0,"N",0.42,0,0,0,0,0,0,0,"N",0,0.0,0,0,0,0,0,0,0,0,0,0,0,0,0,0
"21089","5","518210","78","0","2022","4","N",2,0,0,0,0,0,0,0,"N",0.66,0,0,0,0,0,0,0,"N",0,0.0,0,0,0,0,0,0,0,0,0,0,0,0,0,0
"21093","5","518210","78","0","2022","4","",15,140,137,136,3376253,80311,1680,1887,"",1.04,0.97,0.94,0.93,0.83,0.53,0.71,0.88,"",2,15.4,53,60.9,52,61.2,51,60.0,1368558,68.2,52963,193.7,1151,217.6,84,4.7
"21095","5","518210","78","0","2022","4","N",1,0,0,0,0,0,0,0,"N",0.47,0,0,0,0,0,0,0,"N",1,100.0,0,0,0,0,0,0,0,0,0,0,0,0,0,0
"21099","5","518210","78","0","2022","4","N",1,0,0,0,0,0,0,0,"N",0.61,0,0,0,0,0,0,0,"N",1,100.0,0,0,0,0,0,0,0,0,0,0,0,0,0,0
"21101","5","518210","78","0","2022","4","N",3,0,0,0,0,0,0,0,"N",0.53,0,0,0,0,0,0,0,"N",0,0.0,0,0,0,0,0,0,0,0,0,0,0,0,0,0
"21103","5","518210","78","0","2022","4","N",2,0,0,0,0,0,0,0,"N",1.32,0,0,0,0,0,0,0,"N",1,100.0,0,0,0,0,0,0,0,0,0,0,0,0,0,0
"21107","5","518210","78","0","2022","4","N",2,0,0,0,0,0,0,0,"N",0.42,0,0,0,0,0,0,0,"N",2,100.0,0,0,0,0,0,0,0,0,0,0,0,0,0,0
"21109","5","518210","78","0","2022","4","N",3,0,0,0,0,0,0,0,"N",3.93,0,0,0,0,0,0,0,"N",2,200.0,0,0,0,0,0,0,0,0,0,0,0,0,0,0
"21111","5","518210","78","0","2022","4","",150,1617,1626,1629,41346045,1017324,22245,1958,"",1.13,1.07,1.06,1.06,0.75,0.58,0.79,0.70,"",24,19.0,128,8.6,139,9.3,130,8.7,3348503,8.8,-667008,-39.6,-15141,-40.5,-1,-0.1
"21113","5","518210","78","0","2022","4","",7,13,14,14,197770,17140,455,1113,"",0.95,0.22,0.23,0.24,0.12,0.26,0.45,0.53,"N",2,40.0,0,0,0,0,0,0,0,0,0,0,0,0,0,0
"21117","5","518210","78","0","2022","4","",22,27,25,27,699688,16621,449,2044,"",0.96,0.12,0.11,0.12,0.08,0.07,0.13,0.69,"N",7,46.7,0,0,0,0,0,0,0,0,0,0,0,0,0,0
"21125","5","518210","78","0","2022","4","",6,283,309,382,4233423,623260,12714,1003,"",0.83,3.34,3.60,4.44,1.98,6.17,7.41,0.52,"",0,0.0,44,18.4,67,27.7,138,56.6,1395988,49.2,277764,80.4,5129,67.6,100,11.1
"21133","5","518210","78","0","2022","4","N",1,0,0,0,0,0,0,0,"N",0.49,0,0,0,0,0,0,0,"N",0,0.0,0,0,0,0,0,0,0,0,0,0,0,0,0,0
"21145","5","518210","78","0","2022","4","N",7,0,0,0,0,0,0,0,"N",0.61,0,0,0,0,0,0,0,"N",1,16.7,0,0,0,0,0,0,0,0,0,0,0,0,0,0
"21151","5","518210","78","0","2022","4","N",12,0,0,0,0,0,0,0,"N",1.05,0,0,0,0,0,0,0,"N",4,50.0,0,0,0,0,0,0,0,0,0,0,0,0,0,0
"21157","5","518210","78","0","2022","4","N",1,0,0,0,0,0,0,0,"N",0.25,0,0,0,0,0,0,0,"N",0,0.0,0,0,0,0,0,0,0,0,0,0,0,0,0,0
"21167","5","518210","78","0","2022","4","N",2,0,0,0,0,0,0,0,"N",0.86,0,0,0,0,0,0,0,"N",0,0.0,0,0,0,0,0,0,0,0,0,0,0,0,0,0
"21173","5","518210","78","0","2022","4","N",1,0,0,0,0,0,0,0,"N",0.29,0,0,0,0,0,0,0,"N",0,0.0,0,0,0,0,0,0,0,0,0,0,0,0,0,0
"21179","5","518210","78","0","2022","4","N",2,0,0,0,0,0,0,0,"N",0.34,0,0,0,0,0,0,0,"N",0,0.0,0,0,0,0,0,0,0,0,0,0,0,0,0,0
"21185","5","518210","78","0","2022","4","",9,12,12,14,684866,12473,337,4159,"",0.96,0.23,0.23,0.27,0.40,0.23,0.37,1.66,"",2,28.6,3,33.3,2,20.0,4,40.0,118786,21.0,1673,15.5,45,15.4,-346,-7.7
"21189","5","518210","78","0","2022","4","-",0,0,0,0,0,0,0,0,"N",0.00,0,0,0,0,0,0,0,"N",0,0,0,0,0,0,0,0,0,0,0,0,0,0,0,0
"21191","5","518210","78","0","2022","4","N",1,0,0,0,0,0,0,0,"N",0.94,0,0,0,0,0,0,0,"N",0,0.0,0,0,0,0,0,0,0,0,0,0,0,0,0,0
"21193","5","518210","78","0","2022","4","-",0,0,0,0,0,0,0,0,"N",0.00,0,0,0,0,0,0,0,"N",-1,-100.0,0,0,0,0,0,0,0,0,0,0,0,0,0,0
"21195","5","518210","78","0","2022","4","",3,6,6,6,85665,2506,68,1098,"",0.46,0.09,0.09,0.09,0.05,0.05,0.08,0.52,"N",2,200.0,0,0,0,0,0,0,0,0,0,0,0,0,0,0
"21197","5","518210","78","0","2022","4","N",2,0,0,0,0,0,0,0,"N",1.71,0,0,0,0,0,0,0,"N",0,0.0,0,0,0,0,0,0,0,0,0,0,0,0,0,0
"21199","5","518210","78","0","2022","4","N",2,0,0,0,0,0,0,0,"N",0.23,0,0,0,0,0,0,0,"N",0,0.0,0,0,0,0,0,0,0,0,0,0,0,0,0,0
"21203","5","518210","78","0","2022","4","N",1,0,0,0,0,0,0,0,"N",0.89,0,0,0,0,0,0,0,"N",0,0.0,0,0,0,0,0,0,0,0,0,0,0,0,0,0
"21205","5","518210","78","0","2022","4","N",1,0,0,0,0,0,0,0,"N",0.33,0,0,0,0,0,0,0,"N",0,0.0,0,0,0,0,0,0,0,0,0,0,0,0,0,0
"21209","5","518210","78","0","2022","4","",9,16,15,17,522603,12436,325,2513,"",1.32,0.17,0.16,0.18,0.17,0.13,0.23,1.00,"",1,12.5,5,45.5,4,36.4,5,41.7,-51721,-9.0,-4667,-27.3,-137,-29.7,-1385,-35.5
"21211","5","518210","78","0","2022","4","",5,22,22,20,225623,75299,1882,814,"",0.82,0.43,0.42,0.38,0.16,1.21,2.05,0.38,"N",4,400.0,0,0,0,0,0,0,0,0,0,0,0,0,0,0
"21213","5","518210","78","0","2022","4","N",2,0,0,0,0,0,0,0,"N",0.75,0,0,0,0,0,0,0,"N",0,0.0,0,0,0,0,0,0,0,0,0,0,0,0,0,0
"21227","5","518210","78","0","2022","4","N",12,0,0,0,0,0,0,0,"N",0.60,0,0,0,0,0,0,0,"N",3,33.3,0,0,0,0,0,0,0,0,0,0,0,0,0,0
"21231","5","518210","78","0","2022","4","N",2,0,0,0,0,0,0,0,"N",1.12,0,0,0,0,0,0,0,"N",1,100.0,0,0,0,0,0,0,0,0,0,0,0,0,0,0
"21235","5","518210","78","0","2022","4","N",2,0,0,0,0,0,0,0,"N",0.49,0,0,0,0,0,0,0,"N",-1,-33.3,0,0,0,0,0,0,0,0,0,0,0,0,0,0
"21239","5","518210","78","0","2022","4","N",3,0,0,0,0,0,0,0,"N",0.73,0,0,0,0,0,0,0,"N",0,0.0,0,0,0,0,0,0,0,0,0,0,0,0,0,0
"21999","5","518210","78","0","2022","4","",14,117,110,110,3563984,91419,1327,2441,"",0.62,1.10,1.03,1.04,0.76,0.56,0.41,0.73,"",-1,-6.7,-613,-84.0,-594,-84.4,-549,-83.3,-5594046,-61.1,-409110,-81.7,-7728,-85.3,1431,141.7
"22000","5","518210","58","0","2022","4","",581,3476,3471,3488,69280092,10294751,175501,1532,"",0.91,0.58,0.58,0.58,0.36,2.12,2.58,0.62,"",91,18.6,453,15.0,397,12.9,435,14.2,-7982892,-10.3,5202559,102.2,105927,152.3,-417,-21.4
"22001","5","518210","78","0","2022","4","N",2,0,0,0,0,0,0,0,"N",0.33,0,0,0,0,0,0,0,"N",2,100.0,0,0,0,0,0,0,0,0,0,0,0,0,0,0
"22005","5","518210","78","0","2022","4","",13,13,13,13,335575,0,0,1986,"",0.84,0.08,0.08,0.09,0.06,0.00,0.00,0.71,"",4,44.4,-3,-18.8,-3,-18.8,-2,-13.3,-53352,-13.7,0,0.0,0,0.0,76,4.0
"22011","5","518210","78","0","2022","4","N",1,0,0,0,0,0,0,0,"N",0.29,0,0,0,0,0,0,0,"N",-1,-50.0,0,0,0,0,0,0,0,0,0,0,0,0,0,0
"22013","5","518210","78","0","2022","4","N",1,0,0,0,0,0,0,0,"N",0.75,0,0,0,0,0,0,0,"N",0,0.0,0,0,0,0,0,0,0,0,0,0,0,0,0,0
"22015","5","518210","78","0","2022","4","",19,45,47,47,786942,18066,301,1306,"",1.29,0.32,0.33,0.33,0.20,0.16,0.21,0.62,"",4,26.7,2,4.7,7,17.5,6,14.6,66621,9.2,-64034,-78.0,-930,-75.5,-35,-2.6
"22017","5","518210","78","0","2022","4","",26,300,298,296,3973263,154913,2487,1026,"",0.78,0.88,0.87,0.86,0.37,0.62,0.76,0.43,"",5,23.8,90,42.9,89,42.6,97,48.7,1128470,39.7,-481574,-75.7,-4816,-65.9,-36,-3.4
"22019","5","518210","78","0","2022","4","",12,22,18,21,254807,8249,7,964,"",0.48,0.08,0.06,0.08,0.03,0.04,0.00,0.36,"",0,0.0,6,37.5,2,12.5,5,31.2,57941,29.4,-5157,-38.5,-89,-92.7,18,1.9
"22023","5","518210","78","0","2022","4","N",1,0,0,0,0,0,0,0,"N",1.43,0,0,0,0,0,0,0,"N",0,0.0,0,0,0,0,0,0,0,0,0,0,0,0,0,0
"22025","5","518210","78","0","2022","4","N",1,0,0,0,0,0,0,0,"N",0.89,0,0,0,0,0,0,0,"N",0,0.0,0,0,0,0,0,0,0,0,0,0,0,0,0,0
"22033","5","518210","78","0","2022","4","",104,1141,1132,1123,25125962,6535712,106895,1707,"",1.30,1.36,1.34,1.33,0.87,9.02,9.38,0.65,"",19,22.4,82,7.7,59,5.5,62,5.8,2341795,10.3,5842272,842.5,95659,851.4,60,3.6
"22037","5","518210","78","0","2022","4","N",2,0,0,0,0,0,0,0,"N",1.22,0,0,0,0,0,0,0,"N",0,0.0,0,0,0,0,0,0,0,0,0,0,0,0,0,0
"22039","5","518210","78","0","2022","4","N",1,0,0,0,0,0,0,0,"N",0.37,0,0,0,0,0,0,0,"N",0,0.0,0,0,0,0,0,0,0,0,0,0,0,0,0,0
"22045","5","518210","78","0","2022","4","N",3,0,0,0,0,0,0,0,"N",0.37,0,0,0,0,0,0,0,"N",0,0.0,0,0,0,0,0,0,0,0,0,0,0,0,0,0
"22051","5","518210","78","0","2022","4","",59,521,530,557,7032700,1009819,21546,1009,"",0.89,0.89,0.90,0.95,0.35,2.04,3.46,0.39,"",3,5.4,45,9.5,39,7.9,86,18.3,1272768,22.1,-338631,-25.1,-304,-1.4,85,9.2
"22055","5","518210","78","0","2022","4","",45,182,179,180,2647961,46410,583,1130,"",0.92,0.42,0.42,0.42,0.20,0.13,0.13,0.47,"N",7,18.4,0,0,0,0,0,0,0,0,0,0,0,0,0,0
"22057","5","518210","78","0","2022","4","",5,26,25,23,367018,47430,1073,1145,"",0.55,0.24,0.23,0.21,0.10,0.61,1.16,0.42,"N",2,66.7,0,0,0,0,0,0,0,0,0,0,0,0,0,0
"22059","5","518210","78","0","2022","4","N",1,0,0,0,0,0,0,0,"N",0.52,0,0,0,0,0,0,0,"N",0,0.0,0,0,0,0,0,0,0,0,0,0,0,0,0,0
"22061","5","518210","78","0","2022","4","N",3,0,0,0,0,0,0,0,"N",0.48,0,0,0,0,0,0,0,"N",1,50.0,0,0,0,0,0,0,0,0,0,0,0,0,0,0
"22063","5","518210","78","0","2022","4","",13,20,16,15,372952,35199,669,1688,"",1.06,0.20,0.16,0.15,0.15,0.39,0.56,0.88,"",8,160.0,14,233.3,11,220.0,10,200.0,243623,188.4,27296,345.4,520,349.0,-177,-9.5
"22067","5","518210","78","0","2022","4","N",1,0,0,0,0,0,0,0,"N",0.41,0,0,0,0,0,0,0,"N",0,0.0,0,0,0,0,0,0,0,0,0,0,0,0,0,0
"22071","5","518210","78","0","2022","4","",128,525,527,526,15074824,363552,6870,2205,"",1.81,0.88,0.88,0.88,0.70,0.76,1.14,0.80,"",18,16.4,74,16.4,47,9.8,40,8.2,-14336630,-48.7,-162816,-30.9,-1495,-17.9,-2585,-54.0
"22073","5","518210","78","0","2022","4","",16,323,323,323,7082817,1820002,29830,1687,"",0.73,1.47,1.46,1.46,1.21,10.03,11.51,0.83,"",3,23.1,68,26.7,63,24.2,64,24.7,1342442,23.4,1691773,1319.3,27974,1507.2,-25,-1.5
"22075","5","518210","78","0","2022","4","N",2,0,0,0,0,0,0,0,"N",0.56,0,0,0,0,0,0,0,"N",1,100.0,0,0,0,0,0,0,0,0,0,0,0,0,0,0
"22079","5","518210","78","0","2022","4","N",5,0,0,0,0,0,0,0,"N",0.29,0,0,0,0,0,0,0,"N",1,25.0,0,0,0,0,0,0,0,0,0,0,0,0,0,0
"22083","5","518210","78","0","2022","4","N",1,0,0,0,0,0,0,0,"N",0.42,0,0,0,0,0,0,0,"N",0,0.0,0,0,0,0,0,0,0,0,0,0,0,0,0,0
"22087","5","518210","78","0","2022","4","N",1,0,0,0,0,0,0,0,"N",0.24,0,0,0,0,0,0,0,"N",-2,-66.7,0,0,0,0,0,0,0,0,0,0,0,0,0,0
"22089","5","518210","78","0","2022","4","N",2,0,0,0,0,0,0,0,"N",0.33,0,0,0,0,0,0,0,"N",0,0.0,0,0,0,0,0,0,0,0,0,0,0,0,0,0
"22093","5","518210","78","0","2022","4","N",1,0,0,0,0,0,0,0,"N",0.53,0,0,0,0,0,0,0,"N",1,100.0,0,0,0,0,0,0,0,0,0,0,0,0,0,0
"22095","5","518210","78","0","2022","4","N",3,0,0,0,0,0,0,0,"N",0.71,0,0,0,0,0,0,0,"N",1,50.0,0,0,0,0,0,0,0,0,0,0,0,0,0,0
"22097","5","518210","78","0","2022","4","N",4,0,0,0,0,0,0,0,"N",0.46,0,0,0,0,0,0,0,"N",0,0.0,0,0,0,0,0,0,0,0,0,0,0,0,0,0
"22099","5","518210","78","0","2022","4","N",2,0,0,0,0,0,0,0,"N",0.44,0,0,0,0,0,0,0,"N",0,0.0,0,0,0,0,0,0,0,0,0,0,0,0,0,0
"22101","5","518210","78","0","2022","4","N",2,0,0,0,0,0,0,0,"N",0.33,0,0,0,0,0,0,0,"N",1,100.0,0,0,0,0,0,0,0,0,0,0,0,0,0,0
"22103","5","518210","78","0","2022","4","",67,144,146,148,3167988,94301,1100,1669,"",1.53,0.48,0.48,0.49,0.33,0.38,0.38,0.69,"",9,15.5,56,63.6,57,64.0,55,59.1,1299667,69.6,-34316,-26.7,-802,-42.2,72,4.5
"22105","5","518210","78","0","2022","4","N",6,0,0,0,0,0,0,0,"N",0.40,0,0,0,0,0,0,0,"N",1,20.0,0,0,0,0,0,0,0,0,0,0,0,0,0,0
"22109","5","518210","78","0","2022","4","",6,13,13,13,144550,1779,15,855,"",0.43,0.09,0.09,0.09,0.03,0.02,0.01,0.34,"",0,0.0,5,62.5,5,62.5,3,30.0,45230,45.5,-38220,-95.6,-401,-96.4,-27,-3.1
"22111","5","518210","78","0","2022","4","N",2,0,0,0,0,0,0,0,"N",1.06,0,0,0,0,0,0,0,"N",0,0.0,0,0,0,0,0,0,0,0,0,0,0,0,0,0
"22115","5","518210","78","0","2022","4","N",5,0,0,0,0,0,0,0,"N",1.13,0,0,0,0,0,0,0,"N",3,150.0,0,0,0,0,0,0,0,0,0,0,0,0,0,0
"22119","5","518210","78","0","2022","4","N",2,0,0,0,0,0,0,0,"N",0.48,0,0,0,0,0,0,0,"N",0,0.0,0,0,0,0,0,0,0,0,0,0,0,0,0,0
"22121","5","518210","78","0","2022","4","N",1,0,0,0,0,0,0,0,"N",0.29,0,0,0,0,0,0,0,"N",1,100.0,0,0,0,0,0,0,0,0,0,0,0,0,0,0
"22125","5","518210","78","0","2022","4","N",1,0,0,0,0,0,0,0,"N",0.80,0,0,0,0,0,0,0,"N",0,0.0,0,0,0,0,0,0,0,0,0,0,0,0,0,0
"22999","5","518210","78","0","2022","4","",11,91,89,95,1163630,101020,3201,976,"",1.14,0.89,0.87,0.96,0.26,0.76,1.37,0.28,"",-1,-8.3,22,31.9,25,39.1,23,31.9,-28209,-2.4,37380,58.7,2052,178.6,-366,-27.3
"23000","5","518210","58","0","2022","4","",212,819,835,834,23618413,607603,14518,2191,"",0.79,0.41,0.42,0.42,0.36,0.31,0.33,0.87,"",63,42.3,64,8.5,68,8.9,66,8.6,4450542,23.2,5030,0.8,-815,-5.3,259,13.4
"23001","5","518210","78","0","2022","4","N",9,0,0,0,0,0,0,0,"N",0.63,0,0,0,0,0,0,0,"N",3,50.0,0,0,0,0,0,0,0,0,0,0,0,0,0,0
"23003","5","518210","78","0","2022","4","",5,3,3,3,36752,2113,47,942,"",0.51,0.04,0.04,0.04,0.02,0.03,0.03,0.46,"N",1,25.0,0,0,0,0,0,0,0,0,0,0,0,0,0,0
"23005","5","518210","78","0","2022","4","",80,398,414,420,11379021,425772,10816,2131,"",1.16,0.67,0.70,0.71,0.51,0.73,0.88,0.73,"",30,60.0,33,9.0,48,13.1,54,14.8,2046679,21.9,182193,74.8,5022,86.7,168,8.6
"23007","5","518210","78","0","2022","4","N",1,0,0,0,0,0,0,0,"N",0.23,0,0,0,0,0,0,0,"N",0,0.0,0,0,0,0,0,0,0,0,0,0,0,0,0,0
"23009","5","518210","78","0","2022","4","N",6,0,0,0,0,0,0,0,"N",0.50,0,0,0,0,0,0,0,"N",1,20.0,0,0,0,0,0,0,0,0,0,0,0,0,0,0
"23011","5","518210","78","0","2022","4","N",7,0,0,0,0,0,0,0,"N",0.40,0,0,0,0,0,0,0,"N",0,0.0,0,0,0,0,0,0,0,0,0,0,0,0,0,0
"23013","5","518210","78","0","2022","4","N",1,0,0,0,0,0,0,0,"N",0.11,0,0,0,0,0,0,0,"N",0,0.0,0,0,0,0,0,0,0,0,0,0,0,0,0,0
"23015","5","518210","78","0","2022","4","N",4,0,0,0,0,0,0,0,"N",0.56,0,0,0,0,0,0,0,"N",2,100.0,0,0,0,0,0,0,0,0,0,0,0,0,0,0
"23017","5","518210","78","0","2022","4","N",4,0,0,0,0,0,0,0,"N",0.56,0,0,0,0,0,0,0,"N",1,33.3,0,0,0,0,0,0,0,0,0,0,0,0,0,0
"23019","5","518210","78","0","2022","4","",9,7,7,6,120869,9004,202,1395,"",0.43,0.03,0.03,0.03,0.02,0.04,0.05,0.61,"N",3,50.0,0,0,0,0,0,0,0,0,0,0,0,0,0,0
"23021","5","518210","78","0","2022","4","N",1,0,0,0,0,0,0,0,"N",0.40,0,0,0,0,0,0,0,"N",0,0.0,0,0,0,0,0,0,0,0,0,0,0,0,0,0
"23023","5","518210","78","0","2022","4","N",4,0,0,0,0,0,0,0,"N",0.76,0,0,0,0,0,0,0,"N",1,33.3,0,0,0,0,0,0,0,0,0,0,0,0,0,0
"23025","5","518210","78","0","2022","4","N",2,0,0,0,0,0,0,0,"N",0.32,0,0,0,0,0,0,0,"N",2,100.0,0,0,0,0,0,0,0,0,0,0,0,0,0,0
"23027","5","518210","78","0","2022","4","N",1,0,0,0,0,0,0,0,"N",0.18,0,0,0,0,0,0,0,"N",0,0.0,0,0,0,0,0,0,0,0,0,0,0,0,0,0
"23029","5","518210","78","0","2022","4","",3,3,3,3,36925,0,0,947,"",0.63,0.09,0.09,0.09,0.04,0.00,0.00,0.48,"N",2,200.0,0,0,0,0,0,0,0,0,0,0,0,0,0,0
"23031","5","518210","78","0","2022","4","N",32,0,0,0,0,0,0,0,"N",0.95,0,0,0,0,0,0,0,"N",5,18.5,0,0,0,0,0,0,0,0,0,0,0,0,0,0
"23999","5","518210","78","0","2022","4","",43,145,145,146,5775939,46157,836,3057,"",1.15,1.73,1.72,1.76,1.41,0.26,0.17,0.81,"",12,38.7,51,54.3,45,45.0,46,46.0,2195881,61.3,-98753,-68.1,-2662,-76.1,247,8.8
"24000","2","518210","58","0","2022","4","N",1,0,0,0,0,0,0,0,"N",3.19,0,0,0,0,0,0,0,"N",0,0.0,0,0,0,0,0,0,0,0,0,0,0,0,0,0
"24000","3","518210","58","0","2022","4","N",1,0,0,0,0,0,0,0,"N",0.61,0,0,0,0,0,0,0,"N",0,0.0,0,0,0,0,0,0,0,0,0,0,0,0,0,0
"24000","5","518210","58","0","2022","4","",1155,5072,5068,5099,212605853,4770540,110630,3220,"",1.41,0.60,0.60,0.60,0.61,0.75,0.75,1.01,"",491,73.9,929,22.4,876,20.9,868,20.5,6454490,3.1,-458254,-8.8,-49461,-30.9,-566,-14.9
"24001","5","518210","78","0","2022","4","N",3,0,0,0,0,0,0,0,"N",0.46,0,0,0,0,0,0,0,"N",1,50.0,0,0,0,0,0,0,0,0,0,0,0,0,0,0
"24003","5","518210","78","0","2022","4","",68,324,321,329,11389002,328116,7457,2698,"",0.98,0.39,0.39,0.40,0.34,0.48,0.47,0.87,"",25,58.1,83,34.4,77,31.6,72,28.0,2266259,24.8,-141236,-30.1,-5058,-40.4,-139,-4.9
"24005","5","518210","78","0","2022","4","",82,237,234,230,7142184,310154,7153,2351,"",0.86,0.20,0.20,0.20,0.16,0.34,0.34,0.80,"",33,67.3,-66,-21.8,-76,-24.5,-80,-25.8,-40871,-0.6,28068,10.0,-1733,-19.5,555,30.9
"24009","5","518210","78","0","2022","4","N",7,0,0,0,0,0,0,0,"N",0.86,0,0,0,0,0,0,0,"N",4,133.3,0,0,0,0,0,0,0,0,0,0,0,0,0,0
"24011","5","518210","78","0","2022","4","N",1,0,0,0,0,0,0,0,"N",0.34,0,0,0,0,0,0,0,"N",0,0.0,0,0,0,0,0,0,0,0,0,0,0,0,0,0
"24013","5","518210","78","0","2022","4","",10,24,25,24,681832,8788,199,2155,"",0.50,0.13,0.14,0.13,0.12,0.06,0.07,0.91,"",1,11.1,6,33.3,7,38.9,6,33.3,47188,7.4,-17887,-67.1,-788,-79.8,-557,-20.5
"24015","5","518210","78","0","2022","4","N",3,0,0,0,0,0,0,0,"N",0.35,0,0,0,0,0,0,0,"N",1,50.0,0,0,0,0,0,0,0,0,0,0,0,0,0,0
"24017","5","518210","78","0","2022","4","N",9,0,0,0,0,0,0,0,"N",0.68,0,0,0,0,0,0,0,"N",4,80.0,0,0,0,0,0,0,0,0,0,0,0,0,0,0
"24019","5","518210","78","0","2022","4","N",2,0,0,0,0,0,0,0,"N",0.61,0,0,0,0,0,0,0,"N",0,0.0,0,0,0,0,0,0,0,0,0,0,0,0,0,0
"24021","5","518210","78","0","2022","4","",25,337,353,358,17198467,176186,3183,3787,"",0.85,1.02,1.06,1.08,1.41,0.71,0.60,1.34,"",13,108.3,184,120.3,211,148.6,213,146.9,9059092,111.3,-218615,-55.4,-6583,-67.4,-482,-11.3
"24023","5","518210","78","0","2022","4","N",4,0,0,0,0,0,0,0,"N",0.90,0,0,0,0,0,0,0,"N",2,100.0,0,0,0,0,0,0,0,0,0,0,0,0,0,0
"24025","5","518210","78","0","2022","4","N",14,0,0,0,0,0,0,0,"N",0.53,0,0,0,0,0,0,0,"N",8,133.3,0,0,0,0,0,0,0,0,0,0,0,0,0,0
"24027","5","518210","78","0","2022","4","",79,454,475,486,28167662,537057,13061,4594,"",1.71,0.87,0.90,0.92,1.16,1.32,1.38,1.29,"",37,88.1,154,51.3,169,55.2,188,63.1,3357443,13.5,300166,126.7,5272,67.7,-1739,-27.5
"24031","5","518210","78","0","2022","4","",156,1388,1400,1411,72124488,1236018,27255,3964,"",1.06,0.96,0.96,0.97,1.01,1.25,1.27,1.05,"",58,59.2,79,6.0,70,5.3,71,5.3,-5924983,-7.6,-194365,-13.6,-19325,-41.5,-563,-12.4
"24033","5","518210","78","0","2022","4","",58,538,542,559,16451329,246742,9938,2316,"",0.77,0.54,0.55,0.56,0.42,0.33,0.57,0.77,"",24,70.6,-77,-12.5,-76,-12.3,-62,-10.0,-17237675,-51.2,-4283,-1.7,-3893,-28.1,-1877,-44.8
"24035","5","518210","78","0","2022","4","N",5,0,0,0,0,0,0,0,"N",0.75,0,0,0,0,0,0,0,"N",1,25.0,0,0,0,0,0,0,0,0,0,0,0,0,0,0
"24037","5","518210","78","0","2022","4","N",2,0,0,0,0,0,0,0,"N",0.21,0,0,0,0,0,0,0,"N",2,100.0,0,0,0,0,0,0,0,0,0,0,0,0,0,0
"24041","5","518210","78","0","2022","4","N",1,0,0,0,0,0,0,0,"N",0.15,0,0,0,0,0,0,0,"N",0,0.0,0,0,0,0,0,0,0,0,0,0,0,0,0,0
"24043","5","518210","78","0","2022","4","N",6,0,0,0,0,0,0,0,"N",0.40,0,0,0,0,0,0,0,"N",-1,-14.3,0,0,0,0,0,0,0,0,0,0,0,0,0,0
"24045","5","518210","78","0","2022","4","N",6,0,0,0,0,0,0,0,"N",0.54,0,0,0,0,0,0,0,"N",4,200.0,0,0,0,0,0,0,0,0,0,0,0,0,0,0
"24047","5","518210","78","0","2022","4","",6,17,17,17,526846,3900,39,2384,"",0.62,0.23,0.25,0.25,0.29,0.06,0.02,1.22,"",2,50.0,12,240.0,11,183.3,10,142.9,398682,311.1,-4600,-54.1,-157,-80.1,741,45.1
"24510","3","518210","78","0","2022","4","N",1,0,0,0,0,0,0,0,"N",8.19,0,0,0,0,0,0,0,"N",0,0.0,0,0,0,0,0,0,0,0,0,0,0,0,0,0
"24510","5","518210","78","0","2022","4","",41,161,167,164,6681086,134897,2894,3134,"",0.67,0.15,0.16,0.15,0.14,0.21,0.18,0.92,"",7,20.6,-102,-38.8,-106,-38.8,-100,-37.9,-4487758,-40.2,-413140,-75.4,-10574,-78.5,-88,-2.7
"24999","2","518210","78","0","2022","4","N",1,0,0,0,0,0,0,0,"N",19.20,0,0,0,0,0,0,0,"N",0,0.0,0,0,0,0,0,0,0,0,0,0,0,0,0,0
"24999","5","518210","78","0","2022","4","",567,1239,1184,1166,45185003,1486674,31865,2905,"",4.17,3.24,3.05,3.02,1.97,2.86,2.48,0.63,"",265,87.7,614,98.2,556,88.5,511,78.0,17587255,63.7,149995,11.2,-2263,-6.6,-433,-13.0
"25000","3","518210","58","0","2022","4","N",3,0,0,0,0,0,0,0,"N",1.21,0,0,0,0,0,0,0,"N",0,0.0,0,0,0,0,0,0,0,0,0,0,0,0,0,0
"25000","5","518210","58","0","2022","4","",1398,10312,10283,10266,434335451,11591774,349740,3248,"",1.13,0.90,0.89,0.89,0.74,0.56,0.97,0.83,"",317,29.3,1232,13.6,1140,12.5,1070,11.6,64118945,17.3,-3167699,-21.5,-182234,-34.3,132,4.2
"25001","3","518210","78","0","2022","4","N",1,0,0,0,0,0,0,0,"N",11.66,0,0,0,0,0,0,0,"N",0,0.0,0,0,0,0,0,0,0,0,0,0,0,0,0,0
"25001","5","518210","78","0","2022","4","",15,134,129,129,2710060,143116,3384,1595,"",0.35,0.44,0.45,0.46,0.27,0.27,0.34,0.59,"",3,25.0,6,4.7,4,3.2,4,3.2,291417,12.0,-117290,-45.0,-4786,-58.6,118,8.0
"25003","5","518210","78","0","2022","4","",20,32,30,30,812238,10457,253,2037,"",0.83,0.17,0.16,0.16,0.14,0.03,0.05,0.81,"",6,42.9,-26,-44.8,-35,-53.8,-38,-55.9,-3323708,-80.4,-191740,-94.8,-5830,-95.8,-2960,-59.2
"25005","5","518210","78","0","2022","4","",18,18,17,17,633110,25801,683,2810,"",0.22,0.02,0.02,0.02,0.03,0.02,0.03,1.08,"",2,12.5,-5,-21.7,-8,-32.0,-9,-34.6,-234675,-27.0,-45092,-63.6,-3358,-83.1,104,3.8
"25007","5","518210","78","0","2022","4","-",0,0,0,0,0,0,0,0,"N",0.00,0,0,0,0,0,0,0,"N",-1,-100.0,0,0,0,0,0,0,0,0,0,0,0,0,0,0
"25009","3","518210","78","0","2022","4","N",1,0,0,0,0,0,0,0,"N",3.93,0,0,0,0,0,0,0,"N",0,0.0,0,0,0,0,0,0,0,0,0,0,0,0,0,0
"25009","5","518210","78","0","2022","4","",67,525,522,512,18277709,502534,17264,2706,"",0.53,0.51,0.51,0.50,0.41,0.30,0.55,0.81,"",14,26.4,88,20.1,80,18.1,66,14.8,3057326,20.1,-362256,-41.9,-15621,-47.5,55,2.1
"25011","5","518210","78","0","2022","4","N",6,0,0,0,0,0,0,0,"N",0.53,0,0,0,0,0,0,0,"N",0,0.0,0,0,0,0,0,0,0,0,0,0,0,0,0,0
"25013","5","518210","78","0","2022","4","",12,53,52,53,1004384,93059,2785,1467,"",0.14,0.08,0.08,0.08,0.05,0.08,0.14,0.58,"",1,9.1,15,39.5,13,33.3,10,23.3,354195,54.5,151,0.2,-526,-15.9,217,17.4
"25015","5","518210","78","0","2022","4","",10,18,18,20,594841,63609,2694,2451,"",0.45,0.09,0.08,0.10,0.09,0.08,0.51,0.99,"",2,25.0,10,125.0,10,125.0,11,122.2,360332,153.7,-4156,-6.1,-49,-1.8,286,13.2
"25017","5","518210","78","0","2022","4","",322,3210,3208,3183,135349516,3243272,100896,3253,"",1.23,1.09,1.08,1.08,0.79,0.72,1.14,0.73,"",47,17.1,325,11.3,324,11.2,288,9.9,22222900,19.6,-919308,-22.1,-50272,-33.3,240,8.0
"25021","5","518210","78","0","2022","4","",108,559,561,561,17119209,549417,19653,2350,"",0.93,0.51,0.51,0.52,0.34,0.32,0.56,0.65,"",20,22.7,-50,-8.2,-60,-9.7,-58,-9.4,42332,0.2,-217691,-28.4,-17042,-46.4,219,10.3
"25023","3","518210","78","0","2022","4","N",1,0,0,0,0,0,0,0,"N",6.63,0,0,0,0,0,0,0,"N",0,0.0,0,0,0,0,0,0,0,0,0,0,0,0,0,0
"25023","5","518210","78","0","2022","4","",39,413,410,415,13143342,265041,8260,2450,"",0.52,0.67,0.66,0.67,0.58,0.23,0.40,0.86,"",3,8.3,-159,-27.8,-165,-28.7,-158,-27.6,-6106105,-31.7,-214483,-44.7,-14118,-63.1,-133,-5.1
"25025","5","518210","78","0","2022","4","",232,3695,3680,3709,167172627,3705026,112302,3481,"",1.56,1.64,1.63,1.65,1.05,0.90,1.83,0.64,"",42,22.1,483,15.0,441,13.6,462,14.2,29370022,21.3,-758952,-17.0,-44052,-28.2,202,6.2
"25027","5","518210","78","0","2022","4","",52,386,390,392,23830641,427314,10458,4708,"",0.42,0.34,0.35,0.35,0.57,0.18,0.29,1.65,"",4,8.3,37,10.6,44,12.7,43,12.3,1380034,6.1,-338483,-44.2,-6988,-40.1,-255,-5.1
"25999","5","518210","78","0","2022","4","N",497,0,0,0,0,0,0,0,"N",4.64,0,0,0,0,0,0,0,"N",174,53.9,0,0,0,0,0,0,0,0,0,0,0,0,0,0
"26000","5","518210","58","0","2022","4","",2032,10658,10641,10643,319873903,8369180,221004,2311,"",1.58,0.77,0.77,0.77,0.64,0.71,0.70,0.84,"",299,17.3,2081,24.3,2047,23.8,2062,24.0,67958405,27.0,-182127,-2.1,-12335,-5.3,54,2.4
"26005","5","518210","78","0","2022","4","",6,9,10,9,347770,2632,15,2866,"",0.52,0.07,0.08,0.07,0.09,0.03,0.01,1.14,"",0,0.0,-5,-35.7,-4,-28.6,-6,-40.0,6123,1.8,-6188,-70.2,-52,-77.6,1032,56.3
"26007","5","518210","78","0","2022","4","N",1,0,0,0,0,0,0,0,"N",0.25,0,0,0,0,0,0,0,"N",0,0.0,0,0,0,0,0,0,0,0,0,0,0,0,0,0
"26009","5","518210","78","0","2022","4","",3,7,7,7,625414,1745,47,6873,"",1.13,0.42,0.45,0.46,1.71,0.16,0.14,3.85,"N",0,0.0,0,0,0,0,0,0,0,0,0,0,0,0,0,0
"26015","5","518210","78","0","2022","4","N",3,0,0,0,0,0,0,0,"N",0.66,0,0,0,0,0,0,0,"N",1,50.0,0,0,0,0,0,0,0,0,0,0,0,0,0,0
"26017","5","518210","78","0","2022","4","N",2,0,0,0,0,0,0,0,"N",0.21,0,0,0,0,0,0,0,"N",0,0.0,0,0,0,0,0,0,0,0,0,0,0,0,0,0
"26019","5","518210","78","0","2022","4","N",1,0,0,0,0,0,0,0,"N",0.46,0,0,0,0,0,0,0,"N",0,0.0,0,0,0,0,0,0,0,0,0,0,0,0,0,0
"26021","5","518210","78","0","2022","4","N",5,0,0,0,0,0,0,0,"N",0.28,0,0,0,0,0,0,0,"N",1,25.0,0,0,0,0,0,0,0,0,0,0,0,0,0,0
"26023","5","518210","78","0","2022","4","",3,3,3,3,35582,0,0,912,"",0.78,0.06,0.06,0.06,0.03,0.00,0.00,0.43,"N",0,0.0,0,0,0,0,0,0,0,0,0,0,0,0,0,0
"26025","5","518210","78","0","2022","4","N",1,0,0,0,0,0,0,0,"N",0.09,0,0,0,0,0,0,0,"N",0,0.0,0,0,0,0,0,0,0,0,0,0,0,0,0,0
"26027","5","518210","78","0","2022","4","",3,6,6,5,104017,825,7,1412,"",0.75,0.20,0.21,0.17,0.13,0.04,0.02,0.65,"",0,0.0,-3,-33.3,-2,-25.0,-4,-44.4,41418,66.2,-9736,-92.2,-204,-96.7,856,154.0
"26031","5","518210","78","0","2022","4","N",1,0,0,0,0,0,0,0,"N",0.27,0,0,0,0,0,0,0,"N",0,0.0,0,0,0,0,0,0,0,0,0,0,0,0,0,0
"26033","5","518210","78","0","2022","4","N",2,0,0,0,0,0,0,0,"N",0.53,0,0,0,0,0,0,0,"N",1,100.0,0,0,0,0,0,0,0,0,0,0,0,0,0,0
"26035","5","518210","78","0","2022","4","N",1,0,0,0,0,0,0,0,"N",0.38,0,0,0,0,0,0,0,"N",0,0.0,0,0,0,0,0,0,0,0,0,0,0,0,0,0
"26037","5","518210","78","0","2022","4","",6,31,34,33,408999,30769,1481,963,"",0.95,0.54,0.60,0.58,0.24,0.64,1.23,0.42,"",0,0.0,-1,-3.1,3,9.7,-1,-2.9,55208,15.6,26447,611.9,1291,679.5,121,14.4
"26041","5","518210","78","0","2022","4","N",1,0,0,0,0,0,0,0,"N",0.22,0,0,0,0,0,0,0,"N",0,0.0,0,0,0,0,0,0,0,0,0,0,0,0,0,0
"26045","5","518210","78","0","2022","4","",8,365,369,369,8063023,122100,3141,1687,"",0.86,2.63,2.63,2.64,1.84,1.03,1.05,0.70,"",0,0.0,-56,-13.3,-43,-10.4,-38,-9.3,-1106427,-12.1,16343,15.5,-209,-6.2,-19,-1.1
"26047","5","518210","78","0","2022","4","N",1,0,0,0,0,0,0,0,"N",0.15,0,0,0,0,0,0,0,"N",0,0.0,0,0,0,0,0,0,0,0,0,0,0,0,0,0
"26049","5","518210","78","0","2022","4","N",16,0,0,0,0,0,0,0,"N",0.49,0,0,0,0,0,0,0,"N",0,0.0,0,0,0,0,0,0,0,0,0,0,0,0,0,0
"26055","5","518210","78","0","2022","4","",13,102,105,103,2091447,25656,823,1557,"",0.80,0.63,0.65,0.64,0.41,0.22,0.27,0.63,"",0,0.0,-10,-8.9,-5,-4.5,-6,-5.5,-457854,-18.0,-5146,-16.7,162,24.5,-220,-12.4
"26059","5","518210","78","0","2022","4","N",1,0,0,0,0,0,0,0,"N",0.26,0,0,0,0,0,0,0,"N",1,100.0,0,0,0,0,0,0,0,0,0,0,0,0,0,0
"26061","5","518210","78","0","2022","4","",6,32,37,38,1173659,36775,966,2531,"",1.43,0.85,0.98,1.01,1.09,1.48,1.62,1.15,"",1,20.0,10,45.5,15,68.2,15,65.2,195576,20.0,4805,15.0,303,45.7,-838,-24.9
"26065","5","518210","78","0","2022","4","",25,218,221,219,5566946,108900,3464,1952,"",0.83,0.45,0.46,0.45,0.32,0.34,0.41,0.70,"",4,19.0,-19,-8.0,-19,-7.9,-20,-8.4,-391725,-6.6,-34944,-24.3,-627,-15.3,32,1.7
"26067","5","518210","78","0","2022","4","N",1,0,0,0,0,0,0,0,"N",0.21,0,0,0,0,0,0,0,"N",0,0.0,0,0,0,0,0,0,0,0,0,0,0,0,0,0
"26073","5","518210","78","0","2022","4","N",4,0,0,0,0,0,0,0,"N",0.66,0,0,0,0,0,0,0,"N",1,33.3,0,0,0,0,0,0,0,0,0,0,0,0,0,0
"26075","5","518210","78","0","2022","4","N",1,0,0,0,0,0,0,0,"N",0.07,0,0,0,0,0,0,0,"N",0,0.0,0,0,0,0,0,0,0,0,0,0,0,0,0,0
"26077","5","518210","78","0","2022","4","N",11,0,0,0,0,0,0,0,"N",0.41,0,0,0,0,0,0,0,"N",1,10.0,0,0,0,0,0,0,0,0,0,0,0,0,0,0
"26079","5","518210","78","0","2022","4","N",2,0,0,0,0,0,0,0,"N",1.22,0,0,0,0,0,0,0,"N",0,0.0,0,0,0,0,0,0,0,0,0,0,0,0,0,0
"26081","5","518210","78","0","2022","4","",69,802,793,786,26491450,548866,16111,2568,"",0.90,0.62,0.60,0.60,0.60,0.44,0.58,0.99,"",1,1.5,-20,-2.4,-26,-3.2,-33,-4.0,7492246,39.4,-160492,-22.6,-4754,-22.8,786,44.1
"26087","5","518210","78","0","2022","4","N",4,0,0,0,0,0,0,0,"N",0.53,0,0,0,0,0,0,0,"N",0,0.0,0,0,0,0,0,0,0,0,0,0,0,0,0,0
"26089","5","518210","78","0","2022","4","N",2,0,0,0,0,0,0,0,"N",0.53,0,0,0,0,0,0,0,"N",0,0.0,0,0,0,0,0,0,0,0,0,0,0,0,0,0
"26091","5","518210","78","0","2022","4","N",2,0,0,0,0,0,0,0,"N",0.23,0,0,0,0,0,0,0,"N",1,100.0,0,0,0,0,0,0,0,0,0,0,0,0,0,0
"26093","5","518210","78","0","2022","4","",13,72,65,63,1487740,45137,1304,1717,"",0.61,0.36,0.32,0.31,0.24,0.22,0.24,0.72,"",-1,-7.1,-11,-13.3,-9,-12.2,-14,-18.2,69421,4.9,-22662,-33.4,-2514,-65.8,318,22.7
"26095","5","518210","78","0","2022","4","N",1,0,0,0,0,0,0,0,"N",1.23,0,0,0,0,0,0,0,"N",0,0.0,0,0,0,0,0,0,0,0,0,0,0,0,0,0
"26097","5","518210","78","0","2022","4","N",1,0,0,0,0,0,0,0,"N",0.45,0,0,0,0,0,0,0,"N",0,0.0,0,0,0,0,0,0,0,0,0,0,0,0,0,0
"26099","5","518210","78","0","2022","4","",38,154,157,161,3525392,141714,4084,1724,"",0.43,0.15,0.15,0.15,0.09,0.16,0.15,0.61,"N",3,8.6,0,0,0,0,0,0,0,0,0,0,0,0,0,0
"26101","5","518210","78","0","2022","4","N",1,0,0,0,0,0,0,0,"N",0.37,0,0,0,0,0,0,0,"N",0,0.0,0,0,0,0,0,0,0,0,0,0,0,0,0,0
"26103","5","518210","78","0","2022","4","N",2,0,0,0,0,0,0,0,"N",0.27,0,0,0,0,0,0,0,"N",0,0.0,0,0,0,0,0,0,0,0,0,0,0,0,0,0
"26105","5","518210","78","0","2022","4","N",1,0,0,0,0,0,0,0,"N",0.31,0,0,0,0,0,0,0,"N",0,0.0,0,0,0,0,0,0,0,0,0,0,0,0,0,0
"26109","5","518210","78","0","2022","4","N",1,0,0,0,0,0,0,0,"N",0.45,0,0,0,0,0,0,0,"N",0,0.0,0,0,0,0,0,0,0,0,0,0,0,0,0,0
"26111","5","518210","78","0","2022","4","N",6,0,0,0,0,0,0,0,"N",0.36,0,0,0,0,0,0,0,"N",0,0.0,0,0,0,0,0,0,0,0,0,0,0,0,0,0
"26113","5","518210","78","0","2022","4","N",1,0,0,0,0,0,0,0,"N",0.60,0,0,0,0,0,0,0,"N",1,100.0,0,0,0,0,0,0,0,0,0,0,0,0,0,0
"26115","5","518210","78","0","2022","4","N",4,0,0,0,0,0,0,0,"N",0.37,0,0,0,0,0,0,0,"N",0,0.0,0,0,0,0,0,0,0,0,0,0,0,0,0,0
"26117","5","518210","78","0","2022","4","N",1,0,0,0,0,0,0,0,"N",0.21,0,0,0,0,0,0,0,"N",0,0.0,0,0,0,0,0,0,0,0,0,0,0,0,0,0
"26121","5","518210","78","0","2022","4","N",5,0,0,0,0,0,0,0,"N",0.37,0,0,0,0,0,0,0,"N",1,25.0,0,0,0,0,0,0,0,0,0,0,0,0,0,0
"26123","5","518210","78","0","2022","4","N",3,0,0,0,0,0,0,0,"N",0.79,0,0,0,0,0,0,0,"N",1,50.0,0,0,0,0,0,0,0,0,0,0,0,0,0,0
"26125","5","518210","78","0","2022","4","",220,1941,1947,1996,56783330,1587133,49721,2227,"",1.13,0.85,0.85,0.87,0.59,0.76,0.88,0.69,"",21,10.6,-34,-1.7,-31,-1.6,39,2.0,2141802,3.9,-74518,-4.5,-5354,-9.7,93,4.4
"26133","5","518210","78","0","2022","4","N",1,0,0,0,0,0,0,0,"N",0.48,0,0,0,0,0,0,0,"N",0,0.0,0,0,0,0,0,0,0,0,0,0,0,0,0,0
"26137","5","518210","78","0","2022","4","N",2,0,0,0,0,0,0,0,"N",0.57,0,0,0,0,0,0,0,"N",1,100.0,0,0,0,0,0,0,0,0,0,0,0,0,0,0
"26139","5","518210","78","0","2022","4","",11,23,23,23,540014,2168,31,1806,"",0.38,0.06,0.06,0.06,0.04,0.01,0.00,0.72,"",0,0.0,3,15.0,3,15.0,3,15.0,70473,15.0,-2688,-55.4,-58,-65.2,0,0.0
"26143","5","518210","78","0","2022","4","N",2,0,0,0,0,0,0,0,"N",0.77,0,0,0,0,0,0,0,"N",0,0.0,0,0,0,0,0,0,0,0,0,0,0,0,0,0
"26145","5","518210","78","0","2022","4","N",3,0,0,0,0,0,0,0,"N",0.17,0,0,0,0,0,0,0,"N",0,0.0,0,0,0,0,0,0,0,0,0,0,0,0,0,0
"26147","5","518210","78","0","2022","4","N",5,0,0,0,0,0,0,0,"N",0.37,0,0,0,0,0,0,0,"N",0,0.0,0,0,0,0,0,0,0,0,0,0,0,0,0,0
"26151","5","518210","78","0","2022","4","N",2,0,0,0,0,0,0,0,"N",0.52,0,0,0,0,0,0,0,"N",0,0.0,0,0,0,0,0,0,0,0,0,0,0,0,0,0
"26155","5","518210","78","0","2022","4","N",2,0,0,0,0,0,0,0,"N",0.39,0,0,0,0,0,0,0,"N",1,100.0,0,0,0,0,0,0,0,0,0,0,0,0,0,0
"26157","5","518210","78","0","2022","4","N",2,0,0,0,0,0,0,0,"N",0.52,0,0,0,0,0,0,0,"N",0,0.0,0,0,0,0,0,0,0,0,0,0,0,0,0,0
"26159","5","518210","78","0","2022","4","N",3,0,0,0,0,0,0,0,"N",0.43,0,0,0,0,0,0,0,"N",0,0.0,0,0,0,0,0,0,0,0,0,0,0,0,0,0
"26161","5","518210","78","0","2022","4","",72,1100,1087,1080,29059910,350771,9678,2053,"",1.67,1.62,1.59,1.58,1.11,0.92,1.11,0.70,"",4,5.9,-17,-1.5,-35,-3.1,-35,-3.1,-2476147,-7.9,-208206,-37.2,-3385,-25.9,-117,-5.4
"26163","5","518210","78","0","2022","4","",101,1180,1176,1190,29165400,570482,15433,1898,"",0.62,0.52,0.51,0.52,0.32,0.30,0.26,0.63,"",8,8.6,524,79.9,524,80.4,542,83.6,9500646,48.3,-64584,-10.2,-581,-3.6,-422,-18.2
"26999","5","518210","78","0","2022","4","",1323,4310,4289,4254,145237284,4548513,111057,2608,"",6.26,8.54,8.45,8.43,5.46,6.39,5.39,0.64,"",246,22.8,1746,68.1,1666,63.5,1620,61.5,50863952,53.9,442543,10.8,4807,4.5,-177,-6.4
"27000","3","518210","58","0","2022","4","",7,825,828,830,17528319,0,0,1629,"",4.07,15.90,15.93,16.09,17.02,0.00,0.00,1.07,"",0,0.0,16,2.0,22,2.7,21,2.6,-1548176,-8.1,0,0.0,0,0.0,-187,-10.3
"27000","5","518210","58","0","2022","4","",1067,7066,7086,7068,275013537,23017365,185323,2991,"",1.24,0.77,0.77,0.78,0.78,0.84,0.72,1.01,"",271,34.0,765,12.1,691,10.8,689,10.8,48221078,21.3,1117471,5.1,-48786,-20.8,247,9.0
"27003","5","518210","78","0","2022","4","",9,28,27,29,917292,130987,554,2520,"",0.25,0.07,0.06,0.07,0.06,0.10,0.05,0.97,"",0,0.0,3,12.0,1,3.8,2,7.4,365295,66.2,14362,12.3,-20,-3.5,887,54.3
"27005","5","518210","78","0","2022","4","N",2,0,0,0,0,0,0,0,"N",0.42,0,0,0,0,0,0,0,"N",1,100.0,0,0,0,0,0,0,0,0,0,0,0,0,0,0
"27009","5","518210","78","0","2022","4","N",1,0,0,0,0,0,0,0,"N",0.22,0,0,0,0,0,0,0,"N",0,0.0,0,0,0,0,0,0,0,0,0,0,0,0,0,0
"27013","3","518210","78","0","2022","4","",2,23,25,24,441112,0,0,1414,"",110.97,32.18,34.60,33.66,39.06,0.00,0.00,1.17,"N",0,0.0,0,0,0,0,0,0,0,0,0,0,0,0,0,0
"27019","5","518210","78","0","2022","4","N",8,0,0,0,0,0,0,0,"N",0.67,0,0,0,0,0,0,0,"N",-1,-11.1,0,0,0,0,0,0,0,0,0,0,0,0,0,0
"27025","5","518210","78","0","2022","4","N",4,0,0,0,0,0,0,0,"N",0.70,0,0,0,0,0,0,0,"N",0,0.0,0,0,0,0,0,0,0,0,0,0,0,0,0,0
"27027","3","518210","78","0","2022","4","",1,21,21,21,347197,0,0,1272,"",78.95,58.27,58.81,59.78,65.88,0.00,0.00,1.12,"N",0,0.0,0,0,0,0,0,0,0,0,0,0,0,0,0,0
"27027","5","518210","78","0","2022","4","N",1,0,0,0,0,0,0,0,"N",0.16,0,0,0,0,0,0,0,"N",0,0.0,0,0,0,0,0,0,0,0,0,0,0,0,0,0
"27029","5","518210","78","0","2022","4","N",1,0,0,0,0,0,0,0,"N",1.00,0,0,0,0,0,0,0,"N",0,0.0,0,0,0,0,0,0,0,0,0,0,0,0,0,0
"27033","5","518210","78","0","2022","4","N",1,0,0,0,0,0,0,0,"N",0.53,0,0,0,0,0,0,0,"N",1,100.0,0,0,0,0,0,0,0,0,0,0,0,0,0,0
"27037","5","518210","78","0","2022","4","",36,275,274,273,6844261,1051440,5335,1921,"",0.73,0.46,0.46,0.46,0.30,0.56,0.29,0.66,"",8,28.6,63,29.7,60,28.0,84,44.4,1632676,31.3,325928,44.9,321,6.4,-35,-1.8
"27041","5","518210","78","0","2022","4","N",1,0,0,0,0,0,0,0,"N",0.16,0,0,0,0,0,0,0,"N",0,0.0,0,0,0,0,0,0,0,0,0,0,0,0,0,0
"27047","5","518210","78","0","2022","4","N",2,0,0,0,0,0,0,0,"N",0.57,0,0,0,0,0,0,0,"N",1,100.0,0,0,0,0,0,0,0,0,0,0,0,0,0,0
"27053","3","518210","78","0","2022","4","",2,740,740,744,15662712,0,0,1625,"",5.34,45.48,45.16,45.55,40.22,0.00,0.00,0.89,"N",0,0.0,0,0,0,0,0,0,0,0,0,0,0,0,0,0
"27053","5","518210","78","0","2022","4","",188,4040,4043,4032,144733657,9746716,43603,2757,"",1.00,1.40,1.40,1.40,1.09,1.11,0.63,0.78,"",17,9.9,272,7.2,270,7.2,205,5.4,24024063,19.9,-1088266,-10.0,-40621,-48.2,307,12.5
"27055","5","518210","78","0","2022","4","N",2,0,0,0,0,0,0,0,"N",1.04,0,0,0,0,0,0,0,"N",0,0.0,0,0,0,0,0,0,0,0,0,0,0,0,0,0
"27061","5","518210","78","0","2022","4","N",1,0,0,0,0,0,0,0,"N",0.18,0,0,0,0,0,0,0,"N",0,0.0,0,0,0,0,0,0,0,0,0,0,0,0,0,0
"27067","5","518210","78","0","2022","4","N",5,0,0,0,0,0,0,0,"N",0.81,0,0,0,0,0,0,0,"N",1,25.0,0,0,0,0,0,0,0,0,0,0,0,0,0,0
"27079","5","518210","78","0","2022","4","N",1,0,0,0,0,0,0,0,"N",0.30,0,0,0,0,0,0,0,"N",0,0.0,0,0,0,0,0,0,0,0,0,0,0,0,0,0
"27097","5","518210","78","0","2022","4","N",1,0,0,0,0,0,0,0,"N",0.22,0,0,0,0,0,0,0,"N",1,100.0,0,0,0,0,0,0,0,0,0,0,0,0,0,0
"27099","5","518210","78","0","2022","4","N",1,0,0,0,0,0,0,0,"N",0.27,0,0,0,0,0,0,0,"N",0,0.0,0,0,0,0,0,0,0,0,0,0,0,0,0,0
"27109","5","518210","78","0","2022","4","N",4,0,0,0,0,0,0,0,"N",0.24,0,0,0,0,0,0,0,"N",0,0.0,0,0,0,0,0,0,0,0,0,0,0,0,0,0
"27111","5","518210","78","0","2022","4","N",3,0,0,0,0,0,0,0,"N",0.37,0,0,0,0,0,0,0,"N",0,0.0,0,0,0,0,0,0,0,0,0,0,0,0,0,0
"27115","5","518210","78","0","2022","4","N",1,0,0,0,0,0,0,0,"N",0.33,0,0,0,0,0,0,0,"N",0,0.0,0,0,0,0,0,0,0,0,0,0,0,0,0,0
"27123","3","518210","78","0","2022","4","",1,31,31,30,829736,0,0,2081,"",7.75,5.36,5.33,5.20,6.89,0.00,0.00,1.30,"N",0,0.0,0,0,0,0,0,0,0,0,0,0,0,0,0,0
"27123","5","518210","78","0","2022","4","",46,700,705,696,52303099,1619656,10709,5745,"",0.71,0.68,0.69,0.68,1.27,0.58,0.49,1.86,"",10,27.8,22,3.2,6,0.9,16,2.4,12071331,30.0,239463,17.3,2300,27.4,1232,27.3
"27127","5","518210","78","0","2022","4","-",0,0,0,0,0,0,0,0,"N",0.00,0,0,0,0,0,0,0,"N",-1,-100.0,0,0,0,0,0,0,0,0,0,0,0,0,0,0
"27131","5","518210","78","0","2022","4","N",1,0,0,0,0,0,0,0,"N",0.13,0,0,0,0,0,0,0,"N",0,0.0,0,0,0,0,0,0,0,0,0,0,0,0,0,0
"27137","3","518210","78","0","2022","4","",1,10,11,11,247562,0,0,1785,"",21.37,5.91,6.51,6.56,9.24,0.00,0.00,1.46,"N",0,0.0,0,0,0,0,0,0,0,0,0,0,0,0,0,0
"27137","5","518210","78","0","2022","4","N",7,0,0,0,0,0,0,0,"N",0.30,0,0,0,0,0,0,0,"N",0,0.0,0,0,0,0,0,0,0,0,0,0,0,0,0,0
"27139","5","518210","78","0","2022","4","N",12,0,0,0,0,0,0,0,"N",0.73,0,0,0,0,0,0,0,"N",2,20.0,0,0,0,0,0,0,0,0,0,0,0,0,0,0
"27141","5","518210","78","0","2022","4","N",2,0,0,0,0,0,0,0,"N",0.19,0,0,0,0,0,0,0,"N",1,100.0,0,0,0,0,0,0,0,0,0,0,0,0,0,0
"27145","5","518210","78","0","2022","4","",11,83,83,78,1824143,178327,1806,1725,"",0.56,0.31,0.31,0.29,0.20,0.23,0.25,0.67,"",0,0.0,-20,-19.4,-17,-17.0,-21,-21.2,-351643,-16.2,-321362,-64.3,-3718,-67.3,62,3.7
"27147","5","518210","78","0","2022","4","N",2,0,0,0,0,0,0,0,"N",0.42,0,0,0,0,0,0,0,"N",1,100.0,0,0,0,0,0,0,0,0,0,0,0,0,0,0
"27163","5","518210","78","0","2022","4","",11,62,63,62,1573477,296289,1488,1942,"",0.38,0.21,0.21,0.21,0.17,0.30,0.18,0.80,"N",5,83.3,0,0,0,0,0,0,0,0,0,0,0,0,0,0
"27169","5","518210","78","0","2022","4","N",4,0,0,0,0,0,0,0,"N",0.76,0,0,0,0,0,0,0,"N",1,33.3,0,0,0,0,0,0,0,0,0,0,0,0,0,0
"27171","5","518210","78","0","2022","4","N",5,0,0,0,0,0,0,0,"N",0.31,0,0,0,0,0,0,0,"N",3,150.0,0,0,0,0,0,0,0,0,0,0,0,0,0,0
"27999","5","518210","78","0","2022","4","",693,1503,1513,1529,57417913,8723402,114706,2915,"",4.47,5.46,5.55,5.66,3.27,6.22,6.20,0.59,"",220,46.5,406,37.0,345,29.5,399,35.3,8448731,17.3,2175724,33.2,141,0.1,-414,-12.4
"28000","5","518210","58","0","2022","4","",248,1107,1119,1139,18861502,1781495,10012,1294,"",0.70,0.30,0.30,0.31,0.19,0.35,0.40,0.63,"",85,52.1,136,14.0,128,12.9,153,15.5,2474928,15.1,472321,36.1,4804,92.2,11,0.9
"28027","5","518210","78","0","2022","4","N",2,0,0,0,0,0,0,0,"N",0.79,0,0,0,0,0,0,0,"N",0,0.0,0,0,0,0,0,0,0,0,0,0,0,0,0,0
"28033","5","518210","78","0","2022","4","N",1,0,0,0,0,0,0,0,"N",0.07,0,0,0,0,0,0,0,"N",0,0.0,0,0,0,0,0,0,0,0,0,0,0,0,0,0
"28035","5","518210","78","0","2022","4","N",1,0,0,0,0,0,0,0,"N",0.12,0,0,0,0,0,0,0,"N",0,0.0,0,0,0,0,0,0,0,0,0,0,0,0,0,0
"28045","5","518210","78","0","2022","4","N",2,0,0,0,0,0,0,0,"N",0.49,0,0,0,0,0,0,0,"N",1,100.0,0,0,0,0,0,0,0,0,0,0,0,0,0,0
"28047","5","518210","78","0","2022","4","N",3,0,0,0,0,0,0,0,"N",0.15,0,0,0,0,0,0,0,"N",-2,-40.0,0,0,0,0,0,0,0,0,0,0,0,0,0,0
"28049","5","518210","78","0","2022","4","N",4,0,0,0,0,0,0,0,"N",0.17,0,0,0,0,0,0,0,"N",0,0.0,0,0,0,0,0,0,0,0,0,0,0,0,0,0
"28059","5","518210","78","0","2022","4","N",1,0,0,0,0,0,0,0,"N",0.09,0,0,0,0,0,0,0,"N",0,0.0,0,0,0,0,0,0,0,0,0,0,0,0,0,0
"28081","5","518210","78","0","2022","4","N",1,0,0,0,0,0,0,0,"N",0.09,0,0,0,0,0,0,0,"N",0,0.0,0,0,0,0,0,0,0,0,0,0,0,0,0,0
"28083","5","518210","78","0","2022","4","N",1,0,0,0,0,0,0,0,"N",0.29,0,0,0,0,0,0,0,"N",0,0.0,0,0,0,0,0,0,0,0,0,0,0,0,0,0
"28087","5","518210","78","0","2022","4","N",1,0,0,0,0,0,0,0,"N",0.15,0,0,0,0,0,0,0,"N",0,0.0,0,0,0,0,0,0,0,0,0,0,0,0,0,0
"28089","5","518210","78","0","2022","4","",7,118,108,104,2131859,147869,359,1491,"",0.44,0.63,0.57,0.54,0.40,0.50,0.28,0.68,"",0,0.0,1,0.9,-10,-8.5,-8,-7.1,181882,9.3,45417,44.3,-241,-40.2,194,15.0
"28091","5","518210","78","0","2022","4","N",2,0,0,0,0,0,0,0,"N",0.80,0,0,0,0,0,0,0,"N",0,0.0,0,0,0,0,0,0,0,0,0,0,0,0,0,0
"28093","5","518210","78","0","2022","4","N",1,0,0,0,0,0,0,0,"N",0.46,0,0,0,0,0,0,0,"N",0,0.0,0,0,0,0,0,0,0,0,0,0,0,0,0,0
"28105","5","518210","78","0","2022","4","N",2,0,0,0,0,0,0,0,"N",0.45,0,0,0,0,0,0,0,"N",1,100.0,0,0,0,0,0,0,0,0,0,0,0,0,0,0
"28113","5","518210","78","0","2022","4","",4,12,11,12,148756,7611,8,981,"",0.94,0.26,0.24,0.26,0.14,0.13,0.03,0.56,"N",1,33.3,0,0,0,0,0,0,0,0,0,0,0,0,0,0
"28121","5","518210","78","0","2022","4","N",3,0,0,0,0,0,0,0,"N",0.16,0,0,0,0,0,0,0,"N",0,0.0,0,0,0,0,0,0,0,0,0,0,0,0,0,0
"28137","5","518210","78","0","2022","4","-",0,0,0,0,0,0,0,0,"N",0.00,0,0,0,0,0,0,0,"N",-1,-100.0,0,0,0,0,0,0,0,0,0,0,0,0,0,0
"28999","5","518210","78","0","2022","4","",212,347,370,404,6990458,1196840,6196,1439,"",2.92,1.98,2.04,2.25,1.11,2.49,1.73,0.53,"",86,68.3,159,84.6,185,100.0,217,116.0,2186051,45.5,768660,179.5,3521,131.6,-541,-27.3
"29000","3","518210","58","0","2022","4","-",0,0,0,0,0,0,0,0,"N",0.00,0,0,0,0,0,0,0,"N",-1,-100.0,0,0,0,0,0,0,0,0,0,0,0,0,0,0
"29000","5","518210","58","0","2022","4","",1260,14291,14483,14466,468482626,13962176,168386,2500,"",1.25,1.58,1.59,1.60,1.56,1.48,1.41,0.98,"",235,22.9,1647,13.0,1844,14.6,1825,14.4,81462660,21.0,3274060,30.6,18117,12.1,145,6.2
"29019","5","518210","78","0","2022","4","",13,6,7,7,142140,18555,441,1640,"",0.60,0.02,0.02,0.02,0.02,0.07,0.13,0.72,"",5,62.5,3,100.0,4,133.3,4,133.3,84639,147.2,16908,1026.6,415,1596.2,166,11.3
"29021","5","518210","78","0","2022","4","N",2,0,0,0,0,0,0,0,"N",0.18,0,0,0,0,0,0,0,"N",0,0.0,0,0,0,0,0,0,0,0,0,0,0,0,0,0
"29023","5","518210","78","0","2022","4","N",2,0,0,0,0,0,0,0,"N",0.30,0,0,0,0,0,0,0,"N",0,0.0,0,0,0,0,0,0,0,0,0,0,0,0,0,0
"29025","5","518210","78","0","2022","4","N",1,0,0,0,0,0,0,0,"N",1.06,0,0,0,0,0,0,0,"N",0,0.0,0,0,0,0,0,0,0,0,0,0,0,0,0,0
"29029","5","518210","78","0","2022","4","",4,19,21,21,258369,18294,97,977,"",0.56,0.35,0.40,0.41,0.21,0.32,0.14,0.53,"",1,33.3,1,5.6,4,23.5,4,23.5,47531,22.5,-5282,-22.4,-132,-57.6,41,4.4
"29031","5","518210","78","0","2022","4","N",3,0,0,0,0,0,0,0,"N",0.24,0,0,0,0,0,0,0,"N",2,200.0,0,0,0,0,0,0,0,0,0,0,0,0,0,0
"29037","5","518210","78","0","2022","4","N",4,0,0,0,0,0,0,0,"N",0.38,0,0,0,0,0,0,0,"N",0,0.0,0,0,0,0,0,0,0,0,0,0,0,0,0,0
"29043","5","518210","78","0","2022","4","N",1,0,0,0,0,0,0,0,"N",0.10,0,0,0,0,0,0,0,"N",0,0.0,0,0,0,0,0,0,0,0,0,0,0,0,0,0
"29047","5","518210","78","0","2022","4","",21,113,118,119,2840519,90929,2573,1873,"",0.75,0.33,0.34,0.34,0.24,0.19,0.42,0.71,"",6,40.0,30,36.1,32,37.2,32,36.8,799644,39.2,-35244,-27.9,921,55.8,33,1.8
"29051","5","518210","78","0","2022","4","",11,430,433,445,5302379,329534,4048,935,"",1.05,2.56,2.57,2.65,1.12,2.52,2.37,0.43,"",2,22.2,16,3.9,-5,-1.1,7,1.6,-517935,-8.9,-136181,-29.2,-1624,-28.6,-106,-10.2
"29053","5","518210","78","0","2022","4","N",1,0,0,0,0,0,0,0,"N",0.48,0,0,0,0,0,0,0,"N",0,0.0,0,0,0,0,0,0,0,0,0,0,0,0,0,0
"29061","5","518210","78","0","2022","4","N",1,0,0,0,0,0,0,0,"N",0.86,0,0,0,0,0,0,0,"N",0,0.0,0,0,0,0,0,0,0,0,0,0,0,0,0,0
"29067","5","518210","78","0","2022","4","N",1,0,0,0,0,0,0,0,"N",0.90,0,0,0,0,0,0,0,"N",1,100.0,0,0,0,0,0,0,0,0,0,0,0,0,0,0
"29069","5","518210","78","0","2022","4","N",1,0,0,0,0,0,0,0,"N",0.15,0,0,0,0,0,0,0,"N",0,0.0,0,0,0,0,0,0,0,0,0,0,0,0,0,0
"29071","5","518210","78","0","2022","4","N",4,0,0,0,0,0,0,0,"N",0.31,0,0,0,0,0,0,0,"N",2,100.0,0,0,0,0,0,0,0,0,0,0,0,0,0,0
"29075","5","518210","78","0","2022","4","N",1,0,0,0,0,0,0,0,"N",1.03,0,0,0,0,0,0,0,"N",0,0.0,0,0,0,0,0,0,0,0,0,0,0,0,0,0
"29077","5","518210","78","0","2022","4","",20,467,463,456,6732591,317218,5538,1121,"",0.45,0.84,0.83,0.82,0.41,0.55,0.93,0.49,"",3,17.6,-63,-11.9,-64,-12.1,-69,-13.1,400293,6.3,-3591,-1.1,1144,26.0,197,21.3
"29079","5","518210","78","0","2022","4","N",1,0,0,0,0,0,0,0,"N",0.83,0,0,0,0,0,0,0,"N",0,0.0,0,0,0,0,0,0,0,0,0,0,0,0,0,0
"29093","5","518210","78","0","2022","4","N",1,0,0,0,0,0,0,0,"N",0.39,0,0,0,0,0,0,0,"N",0,0.0,0,0,0,0,0,0,0,0,0,0,0,0,0,0
"29095","5","518210","78","0","2022","4","",64,2244,2255,2257,37696176,4845058,42832,1288,"",0.61,1.91,1.91,1.93,0.85,4.03,2.83,0.44,"",6,10.3,421,23.1,497,28.3,513,29.4,1542919,4.3,3934779,432.3,33925,380.9,-279,-17.8
"29097","5","518210","78","0","2022","4","N",1,0,0,0,0,0,0,0,"N",0.07,0,0,0,0,0,0,0,"N",0,0.0,0,0,0,0,0,0,0,0,0,0,0,0,0,0
"29099","5","518210","78","0","2022","4","",8,18,18,13,297393,18528,440,1401,"",0.41,0.12,0.12,0.08,0.07,0.12,0.22,0.69,"",2,33.3,8,80.0,5,38.5,2,18.2,169121,131.8,-28054,-60.2,-668,-60.3,530,60.8
"29101","5","518210","78","0","2022","4","N",2,0,0,0,0,0,0,0,"N",0.38,0,0,0,0,0,0,0,"N",1,100.0,0,0,0,0,0,0,0,0,0,0,0,0,0,0
"29105","5","518210","78","0","2022","4","N",1,0,0,0,0,0,0,0,"N",0.28,0,0,0,0,0,0,0,"N",0,0.0,0,0,0,0,0,0,0,0,0,0,0,0,0,0
"29113","5","518210","78","0","2022","4","N",1,0,0,0,0,0,0,0,"N",0.21,0,0,0,0,0,0,0,"N",-1,-50.0,0,0,0,0,0,0,0,0,0,0,0,0,0,0
"29119","5","518210","78","0","2022","4","N",1,0,0,0,0,0,0,0,"N",0.53,0,0,0,0,0,0,0,"N",0,0.0,0,0,0,0,0,0,0,0,0,0,0,0,0,0
"29121","5","518210","78","0","2022","4","N",1,0,0,0,0,0,0,0,"N",0.58,0,0,0,0,0,0,0,"N",0,0.0,0,0,0,0,0,0,0,0,0,0,0,0,0,0
"29127","5","518210","78","0","2022","4","N",1,0,0,0,0,0,0,0,"N",0.24,0,0,0,0,0,0,0,"N",1,100.0,0,0,0,0,0,0,0,0,0,0,0,0,0,0
"29133","5","518210","78","0","2022","4","N",1,0,0,0,0,0,0,0,"N",0.54,0,0,0,0,0,0,0,"N",0,0.0,0,0,0,0,0,0,0,0,0,0,0,0,0,0
"29139","5","518210","78","0","2022","4","N",1,0,0,0,0,0,0,0,"N",0.74,0,0,0,0,0,0,0,"N",1,100.0,0,0,0,0,0,0,0,0,0,0,0,0,0,0
"29141","5","518210","78","0","2022","4","N",3,0,0,0,0,0,0,0,"N",1.18,0,0,0,0,0,0,0,"N",0,0.0,0,0,0,0,0,0,0,0,0,0,0,0,0,0
"29159","5","518210","78","0","2022","4","N",2,0,0,0,0,0,0,0,"N",0.35,0,0,0,0,0,0,0,"N",0,0.0,0,0,0,0,0,0,0,0,0,0,0,0,0,0
"29161","5","518210","78","0","2022","4","N",1,0,0,0,0,0,0,0,"N",0.19,0,0,0,0,0,0,0,"N",1,100.0,0,0,0,0,0,0,0,0,0,0,0,0,0,0
"29165","5","518210","78","0","2022","4","",10,343,351,354,8912311,216106,3551,1962,"",0.77,2.34,2.36,2.36,1.93,1.14,1.24,0.82,"",1,11.1,26,8.2,31,9.7,40,12.7,890334,11.1,-45955,-17.5,-532,-13.0,15,0.8
"29167","5","518210","78","0","2022","4","N",2,0,0,0,0,0,0,0,"N",0.62,0,0,0,0,0,0,0,"N",1,100.0,0,0,0,0,0,0,0,0,0,0,0,0,0,0
"29169","5","518210","78","0","2022","4","N",1,0,0,0,0,0,0,0,"N",0.27,0,0,0,0,0,0,0,"N",0,0.0,0,0,0,0,0,0,0,0,0,0,0,0,0,0
"29175","5","518210","78","0","2022","4","N",1,0,0,0,0,0,0,0,"N",0.36,0,0,0,0,0,0,0,"N",1,100.0,0,0,0,0,0,0,0,0,0,0,0,0,0,0
"29177","5","518210","78","0","2022","4","N",1,0,0,0,0,0,0,0,"N",0.51,0,0,0,0,0,0,0,"N",1,100.0,0,0,0,0,0,0,0,0,0,0,0,0,0,0
"29183","5","518210","78","0","2022","4","N",34,0,0,0,0,0,0,0,"N",0.75,0,0,0,0,0,0,0,"N",8,30.8,0,0,0,0,0,0,0,0,0,0,0,0,0,0
"29187","5","518210","78","0","2022","4","N",1,0,0,0,0,0,0,0,"N",0.13,0,0,0,0,0,0,0,"N",0,0.0,0,0,0,0,0,0,0,0,0,0,0,0,0,0
"29189","5","518210","78","0","2022","4","",109,3772,3785,3760,177263265,1731741,19681,3615,"",0.57,2.00,2.00,1.99,2.36,0.90,0.84,1.18,"",10,10.1,187,5.2,206,5.8,193,5.4,33276678,23.1,-28582,-1.6,-3157,-13.8,519,16.8
"29207","5","518210","78","0","2022","4","N",1,0,0,0,0,0,0,0,"N",0.26,0,0,0,0,0,0,0,"N",0,0.0,0,0,0,0,0,0,0,0,0,0,0,0,0,0
"29209","5","518210","78","0","2022","4","N",1,0,0,0,0,0,0,0,"N",0.28,0,0,0,0,0,0,0,"N",0,0.0,0,0,0,0,0,0,0,0,0,0,0,0,0,0
"29213","5","518210","78","0","2022","4","N",3,0,0,0,0,0,0,0,"N",0.34,0,0,0,0,0,0,0,"N",0,0.0,0,0,0,0,0,0,0,0,0,0,0,0,0,0
"29219","5","518210","78","0","2022","4","N",1,0,0,0,0,0,0,0,"N",0.33,0,0,0,0,0,0,0,"N",0,0.0,0,0,0,0,0,0,0,0,0,0,0,0,0,0
"29225","5","518210","78","0","2022","4","N",1,0,0,0,0,0,0,0,"N",0.28,0,0,0,0,0,0,0,"N",-1,-50.0,0,0,0,0,0,0,0,0,0,0,0,0,0,0
"29510","3","518210","78","0","2022","4","-",0,0,0,0,0,0,0,0,"N",0.00,0,0,0,0,0,0,0,"N",-1,-100.0,0,0,0,0,0,0,0,0,0,0,0,0,0,0
"29510","5","518210","78","0","2022","4","",34,265,268,272,5049267,205736,2471,1447,"",0.51,0.37,0.38,0.39,0.18,0.37,0.33,0.48,"",4,13.3,16,6.4,19,7.6,18,7.1,361947,7.7,-57142,-21.7,-671,-21.4,9,0.6
"29999","5","518210","78","0","2022","4","",879,2022,2104,2051,68077529,2778324,57748,2543,"",5.89,5.19,5.37,5.27,3.55,4.16,4.68,0.67,"",181,25.9,444,28.1,507,31.7,448,27.9,16933779,33.1,-1066636,-27.7,-20082,-25.8,73,3.0
"30000","5","518210","58","0","2022","4","",189,439,438,439,11723814,1719846,19190,2056,"",0.72,0.28,0.28,0.28,0.23,0.24,0.24,0.85,"",36,23.5,-50,-10.2,-65,-12.9,-54,-11.0,-1237830,-9.5,-277973,-13.9,-1074,-5.3,42,2.1
"30009","5","518210","78","0","2022","4","N",1,0,0,0,0,0,0,0,"N",0.42,0,0,0,0,0,0,0,"N",0,0.0,0,0,0,0,0,0,0,0,0,0,0,0,0,0
"30013","5","518210","78","0","2022","4","",7,16,16,17,320251,44111,300,1508,"",0.54,0.14,0.14,0.15,0.09,0.09,0.06,0.66,"N",4,133.3,0,0,0,0,0,0,0,0,0,0,0,0,0,0
"30021","5","518210","78","0","2022","4","N",1,0,0,0,0,0,0,0,"N",0.56,0,0,0,0,0,0,0,"N",1,100.0,0,0,0,0,0,0,0,0,0,0,0,0,0,0
"30025","5","518210","78","0","2022","4","N",2,0,0,0,0,0,0,0,"N",2.51,0,0,0,0,0,0,0,"N",2,100.0,0,0,0,0,0,0,0,0,0,0,0,0,0,0
"30029","5","518210","78","0","2022","4","",22,22,25,27,914313,215327,2634,2851,"",0.81,0.14,0.17,0.18,0.19,0.32,0.30,1.19,"",8,57.1,8,57.1,10,66.7,14,107.7,-596014,-39.5,146345,212.1,1796,214.3,-5448,-65.6
"30031","5","518210","78","0","2022","4","",30,83,82,80,2755518,209712,2610,2595,"",0.78,0.39,0.39,0.37,0.37,0.18,0.22,0.96,"",10,50.0,3,3.8,1,1.2,6,8.1,884233,47.3,54509,35.1,705,37.0,757,41.2
"30043","5","518210","78","0","2022","4","N",2,0,0,0,0,0,0,0,"N",1.04,0,0,0,0,0,0,0,"N",1,100.0,0,0,0,0,0,0,0,0,0,0,0,0,0,0
"30047","5","518210","78","0","2022","4","N",1,0,0,0,0,0,0,0,"N",0.19,0,0,0,0,0,0,0,"N",0,0.0,0,0,0,0,0,0,0,0,0,0,0,0,0,0
"30049","5","518210","78","0","2022","4","",9,92,96,97,1388697,499684,4078,1124,"",0.59,0.75,0.79,0.79,0.35,0.70,0.74,0.45,"",2,28.6,-61,-39.9,-54,-36.0,-52,-34.9,-1138499,-45.0,-128321,-20.4,-1037,-20.3,-166,-12.9
"30053","5","518210","78","0","2022","4","N",1,0,0,0,0,0,0,0,"N",0.26,0,0,0,0,0,0,0,"N",1,100.0,0,0,0,0,0,0,0,0,0,0,0,0,0,0
"30061","5","518210","78","0","2022","4","N",1,0,0,0,0,0,0,0,"N",1.27,0,0,0,0,0,0,0,"N",0,0.0,0,0,0,0,0,0,0,0,0,0,0,0,0,0
"30063","5","518210","78","0","2022","4","",15,27,25,23,622690,129202,2368,1916,"",0.55,0.13,0.12,0.11,0.10,0.13,0.25,0.81,"",3,25.0,-18,-40.0,-18,-41.9,-20,-46.5,-159577,-20.4,-54042,-29.5,874,58.5,538,39.0
"30067","5","518210","78","0","2022","4","N",1,0,0,0,0,0,0,0,"N",0.19,0,0,0,0,0,0,0,"N",-1,-50.0,0,0,0,0,0,0,0,0,0,0,0,0,0,0
"30081","5","518210","78","0","2022","4","",7,14,13,14,269756,68586,675,1518,"",0.73,0.33,0.31,0.33,0.24,0.39,0.30,0.74,"",1,16.7,0,0.0,-1,-7.1,0,0.0,54078,25.1,-7822,-10.2,79,13.3,333,28.1
"30087","5","518210","78","0","2022","4","N",1,0,0,0,0,0,0,0,"N",0.90,0,0,0,0,0,0,0,"N",1,100.0,0,0,0,0,0,0,0,0,0,0,0,0,0,0
"30093","5","518210","78","0","2022","4","N",1,0,0,0,0,0,0,0,"N",0.16,0,0,0,0,0,0,0,"N",0,0.0,0,0,0,0,0,0,0,0,0,0,0,0,0,0
"30097","5","518210","78","0","2022","4","N",1,0,0,0,0,0,0,0,"N",0.92,0,0,0,0,0,0,0,"N",0,0.0,0,0,0,0,0,0,0,0,0,0,0,0,0,0
"30111","5","518210","78","0","2022","4","N",13,0,0,0,0,0,0,0,"N",0.41,0,0,0,0,0,0,0,"N",4,44.4,0,0,0,0,0,0,0,0,0,0,0,0,0,0
"30999","5","518210","78","0","2022","4","",73,127,125,123,4134045,301380,3577,2544,"",2.40,2.70,2.75,2.75,1.65,1.24,0.89,0.60,"",-1,-1.4,-12,-8.6,-15,-10.7,-17,-12.1,-412978,-9.1,-350198,-53.7,-4405,-55.2,40,1.6
"31000","5","518210","58","0","2022","4","",334,2305,2295,2288,55065432,1145785,10711,1845,"",1.06,0.73,0.73,0.72,0.53,0.41,0.38,0.74,"",-14,-4.0,-119,-4.9,-106,-4.4,-114,-4.7,-10744284,-16.3,-608403,-34.7,-5338,-33.3,-256,-12.2
"31001","5","518210","78","0","2022","4","-",0,0,0,0,0,0,0,0,"N",0.00,0,0,0,0,0,0,0,"N",-1,-100.0,0,0,0,0,0,0,0,0,0,0,0,0,0,0
"31019","5","518210","78","0","2022","4","",3,13,13,13,153661,0,0,909,"",0.37,0.15,0.15,0.15,0.06,0.00,0.00,0.43,"N",1,50.0,0,0,0,0,0,0,0,0,0,0,0,0,0,0
"31025","5","518210","78","0","2022","4","N",1,0,0,0,0,0,0,0,"N",0.34,0,0,0,0,0,0,0,"N",0,0.0,0,0,0,0,0,0,0,0,0,0,0,0,0,0
"31031","5","518210","78","0","2022","4","N",1,0,0,0,0,0,0,0,"N",0.76,0,0,0,0,0,0,0,"N",1,100.0,0,0,0,0,0,0,0,0,0,0,0,0,0,0
"31043","5","518210","78","0","2022","4","N",1,0,0,0,0,0,0,0,"N",0.47,0,0,0,0,0,0,0,"N",0,0.0,0,0,0,0,0,0,0,0,0,0,0,0,0,0
"31049","5","518210","78","0","2022","4","N",1,0,0,0,0,0,0,0,"N",2.93,0,0,0,0,0,0,0,"N",0,0.0,0,0,0,0,0,0,0,0,0,0,0,0,0,0
"31053","5","518210","78","0","2022","4","N",1,0,0,0,0,0,0,0,"N",0.22,0,0,0,0,0,0,0,"N",0,0.0,0,0,0,0,0,0,0,0,0,0,0,0,0,0
"31055","5","518210","78","0","2022","4","",77,1334,1325,1318,32262972,438211,3396,1872,"",0.97,1.24,1.22,1.21,0.81,0.45,0.35,0.66,"",-10,-11.5,-177,-11.7,-172,-11.5,-184,-12.3,-13141168,-28.9,-215330,-32.9,-619,-15.4,-451,-19.4
"31059","5","518210","78","0","2022","4","N",1,0,0,0,0,0,0,0,"N",0.82,0,0,0,0,0,0,0,"N",1,100.0,0,0,0,0,0,0,0,0,0,0,0,0,0,0
"31079","5","518210","78","0","2022","4","-",0,0,0,0,0,0,0,0,"N",0.00,0,0,0,0,0,0,0,"N",-1,-100.0,0,0,0,0,0,0,0,0,0,0,0,0,0,0
"31109","5","518210","78","0","2022","4","",39,311,311,312,6547916,202875,2373,1618,"",0.92,0.57,0.57,0.57,0.38,0.46,0.64,0.67,"",0,0.0,72,30.1,71,29.6,70,28.9,845686,14.8,7440,3.8,230,10.7,-207,-11.3
"31111","5","518210","78","0","2022","4","N",1,0,0,0,0,0,0,0,"N",0.21,0,0,0,0,0,0,0,"N",0,0.0,0,0,0,0,0,0,0,0,0,0,0,0,0,0
"31121","5","518210","78","0","2022","4","N",1,0,0,0,0,0,0,0,"N",0.86,0,0,0,0,0,0,0,"N",1,100.0,0,0,0,0,0,0,0,0,0,0,0,0,0,0
"31139","5","518210","78","0","2022","4","N",1,0,0,0,0,0,0,0,"N",0.99,0,0,0,0,0,0,0,"N",0,0.0,0,0,0,0,0,0,0,0,0,0,0,0,0,0
"31145","5","518210","78","0","2022","4","N",1,0,0,0,0,0,0,0,"N",0.54,0,0,0,0,0,0,0,"N",0,0.0,0,0,0,0,0,0,0,0,0,0,0,0,0,0
"31153","5","518210","78","0","2022","4","",17,109,109,112,2878423,97667,718,2013,"",0.92,0.45,0.46,0.47,0.39,0.39,0.28,0.84,"",1,6.2,-3,-2.7,-2,-1.8,-1,-0.9,-34892,-1.2,-982,-1.0,-73,-9.2,12,0.6
"31157","5","518210","78","0","2022","4","N",2,0,0,0,0,0,0,0,"N",0.37,0,0,0,0,0,0,0,"N",0,0.0,0,0,0,0,0,0,0,0,0,0,0,0,0,0
"31173","5","518210","78","0","2022","4","N",1,0,0,0,0,0,0,0,"N",1.46,0,0,0,0,0,0,0,"N",0,0.0,0,0,0,0,0,0,0,0,0,0,0,0,0,0
"31177","5","518210","78","0","2022","4","N",1,0,0,0,0,0,0,0,"N",0.35,0,0,0,0,0,0,0,"N",-2,-66.7,0,0,0,0,0,0,0,0,0,0,0,0,0,0
"31185","5","518210","78","0","2022","4","N",1,0,0,0,0,0,0,0,"N",0.37,0,0,0,0,0,0,0,"N",0,0.0,0,0,0,0,0,0,0,0,0,0,0,0,0,0
"31999","5","518210","78","0","2022","4","",183,401,400,396,10656945,370204,4208,2055,"",4.18,3.55,3.53,3.54,1.91,1.95,1.24,0.54,"",-4,-2.1,29,7.8,40,11.1,40,11.2,2062556,24.0,-306337,-45.3,-4069,-49.2,232,12.7
"32000","5","518210","58","0","2022","4","",366,3198,3165,3186,112577533,11338376,228631,2721,"",0.82,0.67,0.66,0.67,0.67,0.57,0.65,1.01,"",19,5.5,379,13.4,338,12.0,356,12.6,4041297,3.7,-1976119,-14.8,-42917,-15.8,-234,-7.9
"32001","5","518210","78","0","2022","4","N",4,0,0,0,0,0,0,0,"N",1.53,0,0,0,0,0,0,0,"N",2,100.0,0,0,0,0,0,0,0,0,0,0,0,0,0,0
"32003","5","518210","78","0","2022","4","",269,2018,1998,2015,75500059,6557927,133844,2889,"",1.03,0.59,0.58,0.59,0.65,0.45,0.52,1.10,"",18,7.2,269,15.4,253,14.5,257,14.6,13391596,21.6,-2205632,-25.2,-54324,-28.9,160,5.9
"32005","5","518210","78","0","2022","4","",10,29,30,29,922081,151096,3493,2418,"",1.20,0.46,0.49,0.47,0.42,0.62,0.83,0.89,"",2,25.0,11,61.1,10,50.0,12,70.6,93840,11.3,52656,53.5,1749,100.3,-1057,-30.4
"32007","5","518210","78","0","2022","4","N",2,0,0,0,0,0,0,0,"N",0.34,0,0,0,0,0,0,0,"N",0,0.0,0,0,0,0,0,0,0,0,0,0,0,0,0,0
"32019","5","518210","78","0","2022","4","N",2,0,0,0,0,0,0,0,"N",0.43,0,0,0,0,0,0,0,"N",-1,-33.3,0,0,0,0,0,0,0,0,0,0,0,0,0,0
"32029","5","518210","78","0","2022","4","",5,339,342,341,13235548,1354240,19862,2989,"",4.94,5.53,5.54,5.48,4.87,5.36,4.11,0.88,"",1,25.0,43,14.5,42,14.0,34,11.1,1666217,14.4,-125861,-8.5,-1600,-7.5,32,1.1
"32031","5","518210","78","0","2022","4","",57,645,631,629,18688540,2553178,52751,2264,"",0.83,0.86,0.84,0.84,0.69,0.88,1.07,0.81,"",0,0.0,27,4.4,11,1.8,20,3.3,-1664660,-8.2,59469,2.4,2265,4.5,-279,-11.0
"32510","5","518210","78","0","2022","4","N",4,0,0,0,0,0,0,0,"N",0.45,0,0,0,0,0,0,0,"N",0,0.0,0,0,0,0,0,0,0,0,0,0,0,0,0,0
"32999","5","518210","78","0","2022","4","N",13,0,0,0,0,0,0,0,"N",0.17,0,0,0,0,0,0,0,"N",-3,-18.8,0,0,0,0,0,0,0,0,0,0,0,0,0,0
"33000","5","518210","58","0","2022","4","",351,1667,1686,1673,58137951,2460187,27109,2669,"",1.29,0.78,0.79,0.78,0.65,0.99,1.03,0.83,"",94,36.6,232,16.2,234,16.1,200,13.6,10365504,21.7,137784,5.9,-29306,-51.9,140,5.5
"33001","5","518210","78","0","2022","4","N",4,0,0,0,0,0,0,0,"N",0.43,0,0,0,0,0,0,0,"N",0,0.0,0,0,0,0,0,0,0,0,0,0,0,0,0,0
"33003","5","518210","78","0","2022","4","N",1,0,0,0,0,0,0,0,"N",0.11,0,0,0,0,0,0,0,"N",0,0.0,0,0,0,0,0,0,0,0,0,0,0,0,0,0
"33005","5","518210","78","0","2022","4","N",2,0,0,0,0,0,0,0,"N",0.21,0,0,0,0,0,0,0,"N",1,100.0,0,0,0,0,0,0,0,0,0,0,0,0,0,0
"33007","5","518210","78","0","2022","4","N",1,0,0,0,0,0,0,0,"N",0.23,0,0,0,0,0,0,0,"N",0,0.0,0,0,0,0,0,0,0,0,0,0,0,0,0,0
"33009","5","518210","78","0","2022","4","",4,52,52,52,1140444,9180,85,1687,"",0.27,0.31,0.31,0.31,0.17,0.06,0.07,0.54,"N",-2,-33.3,0,0,0,0,0,0,0,0,0,0,0,0,0,0
"33011","5","518210","78","0","2022","4","",34,388,394,386,14071285,992858,3515,2780,"",0.63,0.61,0.61,0.60,0.51,1.35,0.46,0.83,"",0,0.0,37,10.5,40,11.3,33,9.3,1901642,15.6,664416,202.3,-548,-13.5,126,4.7
"33013","5","518210","78","0","2022","4","",11,27,27,28,1224404,29186,383,3446,"",0.47,0.11,0.11,0.12,0.12,0.12,0.16,1.06,"",2,22.2,6,28.6,7,35.0,7,33.3,270537,28.4,-15054,-34.0,-552,-59.0,-104,-2.9
"33015","5","518210","78","0","2022","4","",37,343,350,349,8536146,628590,8903,1890,"",0.74,0.71,0.72,0.72,0.45,1.02,1.44,0.63,"",7,23.3,98,40.0,97,38.3,84,31.7,2417228,39.5,254367,68.0,680,8.3,39,2.1
"33017","5","518210","78","0","2022","4","N",8,0,0,0,0,0,0,0,"N",0.60,0,0,0,0,0,0,0,"N",3,60.0,0,0,0,0,0,0,0,0,0,0,0,0,0,0
"33019","5","518210","78","0","2022","4","N",4,0,0,0,0,0,0,0,"N",0.82,0,0,0,0,0,0,0,"N",1,33.3,0,0,0,0,0,0,0,0,0,0,0,0,0,0
"33999","5","518210","78","0","2022","4","",245,584,593,591,28145697,665907,12783,3674,"",3.11,4.23,4.24,4.23,2.54,3.03,3.47,0.60,"",82,50.3,111,23.5,107,22.0,92,18.4,4794951,20.5,-106809,-13.8,-12084,-48.6,-22,-0.6
"34000","5","518210","58","0","2022","4","",1036,14630,14361,14362,518395452,55556268,977216,2759,"",0.75,1.10,1.07,1.07,0.90,1.13,0.98,0.83,"",43,4.3,2781,23.5,2485,20.9,2426,20.3,42188587,8.9,9323328,20.2,74318,8.2,-323,-10.5
"34001","5","518210","78","0","2022","4","N",8,0,0,0,0,0,0,0,"N",0.26,0,0,0,0,0,0,0,"N",0,0.0,0,0,0,0,0,0,0,0,0,0,0,0,0,0
"34003","5","518210","78","0","2022","4","",93,2293,2285,2259,66895146,4753727,75911,2258,"",0.61,1.66,1.64,1.61,1.11,0.90,0.74,0.68,"",2,2.2,-25,-1.1,-40,-1.7,-52,-2.3,-754344,-1.1,-331475,-6.5,4998,7.0,13,0.6
"34005","5","518210","78","0","2022","4","",28,136,138,140,2502350,702627,12111,1395,"",0.53,0.21,0.21,0.21,0.10,0.30,0.27,0.47,"",-6,-17.6,-81,-37.3,-76,-35.5,-73,-34.3,-1083451,-30.2,-691251,-49.6,-12626,-51.0,110,8.6
"34007","5","518210","78","0","2022","4","",24,77,80,80,1741984,281969,4244,1696,"",0.40,0.12,0.12,0.12,0.07,0.12,0.09,0.59,"",0,0.0,-34,-30.6,-33,-29.2,-16,-16.7,-675261,-27.9,-151794,-35.0,-379,-8.2,-47,-2.7
"34009","5","518210","78","0","2022","4","",4,8,8,8,219885,58050,1238,2114,"",0.23,0.06,0.07,0.07,0.07,0.13,0.09,1.01,"N",2,100.0,0,0,0,0,0,0,0,0,0,0,0,0,0,0
"34011","5","518210","78","0","2022","4","N",3,0,0,0,0,0,0,0,"N",0.19,0,0,0,0,0,0,0,"N",1,50.0,0,0,0,0,0,0,0,0,0,0,0,0,0,0
"34013","5","518210","78","0","2022","4","",51,2265,2306,2318,77464315,12090792,97551,2595,"",0.51,2.10,2.13,2.13,1.61,3.37,1.39,0.76,"",2,4.1,1866,467.7,1847,402.4,1815,360.8,60267031,350.4,10275301,566.0,76787,369.8,-321,-11.0
"34015","5","518210","78","0","2022","4","",12,77,76,76,1709188,390042,9796,1722,"",0.39,0.20,0.19,0.19,0.14,0.27,0.34,0.73,"",4,50.0,4,5.5,3,4.1,6,8.6,291978,20.6,-75269,-16.2,-1838,-15.8,208,13.7
"34017","5","518210","78","0","2022","4","",68,2200,2183,2208,78951891,6794687,105010,2764,"",0.84,2.55,2.49,2.51,1.90,2.07,1.63,0.75,"",6,9.7,481,28.0,464,27.0,453,25.8,17218113,27.9,1234004,22.2,17802,20.4,21,0.8
"34019","5","518210","78","0","2022","4","",9,27,27,26,1116374,61340,1403,3220,"",0.51,0.19,0.19,0.18,0.20,0.13,0.15,1.06,"",2,28.6,-4,-12.9,-8,-22.9,-9,-25.7,52005,4.9,-82509,-57.4,-5,-0.4,788,32.4
"34021","5","518210","78","0","2022","4","",32,328,331,332,10195830,1270522,22687,2374,"",0.62,0.39,0.39,0.39,0.27,0.58,0.53,0.69,"",-7,-17.9,-157,-32.4,-165,-33.3,-171,-34.0,-4751937,-31.8,-831849,-39.6,-19517,-46.2,50,2.2
"34023","5","518210","78","0","2022","4","",64,1322,835,844,35441952,2401679,43404,2725,"",0.60,0.96,0.60,0.60,0.59,0.45,0.41,0.82,"",-2,-3.0,-28,-2.1,-493,-37.1,-480,-36.3,-14237432,-28.7,-1293086,-35.0,-19674,-31.2,-140,-4.9
"34025","5","518210","78","0","2022","4","",38,709,715,706,21153237,1349604,27538,2292,"",0.41,0.84,0.84,0.83,0.65,0.45,0.46,0.78,"",4,11.8,-102,-12.6,-89,-11.1,-75,-9.6,-200410,-0.9,-693105,-33.9,-10709,-28.0,235,11.4
"34027","5","518210","78","0","2022","4","",30,561,546,543,19628147,1257785,30312,2745,"",0.39,0.60,0.58,0.57,0.39,0.39,0.47,0.67,"",-5,-14.3,-7,-1.2,-15,-2.7,-11,-2.0,-1961849,-9.1,-197150,-13.6,5324,21.3,-215,-7.3
"34029","5","518210","78","0","2022","4","",26,116,120,121,2035203,524407,14478,1316,"",0.39,0.21,0.21,0.21,0.11,0.24,0.33,0.55,"",1,4.0,-12,-9.4,-8,-6.2,-6,-4.7,102588,5.3,-14178,-2.6,1463,11.2,152,13.1
"34031","5","518210","78","0","2022","4","",12,117,116,115,3154148,338831,5298,2092,"",0.19,0.22,0.21,0.21,0.17,0.16,0.13,0.78,"",-5,-29.4,-48,-29.1,-52,-31.0,-24,-17.3,-563681,-15.2,-292597,-46.3,-3786,-41.7,274,15.1
"34033","5","518210","78","0","2022","4","N",4,0,0,0,0,0,0,0,"N",0.64,0,0,0,0,0,0,0,"N",2,100.0,0,0,0,0,0,0,0,0,0,0,0,0,0,0
"34035","5","518210","78","0","2022","4","",34,399,394,398,13236531,859269,16482,2565,"",0.73,0.66,0.65,0.65,0.42,0.41,0.40,0.64,"",-3,-8.1,-10,-2.4,-16,-3.9,-11,-2.7,-1284331,-8.8,-45451,-5.0,-2067,-11.1,-164,-6.0
"34037","5","518210","78","0","2022","4","N",2,0,0,0,0,0,0,0,"N",0.13,0,0,0,0,0,0,0,"N",0,0.0,0,0,0,0,0,0,0,0,0,0,0,0,0,0
"34039","5","518210","78","0","2022","4","",18,165,159,159,4817728,566542,12768,2302,"",0.26,0.23,0.22,0.22,0.15,0.21,0.24,0.66,"",-1,-5.3,-17,-9.3,-25,-13.6,-23,-12.6,-368243,-7.1,-92156,-14.0,-2599,-16.9,118,5.4
"34041","5","518210","78","0","2022","4","N",5,0,0,0,0,0,0,0,"N",0.41,0,0,0,0,0,0,0,"N",-1,-16.7,0,0,0,0,0,0,0,0,0,0,0,0,0,0
"34999","5","518210","78","0","2022","4","",471,3547,3773,3753,174700021,20499442,464198,3641,"",2.31,5.23,5.38,5.27,3.59,5.23,4.64,0.68,"",47,11.1,935,35.8,1182,45.6,1084,40.6,-9332185,-5.1,2663658,14.9,42808,10.2,-1754,-32.5
"35000","3","518210","58","0","2022","4","",21,268,270,265,5056613,22366,75,1453,"",36.50,17.66,17.67,17.40,20.43,3.69,8.21,1.16,"",1,5.0,66,32.7,65,31.7,66,33.2,946921,23.0,13106,141.5,44,141.9,-112,-7.2
"35000","5","518210","58","0","2022","4","",516,1019,1018,1007,29195645,4617740,35964,2213,"",1.79,0.38,0.38,0.37,0.35,0.61,0.65,0.92,"",202,64.3,279,37.7,240,30.8,212,26.7,9283699,46.6,1228111,36.2,6413,21.7,226,11.4
"35001","3","518210","78","0","2022","4","",2,122,121,122,2118621,0,0,1339,"",10.56,19.90,19.59,19.81,20.38,0.00,0.00,1.03,"N",1,100.0,0,0,0,0,0,0,0,0,0,0,0,0,0,0
"35001","5","518210","78","0","2022","4","",173,396,388,389,10318030,1850719,15422,2030,"",1.82,0.37,0.36,0.36,0.29,0.62,0.74,0.81,"",62,55.9,89,29.0,60,18.3,35,9.9,3874121,60.1,260496,16.4,1924,14.3,526,35.0
"35003","5","518210","78","0","2022","4","N",2,0,0,0,0,0,0,0,"N",3.62,0,0,0,0,0,0,0,"N",0,0.0,0,0,0,0,0,0,0,0,0,0,0,0,0,0
"35005","3","518210","78","0","2022","4","",2,12,11,11,122089,0,0,829,"",125.58,31.10,28.22,28.50,25.03,0.00,0.00,0.86,"N",0,0.0,0,0,0,0,0,0,0,0,0,0,0,0,0,0
"35005","5","518210","78","0","2022","4","N",5,0,0,0,0,0,0,0,"N",0.63,0,0,0,0,0,0,0,"N",3,150.0,0,0,0,0,0,0,0,0,0,0,0,0,0,0
"35006","3","518210","78","0","2022","4","",2,4,4,5,60478,0,0,1074,"",521.92,33.84,33.49,42.15,42.80,0.00,0.00,1.17,"N",0,0.0,0,0,0,0,0,0,0,0,0,0,0,0,0,0
"35006","5","518210","78","0","2022","4","N",1,0,0,0,0,0,0,0,"N",0.52,0,0,0,0,0,0,0,"N",1,100.0,0,0,0,0,0,0,0,0,0,0,0,0,0,0
"35007","5","518210","78","0","2022","4","N",2,0,0,0,0,0,0,0,"N",0.86,0,0,0,0,0,0,0,"N",2,100.0,0,0,0,0,0,0,0,0,0,0,0,0,0,0
"35009","3","518210","78","0","2022","4","",2,10,10,9,124885,0,0,994,"",175.00,31.70,31.53,28.34,31.21,0.00,0.00,1.02,"N",0,0.0,0,0,0,0,0,0,0,0,0,0,0,0,0,0
"35009","5","518210","78","0","2022","4","N",2,0,0,0,0,0,0,0,"N",0.35,0,0,0,0,0,0,0,"N",2,100.0,0,0,0,0,0,0,0,0,0,0,0,0,0,0
"35013","3","518210","78","0","2022","4","",1,22,24,20,302793,0,0,1059,"",21.02,16.06,17.50,14.67,16.75,0.00,0.00,1.04,"N",0,0.0,0,0,0,0,0,0,0,0,0,0,0,0,0,0
"35013","5","518210","78","0","2022","4","",36,100,98,104,1299267,418975,2334,993,"",1.51,0.41,0.41,0.43,0.21,0.61,0.40,0.51,"",18,100.0,7,7.5,5,5.4,12,13.0,307504,31.0,80436,23.8,615,35.8,170,20.7
"35015","3","518210","78","0","2022","4","",2,7,7,7,187057,2255,9,2056,"",119.63,13.03,12.94,13.03,16.53,8.70,27.89,1.27,"N",0,0.0,0,0,0,0,0,0,0,0,0,0,0,0,0,0
"35015","5","518210","78","0","2022","4","N",4,0,0,0,0,0,0,0,"N",0.48,0,0,0,0,0,0,0,"N",3,300.0,0,0,0,0,0,0,0,0,0,0,0,0,0,0
"35017","5","518210","78","0","2022","4","N",3,0,0,0,0,0,0,0,"N",0.92,0,0,0,0,0,0,0,"N",1,50.0,0,0,0,0,0,0,0,0,0,0,0,0,0,0
"35025","3","518210","78","0","2022","4","",1,6,6,6,144619,0,0,1854,"",52.63,10.62,10.55,10.51,13.56,0.00,0.00,1.28,"N",0,0.0,0,0,0,0,0,0,0,0,0,0,0,0,0,0
"35025","5","518210","78","0","2022","4","N",1,0,0,0,0,0,0,0,"N",0.11,0,0,0,0,0,0,0,"N",1,100.0,0,0,0,0,0,0,0,0,0,0,0,0,0,0
"35027","3","518210","78","0","2022","4","",1,5,5,5,70131,0,0,1079,"",132.96,42.50,42.30,42.51,51.05,0.00,0.00,1.20,"N",1,100.0,0,0,0,0,0,0,0,0,0,0,0,0,0,0
"35027","5","518210","78","0","2022","4","N",1,0,0,0,0,0,0,0,"N",0.27,0,0,0,0,0,0,0,"N",1,100.0,0,0,0,0,0,0,0,0,0,0,0,0,0,0
"35028","3","518210","78","0","2022","4","",1,23,25,23,687621,0,0,2235,"",201.25,65.03,70.00,64.01,59.44,0.00,0.00,0.90,"N",0,0.0,0,0,0,0,0,0,0,0,0,0,0,0,0,0
"35028","5","518210","78","0","2022","4","",12,22,23,23,847528,84414,827,2876,"",4.82,0.35,0.37,0.36,0.22,0.66,1.38,0.60,"",6,100.0,13,144.4,14,155.6,13,130.0,172318,25.5,72818,628.0,711,612.9,-2689,-48.3
"35029","5","518210","78","0","2022","4","N",1,0,0,0,0,0,0,0,"N",0.41,0,0,0,0,0,0,0,"N",-1,-50.0,0,0,0,0,0,0,0,0,0,0,0,0,0,0
"35031","3","518210","78","0","2022","4","",2,11,11,10,165308,0,0,1192,"",183.09,30.93,30.75,27.86,38.03,0.00,0.00,1.28,"N",0,0.0,0,0,0,0,0,0,0,0,0,0,0,0,0,0
"35031","5","518210","78","0","2022","4","N",2,0,0,0,0,0,0,0,"N",0.37,0,0,0,0,0,0,0,"N",1,100.0,0,0,0,0,0,0,0,0,0,0,0,0,0,0
"35035","3","518210","78","0","2022","4","-",0,0,0,0,0,0,0,0,"N",0.00,0,0,0,0,0,0,0,"N",-1,-100.0,0,0,0,0,0,0,0,0,0,0,0,0,0,0
"35035","5","518210","78","0","2022","4","",6,5,5,3,119423,44403,409,2120,"",1.07,0.09,0.09,0.05,0.08,0.37,0.58,1.07,"",-2,-25.0,-1,-16.7,-3,-37.5,-2,-40.0,-23910,-16.7,-10451,-19.1,-71,-14.8,379,21.8
"35037","3","518210","78","0","2022","4","",1,0,0,0,5197,0,0,0,"",349.22,0.00,0.00,0.00,9.67,0.00,0.00,0.00,"N",0,0.0,0,0,0,0,0,0,0,0,0,0,0,0,0,0
"35039","5","518210","78","0","2022","4","N",3,0,0,0,0,0,0,0,"N",0.75,0,0,0,0,0,0,0,"N",0,0.0,0,0,0,0,0,0,0,0,0,0,0,0,0,0
"35041","5","518210","78","0","2022","4","N",1,0,0,0,0,0,0,0,"N",0.49,0,0,0,0,0,0,0,"N",1,100.0,0,0,0,0,0,0,0,0,0,0,0,0,0,0
"35043","5","518210","78","0","2022","4","",35,43,44,43,1402954,219401,1990,2490,"",2.68,0.42,0.42,0.42,0.45,0.79,1.04,1.08,"",14,66.7,12,38.7,10,29.4,13,43.3,358041,34.3,2777,1.3,-581,-22.6,-48,-1.9
"35045","3","518210","78","0","2022","4","",2,17,17,17,437726,0,0,1981,"",77.91,20.92,20.82,20.79,35.14,0.00,0.00,1.69,"N",0,0.0,0,0,0,0,0,0,0,0,0,0,0,0,0,0
"35045","5","518210","78","0","2022","4","N",6,0,0,0,0,0,0,0,"N",0.47,0,0,0,0,0,0,0,"N",3,100.0,0,0,0,0,0,0,0,0,0,0,0,0,0,0
"35047","5","518210","78","0","2022","4","N",1,0,0,0,0,0,0,0,"N",0.29,0,0,0,0,0,0,0,"N",1,100.0,0,0,0,0,0,0,0,0,0,0,0,0,0,0
"35049","3","518210","78","0","2022","4","",1,23,23,24,524977,0,0,1731,"",17.51,21.08,20.87,21.79,27.76,0.00,0.00,1.31,"N",0,0.0,0,0,0,0,0,0,0,0,0,0,0,0,0,0
"35049","5","518210","78","0","2022","4","",69,68,69,61,2513175,240013,2268,2929,"",2.41,0.35,0.36,0.31,0.39,0.46,0.71,1.15,"",28,68.3,17,33.3,17,32.7,13,27.1,1208364,92.6,6569,2.8,-1944,-46.2,935,46.9
"35051","5","518210","78","0","2022","4","N",1,0,0,0,0,0,0,0,"N",0.61,0,0,0,0,0,0,0,"N",0,0.0,0,0,0,0,0,0,0,0,0,0,0,0,0,0
"35053","5","518210","78","0","2022","4","N",2,0,0,0,0,0,0,0,"N",1.17,0,0,0,0,0,0,0,"N",1,100.0,0,0,0,0,0,0,0,0,0,0,0,0,0,0
"35055","5","518210","78","0","2022","4","",12,17,18,18,431136,73124,855,1877,"",1.94,0.51,0.54,0.51,0.55,0.70,0.71,1.05,"",9,300.0,8,88.9,9,100.0,9,100.0,252110,140.8,15011,25.8,118,16.0,347,22.7
"35057","5","518210","78","0","2022","4","N",1,0,0,0,0,0,0,0,"N",0.64,0,0,0,0,0,0,0,"N",0,0.0,0,0,0,0,0,0,0,0,0,0,0,0,0,0
"35059","5","518210","78","0","2022","4","N",1,0,0,0,0,0,0,0,"N",1.27,0,0,0,0,0,0,0,"N",1,100.0,0,0,0,0,0,0,0,0,0,0,0,0,0,0
"35061","3","518210","78","0","2022","4","",1,6,6,6,105111,20111,66,1348,"",76.55,20.13,20.02,19.99,27.81,161.67,334.69,1.39,"N",0,0.0,0,0,0,0,0,0,0,0,0,0,0,0,0,0
"35061","5","518210","78","0","2022","4","N",6,0,0,0,0,0,0,0,"N",0.92,0,0,0,0,0,0,0,"N",3,100.0,0,0,0,0,0,0,0,0,0,0,0,0,0,0
"35999","5","518210","78","0","2022","4","",127,163,164,164,5371973,787755,6611,2525,"",5.37,1.94,1.97,1.99,1.53,1.94,1.26,0.78,"",43,51.2,69,73.4,62,60.8,61,59.2,2602168,93.9,291366,58.7,2708,69.4,387,18.1
"36000","3","518210","58","0","2022","4","",3,28,28,29,445931,0,0,1211,"",0.52,0.17,0.16,0.17,0.10,0.00,0.00,0.62,"",0,0.0,0,0.0,0,0.0,0,0.0,-84145,-15.9,0,0.0,0,0.0,-228,-15.8
"36000","5","518210","58","0","2022","4","",1785,27896,27736,27759,1231719344,29494588,910963,3409,"",0.61,0.93,0.92,0.93,0.84,0.98,1.02,0.90,"",300,20.2,6190,28.5,6078,28.1,5936,27.2,196686469,19.0,1315751,4.7,-191595,-17.4,-255,-7.0
"36001","5","518210","78","0","2022","4","",44,862,847,851,19222987,695867,19083,1733,"",0.97,1.20,1.17,1.17,0.64,1.24,1.18,0.54,"",5,12.8,9,1.1,8,1.0,-23,-2.6,1969521,11.4,-145774,-17.3,-11432,-37.5,181,11.7
"36005","5","518210","78","0","2022","4","",6,9,10,13,279357,14203,522,2015,"",0.07,0.01,0.01,0.01,0.01,0.02,0.02,0.71,"N",4,200.0,0,0,0,0,0,0,0,0,0,0,0,0,0,0
"36007","5","518210","78","0","2022","4","N",7,0,0,0,0,0,0,0,"N",0.38,0,0,0,0,0,0,0,"N",0,0.0,0,0,0,0,0,0,0,0,0,0,0,0,0,0
"36011","5","518210","78","0","2022","4","N",1,0,0,0,0,0,0,0,"N",0.14,0,0,0,0,0,0,0,"N",1,100.0,0,0,0,0,0,0,0,0,0,0,0,0,0,0
"36017","5","518210","78","0","2022","4","N",1,0,0,0,0,0,0,0,"N",0.22,0,0,0,0,0,0,0,"N",-1,-50.0,0,0,0,0,0,0,0,0,0,0,0,0,0,0
"36019","5","518210","78","0","2022","4","N",1,0,0,0,0,0,0,0,"N",0.12,0,0,0,0,0,0,0,"N",0,0.0,0,0,0,0,0,0,0,0,0,0,0,0,0,0
"36021","5","518210","78","0","2022","4","",5,32,28,27,1225787,33856,822,3251,"",0.54,0.48,0.42,0.42,0.61,0.58,0.48,1.38,"N",2,66.7,0,0,0,0,0,0,0,0,0,0,0,0,0,0
"36025","5","518210","78","0","2022","4","N",1,0,0,0,0,0,0,0,"N",0.19,0,0,0,0,0,0,0,"N",0,0.0,0,0,0,0,0,0,0,0,0,0,0,0,0,0
"36027","5","518210","78","0","2022","4","",15,217,217,228,7959136,5380047,219972,2775,"",0.40,0.62,0.62,0.65,0.60,16.46,23.16,0.96,"",6,66.7,33,17.9,32,17.3,39,20.6,2742723,52.6,5303165,6897.8,216490,6217.4,618,28.7
"36029","5","518210","78","0","2022","4","",45,593,611,624,17089086,682648,25581,2157,"",0.43,0.41,0.42,0.43,0.34,0.52,0.67,0.81,"",0,0.0,98,19.8,119,24.2,130,26.3,5213592,43.9,-145286,-17.5,-8202,-24.3,307,16.6
"36031","5","518210","78","0","2022","4","N",1,0,0,0,0,0,0,0,"N",0.18,0,0,0,0,0,0,0,"N",0,0.0,0,0,0,0,0,0,0,0,0,0,0,0,0,0
"36035","5","518210","78","0","2022","4","N",2,0,0,0,0,0,0,0,"N",0.39,0,0,0,0,0,0,0,"N",1,100.0,0,0,0,0,0,0,0,0,0,0,0,0,0,0
"36037","5","518210","78","0","2022","4","N",1,0,0,0,0,0,0,0,"N",0.16,0,0,0,0,0,0,0,"N",0,0.0,0,0,0,0,0,0,0,0,0,0,0,0,0,0
"36039","5","518210","78","0","2022","4","N",2,0,0,0,0,0,0,0,"N",0.35,0,0,0,0,0,0,0,"N",0,0.0,0,0,0,0,0,0,0,0,0,0,0,0,0,0
"36043","5","518210","78","0","2022","4","N",1,0,0,0,0,0,0,0,"N",0.18,0,0,0,0,0,0,0,"N",1,100.0,0,0,0,0,0,0,0,0,0,0,0,0,0,0
"36045","5","518210","78","0","2022","4","N",2,0,0,0,0,0,0,0,"N",0.16,0,0,0,0,0,0,0,"N",0,0.0,0,0,0,0,0,0,0,0,0,0,0,0,0,0
"36047","5","518210","78","0","2022","4","",155,756,744,760,25432034,866847,27952,2597,"",0.51,0.28,0.28,0.28,0.29,0.27,0.31,1.04,"",32,26.0,164,27.7,140,23.2,148,24.2,2279784,9.8,-101192,-10.5,-8566,-23.5,-358,-12.1
"36049","5","518210","78","0","2022","4","N",1,0,0,0,0,0,0,0,"N",0.39,0,0,0,0,0,0,0,"N",0,0.0,0,0,0,0,0,0,0,0,0,0,0,0,0,0
"36051","5","518210","78","0","2022","4","N",2,0,0,0,0,0,0,0,"N",0.32,0,0,0,0,0,0,0,"N",0,0.0,0,0,0,0,0,0,0,0,0,0,0,0,0,0
"36053","5","518210","78","0","2022","4","N",1,0,0,0,0,0,0,0,"N",0.15,0,0,0,0,0,0,0,"N",1,100.0,0,0,0,0,0,0,0,0,0,0,0,0,0,0
"36055","5","518210","78","0","2022","4","",39,369,363,365,6611415,227334,6224,1391,"",0.47,0.31,0.30,0.30,0.16,0.22,0.20,0.53,"",7,21.9,-61,-14.2,-51,-12.3,-46,-11.2,226591,3.5,57493,33.9,83,1.4,217,18.5
"36057","5","518210","78","0","2022","4","-",0,0,0,0,0,0,0,0,"N",0.00,0,0,0,0,0,0,0,"N",-1,-100.0,0,0,0,0,0,0,0,0,0,0,0,0,0,0
"36059","5","518210","78","0","2022","4","",98,1617,1622,1625,52987051,1552616,38550,2514,"",0.42,0.81,0.81,0.81,0.63,0.77,0.65,0.78,"",3,3.2,73,4.7,93,6.1,94,6.1,6414201,13.8,-13644,-0.9,-19216,-33.3,180,7.7
"36061","5","518210","78","0","2022","4","",576,14933,14834,14776,796644297,12467925,348592,4127,"",1.06,1.95,1.93,1.92,1.25,1.53,1.42,0.65,"",55,10.6,4820,47.7,4820,48.1,4692,46.5,168390831,26.8,-2289942,-15.5,-220881,-38.8,-672,-14.0
"36063","5","518210","78","0","2022","4","N",4,0,0,0,0,0,0,0,"N",0.19,0,0,0,0,0,0,0,"N",0,0.0,0,0,0,0,0,0,0,0,0,0,0,0,0,0
"36065","5","518210","78","0","2022","4","",8,18,15,19,377146,33283,831,1674,"",0.36,0.06,0.05,0.06,0.04,0.14,0.12,0.69,"",1,14.3,-7,-28.0,-9,-37.5,-11,-36.7,-253733,-40.2,-38891,-53.9,-1119,-57.4,-169,-9.2
"36067","5","518210","78","0","2022","4","",29,323,322,327,4200273,260603,8196,997,"",0.53,0.42,0.41,0.42,0.15,0.39,0.42,0.36,"",7,31.8,25,8.4,23,7.7,26,8.6,-440831,-9.5,-41293,-13.7,-3841,-31.9,-196,-16.4
"36069","5","518210","78","0","2022","4","N",3,0,0,0,0,0,0,0,"N",0.22,0,0,0,0,0,0,0,"N",-1,-25.0,0,0,0,0,0,0,0,0,0,0,0,0,0,0
"36071","3","518210","78","0","2022","4","",3,28,28,29,445931,0,0,1211,"",31.11,10.32,10.23,10.61,9.38,0.00,0.00,0.90,"",0,0.0,0,0.0,0,0.0,0,0.0,-84145,-15.9,0,0.0,0,0.0,-228,-15.8
"36071","5","518210","78","0","2022","4","",16,135,135,135,2809804,44074,1332,1601,"",0.33,0.28,0.28,0.28,0.17,0.09,0.09,0.62,"",2,14.3,9,7.1,3,2.3,-2,-1.5,575569,25.8,-305698,-87.4,-14830,-91.8,296,22.7
"36075","5","518210","78","0","2022","4","N",2,0,0,0,0,0,0,0,"N",0.20,0,0,0,0,0,0,0,"N",2,100.0,0,0,0,0,0,0,0,0,0,0,0,0,0,0
"36079","5","518210","78","0","2022","4","",4,27,27,29,562733,12936,273,1565,"",0.29,0.32,0.32,0.35,0.18,0.16,0.12,0.55,"",-1,-20.0,0,0.0,0,0.0,2,7.4,-34529,-5.8,-33271,-72.0,-1060,-79.5,-137,-8.0
"36081","5","518210","78","0","2022","4","",70,219,214,214,7170368,206765,7025,2557,"",0.29,0.10,0.09,0.09,0.09,0.09,0.10,0.93,"",12,20.7,7,3.3,-8,-3.6,-1,-0.5,1217990,20.5,-187736,-47.6,-9153,-56.6,440,20.8
"36083","5","518210","78","0","2022","4","",3,131,132,129,2439050,95673,3458,1436,"",0.20,0.73,0.74,0.73,0.35,0.77,0.93,0.48,"N",0,0.0,0,0,0,0,0,0,0,0,0,0,0,0,0,0
"36085","5","518210","78","0","2022","4","",9,95,93,105,1954537,89443,2476,1539,"",0.20,0.23,0.22,0.25,0.13,0.20,0.19,0.56,"N",1,12.5,0,0,0,0,0,0,0,0,0,0,0,0,0,0
"36087","5","518210","78","0","2022","4","",17,187,204,183,3425316,95419,2581,1377,"",0.33,0.45,0.48,0.44,0.23,0.22,0.20,0.51,"N",-1,-5.6,0,0,0,0,0,0,0,0,0,0,0,0,0,0
"36089","5","518210","78","0","2022","4","N",1,0,0,0,0,0,0,0,"N",0.11,0,0,0,0,0,0,0,"N",0,0.0,0,0,0,0,0,0,0,0,0,0,0,0,0,0
"36091","5","518210","78","0","2022","4","",13,149,148,150,7713248,152757,5162,3982,"",0.49,0.53,0.52,0.54,0.75,0.54,0.65,1.42,"",1,8.3,31,26.3,29,24.4,29,24.0,1306827,20.4,28003,22.4,2022,64.4,-148,-3.6
"36093","5","518210","78","0","2022","4","",8,24,22,21,370260,29283,686,1275,"",0.54,0.13,0.12,0.12,0.06,0.20,0.16,0.46,"",0,0.0,1,4.3,-2,-8.3,-2,-8.7,25335,7.3,15693,115.5,257,59.9,138,12.1
"36099","5","518210","78","0","2022","4","N",2,0,0,0,0,0,0,0,"N",0.62,0,0,0,0,0,0,0,"N",0,0.0,0,0,0,0,0,0,0,0,0,0,0,0,0,0
"36101","5","518210","78","0","2022","4","N",3,0,0,0,0,0,0,0,"N",0.33,0,0,0,0,0,0,0,"N",0,0.0,0,0,0,0,0,0,0,0,0,0,0,0,0,0
"36103","5","518210","78","0","2022","4","",60,892,893,887,31953194,689435,19850,2760,"",0.26,0.43,0.43,0.43,0.37,0.34,0.32,0.88,"",4,7.1,70,8.5,70,8.5,55,6.6,-7634666,-19.3,-155680,-18.4,-15570,-44.0,-928,-25.2
"36105","5","518210","78","0","2022","4","N",1,0,0,0,0,0,0,0,"N",0.11,0,0,0,0,0,0,0,"N",0,0.0,0,0,0,0,0,0,0,0,0,0,0,0,0,0
"36107","5","518210","78","0","2022","4","N",2,0,0,0,0,0,0,0,"N",0.54,0,0,0,0,0,0,0,"N",1,100.0,0,0,0,0,0,0,0,0,0,0,0,0,0,0
"36109","5","518210","78","0","2022","4","",7,23,14,22,772595,12922,519,3022,"",0.60,0.15,0.09,0.15,0.14,0.13,0.20,1.09,"",4,133.3,13,130.0,4,40.0,12,120.0,567258,276.3,-26684,-67.4,-1081,-67.6,1442,91.3
"36111","5","518210","78","0","2022","4","",10,91,93,94,1477329,71384,2322,1226,"",0.41,0.49,0.51,0.52,0.25,0.41,0.46,0.49,"",2,25.0,0,0.0,4,4.5,5,5.6,726315,96.7,41291,137.2,1392,149.7,582,90.4
"36113","5","518210","78","0","2022","4","N",2,0,0,0,0,0,0,0,"N",0.20,0,0,0,0,0,0,0,"N",0,0.0,0,0,0,0,0,0,0,0,0,0,0,0,0,0
"36115","5","518210","78","0","2022","4","N",1,0,0,0,0,0,0,0,"N",0.19,0,0,0,0,0,0,0,"N",0,0.0,0,0,0,0,0,0,0,0,0,0,0,0,0,0
"36117","5","518210","78","0","2022","4","N",2,0,0,0,0,0,0,0,"N",0.23,0,0,0,0,0,0,0,"N",-2,-50.0,0,0,0,0,0,0,0,0,0,0,0,0,0,0
"36119","5","518210","78","0","2022","4","",71,2220,2261,2285,98938517,1812951,43393,3375,"",0.45,1.67,1.69,1.72,1.53,1.43,1.15,0.90,"",2,2.9,422,23.5,425,23.1,416,22.3,13457547,15.7,-124444,-6.4,-35473,-45.0,-210,-5.9
"36121","5","518210","78","0","2022","4","N",1,0,0,0,0,0,0,0,"N",0.25,0,0,0,0,0,0,0,"N",1,100.0,0,0,0,0,0,0,0,0,0,0,0,0,0,0
"36999","5","518210","78","0","2022","4","",429,3192,3167,3142,126803844,2917405,89457,3080,"",1.86,4.69,4.60,4.58,2.85,2.40,2.07,0.62,"",150,53.8,762,31.4,701,28.4,685,27.9,4097534,3.3,-263605,-8.3,-36925,-29.2,-771,-20.0
"37000","5","518210","58","0","2022","4","",1525,11755,11909,12034,374160690,36114753,308457,2419,"",1.01,0.78,0.78,0.79,0.71,0.91,1.18,0.90,"",305,25.0,1075,10.1,1228,11.5,1549,14.8,45130184,13.7,1431203,4.1,28056,10.0,35,1.5
"37001","5","518210","78","0","2022","4","",5,29,29,30,567974,73930,1810,1489,"",0.28,0.14,0.14,0.15,0.10,0.13,0.58,0.69,"N",0,0.0,0,0,0,0,0,0,0,0,0,0,0,0,0,0
"37011","5","518210","78","0","2022","4","N",1,0,0,0,0,0,0,0,"N",0.34,0,0,0,0,0,0,0,"N",0,0.0,0,0,0,0,0,0,0,0,0,0,0,0,0,0
"37013","5","518210","78","0","2022","4","N",1,0,0,0,0,0,0,0,"N",0.18,0,0,0,0,0,0,0,"N",0,0.0,0,0,0,0,0,0,0,0,0,0,0,0,0,0
"37015","5","518210","78","0","2022","4","N",1,0,0,0,0,0,0,0,"N",0.70,0,0,0,0,0,0,0,"N",0,0.0,0,0,0,0,0,0,0,0,0,0,0,0,0,0
"37017","5","518210","78","0","2022","4","N",1,0,0,0,0,0,0,0,"N",0.35,0,0,0,0,0,0,0,"N",0,0.0,0,0,0,0,0,0,0,0,0,0,0,0,0,0
"37019","5","518210","78","0","2022","4","N",6,0,0,0,0,0,0,0,"N",0.36,0,0,0,0,0,0,0,"N",3,100.0,0,0,0,0,0,0,0,0,0,0,0,0,0,0
"37021","5","518210","78","0","2022","4","N",46,0,0,0,0,0,0,0,"N",0.89,0,0,0,0,0,0,0,"N",13,39.4,0,0,0,0,0,0,0,0,0,0,0,0,0,0
"37023","5","518210","78","0","2022","4","N",2,0,0,0,0,0,0,0,"N",0.28,0,0,0,0,0,0,0,"N",0,0.0,0,0,0,0,0,0,0,0,0,0,0,0,0,0
"37025","5","518210","78","0","2022","4","N",16,0,0,0,0,0,0,0,"N",0.60,0,0,0,0,0,0,0,"N",4,33.3,0,0,0,0,0,0,0,0,0,0,0,0,0,0
"37027","5","518210","78","0","2022","4","N",1,0,0,0,0,0,0,0,"N",0.15,0,0,0,0,0,0,0,"N",-1,-50.0,0,0,0,0,0,0,0,0,0,0,0,0,0,0
"37029","5","518210","78","0","2022","4","N",1,0,0,0,0,0,0,0,"N",1.11,0,0,0,0,0,0,0,"N",0,0.0,0,0,0,0,0,0,0,0,0,0,0,0,0,0
"37031","5","518210","78","0","2022","4","N",4,0,0,0,0,0,0,0,"N",0.36,0,0,0,0,0,0,0,"N",1,33.3,0,0,0,0,0,0,0,0,0,0,0,0,0,0
"37035","5","518210","78","0","2022","4","N",12,0,0,0,0,0,0,0,"N",0.56,0,0,0,0,0,0,0,"N",0,0.0,0,0,0,0,0,0,0,0,0,0,0,0,0,0
"37037","5","518210","78","0","2022","4","",9,28,28,28,900160,106124,1032,2473,"",1.06,0.51,0.51,0.51,0.59,0.71,1.17,1.15,"",0,0.0,-3,-9.7,-3,-9.7,-4,-12.5,-203109,-18.4,-12085,-10.2,-177,-14.6,-236,-8.7
"37039","5","518210","78","0","2022","4","N",5,0,0,0,0,0,0,0,"N",1.40,0,0,0,0,0,0,0,"N",1,25.0,0,0,0,0,0,0,0,0,0,0,0,0,0,0
"37041","5","518210","78","0","2022","4","N",1,0,0,0,0,0,0,0,"N",0.58,0,0,0,0,0,0,0,"N",0,0.0,0,0,0,0,0,0,0,0,0,0,0,0,0,0
"37045","5","518210","78","0","2022","4","N",6,0,0,0,0,0,0,0,"N",0.62,0,0,0,0,0,0,0,"N",0,0.0,0,0,0,0,0,0,0,0,0,0,0,0,0,0
"37047","5","518210","78","0","2022","4","N",1,0,0,0,0,0,0,0,"N",0.20,0,0,0,0,0,0,0,"N",1,100.0,0,0,0,0,0,0,0,0,0,0,0,0,0,0
"37049","5","518210","78","0","2022","4","",6,23,22,22,456333,42592,353,1572,"",0.53,0.18,0.17,0.17,0.12,0.16,0.28,0.71,"",1,20.0,5,27.8,3,15.8,4,22.2,79582,21.1,3422,8.7,-2,-0.6,-9,-0.6
"37051","5","518210","78","0","2022","4","N",11,0,0,0,0,0,0,0,"N",0.36,0,0,0,0,0,0,0,"N",4,57.1,0,0,0,0,0,0,0,0,0,0,0,0,0,0
"37053","5","518210","78","0","2022","4","N",1,0,0,0,0,0,0,0,"N",0.25,0,0,0,0,0,0,0,"N",0,0.0,0,0,0,0,0,0,0,0,0,0,0,0,0,0
"37055","5","518210","78","0","2022","4","",5,6,6,6,156600,4804,39,2008,"",0.52,0.10,0.10,0.11,0.10,0.03,0.02,1.01,"N",0,0.0,0,0,0,0,0,0,0,0,0,0,0,0,0,0
"37057","5","518210","78","0","2022","4","",3,3,3,3,93475,0,0,2397,"",0.22,0.02,0.02,0.02,0.02,0.00,0.00,1.12,"N",1,50.0,0,0,0,0,0,0,0,0,0,0,0,0,0,0
"37059","5","518210","78","0","2022","4","N",1,0,0,0,0,0,0,0,"N",0.22,0,0,0,0,0,0,0,"N",1,100.0,0,0,0,0,0,0,0,0,0,0,0,0,0,0
"37061","5","518210","78","0","2022","4","N",1,0,0,0,0,0,0,0,"N",0.20,0,0,0,0,0,0,0,"N",0,0.0,0,0,0,0,0,0,0,0,0,0,0,0,0,0
"37063","5","518210","78","0","2022","4","",65,567,565,561,27758693,726353,6251,3784,"",1.41,0.78,0.77,0.77,0.80,0.50,0.71,1.03,"",14,27.5,13,2.3,7,1.3,9,1.6,912524,3.4,-419268,-36.6,-2840,-31.2,61,1.6
"37065","5","518210","78","0","2022","4","N",1,0,0,0,0,0,0,0,"N",0.23,0,0,0,0,0,0,0,"N",1,100.0,0,0,0,0,0,0,0,0,0,0,0,0,0,0
"37067","5","518210","78","0","2022","4","",38,352,345,348,9553793,590839,7286,2110,"",0.82,0.57,0.56,0.57,0.45,0.43,0.96,0.80,"",6,18.8,128,57.1,116,50.7,114,48.7,4533792,90.3,-115463,-16.3,828,12.8,424,25.1
"37069","5","518210","78","0","2022","4","N",4,0,0,0,0,0,0,0,"N",0.62,0,0,0,0,0,0,0,"N",0,0.0,0,0,0,0,0,0,0,0,0,0,0,0,0,0
"37071","5","518210","78","0","2022","4","N",5,0,0,0,0,0,0,0,"N",0.22,0,0,0,0,0,0,0,"N",0,0.0,0,0,0,0,0,0,0,0,0,0,0,0,0,0
"37075","5","518210","78","0","2022","4","N",1,0,0,0,0,0,0,0,"N",1.13,0,0,0,0,0,0,0,"N",0,0.0,0,0,0,0,0,0,0,0,0,0,0,0,0,0
"37077","5","518210","78","0","2022","4","N",1,0,0,0,0,0,0,0,"N",0.22,0,0,0,0,0,0,0,"N",0,0.0,0,0,0,0,0,0,0,0,0,0,0,0,0,0
"37081","5","518210","78","0","2022","4","",38,426,423,416,12588558,565702,3304,2296,"",0.53,0.47,0.46,0.45,0.43,0.24,0.23,0.94,"",10,35.7,-20,-4.5,-20,-4.5,96,30.0,301633,2.5,-491847,-46.5,-4080,-55.3,-49,-2.1
"37083","5","518210","78","0","2022","4","N",1,0,0,0,0,0,0,0,"N",0.22,0,0,0,0,0,0,0,"N",1,100.0,0,0,0,0,0,0,0,0,0,0,0,0,0,0
"37085","5","518210","78","0","2022","4","N",1,0,0,0,0,0,0,0,"N",0.11,0,0,0,0,0,0,0,"N",1,100.0,0,0,0,0,0,0,0,0,0,0,0,0,0,0
"37087","5","518210","78","0","2022","4","N",2,0,0,0,0,0,0,0,"N",0.25,0,0,0,0,0,0,0,"N",1,100.0,0,0,0,0,0,0,0,0,0,0,0,0,0,0
"37089","5","518210","78","0","2022","4","N",12,0,0,0,0,0,0,0,"N",0.74,0,0,0,0,0,0,0,"N",3,33.3,0,0,0,0,0,0,0,0,0,0,0,0,0,0
"37097","5","518210","78","0","2022","4","",13,28,28,25,869009,47261,205,2476,"",0.46,0.11,0.11,0.10,0.10,0.07,0.05,0.97,"",-2,-13.3,-3,-9.7,-3,-9.7,-7,-21.9,165318,23.5,-100144,-67.9,-860,-80.8,748,43.3
"37099","5","518210","78","0","2022","4","N",5,0,0,0,0,0,0,0,"N",0.92,0,0,0,0,0,0,0,"N",0,0.0,0,0,0,0,0,0,0,0,0,0,0,0,0,0
"37101","5","518210","78","0","2022","4","N",16,0,0,0,0,0,0,0,"N",0.80,0,0,0,0,0,0,0,"N",5,45.5,0,0,0,0,0,0,0,0,0,0,0,0,0,0
"37105","5","518210","78","0","2022","4","",6,5,5,7,132719,41470,496,1802,"",0.83,0.06,0.06,0.08,0.06,0.18,0.40,0.84,"",0,0.0,4,400.0,2,66.7,3,75.0,69194,108.9,-13406,-24.4,-53,-9.7,-30,-1.6
"37107","5","518210","78","0","2022","4","N",1,0,0,0,0,0,0,0,"N",0.17,0,0,0,0,0,0,0,"N",0,0.0,0,0,0,0,0,0,0,0,0,0,0,0,0,0
"37109","5","518210","78","0","2022","4","N",6,0,0,0,0,0,0,0,"N",0.61,0,0,0,0,0,0,0,"N",2,50.0,0,0,0,0,0,0,0,0,0,0,0,0,0,0
"37111","5","518210","78","0","2022","4","N",1,0,0,0,0,0,0,0,"N",0.25,0,0,0,0,0,0,0,"N",0,0.0,0,0,0,0,0,0,0,0,0,0,0,0,0,0
"37113","5","518210","78","0","2022","4","N",4,0,0,0,0,0,0,0,"N",0.68,0,0,0,0,0,0,0,"N",1,33.3,0,0,0,0,0,0,0,0,0,0,0,0,0,0
"37115","5","518210","78","0","2022","4","N",3,0,0,0,0,0,0,0,"N",1.37,0,0,0,0,0,0,0,"N",0,0.0,0,0,0,0,0,0,0,0,0,0,0,0,0,0
"37117","5","518210","78","0","2022","4","N",1,0,0,0,0,0,0,0,"N",0.48,0,0,0,0,0,0,0,"N",0,0.0,0,0,0,0,0,0,0,0,0,0,0,0,0,0
"37119","5","518210","78","0","2022","4","",208,2820,2875,2840,110924655,8234993,74679,2999,"",0.98,1.16,1.18,1.16,1.05,1.23,1.69,0.90,"",41,24.6,380,15.6,429,17.5,399,16.3,25463826,29.8,451037,5.8,5817,8.4,307,11.4
"37121","5","518210","78","0","2022","4","N",1,0,0,0,0,0,0,0,"N",0.56,0,0,0,0,0,0,0,"N",0,0.0,0,0,0,0,0,0,0,0,0,0,0,0,0,0
"37123","5","518210","78","0","2022","4","N",3,0,0,0,0,0,0,0,"N",1.19,0,0,0,0,0,0,0,"N",0,0.0,0,0,0,0,0,0,0,0,0,0,0,0,0,0
"37125","5","518210","78","0","2022","4","N",7,0,0,0,0,0,0,0,"N",0.52,0,0,0,0,0,0,0,"N",4,133.3,0,0,0,0,0,0,0,0,0,0,0,0,0,0
"37127","5","518210","78","0","2022","4","",3,9,9,11,89295,27346,39,711,"",0.30,0.07,0.07,0.09,0.03,0.08,0.02,0.33,"N",-1,-25.0,0,0,0,0,0,0,0,0,0,0,0,0,0,0
"37129","5","518210","78","0","2022","4","",31,88,89,94,3138193,300745,3318,2672,"",0.69,0.22,0.22,0.23,0.24,0.28,0.48,1.07,"",5,19.2,39,79.6,42,89.4,47,100.0,1105734,54.4,132906,79.2,1288,63.4,-608,-18.5
"37131","5","518210","78","0","2022","4","N",1,0,0,0,0,0,0,0,"N",0.66,0,0,0,0,0,0,0,"N",0,0.0,0,0,0,0,0,0,0,0,0,0,0,0,0,0
"37133","5","518210","78","0","2022","4","",9,34,33,32,638602,111038,1114,1489,"",0.52,0.20,0.20,0.19,0.16,0.27,0.47,0.80,"",5,125.0,6,21.4,6,22.2,5,18.5,57596,9.9,72517,188.3,768,222.0,-146,-8.9
"37135","5","518210","78","0","2022","4","",38,269,273,273,14938696,595132,5781,4230,"",1.73,1.11,1.12,1.13,1.50,1.56,2.35,1.34,"",6,18.8,49,22.3,47,20.8,46,20.3,514215,3.6,25015,4.4,399,7.4,-716,-14.5
"37137","5","518210","78","0","2022","4","N",2,0,0,0,0,0,0,0,"N",1.39,0,0,0,0,0,0,0,"N",-1,-33.3,0,0,0,0,0,0,0,0,0,0,0,0,0,0
"37139","5","518210","78","0","2022","4","N",2,0,0,0,0,0,0,0,"N",0.43,0,0,0,0,0,0,0,"N",-1,-33.3,0,0,0,0,0,0,0,0,0,0,0,0,0,0
"37141","5","518210","78","0","2022","4","",5,7,6,6,202785,30669,309,2463,"",0.66,0.16,0.13,0.13,0.18,0.25,0.39,1.26,"N",1,25.0,0,0,0,0,0,0,0,0,0,0,0,0,0,0
"37147","5","518210","78","0","2022","4","N",8,0,0,0,0,0,0,0,"N",0.43,0,0,0,0,0,0,0,"N",2,33.3,0,0,0,0,0,0,0,0,0,0,0,0,0,0
"37149","5","518210","78","0","2022","4","N",2,0,0,0,0,0,0,0,"N",0.71,0,0,0,0,0,0,0,"N",0,0.0,0,0,0,0,0,0,0,0,0,0,0,0,0,0
"37151","5","518210","78","0","2022","4","N",1,0,0,0,0,0,0,0,"N",0.08,0,0,0,0,0,0,0,"N",0,0.0,0,0,0,0,0,0,0,0,0,0,0,0,0,0
"37155","5","518210","78","0","2022","4","N",1,0,0,0,0,0,0,0,"N",0.11,0,0,0,0,0,0,0,"N",1,100.0,0,0,0,0,0,0,0,0,0,0,0,0,0,0
"37157","5","518210","78","0","2022","4","N",2,0,0,0,0,0,0,0,"N",0.26,0,0,0,0,0,0,0,"N",0,0.0,0,0,0,0,0,0,0,0,0,0,0,0,0,0
"37159","5","518210","78","0","2022","4","N",1,0,0,0,0,0,0,0,"N",0.07,0,0,0,0,0,0,0,"N",1,100.0,0,0,0,0,0,0,0,0,0,0,0,0,0,0
"37161","5","518210","78","0","2022","4","N",2,0,0,0,0,0,0,0,"N",0.33,0,0,0,0,0,0,0,"N",0,0.0,0,0,0,0,0,0,0,0,0,0,0,0,0,0
"37167","5","518210","78","0","2022","4","N",1,0,0,0,0,0,0,0,"N",0.15,0,0,0,0,0,0,0,"N",0,0.0,0,0,0,0,0,0,0,0,0,0,0,0,0,0
"37171","5","518210","78","0","2022","4","N",1,0,0,0,0,0,0,0,"N",0.12,0,0,0,0,0,0,0,"N",0,0.0,0,0,0,0,0,0,0,0,0,0,0,0,0,0
"37173","5","518210","78","0","2022","4","N",3,0,0,0,0,0,0,0,"N",1.36,0,0,0,0,0,0,0,"N",0,0.0,0,0,0,0,0,0,0,0,0,0,0,0,0,0
"37175","5","518210","78","0","2022","4","N",1,0,0,0,0,0,0,0,"N",0.20,0,0,0,0,0,0,0,"N",0,0.0,0,0,0,0,0,0,0,0,0,0,0,0,0,0
"37179","5","518210","78","0","2022","4","",26,53,54,57,1897014,245613,2490,2669,"",0.85,0.24,0.24,0.26,0.27,0.41,0.67,1.09,"",9,52.9,19,55.9,19,54.3,18,46.2,343095,22.1,108062,78.6,978,64.7,-651,-19.6
"37181","5","518210","78","0","2022","4","N",1,0,0,0,0,0,0,0,"N",0.25,0,0,0,0,0,0,0,"N",0,0.0,0,0,0,0,0,0,0,0,0,0,0,0,0,0
"37183","5","518210","78","0","2022","4","",327,3227,3245,3379,85763574,11220025,93435,2009,"",1.62,1.63,1.63,1.69,1.07,2.13,2.09,0.65,"",62,23.4,-31,-1.0,30,0.9,264,8.5,1637246,1.9,-74746,-0.7,6438,7.4,-16,-0.8
"37185","5","518210","78","0","2022","4","N",1,0,0,0,0,0,0,0,"N",0.70,0,0,0,0,0,0,0,"N",1,100.0,0,0,0,0,0,0,0,0,0,0,0,0,0,0
"37189","5","518210","78","0","2022","4","N",4,0,0,0,0,0,0,0,"N",0.49,0,0,0,0,0,0,0,"N",2,100.0,0,0,0,0,0,0,0,0,0,0,0,0,0,0
"37193","5","518210","78","0","2022","4","N",2,0,0,0,0,0,0,0,"N",0.34,0,0,0,0,0,0,0,"N",1,100.0,0,0,0,0,0,0,0,0,0,0,0,0,0,0
"37195","5","518210","78","0","2022","4","N",1,0,0,0,0,0,0,0,"N",0.11,0,0,0,0,0,0,0,"N",0,0.0,0,0,0,0,0,0,0,0,0,0,0,0,0,0
"37197","5","518210","78","0","2022","4","N",2,0,0,0,0,0,0,0,"N",0.62,0,0,0,0,0,0,0,"N",0,0.0,0,0,0,0,0,0,0,0,0,0,0,0,0,0
"37199","5","518210","78","0","2022","4","N",1,0,0,0,0,0,0,0,"N",0.50,0,0,0,0,0,0,0,"N",0,0.0,0,0,0,0,0,0,0,0,0,0,0,0,0,0
"37999","5","518210","78","0","2022","4","",455,2610,2676,2709,68975447,9346891,79834,1991,"",3.25,3.86,3.92,3.98,1.82,3.68,3.24,0.46,"",96,26.7,490,23.1,555,26.2,561,26.1,13950311,25.4,1440368,18.2,11249,16.4,4,0.2
"38000","3","518210","58","0","2022","4","",2,61,56,57,783267,486599,530,1039,"",6.82,8.08,7.42,7.64,5.91,145.64,102.05,0.77,"N",0,0.0,0,0,0,0,0,0,0,0,0,0,0,0,0,0
"38000","5","518210","58","0","2022","4","",180,422,428,429,9027621,1816803,13844,1629,"",1.22,0.32,0.32,0.33,0.20,0.43,0.44,0.62,"",114,172.7,-28,-6.2,-33,-7.2,-41,-8.7,1314390,17.0,639,0.0,6308,83.7,340,26.4
"38003","5","518210","78","0","2022","4","N",3,0,0,0,0,0,0,0,"N",1.60,0,0,0,0,0,0,0,"N",2,200.0,0,0,0,0,0,0,0,0,0,0,0,0,0,0
"38009","5","518210","78","0","2022","4","N",2,0,0,0,0,0,0,0,"N",1.40,0,0,0,0,0,0,0,"N",1,100.0,0,0,0,0,0,0,0,0,0,0,0,0,0,0
"38015","5","518210","78","0","2022","4","",18,17,17,20,458000,61970,899,1957,"",1.02,0.09,0.09,0.11,0.08,0.13,0.25,0.79,"",11,157.1,12,240.0,12,240.0,15,300.0,378373,475.2,21446,52.9,590,190.9,732,59.8
"38017","3","518210","78","0","2022","4","",1,5,5,5,68913,30507,165,1060,"",13.35,2.23,2.20,2.24,1.71,30.92,117.82,0.77,"N",0,0.0,0,0,0,0,0,0,0,0,0,0,0,0,0,0
"38017","5","518210","78","0","2022","4","",94,255,254,252,5561930,818633,5625,1687,"",2.50,0.64,0.64,0.64,0.40,0.66,0.66,0.63,"",62,193.8,-110,-30.1,-119,-31.9,-130,-34.0,-814505,-12.8,-561859,-40.7,-370,-6.2,373,28.4
"38021","5","518210","78","0","2022","4","N",1,0,0,0,0,0,0,0,"N",0.93,0,0,0,0,0,0,0,"N",1,100.0,0,0,0,0,0,0,0,0,0,0,0,0,0,0
"38035","5","518210","78","0","2022","4","",14,14,17,17,301333,78973,717,1449,"",1.28,0.11,0.13,0.14,0.08,0.22,0.30,0.61,"N",6,75.0,0,0,0,0,0,0,0,0,0,0,0,0,0,0
"38043","5","518210","78","0","2022","4","N",1,0,0,0,0,0,0,0,"N",1.96,0,0,0,0,0,0,0,"N",1,100.0,0,0,0,0,0,0,0,0,0,0,0,0,0,0
"38045","5","518210","78","0","2022","4","N",1,0,0,0,0,0,0,0,"N",1.04,0,0,0,0,0,0,0,"N",1,100.0,0,0,0,0,0,0,0,0,0,0,0,0,0,0
"38053","5","518210","78","0","2022","4","N",2,0,0,0,0,0,0,0,"N",0.60,0,0,0,0,0,0,0,"N",2,100.0,0,0,0,0,0,0,0,0,0,0,0,0,0,0
"38057","5","518210","78","0","2022","4","N",2,0,0,0,0,0,0,0,"N",1.51,0,0,0,0,0,0,0,"N",1,100.0,0,0,0,0,0,0,0,0,0,0,0,0,0,0
"38059","5","518210","78","0","2022","4","N",9,0,0,0,0,0,0,0,"N",1.82,0,0,0,0,0,0,0,"N",7,350.0,0,0,0,0,0,0,0,0,0,0,0,0,0,0
"38061","3","518210","78","0","2022","4","",1,56,51,52,714354,456092,365,1037,"",237.00,599.59,546.04,553.86,358.31,9322.21,6754.73,0.63,"N",0,0.0,0,0,0,0,0,0,0,0,0,0,0,0,0,0
"38071","5","518210","78","0","2022","4","N",1,0,0,0,0,0,0,0,"N",0.47,0,0,0,0,0,0,0,"N",0,0.0,0,0,0,0,0,0,0,0,0,0,0,0,0,0
"38073","5","518210","78","0","2022","4","N",1,0,0,0,0,0,0,0,"N",0.93,0,0,0,0,0,0,0,"N",0,0.0,0,0,0,0,0,0,0,0,0,0,0,0,0,0
"38077","5","518210","78","0","2022","4","N",1,0,0,0,0,0,0,0,"N",0.35,0,0,0,0,0,0,0,"N",1,100.0,0,0,0,0,0,0,0,0,0,0,0,0,0,0
"38079","5","518210","78","0","2022","4","N",1,0,0,0,0,0,0,0,"N",0.86,0,0,0,0,0,0,0,"N",1,100.0,0,0,0,0,0,0,0,0,0,0,0,0,0,0
"38089","5","518210","78","0","2022","4","N",1,0,0,0,0,0,0,0,"N",0.15,0,0,0,0,0,0,0,"N",1,100.0,0,0,0,0,0,0,0,0,0,0,0,0,0,0
"38093","5","518210","78","0","2022","4","N",1,0,0,0,0,0,0,0,"N",0.27,0,0,0,0,0,0,0,"N",0,0.0,0,0,0,0,0,0,0,0,0,0,0,0,0,0
"38097","5","518210","78","0","2022","4","N",2,0,0,0,0,0,0,0,"N",1.15,0,0,0,0,0,0,0,"N",1,100.0,0,0,0,0,0,0,0,0,0,0,0,0,0,0
"38099","5","518210","78","0","2022","4","N",2,0,0,0,0,0,0,0,"N",0.91,0,0,0,0,0,0,0,"N",1,100.0,0,0,0,0,0,0,0,0,0,0,0,0,0,0
"38101","5","518210","78","0","2022","4","N",6,0,0,0,0,0,0,0,"N",0.54,0,0,0,0,0,0,0,"N",4,200.0,0,0,0,0,0,0,0,0,0,0,0,0,0,0
"38105","5","518210","78","0","2022","4","",8,18,20,21,307878,275743,2813,1204,"",0.90,0.22,0.25,0.26,0.08,0.73,1.16,0.33,"",8,100.0,18,100.0,20,100.0,21,100.0,307878,100.0,275743,100.0,2813,100.0,1204,100.0
"38999","5","518210","78","0","2022","4","N",9,0,0,0,0,0,0,0,"N",3.28,0,0,0,0,0,0,0,"N",3,50.0,0,0,0,0,0,0,0,0,0,0,0,0,0,0
"39000","3","518210","58","0","2022","4","",38,594,603,595,11676933,0,0,1504,"",13.46,6.08,6.13,6.08,6.78,0.00,0.00,1.11,"",0,0.0,-8,-1.3,2,0.3,0,0.0,269129,2.4,0,0.0,0,0.0,40,2.7
"39000","5","518210","58","0","2022","4","",1663,12063,12055,12071,309027038,7434745,199820,1971,"",1.18,0.70,0.70,0.70,0.53,0.52,0.62,0.76,"",381,29.7,2763,29.7,2700,28.9,2677,28.5,50025765,19.3,-600463,-7.5,-31381,-13.6,-160,-7.5
"39001","5","518210","78","0","2022","4","N",1,0,0,0,0,0,0,0,"N",0.35,0,0,0,0,0,0,0,"N",0,0.0,0,0,0,0,0,0,0,0,0,0,0,0,0,0
"39003","5","518210","78","0","2022","4","N",7,0,0,0,0,0,0,0,"N",0.64,0,0,0,0,0,0,0,"N",2,40.0,0,0,0,0,0,0,0,0,0,0,0,0,0,0
"39005","3","518210","78","0","2022","4","",1,2,2,2,38113,0,0,1466,"",97.40,5.88,5.93,5.99,8.11,0.00,0.00,1.37,"N",0,0.0,0,0,0,0,0,0,0,0,0,0,0,0,0,0
"39005","5","518210","78","0","2022","4","",7,32,32,32,1678635,31827,787,4035,"",1.36,0.53,0.54,0.54,1.05,0.81,0.98,1.95,"N",0,0.0,0,0,0,0,0,0,0,0,0,0,0,0,0,0
"39007","5","518210","78","0","2022","4","N",6,0,0,0,0,0,0,0,"N",0.64,0,0,0,0,0,0,0,"N",3,100.0,0,0,0,0,0,0,0,0,0,0,0,0,0,0
"39009","5","518210","78","0","2022","4","N",6,0,0,0,0,0,0,0,"N",1.04,0,0,0,0,0,0,0,"N",2,50.0,0,0,0,0,0,0,0,0,0,0,0,0,0,0
"39011","5","518210","78","0","2022","4","N",2,0,0,0,0,0,0,0,"N",0.43,0,0,0,0,0,0,0,"N",0,0.0,0,0,0,0,0,0,0,0,0,0,0,0,0,0
"39013","5","518210","78","0","2022","4","N",1,0,0,0,0,0,0,0,"N",0.14,0,0,0,0,0,0,0,"N",1,100.0,0,0,0,0,0,0,0,0,0,0,0,0,0,0
"39017","3","518210","78","0","2022","4","",2,12,13,13,266251,0,0,1617,"",26.74,4.29,4.59,4.62,5.64,0.00,0.00,1.25,"N",0,0.0,0,0,0,0,0,0,0,0,0,0,0,0,0,0
"39017","5","518210","78","0","2022","4","N",29,0,0,0,0,0,0,0,"N",0.77,0,0,0,0,0,0,0,"N",9,45.0,0,0,0,0,0,0,0,0,0,0,0,0,0,0
"39019","5","518210","78","0","2022","4","N",2,0,0,0,0,0,0,0,"N",0.85,0,0,0,0,0,0,0,"N",1,100.0,0,0,0,0,0,0,0,0,0,0,0,0,0,0
"39023","5","518210","78","0","2022","4","",10,16,16,17,413454,4997,115,1947,"",0.90,0.11,0.11,0.12,0.10,0.04,0.04,0.92,"",2,25.0,7,77.8,6,60.0,4,30.8,180070,77.2,-34027,-87.2,-1499,-92.9,264,15.7
"39025","5","518210","78","0","2022","4","",27,42,42,40,2070276,56369,1478,3853,"",1.28,0.22,0.21,0.21,0.34,0.31,0.36,1.62,"",11,68.8,19,82.6,19,82.6,17,73.9,928413,81.3,37090,192.4,884,148.8,34,0.9
"39027","5","518210","78","0","2022","4","N",9,0,0,0,0,0,0,0,"N",2.25,0,0,0,0,0,0,0,"N",0,0.0,0,0,0,0,0,0,0,0,0,0,0,0,0,0
"39029","5","518210","78","0","2022","4","N",2,0,0,0,0,0,0,0,"N",0.21,0,0,0,0,0,0,0,"N",-1,-33.3,0,0,0,0,0,0,0,0,0,0,0,0,0,0
"39033","5","518210","78","0","2022","4","N",1,0,0,0,0,0,0,0,"N",0.25,0,0,0,0,0,0,0,"N",0,0.0,0,0,0,0,0,0,0,0,0,0,0,0,0,0
"39035","3","518210","78","0","2022","4","",6,211,215,208,3757745,0,0,1368,"",18.01,16.57,16.78,16.28,14.91,0.00,0.00,0.90,"",0,0.0,-10,-4.5,-4,-1.8,-8,-3.7,-100475,-2.6,0,0.0,0,0.0,11,0.8
"39035","5","518210","78","0","2022","4","",216,2996,2991,2970,69292330,857319,24555,1785,"",1.29,1.33,1.33,1.32,0.81,0.50,0.63,0.61,"",45,26.3,1448,93.5,1446,93.6,1407,90.0,29343926,73.5,-102773,-10.7,-115,-0.5,-195,-9.8
"39037","5","518210","78","0","2022","4","",3,14,16,18,635618,51583,2098,3056,"",0.52,0.24,0.27,0.31,0.40,1.17,2.44,1.47,"N",1,50.0,0,0,0,0,0,0,0,0,0,0,0,0,0,0
"39039","5","518210","78","0","2022","4","N",1,0,0,0,0,0,0,0,"N",0.26,0,0,0,0,0,0,0,"N",0,0.0,0,0,0,0,0,0,0,0,0,0,0,0,0,0
"39041","5","518210","78","0","2022","4","",57,135,130,138,3848867,95435,2548,2204,"",1.97,0.46,0.44,0.46,0.35,0.36,0.49,0.78,"",14,32.6,27,25.0,17,15.0,23,20.0,334498,9.5,-68176,-41.7,-2645,-50.9,-210,-8.7
"39043","3","518210","78","0","2022","4","",1,3,3,3,47089,0,0,1207,"",56.98,4.52,4.89,5.00,5.60,0.00,0.00,1.17,"N",0,0.0,0,0,0,0,0,0,0,0,0,0,0,0,0,0
"39043","5","518210","78","0","2022","4","",4,15,15,15,250783,1871,24,1286,"",0.45,0.13,0.14,0.14,0.09,0.02,0.01,0.64,"N",1,33.3,0,0,0,0,0,0,0,0,0,0,0,0,0,0
"39045","3","518210","78","0","2022","4","",2,14,12,13,278814,0,0,1650,"",69.27,17.54,14.86,16.08,24.24,0.00,0.00,1.50,"N",0,0.0,0,0,0,0,0,0,0,0,0,0,0,0,0,0
"39045","5","518210","78","0","2022","4","",11,18,18,18,420575,7592,189,1797,"",0.76,0.13,0.13,0.13,0.11,0.06,0.08,0.85,"",3,37.5,12,200.0,12,200.0,11,157.1,325776,343.6,-4526,-37.3,-129,-40.6,646,56.1
"39047","5","518210","78","0","2022","4","N",1,0,0,0,0,0,0,0,"N",0.36,0,0,0,0,0,0,0,"N",0,0.0,0,0,0,0,0,0,0,0,0,0,0,0,0,0
"39049","3","518210","78","0","2022","4","",6,57,56,58,1347768,0,0,1819,"",18.13,4.12,4.01,4.18,4.92,0.00,0.00,1.20,"",0,0.0,5,9.6,4,7.7,6,11.5,89819,7.1,0,0.0,0,0.0,-42,-2.3
"39049","5","518210","78","0","2022","4","",264,2601,2581,2541,69217057,1570303,36708,2068,"",1.59,1.06,1.05,1.04,0.74,0.72,0.78,0.71,"",60,29.4,23,0.9,-6,-0.2,-49,-1.9,-133754,-0.2,-160522,-9.3,-11493,-23.8,4,0.2
"39051","5","518210","78","0","2022","4","N",1,0,0,0,0,0,0,0,"N",0.21,0,0,0,0,0,0,0,"N",-2,-66.7,0,0,0,0,0,0,0,0,0,0,0,0,0,0
"39053","5","518210","78","0","2022","4","N",2,0,0,0,0,0,0,0,"N",0.62,0,0,0,0,0,0,0,"N",1,100.0,0,0,0,0,0,0,0,0,0,0,0,0,0,0
"39055","5","518210","78","0","2022","4","",5,29,30,30,1042545,108500,2488,2703,"",0.38,0.26,0.27,0.27,0.31,1.22,1.17,1.18,"N",2,66.7,0,0,0,0,0,0,0,0,0,0,0,0,0,0
"39057","3","518210","78","0","2022","4","",2,16,16,16,334627,0,0,1609,"",58.26,11.55,11.45,11.51,12.96,0.00,0.00,1.13,"N",0,0.0,0,0,0,0,0,0,0,0,0,0,0,0,0,0
"39057","5","518210","78","0","2022","4","",17,133,131,131,2829916,58618,1099,1653,"",0.99,0.54,0.53,0.53,0.32,0.37,0.33,0.60,"",5,41.7,1,0.8,-2,-1.5,-1,-0.8,73330,2.7,-1198,-2.0,-335,-23.4,51,3.2
"39061","3","518210","78","0","2022","4","",1,71,77,72,1802493,0,0,1891,"",4.40,7.68,8.27,7.79,9.50,0.00,0.00,1.20,"N",0,0.0,0,0,0,0,0,0,0,0,0,0,0,0,0,0
"39061","5","518210","78","0","2022","4","",146,1049,1036,1036,27237915,586792,14284,2014,"",1.28,0.64,0.63,0.63,0.42,0.44,0.47,0.66,"",33,29.2,-63,-5.7,-60,-5.5,-75,-6.8,-5606674,-17.1,-147623,-20.1,-5857,-29.1,-270,-11.8
"39063","5","518210","78","0","2022","4","N",1,0,0,0,0,0,0,0,"N",0.12,0,0,0,0,0,0,0,"N",1,100.0,0,0,0,0,0,0,0,0,0,0,0,0,0,0
"39067","5","518210","78","0","2022","4","N",1,0,0,0,0,0,0,0,"N",0.70,0,0,0,0,0,0,0,"N",0,0.0,0,0,0,0,0,0,0,0,0,0,0,0,0,0
"39069","3","518210","78","0","2022","4","",1,2,2,2,33389,0,0,1284,"",174.10,10.29,10.28,10.55,11.77,0.00,0.00,1.13,"N",0,0.0,0,0,0,0,0,0,0,0,0,0,0,0,0,0
"39071","5","518210","78","0","2022","4","N",1,0,0,0,0,0,0,0,"N",0.28,0,0,0,0,0,0,0,"N",1,100.0,0,0,0,0,0,0,0,0,0,0,0,0,0,0
"39073","5","518210","78","0","2022","4","N",2,0,0,0,0,0,0,0,"N",0.80,0,0,0,0,0,0,0,"N",-1,-33.3,0,0,0,0,0,0,0,0,0,0,0,0,0,0
"39077","5","518210","78","0","2022","4","N",5,0,0,0,0,0,0,0,"N",0.84,0,0,0,0,0,0,0,"N",0,0.0,0,0,0,0,0,0,0,0,0,0,0,0,0,0
"39081","5","518210","78","0","2022","4","N",3,0,0,0,0,0,0,0,"N",0.50,0,0,0,0,0,0,0,"N",1,50.0,0,0,0,0,0,0,0,0,0,0,0,0,0,0
"39083","3","518210","78","0","2022","4","",1,1,1,1,8680,0,0,668,"",91.41,2.79,2.77,2.78,1.54,0.00,0.00,0.55,"N",0,0.0,0,0,0,0,0,0,0,0,0,0,0,0,0,0
"39085","5","518210","78","0","2022","4","",27,59,62,62,1955662,52429,2154,2466,"",0.95,0.20,0.21,0.21,0.21,0.20,0.37,1.03,"N",10,58.8,0,0,0,0,0,0,0,0,0,0,0,0,0,0
"39087","5","518210","78","0","2022","4","N",2,0,0,0,0,0,0,0,"N",0.48,0,0,0,0,0,0,0,"N",1,100.0,0,0,0,0,0,0,0,0,0,0,0,0,0,0
"39089","5","518210","78","0","2022","4","",15,29,30,28,676489,48384,1594,1794,"",0.92,0.14,0.14,0.13,0.10,0.20,0.29,0.76,"",1,7.1,-4,-12.1,-3,-9.1,-7,-20.0,33745,5.3,17178,55.0,679,74.2,325,22.1
"39091","5","518210","78","0","2022","4","N",1,0,0,0,0,0,0,0,"N",0.23,0,0,0,0,0,0,0,"N",0,0.0,0,0,0,0,0,0,0,0,0,0,0,0,0,0
"39093","5","518210","78","0","2022","4","",26,27,26,27,941558,27000,1044,2716,"",0.90,0.09,0.09,0.09,0.11,0.11,0.19,1.21,"",0,0.0,10,58.8,8,44.4,6,28.6,317330,50.8,-19862,-42.4,-989,-48.6,144,5.6
"39095","5","518210","78","0","2022","4","",33,257,254,267,2222568,182992,5460,659,"",0.71,0.41,0.40,0.42,0.11,0.37,0.48,0.26,"",6,22.2,8,3.2,1,0.4,17,6.8,-68233,-3.0,-11396,-5.9,-819,-13.0,-44,-6.3
"39097","5","518210","78","0","2022","4","N",3,0,0,0,0,0,0,0,"N",0.71,0,0,0,0,0,0,0,"N",1,50.0,0,0,0,0,0,0,0,0,0,0,0,0,0,0
"39099","5","518210","78","0","2022","4","",15,188,188,189,5195887,38945,1489,2122,"",0.57,0.63,0.63,0.63,0.64,0.16,0.25,1.02,"",3,25.0,0,0.0,-2,-1.1,-1,-0.5,326701,6.7,-36447,-48.3,-1810,-54.9,144,7.3
"39101","5","518210","78","0","2022","4","N",2,0,0,0,0,0,0,0,"N",0.37,0,0,0,0,0,0,0,"N",1,100.0,0,0,0,0,0,0,0,0,0,0,0,0,0,0
"39103","3","518210","78","0","2022","4","",2,10,10,10,207204,0,0,1594,"",46.58,9.12,9.10,9.14,12.04,0.00,0.00,1.32,"N",0,0.0,0,0,0,0,0,0,0,0,0,0,0,0,0,0
"39103","5","518210","78","0","2022","4","",22,49,48,49,1367388,39505,1173,2161,"",1.02,0.25,0.25,0.25,0.23,0.24,0.33,0.93,"",5,29.4,7,16.7,1,2.1,0,0.0,-11423,-0.8,-31667,-44.5,-1722,-59.5,-145,-6.3
"39105","5","518210","78","0","2022","4","N",1,0,0,0,0,0,0,0,"N",0.65,0,0,0,0,0,0,0,"N",0,0.0,0,0,0,0,0,0,0,0,0,0,0,0,0,0
"39107","5","518210","78","0","2022","4","N",2,0,0,0,0,0,0,0,"N",0.39,0,0,0,0,0,0,0,"N",0,0.0,0,0,0,0,0,0,0,0,0,0,0,0,0,0
"39109","5","518210","78","0","2022","4","",6,9,9,9,276689,0,0,2365,"",0.56,0.07,0.07,0.07,0.07,0.00,0.00,1.05,"",0,0.0,0,0.0,1,12.5,1,12.5,32734,13.4,-2333,-100.0,-63,-100.0,113,5.0
"39111","5","518210","78","0","2022","4","N",3,0,0,0,0,0,0,0,"N",1.86,0,0,0,0,0,0,0,"N",1,50.0,0,0,0,0,0,0,0,0,0,0,0,0,0,0
"39113","3","518210","78","0","2022","4","",2,44,44,44,1050996,0,0,1837,"",18.17,9.97,9.89,9.90,14.21,0.00,0.00,1.43,"N",0,0.0,0,0,0,0,0,0,0,0,0,0,0,0,0,0
"39113","5","518210","78","0","2022","4","",45,229,228,229,5590369,117754,3877,1881,"",0.82,0.29,0.29,0.29,0.22,0.19,0.30,0.76,"",9,25.0,85,59.0,86,60.6,86,60.1,2187594,64.3,15985,15.7,-1975,-33.7,51,2.8
"39117","5","518210","78","0","2022","4","N",1,0,0,0,0,0,0,0,"N",0.42,0,0,0,0,0,0,0,"N",0,0.0,0,0,0,0,0,0,0,0,0,0,0,0,0,0
"39119","3","518210","78","0","2022","4","",1,3,3,3,43746,0,0,1122,"",60.89,4.78,4.70,4.78,4.89,0.00,0.00,1.03,"N",0,0.0,0,0,0,0,0,0,0,0,0,0,0,0,0,0
"39123","5","518210","78","0","2022","4","N",5,0,0,0,0,0,0,0,"N",0.97,0,0,0,0,0,0,0,"N",1,25.0,0,0,0,0,0,0,0,0,0,0,0,0,0,0
"39129","5","518210","78","0","2022","4","N",2,0,0,0,0,0,0,0,"N",0.44,0,0,0,0,0,0,0,"N",0,0.0,0,0,0,0,0,0,0,0,0,0,0,0,0,0
"39131","5","518210","78","0","2022","4","N",1,0,0,0,0,0,0,0,"N",0.41,0,0,0,0,0,0,0,"N",0,0.0,0,0,0,0,0,0,0,0,0,0,0,0,0,0
"39133","5","518210","78","0","2022","4","N",15,0,0,0,0,0,0,0,"N",0.95,0,0,0,0,0,0,0,"N",1,7.1,0,0,0,0,0,0,0,0,0,0,0,0,0,0
"39135","5","518210","78","0","2022","4","N",2,0,0,0,0,0,0,0,"N",0.60,0,0,0,0,0,0,0,"N",0,0.0,0,0,0,0,0,0,0,0,0,0,0,0,0,0
"39139","3","518210","78","0","2022","4","",1,4,4,4,65348,0,0,1257,"",40.36,4.65,4.61,4.61,5.40,0.00,0.00,1.17,"N",0,0.0,0,0,0,0,0,0,0,0,0,0,0,0,0,0
"39139","5","518210","78","0","2022","4","N",3,0,0,0,0,0,0,0,"N",0.24,0,0,0,0,0,0,0,"N",1,50.0,0,0,0,0,0,0,0,0,0,0,0,0,0,0
"39141","5","518210","78","0","2022","4","N",1,0,0,0,0,0,0,0,"N",0.16,0,0,0,0,0,0,0,"N",1,100.0,0,0,0,0,0,0,0,0,0,0,0,0,0,0
"39143","5","518210","78","0","2022","4","N",3,0,0,0,0,0,0,0,"N",0.48,0,0,0,0,0,0,0,"N",0,0.0,0,0,0,0,0,0,0,0,0,0,0,0,0,0
"39145","5","518210","78","0","2022","4","N",1,0,0,0,0,0,0,0,"N",0.16,0,0,0,0,0,0,0,"N",0,0.0,0,0,0,0,0,0,0,0,0,0,0,0,0,0
"39147","5","518210","78","0","2022","4","N",1,0,0,0,0,0,0,0,"N",0.19,0,0,0,0,0,0,0,"N",0,0.0,0,0,0,0,0,0,0,0,0,0,0,0,0,0
"39149","3","518210","78","0","2022","4","",1,5,5,5,80292,0,0,1235,"",106.11,10.31,10.23,10.29,9.56,0.00,0.00,0.93,"N",0,0.0,0,0,0,0,0,0,0,0,0,0,0,0,0,0
"39151","3","518210","78","0","2022","4","",2,37,37,37,627421,0,0,1304,"",25.47,13.23,13.13,13.18,14.98,0.00,0.00,1.14,"N",0,0.0,0,0,0,0,0,0,0,0,0,0,0,0,0,0
"39151","5","518210","78","0","2022","4","N",29,0,0,0,0,0,0,0,"N",0.74,0,0,0,0,0,0,0,"N",6,26.1,0,0,0,0,0,0,0,0,0,0,0,0,0,0
"39153","3","518210","78","0","2022","4","",4,94,96,98,1568756,0,0,1257,"",30.27,19.97,20.20,20.75,19.82,0.00,0.00,0.98,"",0,0.0,-2,-2.1,1,1.1,4,4.3,100253,6.8,0,0.0,0,0.0,68,5.7
"39153","5","518210","78","0","2022","4","",64,459,466,467,12240468,256932,6419,2029,"",0.97,0.55,0.56,0.56,0.45,0.40,0.43,0.82,"",10,18.5,13,2.9,20,4.5,28,6.4,579207,5.0,-73905,-22.3,-4158,-39.3,7,0.3
"39155","3","518210","78","0","2022","4","",1,3,3,2,57973,0,0,1672,"",26.65,2.62,2.61,1.76,3.66,0.00,0.00,1.57,"N",0,0.0,0,0,0,0,0,0,0,0,0,0,0,0,0,0
"39155","5","518210","78","0","2022","4","",8,14,15,14,377187,16558,447,2024,"",0.43,0.07,0.07,0.07,0.07,0.09,0.10,0.98,"N",5,166.7,0,0,0,0,0,0,0,0,0,0,0,0,0,0
"39157","3","518210","78","0","2022","4","",1,5,4,4,60228,0,0,1069,"",49.35,7.52,6.00,6.04,6.51,0.00,0.00,1.00,"N",0,0.0,0,0,0,0,0,0,0,0,0,0,0,0,0,0
"39159","5","518210","78","0","2022","4","",6,4,4,5,71842,21136,571,1275,"",0.92,0.04,0.04,0.05,0.02,0.21,0.34,0.47,"N",3,100.0,0,0,0,0,0,0,0,0,0,0,0,0,0,0
"39161","5","518210","78","0","2022","4","N",1,0,0,0,0,0,0,0,"N",0.37,0,0,0,0,0,0,0,"N",0,0.0,0,0,0,0,0,0,0,0,0,0,0,0,0,0
"39165","5","518210","78","0","2022","4","",42,239,239,242,12756551,105500,2447,4089,"",1.59,0.75,0.76,0.76,1.17,0.37,0.37,1.55,"",8,23.5,182,319.3,182,319.3,183,310.2,10950141,606.2,34798,49.2,304,14.2,1679,69.7
"39167","5","518210","78","0","2022","4","",5,11,11,12,267770,733,6,1817,"",0.72,0.14,0.14,0.15,0.11,0.01,0.00,0.77,"",1,25.0,2,22.2,2,22.2,2,20.0,36181,15.6,177,31.8,-7,-53.8,-92,-4.8
"39169","5","518210","78","0","2022","4","N",3,0,0,0,0,0,0,0,"N",0.24,0,0,0,0,0,0,0,"N",0,0.0,0,0,0,0,0,0,0,0,0,0,0,0,0,0
"39171","5","518210","78","0","2022","4","N",4,0,0,0,0,0,0,0,"N",1.03,0,0,0,0,0,0,0,"N",0,0.0,0,0,0,0,0,0,0,0,0,0,0,0,0,0
"39173","5","518210","78","0","2022","4","",13,28,27,28,723909,7516,203,2013,"",0.92,0.12,0.12,0.12,0.11,0.04,0.04,0.94,"",3,30.0,2,7.7,1,3.8,2,7.7,87714,13.8,-12224,-61.9,-330,-61.9,131,7.0
"39999","5","518210","78","0","2022","4","",399,2503,2526,2568,66562984,2344849,68447,2022,"",3.81,4.37,4.37,4.47,2.23,3.52,3.39,0.51,"",108,37.1,850,51.4,818,47.9,859,50.3,6310559,10.5,-126849,-5.1,-223,-0.3,-720,-26.3
"40000","3","518210","58","0","2022","4","N",1,0,0,0,0,0,0,0,"N",0.94,0,0,0,0,0,0,0,"N",0,0.0,0,0,0,0,0,0,0,0,0,0,0,0,0,0
"40000","5","518210","58","0","2022","4","",409,1906,1919,1928,38363288,4862180,56290,1539,"",0.77,0.36,0.36,0.37,0.24,0.39,0.49,0.66,"",121,42.0,223,13.3,302,18.7,295,18.1,3160431,9.0,961536,24.7,-1249,-2.2,-108,-6.6
"40001","5","518210","78","0","2022","4","N",1,0,0,0,0,0,0,0,"N",0.71,0,0,0,0,0,0,0,"N",0,0.0,0,0,0,0,0,0,0,0,0,0,0,0,0,0
"40009","5","518210","78","0","2022","4","N",1,0,0,0,0,0,0,0,"N",0.30,0,0,0,0,0,0,0,"N",-1,-50.0,0,0,0,0,0,0,0,0,0,0,0,0,0,0
"40013","5","518210","78","0","2022","4","N",5,0,0,0,0,0,0,0,"N",1.00,0,0,0,0,0,0,0,"N",0,0.0,0,0,0,0,0,0,0,0,0,0,0,0,0,0
"40017","5","518210","78","0","2022","4","",18,9,11,9,301578,101836,1534,2400,"",1.13,0.08,0.09,0.08,0.10,0.34,0.44,1.17,"",12,200.0,5,125.0,7,175.0,5,125.0,200124,197.3,96370,1763.1,1394,995.7,449,23.0
"40021","5","518210","78","0","2022","4","N",1,0,0,0,0,0,0,0,"N",0.26,0,0,0,0,0,0,0,"N",1,100.0,0,0,0,0,0,0,0,0,0,0,0,0,0,0
"40027","5","518210","78","0","2022","4","",25,27,30,29,564433,125114,1529,1515,"",0.85,0.09,0.10,0.10,0.07,0.18,0.27,0.74,"",12,92.3,10,58.8,11,57.9,2,7.4,170508,43.3,58683,88.3,802,110.3,72,5.0
"40031","5","518210","78","0","2022","4","",6,394,395,400,5680749,450689,4145,1103,"",0.55,3.03,3.05,3.10,1.70,1.72,1.81,0.55,"",1,20.0,-94,-19.3,-37,-8.6,-27,-6.3,-181610,-3.1,44684,11.0,550,15.3,99,9.9
"40037","5","518210","78","0","2022","4","",5,3,3,3,80117,1891,42,2054,"",0.70,0.05,0.05,0.05,0.04,0.01,0.03,0.92,"N",3,150.0,0,0,0,0,0,0,0,0,0,0,0,0,0,0
"40041","5","518210","78","0","2022","4","",3,10,12,12,404812,95020,1425,2748,"",0.77,0.32,0.38,0.38,0.57,1.13,2.00,1.57,"N",2,200.0,0,0,0,0,0,0,0,0,0,0,0,0,0,0
"40047","5","518210","78","0","2022","4","N",1,0,0,0,0,0,0,0,"N",0.13,0,0,0,0,0,0,0,"N",0,0.0,0,0,0,0,0,0,0,0,0,0,0,0,0,0
"40049","5","518210","78","0","2022","4","N",2,0,0,0,0,0,0,0,"N",0.56,0,0,0,0,0,0,0,"N",1,100.0,0,0,0,0,0,0,0,0,0,0,0,0,0,0
"40051","5","518210","78","0","2022","4","N",1,0,0,0,0,0,0,0,"N",0.19,0,0,0,0,0,0,0,"N",-1,-50.0,0,0,0,0,0,0,0,0,0,0,0,0,0,0
"40055","5","518210","78","0","2022","4","N",1,0,0,0,0,0,0,0,"N",2.17,0,0,0,0,0,0,0,"N",1,100.0,0,0,0,0,0,0,0,0,0,0,0,0,0,0
"40067","5","518210","78","0","2022","4","N",1,0,0,0,0,0,0,0,"N",1.62,0,0,0,0,0,0,0,"N",0,0.0,0,0,0,0,0,0,0,0,0,0,0,0,0,0
"40071","5","518210","78","0","2022","4","N",4,0,0,0,0,0,0,0,"N",0.76,0,0,0,0,0,0,0,"N",3,300.0,0,0,0,0,0,0,0,0,0,0,0,0,0,0
"40073","5","518210","78","0","2022","4","-",0,0,0,0,0,0,0,0,"N",0.00,0,0,0,0,0,0,0,"N",-1,-100.0,0,0,0,0,0,0,0,0,0,0,0,0,0,0
"40079","5","518210","78","0","2022","4","N",3,0,0,0,0,0,0,0,"N",0.67,0,0,0,0,0,0,0,"N",2,200.0,0,0,0,0,0,0,0,0,0,0,0,0,0,0
"40081","5","518210","78","0","2022","4","N",1,0,0,0,0,0,0,0,"N",0.32,0,0,0,0,0,0,0,"N",1,100.0,0,0,0,0,0,0,0,0,0,0,0,0,0,0
"40083","5","518210","78","0","2022","4","",4,3,3,3,65940,13749,206,1691,"",1.10,0.11,0.11,0.11,0.11,0.19,0.42,0.92,"N",3,300.0,0,0,0,0,0,0,0,0,0,0,0,0,0,0
"40087","5","518210","78","0","2022","4","-",0,0,0,0,0,0,0,0,"N",0.00,0,0,0,0,0,0,0,"N",-1,-100.0,0,0,0,0,0,0,0,0,0,0,0,0,0,0
"40091","5","518210","78","0","2022","4","N",1,0,0,0,0,0,0,0,"N",0.56,0,0,0,0,0,0,0,"N",1,100.0,0,0,0,0,0,0,0,0,0,0,0,0,0,0
"40097","5","518210","78","0","2022","4","N",2,0,0,0,0,0,0,0,"N",0.47,0,0,0,0,0,0,0,"N",1,100.0,0,0,0,0,0,0,0,0,0,0,0,0,0,0
"40101","5","518210","78","0","2022","4","N",3,0,0,0,0,0,0,0,"N",0.45,0,0,0,0,0,0,0,"N",2,200.0,0,0,0,0,0,0,0,0,0,0,0,0,0,0
"40105","5","518210","78","0","2022","4","N",1,0,0,0,0,0,0,0,"N",1.31,0,0,0,0,0,0,0,"N",0,0.0,0,0,0,0,0,0,0,0,0,0,0,0,0,0
"40109","3","518210","78","0","2022","4","N",1,0,0,0,0,0,0,0,"N",3.70,0,0,0,0,0,0,0,"N",0,0.0,0,0,0,0,0,0,0,0,0,0,0,0,0,0
"40109","5","518210","78","0","2022","4","",122,752,749,754,14964784,1660416,16205,1531,"",0.90,0.49,0.49,0.49,0.29,0.47,0.50,0.59,"",39,47.0,187,33.1,200,36.4,196,35.1,-454051,-2.9,210985,14.6,-7667,-32.1,-597,-28.1
"40113","5","518210","78","0","2022","4","N",2,0,0,0,0,0,0,0,"N",0.83,0,0,0,0,0,0,0,"N",0,0.0,0,0,0,0,0,0,0,0,0,0,0,0,0,0
"40115","5","518210","78","0","2022","4","N",1,0,0,0,0,0,0,0,"N",0.30,0,0,0,0,0,0,0,"N",-1,-50.0,0,0,0,0,0,0,0,0,0,0,0,0,0,0
"40117","5","518210","78","0","2022","4","N",2,0,0,0,0,0,0,0,"N",1.40,0,0,0,0,0,0,0,"N",0,0.0,0,0,0,0,0,0,0,0,0,0,0,0,0,0
"40119","5","518210","78","0","2022","4","N",2,0,0,0,0,0,0,0,"N",0.21,0,0,0,0,0,0,0,"N",0,0.0,0,0,0,0,0,0,0,0,0,0,0,0,0,0
"40121","5","518210","78","0","2022","4","N",2,0,0,0,0,0,0,0,"N",0.45,0,0,0,0,0,0,0,"N",2,100.0,0,0,0,0,0,0,0,0,0,0,0,0,0,0
"40123","5","518210","78","0","2022","4","N",1,0,0,0,0,0,0,0,"N",0.20,0,0,0,0,0,0,0,"N",-1,-50.0,0,0,0,0,0,0,0,0,0,0,0,0,0,0
"40125","5","518210","78","0","2022","4","N",2,0,0,0,0,0,0,0,"N",0.32,0,0,0,0,0,0,0,"N",1,100.0,0,0,0,0,0,0,0,0,0,0,0,0,0,0
"40127","5","518210","78","0","2022","4","N",1,0,0,0,0,0,0,0,"N",0.85,0,0,0,0,0,0,0,"N",0,0.0,0,0,0,0,0,0,0,0,0,0,0,0,0,0
"40131","5","518210","78","0","2022","4","",10,10,9,7,255982,13830,107,2272,"",1.11,0.12,0.11,0.08,0.09,0.06,0.05,0.91,"",2,25.0,2,25.0,1,12.5,-1,-12.5,48808,23.6,10063,267.1,97,970.0,280,14.1
"40135","5","518210","78","0","2022","4","N",1,0,0,0,0,0,0,0,"N",0.32,0,0,0,0,0,0,0,"N",1,100.0,0,0,0,0,0,0,0,0,0,0,0,0,0,0
"40137","5","518210","78","0","2022","4","N",2,0,0,0,0,0,0,0,"N",0.40,0,0,0,0,0,0,0,"N",1,100.0,0,0,0,0,0,0,0,0,0,0,0,0,0,0
"40141","5","518210","78","0","2022","4","N",1,0,0,0,0,0,0,0,"N",1.32,0,0,0,0,0,0,0,"N",0,0.0,0,0,0,0,0,0,0,0,0,0,0,0,0,0
"40143","5","518210","78","0","2022","4","",96,307,319,326,8127168,610510,6246,1970,"",0.89,0.27,0.28,0.28,0.22,0.22,0.23,0.79,"",28,41.2,18,6.2,35,12.3,43,15.2,659355,8.8,-266144,-30.4,-7257,-53.7,-43,-2.1
"40145","5","518210","78","0","2022","4","",4,4,4,4,67598,14920,234,1300,"",1.05,0.13,0.13,0.13,0.08,0.20,0.29,0.61,"N",1,33.3,0,0,0,0,0,0,0,0,0,0,0,0,0,0
"40147","5","518210","78","0","2022","4","N",4,0,0,0,0,0,0,0,"N",0.67,0,0,0,0,0,0,0,"N",3,300.0,0,0,0,0,0,0,0,0,0,0,0,0,0,0
"40151","5","518210","78","0","2022","4","N",1,0,0,0,0,0,0,0,"N",0.77,0,0,0,0,0,0,0,"N",0,0.0,0,0,0,0,0,0,0,0,0,0,0,0,0,0
"40153","5","518210","78","0","2022","4","N",1,0,0,0,0,0,0,0,"N",0.28,0,0,0,0,0,0,0,"N",0,0.0,0,0,0,0,0,0,0,0,0,0,0,0,0,0
"40999","5","518210","78","0","2022","4","",64,266,266,267,5089808,1076697,15063,1470,"",2.05,2.94,2.96,2.99,1.34,3.64,3.66,0.45,"",4,6.7,97,57.4,90,51.1,86,47.5,1939506,61.6,431192,66.8,4658,44.8,88,6.4
"41000","3","518210","58","0","2022","4","N",6,0,0,0,0,0,0,0,"N",3.78,0,0,0,0,0,0,0,"N",0,0.0,0,0,0,0,0,0,0,0,0,0,0,0,0,0
"41000","5","518210","58","0","2022","4","",544,7801,7788,7812,280784965,32690693,638858,2769,"",0.68,1.25,1.25,1.25,1.23,1.13,1.17,0.98,"",87,19.0,748,10.6,707,10.0,708,10.0,11148280,4.1,-2412312,-6.9,-11807,-1.8,-161,-5.5
"41003","5","518210","78","0","2022","4","",12,25,21,21,608421,60076,711,2096,"",0.88,0.21,0.17,0.17,0.14,0.15,0.10,0.75,"",2,20.0,-1,-3.8,-4,-16.0,-4,-16.0,-12194,-2.0,-7639,-11.3,-928,-56.6,212,11.3
"41005","5","518210","78","0","2022","4","",56,414,410,412,11370745,1414147,29872,2123,"",0.72,0.76,0.75,0.75,0.55,0.50,0.58,0.74,"",13,30.2,-99,-19.3,-86,-17.3,-81,-16.4,-2130149,-15.8,-835977,-37.2,-8949,-23.1,49,2.4
"41007","5","518210","78","0","2022","4","N",4,0,0,0,0,0,0,0,"N",0.48,0,0,0,0,0,0,0,"N",0,0.0,0,0,0,0,0,0,0,0,0,0,0,0,0,0
"41013","5","518210","78","0","2022","4","N",4,0,0,0,0,0,0,0,"N",1.06,0,0,0,0,0,0,0,"N",1,33.3,0,0,0,0,0,0,0,0,0,0,0,0,0,0
"41015","5","518210","78","0","2022","4","N",1,0,0,0,0,0,0,0,"N",0.25,0,0,0,0,0,0,0,"N",0,0.0,0,0,0,0,0,0,0,0,0,0,0,0,0,0
"41017","3","518210","78","0","2022","4","N",1,0,0,0,0,0,0,0,"N",10.05,0,0,0,0,0,0,0,"N",0,0.0,0,0,0,0,0,0,0,0,0,0,0,0,0,0
"41017","5","518210","78","0","2022","4","",32,49,50,51,1744308,319235,7497,2684,"",0.64,0.17,0.18,0.18,0.18,0.22,0.27,1.02,"",6,23.1,0,0.0,0,0.0,2,4.1,583964,50.3,-9117,-2.8,-904,-10.8,875,48.4
"41019","5","518210","78","0","2022","4","N",3,0,0,0,0,0,0,0,"N",0.19,0,0,0,0,0,0,0,"N",2,200.0,0,0,0,0,0,0,0,0,0,0,0,0,0,0
"41027","5","518210","78","0","2022","4","",3,17,16,16,481896,319123,6701,2270,"",0.47,0.38,0.38,0.37,0.40,1.43,1.58,1.08,"",0,0.0,9,112.5,7,77.8,4,33.3,199977,70.9,182390,133.4,1814,37.1,27,1.2
"41029","5","518210","78","0","2022","4","N",15,0,0,0,0,0,0,0,"N",0.41,0,0,0,0,0,0,0,"N",0,0.0,0,0,0,0,0,0,0,0,0,0,0,0,0,0
"41033","5","518210","78","0","2022","4","",5,13,13,15,392158,83542,1622,2207,"",0.40,0.13,0.14,0.16,0.16,0.18,0.18,1.14,"N",-1,-16.7,0,0,0,0,0,0,0,0,0,0,0,0,0,0
"41035","5","518210","78","0","2022","4","N",2,0,0,0,0,0,0,0,"N",0.19,0,0,0,0,0,0,0,"N",0,0.0,0,0,0,0,0,0,0,0,0,0,0,0,0,0
"41039","5","518210","78","0","2022","4","N",29,0,0,0,0,0,0,0,"N",0.48,0,0,0,0,0,0,0,"N",6,26.1,0,0,0,0,0,0,0,0,0,0,0,0,0,0
"41041","5","518210","78","0","2022","4","N",1,0,0,0,0,0,0,0,"N",0.11,0,0,0,0,0,0,0,"N",0,0.0,0,0,0,0,0,0,0,0,0,0,0,0,0,0
"41043","5","518210","78","0","2022","4","N",1,0,0,0,0,0,0,0,"N",0.06,0,0,0,0,0,0,0,"N",0,0.0,0,0,0,0,0,0,0,0,0,0,0,0,0,0
"41047","3","518210","78","0","2022","4","N",5,0,0,0,0,0,0,0,"N",45.87,0,0,0,0,0,0,0,"N",0,0.0,0,0,0,0,0,0,0,0,0,0,0,0,0,0
"41047","5","518210","78","0","2022","4","N",19,0,0,0,0,0,0,0,"N",0.35,0,0,0,0,0,0,0,"N",5,35.7,0,0,0,0,0,0,0,0,0,0,0,0,0,0
"41049","5","518210","78","0","2022","4","N",10,0,0,0,0,0,0,0,"N",5.71,0,0,0,0,0,0,0,"N",0,0.0,0,0,0,0,0,0,0,0,0,0,0,0,0,0
"41051","5","518210","78","0","2022","4","",173,2073,2042,2045,73990614,8483062,188584,2772,"",0.95,1.30,1.28,1.28,1.11,1.19,1.40,0.86,"",24,16.1,176,9.3,145,7.6,166,8.8,1694639,2.3,521819,6.6,8557,4.8,-169,-5.7
"41053","5","518210","78","0","2022","4","N",5,0,0,0,0,0,0,0,"N",0.48,0,0,0,0,0,0,0,"N",0,0.0,0,0,0,0,0,0,0,0,0,0,0,0,0,0
"41057","5","518210","78","0","2022","4","N",1,0,0,0,0,0,0,0,"N",0.21,0,0,0,0,0,0,0,"N",0,0.0,0,0,0,0,0,0,0,0,0,0,0,0,0,0
"41059","5","518210","78","0","2022","4","N",8,0,0,0,0,0,0,0,"N",0.73,0,0,0,0,0,0,0,"N",0,0.0,0,0,0,0,0,0,0,0,0,0,0,0,0,0
"41061","5","518210","78","0","2022","4","N",1,0,0,0,0,0,0,0,"N",0.22,0,0,0,0,0,0,0,"N",0,0.0,0,0,0,0,0,0,0,0,0,0,0,0,0,0
"41065","5","518210","78","0","2022","4","N",7,0,0,0,0,0,0,0,"N",1.41,0,0,0,0,0,0,0,"N",2,40.0,0,0,0,0,0,0,0,0,0,0,0,0,0,0
"41067","5","518210","78","0","2022","4","",70,2135,2132,2140,69381909,7884311,152517,2499,"",0.70,2.19,2.18,2.18,1.55,1.74,1.79,0.71,"",4,6.1,109,5.4,95,4.7,107,5.3,-3363718,-4.6,-2559407,-24.5,-31953,-17.3,-255,-9.3
"41071","5","518210","78","0","2022","4","",5,22,22,21,371531,125263,1345,1319,"",0.30,0.17,0.18,0.17,0.10,0.21,0.13,0.58,"N",1,25.0,0,0,0,0,0,0,0,0,0,0,0,0,0,0
"41999","5","518210","78","0","2022","4","",77,823,804,806,37616312,4329550,79721,3568,"",1.78,7.52,7.41,7.39,6.23,5.87,4.94,0.84,"",22,40.0,106,14.8,100,14.2,103,14.7,13260956,54.4,2764549,176.6,48238,153.2,922,34.8
"42000","1","518210","58","0","2022","4","",1,1219,1211,1223,21355283,0,0,1349,"",30.30,25.64,25.67,25.64,26.91,0.00,0.00,1.05,"",0,0.0,-20,-1.6,-35,-2.8,-31,-2.5,910260,4.5,0,0.0,0,0.0,87,6.9
"42000","2","518210","58","0","2022","4","N",1,0,0,0,0,0,0,0,"N",1.59,0,0,0,0,0,0,0,"N",0,0.0,0,0,0,0,0,0,0,0,0,0,0,0,0,0
"42000","5","518210","58","0","2022","4","",1876,14805,14799,14861,433596561,11826815,435090,2250,"",1.15,0.79,0.79,0.79,0.62,0.75,0.83,0.78,"",273,17.0,2171,17.2,2193,17.4,2139,16.8,72120634,20.0,-468483,-3.8,-82732,-16.0,53,2.4
"42001","5","518210","78","0","2022","4","",5,5,5,6,98092,7638,650,1415,"",0.54,0.05,0.05,0.06,0.03,0.08,0.24,0.64,"N",3,150.0,0,0,0,0,0,0,0,0,0,0,0,0,0,0
"42003","5","518210","78","0","2022","4","",117,1957,1989,2024,73883940,1184490,40775,2856,"",0.76,0.93,0.94,0.96,0.87,0.74,0.75,0.93,"",6,5.4,174,9.8,223,12.6,244,13.7,11672696,18.8,22326,1.9,473,1.2,162,6.0
"42005","5","518210","78","0","2022","4","",5,118,117,116,2563265,36577,1271,1685,"",0.79,2.39,2.38,2.35,1.90,1.00,1.00,0.80,"",-1,-16.7,1,0.9,1,0.9,0,0.0,128626,5.3,12691,53.1,302,31.2,75,4.7
"42007","5","518210","78","0","2022","4","N",4,0,0,0,0,0,0,0,"N",0.26,0,0,0,0,0,0,0,"N",3,300.0,0,0,0,0,0,0,0,0,0,0,0,0,0,0
"42009","5","518210","78","0","2022","4","N",2,0,0,0,0,0,0,0,"N",0.39,0,0,0,0,0,0,0,"N",1,100.0,0,0,0,0,0,0,0,0,0,0,0,0,0,0
"42011","5","518210","78","0","2022","4","N",10,0,0,0,0,0,0,0,"N",0.26,0,0,0,0,0,0,0,"N",4,66.7,0,0,0,0,0,0,0,0,0,0,0,0,0,0
"42013","5","518210","78","0","2022","4","N",2,0,0,0,0,0,0,0,"N",0.13,0,0,0,0,0,0,0,"N",-1,-33.3,0,0,0,0,0,0,0,0,0,0,0,0,0,0
"42017","5","518210","78","0","2022","4","",55,796,792,792,16618049,535982,18605,1611,"",0.62,0.94,0.94,0.93,0.55,0.74,0.81,0.59,"",-5,-8.3,-7,-0.9,-21,-2.6,-21,-2.6,305206,1.9,-273232,-33.8,-19659,-51.4,61,3.9
"42019","5","518210","78","0","2022","4","",10,175,175,176,6306824,74360,2747,2767,"",0.45,0.65,0.64,0.65,0.68,0.35,0.38,1.06,"N",1,11.1,0,0,0,0,0,0,0,0,0,0,0,0,0,0
"42021","5","518210","78","0","2022","4","N",2,0,0,0,0,0,0,0,"N",0.14,0,0,0,0,0,0,0,"N",2,100.0,0,0,0,0,0,0,0,0,0,0,0,0,0,0
"42025","5","518210","78","0","2022","4","N",2,0,0,0,0,0,0,0,"N",0.36,0,0,0,0,0,0,0,"N",-1,-33.3,0,0,0,0,0,0,0,0,0,0,0,0,0,0
"42027","5","518210","78","0","2022","4","",9,56,58,58,1349735,17722,435,1811,"",0.59,0.26,0.27,0.28,0.19,0.13,0.11,0.71,"",1,12.5,-25,-30.9,-19,-24.7,-15,-20.5,-1080551,-44.5,-31056,-63.7,-1533,-77.9,-617,-25.4
"42029","5","518210","78","0","2022","4","",65,1155,1125,1158,43053519,679703,21244,2890,"",0.95,1.47,1.43,1.47,1.23,1.07,1.07,0.85,"",1,1.6,9,0.8,-18,-1.6,25,2.2,3372705,8.5,21543,3.3,-1090,-4.9,214,8.0
"42033","5","518210","78","0","2022","4","N",1,0,0,0,0,0,0,0,"N",0.11,0,0,0,0,0,0,0,"N",1,100.0,0,0,0,0,0,0,0,0,0,0,0,0,0,0
"42037","5","518210","78","0","2022","4","N",2,0,0,0,0,0,0,0,"N",0.30,0,0,0,0,0,0,0,"N",1,100.0,0,0,0,0,0,0,0,0,0,0,0,0,0,0
"42039","5","518210","78","0","2022","4","N",2,0,0,0,0,0,0,0,"N",0.22,0,0,0,0,0,0,0,"N",0,0.0,0,0,0,0,0,0,0,0,0,0,0,0,0,0
"42041","5","518210","78","0","2022","4","",16,277,271,268,7847175,112332,4407,2219,"",0.54,0.64,0.62,0.61,0.54,0.28,0.36,0.86,"",-1,-5.9,-18,-6.1,-25,-8.4,-29,-9.8,367308,4.9,-227791,-67.0,-12607,-74.1,275,14.1
"42043","2","518210","78","0","2022","4","N",1,0,0,0,0,0,0,0,"N",80.53,0,0,0,0,0,0,0,"N",0,0.0,0,0,0,0,0,0,0,0,0,0,0,0,0,0
"42043","5","518210","78","0","2022","4","",19,263,253,251,3878012,202960,7967,1167,"",0.59,0.45,0.43,0.42,0.18,0.46,0.58,0.42,"",2,11.8,25,10.5,21,9.1,15,6.4,106091,2.8,23020,12.8,706,9.7,-66,-5.4
"42045","5","518210","78","0","2022","4","",26,118,114,111,3685043,115587,2194,2479,"",0.43,0.17,0.16,0.16,0.13,0.19,0.11,0.82,"",-1,-3.7,13,12.4,9,8.6,5,4.7,502249,15.8,-15004,-11.5,-3270,-59.8,155,6.7
"42049","5","518210","78","0","2022","4","N",6,0,0,0,0,0,0,0,"N",0.21,0,0,0,0,0,0,0,"N",1,20.0,0,0,0,0,0,0,0,0,0,0,0,0,0,0
"42055","5","518210","78","0","2022","4","",5,13,13,13,282323,3871,237,1671,"",0.35,0.07,0.07,0.07,0.05,0.02,0.05,0.76,"N",0,0.0,0,0,0,0,0,0,0,0,0,0,0,0,0,0
"42059","5","518210","78","0","2022","4","N",1,0,0,0,0,0,0,0,"N",0.29,0,0,0,0,0,0,0,"N",0,0.0,0,0,0,0,0,0,0,0,0,0,0,0,0,0
"42063","5","518210","78","0","2022","4","N",1,0,0,0,0,0,0,0,"N",0.12,0,0,0,0,0,0,0,"N",0,0.0,0,0,0,0,0,0,0,0,0,0,0,0,0,0
"42069","5","518210","78","0","2022","4","",7,17,17,17,352188,6399,531,1594,"",0.30,0.06,0.06,0.06,0.04,0.02,0.06,0.73,"N",0,0.0,0,0,0,0,0,0,0,0,0,0,0,0,0,0
"42071","5","518210","78","0","2022","4","",11,91,90,92,2304789,40165,1100,1948,"",0.18,0.12,0.11,0.12,0.09,0.06,0.06,0.79,"",1,10.0,1,1.1,1,1.1,2,2.2,21665,0.9,179,0.4,106,10.7,-11,-0.6
"42073","5","518210","78","0","2022","4","N",1,0,0,0,0,0,0,0,"N",0.12,0,0,0,0,0,0,0,"N",0,0.0,0,0,0,0,0,0,0,0,0,0,0,0,0,0
"42075","5","518210","78","0","2022","4","N",4,0,0,0,0,0,0,0,"N",0.32,0,0,0,0,0,0,0,"N",0,0.0,0,0,0,0,0,0,0,0,0,0,0,0,0,0
"42077","5","518210","78","0","2022","4","",23,227,202,183,3718456,334098,7916,1402,"",0.60,0.36,0.32,0.29,0.15,0.63,0.47,0.48,"",-2,-8.0,-80,-26.1,-63,-23.8,-62,-25.3,-703116,-15.9,-4879,-1.4,-535,-6.3,153,12.2
"42079","1","518210","78","0","2022","4","",1,1219,1211,1223,21355283,0,0,1349,"",1564.61,1051.71,1048.14,1052.17,1396.57,0.00,0.00,1.33,"",0,0.0,-20,-1.6,-35,-2.8,-31,-2.5,910260,4.5,0,0.0,0,0.0,87,6.9
"42079","5","518210","78","0","2022","4","",11,175,175,173,2981537,67903,2759,1316,"",0.35,0.38,0.38,0.38,0.22,0.15,0.18,0.58,"",1,10.0,82,88.2,82,88.2,80,86.0,1448280,94.5,13210,24.2,1079,64.2,48,3.8
"42081","5","518210","78","0","2022","4","N",3,0,0,0,0,0,0,0,"N",0.23,0,0,0,0,0,0,0,"N",1,50.0,0,0,0,0,0,0,0,0,0,0,0,0,0,0
"42085","5","518210","78","0","2022","4","N",2,0,0,0,0,0,0,0,"N",0.17,0,0,0,0,0,0,0,"N",0,0.0,0,0,0,0,0,0,0,0,0,0,0,0,0,0
"42089","5","518210","78","0","2022","4","",6,10,12,14,304069,14609,572,1949,"",0.39,0.06,0.07,0.08,0.06,0.09,0.12,0.91,"N",5,500.0,0,0,0,0,0,0,0,0,0,0,0,0,0,0
"42091","5","518210","78","0","2022","4","",101,2546,2532,2558,52642168,1734490,48759,1591,"",0.83,1.59,1.57,1.58,0.71,1.25,1.09,0.45,"",2,2.0,7,0.3,1,0.0,1,0.0,-5862421,-10.0,-16833,-1.0,-30878,-38.8,-179,-10.1
"42095","5","518210","78","0","2022","4","",26,823,839,832,17282355,546659,26662,1599,"",0.88,2.19,2.21,2.19,1.45,1.64,2.44,0.66,"",-1,-3.7,67,8.9,90,12.0,81,10.8,2942764,20.5,-82011,-13.0,-4633,-14.8,132,9.0
"42097","5","518210","78","0","2022","4","N",1,0,0,0,0,0,0,0,"N",0.13,0,0,0,0,0,0,0,"N",0,0.0,0,0,0,0,0,0,0,0,0,0,0,0,0,0
"42099","5","518210","78","0","2022","4","N",1,0,0,0,0,0,0,0,"N",0.26,0,0,0,0,0,0,0,"N",1,100.0,0,0,0,0,0,0,0,0,0,0,0,0,0,0
"42101","5","518210","78","0","2022","4","",93,541,541,537,15802851,342767,11204,2253,"",0.63,0.25,0.24,0.24,0.16,0.20,0.19,0.67,"",6,6.9,9,1.7,11,2.1,10,1.9,136635,0.9,-169098,-33.0,-10618,-48.7,-22,-1.0
"42103","5","518210","78","0","2022","4","N",2,0,0,0,0,0,0,0,"N",0.42,0,0,0,0,0,0,0,"N",-1,-33.3,0,0,0,0,0,0,0,0,0,0,0,0,0,0
"42111","5","518210","78","0","2022","4","N",1,0,0,0,0,0,0,0,"N",0.13,0,0,0,0,0,0,0,"N",0,0.0,0,0,0,0,0,0,0,0,0,0,0,0,0,0
"42115","5","518210","78","0","2022","4","N",2,0,0,0,0,0,0,0,"N",0.48,0,0,0,0,0,0,0,"N",1,100.0,0,0,0,0,0,0,0,0,0,0,0,0,0,0
"42117","5","518210","78","0","2022","4","N",1,0,0,0,0,0,0,0,"N",0.23,0,0,0,0,0,0,0,"N",-1,-50.0,0,0,0,0,0,0,0,0,0,0,0,0,0,0
"42119","5","518210","78","0","2022","4","N",1,0,0,0,0,0,0,0,"N",0.23,0,0,0,0,0,0,0,"N",0,0.0,0,0,0,0,0,0,0,0,0,0,0,0,0,0
"42121","5","518210","78","0","2022","4","N",1,0,0,0,0,0,0,0,"N",0.19,0,0,0,0,0,0,0,"N",1,100.0,0,0,0,0,0,0,0,0,0,0,0,0,0,0
"42123","5","518210","78","0","2022","4","N",2,0,0,0,0,0,0,0,"N",0.49,0,0,0,0,0,0,0,"N",1,100.0,0,0,0,0,0,0,0,0,0,0,0,0,0,0
"42125","5","518210","78","0","2022","4","",8,76,76,75,2987045,20643,512,3037,"",0.33,0.28,0.28,0.28,0.30,0.09,0.06,1.08,"",1,14.3,9,13.4,9,13.4,7,10.3,2096346,235.4,2268,12.3,-53,-9.4,2019,198.3
"42127","5","518210","78","0","2022","4","N",2,0,0,0,0,0,0,0,"N",0.33,0,0,0,0,0,0,0,"N",0,0.0,0,0,0,0,0,0,0,0,0,0,0,0,0,0
"42129","5","518210","78","0","2022","4","",8,25,25,25,849613,5236,441,2614,"",0.21,0.06,0.06,0.06,0.07,0.02,0.04,1.12,"N",0,0.0,0,0,0,0,0,0,0,0,0,0,0,0,0,0
"42131","5","518210","78","0","2022","4","N",1,0,0,0,0,0,0,0,"N",0.33,0,0,0,0,0,0,0,"N",0,0.0,0,0,0,0,0,0,0,0,0,0,0,0,0,0
"42133","5","518210","78","0","2022","4","",10,31,34,36,649988,81491,2228,1485,"",0.25,0.05,0.06,0.06,0.04,0.16,0.13,0.60,"N",1,11.1,0,0,0,0,0,0,0,0,0,0,0,0,0,0
"42999","5","518210","78","0","2022","4","",1180,4950,4972,4972,166981279,5169025,217404,2587,"",5.22,5.25,5.26,5.28,3.08,4.08,4.43,0.58,"",241,25.7,1797,57.0,1788,56.2,1684,51.2,53983888,47.8,242033,4.9,-3324,-1.5,-122,-4.5
"44000","5","518210","58","0","2022","4","",414,758,788,770,27388172,1820949,28798,2729,"",2.09,0.49,0.51,0.50,0.50,0.59,0.38,1.00,"",160,63.0,148,24.3,169,27.3,159,26.0,4323378,18.7,-240263,-11.7,-12495,-30.3,-164,-5.7
"44001","5","518210","78","0","2022","4","",17,17,18,20,1001020,51959,509,4200,"",1.93,0.37,0.39,0.44,0.72,0.59,0.26,1.78,"N",7,70.0,0,0,0,0,0,0,0,0,0,0,0,0,0,0
"44003","5","518210","78","0","2022","4","",37,91,97,92,2702590,196491,3180,2227,"",1.32,0.38,0.40,0.38,0.35,0.36,0.25,0.90,"",10,37.0,2,2.2,7,7.8,0,0.0,842258,45.3,-136189,-40.9,-8012,-71.6,643,40.6
"44005","5","518210","78","0","2022","4","",32,38,39,40,1288304,68619,1169,2541,"",1.80,0.29,0.30,0.31,0.28,0.28,0.17,0.93,"",14,77.8,17,81.0,17,77.3,17,73.9,640361,98.8,13161,23.7,483,70.4,275,12.1
"44007","5","518210","78","0","2022","4","",164,298,305,300,8960899,834933,12251,2290,"",1.69,0.33,0.34,0.33,0.27,0.49,0.29,0.83,"",89,118.7,21,7.6,26,9.3,35,13.2,1515785,20.4,70228,9.2,-1308,-9.6,197,9.4
"44009","5","518210","78","0","2022","4","",29,79,80,80,3742349,88206,969,3613,"",1.26,0.44,0.45,0.46,0.65,0.24,0.11,1.44,"",12,70.6,16,25.4,17,27.0,16,25.0,614965,19.7,-223961,-71.7,-5381,-84.7,-185,-4.9
"44999","5","518210","78","0","2022","4","",135,235,249,238,9693010,580741,10720,3098,"",5.67,5.40,5.74,5.53,3.60,4.61,3.04,0.65,"N",28,26.2,0,0,0,0,0,0,0,0,0,0,0,0,0,0
"45000","5","518210","58","0","2022","4","",1218,4662,4708,4808,121598581,7663293,76502,1979,"",1.69,0.67,0.67,0.68,0.55,0.78,0.82,0.82,"",351,40.5,642,16.0,632,15.5,770,19.1,25041303,25.9,799534,11.6,-66049,-46.3,143,7.8
"45003","5","518210","78","0","2022","4","",3,9,8,8,265803,0,0,2454,"",0.20,0.05,0.04,0.04,0.04,0.00,0.00,0.98,"N",-1,-25.0,0,0,0,0,0,0,0,0,0,0,0,0,0,0
"45007","5","518210","78","0","2022","4","",12,60,60,67,1307808,140731,140,1614,"",0.67,0.27,0.27,0.30,0.21,0.48,0.07,0.76,"",2,20.0,12,25.0,11,22.4,20,42.6,346970,36.1,-4141,-2.9,-1460,-91.2,74,4.8
"45011","5","518210","78","0","2022","4","N",1,0,0,0,0,0,0,0,"N",0.56,0,0,0,0,0,0,0,"N",0,0.0,0,0,0,0,0,0,0,0,0,0,0,0,0,0
"45013","5","518210","78","0","2022","4","",24,27,28,28,1035727,60675,353,2880,"",0.78,0.12,0.13,0.13,0.16,0.19,0.15,1.29,"",5,26.3,-24,-47.1,-21,-42.9,-17,-37.8,174854,20.3,-164814,-73.1,-736,-67.6,1510,110.2
"45015","5","518210","78","0","2022","4","N",31,0,0,0,0,0,0,0,"N",1.63,0,0,0,0,0,0,0,"N",17,121.4,0,0,0,0,0,0,0,0,0,0,0,0,0,0
"45017","5","518210","78","0","2022","4","N",1,0,0,0,0,0,0,0,"N",0.87,0,0,0,0,0,0,0,"N",0,0.0,0,0,0,0,0,0,0,0,0,0,0,0,0,0
"45019","5","518210","78","0","2022","4","",153,868,875,886,29043066,921664,8943,2549,"",1.77,1.01,1.01,1.02,0.96,0.77,0.83,0.94,"",42,37.8,77,9.7,72,9.0,98,12.4,5988594,26.0,119947,15.0,3019,51.0,315,14.1
"45021","5","518210","78","0","2022","4","N",1,0,0,0,0,0,0,0,"N",0.25,0,0,0,0,0,0,0,"N",1,100.0,0,0,0,0,0,0,0,0,0,0,0,0,0,0
"45023","5","518210","78","0","2022","4","N",3,0,0,0,0,0,0,0,"N",1.17,0,0,0,0,0,0,0,"N",0,0.0,0,0,0,0,0,0,0,0,0,0,0,0,0,0
"45025","5","518210","78","0","2022","4","N",1,0,0,0,0,0,0,0,"N",0.31,0,0,0,0,0,0,0,"N",1,100.0,0,0,0,0,0,0,0,0,0,0,0,0,0,0
"45027","5","518210","78","0","2022","4","N",1,0,0,0,0,0,0,0,"N",0.38,0,0,0,0,0,0,0,"N",0,0.0,0,0,0,0,0,0,0,0,0,0,0,0,0,0
"45029","5","518210","78","0","2022","4","N",1,0,0,0,0,0,0,0,"N",0.28,0,0,0,0,0,0,0,"N",0,0.0,0,0,0,0,0,0,0,0,0,0,0,0,0,0
"45031","5","518210","78","0","2022","4","N",2,0,0,0,0,0,0,0,"N",0.40,0,0,0,0,0,0,0,"N",0,0.0,0,0,0,0,0,0,0,0,0,0,0,0,0,0
"45033","5","518210","78","0","2022","4","N",2,0,0,0,0,0,0,0,"N",0.92,0,0,0,0,0,0,0,"N",1,100.0,0,0,0,0,0,0,0,0,0,0,0,0,0,0
"45035","5","518210","78","0","2022","4","",11,25,25,25,559346,13234,0,1721,"",0.85,0.21,0.20,0.20,0.17,0.07,0.00,0.83,"N",2,22.2,0,0,0,0,0,0,0,0,0,0,0,0,0,0
"45039","5","518210","78","0","2022","4","N",2,0,0,0,0,0,0,0,"N",1.17,0,0,0,0,0,0,0,"N",0,0.0,0,0,0,0,0,0,0,0,0,0,0,0,0,0
"45041","5","518210","78","0","2022","4","",6,18,19,18,335528,37125,109,1408,"",0.40,0.08,0.09,0.08,0.06,0.14,0.03,0.67,"N",2,50.0,0,0,0,0,0,0,0,0,0,0,0,0,0,0
"45043","5","518210","78","0","2022","4","",7,39,38,37,587892,54173,319,1190,"",0.73,0.49,0.48,0.46,0.27,0.52,0.29,0.57,"",0,0.0,11,39.3,7,22.6,5,15.6,25590,4.6,-13782,-20.3,-309,-49.2,-236,-16.5
"45045","5","518210","78","0","2022","4","",106,370,408,395,8631743,663110,2264,1698,"",1.35,0.40,0.44,0.43,0.28,0.46,0.17,0.67,"",25,30.9,-2,-0.5,38,10.3,22,5.9,-119008,-1.4,85796,14.9,-2250,-49.8,-113,-6.2
"45047","5","518210","78","0","2022","4","N",4,0,0,0,0,0,0,0,"N",0.63,0,0,0,0,0,0,0,"N",1,33.3,0,0,0,0,0,0,0,0,0,0,0,0,0,0
"45051","5","518210","78","0","2022","4","",51,59,65,63,1803679,119353,844,2226,"",1.06,0.13,0.15,0.15,0.17,0.19,0.12,1.16,"",11,27.5,14,31.1,14,27.5,10,18.9,449887,33.2,-1942,-1.6,608,257.6,129,6.2
"45053","5","518210","78","0","2022","4","N",2,0,0,0,0,0,0,0,"N",0.56,0,0,0,0,0,0,0,"N",1,100.0,0,0,0,0,0,0,0,0,0,0,0,0,0,0
"45055","5","518210","78","0","2022","4","",5,9,8,9,147406,10717,53,1308,"",0.81,0.16,0.14,0.16,0.10,0.12,0.09,0.70,"",2,66.7,4,80.0,3,60.0,4,80.0,50397,52.0,10717,100.0,53,100.0,-184,-12.3
"45057","5","518210","78","0","2022","4","",12,23,21,19,368977,40456,120,1352,"",1.46,0.27,0.24,0.22,0.13,0.40,0.16,0.53,"",0,0.0,-3,-11.5,-6,-22.2,-7,-26.9,18783,5.4,-7711,-16.0,-56,-31.8,329,32.2
"45059","5","518210","78","0","2022","4","-",0,0,0,0,0,0,0,0,"N",0.00,0,0,0,0,0,0,0,"N",-1,-100.0,0,0,0,0,0,0,0,0,0,0,0,0,0,0
"45061","5","518210","78","0","2022","4","N",1,0,0,0,0,0,0,0,"N",0.78,0,0,0,0,0,0,0,"N",1,100.0,0,0,0,0,0,0,0,0,0,0,0,0,0,0
"45063","5","518210","78","0","2022","4","",41,141,136,135,3150410,204024,1463,1765,"",1.18,0.35,0.34,0.33,0.26,0.37,0.30,0.77,"",12,41.4,2,1.4,1,0.7,-3,-2.2,685035,27.8,-8585,-4.0,-2089,-58.8,384,27.8
"45065","5","518210","78","0","2022","4","N",1,0,0,0,0,0,0,0,"N",0.93,0,0,0,0,0,0,0,"N",1,100.0,0,0,0,0,0,0,0,0,0,0,0,0,0,0
"45069","5","518210","78","0","2022","4","N",1,0,0,0,0,0,0,0,"N",0.70,0,0,0,0,0,0,0,"N",0,0.0,0,0,0,0,0,0,0,0,0,0,0,0,0,0
"45071","5","518210","78","0","2022","4","",5,4,4,6,111969,19000,44,1846,"",1.35,0.08,0.08,0.12,0.09,0.28,0.08,0.96,"N",3,150.0,0,0,0,0,0,0,0,0,0,0,0,0,0,0
"45073","5","518210","78","0","2022","4","",5,27,28,28,608859,26211,610,1693,"",0.62,0.34,0.35,0.35,0.26,0.25,0.57,0.75,"N",1,25.0,0,0,0,0,0,0,0,0,0,0,0,0,0,0
"45075","5","518210","78","0","2022","4","N",2,0,0,0,0,0,0,0,"N",0.27,0,0,0,0,0,0,0,"N",1,100.0,0,0,0,0,0,0,0,0,0,0,0,0,0,0
"45077","5","518210","78","0","2022","4","N",13,0,0,0,0,0,0,0,"N",1.13,0,0,0,0,0,0,0,"N",3,30.0,0,0,0,0,0,0,0,0,0,0,0,0,0,0
"45079","5","518210","78","0","2022","4","",72,344,354,365,7298771,611137,5357,1585,"",1.43,0.48,0.50,0.51,0.32,0.71,0.59,0.64,"",16,28.6,18,5.5,28,8.6,34,10.3,1523295,26.4,70604,13.1,779,17.0,229,16.9
"45083","5","518210","78","0","2022","4","",11,36,38,50,1530429,198972,926,2848,"",0.34,0.07,0.08,0.10,0.10,0.30,0.14,1.22,"",-2,-15.4,7,24.1,9,31.0,20,66.7,545580,55.4,128324,181.6,733,379.8,265,10.3
"45085","5","518210","78","0","2022","4","N",3,0,0,0,0,0,0,0,"N",0.32,0,0,0,0,0,0,0,"N",1,50.0,0,0,0,0,0,0,0,0,0,0,0,0,0,0
"45087","5","518210","78","0","2022","4","N",1,0,0,0,0,0,0,0,"N",0.50,0,0,0,0,0,0,0,"N",1,100.0,0,0,0,0,0,0,0,0,0,0,0,0,0,0
"45089","5","518210","78","0","2022","4","N",2,0,0,0,0,0,0,0,"N",0.76,0,0,0,0,0,0,0,"N",0,0.0,0,0,0,0,0,0,0,0,0,0,0,0,0,0
"45091","5","518210","78","0","2022","4","",48,664,666,664,18318906,281626,1330,2120,"",1.41,2.05,2.05,2.03,1.76,0.60,0.31,0.86,"",5,11.6,-25,-3.6,-32,-4.6,-34,-4.9,-1069562,-5.5,-187637,-40.0,-1826,-57.9,-26,-1.2
"45999","5","518210","78","0","2022","4","",570,1772,1762,1835,42742224,4048300,52189,1837,"",4.68,5.85,5.74,6.00,2.75,5.95,6.42,0.47,"",197,52.8,412,30.3,368,26.4,473,34.7,13632146,46.8,685729,20.4,-62326,-54.4,205,12.6
"46000","2","518210","58","0","2022","4","N",5,0,0,0,0,0,0,0,"N",77.96,0,0,0,0,0,0,0,"N",-1,-16.7,0,0,0,0,0,0,0,0,0,0,0,0,0,0
"46000","5","518210","58","0","2022","4","",258,370,368,373,9552619,587830,5796,1984,"",1.54,0.26,0.26,0.26,0.22,0.35,0.44,0.83,"",75,41.0,95,34.5,84,29.6,87,30.4,1056814,12.4,-24113,-3.9,-1152,-16.6,-336,-14.5
"46003","5","518210","78","0","2022","4","N",1,0,0,0,0,0,0,0,"N",2.19,0,0,0,0,0,0,0,"N",1,100.0,0,0,0,0,0,0,0,0,0,0,0,0,0,0
"46005","5","518210","78","0","2022","4","N",1,0,0,0,0,0,0,0,"N",0.35,0,0,0,0,0,0,0,"N",1,100.0,0,0,0,0,0,0,0,0,0,0,0,0,0,0
"46007","5","518210","78","0","2022","4","N",1,0,0,0,0,0,0,0,"N",2.42,0,0,0,0,0,0,0,"N",0,0.0,0,0,0,0,0,0,0,0,0,0,0,0,0,0
"46009","2","518210","78","0","2022","4","N",1,0,0,0,0,0,0,0,"N",2567.13,0,0,0,0,0,0,0,"N",0,0.0,0,0,0,0,0,0,0,0,0,0,0,0,0,0
"46011","5","518210","78","0","2022","4","",9,16,17,15,623330,38915,211,2997,"",1.63,0.26,0.28,0.25,0.35,0.59,0.47,1.34,"",0,0.0,6,60.0,6,54.5,4,36.4,270665,76.7,-4663,-10.7,59,38.8,454,17.9
"46013","5","518210","78","0","2022","4","",8,13,13,15,199937,51026,383,1125,"",1.24,0.21,0.21,0.24,0.11,0.78,0.87,0.49,"",2,33.3,-6,-31.6,-8,-38.1,-6,-28.6,-27445,-12.1,-6896,-11.9,-196,-33.9,265,30.8
"46019","5","518210","78","0","2022","4","N",1,0,0,0,0,0,0,0,"N",0.52,0,0,0,0,0,0,0,"N",0,0.0,0,0,0,0,0,0,0,0,0,0,0,0,0,0
"46025","5","518210","78","0","2022","4","N",1,0,0,0,0,0,0,0,"N",1.27,0,0,0,0,0,0,0,"N",1,100.0,0,0,0,0,0,0,0,0,0,0,0,0,0,0
"46027","5","518210","78","0","2022","4","N",2,0,0,0,0,0,0,0,"N",1.06,0,0,0,0,0,0,0,"N",1,100.0,0,0,0,0,0,0,0,0,0,0,0,0,0,0
"46029","5","518210","78","0","2022","4","",4,3,4,4,80912,23000,276,1697,"",0.67,0.06,0.07,0.07,0.06,0.31,0.44,0.80,"N",2,100.0,0,0,0,0,0,0,0,0,0,0,0,0,0,0
"46033","5","518210","78","0","2022","4","N",2,0,0,0,0,0,0,0,"N",1.16,0,0,0,0,0,0,0,"N",2,100.0,0,0,0,0,0,0,0,0,0,0,0,0,0,0
"46035","5","518210","78","0","2022","4","N",3,0,0,0,0,0,0,0,"N",0.87,0,0,0,0,0,0,0,"N",2,200.0,0,0,0,0,0,0,0,0,0,0,0,0,0,0
"46037","5","518210","78","0","2022","4","N",1,0,0,0,0,0,0,0,"N",0.95,0,0,0,0,0,0,0,"N",1,100.0,0,0,0,0,0,0,0,0,0,0,0,0,0,0
"46039","5","518210","78","0","2022","4","N",1,0,0,0,0,0,0,0,"N",1.20,0,0,0,0,0,0,0,"N",1,100.0,0,0,0,0,0,0,0,0,0,0,0,0,0,0
"46047","5","518210","78","0","2022","4","-",0,0,0,0,0,0,0,0,"N",0.00,0,0,0,0,0,0,0,"N",-1,-100.0,0,0,0,0,0,0,0,0,0,0,0,0,0,0
"46061","5","518210","78","0","2022","4","N",3,0,0,0,0,0,0,0,"N",6.40,0,0,0,0,0,0,0,"N",1,50.0,0,0,0,0,0,0,0,0,0,0,0,0,0,0
"46065","2","518210","78","0","2022","4","N",1,0,0,0,0,0,0,0,"N",660.28,0,0,0,0,0,0,0,"N",0,0.0,0,0,0,0,0,0,0,0,0,0,0,0,0,0
"46065","5","518210","78","0","2022","4","",6,17,19,19,393849,13678,49,1653,"",1.52,0.50,0.56,0.56,0.37,0.46,0.23,0.69,"",-1,-14.3,-3,-15.0,-2,-9.5,-1,-5.0,-6221,-1.6,2919,27.1,17,53.1,139,9.2
"46077","5","518210","78","0","2022","4","N",1,0,0,0,0,0,0,0,"N",0.91,0,0,0,0,0,0,0,"N",0,0.0,0,0,0,0,0,0,0,0,0,0,0,0,0,0
"46079","5","518210","78","0","2022","4","",3,4,4,4,137100,0,0,2637,"",1.48,0.24,0.24,0.24,0.28,0.00,0.00,1.16,"N",0,0.0,0,0,0,0,0,0,0,0,0,0,0,0,0,0
"46081","5","518210","78","0","2022","4","",17,15,16,16,567145,19699,236,2785,"",2.50,0.37,0.39,0.40,0.52,0.35,0.54,1.35,"",8,88.9,4,36.4,4,33.3,4,33.3,171677,43.4,-11884,-37.6,-143,-37.7,178,6.8
"46083","5","518210","78","0","2022","4","",18,13,12,13,200070,11235,134,1215,"",1.75,0.14,0.13,0.15,0.06,0.11,0.15,0.44,"",1,5.9,1,8.3,-1,-7.7,-1,-7.1,-73953,-27.0,-40369,-78.2,-485,-78.4,-406,-25.0
"46093","5","518210","78","0","2022","4","",5,8,8,8,231347,0,0,2224,"",1.18,0.31,0.32,0.32,0.32,0.00,0.00,1.01,"N",0,0.0,0,0,0,0,0,0,0,0,0,0,0,0,0,0
"46099","2","518210","78","0","2022","4","N",1,0,0,0,0,0,0,0,"N",63.21,0,0,0,0,0,0,0,"N",0,0.0,0,0,0,0,0,0,0,0,0,0,0,0,0,0
"46099","5","518210","78","0","2022","4","",113,171,167,172,4547226,232931,2736,2058,"",2.74,0.40,0.39,0.41,0.31,0.48,0.71,0.77,"",36,46.8,53,44.9,51,44.0,51,42.1,1071425,30.8,353,0.2,-937,-25.5,-201,-8.9
"46101","5","518210","78","0","2022","4","N",1,0,0,0,0,0,0,0,"N",1.14,0,0,0,0,0,0,0,"N",0,0.0,0,0,0,0,0,0,0,0,0,0,0,0,0,0
"46102","5","518210","78","0","2022","4","N",1,0,0,0,0,0,0,0,"N",1.77,0,0,0,0,0,0,0,"N",1,100.0,0,0,0,0,0,0,0,0,0,0,0,0,0,0
"46103","2","518210","78","0","2022","4","N",1,0,0,0,0,0,0,0,"N",105.63,0,0,0,0,0,0,0,"N",0,0.0,0,0,0,0,0,0,0,0,0,0,0,0,0,0
"46103","5","518210","78","0","2022","4","",42,51,52,51,1677281,74217,490,2513,"",1.70,0.27,0.27,0.27,0.29,0.30,0.23,1.09,"",11,35.5,17,50.0,17,48.6,18,54.5,-739523,-30.6,-7463,-9.1,-211,-30.1,-2955,-54.0
"46105","5","518210","78","0","2022","4","N",1,0,0,0,0,0,0,0,"N",1.62,0,0,0,0,0,0,0,"N",0,0.0,0,0,0,0,0,0,0,0,0,0,0,0,0,0
"46115","5","518210","78","0","2022","4","N",1,0,0,0,0,0,0,0,"N",0.86,0,0,0,0,0,0,0,"N",0,0.0,0,0,0,0,0,0,0,0,0,0,0,0,0,0
"46117","5","518210","78","0","2022","4","N",2,0,0,0,0,0,0,0,"N",3.02,0,0,0,0,0,0,0,"N",2,100.0,0,0,0,0,0,0,0,0,0,0,0,0,0,0
"46123","5","518210","78","0","2022","4","N",1,0,0,0,0,0,0,0,"N",0.91,0,0,0,0,0,0,0,"N",0,0.0,0,0,0,0,0,0,0,0,0,0,0,0,0,0
"46127","5","518210","78","0","2022","4","",6,8,7,7,238486,0,0,2502,"",1.64,0.25,0.22,0.21,0.17,0.00,0.00,0.76,"",1,20.0,4,100.0,1,16.7,1,16.7,73521,44.6,-24070,-100.0,-289,-100.0,123,5.2
"46135","2","518210","78","0","2022","4","N",1,0,0,0,0,0,0,0,"N",721.07,0,0,0,0,0,0,0,"N",0,0.0,0,0,0,0,0,0,0,0,0,0,0,0,0,0
"46135","5","518210","78","0","2022","4","N",2,0,0,0,0,0,0,0,"N",0.55,0,0,0,0,0,0,0,"N",2,100.0,0,0,0,0,0,0,0,0,0,0,0,0,0,0
"47000","3","518210","58","0","2022","4","",2,30,29,29,575097,0,0,1508,"",1.14,0.52,0.50,0.50,0.54,0.00,0.00,1.07,"N",0,0.0,0,0,0,0,0,0,0,0,0,0,0,0,0,0
"47000","5","518210","58","0","2022","4","",1131,9763,9866,9988,323518017,6414524,86845,2521,"",1.29,0.96,0.97,0.98,0.90,0.79,1.08,0.93,"",186,19.7,2572,35.8,2539,34.7,2635,35.8,101453150,45.7,889599,16.1,9583,12.4,178,7.6
"47001","5","518210","78","0","2022","4","",5,8,8,8,165997,641,8,1596,"",0.59,0.06,0.06,0.06,0.03,0.01,0.01,0.51,"N",-3,-37.5,0,0,0,0,0,0,0,0,0,0,0,0,0,0
"47003","5","518210","78","0","2022","4","N",2,0,0,0,0,0,0,0,"N",0.47,0,0,0,0,0,0,0,"N",1,100.0,0,0,0,0,0,0,0,0,0,0,0,0,0,0
"47009","5","518210","78","0","2022","4","",17,192,200,200,10003572,104568,1980,3900,"",1.30,1.13,1.17,1.17,1.75,0.86,1.72,1.51,"",3,21.4,85,79.4,87,77.0,82,69.5,1408931,16.4,-19360,-15.6,-353,-15.1,-1968,-33.5
"47011","5","518210","78","0","2022","4","",8,9,9,9,189542,1101,14,1620,"",0.83,0.07,0.07,0.07,0.05,0.01,0.01,0.74,"",2,33.3,3,50.0,2,28.6,2,28.6,53763,39.6,-7486,-87.2,-177,-92.7,53,3.4
"47013","5","518210","78","0","2022","4","N",2,0,0,0,0,0,0,0,"N",0.67,0,0,0,0,0,0,0,"N",0,0.0,0,0,0,0,0,0,0,0,0,0,0,0,0,0
"47015","5","518210","78","0","2022","4","N",2,0,0,0,0,0,0,0,"N",1.77,0,0,0,0,0,0,0,"N",0,0.0,0,0,0,0,0,0,0,0,0,0,0,0,0,0
"47019","5","518210","78","0","2022","4","N",2,0,0,0,0,0,0,0,"N",0.57,0,0,0,0,0,0,0,"N",0,0.0,0,0,0,0,0,0,0,0,0,0,0,0,0,0
"47021","5","518210","78","0","2022","4","",7,39,40,38,2212859,11961,181,4365,"",1.86,1.30,1.32,1.25,2.39,0.57,0.87,1.85,"",2,40.0,15,62.5,15,60.0,11,40.7,1311775,145.6,-20216,-62.8,-331,-64.6,1629,59.5
"47025","5","518210","78","0","2022","4","N",1,0,0,0,0,0,0,0,"N",0.42,0,0,0,0,0,0,0,"N",0,0.0,0,0,0,0,0,0,0,0,0,0,0,0,0,0
"47027","5","518210","78","0","2022","4","N",1,0,0,0,0,0,0,0,"N",1.51,0,0,0,0,0,0,0,"N",0,0.0,0,0,0,0,0,0,0,0,0,0,0,0,0,0
"47035","5","518210","78","0","2022","4","",8,18,18,18,488313,0,0,2087,"",1.35,0.31,0.30,0.30,0.35,0.00,0.00,1.15,"",3,60.0,5,38.5,6,50.0,8,80.0,350946,255.5,-236,-100.0,-6,-100.0,1181,130.4
"47037","5","518210","78","0","2022","4","",280,2690,2710,2763,92475133,1708976,23513,2614,"",2.05,1.56,1.57,1.60,1.23,1.21,1.60,0.78,"",52,22.8,571,26.9,606,28.8,633,29.7,33056674,55.6,277631,19.4,3173,15.6,456,21.1
"47041","5","518210","78","0","2022","4","N",2,0,0,0,0,0,0,0,"N",1.14,0,0,0,0,0,0,0,"N",0,0.0,0,0,0,0,0,0,0,0,0,0,0,0,0,0
"47043","5","518210","78","0","2022","4","N",3,0,0,0,0,0,0,0,"N",0.54,0,0,0,0,0,0,0,"N",0,0.0,0,0,0,0,0,0,0,0,0,0,0,0,0,0
"47047","5","518210","78","0","2022","4","N",1,0,0,0,0,0,0,0,"N",0.32,0,0,0,0,0,0,0,"N",-1,-50.0,0,0,0,0,0,0,0,0,0,0,0,0,0,0
"47049","5","518210","78","0","2022","4","N",2,0,0,0,0,0,0,0,"N",1.27,0,0,0,0,0,0,0,"N",1,100.0,0,0,0,0,0,0,0,0,0,0,0,0,0,0
"47051","5","518210","78","0","2022","4","",8,10,10,11,250252,5760,156,1863,"",1.95,0.28,0.28,0.30,0.25,0.21,0.69,0.87,"",3,60.0,2,25.0,2,25.0,4,57.1,64594,34.8,-1240,-17.7,-33,-17.5,0,0.0
"47055","5","518210","78","0","2022","4","N",1,0,0,0,0,0,0,0,"N",0.34,0,0,0,0,0,0,0,"N",1,100.0,0,0,0,0,0,0,0,0,0,0,0,0,0,0
"47057","5","518210","78","0","2022","4","N",2,0,0,0,0,0,0,0,"N",1.36,0,0,0,0,0,0,0,"N",1,100.0,0,0,0,0,0,0,0,0,0,0,0,0,0,0
"47059","5","518210","78","0","2022","4","N",1,0,0,0,0,0,0,0,"N",0.16,0,0,0,0,0,0,0,"N",-2,-66.7,0,0,0,0,0,0,0,0,0,0,0,0,0,0
"47063","5","518210","78","0","2022","4","N",2,0,0,0,0,0,0,0,"N",0.32,0,0,0,0,0,0,0,"N",0,0.0,0,0,0,0,0,0,0,0,0,0,0,0,0,0
"47065","5","518210","78","0","2022","4","",79,757,769,764,29092536,518362,5813,2932,"",1.50,1.12,1.13,1.12,1.17,0.92,1.14,1.04,"",18,29.5,287,61.1,290,60.5,278,57.2,10349695,55.2,35209,7.3,-470,-7.5,-82,-2.7
"47067","5","518210","78","0","2022","4","N",1,0,0,0,0,0,0,0,"N",2.26,0,0,0,0,0,0,0,"N",0,0.0,0,0,0,0,0,0,0,0,0,0,0,0,0,0
"47071","5","518210","78","0","2022","4","N",2,0,0,0,0,0,0,0,"N",0.77,0,0,0,0,0,0,0,"N",1,100.0,0,0,0,0,0,0,0,0,0,0,0,0,0,0
"47073","5","518210","78","0","2022","4","N",1,0,0,0,0,0,0,0,"N",0.29,0,0,0,0,0,0,0,"N",1,100.0,0,0,0,0,0,0,0,0,0,0,0,0,0,0
"47079","5","518210","78","0","2022","4","N",1,0,0,0,0,0,0,0,"N",0.30,0,0,0,0,0,0,0,"N",1,100.0,0,0,0,0,0,0,0,0,0,0,0,0,0,0
"47081","5","518210","78","0","2022","4","N",2,0,0,0,0,0,0,0,"N",1.26,0,0,0,0,0,0,0,"N",0,0.0,0,0,0,0,0,0,0,0,0,0,0,0,0,0
"47083","5","518210","78","0","2022","4","N",2,0,0,0,0,0,0,0,"N",3.38,0,0,0,0,0,0,0,"N",1,100.0,0,0,0,0,0,0,0,0,0,0,0,0,0,0
"47085","5","518210","78","0","2022","4","N",1,0,0,0,0,0,0,0,"N",0.58,0,0,0,0,0,0,0,"N",0,0.0,0,0,0,0,0,0,0,0,0,0,0,0,0,0
"47087","5","518210","78","0","2022","4","N",1,0,0,0,0,0,0,0,"N",1.25,0,0,0,0,0,0,0,"N",0,0.0,0,0,0,0,0,0,0,0,0,0,0,0,0,0
"47089","5","518210","78","0","2022","4","N",2,0,0,0,0,0,0,0,"N",0.51,0,0,0,0,0,0,0,"N",1,100.0,0,0,0,0,0,0,0,0,0,0,0,0,0,0
"47091","5","518210","78","0","2022","4","N",4,0,0,0,0,0,0,0,"N",2.57,0,0,0,0,0,0,0,"N",0,0.0,0,0,0,0,0,0,0,0,0,0,0,0,0,0
"47093","5","518210","78","0","2022","4","",89,323,331,330,9185872,114284,1950,2154,"",1.32,0.40,0.41,0.41,0.33,0.18,0.35,0.81,"",27,43.5,7,2.2,14,4.4,16,5.1,570686,6.6,-72469,-38.8,53,2.8,55,2.6
"47101","5","518210","78","0","2022","4","N",1,0,0,0,0,0,0,0,"N",0.91,0,0,0,0,0,0,0,"N",1,100.0,0,0,0,0,0,0,0,0,0,0,0,0,0,0
"47103","5","518210","78","0","2022","4","N",1,0,0,0,0,0,0,0,"N",0.32,0,0,0,0,0,0,0,"N",1,100.0,0,0,0,0,0,0,0,0,0,0,0,0,0,0
"47105","5","518210","78","0","2022","4","N",9,0,0,0,0,0,0,0,"N",1.62,0,0,0,0,0,0,0,"N",2,28.6,0,0,0,0,0,0,0,0,0,0,0,0,0,0
"47107","5","518210","78","0","2022","4","",5,7,7,7,90395,0,0,993,"",1.11,0.13,0.12,0.13,0.06,0.00,0.00,0.48,"N",2,66.7,0,0,0,0,0,0,0,0,0,0,0,0,0,0
"47109","5","518210","78","0","2022","4","N",1,0,0,0,0,0,0,0,"N",0.46,0,0,0,0,0,0,0,"N",0,0.0,0,0,0,0,0,0,0,0,0,0,0,0,0,0
"47111","5","518210","78","0","2022","4","N",1,0,0,0,0,0,0,0,"N",0.61,0,0,0,0,0,0,0,"N",0,0.0,0,0,0,0,0,0,0,0,0,0,0,0,0,0
"47113","3","518210","78","0","2022","4","",1,23,23,23,466362,0,0,1560,"",42.56,21.12,20.91,21.07,26.60,0.00,0.00,1.27,"N",0,0.0,0,0,0,0,0,0,0,0,0,0,0,0,0,0
"47113","5","518210","78","0","2022","4","N",8,0,0,0,0,0,0,0,"N",0.68,0,0,0,0,0,0,0,"N",1,14.3,0,0,0,0,0,0,0,0,0,0,0,0,0,0
"47115","5","518210","78","0","2022","4","N",2,0,0,0,0,0,0,0,"N",0.89,0,0,0,0,0,0,0,"N",0,0.0,0,0,0,0,0,0,0,0,0,0,0,0,0,0
"47119","5","518210","78","0","2022","4","",11,24,24,26,693774,433,6,2164,"",0.94,0.19,0.19,0.21,0.18,0.00,0.01,0.90,"",4,57.1,0,0.0,2,9.1,2,8.3,28976,4.4,-27391,-98.4,-99,-94.3,-28,-1.3
"47125","5","518210","78","0","2022","4","",23,26,25,26,567928,29814,795,1702,"",1.25,0.13,0.13,0.13,0.11,0.18,0.44,0.81,"",9,64.3,14,116.7,13,108.3,13,100.0,229043,67.6,21485,258.0,580,269.8,-412,-19.5
"47135","5","518210","78","0","2022","4","N",1,0,0,0,0,0,0,0,"N",1.52,0,0,0,0,0,0,0,"N",0,0.0,0,0,0,0,0,0,0,0,0,0,0,0,0,0
"47141","5","518210","78","0","2022","4","N",6,0,0,0,0,0,0,0,"N",0.60,0,0,0,0,0,0,0,"N",0,0.0,0,0,0,0,0,0,0,0,0,0,0,0,0,0
"47143","5","518210","78","0","2022","4","N",1,0,0,0,0,0,0,0,"N",0.41,0,0,0,0,0,0,0,"N",-5,-83.3,0,0,0,0,0,0,0,0,0,0,0,0,0,0
"47145","5","518210","78","0","2022","4","N",2,0,0,0,0,0,0,0,"N",0.50,0,0,0,0,0,0,0,"N",0,0.0,0,0,0,0,0,0,0,0,0,0,0,0,0,0
"47147","5","518210","78","0","2022","4","N",2,0,0,0,0,0,0,0,"N",0.31,0,0,0,0,0,0,0,"N",1,100.0,0,0,0,0,0,0,0,0,0,0,0,0,0,0
"47149","5","518210","78","0","2022","4","",27,40,39,39,974444,19705,514,1906,"",0.82,0.09,0.09,0.09,0.07,0.05,0.15,0.76,"",-2,-6.9,-1,-2.4,-3,-7.1,-2,-4.9,-145211,-13.0,-7023,-26.3,74,16.8,-178,-8.5
"47151","5","518210","78","0","2022","4","N",1,0,0,0,0,0,0,0,"N",0.61,0,0,0,0,0,0,0,"N",0,0.0,0,0,0,0,0,0,0,0,0,0,0,0,0,0
"47155","5","518210","78","0","2022","4","",9,21,21,22,550071,12328,306,1983,"",0.64,0.13,0.13,0.14,0.14,0.08,0.20,1.05,"N",3,50.0,0,0,0,0,0,0,0,0,0,0,0,0,0,0
"47157","5","518210","78","0","2022","4","",106,470,471,499,13482633,453405,9137,2161,"",1.06,0.30,0.30,0.31,0.23,0.37,0.80,0.74,"",14,15.2,169,56.1,165,53.9,184,58.4,6325553,88.4,60589,15.4,3581,64.5,370,20.7
"47159","5","518210","78","0","2022","4","N",1,0,0,0,0,0,0,0,"N",0.62,0,0,0,0,0,0,0,"N",0,0.0,0,0,0,0,0,0,0,0,0,0,0,0,0,0
"47163","5","518210","78","0","2022","4","N",10,0,0,0,0,0,0,0,"N",0.60,0,0,0,0,0,0,0,"N",2,25.0,0,0,0,0,0,0,0,0,0,0,0,0,0,0
"47165","5","518210","78","0","2022","4","",29,116,119,122,4654096,61528,1164,3008,"",1.35,0.61,0.62,0.63,0.77,0.37,0.67,1.25,"",8,38.1,-2,-1.7,1,0.8,9,8.0,-1421654,-23.4,1527,2.5,394,51.2,-1009,-25.1
"47167","5","518210","78","0","2022","4","N",1,0,0,0,0,0,0,0,"N",0.26,0,0,0,0,0,0,0,"N",0,0.0,0,0,0,0,0,0,0,0,0,0,0,0,0,0
"47171","5","518210","78","0","2022","4","N",1,0,0,0,0,0,0,0,"N",0.73,0,0,0,0,0,0,0,"N",1,100.0,0,0,0,0,0,0,0,0,0,0,0,0,0,0
"47173","5","518210","78","0","2022","4","N",1,0,0,0,0,0,0,0,"N",0.83,0,0,0,0,0,0,0,"N",0,0.0,0,0,0,0,0,0,0,0,0,0,0,0,0,0
"47177","5","518210","78","0","2022","4","N",1,0,0,0,0,0,0,0,"N",0.25,0,0,0,0,0,0,0,"N",0,0.0,0,0,0,0,0,0,0,0,0,0,0,0,0,0
"47179","5","518210","78","0","2022","4","N",14,0,0,0,0,0,0,0,"N",0.90,0,0,0,0,0,0,0,"N",2,16.7,0,0,0,0,0,0,0,0,0,0,0,0,0,0
"47187","5","518210","78","0","2022","4","",116,1306,1310,1324,36790845,500019,7255,2155,"",2.08,2.72,2.69,2.71,1.65,1.17,1.57,0.61,"",7,6.4,124,10.5,139,11.9,143,12.1,3415449,10.2,-78913,-13.6,-485,-6.3,-24,-1.1
"47189","5","518210","78","0","2022","4","",18,40,40,41,1033377,47507,707,1971,"",1.02,0.21,0.20,0.21,0.17,0.25,0.36,0.83,"",9,100.0,22,122.2,22,122.2,23,127.8,477305,85.8,38407,422.1,595,531.2,-405,-17.0
"47999","3","518210","78","0","2022","4","",1,7,6,6,108735,0,0,1321,"",6.71,3.89,3.27,3.27,2.23,0.00,0.00,0.64,"N",0,0.0,0,0,0,0,0,0,0,0,0,0,0,0,0,0
"47999","5","518210","78","0","2022","4","",180,3269,3307,3348,111797598,2582248,25349,2600,"",2.41,10.27,10.23,10.32,6.74,7.07,4.62,0.66,"",14,8.4,1291,65.3,1191,56.3,1258,60.2,46391344,70.9,847384,48.8,1597,6.7,159,6.5
"48000","5","518210","58","0","2022","4","",3003,49286,50047,50059,1784950573,40128280,872753,2757,"",0.87,1.15,1.16,1.16,1.07,0.95,1.11,0.93,"",494,19.7,6971,16.5,7205,16.8,6648,15.3,204473081,12.9,-5484679,-12.0,-220642,-20.2,-80,-2.8
"48001","5","518210","78","0","2022","4","",15,157,166,172,6726225,190020,2171,3136,"",2.01,2.43,2.55,2.64,3.25,3.01,2.37,1.28,"",-3,-16.7,43,37.7,47,39.5,44,34.4,915589,15.8,-34453,-15.3,-1832,-45.8,-578,-15.6
"48005","5","518210","78","0","2022","4","N",2,0,0,0,0,0,0,0,"N",0.24,0,0,0,0,0,0,0,"N",-1,-33.3,0,0,0,0,0,0,0,0,0,0,0,0,0,0
"48007","5","518210","78","0","2022","4","N",1,0,0,0,0,0,0,0,"N",0.36,0,0,0,0,0,0,0,"N",0,0.0,0,0,0,0,0,0,0,0,0,0,0,0,0,0
"48013","5","518210","78","0","2022","4","N",1,0,0,0,0,0,0,0,"N",0.25,0,0,0,0,0,0,0,"N",0,0.0,0,0,0,0,0,0,0,0,0,0,0,0,0,0
"48015","5","518210","78","0","2022","4","",16,46,48,48,854761,48969,746,1389,"",2.43,1.12,1.16,1.16,0.55,1.09,0.97,0.48,"",4,33.3,24,109.1,17,54.8,19,65.5,113279,15.3,-49169,-50.1,-256,-25.5,-698,-33.4
"48019","5","518210","78","0","2022","4","N",2,0,0,0,0,0,0,0,"N",0.93,0,0,0,0,0,0,0,"N",1,100.0,0,0,0,0,0,0,0,0,0,0,0,0,0,0
"48021","5","518210","78","0","2022","4","N",4,0,0,0,0,0,0,0,"N",0.53,0,0,0,0,0,0,0,"N",1,33.3,0,0,0,0,0,0,0,0,0,0,0,0,0,0
"48027","5","518210","78","0","2022","4","",12,61,62,63,1847247,112066,4343,2292,"",0.44,0.15,0.15,0.16,0.15,0.35,0.92,0.96,"",1,9.1,0,0.0,-1,-1.6,1,1.6,433783,30.7,30647,37.6,-51,-1.2,538,30.7
"48029","5","518210","78","0","2022","4","",97,5168,5094,5125,97548287,3114419,69383,1463,"",0.50,1.79,1.76,1.76,0.99,1.15,1.59,0.56,"",11,12.8,389,8.1,345,7.3,499,10.8,4289989,4.6,-315382,-9.2,-20254,-22.6,-57,-3.8
"48031","5","518210","78","0","2022","4","N",1,0,0,0,0,0,0,0,"N",0.49,0,0,0,0,0,0,0,"N",0,0.0,0,0,0,0,0,0,0,0,0,0,0,0,0,0
"48033","5","518210","78","0","2022","4","N",1,0,0,0,0,0,0,0,"N",2.96,0,0,0,0,0,0,0,"N",1,100.0,0,0,0,0,0,0,0,0,0,0,0,0,0,0
"48035","5","518210","78","0","2022","4","N",2,0,0,0,0,0,0,0,"N",1.13,0,0,0,0,0,0,0,"N",1,100.0,0,0,0,0,0,0,0,0,0,0,0,0,0,0
"48037","5","518210","78","0","2022","4","N",4,0,0,0,0,0,0,0,"N",0.37,0,0,0,0,0,0,0,"N",1,33.3,0,0,0,0,0,0,0,0,0,0,0,0,0,0
"48039","5","518210","78","0","2022","4","",7,25,23,23,277940,1104,35,903,"",0.24,0.07,0.06,0.06,0.02,0.00,0.00,0.33,"N",3,75.0,0,0,0,0,0,0,0,0,0,0,0,0,0,0
"48041","5","518210","78","0","2022","4","",17,149,155,154,2917445,76886,1229,1470,"",0.77,0.39,0.40,0.40,0.27,0.28,0.26,0.67,"",3,21.4,40,36.7,45,40.9,37,31.6,1131422,63.3,-48326,-38.6,-845,-40.7,243,19.8
"48049","5","518210","78","0","2022","4","N",2,0,0,0,0,0,0,0,"N",0.51,0,0,0,0,0,0,0,"N",1,100.0,0,0,0,0,0,0,0,0,0,0,0,0,0,0
"48053","5","518210","78","0","2022","4","N",3,0,0,0,0,0,0,0,"N",0.43,0,0,0,0,0,0,0,"N",2,200.0,0,0,0,0,0,0,0,0,0,0,0,0,0,0
"48055","5","518210","78","0","2022","4","N",2,0,0,0,0,0,0,0,"N",0.56,0,0,0,0,0,0,0,"N",1,100.0,0,0,0,0,0,0,0,0,0,0,0,0,0,0
"48057","5","518210","78","0","2022","4","",4,19,21,21,753533,38646,828,2851,"",1.33,0.45,0.49,0.49,0.42,0.89,0.59,0.87,"N",3,300.0,0,0,0,0,0,0,0,0,0,0,0,0,0,0
"48061","5","518210","78","0","2022","4","",6,8,8,10,126549,12038,593,1123,"",0.20,0.02,0.02,0.02,0.01,0.03,0.09,0.62,"",2,50.0,0,0.0,-1,-11.1,2,25.0,5609,4.6,-5852,-32.7,136,29.8,7,0.6
"48063","5","518210","78","0","2022","4","-",0,0,0,0,0,0,0,0,"N",0.00,0,0,0,0,0,0,0,"N",-1,-100.0,0,0,0,0,0,0,0,0,0,0,0,0,0,0
"48085","5","518210","78","0","2022","4","",196,6362,6409,6419,189856199,4473186,161083,2283,"",1.36,3.87,3.86,3.86,2.58,2.69,5.33,0.67,"",18,10.1,255,4.2,252,4.1,188,3.0,-8103390,-4.1,-1127522,-20.1,-69782,-30.2,-187,-7.6
"48091","5","518210","78","0","2022","4","N",11,0,0,0,0,0,0,0,"N",0.52,0,0,0,0,0,0,0,"N",5,83.3,0,0,0,0,0,0,0,0,0,0,0,0,0,0
"48097","5","518210","78","0","2022","4","N",2,0,0,0,0,0,0,0,"N",0.43,0,0,0,0,0,0,0,"N",0,0.0,0,0,0,0,0,0,0,0,0,0,0,0,0,0
"48099","5","518210","78","0","2022","4","",4,41,44,45,977907,45955,1026,1736,"",0.86,0.84,0.90,0.92,0.70,1.43,2.23,0.79,"",-1,-20.0,21,105.0,31,238.5,30,200.0,482045,97.2,-7474,-14.0,-201,-16.4,-648,-27.2
"48101","5","518210","78","0","2022","4","",3,7,8,8,388507,26000,272,3898,"",3.93,2.47,2.74,2.79,4.32,6.63,3.13,1.62,"N",2,200.0,0,0,0,0,0,0,0,0,0,0,0,0,0,0
"48111","5","518210","78","0","2022","4","N",1,0,0,0,0,0,0,0,"N",0.57,0,0,0,0,0,0,0,"N",0,0.0,0,0,0,0,0,0,0,0,0,0,0,0,0,0
"48113","5","518210","78","0","2022","4","",318,6622,6693,6710,217965363,5137989,111207,2512,"",0.87,1.14,1.14,1.15,0.81,0.86,0.99,0.71,"",17,5.6,606,10.1,673,11.2,691,11.5,35716927,19.6,356205,7.4,-26904,-19.5,183,7.9
"48121","5","518210","78","0","2022","4","",100,1171,1183,1176,37167966,767527,20365,2430,"",1.17,1.24,1.24,1.23,1.16,0.78,1.24,0.94,"",20,25.0,-18,-1.5,-53,-4.3,-72,-5.8,623305,1.7,-479253,-38.4,-13556,-40.0,134,5.8
"48125","5","518210","78","0","2022","4","-",0,0,0,0,0,0,0,0,"N",0.00,0,0,0,0,0,0,0,"N",0,0,0,0,0,0,0,0,0,0,0,0,0,0,0,0
"48139","5","518210","78","0","2022","4","",11,112,115,117,3646634,98475,968,2446,"",0.68,0.58,0.60,0.61,0.64,0.53,0.37,1.06,"",6,120.0,80,250.0,85,283.3,85,265.6,3153493,639.5,48830,98.4,107,12.4,1235,102.0
"48141","5","518210","78","0","2022","4","",36,1079,1067,1105,15014810,1467099,41044,1066,"",0.51,1.06,1.04,1.07,0.56,1.58,2.80,0.53,"",12,50.0,44,4.3,17,1.6,71,6.9,807012,5.7,335170,29.6,10310,33.5,15,1.4
"48145","5","518210","78","0","2022","4","N",2,0,0,0,0,0,0,0,"N",1.62,0,0,0,0,0,0,0,"N",-1,-33.3,0,0,0,0,0,0,0,0,0,0,0,0,0,0
"48147","5","518210","78","0","2022","4","N",2,0,0,0,0,0,0,0,"N",0.73,0,0,0,0,0,0,0,"N",0,0.0,0,0,0,0,0,0,0,0,0,0,0,0,0,0
"48157","5","518210","78","0","2022","4","",55,337,370,372,9729293,330176,7065,2081,"",0.73,0.45,0.49,0.49,0.40,0.46,0.60,0.83,"",8,17.0,0,0.0,35,10.4,34,10.1,-3964903,-29.0,-6171,-1.8,-1807,-20.4,-1048,-33.5
"48159","5","518210","78","0","2022","4","N",1,0,0,0,0,0,0,0,"N",0.69,0,0,0,0,0,0,0,"N",0,0.0,0,0,0,0,0,0,0,0,0,0,0,0,0,0
"48163","5","518210","78","0","2022","4","N",1,0,0,0,0,0,0,0,"N",0.58,0,0,0,0,0,0,0,"N",0,0.0,0,0,0,0,0,0,0,0,0,0,0,0,0,0
"48167","5","518210","78","0","2022","4","",10,42,40,40,1538458,58380,1333,2910,"",0.34,0.11,0.10,0.10,0.13,0.18,0.20,1.19,"N",4,66.7,0,0,0,0,0,0,0,0,0,0,0,0,0,0
"48181","5","518210","78","0","2022","4","N",3,0,0,0,0,0,0,0,"N",0.22,0,0,0,0,0,0,0,"N",1,50.0,0,0,0,0,0,0,0,0,0,0,0,0,0,0
"48183","5","518210","78","0","2022","4","N",1,0,0,0,0,0,0,0,"N",0.05,0,0,0,0,0,0,0,"N",1,100.0,0,0,0,0,0,0,0,0,0,0,0,0,0,0
"48187","5","518210","78","0","2022","4","N",2,0,0,0,0,0,0,0,"N",0.18,0,0,0,0,0,0,0,"N",2,100.0,0,0,0,0,0,0,0,0,0,0,0,0,0,0
"48189","5","518210","78","0","2022","4","N",1,0,0,0,0,0,0,0,"N",0.27,0,0,0,0,0,0,0,"N",0,0.0,0,0,0,0,0,0,0,0,0,0,0,0,0,0
"48199","5","518210","78","0","2022","4","",3,10,11,11,159421,9000,243,1150,"",0.71,0.26,0.29,0.28,0.15,0.24,0.32,0.53,"N",1,50.0,0,0,0,0,0,0,0,0,0,0,0,0,0,0
"48201","5","518210","78","0","2022","4","",293,2832,2911,2967,86599310,2720728,56327,2294,"",0.55,0.37,0.38,0.39,0.25,0.36,0.34,0.66,"",21,7.7,-411,-12.7,-483,-14.2,-633,-17.6,-62071954,-41.8,-1193454,-30.5,-11168,-16.5,-1057,-31.5
"48203","5","518210","78","0","2022","4","N",3,0,0,0,0,0,0,0,"N",0.48,0,0,0,0,0,0,0,"N",-1,-25.0,0,0,0,0,0,0,0,0,0,0,0,0,0,0
"48209","5","518210","78","0","2022","4","",19,60,60,57,1472255,31228,991,1919,"",0.75,0.22,0.22,0.20,0.18,0.11,0.24,0.85,"",3,18.8,9,17.6,11,22.4,5,9.6,51071,3.6,-6008,-16.1,-414,-29.5,-239,-11.1
"48213","5","518210","78","0","2022","4","",3,39,40,37,1307328,94592,1709,2601,"",0.43,0.64,0.66,0.61,0.88,1.72,2.47,1.38,"N",1,50.0,0,0,0,0,0,0,0,0,0,0,0,0,0,0
"48215","5","518210","78","0","2022","4","N",11,0,0,0,0,0,0,0,"N",0.19,0,0,0,0,0,0,0,"N",2,22.2,0,0,0,0,0,0,0,0,0,0,0,0,0,0
"48221","5","518210","78","0","2022","4","N",2,0,0,0,0,0,0,0,"N",0.28,0,0,0,0,0,0,0,"N",0,0.0,0,0,0,0,0,0,0,0,0,0,0,0,0,0
"48223","5","518210","78","0","2022","4","N",2,0,0,0,0,0,0,0,"N",0.49,0,0,0,0,0,0,0,"N",0,0.0,0,0,0,0,0,0,0,0,0,0,0,0,0,0
"48225","5","518210","78","0","2022","4","N",5,0,0,0,0,0,0,0,"N",1.12,0,0,0,0,0,0,0,"N",2,66.7,0,0,0,0,0,0,0,0,0,0,0,0,0,0
"48227","5","518210","78","0","2022","4","N",3,0,0,0,0,0,0,0,"N",0.75,0,0,0,0,0,0,0,"N",0,0.0,0,0,0,0,0,0,0,0,0,0,0,0,0,0
"48231","5","518210","78","0","2022","4","",3,4,4,4,118466,2144,62,2278,"",0.40,0.04,0.04,0.04,0.04,0.03,0.07,0.98,"N",0,0.0,0,0,0,0,0,0,0,0,0,0,0,0,0,0
"48245","5","518210","78","0","2022","4","N",3,0,0,0,0,0,0,0,"N",0.12,0,0,0,0,0,0,0,"N",0,0.0,0,0,0,0,0,0,0,0,0,0,0,0,0,0
"48251","5","518210","78","0","2022","4","N",4,0,0,0,0,0,0,0,"N",0.24,0,0,0,0,0,0,0,"N",-1,-20.0,0,0,0,0,0,0,0,0,0,0,0,0,0,0
"48257","5","518210","78","0","2022","4","N",2,0,0,0,0,0,0,0,"N",0.19,0,0,0,0,0,0,0,"N",1,100.0,0,0,0,0,0,0,0,0,0,0,0,0,0,0
"48259","5","518210","78","0","2022","4","",3,7,6,5,77106,1256,4,989,"",0.38,0.11,0.10,0.08,0.04,0.02,0.00,0.39,"",0,0.0,-6,-46.2,-7,-53.8,-6,-54.5,-89623,-53.8,-36479,-96.7,-1014,-99.6,-51,-4.9
"48265","5","518210","78","0","2022","4","N",1,0,0,0,0,0,0,0,"N",0.15,0,0,0,0,0,0,0,"N",-1,-50.0,0,0,0,0,0,0,0,0,0,0,0,0,0,0
"48277","5","518210","78","0","2022","4","N",1,0,0,0,0,0,0,0,"N",0.18,0,0,0,0,0,0,0,"N",1,100.0,0,0,0,0,0,0,0,0,0,0,0,0,0,0
"48281","5","518210","78","0","2022","4","N",1,0,0,0,0,0,0,0,"N",0.49,0,0,0,0,0,0,0,"N",1,100.0,0,0,0,0,0,0,0,0,0,0,0,0,0,0
"48285","5","518210","78","0","2022","4","N",2,0,0,0,0,0,0,0,"N",0.94,0,0,0,0,0,0,0,"N",0,0.0,0,0,0,0,0,0,0,0,0,0,0,0,0,0
"48289","5","518210","78","0","2022","4","N",1,0,0,0,0,0,0,0,"N",0.55,0,0,0,0,0,0,0,"N",0,0.0,0,0,0,0,0,0,0,0,0,0,0,0,0,0
"48291","5","518210","78","0","2022","4","N",1,0,0,0,0,0,0,0,"N",0.18,0,0,0,0,0,0,0,"N",0,0.0,0,0,0,0,0,0,0,0,0,0,0,0,0,0
"48299","5","518210","78","0","2022","4","N",2,0,0,0,0,0,0,0,"N",0.77,0,0,0,0,0,0,0,"N",0,0.0,0,0,0,0,0,0,0,0,0,0,0,0,0,0
"48303","5","518210","78","0","2022","4","N",13,0,0,0,0,0,0,0,"N",0.37,0,0,0,0,0,0,0,"N",4,44.4,0,0,0,0,0,0,0,0,0,0,0,0,0,0
"48309","5","518210","78","0","2022","4","",12,48,48,47,2511147,36192,668,4052,"",0.48,0.12,0.12,0.12,0.21,0.11,0.13,1.70,"",2,20.0,11,29.7,12,33.3,8,20.5,602318,31.6,-8213,-18.5,-131,-16.4,119,3.0
"48315","5","518210","78","0","2022","4","N",2,0,0,0,0,0,0,0,"N",2.84,0,0,0,0,0,0,0,"N",1,100.0,0,0,0,0,0,0,0,0,0,0,0,0,0,0
"48321","5","518210","78","0","2022","4","N",1,0,0,0,0,0,0,0,"N",0.28,0,0,0,0,0,0,0,"N",0,0.0,0,0,0,0,0,0,0,0,0,0,0,0,0,0
"48325","5","518210","78","0","2022","4","N",2,0,0,0,0,0,0,0,"N",0.52,0,0,0,0,0,0,0,"N",1,100.0,0,0,0,0,0,0,0,0,0,0,0,0,0,0
"48329","5","518210","78","0","2022","4","N",3,0,0,0,0,0,0,0,"N",0.11,0,0,0,0,0,0,0,"N",0,0.0,0,0,0,0,0,0,0,0,0,0,0,0,0,0
"48331","5","518210","78","0","2022","4","N",2,0,0,0,0,0,0,0,"N",0.94,0,0,0,0,0,0,0,"N",-1,-33.3,0,0,0,0,0,0,0,0,0,0,0,0,0,0
"48339","5","518210","78","0","2022","4","",47,413,410,382,8657724,285802,9255,1658,"",0.75,0.60,0.59,0.55,0.34,0.41,0.69,0.59,"",1,2.2,62,17.7,39,10.5,0,0.0,131328,1.5,-299588,-51.2,-11198,-54.7,-124,-7.0
"48341","5","518210","78","0","2022","4","N",1,0,0,0,0,0,0,0,"N",0.43,0,0,0,0,0,0,0,"N",0,0.0,0,0,0,0,0,0,0,0,0,0,0,0,0,0
"48347","5","518210","78","0","2022","4","N",3,0,0,0,0,0,0,0,"N",0.50,0,0,0,0,0,0,0,"N",1,50.0,0,0,0,0,0,0,0,0,0,0,0,0,0,0
"48355","5","518210","78","0","2022","4","N",5,0,0,0,0,0,0,0,"N",0.14,0,0,0,0,0,0,0,"N",0,0.0,0,0,0,0,0,0,0,0,0,0,0,0,0,0
"48361","5","518210","78","0","2022","4","N",2,0,0,0,0,0,0,0,"N",0.32,0,0,0,0,0,0,0,"N",1,100.0,0,0,0,0,0,0,0,0,0,0,0,0,0,0
"48363","5","518210","78","0","2022","4","N",1,0,0,0,0,0,0,0,"N",0.32,0,0,0,0,0,0,0,"N",0,0.0,0,0,0,0,0,0,0,0,0,0,0,0,0,0
"48367","5","518210","78","0","2022","4","",4,22,25,24,649193,54282,700,2110,"",0.27,0.18,0.20,0.19,0.16,0.42,0.37,0.87,"N",1,33.3,0,0,0,0,0,0,0,0,0,0,0,0,0,0
"48371","5","518210","78","0","2022","4","N",2,0,0,0,0,0,0,0,"N",1.02,0,0,0,0,0,0,0,"N",2,100.0,0,0,0,0,0,0,0,0,0,0,0,0,0,0
"48373","5","518210","78","0","2022","4","N",4,0,0,0,0,0,0,0,"N",0.97,0,0,0,0,0,0,0,"N",0,0.0,0,0,0,0,0,0,0,0,0,0,0,0,0,0
"48375","5","518210","78","0","2022","4","",7,78,78,82,2036591,90783,2526,1975,"",0.40,0.32,0.31,0.33,0.26,0.43,0.92,0.81,"",1,16.7,0,0.0,0,0.0,-4,-4.7,-7790,-0.4,5224,6.1,439,21.0,25,1.3
"48381","5","518210","78","0","2022","4","N",1,0,0,0,0,0,0,0,"N",0.09,0,0,0,0,0,0,0,"N",0,0.0,0,0,0,0,0,0,0,0,0,0,0,0,0,0
"48397","5","518210","78","0","2022","4","",9,33,34,33,783479,31015,596,1808,"",0.67,0.27,0.27,0.27,0.21,0.23,0.32,0.78,"",-1,-10.0,3,10.0,0,0.0,-2,-5.7,-3524,-0.4,-7450,-19.4,-308,-34.1,-27,-1.5
"48401","5","518210","78","0","2022","4","N",1,0,0,0,0,0,0,0,"N",0.27,0,0,0,0,0,0,0,"N",0,0.0,0,0,0,0,0,0,0,0,0,0,0,0,0,0
"48403","5","518210","78","0","2022","4","N",1,0,0,0,0,0,0,0,"N",1.02,0,0,0,0,0,0,0,"N",0,0.0,0,0,0,0,0,0,0,0,0,0,0,0,0,0
"48407","5","518210","78","0","2022","4","N",1,0,0,0,0,0,0,0,"N",0.82,0,0,0,0,0,0,0,"N",0,0.0,0,0,0,0,0,0,0,0,0,0,0,0,0,0
"48409","5","518210","78","0","2022","4","N",1,0,0,0,0,0,0,0,"N",0.19,0,0,0,0,0,0,0,"N",1,100.0,0,0,0,0,0,0,0,0,0,0,0,0,0,0
"48419","5","518210","78","0","2022","4","N",1,0,0,0,0,0,0,0,"N",0.39,0,0,0,0,0,0,0,"N",0,0.0,0,0,0,0,0,0,0,0,0,0,0,0,0,0
"48423","5","518210","78","0","2022","4","",13,23,24,26,685363,23043,385,2167,"",0.45,0.07,0.07,0.07,0.06,0.07,0.08,0.92,"",1,8.3,-3,-11.5,-3,-11.1,-3,-10.3,-105030,-13.3,-39407,-63.1,-542,-58.5,-57,-2.6
"48439","5","518210","78","0","2022","4","",137,1274,1250,1219,41613913,1176619,28303,2566,"",0.64,0.41,0.40,0.39,0.35,0.39,0.57,0.89,"",24,21.2,203,19.0,214,20.7,221,22.1,16538894,66.0,-244477,-17.2,-6976,-19.8,702,37.7
"48441","5","518210","78","0","2022","4","N",3,0,0,0,0,0,0,0,"N",0.18,0,0,0,0,0,0,0,"N",-3,-50.0,0,0,0,0,0,0,0,0,0,0,0,0,0,0
"48451","5","518210","78","0","2022","4","N",2,0,0,0,0,0,0,0,"N",0.15,0,0,0,0,0,0,0,"N",0,0.0,0,0,0,0,0,0,0,0,0,0,0,0,0,0
"48453","5","518210","78","0","2022","4","",470,11251,11466,11377,527082174,8213359,135087,3568,"",2.13,3.96,4.01,3.98,3.74,2.95,2.61,0.94,"",71,17.8,1788,18.9,1933,20.3,1716,17.8,70257944,15.4,-2895623,-26.1,-96729,-41.7,-111,-3.0
"48459","5","518210","78","0","2022","4","N",2,0,0,0,0,0,0,0,"N",0.80,0,0,0,0,0,0,0,"N",1,100.0,0,0,0,0,0,0,0,0,0,0,0,0,0,0
"48465","5","518210","78","0","2022","4","N",1,0,0,0,0,0,0,0,"N",0.25,0,0,0,0,0,0,0,"N",0,0.0,0,0,0,0,0,0,0,0,0,0,0,0,0,0
"48467","5","518210","78","0","2022","4","N",1,0,0,0,0,0,0,0,"N",0.21,0,0,0,0,0,0,0,"N",-1,-50.0,0,0,0,0,0,0,0,0,0,0,0,0,0,0
"48469","5","518210","78","0","2022","4","N",1,0,0,0,0,0,0,0,"N",0.10,0,0,0,0,0,0,0,"N",0,0.0,0,0,0,0,0,0,0,0,0,0,0,0,0,0
"48475","5","518210","78","0","2022","4","N",2,0,0,0,0,0,0,0,"N",1.18,0,0,0,0,0,0,0,"N",0,0.0,0,0,0,0,0,0,0,0,0,0,0,0,0,0
"48477","5","518210","78","0","2022","4","-",0,0,0,0,0,0,0,0,"N",0.00,0,0,0,0,0,0,0,"N",-1,-100.0,0,0,0,0,0,0,0,0,0,0,0,0,0,0
"48479","5","518210","78","0","2022","4","N",2,0,0,0,0,0,0,0,"N",0.08,0,0,0,0,0,0,0,"N",-1,-33.3,0,0,0,0,0,0,0,0,0,0,0,0,0,0
"48485","5","518210","78","0","2022","4","",5,30,31,31,582456,29706,149,1461,"",0.34,0.18,0.18,0.18,0.12,0.22,0.08,0.69,"N",0,0.0,0,0,0,0,0,0,0,0,0,0,0,0,0,0
"48491","5","518210","78","0","2022","4","",84,259,257,253,8410915,295483,6452,2524,"",1.31,0.39,0.38,0.37,0.32,0.46,0.67,0.85,"N",11,15.1,0,0,0,0,0,0,0,0,0,0,0,0,0,0
"48497","5","518210","78","0","2022","4","N",2,0,0,0,0,0,0,0,"N",0.30,0,0,0,0,0,0,0,"N",0,0.0,0,0,0,0,0,0,0,0,0,0,0,0,0,0
"48499","5","518210","78","0","2022","4","N",2,0,0,0,0,0,0,0,"N",0.50,0,0,0,0,0,0,0,"N",2,100.0,0,0,0,0,0,0,0,0,0,0,0,0,0,0
"48999","5","518210","78","0","2022","4","",823,10062,10443,10471,487265000,9578750,182944,3630,"",2.86,6.78,6.87,6.86,5.74,4.47,3.39,0.84,"",221,36.7,3296,48.7,3470,49.8,3193,43.9,130704747,36.7,434893,4.8,37028,25.4,-285,-7.3
"49000","5","518210","58","0","2022","4","",750,7726,7642,7681,226961460,35677043,299077,2272,"",1.30,1.46,1.44,1.44,1.23,1.65,2.02,0.85,"",148,24.6,1438,22.9,1275,20.0,1266,19.7,48220416,27.0,4005866,12.6,111544,59.5,109,5.0
"49003","5","518210","78","0","2022","4","N",1,0,0,0,0,0,0,0,"N",0.14,0,0,0,0,0,0,0,"N",0,0.0,0,0,0,0,0,0,0,0,0,0,0,0,0,0
"49005","5","518210","78","0","2022","4","N",10,0,0,0,0,0,0,0,"N",0.53,0,0,0,0,0,0,0,"N",4,66.7,0,0,0,0,0,0,0,0,0,0,0,0,0,0
"49011","5","518210","78","0","2022","4","",29,97,101,103,2677508,675866,6766,2053,"",0.66,0.22,0.23,0.23,0.20,0.40,0.70,0.87,"",2,7.4,-179,-64.9,-190,-65.3,-193,-65.2,-13320631,-83.3,-582302,-46.3,-2393,-26.1,-2225,-52.0
"49015","5","518210","78","0","2022","4","N",1,0,0,0,0,0,0,0,"N",0.88,0,0,0,0,0,0,0,"N",0,0.0,0,0,0,0,0,0,0,0,0,0,0,0,0,0
"49021","5","518210","78","0","2022","4","N",1,0,0,0,0,0,0,0,"N",0.11,0,0,0,0,0,0,0,"N",0,0.0,0,0,0,0,0,0,0,0,0,0,0,0,0,0
"49035","5","518210","78","0","2022","4","",549,3648,3609,3586,112864184,19146141,199061,2402,"",1.99,1.47,1.45,1.44,1.14,1.83,2.63,0.78,"",136,32.9,568,18.4,485,15.5,460,14.7,15380981,15.8,1978119,11.5,72772,57.6,-9,-0.4
"49037","5","518210","78","0","2022","4","N",1,0,0,0,0,0,0,0,"N",0.65,0,0,0,0,0,0,0,"N",1,100.0,0,0,0,0,0,0,0,0,0,0,0,0,0,0
"49041","5","518210","78","0","2022","4","N",1,0,0,0,0,0,0,0,"N",0.30,0,0,0,0,0,0,0,"N",1,100.0,0,0,0,0,0,0,0,0,0,0,0,0,0,0
"49043","5","518210","78","0","2022","4","",15,72,72,74,2379048,335888,2189,2518,"",0.98,0.83,0.81,0.72,0.67,0.71,0.54,0.86,"",0,0.0,5,7.5,5,7.5,2,2.8,268182,12.7,-24159,-6.7,-650,-22.9,153,6.5
"49045","5","518210","78","0","2022","4","N",1,0,0,0,0,0,0,0,"N",0.16,0,0,0,0,0,0,0,"N",0,0.0,0,0,0,0,0,0,0,0,0,0,0,0,0,0
"49047","5","518210","78","0","2022","4","N",1,0,0,0,0,0,0,0,"N",0.17,0,0,0,0,0,0,0,"N",0,0.0,0,0,0,0,0,0,0,0,0,0,0,0,0,0
"49049","5","518210","78","0","2022","4","",103,3616,3574,3630,101920959,14288141,82393,2174,"",1.11,3.93,3.86,3.93,3.38,3.76,3.67,0.87,"",-1,-1.0,983,37.3,926,35.0,946,35.2,44559562,77.7,2327216,19.5,37700,84.4,512,30.8
"49051","5","518210","78","0","2022","4","N",1,0,0,0,0,0,0,0,"N",0.15,0,0,0,0,0,0,0,"N",-1,-50.0,0,0,0,0,0,0,0,0,0,0,0,0,0,0
"49053","5","518210","78","0","2022","4","",18,164,161,161,4483707,559145,3304,2129,"",0.53,0.63,0.62,0.62,0.67,0.51,0.47,1.08,"",4,28.6,32,24.2,22,15.8,22,15.8,385115,9.4,55145,10.9,689,26.3,-178,-7.7
"49057","5","518210","78","0","2022","4","",18,59,60,60,1458554,262215,2011,1880,"",0.58,0.16,0.16,0.16,0.13,0.18,0.22,0.80,"N",3,20.0,0,0,0,0,0,0,0,0,0,0,0,0,0,0
"50000","5","518210","58","0","2022","4","",187,483,489,492,12837913,586599,5175,2024,"",1.43,0.50,0.51,0.51,0.39,0.53,0.24,0.77,"",55,41.7,84,21.1,87,21.6,88,21.8,3521205,37.8,-53866,-8.4,-1219,-19.1,240,13.5
"50001","5","518210","78","0","2022","4","N",6,0,0,0,0,0,0,0,"N",0.84,0,0,0,0,0,0,0,"N",2,50.0,0,0,0,0,0,0,0,0,0,0,0,0,0,0
"50003","5","518210","78","0","2022","4","",15,28,30,32,840350,42057,437,2155,"",1.92,0.53,0.57,0.60,0.50,0.62,0.31,0.88,"N",8,114.3,0,0,0,0,0,0,0,0,0,0,0,0,0,0
"50005","5","518210","78","0","2022","4","N",5,0,0,0,0,0,0,0,"N",1.01,0,0,0,0,0,0,0,"N",2,66.7,0,0,0,0,0,0,0,0,0,0,0,0,0,0
"50007","5","518210","78","0","2022","4","",66,237,239,242,5408447,354849,2999,1738,"",1.72,0.73,0.73,0.75,0.42,1.00,0.45,0.58,"",20,43.5,24,11.3,21,9.6,23,10.5,1261240,30.4,-39858,-10.1,-665,-18.1,266,18.1
"50011","5","518210","78","0","2022","4","",8,12,12,12,309543,7419,30,1984,"",1.28,0.22,0.22,0.22,0.18,0.12,0.03,0.80,"",0,0.0,-3,-20.0,-4,-25.0,-4,-25.0,-37275,-10.7,-2429,-24.7,-64,-68.1,281,16.5
"50015","5","518210","78","0","2022","4","",7,46,46,46,1392803,34416,711,2329,"",1.12,1.22,1.23,1.13,1.17,0.59,0.53,0.98,"",1,16.7,5,12.2,5,12.2,4,9.5,361141,35.0,5674,19.7,182,34.4,409,21.3
"50017","5","518210","78","0","2022","4","",8,8,10,9,213374,14324,58,1824,"",2.00,0.33,0.41,0.38,0.29,0.58,0.14,0.79,"",2,33.3,-1,-11.1,1,11.1,0,0.0,11807,5.9,-5115,-26.3,-125,-68.3,101,5.9
"50019","5","518210","78","0","2022","4","",8,7,7,7,166317,15064,128,1828,"",1.83,0.21,0.21,0.21,0.18,0.38,0.12,0.88,"",3,60.0,2,40.0,2,40.0,2,40.0,62782,60.6,-2156,-12.5,-37,-22.4,235,14.8
"50021","5","518210","78","0","2022","4","",8,30,32,32,348083,13395,53,855,"",0.73,0.38,0.40,0.40,0.14,0.15,0.03,0.37,"",1,14.3,25,500.0,27,540.0,27,540.0,267845,333.8,3532,35.8,-24,-31.2,-379,-30.7
"50023","5","518210","78","0","2022","4","N",17,0,0,0,0,0,0,0,"N",1.32,0,0,0,0,0,0,0,"N",7,70.0,0,0,0,0,0,0,0,0,0,0,0,0,0,0
"50025","5","518210","78","0","2022","4","",14,38,38,38,1211193,7000,70,2452,"",1.40,0.61,0.60,0.60,0.64,0.09,0.04,1.06,"",4,40.0,5,15.2,6,18.8,5,15.2,310660,34.5,-28651,-80.4,-345,-83.1,331,15.6
"50027","5","518210","78","0","2022","4","",18,27,26,26,1436899,12984,130,4197,"",1.46,0.37,0.36,0.35,0.60,0.15,0.07,1.66,"",7,63.6,11,68.8,10,62.5,9,52.9,525907,57.7,-16935,-56.6,-168,-56.4,-93,-2.2
"50999","5","518210","78","0","2022","4","",7,12,12,12,421563,0,0,2702,"",2.06,0.41,0.40,0.43,0.44,0.00,0.00,1.07,"N",-1,-12.5,0,0,0,0,0,0,0,0,0,0,0,0,0,0
"51000","2","518210","58","0","2022","4","",7,207,214,219,6308004,0,0,2275,"",12.71,8.75,8.94,8.91,11.11,0.00,0.00,1.25,"N",0,0.0,0,0,0,0,0,0,0,0,0,0,0,0,0,0
"51000","3","518210","58","0","2022","4","",5,310,311,317,6525297,46989,1283,1605,"",1.74,4.33,4.30,4.39,4.37,6.08,69.80,1.01,"N",0,0.0,0,0,0,0,0,0,0,0,0,0,0,0,0,0
"51000","5","518210","58","0","2022","4","",1373,17993,18357,18190,706240894,20106102,201254,2988,"",0.95,1.42,1.44,1.43,1.39,2.08,1.80,0.97,"",268,24.3,2712,17.7,2976,19.3,2644,17.0,-49788931,-6.6,197128,1.0,-49975,-19.9,-788,-20.9
"51001","5","518210","78","0","2022","4","N",8,0,0,0,0,0,0,0,"N",1.08,0,0,0,0,0,0,0,"N",8,100.0,0,0,0,0,0,0,0,0,0,0,0,0,0,0
"51003","5","518210","78","0","2022","4","",16,54,53,52,2126827,29396,579,3087,"",0.81,0.31,0.30,0.29,0.31,0.27,0.52,1.04,"",8,100.0,11,25.6,10,23.3,7,15.6,489834,29.9,-4884,-14.2,-221,-27.6,203,7.0
"51009","5","518210","78","0","2022","4","N",4,0,0,0,0,0,0,0,"N",1.03,0,0,0,0,0,0,0,"N",4,100.0,0,0,0,0,0,0,0,0,0,0,0,0,0,0
"51011","2","518210","78","0","2022","4","",1,1,1,1,13592,0,0,1046,"",940.24,48.61,48.55,46.77,50.08,0.00,0.00,1.04,"N",0,0.0,0,0,0,0,0,0,0,0,0,0,0,0,0,0
"51011","5","518210","78","0","2022","4","N",1,0,0,0,0,0,0,0,"N",0.36,0,0,0,0,0,0,0,"N",1,100.0,0,0,0,0,0,0,0,0,0,0,0,0,0,0
"51013","3","518210","78","0","2022","4","",2,78,78,79,2052596,0,0,2016,"",21.86,24.68,24.49,24.86,20.28,0.00,0.00,0.82,"N",0,0.0,0,0,0,0,0,0,0,0,0,0,0,0,0,0
"51013","5","518210","78","0","2022","4","",72,813,800,824,30695270,596835,8818,2907,"",1.57,1.46,1.43,1.47,0.89,1.85,2.54,0.61,"",13,22.0,-96,-10.6,-113,-12.4,-99,-10.7,-83628070,-73.2,-167979,-22.0,-5213,-37.2,-6704,-69.8
"51015","5","518210","78","0","2022","4","N",3,0,0,0,0,0,0,0,"N",0.32,0,0,0,0,0,0,0,"N",2,200.0,0,0,0,0,0,0,0,0,0,0,0,0,0,0
"51017","5","518210","78","0","2022","4","N",3,0,0,0,0,0,0,0,"N",1.73,0,0,0,0,0,0,0,"N",3,100.0,0,0,0,0,0,0,0,0,0,0,0,0,0,0
"51019","5","518210","78","0","2022","4","",8,16,16,17,338616,10424,137,1595,"",0.73,0.28,0.27,0.29,0.23,0.20,0.25,0.81,"N",1,14.3,0,0,0,0,0,0,0,0,0,0,0,0,0,0
"51021","5","518210","78","0","2022","4","N",2,0,0,0,0,0,0,0,"N",1.69,0,0,0,0,0,0,0,"N",2,100.0,0,0,0,0,0,0,0,0,0,0,0,0,0,0
"51023","5","518210","78","0","2022","4","N",3,0,0,0,0,0,0,0,"N",0.64,0,0,0,0,0,0,0,"N",1,50.0,0,0,0,0,0,0,0,0,0,0,0,0,0,0
"51025","5","518210","78","0","2022","4","N",3,0,0,0,0,0,0,0,"N",0.88,0,0,0,0,0,0,0,"N",3,100.0,0,0,0,0,0,0,0,0,0,0,0,0,0,0
"51029","5","518210","78","0","2022","4","N",2,0,0,0,0,0,0,0,"N",0.75,0,0,0,0,0,0,0,"N",2,100.0,0,0,0,0,0,0,0,0,0,0,0,0,0,0
"51031","5","518210","78","0","2022","4","N",4,0,0,0,0,0,0,0,"N",0.42,0,0,0,0,0,0,0,"N",4,100.0,0,0,0,0,0,0,0,0,0,0,0,0,0,0
"51033","5","518210","78","0","2022","4","N",4,0,0,0,0,0,0,0,"N",0.97,0,0,0,0,0,0,0,"N",3,300.0,0,0,0,0,0,0,0,0,0,0,0,0,0,0
"51035","5","518210","78","0","2022","4","N",2,0,0,0,0,0,0,0,"N",0.57,0,0,0,0,0,0,0,"N",2,100.0,0,0,0,0,0,0,0,0,0,0,0,0,0,0
"51037","5","518210","78","0","2022","4","N",6,0,0,0,0,0,0,0,"N",1.66,0,0,0,0,0,0,0,"N",6,100.0,0,0,0,0,0,0,0,0,0,0,0,0,0,0
"51041","2","518210","78","0","2022","4","",1,201,208,213,6179041,0,0,2292,"",55.86,240.05,243.32,241.17,369.81,0.00,0.00,1.53,"N",0,0.0,0,0,0,0,0,0,0,0,0,0,0,0,0,0
"51041","5","518210","78","0","2022","4","",28,203,191,191,2344668,159090,3681,925,"",0.60,0.45,0.42,0.42,0.16,0.39,0.83,0.36,"",3,12.0,22,12.2,11,6.1,12,6.7,-62729,-2.6,66134,71.1,1891,105.6,-104,-10.1
"51043","5","518210","78","0","2022","4","N",2,0,0,0,0,0,0,0,"N",0.77,0,0,0,0,0,0,0,"N",2,100.0,0,0,0,0,0,0,0,0,0,0,0,0,0,0
"51049","5","518210","78","0","2022","4","N",1,0,0,0,0,0,0,0,"N",0.73,0,0,0,0,0,0,0,"N",1,100.0,0,0,0,0,0,0,0,0,0,0,0,0,0,0
"51051","5","518210","78","0","2022","4","N",1,0,0,0,0,0,0,0,"N",0.59,0,0,0,0,0,0,0,"N",1,100.0,0,0,0,0,0,0,0,0,0,0,0,0,0,0
"51053","5","518210","78","0","2022","4","N",2,0,0,0,0,0,0,0,"N",0.69,0,0,0,0,0,0,0,"N",2,100.0,0,0,0,0,0,0,0,0,0,0,0,0,0,0
"51057","5","518210","78","0","2022","4","N",2,0,0,0,0,0,0,0,"N",0.95,0,0,0,0,0,0,0,"N",2,100.0,0,0,0,0,0,0,0,0,0,0,0,0,0,0
"51059","5","518210","78","0","2022","4","",252,9734,10047,9885,435617837,13831111,94476,3389,"",1.40,4.90,5.02,4.96,3.77,9.46,6.18,0.76,"",51,25.4,1908,24.4,2103,26.5,1849,23.0,8563633,2.0,180621,1.3,-29101,-23.5,-751,-18.1
"51061","5","518210","78","0","2022","4","N",14,0,0,0,0,0,0,0,"N",1.07,0,0,0,0,0,0,0,"N",10,250.0,0,0,0,0,0,0,0,0,0,0,0,0,0,0
"51065","5","518210","78","0","2022","4","N",1,0,0,0,0,0,0,0,"N",0.32,0,0,0,0,0,0,0,"N",1,100.0,0,0,0,0,0,0,0,0,0,0,0,0,0,0
"51067","5","518210","78","0","2022","4","N",6,0,0,0,0,0,0,0,"N",0.79,0,0,0,0,0,0,0,"N",4,200.0,0,0,0,0,0,0,0,0,0,0,0,0,0,0
"51069","5","518210","78","0","2022","4","N",3,0,0,0,0,0,0,0,"N",0.31,0,0,0,0,0,0,0,"N",1,50.0,0,0,0,0,0,0,0,0,0,0,0,0,0,0
"51071","5","518210","78","0","2022","4","N",2,0,0,0,0,0,0,0,"N",0.97,0,0,0,0,0,0,0,"N",1,100.0,0,0,0,0,0,0,0,0,0,0,0,0,0,0
"51073","5","518210","78","0","2022","4","N",2,0,0,0,0,0,0,0,"N",0.37,0,0,0,0,0,0,0,"N",2,100.0,0,0,0,0,0,0,0,0,0,0,0,0,0,0
"51075","5","518210","78","0","2022","4","N",13,0,0,0,0,0,0,0,"N",2.50,0,0,0,0,0,0,0,"N",10,333.3,0,0,0,0,0,0,0,0,0,0,0,0,0,0
"51077","5","518210","78","0","2022","4","N",2,0,0,0,0,0,0,0,"N",1.07,0,0,0,0,0,0,0,"N",2,100.0,0,0,0,0,0,0,0,0,0,0,0,0,0,0
"51079","5","518210","78","0","2022","4","N",2,0,0,0,0,0,0,0,"N",0.77,0,0,0,0,0,0,0,"N",0,0.0,0,0,0,0,0,0,0,0,0,0,0,0,0,0
"51081","5","518210","78","0","2022","4","N",4,0,0,0,0,0,0,0,"N",2.27,0,0,0,0,0,0,0,"N",4,100.0,0,0,0,0,0,0,0,0,0,0,0,0,0,0
"51083","5","518210","78","0","2022","4","N",2,0,0,0,0,0,0,0,"N",0.41,0,0,0,0,0,0,0,"N",1,100.0,0,0,0,0,0,0,0,0,0,0,0,0,0,0
"51085","5","518210","78","0","2022","4","",16,99,98,96,2434209,55206,614,1917,"",0.83,0.55,0.54,0.53,0.44,0.38,0.44,0.82,"",4,33.3,25,33.8,25,34.2,24,33.3,839500,52.6,8367,17.9,164,36.4,237,14.1
"51087","5","518210","78","0","2022","4","",30,156,157,159,8985974,104635,1865,4393,"",0.53,0.26,0.26,0.26,0.42,0.22,0.33,1.58,"",2,7.1,78,100.0,73,86.9,69,76.7,2816574,45.7,-62314,-37.3,-357,-16.1,-1257,-22.2
"51089","5","518210","78","0","2022","4","N",1,0,0,0,0,0,0,0,"N",0.12,0,0,0,0,0,0,0,"N",0,0.0,0,0,0,0,0,0,0,0,0,0,0,0,0,0
"51091","5","518210","78","0","2022","4","N",2,0,0,0,0,0,0,0,"N",2.05,0,0,0,0,0,0,0,"N",2,100.0,0,0,0,0,0,0,0,0,0,0,0,0,0,0
"51093","2","518210","78","0","2022","4","",1,1,1,1,25435,0,0,1957,"",597.76,16.08,16.04,15.37,21.66,0.00,0.00,1.37,"N",0,0.0,0,0,0,0,0,0,0,0,0,0,0,0,0,0
"51093","5","518210","78","0","2022","4","N",6,0,0,0,0,0,0,0,"N",1.37,0,0,0,0,0,0,0,"N",0,0.0,0,0,0,0,0,0,0,0,0,0,0,0,0,0
"51095","5","518210","78","0","2022","4","",9,15,15,15,355543,8522,34,1823,"",0.92,0.16,0.16,0.16,0.14,0.11,0.04,0.84,"",2,28.6,3,25.0,3,25.0,3,25.0,79558,28.8,-2639,-23.6,-9,-20.9,54,3.1
"51099","5","518210","78","0","2022","4","N",4,0,0,0,0,0,0,0,"N",1.22,0,0,0,0,0,0,0,"N",3,300.0,0,0,0,0,0,0,0,0,0,0,0,0,0,0
"51101","5","518210","78","0","2022","4","N",2,0,0,0,0,0,0,0,"N",0.84,0,0,0,0,0,0,0,"N",2,100.0,0,0,0,0,0,0,0,0,0,0,0,0,0,0
"51103","5","518210","78","0","2022","4","N",4,0,0,0,0,0,0,0,"N",1.43,0,0,0,0,0,0,0,"N",2,100.0,0,0,0,0,0,0,0,0,0,0,0,0,0,0
"51105","5","518210","78","0","2022","4","N",1,0,0,0,0,0,0,0,"N",0.39,0,0,0,0,0,0,0,"N",0,0.0,0,0,0,0,0,0,0,0,0,0,0,0,0,0
"51107","3","518210","78","0","2022","4","",1,152,153,156,4091382,0,0,2048,"",7.62,46.21,46.00,47.15,53.15,0.00,0.00,1.14,"N",0,0.0,0,0,0,0,0,0,0,0,0,0,0,0,0,0
"51107","5","518210","78","0","2022","4","",112,1744,1749,1760,72373835,861742,10750,3179,"",1.70,3.00,2.99,3.01,2.76,1.88,2.24,0.92,"",18,19.1,151,9.5,159,10.0,162,10.1,1407199,2.0,-209285,-19.5,-9386,-46.6,-246,-7.2
"51113","5","518210","78","0","2022","4","N",1,0,0,0,0,0,0,0,"N",0.40,0,0,0,0,0,0,0,"N",1,100.0,0,0,0,0,0,0,0,0,0,0,0,0,0,0
"51115","5","518210","78","0","2022","4","N",2,0,0,0,0,0,0,0,"N",1.76,0,0,0,0,0,0,0,"N",1,100.0,0,0,0,0,0,0,0,0,0,0,0,0,0,0
"51117","5","518210","78","0","2022","4","N",3,0,0,0,0,0,0,0,"N",0.58,0,0,0,0,0,0,0,"N",1,50.0,0,0,0,0,0,0,0,0,0,0,0,0,0,0
"51119","5","518210","78","0","2022","4","N",1,0,0,0,0,0,0,0,"N",0.45,0,0,0,0,0,0,0,"N",1,100.0,0,0,0,0,0,0,0,0,0,0,0,0,0,0
"51121","5","518210","78","0","2022","4","",9,19,19,19,469952,6926,108,1903,"",0.77,0.14,0.14,0.14,0.11,0.08,0.12,0.79,"",2,28.6,1,5.6,1,5.6,1,5.6,-116739,-19.9,-4724,-40.5,-55,-33.7,-604,-24.1
"51127","5","518210","78","0","2022","4","N",1,0,0,0,0,0,0,0,"N",0.38,0,0,0,0,0,0,0,"N",1,100.0,0,0,0,0,0,0,0,0,0,0,0,0,0,0
"51135","5","518210","78","0","2022","4","N",2,0,0,0,0,0,0,0,"N",0.87,0,0,0,0,0,0,0,"N",2,100.0,0,0,0,0,0,0,0,0,0,0,0,0,0,0
"51137","3","518210","78","0","2022","4","",1,17,17,19,294668,46989,1283,1283,"",109.74,98.85,99.04,112.03,126.69,3033.55,39914.56,1.23,"N",0,0.0,0,0,0,0,0,0,0,0,0,0,0,0,0,0
"51141","5","518210","78","0","2022","4","N",1,0,0,0,0,0,0,0,"N",0.41,0,0,0,0,0,0,0,"N",0,0.0,0,0,0,0,0,0,0,0,0,0,0,0,0,0
"51143","5","518210","78","0","2022","4","N",1,0,0,0,0,0,0,0,"N",0.15,0,0,0,0,0,0,0,"N",1,100.0,0,0,0,0,0,0,0,0,0,0,0,0,0,0
"51149","5","518210","78","0","2022","4","N",1,0,0,0,0,0,0,0,"N",0.33,0,0,0,0,0,0,0,"N",0,0.0,0,0,0,0,0,0,0,0,0,0,0,0,0,0
"51153","5","518210","78","0","2022","4","",35,353,377,382,8470385,621440,3691,1758,"",0.74,0.83,0.88,0.89,0.59,1.85,1.16,0.68,"",-1,-2.8,29,9.0,49,14.9,58,17.9,-448465,-5.0,327322,111.3,-609,-14.2,-351,-16.6
"51157","5","518210","78","0","2022","4","N",2,0,0,0,0,0,0,0,"N",1.36,0,0,0,0,0,0,0,"N",1,100.0,0,0,0,0,0,0,0,0,0,0,0,0,0,0
"51159","5","518210","78","0","2022","4","N",1,0,0,0,0,0,0,0,"N",0.81,0,0,0,0,0,0,0,"N",1,100.0,0,0,0,0,0,0,0,0,0,0,0,0,0,0
"51161","5","518210","78","0","2022","4","N",4,0,0,0,0,0,0,0,"N",0.33,0,0,0,0,0,0,0,"N",2,100.0,0,0,0,0,0,0,0,0,0,0,0,0,0,0
"51163","5","518210","78","0","2022","4","N",1,0,0,0,0,0,0,0,"N",0.36,0,0,0,0,0,0,0,"N",1,100.0,0,0,0,0,0,0,0,0,0,0,0,0,0,0
"51165","2","518210","78","0","2022","4","",1,1,1,1,20896,0,0,1607,"",285.37,5.04,5.01,4.91,6.04,0.00,0.00,1.21,"N",0,0.0,0,0,0,0,0,0,0,0,0,0,0,0,0,0
"51165","5","518210","78","0","2022","4","N",2,0,0,0,0,0,0,0,"N",0.22,0,0,0,0,0,0,0,"N",1,100.0,0,0,0,0,0,0,0,0,0,0,0,0,0,0
"51169","2","518210","78","0","2022","4","",1,1,1,1,23930,0,0,1841,"",1380.98,35.56,35.36,34.21,61.59,0.00,0.00,1.76,"N",0,0.0,0,0,0,0,0,0,0,0,0,0,0,0,0,0
"51169","5","518210","78","0","2022","4","N",1,0,0,0,0,0,0,0,"N",0.53,0,0,0,0,0,0,0,"N",0,0.0,0,0,0,0,0,0,0,0,0,0,0,0,0,0
"51171","5","518210","78","0","2022","4","N",1,0,0,0,0,0,0,0,"N",0.18,0,0,0,0,0,0,0,"N",0,0.0,0,0,0,0,0,0,0,0,0,0,0,0,0,0
"51177","2","518210","78","0","2022","4","",1,1,1,1,18875,0,0,1452,"",166.98,4.61,4.56,4.41,5.04,0.00,0.00,1.11,"N",0,0.0,0,0,0,0,0,0,0,0,0,0,0,0,0,0
"51177","5","518210","78","0","2022","4","N",4,0,0,0,0,0,0,0,"N",0.26,0,0,0,0,0,0,0,"N",1,33.3,0,0,0,0,0,0,0,0,0,0,0,0,0,0
"51179","5","518210","78","0","2022","4","",9,21,21,21,990499,4574,36,3628,"",0.61,0.14,0.14,0.14,0.19,0.05,0.04,1.34,"",4,80.0,-9,-30.0,-4,-16.0,-3,-12.5,-61238,-5.8,-12164,-72.7,-231,-86.5,556,18.1
"51185","5","518210","78","0","2022","4","N",2,0,0,0,0,0,0,0,"N",0.43,0,0,0,0,0,0,0,"N",0,0.0,0,0,0,0,0,0,0,0,0,0,0,0,0,0
"51187","5","518210","78","0","2022","4","N",1,0,0,0,0,0,0,0,"N",0.19,0,0,0,0,0,0,0,"N",0,0.0,0,0,0,0,0,0,0,0,0,0,0,0,0,0
"51191","5","518210","78","0","2022","4","N",3,0,0,0,0,0,0,0,"N",0.42,0,0,0,0,0,0,0,"N",2,200.0,0,0,0,0,0,0,0,0,0,0,0,0,0,0
"51195","5","518210","78","0","2022","4","N",1,0,0,0,0,0,0,0,"N",0.26,0,0,0,0,0,0,0,"N",0,0.0,0,0,0,0,0,0,0,0,0,0,0,0,0,0
"51197","2","518210","78","0","2022","4","",1,1,1,1,26235,0,0,2018,"",620.54,14.58,14.46,14.00,26.14,0.00,0.00,1.82,"N",0,0.0,0,0,0,0,0,0,0,0,0,0,0,0,0,0
"51199","5","518210","78","0","2022","4","",5,16,15,15,157693,4814,76,791,"",0.65,0.23,0.22,0.22,0.09,0.09,0.14,0.38,"",-1,-16.7,-7,-30.4,-9,-37.5,-9,-37.5,-127032,-44.6,-4334,-47.4,-166,-68.6,-134,-14.5
"51510","5","518210","78","0","2022","4","",36,224,215,218,7618691,66104,774,2676,"",1.20,0.84,0.81,0.83,0.55,0.39,0.38,0.67,"",9,33.3,55,32.5,53,32.7,56,34.6,254673,3.5,-12367,-15.8,-491,-38.8,-771,-22.4
"51520","5","518210","78","0","2022","4","N",2,0,0,0,0,0,0,0,"N",0.68,0,0,0,0,0,0,0,"N",2,100.0,0,0,0,0,0,0,0,0,0,0,0,0,0,0
"51540","5","518210","78","0","2022","4","N",3,0,0,0,0,0,0,0,"N",0.26,0,0,0,0,0,0,0,"N",-1,-25.0,0,0,0,0,0,0,0,0,0,0,0,0,0,0
"51550","5","518210","78","0","2022","4","",12,575,600,618,9355218,550233,19097,1204,"",0.40,1.76,1.82,1.87,0.93,2.07,6.36,0.51,"",1,9.1,66,13.0,101,20.2,99,19.1,2415956,34.8,165828,43.1,5295,38.4,155,14.8
"51590","5","518210","78","0","2022","4","N",1,0,0,0,0,0,0,0,"N",0.11,0,0,0,0,0,0,0,"N",0,0.0,0,0,0,0,0,0,0,0,0,0,0,0,0,0
"51600","5","518210","78","0","2022","4","",6,12,11,13,340617,16958,331,2183,"",0.73,0.17,0.16,0.19,0.12,0.28,0.56,0.71,"",0,0.0,4,50.0,3,37.5,7,116.7,64131,23.2,10584,166.0,254,329.9,-717,-24.7
"51610","5","518210","78","0","2022","4","N",3,0,0,0,0,0,0,0,"N",0.63,0,0,0,0,0,0,0,"N",0,0.0,0,0,0,0,0,0,0,0,0,0,0,0,0,0
"51630","5","518210","78","0","2022","4","",4,60,61,64,774692,56837,1424,966,"",0.51,0.81,0.81,0.85,0.32,1.02,2.36,0.39,"",0,0.0,0,0.0,-3,-4.7,4,6.7,-64044,-7.6,41101,261.2,680,91.4,-86,-8.2
"51640","5","518210","78","0","2022","4","N",1,0,0,0,0,0,0,0,"N",0.54,0,0,0,0,0,0,0,"N",0,0.0,0,0,0,0,0,0,0,0,0,0,0,0,0,0
"51650","5","518210","78","0","2022","4","",9,32,31,34,465626,25204,288,1108,"",0.64,0.21,0.20,0.22,0.09,0.24,0.26,0.46,"",5,125.0,7,28.0,5,19.2,8,30.8,171202,58.1,2868,12.8,-752,-72.3,226,25.6
"51660","5","518210","78","0","2022","4","N",2,0,0,0,0,0,0,0,"N",0.25,0,0,0,0,0,0,0,"N",0,0.0,0,0,0,0,0,0,0,0,0,0,0,0,0,0
"51680","5","518210","78","0","2022","4","N",3,0,0,0,0,0,0,0,"N",0.24,0,0,0,0,0,0,0,"N",0,0.0,0,0,0,0,0,0,0,0,0,0,0,0,0,0
"51683","5","518210","78","0","2022","4","",5,30,32,32,906104,29470,266,2224,"",0.69,0.39,0.41,0.42,0.26,0.56,0.52,0.64,"",0,0.0,7,30.4,8,33.3,8,33.3,636111,235.6,18173,160.9,184,224.4,1346,153.3
"51685","5","518210","78","0","2022","4","",4,12,13,7,206848,8000,218,1492,"",2.64,0.87,0.93,0.51,0.46,0.63,1.98,0.60,"N",0,0.0,0,0,0,0,0,0,0,0,0,0,0,0,0,0
"51690","5","518210","78","0","2022","4","N",1,0,0,0,0,0,0,0,"N",0.22,0,0,0,0,0,0,0,"N",0,0.0,0,0,0,0,0,0,0,0,0,0,0,0,0,0
"51700","5","518210","78","0","2022","4","N",3,0,0,0,0,0,0,0,"N",0.15,0,0,0,0,0,0,0,"N",0,0.0,0,0,0,0,0,0,0,0,0,0,0,0,0,0
"51710","5","518210","78","0","2022","4","N",14,0,0,0,0,0,0,0,"N",0.49,0,0,0,0,0,0,0,"N",2,16.7,0,0,0,0,0,0,0,0,0,0,0,0,0,0
"51730","5","518210","78","0","2022","4","N",1,0,0,0,0,0,0,0,"N",0.21,0,0,0,0,0,0,0,"N",0,0.0,0,0,0,0,0,0,0,0,0,0,0,0,0,0
"51735","5","518210","78","0","2022","4","N",1,0,0,0,0,0,0,0,"N",0.81,0,0,0,0,0,0,0,"N",1,100.0,0,0,0,0,0,0,0,0,0,0,0,0,0,0
"51740","5","518210","78","0","2022","4","N",1,0,0,0,0,0,0,0,"N",0.12,0,0,0,0,0,0,0,"N",-1,-50.0,0,0,0,0,0,0,0,0,0,0,0,0,0,0
"51750","5","518210","78","0","2022","4","N",1,0,0,0,0,0,0,0,"N",0.63,0,0,0,0,0,0,0,"N",1,100.0,0,0,0,0,0,0,0,0,0,0,0,0,0,0
"51760","3","518210","78","0","2022","4","",1,63,63,63,86651,0,0,106,"",12.51,22.47,22.25,22.28,1.39,0.00,0.00,0.06,"N",0,0.0,0,0,0,0,0,0,0,0,0,0,0,0,0,0
"51760","5","518210","78","0","2022","4","",27,114,113,112,2769907,65568,2233,1886,"",0.67,0.23,0.23,0.22,0.13,0.20,0.53,0.57,"",8,42.1,3,2.7,5,4.6,3,2.8,505445,22.3,-52066,-44.3,-854,-27.7,293,18.4
"51770","5","518210","78","0","2022","4","N",3,0,0,0,0,0,0,0,"N",0.19,0,0,0,0,0,0,0,"N",1,50.0,0,0,0,0,0,0,0,0,0,0,0,0,0,0
"51800","5","518210","78","0","2022","4","N",1,0,0,0,0,0,0,0,"N",0.10,0,0,0,0,0,0,0,"N",0,0.0,0,0,0,0,0,0,0,0,0,0,0,0,0,0
"51810","5","518210","78","0","2022","4","",26,521,523,531,9759863,275353,9700,1430,"",0.43,0.94,0.93,0.96,0.57,0.58,1.74,0.61,"",2,8.3,18,3.6,16,3.2,20,3.9,483936,5.2,-105755,-27.7,-3723,-27.7,23,1.6
"51830","5","518210","78","0","2022","4","N",2,0,0,0,0,0,0,0,"N",0.80,0,0,0,0,0,0,0,"N",1,100.0,0,0,0,0,0,0,0,0,0,0,0,0,0,0
"51840","5","518210","78","0","2022","4","N",1,0,0,0,0,0,0,0,"N",0.15,0,0,0,0,0,0,0,"N",0,0.0,0,0,0,0,0,0,0,0,0,0,0,0,0,0
"51999","5","518210","78","0","2022","4","",439,2381,2412,2337,92462816,2118118,34944,2993,"",2.18,3.58,3.57,3.48,2.48,2.59,2.43,0.70,"",20,4.8,527,28.4,558,30.1,440,23.2,16039731,21.0,41601,2.0,-271,-0.8,-153,-4.9
"53000","2","518210","58","0","2022","4","",1,55,69,70,1724923,0,0,2052,"",2.59,2.61,3.27,3.24,2.98,0.00,0.00,0.98,"N",0,0.0,0,0,0,0,0,0,0,0,0,0,0,0,0,0
"53000","5","518210","58","0","2022","4","",1106,26809,26890,26519,1409923683,151404659,1300670,4056,"",1.10,2.38,2.39,2.37,2.72,2.36,1.59,1.14,"",93,9.2,11182,71.6,11215,71.5,10640,67.0,685280290,94.6,44034142,41.0,72837,5.9,512,14.4
"53003","5","518210","78","0","2022","4","N",1,0,0,0,0,0,0,0,"N",0.44,0,0,0,0,0,0,0,"N",-1,-50.0,0,0,0,0,0,0,0,0,0,0,0,0,0,0
"53005","5","518210","78","0","2022","4","",9,32,32,33,879979,310076,7485,2094,"",0.40,0.10,0.11,0.11,0.08,0.19,0.32,0.75,"",-2,-18.2,-1,-3.0,-1,-3.0,2,6.5,37480,4.4,50605,19.5,415,5.9,90,4.5
"53007","5","518210","78","0","2022","4","",4,18,18,17,279299,127130,1378,1216,"",0.29,0.13,0.13,0.13,0.07,0.16,0.13,0.54,"",-2,-33.3,-28,-60.9,-28,-60.9,-29,-63.0,-683264,-71.0,-119494,-48.5,-4369,-76.0,-394,-24.5
"53009","5","518210","78","0","2022","4","N",3,0,0,0,0,0,0,0,"N",0.31,0,0,0,0,0,0,0,"N",2,200.0,0,0,0,0,0,0,0,0,0,0,0,0,0,0
"53011","5","518210","78","0","2022","4","",98,1090,1084,1090,30728594,7889030,82346,2173,"",1.51,1.93,1.92,1.92,1.47,2.29,1.98,0.77,"",4,4.3,-7,-0.6,-30,-2.7,-33,-2.9,-7358865,-19.3,-113264,-1.4,-3770,-4.4,-463,-17.6
"53015","5","518210","78","0","2022","4","N",4,0,0,0,0,0,0,0,"N",0.35,0,0,0,0,0,0,0,"N",-1,-20.0,0,0,0,0,0,0,0,0,0,0,0,0,0,0
"53017","5","518210","78","0","2022","4","N",3,0,0,0,0,0,0,0,"N",0.62,0,0,0,0,0,0,0,"N",1,50.0,0,0,0,0,0,0,0,0,0,0,0,0,0,0
"53019","5","518210","78","0","2022","4","N",1,0,0,0,0,0,0,0,"N",0.92,0,0,0,0,0,0,0,"N",1,100.0,0,0,0,0,0,0,0,0,0,0,0,0,0,0
"53021","5","518210","78","0","2022","4","N",3,0,0,0,0,0,0,0,"N",0.30,0,0,0,0,0,0,0,"N",2,200.0,0,0,0,0,0,0,0,0,0,0,0,0,0,0
"53025","5","518210","78","0","2022","4","",10,281,276,285,11257941,1946375,40892,3085,"",0.88,2.04,2.03,2.23,2.63,2.40,3.27,1.25,"",2,25.0,42,17.6,40,16.9,45,18.8,1120998,11.1,1245467,177.7,34806,571.9,-187,-5.7
"53027","5","518210","78","0","2022","4","N",2,0,0,0,0,0,0,0,"N",0.25,0,0,0,0,0,0,0,"N",0,0.0,0,0,0,0,0,0,0,0,0,0,0,0,0,0
"53029","5","518210","78","0","2022","4","",4,13,12,11,236592,107907,1117,1517,"",0.44,0.23,0.21,0.20,0.15,0.34,0.34,0.68,"",0,0.0,-2,-13.3,-4,-25.0,-5,-31.2,-126007,-34.8,-41143,-27.6,116,11.6,-263,-14.8
"53031","5","518210","78","0","2022","4","N",1,0,0,0,0,0,0,0,"N",0.21,0,0,0,0,0,0,0,"N",-1,-50.0,0,0,0,0,0,0,0,0,0,0,0,0,0,0
"53033","5","518210","78","0","2022","4","",581,23348,23447,23079,1305984911,126064956,1011717,4313,"",1.60,5.03,5.04,4.96,4.53,4.64,3.01,0.90,"",35,6.4,10897,87.5,10993,88.3,10454,82.8,677765836,107.9,43070278,51.9,42968,4.4,450,11.6
"53035","5","518210","78","0","2022","4","",18,181,180,182,10788143,1285188,8526,4585,"",0.62,0.62,0.61,0.62,1.05,0.97,0.56,1.70,"",0,0.0,82,82.8,76,73.1,75,70.1,6497143,151.4,56249,4.6,3758,78.8,1391,43.6
"53037","5","518210","78","0","2022","4","",6,19,19,19,498646,131953,1502,2019,"",1.00,0.37,0.37,0.38,0.35,0.50,0.41,0.94,"",1,20.0,2,11.8,3,18.8,3,18.8,229220,85.1,70663,115.3,1259,518.1,750,59.1
"53039","5","518210","78","0","2022","4","N",2,0,0,0,0,0,0,0,"N",0.58,0,0,0,0,0,0,0,"N",1,100.0,0,0,0,0,0,0,0,0,0,0,0,0,0,0
"53041","5","518210","78","0","2022","4","",3,10,10,8,242932,53330,315,2002,"",0.32,0.12,0.11,0.09,0.10,0.11,0.05,0.90,"N",0,0.0,0,0,0,0,0,0,0,0,0,0,0,0,0,0
"53045","5","518210","78","0","2022","4","",5,7,7,10,123541,61992,806,1188,"",0.96,0.14,0.14,0.21,0.09,0.25,0.31,0.54,"",1,25.0,1,16.7,1,16.7,4,66.7,56024,83.0,19116,44.6,536,198.5,322,37.2
"53047","5","518210","78","0","2022","4","N",1,0,0,0,0,0,0,0,"N",0.14,0,0,0,0,0,0,0,"N",1,100.0,0,0,0,0,0,0,0,0,0,0,0,0,0,0
"53049","5","518210","78","0","2022","4","N",2,0,0,0,0,0,0,0,"N",0.66,0,0,0,0,0,0,0,"N",1,100.0,0,0,0,0,0,0,0,0,0,0,0,0,0,0
"53051","5","518210","78","0","2022","4","N",2,0,0,0,0,0,0,0,"N",1.41,0,0,0,0,0,0,0,"N",0,0.0,0,0,0,0,0,0,0,0,0,0,0,0,0,0
"53053","5","518210","78","0","2022","4","",63,187,183,181,5029627,1513330,18330,2107,"",0.71,0.18,0.18,0.17,0.14,0.26,0.25,0.77,"",14,28.6,40,27.2,35,23.6,29,19.1,1571083,45.4,-9583,-0.6,-2848,-13.4,321,18.0
"53055","5","518210","78","0","2022","4","N",3,0,0,0,0,0,0,0,"N",0.64,0,0,0,0,0,0,0,"N",2,200.0,0,0,0,0,0,0,0,0,0,0,0,0,0,0
"53057","5","518210","78","0","2022","4","",3,40,40,41,1256600,180704,1753,2397,"",0.18,0.24,0.24,0.25,0.23,0.20,0.15,0.92,"",-1,-25.0,-5,-11.1,-7,-14.9,-6,-12.8,-392439,-23.8,-73229,-28.8,-3256,-65.0,-341,-12.5
"53059","5","518210","78","0","2022","4","N",3,0,0,0,0,0,0,0,"N",2.76,0,0,0,0,0,0,0,"N",1,50.0,0,0,0,0,0,0,0,0,0,0,0,0,0,0
"53061","5","518210","78","0","2022","4","",72,351,354,352,9580404,2491976,28603,2092,"",0.81,0.39,0.39,0.39,0.27,0.48,0.44,0.69,"",2,2.9,41,13.2,38,12.0,33,10.3,1731764,22.1,13865,0.6,1712,6.4,175,9.1
"53063","5","518210","78","0","2022","4","",53,418,418,416,9871905,2878951,32390,1820,"",0.80,0.55,0.55,0.55,0.39,0.67,0.59,0.71,"",7,15.2,49,13.3,55,15.2,52,14.3,1554872,18.7,64859,2.3,-980,-2.9,69,3.9
"53065","5","518210","78","0","2022","4","N",3,0,0,0,0,0,0,0,"N",0.69,0,0,0,0,0,0,0,"N",2,200.0,0,0,0,0,0,0,0,0,0,0,0,0,0,0
"53067","2","518210","78","0","2022","4","",1,55,69,70,1724923,0,0,2052,"",71.86,73.93,91.80,90.88,107.20,0.00,0.00,1.25,"N",0,0.0,0,0,0,0,0,0,0,0,0,0,0,0,0,0
"53067","5","518210","78","0","2022","4","",52,369,383,372,9291009,2793035,24474,1908,"",1.43,0.93,0.96,0.93,0.64,1.47,1.02,0.69,"",7,15.6,55,17.5,46,13.6,39,11.7,2091810,29.1,497894,21.7,2209,9.9,220,13.0
"53071","5","518210","78","0","2022","4","",6,23,22,22,347463,174730,2750,1197,"",0.78,0.24,0.24,0.25,0.13,0.36,0.46,0.53,"",1,20.0,0,0.0,-2,-8.3,-4,-15.4,-23243,-6.3,-75350,-30.1,-1446,-34.5,25,2.1
"53073","5","518210","78","0","2022","4","",20,145,120,118,3847953,1187790,6780,2319,"",0.63,0.49,0.41,0.40,0.39,0.69,0.29,0.91,"",0,0.0,-54,-27.1,-73,-37.8,-73,-38.2,-227358,-5.6,-812838,-40.6,-3508,-34.1,706,43.8
"53075","5","518210","78","0","2022","4","",6,6,6,6,113163,80855,1871,1451,"",1.10,0.10,0.10,0.10,0.06,0.31,0.86,0.58,"N",1,20.0,0,0,0,0,0,0,0,0,0,0,0,0,0,0
"53077","5","518210","78","0","2022","4","N",3,0,0,0,0,0,0,0,"N",0.11,0,0,0,0,0,0,0,"N",-1,-25.0,0,0,0,0,0,0,0,0,0,0,0,0,0,0
"53999","5","518210","78","0","2022","4","",56,170,176,174,6423716,1372724,22867,2851,"",2.14,1.30,1.34,1.31,0.65,1.40,1.60,0.49,"N",13,30.2,0,0,0,0,0,0,0,0,0,0,0,0,0,0
"54000","2","518210","58","0","2022","4","",1,57,41,55,804659,0,0,1214,"",10.90,14.09,10.06,13.14,11.02,0.00,0.00,0.89,"N",0,0.0,0,0,0,0,0,0,0,0,0,0,0,0,0,0
"54000","5","518210","58","0","2022","4","",199,1330,1350,1384,25060571,1203735,28186,1423,"",0.83,0.61,0.62,0.64,0.38,0.71,0.64,0.61,"",32,19.2,144,12.1,168,14.2,214,18.3,3445135,15.9,76129,6.8,-1481,-5.0,13,0.9
"54003","5","518210","78","0","2022","4","",9,46,44,49,639390,41145,966,1062,"",0.81,0.39,0.37,0.41,0.19,0.41,0.45,0.49,"N",4,80.0,0,0,0,0,0,0,0,0,0,0,0,0,0,0
"54011","5","518210","78","0","2022","4","N",8,0,0,0,0,0,0,0,"N",0.65,0,0,0,0,0,0,0,"N",4,100.0,0,0,0,0,0,0,0,0,0,0,0,0,0,0
"54019","5","518210","78","0","2022","4","N",4,0,0,0,0,0,0,0,"N",0.91,0,0,0,0,0,0,0,"N",1,33.3,0,0,0,0,0,0,0,0,0,0,0,0,0,0
"54025","5","518210","78","0","2022","4","N",1,0,0,0,0,0,0,0,"N",0.19,0,0,0,0,0,0,0,"N",0,0.0,0,0,0,0,0,0,0,0,0,0,0,0,0,0
"54027","5","518210","78","0","2022","4","N",1,0,0,0,0,0,0,0,"N",0.51,0,0,0,0,0,0,0,"N",1,100.0,0,0,0,0,0,0,0,0,0,0,0,0,0,0
"54029","5","518210","78","0","2022","4","N",1,0,0,0,0,0,0,0,"N",0.33,0,0,0,0,0,0,0,"N",1,100.0,0,0,0,0,0,0,0,0,0,0,0,0,0,0
"54033","5","518210","78","0","2022","4","N",2,0,0,0,0,0,0,0,"N",0.22,0,0,0,0,0,0,0,"N",0,0.0,0,0,0,0,0,0,0,0,0,0,0,0,0,0
"54035","5","518210","78","0","2022","4","N",2,0,0,0,0,0,0,0,"N",0.74,0,0,0,0,0,0,0,"N",1,100.0,0,0,0,0,0,0,0,0,0,0,0,0,0,0
"54037","5","518210","78","0","2022","4","",9,6,9,8,172090,29242,842,1727,"",1.42,0.12,0.18,0.16,0.11,0.66,0.85,0.72,"N",4,80.0,0,0,0,0,0,0,0,0,0,0,0,0,0,0
"54039","5","518210","78","0","2022","4","",8,266,266,264,3822339,366268,8724,1108,"",0.32,0.90,0.89,0.88,0.40,1.81,1.85,0.45,"",-1,-11.1,33,14.2,29,12.2,32,13.8,-144428,-3.6,91078,33.1,133,1.5,-196,-15.0
"54049","5","518210","78","0","2022","4","N",5,0,0,0,0,0,0,0,"N",0.79,0,0,0,0,0,0,0,"N",3,150.0,0,0,0,0,0,0,0,0,0,0,0,0,0,0
"54055","5","518210","78","0","2022","4","N",1,0,0,0,0,0,0,0,"N",0.16,0,0,0,0,0,0,0,"N",1,100.0,0,0,0,0,0,0,0,0,0,0,0,0,0,0
"54057","5","518210","78","0","2022","4","N",2,0,0,0,0,0,0,0,"N",0.83,0,0,0,0,0,0,0,"N",0,0.0,0,0,0,0,0,0,0,0,0,0,0,0,0,0
"54061","2","518210","78","0","2022","4","",1,57,41,55,804659,0,0,1214,"",189.84,167.42,119.05,156.07,114.81,0.00,0.00,0.78,"N",0,0.0,0,0,0,0,0,0,0,0,0,0,0,0,0,0
"54061","5","518210","78","0","2022","4","",10,294,298,300,3903888,260863,5531,1010,"",0.73,1.61,1.62,1.64,0.62,2.18,1.99,0.38,"N",2,25.0,0,0,0,0,0,0,0,0,0,0,0,0,0,0
"54069","5","518210","78","0","2022","4","N",2,0,0,0,0,0,0,0,"N",0.31,0,0,0,0,0,0,0,"N",1,100.0,0,0,0,0,0,0,0,0,0,0,0,0,0,0
"54071","5","518210","78","0","2022","4","-",0,0,0,0,0,0,0,0,"N",0.00,0,0,0,0,0,0,0,"N",-1,-100.0,0,0,0,0,0,0,0,0,0,0,0,0,0,0
"54077","5","518210","78","0","2022","4","N",4,0,0,0,0,0,0,0,"N",1.27,0,0,0,0,0,0,0,"N",3,300.0,0,0,0,0,0,0,0,0,0,0,0,0,0,0
"54081","5","518210","78","0","2022","4","N",3,0,0,0,0,0,0,0,"N",0.31,0,0,0,0,0,0,0,"N",2,200.0,0,0,0,0,0,0,0,0,0,0,0,0,0,0
"54083","5","518210","78","0","2022","4","N",2,0,0,0,0,0,0,0,"N",0.53,0,0,0,0,0,0,0,"N",0,0.0,0,0,0,0,0,0,0,0,0,0,0,0,0,0
"54087","5","518210","78","0","2022","4","N",1,0,0,0,0,0,0,0,"N",0.73,0,0,0,0,0,0,0,"N",1,100.0,0,0,0,0,0,0,0,0,0,0,0,0,0,0
"54091","5","518210","78","0","2022","4","N",2,0,0,0,0,0,0,0,"N",1.62,0,0,0,0,0,0,0,"N",0,0.0,0,0,0,0,0,0,0,0,0,0,0,0,0,0
"54099","5","518210","78","0","2022","4","N",1,0,0,0,0,0,0,0,"N",0.38,0,0,0,0,0,0,0,"N",1,100.0,0,0,0,0,0,0,0,0,0,0,0,0,0,0
"54107","5","518210","78","0","2022","4","",4,2,2,3,53544,5769,156,1765,"",0.41,0.02,0.02,0.03,0.02,0.06,0.06,0.81,"N",1,33.3,0,0,0,0,0,0,0,0,0,0,0,0,0,0
"54999","5","518210","78","0","2022","4","",117,198,201,200,5845382,140299,3674,2252,"",3.15,1.76,1.79,1.80,1.26,0.92,0.65,0.71,"",4,3.5,25,14.5,31,18.2,20,11.1,827731,16.5,-168968,-54.6,-4790,-56.6,38,1.7
"55000","3","518210","58","0","2022","4","N",1,0,0,0,0,0,0,0,"N",0.59,0,0,0,0,0,0,0,"N",0,0.0,0,0,0,0,0,0,0,0,0,0,0,0,0,0
"55000","5","518210","58","0","2022","4","",349,8443,8381,8303,225253836,5666420,77839,2069,"",0.41,0.92,0.91,0.90,0.73,0.55,0.56,0.80,"",8,2.3,86,1.0,-36,-0.4,-69,-0.8,28713672,14.6,-1887637,-25.0,-63301,-44.8,265,14.7
"55005","5","518210","78","0","2022","4","N",1,0,0,0,0,0,0,0,"N",0.16,0,0,0,0,0,0,0,"N",0,0.0,0,0,0,0,0,0,0,0,0,0,0,0,0,0
"55009","5","518210","78","0","2022","4","",9,49,49,48,1003322,15741,204,1586,"",0.30,0.10,0.10,0.10,0.06,0.03,0.03,0.60,"N",-1,-10.0,0,0,0,0,0,0,0,0,0,0,0,0,0,0
"55011","5","518210","78","0","2022","4","N",1,0,0,0,0,0,0,0,"N",0.62,0,0,0,0,0,0,0,"N",0,0.0,0,0,0,0,0,0,0,0,0,0,0,0,0,0
"55015","5","518210","78","0","2022","4","N",1,0,0,0,0,0,0,0,"N",0.28,0,0,0,0,0,0,0,"N",1,100.0,0,0,0,0,0,0,0,0,0,0,0,0,0,0
"55017","5","518210","78","0","2022","4","N",1,0,0,0,0,0,0,0,"N",0.13,0,0,0,0,0,0,0,"N",-1,-50.0,0,0,0,0,0,0,0,0,0,0,0,0,0,0
"55019","5","518210","78","0","2022","4","N",1,0,0,0,0,0,0,0,"N",0.25,0,0,0,0,0,0,0,"N",0,0.0,0,0,0,0,0,0,0,0,0,0,0,0,0,0
"55025","5","518210","78","0","2022","4","",49,1501,1457,1448,43843551,874253,13720,2296,"",0.68,1.36,1.31,1.31,1.01,0.81,1.09,0.76,"",3,6.5,105,7.5,54,3.8,43,3.1,9303932,26.9,-717040,-45.1,-7304,-34.7,400,21.1
"55027","5","518210","78","0","2022","4","N",1,0,0,0,0,0,0,0,"N",0.12,0,0,0,0,0,0,0,"N",0,0.0,0,0,0,0,0,0,0,0,0,0,0,0,0,0
"55029","5","518210","78","0","2022","4","-",0,0,0,0,0,0,0,0,"N",0.00,0,0,0,0,0,0,0,"N",-1,-100.0,0,0,0,0,0,0,0,0,0,0,0,0,0,0
"55031","5","518210","78","0","2022","4","N",2,0,0,0,0,0,0,0,"N",0.41,0,0,0,0,0,0,0,"N",0,0.0,0,0,0,0,0,0,0,0,0,0,0,0,0,0
"55035","5","518210","78","0","2022","4","N",1,0,0,0,0,0,0,0,"N",0.08,0,0,0,0,0,0,0,"N",0,0.0,0,0,0,0,0,0,0,0,0,0,0,0,0,0
"55039","5","518210","78","0","2022","4","N",1,0,0,0,0,0,0,0,"N",0.10,0,0,0,0,0,0,0,"N",0,0.0,0,0,0,0,0,0,0,0,0,0,0,0,0,0
"55043","5","518210","78","0","2022","4","N",2,0,0,0,0,0,0,0,"N",0.31,0,0,0,0,0,0,0,"N",1,100.0,0,0,0,0,0,0,0,0,0,0,0,0,0,0
"55045","5","518210","78","0","2022","4","N",1,0,0,0,0,0,0,0,"N",0.21,0,0,0,0,0,0,0,"N",0,0.0,0,0,0,0,0,0,0,0,0,0,0,0,0,0
"55055","5","518210","78","0","2022","4","",4,16,16,16,184788,13812,282,888,"",0.43,0.15,0.15,0.15,0.06,0.11,0.18,0.41,"N",1,33.3,0,0,0,0,0,0,0,0,0,0,0,0,0,0
"55057","5","518210","78","0","2022","4","N",1,0,0,0,0,0,0,0,"N",0.34,0,0,0,0,0,0,0,"N",0,0.0,0,0,0,0,0,0,0,0,0,0,0,0,0,0
"55059","5","518210","78","0","2022","4","",5,43,45,46,1045834,74168,999,1801,"",0.30,0.19,0.20,0.20,0.14,0.24,0.21,0.72,"",0,0.0,-116,-73.0,-115,-71.9,-118,-72.0,-6741566,-86.6,-131278,-63.9,-4559,-82.0,-1920,-51.6
"55063","5","518210","78","0","2022","4","N",4,0,0,0,0,0,0,0,"N",0.29,0,0,0,0,0,0,0,"N",0,0.0,0,0,0,0,0,0,0,0,0,0,0,0,0,0
"55073","3","518210","78","0","2022","4","N",1,0,0,0,0,0,0,0,"N",32.40,0,0,0,0,0,0,0,"N",0,0.0,0,0,0,0,0,0,0,0,0,0,0,0,0,0
"55073","5","518210","78","0","2022","4","",7,28,27,28,591712,24023,625,1645,"",0.45,0.12,0.12,0.12,0.08,0.11,0.26,0.67,"",1,16.7,3,12.0,3,12.5,3,12.0,147156,33.1,-3859,-13.8,50,8.7,259,18.7
"55075","5","518210","78","0","2022","4","N",1,0,0,0,0,0,0,0,"N",0.20,0,0,0,0,0,0,0,"N",1,100.0,0,0,0,0,0,0,0,0,0,0,0,0,0,0
"55079","5","518210","78","0","2022","4","",37,3233,3189,3171,77159179,1078998,11566,1856,"",0.31,2.18,2.15,2.14,1.44,0.64,0.55,0.67,"",2,5.7,-65,-2.0,-82,-2.5,-83,-2.6,4268596,5.9,-272695,-20.2,-11604,-50.1,144,8.4
"55083","5","518210","78","0","2022","4","N",1,0,0,0,0,0,0,0,"N",0.29,0,0,0,0,0,0,0,"N",0,0.0,0,0,0,0,0,0,0,0,0,0,0,0,0,0
"55085","5","518210","78","0","2022","4","N",1,0,0,0,0,0,0,0,"N",0.17,0,0,0,0,0,0,0,"N",0,0.0,0,0,0,0,0,0,0,0,0,0,0,0,0,0
"55087","5","518210","78","0","2022","4","N",5,0,0,0,0,0,0,0,"N",0.21,0,0,0,0,0,0,0,"N",1,25.0,0,0,0,0,0,0,0,0,0,0,0,0,0,0
"55089","5","518210","78","0","2022","4","N",3,0,0,0,0,0,0,0,"N",0.24,0,0,0,0,0,0,0,"N",0,0.0,0,0,0,0,0,0,0,0,0,0,0,0,0,0
"55093","5","518210","78","0","2022","4","N",3,0,0,0,0,0,0,0,"N",0.71,0,0,0,0,0,0,0,"N",2,200.0,0,0,0,0,0,0,0,0,0,0,0,0,0,0
"55095","5","518210","78","0","2022","4","-",0,0,0,0,0,0,0,0,"N",0.00,0,0,0,0,0,0,0,"N",-1,-100.0,0,0,0,0,0,0,0,0,0,0,0,0,0,0
"55099","5","518210","78","0","2022","4","N",1,0,0,0,0,0,0,0,"N",0.55,0,0,0,0,0,0,0,"N",0,0.0,0,0,0,0,0,0,0,0,0,0,0,0,0,0
"55101","5","518210","78","0","2022","4","N",3,0,0,0,0,0,0,0,"N",0.15,0,0,0,0,0,0,0,"N",0,0.0,0,0,0,0,0,0,0,0,0,0,0,0,0,0
"55105","5","518210","78","0","2022","4","",7,397,398,386,5474413,464429,1190,1070,"",0.45,1.87,1.87,1.82,0.85,1.89,0.39,0.46,"",-1,-12.5,18,4.7,17,4.5,5,1.3,463968,9.3,70374,17.9,-5830,-83.0,57,5.6
"55109","5","518210","78","0","2022","4","N",2,0,0,0,0,0,0,0,"N",0.19,0,0,0,0,0,0,0,"N",1,100.0,0,0,0,0,0,0,0,0,0,0,0,0,0,0
"55115","5","518210","78","0","2022","4","N",1,0,0,0,0,0,0,0,"N",0.23,0,0,0,0,0,0,0,"N",-1,-50.0,0,0,0,0,0,0,0,0,0,0,0,0,0,0
"55117","5","518210","78","0","2022","4","N",2,0,0,0,0,0,0,0,"N",0.16,0,0,0,0,0,0,0,"N",-2,-50.0,0,0,0,0,0,0,0,0,0,0,0,0,0,0
"55121","5","518210","78","0","2022","4","N",1,0,0,0,0,0,0,0,"N",0.29,0,0,0,0,0,0,0,"N",1,100.0,0,0,0,0,0,0,0,0,0,0,0,0,0,0
"55123","5","518210","78","0","2022","4","N",2,0,0,0,0,0,0,0,"N",0.63,0,0,0,0,0,0,0,"N",0,0.0,0,0,0,0,0,0,0,0,0,0,0,0,0,0
"55127","5","518210","78","0","2022","4","",5,35,35,37,707050,23402,403,1525,"",0.38,0.26,0.26,0.27,0.19,0.14,0.22,0.73,"N",1,25.0,0,0,0,0,0,0,0,0,0,0,0,0,0,0
"55131","5","518210","78","0","2022","4","N",7,0,0,0,0,0,0,0,"N",0.45,0,0,0,0,0,0,0,"N",3,75.0,0,0,0,0,0,0,0,0,0,0,0,0,0,0
"55133","5","518210","78","0","2022","4","",27,1142,1135,1124,47648222,769304,14728,3233,"",0.47,1.47,1.46,1.44,1.64,0.86,1.24,1.12,"",-4,-12.9,-119,-9.4,-122,-9.7,-111,-9.0,5760644,13.8,194945,33.9,5201,54.6,657,25.5
"55135","5","518210","78","0","2022","4","N",3,0,0,0,0,0,0,0,"N",0.53,0,0,0,0,0,0,0,"N",1,50.0,0,0,0,0,0,0,0,0,0,0,0,0,0,0
"55139","5","518210","78","0","2022","4","",4,10,10,10,220445,3859,12,1696,"",0.23,0.03,0.03,0.03,0.02,0.01,0.00,0.65,"",-3,-42.9,-8,-44.4,-8,-44.4,-10,-50.0,-327812,-59.8,-41335,-91.5,-1314,-99.1,-563,-24.9
"55141","5","518210","78","0","2022","4","N",4,0,0,0,0,0,0,0,"N",0.45,0,0,0,0,0,0,0,"N",1,33.3,0,0,0,0,0,0,0,0,0,0,0,0,0,0
"55999","5","518210","78","0","2022","4","",137,1009,1010,989,32686595,1051356,20146,2508,"",0.92,2.89,2.87,2.80,2.04,1.42,1.11,0.72,"",3,2.2,335,49.7,311,44.5,307,45.0,15848732,94.1,-707864,-40.2,-35292,-63.7,617,32.6
"56000","5","518210","58","0","2022","4","",138,199,197,205,6710462,700298,10928,2577,"",1.09,0.23,0.23,0.24,0.24,0.33,0.51,1.04,"",52,60.5,34,20.6,37,23.1,51,33.1,2107472,45.8,212209,43.5,1464,15.5,359,16.2
"56001","5","518210","78","0","2022","4","",12,10,9,9,272057,40770,469,2242,"",1.73,0.19,0.17,0.17,0.19,0.40,0.70,1.10,"N",6,100.0,0,0,0,0,0,0,0,0,0,0,0,0,0,0
"56003","5","518210","78","0","2022","4","N",3,0,0,0,0,0,0,0,"N",1.38,0,0,0,0,0,0,0,"N",1,50.0,0,0,0,0,0,0,0,0,0,0,0,0,0,0
"56005","5","518210","78","0","2022","4","N",3,0,0,0,0,0,0,0,"N",0.35,0,0,0,0,0,0,0,"N",1,50.0,0,0,0,0,0,0,0,0,0,0,0,0,0,0
"56009","5","518210","78","0","2022","4","N",1,0,0,0,0,0,0,0,"N",0.37,0,0,0,0,0,0,0,"N",0,0.0,0,0,0,0,0,0,0,0,0,0,0,0,0,0
"56013","5","518210","78","0","2022","4","",7,5,4,4,314212,8062,108,5578,"",0.89,0.10,0.08,0.08,0.24,0.07,0.09,2.70,"",3,75.0,0,0.0,-2,-33.3,-2,-33.3,142818,83.3,-20459,-71.7,-542,-83.4,3251,139.7
"56015","5","518210","78","0","2022","4","N",1,0,0,0,0,0,0,0,"N",0.49,0,0,0,0,0,0,0,"N",0,0.0,0,0,0,0,0,0,0,0,0,0,0,0,0,0
"56019","5","518210","78","0","2022","4","N",1,0,0,0,0,0,0,0,"N",0.44,0,0,0,0,0,0,0,"N",0,0.0,0,0,0,0,0,0,0,0,0,0,0,0,0,0
"56021","5","518210","78","0","2022","4","",41,97,95,99,2670624,279415,4808,2118,"",2.11,0.66,0.64,0.67,0.58,0.82,1.84,0.88,"",9,28.1,-11,-10.2,-7,-6.9,6,6.5,-236802,-8.1,-17142,-5.8,-717,-13.0,-96,-4.3
"56023","5","518210","78","0","2022","4","",7,5,4,5,134084,8406,115,2210,"",1.44,0.22,0.18,0.23,0.19,0.17,0.26,0.88,"",3,75.0,2,66.7,1,33.3,2,66.7,-60322,-31.0,2655,46.2,-18,-13.5,-2775,-55.7
"56025","5","518210","78","0","2022","4","N",5,0,0,0,0,0,0,0,"N",0.31,0,0,0,0,0,0,0,"N",1,25.0,0,0,0,0,0,0,0,0,0,0,0,0,0,0
"56027","5","518210","78","0","2022","4","N",1,0,0,0,0,0,0,0,"N",1.97,0,0,0,0,0,0,0,"N",0,0.0,0,0,0,0,0,0,0,0,0,0,0,0,0,0
"56029","5","518210","78","0","2022","4","N",8,0,0,0,0,0,0,0,"N",1.02,0,0,0,0,0,0,0,"N",5,166.7,0,0,0,0,0,0,0,0,0,0,0,0,0,0
"56031","5","518210","78","0","2022","4","N",1,0,0,0,0,0,0,0,"N",0.58,0,0,0,0,0,0,0,"N",1,100.0,0,0,0,0,0,0,0,0,0,0,0,0,0,0
"56033","5","518210","78","0","2022","4","",8,15,15,16,297755,68298,685,1494,"",1.15,0.34,0.34,0.36,0.23,0.67,0.84,0.65,"",4,100.0,3,25.0,3,25.0,5,45.5,64424,27.6,42996,169.9,118,20.8,-44,-2.9
"56035","5","518210","78","0","2022","4","N",2,0,0,0,0,0,0,0,"N",0.79,0,0,0,0,0,0,0,"N",0,0.0,0,0,0,0,0,0,0,0,0,0,0,0,0,0
"56037","5","518210","78","0","2022","4","N",5,0,0,0,0,0,0,0,"N",0.71,0,0,0,0,0,0,0,"N",3,150.0,0,0,0,0,0,0,0,0,0,0,0,0,0,0
"56039","5","518210","78","0","2022","4","",28,25,27,28,1567504,107701,1251,4522,"",2.22,0.36,0.44,0.39,0.52,0.50,0.56,1.33,"",13,86.7,13,108.3,15,125.0,14,100.0,1085615,225.3,27411,34.1,-307,-19.7,1596,54.5
"56041","5","518210","78","0","2022","4","",3,3,3,3,128550,0,0,3296,"",0.82,0.11,0.11,0.11,0.19,0.00,0.00,1.68,"N",2,200.0,0,0,0,0,0,0,0,0,0,0,0,0,0,0
"56043","5","518210","78","0","2022","4","N",1,0,0,0,0,0,0,0,"N",0.54,0,0,0,0,0,0,0,"N",0,0.0,0,0,0,0,0,0,0,0,0,0,0,0,0,0
"72000","5","518210","58","0","2022","4","",50,2525,2499,2685,33336685,1202184,40091,998,"",0.23,0.85,0.83,0.87,0.59,0.81,0.79,0.69,"",7,16.3,86,3.5,21,0.8,9,0.3,598751,1.8,-873734,-42.1,-28695,-41.7,3,0.3
"72003","5","518210","78","0","2022","4","N",1,0,0,0,0,0,0,0,"N",0.40,0,0,0,0,0,0,0,"N",0,0.0,0,0,0,0,0,0,0,0,0,0,0,0,0,0
"72021","5","518210","78","0","2022","4","N",3,0,0,0,0,0,0,0,"N",0.23,0,0,0,0,0,0,0,"N",1,50.0,0,0,0,0,0,0,0,0,0,0,0,0,0,0
"72025","5","518210","78","0","2022","4","N",2,0,0,0,0,0,0,0,"N",0.20,0,0,0,0,0,0,0,"N",0,0.0,0,0,0,0,0,0,0,0,0,0,0,0,0,0
"72031","5","518210","78","0","2022","4","N",1,0,0,0,0,0,0,0,"N",0.11,0,0,0,0,0,0,0,"N",-1,-50.0,0,0,0,0,0,0,0,0,0,0,0,0,0,0
"72033","5","518210","78","0","2022","4","N",1,0,0,0,0,0,0,0,"N",0.73,0,0,0,0,0,0,0,"N",0,0.0,0,0,0,0,0,0,0,0,0,0,0,0,0,0
"72035","5","518210","78","0","2022","4","N",1,0,0,0,0,0,0,0,"N",0.47,0,0,0,0,0,0,0,"N",0,0.0,0,0,0,0,0,0,0,0,0,0,0,0,0,0
"72051","5","518210","78","0","2022","4","N",1,0,0,0,0,0,0,0,"N",0.34,0,0,0,0,0,0,0,"N",0,0.0,0,0,0,0,0,0,0,0,0,0,0,0,0,0
"72061","5","518210","78","0","2022","4","N",8,0,0,0,0,0,0,0,"N",0.71,0,0,0,0,0,0,0,"N",1,14.3,0,0,0,0,0,0,0,0,0,0,0,0,0,0
"72065","5","518210","78","0","2022","4","N",1,0,0,0,0,0,0,0,"N",0.39,0,0,0,0,0,0,0,"N",1,100.0,0,0,0,0,0,0,0,0,0,0,0,0,0,0
"72113","5","518210","78","0","2022","4","N",1,0,0,0,0,0,0,0,"N",0.10,0,0,0,0,0,0,0,"N",1,100.0,0,0,0,0,0,0,0,0,0,0,0,0,0,0
"72117","5","518210","78","0","2022","4","N",1,0,0,0,0,0,0,0,"N",0.96,0,0,0,0,0,0,0,"N",1,100.0,0,0,0,0,0,0,0,0,0,0,0,0,0,0
"72127","5","518210","78","0","2022","4","",24,1733,1724,1824,26091894,376159,7567,1140,"",0.47,2.18,2.13,2.19,1.41,0.96,0.56,0.65,"",4,20.0,53,3.2,27,1.6,15,0.8,-568398,-2.1,-179345,-32.3,-1916,-20.2,-46,-3.9
"72131","5","518210","78","0","2022","4","N",1,0,0,0,0,0,0,0,"N",0.36,0,0,0,0,0,0,0,"N",0,0.0,0,0,0,0,0,0,0,0,0,0,0,0,0,0
"72999","5","518210","78","0","2022","4","N",4,0,0,0,0,0,0,0,"N",4.81,0,0,0,0,0,0,0,"N",0,0.0,0,0,0,0,0,0,0,0,0,0,0,0,0,0
"78000","5","518210","58","0","2022","4","N",7,0,0,0,0,0,0,0,"N",0.45,0,0,0,0,0,0,0,"N",0,0.0,0,0,0,0,0,0,0,0,0,0,0,0,0,0
"78010","5","518210","78","0","2022","4","N",3,0,0,0,0,0,0,0,"N",0.50,0,0,0,0,0,0,0,"N",0,0.0,0,0,0,0,0,0,0,0,0,0,0,0,0,0
"78030","5","518210","78","0","2022","4","N",4,0,0,0,0,0,0,0,"N",0.49,0,0,0,0,0,0,0,"N",0,0.0,0,0,0,0,0,0,0,0,0,0,0,0,0,0
"C1018","5","518210","48","0","2022","4","N",3,0,0,0,0,0,0,0,"N",0.16,0,0,0,0,0,0,0,"N",-3,-50.0,0,0,0,0,0,0,0,0,0,0,0,0,0,0
"C1038","5","518210","48","0","2022","4","N",3,0,0,0,0,0,0,0,"N",0.16,0,0,0,0,0,0,0,"N",1,50.0,0,0,0,0,0,0,0,0,0,0,0,0,0,0
"C1042","5","518210","48","0","2022","4","N",79,0,0,0,0,0,0,0,"N",0.96,0,0,0,0,0,0,0,"N",11,16.2,0,0,0,0,0,0,0,0,0,0,0,0,0,0
"C1050","5","518210","48","0","2022","4","",4,15,15,15,192158,8781,34,985,"",0.24,0.08,0.08,0.08,0.04,0.04,0.01,0.46,"N",0,0.0,0,0,0,0,0,0,0,0,0,0,0,0,0,0
"C1054","5","518210","48","0","2022","4","N",1,0,0,0,0,0,0,0,"N",0.06,0,0,0,0,0,0,0,"N",0,0.0,0,0,0,0,0,0,0,0,0,0,0,0,0,0
"C1058","5","518210","48","0","2022","4","",68,1166,1149,1151,29745545,973580,28389,1980,"",0.65,0.84,0.83,0.83,0.54,0.86,0.87,0.65,"N",6,9.7,0,0,0,0,0,0,0,0,0,0,0,0,0,0
"C1074","5","518210","48","0","2022","4","",215,596,592,595,17362744,2660314,20188,2247,"",1.85,0.48,0.47,0.47,0.43,0.77,0.83,0.91,"",79,58.1,143,31.6,114,23.8,97,19.5,4124909,31.2,660789,33.0,3298,19.5,109,5.1
"C1078","5","518210","48","0","2022","4","N",5,0,0,0,0,0,0,0,"N",0.28,0,0,0,0,0,0,0,"N",1,25.0,0,0,0,0,0,0,0,0,0,0,0,0,0,0
"C1090","5","518210","48","0","2022","4","N",56,0,0,0,0,0,0,0,"N",0.66,0,0,0,0,0,0,0,"N",-5,-8.2,0,0,0,0,0,0,0,0,0,0,0,0,0,0
"C1102","5","518210","48","0","2022","4","N",2,0,0,0,0,0,0,0,"N",0.13,0,0,0,0,0,0,0,"N",-1,-33.3,0,0,0,0,0,0,0,0,0,0,0,0,0,0
"C1110","5","518210","48","0","2022","4","N",8,0,0,0,0,0,0,0,"N",0.26,0,0,0,0,0,0,0,"N",1,14.3,0,0,0,0,0,0,0,0,0,0,0,0,0,0
"C1118","5","518210","48","0","2022","4","",24,156,155,156,3180389,531153,2151,1572,"",1.87,1.02,1.02,1.04,0.63,1.54,0.62,0.62,"",6,33.3,-11,-6.6,-5,-3.1,-20,-11.4,464475,17.1,59916,12.7,755,54.1,326,26.2
"C1126","5","518210","48","0","2022","4","N",25,0,0,0,0,0,0,0,"N",0.53,0,0,0,0,0,0,0,"N",-2,-7.4,0,0,0,0,0,0,0,0,0,0,0,0,0,0
"C1146","5","518210","48","0","2022","4","",72,1100,1087,1080,29059910,350771,9678,2053,"",1.67,1.62,1.59,1.58,1.11,0.92,1.11,0.70,"",4,5.9,-17,-1.5,-35,-3.1,-35,-3.1,-2476147,-7.9,-208206,-37.2,-3385,-25.9,-117,-5.4
"C1150","5","518210","48","0","2022","4","",8,24,23,21,225515,41809,2274,765,"",0.69,0.17,0.16,0.15,0.06,0.36,1.58,0.38,"",5,166.7,18,300.0,17,283.3,15,250.0,130960,138.5,28961,225.4,1336,142.4,-447,-36.9
"C1154","5","518210","48","0","2022","4","N",6,0,0,0,0,0,0,0,"N",0.22,0,0,0,0,0,0,0,"N",2,50.0,0,0,0,0,0,0,0,0,0,0,0,0,0,0
"C1164","5","518210","48","0","2022","4","N",1,0,0,0,0,0,0,0,"N",0.10,0,0,0,0,0,0,0,"N",1,100.0,0,0,0,0,0,0,0,0,0,0,0,0,0,0
"C1170","5","518210","48","0","2022","4","N",63,0,0,0,0,0,0,0,"N",0.81,0,0,0,0,0,0,0,"N",17,37.0,0,0,0,0,0,0,0,0,0,0,0,0,0,0
"C1202","5","518210","48","0","2022","4","N",6,0,0,0,0,0,0,0,"N",0.23,0,0,0,0,0,0,0,"N",0,0.0,0,0,0,0,0,0,0,0,0,0,0,0,0,0
"C1206","5","518210","48","0","2022","4","",767,18184,18184,18014,655545901,14140298,238383,2782,"",0.84,2.04,2.02,2.00,1.82,1.47,1.92,0.90,"",68,9.7,2121,13.2,2096,13.0,1784,11.0,79721982,13.8,-1021801,-6.7,-30290,-11.3,35,1.3
"C1210","5","518210","48","0","2022","4","N",8,0,0,0,0,0,0,0,"N",0.26,0,0,0,0,0,0,0,"N",0,0.0,0,0,0,0,0,0,0,0,0,0,0,0,0,0
"C1222","5","518210","48","0","2022","4","",38,141,141,143,3261494,84711,1611,1771,"",2.22,0.71,0.70,0.72,0.59,0.49,0.70,0.84,"",16,72.7,19,15.6,19,15.6,21,17.2,827652,34.0,42679,101.5,710,78.8,236,15.4
"C1226","5","518210","48","0","2022","4","",19,128,146,141,2236216,297969,6100,1243,"",0.32,0.18,0.20,0.19,0.10,0.41,0.75,0.52,"",0,0.0,68,113.3,82,128.1,74,110.4,799103,55.6,59674,25.0,2919,91.8,-493,-28.4
"C1242","5","518210","48","0","2022","4","",579,11581,11794,11695,537310496,8546770,142551,3536,"",1.80,2.98,3.02,2.99,3.02,2.24,2.13,1.01,"",87,17.7,1877,19.3,2018,20.6,1796,18.1,72866649,15.7,-3131430,-26.8,-104868,-42.4,-112,-3.1
"C1254","5","518210","48","0","2022","4","N",9,0,0,0,0,0,0,0,"N",0.09,0,0,0,0,0,0,0,"N",2,28.6,0,0,0,0,0,0,0,0,0,0,0,0,0,0
"C1258","5","518210","48","0","2022","4","",299,1270,1290,1303,55723103,1360594,31806,3329,"",0.92,0.31,0.31,0.32,0.33,0.45,0.45,1.07,"N",112,59.9,0,0,0,0,0,0,0,0,0,0,0,0,0,0
"C1262","5","518210","48","0","2022","4","",9,7,7,6,120869,9004,202,1395,"",0.43,0.03,0.03,0.03,0.02,0.04,0.05,0.61,"N",3,50.0,0,0,0,0,0,0,0,0,0,0,0,0,0,0
"C1270","5","518210","48","0","2022","4","",15,134,129,129,2710060,143116,3384,1595,"",0.35,0.44,0.45,0.46,0.27,0.27,0.34,0.59,"",3,25.0,6,4.7,4,3.2,4,3.2,291417,12.0,-117290,-45.0,-4786,-58.6,118,8.0
"C1294","5","518210","48","0","2022","4","",134,1178,1165,1154,25896423,6573151,107566,1709,"",1.12,0.95,0.94,0.93,0.61,6.07,6.23,0.65,"",32,31.4,93,8.6,67,6.1,69,6.4,2517989,10.8,5871058,836.2,96180,844.7,58,3.5
"C1298","5","518210","48","0","2022","4","N",1,0,0,0,0,0,0,0,"N",0.09,0,0,0,0,0,0,0,"N",0,0.0,0,0,0,0,0,0,0,0,0,0,0,0,0,0
"C1302","5","518210","48","0","2022","4","N",2,0,0,0,0,0,0,0,"N",0.21,0,0,0,0,0,0,0,"N",0,0.0,0,0,0,0,0,0,0,0,0,0,0,0,0,0
"C1314","5","518210","48","0","2022","4","",8,33,35,39,692406,25915,530,1493,"",0.22,0.07,0.07,0.08,0.04,0.05,0.04,0.56,"",2,33.3,8,32.0,11,45.8,14,56.0,190939,38.1,4676,22.0,58,12.3,-71,-4.5
"C1322","5","518210","48","0","2022","4","N",7,0,0,0,0,0,0,0,"N",0.50,0,0,0,0,0,0,0,"N",3,75.0,0,0,0,0,0,0,0,0,0,0,0,0,0,0
"C1338","5","518210","48","0","2022","4","",20,145,120,118,3847953,1187790,6780,2319,"",0.63,0.49,0.41,0.40,0.39,0.69,0.29,0.91,"",0,0.0,-54,-27.1,-73,-37.8,-73,-38.2,-227358,-5.6,-812838,-40.6,-3508,-34.1,706,43.8
"C1346","5","518210","48","0","2022","4","",32,49,50,51,1744308,319235,7497,2684,"",0.64,0.17,0.18,0.18,0.18,0.22,0.27,1.02,"",6,23.1,0,0.0,0,0.0,2,4.1,583964,50.3,-9117,-2.8,-904,-10.8,875,48.4
"C1374","5","518210","48","0","2022","4","N",14,0,0,0,0,0,0,0,"N",0.41,0,0,0,0,0,0,0,"N",4,40.0,0,0,0,0,0,0,0,0,0,0,0,0,0,0
"C1378","5","518210","48","0","2022","4","",9,285,270,271,2430521,514506,19969,679,"",0.41,0.95,0.90,0.91,0.26,2.18,2.87,0.28,"N",1,12.5,0,0,0,0,0,0,0,0,0,0,0,0,0,0
"C1382","5","518210","48","0","2022","4","",194,512,512,513,12670457,310403,5974,1902,"",1.34,0.32,0.32,0.32,0.22,0.23,0.34,0.69,"",68,54.0,32,6.7,43,9.2,29,6.0,872973,7.4,-8637,-2.7,-691,-10.4,2,0.1
"C1390","5","518210","48","0","2022","4","N",27,0,0,0,0,0,0,0,"N",1.16,0,0,0,0,0,0,0,"N",18,200.0,0,0,0,0,0,0,0,0,0,0,0,0,0,0
"C1398","5","518210","48","0","2022","4","",12,21,21,21,528132,6926,108,1935,"",0.55,0.09,0.09,0.09,0.08,0.05,0.07,0.86,"N",4,50.0,0,0,0,0,0,0,0,0,0,0,0,0,0,0
"C1401","5","518210","48","0","2022","4","N",6,0,0,0,0,0,0,0,"N",0.39,0,0,0,0,0,0,0,"N",0,0.0,0,0,0,0,0,0,0,0,0,0,0,0,0,0
"C1402","5","518210","48","0","2022","4","N",7,0,0,0,0,0,0,0,"N",0.45,0,0,0,0,0,0,0,"N",2,40.0,0,0,0,0,0,0,0,0,0,0,0,0,0,0
"C1410","5","518210","48","0","2022","4","N",2,0,0,0,0,0,0,0,"N",0.23,0,0,0,0,0,0,0,"N",1,100.0,0,0,0,0,0,0,0,0,0,0,0,0,0,0
"C1426","5","518210","48","0","2022","4","",142,375,449,447,15435494,2899922,20447,2803,"",1.03,0.32,0.38,0.38,0.37,0.51,0.59,1.04,"N",51,56.0,0,0,0,0,0,0,0,0,0,0,0,0,0,0
"C1446","5","518210","48","0","2022","4","N",813,0,0,0,0,0,0,0,"N",1.03,0,0,0,0,0,0,0,"N",136,20.1,0,0,0,0,0,0,0,0,0,0,0,0,0,0
"C1450","5","518210","48","0","2022","4","",217,1502,1490,1477,53750933,1966341,45527,2776,"",2.64,2.43,2.41,2.39,1.79,2.06,3.07,0.74,"",15,7.4,73,5.1,58,4.1,16,1.1,1929846,3.7,-516704,-20.8,-10217,-18.3,9,0.3
"C1454","5","518210","48","0","2022","4","N",12,0,0,0,0,0,0,0,"N",0.51,0,0,0,0,0,0,0,"N",3,33.3,0,0,0,0,0,0,0,0,0,0,0,0,0,0
"C1474","5","518210","48","0","2022","4","",18,181,180,182,10788143,1285188,8526,4585,"",0.62,0.62,0.61,0.62,1.05,0.97,0.56,1.70,"",0,0.0,82,82.8,76,73.1,75,70.1,6497143,151.4,56249,4.6,3758,78.8,1391,43.6
"C1486","5","518210","48","0","2022","4","",487,1340,1314,1306,60224340,2057595,60220,3510,"",2.73,1.02,1.00,0.99,0.80,1.31,1.33,0.79,"",67,16.0,303,29.2,259,24.5,243,22.9,5669887,10.4,337799,19.6,8496,16.4,-480,-12.0
"C1518","5","518210","48","0","2022","4","",6,8,8,10,126549,12038,593,1123,"",0.20,0.02,0.02,0.02,0.01,0.03,0.09,0.62,"",2,50.0,0,0.0,-1,-11.1,2,25.0,5609,4.6,-5852,-32.7,136,29.8,7,0.6
"C1526","5","518210","48","0","2022","4","N",2,0,0,0,0,0,0,0,"N",0.13,0,0,0,0,0,0,0,"N",-2,-50.0,0,0,0,0,0,0,0,0,0,0,0,0,0,0
"C1538","5","518210","48","0","2022","4","N",49,0,0,0,0,0,0,0,"N",0.39,0,0,0,0,0,0,0,"N",0,0.0,0,0,0,0,0,0,0,0,0,0,0,0,0,0
"C1550","5","518210","48","0","2022","4","",5,29,29,30,567974,73930,1810,1489,"",0.28,0.14,0.14,0.15,0.10,0.13,0.58,0.69,"N",0,0.0,0,0,0,0,0,0,0,0,0,0,0,0,0,0
"C1554","5","518210","48","0","2022","4","",74,249,251,254,5717990,362268,3029,1750,"",1.62,0.65,0.66,0.67,0.39,0.85,0.39,0.60,"N",19,34.5,0,0,0,0,0,0,0,0,0,0,0,0,0,0
"C1568","5","518210","48","0","2022","4","N",2,0,0,0,0,0,0,0,"N",0.21,0,0,0,0,0,0,0,"N",2,100.0,0,0,0,0,0,0,0,0,0,0,0,0,0,0
"C1594","5","518210","48","0","2022","4","N",31,0,0,0,0,0,0,0,"N",0.74,0,0,0,0,0,0,0,"N",7,29.2,0,0,0,0,0,0,0,0,0,0,0,0,0,0
"C1598","5","518210","48","0","2022","4","",65,316,307,299,5863809,163658,2076,1468,"",0.56,0.36,0.34,0.32,0.20,0.22,0.32,0.58,"",-1,-1.5,4,1.3,2,0.7,-5,-1.6,-174853,-2.9,-66471,-28.9,-1487,-41.7,-45,-3.0
"C1602","5","518210","48","0","2022","4","N",3,0,0,0,0,0,0,0,"N",0.22,0,0,0,0,0,0,0,"N",2,200.0,0,0,0,0,0,0,0,0,0,0,0,0,0,0
"C1606","5","518210","48","0","2022","4","N",2,0,0,0,0,0,0,0,"N",0.19,0,0,0,0,0,0,0,"N",0,0.0,0,0,0,0,0,0,0,0,0,0,0,0,0,0
"C1618","5","518210","48","0","2022","4","N",4,0,0,0,0,0,0,0,"N",0.45,0,0,0,0,0,0,0,"N",0,0.0,0,0,0,0,0,0,0,0,0,0,0,0,0,0
"C1622","5","518210","48","0","2022","4","N",5,0,0,0,0,0,0,0,"N",0.31,0,0,0,0,0,0,0,"N",1,25.0,0,0,0,0,0,0,0,0,0,0,0,0,0,0
"C1630","5","518210","48","0","2022","4","N",53,0,0,0,0,0,0,0,"N",1.38,0,0,0,0,0,0,0,"N",11,26.2,0,0,0,0,0,0,0,0,0,0,0,0,0,0
"C1654","5","518210","48","0","2022","4","",5,13,13,13,282323,3871,237,1671,"",0.35,0.07,0.07,0.07,0.05,0.02,0.05,0.76,"N",0,0.0,0,0,0,0,0,0,0,0,0,0,0,0,0,0
"C1658","5","518210","48","0","2022","4","N",18,0,0,0,0,0,0,0,"N",0.86,0,0,0,0,0,0,0,"N",1,5.9,0,0,0,0,0,0,0,0,0,0,0,0,0,0
"C1662","5","518210","48","0","2022","4","",8,266,266,264,3822339,366268,8724,1108,"",0.29,0.84,0.84,0.83,0.38,1.70,1.73,0.46,"",-1,-11.1,33,14.2,29,12.2,32,13.8,-144428,-3.6,91078,33.1,133,1.5,-196,-15.0
"C1670","5","518210","48","0","2022","4","N",195,0,0,0,0,0,0,0,"N",1.65,0,0,0,0,0,0,0,"N",61,45.5,0,0,0,0,0,0,0,0,0,0,0,0,0,0
"C1674","5","518210","48","0","2022","4","",338,3661,3722,3680,134950804,9138837,81760,2815,"",0.87,0.89,0.90,0.89,0.86,0.86,1.17,0.96,"",60,21.6,368,11.2,409,12.3,371,11.2,25337791,23.1,266118,3.0,4022,5.2,264,10.3
"C1682","5","518210","48","0","2022","4","",24,73,72,64,2557065,32008,620,2823,"",0.56,0.20,0.20,0.18,0.19,0.14,0.25,1.00,"",10,71.4,10,15.9,9,14.3,5,8.5,448110,21.2,-3940,-11.0,-217,-25.9,192,7.3
"C1686","5","518210","48","0","2022","4","",83,796,809,801,30109920,531943,6091,2888,"",1.25,0.97,0.98,0.96,1.06,0.77,0.91,1.09,"",17,25.8,292,57.9,292,56.5,276,52.6,10516312,53.7,-21938,-4.0,-1945,-24.2,-37,-1.3
"C1694","5","518210","48","0","2022","4","",41,97,95,99,2670624,279415,4808,2118,"",2.11,0.66,0.64,0.67,0.58,0.82,1.84,0.88,"",9,28.1,-11,-10.2,-7,-6.9,6,6.5,-236802,-8.1,-17142,-5.8,-717,-13.0,-96,-4.3
"C1698","5","518210","48","0","2022","4","",567,11168,11067,11034,432600816,6866796,162377,3001,"",0.52,0.79,0.78,0.78,0.72,0.43,0.44,0.92,"",43,8.2,611,5.8,440,4.1,343,3.2,-5194058,-1.2,-5496066,-44.5,-62814,-27.9,-169,-5.3
"C1702","5","518210","48","0","2022","4","N",3,0,0,0,0,0,0,0,"N",0.08,0,0,0,0,0,0,0,"N",-1,-25.0,0,0,0,0,0,0,0,0,0,0,0,0,0,0
"C1714","5","518210","48","0","2022","4","",322,1688,1679,1680,51134829,1219973,27997,2338,"",1.18,0.49,0.49,0.49,0.42,0.38,0.43,0.85,"",83,34.7,218,14.8,228,15.7,200,13.5,8969641,21.3,22462,1.9,-4510,-13.9,127,5.7
"C1730","5","518210","48","0","2022","4","",32,40,38,40,862576,33483,869,1687,"",1.13,0.13,0.12,0.13,0.10,0.12,0.22,0.81,"",11,52.4,19,90.5,17,81.0,18,81.8,268523,45.2,14853,79.7,421,94.0,-455,-21.2
"C1742","5","518210","48","0","2022","4","",8,9,9,9,189542,1101,14,1620,"",0.73,0.06,0.06,0.06,0.05,0.01,0.01,0.75,"",2,33.3,3,50.0,2,28.6,2,28.6,53763,39.6,-7486,-87.2,-177,-92.7,53,3.4
"C1746","5","518210","48","0","2022","4","",296,3160,3157,3138,74599483,1084753,31414,1821,"",1.14,1.00,1.00,0.99,0.66,0.44,0.56,0.66,"N",62,26.5,0,0,0,0,0,0,0,0,0,0,0,0,0,0
"C1766","5","518210","48","0","2022","4","",21,37,38,39,1588483,111811,1014,3216,"",0.65,0.17,0.18,0.18,0.25,0.11,0.15,1.44,"N",2,10.5,0,0,0,0,0,0,0,0,0,0,0,0,0,0
"C1778","5","518210","48","0","2022","4","",17,149,155,154,2917445,76886,1229,1470,"",0.67,0.36,0.37,0.37,0.24,0.25,0.24,0.67,"",3,21.4,40,36.7,45,40.9,37,31.6,1131422,63.3,-48326,-38.6,-845,-40.7,243,19.8
"C1782","5","518210","48","0","2022","4","N",144,0,0,0,0,0,0,0,"N",1.26,0,0,0,0,0,0,0,"N",17,13.4,0,0,0,0,0,0,0,0,0,0,0,0,0,0
"C1786","5","518210","48","0","2022","4","",13,6,7,7,142140,18555,441,1640,"",0.60,0.02,0.02,0.02,0.02,0.07,0.13,0.72,"",5,62.5,3,100.0,4,133.3,4,133.3,84639,147.2,16908,1026.6,415,1596.2,166,11.3
"C1790","5","518210","48","0","2022","4","",121,495,499,510,10605906,829378,6873,1627,"",1.27,0.41,0.41,0.42,0.28,0.53,0.45,0.68,"",30,33.0,24,5.1,32,6.9,35,7.4,2262046,27.1,76236,10.1,-1257,-15.5,264,19.4
"C1798","5","518210","48","0","2022","4","N",17,0,0,0,0,0,0,0,"N",0.53,0,0,0,0,0,0,0,"N",4,30.8,0,0,0,0,0,0,0,0,0,0,0,0,0,0
"C1802","5","518210","48","0","2022","4","N",3,0,0,0,0,0,0,0,"N",0.34,0,0,0,0,0,0,0,"N",2,200.0,0,0,0,0,0,0,0,0,0,0,0,0,0,0
"C1814","5","518210","48","0","2022","4","",361,2794,2770,2741,74717047,1783042,42695,2076,"",1.45,0.83,0.81,0.81,0.61,0.58,0.66,0.74,"",81,28.9,59,2.2,18,0.7,-16,-0.6,849310,1.1,-159916,-8.2,-12008,-22.0,8,0.4
"C1858","5","518210","48","0","2022","4","",7,44,43,41,719722,29355,682,1298,"",0.16,0.07,0.07,0.07,0.04,0.05,0.06,0.54,"N",1,16.7,0,0,0,0,0,0,0,0,0,0,0,0,0,0
"C1870","5","518210","48","0","2022","4","",12,25,21,21,608421,60076,711,2096,"",0.88,0.21,0.17,0.17,0.14,0.15,0.10,0.75,"",2,20.0,-1,-3.8,-4,-16.0,-4,-16.0,-12194,-2.0,-7639,-11.3,-928,-56.6,212,11.3
"C1888","5","518210","48","0","2022","4","",32,213,225,225,6059970,162742,1504,2109,"",0.67,0.55,0.58,0.58,0.49,0.58,0.68,0.86,"",3,10.3,4,1.9,7,3.2,0,0.0,1243254,25.8,-114600,-41.3,-224,-13.0,404,23.7
"C1906","5","518210","48","0","2022","4","N",5,0,0,0,0,0,0,0,"N",0.56,0,0,0,0,0,0,0,"N",1,25.0,0,0,0,0,0,0,0,0,0,0,0,0,0,0
"C1910","5","518210","48","0","2022","4","",788,15731,15844,15828,494030760,11882477,325243,2405,"",0.87,1.26,1.26,1.26,0.95,0.94,1.46,0.75,"",85,12.1,1194,8.2,1242,8.5,1173,8.0,49273055,11.1,-1391757,-10.5,-118106,-26.6,61,2.6
"C1918","5","518210","48","0","2022","4","N",1,0,0,0,0,0,0,0,"N",0.18,0,0,0,0,0,0,0,"N",0,0.0,0,0,0,0,0,0,0,0,0,0,0,0,0,0
"C1930","5","518210","48","0","2022","4","",46,119,115,113,1764515,185637,2800,1173,"",1.36,0.47,0.45,0.44,0.26,0.79,0.95,0.57,"",20,76.9,30,33.7,29,33.7,24,27.0,-9145,-0.5,41354,28.7,-510,-15.4,-377,-24.3
"C1934","5","518210","48","0","2022","4","",21,29,29,29,812212,22719,363,2154,"",0.48,0.05,0.05,0.05,0.04,0.02,0.02,0.76,"",5,31.2,2,7.4,-1,-3.3,-2,-6.5,-1866,-0.2,-88059,-79.5,-993,-73.2,19,0.9
"C1938","5","518210","48","0","2022","4","",68,371,368,369,8696974,176372,4976,1811,"",0.82,0.32,0.32,0.32,0.23,0.20,0.27,0.72,"",14,25.9,86,30.2,85,30.0,86,30.4,2293658,35.8,12454,7.6,-2373,-32.3,75,4.3
"C1946","5","518210","48","0","2022","4","N",11,0,0,0,0,0,0,0,"N",0.70,0,0,0,0,0,0,0,"N",0,0.0,0,0,0,0,0,0,0,0,0,0,0,0,0,0
"C1950","5","518210","48","0","2022","4","N",1,0,0,0,0,0,0,0,"N",0.12,0,0,0,0,0,0,0,"N",0,0.0,0,0,0,0,0,0,0,0,0,0,0,0,0,0
"C1966","5","518210","48","0","2022","4","",42,242,221,227,4489494,149943,2126,1502,"",0.50,0.36,0.33,0.34,0.24,0.32,0.50,0.71,"N",8,23.5,0,0,0,0,0,0,0,0,0,0,0,0,0,0
"C1974","5","518210","48","0","2022","4","",1143,13472,13568,13423,496081105,18406531,362518,2829,"",2.03,2.68,2.69,2.66,2.15,2.01,2.53,0.80,"",84,7.9,644,5.0,623,4.8,406,3.1,10134331,2.1,782588,4.4,-42318,-10.5,-62,-2.1
"C1978","5","518210","48","0","2022","4","",160,1421,1417,1424,36274719,3630607,48022,1964,"",1.47,1.18,1.17,1.18,0.80,1.03,1.09,0.68,"",31,24.0,103,7.8,105,8.0,122,9.4,-1955066,-5.1,-342138,-8.6,5111,11.9,-280,-12.5
"C1982","5","518210","48","0","2022","4","",381,3375,3373,3438,91419504,2344466,70542,2071,"",0.78,0.56,0.56,0.57,0.38,0.44,0.46,0.68,"N",31,8.9,0,0,0,0,0,0,0,0,0,0,0,0,0,0
"C2002","5","518210","48","0","2022","4","N",10,0,0,0,0,0,0,0,"N",0.54,0,0,0,0,0,0,0,"N",6,150.0,0,0,0,0,0,0,0,0,0,0,0,0,0,0
"C2010","5","518210","48","0","2022","4","",23,20,20,20,734279,19786,237,2824,"",1.04,0.09,0.09,0.09,0.11,0.08,0.05,1.19,"N",6,35.3,0,0,0,0,0,0,0,0,0,0,0,0,0,0
"C2022","5","518210","48","0","2022","4","",13,166,165,166,4130969,224109,1705,1918,"",0.84,0.90,0.89,0.89,0.67,0.45,0.26,0.75,"N",7,116.7,0,0,0,0,0,0,0,0,0,0,0,0,0,0
"C2026","5","518210","48","0","2022","4","N",9,0,0,0,0,0,0,0,"N",0.28,0,0,0,0,0,0,0,"N",0,0.0,0,0,0,0,0,0,0,0,0,0,0,0,0,0
"C2050","5","518210","48","0","2022","4","",112,864,866,862,43597549,1427609,13064,3882,"",1.40,0.82,0.81,0.81,0.93,0.69,1.03,1.13,"",20,21.7,59,7.3,51,6.3,51,6.3,1223630,2.9,-406338,-22.2,-2618,-16.7,-140,-3.5
"C2070","5","518210","48","0","2022","4","",6,10,12,14,304069,14609,572,1949,"",0.39,0.06,0.07,0.08,0.06,0.09,0.12,0.91,"N",5,500.0,0,0,0,0,0,0,0,0,0,0,0,0,0,0
"C2074","5","518210","48","0","2022","4","N",2,0,0,0,0,0,0,0,"N",0.10,0,0,0,0,0,0,0,"N",-1,-33.3,0,0,0,0,0,0,0,0,0,0,0,0,0,0
"C2094","5","518210","48","0","2022","4","N",2,0,0,0,0,0,0,0,"N",0.05,0,0,0,0,0,0,0,"N",2,100.0,0,0,0,0,0,0,0,0,0,0,0,0,0,0
"C2106","5","518210","48","0","2022","4","",15,140,137,136,3376253,80311,1680,1887,"",0.85,0.83,0.81,0.80,0.71,0.46,0.59,0.87,"",2,15.4,53,60.9,52,61.2,51,60.0,1368558,68.2,52963,193.7,1151,217.6,84,4.7
"C2114","5","518210","48","0","2022","4","",6,17,17,17,647003,450,12,2928,"",0.28,0.04,0.04,0.04,0.05,0.00,0.00,1.21,"N",4,200.0,0,0,0,0,0,0,0,0,0,0,0,0,0,0
"C2134","5","518210","48","0","2022","4","",36,1079,1067,1105,15014810,1467099,41044,1066,"",0.50,1.05,1.03,1.07,0.55,1.58,2.80,0.53,"",12,50.0,44,4.3,17,1.6,71,6.9,807012,5.7,335170,29.6,10310,33.5,15,1.4
"C2150","5","518210","48","0","2022","4","N",6,0,0,0,0,0,0,0,"N",0.21,0,0,0,0,0,0,0,"N",1,20.0,0,0,0,0,0,0,0,0,0,0,0,0,0,0
"C2166","5","518210","48","0","2022","4","N",29,0,0,0,0,0,0,0,"N",0.48,0,0,0,0,0,0,0,"N",6,26.1,0,0,0,0,0,0,0,0,0,0,0,0,0,0
"C2178","5","518210","48","0","2022","4","N",7,0,0,0,0,0,0,0,"N",0.20,0,0,0,0,0,0,0,"N",1,16.7,0,0,0,0,0,0,0,0,0,0,0,0,0,0
"C2182","5","518210","48","0","2022","4","",6,10,11,10,627658,25416,743,4672,"",0.60,0.09,0.10,0.09,0.16,0.06,0.09,1.73,"",-1,-14.3,2,25.0,3,37.5,0,0.0,156088,33.1,-38417,-60.2,-775,-51.1,486,11.6
"C2202","5","518210","48","0","2022","4","N",95,0,0,0,0,0,0,0,"N",2.17,0,0,0,0,0,0,0,"N",62,187.9,0,0,0,0,0,0,0,0,0,0,0,0,0,0
"C2214","5","518210","48","0","2022","4","N",6,0,0,0,0,0,0,0,"N",0.47,0,0,0,0,0,0,0,"N",3,100.0,0,0,0,0,0,0,0,0,0,0,0,0,0,0
"C2218","5","518210","48","0","2022","4","N",11,0,0,0,0,0,0,0,"N",0.32,0,0,0,0,0,0,0,"N",4,57.1,0,0,0,0,0,0,0,0,0,0,0,0,0,0
"C2222","5","518210","48","0","2022","4","",93,496,486,473,11688982,357243,10565,1854,"",1.44,0.58,0.57,0.56,0.41,0.41,1.34,0.71,"",6,6.9,-5,-1.0,-8,-1.6,-10,-2.1,336925,3.0,-268317,-42.9,-10797,-50.5,82,4.6
"C2238","5","518210","48","0","2022","4","N",7,0,0,0,0,0,0,0,"N",0.42,0,0,0,0,0,0,0,"N",1,16.7,0,0,0,0,0,0,0,0,0,0,0,0,0,0
"C2242","5","518210","48","0","2022","4","N",16,0,0,0,0,0,0,0,"N",0.49,0,0,0,0,0,0,0,"N",0,0.0,0,0,0,0,0,0,0,0,0,0,0,0,0,0
"C2250","5","518210","48","0","2022","4","N",8,0,0,0,0,0,0,0,"N",0.40,0,0,0,0,0,0,0,"N",2,33.3,0,0,0,0,0,0,0,0,0,0,0,0,0,0
"C2252","5","518210","48","0","2022","4","N",8,0,0,0,0,0,0,0,"N",0.49,0,0,0,0,0,0,0,"N",3,60.0,0,0,0,0,0,0,0,0,0,0,0,0,0,0
"C2254","5","518210","48","0","2022","4","N",1,0,0,0,0,0,0,0,"N",0.10,0,0,0,0,0,0,0,"N",0,0.0,0,0,0,0,0,0,0,0,0,0,0,0,0,0
"C2266","5","518210","48","0","2022","4","",88,449,443,436,10272609,407716,7297,1785,"",1.35,0.82,0.81,0.80,0.51,0.46,0.55,0.63,"",7,8.6,-113,-20.1,-118,-21.0,-111,-20.3,-1524661,-12.9,-151355,-27.1,-8029,-52.4,155,9.5
"C2290","5","518210","48","0","2022","4","N",13,0,0,0,0,0,0,0,"N",0.45,0,0,0,0,0,0,0,"N",3,30.0,0,0,0,0,0,0,0,0,0,0,0,0,0,0
"C2306","5","518210","48","0","2022","4","N",20,0,0,0,0,0,0,0,"N",0.41,0,0,0,0,0,0,0,"N",6,42.9,0,0,0,0,0,0,0,0,0,0,0,0,0,0
"C2342","5","518210","48","0","2022","4","N",11,0,0,0,0,0,0,0,"N",0.06,0,0,0,0,0,0,0,"N",0,0.0,0,0,0,0,0,0,0,0,0,0,0,0,0,0
"C2346","5","518210","48","0","2022","4","N",1,0,0,0,0,0,0,0,"N",0.10,0,0,0,0,0,0,0,"N",0,0.0,0,0,0,0,0,0,0,0,0,0,0,0,0,0
"C2354","5","518210","48","0","2022","4","N",22,0,0,0,0,0,0,0,"N",0.62,0,0,0,0,0,0,0,"N",5,29.4,0,0,0,0,0,0,0,0,0,0,0,0,0,0
"C2358","5","518210","48","0","2022","4","",7,33,33,33,765440,14454,131,1784,"",0.28,0.11,0.11,0.11,0.07,0.04,0.04,0.69,"N",2,40.0,0,0,0,0,0,0,0,0,0,0,0,0,0,0
"C2390","5","518210","48","0","2022","4","",5,5,5,6,98092,7638,650,1415,"",0.54,0.05,0.05,0.06,0.03,0.08,0.24,0.64,"N",3,150.0,0,0,0,0,0,0,0,0,0,0,0,0,0,0
"C2402","5","518210","48","0","2022","4","N",3,0,0,0,0,0,0,0,"N",0.19,0,0,0,0,0,0,0,"N",0,0.0,0,0,0,0,0,0,0,0,0,0,0,0,0,0
"C2422","5","518210","48","0","2022","4","",14,14,17,17,301333,78973,717,1449,"",0.92,0.08,0.10,0.11,0.06,0.17,0.19,0.63,"N",6,75.0,0,0,0,0,0,0,0,0,0,0,0,0,0,0
"C2426","5","518210","48","0","2022","4","N",1,0,0,0,0,0,0,0,"N",0.08,0,0,0,0,0,0,0,"N",0,0.0,0,0,0,0,0,0,0,0,0,0,0,0,0,0
"C2430","5","518210","48","0","2022","4","",13,65,75,73,1710884,72123,2113,1854,"",0.54,0.32,0.36,0.36,0.27,0.21,0.35,0.79,"",1,8.3,-1,-1.5,5,7.1,3,4.3,-22172,-1.3,-41222,-36.4,119,6.0,-87,-4.5
"C2434","5","518210","48","0","2022","4","",84,832,823,816,27222497,551034,16142,2542,"",0.73,0.46,0.45,0.45,0.45,0.32,0.42,1.00,"",2,2.4,-12,-1.4,-18,-2.1,-25,-3.0,7684624,39.3,-163180,-22.8,-4812,-23.0,757,42.4
"C2442","5","518210","48","0","2022","4","",5,13,13,15,392158,83542,1622,2207,"",0.40,0.13,0.14,0.16,0.16,0.18,0.18,1.14,"N",-1,-16.7,0,0,0,0,0,0,0,0,0,0,0,0,0,0
"C2450","5","518210","48","0","2022","4","",7,16,16,17,320251,44111,300,1508,"",0.54,0.14,0.14,0.15,0.09,0.09,0.06,0.66,"N",4,133.3,0,0,0,0,0,0,0,0,0,0,0,0,0,0
"C2454","5","518210","48","0","2022","4","N",41,0,0,0,0,0,0,0,"N",1.02,0,0,0,0,0,0,0,"N",3,7.9,0,0,0,0,0,0,0,0,0,0,0,0,0,0
"C2458","5","518210","48","0","2022","4","N",10,0,0,0,0,0,0,0,"N",0.28,0,0,0,0,0,0,0,"N",-1,-9.1,0,0,0,0,0,0,0,0,0,0,0,0,0,0
"C2466","5","518210","48","0","2022","4","",41,461,457,450,13254177,627491,3441,2236,"",0.45,0.41,0.40,0.40,0.38,0.22,0.20,0.95,"",10,32.3,-19,-4.0,-21,-4.4,95,26.8,129380,1.0,-487603,-43.7,-4120,-54.5,-71,-3.1
"C2478","5","518210","48","0","2022","4","N",8,0,0,0,0,0,0,0,"N",0.43,0,0,0,0,0,0,0,"N",2,33.3,0,0,0,0,0,0,0,0,0,0,0,0,0,0
"C2486","5","518210","48","0","2022","4","N",131,0,0,0,0,0,0,0,"N",1.17,0,0,0,0,0,0,0,"N",29,28.4,0,0,0,0,0,0,0,0,0,0,0,0,0,0
"C2506","5","518210","48","0","2022","4","N",6,0,0,0,0,0,0,0,"N",0.17,0,0,0,0,0,0,0,"N",-1,-14.3,0,0,0,0,0,0,0,0,0,0,0,0,0,0
"C2518","5","518210","48","0","2022","4","N",15,0,0,0,0,0,0,0,"N",0.57,0,0,0,0,0,0,0,"N",3,25.0,0,0,0,0,0,0,0,0,0,0,0,0,0,0
"C2522","5","518210","48","0","2022","4","N",6,0,0,0,0,0,0,0,"N",0.40,0,0,0,0,0,0,0,"N",1,20.0,0,0,0,0,0,0,0,0,0,0,0,0,0,0
"C2526","5","518210","48","0","2022","4","N",2,0,0,0,0,0,0,0,"N",0.10,0,0,0,0,0,0,0,"N",0,0.0,0,0,0,0,0,0,0,0,0,0,0,0,0,0
"C2542","5","518210","48","0","2022","4","N",36,0,0,0,0,0,0,0,"N",0.55,0,0,0,0,0,0,0,"N",2,5.9,0,0,0,0,0,0,0,0,0,0,0,0,0,0
"C2550","5","518210","48","0","2022","4","N",4,0,0,0,0,0,0,0,"N",0.23,0,0,0,0,0,0,0,"N",1,33.3,0,0,0,0,0,0,0,0,0,0,0,0,0,0
"C2554","5","518210","48","0","2022","4","N",261,0,0,0,0,0,0,0,"N",1.46,0,0,0,0,0,0,0,"N",17,7.0,0,0,0,0,0,0,0,0,0,0,0,0,0,0
"C2562","5","518210","48","0","2022","4","N",1,0,0,0,0,0,0,0,"N",0.07,0,0,0,0,0,0,0,"N",0,0.0,0,0,0,0,0,0,0,0,0,0,0,0,0,0
"C2586","5","518210","48","0","2022","4","N",15,0,0,0,0,0,0,0,"N",0.39,0,0,0,0,0,0,0,"N",-1,-6.2,0,0,0,0,0,0,0,0,0,0,0,0,0,0
"C2594","5","518210","48","0","2022","4","N",26,0,0,0,0,0,0,0,"N",0.76,0,0,0,0,0,0,0,"N",6,30.0,0,0,0,0,0,0,0,0,0,0,0,0,0,0
"C2598","5","518210","48","0","2022","4","N",1,0,0,0,0,0,0,0,"N",0.19,0,0,0,0,0,0,0,"N",0,0.0,0,0,0,0,0,0,0,0,0,0,0,0,0,0
"C2614","5","518210","48","0","2022","4","N",3,0,0,0,0,0,0,0,"N",0.20,0,0,0,0,0,0,0,"N",-1,-25.0,0,0,0,0,0,0,0,0,0,0,0,0,0,0
"C2630","5","518210","48","0","2022","4","N",4,0,0,0,0,0,0,0,"N",0.29,0,0,0,0,0,0,0,"N",-2,-33.3,0,0,0,0,0,0,0,0,0,0,0,0,0,0
"C2638","5","518210","48","0","2022","4","",11,39,38,36,511568,49209,1088,1045,"",0.48,0.15,0.15,0.14,0.06,0.26,0.48,0.40,"N",2,22.2,0,0,0,0,0,0,0,0,0,0,0,0,0,0
"C2642","5","518210","48","0","2022","4","N",429,0,0,0,0,0,0,0,"N",0.57,0,0,0,0,0,0,0,"N",41,10.6,0,0,0,0,0,0,0,0,0,0,0,0,0,0
"C2658","5","518210","48","0","2022","4","N",19,0,0,0,0,0,0,0,"N",0.51,0,0,0,0,0,0,0,"N",5,35.7,0,0,0,0,0,0,0,0,0,0,0,0,0,0
"C2662","5","518210","48","0","2022","4","",98,263,263,267,9317217,215422,4000,2711,"",1.63,0.33,0.33,0.33,0.30,0.35,0.52,0.90,"N",38,63.3,0,0,0,0,0,0,0,0,0,0,0,0,0,0
"C2682","5","518210","48","0","2022","4","N",14,0,0,0,0,0,0,0,"N",0.53,0,0,0,0,0,0,0,"N",5,55.6,0,0,0,0,0,0,0,0,0,0,0,0,0,0
"C2690","5","518210","48","0","2022","4","",182,1813,1794,1822,40595525,1007531,20403,1726,"",0.75,0.53,0.52,0.53,0.34,0.29,0.45,0.64,"",42,30.0,141,8.4,81,4.7,85,4.9,4294374,11.8,-110396,-9.9,2163,11.9,90,5.5
"C2698","5","518210","48","0","2022","4","N",39,0,0,0,0,0,0,0,"N",1.56,0,0,0,0,0,0,0,"N",7,21.9,0,0,0,0,0,0,0,0,0,0,0,0,0,0
"C2706","5","518210","48","0","2022","4","",7,23,14,22,772595,12922,519,3022,"",0.60,0.15,0.09,0.15,0.14,0.13,0.20,1.09,"",4,133.3,13,130.0,4,40.0,12,120.0,567258,276.3,-26684,-67.4,-1081,-67.6,1442,91.3
"C2710","5","518210","48","0","2022","4","N",1,0,0,0,0,0,0,0,"N",0.07,0,0,0,0,0,0,0,"N",0,0.0,0,0,0,0,0,0,0,0,0,0,0,0,0,0
"C2714","5","518210","48","0","2022","4","N",14,0,0,0,0,0,0,0,"N",0.22,0,0,0,0,0,0,0,"N",0,0.0,0,0,0,0,0,0,0,0,0,0,0,0,0,0
"C2718","5","518210","48","0","2022","4","N",8,0,0,0,0,0,0,0,"N",0.56,0,0,0,0,0,0,0,"N",1,14.3,0,0,0,0,0,0,0,0,0,0,0,0,0,0
"C2726","5","518210","48","0","2022","4","N",185,0,0,0,0,0,0,0,"N",0.81,0,0,0,0,0,0,0,"N",20,12.1,0,0,0,0,0,0,0,0,0,0,0,0,0,0
"C2734","5","518210","48","0","2022","4","",9,34,33,32,638602,111038,1114,1489,"",0.52,0.20,0.20,0.19,0.16,0.27,0.47,0.80,"",5,125.0,6,21.4,6,22.2,5,18.5,57596,9.9,72517,188.3,768,222.0,-146,-8.9
"C2750","5","518210","48","0","2022","4","",7,397,398,386,5474413,464429,1190,1070,"",0.45,1.87,1.87,1.82,0.85,1.89,0.39,0.46,"",-1,-12.5,18,4.7,17,4.5,5,1.3,463968,9.3,70374,17.9,-5830,-83.0,57,5.6
"C2762","5","518210","48","0","2022","4","",11,430,433,445,5302379,329534,4048,935,"",0.65,1.77,1.78,1.83,0.78,1.61,1.58,0.43,"",2,22.2,16,3.9,-5,-1.1,7,1.6,-517935,-8.9,-136181,-29.2,-1624,-28.6,-106,-10.2
"C2774","5","518210","48","0","2022","4","N",17,0,0,0,0,0,0,0,"N",0.83,0,0,0,0,0,0,0,"N",3,21.4,0,0,0,0,0,0,0,0,0,0,0,0,0,0
"C2778","5","518210","48","0","2022","4","N",2,0,0,0,0,0,0,0,"N",0.14,0,0,0,0,0,0,0,"N",2,100.0,0,0,0,0,0,0,0,0,0,0,0,0,0,0
"C2786","5","518210","48","0","2022","4","N",4,0,0,0,0,0,0,0,"N",0.28,0,0,0,0,0,0,0,"N",0,0.0,0,0,0,0,0,0,0,0,0,0,0,0,0,0
"C2790","5","518210","48","0","2022","4","N",1,0,0,0,0,0,0,0,"N",0.05,0,0,0,0,0,0,0,"N",0,0.0,0,0,0,0,0,0,0,0,0,0,0,0,0,0
"C2798","5","518210","48","0","2022","4","",62,81,74,88,2778771,508119,13080,2639,"",1.96,0.34,0.31,0.36,0.36,0.38,0.81,1.07,"",4,6.9,27,50.0,18,32.1,19,27.5,-2168090,-43.8,-157743,-23.7,-6855,-34.4,-3739,-58.6
"C2802","5","518210","48","0","2022","4","",14,74,75,76,3981176,69361,1731,4083,"",0.42,0.17,0.17,0.17,0.27,0.18,0.19,1.58,"N",1,7.7,0,0,0,0,0,0,0,0,0,0,0,0,0,0
"C2810","5","518210","48","0","2022","4","N",1,0,0,0,0,0,0,0,"N",0.11,0,0,0,0,0,0,0,"N",0,0.0,0,0,0,0,0,0,0,0,0,0,0,0,0,0
"C2814","5","518210","48","0","2022","4","",465,4512,4549,4535,106432513,6965436,94572,1807,"",1.48,1.33,1.34,1.33,0.86,1.07,1.39,0.65,"",129,38.4,624,16.0,703,18.3,758,20.1,-2992219,-2.7,1669402,31.5,-29528,-23.8,-387,-17.6
"C2842","5","518210","48","0","2022","4","N",12,0,0,0,0,0,0,0,"N",0.37,0,0,0,0,0,0,0,"N",0,0.0,0,0,0,0,0,0,0,0,0,0,0,0,0,0
"C2866","5","518210","48","0","2022","4","N",17,0,0,0,0,0,0,0,"N",0.50,0,0,0,0,0,0,0,"N",1,6.2,0,0,0,0,0,0,0,0,0,0,0,0,0,0
"C2870","5","518210","48","0","2022","4","",17,136,134,133,1953775,71028,411,1119,"",0.53,0.37,0.36,0.36,0.18,0.24,0.15,0.50,"",7,70.0,33,32.0,30,28.8,28,26.7,177144,10.0,31085,77.8,346,532.3,-195,-14.8
"C2874","5","518210","48","0","2022","4","",10,91,93,94,1477329,71384,2322,1226,"",0.41,0.49,0.51,0.52,0.25,0.41,0.46,0.49,"",2,25.0,0,0.0,4,4.5,5,5.6,726315,96.7,41291,137.2,1392,149.7,582,90.4
"C2894","5","518210","48","0","2022","4","N",127,0,0,0,0,0,0,0,"N",1.21,0,0,0,0,0,0,0,"N",30,30.9,0,0,0,0,0,0,0,0,0,0,0,0,0,0
"C2902","5","518210","48","0","2022","4","N",2,0,0,0,0,0,0,0,"N",0.26,0,0,0,0,0,0,0,"N",2,100.0,0,0,0,0,0,0,0,0,0,0,0,0,0,0
"C2910","5","518210","48","0","2022","4","N",6,0,0,0,0,0,0,0,"N",0.38,0,0,0,0,0,0,0,"N",0,0.0,0,0,0,0,0,0,0,0,0,0,0,0,0,0
"C2918","5","518210","48","0","2022","4","",52,189,186,187,2836426,46837,592,1165,"",0.71,0.30,0.30,0.30,0.15,0.09,0.09,0.50,"N",9,20.9,0,0,0,0,0,0,0,0,0,0,0,0,0,0
"C2920","5","518210","48","0","2022","4","N",9,0,0,0,0,0,0,0,"N",0.46,0,0,0,0,0,0,0,"N",6,200.0,0,0,0,0,0,0,0,0,0,0,0,0,0,0
"C2934","5","518210","48","0","2022","4","N",13,0,0,0,0,0,0,0,"N",0.51,0,0,0,0,0,0,0,"N",0,0.0,0,0,0,0,0,0,0,0,0,0,0,0,0,0
"C2942","5","518210","48","0","2022","4","N",3,0,0,0,0,0,0,0,"N",0.15,0,0,0,0,0,0,0,"N",-1,-25.0,0,0,0,0,0,0,0,0,0,0,0,0,0,0
"C2946","5","518210","48","0","2022","4","",27,117,115,115,2092336,59284,709,1391,"",0.35,0.14,0.14,0.14,0.09,0.09,0.14,0.63,"",0,0.0,16,15.8,12,11.7,12,11.7,-1631,-0.1,-16980,-22.3,374,111.6,-183,-11.6
"C2954","5","518210","48","0","2022","4","",11,91,90,92,2304789,40165,1100,1948,"",0.18,0.12,0.11,0.12,0.09,0.06,0.06,0.79,"",1,10.0,1,1.1,1,1.1,2,2.2,21665,0.9,179,0.4,106,10.7,-11,-0.6
"C2962","5","518210","48","0","2022","4","",39,614,624,621,14038968,261769,8086,1743,"",0.85,0.90,0.92,0.92,0.60,0.54,0.64,0.66,"",4,11.4,-76,-11.0,-59,-8.6,-59,-8.7,-1442944,-9.3,7846,3.1,455,6.0,3,0.2
"C2970","5","518210","48","0","2022","4","N",2,0,0,0,0,0,0,0,"N",0.08,0,0,0,0,0,0,0,"N",-1,-33.3,0,0,0,0,0,0,0,0,0,0,0,0,0,0
"C2974","5","518210","48","0","2022","4","",36,100,98,104,1299267,418975,2334,993,"",1.51,0.41,0.41,0.43,0.21,0.61,0.40,0.51,"",18,100.0,7,7.5,5,5.4,12,13.0,307504,31.0,80436,23.8,615,35.8,170,20.7
"C2982","5","518210","48","0","2022","4","",269,2018,1998,2015,75500059,6557927,133844,2889,"",1.03,0.59,0.58,0.59,0.65,0.45,0.52,1.10,"",18,7.2,269,15.4,253,14.5,257,14.6,13391596,21.6,-2205632,-25.2,-54324,-28.9,160,5.9
"C2994","5","518210","48","0","2022","4","",29,116,112,113,3102798,194395,4373,2100,"",1.93,0.73,0.70,0.72,0.72,0.42,1.17,1.00,"",11,61.1,48,70.6,45,67.2,44,63.8,1414885,83.8,108609,126.6,2542,138.8,191,10.0
"C3002","5","518210","48","0","2022","4","",6,394,395,400,5680749,450689,4145,1103,"",0.52,2.92,2.93,2.97,1.63,1.64,1.72,0.56,"",1,20.0,-94,-19.3,-37,-8.6,-27,-6.3,-181610,-3.1,44684,11.0,550,15.3,99,9.9
"C3014","5","518210","48","0","2022","4","N",4,0,0,0,0,0,0,0,"N",0.32,0,0,0,0,0,0,0,"N",0,0.0,0,0,0,0,0,0,0,0,0,0,0,0,0,0
"C3030","5","518210","48","0","2022","4","",3,32,32,33,944706,375228,1405,2248,"",0.36,0.36,0.36,0.37,0.37,0.91,0.50,1.03,"",-1,-25.0,10,45.5,8,33.3,10,43.5,141285,17.6,150680,67.1,229,19.5,-439,-16.3
"C3034","5","518210","48","0","2022","4","N",9,0,0,0,0,0,0,0,"N",0.63,0,0,0,0,0,0,0,"N",3,50.0,0,0,0,0,0,0,0,0,0,0,0,0,0,0
"C3046","5","518210","48","0","2022","4","",91,706,699,707,18665206,759230,14331,2039,"",1.09,0.80,0.79,0.80,0.65,0.80,0.91,0.81,"N",12,15.2,0,0,0,0,0,0,0,0,0,0,0,0,0,0
"C3062","5","518210","48","0","2022","4","N",7,0,0,0,0,0,0,0,"N",0.64,0,0,0,0,0,0,0,"N",2,40.0,0,0,0,0,0,0,0,0,0,0,0,0,0,0
"C3070","5","518210","48","0","2022","4","",39,311,311,312,6547916,202875,2373,1618,"",0.88,0.55,0.55,0.55,0.37,0.44,0.61,0.67,"",0,0.0,72,30.1,71,29.6,70,28.9,845686,14.8,7440,3.8,230,10.7,-207,-11.3
"C3078","5","518210","48","0","2022","4","",83,1805,1816,1816,43729304,458468,5684,1856,"",0.90,1.65,1.65,1.64,1.26,0.44,0.57,0.76,"",6,7.8,39,2.2,32,1.8,19,1.1,-1328785,-2.9,-271646,-37.2,-3978,-41.2,-89,-4.6
"C3086","5","518210","48","0","2022","4","N",12,0,0,0,0,0,0,0,"N",0.57,0,0,0,0,0,0,0,"N",4,50.0,0,0,0,0,0,0,0,0,0,0,0,0,0,0
"C3098","5","518210","48","0","2022","4","N",4,0,0,0,0,0,0,0,"N",0.16,0,0,0,0,0,0,0,"N",2,100.0,0,0,0,0,0,0,0,0,0,0,0,0,0,0
"C3102","5","518210","48","0","2022","4","N",4,0,0,0,0,0,0,0,"N",0.35,0,0,0,0,0,0,0,"N",-1,-20.0,0,0,0,0,0,0,0,0,0,0,0,0,0,0
"C3108","5","518210","48","0","2022","4","",946,14272,14366,14462,647232694,8281605,274255,3465,"",0.32,0.73,0.73,0.73,0.73,0.58,0.62,1.00,"",148,18.5,1536,12.1,1529,11.9,1465,11.3,70385968,12.2,-1616027,-16.3,-103494,-27.4,14,0.4
"C3114","5","518210","48","0","2022","4","",179,1666,1672,1675,42584046,1127262,25049,1960,"",0.96,0.80,0.79,0.79,0.59,0.47,0.67,0.75,"",36,25.2,142,9.3,148,9.7,144,9.4,3641559,9.4,-621449,-35.5,-15350,-38.0,-3,-0.2
"C3118","5","518210","48","0","2022","4","N",13,0,0,0,0,0,0,0,"N",0.35,0,0,0,0,0,0,0,"N",4,44.4,0,0,0,0,0,0,0,0,0,0,0,0,0,0
"C3134","5","518210","48","0","2022","4","N",20,0,0,0,0,0,0,0,"N",0.51,0,0,0,0,0,0,0,"N",10,100.0,0,0,0,0,0,0,0,0,0,0,0,0,0,0
"C3142","5","518210","48","0","2022","4","N",12,0,0,0,0,0,0,0,"N",0.45,0,0,0,0,0,0,0,"N",5,71.4,0,0,0,0,0,0,0,0,0,0,0,0,0,0
"C3146","5","518210","48","0","2022","4","N",2,0,0,0,0,0,0,0,"N",0.09,0,0,0,0,0,0,0,"N",1,100.0,0,0,0,0,0,0,0,0,0,0,0,0,0,0
"C3154","5","518210","48","0","2022","4","N",50,0,0,0,0,0,0,0,"N",0.57,0,0,0,0,0,0,0,"N",3,6.4,0,0,0,0,0,0,0,0,0,0,0,0,0,0
"C3170","5","518210","48","0","2022","4","",34,388,394,386,14071285,992858,3515,2780,"",0.63,0.61,0.61,0.60,0.51,1.35,0.46,0.83,"",0,0.0,37,10.5,40,11.3,33,9.3,1901642,15.6,664416,202.3,-548,-13.5,126,4.7
"C3174","5","518210","48","0","2022","4","N",10,0,0,0,0,0,0,0,"N",0.89,0,0,0,0,0,0,0,"N",2,25.0,0,0,0,0,0,0,0,0,0,0,0,0,0,0
"C3190","5","518210","48","0","2022","4","N",3,0,0,0,0,0,0,0,"N",0.24,0,0,0,0,0,0,0,"N",1,50.0,0,0,0,0,0,0,0,0,0,0,0,0,0,0
"C3258","5","518210","48","0","2022","4","N",11,0,0,0,0,0,0,0,"N",0.19,0,0,0,0,0,0,0,"N",2,22.2,0,0,0,0,0,0,0,0,0,0,0,0,0,0
"C3278","5","518210","48","0","2022","4","N",15,0,0,0,0,0,0,0,"N",0.41,0,0,0,0,0,0,0,"N",0,0.0,0,0,0,0,0,0,0,0,0,0,0,0,0,0
"C3282","5","518210","48","0","2022","4","",111,486,486,519,13661252,469601,9258,2114,"",0.84,0.24,0.24,0.26,0.19,0.25,0.63,0.78,"",12,12.1,170,53.8,167,52.4,186,55.9,6357971,87.1,70307,17.6,3602,63.7,373,21.4
"C3290","5","518210","48","0","2022","4","N",1,0,0,0,0,0,0,0,"N",0.03,0,0,0,0,0,0,0,"N",0,0.0,0,0,0,0,0,0,0,0,0,0,0,0,0,0
"C3310","5","518210","48","0","2022","4","",866,7741,7842,7806,295026807,4656815,52277,2911,"",0.76,0.90,0.91,0.90,0.86,0.67,0.81,0.95,"",135,18.5,1186,18.1,1260,19.1,1182,17.8,43823131,17.4,485360,11.6,10195,24.2,-23,-0.8
"C3314","5","518210","48","0","2022","4","N",6,0,0,0,0,0,0,0,"N",0.59,0,0,0,0,0,0,0,"N",3,100.0,0,0,0,0,0,0,0,0,0,0,0,0,0,0
"C3322","5","518210","48","0","2022","4","N",6,0,0,0,0,0,0,0,"N",0.36,0,0,0,0,0,0,0,"N",0,0.0,0,0,0,0,0,0,0,0,0,0,0,0,0,0
"C3326","5","518210","48","0","2022","4","N",3,0,0,0,0,0,0,0,"N",0.11,0,0,0,0,0,0,0,"N",0,0.0,0,0,0,0,0,0,0,0,0,0,0,0,0,0
"C3334","5","518210","48","0","2022","4","N",74,0,0,0,0,0,0,0,"N",0.36,0,0,0,0,0,0,0,"N",1,1.4,0,0,0,0,0,0,0,0,0,0,0,0,0,0
"C3346","5","518210","48","0","2022","4","",327,5156,5166,5145,208138070,13078802,63097,3105,"",0.72,0.85,0.85,0.85,0.84,0.72,0.40,0.99,"",48,17.2,381,8.0,362,7.5,326,6.8,39200097,23.2,-598886,-4.4,-41167,-39.5,397,14.7
"C3354","5","518210","48","0","2022","4","",15,27,25,23,622690,129202,2368,1916,"",0.55,0.13,0.12,0.11,0.10,0.13,0.25,0.81,"",3,25.0,-18,-40.0,-18,-41.9,-20,-46.5,-159577,-20.4,-54042,-29.5,874,58.5,538,39.0
"C3366","5","518210","48","0","2022","4","",41,123,126,125,2298844,157984,2335,1418,"",0.83,0.22,0.23,0.23,0.12,0.32,0.29,0.55,"",9,28.1,14,12.8,32,34.0,30,31.6,399916,21.1,-191396,-54.8,-6215,-72.7,-53,-3.6
"C3370","5","518210","48","0","2022","4","N",2,0,0,0,0,0,0,0,"N",0.03,0,0,0,0,0,0,0,"N",-1,-33.3,0,0,0,0,0,0,0,0,0,0,0,0,0,0
"C3374","5","518210","48","0","2022","4","N",18,0,0,0,0,0,0,0,"N",0.76,0,0,0,0,0,0,0,"N",3,20.0,0,0,0,0,0,0,0,0,0,0,0,0,0,0
"C3378","5","518210","48","0","2022","4","N",4,0,0,0,0,0,0,0,"N",0.37,0,0,0,0,0,0,0,"N",0,0.0,0,0,0,0,0,0,0,0,0,0,0,0,0,0
"C3386","5","518210","48","0","2022","4","N",44,0,0,0,0,0,0,0,"N",1.05,0,0,0,0,0,0,0,"N",12,37.5,0,0,0,0,0,0,0,0,0,0,0,0,0,0
"C3406","5","518210","48","0","2022","4","N",14,0,0,0,0,0,0,0,"N",0.83,0,0,0,0,0,0,0,"N",5,55.6,0,0,0,0,0,0,0,0,0,0,0,0,0,0
"C3410","5","518210","48","0","2022","4","N",4,0,0,0,0,0,0,0,"N",0.39,0,0,0,0,0,0,0,"N",1,33.3,0,0,0,0,0,0,0,0,0,0,0,0,0,0
"C3458","5","518210","48","0","2022","4","",3,40,40,41,1256600,180704,1753,2397,"",0.18,0.24,0.24,0.25,0.23,0.20,0.15,0.92,"",-1,-25.0,-5,-11.1,-7,-14.9,-6,-12.8,-392439,-23.8,-73229,-28.8,-3256,-65.0,-341,-12.5
"C3462","5","518210","48","0","2022","4","",5,11,10,10,166370,10124,142,1238,"",0.51,0.08,0.07,0.07,0.04,0.08,0.09,0.60,"",1,25.0,4,57.1,2,25.0,1,11.1,829,0.5,-7260,-41.8,-293,-67.4,-354,-22.2
"C3474","5","518210","48","0","2022","4","N",5,0,0,0,0,0,0,0,"N",0.37,0,0,0,0,0,0,0,"N",1,25.0,0,0,0,0,0,0,0,0,0,0,0,0,0,0
"C3482","5","518210","48","0","2022","4","N",57,0,0,0,0,0,0,0,"N",0.88,0,0,0,0,0,0,0,"N",14,32.6,0,0,0,0,0,0,0,0,0,0,0,0,0,0
"C3490","5","518210","48","0","2022","4","",9,43,42,42,1356091,1689,49,2464,"",0.34,0.17,0.17,0.18,0.14,0.01,0.01,0.83,"",-1,-10.0,-9,-17.3,-11,-20.8,-9,-17.6,-42131,-3.0,-7352,-81.3,-340,-87.4,396,19.1
"C3494","5","518210","48","0","2022","4","",38,75,76,79,2227174,100994,1416,2235,"",0.50,0.15,0.15,0.15,0.12,0.21,0.35,0.80,"",9,31.0,18,31.6,21,38.2,24,43.6,701619,46.0,29321,40.9,1036,272.6,127,6.0
"C3498","5","518210","48","0","2022","4","",499,4270,4299,4371,139163634,2374355,33995,2482,"",1.67,1.26,1.26,1.28,1.03,0.84,1.18,0.81,"",81,19.4,726,20.5,782,22.2,820,23.1,36728964,35.9,186825,8.5,3397,11.1,254,11.4
"C3510","5","518210","48","0","2022","4","N",8,0,0,0,0,0,0,0,"N",0.58,0,0,0,0,0,0,0,"N",0,0.0,0,0,0,0,0,0,0,0,0,0,0,0,0,0
"C3530","5","518210","48","0","2022","4","",201,415,412,407,37639833,392707,13830,7039,"",1.72,0.35,0.35,0.34,0.82,0.29,0.34,2.36,"",13,6.9,-30,-6.7,-37,-8.2,-49,-10.7,1371710,3.8,-350563,-47.2,-6704,-32.6,839,13.5
"C3538","5","518210","48","0","2022","4","",263,1200,1214,1242,25387976,1488205,29831,1603,"",1.31,0.71,0.72,0.73,0.43,1.08,1.71,0.60,"",31,13.4,178,17.4,147,13.8,184,17.4,-11789949,-31.7,-526283,-26.1,-2503,-7.7,-1123,-41.2
"C3562","5","518210","48","0","2022","4","",1544,31526,30985,30982,1355064562,54373294,1145844,3345,"",0.53,1.05,1.03,1.03,0.88,0.98,0.88,0.85,"N",119,8.4,0,0,0,0,0,0,0,0,0,0,0,0,0,0
"C3566","5","518210","48","0","2022","4","N",5,0,0,0,0,0,0,0,"N",0.28,0,0,0,0,0,0,0,"N",1,25.0,0,0,0,0,0,0,0,0,0,0,0,0,0,0
"C3584","5","518210","48","0","2022","4","",87,406,405,405,11910430,322121,7048,2260,"",0.61,0.40,0.40,0.39,0.35,0.37,1.01,0.88,"N",13,17.6,0,0,0,0,0,0,0,0,0,0,0,0,0,0
"C3598","5","518210","48","0","2022","4","",38,54,51,48,1528138,54760,1519,2305,"",1.07,0.15,0.14,0.13,0.11,0.14,0.14,0.81,"",-1,-2.6,14,35.0,6,13.3,6,14.3,60670,4.1,-31611,-36.6,-831,-35.4,-362,-13.6
"C3610","5","518210","48","0","2022","4","",18,60,66,66,1535761,36137,893,1846,"",0.43,0.16,0.18,0.18,0.15,0.12,0.34,0.88,"",5,38.5,39,185.7,35,112.9,33,100.0,782296,103.8,12917,55.6,374,72.1,-200,-9.8
"C3614","5","518210","48","0","2022","4","",4,8,8,8,219885,58050,1238,2114,"",0.23,0.06,0.07,0.07,0.07,0.13,0.09,1.01,"N",2,100.0,0,0,0,0,0,0,0,0,0,0,0,0,0,0
"C3626","5","518210","48","0","2022","4","N",48,0,0,0,0,0,0,0,"N",0.57,0,0,0,0,0,0,0,"N",5,11.6,0,0,0,0,0,0,0,0,0,0,0,0,0,0
"C3642","5","518210","48","0","2022","4","",171,791,793,795,15896735,1901115,19474,1542,"",0.86,0.38,0.38,0.38,0.24,0.39,0.44,0.63,"",65,61.3,202,34.3,218,37.9,202,34.1,-155168,-1.0,352714,22.8,-5614,-22.4,-566,-26.9
"C3650","5","518210","48","0","2022","4","",52,369,383,372,9291009,2793035,24474,1908,"",1.43,0.93,0.96,0.93,0.64,1.47,1.02,0.69,"",7,15.6,55,17.5,46,13.6,39,11.7,2091810,29.1,497894,21.7,2209,9.9,220,13.0
"C3654","5","518210","48","0","2022","4","",113,1839,1853,1850,48940932,1521167,6816,2038,"",0.93,1.20,1.21,1.21,0.92,0.88,0.38,0.76,"",-9,-7.4,-186,-9.2,-161,-8.0,-174,-8.6,-16609603,-25.3,357160,30.7,502,8.0,-457,-18.3
"C3674","5","518210","48","0","2022","4","",290,3200,3245,3205,85904235,2198171,26545,2054,"",0.74,0.75,0.75,0.74,0.59,0.63,0.94,0.79,"N",35,13.7,0,0,0,0,0,0,0,0,0,0,0,0,0,0
"C3678","5","518210","48","0","2022","4","",4,10,10,10,220445,3859,12,1696,"",0.23,0.03,0.03,0.03,0.02,0.01,0.00,0.65,"",-3,-42.9,-8,-44.4,-8,-44.4,-10,-50.0,-327812,-59.8,-41335,-91.5,-1314,-99.1,-563,-24.9
"C3698","5","518210","48","0","2022","4","N",2,0,0,0,0,0,0,0,"N",0.13,0,0,0,0,0,0,0,"N",0,0.0,0,0,0,0,0,0,0,0,0,0,0,0,0,0
"C3710","5","518210","48","0","2022","4","",42,441,435,434,17577441,240116,11341,3096,"",0.33,0.42,0.42,0.42,0.46,0.32,0.49,1.09,"",8,23.5,-15,-3.3,-10,-2.2,-19,-4.2,-2089724,-10.6,-46590,-16.3,-1762,-13.4,-256,-7.6
"C3734","5","518210","48","0","2022","4","",49,142,143,141,3053124,125607,1791,1654,"",0.62,0.19,0.19,0.19,0.12,0.24,0.37,0.62,"",9,22.5,-22,-13.4,-22,-13.3,-4,-2.8,-67507,-2.2,20019,19.0,106,6.3,135,8.9
"C3746","5","518210","48","0","2022","4","N",10,0,0,0,0,0,0,0,"N",0.34,0,0,0,0,0,0,0,"N",4,66.7,0,0,0,0,0,0,0,0,0,0,0,0,0,0
"C3762","5","518210","48","0","2022","4","",4,2,2,3,53544,5769,156,1765,"",0.40,0.02,0.02,0.03,0.02,0.06,0.06,0.81,"N",1,33.3,0,0,0,0,0,0,0,0,0,0,0,0,0,0
"C3786","5","518210","48","0","2022","4","N",28,0,0,0,0,0,0,0,"N",0.46,0,0,0,0,0,0,0,"N",15,115.4,0,0,0,0,0,0,0,0,0,0,0,0,0,0
"C3790","5","518210","48","0","2022","4","N",5,0,0,0,0,0,0,0,"N",0.15,0,0,0,0,0,0,0,"N",0,0.0,0,0,0,0,0,0,0,0,0,0,0,0,0,0
"C3798","5","518210","48","0","2022","4","N",572,0,0,0,0,0,0,0,"N",0.76,0,0,0,0,0,0,0,"N",38,7.1,0,0,0,0,0,0,0,0,0,0,0,0,0,0
"C3806","5","518210","48","0","2022","4","",523,10845,10782,10760,309517363,5736436,159443,2205,"",0.89,1.50,1.48,1.48,1.14,0.94,1.79,0.77,"N",-6,-1.1,0,0,0,0,0,0,0,0,0,0,0,0,0,0
"C3822","5","518210","48","0","2022","4","N",1,0,0,0,0,0,0,0,"N",0.11,0,0,0,0,0,0,0,"N",0,0.0,0,0,0,0,0,0,0,0,0,0,0,0,0,0
"C3830","5","518210","48","0","2022","4","N",152,0,0,0,0,0,0,0,"N",0.56,0,0,0,0,0,0,0,"N",9,6.3,0,0,0,0,0,0,0,0,0,0,0,0,0,0
"C3834","5","518210","48","0","2022","4","",20,32,30,30,812238,10457,253,2037,"",0.83,0.17,0.16,0.16,0.14,0.03,0.05,0.81,"",6,42.9,-26,-44.8,-35,-53.8,-38,-55.9,-3323708,-80.4,-191740,-94.8,-5830,-95.8,-2960,-59.2
"C3854","5","518210","48","0","2022","4","N",7,0,0,0,0,0,0,0,"N",0.54,0,0,0,0,0,0,0,"N",5,250.0,0,0,0,0,0,0,0,0,0,0,0,0,0,0
"C3866","5","518210","48","0","2022","4","N",1,0,0,0,0,0,0,0,"N",0.06,0,0,0,0,0,0,0,"N",1,100.0,0,0,0,0,0,0,0,0,0,0,0,0,0,0
"C3886","5","518210","48","0","2022","4","N",116,0,0,0,0,0,0,0,"N",1.07,0,0,0,0,0,0,0,"N",36,45.0,0,0,0,0,0,0,0,0,0,0,0,0,0,0
"C3890","5","518210","48","0","2022","4","N",405,0,0,0,0,0,0,0,"N",0.90,0,0,0,0,0,0,0,"N",47,13.1,0,0,0,0,0,0,0,0,0,0,0,0,0,0
"C3894","5","518210","48","0","2022","4","",31,87,88,92,2380036,81225,1558,2057,"",0.47,0.17,0.17,0.18,0.15,0.19,0.42,0.89,"",3,10.7,31,55.4,30,51.7,39,73.6,1203882,102.4,18005,28.5,507,48.2,432,26.6
"C3914","5","518210","48","0","2022","4","N",2,0,0,0,0,0,0,0,"N",0.07,0,0,0,0,0,0,0,"N",-3,-60.0,0,0,0,0,0,0,0,0,0,0,0,0,0,0
"C3930","5","518210","48","0","2022","4","",297,541,556,549,18328272,1266009,18761,2570,"",1.16,0.24,0.25,0.25,0.24,0.30,0.19,0.97,"N",134,82.2,0,0,0,0,0,0,0,0,0,0,0,0,0,0
"C3934","5","518210","48","0","2022","4","",103,3616,3574,3630,101920959,14288141,82393,2174,"",1.09,3.87,3.80,3.87,3.34,3.70,3.57,0.87,"N",-2,-1.9,0,0,0,0,0,0,0,0,0,0,0,0,0,0
"C3938","5","518210","48","0","2022","4","",5,48,45,44,669809,75680,1218,1128,"",0.29,0.24,0.22,0.22,0.11,0.22,0.22,0.50,"",-1,-16.7,4,9.1,1,2.3,-3,-6.4,161641,31.8,922,1.2,58,5.0,259,29.8
"C3946","5","518210","48","0","2022","4","",10,18,17,17,370881,7000,7,1646,"",0.41,0.11,0.10,0.10,0.08,0.05,0.01,0.75,"N",-1,-9.1,0,0,0,0,0,0,0,0,0,0,0,0,0,0
"C3954","5","518210","48","0","2022","4","N",3,0,0,0,0,0,0,0,"N",0.15,0,0,0,0,0,0,0,"N",0,0.0,0,0,0,0,0,0,0,0,0,0,0,0,0,0
"C3958","5","518210","48","0","2022","4","",347,3251,3271,3409,86756497,11446638,95703,2016,"",1.52,1.47,1.47,1.53,1.00,1.95,2.00,0.67,"",67,23.9,-27,-0.8,35,1.1,274,8.7,2056274,2.4,40162,0.4,7790,8.9,-10,-0.5
"C3966","5","518210","48","0","2022","4","N",49,0,0,0,0,0,0,0,"N",1.60,0,0,0,0,0,0,0,"N",13,36.1,0,0,0,0,0,0,0,0,0,0,0,0,0,0
"C3974","5","518210","48","0","2022","4","N",10,0,0,0,0,0,0,0,"N",0.26,0,0,0,0,0,0,0,"N",4,66.7,0,0,0,0,0,0,0,0,0,0,0,0,0,0
"C3982","5","518210","48","0","2022","4","N",9,0,0,0,0,0,0,0,"N",0.26,0,0,0,0,0,0,0,"N",0,0.0,0,0,0,0,0,0,0,0,0,0,0,0,0,0
"C3990","5","518210","48","0","2022","4","",62,984,973,970,31924088,3907418,72613,2517,"",0.89,1.22,1.20,1.20,1.06,1.24,1.34,0.88,"",1,1.6,70,7.7,53,5.8,54,5.9,1557,0.0,-66392,-1.7,665,0.9,-162,-6.0
"C4006","5","518210","48","0","2022","4","",125,595,580,580,17131938,423538,8528,2253,"",0.62,0.29,0.28,0.28,0.23,0.26,0.46,0.80,"",35,38.9,138,30.2,120,26.1,116,25.0,4187969,32.4,-4942,-1.2,895,11.7,90,4.2
"C4014","5","518210","48","0","2022","4","",58,629,632,635,15643245,193542,7339,1904,"",0.09,0.12,0.12,0.12,0.09,0.05,0.06,0.78,"",7,13.7,160,34.1,163,34.8,162,34.2,3810888,32.2,41838,27.6,1357,22.7,-31,-1.6
"C4022","5","518210","48","0","2022","4","",16,88,87,86,2692472,92860,1337,2381,"",0.35,0.19,0.18,0.18,0.18,0.26,0.36,1.01,"",8,100.0,18,25.7,16,22.5,15,21.1,1238294,85.2,61286,194.1,745,125.8,798,50.4
"C4034","5","518210","48","0","2022","4","N",4,0,0,0,0,0,0,0,"N",0.16,0,0,0,0,0,0,0,"N",0,0.0,0,0,0,0,0,0,0,0,0,0,0,0,0,0
"C4038","5","518210","48","0","2022","4","",46,588,528,561,10676994,399656,11691,1469,"",0.39,0.37,0.33,0.36,0.20,0.30,0.28,0.58,"",4,9.5,-47,-7.4,-94,-15.1,-60,-9.7,-341650,-3.1,-88234,-18.1,-8314,-41.6,115,8.5
"C4042","5","518210","48","0","2022","4","N",7,0,0,0,0,0,0,0,"N",0.24,0,0,0,0,0,0,0,"N",0,0.0,0,0,0,0,0,0,0,0,0,0,0,0,0,0
"C4058","5","518210","48","0","2022","4","N",4,0,0,0,0,0,0,0,"N",0.28,0,0,0,0,0,0,0,"N",0,0.0,0,0,0,0,0,0,0,0,0,0,0,0,0,0
"C4090","5","518210","48","0","2022","4","",101,1463,1458,1456,45500125,591718,24426,2399,"",0.25,0.44,0.43,0.44,0.34,0.29,0.38,0.78,"N",25,32.9,0,0,0,0,0,0,0,0,0,0,0,0,0,0
"C4098","5","518210","48","0","2022","4","N",3,0,0,0,0,0,0,0,"N",0.17,0,0,0,0,0,0,0,"N",0,0.0,0,0,0,0,0,0,0,0,0,0,0,0,0,0
"C4106","5","518210","48","0","2022","4","N",12,0,0,0,0,0,0,0,"N",0.50,0,0,0,0,0,0,0,"N",0,0.0,0,0,0,0,0,0,0,0,0,0,0,0,0,0
"C4110","5","518210","48","0","2022","4","",18,164,161,161,4483707,559145,3304,2129,"",0.53,0.63,0.62,0.62,0.67,0.51,0.47,1.08,"",4,28.6,32,24.2,22,15.8,22,15.8,385115,9.4,55145,10.9,689,26.3,-178,-7.7
"C4114","5","518210","48","0","2022","4","N",5,0,0,0,0,0,0,0,"N",0.33,0,0,0,0,0,0,0,"N",2,66.7,0,0,0,0,0,0,0,0,0,0,0,0,0,0
"C4118","5","518210","48","0","2022","4","",203,8493,8584,8603,336560711,5310632,54842,3024,"",0.51,2.03,2.05,2.06,2.25,1.24,0.86,1.10,"",25,14.0,799,10.4,880,11.4,880,11.4,62825211,23.0,831586,18.6,8966,19.5,292,10.7
"C4142","5","518210","48","0","2022","4","N",24,0,0,0,0,0,0,0,"N",0.37,0,0,0,0,0,0,0,"N",5,26.3,0,0,0,0,0,0,0,0,0,0,0,0,0,0
"C4150","5","518210","48","0","2022","4","N",8,0,0,0,0,0,0,0,"N",0.13,0,0,0,0,0,0,0,"N",2,33.3,0,0,0,0,0,0,0,0,0,0,0,0,0,0
"C4154","5","518210","48","0","2022","4","N",59,0,0,0,0,0,0,0,"N",0.93,0,0,0,0,0,0,0,"N",21,55.3,0,0,0,0,0,0,0,0,0,0,0,0,0,0
"C4162","5","518210","48","0","2022","4","N",550,0,0,0,0,0,0,0,"N",1.95,0,0,0,0,0,0,0,"N",136,32.9,0,0,0,0,0,0,0,0,0,0,0,0,0,0
"C4166","5","518210","48","0","2022","4","N",2,0,0,0,0,0,0,0,"N",0.15,0,0,0,0,0,0,0,"N",0,0.0,0,0,0,0,0,0,0,0,0,0,0,0,0,0
"C4170","5","518210","48","0","2022","4","",118,5236,5161,5190,99571938,3165644,70376,1474,"",0.48,1.52,1.49,1.50,0.86,0.97,1.34,0.57,"",20,20.4,390,8.0,347,7.2,500,10.7,4271373,4.5,-363850,-10.3,-22204,-24.0,-59,-3.8
"C4174","5","518210","48","0","2022","4","",227,2515,2528,2498,95494941,1389894,47022,2922,"",0.42,0.52,0.52,0.52,0.46,0.44,0.49,0.88,"",24,11.8,-210,-7.7,-208,-7.6,-274,-9.9,-14009218,-12.8,-654990,-32.0,-37489,-44.4,-147,-4.8
"C4186","5","518210","48","0","2022","4","",959,35216,35266,35210,2318251375,15079616,449442,5062,"",1.06,4.55,4.54,4.54,4.57,3.13,3.10,1.01,"",171,21.7,6797,23.9,6407,22.2,6063,20.8,-1117086212,-32.5,-5821778,-27.9,-273414,-37.8,-4111,-44.8
"C4194","5","518210","48","0","2022","4","N",431,0,0,0,0,0,0,0,"N",1.26,0,0,0,0,0,0,0,"N",108,33.4,0,0,0,0,0,0,0,0,0,0,0,0,0,0
"C4198","5","518210","48","0","2022","4","",41,2214,2203,2342,30884630,863588,26846,1054,"",0.28,1.04,1.02,1.05,0.72,0.78,0.72,0.69,"",4,10.8,-154,-6.5,-201,-8.4,-142,-5.7,-1008874,-3.2,-949318,-52.4,-31601,-54.1,40,3.9
"C4202","5","518210","48","0","2022","4","",12,24,23,22,494897,8461,286,1655,"",0.25,0.06,0.06,0.06,0.04,0.03,0.04,0.64,"",2,20.0,-10,-29.4,-12,-34.3,-12,-35.3,-597212,-54.7,-9888,-53.9,-548,-65.7,-792,-32.4
"C4210","5","518210","48","0","2022","4","N",13,0,0,0,0,0,0,0,"N",0.30,0,0,0,0,0,0,0,"N",5,62.5,0,0,0,0,0,0,0,0,0,0,0,0,0,0
"C4214","5","518210","48","0","2022","4","",69,68,69,61,2513175,240013,2268,2929,"",2.41,0.35,0.36,0.31,0.39,0.46,0.71,1.15,"",28,68.3,17,33.3,17,32.7,13,27.1,1208364,92.6,6569,2.8,-1944,-46.2,935,46.9
"C4220","5","518210","48","0","2022","4","",28,325,329,344,11179445,218293,7900,2585,"",0.39,0.47,0.48,0.52,0.46,0.47,0.56,0.94,"",3,12.0,-51,-13.6,-43,-11.6,-32,-8.5,-1961813,-14.9,-3681,-1.7,-4692,-37.3,-113,-4.2
"C4222","5","518210","48","0","2022","4","",18,95,95,96,2948990,60194,2165,2379,"",0.20,0.14,0.14,0.15,0.11,0.14,0.17,0.77,"",6,50.0,5,5.6,3,3.3,7,7.9,643445,27.9,8672,16.8,141,7.0,416,21.2
"C4234","5","518210","48","0","2022","4","N",10,0,0,0,0,0,0,0,"N",0.19,0,0,0,0,0,0,0,"N",-2,-16.7,0,0,0,0,0,0,0,0,0,0,0,0,0,0
"C4254","5","518210","48","0","2022","4","N",19,0,0,0,0,0,0,0,"N",0.33,0,0,0,0,0,0,0,"N",1,5.6,0,0,0,0,0,0,0,0,0,0,0,0,0,0
"C4266","5","518210","48","0","2022","4","",716,23886,23984,23612,1320594942,130070262,1058650,4263,"",1.33,3.63,3.63,3.57,3.65,3.40,2.23,1.01,"",51,7.7,10978,85.0,11066,85.7,10516,80.3,681068683,106.5,43074560,49.5,41832,4.1,471,12.4
"C4268","5","518210","48","0","2022","4","",20,88,85,83,2134033,23780,338,1924,"",0.81,0.50,0.47,0.45,0.38,0.17,0.26,0.80,"",3,17.6,-9,-9.3,-11,-11.5,-12,-12.6,-123381,-5.5,-13947,-37.0,-510,-60.1,115,6.4
"C4270","5","518210","48","0","2022","4","N",1,0,0,0,0,0,0,0,"N",0.09,0,0,0,0,0,0,0,"N",-1,-50.0,0,0,0,0,0,0,0,0,0,0,0,0,0,0
"C4310","5","518210","48","0","2022","4","N",2,0,0,0,0,0,0,0,"N",0.16,0,0,0,0,0,0,0,"N",-2,-50.0,0,0,0,0,0,0,0,0,0,0,0,0,0,0
"C4330","5","518210","48","0","2022","4","N",3,0,0,0,0,0,0,0,"N",0.22,0,0,0,0,0,0,0,"N",1,50.0,0,0,0,0,0,0,0,0,0,0,0,0,0,0
"C4334","5","518210","48","0","2022","4","N",47,0,0,0,0,0,0,0,"N",0.86,0,0,0,0,0,0,0,"N",9,23.7,0,0,0,0,0,0,0,0,0,0,0,0,0,0
"C4342","5","518210","48","0","2022","4","",8,41,43,42,810291,16289,328,1484,"",0.75,0.38,0.39,0.39,0.24,0.26,0.42,0.63,"",-1,-11.1,-1,-2.4,0,0.0,-1,-2.3,67036,9.0,-38651,-70.4,-1613,-83.1,144,10.7
"C4358","5","518210","48","0","2022","4","",10,26,26,28,801515,89372,1940,2312,"",0.41,0.09,0.09,0.10,0.09,0.13,0.25,0.96,"N",2,25.0,0,0,0,0,0,0,0,0,0,0,0,0,0,0
"C4362","5","518210","48","0","2022","4","",131,184,179,185,4747296,244166,2870,1999,"",2.43,0.35,0.34,0.35,0.26,0.41,0.59,0.75,"",37,39.4,54,41.5,50,38.8,50,37.0,997472,26.6,-40016,-14.1,-1422,-33.1,-197,-9.0
"C4378","5","518210","48","0","2022","4","",18,306,309,308,7160045,78568,641,1790,"",0.59,0.75,0.75,0.75,0.56,0.22,0.12,0.75,"",1,5.9,0,0.0,2,0.7,5,1.7,-1551558,-17.8,-124180,-61.2,-2115,-76.7,-405,-18.5
"C4390","5","518210","48","0","2022","4","N",12,0,0,0,0,0,0,0,"N",0.35,0,0,0,0,0,0,0,"N",-1,-7.7,0,0,0,0,0,0,0,0,0,0,0,0,0,0
"C4406","5","518210","48","0","2022","4","N",58,0,0,0,0,0,0,0,"N",0.81,0,0,0,0,0,0,0,"N",9,18.4,0,0,0,0,0,0,0,0,0,0,0,0,0,0
"C4410","5","518210","48","0","2022","4","",10,169,171,165,3462297,141335,1754,1582,"",0.46,0.41,0.41,0.40,0.24,0.46,0.24,0.59,"",0,0.0,44,35.2,52,43.7,48,41.0,1567996,82.8,28974,25.8,-27,-1.5,371,30.6
"C4414","5","518210","48","0","2022","4","",22,71,70,73,1599225,156668,5479,1725,"",0.21,0.08,0.08,0.09,0.06,0.08,0.21,0.69,"",3,15.8,25,54.3,23,48.9,21,40.4,714527,80.8,-4005,-2.5,-575,-9.5,317,22.5
"C4418","5","518210","48","0","2022","4","",24,470,466,459,6770255,319416,5586,1120,"",0.39,0.69,0.68,0.67,0.35,0.45,0.72,0.51,"",3,14.3,-64,-12.0,-65,-12.2,-70,-13.2,396572,6.2,-5938,-1.8,1186,27.0,197,21.3
"C4422","5","518210","48","0","2022","4","",10,16,16,17,413454,4997,115,1947,"",0.90,0.11,0.11,0.12,0.10,0.04,0.04,0.92,"",2,25.0,7,77.8,6,60.0,4,30.8,180070,77.2,-34027,-87.2,-1499,-92.9,264,15.7
"C4430","5","518210","48","0","2022","4","",9,56,58,58,1349735,17722,435,1811,"",0.59,0.26,0.27,0.28,0.19,0.13,0.11,0.71,"",1,12.5,-25,-30.9,-19,-24.7,-15,-20.5,-1080551,-44.5,-31056,-63.7,-1533,-77.9,-617,-25.4
"C4442","5","518210","48","0","2022","4","N",3,0,0,0,0,0,0,0,"N",0.18,0,0,0,0,0,0,0,"N",2,200.0,0,0,0,0,0,0,0,0,0,0,0,0,0,0
"C4470","5","518210","48","0","2022","4","N",9,0,0,0,0,0,0,0,"N",0.10,0,0,0,0,0,0,0,"N",4,80.0,0,0,0,0,0,0,0,0,0,0,0,0,0,0
"C4494","5","518210","48","0","2022","4","N",3,0,0,0,0,0,0,0,"N",0.32,0,0,0,0,0,0,0,"N",1,50.0,0,0,0,0,0,0,0,0,0,0,0,0,0,0
"C4506","5","518210","48","0","2022","4","N",32,0,0,0,0,0,0,0,"N",0.45,0,0,0,0,0,0,0,"N",10,45.5,0,0,0,0,0,0,0,0,0,0,0,0,0,0
"C4522","5","518210","48","0","2022","4","N",57,0,0,0,0,0,0,0,"N",1.12,0,0,0,0,0,0,0,"N",7,14.0,0,0,0,0,0,0,0,0,0,0,0,0,0,0
"C4530","5","518210","48","0","2022","4","N",416,0,0,0,0,0,0,0,"N",0.87,0,0,0,0,0,0,0,"N",77,22.7,0,0,0,0,0,0,0,0,0,0,0,0,0,0
"C4546","5","518210","48","0","2022","4","N",3,0,0,0,0,0,0,0,"N",0.19,0,0,0,0,0,0,0,"N",1,50.0,0,0,0,0,0,0,0,0,0,0,0,0,0,0
"C4550","5","518210","48","0","2022","4","N",7,0,0,0,0,0,0,0,"N",0.45,0,0,0,0,0,0,0,"N",3,75.0,0,0,0,0,0,0,0,0,0,0,0,0,0,0
"C4554","5","518210","48","0","2022","4","N",4,0,0,0,0,0,0,0,"N",0.38,0,0,0,0,0,0,0,"N",0,0.0,0,0,0,0,0,0,0,0,0,0,0,0,0,0
"C4578","5","518210","48","0","2022","4","N",47,0,0,0,0,0,0,0,"N",0.72,0,0,0,0,0,0,0,"N",7,17.5,0,0,0,0,0,0,0,0,0,0,0,0,0,0
"C4582","5","518210","48","0","2022","4","N",29,0,0,0,0,0,0,0,"N",1.04,0,0,0,0,0,0,0,"N",14,93.3,0,0,0,0,0,0,0,0,0,0,0,0,0,0
"C4594","5","518210","48","0","2022","4","",32,328,331,332,10195830,1270522,22687,2374,"",0.62,0.39,0.39,0.39,0.27,0.58,0.53,0.69,"",-7,-17.9,-157,-32.4,-165,-33.3,-171,-34.0,-4751937,-31.8,-831849,-39.6,-19517,-46.2,50,2.2
"C4606","5","518210","48","0","2022","4","",38,288,297,291,8504294,77362,779,2240,"",0.40,0.24,0.24,0.24,0.22,0.09,0.08,0.90,"",-1,-2.6,90,45.5,101,51.5,91,45.5,2388753,39.1,10548,15.8,-852,-52.2,-136,-5.7
"C4614","5","518210","48","0","2022","4","",119,326,337,342,8618365,641151,6629,1979,"",0.88,0.23,0.24,0.24,0.19,0.19,0.20,0.81,"",34,40.0,22,7.2,38,12.7,44,14.8,844285,10.9,-287838,-31.0,-7609,-53.4,-12,-0.6
"C4622","5","518210","48","0","2022","4","",13,47,49,49,597423,33557,619,951,"",0.53,0.14,0.15,0.15,0.06,0.12,0.17,0.40,"",3,30.0,-79,-62.7,-75,-60.5,0,0.0,-1067511,-64.1,-111715,-76.9,-1957,-76.0,-334,-26.0
"C4634","5","518210","48","0","2022","4","",13,23,24,26,685363,23043,385,2167,"",0.45,0.07,0.07,0.07,0.06,0.07,0.08,0.92,"",1,8.3,-3,-11.5,-3,-11.1,-3,-10.3,-105030,-13.3,-39407,-63.1,-542,-58.5,-57,-2.6
"C4652","5","518210","48","0","2022","4","",237,473,464,462,16743890,2397359,58966,2762,"",1.91,0.34,0.33,0.32,0.33,0.37,0.69,1.00,"",20,9.2,127,36.7,113,32.2,101,28.0,3780728,29.2,-734465,-23.5,-31860,-35.1,-66,-2.3
"C4654","5","518210","48","0","2022","4","N",9,0,0,0,0,0,0,0,"N",0.32,0,0,0,0,0,0,0,"N",2,28.6,0,0,0,0,0,0,0,0,0,0,0,0,0,0
"C4666","5","518210","48","0","2022","4","N",3,0,0,0,0,0,0,0,"N",0.18,0,0,0,0,0,0,0,"N",2,200.0,0,0,0,0,0,0,0,0,0,0,0,0,0,0
"C4670","5","518210","48","0","2022","4","",13,94,89,93,2432788,34848,1063,2034,"",0.24,0.21,0.20,0.21,0.15,0.13,0.13,0.72,"",2,18.2,0,0.0,-9,-9.2,-1,-1.1,66083,2.8,-22265,-39.0,-1151,-52.0,124,6.5
"C4702","5","518210","48","0","2022","4","N",1,0,0,0,0,0,0,0,"N",0.09,0,0,0,0,0,0,0,"N",0,0.0,0,0,0,0,0,0,0,0,0,0,0,0,0,0
"C4722","5","518210","48","0","2022","4","N",3,0,0,0,0,0,0,0,"N",0.19,0,0,0,0,0,0,0,"N",1,50.0,0,0,0,0,0,0,0,0,0,0,0,0,0,0
"C4726","5","518210","48","0","2022","4","",94,1252,1280,1312,22339067,946711,31268,1341,"",0.45,0.53,0.54,0.56,0.29,0.53,1.55,0.54,"",15,19.0,-110,-8.1,-64,-4.8,-54,-4.0,-1526033,-6.4,-102,0.0,-2129,-6.4,-11,-0.8
"C4730","5","518210","48","0","2022","4","",4,8,8,7,89672,1243,43,900,"",0.07,0.01,0.01,0.01,0.01,0.00,0.00,0.42,"N",1,33.3,0,0,0,0,0,0,0,0,0,0,0,0,0,0
"C4738","5","518210","48","0","2022","4","N",14,0,0,0,0,0,0,0,"N",0.53,0,0,0,0,0,0,0,"N",1,7.7,0,0,0,0,0,0,0,0,0,0,0,0,0,0
"C4746","5","518210","48","0","2022","4","",6,23,22,22,347463,174730,2750,1197,"",0.70,0.23,0.22,0.24,0.12,0.35,0.44,0.53,"",1,20.0,0,0.0,-2,-8.3,-4,-15.4,-23243,-6.3,-75350,-30.1,-1446,-34.5,25,2.1
"C4758","5","518210","48","0","2022","4","N",3,0,0,0,0,0,0,0,"N",0.16,0,0,0,0,0,0,0,"N",2,200.0,0,0,0,0,0,0,0,0,0,0,0,0,0,0
"C4790","5","518210","48","0","2022","4","",1363,17256,17617,17485,739982060,20061645,219731,3261,"",1.44,1.74,1.76,1.75,1.44,2.87,1.84,0.82,"",327,31.6,2351,15.8,2594,17.3,2329,15.4,-80136511,-9.8,-1174079,-5.5,-95429,-30.3,-937,-22.3
"C4794","5","518210","48","0","2022","4","N",15,0,0,0,0,0,0,0,"N",0.70,0,0,0,0,0,0,0,"N",3,25.0,0,0,0,0,0,0,0,0,0,0,0,0,0,0
"C4806","5","518210","48","0","2022","4","N",2,0,0,0,0,0,0,0,"N",0.16,0,0,0,0,0,0,0,"N",0,0.0,0,0,0,0,0,0,0,0,0,0,0,0,0,0
"C4814","5","518210","48","0","2022","4","",7,28,27,28,591712,24023,625,1645,"",0.45,0.12,0.12,0.12,0.08,0.11,0.26,0.67,"",1,16.7,3,12.0,3,12.5,3,12.0,147156,33.1,-3859,-13.8,50,8.7,259,18.7
"C4826","5","518210","48","0","2022","4","N",4,0,0,0,0,0,0,0,"N",0.36,0,0,0,0,0,0,0,"N",2,100.0,0,0,0,0,0,0,0,0,0,0,0,0,0,0
"C4830","5","518210","48","0","2022","4","N",7,0,0,0,0,0,0,0,"N",0.38,0,0,0,0,0,0,0,"N",-1,-12.5,0,0,0,0,0,0,0,0,0,0,0,0,0,0
"C4854","5","518210","48","0","2022","4","",3,4,4,4,85344,1392,40,1641,"",0.19,0.02,0.02,0.02,0.02,0.01,0.01,0.73,"N",2,200.0,0,0,0,0,0,0,0,0,0,0,0,0,0,0
"C4862","5","518210","48","0","2022","4","",94,208,209,204,4695781,308529,7245,1745,"",1.29,0.22,0.22,0.21,0.15,0.13,0.31,0.71,"N",30,46.9,0,0,0,0,0,0,0,0,0,0,0,0,0,0
"C4866","5","518210","48","0","2022","4","",5,30,31,31,582456,29706,149,1461,"",0.31,0.17,0.17,0.17,0.12,0.21,0.08,0.69,"N",0,0.0,0,0,0,0,0,0,0,0,0,0,0,0,0,0
"C4870","5","518210","48","0","2022","4","N",3,0,0,0,0,0,0,0,"N",0.23,0,0,0,0,0,0,0,"N",1,50.0,0,0,0,0,0,0,0,0,0,0,0,0,0,0
"C4890","5","518210","48","0","2022","4","",36,95,95,100,3340978,331414,3627,2659,"",0.68,0.21,0.21,0.22,0.24,0.27,0.47,1.09,"N",6,20.0,0,0,0,0,0,0,0,0,0,0,0,0,0,0
"C4902","5","518210","48","0","2022","4","N",5,0,0,0,0,0,0,0,"N",0.27,0,0,0,0,0,0,0,"N",2,66.7,0,0,0,0,0,0,0,0,0,0,0,0,0,0
"C4918","5","518210","48","0","2022","4","",44,359,352,356,9758847,596575,7356,2111,"",0.62,0.42,0.41,0.41,0.35,0.30,0.65,0.85,"",8,22.2,129,56.1,118,50.4,117,49.0,4573797,88.2,-109727,-15.5,898,13.9,409,24.0
"C4934","5","518210","48","0","2022","4","",69,406,411,415,24593810,477189,11954,4607,"",0.50,0.33,0.33,0.33,0.54,0.19,0.30,1.64,"",10,16.9,46,12.8,50,13.9,51,14.0,1487580,6.4,-361220,-43.1,-7671,-39.1,-307,-6.2
"C4942","5","518210","48","0","2022","4","N",3,0,0,0,0,0,0,0,"N",0.11,0,0,0,0,0,0,0,"N",-1,-25.0,0,0,0,0,0,0,0,0,0,0,0,0,0,0
"C4962","5","518210","48","0","2022","4","",10,31,34,36,649988,81491,2228,1485,"",0.25,0.05,0.06,0.06,0.04,0.16,0.13,0.60,"N",1,11.1,0,0,0,0,0,0,0,0,0,0,0,0,0,0
"C4966","5","518210","48","0","2022","4","N",25,0,0,0,0,0,0,0,"N",0.44,0,0,0,0,0,0,0,"N",8,47.1,0,0,0,0,0,0,0,0,0,0,0,0,0,0
"C4970","5","518210","48","0","2022","4","N",1,0,0,0,0,0,0,0,"N",0.04,0,0,0,0,0,0,0,"N",-3,-75.0,0,0,0,0,0,0,0,0,0,0,0,0,0,0
"C4974","5","518210","48","0","2022","4","N",2,0,0,0,0,0,0,0,"N",0.12,0,0,0,0,0,0,0,"N",0,0.0,0,0,0,0,0,0,0,0,0,0,0,0,0,0
"US000","1","518210","18","0","2022","4","",1,1219,1211,1223,21355283,0,0,1349,"",1.00,1.00,1.00,1.00,1.00,0.00,0.00,1.00,"",0,0.0,-20,-1.6,-35,-2.8,-31,-2.5,910260,4.5,0,0.0,0,0.0,87,6.9
"US000","2","518210","18","0","2022","4","",19,900,908,932,21081608,0,0,1776,"",1.00,1.00,1.00,1.00,1.00,0.00,0.00,1.00,"",-1,-5.0,-2,-0.2,10,1.1,16,1.7,934451,4.6,0,0.0,0,0.0,64,3.7
"US000","3","518210","18","0","2022","4","",99,2725,2747,2737,55422877,568204,1930,1558,"",1.00,1.00,1.00,1.00,1.00,1.00,1.00,1.00,"",0,0.0,63,2.4,69,2.6,60,2.2,-204085,-0.4,301529,113.1,668,52.9,-43,-2.7
"US000","5","518210","18","0","2022","4","",49611,481703,483616,483340,18880553769,711775217,11714824,3008,"",1.00,1.00,1.00,1.00,1.00,1.00,1.00,1.00,"",9373,23.3,78995,19.6,78136,19.3,75440,18.5,1620903912,9.4,23115376,3.4,-1910861,-14.0,-267,-8.2
