"area_fips","own_code","industry_code","agglvl_code","size_code","year","qtr","disclosure_code","qtrly_estabs","month1_emplvl","month2_emplvl","month3_emplvl","total_qtrly_wages","taxable_qtrly_wages","qtrly_contributions","avg_wkly_wage","lq_disclosure_code","lq_qtrly_estabs","lq_month1_emplvl","lq_month2_emplvl","lq_month3_emplvl","lq_total_qtrly_wages","lq_taxable_qtrly_wages","lq_qtrly_contributions","lq_avg_wkly_wage","oty_disclosure_code","oty_qtrly_estabs_chg","oty_qtrly_estabs_pct_chg","oty_month1_emplvl_chg","oty_month1_emplvl_pct_chg","oty_month2_emplvl_chg","oty_month2_emplvl_pct_chg","oty_month3_emplvl_chg","oty_month3_emplvl_pct_chg","oty_total_qtrly_wages_chg","oty_total_qtrly_wages_pct_chg","oty_taxable_qtrly_wages_chg","oty_taxable_qtrly_wages_pct_chg","oty_qtrly_contributions_chg","oty_qtrly_contributions_pct_chg","oty_avg_wkly_wage_chg","oty_avg_wkly_wage_pct_chg"
"01000","2","518210","58","0","2019","1","N",1,0,0,0,0,0,0,0,"N",3.95,0,0,0,0,0,0,0,"N",0,0.0,0,0,0,0,0,0,0,0,0,0,0,0,0,0
"01000","5","518210","58","0","2019","1","",438,2086,2098,2105,35662323,15690430,301913,1309,"",1.38,0.47,0.47,0.46,0.28,0.39,0.58,0.61,"",66,17.7,-51,-2.4,-108,-4.9,-190,-8.3,4784077,15.5,1165486,8.0,-117508,-28.0,236,22.0
"01001","5","518210","78","0","2019","1","N",1,0,0,0,0,0,0,0,"N",0.46,0,0,0,0,0,0,0,"N",0,0.0,0,0,0,0,0,0,0,0,0,0,0,0,0,0
"01003","5","518210","78","0","2019","1","N",14,0,0,0,0,0,0,0,"N",0.88,0,0,0,0,0,0,0,"N",0,0.0,0,0,0,0,0,0,0,0,0,0,0,0,0,0
"01015","5","518210","78","0","2019","1","N",3,0,0,0,0,0,0,0,"N",0.48,0,0,0,0,0,0,0,"N",1,50.0,0,0,0,0,0,0,0,0,0,0,0,0,0,0
"01019","5","518210","78","0","2019","1","N",1,0,0,0,0,0,0,0,"N",0.99,0,0,0,0,0,0,0,"N",0,0.0,0,0,0,0,0,0,0,0,0,0,0,0,0,0
"01031","5","518210","78","0","2019","1","N",2,0,0,0,0,0,0,0,"N",0.75,0,0,0,0,0,0,0,"N",0,0.0,0,0,0,0,0,0,0,0,0,0,0,0,0,0
"01033","5","518210","78","0","2019","1","N",1,0,0,0,0,0,0,0,"N",0.31,0,0,0,0,0,0,0,"N",0,0.0,0,0,0,0,0,0,0,0,0,0,0,0,0,0
"01043","5","518210","78","0","2019","1","N",1,0,0,0,0,0,0,0,"N",0.22,0,0,0,0,0,0,0,"N",1,100.0,0,0,0,0,0,0,0,0,0,0,0,0,0,0
"01051","5","518210","78","0","2019","1","N",2,0,0,0,0,0,0,0,"N",0.57,0,0,0,0,0,0,0,"N",2,100.0,0,0,0,0,0,0,0,0,0,0,0,0,0,0
"01069","5","518210","78","0","2019","1","N",3,0,0,0,0,0,0,0,"N",0.40,0,0,0,0,0,0,0,"N",0,0.0,0,0,0,0,0,0,0,0,0,0,0,0,0,0
"01071","5","518210","78","0","2019","1","N",1,0,0,0,0,0,0,0,"N",0.40,0,0,0,0,0,0,0,"N",0,0.0,0,0,0,0,0,0,0,0,0,0,0,0,0,0
"01073","5","518210","78","0","2019","1","",44,318,322,332,5890631,2502774,39285,1399,"",0.93,0.40,0.40,0.41,0.21,0.33,0.42,0.53,"",3,7.3,6,1.9,50,18.4,17,5.4,769262,15.0,62236,2.6,-8807,-18.3,84,6.4
"01077","5","518210","78","0","2019","1","-",0,0,0,0,0,0,0,0,"N",0.00,0,0,0,0,0,0,0,"N",-1,-100.0,0,0,0,0,0,0,0,0,0,0,0,0,0,0
"01081","5","518210","78","0","2019","1","N",9,0,0,0,0,0,0,0,"N",1.11,0,0,0,0,0,0,0,"N",4,80.0,0,0,0,0,0,0,0,0,0,0,0,0,0,0
"01083","5","518210","78","0","2019","1","N",3,0,0,0,0,0,0,0,"N",0.82,0,0,0,0,0,0,0,"N",0,0.0,0,0,0,0,0,0,0,0,0,0,0,0,0,0
"01089","5","518210","78","0","2019","1","N",31,0,0,0,0,0,0,0,"N",1.26,0,0,0,0,0,0,0,"N",10,47.6,0,0,0,0,0,0,0,0,0,0,0,0,0,0
"01095","5","518210","78","0","2019","1","N",2,0,0,0,0,0,0,0,"N",0.38,0,0,0,0,0,0,0,"N",-1,-33.3,0,0,0,0,0,0,0,0,0,0,0,0,0,0
"01097","5","518210","78","0","2019","1","",12,120,120,116,1194387,871737,7493,774,"",0.47,0.31,0.31,0.30,0.11,0.25,0.15,0.37,"",-2,-14.3,-13,-9.8,-13,-9.8,-29,-20.0,-73454,-5.8,-123150,-12.4,-14832,-66.4,62,8.7
"01101","2","518210","78","0","2019","1","N",1,0,0,0,0,0,0,0,"N",79.13,0,0,0,0,0,0,0,"N",0,0.0,0,0,0,0,0,0,0,0,0,0,0,0,0,0
"01101","5","518210","78","0","2019","1","",11,389,386,383,5675141,2648046,67281,1131,"",0.69,1.32,1.30,1.28,0.73,1.16,2.41,0.56,"",-2,-15.4,-40,-9.3,-52,-11.9,-42,-9.9,-1025093,-15.3,-528634,-16.6,-96305,-58.9,-66,-5.5
"01103","5","518210","78","0","2019","1","N",7,0,0,0,0,0,0,0,"N",1.00,0,0,0,0,0,0,0,"N",-1,-12.5,0,0,0,0,0,0,0,0,0,0,0,0,0,0
"01107","5","518210","78","0","2019","1","N",1,0,0,0,0,0,0,0,"N",1.19,0,0,0,0,0,0,0,"N",0,0.0,0,0,0,0,0,0,0,0,0,0,0,0,0,0
"01109","5","518210","78","0","2019","1","N",1,0,0,0,0,0,0,0,"N",0.56,0,0,0,0,0,0,0,"N",0,0.0,0,0,0,0,0,0,0,0,0,0,0,0,0,0
"01111","5","518210","78","0","2019","1","N",1,0,0,0,0,0,0,0,"N",1.00,0,0,0,0,0,0,0,"N",0,0.0,0,0,0,0,0,0,0,0,0,0,0,0,0,0
"01113","5","518210","78","0","2019","1","N",1,0,0,0,0,0,0,0,"N",0.44,0,0,0,0,0,0,0,"N",0,0.0,0,0,0,0,0,0,0,0,0,0,0,0,0,0
"01115","5","518210","78","0","2019","1","N",2,0,0,0,0,0,0,0,"N",0.52,0,0,0,0,0,0,0,"N",0,0.0,0,0,0,0,0,0,0,0,0,0,0,0,0,0
"01117","5","518210","78","0","2019","1","",14,110,110,114,1825655,801471,13400,1261,"",0.96,0.57,0.57,0.59,0.28,0.39,0.52,0.49,"",-4,-22.2,-6,-5.2,-5,-4.3,-2,-1.7,-416,0.0,-48967,-5.8,-1914,-12.5,47,3.9
"01123","5","518210","78","0","2019","1","N",1,0,0,0,0,0,0,0,"N",0.47,0,0,0,0,0,0,0,"N",1,100.0,0,0,0,0,0,0,0,0,0,0,0,0,0,0
"01125","5","518210","78","0","2019","1","N",4,0,0,0,0,0,0,0,"N",0.35,0,0,0,0,0,0,0,"N",-4,-50.0,0,0,0,0,0,0,0,0,0,0,0,0,0,0
"01127","5","518210","78","0","2019","1","N",1,0,0,0,0,0,0,0,"N",0.29,0,0,0,0,0,0,0,"N",1,100.0,0,0,0,0,0,0,0,0,0,0,0,0,0,0
"01999","5","518210","78","0","2019","1","",264,514,524,504,12489347,4297956,73560,1869,"",7.60,4.24,4.13,3.97,2.33,2.61,2.51,0.57,"",60,29.4,56,12.2,65,14.2,33,7.0,2295009,22.5,833364,24.1,-7793,-9.6,174,10.3
"02000","5","518210","58","0","2019","1","",34,75,82,79,1375950,1245897,19195,1345,"",0.63,0.11,0.11,0.11,0.06,0.11,0.10,0.53,"",6,21.4,-1,-1.3,6,7.9,2,2.6,137900,11.1,119160,10.6,1193,6.6,97,7.8
"02020","5","518210","78","0","2019","1","",18,50,56,53,629271,620159,9431,913,"",0.89,0.15,0.17,0.16,0.05,0.11,0.10,0.34,"",-2,-10.0,-11,-18.0,-5,-8.2,-9,-14.5,-155836,-19.8,-124140,-16.7,-2356,-20.0,-72,-7.3
"02090","5","518210","78","0","2019","1","",4,4,4,4,165582,141624,2259,3184,"",0.72,0.05,0.05,0.05,0.07,0.12,0.12,1.39,"N",2,100.0,0,0,0,0,0,0,0,0,0,0,0,0,0,0
"02110","5","518210","78","0","2019","1","N",1,0,0,0,0,0,0,0,"N",0.37,0,0,0,0,0,0,0,"N",0,0.0,0,0,0,0,0,0,0,0,0,0,0,0,0,0
"02122","5","518210","78","0","2019","1","N",2,0,0,0,0,0,0,0,"N",0.40,0,0,0,0,0,0,0,"N",1,100.0,0,0,0,0,0,0,0,0,0,0,0,0,0,0
"02170","5","518210","78","0","2019","1","N",2,0,0,0,0,0,0,0,"N",0.37,0,0,0,0,0,0,0,"N",1,100.0,0,0,0,0,0,0,0,0,0,0,0,0,0,0
"02261","5","518210","78","0","2019","1","N",1,0,0,0,0,0,0,0,"N",0.73,0,0,0,0,0,0,0,"N",0,0.0,0,0,0,0,0,0,0,0,0,0,0,0,0,0
"02999","5","518210","78","0","2019","1","N",6,0,0,0,0,0,0,0,"N",3.80,0,0,0,0,0,0,0,"N",4,200.0,0,0,0,0,0,0,0,0,0,0,0,0,0,0
"04000","5","518210","58","0","2019","1","",586,9699,9729,9926,281716655,70235008,1203038,2215,"",1.46,1.47,1.47,1.49,1.36,1.19,1.18,0.92,"",133,29.4,45,0.5,-8,-0.1,234,2.4,-25011665,-8.2,2475719,3.7,-766215,-38.9,-219,-9.0
"04003","5","518210","78","0","2019","1","",7,14,13,14,231360,94979,2176,1302,"",1.25,0.18,0.17,0.18,0.11,0.19,0.25,0.65,"",1,16.7,0,0.0,-2,-13.3,-1,-6.7,52924,29.7,18903,24.8,-133,-5.8,366,39.1
"04005","5","518210","78","0","2019","1","-",0,0,0,0,0,0,0,0,"N",0.00,0,0,0,0,0,0,0,"N",-1,-100.0,0,0,0,0,0,0,0,0,0,0,0,0,0,0
"04007","5","518210","78","0","2019","1","N",1,0,0,0,0,0,0,0,"N",0.41,0,0,0,0,0,0,0,"N",0,0.0,0,0,0,0,0,0,0,0,0,0,0,0,0,0
"04013","5","518210","78","0","2019","1","",350,9236,9254,9449,266075658,66734308,1132685,2198,"",1.38,1.99,1.98,2.01,1.72,1.53,1.61,0.86,"",63,22.0,79,0.9,32,0.3,276,3.0,-19366905,-6.8,2715713,4.2,-715773,-38.7,-193,-8.1
"04015","5","518210","78","0","2019","1","N",3,0,0,0,0,0,0,0,"N",0.32,0,0,0,0,0,0,0,"N",1,50.0,0,0,0,0,0,0,0,0,0,0,0,0,0,0
"04019","5","518210","78","0","2019","1","",23,164,166,169,5181738,1138367,15479,2396,"",0.49,0.19,0.19,0.20,0.21,0.17,0.15,1.11,"",-1,-4.2,-31,-15.9,-27,-14.0,-27,-13.8,-7230148,-58.3,-162770,-12.5,-7920,-33.8,-2509,-51.2
"04021","5","518210","78","0","2019","1","N",2,0,0,0,0,0,0,0,"N",0.25,0,0,0,0,0,0,0,"N",1,100.0,0,0,0,0,0,0,0,0,0,0,0,0,0,0
"04025","5","518210","78","0","2019","1","N",2,0,0,0,0,0,0,0,"N",0.14,0,0,0,0,0,0,0,"N",0,0.0,0,0,0,0,0,0,0,0,0,0,0,0,0,0
"04027","5","518210","78","0","2019","1","N",2,0,0,0,0,0,0,0,"N",0.25,0,0,0,0,0,0,0,"N",-2,-50.0,0,0,0,0,0,0,0,0,0,0,0,0,0,0
"04999","5","518210","78","0","2019","1","",196,267,275,273,9719573,2135012,50130,2752,"",5.67,3.71,3.77,3.73,2.31,2.17,2.29,0.62,"",71,56.8,28,11.7,18,7.0,14,5.4,2080637,27.2,91924,4.5,-34759,-40.9,417,17.9
"05000","2","518210","58","0","2019","1","N",1,0,0,0,0,0,0,0,"N",5.54,0,0,0,0,0,0,0,"N",0,0.0,0,0,0,0,0,0,0,0,0,0,0,0,0,0
"05000","5","518210","58","0","2019","1","",317,1597,1592,1632,38487155,14705878,323886,1842,"",1.40,0.58,0.57,0.58,0.52,0.53,0.74,0.90,"",60,23.3,238,17.5,212,15.4,273,20.1,9827963,34.3,2295821,18.5,72493,28.8,228,14.1
"05003","5","518210","78","0","2019","1","N",1,0,0,0,0,0,0,0,"N",0.70,0,0,0,0,0,0,0,"N",0,0.0,0,0,0,0,0,0,0,0,0,0,0,0,0,0
"05005","5","518210","78","0","2019","1","N",2,0,0,0,0,0,0,0,"N",0.65,0,0,0,0,0,0,0,"N",1,100.0,0,0,0,0,0,0,0,0,0,0,0,0,0,0
"05007","5","518210","78","0","2019","1","",21,185,187,192,3461249,1879473,61372,1416,"",1.26,0.68,0.68,0.69,0.28,0.49,1.24,0.42,"",-1,-4.5,19,11.4,17,10.0,26,15.7,784419,29.3,177372,10.4,16584,37.0,185,15.0
"05009","5","518210","78","0","2019","1","-",0,0,0,0,0,0,0,0,"N",0.00,0,0,0,0,0,0,0,"N",0,0,0,0,0,0,0,0,0,0,0,0,0,0,0,0
"05015","5","518210","78","0","2019","1","N",1,0,0,0,0,0,0,0,"N",0.51,0,0,0,0,0,0,0,"N",0,0.0,0,0,0,0,0,0,0,0,0,0,0,0,0,0
"05031","5","518210","78","0","2019","1","N",1,0,0,0,0,0,0,0,"N",0.14,0,0,0,0,0,0,0,"N",0,0.0,0,0,0,0,0,0,0,0,0,0,0,0,0,0
"05033","5","518210","78","0","2019","1","N",1,0,0,0,0,0,0,0,"N",0.32,0,0,0,0,0,0,0,"N",0,0.0,0,0,0,0,0,0,0,0,0,0,0,0,0,0
"05035","5","518210","78","0","2019","1","N",1,0,0,0,0,0,0,0,"N",0.33,0,0,0,0,0,0,0,"N",0,0.0,0,0,0,0,0,0,0,0,0,0,0,0,0,0
"05039","5","518210","78","0","2019","1","N",1,0,0,0,0,0,0,0,"N",1.70,0,0,0,0,0,0,0,"N",0,0.0,0,0,0,0,0,0,0,0,0,0,0,0,0,0
"05045","5","518210","78","0","2019","1","",4,96,93,93,2426260,991343,33011,1985,"",0.56,1.03,0.99,0.99,1.14,1.18,2.20,1.13,"",1,33.3,51,113.3,51,121.4,49,111.4,1820294,300.4,621707,168.2,24483,287.1,918,86.0
"05047","5","518210","78","0","2019","1","-",0,0,0,0,0,0,0,0,"N",0.00,0,0,0,0,0,0,0,"N",0,0,0,0,0,0,0,0,0,0,0,0,0,0,0,0
"05051","5","518210","78","0","2019","1","N",2,0,0,0,0,0,0,0,"N",0.26,0,0,0,0,0,0,0,"N",1,100.0,0,0,0,0,0,0,0,0,0,0,0,0,0,0
"05055","5","518210","78","0","2019","1","N",2,0,0,0,0,0,0,0,"N",0.90,0,0,0,0,0,0,0,"N",0,0.0,0,0,0,0,0,0,0,0,0,0,0,0,0,0
"05057","5","518210","78","0","2019","1","N",1,0,0,0,0,0,0,0,"N",0.76,0,0,0,0,0,0,0,"N",0,0.0,0,0,0,0,0,0,0,0,0,0,0,0,0,0
"05065","5","518210","78","0","2019","1","N",1,0,0,0,0,0,0,0,"N",1.55,0,0,0,0,0,0,0,"N",0,0.0,0,0,0,0,0,0,0,0,0,0,0,0,0,0
"05085","5","518210","78","0","2019","1","N",2,0,0,0,0,0,0,0,"N",0.61,0,0,0,0,0,0,0,"N",1,100.0,0,0,0,0,0,0,0,0,0,0,0,0,0,0
"05087","5","518210","78","0","2019","1","N",1,0,0,0,0,0,0,0,"N",1.49,0,0,0,0,0,0,0,"N",0,0.0,0,0,0,0,0,0,0,0,0,0,0,0,0,0
"05095","5","518210","78","0","2019","1","N",1,0,0,0,0,0,0,0,"N",1.39,0,0,0,0,0,0,0,"N",0,0.0,0,0,0,0,0,0,0,0,0,0,0,0,0,0
"05097","5","518210","78","0","2019","1","N",1,0,0,0,0,0,0,0,"N",2.30,0,0,0,0,0,0,0,"N",0,0.0,0,0,0,0,0,0,0,0,0,0,0,0,0,0
"05103","5","518210","78","0","2019","1","N",1,0,0,0,0,0,0,0,"N",0.61,0,0,0,0,0,0,0,"N",0,0.0,0,0,0,0,0,0,0,0,0,0,0,0,0,0
"05115","5","518210","78","0","2019","1","N",2,0,0,0,0,0,0,0,"N",0.43,0,0,0,0,0,0,0,"N",0,0.0,0,0,0,0,0,0,0,0,0,0,0,0,0,0
"05119","2","518210","78","0","2019","1","N",1,0,0,0,0,0,0,0,"N",34.81,0,0,0,0,0,0,0,"N",0,0.0,0,0,0,0,0,0,0,0,0,0,0,0,0,0
"05119","5","518210","78","0","2019","1","",38,239,238,276,4631123,2379512,37402,1419,"",1.05,0.42,0.41,0.48,0.27,0.44,0.46,0.62,"",-2,-5.0,-14,-5.5,-14,-5.6,19,7.4,580491,14.3,18076,0.8,-2501,-6.3,192,15.6
"05125","5","518210","78","0","2019","1","",4,4,4,4,69332,24230,495,1333,"",0.77,0.07,0.07,0.07,0.06,0.04,0.06,0.84,"N",1,33.3,0,0,0,0,0,0,0,0,0,0,0,0,0,0
"05131","5","518210","78","0","2019","1","N",3,0,0,0,0,0,0,0,"N",0.32,0,0,0,0,0,0,0,"N",1,50.0,0,0,0,0,0,0,0,0,0,0,0,0,0,0
"05135","5","518210","78","0","2019","1","N",1,0,0,0,0,0,0,0,"N",1.02,0,0,0,0,0,0,0,"N",0,0.0,0,0,0,0,0,0,0,0,0,0,0,0,0,0
"05137","5","518210","78","0","2019","1","N",1,0,0,0,0,0,0,0,"N",1.43,0,0,0,0,0,0,0,"N",1,100.0,0,0,0,0,0,0,0,0,0,0,0,0,0,0
"05139","5","518210","78","0","2019","1","N",1,0,0,0,0,0,0,0,"N",0.31,0,0,0,0,0,0,0,"N",0,0.0,0,0,0,0,0,0,0,0,0,0,0,0,0,0
"05143","5","518210","78","0","2019","1","",19,92,91,89,3975647,854398,28294,3373,"",1.22,0.37,0.37,0.36,0.62,0.35,0.84,1.71,"N",6,46.2,0,0,0,0,0,0,0,0,0,0,0,0,0,0
"05145","5","518210","78","0","2019","1","N",1,0,0,0,0,0,0,0,"N",0.22,0,0,0,0,0,0,0,"N",0,0.0,0,0,0,0,0,0,0,0,0,0,0,0,0,0
"05999","5","518210","78","0","2019","1","",202,287,275,276,6707221,2669608,72787,1847,"",7.50,3.68,3.25,3.25,2.27,2.44,2.48,0.67,"",50,32.9,60,26.4,49,21.7,63,29.6,1344635,25.1,527459,24.6,25939,55.4,-11,-0.6
"06000","3","518210","58","0","2019","1","N",1,0,0,0,0,0,0,0,"N",0.06,0,0,0,0,0,0,0,"N",0,0.0,0,0,0,0,0,0,0,0,0,0,0,0,0,0
"06000","5","518210","58","0","2019","1","",2620,49122,49586,49949,2516233157,352832766,15160547,3906,"",0.67,1.25,1.25,1.25,1.52,1.00,0.98,1.22,"",3,0.1,2760,6.0,2815,6.0,2661,5.6,-194677101,-7.2,14120155,4.2,303666,2.0,-549,-12.3
"06001","5","518210","78","0","2019","1","",105,5945,6001,6015,428144964,43502810,1525527,5501,"",0.66,3.32,3.33,3.32,5.14,2.59,2.06,1.55,"",4,4.0,829,16.2,764,14.6,741,14.1,148892139,53.3,6027127,16.1,194004,14.6,1377,33.4
"06003","5","518210","78","0","2019","1","N",2,0,0,0,0,0,0,0,"N",9.57,0,0,0,0,0,0,0,"N",0,0.0,0,0,0,0,0,0,0,0,0,0,0,0,0,0
"06007","5","518210","78","0","2019","1","",5,96,104,91,1676636,700350,26150,1330,"",0.24,0.53,0.56,0.49,0.36,0.55,0.45,0.68,"N",-1,-16.7,0,0,0,0,0,0,0,0,0,0,0,0,0,0
"06013","5","518210","78","0","2019","1","",56,432,437,440,16682880,2863130,153789,2941,"",0.68,0.52,0.52,0.52,0.48,0.37,0.46,0.92,"",4,7.7,99,29.7,103,30.8,96,27.9,5502202,49.2,556362,24.1,37237,31.9,389,15.2
"06017","5","518210","78","0","2019","1","",5,48,48,53,826992,342443,18696,1281,"",0.36,0.37,0.37,0.41,0.22,0.33,0.38,0.58,"",-1,-16.7,6,14.3,7,17.1,12,29.3,207613,33.5,47604,16.1,5049,37.0,128,11.1
"06019","5","518210","78","0","2019","1","",8,230,234,229,2923869,1255817,56929,974,"",0.09,0.26,0.26,0.26,0.13,0.19,0.18,0.51,"",-2,-20.0,1,0.4,6,2.6,4,1.8,-226732,-7.2,-146019,-10.4,-11400,-16.7,-92,-8.6
"06023","5","518210","78","0","2019","1","N",2,0,0,0,0,0,0,0,"N",0.14,0,0,0,0,0,0,0,"N",0,0.0,0,0,0,0,0,0,0,0,0,0,0,0,0,0
"06029","5","518210","78","0","2019","1","",6,6,6,6,79755,44217,1947,1023,"",0.12,0.01,0.01,0.01,0.00,0.01,0.01,0.48,"N",1,20.0,0,0,0,0,0,0,0,0,0,0,0,0,0,0
"06031","5","518210","78","0","2019","1","N",2,0,0,0,0,0,0,0,"N",0.19,0,0,0,0,0,0,0,"N",1,100.0,0,0,0,0,0,0,0,0,0,0,0,0,0,0
"06033","5","518210","78","0","2019","1","N",1,0,0,0,0,0,0,0,"N",0.13,0,0,0,0,0,0,0,"N",0,0.0,0,0,0,0,0,0,0,0,0,0,0,0,0,0
"06037","5","518210","78","0","2019","1","",477,9342,9381,9521,385260269,59637856,2786218,3148,"",0.38,0.92,0.91,0.93,0.99,0.65,0.71,1.08,"",-2,-0.4,1771,23.4,1738,22.7,1760,22.7,107629415,38.8,10393929,21.1,359219,14.8,359,12.9
"06041","5","518210","78","0","2019","1","",30,142,133,132,2871370,1033685,50797,1628,"",0.98,0.55,0.51,0.50,0.25,0.44,0.54,0.48,"",1,3.4,-5,-3.4,-15,-10.1,-17,-11.4,99859,3.6,-36366,-3.4,1145,2.3,188,13.1
"06045","5","518210","78","0","2019","1","-",0,0,0,0,0,0,0,0,"N",0.00,0,0,0,0,0,0,0,"N",0,0,0,0,0,0,0,0,0,0,0,0,0,0,0,0
"06047","5","518210","78","0","2019","1","-",0,0,0,0,0,0,0,0,"N",0.00,0,0,0,0,0,0,0,"N",-1,-100.0,0,0,0,0,0,0,0,0,0,0,0,0,0,0
"06053","5","518210","78","0","2019","1","",8,22,23,23,743653,166296,9362,2524,"",0.23,0.06,0.06,0.06,0.07,0.05,0.06,1.17,"",2,33.3,4,22.2,5,27.8,5,27.8,112132,17.8,38546,30.2,1637,21.2,-175,-6.5
"06055","5","518210","78","0","2019","1","",7,49,50,50,1324321,129503,6307,2051,"",0.48,0.29,0.28,0.28,0.24,0.08,0.09,0.83,"",1,16.7,9,22.5,10,25.0,8,19.0,3827,0.3,-35497,-21.5,-487,-7.2,-447,-17.9
"06057","5","518210","78","0","2019","1","-",0,0,0,0,0,0,0,0,"N",0.00,0,0,0,0,0,0,0,"N",0,0,0,0,0,0,0,0,0,0,0,0,0,0,0,0
"06059","3","518210","78","0","2019","1","N",1,0,0,0,0,0,0,0,"N",0.82,0,0,0,0,0,0,0,"N",0,0.0,0,0,0,0,0,0,0,0,0,0,0,0,0,0
"06059","5","518210","78","0","2019","1","",201,2387,2414,2446,60828108,19754303,967276,1937,"",0.66,0.64,0.65,0.65,0.43,0.54,0.61,0.66,"",6,3.1,-28,-1.2,-12,-0.5,10,0.4,5635535,10.2,1339250,7.3,38883,4.2,187,10.7
"06061","5","518210","78","0","2019","1","",14,100,103,99,1653616,718963,32107,1264,"",0.42,0.26,0.26,0.25,0.13,0.21,0.22,0.50,"",2,16.7,-5,-4.8,0,0.0,-8,-7.5,66612,4.2,-30528,-4.1,-9166,-22.2,101,8.7
"06065","5","518210","78","0","2019","1","",29,462,451,453,11971308,406059,14975,2022,"",0.17,0.27,0.26,0.26,0.25,0.03,0.02,0.96,"",2,7.4,298,181.7,293,185.4,289,176.2,7334153,158.2,-24053,-5.6,-718,-4.6,-180,-8.2
"06067","5","518210","78","0","2019","1","",43,1081,1085,1082,33934251,7299517,408737,2411,"",0.29,0.71,0.71,0.70,0.62,0.68,0.85,0.87,"",-2,-4.4,-59,-5.2,-50,-4.4,-66,-5.7,-352753,-1.0,-430644,-5.6,-7828,-1.9,99,4.3
"06071","5","518210","78","0","2019","1","",13,30,31,29,510819,208156,5354,1310,"",0.09,0.02,0.02,0.02,0.01,0.01,0.01,0.61,"",-5,-27.8,-55,-64.7,-50,-61.7,-53,-64.6,-614729,-54.6,-315747,-60.3,-15425,-74.2,263,25.1
"06073","5","518210","78","0","2019","1","",180,2568,2621,2603,72778414,19323958,942072,2155,"",0.64,0.77,0.78,0.77,0.58,0.68,0.76,0.76,"",7,4.0,343,15.4,392,17.6,353,15.7,15969807,28.1,2912886,17.7,133593,16.5,199,10.2
"06075","5","518210","78","0","2019","1","",367,11780,11955,12147,709819276,87821837,3445147,4565,"",2.43,6.96,6.97,7.05,5.05,4.91,4.37,0.72,"",-9,-2.4,80,0.7,50,0.4,59,0.5,-408954909,-36.6,-1003787,-1.1,-14550,-0.4,-2668,-36.9
"06077","5","518210","78","0","2019","1","N",1,0,0,0,0,0,0,0,"N",0.02,0,0,0,0,0,0,0,"N",0,0.0,0,0,0,0,0,0,0,0,0,0,0,0,0,0
"06079","5","518210","78","0","2019","1","",9,93,96,98,1852206,658014,28124,1489,"",0.35,0.35,0.35,0.36,0.24,0.31,0.33,0.67,"",4,80.0,12,14.8,13,15.7,14,16.7,495562,36.5,84950,14.8,-582,-2.0,227,18.0
"06081","5","518210","78","0","2019","1","",123,3927,3940,3959,195804696,29318802,1333317,3821,"",1.74,4.24,4.23,4.23,2.68,2.84,3.15,0.63,"",3,2.5,412,11.7,374,10.5,317,8.7,-9574328,-4.7,2881800,10.9,88740,7.1,-599,-13.6
"06083","5","518210","78","0","2019","1","",16,198,195,198,5590767,1343935,74137,2183,"",0.42,0.45,0.44,0.44,0.40,0.38,0.51,0.91,"",1,6.7,-7,-3.4,-5,-2.5,-9,-4.3,-32505,-0.6,13143,1.0,5358,7.8,63,3.0
"06085","5","518210","78","0","2019","1","",325,7415,7473,7462,457267769,54527088,2235270,4721,"",1.78,2.95,2.96,2.94,2.21,2.05,1.95,0.75,"",-21,-6.1,-381,-4.9,-215,-2.8,-263,-3.4,-64929145,-12.4,-4955010,-8.3,-388548,-14.8,-471,-9.1
"06087","5","518210","78","0","2019","1","",10,31,30,34,1043025,224914,6073,2534,"",0.42,0.14,0.13,0.15,0.15,0.12,0.08,1.09,"",3,42.9,0,0.0,-3,-9.1,1,3.0,-44422,-4.1,-9451,-4.0,-638,-9.5,-53,-2.0
"06089","5","518210","78","0","2019","1","",7,18,20,18,242931,106698,4601,1001,"",0.39,0.12,0.13,0.12,0.06,0.09,0.09,0.52,"",3,75.0,11,157.1,11,122.2,8,80.0,101729,72.0,55224,107.3,1840,66.6,-252,-20.1
"06093","5","518210","78","0","2019","1","N",2,0,0,0,0,0,0,0,"N",0.46,0,0,0,0,0,0,0,"N",1,100.0,0,0,0,0,0,0,0,0,0,0,0,0,0,0
"06095","5","518210","78","0","2019","1","",8,85,79,86,1762938,536575,26840,1627,"",0.27,0.26,0.24,0.27,0.15,0.21,0.24,0.57,"N",1,14.3,0,0,0,0,0,0,0,0,0,0,0,0,0,0
"06097","3","518210","78","0","2019","1","-",0,0,0,0,0,0,0,0,"N",0.00,0,0,0,0,0,0,0,"N",0,0,0,0,0,0,0,0,0,0,0,0,0,0,0,0
"06097","5","518210","78","0","2019","1","",11,88,87,89,1433093,607871,33492,1253,"",0.22,0.19,0.18,0.19,0.09,0.14,0.18,0.51,"",1,10.0,5,6.0,4,4.8,6,7.2,212452,17.4,25795,4.4,5272,18.7,122,10.8
"06099","5","518210","78","0","2019","1","N",5,0,0,0,0,0,0,0,"N",0.13,0,0,0,0,0,0,0,"N",0,0.0,0,0,0,0,0,0,0,0,0,0,0,0,0,0
"06107","5","518210","78","0","2019","1","N",1,0,0,0,0,0,0,0,"N",0.04,0,0,0,0,0,0,0,"N",1,100.0,0,0,0,0,0,0,0,0,0,0,0,0,0,0
"06111","5","518210","78","0","2019","1","",31,313,307,300,23416637,2519570,136086,5874,"",0.45,0.42,0.41,0.40,0.91,0.39,0.48,2.22,"",3,10.7,-8,-2.5,-19,-5.8,-23,-7.1,-2892667,-11.0,-78681,-3.0,-4785,-3.4,-385,-6.2
"06113","5","518210","78","0","2019","1","N",1,0,0,0,0,0,0,0,"N",0.06,0,0,0,0,0,0,0,"N",-1,-50.0,0,0,0,0,0,0,0,0,0,0,0,0,0,0
"06115","5","518210","78","0","2019","1","N",2,0,0,0,0,0,0,0,"N",0.48,0,0,0,0,0,0,0,"N",0,0.0,0,0,0,0,0,0,0,0,0,0,0,0,0,0
"06999","5","518210","78","0","2019","1","",507,2177,2227,2228,94990169,17456054,819252,3305,"",4.37,2.52,2.55,2.55,1.81,1.59,1.53,0.71,"",-4,-0.8,-615,-22.0,-609,-21.5,-625,-21.9,-353324,-0.4,-3538403,-16.9,-124501,-13.2,711,27.4
"08000","5","518210","58","0","2019","1","",1240,13202,13330,13357,460107743,164778875,3003953,2662,"",2.39,2.16,2.17,2.16,2.05,1.99,2.17,0.95,"",147,13.4,1809,15.9,1738,15.0,1626,13.9,114253147,33.0,27024948,19.6,404567,15.6,363,15.8
"08001","5","518210","78","0","2019","1","",45,308,305,302,6520964,3308377,113388,1645,"",1.58,0.62,0.61,0.60,0.41,0.54,1.08,0.67,"",14,45.2,8,2.7,12,4.1,7,2.4,-2401,0.0,250819,8.2,25763,29.4,-50,-2.9
"08005","5","518210","78","0","2019","1","",161,2988,3006,2981,156448625,39215357,699933,4023,"",2.89,3.99,3.99,3.95,4.87,3.46,3.65,1.22,"",20,14.2,571,23.6,542,22.0,511,20.7,64738975,70.6,7864930,25.1,107159,18.1,1144,39.7
"08013","5","518210","78","0","2019","1","",160,1015,1035,1032,25607289,12914092,282018,1917,"",4.08,2.42,2.45,2.43,1.44,2.29,2.98,0.59,"",14,9.6,148,17.1,148,16.7,133,14.8,4626553,22.1,2389560,22.7,62274,28.3,92,5.0
"08014","5","518210","78","0","2019","1","",35,539,545,555,22058700,7224432,127357,3106,"",4.89,5.93,5.98,6.09,4.16,4.36,4.91,0.69,"",-1,-2.8,47,9.6,52,10.5,56,11.2,4517780,25.8,1179490,19.5,-19345,-13.2,378,13.9
"08015","5","518210","78","0","2019","1","N",1,0,0,0,0,0,0,0,"N",0.39,0,0,0,0,0,0,0,"N",0,0.0,0,0,0,0,0,0,0,0,0,0,0,0,0,0
"08019","5","518210","78","0","2019","1","N",1,0,0,0,0,0,0,0,"N",1.07,0,0,0,0,0,0,0,"N",0,0.0,0,0,0,0,0,0,0,0,0,0,0,0,0,0
"08029","5","518210","78","0","2019","1","N",1,0,0,0,0,0,0,0,"N",0.44,0,0,0,0,0,0,0,"N",0,0.0,0,0,0,0,0,0,0,0,0,0,0,0,0,0
"08031","5","518210","78","0","2019","1","",350,3550,3586,3617,118158855,44020762,840752,2536,"",4.17,3.01,3.03,3.04,2.19,2.49,2.85,0.72,"",46,15.1,712,25.1,729,25.5,703,24.1,36718630,45.1,9843474,28.8,102007,13.8,353,16.2
"08035","5","518210","78","0","2019","1","",94,1164,1183,1171,41998092,14870918,221666,2755,"",3.04,3.99,4.07,4.03,3.55,3.40,3.12,0.88,"",8,9.3,-252,-17.8,-250,-17.4,-267,-18.6,-13870897,-24.8,-2898824,-16.3,-23362,-9.5,-252,-8.4
"08037","5","518210","78","0","2019","1","N",9,0,0,0,0,0,0,0,"N",1.02,0,0,0,0,0,0,0,"N",2,28.6,0,0,0,0,0,0,0,0,0,0,0,0,0,0
"08039","5","518210","78","0","2019","1","",6,10,9,9,459680,118299,4426,3789,"",3.51,1.21,1.09,1.07,2.24,0.99,2.80,1.99,"N",2,50.0,0,0,0,0,0,0,0,0,0,0,0,0,0,0
"08041","5","518210","78","0","2019","1","",93,516,515,513,12118981,5821996,159029,1811,"",1.84,0.82,0.81,0.81,0.63,0.78,1.23,0.77,"",10,12.0,-7,-1.3,-23,-4.3,-38,-6.9,572439,5.0,141619,2.5,31209,24.4,158,9.6
"08043","5","518210","78","0","2019","1","",5,6,6,6,79158,62614,1313,1015,"",2.15,0.20,0.20,0.20,0.11,0.28,0.40,0.56,"N",3,150.0,0,0,0,0,0,0,0,0,0,0,0,0,0,0
"08045","5","518210","78","0","2019","1","",5,5,5,5,74791,45247,1184,1151,"",0.75,0.09,0.09,0.08,0.04,0.06,0.09,0.51,"N",2,66.7,0,0,0,0,0,0,0,0,0,0,0,0,0,0
"08049","5","518210","78","0","2019","1","N",1,0,0,0,0,0,0,0,"N",0.47,0,0,0,0,0,0,0,"N",-2,-66.7,0,0,0,0,0,0,0,0,0,0,0,0,0,0
"08051","5","518210","78","0","2019","1","N",2,0,0,0,0,0,0,0,"N",0.66,0,0,0,0,0,0,0,"N",1,100.0,0,0,0,0,0,0,0,0,0,0,0,0,0,0
"08053","5","518210","78","0","2019","1","-",0,0,0,0,0,0,0,0,"N",0.00,0,0,0,0,0,0,0,"N",0,0,0,0,0,0,0,0,0,0,0,0,0,0,0,0
"08055","5","518210","78","0","2019","1","N",1,0,0,0,0,0,0,0,"N",2.26,0,0,0,0,0,0,0,"N",1,100.0,0,0,0,0,0,0,0,0,0,0,0,0,0,0
"08059","5","518210","78","0","2019","1","",124,2104,2122,2135,56661953,25618652,325993,2056,"",2.43,3.87,3.89,3.91,2.84,3.51,2.81,0.73,"",14,12.7,368,21.2,308,17.0,300,16.3,10316061,22.3,4714624,22.6,59752,22.4,70,3.5
"08065","5","518210","78","0","2019","1","N",2,0,0,0,0,0,0,0,"N",3.31,0,0,0,0,0,0,0,"N",0,0.0,0,0,0,0,0,0,0,0,0,0,0,0,0,0
"08067","5","518210","78","0","2019","1","",8,16,16,16,358178,163131,3338,1722,"",1.22,0.28,0.28,0.28,0.23,0.23,0.35,0.85,"",-3,-27.3,3,23.1,3,23.1,0,0.0,129746,56.8,38383,30.8,242,7.8,467,37.2
"08069","5","518210","78","0","2019","1","",63,691,703,723,13310364,8243735,167368,1451,"",2.02,1.89,1.91,1.95,1.14,1.93,2.43,0.60,"",10,18.9,176,34.2,187,36.2,200,38.2,5168610,63.5,2953250,55.8,54471,48.2,242,20.0
"08071","5","518210","78","0","2019","1","-",0,0,0,0,0,0,0,0,"N",0.00,0,0,0,0,0,0,0,"N",-1,-100.0,0,0,0,0,0,0,0,0,0,0,0,0,0,0
"08075","5","518210","78","0","2019","1","N",1,0,0,0,0,0,0,0,"N",0.62,0,0,0,0,0,0,0,"N",1,100.0,0,0,0,0,0,0,0,0,0,0,0,0,0,0
"08077","5","518210","78","0","2019","1","",9,48,50,50,771695,565140,5273,1203,"",0.72,0.34,0.35,0.35,0.21,0.37,0.17,0.61,"",0,0.0,1,2.1,2,4.2,1,2.0,-46130,-5.6,42843,8.2,-104,-1.9,-108,-8.2
"08083","5","518210","78","0","2019","1","N",2,0,0,0,0,0,0,0,"N",0.87,0,0,0,0,0,0,0,"N",0,0.0,0,0,0,0,0,0,0,0,0,0,0,0,0,0
"08085","5","518210","78","0","2019","1","N",2,0,0,0,0,0,0,0,"N",0.58,0,0,0,0,0,0,0,"N",1,100.0,0,0,0,0,0,0,0,0,0,0,0,0,0,0
"08089","5","518210","78","0","2019","1","N",1,0,0,0,0,0,0,0,"N",0.79,0,0,0,0,0,0,0,"N",0,0.0,0,0,0,0,0,0,0,0,0,0,0,0,0,0
"08093","5","518210","78","0","2019","1","N",3,0,0,0,0,0,0,0,"N",2.18,0,0,0,0,0,0,0,"N",0,0.0,0,0,0,0,0,0,0,0,0,0,0,0,0,0
"08097","5","518210","78","0","2019","1","N",2,0,0,0,0,0,0,0,"N",0.44,0,0,0,0,0,0,0,"N",0,0.0,0,0,0,0,0,0,0,0,0,0,0,0,0,0
"08101","5","518210","78","0","2019","1","N",4,0,0,0,0,0,0,0,"N",0.46,0,0,0,0,0,0,0,"N",0,0.0,0,0,0,0,0,0,0,0,0,0,0,0,0,0
"08107","5","518210","78","0","2019","1","N",2,0,0,0,0,0,0,0,"N",0.44,0,0,0,0,0,0,0,"N",0,0.0,0,0,0,0,0,0,0,0,0,0,0,0,0,0
"08111","5","518210","78","0","2019","1","N",1,0,0,0,0,0,0,0,"N",5.22,0,0,0,0,0,0,0,"N",0,0.0,0,0,0,0,0,0,0,0,0,0,0,0,0,0
"08113","5","518210","78","0","2019","1","N",2,0,0,0,0,0,0,0,"N",1.15,0,0,0,0,0,0,0,"N",0,0.0,0,0,0,0,0,0,0,0,0,0,0,0,0,0
"08117","5","518210","78","0","2019","1","",4,3,4,4,51681,30347,648,1084,"",0.69,0.05,0.07,0.07,0.04,0.04,0.06,0.62,"",-1,-20.0,-7,-70.0,-6,-60.0,-6,-60.0,-176841,-77.4,-65385,-68.3,-904,-58.2,-674,-38.3
"08119","5","518210","78","0","2019","1","N",3,0,0,0,0,0,0,0,"N",1.32,0,0,0,0,0,0,0,"N",0,0.0,0,0,0,0,0,0,0,0,0,0,0,0,0,0
"08123","5","518210","78","0","2019","1","",30,66,66,64,1796249,706769,18369,2115,"",1.58,0.26,0.26,0.25,0.22,0.20,0.30,0.86,"",4,15.4,7,11.9,2,3.1,0,0.0,379404,26.8,86299,13.9,1888,11.5,367,21.0
"08999","5","518210","78","0","2019","1","",7,43,44,46,1511779,612111,10857,2623,"",0.47,0.81,0.79,0.80,0.52,0.56,0.41,0.65,"N",3,75.0,0,0,0,0,0,0,0,0,0,0,0,0,0,0
"09000","3","518210","58","0","2019","1","N",1,0,0,0,0,0,0,0,"N",0.83,0,0,0,0,0,0,0,"N",0,0.0,0,0,0,0,0,0,0,0,0,0,0,0,0,0
"09000","5","518210","58","0","2019","1","",308,1894,1902,1925,58335106,26353117,978786,2353,"",1.02,0.50,0.51,0.51,0.35,0.52,0.55,0.69,"",104,51.0,47,2.5,57,3.1,85,4.6,11251231,23.9,1919369,7.9,152938,18.5,389,19.8
"09001","5","518210","78","0","2019","1","",116,311,326,329,12609766,4648633,206197,3012,"",1.28,0.33,0.35,0.35,0.22,0.33,0.41,0.64,"",42,56.8,-32,-9.3,-10,-3.0,2,0.6,2089814,19.9,145163,3.2,22251,12.1,599,24.8
"09003","5","518210","78","0","2019","1","",51,826,828,846,24191312,12695080,414921,2233,"",0.71,0.71,0.72,0.73,0.47,0.77,0.73,0.66,"",11,27.5,26,3.2,23,2.9,33,4.1,5909709,32.3,1712807,15.6,74548,21.9,488,28.0
"09005","5","518210","78","0","2019","1","",13,21,21,19,230457,169239,4667,872,"",0.85,0.15,0.15,0.14,0.06,0.11,0.08,0.42,"",5,62.5,0,0.0,2,10.5,1,5.6,45515,24.6,28574,20.3,1244,36.3,136,18.5
"09007","5","518210","78","0","2019","1","",10,13,15,15,744954,225000,6299,3998,"",0.74,0.08,0.10,0.10,0.14,0.12,0.10,1.55,"N",6,150.0,0,0,0,0,0,0,0,0,0,0,0,0,0,0
"09009","5","518210","78","0","2019","1","",56,300,297,304,6133913,3076866,103594,1571,"",0.90,0.36,0.36,0.37,0.22,0.33,0.30,0.61,"",25,80.6,27,9.9,27,10.0,38,14.3,1377137,29.0,462909,17.7,25846,33.2,214,15.8
"09011","3","518210","78","0","2019","1","N",1,0,0,0,0,0,0,0,"N",13.14,0,0,0,0,0,0,0,"N",0,0.0,0,0,0,0,0,0,0,0,0,0,0,0,0,0
"09011","5","518210","78","0","2019","1","",13,20,17,16,533566,276197,7647,2323,"",0.68,0.07,0.06,0.06,0.05,0.08,0.07,0.85,"",4,44.4,-9,-31.0,-11,-39.3,-11,-40.7,-17788,-3.2,-54105,-16.4,-5099,-40.0,808,53.3
"09013","5","518210","78","0","2019","1","",9,13,11,10,167773,117731,4296,1139,"",1.10,0.14,0.12,0.11,0.06,0.14,0.16,0.52,"",2,28.6,2,18.2,1,10.0,0,0.0,29917,21.7,19238,19.5,-677,-13.6,113,11.0
"09015","5","518210","78","0","2019","1","N",3,0,0,0,0,0,0,0,"N",0.40,0,0,0,0,0,0,0,"N",2,200.0,0,0,0,0,0,0,0,0,0,0,0,0,0,0
"09999","5","518210","78","0","2019","1","N",37,0,0,0,0,0,0,0,"N",2.45,0,0,0,0,0,0,0,"N",7,23.3,0,0,0,0,0,0,0,0,0,0,0,0,0,0
"10000","2","518210","58","0","2019","1","N",1,0,0,0,0,0,0,0,"N",14.96,0,0,0,0,0,0,0,"N",0,0.0,0,0,0,0,0,0,0,0,0,0,0,0,0,0
"10000","5","518210","58","0","2019","1","",109,394,395,395,10773602,5370516,125577,2100,"",1.30,0.39,0.39,0.39,0.29,0.40,0.72,0.75,"",9,9.0,-146,-27.0,-143,-26.6,-140,-26.2,-1066480,-9.0,-1307421,-19.6,14072,12.6,406,24.0
"10001","2","518210","78","0","2019","1","N",1,0,0,0,0,0,0,0,"N",116.91,0,0,0,0,0,0,0,"N",0,0.0,0,0,0,0,0,0,0,0,0,0,0,0,0,0
"10001","5","518210","78","0","2019","1","N",14,0,0,0,0,0,0,0,"N",1.30,0,0,0,0,0,0,0,"N",1,7.7,0,0,0,0,0,0,0,0,0,0,0,0,0,0
"10003","5","518210","78","0","2019","1","",74,341,342,340,8814502,4651673,113702,1988,"",1.42,0.52,0.52,0.51,0.32,0.48,0.92,0.61,"",10,15.6,-137,-28.7,-133,-28.0,-135,-28.4,-64003,-0.7,-1204895,-20.6,17089,17.7,553,38.5
"10005","5","518210","78","0","2019","1","",16,32,32,34,1156877,387162,4102,2724,"",0.88,0.18,0.18,0.19,0.27,0.19,0.16,1.49,"N",0,0.0,0,0,0,0,0,0,0,0,0,0,0,0,0,0
"10999","5","518210","78","0","2019","1","N",5,0,0,0,0,0,0,0,"N",1.65,0,0,0,0,0,0,0,"N",-2,-28.6,0,0,0,0,0,0,0,0,0,0,0,0,0,0
"11000","5","518210","58","0","2019","1","",257,1010,1025,1015,29802927,8560329,223045,2255,"",2.58,0.58,0.58,0.57,0.30,0.57,0.60,0.51,"",72,38.9,240,31.2,253,32.8,254,33.4,8880111,42.4,1479125,20.9,38223,20.7,158,7.5
"11001","5","518210","78","0","2019","1","",257,1010,1025,1015,29802927,8560329,223045,2255,"",2.58,0.58,0.58,0.57,0.30,0.57,0.60,0.51,"",72,38.9,240,31.2,253,32.8,254,33.4,8880111,42.4,1479125,20.9,38223,20.7,158,7.5
"12000","2","518210","58","0","2019","1","N",1,0,0,0,0,0,0,0,"N",0.71,0,0,0,0,0,0,0,"N",0,0.0,0,0,0,0,0,0,0,0,0,0,0,0,0,0
"12000","3","518210","58","0","2019","1","N",2,0,0,0,0,0,0,0,"N",0.29,0,0,0,0,0,0,0,"N",0,0.0,0,0,0,0,0,0,0,0,0,0,0,0,0,0
"12000","5","518210","58","0","2019","1","",1693,19321,19371,19332,754103460,148993377,1258209,2999,"",0.96,0.96,0.95,0.95,1.23,0.84,1.08,1.29,"",87,5.4,605,3.2,514,2.7,661,3.5,126941795,20.2,13052578,9.6,-155887,-11.0,426,16.6
"12001","5","518210","78","0","2019","1","",8,31,31,32,585955,385958,1920,1439,"",0.44,0.10,0.10,0.10,0.07,0.21,0.17,0.67,"N",0,0.0,0,0,0,0,0,0,0,0,0,0,0,0,0,0
"12005","5","518210","78","0","2019","1","N",3,0,0,0,0,0,0,0,"N",0.21,0,0,0,0,0,0,0,"N",1,50.0,0,0,0,0,0,0,0,0,0,0,0,0,0,0
"12009","5","518210","78","0","2019","1","",26,130,127,134,2775263,984021,19111,1638,"",0.64,0.26,0.25,0.26,0.19,0.23,0.73,0.74,"",3,13.0,27,26.2,16,14.4,23,20.7,280248,11.2,183880,23.0,4855,34.1,-134,-7.6
"12011","5","518210","78","0","2019","1","",160,4293,4288,4302,260379205,30173405,183111,4664,"",0.91,2.30,2.28,2.29,4.29,1.77,1.53,1.87,"",3,1.9,16,0.4,55,1.3,78,1.8,42184020,19.3,502477,1.7,-53831,-22.7,710,18.0
"12015","5","518210","78","0","2019","1","N",8,0,0,0,0,0,0,0,"N",0.67,0,0,0,0,0,0,0,"N",1,14.3,0,0,0,0,0,0,0,0,0,0,0,0,0,0
"12017","5","518210","78","0","2019","1","",4,9,9,10,180027,52398,673,1484,"",0.50,0.12,0.12,0.13,0.11,0.09,0.22,0.88,"",-1,-20.0,3,50.0,2,28.6,3,42.9,91287,102.9,5274,11.2,495,278.1,460,44.9
"12019","5","518210","78","0","2019","1","N",3,0,0,0,0,0,0,0,"N",0.26,0,0,0,0,0,0,0,"N",0,0.0,0,0,0,0,0,0,0,0,0,0,0,0,0,0
"12021","5","518210","78","0","2019","1","",20,19,20,22,354306,135355,920,1340,"",0.54,0.05,0.06,0.06,0.03,0.04,0.05,0.62,"",7,53.8,2,11.8,3,17.6,7,46.7,56133,18.8,18486,15.8,-268,-22.6,-64,-4.6
"12031","3","518210","78","0","2019","1","N",1,0,0,0,0,0,0,0,"N",3.35,0,0,0,0,0,0,0,"N",0,0.0,0,0,0,0,0,0,0,0,0,0,0,0,0,0
"12031","5","518210","78","0","2019","1","",73,2008,2001,1997,134377514,25683891,112953,5163,"",0.97,1.70,1.68,1.67,3.38,2.42,1.60,2.01,"",1,1.4,263,15.1,114,6.0,105,5.5,52058995,63.2,8831349,52.4,10636,10.4,1724,50.1
"12033","5","518210","78","0","2019","1","",4,13,13,14,185523,76423,1047,1070,"",0.19,0.04,0.04,0.04,0.02,0.03,0.07,0.52,"N",0,0.0,0,0,0,0,0,0,0,0,0,0,0,0,0,0
"12035","5","518210","78","0","2019","1","N",10,0,0,0,0,0,0,0,"N",1.52,0,0,0,0,0,0,0,"N",1,11.1,0,0,0,0,0,0,0,0,0,0,0,0,0,0
"12041","5","518210","78","0","2019","1","N",1,0,0,0,0,0,0,0,"N",1.19,0,0,0,0,0,0,0,"N",0,0.0,0,0,0,0,0,0,0,0,0,0,0,0,0,0
"12053","5","518210","78","0","2019","1","",5,13,9,10,76279,54827,180,550,"",0.52,0.13,0.09,0.10,0.03,0.06,0.04,0.33,"N",0,0.0,0,0,0,0,0,0,0,0,0,0,0,0,0,0
"12055","5","518210","78","0","2019","1","N",1,0,0,0,0,0,0,0,"N",0.17,0,0,0,0,0,0,0,"N",0,0.0,0,0,0,0,0,0,0,0,0,0,0,0,0,0
"12057","5","518210","78","0","2019","1","",126,2724,2812,2733,97978764,20282702,99032,2734,"",1.14,1.70,1.75,1.69,1.80,1.39,1.02,1.05,"",7,5.9,-109,-3.8,-95,-3.3,-71,-2.5,7828255,8.7,15794,0.1,-43066,-30.3,299,12.3
"12061","5","518210","78","0","2019","1","",11,52,51,50,777631,359289,1452,1173,"",0.85,0.42,0.41,0.40,0.25,0.35,0.18,0.61,"",1,10.0,13,33.3,11,27.5,7,16.3,155714,25.0,89763,33.3,497,52.0,-3,-0.3
"12063","5","518210","78","0","2019","1","N",1,0,0,0,0,0,0,0,"N",0.42,0,0,0,0,0,0,0,"N",0,0.0,0,0,0,0,0,0,0,0,0,0,0,0,0,0
"12069","5","518210","78","0","2019","1","N",6,0,0,0,0,0,0,0,"N",0.28,0,0,0,0,0,0,0,"N",-4,-40.0,0,0,0,0,0,0,0,0,0,0,0,0,0,0
"12071","5","518210","78","0","2019","1","",36,188,187,186,5354410,1298725,14637,2203,"",0.62,0.31,0.30,0.30,0.33,0.25,0.47,1.10,"",-2,-5.3,24,14.6,0,0.0,2,1.1,639282,13.6,-51036,-3.8,-2178,-13.0,169,8.3
"12073","2","518210","78","0","2019","1","N",1,0,0,0,0,0,0,0,"N",57.06,0,0,0,0,0,0,0,"N",0,0.0,0,0,0,0,0,0,0,0,0,0,0,0,0,0
"12073","3","518210","78","0","2019","1","N",1,0,0,0,0,0,0,0,"N",11.41,0,0,0,0,0,0,0,"N",0,0.0,0,0,0,0,0,0,0,0,0,0,0,0,0,0
"12073","5","518210","78","0","2019","1","",32,779,820,795,9049281,4481883,84012,872,"",1.45,2.23,2.33,2.26,0.99,2.16,7.17,0.44,"",11,52.4,-15,-1.9,85,11.6,114,16.7,766502,9.3,579770,14.9,-9370,-10.0,7,0.8
"12081","5","518210","78","0","2019","1","",21,39,34,41,1038908,240555,3510,2103,"",0.74,0.13,0.11,0.14,0.14,0.09,0.21,1.10,"",-2,-8.7,4,11.4,1,3.0,8,24.2,280567,37.0,31302,15.0,1177,50.5,370,21.4
"12083","5","518210","78","0","2019","1","",7,3,3,3,47210,21806,568,1211,"",0.32,0.01,0.01,0.01,0.01,0.01,0.06,0.72,"N",1,16.7,0,0,0,0,0,0,0,0,0,0,0,0,0,0
"12085","5","518210","78","0","2019","1","",10,18,20,20,370114,139557,2511,1473,"",0.62,0.11,0.12,0.12,0.10,0.10,0.28,0.79,"N",-1,-9.1,0,0,0,0,0,0,0,0,0,0,0,0,0,0
"12086","5","518210","78","0","2019","1","",171,836,824,800,26817951,6083057,81503,2516,"",0.68,0.32,0.31,0.30,0.30,0.26,0.46,0.97,"",8,4.9,6,0.7,-15,-1.8,-38,-4.5,1688395,6.7,126319,2.1,-2761,-3.3,203,8.8
"12087","5","518210","78","0","2019","1","N",2,0,0,0,0,0,0,0,"N",0.18,0,0,0,0,0,0,0,"N",-1,-33.3,0,0,0,0,0,0,0,0,0,0,0,0,0,0
"12089","5","518210","78","0","2019","1","N",3,0,0,0,0,0,0,0,"N",0.54,0,0,0,0,0,0,0,"N",0,0.0,0,0,0,0,0,0,0,0,0,0,0,0,0,0
"12091","5","518210","78","0","2019","1","",11,94,99,101,1454114,597281,2679,1141,"",0.66,0.49,0.51,0.51,0.28,0.40,0.29,0.56,"",-3,-21.4,-13,-12.1,-9,-8.3,-9,-8.2,-108307,-6.9,-54993,-8.4,-1968,-42.3,32,2.9
"12095","5","518210","78","0","2019","1","",123,1938,1891,1910,40222549,13323605,157931,1617,"",1.12,0.99,0.96,0.96,0.68,0.75,1.64,0.70,"",5,4.2,-26,-1.3,-35,-1.8,-4,-0.2,2446046,6.5,162102,1.2,-40564,-20.4,115,7.7
"12097","5","518210","78","0","2019","1","N",9,0,0,0,0,0,0,0,"N",0.48,0,0,0,0,0,0,0,"N",0,0.0,0,0,0,0,0,0,0,0,0,0,0,0,0,0
"12099","5","518210","78","0","2019","1","",149,711,717,725,19131475,5048429,41132,2051,"",1.03,0.51,0.51,0.51,0.41,0.38,0.44,0.80,"",4,2.8,-40,-5.3,-35,-4.7,-39,-5.1,-2061237,-9.7,-272850,-5.1,-11716,-22.2,-106,-4.9
"12101","5","518210","78","0","2019","1","",12,48,50,50,1066603,354158,5201,1663,"",0.42,0.17,0.18,0.18,0.17,0.17,0.42,0.96,"",2,20.0,32,200.0,36,257.1,36,257.1,923859,647.2,257457,266.2,3855,286.4,914,122.0
"12103","5","518210","78","0","2019","1","",80,910,895,894,24168563,6563827,68986,2066,"",0.94,0.91,0.89,0.88,0.84,0.75,1.28,0.94,"",0,0.0,-3,-0.3,-15,-1.6,-10,-1.1,3963962,19.6,145775,2.3,-12782,-15.6,356,20.8
"12105","5","518210","78","0","2019","1","",13,52,58,59,1015395,397180,2586,1387,"",0.37,0.10,0.11,0.11,0.08,0.09,0.10,0.72,"",1,8.3,-3,-5.5,5,9.4,4,7.3,57076,6.0,29442,8.0,-990,-27.7,30,2.2
"12109","5","518210","78","0","2019","1","N",23,0,0,0,0,0,0,0,"N",1.19,0,0,0,0,0,0,0,"N",2,9.5,0,0,0,0,0,0,0,0,0,0,0,0,0,0
"12111","5","518210","78","0","2019","1","N",3,0,0,0,0,0,0,0,"N",0.18,0,0,0,0,0,0,0,"N",-2,-40.0,0,0,0,0,0,0,0,0,0,0,0,0,0,0
"12113","5","518210","78","0","2019","1","",6,6,8,7,114518,53867,548,1258,"",0.66,0.07,0.09,0.08,0.06,0.08,0.16,0.73,"",2,50.0,0,0.0,2,33.3,2,40.0,32652,39.9,17267,47.2,-76,-12.2,147,13.2
"12115","5","518210","78","0","2019","1","",21,56,56,67,1152965,331864,1287,1486,"",0.52,0.14,0.14,0.17,0.11,0.09,0.06,0.71,"",2,10.5,3,5.7,0,0.0,11,19.6,-138553,-10.7,-18410,-5.3,-1966,-60.4,-320,-17.7
"12117","5","518210","78","0","2019","1","",42,1558,1548,1547,36557955,10152946,111138,1813,"",1.09,3.44,3.38,3.36,2.77,2.43,4.37,0.81,"",5,13.5,214,15.9,180,13.2,203,15.1,6162037,20.3,1306639,14.8,47782,75.4,84,4.9
"12119","5","518210","78","0","2019","1","N",2,0,0,0,0,0,0,0,"N",0.40,0,0,0,0,0,0,0,"N",0,0.0,0,0,0,0,0,0,0,0,0,0,0,0,0,0
"12123","5","518210","78","0","2019","1","N",1,0,0,0,0,0,0,0,"N",0.92,0,0,0,0,0,0,0,"N",0,0.0,0,0,0,0,0,0,0,0,0,0,0,0,0,0
"12127","5","518210","78","0","2019","1","",22,53,53,50,814282,343455,2946,1205,"",0.60,0.13,0.13,0.12,0.09,0.11,0.16,0.67,"",2,10.0,-1,-1.9,0,0.0,-2,-3.8,-86585,-9.6,-10332,-2.9,204,7.4,-102,-7.8
"12129","5","518210","78","0","2019","1","N",1,0,0,0,0,0,0,0,"N",0.76,0,0,0,0,0,0,0,"N",0,0.0,0,0,0,0,0,0,0,0,0,0,0,0,0,0
"12131","5","518210","78","0","2019","1","",7,47,49,49,776406,344755,7061,1236,"",0.98,0.79,0.81,0.79,0.56,0.69,2.22,0.70,"",0,0.0,17,56.7,17,53.1,9,22.5,235820,43.6,105556,44.1,2354,50.0,13,1.1
"12999","5","518210","78","0","2019","1","",416,2090,2086,2108,81622312,17754042,220003,2997,"",3.50,3.20,3.13,3.15,2.35,2.21,3.01,0.74,"",35,9.2,155,8.0,148,7.6,174,9.0,8878512,12.2,678701,4.0,-28706,-11.5,106,3.7
"13000","5","518210","58","0","2019","1","",846,12663,12812,12947,469137972,119692456,1919871,2818,"",1.21,1.25,1.25,1.26,1.38,1.11,1.30,1.10,"",140,19.8,516,4.2,466,3.8,528,4.3,76794790,19.6,6488763,5.7,105733,5.8,365,14.9
"13009","5","518210","78","0","2019","1","N",2,0,0,0,0,0,0,0,"N",0.99,0,0,0,0,0,0,0,"N",0,0.0,0,0,0,0,0,0,0,0,0,0,0,0,0,0
"13013","5","518210","78","0","2019","1","N",1,0,0,0,0,0,0,0,"N",0.33,0,0,0,0,0,0,0,"N",-1,-50.0,0,0,0,0,0,0,0,0,0,0,0,0,0,0
"13015","5","518210","78","0","2019","1","-",0,0,0,0,0,0,0,0,"N",0.00,0,0,0,0,0,0,0,"N",-1,-100.0,0,0,0,0,0,0,0,0,0,0,0,0,0,0
"13021","5","518210","78","0","2019","1","N",3,0,0,0,0,0,0,0,"N",0.28,0,0,0,0,0,0,0,"N",-1,-25.0,0,0,0,0,0,0,0,0,0,0,0,0,0,0
"13025","5","518210","78","0","2019","1","-",0,0,0,0,0,0,0,0,"N",0.00,0,0,0,0,0,0,0,"N",-1,-100.0,0,0,0,0,0,0,0,0,0,0,0,0,0,0
"13045","5","518210","78","0","2019","1","N",2,0,0,0,0,0,0,0,"N",0.37,0,0,0,0,0,0,0,"N",0,0.0,0,0,0,0,0,0,0,0,0,0,0,0,0,0
"13047","5","518210","78","0","2019","1","N",1,0,0,0,0,0,0,0,"N",0.42,0,0,0,0,0,0,0,"N",0,0.0,0,0,0,0,0,0,0,0,0,0,0,0,0,0
"13051","5","518210","78","0","2019","1","",12,92,90,92,1968834,750247,13440,1658,"",0.60,0.26,0.25,0.25,0.20,0.20,0.30,0.77,"",4,50.0,39,73.6,39,76.5,42,84.0,441937,28.9,337174,81.6,9813,270.6,-630,-27.5
"13057","5","518210","78","0","2019","1","N",15,0,0,0,0,0,0,0,"N",1.05,0,0,0,0,0,0,0,"N",1,7.1,0,0,0,0,0,0,0,0,0,0,0,0,0,0
"13059","5","518210","78","0","2019","1","N",3,0,0,0,0,0,0,0,"N",0.38,0,0,0,0,0,0,0,"N",1,50.0,0,0,0,0,0,0,0,0,0,0,0,0,0,0
"13063","5","518210","78","0","2019","1","N",4,0,0,0,0,0,0,0,"N",0.40,0,0,0,0,0,0,0,"N",1,33.3,0,0,0,0,0,0,0,0,0,0,0,0,0,0
"13067","5","518210","78","0","2019","1","",76,1028,1012,1012,55537203,9127106,185847,4199,"",1.40,1.23,1.20,1.20,1.78,0.93,1.38,1.48,"",7,10.1,141,15.9,134,15.3,128,14.5,25786513,86.7,1230946,15.6,59024,46.5,1607,62.0
"13073","5","518210","78","0","2019","1","",4,20,20,20,239003,165189,991,919,"",0.62,0.25,0.24,0.24,0.13,0.22,0.10,0.54,"",-2,-33.3,-11,-35.5,-11,-35.5,-10,-33.3,-583498,-70.9,-260110,-61.2,-4060,-80.4,-1144,-55.5
"13077","5","518210","78","0","2019","1","N",2,0,0,0,0,0,0,0,"N",0.30,0,0,0,0,0,0,0,"N",-3,-60.0,0,0,0,0,0,0,0,0,0,0,0,0,0,0
"13085","5","518210","78","0","2019","1","N",3,0,0,0,0,0,0,0,"N",1.70,0,0,0,0,0,0,0,"N",2,200.0,0,0,0,0,0,0,0,0,0,0,0,0,0,0
"13089","5","518210","78","0","2019","1","",45,1019,1140,1235,27103034,9626225,112520,1843,"",1.02,1.47,1.65,1.79,1.11,1.34,1.28,0.68,"",8,21.6,142,16.2,258,29.3,349,39.4,3903552,16.8,981178,11.3,30959,38.0,-181,-8.9
"13095","5","518210","78","0","2019","1","N",2,0,0,0,0,0,0,0,"N",0.35,0,0,0,0,0,0,0,"N",-1,-33.3,0,0,0,0,0,0,0,0,0,0,0,0,0,0
"13097","5","518210","78","0","2019","1","N",3,0,0,0,0,0,0,0,"N",0.46,0,0,0,0,0,0,0,"N",-1,-25.0,0,0,0,0,0,0,0,0,0,0,0,0,0,0
"13105","5","518210","78","0","2019","1","N",1,0,0,0,0,0,0,0,"N",0.85,0,0,0,0,0,0,0,"N",1,100.0,0,0,0,0,0,0,0,0,0,0,0,0,0,0
"13111","5","518210","78","0","2019","1","-",0,0,0,0,0,0,0,0,"N",0.00,0,0,0,0,0,0,0,"N",0,0,0,0,0,0,0,0,0,0,0,0,0,0,0,0
"13113","5","518210","78","0","2019","1","N",4,0,0,0,0,0,0,0,"N",0.45,0,0,0,0,0,0,0,"N",0,0.0,0,0,0,0,0,0,0,0,0,0,0,0,0,0
"13117","5","518210","78","0","2019","1","N",17,0,0,0,0,0,0,0,"N",1.15,0,0,0,0,0,0,0,"N",-2,-10.5,0,0,0,0,0,0,0,0,0,0,0,0,0,0
"13121","5","518210","78","0","2019","1","",209,6623,6703,6713,271082080,63503528,960419,3122,"",1.93,3.26,3.27,3.26,2.60,2.49,2.73,0.79,"",10,5.0,186,2.9,204,3.1,239,3.7,33471693,14.1,1770468,2.9,-38445,-3.8,297,10.5
"13123","5","518210","78","0","2019","1","N",1,0,0,0,0,0,0,0,"N",0.68,0,0,0,0,0,0,0,"N",-1,-50.0,0,0,0,0,0,0,0,0,0,0,0,0,0,0
"13127","5","518210","78","0","2019","1","N",2,0,0,0,0,0,0,0,"N",0.30,0,0,0,0,0,0,0,"N",1,100.0,0,0,0,0,0,0,0,0,0,0,0,0,0,0
"13129","5","518210","78","0","2019","1","N",1,0,0,0,0,0,0,0,"N",0.39,0,0,0,0,0,0,0,"N",0,0.0,0,0,0,0,0,0,0,0,0,0,0,0,0,0
"13135","5","518210","78","0","2019","1","",73,1488,1498,1494,60646447,15690375,160463,3124,"",1.16,1.83,1.83,1.82,2.31,1.69,1.34,1.27,"",8,12.3,-47,-3.1,-31,-2.0,-39,-2.5,4074902,7.2,-297922,-1.9,-53162,-24.9,284,10.0
"13137","5","518210","78","0","2019","1","N",1,0,0,0,0,0,0,0,"N",0.46,0,0,0,0,0,0,0,"N",1,100.0,0,0,0,0,0,0,0,0,0,0,0,0,0,0
"13139","5","518210","78","0","2019","1","N",2,0,0,0,0,0,0,0,"N",0.18,0,0,0,0,0,0,0,"N",0,0.0,0,0,0,0,0,0,0,0,0,0,0,0,0,0
"13143","5","518210","78","0","2019","1","N",1,0,0,0,0,0,0,0,"N",0.83,0,0,0,0,0,0,0,"N",0,0.0,0,0,0,0,0,0,0,0,0,0,0,0,0,0
"13145","5","518210","78","0","2019","1","N",2,0,0,0,0,0,0,0,"N",1.83,0,0,0,0,0,0,0,"N",0,0.0,0,0,0,0,0,0,0,0,0,0,0,0,0,0
"13151","5","518210","78","0","2019","1","",6,28,30,33,630576,325435,8339,1599,"",0.61,0.19,0.20,0.22,0.19,0.24,0.47,0.91,"",-1,-14.3,-24,-46.2,-23,-43.4,-21,-38.9,-121300,-16.1,-90475,-21.8,3301,65.5,508,46.6
"13153","5","518210","78","0","2019","1","N",1,0,0,0,0,0,0,0,"N",0.15,0,0,0,0,0,0,0,"N",0,0.0,0,0,0,0,0,0,0,0,0,0,0,0,0,0
"13157","5","518210","78","0","2019","1","N",2,0,0,0,0,0,0,0,"N",0.56,0,0,0,0,0,0,0,"N",0,0.0,0,0,0,0,0,0,0,0,0,0,0,0,0,0
"13163","5","518210","78","0","2019","1","N",1,0,0,0,0,0,0,0,"N",1.10,0,0,0,0,0,0,0,"N",1,100.0,0,0,0,0,0,0,0,0,0,0,0,0,0,0
"13185","5","518210","78","0","2019","1","N",1,0,0,0,0,0,0,0,"N",0.14,0,0,0,0,0,0,0,"N",0,0.0,0,0,0,0,0,0,0,0,0,0,0,0,0,0
"13187","5","518210","78","0","2019","1","N",1,0,0,0,0,0,0,0,"N",0.74,0,0,0,0,0,0,0,"N",0,0.0,0,0,0,0,0,0,0,0,0,0,0,0,0,0
"13189","5","518210","78","0","2019","1","N",1,0,0,0,0,0,0,0,"N",0.95,0,0,0,0,0,0,0,"N",0,0.0,0,0,0,0,0,0,0,0,0,0,0,0,0,0
"13207","5","518210","78","0","2019","1","N",1,0,0,0,0,0,0,0,"N",0.78,0,0,0,0,0,0,0,"N",0,0.0,0,0,0,0,0,0,0,0,0,0,0,0,0,0
"13215","5","518210","78","0","2019","1","N",4,0,0,0,0,0,0,0,"N",0.36,0,0,0,0,0,0,0,"N",-1,-20.0,0,0,0,0,0,0,0,0,0,0,0,0,0,0
"13217","5","518210","78","0","2019","1","N",1,0,0,0,0,0,0,0,"N",0.26,0,0,0,0,0,0,0,"N",-1,-50.0,0,0,0,0,0,0,0,0,0,0,0,0,0,0
"13223","5","518210","78","0","2019","1","N",1,0,0,0,0,0,0,0,"N",0.19,0,0,0,0,0,0,0,"N",-3,-75.0,0,0,0,0,0,0,0,0,0,0,0,0,0,0
"13225","5","518210","78","0","2019","1","-",0,0,0,0,0,0,0,0,"N",0.00,0,0,0,0,0,0,0,"N",0,0,0,0,0,0,0,0,0,0,0,0,0,0,0,0
"13231","5","518210","78","0","2019","1","N",1,0,0,0,0,0,0,0,"N",1.47,0,0,0,0,0,0,0,"N",0,0.0,0,0,0,0,0,0,0,0,0,0,0,0,0,0
"13245","5","518210","78","0","2019","1","N",3,0,0,0,0,0,0,0,"N",0.27,0,0,0,0,0,0,0,"N",0,0.0,0,0,0,0,0,0,0,0,0,0,0,0,0,0
"13247","5","518210","78","0","2019","1","N",1,0,0,0,0,0,0,0,"N",0.20,0,0,0,0,0,0,0,"N",0,0.0,0,0,0,0,0,0,0,0,0,0,0,0,0,0
"13255","5","518210","78","0","2019","1","N",1,0,0,0,0,0,0,0,"N",0.34,0,0,0,0,0,0,0,"N",0,0.0,0,0,0,0,0,0,0,0,0,0,0,0,0,0
"13277","5","518210","78","0","2019","1","-",0,0,0,0,0,0,0,0,"N",0.00,0,0,0,0,0,0,0,"N",0,0,0,0,0,0,0,0,0,0,0,0,0,0,0,0
"13285","5","518210","78","0","2019","1","N",1,0,0,0,0,0,0,0,"N",0.26,0,0,0,0,0,0,0,"N",0,0.0,0,0,0,0,0,0,0,0,0,0,0,0,0,0
"13291","5","518210","78","0","2019","1","N",1,0,0,0,0,0,0,0,"N",0.70,0,0,0,0,0,0,0,"N",0,0.0,0,0,0,0,0,0,0,0,0,0,0,0,0,0
"13297","5","518210","78","0","2019","1","N",1,0,0,0,0,0,0,0,"N",0.23,0,0,0,0,0,0,0,"N",1,100.0,0,0,0,0,0,0,0,0,0,0,0,0,0,0
"13299","5","518210","78","0","2019","1","N",1,0,0,0,0,0,0,0,"N",0.45,0,0,0,0,0,0,0,"N",0,0.0,0,0,0,0,0,0,0,0,0,0,0,0,0,0
"13999","5","518210","78","0","2019","1","",324,1453,1461,1449,38985769,13327190,327164,2062,"",3.88,5.29,5.14,5.13,2.72,3.15,3.73,0.53,"",117,56.5,165,12.8,-25,-1.7,-113,-7.2,8063143,26.1,2439451,22.4,71166,27.8,416,25.3
"15000","3","518210","58","0","2019","1","N",1,0,0,0,0,0,0,0,"N",2.34,0,0,0,0,0,0,0,"N",0,0.0,0,0,0,0,0,0,0,0,0,0,0,0,0,0
"15000","5","518210","58","0","2019","1","",112,349,341,349,7689933,6805916,73788,1708,"",1.04,0.23,0.23,0.23,0.17,0.30,0.28,0.74,"",17,17.9,-8,-2.2,-19,-5.3,-11,-3.1,734509,10.6,400611,6.3,-3502,-4.5,218,14.6
"15001","5","518210","78","0","2019","1","",17,19,18,17,536129,346335,5393,2291,"",1.19,0.11,0.11,0.10,0.13,0.16,0.19,1.18,"",2,13.3,2,11.8,1,5.9,0,0.0,327508,157.0,137714,66.0,1172,27.8,1347,142.7
"15003","3","518210","78","0","2019","1","N",1,0,0,0,0,0,0,0,"N",3.75,0,0,0,0,0,0,0,"N",0,0.0,0,0,0,0,0,0,0,0,0,0,0,0,0,0
"15003","5","518210","78","0","2019","1","",74,303,297,306,6246474,5820785,54260,1591,"",1.10,0.28,0.27,0.28,0.19,0.36,0.29,0.66,"",8,12.1,-17,-5.3,-25,-7.8,-16,-5.0,5435,0.1,31683,0.5,-12042,-18.2,97,6.5
"15007","5","518210","78","0","2019","1","N",4,0,0,0,0,0,0,0,"N",0.56,0,0,0,0,0,0,0,"N",1,33.3,0,0,0,0,0,0,0,0,0,0,0,0,0,0
"15009","5","518210","78","0","2019","1","N",12,0,0,0,0,0,0,0,"N",0.73,0,0,0,0,0,0,0,"N",5,71.4,0,0,0,0,0,0,0,0,0,0,0,0,0,0
"15999","5","518210","78","0","2019","1","N",5,0,0,0,0,0,0,0,"N",1.79,0,0,0,0,0,0,0,"N",1,25.0,0,0,0,0,0,0,0,0,0,0,0,0,0,0
"16000","3","518210","58","0","2019","1","N",1,0,0,0,0,0,0,0,"N",1.65,0,0,0,0,0,0,0,"N",0,0.0,0,0,0,0,0,0,0,0,0,0,0,0,0,0
"16000","5","518210","58","0","2019","1","",218,632,650,671,12526734,11185951,94267,1480,"",1.43,0.38,0.39,0.40,0.31,0.49,0.57,0.78,"",0,0.0,40,6.8,45,7.4,77,13.0,911029,7.8,1504937,15.5,11765,14.3,-17,-1.1
"16001","5","518210","78","0","2019","1","",60,286,300,312,5229614,4631279,36476,1344,"",1.52,0.51,0.53,0.55,0.32,0.52,0.59,0.61,"",5,9.1,9,3.2,18,6.4,35,12.6,-106950,-2.0,489677,11.8,1876,5.4,-129,-8.8
"16003","5","518210","78","0","2019","1","N",1,0,0,0,0,0,0,0,"N",2.35,0,0,0,0,0,0,0,"N",0,0.0,0,0,0,0,0,0,0,0,0,0,0,0,0,0
"16005","5","518210","78","0","2019","1","",3,13,14,13,284249,284249,2063,1640,"",0.53,0.17,0.18,0.17,0.18,0.32,0.34,1.02,"",0,0.0,2,18.2,2,16.7,1,8.3,28049,10.9,28049,10.9,-94,-4.4,-49,-2.9
"16007","5","518210","78","0","2019","1","N",1,0,0,0,0,0,0,0,"N",1.88,0,0,0,0,0,0,0,"N",0,0.0,0,0,0,0,0,0,0,0,0,0,0,0,0,0
"16011","5","518210","78","0","2019","1","N",1,0,0,0,0,0,0,0,"N",0.37,0,0,0,0,0,0,0,"N",1,100.0,0,0,0,0,0,0,0,0,0,0,0,0,0,0
"16013","5","518210","78","0","2019","1","",3,5,5,5,94509,81925,747,1454,"",0.77,0.17,0.17,0.17,0.13,0.20,0.24,0.79,"",-1,-25.0,-2,-28.6,-3,-37.5,-1,-16.7,12906,15.8,2553,3.2,8,1.1,557,62.1
"16017","5","518210","78","0","2019","1","",4,11,11,11,264433,241884,2541,1849,"",0.97,0.34,0.34,0.34,0.40,0.63,0.78,1.17,"",0,0.0,4,57.1,4,57.1,2,22.2,-8740,-3.2,76990,46.7,1086,74.6,-892,-32.5
"16019","5","518210","78","0","2019","1","",8,28,28,29,176953,176953,1455,480,"",0.84,0.24,0.24,0.24,0.07,0.11,0.14,0.27,"",0,0.0,8,40.0,15,115.4,16,123.1,59420,50.6,59420,50.6,571,64.6,-110,-18.6
"16027","5","518210","78","0","2019","1","N",2,0,0,0,0,0,0,0,"N",0.15,0,0,0,0,0,0,0,"N",-1,-33.3,0,0,0,0,0,0,0,0,0,0,0,0,0,0
"16029","5","518210","78","0","2019","1","-",0,0,0,0,0,0,0,0,"N",0.00,0,0,0,0,0,0,0,"N",-1,-100.0,0,0,0,0,0,0,0,0,0,0,0,0,0,0
"16031","5","518210","78","0","2019","1","N",1,0,0,0,0,0,0,0,"N",0.45,0,0,0,0,0,0,0,"N",0,0.0,0,0,0,0,0,0,0,0,0,0,0,0,0,0
"16035","5","518210","78","0","2019","1","N",1,0,0,0,0,0,0,0,"N",1.38,0,0,0,0,0,0,0,"N",0,0.0,0,0,0,0,0,0,0,0,0,0,0,0,0,0
"16039","5","518210","78","0","2019","1","N",1,0,0,0,0,0,0,0,"N",0.67,0,0,0,0,0,0,0,"N",0,0.0,0,0,0,0,0,0,0,0,0,0,0,0,0,0
"16047","5","518210","78","0","2019","1","N",1,0,0,0,0,0,0,0,"N",0.78,0,0,0,0,0,0,0,"N",0,0.0,0,0,0,0,0,0,0,0,0,0,0,0,0,0
"16053","3","518210","78","0","2019","1","N",1,0,0,0,0,0,0,0,"N",148.18,0,0,0,0,0,0,0,"N",0,0.0,0,0,0,0,0,0,0,0,0,0,0,0,0,0
"16055","5","518210","78","0","2019","1","N",9,0,0,0,0,0,0,0,"N",0.70,0,0,0,0,0,0,0,"N",-2,-18.2,0,0,0,0,0,0,0,0,0,0,0,0,0,0
"16057","5","518210","78","0","2019","1","N",3,0,0,0,0,0,0,0,"N",1.14,0,0,0,0,0,0,0,"N",1,50.0,0,0,0,0,0,0,0,0,0,0,0,0,0,0
"16067","5","518210","78","0","2019","1","N",1,0,0,0,0,0,0,0,"N",0.68,0,0,0,0,0,0,0,"N",0,0.0,0,0,0,0,0,0,0,0,0,0,0,0,0,0
"16069","5","518210","78","0","2019","1","N",2,0,0,0,0,0,0,0,"N",0.66,0,0,0,0,0,0,0,"N",0,0.0,0,0,0,0,0,0,0,0,0,0,0,0,0,0
"16071","5","518210","78","0","2019","1","N",1,0,0,0,0,0,0,0,"N",2.81,0,0,0,0,0,0,0,"N",0,0.0,0,0,0,0,0,0,0,0,0,0,0,0,0,0
"16083","5","518210","78","0","2019","1","N",1,0,0,0,0,0,0,0,"N",0.14,0,0,0,0,0,0,0,"N",-1,-50.0,0,0,0,0,0,0,0,0,0,0,0,0,0,0
"16999","5","518210","78","0","2019","1","",114,148,155,165,4114254,3742506,34845,2029,"",7.29,5.83,6.01,6.33,3.36,4.87,5.06,0.55,"",2,1.8,31,26.5,32,26.0,41,33.1,1192771,40.8,1017442,37.3,9856,39.4,177,9.6
"17000","5","518210","58","0","2019","1","",936,10786,10942,11015,397175101,132345194,3277374,2799,"",1.01,0.80,0.81,0.81,0.78,0.79,0.82,0.96,"",73,8.5,484,4.7,406,3.9,564,5.4,31459649,8.6,5409623,4.3,-307279,-8.6,102,3.8
"17001","5","518210","78","0","2019","1","N",1,0,0,0,0,0,0,0,"N",0.23,0,0,0,0,0,0,0,"N",0,0.0,0,0,0,0,0,0,0,0,0,0,0,0,0,0
"17007","5","518210","78","0","2019","1","-",0,0,0,0,0,0,0,0,"N",0.00,0,0,0,0,0,0,0,"N",0,0,0,0,0,0,0,0,0,0,0,0,0,0,0,0
"17019","5","518210","78","0","2019","1","",14,273,297,343,4209333,2840968,83364,1064,"",1.37,1.34,1.44,1.65,0.74,1.68,2.14,0.50,"",0,0.0,-35,-11.4,-52,-14.9,-40,-10.4,-152725,-3.5,69866,2.5,-1873,-2.2,96,9.9
"17025","5","518210","78","0","2019","1","N",1,0,0,0,0,0,0,0,"N",1.14,0,0,0,0,0,0,0,"N",0,0.0,0,0,0,0,0,0,0,0,0,0,0,0,0,0
"17029","5","518210","78","0","2019","1","N",1,0,0,0,0,0,0,0,"N",0.38,0,0,0,0,0,0,0,"N",0,0.0,0,0,0,0,0,0,0,0,0,0,0,0,0,0
"17031","5","518210","78","0","2019","1","",267,6926,7018,7005,285757279,85573176,1979296,3148,"",0.78,1.19,1.20,1.19,1.12,1.12,1.09,0.94,"",17,6.8,504,7.8,468,7.1,434,6.6,23196419,8.8,4078709,5.0,-83929,-4.1,48,1.5
"17043","5","518210","78","0","2019","1","",72,1397,1424,1436,43154397,17304725,515179,2339,"",0.84,1.00,1.02,1.02,0.78,0.87,1.03,0.76,"",-1,-1.4,-24,-1.7,-4,-0.3,3,0.2,3473221,8.8,258349,1.5,-89951,-14.9,200,9.4
"17053","5","518210","78","0","2019","1","N",1,0,0,0,0,0,0,0,"N",1.16,0,0,0,0,0,0,0,"N",0,0.0,0,0,0,0,0,0,0,0,0,0,0,0,0,0
"17065","5","518210","78","0","2019","1","N",1,0,0,0,0,0,0,0,"N",1.94,0,0,0,0,0,0,0,"N",0,0.0,0,0,0,0,0,0,0,0,0,0,0,0,0,0
"17077","5","518210","78","0","2019","1","N",2,0,0,0,0,0,0,0,"N",0.68,0,0,0,0,0,0,0,"N",0,0.0,0,0,0,0,0,0,0,0,0,0,0,0,0,0
"17089","5","518210","78","0","2019","1","",18,41,47,49,881733,521645,10631,1485,"",0.57,0.09,0.10,0.10,0.07,0.10,0.08,0.69,"N",2,12.5,0,0,0,0,0,0,0,0,0,0,0,0,0,0
"17093","5","518210","78","0","2019","1","N",2,0,0,0,0,0,0,0,"N",0.37,0,0,0,0,0,0,0,"N",1,100.0,0,0,0,0,0,0,0,0,0,0,0,0,0,0
"17097","5","518210","78","0","2019","1","",38,183,188,185,4017853,2100998,73888,1668,"",0.76,0.24,0.25,0.24,0.10,0.19,0.28,0.42,"",3,8.6,-52,-22.1,-46,-19.7,-46,-19.9,-2208261,-35.5,-620315,-22.8,-61537,-45.4,-385,-18.8
"17107","5","518210","78","0","2019","1","N",1,0,0,0,0,0,0,0,"N",0.72,0,0,0,0,0,0,0,"N",0,0.0,0,0,0,0,0,0,0,0,0,0,0,0,0,0
"17111","5","518210","78","0","2019","1","",6,13,13,13,81729,78439,2079,484,"",0.31,0.06,0.06,0.06,0.02,0.03,0.04,0.25,"N",1,20.0,0,0,0,0,0,0,0,0,0,0,0,0,0,0
"17113","5","518210","78","0","2019","1","N",3,0,0,0,0,0,0,0,"N",0.36,0,0,0,0,0,0,0,"N",-3,-50.0,0,0,0,0,0,0,0,0,0,0,0,0,0,0
"17115","5","518210","78","0","2019","1","N",2,0,0,0,0,0,0,0,"N",0.37,0,0,0,0,0,0,0,"N",1,100.0,0,0,0,0,0,0,0,0,0,0,0,0,0,0
"17119","5","518210","78","0","2019","1","N",3,0,0,0,0,0,0,0,"N",0.23,0,0,0,0,0,0,0,"N",1,50.0,0,0,0,0,0,0,0,0,0,0,0,0,0,0
"17121","5","518210","78","0","2019","1","N",2,0,0,0,0,0,0,0,"N",0.97,0,0,0,0,0,0,0,"N",1,100.0,0,0,0,0,0,0,0,0,0,0,0,0,0,0
"17133","5","518210","78","0","2019","1","N",2,0,0,0,0,0,0,0,"N",1.03,0,0,0,0,0,0,0,"N",0,0.0,0,0,0,0,0,0,0,0,0,0,0,0,0,0
"17135","5","518210","78","0","2019","1","N",1,0,0,0,0,0,0,0,"N",0.58,0,0,0,0,0,0,0,"N",0,0.0,0,0,0,0,0,0,0,0,0,0,0,0,0,0
"17143","5","518210","78","0","2019","1","N",2,0,0,0,0,0,0,0,"N",0.19,0,0,0,0,0,0,0,"N",0,0.0,0,0,0,0,0,0,0,0,0,0,0,0,0,0
"17161","5","518210","78","0","2019","1","N",4,0,0,0,0,0,0,0,"N",0.55,0,0,0,0,0,0,0,"N",1,33.3,0,0,0,0,0,0,0,0,0,0,0,0,0,0
"17163","5","518210","78","0","2019","1","N",3,0,0,0,0,0,0,0,"N",0.24,0,0,0,0,0,0,0,"N",-2,-40.0,0,0,0,0,0,0,0,0,0,0,0,0,0,0
"17167","5","518210","78","0","2019","1","",10,168,180,182,3241393,1860047,15119,1411,"",0.83,0.57,0.61,0.61,0.35,0.91,0.33,0.59,"",-3,-23.1,-2,-1.2,11,6.5,16,9.6,424584,15.1,77397,4.3,3495,30.1,124,9.6
"17177","5","518210","78","0","2019","1","-",0,0,0,0,0,0,0,0,"N",0.00,0,0,0,0,0,0,0,"N",0,0,0,0,0,0,0,0,0,0,0,0,0,0,0,0
"17179","5","518210","78","0","2019","1","N",1,0,0,0,0,0,0,0,"N",0.15,0,0,0,0,0,0,0,"N",0,0.0,0,0,0,0,0,0,0,0,0,0,0,0,0,0
"17183","5","518210","78","0","2019","1","N",1,0,0,0,0,0,0,0,"N",0.29,0,0,0,0,0,0,0,"N",0,0.0,0,0,0,0,0,0,0,0,0,0,0,0,0,0
"17191","5","518210","78","0","2019","1","N",1,0,0,0,0,0,0,0,"N",1.04,0,0,0,0,0,0,0,"N",0,0.0,0,0,0,0,0,0,0,0,0,0,0,0,0,0
"17197","5","518210","78","0","2019","1","",15,130,130,134,3387620,1671652,34838,1984,"",0.40,0.24,0.24,0.24,0.22,0.26,0.22,0.92,"",1,7.1,5,4.0,4,3.2,6,4.7,458827,15.7,148400,9.7,14902,74.7,201,11.3
"17199","5","518210","78","0","2019","1","N",1,0,0,0,0,0,0,0,"N",0.29,0,0,0,0,0,0,0,"N",0,0.0,0,0,0,0,0,0,0,0,0,0,0,0,0,0
"17201","5","518210","78","0","2019","1","N",4,0,0,0,0,0,0,0,"N",0.27,0,0,0,0,0,0,0,"N",0,0.0,0,0,0,0,0,0,0,0,0,0,0,0,0,0
"17999","5","518210","78","0","2019","1","",456,1240,1229,1249,45567792,15885601,469566,2828,"",3.67,4.17,4.02,4.03,2.59,2.65,2.83,0.64,"",55,13.7,9,0.7,-54,-4.2,104,9.1,4823176,11.8,565138,3.7,-62049,-11.7,258,10.0
"18000","5","518210","58","0","2019","1","",353,2635,2661,2671,50427912,19860145,498177,1461,"",0.84,0.38,0.38,0.38,0.25,0.28,0.41,0.66,"",43,13.9,-203,-7.2,-157,-5.6,-123,-4.4,-491408,-1.0,-1374827,-6.5,70028,16.4,70,5.0
"18003","5","518210","78","0","2019","1","N",9,0,0,0,0,0,0,0,"N",0.41,0,0,0,0,0,0,0,"N",-1,-10.0,0,0,0,0,0,0,0,0,0,0,0,0,0,0
"18011","5","518210","78","0","2019","1","N",4,0,0,0,0,0,0,0,"N",0.90,0,0,0,0,0,0,0,"N",0,0.0,0,0,0,0,0,0,0,0,0,0,0,0,0,0
"18017","5","518210","78","0","2019","1","N",1,0,0,0,0,0,0,0,"N",0.58,0,0,0,0,0,0,0,"N",0,0.0,0,0,0,0,0,0,0,0,0,0,0,0,0,0
"18019","5","518210","78","0","2019","1","N",3,0,0,0,0,0,0,0,"N",0.47,0,0,0,0,0,0,0,"N",0,0.0,0,0,0,0,0,0,0,0,0,0,0,0,0,0
"18029","5","518210","78","0","2019","1","-",0,0,0,0,0,0,0,0,"N",0.00,0,0,0,0,0,0,0,"N",0,0,0,0,0,0,0,0,0,0,0,0,0,0,0,0
"18035","5","518210","78","0","2019","1","",3,1,2,4,22945,18749,350,756,"",0.55,0.01,0.02,0.04,0.01,0.02,0.02,0.41,"N",1,50.0,0,0,0,0,0,0,0,0,0,0,0,0,0,0
"18039","5","518210","78","0","2019","1","N",4,0,0,0,0,0,0,0,"N",0.34,0,0,0,0,0,0,0,"N",-3,-42.9,0,0,0,0,0,0,0,0,0,0,0,0,0,0
"18043","5","518210","78","0","2019","1","N",1,0,0,0,0,0,0,0,"N",0.22,0,0,0,0,0,0,0,"N",-1,-50.0,0,0,0,0,0,0,0,0,0,0,0,0,0,0
"18055","5","518210","78","0","2019","1","N",1,0,0,0,0,0,0,0,"N",0.71,0,0,0,0,0,0,0,"N",0,0.0,0,0,0,0,0,0,0,0,0,0,0,0,0,0
"18057","5","518210","78","0","2019","1","",33,201,204,202,5960812,1763877,46161,2266,"",1.40,0.62,0.63,0.62,0.55,0.47,0.77,0.88,"",1,3.1,4,2.0,0,0.0,4,2.0,1687518,39.5,-14741,-0.8,8176,21.5,620,37.7
"18059","5","518210","78","0","2019","1","N",2,0,0,0,0,0,0,0,"N",0.52,0,0,0,0,0,0,0,"N",0,0.0,0,0,0,0,0,0,0,0,0,0,0,0,0,0
"18063","5","518210","78","0","2019","1","",6,31,31,34,357290,230505,3953,859,"",0.72,0.19,0.19,0.21,0.10,0.14,0.17,0.50,"N",1,20.0,0,0,0,0,0,0,0,0,0,0,0,0,0,0
"18065","5","518210","78","0","2019","1","N",1,0,0,0,0,0,0,0,"N",0.49,0,0,0,0,0,0,0,"N",0,0.0,0,0,0,0,0,0,0,0,0,0,0,0,0,0
"18081","5","518210","78","0","2019","1","",5,27,27,27,640162,246120,3298,1824,"",0.60,0.21,0.21,0.21,0.22,0.20,0.18,1.05,"",0,0.0,-15,-35.7,-14,-34.1,-15,-35.7,-1051537,-62.2,-119403,-32.7,-297,-8.3,-1299,-41.6
"18083","5","518210","78","0","2019","1","N",1,0,0,0,0,0,0,0,"N",0.43,0,0,0,0,0,0,0,"N",0,0.0,0,0,0,0,0,0,0,0,0,0,0,0,0,0
"18085","5","518210","78","0","2019","1","N",1,0,0,0,0,0,0,0,"N",0.21,0,0,0,0,0,0,0,"N",0,0.0,0,0,0,0,0,0,0,0,0,0,0,0,0,0
"18089","5","518210","78","0","2019","1","",8,32,29,29,269033,150205,2068,690,"",0.31,0.08,0.07,0.07,0.02,0.04,0.03,0.32,"",2,33.3,21,190.9,18,163.6,18,163.6,71461,36.2,59737,66.0,1228,146.2,-692,-50.1
"18091","5","518210","78","0","2019","1","N",2,0,0,0,0,0,0,0,"N",0.36,0,0,0,0,0,0,0,"N",1,100.0,0,0,0,0,0,0,0,0,0,0,0,0,0,0
"18093","5","518210","78","0","2019","1","N",1,0,0,0,0,0,0,0,"N",0.47,0,0,0,0,0,0,0,"N",1,100.0,0,0,0,0,0,0,0,0,0,0,0,0,0,0
"18095","5","518210","78","0","2019","1","",5,10,7,7,78941,55241,1288,759,"",0.91,0.11,0.08,0.08,0.04,0.07,0.09,0.44,"N",2,66.7,0,0,0,0,0,0,0,0,0,0,0,0,0,0
"18097","5","518210","78","0","2019","1","",50,1383,1399,1405,26253935,9115147,279076,1447,"",0.84,1.01,1.02,1.02,0.52,0.64,1.18,0.52,"",2,4.2,-247,-15.2,-179,-11.3,-127,-8.3,-1705730,-6.1,-1259783,-12.1,34803,14.2,86,6.3
"18105","5","518210","78","0","2019","1","N",2,0,0,0,0,0,0,0,"N",0.27,0,0,0,0,0,0,0,"N",1,100.0,0,0,0,0,0,0,0,0,0,0,0,0,0,0
"18107","5","518210","78","0","2019","1","N",2,0,0,0,0,0,0,0,"N",0.96,0,0,0,0,0,0,0,"N",0,0.0,0,0,0,0,0,0,0,0,0,0,0,0,0,0
"18119","5","518210","78","0","2019","1","N",2,0,0,0,0,0,0,0,"N",2.58,0,0,0,0,0,0,0,"N",0,0.0,0,0,0,0,0,0,0,0,0,0,0,0,0,0
"18121","5","518210","78","0","2019","1","-",0,0,0,0,0,0,0,0,"N",0.00,0,0,0,0,0,0,0,"N",-1,-100.0,0,0,0,0,0,0,0,0,0,0,0,0,0,0
"18127","5","518210","78","0","2019","1","N",5,0,0,0,0,0,0,0,"N",0.54,0,0,0,0,0,0,0,"N",0,0.0,0,0,0,0,0,0,0,0,0,0,0,0,0,0
"18141","5","518210","78","0","2019","1","",9,122,121,122,2191045,1097980,20149,1385,"",0.63,0.43,0.43,0.43,0.30,0.44,0.45,0.70,"",0,0.0,-106,-46.5,-107,-46.9,-111,-47.6,-2059678,-48.5,-1086255,-49.7,-6648,-24.8,-39,-2.7
"18145","5","518210","78","0","2019","1","N",1,0,0,0,0,0,0,0,"N",0.43,0,0,0,0,0,0,0,"N",0,0.0,0,0,0,0,0,0,0,0,0,0,0,0,0,0
"18147","5","518210","78","0","2019","1","N",1,0,0,0,0,0,0,0,"N",0.86,0,0,0,0,0,0,0,"N",0,0.0,0,0,0,0,0,0,0,0,0,0,0,0,0,0
"18157","5","518210","78","0","2019","1","N",2,0,0,0,0,0,0,0,"N",0.23,0,0,0,0,0,0,0,"N",-2,-50.0,0,0,0,0,0,0,0,0,0,0,0,0,0,0
"18163","5","518210","78","0","2019","1","",3,4,4,4,112837,38000,761,2170,"",0.25,0.02,0.02,0.02,0.02,0.02,0.02,0.99,"N",1,50.0,0,0,0,0,0,0,0,0,0,0,0,0,0,0
"18167","5","518210","78","0","2019","1","-",0,0,0,0,0,0,0,0,"N",0.00,0,0,0,0,0,0,0,"N",0,0,0,0,0,0,0,0,0,0,0,0,0,0,0,0
"18183","5","518210","78","0","2019","1","N",1,0,0,0,0,0,0,0,"N",0.58,0,0,0,0,0,0,0,"N",0,0.0,0,0,0,0,0,0,0,0,0,0,0,0,0,0
"18999","5","518210","78","0","2019","1","",184,414,432,431,9075672,3553119,69366,1640,"",3.63,2.36,2.43,2.42,1.30,1.40,1.25,0.54,"",38,26.0,64,18.3,73,20.3,61,16.5,2245108,32.9,499912,16.4,13476,24.1,179,12.3
"19000","3","518210","58","0","2019","1","N",2,0,0,0,0,0,0,0,"N",1.95,0,0,0,0,0,0,0,"N",0,0.0,0,0,0,0,0,0,0,0,0,0,0,0,0,0
"19000","5","518210","58","0","2019","1","",236,3961,3938,3852,76412381,60014162,1023777,1501,"",0.92,1.14,1.13,1.10,0.78,1.15,1.66,0.70,"",23,10.8,8,0.2,-27,-0.7,-99,-2.5,-1375951,-1.8,815607,1.4,32929,3.3,-11,-0.7
"19011","5","518210","78","0","2019","1","N",1,0,0,0,0,0,0,0,"N",0.58,0,0,0,0,0,0,0,"N",0,0.0,0,0,0,0,0,0,0,0,0,0,0,0,0,0
"19013","5","518210","78","0","2019","1","",8,35,37,34,932230,670439,8425,2030,"",0.83,0.21,0.22,0.20,0.21,0.28,0.21,0.99,"",1,14.3,6,20.7,6,19.4,2,6.2,374168,67.0,226042,50.9,1279,17.9,630,45.0
"19015","5","518210","78","0","2019","1","N",2,0,0,0,0,0,0,0,"N",1.10,0,0,0,0,0,0,0,"N",0,0.0,0,0,0,0,0,0,0,0,0,0,0,0,0,0
"19017","5","518210","78","0","2019","1","N",3,0,0,0,0,0,0,0,"N",1.70,0,0,0,0,0,0,0,"N",1,50.0,0,0,0,0,0,0,0,0,0,0,0,0,0,0
"19019","5","518210","78","0","2019","1","N",1,0,0,0,0,0,0,0,"N",0.64,0,0,0,0,0,0,0,"N",0,0.0,0,0,0,0,0,0,0,0,0,0,0,0,0,0
"19027","5","518210","78","0","2019","1","N",1,0,0,0,0,0,0,0,"N",0.41,0,0,0,0,0,0,0,"N",0,0.0,0,0,0,0,0,0,0,0,0,0,0,0,0,0
"19031","5","518210","78","0","2019","1","N",1,0,0,0,0,0,0,0,"N",0.70,0,0,0,0,0,0,0,"N",0,0.0,0,0,0,0,0,0,0,0,0,0,0,0,0,0
"19033","5","518210","78","0","2019","1","N",3,0,0,0,0,0,0,0,"N",0.72,0,0,0,0,0,0,0,"N",0,0.0,0,0,0,0,0,0,0,0,0,0,0,0,0,0
"19041","5","518210","78","0","2019","1","N",1,0,0,0,0,0,0,0,"N",0.54,0,0,0,0,0,0,0,"N",0,0.0,0,0,0,0,0,0,0,0,0,0,0,0,0,0
"19045","5","518210","78","0","2019","1","N",5,0,0,0,0,0,0,0,"N",1.41,0,0,0,0,0,0,0,"N",0,0.0,0,0,0,0,0,0,0,0,0,0,0,0,0,0
"19047","5","518210","78","0","2019","1","N",1,0,0,0,0,0,0,0,"N",0.82,0,0,0,0,0,0,0,"N",0,0.0,0,0,0,0,0,0,0,0,0,0,0,0,0,0
"19049","5","518210","78","0","2019","1","",9,16,16,17,340978,307782,10004,1606,"",1.35,0.15,0.15,0.16,0.09,0.15,0.52,0.58,"",0,0.0,0,0.0,-1,-5.9,0,0.0,16700,5.1,15882,5.4,3936,64.9,109,7.3
"19057","5","518210","78","0","2019","1","N",1,0,0,0,0,0,0,0,"N",0.30,0,0,0,0,0,0,0,"N",0,0.0,0,0,0,0,0,0,0,0,0,0,0,0,0,0
"19061","3","518210","78","0","2019","1","N",1,0,0,0,0,0,0,0,"N",30.28,0,0,0,0,0,0,0,"N",0,0.0,0,0,0,0,0,0,0,0,0,0,0,0,0,0
"19061","5","518210","78","0","2019","1","N",7,0,0,0,0,0,0,0,"N",0.84,0,0,0,0,0,0,0,"N",2,40.0,0,0,0,0,0,0,0,0,0,0,0,0,0,0
"19067","5","518210","78","0","2019","1","N",1,0,0,0,0,0,0,0,"N",0.80,0,0,0,0,0,0,0,"N",0,0.0,0,0,0,0,0,0,0,0,0,0,0,0,0,0
"19085","5","518210","78","0","2019","1","N",2,0,0,0,0,0,0,0,"N",1.77,0,0,0,0,0,0,0,"N",1,100.0,0,0,0,0,0,0,0,0,0,0,0,0,0,0
"19087","5","518210","78","0","2019","1","N",1,0,0,0,0,0,0,0,"N",0.64,0,0,0,0,0,0,0,"N",0,0.0,0,0,0,0,0,0,0,0,0,0,0,0,0,0
"19089","5","518210","78","0","2019","1","N",1,0,0,0,0,0,0,0,"N",1.19,0,0,0,0,0,0,0,"N",0,0.0,0,0,0,0,0,0,0,0,0,0,0,0,0,0
"19095","5","518210","78","0","2019","1","N",1,0,0,0,0,0,0,0,"N",0.57,0,0,0,0,0,0,0,"N",-1,-50.0,0,0,0,0,0,0,0,0,0,0,0,0,0,0
"19097","5","518210","78","0","2019","1","N",2,0,0,0,0,0,0,0,"N",1.16,0,0,0,0,0,0,0,"N",0,0.0,0,0,0,0,0,0,0,0,0,0,0,0,0,0
"19099","5","518210","78","0","2019","1","N",2,0,0,0,0,0,0,0,"N",0.86,0,0,0,0,0,0,0,"N",1,100.0,0,0,0,0,0,0,0,0,0,0,0,0,0,0
"19101","5","518210","78","0","2019","1","N",4,0,0,0,0,0,0,0,"N",2.05,0,0,0,0,0,0,0,"N",-1,-20.0,0,0,0,0,0,0,0,0,0,0,0,0,0,0
"19103","5","518210","78","0","2019","1","",11,45,48,49,746631,671689,20293,1213,"",1.02,0.24,0.25,0.26,0.13,0.35,1.00,0.53,"",1,10.0,-5,-10.0,0,0.0,-1,-2.0,232605,45.3,185189,38.1,13999,222.4,412,51.4
"19109","5","518210","78","0","2019","1","N",1,0,0,0,0,0,0,0,"N",0.64,0,0,0,0,0,0,0,"N",0,0.0,0,0,0,0,0,0,0,0,0,0,0,0,0,0
"19113","3","518210","78","0","2019","1","N",1,0,0,0,0,0,0,0,"N",14.42,0,0,0,0,0,0,0,"N",0,0.0,0,0,0,0,0,0,0,0,0,0,0,0,0,0
"19113","5","518210","78","0","2019","1","",28,769,743,708,19239292,13899880,338276,2000,"",1.61,2.60,2.52,2.38,2.02,2.58,5.54,0.81,"",5,21.7,-63,-7.6,-84,-10.2,-114,-13.9,-4548978,-19.1,-1288951,-8.5,20152,6.3,-213,-9.6
"19123","5","518210","78","0","2019","1","N",2,0,0,0,0,0,0,0,"N",1.27,0,0,0,0,0,0,0,"N",1,100.0,0,0,0,0,0,0,0,0,0,0,0,0,0,0
"19125","5","518210","78","0","2019","1","N",2,0,0,0,0,0,0,0,"N",0.80,0,0,0,0,0,0,0,"N",0,0.0,0,0,0,0,0,0,0,0,0,0,0,0,0,0
"19127","5","518210","78","0","2019","1","N",2,0,0,0,0,0,0,0,"N",0.79,0,0,0,0,0,0,0,"N",1,100.0,0,0,0,0,0,0,0,0,0,0,0,0,0,0
"19129","5","518210","78","0","2019","1","N",1,0,0,0,0,0,0,0,"N",1.01,0,0,0,0,0,0,0,"N",0,0.0,0,0,0,0,0,0,0,0,0,0,0,0,0,0
"19131","5","518210","78","0","2019","1","N",1,0,0,0,0,0,0,0,"N",1.02,0,0,0,0,0,0,0,"N",0,0.0,0,0,0,0,0,0,0,0,0,0,0,0,0,0
"19139","5","518210","78","0","2019","1","N",2,0,0,0,0,0,0,0,"N",0.67,0,0,0,0,0,0,0,"N",0,0.0,0,0,0,0,0,0,0,0,0,0,0,0,0,0
"19145","5","518210","78","0","2019","1","N",1,0,0,0,0,0,0,0,"N",0.82,0,0,0,0,0,0,0,"N",0,0.0,0,0,0,0,0,0,0,0,0,0,0,0,0,0
"19151","5","518210","78","0","2019","1","N",1,0,0,0,0,0,0,0,"N",1.40,0,0,0,0,0,0,0,"N",0,0.0,0,0,0,0,0,0,0,0,0,0,0,0,0,0
"19153","5","518210","78","0","2019","1","",80,1004,1008,999,23089510,17756047,254873,1770,"",1.79,1.48,1.49,1.47,0.97,1.45,1.94,0.66,"",6,8.1,-66,-6.2,-63,-5.9,-70,-6.5,1554531,7.2,116742,0.7,16682,7.0,222,14.3
"19155","5","518210","78","0","2019","1","N",8,0,0,0,0,0,0,0,"N",1.27,0,0,0,0,0,0,0,"N",0,0.0,0,0,0,0,0,0,0,0,0,0,0,0,0,0
"19163","5","518210","78","0","2019","1","N",10,0,0,0,0,0,0,0,"N",0.70,0,0,0,0,0,0,0,"N",3,42.9,0,0,0,0,0,0,0,0,0,0,0,0,0,0
"19165","5","518210","78","0","2019","1","N",3,0,0,0,0,0,0,0,"N",2.72,0,0,0,0,0,0,0,"N",1,50.0,0,0,0,0,0,0,0,0,0,0,0,0,0,0
"19167","5","518210","78","0","2019","1","N",1,0,0,0,0,0,0,0,"N",0.27,0,0,0,0,0,0,0,"N",0,0.0,0,0,0,0,0,0,0,0,0,0,0,0,0,0
"19169","5","518210","78","0","2019","1","N",11,0,0,0,0,0,0,0,"N",1.66,0,0,0,0,0,0,0,"N",2,22.2,0,0,0,0,0,0,0,0,0,0,0,0,0,0
"19175","5","518210","78","0","2019","1","N",1,0,0,0,0,0,0,0,"N",0.92,0,0,0,0,0,0,0,"N",1,100.0,0,0,0,0,0,0,0,0,0,0,0,0,0,0
"19179","5","518210","78","0","2019","1","N",1,0,0,0,0,0,0,0,"N",0.46,0,0,0,0,0,0,0,"N",0,0.0,0,0,0,0,0,0,0,0,0,0,0,0,0,0
"19181","5","518210","78","0","2019","1","N",4,0,0,0,0,0,0,0,"N",1.42,0,0,0,0,0,0,0,"N",0,0.0,0,0,0,0,0,0,0,0,0,0,0,0,0,0
"19183","5","518210","78","0","2019","1","-",0,0,0,0,0,0,0,0,"N",0.00,0,0,0,0,0,0,0,"N",0,0,0,0,0,0,0,0,0,0,0,0,0,0,0,0
"19187","5","518210","78","0","2019","1","N",1,0,0,0,0,0,0,0,"N",0.33,0,0,0,0,0,0,0,"N",0,0.0,0,0,0,0,0,0,0,0,0,0,0,0,0,0
"19189","5","518210","78","0","2019","1","N",1,0,0,0,0,0,0,0,"N",1.01,0,0,0,0,0,0,0,"N",-1,-50.0,0,0,0,0,0,0,0,0,0,0,0,0,0,0
"19191","5","518210","78","0","2019","1","N",1,0,0,0,0,0,0,0,"N",0.55,0,0,0,0,0,0,0,"N",0,0.0,0,0,0,0,0,0,0,0,0,0,0,0,0,0
"19193","5","518210","78","0","2019","1","N",2,0,0,0,0,0,0,0,"N",0.25,0,0,0,0,0,0,0,"N",2,100.0,0,0,0,0,0,0,0,0,0,0,0,0,0,0
"19195","5","518210","78","0","2019","1","N",1,0,0,0,0,0,0,0,"N",1.66,0,0,0,0,0,0,0,"N",0,0.0,0,0,0,0,0,0,0,0,0,0,0,0,0,0
"19197","5","518210","78","0","2019","1","N",1,0,0,0,0,0,0,0,"N",0.81,0,0,0,0,0,0,0,"N",-2,-66.7,0,0,0,0,0,0,0,0,0,0,0,0,0,0
"20000","5","518210","58","0","2019","1","",148,1937,1914,1892,42662778,23785338,460452,1714,"",0.68,0.62,0.61,0.60,0.49,0.54,0.71,0.80,"",9,6.5,1,0.1,3,0.2,13,0.7,3839781,9.9,431095,1.8,-33409,-6.8,149,9.5
"20005","5","518210","78","0","2019","1","N",1,0,0,0,0,0,0,0,"N",1.00,0,0,0,0,0,0,0,"N",1,100.0,0,0,0,0,0,0,0,0,0,0,0,0,0,0
"20015","5","518210","78","0","2019","1","N",1,0,0,0,0,0,0,0,"N",0.28,0,0,0,0,0,0,0,"N",0,0.0,0,0,0,0,0,0,0,0,0,0,0,0,0,0
"20031","5","518210","78","0","2019","1","N",2,0,0,0,0,0,0,0,"N",3.12,0,0,0,0,0,0,0,"N",0,0.0,0,0,0,0,0,0,0,0,0,0,0,0,0,0
"20037","5","518210","78","0","2019","1","-",0,0,0,0,0,0,0,0,"N",0.00,0,0,0,0,0,0,0,"N",0,0,0,0,0,0,0,0,0,0,0,0,0,0,0,0
"20045","5","518210","78","0","2019","1","N",5,0,0,0,0,0,0,0,"N",0.66,0,0,0,0,0,0,0,"N",-2,-28.6,0,0,0,0,0,0,0,0,0,0,0,0,0,0
"20055","5","518210","78","0","2019","1","-",0,0,0,0,0,0,0,0,"N",0.00,0,0,0,0,0,0,0,"N",0,0,0,0,0,0,0,0,0,0,0,0,0,0,0,0
"20059","5","518210","78","0","2019","1","N",1,0,0,0,0,0,0,0,"N",0.67,0,0,0,0,0,0,0,"N",0,0.0,0,0,0,0,0,0,0,0,0,0,0,0,0,0
"20071","5","518210","78","0","2019","1","N",1,0,0,0,0,0,0,0,"N",6.09,0,0,0,0,0,0,0,"N",0,0.0,0,0,0,0,0,0,0,0,0,0,0,0,0,0
"20079","5","518210","78","0","2019","1","N",1,0,0,0,0,0,0,0,"N",0.53,0,0,0,0,0,0,0,"N",0,0.0,0,0,0,0,0,0,0,0,0,0,0,0,0,0
"20089","5","518210","78","0","2019","1","N",1,0,0,0,0,0,0,0,"N",3.94,0,0,0,0,0,0,0,"N",0,0.0,0,0,0,0,0,0,0,0,0,0,0,0,0,0
"20091","5","518210","78","0","2019","1","",75,817,810,808,21821030,10933047,234021,2068,"",1.30,1.03,1.02,1.02,0.79,0.84,1.16,0.77,"",10,15.4,218,36.4,211,35.2,209,34.9,7087762,48.1,2948803,36.9,38534,19.7,176,9.3
"20103","5","518210","78","0","2019","1","N",1,0,0,0,0,0,0,0,"N",0.29,0,0,0,0,0,0,0,"N",-1,-50.0,0,0,0,0,0,0,0,0,0,0,0,0,0,0
"20111","5","518210","78","0","2019","1","N",1,0,0,0,0,0,0,0,"N",0.48,0,0,0,0,0,0,0,"N",0,0.0,0,0,0,0,0,0,0,0,0,0,0,0,0,0
"20113","5","518210","78","0","2019","1","N",1,0,0,0,0,0,0,0,"N",0.44,0,0,0,0,0,0,0,"N",0,0.0,0,0,0,0,0,0,0,0,0,0,0,0,0,0
"20121","5","518210","78","0","2019","1","N",1,0,0,0,0,0,0,0,"N",0.50,0,0,0,0,0,0,0,"N",1,100.0,0,0,0,0,0,0,0,0,0,0,0,0,0,0
"20133","5","518210","78","0","2019","1","N",2,0,0,0,0,0,0,0,"N",1.69,0,0,0,0,0,0,0,"N",0,0.0,0,0,0,0,0,0,0,0,0,0,0,0,0,0
"20151","5","518210","78","0","2019","1","N",2,0,0,0,0,0,0,0,"N",2.30,0,0,0,0,0,0,0,"N",1,100.0,0,0,0,0,0,0,0,0,0,0,0,0,0,0
"20155","5","518210","78","0","2019","1","N",4,0,0,0,0,0,0,0,"N",1.01,0,0,0,0,0,0,0,"N",1,33.3,0,0,0,0,0,0,0,0,0,0,0,0,0,0
"20161","5","518210","78","0","2019","1","N",1,0,0,0,0,0,0,0,"N",0.24,0,0,0,0,0,0,0,"N",-1,-50.0,0,0,0,0,0,0,0,0,0,0,0,0,0,0
"20167","5","518210","78","0","2019","1","N",1,0,0,0,0,0,0,0,"N",1.38,0,0,0,0,0,0,0,"N",0,0.0,0,0,0,0,0,0,0,0,0,0,0,0,0,0
"20169","5","518210","78","0","2019","1","N",2,0,0,0,0,0,0,0,"N",0.55,0,0,0,0,0,0,0,"N",1,100.0,0,0,0,0,0,0,0,0,0,0,0,0,0,0
"20173","5","518210","78","0","2019","1","",21,95,95,88,1299223,848474,15398,1078,"",0.68,0.16,0.16,0.15,0.08,0.10,0.10,0.47,"",2,10.5,-144,-60.3,-108,-53.2,-109,-55.3,-2115424,-62.0,-1629929,-65.8,-30891,-66.7,-155,-12.6
"20177","5","518210","78","0","2019","1","",8,398,395,392,7238534,4439539,99037,1410,"",0.65,1.84,1.81,1.79,1.23,1.86,2.82,0.68,"",0,0.0,21,5.6,10,2.6,3,0.8,742135,11.4,173413,4.1,-8571,-8.0,108,8.3
"20195","5","518210","78","0","2019","1","N",1,0,0,0,0,0,0,0,"N",3.07,0,0,0,0,0,0,0,"N",0,0.0,0,0,0,0,0,0,0,0,0,0,0,0,0,0
"20209","5","518210","78","0","2019","1","N",3,0,0,0,0,0,0,0,"N",0.35,0,0,0,0,0,0,0,"N",0,0.0,0,0,0,0,0,0,0,0,0,0,0,0,0,0
"20999","5","518210","78","0","2019","1","",11,52,52,52,1319494,734359,22681,1952,"",2.29,1.01,1.00,0.98,0.61,0.85,1.20,0.61,"",-1,-8.3,-15,-22.4,-13,-20.0,-10,-16.1,-167798,-11.3,-142251,-16.2,-10921,-32.5,183,10.3
"21000","3","518210","58","0","2019","1","N",1,0,0,0,0,0,0,0,"N",0.82,0,0,0,0,0,0,0,"N",0,0.0,0,0,0,0,0,0,0,0,0,0,0,0,0,0
"21000","5","518210","58","0","2019","1","",201,3636,3665,3663,68980078,35045170,661282,1452,"",0.65,0.85,0.85,0.85,0.59,0.78,0.78,0.69,"",-10,-4.7,6,0.2,56,1.6,26,0.7,6145514,9.8,3584737,11.4,-24856,-3.6,119,8.9
"21005","5","518210","78","0","2019","1","N",2,0,0,0,0,0,0,0,"N",1.91,0,0,0,0,0,0,0,"N",-1,-33.3,0,0,0,0,0,0,0,0,0,0,0,0,0,0
"21009","5","518210","78","0","2019","1","N",1,0,0,0,0,0,0,0,"N",0.39,0,0,0,0,0,0,0,"N",0,0.0,0,0,0,0,0,0,0,0,0,0,0,0,0,0
"21015","5","518210","78","0","2019","1","N",7,0,0,0,0,0,0,0,"N",0.62,0,0,0,0,0,0,0,"N",-1,-12.5,0,0,0,0,0,0,0,0,0,0,0,0,0,0
"21019","5","518210","78","0","2019","1","N",2,0,0,0,0,0,0,0,"N",0.51,0,0,0,0,0,0,0,"N",1,100.0,0,0,0,0,0,0,0,0,0,0,0,0,0,0
"21029","5","518210","78","0","2019","1","N",1,0,0,0,0,0,0,0,"N",0.30,0,0,0,0,0,0,0,"N",0,0.0,0,0,0,0,0,0,0,0,0,0,0,0,0,0
"21035","5","518210","78","0","2019","1","N",1,0,0,0,0,0,0,0,"N",0.39,0,0,0,0,0,0,0,"N",-1,-50.0,0,0,0,0,0,0,0,0,0,0,0,0,0,0
"21037","5","518210","78","0","2019","1","N",7,0,0,0,0,0,0,0,"N",1.23,0,0,0,0,0,0,0,"N",0,0.0,0,0,0,0,0,0,0,0,0,0,0,0,0,0
"21045","5","518210","78","0","2019","1","N",1,0,0,0,0,0,0,0,"N",1.37,0,0,0,0,0,0,0,"N",0,0.0,0,0,0,0,0,0,0,0,0,0,0,0,0,0
"21047","5","518210","78","0","2019","1","",8,14,14,13,333974,109597,2472,1880,"",1.89,0.20,0.20,0.19,0.19,0.15,0.15,0.99,"",-1,-11.1,3,27.3,3,27.3,2,18.2,41119,14.0,13334,13.9,186,8.1,-168,-8.2
"21049","5","518210","78","0","2019","1","N",1,0,0,0,0,0,0,0,"N",0.47,0,0,0,0,0,0,0,"N",0,0.0,0,0,0,0,0,0,0,0,0,0,0,0,0,0
"21059","5","518210","78","0","2019","1","N",2,0,0,0,0,0,0,0,"N",0.28,0,0,0,0,0,0,0,"N",0,0.0,0,0,0,0,0,0,0,0,0,0,0,0,0,0
"21067","5","518210","78","0","2019","1","",31,423,432,435,11059296,4496525,89391,1978,"",1.10,0.97,0.99,0.99,0.89,1.06,1.25,0.91,"",-3,-8.8,-2,-0.5,0,0.0,0,0.0,1133156,11.4,1052605,30.6,12028,15.5,205,11.6
"21071","5","518210","78","0","2019","1","N",1,0,0,0,0,0,0,0,"N",0.42,0,0,0,0,0,0,0,"N",0,0.0,0,0,0,0,0,0,0,0,0,0,0,0,0,0
"21073","3","518210","78","0","2019","1","N",1,0,0,0,0,0,0,0,"N",50.63,0,0,0,0,0,0,0,"N",0,0.0,0,0,0,0,0,0,0,0,0,0,0,0,0,0
"21073","5","518210","78","0","2019","1","",7,85,90,91,1539301,822973,9523,1335,"",1.41,1.22,1.25,1.29,0.86,1.58,1.09,0.68,"N",1,16.7,0,0,0,0,0,0,0,0,0,0,0,0,0,0
"21079","5","518210","78","0","2019","1","N",1,0,0,0,0,0,0,0,"N",1.26,0,0,0,0,0,0,0,"N",1,100.0,0,0,0,0,0,0,0,0,0,0,0,0,0,0
"21089","5","518210","78","0","2019","1","-",0,0,0,0,0,0,0,0,"N",0.00,0,0,0,0,0,0,0,"N",0,0,0,0,0,0,0,0,0,0,0,0,0,0,0,0
"21093","5","518210","78","0","2019","1","",10,73,75,75,1700679,869311,16576,1760,"",1.37,0.67,0.68,0.68,0.63,0.86,1.05,0.93,"",-1,-9.1,-52,-41.6,-49,-39.5,-51,-40.5,-949886,-35.8,-573472,-39.7,-16997,-50.6,129,7.9
"21101","5","518210","78","0","2019","1","N",1,0,0,0,0,0,0,0,"N",0.34,0,0,0,0,0,0,0,"N",0,0.0,0,0,0,0,0,0,0,0,0,0,0,0,0,0
"21111","5","518210","78","0","2019","1","",54,1288,1289,1275,30676088,12903761,233413,1838,"",0.84,1.22,1.21,1.19,0.85,1.03,0.94,0.70,"",-1,-1.8,34,2.7,34,2.7,26,2.1,3755471,14.0,1520713,13.4,-17574,-7.0,185,11.2
"21113","5","518210","78","0","2019","1","N",3,0,0,0,0,0,0,0,"N",0.90,0,0,0,0,0,0,0,"N",0,0.0,0,0,0,0,0,0,0,0,0,0,0,0,0,0
"21115","5","518210","78","0","2019","1","N",1,0,0,0,0,0,0,0,"N",0.81,0,0,0,0,0,0,0,"N",1,100.0,0,0,0,0,0,0,0,0,0,0,0,0,0,0
"21117","5","518210","78","0","2019","1","",4,10,10,11,231516,107775,950,1723,"",0.37,0.07,0.07,0.07,0.04,0.07,0.04,0.65,"N",-1,-20.0,0,0,0,0,0,0,0,0,0,0,0,0,0,0
"21125","5","518210","78","0","2019","1","",5,235,244,238,1623749,1504573,50757,523,"",1.30,3.85,4.03,3.92,1.29,2.28,4.28,0.33,"",0,0.0,-87,-27.0,4,1.7,-27,-10.2,-516782,-24.1,-485320,-24.4,-8504,-14.4,-74,-12.4
"21133","5","518210","78","0","2019","1","N",1,0,0,0,0,0,0,0,"N",0.92,0,0,0,0,0,0,0,"N",0,0.0,0,0,0,0,0,0,0,0,0,0,0,0,0,0
"21141","5","518210","78","0","2019","1","N",1,0,0,0,0,0,0,0,"N",0.64,0,0,0,0,0,0,0,"N",0,0.0,0,0,0,0,0,0,0,0,0,0,0,0,0,0
"21145","5","518210","78","0","2019","1","N",4,0,0,0,0,0,0,0,"N",0.66,0,0,0,0,0,0,0,"N",3,300.0,0,0,0,0,0,0,0,0,0,0,0,0,0,0
"21151","5","518210","78","0","2019","1","N",3,0,0,0,0,0,0,0,"N",0.58,0,0,0,0,0,0,0,"N",-3,-50.0,0,0,0,0,0,0,0,0,0,0,0,0,0,0
"21163","5","518210","78","0","2019","1","N",1,0,0,0,0,0,0,0,"N",0.96,0,0,0,0,0,0,0,"N",0,0.0,0,0,0,0,0,0,0,0,0,0,0,0,0,0
"21173","5","518210","78","0","2019","1","N",2,0,0,0,0,0,0,0,"N",1.18,0,0,0,0,0,0,0,"N",1,100.0,0,0,0,0,0,0,0,0,0,0,0,0,0,0
"21179","5","518210","78","0","2019","1","N",2,0,0,0,0,0,0,0,"N",0.67,0,0,0,0,0,0,0,"N",1,100.0,0,0,0,0,0,0,0,0,0,0,0,0,0,0
"21185","5","518210","78","0","2019","1","",4,5,5,5,253068,52500,1074,3893,"",0.97,0.14,0.14,0.14,0.27,0.15,0.19,1.95,"",0,0.0,0,0.0,-1,-16.7,-1,-16.7,-45870,-15.3,-8700,-14.2,-344,-24.3,-165,-4.1
"21191","5","518210","78","0","2019","1","N",1,0,0,0,0,0,0,0,"N",1.81,0,0,0,0,0,0,0,"N",1,100.0,0,0,0,0,0,0,0,0,0,0,0,0,0,0
"21199","5","518210","78","0","2019","1","-",0,0,0,0,0,0,0,0,"N",0.00,0,0,0,0,0,0,0,"N",0,0,0,0,0,0,0,0,0,0,0,0,0,0,0,0
"21203","5","518210","78","0","2019","1","N",3,0,0,0,0,0,0,0,"N",4.96,0,0,0,0,0,0,0,"N",-1,-25.0,0,0,0,0,0,0,0,0,0,0,0,0,0,0
"21205","5","518210","78","0","2019","1","N",1,0,0,0,0,0,0,0,"N",0.65,0,0,0,0,0,0,0,"N",0,0.0,0,0,0,0,0,0,0,0,0,0,0,0,0,0
"21209","5","518210","78","0","2019","1","N",2,0,0,0,0,0,0,0,"N",0.65,0,0,0,0,0,0,0,"N",0,0.0,0,0,0,0,0,0,0,0,0,0,0,0,0,0
"21211","5","518210","78","0","2019","1","N",1,0,0,0,0,0,0,0,"N",0.33,0,0,0,0,0,0,0,"N",0,0.0,0,0,0,0,0,0,0,0,0,0,0,0,0,0
"21227","5","518210","78","0","2019","1","N",6,0,0,0,0,0,0,0,"N",0.62,0,0,0,0,0,0,0,"N",1,20.0,0,0,0,0,0,0,0,0,0,0,0,0,0,0
"21231","5","518210","78","0","2019","1","N",1,0,0,0,0,0,0,0,"N",1.13,0,0,0,0,0,0,0,"N",0,0.0,0,0,0,0,0,0,0,0,0,0,0,0,0,0
"21235","5","518210","78","0","2019","1","N",2,0,0,0,0,0,0,0,"N",0.97,0,0,0,0,0,0,0,"N",0,0.0,0,0,0,0,0,0,0,0,0,0,0,0,0,0
"21999","5","518210","78","0","2019","1","",15,221,226,236,3902753,1975842,36709,1319,"",1.12,3.67,3.68,3.77,1.51,1.98,1.45,0.41,"",-4,-21.1,-57,-20.5,-34,-13.1,-21,-8.2,-531200,-12.0,-405330,-17.0,-16285,-30.7,32,2.5
"22000","5","518210","58","0","2019","1","",305,2305,2313,2334,42256709,16676786,298314,1403,"",0.92,0.53,0.53,0.53,0.34,0.44,0.52,0.64,"",18,6.3,76,3.4,79,3.5,103,4.6,4065178,10.6,4401686,35.9,75939,34.1,86,6.5
"22001","5","518210","78","0","2019","1","N",1,0,0,0,0,0,0,0,"N",0.31,0,0,0,0,0,0,0,"N",0,0.0,0,0,0,0,0,0,0,0,0,0,0,0,0,0
"22005","5","518210","78","0","2019","1","",6,10,11,10,352088,88695,776,2621,"",0.81,0.09,0.10,0.09,0.10,0.08,0.04,1.00,"",-2,-25.0,-5,-33.3,-5,-31.2,-5,-33.3,143061,68.4,-10837,-10.9,-1076,-58.1,1572,149.9
"22011","5","518210","78","0","2019","1","N",2,0,0,0,0,0,0,0,"N",1.08,0,0,0,0,0,0,0,"N",1,100.0,0,0,0,0,0,0,0,0,0,0,0,0,0,0
"22013","5","518210","78","0","2019","1","N",1,0,0,0,0,0,0,0,"N",1.31,0,0,0,0,0,0,0,"N",0,0.0,0,0,0,0,0,0,0,0,0,0,0,0,0,0
"22015","5","518210","78","0","2019","1","N",8,0,0,0,0,0,0,0,"N",1.08,0,0,0,0,0,0,0,"N",-2,-20.0,0,0,0,0,0,0,0,0,0,0,0,0,0,0
"22017","5","518210","78","0","2019","1","",16,214,216,208,2992422,886656,16487,1082,"",0.89,0.84,0.85,0.81,0.46,0.43,0.57,0.55,"",2,14.3,14,7.0,15,7.5,2,1.0,-146558,-4.7,-603272,-40.5,-14073,-46.1,-111,-9.3
"22019","5","518210","78","0","2019","1","",8,14,14,17,130680,101908,1209,670,"",0.60,0.06,0.06,0.07,0.02,0.05,0.03,0.29,"N",1,14.3,0,0,0,0,0,0,0,0,0,0,0,0,0,0
"22025","5","518210","78","0","2019","1","-",0,0,0,0,0,0,0,0,"N",0.00,0,0,0,0,0,0,0,"N",0,0,0,0,0,0,0,0,0,0,0,0,0,0,0,0
"22033","5","518210","78","0","2019","1","",53,710,713,740,16347981,5397183,96067,1744,"",1.34,1.17,1.17,1.20,0.86,1.00,1.09,0.73,"",-2,-3.6,-38,-5.1,-26,-3.5,6,0.8,1418332,9.5,2982323,123.5,59839,165.2,193,12.4
"22037","5","518210","78","0","2019","1","N",1,0,0,0,0,0,0,0,"N",1.16,0,0,0,0,0,0,0,"N",0,0.0,0,0,0,0,0,0,0,0,0,0,0,0,0,0
"22039","5","518210","78","0","2019","1","N",1,0,0,0,0,0,0,0,"N",0.64,0,0,0,0,0,0,0,"N",0,0.0,0,0,0,0,0,0,0,0,0,0,0,0,0,0
"22045","5","518210","78","0","2019","1","N",1,0,0,0,0,0,0,0,"N",0.22,0,0,0,0,0,0,0,"N",1,100.0,0,0,0,0,0,0,0,0,0,0,0,0,0,0
"22051","5","518210","78","0","2019","1","",39,331,321,314,3688483,2136572,41723,881,"",1.11,0.77,0.74,0.72,0.30,0.54,0.76,0.40,"",7,21.9,55,19.9,39,13.8,28,9.8,601838,19.5,288144,15.6,2556,6.5,37,4.4
"22055","5","518210","78","0","2019","1","N",17,0,0,0,0,0,0,0,"N",0.69,0,0,0,0,0,0,0,"N",-2,-10.5,0,0,0,0,0,0,0,0,0,0,0,0,0,0
"22057","5","518210","78","0","2019","1","N",2,0,0,0,0,0,0,0,"N",0.40,0,0,0,0,0,0,0,"N",-1,-33.3,0,0,0,0,0,0,0,0,0,0,0,0,0,0
"22059","5","518210","78","0","2019","1","N",1,0,0,0,0,0,0,0,"N",0.92,0,0,0,0,0,0,0,"N",1,100.0,0,0,0,0,0,0,0,0,0,0,0,0,0,0
"22061","5","518210","78","0","2019","1","N",1,0,0,0,0,0,0,0,"N",0.31,0,0,0,0,0,0,0,"N",1,100.0,0,0,0,0,0,0,0,0,0,0,0,0,0,0
"22063","5","518210","78","0","2019","1","",4,4,4,4,92709,30800,352,1783,"",0.69,0.06,0.06,0.06,0.07,0.06,0.04,1.07,"",1,33.3,2,100.0,2,100.0,1,33.3,41576,81.3,7700,33.3,84,31.3,97,5.8
"22067","5","518210","78","0","2019","1","N",1,0,0,0,0,0,0,0,"N",0.75,0,0,0,0,0,0,0,"N",0,0.0,0,0,0,0,0,0,0,0,0,0,0,0,0,0
"22071","5","518210","78","0","2019","1","",59,330,347,349,8845594,3018270,57193,1990,"",1.80,0.73,0.76,0.77,0.62,0.80,1.05,0.82,"",1,1.7,88,36.4,95,37.7,96,37.9,3215810,57.1,1384736,84.8,24756,76.3,251,14.4
"22073","5","518210","78","0","2019","1","",11,167,173,176,3465783,1349685,18887,1550,"",0.93,1.04,1.08,1.09,0.91,1.02,1.02,0.85,"N",3,37.5,0,0,0,0,0,0,0,0,0,0,0,0,0,0
"22079","5","518210","78","0","2019","1","N",4,0,0,0,0,0,0,0,"N",0.44,0,0,0,0,0,0,0,"N",0,0.0,0,0,0,0,0,0,0,0,0,0,0,0,0,0
"22087","5","518210","78","0","2019","1","N",2,0,0,0,0,0,0,0,"N",0.97,0,0,0,0,0,0,0,"N",1,100.0,0,0,0,0,0,0,0,0,0,0,0,0,0,0
"22089","5","518210","78","0","2019","1","-",0,0,0,0,0,0,0,0,"N",0.00,0,0,0,0,0,0,0,"N",0,0,0,0,0,0,0,0,0,0,0,0,0,0,0,0
"22095","5","518210","78","0","2019","1","N",1,0,0,0,0,0,0,0,"N",0.44,0,0,0,0,0,0,0,"N",0,0.0,0,0,0,0,0,0,0,0,0,0,0,0,0,0
"22097","5","518210","78","0","2019","1","N",1,0,0,0,0,0,0,0,"N",0.21,0,0,0,0,0,0,0,"N",0,0.0,0,0,0,0,0,0,0,0,0,0,0,0,0,0
"22099","5","518210","78","0","2019","1","-",0,0,0,0,0,0,0,0,"N",0.00,0,0,0,0,0,0,0,"N",0,0,0,0,0,0,0,0,0,0,0,0,0,0,0,0
"22103","5","518210","78","0","2019","1","",32,97,92,96,1279355,623538,10399,1036,"",1.49,0.48,0.45,0.47,0.23,0.35,0.45,0.49,"",2,6.7,-2,-2.0,-1,-1.1,0,0.0,85021,7.1,-19965,-3.1,-2277,-18.0,79,8.3
"22105","5","518210","78","0","2019","1","N",4,0,0,0,0,0,0,0,"N",0.53,0,0,0,0,0,0,0,"N",-1,-20.0,0,0,0,0,0,0,0,0,0,0,0,0,0,0
"22109","5","518210","78","0","2019","1","N",5,0,0,0,0,0,0,0,"N",0.62,0,0,0,0,0,0,0,"N",1,25.0,0,0,0,0,0,0,0,0,0,0,0,0,0,0
"22111","5","518210","78","0","2019","1","N",1,0,0,0,0,0,0,0,"N",1.01,0,0,0,0,0,0,0,"N",1,100.0,0,0,0,0,0,0,0,0,0,0,0,0,0,0
"22113","5","518210","78","0","2019","1","-",0,0,0,0,0,0,0,0,"N",0.00,0,0,0,0,0,0,0,"N",0,0,0,0,0,0,0,0,0,0,0,0,0,0,0,0
"22115","5","518210","78","0","2019","1","N",2,0,0,0,0,0,0,0,"N",0.87,0,0,0,0,0,0,0,"N",0,0.0,0,0,0,0,0,0,0,0,0,0,0,0,0,0
"22117","5","518210","78","0","2019","1","N",1,0,0,0,0,0,0,0,"N",0.51,0,0,0,0,0,0,0,"N",0,0.0,0,0,0,0,0,0,0,0,0,0,0,0,0,0
"22125","5","518210","78","0","2019","1","N",3,0,0,0,0,0,0,0,"N",4.43,0,0,0,0,0,0,0,"N",2,200.0,0,0,0,0,0,0,0,0,0,0,0,0,0,0
"22999","5","518210","78","0","2019","1","",16,62,60,62,1062308,505918,8850,1332,"",2.41,0.84,0.79,0.83,0.37,0.54,0.50,0.45,"",3,23.1,0,0.0,0,0.0,2,3.3,126635,13.5,77470,18.1,2157,32.2,146,12.3
"23000","5","518210","58","0","2019","1","",92,623,615,612,11812860,6831245,102997,1474,"",0.70,0.46,0.45,0.44,0.32,0.48,0.40,0.70,"",11,13.6,0,0.0,19,3.2,31,5.3,222346,1.9,-21367,-0.3,-519,-0.5,-12,-0.8
"23001","5","518210","78","0","2019","1","",5,11,8,8,267069,107318,1873,2283,"",0.64,0.10,0.07,0.07,0.10,0.09,0.09,1.20,"N",1,25.0,0,0,0,0,0,0,0,0,0,0,0,0,0,0
"23003","5","518210","78","0","2019","1","N",1,0,0,0,0,0,0,0,"N",0.18,0,0,0,0,0,0,0,"N",0,0.0,0,0,0,0,0,0,0,0,0,0,0,0,0,0
"23005","5","518210","78","0","2019","1","",34,265,265,259,5853811,3023330,39510,1712,"",0.97,0.63,0.63,0.62,0.43,0.61,0.45,0.69,"",4,13.3,14,5.6,15,6.0,9,3.6,1021060,21.1,189704,6.7,88,0.2,227,15.3
"23009","5","518210","78","0","2019","1","N",1,0,0,0,0,0,0,0,"N",0.15,0,0,0,0,0,0,0,"N",0,0.0,0,0,0,0,0,0,0,0,0,0,0,0,0,0
"23011","5","518210","78","0","2019","1","N",7,0,0,0,0,0,0,0,"N",0.72,0,0,0,0,0,0,0,"N",-1,-12.5,0,0,0,0,0,0,0,0,0,0,0,0,0,0
"23015","5","518210","78","0","2019","1","N",1,0,0,0,0,0,0,0,"N",0.25,0,0,0,0,0,0,0,"N",1,100.0,0,0,0,0,0,0,0,0,0,0,0,0,0,0
"23017","5","518210","78","0","2019","1","N",1,0,0,0,0,0,0,0,"N",0.26,0,0,0,0,0,0,0,"N",0,0.0,0,0,0,0,0,0,0,0,0,0,0,0,0,0
"23019","5","518210","78","0","2019","1","N",2,0,0,0,0,0,0,0,"N",0.17,0,0,0,0,0,0,0,"N",2,100.0,0,0,0,0,0,0,0,0,0,0,0,0,0,0
"23021","5","518210","78","0","2019","1","N",1,0,0,0,0,0,0,0,"N",0.75,0,0,0,0,0,0,0,"N",0,0.0,0,0,0,0,0,0,0,0,0,0,0,0,0,0
"23023","5","518210","78","0","2019","1","N",3,0,0,0,0,0,0,0,"N",1.04,0,0,0,0,0,0,0,"N",1,50.0,0,0,0,0,0,0,0,0,0,0,0,0,0,0
"23027","5","518210","78","0","2019","1","N",1,0,0,0,0,0,0,0,"N",0.33,0,0,0,0,0,0,0,"N",0,0.0,0,0,0,0,0,0,0,0,0,0,0,0,0,0
"23031","5","518210","78","0","2019","1","N",16,0,0,0,0,0,0,0,"N",0.93,0,0,0,0,0,0,0,"N",-2,-11.1,0,0,0,0,0,0,0,0,0,0,0,0,0,0
"23999","5","518210","78","0","2019","1","",19,44,41,40,956515,507237,9183,1766,"",2.00,1.53,1.40,1.36,0.79,1.08,0.96,0.56,"",5,35.7,13,41.9,11,36.7,15,60.0,285698,42.6,179418,54.7,4029,78.2,-34,-1.9
"24000","3","518210","58","0","2019","1","N",1,0,0,0,0,0,0,0,"N",0.58,0,0,0,0,0,0,0,"N",0,0.0,0,0,0,0,0,0,0,0,0,0,0,0,0,0
"24000","5","518210","58","0","2019","1","",365,3388,3405,3491,96409540,27247734,745666,2163,"",0.84,0.56,0.56,0.57,0.43,0.49,0.66,0.77,"",20,5.8,-146,-4.1,-189,-5.3,-139,-3.8,-5971953,-5.8,-913181,-3.2,-141211,-15.9,-33,-1.5
"24003","5","518210","78","0","2019","1","",26,215,218,239,6662112,1611006,26132,2288,"",0.68,0.35,0.35,0.39,0.31,0.27,0.23,0.84,"",-3,-10.3,26,13.8,13,6.3,18,8.1,128143,2.0,118758,8.0,1262,5.1,-164,-6.7
"24005","5","518210","78","0","2019","1","",34,188,184,185,5689424,1345561,47473,2357,"",0.64,0.22,0.21,0.21,0.20,0.17,0.28,0.92,"",2,6.2,19,11.2,12,7.0,15,8.8,548115,10.7,-54906,-3.9,-9006,-15.9,35,1.5
"24009","5","518210","78","0","2019","1","",6,8,8,8,73950,38776,232,711,"",1.27,0.16,0.15,0.15,0.05,0.09,0.03,0.32,"",0,0.0,-1,-11.1,-1,-11.1,3,60.0,11877,19.1,1353,3.6,92,65.7,88,14.1
"24011","5","518210","78","0","2019","1","N",1,0,0,0,0,0,0,0,"N",0.58,0,0,0,0,0,0,0,"N",0,0.0,0,0,0,0,0,0,0,0,0,0,0,0,0,0
"24013","5","518210","78","0","2019","1","N",6,0,0,0,0,0,0,0,"N",0.53,0,0,0,0,0,0,0,"N",-2,-25.0,0,0,0,0,0,0,0,0,0,0,0,0,0,0
"24015","5","518210","78","0","2019","1","N",2,0,0,0,0,0,0,0,"N",0.42,0,0,0,0,0,0,0,"N",-1,-33.3,0,0,0,0,0,0,0,0,0,0,0,0,0,0
"24017","5","518210","78","0","2019","1","",4,61,60,61,1034427,474163,9664,1312,"",0.56,0.66,0.65,0.65,0.42,0.66,0.69,0.65,"N",1,33.3,0,0,0,0,0,0,0,0,0,0,0,0,0,0
"24019","5","518210","78","0","2019","1","N",1,0,0,0,0,0,0,0,"N",0.57,0,0,0,0,0,0,0,"N",0,0.0,0,0,0,0,0,0,0,0,0,0,0,0,0,0
"24021","5","518210","78","0","2019","1","",8,99,96,94,1501433,789328,27361,1199,"",0.49,0.42,0.41,0.39,0.21,0.35,0.67,0.51,"",-1,-11.1,82,482.4,80,500.0,79,526.7,1001140,200.1,649494,464.5,22832,504.1,-1206,-50.1
"24023","5","518210","78","0","2019","1","N",2,0,0,0,0,0,0,0,"N",0.86,0,0,0,0,0,0,0,"N",0,0.0,0,0,0,0,0,0,0,0,0,0,0,0,0,0
"24025","5","518210","78","0","2019","1","N",1,0,0,0,0,0,0,0,"N",0.07,0,0,0,0,0,0,0,"N",-2,-66.7,0,0,0,0,0,0,0,0,0,0,0,0,0,0
"24027","5","518210","78","0","2019","1","",17,437,439,436,15362502,3715287,75308,2702,"",0.67,1.11,1.12,1.11,0.95,0.88,0.82,0.85,"",2,13.3,22,5.3,16,3.8,8,1.9,1502602,10.8,113750,3.2,9023,13.6,176,7.0
"24031","5","518210","78","0","2019","1","",62,938,943,942,26183523,7054585,174369,2140,"",0.75,0.87,0.88,0.87,0.52,0.69,0.92,0.59,"",8,14.8,34,3.8,25,2.7,21,2.3,-3438585,-11.6,295415,4.4,15379,9.7,-352,-14.1
"24033","5","518210","78","0","2019","1","",14,713,714,726,21644635,6336271,270086,2320,"",0.34,0.99,0.98,0.99,0.90,1.00,2.05,0.91,"",-4,-22.2,-336,-32.0,-326,-31.3,-323,-30.8,-7672455,-26.2,-2229964,-26.0,-167014,-38.2,164,7.6
"24035","5","518210","78","0","2019","1","N",1,0,0,0,0,0,0,0,"N",0.27,0,0,0,0,0,0,0,"N",0,0.0,0,0,0,0,0,0,0,0,0,0,0,0,0,0
"24037","5","518210","78","0","2019","1","N",1,0,0,0,0,0,0,0,"N",0.18,0,0,0,0,0,0,0,"N",1,100.0,0,0,0,0,0,0,0,0,0,0,0,0,0,0
"24041","5","518210","78","0","2019","1","N",1,0,0,0,0,0,0,0,"N",0.26,0,0,0,0,0,0,0,"N",0,0.0,0,0,0,0,0,0,0,0,0,0,0,0,0,0
"24043","5","518210","78","0","2019","1","",5,67,71,72,1227039,567464,7356,1348,"",0.57,0.45,0.48,0.48,0.33,0.41,0.22,0.70,"N",0,0.0,0,0,0,0,0,0,0,0,0,0,0,0,0,0
"24045","5","518210","78","0","2019","1","N",2,0,0,0,0,0,0,0,"N",0.31,0,0,0,0,0,0,0,"N",0,0.0,0,0,0,0,0,0,0,0,0,0,0,0,0,0
"24047","5","518210","78","0","2019","1","N",4,0,0,0,0,0,0,0,"N",0.72,0,0,0,0,0,0,0,"N",1,33.3,0,0,0,0,0,0,0,0,0,0,0,0,0,0
"24510","3","518210","78","0","2019","1","N",1,0,0,0,0,0,0,0,"N",7.32,0,0,0,0,0,0,0,"N",0,0.0,0,0,0,0,0,0,0,0,0,0,0,0,0,0
"24510","5","518210","78","0","2019","1","",24,205,202,200,4574070,1733344,40236,1739,"",0.70,0.27,0.26,0.26,0.15,0.30,0.31,0.58,"",0,0.0,-17,-7.7,-15,-6.9,-20,-9.1,-189799,-4.0,23866,1.4,7711,23.7,71,4.3
"24999","5","518210","78","0","2019","1","",143,297,299,341,10681849,2517613,41072,2631,"",2.55,1.72,1.69,1.93,1.06,0.97,0.64,0.59,"",18,14.4,45,17.9,40,15.4,86,33.7,2145189,25.1,334816,15.3,985,2.5,59,2.3
"25000","3","518210","58","0","2019","1","",3,18,18,18,326994,0,0,1397,"",1.16,0.27,0.27,0.27,0.21,0.00,0.00,0.78,"N",1,50.0,0,0,0,0,0,0,0,0,0,0,0,0,0,0
"25000","5","518210","58","0","2019","1","",674,7512,7614,7669,285230152,100761245,4577086,2888,"",1.04,0.93,0.94,0.94,0.76,0.85,1.02,0.81,"",107,18.9,-1381,-15.5,-1267,-14.3,-1058,-12.1,-82728230,-22.5,-20716768,-17.1,-227613,-4.7,-316,-9.9
"25001","3","518210","78","0","2019","1","N",1,0,0,0,0,0,0,0,"N",10.66,0,0,0,0,0,0,0,"N",0,0.0,0,0,0,0,0,0,0,0,0,0,0,0,0,0
"25001","5","518210","78","0","2019","1","N",4,0,0,0,0,0,0,0,"N",0.17,0,0,0,0,0,0,0,"N",-1,-20.0,0,0,0,0,0,0,0,0,0,0,0,0,0,0
"25003","5","518210","78","0","2019","1","",5,24,24,26,2211958,372185,10465,6898,"",0.38,0.18,0.18,0.19,0.59,0.25,0.20,3.28,"",0,0.0,10,71.4,8,50.0,8,44.4,1571728,245.5,122577,49.1,4856,86.6,3820,124.1
"25005","5","518210","78","0","2019","1","",13,82,81,77,4308529,1233874,80412,4143,"",0.29,0.16,0.16,0.15,0.28,0.18,0.32,1.81,"",3,30.0,-7,-7.9,-14,-14.7,-18,-18.9,214465,5.2,-146319,-10.6,4257,5.6,757,22.4
"25009","3","518210","78","0","2019","1","N",1,0,0,0,0,0,0,0,"N",3.75,0,0,0,0,0,0,0,"N",0,0.0,0,0,0,0,0,0,0,0,0,0,0,0,0,0
"25009","5","518210","78","0","2019","1","",37,322,320,326,7057399,4100883,178838,1682,"",0.55,0.44,0.44,0.44,0.26,0.41,0.48,0.60,"",8,27.6,40,14.2,33,11.5,40,14.0,826191,13.3,488765,13.5,27156,17.9,0,0.0
"25011","5","518210","78","0","2019","1","N",5,0,0,0,0,0,0,0,"N",0.79,0,0,0,0,0,0,0,"N",1,25.0,0,0,0,0,0,0,0,0,0,0,0,0,0,0
"25013","5","518210","78","0","2019","1","",8,36,36,37,429574,346218,10976,909,"",0.17,0.08,0.08,0.08,0.03,0.06,0.05,0.39,"",2,33.3,1,2.9,-1,-2.7,-1,-2.6,57002,15.3,23819,7.4,3046,38.4,127,16.2
"25015","5","518210","78","0","2019","1","N",2,0,0,0,0,0,0,0,"N",0.16,0,0,0,0,0,0,0,"N",0,0.0,0,0,0,0,0,0,0,0,0,0,0,0,0,0
"25017","5","518210","78","0","2019","1","",200,2952,2997,2987,136414954,42951091,2057853,3523,"",1.43,1.40,1.42,1.41,1.15,1.26,1.51,0.82,"",26,14.9,-1999,-40.4,-1992,-39.9,-1874,-38.6,-108475269,-44.3,-29695352,-40.9,-917208,-30.8,-295,-7.7
"25021","5","518210","78","0","2019","1","",56,638,633,652,18950978,5276557,262075,2274,"",0.88,0.80,0.80,0.82,0.60,0.44,0.56,0.75,"",12,27.3,-116,-15.4,-81,-11.3,-56,-7.9,-3691291,-16.3,-729378,-12.1,-3179,-1.2,-127,-5.3
"25023","3","518210","78","0","2019","1","N",1,0,0,0,0,0,0,0,"N",6.16,0,0,0,0,0,0,0,"N",1,100.0,0,0,0,0,0,0,0,0,0,0,0,0,0,0
"25023","5","518210","78","0","2019","1","",25,615,603,602,19469958,8712640,281919,2469,"",0.61,1.40,1.38,1.37,1.41,1.48,1.26,1.02,"",0,0.0,3,0.5,37,6.5,61,11.3,250340,1.3,-111043,-1.3,1810,0.6,-111,-4.3
"25025","5","518210","78","0","2019","1","",119,1956,2030,2074,70444978,27891556,1288272,2683,"",1.51,1.25,1.28,1.30,0.66,1.16,1.48,0.52,"",25,26.6,653,50.1,692,51.7,724,53.6,19332364,37.8,8247256,42.0,538974,71.9,-272,-9.2
"25027","5","518210","78","0","2019","1","",33,376,369,356,7302199,3089051,101806,1531,"",0.50,0.47,0.46,0.44,0.28,0.28,0.27,0.60,"",0,0.0,15,4.2,15,4.2,2,0.6,1694135,30.2,633114,25.8,39447,63.3,320,26.4
"25999","5","518210","78","0","2019","1","",167,308,324,328,15401357,4401117,206197,3702,"",4.28,2.74,2.83,2.90,1.88,1.67,1.65,0.67,"",31,22.8,14,4.8,39,13.7,52,18.8,5640357,57.8,412070,10.3,57696,38.9,1067,40.5
"26000","5","518210","58","0","2019","1","",1332,7222,7240,7248,170640298,63064063,1899639,1814,"",2.14,0.74,0.74,0.73,0.54,0.64,0.59,0.74,"",120,9.9,558,8.4,465,6.9,473,7.0,17179589,11.2,5588282,9.7,220474,13.1,62,3.5
"26005","5","518210","78","0","2019","1","",3,13,13,12,79899,50649,797,485,"",0.54,0.15,0.15,0.14,0.03,0.05,0.03,0.22,"",0,0.0,1,8.3,2,18.2,2,20.0,13996,21.2,15106,42.5,390,95.8,24,5.2
"26009","5","518210","78","0","2019","1","N",1,0,0,0,0,0,0,0,"N",0.75,0,0,0,0,0,0,0,"N",1,100.0,0,0,0,0,0,0,0,0,0,0,0,0,0,0
"26011","5","518210","78","0","2019","1","-",0,0,0,0,0,0,0,0,"N",0.00,0,0,0,0,0,0,0,"N",0,0,0,0,0,0,0,0,0,0,0,0,0,0,0,0
"26015","5","518210","78","0","2019","1","-",0,0,0,0,0,0,0,0,"N",0.00,0,0,0,0,0,0,0,"N",0,0,0,0,0,0,0,0,0,0,0,0,0,0,0,0
"26017","5","518210","78","0","2019","1","N",2,0,0,0,0,0,0,0,"N",0.39,0,0,0,0,0,0,0,"N",-1,-33.3,0,0,0,0,0,0,0,0,0,0,0,0,0,0
"26019","5","518210","78","0","2019","1","N",1,0,0,0,0,0,0,0,"N",0.91,0,0,0,0,0,0,0,"N",0,0.0,0,0,0,0,0,0,0,0,0,0,0,0,0,0
"26021","5","518210","78","0","2019","1","N",3,0,0,0,0,0,0,0,"N",0.35,0,0,0,0,0,0,0,"N",0,0.0,0,0,0,0,0,0,0,0,0,0,0,0,0,0
"26023","5","518210","78","0","2019","1","N",2,0,0,0,0,0,0,0,"N",1.03,0,0,0,0,0,0,0,"N",0,0.0,0,0,0,0,0,0,0,0,0,0,0,0,0,0
"26025","5","518210","78","0","2019","1","N",2,0,0,0,0,0,0,0,"N",0.36,0,0,0,0,0,0,0,"N",0,0.0,0,0,0,0,0,0,0,0,0,0,0,0,0,0
"26027","5","518210","78","0","2019","1","N",2,0,0,0,0,0,0,0,"N",1.11,0,0,0,0,0,0,0,"N",1,100.0,0,0,0,0,0,0,0,0,0,0,0,0,0,0
"26031","5","518210","78","0","2019","1","N",3,0,0,0,0,0,0,0,"N",1.61,0,0,0,0,0,0,0,"N",-1,-25.0,0,0,0,0,0,0,0,0,0,0,0,0,0,0
"26037","5","518210","78","0","2019","1","",6,31,29,31,281373,207098,3754,714,"",1.98,0.87,0.81,0.86,0.33,0.59,0.35,0.39,"",3,100.0,25,416.7,23,383.3,24,342.9,243603,645.0,175328,551.9,2609,227.9,255,55.6
"26043","5","518210","78","0","2019","1","N",2,0,0,0,0,0,0,0,"N",0.98,0,0,0,0,0,0,0,"N",0,0.0,0,0,0,0,0,0,0,0,0,0,0,0,0,0
"26045","5","518210","78","0","2019","1","N",5,0,0,0,0,0,0,0,"N",1.08,0,0,0,0,0,0,0,"N",-1,-16.7,0,0,0,0,0,0,0,0,0,0,0,0,0,0
"26047","5","518210","78","0","2019","1","N",1,0,0,0,0,0,0,0,"N",0.29,0,0,0,0,0,0,0,"N",-1,-50.0,0,0,0,0,0,0,0,0,0,0,0,0,0,0
"26049","5","518210","78","0","2019","1","",16,103,83,80,872121,500354,8284,757,"",0.95,0.34,0.28,0.26,0.11,0.19,0.10,0.37,"",2,14.3,-8,-7.2,-26,-23.9,-28,-25.9,-102782,-10.5,-74374,-12.9,-2299,-21.7,71,10.3
"26055","5","518210","78","0","2019","1","",11,116,118,116,1797185,988180,17808,1185,"",1.34,1.06,1.07,1.05,0.63,1.00,0.59,0.59,"",1,10.0,29,33.3,32,37.2,27,30.3,385889,27.3,271911,38.0,6346,55.4,-58,-4.7
"26061","5","518210","78","0","2019","1","",4,8,9,9,185346,81500,1298,1645,"",1.86,0.32,0.36,0.35,0.29,0.46,0.24,0.85,"N",2,100.0,0,0,0,0,0,0,0,0,0,0,0,0,0,0
"26065","5","518210","78","0","2019","1","",18,148,175,182,3204668,1393126,37820,1464,"",1.21,0.43,0.51,0.52,0.30,0.56,0.51,0.61,"",3,20.0,17,13.0,41,30.6,40,28.2,736493,29.8,238747,20.7,2592,7.4,65,4.6
"26067","5","518210","78","0","2019","1","-",0,0,0,0,0,0,0,0,"N",0.00,0,0,0,0,0,0,0,"N",-1,-100.0,0,0,0,0,0,0,0,0,0,0,0,0,0,0
"26073","5","518210","78","0","2019","1","N",2,0,0,0,0,0,0,0,"N",0.64,0,0,0,0,0,0,0,"N",0,0.0,0,0,0,0,0,0,0,0,0,0,0,0,0,0
"26075","5","518210","78","0","2019","1","",6,9,9,9,51279,49200,2177,438,"",0.92,0.07,0.07,0.07,0.01,0.04,0.06,0.20,"",0,0.0,-22,-71.0,-23,-71.9,-18,-66.7,-421306,-89.1,-238922,-82.9,-6258,-74.2,-774,-63.9
"26077","5","518210","78","0","2019","1","N",7,0,0,0,0,0,0,0,"N",0.56,0,0,0,0,0,0,0,"N",0,0.0,0,0,0,0,0,0,0,0,0,0,0,0,0,0
"26079","5","518210","78","0","2019","1","N",2,0,0,0,0,0,0,0,"N",2.57,0,0,0,0,0,0,0,"N",1,100.0,0,0,0,0,0,0,0,0,0,0,0,0,0,0
"26081","5","518210","78","0","2019","1","",48,602,595,606,10658941,4712483,122100,1364,"",1.30,0.66,0.65,0.65,0.40,0.51,0.46,0.61,"",5,11.6,107,21.6,101,20.4,103,20.5,1415237,15.3,719295,18.0,34155,38.8,-66,-4.6
"26087","5","518210","78","0","2019","1","",3,6,6,7,61168,51245,1337,743,"",0.78,0.13,0.12,0.14,0.06,0.11,0.08,0.43,"N",2,200.0,0,0,0,0,0,0,0,0,0,0,0,0,0,0
"26089","5","518210","78","0","2019","1","N",2,0,0,0,0,0,0,0,"N",1.18,0,0,0,0,0,0,0,"N",0,0.0,0,0,0,0,0,0,0,0,0,0,0,0,0,0
"26091","5","518210","78","0","2019","1","N",2,0,0,0,0,0,0,0,"N",0.46,0,0,0,0,0,0,0,"N",0,0.0,0,0,0,0,0,0,0,0,0,0,0,0,0,0
"26093","5","518210","78","0","2019","1","",11,89,87,85,1130722,676861,31758,1000,"",0.96,0.63,0.62,0.60,0.31,0.47,0.67,0.51,"",1,10.0,-62,-41.1,-57,-39.6,-41,-32.5,-472290,-29.5,-411010,-37.8,-19120,-37.6,121,13.8
"26097","5","518210","78","0","2019","1","-",0,0,0,0,0,0,0,0,"N",0.00,0,0,0,0,0,0,0,"N",0,0,0,0,0,0,0,0,0,0,0,0,0,0,0,0
"26099","5","518210","78","0","2019","1","",26,192,201,219,3948064,1653282,55934,1489,"",0.59,0.26,0.27,0.29,0.16,0.21,0.19,0.58,"N",0,0.0,0,0,0,0,0,0,0,0,0,0,0,0,0,0
"26101","5","518210","78","0","2019","1","N",1,0,0,0,0,0,0,0,"N",0.76,0,0,0,0,0,0,0,"N",0,0.0,0,0,0,0,0,0,0,0,0,0,0,0,0,0
"26103","5","518210","78","0","2019","1","-",0,0,0,0,0,0,0,0,"N",0.00,0,0,0,0,0,0,0,"N",0,0,0,0,0,0,0,0,0,0,0,0,0,0,0,0
"26109","5","518210","78","0","2019","1","N",1,0,0,0,0,0,0,0,"N",0.89,0,0,0,0,0,0,0,"N",0,0.0,0,0,0,0,0,0,0,0,0,0,0,0,0,0
"26111","5","518210","78","0","2019","1","",6,16,16,16,242726,109448,2276,1167,"",0.73,0.19,0.19,0.19,0.07,0.13,0.09,0.36,"N",0,0.0,0,0,0,0,0,0,0,0,0,0,0,0,0,0
"26115","5","518210","78","0","2019","1","N",2,0,0,0,0,0,0,0,"N",0.38,0,0,0,0,0,0,0,"N",-1,-33.3,0,0,0,0,0,0,0,0,0,0,0,0,0,0
"26117","5","518210","78","0","2019","1","N",1,0,0,0,0,0,0,0,"N",0.42,0,0,0,0,0,0,0,"N",1,100.0,0,0,0,0,0,0,0,0,0,0,0,0,0,0
"26121","5","518210","78","0","2019","1","N",3,0,0,0,0,0,0,0,"N",0.43,0,0,0,0,0,0,0,"N",0,0.0,0,0,0,0,0,0,0,0,0,0,0,0,0,0
"26125","5","518210","78","0","2019","1","",149,1778,1723,1735,41842899,15091567,523913,1844,"",1.51,1.06,1.03,1.03,0.67,0.78,0.79,0.65,"",1,0.7,78,4.6,3,0.2,1,0.1,-200160,-0.5,204899,1.4,72956,16.2,-38,-2.0
"26131","5","518210","78","0","2019","1","-",0,0,0,0,0,0,0,0,"N",0.00,0,0,0,0,0,0,0,"N",0,0,0,0,0,0,0,0,0,0,0,0,0,0,0,0
"26133","5","518210","78","0","2019","1","N",1,0,0,0,0,0,0,0,"N",0.91,0,0,0,0,0,0,0,"N",0,0.0,0,0,0,0,0,0,0,0,0,0,0,0,0,0
"26137","5","518210","78","0","2019","1","N",1,0,0,0,0,0,0,0,"N",0.56,0,0,0,0,0,0,0,"N",0,0.0,0,0,0,0,0,0,0,0,0,0,0,0,0,0
"26139","5","518210","78","0","2019","1","",9,30,31,32,330244,221120,7560,819,"",0.62,0.11,0.11,0.11,0.04,0.07,0.08,0.39,"",-2,-18.2,-5,-14.3,2,6.9,4,14.3,-39699,-10.7,-14218,-6.0,-2127,-22.0,-109,-11.7
"26143","5","518210","78","0","2019","1","N",2,0,0,0,0,0,0,0,"N",1.58,0,0,0,0,0,0,0,"N",1,100.0,0,0,0,0,0,0,0,0,0,0,0,0,0,0
"26145","5","518210","78","0","2019","1","N",1,0,0,0,0,0,0,0,"N",0.10,0,0,0,0,0,0,0,"N",-1,-50.0,0,0,0,0,0,0,0,0,0,0,0,0,0,0
"26147","5","518210","78","0","2019","1","N",2,0,0,0,0,0,0,0,"N",0.29,0,0,0,0,0,0,0,"N",1,100.0,0,0,0,0,0,0,0,0,0,0,0,0,0,0
"26151","5","518210","78","0","2019","1","N",1,0,0,0,0,0,0,0,"N",0.49,0,0,0,0,0,0,0,"N",1,100.0,0,0,0,0,0,0,0,0,0,0,0,0,0,0
"26155","5","518210","78","0","2019","1","N",1,0,0,0,0,0,0,0,"N",0.37,0,0,0,0,0,0,0,"N",0,0.0,0,0,0,0,0,0,0,0,0,0,0,0,0,0
"26157","5","518210","78","0","2019","1","N",1,0,0,0,0,0,0,0,"N",0.50,0,0,0,0,0,0,0,"N",0,0.0,0,0,0,0,0,0,0,0,0,0,0,0,0,0
"26159","5","518210","78","0","2019","1","N",1,0,0,0,0,0,0,0,"N",0.30,0,0,0,0,0,0,0,"N",0,0.0,0,0,0,0,0,0,0,0,0,0,0,0,0,0
"26161","5","518210","78","0","2019","1","",49,1124,1127,1119,31364403,10175808,275735,2148,"",2.38,2.33,2.28,2.25,1.83,3.05,2.79,0.80,"",-1,-2.0,116,11.5,102,10.0,112,11.1,2573174,8.9,1179749,13.1,20611,8.1,-38,-1.7
"26163","5","518210","78","0","2019","1","",57,776,793,788,16511114,6516904,191671,1617,"",0.73,0.47,0.48,0.48,0.27,0.37,0.31,0.56,"",2,3.6,40,5.4,-5,-0.6,2,0.3,1477292,9.8,149302,2.3,-27695,-12.6,122,8.2
"26999","5","518210","78","0","2019","1","",852,1700,1746,1738,50520868,16479860,484203,2249,"",10.55,5.51,5.56,5.48,3.72,3.78,3.41,0.67,"",102,13.6,251,17.3,259,17.4,241,16.1,11004502,27.8,3410907,26.1,129157,36.4,192,9.3
"27000","3","518210","58","0","2019","1","",7,871,869,863,16257051,0,0,1441,"",4.06,16.11,16.08,16.09,16.87,0.00,0.00,1.05,"",0,0.0,-131,-13.1,-128,-12.8,-135,-13.5,-1678407,-9.4,0,0.0,0,0.0,60,4.3
"27000","5","518210","58","0","2019","1","",606,5348,5295,5268,183704564,119769748,1091244,2664,"",1.40,0.82,0.81,0.81,0.79,1.08,0.95,0.97,"",85,16.3,-1969,-26.9,-2015,-27.6,-1965,-27.2,-25393372,-12.1,-17355837,-12.7,-39455,-3.5,457,20.7
"27003","5","518210","78","0","2019","1","",6,17,19,17,225852,225851,977,983,"",0.32,0.06,0.07,0.06,0.03,0.05,0.02,0.43,"",0,0.0,4,30.8,5,35.7,3,21.4,58294,34.8,60493,36.6,209,27.2,40,4.2
"27005","5","518210","78","0","2019","1","N",1,0,0,0,0,0,0,0,"N",0.40,0,0,0,0,0,0,0,"N",1,100.0,0,0,0,0,0,0,0,0,0,0,0,0,0,0
"27007","5","518210","78","0","2019","1","N",1,0,0,0,0,0,0,0,"N",0.33,0,0,0,0,0,0,0,"N",0,0.0,0,0,0,0,0,0,0,0,0,0,0,0,0,0
"27009","5","518210","78","0","2019","1","N",1,0,0,0,0,0,0,0,"N",0.41,0,0,0,0,0,0,0,"N",1,100.0,0,0,0,0,0,0,0,0,0,0,0,0,0,0
"27013","3","518210","78","0","2019","1","N",2,0,0,0,0,0,0,0,"N",99.27,0,0,0,0,0,0,0,"N",0,0.0,0,0,0,0,0,0,0,0,0,0,0,0,0,0
"27019","5","518210","78","0","2019","1","",7,32,31,32,653806,543873,13764,1588,"",1.13,0.35,0.35,0.36,0.23,0.34,0.97,0.64,"",2,40.0,4,14.3,2,6.9,4,14.3,138222,26.8,139260,34.4,2082,17.8,188,13.4
"27025","5","518210","78","0","2019","1","N",3,0,0,0,0,0,0,0,"N",1.03,0,0,0,0,0,0,0,"N",0,0.0,0,0,0,0,0,0,0,0,0,0,0,0,0,0
"27027","3","518210","78","0","2019","1","N",1,0,0,0,0,0,0,0,"N",74.53,0,0,0,0,0,0,0,"N",0,0.0,0,0,0,0,0,0,0,0,0,0,0,0,0,0
"27027","5","518210","78","0","2019","1","N",2,0,0,0,0,0,0,0,"N",0.59,0,0,0,0,0,0,0,"N",1,100.0,0,0,0,0,0,0,0,0,0,0,0,0,0,0
"27037","5","518210","78","0","2019","1","",22,267,262,260,4797862,4068334,24924,1403,"",0.86,0.62,0.61,0.61,0.32,0.51,0.28,0.53,"",-3,-12.0,-34,-11.3,-36,-12.1,-28,-9.7,-247853,-4.9,-418490,-9.3,-9966,-28.6,90,6.9
"27047","5","518210","78","0","2019","1","N",1,0,0,0,0,0,0,0,"N",0.50,0,0,0,0,0,0,0,"N",0,0.0,0,0,0,0,0,0,0,0,0,0,0,0,0,0
"27051","5","518210","78","0","2019","1","N",1,0,0,0,0,0,0,0,"N",1.56,0,0,0,0,0,0,0,"N",0,0.0,0,0,0,0,0,0,0,0,0,0,0,0,0,0
"27053","3","518210","78","0","2019","1","N",2,0,0,0,0,0,0,0,"N",5.09,0,0,0,0,0,0,0,"N",0,0.0,0,0,0,0,0,0,0,0,0,0,0,0,0,0
"27053","5","518210","78","0","2019","1","",148,3447,3389,3401,122358235,79668409,668139,2758,"",1.50,1.63,1.60,1.61,1.26,1.74,1.55,0.78,"",14,10.4,-997,-22.4,-1026,-23.2,-966,-22.1,-22043394,-15.3,-9718329,-10.9,-4746,-0.7,238,9.4
"27055","5","518210","78","0","2019","1","N",2,0,0,0,0,0,0,0,"N",1.86,0,0,0,0,0,0,0,"N",0,0.0,0,0,0,0,0,0,0,0,0,0,0,0,0,0
"27061","5","518210","78","0","2019","1","N",1,0,0,0,0,0,0,0,"N",0.33,0,0,0,0,0,0,0,"N",0,0.0,0,0,0,0,0,0,0,0,0,0,0,0,0,0
"27067","5","518210","78","0","2019","1","",4,86,85,87,1051536,1051534,10386,941,"",1.16,1.59,1.59,1.61,0.86,1.60,1.90,0.54,"N",3,300.0,0,0,0,0,0,0,0,0,0,0,0,0,0,0
"27079","5","518210","78","0","2019","1","N",1,0,0,0,0,0,0,0,"N",0.56,0,0,0,0,0,0,0,"N",1,100.0,0,0,0,0,0,0,0,0,0,0,0,0,0,0
"27099","5","518210","78","0","2019","1","N",1,0,0,0,0,0,0,0,"N",0.48,0,0,0,0,0,0,0,"N",0,0.0,0,0,0,0,0,0,0,0,0,0,0,0,0,0
"27109","5","518210","78","0","2019","1","N",5,0,0,0,0,0,0,0,"N",0.56,0,0,0,0,0,0,0,"N",1,25.0,0,0,0,0,0,0,0,0,0,0,0,0,0,0
"27111","5","518210","78","0","2019","1","N",1,0,0,0,0,0,0,0,"N",0.23,0,0,0,0,0,0,0,"N",0,0.0,0,0,0,0,0,0,0,0,0,0,0,0,0,0
"27115","5","518210","78","0","2019","1","N",1,0,0,0,0,0,0,0,"N",0.62,0,0,0,0,0,0,0,"N",0,0.0,0,0,0,0,0,0,0,0,0,0,0,0,0,0
"27123","3","518210","78","0","2019","1","N",1,0,0,0,0,0,0,0,"N",7.36,0,0,0,0,0,0,0,"N",0,0.0,0,0,0,0,0,0,0,0,0,0,0,0,0,0
"27123","5","518210","78","0","2019","1","",28,530,533,535,21266122,10907942,116750,3071,"",0.82,0.70,0.70,0.71,0.69,0.85,0.97,0.99,"",4,16.7,-1066,-66.8,-1081,-67.0,-1075,-66.8,-8786326,-29.2,-10716451,-49.6,-85330,-42.2,1632,113.4
"27131","5","518210","78","0","2019","1","N",1,0,0,0,0,0,0,0,"N",0.26,0,0,0,0,0,0,0,"N",0,0.0,0,0,0,0,0,0,0,0,0,0,0,0,0,0
"27137","3","518210","78","0","2019","1","N",1,0,0,0,0,0,0,0,"N",19.13,0,0,0,0,0,0,0,"N",0,0.0,0,0,0,0,0,0,0,0,0,0,0,0,0,0
"27137","5","518210","78","0","2019","1","",6,46,48,49,826491,794302,7684,1334,"",0.46,0.21,0.22,0.22,0.14,0.30,0.16,0.64,"N",1,20.0,0,0,0,0,0,0,0,0,0,0,0,0,0,0
"27139","5","518210","78","0","2019","1","N",2,0,0,0,0,0,0,0,"N",0.24,0,0,0,0,0,0,0,"N",-1,-33.3,0,0,0,0,0,0,0,0,0,0,0,0,0,0
"27145","5","518210","78","0","2019","1","",7,36,38,38,797296,719297,9132,1643,"",0.66,0.18,0.19,0.19,0.15,0.28,0.35,0.77,"",1,16.7,-23,-39.0,-20,-34.5,-20,-34.5,-649248,-44.9,-344479,-32.4,-159,-1.7,-265,-13.9
"27163","5","518210","78","0","2019","1","N",6,0,0,0,0,0,0,0,"N",0.42,0,0,0,0,0,0,0,"N",0,0.0,0,0,0,0,0,0,0,0,0,0,0,0,0,0
"27169","5","518210","78","0","2019","1","N",2,0,0,0,0,0,0,0,"N",0.69,0,0,0,0,0,0,0,"N",1,100.0,0,0,0,0,0,0,0,0,0,0,0,0,0,0
"27999","5","518210","78","0","2019","1","",345,703,703,668,29100677,19269439,224871,3238,"",5.92,5.42,5.35,5.11,3.53,4.27,4.22,0.67,"",59,20.6,59,9.2,57,8.8,39,6.2,4880112,20.1,2342977,13.8,46014,25.7,325,11.2
"28000","5","518210","58","0","2019","1","",94,850,853,855,12058767,7279488,22437,1088,"",0.52,0.33,0.33,0.33,0.20,0.26,0.16,0.61,"",0,0.0,0,0.0,-5,-0.6,0,0.0,354723,3.0,371712,5.4,-1558,-6.5,34,3.2
"28003","5","518210","78","0","2019","1","N",1,0,0,0,0,0,0,0,"N",0.50,0,0,0,0,0,0,0,"N",1,100.0,0,0,0,0,0,0,0,0,0,0,0,0,0,0
"28027","5","518210","78","0","2019","1","N",2,0,0,0,0,0,0,0,"N",1.33,0,0,0,0,0,0,0,"N",0,0.0,0,0,0,0,0,0,0,0,0,0,0,0,0,0
"28033","5","518210","78","0","2019","1","N",1,0,0,0,0,0,0,0,"N",0.13,0,0,0,0,0,0,0,"N",-1,-50.0,0,0,0,0,0,0,0,0,0,0,0,0,0,0
"28035","5","518210","78","0","2019","1","N",1,0,0,0,0,0,0,0,"N",0.22,0,0,0,0,0,0,0,"N",0,0.0,0,0,0,0,0,0,0,0,0,0,0,0,0,0
"28045","5","518210","78","0","2019","1","N",1,0,0,0,0,0,0,0,"N",0.46,0,0,0,0,0,0,0,"N",0,0.0,0,0,0,0,0,0,0,0,0,0,0,0,0,0
"28047","5","518210","78","0","2019","1","N",3,0,0,0,0,0,0,0,"N",0.26,0,0,0,0,0,0,0,"N",0,0.0,0,0,0,0,0,0,0,0,0,0,0,0,0,0
"28049","5","518210","78","0","2019","1","N",5,0,0,0,0,0,0,0,"N",0.35,0,0,0,0,0,0,0,"N",-1,-16.7,0,0,0,0,0,0,0,0,0,0,0,0,0,0
"28067","5","518210","78","0","2019","1","N",1,0,0,0,0,0,0,0,"N",0.30,0,0,0,0,0,0,0,"N",0,0.0,0,0,0,0,0,0,0,0,0,0,0,0,0,0
"28081","5","518210","78","0","2019","1","N",1,0,0,0,0,0,0,0,"N",0.16,0,0,0,0,0,0,0,"N",0,0.0,0,0,0,0,0,0,0,0,0,0,0,0,0,0
"28083","5","518210","78","0","2019","1","N",1,0,0,0,0,0,0,0,"N",0.50,0,0,0,0,0,0,0,"N",0,0.0,0,0,0,0,0,0,0,0,0,0,0,0,0,0
"28087","5","518210","78","0","2019","1","N",2,0,0,0,0,0,0,0,"N",0.53,0,0,0,0,0,0,0,"N",1,100.0,0,0,0,0,0,0,0,0,0,0,0,0,0,0
"28089","5","518210","78","0","2019","1","",10,86,94,97,1433706,982056,3529,1194,"",1.17,0.68,0.74,0.77,0.45,0.56,0.48,0.62,"",0,0.0,-2,-2.3,0,0.0,9,10.2,4466,0.3,36077,3.8,-458,-11.5,-28,-2.3
"28091","5","518210","78","0","2019","1","N",1,0,0,0,0,0,0,0,"N",0.73,0,0,0,0,0,0,0,"N",0,0.0,0,0,0,0,0,0,0,0,0,0,0,0,0,0
"28105","5","518210","78","0","2019","1","N",1,0,0,0,0,0,0,0,"N",0.42,0,0,0,0,0,0,0,"N",0,0.0,0,0,0,0,0,0,0,0,0,0,0,0,0,0
"28113","5","518210","78","0","2019","1","N",2,0,0,0,0,0,0,0,"N",0.80,0,0,0,0,0,0,0,"N",0,0.0,0,0,0,0,0,0,0,0,0,0,0,0,0,0
"28121","5","518210","78","0","2019","1","",3,4,4,4,31134,31134,0,599,"",0.30,0.03,0.03,0.03,0.01,0.02,0.00,0.33,"",0,0.0,0,0.0,0,0.0,0,0.0,1968,6.7,1968,6.7,0,0.0,38,6.8
"28137","5","518210","78","0","2019","1","N",1,0,0,0,0,0,0,0,"N",1.07,0,0,0,0,0,0,0,"N",0,0.0,0,0,0,0,0,0,0,0,0,0,0,0,0,0
"28999","5","518210","78","0","2019","1","",57,100,103,101,2936634,1186701,8382,2229,"",2.31,1.38,1.39,1.33,1.11,0.93,0.86,0.81,"",2,3.6,-9,-8.3,-14,-12.0,-15,-12.9,258942,9.7,-49782,-4.0,-397,-4.5,422,23.4
"29000","3","518210","58","0","2019","1","N",1,0,0,0,0,0,0,0,"N",0.49,0,0,0,0,0,0,0,"N",0,0.0,0,0,0,0,0,0,0,0,0,0,0,0,0,0
"29000","5","518210","58","0","2019","1","",445,10555,10628,10670,508533916,118857115,983616,3684,"",0.87,1.67,1.67,1.67,2.73,1.71,1.25,1.63,"",74,19.9,-52,-0.5,-26,-0.2,23,0.2,69550842,15.8,1457817,1.2,-214831,-17.9,509,16.0
"29009","5","518210","78","0","2019","1","N",1,0,0,0,0,0,0,0,"N",0.45,0,0,0,0,0,0,0,"N",1,100.0,0,0,0,0,0,0,0,0,0,0,0,0,0,0
"29019","5","518210","78","0","2019","1","",5,14,19,18,107485,101023,2129,486,"",0.41,0.07,0.09,0.08,0.02,0.06,0.12,0.25,"",1,25.0,7,100.0,12,171.4,9,100.0,61210,132.3,64494,176.6,1242,140.0,22,4.7
"29021","5","518210","78","0","2019","1","N",1,0,0,0,0,0,0,0,"N",0.17,0,0,0,0,0,0,0,"N",0,0.0,0,0,0,0,0,0,0,0,0,0,0,0,0,0
"29023","5","518210","78","0","2019","1","N",2,0,0,0,0,0,0,0,"N",0.53,0,0,0,0,0,0,0,"N",0,0.0,0,0,0,0,0,0,0,0,0,0,0,0,0,0
"29029","5","518210","78","0","2019","1","N",2,0,0,0,0,0,0,0,"N",0.49,0,0,0,0,0,0,0,"N",0,0.0,0,0,0,0,0,0,0,0,0,0,0,0,0,0
"29031","5","518210","78","0","2019","1","N",1,0,0,0,0,0,0,0,"N",0.14,0,0,0,0,0,0,0,"N",-1,-50.0,0,0,0,0,0,0,0,0,0,0,0,0,0,0
"29037","5","518210","78","0","2019","1","N",3,0,0,0,0,0,0,0,"N",0.54,0,0,0,0,0,0,0,"N",-1,-25.0,0,0,0,0,0,0,0,0,0,0,0,0,0,0
"29043","5","518210","78","0","2019","1","N",1,0,0,0,0,0,0,0,"N",0.20,0,0,0,0,0,0,0,"N",0,0.0,0,0,0,0,0,0,0,0,0,0,0,0,0,0
"29047","5","518210","78","0","2019","1","",15,69,67,68,1423441,767921,11649,1610,"",1.05,0.29,0.29,0.29,0.21,0.27,0.33,0.73,"",4,36.4,-7,-9.2,-10,-13.0,-14,-17.1,-167785,-10.5,-105586,-12.1,-3142,-21.2,47,3.0
"29051","5","518210","78","0","2019","1","N",10,0,0,0,0,0,0,0,"N",1.68,0,0,0,0,0,0,0,"N",3,42.9,0,0,0,0,0,0,0,0,0,0,0,0,0,0
"29053","5","518210","78","0","2019","1","N",1,0,0,0,0,0,0,0,"N",0.86,0,0,0,0,0,0,0,"N",0,0.0,0,0,0,0,0,0,0,0,0,0,0,0,0,0
"29077","5","518210","78","0","2019","1","",14,513,513,502,4854993,3664033,42510,733,"",0.61,1.34,1.33,1.29,0.50,0.94,1.12,0.38,"",2,16.7,44,9.4,44,9.4,36,7.7,284291,6.2,280813,8.3,-8552,-16.7,-18,-2.4
"29079","5","518210","78","0","2019","1","-",0,0,0,0,0,0,0,0,"N",0.00,0,0,0,0,0,0,0,"N",0,0,0,0,0,0,0,0,0,0,0,0,0,0,0,0
"29093","5","518210","78","0","2019","1","N",1,0,0,0,0,0,0,0,"N",0.77,0,0,0,0,0,0,0,"N",1,100.0,0,0,0,0,0,0,0,0,0,0,0,0,0,0
"29095","5","518210","78","0","2019","1","",38,2004,2007,2027,50803525,21678498,154148,1942,"",0.69,2.38,2.38,2.38,1.82,2.19,1.37,0.76,"",-3,-7.3,-740,-27.0,-706,-26.0,-672,-24.9,-17179039,-25.3,-7976478,-26.9,-193992,-55.7,18,0.9
"29097","5","518210","78","0","2019","1","N",1,0,0,0,0,0,0,0,"N",0.12,0,0,0,0,0,0,0,"N",1,100.0,0,0,0,0,0,0,0,0,0,0,0,0,0,0
"29099","5","518210","78","0","2019","1","N",1,0,0,0,0,0,0,0,"N",0.09,0,0,0,0,0,0,0,"N",-1,-50.0,0,0,0,0,0,0,0,0,0,0,0,0,0,0
"29101","5","518210","78","0","2019","1","-",0,0,0,0,0,0,0,0,"N",0.00,0,0,0,0,0,0,0,"N",0,0,0,0,0,0,0,0,0,0,0,0,0,0,0,0
"29105","5","518210","78","0","2019","1","N",1,0,0,0,0,0,0,0,"N",0.48,0,0,0,0,0,0,0,"N",0,0.0,0,0,0,0,0,0,0,0,0,0,0,0,0,0
"29113","5","518210","78","0","2019","1","N",1,0,0,0,0,0,0,0,"N",0.37,0,0,0,0,0,0,0,"N",0,0.0,0,0,0,0,0,0,0,0,0,0,0,0,0,0
"29121","5","518210","78","0","2019","1","N",1,0,0,0,0,0,0,0,"N",0.98,0,0,0,0,0,0,0,"N",0,0.0,0,0,0,0,0,0,0,0,0,0,0,0,0,0
"29141","5","518210","78","0","2019","1","N",2,0,0,0,0,0,0,0,"N",1.52,0,0,0,0,0,0,0,"N",-1,-33.3,0,0,0,0,0,0,0,0,0,0,0,0,0,0
"29159","5","518210","78","0","2019","1","N",2,0,0,0,0,0,0,0,"N",0.65,0,0,0,0,0,0,0,"N",0,0.0,0,0,0,0,0,0,0,0,0,0,0,0,0,0
"29165","5","518210","78","0","2019","1","",8,249,255,262,10924995,2546347,31548,3291,"",1.19,2.28,2.34,2.41,3.32,1.84,1.82,1.42,"",-1,-11.1,31,14.2,34,15.4,42,19.1,6820349,166.2,398992,18.6,9087,40.5,1854,129.0
"29167","5","518210","78","0","2019","1","N",1,0,0,0,0,0,0,0,"N",0.57,0,0,0,0,0,0,0,"N",1,100.0,0,0,0,0,0,0,0,0,0,0,0,0,0,0
"29169","5","518210","78","0","2019","1","N",1,0,0,0,0,0,0,0,"N",0.48,0,0,0,0,0,0,0,"N",1,100.0,0,0,0,0,0,0,0,0,0,0,0,0,0,0
"29183","5","518210","78","0","2019","1","",20,3134,3151,3189,265056521,39057974,288614,6456,"",0.83,9.28,9.31,9.33,26.46,10.09,4.93,2.84,"",1,5.3,332,11.8,332,11.8,358,12.6,41408058,18.5,2528594,6.9,-17764,-5.8,350,5.7
"29187","5","518210","78","0","2019","1","N",2,0,0,0,0,0,0,0,"N",0.43,0,0,0,0,0,0,0,"N",1,100.0,0,0,0,0,0,0,0,0,0,0,0,0,0,0
"29189","5","518210","78","0","2019","1","",76,3224,3240,3249,149144004,38389519,289311,3543,"",0.77,2.34,2.34,2.35,2.93,2.18,1.56,1.25,"",2,2.7,195,6.4,181,5.9,185,6.0,34848573,30.5,5913180,18.2,-12178,-4.0,661,22.9
"29201","5","518210","78","0","2019","1","N",2,0,0,0,0,0,0,0,"N",0.57,0,0,0,0,0,0,0,"N",0,0.0,0,0,0,0,0,0,0,0,0,0,0,0,0,0
"29207","5","518210","78","0","2019","1","N",1,0,0,0,0,0,0,0,"N",0.42,0,0,0,0,0,0,0,"N",0,0.0,0,0,0,0,0,0,0,0,0,0,0,0,0,0
"29209","5","518210","78","0","2019","1","N",1,0,0,0,0,0,0,0,"N",0.53,0,0,0,0,0,0,0,"N",0,0.0,0,0,0,0,0,0,0,0,0,0,0,0,0,0
"29213","5","518210","78","0","2019","1","",4,29,29,29,354962,247256,2269,942,"",0.82,0.51,0.50,0.46,0.34,0.47,0.28,0.69,"N",1,33.3,0,0,0,0,0,0,0,0,0,0,0,0,0,0
"29219","5","518210","78","0","2019","1","N",1,0,0,0,0,0,0,0,"N",0.60,0,0,0,0,0,0,0,"N",1,100.0,0,0,0,0,0,0,0,0,0,0,0,0,0,0
"29225","5","518210","78","0","2019","1","N",1,0,0,0,0,0,0,0,"N",0.51,0,0,0,0,0,0,0,"N",0,0.0,0,0,0,0,0,0,0,0,0,0,0,0,0,0
"29510","3","518210","78","0","2019","1","N",1,0,0,0,0,0,0,0,"N",6.82,0,0,0,0,0,0,0,"N",0,0.0,0,0,0,0,0,0,0,0,0,0,0,0,0,0
"29510","5","518210","78","0","2019","1","",26,243,244,238,4270614,2163668,26466,1359,"",0.70,0.48,0.47,0.46,0.22,0.40,0.45,0.46,"",7,36.8,38,18.5,39,19.0,37,18.4,628135,17.2,-288,0.0,-3640,-12.1,-17,-1.2
"29999","5","518210","78","0","2019","1","",197,489,501,485,14639206,5291924,82973,2290,"",4.15,2.80,2.82,2.72,1.90,1.79,1.87,0.68,"",55,38.7,24,5.2,6,1.2,-17,-3.4,2220021,17.9,236399,4.7,14261,20.8,330,16.8
"30000","5","518210","58","0","2019","1","",73,521,511,501,9824169,8109798,86161,1479,"",0.60,0.50,0.49,0.48,0.37,0.54,0.48,0.77,"",-7,-8.8,19,3.8,4,0.8,-13,-2.5,740476,8.2,288318,3.7,-24012,-21.8,103,7.5
"30013","5","518210","78","0","2019","1","N",3,0,0,0,0,0,0,0,"N",0.44,0,0,0,0,0,0,0,"N",-1,-25.0,0,0,0,0,0,0,0,0,0,0,0,0,0,0
"30029","5","518210","78","0","2019","1","N",7,0,0,0,0,0,0,0,"N",0.59,0,0,0,0,0,0,0,"N",2,40.0,0,0,0,0,0,0,0,0,0,0,0,0,0,0
"30031","5","518210","78","0","2019","1","",11,88,79,70,1394576,1314854,16388,1358,"",0.65,0.66,0.59,0.52,0.41,0.61,0.63,0.70,"",2,22.2,26,41.9,18,29.5,6,9.4,386691,38.4,401324,43.9,2787,20.5,114,9.2
"30047","5","518210","78","0","2019","1","N",1,0,0,0,0,0,0,0,"N",0.41,0,0,0,0,0,0,0,"N",0,0.0,0,0,0,0,0,0,0,0,0,0,0,0,0,0
"30049","5","518210","78","0","2019","1","",8,169,168,170,2828088,2436621,26366,1287,"",1.10,2.08,2.06,2.08,1.29,1.93,2.21,0.62,"",-3,-27.3,-24,-12.4,-24,-12.5,-18,-9.6,-334319,-10.6,-351874,-12.6,-7916,-23.1,13,1.0
"30063","5","518210","78","0","2019","1","",9,106,108,104,1921933,1444728,12946,1395,"",0.69,0.78,0.79,0.76,0.59,0.74,0.56,0.76,"",0,0.0,6,6.0,11,11.3,7,7.2,480616,33.3,226273,18.6,-9954,-43.5,264,23.3
"30065","5","518210","78","0","2019","1","N",1,0,0,0,0,0,0,0,"N",2.79,0,0,0,0,0,0,0,"N",0,0.0,0,0,0,0,0,0,0,0,0,0,0,0,0,0
"30067","5","518210","78","0","2019","1","N",1,0,0,0,0,0,0,0,"N",0.41,0,0,0,0,0,0,0,"N",-1,-50.0,0,0,0,0,0,0,0,0,0,0,0,0,0,0
"30081","5","518210","78","0","2019","1","N",3,0,0,0,0,0,0,0,"N",0.68,0,0,0,0,0,0,0,"N",0,0.0,0,0,0,0,0,0,0,0,0,0,0,0,0,0
"30093","5","518210","78","0","2019","1","N",1,0,0,0,0,0,0,0,"N",0.31,0,0,0,0,0,0,0,"N",1,100.0,0,0,0,0,0,0,0,0,0,0,0,0,0,0
"30097","5","518210","78","0","2019","1","N",1,0,0,0,0,0,0,0,"N",1.80,0,0,0,0,0,0,0,"N",0,0.0,0,0,0,0,0,0,0,0,0,0,0,0,0,0
"30105","5","518210","78","0","2019","1","N",1,0,0,0,0,0,0,0,"N",1.19,0,0,0,0,0,0,0,"N",0,0.0,0,0,0,0,0,0,0,0,0,0,0,0,0,0
"30111","5","518210","78","0","2019","1","N",8,0,0,0,0,0,0,0,"N",0.49,0,0,0,0,0,0,0,"N",-1,-11.1,0,0,0,0,0,0,0,0,0,0,0,0,0,0
"30999","5","518210","78","0","2019","1","",18,65,66,69,1947434,1460877,15804,2247,"",2.10,3.50,3.53,3.71,2.40,2.82,1.88,0.67,"",-4,-18.2,3,4.8,-5,-7.0,-8,-10.4,-92393,-4.5,-157696,-9.7,-7223,-31.4,5,0.2
"31000","5","518210","58","0","2019","1","",127,4148,4161,4166,113521099,41468784,250071,2100,"",0.71,1.89,1.89,1.88,1.89,2.01,1.43,1.00,"",7,5.8,-399,-8.8,-338,-7.5,-370,-8.2,-4688719,-4.0,-2910901,-6.6,-37461,-13.0,92,4.6
"31019","5","518210","78","0","2019","1","N",1,0,0,0,0,0,0,0,"N",0.21,0,0,0,0,0,0,0,"N",0,0.0,0,0,0,0,0,0,0,0,0,0,0,0,0,0
"31033","5","518210","78","0","2019","1","N",1,0,0,0,0,0,0,0,"N",1.06,0,0,0,0,0,0,0,"N",1,100.0,0,0,0,0,0,0,0,0,0,0,0,0,0,0
"31053","5","518210","78","0","2019","1","N",1,0,0,0,0,0,0,0,"N",0.34,0,0,0,0,0,0,0,"N",1,100.0,0,0,0,0,0,0,0,0,0,0,0,0,0,0
"31055","5","518210","78","0","2019","1","",58,3655,3669,3672,105894590,37545146,224137,2222,"",1.24,4.76,4.77,4.77,4.38,4.99,3.39,0.92,"",1,1.8,-340,-8.5,-281,-7.1,-302,-7.6,-4287733,-3.9,-2467917,-6.2,-36767,-14.1,89,4.2
"31109","5","518210","78","0","2019","1","",19,185,185,187,3202460,1502026,14144,1327,"",0.75,0.48,0.48,0.48,0.31,0.44,0.54,0.65,"",-2,-9.5,-4,-2.1,-7,-3.6,-9,-4.6,-3975,-0.1,-108017,-6.7,-1064,-7.0,45,3.5
"31139","5","518210","78","0","2019","1","N",1,0,0,0,0,0,0,0,"N",1.65,0,0,0,0,0,0,0,"N",0,0.0,0,0,0,0,0,0,0,0,0,0,0,0,0,0
"31151","5","518210","78","0","2019","1","N",1,0,0,0,0,0,0,0,"N",1.03,0,0,0,0,0,0,0,"N",0,0.0,0,0,0,0,0,0,0,0,0,0,0,0,0,0
"31153","5","518210","78","0","2019","1","N",6,0,0,0,0,0,0,0,"N",0.59,0,0,0,0,0,0,0,"N",-3,-33.3,0,0,0,0,0,0,0,0,0,0,0,0,0,0
"31157","5","518210","78","0","2019","1","N",1,0,0,0,0,0,0,0,"N",0.28,0,0,0,0,0,0,0,"N",0,0.0,0,0,0,0,0,0,0,0,0,0,0,0,0,0
"31173","5","518210","78","0","2019","1","N",1,0,0,0,0,0,0,0,"N",2.25,0,0,0,0,0,0,0,"N",0,0.0,0,0,0,0,0,0,0,0,0,0,0,0,0,0
"31177","5","518210","78","0","2019","1","N",3,0,0,0,0,0,0,0,"N",1.83,0,0,0,0,0,0,0,"N",1,50.0,0,0,0,0,0,0,0,0,0,0,0,0,0,0
"31185","5","518210","78","0","2019","1","N",1,0,0,0,0,0,0,0,"N",0.66,0,0,0,0,0,0,0,"N",0,0.0,0,0,0,0,0,0,0,0,0,0,0,0,0,0
"31999","5","518210","78","0","2019","1","",33,55,55,59,1109602,477065,6117,1515,"",2.09,1.13,1.13,1.20,0.53,0.69,0.68,0.46,"",8,32.0,32,139.1,33,150.0,36,156.5,521391,88.6,280230,142.4,3543,137.6,-481,-24.1
"32000","5","518210","58","0","2019","1","",274,2554,2554,2551,57745804,41465932,752575,1740,"",1.37,0.81,0.81,0.80,0.62,0.77,0.69,0.77,"",19,7.5,-4,-0.2,-2,-0.1,-14,-0.5,-4721461,-7.6,1319967,3.3,-59982,-7.4,-137,-7.3
"32001","5","518210","78","0","2019","1","N",2,0,0,0,0,0,0,0,"N",1.33,0,0,0,0,0,0,0,"N",0,0.0,0,0,0,0,0,0,0,0,0,0,0,0,0,0
"32003","5","518210","78","0","2019","1","",185,1572,1587,1602,40570308,26717987,489464,1966,"",1.37,0.68,0.69,0.69,0.60,0.68,0.61,0.88,"",2,1.1,-99,-5.9,-94,-5.6,-55,-3.3,-6922368,-14.6,-181823,-0.7,-52430,-9.7,-222,-10.1
"32005","5","518210","78","0","2019","1","",10,20,18,17,282221,235746,5026,1184,"",2.21,0.45,0.41,0.38,0.23,0.34,0.37,0.56,"",0,0.0,8,66.7,7,63.6,4,30.8,130790,86.4,84315,55.7,1818,56.7,213,21.9
"32007","5","518210","78","0","2019","1","N",1,0,0,0,0,0,0,0,"N",0.30,0,0,0,0,0,0,0,"N",0,0.0,0,0,0,0,0,0,0,0,0,0,0,0,0,0
"32013","5","518210","78","0","2019","1","N",1,0,0,0,0,0,0,0,"N",0.84,0,0,0,0,0,0,0,"N",0,0.0,0,0,0,0,0,0,0,0,0,0,0,0,0,0
"32019","5","518210","78","0","2019","1","",4,6,6,6,82647,82647,2217,1060,"",1.53,0.21,0.21,0.21,0.12,0.20,0.26,0.56,"",-1,-20.0,0,0.0,0,0.0,0,0.0,29324,55.0,29324,55.0,979,79.1,376,55.0
"32021","5","518210","78","0","2019","1","N",1,0,0,0,0,0,0,0,"N",4.62,0,0,0,0,0,0,0,"N",0,0.0,0,0,0,0,0,0,0,0,0,0,0,0,0,0
"32029","5","518210","78","0","2019","1","N",1,0,0,0,0,0,0,0,"N",1.70,0,0,0,0,0,0,0,"N",0,0.0,0,0,0,0,0,0,0,0,0,0,0,0,0,0
"32031","5","518210","78","0","2019","1","",55,602,603,602,10877357,8931292,153076,1389,"",1.49,1.20,1.19,1.18,0.73,1.10,0.97,0.62,"",17,44.7,58,10.7,58,10.6,24,4.2,1093535,11.2,599568,7.2,-28570,-15.7,35,2.6
"32510","5","518210","78","0","2019","1","",5,20,20,20,253298,250968,4627,974,"",0.97,0.29,0.29,0.29,0.13,0.33,0.29,0.44,"",-2,-28.6,-3,-13.0,-3,-13.0,-5,-20.0,-56756,-18.3,-47931,-16.0,-1353,-22.6,-34,-3.4
"32999","5","518210","78","0","2019","1","",9,30,31,31,891411,736446,18846,2236,"",1.90,2.07,2.05,2.02,1.03,1.54,1.88,0.51,"N",4,80.0,0,0,0,0,0,0,0,0,0,0,0,0,0,0
"33000","5","518210","58","0","2019","1","",122,1336,1333,1282,42036629,15227697,55457,2455,"",0.93,0.89,0.89,0.85,0.82,0.81,0.53,0.93,"",11,9.9,-240,-15.2,-228,-14.6,-219,-14.6,-2810774,-6.3,-2337793,-13.3,-47835,-46.3,224,10.0
"33001","5","518210","78","0","2019","1","N",2,0,0,0,0,0,0,0,"N",0.40,0,0,0,0,0,0,0,"N",1,100.0,0,0,0,0,0,0,0,0,0,0,0,0,0,0
"33003","5","518210","78","0","2019","1","-",0,0,0,0,0,0,0,0,"N",0.00,0,0,0,0,0,0,0,"N",0,0,0,0,0,0,0,0,0,0,0,0,0,0,0,0
"33005","5","518210","78","0","2019","1","N",1,0,0,0,0,0,0,0,"N",0.19,0,0,0,0,0,0,0,"N",0,0.0,0,0,0,0,0,0,0,0,0,0,0,0,0,0
"33009","5","518210","78","0","2019","1","",4,70,72,70,1154471,870534,2171,1257,"",0.49,0.56,0.58,0.56,0.27,0.78,0.49,0.48,"",1,33.3,1,1.4,4,5.9,1,1.4,24695,2.2,29630,3.5,-4415,-67.0,-9,-0.7
"33011","5","518210","78","0","2019","1","",27,491,497,497,13061751,5033997,21401,2030,"",0.90,1.05,1.06,1.06,0.74,0.82,0.68,0.70,"",8,42.1,-2,-0.4,4,0.8,10,2.1,1575083,13.7,134428,2.7,-17613,-45.1,230,12.8
"33013","5","518210","78","0","2019","1","",6,17,16,16,1884524,238984,955,8875,"",0.47,0.10,0.09,0.09,0.34,0.12,0.09,3.74,"",0,0.0,-14,-45.2,-16,-50.0,-16,-50.0,56205,3.1,-64224,-21.2,-1867,-66.2,4434,99.8
"33015","5","518210","78","0","2019","1","",19,320,307,264,11351833,3523062,11179,2940,"",0.69,0.94,0.91,0.78,0.99,0.74,0.39,1.12,"",-1,-5.0,-215,-40.2,-201,-39.6,-188,-41.6,-4370928,-27.8,-2481018,-41.3,-11656,-51.0,513,21.1
"33017","5","518210","78","0","2019","1","N",1,0,0,0,0,0,0,0,"N",0.14,0,0,0,0,0,0,0,"N",0,0.0,0,0,0,0,0,0,0,0,0,0,0,0,0,0
"33019","5","518210","78","0","2019","1","-",0,0,0,0,0,0,0,0,"N",0.00,0,0,0,0,0,0,0,"N",0,0,0,0,0,0,0,0,0,0,0,0,0,0,0,0
"33999","5","518210","78","0","2019","1","",62,195,201,201,11694146,2861626,15844,4520,"",2.51,4.01,4.05,4.06,3.36,2.57,1.50,0.83,"",2,3.3,-6,-3.0,-7,-3.4,-1,-0.5,-436098,-3.6,-215440,-7.0,-13502,-46.0,-61,-1.3
"34000","5","518210","58","0","2019","1","",625,10062,10091,10092,385762263,243877407,3472830,2943,"",0.92,1.10,1.10,1.09,1.01,1.37,1.21,0.92,"",-31,-4.7,-51,-0.5,-122,-1.2,-105,-1.0,14269865,3.8,5183150,2.2,-1316698,-27.5,134,4.8
"34001","5","518210","78","0","2019","1","",5,29,30,30,536604,514004,12119,1391,"",0.31,0.10,0.11,0.10,0.07,0.13,0.17,0.67,"N",0,0.0,0,0,0,0,0,0,0,0,0,0,0,0,0,0
"34003","5","518210","78","0","2019","1","",74,2286,2288,2293,97012338,58861652,482249,3260,"",0.90,2.28,2.29,2.28,2.44,2.91,1.54,1.07,"",-9,-10.8,-95,-4.0,-116,-4.8,-94,-3.9,-2373976,-2.4,-370135,-0.6,-69019,-12.5,62,1.9
"34005","5","518210","78","0","2019","1","",33,381,370,368,6728990,6018062,108802,1388,"",1.20,0.84,0.82,0.81,0.43,0.72,0.85,0.52,"",-2,-5.7,-102,-21.1,-111,-23.1,-120,-24.6,-4352098,-39.3,-2773470,-31.5,-49912,-31.4,-373,-21.2
"34007","5","518210","78","0","2019","1","",23,154,146,134,3430926,2614036,42268,1824,"",0.76,0.33,0.31,0.29,0.23,0.35,0.34,0.74,"",0,0.0,7,4.8,-1,-0.7,-13,-8.8,-68217,-1.9,9598,0.4,-57739,-57.7,-7,-0.4
"34009","5","518210","78","0","2019","1","N",1,0,0,0,0,0,0,0,"N",0.10,0,0,0,0,0,0,0,"N",0,0.0,0,0,0,0,0,0,0,0,0,0,0,0,0,0
"34011","5","518210","78","0","2019","1","N",2,0,0,0,0,0,0,0,"N",0.25,0,0,0,0,0,0,0,"N",0,0.0,0,0,0,0,0,0,0,0,0,0,0,0,0,0
"34013","5","518210","78","0","2019","1","",33,207,198,200,3488974,2746460,40511,1331,"",0.64,0.27,0.25,0.25,0.10,0.19,0.18,0.38,"",1,3.1,39,23.2,36,22.2,28,16.3,694897,24.9,555010,25.3,1279,3.3,47,3.7
"34015","5","518210","78","0","2019","1","",6,27,27,28,860989,581926,10945,2423,"",0.37,0.11,0.11,0.11,0.13,0.16,0.17,1.17,"",-1,-14.3,-17,-38.6,-16,-37.2,-13,-31.7,-80562,-8.6,-236433,-28.9,-1741,-13.7,725,42.7
"34017","5","518210","78","0","2019","1","",45,1769,1745,1754,76884569,48193461,692468,3368,"",1.18,2.92,2.85,2.84,2.43,3.38,3.07,0.85,"",-1,-2.2,180,11.3,148,9.3,170,10.7,12877893,20.1,7905613,19.6,-103968,-13.1,271,8.8
"34019","5","518210","78","0","2019","1","",8,31,30,32,461465,397411,4393,1145,"",0.80,0.29,0.28,0.29,0.10,0.19,0.14,0.36,"",-1,-11.1,-1,-3.1,1,3.4,4,14.3,-94815,-17.0,-12208,-3.0,462,11.8,-297,-20.6
"34021","5","518210","78","0","2019","1","",35,383,397,409,10760113,7474606,111040,2088,"",1.26,0.66,0.68,0.70,0.38,0.80,0.79,0.56,"",-3,-7.9,4,1.1,12,3.1,20,5.1,3782721,54.2,1775883,31.2,1866,1.7,691,49.5
"34023","5","518210","78","0","2019","1","",47,753,796,759,41179995,19749831,289062,4117,"",0.84,0.77,0.82,0.78,1.06,1.04,0.94,1.34,"",-6,-11.3,-240,-24.2,-198,-19.9,-224,-22.8,-8033678,-16.3,-5899982,-23.0,-164500,-36.3,293,7.7
"34025","5","518210","78","0","2019","1","",24,941,964,974,24335234,20330542,394777,1951,"",0.48,1.61,1.65,1.65,1.23,2.09,2.43,0.75,"",-4,-14.3,178,23.3,193,25.0,175,21.9,4113648,20.3,4094398,25.2,61344,18.4,-49,-2.4
"34027","5","518210","78","0","2019","1","",29,1184,1185,1198,46665128,31888952,414869,3019,"",0.69,1.78,1.79,1.80,1.24,1.95,1.66,0.69,"",-2,-6.5,121,11.4,91,8.3,106,9.7,7374610,18.8,4097874,14.7,-476438,-53.5,228,8.2
"34029","5","518210","78","0","2019","1","",23,131,127,124,1578991,1382655,35400,954,"",0.69,0.35,0.34,0.33,0.16,0.28,0.42,0.48,"",0,0.0,-3,-2.2,-11,-8.0,-16,-11.4,214989,15.8,153172,12.5,2488,7.6,190,24.9
"34031","5","518210","78","0","2019","1","",11,130,133,130,2784272,2044299,32001,1635,"",0.35,0.35,0.35,0.35,0.24,0.34,0.32,0.69,"",-1,-8.3,44,51.2,45,51.1,51,64.6,1248790,81.3,828397,68.1,6522,25.6,234,16.7
"34033","5","518210","78","0","2019","1","N",2,0,0,0,0,0,0,0,"N",0.60,0,0,0,0,0,0,0,"N",0,0.0,0,0,0,0,0,0,0,0,0,0,0,0,0,0
"34035","5","518210","78","0","2019","1","",27,445,445,447,18203152,12055191,191623,3142,"",1.07,1.04,1.04,1.04,0.66,1.03,1.09,0.64,"",-2,-6.9,-66,-12.9,-59,-11.7,-50,-10.1,-3405043,-15.8,-2361043,-16.4,-261259,-57.7,-156,-4.7
"34037","5","518210","78","0","2019","1","N",3,0,0,0,0,0,0,0,"N",0.35,0,0,0,0,0,0,0,"N",1,50.0,0,0,0,0,0,0,0,0,0,0,0,0,0,0
"34039","5","518210","78","0","2019","1","",12,126,128,131,3361640,2818186,70032,2015,"",0.33,0.24,0.25,0.25,0.15,0.27,0.44,0.62,"",0,0.0,13,11.5,13,11.3,27,26.0,-608328,-15.3,-519303,-15.6,-426,-0.6,-744,-27.0
"34041","5","518210","78","0","2019","1","",6,45,39,40,273644,272318,8951,509,"",0.89,0.61,0.53,0.54,0.13,0.24,0.51,0.22,"",0,0.0,12,36.4,2,5.4,4,11.1,4591,1.7,13694,5.3,-706,-7.3,-77,-13.1
"34999","5","518210","78","0","2019","1","",176,857,865,864,45080709,23972334,483314,4023,"",2.56,3.01,2.98,2.93,2.48,2.43,2.42,0.84,"",-1,-0.6,-67,-7.3,-77,-8.2,-73,-7.8,5730900,14.6,-206251,-0.9,-162094,-25.1,783,24.2
"35000","3","518210","58","0","2019","1","",20,204,206,203,3390922,70981,235,1277,"",32.78,13.10,13.12,12.99,16.40,24.75,3.91,1.25,"",-1,-4.8,-8,-3.8,-5,-2.4,-7,-3.3,112290,3.4,1824,2.6,7,3.1,82,6.9
"35000","5","518210","58","0","2019","1","",128,459,467,453,8688268,6143680,67546,1454,"",0.83,0.24,0.25,0.24,0.17,0.24,0.32,0.71,"",8,6.7,-67,-12.7,-94,-16.8,-97,-17.6,554738,6.8,-323782,-5.0,5726,9.3,307,26.8
"35001","3","518210","78","0","2019","1","N",1,0,0,0,0,0,0,0,"N",5.13,0,0,0,0,0,0,0,"N",0,0.0,0,0,0,0,0,0,0,0,0,0,0,0,0,0
"35001","5","518210","78","0","2019","1","",36,153,155,154,2579667,2228781,24369,1289,"",0.74,0.20,0.21,0.20,0.12,0.22,0.34,0.60,"",5,16.1,-37,-19.5,-34,-18.0,-35,-18.5,-78100,-2.9,-254615,-10.3,7475,44.2,209,19.4
"35005","3","518210","78","0","2019","1","N",2,0,0,0,0,0,0,0,"N",109.55,0,0,0,0,0,0,0,"N",0,0.0,0,0,0,0,0,0,0,0,0,0,0,0,0,0
"35005","5","518210","78","0","2019","1","N",1,0,0,0,0,0,0,0,"N",0.22,0,0,0,0,0,0,0,"N",0,0.0,0,0,0,0,0,0,0,0,0,0,0,0,0,0
"35006","3","518210","78","0","2019","1","N",2,0,0,0,0,0,0,0,"N",414.18,0,0,0,0,0,0,0,"N",0,0.0,0,0,0,0,0,0,0,0,0,0,0,0,0,0
"35009","3","518210","78","0","2019","1","N",2,0,0,0,0,0,0,0,"N",158.53,0,0,0,0,0,0,0,"N",0,0.0,0,0,0,0,0,0,0,0,0,0,0,0,0,0
"35013","3","518210","78","0","2019","1","N",1,0,0,0,0,0,0,0,"N",20.36,0,0,0,0,0,0,0,"N",0,0.0,0,0,0,0,0,0,0,0,0,0,0,0,0,0
"35013","5","518210","78","0","2019","1","N",5,0,0,0,0,0,0,0,"N",0.40,0,0,0,0,0,0,0,"N",1,25.0,0,0,0,0,0,0,0,0,0,0,0,0,0,0
"35015","3","518210","78","0","2019","1","N",2,0,0,0,0,0,0,0,"N",107.11,0,0,0,0,0,0,0,"N",0,0.0,0,0,0,0,0,0,0,0,0,0,0,0,0,0
"35015","5","518210","78","0","2019","1","N",3,0,0,0,0,0,0,0,"N",0.64,0,0,0,0,0,0,0,"N",1,50.0,0,0,0,0,0,0,0,0,0,0,0,0,0,0
"35017","5","518210","78","0","2019","1","N",1,0,0,0,0,0,0,0,"N",0.53,0,0,0,0,0,0,0,"N",0,0.0,0,0,0,0,0,0,0,0,0,0,0,0,0,0
"35025","3","518210","78","0","2019","1","N",1,0,0,0,0,0,0,0,"N",48.29,0,0,0,0,0,0,0,"N",0,0.0,0,0,0,0,0,0,0,0,0,0,0,0,0,0
"35025","5","518210","78","0","2019","1","N",1,0,0,0,0,0,0,0,"N",0.19,0,0,0,0,0,0,0,"N",0,0.0,0,0,0,0,0,0,0,0,0,0,0,0,0,0
"35027","5","518210","78","0","2019","1","N",1,0,0,0,0,0,0,0,"N",0.49,0,0,0,0,0,0,0,"N",0,0.0,0,0,0,0,0,0,0,0,0,0,0,0,0,0
"35028","3","518210","78","0","2019","1","N",1,0,0,0,0,0,0,0,"N",212.31,0,0,0,0,0,0,0,"N",0,0.0,0,0,0,0,0,0,0,0,0,0,0,0,0,0
"35028","5","518210","78","0","2019","1","N",1,0,0,0,0,0,0,0,"N",0.84,0,0,0,0,0,0,0,"N",0,0.0,0,0,0,0,0,0,0,0,0,0,0,0,0,0
"35031","3","518210","78","0","2019","1","N",2,0,0,0,0,0,0,0,"N",158.15,0,0,0,0,0,0,0,"N",0,0.0,0,0,0,0,0,0,0,0,0,0,0,0,0,0
"35035","3","518210","78","0","2019","1","N",1,0,0,0,0,0,0,0,"N",83.25,0,0,0,0,0,0,0,"N",0,0.0,0,0,0,0,0,0,0,0,0,0,0,0,0,0
"35035","5","518210","78","0","2019","1","N",4,0,0,0,0,0,0,0,"N",1.32,0,0,0,0,0,0,0,"N",1,33.3,0,0,0,0,0,0,0,0,0,0,0,0,0,0
"35037","3","518210","78","0","2019","1","N",1,0,0,0,0,0,0,0,"N",312.88,0,0,0,0,0,0,0,"N",0,0.0,0,0,0,0,0,0,0,0,0,0,0,0,0,0
"35039","5","518210","78","0","2019","1","N",1,0,0,0,0,0,0,0,"N",0.47,0,0,0,0,0,0,0,"N",1,100.0,0,0,0,0,0,0,0,0,0,0,0,0,0,0
"35043","5","518210","78","0","2019","1","",3,17,17,17,342153,335820,11119,1548,"",0.49,0.24,0.24,0.24,0.20,0.38,1.27,0.85,"N",0,0.0,0,0,0,0,0,0,0,0,0,0,0,0,0,0
"35045","3","518210","78","0","2019","1","N",2,0,0,0,0,0,0,0,"N",69.22,0,0,0,0,0,0,0,"N",0,0.0,0,0,0,0,0,0,0,0,0,0,0,0,0,0
"35045","5","518210","78","0","2019","1","N",1,0,0,0,0,0,0,0,"N",0.14,0,0,0,0,0,0,0,"N",0,0.0,0,0,0,0,0,0,0,0,0,0,0,0,0,0
"35047","5","518210","78","0","2019","1","N",1,0,0,0,0,0,0,0,"N",0.51,0,0,0,0,0,0,0,"N",0,0.0,0,0,0,0,0,0,0,0,0,0,0,0,0,0
"35049","3","518210","78","0","2019","1","N",1,0,0,0,0,0,0,0,"N",17.01,0,0,0,0,0,0,0,"N",0,0.0,0,0,0,0,0,0,0,0,0,0,0,0,0,0
"35049","5","518210","78","0","2019","1","",10,20,18,16,216201,178102,1551,924,"",0.68,0.14,0.13,0.11,0.06,0.12,0.15,0.49,"",1,11.1,4,25.0,0,0.0,1,6.7,40766,23.2,7856,4.6,847,120.3,98,11.9
"35053","5","518210","78","0","2019","1","-",0,0,0,0,0,0,0,0,"N",0.00,0,0,0,0,0,0,0,"N",0,0,0,0,0,0,0,0,0,0,0,0,0,0,0,0
"35055","5","518210","78","0","2019","1","N",1,0,0,0,0,0,0,0,"N",0.30,0,0,0,0,0,0,0,"N",0,0.0,0,0,0,0,0,0,0,0,0,0,0,0,0,0
"35057","5","518210","78","0","2019","1","-",0,0,0,0,0,0,0,0,"N",0.00,0,0,0,0,0,0,0,"N",0,0,0,0,0,0,0,0,0,0,0,0,0,0,0,0
"35061","3","518210","78","0","2019","1","N",1,0,0,0,0,0,0,0,"N",74.64,0,0,0,0,0,0,0,"N",-1,-50.0,0,0,0,0,0,0,0,0,0,0,0,0,0,0
"35061","5","518210","78","0","2019","1","N",1,0,0,0,0,0,0,0,"N",0.30,0,0,0,0,0,0,0,"N",0,0.0,0,0,0,0,0,0,0,0,0,0,0,0,0,0
"35999","5","518210","78","0","2019","1","",57,54,56,54,1568304,1136888,10956,2207,"",4.24,1.16,1.15,1.09,0.88,1.01,0.67,0.78,"",-2,-3.4,0,0.0,0,0.0,-1,-1.8,-73798,-4.5,-22146,-1.9,-3796,-25.7,-90,-3.9
"36000","3","518210","58","0","2019","1","N",1,0,0,0,0,0,0,0,"N",0.16,0,0,0,0,0,0,0,"N",0,0.0,0,0,0,0,0,0,0,0,0,0,0,0,0,0
"36000","5","518210","58","0","2019","1","",1207,18540,18648,18978,835940531,208042609,5315021,3435,"",0.76,0.87,0.87,0.88,0.80,0.87,0.96,0.92,"",81,7.2,229,1.3,221,1.2,245,1.3,105190799,14.4,21593250,11.6,210733,4.1,395,13.0
"36001","5","518210","78","0","2019","1","",28,1104,1105,1118,24757428,10798352,231369,1717,"",1.10,2.09,2.08,2.10,1.37,2.40,2.25,0.66,"",1,3.7,-100,-8.3,-115,-9.4,-97,-8.0,-4368887,-15.0,481225,4.7,-27411,-10.6,-130,-7.0
"36005","5","518210","78","0","2019","1","N",1,0,0,0,0,0,0,0,"N",0.02,0,0,0,0,0,0,0,"N",0,0.0,0,0,0,0,0,0,0,0,0,0,0,0,0,0
"36007","5","518210","78","0","2019","1","",7,394,401,376,2962156,2377443,84584,584,"",0.64,2.05,2.05,1.91,0.57,1.51,2.40,0.28,"N",2,40.0,0,0,0,0,0,0,0,0,0,0,0,0,0,0
"36013","5","518210","78","0","2019","1","N",1,0,0,0,0,0,0,0,"N",0.13,0,0,0,0,0,0,0,"N",-1,-50.0,0,0,0,0,0,0,0,0,0,0,0,0,0,0
"36017","5","518210","78","0","2019","1","N",2,0,0,0,0,0,0,0,"N",0.78,0,0,0,0,0,0,0,"N",1,100.0,0,0,0,0,0,0,0,0,0,0,0,0,0,0
"36019","5","518210","78","0","2019","1","N",1,0,0,0,0,0,0,0,"N",0.20,0,0,0,0,0,0,0,"N",0,0.0,0,0,0,0,0,0,0,0,0,0,0,0,0,0
"36021","5","518210","78","0","2019","1","N",1,0,0,0,0,0,0,0,"N",0.20,0,0,0,0,0,0,0,"N",-1,-50.0,0,0,0,0,0,0,0,0,0,0,0,0,0,0
"36025","5","518210","78","0","2019","1","N",1,0,0,0,0,0,0,0,"N",0.34,0,0,0,0,0,0,0,"N",0,0.0,0,0,0,0,0,0,0,0,0,0,0,0,0,0
"36027","5","518210","78","0","2019","1","",11,238,237,239,5215049,853257,24289,1686,"",0.53,0.93,0.92,0.92,0.64,0.38,0.56,0.70,"",0,0.0,6,2.6,2,0.9,-1,-0.4,370858,7.7,271124,46.6,5769,31.2,105,6.6
"36029","5","518210","78","0","2019","1","",35,450,440,440,20337773,4558099,107765,3529,"",0.58,0.42,0.41,0.41,0.63,0.42,0.46,1.52,"",3,9.4,-216,-32.4,-240,-35.3,-291,-39.8,-788127,-3.7,-86577,-1.9,-33038,-23.5,1182,50.4
"36031","5","518210","78","0","2019","1","N",1,0,0,0,0,0,0,0,"N",0.32,0,0,0,0,0,0,0,"N",1,100.0,0,0,0,0,0,0,0,0,0,0,0,0,0,0
"36035","5","518210","78","0","2019","1","N",1,0,0,0,0,0,0,0,"N",0.34,0,0,0,0,0,0,0,"N",0,0.0,0,0,0,0,0,0,0,0,0,0,0,0,0,0
"36037","5","518210","78","0","2019","1","N",1,0,0,0,0,0,0,0,"N",0.28,0,0,0,0,0,0,0,"N",1,100.0,0,0,0,0,0,0,0,0,0,0,0,0,0,0
"36039","5","518210","78","0","2019","1","N",1,0,0,0,0,0,0,0,"N",0.32,0,0,0,0,0,0,0,"N",1,100.0,0,0,0,0,0,0,0,0,0,0,0,0,0,0
"36045","5","518210","78","0","2019","1","N",2,0,0,0,0,0,0,0,"N",0.29,0,0,0,0,0,0,0,"N",1,100.0,0,0,0,0,0,0,0,0,0,0,0,0,0,0
"36047","5","518210","78","0","2019","1","",87,382,396,415,9106374,3536026,96293,1762,"",0.55,0.22,0.22,0.23,0.18,0.21,0.27,0.81,"",14,19.2,102,36.4,106,36.6,116,38.8,3443234,60.8,959155,37.2,21717,29.1,258,17.2
"36055","5","518210","78","0","2019","1","",34,551,563,571,11497770,5293685,126821,1575,"",0.73,0.63,0.63,0.64,0.43,0.63,0.69,0.68,"",5,17.2,-39,-6.6,-33,-5.5,-38,-6.2,1037415,9.9,-418525,-7.3,-27684,-17.9,230,17.1
"36059","5","518210","78","0","2019","1","",78,1153,1160,1166,30239072,11621978,264043,2006,"",0.59,0.81,0.81,0.81,0.59,0.77,0.80,0.72,"",6,8.3,52,4.7,60,5.5,54,4.9,1609596,5.6,1079886,10.2,-53715,-16.9,12,0.6
"36061","5","518210","78","0","2019","1","",447,8889,8931,9193,572239789,108978120,2820690,4889,"",1.41,1.57,1.56,1.60,1.07,1.28,1.38,0.68,"",52,13.2,619,7.5,648,7.8,735,8.7,113522666,24.7,11421476,11.7,49660,1.8,657,15.5
"36063","5","518210","78","0","2019","1","N",4,0,0,0,0,0,0,0,"N",0.33,0,0,0,0,0,0,0,"N",2,100.0,0,0,0,0,0,0,0,0,0,0,0,0,0,0
"36065","5","518210","78","0","2019","1","N",3,0,0,0,0,0,0,0,"N",0.23,0,0,0,0,0,0,0,"N",-4,-57.1,0,0,0,0,0,0,0,0,0,0,0,0,0,0
"36067","5","518210","78","0","2019","1","",19,304,300,310,3140662,2405752,62462,793,"",0.61,0.54,0.54,0.55,0.18,0.43,0.53,0.34,"",2,11.8,58,23.6,48,19.0,62,25.0,720752,29.8,542738,29.1,-3882,-5.9,44,5.9
"36069","5","518210","78","0","2019","1","N",3,0,0,0,0,0,0,0,"N",0.38,0,0,0,0,0,0,0,"N",-1,-25.0,0,0,0,0,0,0,0,0,0,0,0,0,0,0
"36071","3","518210","78","0","2019","1","N",1,0,0,0,0,0,0,0,"N",9.62,0,0,0,0,0,0,0,"N",0,0.0,0,0,0,0,0,0,0,0,0,0,0,0,0,0
"36071","5","518210","78","0","2019","1","",5,5,4,4,36365,30565,518,646,"",0.19,0.01,0.01,0.01,0.00,0.01,0.01,0.30,"",-5,-50.0,-25,-83.3,-25,-86.2,-25,-86.2,-124602,-77.4,-119998,-79.7,-1833,-78.0,224,53.1
"36079","5","518210","78","0","2019","1","",4,23,24,25,503769,230254,4004,1615,"",0.52,0.39,0.41,0.42,0.28,0.39,0.33,0.68,"N",2,100.0,0,0,0,0,0,0,0,0,0,0,0,0,0,0
"36081","5","518210","78","0","2019","1","",33,92,93,96,2520532,961879,25873,2070,"",0.25,0.06,0.06,0.06,0.05,0.06,0.07,0.82,"",3,10.0,-11,-10.7,-11,-10.6,-3,-3.0,-1258777,-33.3,-196219,-16.9,-6290,-19.6,-780,-27.4
"36083","5","518210","78","0","2019","1","N",1,0,0,0,0,0,0,0,"N",0.12,0,0,0,0,0,0,0,"N",-1,-50.0,0,0,0,0,0,0,0,0,0,0,0,0,0,0
"36085","5","518210","78","0","2019","1","N",9,0,0,0,0,0,0,0,"N",0.37,0,0,0,0,0,0,0,"N",0,0.0,0,0,0,0,0,0,0,0,0,0,0,0,0,0
"36087","5","518210","78","0","2019","1","",17,291,285,281,9046789,2888496,80327,2436,"",0.63,1.01,0.98,0.97,0.98,1.04,1.31,0.99,"",1,6.2,-35,-10.7,-50,-14.9,-34,-10.8,-1632651,-15.3,-375499,-11.5,-37027,-31.6,-89,-3.5
"36091","5","518210","78","0","2019","1","",8,93,92,91,1954703,923936,18916,1634,"",0.54,0.47,0.46,0.46,0.32,0.43,0.41,0.69,"",-2,-20.0,-5,-5.1,0,0.0,-3,-3.2,21913,1.1,9269,1.0,-5438,-22.3,63,4.0
"36093","5","518210","78","0","2019","1","N",6,0,0,0,0,0,0,0,"N",0.71,0,0,0,0,0,0,0,"N",0,0.0,0,0,0,0,0,0,0,0,0,0,0,0,0,0
"36099","5","518210","78","0","2019","1","N",1,0,0,0,0,0,0,0,"N",0.53,0,0,0,0,0,0,0,"N",0,0.0,0,0,0,0,0,0,0,0,0,0,0,0,0,0
"36101","5","518210","78","0","2019","1","N",2,0,0,0,0,0,0,0,"N",0.38,0,0,0,0,0,0,0,"N",0,0.0,0,0,0,0,0,0,0,0,0,0,0,0,0,0
"36103","5","518210","78","0","2019","1","",61,915,909,911,32232763,9239105,242807,2720,"",0.46,0.62,0.61,0.61,0.62,0.57,0.66,1.02,"",5,8.9,69,8.2,57,6.7,53,6.2,-21951068,-40.5,839285,10.0,28002,13.0,-2172,-44.4
"36107","5","518210","78","0","2019","1","-",0,0,0,0,0,0,0,0,"N",0.00,0,0,0,0,0,0,0,"N",0,0,0,0,0,0,0,0,0,0,0,0,0,0,0,0
"36109","5","518210","78","0","2019","1","N",1,0,0,0,0,0,0,0,"N",0.15,0,0,0,0,0,0,0,"N",0,0.0,0,0,0,0,0,0,0,0,0,0,0,0,0,0
"36111","5","518210","78","0","2019","1","N",5,0,0,0,0,0,0,0,"N",0.39,0,0,0,0,0,0,0,"N",2,66.7,0,0,0,0,0,0,0,0,0,0,0,0,0,0
"36113","5","518210","78","0","2019","1","N",1,0,0,0,0,0,0,0,"N",0.17,0,0,0,0,0,0,0,"N",1,100.0,0,0,0,0,0,0,0,0,0,0,0,0,0,0
"36117","5","518210","78","0","2019","1","N",3,0,0,0,0,0,0,0,"N",0.59,0,0,0,0,0,0,0,"N",-2,-40.0,0,0,0,0,0,0,0,0,0,0,0,0,0,0
"36119","5","518210","78","0","2019","1","",61,1520,1524,1546,43099993,17897255,394997,2167,"",0.68,1.57,1.56,1.57,0.94,1.61,1.52,0.60,"",6,10.9,31,2.1,39,2.6,55,3.7,1364286,3.3,959818,5.7,128660,48.3,10,0.5
"36999","5","518210","78","0","2019","1","",220,1198,1241,1255,54963915,17025357,480542,3434,"",2.93,3.98,4.09,4.11,2.90,3.13,3.18,0.71,"",-11,-4.8,225,23.1,231,22.9,201,19.1,17738576,47.7,5343783,45.7,177690,58.7,605,21.4
"37000","5","518210","58","0","2019","1","",793,9595,9803,9958,273687556,169041419,1108884,2151,"",1.12,0.95,0.96,0.97,0.86,1.14,1.20,0.90,"",65,8.9,-4577,-32.3,-4603,-32.0,-4656,-31.9,-234442771,-46.1,-72262536,-29.9,194859,21.3,-564,-20.8
"37001","5","518210","78","0","2019","1","N",4,0,0,0,0,0,0,0,"N",0.45,0,0,0,0,0,0,0,"N",0,0.0,0,0,0,0,0,0,0,0,0,0,0,0,0,0
"37015","5","518210","78","0","2019","1","-",0,0,0,0,0,0,0,0,"N",0.00,0,0,0,0,0,0,0,"N",0,0,0,0,0,0,0,0,0,0,0,0,0,0,0,0
"37019","5","518210","78","0","2019","1","N",1,0,0,0,0,0,0,0,"N",0.14,0,0,0,0,0,0,0,"N",-3,-75.0,0,0,0,0,0,0,0,0,0,0,0,0,0,0
"37021","5","518210","78","0","2019","1","",20,53,55,57,1266194,1132288,7094,1771,"",0.84,0.17,0.18,0.18,0.16,0.29,0.37,0.91,"",6,42.9,13,32.5,16,41.0,19,50.0,413076,48.4,392634,53.1,3540,99.6,88,5.2
"37025","5","518210","78","0","2019","1","",5,28,28,29,448629,364826,4037,1218,"",0.42,0.16,0.16,0.17,0.11,0.18,0.30,0.65,"",-2,-28.6,-1,-3.4,0,0.0,3,11.5,-181961,-28.9,-24396,-6.3,-325,-7.5,-535,-30.5
"37027","5","518210","78","0","2019","1","",3,18,18,19,315438,271284,762,1324,"",0.88,0.32,0.32,0.33,0.22,0.39,0.20,0.70,"N",1,50.0,0,0,0,0,0,0,0,0,0,0,0,0,0,0
"37029","5","518210","78","0","2019","1","N",1,0,0,0,0,0,0,0,"N",2.26,0,0,0,0,0,0,0,"N",0,0.0,0,0,0,0,0,0,0,0,0,0,0,0,0,0
"37031","5","518210","78","0","2019","1","N",3,0,0,0,0,0,0,0,"N",0.54,0,0,0,0,0,0,0,"N",-1,-25.0,0,0,0,0,0,0,0,0,0,0,0,0,0,0
"37035","5","518210","78","0","2019","1","",9,88,85,81,1295312,1200896,4398,1177,"",0.81,0.44,0.42,0.40,0.25,0.40,0.21,0.60,"N",0,0.0,0,0,0,0,0,0,0,0,0,0,0,0,0,0
"37037","5","518210","78","0","2019","1","",4,18,18,18,415268,325894,2170,1775,"",1.06,0.53,0.52,0.52,0.54,0.79,1.03,1.04,"",-1,-20.0,4,28.6,4,28.6,4,28.6,127612,44.4,91075,38.8,635,41.4,194,12.3
"37039","5","518210","78","0","2019","1","N",2,0,0,0,0,0,0,0,"N",1.12,0,0,0,0,0,0,0,"N",0,0.0,0,0,0,0,0,0,0,0,0,0,0,0,0,0
"37041","5","518210","78","0","2019","1","N",1,0,0,0,0,0,0,0,"N",1.06,0,0,0,0,0,0,0,"N",0,0.0,0,0,0,0,0,0,0,0,0,0,0,0,0,0
"37043","5","518210","78","0","2019","1","N",1,0,0,0,0,0,0,0,"N",1.54,0,0,0,0,0,0,0,"N",0,0.0,0,0,0,0,0,0,0,0,0,0,0,0,0,0
"37045","5","518210","78","0","2019","1","",5,294,298,297,6747278,5837657,9671,1751,"",1.00,3.64,3.63,3.66,3.49,5.78,1.13,0.96,"N",2,66.7,0,0,0,0,0,0,0,0,0,0,0,0,0,0
"37049","5","518210","78","0","2019","1","N",3,0,0,0,0,0,0,0,"N",0.53,0,0,0,0,0,0,0,"N",-1,-25.0,0,0,0,0,0,0,0,0,0,0,0,0,0,0
"37051","5","518210","78","0","2019","1","",4,27,27,26,301784,295164,3043,871,"",0.26,0.10,0.10,0.09,0.04,0.11,0.14,0.45,"N",0,0.0,0,0,0,0,0,0,0,0,0,0,0,0,0,0
"37053","5","518210","78","0","2019","1","N",1,0,0,0,0,0,0,0,"N",0.54,0,0,0,0,0,0,0,"N",0,0.0,0,0,0,0,0,0,0,0,0,0,0,0,0,0
"37055","5","518210","78","0","2019","1","N",2,0,0,0,0,0,0,0,"N",0.40,0,0,0,0,0,0,0,"N",0,0.0,0,0,0,0,0,0,0,0,0,0,0,0,0,0
"37061","5","518210","78","0","2019","1","N",1,0,0,0,0,0,0,0,"N",0.37,0,0,0,0,0,0,0,"N",0,0.0,0,0,0,0,0,0,0,0,0,0,0,0,0,0
"37063","5","518210","78","0","2019","1","",32,401,403,412,13478921,8362252,71579,2558,"",1.49,0.84,0.84,0.86,0.64,1.13,1.91,0.76,"",3,10.3,27,7.2,32,8.6,45,12.3,1166975,9.5,1073043,14.7,14462,25.3,3,0.1
"37067","5","518210","78","0","2019","1","",25,323,325,317,5311773,4130734,37662,1270,"",1.07,0.75,0.75,0.73,0.39,0.73,1.13,0.52,"",3,13.6,30,10.2,30,10.2,20,6.7,-1498653,-22.0,337140,8.9,11180,42.2,-506,-28.5
"37069","5","518210","78","0","2019","1","N",3,0,0,0,0,0,0,0,"N",1.02,0,0,0,0,0,0,0,"N",-1,-25.0,0,0,0,0,0,0,0,0,0,0,0,0,0,0
"37071","5","518210","78","0","2019","1","N",1,0,0,0,0,0,0,0,"N",0.09,0,0,0,0,0,0,0,"N",-1,-50.0,0,0,0,0,0,0,0,0,0,0,0,0,0,0
"37075","5","518210","78","0","2019","1","N",1,0,0,0,0,0,0,0,"N",2.10,0,0,0,0,0,0,0,"N",0,0.0,0,0,0,0,0,0,0,0,0,0,0,0,0,0
"37081","5","518210","78","0","2019","1","",26,508,503,496,27279350,11146117,25979,4177,"",0.72,0.78,0.77,0.76,1.47,1.18,0.48,1.91,"",4,18.2,54,11.9,46,10.1,33,7.1,-5833273,-17.6,1884168,20.3,10803,71.2,-1384,-24.9
"37085","5","518210","78","0","2019","1","N",2,0,0,0,0,0,0,0,"N",0.45,0,0,0,0,0,0,0,"N",1,100.0,0,0,0,0,0,0,0,0,0,0,0,0,0,0
"37089","5","518210","78","0","2019","1","N",5,0,0,0,0,0,0,0,"N",0.63,0,0,0,0,0,0,0,"N",2,66.7,0,0,0,0,0,0,0,0,0,0,0,0,0,0
"37097","5","518210","78","0","2019","1","",9,21,20,20,258021,200533,1129,976,"",0.66,0.12,0.12,0.12,0.05,0.07,0.07,0.45,"N",5,125.0,0,0,0,0,0,0,0,0,0,0,0,0,0,0
"37099","5","518210","78","0","2019","1","N",4,0,0,0,0,0,0,0,"N",1.52,0,0,0,0,0,0,0,"N",0,0.0,0,0,0,0,0,0,0,0,0,0,0,0,0,0
"37101","5","518210","78","0","2019","1","",7,9,10,10,173693,125513,1070,1382,"",0.77,0.08,0.09,0.09,0.06,0.09,0.15,0.73,"",1,16.7,3,50.0,4,66.7,3,42.9,31728,22.3,40631,47.9,275,34.6,-342,-19.8
"37105","5","518210","78","0","2019","1","-",0,0,0,0,0,0,0,0,"N",0.00,0,0,0,0,0,0,0,"N",0,0,0,0,0,0,0,0,0,0,0,0,0,0,0,0
"37109","5","518210","78","0","2019","1","N",2,0,0,0,0,0,0,0,"N",0.43,0,0,0,0,0,0,0,"N",1,100.0,0,0,0,0,0,0,0,0,0,0,0,0,0,0
"37111","5","518210","78","0","2019","1","N",1,0,0,0,0,0,0,0,"N",0.51,0,0,0,0,0,0,0,"N",0,0.0,0,0,0,0,0,0,0,0,0,0,0,0,0,0
"37113","5","518210","78","0","2019","1","N",3,0,0,0,0,0,0,0,"N",1.00,0,0,0,0,0,0,0,"N",1,50.0,0,0,0,0,0,0,0,0,0,0,0,0,0,0
"37115","5","518210","78","0","2019","1","",3,5,5,5,68098,67832,487,1048,"",2.96,0.57,0.55,0.55,0.38,0.78,0.98,0.69,"",0,0.0,0,0.0,0,0.0,-1,-16.7,-25177,-27.0,-2459,-3.5,-133,-21.5,-297,-22.1
"37117","5","518210","78","0","2019","1","N",1,0,0,0,0,0,0,0,"N",0.81,0,0,0,0,0,0,0,"N",1,100.0,0,0,0,0,0,0,0,0,0,0,0,0,0,0
"37119","5","518210","78","0","2019","1","",134,2851,2896,2873,75660685,50492119,309819,2026,"",1.38,1.78,1.80,1.77,1.05,1.61,1.68,0.59,"",-6,-4.3,-4706,-62.3,-4705,-61.9,-4815,-62.6,-237886258,-75.9,-80660245,-61.5,-13037,-4.0,-1141,-36.0
"37123","5","518210","78","0","2019","1","N",2,0,0,0,0,0,0,0,"N",1.57,0,0,0,0,0,0,0,"N",0,0.0,0,0,0,0,0,0,0,0,0,0,0,0,0,0
"37125","5","518210","78","0","2019","1","N",3,0,0,0,0,0,0,0,"N",0.46,0,0,0,0,0,0,0,"N",0,0.0,0,0,0,0,0,0,0,0,0,0,0,0,0,0
"37127","5","518210","78","0","2019","1","N",3,0,0,0,0,0,0,0,"N",0.56,0,0,0,0,0,0,0,"N",-1,-25.0,0,0,0,0,0,0,0,0,0,0,0,0,0,0
"37129","5","518210","78","0","2019","1","",21,45,46,44,1121940,709786,7544,1918,"",0.99,0.17,0.17,0.17,0.16,0.20,0.37,0.92,"",2,10.5,-53,-54.1,-55,-54.5,-58,-56.9,-2105648,-65.2,-1043613,-59.5,-8246,-52.2,-557,-22.5
"37133","5","518210","78","0","2019","1","",6,30,29,33,449250,412685,3641,1127,"",0.75,0.27,0.26,0.29,0.20,0.42,0.75,0.73,"",0,0.0,5,20.0,4,16.0,8,32.0,182189,68.2,174148,73.0,1315,56.5,305,37.1
"37135","5","518210","78","0","2019","1","N",16,0,0,0,0,0,0,0,"N",1.58,0,0,0,0,0,0,0,"N",4,33.3,0,0,0,0,0,0,0,0,0,0,0,0,0,0
"37137","5","518210","78","0","2019","1","N",3,0,0,0,0,0,0,0,"N",3.99,0,0,0,0,0,0,0,"N",1,50.0,0,0,0,0,0,0,0,0,0,0,0,0,0,0
"37139","5","518210","78","0","2019","1","N",2,0,0,0,0,0,0,0,"N",0.82,0,0,0,0,0,0,0,"N",0,0.0,0,0,0,0,0,0,0,0,0,0,0,0,0,0
"37141","5","518210","78","0","2019","1","N",2,0,0,0,0,0,0,0,"N",0.61,0,0,0,0,0,0,0,"N",0,0.0,0,0,0,0,0,0,0,0,0,0,0,0,0,0
"37147","5","518210","78","0","2019","1","N",5,0,0,0,0,0,0,0,"N",0.53,0,0,0,0,0,0,0,"N",0,0.0,0,0,0,0,0,0,0,0,0,0,0,0,0,0
"37149","5","518210","78","0","2019","1","N",1,0,0,0,0,0,0,0,"N",0.70,0,0,0,0,0,0,0,"N",1,100.0,0,0,0,0,0,0,0,0,0,0,0,0,0,0
"37151","5","518210","78","0","2019","1","N",1,0,0,0,0,0,0,0,"N",0.16,0,0,0,0,0,0,0,"N",0,0.0,0,0,0,0,0,0,0,0,0,0,0,0,0,0
"37157","5","518210","78","0","2019","1","N",1,0,0,0,0,0,0,0,"N",0.24,0,0,0,0,0,0,0,"N",0,0.0,0,0,0,0,0,0,0,0,0,0,0,0,0,0
"37161","5","518210","78","0","2019","1","N",2,0,0,0,0,0,0,0,"N",0.63,0,0,0,0,0,0,0,"N",1,100.0,0,0,0,0,0,0,0,0,0,0,0,0,0,0
"37173","5","518210","78","0","2019","1","N",2,0,0,0,0,0,0,0,"N",1.81,0,0,0,0,0,0,0,"N",1,100.0,0,0,0,0,0,0,0,0,0,0,0,0,0,0
"37179","5","518210","78","0","2019","1","",14,17,16,16,625452,316135,2836,2946,"",0.99,0.12,0.11,0.11,0.17,0.15,0.21,1.49,"",-2,-12.5,-14,-45.2,-18,-52.9,-18,-52.9,-53522,-7.9,-207026,-39.6,-161,-5.4,1363,86.1
"37181","5","518210","78","0","2019","1","N",2,0,0,0,0,0,0,0,"N",0.95,0,0,0,0,0,0,0,"N",1,100.0,0,0,0,0,0,0,0,0,0,0,0,0,0,0
"37183","5","518210","78","0","2019","1","",161,2279,2272,2304,59104540,38865531,329267,1990,"",1.81,1.77,1.76,1.77,1.27,1.77,2.52,0.72,"",14,9.5,241,11.8,176,8.4,184,8.7,9580793,19.3,4580427,13.4,107472,48.5,163,8.9
"37187","5","518210","78","0","2019","1","N",1,0,0,0,0,0,0,0,"N",1.67,0,0,0,0,0,0,0,"N",0,0.0,0,0,0,0,0,0,0,0,0,0,0,0,0,0
"37189","5","518210","78","0","2019","1","N",2,0,0,0,0,0,0,0,"N",0.48,0,0,0,0,0,0,0,"N",0,0.0,0,0,0,0,0,0,0,0,0,0,0,0,0,0
"37191","5","518210","78","0","2019","1","N",2,0,0,0,0,0,0,0,"N",0.35,0,0,0,0,0,0,0,"N",0,0.0,0,0,0,0,0,0,0,0,0,0,0,0,0,0
"37195","5","518210","78","0","2019","1","N",2,0,0,0,0,0,0,0,"N",0.42,0,0,0,0,0,0,0,"N",0,0.0,0,0,0,0,0,0,0,0,0,0,0,0,0,0
"37197","5","518210","78","0","2019","1","N",2,0,0,0,0,0,0,0,"N",1.22,0,0,0,0,0,0,0,"N",0,0.0,0,0,0,0,0,0,0,0,0,0,0,0,0,0
"37199","5","518210","78","0","2019","1","N",1,0,0,0,0,0,0,0,"N",1.11,0,0,0,0,0,0,0,"N",0,0.0,0,0,0,0,0,0,0,0,0,0,0,0,0,0
"37999","5","518210","78","0","2019","1","",207,1268,1432,1579,51480580,29059053,242338,2776,"",4.04,4.32,4.81,5.25,3.07,3.48,3.13,0.64,"",31,17.6,17,1.4,28,2.0,71,4.7,3989643,8.4,2136781,7.9,62277,34.6,143,5.4
"38000","3","518210","58","0","2019","1","N",3,0,0,0,0,0,0,0,"N",9.57,0,0,0,0,0,0,0,"N",1,50.0,0,0,0,0,0,0,0,0,0,0,0,0,0,0
"38000","5","518210","58","0","2019","1","",33,523,533,534,7141523,6060432,24712,1037,"",0.42,0.55,0.56,0.56,0.25,0.39,0.20,0.44,"",1,3.1,-47,-8.2,-40,-7.0,-36,-6.3,-822383,-10.3,-607876,-9.1,-17919,-42.0,-36,-3.4
"38011","5","518210","78","0","2019","1","N",1,0,0,0,0,0,0,0,"N",2.14,0,0,0,0,0,0,0,"N",0,0.0,0,0,0,0,0,0,0,0,0,0,0,0,0,0
"38015","5","518210","78","0","2019","1","N",6,0,0,0,0,0,0,0,"N",0.63,0,0,0,0,0,0,0,"N",2,50.0,0,0,0,0,0,0,0,0,0,0,0,0,0,0
"38017","3","518210","78","0","2019","1","N",1,0,0,0,0,0,0,0,"N",13.67,0,0,0,0,0,0,0,"N",0,0.0,0,0,0,0,0,0,0,0,0,0,0,0,0,0
"38017","5","518210","78","0","2019","1","",14,447,457,459,6419840,5338749,17788,1087,"",0.76,1.66,1.69,1.70,0.81,1.31,0.68,0.48,"",-1,-6.7,-44,-9.0,-38,-7.7,-35,-7.1,-821311,-11.3,-621551,-10.4,-19485,-52.3,-42,-3.7
"38035","5","518210","78","0","2019","1","",6,10,9,9,84774,84774,388,699,"",1.07,0.11,0.10,0.10,0.04,0.08,0.05,0.36,"",0,0.0,2,25.0,0,0.0,0,0.0,-1856,-2.1,-1856,-2.1,-412,-51.5,-70,-9.1
"38053","5","518210","78","0","2019","1","N",1,0,0,0,0,0,0,0,"N",0.51,0,0,0,0,0,0,0,"N",1,100.0,0,0,0,0,0,0,0,0,0,0,0,0,0,0
"38059","5","518210","78","0","2019","1","N",1,0,0,0,0,0,0,0,"N",0.38,0,0,0,0,0,0,0,"N",0,0.0,0,0,0,0,0,0,0,0,0,0,0,0,0,0
"38061","3","518210","78","0","2019","1","N",1,0,0,0,0,0,0,0,"N",188.55,0,0,0,0,0,0,0,"N",1,100.0,0,0,0,0,0,0,0,0,0,0,0,0,0,0
"38073","5","518210","78","0","2019","1","N",1,0,0,0,0,0,0,0,"N",1.60,0,0,0,0,0,0,0,"N",0,0.0,0,0,0,0,0,0,0,0,0,0,0,0,0,0
"38079","3","518210","78","0","2019","1","N",1,0,0,0,0,0,0,0,"N",382.81,0,0,0,0,0,0,0,"N",0,0.0,0,0,0,0,0,0,0,0,0,0,0,0,0,0
"38093","5","518210","78","0","2019","1","N",1,0,0,0,0,0,0,0,"N",0.48,0,0,0,0,0,0,0,"N",-1,-50.0,0,0,0,0,0,0,0,0,0,0,0,0,0,0
"38097","5","518210","78","0","2019","1","N",1,0,0,0,0,0,0,0,"N",1.08,0,0,0,0,0,0,0,"N",1,100.0,0,0,0,0,0,0,0,0,0,0,0,0,0,0
"38099","5","518210","78","0","2019","1","N",1,0,0,0,0,0,0,0,"N",0.79,0,0,0,0,0,0,0,"N",0,0.0,0,0,0,0,0,0,0,0,0,0,0,0,0,0
"38999","5","518210","78","0","2019","1","-",0,0,0,0,0,0,0,0,"N",0.00,0,0,0,0,0,0,0,"N",0,0,0,0,0,0,0,0,0,0,0,0,0,0,0,0
"39000","3","518210","58","0","2019","1","",40,587,585,586,10191271,0,0,1338,"",13.47,5.80,5.76,5.79,6.55,0.00,0.00,1.13,"",0,0.0,19,3.3,23,4.1,22,3.9,476924,4.9,0,0.0,0,0.0,15,1.1
"39000","5","518210","58","0","2019","1","",718,8173,8211,8215,198298433,75436218,2084963,1860,"",0.96,0.67,0.67,0.67,0.53,0.62,0.73,0.79,"",128,21.7,351,4.5,318,4.0,297,3.8,18349395,10.2,4102640,5.8,62308,3.1,103,5.9
"39001","5","518210","78","0","2019","1","N",1,0,0,0,0,0,0,0,"N",0.65,0,0,0,0,0,0,0,"N",0,0.0,0,0,0,0,0,0,0,0,0,0,0,0,0,0
"39003","5","518210","78","0","2019","1","N",4,0,0,0,0,0,0,0,"N",0.65,0,0,0,0,0,0,0,"N",0,0.0,0,0,0,0,0,0,0,0,0,0,0,0,0,0
"39005","3","518210","78","0","2019","1","N",1,0,0,0,0,0,0,0,"N",87.27,0,0,0,0,0,0,0,"N",0,0.0,0,0,0,0,0,0,0,0,0,0,0,0,0,0
"39005","5","518210","78","0","2019","1","N",1,0,0,0,0,0,0,0,"N",0.35,0,0,0,0,0,0,0,"N",0,0.0,0,0,0,0,0,0,0,0,0,0,0,0,0,0
"39007","5","518210","78","0","2019","1","N",3,0,0,0,0,0,0,0,"N",0.57,0,0,0,0,0,0,0,"N",1,50.0,0,0,0,0,0,0,0,0,0,0,0,0,0,0
"39009","5","518210","78","0","2019","1","N",4,0,0,0,0,0,0,0,"N",1.28,0,0,0,0,0,0,0,"N",0,0.0,0,0,0,0,0,0,0,0,0,0,0,0,0,0
"39017","3","518210","78","0","2019","1","N",2,0,0,0,0,0,0,0,"N",25.20,0,0,0,0,0,0,0,"N",0,0.0,0,0,0,0,0,0,0,0,0,0,0,0,0,0
"39017","5","518210","78","0","2019","1","",17,41,45,46,1231050,426863,14819,2152,"",0.85,0.12,0.13,0.13,0.11,0.11,0.17,0.93,"",3,21.4,-8,-16.3,-2,-4.3,-2,-4.2,40369,3.4,31208,7.9,808,5.8,244,12.8
"39019","5","518210","78","0","2019","1","N",1,0,0,0,0,0,0,0,"N",0.75,0,0,0,0,0,0,0,"N",1,100.0,0,0,0,0,0,0,0,0,0,0,0,0,0,0
"39023","5","518210","78","0","2019","1","",3,3,3,3,22587,20820,989,579,"",0.48,0.03,0.03,0.03,0.01,0.02,0.04,0.31,"N",1,50.0,0,0,0,0,0,0,0,0,0,0,0,0,0,0
"39025","5","518210","78","0","2019","1","",12,32,30,35,578051,291365,11075,1375,"",1.17,0.24,0.22,0.26,0.17,0.21,0.36,0.69,"",3,33.3,17,113.3,12,66.7,16,84.2,327995,131.2,164921,130.4,7895,248.3,265,23.9
"39027","5","518210","78","0","2019","1","N",3,0,0,0,0,0,0,0,"N",1.41,0,0,0,0,0,0,0,"N",0,0.0,0,0,0,0,0,0,0,0,0,0,0,0,0,0
"39029","5","518210","78","0","2019","1","N",2,0,0,0,0,0,0,0,"N",0.38,0,0,0,0,0,0,0,"N",2,100.0,0,0,0,0,0,0,0,0,0,0,0,0,0,0
"39033","5","518210","78","0","2019","1","N",1,0,0,0,0,0,0,0,"N",0.44,0,0,0,0,0,0,0,"N",-1,-50.0,0,0,0,0,0,0,0,0,0,0,0,0,0,0
"39035","3","518210","78","0","2019","1","",7,228,224,229,3457071,0,0,1171,"",19.57,16.68,16.30,16.78,14.49,0.00,0.00,0.87,"",0,0.0,10,4.6,7,3.2,10,4.6,176179,5.4,0,0.0,0,0.0,13,1.1
"39035","5","518210","78","0","2019","1","",97,1390,1382,1381,27508850,12782678,282686,1529,"",1.08,0.84,0.84,0.83,0.48,0.80,0.74,0.57,"",19,24.4,-65,-4.5,-79,-5.4,-72,-5.0,-1798558,-6.1,-482588,-3.6,-26340,-8.5,-19,-1.2
"39037","5","518210","78","0","2019","1","N",1,0,0,0,0,0,0,0,"N",0.33,0,0,0,0,0,0,0,"N",0,0.0,0,0,0,0,0,0,0,0,0,0,0,0,0,0
"39039","5","518210","78","0","2019","1","N",2,0,0,0,0,0,0,0,"N",0.93,0,0,0,0,0,0,0,"N",0,0.0,0,0,0,0,0,0,0,0,0,0,0,0,0,0
"39041","5","518210","78","0","2019","1","",21,95,95,93,3686523,981989,14552,3006,"",1.52,0.47,0.48,0.46,0.50,0.41,0.30,1.05,"",5,31.2,-7,-6.9,-8,-7.8,-11,-10.6,913610,32.9,9903,1.0,-1150,-7.3,935,45.1
"39043","3","518210","78","0","2019","1","N",1,0,0,0,0,0,0,0,"N",50.91,0,0,0,0,0,0,0,"N",0,0.0,0,0,0,0,0,0,0,0,0,0,0,0,0,0
"39043","5","518210","78","0","2019","1","N",3,0,0,0,0,0,0,0,"N",0.61,0,0,0,0,0,0,0,"N",0,0.0,0,0,0,0,0,0,0,0,0,0,0,0,0,0
"39045","3","518210","78","0","2019","1","N",2,0,0,0,0,0,0,0,"N",66.75,0,0,0,0,0,0,0,"N",0,0.0,0,0,0,0,0,0,0,0,0,0,0,0,0,0
"39045","5","518210","78","0","2019","1","N",3,0,0,0,0,0,0,0,"N",0.40,0,0,0,0,0,0,0,"N",1,50.0,0,0,0,0,0,0,0,0,0,0,0,0,0,0
"39047","5","518210","78","0","2019","1","N",1,0,0,0,0,0,0,0,"N",0.63,0,0,0,0,0,0,0,"N",0,0.0,0,0,0,0,0,0,0,0,0,0,0,0,0,0
"39049","3","518210","78","0","2019","1","",6,48,49,47,1062441,0,0,1703,"",18.22,3.36,3.43,3.31,4.23,0.00,0.00,1.26,"",0,0.0,3,6.7,3,6.5,1,2.2,87200,8.9,0,0.0,0,0.0,60,3.7
"39049","5","518210","78","0","2019","1","",119,2790,2772,2757,67950694,25013389,566321,1885,"",1.44,1.62,1.61,1.60,1.12,1.46,1.58,0.70,"",26,28.0,137,5.2,116,4.4,93,3.5,5212477,8.3,1519486,6.5,22556,4.1,69,3.8
"39055","5","518210","78","0","2019","1","",4,5,5,5,243251,40580,170,3742,"",0.55,0.06,0.06,0.06,0.12,0.05,0.01,1.96,"N",-1,-20.0,0,0,0,0,0,0,0,0,0,0,0,0,0,0
"39057","3","518210","78","0","2019","1","N",2,0,0,0,0,0,0,0,"N",55.32,0,0,0,0,0,0,0,"N",0,0.0,0,0,0,0,0,0,0,0,0,0,0,0,0,0
"39057","5","518210","78","0","2019","1","",12,376,376,377,7538468,3540094,187076,1541,"",1.32,2.18,2.18,2.18,1.39,2.71,6.53,0.64,"",2,20.0,-13,-3.3,-16,-4.1,-16,-4.1,-40559,-0.5,-81950,-2.3,-27777,-12.9,51,3.4
"39059","5","518210","78","0","2019","1","N",1,0,0,0,0,0,0,0,"N",0.42,0,0,0,0,0,0,0,"N",0,0.0,0,0,0,0,0,0,0,0,0,0,0,0,0,0
"39061","3","518210","78","0","2019","1","N",1,0,0,0,0,0,0,0,"N",4.17,0,0,0,0,0,0,0,"N",0,0.0,0,0,0,0,0,0,0,0,0,0,0,0,0,0
"39061","5","518210","78","0","2019","1","",66,726,751,753,16609642,6853112,236611,1719,"",1.10,0.62,0.64,0.64,0.37,0.55,0.82,0.59,"",19,40.4,153,26.7,170,29.3,166,28.3,3652863,28.2,1533769,28.8,103523,77.8,2,0.1
"39063","5","518210","78","0","2019","1","N",1,0,0,0,0,0,0,0,"N",0.22,0,0,0,0,0,0,0,"N",-1,-50.0,0,0,0,0,0,0,0,0,0,0,0,0,0,0
"39067","5","518210","78","0","2019","1","N",1,0,0,0,0,0,0,0,"N",1.15,0,0,0,0,0,0,0,"N",0,0.0,0,0,0,0,0,0,0,0,0,0,0,0,0,0
"39069","3","518210","78","0","2019","1","N",1,0,0,0,0,0,0,0,"N",151.29,0,0,0,0,0,0,0,"N",0,0.0,0,0,0,0,0,0,0,0,0,0,0,0,0,0
"39073","5","518210","78","0","2019","1","N",1,0,0,0,0,0,0,0,"N",0.74,0,0,0,0,0,0,0,"N",0,0.0,0,0,0,0,0,0,0,0,0,0,0,0,0,0
"39077","5","518210","78","0","2019","1","N",1,0,0,0,0,0,0,0,"N",0.30,0,0,0,0,0,0,0,"N",0,0.0,0,0,0,0,0,0,0,0,0,0,0,0,0,0
"39083","3","518210","78","0","2019","1","N",1,0,0,0,0,0,0,0,"N",82.63,0,0,0,0,0,0,0,"N",0,0.0,0,0,0,0,0,0,0,0,0,0,0,0,0,0
"39083","5","518210","78","0","2019","1","N",2,0,0,0,0,0,0,0,"N",0.66,0,0,0,0,0,0,0,"N",0,0.0,0,0,0,0,0,0,0,0,0,0,0,0,0,0
"39085","5","518210","78","0","2019","1","",11,23,23,23,547826,208966,15432,1832,"",0.70,0.11,0.11,0.11,0.09,0.10,0.30,0.87,"",-2,-15.4,4,21.1,3,15.0,3,15.0,111198,25.5,25163,13.7,8231,114.3,124,7.3
"39087","5","518210","78","0","2019","1","N",1,0,0,0,0,0,0,0,"N",0.42,0,0,0,0,0,0,0,"N",0,0.0,0,0,0,0,0,0,0,0,0,0,0,0,0,0
"39089","5","518210","78","0","2019","1","",5,8,9,8,93076,64411,2062,859,"",0.57,0.06,0.07,0.06,0.03,0.05,0.07,0.44,"",0,0.0,-2,-20.0,0,0.0,-1,-11.1,-54555,-37.0,-5854,-8.3,202,10.9,-358,-29.4
"39093","5","518210","78","0","2019","1","N",14,0,0,0,0,0,0,0,"N",0.91,0,0,0,0,0,0,0,"N",5,55.6,0,0,0,0,0,0,0,0,0,0,0,0,0,0
"39095","5","518210","78","0","2019","1","",13,101,101,101,1789420,791059,22930,1363,"",0.51,0.21,0.21,0.21,0.13,0.18,0.18,0.59,"",2,18.2,51,102.0,52,106.1,55,119.6,516101,40.5,347704,78.4,14349,167.2,-664,-32.8
"39097","5","518210","78","0","2019","1","N",2,0,0,0,0,0,0,0,"N",0.95,0,0,0,0,0,0,0,"N",0,0.0,0,0,0,0,0,0,0,0,0,0,0,0,0,0
"39099","3","518210","78","0","2019","1","N",1,0,0,0,0,0,0,0,"N",17.07,0,0,0,0,0,0,0,"N",0,0.0,0,0,0,0,0,0,0,0,0,0,0,0,0,0
"39099","5","518210","78","0","2019","1","",8,167,177,179,2956158,1558909,37850,1304,"",0.54,0.76,0.80,0.81,0.59,0.80,0.78,0.74,"",2,33.3,9,5.7,16,9.9,19,11.9,300991,11.3,164347,11.8,448,1.2,25,2.0
"39103","3","518210","78","0","2019","1","N",2,0,0,0,0,0,0,0,"N",43.93,0,0,0,0,0,0,0,"N",0,0.0,0,0,0,0,0,0,0,0,0,0,0,0,0,0
"39103","5","518210","78","0","2019","1","",13,26,25,25,638160,235326,9000,1938,"",1.14,0.19,0.18,0.18,0.18,0.17,0.28,0.98,"",4,44.4,7,36.8,7,38.9,6,31.6,-133896,-17.3,26853,12.9,-1584,-15.0,-1244,-39.1
"39109","5","518210","78","0","2019","1","N",1,0,0,0,0,0,0,0,"N",0.17,0,0,0,0,0,0,0,"N",1,100.0,0,0,0,0,0,0,0,0,0,0,0,0,0,0
"39111","5","518210","78","0","2019","1","N",1,0,0,0,0,0,0,0,"N",1.10,0,0,0,0,0,0,0,"N",0,0.0,0,0,0,0,0,0,0,0,0,0,0,0,0,0
"39113","3","518210","78","0","2019","1","N",2,0,0,0,0,0,0,0,"N",16.82,0,0,0,0,0,0,0,"N",0,0.0,0,0,0,0,0,0,0,0,0,0,0,0,0,0
"39113","5","518210","78","0","2019","1","",21,63,64,65,1595362,585969,17191,1918,"",0.70,0.11,0.11,0.11,0.10,0.11,0.14,0.88,"",4,23.5,-6,-8.7,-7,-9.9,-3,-4.4,-127075,-7.4,-107828,-15.5,-7853,-31.4,7,0.4
"39119","3","518210","78","0","2019","1","N",1,0,0,0,0,0,0,0,"N",53.93,0,0,0,0,0,0,0,"N",0,0.0,0,0,0,0,0,0,0,0,0,0,0,0,0,0
"39129","5","518210","78","0","2019","1","N",2,0,0,0,0,0,0,0,"N",0.85,0,0,0,0,0,0,0,"N",1,100.0,0,0,0,0,0,0,0,0,0,0,0,0,0,0
"39131","5","518210","78","0","2019","1","N",1,0,0,0,0,0,0,0,"N",0.74,0,0,0,0,0,0,0,"N",1,100.0,0,0,0,0,0,0,0,0,0,0,0,0,0,0
"39133","5","518210","78","0","2019","1","",8,12,12,10,464305,141051,2285,3151,"",0.96,0.10,0.10,0.08,0.15,0.13,0.08,1.59,"N",3,60.0,0,0,0,0,0,0,0,0,0,0,0,0,0,0
"39137","5","518210","78","0","2019","1","N",1,0,0,0,0,0,0,0,"N",0.50,0,0,0,0,0,0,0,"N",0,0.0,0,0,0,0,0,0,0,0,0,0,0,0,0,0
"39139","3","518210","78","0","2019","1","N",1,0,0,0,0,0,0,0,"N",36.50,0,0,0,0,0,0,0,"N",0,0.0,0,0,0,0,0,0,0,0,0,0,0,0,0,0
"39139","5","518210","78","0","2019","1","N",3,0,0,0,0,0,0,0,"N",0.44,0,0,0,0,0,0,0,"N",1,50.0,0,0,0,0,0,0,0,0,0,0,0,0,0,0
"39141","5","518210","78","0","2019","1","N",1,0,0,0,0,0,0,0,"N",0.28,0,0,0,0,0,0,0,"N",0,0.0,0,0,0,0,0,0,0,0,0,0,0,0,0,0
"39143","5","518210","78","0","2019","1","N",1,0,0,0,0,0,0,0,"N",0.29,0,0,0,0,0,0,0,"N",0,0.0,0,0,0,0,0,0,0,0,0,0,0,0,0,0
"39145","5","518210","78","0","2019","1","N",1,0,0,0,0,0,0,0,"N",0.28,0,0,0,0,0,0,0,"N",0,0.0,0,0,0,0,0,0,0,0,0,0,0,0,0,0
"39149","3","518210","78","0","2019","1","N",1,0,0,0,0,0,0,0,"N",98.79,0,0,0,0,0,0,0,"N",0,0.0,0,0,0,0,0,0,0,0,0,0,0,0,0,0
"39151","3","518210","78","0","2019","1","N",2,0,0,0,0,0,0,0,"N",23.44,0,0,0,0,0,0,0,"N",0,0.0,0,0,0,0,0,0,0,0,0,0,0,0,0,0
"39151","5","518210","78","0","2019","1","",9,37,38,38,938908,305780,5613,1917,"",0.42,0.10,0.11,0.11,0.10,0.09,0.07,1.00,"",0,0.0,0,0.0,-2,-5.0,-2,-5.0,8304,0.9,-20253,-6.2,-4971,-47.0,81,4.4
"39153","3","518210","78","0","2019","1","",4,72,73,72,1121874,0,0,1193,"",28.04,14.42,14.59,14.46,15.09,0.00,0.00,1.04,"",0,0.0,9,14.3,11,17.7,9,14.3,191205,20.5,0,0.0,0,0.0,51,4.5
"39153","5","518210","78","0","2019","1","",38,484,498,504,11783251,4498843,113272,1830,"",1.06,0.80,0.83,0.83,0.66,0.74,0.79,0.80,"",4,11.8,-137,-22.1,-140,-21.9,-131,-20.6,-2407186,-17.0,-1151252,-20.4,-73130,-39.2,101,5.8
"39155","3","518210","78","0","2019","1","N",1,0,0,0,0,0,0,0,"N",23.56,0,0,0,0,0,0,0,"N",0,0.0,0,0,0,0,0,0,0,0,0,0,0,0,0,0
"39155","5","518210","78","0","2019","1","N",2,0,0,0,0,0,0,0,"N",0.19,0,0,0,0,0,0,0,"N",0,0.0,0,0,0,0,0,0,0,0,0,0,0,0,0,0
"39157","3","518210","78","0","2019","1","N",1,0,0,0,0,0,0,0,"N",43.34,0,0,0,0,0,0,0,"N",0,0.0,0,0,0,0,0,0,0,0,0,0,0,0,0,0
"39159","5","518210","78","0","2019","1","N",4,0,0,0,0,0,0,0,"N",1.21,0,0,0,0,0,0,0,"N",1,33.3,0,0,0,0,0,0,0,0,0,0,0,0,0,0
"39165","5","518210","78","0","2019","1","",18,25,32,26,842948,255598,6970,2344,"",1.39,0.12,0.15,0.12,0.12,0.11,0.13,0.93,"N",4,28.6,0,0,0,0,0,0,0,0,0,0,0,0,0,0
"39167","5","518210","78","0","2019","1","",3,11,11,11,211730,84257,2042,1481,"",0.75,0.20,0.19,0.19,0.14,0.16,0.14,0.71,"N",1,50.0,0,0,0,0,0,0,0,0,0,0,0,0,0,0
"39171","5","518210","78","0","2019","1","N",1,0,0,0,0,0,0,0,"N",0.45,0,0,0,0,0,0,0,"N",-1,-50.0,0,0,0,0,0,0,0,0,0,0,0,0,0,0
"39173","5","518210","78","0","2019","1","",6,7,6,6,90046,44604,1240,1094,"",0.79,0.05,0.04,0.04,0.02,0.03,0.03,0.51,"",3,100.0,4,133.3,3,100.0,3,100.0,60239,202.1,25090,128.6,914,280.4,330,43.2
"39999","5","518210","78","0","2019","1","",141,985,985,999,37002842,11069517,412425,2876,"",3.10,3.66,3.60,3.60,2.63,2.61,3.00,0.73,"",15,11.9,160,19.4,147,17.5,156,18.5,10861429,41.5,1896598,20.7,35466,9.4,469,19.5
"40000","3","518210","58","0","2019","1","N",1,0,0,0,0,0,0,0,"N",0.91,0,0,0,0,0,0,0,"N",0,0.0,0,0,0,0,0,0,0,0,0,0,0,0,0,0
"40000","5","518210","58","0","2019","1","",182,1423,1428,1453,25419559,18041732,216623,1363,"",0.66,0.39,0.39,0.39,0.24,0.34,0.40,0.62,"",16,9.6,316,28.5,172,13.7,175,13.7,4463242,21.3,3997963,28.5,58775,37.2,35,2.6
"40001","5","518210","78","0","2019","1","N",1,0,0,0,0,0,0,0,"N",1.47,0,0,0,0,0,0,0,"N",1,100.0,0,0,0,0,0,0,0,0,0,0,0,0,0,0
"40009","5","518210","78","0","2019","1","-",0,0,0,0,0,0,0,0,"N",0.00,0,0,0,0,0,0,0,"N",0,0,0,0,0,0,0,0,0,0,0,0,0,0,0,0
"40013","5","518210","78","0","2019","1","N",1,0,0,0,0,0,0,0,"N",0.42,0,0,0,0,0,0,0,"N",0,0.0,0,0,0,0,0,0,0,0,0,0,0,0,0,0
"40015","5","518210","78","0","2019","1","N",1,0,0,0,0,0,0,0,"N",0.65,0,0,0,0,0,0,0,"N",0,0.0,0,0,0,0,0,0,0,0,0,0,0,0,0,0
"40017","5","518210","78","0","2019","1","N",3,0,0,0,0,0,0,0,"N",0.38,0,0,0,0,0,0,0,"N",2,200.0,0,0,0,0,0,0,0,0,0,0,0,0,0,0
"40023","5","518210","78","0","2019","1","N",2,0,0,0,0,0,0,0,"N",2.27,0,0,0,0,0,0,0,"N",0,0.0,0,0,0,0,0,0,0,0,0,0,0,0,0,0
"40027","5","518210","78","0","2019","1","N",10,0,0,0,0,0,0,0,"N",0.68,0,0,0,0,0,0,0,"N",1,11.1,0,0,0,0,0,0,0,0,0,0,0,0,0,0
"40031","5","518210","78","0","2019","1","N",6,0,0,0,0,0,0,0,"N",1.00,0,0,0,0,0,0,0,"N",4,200.0,0,0,0,0,0,0,0,0,0,0,0,0,0,0
"40037","5","518210","78","0","2019","1","N",1,0,0,0,0,0,0,0,"N",0.27,0,0,0,0,0,0,0,"N",0,0.0,0,0,0,0,0,0,0,0,0,0,0,0,0,0
"40047","5","518210","78","0","2019","1","N",1,0,0,0,0,0,0,0,"N",0.23,0,0,0,0,0,0,0,"N",0,0.0,0,0,0,0,0,0,0,0,0,0,0,0,0,0
"40049","5","518210","78","0","2019","1","N",1,0,0,0,0,0,0,0,"N",0.50,0,0,0,0,0,0,0,"N",1,100.0,0,0,0,0,0,0,0,0,0,0,0,0,0,0
"40051","5","518210","78","0","2019","1","N",1,0,0,0,0,0,0,0,"N",0.34,0,0,0,0,0,0,0,"N",0,0.0,0,0,0,0,0,0,0,0,0,0,0,0,0,0
"40071","5","518210","78","0","2019","1","N",1,0,0,0,0,0,0,0,"N",0.34,0,0,0,0,0,0,0,"N",1,100.0,0,0,0,0,0,0,0,0,0,0,0,0,0,0
"40073","5","518210","78","0","2019","1","N",1,0,0,0,0,0,0,0,"N",0.68,0,0,0,0,0,0,0,"N",0,0.0,0,0,0,0,0,0,0,0,0,0,0,0,0,0
"40087","5","518210","78","0","2019","1","N",1,0,0,0,0,0,0,0,"N",0.37,0,0,0,0,0,0,0,"N",-1,-50.0,0,0,0,0,0,0,0,0,0,0,0,0,0,0
"40097","5","518210","78","0","2019","1","N",2,0,0,0,0,0,0,0,"N",0.90,0,0,0,0,0,0,0,"N",0,0.0,0,0,0,0,0,0,0,0,0,0,0,0,0,0
"40101","5","518210","78","0","2019","1","N",1,0,0,0,0,0,0,0,"N",0.27,0,0,0,0,0,0,0,"N",1,100.0,0,0,0,0,0,0,0,0,0,0,0,0,0,0
"40105","5","518210","78","0","2019","1","N",1,0,0,0,0,0,0,0,"N",2.20,0,0,0,0,0,0,0,"N",0,0.0,0,0,0,0,0,0,0,0,0,0,0,0,0,0
"40109","3","518210","78","0","2019","1","N",1,0,0,0,0,0,0,0,"N",3.59,0,0,0,0,0,0,0,"N",0,0.0,0,0,0,0,0,0,0,0,0,0,0,0,0,0
"40109","5","518210","78","0","2019","1","",73,390,386,385,7314234,5177461,61994,1454,"",1.04,0.37,0.37,0.36,0.21,0.34,0.41,0.58,"",2,2.8,-150,-27.8,-123,-24.2,-126,-24.7,-1577445,-17.7,-1183704,-18.6,-9161,-12.9,139,10.6
"40113","5","518210","78","0","2019","1","N",1,0,0,0,0,0,0,0,"N",0.71,0,0,0,0,0,0,0,"N",1,100.0,0,0,0,0,0,0,0,0,0,0,0,0,0,0
"40119","5","518210","78","0","2019","1","N",2,0,0,0,0,0,0,0,"N",0.40,0,0,0,0,0,0,0,"N",1,100.0,0,0,0,0,0,0,0,0,0,0,0,0,0,0
"40123","5","518210","78","0","2019","1","N",1,0,0,0,0,0,0,0,"N",0.36,0,0,0,0,0,0,0,"N",0,0.0,0,0,0,0,0,0,0,0,0,0,0,0,0,0
"40125","5","518210","78","0","2019","1","N",2,0,0,0,0,0,0,0,"N",0.56,0,0,0,0,0,0,0,"N",0,0.0,0,0,0,0,0,0,0,0,0,0,0,0,0,0
"40127","5","518210","78","0","2019","1","-",0,0,0,0,0,0,0,0,"N",0.00,0,0,0,0,0,0,0,"N",0,0,0,0,0,0,0,0,0,0,0,0,0,0,0,0
"40131","5","518210","78","0","2019","1","N",5,0,0,0,0,0,0,0,"N",1.04,0,0,0,0,0,0,0,"N",1,25.0,0,0,0,0,0,0,0,0,0,0,0,0,0,0
"40133","5","518210","78","0","2019","1","N",1,0,0,0,0,0,0,0,"N",0.78,0,0,0,0,0,0,0,"N",0,0.0,0,0,0,0,0,0,0,0,0,0,0,0,0,0
"40137","5","518210","78","0","2019","1","N",1,0,0,0,0,0,0,0,"N",0.35,0,0,0,0,0,0,0,"N",1,100.0,0,0,0,0,0,0,0,0,0,0,0,0,0,0
"40141","5","518210","78","0","2019","1","N",3,0,0,0,0,0,0,0,"N",6.42,0,0,0,0,0,0,0,"N",2,200.0,0,0,0,0,0,0,0,0,0,0,0,0,0,0
"40143","5","518210","78","0","2019","1","",40,220,229,224,7324588,3631865,52668,2512,"",0.71,0.27,0.28,0.27,0.28,0.28,0.37,1.03,"",1,2.6,-40,-15.4,-36,-13.6,-33,-12.8,49918,0.7,-156687,-4.1,-820,-1.5,365,17.0
"40145","5","518210","78","0","2019","1","N",1,0,0,0,0,0,0,0,"N",0.51,0,0,0,0,0,0,0,"N",0,0.0,0,0,0,0,0,0,0,0,0,0,0,0,0,0
"40151","5","518210","78","0","2019","1","N",1,0,0,0,0,0,0,0,"N",1.24,0,0,0,0,0,0,0,"N",0,0.0,0,0,0,0,0,0,0,0,0,0,0,0,0,0
"40999","5","518210","78","0","2019","1","",16,132,135,152,2246875,1620018,16313,1237,"",1.62,2.69,2.71,3.01,1.10,1.46,1.05,0.39,"",-2,-11.1,21,18.9,8,6.3,2,1.3,160005,7.7,200445,14.1,3750,29.8,-4,-0.3
"41000","3","518210","58","0","2019","1","N",6,0,0,0,0,0,0,0,"N",3.88,0,0,0,0,0,0,0,"N",-1,-14.3,0,0,0,0,0,0,0,0,0,0,0,0,0,0
"41000","5","518210","58","0","2019","1","",352,5344,5344,5372,158918059,124788682,2501448,2284,"",0.91,1.22,1.22,1.22,1.15,1.74,1.69,0.94,"",57,19.3,422,8.6,395,8.0,413,8.3,16221138,11.4,12702059,11.3,231650,10.2,63,2.8
"41003","5","518210","78","0","2019","1","N",9,0,0,0,0,0,0,0,"N",1.29,0,0,0,0,0,0,0,"N",1,12.5,0,0,0,0,0,0,0,0,0,0,0,0,0,0
"41005","5","518210","78","0","2019","1","",27,409,409,418,14292439,9014281,200706,2668,"",0.71,1.08,1.08,1.09,1.22,1.33,1.47,1.13,"",0,0.0,37,9.9,34,9.1,53,14.5,5458728,61.8,1439140,19.0,38604,23.8,835,45.6
"41007","5","518210","78","0","2019","1","N",2,0,0,0,0,0,0,0,"N",0.46,0,0,0,0,0,0,0,"N",2,100.0,0,0,0,0,0,0,0,0,0,0,0,0,0,0
"41013","5","518210","78","0","2019","1","N",3,0,0,0,0,0,0,0,"N",1.72,0,0,0,0,0,0,0,"N",0,0.0,0,0,0,0,0,0,0,0,0,0,0,0,0,0
"41017","3","518210","78","0","2019","1","N",1,0,0,0,0,0,0,0,"N",11.37,0,0,0,0,0,0,0,"N",0,0.0,0,0,0,0,0,0,0,0,0,0,0,0,0,0
"41017","5","518210","78","0","2019","1","",19,30,30,31,570213,538895,12530,1446,"",0.86,0.16,0.16,0.16,0.11,0.19,0.22,0.71,"",1,5.6,-8,-21.1,-6,-16.7,-3,-8.8,-132348,-18.8,-129950,-19.4,-3434,-21.5,-55,-3.7
"41019","5","518210","78","0","2019","1","N",1,0,0,0,0,0,0,0,"N",0.12,0,0,0,0,0,0,0,"N",1,100.0,0,0,0,0,0,0,0,0,0,0,0,0,0,0
"41027","5","518210","78","0","2019","1","N",2,0,0,0,0,0,0,0,"N",0.59,0,0,0,0,0,0,0,"N",2,100.0,0,0,0,0,0,0,0,0,0,0,0,0,0,0
"41029","5","518210","78","0","2019","1","N",12,0,0,0,0,0,0,0,"N",0.63,0,0,0,0,0,0,0,"N",3,33.3,0,0,0,0,0,0,0,0,0,0,0,0,0,0
"41033","5","518210","78","0","2019","1","N",3,0,0,0,0,0,0,0,"N",0.46,0,0,0,0,0,0,0,"N",1,50.0,0,0,0,0,0,0,0,0,0,0,0,0,0,0
"41039","5","518210","78","0","2019","1","N",20,0,0,0,0,0,0,0,"N",0.64,0,0,0,0,0,0,0,"N",4,25.0,0,0,0,0,0,0,0,0,0,0,0,0,0,0
"41043","5","518210","78","0","2019","1","N",1,0,0,0,0,0,0,0,"N",0.11,0,0,0,0,0,0,0,"N",0,0.0,0,0,0,0,0,0,0,0,0,0,0,0,0,0
"41047","3","518210","78","0","2019","1","",5,101,103,105,1967222,0,0,1469,"",45.12,34.58,35.11,35.76,50.25,0.00,0.00,1.43,"",-1,-16.7,0,0.0,2,2.0,3,2.9,67369,3.5,0,0.0,0,0.0,27,1.9
"41047","5","518210","78","0","2019","1","",13,65,66,69,1126815,1109667,27585,1300,"",0.47,0.18,0.19,0.19,0.12,0.27,0.33,0.63,"",3,30.0,41,170.8,43,187.0,46,200.0,748728,198.0,731580,193.5,17598,176.2,54,4.3
"41049","5","518210","78","0","2019","1","N",10,0,0,0,0,0,0,0,"N",11.11,0,0,0,0,0,0,0,"N",9,900.0,0,0,0,0,0,0,0,0,0,0,0,0,0,0
"41051","5","518210","78","0","2019","1","",118,2008,2003,2003,57599175,46446423,1009366,2210,"",1.33,1.71,1.71,1.70,1.37,2.20,2.29,0.81,"",18,18.0,-19,-0.9,-17,-0.8,-15,-0.7,-403790,-0.7,198031,0.4,68590,7.3,3,0.1
"41053","5","518210","78","0","2019","1","N",2,0,0,0,0,0,0,0,"N",0.40,0,0,0,0,0,0,0,"N",-1,-33.3,0,0,0,0,0,0,0,0,0,0,0,0,0,0
"41059","5","518210","78","0","2019","1","N",7,0,0,0,0,0,0,0,"N",1.24,0,0,0,0,0,0,0,"N",6,600.0,0,0,0,0,0,0,0,0,0,0,0,0,0,0
"41061","5","518210","78","0","2019","1","N",1,0,0,0,0,0,0,0,"N",0.40,0,0,0,0,0,0,0,"N",0,0.0,0,0,0,0,0,0,0,0,0,0,0,0,0,0
"41065","5","518210","78","0","2019","1","N",6,0,0,0,0,0,0,0,"N",2.28,0,0,0,0,0,0,0,"N",3,100.0,0,0,0,0,0,0,0,0,0,0,0,0,0,0
"41067","5","518210","78","0","2019","1","",58,1459,1465,1474,40443268,34166525,626413,2122,"",1.17,2.14,2.14,2.14,1.33,2.10,1.85,0.62,"",5,9.4,149,11.4,139,10.5,133,9.9,3734725,10.2,4152809,13.8,43979,7.6,-8,-0.4
"41071","5","518210","78","0","2019","1","N",2,0,0,0,0,0,0,0,"N",0.25,0,0,0,0,0,0,0,"N",0,0.0,0,0,0,0,0,0,0,0,0,0,0,0,0,0
"41999","5","518210","78","0","2019","1","",36,351,352,360,13928415,9219162,187610,3024,"",2.58,6.25,6.18,6.28,5.05,5.30,4.90,0.81,"",0,0.0,167,90.8,168,91.3,174,93.5,8337266,149.1,4467466,94.0,83845,80.8,695,29.8
"42000","1","518210","58","0","2019","1","",1,1139,1139,1144,16381249,0,0,1105,"",28.26,24.97,25.09,25.05,25.85,0.00,0.00,1.03,"",0,0.0,-24,-2.1,-18,-1.6,-10,-0.9,-1567959,-8.7,0,0.0,0,0.0,-87,-7.3
"42000","2","518210","58","0","2019","1","N",1,0,0,0,0,0,0,0,"N",1.41,0,0,0,0,0,0,0,"N",0,0.0,0,0,0,0,0,0,0,0,0,0,0,0,0,0
"42000","3","518210","58","0","2019","1","N",1,0,0,0,0,0,0,0,"N",0.28,0,0,0,0,0,0,0,"N",0,0.0,0,0,0,0,0,0,0,0,0,0,0,0,0,0
"42000","5","518210","58","0","2019","1","",815,9720,9756,9821,242959037,88119298,4550254,1914,"",0.92,0.73,0.73,0.73,0.53,0.65,0.64,0.73,"",72,9.7,509,5.5,497,5.4,535,5.8,23384135,10.6,5743138,7.0,204668,4.7,88,4.8
"42001","5","518210","78","0","2019","1","-",0,0,0,0,0,0,0,0,"N",0.00,0,0,0,0,0,0,0,"N",0,0,0,0,0,0,0,0,0,0,0,0,0,0,0,0
"42003","5","518210","78","0","2019","1","",77,1016,1004,1002,21674801,8898024,440108,1655,"",0.87,0.64,0.63,0.63,0.37,0.55,0.53,0.58,"",0,0.0,-62,-5.8,-77,-7.1,-109,-9.8,-1376720,-6.0,-816399,-8.4,-109737,-20.0,28,1.7
"42005","5","518210","78","0","2019","1","",6,165,163,160,3758489,1354072,92082,1777,"",1.66,4.47,4.43,4.31,4.32,3.97,4.83,0.98,"N",2,50.0,0,0,0,0,0,0,0,0,0,0,0,0,0,0
"42007","5","518210","78","0","2019","1","-",0,0,0,0,0,0,0,0,"N",0.00,0,0,0,0,0,0,0,"N",0,0,0,0,0,0,0,0,0,0,0,0,0,0,0,0
"42009","5","518210","78","0","2019","1","N",1,0,0,0,0,0,0,0,"N",0.33,0,0,0,0,0,0,0,"N",-1,-50.0,0,0,0,0,0,0,0,0,0,0,0,0,0,0
"42011","5","518210","78","0","2019","1","",6,109,108,108,1811217,1409683,44363,1286,"",0.27,0.28,0.27,0.27,0.16,0.34,0.21,0.57,"",1,20.0,69,172.5,69,176.9,69,176.9,1284510,243.9,1123967,393.4,27264,159.4,256,24.9
"42013","5","518210","78","0","2019","1","N",1,0,0,0,0,0,0,0,"N",0.12,0,0,0,0,0,0,0,"N",0,0.0,0,0,0,0,0,0,0,0,0,0,0,0,0,0
"42017","5","518210","78","0","2019","1","",45,803,790,802,13975662,6837567,400922,1347,"",0.90,1.34,1.32,1.32,0.76,1.04,1.18,0.57,"",1,2.3,-8,-1.0,-29,-3.5,-1,-0.1,533506,4.0,70755,1.0,13149,3.4,72,5.6
"42019","5","518210","78","0","2019","1","N",6,0,0,0,0,0,0,0,"N",0.47,0,0,0,0,0,0,0,"N",2,50.0,0,0,0,0,0,0,0,0,0,0,0,0,0,0
"42021","5","518210","78","0","2019","1","N",3,0,0,0,0,0,0,0,"N",0.35,0,0,0,0,0,0,0,"N",0,0.0,0,0,0,0,0,0,0,0,0,0,0,0,0,0
"42025","5","518210","78","0","2019","1","N",1,0,0,0,0,0,0,0,"N",0.32,0,0,0,0,0,0,0,"N",1,100.0,0,0,0,0,0,0,0,0,0,0,0,0,0,0
"42027","5","518210","78","0","2019","1","",7,65,64,67,1403300,552828,42445,1652,"",0.78,0.42,0.41,0.43,0.30,0.51,0.78,0.72,"",0,0.0,-22,-25.3,-22,-25.6,-21,-23.9,-212713,-13.2,-150396,-21.4,-1755,-4.0,223,15.6
"42029","5","518210","78","0","2019","1","",40,592,590,587,15146284,5572915,413305,1976,"",1.03,1.04,1.04,1.03,0.60,0.80,1.22,0.58,"",4,11.1,-136,-18.7,-135,-18.6,-137,-18.9,-11487141,-43.1,-1261980,-18.5,18631,4.7,-847,-30.0
"42037","3","518210","78","0","2019","1","N",1,0,0,0,0,0,0,0,"N",64.66,0,0,0,0,0,0,0,"N",0,0.0,0,0,0,0,0,0,0,0,0,0,0,0,0,0
"42039","5","518210","78","0","2019","1","N",1,0,0,0,0,0,0,0,"N",0.18,0,0,0,0,0,0,0,"N",0,0.0,0,0,0,0,0,0,0,0,0,0,0,0,0,0
"42041","5","518210","78","0","2019","1","",11,304,306,301,6498614,2895435,136851,1646,"",0.68,0.99,1.00,0.98,0.70,0.86,0.83,0.70,"N",0,0.0,0,0,0,0,0,0,0,0,0,0,0,0,0,0
"42043","2","518210","78","0","2019","1","N",1,0,0,0,0,0,0,0,"N",68.10,0,0,0,0,0,0,0,"N",0,0.0,0,0,0,0,0,0,0,0,0,0,0,0,0,0
"42043","5","518210","78","0","2019","1","",17,237,237,238,3302454,1801960,89015,1070,"",0.92,0.57,0.57,0.57,0.24,0.49,0.47,0.42,"",0,0.0,12,5.3,6,2.6,7,3.0,-498622,-13.1,269618,17.6,-1829,-2.0,-207,-16.2
"42045","5","518210","78","0","2019","1","",16,134,132,131,4545664,1272419,69828,2642,"",0.46,0.26,0.26,0.25,0.24,0.24,0.26,0.92,"",2,14.3,42,45.7,30,29.4,29,28.4,1095112,31.7,325855,34.4,9795,16.3,-48,-1.8
"42049","5","518210","78","0","2019","1","N",2,0,0,0,0,0,0,0,"N",0.12,0,0,0,0,0,0,0,"N",0,0.0,0,0,0,0,0,0,0,0,0,0,0,0,0,0
"42051","5","518210","78","0","2019","1","N",1,0,0,0,0,0,0,0,"N",0.14,0,0,0,0,0,0,0,"N",0,0.0,0,0,0,0,0,0,0,0,0,0,0,0,0,0
"42055","5","518210","78","0","2019","1","N",5,0,0,0,0,0,0,0,"N",0.61,0,0,0,0,0,0,0,"N",0,0.0,0,0,0,0,0,0,0,0,0,0,0,0,0,0
"42063","5","518210","78","0","2019","1","-",0,0,0,0,0,0,0,0,"N",0.00,0,0,0,0,0,0,0,"N",0,0,0,0,0,0,0,0,0,0,0,0,0,0,0,0
"42069","5","518210","78","0","2019","1","",7,38,37,37,370461,254433,12469,763,"",0.50,0.17,0.17,0.17,0.07,0.12,0.12,0.41,"",2,40.0,3,8.6,2,5.7,0,0.0,-14746,-3.8,10262,4.2,2019,19.3,-68,-8.2
"42071","5","518210","78","0","2019","1","",5,66,67,67,1164507,590386,15107,1344,"",0.15,0.12,0.12,0.12,0.08,0.10,0.06,0.65,"",-2,-28.6,-19,-22.4,-27,-28.7,-27,-28.7,-57122,-4.7,-116751,-16.5,-10411,-40.8,311,30.1
"42073","5","518210","78","0","2019","1","N",1,0,0,0,0,0,0,0,"N",0.20,0,0,0,0,0,0,0,"N",1,100.0,0,0,0,0,0,0,0,0,0,0,0,0,0,0
"42075","5","518210","78","0","2019","1","",4,27,27,27,522752,303814,15460,1489,"",0.56,0.23,0.23,0.23,0.18,0.29,0.31,0.79,"",0,0.0,3,12.5,3,12.5,2,8.0,81217,18.4,39997,15.2,1540,11.1,93,6.7
"42077","5","518210","78","0","2019","1","",18,253,267,316,4429250,2241430,95761,1223,"",0.82,0.58,0.61,0.72,0.30,0.52,0.41,0.48,"",-3,-14.3,-5,-1.9,-3,-1.1,24,8.2,241190,5.8,17139,0.8,-1388,-1.4,44,3.7
"42079","1","518210","78","0","2019","1","",1,1139,1139,1144,16381249,0,0,1105,"",1366.98,1019.25,1025.76,1020.08,1392.32,0.00,0.00,1.36,"",0,0.0,-24,-2.1,-18,-1.6,-10,-0.9,-1567959,-8.7,0,0.0,0,0.0,-87,-7.3
"42079","5","518210","78","0","2019","1","",8,102,105,104,1428121,824709,33853,1060,"",0.44,0.31,0.32,0.32,0.17,0.26,0.19,0.53,"",1,14.3,1,1.0,3,2.9,1,1.0,12435,0.9,34563,4.4,-539,-1.6,-8,-0.7
"42081","5","518210","78","0","2019","1","N",1,0,0,0,0,0,0,0,"N",0.13,0,0,0,0,0,0,0,"N",1,100.0,0,0,0,0,0,0,0,0,0,0,0,0,0,0
"42085","5","518210","78","0","2019","1","N",1,0,0,0,0,0,0,0,"N",0.14,0,0,0,0,0,0,0,"N",0,0.0,0,0,0,0,0,0,0,0,0,0,0,0,0,0
"42087","5","518210","78","0","2019","1","N",1,0,0,0,0,0,0,0,"N",0.38,0,0,0,0,0,0,0,"N",0,0.0,0,0,0,0,0,0,0,0,0,0,0,0,0,0
"42089","5","518210","78","0","2019","1","N",2,0,0,0,0,0,0,0,"N",0.23,0,0,0,0,0,0,0,"N",0,0.0,0,0,0,0,0,0,0,0,0,0,0,0,0,0
"42091","5","518210","78","0","2019","1","",82,2246,2272,2295,41856724,19326277,911118,1418,"",1.19,1.98,2.00,2.01,0.80,1.39,1.28,0.40,"",-2,-2.4,96,4.5,127,5.9,146,6.8,1334278,3.3,798925,4.3,50817,5.9,-33,-2.3
"42095","5","518210","78","0","2019","1","",22,700,701,703,13137563,6512432,266360,1441,"",1.31,2.62,2.64,2.62,1.74,2.44,1.96,0.66,"",3,15.8,31,4.6,36,5.4,46,7.0,-75826,-0.6,290150,4.7,36068,15.7,-91,-5.9
"42097","5","518210","78","0","2019","1","N",1,0,0,0,0,0,0,0,"N",0.22,0,0,0,0,0,0,0,"N",0,0.0,0,0,0,0,0,0,0,0,0,0,0,0,0,0
"42101","5","518210","78","0","2019","1","",47,380,386,392,11251360,3876621,233524,2242,"",0.55,0.24,0.24,0.25,0.17,0.28,0.33,0.71,"",9,23.7,-48,-11.2,-37,-8.7,-31,-7.3,-4033941,-26.4,-490537,-11.2,-32781,-12.3,-527,-19.0
"42103","5","518210","78","0","2019","1","N",1,0,0,0,0,0,0,0,"N",0.38,0,0,0,0,0,0,0,"N",0,0.0,0,0,0,0,0,0,0,0,0,0,0,0,0,0
"42115","5","518210","78","0","2019","1","-",0,0,0,0,0,0,0,0,"N",0.00,0,0,0,0,0,0,0,"N",0,0,0,0,0,0,0,0,0,0,0,0,0,0,0,0
"42117","5","518210","78","0","2019","1","N",1,0,0,0,0,0,0,0,"N",0.38,0,0,0,0,0,0,0,"N",0,0.0,0,0,0,0,0,0,0,0,0,0,0,0,0,0
"42119","5","518210","78","0","2019","1","N",2,0,0,0,0,0,0,0,"N",0.80,0,0,0,0,0,0,0,"N",1,100.0,0,0,0,0,0,0,0,0,0,0,0,0,0,0
"42123","5","518210","78","0","2019","1","N",1,0,0,0,0,0,0,0,"N",0.37,0,0,0,0,0,0,0,"N",0,0.0,0,0,0,0,0,0,0,0,0,0,0,0,0,0
"42125","5","518210","78","0","2019","1","N",3,0,0,0,0,0,0,0,"N",0.22,0,0,0,0,0,0,0,"N",1,50.0,0,0,0,0,0,0,0,0,0,0,0,0,0,0
"42127","5","518210","78","0","2019","1","N",2,0,0,0,0,0,0,0,"N",0.57,0,0,0,0,0,0,0,"N",0,0.0,0,0,0,0,0,0,0,0,0,0,0,0,0,0
"42129","5","518210","78","0","2019","1","",7,58,66,62,656246,403313,26189,814,"",0.31,0.19,0.22,0.20,0.08,0.13,0.16,0.40,"",0,0.0,7,13.7,11,20.0,2,3.3,-59315,-8.3,5316,1.3,1624,6.6,-181,-18.2
"42131","5","518210","78","0","2019","1","N",1,0,0,0,0,0,0,0,"N",0.57,0,0,0,0,0,0,0,"N",0,0.0,0,0,0,0,0,0,0,0,0,0,0,0,0,0
"42133","5","518210","78","0","2019","1","N",9,0,0,0,0,0,0,0,"N",0.40,0,0,0,0,0,0,0,"N",-1,-10.0,0,0,0,0,0,0,0,0,0,0,0,0,0,0
"42999","5","518210","78","0","2019","1","",342,1966,1984,1973,85355346,19341736,1007269,3326,"",4.35,4.89,4.86,4.82,3.58,2.90,2.64,0.74,"",50,17.1,477,32.0,491,32.9,496,33.6,34263703,67.1,4337193,28.9,165881,19.7,682,25.8
"44000","5","518210","58","0","2019","1","",143,579,572,591,15344896,9576595,243032,2033,"",1.49,0.54,0.53,0.54,0.43,0.61,0.64,0.81,"",8,5.9,22,3.9,25,4.6,54,10.1,1410838,10.1,597813,6.7,3412,1.4,73,3.7
"44001","5","518210","78","0","2019","1","",7,6,6,6,267838,117550,2526,3434,"",1.80,0.20,0.19,0.19,0.35,0.35,0.29,1.82,"",0,0.0,-7,-53.8,-6,-50.0,-7,-53.8,-482350,-64.3,-142095,-54.7,-3556,-58.5,-1122,-24.6
"44003","5","518210","78","0","2019","1","",20,92,89,86,1800985,1370087,34303,1557,"",1.44,0.53,0.52,0.50,0.35,0.53,0.55,0.67,"",-1,-4.8,-6,-6.1,-8,-8.2,-10,-10.4,7773,0.4,-4170,-0.3,-2434,-6.6,135,9.5
"44005","5","518210","78","0","2019","1","",12,30,31,31,1013381,560809,11440,2542,"",1.42,0.34,0.35,0.35,0.37,0.51,0.43,1.06,"",0,0.0,3,11.1,3,10.7,4,14.8,301922,42.4,85818,18.1,1996,21.1,540,27.0
"44007","5","518210","78","0","2019","1","",46,355,347,369,7543596,5475101,142956,1625,"",0.98,0.54,0.53,0.56,0.34,0.59,0.63,0.62,"",-2,-4.2,4,1.1,5,1.5,37,11.1,679411,9.9,49818,0.9,-8396,-5.5,80,5.2
"44009","5","518210","78","0","2019","1","N",10,0,0,0,0,0,0,0,"N",0.90,0,0,0,0,0,0,0,"N",-1,-9.1,0,0,0,0,0,0,0,0,0,0,0,0,0,0
"44999","5","518210","78","0","2019","1","N",48,0,0,0,0,0,0,0,"N",4.01,0,0,0,0,0,0,0,"N",12,33.3,0,0,0,0,0,0,0,0,0,0,0,0,0,0
"45000","5","518210","58","0","2019","1","",487,3656,3639,3690,69079901,41476713,792764,1451,"",1.41,0.77,0.76,0.76,0.54,0.73,0.99,0.70,"",101,26.2,231,6.7,174,5.0,215,6.2,6898618,11.1,3282168,8.6,-26915,-3.3,67,4.8
"45003","5","518210","78","0","2019","1","N",5,0,0,0,0,0,0,0,"N",0.66,0,0,0,0,0,0,0,"N",1,25.0,0,0,0,0,0,0,0,0,0,0,0,0,0,0
"45007","5","518210","78","0","2019","1","N",3,0,0,0,0,0,0,0,"N",0.32,0,0,0,0,0,0,0,"N",0,0.0,0,0,0,0,0,0,0,0,0,0,0,0,0,0
"45009","5","518210","78","0","2019","1","N",1,0,0,0,0,0,0,0,"N",1.41,0,0,0,0,0,0,0,"N",0,0.0,0,0,0,0,0,0,0,0,0,0,0,0,0,0
"45011","5","518210","78","0","2019","1","N",1,0,0,0,0,0,0,0,"N",1.00,0,0,0,0,0,0,0,"N",1,100.0,0,0,0,0,0,0,0,0,0,0,0,0,0,0
"45013","5","518210","78","0","2019","1","",13,40,39,39,412455,305328,1995,807,"",0.86,0.27,0.26,0.25,0.12,0.18,0.10,0.46,"",2,18.2,3,8.1,2,5.4,3,8.3,-190856,-31.6,7142,2.4,-355,-15.1,-459,-36.3
"45015","5","518210","78","0","2019","1","",6,23,22,23,542643,295411,1472,1842,"",0.75,0.19,0.18,0.18,0.13,0.17,0.07,0.74,"",-1,-14.3,-9,-28.1,-8,-26.7,-3,-11.5,43169,8.6,-8074,-2.7,-1540,-51.1,532,40.6
"45017","5","518210","78","0","2019","1","N",1,0,0,0,0,0,0,0,"N",1.58,0,0,0,0,0,0,0,"N",0,0.0,0,0,0,0,0,0,0,0,0,0,0,0,0,0
"45019","5","518210","78","0","2019","1","",68,605,612,651,10492016,6107558,64796,1296,"",1.62,1.05,1.05,1.11,0.60,0.87,0.73,0.56,"",21,44.7,130,27.4,130,27.0,164,33.7,3304117,46.0,1299909,27.0,15158,30.5,147,12.8
"45029","5","518210","78","0","2019","1","N",1,0,0,0,0,0,0,0,"N",0.52,0,0,0,0,0,0,0,"N",0,0.0,0,0,0,0,0,0,0,0,0,0,0,0,0,0
"45035","5","518210","78","0","2019","1","",7,25,23,23,411602,271513,6051,1338,"",1.12,0.30,0.28,0.28,0.23,0.29,0.64,0.80,"",1,16.7,7,38.9,5,27.8,2,9.5,133158,47.8,61409,29.2,181,3.1,211,18.7
"45039","5","518210","78","0","2019","1","N",1,0,0,0,0,0,0,0,"N",1.10,0,0,0,0,0,0,0,"N",1,100.0,0,0,0,0,0,0,0,0,0,0,0,0,0,0
"45041","5","518210","78","0","2019","1","N",2,0,0,0,0,0,0,0,"N",0.24,0,0,0,0,0,0,0,"N",1,100.0,0,0,0,0,0,0,0,0,0,0,0,0,0,0
"45043","5","518210","78","0","2019","1","-",0,0,0,0,0,0,0,0,"N",0.00,0,0,0,0,0,0,0,"N",-2,-100.0,0,0,0,0,0,0,0,0,0,0,0,0,0,0
"45045","5","518210","78","0","2019","1","",41,318,314,314,6921797,4004674,104237,1689,"",1.08,0.50,0.50,0.49,0.39,0.48,0.87,0.78,"",7,20.6,-76,-19.3,-82,-20.7,-81,-20.5,431485,6.6,94225,2.4,18016,20.9,425,33.6
"45047","5","518210","78","0","2019","1","N",2,0,0,0,0,0,0,0,"N",0.56,0,0,0,0,0,0,0,"N",1,100.0,0,0,0,0,0,0,0,0,0,0,0,0,0,0
"45051","5","518210","78","0","2019","1","",21,15,16,19,321703,192324,1289,1485,"",0.88,0.05,0.06,0.06,0.06,0.07,0.03,1.00,"",7,50.0,-4,-21.1,-3,-15.8,0,0.0,60714,23.3,23689,14.0,230,21.7,428,40.5
"45053","5","518210","78","0","2019","1","N",1,0,0,0,0,0,0,0,"N",0.54,0,0,0,0,0,0,0,"N",0,0.0,0,0,0,0,0,0,0,0,0,0,0,0,0,0
"45055","5","518210","78","0","2019","1","N",2,0,0,0,0,0,0,0,"N",0.62,0,0,0,0,0,0,0,"N",1,100.0,0,0,0,0,0,0,0,0,0,0,0,0,0,0
"45057","5","518210","78","0","2019","1","N",3,0,0,0,0,0,0,0,"N",0.85,0,0,0,0,0,0,0,"N",-1,-25.0,0,0,0,0,0,0,0,0,0,0,0,0,0,0
"45059","5","518210","78","0","2019","1","-",0,0,0,0,0,0,0,0,"N",0.00,0,0,0,0,0,0,0,"N",0,0,0,0,0,0,0,0,0,0,0,0,0,0,0,0
"45063","5","518210","78","0","2019","1","",21,155,157,163,2082469,1495546,26644,1012,"",1.20,0.57,0.57,0.59,0.30,0.49,0.66,0.52,"",6,40.0,47,43.5,52,49.5,61,59.8,707499,51.5,449326,42.9,8718,48.6,5,0.5
"45067","5","518210","78","0","2019","1","N",1,0,0,0,0,0,0,0,"N",0.79,0,0,0,0,0,0,0,"N",0,0.0,0,0,0,0,0,0,0,0,0,0,0,0,0,0
"45071","5","518210","78","0","2019","1","",4,9,10,9,263788,128473,925,2174,"",1.96,0.27,0.30,0.27,0.35,0.31,0.15,1.26,"N",2,100.0,0,0,0,0,0,0,0,0,0,0,0,0,0,0
"45073","5","518210","78","0","2019","1","N",3,0,0,0,0,0,0,0,"N",0.73,0,0,0,0,0,0,0,"N",0,0.0,0,0,0,0,0,0,0,0,0,0,0,0,0,0
"45077","5","518210","78","0","2019","1","",4,4,4,3,73551,37231,375,1543,"",0.68,0.05,0.05,0.04,0.04,0.05,0.05,0.85,"N",1,33.3,0,0,0,0,0,0,0,0,0,0,0,0,0,0
"45079","5","518210","78","0","2019","1","",46,1019,1003,1000,16888648,11614299,430619,1290,"",1.73,2.03,1.98,1.97,1.16,2.18,5.47,0.58,"",7,17.9,-84,-7.6,-111,-10.0,-96,-8.8,-1583606,-8.6,-945418,-7.5,-43125,-9.1,3,0.2
"45083","5","518210","78","0","2019","1","",9,18,20,20,644515,219559,5094,2564,"",0.55,0.05,0.06,0.06,0.07,0.05,0.09,1.22,"N",1,12.5,0,0,0,0,0,0,0,0,0,0,0,0,0,0
"45089","5","518210","78","0","2019","1","N",1,0,0,0,0,0,0,0,"N",0.66,0,0,0,0,0,0,0,"N",0,0.0,0,0,0,0,0,0,0,0,0,0,0,0,0,0
"45091","5","518210","78","0","2019","1","",33,707,711,713,18278748,10233681,61480,1979,"",2.09,3.18,3.17,3.15,2.81,3.45,1.39,0.89,"",11,50.0,33,4.9,29,4.3,26,3.8,2811725,18.2,1477930,16.9,13164,27.2,232,13.3
"45999","5","518210","78","0","2019","1","",186,611,600,603,10247238,5682401,69878,1304,"",4.18,4.25,4.07,4.01,1.60,2.09,1.64,0.39,"",33,21.6,223,57.5,199,49.6,178,41.9,2329781,29.4,1422010,33.4,6466,10.2,-201,-13.4
"46000","2","518210","58","0","2019","1","N",4,0,0,0,0,0,0,0,"N",59.48,0,0,0,0,0,0,0,"N",1,33.3,0,0,0,0,0,0,0,0,0,0,0,0,0,0
"46000","5","518210","58","0","2019","1","",83,161,163,161,3332781,1949668,13409,1586,"",0.98,0.17,0.17,0.17,0.14,0.18,0.24,0.80,"",8,10.7,14,9.5,19,13.2,13,8.8,595142,21.7,213390,12.3,-2189,-14.0,147,10.2
"46007","5","518210","78","0","2019","1","N",1,0,0,0,0,0,0,0,"N",4.57,0,0,0,0,0,0,0,"N",0,0.0,0,0,0,0,0,0,0,0,0,0,0,0,0,0
"46009","2","518210","78","0","2019","1","N",1,0,0,0,0,0,0,0,"N",2361.23,0,0,0,0,0,0,0,"N",0,0.0,0,0,0,0,0,0,0,0,0,0,0,0,0,0
"46011","5","518210","78","0","2019","1","",5,8,8,8,260839,120000,383,2508,"",1.85,0.20,0.19,0.19,0.25,0.25,0.19,1.29,"N",2,66.7,0,0,0,0,0,0,0,0,0,0,0,0,0,0
"46013","5","518210","78","0","2019","1","",5,11,10,11,145369,129549,285,1048,"",1.37,0.24,0.22,0.24,0.13,0.25,0.12,0.55,"",1,25.0,-1,-8.3,-1,-9.1,0,0.0,-26142,-15.2,-26707,-17.1,-627,-68.8,-116,-10.0
"46019","5","518210","78","0","2019","1","N",1,0,0,0,0,0,0,0,"N",1.01,0,0,0,0,0,0,0,"N",0,0.0,0,0,0,0,0,0,0,0,0,0,0,0,0,0
"46029","2","518210","78","0","2019","1","N",1,0,0,0,0,0,0,0,"N",412.83,0,0,0,0,0,0,0,"N",0,0.0,0,0,0,0,0,0,0,0,0,0,0,0,0,0
"46029","5","518210","78","0","2019","1","N",2,0,0,0,0,0,0,0,"N",0.66,0,0,0,0,0,0,0,"N",1,100.0,0,0,0,0,0,0,0,0,0,0,0,0,0,0
"46035","5","518210","78","0","2019","1","N",1,0,0,0,0,0,0,0,"N",0.49,0,0,0,0,0,0,0,"N",1,100.0,0,0,0,0,0,0,0,0,0,0,0,0,0,0
"46037","5","518210","78","0","2019","1","N",1,0,0,0,0,0,0,0,"N",1.65,0,0,0,0,0,0,0,"N",0,0.0,0,0,0,0,0,0,0,0,0,0,0,0,0,0
"46061","5","518210","78","0","2019","1","-",0,0,0,0,0,0,0,0,"N",0.00,0,0,0,0,0,0,0,"N",0,0,0,0,0,0,0,0,0,0,0,0,0,0,0,0
"46065","2","518210","78","0","2019","1","N",1,0,0,0,0,0,0,0,"N",581.48,0,0,0,0,0,0,0,"N",0,0.0,0,0,0,0,0,0,0,0,0,0,0,0,0,0
"46065","5","518210","78","0","2019","1","",4,17,17,18,325638,189057,586,1445,"",1.85,0.71,0.71,0.75,0.52,1.04,0.63,0.72,"",1,33.3,2,13.3,2,13.3,3,20.0,48996,17.7,23650,14.3,60,11.4,26,1.8
"46073","5","518210","78","0","2019","1","N",1,0,0,0,0,0,0,0,"N",3.72,0,0,0,0,0,0,0,"N",0,0.0,0,0,0,0,0,0,0,0,0,0,0,0,0,0
"46077","5","518210","78","0","2019","1","N",1,0,0,0,0,0,0,0,"N",1.88,0,0,0,0,0,0,0,"N",1,100.0,0,0,0,0,0,0,0,0,0,0,0,0,0,0
"46079","5","518210","78","0","2019","1","N",2,0,0,0,0,0,0,0,"N",1.68,0,0,0,0,0,0,0,"N",0,0.0,0,0,0,0,0,0,0,0,0,0,0,0,0,0
"46081","5","518210","78","0","2019","1","N",3,0,0,0,0,0,0,0,"N",0.97,0,0,0,0,0,0,0,"N",0,0.0,0,0,0,0,0,0,0,0,0,0,0,0,0,0
"46083","5","518210","78","0","2019","1","N",4,0,0,0,0,0,0,0,"N",0.79,0,0,0,0,0,0,0,"N",0,0.0,0,0,0,0,0,0,0,0,0,0,0,0,0,0
"46087","5","518210","78","0","2019","1","N",1,0,0,0,0,0,0,0,"N",1.79,0,0,0,0,0,0,0,"N",0,0.0,0,0,0,0,0,0,0,0,0,0,0,0,0,0
"46093","5","518210","78","0","2019","1","N",2,0,0,0,0,0,0,0,"N",0.96,0,0,0,0,0,0,0,"N",0,0.0,0,0,0,0,0,0,0,0,0,0,0,0,0,0
"46097","5","518210","78","0","2019","1","N",1,0,0,0,0,0,0,0,"N",3.76,0,0,0,0,0,0,0,"N",0,0.0,0,0,0,0,0,0,0,0,0,0,0,0,0,0
"46099","2","518210","78","0","2019","1","N",1,0,0,0,0,0,0,0,"N",66.94,0,0,0,0,0,0,0,"N",1,100.0,0,0,0,0,0,0,0,0,0,0,0,0,0,0
"46099","5","518210","78","0","2019","1","",31,76,77,78,1668848,1025138,8782,1667,"",1.65,0.26,0.27,0.27,0.20,0.30,0.55,0.75,"",2,6.9,11,16.9,12,18.5,13,20.0,295180,21.5,147932,16.9,-1428,-14.0,41,2.5
"46101","5","518210","78","0","2019","1","N",1,0,0,0,0,0,0,0,"N",1.87,0,0,0,0,0,0,0,"N",0,0.0,0,0,0,0,0,0,0,0,0,0,0,0,0,0
"46103","5","518210","78","0","2019","1","",11,17,18,18,338662,177374,1124,1475,"",0.96,0.13,0.14,0.14,0.11,0.13,0.16,0.76,"",-2,-15.4,0,0.0,2,12.5,0,0.0,33469,11.0,8102,4.8,-3,-0.3,94,6.8
"46105","5","518210","78","0","2019","1","N",1,0,0,0,0,0,0,0,"N",2.81,0,0,0,0,0,0,0,"N",0,0.0,0,0,0,0,0,0,0,0,0,0,0,0,0,0
"46123","5","518210","78","0","2019","1","N",1,0,0,0,0,0,0,0,"N",1.52,0,0,0,0,0,0,0,"N",0,0.0,0,0,0,0,0,0,0,0,0,0,0,0,0,0
"46127","5","518210","78","0","2019","1","N",2,0,0,0,0,0,0,0,"N",1.14,0,0,0,0,0,0,0,"N",1,100.0,0,0,0,0,0,0,0,0,0,0,0,0,0,0
"46135","2","518210","78","0","2019","1","-",0,0,0,0,0,0,0,0,"N",0.00,0,0,0,0,0,0,0,"N",0,0,0,0,0,0,0,0,0,0,0,0,0,0,0,0
"46999","5","518210","78","0","2019","1","N",1,0,0,0,0,0,0,0,"N",0.90,0,0,0,0,0,0,0,"N",0,0.0,0,0,0,0,0,0,0,0,0,0,0,0,0,0
"47000","3","518210","58","0","2019","1","N",2,0,0,0,0,0,0,0,"N",1.23,0,0,0,0,0,0,0,"N",0,0.0,0,0,0,0,0,0,0,0,0,0,0,0,0,0
"47000","5","518210","58","0","2019","1","",593,5792,5815,5871,156532347,40711719,501350,2067,"",1.45,0.85,0.85,0.85,0.77,0.69,0.78,0.91,"",44,8.0,55,1.0,53,0.9,68,1.2,7772697,5.2,-199646,-0.5,4780,1.0,83,4.2
"47001","5","518210","78","0","2019","1","N",1,0,0,0,0,0,0,0,"N",0.24,0,0,0,0,0,0,0,"N",0,0.0,0,0,0,0,0,0,0,0,0,0,0,0,0,0
"47009","5","518210","78","0","2019","1","",12,13,12,12,924043,91000,1288,5763,"",1.90,0.11,0.10,0.10,0.30,0.09,0.12,2.82,"",3,33.3,0,0.0,2,20.0,2,20.0,114591,14.2,10044,12.4,-51,-3.8,102,1.8
"47011","5","518210","78","0","2019","1","-",0,0,0,0,0,0,0,0,"N",0.00,0,0,0,0,0,0,0,"N",-1,-100.0,0,0,0,0,0,0,0,0,0,0,0,0,0,0
"47013","5","518210","78","0","2019","1","N",1,0,0,0,0,0,0,0,"N",0.61,0,0,0,0,0,0,0,"N",1,100.0,0,0,0,0,0,0,0,0,0,0,0,0,0,0
"47017","5","518210","78","0","2019","1","N",1,0,0,0,0,0,0,0,"N",0.85,0,0,0,0,0,0,0,"N",0,0.0,0,0,0,0,0,0,0,0,0,0,0,0,0,0
"47021","5","518210","78","0","2019","1","",4,13,13,13,378204,91000,1736,2238,"",2.34,0.66,0.65,0.66,0.72,0.53,0.74,1.10,"N",1,33.3,0,0,0,0,0,0,0,0,0,0,0,0,0,0
"47033","5","518210","78","0","2019","1","N",1,0,0,0,0,0,0,0,"N",1.49,0,0,0,0,0,0,0,"N",0,0.0,0,0,0,0,0,0,0,0,0,0,0,0,0,0
"47035","5","518210","78","0","2019","1","N",4,0,0,0,0,0,0,0,"N",1.37,0,0,0,0,0,0,0,"N",1,33.3,0,0,0,0,0,0,0,0,0,0,0,0,0,0
"47037","5","518210","78","0","2019","1","",142,2514,2499,2499,65130426,17185468,179863,2001,"",2.37,2.21,2.17,2.16,1.56,1.69,1.73,0.72,"",16,12.7,-91,-3.5,-68,-2.6,-39,-1.5,594888,0.9,-904550,-5.0,90,0.1,69,3.6
"47041","5","518210","78","0","2019","1","N",1,0,0,0,0,0,0,0,"N",1.15,0,0,0,0,0,0,0,"N",0,0.0,0,0,0,0,0,0,0,0,0,0,0,0,0,0
"47043","5","518210","78","0","2019","1","N",2,0,0,0,0,0,0,0,"N",0.74,0,0,0,0,0,0,0,"N",1,100.0,0,0,0,0,0,0,0,0,0,0,0,0,0,0
"47051","5","518210","78","0","2019","1","N",1,0,0,0,0,0,0,0,"N",0.50,0,0,0,0,0,0,0,"N",0,0.0,0,0,0,0,0,0,0,0,0,0,0,0,0,0
"47055","5","518210","78","0","2019","1","N",1,0,0,0,0,0,0,0,"N",0.64,0,0,0,0,0,0,0,"N",0,0.0,0,0,0,0,0,0,0,0,0,0,0,0,0,0
"47063","5","518210","78","0","2019","1","N",1,0,0,0,0,0,0,0,"N",0.30,0,0,0,0,0,0,0,"N",0,0.0,0,0,0,0,0,0,0,0,0,0,0,0,0,0
"47065","5","518210","78","0","2019","1","",30,303,306,304,5196084,2085083,37079,1313,"",1.19,0.65,0.65,0.64,0.37,0.51,0.94,0.58,"",0,0.0,-48,-13.7,-42,-12.1,-84,-21.6,-2680993,-34.0,-151420,-6.8,7497,25.3,-359,-21.5
"47067","5","518210","78","0","2019","1","-",0,0,0,0,0,0,0,0,"N",0.00,0,0,0,0,0,0,0,"N",0,0,0,0,0,0,0,0,0,0,0,0,0,0,0,0
"47071","5","518210","78","0","2019","1","N",1,0,0,0,0,0,0,0,"N",0.74,0,0,0,0,0,0,0,"N",1,100.0,0,0,0,0,0,0,0,0,0,0,0,0,0,0
"47085","5","518210","78","0","2019","1","N",2,0,0,0,0,0,0,0,"N",2.26,0,0,0,0,0,0,0,"N",0,0.0,0,0,0,0,0,0,0,0,0,0,0,0,0,0
"47087","5","518210","78","0","2019","1","N",1,0,0,0,0,0,0,0,"N",3.22,0,0,0,0,0,0,0,"N",-1,-50.0,0,0,0,0,0,0,0,0,0,0,0,0,0,0
"47089","5","518210","78","0","2019","1","N",1,0,0,0,0,0,0,0,"N",0.52,0,0,0,0,0,0,0,"N",0,0.0,0,0,0,0,0,0,0,0,0,0,0,0,0,0
"47091","5","518210","78","0","2019","1","-",0,0,0,0,0,0,0,0,"N",0.00,0,0,0,0,0,0,0,"N",0,0,0,0,0,0,0,0,0,0,0,0,0,0,0,0
"47093","5","518210","78","0","2019","1","",47,266,270,289,8448935,1975755,24006,2363,"",1.47,0.49,0.50,0.53,0.55,0.43,0.52,1.09,"",6,14.6,-52,-16.4,-58,-17.7,-48,-14.2,-2936773,-25.8,-499293,-20.2,-13776,-36.5,-310,-11.6
"47099","5","518210","78","0","2019","1","N",1,0,0,0,0,0,0,0,"N",0.53,0,0,0,0,0,0,0,"N",0,0.0,0,0,0,0,0,0,0,0,0,0,0,0,0,0
"47105","5","518210","78","0","2019","1","N",2,0,0,0,0,0,0,0,"N",0.78,0,0,0,0,0,0,0,"N",-1,-33.3,0,0,0,0,0,0,0,0,0,0,0,0,0,0
"47107","5","518210","78","0","2019","1","N",2,0,0,0,0,0,0,0,"N",0.86,0,0,0,0,0,0,0,"N",1,100.0,0,0,0,0,0,0,0,0,0,0,0,0,0,0
"47111","5","518210","78","0","2019","1","N",1,0,0,0,0,0,0,0,"N",1.12,0,0,0,0,0,0,0,"N",0,0.0,0,0,0,0,0,0,0,0,0,0,0,0,0,0
"47113","3","518210","78","0","2019","1","N",1,0,0,0,0,0,0,0,"N",39.79,0,0,0,0,0,0,0,"N",0,0.0,0,0,0,0,0,0,0,0,0,0,0,0,0,0
"47113","5","518210","78","0","2019","1","N",2,0,0,0,0,0,0,0,"N",0.32,0,0,0,0,0,0,0,"N",0,0.0,0,0,0,0,0,0,0,0,0,0,0,0,0,0
"47115","5","518210","78","0","2019","1","N",1,0,0,0,0,0,0,0,"N",0.84,0,0,0,0,0,0,0,"N",0,0.0,0,0,0,0,0,0,0,0,0,0,0,0,0,0
"47117","5","518210","78","0","2019","1","N",2,0,0,0,0,0,0,0,"N",1.46,0,0,0,0,0,0,0,"N",0,0.0,0,0,0,0,0,0,0,0,0,0,0,0,0,0
"47119","5","518210","78","0","2019","1","",6,31,32,32,694242,224000,1666,1686,"",1.17,0.37,0.37,0.37,0.29,0.29,0.08,0.78,"",1,20.0,11,55.0,11,52.4,10,45.5,-446395,-39.1,-610856,-73.2,-17573,-91.3,-2492,-59.6
"47125","5","518210","78","0","2019","1","",8,9,8,8,117250,40832,1103,1082,"",0.99,0.07,0.06,0.06,0.04,0.04,0.10,0.63,"",3,60.0,5,125.0,4,100.0,4,100.0,36968,46.0,12832,45.8,403,57.6,-462,-29.9
"47135","5","518210","78","0","2019","1","N",1,0,0,0,0,0,0,0,"N",3.27,0,0,0,0,0,0,0,"N",0,0.0,0,0,0,0,0,0,0,0,0,0,0,0,0,0
"47141","5","518210","78","0","2019","1","N",1,0,0,0,0,0,0,0,"N",0.20,0,0,0,0,0,0,0,"N",-1,-50.0,0,0,0,0,0,0,0,0,0,0,0,0,0,0
"47143","5","518210","78","0","2019","1","N",2,0,0,0,0,0,0,0,"N",1.59,0,0,0,0,0,0,0,"N",0,0.0,0,0,0,0,0,0,0,0,0,0,0,0,0,0
"47145","5","518210","78","0","2019","1","N",1,0,0,0,0,0,0,0,"N",0.50,0,0,0,0,0,0,0,"N",0,0.0,0,0,0,0,0,0,0,0,0,0,0,0,0,0
"47147","5","518210","78","0","2019","1","N",2,0,0,0,0,0,0,0,"N",0.67,0,0,0,0,0,0,0,"N",0,0.0,0,0,0,0,0,0,0,0,0,0,0,0,0,0
"47149","5","518210","78","0","2019","1","",20,94,98,99,2191363,689455,12029,1738,"",1.35,0.31,0.32,0.32,0.26,0.25,0.50,0.80,"",0,0.0,-7,-6.9,-3,-3.0,-2,-2.0,272483,14.2,520310,307.6,10133,534.4,277,19.0
"47155","5","518210","78","0","2019","1","N",2,0,0,0,0,0,0,0,"N",0.28,0,0,0,0,0,0,0,"N",0,0.0,0,0,0,0,0,0,0,0,0,0,0,0,0,0
"47157","5","518210","78","0","2019","1","",61,217,209,209,4806990,1430987,23376,1747,"",1.17,0.19,0.18,0.18,0.13,0.15,0.24,0.69,"",5,8.9,19,9.6,7,3.5,2,1.0,322790,7.2,30305,2.2,-1039,-4.3,42,2.5
"47159","5","518210","78","0","2019","1","N",1,0,0,0,0,0,0,0,"N",1.23,0,0,0,0,0,0,0,"N",0,0.0,0,0,0,0,0,0,0,0,0,0,0,0,0,0
"47163","5","518210","78","0","2019","1","N",5,0,0,0,0,0,0,0,"N",0.57,0,0,0,0,0,0,0,"N",0,0.0,0,0,0,0,0,0,0,0,0,0,0,0,0,0
"47165","5","518210","78","0","2019","1","",11,95,93,94,2466216,663086,4448,2018,"",1.12,0.76,0.73,0.74,0.78,0.60,0.35,1.05,"",1,10.0,-25,-20.8,-29,-23.8,-25,-21.0,-462794,-15.8,-186948,-22.0,-1408,-24.0,146,7.8
"47167","5","518210","78","0","2019","1","N",2,0,0,0,0,0,0,0,"N",1.04,0,0,0,0,0,0,0,"N",1,100.0,0,0,0,0,0,0,0,0,0,0,0,0,0,0
"47177","5","518210","78","0","2019","1","N",1,0,0,0,0,0,0,0,"N",0.49,0,0,0,0,0,0,0,"N",-1,-50.0,0,0,0,0,0,0,0,0,0,0,0,0,0,0
"47179","5","518210","78","0","2019","1","N",6,0,0,0,0,0,0,0,"N",0.79,0,0,0,0,0,0,0,"N",2,50.0,0,0,0,0,0,0,0,0,0,0,0,0,0,0
"47187","5","518210","78","0","2019","1","",81,1205,1223,1222,37941803,8732210,98681,2399,"",3.48,3.87,3.91,3.88,2.92,2.73,2.90,0.75,"",5,6.6,110,10.0,104,9.3,107,9.6,7188362,23.4,701275,8.7,-8401,-7.8,267,12.5
"47189","5","518210","78","0","2019","1","",6,9,10,10,126021,58896,646,1003,"",0.79,0.08,0.09,0.09,0.05,0.06,0.07,0.54,"",-1,-14.3,2,28.6,3,42.9,3,42.9,19961,18.8,21273,56.5,245,61.1,-162,-13.9
"47999","3","518210","78","0","2019","1","N",1,0,0,0,0,0,0,0,"N",9.44,0,0,0,0,0,0,0,"N",0,0.0,0,0,0,0,0,0,0,0,0,0,0,0,0,0
"47999","5","518210","78","0","2019","1","",111,718,742,777,22020164,5533874,87686,2272,"",4.17,5.93,5.97,6.18,3.72,3.53,3.47,0.62,"",5,4.7,171,31.3,177,31.3,201,34.9,6223685,39.4,1306567,30.9,30951,54.6,112,5.2
"48000","5","518210","58","0","2019","1","",1411,35197,35344,35273,1092290168,312329260,9868645,2382,"",0.80,1.25,1.24,1.23,1.07,1.05,1.47,0.87,"",144,11.4,2229,6.8,2070,6.2,2061,6.2,120504809,12.4,23981341,8.3,-302734,-3.0,127,5.6
"48001","5","518210","78","0","2019","1","",15,21,21,23,705361,237760,6506,2504,"",3.75,0.45,0.45,0.50,0.59,0.57,0.94,1.27,"",2,15.4,5,31.2,4,23.5,6,35.3,126849,21.9,84760,55.4,2090,47.3,-166,-6.2
"48003","5","518210","78","0","2019","1","N",1,0,0,0,0,0,0,0,"N",0.76,0,0,0,0,0,0,0,"N",0,0.0,0,0,0,0,0,0,0,0,0,0,0,0,0,0
"48005","5","518210","78","0","2019","1","-",0,0,0,0,0,0,0,0,"N",0.00,0,0,0,0,0,0,0,"N",0,0,0,0,0,0,0,0,0,0,0,0,0,0,0,0
"48013","5","518210","78","0","2019","1","N",1,0,0,0,0,0,0,0,"N",0.44,0,0,0,0,0,0,0,"N",0,0.0,0,0,0,0,0,0,0,0,0,0,0,0,0,0
"48015","5","518210","78","0","2019","1","N",4,0,0,0,0,0,0,0,"N",1.40,0,0,0,0,0,0,0,"N",2,100.0,0,0,0,0,0,0,0,0,0,0,0,0,0,0
"48019","5","518210","78","0","2019","1","N",1,0,0,0,0,0,0,0,"N",0.85,0,0,0,0,0,0,0,"N",-1,-50.0,0,0,0,0,0,0,0,0,0,0,0,0,0,0
"48021","5","518210","78","0","2019","1","N",1,0,0,0,0,0,0,0,"N",0.26,0,0,0,0,0,0,0,"N",-1,-50.0,0,0,0,0,0,0,0,0,0,0,0,0,0,0
"48023","5","518210","78","0","2019","1","N",1,0,0,0,0,0,0,0,"N",2.32,0,0,0,0,0,0,0,"N",0,0.0,0,0,0,0,0,0,0,0,0,0,0,0,0,0
"48027","5","518210","78","0","2019","1","",8,190,182,179,3118989,1473360,42856,1306,"",0.56,0.70,0.66,0.65,0.42,0.72,1.20,0.62,"",2,33.3,132,227.6,124,213.8,121,208.6,1734184,125.2,1029967,232.3,26308,159.0,-531,-28.9
"48029","5","518210","78","0","2019","1","",64,6367,6397,6418,156327521,45246983,1430609,1881,"",0.60,3.23,3.21,3.21,2.57,2.33,4.13,0.80,"",4,6.7,-244,-3.7,-312,-4.7,-337,-5.0,-28607620,-15.5,-4672700,-9.4,-83014,-5.5,-245,-11.5
"48033","5","518210","78","0","2019","1","N",1,0,0,0,0,0,0,0,"N",6.18,0,0,0,0,0,0,0,"N",1,100.0,0,0,0,0,0,0,0,0,0,0,0,0,0,0
"48035","5","518210","78","0","2019","1","-",0,0,0,0,0,0,0,0,"N",0.00,0,0,0,0,0,0,0,"N",0,0,0,0,0,0,0,0,0,0,0,0,0,0,0,0
"48037","5","518210","78","0","2019","1","N",1,0,0,0,0,0,0,0,"N",0.17,0,0,0,0,0,0,0,"N",1,100.0,0,0,0,0,0,0,0,0,0,0,0,0,0,0
"48039","5","518210","78","0","2019","1","N",3,0,0,0,0,0,0,0,"N",0.20,0,0,0,0,0,0,0,"N",0,0.0,0,0,0,0,0,0,0,0,0,0,0,0,0,0
"48041","5","518210","78","0","2019","1","N",7,0,0,0,0,0,0,0,"N",0.60,0,0,0,0,0,0,0,"N",1,16.7,0,0,0,0,0,0,0,0,0,0,0,0,0,0
"48057","5","518210","78","0","2019","1","N",1,0,0,0,0,0,0,0,"N",0.63,0,0,0,0,0,0,0,"N",-1,-50.0,0,0,0,0,0,0,0,0,0,0,0,0,0,0
"48061","5","518210","78","0","2019","1","N",1,0,0,0,0,0,0,0,"N",0.06,0,0,0,0,0,0,0,"N",-1,-50.0,0,0,0,0,0,0,0,0,0,0,0,0,0,0
"48081","5","518210","78","0","2019","1","N",1,0,0,0,0,0,0,0,"N",3.90,0,0,0,0,0,0,0,"N",0,0.0,0,0,0,0,0,0,0,0,0,0,0,0,0,0
"48085","5","518210","78","0","2019","1","",114,5293,5267,5263,154968702,49978620,1676414,2260,"",1.69,5.51,5.45,5.42,3.90,4.41,6.54,0.71,"",9,8.6,-458,-8.0,-537,-9.3,-497,-8.6,-25387710,-14.1,-5079307,-9.2,-952345,-36.2,-144,-6.0
"48091","5","518210","78","0","2019","1","N",2,0,0,0,0,0,0,0,"N",0.20,0,0,0,0,0,0,0,"N",0,0.0,0,0,0,0,0,0,0,0,0,0,0,0,0,0
"48097","5","518210","78","0","2019","1","N",1,0,0,0,0,0,0,0,"N",0.39,0,0,0,0,0,0,0,"N",0,0.0,0,0,0,0,0,0,0,0,0,0,0,0,0,0
"48099","5","518210","78","0","2019","1","N",2,0,0,0,0,0,0,0,"N",0.69,0,0,0,0,0,0,0,"N",-2,-50.0,0,0,0,0,0,0,0,0,0,0,0,0,0,0
"48113","5","518210","78","0","2019","1","",207,6248,6314,6235,208520755,60695154,2048565,2560,"",1.05,1.61,1.61,1.59,1.23,1.29,1.91,0.76,"",28,15.6,303,5.1,296,4.9,278,4.7,20987377,11.2,3892741,6.9,-80874,-3.8,145,6.0
"48121","5","518210","78","0","2019","1","",44,1097,1097,1107,33597839,10566939,398996,2349,"",1.10,1.89,1.87,1.88,1.97,1.79,3.29,1.05,"",3,7.3,159,17.0,153,16.2,166,17.6,8974751,36.4,2643265,33.4,110494,38.3,336,16.7
"48139","5","518210","78","0","2019","1","",4,22,22,21,276028,171347,5198,980,"",0.51,0.19,0.18,0.18,0.09,0.14,0.27,0.49,"",0,0.0,2,10.0,2,10.0,0,0.0,71156,34.7,24168,16.4,543,11.7,205,26.5
"48141","5","518210","78","0","2019","1","",18,1236,1240,1197,12550460,6904878,249587,789,"",0.46,1.76,1.75,1.68,0.79,1.23,2.49,0.45,"",1,5.9,35,2.9,38,3.2,10,0.8,1511350,13.7,465199,7.2,9576,4.0,79,11.1
"48145","5","518210","78","0","2019","1","N",2,0,0,0,0,0,0,0,"N",2.76,0,0,0,0,0,0,0,"N",0,0.0,0,0,0,0,0,0,0,0,0,0,0,0,0,0
"48147","5","518210","78","0","2019","1","N",1,0,0,0,0,0,0,0,"N",0.69,0,0,0,0,0,0,0,"N",0,0.0,0,0,0,0,0,0,0,0,0,0,0,0,0,0
"48157","5","518210","78","0","2019","1","",23,215,219,212,6093060,2130821,73494,2177,"",0.64,0.49,0.49,0.48,0.44,0.48,0.74,0.91,"",2,9.5,1,0.5,3,1.4,9,4.4,-2204492,-26.6,-617777,-22.5,5788,8.5,-848,-28.0
"48159","5","518210","78","0","2019","1","N",1,0,0,0,0,0,0,0,"N",1.70,0,0,0,0,0,0,0,"N",1,100.0,0,0,0,0,0,0,0,0,0,0,0,0,0,0
"48163","5","518210","78","0","2019","1","N",1,0,0,0,0,0,0,0,"N",0.95,0,0,0,0,0,0,0,"N",0,0.0,0,0,0,0,0,0,0,0,0,0,0,0,0,0
"48167","5","518210","78","0","2019","1","N",5,0,0,0,0,0,0,0,"N",0.32,0,0,0,0,0,0,0,"N",-3,-37.5,0,0,0,0,0,0,0,0,0,0,0,0,0,0
"48181","5","518210","78","0","2019","1","N",2,0,0,0,0,0,0,0,"N",0.26,0,0,0,0,0,0,0,"N",1,100.0,0,0,0,0,0,0,0,0,0,0,0,0,0,0
"48183","5","518210","78","0","2019","1","-",0,0,0,0,0,0,0,0,"N",0.00,0,0,0,0,0,0,0,"N",0,0,0,0,0,0,0,0,0,0,0,0,0,0,0,0
"48187","5","518210","78","0","2019","1","N",1,0,0,0,0,0,0,0,"N",0.18,0,0,0,0,0,0,0,"N",0,0.0,0,0,0,0,0,0,0,0,0,0,0,0,0,0
"48199","5","518210","78","0","2019","1","N",1,0,0,0,0,0,0,0,"N",0.44,0,0,0,0,0,0,0,"N",0,0.0,0,0,0,0,0,0,0,0,0,0,0,0,0,0
"48201","5","518210","78","0","2019","1","",180,2665,2677,2650,58707233,23447255,1063110,1695,"",0.61,0.50,0.50,0.50,0.24,0.38,0.61,0.48,"",13,7.8,-94,-3.4,-72,-2.6,-45,-1.7,-3274066,-5.3,160423,0.7,-25129,-2.3,-49,-2.8
"48203","5","518210","78","0","2019","1","N",1,0,0,0,0,0,0,0,"N",0.29,0,0,0,0,0,0,0,"N",0,0.0,0,0,0,0,0,0,0,0,0,0,0,0,0,0
"48209","5","518210","78","0","2019","1","",5,24,25,19,287789,189914,1295,977,"",0.44,0.15,0.15,0.11,0.07,0.13,0.06,0.54,"N",0,0.0,0,0,0,0,0,0,0,0,0,0,0,0,0,0
"48213","5","518210","78","0","2019","1","N",2,0,0,0,0,0,0,0,"N",0.53,0,0,0,0,0,0,0,"N",2,100.0,0,0,0,0,0,0,0,0,0,0,0,0,0,0
"48215","5","518210","78","0","2019","1","N",7,0,0,0,0,0,0,0,"N",0.22,0,0,0,0,0,0,0,"N",3,75.0,0,0,0,0,0,0,0,0,0,0,0,0,0,0
"48217","5","518210","78","0","2019","1","N",1,0,0,0,0,0,0,0,"N",0.51,0,0,0,0,0,0,0,"N",0,0.0,0,0,0,0,0,0,0,0,0,0,0,0,0,0
"48221","5","518210","78","0","2019","1","N",1,0,0,0,0,0,0,0,"N",0.27,0,0,0,0,0,0,0,"N",0,0.0,0,0,0,0,0,0,0,0,0,0,0,0,0,0
"48223","5","518210","78","0","2019","1","N",1,0,0,0,0,0,0,0,"N",0.46,0,0,0,0,0,0,0,"N",0,0.0,0,0,0,0,0,0,0,0,0,0,0,0,0,0
"48227","5","518210","78","0","2019","1","N",2,0,0,0,0,0,0,0,"N",0.85,0,0,0,0,0,0,0,"N",1,100.0,0,0,0,0,0,0,0,0,0,0,0,0,0,0
"48231","5","518210","78","0","2019","1","N",2,0,0,0,0,0,0,0,"N",0.52,0,0,0,0,0,0,0,"N",2,100.0,0,0,0,0,0,0,0,0,0,0,0,0,0,0
"48245","5","518210","78","0","2019","1","N",3,0,0,0,0,0,0,0,"N",0.20,0,0,0,0,0,0,0,"N",0,0.0,0,0,0,0,0,0,0,0,0,0,0,0,0,0
"48251","5","518210","78","0","2019","1","",3,40,40,41,495769,310953,8156,946,"",0.36,0.38,0.37,0.38,0.18,0.29,0.40,0.48,"N",0,0.0,0,0,0,0,0,0,0,0,0,0,0,0,0,0
"48257","5","518210","78","0","2019","1","N",1,0,0,0,0,0,0,0,"N",0.19,0,0,0,0,0,0,0,"N",1,100.0,0,0,0,0,0,0,0,0,0,0,0,0,0,0
"48259","5","518210","78","0","2019","1","N",1,0,0,0,0,0,0,0,"N",0.25,0,0,0,0,0,0,0,"N",1,100.0,0,0,0,0,0,0,0,0,0,0,0,0,0,0
"48265","5","518210","78","0","2019","1","N",2,0,0,0,0,0,0,0,"N",0.52,0,0,0,0,0,0,0,"N",0,0.0,0,0,0,0,0,0,0,0,0,0,0,0,0,0
"48285","5","518210","78","0","2019","1","N",1,0,0,0,0,0,0,0,"N",0.80,0,0,0,0,0,0,0,"N",0,0.0,0,0,0,0,0,0,0,0,0,0,0,0,0,0
"48291","5","518210","78","0","2019","1","-",0,0,0,0,0,0,0,0,"N",0.00,0,0,0,0,0,0,0,"N",0,0,0,0,0,0,0,0,0,0,0,0,0,0,0,0
"48299","5","518210","78","0","2019","1","N",1,0,0,0,0,0,0,0,"N",0.73,0,0,0,0,0,0,0,"N",1,100.0,0,0,0,0,0,0,0,0,0,0,0,0,0,0
"48303","5","518210","78","0","2019","1","N",6,0,0,0,0,0,0,0,"N",0.31,0,0,0,0,0,0,0,"N",1,20.0,0,0,0,0,0,0,0,0,0,0,0,0,0,0
"48309","5","518210","78","0","2019","1","",7,37,37,37,1519366,632025,13659,3159,"",0.52,0.14,0.14,0.14,0.23,0.28,0.38,1.56,"",0,0.0,1,2.8,1,2.8,1,2.8,132368,9.5,20548,3.4,2058,17.7,195,6.6
"48321","5","518210","78","0","2019","1","N",1,0,0,0,0,0,0,0,"N",0.47,0,0,0,0,0,0,0,"N",0,0.0,0,0,0,0,0,0,0,0,0,0,0,0,0,0
"48329","5","518210","78","0","2019","1","N",2,0,0,0,0,0,0,0,"N",0.13,0,0,0,0,0,0,0,"N",0,0.0,0,0,0,0,0,0,0,0,0,0,0,0,0,0
"48331","5","518210","78","0","2019","1","-",0,0,0,0,0,0,0,0,"N",0.00,0,0,0,0,0,0,0,"N",0,0,0,0,0,0,0,0,0,0,0,0,0,0,0,0
"48339","5","518210","78","0","2019","1","",19,104,101,101,1854559,762505,25679,1399,"",0.63,0.24,0.23,0.23,0.12,0.16,0.24,0.50,"",5,35.7,13,14.3,10,11.0,13,14.8,311267,20.2,38749,5.4,-2681,-9.5,80,6.1
"48341","5","518210","78","0","2019","1","N",1,0,0,0,0,0,0,0,"N",0.73,0,0,0,0,0,0,0,"N",1,100.0,0,0,0,0,0,0,0,0,0,0,0,0,0,0
"48347","5","518210","78","0","2019","1","N",1,0,0,0,0,0,0,0,"N",0.28,0,0,0,0,0,0,0,"N",0,0.0,0,0,0,0,0,0,0,0,0,0,0,0,0,0
"48349","5","518210","78","0","2019","1","-",0,0,0,0,0,0,0,0,"N",0.00,0,0,0,0,0,0,0,"N",0,0,0,0,0,0,0,0,0,0,0,0,0,0,0,0
"48355","5","518210","78","0","2019","1","N",4,0,0,0,0,0,0,0,"N",0.19,0,0,0,0,0,0,0,"N",-1,-20.0,0,0,0,0,0,0,0,0,0,0,0,0,0,0
"48361","5","518210","78","0","2019","1","N",1,0,0,0,0,0,0,0,"N",0.28,0,0,0,0,0,0,0,"N",0,0.0,0,0,0,0,0,0,0,0,0,0,0,0,0,0
"48367","5","518210","78","0","2019","1","",5,16,17,19,234897,142215,4593,1042,"",0.67,0.21,0.22,0.24,0.12,0.18,0.30,0.54,"",-1,-16.7,-8,-33.3,-7,-29.2,-5,-20.8,-115712,-33.0,-69164,-32.7,-1753,-27.6,-82,-7.3
"48373","5","518210","78","0","2019","1","N",1,0,0,0,0,0,0,0,"N",0.48,0,0,0,0,0,0,0,"N",1,100.0,0,0,0,0,0,0,0,0,0,0,0,0,0,0
"48375","5","518210","78","0","2019","1","",7,83,86,84,1675801,643373,6822,1529,"",0.70,0.48,0.49,0.48,0.37,0.38,0.30,0.76,"",0,0.0,15,22.1,16,22.9,13,18.3,118165,7.6,158774,32.8,-7531,-52.5,-191,-11.1
"48381","5","518210","78","0","2019","1","N",1,0,0,0,0,0,0,0,"N",0.16,0,0,0,0,0,0,0,"N",0,0.0,0,0,0,0,0,0,0,0,0,0,0,0,0,0
"48397","5","518210","78","0","2019","1","",5,5,8,9,127757,59129,1008,1340,"",0.76,0.07,0.11,0.12,0.07,0.08,0.09,0.74,"",1,25.0,0,0.0,-1,-11.1,0,0.0,-38444,-23.1,-6725,-10.2,-738,-42.3,-328,-19.7
"48401","5","518210","78","0","2019","1","N",1,0,0,0,0,0,0,0,"N",0.45,0,0,0,0,0,0,0,"N",0,0.0,0,0,0,0,0,0,0,0,0,0,0,0,0,0
"48419","5","518210","78","0","2019","1","N",1,0,0,0,0,0,0,0,"N",0.70,0,0,0,0,0,0,0,"N",1,100.0,0,0,0,0,0,0,0,0,0,0,0,0,0,0
"48423","5","518210","78","0","2019","1","",6,7,7,7,121223,51065,181,1332,"",0.38,0.03,0.03,0.03,0.02,0.02,0.00,0.67,"",-1,-14.3,-5,-41.7,-6,-46.2,-7,-50.0,-2040,-1.7,-11549,-18.4,-433,-70.5,603,82.7
"48425","5","518210","78","0","2019","1","N",1,0,0,0,0,0,0,0,"N",1.80,0,0,0,0,0,0,0,"N",0,0.0,0,0,0,0,0,0,0,0,0,0,0,0,0,0
"48439","5","518210","78","0","2019","1","",73,1038,1025,1027,40828228,9499827,397852,3049,"",0.65,0.50,0.49,0.49,0.58,0.43,0.97,1.16,"",1,1.4,-149,-12.6,-163,-13.7,-158,-13.3,9441988,30.1,547390,6.1,38731,10.8,1014,49.8
"48441","5","518210","78","0","2019","1","N",5,0,0,0,0,0,0,0,"N",0.54,0,0,0,0,0,0,0,"N",1,25.0,0,0,0,0,0,0,0,0,0,0,0,0,0,0
"48449","5","518210","78","0","2019","1","N",1,0,0,0,0,0,0,0,"N",0.47,0,0,0,0,0,0,0,"N",1,100.0,0,0,0,0,0,0,0,0,0,0,0,0,0,0
"48451","5","518210","78","0","2019","1","N",2,0,0,0,0,0,0,0,"N",0.27,0,0,0,0,0,0,0,"N",-1,-33.3,0,0,0,0,0,0,0,0,0,0,0,0,0,0
"48453","5","518210","78","0","2019","1","",188,6886,6888,6876,278907272,65485990,1671251,3117,"",1.75,3.98,3.92,3.90,3.93,3.42,4.33,1.00,"",38,25.3,1848,36.7,1791,35.1,1735,33.7,98848708,54.9,17662641,36.9,554833,49.7,397,14.6
"48459","5","518210","78","0","2019","1","-",0,0,0,0,0,0,0,0,"N",0.00,0,0,0,0,0,0,0,"N",0,0,0,0,0,0,0,0,0,0,0,0,0,0,0,0
"48467","5","518210","78","0","2019","1","N",2,0,0,0,0,0,0,0,"N",0.78,0,0,0,0,0,0,0,"N",1,100.0,0,0,0,0,0,0,0,0,0,0,0,0,0,0
"48469","5","518210","78","0","2019","1","N",2,0,0,0,0,0,0,0,"N",0.32,0,0,0,0,0,0,0,"N",0,0.0,0,0,0,0,0,0,0,0,0,0,0,0,0,0
"48473","5","518210","78","0","2019","1","N",1,0,0,0,0,0,0,0,"N",0.46,0,0,0,0,0,0,0,"N",0,0.0,0,0,0,0,0,0,0,0,0,0,0,0,0,0
"48479","5","518210","78","0","2019","1","N",2,0,0,0,0,0,0,0,"N",0.14,0,0,0,0,0,0,0,"N",-1,-33.3,0,0,0,0,0,0,0,0,0,0,0,0,0,0
"48481","5","518210","78","0","2019","1","N",1,0,0,0,0,0,0,0,"N",0.34,0,0,0,0,0,0,0,"N",0,0.0,0,0,0,0,0,0,0,0,0,0,0,0,0,0
"48485","5","518210","78","0","2019","1","N",4,0,0,0,0,0,0,0,"N",0.49,0,0,0,0,0,0,0,"N",0,0.0,0,0,0,0,0,0,0,0,0,0,0,0,0,0
"48489","5","518210","78","0","2019","1","N",1,0,0,0,0,0,0,0,"N",1.29,0,0,0,0,0,0,0,"N",0,0.0,0,0,0,0,0,0,0,0,0,0,0,0,0,0
"48491","5","518210","78","0","2019","1","",32,291,293,308,5362600,2893929,131320,1387,"",1.10,0.72,0.72,0.75,0.36,0.66,1.72,0.49,"",3,10.3,-34,-10.5,-35,-10.7,-26,-7.8,366375,7.3,126929,4.6,7462,6.0,219,18.8
"48497","5","518210","78","0","2019","1","-",0,0,0,0,0,0,0,0,"N",0.00,0,0,0,0,0,0,0,"N",0,0,0,0,0,0,0,0,0,0,0,0,0,0,0,0
"48999","5","518210","78","0","2019","1","",273,2594,2659,2720,115759196,25543287,512586,3351,"",2.99,3.87,3.89,3.98,3.05,2.47,1.66,0.78,"",24,9.6,702,37.1,735,38.2,760,38.8,36775955,46.6,7420144,40.9,92625,22.1,195,6.2
"49000","5","518210","58","0","2019","1","",369,5657,5679,5672,106499565,91751944,362464,1445,"",1.41,1.67,1.66,1.65,1.06,1.71,1.55,0.64,"",64,21.0,328,6.2,297,5.5,279,5.2,16583426,18.4,13492570,17.2,32084,9.7,157,12.2
"49003","5","518210","78","0","2019","1","-",0,0,0,0,0,0,0,0,"N",0.00,0,0,0,0,0,0,0,"N",0,0,0,0,0,0,0,0,0,0,0,0,0,0,0,0
"49005","5","518210","78","0","2019","1","",9,117,122,121,1743940,1665773,2327,1118,"",0.97,0.91,0.94,0.93,0.63,1.14,0.53,0.68,"",0,0.0,-7,-5.6,0,0.0,-9,-6.9,71703,4.3,217073,15.0,-7078,-75.3,92,9.0
"49011","5","518210","78","0","2019","1","N",15,0,0,0,0,0,0,0,"N",0.68,0,0,0,0,0,0,0,"N",3,25.0,0,0,0,0,0,0,0,0,0,0,0,0,0,0
"49015","5","518210","78","0","2019","1","N",1,0,0,0,0,0,0,0,"N",1.56,0,0,0,0,0,0,0,"N",0,0.0,0,0,0,0,0,0,0,0,0,0,0,0,0,0
"49023","5","518210","78","0","2019","1","-",0,0,0,0,0,0,0,0,"N",0.00,0,0,0,0,0,0,0,"N",0,0,0,0,0,0,0,0,0,0,0,0,0,0,0,0
"49035","5","518210","78","0","2019","1","",241,2957,2930,2917,60056677,50317590,226766,1574,"",2.05,1.84,1.81,1.79,1.11,1.72,1.78,0.61,"",42,21.1,4,0.1,-54,-1.8,-73,-2.4,10404138,21.0,7296656,17.0,11532,5.4,290,22.6
"49043","5","518210","78","0","2019","1","",10,67,65,62,1342240,1171313,8769,1597,"",1.35,0.93,0.90,0.87,0.70,0.99,1.05,0.78,"",3,42.9,25,59.5,24,58.5,19,44.2,414001,44.6,293317,33.4,1611,22.5,-103,-6.1
"49049","5","518210","78","0","2019","1","",76,2304,2353,2359,39584428,35397051,111069,1302,"",1.76,4.11,4.16,4.15,2.29,4.10,3.59,0.55,"",17,28.8,248,12.1,276,13.3,290,14.0,5146327,14.9,5177794,17.1,24357,28.1,21,1.6
"49051","5","518210","78","0","2019","1","N",1,0,0,0,0,0,0,0,"N",0.34,0,0,0,0,0,0,0,"N",0,0.0,0,0,0,0,0,0,0,0,0,0,0,0,0,0
"49053","5","518210","78","0","2019","1","",8,117,117,120,2345737,1912108,4636,1529,"",0.52,0.76,0.75,0.76,0.71,1.04,0.71,0.93,"",1,14.3,42,56.0,40,51.9,42,53.8,821222,53.9,531452,38.5,728,18.6,-1,-0.1
"49057","5","518210","78","0","2019","1","N",8,0,0,0,0,0,0,0,"N",0.51,0,0,0,0,0,0,0,"N",1,14.3,0,0,0,0,0,0,0,0,0,0,0,0,0,0
"50000","5","518210","58","0","2019","1","",65,367,372,373,6819001,4699979,98619,1415,"",1.01,0.52,0.52,0.53,0.34,0.60,0.42,0.65,"",17,35.4,105,40.1,98,35.8,96,34.7,1615323,31.0,1014724,27.5,-37207,-27.4,-62,-4.2
"50001","5","518210","78","0","2019","1","",4,11,11,11,185380,29853,270,1296,"",1.11,0.33,0.33,0.33,0.20,0.09,0.03,0.60,"N",-1,-20.0,0,0,0,0,0,0,0,0,0,0,0,0,0,0
"50003","5","518210","78","0","2019","1","N",4,0,0,0,0,0,0,0,"N",1.03,0,0,0,0,0,0,0,"N",0,0.0,0,0,0,0,0,0,0,0,0,0,0,0,0,0
"50007","5","518210","78","0","2019","1","",21,224,230,228,3574424,2807990,58838,1209,"",1.20,0.97,0.99,0.98,0.47,0.97,0.74,0.48,"",10,90.9,101,82.1,98,74.2,95,71.4,1505127,72.7,1109238,65.3,-6118,-9.4,-22,-1.8
"50011","5","518210","78","0","2019","1","",5,15,15,17,394804,228209,1825,1938,"",1.56,0.37,0.37,0.42,0.36,0.55,0.16,0.93,"",0,0.0,-6,-28.6,-7,-31.8,-6,-26.1,-88413,-18.3,-145877,-39.0,-11056,-85.8,248,14.7
"50015","5","518210","78","0","2019","1","N",2,0,0,0,0,0,0,0,"N",0.69,0,0,0,0,0,0,0,"N",0,0.0,0,0,0,0,0,0,0,0,0,0,0,0,0,0
"50017","5","518210","78","0","2019","1","",6,5,6,7,87730,67328,553,1125,"",2.88,0.29,0.34,0.40,0.22,0.41,0.11,0.63,"",3,100.0,3,150.0,3,100.0,4,133.3,46026,110.4,38399,132.7,264,91.3,-78,-6.5
"50019","5","518210","78","0","2019","1","N",3,0,0,0,0,0,0,0,"N",1.31,0,0,0,0,0,0,0,"N",0,0.0,0,0,0,0,0,0,0,0,0,0,0,0,0,0
"50021","5","518210","78","0","2019","1","N",5,0,0,0,0,0,0,0,"N",0.86,0,0,0,0,0,0,0,"N",-1,-16.7,0,0,0,0,0,0,0,0,0,0,0,0,0,0
"50023","5","518210","78","0","2019","1","",6,7,8,8,129005,85862,715,1294,"",0.92,0.09,0.10,0.10,0.06,0.11,0.03,0.55,"",2,50.0,2,40.0,3,60.0,3,60.0,47813,58.9,28200,48.9,82,13.0,45,3.6
"50025","5","518210","78","0","2019","1","",4,4,4,4,114638,62400,592,2205,"",0.83,0.08,0.08,0.08,0.09,0.11,0.03,1.19,"N",1,33.3,0,0,0,0,0,0,0,0,0,0,0,0,0,0
"50027","5","518210","78","0","2019","1","N",2,0,0,0,0,0,0,0,"N",0.34,0,0,0,0,0,0,0,"N",1,100.0,0,0,0,0,0,0,0,0,0,0,0,0,0,0
"50999","5","518210","78","0","2019","1","N",3,0,0,0,0,0,0,0,"N",1.57,0,0,0,0,0,0,0,"N",2,200.0,0,0,0,0,0,0,0,0,0,0,0,0,0,0
"51000","2","518210","58","0","2019","1","N",9,0,0,0,0,0,0,0,"N",16.28,0,0,0,0,0,0,0,"N",0,0.0,0,0,0,0,0,0,0,0,0,0,0,0,0,0
"51000","3","518210","58","0","2019","1","N",4,0,0,0,0,0,0,0,"N",1.45,0,0,0,0,0,0,0,"N",0,0.0,0,0,0,0,0,0,0,0,0,0,0,0,0,0
"51000","5","518210","58","0","2019","1","",774,12942,13021,13036,427371831,108696074,1743979,2529,"",1.11,1.47,1.47,1.46,1.37,1.35,1.74,0.93,"",53,7.4,1749,15.6,1742,15.4,1840,16.4,58388322,15.8,20089608,22.7,-663850,-27.6,0,0.0
"51003","5","518210","78","0","2019","1","",3,52,51,51,1552480,407843,511,2326,"",0.32,0.40,0.39,0.39,0.36,0.47,0.07,0.91,"",0,0.0,-3,-5.5,-3,-5.6,-3,-5.6,-166807,-9.7,-30743,-7.0,-8078,-94.1,-108,-4.4
"51013","3","518210","78","0","2019","1","N",2,0,0,0,0,0,0,0,"N",22.02,0,0,0,0,0,0,0,"N",0,0.0,0,0,0,0,0,0,0,0,0,0,0,0,0,0
"51013","5","518210","78","0","2019","1","",46,816,818,848,39837826,6680804,96582,3704,"",2.01,2.01,2.00,2.06,1.67,1.68,2.05,0.82,"",-1,-2.1,52,6.8,26,3.3,46,5.7,3037709,8.3,230846,3.6,-92238,-48.8,103,2.9
"51019","5","518210","78","0","2019","1","",4,9,8,9,205859,68009,75,1827,"",0.70,0.21,0.19,0.21,0.22,0.20,0.02,1.06,"N",-1,-20.0,0,0,0,0,0,0,0,0,0,0,0,0,0,0
"51023","5","518210","78","0","2019","1","N",2,0,0,0,0,0,0,0,"N",0.90,0,0,0,0,0,0,0,"N",0,0.0,0,0,0,0,0,0,0,0,0,0,0,0,0,0
"51031","5","518210","78","0","2019","1","N",1,0,0,0,0,0,0,0,"N",0.26,0,0,0,0,0,0,0,"N",0,0.0,0,0,0,0,0,0,0,0,0,0,0,0,0,0
"51033","5","518210","78","0","2019","1","-",0,0,0,0,0,0,0,0,"N",0.00,0,0,0,0,0,0,0,"N",0,0,0,0,0,0,0,0,0,0,0,0,0,0,0,0
"51041","2","518210","78","0","2019","1","N",1,0,0,0,0,0,0,0,"N",53.48,0,0,0,0,0,0,0,"N",0,0.0,0,0,0,0,0,0,0,0,0,0,0,0,0,0
"51041","5","518210","78","0","2019","1","",18,230,232,229,3170186,1636069,49502,1059,"",0.77,0.74,0.75,0.74,0.37,0.58,1.43,0.50,"",-1,-5.3,24,11.7,28,13.7,14,6.5,674613,27.0,213012,15.0,3881,8.5,138,15.0
"51047","5","518210","78","0","2019","1","N",3,0,0,0,0,0,0,0,"N",0.81,0,0,0,0,0,0,0,"N",0,0.0,0,0,0,0,0,0,0,0,0,0,0,0,0,0
"51059","5","518210","78","0","2019","1","",181,6031,6098,6130,201969011,55378000,854958,2553,"",1.97,4.32,4.35,4.36,2.64,3.59,4.22,0.61,"",0,0.0,1699,39.2,1751,40.3,1842,43.0,42927678,27.0,18473652,50.1,-371778,-30.3,-277,-9.8
"51061","5","518210","78","0","2019","1","N",4,0,0,0,0,0,0,0,"N",0.66,0,0,0,0,0,0,0,"N",2,100.0,0,0,0,0,0,0,0,0,0,0,0,0,0,0
"51065","5","518210","78","0","2019","1","N",1,0,0,0,0,0,0,0,"N",0.68,0,0,0,0,0,0,0,"N",0,0.0,0,0,0,0,0,0,0,0,0,0,0,0,0,0
"51067","5","518210","78","0","2019","1","N",1,0,0,0,0,0,0,0,"N",0.26,0,0,0,0,0,0,0,"N",1,100.0,0,0,0,0,0,0,0,0,0,0,0,0,0,0
"51069","5","518210","78","0","2019","1","N",2,0,0,0,0,0,0,0,"N",0.41,0,0,0,0,0,0,0,"N",-2,-50.0,0,0,0,0,0,0,0,0,0,0,0,0,0,0
"51071","5","518210","78","0","2019","1","N",1,0,0,0,0,0,0,0,"N",1.03,0,0,0,0,0,0,0,"N",0,0.0,0,0,0,0,0,0,0,0,0,0,0,0,0,0
"51075","5","518210","78","0","2019","1","N",2,0,0,0,0,0,0,0,"N",0.97,0,0,0,0,0,0,0,"N",-1,-33.3,0,0,0,0,0,0,0,0,0,0,0,0,0,0
"51079","5","518210","78","0","2019","1","N",1,0,0,0,0,0,0,0,"N",0.79,0,0,0,0,0,0,0,"N",0,0.0,0,0,0,0,0,0,0,0,0,0,0,0,0,0
"51083","2","518210","78","0","2019","1","N",1,0,0,0,0,0,0,0,"N",478.51,0,0,0,0,0,0,0,"N",0,0.0,0,0,0,0,0,0,0,0,0,0,0,0,0,0
"51083","5","518210","78","0","2019","1","N",2,0,0,0,0,0,0,0,"N",0.76,0,0,0,0,0,0,0,"N",1,100.0,0,0,0,0,0,0,0,0,0,0,0,0,0,0
"51085","5","518210","78","0","2019","1","",9,28,31,36,302077,191808,3975,734,"",0.94,0.23,0.26,0.30,0.10,0.17,0.32,0.39,"",1,12.5,-4,-12.5,-3,-8.8,3,9.1,40750,15.6,16903,9.7,-1750,-30.6,125,20.5
"51087","5","518210","78","0","2019","1","",25,68,71,66,2535407,443731,5729,2854,"",0.85,0.16,0.16,0.15,0.17,0.10,0.10,1.10,"",1,4.2,-77,-53.1,-67,-48.6,-73,-52.5,-94427,-3.6,-293603,-39.8,-10755,-65.2,1416,98.5
"51089","5","518210","78","0","2019","1","N",1,0,0,0,0,0,0,0,"N",0.24,0,0,0,0,0,0,0,"N",0,0.0,0,0,0,0,0,0,0,0,0,0,0,0,0,0
"51093","2","518210","78","0","2019","1","N",1,0,0,0,0,0,0,0,"N",602.99,0,0,0,0,0,0,0,"N",0,0.0,0,0,0,0,0,0,0,0,0,0,0,0,0,0
"51093","5","518210","78","0","2019","1","N",1,0,0,0,0,0,0,0,"N",0.48,0,0,0,0,0,0,0,"N",0,0.0,0,0,0,0,0,0,0,0,0,0,0,0,0,0
"51095","5","518210","78","0","2019","1","N",3,0,0,0,0,0,0,0,"N",0.61,0,0,0,0,0,0,0,"N",0,0.0,0,0,0,0,0,0,0,0,0,0,0,0,0,0
"51099","5","518210","78","0","2019","1","N",2,0,0,0,0,0,0,0,"N",1.28,0,0,0,0,0,0,0,"N",1,100.0,0,0,0,0,0,0,0,0,0,0,0,0,0,0
"51103","5","518210","78","0","2019","1","N",1,0,0,0,0,0,0,0,"N",0.82,0,0,0,0,0,0,0,"N",1,100.0,0,0,0,0,0,0,0,0,0,0,0,0,0,0
"51107","3","518210","78","0","2019","1","N",1,0,0,0,0,0,0,0,"N",7.99,0,0,0,0,0,0,0,"N",0,0.0,0,0,0,0,0,0,0,0,0,0,0,0,0,0
"51107","5","518210","78","0","2019","1","",79,2116,2107,2064,91423926,16528632,293594,3356,"",2.51,5.44,5.42,5.24,5.92,4.30,6.59,1.10,"",-2,-2.5,-16,-0.8,-75,-3.4,-90,-4.2,-4491084,-4.7,-1239487,-7.0,-46196,-13.6,-66,-1.9
"51115","5","518210","78","0","2019","1","N",1,0,0,0,0,0,0,0,"N",1.78,0,0,0,0,0,0,0,"N",0,0.0,0,0,0,0,0,0,0,0,0,0,0,0,0,0
"51117","5","518210","78","0","2019","1","N",3,0,0,0,0,0,0,0,"N",1.07,0,0,0,0,0,0,0,"N",0,0.0,0,0,0,0,0,0,0,0,0,0,0,0,0,0
"51121","5","518210","78","0","2019","1","N",4,0,0,0,0,0,0,0,"N",0.68,0,0,0,0,0,0,0,"N",-2,-33.3,0,0,0,0,0,0,0,0,0,0,0,0,0,0
"51141","5","518210","78","0","2019","1","N",1,0,0,0,0,0,0,0,"N",0.73,0,0,0,0,0,0,0,"N",0,0.0,0,0,0,0,0,0,0,0,0,0,0,0,0,0
"51145","5","518210","78","0","2019","1","N",1,0,0,0,0,0,0,0,"N",0.49,0,0,0,0,0,0,0,"N",0,0.0,0,0,0,0,0,0,0,0,0,0,0,0,0,0
"51149","5","518210","78","0","2019","1","N",1,0,0,0,0,0,0,0,"N",0.63,0,0,0,0,0,0,0,"N",1,100.0,0,0,0,0,0,0,0,0,0,0,0,0,0,0
"51153","5","518210","78","0","2019","1","",30,221,221,224,6849342,1709984,34732,2373,"",1.27,0.74,0.74,0.74,0.83,0.70,1.36,1.11,"",3,11.1,-34,-13.3,-36,-14.0,-34,-13.2,-127474,-1.8,-109632,-6.0,-26511,-43.3,282,13.5
"51161","5","518210","78","0","2019","1","N",1,0,0,0,0,0,0,0,"N",0.16,0,0,0,0,0,0,0,"N",-1,-50.0,0,0,0,0,0,0,0,0,0,0,0,0,0,0
"51165","2","518210","78","0","2019","1","N",1,0,0,0,0,0,0,0,"N",271.38,0,0,0,0,0,0,0,"N",0,0.0,0,0,0,0,0,0,0,0,0,0,0,0,0,0
"51169","2","518210","78","0","2019","1","N",1,0,0,0,0,0,0,0,"N",1132.97,0,0,0,0,0,0,0,"N",0,0.0,0,0,0,0,0,0,0,0,0,0,0,0,0,0
"51169","5","518210","78","0","2019","1","N",1,0,0,0,0,0,0,0,"N",0.90,0,0,0,0,0,0,0,"N",-1,-50.0,0,0,0,0,0,0,0,0,0,0,0,0,0,0
"51171","5","518210","78","0","2019","1","N",1,0,0,0,0,0,0,0,"N",0.34,0,0,0,0,0,0,0,"N",0,0.0,0,0,0,0,0,0,0,0,0,0,0,0,0,0
"51177","2","518210","78","0","2019","1","N",1,0,0,0,0,0,0,0,"N",159.65,0,0,0,0,0,0,0,"N",0,0.0,0,0,0,0,0,0,0,0,0,0,0,0,0,0
"51177","5","518210","78","0","2019","1","N",2,0,0,0,0,0,0,0,"N",0.25,0,0,0,0,0,0,0,"N",-1,-33.3,0,0,0,0,0,0,0,0,0,0,0,0,0,0
"51179","5","518210","78","0","2019","1","N",5,0,0,0,0,0,0,0,"N",0.71,0,0,0,0,0,0,0,"N",1,25.0,0,0,0,0,0,0,0,0,0,0,0,0,0,0
"51185","5","518210","78","0","2019","1","N",2,0,0,0,0,0,0,0,"N",0.73,0,0,0,0,0,0,0,"N",0,0.0,0,0,0,0,0,0,0,0,0,0,0,0,0,0
"51187","5","518210","78","0","2019","1","N",1,0,0,0,0,0,0,0,"N",0.37,0,0,0,0,0,0,0,"N",0,0.0,0,0,0,0,0,0,0,0,0,0,0,0,0,0
"51191","5","518210","78","0","2019","1","N",1,0,0,0,0,0,0,0,"N",0.26,0,0,0,0,0,0,0,"N",1,100.0,0,0,0,0,0,0,0,0,0,0,0,0,0,0
"51195","5","518210","78","0","2019","1","-",0,0,0,0,0,0,0,0,"N",0.00,0,0,0,0,0,0,0,"N",0,0,0,0,0,0,0,0,0,0,0,0,0,0,0,0
"51197","2","518210","78","0","2019","1","N",1,0,0,0,0,0,0,0,"N",555.89,0,0,0,0,0,0,0,"N",0,0.0,0,0,0,0,0,0,0,0,0,0,0,0,0,0
"51199","5","518210","78","0","2019","1","",6,28,28,27,283932,158316,1886,789,"",1.51,0.58,0.58,0.56,0.27,0.43,0.50,0.47,"",0,0.0,-4,-12.5,-3,-9.7,-5,-15.6,-22485,-7.3,-18876,-10.7,-562,-23.0,45,6.0
"51510","5","518210","78","0","2019","1","",20,225,225,221,5956747,1765340,32983,2049,"",1.29,1.09,1.09,1.06,0.65,0.93,1.39,0.60,"",3,17.6,-49,-17.9,-46,-17.0,-52,-19.0,-1197794,-16.7,-314738,-15.1,-24205,-42.3,31,1.5
"51540","5","518210","78","0","2019","1","N",6,0,0,0,0,0,0,0,"N",0.96,0,0,0,0,0,0,0,"N",0,0.0,0,0,0,0,0,0,0,0,0,0,0,0,0,0
"51550","5","518210","78","0","2019","1","",8,254,254,261,3289702,1553316,42199,987,"",0.52,1.10,1.10,1.12,0.56,0.76,1.50,0.50,"N",1,14.3,0,0,0,0,0,0,0,0,0,0,0,0,0,0
"51590","5","518210","78","0","2019","1","N",1,0,0,0,0,0,0,0,"N",0.22,0,0,0,0,0,0,0,"N",0,0.0,0,0,0,0,0,0,0,0,0,0,0,0,0,0
"51600","5","518210","78","0","2019","1","N",3,0,0,0,0,0,0,0,"N",0.71,0,0,0,0,0,0,0,"N",1,50.0,0,0,0,0,0,0,0,0,0,0,0,0,0,0
"51610","5","518210","78","0","2019","1","N",2,0,0,0,0,0,0,0,"N",0.79,0,0,0,0,0,0,0,"N",-1,-33.3,0,0,0,0,0,0,0,0,0,0,0,0,0,0
"51630","5","518210","78","0","2019","1","N",3,0,0,0,0,0,0,0,"N",0.72,0,0,0,0,0,0,0,"N",1,50.0,0,0,0,0,0,0,0,0,0,0,0,0,0,0
"51650","5","518210","78","0","2019","1","",4,41,35,33,415833,235422,9053,880,"",0.56,0.34,0.29,0.27,0.12,0.28,0.82,0.42,"",0,0.0,7,20.6,1,2.9,-3,-8.3,-24848,-5.6,9736,4.3,-1911,-17.4,-98,-10.0
"51660","5","518210","78","0","2019","1","N",1,0,0,0,0,0,0,0,"N",0.24,0,0,0,0,0,0,0,"N",1,100.0,0,0,0,0,0,0,0,0,0,0,0,0,0,0
"51680","5","518210","78","0","2019","1","N",1,0,0,0,0,0,0,0,"N",0.15,0,0,0,0,0,0,0,"N",-1,-50.0,0,0,0,0,0,0,0,0,0,0,0,0,0,0
"51683","5","518210","78","0","2019","1","N",2,0,0,0,0,0,0,0,"N",0.51,0,0,0,0,0,0,0,"N",0,0.0,0,0,0,0,0,0,0,0,0,0,0,0,0,0
"51685","5","518210","78","0","2019","1","N",2,0,0,0,0,0,0,0,"N",2.52,0,0,0,0,0,0,0,"N",0,0.0,0,0,0,0,0,0,0,0,0,0,0,0,0,0
"51690","5","518210","78","0","2019","1","N",1,0,0,0,0,0,0,0,"N",0.39,0,0,0,0,0,0,0,"N",0,0.0,0,0,0,0,0,0,0,0,0,0,0,0,0,0
"51700","5","518210","78","0","2019","1","N",1,0,0,0,0,0,0,0,"N",0.10,0,0,0,0,0,0,0,"N",0,0.0,0,0,0,0,0,0,0,0,0,0,0,0,0,0
"51710","5","518210","78","0","2019","1","N",12,0,0,0,0,0,0,0,"N",0.79,0,0,0,0,0,0,0,"N",3,33.3,0,0,0,0,0,0,0,0,0,0,0,0,0,0
"51740","5","518210","78","0","2019","1","N",2,0,0,0,0,0,0,0,"N",0.44,0,0,0,0,0,0,0,"N",0,0.0,0,0,0,0,0,0,0,0,0,0,0,0,0,0
"51760","2","518210","78","0","2019","1","N",1,0,0,0,0,0,0,0,"N",63.07,0,0,0,0,0,0,0,"N",0,0.0,0,0,0,0,0,0,0,0,0,0,0,0,0,0
"51760","3","518210","78","0","2019","1","N",1,0,0,0,0,0,0,0,"N",12.61,0,0,0,0,0,0,0,"N",0,0.0,0,0,0,0,0,0,0,0,0,0,0,0,0,0
"51760","5","518210","78","0","2019","1","N",20,0,0,0,0,0,0,0,"N",1.00,0,0,0,0,0,0,0,"N",3,17.6,0,0,0,0,0,0,0,0,0,0,0,0,0,0
"51770","5","518210","78","0","2019","1","N",5,0,0,0,0,0,0,0,"N",0.59,0,0,0,0,0,0,0,"N",1,25.0,0,0,0,0,0,0,0,0,0,0,0,0,0,0
"51800","5","518210","78","0","2019","1","N",1,0,0,0,0,0,0,0,"N",0.21,0,0,0,0,0,0,0,"N",1,100.0,0,0,0,0,0,0,0,0,0,0,0,0,0,0
"51810","2","518210","78","0","2019","1","N",1,0,0,0,0,0,0,0,"N",41.05,0,0,0,0,0,0,0,"N",1,100.0,0,0,0,0,0,0,0,0,0,0,0,0,0,0
"51810","5","518210","78","0","2019","1","",19,469,468,463,5394769,3418358,43721,889,"",0.62,1.18,1.17,1.15,0.54,1.05,1.16,0.47,"",-1,-5.0,-100,-17.6,-98,-17.3,-88,-16.0,-553222,-9.3,-489693,-12.5,-16096,-26.9,75,9.2
"51830","5","518210","78","0","2019","1","N",1,0,0,0,0,0,0,0,"N",0.76,0,0,0,0,0,0,0,"N",0,0.0,0,0,0,0,0,0,0,0,0,0,0,0,0,0
"51999","5","518210","78","0","2019","1","",205,795,824,823,31443349,8097960,131940,2971,"",2.75,2.71,2.75,2.72,1.98,2.00,1.97,0.73,"",45,28.1,327,69.9,351,74.2,360,77.8,16309773,107.8,3887748,92.3,18196,16.0,484,19.5
"53000","2","518210","58","0","2019","1","N",1,0,0,0,0,0,0,0,"N",2.00,0,0,0,0,0,0,0,"N",0,0.0,0,0,0,0,0,0,0,0,0,0,0,0,0,0
"53000","5","518210","58","0","2019","1","",827,13220,13376,13556,616826271,399857807,3786230,3545,"",1.32,1.73,1.76,1.76,1.99,2.51,2.57,1.14,"",88,11.9,1516,13.0,1638,14.0,1842,15.7,187539506,43.7,83125866,26.2,251465,7.1,727,25.8
"53001","5","518210","78","0","2019","1","N",1,0,0,0,0,0,0,0,"N",0.47,0,0,0,0,0,0,0,"N",1,100.0,0,0,0,0,0,0,0,0,0,0,0,0,0,0
"53003","5","518210","78","0","2019","1","N",1,0,0,0,0,0,0,0,"N",0.63,0,0,0,0,0,0,0,"N",0,0.0,0,0,0,0,0,0,0,0,0,0,0,0,0,0
"53005","5","518210","78","0","2019","1","",8,57,57,55,1084930,1046135,25843,1481,"",0.53,0.28,0.29,0.27,0.17,0.30,0.65,0.59,"",1,14.3,-2,-3.4,-5,-8.1,-6,-9.8,61753,6.0,44235,4.4,-4030,-13.5,184,14.2
"53007","5","518210","78","0","2019","1","",7,51,56,56,685985,664941,4815,971,"",0.82,0.55,0.61,0.60,0.30,0.60,0.41,0.51,"",-1,-12.5,0,0.0,5,9.8,8,16.7,24504,3.7,19909,3.1,-293,-5.7,-47,-4.6
"53009","5","518210","78","0","2019","1","N",1,0,0,0,0,0,0,0,"N",0.17,0,0,0,0,0,0,0,"N",0,0.0,0,0,0,0,0,0,0,0,0,0,0,0,0,0
"53011","5","518210","78","0","2019","1","",67,915,904,910,21758959,17781395,211820,1840,"",1.74,2.48,2.45,2.45,1.89,2.81,3.58,0.77,"",8,13.6,500,120.5,492,119.4,496,119.8,13327493,158.1,9890006,125.3,81197,62.2,272,17.3
"53013","5","518210","78","0","2019","1","N",1,0,0,0,0,0,0,0,"N",1.67,0,0,0,0,0,0,0,"N",0,0.0,0,0,0,0,0,0,0,0,0,0,0,0,0,0
"53015","5","518210","78","0","2019","1","N",3,0,0,0,0,0,0,0,"N",0.39,0,0,0,0,0,0,0,"N",2,200.0,0,0,0,0,0,0,0,0,0,0,0,0,0,0
"53017","5","518210","78","0","2019","1","N",2,0,0,0,0,0,0,0,"N",0.63,0,0,0,0,0,0,0,"N",1,100.0,0,0,0,0,0,0,0,0,0,0,0,0,0,0
"53021","5","518210","78","0","2019","1","N",1,0,0,0,0,0,0,0,"N",0.14,0,0,0,0,0,0,0,"N",0,0.0,0,0,0,0,0,0,0,0,0,0,0,0,0,0
"53025","5","518210","78","0","2019","1","",9,218,219,220,11223838,8112946,168771,3942,"",1.09,2.65,2.64,2.61,5.52,8.11,12.75,2.09,"",0,0.0,27,14.1,27,14.1,28,14.6,-658814,-5.5,927709,12.9,1620,1.0,-827,-17.3
"53027","5","518210","78","0","2019","1","N",1,0,0,0,0,0,0,0,"N",0.17,0,0,0,0,0,0,0,"N",0,0.0,0,0,0,0,0,0,0,0,0,0,0,0,0,0
"53029","5","518210","78","0","2019","1","N",3,0,0,0,0,0,0,0,"N",0.58,0,0,0,0,0,0,0,"N",1,50.0,0,0,0,0,0,0,0,0,0,0,0,0,0,0
"53031","5","518210","78","0","2019","1","N",3,0,0,0,0,0,0,0,"N",1.04,0,0,0,0,0,0,0,"N",0,0.0,0,0,0,0,0,0,0,0,0,0,0,0,0,0
"53033","5","518210","78","0","2019","1","",468,10683,10807,10964,549216943,346134455,3109141,3905,"",2.07,3.33,3.38,3.39,3.13,3.77,3.93,0.93,"",53,12.8,1091,11.4,1185,12.3,1389,14.5,171691129,45.5,72541074,26.5,207081,7.1,879,29.0
"53035","5","518210","78","0","2019","1","",16,44,47,45,1127568,974005,11542,1913,"",0.92,0.21,0.23,0.22,0.19,0.47,0.61,0.85,"N",3,23.1,0,0,0,0,0,0,0,0,0,0,0,0,0,0
"53037","5","518210","78","0","2019","1","N",3,0,0,0,0,0,0,0,"N",0.84,0,0,0,0,0,0,0,"N",1,50.0,0,0,0,0,0,0,0,0,0,0,0,0,0,0
"53039","5","518210","78","0","2019","1","-",0,0,0,0,0,0,0,0,"N",0.00,0,0,0,0,0,0,0,"N",0,0,0,0,0,0,0,0,0,0,0,0,0,0,0,0
"53041","5","518210","78","0","2019","1","N",2,0,0,0,0,0,0,0,"N",0.32,0,0,0,0,0,0,0,"N",-2,-50.0,0,0,0,0,0,0,0,0,0,0,0,0,0,0
"53045","5","518210","78","0","2019","1","N",1,0,0,0,0,0,0,0,"N",0.28,0,0,0,0,0,0,0,"N",-1,-50.0,0,0,0,0,0,0,0,0,0,0,0,0,0,0
"53051","5","518210","78","0","2019","1","N",1,0,0,0,0,0,0,0,"N",0.97,0,0,0,0,0,0,0,"N",0,0.0,0,0,0,0,0,0,0,0,0,0,0,0,0,0
"53053","5","518210","78","0","2019","1","",45,144,149,153,4378732,3218091,44530,2266,"",0.77,0.20,0.21,0.21,0.20,0.31,0.41,0.96,"",5,12.5,-18,-11.1,-12,-7.5,-13,-7.8,124508,2.9,-221468,-6.4,-15700,-26.1,258,12.8
"53055","5","518210","78","0","2019","1","",3,5,6,6,207465,207465,2366,2816,"",1.18,0.42,0.50,0.48,0.82,1.32,2.07,1.75,"N",2,200.0,0,0,0,0,0,0,0,0,0,0,0,0,0,0
"53057","5","518210","78","0","2019","1","",7,42,40,44,1263948,1073495,17871,2315,"",0.68,0.36,0.34,0.37,0.36,0.58,0.80,1.01,"",1,16.7,8,23.5,2,5.3,8,22.2,463136,57.8,286792,36.5,14774,477.0,604,35.3
"53059","5","518210","78","0","2019","1","N",2,0,0,0,0,0,0,0,"N",2.92,0,0,0,0,0,0,0,"N",1,100.0,0,0,0,0,0,0,0,0,0,0,0,0,0,0
"53061","5","518210","78","0","2019","1","",58,350,353,353,7243444,6970521,65670,1583,"",1.06,0.53,0.54,0.53,0.28,0.48,0.54,0.53,"",9,18.4,3,0.9,1,0.3,4,1.1,140776,2.0,130312,1.9,10704,19.5,19,1.2
"53063","5","518210","78","0","2019","1","",37,177,173,186,3186540,2815797,24962,1372,"",0.89,0.35,0.34,0.36,0.22,0.39,0.35,0.62,"N",1,2.8,0,0,0,0,0,0,0,0,0,0,0,0,0,0
"53065","5","518210","78","0","2019","1","N",1,0,0,0,0,0,0,0,"N",0.33,0,0,0,0,0,0,0,"N",0,0.0,0,0,0,0,0,0,0,0,0,0,0,0,0,0
"53067","2","518210","78","0","2019","1","N",1,0,0,0,0,0,0,0,"N",58.09,0,0,0,0,0,0,0,"N",0,0.0,0,0,0,0,0,0,0,0,0,0,0,0,0,0
"53067","5","518210","78","0","2019","1","",33,150,174,176,5293241,2583610,28039,2443,"",1.53,0.56,0.65,0.65,0.64,0.80,0.84,1.03,"",1,3.1,24,19.0,39,28.9,24,15.8,2480512,88.2,740569,40.2,10678,61.5,871,55.4
"53071","5","518210","78","0","2019","1","N",3,0,0,0,0,0,0,0,"N",0.55,0,0,0,0,0,0,0,"N",0,0.0,0,0,0,0,0,0,0,0,0,0,0,0,0,0
"53073","5","518210","78","0","2019","1","",20,132,139,139,2186169,2036900,20876,1230,"",1.08,0.64,0.68,0.66,0.37,0.64,0.55,0.56,"",-2,-9.1,15,12.8,23,19.8,22,18.8,325838,17.5,218323,12.0,8448,68.0,3,0.2
"53075","5","518210","78","0","2019","1","N",2,0,0,0,0,0,0,0,"N",0.63,0,0,0,0,0,0,0,"N",1,100.0,0,0,0,0,0,0,0,0,0,0,0,0,0,0
"53077","5","518210","78","0","2019","1","N",3,0,0,0,0,0,0,0,"N",0.15,0,0,0,0,0,0,0,"N",0,0.0,0,0,0,0,0,0,0,0,0,0,0,0,0,0
"53999","5","518210","78","0","2019","1","",14,111,106,104,5247098,3694504,22108,3772,"",2.80,2.82,2.68,2.56,2.16,2.45,1.23,0.81,"",3,27.3,-74,-40.0,-79,-42.7,-84,-44.7,-1016283,-16.2,-1885874,-33.8,-68210,-75.5,1182,45.6
"54000","2","518210","58","0","2019","1","N",1,0,0,0,0,0,0,0,"N",9.93,0,0,0,0,0,0,0,"N",0,0.0,0,0,0,0,0,0,0,0,0,0,0,0,0,0
"54000","5","518210","58","0","2019","1","",96,1075,1074,1063,16727289,11236543,331637,1202,"",0.76,0.69,0.69,0.68,0.40,0.72,0.74,0.59,"",8,9.1,24,2.3,34,3.3,19,1.8,1048458,6.7,471710,4.4,-49043,-12.9,48,4.2
"54003","5","518210","78","0","2019","1","",9,95,92,89,1144896,892536,32556,957,"",1.75,1.18,1.16,1.11,0.59,1.24,1.77,0.51,"",-1,-10.0,26,37.7,25,37.3,17,23.6,440571,62.6,352702,65.3,12190,59.9,176,22.5
"54011","5","518210","78","0","2019","1","",3,16,16,16,152769,135939,2724,734,"",0.44,0.13,0.13,0.13,0.05,0.13,0.10,0.37,"N",0,0.0,0,0,0,0,0,0,0,0,0,0,0,0,0,0
"54025","5","518210","78","0","2019","1","N",1,0,0,0,0,0,0,0,"N",0.35,0,0,0,0,0,0,0,"N",0,0.0,0,0,0,0,0,0,0,0,0,0,0,0,0,0
"54033","5","518210","78","0","2019","1","N",1,0,0,0,0,0,0,0,"N",0.19,0,0,0,0,0,0,0,"N",0,0.0,0,0,0,0,0,0,0,0,0,0,0,0,0,0
"54037","5","518210","78","0","2019","1","N",2,0,0,0,0,0,0,0,"N",0.70,0,0,0,0,0,0,0,"N",0,0.0,0,0,0,0,0,0,0,0,0,0,0,0,0,0
"54039","5","518210","78","0","2019","1","",10,212,218,210,3450576,2306294,68115,1244,"",0.71,0.97,0.99,0.95,0.55,1.07,1.21,0.57,"",2,25.0,-14,-6.2,-7,-3.1,-11,-5.0,78336,2.3,-46036,-2.0,-6914,-9.2,86,7.4
"54049","5","518210","78","0","2019","1","N",1,0,0,0,0,0,0,0,"N",0.30,0,0,0,0,0,0,0,"N",0,0.0,0,0,0,0,0,0,0,0,0,0,0,0,0,0
"54057","5","518210","78","0","2019","1","N",2,0,0,0,0,0,0,0,"N",1.54,0,0,0,0,0,0,0,"N",0,0.0,0,0,0,0,0,0,0,0,0,0,0,0,0,0
"54061","2","518210","78","0","2019","1","N",1,0,0,0,0,0,0,0,"N",185.84,0,0,0,0,0,0,0,"N",0,0.0,0,0,0,0,0,0,0,0,0,0,0,0,0,0
"54061","5","518210","78","0","2019","1","N",6,0,0,0,0,0,0,0,"N",0.89,0,0,0,0,0,0,0,"N",-2,-25.0,0,0,0,0,0,0,0,0,0,0,0,0,0,0
"54071","5","518210","78","0","2019","1","N",1,0,0,0,0,0,0,0,"N",2.14,0,0,0,0,0,0,0,"N",0,0.0,0,0,0,0,0,0,0,0,0,0,0,0,0,0
"54081","5","518210","78","0","2019","1","N",1,0,0,0,0,0,0,0,"N",0.18,0,0,0,0,0,0,0,"N",0,0.0,0,0,0,0,0,0,0,0,0,0,0,0,0,0
"54083","5","518210","78","0","2019","1","N",1,0,0,0,0,0,0,0,"N",0.48,0,0,0,0,0,0,0,"N",0,0.0,0,0,0,0,0,0,0,0,0,0,0,0,0,0
"54085","5","518210","78","0","2019","1","-",0,0,0,0,0,0,0,0,"N",0.00,0,0,0,0,0,0,0,"N",0,0,0,0,0,0,0,0,0,0,0,0,0,0,0,0
"54091","5","518210","78","0","2019","1","N",2,0,0,0,0,0,0,0,"N",2.92,0,0,0,0,0,0,0,"N",0,0.0,0,0,0,0,0,0,0,0,0,0,0,0,0,0
"54107","5","518210","78","0","2019","1","N",3,0,0,0,0,0,0,0,"N",0.53,0,0,0,0,0,0,0,"N",1,50.0,0,0,0,0,0,0,0,0,0,0,0,0,0,0
"54999","5","518210","78","0","2019","1","",53,107,109,116,1882652,1016504,30256,1309,"",3.25,1.68,1.70,1.75,0.75,0.88,0.64,0.44,"",11,26.2,31,40.8,36,49.3,39,50.6,214774,12.9,146700,16.9,1082,3.7,-394,-23.1
"55000","3","518210","58","0","2019","1","N",1,0,0,0,0,0,0,0,"N",0.58,0,0,0,0,0,0,0,"N",0,0.0,0,0,0,0,0,0,0,0,0,0,0,0,0,0
"55000","5","518210","58","0","2019","1","",236,8051,7985,7961,247200430,91271646,1491823,2377,"",0.54,1.24,1.23,1.22,1.29,1.17,1.21,1.05,"",1,0.4,274,3.5,239,3.1,270,3.5,15861688,6.9,3987689,4.6,272989,22.4,77,3.3
"55005","5","518210","78","0","2019","1","N",1,0,0,0,0,0,0,0,"N",0.27,0,0,0,0,0,0,0,"N",0,0.0,0,0,0,0,0,0,0,0,0,0,0,0,0,0
"55009","5","518210","78","0","2019","1","N",8,0,0,0,0,0,0,0,"N",0.46,0,0,0,0,0,0,0,"N",1,14.3,0,0,0,0,0,0,0,0,0,0,0,0,0,0
"55011","5","518210","78","0","2019","1","N",1,0,0,0,0,0,0,0,"N",1.07,0,0,0,0,0,0,0,"N",0,0.0,0,0,0,0,0,0,0,0,0,0,0,0,0,0
"55017","5","518210","78","0","2019","1","N",1,0,0,0,0,0,0,0,"N",0.24,0,0,0,0,0,0,0,"N",1,100.0,0,0,0,0,0,0,0,0,0,0,0,0,0,0
"55025","5","518210","78","0","2019","1","",34,1283,1279,1273,26241494,14810827,279109,1579,"",0.86,1.67,1.66,1.64,0.96,1.59,2.06,0.58,"",-6,-15.0,108,9.2,81,6.8,57,4.7,5643360,27.4,1602619,12.1,16968,6.5,255,19.3
"55027","5","518210","78","0","2019","1","N",1,0,0,0,0,0,0,0,"N",0.21,0,0,0,0,0,0,0,"N",0,0.0,0,0,0,0,0,0,0,0,0,0,0,0,0,0
"55031","5","518210","78","0","2019","1","",4,149,154,158,1015276,805585,7841,508,"",1.43,4.25,4.31,4.39,1.16,2.03,0.87,0.27,"N",0,0.0,0,0,0,0,0,0,0,0,0,0,0,0,0,0
"55035","5","518210","78","0","2019","1","N",1,0,0,0,0,0,0,0,"N",0.14,0,0,0,0,0,0,0,"N",-1,-50.0,0,0,0,0,0,0,0,0,0,0,0,0,0,0
"55039","5","518210","78","0","2019","1","N",1,0,0,0,0,0,0,0,"N",0.17,0,0,0,0,0,0,0,"N",0,0.0,0,0,0,0,0,0,0,0,0,0,0,0,0,0
"55045","5","518210","78","0","2019","1","N",1,0,0,0,0,0,0,0,"N",0.39,0,0,0,0,0,0,0,"N",0,0.0,0,0,0,0,0,0,0,0,0,0,0,0,0,0
"55055","5","518210","78","0","2019","1","N",3,0,0,0,0,0,0,0,"N",0.58,0,0,0,0,0,0,0,"N",2,200.0,0,0,0,0,0,0,0,0,0,0,0,0,0,0
"55057","5","518210","78","0","2019","1","-",0,0,0,0,0,0,0,0,"N",0.00,0,0,0,0,0,0,0,"N",0,0,0,0,0,0,0,0,0,0,0,0,0,0,0,0
"55059","5","518210","78","0","2019","1","",5,94,98,97,4780913,1303493,34701,3818,"",0.56,0.63,0.65,0.64,1.24,0.80,1.13,1.93,"N",2,66.7,0,0,0,0,0,0,0,0,0,0,0,0,0,0
"55063","5","518210","78","0","2019","1","",6,203,215,209,2453864,1936627,45102,903,"",0.77,1.29,1.36,1.32,0.60,1.27,1.81,0.45,"",0,0.0,71,53.8,117,119.4,125,148.8,1012279,70.2,814359,72.6,18161,67.4,-156,-14.7
"55073","3","518210","78","0","2019","1","N",1,0,0,0,0,0,0,0,"N",28.83,0,0,0,0,0,0,0,"N",0,0.0,0,0,0,0,0,0,0,0,0,0,0,0,0,0
"55073","5","518210","78","0","2019","1","",3,19,19,19,259974,207733,1792,1053,"",0.34,0.12,0.12,0.12,0.06,0.10,0.06,0.51,"N",2,200.0,0,0,0,0,0,0,0,0,0,0,0,0,0,0
"55079","5","518210","78","0","2019","1","",25,2990,2982,3006,73459475,38312617,598583,1888,"",0.38,2.72,2.70,2.71,2.04,3.11,3.11,0.75,"",0,0.0,848,39.6,827,38.4,847,39.2,15986860,27.8,9534062,33.1,286980,92.1,-166,-8.1
"55083","5","518210","78","0","2019","1","-",0,0,0,0,0,0,0,0,"N",0.00,0,0,0,0,0,0,0,"N",0,0,0,0,0,0,0,0,0,0,0,0,0,0,0,0
"55087","5","518210","78","0","2019","1","N",1,0,0,0,0,0,0,0,"N",0.07,0,0,0,0,0,0,0,"N",-2,-66.7,0,0,0,0,0,0,0,0,0,0,0,0,0,0
"55089","5","518210","78","0","2019","1","N",4,0,0,0,0,0,0,0,"N",0.55,0,0,0,0,0,0,0,"N",0,0.0,0,0,0,0,0,0,0,0,0,0,0,0,0,0
"55099","5","518210","78","0","2019","1","N",1,0,0,0,0,0,0,0,"N",0.87,0,0,0,0,0,0,0,"N",0,0.0,0,0,0,0,0,0,0,0,0,0,0,0,0,0
"55101","5","518210","78","0","2019","1","N",2,0,0,0,0,0,0,0,"N",0.18,0,0,0,0,0,0,0,"N",0,0.0,0,0,0,0,0,0,0,0,0,0,0,0,0,0
"55105","5","518210","78","0","2019","1","",5,662,644,639,6930069,5913409,166787,822,"",0.57,4.34,4.25,4.16,1.56,3.34,5.42,0.37,"N",0,0.0,0,0,0,0,0,0,0,0,0,0,0,0,0,0
"55109","5","518210","78","0","2019","1","N",2,0,0,0,0,0,0,0,"N",0.33,0,0,0,0,0,0,0,"N",0,0.0,0,0,0,0,0,0,0,0,0,0,0,0,0,0
"55115","5","518210","78","0","2019","1","N",1,0,0,0,0,0,0,0,"N",0.39,0,0,0,0,0,0,0,"N",0,0.0,0,0,0,0,0,0,0,0,0,0,0,0,0,0
"55117","5","518210","78","0","2019","1","-",0,0,0,0,0,0,0,0,"N",0.00,0,0,0,0,0,0,0,"N",0,0,0,0,0,0,0,0,0,0,0,0,0,0,0,0
"55123","5","518210","78","0","2019","1","N",1,0,0,0,0,0,0,0,"N",0.57,0,0,0,0,0,0,0,"N",0,0.0,0,0,0,0,0,0,0,0,0,0,0,0,0,0
"55127","5","518210","78","0","2019","1","",4,28,29,28,552835,372817,8600,1501,"",0.55,0.30,0.31,0.30,0.26,0.37,0.55,0.86,"N",1,33.3,0,0,0,0,0,0,0,0,0,0,0,0,0,0
"55131","5","518210","78","0","2019","1","-",0,0,0,0,0,0,0,0,"N",0.00,0,0,0,0,0,0,0,"N",-1,-100.0,0,0,0,0,0,0,0,0,0,0,0,0,0,0
"55133","5","518210","78","0","2019","1","",25,1314,1288,1282,111062798,18522384,183198,6599,"",0.75,2.38,2.34,2.32,5.80,2.28,1.35,2.47,"",-4,-13.8,-647,-33.0,-667,-34.1,-680,-34.7,-10282965,-8.5,-8272417,-30.9,-87937,-32.4,1835,38.5
"55135","5","518210","78","0","2019","1","N",2,0,0,0,0,0,0,0,"N",0.61,0,0,0,0,0,0,0,"N",0,0.0,0,0,0,0,0,0,0,0,0,0,0,0,0,0
"55139","5","518210","78","0","2019","1","",5,18,18,18,508635,212864,1540,2174,"",0.52,0.09,0.09,0.09,0.08,0.07,0.03,0.90,"",1,25.0,4,28.6,4,28.6,4,28.6,90958,21.8,33961,19.0,-133,-7.9,-121,-5.3
"55141","5","518210","78","0","2019","1","N",2,0,0,0,0,0,0,0,"N",0.40,0,0,0,0,0,0,0,"N",1,100.0,0,0,0,0,0,0,0,0,0,0,0,0,0,0
"55999","5","518210","78","0","2019","1","",86,280,287,280,8637960,3293237,54651,2353,"",2.15,2.10,2.11,2.04,1.43,1.32,1.12,0.69,"",4,4.9,28,11.1,33,13.0,31,12.4,1975560,29.7,254582,8.4,-12339,-18.4,317,15.6
"56000","5","518210","58","0","2019","1","",41,203,201,201,3165413,2707203,19901,1207,"",0.62,0.33,0.33,0.33,0.18,0.31,0.15,0.56,"",4,10.8,2,1.0,0,0.0,1,0.5,-98170,-3.0,20729,0.8,-2946,-12.9,-44,-3.5
"56001","5","518210","78","0","2019","1","",3,5,5,5,151161,82200,1003,2326,"",0.90,0.14,0.14,0.14,0.19,0.28,0.43,1.31,"",0,0.0,2,66.7,0,0.0,0,0.0,99000,189.8,30039,57.6,797,386.9,1400,151.2
"56003","5","518210","78","0","2019","1","N",1,0,0,0,0,0,0,0,"N",0.87,0,0,0,0,0,0,0,"N",0,0.0,0,0,0,0,0,0,0,0,0,0,0,0,0,0
"56005","5","518210","78","0","2019","1","N",2,0,0,0,0,0,0,0,"N",0.44,0,0,0,0,0,0,0,"N",0,0.0,0,0,0,0,0,0,0,0,0,0,0,0,0,0
"56009","5","518210","78","0","2019","1","N",1,0,0,0,0,0,0,0,"N",0.67,0,0,0,0,0,0,0,"N",0,0.0,0,0,0,0,0,0,0,0,0,0,0,0,0,0
"56013","5","518210","78","0","2019","1","N",1,0,0,0,0,0,0,0,"N",0.23,0,0,0,0,0,0,0,"N",0,0.0,0,0,0,0,0,0,0,0,0,0,0,0,0,0
"56015","5","518210","78","0","2019","1","-",0,0,0,0,0,0,0,0,"N",0.00,0,0,0,0,0,0,0,"N",-1,-100.0,0,0,0,0,0,0,0,0,0,0,0,0,0,0
"56019","5","518210","78","0","2019","1","N",1,0,0,0,0,0,0,0,"N",0.82,0,0,0,0,0,0,0,"N",0,0.0,0,0,0,0,0,0,0,0,0,0,0,0,0,0
"56021","5","518210","78","0","2019","1","",13,167,165,166,2366775,2165291,13971,1097,"",1.40,1.59,1.56,1.57,0.82,1.70,0.92,0.52,"",1,8.3,-4,-2.3,-3,-1.8,-2,-1.2,-143059,-5.7,-76666,-3.4,-4545,-24.5,-45,-3.9
"56023","5","518210","78","0","2019","1","N",1,0,0,0,0,0,0,0,"N",0.44,0,0,0,0,0,0,0,"N",0,0.0,0,0,0,0,0,0,0,0,0,0,0,0,0,0
"56025","5","518210","78","0","2019","1","N",2,0,0,0,0,0,0,0,"N",0.23,0,0,0,0,0,0,0,"N",1,100.0,0,0,0,0,0,0,0,0,0,0,0,0,0,0
"56029","5","518210","78","0","2019","1","N",4,0,0,0,0,0,0,0,"N",1.04,0,0,0,0,0,0,0,"N",1,33.3,0,0,0,0,0,0,0,0,0,0,0,0,0,0
"56033","5","518210","78","0","2019","1","",5,17,18,18,293988,198735,2002,1280,"",1.42,0.58,0.60,0.60,0.41,0.60,0.45,0.69,"",1,25.0,2,13.3,3,20.0,3,20.0,-16539,-5.3,1552,0.8,-61,-3.0,-312,-19.6
"56035","5","518210","78","0","2019","1","-",0,0,0,0,0,0,0,0,"N",0.00,0,0,0,0,0,0,0,"N",0,0,0,0,0,0,0,0,0,0,0,0,0,0,0,0
"56037","5","518210","78","0","2019","1","N",2,0,0,0,0,0,0,0,"N",0.50,0,0,0,0,0,0,0,"N",1,100.0,0,0,0,0,0,0,0,0,0,0,0,0,0,0
"56039","5","518210","78","0","2019","1","N",5,0,0,0,0,0,0,0,"N",0.83,0,0,0,0,0,0,0,"N",0,0.0,0,0,0,0,0,0,0,0,0,0,0,0,0,0
"56043","5","518210","78","0","2019","1","-",0,0,0,0,0,0,0,0,"N",0.00,0,0,0,0,0,0,0,"N",0,0,0,0,0,0,0,0,0,0,0,0,0,0,0,0
"72000","5","518210","58","0","2019","1","",41,2526,2495,2527,32997951,15052206,320697,1009,"",0.36,1.28,1.25,1.26,1.01,1.25,0.93,0.80,"",1,2.5,329,15.0,306,14.0,269,11.9,7689742,30.4,1640293,12.2,-33737,-9.5,130,14.8
"72003","5","518210","78","0","2019","1","N",1,0,0,0,0,0,0,0,"N",0.80,0,0,0,0,0,0,0,"N",1,100.0,0,0,0,0,0,0,0,0,0,0,0,0,0,0
"72021","5","518210","78","0","2019","1","",3,26,26,27,167945,125262,4485,491,"",0.42,0.22,0.22,0.23,0.10,0.17,0.22,0.44,"",0,0.0,6,30.0,6,30.0,5,22.7,33825,25.2,28714,29.7,1299,40.8,-8,-1.6
"72025","5","518210","78","0","2019","1","N",1,0,0,0,0,0,0,0,"N",0.18,0,0,0,0,0,0,0,"N",0,0.0,0,0,0,0,0,0,0,0,0,0,0,0,0,0
"72031","5","518210","78","0","2019","1","N",1,0,0,0,0,0,0,0,"N",0.21,0,0,0,0,0,0,0,"N",0,0.0,0,0,0,0,0,0,0,0,0,0,0,0,0,0
"72051","5","518210","78","0","2019","1","N",2,0,0,0,0,0,0,0,"N",1.47,0,0,0,0,0,0,0,"N",0,0.0,0,0,0,0,0,0,0,0,0,0,0,0,0,0
"72061","5","518210","78","0","2019","1","N",5,0,0,0,0,0,0,0,"N",0.80,0,0,0,0,0,0,0,"N",1,25.0,0,0,0,0,0,0,0,0,0,0,0,0,0,0
"72077","5","518210","78","0","2019","1","N",1,0,0,0,0,0,0,0,"N",1.60,0,0,0,0,0,0,0,"N",0,0.0,0,0,0,0,0,0,0,0,0,0,0,0,0,0
"72097","5","518210","78","0","2019","1","N",1,0,0,0,0,0,0,0,"N",0.27,0,0,0,0,0,0,0,"N",1,100.0,0,0,0,0,0,0,0,0,0,0,0,0,0,0
"72113","5","518210","78","0","2019","1","N",1,0,0,0,0,0,0,0,"N",0.18,0,0,0,0,0,0,0,"N",0,0.0,0,0,0,0,0,0,0,0,0,0,0,0,0,0
"72119","5","518210","78","0","2019","1","N",1,0,0,0,0,0,0,0,"N",1.25,0,0,0,0,0,0,0,"N",0,0.0,0,0,0,0,0,0,0,0,0,0,0,0,0,0
"72127","5","518210","78","0","2019","1","",19,1946,1942,1968,29867231,12201876,209825,1177,"",0.69,3.56,3.54,3.54,2.72,3.57,2.22,0.77,"",0,0.0,282,16.9,278,16.7,269,15.8,7336395,32.6,1326853,12.2,-45835,-17.9,143,13.8
"72131","5","518210","78","0","2019","1","N",1,0,0,0,0,0,0,0,"N",0.70,0,0,0,0,0,0,0,"N",0,0.0,0,0,0,0,0,0,0,0,0,0,0,0,0,0
"72999","5","518210","78","0","2019","1","",4,18,19,19,171105,113245,3401,705,"",6.90,3.62,3.82,3.79,1.19,3.42,3.64,0.32,"",-1,-20.0,-5,-21.7,-4,-17.4,-10,-34.5,3354,2.0,-6263,-5.2,-546,-13.8,189,36.6
"78000","5","518210","58","0","2019","1","N",7,0,0,0,0,0,0,0,"N",0.81,0,0,0,0,0,0,0,"N",4,133.3,0,0,0,0,0,0,0,0,0,0,0,0,0,0
"78010","5","518210","78","0","2019","1","N",3,0,0,0,0,0,0,0,"N",0.90,0,0,0,0,0,0,0,"N",2,200.0,0,0,0,0,0,0,0,0,0,0,0,0,0,0
"78030","5","518210","78","0","2019","1","N",4,0,0,0,0,0,0,0,"N",0.87,0,0,0,0,0,0,0,"N",2,100.0,0,0,0,0,0,0,0,0,0,0,0,0,0,0
"C1018","5","518210","48","0","2019","1","N",5,0,0,0,0,0,0,0,"N",0.47,0,0,0,0,0,0,0,"N",1,25.0,0,0,0,0,0,0,0,0,0,0,0,0,0,0
"C1038","5","518210","48","0","2019","1","N",2,0,0,0,0,0,0,0,"N",0.21,0,0,0,0,0,0,0,"N",1,100.0,0,0,0,0,0,0,0,0,0,0,0,0,0,0
"C1042","5","518210","48","0","2019","1","",46,496,510,514,12247556,4639894,115557,1859,"",1.04,0.69,0.70,0.70,0.58,0.65,0.68,0.83,"N",7,17.9,0,0,0,0,0,0,0,0,0,0,0,0,0,0
"C1050","5","518210","48","0","2019","1","N",2,0,0,0,0,0,0,0,"N",0.24,0,0,0,0,0,0,0,"N",-2,-50.0,0,0,0,0,0,0,0,0,0,0,0,0,0,0
"C1054","5","518210","48","0","2019","1","N",1,0,0,0,0,0,0,0,"N",0.11,0,0,0,0,0,0,0,"N",0,0.0,0,0,0,0,0,0,0,0,0,0,0,0,0,0
"C1058","5","518210","48","0","2019","1","",43,1212,1213,1226,26866085,11817684,254766,1698,"",0.73,1.20,1.20,1.21,0.81,1.29,1.22,0.67,"N",-2,-4.4,0,0,0,0,0,0,0,0,0,0,0,0,0,0
"C1074","5","518210","48","0","2019","1","N",40,0,0,0,0,0,0,0,"N",0.68,0,0,0,0,0,0,0,"N",5,14.3,0,0,0,0,0,0,0,0,0,0,0,0,0,0
"C1078","5","518210","48","0","2019","1","N",4,0,0,0,0,0,0,0,"N",0.41,0,0,0,0,0,0,0,"N",0,0.0,0,0,0,0,0,0,0,0,0,0,0,0,0,0
"C1090","5","518210","48","0","2019","1","N",47,0,0,0,0,0,0,0,"N",0.97,0,0,0,0,0,0,0,"N",1,2.2,0,0,0,0,0,0,0,0,0,0,0,0,0,0
"C1102","5","518210","48","0","2019","1","N",1,0,0,0,0,0,0,0,"N",0.12,0,0,0,0,0,0,0,"N",0,0.0,0,0,0,0,0,0,0,0,0,0,0,0,0,0
"C1110","5","518210","48","0","2019","1","N",8,0,0,0,0,0,0,0,"N",0.47,0,0,0,0,0,0,0,"N",0,0.0,0,0,0,0,0,0,0,0,0,0,0,0,0,0
"C1118","5","518210","48","0","2019","1","N",11,0,0,0,0,0,0,0,"N",1.66,0,0,0,0,0,0,0,"N",2,22.2,0,0,0,0,0,0,0,0,0,0,0,0,0,0
"C1126","5","518210","48","0","2019","1","N",20,0,0,0,0,0,0,0,"N",0.78,0,0,0,0,0,0,0,"N",-1,-4.8,0,0,0,0,0,0,0,0,0,0,0,0,0,0
"C1146","5","518210","48","0","2019","1","",49,1124,1127,1119,31364403,10175808,275735,2148,"",2.38,2.33,2.28,2.25,1.83,3.05,2.79,0.80,"",-1,-2.0,116,11.5,102,10.0,112,11.1,2573174,8.9,1179749,13.1,20611,8.1,-38,-1.7
"C1150","5","518210","48","0","2019","1","N",3,0,0,0,0,0,0,0,"N",0.48,0,0,0,0,0,0,0,"N",1,50.0,0,0,0,0,0,0,0,0,0,0,0,0,0,0
"C1154","5","518210","48","0","2019","1","N",1,0,0,0,0,0,0,0,"N",0.06,0,0,0,0,0,0,0,"N",-2,-66.7,0,0,0,0,0,0,0,0,0,0,0,0,0,0
"C1170","5","518210","48","0","2019","1","N",28,0,0,0,0,0,0,0,"N",0.76,0,0,0,0,0,0,0,"N",8,40.0,0,0,0,0,0,0,0,0,0,0,0,0,0,0
"C1202","5","518210","48","0","2019","1","N",3,0,0,0,0,0,0,0,"N",0.25,0,0,0,0,0,0,0,"N",0,0.0,0,0,0,0,0,0,0,0,0,0,0,0,0,0
"C1206","5","518210","48","0","2019","1","",467,10733,10898,11001,422347422,102890449,1538227,2987,"",1.21,1.77,1.79,1.80,1.82,1.50,1.70,1.02,"",25,5.7,287,2.7,451,4.3,572,5.5,67534257,19.0,3716259,3.7,25792,1.7,373,14.3
"C1210","5","518210","48","0","2019","1","",5,29,30,30,536604,514004,12119,1391,"",0.31,0.10,0.11,0.10,0.07,0.13,0.17,0.67,"N",0,0.0,0,0,0,0,0,0,0,0,0,0,0,0,0,0
"C1222","5","518210","48","0","2019","1","N",9,0,0,0,0,0,0,0,"N",1.11,0,0,0,0,0,0,0,"N",4,80.0,0,0,0,0,0,0,0,0,0,0,0,0,0,0
"C1226","5","518210","48","0","2019","1","N",13,0,0,0,0,0,0,0,"N",0.46,0,0,0,0,0,0,0,"N",-2,-13.3,0,0,0,0,0,0,0,0,0,0,0,0,0,0
"C1242","5","518210","48","0","2019","1","N",226,0,0,0,0,0,0,0,"N",1.47,0,0,0,0,0,0,0,"N",40,21.5,0,0,0,0,0,0,0,0,0,0,0,0,0,0
"C1254","5","518210","48","0","2019","1","",6,6,6,6,79755,44217,1947,1023,"",0.12,0.01,0.01,0.01,0.00,0.01,0.01,0.48,"N",1,20.0,0,0,0,0,0,0,0,0,0,0,0,0,0,0
"C1258","5","518210","48","0","2019","1","",109,1067,1062,1080,32856775,8596649,192494,2363,"",0.60,0.35,0.35,0.35,0.30,0.31,0.34,0.86,"",-3,-2.7,-41,-3.7,-61,-5.4,-67,-5.8,895675,2.8,-504549,-5.5,-15752,-7.6,180,8.2
"C1262","5","518210","48","0","2019","1","N",2,0,0,0,0,0,0,0,"N",0.17,0,0,0,0,0,0,0,"N",2,100.0,0,0,0,0,0,0,0,0,0,0,0,0,0,0
"C1270","5","518210","48","0","2019","1","N",4,0,0,0,0,0,0,0,"N",0.17,0,0,0,0,0,0,0,"N",-1,-20.0,0,0,0,0,0,0,0,0,0,0,0,0,0,0
"C1294","5","518210","48","0","2019","1","",67,729,733,759,16862630,5542663,97660,1752,"",1.13,0.83,0.82,0.85,0.61,0.69,0.74,0.73,"",-1,-1.5,-37,-4.8,-25,-3.3,4,0.5,1635409,10.7,2984333,116.7,59137,153.5,210,13.6
"C1298","5","518210","48","0","2019","1","N",2,0,0,0,0,0,0,0,"N",0.36,0,0,0,0,0,0,0,"N",0,0.0,0,0,0,0,0,0,0,0,0,0,0,0,0,0
"C1302","5","518210","48","0","2019","1","N",2,0,0,0,0,0,0,0,"N",0.39,0,0,0,0,0,0,0,"N",-1,-33.3,0,0,0,0,0,0,0,0,0,0,0,0,0,0
"C1314","5","518210","48","0","2019","1","N",5,0,0,0,0,0,0,0,"N",0.24,0,0,0,0,0,0,0,"N",0,0.0,0,0,0,0,0,0,0,0,0,0,0,0,0,0
"C1322","5","518210","48","0","2019","1","N",1,0,0,0,0,0,0,0,"N",0.13,0,0,0,0,0,0,0,"N",0,0.0,0,0,0,0,0,0,0,0,0,0,0,0,0,0
"C1338","5","518210","48","0","2019","1","",20,132,139,139,2186169,2036900,20876,1230,"",1.08,0.64,0.68,0.66,0.37,0.64,0.55,0.56,"",-2,-9.1,15,12.8,23,19.8,22,18.8,325838,17.5,218323,12.0,8448,68.0,3,0.2
"C1346","5","518210","48","0","2019","1","",19,30,30,31,570213,538895,12530,1446,"",0.86,0.16,0.16,0.16,0.11,0.19,0.22,0.71,"",1,5.6,-8,-21.1,-6,-16.7,-3,-8.8,-132348,-18.8,-129950,-19.4,-3434,-21.5,-55,-3.7
"C1374","5","518210","48","0","2019","1","N",8,0,0,0,0,0,0,0,"N",0.46,0,0,0,0,0,0,0,"N",-2,-20.0,0,0,0,0,0,0,0,0,0,0,0,0,0,0
"C1378","5","518210","48","0","2019","1","",7,394,401,376,2962156,2377443,84584,584,"",0.53,1.77,1.78,1.66,0.48,1.24,2.05,0.28,"N",2,40.0,0,0,0,0,0,0,0,0,0,0,0,0,0,0
"C1382","5","518210","48","0","2019","1","",61,430,434,448,7756647,3320793,52948,1364,"",0.83,0.38,0.38,0.39,0.21,0.30,0.39,0.54,"N",0,0.0,0,0,0,0,0,0,0,0,0,0,0,0,0,0
"C1390","5","518210","48","0","2019","1","N",7,0,0,0,0,0,0,0,"N",0.56,0,0,0,0,0,0,0,"N",2,40.0,0,0,0,0,0,0,0,0,0,0,0,0,0,0
"C1398","5","518210","48","0","2019","1","N",5,0,0,0,0,0,0,0,"N",0.45,0,0,0,0,0,0,0,"N",-2,-28.6,0,0,0,0,0,0,0,0,0,0,0,0,0,0
"C1401","5","518210","48","0","2019","1","N",3,0,0,0,0,0,0,0,"N",0.32,0,0,0,0,0,0,0,"N",-3,-50.0,0,0,0,0,0,0,0,0,0,0,0,0,0,0
"C1402","5","518210","48","0","2019","1","N",4,0,0,0,0,0,0,0,"N",0.48,0,0,0,0,0,0,0,"N",1,33.3,0,0,0,0,0,0,0,0,0,0,0,0,0,0
"C1426","5","518210","48","0","2019","1","N",62,0,0,0,0,0,0,0,"N",1.13,0,0,0,0,0,0,0,"N",3,5.1,0,0,0,0,0,0,0,0,0,0,0,0,0,0
"C1446","5","518210","48","0","2019","1","N",457,0,0,0,0,0,0,0,"N",1.08,0,0,0,0,0,0,0,"N",70,18.1,0,0,0,0,0,0,0,0,0,0,0,0,0,0
"C1450","5","518210","48","0","2019","1","",160,1015,1035,1032,25607289,12914092,282018,1917,"",4.08,2.42,2.45,2.43,1.44,2.29,2.98,0.59,"",14,9.6,148,17.1,148,16.7,133,14.8,4626553,22.1,2389560,22.7,62274,28.3,92,5.0
"C1454","5","518210","48","0","2019","1","N",6,0,0,0,0,0,0,0,"N",0.53,0,0,0,0,0,0,0,"N",1,20.0,0,0,0,0,0,0,0,0,0,0,0,0,0,0
"C1474","5","518210","48","0","2019","1","",16,44,47,45,1127568,974005,11542,1913,"",0.92,0.21,0.23,0.22,0.19,0.47,0.61,0.85,"N",3,23.1,0,0,0,0,0,0,0,0,0,0,0,0,0,0
"C1486","5","518210","48","0","2019","1","",116,311,326,329,12609766,4648633,206197,3012,"",1.28,0.33,0.35,0.35,0.22,0.33,0.41,0.64,"",42,56.8,-32,-9.3,-10,-3.0,2,0.6,2089814,19.9,145163,3.2,22251,12.1,599,24.8
"C1518","5","518210","48","0","2019","1","N",1,0,0,0,0,0,0,0,"N",0.06,0,0,0,0,0,0,0,"N",-1,-50.0,0,0,0,0,0,0,0,0,0,0,0,0,0,0
"C1526","5","518210","48","0","2019","1","N",2,0,0,0,0,0,0,0,"N",0.26,0,0,0,0,0,0,0,"N",0,0.0,0,0,0,0,0,0,0,0,0,0,0,0,0,0
"C1538","5","518210","48","0","2019","1","N",39,0,0,0,0,0,0,0,"N",0.54,0,0,0,0,0,0,0,"N",5,14.7,0,0,0,0,0,0,0,0,0,0,0,0,0,0
"C1550","5","518210","48","0","2019","1","N",4,0,0,0,0,0,0,0,"N",0.45,0,0,0,0,0,0,0,"N",0,0.0,0,0,0,0,0,0,0,0,0,0,0,0,0,0
"C1554","5","518210","48","0","2019","1","",26,239,245,245,3969228,3036199,60663,1256,"",1.22,0.87,0.89,0.89,0.45,0.91,0.66,0.51,"",10,62.5,95,66.0,91,59.1,89,57.1,1416714,55.5,963361,46.5,-17174,-22.1,-41,-3.2
"C1568","5","518210","48","0","2019","1","N",1,0,0,0,0,0,0,0,"N",0.18,0,0,0,0,0,0,0,"N",1,100.0,0,0,0,0,0,0,0,0,0,0,0,0,0,0
"C1594","5","518210","48","0","2019","1","N",10,0,0,0,0,0,0,0,"N",0.44,0,0,0,0,0,0,0,"N",1,11.1,0,0,0,0,0,0,0,0,0,0,0,0,0,0
"C1598","5","518210","48","0","2019","1","",36,188,187,186,5354410,1298725,14637,2203,"",0.62,0.31,0.30,0.30,0.33,0.25,0.47,1.10,"",-2,-5.3,24,14.6,0,0.0,2,1.1,639282,13.6,-51036,-3.8,-2178,-13.0,169,8.3
"C1602","5","518210","48","0","2019","1","N",1,0,0,0,0,0,0,0,"N",0.12,0,0,0,0,0,0,0,"N",-1,-50.0,0,0,0,0,0,0,0,0,0,0,0,0,0,0
"C1606","5","518210","48","0","2019","1","N",3,0,0,0,0,0,0,0,"N",0.47,0,0,0,0,0,0,0,"N",0,0.0,0,0,0,0,0,0,0,0,0,0,0,0,0,0
"C1618","5","518210","48","0","2019","1","",5,20,20,20,253298,250968,4627,974,"",0.97,0.29,0.29,0.29,0.13,0.33,0.29,0.44,"",-2,-28.6,-3,-13.0,-3,-13.0,-5,-20.0,-56756,-18.3,-47931,-16.0,-1353,-22.6,-34,-3.4
"C1622","5","518210","48","0","2019","1","N",2,0,0,0,0,0,0,0,"N",0.23,0,0,0,0,0,0,0,"N",1,100.0,0,0,0,0,0,0,0,0,0,0,0,0,0,0
"C1630","5","518210","48","0","2019","1","N",29,0,0,0,0,0,0,0,"N",1.40,0,0,0,0,0,0,0,"N",5,20.8,0,0,0,0,0,0,0,0,0,0,0,0,0,0
"C1654","5","518210","48","0","2019","1","N",5,0,0,0,0,0,0,0,"N",0.61,0,0,0,0,0,0,0,"N",0,0.0,0,0,0,0,0,0,0,0,0,0,0,0,0,0
"C1658","5","518210","48","0","2019","1","N",15,0,0,0,0,0,0,0,"N",1.25,0,0,0,0,0,0,0,"N",0,0.0,0,0,0,0,0,0,0,0,0,0,0,0,0,0
"C1662","5","518210","48","0","2019","1","",10,212,218,210,3450576,2306294,68115,1244,"",0.65,0.91,0.93,0.89,0.53,1.01,1.14,0.58,"",2,25.0,-14,-6.2,-7,-3.1,-11,-5.0,78336,2.3,-46036,-2.0,-6914,-9.2,86,7.4
"C1670","5","518210","48","0","2019","1","",81,653,657,697,11446261,6674482,72319,1316,"",1.44,0.83,0.83,0.88,0.49,0.69,0.60,0.58,"",21,35.0,128,24.4,127,24.0,163,30.5,3480444,43.7,1353244,25.4,13799,23.6,159,13.7
"C1674","5","518210","48","0","2019","1","",201,3660,3712,3693,95630424,61927669,382980,1994,"",1.12,1.34,1.35,1.34,0.94,1.33,1.15,0.70,"",5,2.6,-4665,-56.0,-4671,-55.7,-4779,-56.4,-235116833,-71.1,-79244832,-56.1,454,0.1,-1037,-34.2
"C1682","5","518210","48","0","2019","1","",11,105,105,101,3365597,872871,3665,2497,"",0.52,0.41,0.41,0.39,0.42,0.48,0.23,1.04,"",0,0.0,1,1.0,1,1.0,5,5.2,340335,11.2,27145,3.2,-11359,-75.6,200,8.7
"C1686","5","518210","48","0","2019","1","",32,306,309,307,5247405,2113583,37090,1313,"",1.01,0.54,0.54,0.54,0.33,0.43,0.65,0.61,"",0,0.0,-49,-13.8,-43,-12.2,-85,-21.7,-2711183,-34.1,-155920,-6.9,7098,23.7,-358,-21.4
"C1694","5","518210","48","0","2019","1","",13,167,165,166,2366775,2165291,13971,1097,"",1.40,1.59,1.56,1.57,0.82,1.70,0.92,0.52,"",1,8.3,-4,-2.3,-3,-1.8,-2,-1.2,-143059,-5.7,-76666,-3.4,-4545,-24.5,-45,-3.9
"C1698","5","518210","48","0","2019","1","",436,8949,9083,9087,344428099,109986240,2663670,2931,"",0.69,0.88,0.89,0.88,0.84,0.84,0.86,0.95,"",28,6.9,505,6.0,495,5.8,483,5.6,26330507,8.3,4600866,4.4,-199605,-7.0,68,2.4
"C1702","5","518210","48","0","2019","1","",5,96,104,91,1676636,700350,26150,1330,"",0.24,0.53,0.56,0.49,0.36,0.55,0.45,0.68,"N",-1,-16.7,0,0,0,0,0,0,0,0,0,0,0,0,0,0
"C1714","5","518210","48","0","2019","1","",132,1033,1070,1073,21906434,9697751,305689,1592,"",0.95,0.43,0.45,0.45,0.27,0.38,0.55,0.61,"",28,26.9,215,26.3,223,26.3,197,22.5,4631141,26.8,2267438,30.5,117208,62.2,23,1.5
"C1730","5","518210","48","0","2019","1","",16,23,22,21,451224,150429,3575,1578,"",1.23,0.11,0.11,0.10,0.10,0.09,0.13,0.89,"",2,14.3,8,53.3,7,46.7,6,40.0,78087,20.9,26166,21.1,589,19.7,-336,-17.6
"C1742","5","518210","48","0","2019","1","-",0,0,0,0,0,0,0,0,"N",0.00,0,0,0,0,0,0,0,"N",-1,-100.0,0,0,0,0,0,0,0,0,0,0,0,0,0,0
"C1746","5","518210","48","0","2019","1","N",139,0,0,0,0,0,0,0,"N",0.99,0,0,0,0,0,0,0,"N",25,21.9,0,0,0,0,0,0,0,0,0,0,0,0,0,0
"C1766","5","518210","48","0","2019","1","N",9,0,0,0,0,0,0,0,"N",0.70,0,0,0,0,0,0,0,"N",-2,-18.2,0,0,0,0,0,0,0,0,0,0,0,0,0,0
"C1778","5","518210","48","0","2019","1","N",7,0,0,0,0,0,0,0,"N",0.51,0,0,0,0,0,0,0,"N",1,16.7,0,0,0,0,0,0,0,0,0,0,0,0,0,0
"C1782","5","518210","48","0","2019","1","N",96,0,0,0,0,0,0,0,"N",1.81,0,0,0,0,0,0,0,"N",10,11.6,0,0,0,0,0,0,0,0,0,0,0,0,0,0
"C1786","5","518210","48","0","2019","1","",5,14,19,18,107485,101023,2129,486,"",0.41,0.07,0.09,0.08,0.02,0.06,0.12,0.25,"",1,25.0,7,100.0,12,171.4,9,100.0,61210,132.3,64494,176.6,1242,140.0,22,4.7
"C1790","5","518210","48","0","2019","1","",71,1202,1184,1187,19136051,13260752,462010,1236,"",1.43,1.42,1.39,1.39,0.82,1.42,3.49,0.59,"",15,26.8,-31,-2.5,-58,-4.7,-33,-2.7,-814109,-4.1,-448121,-3.3,-33358,-6.7,-10,-0.8
"C1798","5","518210","48","0","2019","1","N",7,0,0,0,0,0,0,0,"N",0.47,0,0,0,0,0,0,0,"N",-1,-12.5,0,0,0,0,0,0,0,0,0,0,0,0,0,0
"C1814","5","518210","48","0","2019","1","",157,2907,2890,2870,72189990,26175040,586617,1922,"",1.26,1.24,1.23,1.22,0.92,1.11,1.19,0.74,"",34,27.6,130,4.7,110,4.0,82,2.9,6192997,9.4,1546652,6.3,22031,3.9,97,5.3
"C1858","5","518210","48","0","2019","1","N",4,0,0,0,0,0,0,0,"N",0.16,0,0,0,0,0,0,0,"N",-1,-20.0,0,0,0,0,0,0,0,0,0,0,0,0,0,0
"C1870","5","518210","48","0","2019","1","N",9,0,0,0,0,0,0,0,"N",1.29,0,0,0,0,0,0,0,"N",1,12.5,0,0,0,0,0,0,0,0,0,0,0,0,0,0
"C1888","5","518210","48","0","2019","1","",18,141,148,150,2230520,942036,9740,1173,"",0.76,0.56,0.58,0.58,0.34,0.47,0.79,0.60,"",-3,-14.3,4,2.9,8,5.7,0,0.0,127513,6.1,50563,5.7,386,4.1,36,3.2
"C1906","5","518210","48","0","2019","1","N",2,0,0,0,0,0,0,0,"N",0.39,0,0,0,0,0,0,0,"N",0,0.0,0,0,0,0,0,0,0,0,0,0,0,0,0,0
"C1910","5","518210","48","0","2019","1","",460,13764,13795,13728,439104288,131459376,4542062,2454,"",0.99,1.70,1.69,1.68,1.40,1.43,2.31,0.83,"",44,10.6,-149,-1.1,-254,-1.8,-214,-1.5,14001724,3.3,1973726,1.5,-885545,-16.3,113,4.8
"C1918","5","518210","48","0","2019","1","N",1,0,0,0,0,0,0,0,"N",0.29,0,0,0,0,0,0,0,"N",0,0.0,0,0,0,0,0,0,0,0,0,0,0,0,0,0
"C1930","5","518210","48","0","2019","1","N",14,0,0,0,0,0,0,0,"N",0.88,0,0,0,0,0,0,0,"N",0,0.0,0,0,0,0,0,0,0,0,0,0,0,0,0,0
"C1934","5","518210","48","0","2019","1","N",14,0,0,0,0,0,0,0,"N",0.57,0,0,0,0,0,0,0,"N",4,40.0,0,0,0,0,0,0,0,0,0,0,0,0,0,0
"C1938","5","518210","48","0","2019","1","N",34,0,0,0,0,0,0,0,"N",0.76,0,0,0,0,0,0,0,"N",7,25.9,0,0,0,0,0,0,0,0,0,0,0,0,0,0
"C1946","5","518210","48","0","2019","1","N",7,0,0,0,0,0,0,0,"N",0.86,0,0,0,0,0,0,0,"N",-1,-12.5,0,0,0,0,0,0,0,0,0,0,0,0,0,0
"C1950","5","518210","48","0","2019","1","N",2,0,0,0,0,0,0,0,"N",0.37,0,0,0,0,0,0,0,"N",1,100.0,0,0,0,0,0,0,0,0,0,0,0,0,0,0
"C1966","5","518210","48","0","2019","1","N",32,0,0,0,0,0,0,0,"N",0.74,0,0,0,0,0,0,0,"N",3,10.3,0,0,0,0,0,0,0,0,0,0,0,0,0,0
"C1974","5","518210","48","0","2019","1","",819,10672,10765,10778,402556943,134472837,2335511,2884,"",3.13,3.16,3.17,3.16,2.88,2.75,2.88,0.91,"",103,14.4,1459,15.8,1397,14.9,1312,13.9,102623768,34.2,21006292,18.5,250963,12.0,416,16.9
"C1978","5","518210","48","0","2019","1","N",93,0,0,0,0,0,0,0,"N",1.65,0,0,0,0,0,0,0,"N",6,6.9,0,0,0,0,0,0,0,0,0,0,0,0,0,0
"C1982","5","518210","48","0","2019","1","N",248,0,0,0,0,0,0,0,"N",1.02,0,0,0,0,0,0,0,"N",7,2.9,0,0,0,0,0,0,0,0,0,0,0,0,0,0
"C2002","5","518210","48","0","2019","1","N",3,0,0,0,0,0,0,0,"N",0.32,0,0,0,0,0,0,0,"N",0,0.0,0,0,0,0,0,0,0,0,0,0,0,0,0,0
"C2010","5","518210","48","0","2019","1","N",14,0,0,0,0,0,0,0,"N",1.30,0,0,0,0,0,0,0,"N",1,7.7,0,0,0,0,0,0,0,0,0,0,0,0,0,0
"C2022","5","518210","48","0","2019","1","N",7,0,0,0,0,0,0,0,"N",0.84,0,0,0,0,0,0,0,"N",2,40.0,0,0,0,0,0,0,0,0,0,0,0,0,0,0
"C2026","5","518210","48","0","2019","1","",10,195,202,207,1841767,1599887,15525,704,"",0.56,0.68,0.70,0.72,0.24,0.48,0.25,0.34,"",1,11.1,-12,-5.8,-14,-6.5,-9,-4.2,204053,12.5,167467,11.7,-3886,-20.0,113,19.1
"C2050","5","518210","48","0","2019","1","N",52,0,0,0,0,0,0,0,"N",1.40,0,0,0,0,0,0,0,"N",6,13.0,0,0,0,0,0,0,0,0,0,0,0,0,0,0
"C2070","5","518210","48","0","2019","1","N",2,0,0,0,0,0,0,0,"N",0.23,0,0,0,0,0,0,0,"N",0,0.0,0,0,0,0,0,0,0,0,0,0,0,0,0,0
"C2074","5","518210","48","0","2019","1","N",2,0,0,0,0,0,0,0,"N",0.18,0,0,0,0,0,0,0,"N",0,0.0,0,0,0,0,0,0,0,0,0,0,0,0,0,0
"C2106","5","518210","48","0","2019","1","N",11,0,0,0,0,0,0,0,"N",1.23,0,0,0,0,0,0,0,"N",-1,-8.3,0,0,0,0,0,0,0,0,0,0,0,0,0,0
"C2114","5","518210","48","0","2019","1","N",4,0,0,0,0,0,0,0,"N",0.34,0,0,0,0,0,0,0,"N",-3,-42.9,0,0,0,0,0,0,0,0,0,0,0,0,0,0
"C2134","5","518210","48","0","2019","1","",18,1236,1240,1197,12550460,6904878,249587,789,"",0.46,1.75,1.74,1.68,0.78,1.22,2.48,0.45,"",1,5.9,35,2.9,38,3.2,10,0.8,1511350,13.7,465199,7.2,9576,4.0,79,11.1
"C2150","5","518210","48","0","2019","1","N",2,0,0,0,0,0,0,0,"N",0.12,0,0,0,0,0,0,0,"N",0,0.0,0,0,0,0,0,0,0,0,0,0,0,0,0,0
"C2166","5","518210","48","0","2019","1","N",20,0,0,0,0,0,0,0,"N",0.64,0,0,0,0,0,0,0,"N",4,25.0,0,0,0,0,0,0,0,0,0,0,0,0,0,0
"C2178","5","518210","48","0","2019","1","N",4,0,0,0,0,0,0,0,"N",0.21,0,0,0,0,0,0,0,"N",1,33.3,0,0,0,0,0,0,0,0,0,0,0,0,0,0
"C2182","5","518210","48","0","2019","1","",4,4,4,4,165582,141624,2259,3184,"",0.72,0.05,0.05,0.05,0.07,0.12,0.12,1.39,"N",2,100.0,0,0,0,0,0,0,0,0,0,0,0,0,0,0
"C2202","5","518210","48","0","2019","1","N",16,0,0,0,0,0,0,0,"N",0.74,0,0,0,0,0,0,0,"N",0,0.0,0,0,0,0,0,0,0,0,0,0,0,0,0,0
"C2214","5","518210","48","0","2019","1","N",1,0,0,0,0,0,0,0,"N",0.14,0,0,0,0,0,0,0,"N",0,0.0,0,0,0,0,0,0,0,0,0,0,0,0,0,0
"C2218","5","518210","48","0","2019","1","",4,27,27,26,301784,295164,3043,871,"",0.24,0.09,0.09,0.09,0.04,0.10,0.13,0.46,"N",0,0.0,0,0,0,0,0,0,0,0,0,0,0,0,0,0
"C2222","5","518210","48","0","2019","1","N",41,0,0,0,0,0,0,0,"N",1.21,0,0,0,0,0,0,0,"N",5,13.9,0,0,0,0,0,0,0,0,0,0,0,0,0,0
"C2238","5","518210","48","0","2019","1","-",0,0,0,0,0,0,0,0,"N",0.00,0,0,0,0,0,0,0,"N",-1,-100.0,0,0,0,0,0,0,0,0,0,0,0,0,0,0
"C2242","5","518210","48","0","2019","1","",16,103,83,80,872121,500354,8284,757,"",0.95,0.34,0.28,0.26,0.11,0.19,0.10,0.37,"",2,14.3,-8,-7.2,-26,-23.9,-28,-25.9,-102782,-10.5,-74374,-12.9,-2299,-21.7,71,10.3
"C2250","5","518210","48","0","2019","1","N",2,0,0,0,0,0,0,0,"N",0.18,0,0,0,0,0,0,0,"N",1,100.0,0,0,0,0,0,0,0,0,0,0,0,0,0,0
"C2252","5","518210","48","0","2019","1","N",1,0,0,0,0,0,0,0,"N",0.12,0,0,0,0,0,0,0,"N",-1,-50.0,0,0,0,0,0,0,0,0,0,0,0,0,0,0
"C2254","5","518210","48","0","2019","1","N",1,0,0,0,0,0,0,0,"N",0.17,0,0,0,0,0,0,0,"N",0,0.0,0,0,0,0,0,0,0,0,0,0,0,0,0,0
"C2266","5","518210","48","0","2019","1","",63,691,703,723,13310364,8243735,167368,1451,"",2.02,1.89,1.91,1.95,1.14,1.93,2.43,0.60,"",10,18.9,176,34.2,187,36.2,200,38.2,5168610,63.5,2953250,55.8,54471,48.2,242,20.0
"C2290","5","518210","48","0","2019","1","N",4,0,0,0,0,0,0,0,"N",0.24,0,0,0,0,0,0,0,"N",1,33.3,0,0,0,0,0,0,0,0,0,0,0,0,0,0
"C2306","5","518210","48","0","2019","1","N",10,0,0,0,0,0,0,0,"N",0.39,0,0,0,0,0,0,0,"N",-1,-9.1,0,0,0,0,0,0,0,0,0,0,0,0,0,0
"C2342","5","518210","48","0","2019","1","",8,230,234,229,2923869,1255817,56929,974,"",0.09,0.26,0.26,0.26,0.13,0.19,0.18,0.51,"",-2,-20.0,1,0.4,6,2.6,4,1.8,-226732,-7.2,-146019,-10.4,-11400,-16.7,-92,-8.6
"C2354","5","518210","48","0","2019","1","N",9,0,0,0,0,0,0,0,"N",0.47,0,0,0,0,0,0,0,"N",0,0.0,0,0,0,0,0,0,0,0,0,0,0,0,0,0
"C2358","5","518210","48","0","2019","1","N",2,0,0,0,0,0,0,0,"N",0.18,0,0,0,0,0,0,0,"N",0,0.0,0,0,0,0,0,0,0,0,0,0,0,0,0,0
"C2390","5","518210","48","0","2019","1","-",0,0,0,0,0,0,0,0,"N",0.00,0,0,0,0,0,0,0,"N",0,0,0,0,0,0,0,0,0,0,0,0,0,0,0,0
"C2402","5","518210","48","0","2019","1","N",1,0,0,0,0,0,0,0,"N",0.11,0,0,0,0,0,0,0,"N",1,100.0,0,0,0,0,0,0,0,0,0,0,0,0,0,0
"C2414","5","518210","48","0","2019","1","N",2,0,0,0,0,0,0,0,"N",0.35,0,0,0,0,0,0,0,"N",0,0.0,0,0,0,0,0,0,0,0,0,0,0,0,0,0
"C2422","5","518210","48","0","2019","1","",6,10,9,9,84774,84774,388,699,"",0.75,0.08,0.08,0.08,0.03,0.06,0.03,0.36,"",0,0.0,2,25.0,0,0.0,0,0.0,-1856,-2.1,-1856,-2.1,-412,-51.5,-70,-9.1
"C2430","5","518210","48","0","2019","1","",9,48,50,50,771695,565140,5273,1203,"",0.72,0.34,0.35,0.35,0.21,0.37,0.17,0.61,"",0,0.0,1,2.1,2,4.2,1,2.0,-46130,-5.6,42843,8.2,-104,-1.9,-108,-8.2
"C2434","5","518210","48","0","2019","1","N",58,0,0,0,0,0,0,0,"N",1.04,0,0,0,0,0,0,0,"N",4,7.4,0,0,0,0,0,0,0,0,0,0,0,0,0,0
"C2442","5","518210","48","0","2019","1","N",3,0,0,0,0,0,0,0,"N",0.46,0,0,0,0,0,0,0,"N",1,50.0,0,0,0,0,0,0,0,0,0,0,0,0,0,0
"C2450","5","518210","48","0","2019","1","N",3,0,0,0,0,0,0,0,"N",0.44,0,0,0,0,0,0,0,"N",-1,-25.0,0,0,0,0,0,0,0,0,0,0,0,0,0,0
"C2454","5","518210","48","0","2019","1","",30,66,66,64,1796249,706769,18369,2115,"",1.58,0.26,0.26,0.25,0.22,0.20,0.30,0.86,"",4,15.4,7,11.9,2,3.1,0,0.0,379404,26.8,86299,13.9,1888,11.5,367,21.0
"C2458","5","518210","48","0","2019","1","N",8,0,0,0,0,0,0,0,"N",0.38,0,0,0,0,0,0,0,"N",1,14.3,0,0,0,0,0,0,0,0,0,0,0,0,0,0
"C2466","5","518210","48","0","2019","1","",28,547,542,534,27955611,11623664,26281,3975,"",0.60,0.68,0.67,0.65,1.28,1.02,0.40,1.91,"",4,16.7,57,11.6,51,10.4,39,7.9,-5601725,-16.7,1945920,20.1,10843,70.2,-1272,-24.2
"C2478","5","518210","48","0","2019","1","N",5,0,0,0,0,0,0,0,"N",0.53,0,0,0,0,0,0,0,"N",0,0.0,0,0,0,0,0,0,0,0,0,0,0,0,0,0
"C2486","5","518210","48","0","2019","1","N",48,0,0,0,0,0,0,0,"N",0.87,0,0,0,0,0,0,0,"N",8,20.0,0,0,0,0,0,0,0,0,0,0,0,0,0,0
"C2506","5","518210","48","0","2019","1","N",4,0,0,0,0,0,0,0,"N",0.20,0,0,0,0,0,0,0,"N",0,0.0,0,0,0,0,0,0,0,0,0,0,0,0,0,0
"C2518","5","518210","48","0","2019","1","",14,162,163,161,2371935,1460000,39912,1126,"",1.01,0.71,0.72,0.70,0.42,0.70,0.77,0.59,"N",-1,-6.7,0,0,0,0,0,0,0,0,0,0,0,0,0,0
"C2522","5","518210","48","0","2019","1","N",4,0,0,0,0,0,0,0,"N",0.53,0,0,0,0,0,0,0,"N",-1,-20.0,0,0,0,0,0,0,0,0,0,0,0,0,0,0
"C2526","5","518210","48","0","2019","1","N",2,0,0,0,0,0,0,0,"N",0.19,0,0,0,0,0,0,0,"N",1,100.0,0,0,0,0,0,0,0,0,0,0,0,0,0,0
"C2542","5","518210","48","0","2019","1","",28,541,543,539,9801068,4697395,225866,1394,"",0.76,0.73,0.73,0.72,0.42,0.65,0.63,0.57,"",-1,-3.4,-17,-3.0,-21,-3.7,-25,-4.4,-141439,-1.4,609198,14.9,-40121,-15.1,33,2.4
"C2550","5","518210","48","0","2019","1","N",1,0,0,0,0,0,0,0,"N",0.11,0,0,0,0,0,0,0,"N",1,100.0,0,0,0,0,0,0,0,0,0,0,0,0,0,0
"C2554","5","518210","48","0","2019","1","",70,852,854,871,25104039,13037811,425516,2248,"",0.75,0.61,0.61,0.62,0.43,0.68,0.64,0.70,"N",19,37.3,0,0,0,0,0,0,0,0,0,0,0,0,0,0
"C2562","5","518210","48","0","2019","1","N",1,0,0,0,0,0,0,0,"N",0.12,0,0,0,0,0,0,0,"N",0,0.0,0,0,0,0,0,0,0,0,0,0,0,0,0,0
"C2586","5","518210","48","0","2019","1","",12,106,103,100,1610750,1472180,5160,1203,"",0.61,0.31,0.30,0.29,0.19,0.32,0.16,0.65,"N",1,9.1,0,0,0,0,0,0,0,0,0,0,0,0,0,0
"C2594","5","518210","48","0","2019","1","N",14,0,0,0,0,0,0,0,"N",0.83,0,0,0,0,0,0,0,"N",2,16.7,0,0,0,0,0,0,0,0,0,0,0,0,0,0
"C2614","5","518210","48","0","2019","1","",4,9,9,10,180027,52398,673,1484,"",0.50,0.12,0.12,0.13,0.11,0.09,0.22,0.88,"",-1,-20.0,3,50.0,2,28.6,3,42.9,91287,102.9,5274,11.2,495,278.1,460,44.9
"C2630","5","518210","48","0","2019","1","N",2,0,0,0,0,0,0,0,"N",0.26,0,0,0,0,0,0,0,"N",1,100.0,0,0,0,0,0,0,0,0,0,0,0,0,0,0
"C2638","5","518210","48","0","2019","1","",7,10,10,10,122996,68538,1278,946,"",0.53,0.05,0.05,0.05,0.02,0.04,0.05,0.43,"N",0,0.0,0,0,0,0,0,0,0,0,0,0,0,0,0,0
"C2642","5","518210","48","0","2019","1","",235,3009,3021,2986,66986241,26527717,1165824,1715,"",0.59,0.44,0.44,0.43,0.23,0.35,0.55,0.52,"",19,8.8,-86,-2.8,-63,-2.0,-27,-0.9,-5121856,-7.1,-413891,-1.5,-21859,-1.8,-95,-5.2
"C2658","5","518210","48","0","2019","1","N",6,0,0,0,0,0,0,0,"N",0.29,0,0,0,0,0,0,0,"N",1,20.0,0,0,0,0,0,0,0,0,0,0,0,0,0,0
"C2662","5","518210","48","0","2019","1","N",34,0,0,0,0,0,0,0,"N",1.21,0,0,0,0,0,0,0,"N",10,41.7,0,0,0,0,0,0,0,0,0,0,0,0,0,0
"C2682","5","518210","48","0","2019","1","",8,28,28,29,176953,176953,1455,480,"",0.69,0.19,0.18,0.19,0.04,0.09,0.11,0.24,"",0,0.0,8,40.0,15,115.4,16,123.1,59420,50.6,59420,50.6,571,64.6,-110,-18.6
"C2690","5","518210","48","0","2019","1","",106,1662,1677,1683,33482116,11493421,335330,1539,"",0.87,0.72,0.72,0.72,0.44,0.48,0.85,0.62,"",6,6.0,-250,-13.1,-191,-10.2,-136,-7.5,-988512,-2.9,-1307294,-10.2,45176,15.6,118,8.3
"C2698","5","518210","48","0","2019","1","",11,45,48,49,746631,671689,20293,1213,"",0.86,0.22,0.23,0.23,0.12,0.31,0.90,0.55,"",1,10.0,-5,-10.0,0,0.0,-1,-2.0,232605,45.3,185189,38.1,13999,222.4,412,51.4
"C2706","5","518210","48","0","2019","1","N",1,0,0,0,0,0,0,0,"N",0.15,0,0,0,0,0,0,0,"N",0,0.0,0,0,0,0,0,0,0,0,0,0,0,0,0,0
"C2710","5","518210","48","0","2019","1","",6,9,9,9,51279,49200,2177,438,"",0.92,0.07,0.07,0.07,0.01,0.04,0.06,0.20,"",0,0.0,-22,-71.0,-23,-71.9,-18,-66.7,-421306,-89.1,-238922,-82.9,-6258,-74.2,-774,-63.9
"C2714","5","518210","48","0","2019","1","N",18,0,0,0,0,0,0,0,"N",0.50,0,0,0,0,0,0,0,"N",-1,-5.3,0,0,0,0,0,0,0,0,0,0,0,0,0,0
"C2718","5","518210","48","0","2019","1","N",3,0,0,0,0,0,0,0,"N",0.39,0,0,0,0,0,0,0,"N",0,0.0,0,0,0,0,0,0,0,0,0,0,0,0,0,0
"C2726","5","518210","48","0","2019","1","",102,2091,2084,2080,135963518,26246344,115445,5016,"",0.91,1.35,1.33,1.33,2.78,1.94,1.33,2.08,"",3,3.0,269,14.8,119,6.1,110,5.6,52212564,62.3,8894964,51.3,11046,10.6,1659,49.4
"C2734","5","518210","48","0","2019","1","",6,30,29,33,449250,412685,3641,1127,"",0.75,0.27,0.26,0.29,0.20,0.42,0.75,0.73,"",0,0.0,5,20.0,4,16.0,8,32.0,182189,68.2,174148,73.0,1315,56.5,305,37.1
"C2750","5","518210","48","0","2019","1","",5,662,644,639,6930069,5913409,166787,822,"",0.57,4.34,4.25,4.16,1.56,3.34,5.42,0.37,"N",0,0.0,0,0,0,0,0,0,0,0,0,0,0,0,0,0
"C2762","5","518210","48","0","2019","1","N",10,0,0,0,0,0,0,0,"N",1.04,0,0,0,0,0,0,0,"N",3,42.9,0,0,0,0,0,0,0,0,0,0,0,0,0,0
"C2774","5","518210","48","0","2019","1","N",6,0,0,0,0,0,0,0,"N",0.60,0,0,0,0,0,0,0,"N",2,50.0,0,0,0,0,0,0,0,0,0,0,0,0,0,0
"C2778","5","518210","48","0","2019","1","N",3,0,0,0,0,0,0,0,"N",0.35,0,0,0,0,0,0,0,"N",0,0.0,0,0,0,0,0,0,0,0,0,0,0,0,0,0
"C2786","5","518210","48","0","2019","1","N",1,0,0,0,0,0,0,0,"N",0.12,0,0,0,0,0,0,0,"N",0,0.0,0,0,0,0,0,0,0,0,0,0,0,0,0,0
"C2790","5","518210","48","0","2019","1","N",1,0,0,0,0,0,0,0,"N",0.09,0,0,0,0,0,0,0,"N",1,100.0,0,0,0,0,0,0,0,0,0,0,0,0,0,0
"C2798","5","518210","48","0","2019","1","N",12,0,0,0,0,0,0,0,"N",0.73,0,0,0,0,0,0,0,"N",5,71.4,0,0,0,0,0,0,0,0,0,0,0,0,0,0
"C2802","5","518210","48","0","2019","1","",8,20,21,20,181021,108481,1213,685,"",0.51,0.06,0.07,0.06,0.02,0.04,0.01,0.28,"",0,0.0,-3,-13.0,-1,-4.5,-2,-9.1,-20228,-10.1,-6189,-5.4,84,7.4,-8,-1.2
"C2814","5","518210","48","0","2019","1","",144,3409,3407,3418,91616767,39610934,496076,2066,"",0.90,1.44,1.44,1.44,1.21,1.23,1.11,0.84,"",9,6.7,-568,-14.3,-549,-13.9,-524,-13.3,-5456387,-5.6,-5730822,-12.6,-171998,-25.7,180,9.5
"C2842","5","518210","48","0","2019","1","N",9,0,0,0,0,0,0,0,"N",0.41,0,0,0,0,0,0,0,"N",1,12.5,0,0,0,0,0,0,0,0,0,0,0,0,0,0
"C2866","5","518210","48","0","2019","1","N",10,0,0,0,0,0,0,0,"N",0.55,0,0,0,0,0,0,0,"N",0,0.0,0,0,0,0,0,0,0,0,0,0,0,0,0,0
"C2870","5","518210","48","0","2019","1","N",7,0,0,0,0,0,0,0,"N",0.41,0,0,0,0,0,0,0,"N",0,0.0,0,0,0,0,0,0,0,0,0,0,0,0,0,0
"C2874","5","518210","48","0","2019","1","N",5,0,0,0,0,0,0,0,"N",0.39,0,0,0,0,0,0,0,"N",2,66.7,0,0,0,0,0,0,0,0,0,0,0,0,0,0
"C2894","5","518210","48","0","2019","1","N",64,0,0,0,0,0,0,0,"N",1.27,0,0,0,0,0,0,0,"N",9,16.4,0,0,0,0,0,0,0,0,0,0,0,0,0,0
"C2910","5","518210","48","0","2019","1","N",8,0,0,0,0,0,0,0,"N",0.90,0,0,0,0,0,0,0,"N",0,0.0,0,0,0,0,0,0,0,0,0,0,0,0,0,0
"C2918","5","518210","48","0","2019","1","N",19,0,0,0,0,0,0,0,"N",0.50,0,0,0,0,0,0,0,"N",-1,-5.0,0,0,0,0,0,0,0,0,0,0,0,0,0,0
"C2920","5","518210","48","0","2019","1","N",2,0,0,0,0,0,0,0,"N",0.20,0,0,0,0,0,0,0,"N",-2,-50.0,0,0,0,0,0,0,0,0,0,0,0,0,0,0
"C2934","5","518210","48","0","2019","1","",8,14,14,17,130680,101908,1209,670,"",0.58,0.06,0.06,0.07,0.02,0.04,0.03,0.27,"N",1,14.3,0,0,0,0,0,0,0,0,0,0,0,0,0,0
"C2942","5","518210","48","0","2019","1","N",3,0,0,0,0,0,0,0,"N",0.32,0,0,0,0,0,0,0,"N",1,50.0,0,0,0,0,0,0,0,0,0,0,0,0,0,0
"C2946","5","518210","48","0","2019","1","",13,52,58,59,1015395,397180,2586,1387,"",0.37,0.10,0.11,0.11,0.08,0.09,0.10,0.72,"",1,8.3,-3,-5.5,5,9.4,4,7.3,57076,6.0,29442,8.0,-990,-27.7,30,2.2
"C2954","5","518210","48","0","2019","1","",5,66,67,67,1164507,590386,15107,1344,"",0.15,0.12,0.12,0.12,0.08,0.10,0.06,0.65,"",-2,-28.6,-19,-22.4,-27,-28.7,-27,-28.7,-57122,-4.7,-116751,-16.5,-10411,-40.8,311,30.1
"C2962","5","518210","48","0","2019","1","N",29,0,0,0,0,0,0,0,"N",1.28,0,0,0,0,0,0,0,"N",5,20.8,0,0,0,0,0,0,0,0,0,0,0,0,0,0
"C2970","5","518210","48","0","2019","1","N",2,0,0,0,0,0,0,0,"N",0.14,0,0,0,0,0,0,0,"N",-1,-33.3,0,0,0,0,0,0,0,0,0,0,0,0,0,0
"C2974","5","518210","48","0","2019","1","N",5,0,0,0,0,0,0,0,"N",0.40,0,0,0,0,0,0,0,"N",1,25.0,0,0,0,0,0,0,0,0,0,0,0,0,0,0
"C2982","5","518210","48","0","2019","1","",185,1572,1587,1602,40570308,26717987,489464,1966,"",1.37,0.68,0.69,0.69,0.60,0.68,0.61,0.88,"",2,1.1,-99,-5.9,-94,-5.6,-55,-3.3,-6922368,-14.6,-181823,-0.7,-52430,-9.7,-222,-10.1
"C2994","5","518210","48","0","2019","1","N",5,0,0,0,0,0,0,0,"N",0.66,0,0,0,0,0,0,0,"N",-2,-28.6,0,0,0,0,0,0,0,0,0,0,0,0,0,0
"C3002","5","518210","48","0","2019","1","N",6,0,0,0,0,0,0,0,"N",0.95,0,0,0,0,0,0,0,"N",4,200.0,0,0,0,0,0,0,0,0,0,0,0,0,0,0
"C3014","5","518210","48","0","2019","1","",4,27,27,27,522752,303814,15460,1489,"",0.56,0.23,0.23,0.23,0.18,0.29,0.31,0.79,"",0,0.0,3,12.5,3,12.5,2,8.0,81217,18.4,39997,15.2,1540,11.1,93,6.7
"C3030","5","518210","48","0","2019","1","",3,11,11,11,217889,217889,3338,1524,"",0.65,0.18,0.18,0.18,0.15,0.25,0.56,0.83,"",0,0.0,1,10.0,0,0.0,0,0.0,-173352,-44.3,-66761,-23.5,-256,-7.1,-1297,-46.0
"C3034","5","518210","48","0","2019","1","",5,11,8,8,267069,107318,1873,2283,"",0.64,0.10,0.07,0.07,0.10,0.09,0.09,1.20,"N",1,25.0,0,0,0,0,0,0,0,0,0,0,0,0,0,0
"C3046","5","518210","48","0","2019","1","",37,436,444,447,11411598,4657864,92385,1985,"",0.93,0.72,0.73,0.73,0.68,0.74,0.87,0.93,"",-3,-7.5,-10,-2.2,-10,-2.2,-9,-2.0,978687,9.4,946751,25.5,8683,10.4,209,11.8
"C3062","5","518210","48","0","2019","1","N",4,0,0,0,0,0,0,0,"N",0.65,0,0,0,0,0,0,0,"N",0,0.0,0,0,0,0,0,0,0,0,0,0,0,0,0,0
"C3070","5","518210","48","0","2019","1","",19,185,185,187,3202460,1502026,14144,1327,"",0.72,0.46,0.46,0.46,0.30,0.43,0.52,0.65,"",-2,-9.5,-4,-2.1,-7,-3.6,-9,-4.6,-3975,-0.1,-108017,-6.7,-1064,-7.0,45,3.5
"C3078","5","518210","48","0","2019","1","N",48,0,0,0,0,0,0,0,"N",0.91,0,0,0,0,0,0,0,"N",1,2.1,0,0,0,0,0,0,0,0,0,0,0,0,0,0
"C3086","5","518210","48","0","2019","1","",9,117,122,121,1743940,1665773,2327,1118,"",0.88,0.86,0.89,0.87,0.60,1.09,0.47,0.69,"",0,0.0,-7,-5.6,0,0.0,-9,-6.9,71703,4.3,217073,15.0,-7078,-75.3,92,9.0
"C3098","5","518210","48","0","2019","1","N",1,0,0,0,0,0,0,0,"N",0.07,0,0,0,0,0,0,0,"N",0,0.0,0,0,0,0,0,0,0,0,0,0,0,0,0,0
"C3102","5","518210","48","0","2019","1","N",3,0,0,0,0,0,0,0,"N",0.39,0,0,0,0,0,0,0,"N",2,200.0,0,0,0,0,0,0,0,0,0,0,0,0,0,0
"C3108","5","518210","48","0","2019","1","",678,11729,11795,11967,446088377,79392159,3753494,2901,"",0.44,0.85,0.84,0.85,0.84,0.62,0.68,0.99,"",4,0.6,1743,17.5,1726,17.1,1770,17.4,113264950,34.0,11733179,17.3,398102,11.9,362,14.3
"C3114","5","518210","48","0","2019","1","",64,1441,1436,1424,32221183,14126137,272345,1729,"",0.70,0.99,0.99,0.97,0.71,0.85,0.85,0.72,"",-2,-3.0,152,11.8,129,9.9,107,8.1,4588363,16.6,2341529,19.9,16446,6.4,99,6.1
"C3118","5","518210","48","0","2019","1","N",6,0,0,0,0,0,0,0,"N",0.29,0,0,0,0,0,0,0,"N",1,20.0,0,0,0,0,0,0,0,0,0,0,0,0,0,0
"C3134","5","518210","48","0","2019","1","",6,19,18,18,487970,148009,355,2047,"",0.31,0.08,0.08,0.08,0.09,0.08,0.02,1.07,"",-2,-25.0,-132,-87.4,-133,-88.1,-133,-88.1,-1103937,-69.3,-843444,-85.1,-21309,-98.4,1236,152.4
"C3142","5","518210","48","0","2019","1","N",4,0,0,0,0,0,0,0,"N",0.30,0,0,0,0,0,0,0,"N",-1,-20.0,0,0,0,0,0,0,0,0,0,0,0,0,0,0
"C3154","5","518210","48","0","2019","1","N",35,0,0,0,0,0,0,0,"N",0.73,0,0,0,0,0,0,0,"N",-6,-14.6,0,0,0,0,0,0,0,0,0,0,0,0,0,0
"C3170","5","518210","48","0","2019","1","",27,491,497,497,13061751,5033997,21401,2030,"",0.90,1.05,1.06,1.06,0.74,0.82,0.68,0.70,"",8,42.1,-2,-0.4,4,0.8,10,2.1,1575083,13.7,134428,2.7,-17613,-45.1,230,12.8
"C3174","5","518210","48","0","2019","1","N",1,0,0,0,0,0,0,0,"N",0.17,0,0,0,0,0,0,0,"N",-1,-50.0,0,0,0,0,0,0,0,0,0,0,0,0,0,0
"C3190","5","518210","48","0","2019","1","N",3,0,0,0,0,0,0,0,"N",0.44,0,0,0,0,0,0,0,"N",1,50.0,0,0,0,0,0,0,0,0,0,0,0,0,0,0
"C3242","5","518210","48","0","2019","1","N",1,0,0,0,0,0,0,0,"N",0.24,0,0,0,0,0,0,0,"N",1,100.0,0,0,0,0,0,0,0,0,0,0,0,0,0,0
"C3258","5","518210","48","0","2019","1","N",7,0,0,0,0,0,0,0,"N",0.22,0,0,0,0,0,0,0,"N",3,75.0,0,0,0,0,0,0,0,0,0,0,0,0,0,0
"C3278","5","518210","48","0","2019","1","N",12,0,0,0,0,0,0,0,"N",0.63,0,0,0,0,0,0,0,"N",3,33.3,0,0,0,0,0,0,0,0,0,0,0,0,0,0
"C3282","5","518210","48","0","2019","1","",66,238,233,232,5010702,1573788,25331,1645,"",0.95,0.17,0.16,0.16,0.12,0.13,0.22,0.70,"N",5,8.2,0,0,0,0,0,0,0,0,0,0,0,0,0,0
"C3290","5","518210","48","0","2019","1","-",0,0,0,0,0,0,0,0,"N",0.00,0,0,0,0,0,0,0,"N",-1,-100.0,0,0,0,0,0,0,0,0,0,0,0,0,0,0
"C3310","5","518210","48","0","2019","1","",480,5840,5829,5827,306328631,41304891,305746,4040,"",0.84,0.99,0.98,0.98,1.55,0.76,0.78,1.58,"",15,3.2,-18,-0.3,5,0.1,1,0.0,41811178,15.8,355946,0.9,-68308,-18.3,553,15.9
"C3314","5","518210","48","0","2019","1","N",2,0,0,0,0,0,0,0,"N",0.36,0,0,0,0,0,0,0,"N",1,100.0,0,0,0,0,0,0,0,0,0,0,0,0,0,0
"C3322","5","518210","48","0","2019","1","",6,16,16,16,242726,109448,2276,1167,"",0.73,0.19,0.19,0.19,0.07,0.13,0.09,0.36,"N",0,0.0,0,0,0,0,0,0,0,0,0,0,0,0,0,0
"C3326","5","518210","48","0","2019","1","N",2,0,0,0,0,0,0,0,"N",0.13,0,0,0,0,0,0,0,"N",0,0.0,0,0,0,0,0,0,0,0,0,0,0,0,0,0
"C3334","5","518210","48","0","2019","1","N",54,0,0,0,0,0,0,0,"N",0.47,0,0,0,0,0,0,0,"N",-5,-8.5,0,0,0,0,0,0,0,0,0,0,0,0,0,0
"C3346","5","518210","48","0","2019","1","",225,4320,4258,4267,149633745,95746275,828203,2688,"",0.95,0.99,0.98,0.98,0.87,1.16,1.01,0.89,"",17,8.2,-2084,-32.5,-2136,-33.4,-2064,-32.6,-30823306,-17.1,-20589002,-17.7,-95556,-10.3,511,23.5
"C3354","5","518210","48","0","2019","1","",9,106,108,104,1921933,1444728,12946,1395,"",0.69,0.78,0.79,0.76,0.59,0.74,0.56,0.76,"",0,0.0,6,6.0,11,11.3,7,7.2,480616,33.3,226273,18.6,-9954,-43.5,264,23.3
"C3366","5","518210","48","0","2019","1","",12,120,120,116,1194387,871737,7493,774,"",0.47,0.31,0.31,0.30,0.11,0.25,0.15,0.37,"",-2,-14.3,-13,-9.8,-13,-9.8,-29,-20.0,-73454,-5.8,-123150,-12.4,-14832,-66.4,62,8.7
"C3370","5","518210","48","0","2019","1","N",5,0,0,0,0,0,0,0,"N",0.13,0,0,0,0,0,0,0,"N",0,0.0,0,0,0,0,0,0,0,0,0,0,0,0,0,0
"C3374","5","518210","48","0","2019","1","N",12,0,0,0,0,0,0,0,"N",0.93,0,0,0,0,0,0,0,"N",4,50.0,0,0,0,0,0,0,0,0,0,0,0,0,0,0
"C3378","5","518210","48","0","2019","1","N",2,0,0,0,0,0,0,0,"N",0.38,0,0,0,0,0,0,0,"N",-1,-33.3,0,0,0,0,0,0,0,0,0,0,0,0,0,0
"C3386","5","518210","48","0","2019","1","",14,396,393,390,5755178,2697865,67819,1126,"",0.64,1.07,1.05,1.04,0.61,0.93,1.92,0.58,"N",0,0.0,0,0,0,0,0,0,0,0,0,0,0,0,0,0
"C3406","5","518210","48","0","2019","1","N",6,0,0,0,0,0,0,0,"N",0.71,0,0,0,0,0,0,0,"N",-2,-25.0,0,0,0,0,0,0,0,0,0,0,0,0,0,0
"C3410","5","518210","48","0","2019","1","N",2,0,0,0,0,0,0,0,"N",0.38,0,0,0,0,0,0,0,"N",0,0.0,0,0,0,0,0,0,0,0,0,0,0,0,0,0
"C3458","5","518210","48","0","2019","1","",7,42,40,44,1263948,1073495,17871,2315,"",0.68,0.36,0.34,0.37,0.36,0.58,0.80,1.01,"",1,16.7,8,23.5,2,5.3,8,22.2,463136,57.8,286792,36.5,14774,477.0,604,35.3
"C3462","5","518210","48","0","2019","1","",3,1,2,4,22945,18749,350,756,"",0.55,0.01,0.02,0.04,0.01,0.02,0.02,0.41,"N",1,50.0,0,0,0,0,0,0,0,0,0,0,0,0,0,0
"C3474","5","518210","48","0","2019","1","N",3,0,0,0,0,0,0,0,"N",0.43,0,0,0,0,0,0,0,"N",0,0.0,0,0,0,0,0,0,0,0,0,0,0,0,0,0
"C3482","5","518210","48","0","2019","1","N",22,0,0,0,0,0,0,0,"N",0.70,0,0,0,0,0,0,0,"N",4,22.2,0,0,0,0,0,0,0,0,0,0,0,0,0,0
"C3490","5","518210","48","0","2019","1","",7,49,50,50,1324321,129503,6307,2051,"",0.48,0.29,0.28,0.28,0.24,0.08,0.09,0.83,"",1,16.7,9,22.5,10,25.0,8,19.0,3827,0.3,-35497,-21.5,-487,-7.2,-447,-17.9
"C3494","5","518210","48","0","2019","1","",20,19,20,22,354306,135355,920,1340,"",0.54,0.05,0.06,0.06,0.03,0.04,0.05,0.62,"",7,53.8,2,11.8,3,17.6,7,46.7,56133,18.8,18486,15.8,-268,-22.6,-64,-4.6
"C3498","5","518210","48","0","2019","1","",276,3968,3975,3976,109094921,27693115,300280,2112,"",2.10,1.79,1.78,1.77,1.46,1.36,1.37,0.82,"",24,9.5,11,0.3,27,0.7,62,1.6,7432550,7.3,-403496,-1.4,-15717,-5.0,127,6.4
"C3510","5","518210","48","0","2019","1","",6,10,10,13,128118,121535,806,896,"",0.86,0.10,0.10,0.13,0.05,0.12,0.18,0.48,"N",0,0.0,0,0,0,0,0,0,0,0,0,0,0,0,0,0
"C3530","5","518210","48","0","2019","1","",56,300,297,304,6133913,3076866,103594,1571,"",0.90,0.36,0.36,0.37,0.22,0.33,0.30,0.61,"",25,80.6,27,9.9,27,10.0,38,14.3,1377137,29.0,462909,17.7,25846,33.2,214,15.8
"C3538","5","518210","48","0","2019","1","",133,760,762,761,13888558,5797844,109485,1404,"",1.34,0.61,0.61,0.61,0.36,0.52,0.71,0.59,"",11,9.0,142,23.0,134,21.3,125,19.7,3920387,39.3,1660365,40.1,25193,29.9,182,14.9
"C3562","5","518210","48","0","2019","1","",1151,21853,21944,22252,1024744192,360087521,6700013,3580,"",0.73,1.02,1.02,1.03,0.91,1.17,1.08,0.89,"N",60,5.5,0,0,0,0,0,0,0,0,0,0,0,0,0,0
"C3566","5","518210","48","0","2019","1","N",3,0,0,0,0,0,0,0,"N",0.35,0,0,0,0,0,0,0,"N",0,0.0,0,0,0,0,0,0,0,0,0,0,0,0,0,0
"C3584","5","518210","48","0","2019","1","",42,95,90,108,2191873,572419,4797,1726,"",0.61,0.14,0.13,0.15,0.12,0.09,0.13,0.86,"",0,0.0,7,8.0,1,1.1,19,21.3,142014,6.9,12892,2.3,-789,-14.1,-52,-2.9
"C3598","5","518210","48","0","2019","1","",13,20,17,16,533566,276197,7647,2323,"",0.68,0.07,0.06,0.06,0.05,0.08,0.07,0.85,"",4,44.4,-9,-31.0,-11,-39.3,-11,-40.7,-17788,-3.2,-54105,-16.4,-5099,-40.0,808,53.3
"C3610","5","518210","48","0","2019","1","",7,3,3,3,47210,21806,568,1211,"",0.32,0.01,0.01,0.01,0.01,0.01,0.06,0.72,"N",1,16.7,0,0,0,0,0,0,0,0,0,0,0,0,0,0
"C3614","5","518210","48","0","2019","1","N",1,0,0,0,0,0,0,0,"N",0.10,0,0,0,0,0,0,0,"N",0,0.0,0,0,0,0,0,0,0,0,0,0,0,0,0,0
"C3626","5","518210","48","0","2019","1","N",23,0,0,0,0,0,0,0,"N",0.55,0,0,0,0,0,0,0,"N",4,21.1,0,0,0,0,0,0,0,0,0,0,0,0,0,0
"C3642","5","518210","48","0","2019","1","",88,404,402,402,7558895,5332287,63278,1444,"",0.86,0.29,0.28,0.28,0.18,0.27,0.32,0.62,"",4,4.8,-150,-27.1,-121,-23.1,-124,-23.6,-1511788,-16.7,-1147734,-17.7,-9213,-12.7,138,10.6
"C3650","5","518210","48","0","2019","1","",33,150,174,176,5293241,2583610,28039,2443,"",1.53,0.56,0.65,0.65,0.64,0.80,0.84,1.03,"",1,3.1,24,19.0,39,28.9,24,15.8,2480512,88.2,740569,40.2,10678,61.5,871,55.4
"C3654","5","518210","48","0","2019","1","",78,4143,4155,4158,118895024,45788818,248092,2203,"",1.11,3.84,3.84,3.83,3.66,4.16,2.37,0.95,"",0,0.0,-383,-8.5,-324,-7.2,-350,-7.8,-4956533,-4.0,-2217994,-4.6,-37694,-13.2,88,4.2
"C3674","5","518210","48","0","2019","1","",180,3516,3460,3478,76997217,23588888,270155,1700,"",0.96,1.23,1.19,1.20,0.94,0.93,1.88,0.78,"",6,3.4,185,5.6,142,4.3,198,6.0,8609689,12.6,1466767,6.6,7044,2.7,111,7.0
"C3678","5","518210","48","0","2019","1","",5,18,18,18,508635,212864,1540,2174,"",0.52,0.09,0.09,0.09,0.08,0.07,0.03,0.90,"",1,25.0,4,28.6,4,28.6,4,28.6,90958,21.8,33961,19.0,-133,-7.9,-121,-5.3
"C3698","5","518210","48","0","2019","1","N",2,0,0,0,0,0,0,0,"N",0.24,0,0,0,0,0,0,0,"N",0,0.0,0,0,0,0,0,0,0,0,0,0,0,0,0,0
"C3710","5","518210","48","0","2019","1","",31,313,307,300,23416637,2519570,136086,5874,"",0.45,0.42,0.41,0.40,0.91,0.39,0.48,2.22,"",3,10.7,-8,-2.5,-19,-5.8,-23,-7.1,-2892667,-11.0,-78681,-3.0,-4785,-3.4,-385,-6.2
"C3734","5","518210","48","0","2019","1","",26,130,127,134,2775263,984021,19111,1638,"",0.64,0.26,0.25,0.26,0.19,0.23,0.73,0.74,"",3,13.0,27,26.2,16,14.4,23,20.7,280248,11.2,183880,23.0,4855,34.1,-134,-7.6
"C3746","5","518210","48","0","2019","1","N",3,0,0,0,0,0,0,0,"N",0.20,0,0,0,0,0,0,0,"N",1,50.0,0,0,0,0,0,0,0,0,0,0,0,0,0,0
"C3762","5","518210","48","0","2019","1","N",3,0,0,0,0,0,0,0,"N",0.51,0,0,0,0,0,0,0,"N",1,50.0,0,0,0,0,0,0,0,0,0,0,0,0,0,0
"C3786","5","518210","48","0","2019","1","",10,19,21,21,300041,130290,1595,1135,"",0.34,0.05,0.05,0.05,0.03,0.04,0.09,0.57,"N",2,25.0,0,0,0,0,0,0,0,0,0,0,0,0,0,0
"C3790","5","518210","48","0","2019","1","N",3,0,0,0,0,0,0,0,"N",0.15,0,0,0,0,0,0,0,"N",0,0.0,0,0,0,0,0,0,0,0,0,0,0,0,0,0
"C3798","5","518210","48","0","2019","1","",370,5065,5064,5086,106735535,50842325,2304852,1619,"",0.90,0.80,0.80,0.80,0.43,0.66,0.81,0.54,"N",20,5.7,0,0,0,0,0,0,0,0,0,0,0,0,0,0
"C3806","5","518210","48","0","2019","1","N",352,0,0,0,0,0,0,0,"N",1.34,0,0,0,0,0,0,0,"N",64,22.2,0,0,0,0,0,0,0,0,0,0,0,0,0,0
"C3830","5","518210","48","0","2019","1","",100,1450,1444,1434,33321378,12456838,640891,1777,"",0.64,0.57,0.57,0.56,0.38,0.48,0.47,0.67,"",5,5.3,13,0.9,-4,-0.3,-53,-3.6,99368,0.3,-98046,-0.8,-47071,-6.8,23,1.3
"C3834","5","518210","48","0","2019","1","",5,24,24,26,2211958,372185,10465,6898,"",0.38,0.18,0.18,0.19,0.59,0.25,0.20,3.28,"",0,0.0,10,71.4,8,50.0,8,44.4,1571728,245.5,122577,49.1,4856,86.6,3820,124.1
"C3854","5","518210","48","0","2019","1","",3,13,14,13,284249,284249,2063,1640,"",0.53,0.17,0.18,0.17,0.18,0.32,0.34,1.02,"",0,0.0,2,18.2,2,16.7,1,8.3,28049,10.9,28049,10.9,-94,-4.4,-49,-2.9
"C3866","5","518210","48","0","2019","1","N",1,0,0,0,0,0,0,0,"N",0.11,0,0,0,0,0,0,0,"N",0,0.0,0,0,0,0,0,0,0,0,0,0,0,0,0,0
"C3886","5","518210","48","0","2019","1","",53,306,308,305,6650980,3510346,46554,1670,"",0.96,0.50,0.50,0.50,0.36,0.51,0.38,0.71,"",3,6.0,15,5.2,18,6.2,16,5.5,837848,14.4,242885,7.4,1919,4.3,128,8.3
"C3890","5","518210","48","0","2019","1","",274,4798,4788,4812,134150840,107465623,2049591,2150,"",1.21,1.77,1.76,1.76,1.37,2.07,2.04,0.78,"",32,13.2,668,16.2,649,15.7,667,16.1,22118463,19.7,15681293,17.1,232498,12.8,67,3.2
"C3894","5","518210","48","0","2019","1","N",13,0,0,0,0,0,0,0,"N",0.39,0,0,0,0,0,0,0,"N",-3,-18.8,0,0,0,0,0,0,0,0,0,0,0,0,0,0
"C3914","5","518210","48","0","2019","1","N",2,0,0,0,0,0,0,0,"N",0.14,0,0,0,0,0,0,0,"N",0,0.0,0,0,0,0,0,0,0,0,0,0,0,0,0,0
"C3930","5","518210","48","0","2019","1","N",108,0,0,0,0,0,0,0,"N",0.84,0,0,0,0,0,0,0,"N",-1,-0.9,0,0,0,0,0,0,0,0,0,0,0,0,0,0
"C3934","5","518210","48","0","2019","1","",76,2304,2353,2359,39584428,35397051,111069,1302,"",1.73,4.05,4.10,4.09,2.26,4.06,3.54,0.55,"",17,28.8,248,12.1,276,13.3,290,14.0,5146327,14.9,5177794,17.1,24357,28.1,21,1.6
"C3938","5","518210","48","0","2019","1","N",4,0,0,0,0,0,0,0,"N",0.46,0,0,0,0,0,0,0,"N",0,0.0,0,0,0,0,0,0,0,0,0,0,0,0,0,0
"C3946","5","518210","48","0","2019","1","N",8,0,0,0,0,0,0,0,"N",0.67,0,0,0,0,0,0,0,"N",1,14.3,0,0,0,0,0,0,0,0,0,0,0,0,0,0
"C3954","5","518210","48","0","2019","1","N",2,0,0,0,0,0,0,0,"N",0.18,0,0,0,0,0,0,0,"N",0,0.0,0,0,0,0,0,0,0,0,0,0,0,0,0,0
"C3958","5","518210","48","0","2019","1","N",171,0,0,0,0,0,0,0,"N",1.69,0,0,0,0,0,0,0,"N",14,8.9,0,0,0,0,0,0,0,0,0,0,0,0,0,0
"C3966","5","518210","48","0","2019","1","N",13,0,0,0,0,0,0,0,"N",0.91,0,0,0,0,0,0,0,"N",-2,-13.3,0,0,0,0,0,0,0,0,0,0,0,0,0,0
"C3974","5","518210","48","0","2019","1","",6,109,108,108,1811217,1409683,44363,1286,"",0.27,0.28,0.27,0.27,0.16,0.34,0.21,0.57,"",1,20.0,69,172.5,69,176.9,69,176.9,1284510,243.9,1123967,393.4,27264,159.4,256,24.9
"C3982","5","518210","48","0","2019","1","",7,18,20,18,242931,106698,4601,1001,"",0.39,0.12,0.13,0.12,0.06,0.09,0.09,0.52,"",3,75.0,11,157.1,11,122.2,8,80.0,101729,72.0,55224,107.3,1840,66.6,-252,-20.1
"C3990","5","518210","48","0","2019","1","N",56,0,0,0,0,0,0,0,"N",1.49,0,0,0,0,0,0,0,"N",17,43.6,0,0,0,0,0,0,0,0,0,0,0,0,0,0
"C4006","5","518210","48","0","2019","1","",76,428,435,430,8581616,3145965,72617,1532,"",0.75,0.29,0.30,0.29,0.18,0.24,0.45,0.61,"",4,5.6,-54,-11.2,-37,-7.8,-54,-11.2,1136351,15.3,86156,2.8,-5973,-7.6,337,28.2
"C4014","5","518210","48","0","2019","1","",42,492,482,482,12482127,614215,20329,1978,"",0.13,0.14,0.14,0.14,0.13,0.02,0.02,0.93,"",-3,-6.7,243,97.6,243,101.7,236,95.9,6719424,116.6,-339800,-35.6,-16143,-44.3,166,9.2
"C4022","5","518210","48","0","2019","1","N",9,0,0,0,0,0,0,0,"N",0.38,0,0,0,0,0,0,0,"N",1,12.5,0,0,0,0,0,0,0,0,0,0,0,0,0,0
"C4034","5","518210","48","0","2019","1","N",5,0,0,0,0,0,0,0,"N",0.38,0,0,0,0,0,0,0,"N",1,25.0,0,0,0,0,0,0,0,0,0,0,0,0,0,0
"C4038","5","518210","48","0","2019","1","N",40,0,0,0,0,0,0,0,"N",0.60,0,0,0,0,0,0,0,"N",2,5.3,0,0,0,0,0,0,0,0,0,0,0,0,0,0
"C4042","5","518210","48","0","2019","1","N",4,0,0,0,0,0,0,0,"N",0.24,0,0,0,0,0,0,0,"N",0,0.0,0,0,0,0,0,0,0,0,0,0,0,0,0,0
"C4058","5","518210","48","0","2019","1","N",3,0,0,0,0,0,0,0,"N",0.39,0,0,0,0,0,0,0,"N",-1,-25.0,0,0,0,0,0,0,0,0,0,0,0,0,0,0
"C4090","5","518210","48","0","2019","1","N",63,0,0,0,0,0,0,0,"N",0.30,0,0,0,0,0,0,0,"N",-2,-3.1,0,0,0,0,0,0,0,0,0,0,0,0,0,0
"C4098","5","518210","48","0","2019","1","N",1,0,0,0,0,0,0,0,"N",0.10,0,0,0,0,0,0,0,"N",-1,-50.0,0,0,0,0,0,0,0,0,0,0,0,0,0,0
"C4106","5","518210","48","0","2019","1","N",8,0,0,0,0,0,0,0,"N",0.61,0,0,0,0,0,0,0,"N",2,33.3,0,0,0,0,0,0,0,0,0,0,0,0,0,0
"C4110","5","518210","48","0","2019","1","",8,117,117,120,2345737,1912108,4636,1529,"",0.52,0.76,0.75,0.76,0.71,1.04,0.71,0.93,"",1,14.3,42,56.0,40,51.9,42,53.8,821222,53.9,531452,38.5,728,18.6,-1,-0.1
"C4114","5","518210","48","0","2019","1","N",1,0,0,0,0,0,0,0,"N",0.12,0,0,0,0,0,0,0,"N",0,0.0,0,0,0,0,0,0,0,0,0,0,0,0,0,0
"C4118","5","518210","48","0","2019","1","",133,6675,6713,6755,419865531,80492356,610583,4810,"",0.61,2.23,2.23,2.23,4.24,2.31,1.31,1.90,"",7,5.6,571,9.4,562,9.1,590,9.6,77166886,22.5,8544208,11.9,-34493,-5.3,517,12.0
"C4142","5","518210","48","0","2019","1","N",15,0,0,0,0,0,0,0,"N",0.46,0,0,0,0,0,0,0,"N",2,15.4,0,0,0,0,0,0,0,0,0,0,0,0,0,0
"C4150","5","518210","48","0","2019","1","",8,22,23,23,743653,166296,9362,2524,"",0.23,0.06,0.06,0.06,0.07,0.05,0.06,1.17,"",2,33.3,4,22.2,5,27.8,5,27.8,112132,17.8,38546,30.2,1637,21.2,-175,-6.5
"C4154","5","518210","48","0","2019","1","",22,42,43,45,1273925,458670,4437,2261,"",0.70,0.12,0.12,0.13,0.16,0.14,0.08,1.24,"N",1,4.8,0,0,0,0,0,0,0,0,0,0,0,0,0,0
"C4162","5","518210","48","0","2019","1","",241,2957,2930,2917,60056677,50317590,226766,1574,"",2.00,1.80,1.77,1.75,1.09,1.70,1.76,0.61,"",42,21.1,4,0.1,-54,-1.8,-73,-2.4,10404138,21.0,7296656,17.0,11532,5.4,290,22.6
"C4166","5","518210","48","0","2019","1","N",2,0,0,0,0,0,0,0,"N",0.27,0,0,0,0,0,0,0,"N",-1,-33.3,0,0,0,0,0,0,0,0,0,0,0,0,0,0
"C4170","5","518210","48","0","2019","1","",70,6397,6427,6446,157037083,45444088,1432402,1881,"",0.52,2.76,2.75,2.75,2.25,1.98,3.54,0.82,"",4,6.1,-231,-3.5,-299,-4.4,-326,-4.8,-28418894,-15.3,-4612251,-9.2,-81847,-5.4,-245,-11.5
"C4174","5","518210","48","0","2019","1","",180,2568,2621,2603,72778414,19323958,942072,2155,"",0.64,0.77,0.78,0.77,0.58,0.68,0.76,0.76,"",7,4.0,343,15.4,392,17.6,353,15.7,15969807,28.1,2912886,17.7,133593,16.5,199,10.2
"C4186","5","518210","48","0","2019","1","",681,22226,22466,22693,1353323186,164540264,6508577,4635,"",1.38,4.04,4.05,4.07,3.94,2.99,2.73,0.97,"",3,0.4,1415,6.8,1276,6.0,1196,5.6,-264035037,-16.3,8425136,5.4,306576,4.9,-1243,-21.1
"C4194","5","518210","48","0","2019","1","",325,7415,7473,7462,457267769,54527088,2235270,4721,"",1.75,2.91,2.91,2.89,2.20,2.03,1.93,0.76,"",-21,-6.1,-381,-4.9,-215,-2.8,-263,-3.4,-64929145,-12.4,-4955010,-8.3,-388548,-14.8,-471,-9.1
"C4198","5","518210","48","0","2019","1","",33,2483,2451,2483,32727639,14868620,316079,1018,"",0.42,1.75,1.71,1.72,1.30,1.61,1.21,0.75,"",1,3.1,332,15.4,308,14.4,277,12.6,7776640,31.2,1702270,12.9,-30582,-8.8,132,14.9
"C4202","5","518210","48","0","2019","1","",9,93,96,98,1852206,658014,28124,1489,"",0.35,0.35,0.35,0.36,0.24,0.31,0.33,0.67,"",4,80.0,12,14.8,13,15.7,14,16.7,495562,36.5,84950,14.8,-582,-2.0,227,18.0
"C4210","5","518210","48","0","2019","1","",10,31,30,34,1043025,224914,6073,2534,"",0.42,0.14,0.13,0.15,0.15,0.12,0.08,1.09,"",3,42.9,0,0.0,-3,-9.1,1,3.0,-44422,-4.1,-9451,-4.0,-638,-9.5,-53,-2.0
"C4214","5","518210","48","0","2019","1","",10,20,18,16,216201,178102,1551,924,"",0.68,0.14,0.13,0.11,0.06,0.12,0.15,0.49,"",1,11.1,4,25.0,0,0.0,1,6.7,40766,23.2,7856,4.6,847,120.3,98,11.9
"C4220","5","518210","48","0","2019","1","",16,198,195,198,5590767,1343935,74137,2183,"",0.42,0.45,0.44,0.44,0.40,0.38,0.51,0.91,"",1,6.7,-7,-3.4,-5,-2.5,-9,-4.3,-32505,-0.6,13143,1.0,5358,7.8,63,3.0
"C4222","5","518210","48","0","2019","1","",11,88,87,89,1433093,607871,33492,1253,"",0.22,0.19,0.18,0.19,0.09,0.14,0.18,0.51,"",1,10.0,5,6.0,4,4.8,6,7.2,212452,17.4,25795,4.4,5272,18.7,122,10.8
"C4234","5","518210","48","0","2019","1","",12,92,90,92,1968834,750247,13440,1658,"",0.50,0.23,0.22,0.22,0.18,0.18,0.27,0.79,"",4,50.0,39,73.6,39,76.5,42,84.0,441937,28.9,337174,81.6,9813,270.6,-630,-27.5
"C4254","5","518210","48","0","2019","1","N",16,0,0,0,0,0,0,0,"N",0.47,0,0,0,0,0,0,0,"N",3,23.1,0,0,0,0,0,0,0,0,0,0,0,0,0,0
"C4266","5","518210","48","0","2019","1","",571,11177,11309,11470,560839119,356323067,3219341,3812,"",1.69,2.44,2.48,2.49,2.52,3.06,3.15,1.02,"",67,13.3,1076,10.7,1174,11.6,1380,13.7,171956413,44.2,72449918,25.5,202085,6.7,853,28.8
"C4268","5","518210","48","0","2019","1","",11,52,51,50,777631,359289,1452,1173,"",0.85,0.42,0.41,0.40,0.25,0.35,0.18,0.61,"",1,10.0,13,33.3,11,27.5,7,16.3,155714,25.0,89763,33.3,497,52.0,-3,-0.3
"C4270","5","518210","48","0","2019","1","N",1,0,0,0,0,0,0,0,"N",0.17,0,0,0,0,0,0,0,"N",0,0.0,0,0,0,0,0,0,0,0,0,0,0,0,0,0
"C4310","5","518210","48","0","2019","1","-",0,0,0,0,0,0,0,0,"N",0.00,0,0,0,0,0,0,0,"N",0,0,0,0,0,0,0,0,0,0,0,0,0,0,0,0
"C4330","5","518210","48","0","2019","1","N",2,0,0,0,0,0,0,0,"N",0.26,0,0,0,0,0,0,0,"N",1,100.0,0,0,0,0,0,0,0,0,0,0,0,0,0,0
"C4334","5","518210","48","0","2019","1","N",24,0,0,0,0,0,0,0,"N",0.83,0,0,0,0,0,0,0,"N",0,0.0,0,0,0,0,0,0,0,0,0,0,0,0,0,0
"C4342","5","518210","48","0","2019","1","",7,14,13,14,231360,94979,2176,1302,"",1.25,0.18,0.17,0.18,0.11,0.19,0.25,0.65,"",1,16.7,0,0.0,-2,-13.3,-1,-6.7,52924,29.7,18903,24.8,-133,-5.8,366,39.1
"C4358","5","518210","48","0","2019","1","N",4,0,0,0,0,0,0,0,"N",0.30,0,0,0,0,0,0,0,"N",3,300.0,0,0,0,0,0,0,0,0,0,0,0,0,0,0
"C4362","5","518210","48","0","2019","1","",36,77,78,80,1711684,1043599,8832,1681,"",1.43,0.22,0.22,0.23,0.17,0.25,0.44,0.76,"N",2,5.9,0,0,0,0,0,0,0,0,0,0,0,0,0,0
"C4378","5","518210","48","0","2019","1","N",11,0,0,0,0,0,0,0,"N",0.69,0,0,0,0,0,0,0,"N",1,10.0,0,0,0,0,0,0,0,0,0,0,0,0,0,0
"C4390","5","518210","48","0","2019","1","",9,18,20,20,644515,219559,5094,2564,"",0.51,0.05,0.06,0.06,0.07,0.05,0.08,1.23,"N",1,12.5,0,0,0,0,0,0,0,0,0,0,0,0,0,0
"C4406","5","518210","48","0","2019","1","",39,188,183,196,3272532,2901789,25209,1332,"",0.85,0.35,0.34,0.36,0.21,0.38,0.33,0.61,"",1,2.6,-34,-15.3,-22,-10.7,-11,-5.3,86018,2.7,-94381,-3.2,1463,6.2,172,14.8
"C4410","5","518210","48","0","2019","1","",10,168,180,182,3241393,1860047,15119,1411,"",0.80,0.56,0.60,0.61,0.35,0.90,0.33,0.59,"",-3,-23.1,-2,-1.2,11,6.5,16,9.6,424584,15.1,77397,4.3,3495,30.1,124,9.6
"C4414","5","518210","48","0","2019","1","N",10,0,0,0,0,0,0,0,"N",0.17,0,0,0,0,0,0,0,"N",2,25.0,0,0,0,0,0,0,0,0,0,0,0,0,0,0
"C4418","5","518210","48","0","2019","1","",17,522,523,511,4897462,3702602,43035,726,"",0.53,1.12,1.11,1.08,0.44,0.80,0.93,0.39,"",3,21.4,48,10.1,49,10.3,40,8.5,307254,6.7,299876,8.8,-8137,-15.9,-20,-2.7
"C4422","5","518210","48","0","2019","1","",3,3,3,3,22587,20820,989,579,"",0.48,0.03,0.03,0.03,0.01,0.02,0.04,0.31,"N",1,50.0,0,0,0,0,0,0,0,0,0,0,0,0,0,0
"C4430","5","518210","48","0","2019","1","",7,65,64,67,1403300,552828,42445,1652,"",0.78,0.42,0.41,0.43,0.30,0.51,0.78,0.72,"",0,0.0,-22,-25.3,-22,-25.6,-21,-23.9,-212713,-13.2,-150396,-21.4,-1755,-4.0,223,15.6
"C4470","5","518210","48","0","2019","1","N",1,0,0,0,0,0,0,0,"N",0.02,0,0,0,0,0,0,0,"N",0,0.0,0,0,0,0,0,0,0,0,0,0,0,0,0,0
"C4506","5","518210","48","0","2019","1","",19,304,300,310,3140662,2405752,62462,793,"",0.47,0.45,0.44,0.45,0.15,0.37,0.45,0.34,"N",1,5.6,0,0,0,0,0,0,0,0,0,0,0,0,0,0
"C4522","5","518210","48","0","2019","1","N",33,0,0,0,0,0,0,0,"N",1.26,0,0,0,0,0,0,0,"N",11,50.0,0,0,0,0,0,0,0,0,0,0,0,0,0,0
"C4530","5","518210","48","0","2019","1","",223,3695,3766,3687,123290209,27255514,173399,2552,"",0.95,1.24,1.25,1.22,1.35,1.04,1.04,1.09,"N",9,4.2,0,0,0,0,0,0,0,0,0,0,0,0,0,0
"C4546","5","518210","48","0","2019","1","-",0,0,0,0,0,0,0,0,"N",0.00,0,0,0,0,0,0,0,"N",0,0,0,0,0,0,0,0,0,0,0,0,0,0,0,0
"C4550","5","518210","48","0","2019","1","N",1,0,0,0,0,0,0,0,"N",0.11,0,0,0,0,0,0,0,"N",1,100.0,0,0,0,0,0,0,0,0,0,0,0,0,0,0
"C4554","5","518210","48","0","2019","1","N",2,0,0,0,0,0,0,0,"N",0.40,0,0,0,0,0,0,0,"N",0,0.0,0,0,0,0,0,0,0,0,0,0,0,0,0,0
"C4578","5","518210","48","0","2019","1","",19,108,107,107,1879466,835663,24170,1347,"",0.53,0.16,0.16,0.16,0.10,0.13,0.13,0.60,"",5,35.7,55,103.8,55,105.8,58,118.4,576340,44.2,372794,80.5,15263,171.4,-606,-31.0
"C4582","5","518210","48","0","2019","1","",8,398,395,392,7238534,4439539,99037,1410,"",0.52,1.63,1.61,1.59,1.13,1.66,2.53,0.70,"",0,0.0,21,5.6,10,2.6,3,0.8,742135,11.4,173413,4.1,-8571,-8.0,108,8.3
"C4594","5","518210","48","0","2019","1","",35,383,397,409,10760113,7474606,111040,2088,"",1.26,0.66,0.68,0.70,0.38,0.80,0.79,0.56,"",-3,-7.9,4,1.1,12,3.1,20,5.1,3782721,54.2,1775883,31.2,1866,1.7,691,49.5
"C4606","5","518210","48","0","2019","1","",23,164,166,169,5181738,1138367,15479,2396,"",0.49,0.19,0.19,0.20,0.21,0.17,0.15,1.11,"",-1,-4.2,-31,-15.9,-27,-14.0,-27,-13.8,-7230148,-58.3,-162770,-12.5,-7920,-33.8,-2509,-51.2
"C4614","5","518210","48","0","2019","1","",48,229,236,231,7455045,3738783,53417,2472,"",0.68,0.23,0.24,0.23,0.24,0.24,0.30,1.05,"",3,6.7,-36,-13.6,-34,-12.6,-29,-11.2,108022,1.5,-102030,-2.7,-118,-0.2,339,15.9
"C4622","5","518210","48","0","2019","1","N",5,0,0,0,0,0,0,0,"N",0.39,0,0,0,0,0,0,0,"N",-4,-44.4,0,0,0,0,0,0,0,0,0,0,0,0,0,0
"C4634","5","518210","48","0","2019","1","",6,7,7,7,121223,51065,181,1332,"",0.38,0.03,0.03,0.03,0.02,0.02,0.00,0.67,"",-1,-14.3,-5,-41.7,-6,-46.2,-7,-50.0,-2040,-1.7,-11549,-18.4,-433,-70.5,603,82.7
"C4652","5","518210","48","0","2019","1","",74,303,297,306,6246474,5820785,54260,1591,"",1.10,0.28,0.27,0.28,0.19,0.36,0.29,0.66,"",8,12.1,-17,-5.3,-25,-7.8,-16,-5.0,5435,0.1,31683,0.5,-12042,-18.2,97,6.5
"C4654","5","518210","48","0","2019","1","N",3,0,0,0,0,0,0,0,"N",0.19,0,0,0,0,0,0,0,"N",-5,-62.5,0,0,0,0,0,0,0,0,0,0,0,0,0,0
"C4666","5","518210","48","0","2019","1","N",1,0,0,0,0,0,0,0,"N",0.12,0,0,0,0,0,0,0,"N",0,0.0,0,0,0,0,0,0,0,0,0,0,0,0,0,0
"C4670","5","518210","48","0","2019","1","",8,85,79,86,1762938,536575,26840,1627,"",0.27,0.26,0.24,0.27,0.15,0.21,0.24,0.57,"N",1,14.3,0,0,0,0,0,0,0,0,0,0,0,0,0,0
"C4702","5","518210","48","0","2019","1","N",2,0,0,0,0,0,0,0,"N",0.30,0,0,0,0,0,0,0,"N",0,0.0,0,0,0,0,0,0,0,0,0,0,0,0,0,0
"C4722","5","518210","48","0","2019","1","N",2,0,0,0,0,0,0,0,"N",0.25,0,0,0,0,0,0,0,"N",0,0.0,0,0,0,0,0,0,0,0,0,0,0,0,0,0
"C4726","5","518210","48","0","2019","1","",60,1273,1261,1259,17726714,8313151,161707,1079,"",0.57,0.75,0.74,0.73,0.38,0.62,0.89,0.51,"",4,7.1,-126,-9.0,-134,-9.6,-122,-8.8,977010,5.8,-523953,-5.9,-67045,-29.3,153,16.5
"C4730","5","518210","48","0","2019","1","N",1,0,0,0,0,0,0,0,"N",0.04,0,0,0,0,0,0,0,"N",1,100.0,0,0,0,0,0,0,0,0,0,0,0,0,0,0
"C4738","5","518210","48","0","2019","1","N",9,0,0,0,0,0,0,0,"N",0.63,0,0,0,0,0,0,0,"N",0,0.0,0,0,0,0,0,0,0,0,0,0,0,0,0,0
"C4746","5","518210","48","0","2019","1","",4,29,28,28,357180,354852,4699,970,"",0.66,0.45,0.44,0.43,0.22,0.51,0.76,0.50,"",0,0.0,0,0.0,-3,-9.7,-2,-6.7,-60900,-14.6,-45514,-11.4,-2363,-33.5,-102,-9.5
"C4758","5","518210","48","0","2019","1","N",1,0,0,0,0,0,0,0,"N",0.12,0,0,0,0,0,0,0,"N",0,0.0,0,0,0,0,0,0,0,0,0,0,0,0,0,0
"C4790","5","518210","48","0","2019","1","",736,12640,12711,12732,438494263,108059880,2040820,2657,"",1.52,1.77,1.77,1.76,1.31,1.60,1.77,0.74,"",82,12.5,1745,16.0,1722,15.7,1817,16.6,40492998,10.2,17756938,19.7,-644708,-24.0,-143,-5.1
"C4794","5","518210","48","0","2019","1","N",11,0,0,0,0,0,0,0,"N",0.89,0,0,0,0,0,0,0,"N",2,22.2,0,0,0,0,0,0,0,0,0,0,0,0,0,0
"C4806","5","518210","48","0","2019","1","N",2,0,0,0,0,0,0,0,"N",0.29,0,0,0,0,0,0,0,"N",1,100.0,0,0,0,0,0,0,0,0,0,0,0,0,0,0
"C4814","5","518210","48","0","2019","1","",3,19,19,19,259974,207733,1792,1053,"",0.34,0.12,0.12,0.12,0.06,0.10,0.06,0.51,"N",2,200.0,0,0,0,0,0,0,0,0,0,0,0,0,0,0
"C4830","5","518210","48","0","2019","1","N",9,0,0,0,0,0,0,0,"N",0.77,0,0,0,0,0,0,0,"N",0,0.0,0,0,0,0,0,0,0,0,0,0,0,0,0,0
"C4862","5","518210","48","0","2019","1","",23,98,98,91,1411355,882935,16143,1135,"",0.60,0.15,0.14,0.13,0.07,0.09,0.09,0.52,"",2,9.5,-144,-59.5,-108,-52.4,-109,-54.5,-2112399,-59.9,-1630921,-64.9,-31006,-65.8,-120,-9.6
"C4866","5","518210","48","0","2019","1","N",4,0,0,0,0,0,0,0,"N",0.43,0,0,0,0,0,0,0,"N",0,0.0,0,0,0,0,0,0,0,0,0,0,0,0,0,0
"C4870","5","518210","48","0","2019","1","N",1,0,0,0,0,0,0,0,"N",0.13,0,0,0,0,0,0,0,"N",1,100.0,0,0,0,0,0,0,0,0,0,0,0,0,0,0
"C4890","5","518210","48","0","2019","1","N",23,0,0,0,0,0,0,0,"N",0.94,0,0,0,0,0,0,0,"N",2,9.5,0,0,0,0,0,0,0,0,0,0,0,0,0,0
"C4902","5","518210","48","0","2019","1","N",2,0,0,0,0,0,0,0,"N",0.21,0,0,0,0,0,0,0,"N",-2,-50.0,0,0,0,0,0,0,0,0,0,0,0,0,0,0
"C4918","5","518210","48","0","2019","1","N",27,0,0,0,0,0,0,0,"N",0.75,0,0,0,0,0,0,0,"N",1,3.8,0,0,0,0,0,0,0,0,0,0,0,0,0,0
"C4934","5","518210","48","0","2019","1","N",36,0,0,0,0,0,0,0,"N",0.49,0,0,0,0,0,0,0,"N",2,5.9,0,0,0,0,0,0,0,0,0,0,0,0,0,0
"C4942","5","518210","48","0","2019","1","N",3,0,0,0,0,0,0,0,"N",0.15,0,0,0,0,0,0,0,"N",0,0.0,0,0,0,0,0,0,0,0,0,0,0,0,0,0
"C4962","5","518210","48","0","2019","1","N",9,0,0,0,0,0,0,0,"N",0.40,0,0,0,0,0,0,0,"N",-1,-10.0,0,0,0,0,0,0,0,0,0,0,0,0,0,0
"C4966","5","518210","48","0","2019","1","",11,235,246,248,3806138,1983112,46568,1205,"",0.34,0.50,0.52,0.53,0.34,0.46,0.31,0.66,"",2,22.2,13,5.9,20,8.8,23,10.2,497765,15.0,206133,11.6,2105,4.7,71,6.3
"C4970","5","518210","48","0","2019","1","N",2,0,0,0,0,0,0,0,"N",0.16,0,0,0,0,0,0,0,"N",0,0.0,0,0,0,0,0,0,0,0,0,0,0,0,0,0
"C4974","5","518210","48","0","2019","1","N",2,0,0,0,0,0,0,0,"N",0.25,0,0,0,0,0,0,0,"N",-2,-50.0,0,0,0,0,0,0,0,0,0,0,0,0,0,0
"US000","1","518210","18","0","2019","1","",1,1139,1139,1144,16381249,0,0,1105,"",1.00,1.00,1.00,1.00,1.00,0.00,0.00,1.00,"",0,0.0,-24,-2.1,-18,-1.6,-10,-0.9,-1567959,-8.7,0,0.0,0,0.0,-87,-7.3
"US000","2","518210","18","0","2019","1","",20,940,935,954,18150723,0,0,1481,"",1.00,1.00,1.00,1.00,1.00,0.00,0.00,1.00,"",1,5.3,1,0.1,1,0.1,0,0.0,314557,1.8,0,0.0,0,0.0,25,1.7
"US000","3","518210","18","0","2019","1","",100,2758,2774,2766,48648067,437303,23068,1353,"",1.00,1.00,1.00,1.00,1.00,1.00,1.00,1.00,"",0,0.0,-92,-3.2,-72,-2.5,-83,-2.9,328166,0.7,227982,108.9,21342,1236.5,48,3.7
"US000","5","518210","18","0","2019","1","",25139,332100,334077,335746,11743390596,3840076788,80068534,2705,"",1.00,1.00,1.00,1.00,1.00,1.00,1.00,1.00,"",2384,10.5,6486,2.0,5739,1.7,6822,2.1,504426351,4.5,178983389,4.9,-1585165,-1.9,66,2.5
