"area_fips","own_code","industry_code","agglvl_code","size_code","year","qtr","disclosure_code","qtrly_estabs","month1_emplvl","month2_emplvl","month3_emplvl","total_qtrly_wages","taxable_qtrly_wages","qtrly_contributions","avg_wkly_wage","lq_disclosure_code","lq_qtrly_estabs","lq_month1_emplvl","lq_month2_emplvl","lq_month3_emplvl","lq_total_qtrly_wages","lq_taxable_qtrly_wages","lq_qtrly_contributions","lq_avg_wkly_wage","oty_disclosure_code","oty_qtrly_estabs_chg","oty_qtrly_estabs_pct_chg","oty_month1_emplvl_chg","oty_month1_emplvl_pct_chg","oty_month2_emplvl_chg","oty_month2_emplvl_pct_chg","oty_month3_emplvl_chg","oty_month3_emplvl_pct_chg","oty_total_qtrly_wages_chg","oty_total_qtrly_wages_pct_chg","oty_taxable_qtrly_wages_chg","oty_taxable_qtrly_wages_pct_chg","oty_qtrly_contributions_chg","oty_qtrly_contributions_pct_chg","oty_avg_wkly_wage_chg","oty_avg_wkly_wage_pct_chg"
"01000","2","518210","58","0","2022","2","",1,13,13,13,253636,0,0,1501,"",4.10,1.07,1.06,1.06,1.20,0.00,0.00,1.13,"N",0,0.0,0,0,0,0,0,0,0,0,0,0,0,0,0,0
"01000","5","518210","58","0","2022","2","",1083,2722,2795,2798,66037025,3986137,76662,1833,"",1.84,0.44,0.45,0.44,0.33,0.39,0.65,0.75,"",325,42.9,404,17.4,469,20.2,471,20.2,16110953,32.3,1029937,34.8,11616,17.9,180,10.9
"01001","5","518210","78","0","2022","2","N",2,0,0,0,0,0,0,0,"N",0.50,0,0,0,0,0,0,0,"N",0,0.0,0,0,0,0,0,0,0,0,0,0,0,0,0,0
"01003","5","518210","78","0","2022","2","",34,87,96,70,1427463,178150,2792,1302,"",1.11,0.36,0.39,0.27,0.22,0.34,0.50,0.64,"",12,54.5,11,14.5,22,29.7,5,7.7,227428,19.0,124349,231.1,1630,140.3,14,1.1
"01009","5","518210","78","0","2022","2","N",1,0,0,0,0,0,0,0,"N",0.28,0,0,0,0,0,0,0,"N",1,100.0,0,0,0,0,0,0,0,0,0,0,0,0,0,0
"01015","5","518210","78","0","2022","2","",6,7,7,8,114140,13288,548,1197,"",0.56,0.05,0.05,0.06,0.03,0.07,0.25,0.60,"",2,50.0,1,16.7,2,40.0,4,100.0,42778,59.9,3959,42.4,-133,-19.5,99,9.0
"01017","5","518210","78","0","2022","2","N",3,0,0,0,0,0,0,0,"N",1.06,0,0,0,0,0,0,0,"N",2,200.0,0,0,0,0,0,0,0,0,0,0,0,0,0,0
"01019","5","518210","78","0","2022","2","N",1,0,0,0,0,0,0,0,"N",0.55,0,0,0,0,0,0,0,"N",-1,-50.0,0,0,0,0,0,0,0,0,0,0,0,0,0,0
"01021","5","518210","78","0","2022","2","N",1,0,0,0,0,0,0,0,"N",0.30,0,0,0,0,0,0,0,"N",1,100.0,0,0,0,0,0,0,0,0,0,0,0,0,0,0
"01027","5","518210","78","0","2022","2","-",0,0,0,0,0,0,0,0,"N",0.00,0,0,0,0,0,0,0,"N",0,0,0,0,0,0,0,0,0,0,0,0,0,0,0,0
"01029","5","518210","78","0","2022","2","-",0,0,0,0,0,0,0,0,"N",0.00,0,0,0,0,0,0,0,"N",-1,-100.0,0,0,0,0,0,0,0,0,0,0,0,0,0,0
"01031","5","518210","78","0","2022","2","",6,5,5,5,50866,6826,71,783,"",1.23,0.10,0.10,0.10,0.04,0.07,0.08,0.41,"",0,0.0,-1,-16.7,-1,-16.7,-1,-16.7,-62028,-54.9,454,7.1,-13,-15.5,-664,-45.9
"01033","5","518210","78","0","2022","2","N",2,0,0,0,0,0,0,0,"N",0.34,0,0,0,0,0,0,0,"N",1,100.0,0,0,0,0,0,0,0,0,0,0,0,0,0,0
"01037","5","518210","78","0","2022","2","N",2,0,0,0,0,0,0,0,"N",3.36,0,0,0,0,0,0,0,"N",0,0.0,0,0,0,0,0,0,0,0,0,0,0,0,0,0
"01043","5","518210","78","0","2022","2","",4,4,4,4,108758,6404,45,2092,"",0.48,0.04,0.04,0.04,0.04,0.04,0.03,1.02,"N",1,33.3,0,0,0,0,0,0,0,0,0,0,0,0,0,0
"01045","5","518210","78","0","2022","2","N",1,0,0,0,0,0,0,0,"N",0.25,0,0,0,0,0,0,0,"N",1,100.0,0,0,0,0,0,0,0,0,0,0,0,0,0,0
"01047","5","518210","78","0","2022","2","-",0,0,0,0,0,0,0,0,"N",0.00,0,0,0,0,0,0,0,"N",0,0,0,0,0,0,0,0,0,0,0,0,0,0,0,0
"01049","5","518210","78","0","2022","2","-",0,0,0,0,0,0,0,0,"N",0.00,0,0,0,0,0,0,0,"N",0,0,0,0,0,0,0,0,0,0,0,0,0,0,0,0
"01051","5","518210","78","0","2022","2","",9,12,12,12,565191,18694,481,3623,"",1.41,0.20,0.20,0.19,0.40,0.18,0.47,2.02,"",5,125.0,9,300.0,9,300.0,9,300.0,399265,240.6,16361,701.3,418,663.5,-632,-14.9
"01053","5","518210","78","0","2022","2","N",1,0,0,0,0,0,0,0,"N",0.28,0,0,0,0,0,0,0,"N",1,100.0,0,0,0,0,0,0,0,0,0,0,0,0,0,0
"01055","5","518210","78","0","2022","2","N",1,0,0,0,0,0,0,0,"N",0.11,0,0,0,0,0,0,0,"N",0,0.0,0,0,0,0,0,0,0,0,0,0,0,0,0,0
"01061","5","518210","78","0","2022","2","-",0,0,0,0,0,0,0,0,"N",0.00,0,0,0,0,0,0,0,"N",0,0,0,0,0,0,0,0,0,0,0,0,0,0,0,0
"01065","5","518210","78","0","2022","2","N",1,0,0,0,0,0,0,0,"N",0.82,0,0,0,0,0,0,0,"N",0,0.0,0,0,0,0,0,0,0,0,0,0,0,0,0,0
"01069","5","518210","78","0","2022","2","N",6,0,0,0,0,0,0,0,"N",0.45,0,0,0,0,0,0,0,"N",2,50.0,0,0,0,0,0,0,0,0,0,0,0,0,0,0
"01071","5","518210","78","0","2022","2","N",3,0,0,0,0,0,0,0,"N",0.68,0,0,0,0,0,0,0,"N",2,200.0,0,0,0,0,0,0,0,0,0,0,0,0,0,0
"01073","5","518210","78","0","2022","2","",112,352,363,375,8486716,379385,6266,1797,"",1.32,0.32,0.33,0.34,0.21,0.22,0.33,0.64,"",30,36.6,-26,-6.9,-16,-4.2,9,2.5,933934,12.4,55098,17.0,-905,-12.6,245,15.8
"01077","5","518210","78","0","2022","2","",4,12,14,15,142339,27922,754,801,"",0.44,0.13,0.15,0.16,0.06,0.17,0.39,0.43,"N",2,100.0,0,0,0,0,0,0,0,0,0,0,0,0,0,0
"01081","5","518210","78","0","2022","2","",30,135,137,137,2434652,154902,3062,1374,"",1.95,0.71,0.72,0.71,0.46,0.49,0.88,0.64,"",9,42.9,22,19.5,20,17.1,17,14.2,558214,29.7,6310,4.2,57,1.9,137,11.1
"01083","5","518210","78","0","2022","2","",7,7,8,9,265486,16000,432,2553,"",1.01,0.08,0.10,0.11,0.10,0.12,0.24,1.07,"",1,16.7,-59,-89.4,-63,-88.7,-67,-88.2,-17876,-6.3,-116157,-87.9,-1686,-79.6,2246,731.6
"01087","5","518210","78","0","2022","2","N",1,0,0,0,0,0,0,0,"N",0.86,0,0,0,0,0,0,0,"N",1,100.0,0,0,0,0,0,0,0,0,0,0,0,0,0,0
"01089","5","518210","78","0","2022","2","",75,218,228,229,8719309,342319,6628,2981,"",1.57,0.33,0.34,0.34,0.32,0.36,0.65,0.96,"",27,56.2,11,5.3,24,11.8,26,12.8,1585485,22.2,83806,32.4,1520,29.8,300,11.2
"01093","5","518210","78","0","2022","2","N",1,0,0,0,0,0,0,0,"N",0.38,0,0,0,0,0,0,0,"N",0,0.0,0,0,0,0,0,0,0,0,0,0,0,0,0,0
"01095","5","518210","78","0","2022","2","",6,14,16,15,328934,20595,144,1687,"",0.65,0.12,0.13,0.12,0.11,0.10,0.07,0.89,"",-1,-14.3,2,16.7,4,33.3,2,15.4,108618,49.3,-1938,-8.6,-124,-46.3,313,22.8
"01097","5","518210","78","0","2022","2","",37,113,114,114,1775286,176197,2526,1201,"",0.82,0.21,0.22,0.21,0.11,0.20,0.22,0.50,"",5,15.6,11,10.8,13,12.9,9,8.6,316753,21.7,-49351,-21.9,-4541,-64.3,108,9.9
"01101","2","518210","78","0","2022","2","",1,13,13,13,253636,0,0,1501,"",88.09,16.88,16.66,16.83,19.17,0.00,0.00,1.14,"N",0,0.0,0,0,0,0,0,0,0,0,0,0,0,0,0,0
"01101","5","518210","78","0","2022","2","",30,244,247,245,4462761,201956,2678,1399,"",1.10,0.62,0.63,0.62,0.36,0.36,0.41,0.58,"",8,36.4,-63,-20.5,-62,-20.1,-71,-22.5,9166,0.2,-32956,-14.0,-1799,-40.2,296,26.8
"01103","5","518210","78","0","2022","2","",9,34,34,35,434779,17534,123,974,"",0.74,0.22,0.22,0.22,0.09,0.07,0.04,0.39,"",-2,-18.2,-10,-22.7,-10,-22.7,-7,-16.7,-114695,-20.9,-50577,-74.3,-933,-88.4,-1,-0.1
"01107","5","518210","78","0","2022","2","N",1,0,0,0,0,0,0,0,"N",0.71,0,0,0,0,0,0,0,"N",0,0.0,0,0,0,0,0,0,0,0,0,0,0,0,0,0
"01109","5","518210","78","0","2022","2","N",1,0,0,0,0,0,0,0,"N",0.33,0,0,0,0,0,0,0,"N",0,0.0,0,0,0,0,0,0,0,0,0,0,0,0,0,0
"01111","5","518210","78","0","2022","2","-",0,0,0,0,0,0,0,0,"N",0.00,0,0,0,0,0,0,0,"N",-1,-100.0,0,0,0,0,0,0,0,0,0,0,0,0,0,0
"01113","5","518210","78","0","2022","2","",6,5,5,5,102343,16943,442,1575,"",1.38,0.12,0.12,0.12,0.10,0.23,0.58,0.82,"N",3,100.0,0,0,0,0,0,0,0,0,0,0,0,0,0,0
"01115","5","518210","78","0","2022","2","N",4,0,0,0,0,0,0,0,"N",0.58,0,0,0,0,0,0,0,"N",2,100.0,0,0,0,0,0,0,0,0,0,0,0,0,0,0
"01117","5","518210","78","0","2022","2","",45,112,121,112,2742681,141203,3365,1835,"",1.67,0.42,0.45,0.41,0.30,0.32,0.66,0.69,"",18,66.7,-26,-18.8,-14,-10.4,-31,-21.7,-228711,-7.7,6415,4.8,-50,-1.5,187,11.3
"01121","5","518210","78","0","2022","2","",3,4,4,4,112129,6296,170,2156,"",0.51,0.04,0.04,0.04,0.04,0.05,0.11,0.98,"N",1,50.0,0,0,0,0,0,0,0,0,0,0,0,0,0,0
"01123","5","518210","78","0","2022","2","N",1,0,0,0,0,0,0,0,"N",0.26,0,0,0,0,0,0,0,"N",0,0.0,0,0,0,0,0,0,0,0,0,0,0,0,0,0
"01125","5","518210","78","0","2022","2","",10,33,28,28,491318,49384,911,1274,"",0.50,0.11,0.10,0.10,0.06,0.11,0.18,0.55,"N",3,42.9,0,0,0,0,0,0,0,0,0,0,0,0,0,0
"01127","5","518210","78","0","2022","2","N",2,0,0,0,0,0,0,0,"N",0.34,0,0,0,0,0,0,0,"N",1,100.0,0,0,0,0,0,0,0,0,0,0,0,0,0,0
"01131","5","518210","78","0","2022","2","N",1,0,0,0,0,0,0,0,"N",0.93,0,0,0,0,0,0,0,"N",1,100.0,0,0,0,0,0,0,0,0,0,0,0,0,0,0
"01133","5","518210","78","0","2022","2","N",2,0,0,0,0,0,0,0,"N",1.01,0,0,0,0,0,0,0,"N",1,100.0,0,0,0,0,0,0,0,0,0,0,0,0,0,0
"01999","5","518210","78","0","2022","2","",611,1246,1271,1291,31912799,2041925,41473,1934,"",8.02,5.26,5.38,5.41,2.90,3.51,4.58,0.54,"",187,44.1,566,83.2,580,83.9,593,85.0,12658210,65.7,989964,94.1,17781,75.1,-214,-10.0
"02000","5","518210","58","0","2022","2","",76,106,103,115,2701800,1444861,34870,1924,"",0.79,0.11,0.10,0.11,0.07,0.14,0.18,0.67,"",8,11.8,13,14.0,11,12.0,20,21.1,989572,57.8,299856,26.2,11161,47.1,513,36.4
"02020","5","518210","78","0","2022","2","N",23,0,0,0,0,0,0,0,"N",0.68,0,0,0,0,0,0,0,"N",-2,-8.0,0,0,0,0,0,0,0,0,0,0,0,0,0,0
"02090","5","518210","78","0","2022","2","",7,12,12,13,651760,149802,4214,4065,"",0.75,0.11,0.11,0.12,0.17,0.15,0.22,1.49,"",1,16.7,6,100.0,5,71.4,5,62.5,431187,195.5,99998,200.8,3098,277.6,1641,67.7
"02110","5","518210","78","0","2022","2","N",1,0,0,0,0,0,0,0,"N",0.22,0,0,0,0,0,0,0,"N",-2,-66.7,0,0,0,0,0,0,0,0,0,0,0,0,0,0
"02122","5","518210","78","0","2022","2","N",6,0,0,0,0,0,0,0,"N",0.66,0,0,0,0,0,0,0,"N",2,50.0,0,0,0,0,0,0,0,0,0,0,0,0,0,0
"02170","5","518210","78","0","2022","2","",3,3,3,3,74426,46336,1175,1908,"",0.29,0.04,0.03,0.03,0.03,0.05,0.07,0.82,"N",0,0.0,0,0,0,0,0,0,0,0,0,0,0,0,0,0
"02999","5","518210","78","0","2022","2","",36,34,32,39,828102,491035,12067,1820,"",4.74,3.89,3.54,4.27,1.96,3.54,3.86,0.50,"",9,33.3,9,36.0,6,23.1,13,50.0,373936,82.3,190218,63.2,5297,78.2,459,33.7
"04000","5","518210","58","0","2022","2","",833,12602,12506,12507,327574911,11240710,225491,2010,"",1.02,1.33,1.32,1.34,0.95,0.81,1.33,0.71,"",30,3.7,1186,10.4,1159,10.2,1169,10.3,27418911,9.1,745650,7.1,-95179,-29.7,-21,-1.0
"04001","5","518210","78","0","2022","2","N",1,0,0,0,0,0,0,0,"N",0.40,0,0,0,0,0,0,0,"N",0,0.0,0,0,0,0,0,0,0,0,0,0,0,0,0,0
"04003","5","518210","78","0","2022","2","",8,41,40,40,807717,50737,1021,1540,"",0.81,0.39,0.38,0.39,0.24,0.40,0.67,0.62,"",0,0.0,1,2.5,0,0.0,-2,-4.8,98549,13.9,6260,14.1,-183,-15.2,199,14.8
"04005","5","518210","78","0","2022","2","N",6,0,0,0,0,0,0,0,"N",0.39,0,0,0,0,0,0,0,"N",0,0.0,0,0,0,0,0,0,0,0,0,0,0,0,0,0
"04007","5","518210","78","0","2022","2","N",2,0,0,0,0,0,0,0,"N",0.46,0,0,0,0,0,0,0,"N",0,0.0,0,0,0,0,0,0,0,0,0,0,0,0,0,0
"04013","5","518210","78","0","2022","2","",524,11270,11197,11134,287885189,9491114,197578,1977,"",1.01,1.69,1.68,1.69,1.13,0.97,1.68,0.67,"",15,2.9,765,7.3,780,7.5,727,7.0,14501233,5.3,103821,1.1,-84291,-29.9,-37,-1.8
"04015","5","518210","78","0","2022","2","N",4,0,0,0,0,0,0,0,"N",0.22,0,0,0,0,0,0,0,"N",-2,-33.3,0,0,0,0,0,0,0,0,0,0,0,0,0,0
"04019","5","518210","78","0","2022","2","",37,202,211,215,8155761,177942,2744,2997,"",0.42,0.17,0.18,0.19,0.22,0.12,0.18,1.20,"",-1,-2.6,-1,-0.5,11,5.5,10,4.9,1370123,20.2,19782,12.5,-917,-25.0,421,16.3
"04021","5","518210","78","0","2022","2","N",3,0,0,0,0,0,0,0,"N",0.19,0,0,0,0,0,0,0,"N",1,50.0,0,0,0,0,0,0,0,0,0,0,0,0,0,0
"04023","5","518210","78","0","2022","2","N",2,0,0,0,0,0,0,0,"N",0.42,0,0,0,0,0,0,0,"N",1,100.0,0,0,0,0,0,0,0,0,0,0,0,0,0,0
"04025","5","518210","78","0","2022","2","N",4,0,0,0,0,0,0,0,"N",0.15,0,0,0,0,0,0,0,"N",1,33.3,0,0,0,0,0,0,0,0,0,0,0,0,0,0
"04027","5","518210","78","0","2022","2","N",2,0,0,0,0,0,0,0,"N",0.13,0,0,0,0,0,0,0,"N",0,0.0,0,0,0,0,0,0,0,0,0,0,0,0,0,0
"04999","5","518210","78","0","2022","2","",240,1024,992,1049,28909023,1480083,23821,2177,"",2.90,4.62,4.33,4.56,2.51,2.30,3.08,0.56,"",15,6.7,412,67.3,360,57.0,417,66.0,10881858,60.4,637581,75.7,-8901,-27.2,-41,-1.8
"05000","2","518210","58","0","2022","2","",1,164,164,166,2611765,0,0,1220,"",6.13,21.85,21.49,21.97,21.32,0.00,0.00,0.98,"N",0,0.0,0,0,0,0,0,0,0,0,0,0,0,0,0,0
"05000","5","518210","58","0","2022","2","",1239,4486,4527,4624,114505901,6533982,133330,1938,"",3.16,1.17,1.17,1.19,0.99,0.72,1.71,0.84,"",416,50.5,816,22.2,829,22.4,864,23.0,20170173,21.4,2108770,47.7,31875,31.4,-18,-0.9
"05003","5","518210","78","0","2022","2","N",1,0,0,0,0,0,0,0,"N",0.48,0,0,0,0,0,0,0,"N",0,0.0,0,0,0,0,0,0,0,0,0,0,0,0,0,0
"05005","5","518210","78","0","2022","2","N",1,0,0,0,0,0,0,0,"N",0.20,0,0,0,0,0,0,0,"N",0,0.0,0,0,0,0,0,0,0,0,0,0,0,0,0,0
"05007","5","518210","78","0","2022","2","",56,312,314,331,6765962,613140,7250,1632,"",1.84,0.76,0.76,0.79,0.46,0.56,0.98,0.59,"",6,12.0,18,6.1,16,5.4,39,13.4,1076854,18.9,86325,16.4,-12386,-63.1,147,9.9
"05009","5","518210","78","0","2022","2","N",1,0,0,0,0,0,0,0,"N",0.26,0,0,0,0,0,0,0,"N",0,0.0,0,0,0,0,0,0,0,0,0,0,0,0,0,0
"05023","5","518210","78","0","2022","2","N",2,0,0,0,0,0,0,0,"N",0.79,0,0,0,0,0,0,0,"N",-1,-33.3,0,0,0,0,0,0,0,0,0,0,0,0,0,0
"05029","5","518210","78","0","2022","2","N",1,0,0,0,0,0,0,0,"N",0.49,0,0,0,0,0,0,0,"N",1,100.0,0,0,0,0,0,0,0,0,0,0,0,0,0,0
"05031","5","518210","78","0","2022","2","N",4,0,0,0,0,0,0,0,"N",0.34,0,0,0,0,0,0,0,"N",3,300.0,0,0,0,0,0,0,0,0,0,0,0,0,0,0
"05033","5","518210","78","0","2022","2","N",2,0,0,0,0,0,0,0,"N",0.40,0,0,0,0,0,0,0,"N",0,0.0,0,0,0,0,0,0,0,0,0,0,0,0,0,0
"05035","5","518210","78","0","2022","2","N",1,0,0,0,0,0,0,0,"N",0.22,0,0,0,0,0,0,0,"N",-1,-50.0,0,0,0,0,0,0,0,0,0,0,0,0,0,0
"05045","5","518210","78","0","2022","2","N",10,0,0,0,0,0,0,0,"N",0.81,0,0,0,0,0,0,0,"N",5,100.0,0,0,0,0,0,0,0,0,0,0,0,0,0,0
"05047","5","518210","78","0","2022","2","-",0,0,0,0,0,0,0,0,"N",0.00,0,0,0,0,0,0,0,"N",0,0,0,0,0,0,0,0,0,0,0,0,0,0,0,0
"05051","5","518210","78","0","2022","2","N",5,0,0,0,0,0,0,0,"N",0.39,0,0,0,0,0,0,0,"N",0,0.0,0,0,0,0,0,0,0,0,0,0,0,0,0,0
"05055","5","518210","78","0","2022","2","N",2,0,0,0,0,0,0,0,"N",0.55,0,0,0,0,0,0,0,"N",0,0.0,0,0,0,0,0,0,0,0,0,0,0,0,0,0
"05057","5","518210","78","0","2022","2","N",2,0,0,0,0,0,0,0,"N",0.96,0,0,0,0,0,0,0,"N",1,100.0,0,0,0,0,0,0,0,0,0,0,0,0,0,0
"05063","5","518210","78","0","2022","2","-",0,0,0,0,0,0,0,0,"N",0.00,0,0,0,0,0,0,0,"N",0,0,0,0,0,0,0,0,0,0,0,0,0,0,0,0
"05065","5","518210","78","0","2022","2","N",1,0,0,0,0,0,0,0,"N",1.01,0,0,0,0,0,0,0,"N",0,0.0,0,0,0,0,0,0,0,0,0,0,0,0,0,0
"05069","5","518210","78","0","2022","2","N",1,0,0,0,0,0,0,0,"N",0.13,0,0,0,0,0,0,0,"N",0,0.0,0,0,0,0,0,0,0,0,0,0,0,0,0,0
"05073","5","518210","78","0","2022","2","N",1,0,0,0,0,0,0,0,"N",1.56,0,0,0,0,0,0,0,"N",0,0.0,0,0,0,0,0,0,0,0,0,0,0,0,0,0
"05085","5","518210","78","0","2022","2","N",5,0,0,0,0,0,0,0,"N",0.93,0,0,0,0,0,0,0,"N",0,0.0,0,0,0,0,0,0,0,0,0,0,0,0,0,0
"05087","5","518210","78","0","2022","2","N",1,0,0,0,0,0,0,0,"N",0.91,0,0,0,0,0,0,0,"N",0,0.0,0,0,0,0,0,0,0,0,0,0,0,0,0,0
"05089","5","518210","78","0","2022","2","N",1,0,0,0,0,0,0,0,"N",0.86,0,0,0,0,0,0,0,"N",1,100.0,0,0,0,0,0,0,0,0,0,0,0,0,0,0
"05091","5","518210","78","0","2022","2","N",2,0,0,0,0,0,0,0,"N",0.56,0,0,0,0,0,0,0,"N",1,100.0,0,0,0,0,0,0,0,0,0,0,0,0,0,0
"05093","5","518210","78","0","2022","2","N",2,0,0,0,0,0,0,0,"N",0.49,0,0,0,0,0,0,0,"N",0,0.0,0,0,0,0,0,0,0,0,0,0,0,0,0,0
"05095","5","518210","78","0","2022","2","N",1,0,0,0,0,0,0,0,"N",1.01,0,0,0,0,0,0,0,"N",0,0.0,0,0,0,0,0,0,0,0,0,0,0,0,0,0
"05097","5","518210","78","0","2022","2","N",1,0,0,0,0,0,0,0,"N",1.52,0,0,0,0,0,0,0,"N",0,0.0,0,0,0,0,0,0,0,0,0,0,0,0,0,0
"05103","5","518210","78","0","2022","2","N",1,0,0,0,0,0,0,0,"N",0.41,0,0,0,0,0,0,0,"N",0,0.0,0,0,0,0,0,0,0,0,0,0,0,0,0,0
"05115","5","518210","78","0","2022","2","N",3,0,0,0,0,0,0,0,"N",0.42,0,0,0,0,0,0,0,"N",0,0.0,0,0,0,0,0,0,0,0,0,0,0,0,0,0
"05119","2","518210","78","0","2022","2","",1,164,164,166,2611765,0,0,1220,"",42.14,108.65,107.37,109.93,95.29,0.00,0.00,0.88,"N",0,0.0,0,0,0,0,0,0,0,0,0,0,0,0,0,0
"05119","5","518210","78","0","2022","2","",60,359,368,369,8154932,434251,6810,1717,"",1.05,0.47,0.48,0.47,0.32,0.28,0.59,0.67,"",6,11.1,17,5.0,28,8.2,25,7.3,-1823163,-18.3,-2431,-0.6,-1264,-15.7,-527,-23.5
"05125","5","518210","78","0","2022","2","N",8,0,0,0,0,0,0,0,"N",0.88,0,0,0,0,0,0,0,"N",0,0.0,0,0,0,0,0,0,0,0,0,0,0,0,0,0
"05129","5","518210","78","0","2022","2","N",1,0,0,0,0,0,0,0,"N",1.43,0,0,0,0,0,0,0,"N",1,100.0,0,0,0,0,0,0,0,0,0,0,0,0,0,0
"05131","5","518210","78","0","2022","2","N",7,0,0,0,0,0,0,0,"N",0.47,0,0,0,0,0,0,0,"N",2,40.0,0,0,0,0,0,0,0,0,0,0,0,0,0,0
"05135","5","518210","78","0","2022","2","N",1,0,0,0,0,0,0,0,"N",0.65,0,0,0,0,0,0,0,"N",0,0.0,0,0,0,0,0,0,0,0,0,0,0,0,0,0
"05139","5","518210","78","0","2022","2","N",1,0,0,0,0,0,0,0,"N",0.21,0,0,0,0,0,0,0,"N",0,0.0,0,0,0,0,0,0,0,0,0,0,0,0,0,0
"05143","5","518210","78","0","2022","2","",31,148,150,141,3780010,201250,6479,1987,"",1.18,0.41,0.42,0.39,0.34,0.25,1.09,0.83,"",3,10.7,6,4.2,11,7.9,-20,-12.4,537162,16.6,-50383,-20.0,-565,-8.0,294,17.4
"05145","5","518210","78","0","2022","2","N",1,0,0,0,0,0,0,0,"N",0.14,0,0,0,0,0,0,0,"N",-1,-50.0,0,0,0,0,0,0,0,0,0,0,0,0,0,0
"05999","5","518210","78","0","2022","2","",1021,1452,1479,1517,40544934,3135178,85731,2104,"",14.68,9.81,9.87,10.00,6.01,6.81,9.61,0.61,"",390,61.8,628,76.2,632,74.6,653,75.6,18442479,83.4,1289565,69.9,32319,60.5,92,4.6
"06000","3","518210","58","0","2022","2","",2,22,22,22,643790,0,0,2251,"",0.13,0.07,0.07,0.07,0.08,0.00,0.00,1.19,"N",0,0.0,0,0,0,0,0,0,0,0,0,0,0,0,0,0
"06000","5","518210","58","0","2022","2","",3756,71009,71474,72436,4364726598,62278725,1999170,4687,"",0.56,1.29,1.29,1.30,1.67,0.79,0.89,1.29,"",704,23.1,15520,28.0,15822,28.4,15782,27.9,1003134479,29.8,14091685,29.2,180613,9.9,64,1.4
"06001","5","518210","78","0","2022","2","",157,6381,6434,6572,505645681,4135783,114552,6019,"",0.58,2.64,2.65,2.68,4.01,1.38,1.42,1.51,"",25,18.9,129,2.1,148,2.4,267,4.2,-129574969,-20.4,1017317,32.6,9130,8.7,-1761,-22.6
"06003","5","518210","78","0","2022","2","N",2,0,0,0,0,0,0,0,"N",6.18,0,0,0,0,0,0,0,"N",0,0.0,0,0,0,0,0,0,0,0,0,0,0,0,0,0
"06005","5","518210","78","0","2022","2","-",0,0,0,0,0,0,0,0,"N",0.00,0,0,0,0,0,0,0,"N",0,0,0,0,0,0,0,0,0,0,0,0,0,0,0,0
"06007","5","518210","78","0","2022","2","N",3,0,0,0,0,0,0,0,"N",0.09,0,0,0,0,0,0,0,"N",-2,-40.0,0,0,0,0,0,0,0,0,0,0,0,0,0,0
"06009","5","518210","78","0","2022","2","-",0,0,0,0,0,0,0,0,"N",0.00,0,0,0,0,0,0,0,"N",-1,-100.0,0,0,0,0,0,0,0,0,0,0,0,0,0,0
"06013","5","518210","78","0","2022","2","",55,552,548,546,17684616,715066,31241,2479,"",0.38,0.49,0.48,0.48,0.34,0.47,0.77,0.70,"",0,0.0,238,75.8,238,76.8,206,60.6,6235498,54.5,474424,197.1,21023,205.7,-262,-9.6
"06017","5","518210","78","0","2022","2","N",7,0,0,0,0,0,0,0,"N",0.29,0,0,0,0,0,0,0,"N",0,0.0,0,0,0,0,0,0,0,0,0,0,0,0,0,0
"06019","5","518210","78","0","2022","2","N",12,0,0,0,0,0,0,0,"N",0.08,0,0,0,0,0,0,0,"N",0,0.0,0,0,0,0,0,0,0,0,0,0,0,0,0,0
"06023","5","518210","78","0","2022","2","N",1,0,0,0,0,0,0,0,"N",0.04,0,0,0,0,0,0,0,"N",0,0.0,0,0,0,0,0,0,0,0,0,0,0,0,0,0
"06025","5","518210","78","0","2022","2","N",1,0,0,0,0,0,0,0,"N",0.03,0,0,0,0,0,0,0,"N",1,100.0,0,0,0,0,0,0,0,0,0,0,0,0,0,0
"06029","5","518210","78","0","2022","2","N",7,0,0,0,0,0,0,0,"N",0.07,0,0,0,0,0,0,0,"N",0,0.0,0,0,0,0,0,0,0,0,0,0,0,0,0,0
"06031","5","518210","78","0","2022","2","N",2,0,0,0,0,0,0,0,"N",0.11,0,0,0,0,0,0,0,"N",0,0.0,0,0,0,0,0,0,0,0,0,0,0,0,0,0
"06037","5","518210","78","0","2022","2","",605,11020,10952,11032,517162154,8212817,264446,3616,"",0.28,0.80,0.79,0.79,0.87,0.41,0.48,1.09,"",61,11.2,2303,26.4,2195,25.1,1614,17.1,173376436,50.4,-2490567,-23.3,-149715,-36.1,666,22.6
"06039","5","518210","78","0","2022","2","N",1,0,0,0,0,0,0,0,"N",0.05,0,0,0,0,0,0,0,"N",0,0.0,0,0,0,0,0,0,0,0,0,0,0,0,0,0
"06041","5","518210","78","0","2022","2","",37,92,90,92,3402734,106495,3513,2866,"",0.73,0.27,0.27,0.27,0.20,0.25,0.33,0.74,"N",6,19.4,0,0,0,0,0,0,0,0,0,0,0,0,0,0
"06045","5","518210","78","0","2022","2","N",2,0,0,0,0,0,0,0,"N",0.12,0,0,0,0,0,0,0,"N",1,100.0,0,0,0,0,0,0,0,0,0,0,0,0,0,0
"06047","5","518210","78","0","2022","2","N",1,0,0,0,0,0,0,0,"N",0.03,0,0,0,0,0,0,0,"N",0,0.0,0,0,0,0,0,0,0,0,0,0,0,0,0,0
"06051","5","518210","78","0","2022","2","N",1,0,0,0,0,0,0,0,"N",0.35,0,0,0,0,0,0,0,"N",0,0.0,0,0,0,0,0,0,0,0,0,0,0,0,0,0
"06053","5","518210","78","0","2022","2","N",6,0,0,0,0,0,0,0,"N",0.10,0,0,0,0,0,0,0,"N",2,50.0,0,0,0,0,0,0,0,0,0,0,0,0,0,0
"06055","5","518210","78","0","2022","2","",9,53,51,48,1502653,22671,657,2281,"",0.38,0.22,0.21,0.19,0.16,0.06,0.06,0.79,"",0,0.0,-3,-5.4,-5,-8.9,-7,-12.7,-261439,-14.8,-9557,-29.7,-647,-49.6,-157,-6.4
"06057","5","518210","78","0","2022","2","N",1,0,0,0,0,0,0,0,"N",0.06,0,0,0,0,0,0,0,"N",0,0.0,0,0,0,0,0,0,0,0,0,0,0,0,0,0
"06059","3","518210","78","0","2022","2","",1,15,15,15,499732,0,0,2563,"",0.83,0.50,0.50,0.51,0.76,0.00,0.00,1.50,"N",0,0.0,0,0,0,0,0,0,0,0,0,0,0,0,0,0
"06059","5","518210","78","0","2022","2","",232,3115,3082,3099,87400870,2734113,93520,2170,"",0.43,0.62,0.61,0.61,0.41,0.38,0.49,0.66,"",27,13.2,347,12.5,319,11.5,376,13.8,14741788,20.3,351662,14.8,-5474,-5.5,139,6.8
"06061","5","518210","78","0","2022","2","N",17,0,0,0,0,0,0,0,"N",0.29,0,0,0,0,0,0,0,"N",2,13.3,0,0,0,0,0,0,0,0,0,0,0,0,0,0
"06065","5","518210","78","0","2022","2","",31,620,617,613,15095273,124677,5368,1883,"",0.10,0.25,0.25,0.24,0.19,0.03,0.05,0.78,"",-3,-8.8,171,38.1,176,39.9,169,38.1,4199600,38.5,14450,13.1,1752,48.5,-2,-0.1
"06067","5","518210","78","0","2022","2","",56,1238,1246,1227,38858868,960401,42906,2416,"",0.21,0.58,0.58,0.57,0.43,0.37,0.61,0.75,"",10,21.7,154,14.2,155,14.2,142,13.1,8092438,26.3,312018,48.1,10070,30.7,238,10.9
"06069","5","518210","78","0","2022","2","N",1,0,0,0,0,0,0,0,"N",0.15,0,0,0,0,0,0,0,"N",1,100.0,0,0,0,0,0,0,0,0,0,0,0,0,0,0
"06071","5","518210","78","0","2022","2","",21,35,32,38,433891,78434,2603,954,"",0.08,0.01,0.01,0.01,0.01,0.02,0.03,0.38,"",6,40.0,7,25.0,7,28.0,7,22.6,141863,48.6,31805,68.2,1100,73.2,152,19.0
"06073","5","518210","78","0","2022","2","",205,2673,2622,2583,98004321,2381189,83421,2871,"",0.42,0.58,0.56,0.55,0.50,0.40,0.53,0.88,"",16,8.5,-37,-1.4,-100,-3.7,-97,-3.6,17278626,21.4,-54984,-2.3,-28671,-25.6,575,25.0
"06075","5","518210","78","0","2022","2","",446,20549,20954,21531,1360227622,20923224,592469,4980,"",1.81,9.09,9.20,9.32,6.84,7.45,7.87,0.74,"",82,22.5,4627,29.1,4921,30.7,5209,31.9,93468093,7.4,5747422,37.9,81415,15.9,-1075,-17.8
"06077","5","518210","78","0","2022","2","",7,8,12,11,123497,31011,1091,919,"",0.09,0.01,0.01,0.01,0.00,0.02,0.03,0.36,"N",5,250.0,0,0,0,0,0,0,0,0,0,0,0,0,0,0
"06079","5","518210","78","0","2022","2","",9,22,22,22,423729,3808,236,1482,"",0.21,0.06,0.06,0.06,0.04,0.01,0.02,0.60,"",-1,-10.0,-21,-48.8,-21,-48.8,-21,-48.8,-786561,-65.0,367,10.7,23,10.8,-683,-31.5
"06081","5","518210","78","0","2022","2","",164,5538,5580,5692,380837447,3915168,127221,5228,"",1.40,4.33,4.32,4.31,3.40,2.46,3.05,0.79,"",22,15.5,1532,38.2,1611,40.6,1676,41.7,154360527,68.2,1591862,68.5,41162,47.8,869,19.9
"06083","5","518210","78","0","2022","2","",27,388,394,389,10962926,345418,13318,2160,"",0.41,0.56,0.57,0.55,0.44,0.28,0.37,0.79,"",4,17.4,-7,-1.8,3,0.8,-15,-3.7,895718,8.9,64652,23.0,107,0.8,208,10.7
"06085","5","518210","78","0","2022","2","",374,12075,12076,12216,1087123682,8404826,281338,6898,"",1.22,3.55,3.52,3.51,3.24,2.01,2.52,0.92,"",67,21.8,4589,61.3,4594,61.4,4675,62.0,571119576,110.7,3942791,88.4,109342,63.6,1608,30.4
"06087","5","518210","78","0","2022","2","N",11,0,0,0,0,0,0,0,"N",0.28,0,0,0,0,0,0,0,"N",2,22.2,0,0,0,0,0,0,0,0,0,0,0,0,0,0
"06089","5","518210","78","0","2022","2","N",9,0,0,0,0,0,0,0,"N",0.29,0,0,0,0,0,0,0,"N",0,0.0,0,0,0,0,0,0,0,0,0,0,0,0,0,0
"06093","5","518210","78","0","2022","2","N",1,0,0,0,0,0,0,0,"N",0.14,0,0,0,0,0,0,0,"N",0,0.0,0,0,0,0,0,0,0,0,0,0,0,0,0,0
"06095","5","518210","78","0","2022","2","",11,90,88,88,1931656,40393,1288,1676,"",0.22,0.21,0.20,0.20,0.12,0.07,0.08,0.58,"",1,10.0,-2,-2.2,-3,-3.3,-2,-2.2,-184737,-8.7,3514,9.5,-248,-16.1,-113,-6.3
"06097","3","518210","78","0","2022","2","",1,7,7,7,144058,0,0,1583,"",5.56,1.84,1.84,1.86,1.90,0.00,0.00,1.03,"N",0,0.0,0,0,0,0,0,0,0,0,0,0,0,0,0,0
"06097","5","518210","78","0","2022","2","",17,86,87,91,2241388,40477,1487,1959,"",0.21,0.13,0.14,0.14,0.09,0.05,0.06,0.67,"",6,54.5,4,4.9,0,0.0,5,5.8,498352,28.6,9446,30.4,677,83.6,382,24.2
"06099","5","518210","78","0","2022","2","N",2,0,0,0,0,0,0,0,"N",0.03,0,0,0,0,0,0,0,"N",-2,-50.0,0,0,0,0,0,0,0,0,0,0,0,0,0,0
"06101","5","518210","78","0","2022","2","N",1,0,0,0,0,0,0,0,"N",0.07,0,0,0,0,0,0,0,"N",0,0.0,0,0,0,0,0,0,0,0,0,0,0,0,0,0
"06107","5","518210","78","0","2022","2","",3,6,6,7,47681,20688,698,579,"",0.06,0.01,0.01,0.01,0.00,0.02,0.02,0.28,"",0,0.0,1,20.0,0,0.0,1,16.7,-16880,-26.1,8398,68.3,231,49.5,-297,-33.9
"06111","5","518210","78","0","2022","2","",38,457,455,477,20044948,372447,19186,3330,"",0.33,0.45,0.44,0.46,0.53,0.24,0.45,1.18,"",4,11.8,-15,-3.2,-3,-0.7,5,1.1,-697465,-3.4,50785,15.8,2127,12.5,-84,-2.5
"06113","5","518210","78","0","2022","2","N",3,0,0,0,0,0,0,0,"N",0.10,0,0,0,0,0,0,0,"N",-1,-25.0,0,0,0,0,0,0,0,0,0,0,0,0,0,0
"06115","5","518210","78","0","2022","2","-",0,0,0,0,0,0,0,0,"N",0.00,0,0,0,0,0,0,0,"N",-3,-100.0,0,0,0,0,0,0,0,0,0,0,0,0,0,0
"06999","5","518210","78","0","2022","2","",1160,5522,5641,5562,204582369,8285103,302579,2823,"",4.52,3.52,3.59,3.49,1.93,2.75,3.35,0.55,"",367,46.3,1504,37.4,1578,38.8,1552,38.7,88277802,75.9,3004382,56.9,89420,41.9,603,27.2
"08000","5","518210","58","0","2022","2","",1692,16666,16682,16428,642757455,44910973,852074,2980,"",1.75,1.93,1.92,1.86,1.81,1.09,1.45,0.95,"",187,12.4,1638,10.9,1539,10.2,1166,7.6,85971725,15.4,11185116,33.2,127710,17.6,152,5.4
"08001","5","518210","78","0","2022","2","",69,233,234,225,7176182,709790,15343,2393,"",1.28,0.32,0.32,0.30,0.26,0.20,0.28,0.82,"",7,11.3,-29,-11.1,-33,-12.4,-33,-12.8,668656,10.3,169103,31.3,3488,29.4,485,25.4
"08005","5","518210","78","0","2022","2","",210,3519,3498,3519,126018657,6332310,133714,2760,"",2.02,3.40,3.37,3.34,2.75,1.35,1.97,0.82,"",23,12.3,181,5.4,190,5.7,174,5.2,17910532,16.6,1590373,33.5,33544,33.5,263,10.5
"08007","5","518210","78","0","2022","2","N",1,0,0,0,0,0,0,0,"N",0.37,0,0,0,0,0,0,0,"N",0,0.0,0,0,0,0,0,0,0,0,0,0,0,0,0,0
"08009","5","518210","78","0","2022","2","N",1,0,0,0,0,0,0,0,"N",2.05,0,0,0,0,0,0,0,"N",1,100.0,0,0,0,0,0,0,0,0,0,0,0,0,0,0
"08013","5","518210","78","0","2022","2","",207,1572,1554,1496,55413087,3711809,83219,2767,"",2.79,2.64,2.59,2.47,1.91,1.54,2.37,0.74,"",18,9.5,292,22.8,256,19.7,186,14.2,13498821,32.2,860260,30.2,19264,30.1,279,11.2
"08014","5","518210","78","0","2022","2","",47,1083,1136,1185,70377896,3196269,59794,4771,"",3.42,8.41,8.69,8.92,9.51,5.53,7.29,1.10,"",8,20.5,200,22.7,244,27.4,271,29.6,13059616,22.8,928418,40.9,-7459,-11.1,-148,-3.0
"08015","5","518210","78","0","2022","2","N",2,0,0,0,0,0,0,0,"N",0.42,0,0,0,0,0,0,0,"N",-1,-33.3,0,0,0,0,0,0,0,0,0,0,0,0,0,0
"08019","5","518210","78","0","2022","2","-",0,0,0,0,0,0,0,0,"N",0.00,0,0,0,0,0,0,0,"N",-1,-100.0,0,0,0,0,0,0,0,0,0,0,0,0,0,0
"08023","5","518210","78","0","2022","2","N",1,0,0,0,0,0,0,0,"N",2.26,0,0,0,0,0,0,0,"N",0,0.0,0,0,0,0,0,0,0,0,0,0,0,0,0,0
"08029","5","518210","78","0","2022","2","N",1,0,0,0,0,0,0,0,"N",0.25,0,0,0,0,0,0,0,"N",-1,-50.0,0,0,0,0,0,0,0,0,0,0,0,0,0,0
"08031","5","518210","78","0","2022","2","",455,5731,5751,5714,263096600,15103824,298814,3531,"",2.70,3.37,3.35,3.31,2.99,1.94,2.63,0.89,"",53,13.2,702,14.0,629,12.3,522,10.1,27180584,11.5,2301007,18.0,-10980,-3.5,-17,-0.5
"08035","5","518210","78","0","2022","2","",141,996,993,969,40146474,1874854,39572,3132,"",2.31,2.32,2.29,2.19,2.14,0.90,1.36,0.94,"",15,11.9,32,3.3,29,3.0,2,0.2,2452615,6.5,569001,43.6,11911,43.1,127,4.2
"08037","5","518210","78","0","2022","2","",14,34,36,35,1463524,133176,3003,3217,"",0.90,0.31,0.38,0.33,0.44,0.21,0.40,1.28,"N",3,27.3,0,0,0,0,0,0,0,0,0,0,0,0,0,0
"08039","5","518210","78","0","2022","2","N",5,0,0,0,0,0,0,0,"N",1.54,0,0,0,0,0,0,0,"N",1,25.0,0,0,0,0,0,0,0,0,0,0,0,0,0,0
"08041","5","518210","78","0","2022","2","",137,621,612,606,15223577,2361424,40875,1910,"",1.40,0.68,0.66,0.65,0.48,0.57,0.65,0.72,"",18,15.1,93,17.6,72,13.3,63,11.6,2980042,24.3,822566,53.5,18858,85.7,156,8.9
"08043","5","518210","78","0","2022","2","",5,4,4,4,28173,22014,252,542,"",1.13,0.09,0.09,0.09,0.02,0.12,0.10,0.26,"",0,0.0,0,0.0,0,0.0,0,0.0,-700,-2.4,3299,17.6,53,26.6,-13,-2.3
"08045","5","518210","78","0","2022","2","",10,22,19,20,555166,13510,244,2100,"",0.83,0.28,0.23,0.24,0.21,0.03,0.04,0.84,"",4,66.7,12,120.0,10,111.1,9,81.8,413934,293.1,-3954,-22.6,-103,-29.7,1014,93.4
"08047","5","518210","78","0","2022","2","N",1,0,0,0,0,0,0,0,"N",1.17,0,0,0,0,0,0,0,"N",0,0.0,0,0,0,0,0,0,0,0,0,0,0,0,0,0
"08049","5","518210","78","0","2022","2","N",2,0,0,0,0,0,0,0,"N",0.50,0,0,0,0,0,0,0,"N",1,100.0,0,0,0,0,0,0,0,0,0,0,0,0,0,0
"08051","5","518210","78","0","2022","2","N",5,0,0,0,0,0,0,0,"N",0.93,0,0,0,0,0,0,0,"N",1,25.0,0,0,0,0,0,0,0,0,0,0,0,0,0,0
"08053","5","518210","78","0","2022","2","N",1,0,0,0,0,0,0,0,"N",2.98,0,0,0,0,0,0,0,"N",0,0.0,0,0,0,0,0,0,0,0,0,0,0,0,0,0
"08055","5","518210","78","0","2022","2","N",1,0,0,0,0,0,0,0,"N",1.23,0,0,0,0,0,0,0,"N",0,0.0,0,0,0,0,0,0,0,0,0,0,0,0,0,0
"08059","5","518210","78","0","2022","2","",169,1898,1893,1890,40273851,7623289,100672,1636,"",1.74,2.55,2.51,2.46,1.33,2.22,2.10,0.53,"",13,8.3,208,12.3,189,11.1,200,11.8,6471939,19.1,2878035,60.7,37954,60.5,102,6.6
"08065","5","518210","78","0","2022","2","N",1,0,0,0,0,0,0,0,"N",0.91,0,0,0,0,0,0,0,"N",0,0.0,0,0,0,0,0,0,0,0,0,0,0,0,0,0
"08067","5","518210","78","0","2022","2","",11,53,55,59,1632437,318336,6252,2256,"",0.91,0.66,0.68,0.70,0.65,0.65,1.04,0.96,"",3,37.5,28,112.0,30,120.0,34,136.0,978934,149.8,225530,243.0,4852,346.6,245,12.2
"08069","5","518210","78","0","2022","2","",82,485,473,299,10302660,1981663,38046,1891,"",1.40,0.92,0.89,0.55,0.55,0.83,1.13,0.70,"",8,10.8,-144,-22.9,-139,-22.7,-291,-49.3,-773143,-7.0,327156,19.8,3685,10.7,495,35.5
"08071","5","518210","78","0","2022","2","",3,3,3,3,47840,9505,212,1227,"",1.27,0.20,0.20,0.20,0.13,0.11,0.20,0.63,"N",1,50.0,0,0,0,0,0,0,0,0,0,0,0,0,0,0
"08075","5","518210","78","0","2022","2","-",0,0,0,0,0,0,0,0,"N",0.00,0,0,0,0,0,0,0,"N",-1,-100.0,0,0,0,0,0,0,0,0,0,0,0,0,0,0
"08077","5","518210","78","0","2022","2","",11,72,74,75,1578432,301170,5880,1648,"",0.50,0.36,0.37,0.37,0.27,0.32,0.37,0.72,"",0,0.0,8,12.5,10,15.6,10,15.4,396217,33.5,146277,94.4,3341,131.6,234,16.5
"08083","5","518210","78","0","2022","2","N",2,0,0,0,0,0,0,0,"N",0.49,0,0,0,0,0,0,0,"N",-1,-33.3,0,0,0,0,0,0,0,0,0,0,0,0,0,0
"08085","5","518210","78","0","2022","2","",3,5,4,5,197054,75571,680,3248,"",0.45,0.10,0.08,0.10,0.15,0.30,0.18,1.56,"N",2,200.0,0,0,0,0,0,0,0,0,0,0,0,0,0,0
"08089","5","518210","78","0","2022","2","N",1,0,0,0,0,0,0,0,"N",0.49,0,0,0,0,0,0,0,"N",-1,-50.0,0,0,0,0,0,0,0,0,0,0,0,0,0,0
"08093","5","518210","78","0","2022","2","N",2,0,0,0,0,0,0,0,"N",0.76,0,0,0,0,0,0,0,"N",-1,-33.3,0,0,0,0,0,0,0,0,0,0,0,0,0,0
"08097","5","518210","78","0","2022","2","N",2,0,0,0,0,0,0,0,"N",0.24,0,0,0,0,0,0,0,"N",-2,-50.0,0,0,0,0,0,0,0,0,0,0,0,0,0,0
"08101","5","518210","78","0","2022","2","",5,52,52,53,745424,311252,5360,1096,"",0.32,0.27,0.26,0.27,0.13,0.35,0.38,0.49,"",1,25.0,10,23.8,8,18.2,9,20.5,314068,72.8,116524,59.8,1707,46.7,330,43.1
"08103","5","518210","78","0","2022","2","N",1,0,0,0,0,0,0,0,"N",0.88,0,0,0,0,0,0,0,"N",0,0.0,0,0,0,0,0,0,0,0,0,0,0,0,0,0
"08107","5","518210","78","0","2022","2","N",4,0,0,0,0,0,0,0,"N",0.48,0,0,0,0,0,0,0,"N",1,33.3,0,0,0,0,0,0,0,0,0,0,0,0,0,0
"08111","5","518210","78","0","2022","2","N",1,0,0,0,0,0,0,0,"N",2.81,0,0,0,0,0,0,0,"N",0,0.0,0,0,0,0,0,0,0,0,0,0,0,0,0,0
"08113","5","518210","78","0","2022","2","N",3,0,0,0,0,0,0,0,"N",0.94,0,0,0,0,0,0,0,"N",0,0.0,0,0,0,0,0,0,0,0,0,0,0,0,0,0
"08115","5","518210","78","0","2022","2","N",1,0,0,0,0,0,0,0,"N",2.69,0,0,0,0,0,0,0,"N",0,0.0,0,0,0,0,0,0,0,0,0,0,0,0,0,0
"08117","5","518210","78","0","2022","2","N",9,0,0,0,0,0,0,0,"N",0.87,0,0,0,0,0,0,0,"N",2,28.6,0,0,0,0,0,0,0,0,0,0,0,0,0,0
"08119","5","518210","78","0","2022","2","N",4,0,0,0,0,0,0,0,"N",0.93,0,0,0,0,0,0,0,"N",0,0.0,0,0,0,0,0,0,0,0,0,0,0,0,0,0
"08123","5","518210","78","0","2022","2","N",39,0,0,0,0,0,0,0,"N",1.08,0,0,0,0,0,0,0,"N",6,18.2,0,0,0,0,0,0,0,0,0,0,0,0,0,0
"08999","5","518210","78","0","2022","2","",22,113,113,104,3740134,242869,6922,2615,"",1.96,1.45,1.41,1.28,0.78,0.52,0.92,0.57,"",6,37.5,50,79.4,43,61.4,22,26.8,583233,18.5,10723,4.6,1844,36.3,-773,-22.8
"09000","3","518210","58","0","2022","2","N",1,0,0,0,0,0,0,0,"N",0.82,0,0,0,0,0,0,0,"N",0,0.0,0,0,0,0,0,0,0,0,0,0,0,0,0,0
"09000","5","518210","58","0","2022","2","",1071,3741,3746,3789,139843532,8440496,244167,2862,"",1.94,0.74,0.73,0.73,0.63,0.51,0.54,0.85,"",139,14.9,612,19.6,603,19.2,570,17.7,32016815,29.7,830952,10.9,15828,6.9,240,9.2
"09001","5","518210","78","0","2022","2","",465,1295,1306,1314,53856918,3033085,90534,3175,"",2.82,1.03,1.03,1.02,0.78,0.72,0.78,0.76,"",61,15.1,325,33.5,323,32.9,291,28.4,14488860,36.8,44961,1.5,-581,-0.6,122,4.0
"09003","5","518210","78","0","2022","2","",195,1086,1075,1120,36350995,2911775,79846,2557,"",1.52,0.72,0.70,0.72,0.56,0.62,0.61,0.79,"",27,16.1,80,8.0,57,5.6,76,7.3,10640495,41.4,560853,23.9,12751,19.0,623,32.2
"09005","5","518210","78","0","2022","2","",31,50,54,51,1988031,154767,4350,2960,"",1.13,0.27,0.29,0.26,0.32,0.23,0.23,1.18,"N",2,6.9,0,0,0,0,0,0,0,0,0,0,0,0,0,0
"09007","5","518210","78","0","2022","2","",40,86,88,90,3312754,228460,7511,2896,"",1.67,0.42,0.42,0.42,0.42,0.32,0.40,1.01,"",2,5.3,-14,-14.0,-12,-12.0,-10,-10.0,246955,8.1,28171,14.1,356,5.0,538,22.8
"09009","5","518210","78","0","2022","2","",198,439,412,399,15636542,942257,29521,2887,"",1.82,0.39,0.36,0.34,0.36,0.25,0.29,1.00,"",23,13.1,-11,-2.4,-20,-4.6,-30,-7.0,830009,5.6,-196613,-17.3,-6443,-17.9,281,10.8
"09011","3","518210","78","0","2022","2","N",1,0,0,0,0,0,0,0,"N",13.70,0,0,0,0,0,0,0,"N",0,0.0,0,0,0,0,0,0,0,0,0,0,0,0,0,0
"09011","5","518210","78","0","2022","2","",38,55,54,56,1560738,148133,4229,2183,"",1.15,0.15,0.15,0.15,0.12,0.13,0.14,0.77,"",1,2.7,16,41.0,14,35.0,15,36.6,56996,3.8,56257,61.2,1622,62.2,-709,-24.5
"09013","5","518210","78","0","2022","2","N",18,0,0,0,0,0,0,0,"N",1.27,0,0,0,0,0,0,0,"N",3,20.0,0,0,0,0,0,0,0,0,0,0,0,0,0,0
"09015","5","518210","78","0","2022","2","",15,17,15,17,601181,62495,1875,2831,"",1.13,0.14,0.13,0.14,0.17,0.15,0.17,1.21,"",8,114.3,9,112.5,8,114.3,9,112.5,152289,33.9,29749,90.8,892,90.7,-1673,-37.1
"09999","5","518210","78","0","2022","2","N",71,0,0,0,0,0,0,0,"N",1.90,0,0,0,0,0,0,0,"N",12,20.3,0,0,0,0,0,0,0,0,0,0,0,0,0,0
"10000","2","518210","58","0","2022","2","N",1,0,0,0,0,0,0,0,"N",14.76,0,0,0,0,0,0,0,"N",0,0.0,0,0,0,0,0,0,0,0,0,0,0,0,0,0
"10000","5","518210","58","0","2022","2","",228,496,504,505,15085923,1384595,27552,2313,"",1.40,0.35,0.36,0.35,0.29,0.30,0.35,0.82,"",68,42.5,83,20.1,92,22.3,89,21.4,3342724,28.5,158121,12.9,-5959,-17.8,129,5.9
"10001","2","518210","78","0","2022","2","N",1,0,0,0,0,0,0,0,"N",115.61,0,0,0,0,0,0,0,"N",0,0.0,0,0,0,0,0,0,0,0,0,0,0,0,0,0
"10001","5","518210","78","0","2022","2","",22,18,19,19,538776,56476,721,2220,"",1.06,0.08,0.09,0.09,0.09,0.08,0.06,0.99,"N",8,57.1,0,0,0,0,0,0,0,0,0,0,0,0,0,0
"10003","5","518210","78","0","2022","2","",155,326,328,329,9273885,1005887,25479,2177,"",1.55,0.36,0.36,0.36,0.25,0.38,0.54,0.70,"",44,39.6,29,9.8,28,9.3,24,7.9,1311521,16.5,106060,11.8,-4571,-15.2,140,6.9
"10005","5","518210","78","0","2022","2","",42,67,72,71,2772301,168589,859,3046,"",1.11,0.25,0.27,0.25,0.37,0.14,0.05,1.43,"",14,50.0,8,13.6,17,30.9,17,31.5,451117,19.4,9526,6.0,-1614,-65.3,-142,-4.5
"10999","5","518210","78","0","2022","2","",9,85,85,86,2500961,153643,493,2254,"",2.09,3.41,3.50,3.63,1.82,1.68,0.23,0.52,"N",2,28.6,0,0,0,0,0,0,0,0,0,0,0,0,0,0
"11000","5","518210","58","0","2022","2","",485,1824,1731,1750,70947592,2800920,70364,3086,"",2.52,0.79,0.75,0.75,0.48,1.00,1.17,0.63,"",90,22.8,202,12.5,99,6.1,124,7.6,17284532,32.2,235302,9.2,6622,10.4,548,21.6
"11001","5","518210","78","0","2022","2","",485,1824,1731,1750,70947592,2800920,70364,3086,"",2.52,0.79,0.75,0.75,0.48,1.00,1.17,0.63,"",90,22.8,202,12.5,99,6.1,124,7.6,17284532,32.2,235302,9.2,6622,10.4,548,21.6
"12000","3","518210","58","0","2022","2","",1,53,54,55,1140905,0,0,1625,"",0.13,0.31,0.32,0.33,0.36,0.00,0.00,1.14,"N",0,0.0,0,0,0,0,0,0,0,0,0,0,0,0,0,0
"12000","5","518210","58","0","2022","2","",3021,27995,28094,28414,913309324,27133596,301089,2494,"",0.89,0.97,0.97,0.99,0.90,0.63,0.97,0.91,"",568,23.2,6430,29.8,6358,29.3,6294,28.5,256793385,39.1,9317108,52.3,74297,32.8,178,7.7
"12001","5","518210","78","0","2022","2","",22,85,79,80,1854464,175183,4109,1754,"",0.69,0.20,0.19,0.19,0.14,0.34,1.32,0.71,"",6,37.5,33,63.5,24,43.6,26,48.1,916154,97.6,66483,61.2,3331,428.1,409,30.4
"12003","5","518210","78","0","2022","2","N",1,0,0,0,0,0,0,0,"N",0.50,0,0,0,0,0,0,0,"N",1,100.0,0,0,0,0,0,0,0,0,0,0,0,0,0,0
"12005","5","518210","78","0","2022","2","",7,7,7,8,100997,11434,51,1059,"",0.27,0.03,0.03,0.03,0.01,0.03,0.02,0.47,"",0,0.0,-3,-30.0,-3,-30.0,-2,-20.0,-39633,-28.2,3980,53.4,-22,-30.1,-23,-2.1
"12009","5","518210","78","0","2022","2","",46,153,134,140,2786539,117410,1217,1506,"",0.63,0.22,0.19,0.20,0.11,0.12,0.17,0.55,"",9,24.3,19,14.2,3,2.3,13,10.2,421255,17.8,13471,13.0,-135,-10.0,114,8.2
"12011","5","518210","78","0","2022","2","",251,3989,3988,4048,138016954,2675682,15086,2649,"",0.77,1.56,1.55,1.58,1.44,0.70,0.52,0.92,"",30,13.6,-4,-0.1,-19,-0.5,-7,-0.2,23521021,20.5,710124,36.1,-3140,-17.2,457,20.8
"12015","5","518210","78","0","2022","2","",10,17,16,16,281157,16291,16,1324,"",0.44,0.11,0.10,0.10,0.06,0.07,0.01,0.62,"",1,11.1,8,88.9,8,100.0,4,33.3,100167,55.3,-1781,-9.9,-185,-92.0,-116,-8.1
"12017","5","518210","78","0","2022","2","N",4,0,0,0,0,0,0,0,"N",0.28,0,0,0,0,0,0,0,"N",0,0.0,0,0,0,0,0,0,0,0,0,0,0,0,0,0
"12019","5","518210","78","0","2022","2","",9,23,23,22,575517,25801,194,1953,"",0.43,0.14,0.14,0.14,0.12,0.10,0.13,0.90,"N",0,0.0,0,0,0,0,0,0,0,0,0,0,0,0,0,0
"12021","5","518210","78","0","2022","2","",33,69,67,71,2512998,86942,910,2802,"",0.47,0.14,0.13,0.15,0.14,0.11,0.18,1.02,"",9,37.5,18,35.3,18,36.7,20,39.2,1438605,133.9,3149,3.8,195,27.3,1160,70.6
"12023","5","518210","78","0","2022","2","N",1,0,0,0,0,0,0,0,"N",0.14,0,0,0,0,0,0,0,"N",1,100.0,0,0,0,0,0,0,0,0,0,0,0,0,0,0
"12029","5","518210","78","0","2022","2","N",1,0,0,0,0,0,0,0,"N",0.93,0,0,0,0,0,0,0,"N",1,100.0,0,0,0,0,0,0,0,0,0,0,0,0,0,0
"12031","5","518210","78","0","2022","2","",119,3777,3834,3905,164566228,3035888,17672,3298,"",0.87,2.24,2.26,2.31,2.66,1.26,1.02,1.17,"",14,13.3,1884,99.5,1924,100.7,1959,100.7,72576726,78.9,1560059,105.7,8387,90.3,-395,-10.7
"12033","5","518210","78","0","2022","2","",10,25,26,26,425325,11448,250,1275,"",0.26,0.06,0.06,0.06,0.03,0.02,0.06,0.54,"",4,66.7,4,19.0,3,13.0,5,23.8,142934,50.6,8519,290.9,198,380.8,272,27.1
"12035","5","518210","78","0","2022","2","",12,164,162,162,1784796,348597,7897,844,"",0.94,2.01,1.98,1.95,0.84,2.72,8.77,0.42,"N",2,20.0,0,0,0,0,0,0,0,0,0,0,0,0,0,0
"12037","5","518210","78","0","2022","2","N",1,0,0,0,0,0,0,0,"N",0.64,0,0,0,0,0,0,0,"N",1,100.0,0,0,0,0,0,0,0,0,0,0,0,0,0,0
"12041","5","518210","78","0","2022","2","N",1,0,0,0,0,0,0,0,"N",0.67,0,0,0,0,0,0,0,"N",0,0.0,0,0,0,0,0,0,0,0,0,0,0,0,0,0
"12053","5","518210","78","0","2022","2","N",10,0,0,0,0,0,0,0,"N",0.58,0,0,0,0,0,0,0,"N",2,25.0,0,0,0,0,0,0,0,0,0,0,0,0,0,0
"12055","5","518210","78","0","2022","2","N",1,0,0,0,0,0,0,0,"N",0.10,0,0,0,0,0,0,0,"N",0,0.0,0,0,0,0,0,0,0,0,0,0,0,0,0,0
"12057","5","518210","78","0","2022","2","",220,3397,3392,3367,90873487,2485530,27303,2065,"",1.04,1.48,1.47,1.46,1.05,0.76,1.15,0.71,"",55,33.3,671,24.6,652,23.8,643,23.6,21415171,30.8,650829,35.5,1318,5.1,108,5.5
"12061","5","518210","78","0","2022","2","",19,99,97,101,3396917,66498,1069,2639,"",0.83,0.58,0.57,0.61,0.65,0.26,0.66,1.11,"",2,11.8,18,22.2,14,16.9,14,16.1,1412453,71.2,-14629,-18.0,-856,-44.5,814,44.6
"12063","5","518210","78","0","2022","2","N",2,0,0,0,0,0,0,0,"N",0.49,0,0,0,0,0,0,0,"N",1,100.0,0,0,0,0,0,0,0,0,0,0,0,0,0,0
"12069","5","518210","78","0","2022","2","",14,139,141,122,3374958,256524,1370,1937,"",0.34,0.41,0.42,0.37,0.37,0.49,0.36,0.92,"N",1,7.7,0,0,0,0,0,0,0,0,0,0,0,0,0,0
"12071","5","518210","78","0","2022","2","",68,305,306,320,6332005,285896,4815,1570,"",0.63,0.34,0.35,0.37,0.23,0.21,0.49,0.64,"",10,17.2,45,17.3,46,17.7,48,17.6,1230780,24.1,76455,36.5,2033,73.1,84,5.7
"12073","3","518210","78","0","2022","2","",1,53,54,55,1140905,0,0,1625,"",11.30,18.42,19.09,19.91,25.19,0.00,0.00,1.32,"N",0,0.0,0,0,0,0,0,0,0,0,0,0,0,0,0,0
"12073","5","518210","78","0","2022","2","",51,1315,1339,1325,14637606,2241991,27145,849,"",1.27,2.72,2.80,2.77,1.00,3.74,5.54,0.36,"",11,27.5,383,41.1,426,46.7,392,42.0,5071341,53.0,728276,48.1,14635,117.0,54,6.8
"12075","5","518210","78","0","2022","2","N",2,0,0,0,0,0,0,0,"N",0.46,0,0,0,0,0,0,0,"N",2,100.0,0,0,0,0,0,0,0,0,0,0,0,0,0,0
"12081","5","518210","78","0","2022","2","",37,104,106,112,3527977,191202,5260,2528,"",0.68,0.25,0.26,0.28,0.28,0.27,1.18,1.05,"",8,27.6,45,76.3,43,68.3,40,55.6,1937994,121.9,47732,33.3,2306,78.1,637,33.7
"12083","5","518210","78","0","2022","2","",16,58,61,63,1182995,142456,3154,1500,"",0.41,0.17,0.17,0.18,0.12,0.27,0.92,0.71,"",6,60.0,41,241.2,44,258.8,44,231.6,774668,189.7,115811,434.6,2639,512.4,-278,-15.6
"12085","5","518210","78","0","2022","2","",16,43,45,44,799412,38885,662,1398,"",0.55,0.19,0.20,0.20,0.11,0.11,0.28,0.58,"",4,33.3,17,65.4,19,73.1,18,69.2,363278,83.3,26686,218.8,624,1642.1,108,8.4
"12086","5","518210","78","0","2022","2","",318,2161,2176,2245,109017223,2314460,22013,3822,"",0.67,0.59,0.59,0.62,0.76,0.44,0.55,1.27,"",66,26.2,967,81.0,958,78.7,948,73.1,45131945,70.6,889291,62.4,11307,105.6,-153,-3.8
"12087","5","518210","78","0","2022","2","",8,18,17,18,636822,9026,168,2773,"",0.40,0.13,0.13,0.14,0.15,0.04,0.12,1.14,"",4,100.0,10,125.0,11,183.3,12,200.0,365016,134.3,7876,684.9,160,2000.0,-363,-11.6
"12089","5","518210","78","0","2022","2","",7,71,68,68,1600113,37590,253,1784,"",0.64,0.91,0.88,0.90,0.69,0.30,0.30,0.76,"",-1,-12.5,17,31.5,15,28.3,17,33.3,553066,52.8,13066,53.3,-219,-46.4,255,16.7
"12091","5","518210","78","0","2022","2","",15,62,64,67,1726318,73674,404,2064,"",0.50,0.22,0.23,0.24,0.19,0.18,0.16,0.80,"",1,7.1,-34,-35.4,-31,-32.6,-29,-30.2,2232,0.1,-8323,-10.2,-264,-39.5,678,48.9
"12095","5","518210","78","0","2022","2","",174,1900,1915,1918,48740232,1861434,19975,1962,"",0.81,0.70,0.70,0.70,0.51,0.45,0.73,0.73,"",21,13.7,108,6.0,135,7.6,118,6.6,9018365,22.7,509418,37.7,-4813,-19.4,256,15.0
"12097","5","518210","78","0","2022","2","",20,91,80,85,3112506,194096,1843,2806,"",0.52,0.28,0.24,0.26,0.34,0.35,0.46,1.32,"",4,25.0,38,71.7,24,42.9,22,34.9,1534695,97.3,22771,13.3,-2632,-58.8,689,32.5
"12099","5","518210","78","0","2022","2","",247,1270,1271,1267,40162649,1000293,11021,2434,"",0.92,0.65,0.65,0.65,0.52,0.33,0.50,0.81,"",40,19.3,263,26.1,260,25.7,255,25.2,11352486,39.4,173024,20.9,-1502,-12.0,240,10.9
"12101","5","518210","78","0","2022","2","",33,126,126,122,2579946,90670,1402,1592,"",0.60,0.30,0.30,0.30,0.22,0.14,0.32,0.72,"",14,73.7,55,77.5,52,70.3,47,62.7,900289,53.6,13467,17.4,-369,-20.8,-170,-9.6
"12103","5","518210","78","0","2022","2","",136,1092,1106,1113,35683900,699359,12613,2487,"",0.86,0.78,0.79,0.80,0.76,0.35,0.91,0.95,"",26,23.6,198,22.1,201,22.2,199,21.8,8151080,29.6,165172,30.9,8268,190.3,145,6.2
"12105","5","518210","78","0","2022","2","",24,114,114,116,2095955,118066,961,1406,"",0.34,0.15,0.15,0.15,0.09,0.10,0.13,0.62,"",0,0.0,34,42.5,36,46.2,43,58.9,253339,13.7,27853,30.9,301,45.6,-435,-23.6
"12107","5","518210","78","0","2022","2","N",1,0,0,0,0,0,0,0,"N",0.16,0,0,0,0,0,0,0,"N",0,0.0,0,0,0,0,0,0,0,0,0,0,0,0,0,0
"12109","5","518210","78","0","2022","2","",44,194,199,221,10604352,253854,1904,3986,"",1.09,0.70,0.71,0.81,1.22,0.59,0.65,1.64,"",6,15.8,84,76.4,81,68.6,95,75.4,2991565,39.3,115055,82.9,1119,142.5,-977,-19.7
"12111","5","518210","78","0","2022","2","",12,23,22,23,420584,37644,910,1427,"",0.37,0.09,0.08,0.09,0.06,0.09,0.31,0.65,"",1,9.1,5,27.8,5,29.4,3,15.0,123578,41.6,-5471,-12.7,-202,-18.2,181,14.5
"12113","5","518210","78","0","2022","2","N",11,0,0,0,0,0,0,0,"N",0.63,0,0,0,0,0,0,0,"N",3,37.5,0,0,0,0,0,0,0,0,0,0,0,0,0,0
"12115","5","518210","78","0","2022","2","",44,243,245,253,5327379,366594,2479,1659,"",0.58,0.44,0.44,0.46,0.29,0.44,0.48,0.65,"",10,29.4,112,85.5,109,80.1,131,107.4,2362341,79.7,194693,113.3,1488,150.2,-100,-5.7
"12117","5","518210","78","0","2022","2","",65,1184,1110,1102,24130428,899761,13552,1640,"",0.92,1.85,1.73,1.72,1.10,0.94,2.01,0.62,"",10,18.2,-213,-15.2,-277,-20.0,-282,-20.4,-4409434,-15.5,219070,32.2,5051,59.4,60,3.8
"12119","5","518210","78","0","2022","2","",5,5,5,5,97596,4274,7,1501,"",0.52,0.04,0.04,0.04,0.03,0.03,0.01,0.66,"N",1,25.0,0,0,0,0,0,0,0,0,0,0,0,0,0,0
"12121","5","518210","78","0","2022","2","N",1,0,0,0,0,0,0,0,"N",0.28,0,0,0,0,0,0,0,"N",1,100.0,0,0,0,0,0,0,0,0,0,0,0,0,0,0
"12123","5","518210","78","0","2022","2","N",4,0,0,0,0,0,0,0,"N",2.09,0,0,0,0,0,0,0,"N",1,33.3,0,0,0,0,0,0,0,0,0,0,0,0,0,0
"12127","5","518210","78","0","2022","2","",28,77,81,81,1658824,115255,1590,1602,"",0.43,0.14,0.15,0.15,0.11,0.15,0.30,0.73,"",4,16.7,13,20.3,12,17.4,11,15.7,450963,37.3,36385,46.1,332,26.4,229,16.7
"12129","5","518210","78","0","2022","2","N",1,0,0,0,0,0,0,0,"N",0.42,0,0,0,0,0,0,0,"N",0,0.0,0,0,0,0,0,0,0,0,0,0,0,0,0,0
"12131","5","518210","78","0","2022","2","",15,123,123,129,2857893,117509,591,1759,"",0.99,1.26,1.23,1.28,0.98,0.57,0.42,0.78,"",3,25.0,43,53.8,34,38.2,38,41.8,1188755,71.2,-26910,-18.6,21,3.7,278,18.8
"12133","5","518210","78","0","2022","2","N",1,0,0,0,0,0,0,0,"N",0.49,0,0,0,0,0,0,0,"N",0,0.0,0,0,0,0,0,0,0,0,0,0,0,0,0,0
"12999","5","518210","78","0","2022","2","",823,5407,5485,5591,184711197,6627199,89363,2586,"",2.74,4.28,4.28,4.36,2.56,2.88,3.92,0.59,"",172,26.4,1512,38.8,1499,37.6,1437,34.6,42696663,30.1,2739735,70.5,17504,24.4,-137,-5.0
"13000","5","518210","58","0","2022","2","",1467,22890,22982,23273,826426551,39125954,701373,2758,"",0.97,1.59,1.59,1.59,1.56,1.21,2.01,0.98,"",176,13.6,4100,21.8,3575,18.4,3747,19.2,180735429,28.0,7383728,23.3,122572,21.2,177,6.9
"13007","5","518210","78","0","2022","2","N",1,0,0,0,0,0,0,0,"N",3.91,0,0,0,0,0,0,0,"N",1,100.0,0,0,0,0,0,0,0,0,0,0,0,0,0,0
"13009","5","518210","78","0","2022","2","N",1,0,0,0,0,0,0,0,"N",0.26,0,0,0,0,0,0,0,"N",0,0.0,0,0,0,0,0,0,0,0,0,0,0,0,0,0
"13013","5","518210","78","0","2022","2","N",1,0,0,0,0,0,0,0,"N",0.16,0,0,0,0,0,0,0,"N",0,0.0,0,0,0,0,0,0,0,0,0,0,0,0,0,0
"13015","5","518210","78","0","2022","2","N",2,0,0,0,0,0,0,0,"N",0.18,0,0,0,0,0,0,0,"N",0,0.0,0,0,0,0,0,0,0,0,0,0,0,0,0,0
"13021","5","518210","78","0","2022","2","",9,77,79,83,1764185,118477,2896,1703,"",0.48,0.31,0.32,0.33,0.25,0.24,0.66,0.77,"N",3,50.0,0,0,0,0,0,0,0,0,0,0,0,0,0,0
"13025","5","518210","78","0","2022","2","N",1,0,0,0,0,0,0,0,"N",1.00,0,0,0,0,0,0,0,"N",0,0.0,0,0,0,0,0,0,0,0,0,0,0,0,0,0
"13031","5","518210","78","0","2022","2","N",2,0,0,0,0,0,0,0,"N",0.28,0,0,0,0,0,0,0,"N",0,0.0,0,0,0,0,0,0,0,0,0,0,0,0,0,0
"13045","5","518210","78","0","2022","2","N",6,0,0,0,0,0,0,0,"N",0.58,0,0,0,0,0,0,0,"N",1,20.0,0,0,0,0,0,0,0,0,0,0,0,0,0,0
"13047","5","518210","78","0","2022","2","N",1,0,0,0,0,0,0,0,"N",0.22,0,0,0,0,0,0,0,"N",-2,-66.7,0,0,0,0,0,0,0,0,0,0,0,0,0,0
"13051","5","518210","78","0","2022","2","N",10,0,0,0,0,0,0,0,"N",0.25,0,0,0,0,0,0,0,"N",2,25.0,0,0,0,0,0,0,0,0,0,0,0,0,0,0
"13057","5","518210","78","0","2022","2","",22,100,81,85,2373627,157000,2796,2059,"",0.77,0.48,0.38,0.40,0.40,0.31,0.59,0.94,"",2,10.0,1,1.0,-18,-18.2,-14,-14.1,-82718,-3.4,97005,161.7,1041,59.3,150,7.9
"13059","5","518210","78","0","2022","2","N",5,0,0,0,0,0,0,0,"N",0.33,0,0,0,0,0,0,0,"N",2,66.7,0,0,0,0,0,0,0,0,0,0,0,0,0,0
"13063","5","518210","78","0","2022","2","N",6,0,0,0,0,0,0,0,"N",0.29,0,0,0,0,0,0,0,"N",1,20.0,0,0,0,0,0,0,0,0,0,0,0,0,0,0
"13065","5","518210","78","0","2022","2","N",1,0,0,0,0,0,0,0,"N",1.35,0,0,0,0,0,0,0,"N",0,0.0,0,0,0,0,0,0,0,0,0,0,0,0,0,0
"13067","5","518210","78","0","2022","2","",106,1611,1607,1636,44448231,1833036,41529,2113,"",0.98,1.38,1.37,1.40,0.96,0.66,1.40,0.69,"",0,0.0,-22,-1.3,-46,-2.8,-53,-3.1,-5990424,-11.9,-161801,-8.1,5893,16.5,-227,-9.7
"13073","5","518210","78","0","2022","2","",7,60,65,71,1312048,111347,859,1545,"",0.54,0.51,0.55,0.60,0.42,0.41,0.33,0.76,"",0,0.0,20,50.0,26,66.7,34,91.9,532484,68.3,67441,153.6,619,257.9,-6,-0.4
"13077","5","518210","78","0","2022","2","N",2,0,0,0,0,0,0,0,"N",0.15,0,0,0,0,0,0,0,"N",0,0.0,0,0,0,0,0,0,0,0,0,0,0,0,0,0
"13085","5","518210","78","0","2022","2","N",1,0,0,0,0,0,0,0,"N",0.27,0,0,0,0,0,0,0,"N",0,0.0,0,0,0,0,0,0,0,0,0,0,0,0,0,0
"13089","5","518210","78","0","2022","2","",66,1514,1516,1432,56866303,2713132,31505,2941,"",0.75,1.63,1.63,1.52,1.56,1.48,1.82,0.98,"",4,6.5,41,2.8,91,6.4,133,10.2,3973461,7.5,661536,32.2,-10908,-25.7,33,1.1
"13095","5","518210","78","0","2022","2","N",2,0,0,0,0,0,0,0,"N",0.20,0,0,0,0,0,0,0,"N",0,0.0,0,0,0,0,0,0,0,0,0,0,0,0,0,0
"13097","5","518210","78","0","2022","2","",6,26,26,24,214398,97028,710,651,"",0.45,0.18,0.18,0.16,0.05,0.27,0.17,0.29,"",1,20.0,-6,-18.8,-6,-18.8,-10,-29.4,-24326,-10.2,-48815,-33.5,-1568,-68.8,89,15.8
"13103","5","518210","78","0","2022","2","N",1,0,0,0,0,0,0,0,"N",0.26,0,0,0,0,0,0,0,"N",0,0.0,0,0,0,0,0,0,0,0,0,0,0,0,0,0
"13105","5","518210","78","0","2022","2","N",1,0,0,0,0,0,0,0,"N",0.47,0,0,0,0,0,0,0,"N",0,0.0,0,0,0,0,0,0,0,0,0,0,0,0,0,0
"13107","5","518210","78","0","2022","2","N",1,0,0,0,0,0,0,0,"N",0.56,0,0,0,0,0,0,0,"N",1,100.0,0,0,0,0,0,0,0,0,0,0,0,0,0,0
"13113","5","518210","78","0","2022","2","N",4,0,0,0,0,0,0,0,"N",0.22,0,0,0,0,0,0,0,"N",-1,-20.0,0,0,0,0,0,0,0,0,0,0,0,0,0,0
"13117","5","518210","78","0","2022","2","",32,1260,1253,1236,22269905,2048749,29258,1371,"",1.12,5.06,4.95,4.90,2.52,3.51,5.90,0.51,"",4,14.3,112,9.8,107,9.3,71,6.1,4688114,26.7,-266252,-11.5,-11438,-28.1,198,16.9
"13119","5","518210","78","0","2022","2","N",1,0,0,0,0,0,0,0,"N",0.45,0,0,0,0,0,0,0,"N",1,100.0,0,0,0,0,0,0,0,0,0,0,0,0,0,0
"13121","5","518210","78","0","2022","2","",324,11293,11301,11476,482639744,14993124,245066,3269,"",1.47,3.99,3.96,3.96,3.30,2.49,3.57,0.83,"",17,5.5,1835,19.4,1256,12.5,1368,13.5,110524749,29.7,892775,6.3,-4129,-1.7,369,12.7
"13123","5","518210","78","0","2022","2","N",1,0,0,0,0,0,0,0,"N",0.33,0,0,0,0,0,0,0,"N",0,0.0,0,0,0,0,0,0,0,0,0,0,0,0,0,0
"13127","5","518210","78","0","2022","2","N",1,0,0,0,0,0,0,0,"N",0.08,0,0,0,0,0,0,0,"N",-2,-66.7,0,0,0,0,0,0,0,0,0,0,0,0,0,0
"13129","5","518210","78","0","2022","2","N",1,0,0,0,0,0,0,0,"N",0.21,0,0,0,0,0,0,0,"N",0,0.0,0,0,0,0,0,0,0,0,0,0,0,0,0,0
"13131","5","518210","78","0","2022","2","N",1,0,0,0,0,0,0,0,"N",0.46,0,0,0,0,0,0,0,"N",0,0.0,0,0,0,0,0,0,0,0,0,0,0,0,0,0
"13135","5","518210","78","0","2022","2","",111,1635,1602,1622,63032919,2728851,52123,2994,"",0.87,1.43,1.39,1.40,1.56,1.03,1.86,1.11,"",8,7.8,322,24.5,286,21.7,302,22.9,7800259,14.1,1075578,65.1,24475,88.5,-234,-7.2
"13137","5","518210","78","0","2022","2","N",1,0,0,0,0,0,0,0,"N",0.24,0,0,0,0,0,0,0,"N",0,0.0,0,0,0,0,0,0,0,0,0,0,0,0,0,0
"13139","5","518210","78","0","2022","2","",7,34,36,37,756097,83924,1502,1631,"",0.32,0.12,0.12,0.12,0.08,0.13,0.26,0.63,"N",0,0.0,0,0,0,0,0,0,0,0,0,0,0,0,0,0
"13143","5","518210","78","0","2022","2","N",1,0,0,0,0,0,0,0,"N",0.43,0,0,0,0,0,0,0,"N",0,0.0,0,0,0,0,0,0,0,0,0,0,0,0,0,0
"13145","5","518210","78","0","2022","2","N",3,0,0,0,0,0,0,0,"N",1.36,0,0,0,0,0,0,0,"N",1,50.0,0,0,0,0,0,0,0,0,0,0,0,0,0,0
"13151","5","518210","78","0","2022","2","",6,34,37,38,1017402,191710,4488,2154,"",0.29,0.15,0.16,0.17,0.17,0.33,0.71,1.04,"",-1,-14.3,-5,-12.8,-5,-11.9,-3,-7.3,164908,19.3,42047,28.1,1403,45.5,541,33.5
"13153","5","518210","78","0","2022","2","N",3,0,0,0,0,0,0,0,"N",0.23,0,0,0,0,0,0,0,"N",2,200.0,0,0,0,0,0,0,0,0,0,0,0,0,0,0
"13157","5","518210","78","0","2022","2","N",5,0,0,0,0,0,0,0,"N",0.67,0,0,0,0,0,0,0,"N",0,0.0,0,0,0,0,0,0,0,0,0,0,0,0,0,0
"13161","5","518210","78","0","2022","2","N",1,0,0,0,0,0,0,0,"N",0.97,0,0,0,0,0,0,0,"N",1,100.0,0,0,0,0,0,0,0,0,0,0,0,0,0,0
"13163","5","518210","78","0","2022","2","N",1,0,0,0,0,0,0,0,"N",0.63,0,0,0,0,0,0,0,"N",0,0.0,0,0,0,0,0,0,0,0,0,0,0,0,0,0
"13169","5","518210","78","0","2022","2","N",1,0,0,0,0,0,0,0,"N",0.61,0,0,0,0,0,0,0,"N",1,100.0,0,0,0,0,0,0,0,0,0,0,0,0,0,0
"13177","5","518210","78","0","2022","2","N",1,0,0,0,0,0,0,0,"N",0.44,0,0,0,0,0,0,0,"N",0,0.0,0,0,0,0,0,0,0,0,0,0,0,0,0,0
"13179","5","518210","78","0","2022","2","N",1,0,0,0,0,0,0,0,"N",0.24,0,0,0,0,0,0,0,"N",0,0.0,0,0,0,0,0,0,0,0,0,0,0,0,0,0
"13185","5","518210","78","0","2022","2","N",1,0,0,0,0,0,0,0,"N",0.08,0,0,0,0,0,0,0,"N",0,0.0,0,0,0,0,0,0,0,0,0,0,0,0,0,0
"13187","5","518210","78","0","2022","2","N",3,0,0,0,0,0,0,0,"N",1.14,0,0,0,0,0,0,0,"N",0,0.0,0,0,0,0,0,0,0,0,0,0,0,0,0,0
"13215","5","518210","78","0","2022","2","N",7,0,0,0,0,0,0,0,"N",0.33,0,0,0,0,0,0,0,"N",1,16.7,0,0,0,0,0,0,0,0,0,0,0,0,0,0
"13217","5","518210","78","0","2022","2","N",2,0,0,0,0,0,0,0,"N",0.25,0,0,0,0,0,0,0,"N",0,0.0,0,0,0,0,0,0,0,0,0,0,0,0,0,0
"13223","5","518210","78","0","2022","2","N",4,0,0,0,0,0,0,0,"N",0.37,0,0,0,0,0,0,0,"N",2,100.0,0,0,0,0,0,0,0,0,0,0,0,0,0,0
"13231","5","518210","78","0","2022","2","N",1,0,0,0,0,0,0,0,"N",0.72,0,0,0,0,0,0,0,"N",0,0.0,0,0,0,0,0,0,0,0,0,0,0,0,0,0
"13241","5","518210","78","0","2022","2","-",0,0,0,0,0,0,0,0,"N",0.00,0,0,0,0,0,0,0,"N",0,0,0,0,0,0,0,0,0,0,0,0,0,0,0,0
"13245","5","518210","78","0","2022","2","",7,9,9,9,206305,56045,1217,1763,"",0.34,0.03,0.03,0.03,0.02,0.09,0.17,0.72,"N",1,16.7,0,0,0,0,0,0,0,0,0,0,0,0,0,0
"13247","5","518210","78","0","2022","2","N",1,0,0,0,0,0,0,0,"N",0.10,0,0,0,0,0,0,0,"N",0,0.0,0,0,0,0,0,0,0,0,0,0,0,0,0,0
"13251","5","518210","78","0","2022","2","N",1,0,0,0,0,0,0,0,"N",0.89,0,0,0,0,0,0,0,"N",1,100.0,0,0,0,0,0,0,0,0,0,0,0,0,0,0
"13255","5","518210","78","0","2022","2","N",1,0,0,0,0,0,0,0,"N",0.17,0,0,0,0,0,0,0,"N",0,0.0,0,0,0,0,0,0,0,0,0,0,0,0,0,0
"13277","5","518210","78","0","2022","2","N",1,0,0,0,0,0,0,0,"N",0.21,0,0,0,0,0,0,0,"N",0,0.0,0,0,0,0,0,0,0,0,0,0,0,0,0,0
"13285","5","518210","78","0","2022","2","N",1,0,0,0,0,0,0,0,"N",0.14,0,0,0,0,0,0,0,"N",0,0.0,0,0,0,0,0,0,0,0,0,0,0,0,0,0
"13287","5","518210","78","0","2022","2","N",1,0,0,0,0,0,0,0,"N",1.25,0,0,0,0,0,0,0,"N",0,0.0,0,0,0,0,0,0,0,0,0,0,0,0,0,0
"13291","5","518210","78","0","2022","2","N",1,0,0,0,0,0,0,0,"N",0.35,0,0,0,0,0,0,0,"N",0,0.0,0,0,0,0,0,0,0,0,0,0,0,0,0,0
"13295","5","518210","78","0","2022","2","N",1,0,0,0,0,0,0,0,"N",0.29,0,0,0,0,0,0,0,"N",0,0.0,0,0,0,0,0,0,0,0,0,0,0,0,0,0
"13297","5","518210","78","0","2022","2","N",1,0,0,0,0,0,0,0,"N",0.12,0,0,0,0,0,0,0,"N",0,0.0,0,0,0,0,0,0,0,0,0,0,0,0,0,0
"13299","5","518210","78","0","2022","2","N",1,0,0,0,0,0,0,0,"N",0.25,0,0,0,0,0,0,0,"N",0,0.0,0,0,0,0,0,0,0,0,0,0,0,0,0,0
"13311","5","518210","78","0","2022","2","N",1,0,0,0,0,0,0,0,"N",0.31,0,0,0,0,0,0,0,"N",1,100.0,0,0,0,0,0,0,0,0,0,0,0,0,0,0
"13999","5","518210","78","0","2022","2","",663,4337,4437,4589,130318551,11579872,239276,2251,"",2.21,6.73,6.79,7.00,3.77,4.97,6.30,0.55,"",128,23.9,1707,64.9,1707,62.5,1722,60.1,51602961,65.6,4180694,56.5,94369,65.1,43,1.9
"15000","3","518210","58","0","2022","2","N",1,0,0,0,0,0,0,0,"N",2.19,0,0,0,0,0,0,0,"N",0,0.0,0,0,0,0,0,0,0,0,0,0,0,0,0,0
"15000","5","518210","58","0","2022","2","",374,591,602,596,20435529,8883144,191281,2636,"",1.81,0.31,0.32,0.31,0.31,0.46,0.84,0.99,"",107,40.1,147,33.1,151,33.5,147,32.7,5411083,36.0,2212163,33.2,-27148,-12.4,56,2.2
"15001","5","518210","78","0","2022","2","",52,58,59,58,2047727,793619,22939,2700,"",1.95,0.27,0.27,0.27,0.32,0.38,0.91,1.18,"",12,30.0,27,87.1,29,96.7,24,70.6,1087578,113.3,301968,61.4,10271,81.1,368,15.8
"15003","3","518210","78","0","2022","2","N",1,0,0,0,0,0,0,0,"N",3.89,0,0,0,0,0,0,0,"N",0,0.0,0,0,0,0,0,0,0,0,0,0,0,0,0,0
"15003","5","518210","78","0","2022","2","",236,448,454,453,15122008,6962568,139995,2575,"",2.03,0.33,0.34,0.33,0.31,0.52,0.90,0.93,"",76,47.5,98,28.0,96,26.8,104,29.8,4734089,45.6,1749727,33.6,-38801,-21.7,307,13.5
"15007","5","518210","78","0","2022","2","N",15,0,0,0,0,0,0,0,"N",1.19,0,0,0,0,0,0,0,"N",5,50.0,0,0,0,0,0,0,0,0,0,0,0,0,0,0
"15009","5","518210","78","0","2022","2","N",61,0,0,0,0,0,0,0,"N",2.06,0,0,0,0,0,0,0,"N",10,19.6,0,0,0,0,0,0,0,0,0,0,0,0,0,0
"15999","5","518210","78","0","2022","2","",10,9,10,10,471276,216015,3572,3750,"",0.46,0.75,0.81,0.80,0.71,0.98,0.67,0.90,"N",4,66.7,0,0,0,0,0,0,0,0,0,0,0,0,0,0
"16000","3","518210","58","0","2022","2","",1,9,8,8,29120,29120,101,269,"",1.33,0.60,0.54,0.54,0.12,3.08,11.35,0.22,"N",0,0.0,0,0,0,0,0,0,0,0,0,0,0,0,0,0
"16000","5","518210","58","0","2022","2","",483,946,956,956,29088584,11954188,93434,2349,"",1.42,0.38,0.38,0.37,0.38,0.48,0.70,1.01,"",119,32.7,251,36.1,233,32.2,234,32.4,10944479,60.3,3342689,38.8,27917,42.6,392,20.0
"16001","5","518210","78","0","2022","2","",111,330,331,328,10124286,4122349,29359,2362,"",1.25,0.39,0.39,0.38,0.34,0.46,0.64,0.88,"",33,42.3,64,24.1,55,19.9,60,22.4,2958706,41.3,1111031,36.9,9757,49.8,321,15.7
"16003","5","518210","78","0","2022","2","N",1,0,0,0,0,0,0,0,"N",1.33,0,0,0,0,0,0,0,"N",0,0.0,0,0,0,0,0,0,0,0,0,0,0,0,0,0
"16005","5","518210","78","0","2022","2","N",6,0,0,0,0,0,0,0,"N",0.52,0,0,0,0,0,0,0,"N",3,100.0,0,0,0,0,0,0,0,0,0,0,0,0,0,0
"16007","5","518210","78","0","2022","2","N",1,0,0,0,0,0,0,0,"N",1.01,0,0,0,0,0,0,0,"N",0,0.0,0,0,0,0,0,0,0,0,0,0,0,0,0,0
"16009","5","518210","78","0","2022","2","N",1,0,0,0,0,0,0,0,"N",0.65,0,0,0,0,0,0,0,"N",1,100.0,0,0,0,0,0,0,0,0,0,0,0,0,0,0
"16013","5","518210","78","0","2022","2","N",5,0,0,0,0,0,0,0,"N",0.63,0,0,0,0,0,0,0,"N",2,66.7,0,0,0,0,0,0,0,0,0,0,0,0,0,0
"16017","5","518210","78","0","2022","2","",8,12,12,12,340176,148090,1084,2181,"",0.92,0.25,0.25,0.24,0.27,0.32,0.39,1.08,"",1,14.3,-2,-14.3,-1,-7.7,-1,-7.7,-10986,-3.1,633,0.4,-122,-10.1,155,7.7
"16019","5","518210","78","0","2022","2","",12,43,41,40,683575,355190,2458,1272,"",0.62,0.24,0.22,0.21,0.15,0.20,0.27,0.65,"",5,71.4,15,53.6,8,24.2,0,0.0,317841,86.9,95705,36.9,94,4.0,436,52.2
"16027","5","518210","78","0","2022","2","",7,7,8,8,217364,91312,896,2181,"",0.24,0.03,0.03,0.03,0.03,0.04,0.06,1.07,"N",2,40.0,0,0,0,0,0,0,0,0,0,0,0,0,0,0
"16029","5","518210","78","0","2022","2","N",1,0,0,0,0,0,0,0,"N",0.81,0,0,0,0,0,0,0,"N",0,0.0,0,0,0,0,0,0,0,0,0,0,0,0,0,0
"16031","5","518210","78","0","2022","2","",4,10,10,12,505341,49083,354,3644,"",0.96,0.27,0.26,0.31,0.53,0.13,0.20,1.88,"",1,33.3,2,25.0,2,25.0,4,50.0,199121,65.0,27007,122.3,189,114.5,700,23.8
"16035","5","518210","78","0","2022","2","-",0,0,0,0,0,0,0,0,"N",0.00,0,0,0,0,0,0,0,"N",-1,-100.0,0,0,0,0,0,0,0,0,0,0,0,0,0,0
"16041","5","518210","78","0","2022","2","N",2,0,0,0,0,0,0,0,"N",1.01,0,0,0,0,0,0,0,"N",1,100.0,0,0,0,0,0,0,0,0,0,0,0,0,0,0
"16045","5","518210","78","0","2022","2","N",1,0,0,0,0,0,0,0,"N",0.39,0,0,0,0,0,0,0,"N",1,100.0,0,0,0,0,0,0,0,0,0,0,0,0,0,0
"16047","5","518210","78","0","2022","2","N",1,0,0,0,0,0,0,0,"N",0.44,0,0,0,0,0,0,0,"N",0,0.0,0,0,0,0,0,0,0,0,0,0,0,0,0,0
"16051","5","518210","78","0","2022","2","N",1,0,0,0,0,0,0,0,"N",0.26,0,0,0,0,0,0,0,"N",0,0.0,0,0,0,0,0,0,0,0,0,0,0,0,0,0
"16053","3","518210","78","0","2022","2","",1,9,8,8,29120,29120,101,269,"",142.35,43.74,39.00,39.88,10.37,195.21,841.64,0.25,"N",0,0.0,0,0,0,0,0,0,0,0,0,0,0,0,0,0
"16055","5","518210","78","0","2022","2","",22,39,39,40,1536726,440134,3608,3005,"",0.77,0.19,0.18,0.18,0.25,0.21,0.31,1.36,"",4,22.2,7,21.9,4,11.4,6,17.6,498515,48.0,39438,9.8,272,8.2,633,26.7
"16057","5","518210","78","0","2022","2","",6,25,24,24,530129,350712,2035,1676,"",1.19,0.59,0.56,0.54,0.46,1.33,1.52,0.82,"N",1,20.0,0,0,0,0,0,0,0,0,0,0,0,0,0,0
"16065","5","518210","78","0","2022","2","",4,26,29,28,388586,371086,3711,1080,"",0.72,0.49,0.54,0.52,0.34,1.08,2.09,0.66,"N",1,33.3,0,0,0,0,0,0,0,0,0,0,0,0,0,0
"16067","5","518210","78","0","2022","2","N",1,0,0,0,0,0,0,0,"N",0.35,0,0,0,0,0,0,0,"N",0,0.0,0,0,0,0,0,0,0,0,0,0,0,0,0,0
"16069","5","518210","78","0","2022","2","N",2,0,0,0,0,0,0,0,"N",0.36,0,0,0,0,0,0,0,"N",0,0.0,0,0,0,0,0,0,0,0,0,0,0,0,0,0
"16071","5","518210","78","0","2022","2","N",1,0,0,0,0,0,0,0,"N",1.53,0,0,0,0,0,0,0,"N",-1,-50.0,0,0,0,0,0,0,0,0,0,0,0,0,0,0
"16075","5","518210","78","0","2022","2","N",2,0,0,0,0,0,0,0,"N",0.67,0,0,0,0,0,0,0,"N",2,100.0,0,0,0,0,0,0,0,0,0,0,0,0,0,0
"16079","5","518210","78","0","2022","2","N",2,0,0,0,0,0,0,0,"N",1.07,0,0,0,0,0,0,0,"N",1,100.0,0,0,0,0,0,0,0,0,0,0,0,0,0,0
"16081","5","518210","78","0","2022","2","N",3,0,0,0,0,0,0,0,"N",1.05,0,0,0,0,0,0,0,"N",2,200.0,0,0,0,0,0,0,0,0,0,0,0,0,0,0
"16083","5","518210","78","0","2022","2","",4,3,3,3,83108,34406,318,2131,"",0.29,0.02,0.02,0.02,0.03,0.03,0.06,1.11,"N",3,300.0,0,0,0,0,0,0,0,0,0,0,0,0,0,0
"16999","5","518210","78","0","2022","2","",274,370,371,378,13205886,5279732,44475,2723,"",5.17,5.87,5.79,5.80,3.61,5.09,6.17,0.62,"",57,26.3,111,42.9,107,40.5,111,41.6,5546423,72.4,1336342,33.9,11244,33.8,486,21.7
"17000","5","518210","58","0","2022","2","",1358,14974,15161,15092,573989071,25655243,655360,2929,"",0.86,0.83,0.83,0.81,0.79,0.47,0.54,0.96,"",207,18.0,2322,18.4,2477,19.5,2171,16.8,75574550,15.2,4484083,21.2,133615,25.6,-77,-2.6
"17001","5","518210","78","0","2022","2","N",1,0,0,0,0,0,0,0,"N",0.14,0,0,0,0,0,0,0,"N",0,0.0,0,0,0,0,0,0,0,0,0,0,0,0,0,0
"17007","5","518210","78","0","2022","2","N",2,0,0,0,0,0,0,0,"N",0.57,0,0,0,0,0,0,0,"N",1,100.0,0,0,0,0,0,0,0,0,0,0,0,0,0,0
"17019","5","518210","78","0","2022","2","",17,335,341,332,4830624,1110071,27657,1106,"",1.02,1.16,1.17,1.14,0.51,1.56,1.81,0.44,"",1,6.2,27,8.8,35,11.4,29,9.6,637380,15.2,172575,18.4,-1074,-3.7,51,4.8
"17021","5","518210","78","0","2022","2","N",1,0,0,0,0,0,0,0,"N",0.35,0,0,0,0,0,0,0,"N",1,100.0,0,0,0,0,0,0,0,0,0,0,0,0,0,0
"17025","5","518210","78","0","2022","2","N",1,0,0,0,0,0,0,0,"N",0.78,0,0,0,0,0,0,0,"N",0,0.0,0,0,0,0,0,0,0,0,0,0,0,0,0,0
"17031","5","518210","78","0","2022","2","",340,8720,8808,8718,353827955,10507722,238463,3111,"",0.61,1.14,1.14,1.10,1.02,0.47,0.48,0.91,"",23,7.3,888,11.3,947,12.0,775,9.8,32063960,10.0,1147962,12.3,31173,15.0,-31,-1.0
"17043","5","518210","78","0","2022","2","",88,2010,2000,2015,72126681,2782019,67510,2763,"",0.64,1.09,1.08,1.06,0.92,0.49,0.54,0.86,"",5,6.0,333,19.9,296,17.4,232,13.0,-3509406,-4.6,-250094,-8.2,529,0.8,-617,-18.3
"17053","5","518210","78","0","2022","2","N",1,0,0,0,0,0,0,0,"N",0.72,0,0,0,0,0,0,0,"N",0,0.0,0,0,0,0,0,0,0,0,0,0,0,0,0,0
"17057","5","518210","78","0","2022","2","N",1,0,0,0,0,0,0,0,"N",0.37,0,0,0,0,0,0,0,"N",1,100.0,0,0,0,0,0,0,0,0,0,0,0,0,0,0
"17065","5","518210","78","0","2022","2","N",2,0,0,0,0,0,0,0,"N",2.45,0,0,0,0,0,0,0,"N",0,0.0,0,0,0,0,0,0,0,0,0,0,0,0,0,0
"17073","5","518210","78","0","2022","2","N",1,0,0,0,0,0,0,0,"N",0.25,0,0,0,0,0,0,0,"N",0,0.0,0,0,0,0,0,0,0,0,0,0,0,0,0,0
"17077","5","518210","78","0","2022","2","N",1,0,0,0,0,0,0,0,"N",0.22,0,0,0,0,0,0,0,"N",1,100.0,0,0,0,0,0,0,0,0,0,0,0,0,0,0
"17089","5","518210","78","0","2022","2","",20,44,41,42,1338172,75315,1432,2432,"",0.39,0.07,0.06,0.06,0.06,0.04,0.03,0.95,"",1,5.3,-4,-8.3,-6,-12.8,-4,-8.7,33791,2.6,-27181,-26.5,-625,-30.4,297,13.9
"17091","5","518210","78","0","2022","2","N",1,0,0,0,0,0,0,0,"N",0.11,0,0,0,0,0,0,0,"N",1,100.0,0,0,0,0,0,0,0,0,0,0,0,0,0,0
"17093","5","518210","78","0","2022","2","N",1,0,0,0,0,0,0,0,"N",0.11,0,0,0,0,0,0,0,"N",1,100.0,0,0,0,0,0,0,0,0,0,0,0,0,0,0
"17097","5","518210","78","0","2022","2","",34,166,152,151,7439778,264287,6401,3661,"",0.43,0.17,0.15,0.15,0.16,0.09,0.09,1.03,"",-1,-2.9,21,14.5,1,0.7,-5,-3.2,-111917,-1.5,-38378,-12.7,-2909,-31.2,-195,-5.1
"17107","5","518210","78","0","2022","2","N",1,0,0,0,0,0,0,0,"N",0.45,0,0,0,0,0,0,0,"N",0,0.0,0,0,0,0,0,0,0,0,0,0,0,0,0,0
"17111","5","518210","78","0","2022","2","N",8,0,0,0,0,0,0,0,"N",0.26,0,0,0,0,0,0,0,"N",-1,-11.1,0,0,0,0,0,0,0,0,0,0,0,0,0,0
"17113","5","518210","78","0","2022","2","N",6,0,0,0,0,0,0,0,"N",0.46,0,0,0,0,0,0,0,"N",1,20.0,0,0,0,0,0,0,0,0,0,0,0,0,0,0
"17115","5","518210","78","0","2022","2","N",1,0,0,0,0,0,0,0,"N",0.12,0,0,0,0,0,0,0,"N",0,0.0,0,0,0,0,0,0,0,0,0,0,0,0,0,0
"17119","5","518210","78","0","2022","2","N",6,0,0,0,0,0,0,0,"N",0.28,0,0,0,0,0,0,0,"N",-1,-14.3,0,0,0,0,0,0,0,0,0,0,0,0,0,0
"17121","5","518210","78","0","2022","2","N",1,0,0,0,0,0,0,0,"N",0.31,0,0,0,0,0,0,0,"N",-1,-50.0,0,0,0,0,0,0,0,0,0,0,0,0,0,0
"17131","5","518210","78","0","2022","2","N",1,0,0,0,0,0,0,0,"N",0.84,0,0,0,0,0,0,0,"N",0,0.0,0,0,0,0,0,0,0,0,0,0,0,0,0,0
"17133","5","518210","78","0","2022","2","N",1,0,0,0,0,0,0,0,"N",0.30,0,0,0,0,0,0,0,"N",0,0.0,0,0,0,0,0,0,0,0,0,0,0,0,0,0
"17135","5","518210","78","0","2022","2","N",1,0,0,0,0,0,0,0,"N",0.36,0,0,0,0,0,0,0,"N",0,0.0,0,0,0,0,0,0,0,0,0,0,0,0,0,0
"17141","5","518210","78","0","2022","2","N",1,0,0,0,0,0,0,0,"N",0.25,0,0,0,0,0,0,0,"N",1,100.0,0,0,0,0,0,0,0,0,0,0,0,0,0,0
"17143","5","518210","78","0","2022","2","N",3,0,0,0,0,0,0,0,"N",0.19,0,0,0,0,0,0,0,"N",-1,-25.0,0,0,0,0,0,0,0,0,0,0,0,0,0,0
"17161","5","518210","78","0","2022","2","N",3,0,0,0,0,0,0,0,"N",0.26,0,0,0,0,0,0,0,"N",0,0.0,0,0,0,0,0,0,0,0,0,0,0,0,0,0
"17163","5","518210","78","0","2022","2","N",5,0,0,0,0,0,0,0,"N",0.25,0,0,0,0,0,0,0,"N",1,25.0,0,0,0,0,0,0,0,0,0,0,0,0,0,0
"17165","5","518210","78","0","2022","2","N",1,0,0,0,0,0,0,0,"N",0.50,0,0,0,0,0,0,0,"N",0,0.0,0,0,0,0,0,0,0,0,0,0,0,0,0,0
"17167","5","518210","78","0","2022","2","",9,172,174,166,4340481,365513,6901,1956,"",0.47,0.44,0.44,0.41,0.31,0.44,0.35,0.72,"",0,0.0,36,26.5,41,30.8,37,28.7,2577082,146.1,-60766,-14.3,1640,31.2,934,91.4
"17177","5","518210","78","0","2022","2","N",1,0,0,0,0,0,0,0,"N",0.24,0,0,0,0,0,0,0,"N",0,0.0,0,0,0,0,0,0,0,0,0,0,0,0,0,0
"17179","5","518210","78","0","2022","2","N",1,0,0,0,0,0,0,0,"N",0.10,0,0,0,0,0,0,0,"N",0,0.0,0,0,0,0,0,0,0,0,0,0,0,0,0,0
"17183","5","518210","78","0","2022","2","N",1,0,0,0,0,0,0,0,"N",0.19,0,0,0,0,0,0,0,"N",0,0.0,0,0,0,0,0,0,0,0,0,0,0,0,0,0
"17197","5","518210","78","0","2022","2","",20,78,81,81,1375757,201965,4714,1323,"",0.32,0.10,0.10,0.10,0.05,0.07,0.07,0.53,"",-1,-4.8,-14,-15.2,-12,-12.9,-12,-12.9,-472097,-25.5,-13599,-6.3,234,5.2,-211,-13.8
"17199","5","518210","78","0","2022","2","N",1,0,0,0,0,0,0,0,"N",0.18,0,0,0,0,0,0,0,"N",0,0.0,0,0,0,0,0,0,0,0,0,0,0,0,0,0
"17201","5","518210","78","0","2022","2","",6,78,80,81,1761685,97815,3533,1701,"",0.25,0.21,0.21,0.21,0.15,0.09,0.14,0.71,"",0,0.0,3,4.0,4,5.3,5,6.6,299052,20.4,-20548,-17.4,488,16.0,214,14.4
"17999","5","518210","78","0","2022","2","",768,3143,3261,3286,122485992,9800454,283257,2917,"",2.69,4.81,4.91,4.93,3.09,3.81,3.97,0.63,"",177,29.9,1064,51.2,1167,55.7,1098,50.2,43939328,55.9,3614523,58.4,101751,56.1,67,2.4
"18000","5","518210","58","0","2022","2","",579,3390,3405,3427,77779568,5075374,104295,1756,"",0.79,0.36,0.35,0.35,0.25,0.26,0.43,0.70,"",107,22.7,417,14.0,422,14.1,502,17.2,14468135,22.9,661635,15.0,21333,25.7,111,6.7
"18001","5","518210","78","0","2022","2","N",1,0,0,0,0,0,0,0,"N",0.33,0,0,0,0,0,0,0,"N",0,0.0,0,0,0,0,0,0,0,0,0,0,0,0,0,0
"18003","5","518210","78","0","2022","2","",17,55,54,60,1977922,127972,3320,2701,"",0.43,0.09,0.09,0.10,0.11,0.11,0.23,1.15,"",2,13.3,22,66.7,19,54.3,26,76.5,1176026,146.7,72007,128.7,1803,118.9,887,48.9
"18005","5","518210","78","0","2022","2","N",3,0,0,0,0,0,0,0,"N",0.37,0,0,0,0,0,0,0,"N",2,200.0,0,0,0,0,0,0,0,0,0,0,0,0,0,0
"18011","5","518210","78","0","2022","2","",4,16,19,19,464495,58604,682,1985,"",0.46,0.13,0.16,0.16,0.13,0.20,0.17,0.88,"",1,33.3,3,23.1,6,46.2,6,46.2,161425,53.3,49104,516.9,634,1320.8,192,10.7
"18017","5","518210","78","0","2022","2","N",1,0,0,0,0,0,0,0,"N",0.36,0,0,0,0,0,0,0,"N",0,0.0,0,0,0,0,0,0,0,0,0,0,0,0,0,0
"18019","5","518210","78","0","2022","2","N",4,0,0,0,0,0,0,0,"N",0.34,0,0,0,0,0,0,0,"N",0,0.0,0,0,0,0,0,0,0,0,0,0,0,0,0,0
"18029","5","518210","78","0","2022","2","N",1,0,0,0,0,0,0,0,"N",0.23,0,0,0,0,0,0,0,"N",0,0.0,0,0,0,0,0,0,0,0,0,0,0,0,0,0
"18031","5","518210","78","0","2022","2","N",1,0,0,0,0,0,0,0,"N",0.37,0,0,0,0,0,0,0,"N",1,100.0,0,0,0,0,0,0,0,0,0,0,0,0,0,0
"18035","5","518210","78","0","2022","2","",5,10,9,9,152899,3707,70,1260,"",0.55,0.07,0.07,0.07,0.04,0.01,0.02,0.58,"",2,66.7,3,42.9,2,28.6,4,80.0,74422,94.8,-2492,-40.2,-44,-38.6,307,32.2
"18039","5","518210","78","0","2022","2","",5,18,18,18,499042,35492,695,2133,"",0.25,0.04,0.04,0.04,0.03,0.04,0.06,0.74,"N",3,150.0,0,0,0,0,0,0,0,0,0,0,0,0,0,0
"18043","5","518210","78","0","2022","2","N",1,0,0,0,0,0,0,0,"N",0.13,0,0,0,0,0,0,0,"N",0,0.0,0,0,0,0,0,0,0,0,0,0,0,0,0,0
"18051","5","518210","78","0","2022","2","N",1,0,0,0,0,0,0,0,"N",0.32,0,0,0,0,0,0,0,"N",1,100.0,0,0,0,0,0,0,0,0,0,0,0,0,0,0
"18053","5","518210","78","0","2022","2","N",2,0,0,0,0,0,0,0,"N",0.41,0,0,0,0,0,0,0,"N",2,100.0,0,0,0,0,0,0,0,0,0,0,0,0,0,0
"18057","5","518210","78","0","2022","2","",49,228,218,227,5217775,432112,11435,1789,"",1.09,0.48,0.45,0.46,0.30,0.39,0.83,0.64,"",13,36.1,-11,-4.6,-34,-13.5,-16,-6.6,804670,18.2,-378529,-46.7,-7637,-40.0,402,29.0
"18059","5","518210","78","0","2022","2","N",2,0,0,0,0,0,0,0,"N",0.28,0,0,0,0,0,0,0,"N",0,0.0,0,0,0,0,0,0,0,0,0,0,0,0,0,0
"18061","5","518210","78","0","2022","2","N",1,0,0,0,0,0,0,0,"N",0.35,0,0,0,0,0,0,0,"N",1,100.0,0,0,0,0,0,0,0,0,0,0,0,0,0,0
"18063","5","518210","78","0","2022","2","N",5,0,0,0,0,0,0,0,"N",0.32,0,0,0,0,0,0,0,"N",1,25.0,0,0,0,0,0,0,0,0,0,0,0,0,0,0
"18065","5","518210","78","0","2022","2","N",1,0,0,0,0,0,0,0,"N",0.29,0,0,0,0,0,0,0,"N",0,0.0,0,0,0,0,0,0,0,0,0,0,0,0,0,0
"18067","5","518210","78","0","2022","2","N",2,0,0,0,0,0,0,0,"N",0.28,0,0,0,0,0,0,0,"N",2,100.0,0,0,0,0,0,0,0,0,0,0,0,0,0,0
"18069","5","518210","78","0","2022","2","-",0,0,0,0,0,0,0,0,"N",0.00,0,0,0,0,0,0,0,"N",0,0,0,0,0,0,0,0,0,0,0,0,0,0,0,0
"18071","5","518210","78","0","2022","2","N",1,0,0,0,0,0,0,0,"N",0.26,0,0,0,0,0,0,0,"N",1,100.0,0,0,0,0,0,0,0,0,0,0,0,0,0,0
"18081","5","518210","78","0","2022","2","",8,36,36,37,1437822,24282,237,3044,"",0.52,0.19,0.19,0.19,0.28,0.06,0.05,1.49,"",1,14.3,8,28.6,7,24.1,7,23.3,-206843,-12.6,6885,39.6,-125,-34.5,-1319,-30.2
"18083","5","518210","78","0","2022","2","N",1,0,0,0,0,0,0,0,"N",0.27,0,0,0,0,0,0,0,"N",0,0.0,0,0,0,0,0,0,0,0,0,0,0,0,0,0
"18085","5","518210","78","0","2022","2","N",2,0,0,0,0,0,0,0,"N",0.24,0,0,0,0,0,0,0,"N",1,100.0,0,0,0,0,0,0,0,0,0,0,0,0,0,0
"18089","5","518210","78","0","2022","2","",14,19,18,17,282883,41323,472,1209,"",0.31,0.03,0.03,0.03,0.02,0.03,0.03,0.49,"",2,16.7,3,18.8,3,20.0,1,6.2,48775,20.8,18599,81.8,2,0.4,60,5.2
"18091","5","518210","78","0","2022","2","N",4,0,0,0,0,0,0,0,"N",0.42,0,0,0,0,0,0,0,"N",1,33.3,0,0,0,0,0,0,0,0,0,0,0,0,0,0
"18093","5","518210","78","0","2022","2","N",1,0,0,0,0,0,0,0,"N",0.28,0,0,0,0,0,0,0,"N",0,0.0,0,0,0,0,0,0,0,0,0,0,0,0,0,0
"18095","5","518210","78","0","2022","2","",4,7,6,6,165423,11933,250,2009,"",0.43,0.06,0.05,0.05,0.05,0.05,0.09,0.99,"",0,0.0,0,0.0,-1,-14.3,-1,-14.3,11613,7.6,9610,413.7,238,1983.3,319,18.9
"18097","5","518210","78","0","2022","2","",88,1517,1514,1497,31690321,1491177,27565,1615,"",0.83,0.82,0.81,0.79,0.44,0.41,0.61,0.55,"",14,18.9,96,6.8,107,7.6,168,12.6,5484460,20.9,12574,0.9,4713,20.6,160,11.0
"18105","5","518210","78","0","2022","2","N",6,0,0,0,0,0,0,0,"N",0.46,0,0,0,0,0,0,0,"N",3,100.0,0,0,0,0,0,0,0,0,0,0,0,0,0,0
"18107","5","518210","78","0","2022","2","N",3,0,0,0,0,0,0,0,"N",0.88,0,0,0,0,0,0,0,"N",1,50.0,0,0,0,0,0,0,0,0,0,0,0,0,0,0
"18109","5","518210","78","0","2022","2","N",1,0,0,0,0,0,0,0,"N",0.19,0,0,0,0,0,0,0,"N",1,100.0,0,0,0,0,0,0,0,0,0,0,0,0,0,0
"18113","5","518210","78","0","2022","2","N",1,0,0,0,0,0,0,0,"N",0.27,0,0,0,0,0,0,0,"N",1,100.0,0,0,0,0,0,0,0,0,0,0,0,0,0,0
"18127","5","518210","78","0","2022","2","N",9,0,0,0,0,0,0,0,"N",0.57,0,0,0,0,0,0,0,"N",3,50.0,0,0,0,0,0,0,0,0,0,0,0,0,0,0
"18133","5","518210","78","0","2022","2","N",1,0,0,0,0,0,0,0,"N",0.34,0,0,0,0,0,0,0,"N",0,0.0,0,0,0,0,0,0,0,0,0,0,0,0,0,0
"18141","5","518210","78","0","2022","2","",14,300,301,303,6431124,344619,3033,1642,"",0.57,0.83,0.82,0.82,0.54,0.50,0.34,0.66,"",4,40.0,2,0.7,10,3.4,0,0.0,1124777,21.2,-20006,-5.5,-867,-22.2,269,19.6
"18145","5","518210","78","0","2022","2","N",2,0,0,0,0,0,0,0,"N",0.51,0,0,0,0,0,0,0,"N",0,0.0,0,0,0,0,0,0,0,0,0,0,0,0,0,0
"18147","5","518210","78","0","2022","2","N",1,0,0,0,0,0,0,0,"N",0.50,0,0,0,0,0,0,0,"N",0,0.0,0,0,0,0,0,0,0,0,0,0,0,0,0,0
"18157","5","518210","78","0","2022","2","",8,10,10,11,197058,14020,294,1467,"",0.49,0.04,0.04,0.04,0.02,0.03,0.05,0.61,"N",4,100.0,0,0,0,0,0,0,0,0,0,0,0,0,0,0
"18163","5","518210","78","0","2022","2","",5,4,4,5,151437,13459,337,2688,"",0.25,0.01,0.01,0.02,0.02,0.02,0.04,1.16,"N",3,150.0,0,0,0,0,0,0,0,0,0,0,0,0,0,0
"18167","5","518210","78","0","2022","2","N",3,0,0,0,0,0,0,0,"N",0.31,0,0,0,0,0,0,0,"N",1,50.0,0,0,0,0,0,0,0,0,0,0,0,0,0,0
"18169","5","518210","78","0","2022","2","N",1,0,0,0,0,0,0,0,"N",0.33,0,0,0,0,0,0,0,"N",1,100.0,0,0,0,0,0,0,0,0,0,0,0,0,0,0
"18177","5","518210","78","0","2022","2","-",0,0,0,0,0,0,0,0,"N",0.00,0,0,0,0,0,0,0,"N",-1,-100.0,0,0,0,0,0,0,0,0,0,0,0,0,0,0
"18181","5","518210","78","0","2022","2","N",1,0,0,0,0,0,0,0,"N",0.36,0,0,0,0,0,0,0,"N",0,0.0,0,0,0,0,0,0,0,0,0,0,0,0,0,0
"18183","5","518210","78","0","2022","2","N",1,0,0,0,0,0,0,0,"N",0.34,0,0,0,0,0,0,0,"N",0,0.0,0,0,0,0,0,0,0,0,0,0,0,0,0,0
"18999","5","518210","78","0","2022","2","",293,763,774,780,22356560,1756138,44861,2227,"",3.37,2.70,2.69,2.70,1.60,2.07,3.12,0.59,"",38,14.9,207,37.2,206,36.3,196,33.6,4102021,22.5,582640,49.6,16427,57.8,-239,-9.7
"19000","3","518210","58","0","2022","2","N",2,0,0,0,0,0,0,0,"N",2.05,0,0,0,0,0,0,0,"N",0,0.0,0,0,0,0,0,0,0,0,0,0,0,0,0,0
"19000","5","518210","58","0","2022","2","",397,3408,3556,3509,82755230,30870014,435676,1823,"",0.90,0.72,0.75,0.72,0.55,0.73,0.87,0.75,"",89,28.9,-16,-0.5,162,4.8,116,3.4,9940476,13.7,6327344,25.8,80397,22.6,177,10.8
"19001","5","518210","78","0","2022","2","N",1,0,0,0,0,0,0,0,"N",0.76,0,0,0,0,0,0,0,"N",0,0.0,0,0,0,0,0,0,0,0,0,0,0,0,0,0
"19009","5","518210","78","0","2022","2","N",1,0,0,0,0,0,0,0,"N",1.08,0,0,0,0,0,0,0,"N",0,0.0,0,0,0,0,0,0,0,0,0,0,0,0,0,0
"19011","5","518210","78","0","2022","2","N",3,0,0,0,0,0,0,0,"N",1.07,0,0,0,0,0,0,0,"N",3,100.0,0,0,0,0,0,0,0,0,0,0,0,0,0,0
"19013","5","518210","78","0","2022","2","N",10,0,0,0,0,0,0,0,"N",0.64,0,0,0,0,0,0,0,"N",1,11.1,0,0,0,0,0,0,0,0,0,0,0,0,0,0
"19015","5","518210","78","0","2022","2","N",2,0,0,0,0,0,0,0,"N",0.67,0,0,0,0,0,0,0,"N",-3,-60.0,0,0,0,0,0,0,0,0,0,0,0,0,0,0
"19017","5","518210","78","0","2022","2","N",2,0,0,0,0,0,0,0,"N",0.68,0,0,0,0,0,0,0,"N",1,100.0,0,0,0,0,0,0,0,0,0,0,0,0,0,0
"19019","5","518210","78","0","2022","2","N",1,0,0,0,0,0,0,0,"N",0.39,0,0,0,0,0,0,0,"N",0,0.0,0,0,0,0,0,0,0,0,0,0,0,0,0,0
"19021","5","518210","78","0","2022","2","-",0,0,0,0,0,0,0,0,"N",0.00,0,0,0,0,0,0,0,"N",0,0,0,0,0,0,0,0,0,0,0,0,0,0,0,0
"19027","5","518210","78","0","2022","2","N",1,0,0,0,0,0,0,0,"N",0.25,0,0,0,0,0,0,0,"N",0,0.0,0,0,0,0,0,0,0,0,0,0,0,0,0,0
"19031","5","518210","78","0","2022","2","N",1,0,0,0,0,0,0,0,"N",0.41,0,0,0,0,0,0,0,"N",0,0.0,0,0,0,0,0,0,0,0,0,0,0,0,0,0
"19033","5","518210","78","0","2022","2","N",5,0,0,0,0,0,0,0,"N",0.75,0,0,0,0,0,0,0,"N",1,25.0,0,0,0,0,0,0,0,0,0,0,0,0,0,0
"19041","5","518210","78","0","2022","2","N",2,0,0,0,0,0,0,0,"N",0.67,0,0,0,0,0,0,0,"N",0,0.0,0,0,0,0,0,0,0,0,0,0,0,0,0,0
"19045","5","518210","78","0","2022","2","N",6,0,0,0,0,0,0,0,"N",1.01,0,0,0,0,0,0,0,"N",2,50.0,0,0,0,0,0,0,0,0,0,0,0,0,0,0
"19047","5","518210","78","0","2022","2","N",1,0,0,0,0,0,0,0,"N",0.48,0,0,0,0,0,0,0,"N",1,100.0,0,0,0,0,0,0,0,0,0,0,0,0,0,0
"19049","5","518210","78","0","2022","2","N",22,0,0,0,0,0,0,0,"N",1.68,0,0,0,0,0,0,0,"N",4,22.2,0,0,0,0,0,0,0,0,0,0,0,0,0,0
"19055","5","518210","78","0","2022","2","N",1,0,0,0,0,0,0,0,"N",0.40,0,0,0,0,0,0,0,"N",1,100.0,0,0,0,0,0,0,0,0,0,0,0,0,0,0
"19057","5","518210","78","0","2022","2","N",1,0,0,0,0,0,0,0,"N",0.18,0,0,0,0,0,0,0,"N",1,100.0,0,0,0,0,0,0,0,0,0,0,0,0,0,0
"19061","3","518210","78","0","2022","2","N",1,0,0,0,0,0,0,0,"N",31.13,0,0,0,0,0,0,0,"N",0,0.0,0,0,0,0,0,0,0,0,0,0,0,0,0,0
"19061","5","518210","78","0","2022","2","",13,167,166,165,5003832,1513486,12931,2319,"",0.89,0.94,0.92,0.90,0.92,0.88,0.56,1.00,"N",5,62.5,0,0,0,0,0,0,0,0,0,0,0,0,0,0
"19065","5","518210","78","0","2022","2","N",1,0,0,0,0,0,0,0,"N",0.36,0,0,0,0,0,0,0,"N",1,100.0,0,0,0,0,0,0,0,0,0,0,0,0,0,0
"19067","5","518210","78","0","2022","2","N",1,0,0,0,0,0,0,0,"N",0.52,0,0,0,0,0,0,0,"N",0,0.0,0,0,0,0,0,0,0,0,0,0,0,0,0,0
"19075","5","518210","78","0","2022","2","N",1,0,0,0,0,0,0,0,"N",0.64,0,0,0,0,0,0,0,"N",0,0.0,0,0,0,0,0,0,0,0,0,0,0,0,0,0
"19085","5","518210","78","0","2022","2","N",3,0,0,0,0,0,0,0,"N",1.60,0,0,0,0,0,0,0,"N",0,0.0,0,0,0,0,0,0,0,0,0,0,0,0,0,0
"19087","5","518210","78","0","2022","2","N",2,0,0,0,0,0,0,0,"N",0.80,0,0,0,0,0,0,0,"N",1,100.0,0,0,0,0,0,0,0,0,0,0,0,0,0,0
"19089","5","518210","78","0","2022","2","N",1,0,0,0,0,0,0,0,"N",0.75,0,0,0,0,0,0,0,"N",0,0.0,0,0,0,0,0,0,0,0,0,0,0,0,0,0
"19095","5","518210","78","0","2022","2","N",1,0,0,0,0,0,0,0,"N",0.36,0,0,0,0,0,0,0,"N",0,0.0,0,0,0,0,0,0,0,0,0,0,0,0,0,0
"19099","5","518210","78","0","2022","2","",7,4,4,5,125503,50465,505,2228,"",1.77,0.13,0.13,0.15,0.16,0.21,0.19,1.14,"N",4,133.3,0,0,0,0,0,0,0,0,0,0,0,0,0,0
"19101","5","518210","78","0","2022","2","",5,7,10,10,361661,77895,579,3091,"",1.48,0.31,0.44,0.43,0.53,0.37,0.23,1.35,"N",3,150.0,0,0,0,0,0,0,0,0,0,0,0,0,0,0
"19103","5","518210","78","0","2022","2","",36,47,61,59,1059724,639108,9831,1464,"",1.80,0.19,0.24,0.23,0.12,0.40,0.59,0.56,"",9,33.3,-12,-20.3,3,5.2,-9,-13.2,64738,6.5,-66024,-9.4,-2783,-22.1,223,18.0
"19105","5","518210","78","0","2022","2","N",1,0,0,0,0,0,0,0,"N",0.38,0,0,0,0,0,0,0,"N",0,0.0,0,0,0,0,0,0,0,0,0,0,0,0,0,0
"19111","5","518210","78","0","2022","2","N",1,0,0,0,0,0,0,0,"N",0.23,0,0,0,0,0,0,0,"N",1,100.0,0,0,0,0,0,0,0,0,0,0,0,0,0,0
"19113","3","518210","78","0","2022","2","N",1,0,0,0,0,0,0,0,"N",14.74,0,0,0,0,0,0,0,"N",0,0.0,0,0,0,0,0,0,0,0,0,0,0,0,0,0
"19113","5","518210","78","0","2022","2","",44,675,668,658,14307732,6050969,103235,1650,"",1.43,1.73,1.69,1.63,1.01,1.65,2.32,0.60,"",7,18.9,72,11.9,76,12.8,70,11.9,977936,7.3,1875652,44.9,38001,58.3,-75,-4.3
"19115","5","518210","78","0","2022","2","N",1,0,0,0,0,0,0,0,"N",0.88,0,0,0,0,0,0,0,"N",1,100.0,0,0,0,0,0,0,0,0,0,0,0,0,0,0
"19121","5","518210","78","0","2022","2","N",2,0,0,0,0,0,0,0,"N",0.88,0,0,0,0,0,0,0,"N",1,100.0,0,0,0,0,0,0,0,0,0,0,0,0,0,0
"19123","5","518210","78","0","2022","2","N",2,0,0,0,0,0,0,0,"N",0.77,0,0,0,0,0,0,0,"N",0,0.0,0,0,0,0,0,0,0,0,0,0,0,0,0,0
"19125","5","518210","78","0","2022","2","N",2,0,0,0,0,0,0,0,"N",0.47,0,0,0,0,0,0,0,"N",0,0.0,0,0,0,0,0,0,0,0,0,0,0,0,0,0
"19127","5","518210","78","0","2022","2","",5,15,15,15,269958,148539,1269,1384,"",1.18,0.31,0.31,0.30,0.19,0.33,0.25,0.62,"N",3,150.0,0,0,0,0,0,0,0,0,0,0,0,0,0,0
"19129","5","518210","78","0","2022","2","N",2,0,0,0,0,0,0,0,"N",1.16,0,0,0,0,0,0,0,"N",0,0.0,0,0,0,0,0,0,0,0,0,0,0,0,0,0
"19131","5","518210","78","0","2022","2","N",1,0,0,0,0,0,0,0,"N",0.66,0,0,0,0,0,0,0,"N",0,0.0,0,0,0,0,0,0,0,0,0,0,0,0,0,0
"19139","5","518210","78","0","2022","2","N",2,0,0,0,0,0,0,0,"N",0.40,0,0,0,0,0,0,0,"N",-1,-33.3,0,0,0,0,0,0,0,0,0,0,0,0,0,0
"19141","5","518210","78","0","2022","2","N",2,0,0,0,0,0,0,0,"N",0.81,0,0,0,0,0,0,0,"N",2,100.0,0,0,0,0,0,0,0,0,0,0,0,0,0,0
"19145","5","518210","78","0","2022","2","N",1,0,0,0,0,0,0,0,"N",0.51,0,0,0,0,0,0,0,"N",0,0.0,0,0,0,0,0,0,0,0,0,0,0,0,0,0
"19153","5","518210","78","0","2022","2","",127,1091,1234,1185,33699227,11800984,187887,2216,"",1.58,1.17,1.31,1.23,0.96,1.32,1.76,0.77,"",28,28.3,92,9.2,236,23.6,188,18.9,6237206,22.7,4052472,52.3,63927,51.6,99,4.7
"19155","5","518210","78","0","2022","2","N",11,0,0,0,0,0,0,0,"N",1.01,0,0,0,0,0,0,0,"N",1,10.0,0,0,0,0,0,0,0,0,0,0,0,0,0,0
"19157","5","518210","78","0","2022","2","N",3,0,0,0,0,0,0,0,"N",1.05,0,0,0,0,0,0,0,"N",0,0.0,0,0,0,0,0,0,0,0,0,0,0,0,0,0
"19161","5","518210","78","0","2022","2","N",1,0,0,0,0,0,0,0,"N",0.63,0,0,0,0,0,0,0,"N",1,100.0,0,0,0,0,0,0,0,0,0,0,0,0,0,0
"19163","5","518210","78","0","2022","2","",15,25,26,26,937230,402746,3090,2809,"",0.62,0.09,0.09,0.09,0.11,0.16,0.08,1.20,"",3,25.0,9,56.2,10,62.5,8,44.4,479819,104.9,256505,175.4,1939,168.5,698,33.1
"19165","5","518210","78","0","2022","2","N",4,0,0,0,0,0,0,0,"N",2.24,0,0,0,0,0,0,0,"N",1,33.3,0,0,0,0,0,0,0,0,0,0,0,0,0,0
"19167","5","518210","78","0","2022","2","N",1,0,0,0,0,0,0,0,"N",0.16,0,0,0,0,0,0,0,"N",0,0.0,0,0,0,0,0,0,0,0,0,0,0,0,0,0
"19169","5","518210","78","0","2022","2","",21,145,141,159,2792233,1205755,3668,1448,"",1.75,1.01,0.98,1.09,0.57,1.17,0.39,0.55,"",6,40.0,-33,-18.5,-26,-15.6,-12,-7.0,699534,33.4,67861,6.0,1177,47.3,512,54.7
"19171","5","518210","78","0","2022","2","N",2,0,0,0,0,0,0,0,"N",1.10,0,0,0,0,0,0,0,"N",0,0.0,0,0,0,0,0,0,0,0,0,0,0,0,0,0
"19175","5","518210","78","0","2022","2","N",1,0,0,0,0,0,0,0,"N",0.54,0,0,0,0,0,0,0,"N",0,0.0,0,0,0,0,0,0,0,0,0,0,0,0,0,0
"19177","5","518210","78","0","2022","2","-",0,0,0,0,0,0,0,0,"N",0.00,0,0,0,0,0,0,0,"N",0,0,0,0,0,0,0,0,0,0,0,0,0,0,0,0
"19181","5","518210","78","0","2022","2","N",6,0,0,0,0,0,0,0,"N",1.15,0,0,0,0,0,0,0,"N",2,50.0,0,0,0,0,0,0,0,0,0,0,0,0,0,0
"19183","5","518210","78","0","2022","2","N",1,0,0,0,0,0,0,0,"N",0.30,0,0,0,0,0,0,0,"N",0,0.0,0,0,0,0,0,0,0,0,0,0,0,0,0,0
"19187","5","518210","78","0","2022","2","N",1,0,0,0,0,0,0,0,"N",0.21,0,0,0,0,0,0,0,"N",0,0.0,0,0,0,0,0,0,0,0,0,0,0,0,0,0
"19191","5","518210","78","0","2022","2","N",2,0,0,0,0,0,0,0,"N",0.65,0,0,0,0,0,0,0,"N",1,100.0,0,0,0,0,0,0,0,0,0,0,0,0,0,0
"19193","5","518210","78","0","2022","2","N",2,0,0,0,0,0,0,0,"N",0.15,0,0,0,0,0,0,0,"N",0,0.0,0,0,0,0,0,0,0,0,0,0,0,0,0,0
"19195","5","518210","78","0","2022","2","N",1,0,0,0,0,0,0,0,"N",1.04,0,0,0,0,0,0,0,"N",0,0.0,0,0,0,0,0,0,0,0,0,0,0,0,0,0
"19197","5","518210","78","0","2022","2","N",1,0,0,0,0,0,0,0,"N",0.52,0,0,0,0,0,0,0,"N",0,0.0,0,0,0,0,0,0,0,0,0,0,0,0,0,0
"19999","5","518210","78","0","2022","2","-",0,0,0,0,0,0,0,0,"N",0.00,0,0,0,0,0,0,0,"N",0,0,0,0,0,0,0,0,0,0,0,0,0,0,0,0
"20000","5","518210","58","0","2022","2","",508,2515,2532,2508,64738844,5749780,119513,1977,"",1.37,0.59,0.59,0.58,0.48,0.26,0.55,0.82,"",194,61.8,509,25.4,463,22.4,425,20.4,14309402,28.4,607811,11.8,-973,-0.8,87,4.6
"20001","5","518210","78","0","2022","2","N",1,0,0,0,0,0,0,0,"N",0.64,0,0,0,0,0,0,0,"N",1,100.0,0,0,0,0,0,0,0,0,0,0,0,0,0,0
"20005","5","518210","78","0","2022","2","N",1,0,0,0,0,0,0,0,"N",0.61,0,0,0,0,0,0,0,"N",0,0.0,0,0,0,0,0,0,0,0,0,0,0,0,0,0
"20009","5","518210","78","0","2022","2","N",1,0,0,0,0,0,0,0,"N",0.28,0,0,0,0,0,0,0,"N",1,100.0,0,0,0,0,0,0,0,0,0,0,0,0,0,0
"20015","5","518210","78","0","2022","2","",10,11,11,9,211211,38310,1011,1572,"",1.64,0.18,0.18,0.15,0.13,0.10,0.33,0.78,"N",8,400.0,0,0,0,0,0,0,0,0,0,0,0,0,0,0
"20021","5","518210","78","0","2022","2","N",1,0,0,0,0,0,0,0,"N",0.63,0,0,0,0,0,0,0,"N",0,0.0,0,0,0,0,0,0,0,0,0,0,0,0,0,0
"20027","5","518210","78","0","2022","2","-",0,0,0,0,0,0,0,0,"N",0.00,0,0,0,0,0,0,0,"N",0,0,0,0,0,0,0,0,0,0,0,0,0,0,0,0
"20029","5","518210","78","0","2022","2","-",0,0,0,0,0,0,0,0,"N",0.00,0,0,0,0,0,0,0,"N",0,0,0,0,0,0,0,0,0,0,0,0,0,0,0,0
"20031","5","518210","78","0","2022","2","N",2,0,0,0,0,0,0,0,"N",1.94,0,0,0,0,0,0,0,"N",0,0.0,0,0,0,0,0,0,0,0,0,0,0,0,0,0
"20035","5","518210","78","0","2022","2","N",2,0,0,0,0,0,0,0,"N",0.67,0,0,0,0,0,0,0,"N",1,100.0,0,0,0,0,0,0,0,0,0,0,0,0,0,0
"20037","5","518210","78","0","2022","2","N",2,0,0,0,0,0,0,0,"N",0.50,0,0,0,0,0,0,0,"N",1,100.0,0,0,0,0,0,0,0,0,0,0,0,0,0,0
"20039","5","518210","78","0","2022","2","-",0,0,0,0,0,0,0,0,"N",0.00,0,0,0,0,0,0,0,"N",0,0,0,0,0,0,0,0,0,0,0,0,0,0,0,0
"20041","5","518210","78","0","2022","2","",3,2,2,3,29070,9360,253,958,"",1.41,0.11,0.11,0.16,0.07,0.10,0.25,0.53,"",3,100.0,2,100.0,2,100.0,3,100.0,29070,100.0,9360,100.0,253,100.0,958,100.0
"20043","5","518210","78","0","2022","2","N",2,0,0,0,0,0,0,0,"N",2.41,0,0,0,0,0,0,0,"N",1,100.0,0,0,0,0,0,0,0,0,0,0,0,0,0,0
"20045","5","518210","78","0","2022","2","",23,96,95,96,1913079,323650,4545,1538,"",1.72,0.65,0.64,0.65,0.46,0.40,0.63,0.72,"",12,109.1,35,57.4,33,53.2,33,52.4,1134479,145.7,-23248,-6.7,-365,-7.4,572,59.2
"20051","5","518210","78","0","2022","2","N",2,0,0,0,0,0,0,0,"N",0.45,0,0,0,0,0,0,0,"N",2,100.0,0,0,0,0,0,0,0,0,0,0,0,0,0,0
"20055","5","518210","78","0","2022","2","N",2,0,0,0,0,0,0,0,"N",0.47,0,0,0,0,0,0,0,"N",2,100.0,0,0,0,0,0,0,0,0,0,0,0,0,0,0
"20059","5","518210","78","0","2022","2","N",2,0,0,0,0,0,0,0,"N",0.80,0,0,0,0,0,0,0,"N",0,0.0,0,0,0,0,0,0,0,0,0,0,0,0,0,0
"20061","5","518210","78","0","2022","2","N",4,0,0,0,0,0,0,0,"N",1.38,0,0,0,0,0,0,0,"N",2,100.0,0,0,0,0,0,0,0,0,0,0,0,0,0,0
"20071","5","518210","78","0","2022","2","N",1,0,0,0,0,0,0,0,"N",3.74,0,0,0,0,0,0,0,"N",0,0.0,0,0,0,0,0,0,0,0,0,0,0,0,0,0
"20079","5","518210","78","0","2022","2","N",5,0,0,0,0,0,0,0,"N",1.62,0,0,0,0,0,0,0,"N",2,66.7,0,0,0,0,0,0,0,0,0,0,0,0,0,0
"20087","5","518210","78","0","2022","2","N",2,0,0,0,0,0,0,0,"N",1.24,0,0,0,0,0,0,0,"N",1,100.0,0,0,0,0,0,0,0,0,0,0,0,0,0,0
"20089","5","518210","78","0","2022","2","N",1,0,0,0,0,0,0,0,"N",2.32,0,0,0,0,0,0,0,"N",1,100.0,0,0,0,0,0,0,0,0,0,0,0,0,0,0
"20091","5","518210","78","0","2022","2","",281,1660,1661,1654,47055365,3379316,75203,2183,"",2.68,1.52,1.51,1.50,1.13,0.62,1.23,0.75,"",109,63.4,395,31.2,347,26.4,305,22.6,10476736,28.6,477557,16.5,1585,2.2,34,1.6
"20095","5","518210","78","0","2022","2","N",1,0,0,0,0,0,0,0,"N",1.01,0,0,0,0,0,0,0,"N",1,100.0,0,0,0,0,0,0,0,0,0,0,0,0,0,0
"20103","5","518210","78","0","2022","2","",7,21,21,18,378048,36492,747,1454,"",1.16,0.33,0.33,0.28,0.19,0.12,0.22,0.60,"",0,0.0,6,40.0,3,16.7,0,0.0,74391,24.5,-14870,-29.0,-435,-36.8,80,5.8
"20107","5","518210","78","0","2022","2","N",1,0,0,0,0,0,0,0,"N",0.97,0,0,0,0,0,0,0,"N",1,100.0,0,0,0,0,0,0,0,0,0,0,0,0,0,0
"20111","5","518210","78","0","2022","2","-",0,0,0,0,0,0,0,0,"N",0.00,0,0,0,0,0,0,0,"N",0,0,0,0,0,0,0,0,0,0,0,0,0,0,0,0
"20113","5","518210","78","0","2022","2","N",2,0,0,0,0,0,0,0,"N",0.53,0,0,0,0,0,0,0,"N",0,0.0,0,0,0,0,0,0,0,0,0,0,0,0,0,0
"20121","5","518210","78","0","2022","2","N",3,0,0,0,0,0,0,0,"N",0.89,0,0,0,0,0,0,0,"N",2,200.0,0,0,0,0,0,0,0,0,0,0,0,0,0,0
"20123","5","518210","78","0","2022","2","N",1,0,0,0,0,0,0,0,"N",0.93,0,0,0,0,0,0,0,"N",0,0.0,0,0,0,0,0,0,0,0,0,0,0,0,0,0
"20125","5","518210","78","0","2022","2","N",1,0,0,0,0,0,0,0,"N",0.13,0,0,0,0,0,0,0,"N",1,100.0,0,0,0,0,0,0,0,0,0,0,0,0,0,0
"20133","5","518210","78","0","2022","2","N",1,0,0,0,0,0,0,0,"N",0.52,0,0,0,0,0,0,0,"N",0,0.0,0,0,0,0,0,0,0,0,0,0,0,0,0,0
"20139","5","518210","78","0","2022","2","N",1,0,0,0,0,0,0,0,"N",0.75,0,0,0,0,0,0,0,"N",1,100.0,0,0,0,0,0,0,0,0,0,0,0,0,0,0
"20151","5","518210","78","0","2022","2","N",2,0,0,0,0,0,0,0,"N",1.36,0,0,0,0,0,0,0,"N",0,0.0,0,0,0,0,0,0,0,0,0,0,0,0,0,0
"20155","5","518210","78","0","2022","2","N",9,0,0,0,0,0,0,0,"N",1.38,0,0,0,0,0,0,0,"N",2,28.6,0,0,0,0,0,0,0,0,0,0,0,0,0,0
"20159","5","518210","78","0","2022","2","N",1,0,0,0,0,0,0,0,"N",0.74,0,0,0,0,0,0,0,"N",0,0.0,0,0,0,0,0,0,0,0,0,0,0,0,0,0
"20161","5","518210","78","0","2022","2","",6,4,4,5,64973,15164,409,1153,"",0.82,0.04,0.04,0.06,0.03,0.04,0.12,0.54,"N",4,200.0,0,0,0,0,0,0,0,0,0,0,0,0,0,0
"20163","5","518210","78","0","2022","2","N",1,0,0,0,0,0,0,0,"N",1.22,0,0,0,0,0,0,0,"N",1,100.0,0,0,0,0,0,0,0,0,0,0,0,0,0,0
"20167","5","518210","78","0","2022","2","N",1,0,0,0,0,0,0,0,"N",0.85,0,0,0,0,0,0,0,"N",0,0.0,0,0,0,0,0,0,0,0,0,0,0,0,0,0
"20169","5","518210","78","0","2022","2","",6,5,5,5,62673,11935,229,964,"",0.98,0.05,0.05,0.06,0.03,0.03,0.06,0.49,"",1,20.0,1,25.0,1,25.0,1,25.0,3521,6.0,-6782,-36.2,-223,-49.3,-174,-15.3
"20171","5","518210","78","0","2022","2","N",1,0,0,0,0,0,0,0,"N",0.99,0,0,0,0,0,0,0,"N",1,100.0,0,0,0,0,0,0,0,0,0,0,0,0,0,0
"20173","5","518210","78","0","2022","2","",66,168,168,172,3371057,739359,13094,1531,"",1.23,0.22,0.21,0.22,0.14,0.19,0.30,0.64,"",23,53.5,42,33.3,34,25.4,43,33.3,1309571,63.5,150855,25.6,-335,-2.5,308,25.2
"20175","5","518210","78","0","2022","2","N",1,0,0,0,0,0,0,0,"N",0.46,0,0,0,0,0,0,0,"N",1,100.0,0,0,0,0,0,0,0,0,0,0,0,0,0,0
"20177","5","518210","78","0","2022","2","N",16,0,0,0,0,0,0,0,"N",0.78,0,0,0,0,0,0,0,"N",3,23.1,0,0,0,0,0,0,0,0,0,0,0,0,0,0
"20185","5","518210","78","0","2022","2","N",1,0,0,0,0,0,0,0,"N",1.46,0,0,0,0,0,0,0,"N",0,0.0,0,0,0,0,0,0,0,0,0,0,0,0,0,0
"20187","5","518210","78","0","2022","2","-",0,0,0,0,0,0,0,0,"N",0.00,0,0,0,0,0,0,0,"N",0,0,0,0,0,0,0,0,0,0,0,0,0,0,0,0
"20191","5","518210","78","0","2022","2","-",0,0,0,0,0,0,0,0,"N",0.00,0,0,0,0,0,0,0,"N",0,0,0,0,0,0,0,0,0,0,0,0,0,0,0,0
"20195","5","518210","78","0","2022","2","N",2,0,0,0,0,0,0,0,"N",4.10,0,0,0,0,0,0,0,"N",0,0.0,0,0,0,0,0,0,0,0,0,0,0,0,0,0
"20201","5","518210","78","0","2022","2","-",0,0,0,0,0,0,0,0,"N",0.00,0,0,0,0,0,0,0,"N",0,0,0,0,0,0,0,0,0,0,0,0,0,0,0,0
"20205","5","518210","78","0","2022","2","N",1,0,0,0,0,0,0,0,"N",1.02,0,0,0,0,0,0,0,"N",1,100.0,0,0,0,0,0,0,0,0,0,0,0,0,0,0
"20209","5","518210","78","0","2022","2","N",13,0,0,0,0,0,0,0,"N",0.91,0,0,0,0,0,0,0,"N",5,62.5,0,0,0,0,0,0,0,0,0,0,0,0,0,0
"20999","5","518210","78","0","2022","2","N",15,0,0,0,0,0,0,0,"N",2.11,0,0,0,0,0,0,0,"N",-1,-6.2,0,0,0,0,0,0,0,0,0,0,0,0,0,0
"21000","3","518210","58","0","2022","2","N",1,0,0,0,0,0,0,0,"N",0.80,0,0,0,0,0,0,0,"N",0,0.0,0,0,0,0,0,0,0,0,0,0,0,0,0,0
"21000","5","518210","58","0","2022","2","",455,4170,4172,4179,96207824,8832989,188243,1773,"",0.80,0.71,0.70,0.70,0.51,0.60,0.91,0.72,"",120,35.8,-292,-6.5,-242,-5.5,-214,-4.9,12719236,15.2,674082,8.3,15795,9.2,321,22.1
"21005","5","518210","78","0","2022","2","N",1,0,0,0,0,0,0,0,"N",0.52,0,0,0,0,0,0,0,"N",0,0.0,0,0,0,0,0,0,0,0,0,0,0,0,0,0
"21007","5","518210","78","0","2022","2","N",1,0,0,0,0,0,0,0,"N",1.15,0,0,0,0,0,0,0,"N",0,0.0,0,0,0,0,0,0,0,0,0,0,0,0,0,0
"21009","5","518210","78","0","2022","2","N",1,0,0,0,0,0,0,0,"N",0.21,0,0,0,0,0,0,0,"N",1,100.0,0,0,0,0,0,0,0,0,0,0,0,0,0,0
"21015","5","518210","78","0","2022","2","",29,172,165,164,3079384,458406,5965,1418,"",1.30,0.54,0.52,0.51,0.30,0.51,0.45,0.58,"",9,45.0,1,0.6,4,2.5,11,7.2,965148,45.6,-8847,-1.9,-2768,-31.7,412,41.0
"21017","5","518210","78","0","2022","2","-",0,0,0,0,0,0,0,0,"N",0.00,0,0,0,0,0,0,0,"N",0,0,0,0,0,0,0,0,0,0,0,0,0,0,0,0
"21019","5","518210","78","0","2022","2","",6,34,34,34,1094196,20006,455,2476,"",0.91,0.45,0.45,0.44,0.45,0.12,0.19,1.00,"",0,0.0,3,9.7,2,6.2,2,6.2,385500,54.4,-12492,-38.4,-314,-40.8,754,43.8
"21021","5","518210","78","0","2022","2","N",1,0,0,0,0,0,0,0,"N",0.26,0,0,0,0,0,0,0,"N",1,100.0,0,0,0,0,0,0,0,0,0,0,0,0,0,0
"21023","5","518210","78","0","2022","2","N",1,0,0,0,0,0,0,0,"N",1.41,0,0,0,0,0,0,0,"N",0,0.0,0,0,0,0,0,0,0,0,0,0,0,0,0,0
"21029","5","518210","78","0","2022","2","",5,8,8,8,163622,53408,1442,1573,"",0.82,0.09,0.09,0.09,0.05,0.20,0.36,0.60,"N",3,150.0,0,0,0,0,0,0,0,0,0,0,0,0,0,0
"21035","5","518210","78","0","2022","2","N",4,0,0,0,0,0,0,0,"N",0.84,0,0,0,0,0,0,0,"N",2,100.0,0,0,0,0,0,0,0,0,0,0,0,0,0,0
"21037","5","518210","78","0","2022","2","",19,27,29,29,843463,45724,1471,2290,"",1.67,0.29,0.31,0.31,0.30,0.19,0.46,0.99,"N",6,46.2,0,0,0,0,0,0,0,0,0,0,0,0,0,0
"21045","5","518210","78","0","2022","2","N",1,0,0,0,0,0,0,0,"N",0.75,0,0,0,0,0,0,0,"N",0,0.0,0,0,0,0,0,0,0,0,0,0,0,0,0,0
"21047","5","518210","78","0","2022","2","N",8,0,0,0,0,0,0,0,"N",1.03,0,0,0,0,0,0,0,"N",2,33.3,0,0,0,0,0,0,0,0,0,0,0,0,0,0
"21049","5","518210","78","0","2022","2","N",2,0,0,0,0,0,0,0,"N",0.52,0,0,0,0,0,0,0,"N",0,0.0,0,0,0,0,0,0,0,0,0,0,0,0,0,0
"21059","5","518210","78","0","2022","2","N",2,0,0,0,0,0,0,0,"N",0.16,0,0,0,0,0,0,0,"N",0,0.0,0,0,0,0,0,0,0,0,0,0,0,0,0,0
"21067","5","518210","78","0","2022","2","",69,691,675,673,18997196,1469746,29888,2150,"",1.28,1.15,1.12,1.14,0.93,1.06,1.53,0.82,"",18,35.3,63,10.0,55,8.9,58,9.4,5613898,41.9,204535,16.2,8664,40.8,492,29.7
"21071","5","518210","78","0","2022","2","N",2,0,0,0,0,0,0,0,"N",0.49,0,0,0,0,0,0,0,"N",1,100.0,0,0,0,0,0,0,0,0,0,0,0,0,0,0
"21073","3","518210","78","0","2022","2","N",1,0,0,0,0,0,0,0,"N",45.56,0,0,0,0,0,0,0,"N",0,0.0,0,0,0,0,0,0,0,0,0,0,0,0,0,0
"21073","5","518210","78","0","2022","2","",17,90,85,82,2259375,75269,3015,2029,"",1.71,0.90,0.85,0.81,0.72,0.38,1.03,0.84,"",6,54.5,-12,-11.8,-16,-15.8,-19,-18.8,-6109,-0.3,34415,84.2,2225,281.6,309,18.0
"21079","5","518210","78","0","2022","2","N",1,0,0,0,0,0,0,0,"N",0.69,0,0,0,0,0,0,0,"N",0,0.0,0,0,0,0,0,0,0,0,0,0,0,0,0,0
"21081","5","518210","78","0","2022","2","N",1,0,0,0,0,0,0,0,"N",0.46,0,0,0,0,0,0,0,"N",1,100.0,0,0,0,0,0,0,0,0,0,0,0,0,0,0
"21089","5","518210","78","0","2022","2","N",2,0,0,0,0,0,0,0,"N",0.72,0,0,0,0,0,0,0,"N",0,0.0,0,0,0,0,0,0,0,0,0,0,0,0,0,0
"21093","5","518210","78","0","2022","2","",13,96,115,132,2725252,132094,2601,1834,"",0.98,0.69,0.82,0.93,0.66,0.40,0.61,0.81,"",1,8.3,8,9.1,28,32.2,46,53.5,601338,28.3,104164,372.9,2130,452.2,-44,-2.3
"21095","5","518210","78","0","2022","2","N",1,0,0,0,0,0,0,0,"N",0.50,0,0,0,0,0,0,0,"N",1,100.0,0,0,0,0,0,0,0,0,0,0,0,0,0,0
"21099","5","518210","78","0","2022","2","N",1,0,0,0,0,0,0,0,"N",0.66,0,0,0,0,0,0,0,"N",1,100.0,0,0,0,0,0,0,0,0,0,0,0,0,0,0
"21101","5","518210","78","0","2022","2","N",3,0,0,0,0,0,0,0,"N",0.59,0,0,0,0,0,0,0,"N",0,0.0,0,0,0,0,0,0,0,0,0,0,0,0,0,0
"21103","5","518210","78","0","2022","2","N",2,0,0,0,0,0,0,0,"N",1.41,0,0,0,0,0,0,0,"N",1,100.0,0,0,0,0,0,0,0,0,0,0,0,0,0,0
"21107","5","518210","78","0","2022","2","N",2,0,0,0,0,0,0,0,"N",0.46,0,0,0,0,0,0,0,"N",2,100.0,0,0,0,0,0,0,0,0,0,0,0,0,0,0
"21109","5","518210","78","0","2022","2","N",3,0,0,0,0,0,0,0,"N",4.24,0,0,0,0,0,0,0,"N",2,200.0,0,0,0,0,0,0,0,0,0,0,0,0,0,0
"21111","5","518210","78","0","2022","2","",141,1539,1544,1545,39940444,1890086,38370,1992,"",1.16,1.07,1.06,1.05,0.73,0.54,0.80,0.69,"",39,38.2,158,11.4,150,10.8,166,12.0,5322994,15.4,539434,39.9,12307,47.2,69,3.6
"21113","5","518210","78","0","2022","2","",5,12,12,12,267749,51788,363,1716,"",0.75,0.22,0.22,0.22,0.17,0.37,0.19,0.78,"",1,25.0,6,100.0,6,100.0,6,100.0,190090,244.8,42963,486.8,301,485.5,720,72.3
"21117","5","518210","78","0","2022","2","",20,29,28,27,1174529,79070,1851,3227,"",0.96,0.13,0.12,0.12,0.13,0.16,0.28,1.06,"N",7,53.8,0,0,0,0,0,0,0,0,0,0,0,0,0,0
"21125","5","518210","78","0","2022","2","",6,239,241,243,3415900,1238596,27540,1090,"",0.89,2.96,2.97,2.97,1.74,5.43,9.12,0.59,"",0,0.0,-42,-14.9,-45,-15.7,-37,-13.2,544403,19.0,95229,8.3,-4838,-14.9,308,39.4
"21133","5","518210","78","0","2022","2","N",1,0,0,0,0,0,0,0,"N",0.53,0,0,0,0,0,0,0,"N",0,0.0,0,0,0,0,0,0,0,0,0,0,0,0,0,0
"21145","5","518210","78","0","2022","2","N",6,0,0,0,0,0,0,0,"N",0.57,0,0,0,0,0,0,0,"N",0,0.0,0,0,0,0,0,0,0,0,0,0,0,0,0,0
"21151","5","518210","78","0","2022","2","",10,91,86,80,887282,259965,4079,797,"",0.96,0.86,0.80,0.75,0.30,1.05,1.21,0.38,"N",4,66.7,0,0,0,0,0,0,0,0,0,0,0,0,0,0
"21157","5","518210","78","0","2022","2","N",1,0,0,0,0,0,0,0,"N",0.27,0,0,0,0,0,0,0,"N",0,0.0,0,0,0,0,0,0,0,0,0,0,0,0,0,0
"21167","5","518210","78","0","2022","2","N",2,0,0,0,0,0,0,0,"N",0.95,0,0,0,0,0,0,0,"N",1,100.0,0,0,0,0,0,0,0,0,0,0,0,0,0,0
"21173","5","518210","78","0","2022","2","N",1,0,0,0,0,0,0,0,"N",0.32,0,0,0,0,0,0,0,"N",0,0.0,0,0,0,0,0,0,0,0,0,0,0,0,0,0
"21179","5","518210","78","0","2022","2","N",2,0,0,0,0,0,0,0,"N",0.37,0,0,0,0,0,0,0,"N",0,0.0,0,0,0,0,0,0,0,0,0,0,0,0,0,0
"21185","5","518210","78","0","2022","2","",8,13,13,13,495687,14811,399,2933,"",0.94,0.26,0.26,0.25,0.31,0.13,0.24,1.21,"N",2,33.3,0,0,0,0,0,0,0,0,0,0,0,0,0,0
"21189","5","518210","78","0","2022","2","N",1,0,0,0,0,0,0,0,"N",3.05,0,0,0,0,0,0,0,"N",1,100.0,0,0,0,0,0,0,0,0,0,0,0,0,0,0
"21191","5","518210","78","0","2022","2","N",1,0,0,0,0,0,0,0,"N",1.03,0,0,0,0,0,0,0,"N",0,0.0,0,0,0,0,0,0,0,0,0,0,0,0,0,0
"21193","5","518210","78","0","2022","2","N",1,0,0,0,0,0,0,0,"N",0.28,0,0,0,0,0,0,0,"N",1,100.0,0,0,0,0,0,0,0,0,0,0,0,0,0,0
"21195","5","518210","78","0","2022","2","N",2,0,0,0,0,0,0,0,"N",0.33,0,0,0,0,0,0,0,"N",1,100.0,0,0,0,0,0,0,0,0,0,0,0,0,0,0
"21197","5","518210","78","0","2022","2","N",2,0,0,0,0,0,0,0,"N",1.88,0,0,0,0,0,0,0,"N",0,0.0,0,0,0,0,0,0,0,0,0,0,0,0,0,0
"21199","5","518210","78","0","2022","2","N",2,0,0,0,0,0,0,0,"N",0.26,0,0,0,0,0,0,0,"N",0,0.0,0,0,0,0,0,0,0,0,0,0,0,0,0,0
"21203","5","518210","78","0","2022","2","N",1,0,0,0,0,0,0,0,"N",0.96,0,0,0,0,0,0,0,"N",0,0.0,0,0,0,0,0,0,0,0,0,0,0,0,0,0
"21205","5","518210","78","0","2022","2","N",1,0,0,0,0,0,0,0,"N",0.36,0,0,0,0,0,0,0,"N",0,0.0,0,0,0,0,0,0,0,0,0,0,0,0,0,0
"21209","5","518210","78","0","2022","2","N",7,0,0,0,0,0,0,0,"N",1.12,0,0,0,0,0,0,0,"N",0,0.0,0,0,0,0,0,0,0,0,0,0,0,0,0,0
"21211","5","518210","78","0","2022","2","N",3,0,0,0,0,0,0,0,"N",0.53,0,0,0,0,0,0,0,"N",2,200.0,0,0,0,0,0,0,0,0,0,0,0,0,0,0
"21213","5","518210","78","0","2022","2","N",2,0,0,0,0,0,0,0,"N",0.82,0,0,0,0,0,0,0,"N",0,0.0,0,0,0,0,0,0,0,0,0,0,0,0,0,0
"21227","5","518210","78","0","2022","2","N",10,0,0,0,0,0,0,0,"N",0.55,0,0,0,0,0,0,0,"N",2,25.0,0,0,0,0,0,0,0,0,0,0,0,0,0,0
"21231","5","518210","78","0","2022","2","N",1,0,0,0,0,0,0,0,"N",0.62,0,0,0,0,0,0,0,"N",0,0.0,0,0,0,0,0,0,0,0,0,0,0,0,0,0
"21235","5","518210","78","0","2022","2","N",3,0,0,0,0,0,0,0,"N",0.81,0,0,0,0,0,0,0,"N",1,50.0,0,0,0,0,0,0,0,0,0,0,0,0,0,0
"21239","5","518210","78","0","2022","2","N",3,0,0,0,0,0,0,0,"N",0.80,0,0,0,0,0,0,0,"N",2,200.0,0,0,0,0,0,0,0,0,0,0,0,0,0,0
"21999","5","518210","78","0","2022","2","",14,95,89,86,3000144,53236,762,2564,"",0.65,0.96,0.89,0.85,0.68,0.16,0.13,0.76,"",0,0.0,-519,-84.5,-504,-85.0,-532,-86.1,-3713089,-55.3,-1254897,-95.9,-22947,-96.8,1715,202.0
"22000","5","518210","58","0","2022","2","",550,3211,3259,3281,61876373,12187830,204665,1464,"",0.93,0.56,0.57,0.57,0.34,1.30,1.82,0.60,"",132,31.6,472,17.2,472,16.9,388,13.4,11565762,23.0,8766947,256.3,148230,262.7,85,6.2
"22001","5","518210","78","0","2022","2","N",1,0,0,0,0,0,0,0,"N",0.18,0,0,0,0,0,0,0,"N",1,100.0,0,0,0,0,0,0,0,0,0,0,0,0,0,0
"22005","5","518210","78","0","2022","2","",9,15,16,15,342734,12706,203,1719,"",0.63,0.10,0.11,0.10,0.06,0.05,0.05,0.62,"",0,0.0,1,7.1,2,14.3,2,15.4,-9737,-2.8,8255,185.5,126,163.6,-265,-13.4
"22011","5","518210","78","0","2022","2","N",1,0,0,0,0,0,0,0,"N",0.30,0,0,0,0,0,0,0,"N",-2,-66.7,0,0,0,0,0,0,0,0,0,0,0,0,0,0
"22013","5","518210","78","0","2022","2","N",1,0,0,0,0,0,0,0,"N",0.80,0,0,0,0,0,0,0,"N",0,0.0,0,0,0,0,0,0,0,0,0,0,0,0,0,0
"22015","5","518210","78","0","2022","2","",17,40,41,42,692398,27298,435,1299,"",1.25,0.30,0.30,0.31,0.18,0.12,0.17,0.61,"",4,30.8,-23,-36.5,-21,-33.9,-3,-6.7,-479558,-40.9,5029,22.6,57,15.1,-292,-18.4
"22017","5","518210","78","0","2022","2","",24,226,227,224,3387744,302236,4882,1155,"",0.77,0.69,0.69,0.68,0.34,0.62,0.87,0.49,"",4,20.0,21,10.2,21,10.2,16,7.7,388498,13.0,98979,48.7,1941,66.0,37,3.3
"22019","5","518210","78","0","2022","2","",12,20,19,23,238362,31989,371,887,"",0.52,0.07,0.07,0.08,0.03,0.07,0.06,0.35,"",2,20.0,4,25.0,3,18.8,6,35.3,112110,88.8,5287,19.8,63,20.5,292,49.1
"22023","5","518210","78","0","2022","2","N",1,0,0,0,0,0,0,0,"N",1.54,0,0,0,0,0,0,0,"N",0,0.0,0,0,0,0,0,0,0,0,0,0,0,0,0,0
"22025","5","518210","78","0","2022","2","N",1,0,0,0,0,0,0,0,"N",0.94,0,0,0,0,0,0,0,"N",0,0.0,0,0,0,0,0,0,0,0,0,0,0,0,0,0
"22033","5","518210","78","0","2022","2","",96,1118,1132,1162,25348730,6686948,108081,1714,"",1.30,1.38,1.39,1.45,0.91,5.21,6.40,0.65,"",25,35.2,159,16.6,133,13.3,42,3.8,3968049,18.6,5238813,361.8,83193,334.3,111,6.9
"22037","5","518210","78","0","2022","2","N",2,0,0,0,0,0,0,0,"N",1.30,0,0,0,0,0,0,0,"N",1,100.0,0,0,0,0,0,0,0,0,0,0,0,0,0,0
"22039","5","518210","78","0","2022","2","N",1,0,0,0,0,0,0,0,"N",0.39,0,0,0,0,0,0,0,"N",0,0.0,0,0,0,0,0,0,0,0,0,0,0,0,0,0
"22045","5","518210","78","0","2022","2","N",3,0,0,0,0,0,0,0,"N",0.40,0,0,0,0,0,0,0,"N",1,50.0,0,0,0,0,0,0,0,0,0,0,0,0,0,0
"22051","5","518210","78","0","2022","2","",60,434,432,407,5467377,664486,13037,991,"",0.97,0.78,0.77,0.72,0.29,0.72,1.33,0.38,"",15,33.3,85,24.4,72,20.0,71,21.1,1207099,28.3,137844,26.2,3564,37.6,50,5.3
"22055","5","518210","78","0","2022","2","",46,208,218,225,3116008,288526,3517,1105,"",1.02,0.51,0.54,0.55,0.26,0.43,0.47,0.48,"",17,58.6,17,8.9,25,13.0,30,15.4,1030015,49.4,131448,83.7,1973,127.8,274,33.0
"22057","5","518210","78","0","2022","2","",4,18,16,15,195011,36641,795,918,"",0.47,0.18,0.16,0.15,0.06,0.24,0.51,0.35,"",1,33.3,13,260.0,11,220.0,10,200.0,102772,111.4,36641,100.0,795,100.0,-501,-35.3
"22059","5","518210","78","0","2022","2","N",1,0,0,0,0,0,0,0,"N",0.56,0,0,0,0,0,0,0,"N",0,0.0,0,0,0,0,0,0,0,0,0,0,0,0,0,0
"22061","5","518210","78","0","2022","2","N",3,0,0,0,0,0,0,0,"N",0.52,0,0,0,0,0,0,0,"N",1,50.0,0,0,0,0,0,0,0,0,0,0,0,0,0,0
"22063","5","518210","78","0","2022","2","",11,15,17,19,274012,28636,543,1240,"",0.97,0.16,0.18,0.20,0.12,0.17,0.30,0.67,"N",7,175.0,0,0,0,0,0,0,0,0,0,0,0,0,0,0
"22067","5","518210","78","0","2022","2","N",1,0,0,0,0,0,0,0,"N",0.44,0,0,0,0,0,0,0,"N",1,100.0,0,0,0,0,0,0,0,0,0,0,0,0,0,0
"22071","5","518210","78","0","2022","2","",121,487,493,487,11359452,1824034,35924,1787,"",1.86,0.86,0.86,0.85,0.56,2.05,3.55,0.66,"",23,23.5,57,13.3,70,16.5,53,12.2,1660722,17.1,1415020,346.0,29384,449.3,48,2.8
"22073","5","518210","78","0","2022","2","",14,301,313,332,5807397,1858411,30268,1417,"",0.69,1.42,1.47,1.55,1.05,5.17,6.81,0.71,"",2,16.7,72,31.4,79,33.8,79,31.2,1850175,46.8,1575804,557.6,25475,531.5,142,11.1
"22075","5","518210","78","0","2022","2","N",2,0,0,0,0,0,0,0,"N",0.61,0,0,0,0,0,0,0,"N",1,100.0,0,0,0,0,0,0,0,0,0,0,0,0,0,0
"22079","5","518210","78","0","2022","2","N",3,0,0,0,0,0,0,0,"N",0.19,0,0,0,0,0,0,0,"N",-3,-50.0,0,0,0,0,0,0,0,0,0,0,0,0,0,0
"22083","5","518210","78","0","2022","2","N",1,0,0,0,0,0,0,0,"N",0.46,0,0,0,0,0,0,0,"N",0,0.0,0,0,0,0,0,0,0,0,0,0,0,0,0,0
"22087","5","518210","78","0","2022","2","N",2,0,0,0,0,0,0,0,"N",0.52,0,0,0,0,0,0,0,"N",0,0.0,0,0,0,0,0,0,0,0,0,0,0,0,0,0
"22089","5","518210","78","0","2022","2","N",2,0,0,0,0,0,0,0,"N",0.36,0,0,0,0,0,0,0,"N",0,0.0,0,0,0,0,0,0,0,0,0,0,0,0,0,0
"22093","5","518210","78","0","2022","2","-",0,0,0,0,0,0,0,0,"N",0.00,0,0,0,0,0,0,0,"N",0,0,0,0,0,0,0,0,0,0,0,0,0,0,0,0
"22095","5","518210","78","0","2022","2","N",3,0,0,0,0,0,0,0,"N",0.76,0,0,0,0,0,0,0,"N",1,50.0,0,0,0,0,0,0,0,0,0,0,0,0,0,0
"22097","5","518210","78","0","2022","2","N",4,0,0,0,0,0,0,0,"N",0.49,0,0,0,0,0,0,0,"N",0,0.0,0,0,0,0,0,0,0,0,0,0,0,0,0,0
"22099","5","518210","78","0","2022","2","N",3,0,0,0,0,0,0,0,"N",0.71,0,0,0,0,0,0,0,"N",1,50.0,0,0,0,0,0,0,0,0,0,0,0,0,0,0
"22101","5","518210","78","0","2022","2","N",2,0,0,0,0,0,0,0,"N",0.35,0,0,0,0,0,0,0,"N",2,100.0,0,0,0,0,0,0,0,0,0,0,0,0,0,0
"22103","5","518210","78","0","2022","2","",64,111,109,116,2290426,110210,1291,1573,"",1.60,0.39,0.38,0.40,0.26,0.23,0.26,0.66,"",20,45.5,28,33.7,26,31.3,36,45.0,880531,62.5,-35949,-24.6,-854,-39.8,250,18.9
"22105","5","518210","78","0","2022","2","N",5,0,0,0,0,0,0,0,"N",0.36,0,0,0,0,0,0,0,"N",1,25.0,0,0,0,0,0,0,0,0,0,0,0,0,0,0
"22109","5","518210","78","0","2022","2","",6,10,10,10,115958,6362,59,892,"",0.45,0.07,0.07,0.07,0.03,0.03,0.02,0.36,"",1,20.0,-7,-41.2,-5,-33.3,-5,-33.3,-40827,-26.0,-1692,-21.0,-49,-45.4,122,15.8
"22111","5","518210","78","0","2022","2","N",2,0,0,0,0,0,0,0,"N",1.15,0,0,0,0,0,0,0,"N",0,0.0,0,0,0,0,0,0,0,0,0,0,0,0,0,0
"22115","5","518210","78","0","2022","2","N",4,0,0,0,0,0,0,0,"N",0.99,0,0,0,0,0,0,0,"N",2,100.0,0,0,0,0,0,0,0,0,0,0,0,0,0,0
"22119","5","518210","78","0","2022","2","N",2,0,0,0,0,0,0,0,"N",0.51,0,0,0,0,0,0,0,"N",1,100.0,0,0,0,0,0,0,0,0,0,0,0,0,0,0
"22121","5","518210","78","0","2022","2","N",1,0,0,0,0,0,0,0,"N",0.32,0,0,0,0,0,0,0,"N",1,100.0,0,0,0,0,0,0,0,0,0,0,0,0,0,0
"22125","5","518210","78","0","2022","2","N",1,0,0,0,0,0,0,0,"N",0.85,0,0,0,0,0,0,0,"N",0,0.0,0,0,0,0,0,0,0,0,0,0,0,0,0,0
"22999","5","518210","78","0","2022","2","",13,82,83,73,1214492,118967,3182,1178,"",1.32,0.74,0.75,0.68,0.21,0.41,0.65,0.29,"",1,8.3,8,10.8,11,15.3,9,14.1,117897,10.8,66672,127.5,2165,212.9,-27,-2.2
"23000","5","518210","58","0","2022","2","",214,821,809,803,20183615,973094,22328,1914,"",0.87,0.43,0.42,0.40,0.32,0.20,0.21,0.76,"",73,51.8,99,13.7,79,10.8,65,8.8,4466998,28.4,-6372,-0.7,429,2.0,258,15.6
"23001","5","518210","78","0","2022","2","",8,8,8,8,112183,24425,718,1079,"",0.58,0.05,0.05,0.05,0.03,0.06,0.10,0.47,"N",3,60.0,0,0,0,0,0,0,0,0,0,0,0,0,0,0
"23003","5","518210","78","0","2022","2","N",5,0,0,0,0,0,0,0,"N",0.54,0,0,0,0,0,0,0,"N",2,66.7,0,0,0,0,0,0,0,0,0,0,0,0,0,0
"23005","5","518210","78","0","2022","2","",78,391,389,384,8637383,353381,8963,1712,"",1.18,0.70,0.68,0.66,0.41,0.25,0.33,0.60,"",29,59.2,47,13.7,32,9.0,24,6.7,1245801,16.9,-1460,-0.4,481,5.7,104,6.5
"23007","5","518210","78","0","2022","2","N",1,0,0,0,0,0,0,0,"N",0.24,0,0,0,0,0,0,0,"N",0,0.0,0,0,0,0,0,0,0,0,0,0,0,0,0,0
"23009","5","518210","78","0","2022","2","N",6,0,0,0,0,0,0,0,"N",0.53,0,0,0,0,0,0,0,"N",1,20.0,0,0,0,0,0,0,0,0,0,0,0,0,0,0
"23011","5","518210","78","0","2022","2","N",8,0,0,0,0,0,0,0,"N",0.48,0,0,0,0,0,0,0,"N",2,33.3,0,0,0,0,0,0,0,0,0,0,0,0,0,0
"23013","5","518210","78","0","2022","2","N",2,0,0,0,0,0,0,0,"N",0.23,0,0,0,0,0,0,0,"N",1,100.0,0,0,0,0,0,0,0,0,0,0,0,0,0,0
"23015","5","518210","78","0","2022","2","N",4,0,0,0,0,0,0,0,"N",0.58,0,0,0,0,0,0,0,"N",2,100.0,0,0,0,0,0,0,0,0,0,0,0,0,0,0
"23017","5","518210","78","0","2022","2","N",4,0,0,0,0,0,0,0,"N",0.59,0,0,0,0,0,0,0,"N",1,33.3,0,0,0,0,0,0,0,0,0,0,0,0,0,0
"23019","5","518210","78","0","2022","2","N",8,0,0,0,0,0,0,0,"N",0.40,0,0,0,0,0,0,0,"N",2,33.3,0,0,0,0,0,0,0,0,0,0,0,0,0,0
"23021","5","518210","78","0","2022","2","N",1,0,0,0,0,0,0,0,"N",0.42,0,0,0,0,0,0,0,"N",0,0.0,0,0,0,0,0,0,0,0,0,0,0,0,0,0
"23023","5","518210","78","0","2022","2","N",5,0,0,0,0,0,0,0,"N",0.99,0,0,0,0,0,0,0,"N",3,150.0,0,0,0,0,0,0,0,0,0,0,0,0,0,0
"23025","5","518210","78","0","2022","2","N",2,0,0,0,0,0,0,0,"N",0.33,0,0,0,0,0,0,0,"N",2,100.0,0,0,0,0,0,0,0,0,0,0,0,0,0,0
"23027","5","518210","78","0","2022","2","N",1,0,0,0,0,0,0,0,"N",0.18,0,0,0,0,0,0,0,"N",1,100.0,0,0,0,0,0,0,0,0,0,0,0,0,0,0
"23029","5","518210","78","0","2022","2","N",3,0,0,0,0,0,0,0,"N",0.67,0,0,0,0,0,0,0,"N",2,200.0,0,0,0,0,0,0,0,0,0,0,0,0,0,0
"23031","5","518210","78","0","2022","2","N",33,0,0,0,0,0,0,0,"N",1.02,0,0,0,0,0,0,0,"N",7,26.9,0,0,0,0,0,0,0,0,0,0,0,0,0,0
"23999","5","518210","78","0","2022","2","",45,147,144,144,5244716,214368,5630,2782,"",1.67,2.10,2.02,2.01,1.38,0.82,0.82,0.67,"",15,50.0,72,96.0,64,80.0,57,65.5,2859261,119.9,12751,6.3,899,19.0,507,22.3
"24000","2","518210","58","0","2022","2","N",1,0,0,0,0,0,0,0,"N",3.20,0,0,0,0,0,0,0,"N",1,100.0,0,0,0,0,0,0,0,0,0,0,0,0,0,0
"24000","3","518210","58","0","2022","2","N",1,0,0,0,0,0,0,0,"N",0.60,0,0,0,0,0,0,0,"N",0,0.0,0,0,0,0,0,0,0,0,0,0,0,0,0,0
"24000","5","518210","58","0","2022","2","",949,4793,4853,4859,174274406,6852353,152967,2773,"",1.26,0.59,0.59,0.59,0.52,0.54,0.57,0.88,"",426,81.5,1101,29.8,1150,31.1,1086,28.8,42883855,32.6,2846833,71.1,7494,5.2,58,2.1
"24001","5","518210","78","0","2022","2","N",2,0,0,0,0,0,0,0,"N",0.33,0,0,0,0,0,0,0,"N",0,0.0,0,0,0,0,0,0,0,0,0,0,0,0,0,0
"24003","5","518210","78","0","2022","2","",54,268,279,282,9253873,417273,9276,2576,"",0.84,0.34,0.35,0.35,0.28,0.32,0.35,0.81,"",15,38.5,48,21.8,60,27.4,60,27.0,1273800,16.0,211648,102.9,2949,46.6,-210,-7.5
"24005","5","518210","78","0","2022","2","",73,315,323,315,6366559,403487,10517,1542,"",0.83,0.28,0.28,0.27,0.15,0.22,0.27,0.53,"",37,102.8,41,15.0,51,18.8,35,12.5,673889,11.8,61561,18.0,-3475,-24.8,-48,-3.0
"24009","5","518210","78","0","2022","2","N",5,0,0,0,0,0,0,0,"N",0.66,0,0,0,0,0,0,0,"N",2,66.7,0,0,0,0,0,0,0,0,0,0,0,0,0,0
"24011","5","518210","78","0","2022","2","N",1,0,0,0,0,0,0,0,"N",0.36,0,0,0,0,0,0,0,"N",0,0.0,0,0,0,0,0,0,0,0,0,0,0,0,0,0
"24013","5","518210","78","0","2022","2","",10,18,20,23,469327,42932,800,1776,"",0.54,0.10,0.11,0.13,0.09,0.15,0.14,0.77,"",1,11.1,-1,-5.3,1,5.3,5,27.8,-111848,-19.2,13003,43.4,-495,-38.2,-619,-25.8
"24015","5","518210","78","0","2022","2","N",2,0,0,0,0,0,0,0,"N",0.25,0,0,0,0,0,0,0,"N",1,100.0,0,0,0,0,0,0,0,0,0,0,0,0,0,0
"24017","5","518210","78","0","2022","2","",5,30,29,29,628003,14499,217,1647,"",0.41,0.24,0.23,0.23,0.16,0.07,0.05,0.67,"",0,0.0,-12,-28.6,-10,-25.6,-13,-31.0,-186319,-22.9,-37199,-72.0,-2002,-90.2,119,7.8
"24019","5","518210","78","0","2022","2","N",2,0,0,0,0,0,0,0,"N",0.66,0,0,0,0,0,0,0,"N",0,0.0,0,0,0,0,0,0,0,0,0,0,0,0,0,0
"24021","5","518210","78","0","2022","2","",23,290,314,327,19160216,744367,12067,4749,"",0.85,0.93,0.99,1.02,1.69,1.50,1.26,1.72,"",10,76.9,217,297.3,232,282.9,209,177.1,15311666,397.9,199743,36.7,-986,-7.6,1496,46.0
"24023","5","518210","78","0","2022","2","N",2,0,0,0,0,0,0,0,"N",0.49,0,0,0,0,0,0,0,"N",0,0.0,0,0,0,0,0,0,0,0,0,0,0,0,0,0
"24025","5","518210","78","0","2022","2","N",10,0,0,0,0,0,0,0,"N",0.41,0,0,0,0,0,0,0,"N",4,66.7,0,0,0,0,0,0,0,0,0,0,0,0,0,0
"24027","5","518210","78","0","2022","2","",60,458,454,453,12265755,441402,10965,2074,"",1.41,0.91,0.89,0.88,0.53,0.55,0.69,0.59,"",27,81.8,147,47.3,151,49.8,152,50.5,3373968,37.9,314124,246.8,5163,89.0,-169,-7.5
"24031","5","518210","78","0","2022","2","",131,1448,1477,1495,56758336,1635352,30384,2963,"",0.96,1.04,1.05,1.06,0.81,0.84,0.83,0.77,"",45,52.3,265,22.4,285,23.9,291,24.2,3490485,6.6,727410,80.1,-3818,-11.2,-472,-13.7
"24033","5","518210","78","0","2022","2","",48,560,537,542,20901271,362361,17542,2943,"",0.69,0.58,0.56,0.56,0.55,0.26,0.60,0.97,"",25,108.7,-80,-12.5,-112,-17.3,-106,-16.4,-3171708,-13.2,-6733,-1.8,-3653,-17.2,75,2.6
"24035","5","518210","78","0","2022","2","",4,4,3,4,66481,9980,249,1395,"",0.64,0.09,0.06,0.08,0.05,0.11,0.14,0.63,"",1,33.3,0,0.0,-1,-25.0,0,0.0,-5223,-7.3,-1961,-16.4,-144,-36.6,16,1.2
"24037","5","518210","78","0","2022","2","N",1,0,0,0,0,0,0,0,"N",0.11,0,0,0,0,0,0,0,"N",1,100.0,0,0,0,0,0,0,0,0,0,0,0,0,0,0
"24041","5","518210","78","0","2022","2","N",1,0,0,0,0,0,0,0,"N",0.16,0,0,0,0,0,0,0,"N",0,0.0,0,0,0,0,0,0,0,0,0,0,0,0,0,0
"24043","5","518210","78","0","2022","2","",6,66,64,64,1298294,68119,1355,1544,"",0.43,0.34,0.33,0.33,0.23,0.20,0.18,0.69,"",1,20.0,-9,-12.0,-6,-8.6,-5,-7.2,38593,3.1,29301,75.5,89,7.0,186,13.7
"24045","5","518210","78","0","2022","2","",5,10,10,9,139047,11306,185,1106,"",0.48,0.07,0.07,0.06,0.03,0.05,0.04,0.48,"N",4,400.0,0,0,0,0,0,0,0,0,0,0,0,0,0,0
"24047","5","518210","78","0","2022","2","",6,10,16,17,415840,65923,1036,2232,"",0.66,0.14,0.21,0.19,0.23,0.31,0.11,1.28,"",3,100.0,6,150.0,12,300.0,13,325.0,363641,696.6,62323,1731.2,957,1211.4,1228,122.3
"24510","3","518210","78","0","2022","2","N",1,0,0,0,0,0,0,0,"N",7.98,0,0,0,0,0,0,0,"N",0,0.0,0,0,0,0,0,0,0,0,0,0,0,0,0,0
"24510","5","518210","78","0","2022","2","",36,143,153,137,5712096,516563,10525,3044,"",0.63,0.14,0.15,0.13,0.13,0.42,0.37,0.93,"",6,20.0,-80,-35.9,-75,-32.9,-93,-40.4,874986,18.1,315084,156.4,3856,57.8,1405,85.7
"24999","2","518210","78","0","2022","2","N",1,0,0,0,0,0,0,0,"N",20.13,0,0,0,0,0,0,0,"N",1,100.0,0,0,0,0,0,0,0,0,0,0,0,0,0,0
"24999","5","518210","78","0","2022","2","",462,964,967,959,37811785,1861507,38053,3019,"",3.87,2.74,2.71,2.70,1.74,2.36,2.11,0.64,"",243,111.0,533,123.7,526,119.3,516,116.5,20430611,117.5,932384,100.4,11457,43.1,-31,-1.0
"25000","3","518210","58","0","2022","2","N",3,0,0,0,0,0,0,0,"N",1.17,0,0,0,0,0,0,0,"N",0,0.0,0,0,0,0,0,0,0,0,0,0,0,0,0,0
"25000","5","518210","58","0","2022","2","",1285,9967,10063,10270,420343860,22962908,711287,3201,"",1.11,0.91,0.91,0.90,0.77,0.50,0.78,0.85,"",342,36.3,1117,12.6,1180,13.3,1359,15.3,8637799,2.1,5766344,33.5,56660,8.7,-365,-10.2
"25001","3","518210","78","0","2022","2","N",1,0,0,0,0,0,0,0,"N",11.26,0,0,0,0,0,0,0,"N",0,0.0,0,0,0,0,0,0,0,0,0,0,0,0,0,0
"25001","5","518210","78","0","2022","2","",13,128,129,128,2326409,352648,8459,1394,"",0.32,0.46,0.44,0.39,0.23,0.24,0.22,0.54,"",2,18.2,22,20.8,17,15.2,15,13.3,523414,29.0,50413,16.7,-925,-9.9,137,10.9
"25003","5","518210","78","0","2022","2","",19,31,32,34,824989,163367,4154,1963,"",0.85,0.18,0.18,0.18,0.14,0.22,0.26,0.79,"",8,72.7,-13,-29.5,-13,-28.9,-13,-27.7,-2107272,-71.9,-5150,-3.1,-525,-11.2,-3013,-60.6
"25005","5","518210","78","0","2022","2","",20,23,22,23,1011049,95796,2408,3431,"",0.26,0.03,0.03,0.03,0.04,0.03,0.03,1.30,"",7,53.8,-3,-11.5,-2,-8.3,-2,-8.0,62240,6.6,28755,42.9,-1581,-39.6,512,17.5
"25007","5","518210","78","0","2022","2","N",1,0,0,0,0,0,0,0,"N",0.17,0,0,0,0,0,0,0,"N",0,0.0,0,0,0,0,0,0,0,0,0,0,0,0,0,0
"25009","3","518210","78","0","2022","2","N",1,0,0,0,0,0,0,0,"N",3.77,0,0,0,0,0,0,0,"N",0,0.0,0,0,0,0,0,0,0,0,0,0,0,0,0,0
"25009","5","518210","78","0","2022","2","",62,471,475,482,15155799,1130796,38528,2449,"",0.52,0.48,0.48,0.48,0.38,0.28,0.47,0.79,"",10,19.2,44,10.3,45,10.5,62,14.8,3536541,30.4,-166891,-12.9,-5249,-12.0,349,16.6
"25011","5","518210","78","0","2022","2","",6,6,7,6,159709,24060,638,1940,"",0.56,0.08,0.09,0.07,0.07,0.06,0.08,0.87,"",0,0.0,1,20.0,1,16.7,-1,-14.3,56836,55.2,1820,8.2,-12,-1.8,621,47.1
"25013","5","518210","78","0","2022","2","",11,55,55,43,774619,194403,5599,1168,"",0.14,0.09,0.09,0.07,0.04,0.07,0.10,0.47,"",4,57.1,32,139.1,31,129.2,20,87.0,473086,156.9,95518,96.6,2242,66.8,174,17.5
"25015","5","518210","78","0","2022","2","",8,12,11,12,373001,17787,973,2459,"",0.39,0.06,0.05,0.06,0.05,0.01,0.07,0.94,"",0,0.0,5,71.4,4,57.1,4,50.0,188349,102.0,15950,868.3,929,2111.4,522,26.9
"25017","5","518210","78","0","2022","2","",309,3151,3182,3237,134264577,6344990,212690,3238,"",1.26,1.11,1.12,1.12,0.80,0.62,0.99,0.72,"",63,25.6,37,1.2,60,1.9,137,4.4,10155718,8.2,1218040,23.8,8906,4.4,170,5.5
"25021","5","518210","78","0","2022","2","",103,531,524,504,15033066,1218926,33164,2225,"",0.94,0.50,0.49,0.47,0.32,0.30,0.37,0.66,"",25,32.1,-74,-12.2,-90,-14.7,-100,-16.6,175035,1.2,282613,30.2,-6682,-16.8,344,18.3
"25023","3","518210","78","0","2022","2","N",1,0,0,0,0,0,0,0,"N",6.36,0,0,0,0,0,0,0,"N",0,0.0,0,0,0,0,0,0,0,0,0,0,0,0,0,0
"25023","5","518210","78","0","2022","2","",38,470,485,485,15522436,811017,23903,2488,"",0.53,0.80,0.81,0.79,0.71,0.30,0.40,0.89,"",5,15.2,-103,-18.0,-85,-14.9,-86,-15.1,-2262715,-12.7,109530,15.6,-7110,-22.9,93,3.9
"25025","5","518210","78","0","2022","2","",222,3671,3708,3818,168853445,7616967,239905,3480,"",1.59,1.72,1.74,1.75,1.20,0.97,1.96,0.69,"",48,27.6,665,22.1,702,23.4,790,26.1,-27517397,-14.0,2097216,38.0,28333,13.4,-1533,-30.6
"25027","5","518210","78","0","2022","2","",49,391,382,390,17906729,981301,24949,3553,"",0.42,0.36,0.35,0.35,0.43,0.19,0.26,1.21,"",6,14.0,62,18.8,48,14.4,53,15.7,3266260,22.3,215178,28.1,5741,29.9,174,5.1
"25999","5","518210","78","0","2022","2","N",424,0,0,0,0,0,0,0,"N",4.52,0,0,0,0,0,0,0,"N",164,63.1,0,0,0,0,0,0,0,0,0,0,0,0,0,0
"26000","5","518210","58","0","2022","2","",1916,9698,9762,9887,268017137,15072524,395065,2108,"",1.64,0.74,0.73,0.73,0.57,0.58,0.58,0.77,"",210,12.3,1677,20.9,1707,21.2,1713,21.0,54028628,25.2,5162757,52.1,119074,43.1,72,3.5
"26005","5","518210","78","0","2022","2","",6,14,13,9,154103,19162,91,988,"",0.56,0.12,0.10,0.07,0.04,0.08,0.01,0.42,"",0,0.0,-3,-17.6,-4,-23.5,-9,-50.0,-62666,-28.9,-12903,-40.2,-141,-60.8,26,2.7
"26007","5","518210","78","0","2022","2","N",1,0,0,0,0,0,0,0,"N",0.27,0,0,0,0,0,0,0,"N",0,0.0,0,0,0,0,0,0,0,0,0,0,0,0,0,0
"26009","5","518210","78","0","2022","2","N",3,0,0,0,0,0,0,0,"N",1.22,0,0,0,0,0,0,0,"N",0,0.0,0,0,0,0,0,0,0,0,0,0,0,0,0,0
"26015","5","518210","78","0","2022","2","N",3,0,0,0,0,0,0,0,"N",0.72,0,0,0,0,0,0,0,"N",0,0.0,0,0,0,0,0,0,0,0,0,0,0,0,0,0
"26017","5","518210","78","0","2022","2","N",2,0,0,0,0,0,0,0,"N",0.23,0,0,0,0,0,0,0,"N",0,0.0,0,0,0,0,0,0,0,0,0,0,0,0,0,0
"26019","5","518210","78","0","2022","2","N",1,0,0,0,0,0,0,0,"N",0.49,0,0,0,0,0,0,0,"N",0,0.0,0,0,0,0,0,0,0,0,0,0,0,0,0,0
"26021","5","518210","78","0","2022","2","N",5,0,0,0,0,0,0,0,"N",0.31,0,0,0,0,0,0,0,"N",0,0.0,0,0,0,0,0,0,0,0,0,0,0,0,0,0
"26023","5","518210","78","0","2022","2","",3,3,3,3,52880,0,0,1356,"",0.85,0.07,0.07,0.07,0.04,0.00,0.00,0.65,"",0,0.0,-2,-40.0,-2,-40.0,-2,-40.0,-16812,-24.1,-3243,-100.0,-2,-100.0,284,26.5
"26025","5","518210","78","0","2022","2","N",1,0,0,0,0,0,0,0,"N",0.10,0,0,0,0,0,0,0,"N",-1,-50.0,0,0,0,0,0,0,0,0,0,0,0,0,0,0
"26027","5","518210","78","0","2022","2","",3,7,7,8,56135,12463,149,589,"",0.82,0.25,0.25,0.28,0.07,0.23,0.12,0.27,"N",0,0.0,0,0,0,0,0,0,0,0,0,0,0,0,0,0
"26031","5","518210","78","0","2022","2","N",1,0,0,0,0,0,0,0,"N",0.29,0,0,0,0,0,0,0,"N",0,0.0,0,0,0,0,0,0,0,0,0,0,0,0,0,0
"26033","5","518210","78","0","2022","2","N",1,0,0,0,0,0,0,0,"N",0.29,0,0,0,0,0,0,0,"N",0,0.0,0,0,0,0,0,0,0,0,0,0,0,0,0,0
"26035","5","518210","78","0","2022","2","N",1,0,0,0,0,0,0,0,"N",0.41,0,0,0,0,0,0,0,"N",0,0.0,0,0,0,0,0,0,0,0,0,0,0,0,0,0
"26037","5","518210","78","0","2022","2","",6,34,34,32,355541,60351,2519,820,"",1.03,0.63,0.61,0.56,0.23,0.50,0.80,0.39,"",0,0.0,2,6.2,1,3.0,-1,-3.0,16735,4.9,-2796,-4.4,158,6.7,22,2.8
"26041","5","518210","78","0","2022","2","N",1,0,0,0,0,0,0,0,"N",0.23,0,0,0,0,0,0,0,"N",0,0.0,0,0,0,0,0,0,0,0,0,0,0,0,0,0
"26045","5","518210","78","0","2022","2","",8,385,379,381,8138393,115886,2947,1640,"",0.93,2.91,2.95,2.80,1.95,0.43,0.44,0.67,"N",1,14.3,0,0,0,0,0,0,0,0,0,0,0,0,0,0
"26047","5","518210","78","0","2022","2","N",1,0,0,0,0,0,0,0,"N",0.16,0,0,0,0,0,0,0,"N",0,0.0,0,0,0,0,0,0,0,0,0,0,0,0,0,0
"26049","5","518210","78","0","2022","2","",15,71,72,68,987855,109398,1964,1080,"",0.50,0.18,0.18,0.17,0.08,0.13,0.09,0.48,"",-3,-16.7,-30,-29.7,-30,-29.4,-33,-32.7,38458,4.1,-104325,-48.8,-1724,-46.7,359,49.8
"26055","5","518210","78","0","2022","2","",13,99,98,98,1973069,74784,1625,1543,"",0.86,0.65,0.62,0.60,0.42,0.24,0.19,0.67,"",-1,-7.1,-14,-12.4,-17,-14.8,-18,-15.5,46393,2.4,-51811,-40.9,-1125,-40.9,251,19.4
"26059","5","518210","78","0","2022","2","N",1,0,0,0,0,0,0,0,"N",0.28,0,0,0,0,0,0,0,"N",1,100.0,0,0,0,0,0,0,0,0,0,0,0,0,0,0
"26061","5","518210","78","0","2022","2","",6,28,28,28,798995,27377,618,2195,"",1.55,0.79,0.78,0.76,0.79,0.43,0.38,1.01,"",1,20.0,7,33.3,12,75.0,5,21.7,108150,15.7,9039,49.3,213,52.6,-462,-17.4
"26065","5","518210","78","0","2022","2","",22,231,233,233,5143739,141110,4947,1703,"",0.79,0.51,0.51,0.50,0.31,0.20,0.28,0.61,"",-2,-8.3,-10,-4.1,-13,-5.3,-12,-4.9,-366053,-6.6,-95665,-40.4,-1269,-20.4,-34,-2.0
"26067","5","518210","78","0","2022","2","N",1,0,0,0,0,0,0,0,"N",0.23,0,0,0,0,0,0,0,"N",0,0.0,0,0,0,0,0,0,0,0,0,0,0,0,0,0
"26073","5","518210","78","0","2022","2","N",3,0,0,0,0,0,0,0,"N",0.53,0,0,0,0,0,0,0,"N",0,0.0,0,0,0,0,0,0,0,0,0,0,0,0,0,0
"26075","5","518210","78","0","2022","2","N",1,0,0,0,0,0,0,0,"N",0.08,0,0,0,0,0,0,0,"N",0,0.0,0,0,0,0,0,0,0,0,0,0,0,0,0,0
"26077","5","518210","78","0","2022","2","",11,17,18,17,211401,33285,697,938,"",0.45,0.05,0.05,0.05,0.02,0.05,0.04,0.36,"",1,10.0,4,30.8,7,63.6,3,21.4,44355,26.6,-838,-2.5,321,85.4,-76,-7.5
"26079","5","518210","78","0","2022","2","N",2,0,0,0,0,0,0,0,"N",1.34,0,0,0,0,0,0,0,"N",0,0.0,0,0,0,0,0,0,0,0,0,0,0,0,0,0
"26081","5","518210","78","0","2022","2","",69,809,798,802,17049854,764986,22811,1633,"",0.98,0.65,0.63,0.63,0.41,0.31,0.43,0.65,"",-1,-1.4,12,1.5,7,0.9,21,2.7,1535250,9.9,-9348,-1.2,1372,6.4,122,8.1
"26087","5","518210","78","0","2022","2","",4,4,4,4,80715,2375,30,1552,"",0.58,0.06,0.06,0.06,0.05,0.02,0.01,0.76,"",-1,-20.0,1,33.3,1,33.3,1,33.3,10161,14.4,2375,100.0,30,100.0,-257,-14.2
"26089","5","518210","78","0","2022","2","N",2,0,0,0,0,0,0,0,"N",0.57,0,0,0,0,0,0,0,"N",0,0.0,0,0,0,0,0,0,0,0,0,0,0,0,0,0
"26091","5","518210","78","0","2022","2","N",1,0,0,0,0,0,0,0,"N",0.13,0,0,0,0,0,0,0,"N",0,0.0,0,0,0,0,0,0,0,0,0,0,0,0,0,0
"26093","5","518210","78","0","2022","2","",13,73,76,77,1174833,177825,8717,1200,"",0.66,0.39,0.39,0.39,0.21,0.40,0.77,0.53,"",-1,-7.1,-3,-3.9,-10,-11.6,-21,-21.4,-965420,-45.1,-3887,-2.1,-3359,-27.8,-700,-36.8
"26095","5","518210","78","0","2022","2","N",1,0,0,0,0,0,0,0,"N",1.32,0,0,0,0,0,0,0,"N",0,0.0,0,0,0,0,0,0,0,0,0,0,0,0,0,0
"26097","5","518210","78","0","2022","2","N",1,0,0,0,0,0,0,0,"N",0.49,0,0,0,0,0,0,0,"N",0,0.0,0,0,0,0,0,0,0,0,0,0,0,0,0,0
"26099","5","518210","78","0","2022","2","",36,171,170,179,3146586,199414,5252,1396,"",0.45,0.17,0.17,0.17,0.08,0.10,0.09,0.50,"",-1,-2.7,-5,-2.8,-17,-9.1,-13,-6.8,-431749,-12.1,-49712,-20.0,-1159,-18.1,-92,-6.2
"26101","5","518210","78","0","2022","2","N",1,0,0,0,0,0,0,0,"N",0.40,0,0,0,0,0,0,0,"N",0,0.0,0,0,0,0,0,0,0,0,0,0,0,0,0,0
"26103","5","518210","78","0","2022","2","N",2,0,0,0,0,0,0,0,"N",0.29,0,0,0,0,0,0,0,"N",0,0.0,0,0,0,0,0,0,0,0,0,0,0,0,0,0
"26105","5","518210","78","0","2022","2","N",1,0,0,0,0,0,0,0,"N",0.34,0,0,0,0,0,0,0,"N",0,0.0,0,0,0,0,0,0,0,0,0,0,0,0,0,0
"26109","5","518210","78","0","2022","2","N",1,0,0,0,0,0,0,0,"N",0.48,0,0,0,0,0,0,0,"N",0,0.0,0,0,0,0,0,0,0,0,0,0,0,0,0,0
"26111","5","518210","78","0","2022","2","",6,11,10,11,222153,11478,113,1602,"",0.40,0.10,0.09,0.10,0.06,0.06,0.03,0.59,"",0,0.0,-1,-8.3,-1,-9.1,-1,-8.3,-17084,-7.1,-5930,-34.1,-119,-51.3,25,1.6
"26113","5","518210","78","0","2022","2","N",1,0,0,0,0,0,0,0,"N",0.66,0,0,0,0,0,0,0,"N",1,100.0,0,0,0,0,0,0,0,0,0,0,0,0,0,0
"26115","5","518210","78","0","2022","2","N",4,0,0,0,0,0,0,0,"N",0.40,0,0,0,0,0,0,0,"N",0,0.0,0,0,0,0,0,0,0,0,0,0,0,0,0,0
"26117","5","518210","78","0","2022","2","N",1,0,0,0,0,0,0,0,"N",0.23,0,0,0,0,0,0,0,"N",0,0.0,0,0,0,0,0,0,0,0,0,0,0,0,0,0
"26121","5","518210","78","0","2022","2","",5,33,32,34,396212,61624,1702,924,"",0.39,0.18,0.17,0.17,0.07,0.16,0.20,0.43,"N",1,25.0,0,0,0,0,0,0,0,0,0,0,0,0,0,0
"26123","5","518210","78","0","2022","2","N",3,0,0,0,0,0,0,0,"N",0.85,0,0,0,0,0,0,0,"N",1,50.0,0,0,0,0,0,0,0,0,0,0,0,0,0,0
"26125","5","518210","78","0","2022","2","",214,1963,1921,1927,48490510,2055905,54673,1926,"",1.20,0.89,0.86,0.86,0.54,0.44,0.44,0.62,"",8,3.9,19,1.0,0,0.0,-20,-1.0,1661032,3.5,78091,3.9,-10945,-16.7,67,3.6
"26133","5","518210","78","0","2022","2","N",1,0,0,0,0,0,0,0,"N",0.52,0,0,0,0,0,0,0,"N",0,0.0,0,0,0,0,0,0,0,0,0,0,0,0,0,0
"26137","5","518210","78","0","2022","2","N",2,0,0,0,0,0,0,0,"N",0.61,0,0,0,0,0,0,0,"N",1,100.0,0,0,0,0,0,0,0,0,0,0,0,0,0,0
"26139","5","518210","78","0","2022","2","",11,21,21,21,478951,17419,153,1754,"",0.41,0.05,0.05,0.05,0.04,0.02,0.01,0.74,"",0,0.0,5,31.2,7,50.0,4,23.5,92564,24.0,8488,95.0,35,29.7,-143,-7.5
"26143","5","518210","78","0","2022","2","N",2,0,0,0,0,0,0,0,"N",0.83,0,0,0,0,0,0,0,"N",0,0.0,0,0,0,0,0,0,0,0,0,0,0,0,0,0
"26145","5","518210","78","0","2022","2","N",3,0,0,0,0,0,0,0,"N",0.18,0,0,0,0,0,0,0,"N",0,0.0,0,0,0,0,0,0,0,0,0,0,0,0,0,0
"26147","5","518210","78","0","2022","2","N",5,0,0,0,0,0,0,0,"N",0.40,0,0,0,0,0,0,0,"N",0,0.0,0,0,0,0,0,0,0,0,0,0,0,0,0,0
"26151","5","518210","78","0","2022","2","N",2,0,0,0,0,0,0,0,"N",0.56,0,0,0,0,0,0,0,"N",0,0.0,0,0,0,0,0,0,0,0,0,0,0,0,0,0
"26155","5","518210","78","0","2022","2","N",1,0,0,0,0,0,0,0,"N",0.21,0,0,0,0,0,0,0,"N",-2,-66.7,0,0,0,0,0,0,0,0,0,0,0,0,0,0
"26157","5","518210","78","0","2022","2","N",2,0,0,0,0,0,0,0,"N",0.55,0,0,0,0,0,0,0,"N",0,0.0,0,0,0,0,0,0,0,0,0,0,0,0,0,0
"26159","5","518210","78","0","2022","2","N",3,0,0,0,0,0,0,0,"N",0.46,0,0,0,0,0,0,0,"N",0,0.0,0,0,0,0,0,0,0,0,0,0,0,0,0,0
"26161","5","518210","78","0","2022","2","",68,1105,1100,1098,31034368,754587,16636,2168,"",1.72,1.68,1.68,1.68,1.20,0.92,0.92,0.72,"",-1,-1.4,-45,-3.9,-48,-4.2,-37,-3.3,4065447,15.1,108513,16.8,1264,8.2,355,19.6
"26163","5","518210","78","0","2022","2","",96,608,601,598,15274914,857557,24575,1951,"",0.64,0.28,0.27,0.27,0.18,0.22,0.23,0.64,"",0,0.0,-13,-2.1,-9,-1.5,-24,-3.9,986324,6.9,-118651,-12.2,-3136,-11.3,172,9.7
"26999","5","518210","78","0","2022","2","",1232,3831,3967,4075,126630519,9306296,239902,2461,"",6.80,8.53,8.66,8.77,5.06,7.39,6.91,0.58,"",209,20.4,1738,83.0,1823,85.0,1854,83.5,45817758,56.7,5335727,134.4,138690,137.0,-427,-14.8
"27000","3","518210","58","0","2022","2","",7,799,797,803,18744545,0,0,1803,"",3.99,15.40,15.20,15.45,17.79,0.00,0.00,1.16,"",0,0.0,-24,-2.9,-18,-2.2,-19,-2.3,-224900,-1.2,0,0.0,0,0.0,24,1.3
"27000","5","518210","58","0","2022","2","",960,6918,6938,7046,224323792,69361964,501680,2477,"",1.21,0.79,0.78,0.78,0.66,0.85,0.67,0.83,"",219,29.6,834,13.7,783,12.7,878,14.2,37754800,20.2,14257749,25.9,-13325,-2.6,138,5.9
"27003","5","518210","78","0","2022","2","",9,24,26,26,542889,260123,1389,1648,"",0.27,0.06,0.06,0.06,0.04,0.06,0.04,0.61,"",1,12.5,1,4.3,1,4.0,0,0.0,134518,32.9,13704,5.6,909,189.4,374,29.4
"27005","5","518210","78","0","2022","2","N",2,0,0,0,0,0,0,0,"N",0.45,0,0,0,0,0,0,0,"N",1,100.0,0,0,0,0,0,0,0,0,0,0,0,0,0,0
"27009","5","518210","78","0","2022","2","N",1,0,0,0,0,0,0,0,"N",0.24,0,0,0,0,0,0,0,"N",0,0.0,0,0,0,0,0,0,0,0,0,0,0,0,0,0
"27013","3","518210","78","0","2022","2","",2,18,18,18,330140,0,0,1411,"",107.92,25.26,25.60,26.14,30.09,0.00,0.00,1.17,"N",0,0.0,0,0,0,0,0,0,0,0,0,0,0,0,0,0
"27019","5","518210","78","0","2022","2","",8,31,33,36,999988,302855,3991,2308,"",0.72,0.25,0.26,0.28,0.22,0.24,0.39,0.81,"",-1,-11.1,-4,-11.4,0,0.0,4,12.5,172260,20.8,-22865,-7.0,-5730,-58.9,398,20.8
"27025","5","518210","78","0","2022","2","",4,4,4,4,48997,31313,134,942,"",0.75,0.08,0.08,0.08,0.03,0.08,0.02,0.41,"",0,0.0,-1,-20.0,-1,-20.0,0,0.0,-9457,-16.2,-9490,-23.3,-58,-30.2,-22,-2.3
"27027","3","518210","78","0","2022","2","",1,21,21,21,326184,0,0,1195,"",76.56,59.38,58.61,60.24,63.00,0.00,0.00,1.06,"N",0,0.0,0,0,0,0,0,0,0,0,0,0,0,0,0,0
"27027","5","518210","78","0","2022","2","N",1,0,0,0,0,0,0,0,"N",0.17,0,0,0,0,0,0,0,"N",0,0.0,0,0,0,0,0,0,0,0,0,0,0,0,0,0
"27029","5","518210","78","0","2022","2","N",1,0,0,0,0,0,0,0,"N",1.07,0,0,0,0,0,0,0,"N",0,0.0,0,0,0,0,0,0,0,0,0,0,0,0,0,0
"27033","5","518210","78","0","2022","2","N",1,0,0,0,0,0,0,0,"N",0.57,0,0,0,0,0,0,0,"N",1,100.0,0,0,0,0,0,0,0,0,0,0,0,0,0,0
"27037","5","518210","78","0","2022","2","",34,306,303,300,7186806,3128148,13903,1825,"",0.75,0.54,0.52,0.51,0.33,0.52,0.22,0.63,"",8,30.8,81,36.0,92,43.6,89,42.2,2061002,40.2,1002680,47.2,3391,32.3,-3,-0.2
"27041","5","518210","78","0","2022","2","N",1,0,0,0,0,0,0,0,"N",0.17,0,0,0,0,0,0,0,"N",0,0.0,0,0,0,0,0,0,0,0,0,0,0,0,0,0
"27047","5","518210","78","0","2022","2","N",2,0,0,0,0,0,0,0,"N",0.60,0,0,0,0,0,0,0,"N",1,100.0,0,0,0,0,0,0,0,0,0,0,0,0,0,0
"27053","3","518210","78","0","2022","2","",2,715,712,719,17015558,0,0,1830,"",5.21,43.44,43.07,43.97,41.91,0.00,0.00,0.96,"N",0,0.0,0,0,0,0,0,0,0,0,0,0,0,0,0,0
"27053","5","518210","78","0","2022","2","",183,4068,4075,4157,135738277,39450021,254686,2547,"",1.05,1.47,1.46,1.47,1.03,1.41,1.18,0.70,"",18,10.9,393,10.7,381,10.3,456,12.3,23927274,21.4,8194576,26.2,-18504,-6.8,216,9.3
"27055","5","518210","78","0","2022","2","N",2,0,0,0,0,0,0,0,"N",1.11,0,0,0,0,0,0,0,"N",0,0.0,0,0,0,0,0,0,0,0,0,0,0,0,0,0
"27061","5","518210","78","0","2022","2","N",1,0,0,0,0,0,0,0,"N",0.19,0,0,0,0,0,0,0,"N",0,0.0,0,0,0,0,0,0,0,0,0,0,0,0,0,0
"27067","5","518210","78","0","2022","2","N",4,0,0,0,0,0,0,0,"N",0.70,0,0,0,0,0,0,0,"N",0,0.0,0,0,0,0,0,0,0,0,0,0,0,0,0,0
"27079","5","518210","78","0","2022","2","N",1,0,0,0,0,0,0,0,"N",0.33,0,0,0,0,0,0,0,"N",0,0.0,0,0,0,0,0,0,0,0,0,0,0,0,0,0
"27097","5","518210","78","0","2022","2","N",1,0,0,0,0,0,0,0,"N",0.23,0,0,0,0,0,0,0,"N",1,100.0,0,0,0,0,0,0,0,0,0,0,0,0,0,0
"27099","5","518210","78","0","2022","2","N",1,0,0,0,0,0,0,0,"N",0.29,0,0,0,0,0,0,0,"N",0,0.0,0,0,0,0,0,0,0,0,0,0,0,0,0,0
"27109","5","518210","78","0","2022","2","N",4,0,0,0,0,0,0,0,"N",0.25,0,0,0,0,0,0,0,"N",0,0.0,0,0,0,0,0,0,0,0,0,0,0,0,0,0
"27111","5","518210","78","0","2022","2","N",3,0,0,0,0,0,0,0,"N",0.40,0,0,0,0,0,0,0,"N",0,0.0,0,0,0,0,0,0,0,0,0,0,0,0,0,0
"27115","5","518210","78","0","2022","2","N",1,0,0,0,0,0,0,0,"N",0.36,0,0,0,0,0,0,0,"N",0,0.0,0,0,0,0,0,0,0,0,0,0,0,0,0,0
"27123","3","518210","78","0","2022","2","",1,34,34,33,882074,0,0,2015,"",7.56,5.80,5.80,5.73,7.29,0.00,0.00,1.26,"N",0,0.0,0,0,0,0,0,0,0,0,0,0,0,0,0,0
"27123","5","518210","78","0","2022","2","",44,638,640,663,16844930,6111773,35763,2003,"",0.73,0.65,0.65,0.66,0.43,0.73,0.51,0.66,"",9,25.7,-74,-10.4,-80,-11.1,-42,-6.0,1005109,6.3,211779,3.6,427,1.2,292,17.1
"27127","5","518210","78","0","2022","2","-",0,0,0,0,0,0,0,0,"N",0.00,0,0,0,0,0,0,0,"N",-1,-100.0,0,0,0,0,0,0,0,0,0,0,0,0,0,0
"27131","5","518210","78","0","2022","2","N",1,0,0,0,0,0,0,0,"N",0.15,0,0,0,0,0,0,0,"N",0,0.0,0,0,0,0,0,0,0,0,0,0,0,0,0,0
"27137","3","518210","78","0","2022","2","",1,11,12,12,190589,0,0,1257,"",20.73,6.53,7.08,7.08,6.68,0.00,0.00,0.97,"N",0,0.0,0,0,0,0,0,0,0,0,0,0,0,0,0,0
"27137","5","518210","78","0","2022","2","N",7,0,0,0,0,0,0,0,"N",0.32,0,0,0,0,0,0,0,"N",0,0.0,0,0,0,0,0,0,0,0,0,0,0,0,0,0
"27139","5","518210","78","0","2022","2","N",11,0,0,0,0,0,0,0,"N",0.72,0,0,0,0,0,0,0,"N",3,37.5,0,0,0,0,0,0,0,0,0,0,0,0,0,0
"27141","5","518210","78","0","2022","2","N",2,0,0,0,0,0,0,0,"N",0.21,0,0,0,0,0,0,0,"N",1,100.0,0,0,0,0,0,0,0,0,0,0,0,0,0,0
"27145","5","518210","78","0","2022","2","",11,89,86,82,1920550,708204,10151,1725,"",0.60,0.35,0.33,0.31,0.23,0.31,0.51,0.70,"",1,10.0,-12,-11.9,-15,-14.9,-13,-13.7,-118728,-5.8,-476988,-40.2,-1357,-11.8,140,8.8
"27147","5","518210","78","0","2022","2","N",2,0,0,0,0,0,0,0,"N",0.46,0,0,0,0,0,0,0,"N",1,100.0,0,0,0,0,0,0,0,0,0,0,0,0,0,0
"27163","5","518210","78","0","2022","2","",9,59,60,58,1343970,616478,2152,1752,"",0.34,0.21,0.21,0.20,0.15,0.23,0.09,0.71,"N",4,80.0,0,0,0,0,0,0,0,0,0,0,0,0,0,0
"27169","5","518210","78","0","2022","2","N",4,0,0,0,0,0,0,0,"N",0.82,0,0,0,0,0,0,0,"N",1,33.3,0,0,0,0,0,0,0,0,0,0,0,0,0,0
"27171","5","518210","78","0","2022","2","",5,2,4,4,111766,91608,1000,2579,"",0.34,0.01,0.03,0.03,0.03,0.07,0.06,1.15,"N",4,400.0,0,0,0,0,0,0,0,0,0,0,0,0,0,0
"27999","5","518210","78","0","2022","2","",599,1359,1369,1378,52490218,14909578,157367,2950,"",4.34,5.63,5.53,5.59,3.20,4.43,4.75,0.57,"",167,38.7,411,43.4,363,36.1,345,33.4,8191401,18.5,4859047,48.3,12284,8.5,-472,-13.8
"28000","5","518210","58","0","2022","2","",191,1015,1024,1009,16031791,3570577,10764,1214,"",0.60,0.29,0.29,0.28,0.17,0.27,0.21,0.59,"",54,39.4,74,7.9,89,9.5,53,5.5,2093486,15.0,410260,13.0,1196,12.5,78,6.9
"28027","5","518210","78","0","2022","2","N",2,0,0,0,0,0,0,0,"N",0.85,0,0,0,0,0,0,0,"N",0,0.0,0,0,0,0,0,0,0,0,0,0,0,0,0,0
"28033","5","518210","78","0","2022","2","N",1,0,0,0,0,0,0,0,"N",0.07,0,0,0,0,0,0,0,"N",0,0.0,0,0,0,0,0,0,0,0,0,0,0,0,0,0
"28035","5","518210","78","0","2022","2","N",1,0,0,0,0,0,0,0,"N",0.13,0,0,0,0,0,0,0,"N",0,0.0,0,0,0,0,0,0,0,0,0,0,0,0,0,0
"28045","5","518210","78","0","2022","2","N",1,0,0,0,0,0,0,0,"N",0.27,0,0,0,0,0,0,0,"N",0,0.0,0,0,0,0,0,0,0,0,0,0,0,0,0,0
"28047","5","518210","78","0","2022","2","",5,8,8,8,177230,15114,13,1704,"",0.26,0.03,0.03,0.03,0.03,0.02,0.00,0.87,"",0,0.0,-5,-38.5,-5,-38.5,-4,-33.3,-32764,-15.6,-3730,-19.8,-32,-71.1,429,33.6
"28049","5","518210","78","0","2022","2","",4,23,20,21,136834,74596,110,493,"",0.18,0.07,0.06,0.06,0.01,0.08,0.03,0.21,"N",0,0.0,0,0,0,0,0,0,0,0,0,0,0,0,0,0
"28059","5","518210","78","0","2022","2","N",1,0,0,0,0,0,0,0,"N",0.10,0,0,0,0,0,0,0,"N",1,100.0,0,0,0,0,0,0,0,0,0,0,0,0,0,0
"28081","5","518210","78","0","2022","2","N",1,0,0,0,0,0,0,0,"N",0.10,0,0,0,0,0,0,0,"N",0,0.0,0,0,0,0,0,0,0,0,0,0,0,0,0,0
"28083","5","518210","78","0","2022","2","N",1,0,0,0,0,0,0,0,"N",0.31,0,0,0,0,0,0,0,"N",0,0.0,0,0,0,0,0,0,0,0,0,0,0,0,0,0
"28087","5","518210","78","0","2022","2","N",1,0,0,0,0,0,0,0,"N",0.17,0,0,0,0,0,0,0,"N",0,0.0,0,0,0,0,0,0,0,0,0,0,0,0,0,0
"28089","5","518210","78","0","2022","2","",7,106,101,99,1828200,269289,1319,1379,"",0.47,0.62,0.59,0.57,0.36,0.41,0.53,0.61,"",-2,-22.2,-44,-29.3,-42,-29.4,-59,-37.3,-173464,-8.7,-212426,-44.1,-919,-41.1,355,34.7
"28091","5","518210","78","0","2022","2","N",2,0,0,0,0,0,0,0,"N",0.85,0,0,0,0,0,0,0,"N",0,0.0,0,0,0,0,0,0,0,0,0,0,0,0,0,0
"28093","5","518210","78","0","2022","2","N",1,0,0,0,0,0,0,0,"N",0.50,0,0,0,0,0,0,0,"N",0,0.0,0,0,0,0,0,0,0,0,0,0,0,0,0,0
"28105","5","518210","78","0","2022","2","N",2,0,0,0,0,0,0,0,"N",0.49,0,0,0,0,0,0,0,"N",1,100.0,0,0,0,0,0,0,0,0,0,0,0,0,0,0
"28113","5","518210","78","0","2022","2","",3,10,8,8,122590,37741,15,1088,"",0.76,0.22,0.18,0.18,0.12,0.22,0.03,0.64,"",0,0.0,6,150.0,2,33.3,2,33.3,53908,78.5,901,2.4,-232,-93.9,97,9.8
"28121","5","518210","78","0","2022","2","",3,3,3,3,22946,5253,0,588,"",0.18,0.02,0.02,0.02,0.00,0.01,0.00,0.28,"N",0,0.0,0,0,0,0,0,0,0,0,0,0,0,0,0,0
"28137","5","518210","78","0","2022","2","N",1,0,0,0,0,0,0,0,"N",0.61,0,0,0,0,0,0,0,"N",0,0.0,0,0,0,0,0,0,0,0,0,0,0,0,0,0
"28999","5","518210","78","0","2022","2","",154,255,269,264,4831598,995454,6902,1415,"",2.53,1.62,1.71,1.69,0.84,1.22,1.34,0.50,"",55,55.6,134,110.7,143,113.5,130,97.0,1948783,67.6,564116,130.8,2730,65.4,-331,-19.0
"29000","3","518210","58","0","2022","2","",1,115,113,117,1922424,0,0,1286,"",0.49,2.22,2.18,2.29,2.14,0.00,0.00,0.96,"N",0,0.0,0,0,0,0,0,0,0,0,0,0,0,0,0,0
"29000","5","518210","58","0","2022","2","",1204,13254,13327,13621,441278367,18527829,245395,2533,"",1.30,1.52,1.52,1.54,1.52,0.87,1.05,0.99,"",381,46.3,956,7.8,994,8.1,1137,9.1,65815218,17.5,3447588,22.9,39544,19.2,198,8.5
"29019","5","518210","78","0","2022","2","",10,6,6,6,67486,14191,200,865,"",0.47,0.02,0.02,0.02,0.01,0.02,0.03,0.37,"",2,25.0,1,20.0,1,20.0,1,20.0,-54042,-44.5,7593,115.1,154,334.8,-1005,-53.7
"29021","5","518210","78","0","2022","2","N",2,0,0,0,0,0,0,0,"N",0.20,0,0,0,0,0,0,0,"N",0,0.0,0,0,0,0,0,0,0,0,0,0,0,0,0,0
"29023","5","518210","78","0","2022","2","N",2,0,0,0,0,0,0,0,"N",0.32,0,0,0,0,0,0,0,"N",0,0.0,0,0,0,0,0,0,0,0,0,0,0,0,0,0
"29025","5","518210","78","0","2022","2","N",1,0,0,0,0,0,0,0,"N",1.11,0,0,0,0,0,0,0,"N",0,0.0,0,0,0,0,0,0,0,0,0,0,0,0,0,0
"29029","5","518210","78","0","2022","2","",3,17,17,18,224937,34890,225,998,"",0.45,0.33,0.31,0.31,0.17,0.19,0.09,0.54,"",0,0.0,-1,-5.6,0,0.0,1,5.9,12083,5.7,-2203,-5.9,-135,-37.5,53,5.6
"29031","5","518210","78","0","2022","2","N",3,0,0,0,0,0,0,0,"N",0.26,0,0,0,0,0,0,0,"N",2,200.0,0,0,0,0,0,0,0,0,0,0,0,0,0,0
"29037","5","518210","78","0","2022","2","",4,9,9,7,141934,9420,0,1310,"",0.40,0.10,0.10,0.08,0.06,0.03,0.00,0.66,"",0,0.0,1,12.5,1,12.5,-1,-12.5,-20013,-12.4,-19151,-67.0,-399,-100.0,-247,-15.9
"29043","5","518210","78","0","2022","2","N",1,0,0,0,0,0,0,0,"N",0.11,0,0,0,0,0,0,0,"N",0,0.0,0,0,0,0,0,0,0,0,0,0,0,0,0,0
"29047","5","518210","78","0","2022","2","",20,99,104,106,2536826,182444,2123,1895,"",0.78,0.30,0.31,0.32,0.23,0.21,0.22,0.73,"",5,33.3,25,33.8,28,36.8,27,34.2,718162,39.5,80974,79.8,802,60.7,62,3.4
"29051","5","518210","78","0","2022","2","",10,441,438,449,6180566,1210523,14988,1074,"",1.02,2.75,2.71,2.75,1.36,4.02,4.27,0.50,"",1,11.1,-13,-2.9,-9,-2.0,1,0.2,493124,8.7,-43027,-3.4,-441,-2.9,101,10.4
"29053","5","518210","78","0","2022","2","N",1,0,0,0,0,0,0,0,"N",0.49,0,0,0,0,0,0,0,"N",0,0.0,0,0,0,0,0,0,0,0,0,0,0,0,0,0
"29061","5","518210","78","0","2022","2","N",1,0,0,0,0,0,0,0,"N",0.95,0,0,0,0,0,0,0,"N",0,0.0,0,0,0,0,0,0,0,0,0,0,0,0,0,0
"29067","5","518210","78","0","2022","2","N",1,0,0,0,0,0,0,0,"N",0.99,0,0,0,0,0,0,0,"N",1,100.0,0,0,0,0,0,0,0,0,0,0,0,0,0,0
"29069","5","518210","78","0","2022","2","N",1,0,0,0,0,0,0,0,"N",0.17,0,0,0,0,0,0,0,"N",0,0.0,0,0,0,0,0,0,0,0,0,0,0,0,0,0
"29071","5","518210","78","0","2022","2","N",3,0,0,0,0,0,0,0,"N",0.25,0,0,0,0,0,0,0,"N",2,200.0,0,0,0,0,0,0,0,0,0,0,0,0,0,0
"29075","5","518210","78","0","2022","2","N",1,0,0,0,0,0,0,0,"N",1.09,0,0,0,0,0,0,0,"N",0,0.0,0,0,0,0,0,0,0,0,0,0,0,0,0,0
"29077","5","518210","78","0","2022","2","",18,502,498,478,6842211,1403448,18552,1068,"",0.45,0.94,0.93,0.89,0.44,1.05,1.65,0.47,"",1,5.9,-52,-9.4,-62,-11.1,-84,-14.9,490866,7.7,-615584,-30.5,-9391,-33.6,193,22.1
"29079","5","518210","78","0","2022","2","N",1,0,0,0,0,0,0,0,"N",0.88,0,0,0,0,0,0,0,"N",0,0.0,0,0,0,0,0,0,0,0,0,0,0,0,0,0
"29093","5","518210","78","0","2022","2","N",1,0,0,0,0,0,0,0,"N",0.42,0,0,0,0,0,0,0,"N",0,0.0,0,0,0,0,0,0,0,0,0,0,0,0,0,0
"29095","5","518210","78","0","2022","2","",64,1767,1734,1762,36049474,2086948,19948,1581,"",0.66,1.57,1.53,1.54,0.85,0.82,0.68,0.55,"",10,18.5,-155,-8.1,-158,-8.4,-130,-6.9,-5206098,-12.6,-124077,-5.6,-5798,-22.5,-88,-5.3
"29097","5","518210","78","0","2022","2","N",1,0,0,0,0,0,0,0,"N",0.07,0,0,0,0,0,0,0,"N",0,0.0,0,0,0,0,0,0,0,0,0,0,0,0,0,0
"29099","5","518210","78","0","2022","2","",8,15,17,20,288126,67614,1476,1279,"",0.44,0.10,0.11,0.13,0.07,0.17,0.35,0.63,"",2,33.3,10,200.0,10,142.9,13,185.7,226916,370.7,57790,588.3,1372,1319.2,536,72.1
"29101","5","518210","78","0","2022","2","N",1,0,0,0,0,0,0,0,"N",0.21,0,0,0,0,0,0,0,"N",0,0.0,0,0,0,0,0,0,0,0,0,0,0,0,0,0
"29105","5","518210","78","0","2022","2","N",1,0,0,0,0,0,0,0,"N",0.30,0,0,0,0,0,0,0,"N",0,0.0,0,0,0,0,0,0,0,0,0,0,0,0,0,0
"29113","5","518210","78","0","2022","2","N",1,0,0,0,0,0,0,0,"N",0.22,0,0,0,0,0,0,0,"N",-1,-50.0,0,0,0,0,0,0,0,0,0,0,0,0,0,0
"29119","5","518210","78","0","2022","2","N",1,0,0,0,0,0,0,0,"N",0.59,0,0,0,0,0,0,0,"N",0,0.0,0,0,0,0,0,0,0,0,0,0,0,0,0,0
"29121","5","518210","78","0","2022","2","N",1,0,0,0,0,0,0,0,"N",0.61,0,0,0,0,0,0,0,"N",0,0.0,0,0,0,0,0,0,0,0,0,0,0,0,0,0
"29127","5","518210","78","0","2022","2","N",1,0,0,0,0,0,0,0,"N",0.26,0,0,0,0,0,0,0,"N",0,0.0,0,0,0,0,0,0,0,0,0,0,0,0,0,0
"29133","5","518210","78","0","2022","2","N",1,0,0,0,0,0,0,0,"N",0.58,0,0,0,0,0,0,0,"N",0,0.0,0,0,0,0,0,0,0,0,0,0,0,0,0,0
"29139","5","518210","78","0","2022","2","N",1,0,0,0,0,0,0,0,"N",0.79,0,0,0,0,0,0,0,"N",1,100.0,0,0,0,0,0,0,0,0,0,0,0,0,0,0
"29141","5","518210","78","0","2022","2","N",3,0,0,0,0,0,0,0,"N",1.27,0,0,0,0,0,0,0,"N",1,50.0,0,0,0,0,0,0,0,0,0,0,0,0,0,0
"29159","5","518210","78","0","2022","2","N",2,0,0,0,0,0,0,0,"N",0.37,0,0,0,0,0,0,0,"N",0,0.0,0,0,0,0,0,0,0,0,0,0,0,0,0,0
"29161","5","518210","78","0","2022","2","-",0,0,0,0,0,0,0,0,"N",0.00,0,0,0,0,0,0,0,"N",0,0,0,0,0,0,0,0,0,0,0,0,0,0,0,0
"29165","5","518210","78","0","2022","2","",10,324,327,335,8627582,345804,4940,2019,"",0.84,2.32,2.32,2.35,1.94,0.87,0.94,0.83,"",0,0.0,19,6.2,25,8.3,28,9.1,1341923,18.4,-433889,-55.6,-5941,-54.6,179,9.7
"29167","5","518210","78","0","2022","2","N",1,0,0,0,0,0,0,0,"N",0.34,0,0,0,0,0,0,0,"N",0,0.0,0,0,0,0,0,0,0,0,0,0,0,0,0,0
"29169","5","518210","78","0","2022","2","N",1,0,0,0,0,0,0,0,"N",0.30,0,0,0,0,0,0,0,"N",0,0.0,0,0,0,0,0,0,0,0,0,0,0,0,0,0
"29175","5","518210","78","0","2022","2","N",1,0,0,0,0,0,0,0,"N",0.38,0,0,0,0,0,0,0,"N",1,100.0,0,0,0,0,0,0,0,0,0,0,0,0,0,0
"29177","5","518210","78","0","2022","2","N",1,0,0,0,0,0,0,0,"N",0.56,0,0,0,0,0,0,0,"N",1,100.0,0,0,0,0,0,0,0,0,0,0,0,0,0,0
"29183","5","518210","78","0","2022","2","",29,4021,4041,4196,133274000,4373471,36320,2509,"",0.70,8.40,8.36,8.57,8.91,3.45,2.46,1.05,"",6,26.1,326,8.8,345,9.3,420,11.1,18595314,16.2,2072224,90.0,20211,125.5,139,5.9
"29187","5","518210","78","0","2022","2","N",1,0,0,0,0,0,0,0,"N",0.14,0,0,0,0,0,0,0,"N",-1,-50.0,0,0,0,0,0,0,0,0,0,0,0,0,0,0
"29189","5","518210","78","0","2022","2","",115,3754,3754,3796,177627294,3298453,39456,3626,"",0.66,2.07,2.06,2.05,2.46,0.78,0.88,1.20,"",14,13.9,129,3.6,125,3.4,147,4.0,26358064,17.4,685992,26.3,137,0.3,424,13.2
"29207","5","518210","78","0","2022","2","N",1,0,0,0,0,0,0,0,"N",0.28,0,0,0,0,0,0,0,"N",0,0.0,0,0,0,0,0,0,0,0,0,0,0,0,0,0
"29209","5","518210","78","0","2022","2","N",1,0,0,0,0,0,0,0,"N",0.31,0,0,0,0,0,0,0,"N",0,0.0,0,0,0,0,0,0,0,0,0,0,0,0,0,0
"29213","5","518210","78","0","2022","2","N",3,0,0,0,0,0,0,0,"N",0.37,0,0,0,0,0,0,0,"N",0,0.0,0,0,0,0,0,0,0,0,0,0,0,0,0,0
"29219","5","518210","78","0","2022","2","N",1,0,0,0,0,0,0,0,"N",0.36,0,0,0,0,0,0,0,"N",0,0.0,0,0,0,0,0,0,0,0,0,0,0,0,0,0
"29225","5","518210","78","0","2022","2","N",1,0,0,0,0,0,0,0,"N",0.30,0,0,0,0,0,0,0,"N",-1,-50.0,0,0,0,0,0,0,0,0,0,0,0,0,0,0
"29510","3","518210","78","0","2022","2","",1,115,113,117,1922424,0,0,1286,"",7.29,28.06,27.73,29.28,22.58,0.00,0.00,0.80,"N",0,0.0,0,0,0,0,0,0,0,0,0,0,0,0,0,0
"29510","5","518210","78","0","2022","2","",33,253,251,255,6668781,348395,3516,2028,"",0.53,0.37,0.36,0.37,0.24,0.28,0.24,0.66,"",3,10.0,4,1.6,-2,-0.8,0,0.0,2339184,54.0,-1695,-0.5,-971,-21.6,708,53.6
"29999","5","518210","78","0","2022","2","",835,1840,1928,1979,58850174,4693071,99588,2363,"",6.46,5.13,5.30,5.37,3.23,4.23,5.79,0.61,"",336,67.3,654,55.1,693,56.1,707,55.6,20021260,51.6,1779932,61.1,40705,69.1,-63,-2.6
"30000","5","518210","58","0","2022","2","",162,423,460,371,10705910,4322372,51499,1970,"",0.68,0.28,0.30,0.24,0.23,0.29,0.32,0.83,"",29,21.8,-45,-9.6,-10,-2.1,-70,-15.9,143667,1.4,-251599,-5.5,8293,19.2,202,11.4
"30009","5","518210","78","0","2022","2","N",1,0,0,0,0,0,0,0,"N",0.46,0,0,0,0,0,0,0,"N",0,0.0,0,0,0,0,0,0,0,0,0,0,0,0,0,0
"30013","5","518210","78","0","2022","2","N",4,0,0,0,0,0,0,0,"N",0.34,0,0,0,0,0,0,0,"N",1,33.3,0,0,0,0,0,0,0,0,0,0,0,0,0,0
"30021","5","518210","78","0","2022","2","N",1,0,0,0,0,0,0,0,"N",0.62,0,0,0,0,0,0,0,"N",1,100.0,0,0,0,0,0,0,0,0,0,0,0,0,0,0
"30025","5","518210","78","0","2022","2","N",2,0,0,0,0,0,0,0,"N",2.81,0,0,0,0,0,0,0,"N",2,100.0,0,0,0,0,0,0,0,0,0,0,0,0,0,0
"30029","5","518210","78","0","2022","2","",15,18,17,17,593501,190238,2378,2634,"",0.63,0.12,0.12,0.11,0.14,0.13,0.13,1.16,"",2,15.4,6,50.0,5,41.7,3,21.4,164155,38.2,43503,29.6,435,22.4,27,1.0
"30031","5","518210","78","0","2022","2","",23,77,75,74,2099858,829354,12590,2144,"",0.68,0.38,0.37,0.35,0.31,0.35,0.54,0.86,"",3,15.0,-5,-6.1,-6,-7.4,-7,-8.6,-39969,-1.9,-3945,-0.5,2588,25.9,120,5.9
"30043","5","518210","78","0","2022","2","N",2,0,0,0,0,0,0,0,"N",1.18,0,0,0,0,0,0,0,"N",1,100.0,0,0,0,0,0,0,0,0,0,0,0,0,0,0
"30047","5","518210","78","0","2022","2","N",1,0,0,0,0,0,0,0,"N",0.21,0,0,0,0,0,0,0,"N",0,0.0,0,0,0,0,0,0,0,0,0,0,0,0,0,0
"30049","5","518210","78","0","2022","2","",8,102,103,51,1346226,888162,7446,1214,"",0.59,0.88,0.88,0.43,0.36,0.72,0.72,0.50,"",0,0.0,-72,-41.4,-69,-40.1,-86,-62.8,-1099019,-44.9,-667747,-42.9,-5532,-42.6,46,3.9
"30053","5","518210","78","0","2022","2","N",1,0,0,0,0,0,0,0,"N",0.30,0,0,0,0,0,0,0,"N",1,100.0,0,0,0,0,0,0,0,0,0,0,0,0,0,0
"30061","5","518210","78","0","2022","2","N",1,0,0,0,0,0,0,0,"N",1.38,0,0,0,0,0,0,0,"N",1,100.0,0,0,0,0,0,0,0,0,0,0,0,0,0,0
"30063","5","518210","78","0","2022","2","",12,24,24,23,483258,328402,6243,1571,"",0.49,0.13,0.12,0.11,0.08,0.16,0.30,0.67,"",0,0.0,-22,-47.8,-22,-47.8,-22,-48.9,-1065300,-68.8,-77334,-19.1,3159,102.4,-1037,-39.8
"30067","5","518210","78","0","2022","2","N",1,0,0,0,0,0,0,0,"N",0.21,0,0,0,0,0,0,0,"N",-1,-50.0,0,0,0,0,0,0,0,0,0,0,0,0,0,0
"30081","5","518210","78","0","2022","2","",6,13,12,11,228464,188248,1817,1465,"",0.71,0.33,0.30,0.27,0.21,0.54,0.44,0.70,"",1,20.0,1,8.3,0,0.0,0,0.0,77323,51.2,71417,61.1,607,50.2,468,46.9
"30087","5","518210","78","0","2022","2","-",0,0,0,0,0,0,0,0,"N",0.00,0,0,0,0,0,0,0,"N",0,0,0,0,0,0,0,0,0,0,0,0,0,0,0,0
"30093","5","518210","78","0","2022","2","N",1,0,0,0,0,0,0,0,"N",0.18,0,0,0,0,0,0,0,"N",1,100.0,0,0,0,0,0,0,0,0,0,0,0,0,0,0
"30097","5","518210","78","0","2022","2","N",1,0,0,0,0,0,0,0,"N",0.99,0,0,0,0,0,0,0,"N",0,0.0,0,0,0,0,0,0,0,0,0,0,0,0,0,0
"30111","5","518210","78","0","2022","2","N",11,0,0,0,0,0,0,0,"N",0.38,0,0,0,0,0,0,0,"N",4,57.1,0,0,0,0,0,0,0,0,0,0,0,0,0,0
"30999","5","518210","78","0","2022","2","",71,134,167,133,4582772,1342768,16045,2437,"",2.48,3.01,3.64,2.95,1.85,2.17,1.73,0.58,"",13,22.4,32,31.4,60,56.1,23,20.9,1513154,49.3,243160,22.1,4125,34.6,216,9.7
"31000","5","518210","58","0","2022","2","",357,2380,2354,2311,55757585,2464334,25393,1826,"",1.14,0.79,0.78,0.75,0.58,0.42,0.39,0.75,"",30,9.2,24,1.0,-45,-1.9,-94,-3.9,-643539,-1.1,93349,3.9,4386,20.9,8,0.4
"31001","5","518210","78","0","2022","2","N",1,0,0,0,0,0,0,0,"N",0.22,0,0,0,0,0,0,0,"N",0,0.0,0,0,0,0,0,0,0,0,0,0,0,0,0,0
"31019","5","518210","78","0","2022","2","N",2,0,0,0,0,0,0,0,"N",0.25,0,0,0,0,0,0,0,"N",0,0.0,0,0,0,0,0,0,0,0,0,0,0,0,0,0
"31025","5","518210","78","0","2022","2","N",1,0,0,0,0,0,0,0,"N",0.34,0,0,0,0,0,0,0,"N",0,0.0,0,0,0,0,0,0,0,0,0,0,0,0,0,0
"31031","5","518210","78","0","2022","2","N",1,0,0,0,0,0,0,0,"N",0.77,0,0,0,0,0,0,0,"N",1,100.0,0,0,0,0,0,0,0,0,0,0,0,0,0,0
"31043","5","518210","78","0","2022","2","N",1,0,0,0,0,0,0,0,"N",0.46,0,0,0,0,0,0,0,"N",1,100.0,0,0,0,0,0,0,0,0,0,0,0,0,0,0
"31049","5","518210","78","0","2022","2","N",1,0,0,0,0,0,0,0,"N",2.91,0,0,0,0,0,0,0,"N",1,100.0,0,0,0,0,0,0,0,0,0,0,0,0,0,0
"31053","5","518210","78","0","2022","2","N",1,0,0,0,0,0,0,0,"N",0.21,0,0,0,0,0,0,0,"N",0,0.0,0,0,0,0,0,0,0,0,0,0,0,0,0,0
"31055","5","518210","78","0","2022","2","",88,1384,1355,1347,35007100,706850,5081,1977,"",1.08,1.34,1.30,1.28,0.95,0.35,0.22,0.72,"",5,6.0,-157,-10.2,-179,-11.7,-178,-11.7,-2707888,-7.2,-380377,-35.0,-2626,-34.1,85,4.5
"31059","5","518210","78","0","2022","2","N",2,0,0,0,0,0,0,0,"N",1.71,0,0,0,0,0,0,0,"N",2,100.0,0,0,0,0,0,0,0,0,0,0,0,0,0,0
"31079","5","518210","78","0","2022","2","N",1,0,0,0,0,0,0,0,"N",0.12,0,0,0,0,0,0,0,"N",1,100.0,0,0,0,0,0,0,0,0,0,0,0,0,0,0
"31109","5","518210","78","0","2022","2","",41,289,291,291,6055071,419064,5969,1604,"",0.95,0.56,0.56,0.55,0.37,0.46,0.79,0.67,"",4,10.8,66,29.6,60,26.0,59,25.4,-228278,-3.6,197662,89.3,4093,218.2,-510,-24.1
"31111","5","518210","78","0","2022","2","N",1,0,0,0,0,0,0,0,"N",0.20,0,0,0,0,0,0,0,"N",0,0.0,0,0,0,0,0,0,0,0,0,0,0,0,0,0
"31121","5","518210","78","0","2022","2","-",0,0,0,0,0,0,0,0,"N",0.00,0,0,0,0,0,0,0,"N",0,0,0,0,0,0,0,0,0,0,0,0,0,0,0,0
"31139","5","518210","78","0","2022","2","N",1,0,0,0,0,0,0,0,"N",0.98,0,0,0,0,0,0,0,"N",0,0.0,0,0,0,0,0,0,0,0,0,0,0,0,0,0
"31145","5","518210","78","0","2022","2","N",1,0,0,0,0,0,0,0,"N",0.54,0,0,0,0,0,0,0,"N",0,0.0,0,0,0,0,0,0,0,0,0,0,0,0,0,0
"31153","5","518210","78","0","2022","2","",17,118,116,109,2492852,121969,719,1677,"",0.91,0.52,0.51,0.47,0.35,0.23,0.12,0.70,"",1,6.2,1,0.9,-4,-3.3,-8,-6.8,10169,0.4,23510,23.9,-3,-0.4,59,3.6
"31157","5","518210","78","0","2022","2","N",2,0,0,0,0,0,0,0,"N",0.36,0,0,0,0,0,0,0,"N",0,0.0,0,0,0,0,0,0,0,0,0,0,0,0,0,0
"31173","5","518210","78","0","2022","2","N",1,0,0,0,0,0,0,0,"N",1.43,0,0,0,0,0,0,0,"N",0,0.0,0,0,0,0,0,0,0,0,0,0,0,0,0,0
"31177","5","518210","78","0","2022","2","N",3,0,0,0,0,0,0,0,"N",1.06,0,0,0,0,0,0,0,"N",0,0.0,0,0,0,0,0,0,0,0,0,0,0,0,0,0
"31185","5","518210","78","0","2022","2","N",1,0,0,0,0,0,0,0,"N",0.39,0,0,0,0,0,0,0,"N",0,0.0,0,0,0,0,0,0,0,0,0,0,0,0,0,0
"31999","5","518210","78","0","2022","2","",190,431,437,411,9664597,1081670,13215,1744,"",4.74,4.41,4.42,4.10,2.00,3.70,2.39,0.46,"",16,9.2,140,48.1,110,33.6,71,20.9,2562935,36.1,276035,34.3,3299,33.3,33,1.9
"32000","5","518210","58","0","2022","2","",376,3095,3137,3103,105182712,33049642,623249,2600,"",0.89,0.69,0.69,0.68,0.67,0.69,0.84,0.97,"",40,11.9,402,14.9,469,17.6,422,15.7,29532574,39.0,6388557,24.0,118802,23.6,429,19.8
"32001","5","518210","78","0","2022","2","N",2,0,0,0,0,0,0,0,"N",0.78,0,0,0,0,0,0,0,"N",0,0.0,0,0,0,0,0,0,0,0,0,0,0,0,0,0
"32003","5","518210","78","0","2022","2","",276,1962,1970,1971,63303171,20343689,381215,2475,"",1.08,0.61,0.61,0.60,0.58,0.59,0.72,0.96,"",32,13.1,379,23.9,405,25.9,391,24.7,19001355,42.9,5768737,39.6,106693,38.9,313,14.5
"32005","5","518210","78","0","2022","2","",10,25,28,26,865801,310305,5601,2529,"",1.22,0.42,0.47,0.42,0.43,0.50,0.59,0.99,"",1,11.1,5,25.0,9,47.4,6,30.0,500273,136.9,111534,56.1,2717,94.2,1099,76.9
"32007","5","518210","78","0","2022","2","N",2,0,0,0,0,0,0,0,"N",0.35,0,0,0,0,0,0,0,"N",0,0.0,0,0,0,0,0,0,0,0,0,0,0,0,0,0
"32019","5","518210","78","0","2022","2","N",3,0,0,0,0,0,0,0,"N",0.66,0,0,0,0,0,0,0,"N",0,0.0,0,0,0,0,0,0,0,0,0,0,0,0,0,0
"32029","5","518210","78","0","2022","2","",5,365,373,351,12494226,5301302,77198,2648,"",5.09,6.08,6.22,5.80,4.51,6.19,5.36,0.75,"",1,25.0,74,25.4,88,30.9,69,24.5,3448091,38.1,1103122,26.3,16324,26.8,215,8.8
"32031","5","518210","78","0","2022","2","",60,603,617,608,20950282,5600406,127992,2645,"",0.89,0.84,0.86,0.83,0.81,0.74,1.11,0.96,"",6,11.1,-57,-8.6,-36,-5.5,-45,-6.9,1908207,10.0,-988736,-15.0,-16530,-11.4,410,18.3
"32510","5","518210","78","0","2022","2","",4,19,18,17,327910,190050,3414,1401,"",0.46,0.20,0.19,0.18,0.10,0.27,0.31,0.52,"",1,33.3,7,58.3,6,50.0,4,30.8,162195,97.9,37195,24.3,1547,82.9,367,35.5
"32999","5","518210","78","0","2022","2","N",14,0,0,0,0,0,0,0,"N",0.24,0,0,0,0,0,0,0,"N",-1,-6.7,0,0,0,0,0,0,0,0,0,0,0,0,0,0
"33000","5","518210","58","0","2022","2","",298,1489,1487,1522,53640221,3757764,72457,2752,"",1.20,0.73,0.72,0.72,0.64,0.61,0.77,0.89,"",64,27.4,202,15.7,189,14.6,233,18.1,2534835,5.0,300653,8.7,6857,10.5,-292,-9.6
"33001","5","518210","78","0","2022","2","N",4,0,0,0,0,0,0,0,"N",0.45,0,0,0,0,0,0,0,"N",0,0.0,0,0,0,0,0,0,0,0,0,0,0,0,0,0
"33003","5","518210","78","0","2022","2","N",1,0,0,0,0,0,0,0,"N",0.12,0,0,0,0,0,0,0,"N",0,0.0,0,0,0,0,0,0,0,0,0,0,0,0,0,0
"33005","5","518210","78","0","2022","2","N",2,0,0,0,0,0,0,0,"N",0.22,0,0,0,0,0,0,0,"N",1,100.0,0,0,0,0,0,0,0,0,0,0,0,0,0,0
"33007","5","518210","78","0","2022","2","N",1,0,0,0,0,0,0,0,"N",0.25,0,0,0,0,0,0,0,"N",0,0.0,0,0,0,0,0,0,0,0,0,0,0,0,0,0
"33009","5","518210","78","0","2022","2","",6,55,54,52,1114436,94711,1536,1597,"",0.44,0.34,0.33,0.31,0.18,0.24,0.29,0.55,"",1,20.0,-10,-15.4,-11,-16.9,-15,-22.4,-252900,-18.5,-10130,-9.7,132,9.4,-5,-0.3
"33011","5","518210","78","0","2022","2","",33,357,356,360,15106712,612436,4956,3249,"",0.65,0.58,0.57,0.57,0.56,0.35,0.19,0.98,"",-2,-5.7,26,7.9,17,5.0,26,7.8,1331048,9.7,-86769,-12.4,-3860,-43.8,83,2.6
"33013","5","518210","78","0","2022","2","",9,24,25,26,973291,29848,619,2995,"",0.41,0.10,0.11,0.11,0.12,0.05,0.07,1.09,"",0,0.0,1,4.3,3,13.6,7,36.8,247993,34.2,-11745,-28.2,-169,-21.4,380,14.5
"33015","5","518210","78","0","2022","2","",31,283,271,282,6020607,772359,16633,1662,"",0.66,0.61,0.58,0.59,0.33,0.51,0.71,0.56,"",0,0.0,32,12.7,27,11.1,48,20.5,-44458,-0.7,183193,31.1,2888,21.0,-258,-13.4
"33017","5","518210","78","0","2022","2","N",7,0,0,0,0,0,0,0,"N",0.56,0,0,0,0,0,0,0,"N",2,40.0,0,0,0,0,0,0,0,0,0,0,0,0,0,0
"33019","5","518210","78","0","2022","2","",3,3,3,3,92039,3854,91,2360,"",0.66,0.07,0.07,0.07,0.07,0.03,0.05,1.02,"",-1,-25.0,-1,-25.0,-1,-25.0,0,0.0,31413,51.8,-74,-1.9,-6,-6.2,1088,85.5
"33999","5","518210","78","0","2022","2","",201,493,505,525,26434147,1072446,26158,4005,"",2.97,4.01,4.02,4.12,2.64,2.66,3.24,0.65,"",63,45.7,132,36.6,131,35.0,142,37.1,-931,0.0,159370,17.5,4316,19.8,-1452,-26.6
"34000","5","518210","58","0","2022","2","",1036,13517,13727,13991,527290046,135486480,2261732,2951,"",0.84,1.07,1.07,1.07,0.95,1.10,1.13,0.89,"",234,29.2,2194,19.4,2395,21.1,2364,20.3,110520454,26.5,50646483,59.7,891404,65.1,146,5.2
"34001","5","518210","78","0","2022","2","N",7,0,0,0,0,0,0,0,"N",0.25,0,0,0,0,0,0,0,"N",-1,-12.5,0,0,0,0,0,0,0,0,0,0,0,0,0,0
"34003","5","518210","78","0","2022","2","",93,2255,2249,2362,67568584,16669444,227127,2271,"",0.66,1.71,1.69,1.73,1.16,1.24,1.11,0.68,"",6,6.9,-49,-2.1,-45,-2.0,41,1.8,1540840,2.3,3763400,29.2,51877,29.6,69,3.1
"34005","5","518210","78","0","2022","2","",29,130,138,142,2288955,1266567,14385,1288,"",0.60,0.21,0.22,0.22,0.09,0.20,0.15,0.44,"",-6,-17.1,-71,-35.3,-66,-32.4,-66,-31.7,-854411,-27.2,-697819,-35.5,-12839,-47.2,105,8.9
"34007","5","518210","78","0","2022","2","",24,90,79,78,1821253,775441,9256,1702,"",0.45,0.14,0.13,0.12,0.08,0.13,0.10,0.60,"",1,4.3,-19,-17.4,-27,-25.5,-24,-23.5,-386930,-17.5,180029,30.2,1579,20.6,94,5.8
"34009","5","518210","78","0","2022","2","",3,4,4,4,144087,47779,617,2771,"",0.19,0.03,0.03,0.02,0.04,0.04,0.02,1.43,"N",1,50.0,0,0,0,0,0,0,0,0,0,0,0,0,0,0
"34011","5","518210","78","0","2022","2","N",2,0,0,0,0,0,0,0,"N",0.14,0,0,0,0,0,0,0,"N",0,0.0,0,0,0,0,0,0,0,0,0,0,0,0,0,0
"34013","5","518210","78","0","2022","2","",53,1551,1702,1845,52441457,22400865,108605,2374,"",0.58,1.51,1.64,1.76,1.13,2.42,0.80,0.69,"",12,29.3,1344,649.3,1495,722.2,1625,738.6,46717818,816.2,20353911,994.4,78050,255.4,291,14.0
"34015","5","518210","78","0","2022","2","",11,58,64,65,1120876,622396,18406,1383,"",0.39,0.16,0.17,0.17,0.10,0.18,0.32,0.58,"",4,57.1,-3,-4.9,4,6.7,3,4.8,133258,13.5,72058,13.1,2540,16.0,138,11.1
"34017","5","518210","78","0","2022","2","",68,2138,2142,2156,87311653,21707849,334979,3131,"",0.95,2.59,2.58,2.55,2.14,2.76,2.75,0.83,"",8,13.3,476,28.6,478,28.7,450,26.4,18215259,26.4,9145396,72.8,128910,62.6,-38,-1.2
"34019","5","518210","78","0","2022","2","",8,29,29,29,818561,336698,5255,2171,"",0.49,0.21,0.21,0.20,0.15,0.25,0.25,0.70,"",0,0.0,1,3.6,0,0.0,-3,-9.4,-22553,-2.7,33852,11.2,1465,38.7,-10,-0.5
"34021","5","518210","78","0","2022","2","",33,352,337,341,10079659,3029213,58103,2258,"",0.70,0.44,0.42,0.42,0.27,0.55,0.69,0.63,"",-3,-8.3,-106,-23.1,-123,-26.7,-128,-27.3,-3882181,-27.8,-1092566,-26.5,-16910,-22.5,-65,-2.8
"34023","5","518210","78","0","2022","2","",65,1321,1323,1324,59182819,8787768,144497,3442,"",0.67,0.99,0.99,0.98,1.03,0.64,0.67,1.05,"",7,12.1,-89,-6.3,-71,-5.1,-69,-5.0,12199038,26.0,2101213,31.4,31867,28.3,859,33.3
"34025","5","518210","78","0","2022","2","",37,747,732,741,20344218,6976370,132863,2115,"",0.43,0.93,0.89,0.87,0.67,0.93,1.07,0.75,"",11,42.3,-118,-13.6,-116,-13.7,-127,-14.6,-1014497,-4.7,-877092,-11.2,-5200,-3.8,205,10.7
"34027","5","518210","78","0","2022","2","",29,559,555,580,38114013,3897478,63301,5192,"",0.41,0.62,0.61,0.62,0.78,0.43,0.44,1.27,"",-1,-3.3,-24,-4.1,-27,-4.6,-3,-0.5,6680755,21.3,-250939,-6.0,8039,14.5,1042,25.1
"34029","5","518210","78","0","2022","2","",25,127,128,127,1893378,1082477,25522,1144,"",0.42,0.24,0.23,0.22,0.11,0.23,0.31,0.49,"",2,8.7,2,1.6,4,3.2,3,2.4,226520,13.6,41070,3.9,2121,9.1,113,11.0
"34031","5","518210","78","0","2022","2","",14,119,118,115,3086651,979989,15159,2024,"",0.25,0.23,0.23,0.22,0.17,0.20,0.19,0.76,"",-3,-17.6,-42,-26.1,-41,-25.8,-20,-14.8,-209650,-6.4,-346376,-26.1,-8576,-36.1,352,21.1
"34033","5","518210","78","0","2022","2","N",3,0,0,0,0,0,0,0,"N",0.53,0,0,0,0,0,0,0,"N",2,200.0,0,0,0,0,0,0,0,0,0,0,0,0,0,0
"34035","5","518210","78","0","2022","2","",34,410,406,408,13906354,3265396,58454,2622,"",0.80,0.71,0.69,0.68,0.45,0.56,0.63,0.64,"",0,0.0,-4,-1.0,-9,-2.2,-7,-1.7,-416294,-2.9,473897,17.0,11535,24.6,-35,-1.3
"34037","5","518210","78","0","2022","2","N",2,0,0,0,0,0,0,0,"N",0.14,0,0,0,0,0,0,0,"N",0,0.0,0,0,0,0,0,0,0,0,0,0,0,0,0,0
"34039","5","518210","78","0","2022","2","",19,179,178,173,5194201,1926778,42406,2262,"",0.30,0.26,0.25,0.24,0.16,0.28,0.40,0.65,"",3,18.8,-11,-5.8,-10,-5.3,-11,-6.0,-139195,-2.6,12739,0.7,-1634,-3.7,72,3.3
"34041","5","518210","78","0","2022","2","",5,32,31,34,403216,361590,10930,959,"",0.45,0.33,0.31,0.34,0.12,0.40,0.79,0.36,"",-1,-16.7,-5,-13.5,-8,-20.5,-5,-12.8,16509,4.3,1355,0.4,-2338,-17.6,183,23.6
"34999","5","518210","78","0","2022","2","",472,3202,3296,3248,158698111,39367075,948238,3758,"",2.68,5.17,5.20,5.07,3.63,4.53,5.48,0.71,"",192,68.6,900,39.1,933,39.5,686,26.8,31056862,24.3,17241290,77.9,609049,179.6,-318,-7.8
"35000","3","518210","58","0","2022","2","",22,259,259,211,4673092,74855,256,1479,"",37.48,17.00,17.04,14.21,18.97,10.65,31.08,1.18,"",2,10.0,66,34.2,65,33.5,12,6.0,1106291,31.0,20523,37.8,76,42.2,74,5.3
"35000","5","518210","58","0","2022","2","",416,950,940,907,24204532,7558828,60079,1997,"",1.57,0.37,0.37,0.35,0.30,0.41,0.49,0.83,"",182,77.8,282,42.2,266,39.5,238,35.6,7134813,41.8,3133514,70.8,24937,71.0,38,1.9
"35001","3","518210","78","0","2022","2","",2,122,122,68,1998195,0,0,1478,"",10.38,19.78,19.89,11.40,19.56,0.00,0.00,1.14,"N",1,100.0,0,0,0,0,0,0,0,0,0,0,0,0,0,0
"35001","5","518210","78","0","2022","2","",143,406,405,368,7156884,3465247,28194,1401,"",1.64,0.39,0.39,0.36,0.22,0.45,0.57,0.57,"",55,62.5,141,53.2,150,58.8,107,41.0,1768778,32.8,1067763,44.5,13700,94.5,-191,-12.0
"35003","5","518210","78","0","2022","2","N",2,0,0,0,0,0,0,0,"N",3.88,0,0,0,0,0,0,0,"N",1,100.0,0,0,0,0,0,0,0,0,0,0,0,0,0,0
"35005","3","518210","78","0","2022","2","",2,8,8,7,140164,0,0,1406,"",121.06,20.26,20.32,18.20,27.17,0.00,0.00,1.38,"N",0,0.0,0,0,0,0,0,0,0,0,0,0,0,0,0,0
"35005","5","518210","78","0","2022","2","N",2,0,0,0,0,0,0,0,"N",0.27,0,0,0,0,0,0,0,"N",1,100.0,0,0,0,0,0,0,0,0,0,0,0,0,0,0
"35006","3","518210","78","0","2022","2","",2,4,4,4,47581,0,0,915,"",502.49,32.95,32.75,33.08,29.98,0.00,0.00,0.91,"N",0,0.0,0,0,0,0,0,0,0,0,0,0,0,0,0,0
"35006","5","518210","78","0","2022","2","-",0,0,0,0,0,0,0,0,"N",0.00,0,0,0,0,0,0,0,"N",0,0,0,0,0,0,0,0,0,0,0,0,0,0,0,0
"35007","5","518210","78","0","2022","2","N",1,0,0,0,0,0,0,0,"N",0.46,0,0,0,0,0,0,0,"N",1,100.0,0,0,0,0,0,0,0,0,0,0,0,0,0,0
"35009","3","518210","78","0","2022","2","",2,8,8,7,91328,0,0,916,"",171.82,24.41,24.36,21.96,21.81,0.00,0.00,0.92,"N",0,0.0,0,0,0,0,0,0,0,0,0,0,0,0,0,0
"35009","5","518210","78","0","2022","2","N",1,0,0,0,0,0,0,0,"N",0.19,0,0,0,0,0,0,0,"N",1,100.0,0,0,0,0,0,0,0,0,0,0,0,0,0,0
"35013","3","518210","78","0","2022","2","",1,19,20,22,340840,0,0,1289,"",20.76,13.95,14.63,16.50,18.29,0.00,0.00,1.22,"N",0,0.0,0,0,0,0,0,0,0,0,0,0,0,0,0,0
"35013","5","518210","78","0","2022","2","",23,94,88,90,1170901,530899,2993,993,"",1.06,0.41,0.38,0.39,0.19,0.35,0.27,0.49,"",10,76.9,-11,-10.5,-17,-16.2,-14,-13.5,369138,46.0,85022,19.1,1221,68.9,404,68.6
"35015","3","518210","78","0","2022","2","",2,7,7,7,141394,13957,55,1554,"",114.69,12.93,12.94,13.33,12.70,45.40,195.89,0.97,"N",0,0.0,0,0,0,0,0,0,0,0,0,0,0,0,0,0
"35015","5","518210","78","0","2022","2","",3,5,3,6,114458,58566,531,1887,"",0.38,0.06,0.03,0.07,0.03,0.07,0.13,0.62,"N",2,200.0,0,0,0,0,0,0,0,0,0,0,0,0,0,0
"35017","5","518210","78","0","2022","2","",3,13,12,12,155869,143019,621,972,"",0.98,0.46,0.43,0.42,0.19,0.83,0.65,0.43,"N",1,50.0,0,0,0,0,0,0,0,0,0,0,0,0,0,0
"35025","3","518210","78","0","2022","2","",1,7,7,7,151058,0,0,1660,"",50.47,12.63,12.61,12.96,14.71,0.00,0.00,1.15,"N",0,0.0,0,0,0,0,0,0,0,0,0,0,0,0,0,0
"35025","5","518210","78","0","2022","2","-",0,0,0,0,0,0,0,0,"N",0.00,0,0,0,0,0,0,0,"N",0,0,0,0,0,0,0,0,0,0,0,0,0,0,0,0
"35027","3","518210","78","0","2022","2","",1,4,4,6,68723,0,0,1133,"",132.07,34.26,33.58,47.64,48.02,0.00,0.00,1.24,"N",1,100.0,0,0,0,0,0,0,0,0,0,0,0,0,0,0
"35027","5","518210","78","0","2022","2","-",0,0,0,0,0,0,0,0,"N",0.00,0,0,0,0,0,0,0,"N",0,0,0,0,0,0,0,0,0,0,0,0,0,0,0,0
"35028","3","518210","78","0","2022","2","",1,24,23,24,657774,0,0,2138,"",191.41,68.82,66.13,69.08,58.70,0.00,0.00,0.86,"N",0,0.0,0,0,0,0,0,0,0,0,0,0,0,0,0,0
"35028","5","518210","78","0","2022","2","",11,16,16,20,760976,184780,1429,3377,"",4.65,0.27,0.27,0.33,0.21,0.43,0.84,0.71,"",6,120.0,8,100.0,8,100.0,12,150.0,271109,55.3,160534,662.1,1235,636.6,-1333,-28.3
"35029","5","518210","78","0","2022","2","N",1,0,0,0,0,0,0,0,"N",0.44,0,0,0,0,0,0,0,"N",0,0.0,0,0,0,0,0,0,0,0,0,0,0,0,0,0
"35031","3","518210","78","0","2022","2","",2,11,11,11,142114,0,0,994,"",175.00,30.88,31.04,31.70,29.48,0.00,0.00,0.94,"N",0,0.0,0,0,0,0,0,0,0,0,0,0,0,0,0,0
"35031","5","518210","78","0","2022","2","N",2,0,0,0,0,0,0,0,"N",0.39,0,0,0,0,0,0,0,"N",2,100.0,0,0,0,0,0,0,0,0,0,0,0,0,0,0
"35035","3","518210","78","0","2022","2","",1,0,0,0,0,0,0,0,"",87.70,0.00,0.00,0.00,0.00,0.00,0.00,0.00,"N",0,0.0,0,0,0,0,0,0,0,0,0,0,0,0,0,0
"35035","5","518210","78","0","2022","2","",7,4,4,4,108262,52742,332,2082,"",1.36,0.07,0.07,0.07,0.07,0.18,0.20,1.00,"",1,16.7,-1,-20.0,-2,-33.3,-1,-20.0,15358,16.5,-8146,-13.4,-201,-37.7,742,55.4
"35037","3","518210","78","0","2022","2","",1,0,0,1,5335,0,0,1231,"",330.36,0.00,0.00,21.51,9.35,0.00,0.00,1.33,"N",0,0.0,0,0,0,0,0,0,0,0,0,0,0,0,0,0
"35039","5","518210","78","0","2022","2","N",3,0,0,0,0,0,0,0,"N",0.82,0,0,0,0,0,0,0,"N",1,50.0,0,0,0,0,0,0,0,0,0,0,0,0,0,0
"35041","5","518210","78","0","2022","2","N",1,0,0,0,0,0,0,0,"N",0.53,0,0,0,0,0,0,0,"N",1,100.0,0,0,0,0,0,0,0,0,0,0,0,0,0,0
"35043","5","518210","78","0","2022","2","",31,41,40,41,1202114,315835,2781,2274,"",2.62,0.43,0.42,0.42,0.41,0.47,0.62,0.97,"",21,210.0,12,41.4,10,33.3,12,41.4,452507,60.4,111666,54.7,-968,-25.8,308,15.7
"35045","3","518210","78","0","2022","2","",2,18,18,18,417848,0,0,1786,"",75.54,22.17,22.19,22.71,33.78,0.00,0.00,1.51,"N",0,0.0,0,0,0,0,0,0,0,0,0,0,0,0,0,0
"35045","5","518210","78","0","2022","2","",4,4,3,3,62313,16188,150,1438,"",0.33,0.03,0.02,0.02,0.02,0.02,0.02,0.64,"N",2,100.0,0,0,0,0,0,0,0,0,0,0,0,0,0,0
"35047","5","518210","78","0","2022","2","-",0,0,0,0,0,0,0,0,"N",0.00,0,0,0,0,0,0,0,"N",0,0,0,0,0,0,0,0,0,0,0,0,0,0,0,0
"35049","3","518210","78","0","2022","2","",1,22,22,24,403127,0,0,1368,"",17.16,19.88,19.93,22.29,23.37,0.00,0.00,1.13,"N",0,0.0,0,0,0,0,0,0,0,0,0,0,0,0,0,0
"35049","5","518210","78","0","2022","2","",52,57,53,48,2054529,826944,8309,3001,"",1.97,0.31,0.28,0.26,0.37,0.65,1.11,1.30,"",24,85.7,15,35.7,9,20.5,8,20.0,931840,83.0,461085,126.0,1205,17.0,945,46.0
"35051","5","518210","78","0","2022","2","N",1,0,0,0,0,0,0,0,"N",0.66,0,0,0,0,0,0,0,"N",1,100.0,0,0,0,0,0,0,0,0,0,0,0,0,0,0
"35053","5","518210","78","0","2022","2","N",1,0,0,0,0,0,0,0,"N",0.62,0,0,0,0,0,0,0,"N",1,100.0,0,0,0,0,0,0,0,0,0,0,0,0,0,0
"35055","5","518210","78","0","2022","2","",10,14,15,15,287577,165114,2415,1508,"",1.75,0.43,0.47,0.45,0.37,0.70,1.01,0.83,"N",8,400.0,0,0,0,0,0,0,0,0,0,0,0,0,0,0
"35057","5","518210","78","0","2022","2","N",1,0,0,0,0,0,0,0,"N",0.69,0,0,0,0,0,0,0,"N",0,0.0,0,0,0,0,0,0,0,0,0,0,0,0,0,0
"35059","5","518210","78","0","2022","2","-",0,0,0,0,0,0,0,0,"N",0.00,0,0,0,0,0,0,0,"N",0,0,0,0,0,0,0,0,0,0,0,0,0,0,0,0
"35061","3","518210","78","0","2022","2","",1,5,5,5,67611,60898,201,1040,"",75.34,16.63,16.72,17.12,17.62,451.58,1056.02,1.05,"N",0,0.0,0,0,0,0,0,0,0,0,0,0,0,0,0,0
"35061","5","518210","78","0","2022","2","N",4,0,0,0,0,0,0,0,"N",0.67,0,0,0,0,0,0,0,"N",2,100.0,0,0,0,0,0,0,0,0,0,0,0,0,0,0
"35999","5","518210","78","0","2022","2","",109,141,144,144,4640696,1262349,8949,2496,"",5.11,1.77,1.81,1.85,1.33,1.38,0.76,0.73,"",40,58.0,64,83.1,60,71.4,67,87.0,2329577,100.8,705999,126.9,4550,103.4,255,11.4
"36000","3","518210","58","0","2022","2","",3,30,29,29,482723,0,0,1266,"",0.50,0.18,0.17,0.17,0.12,0.00,0.00,0.66,"",-1,-25.0,-10,-25.0,-11,-27.5,-13,-31.0,-211522,-30.5,0,0.0,0,0.0,-47,-3.6
"36000","5","518210","58","0","2022","2","",1739,26680,26685,27376,1147534659,50401621,1429657,3280,"",0.64,0.94,0.93,0.94,0.84,0.69,0.73,0.90,"",245,16.4,5593,26.5,5589,26.5,5833,27.1,387515779,51.0,11521320,29.6,-86252,-5.7,528,19.2
"36001","5","518210","78","0","2022","2","",41,936,869,867,19392227,1701658,42665,1675,"",0.97,1.35,1.25,1.23,0.66,1.30,1.20,0.52,"",1,2.5,104,12.5,28,3.3,28,3.3,2683085,16.1,178662,11.7,-13235,-23.7,140,9.1
"36005","5","518210","78","0","2022","2","N",5,0,0,0,0,0,0,0,"N",0.06,0,0,0,0,0,0,0,"N",3,150.0,0,0,0,0,0,0,0,0,0,0,0,0,0,0
"36007","5","518210","78","0","2022","2","N",7,0,0,0,0,0,0,0,"N",0.40,0,0,0,0,0,0,0,"N",0,0.0,0,0,0,0,0,0,0,0,0,0,0,0,0,0
"36011","5","518210","78","0","2022","2","N",1,0,0,0,0,0,0,0,"N",0.14,0,0,0,0,0,0,0,"N",1,100.0,0,0,0,0,0,0,0,0,0,0,0,0,0,0
"36017","5","518210","78","0","2022","2","N",1,0,0,0,0,0,0,0,"N",0.24,0,0,0,0,0,0,0,"N",-1,-50.0,0,0,0,0,0,0,0,0,0,0,0,0,0,0
"36019","5","518210","78","0","2022","2","N",3,0,0,0,0,0,0,0,"N",0.39,0,0,0,0,0,0,0,"N",3,100.0,0,0,0,0,0,0,0,0,0,0,0,0,0,0
"36021","5","518210","78","0","2022","2","N",5,0,0,0,0,0,0,0,"N",0.58,0,0,0,0,0,0,0,"N",2,66.7,0,0,0,0,0,0,0,0,0,0,0,0,0,0
"36025","5","518210","78","0","2022","2","N",1,0,0,0,0,0,0,0,"N",0.20,0,0,0,0,0,0,0,"N",0,0.0,0,0,0,0,0,0,0,0,0,0,0,0,0,0
"36027","5","518210","78","0","2022","2","",13,219,214,207,3150186,243833,8480,1136,"",0.37,0.66,0.64,0.61,0.24,0.31,0.42,0.38,"",4,44.4,15,7.4,11,5.4,9,4.5,-1414362,-31.0,111990,84.9,2806,49.5,-605,-34.8
"36029","5","518210","78","0","2022","2","",45,567,586,610,12048038,1321831,43851,1577,"",0.45,0.41,0.42,0.43,0.25,0.39,0.45,0.59,"",0,0.0,206,57.1,216,58.4,241,65.3,3533426,41.5,560248,73.6,12627,40.4,-209,-11.7
"36031","5","518210","78","0","2022","2","N",1,0,0,0,0,0,0,0,"N",0.19,0,0,0,0,0,0,0,"N",0,0.0,0,0,0,0,0,0,0,0,0,0,0,0,0,0
"36035","5","518210","78","0","2022","2","N",2,0,0,0,0,0,0,0,"N",0.42,0,0,0,0,0,0,0,"N",1,100.0,0,0,0,0,0,0,0,0,0,0,0,0,0,0
"36037","5","518210","78","0","2022","2","N",1,0,0,0,0,0,0,0,"N",0.17,0,0,0,0,0,0,0,"N",0,0.0,0,0,0,0,0,0,0,0,0,0,0,0,0,0
"36039","5","518210","78","0","2022","2","N",2,0,0,0,0,0,0,0,"N",0.37,0,0,0,0,0,0,0,"N",0,0.0,0,0,0,0,0,0,0,0,0,0,0,0,0,0
"36043","5","518210","78","0","2022","2","-",0,0,0,0,0,0,0,0,"N",0.00,0,0,0,0,0,0,0,"N",0,0,0,0,0,0,0,0,0,0,0,0,0,0,0,0
"36045","5","518210","78","0","2022","2","N",2,0,0,0,0,0,0,0,"N",0.17,0,0,0,0,0,0,0,"N",0,0.0,0,0,0,0,0,0,0,0,0,0,0,0,0,0
"36047","5","518210","78","0","2022","2","",147,744,749,768,22729891,1475797,44704,2320,"",0.52,0.29,0.29,0.30,0.27,0.18,0.23,0.92,"",25,20.5,199,36.5,190,34.0,171,28.6,3199607,16.4,-77587,-5.0,-11874,-21.0,-330,-12.5
"36049","5","518210","78","0","2022","2","N",1,0,0,0,0,0,0,0,"N",0.42,0,0,0,0,0,0,0,"N",0,0.0,0,0,0,0,0,0,0,0,0,0,0,0,0,0
"36051","5","518210","78","0","2022","2","N",2,0,0,0,0,0,0,0,"N",0.34,0,0,0,0,0,0,0,"N",0,0.0,0,0,0,0,0,0,0,0,0,0,0,0,0,0
"36053","5","518210","78","0","2022","2","-",0,0,0,0,0,0,0,0,"N",0.00,0,0,0,0,0,0,0,"N",0,0,0,0,0,0,0,0,0,0,0,0,0,0,0,0
"36055","5","518210","78","0","2022","2","",38,387,383,390,6935927,720661,19344,1380,"",0.49,0.34,0.33,0.33,0.17,0.28,0.27,0.51,"",4,11.8,-102,-20.9,-90,-19.0,-88,-18.4,-206419,-2.9,-46539,-6.1,-8927,-31.6,235,20.5
"36057","5","518210","78","0","2022","2","N",1,0,0,0,0,0,0,0,"N",0.20,0,0,0,0,0,0,0,"N",0,0.0,0,0,0,0,0,0,0,0,0,0,0,0,0,0
"36059","5","518210","78","0","2022","2","",99,1583,1584,1581,47262375,2899207,81254,2297,"",0.45,0.84,0.83,0.81,0.58,0.58,0.63,0.70,"",6,6.5,34,2.2,52,3.4,48,3.1,2771545,6.2,185588,6.8,-24919,-23.5,72,3.2
"36061","5","518210","78","0","2022","2","",572,14283,14205,14801,747279795,27049001,753639,3984,"",1.13,1.99,1.96,2.00,1.36,1.58,1.65,0.68,"",44,8.3,4372,44.1,4355,44.2,4642,45.7,354820843,90.4,10112803,59.7,96917,14.8,957,31.6
"36063","5","518210","78","0","2022","2","N",3,0,0,0,0,0,0,0,"N",0.15,0,0,0,0,0,0,0,"N",-1,-25.0,0,0,0,0,0,0,0,0,0,0,0,0,0,0
"36065","5","518210","78","0","2022","2","",9,28,22,18,565715,32984,1072,1920,"",0.42,0.09,0.07,0.06,0.06,0.05,0.06,0.79,"N",4,80.0,0,0,0,0,0,0,0,0,0,0,0,0,0,0
"36067","5","518210","78","0","2022","2","",28,318,319,328,4505364,907970,28747,1077,"",0.55,0.44,0.43,0.44,0.17,0.54,0.63,0.39,"",5,21.7,21,7.1,16,5.3,17,5.5,489081,12.2,-57132,-5.9,-7695,-21.1,60,5.9
"36069","5","518210","78","0","2022","2","N",3,0,0,0,0,0,0,0,"N",0.23,0,0,0,0,0,0,0,"N",-1,-25.0,0,0,0,0,0,0,0,0,0,0,0,0,0,0
"36071","3","518210","78","0","2022","2","",3,30,29,29,482723,0,0,1266,"",29.98,11.12,10.60,10.66,9.98,0.00,0.00,0.92,"",-1,-25.0,-10,-25.0,-11,-27.5,-13,-31.0,-211522,-30.5,0,0.0,0,0.0,-47,-3.6
"36071","5","518210","78","0","2022","2","",17,123,124,130,3167347,284257,9541,1939,"",0.38,0.27,0.27,0.28,0.20,0.23,0.29,0.74,"",3,21.4,74,151.0,72,138.5,81,165.3,2120126,202.5,151590,114.3,3690,63.1,328,20.4
"36075","5","518210","78","0","2022","2","N",2,0,0,0,0,0,0,0,"N",0.21,0,0,0,0,0,0,0,"N",2,100.0,0,0,0,0,0,0,0,0,0,0,0,0,0,0
"36079","5","518210","78","0","2022","2","",5,28,29,29,645999,61018,1415,1733,"",0.39,0.35,0.35,0.34,0.21,0.28,0.24,0.61,"",0,0.0,3,12.0,4,16.0,2,7.4,99940,18.3,3481,6.1,-43,-2.9,96,5.9
"36081","5","518210","78","0","2022","2","",67,242,239,239,6778530,518762,16106,2173,"",0.30,0.11,0.11,0.11,0.09,0.08,0.10,0.76,"",11,19.6,53,28.0,46,23.8,34,16.6,2128283,45.8,123042,31.1,2190,15.7,345,18.9
"36083","5","518210","78","0","2022","2","",3,122,124,128,2272972,165541,5775,1402,"",0.22,0.72,0.73,0.74,0.35,0.48,0.56,0.49,"",0,0.0,-113,-48.1,-118,-48.8,-117,-47.8,-3633352,-61.5,-258142,-60.9,-10862,-65.3,-486,-25.7
"36085","5","518210","78","0","2022","2","",10,84,84,80,1396348,311895,8475,1299,"",0.24,0.21,0.21,0.20,0.09,0.31,0.33,0.46,"N",1,11.1,0,0,0,0,0,0,0,0,0,0,0,0,0,0
"36087","5","518210","78","0","2022","2","N",17,0,0,0,0,0,0,0,"N",0.36,0,0,0,0,0,0,0,"N",-2,-10.5,0,0,0,0,0,0,0,0,0,0,0,0,0,0
"36089","5","518210","78","0","2022","2","N",1,0,0,0,0,0,0,0,"N",0.12,0,0,0,0,0,0,0,"N",0,0.0,0,0,0,0,0,0,0,0,0,0,0,0,0,0
"36091","5","518210","78","0","2022","2","",12,144,145,140,9590672,290673,9562,5159,"",0.47,0.54,0.53,0.49,0.87,0.41,0.49,1.68,"",0,0.0,42,41.2,32,28.3,24,20.7,4067556,73.6,-63896,-18.0,553,6.1,1308,34.0
"36093","5","518210","78","0","2022","2","",10,27,28,28,442226,70643,1697,1230,"",0.71,0.15,0.16,0.16,0.07,0.18,0.16,0.42,"",2,25.0,1,3.8,4,16.7,3,12.0,86769,24.4,8147,13.0,-471,-21.7,136,12.4
"36099","5","518210","78","0","2022","2","N",2,0,0,0,0,0,0,0,"N",0.65,0,0,0,0,0,0,0,"N",1,100.0,0,0,0,0,0,0,0,0,0,0,0,0,0,0
"36101","5","518210","78","0","2022","2","N",3,0,0,0,0,0,0,0,"N",0.35,0,0,0,0,0,0,0,"N",0,0.0,0,0,0,0,0,0,0,0,0,0,0,0,0,0
"36103","5","518210","78","0","2022","2","",58,889,896,889,45815758,1195980,33733,3954,"",0.27,0.45,0.44,0.43,0.56,0.22,0.21,1.27,"",2,3.6,86,10.7,93,11.6,83,10.3,6103280,15.4,33508,2.9,-13170,-28.1,154,4.1
"36105","5","518210","78","0","2022","2","N",1,0,0,0,0,0,0,0,"N",0.11,0,0,0,0,0,0,0,"N",0,0.0,0,0,0,0,0,0,0,0,0,0,0,0,0,0
"36107","5","518210","78","0","2022","2","N",2,0,0,0,0,0,0,0,"N",0.57,0,0,0,0,0,0,0,"N",0,0.0,0,0,0,0,0,0,0,0,0,0,0,0,0,0
"36109","5","518210","78","0","2022","2","N",3,0,0,0,0,0,0,0,"N",0.27,0,0,0,0,0,0,0,"N",0,0.0,0,0,0,0,0,0,0,0,0,0,0,0,0,0
"36111","5","518210","78","0","2022","2","",11,89,92,93,1081028,283123,6330,910,"",0.49,0.51,0.52,0.51,0.18,0.60,0.51,0.36,"",4,57.1,-7,-7.3,-6,-6.1,-6,-6.1,15878,1.5,-119977,-29.8,-6240,-49.6,71,8.5
"36113","5","518210","78","0","2022","2","N",2,0,0,0,0,0,0,0,"N",0.21,0,0,0,0,0,0,0,"N",0,0.0,0,0,0,0,0,0,0,0,0,0,0,0,0,0
"36115","5","518210","78","0","2022","2","N",1,0,0,0,0,0,0,0,"N",0.20,0,0,0,0,0,0,0,"N",0,0.0,0,0,0,0,0,0,0,0,0,0,0,0,0,0
"36117","5","518210","78","0","2022","2","N",3,0,0,0,0,0,0,0,"N",0.36,0,0,0,0,0,0,0,"N",0,0.0,0,0,0,0,0,0,0,0,0,0,0,0,0,0
"36119","5","518210","78","0","2022","2","",73,2040,2085,2125,79946722,2364338,59839,2952,"",0.50,1.62,1.64,1.63,1.29,0.75,0.70,0.79,"",-1,-1.4,345,20.4,355,20.5,392,22.6,-15817639,-16.5,8210,0.3,-38394,-39.1,-1333,-31.1
"36121","5","518210","78","0","2022","2","N",1,0,0,0,0,0,0,0,"N",0.27,0,0,0,0,0,0,0,"N",0,0.0,0,0,0,0,0,0,0,0,0,0,0,0,0,0
"36999","5","518210","78","0","2022","2","",402,2806,2861,2910,115002878,5722955,161694,3094,"",1.85,4.56,4.54,4.48,2.97,2.55,2.37,0.66,"",123,44.1,433,18.2,477,20.0,463,18.9,26232482,29.6,950430,19.9,-28185,-14.8,250,8.8
"37000","5","518210","58","0","2022","2","",1397,11267,11499,11539,343508236,80309560,646923,2311,"",1.01,0.78,0.79,0.79,0.68,0.74,1.07,0.86,"",279,25.0,1025,10.0,1245,12.1,1359,13.3,58126301,20.4,16750153,26.4,165095,34.3,164,7.6
"37001","5","518210","78","0","2022","2","N",5,0,0,0,0,0,0,0,"N",0.27,0,0,0,0,0,0,0,"N",1,25.0,0,0,0,0,0,0,0,0,0,0,0,0,0,0
"37011","5","518210","78","0","2022","2","N",1,0,0,0,0,0,0,0,"N",0.37,0,0,0,0,0,0,0,"N",0,0.0,0,0,0,0,0,0,0,0,0,0,0,0,0,0
"37013","5","518210","78","0","2022","2","N",1,0,0,0,0,0,0,0,"N",0.19,0,0,0,0,0,0,0,"N",0,0.0,0,0,0,0,0,0,0,0,0,0,0,0,0,0
"37015","5","518210","78","0","2022","2","N",1,0,0,0,0,0,0,0,"N",0.75,0,0,0,0,0,0,0,"N",0,0.0,0,0,0,0,0,0,0,0,0,0,0,0,0,0
"37017","5","518210","78","0","2022","2","N",1,0,0,0,0,0,0,0,"N",0.37,0,0,0,0,0,0,0,"N",0,0.0,0,0,0,0,0,0,0,0,0,0,0,0,0,0
"37019","5","518210","78","0","2022","2","N",4,0,0,0,0,0,0,0,"N",0.26,0,0,0,0,0,0,0,"N",2,100.0,0,0,0,0,0,0,0,0,0,0,0,0,0,0
"37021","5","518210","78","0","2022","2","N",38,0,0,0,0,0,0,0,"N",0.80,0,0,0,0,0,0,0,"N",6,18.8,0,0,0,0,0,0,0,0,0,0,0,0,0,0
"37023","5","518210","78","0","2022","2","N",2,0,0,0,0,0,0,0,"N",0.30,0,0,0,0,0,0,0,"N",1,100.0,0,0,0,0,0,0,0,0,0,0,0,0,0,0
"37025","5","518210","78","0","2022","2","N",14,0,0,0,0,0,0,0,"N",0.58,0,0,0,0,0,0,0,"N",2,16.7,0,0,0,0,0,0,0,0,0,0,0,0,0,0
"37027","5","518210","78","0","2022","2","N",1,0,0,0,0,0,0,0,"N",0.16,0,0,0,0,0,0,0,"N",-1,-50.0,0,0,0,0,0,0,0,0,0,0,0,0,0,0
"37029","5","518210","78","0","2022","2","N",1,0,0,0,0,0,0,0,"N",1.22,0,0,0,0,0,0,0,"N",0,0.0,0,0,0,0,0,0,0,0,0,0,0,0,0,0
"37031","5","518210","78","0","2022","2","N",4,0,0,0,0,0,0,0,"N",0.39,0,0,0,0,0,0,0,"N",2,100.0,0,0,0,0,0,0,0,0,0,0,0,0,0,0
"37035","5","518210","78","0","2022","2","",11,48,50,52,1022133,477062,3134,1573,"",0.55,0.17,0.18,0.19,0.12,0.19,0.27,0.68,"",-1,-8.3,5,11.6,8,19.0,8,18.2,82457,8.8,174404,57.6,1299,70.8,-108,-6.4
"37037","5","518210","78","0","2022","2","",9,23,23,27,800300,152694,1496,2530,"",1.16,0.45,0.44,0.51,0.58,0.38,0.70,1.26,"",0,0.0,-2,-8.0,-4,-14.8,-5,-15.6,-2561,-0.3,-49326,-24.4,-453,-23.2,324,14.7
"37039","5","518210","78","0","2022","2","",5,42,41,42,1127842,486950,4742,2082,"",1.52,1.70,1.61,1.69,1.96,2.88,5.39,1.18,"N",3,150.0,0,0,0,0,0,0,0,0,0,0,0,0,0,0
"37041","5","518210","78","0","2022","2","N",1,0,0,0,0,0,0,0,"N",0.62,0,0,0,0,0,0,0,"N",0,0.0,0,0,0,0,0,0,0,0,0,0,0,0,0,0
"37045","5","518210","78","0","2022","2","N",6,0,0,0,0,0,0,0,"N",0.67,0,0,0,0,0,0,0,"N",1,20.0,0,0,0,0,0,0,0,0,0,0,0,0,0,0
"37047","5","518210","78","0","2022","2","-",0,0,0,0,0,0,0,0,"N",0.00,0,0,0,0,0,0,0,"N",0,0,0,0,0,0,0,0,0,0,0,0,0,0,0,0
"37049","5","518210","78","0","2022","2","",5,24,23,22,442477,149046,990,1480,"",0.48,0.20,0.19,0.18,0.12,0.21,0.33,0.65,"",1,25.0,3,14.3,2,9.5,3,15.8,115318,35.2,34372,30.0,434,78.1,242,19.5
"37051","5","518210","78","0","2022","2","N",10,0,0,0,0,0,0,0,"N",0.35,0,0,0,0,0,0,0,"N",4,66.7,0,0,0,0,0,0,0,0,0,0,0,0,0,0
"37053","5","518210","78","0","2022","2","N",1,0,0,0,0,0,0,0,"N",0.28,0,0,0,0,0,0,0,"N",0,0.0,0,0,0,0,0,0,0,0,0,0,0,0,0,0
"37055","5","518210","78","0","2022","2","",5,6,6,6,136109,51338,305,1745,"",0.56,0.10,0.09,0.09,0.09,0.11,0.06,0.98,"N",1,25.0,0,0,0,0,0,0,0,0,0,0,0,0,0,0
"37057","5","518210","78","0","2022","2","",3,3,4,5,150166,53209,555,2888,"",0.23,0.02,0.03,0.04,0.04,0.05,0.10,1.34,"N",1,50.0,0,0,0,0,0,0,0,0,0,0,0,0,0,0
"37059","5","518210","78","0","2022","2","N",1,0,0,0,0,0,0,0,"N",0.24,0,0,0,0,0,0,0,"N",1,100.0,0,0,0,0,0,0,0,0,0,0,0,0,0,0
"37061","5","518210","78","0","2022","2","N",1,0,0,0,0,0,0,0,"N",0.21,0,0,0,0,0,0,0,"N",0,0.0,0,0,0,0,0,0,0,0,0,0,0,0,0,0
"37063","5","518210","78","0","2022","2","",59,577,578,597,20950664,3001685,22623,2760,"",1.40,0.83,0.82,0.85,0.63,0.71,1.08,0.76,"",11,22.9,56,10.7,54,10.3,44,8.0,2484924,13.5,518864,20.9,3495,18.3,93,3.5
"37065","5","518210","78","0","2022","2","N",1,0,0,0,0,0,0,0,"N",0.25,0,0,0,0,0,0,0,"N",1,100.0,0,0,0,0,0,0,0,0,0,0,0,0,0,0
"37067","5","518210","78","0","2022","2","",37,354,363,365,11360156,3359386,40455,2423,"",0.86,0.60,0.62,0.62,0.56,0.85,2.08,0.92,"",5,15.6,144,68.6,152,72.0,151,70.6,6841847,151.4,1843796,121.7,21456,112.9,781,47.6
"37069","5","518210","78","0","2022","2","N",4,0,0,0,0,0,0,0,"N",0.69,0,0,0,0,0,0,0,"N",1,33.3,0,0,0,0,0,0,0,0,0,0,0,0,0,0
"37071","5","518210","78","0","2022","2","",5,10,10,10,168235,43813,491,1294,"",0.24,0.04,0.04,0.04,0.03,0.02,0.03,0.60,"",0,0.0,1,11.1,1,11.1,1,11.1,53314,46.4,7512,20.7,133,37.2,312,31.8
"37075","5","518210","78","0","2022","2","N",1,0,0,0,0,0,0,0,"N",1.25,0,0,0,0,0,0,0,"N",0,0.0,0,0,0,0,0,0,0,0,0,0,0,0,0,0
"37077","5","518210","78","0","2022","2","N",1,0,0,0,0,0,0,0,"N",0.23,0,0,0,0,0,0,0,"N",-1,-50.0,0,0,0,0,0,0,0,0,0,0,0,0,0,0
"37081","5","518210","78","0","2022","2","",36,421,429,434,15856200,3064174,13990,2850,"",0.52,0.48,0.49,0.49,0.56,0.46,0.42,1.16,"",9,33.3,-45,-9.7,-38,-8.1,-27,-5.9,-3117486,-16.4,-262744,-7.9,-195,-1.4,-291,-9.3
"37083","5","518210","78","0","2022","2","N",1,0,0,0,0,0,0,0,"N",0.24,0,0,0,0,0,0,0,"N",1,100.0,0,0,0,0,0,0,0,0,0,0,0,0,0,0
"37085","5","518210","78","0","2022","2","-",0,0,0,0,0,0,0,0,"N",0.00,0,0,0,0,0,0,0,"N",-1,-100.0,0,0,0,0,0,0,0,0,0,0,0,0,0,0
"37087","5","518210","78","0","2022","2","-",0,0,0,0,0,0,0,0,"N",0.00,0,0,0,0,0,0,0,"N",0,0.0,0,0,0,0,0,0,0,0,0,0,0,0,0,0
"37089","5","518210","78","0","2022","2","",10,10,11,11,129935,97349,843,937,"",0.67,0.08,0.09,0.09,0.04,0.09,0.16,0.43,"N",2,25.0,0,0,0,0,0,0,0,0,0,0,0,0,0,0
"37097","5","518210","78","0","2022","2","N",14,0,0,0,0,0,0,0,"N",0.54,0,0,0,0,0,0,0,"N",1,7.7,0,0,0,0,0,0,0,0,0,0,0,0,0,0
"37099","5","518210","78","0","2022","2","N",5,0,0,0,0,0,0,0,"N",1.01,0,0,0,0,0,0,0,"N",0,0.0,0,0,0,0,0,0,0,0,0,0,0,0,0,0
"37101","5","518210","78","0","2022","2","N",11,0,0,0,0,0,0,0,"N",0.60,0,0,0,0,0,0,0,"N",2,22.2,0,0,0,0,0,0,0,0,0,0,0,0,0,0
"37105","5","518210","78","0","2022","2","",6,8,8,6,129609,64510,738,1360,"",0.89,0.10,0.10,0.07,0.06,0.10,0.24,0.63,"N",2,50.0,0,0,0,0,0,0,0,0,0,0,0,0,0,0
"37107","5","518210","78","0","2022","2","N",1,0,0,0,0,0,0,0,"N",0.18,0,0,0,0,0,0,0,"N",0,0.0,0,0,0,0,0,0,0,0,0,0,0,0,0,0
"37109","5","518210","78","0","2022","2","",5,5,6,6,90576,60008,611,1230,"",0.56,0.06,0.07,0.07,0.04,0.09,0.16,0.56,"",1,25.0,-8,-61.5,0,0.0,0,0.0,43445,92.2,12877,27.3,98,19.1,795,182.8
"37111","5","518210","78","0","2022","2","N",1,0,0,0,0,0,0,0,"N",0.27,0,0,0,0,0,0,0,"N",0,0.0,0,0,0,0,0,0,0,0,0,0,0,0,0,0
"37113","5","518210","78","0","2022","2","N",3,0,0,0,0,0,0,0,"N",0.54,0,0,0,0,0,0,0,"N",-1,-25.0,0,0,0,0,0,0,0,0,0,0,0,0,0,0
"37115","5","518210","78","0","2022","2","N",4,0,0,0,0,0,0,0,"N",1.99,0,0,0,0,0,0,0,"N",1,33.3,0,0,0,0,0,0,0,0,0,0,0,0,0,0
"37117","5","518210","78","0","2022","2","N",1,0,0,0,0,0,0,0,"N",0.51,0,0,0,0,0,0,0,"N",0,0.0,0,0,0,0,0,0,0,0,0,0,0,0,0,0
"37119","5","518210","78","0","2022","2","",194,2555,2649,2709,93741927,20324655,161335,2734,"",1.01,1.11,1.14,1.16,0.92,1.07,1.54,0.81,"",36,22.8,177,7.4,261,10.9,311,13.0,15910605,20.4,3643052,21.8,38529,31.4,227,9.1
"37121","5","518210","78","0","2022","2","N",1,0,0,0,0,0,0,0,"N",0.62,0,0,0,0,0,0,0,"N",0,0.0,0,0,0,0,0,0,0,0,0,0,0,0,0,0
"37123","5","518210","78","0","2022","2","N",3,0,0,0,0,0,0,0,"N",1.28,0,0,0,0,0,0,0,"N",0,0.0,0,0,0,0,0,0,0,0,0,0,0,0,0,0
"37125","5","518210","78","0","2022","2","N",3,0,0,0,0,0,0,0,"N",0.24,0,0,0,0,0,0,0,"N",0,0.0,0,0,0,0,0,0,0,0,0,0,0,0,0,0
"37127","5","518210","78","0","2022","2","N",3,0,0,0,0,0,0,0,"N",0.32,0,0,0,0,0,0,0,"N",-1,-25.0,0,0,0,0,0,0,0,0,0,0,0,0,0,0
"37129","5","518210","78","0","2022","2","",29,63,81,87,2603256,713398,8172,2601,"",0.71,0.17,0.21,0.23,0.21,0.24,0.49,1.05,"",7,31.8,16,34.0,39,92.9,47,117.5,1475415,130.8,371720,108.8,4617,129.9,583,28.9
"37131","5","518210","78","0","2022","2","N",1,0,0,0,0,0,0,0,"N",0.71,0,0,0,0,0,0,0,"N",0,0.0,0,0,0,0,0,0,0,0,0,0,0,0,0,0
"37133","5","518210","78","0","2022","2","",8,28,29,29,457095,184908,850,1227,"",0.51,0.18,0.18,0.18,0.12,0.20,0.19,0.66,"",4,100.0,-6,-17.6,-7,-19.4,-1,-3.3,-133062,-22.5,-9783,-5.0,324,61.6,-135,-9.9
"37135","5","518210","78","0","2022","2","",39,258,260,266,14530483,1269798,12704,4277,"",1.94,1.12,1.10,1.10,1.66,1.16,2.02,1.49,"",9,30.0,58,29.0,56,27.5,56,26.7,3237624,28.7,636539,100.5,6525,105.6,33,0.8
"37137","5","518210","78","0","2022","2","N",3,0,0,0,0,0,0,0,"N",2.23,0,0,0,0,0,0,0,"N",-1,-25.0,0,0,0,0,0,0,0,0,0,0,0,0,0,0
"37139","5","518210","78","0","2022","2","N",2,0,0,0,0,0,0,0,"N",0.47,0,0,0,0,0,0,0,"N",0,0.0,0,0,0,0,0,0,0,0,0,0,0,0,0,0
"37141","5","518210","78","0","2022","2","N",4,0,0,0,0,0,0,0,"N",0.60,0,0,0,0,0,0,0,"N",0,0.0,0,0,0,0,0,0,0,0,0,0,0,0,0,0
"37147","5","518210","78","0","2022","2","N",9,0,0,0,0,0,0,0,"N",0.53,0,0,0,0,0,0,0,"N",3,50.0,0,0,0,0,0,0,0,0,0,0,0,0,0,0
"37149","5","518210","78","0","2022","2","N",2,0,0,0,0,0,0,0,"N",0.77,0,0,0,0,0,0,0,"N",0,0.0,0,0,0,0,0,0,0,0,0,0,0,0,0,0
"37151","5","518210","78","0","2022","2","N",1,0,0,0,0,0,0,0,"N",0.09,0,0,0,0,0,0,0,"N",0,0.0,0,0,0,0,0,0,0,0,0,0,0,0,0,0
"37155","5","518210","78","0","2022","2","N",1,0,0,0,0,0,0,0,"N",0.12,0,0,0,0,0,0,0,"N",1,100.0,0,0,0,0,0,0,0,0,0,0,0,0,0,0
"37157","5","518210","78","0","2022","2","N",2,0,0,0,0,0,0,0,"N",0.27,0,0,0,0,0,0,0,"N",0,0.0,0,0,0,0,0,0,0,0,0,0,0,0,0,0
"37159","5","518210","78","0","2022","2","-",0,0,0,0,0,0,0,0,"N",0.00,0,0,0,0,0,0,0,"N",0,0,0,0,0,0,0,0,0,0,0,0,0,0,0,0
"37161","5","518210","78","0","2022","2","N",2,0,0,0,0,0,0,0,"N",0.35,0,0,0,0,0,0,0,"N",0,0.0,0,0,0,0,0,0,0,0,0,0,0,0,0,0
"37167","5","518210","78","0","2022","2","N",1,0,0,0,0,0,0,0,"N",0.16,0,0,0,0,0,0,0,"N",0,0.0,0,0,0,0,0,0,0,0,0,0,0,0,0,0
"37171","5","518210","78","0","2022","2","N",1,0,0,0,0,0,0,0,"N",0.13,0,0,0,0,0,0,0,"N",1,100.0,0,0,0,0,0,0,0,0,0,0,0,0,0,0
"37173","5","518210","78","0","2022","2","N",3,0,0,0,0,0,0,0,"N",1.46,0,0,0,0,0,0,0,"N",0,0.0,0,0,0,0,0,0,0,0,0,0,0,0,0,0
"37175","5","518210","78","0","2022","2","N",1,0,0,0,0,0,0,0,"N",0.22,0,0,0,0,0,0,0,"N",0,0.0,0,0,0,0,0,0,0,0,0,0,0,0,0,0
"37179","5","518210","78","0","2022","2","",22,41,43,46,1455235,338940,3421,2583,"",0.79,0.20,0.20,0.22,0.22,0.19,0.36,1.09,"",6,37.5,9,28.1,11,34.4,12,35.3,-121324,-7.7,74614,28.2,564,19.7,-1129,-30.4
"37181","5","518210","78","0","2022","2","N",1,0,0,0,0,0,0,0,"N",0.27,0,0,0,0,0,0,0,"N",0,0.0,0,0,0,0,0,0,0,0,0,0,0,0,0,0
"37183","5","518210","78","0","2022","2","",305,3047,3029,3085,81394689,18485713,155094,2050,"",1.67,1.62,1.60,1.60,1.07,1.26,1.81,0.66,"",58,23.5,-24,-0.8,-71,-2.3,-9,-0.3,7806030,10.6,1690483,10.1,16301,11.7,217,11.8
"37185","5","518210","78","0","2022","2","N",1,0,0,0,0,0,0,0,"N",0.76,0,0,0,0,0,0,0,"N",1,100.0,0,0,0,0,0,0,0,0,0,0,0,0,0,0
"37189","5","518210","78","0","2022","2","",4,3,4,5,98984,24333,257,1904,"",0.52,0.04,0.05,0.07,0.05,0.06,0.12,0.99,"N",2,100.0,0,0,0,0,0,0,0,0,0,0,0,0,0,0
"37193","5","518210","78","0","2022","2","N",1,0,0,0,0,0,0,0,"N",0.18,0,0,0,0,0,0,0,"N",0,0.0,0,0,0,0,0,0,0,0,0,0,0,0,0,0
"37195","5","518210","78","0","2022","2","N",1,0,0,0,0,0,0,0,"N",0.12,0,0,0,0,0,0,0,"N",0,0.0,0,0,0,0,0,0,0,0,0,0,0,0,0,0
"37197","5","518210","78","0","2022","2","N",2,0,0,0,0,0,0,0,"N",0.65,0,0,0,0,0,0,0,"N",0,0.0,0,0,0,0,0,0,0,0,0,0,0,0,0,0
"37199","5","518210","78","0","2022","2","N",1,0,0,0,0,0,0,0,"N",0.56,0,0,0,0,0,0,0,"N",0,0.0,0,0,0,0,0,0,0,0,0,0,0,0,0,0
"37999","5","518210","78","0","2022","2","",409,2676,2753,2642,62272462,19729885,172119,1781,"",3.34,4.47,4.52,4.27,1.77,3.30,3.51,0.40,"",96,30.7,690,34.7,791,40.3,771,41.2,19281337,44.8,6759747,52.1,58839,51.9,76,4.5
"38000","3","518210","58","0","2022","2","",2,44,49,48,494100,491192,622,809,"",6.67,5.93,6.51,6.40,3.72,112.88,134.62,0.59,"N",0,0.0,0,0,0,0,0,0,0,0,0,0,0,0,0,0
"38000","5","518210","58","0","2022","2","",157,501,509,530,9292880,5651880,24711,1393,"",1.16,0.40,0.40,0.41,0.22,0.49,0.36,0.53,"",109,227.1,7,1.4,7,1.4,39,7.9,1484799,19.0,663585,13.3,15743,175.5,181,14.9
"38003","5","518210","78","0","2022","2","N",2,0,0,0,0,0,0,0,"N",1.14,0,0,0,0,0,0,0,"N",2,100.0,0,0,0,0,0,0,0,0,0,0,0,0,0,0
"38009","5","518210","78","0","2022","2","N",1,0,0,0,0,0,0,0,"N",0.75,0,0,0,0,0,0,0,"N",0,0.0,0,0,0,0,0,0,0,0,0,0,0,0,0,0
"38015","5","518210","78","0","2022","2","",16,19,20,19,482121,294289,3137,1918,"",0.97,0.11,0.11,0.10,0.08,0.22,0.35,0.77,"",12,300.0,16,533.3,17,566.7,16,533.3,439263,1024.9,251431,586.7,1366,77.1,819,74.5
"38017","3","518210","78","0","2022","2","",1,5,5,4,49864,49864,269,822,"",13.18,2.23,2.22,1.79,1.22,36.47,217.76,0.58,"N",0,0.0,0,0,0,0,0,0,0,0,0,0,0,0,0,0
"38017","5","518210","78","0","2022","2","",85,386,392,398,7228398,4181764,14683,1418,"",2.48,1.03,1.03,1.03,0.54,1.16,0.79,0.53,"",63,286.4,-30,-7.2,-30,-7.1,-16,-3.9,513114,7.6,14647,0.4,8556,139.6,180,14.5
"38021","5","518210","78","0","2022","2","-",0,0,0,0,0,0,0,0,"N",0.00,0,0,0,0,0,0,0,"N",0,0,0,0,0,0,0,0,0,0,0,0,0,0,0,0
"38035","5","518210","78","0","2022","2","",14,13,13,15,288085,182765,1516,1621,"",1.39,0.11,0.11,0.12,0.08,0.20,0.28,0.68,"",9,180.0,5,62.5,3,30.0,5,50.0,116241,67.6,28607,18.6,1204,385.9,205,14.5
"38043","5","518210","78","0","2022","2","N",1,0,0,0,0,0,0,0,"N",2.14,0,0,0,0,0,0,0,"N",1,100.0,0,0,0,0,0,0,0,0,0,0,0,0,0,0
"38045","5","518210","78","0","2022","2","N",1,0,0,0,0,0,0,0,"N",1.12,0,0,0,0,0,0,0,"N",1,100.0,0,0,0,0,0,0,0,0,0,0,0,0,0,0
"38053","5","518210","78","0","2022","2","N",2,0,0,0,0,0,0,0,"N",0.65,0,0,0,0,0,0,0,"N",1,100.0,0,0,0,0,0,0,0,0,0,0,0,0,0,0
"38057","5","518210","78","0","2022","2","",3,1,2,3,43064,43064,439,1656,"",2.45,0.08,0.15,0.23,0.08,0.36,0.46,0.49,"",3,100.0,1,100.0,2,100.0,3,100.0,43064,100.0,43064,100.0,439,100.0,1656,100.0
"38059","5","518210","78","0","2022","2","N",6,0,0,0,0,0,0,0,"N",1.33,0,0,0,0,0,0,0,"N",4,200.0,0,0,0,0,0,0,0,0,0,0,0,0,0,0
"38061","3","518210","78","0","2022","2","",1,39,44,44,444236,441328,353,807,"",226.63,434.50,481.46,475.15,225.74,6595.40,7367.06,0.49,"N",0,0.0,0,0,0,0,0,0,0,0,0,0,0,0,0,0
"38071","5","518210","78","0","2022","2","N",1,0,0,0,0,0,0,0,"N",0.50,0,0,0,0,0,0,0,"N",0,0.0,0,0,0,0,0,0,0,0,0,0,0,0,0,0
"38073","5","518210","78","0","2022","2","N",1,0,0,0,0,0,0,0,"N",0.98,0,0,0,0,0,0,0,"N",0,0.0,0,0,0,0,0,0,0,0,0,0,0,0,0,0
"38077","5","518210","78","0","2022","2","N",1,0,0,0,0,0,0,0,"N",0.38,0,0,0,0,0,0,0,"N",1,100.0,0,0,0,0,0,0,0,0,0,0,0,0,0,0
"38079","5","518210","78","0","2022","2","-",0,0,0,0,0,0,0,0,"N",0.00,0,0,0,0,0,0,0,"N",0,0,0,0,0,0,0,0,0,0,0,0,0,0,0,0
"38089","5","518210","78","0","2022","2","N",1,0,0,0,0,0,0,0,"N",0.17,0,0,0,0,0,0,0,"N",1,100.0,0,0,0,0,0,0,0,0,0,0,0,0,0,0
"38093","5","518210","78","0","2022","2","N",1,0,0,0,0,0,0,0,"N",0.30,0,0,0,0,0,0,0,"N",0,0.0,0,0,0,0,0,0,0,0,0,0,0,0,0,0
"38097","5","518210","78","0","2022","2","N",2,0,0,0,0,0,0,0,"N",1.25,0,0,0,0,0,0,0,"N",1,100.0,0,0,0,0,0,0,0,0,0,0,0,0,0,0
"38099","5","518210","78","0","2022","2","N",2,0,0,0,0,0,0,0,"N",0.97,0,0,0,0,0,0,0,"N",1,100.0,0,0,0,0,0,0,0,0,0,0,0,0,0,0
"38101","5","518210","78","0","2022","2","N",5,0,0,0,0,0,0,0,"N",0.49,0,0,0,0,0,0,0,"N",4,400.0,0,0,0,0,0,0,0,0,0,0,0,0,0,0
"38105","5","518210","78","0","2022","2","",4,4,4,14,122763,119683,1220,1288,"",0.48,0.05,0.05,0.18,0.04,0.13,0.26,0.38,"N",3,300.0,0,0,0,0,0,0,0,0,0,0,0,0,0,0
"38999","5","518210","78","0","2022","2","",8,3,4,6,144486,102002,956,2565,"",3.47,0.41,0.53,0.76,0.35,0.90,1.09,0.61,"",3,60.0,-1,-25.0,0,0.0,2,50.0,-14697,-9.2,83460,450.1,767,405.8,-496,-16.2
"39000","3","518210","58","0","2022","2","",38,588,585,587,11253865,0,0,1476,"",13.26,5.97,5.92,6.03,6.48,0.00,0.00,1.09,"",0,0.0,-11,-1.8,-13,-2.2,-16,-2.7,-91913,-0.8,0,0.0,0,0.0,21,1.4
"39000","5","518210","58","0","2022","2","",1459,11893,11989,12111,314682454,14190060,372312,2018,"",1.12,0.72,0.72,0.72,0.56,0.47,0.57,0.78,"",344,30.9,3046,34.4,3116,35.1,3130,34.9,98064187,45.3,4226227,42.4,82039,28.3,146,7.8
"39001","5","518210","78","0","2022","2","N",1,0,0,0,0,0,0,0,"N",0.38,0,0,0,0,0,0,0,"N",0,0.0,0,0,0,0,0,0,0,0,0,0,0,0,0,0
"39003","5","518210","78","0","2022","2","N",7,0,0,0,0,0,0,0,"N",0.69,0,0,0,0,0,0,0,"N",1,16.7,0,0,0,0,0,0,0,0,0,0,0,0,0,0
"39005","3","518210","78","0","2022","2","",1,2,2,2,38113,0,0,1466,"",94.58,5.72,5.72,5.77,8.31,0.00,0.00,1.45,"N",0,0.0,0,0,0,0,0,0,0,0,0,0,0,0,0,0
"39005","5","518210","78","0","2022","2","N",6,0,0,0,0,0,0,0,"N",1.25,0,0,0,0,0,0,0,"N",0,0.0,0,0,0,0,0,0,0,0,0,0,0,0,0,0
"39007","5","518210","78","0","2022","2","",4,4,5,5,34920,26171,464,576,"",0.46,0.04,0.05,0.05,0.02,0.15,0.13,0.30,"N",1,33.3,0,0,0,0,0,0,0,0,0,0,0,0,0,0
"39009","5","518210","78","0","2022","2","N",5,0,0,0,0,0,0,0,"N",0.94,0,0,0,0,0,0,0,"N",2,66.7,0,0,0,0,0,0,0,0,0,0,0,0,0,0
"39011","5","518210","78","0","2022","2","N",2,0,0,0,0,0,0,0,"N",0.46,0,0,0,0,0,0,0,"N",1,100.0,0,0,0,0,0,0,0,0,0,0,0,0,0,0
"39013","5","518210","78","0","2022","2","N",1,0,0,0,0,0,0,0,"N",0.15,0,0,0,0,0,0,0,"N",1,100.0,0,0,0,0,0,0,0,0,0,0,0,0,0,0
"39017","3","518210","78","0","2022","2","",2,15,15,15,335026,0,0,1718,"",26.29,5.34,5.35,5.47,6.94,0.00,0.00,1.29,"N",0,0.0,0,0,0,0,0,0,0,0,0,0,0,0,0,0
"39017","5","518210","78","0","2022","2","N",26,0,0,0,0,0,0,0,"N",0.76,0,0,0,0,0,0,0,"N",6,30.0,0,0,0,0,0,0,0,0,0,0,0,0,0,0
"39019","5","518210","78","0","2022","2","N",1,0,0,0,0,0,0,0,"N",0.46,0,0,0,0,0,0,0,"N",0,0.0,0,0,0,0,0,0,0,0,0,0,0,0,0,0
"39023","5","518210","78","0","2022","2","",9,16,16,16,423187,25704,618,2035,"",0.87,0.11,0.11,0.11,0.11,0.08,0.10,0.95,"",3,50.0,11,220.0,11,220.0,11,220.0,348609,467.4,21543,517.7,452,272.3,888,77.4
"39025","5","518210","78","0","2022","2","",19,27,30,29,1721782,50160,1230,4620,"",1.06,0.15,0.16,0.15,0.30,0.13,0.14,1.97,"N",6,46.2,0,0,0,0,0,0,0,0,0,0,0,0,0,0
"39027","5","518210","78","0","2022","2","N",9,0,0,0,0,0,0,0,"N",2.43,0,0,0,0,0,0,0,"N",1,12.5,0,0,0,0,0,0,0,0,0,0,0,0,0,0
"39029","5","518210","78","0","2022","2","N",2,0,0,0,0,0,0,0,"N",0.23,0,0,0,0,0,0,0,"N",-1,-33.3,0,0,0,0,0,0,0,0,0,0,0,0,0,0
"39033","5","518210","78","0","2022","2","N",1,0,0,0,0,0,0,0,"N",0.27,0,0,0,0,0,0,0,"N",1,100.0,0,0,0,0,0,0,0,0,0,0,0,0,0,0
"39035","3","518210","78","0","2022","2","",6,209,207,214,4090572,0,0,1498,"",17.67,16.27,16.10,16.82,15.83,0.00,0.00,0.96,"",0,0.0,-19,-8.3,-20,-8.8,-15,-6.6,-508100,-11.0,0,0.0,0,0.0,-54,-3.5
"39035","5","518210","78","0","2022","2","",186,3377,3385,3418,90681991,2921506,77246,2056,"",1.21,1.57,1.56,1.55,1.08,0.81,0.99,0.69,"",25,15.5,1874,124.7,1876,124.3,1902,125.5,59634565,192.1,1244757,74.2,34027,78.7,474,30.0
"39037","5","518210","78","0","2022","2","N",2,0,0,0,0,0,0,0,"N",0.40,0,0,0,0,0,0,0,"N",0,0.0,0,0,0,0,0,0,0,0,0,0,0,0,0,0
"39039","5","518210","78","0","2022","2","N",1,0,0,0,0,0,0,0,"N",0.28,0,0,0,0,0,0,0,"N",0,0.0,0,0,0,0,0,0,0,0,0,0,0,0,0,0
"39041","5","518210","78","0","2022","2","",49,127,135,140,4034620,265444,7634,2316,"",1.88,0.45,0.47,0.48,0.39,0.48,0.77,0.83,"",12,32.4,41,47.7,47,53.4,47,50.5,1406440,53.5,147397,124.9,4049,112.9,44,1.9
"39043","3","518210","78","0","2022","2","",1,3,3,3,57167,0,0,1466,"",55.46,4.59,4.30,4.21,6.20,0.00,0.00,1.42,"N",0,0.0,0,0,0,0,0,0,0,0,0,0,0,0,0,0
"39043","5","518210","78","0","2022","2","N",4,0,0,0,0,0,0,0,"N",0.49,0,0,0,0,0,0,0,"N",2,100.0,0,0,0,0,0,0,0,0,0,0,0,0,0,0
"39045","3","518210","78","0","2022","2","",2,14,14,12,239561,0,0,1382,"",68.76,17.48,17.38,15.12,21.04,0.00,0.00,1.26,"N",0,0.0,0,0,0,0,0,0,0,0,0,0,0,0,0,0
"39045","5","518210","78","0","2022","2","N",11,0,0,0,0,0,0,0,"N",0.84,0,0,0,0,0,0,0,"N",4,57.1,0,0,0,0,0,0,0,0,0,0,0,0,0,0
"39047","5","518210","78","0","2022","2","N",1,0,0,0,0,0,0,0,"N",0.38,0,0,0,0,0,0,0,"N",0,0.0,0,0,0,0,0,0,0,0,0,0,0,0,0,0
"39049","3","518210","78","0","2022","2","",6,52,52,52,1099122,0,0,1626,"",17.95,3.73,3.74,3.80,4.07,0.00,0.00,1.08,"",0,0.0,1,2.0,1,2.0,-2,-3.7,27481,2.6,0,0.0,0,0.0,41,2.6
"39049","5","518210","78","0","2022","2","",234,2677,2672,2703,68677776,2507066,58324,1968,"",1.55,1.14,1.13,1.14,0.78,0.61,0.70,0.69,"",53,29.3,366,15.8,352,15.2,388,16.8,14292662,26.3,685608,37.6,5275,9.9,161,8.9
"39051","5","518210","78","0","2022","2","N",1,0,0,0,0,0,0,0,"N",0.23,0,0,0,0,0,0,0,"N",-2,-66.7,0,0,0,0,0,0,0,0,0,0,0,0,0,0
"39053","5","518210","78","0","2022","2","N",1,0,0,0,0,0,0,0,"N",0.34,0,0,0,0,0,0,0,"N",0,0.0,0,0,0,0,0,0,0,0,0,0,0,0,0,0
"39055","5","518210","78","0","2022","2","",4,18,18,18,880295,16080,384,3762,"",0.33,0.17,0.17,0.16,0.28,0.07,0.06,1.72,"",1,33.3,13,260.0,13,260.0,13,260.0,760344,633.9,10163,171.8,280,269.2,1917,103.9
"39057","3","518210","78","0","2022","2","",2,16,16,15,252136,0,0,1238,"",57.08,11.52,11.55,11.02,9.00,0.00,0.00,0.79,"N",0,0.0,0,0,0,0,0,0,0,0,0,0,0,0,0,0
"39057","5","518210","78","0","2022","2","",14,126,125,124,2660416,63318,1354,1637,"",0.88,0.54,0.53,0.53,0.29,0.19,0.22,0.55,"",1,7.7,-15,-10.6,-11,-8.1,-9,-6.8,12997,0.5,-32352,-33.8,-879,-39.4,147,9.9
"39061","3","518210","78","0","2022","2","",1,74,73,70,1676712,0,0,1783,"",4.28,7.95,7.81,7.59,8.78,0.00,0.00,1.13,"N",0,0.0,0,0,0,0,0,0,0,0,0,0,0,0,0,0
"39061","5","518210","78","0","2022","2","",127,1134,1163,1155,29111784,1332552,31367,1946,"",1.20,0.73,0.74,0.72,0.47,0.48,0.54,0.64,"",26,25.7,8,0.7,41,3.7,20,1.8,-2147097,-6.9,359881,37.0,5382,20.7,-186,-8.7
"39063","5","518210","78","0","2022","2","-",0,0,0,0,0,0,0,0,"N",0.00,0,0,0,0,0,0,0,"N",0,0,0,0,0,0,0,0,0,0,0,0,0,0,0,0
"39067","5","518210","78","0","2022","2","-",0,0,0,0,0,0,0,0,"N",0.00,0,0,0,0,0,0,0,"N",-1,-100.0,0,0,0,0,0,0,0,0,0,0,0,0,0,0
"39069","3","518210","78","0","2022","2","",1,2,2,2,28119,0,0,1082,"",168.87,10.66,10.45,10.59,10.04,0.00,0.00,0.95,"N",0,0.0,0,0,0,0,0,0,0,0,0,0,0,0,0,0
"39071","5","518210","78","0","2022","2","N",1,0,0,0,0,0,0,0,"N",0.31,0,0,0,0,0,0,0,"N",1,100.0,0,0,0,0,0,0,0,0,0,0,0,0,0,0
"39073","5","518210","78","0","2022","2","N",2,0,0,0,0,0,0,0,"N",0.87,0,0,0,0,0,0,0,"N",-1,-33.3,0,0,0,0,0,0,0,0,0,0,0,0,0,0
"39077","5","518210","78","0","2022","2","N",5,0,0,0,0,0,0,0,"N",0.91,0,0,0,0,0,0,0,"N",2,66.7,0,0,0,0,0,0,0,0,0,0,0,0,0,0
"39081","5","518210","78","0","2022","2","",3,4,4,4,52956,9000,243,1018,"",0.54,0.06,0.06,0.06,0.03,0.08,0.09,0.51,"N",1,50.0,0,0,0,0,0,0,0,0,0,0,0,0,0,0
"39083","3","518210","78","0","2022","2","",1,1,1,1,7440,0,0,572,"",88.94,2.74,2.75,2.80,1.43,0.00,0.00,0.52,"N",0,0.0,0,0,0,0,0,0,0,0,0,0,0,0,0,0
"39085","5","518210","78","0","2022","2","",26,54,52,55,1515877,128729,4006,2173,"",0.99,0.19,0.18,0.19,0.17,0.22,0.30,0.92,"N",11,73.3,0,0,0,0,0,0,0,0,0,0,0,0,0,0
"39087","5","518210","78","0","2022","2","N",2,0,0,0,0,0,0,0,"N",0.51,0,0,0,0,0,0,0,"N",1,100.0,0,0,0,0,0,0,0,0,0,0,0,0,0,0
"39089","5","518210","78","0","2022","2","",13,31,28,32,550578,61642,1708,1396,"",0.87,0.14,0.12,0.15,0.09,0.13,0.16,0.65,"",0,0.0,4,14.8,5,21.7,2,6.7,159544,40.8,15200,32.7,370,27.7,268,23.8
"39091","5","518210","78","0","2022","2","N",1,0,0,0,0,0,0,0,"N",0.25,0,0,0,0,0,0,0,"N",0,0.0,0,0,0,0,0,0,0,0,0,0,0,0,0,0
"39093","5","518210","78","0","2022","2","",25,26,26,27,815317,56405,1597,2382,"",0.94,0.09,0.09,0.09,0.09,0.10,0.11,1.07,"",2,8.7,14,116.7,12,85.7,12,80.0,438245,116.2,26042,85.8,168,11.8,260,12.3
"39095","5","518210","78","0","2022","2","",29,248,260,252,2330398,504724,16285,708,"",0.68,0.41,0.43,0.41,0.12,0.46,0.62,0.29,"",6,26.1,-5,-2.0,5,2.0,-2,-0.8,122009,5.5,-28450,-5.3,-1872,-10.3,39,5.8
"39097","5","518210","78","0","2022","2","N",3,0,0,0,0,0,0,0,"N",0.78,0,0,0,0,0,0,0,"N",2,200.0,0,0,0,0,0,0,0,0,0,0,0,0,0,0
"39099","5","518210","78","0","2022","2","",14,200,192,192,3915331,156840,4055,1547,"",0.58,0.69,0.66,0.66,0.50,0.26,0.28,0.75,"",5,55.6,9,4.7,3,1.6,0,0.0,559332,16.7,15150,10.7,-557,-12.1,193,14.3
"39101","5","518210","78","0","2022","2","N",1,0,0,0,0,0,0,0,"N",0.20,0,0,0,0,0,0,0,"N",0,0.0,0,0,0,0,0,0,0,0,0,0,0,0,0,0
"39103","3","518210","78","0","2022","2","",2,10,10,10,164145,0,0,1263,"",45.84,9.08,8.94,9.02,9.59,0.00,0.00,1.06,"N",0,0.0,0,0,0,0,0,0,0,0,0,0,0,0,0,0
"39103","5","518210","78","0","2022","2","",19,49,50,48,1340111,38667,1151,2104,"",0.96,0.26,0.26,0.25,0.24,0.10,0.14,0.93,"",2,11.8,10,25.6,9,22.0,8,20.0,415127,44.9,-22010,-36.3,-1075,-48.3,325,18.3
"39105","5","518210","78","0","2022","2","N",1,0,0,0,0,0,0,0,"N",0.68,0,0,0,0,0,0,0,"N",0,0.0,0,0,0,0,0,0,0,0,0,0,0,0,0,0
"39107","5","518210","78","0","2022","2","N",2,0,0,0,0,0,0,0,"N",0.42,0,0,0,0,0,0,0,"N",0,0.0,0,0,0,0,0,0,0,0,0,0,0,0,0,0
"39109","5","518210","78","0","2022","2","",6,8,8,8,219658,9000,243,2112,"",0.60,0.06,0.06,0.06,0.06,0.04,0.05,0.95,"",2,50.0,2,33.3,2,33.3,3,60.0,-55712,-20.2,0,0.0,0,0.0,-1626,-43.5
"39111","5","518210","78","0","2022","2","N",2,0,0,0,0,0,0,0,"N",1.35,0,0,0,0,0,0,0,"N",0,0.0,0,0,0,0,0,0,0,0,0,0,0,0,0,0
"39113","3","518210","78","0","2022","2","",2,41,42,42,886285,0,0,1636,"",17.67,9.11,9.33,9.48,11.71,0.00,0.00,1.26,"N",0,0.0,0,0,0,0,0,0,0,0,0,0,0,0,0,0
"39113","5","518210","78","0","2022","2","",44,246,238,252,6107483,294011,7077,1915,"",0.86,0.33,0.31,0.33,0.25,0.23,0.29,0.77,"",10,29.4,120,95.2,116,95.1,102,68.0,2759660,82.4,147933,101.3,-319,-4.3,-26,-1.3
"39117","5","518210","78","0","2022","2","N",1,0,0,0,0,0,0,0,"N",0.46,0,0,0,0,0,0,0,"N",0,0.0,0,0,0,0,0,0,0,0,0,0,0,0,0,0
"39119","3","518210","78","0","2022","2","",1,2,2,2,39601,0,0,1523,"",59.26,3.19,3.18,3.23,4.26,0.00,0.00,1.33,"N",0,0.0,0,0,0,0,0,0,0,0,0,0,0,0,0,0
"39123","5","518210","78","0","2022","2","N",5,0,0,0,0,0,0,0,"N",1.04,0,0,0,0,0,0,0,"N",3,150.0,0,0,0,0,0,0,0,0,0,0,0,0,0,0
"39129","5","518210","78","0","2022","2","N",2,0,0,0,0,0,0,0,"N",0.48,0,0,0,0,0,0,0,"N",0,0.0,0,0,0,0,0,0,0,0,0,0,0,0,0,0
"39131","5","518210","78","0","2022","2","N",1,0,0,0,0,0,0,0,"N",0.44,0,0,0,0,0,0,0,"N",0,0.0,0,0,0,0,0,0,0,0,0,0,0,0,0,0
"39133","5","518210","78","0","2022","2","N",14,0,0,0,0,0,0,0,"N",0.96,0,0,0,0,0,0,0,"N",3,27.3,0,0,0,0,0,0,0,0,0,0,0,0,0,0
"39135","5","518210","78","0","2022","2","N",2,0,0,0,0,0,0,0,"N",0.64,0,0,0,0,0,0,0,"N",1,100.0,0,0,0,0,0,0,0,0,0,0,0,0,0,0
"39139","3","518210","78","0","2022","2","",1,4,4,4,51985,0,0,1000,"",39.43,4.55,4.54,4.61,4.34,0.00,0.00,0.95,"N",0,0.0,0,0,0,0,0,0,0,0,0,0,0,0,0,0
"39139","5","518210","78","0","2022","2","N",2,0,0,0,0,0,0,0,"N",0.17,0,0,0,0,0,0,0,"N",0,0.0,0,0,0,0,0,0,0,0,0,0,0,0,0,0
"39141","5","518210","78","0","2022","2","-",0,0,0,0,0,0,0,0,"N",0.00,0,0,0,0,0,0,0,"N",0,0,0,0,0,0,0,0,0,0,0,0,0,0,0,0
"39143","5","518210","78","0","2022","2","N",3,0,0,0,0,0,0,0,"N",0.52,0,0,0,0,0,0,0,"N",0,0.0,0,0,0,0,0,0,0,0,0,0,0,0,0,0
"39145","5","518210","78","0","2022","2","N",1,0,0,0,0,0,0,0,"N",0.17,0,0,0,0,0,0,0,"N",0,0.0,0,0,0,0,0,0,0,0,0,0,0,0,0,0
"39147","5","518210","78","0","2022","2","N",1,0,0,0,0,0,0,0,"N",0.21,0,0,0,0,0,0,0,"N",1,100.0,0,0,0,0,0,0,0,0,0,0,0,0,0,0
"39149","3","518210","78","0","2022","2","",1,5,5,5,76365,0,0,1175,"",103.29,10.19,10.20,10.29,9.54,0.00,0.00,0.93,"N",0,0.0,0,0,0,0,0,0,0,0,0,0,0,0,0,0
"39151","3","518210","78","0","2022","2","",2,35,35,35,607792,0,0,1336,"",24.92,12.37,12.32,12.49,14.63,0.00,0.00,1.18,"N",0,0.0,0,0,0,0,0,0,0,0,0,0,0,0,0,0
"39151","5","518210","78","0","2022","2","N",26,0,0,0,0,0,0,0,"N",0.72,0,0,0,0,0,0,0,"N",6,30.0,0,0,0,0,0,0,0,0,0,0,0,0,0,0
"39153","3","518210","78","0","2022","2","",4,95,94,94,1489549,0,0,1215,"",29.61,20.20,19.90,20.15,18.69,0.00,0.00,0.93,"",0,0.0,8,9.2,4,4.4,6,6.8,159772,12.0,0,0.0,0,0.0,57,4.9
"39153","5","518210","78","0","2022","2","",61,444,447,445,11103660,750352,16875,1918,"",1.00,0.56,0.56,0.55,0.43,0.52,0.52,0.77,"",14,29.8,-21,-4.5,-12,-2.6,-26,-5.5,807637,7.8,351796,88.3,7021,71.3,215,12.6
"39155","3","518210","78","0","2022","2","",1,2,2,3,43263,0,0,1426,"",26.02,1.76,1.75,2.65,2.77,0.00,0.00,1.35,"N",0,0.0,0,0,0,0,0,0,0,0,0,0,0,0,0,0
"39155","5","518210","78","0","2022","2","N",5,0,0,0,0,0,0,0,"N",0.29,0,0,0,0,0,0,0,"N",3,150.0,0,0,0,0,0,0,0,0,0,0,0,0,0,0
"39157","3","518210","78","0","2022","2","",1,6,6,6,70912,0,0,909,"",47.47,8.96,8.89,8.95,7.78,0.00,0.00,0.87,"N",0,0.0,0,0,0,0,0,0,0,0,0,0,0,0,0,0
"39159","5","518210","78","0","2022","2","N",3,0,0,0,0,0,0,0,"N",0.50,0,0,0,0,0,0,0,"N",0,0.0,0,0,0,0,0,0,0,0,0,0,0,0,0,0
"39161","5","518210","78","0","2022","2","N",1,0,0,0,0,0,0,0,"N",0.40,0,0,0,0,0,0,0,"N",0,0.0,0,0,0,0,0,0,0,0,0,0,0,0,0,0
"39165","5","518210","78","0","2022","2","",40,220,228,234,10822392,376360,9266,3662,"",1.66,0.72,0.73,0.74,1.01,0.61,0.69,1.39,"",9,29.0,180,450.0,183,406.7,191,444.2,9537688,742.4,293454,354.0,7271,364.5,1346,58.1
"39167","5","518210","78","0","2022","2","",5,8,9,9,216616,7333,59,1923,"",0.77,0.10,0.12,0.12,0.09,0.05,0.02,0.80,"",1,25.0,0,0.0,1,12.5,0,0.0,91023,72.5,-1550,-17.4,-36,-37.9,764,65.9
"39169","5","518210","78","0","2022","2","N",3,0,0,0,0,0,0,0,"N",0.26,0,0,0,0,0,0,0,"N",0,0.0,0,0,0,0,0,0,0,0,0,0,0,0,0,0
"39171","5","518210","78","0","2022","2","N",3,0,0,0,0,0,0,0,"N",0.83,0,0,0,0,0,0,0,"N",-1,-25.0,0,0,0,0,0,0,0,0,0,0,0,0,0,0
"39173","5","518210","78","0","2022","2","",13,32,26,28,658571,24163,700,1767,"",0.99,0.14,0.12,0.13,0.10,0.06,0.06,0.77,"",5,62.5,7,28.0,1,4.0,3,12.0,173904,35.9,11367,88.8,327,87.7,276,18.5
"39999","5","518210","78","0","2022","2","",340,1870,1924,1955,57010419,3163236,91700,2288,"",3.74,3.62,3.68,3.70,2.03,2.74,2.85,0.55,"",112,49.1,197,11.8,243,14.5,245,14.3,1456292,2.6,766237,32.0,18510,25.3,-244,-9.6
"40000","3","518210","58","0","2022","2","N",1,0,0,0,0,0,0,0,"N",0.93,0,0,0,0,0,0,0,"N",0,0.0,0,0,0,0,0,0,0,0,0,0,0,0,0,0
"40000","5","518210","58","0","2022","2","",350,1885,1891,1855,34967775,13657102,142247,1433,"",0.72,0.38,0.38,0.37,0.23,0.38,0.50,0.61,"",106,43.4,250,15.3,272,16.8,256,16.0,6680098,23.6,1894543,16.1,-27844,-16.4,88,6.5
"40001","5","518210","78","0","2022","2","N",1,0,0,0,0,0,0,0,"N",0.76,0,0,0,0,0,0,0,"N",0,0.0,0,0,0,0,0,0,0,0,0,0,0,0,0,0
"40009","5","518210","78","0","2022","2","N",1,0,0,0,0,0,0,0,"N",0.32,0,0,0,0,0,0,0,"N",0,0.0,0,0,0,0,0,0,0,0,0,0,0,0,0,0
"40013","5","518210","78","0","2022","2","N",4,0,0,0,0,0,0,0,"N",0.88,0,0,0,0,0,0,0,"N",-1,-20.0,0,0,0,0,0,0,0,0,0,0,0,0,0,0
"40017","5","518210","78","0","2022","2","",12,6,7,7,154341,61867,849,1781,"",0.84,0.06,0.06,0.06,0.05,0.08,0.12,0.83,"",7,140.0,3,100.0,4,133.3,4,133.3,81742,112.6,34297,124.4,490,136.5,-81,-4.4
"40021","5","518210","78","0","2022","2","-",0,0,0,0,0,0,0,0,"N",0.00,0,0,0,0,0,0,0,"N",0,0,0,0,0,0,0,0,0,0,0,0,0,0,0,0
"40027","5","518210","78","0","2022","2","",19,25,23,21,300649,87388,1166,1006,"",0.71,0.09,0.08,0.08,0.04,0.05,0.10,0.48,"",10,111.1,13,108.3,11,91.7,4,23.5,93354,45.0,61352,235.6,875,300.7,-161,-13.8
"40031","5","518210","78","0","2022","2","",6,411,408,410,6144315,3396107,44753,1154,"",0.59,3.32,3.28,3.27,1.82,4.62,7.69,0.55,"",1,20.0,-53,-11.4,-53,-11.5,-53,-11.4,-357659,-5.5,-422107,-11.1,-14921,-25.0,73,6.8
"40037","5","518210","78","0","2022","2","N",2,0,0,0,0,0,0,0,"N",0.30,0,0,0,0,0,0,0,"N",1,100.0,0,0,0,0,0,0,0,0,0,0,0,0,0,0
"40041","5","518210","78","0","2022","2","N",2,0,0,0,0,0,0,0,"N",0.56,0,0,0,0,0,0,0,"N",1,100.0,0,0,0,0,0,0,0,0,0,0,0,0,0,0
"40047","5","518210","78","0","2022","2","N",1,0,0,0,0,0,0,0,"N",0.14,0,0,0,0,0,0,0,"N",0,0.0,0,0,0,0,0,0,0,0,0,0,0,0,0,0
"40049","5","518210","78","0","2022","2","N",2,0,0,0,0,0,0,0,"N",0.60,0,0,0,0,0,0,0,"N",1,100.0,0,0,0,0,0,0,0,0,0,0,0,0,0,0
"40051","5","518210","78","0","2022","2","N",1,0,0,0,0,0,0,0,"N",0.21,0,0,0,0,0,0,0,"N",0,0.0,0,0,0,0,0,0,0,0,0,0,0,0,0,0
"40055","5","518210","78","0","2022","2","N",1,0,0,0,0,0,0,0,"N",2.28,0,0,0,0,0,0,0,"N",1,100.0,0,0,0,0,0,0,0,0,0,0,0,0,0,0
"40067","5","518210","78","0","2022","2","N",1,0,0,0,0,0,0,0,"N",1.76,0,0,0,0,0,0,0,"N",0,0.0,0,0,0,0,0,0,0,0,0,0,0,0,0,0
"40071","5","518210","78","0","2022","2","N",2,0,0,0,0,0,0,0,"N",0.41,0,0,0,0,0,0,0,"N",1,100.0,0,0,0,0,0,0,0,0,0,0,0,0,0,0
"40073","5","518210","78","0","2022","2","N",1,0,0,0,0,0,0,0,"N",0.43,0,0,0,0,0,0,0,"N",0,0.0,0,0,0,0,0,0,0,0,0,0,0,0,0,0
"40079","5","518210","78","0","2022","2","N",3,0,0,0,0,0,0,0,"N",0.74,0,0,0,0,0,0,0,"N",3,100.0,0,0,0,0,0,0,0,0,0,0,0,0,0,0
"40081","5","518210","78","0","2022","2","-",0,0,0,0,0,0,0,0,"N",0.00,0,0,0,0,0,0,0,"N",0,0,0,0,0,0,0,0,0,0,0,0,0,0,0,0
"40083","5","518210","78","0","2022","2","N",2,0,0,0,0,0,0,0,"N",0.60,0,0,0,0,0,0,0,"N",2,100.0,0,0,0,0,0,0,0,0,0,0,0,0,0,0
"40087","5","518210","78","0","2022","2","N",1,0,0,0,0,0,0,0,"N",0.21,0,0,0,0,0,0,0,"N",0,0.0,0,0,0,0,0,0,0,0,0,0,0,0,0,0
"40091","5","518210","78","0","2022","2","-",0,0,0,0,0,0,0,0,"N",0.00,0,0,0,0,0,0,0,"N",0,0,0,0,0,0,0,0,0,0,0,0,0,0,0,0
"40097","5","518210","78","0","2022","2","N",1,0,0,0,0,0,0,0,"N",0.26,0,0,0,0,0,0,0,"N",0,0.0,0,0,0,0,0,0,0,0,0,0,0,0,0,0
"40101","5","518210","78","0","2022","2","N",2,0,0,0,0,0,0,0,"N",0.32,0,0,0,0,0,0,0,"N",1,100.0,0,0,0,0,0,0,0,0,0,0,0,0,0,0
"40105","5","518210","78","0","2022","2","N",1,0,0,0,0,0,0,0,"N",1.44,0,0,0,0,0,0,0,"N",0,0.0,0,0,0,0,0,0,0,0,0,0,0,0,0,0
"40109","3","518210","78","0","2022","2","N",1,0,0,0,0,0,0,0,"N",3.68,0,0,0,0,0,0,0,"N",0,0.0,0,0,0,0,0,0,0,0,0,0,0,0,0,0
"40109","5","518210","78","0","2022","2","",106,723,730,742,13883464,5635278,53624,1460,"",0.86,0.50,0.50,0.51,0.28,0.55,0.69,0.56,"",29,37.7,175,31.9,190,35.2,189,34.2,3911347,39.2,1620396,40.4,-7313,-12.0,58,4.1
"40113","5","518210","78","0","2022","2","N",2,0,0,0,0,0,0,0,"N",0.90,0,0,0,0,0,0,0,"N",0,0.0,0,0,0,0,0,0,0,0,0,0,0,0,0,0
"40115","5","518210","78","0","2022","2","N",1,0,0,0,0,0,0,0,"N",0.33,0,0,0,0,0,0,0,"N",0,0.0,0,0,0,0,0,0,0,0,0,0,0,0,0,0
"40117","5","518210","78","0","2022","2","N",2,0,0,0,0,0,0,0,"N",1.55,0,0,0,0,0,0,0,"N",1,100.0,0,0,0,0,0,0,0,0,0,0,0,0,0,0
"40119","5","518210","78","0","2022","2","N",3,0,0,0,0,0,0,0,"N",0.35,0,0,0,0,0,0,0,"N",1,50.0,0,0,0,0,0,0,0,0,0,0,0,0,0,0
"40121","5","518210","78","0","2022","2","N",1,0,0,0,0,0,0,0,"N",0.24,0,0,0,0,0,0,0,"N",1,100.0,0,0,0,0,0,0,0,0,0,0,0,0,0,0
"40123","5","518210","78","0","2022","2","N",2,0,0,0,0,0,0,0,"N",0.43,0,0,0,0,0,0,0,"N",0,0.0,0,0,0,0,0,0,0,0,0,0,0,0,0,0
"40125","5","518210","78","0","2022","2","N",2,0,0,0,0,0,0,0,"N",0.35,0,0,0,0,0,0,0,"N",1,100.0,0,0,0,0,0,0,0,0,0,0,0,0,0,0
"40127","5","518210","78","0","2022","2","N",1,0,0,0,0,0,0,0,"N",0.91,0,0,0,0,0,0,0,"N",0,0.0,0,0,0,0,0,0,0,0,0,0,0,0,0,0
"40131","5","518210","78","0","2022","2","N",9,0,0,0,0,0,0,0,"N",1.08,0,0,0,0,0,0,0,"N",1,12.5,0,0,0,0,0,0,0,0,0,0,0,0,0,0
"40135","5","518210","78","0","2022","2","-",0,0,0,0,0,0,0,0,"N",0.00,0,0,0,0,0,0,0,"N",0,0,0,0,0,0,0,0,0,0,0,0,0,0,0,0
"40137","5","518210","78","0","2022","2","N",1,0,0,0,0,0,0,0,"N",0.22,0,0,0,0,0,0,0,"N",0,0.0,0,0,0,0,0,0,0,0,0,0,0,0,0,0
"40141","5","518210","78","0","2022","2","N",1,0,0,0,0,0,0,0,"N",1.42,0,0,0,0,0,0,0,"N",-1,-50.0,0,0,0,0,0,0,0,0,0,0,0,0,0,0
"40143","5","518210","78","0","2022","2","",81,301,303,307,7366857,1539226,10734,1866,"",0.83,0.28,0.28,0.28,0.21,0.19,0.16,0.75,"",24,42.1,44,17.1,48,18.8,45,17.2,1148596,18.5,157763,11.4,-6740,-38.6,12,0.6
"40145","5","518210","78","0","2022","2","",3,2,2,6,73776,49835,682,1703,"",0.88,0.07,0.07,0.21,0.09,0.21,0.29,0.80,"N",2,200.0,0,0,0,0,0,0,0,0,0,0,0,0,0,0
"40147","5","518210","78","0","2022","2","",4,3,3,3,93267,35478,573,2391,"",0.73,0.05,0.05,0.05,0.05,0.10,0.19,0.98,"N",3,300.0,0,0,0,0,0,0,0,0,0,0,0,0,0,0
"40151","5","518210","78","0","2022","2","N",1,0,0,0,0,0,0,0,"N",0.82,0,0,0,0,0,0,0,"N",0,0.0,0,0,0,0,0,0,0,0,0,0,0,0,0,0
"40153","5","518210","78","0","2022","2","N",1,0,0,0,0,0,0,0,"N",0.30,0,0,0,0,0,0,0,"N",1,100.0,0,0,0,0,0,0,0,0,0,0,0,0,0,0
"40999","5","518210","78","0","2022","2","",63,233,232,188,3926436,1582583,19842,1388,"",2.15,2.78,2.71,2.24,1.07,2.03,2.22,0.42,"",18,40.0,60,34.7,63,37.3,64,51.6,1428480,57.2,391481,32.9,-901,-4.3,151,12.2
"41000","3","518210","58","0","2022","2","N",6,0,0,0,0,0,0,0,"N",3.75,0,0,0,0,0,0,0,"N",0,0.0,0,0,0,0,0,0,0,0,0,0,0,0,0,0
"41000","5","518210","58","0","2022","2","",522,7750,7871,7898,303371092,114678827,2263567,2977,"",0.72,1.29,1.31,1.29,1.34,1.79,2.02,1.03,"",88,20.3,941,13.8,1034,15.1,970,14.0,55899149,22.6,22708736,24.7,417763,22.6,201,7.2
"41003","5","518210","78","0","2022","2","",14,24,24,24,553762,367709,10835,1775,"",1.11,0.21,0.20,0.20,0.13,0.40,0.74,0.64,"",4,40.0,-2,-7.7,-4,-14.3,-2,-7.7,-85096,-13.3,-21797,-5.6,-1150,-9.6,-68,-3.7
"41005","5","518210","78","0","2022","2","",53,473,472,455,13763104,7006577,151018,2269,"",0.75,0.90,0.89,0.85,0.69,1.10,1.41,0.79,"",13,32.5,-21,-4.3,-29,-5.8,-54,-10.6,-381824,-2.7,80678,1.2,30566,25.4,99,4.6
"41007","5","518210","78","0","2022","2","N",4,0,0,0,0,0,0,0,"N",0.52,0,0,0,0,0,0,0,"N",1,33.3,0,0,0,0,0,0,0,0,0,0,0,0,0,0
"41013","5","518210","78","0","2022","2","N",4,0,0,0,0,0,0,0,"N",1.16,0,0,0,0,0,0,0,"N",1,33.3,0,0,0,0,0,0,0,0,0,0,0,0,0,0
"41015","5","518210","78","0","2022","2","N",1,0,0,0,0,0,0,0,"N",0.27,0,0,0,0,0,0,0,"N",0,0.0,0,0,0,0,0,0,0,0,0,0,0,0,0,0
"41017","3","518210","78","0","2022","2","N",1,0,0,0,0,0,0,0,"N",10.00,0,0,0,0,0,0,0,"N",0,0.0,0,0,0,0,0,0,0,0,0,0,0,0,0,0
"41017","5","518210","78","0","2022","2","",30,51,54,56,1258991,783685,16732,1805,"",0.66,0.19,0.20,0.20,0.13,0.26,0.32,0.69,"",6,25.0,11,27.5,12,28.6,13,30.2,399869,46.5,202613,34.9,2342,16.3,219,13.8
"41019","5","518210","78","0","2022","2","N",3,0,0,0,0,0,0,0,"N",0.21,0,0,0,0,0,0,0,"N",2,200.0,0,0,0,0,0,0,0,0,0,0,0,0,0,0
"41027","5","518210","78","0","2022","2","",3,18,19,18,409543,305077,6406,1718,"",0.51,0.44,0.46,0.42,0.34,0.73,0.92,0.78,"N",0,0.0,0,0,0,0,0,0,0,0,0,0,0,0,0,0
"41029","5","518210","78","0","2022","2","",15,52,50,50,2067842,630769,8810,3139,"",0.44,0.19,0.18,0.18,0.24,0.23,0.18,1.32,"",0,0.0,13,33.3,11,28.2,9,22.0,487718,30.9,102162,19.3,800,10.0,75,2.4
"41033","5","518210","78","0","2022","2","",5,10,11,11,309054,98249,1850,2229,"",0.44,0.11,0.12,0.12,0.12,0.13,0.13,1.09,"",-1,-16.7,-3,-23.1,-1,-8.3,-4,-26.7,-32332,-9.5,-104226,-51.5,-3657,-66.4,259,13.1
"41035","5","518210","78","0","2022","2","N",2,0,0,0,0,0,0,0,"N",0.21,0,0,0,0,0,0,0,"N",0,0.0,0,0,0,0,0,0,0,0,0,0,0,0,0,0
"41039","5","518210","78","0","2022","2","N",29,0,0,0,0,0,0,0,"N",0.52,0,0,0,0,0,0,0,"N",7,31.8,0,0,0,0,0,0,0,0,0,0,0,0,0,0
"41041","5","518210","78","0","2022","2","N",1,0,0,0,0,0,0,0,"N",0.12,0,0,0,0,0,0,0,"N",-1,-50.0,0,0,0,0,0,0,0,0,0,0,0,0,0,0
"41043","5","518210","78","0","2022","2","N",1,0,0,0,0,0,0,0,"N",0.06,0,0,0,0,0,0,0,"N",0,0.0,0,0,0,0,0,0,0,0,0,0,0,0,0,0
"41047","3","518210","78","0","2022","2","N",5,0,0,0,0,0,0,0,"N",45.03,0,0,0,0,0,0,0,"N",0,0.0,0,0,0,0,0,0,0,0,0,0,0,0,0,0
"41047","5","518210","78","0","2022","2","N",17,0,0,0,0,0,0,0,"N",0.34,0,0,0,0,0,0,0,"N",4,30.8,0,0,0,0,0,0,0,0,0,0,0,0,0,0
"41049","5","518210","78","0","2022","2","N",10,0,0,0,0,0,0,0,"N",6.27,0,0,0,0,0,0,0,"N",0,0.0,0,0,0,0,0,0,0,0,0,0,0,0,0,0
"41051","5","518210","78","0","2022","2","",164,2102,2097,2121,73927679,30239249,717614,2699,"",0.99,1.36,1.36,1.36,1.12,1.76,2.38,0.82,"",20,13.9,144,7.4,163,8.4,192,10.0,7444165,11.2,3810097,14.4,96162,15.5,63,2.4
"41053","5","518210","78","0","2022","2","N",5,0,0,0,0,0,0,0,"N",0.53,0,0,0,0,0,0,0,"N",0,0.0,0,0,0,0,0,0,0,0,0,0,0,0,0,0
"41057","5","518210","78","0","2022","2","N",1,0,0,0,0,0,0,0,"N",0.23,0,0,0,0,0,0,0,"N",0,0.0,0,0,0,0,0,0,0,0,0,0,0,0,0,0
"41059","5","518210","78","0","2022","2","N",8,0,0,0,0,0,0,0,"N",0.80,0,0,0,0,0,0,0,"N",0,0.0,0,0,0,0,0,0,0,0,0,0,0,0,0,0
"41061","5","518210","78","0","2022","2","N",1,0,0,0,0,0,0,0,"N",0.24,0,0,0,0,0,0,0,"N",0,0.0,0,0,0,0,0,0,0,0,0,0,0,0,0,0
"41065","5","518210","78","0","2022","2","N",6,0,0,0,0,0,0,0,"N",1.30,0,0,0,0,0,0,0,"N",1,20.0,0,0,0,0,0,0,0,0,0,0,0,0,0,0
"41067","5","518210","78","0","2022","2","",70,2118,2142,2154,82389392,30635777,531444,2964,"",0.76,2.28,2.29,2.27,1.85,2.64,2.64,0.81,"",8,12.9,155,7.9,176,9.0,172,8.7,5625737,7.3,4160642,15.7,57650,12.2,-33,-1.1
"41071","5","518210","78","0","2022","2","N",4,0,0,0,0,0,0,0,"N",0.27,0,0,0,0,0,0,0,"N",1,33.3,0,0,0,0,0,0,0,0,0,0,0,0,0,0
"41999","5","518210","78","0","2022","2","",71,856,860,855,42956259,11946085,236608,3856,"",1.99,8.97,9.00,8.84,7.51,7.35,7.53,0.84,"",22,44.9,105,14.0,108,14.4,98,12.9,19304012,81.6,2010874,20.2,4805,2.1,1441,59.7
"42000","1","518210","58","0","2022","2","",1,1219,1211,1208,20850181,0,0,1323,"",29.88,25.55,25.53,25.53,26.34,0.00,0.00,1.03,"",0,0.0,3,0.2,4,0.3,0,0.0,844370,4.2,0,0.0,0,0.0,52,4.1
"42000","2","518210","58","0","2022","2","N",1,0,0,0,0,0,0,0,"N",1.57,0,0,0,0,0,0,0,"N",0,0.0,0,0,0,0,0,0,0,0,0,0,0,0,0,0
"42000","5","518210","58","0","2022","2","",1793,13575,13703,13909,387833397,20436299,712760,2173,"",1.17,0.76,0.76,0.76,0.57,0.58,0.66,0.75,"",375,26.4,1685,14.2,1752,14.7,1679,13.7,59791119,18.2,3471022,20.5,72403,11.3,74,3.5
"42001","5","518210","78","0","2022","2","",3,3,3,3,36443,3638,354,934,"",0.35,0.03,0.03,0.03,0.01,0.02,0.06,0.42,"N",2,200.0,0,0,0,0,0,0,0,0,0,0,0,0,0,0
"42003","5","518210","78","0","2022","2","",115,1781,1821,1836,60923755,1921710,63485,2585,"",0.79,0.88,0.89,0.89,0.72,0.53,0.56,0.81,"",13,12.7,78,4.6,105,6.1,98,5.6,4935886,8.8,339546,21.5,7625,13.7,80,3.2
"42005","5","518210","78","0","2022","2","",6,121,120,120,2598275,20000,701,1661,"",1.00,2.51,2.46,2.47,1.98,0.21,0.23,0.80,"",0,0.0,0,0.0,1,0.8,2,1.7,186476,7.7,-36557,-64.6,-1622,-69.8,106,6.8
"42007","5","518210","78","0","2022","2","N",1,0,0,0,0,0,0,0,"N",0.07,0,0,0,0,0,0,0,"N",-1,-50.0,0,0,0,0,0,0,0,0,0,0,0,0,0,0
"42009","5","518210","78","0","2022","2","N",2,0,0,0,0,0,0,0,"N",0.41,0,0,0,0,0,0,0,"N",0,0.0,0,0,0,0,0,0,0,0,0,0,0,0,0,0
"42011","5","518210","78","0","2022","2","",7,95,95,96,1420589,363163,7093,1146,"",0.20,0.18,0.18,0.18,0.08,0.35,0.24,0.45,"N",1,16.7,0,0,0,0,0,0,0,0,0,0,0,0,0,0
"42013","5","518210","78","0","2022","2","N",2,0,0,0,0,0,0,0,"N",0.14,0,0,0,0,0,0,0,"N",-1,-33.3,0,0,0,0,0,0,0,0,0,0,0,0,0,0
"42017","5","518210","78","0","2022","2","",57,799,798,789,18726117,1272660,45307,1811,"",0.68,0.99,0.97,0.95,0.65,0.73,0.88,0.67,"",3,5.6,-22,-2.7,4,0.5,-5,-0.6,2482749,15.3,-281597,-18.1,-20811,-31.5,255,16.4
"42019","5","518210","78","0","2022","2","",9,171,173,175,4951914,115740,3324,2202,"",0.43,0.66,0.65,0.66,0.55,0.22,0.19,0.84,"",0,0.0,0,0.0,1,0.6,-2,-1.1,90143,1.9,15930,16.0,-177,-5.1,44,2.0
"42021","5","518210","78","0","2022","2","N",2,0,0,0,0,0,0,0,"N",0.15,0,0,0,0,0,0,0,"N",2,100.0,0,0,0,0,0,0,0,0,0,0,0,0,0,0
"42025","5","518210","78","0","2022","2","N",3,0,0,0,0,0,0,0,"N",0.58,0,0,0,0,0,0,0,"N",1,50.0,0,0,0,0,0,0,0,0,0,0,0,0,0,0
"42027","5","518210","78","0","2022","2","",7,75,72,76,1713369,17582,627,1773,"",0.48,0.37,0.36,0.36,0.24,0.05,0.06,0.66,"",-2,-22.2,-4,-5.1,-8,-10.0,-3,-3.8,24945,1.5,-98468,-84.8,-4195,-87.0,136,8.3
"42029","5","518210","78","0","2022","2","",67,1168,1168,1155,41233983,1143912,35844,2726,"",1.03,1.54,1.53,1.50,1.12,0.81,0.87,0.73,"",8,13.6,88,8.1,82,7.6,57,5.2,7666070,22.8,200549,21.3,4389,14.0,353,14.9
"42033","5","518210","78","0","2022","2","N",1,0,0,0,0,0,0,0,"N",0.12,0,0,0,0,0,0,0,"N",1,100.0,0,0,0,0,0,0,0,0,0,0,0,0,0,0
"42037","5","518210","78","0","2022","2","N",2,0,0,0,0,0,0,0,"N",0.32,0,0,0,0,0,0,0,"N",1,100.0,0,0,0,0,0,0,0,0,0,0,0,0,0,0
"42039","5","518210","78","0","2022","2","N",2,0,0,0,0,0,0,0,"N",0.23,0,0,0,0,0,0,0,"N",0,0.0,0,0,0,0,0,0,0,0,0,0,0,0,0,0
"42041","5","518210","78","0","2022","2","",18,293,294,295,8625314,344840,16242,2257,"",0.65,0.71,0.70,0.70,0.60,0.39,0.68,0.85,"",1,5.9,-30,-9.3,-28,-8.7,-25,-7.8,707773,8.9,286888,495.0,13114,419.2,364,19.2
"42043","2","518210","78","0","2022","2","N",1,0,0,0,0,0,0,0,"N",79.32,0,0,0,0,0,0,0,"N",0,0.0,0,0,0,0,0,0,0,0,0,0,0,0,0,0
"42043","5","518210","78","0","2022","2","",19,272,268,289,4024620,388462,15852,1120,"",0.63,0.49,0.47,0.50,0.19,0.40,0.57,0.40,"",0,0.0,49,22.0,47,21.3,63,27.9,471959,13.3,138455,55.4,5270,49.8,-104,-8.5
"42045","5","518210","78","0","2022","2","",27,116,117,118,3341446,120877,3505,2197,"",0.47,0.17,0.17,0.17,0.13,0.09,0.09,0.74,"",4,17.4,29,33.3,30,34.5,26,28.3,1006568,43.1,13765,12.9,-342,-8.9,171,8.4
"42049","5","518210","78","0","2022","2","N",6,0,0,0,0,0,0,0,"N",0.22,0,0,0,0,0,0,0,"N",2,50.0,0,0,0,0,0,0,0,0,0,0,0,0,0,0
"42055","5","518210","78","0","2022","2","",5,16,16,16,427191,6283,384,2054,"",0.37,0.09,0.09,0.09,0.08,0.02,0.04,0.91,"N",1,25.0,0,0,0,0,0,0,0,0,0,0,0,0,0,0
"42059","5","518210","78","0","2022","2","N",1,0,0,0,0,0,0,0,"N",0.31,0,0,0,0,0,0,0,"N",0,0.0,0,0,0,0,0,0,0,0,0,0,0,0,0,0
"42063","5","518210","78","0","2022","2","N",2,0,0,0,0,0,0,0,"N",0.25,0,0,0,0,0,0,0,"N",1,100.0,0,0,0,0,0,0,0,0,0,0,0,0,0,0
"42069","5","518210","78","0","2022","2","",7,18,19,19,317129,24614,1213,1307,"",0.32,0.06,0.06,0.06,0.04,0.04,0.06,0.58,"",-1,-12.5,3,20.0,3,18.8,3,18.8,106461,50.5,14152,135.3,720,146.0,273,26.4
"42071","5","518210","78","0","2022","2","",11,90,90,91,2021428,77775,2311,1721,"",0.19,0.12,0.12,0.12,0.08,0.05,0.06,0.71,"",3,37.5,5,5.9,5,5.9,4,4.6,383010,23.4,-21713,-21.8,408,21.4,250,17.0
"42073","5","518210","78","0","2022","2","N",1,0,0,0,0,0,0,0,"N",0.12,0,0,0,0,0,0,0,"N",0,0.0,0,0,0,0,0,0,0,0,0,0,0,0,0,0
"42075","5","518210","78","0","2022","2","",3,6,6,6,99852,3784,49,1280,"",0.26,0.04,0.04,0.04,0.02,0.01,0.01,0.55,"",-2,-40.0,-7,-53.8,-6,-50.0,-5,-45.5,-44859,-31.0,-10461,-73.4,-367,-88.2,352,37.9
"42077","5","518210","78","0","2022","2","",24,255,249,242,3749388,520856,14201,1160,"",0.67,0.42,0.41,0.39,0.17,0.45,0.42,0.41,"",-2,-7.7,-43,-14.4,-68,-21.5,-51,-17.4,-517051,-12.1,-193370,-27.1,-4427,-23.8,76,7.0
"42079","1","518210","78","0","2022","2","",1,1219,1211,1208,20850181,0,0,1323,"",1529.82,1042.37,1044.44,1048.62,1344.84,0.00,0.00,1.29,"",0,0.0,3,0.2,4,0.3,0,0.0,844370,4.2,0,0.0,0,0.0,52,4.1
"42079","5","518210","78","0","2022","2","",11,171,175,174,2571124,159337,5756,1141,"",0.37,0.39,0.39,0.39,0.19,0.16,0.17,0.49,"",0,0.0,77,81.9,76,76.8,74,74.0,1021496,65.9,-13319,-7.7,315,5.8,-79,-6.5
"42081","5","518210","78","0","2022","2","N",2,0,0,0,0,0,0,0,"N",0.16,0,0,0,0,0,0,0,"N",0,0.0,0,0,0,0,0,0,0,0,0,0,0,0,0,0
"42085","5","518210","78","0","2022","2","N",2,0,0,0,0,0,0,0,"N",0.18,0,0,0,0,0,0,0,"N",0,0.0,0,0,0,0,0,0,0,0,0,0,0,0,0,0
"42089","5","518210","78","0","2022","2","N",3,0,0,0,0,0,0,0,"N",0.21,0,0,0,0,0,0,0,"N",0,0.0,0,0,0,0,0,0,0,0,0,0,0,0,0,0
"42091","5","518210","78","0","2022","2","",101,2502,2503,2497,48451427,3385034,95366,1490,"",0.88,1.63,1.61,1.59,0.69,1.14,1.05,0.43,"",0,0.0,-25,-1.0,-15,-0.6,-28,-1.1,-53984,-0.1,-32733,-1.0,-18877,-16.5,11,0.7
"42095","5","518210","78","0","2022","2","",29,778,763,779,14826484,1324523,61218,1475,"",1.04,2.14,2.08,2.11,1.27,1.74,2.65,0.60,"",4,16.0,123,18.8,106,16.1,34,4.6,1844339,14.2,166280,14.4,6625,12.1,19,1.3
"42097","5","518210","78","0","2022","2","N",1,0,0,0,0,0,0,0,"N",0.14,0,0,0,0,0,0,0,"N",0,0.0,0,0,0,0,0,0,0,0,0,0,0,0,0,0
"42099","5","518210","78","0","2022","2","-",0,0,0,0,0,0,0,0,"N",0.00,0,0,0,0,0,0,0,"N",0,0,0,0,0,0,0,0,0,0,0,0,0,0,0,0
"42101","5","518210","78","0","2022","2","",94,526,538,554,14956648,740238,27664,2133,"",0.68,0.25,0.25,0.26,0.16,0.21,0.25,0.64,"",13,16.0,9,1.7,2,0.4,13,2.4,536998,3.7,-123980,-14.3,-4571,-14.2,45,2.2
"42103","5","518210","78","0","2022","2","N",3,0,0,0,0,0,0,0,"N",0.67,0,0,0,0,0,0,0,"N",1,50.0,0,0,0,0,0,0,0,0,0,0,0,0,0,0
"42111","5","518210","78","0","2022","2","N",1,0,0,0,0,0,0,0,"N",0.14,0,0,0,0,0,0,0,"N",0,0.0,0,0,0,0,0,0,0,0,0,0,0,0,0,0
"42115","5","518210","78","0","2022","2","N",2,0,0,0,0,0,0,0,"N",0.50,0,0,0,0,0,0,0,"N",1,100.0,0,0,0,0,0,0,0,0,0,0,0,0,0,0
"42117","5","518210","78","0","2022","2","N",2,0,0,0,0,0,0,0,"N",0.49,0,0,0,0,0,0,0,"N",1,100.0,0,0,0,0,0,0,0,0,0,0,0,0,0,0
"42119","5","518210","78","0","2022","2","N",1,0,0,0,0,0,0,0,"N",0.24,0,0,0,0,0,0,0,"N",0,0.0,0,0,0,0,0,0,0,0,0,0,0,0,0,0
"42121","5","518210","78","0","2022","2","N",1,0,0,0,0,0,0,0,"N",0.20,0,0,0,0,0,0,0,"N",1,100.0,0,0,0,0,0,0,0,0,0,0,0,0,0,0
"42123","5","518210","78","0","2022","2","N",1,0,0,0,0,0,0,0,"N",0.25,0,0,0,0,0,0,0,"N",0,0.0,0,0,0,0,0,0,0,0,0,0,0,0,0,0
"42125","5","518210","78","0","2022","2","",7,77,76,75,2713098,64191,1682,2746,"",0.31,0.30,0.29,0.28,0.30,0.12,0.09,1.03,"",2,40.0,14,22.2,13,20.6,10,15.4,2063967,318.0,52055,428.9,1484,749.5,1962,250.3
"42127","5","518210","78","0","2022","2","N",2,0,0,0,0,0,0,0,"N",0.35,0,0,0,0,0,0,0,"N",0,0.0,0,0,0,0,0,0,0,0,0,0,0,0,0,0
"42129","5","518210","78","0","2022","2","",8,26,27,28,583898,25466,898,1664,"",0.22,0.07,0.07,0.07,0.05,0.03,0.03,0.72,"",1,14.3,3,13.0,5,22.7,7,33.3,-522323,-47.2,10001,64.7,187,26.3,-2204,-57.0
"42131","5","518210","78","0","2022","2","N",1,0,0,0,0,0,0,0,"N",0.35,0,0,0,0,0,0,0,"N",-1,-50.0,0,0,0,0,0,0,0,0,0,0,0,0,0,0
"42133","5","518210","78","0","2022","2","",9,12,13,14,298767,24603,860,1768,"",0.24,0.02,0.02,0.03,0.02,0.02,0.03,0.71,"N",0,0.0,0,0,0,0,0,0,0,0,0,0,0,0,0,0
"42999","5","518210","78","0","2022","2","",1102,4002,4101,4237,145223755,7838382,289755,2716,"",5.49,4.71,4.75,4.89,2.80,3.70,3.83,0.59,"",319,40.7,1292,47.7,1354,49.3,1347,46.6,36131290,33.1,2841657,56.9,78305,37.0,-300,-9.9
"44000","5","518210","58","0","2022","2","",337,692,703,715,32796540,4044001,77227,3587,"",1.84,0.47,0.47,0.47,0.59,0.41,0.34,1.27,"",128,61.2,112,19.3,127,22.0,121,20.4,13684855,71.6,733360,22.2,4948,6.8,1067,42.3
"44001","5","518210","78","0","2022","2","",14,16,17,19,946467,89171,1127,4200,"",1.76,0.36,0.38,0.42,0.69,0.31,0.17,1.79,"",7,100.0,7,77.8,9,112.5,11,137.5,394794,71.6,66996,302.1,530,88.8,-892,-17.5
"44003","5","518210","78","0","2022","2","",25,88,85,82,11706441,572408,14531,10594,"",0.98,0.39,0.37,0.35,1.57,0.35,0.39,4.25,"",0,0.0,15,20.5,11,14.9,12,17.1,10375534,779.6,43884,8.3,102,0.7,9179,648.7
"44005","5","518210","78","0","2022","2","",21,28,29,30,930765,173866,2917,2469,"",1.31,0.22,0.23,0.22,0.20,0.22,0.14,0.89,"",9,75.0,7,33.3,9,45.0,9,42.9,388589,71.7,43932,33.8,-351,-10.7,451,22.3
"44007","5","518210","78","0","2022","2","",103,257,258,259,7296125,1651897,30614,2175,"",1.18,0.29,0.29,0.29,0.22,0.30,0.25,0.75,"",50,94.3,-27,-9.5,-21,-7.5,-23,-8.2,105127,1.5,-39228,-2.3,-5319,-14.8,211,10.7
"44009","5","518210","78","0","2022","2","",20,67,67,69,3417325,222523,4516,3885,"",0.95,0.40,0.39,0.38,0.60,0.18,0.16,1.54,"",10,100.0,19,39.6,16,31.4,11,19.0,214594,6.7,-9857,-4.2,-521,-10.3,-823,-17.5
"44999","5","518210","78","0","2022","2","",154,236,247,256,8499417,1334136,23522,2654,"",6.06,5.44,5.44,5.75,3.14,3.62,2.56,0.57,"",52,51.0,91,62.8,103,71.5,101,65.2,2206217,35.1,627633,88.8,10507,80.7,-617,-18.9
"45000","5","518210","58","0","2022","2","",1068,4239,4268,4314,105072940,13297849,145094,1891,"",1.64,0.63,0.63,0.63,0.50,0.54,0.64,0.79,"",317,42.2,382,9.9,424,11.0,485,12.7,11359646,12.1,2536789,23.6,9048,6.7,15,0.8
"45003","5","518210","78","0","2022","2","",4,9,10,10,280252,17396,0,2230,"",0.30,0.05,0.05,0.05,0.05,0.03,0.00,0.90,"",0,0.0,-1,-10.0,1,11.1,1,11.1,21390,8.3,17396,100.0,0,0.0,97,4.5
"45007","5","518210","78","0","2022","2","",11,52,56,57,1049403,167849,134,1468,"",0.67,0.24,0.26,0.26,0.18,0.21,0.02,0.70,"",2,22.2,14,36.8,19,51.4,18,46.2,384492,57.8,21838,15.0,-528,-79.8,122,9.1
"45011","5","518210","78","0","2022","2","N",1,0,0,0,0,0,0,0,"N",0.61,0,0,0,0,0,0,0,"N",0,0.0,0,0,0,0,0,0,0,0,0,0,0,0,0,0
"45013","5","518210","78","0","2022","2","",22,27,24,24,805964,43888,209,2480,"",0.78,0.13,0.11,0.11,0.13,0.05,0.04,1.12,"",8,57.1,-23,-46.0,-25,-51.0,-21,-46.7,199662,32.9,-112059,-71.9,-835,-80.0,1508,155.1
"45015","5","518210","78","0","2022","2","N",24,0,0,0,0,0,0,0,"N",1.39,0,0,0,0,0,0,0,"N",13,118.2,0,0,0,0,0,0,0,0,0,0,0,0,0,0
"45017","5","518210","78","0","2022","2","N",1,0,0,0,0,0,0,0,"N",0.92,0,0,0,0,0,0,0,"N",0,0.0,0,0,0,0,0,0,0,0,0,0,0,0,0,0
"45019","5","518210","78","0","2022","2","",133,844,845,847,24463636,3319496,28798,2226,"",1.70,1.05,1.03,1.02,0.85,1.16,1.19,0.82,"",28,26.7,31,3.8,45,5.6,19,2.3,-3253102,-11.7,468729,16.4,-194,-0.7,-394,-15.0
"45021","5","518210","78","0","2022","2","-",0,0,0,0,0,0,0,0,"N",0.00,0,0,0,0,0,0,0,"N",0,0,0,0,0,0,0,0,0,0,0,0,0,0,0,0
"45023","5","518210","78","0","2022","2","",3,5,5,5,141849,9544,38,2182,"",1.28,0.17,0.17,0.16,0.16,0.09,0.05,0.98,"",0,0.0,3,150.0,2,66.7,0,0.0,75368,113.4,-13119,-57.9,-73,-65.8,648,42.2
"45025","5","518210","78","0","2022","2","N",1,0,0,0,0,0,0,0,"N",0.34,0,0,0,0,0,0,0,"N",1,100.0,0,0,0,0,0,0,0,0,0,0,0,0,0,0
"45027","5","518210","78","0","2022","2","N",1,0,0,0,0,0,0,0,"N",0.40,0,0,0,0,0,0,0,"N",0,0.0,0,0,0,0,0,0,0,0,0,0,0,0,0,0
"45029","5","518210","78","0","2022","2","N",1,0,0,0,0,0,0,0,"N",0.31,0,0,0,0,0,0,0,"N",0,0.0,0,0,0,0,0,0,0,0,0,0,0,0,0,0
"45031","5","518210","78","0","2022","2","N",2,0,0,0,0,0,0,0,"N",0.43,0,0,0,0,0,0,0,"N",0,0.0,0,0,0,0,0,0,0,0,0,0,0,0,0,0
"45033","5","518210","78","0","2022","2","N",2,0,0,0,0,0,0,0,"N",1.00,0,0,0,0,0,0,0,"N",1,100.0,0,0,0,0,0,0,0,0,0,0,0,0,0,0
"45035","5","518210","78","0","2022","2","N",10,0,0,0,0,0,0,0,"N",0.85,0,0,0,0,0,0,0,"N",1,11.1,0,0,0,0,0,0,0,0,0,0,0,0,0,0
"45039","5","518210","78","0","2022","2","N",2,0,0,0,0,0,0,0,"N",1.32,0,0,0,0,0,0,0,"N",0,0.0,0,0,0,0,0,0,0,0,0,0,0,0,0,0
"45041","5","518210","78","0","2022","2","N",6,0,0,0,0,0,0,0,"N",0.43,0,0,0,0,0,0,0,"N",2,50.0,0,0,0,0,0,0,0,0,0,0,0,0,0,0
"45043","5","518210","78","0","2022","2","",6,36,36,38,639182,186234,1076,1341,"",0.69,0.46,0.46,0.47,0.31,0.63,0.35,0.66,"",-1,-14.3,11,44.0,10,38.5,10,35.7,363095,131.5,38716,26.2,-586,-35.3,535,66.4
"45045","5","518210","78","0","2022","2","",98,335,331,351,8135045,902670,7319,1846,"",1.37,0.38,0.37,0.39,0.28,0.26,0.25,0.73,"",25,34.2,-2,-0.6,-12,-3.5,14,4.2,463315,6.0,93914,11.6,2433,49.8,105,6.0
"45047","5","518210","78","0","2022","2","N",3,0,0,0,0,0,0,0,"N",0.50,0,0,0,0,0,0,0,"N",0,0.0,0,0,0,0,0,0,0,0,0,0,0,0,0,0
"45051","5","518210","78","0","2022","2","",46,58,57,60,1599167,129121,428,2109,"",1.05,0.14,0.13,0.14,0.15,0.07,0.02,1.14,"",11,31.4,23,65.7,19,50.0,20,50.0,662385,70.7,-36243,-21.9,3,0.7,196,10.2
"45053","5","518210","78","0","2022","2","N",2,0,0,0,0,0,0,0,"N",0.61,0,0,0,0,0,0,0,"N",1,100.0,0,0,0,0,0,0,0,0,0,0,0,0,0,0
"45055","5","518210","78","0","2022","2","",5,6,7,8,120077,38658,847,1320,"",0.87,0.11,0.13,0.14,0.09,0.18,0.53,0.68,"N",3,150.0,0,0,0,0,0,0,0,0,0,0,0,0,0,0
"45057","5","518210","78","0","2022","2","",12,19,18,19,302969,64965,166,1248,"",1.61,0.23,0.21,0.22,0.11,0.22,0.09,0.48,"",3,33.3,-8,-29.6,-9,-33.3,-9,-32.1,-21814,-6.7,-68194,-51.2,-209,-55.7,334,36.5
"45059","5","518210","78","0","2022","2","N",1,0,0,0,0,0,0,0,"N",0.26,0,0,0,0,0,0,0,"N",0,0.0,0,0,0,0,0,0,0,0,0,0,0,0,0,0
"45061","5","518210","78","0","2022","2","N",1,0,0,0,0,0,0,0,"N",0.82,0,0,0,0,0,0,0,"N",1,100.0,0,0,0,0,0,0,0,0,0,0,0,0,0,0
"45063","5","518210","78","0","2022","2","",34,160,174,174,3323095,532633,5317,1510,"",1.07,0.41,0.44,0.44,0.29,0.38,0.40,0.68,"",9,36.0,11,7.4,29,20.0,37,27.0,837591,33.7,107718,25.4,631,13.5,179,13.4
"45065","5","518210","78","0","2022","2","-",0,0,0,0,0,0,0,0,"N",0.00,0,0,0,0,0,0,0,"N",0,0,0,0,0,0,0,0,0,0,0,0,0,0,0,0
"45069","5","518210","78","0","2022","2","N",1,0,0,0,0,0,0,0,"N",0.78,0,0,0,0,0,0,0,"N",1,100.0,0,0,0,0,0,0,0,0,0,0,0,0,0,0
"45071","5","518210","78","0","2022","2","",4,3,3,3,69344,10328,47,1778,"",1.14,0.06,0.06,0.06,0.06,0.06,0.04,0.90,"N",1,33.3,0,0,0,0,0,0,0,0,0,0,0,0,0,0
"45073","5","518210","78","0","2022","2","",5,21,21,24,670604,55685,607,2345,"",0.67,0.28,0.28,0.32,0.30,0.21,0.24,1.01,"N",1,25.0,0,0,0,0,0,0,0,0,0,0,0,0,0,0
"45075","5","518210","78","0","2022","2","N",2,0,0,0,0,0,0,0,"N",0.29,0,0,0,0,0,0,0,"N",2,100.0,0,0,0,0,0,0,0,0,0,0,0,0,0,0
"45077","5","518210","78","0","2022","2","",12,58,58,58,1144846,84713,1042,1518,"",1.13,0.50,0.51,0.51,0.37,0.23,0.47,0.73,"",5,71.4,52,866.7,52,866.7,52,866.7,931916,437.7,58234,219.9,973,1410.1,-1212,-44.4
"45079","5","518210","78","0","2022","2","",62,307,307,301,5659760,1093353,17620,1427,"",1.33,0.45,0.45,0.44,0.26,0.51,0.82,0.57,"",16,34.8,-77,-20.1,-69,-18.4,-46,-13.3,-336233,-5.6,62819,6.1,-6098,-25.7,177,14.2
"45083","5","518210","78","0","2022","2","",13,37,38,39,1087554,103517,1962,2202,"",0.44,0.08,0.08,0.08,0.07,0.06,0.13,0.90,"",0,0.0,23,164.3,13,52.0,14,56.0,563087,107.4,-86991,-45.7,931,90.3,311,16.4
"45085","5","518210","78","0","2022","2","N",2,0,0,0,0,0,0,0,"N",0.23,0,0,0,0,0,0,0,"N",0,0.0,0,0,0,0,0,0,0,0,0,0,0,0,0,0
"45087","5","518210","78","0","2022","2","N",1,0,0,0,0,0,0,0,"N",0.52,0,0,0,0,0,0,0,"N",1,100.0,0,0,0,0,0,0,0,0,0,0,0,0,0,0
"45089","5","518210","78","0","2022","2","N",2,0,0,0,0,0,0,0,"N",0.82,0,0,0,0,0,0,0,"N",1,100.0,0,0,0,0,0,0,0,0,0,0,0,0,0,0
"45091","5","518210","78","0","2022","2","",44,686,691,692,19158421,959765,5169,2137,"",1.43,2.18,2.17,2.15,1.89,0.80,0.46,0.87,"",6,15.8,-15,-2.1,-8,-1.1,-11,-1.6,562051,3.0,226921,31.0,135,2.7,96,4.7
"45999","5","518210","78","0","2022","2","",488,1469,1477,1487,33678882,5084306,71719,1753,"",4.74,5.49,5.43,5.43,2.39,3.94,4.71,0.44,"",175,55.9,302,25.9,308,26.3,327,28.2,8782582,35.3,1457540,40.2,11605,19.3,110,6.7
"46000","2","518210","58","0","2022","2","N",5,0,0,0,0,0,0,0,"N",78.47,0,0,0,0,0,0,0,"N",-1,-16.7,0,0,0,0,0,0,0,0,0,0,0,0,0,0
"46000","5","518210","58","0","2022","2","",217,322,323,324,7907068,1143354,11405,1883,"",1.42,0.24,0.23,0.23,0.19,0.24,0.31,0.82,"",68,45.6,99,44.4,95,41.7,89,37.9,931731,13.4,519537,83.3,4467,64.4,-463,-19.7
"46003","5","518210","78","0","2022","2","N",1,0,0,0,0,0,0,0,"N",2.36,0,0,0,0,0,0,0,"N",1,100.0,0,0,0,0,0,0,0,0,0,0,0,0,0,0
"46005","5","518210","78","0","2022","2","N",2,0,0,0,0,0,0,0,"N",0.74,0,0,0,0,0,0,0,"N",2,100.0,0,0,0,0,0,0,0,0,0,0,0,0,0,0
"46007","5","518210","78","0","2022","2","N",1,0,0,0,0,0,0,0,"N",2.69,0,0,0,0,0,0,0,"N",0,0.0,0,0,0,0,0,0,0,0,0,0,0,0,0,0
"46009","2","518210","78","0","2022","2","N",1,0,0,0,0,0,0,0,"N",2618.89,0,0,0,0,0,0,0,"N",0,0.0,0,0,0,0,0,0,0,0,0,0,0,0,0,0
"46011","5","518210","78","0","2022","2","",9,15,15,11,388928,65233,539,2189,"",1.78,0.26,0.26,0.19,0.23,0.36,0.38,0.98,"",0,0.0,6,66.7,6,66.7,3,37.5,167087,75.3,25893,65.8,89,19.8,220,11.2
"46013","5","518210","78","0","2022","2","",6,14,13,12,162801,56626,310,963,"",1.00,0.23,0.21,0.19,0.09,0.27,0.20,0.44,"",-1,-14.3,2,16.7,1,8.3,0,0.0,-3481,-2.1,14477,34.3,134,76.1,-103,-9.7
"46019","5","518210","78","0","2022","2","N",1,0,0,0,0,0,0,0,"N",0.57,0,0,0,0,0,0,0,"N",0,0.0,0,0,0,0,0,0,0,0,0,0,0,0,0,0
"46025","5","518210","78","0","2022","2","-",0,0,0,0,0,0,0,0,"N",0.00,0,0,0,0,0,0,0,"N",0,0,0,0,0,0,0,0,0,0,0,0,0,0,0,0
"46027","5","518210","78","0","2022","2","N",1,0,0,0,0,0,0,0,"N",0.55,0,0,0,0,0,0,0,"N",1,100.0,0,0,0,0,0,0,0,0,0,0,0,0,0,0
"46029","5","518210","78","0","2022","2","N",2,0,0,0,0,0,0,0,"N",0.37,0,0,0,0,0,0,0,"N",0,0.0,0,0,0,0,0,0,0,0,0,0,0,0,0,0
"46033","5","518210","78","0","2022","2","N",2,0,0,0,0,0,0,0,"N",1.25,0,0,0,0,0,0,0,"N",2,100.0,0,0,0,0,0,0,0,0,0,0,0,0,0,0
"46035","5","518210","78","0","2022","2","N",2,0,0,0,0,0,0,0,"N",0.62,0,0,0,0,0,0,0,"N",0,0.0,0,0,0,0,0,0,0,0,0,0,0,0,0,0
"46037","5","518210","78","0","2022","2","N",1,0,0,0,0,0,0,0,"N",1.02,0,0,0,0,0,0,0,"N",1,100.0,0,0,0,0,0,0,0,0,0,0,0,0,0,0
"46039","5","518210","78","0","2022","2","N",1,0,0,0,0,0,0,0,"N",1.32,0,0,0,0,0,0,0,"N",1,100.0,0,0,0,0,0,0,0,0,0,0,0,0,0,0
"46047","5","518210","78","0","2022","2","N",1,0,0,0,0,0,0,0,"N",0.79,0,0,0,0,0,0,0,"N",0,0.0,0,0,0,0,0,0,0,0,0,0,0,0,0,0
"46061","5","518210","78","0","2022","2","N",4,0,0,0,0,0,0,0,"N",9.27,0,0,0,0,0,0,0,"N",2,100.0,0,0,0,0,0,0,0,0,0,0,0,0,0,0
"46065","2","518210","78","0","2022","2","N",1,0,0,0,0,0,0,0,"N",656.15,0,0,0,0,0,0,0,"N",0,0.0,0,0,0,0,0,0,0,0,0,0,0,0,0,0
"46065","5","518210","78","0","2022","2","",6,20,18,19,416058,24325,71,1684,"",1.64,0.62,0.54,0.56,0.40,0.28,0.12,0.70,"",0,0.0,-1,-4.8,-2,-10.0,-1,-5.0,-33257,-7.4,-7555,-23.7,7,10.9,-16,-0.9
"46077","5","518210","78","0","2022","2","N",1,0,0,0,0,0,0,0,"N",0.97,0,0,0,0,0,0,0,"N",0,0.0,0,0,0,0,0,0,0,0,0,0,0,0,0,0
"46079","5","518210","78","0","2022","2","",3,5,5,4,180824,0,0,2981,"",1.59,0.32,0.31,0.24,0.40,0.00,0.00,1.38,"",0,0.0,2,66.7,1,25.0,0,0.0,60409,50.2,0,0.0,0,0.0,455,18.0
"46081","5","518210","78","0","2022","2","",13,16,15,14,468507,33336,379,2403,"",2.17,0.41,0.38,0.34,0.44,0.22,0.38,1.16,"",7,116.7,11,220.0,9,150.0,7,100.0,357217,321.0,2124,6.8,15,4.1,976,68.4
"46083","5","518210","78","0","2022","2","",17,14,13,14,337744,50644,490,1901,"",1.80,0.16,0.15,0.16,0.12,0.16,0.16,0.74,"",5,41.7,4,40.0,3,30.0,4,40.0,94789,39.0,1570,3.2,17,3.6,32,1.7
"46093","5","518210","78","0","2022","2","",5,8,8,9,225024,2923,45,2077,"",1.29,0.34,0.33,0.35,0.32,0.04,0.07,0.95,"",1,25.0,6,300.0,5,166.7,5,125.0,175582,355.1,-12214,-80.7,-148,-76.7,809,63.8
"46099","2","518210","78","0","2022","2","N",1,0,0,0,0,0,0,0,"N",64.80,0,0,0,0,0,0,0,"N",0,0.0,0,0,0,0,0,0,0,0,0,0,0,0,0,0
"46099","5","518210","78","0","2022","2","",88,146,147,148,3708009,530861,6125,1940,"",2.37,0.36,0.36,0.36,0.27,0.39,0.60,0.75,"",26,41.9,41,39.0,38,34.9,36,32.1,1036877,38.8,274777,107.3,1872,44.0,49,2.6
"46101","5","518210","78","0","2022","2","N",1,0,0,0,0,0,0,0,"N",1.21,0,0,0,0,0,0,0,"N",0,0.0,0,0,0,0,0,0,0,0,0,0,0,0,0,0
"46102","5","518210","78","0","2022","2","-",0,0,0,0,0,0,0,0,"N",0.00,0,0,0,0,0,0,0,"N",0,0,0,0,0,0,0,0,0,0,0,0,0,0,0,0
"46103","2","518210","78","0","2022","2","N",1,0,0,0,0,0,0,0,"N",107.33,0,0,0,0,0,0,0,"N",0,0.0,0,0,0,0,0,0,0,0,0,0,0,0,0,0
"46103","5","518210","78","0","2022","2","",39,39,41,42,1239245,168631,1543,2344,"",1.74,0.21,0.22,0.22,0.22,0.24,0.29,1.04,"",15,62.5,8,25.8,11,36.7,13,44.8,-1141376,-47.9,102159,153.7,1066,223.5,-3760,-61.6
"46105","5","518210","78","0","2022","2","N",1,0,0,0,0,0,0,0,"N",1.74,0,0,0,0,0,0,0,"N",0,0.0,0,0,0,0,0,0,0,0,0,0,0,0,0,0
"46115","5","518210","78","0","2022","2","N",1,0,0,0,0,0,0,0,"N",0.91,0,0,0,0,0,0,0,"N",0,0.0,0,0,0,0,0,0,0,0,0,0,0,0,0,0
"46117","5","518210","78","0","2022","2","N",1,0,0,0,0,0,0,0,"N",1.57,0,0,0,0,0,0,0,"N",1,100.0,0,0,0,0,0,0,0,0,0,0,0,0,0,0
"46123","5","518210","78","0","2022","2","N",1,0,0,0,0,0,0,0,"N",0.96,0,0,0,0,0,0,0,"N",0,0.0,0,0,0,0,0,0,0,0,0,0,0,0,0,0
"46127","5","518210","78","0","2022","2","",5,7,7,7,270806,8499,102,2976,"",1.49,0.23,0.23,0.23,0.23,0.07,0.11,1.03,"N",3,150.0,0,0,0,0,0,0,0,0,0,0,0,0,0,0
"46135","2","518210","78","0","2022","2","N",1,0,0,0,0,0,0,0,"N",706.15,0,0,0,0,0,0,0,"N",0,0.0,0,0,0,0,0,0,0,0,0,0,0,0,0,0
"46135","5","518210","78","0","2022","2","N",1,0,0,0,0,0,0,0,"N",0.29,0,0,0,0,0,0,0,"N",1,100.0,0,0,0,0,0,0,0,0,0,0,0,0,0,0
"47000","3","518210","58","0","2022","2","",2,26,28,28,554969,0,0,1562,"",1.13,0.45,0.49,0.49,0.54,0.00,0.00,1.12,"N",0,0.0,0,0,0,0,0,0,0,0,0,0,0,0,0,0
"47000","5","518210","58","0","2022","2","",1033,8455,8590,8705,272434043,7091222,111181,2442,"",1.29,0.88,0.88,0.89,0.81,0.50,0.82,0.92,"",225,27.8,1781,26.7,1882,28.1,1821,26.5,59771510,28.1,417687,6.3,21864,24.5,20,0.8
"47001","5","518210","78","0","2022","2","N",6,0,0,0,0,0,0,0,"N",0.79,0,0,0,0,0,0,0,"N",0,0.0,0,0,0,0,0,0,0,0,0,0,0,0,0,0
"47003","5","518210","78","0","2022","2","N",1,0,0,0,0,0,0,0,"N",0.25,0,0,0,0,0,0,0,"N",0,0.0,0,0,0,0,0,0,0,0,0,0,0,0,0,0
"47009","5","518210","78","0","2022","2","",15,163,171,174,10258067,137340,2549,4660,"",1.24,1.02,1.06,1.07,1.94,0.61,1.28,1.84,"",1,7.1,103,171.7,102,147.8,95,120.3,6044447,143.5,-66009,-32.5,390,18.1,-15,-0.3
"47011","5","518210","78","0","2022","2","",7,7,8,9,178902,3611,69,1720,"",0.80,0.05,0.06,0.07,0.05,0.02,0.04,0.79,"",2,40.0,1,16.7,2,33.3,2,28.6,90495,102.4,-10434,-74.3,-240,-77.7,646,60.1
"47013","5","518210","78","0","2022","2","N",2,0,0,0,0,0,0,0,"N",0.71,0,0,0,0,0,0,0,"N",1,100.0,0,0,0,0,0,0,0,0,0,0,0,0,0,0
"47015","5","518210","78","0","2022","2","N",2,0,0,0,0,0,0,0,"N",1.89,0,0,0,0,0,0,0,"N",1,100.0,0,0,0,0,0,0,0,0,0,0,0,0,0,0
"47019","5","518210","78","0","2022","2","N",2,0,0,0,0,0,0,0,"N",0.61,0,0,0,0,0,0,0,"N",0,0.0,0,0,0,0,0,0,0,0,0,0,0,0,0,0
"47021","5","518210","78","0","2022","2","",6,33,36,36,1275491,49000,778,2803,"",1.76,1.16,1.25,1.24,1.53,1.24,1.87,1.25,"",2,50.0,10,43.5,14,63.6,13,56.5,514425,67.6,37743,335.3,613,371.5,220,8.5
"47025","5","518210","78","0","2022","2","N",1,0,0,0,0,0,0,0,"N",0.45,0,0,0,0,0,0,0,"N",0,0.0,0,0,0,0,0,0,0,0,0,0,0,0,0,0
"47027","5","518210","78","0","2022","2","N",1,0,0,0,0,0,0,0,"N",1.64,0,0,0,0,0,0,0,"N",1,100.0,0,0,0,0,0,0,0,0,0,0,0,0,0,0
"47035","5","518210","78","0","2022","2","",7,14,16,16,344107,6195,167,1726,"",1.27,0.25,0.28,0.28,0.26,0.07,0.18,0.95,"",2,40.0,0,0.0,2,14.3,2,14.3,216564,169.8,-2550,-29.2,-69,-29.2,1025,146.2
"47037","5","518210","78","0","2022","2","",253,2516,2539,2593,84468477,1966512,28342,2549,"",2.04,1.55,1.55,1.57,1.25,0.84,1.26,0.80,"",50,24.6,555,28.3,566,28.7,565,27.9,26898976,46.7,286663,17.1,3423,13.7,321,14.4
"47041","5","518210","78","0","2022","2","N",2,0,0,0,0,0,0,0,"N",1.23,0,0,0,0,0,0,0,"N",0,0.0,0,0,0,0,0,0,0,0,0,0,0,0,0,0
"47043","5","518210","78","0","2022","2","N",3,0,0,0,0,0,0,0,"N",0.58,0,0,0,0,0,0,0,"N",0,0.0,0,0,0,0,0,0,0,0,0,0,0,0,0,0
"47047","5","518210","78","0","2022","2","N",1,0,0,0,0,0,0,0,"N",0.35,0,0,0,0,0,0,0,"N",-1,-50.0,0,0,0,0,0,0,0,0,0,0,0,0,0,0
"47049","5","518210","78","0","2022","2","N",2,0,0,0,0,0,0,0,"N",1.39,0,0,0,0,0,0,0,"N",1,100.0,0,0,0,0,0,0,0,0,0,0,0,0,0,0
"47051","5","518210","78","0","2022","2","",6,9,10,10,222964,9702,49,1774,"",1.58,0.26,0.28,0.27,0.24,0.19,0.12,0.87,"N",5,500.0,0,0,0,0,0,0,0,0,0,0,0,0,0,0
"47055","5","518210","78","0","2022","2","-",0,0,0,0,0,0,0,0,"N",0.00,0,0,0,0,0,0,0,"N",-1,-100.0,0,0,0,0,0,0,0,0,0,0,0,0,0,0
"47057","5","518210","78","0","2022","2","N",2,0,0,0,0,0,0,0,"N",1.46,0,0,0,0,0,0,0,"N",1,100.0,0,0,0,0,0,0,0,0,0,0,0,0,0,0
"47059","5","518210","78","0","2022","2","N",2,0,0,0,0,0,0,0,"N",0.35,0,0,0,0,0,0,0,"N",-1,-33.3,0,0,0,0,0,0,0,0,0,0,0,0,0,0
"47063","5","518210","78","0","2022","2","N",3,0,0,0,0,0,0,0,"N",0.51,0,0,0,0,0,0,0,"N",1,50.0,0,0,0,0,0,0,0,0,0,0,0,0,0,0
"47065","5","518210","78","0","2022","2","",70,555,575,595,23375613,628921,9648,3127,"",1.45,0.87,0.90,0.92,1.06,0.68,1.21,1.18,"",22,45.8,-23,-4.0,-14,-2.4,-18,-2.9,4327812,22.7,-719684,-53.4,-182,-1.9,658,26.7
"47067","5","518210","78","0","2022","2","N",1,0,0,0,0,0,0,0,"N",2.41,0,0,0,0,0,0,0,"N",0,0.0,0,0,0,0,0,0,0,0,0,0,0,0,0,0
"47071","5","518210","78","0","2022","2","N",1,0,0,0,0,0,0,0,"N",0.42,0,0,0,0,0,0,0,"N",0,0.0,0,0,0,0,0,0,0,0,0,0,0,0,0,0
"47073","5","518210","78","0","2022","2","N",1,0,0,0,0,0,0,0,"N",0.31,0,0,0,0,0,0,0,"N",1,100.0,0,0,0,0,0,0,0,0,0,0,0,0,0,0
"47079","5","518210","78","0","2022","2","-",0,0,0,0,0,0,0,0,"N",0.00,0,0,0,0,0,0,0,"N",0,0,0,0,0,0,0,0,0,0,0,0,0,0,0,0
"47081","5","518210","78","0","2022","2","N",2,0,0,0,0,0,0,0,"N",1.39,0,0,0,0,0,0,0,"N",1,100.0,0,0,0,0,0,0,0,0,0,0,0,0,0,0
"47083","5","518210","78","0","2022","2","N",1,0,0,0,0,0,0,0,"N",1.84,0,0,0,0,0,0,0,"N",0,0.0,0,0,0,0,0,0,0,0,0,0,0,0,0,0
"47085","5","518210","78","0","2022","2","N",1,0,0,0,0,0,0,0,"N",0.63,0,0,0,0,0,0,0,"N",0,0.0,0,0,0,0,0,0,0,0,0,0,0,0,0,0
"47087","5","518210","78","0","2022","2","N",1,0,0,0,0,0,0,0,"N",1.41,0,0,0,0,0,0,0,"N",0,0.0,0,0,0,0,0,0,0,0,0,0,0,0,0,0
"47089","5","518210","78","0","2022","2","N",3,0,0,0,0,0,0,0,"N",0.82,0,0,0,0,0,0,0,"N",2,200.0,0,0,0,0,0,0,0,0,0,0,0,0,0,0
"47091","5","518210","78","0","2022","2","N",4,0,0,0,0,0,0,0,"N",2.85,0,0,0,0,0,0,0,"N",2,100.0,0,0,0,0,0,0,0,0,0,0,0,0,0,0
"47093","5","518210","78","0","2022","2","",77,308,314,321,7825468,325501,3566,1915,"",1.24,0.40,0.41,0.42,0.30,0.29,0.37,0.74,"",24,45.3,3,1.0,11,3.6,15,4.9,200357,2.6,108803,50.2,711,24.9,-10,-0.5
"47101","5","518210","78","0","2022","2","-",0,0,0,0,0,0,0,0,"N",0.00,0,0,0,0,0,0,0,"N",0,0,0,0,0,0,0,0,0,0,0,0,0,0,0,0
"47103","5","518210","78","0","2022","2","N",1,0,0,0,0,0,0,0,"N",0.34,0,0,0,0,0,0,0,"N",1,100.0,0,0,0,0,0,0,0,0,0,0,0,0,0,0
"47105","5","518210","78","0","2022","2","N",9,0,0,0,0,0,0,0,"N",1.77,0,0,0,0,0,0,0,"N",3,50.0,0,0,0,0,0,0,0,0,0,0,0,0,0,0
"47107","5","518210","78","0","2022","2","",5,8,8,8,99003,12083,50,952,"",1.20,0.15,0.15,0.15,0.07,0.14,0.07,0.45,"N",2,66.7,0,0,0,0,0,0,0,0,0,0,0,0,0,0
"47109","5","518210","78","0","2022","2","N",1,0,0,0,0,0,0,0,"N",0.49,0,0,0,0,0,0,0,"N",0,0.0,0,0,0,0,0,0,0,0,0,0,0,0,0,0
"47111","5","518210","78","0","2022","2","N",1,0,0,0,0,0,0,0,"N",0.65,0,0,0,0,0,0,0,"N",0,0.0,0,0,0,0,0,0,0,0,0,0,0,0,0,0
"47113","3","518210","78","0","2022","2","",1,19,20,21,451422,0,0,1736,"",41.37,17.21,18.14,19.40,26.79,0.00,0.00,1.47,"N",0,0.0,0,0,0,0,0,0,0,0,0,0,0,0,0,0
"47113","5","518210","78","0","2022","2","N",7,0,0,0,0,0,0,0,"N",0.64,0,0,0,0,0,0,0,"N",1,16.7,0,0,0,0,0,0,0,0,0,0,0,0,0,0
"47115","5","518210","78","0","2022","2","N",2,0,0,0,0,0,0,0,"N",0.98,0,0,0,0,0,0,0,"N",0,0.0,0,0,0,0,0,0,0,0,0,0,0,0,0,0
"47119","5","518210","78","0","2022","2","",10,26,28,28,741405,30666,664,2087,"",0.94,0.22,0.24,0.24,0.20,0.18,0.33,0.85,"",5,100.0,-2,-7.1,-1,-3.4,0,0.0,81263,12.3,22291,266.2,456,219.2,295,16.5
"47125","5","518210","78","0","2022","2","",15,18,20,18,476326,36532,2393,1963,"",0.90,0.10,0.11,0.10,0.10,0.13,0.89,0.97,"",4,36.4,8,80.0,11,122.2,9,100.0,304749,177.6,25279,224.6,2162,935.9,549,38.8
"47135","5","518210","78","0","2022","2","N",1,0,0,0,0,0,0,0,"N",1.71,0,0,0,0,0,0,0,"N",0,0.0,0,0,0,0,0,0,0,0,0,0,0,0,0,0
"47141","5","518210","78","0","2022","2","N",7,0,0,0,0,0,0,0,"N",0.76,0,0,0,0,0,0,0,"N",2,40.0,0,0,0,0,0,0,0,0,0,0,0,0,0,0
"47143","5","518210","78","0","2022","2","N",1,0,0,0,0,0,0,0,"N",0.44,0,0,0,0,0,0,0,"N",-1,-50.0,0,0,0,0,0,0,0,0,0,0,0,0,0,0
"47145","5","518210","78","0","2022","2","N",2,0,0,0,0,0,0,0,"N",0.54,0,0,0,0,0,0,0,"N",1,100.0,0,0,0,0,0,0,0,0,0,0,0,0,0,0
"47147","5","518210","78","0","2022","2","N",1,0,0,0,0,0,0,0,"N",0.17,0,0,0,0,0,0,0,"N",0,0.0,0,0,0,0,0,0,0,0,0,0,0,0,0,0
"47149","5","518210","78","0","2022","2","",26,45,44,42,1139674,31549,808,2008,"",0.87,0.11,0.10,0.10,0.08,0.05,0.15,0.80,"",-1,-3.7,13,40.6,10,29.4,4,10.5,372265,48.5,-23465,-42.7,-454,-36.0,305,17.9
"47151","5","518210","78","0","2022","2","N",1,0,0,0,0,0,0,0,"N",0.67,0,0,0,0,0,0,0,"N",1,100.0,0,0,0,0,0,0,0,0,0,0,0,0,0,0
"47155","5","518210","78","0","2022","2","N",7,0,0,0,0,0,0,0,"N",0.53,0,0,0,0,0,0,0,"N",2,40.0,0,0,0,0,0,0,0,0,0,0,0,0,0,0
"47157","5","518210","78","0","2022","2","",100,348,360,368,9399160,460807,7676,2016,"",1.07,0.23,0.24,0.24,0.16,0.22,0.40,0.69,"",22,28.2,100,40.3,109,43.4,109,42.1,4210544,81.1,183079,65.9,2844,58.9,436,27.6
"47159","5","518210","78","0","2022","2","N",1,0,0,0,0,0,0,0,"N",0.66,0,0,0,0,0,0,0,"N",0,0.0,0,0,0,0,0,0,0,0,0,0,0,0,0,0
"47163","5","518210","78","0","2022","2","",9,94,98,97,1579404,29185,29,1261,"",0.58,0.45,0.46,0.46,0.24,0.10,0.01,0.52,"N",3,50.0,0,0,0,0,0,0,0,0,0,0,0,0,0,0
"47165","5","518210","78","0","2022","2","",25,112,114,114,3425067,43232,559,2325,"",1.29,0.62,0.63,0.61,0.62,0.15,0.21,1.00,"",6,31.6,6,5.7,9,8.6,3,2.7,-295145,-7.9,-13705,-24.1,-229,-29.1,-341,-12.8
"47167","5","518210","78","0","2022","2","N",1,0,0,0,0,0,0,0,"N",0.28,0,0,0,0,0,0,0,"N",0,0.0,0,0,0,0,0,0,0,0,0,0,0,0,0,0
"47171","5","518210","78","0","2022","2","N",1,0,0,0,0,0,0,0,"N",0.81,0,0,0,0,0,0,0,"N",1,100.0,0,0,0,0,0,0,0,0,0,0,0,0,0,0
"47173","5","518210","78","0","2022","2","N",1,0,0,0,0,0,0,0,"N",0.88,0,0,0,0,0,0,0,"N",0,0.0,0,0,0,0,0,0,0,0,0,0,0,0,0,0
"47177","5","518210","78","0","2022","2","N",1,0,0,0,0,0,0,0,"N",0.27,0,0,0,0,0,0,0,"N",0,0.0,0,0,0,0,0,0,0,0,0,0,0,0,0,0
"47179","5","518210","78","0","2022","2","N",12,0,0,0,0,0,0,0,"N",0.84,0,0,0,0,0,0,0,"N",1,9.1,0,0,0,0,0,0,0,0,0,0,0,0,0,0
"47187","5","518210","78","0","2022","2","",112,1264,1270,1272,36112388,863189,12502,2190,"",2.21,2.78,2.76,2.74,1.74,1.20,1.83,0.63,"",21,23.1,108,9.3,121,10.5,107,9.2,6795747,23.2,111871,14.9,2205,21.4,240,12.3
"47189","5","518210","78","0","2022","2","",15,36,36,35,971702,32900,351,2096,"",0.94,0.19,0.19,0.18,0.18,0.10,0.12,0.92,"",6,66.7,22,157.1,20,125.0,19,118.8,544971,127.7,9677,41.7,-32,-8.4,-45,-2.1
"47999","3","518210","78","0","2022","2","",1,7,8,7,103547,0,0,1086,"",7.25,4.08,4.61,4.14,2.26,0.00,0.00,0.53,"N",0,0.0,0,0,0,0,0,0,0,0,0,0,0,0,0,0
"47999","5","518210","78","0","2022","2","",172,2582,2602,2621,82863302,1968183,30986,2450,"",2.75,8.96,8.85,8.95,5.56,3.54,3.99,0.62,"",29,20.3,870,50.8,895,52.4,890,51.4,7292649,9.7,595920,43.4,9411,43.6,-936,-27.6
"48000","5","518210","58","0","2022","2","",2754,45749,46400,46910,1691812910,61659104,1358327,2808,"",0.86,1.13,1.14,1.14,1.08,0.76,1.02,0.95,"",497,22.0,5913,14.8,6246,15.6,6235,15.3,307387406,22.2,15080299,32.4,144018,11.9,160,6.0
"48001","5","518210","78","0","2022","2","",16,139,142,147,4784079,228295,1994,2579,"",2.28,2.25,2.28,2.35,2.39,1.83,1.22,1.04,"",-2,-11.1,52,59.8,54,61.4,51,53.1,1116184,30.4,24495,12.0,-2331,-53.9,-544,-17.4
"48005","5","518210","78","0","2022","2","",3,15,16,16,311003,32297,749,1527,"",0.38,0.14,0.15,0.15,0.11,0.15,0.32,0.75,"N",1,50.0,0,0,0,0,0,0,0,0,0,0,0,0,0,0
"48007","5","518210","78","0","2022","2","N",1,0,0,0,0,0,0,0,"N",0.38,0,0,0,0,0,0,0,"N",0,0.0,0,0,0,0,0,0,0,0,0,0,0,0,0,0
"48013","5","518210","78","0","2022","2","N",1,0,0,0,0,0,0,0,"N",0.27,0,0,0,0,0,0,0,"N",0,0.0,0,0,0,0,0,0,0,0,0,0,0,0,0,0
"48015","5","518210","78","0","2022","2","",13,44,46,39,1097620,130204,834,1964,"",2.18,1.16,1.20,0.99,0.84,1.53,0.66,0.75,"",4,44.4,32,266.7,35,318.2,26,200.0,692453,170.9,98253,307.5,363,77.1,-633,-24.4
"48019","5","518210","78","0","2022","2","N",1,0,0,0,0,0,0,0,"N",0.49,0,0,0,0,0,0,0,"N",0,0.0,0,0,0,0,0,0,0,0,0,0,0,0,0,0
"48021","5","518210","78","0","2022","2","N",4,0,0,0,0,0,0,0,"N",0.56,0,0,0,0,0,0,0,"N",1,33.3,0,0,0,0,0,0,0,0,0,0,0,0,0,0
"48027","5","518210","78","0","2022","2","",10,61,63,63,1610339,133186,5745,1987,"",0.39,0.16,0.16,0.16,0.13,0.20,0.64,0.80,"",0,0.0,-56,-47.9,-55,-46.6,-59,-48.4,-2068319,-56.2,8629,6.9,-505,-8.1,-391,-16.4
"48029","5","518210","78","0","2022","2","",92,4644,4722,4754,88699080,4369599,105263,1450,"",0.51,1.69,1.71,1.71,0.94,0.81,1.33,0.55,"",11,13.6,-642,-12.1,-464,-8.9,-399,-7.7,-8541391,-8.8,734966,20.2,5191,5.2,14,1.0
"48031","5","518210","78","0","2022","2","N",1,0,0,0,0,0,0,0,"N",0.52,0,0,0,0,0,0,0,"N",0,0.0,0,0,0,0,0,0,0,0,0,0,0,0,0,0
"48033","5","518210","78","0","2022","2","N",1,0,0,0,0,0,0,0,"N",3.43,0,0,0,0,0,0,0,"N",0,0.0,0,0,0,0,0,0,0,0,0,0,0,0,0,0
"48035","5","518210","78","0","2022","2","N",1,0,0,0,0,0,0,0,"N",0.61,0,0,0,0,0,0,0,"N",0,0.0,0,0,0,0,0,0,0,0,0,0,0,0,0,0
"48037","5","518210","78","0","2022","2","N",4,0,0,0,0,0,0,0,"N",0.41,0,0,0,0,0,0,0,"N",3,300.0,0,0,0,0,0,0,0,0,0,0,0,0,0,0
"48039","5","518210","78","0","2022","2","",7,20,22,26,300304,53575,420,1019,"",0.26,0.06,0.06,0.07,0.02,0.07,0.03,0.36,"N",3,75.0,0,0,0,0,0,0,0,0,0,0,0,0,0,0
"48041","5","518210","78","0","2022","2","",16,145,144,153,2696932,177087,2679,1408,"",0.78,0.40,0.40,0.44,0.26,0.32,0.32,0.63,"",3,23.1,39,36.8,36,33.3,46,43.0,1006314,59.5,23070,15.0,-1376,-33.9,193,15.9
"48049","5","518210","78","0","2022","2","N",1,0,0,0,0,0,0,0,"N",0.27,0,0,0,0,0,0,0,"N",1,100.0,0,0,0,0,0,0,0,0,0,0,0,0,0,0
"48053","5","518210","78","0","2022","2","N",3,0,0,0,0,0,0,0,"N",0.47,0,0,0,0,0,0,0,"N",2,200.0,0,0,0,0,0,0,0,0,0,0,0,0,0,0
"48055","5","518210","78","0","2022","2","N",2,0,0,0,0,0,0,0,"N",0.60,0,0,0,0,0,0,0,"N",0,0.0,0,0,0,0,0,0,0,0,0,0,0,0,0,0
"48057","5","518210","78","0","2022","2","N",2,0,0,0,0,0,0,0,"N",0.71,0,0,0,0,0,0,0,"N",1,100.0,0,0,0,0,0,0,0,0,0,0,0,0,0,0
"48061","5","518210","78","0","2022","2","",5,8,10,9,148957,25335,1277,1273,"",0.18,0.02,0.02,0.02,0.01,0.03,0.09,0.70,"",1,25.0,0,0.0,2,25.0,1,12.5,19276,14.9,-16715,-39.8,148,13.1,26,2.1
"48063","5","518210","78","0","2022","2","N",1,0,0,0,0,0,0,0,"N",0.85,0,0,0,0,0,0,0,"N",0,0.0,0,0,0,0,0,0,0,0,0,0,0,0,0,0
"48085","5","518210","78","0","2022","2","",185,6377,6390,6410,236020553,6918903,259970,2840,"",1.39,4.14,4.12,4.09,3.39,2.24,5.06,0.82,"",24,14.9,655,11.4,694,12.2,599,10.3,31710002,15.5,1690102,32.3,49382,23.4,103,3.8
"48091","5","518210","78","0","2022","2","",9,9,11,11,238513,23544,694,1776,"",0.47,0.04,0.05,0.05,0.04,0.05,0.11,0.79,"N",6,200.0,0,0,0,0,0,0,0,0,0,0,0,0,0,0
"48097","5","518210","78","0","2022","2","N",4,0,0,0,0,0,0,0,"N",0.91,0,0,0,0,0,0,0,"N",2,100.0,0,0,0,0,0,0,0,0,0,0,0,0,0,0
"48099","5","518210","78","0","2022","2","N",4,0,0,0,0,0,0,0,"N",0.89,0,0,0,0,0,0,0,"N",0,0.0,0,0,0,0,0,0,0,0,0,0,0,0,0,0
"48101","5","518210","78","0","2022","2","N",1,0,0,0,0,0,0,0,"N",1.50,0,0,0,0,0,0,0,"N",0,0.0,0,0,0,0,0,0,0,0,0,0,0,0,0,0
"48111","5","518210","78","0","2022","2","N",1,0,0,0,0,0,0,0,"N",0.60,0,0,0,0,0,0,0,"N",1,100.0,0,0,0,0,0,0,0,0,0,0,0,0,0,0
"48113","5","518210","78","0","2022","2","",309,6435,6411,6385,209808407,7090104,172999,2518,"",0.90,1.17,1.16,1.14,0.82,0.63,0.90,0.71,"",30,10.8,366,6.0,346,5.7,395,6.6,39196546,23.0,1112781,18.6,-40024,-18.8,346,15.9
"48121","5","518210","78","0","2022","2","",91,1136,1147,1158,38140364,1090303,26336,2558,"",1.15,1.27,1.27,1.29,1.25,0.59,0.92,0.98,"",18,24.7,205,22.0,218,23.5,210,22.2,-6724046,-15.0,-627785,-36.5,-41357,-61.1,-1129,-30.6
"48125","5","518210","78","0","2022","2","N",1,0,0,0,0,0,0,0,"N",3.68,0,0,0,0,0,0,0,"N",1,100.0,0,0,0,0,0,0,0,0,0,0,0,0,0,0
"48139","5","518210","78","0","2022","2","",10,110,106,108,3507640,176270,2186,2498,"",0.67,0.60,0.58,0.59,0.64,0.48,0.46,1.08,"N",6,150.0,0,0,0,0,0,0,0,0,0,0,0,0,0,0
"48141","5","518210","78","0","2022","2","",35,1275,1307,1282,15413884,2728758,74125,921,"",0.52,1.31,1.33,1.31,0.59,1.34,2.66,0.45,"",12,52.2,108,9.3,144,12.4,197,18.2,-3718096,-19.4,733176,36.7,28299,61.8,-372,-28.8
"48145","5","518210","78","0","2022","2","N",2,0,0,0,0,0,0,0,"N",1.71,0,0,0,0,0,0,0,"N",-1,-33.3,0,0,0,0,0,0,0,0,0,0,0,0,0,0
"48147","5","518210","78","0","2022","2","N",2,0,0,0,0,0,0,0,"N",0.79,0,0,0,0,0,0,0,"N",0,0.0,0,0,0,0,0,0,0,0,0,0,0,0,0,0
"48157","5","518210","78","0","2022","2","",50,351,349,355,8529920,465041,10859,1866,"",0.71,0.50,0.49,0.50,0.38,0.34,0.53,0.77,"",9,22.0,95,37.1,88,33.7,84,31.0,2919178,52.0,203181,77.6,4444,69.3,223,13.6
"48159","5","518210","78","0","2022","2","N",1,0,0,0,0,0,0,0,"N",0.76,0,0,0,0,0,0,0,"N",0,0.0,0,0,0,0,0,0,0,0,0,0,0,0,0,0
"48163","5","518210","78","0","2022","2","-",0,0,0,0,0,0,0,0,"N",0.00,0,0,0,0,0,0,0,"N",-1,-100.0,0,0,0,0,0,0,0,0,0,0,0,0,0,0
"48167","5","518210","78","0","2022","2","",10,35,34,39,909771,67541,1058,1944,"",0.36,0.10,0.09,0.10,0.08,0.09,0.08,0.78,"N",4,66.7,0,0,0,0,0,0,0,0,0,0,0,0,0,0
"48181","5","518210","78","0","2022","2","N",3,0,0,0,0,0,0,0,"N",0.23,0,0,0,0,0,0,0,"N",1,50.0,0,0,0,0,0,0,0,0,0,0,0,0,0,0
"48183","5","518210","78","0","2022","2","N",1,0,0,0,0,0,0,0,"N",0.06,0,0,0,0,0,0,0,"N",1,100.0,0,0,0,0,0,0,0,0,0,0,0,0,0,0
"48187","5","518210","78","0","2022","2","N",2,0,0,0,0,0,0,0,"N",0.19,0,0,0,0,0,0,0,"N",2,100.0,0,0,0,0,0,0,0,0,0,0,0,0,0,0
"48189","5","518210","78","0","2022","2","N",1,0,0,0,0,0,0,0,"N",0.29,0,0,0,0,0,0,0,"N",-1,-50.0,0,0,0,0,0,0,0,0,0,0,0,0,0,0
"48199","5","518210","78","0","2022","2","N",3,0,0,0,0,0,0,0,"N",0.75,0,0,0,0,0,0,0,"N",2,200.0,0,0,0,0,0,0,0,0,0,0,0,0,0,0
"48201","5","518210","78","0","2022","2","",275,2757,2733,2692,77857033,3194491,83748,2196,"",0.55,0.38,0.38,0.37,0.25,0.23,0.31,0.65,"",24,9.6,371,15.5,383,16.3,315,13.3,19511433,33.4,547085,20.7,10302,14.0,303,16.0
"48203","5","518210","78","0","2022","2","",3,11,9,11,139839,11687,36,1041,"",0.52,0.16,0.13,0.16,0.06,0.09,0.02,0.42,"",-1,-25.0,4,57.1,0,0.0,1,10.0,14326,11.4,353,3.1,-196,-84.5,-73,-6.6
"48209","5","518210","78","0","2022","2","",18,46,44,42,1155697,71491,1903,2020,"",0.78,0.18,0.17,0.16,0.16,0.13,0.26,0.91,"",4,28.6,-6,-11.5,-8,-15.4,-5,-10.6,-75226,-6.1,-14775,-17.1,-437,-18.7,139,7.4
"48213","5","518210","78","0","2022","2","N",2,0,0,0,0,0,0,0,"N",0.31,0,0,0,0,0,0,0,"N",0,0.0,0,0,0,0,0,0,0,0,0,0,0,0,0,0
"48215","5","518210","78","0","2022","2","N",8,0,0,0,0,0,0,0,"N",0.15,0,0,0,0,0,0,0,"N",0,0.0,0,0,0,0,0,0,0,0,0,0,0,0,0,0
"48221","5","518210","78","0","2022","2","N",2,0,0,0,0,0,0,0,"N",0.30,0,0,0,0,0,0,0,"N",1,100.0,0,0,0,0,0,0,0,0,0,0,0,0,0,0
"48223","5","518210","78","0","2022","2","N",2,0,0,0,0,0,0,0,"N",0.52,0,0,0,0,0,0,0,"N",0,0.0,0,0,0,0,0,0,0,0,0,0,0,0,0,0
"48225","5","518210","78","0","2022","2","",5,4,4,3,69867,7831,252,1466,"",1.21,0.18,0.18,0.13,0.10,0.17,0.40,0.58,"N",4,400.0,0,0,0,0,0,0,0,0,0,0,0,0,0,0
"48227","5","518210","78","0","2022","2","N",3,0,0,0,0,0,0,0,"N",0.80,0,0,0,0,0,0,0,"N",1,50.0,0,0,0,0,0,0,0,0,0,0,0,0,0,0
"48231","5","518210","78","0","2022","2","",3,7,7,5,140908,6018,66,1711,"",0.43,0.08,0.08,0.05,0.05,0.04,0.04,0.71,"",0,0.0,4,133.3,4,133.3,-2,-28.6,46031,48.5,-12598,-67.7,-345,-83.9,27,1.6
"48245","5","518210","78","0","2022","2","N",3,0,0,0,0,0,0,0,"N",0.13,0,0,0,0,0,0,0,"N",0,0.0,0,0,0,0,0,0,0,0,0,0,0,0,0,0
"48251","5","518210","78","0","2022","2","N",4,0,0,0,0,0,0,0,"N",0.26,0,0,0,0,0,0,0,"N",0,0.0,0,0,0,0,0,0,0,0,0,0,0,0,0,0
"48257","5","518210","78","0","2022","2","N",2,0,0,0,0,0,0,0,"N",0.20,0,0,0,0,0,0,0,"N",0,0.0,0,0,0,0,0,0,0,0,0,0,0,0,0,0
"48259","5","518210","78","0","2022","2","",3,9,9,9,108527,6151,24,928,"",0.41,0.15,0.15,0.15,0.06,0.05,0.01,0.38,"N",0,0.0,0,0,0,0,0,0,0,0,0,0,0,0,0,0
"48265","5","518210","78","0","2022","2","N",1,0,0,0,0,0,0,0,"N",0.16,0,0,0,0,0,0,0,"N",-1,-50.0,0,0,0,0,0,0,0,0,0,0,0,0,0,0
"48277","5","518210","78","0","2022","2","N",1,0,0,0,0,0,0,0,"N",0.19,0,0,0,0,0,0,0,"N",1,100.0,0,0,0,0,0,0,0,0,0,0,0,0,0,0
"48281","5","518210","78","0","2022","2","-",0,0,0,0,0,0,0,0,"N",0.00,0,0,0,0,0,0,0,"N",0,0,0,0,0,0,0,0,0,0,0,0,0,0,0,0
"48285","5","518210","78","0","2022","2","N",2,0,0,0,0,0,0,0,"N",0.98,0,0,0,0,0,0,0,"N",1,100.0,0,0,0,0,0,0,0,0,0,0,0,0,0,0
"48289","5","518210","78","0","2022","2","N",1,0,0,0,0,0,0,0,"N",0.58,0,0,0,0,0,0,0,"N",0,0.0,0,0,0,0,0,0,0,0,0,0,0,0,0,0
"48291","5","518210","78","0","2022","2","N",2,0,0,0,0,0,0,0,"N",0.39,0,0,0,0,0,0,0,"N",2,100.0,0,0,0,0,0,0,0,0,0,0,0,0,0,0
"48299","5","518210","78","0","2022","2","N",2,0,0,0,0,0,0,0,"N",0.83,0,0,0,0,0,0,0,"N",0,0.0,0,0,0,0,0,0,0,0,0,0,0,0,0,0
"48303","5","518210","78","0","2022","2","N",11,0,0,0,0,0,0,0,"N",0.33,0,0,0,0,0,0,0,"N",4,57.1,0,0,0,0,0,0,0,0,0,0,0,0,0,0
"48309","5","518210","78","0","2022","2","",12,42,41,42,1931231,73823,1116,3565,"",0.51,0.11,0.11,0.11,0.17,0.11,0.12,1.50,"",3,33.3,0,0.0,-2,-4.7,-2,-4.5,230633,13.6,12034,19.5,444,66.1,523,17.2
"48315","5","518210","78","0","2022","2","N",1,0,0,0,0,0,0,0,"N",1.54,0,0,0,0,0,0,0,"N",0,0.0,0,0,0,0,0,0,0,0,0,0,0,0,0,0
"48321","5","518210","78","0","2022","2","N",1,0,0,0,0,0,0,0,"N",0.30,0,0,0,0,0,0,0,"N",0,0.0,0,0,0,0,0,0,0,0,0,0,0,0,0,0
"48325","5","518210","78","0","2022","2","N",1,0,0,0,0,0,0,0,"N",0.27,0,0,0,0,0,0,0,"N",0,0.0,0,0,0,0,0,0,0,0,0,0,0,0,0,0
"48329","5","518210","78","0","2022","2","N",4,0,0,0,0,0,0,0,"N",0.16,0,0,0,0,0,0,0,"N",1,33.3,0,0,0,0,0,0,0,0,0,0,0,0,0,0
"48331","5","518210","78","0","2022","2","N",2,0,0,0,0,0,0,0,"N",1.02,0,0,0,0,0,0,0,"N",1,100.0,0,0,0,0,0,0,0,0,0,0,0,0,0,0
"48339","5","518210","78","0","2022","2","",46,407,415,413,9414789,599625,18369,1759,"",0.79,0.63,0.64,0.63,0.39,0.45,0.86,0.62,"",7,17.9,172,73.2,176,73.6,181,78.0,3714110,65.2,356356,146.5,11714,176.0,-104,-5.6
"48341","5","518210","78","0","2022","2","N",1,0,0,0,0,0,0,0,"N",0.45,0,0,0,0,0,0,0,"N",0,0.0,0,0,0,0,0,0,0,0,0,0,0,0,0,0
"48347","5","518210","78","0","2022","2","N",2,0,0,0,0,0,0,0,"N",0.35,0,0,0,0,0,0,0,"N",0,0.0,0,0,0,0,0,0,0,0,0,0,0,0,0,0
"48355","5","518210","78","0","2022","2","",5,42,41,42,623725,68456,1821,1151,"",0.15,0.09,0.09,0.09,0.04,0.07,0.10,0.49,"N",0,0.0,0,0,0,0,0,0,0,0,0,0,0,0,0,0
"48361","5","518210","78","0","2022","2","N",1,0,0,0,0,0,0,0,"N",0.17,0,0,0,0,0,0,0,"N",0,0.0,0,0,0,0,0,0,0,0,0,0,0,0,0,0
"48363","5","518210","78","0","2022","2","N",1,0,0,0,0,0,0,0,"N",0.34,0,0,0,0,0,0,0,"N",0,0.0,0,0,0,0,0,0,0,0,0,0,0,0,0,0
"48367","5","518210","78","0","2022","2","N",3,0,0,0,0,0,0,0,"N",0.21,0,0,0,0,0,0,0,"N",0,0.0,0,0,0,0,0,0,0,0,0,0,0,0,0,0
"48371","5","518210","78","0","2022","2","N",1,0,0,0,0,0,0,0,"N",0.54,0,0,0,0,0,0,0,"N",1,100.0,0,0,0,0,0,0,0,0,0,0,0,0,0,0
"48373","5","518210","78","0","2022","2","N",5,0,0,0,0,0,0,0,"N",1.32,0,0,0,0,0,0,0,"N",3,150.0,0,0,0,0,0,0,0,0,0,0,0,0,0,0
"48375","5","518210","78","0","2022","2","",7,82,82,82,1850717,113401,2446,1736,"",0.43,0.34,0.34,0.34,0.25,0.26,0.49,0.73,"",0,0.0,-36,-30.5,-28,-25.5,-34,-29.3,-1048932,-36.2,33561,42.0,1463,148.8,-209,-10.7
"48381","5","518210","78","0","2022","2","N",1,0,0,0,0,0,0,0,"N",0.09,0,0,0,0,0,0,0,"N",0,0.0,0,0,0,0,0,0,0,0,0,0,0,0,0,0
"48397","5","518210","78","0","2022","2","N",9,0,0,0,0,0,0,0,"N",0.72,0,0,0,0,0,0,0,"N",0,0.0,0,0,0,0,0,0,0,0,0,0,0,0,0,0
"48401","5","518210","78","0","2022","2","N",1,0,0,0,0,0,0,0,"N",0.29,0,0,0,0,0,0,0,"N",0,0.0,0,0,0,0,0,0,0,0,0,0,0,0,0,0
"48403","5","518210","78","0","2022","2","N",1,0,0,0,0,0,0,0,"N",1.07,0,0,0,0,0,0,0,"N",0,0.0,0,0,0,0,0,0,0,0,0,0,0,0,0,0
"48407","5","518210","78","0","2022","2","N",1,0,0,0,0,0,0,0,"N",0.87,0,0,0,0,0,0,0,"N",0,0.0,0,0,0,0,0,0,0,0,0,0,0,0,0,0
"48409","5","518210","78","0","2022","2","N",1,0,0,0,0,0,0,0,"N",0.20,0,0,0,0,0,0,0,"N",1,100.0,0,0,0,0,0,0,0,0,0,0,0,0,0,0
"48419","5","518210","78","0","2022","2","N",1,0,0,0,0,0,0,0,"N",0.40,0,0,0,0,0,0,0,"N",0,0.0,0,0,0,0,0,0,0,0,0,0,0,0,0,0
"48423","5","518210","78","0","2022","2","",12,30,30,32,968247,52196,538,2429,"",0.45,0.09,0.09,0.10,0.09,0.08,0.06,1.03,"",5,71.4,19,172.7,19,172.7,20,166.7,669633,224.2,38851,291.1,446,484.8,402,19.8
"48439","5","518210","78","0","2022","2","",124,1179,1206,1219,40450788,1966227,45823,2590,"",0.62,0.40,0.41,0.41,0.36,0.34,0.53,0.90,"",27,27.8,225,23.6,250,26.2,299,32.5,15194395,60.2,1076283,120.9,26432,136.3,530,25.7
"48441","5","518210","78","0","2022","2","N",5,0,0,0,0,0,0,0,"N",0.32,0,0,0,0,0,0,0,"N",-2,-28.6,0,0,0,0,0,0,0,0,0,0,0,0,0,0
"48451","5","518210","78","0","2022","2","N",2,0,0,0,0,0,0,0,"N",0.16,0,0,0,0,0,0,0,"N",0,0.0,0,0,0,0,0,0,0,0,0,0,0,0,0,0
"48453","5","518210","78","0","2022","2","",426,10475,10639,10893,500324741,13794027,241782,3607,"",2.06,3.92,3.96,4.00,3.77,2.72,2.73,0.95,"",66,18.3,1485,16.5,1481,16.2,1391,14.6,100405918,25.1,2850822,26.1,5350,2.3,269,8.1
"48459","5","518210","78","0","2022","2","N",1,0,0,0,0,0,0,0,"N",0.44,0,0,0,0,0,0,0,"N",0,0.0,0,0,0,0,0,0,0,0,0,0,0,0,0,0
"48465","5","518210","78","0","2022","2","N",1,0,0,0,0,0,0,0,"N",0.26,0,0,0,0,0,0,0,"N",0,0.0,0,0,0,0,0,0,0,0,0,0,0,0,0,0
"48467","5","518210","78","0","2022","2","N",1,0,0,0,0,0,0,0,"N",0.23,0,0,0,0,0,0,0,"N",-1,-50.0,0,0,0,0,0,0,0,0,0,0,0,0,0,0
"48469","5","518210","78","0","2022","2","N",1,0,0,0,0,0,0,0,"N",0.10,0,0,0,0,0,0,0,"N",-1,-50.0,0,0,0,0,0,0,0,0,0,0,0,0,0,0
"48475","5","518210","78","0","2022","2","N",2,0,0,0,0,0,0,0,"N",1.25,0,0,0,0,0,0,0,"N",0,0.0,0,0,0,0,0,0,0,0,0,0,0,0,0,0
"48477","5","518210","78","0","2022","2","N",1,0,0,0,0,0,0,0,"N",0.24,0,0,0,0,0,0,0,"N",1,100.0,0,0,0,0,0,0,0,0,0,0,0,0,0,0
"48479","5","518210","78","0","2022","2","N",3,0,0,0,0,0,0,0,"N",0.13,0,0,0,0,0,0,0,"N",0,0.0,0,0,0,0,0,0,0,0,0,0,0,0,0,0
"48485","5","518210","78","0","2022","2","",5,22,22,21,453909,22868,157,1612,"",0.37,0.13,0.13,0.13,0.10,0.08,0.05,0.78,"",1,25.0,1,4.8,-1,-4.3,-2,-8.7,66168,17.1,-18027,-44.1,-670,-81.0,276,20.7
"48491","5","518210","78","0","2022","2","",75,210,205,212,6378283,322250,8915,2348,"",1.25,0.33,0.32,0.33,0.26,0.26,0.52,0.79,"N",19,33.9,0,0,0,0,0,0,0,0,0,0,0,0,0,0
"48497","5","518210","78","0","2022","2","N",2,0,0,0,0,0,0,0,"N",0.32,0,0,0,0,0,0,0,"N",-1,-33.3,0,0,0,0,0,0,0,0,0,0,0,0,0,0
"48499","5","518210","78","0","2022","2","N",2,0,0,0,0,0,0,0,"N",0.53,0,0,0,0,0,0,0,"N",2,100.0,0,0,0,0,0,0,0,0,0,0,0,0,0,0
"48999","5","518210","78","0","2022","2","",720,8317,8679,8964,412778537,15673759,250746,3669,"",2.98,6.33,6.44,6.61,5.28,4.53,3.17,0.82,"",181,33.6,2319,38.7,2397,38.2,2460,37.8,98882168,31.5,5292849,51.0,78915,45.9,-187,-4.8
"49000","5","518210","58","0","2022","2","",703,7961,7970,8110,246002914,88059377,763301,2361,"",1.35,1.57,1.56,1.58,1.42,1.75,2.51,0.90,"",173,32.6,1722,27.6,1744,28.0,1901,30.6,89148682,56.8,22114504,33.5,398008,109.0,423,21.8
"49003","5","518210","78","0","2022","2","N",1,0,0,0,0,0,0,0,"N",0.15,0,0,0,0,0,0,0,"N",0,0.0,0,0,0,0,0,0,0,0,0,0,0,0,0,0
"49005","5","518210","78","0","2022","2","",8,34,34,34,615268,504722,3301,1392,"",0.46,0.17,0.17,0.17,0.12,0.30,0.45,0.69,"N",2,33.3,0,0,0,0,0,0,0,0,0,0,0,0,0,0
"49011","5","518210","78","0","2022","2","",26,81,81,86,1784409,1041544,10650,1660,"",0.65,0.19,0.19,0.20,0.13,0.27,0.54,0.70,"",2,8.3,-151,-65.1,-155,-65.7,-153,-64.0,-15111501,-89.4,-970651,-48.2,-6282,-37.1,-3855,-69.9
"49015","5","518210","78","0","2022","2","N",1,0,0,0,0,0,0,0,"N",0.93,0,0,0,0,0,0,0,"N",0,0.0,0,0,0,0,0,0,0,0,0,0,0,0,0,0
"49021","5","518210","78","0","2022","2","N",2,0,0,0,0,0,0,0,"N",0.24,0,0,0,0,0,0,0,"N",2,100.0,0,0,0,0,0,0,0,0,0,0,0,0,0,0
"49035","5","518210","78","0","2022","2","",501,3902,3905,4011,129057078,45861847,532193,2520,"",2.03,1.66,1.65,1.67,1.40,1.81,3.30,0.84,"",136,37.3,957,32.5,916,30.6,1027,34.4,44083368,51.9,12438630,37.2,303678,132.9,321,14.6
"49037","5","518210","78","0","2022","2","-",0,0,0,0,0,0,0,0,"N",0.00,0,0,0,0,0,0,0,"N",0,0,0,0,0,0,0,0,0,0,0,0,0,0,0,0
"49041","5","518210","78","0","2022","2","N",1,0,0,0,0,0,0,0,"N",0.33,0,0,0,0,0,0,0,"N",1,100.0,0,0,0,0,0,0,0,0,0,0,0,0,0,0
"49043","5","518210","78","0","2022","2","",14,69,70,69,1808542,812468,4872,2007,"",0.99,0.76,0.81,0.75,0.61,0.84,0.66,0.79,"",0,0.0,9,15.0,9,14.8,7,11.3,85802,5.0,132932,19.6,-428,-8.1,-165,-7.6
"49045","5","518210","78","0","2022","2","N",1,0,0,0,0,0,0,0,"N",0.17,0,0,0,0,0,0,0,"N",1,100.0,0,0,0,0,0,0,0,0,0,0,0,0,0,0
"49047","5","518210","78","0","2022","2","N",1,0,0,0,0,0,0,0,"N",0.19,0,0,0,0,0,0,0,"N",0,0.0,0,0,0,0,0,0,0,0,0,0,0,0,0,0
"49049","5","518210","78","0","2022","2","",110,3618,3629,3652,106427263,37113194,196843,2253,"",1.30,4.10,4.08,4.14,3.69,4.36,4.34,0.90,"",17,18.3,870,31.7,926,34.3,962,35.8,57786885,118.8,9938181,36.6,93605,90.7,874,63.4
"49051","5","518210","78","0","2022","2","N",2,0,0,0,0,0,0,0,"N",0.33,0,0,0,0,0,0,0,"N",0,0.0,0,0,0,0,0,0,0,0,0,0,0,0,0,0
"49053","5","518210","78","0","2022","2","",17,158,160,163,4255831,1709155,7773,2042,"",0.54,0.64,0.64,0.66,0.68,0.78,0.64,1.05,"",7,70.0,38,31.7,43,36.8,47,40.5,1527133,56.0,199730,13.2,2124,37.6,258,14.5
"49057","5","518210","78","0","2022","2","",18,65,60,63,1546557,697036,5085,1898,"",0.63,0.18,0.17,0.17,0.14,0.21,0.26,0.82,"",6,50.0,13,25.0,11,22.4,14,28.6,601136,63.6,232278,50.0,2608,105.3,444,30.5
"50000","5","518210","58","0","2022","2","",161,463,462,460,10524411,1452600,14639,1754,"",1.36,0.50,0.50,0.49,0.33,0.48,0.34,0.67,"",53,49.1,92,24.8,94,25.5,88,23.7,2459435,30.5,618734,74.2,6101,71.5,79,4.7
"50001","5","518210","78","0","2022","2","N",6,0,0,0,0,0,0,0,"N",0.93,0,0,0,0,0,0,0,"N",2,50.0,0,0,0,0,0,0,0,0,0,0,0,0,0,0
"50003","5","518210","78","0","2022","2","",10,19,20,20,618790,31725,1061,2420,"",1.41,0.39,0.40,0.39,0.40,0.17,0.42,1.03,"",5,100.0,0,0.0,3,17.6,3,17.6,83683,15.6,-8007,-20.2,-636,-37.5,90,3.9
"50005","5","518210","78","0","2022","2","N",4,0,0,0,0,0,0,0,"N",0.88,0,0,0,0,0,0,0,"N",2,100.0,0,0,0,0,0,0,0,0,0,0,0,0,0,0
"50007","5","518210","78","0","2022","2","",58,227,228,226,4320876,845907,7448,1464,"",1.68,0.73,0.73,0.71,0.36,0.89,0.61,0.49,"",23,65.7,41,22.0,41,21.9,30,15.3,888406,25.9,348028,69.9,3998,115.9,72,5.2
"50011","5","518210","78","0","2022","2","N",8,0,0,0,0,0,0,0,"N",1.40,0,0,0,0,0,0,0,"N",1,14.3,0,0,0,0,0,0,0,0,0,0,0,0,0,0
"50015","5","518210","78","0","2022","2","",6,42,43,44,1136986,44552,831,2034,"",1.07,1.18,1.23,1.20,1.05,0.31,0.37,0.87,"",-1,-14.3,-2,-4.5,-1,-2.3,1,2.3,82459,7.8,17508,64.7,482,138.1,176,9.5
"50017","5","518210","78","0","2022","2","",7,11,12,12,256617,5170,41,1692,"",1.91,0.48,0.51,0.50,0.37,0.06,0.03,0.74,"",2,40.0,2,22.2,3,33.3,4,50.0,89982,54.0,-3701,-41.7,7,20.6,213,14.4
"50019","5","518210","78","0","2022","2","",5,5,5,5,116561,3312,26,1793,"",1.23,0.16,0.15,0.15,0.14,0.03,0.01,0.89,"N",2,66.7,0,0,0,0,0,0,0,0,0,0,0,0,0,0
"50021","5","518210","78","0","2022","2","",7,32,33,31,425858,157590,1540,1024,"",0.70,0.42,0.44,0.40,0.18,0.58,0.37,0.43,"",0,0.0,27,540.0,28,560.0,26,520.0,351498,472.7,148453,1624.7,1438,1409.8,-120,-10.5
"50023","5","518210","78","0","2022","2","",15,15,16,16,478474,65140,605,2349,"",1.29,0.15,0.16,0.16,0.13,0.22,0.14,0.86,"",8,114.3,6,66.7,7,77.8,8,100.0,222107,86.6,51040,362.0,464,329.1,74,3.3
"50025","5","518210","78","0","2022","2","",11,39,37,37,938336,69442,700,1916,"",1.21,0.67,0.63,0.61,0.50,0.32,0.23,0.79,"",0,0.0,-3,-7.1,-2,-5.1,0,0.0,-389743,-29.3,19570,39.2,202,40.6,-681,-26.2
"50027","5","518210","78","0","2022","2","",17,22,24,25,1124311,112167,1122,3654,"",1.53,0.31,0.35,0.35,0.50,0.46,0.34,1.48,"N",9,112.5,0,0,0,0,0,0,0,0,0,0,0,0,0,0
"50999","5","518210","78","0","2022","2","",7,17,16,16,421332,60396,503,1984,"",2.26,0.60,0.57,0.57,0.45,0.93,0.47,0.77,"N",1,16.7,0,0,0,0,0,0,0,0,0,0,0,0,0,0
"51000","2","518210","58","0","2022","2","",7,217,216,221,5904114,0,0,2083,"",13.03,9.13,8.94,9.23,11.52,0.00,0.00,1.27,"N",0,0.0,0,0,0,0,0,0,0,0,0,0,0,0,0,0
"51000","3","518210","58","0","2022","2","",5,286,287,287,5402311,22740,621,1450,"",1.75,3.96,3.98,4.03,3.64,3.20,49.82,0.91,"N",0,0.0,0,0,0,0,0,0,0,0,0,0,0,0,0,0
"51000","5","518210","58","0","2022","2","",1256,16884,16978,17090,654163148,21331218,209961,2963,"",0.97,1.39,1.39,1.39,1.36,1.13,1.12,0.98,"",267,27.0,2017,13.6,2154,14.5,2151,14.4,77472790,13.4,2523866,13.4,-51235,-19.6,-19,-0.6
"51001","5","518210","78","0","2022","2","N",2,0,0,0,0,0,0,0,"N",0.39,0,0,0,0,0,0,0,"N",2,100.0,0,0,0,0,0,0,0,0,0,0,0,0,0,0
"51003","5","518210","78","0","2022","2","",9,50,49,51,1961613,82932,1858,3018,"",0.53,0.30,0.29,0.30,0.31,0.37,0.93,1.05,"",3,50.0,2,4.2,1,2.1,4,8.5,314801,19.1,58311,236.8,1277,219.8,360,13.5
"51009","5","518210","78","0","2022","2","N",1,0,0,0,0,0,0,0,"N",0.30,0,0,0,0,0,0,0,"N",1,100.0,0,0,0,0,0,0,0,0,0,0,0,0,0,0
"51011","2","518210","78","0","2022","2","",1,1,1,1,12722,0,0,979,"",1156.13,47.65,46.64,47.24,50.87,0.00,0.00,1.08,"N",0,0.0,0,0,0,0,0,0,0,0,0,0,0,0,0,0
"51011","5","518210","78","0","2022","2","N",1,0,0,0,0,0,0,0,"N",0.48,0,0,0,0,0,0,0,"N",1,100.0,0,0,0,0,0,0,0,0,0,0,0,0,0,0
"51013","3","518210","78","0","2022","2","",2,75,75,77,2001232,0,0,2034,"",22.39,23.71,23.79,24.64,19.37,0.00,0.00,0.81,"N",0,0.0,0,0,0,0,0,0,0,0,0,0,0,0,0,0
"51013","5","518210","78","0","2022","2","",64,832,822,822,29806103,638964,9001,2778,"",1.58,1.57,1.54,1.52,0.89,1.05,1.62,0.58,"",11,20.8,-78,-8.6,-79,-8.8,-68,-7.6,-1270578,-4.1,-189394,-22.9,-6439,-41.7,123,4.6
"51015","5","518210","78","0","2022","2","N",1,0,0,0,0,0,0,0,"N",0.12,0,0,0,0,0,0,0,"N",0,0.0,0,0,0,0,0,0,0,0,0,0,0,0,0,0
"51017","5","518210","78","0","2022","2","N",1,0,0,0,0,0,0,0,"N",0.98,0,0,0,0,0,0,0,"N",1,100.0,0,0,0,0,0,0,0,0,0,0,0,0,0,0
"51019","5","518210","78","0","2022","2","",8,18,17,17,394561,27406,627,1751,"",0.83,0.32,0.30,0.30,0.28,0.26,0.60,0.93,"",2,33.3,9,100.0,8,88.9,8,88.9,194536,97.3,24363,800.6,617,6170.0,41,2.4
"51021","5","518210","78","0","2022","2","-",0,0,0,0,0,0,0,0,"N",0.00,0,0,0,0,0,0,0,"N",0,0,0,0,0,0,0,0,0,0,0,0,0,0,0,0
"51023","5","518210","78","0","2022","2","N",2,0,0,0,0,0,0,0,"N",0.51,0,0,0,0,0,0,0,"N",0,0.0,0,0,0,0,0,0,0,0,0,0,0,0,0,0
"51025","5","518210","78","0","2022","2","-",0,0,0,0,0,0,0,0,"N",0.00,0,0,0,0,0,0,0,"N",0,0,0,0,0,0,0,0,0,0,0,0,0,0,0,0
"51029","5","518210","78","0","2022","2","N",1,0,0,0,0,0,0,0,"N",0.49,0,0,0,0,0,0,0,"N",1,100.0,0,0,0,0,0,0,0,0,0,0,0,0,0,0
"51031","5","518210","78","0","2022","2","N",3,0,0,0,0,0,0,0,"N",0.42,0,0,0,0,0,0,0,"N",3,100.0,0,0,0,0,0,0,0,0,0,0,0,0,0,0
"51033","5","518210","78","0","2022","2","N",2,0,0,0,0,0,0,0,"N",0.67,0,0,0,0,0,0,0,"N",1,100.0,0,0,0,0,0,0,0,0,0,0,0,0,0,0
"51035","5","518210","78","0","2022","2","-",0,0,0,0,0,0,0,0,"N",0.00,0,0,0,0,0,0,0,"N",0,0,0,0,0,0,0,0,0,0,0,0,0,0,0,0
"51037","5","518210","78","0","2022","2","N",3,0,0,0,0,0,0,0,"N",1.54,0,0,0,0,0,0,0,"N",3,100.0,0,0,0,0,0,0,0,0,0,0,0,0,0,0
"51041","2","518210","78","0","2022","2","",1,211,210,215,5783409,0,0,2098,"",56.93,252.70,246.33,253.11,395.68,0.00,0.00,1.58,"N",0,0.0,0,0,0,0,0,0,0,0,0,0,0,0,0,0
"51041","5","518210","78","0","2022","2","",27,181,176,182,2249844,119821,2749,963,"",0.64,0.42,0.41,0.42,0.16,0.17,0.38,0.39,"",6,28.6,7,4.0,4,2.3,6,3.4,395945,21.4,-61113,-33.8,-1530,-35.8,143,17.4
"51043","5","518210","78","0","2022","2","N",1,0,0,0,0,0,0,0,"N",0.48,0,0,0,0,0,0,0,"N",1,100.0,0,0,0,0,0,0,0,0,0,0,0,0,0,0
"51049","5","518210","78","0","2022","2","-",0,0,0,0,0,0,0,0,"N",0.00,0,0,0,0,0,0,0,"N",0,0,0,0,0,0,0,0,0,0,0,0,0,0,0,0
"51051","5","518210","78","0","2022","2","-",0,0,0,0,0,0,0,0,"N",0.00,0,0,0,0,0,0,0,"N",0,0,0,0,0,0,0,0,0,0,0,0,0,0,0,0
"51053","5","518210","78","0","2022","2","-",0,0,0,0,0,0,0,0,"N",0.00,0,0,0,0,0,0,0,"N",0,0,0,0,0,0,0,0,0,0,0,0,0,0,0,0
"51057","5","518210","78","0","2022","2","-",0,0,0,0,0,0,0,0,"N",0.00,0,0,0,0,0,0,0,"N",0,0,0,0,0,0,0,0,0,0,0,0,0,0,0,0
"51059","5","518210","78","0","2022","2","",213,9064,9168,9353,397334447,13328429,84813,3324,"",1.32,4.78,4.80,4.83,3.65,4.98,3.59,0.76,"",13,6.5,1650,22.3,1789,24.2,1852,24.7,56701941,16.6,1675328,14.4,-24530,-22.4,-202,-5.7
"51061","5","518210","78","0","2022","2","",9,88,92,91,2497119,80441,1630,2126,"",0.81,1.28,1.32,1.30,1.03,0.73,1.65,0.79,"",4,80.0,81,1157.1,84,1050.0,83,1037.5,2411857,2828.8,62623,351.5,1557,2132.9,1271,148.7
"51065","5","518210","78","0","2022","2","N",1,0,0,0,0,0,0,0,"N",0.36,0,0,0,0,0,0,0,"N",1,100.0,0,0,0,0,0,0,0,0,0,0,0,0,0,0
"51067","5","518210","78","0","2022","2","N",4,0,0,0,0,0,0,0,"N",0.61,0,0,0,0,0,0,0,"N",2,100.0,0,0,0,0,0,0,0,0,0,0,0,0,0,0
"51069","5","518210","78","0","2022","2","N",2,0,0,0,0,0,0,0,"N",0.23,0,0,0,0,0,0,0,"N",0,0.0,0,0,0,0,0,0,0,0,0,0,0,0,0,0
"51071","5","518210","78","0","2022","2","N",1,0,0,0,0,0,0,0,"N",0.59,0,0,0,0,0,0,0,"N",0,0.0,0,0,0,0,0,0,0,0,0,0,0,0,0,0
"51073","5","518210","78","0","2022","2","-",0,0,0,0,0,0,0,0,"N",0.00,0,0,0,0,0,0,0,"N",0,0,0,0,0,0,0,0,0,0,0,0,0,0,0,0
"51075","5","518210","78","0","2022","2","N",3,0,0,0,0,0,0,0,"N",0.74,0,0,0,0,0,0,0,"N",0,0.0,0,0,0,0,0,0,0,0,0,0,0,0,0,0
"51077","5","518210","78","0","2022","2","-",0,0,0,0,0,0,0,0,"N",0.00,0,0,0,0,0,0,0,"N",0,0,0,0,0,0,0,0,0,0,0,0,0,0,0,0
"51079","5","518210","78","0","2022","2","N",2,0,0,0,0,0,0,0,"N",0.89,0,0,0,0,0,0,0,"N",0,0.0,0,0,0,0,0,0,0,0,0,0,0,0,0,0
"51081","5","518210","78","0","2022","2","-",0,0,0,0,0,0,0,0,"N",0.00,0,0,0,0,0,0,0,"N",0,0,0,0,0,0,0,0,0,0,0,0,0,0,0,0
"51083","5","518210","78","0","2022","2","N",2,0,0,0,0,0,0,0,"N",0.46,0,0,0,0,0,0,0,"N",1,100.0,0,0,0,0,0,0,0,0,0,0,0,0,0,0
"51085","5","518210","78","0","2022","2","",14,102,104,108,2627971,97159,1219,1931,"",0.83,0.59,0.60,0.61,0.51,0.32,0.44,0.85,"",3,27.3,34,50.0,33,46.5,41,61.2,1390258,112.3,29407,43.4,728,148.3,544,39.2
"51087","5","518210","78","0","2022","2","",30,136,139,147,7733595,193108,2681,4229,"",0.58,0.24,0.24,0.25,0.37,0.21,0.25,1.52,"",4,15.4,65,91.5,66,90.4,69,88.5,3640043,88.9,109319,130.5,1252,87.6,-26,-0.6
"51089","5","518210","78","0","2022","2","N",1,0,0,0,0,0,0,0,"N",0.14,0,0,0,0,0,0,0,"N",0,0.0,0,0,0,0,0,0,0,0,0,0,0,0,0,0
"51091","5","518210","78","0","2022","2","-",0,0,0,0,0,0,0,0,"N",0.00,0,0,0,0,0,0,0,"N",0,0,0,0,0,0,0,0,0,0,0,0,0,0,0,0
"51093","2","518210","78","0","2022","2","",1,1,1,1,23806,0,0,1831,"",616.53,15.84,15.64,15.61,25.15,0.00,0.00,1.60,"N",0,0.0,0,0,0,0,0,0,0,0,0,0,0,0,0,0
"51093","5","518210","78","0","2022","2","N",6,0,0,0,0,0,0,0,"N",1.54,0,0,0,0,0,0,0,"N",5,500.0,0,0,0,0,0,0,0,0,0,0,0,0,0,0
"51095","5","518210","78","0","2022","2","",8,13,13,13,277463,4049,24,1642,"",0.92,0.14,0.14,0.14,0.11,0.02,0.01,0.77,"",2,33.3,1,8.3,2,18.2,1,8.3,37925,15.8,-13301,-76.7,-195,-89.0,63,4.0
"51099","5","518210","78","0","2022","2","N",1,0,0,0,0,0,0,0,"N",0.37,0,0,0,0,0,0,0,"N",0,0.0,0,0,0,0,0,0,0,0,0,0,0,0,0,0
"51101","5","518210","78","0","2022","2","-",0,0,0,0,0,0,0,0,"N",0.00,0,0,0,0,0,0,0,"N",0,0,0,0,0,0,0,0,0,0,0,0,0,0,0,0
"51103","5","518210","78","0","2022","2","N",2,0,0,0,0,0,0,0,"N",0.90,0,0,0,0,0,0,0,"N",1,100.0,0,0,0,0,0,0,0,0,0,0,0,0,0,0
"51105","5","518210","78","0","2022","2","N",1,0,0,0,0,0,0,0,"N",0.45,0,0,0,0,0,0,0,"N",1,100.0,0,0,0,0,0,0,0,0,0,0,0,0,0,0
"51107","3","518210","78","0","2022","2","",1,131,133,132,3052104,0,0,1779,"",7.71,40.05,40.43,40.45,40.83,0.00,0.00,1.01,"N",0,0.0,0,0,0,0,0,0,0,0,0,0,0,0,0,0
"51107","5","518210","78","0","2022","2","",100,1657,1661,1649,68942733,1238789,11405,3203,"",1.70,3.02,2.98,2.92,2.84,1.39,1.50,0.95,"",16,19.0,-1,-0.1,-6,-0.4,-32,-1.9,9932827,16.8,354486,40.1,-5398,-32.1,483,17.8
"51113","5","518210","78","0","2022","2","N",2,0,0,0,0,0,0,0,"N",1.18,0,0,0,0,0,0,0,"N",2,100.0,0,0,0,0,0,0,0,0,0,0,0,0,0,0
"51115","5","518210","78","0","2022","2","N",1,0,0,0,0,0,0,0,"N",1.07,0,0,0,0,0,0,0,"N",0,0.0,0,0,0,0,0,0,0,0,0,0,0,0,0,0
"51117","5","518210","78","0","2022","2","N",2,0,0,0,0,0,0,0,"N",0.44,0,0,0,0,0,0,0,"N",0,0.0,0,0,0,0,0,0,0,0,0,0,0,0,0,0
"51119","5","518210","78","0","2022","2","-",0,0,0,0,0,0,0,0,"N",0.00,0,0,0,0,0,0,0,"N",0,0,0,0,0,0,0,0,0,0,0,0,0,0,0,0
"51121","5","518210","78","0","2022","2","",8,18,19,18,417383,17590,178,1751,"",0.79,0.14,0.14,0.14,0.11,0.09,0.10,0.78,"",1,14.3,-27,-60.0,3,18.8,2,12.5,-166692,-28.5,-20539,-53.9,-761,-81.0,1,0.1
"51127","5","518210","78","0","2022","2","-",0,0,0,0,0,0,0,0,"N",0.00,0,0,0,0,0,0,0,"N",0,0,0,0,0,0,0,0,0,0,0,0,0,0,0,0
"51135","5","518210","78","0","2022","2","N",1,0,0,0,0,0,0,0,"N",0.52,0,0,0,0,0,0,0,"N",1,100.0,0,0,0,0,0,0,0,0,0,0,0,0,0,0
"51137","3","518210","78","0","2022","2","",1,14,13,12,262206,22740,621,1552,"",108.02,79.27,74.09,68.27,111.90,1211.42,20429.54,1.52,"N",0,0.0,0,0,0,0,0,0,0,0,0,0,0,0,0,0
"51141","5","518210","78","0","2022","2","N",1,0,0,0,0,0,0,0,"N",0.46,0,0,0,0,0,0,0,"N",0,0.0,0,0,0,0,0,0,0,0,0,0,0,0,0,0
"51143","5","518210","78","0","2022","2","-",0,0,0,0,0,0,0,0,"N",0.00,0,0,0,0,0,0,0,"N",0,0,0,0,0,0,0,0,0,0,0,0,0,0,0,0
"51149","5","518210","78","0","2022","2","N",1,0,0,0,0,0,0,0,"N",0.35,0,0,0,0,0,0,0,"N",0,0.0,0,0,0,0,0,0,0,0,0,0,0,0,0,0
"51153","5","518210","78","0","2022","2","",35,343,345,334,8818976,459898,3165,1991,"",0.82,0.84,0.83,0.79,0.65,0.67,0.54,0.79,"",3,9.4,32,10.3,5,1.5,22,7.1,-647935,-6.8,-58462,-11.3,-7825,-71.2,-278,-12.3
"51157","5","518210","78","0","2022","2","N",1,0,0,0,0,0,0,0,"N",0.84,0,0,0,0,0,0,0,"N",0,0.0,0,0,0,0,0,0,0,0,0,0,0,0,0,0
"51159","5","518210","78","0","2022","2","-",0,0,0,0,0,0,0,0,"N",0.00,0,0,0,0,0,0,0,"N",0,0,0,0,0,0,0,0,0,0,0,0,0,0,0,0
"51161","5","518210","78","0","2022","2","N",3,0,0,0,0,0,0,0,"N",0.27,0,0,0,0,0,0,0,"N",2,200.0,0,0,0,0,0,0,0,0,0,0,0,0,0,0
"51163","5","518210","78","0","2022","2","N",1,0,0,0,0,0,0,0,"N",0.43,0,0,0,0,0,0,0,"N",1,100.0,0,0,0,0,0,0,0,0,0,0,0,0,0,0
"51165","2","518210","78","0","2022","2","",1,1,1,1,19558,0,0,1504,"",291.69,4.99,4.93,4.99,6.13,0.00,0.00,1.23,"N",0,0.0,0,0,0,0,0,0,0,0,0,0,0,0,0,0
"51165","5","518210","78","0","2022","2","N",1,0,0,0,0,0,0,0,"N",0.12,0,0,0,0,0,0,0,"N",0,0.0,0,0,0,0,0,0,0,0,0,0,0,0,0,0
"51169","2","518210","78","0","2022","2","",1,1,1,1,22398,0,0,1723,"",1397.55,34.65,33.74,33.81,61.46,0.00,0.00,1.80,"N",0,0.0,0,0,0,0,0,0,0,0,0,0,0,0,0,0
"51169","5","518210","78","0","2022","2","N",1,0,0,0,0,0,0,0,"N",0.58,0,0,0,0,0,0,0,"N",0,0.0,0,0,0,0,0,0,0,0,0,0,0,0,0,0
"51171","5","518210","78","0","2022","2","N",1,0,0,0,0,0,0,0,"N",0.20,0,0,0,0,0,0,0,"N",0,0.0,0,0,0,0,0,0,0,0,0,0,0,0,0,0
"51177","2","518210","78","0","2022","2","",1,1,1,1,17666,0,0,1359,"",170.59,4.54,4.48,4.52,5.26,0.00,0.00,1.16,"N",0,0.0,0,0,0,0,0,0,0,0,0,0,0,0,0,0
"51177","5","518210","78","0","2022","2","",5,5,5,5,136141,6432,146,2094,"",0.35,0.04,0.04,0.04,0.04,0.03,0.08,0.97,"",2,66.7,2,66.7,2,66.7,1,25.0,60293,79.5,4933,329.1,111,317.1,344,19.7
"51179","5","518210","78","0","2022","2","",8,26,25,24,1153070,23617,299,3548,"",0.60,0.18,0.17,0.16,0.23,0.11,0.16,1.31,"N",3,60.0,0,0,0,0,0,0,0,0,0,0,0,0,0,0
"51185","5","518210","78","0","2022","2","N",2,0,0,0,0,0,0,0,"N",0.47,0,0,0,0,0,0,0,"N",0,0.0,0,0,0,0,0,0,0,0,0,0,0,0,0,0
"51187","5","518210","78","0","2022","2","N",1,0,0,0,0,0,0,0,"N",0.21,0,0,0,0,0,0,0,"N",0,0.0,0,0,0,0,0,0,0,0,0,0,0,0,0,0
"51191","5","518210","78","0","2022","2","N",2,0,0,0,0,0,0,0,"N",0.31,0,0,0,0,0,0,0,"N",1,100.0,0,0,0,0,0,0,0,0,0,0,0,0,0,0
"51195","5","518210","78","0","2022","2","N",1,0,0,0,0,0,0,0,"N",0.29,0,0,0,0,0,0,0,"N",0,0.0,0,0,0,0,0,0,0,0,0,0,0,0,0,0
"51197","2","518210","78","0","2022","2","",1,1,1,1,24555,0,0,1889,"",635.39,14.45,14.21,14.31,26.89,0.00,0.00,1.88,"N",0,0.0,0,0,0,0,0,0,0,0,0,0,0,0,0,0
"51199","5","518210","78","0","2022","2","",7,19,19,20,226631,8878,103,902,"",1.00,0.29,0.29,0.30,0.13,0.08,0.10,0.44,"",1,16.7,-4,-17.4,-5,-20.8,-4,-16.7,-130499,-36.5,2170,32.3,0,0.0,-259,-22.3
"51510","5","518210","78","0","2022","2","",31,266,267,243,8775977,188462,1946,2610,"",1.15,1.01,1.00,0.92,0.67,0.56,0.60,0.68,"",4,14.8,60,29.1,67,33.5,47,24.0,1348126,18.1,75588,67.0,186,10.6,-237,-8.3
"51520","5","518210","78","0","2022","2","N",1,0,0,0,0,0,0,0,"N",0.39,0,0,0,0,0,0,0,"N",1,100.0,0,0,0,0,0,0,0,0,0,0,0,0,0,0
"51540","5","518210","78","0","2022","2","",4,9,9,9,177475,1922,30,1517,"",0.38,0.07,0.07,0.07,0.04,0.01,0.02,0.55,"",0,0.0,0,0.0,0,0.0,0,0.0,-23750,-11.8,1758,1072.0,26,650.0,-203,-11.8
"51550","5","518210","78","0","2022","2","",11,496,465,499,5850251,293822,10654,925,"",0.40,1.57,1.46,1.56,0.62,0.56,2.01,0.41,"",1,10.0,-126,-20.3,-111,-19.3,-46,-8.4,286627,5.2,-270406,-47.9,-6887,-39.3,188,25.5
"51590","5","518210","78","0","2022","2","N",1,0,0,0,0,0,0,0,"N",0.13,0,0,0,0,0,0,0,"N",0,0.0,0,0,0,0,0,0,0,0,0,0,0,0,0,0
"51600","5","518210","78","0","2022","2","",6,10,10,11,298454,11658,91,2222,"",0.80,0.15,0.15,0.16,0.12,0.10,0.10,0.77,"N",1,20.0,0,0,0,0,0,0,0,0,0,0,0,0,0,0
"51610","5","518210","78","0","2022","2","",3,6,6,8,92844,14774,61,1071,"",0.69,0.17,0.17,0.22,0.06,0.30,0.15,0.32,"",0,0.0,2,50.0,1,20.0,1,14.3,25517,37.9,7903,115.0,29,90.6,100,10.3
"51630","5","518210","78","0","2022","2","",4,53,54,56,672377,49107,1182,952,"",0.55,0.73,0.75,0.76,0.30,0.43,1.17,0.40,"",0,0.0,-17,-24.3,-17,-23.9,-13,-18.8,-192283,-22.2,-6229,-11.3,-888,-42.9,2,0.2
"51640","5","518210","78","0","2022","2","N",1,0,0,0,0,0,0,0,"N",0.59,0,0,0,0,0,0,0,"N",0,0.0,0,0,0,0,0,0,0,0,0,0,0,0,0,0
"51650","5","518210","78","0","2022","2","",7,28,29,31,318023,50132,1422,834,"",0.55,0.18,0.19,0.20,0.06,0.24,0.65,0.34,"",3,75.0,4,16.7,5,20.8,7,29.2,1449,0.5,1126,2.3,-721,-33.6,-181,-17.8
"51660","5","518210","78","0","2022","2","N",2,0,0,0,0,0,0,0,"N",0.28,0,0,0,0,0,0,0,"N",0,0.0,0,0,0,0,0,0,0,0,0,0,0,0,0,0
"51680","5","518210","78","0","2022","2","N",3,0,0,0,0,0,0,0,"N",0.26,0,0,0,0,0,0,0,"N",0,0.0,0,0,0,0,0,0,0,0,0,0,0,0,0,0
"51683","5","518210","78","0","2022","2","",5,24,24,27,926075,19847,273,2849,"",0.76,0.33,0.33,0.36,0.30,0.19,0.30,0.88,"N",3,150.0,0,0,0,0,0,0,0,0,0,0,0,0,0,0
"51685","5","518210","78","0","2022","2","",4,12,12,12,211267,8852,29,1354,"",2.94,0.89,0.86,0.84,0.52,0.32,0.18,0.60,"",1,33.3,3,33.3,3,33.3,3,33.3,108841,106.3,-2109,-19.2,-53,-64.6,479,54.7
"51690","5","518210","78","0","2022","2","N",1,0,0,0,0,0,0,0,"N",0.24,0,0,0,0,0,0,0,"N",0,0.0,0,0,0,0,0,0,0,0,0,0,0,0,0,0
"51700","5","518210","78","0","2022","2","N",3,0,0,0,0,0,0,0,"N",0.17,0,0,0,0,0,0,0,"N",0,0.0,0,0,0,0,0,0,0,0,0,0,0,0,0,0
"51710","5","518210","78","0","2022","2","N",15,0,0,0,0,0,0,0,"N",0.57,0,0,0,0,0,0,0,"N",5,50.0,0,0,0,0,0,0,0,0,0,0,0,0,0,0
"51730","5","518210","78","0","2022","2","N",1,0,0,0,0,0,0,0,"N",0.23,0,0,0,0,0,0,0,"N",0,0.0,0,0,0,0,0,0,0,0,0,0,0,0,0,0
"51735","5","518210","78","0","2022","2","N",1,0,0,0,0,0,0,0,"N",0.89,0,0,0,0,0,0,0,"N",1,100.0,0,0,0,0,0,0,0,0,0,0,0,0,0,0
"51740","5","518210","78","0","2022","2","N",2,0,0,0,0,0,0,0,"N",0.25,0,0,0,0,0,0,0,"N",0,0.0,0,0,0,0,0,0,0,0,0,0,0,0,0,0
"51750","5","518210","78","0","2022","2","-",0,0,0,0,0,0,0,0,"N",0.00,0,0,0,0,0,0,0,"N",0,0,0,0,0,0,0,0,0,0,0,0,0,0,0,0
"51760","3","518210","78","0","2022","2","",1,66,66,66,86769,0,0,101,"",12.58,23.46,23.56,23.93,1.43,0.00,0.00,0.06,"N",0,0.0,0,0,0,0,0,0,0,0,0,0,0,0,0,0
"51760","5","518210","78","0","2022","2","",22,107,108,99,2797480,119438,2892,2056,"",0.61,0.23,0.23,0.21,0.14,0.21,0.46,0.64,"",5,29.4,-10,-8.5,-14,-11.5,-21,-17.5,118402,4.4,-24608,-17.1,-485,-14.4,334,19.4
"51770","5","518210","78","0","2022","2","",3,3,3,3,45580,660,10,1169,"",0.21,0.02,0.02,0.02,0.01,0.00,0.00,0.48,"N",1,50.0,0,0,0,0,0,0,0,0,0,0,0,0,0,0
"51800","5","518210","78","0","2022","2","N",1,0,0,0,0,0,0,0,"N",0.11,0,0,0,0,0,0,0,"N",0,0.0,0,0,0,0,0,0,0,0,0,0,0,0,0,0
"51810","5","518210","78","0","2022","2","",25,514,509,488,8755949,419690,12629,1337,"",0.45,0.96,0.94,0.88,0.55,0.43,1.33,0.59,"",3,13.6,-22,-4.1,-20,-3.8,-27,-5.2,466324,5.6,-153529,-26.8,-6832,-35.1,126,10.4
"51830","5","518210","78","0","2022","2","N",1,0,0,0,0,0,0,0,"N",0.44,0,0,0,0,0,0,0,"N",0,0.0,0,0,0,0,0,0,0,0,0,0,0,0,0,0
"51840","5","518210","78","0","2022","2","N",1,0,0,0,0,0,0,0,"N",0.16,0,0,0,0,0,0,0,"N",0,0.0,0,0,0,0,0,0,0,0,0,0,0,0,0,0
"51999","5","518210","78","0","2022","2","",486,1915,1932,1878,82388084,2766973,47949,3321,"",2.47,3.20,3.16,3.08,2.39,2.11,2.52,0.76,"",132,37.3,372,24.1,341,21.4,217,13.1,7489588,10.0,731399,35.9,7985,20.0,-284,-7.9
"53000","2","518210","58","0","2022","2","",1,57,56,54,1828478,0,0,2527,"",2.24,2.72,2.62,2.52,3.37,0.00,0.00,1.28,"N",0,0.0,0,0,0,0,0,0,0,0,0,0,0,0,0,0
"53000","5","518210","58","0","2022","2","",1110,25253,26014,26535,1319850150,478602652,3698144,3915,"",1.03,2.36,2.41,2.41,2.58,3.44,2.37,1.08,"",190,20.7,10407,70.1,11051,73.9,11432,75.7,567635837,75.5,261650373,120.6,1178656,46.8,50,1.3
"53003","5","518210","78","0","2022","2","N",2,0,0,0,0,0,0,0,"N",0.78,0,0,0,0,0,0,0,"N",0,0.0,0,0,0,0,0,0,0,0,0,0,0,0,0,0
"53005","5","518210","78","0","2022","2","",11,41,42,41,1088801,901493,22503,2026,"",0.44,0.14,0.15,0.14,0.10,0.26,0.49,0.72,"",1,10.0,-7,-14.6,-5,-10.6,5,13.9,157749,16.9,34080,3.9,-1938,-7.9,386,23.5
"53007","5","518210","78","0","2022","2","",4,24,23,25,327405,327405,3395,1049,"",0.29,0.18,0.18,0.18,0.08,0.26,0.22,0.46,"",-2,-33.3,-25,-51.0,-27,-54.0,-24,-49.0,-765012,-70.0,-278147,-45.9,-5294,-60.9,-654,-38.4
"53009","5","518210","78","0","2022","2","N",3,0,0,0,0,0,0,0,"N",0.29,0,0,0,0,0,0,0,"N",2,200.0,0,0,0,0,0,0,0,0,0,0,0,0,0,0
"53011","5","518210","78","0","2022","2","",96,1117,1120,1116,37463315,18637169,218113,2578,"",1.38,2.08,2.06,2.03,1.83,2.71,2.90,0.89,"",10,11.6,74,7.1,83,8.0,68,6.5,5138002,15.9,2000907,12.0,23524,12.1,193,8.1
"53015","5","518210","78","0","2022","2","N",5,0,0,0,0,0,0,0,"N",0.39,0,0,0,0,0,0,0,"N",0,0.0,0,0,0,0,0,0,0,0,0,0,0,0,0,0
"53017","5","518210","78","0","2022","2","N",3,0,0,0,0,0,0,0,"N",0.59,0,0,0,0,0,0,0,"N",1,50.0,0,0,0,0,0,0,0,0,0,0,0,0,0,0
"53019","5","518210","78","0","2022","2","N",1,0,0,0,0,0,0,0,"N",0.79,0,0,0,0,0,0,0,"N",1,100.0,0,0,0,0,0,0,0,0,0,0,0,0,0,0
"53021","5","518210","78","0","2022","2","N",2,0,0,0,0,0,0,0,"N",0.17,0,0,0,0,0,0,0,"N",1,100.0,0,0,0,0,0,0,0,0,0,0,0,0,0,0
"53025","5","518210","78","0","2022","2","",10,258,268,263,14359676,3494376,67213,4200,"",0.76,2.06,2.11,1.94,3.55,2.61,3.51,1.74,"",2,25.0,38,17.3,48,21.8,46,21.2,-2407938,-14.4,61912,1.8,42737,174.6,-1690,-28.7
"53027","5","518210","78","0","2022","2","N",2,0,0,0,0,0,0,0,"N",0.21,0,0,0,0,0,0,0,"N",0,0.0,0,0,0,0,0,0,0,0,0,0,0,0,0,0
"53029","5","518210","78","0","2022","2","",5,12,13,14,256350,233882,2984,1517,"",0.53,0.22,0.24,0.25,0.15,0.44,0.59,0.64,"",1,25.0,-6,-33.3,-6,-31.6,-7,-33.3,-136656,-34.8,-72468,-23.7,-1100,-26.9,-47,-3.0
"53031","5","518210","78","0","2022","2","N",2,0,0,0,0,0,0,0,"N",0.41,0,0,0,0,0,0,0,"N",0,0.0,0,0,0,0,0,0,0,0,0,0,0,0,0,0
"53033","5","518210","78","0","2022","2","",593,21824,22571,23131,1209466906,421550635,3020434,4133,"",1.56,4.92,5.05,5.08,4.22,6.09,4.16,0.84,"",68,13.0,9961,84.0,10553,87.8,10985,90.4,546433493,82.4,250640876,146.7,1026502,51.5,-114,-2.7
"53035","5","518210","78","0","2022","2","",21,131,139,136,6256095,2585138,12831,3556,"",0.69,0.47,0.49,0.47,0.59,1.10,0.51,1.24,"",5,31.2,54,70.1,60,75.9,54,65.9,3589849,134.6,1364622,111.8,164,1.3,971,37.6
"53037","5","518210","78","0","2022","2","",6,19,22,21,554280,403207,4745,2063,"",0.99,0.38,0.44,0.41,0.39,0.92,0.80,0.94,"",1,20.0,1,5.6,4,22.2,3,16.7,195834,54.6,118382,41.6,3224,212.0,531,34.7
"53039","5","518210","78","0","2022","2","N",2,0,0,0,0,0,0,0,"N",0.56,0,0,0,0,0,0,0,"N",1,100.0,0,0,0,0,0,0,0,0,0,0,0,0,0,0
"53041","5","518210","78","0","2022","2","",3,10,10,10,257422,111127,1099,1980,"",0.29,0.12,0.12,0.12,0.10,0.13,0.12,0.86,"N",0,0.0,0,0,0,0,0,0,0,0,0,0,0,0,0,0
"53045","5","518210","78","0","2022","2","",5,8,8,9,115676,115676,2419,1068,"",0.88,0.18,0.18,0.20,0.09,0.34,0.73,0.48,"N",1,25.0,0,0,0,0,0,0,0,0,0,0,0,0,0,0
"53047","5","518210","78","0","2022","2","N",1,0,0,0,0,0,0,0,"N",0.13,0,0,0,0,0,0,0,"N",1,100.0,0,0,0,0,0,0,0,0,0,0,0,0,0,0
"53049","5","518210","78","0","2022","2","N",2,0,0,0,0,0,0,0,"N",0.59,0,0,0,0,0,0,0,"N",1,100.0,0,0,0,0,0,0,0,0,0,0,0,0,0,0
"53051","5","518210","78","0","2022","2","N",2,0,0,0,0,0,0,0,"N",1.23,0,0,0,0,0,0,0,"N",0,0.0,0,0,0,0,0,0,0,0,0,0,0,0,0,0
"53053","5","518210","78","0","2022","2","",57,176,181,175,4133709,3239919,43200,1793,"",0.58,0.18,0.18,0.17,0.11,0.29,0.33,0.63,"",15,35.7,50,39.7,53,41.4,43,32.6,1700682,69.9,1193248,58.3,11823,37.7,338,23.2
"53055","5","518210","78","0","2022","2","N",3,0,0,0,0,0,0,0,"N",0.67,0,0,0,0,0,0,0,"N",2,200.0,0,0,0,0,0,0,0,0,0,0,0,0,0,0
"53057","5","518210","78","0","2022","2","",4,46,41,42,1668130,785301,8156,2984,"",0.24,0.29,0.26,0.26,0.31,0.43,0.38,1.14,"",0,0.0,5,12.2,0,0.0,0,0.0,-2138148,-56.2,104232,15.3,-3733,-31.4,-4100,-57.9
"53059","5","518210","78","0","2022","2","",3,5,5,3,219829,146424,613,3902,"",2.55,0.81,0.78,0.44,1.23,2.60,0.87,1.83,"N",2,200.0,0,0,0,0,0,0,0,0,0,0,0,0,0,0
"53061","5","518210","78","0","2022","2","",74,333,332,331,9648306,6078975,72206,2235,"",0.79,0.38,0.38,0.37,0.27,0.52,0.53,0.72,"",14,23.3,49,17.3,45,15.7,43,14.9,2998493,45.1,1385937,29.5,21697,43.0,449,25.1
"53063","5","518210","78","0","2022","2","",54,410,410,404,9901187,7216617,92397,1867,"",0.75,0.56,0.56,0.54,0.40,0.94,1.04,0.72,"",13,31.7,47,12.9,57,16.1,41,11.3,2119046,27.2,1248320,20.9,16387,21.6,203,12.2
"53065","5","518210","78","0","2022","2","",3,9,9,9,153772,153772,1237,1314,"",0.62,0.26,0.26,0.25,0.16,0.50,0.30,0.63,"N",2,200.0,0,0,0,0,0,0,0,0,0,0,0,0,0,0
"53067","2","518210","78","0","2022","2","",1,57,56,54,1828478,0,0,2527,"",64.16,76.91,74.33,72.34,120.56,0.00,0.00,1.62,"N",0,0.0,0,0,0,0,0,0,0,0,0,0,0,0,0,0
"53067","5","518210","78","0","2022","2","",49,396,378,384,9992642,4656631,41387,1991,"",1.31,1.05,0.99,1.00,0.70,1.32,1.02,0.69,"",12,32.4,84,26.9,100,36.0,116,43.3,4569194,84.2,1350863,40.9,5506,15.3,532,36.5
"53071","5","518210","78","0","2022","2","",6,27,26,21,427724,331913,6119,1334,"",0.68,0.31,0.30,0.23,0.16,0.41,0.64,0.58,"",2,50.0,3,12.5,-2,-7.1,-6,-22.2,118191,38.2,23380,7.6,2548,71.4,430,47.6
"53073","5","518210","78","0","2022","2","",22,167,172,145,3810285,2782008,14047,1817,"",0.69,0.59,0.61,0.51,0.40,0.87,0.33,0.70,"",4,22.2,-23,-12.1,-16,-8.5,-44,-23.3,726405,23.6,33405,1.2,-6309,-31.0,562,44.8
"53075","5","518210","78","0","2022","2","",5,3,4,4,46669,46669,768,979,"",0.91,0.05,0.07,0.07,0.02,0.10,0.23,0.40,"N",2,66.7,0,0,0,0,0,0,0,0,0,0,0,0,0,0
"53077","5","518210","78","0","2022","2","N",4,0,0,0,0,0,0,0,"N",0.13,0,0,0,0,0,0,0,"N",2,100.0,0,0,0,0,0,0,0,0,0,0,0,0,0,0
"53999","5","518210","78","0","2022","2","",45,144,147,156,6422486,2948499,52562,3316,"N",2.18,0,0,0,0,0,0,0,"N",26,136.8,0,0,0,0,0,0,0,0,0,0,0,0,0,0
"54000","2","518210","58","0","2022","2","",1,47,60,47,704969,0,0,1056,"",10.85,11.56,14.51,11.53,10.45,0.00,0.00,0.83,"N",0,0.0,0,0,0,0,0,0,0,0,0,0,0,0,0,0
"54000","5","518210","58","0","2022","2","",185,1225,1232,1228,23224892,1276186,31167,1454,"",0.83,0.59,0.59,0.59,0.37,0.33,0.35,0.62,"",51,38.1,89,7.8,85,7.4,77,6.7,3831587,19.8,-800977,-38.6,-20819,-40.0,151,11.6
"54003","5","518210","78","0","2022","2","N",8,0,0,0,0,0,0,0,"N",0.83,0,0,0,0,0,0,0,"N",3,60.0,0,0,0,0,0,0,0,0,0,0,0,0,0,0
"54011","5","518210","78","0","2022","2","N",6,0,0,0,0,0,0,0,"N",0.53,0,0,0,0,0,0,0,"N",2,50.0,0,0,0,0,0,0,0,0,0,0,0,0,0,0
"54019","5","518210","78","0","2022","2","N",3,0,0,0,0,0,0,0,"N",0.73,0,0,0,0,0,0,0,"N",0,0.0,0,0,0,0,0,0,0,0,0,0,0,0,0,0
"54025","5","518210","78","0","2022","2","N",1,0,0,0,0,0,0,0,"N",0.21,0,0,0,0,0,0,0,"N",0,0.0,0,0,0,0,0,0,0,0,0,0,0,0,0,0
"54027","5","518210","78","0","2022","2","-",0,0,0,0,0,0,0,0,"N",0.00,0,0,0,0,0,0,0,"N",0,0,0,0,0,0,0,0,0,0,0,0,0,0,0,0
"54029","5","518210","78","0","2022","2","-",0,0,0,0,0,0,0,0,"N",0.00,0,0,0,0,0,0,0,"N",0,0,0,0,0,0,0,0,0,0,0,0,0,0,0,0
"54033","5","518210","78","0","2022","2","N",2,0,0,0,0,0,0,0,"N",0.24,0,0,0,0,0,0,0,"N",0,0.0,0,0,0,0,0,0,0,0,0,0,0,0,0,0
"54035","5","518210","78","0","2022","2","N",2,0,0,0,0,0,0,0,"N",0.80,0,0,0,0,0,0,0,"N",2,100.0,0,0,0,0,0,0,0,0,0,0,0,0,0,0
"54037","5","518210","78","0","2022","2","",9,4,5,8,145199,23426,733,1971,"",1.63,0.08,0.11,0.17,0.10,0.26,0.42,0.82,"N",5,125.0,0,0,0,0,0,0,0,0,0,0,0,0,0,0
"54039","5","518210","78","0","2022","2","",7,240,244,249,3821511,384208,9381,1203,"",0.30,0.84,0.85,0.86,0.42,0.79,0.88,0.50,"",-1,-12.5,19,8.6,21,9.4,22,9.7,432411,12.8,-58146,-13.1,-3525,-27.3,37,3.2
"54049","5","518210","78","0","2022","2","",5,14,14,14,386852,11750,284,2126,"",0.87,0.27,0.27,0.27,0.26,0.11,0.12,0.99,"N",3,150.0,0,0,0,0,0,0,0,0,0,0,0,0,0,0
"54055","5","518210","78","0","2022","2","N",1,0,0,0,0,0,0,0,"N",0.17,0,0,0,0,0,0,0,"N",1,100.0,0,0,0,0,0,0,0,0,0,0,0,0,0,0
"54057","5","518210","78","0","2022","2","N",2,0,0,0,0,0,0,0,"N",0.90,0,0,0,0,0,0,0,"N",0,0.0,0,0,0,0,0,0,0,0,0,0,0,0,0,0
"54061","2","518210","78","0","2022","2","",1,47,60,47,704969,0,0,1056,"",197.10,137.20,173.13,137.55,110.31,0.00,0.00,0.74,"N",0,0.0,0,0,0,0,0,0,0,0,0,0,0,0,0,0
"54061","5","518210","78","0","2022","2","N",8,0,0,0,0,0,0,0,"N",0.66,0,0,0,0,0,0,0,"N",1,14.3,0,0,0,0,0,0,0,0,0,0,0,0,0,0
"54069","5","518210","78","0","2022","2","N",2,0,0,0,0,0,0,0,"N",0.34,0,0,0,0,0,0,0,"N",1,100.0,0,0,0,0,0,0,0,0,0,0,0,0,0,0
"54071","5","518210","78","0","2022","2","-",0,0,0,0,0,0,0,0,"N",0.00,0,0,0,0,0,0,0,"N",-1,-100.0,0,0,0,0,0,0,0,0,0,0,0,0,0,0
"54077","5","518210","78","0","2022","2","N",2,0,0,0,0,0,0,0,"N",0.69,0,0,0,0,0,0,0,"N",1,100.0,0,0,0,0,0,0,0,0,0,0,0,0,0,0
"54081","5","518210","78","0","2022","2","N",2,0,0,0,0,0,0,0,"N",0.22,0,0,0,0,0,0,0,"N",1,100.0,0,0,0,0,0,0,0,0,0,0,0,0,0,0
"54083","5","518210","78","0","2022","2","N",2,0,0,0,0,0,0,0,"N",0.57,0,0,0,0,0,0,0,"N",0,0.0,0,0,0,0,0,0,0,0,0,0,0,0,0,0
"54087","5","518210","78","0","2022","2","-",0,0,0,0,0,0,0,0,"N",0.00,0,0,0,0,0,0,0,"N",0,0,0,0,0,0,0,0,0,0,0,0,0,0,0,0
"54091","5","518210","78","0","2022","2","N",2,0,0,0,0,0,0,0,"N",1.76,0,0,0,0,0,0,0,"N",0,0.0,0,0,0,0,0,0,0,0,0,0,0,0,0,0
"54099","5","518210","78","0","2022","2","N",1,0,0,0,0,0,0,0,"N",0.42,0,0,0,0,0,0,0,"N",1,100.0,0,0,0,0,0,0,0,0,0,0,0,0,0,0
"54107","5","518210","78","0","2022","2","N",3,0,0,0,0,0,0,0,"N",0.33,0,0,0,0,0,0,0,"N",1,50.0,0,0,0,0,0,0,0,0,0,0,0,0,0,0
"54999","5","518210","78","0","2022","2","",117,162,164,155,4763753,264030,8105,2286,"",3.27,1.52,1.53,1.47,1.05,0.90,0.89,0.70,"",32,37.6,18,12.5,13,8.6,0,0.0,695732,17.1,-69506,-20.8,-1884,-18.9,200,9.6
"55000","3","518210","58","0","2022","2","N",1,0,0,0,0,0,0,0,"N",0.58,0,0,0,0,0,0,0,"N",0,0.0,0,0,0,0,0,0,0,0,0,0,0,0,0,0
"55000","5","518210","58","0","2022","2","",344,8372,8356,8390,219115470,14196278,190253,2013,"",0.44,0.95,0.94,0.92,0.75,0.50,0.56,0.80,"",18,5.5,-68,-0.8,-85,-1.0,-45,-0.5,17839889,8.9,-896067,-5.9,-31474,-14.2,178,9.7
"55005","5","518210","78","0","2022","2","N",1,0,0,0,0,0,0,0,"N",0.17,0,0,0,0,0,0,0,"N",-1,-50.0,0,0,0,0,0,0,0,0,0,0,0,0,0,0
"55009","5","518210","78","0","2022","2","N",10,0,0,0,0,0,0,0,"N",0.35,0,0,0,0,0,0,0,"N",-1,-9.1,0,0,0,0,0,0,0,0,0,0,0,0,0,0
"55011","5","518210","78","0","2022","2","N",1,0,0,0,0,0,0,0,"N",0.67,0,0,0,0,0,0,0,"N",0,0.0,0,0,0,0,0,0,0,0,0,0,0,0,0,0
"55015","5","518210","78","0","2022","2","N",1,0,0,0,0,0,0,0,"N",0.30,0,0,0,0,0,0,0,"N",1,100.0,0,0,0,0,0,0,0,0,0,0,0,0,0,0
"55017","5","518210","78","0","2022","2","N",2,0,0,0,0,0,0,0,"N",0.28,0,0,0,0,0,0,0,"N",0,0.0,0,0,0,0,0,0,0,0,0,0,0,0,0,0
"55019","5","518210","78","0","2022","2","N",1,0,0,0,0,0,0,0,"N",0.27,0,0,0,0,0,0,0,"N",0,0.0,0,0,0,0,0,0,0,0,0,0,0,0,0,0
"55025","5","518210","78","0","2022","2","",46,1437,1453,1481,38841932,2839827,44479,2051,"",0.67,1.36,1.37,1.37,0.92,1.01,1.49,0.67,"",7,17.9,59,4.3,73,5.3,81,5.8,7217211,22.8,-107702,-3.7,20170,83.0,296,16.9
"55027","5","518210","78","0","2022","2","N",1,0,0,0,0,0,0,0,"N",0.13,0,0,0,0,0,0,0,"N",0,0.0,0,0,0,0,0,0,0,0,0,0,0,0,0,0
"55029","5","518210","78","0","2022","2","N",1,0,0,0,0,0,0,0,"N",0.19,0,0,0,0,0,0,0,"N",1,100.0,0,0,0,0,0,0,0,0,0,0,0,0,0,0
"55031","5","518210","78","0","2022","2","N",2,0,0,0,0,0,0,0,"N",0.43,0,0,0,0,0,0,0,"N",0,0.0,0,0,0,0,0,0,0,0,0,0,0,0,0,0
"55035","5","518210","78","0","2022","2","N",1,0,0,0,0,0,0,0,"N",0.08,0,0,0,0,0,0,0,"N",0,0.0,0,0,0,0,0,0,0,0,0,0,0,0,0,0
"55039","5","518210","78","0","2022","2","N",1,0,0,0,0,0,0,0,"N",0.10,0,0,0,0,0,0,0,"N",0,0.0,0,0,0,0,0,0,0,0,0,0,0,0,0,0
"55043","5","518210","78","0","2022","2","N",1,0,0,0,0,0,0,0,"N",0.17,0,0,0,0,0,0,0,"N",0,0.0,0,0,0,0,0,0,0,0,0,0,0,0,0,0
"55045","5","518210","78","0","2022","2","N",1,0,0,0,0,0,0,0,"N",0.23,0,0,0,0,0,0,0,"N",0,0.0,0,0,0,0,0,0,0,0,0,0,0,0,0,0
"55055","5","518210","78","0","2022","2","",3,14,14,14,190073,26918,528,1044,"",0.34,0.13,0.13,0.13,0.06,0.08,0.13,0.48,"N",1,50.0,0,0,0,0,0,0,0,0,0,0,0,0,0,0
"55057","5","518210","78","0","2022","2","N",1,0,0,0,0,0,0,0,"N",0.37,0,0,0,0,0,0,0,"N",0,0.0,0,0,0,0,0,0,0,0,0,0,0,0,0,0
"55059","5","518210","78","0","2022","2","",6,41,43,42,896611,46762,673,1642,"",0.39,0.19,0.20,0.19,0.14,0.06,0.06,0.72,"",0,0.0,-102,-71.3,-100,-69.9,-103,-71.0,-7528097,-89.4,-80814,-63.3,-2847,-80.9,-2869,-63.6
"55063","5","518210","78","0","2022","2","N",3,0,0,0,0,0,0,0,"N",0.23,0,0,0,0,0,0,0,"N",-1,-25.0,0,0,0,0,0,0,0,0,0,0,0,0,0,0
"55073","3","518210","78","0","2022","2","N",1,0,0,0,0,0,0,0,"N",31.10,0,0,0,0,0,0,0,"N",0,0.0,0,0,0,0,0,0,0,0,0,0,0,0,0,0
"55073","5","518210","78","0","2022","2","",6,27,25,27,537901,24033,452,1571,"",0.41,0.12,0.11,0.12,0.08,0.03,0.06,0.67,"",0,0.0,6,28.6,2,8.7,5,22.7,234283,77.2,-3589,-13.0,96,27.0,509,47.9
"55075","5","518210","78","0","2022","2","N",1,0,0,0,0,0,0,0,"N",0.21,0,0,0,0,0,0,0,"N",1,100.0,0,0,0,0,0,0,0,0,0,0,0,0,0,0
"55079","5","518210","78","0","2022","2","",39,3295,3256,3222,79445591,3267509,35864,1876,"",0.35,2.31,2.27,2.23,1.58,0.77,0.76,0.70,"",6,18.2,-56,-1.7,-104,-3.1,-143,-4.2,-1035729,-1.3,-1330018,-28.9,-21513,-37.5,33,1.8
"55083","5","518210","78","0","2022","2","N",1,0,0,0,0,0,0,0,"N",0.30,0,0,0,0,0,0,0,"N",0,0.0,0,0,0,0,0,0,0,0,0,0,0,0,0,0
"55085","5","518210","78","0","2022","2","N",1,0,0,0,0,0,0,0,"N",0.18,0,0,0,0,0,0,0,"N",0,0.0,0,0,0,0,0,0,0,0,0,0,0,0,0,0
"55087","5","518210","78","0","2022","2","N",5,0,0,0,0,0,0,0,"N",0.22,0,0,0,0,0,0,0,"N",1,25.0,0,0,0,0,0,0,0,0,0,0,0,0,0,0
"55089","5","518210","78","0","2022","2","N",3,0,0,0,0,0,0,0,"N",0.25,0,0,0,0,0,0,0,"N",0,0.0,0,0,0,0,0,0,0,0,0,0,0,0,0,0
"55093","5","518210","78","0","2022","2","N",1,0,0,0,0,0,0,0,"N",0.25,0,0,0,0,0,0,0,"N",0,0.0,0,0,0,0,0,0,0,0,0,0,0,0,0,0
"55095","5","518210","78","0","2022","2","N",1,0,0,0,0,0,0,0,"N",0.20,0,0,0,0,0,0,0,"N",0,0.0,0,0,0,0,0,0,0,0,0,0,0,0,0,0
"55099","5","518210","78","0","2022","2","N",1,0,0,0,0,0,0,0,"N",0.57,0,0,0,0,0,0,0,"N",0,0.0,0,0,0,0,0,0,0,0,0,0,0,0,0,0
"55101","5","518210","78","0","2022","2","N",3,0,0,0,0,0,0,0,"N",0.16,0,0,0,0,0,0,0,"N",0,0.0,0,0,0,0,0,0,0,0,0,0,0,0,0,0
"55105","5","518210","78","0","2022","2","",7,371,396,402,4776463,1401422,5260,943,"",0.48,1.82,1.93,1.92,0.75,2.05,0.68,0.39,"",-1,-12.5,-39,-9.5,4,1.0,13,3.3,283841,6.3,-87511,-5.9,-17658,-77.0,73,8.4
"55109","5","518210","78","0","2022","2","N",2,0,0,0,0,0,0,0,"N",0.20,0,0,0,0,0,0,0,"N",0,0.0,0,0,0,0,0,0,0,0,0,0,0,0,0,0
"55115","5","518210","78","0","2022","2","N",1,0,0,0,0,0,0,0,"N",0.24,0,0,0,0,0,0,0,"N",-1,-50.0,0,0,0,0,0,0,0,0,0,0,0,0,0,0
"55117","5","518210","78","0","2022","2","N",3,0,0,0,0,0,0,0,"N",0.26,0,0,0,0,0,0,0,"N",-1,-25.0,0,0,0,0,0,0,0,0,0,0,0,0,0,0
"55121","5","518210","78","0","2022","2","N",1,0,0,0,0,0,0,0,"N",0.30,0,0,0,0,0,0,0,"N",1,100.0,0,0,0,0,0,0,0,0,0,0,0,0,0,0
"55123","5","518210","78","0","2022","2","N",2,0,0,0,0,0,0,0,"N",0.67,0,0,0,0,0,0,0,"N",0,0.0,0,0,0,0,0,0,0,0,0,0,0,0,0,0
"55127","5","518210","78","0","2022","2","",6,38,39,37,846685,93761,1684,1714,"",0.48,0.30,0.30,0.27,0.24,0.20,0.33,0.82,"N",3,100.0,0,0,0,0,0,0,0,0,0,0,0,0,0,0
"55131","5","518210","78","0","2022","2","N",5,0,0,0,0,0,0,0,"N",0.34,0,0,0,0,0,0,0,"N",2,66.7,0,0,0,0,0,0,0,0,0,0,0,0,0,0
"55133","5","518210","78","0","2022","2","",26,1154,1157,1146,46912274,1218680,15695,3132,"",0.47,1.55,1.54,1.49,1.72,0.48,0.47,1.13,"",-5,-16.1,-104,-8.3,-101,-8.0,-113,-9.0,4752866,11.3,224006,22.5,2263,16.8,555,21.5
"55135","5","518210","78","0","2022","2","N",2,0,0,0,0,0,0,0,"N",0.37,0,0,0,0,0,0,0,"N",0,0.0,0,0,0,0,0,0,0,0,0,0,0,0,0,0
"55139","5","518210","78","0","2022","2","",6,12,11,11,274007,17667,106,1860,"",0.37,0.04,0.04,0.04,0.03,0.02,0.01,0.74,"",-1,-14.3,-6,-33.3,-7,-38.9,-5,-31.2,-109198,-28.5,-14652,-45.3,-706,-86.9,159,9.3
"55141","5","518210","78","0","2022","2","",3,14,17,13,205156,33106,1078,1076,"",0.36,0.12,0.15,0.11,0.06,0.10,0.29,0.48,"",0,0.0,5,55.6,7,70.0,1,8.3,99318,93.8,15025,83.1,526,95.3,288,36.5
"55999","5","518210","78","0","2022","2","",135,951,953,1012,29572634,3301083,64561,2340,"",1.08,3.20,3.10,3.20,2.03,2.59,2.48,0.64,"",7,5.5,286,43.0,250,35.6,332,48.8,12267237,70.9,958013,40.9,-9018,-12.3,390,20.0
"56000","5","518210","58","0","2022","2","",113,172,174,166,6380502,1276671,21492,2876,"",0.96,0.21,0.21,0.19,0.24,0.22,0.40,1.19,"",43,61.4,8,4.9,11,6.7,2,1.2,3081915,93.4,3380,0.3,-903,-4.0,1326,85.5
"56001","5","518210","78","0","2022","2","",10,9,9,10,397970,18064,496,3280,"",1.58,0.18,0.18,0.19,0.28,0.07,0.33,1.56,"N",4,66.7,0,0,0,0,0,0,0,0,0,0,0,0,0,0
"56003","5","518210","78","0","2022","2","",3,4,4,4,53697,40832,2328,1033,"",1.47,0.32,0.31,0.30,0.15,0.48,1.76,0.49,"N",2,200.0,0,0,0,0,0,0,0,0,0,0,0,0,0,0
"56005","5","518210","78","0","2022","2","",3,7,7,7,220558,39727,499,2424,"",0.38,0.09,0.09,0.09,0.08,0.07,0.09,0.88,"N",2,200.0,0,0,0,0,0,0,0,0,0,0,0,0,0,0
"56009","5","518210","78","0","2022","2","N",1,0,0,0,0,0,0,0,"N",0.40,0,0,0,0,0,0,0,"N",0,0.0,0,0,0,0,0,0,0,0,0,0,0,0,0,0
"56013","5","518210","78","0","2022","2","N",7,0,0,0,0,0,0,0,"N",0.95,0,0,0,0,0,0,0,"N",4,133.3,0,0,0,0,0,0,0,0,0,0,0,0,0,0
"56015","5","518210","78","0","2022","2","-",0,0,0,0,0,0,0,0,"N",0.00,0,0,0,0,0,0,0,"N",-1,-100.0,0,0,0,0,0,0,0,0,0,0,0,0,0,0
"56019","5","518210","78","0","2022","2","N",1,0,0,0,0,0,0,0,"N",0.47,0,0,0,0,0,0,0,"N",0,0.0,0,0,0,0,0,0,0,0,0,0,0,0,0,0
"56021","5","518210","78","0","2022","2","",34,89,89,79,2670263,687639,11531,2398,"",1.90,0.63,0.62,0.54,0.60,0.73,1.67,1.00,"",6,21.4,-30,-25.2,-29,-24.6,-40,-33.6,504125,23.3,-200892,-22.6,-2204,-16.0,994,70.8
"56023","5","518210","78","0","2022","2","",6,5,5,5,197679,70062,2089,3041,"",1.34,0.24,0.23,0.22,0.29,0.47,2.23,1.29,"N",4,200.0,0,0,0,0,0,0,0,0,0,0,0,0,0,0
"56025","5","518210","78","0","2022","2","",5,5,5,6,99451,45564,467,1434,"",0.33,0.04,0.04,0.05,0.03,0.05,0.05,0.60,"N",2,66.7,0,0,0,0,0,0,0,0,0,0,0,0,0,0
"56027","5","518210","78","0","2022","2","N",1,0,0,0,0,0,0,0,"N",2.10,0,0,0,0,0,0,0,"N",1,100.0,0,0,0,0,0,0,0,0,0,0,0,0,0,0
"56029","5","518210","78","0","2022","2","N",5,0,0,0,0,0,0,0,"N",0.68,0,0,0,0,0,0,0,"N",2,66.7,0,0,0,0,0,0,0,0,0,0,0,0,0,0
"56031","5","518210","78","0","2022","2","N",1,0,0,0,0,0,0,0,"N",0.60,0,0,0,0,0,0,0,"N",1,100.0,0,0,0,0,0,0,0,0,0,0,0,0,0,0
"56033","5","518210","78","0","2022","2","",6,13,14,14,237921,113799,1152,1339,"",0.92,0.31,0.33,0.32,0.19,0.38,0.53,0.59,"",2,50.0,1,8.3,2,16.7,3,27.3,29653,14.2,9195,8.8,-1195,-50.9,-34,-2.5
"56035","5","518210","78","0","2022","2","N",1,0,0,0,0,0,0,0,"N",0.44,0,0,0,0,0,0,0,"N",-1,-50.0,0,0,0,0,0,0,0,0,0,0,0,0,0,0
"56037","5","518210","78","0","2022","2","",5,3,4,4,109355,23347,142,2294,"",0.75,0.05,0.06,0.06,0.05,0.06,0.04,0.82,"",2,66.7,1,50.0,2,100.0,1,33.3,65813,151.1,-5191,-18.2,-398,-73.7,859,59.9
"56039","5","518210","78","0","2022","2","",21,20,19,20,1779295,113802,1243,6959,"",1.80,0.32,0.30,0.26,0.66,0.19,0.23,2.25,"N",11,110.0,0,0,0,0,0,0,0,0,0,0,0,0,0,0
"56041","5","518210","78","0","2022","2","N",2,0,0,0,0,0,0,0,"N",0.59,0,0,0,0,0,0,0,"N",2,100.0,0,0,0,0,0,0,0,0,0,0,0,0,0,0
"56043","5","518210","78","0","2022","2","N",1,0,0,0,0,0,0,0,"N",0.58,0,0,0,0,0,0,0,"N",0,0.0,0,0,0,0,0,0,0,0,0,0,0,0,0,0
"72000","5","518210","58","0","2022","2","",49,2612,2602,2636,30115201,3100614,93115,885,"",0.24,0.93,0.93,0.93,0.60,0.68,0.68,0.64,"",5,11.4,96,3.8,116,4.7,147,5.9,1145350,4.0,650357,26.5,27196,41.3,-7,-0.8
"72003","5","518210","78","0","2022","2","N",1,0,0,0,0,0,0,0,"N",0.43,0,0,0,0,0,0,0,"N",0,0.0,0,0,0,0,0,0,0,0,0,0,0,0,0,0
"72021","5","518210","78","0","2022","2","N",3,0,0,0,0,0,0,0,"N",0.25,0,0,0,0,0,0,0,"N",1,50.0,0,0,0,0,0,0,0,0,0,0,0,0,0,0
"72025","5","518210","78","0","2022","2","N",2,0,0,0,0,0,0,0,"N",0.21,0,0,0,0,0,0,0,"N",0,0.0,0,0,0,0,0,0,0,0,0,0,0,0,0,0
"72031","5","518210","78","0","2022","2","N",1,0,0,0,0,0,0,0,"N",0.12,0,0,0,0,0,0,0,"N",-1,-50.0,0,0,0,0,0,0,0,0,0,0,0,0,0,0
"72033","5","518210","78","0","2022","2","N",1,0,0,0,0,0,0,0,"N",0.78,0,0,0,0,0,0,0,"N",0,0.0,0,0,0,0,0,0,0,0,0,0,0,0,0,0
"72035","5","518210","78","0","2022","2","N",1,0,0,0,0,0,0,0,"N",0.51,0,0,0,0,0,0,0,"N",0,0.0,0,0,0,0,0,0,0,0,0,0,0,0,0,0
"72051","5","518210","78","0","2022","2","N",1,0,0,0,0,0,0,0,"N",0.36,0,0,0,0,0,0,0,"N",-1,-50.0,0,0,0,0,0,0,0,0,0,0,0,0,0,0
"72061","5","518210","78","0","2022","2","N",8,0,0,0,0,0,0,0,"N",0.76,0,0,0,0,0,0,0,"N",1,14.3,0,0,0,0,0,0,0,0,0,0,0,0,0,0
"72065","5","518210","78","0","2022","2","-",0,0,0,0,0,0,0,0,"N",0.00,0,0,0,0,0,0,0,"N",0,0,0,0,0,0,0,0,0,0,0,0,0,0,0,0
"72113","5","518210","78","0","2022","2","-",0,0,0,0,0,0,0,0,"N",0.00,0,0,0,0,0,0,0,"N",0,0,0,0,0,0,0,0,0,0,0,0,0,0,0,0
"72117","5","518210","78","0","2022","2","N",1,0,0,0,0,0,0,0,"N",1.08,0,0,0,0,0,0,0,"N",1,100.0,0,0,0,0,0,0,0,0,0,0,0,0,0,0
"72127","5","518210","78","0","2022","2","",25,1737,1751,1813,24764226,1295234,21143,1078,"",0.52,2.32,2.32,2.37,1.49,1.23,0.67,0.64,"",5,25.0,-110,-6.0,-83,-4.5,-29,-1.6,-284332,-1.1,196776,17.9,6306,42.5,31,3.0
"72131","5","518210","78","0","2022","2","N",1,0,0,0,0,0,0,0,"N",0.40,0,0,0,0,0,0,0,"N",0,0.0,0,0,0,0,0,0,0,0,0,0,0,0,0,0
"72999","5","518210","78","0","2022","2","N",4,0,0,0,0,0,0,0,"N",5.06,0,0,0,0,0,0,0,"N",0,0.0,0,0,0,0,0,0,0,0,0,0,0,0,0,0
"78000","5","518210","58","0","2022","2","N",7,0,0,0,0,0,0,0,"N",0.48,0,0,0,0,0,0,0,"N",0,0.0,0,0,0,0,0,0,0,0,0,0,0,0,0,0
"78010","5","518210","78","0","2022","2","N",3,0,0,0,0,0,0,0,"N",0.53,0,0,0,0,0,0,0,"N",0,0.0,0,0,0,0,0,0,0,0,0,0,0,0,0,0
"78030","5","518210","78","0","2022","2","N",4,0,0,0,0,0,0,0,"N",0.53,0,0,0,0,0,0,0,"N",0,0.0,0,0,0,0,0,0,0,0,0,0,0,0,0,0
"C1018","5","518210","48","0","2022","2","N",5,0,0,0,0,0,0,0,"N",0.28,0,0,0,0,0,0,0,"N",-2,-28.6,0,0,0,0,0,0,0,0,0,0,0,0,0,0
"C1038","5","518210","48","0","2022","2","N",3,0,0,0,0,0,0,0,"N",0.17,0,0,0,0,0,0,0,"N",1,50.0,0,0,0,0,0,0,0,0,0,0,0,0,0,0
"C1042","5","518210","48","0","2022","2","N",75,0,0,0,0,0,0,0,"N",0.99,0,0,0,0,0,0,0,"N",17,29.3,0,0,0,0,0,0,0,0,0,0,0,0,0,0
"C1050","5","518210","48","0","2022","2","",4,19,19,15,248051,31558,322,1080,"",0.27,0.11,0.11,0.08,0.05,0.08,0.09,0.50,"N",1,33.3,0,0,0,0,0,0,0,0,0,0,0,0,0,0
"C1054","5","518210","48","0","2022","2","N",1,0,0,0,0,0,0,0,"N",0.06,0,0,0,0,0,0,0,"N",0,0.0,0,0,0,0,0,0,0,0,0,0,0,0,0,0
"C1058","5","518210","48","0","2022","2","",66,1229,1166,1163,31698097,2228515,59699,2056,"",0.67,0.92,0.87,0.85,0.59,0.79,0.76,0.67,"",3,4.8,34,2.8,-54,-4.4,-62,-5.1,3204058,11.2,-135229,-5.7,-24015,-28.7,250,13.8
"C1074","5","518210","48","0","2022","2","",179,580,580,543,14265367,4222222,33607,1933,"",1.68,0.49,0.49,0.46,0.38,0.48,0.59,0.80,"",78,77.2,169,41.1,175,43.2,133,32.4,2449254,20.7,1408240,50.0,14540,76.3,-291,-13.1
"C1078","5","518210","48","0","2022","2","N",3,0,0,0,0,0,0,0,"N",0.18,0,0,0,0,0,0,0,"N",-3,-50.0,0,0,0,0,0,0,0,0,0,0,0,0,0,0
"C1090","5","518210","48","0","2022","2","N",61,0,0,0,0,0,0,0,"N",0.76,0,0,0,0,0,0,0,"N",2,3.4,0,0,0,0,0,0,0,0,0,0,0,0,0,0
"C1102","5","518210","48","0","2022","2","N",2,0,0,0,0,0,0,0,"N",0.14,0,0,0,0,0,0,0,"N",-1,-33.3,0,0,0,0,0,0,0,0,0,0,0,0,0,0
"C1110","5","518210","48","0","2022","2","N",8,0,0,0,0,0,0,0,"N",0.28,0,0,0,0,0,0,0,"N",0,0.0,0,0,0,0,0,0,0,0,0,0,0,0,0,0
"C1118","5","518210","48","0","2022","2","",21,145,141,159,2792233,1205755,3668,1448,"",1.75,1.01,0.98,1.09,0.57,1.17,0.39,0.55,"",6,40.0,-33,-18.5,-26,-15.6,-12,-7.0,699534,33.4,67861,6.0,1177,47.3,512,54.7
"C1126","5","518210","48","0","2022","2","N",26,0,0,0,0,0,0,0,"N",0.59,0,0,0,0,0,0,0,"N",-2,-7.1,0,0,0,0,0,0,0,0,0,0,0,0,0,0
"C1146","5","518210","48","0","2022","2","",68,1105,1100,1098,31034368,754587,16636,2168,"",1.72,1.68,1.68,1.68,1.20,0.92,0.92,0.72,"",-1,-1.4,-45,-3.9,-48,-4.2,-37,-3.3,4065447,15.1,108513,16.8,1264,8.2,355,19.6
"C1150","5","518210","48","0","2022","2","",6,7,7,8,114140,13288,548,1197,"",0.56,0.05,0.05,0.06,0.03,0.07,0.25,0.60,"",2,50.0,1,16.7,2,40.0,4,100.0,42778,59.9,3959,42.4,-133,-19.5,99,9.0
"C1154","5","518210","48","0","2022","2","N",6,0,0,0,0,0,0,0,"N",0.23,0,0,0,0,0,0,0,"N",2,50.0,0,0,0,0,0,0,0,0,0,0,0,0,0,0
"C1164","5","518210","48","0","2022","2","-",0,0,0,0,0,0,0,0,"N",0.00,0,0,0,0,0,0,0,"N",0,0,0,0,0,0,0,0,0,0,0,0,0,0,0,0
"C1170","5","518210","48","0","2022","2","N",52,0,0,0,0,0,0,0,"N",0.73,0,0,0,0,0,0,0,"N",9,20.9,0,0,0,0,0,0,0,0,0,0,0,0,0,0
"C1202","5","518210","48","0","2022","2","N",5,0,0,0,0,0,0,0,"N",0.22,0,0,0,0,0,0,0,"N",2,66.7,0,0,0,0,0,0,0,0,0,0,0,0,0,0
"C1206","5","518210","48","0","2022","2","",706,17912,17874,18002,679274501,25601586,423359,2914,"",0.91,2.12,2.10,2.09,1.98,1.37,2.14,0.94,"",38,5.7,2290,14.7,1686,10.4,1822,11.3,121784889,21.8,2305362,9.9,3307,0.8,233,8.7
"C1210","5","518210","48","0","2022","2","N",7,0,0,0,0,0,0,0,"N",0.25,0,0,0,0,0,0,0,"N",-1,-12.5,0,0,0,0,0,0,0,0,0,0,0,0,0,0
"C1222","5","518210","48","0","2022","2","",30,135,137,137,2434652,154902,3062,1374,"",1.95,0.71,0.72,0.71,0.46,0.49,0.88,0.64,"",9,42.9,22,19.5,20,17.1,17,14.2,558214,29.7,6310,4.2,57,1.9,137,11.1
"C1226","5","518210","48","0","2022","2","",18,78,84,90,1798605,184788,2076,1647,"",0.34,0.11,0.12,0.13,0.08,0.11,0.13,0.68,"",0,0.0,-35,-31.0,24,40.0,35,63.6,175986,10.8,123058,199.3,1581,319.4,5,0.3
"C1242","5","518210","48","0","2022","2","",525,10737,10893,11153,507965826,14201214,252963,3576,"",1.75,2.93,2.96,3.00,3.03,2.01,2.19,1.02,"",90,20.7,1509,16.4,1494,15.9,1415,14.5,101362465,24.9,2711973,23.6,-488,-0.2,268,8.1
"C1254","5","518210","48","0","2022","2","N",7,0,0,0,0,0,0,0,"N",0.07,0,0,0,0,0,0,0,"N",0,0.0,0,0,0,0,0,0,0,0,0,0,0,0,0,0
"C1258","5","518210","48","0","2022","2","N",247,0,0,0,0,0,0,0,"N",0.82,0,0,0,0,0,0,0,"N",91,58.3,0,0,0,0,0,0,0,0,0,0,0,0,0,0
"C1262","5","518210","48","0","2022","2","N",8,0,0,0,0,0,0,0,"N",0.40,0,0,0,0,0,0,0,"N",2,33.3,0,0,0,0,0,0,0,0,0,0,0,0,0,0
"C1270","5","518210","48","0","2022","2","",13,128,129,128,2326409,352648,8459,1394,"",0.32,0.46,0.44,0.39,0.23,0.24,0.22,0.54,"",2,18.2,22,20.8,17,15.2,15,13.3,523414,29.0,50413,16.7,-925,-9.9,137,10.9
"C1294","5","518210","48","0","2022","2","",120,1154,1171,1200,26079961,6736184,108925,1707,"",1.08,0.97,0.98,1.01,0.65,3.50,4.21,0.65,"",34,39.5,173,17.6,150,14.7,57,5.0,4173277,19.1,5268759,359.0,83762,332.9,100,6.2
"C1298","5","518210","48","0","2022","2","N",1,0,0,0,0,0,0,0,"N",0.10,0,0,0,0,0,0,0,"N",-1,-50.0,0,0,0,0,0,0,0,0,0,0,0,0,0,0
"C1302","5","518210","48","0","2022","2","N",2,0,0,0,0,0,0,0,"N",0.23,0,0,0,0,0,0,0,"N",0,0.0,0,0,0,0,0,0,0,0,0,0,0,0,0,0
"C1314","5","518210","48","0","2022","2","N",7,0,0,0,0,0,0,0,"N",0.21,0,0,0,0,0,0,0,"N",2,40.0,0,0,0,0,0,0,0,0,0,0,0,0,0,0
"C1322","5","518210","48","0","2022","2","N",5,0,0,0,0,0,0,0,"N",0.38,0,0,0,0,0,0,0,"N",1,25.0,0,0,0,0,0,0,0,0,0,0,0,0,0,0
"C1338","5","518210","48","0","2022","2","",22,167,172,145,3810285,2782008,14047,1817,"",0.69,0.59,0.61,0.51,0.40,0.87,0.33,0.70,"",4,22.2,-23,-12.1,-16,-8.5,-44,-23.3,726405,23.6,33405,1.2,-6309,-31.0,562,44.8
"C1346","5","518210","48","0","2022","2","",30,51,54,56,1258991,783685,16732,1805,"",0.66,0.19,0.20,0.20,0.13,0.26,0.32,0.69,"",6,25.0,11,27.5,12,28.6,13,30.2,399869,46.5,202613,34.9,2342,16.3,219,13.8
"C1374","5","518210","48","0","2022","2","N",12,0,0,0,0,0,0,0,"N",0.39,0,0,0,0,0,0,0,"N",4,50.0,0,0,0,0,0,0,0,0,0,0,0,0,0,0
"C1378","5","518210","48","0","2022","2","",9,322,323,281,2474002,797764,26666,617,"",0.43,1.13,1.11,0.96,0.27,1.21,1.38,0.25,"N",0,0.0,0,0,0,0,0,0,0,0,0,0,0,0,0,0
"C1382","5","518210","48","0","2022","2","",165,471,490,493,11364960,545826,10263,1804,"",1.24,0.31,0.32,0.32,0.21,0.22,0.38,0.67,"",53,47.3,-47,-9.1,-26,-5.0,-18,-3.5,761920,7.2,84988,18.4,-353,-3.3,220,13.9
"C1390","5","518210","48","0","2022","2","N",22,0,0,0,0,0,0,0,"N",1.02,0,0,0,0,0,0,0,"N",16,266.7,0,0,0,0,0,0,0,0,0,0,0,0,0,0
"C1398","5","518210","48","0","2022","2","N",9,0,0,0,0,0,0,0,"N",0.48,0,0,0,0,0,0,0,"N",1,12.5,0,0,0,0,0,0,0,0,0,0,0,0,0,0
"C1401","5","518210","48","0","2022","2","N",6,0,0,0,0,0,0,0,"N",0.41,0,0,0,0,0,0,0,"N",1,20.0,0,0,0,0,0,0,0,0,0,0,0,0,0,0
"C1402","5","518210","48","0","2022","2","N",6,0,0,0,0,0,0,0,"N",0.42,0,0,0,0,0,0,0,"N",2,50.0,0,0,0,0,0,0,0,0,0,0,0,0,0,0
"C1410","5","518210","48","0","2022","2","N",2,0,0,0,0,0,0,0,"N",0.24,0,0,0,0,0,0,0,"N",1,100.0,0,0,0,0,0,0,0,0,0,0,0,0,0,0
"C1426","5","518210","48","0","2022","2","N",119,0,0,0,0,0,0,0,"N",0.97,0,0,0,0,0,0,0,"N",36,43.4,0,0,0,0,0,0,0,0,0,0,0,0,0,0
"C1446","5","518210","48","0","2022","2","N",772,0,0,0,0,0,0,0,"N",1.04,0,0,0,0,0,0,0,"N",153,24.7,0,0,0,0,0,0,0,0,0,0,0,0,0,0
"C1450","5","518210","48","0","2022","2","",207,1572,1554,1496,55413087,3711809,83219,2767,"",2.79,2.64,2.59,2.47,1.91,1.54,2.37,0.74,"",18,9.5,292,22.8,256,19.7,186,14.2,13498821,32.2,860260,30.2,19264,30.1,279,11.2
"C1454","5","518210","48","0","2022","2","N",10,0,0,0,0,0,0,0,"N",0.47,0,0,0,0,0,0,0,"N",2,25.0,0,0,0,0,0,0,0,0,0,0,0,0,0,0
"C1474","5","518210","48","0","2022","2","",21,131,139,136,6256095,2585138,12831,3556,"",0.69,0.47,0.49,0.47,0.59,1.10,0.51,1.24,"",5,31.2,54,70.1,60,75.9,54,65.9,3589849,134.6,1364622,111.8,164,1.3,971,37.6
"C1486","5","518210","48","0","2022","2","",465,1295,1306,1314,53856918,3033085,90534,3175,"",2.82,1.03,1.03,1.02,0.78,0.72,0.78,0.76,"",61,15.1,325,33.5,323,32.9,291,28.4,14488860,36.8,44961,1.5,-581,-0.6,122,4.0
"C1518","5","518210","48","0","2022","2","",5,8,10,9,148957,25335,1277,1273,"",0.18,0.02,0.02,0.02,0.01,0.03,0.09,0.70,"",1,25.0,0,0.0,2,25.0,1,12.5,19276,14.9,-16715,-39.8,148,13.1,26,2.1
"C1526","5","518210","48","0","2022","2","N",2,0,0,0,0,0,0,0,"N",0.14,0,0,0,0,0,0,0,"N",-2,-50.0,0,0,0,0,0,0,0,0,0,0,0,0,0,0
"C1538","5","518210","48","0","2022","2","N",48,0,0,0,0,0,0,0,"N",0.40,0,0,0,0,0,0,0,"N",-1,-2.0,0,0,0,0,0,0,0,0,0,0,0,0,0,0
"C1550","5","518210","48","0","2022","2","N",5,0,0,0,0,0,0,0,"N",0.27,0,0,0,0,0,0,0,"N",1,25.0,0,0,0,0,0,0,0,0,0,0,0,0,0,0
"C1554","5","518210","48","0","2022","2","N",66,0,0,0,0,0,0,0,"N",1.60,0,0,0,0,0,0,0,"N",23,53.5,0,0,0,0,0,0,0,0,0,0,0,0,0,0
"C1568","5","518210","48","0","2022","2","N",1,0,0,0,0,0,0,0,"N",0.11,0,0,0,0,0,0,0,"N",1,100.0,0,0,0,0,0,0,0,0,0,0,0,0,0,0
"C1594","5","518210","48","0","2022","2","N",27,0,0,0,0,0,0,0,"N",0.70,0,0,0,0,0,0,0,"N",6,28.6,0,0,0,0,0,0,0,0,0,0,0,0,0,0
"C1598","5","518210","48","0","2022","2","",68,305,306,320,6332005,285896,4815,1570,"",0.63,0.34,0.35,0.37,0.23,0.21,0.49,0.64,"",10,17.2,45,17.3,46,17.7,48,17.6,1230780,24.1,76455,36.5,2033,73.1,84,5.7
"C1602","5","518210","48","0","2022","2","N",3,0,0,0,0,0,0,0,"N",0.23,0,0,0,0,0,0,0,"N",2,200.0,0,0,0,0,0,0,0,0,0,0,0,0,0,0
"C1606","5","518210","48","0","2022","2","N",2,0,0,0,0,0,0,0,"N",0.20,0,0,0,0,0,0,0,"N",1,100.0,0,0,0,0,0,0,0,0,0,0,0,0,0,0
"C1618","5","518210","48","0","2022","2","",4,19,18,17,327910,190050,3414,1401,"",0.46,0.20,0.19,0.18,0.10,0.27,0.31,0.52,"",1,33.3,7,58.3,6,50.0,4,30.8,162195,97.9,37195,24.3,1547,82.9,367,35.5
"C1622","5","518210","48","0","2022","2","",5,5,5,6,99451,45564,467,1434,"",0.33,0.04,0.04,0.05,0.03,0.05,0.05,0.60,"N",2,66.7,0,0,0,0,0,0,0,0,0,0,0,0,0,0
"C1630","5","518210","48","0","2022","2","",48,692,684,675,14582348,6256694,103433,1641,"",1.33,1.62,1.58,1.53,0.97,1.57,2.14,0.61,"N",10,26.3,0,0,0,0,0,0,0,0,0,0,0,0,0,0
"C1654","5","518210","48","0","2022","2","",5,16,16,16,427191,6283,384,2054,"",0.37,0.09,0.09,0.09,0.08,0.02,0.04,0.91,"N",1,25.0,0,0,0,0,0,0,0,0,0,0,0,0,0,0
"C1658","5","518210","48","0","2022","2","N",18,0,0,0,0,0,0,0,"N",0.92,0,0,0,0,0,0,0,"N",1,5.9,0,0,0,0,0,0,0,0,0,0,0,0,0,0
"C1662","5","518210","48","0","2022","2","",7,240,244,249,3821511,384208,9381,1203,"",0.27,0.79,0.80,0.81,0.40,0.74,0.83,0.50,"",-1,-12.5,19,8.6,21,9.4,22,9.7,432411,12.8,-58146,-13.1,-3525,-27.3,37,3.2
"C1670","5","518210","48","0","2022","2","",167,901,903,908,26267075,3537331,29367,2235,"",1.56,0.82,0.81,0.80,0.69,0.90,0.88,0.85,"N",42,33.6,0,0,0,0,0,0,0,0,0,0,0,0,0,0
"C1674","5","518210","48","0","2022","2","",313,3394,3500,3564,118031037,22421942,177994,2605,"",0.89,0.87,0.89,0.90,0.78,0.75,1.01,0.88,"",55,21.3,158,4.9,259,8.0,306,9.4,17519037,17.4,3889890,21.0,40628,29.6,222,9.3
"C1682","5","518210","48","0","2022","2","",17,73,71,76,2734119,98584,2030,2868,"",0.46,0.21,0.21,0.22,0.22,0.21,0.46,1.06,"N",5,41.7,0,0,0,0,0,0,0,0,0,0,0,0,0,0
"C1686","5","518210","48","0","2022","2","",74,595,615,634,24417550,681340,10936,3056,"",1.22,0.77,0.79,0.81,0.96,0.56,1.00,1.22,"",20,37.0,-13,-2.1,-7,-1.1,-14,-2.2,4673668,23.7,-780665,-53.4,-1774,-14.0,630,26.0
"C1694","5","518210","48","0","2022","2","",34,89,89,79,2670263,687639,11531,2398,"",1.90,0.63,0.62,0.54,0.60,0.73,1.67,1.00,"",6,21.4,-30,-25.2,-29,-24.6,-40,-33.6,504125,23.3,-200892,-22.6,-2204,-16.0,994,70.8
"C1698","5","518210","48","0","2022","2","",540,11280,11340,11261,440230548,14149793,321182,2998,"",0.53,0.83,0.83,0.81,0.78,0.35,0.36,0.94,"",31,6.1,1134,11.2,1133,11.1,887,8.6,20593580,4.9,781450,5.8,25589,8.7,-154,-4.9
"C1702","5","518210","48","0","2022","2","N",3,0,0,0,0,0,0,0,"N",0.09,0,0,0,0,0,0,0,"N",-2,-40.0,0,0,0,0,0,0,0,0,0,0,0,0,0,0
"C1714","5","518210","48","0","2022","2","",284,1718,1754,1751,50287689,2545654,56902,2222,"",1.14,0.53,0.53,0.53,0.42,0.39,0.46,0.80,"",70,32.7,262,18.0,303,20.9,297,20.4,11882737,30.9,841665,49.4,14416,33.9,190,9.4
"C1730","5","518210","48","0","2022","2","N",23,0,0,0,0,0,0,0,"N",0.90,0,0,0,0,0,0,0,"N",6,35.3,0,0,0,0,0,0,0,0,0,0,0,0,0,0
"C1742","5","518210","48","0","2022","2","",7,7,8,9,178902,3611,69,1720,"",0.70,0.05,0.06,0.06,0.05,0.02,0.04,0.80,"",2,40.0,1,16.7,2,33.3,2,28.6,90495,102.4,-10434,-74.3,-240,-77.7,646,60.1
"C1746","5","518210","48","0","2022","2","",260,3524,3531,3566,95233591,3161387,84384,2069,"",1.09,1.16,1.15,1.15,0.86,0.59,0.70,0.75,"N",41,18.7,0,0,0,0,0,0,0,0,0,0,0,0,0,0
"C1766","5","518210","48","0","2022","2","",22,39,39,40,1536726,440134,3608,3005,"",0.77,0.19,0.18,0.18,0.25,0.21,0.31,1.36,"",4,22.2,7,21.9,4,11.4,6,17.6,498515,48.0,39438,9.8,272,8.2,633,26.7
"C1778","5","518210","48","0","2022","2","",16,145,144,153,2696932,177087,2679,1408,"",0.67,0.37,0.37,0.40,0.24,0.29,0.29,0.62,"",3,23.1,39,36.8,36,33.3,46,43.0,1006314,59.5,23070,15.0,-1376,-33.9,193,15.9
"C1782","5","518210","48","0","2022","2","N",141,0,0,0,0,0,0,0,"N",1.38,0,0,0,0,0,0,0,"N",18,14.6,0,0,0,0,0,0,0,0,0,0,0,0,0,0
"C1786","5","518210","48","0","2022","2","",10,6,6,6,67486,14191,200,865,"",0.47,0.02,0.02,0.02,0.01,0.02,0.03,0.37,"",2,25.0,1,20.0,1,20.0,1,20.0,-54042,-44.5,7593,115.1,154,334.8,-1005,-53.7
"C1790","5","518210","48","0","2022","2","",104,474,490,485,9129793,1681144,23853,1454,"",1.18,0.40,0.42,0.41,0.25,0.43,0.63,0.62,"",28,36.8,-65,-12.1,-37,-7.0,-4,-0.8,517811,6.0,193185,13.0,-5305,-18.2,176,13.8
"C1798","5","518210","48","0","2022","2","",16,170,170,175,2619732,179168,2337,1174,"",0.56,0.49,0.49,0.50,0.27,0.26,0.31,0.55,"",5,45.5,-36,-17.5,-32,-15.8,-14,-7.4,-204608,-7.2,-362054,-66.9,-2587,-52.5,82,7.5
"C1802","5","518210","48","0","2022","2","N",3,0,0,0,0,0,0,0,"N",0.37,0,0,0,0,0,0,0,"N",2,200.0,0,0,0,0,0,0,0,0,0,0,0,0,0,0
"C1814","5","518210","48","0","2022","2","",318,2860,2863,2902,73880141,2893310,69177,1977,"",1.40,0.88,0.87,0.88,0.64,0.49,0.57,0.72,"",70,28.2,420,17.2,416,17.0,450,18.4,16205438,28.1,893091,44.6,10881,18.7,163,9.0
"C1858","5","518210","48","0","2022","2","",7,46,45,47,681597,92456,2469,1140,"",0.17,0.08,0.08,0.08,0.04,0.08,0.12,0.48,"N",1,16.7,0,0,0,0,0,0,0,0,0,0,0,0,0,0
"C1870","5","518210","48","0","2022","2","",14,24,24,24,553762,367709,10835,1775,"",1.11,0.21,0.20,0.20,0.13,0.40,0.74,0.64,"",4,40.0,-2,-7.7,-4,-14.3,-2,-7.7,-85096,-13.3,-21797,-5.6,-1150,-9.6,-68,-3.7
"C1888","5","518210","48","0","2022","2","",30,185,187,196,4584211,191183,995,1862,"",0.67,0.49,0.49,0.52,0.38,0.31,0.26,0.75,"",4,15.4,9,5.1,3,1.6,9,4.8,1190987,35.1,-35233,-15.6,-243,-19.6,430,30.0
"C1906","5","518210","48","0","2022","2","N",4,0,0,0,0,0,0,0,"N",0.48,0,0,0,0,0,0,0,"N",0,0.0,0,0,0,0,0,0,0,0,0,0,0,0,0,0
"C1910","5","518210","48","0","2022","2","",744,15419,15445,15459,531031516,17616907,516652,2645,"",0.88,1.31,1.30,1.29,1.08,0.74,1.35,0.83,"",105,16.4,1608,11.6,1658,12.0,1643,11.9,83839212,18.7,3593755,25.6,2326,0.5,153,6.1
"C1918","5","518210","48","0","2022","2","N",1,0,0,0,0,0,0,0,"N",0.19,0,0,0,0,0,0,0,"N",0,0.0,0,0,0,0,0,0,0,0,0,0,0,0,0,0
"C1930","5","518210","48","0","2022","2","",34,87,96,70,1427463,178150,2792,1302,"",1.11,0.36,0.39,0.27,0.22,0.34,0.50,0.64,"",12,54.5,11,14.5,22,29.7,5,7.7,227428,19.0,124349,231.1,1630,140.3,14,1.1
"C1934","5","518210","48","0","2022","2","",20,37,37,37,1176398,436306,3599,2446,"",0.49,0.07,0.07,0.07,0.07,0.14,0.07,1.00,"",3,17.6,9,32.1,9,32.1,7,23.3,509807,76.5,257348,143.8,1793,99.3,657,36.7
"C1938","5","518210","48","0","2022","2","",64,380,371,384,8987557,366329,8674,1827,"",0.83,0.34,0.33,0.34,0.24,0.20,0.24,0.71,"",13,25.5,107,39.2,107,40.5,96,33.3,2716945,43.3,115581,46.1,-1198,-12.1,73,4.2
"C1946","5","518210","48","0","2022","2","",9,34,34,35,434779,17534,123,974,"",0.63,0.20,0.20,0.20,0.08,0.06,0.04,0.40,"",-2,-18.2,-10,-22.7,-10,-22.7,-7,-16.7,-114695,-20.9,-50577,-74.3,-933,-88.4,-1,-0.1
"C1950","5","518210","48","0","2022","2","N",1,0,0,0,0,0,0,0,"N",0.12,0,0,0,0,0,0,0,"N",0,0.0,0,0,0,0,0,0,0,0,0,0,0,0,0,0
"C1966","5","518210","48","0","2022","2","",40,241,243,243,3443620,463852,9487,1093,"",0.51,0.38,0.38,0.38,0.19,0.50,1.52,0.51,"N",6,17.6,0,0,0,0,0,0,0,0,0,0,0,0,0,0
"C1974","5","518210","48","0","2022","2","",1099,13490,13536,13531,548231236,34884459,650227,3119,"",2.17,2.80,2.79,2.75,2.50,1.56,2.00,0.90,"",118,12.0,1307,10.7,1261,10.3,1148,9.3,68411448,14.3,8434123,31.9,68623,11.8,113,3.8
"C1978","5","518210","48","0","2022","2","",157,1364,1507,1459,37857438,14269298,229170,2018,"",1.53,1.19,1.30,1.23,0.89,1.32,1.82,0.71,"",35,28.7,18,1.3,163,12.1,126,9.5,6166834,19.5,3603762,33.8,78612,52.2,200,11.0
"C1982","5","518210","48","0","2022","2","N",368,0,0,0,0,0,0,0,"N",0.82,0,0,0,0,0,0,0,"N",5,1.4,0,0,0,0,0,0,0,0,0,0,0,0,0,0
"C2002","5","518210","48","0","2022","2","N",6,0,0,0,0,0,0,0,"N",0.35,0,0,0,0,0,0,0,"N",2,50.0,0,0,0,0,0,0,0,0,0,0,0,0,0,0
"C2010","5","518210","48","0","2022","2","",22,18,19,19,538776,56476,721,2220,"",1.06,0.08,0.09,0.09,0.09,0.08,0.06,0.99,"N",8,57.1,0,0,0,0,0,0,0,0,0,0,0,0,0,0
"C2022","5","518210","48","0","2022","2","",13,167,166,165,5003832,1513486,12931,2319,"",0.89,0.94,0.92,0.90,0.92,0.88,0.56,1.00,"N",5,62.5,0,0,0,0,0,0,0,0,0,0,0,0,0,0
"C2026","5","518210","48","0","2022","2","",9,154,148,148,1601395,818591,3491,821,"",0.30,0.41,0.39,0.38,0.13,0.32,0.11,0.34,"N",0,0.0,0,0,0,0,0,0,0,0,0,0,0,0,0,0
"C2050","5","518210","48","0","2022","2","",107,858,861,890,36281447,4424177,36823,3209,"",1.46,0.85,0.84,0.87,0.82,0.75,1.18,0.96,"",20,23.0,112,15.0,106,14.0,95,11.9,5719987,18.7,1106077,33.3,9567,35.1,137,4.5
"C2070","5","518210","48","0","2022","2","N",3,0,0,0,0,0,0,0,"N",0.21,0,0,0,0,0,0,0,"N",0,0.0,0,0,0,0,0,0,0,0,0,0,0,0,0,0
"C2074","5","518210","48","0","2022","2","N",3,0,0,0,0,0,0,0,"N",0.16,0,0,0,0,0,0,0,"N",0,0.0,0,0,0,0,0,0,0,0,0,0,0,0,0,0
"C2094","5","518210","48","0","2022","2","N",1,0,0,0,0,0,0,0,"N",0.03,0,0,0,0,0,0,0,"N",1,100.0,0,0,0,0,0,0,0,0,0,0,0,0,0,0
"C2106","5","518210","48","0","2022","2","",13,96,115,132,2725252,132094,2601,1834,"",0.80,0.59,0.71,0.80,0.57,0.34,0.50,0.81,"",1,8.3,8,9.1,28,32.2,46,53.5,601338,28.3,104164,372.9,2130,452.2,-44,-2.3
"C2114","5","518210","48","0","2022","2","",5,18,18,18,499042,35492,695,2133,"",0.25,0.04,0.04,0.04,0.03,0.04,0.06,0.74,"N",3,150.0,0,0,0,0,0,0,0,0,0,0,0,0,0,0
"C2134","5","518210","48","0","2022","2","",35,1275,1307,1282,15413884,2728758,74125,921,"",0.52,1.30,1.33,1.30,0.58,1.34,2.65,0.45,"",12,52.2,108,9.3,144,12.4,197,18.2,-3718096,-19.4,733176,36.7,28299,61.8,-372,-28.8
"C2150","5","518210","48","0","2022","2","N",6,0,0,0,0,0,0,0,"N",0.22,0,0,0,0,0,0,0,"N",2,50.0,0,0,0,0,0,0,0,0,0,0,0,0,0,0
"C2166","5","518210","48","0","2022","2","N",29,0,0,0,0,0,0,0,"N",0.52,0,0,0,0,0,0,0,"N",7,31.8,0,0,0,0,0,0,0,0,0,0,0,0,0,0
"C2178","5","518210","48","0","2022","2","N",8,0,0,0,0,0,0,0,"N",0.25,0,0,0,0,0,0,0,"N",3,60.0,0,0,0,0,0,0,0,0,0,0,0,0,0,0
"C2182","5","518210","48","0","2022","2","",7,12,12,13,651760,149802,4214,4065,"",0.75,0.11,0.11,0.12,0.17,0.15,0.22,1.49,"",1,16.7,6,100.0,5,71.4,5,62.5,431187,195.5,99998,200.8,3098,277.6,1641,67.7
"C2202","5","518210","48","0","2022","2","N",86,0,0,0,0,0,0,0,"N",2.14,0,0,0,0,0,0,0,"N",63,273.9,0,0,0,0,0,0,0,0,0,0,0,0,0,0
"C2214","5","518210","48","0","2022","2","",4,4,3,3,62313,16188,150,1438,"",0.33,0.03,0.02,0.02,0.02,0.02,0.02,0.64,"N",2,100.0,0,0,0,0,0,0,0,0,0,0,0,0,0,0
"C2218","5","518210","48","0","2022","2","N",10,0,0,0,0,0,0,0,"N",0.32,0,0,0,0,0,0,0,"N",4,66.7,0,0,0,0,0,0,0,0,0,0,0,0,0,0
"C2222","5","518210","48","0","2022","2","",89,474,478,488,11227730,819511,13765,1799,"",1.49,0.59,0.59,0.60,0.42,0.41,0.99,0.71,"",9,11.2,22,4.9,25,5.5,19,4.1,1531057,15.8,34163,4.4,-13079,-48.7,170,10.4
"C2238","5","518210","48","0","2022","2","N",6,0,0,0,0,0,0,0,"N",0.39,0,0,0,0,0,0,0,"N",0,0.0,0,0,0,0,0,0,0,0,0,0,0,0,0,0
"C2242","5","518210","48","0","2022","2","",15,71,72,68,987855,109398,1964,1080,"",0.50,0.18,0.18,0.17,0.08,0.13,0.09,0.48,"",-3,-16.7,-30,-29.7,-30,-29.4,-33,-32.7,38458,4.1,-104325,-48.8,-1724,-46.7,359,49.8
"C2250","5","518210","48","0","2022","2","",8,21,18,23,513599,96661,651,1912,"",0.43,0.08,0.07,0.09,0.07,0.10,0.07,0.89,"",2,33.3,4,23.5,3,20.0,4,21.1,161469,45.9,16961,21.3,-48,-6.9,319,20.0
"C2252","5","518210","48","0","2022","2","N",6,0,0,0,0,0,0,0,"N",0.40,0,0,0,0,0,0,0,"N",3,100.0,0,0,0,0,0,0,0,0,0,0,0,0,0,0
"C2254","5","518210","48","0","2022","2","N",1,0,0,0,0,0,0,0,"N",0.10,0,0,0,0,0,0,0,"N",0,0.0,0,0,0,0,0,0,0,0,0,0,0,0,0,0
"C2266","5","518210","48","0","2022","2","",82,485,473,299,10302660,1981663,38046,1891,"",1.40,0.92,0.89,0.55,0.55,0.83,1.13,0.70,"",8,10.8,-144,-22.9,-139,-22.7,-291,-49.3,-773143,-7.0,327156,19.8,3685,10.7,495,35.5
"C2290","5","518210","48","0","2022","2","N",12,0,0,0,0,0,0,0,"N",0.45,0,0,0,0,0,0,0,"N",5,71.4,0,0,0,0,0,0,0,0,0,0,0,0,0,0
"C2306","5","518210","48","0","2022","2","N",18,0,0,0,0,0,0,0,"N",0.40,0,0,0,0,0,0,0,"N",2,12.5,0,0,0,0,0,0,0,0,0,0,0,0,0,0
"C2342","5","518210","48","0","2022","2","N",12,0,0,0,0,0,0,0,"N",0.08,0,0,0,0,0,0,0,"N",0,0.0,0,0,0,0,0,0,0,0,0,0,0,0,0,0
"C2346","5","518210","48","0","2022","2","N",1,0,0,0,0,0,0,0,"N",0.11,0,0,0,0,0,0,0,"N",0,0.0,0,0,0,0,0,0,0,0,0,0,0,0,0,0
"C2354","5","518210","48","0","2022","2","N",23,0,0,0,0,0,0,0,"N",0.69,0,0,0,0,0,0,0,"N",6,35.3,0,0,0,0,0,0,0,0,0,0,0,0,0,0
"C2358","5","518210","48","0","2022","2","",7,34,36,37,756097,83924,1502,1631,"",0.32,0.12,0.12,0.12,0.08,0.13,0.26,0.63,"N",0,0.0,0,0,0,0,0,0,0,0,0,0,0,0,0,0
"C2390","5","518210","48","0","2022","2","",3,3,3,3,36443,3638,354,934,"",0.35,0.03,0.03,0.03,0.01,0.02,0.06,0.42,"N",2,200.0,0,0,0,0,0,0,0,0,0,0,0,0,0,0
"C2402","5","518210","48","0","2022","2","N",3,0,0,0,0,0,0,0,"N",0.20,0,0,0,0,0,0,0,"N",0,0.0,0,0,0,0,0,0,0,0,0,0,0,0,0,0
"C2422","5","518210","48","0","2022","2","",14,13,13,15,288085,182765,1516,1621,"",0.99,0.08,0.08,0.09,0.06,0.15,0.17,0.69,"",9,180.0,5,62.5,3,30.0,5,50.0,116241,67.6,28607,18.6,1204,385.9,205,14.5
"C2426","5","518210","48","0","2022","2","N",1,0,0,0,0,0,0,0,"N",0.08,0,0,0,0,0,0,0,"N",1,100.0,0,0,0,0,0,0,0,0,0,0,0,0,0,0
"C2430","5","518210","48","0","2022","2","",11,72,74,75,1578432,301170,5880,1648,"",0.50,0.36,0.37,0.37,0.27,0.32,0.37,0.72,"",0,0.0,8,12.5,10,15.6,10,15.4,396217,33.5,146277,94.4,3341,131.6,234,16.5
"C2434","5","518210","48","0","2022","2","",84,837,826,830,17683668,782405,22964,1637,"",0.79,0.48,0.47,0.47,0.32,0.23,0.31,0.67,"",-1,-1.2,22,2.7,19,2.4,30,3.8,1738521,10.9,-860,-0.1,1407,6.5,118,7.8
"C2442","5","518210","48","0","2022","2","",5,10,11,11,309054,98249,1850,2229,"",0.44,0.11,0.12,0.12,0.12,0.13,0.13,1.09,"",-1,-16.7,-3,-23.1,-1,-8.3,-4,-26.7,-32332,-9.5,-104226,-51.5,-3657,-66.4,259,13.1
"C2450","5","518210","48","0","2022","2","N",4,0,0,0,0,0,0,0,"N",0.34,0,0,0,0,0,0,0,"N",1,33.3,0,0,0,0,0,0,0,0,0,0,0,0,0,0
"C2454","5","518210","48","0","2022","2","N",39,0,0,0,0,0,0,0,"N",1.08,0,0,0,0,0,0,0,"N",6,18.2,0,0,0,0,0,0,0,0,0,0,0,0,0,0
"C2458","5","518210","48","0","2022","2","N",11,0,0,0,0,0,0,0,"N",0.32,0,0,0,0,0,0,0,"N",-1,-8.3,0,0,0,0,0,0,0,0,0,0,0,0,0,0
"C2466","5","518210","48","0","2022","2","",39,458,465,469,16497281,3382658,14836,2735,"",0.44,0.42,0.43,0.43,0.49,0.41,0.36,1.16,"",9,30.0,-43,-8.6,-35,-7.0,-25,-5.1,-3212314,-16.3,-195417,-5.5,-2062,-12.2,-307,-10.1
"C2478","5","518210","48","0","2022","2","N",9,0,0,0,0,0,0,0,"N",0.53,0,0,0,0,0,0,0,"N",3,50.0,0,0,0,0,0,0,0,0,0,0,0,0,0,0
"C2486","5","518210","48","0","2022","2","N",122,0,0,0,0,0,0,0,"N",1.19,0,0,0,0,0,0,0,"N",32,35.6,0,0,0,0,0,0,0,0,0,0,0,0,0,0
"C2506","5","518210","48","0","2022","2","N",7,0,0,0,0,0,0,0,"N",0.21,0,0,0,0,0,0,0,"N",1,16.7,0,0,0,0,0,0,0,0,0,0,0,0,0,0
"C2518","5","518210","48","0","2022","2","N",14,0,0,0,0,0,0,0,"N",0.59,0,0,0,0,0,0,0,"N",4,40.0,0,0,0,0,0,0,0,0,0,0,0,0,0,0
"C2522","5","518210","48","0","2022","2","N",5,0,0,0,0,0,0,0,"N",0.36,0,0,0,0,0,0,0,"N",1,25.0,0,0,0,0,0,0,0,0,0,0,0,0,0,0
"C2526","5","518210","48","0","2022","2","N",2,0,0,0,0,0,0,0,"N",0.11,0,0,0,0,0,0,0,"N",0,0.0,0,0,0,0,0,0,0,0,0,0,0,0,0,0
"C2542","5","518210","48","0","2022","2","",37,565,562,584,12649934,733302,32094,1706,"",0.60,0.57,0.56,0.57,0.35,0.39,0.60,0.63,"",1,2.8,19,3.5,19,3.5,38,7.0,1179732,10.3,425343,138.1,18384,134.1,87,5.4
"C2550","5","518210","48","0","2022","2","N",3,0,0,0,0,0,0,0,"N",0.19,0,0,0,0,0,0,0,"N",0,0.0,0,0,0,0,0,0,0,0,0,0,0,0,0,0
"C2554","5","518210","48","0","2022","2","N",253,0,0,0,0,0,0,0,"N",1.52,0,0,0,0,0,0,0,"N",32,14.5,0,0,0,0,0,0,0,0,0,0,0,0,0,0
"C2562","5","518210","48","0","2022","2","N",1,0,0,0,0,0,0,0,"N",0.07,0,0,0,0,0,0,0,"N",0,0.0,0,0,0,0,0,0,0,0,0,0,0,0,0,0
"C2586","5","518210","48","0","2022","2","N",14,0,0,0,0,0,0,0,"N",0.40,0,0,0,0,0,0,0,"N",-1,-6.7,0,0,0,0,0,0,0,0,0,0,0,0,0,0
"C2594","5","518210","48","0","2022","2","N",24,0,0,0,0,0,0,0,"N",0.76,0,0,0,0,0,0,0,"N",9,60.0,0,0,0,0,0,0,0,0,0,0,0,0,0,0
"C2598","5","518210","48","0","2022","2","N",1,0,0,0,0,0,0,0,"N",0.22,0,0,0,0,0,0,0,"N",0,0.0,0,0,0,0,0,0,0,0,0,0,0,0,0,0
"C2614","5","518210","48","0","2022","2","N",4,0,0,0,0,0,0,0,"N",0.28,0,0,0,0,0,0,0,"N",0,0.0,0,0,0,0,0,0,0,0,0,0,0,0,0,0
"C2630","5","518210","48","0","2022","2","N",5,0,0,0,0,0,0,0,"N",0.39,0,0,0,0,0,0,0,"N",0,0.0,0,0,0,0,0,0,0,0,0,0,0,0,0,0
"C2638","5","518210","48","0","2022","2","",10,28,26,25,310969,43003,854,908,"",0.46,0.12,0.11,0.10,0.04,0.11,0.21,0.35,"",2,25.0,6,27.3,6,30.0,5,25.0,61945,24.9,34949,433.9,746,690.7,-19,-2.0
"C2642","5","518210","48","0","2022","2","N",403,0,0,0,0,0,0,0,"N",0.57,0,0,0,0,0,0,0,"N",53,15.1,0,0,0,0,0,0,0,0,0,0,0,0,0,0
"C2658","5","518210","48","0","2022","2","N",17,0,0,0,0,0,0,0,"N",0.49,0,0,0,0,0,0,0,"N",4,30.8,0,0,0,0,0,0,0,0,0,0,0,0,0,0
"C2662","5","518210","48","0","2022","2","",82,225,236,238,8984795,358319,7060,2966,"",1.50,0.30,0.31,0.31,0.30,0.33,0.59,0.98,"",28,51.9,-48,-17.6,-39,-14.2,-41,-14.7,1567609,21.1,-32351,-8.3,-166,-2.3,896,43.3
"C2682","5","518210","48","0","2022","2","N",13,0,0,0,0,0,0,0,"N",0.55,0,0,0,0,0,0,0,"N",5,62.5,0,0,0,0,0,0,0,0,0,0,0,0,0,0
"C2690","5","518210","48","0","2022","2","",164,1830,1820,1815,39407941,2037823,40607,1664,"",0.74,0.57,0.56,0.55,0.34,0.30,0.50,0.62,"",31,23.3,97,5.6,86,5.0,166,10.1,6389356,19.4,-304551,-13.0,-2167,-5.1,175,11.8
"C2698","5","518210","48","0","2022","2","N",37,0,0,0,0,0,0,0,"N",1.58,0,0,0,0,0,0,0,"N",9,32.1,0,0,0,0,0,0,0,0,0,0,0,0,0,0
"C2706","5","518210","48","0","2022","2","N",3,0,0,0,0,0,0,0,"N",0.27,0,0,0,0,0,0,0,"N",0,0.0,0,0,0,0,0,0,0,0,0,0,0,0,0,0
"C2710","5","518210","48","0","2022","2","N",1,0,0,0,0,0,0,0,"N",0.08,0,0,0,0,0,0,0,"N",0,0.0,0,0,0,0,0,0,0,0,0,0,0,0,0,0
"C2714","5","518210","48","0","2022","2","",14,132,124,123,1987980,349138,1429,1210,"",0.24,0.17,0.16,0.16,0.09,0.14,0.16,0.55,"",-2,-12.5,-37,-21.9,-38,-23.5,-59,-32.4,-172281,-8.0,-188574,-35.1,-833,-36.8,238,24.5
"C2718","5","518210","48","0","2022","2","N",7,0,0,0,0,0,0,0,"N",0.53,0,0,0,0,0,0,0,"N",1,16.7,0,0,0,0,0,0,0,0,0,0,0,0,0,0
"C2726","5","518210","48","0","2022","2","N",180,0,0,0,0,0,0,0,"N",0.85,0,0,0,0,0,0,0,"N",20,12.5,0,0,0,0,0,0,0,0,0,0,0,0,0,0
"C2734","5","518210","48","0","2022","2","",8,28,29,29,457095,184908,850,1227,"",0.51,0.18,0.18,0.18,0.12,0.20,0.19,0.66,"",4,100.0,-6,-17.6,-7,-19.4,-1,-3.3,-133062,-22.5,-9783,-5.0,324,61.6,-135,-9.9
"C2750","5","518210","48","0","2022","2","",7,371,396,402,4776463,1401422,5260,943,"",0.48,1.82,1.93,1.92,0.75,2.05,0.68,0.39,"",-1,-12.5,-39,-9.5,4,1.0,13,3.3,283841,6.3,-87511,-5.9,-17658,-77.0,73,8.4
"C2762","5","518210","48","0","2022","2","",10,441,438,449,6180566,1210523,14988,1074,"",0.63,1.90,1.87,1.91,0.93,2.50,2.64,0.49,"",1,11.1,-13,-2.9,-9,-2.0,1,0.2,493124,8.7,-43027,-3.4,-441,-2.9,101,10.4
"C2774","5","518210","48","0","2022","2","N",15,0,0,0,0,0,0,0,"N",0.80,0,0,0,0,0,0,0,"N",2,15.4,0,0,0,0,0,0,0,0,0,0,0,0,0,0
"C2778","5","518210","48","0","2022","2","N",2,0,0,0,0,0,0,0,"N",0.15,0,0,0,0,0,0,0,"N",2,100.0,0,0,0,0,0,0,0,0,0,0,0,0,0,0
"C2786","5","518210","48","0","2022","2","N",4,0,0,0,0,0,0,0,"N",0.29,0,0,0,0,0,0,0,"N",3,300.0,0,0,0,0,0,0,0,0,0,0,0,0,0,0
"C2790","5","518210","48","0","2022","2","N",1,0,0,0,0,0,0,0,"N",0.05,0,0,0,0,0,0,0,"N",0,0.0,0,0,0,0,0,0,0,0,0,0,0,0,0,0
"C2798","5","518210","48","0","2022","2","N",61,0,0,0,0,0,0,0,"N",2.06,0,0,0,0,0,0,0,"N",10,19.6,0,0,0,0,0,0,0,0,0,0,0,0,0,0
"C2802","5","518210","48","0","2022","2","N",14,0,0,0,0,0,0,0,"N",0.45,0,0,0,0,0,0,0,"N",1,7.7,0,0,0,0,0,0,0,0,0,0,0,0,0,0
"C2810","5","518210","48","0","2022","2","N",1,0,0,0,0,0,0,0,"N",0.11,0,0,0,0,0,0,0,"N",1,100.0,0,0,0,0,0,0,0,0,0,0,0,0,0,0
"C2814","5","518210","48","0","2022","2","",405,3980,3955,3978,98177976,6126046,105196,1902,"",1.42,1.24,1.22,1.22,0.84,0.51,0.80,0.69,"",133,48.9,282,7.6,234,6.3,214,5.7,7332942,8.1,-75771,-1.2,-11845,-10.1,27,1.4
"C2842","5","518210","48","0","2022","2","N",13,0,0,0,0,0,0,0,"N",0.35,0,0,0,0,0,0,0,"N",2,18.2,0,0,0,0,0,0,0,0,0,0,0,0,0,0
"C2866","5","518210","48","0","2022","2","N",14,0,0,0,0,0,0,0,"N",0.44,0,0,0,0,0,0,0,"N",0,0.0,0,0,0,0,0,0,0,0,0,0,0,0,0,0
"C2870","5","518210","48","0","2022","2","",14,146,150,147,2172461,136993,2078,1132,"",0.48,0.41,0.43,0.41,0.21,0.25,0.44,0.50,"N",6,75.0,0,0,0,0,0,0,0,0,0,0,0,0,0,0
"C2874","5","518210","48","0","2022","2","",11,89,92,93,1081028,283123,6330,910,"",0.49,0.51,0.52,0.51,0.18,0.60,0.51,0.36,"",4,57.1,-7,-7.3,-6,-6.1,-6,-6.1,15878,1.5,-119977,-29.8,-6240,-49.6,71,8.5
"C2894","5","518210","48","0","2022","2","N",114,0,0,0,0,0,0,0,"N",1.17,0,0,0,0,0,0,0,"N",31,37.3,0,0,0,0,0,0,0,0,0,0,0,0,0,0
"C2902","5","518210","48","0","2022","2","N",2,0,0,0,0,0,0,0,"N",0.28,0,0,0,0,0,0,0,"N",2,100.0,0,0,0,0,0,0,0,0,0,0,0,0,0,0
"C2910","5","518210","48","0","2022","2","N",5,0,0,0,0,0,0,0,"N",0.34,0,0,0,0,0,0,0,"N",-1,-16.7,0,0,0,0,0,0,0,0,0,0,0,0,0,0
"C2918","5","518210","48","0","2022","2","",53,215,227,234,3317365,306260,3872,1132,"",0.79,0.36,0.38,0.39,0.19,0.31,0.36,0.51,"",20,60.6,19,9.7,28,14.1,33,16.4,1078076,48.1,116804,61.7,1683,76.9,265,30.6
"C2920","5","518210","48","0","2022","2","",8,10,10,11,197058,14020,294,1467,"",0.42,0.03,0.03,0.04,0.02,0.03,0.04,0.62,"N",4,100.0,0,0,0,0,0,0,0,0,0,0,0,0,0,0
"C2934","5","518210","48","0","2022","2","N",13,0,0,0,0,0,0,0,"N",0.55,0,0,0,0,0,0,0,"N",2,18.2,0,0,0,0,0,0,0,0,0,0,0,0,0,0
"C2942","5","518210","48","0","2022","2","N",4,0,0,0,0,0,0,0,"N",0.22,0,0,0,0,0,0,0,"N",-2,-33.3,0,0,0,0,0,0,0,0,0,0,0,0,0,0
"C2946","5","518210","48","0","2022","2","",24,114,114,116,2095955,118066,961,1406,"",0.34,0.15,0.15,0.15,0.09,0.10,0.13,0.62,"",0,0.0,34,42.5,36,46.2,43,58.9,253339,13.7,27853,30.9,301,45.6,-435,-23.6
"C2954","5","518210","48","0","2022","2","",11,90,90,91,2021428,77775,2311,1721,"",0.19,0.12,0.12,0.12,0.08,0.05,0.06,0.71,"",3,37.5,5,5.9,5,5.9,4,4.6,383010,23.4,-21713,-21.8,408,21.4,250,17.0
"C2962","5","518210","48","0","2022","2","",36,650,646,646,13637673,317347,10413,1621,"",0.85,1.01,1.00,0.99,0.61,0.29,0.38,0.61,"N",-1,-2.7,0,0,0,0,0,0,0,0,0,0,0,0,0,0
"C2970","5","518210","48","0","2022","2","N",3,0,0,0,0,0,0,0,"N",0.13,0,0,0,0,0,0,0,"N",0,0.0,0,0,0,0,0,0,0,0,0,0,0,0,0,0
"C2974","5","518210","48","0","2022","2","",23,94,88,90,1170901,530899,2993,993,"",1.06,0.41,0.38,0.39,0.19,0.35,0.27,0.49,"",10,76.9,-11,-10.5,-17,-16.2,-14,-13.5,369138,46.0,85022,19.1,1221,68.9,404,68.6
"C2982","5","518210","48","0","2022","2","",276,1962,1970,1971,63303171,20343689,381215,2475,"",1.08,0.61,0.61,0.60,0.58,0.59,0.72,0.96,"",32,13.1,379,23.9,405,25.9,391,24.7,19001355,42.9,5768737,39.6,106693,38.9,313,14.5
"C2994","5","518210","48","0","2022","2","",23,96,95,96,1913079,323650,4545,1538,"",1.72,0.65,0.64,0.65,0.46,0.40,0.63,0.72,"",12,109.1,35,57.4,33,53.2,33,52.4,1134479,145.7,-23248,-6.7,-365,-7.4,572,59.2
"C3002","5","518210","48","0","2022","2","",6,411,408,410,6144315,3396107,44753,1154,"",0.57,3.19,3.16,3.15,1.76,4.37,7.08,0.56,"",1,20.0,-53,-11.4,-53,-11.5,-53,-11.4,-357659,-5.5,-422107,-11.1,-14921,-25.0,73,6.8
"C3014","5","518210","48","0","2022","2","",3,6,6,6,99852,3784,49,1280,"",0.26,0.04,0.04,0.04,0.02,0.01,0.01,0.55,"",-2,-40.0,-7,-53.8,-6,-50.0,-5,-45.5,-44859,-31.0,-10461,-73.4,-367,-88.2,352,37.9
"C3030","5","518210","48","0","2022","2","",4,22,24,24,738322,353217,1618,2434,"",0.50,0.26,0.28,0.27,0.30,0.39,0.33,1.13,"",0,0.0,0,0.0,2,9.1,3,14.3,146520,24.8,45908,14.9,112,7.4,333,15.8
"C3034","5","518210","48","0","2022","2","",8,8,8,8,112183,24425,718,1079,"",0.58,0.05,0.05,0.05,0.03,0.06,0.10,0.47,"N",3,60.0,0,0,0,0,0,0,0,0,0,0,0,0,0,0
"C3046","5","518210","48","0","2022","2","",86,724,706,704,19896587,1552523,30982,2152,"",1.12,0.87,0.84,0.85,0.71,0.77,1.11,0.83,"",21,32.3,75,11.6,65,10.1,68,10.7,5807584,41.2,276825,21.7,9656,45.3,464,27.5
"C3062","5","518210","48","0","2022","2","N",7,0,0,0,0,0,0,0,"N",0.69,0,0,0,0,0,0,0,"N",1,16.7,0,0,0,0,0,0,0,0,0,0,0,0,0,0
"C3070","5","518210","48","0","2022","2","",41,289,291,291,6055071,419064,5969,1604,"",0.91,0.54,0.54,0.53,0.36,0.44,0.75,0.67,"",4,10.8,66,29.6,60,26.0,59,25.4,-228278,-3.6,197662,89.3,4093,218.2,-510,-24.1
"C3078","5","518210","48","0","2022","2","",83,1784,1790,1799,46121216,969238,9667,1981,"",0.97,1.71,1.71,1.70,1.40,0.43,0.56,0.82,"N",11,15.3,0,0,0,0,0,0,0,0,0,0,0,0,0,0
"C3086","5","518210","48","0","2022","2","N",10,0,0,0,0,0,0,0,"N",0.52,0,0,0,0,0,0,0,"N",3,42.9,0,0,0,0,0,0,0,0,0,0,0,0,0,0
"C3098","5","518210","48","0","2022","2","N",3,0,0,0,0,0,0,0,"N",0.13,0,0,0,0,0,0,0,"N",1,50.0,0,0,0,0,0,0,0,0,0,0,0,0,0,0
"C3102","5","518210","48","0","2022","2","N",5,0,0,0,0,0,0,0,"N",0.39,0,0,0,0,0,0,0,"N",0,0.0,0,0,0,0,0,0,0,0,0,0,0,0,0,0
"C3108","5","518210","48","0","2022","2","",837,14135,14034,14131,604563024,10946930,357966,3298,"",0.31,0.75,0.74,0.74,0.75,0.40,0.49,1.00,"",88,11.7,2650,23.1,2514,21.8,1990,16.4,188118224,45.2,-2138905,-16.3,-155189,-30.2,564,20.6
"C3114","5","518210","48","0","2022","2","",165,1586,1602,1594,41016352,2080032,43001,1979,"",0.96,0.80,0.80,0.79,0.58,0.43,0.65,0.73,"",48,41.0,177,12.6,180,12.7,186,13.2,5584619,15.8,666920,47.2,13365,45.1,50,2.6
"C3118","5","518210","48","0","2022","2","N",11,0,0,0,0,0,0,0,"N",0.32,0,0,0,0,0,0,0,"N",4,57.1,0,0,0,0,0,0,0,0,0,0,0,0,0,0
"C3134","5","518210","48","0","2022","2","",16,40,40,39,1121296,61925,741,2174,"",0.48,0.13,0.13,0.13,0.13,0.13,0.16,0.98,"",7,77.8,21,110.5,19,90.5,19,95.0,441360,64.9,33710,119.5,44,6.3,-441,-16.9
"C3142","5","518210","48","0","2022","2","N",10,0,0,0,0,0,0,0,"N",0.42,0,0,0,0,0,0,0,"N",3,42.9,0,0,0,0,0,0,0,0,0,0,0,0,0,0
"C3146","5","518210","48","0","2022","2","N",1,0,0,0,0,0,0,0,"N",0.05,0,0,0,0,0,0,0,"N",0,0.0,0,0,0,0,0,0,0,0,0,0,0,0,0,0
"C3154","5","518210","48","0","2022","2","N",47,0,0,0,0,0,0,0,"N",0.57,0,0,0,0,0,0,0,"N",7,17.5,0,0,0,0,0,0,0,0,0,0,0,0,0,0
"C3170","5","518210","48","0","2022","2","",33,357,356,360,15106712,612436,4956,3249,"",0.65,0.58,0.57,0.57,0.56,0.35,0.19,0.98,"",-2,-5.7,26,7.9,17,5.0,26,7.8,1331048,9.7,-86769,-12.4,-3860,-43.8,83,2.6
"C3174","5","518210","48","0","2022","2","",6,4,4,5,64973,15164,409,1153,"",0.59,0.03,0.03,0.04,0.02,0.03,0.08,0.55,"N",4,200.0,0,0,0,0,0,0,0,0,0,0,0,0,0,0
"C3190","5","518210","48","0","2022","2","N",2,0,0,0,0,0,0,0,"N",0.17,0,0,0,0,0,0,0,"N",0,0.0,0,0,0,0,0,0,0,0,0,0,0,0,0,0
"C3258","5","518210","48","0","2022","2","N",8,0,0,0,0,0,0,0,"N",0.15,0,0,0,0,0,0,0,"N",0,0.0,0,0,0,0,0,0,0,0,0,0,0,0,0,0
"C3278","5","518210","48","0","2022","2","",15,52,50,50,2067842,630769,8810,3139,"",0.44,0.19,0.18,0.18,0.24,0.23,0.18,1.32,"",0,0.0,13,33.3,11,28.2,9,22.0,487718,30.9,102162,19.3,800,10.0,75,2.4
"C3282","5","518210","48","0","2022","2","",106,370,381,387,9591818,512101,7848,1945,"",0.86,0.19,0.20,0.20,0.14,0.14,0.31,0.72,"",20,23.3,95,34.5,107,39.1,106,37.7,4217357,78.5,161644,46.1,1229,18.6,451,30.2
"C3290","5","518210","48","0","2022","2","N",1,0,0,0,0,0,0,0,"N",0.03,0,0,0,0,0,0,0,"N",0,0.0,0,0,0,0,0,0,0,0,0,0,0,0,0,0
"C3310","5","518210","48","0","2022","2","",816,7420,7435,7560,287196826,5990435,48120,2957,"",0.76,0.91,0.91,0.93,0.91,0.50,0.53,1.00,"",136,20.0,1226,19.8,1199,19.2,1196,18.8,80005452,38.6,1772439,42.0,6665,16.1,413,16.2
"C3314","5","518210","48","0","2022","2","N",4,0,0,0,0,0,0,0,"N",0.42,0,0,0,0,0,0,0,"N",1,33.3,0,0,0,0,0,0,0,0,0,0,0,0,0,0
"C3322","5","518210","48","0","2022","2","",6,11,10,11,222153,11478,113,1602,"",0.40,0.10,0.09,0.10,0.06,0.06,0.03,0.59,"",0,0.0,-1,-8.3,-1,-9.1,-1,-8.3,-17084,-7.1,-5930,-34.1,-119,-51.3,25,1.6
"C3326","5","518210","48","0","2022","2","N",4,0,0,0,0,0,0,0,"N",0.15,0,0,0,0,0,0,0,"N",1,33.3,0,0,0,0,0,0,0,0,0,0,0,0,0,0
"C3334","5","518210","48","0","2022","2","",73,4561,4522,4481,129026122,4644562,53197,2195,"",0.38,1.85,1.82,1.77,1.49,0.60,0.59,0.82,"N",3,4.3,0,0,0,0,0,0,0,0,0,0,0,0,0,0
"C3346","5","518210","48","0","2022","2","",313,5155,5168,5271,163523600,50248741,314459,2420,"",0.74,0.89,0.88,0.88,0.68,0.90,0.63,0.77,"",47,17.7,431,9.1,432,9.1,543,11.5,28589609,21.2,9883640,24.5,-17935,-5.4,225,10.3
"C3354","5","518210","48","0","2022","2","",12,24,24,23,483258,328402,6243,1571,"",0.49,0.13,0.12,0.11,0.08,0.16,0.30,0.67,"",0,0.0,-22,-47.8,-22,-47.8,-22,-48.9,-1065300,-68.8,-77334,-19.1,3159,102.4,-1037,-39.8
"C3366","5","518210","48","0","2022","2","",37,113,114,114,1775286,176197,2526,1201,"",0.82,0.21,0.22,0.21,0.11,0.20,0.22,0.50,"",5,15.6,11,10.8,13,12.9,9,8.6,316753,21.7,-49351,-21.9,-4541,-64.3,108,9.9
"C3370","5","518210","48","0","2022","2","N",2,0,0,0,0,0,0,0,"N",0.03,0,0,0,0,0,0,0,"N",-2,-50.0,0,0,0,0,0,0,0,0,0,0,0,0,0,0
"C3374","5","518210","48","0","2022","2","N",16,0,0,0,0,0,0,0,"N",0.72,0,0,0,0,0,0,0,"N",2,14.3,0,0,0,0,0,0,0,0,0,0,0,0,0,0
"C3378","5","518210","48","0","2022","2","N",4,0,0,0,0,0,0,0,"N",0.40,0,0,0,0,0,0,0,"N",0,0.0,0,0,0,0,0,0,0,0,0,0,0,0,0,0
"C3386","5","518210","48","0","2022","2","N",41,0,0,0,0,0,0,0,"N",1.06,0,0,0,0,0,0,0,"N",13,46.4,0,0,0,0,0,0,0,0,0,0,0,0,0,0
"C3406","5","518210","48","0","2022","2","",10,264,265,265,3876640,280311,5863,1127,"",0.66,1.34,1.34,1.33,0.58,0.92,0.92,0.44,"N",2,25.0,0,0,0,0,0,0,0,0,0,0,0,0,0,0
"C3410","5","518210","48","0","2022","2","N",6,0,0,0,0,0,0,0,"N",0.63,0,0,0,0,0,0,0,"N",3,100.0,0,0,0,0,0,0,0,0,0,0,0,0,0,0
"C3458","5","518210","48","0","2022","2","",4,46,41,42,1668130,785301,8156,2984,"",0.24,0.29,0.26,0.26,0.31,0.43,0.38,1.14,"",0,0.0,5,12.2,0,0.0,0,0.0,-2138148,-56.2,104232,15.3,-3733,-31.4,-4100,-57.9
"C3462","5","518210","48","0","2022","2","",5,10,9,9,152899,3707,70,1260,"",0.55,0.07,0.07,0.07,0.04,0.01,0.02,0.58,"",2,66.7,3,42.9,2,28.6,4,80.0,74422,94.8,-2492,-40.2,-44,-38.6,307,32.2
"C3474","5","518210","48","0","2022","2","",5,33,32,34,396212,61624,1702,924,"",0.39,0.18,0.17,0.17,0.07,0.16,0.20,0.43,"N",1,25.0,0,0,0,0,0,0,0,0,0,0,0,0,0,0
"C3482","5","518210","48","0","2022","2","N",50,0,0,0,0,0,0,0,"N",0.85,0,0,0,0,0,0,0,"N",13,35.1,0,0,0,0,0,0,0,0,0,0,0,0,0,0
"C3490","5","518210","48","0","2022","2","",9,53,51,48,1502653,22671,657,2281,"",0.38,0.22,0.21,0.19,0.16,0.06,0.06,0.79,"",0,0.0,-3,-5.4,-5,-8.9,-7,-12.7,-261439,-14.8,-9557,-29.7,-647,-49.6,-157,-6.4
"C3494","5","518210","48","0","2022","2","",33,69,67,71,2512998,86942,910,2802,"",0.47,0.14,0.13,0.15,0.14,0.11,0.18,1.02,"",9,37.5,18,35.3,18,36.7,20,39.2,1438605,133.9,3149,3.8,195,27.3,1160,70.6
"C3498","5","518210","48","0","2022","2","",457,4048,4081,4134,128400644,3028341,44309,2416,"",1.69,1.27,1.27,1.27,1.04,0.63,0.99,0.82,"",91,24.9,715,21.5,739,22.1,711,20.8,34927413,37.4,422618,16.2,5754,14.9,280,13.1
"C3510","5","518210","48","0","2022","2","N",8,0,0,0,0,0,0,0,"N",0.64,0,0,0,0,0,0,0,"N",0,0.0,0,0,0,0,0,0,0,0,0,0,0,0,0,0
"C3530","5","518210","48","0","2022","2","",198,439,412,399,15636542,942257,29521,2887,"",1.82,0.39,0.36,0.34,0.36,0.25,0.29,1.00,"",23,13.1,-11,-2.4,-20,-4.6,-30,-7.0,830009,5.6,-196613,-17.3,-6443,-17.9,281,10.8
"C3538","5","518210","48","0","2022","2","",254,1047,1051,1025,19285996,2652567,50557,1425,"",1.37,0.65,0.65,0.63,0.34,1.02,1.78,0.53,"",60,30.9,181,20.9,180,20.7,169,19.7,3844185,24.9,1560042,142.8,32186,175.2,51,3.7
"C3562","5","518210","48","0","2022","2","",1533,29898,29997,30943,1312206013,125137910,2192723,3334,"",0.57,1.05,1.04,1.06,0.92,0.91,0.81,0.87,"N",142,10.2,0,0,0,0,0,0,0,0,0,0,0,0,0,0
"C3566","5","518210","48","0","2022","2","N",5,0,0,0,0,0,0,0,"N",0.31,0,0,0,0,0,0,0,"N",0,0.0,0,0,0,0,0,0,0,0,0,0,0,0,0,0
"C3584","5","518210","48","0","2022","2","",81,347,351,365,8855356,557796,7739,1922,"",0.62,0.36,0.36,0.38,0.28,0.36,0.80,0.77,"",18,28.6,157,82.6,152,76.4,171,88.1,4300335,94.4,242425,76.9,3794,96.2,119,6.6
"C3598","5","518210","48","0","2022","2","",38,55,54,56,1560738,148133,4229,2183,"",1.15,0.15,0.15,0.15,0.12,0.13,0.14,0.77,"",1,2.7,16,41.0,14,35.0,15,36.6,56996,3.8,56257,61.2,1622,62.2,-709,-24.5
"C3610","5","518210","48","0","2022","2","",16,58,61,63,1182995,142456,3154,1500,"",0.41,0.17,0.17,0.18,0.12,0.27,0.92,0.71,"",6,60.0,41,241.2,44,258.8,44,231.6,774668,189.7,115811,434.6,2639,512.4,-278,-15.6
"C3614","5","518210","48","0","2022","2","",3,4,4,4,144087,47779,617,2771,"",0.19,0.03,0.03,0.02,0.04,0.04,0.02,1.43,"N",1,50.0,0,0,0,0,0,0,0,0,0,0,0,0,0,0
"C3626","5","518210","48","0","2022","2","N",45,0,0,0,0,0,0,0,"N",0.58,0,0,0,0,0,0,0,"N",8,21.6,0,0,0,0,0,0,0,0,0,0,0,0,0,0
"C3642","5","518210","48","0","2022","2","",141,756,762,772,14392020,5796476,55809,1450,"",0.78,0.39,0.39,0.39,0.23,0.42,0.54,0.59,"",48,51.6,191,33.8,205,36.8,198,34.5,4065049,39.4,1723421,42.3,-5791,-9.4,45,3.2
"C3650","5","518210","48","0","2022","2","",49,396,378,384,9992642,4656631,41387,1991,"",1.31,1.05,0.99,1.00,0.70,1.32,1.02,0.69,"",12,32.4,84,26.9,100,36.0,116,43.3,4569194,84.2,1350863,40.9,5506,15.3,532,36.5
"C3654","5","518210","48","0","2022","2","",125,1902,1870,1851,50734796,2310210,9472,2082,"",1.02,1.30,1.27,1.24,1.02,0.59,0.22,0.80,"",7,5.9,-164,-7.9,-196,-9.5,-201,-9.8,-3263459,-6.0,-33873,-1.4,-2929,-23.6,67,3.3
"C3674","5","518210","48","0","2022","2","",273,3314,3246,3227,79358124,3211815,36740,1871,"",0.75,0.82,0.80,0.80,0.59,0.52,0.88,0.73,"N",36,15.2,0,0,0,0,0,0,0,0,0,0,0,0,0,0
"C3678","5","518210","48","0","2022","2","",6,12,11,11,274007,17667,106,1860,"",0.37,0.04,0.04,0.04,0.03,0.02,0.01,0.74,"",-1,-14.3,-6,-33.3,-7,-38.9,-5,-31.2,-109198,-28.5,-14652,-45.3,-706,-86.9,159,9.3
"C3698","5","518210","48","0","2022","2","N",2,0,0,0,0,0,0,0,"N",0.14,0,0,0,0,0,0,0,"N",0,0.0,0,0,0,0,0,0,0,0,0,0,0,0,0,0
"C3710","5","518210","48","0","2022","2","",38,457,455,477,20044948,372447,19186,3330,"",0.33,0.45,0.44,0.46,0.53,0.24,0.45,1.18,"",4,11.8,-15,-3.2,-3,-0.7,5,1.1,-697465,-3.4,50785,15.8,2127,12.5,-84,-2.5
"C3734","5","518210","48","0","2022","2","",46,153,134,140,2786539,117410,1217,1506,"",0.63,0.22,0.19,0.20,0.11,0.12,0.17,0.55,"",9,24.3,19,14.2,3,2.3,13,10.2,421255,17.8,13471,13.0,-135,-10.0,114,8.2
"C3746","5","518210","48","0","2022","2","",7,7,7,8,100997,11434,51,1059,"",0.25,0.03,0.03,0.03,0.01,0.03,0.02,0.47,"",0,0.0,-3,-30.0,-3,-30.0,-2,-20.0,-39633,-28.2,3980,53.4,-22,-30.1,-23,-2.1
"C3762","5","518210","48","0","2022","2","N",3,0,0,0,0,0,0,0,"N",0.32,0,0,0,0,0,0,0,"N",1,50.0,0,0,0,0,0,0,0,0,0,0,0,0,0,0
"C3786","5","518210","48","0","2022","2","N",21,0,0,0,0,0,0,0,"N",0.38,0,0,0,0,0,0,0,"N",7,50.0,0,0,0,0,0,0,0,0,0,0,0,0,0,0
"C3790","5","518210","48","0","2022","2","N",4,0,0,0,0,0,0,0,"N",0.13,0,0,0,0,0,0,0,"N",-1,-20.0,0,0,0,0,0,0,0,0,0,0,0,0,0,0
"C3798","5","518210","48","0","2022","2","",570,5726,5744,5738,141430733,10356920,275644,1897,"",0.81,0.67,0.67,0.66,0.40,0.34,0.43,0.60,"",74,14.9,24,0.4,51,0.9,9,0.2,12047515,9.3,-546913,-5.0,-53180,-16.2,153,8.8
"C3806","5","518210","48","0","2022","2","N",527,0,0,0,0,0,0,0,"N",0.98,0,0,0,0,0,0,0,"N",16,3.1,0,0,0,0,0,0,0,0,0,0,0,0,0,0
"C3822","5","518210","48","0","2022","2","N",1,0,0,0,0,0,0,0,"N",0.11,0,0,0,0,0,0,0,"N",0,0.0,0,0,0,0,0,0,0,0,0,0,0,0,0,0
"C3830","5","518210","48","0","2022","2","N",146,0,0,0,0,0,0,0,"N",0.57,0,0,0,0,0,0,0,"N",14,10.6,0,0,0,0,0,0,0,0,0,0,0,0,0,0
"C3834","5","518210","48","0","2022","2","",19,31,32,34,824989,163367,4154,1963,"",0.85,0.18,0.18,0.18,0.14,0.22,0.26,0.79,"",8,72.7,-13,-29.5,-13,-28.9,-13,-27.7,-2107272,-71.9,-5150,-3.1,-525,-11.2,-3013,-60.6
"C3854","5","518210","48","0","2022","2","N",6,0,0,0,0,0,0,0,"N",0.52,0,0,0,0,0,0,0,"N",3,100.0,0,0,0,0,0,0,0,0,0,0,0,0,0,0
"C3866","5","518210","48","0","2022","2","-",0,0,0,0,0,0,0,0,"N",0.00,0,0,0,0,0,0,0,"N",0,0,0,0,0,0,0,0,0,0,0,0,0,0,0,0
"C3886","5","518210","48","0","2022","2","",116,458,453,451,10341727,441421,11099,1752,"",1.12,0.55,0.53,0.51,0.34,0.20,0.25,0.64,"N",39,50.6,0,0,0,0,0,0,0,0,0,0,0,0,0,0
"C3890","5","518210","48","0","2022","2","N",390,0,0,0,0,0,0,0,"N",0.93,0,0,0,0,0,0,0,"N",54,16.1,0,0,0,0,0,0,0,0,0,0,0,0,0,0
"C3894","5","518210","48","0","2022","2","",28,66,67,67,1219996,76529,1572,1408,"",0.45,0.14,0.14,0.14,0.08,0.10,0.30,0.61,"",5,21.7,22,50.0,24,55.8,21,45.7,486856,66.4,21215,38.4,422,36.7,136,10.7
"C3914","5","518210","48","0","2022","2","N",4,0,0,0,0,0,0,0,"N",0.15,0,0,0,0,0,0,0,"N",1,33.3,0,0,0,0,0,0,0,0,0,0,0,0,0,0
"C3930","5","518210","48","0","2022","2","",203,479,478,482,25308172,2805661,56113,4059,"",0.87,0.23,0.22,0.22,0.33,0.22,0.20,1.49,"",83,69.2,18,3.9,22,4.8,18,3.9,11540878,83.8,134482,5.0,-7140,-11.3,1758,76.4
"C3934","5","518210","48","0","2022","2","",110,3618,3629,3652,106427263,37113194,196843,2253,"",1.28,4.04,4.01,4.07,3.65,4.31,4.28,0.90,"N",16,17.0,0,0,0,0,0,0,0,0,0,0,0,0,0,0
"C3938","5","518210","48","0","2022","2","",5,52,52,53,745424,311252,5360,1096,"",0.32,0.27,0.26,0.27,0.13,0.35,0.38,0.49,"",1,25.0,10,23.8,8,18.2,9,20.5,314068,72.8,116524,59.8,1707,46.7,330,43.1
"C3946","5","518210","48","0","2022","2","",10,17,16,16,281157,16291,16,1324,"",0.44,0.11,0.10,0.10,0.06,0.07,0.01,0.62,"",1,11.1,8,88.9,8,100.0,4,33.3,100167,55.3,-1781,-9.9,-185,-92.0,-116,-8.1
"C3954","5","518210","48","0","2022","2","N",3,0,0,0,0,0,0,0,"N",0.16,0,0,0,0,0,0,0,"N",0,0.0,0,0,0,0,0,0,0,0,0,0,0,0,0,0
"C3958","5","518210","48","0","2022","2","",320,3068,3050,3104,81981140,18583602,155918,2051,"",1.55,1.47,1.45,1.45,1.00,1.14,1.67,0.69,"N",61,23.6,0,0,0,0,0,0,0,0,0,0,0,0,0,0
"C3966","5","518210","48","0","2022","2","N",46,0,0,0,0,0,0,0,"N",1.65,0,0,0,0,0,0,0,"N",18,64.3,0,0,0,0,0,0,0,0,0,0,0,0,0,0
"C3974","5","518210","48","0","2022","2","",7,95,95,96,1420589,363163,7093,1146,"",0.20,0.18,0.18,0.18,0.08,0.35,0.24,0.45,"N",1,16.7,0,0,0,0,0,0,0,0,0,0,0,0,0,0
"C3982","5","518210","48","0","2022","2","N",9,0,0,0,0,0,0,0,"N",0.29,0,0,0,0,0,0,0,"N",0,0.0,0,0,0,0,0,0,0,0,0,0,0,0,0,0
"C3990","5","518210","48","0","2022","2","",65,968,990,959,33444508,10901708,205190,2646,"",0.95,1.25,1.27,1.21,1.16,1.29,1.58,0.94,"",7,12.1,17,1.8,52,5.5,24,2.6,5356298,19.1,114386,1.1,-206,-0.1,351,15.3
"C4006","5","518210","48","0","2022","2","",100,543,541,553,15951048,561762,9841,2249,"",0.55,0.28,0.27,0.28,0.22,0.19,0.31,0.82,"",19,23.5,103,23.4,89,19.7,96,21.0,5659876,55.0,62489,12.5,-55,-0.6,489,27.8
"C4014","5","518210","48","0","2022","2","",52,655,649,651,15529164,203111,7971,1833,"",0.09,0.13,0.13,0.13,0.10,0.03,0.04,0.74,"",3,6.1,178,37.3,183,39.3,176,37.1,4341463,38.8,46255,29.5,2852,55.7,12,0.7
"C4022","5","518210","48","0","2022","2","",12,76,80,79,3051129,145380,1882,2996,"",0.29,0.17,0.17,0.17,0.22,0.20,0.25,1.30,"",5,71.4,22,40.7,26,48.1,25,46.3,1904985,166.2,86583,147.3,909,93.4,1363,83.5
"C4034","5","518210","48","0","2022","2","N",4,0,0,0,0,0,0,0,"N",0.17,0,0,0,0,0,0,0,"N",0,0.0,0,0,0,0,0,0,0,0,0,0,0,0,0,0
"C4038","5","518210","48","0","2022","2","",46,606,610,616,11664217,1289757,37958,1469,"",0.42,0.40,0.40,0.40,0.22,0.38,0.39,0.55,"",3,7.0,-93,-13.3,-75,-10.9,-74,-10.7,-27531,-0.2,101939,8.6,-8280,-17.9,168,12.9
"C4042","5","518210","48","0","2022","2","N",8,0,0,0,0,0,0,0,"N",0.29,0,0,0,0,0,0,0,"N",1,14.3,0,0,0,0,0,0,0,0,0,0,0,0,0,0
"C4058","5","518210","48","0","2022","2","N",4,0,0,0,0,0,0,0,"N",0.30,0,0,0,0,0,0,0,"N",0,0.0,0,0,0,0,0,0,0,0,0,0,0,0,0,0
"C4090","5","518210","48","0","2022","2","",83,1417,1427,1409,43129660,1044465,46186,2340,"",0.22,0.44,0.44,0.43,0.33,0.26,0.42,0.75,"N",11,15.3,0,0,0,0,0,0,0,0,0,0,0,0,0,0
"C4098","5","518210","48","0","2022","2","N",3,0,0,0,0,0,0,0,"N",0.18,0,0,0,0,0,0,0,"N",0,0.0,0,0,0,0,0,0,0,0,0,0,0,0,0,0
"C4106","5","518210","48","0","2022","2","N",12,0,0,0,0,0,0,0,"N",0.53,0,0,0,0,0,0,0,"N",1,9.1,0,0,0,0,0,0,0,0,0,0,0,0,0,0
"C4110","5","518210","48","0","2022","2","",17,158,160,163,4255831,1709155,7773,2042,"",0.54,0.64,0.64,0.66,0.68,0.78,0.64,1.05,"",7,70.0,38,31.7,43,36.8,47,40.5,1527133,56.0,199730,13.2,2124,37.6,258,14.5
"C4114","5","518210","48","0","2022","2","N",4,0,0,0,0,0,0,0,"N",0.29,0,0,0,0,0,0,0,"N",1,33.3,0,0,0,0,0,0,0,0,0,0,0,0,0,0
"C4118","5","518210","48","0","2022","2","",202,8096,8116,8317,319149949,8196867,84011,3003,"",0.54,2.01,2.00,2.03,2.21,0.83,0.65,1.09,"",26,14.8,427,5.6,445,5.8,560,7.2,47356080,17.4,2784276,51.4,21144,33.6,287,10.6
"C4142","5","518210","48","0","2022","2","N",22,0,0,0,0,0,0,0,"N",0.37,0,0,0,0,0,0,0,"N",4,22.2,0,0,0,0,0,0,0,0,0,0,0,0,0,0
"C4150","5","518210","48","0","2022","2","N",6,0,0,0,0,0,0,0,"N",0.10,0,0,0,0,0,0,0,"N",2,50.0,0,0,0,0,0,0,0,0,0,0,0,0,0,0
"C4154","5","518210","48","0","2022","2","",53,87,98,97,3327188,245818,2080,2723,"",0.90,0.18,0.19,0.18,0.23,0.15,0.06,1.28,"N",21,65.6,0,0,0,0,0,0,0,0,0,0,0,0,0,0
"C4162","5","518210","48","0","2022","2","N",502,0,0,0,0,0,0,0,"N",1.98,0,0,0,0,0,0,0,"N",137,37.5,0,0,0,0,0,0,0,0,0,0,0,0,0,0
"C4166","5","518210","48","0","2022","2","N",2,0,0,0,0,0,0,0,"N",0.16,0,0,0,0,0,0,0,"N",0,0.0,0,0,0,0,0,0,0,0,0,0,0,0,0,0
"C4170","5","518210","48","0","2022","2","",109,4707,4785,4817,90754501,4417940,106483,1464,"",0.47,1.44,1.46,1.45,0.82,0.68,1.13,0.57,"",19,21.1,-636,-11.9,-458,-8.7,-394,-7.6,-8278520,-8.4,714298,19.3,4574,4.5,17,1.2
"C4174","5","518210","48","0","2022","2","",205,2673,2622,2583,98004321,2381189,83421,2871,"",0.42,0.58,0.56,0.55,0.50,0.40,0.53,0.88,"",16,8.5,-37,-1.4,-100,-3.7,-97,-3.6,17278626,21.4,-54984,-2.3,-28671,-25.6,575,25.0
"C4186","5","518210","48","0","2022","2","",859,33112,33606,34433,2267798100,29795736,868996,5174,"",1.03,4.46,4.49,4.55,4.48,3.19,3.49,0.99,"N",135,18.6,0,0,0,0,0,0,0,0,0,0,0,0,0,0
"C4194","5","518210","48","0","2022","2","N",375,0,0,0,0,0,0,0,"N",1.19,0,0,0,0,0,0,0,"N",68,22.1,0,0,0,0,0,0,0,0,0,0,0,0,0,0
"C4198","5","518210","48","0","2022","2","",42,2370,2338,2340,28479178,2533899,70476,932,"",0.31,1.18,1.16,1.15,0.74,0.78,0.73,0.63,"N",4,10.5,0,0,0,0,0,0,0,0,0,0,0,0,0,0
"C4202","5","518210","48","0","2022","2","",9,22,22,22,423729,3808,236,1482,"",0.21,0.06,0.06,0.06,0.04,0.01,0.02,0.60,"",-1,-10.0,-21,-48.8,-21,-48.8,-21,-48.8,-786561,-65.0,367,10.7,23,10.8,-683,-31.5
"C4210","5","518210","48","0","2022","2","N",11,0,0,0,0,0,0,0,"N",0.28,0,0,0,0,0,0,0,"N",2,22.2,0,0,0,0,0,0,0,0,0,0,0,0,0,0
"C4214","5","518210","48","0","2022","2","",52,57,53,48,2054529,826944,8309,3001,"",1.97,0.31,0.28,0.26,0.37,0.65,1.11,1.30,"",24,85.7,15,35.7,9,20.5,8,20.0,931840,83.0,461085,126.0,1205,17.0,945,46.0
"C4220","5","518210","48","0","2022","2","",27,388,394,389,10962926,345418,13318,2160,"",0.41,0.56,0.57,0.55,0.44,0.28,0.37,0.79,"",4,17.4,-7,-1.8,3,0.8,-15,-3.7,895718,8.9,64652,23.0,107,0.8,208,10.7
"C4222","5","518210","48","0","2022","2","",17,86,87,91,2241388,40477,1487,1959,"",0.21,0.13,0.14,0.14,0.09,0.05,0.06,0.67,"",6,54.5,4,4.9,0,0.0,5,5.8,498352,28.6,9446,30.4,677,83.6,382,24.2
"C4234","5","518210","48","0","2022","2","N",11,0,0,0,0,0,0,0,"N",0.23,0,0,0,0,0,0,0,"N",1,10.0,0,0,0,0,0,0,0,0,0,0,0,0,0,0
"C4254","5","518210","48","0","2022","2","N",19,0,0,0,0,0,0,0,"N",0.35,0,0,0,0,0,0,0,"N",-2,-9.5,0,0,0,0,0,0,0,0,0,0,0,0,0,0
"C4266","5","518210","48","0","2022","2","",724,22333,23084,23637,1223248921,430869529,3135840,4088,"",1.26,3.54,3.63,3.66,3.41,4.68,3.15,0.94,"",97,15.5,10060,82.0,10651,85.7,11071,88.1,551132668,82.0,253220061,142.5,1060022,51.1,-73,-1.8
"C4268","5","518210","48","0","2022","2","",19,99,97,101,3396917,66498,1069,2639,"",0.83,0.58,0.57,0.61,0.65,0.26,0.66,1.11,"",2,11.8,18,22.2,14,16.9,14,16.1,1412453,71.2,-14629,-18.0,-856,-44.5,814,44.6
"C4270","5","518210","48","0","2022","2","N",1,0,0,0,0,0,0,0,"N",0.10,0,0,0,0,0,0,0,"N",0,0.0,0,0,0,0,0,0,0,0,0,0,0,0,0,0
"C4310","5","518210","48","0","2022","2","N",3,0,0,0,0,0,0,0,"N",0.26,0,0,0,0,0,0,0,"N",-1,-25.0,0,0,0,0,0,0,0,0,0,0,0,0,0,0
"C4330","5","518210","48","0","2022","2","N",3,0,0,0,0,0,0,0,"N",0.23,0,0,0,0,0,0,0,"N",1,50.0,0,0,0,0,0,0,0,0,0,0,0,0,0,0
"C4334","5","518210","48","0","2022","2","N",43,0,0,0,0,0,0,0,"N",0.84,0,0,0,0,0,0,0,"N",9,26.5,0,0,0,0,0,0,0,0,0,0,0,0,0,0
"C4342","5","518210","48","0","2022","2","",8,41,40,40,807717,50737,1021,1540,"",0.81,0.39,0.38,0.39,0.24,0.40,0.67,0.62,"",0,0.0,1,2.5,0,0.0,-2,-4.8,98549,13.9,6260,14.1,-183,-15.2,199,14.8
"C4358","5","518210","48","0","2022","2","N",8,0,0,0,0,0,0,0,"N",0.35,0,0,0,0,0,0,0,"N",4,100.0,0,0,0,0,0,0,0,0,0,0,0,0,0,0
"C4362","5","518210","48","0","2022","2","",105,160,160,162,4045753,581505,6615,1937,"",2.15,0.32,0.32,0.31,0.24,0.34,0.49,0.76,"",31,41.9,45,39.1,41,34.5,40,32.8,1131666,38.8,276347,90.6,1889,40.0,48,2.5
"C4378","5","518210","48","0","2022","2","",17,307,308,311,6487259,357082,3182,1617,"",0.60,0.79,0.78,0.78,0.51,0.48,0.31,0.66,"N",4,30.8,0,0,0,0,0,0,0,0,0,0,0,0,0,0
"C4390","5","518210","48","0","2022","2","N",14,0,0,0,0,0,0,0,"N",0.44,0,0,0,0,0,0,0,"N",1,7.7,0,0,0,0,0,0,0,0,0,0,0,0,0,0
"C4406","5","518210","48","0","2022","2","N",59,0,0,0,0,0,0,0,"N",0.75,0,0,0,0,0,0,0,"N",15,34.1,0,0,0,0,0,0,0,0,0,0,0,0,0,0
"C4410","5","518210","48","0","2022","2","",9,172,174,166,4340481,365513,6901,1956,"",0.45,0.43,0.43,0.41,0.31,0.43,0.35,0.73,"",0,0.0,36,26.5,41,30.8,37,28.7,2577082,146.1,-60766,-14.3,1640,31.2,934,91.4
"C4414","5","518210","48","0","2022","2","",19,67,66,55,1147620,212190,6572,1409,"",0.19,0.08,0.08,0.06,0.04,0.05,0.09,0.56,"",4,26.7,37,123.3,35,112.9,24,77.4,661435,136.0,111468,110.7,3171,93.2,189,15.5
"C4418","5","518210","48","0","2022","2","",21,505,501,481,6858676,1410105,18614,1064,"",0.37,0.77,0.76,0.73,0.37,0.83,1.22,0.49,"",0,0.0,-53,-9.5,-64,-11.3,-86,-15.2,482509,7.6,-621569,-30.6,-9494,-33.8,193,22.2
"C4422","5","518210","48","0","2022","2","",9,16,16,16,423187,25704,618,2035,"",0.87,0.11,0.11,0.11,0.11,0.08,0.10,0.95,"",3,50.0,11,220.0,11,220.0,11,220.0,348609,467.4,21543,517.7,452,272.3,888,77.4
"C4430","5","518210","48","0","2022","2","",7,75,72,76,1713369,17582,627,1773,"",0.48,0.37,0.36,0.36,0.24,0.05,0.06,0.66,"",-2,-22.2,-4,-5.1,-8,-10.0,-3,-3.8,24945,1.5,-98468,-84.8,-4195,-87.0,136,8.3
"C4442","5","518210","48","0","2022","2","N",1,0,0,0,0,0,0,0,"N",0.07,0,0,0,0,0,0,0,"N",0,0.0,0,0,0,0,0,0,0,0,0,0,0,0,0,0
"C4470","5","518210","48","0","2022","2","",7,8,12,11,123497,31011,1091,919,"",0.09,0.01,0.01,0.01,0.00,0.02,0.03,0.36,"N",5,250.0,0,0,0,0,0,0,0,0,0,0,0,0,0,0
"C4494","5","518210","48","0","2022","2","N",2,0,0,0,0,0,0,0,"N",0.23,0,0,0,0,0,0,0,"N",0,0.0,0,0,0,0,0,0,0,0,0,0,0,0,0,0
"C4506","5","518210","48","0","2022","2","N",30,0,0,0,0,0,0,0,"N",0.45,0,0,0,0,0,0,0,"N",7,30.4,0,0,0,0,0,0,0,0,0,0,0,0,0,0
"C4522","5","518210","48","0","2022","2","N",52,0,0,0,0,0,0,0,"N",1.09,0,0,0,0,0,0,0,"N",11,26.8,0,0,0,0,0,0,0,0,0,0,0,0,0,0
"C4530","5","518210","48","0","2022","2","N",399,0,0,0,0,0,0,0,"N",0.90,0,0,0,0,0,0,0,"N",97,32.1,0,0,0,0,0,0,0,0,0,0,0,0,0,0
"C4546","5","518210","48","0","2022","2","N",3,0,0,0,0,0,0,0,"N",0.21,0,0,0,0,0,0,0,"N",1,50.0,0,0,0,0,0,0,0,0,0,0,0,0,0,0
"C4550","5","518210","48","0","2022","2","",6,56,55,56,754852,430358,13269,1043,"",0.42,0.32,0.31,0.32,0.15,1.16,2.77,0.48,"N",4,200.0,0,0,0,0,0,0,0,0,0,0,0,0,0,0
"C4554","5","518210","48","0","2022","2","",5,5,5,5,97596,4274,7,1501,"",0.52,0.04,0.04,0.04,0.03,0.03,0.01,0.66,"N",1,25.0,0,0,0,0,0,0,0,0,0,0,0,0,0,0
"C4578","5","518210","48","0","2022","2","N",43,0,0,0,0,0,0,0,"N",0.71,0,0,0,0,0,0,0,"N",9,26.5,0,0,0,0,0,0,0,0,0,0,0,0,0,0
"C4582","5","518210","48","0","2022","2","N",19,0,0,0,0,0,0,0,"N",0.75,0,0,0,0,0,0,0,"N",5,35.7,0,0,0,0,0,0,0,0,0,0,0,0,0,0
"C4594","5","518210","48","0","2022","2","",33,352,337,341,10079659,3029213,58103,2258,"",0.70,0.44,0.42,0.42,0.27,0.55,0.69,0.63,"",-3,-8.3,-106,-23.1,-123,-26.7,-128,-27.3,-3882181,-27.8,-1092566,-26.5,-16910,-22.5,-65,-2.8
"C4606","5","518210","48","0","2022","2","",37,202,211,215,8155761,177942,2744,2997,"",0.42,0.17,0.18,0.19,0.22,0.12,0.18,1.20,"",-1,-2.6,-1,-0.5,11,5.5,10,4.9,1370123,20.2,19782,12.5,-917,-25.0,421,16.3
"C4614","5","518210","48","0","2022","2","",99,316,317,326,7775965,1640679,11714,1871,"",0.80,0.24,0.24,0.24,0.18,0.16,0.14,0.77,"",29,41.4,46,17.0,49,18.3,51,18.5,1303133,20.1,162185,11.0,-6664,-36.3,34,1.9
"C4622","5","518210","48","0","2022","2","",12,53,50,51,727887,68969,1254,1091,"",0.53,0.17,0.16,0.17,0.08,0.14,0.23,0.47,"",3,33.3,-90,-62.9,-86,-63.2,-77,-60.2,-1095271,-60.1,-158572,-69.7,-3177,-71.7,57,5.5
"C4634","5","518210","48","0","2022","2","",12,30,30,32,968247,52196,538,2429,"",0.45,0.09,0.09,0.10,0.09,0.08,0.06,1.03,"",5,71.4,19,172.7,19,172.7,20,166.7,669633,224.2,38851,291.1,446,484.8,402,19.8
"C4652","5","518210","48","0","2022","2","",236,448,454,453,15122008,6962568,139995,2575,"",2.03,0.33,0.34,0.33,0.31,0.52,0.90,0.93,"",76,47.5,98,28.0,96,26.8,104,29.8,4734089,45.6,1749727,33.6,-38801,-21.7,307,13.5
"C4654","5","518210","48","0","2022","2","",9,28,22,18,565715,32984,1072,1920,"",0.34,0.08,0.06,0.05,0.05,0.04,0.05,0.80,"N",4,80.0,0,0,0,0,0,0,0,0,0,0,0,0,0,0
"C4666","5","518210","48","0","2022","2","N",1,0,0,0,0,0,0,0,"N",0.07,0,0,0,0,0,0,0,"N",0,0.0,0,0,0,0,0,0,0,0,0,0,0,0,0,0
"C4670","5","518210","48","0","2022","2","",11,90,88,88,1931656,40393,1288,1676,"",0.22,0.21,0.20,0.20,0.12,0.07,0.08,0.58,"",1,10.0,-2,-2.2,-3,-3.3,-2,-2.2,-184737,-8.7,3514,9.5,-248,-16.1,-113,-6.3
"C4702","5","518210","48","0","2022","2","N",1,0,0,0,0,0,0,0,"N",0.10,0,0,0,0,0,0,0,"N",-1,-50.0,0,0,0,0,0,0,0,0,0,0,0,0,0,0
"C4722","5","518210","48","0","2022","2","N",2,0,0,0,0,0,0,0,"N",0.14,0,0,0,0,0,0,0,"N",0,0.0,0,0,0,0,0,0,0,0,0,0,0,0,0,0
"C4726","5","518210","48","0","2022","2","",89,1341,1303,1317,21860478,871267,27021,1274,"",0.47,0.59,0.57,0.57,0.29,0.24,0.76,0.51,"",21,30.9,-257,-16.1,-232,-15.1,-157,-10.7,-6424569,-22.7,-399353,-31.4,-14367,-34.7,-143,-10.1
"C4730","5","518210","48","0","2022","2","",3,6,6,7,47681,20688,698,579,"",0.06,0.01,0.01,0.01,0.00,0.02,0.02,0.28,"",0,0.0,1,20.0,0,0.0,1,16.7,-16880,-26.1,8398,68.3,231,49.5,-297,-33.9
"C4738","5","518210","48","0","2022","2","N",14,0,0,0,0,0,0,0,"N",0.57,0,0,0,0,0,0,0,"N",2,16.7,0,0,0,0,0,0,0,0,0,0,0,0,0,0
"C4746","5","518210","48","0","2022","2","",6,27,26,21,427724,331913,6119,1334,"",0.62,0.30,0.28,0.22,0.15,0.39,0.61,0.58,"",2,50.0,3,12.5,-2,-7.1,-6,-22.2,118191,38.2,23380,7.6,2548,71.4,430,47.6
"C4758","5","518210","48","0","2022","2","N",3,0,0,0,0,0,0,0,"N",0.19,0,0,0,0,0,0,0,"N",2,200.0,0,0,0,0,0,0,0,0,0,0,0,0,0,0
"C4790","5","518210","48","0","2022","2","",1196,16558,16599,16802,688681321,21651146,245379,3181,"",1.39,1.73,1.73,1.73,1.40,1.62,1.23,0.81,"",239,25.0,2342,16.5,2359,16.6,2426,16.9,101468673,17.3,3052624,16.4,-46715,-16.0,17,0.5
"C4794","5","518210","48","0","2022","2","N",13,0,0,0,0,0,0,0,"N",0.65,0,0,0,0,0,0,0,"N",2,18.2,0,0,0,0,0,0,0,0,0,0,0,0,0,0
"C4806","5","518210","48","0","2022","2","N",2,0,0,0,0,0,0,0,"N",0.17,0,0,0,0,0,0,0,"N",0,0.0,0,0,0,0,0,0,0,0,0,0,0,0,0,0
"C4814","5","518210","48","0","2022","2","",6,27,25,27,537901,24033,452,1571,"",0.41,0.12,0.11,0.12,0.08,0.03,0.06,0.67,"",0,0.0,6,28.6,2,8.7,5,22.7,234283,77.2,-3589,-13.0,96,27.0,509,47.9
"C4826","5","518210","48","0","2022","2","",3,4,4,4,52956,9000,243,1018,"",0.29,0.04,0.03,0.03,0.02,0.04,0.05,0.49,"N",1,50.0,0,0,0,0,0,0,0,0,0,0,0,0,0,0
"C4830","5","518210","48","0","2022","2","N",7,0,0,0,0,0,0,0,"N",0.37,0,0,0,0,0,0,0,"N",-1,-12.5,0,0,0,0,0,0,0,0,0,0,0,0,0,0
"C4854","5","518210","48","0","2022","2","N",3,0,0,0,0,0,0,0,"N",0.20,0,0,0,0,0,0,0,"N",2,200.0,0,0,0,0,0,0,0,0,0,0,0,0,0,0
"C4862","5","518210","48","0","2022","2","",82,184,185,187,3715022,788735,14404,1542,"",1.24,0.20,0.20,0.20,0.13,0.17,0.29,0.66,"",34,70.8,54,41.5,46,33.1,53,39.6,1558686,72.3,157702,25.0,57,0.4,307,24.9
"C4866","5","518210","48","0","2022","2","",5,22,22,21,453909,22868,157,1612,"",0.32,0.13,0.13,0.12,0.10,0.07,0.04,0.78,"",1,25.0,1,4.8,-1,-4.3,-2,-8.7,66168,17.1,-18027,-44.1,-670,-81.0,276,20.7
"C4870","5","518210","48","0","2022","2","N",2,0,0,0,0,0,0,0,"N",0.16,0,0,0,0,0,0,0,"N",0,0.0,0,0,0,0,0,0,0,0,0,0,0,0,0,0
"C4890","5","518210","48","0","2022","2","N",33,0,0,0,0,0,0,0,"N",0.69,0,0,0,0,0,0,0,"N",7,26.9,0,0,0,0,0,0,0,0,0,0,0,0,0,0
"C4902","5","518210","48","0","2022","2","N",3,0,0,0,0,0,0,0,"N",0.18,0,0,0,0,0,0,0,"N",0,0.0,0,0,0,0,0,0,0,0,0,0,0,0,0,0
"C4918","5","518210","48","0","2022","2","",43,364,374,377,11665623,3486562,41912,2414,"",0.65,0.44,0.45,0.45,0.44,0.60,1.44,0.98,"",7,19.4,150,70.1,159,74.0,159,72.9,7070318,153.9,1944087,126.0,22644,117.5,775,47.3
"C4934","5","518210","48","0","2022","2","",64,408,397,407,18507910,1043796,26824,3524,"",0.50,0.34,0.33,0.33,0.41,0.18,0.25,1.23,"",14,28.0,71,21.1,56,16.4,62,18.0,3418549,22.7,244927,30.7,6633,32.9,120,3.5
"C4942","5","518210","48","0","2022","2","N",4,0,0,0,0,0,0,0,"N",0.13,0,0,0,0,0,0,0,"N",2,100.0,0,0,0,0,0,0,0,0,0,0,0,0,0,0
"C4962","5","518210","48","0","2022","2","",9,12,13,14,298767,24603,860,1768,"",0.24,0.02,0.02,0.03,0.02,0.02,0.03,0.71,"N",0,0.0,0,0,0,0,0,0,0,0,0,0,0,0,0,0
"C4966","5","518210","48","0","2022","2","",21,230,219,220,4521567,187803,4633,1560,"",0.40,0.38,0.35,0.35,0.27,0.15,0.15,0.75,"",8,61.5,16,7.5,7,3.3,2,0.9,802995,21.6,19520,11.6,-606,-11.6,227,17.0
"C4970","5","518210","48","0","2022","2","N",1,0,0,0,0,0,0,0,"N",0.05,0,0,0,0,0,0,0,"N",-3,-75.0,0,0,0,0,0,0,0,0,0,0,0,0,0,0
"C4974","5","518210","48","0","2022","2","N",2,0,0,0,0,0,0,0,"N",0.13,0,0,0,0,0,0,0,"N",0,0.0,0,0,0,0,0,0,0,0,0,0,0,0,0,0
"US000","1","518210","18","0","2022","2","",1,1219,1211,1208,20850181,0,0,1323,"",1.00,1.00,1.00,1.00,1.00,0.00,0.00,1.00,"",0,0.0,3,0.2,4,0.3,0,0.0,844370,4.2,0,0.0,0,0.0,52,4.1
"US000","2","518210","18","0","2022","2","",19,900,916,909,19089885,0,0,1617,"",1.00,1.00,1.00,1.00,1.00,0.00,0.00,1.00,"",0,0.0,17,1.9,25,2.8,19,2.1,1571343,9.0,0,0.0,0,0.0,99,6.5
"US000","3","518210","18","0","2022","2","",101,2737,2738,2703,55313264,617907,1600,1561,"",1.00,1.00,1.00,1.00,1.00,1.00,1.00,1.00,"",1,1.0,23,0.8,38,1.4,-9,-0.3,1062442,2.0,134552,27.8,-75,-4.5,20,1.3
"US000","5","518210","18","0","2022","2","",45717,459400,463285,468052,17962497090,1635206041,24016872,2981,"",1.00,1.00,1.00,1.00,1.00,1.00,1.00,1.00,"",9646,26.7,78832,20.7,80783,21.1,81072,20.9,3985972124,28.5,532396166,48.3,4447699,22.7,176,6.3
