"area_fips","own_code","industry_code","agglvl_code","size_code","year","qtr","disclosure_code","qtrly_estabs","month1_emplvl","month2_emplvl","month3_emplvl","total_qtrly_wages","taxable_qtrly_wages","qtrly_contributions","avg_wkly_wage","lq_disclosure_code","lq_qtrly_estabs","lq_month1_emplvl","lq_month2_emplvl","lq_month3_emplvl","lq_total_qtrly_wages","lq_taxable_qtrly_wages","lq_qtrly_contributions","lq_avg_wkly_wage","oty_disclosure_code","oty_qtrly_estabs_chg","oty_qtrly_estabs_pct_chg","oty_month1_emplvl_chg","oty_month1_emplvl_pct_chg","oty_month2_emplvl_chg","oty_month2_emplvl_pct_chg","oty_month3_emplvl_chg","oty_month3_emplvl_pct_chg","oty_total_qtrly_wages_chg","oty_total_qtrly_wages_pct_chg","oty_taxable_qtrly_wages_chg","oty_taxable_qtrly_wages_pct_chg","oty_qtrly_contributions_chg","oty_qtrly_contributions_pct_chg","oty_avg_wkly_wage_chg","oty_avg_wkly_wage_pct_chg"
"01000","2","518210","58","0","2025","1","",1,13,14,14,393588,0,0,2215,"",3.90,0.91,0.97,0.98,1.49,0.00,0.00,1.56,"",0,0.0,2,18.2,3,27.3,2,16.7,146396,59.2,0,0.0,0,0.0,537,32.0
"01000","5","518210","58","0","2025","1","",1433,3857,3813,3773,111487861,29667488,192583,2248,"",1.92,0.58,0.58,0.57,0.39,0.43,0.58,0.68,"",27,1.9,119,3.2,79,2.1,31,0.8,14433828,14.9,455483,1.6,-6565,-3.3,251,12.6
"01001","5","518210","78","0","2025","1","",11,11,11,12,180599,80038,960,1226,"",2.07,0.28,0.28,0.30,0.13,0.21,0.47,0.46,"",5,83.3,3,37.5,3,37.5,4,50.0,-597,-0.3,25663,47.2,451,88.6,-516,-29.6
"01003","5","518210","78","0","2025","1","",66,115,112,110,2587086,945564,9152,1772,"",1.56,0.43,0.42,0.41,0.28,0.33,0.65,0.67,"",8,13.8,22,23.7,28,33.3,21,23.6,615023,31.2,221622,30.6,3541,63.1,61,3.6
"01009","5","518210","78","0","2025","1","N",2,0,0,0,0,0,0,0,"N",0.44,0,0,0,0,0,0,0,"N",1,100.0,0,0,0,0,0,0,0,0,0,0,0,0,0,0
"01015","5","518210","78","0","2025","1","",7,24,21,22,387682,160691,2429,1335,"",0.53,0.18,0.15,0.16,0.08,0.14,0.47,0.50,"",-2,-22.2,0,0.0,-6,-22.2,-5,-18.5,-156073,-28.7,-43441,-21.3,268,12.4,-274,-17.0
"01017","5","518210","78","0","2025","1","N",4,0,0,0,0,0,0,0,"N",1.08,0,0,0,0,0,0,0,"N",1,33.3,0,0,0,0,0,0,0,0,0,0,0,0,0,0
"01019","5","518210","78","0","2025","1","N",1,0,0,0,0,0,0,0,"N",0.43,0,0,0,0,0,0,0,"N",0,0.0,0,0,0,0,0,0,0,0,0,0,0,0,0,0
"01021","5","518210","78","0","2025","1","",3,3,3,3,49800,24538,249,1277,"",0.69,0.10,0.10,0.10,0.05,0.09,0.14,0.53,"N",1,50.0,0,0,0,0,0,0,0,0,0,0,0,0,0,0
"01023","5","518210","78","0","2025","1","N",1,0,0,0,0,0,0,0,"N",0.61,0,0,0,0,0,0,0,"N",1,100.0,0,0,0,0,0,0,0,0,0,0,0,0,0,0
"01027","5","518210","78","0","2025","1","N",2,0,0,0,0,0,0,0,"N",1.66,0,0,0,0,0,0,0,"N",1,100.0,0,0,0,0,0,0,0,0,0,0,0,0,0,0
"01029","5","518210","78","0","2025","1","N",1,0,0,0,0,0,0,0,"N",0.76,0,0,0,0,0,0,0,"N",0,0.0,0,0,0,0,0,0,0,0,0,0,0,0,0,0
"01031","5","518210","78","0","2025","1","",8,7,8,7,166835,58123,916,1750,"",1.23,0.13,0.15,0.13,0.10,0.10,0.38,0.73,"",0,0.0,0,0.0,-1,-11.1,-2,-22.2,20614,14.1,-7131,-10.9,-92,-9.1,400,29.6
"01033","5","518210","78","0","2025","1","",7,22,24,24,369304,170844,942,1217,"",0.91,0.29,0.31,0.31,0.12,0.21,0.22,0.41,"",2,40.0,4,22.2,8,50.0,8,50.0,51393,16.2,38474,29.1,-2232,-70.3,-250,-17.0
"01037","5","518210","78","0","2025","1","",3,4,4,4,165902,40000,280,3190,"",3.91,0.87,0.87,0.86,0.99,0.82,1.46,1.14,"N",0,0.0,0,0,0,0,0,0,0,0,0,0,0,0,0,0
"01039","5","518210","78","0","2025","1","N",2,0,0,0,0,0,0,0,"N",0.37,0,0,0,0,0,0,0,"N",2,100.0,0,0,0,0,0,0,0,0,0,0,0,0,0,0
"01043","5","518210","78","0","2025","1","",6,6,5,5,120868,52510,105,1743,"",0.56,0.06,0.05,0.05,0.04,0.05,0.03,0.65,"",2,50.0,2,50.0,0,0.0,0,0.0,-5839,-4.6,16516,45.9,-167,-61.4,-346,-16.6
"01045","5","518210","78","0","2025","1","",5,9,9,10,437395,80000,560,3605,"",0.95,0.16,0.16,0.17,0.18,0.14,0.20,1.10,"",0,0.0,1,12.5,1,12.5,2,25.0,175919,67.3,16000,25.0,-768,-57.8,1091,43.4
"01047","5","518210","78","0","2025","1","N",1,0,0,0,0,0,0,0,"N",0.22,0,0,0,0,0,0,0,"N",0,0.0,0,0,0,0,0,0,0,0,0,0,0,0,0,0
"01049","5","518210","78","0","2025","1","",4,3,4,3,67092,24000,448,1548,"",0.57,0.04,0.05,0.04,0.03,0.03,0.13,0.61,"N",3,300.0,0,0,0,0,0,0,0,0,0,0,0,0,0,0
"01051","5","518210","78","0","2025","1","",11,9,10,10,252980,74431,1244,2013,"",1.29,0.13,0.15,0.15,0.11,0.11,0.47,0.80,"",0,0.0,1,12.5,2,25.0,4,66.7,120897,91.5,9160,14.0,-330,-21.0,628,45.3
"01053","5","518210","78","0","2025","1","N",1,0,0,0,0,0,0,0,"N",0.23,0,0,0,0,0,0,0,"N",1,100.0,0,0,0,0,0,0,0,0,0,0,0,0,0,0
"01055","5","518210","78","0","2025","1","N",3,0,0,0,0,0,0,0,"N",0.26,0,0,0,0,0,0,0,"N",2,200.0,0,0,0,0,0,0,0,0,0,0,0,0,0,0
"01057","5","518210","78","0","2025","1","N",1,0,0,0,0,0,0,0,"N",0.61,0,0,0,0,0,0,0,"N",1,100.0,0,0,0,0,0,0,0,0,0,0,0,0,0,0
"01059","5","518210","78","0","2025","1","N",2,0,0,0,0,0,0,0,"N",0.63,0,0,0,0,0,0,0,"N",0,0.0,0,0,0,0,0,0,0,0,0,0,0,0,0,0
"01061","5","518210","78","0","2025","1","N",2,0,0,0,0,0,0,0,"N",0.72,0,0,0,0,0,0,0,"N",1,100.0,0,0,0,0,0,0,0,0,0,0,0,0,0,0
"01065","5","518210","78","0","2025","1","N",1,0,0,0,0,0,0,0,"N",0.65,0,0,0,0,0,0,0,"N",0,0.0,0,0,0,0,0,0,0,0,0,0,0,0,0,0
"01067","5","518210","78","0","2025","1","N",1,0,0,0,0,0,0,0,"N",0.52,0,0,0,0,0,0,0,"N",1,100.0,0,0,0,0,0,0,0,0,0,0,0,0,0,0
"01069","5","518210","78","0","2025","1","N",10,0,0,0,0,0,0,0,"N",0.57,0,0,0,0,0,0,0,"N",2,25.0,0,0,0,0,0,0,0,0,0,0,0,0,0,0
"01071","5","518210","78","0","2025","1","N",3,0,0,0,0,0,0,0,"N",0.53,0,0,0,0,0,0,0,"N",-1,-25.0,0,0,0,0,0,0,0,0,0,0,0,0,0,0
"01073","5","518210","78","0","2025","1","",184,363,363,354,15084654,3023209,27669,3223,"",1.71,0.32,0.31,0.31,0.25,0.24,0.47,0.80,"",16,9.5,-5,-1.4,-10,-2.7,-29,-7.6,5318010,54.5,-118325,-3.8,-7016,-20.2,1218,60.7
"01077","5","518210","78","0","2025","1","",11,14,13,12,420008,111847,1024,2485,"",0.91,0.15,0.13,0.12,0.13,0.12,0.22,1.00,"N",5,83.3,0,0,0,0,0,0,0,0,0,0,0,0,0,0
"01079","5","518210","78","0","2025","1","N",1,0,0,0,0,0,0,0,"N",0.38,0,0,0,0,0,0,0,"N",1,100.0,0,0,0,0,0,0,0,0,0,0,0,0,0,0
"01081","5","518210","78","0","2025","1","",47,158,148,144,4173937,1207600,6129,2140,"",2.26,0.75,0.69,0.68,0.53,0.64,0.68,0.75,"",9,23.7,21,15.3,10,7.2,0,0.0,1338579,47.2,147474,13.9,-316,-4.9,578,37.0
"01083","5","518210","78","0","2025","1","",13,4,5,4,103749,48000,896,1842,"",1.29,0.04,0.05,0.04,0.02,0.04,0.14,0.60,"",2,18.2,-2,-33.3,-1,-16.7,1,33.3,-2730,-2.6,5377,12.6,345,62.6,204,12.5
"01087","5","518210","78","0","2025","1","N",1,0,0,0,0,0,0,0,"N",0.68,0,0,0,0,0,0,0,"N",0,0.0,0,0,0,0,0,0,0,0,0,0,0,0,0,0
"01089","5","518210","78","0","2025","1","",139,345,350,346,17527748,2876974,22443,3886,"",2.11,0.47,0.48,0.48,0.46,0.38,0.63,0.96,"",17,13.9,56,19.4,62,21.5,66,23.6,1534123,9.6,469893,19.5,4650,26.1,-421,-9.8
"01091","5","518210","78","0","2025","1","N",2,0,0,0,0,0,0,0,"N",0.74,0,0,0,0,0,0,0,"N",2,100.0,0,0,0,0,0,0,0,0,0,0,0,0,0,0
"01093","5","518210","78","0","2025","1","N",1,0,0,0,0,0,0,0,"N",0.30,0,0,0,0,0,0,0,"N",0,0.0,0,0,0,0,0,0,0,0,0,0,0,0,0,0
"01095","5","518210","78","0","2025","1","N",10,0,0,0,0,0,0,0,"N",0.82,0,0,0,0,0,0,0,"N",-1,-9.1,0,0,0,0,0,0,0,0,0,0,0,0,0,0
"01097","5","518210","78","0","2025","1","",49,209,203,205,4642139,1667072,6561,1736,"",0.86,0.38,0.37,0.38,0.20,0.29,0.24,0.55,"",2,4.3,31,17.4,25,14.0,26,14.5,982635,26.9,215326,14.8,-550,-7.7,157,9.9
"01101","2","518210","78","0","2025","1","",1,13,14,14,393588,0,0,2215,"",86.29,14.49,15.49,15.69,25.28,0.00,0.00,1.66,"",0,0.0,2,18.2,3,27.3,2,16.7,146396,59.2,0,0.0,0,0.0,537,32.0
"01101","5","518210","78","0","2025","1","",46,237,235,233,6149694,1914190,9249,2013,"",1.36,0.57,0.57,0.57,0.37,0.52,0.53,0.65,"",6,15.0,3,1.3,0,0.0,3,1.3,1766399,40.3,27403,1.5,1370,17.4,566,39.1
"01103","5","518210","78","0","2025","1","",12,28,28,25,553935,196118,842,1578,"",0.76,0.16,0.16,0.15,0.08,0.10,0.10,0.50,"",0,0.0,-8,-22.2,-8,-22.2,-10,-28.6,-46205,-7.7,-65009,-24.9,-114,-11.9,284,21.9
"01107","5","518210","78","0","2025","1","N",1,0,0,0,0,0,0,0,"N",0.58,0,0,0,0,0,0,0,"N",0,0.0,0,0,0,0,0,0,0,0,0,0,0,0,0,0
"01109","5","518210","78","0","2025","1","N",3,0,0,0,0,0,0,0,"N",0.81,0,0,0,0,0,0,0,"N",0,0.0,0,0,0,0,0,0,0,0,0,0,0,0,0,0
"01111","5","518210","78","0","2025","1","N",1,0,0,0,0,0,0,0,"N",0.46,0,0,0,0,0,0,0,"N",1,100.0,0,0,0,0,0,0,0,0,0,0,0,0,0,0
"01113","5","518210","78","0","2025","1","",11,19,21,22,569888,162469,1397,2121,"",1.94,0.43,0.48,0.50,0.40,0.38,0.78,0.84,"",1,10.0,1,5.6,3,16.7,5,29.4,147058,34.8,19152,13.4,-673,-32.5,280,15.2
"01115","5","518210","78","0","2025","1","",11,33,29,22,628163,220561,931,1726,"",1.16,0.48,0.42,0.32,0.20,0.30,0.32,0.50,"",2,22.2,26,371.4,21,262.5,13,144.4,435937,226.8,157483,249.7,-41,-4.2,-122,-6.6
"01117","5","518210","78","0","2025","1","",64,126,125,131,3623440,1023887,7876,2189,"",1.85,0.48,0.47,0.50,0.29,0.33,0.54,0.60,"",1,1.6,8,6.8,7,5.9,12,10.1,317555,9.6,70908,7.4,706,9.8,40,1.9
"01121","5","518210","78","0","2025","1","",8,17,18,18,636960,136000,2472,2773,"",1.09,0.17,0.18,0.18,0.17,0.12,0.54,0.96,"",0,0.0,5,41.7,4,28.6,4,28.6,-257997,-28.8,24077,21.5,1450,141.9,-2390,-46.3
"01123","5","518210","78","0","2025","1","N",3,0,0,0,0,0,0,0,"N",0.61,0,0,0,0,0,0,0,"N",1,50.0,0,0,0,0,0,0,0,0,0,0,0,0,0,0
"01125","5","518210","78","0","2025","1","",19,94,93,96,2202272,711430,3045,1796,"",0.75,0.30,0.30,0.31,0.18,0.24,0.24,0.58,"",2,11.8,-21,-18.3,-22,-19.1,-18,-15.8,-818297,-27.1,-261306,-26.9,-1093,-26.4,-230,-11.4
"01127","5","518210","78","0","2025","1","N",5,0,0,0,0,0,0,0,"N",0.71,0,0,0,0,0,0,0,"N",1,25.0,0,0,0,0,0,0,0,0,0,0,0,0,0,0
"01133","5","518210","78","0","2025","1","N",3,0,0,0,0,0,0,0,"N",1.16,0,0,0,0,0,0,0,"N",1,50.0,0,0,0,0,0,0,0,0,0,0,0,0,0,0
"01999","5","518210","78","0","2025","1","",619,1896,1869,1847,48208677,13924132,77187,1982,"",7.11,7.52,7.41,7.35,2.90,3.74,3.10,0.39,"",-72,-10.4,-34,-1.8,-50,-2.6,-76,-4.0,2359548,5.1,-601501,-4.1,-7665,-9.0,149,8.1
"02000","5","518210","58","0","2025","1","N",71,0,0,0,0,0,0,0,"N",0.62,0,0,0,0,0,0,0,"N",-2,-2.7,0,0,0,0,0,0,0,0,0,0,0,0,0,0
"02020","5","518210","78","0","2025","1","",32,94,100,112,2888717,2156456,32766,2179,"",0.80,0.20,0.22,0.24,0.12,0.21,0.17,0.55,"",1,3.2,31,49.2,40,66.7,48,75.0,1811846,168.3,1119067,107.9,16482,101.2,850,64.0
"02063","5","518210","78","0","2025","1","N",1,0,0,0,0,0,0,0,"N",0.55,0,0,0,0,0,0,0,"N",1,100.0,0,0,0,0,0,0,0,0,0,0,0,0,0,0
"02090","5","518210","78","0","2025","1","",6,3,3,3,91056,91056,1366,2335,"",0.53,0.03,0.03,0.03,0.02,0.04,0.03,0.64,"",-1,-14.3,-7,-70.0,-8,-72.7,-8,-72.7,-982223,-91.5,-375019,-80.5,-5680,-80.6,-5405,-69.8
"02110","5","518210","78","0","2025","1","N",2,0,0,0,0,0,0,0,"N",0.37,0,0,0,0,0,0,0,"N",0,0.0,0,0,0,0,0,0,0,0,0,0,0,0,0,0
"02122","5","518210","78","0","2025","1","N",1,0,0,0,0,0,0,0,"N",0.09,0,0,0,0,0,0,0,"N",0,0.0,0,0,0,0,0,0,0,0,0,0,0,0,0,0
"02130","5","518210","78","0","2025","1","N",1,0,0,0,0,0,0,0,"N",0.35,0,0,0,0,0,0,0,"N",1,100.0,0,0,0,0,0,0,0,0,0,0,0,0,0,0
"02150","5","518210","78","0","2025","1","N",1,0,0,0,0,0,0,0,"N",0.46,0,0,0,0,0,0,0,"N",0,0.0,0,0,0,0,0,0,0,0,0,0,0,0,0,0
"02170","5","518210","78","0","2025","1","N",3,0,0,0,0,0,0,0,"N",0.23,0,0,0,0,0,0,0,"N",0,0.0,0,0,0,0,0,0,0,0,0,0,0,0,0,0
"02220","5","518210","78","0","2025","1","N",1,0,0,0,0,0,0,0,"N",0.53,0,0,0,0,0,0,0,"N",0,0.0,0,0,0,0,0,0,0,0,0,0,0,0,0,0
"02240","5","518210","78","0","2025","1","N",1,0,0,0,0,0,0,0,"N",0.86,0,0,0,0,0,0,0,"N",0,0.0,0,0,0,0,0,0,0,0,0,0,0,0,0,0
"02999","5","518210","78","0","2025","1","",22,21,21,20,855067,596857,8955,3183,"",2.44,2.24,2.18,2.09,1.40,1.97,1.57,0.65,"",-4,-15.4,-6,-22.2,-4,-16.0,-5,-20.0,550,0.1,-133127,-18.2,-2076,-18.8,622,24.3
"04000","5","518210","58","0","2025","1","",829,10409,10491,10615,440390098,88192180,1270875,3225,"",0.80,1.02,1.02,1.04,0.87,0.76,0.87,0.85,"",-58,-6.5,-892,-7.9,-963,-8.4,-833,-7.3,3878189,0.9,-5349123,-5.7,-153931,-10.8,280,9.5
"04001","5","518210","78","0","2025","1","N",1,0,0,0,0,0,0,0,"N",0.35,0,0,0,0,0,0,0,"N",0,0.0,0,0,0,0,0,0,0,0,0,0,0,0,0,0
"04003","5","518210","78","0","2025","1","N",5,0,0,0,0,0,0,0,"N",0.42,0,0,0,0,0,0,0,"N",-4,-44.4,0,0,0,0,0,0,0,0,0,0,0,0,0,0
"04005","5","518210","78","0","2025","1","",9,63,65,65,1389873,522965,5808,1662,"",0.47,0.30,0.31,0.31,0.19,0.28,0.27,0.61,"N",2,28.6,0,0,0,0,0,0,0,0,0,0,0,0,0,0
"04007","5","518210","78","0","2025","1","N",1,0,0,0,0,0,0,0,"N",0.19,0,0,0,0,0,0,0,"N",-1,-50.0,0,0,0,0,0,0,0,0,0,0,0,0,0,0
"04013","5","518210","78","0","2025","1","",495,8994,9057,9180,384310825,76931167,1113069,3257,"",0.76,1.24,1.25,1.27,1.02,0.91,1.09,0.81,"",-40,-7.5,-722,-7.4,-747,-7.6,-677,-6.9,4940586,1.3,-3887187,-4.8,-90119,-7.5,277,9.3
"04015","5","518210","78","0","2025","1","N",3,0,0,0,0,0,0,0,"N",0.13,0,0,0,0,0,0,0,"N",0,0.0,0,0,0,0,0,0,0,0,0,0,0,0,0,0
"04019","5","518210","78","0","2025","1","",41,325,321,323,12403188,2632523,36966,2954,"",0.38,0.27,0.26,0.26,0.24,0.22,0.29,0.90,"",5,13.9,0,0.0,1,0.3,9,2.9,1281145,11.5,31971,1.2,2580,7.5,278,10.4
"04021","5","518210","78","0","2025","1","",12,17,17,16,344426,130545,2300,1590,"",0.49,0.07,0.07,0.06,0.03,0.05,0.07,0.51,"",3,33.3,-1,-5.6,1,6.2,1,6.7,-24598,-6.7,6175,5.0,-1332,-36.7,-148,-8.5
"04025","5","518210","78","0","2025","1","",4,10,10,10,191152,72000,1060,1470,"",0.12,0.04,0.04,0.04,0.02,0.03,0.04,0.52,"",-1,-20.0,1,11.1,1,11.1,0,0.0,28810,17.7,5539,8.3,-1681,-61.3,132,9.9
"04027","5","518210","78","0","2025","1","",5,6,6,7,146122,56000,963,1775,"",0.28,0.02,0.02,0.03,0.02,0.02,0.01,0.63,"N",0,0.0,0,0,0,0,0,0,0,0,0,0,0,0,0,0
"04999","5","518210","78","0","2025","1","",253,937,956,957,40140083,7350605,106084,3250,"",2.18,3.77,3.84,3.86,2.09,1.92,1.54,0.55,"",-22,-8.0,-205,-18.0,-258,-21.3,-203,-17.5,-3038383,-7.0,-1815387,-19.8,-62238,-37.0,416,14.7
"05000","2","518210","58","0","2025","1","",1,166,167,169,2995345,0,0,1377,"",5.94,18.83,18.78,19.13,18.56,0.00,0.00,0.98,"",0,0.0,4,2.5,5,3.1,7,4.3,290536,10.7,0,0.0,0,0.0,93,7.2
"05000","3","518210","58","0","2025","1","",1,4,4,4,71793,38104,76,1381,"",1.18,0.25,0.24,0.24,0.26,7.93,13.71,1.05,"N",1,100.0,0,0,0,0,0,0,0,0,0,0,0,0,0,0
"05000","5","518210","58","0","2025","1","",1009,4156,4065,4032,130753887,27146539,265774,2463,"",2.05,1.02,1.00,0.99,0.75,0.71,0.72,0.75,"",-151,-13.0,-169,-3.9,-277,-6.4,-285,-6.6,-721146,-0.5,-1828769,-6.3,-21793,-7.6,126,5.4
"05003","5","518210","78","0","2025","1","N",1,0,0,0,0,0,0,0,"N",0.44,0,0,0,0,0,0,0,"N",0,0.0,0,0,0,0,0,0,0,0,0,0,0,0,0,0
"05005","5","518210","78","0","2025","1","N",2,0,0,0,0,0,0,0,"N",0.32,0,0,0,0,0,0,0,"N",1,100.0,0,0,0,0,0,0,0,0,0,0,0,0,0,0
"05007","5","518210","78","0","2025","1","",54,261,251,247,6154355,1693673,39569,1871,"",1.33,0.56,0.54,0.53,0.17,0.29,0.98,0.31,"",-3,-5.3,-18,-6.5,-29,-10.4,-29,-10.5,-490689,-7.4,-230240,-12.0,8052,25.5,35,1.9
"05023","5","518210","78","0","2025","1","N",1,0,0,0,0,0,0,0,"N",0.34,0,0,0,0,0,0,0,"N",0,0.0,0,0,0,0,0,0,0,0,0,0,0,0,0,0
"05029","5","518210","78","0","2025","1","N",1,0,0,0,0,0,0,0,"N",0.44,0,0,0,0,0,0,0,"N",0,0.0,0,0,0,0,0,0,0,0,0,0,0,0,0,0
"05031","5","518210","78","0","2025","1","N",3,0,0,0,0,0,0,0,"N",0.22,0,0,0,0,0,0,0,"N",1,50.0,0,0,0,0,0,0,0,0,0,0,0,0,0,0
"05033","5","518210","78","0","2025","1","N",2,0,0,0,0,0,0,0,"N",0.33,0,0,0,0,0,0,0,"N",0,0.0,0,0,0,0,0,0,0,0,0,0,0,0,0,0
"05035","5","518210","78","0","2025","1","N",1,0,0,0,0,0,0,0,"N",0.20,0,0,0,0,0,0,0,"N",0,0.0,0,0,0,0,0,0,0,0,0,0,0,0,0,0
"05045","3","518210","78","0","2025","1","",1,4,4,4,71793,38104,76,1381,"",37.56,7.05,6.90,6.90,9.31,248.13,411.00,1.34,"N",1,100.0,0,0,0,0,0,0,0,0,0,0,0,0,0,0
"05045","5","518210","78","0","2025","1","N",10,0,0,0,0,0,0,0,"N",0.65,0,0,0,0,0,0,0,"N",-1,-9.1,0,0,0,0,0,0,0,0,0,0,0,0,0,0
"05047","5","518210","78","0","2025","1","N",1,0,0,0,0,0,0,0,"N",0.55,0,0,0,0,0,0,0,"N",0,0.0,0,0,0,0,0,0,0,0,0,0,0,0,0,0
"05051","5","518210","78","0","2025","1","N",4,0,0,0,0,0,0,0,"N",0.26,0,0,0,0,0,0,0,"N",0,0.0,0,0,0,0,0,0,0,0,0,0,0,0,0,0
"05055","5","518210","78","0","2025","1","N",2,0,0,0,0,0,0,0,"N",0.45,0,0,0,0,0,0,0,"N",0,0.0,0,0,0,0,0,0,0,0,0,0,0,0,0,0
"05057","5","518210","78","0","2025","1","N",1,0,0,0,0,0,0,0,"N",0.44,0,0,0,0,0,0,0,"N",-1,-50.0,0,0,0,0,0,0,0,0,0,0,0,0,0,0
"05065","5","518210","78","0","2025","1","N",1,0,0,0,0,0,0,0,"N",0.83,0,0,0,0,0,0,0,"N",0,0.0,0,0,0,0,0,0,0,0,0,0,0,0,0,0
"05071","5","518210","78","0","2025","1","N",1,0,0,0,0,0,0,0,"N",0.43,0,0,0,0,0,0,0,"N",0,0.0,0,0,0,0,0,0,0,0,0,0,0,0,0,0
"05073","5","518210","78","0","2025","1","N",1,0,0,0,0,0,0,0,"N",1.34,0,0,0,0,0,0,0,"N",0,0.0,0,0,0,0,0,0,0,0,0,0,0,0,0,0
"05085","5","518210","78","0","2025","1","N",5,0,0,0,0,0,0,0,"N",0.75,0,0,0,0,0,0,0,"N",-2,-28.6,0,0,0,0,0,0,0,0,0,0,0,0,0,0
"05087","5","518210","78","0","2025","1","N",1,0,0,0,0,0,0,0,"N",0.74,0,0,0,0,0,0,0,"N",0,0.0,0,0,0,0,0,0,0,0,0,0,0,0,0,0
"05089","5","518210","78","0","2025","1","N",1,0,0,0,0,0,0,0,"N",0.70,0,0,0,0,0,0,0,"N",0,0.0,0,0,0,0,0,0,0,0,0,0,0,0,0,0
"05091","5","518210","78","0","2025","1","N",1,0,0,0,0,0,0,0,"N",0.24,0,0,0,0,0,0,0,"N",-2,-66.7,0,0,0,0,0,0,0,0,0,0,0,0,0,0
"05093","5","518210","78","0","2025","1","N",1,0,0,0,0,0,0,0,"N",0.21,0,0,0,0,0,0,0,"N",0,0.0,0,0,0,0,0,0,0,0,0,0,0,0,0,0
"05097","5","518210","78","0","2025","1","N",1,0,0,0,0,0,0,0,"N",1.16,0,0,0,0,0,0,0,"N",0,0.0,0,0,0,0,0,0,0,0,0,0,0,0,0,0
"05103","5","518210","78","0","2025","1","N",1,0,0,0,0,0,0,0,"N",0.38,0,0,0,0,0,0,0,"N",0,0.0,0,0,0,0,0,0,0,0,0,0,0,0,0,0
"05115","5","518210","78","0","2025","1","N",3,0,0,0,0,0,0,0,"N",0.37,0,0,0,0,0,0,0,"N",0,0.0,0,0,0,0,0,0,0,0,0,0,0,0,0,0
"05119","2","518210","78","0","2025","1","",1,166,167,169,2995345,0,0,1377,"",43.98,93.17,93.17,95.02,88.33,0.00,0.00,0.94,"",0,0.0,4,2.5,5,3.1,7,4.3,290536,10.7,0,0.0,0,0.0,93,7.2
"05119","5","518210","78","0","2025","1","",51,354,353,351,10204212,2319730,22638,2226,"",0.77,0.43,0.43,0.43,0.28,0.33,0.35,0.65,"",-5,-8.9,60,20.4,61,20.9,58,19.8,2357880,30.1,366984,18.8,-5264,-18.9,166,8.1
"05125","5","518210","78","0","2025","1","",6,3,3,3,98830,17750,36,2534,"",0.50,0.03,0.03,0.03,0.04,0.02,0.00,1.05,"N",-2,-25.0,0,0,0,0,0,0,0,0,0,0,0,0,0,0
"05129","5","518210","78","0","2025","1","N",1,0,0,0,0,0,0,0,"N",1.29,0,0,0,0,0,0,0,"N",0,0.0,0,0,0,0,0,0,0,0,0,0,0,0,0,0
"05131","5","518210","78","0","2025","1","N",8,0,0,0,0,0,0,0,"N",0.46,0,0,0,0,0,0,0,"N",0,0.0,0,0,0,0,0,0,0,0,0,0,0,0,0,0
"05135","5","518210","78","0","2025","1","N",1,0,0,0,0,0,0,0,"N",0.53,0,0,0,0,0,0,0,"N",0,0.0,0,0,0,0,0,0,0,0,0,0,0,0,0,0
"05143","5","518210","78","0","2025","1","",36,154,150,151,6365894,966597,6016,3229,"",1.08,0.40,0.39,0.40,0.43,0.28,0.22,1.08,"",0,0.0,12,8.5,12,8.7,8,5.6,340386,5.6,-9867,-1.0,-886,-12.8,-58,-1.8
"05145","5","518210","78","0","2025","1","N",1,0,0,0,0,0,0,0,"N",0.12,0,0,0,0,0,0,0,"N",0,0.0,0,0,0,0,0,0,0,0,0,0,0,0,0,0
"05999","5","518210","78","0","2025","1","",805,1281,1272,1260,46052144,8360722,136376,2787,"",7.39,7.04,7.00,6.90,3.89,3.70,3.09,0.56,"",-136,-14.5,-23,-1.8,-29,-2.2,-11,-0.9,2644828,6.1,-213530,-2.5,-754,-0.5,203,7.9
"06000","3","518210","58","0","2025","1","",2,24,25,24,826554,0,0,2613,"",0.13,0.11,0.11,0.11,0.14,0.00,0.00,1.27,"",0,0.0,1,4.3,2,8.7,0,0.0,73856,9.8,0,0.0,0,0.0,132,5.3
"06000","5","518210","58","0","2025","1","",4652,81642,81711,81392,6484368103,591771136,24626550,6114,"",0.53,1.44,1.44,1.44,1.72,1.06,1.05,1.19,"",266,6.1,1768,2.2,1809,2.3,1910,2.4,720762129,12.5,11252560,1.9,4066594,19.8,555,10.0
"06001","5","518210","78","0","2025","1","",177,7504,7512,7498,524384753,53949741,1849088,5375,"",0.51,3.05,3.07,3.07,3.05,2.16,1.78,1.00,"",25,16.4,1049,16.3,1016,15.6,1007,15.5,59515760,12.8,7033737,15.0,493396,36.4,-143,-2.6
"06003","5","518210","78","0","2025","1","N",1,0,0,0,0,0,0,0,"N",2.34,0,0,0,0,0,0,0,"N",0,0.0,0,0,0,0,0,0,0,0,0,0,0,0,0,0
"06005","5","518210","78","0","2025","1","N",2,0,0,0,0,0,0,0,"N",0.32,0,0,0,0,0,0,0,"N",0,0.0,0,0,0,0,0,0,0,0,0,0,0,0,0,0
"06007","5","518210","78","0","2025","1","N",6,0,0,0,0,0,0,0,"N",0.14,0,0,0,0,0,0,0,"N",1,20.0,0,0,0,0,0,0,0,0,0,0,0,0,0,0
"06009","5","518210","78","0","2025","1","N",1,0,0,0,0,0,0,0,"N",0.15,0,0,0,0,0,0,0,"N",0,0.0,0,0,0,0,0,0,0,0,0,0,0,0,0,0
"06013","5","518210","78","0","2025","1","",65,692,684,672,31643934,5001930,215954,3566,"",0.35,0.59,0.59,0.58,0.44,0.43,0.47,0.75,"",5,8.3,152,28.1,140,25.7,134,24.9,1329188,4.4,1133875,29.3,47845,28.5,-747,-17.3
"06015","5","518210","78","0","2025","1","N",1,0,0,0,0,0,0,0,"N",0.25,0,0,0,0,0,0,0,"N",1,100.0,0,0,0,0,0,0,0,0,0,0,0,0,0,0
"06017","5","518210","78","0","2025","1","",12,142,142,143,5747860,995567,46059,3106,"",0.39,0.77,0.78,0.79,0.71,0.59,0.62,0.91,"",2,20.0,87,158.2,88,163.0,88,160.0,2316727,67.5,601035,152.3,35505,336.4,-1722,-35.7
"06019","5","518210","78","0","2025","1","",14,86,87,87,2731771,592425,17219,2425,"",0.07,0.07,0.07,0.07,0.05,0.05,0.03,0.80,"",1,7.7,42,95.5,44,102.3,45,107.1,1923764,238.1,269993,83.7,8854,105.8,980,67.8
"06023","5","518210","78","0","2025","1","N",1,0,0,0,0,0,0,0,"N",0.03,0,0,0,0,0,0,0,"N",0,0.0,0,0,0,0,0,0,0,0,0,0,0,0,0,0
"06025","5","518210","78","0","2025","1","N",2,0,0,0,0,0,0,0,"N",0.04,0,0,0,0,0,0,0,"N",0,0.0,0,0,0,0,0,0,0,0,0,0,0,0,0,0
"06027","5","518210","78","0","2025","1","N",1,0,0,0,0,0,0,0,"N",0.26,0,0,0,0,0,0,0,"N",0,0.0,0,0,0,0,0,0,0,0,0,0,0,0,0,0
"06029","5","518210","78","0","2025","1","N",7,0,0,0,0,0,0,0,"N",0.05,0,0,0,0,0,0,0,"N",-1,-12.5,0,0,0,0,0,0,0,0,0,0,0,0,0,0
"06031","5","518210","78","0","2025","1","N",1,0,0,0,0,0,0,0,"N",0.04,0,0,0,0,0,0,0,"N",0,0.0,0,0,0,0,0,0,0,0,0,0,0,0,0,0
"06033","5","518210","78","0","2025","1","N",1,0,0,0,0,0,0,0,"N",0.06,0,0,0,0,0,0,0,"N",0,0.0,0,0,0,0,0,0,0,0,0,0,0,0,0,0
"06037","5","518210","78","0","2025","1","",719,10289,10391,10408,753431704,73837585,3325518,5593,"",0.27,0.73,0.73,0.74,0.92,0.53,0.59,1.26,"",28,4.1,478,4.9,581,5.9,550,5.6,117567250,18.5,4613528,6.7,704055,26.9,615,12.4
"06041","5","518210","78","0","2025","1","",39,145,152,154,6616972,1156000,48658,3386,"",0.64,0.42,0.44,0.45,0.29,0.34,0.37,0.65,"",2,5.4,-7,-4.6,3,2.0,4,2.7,901201,15.8,-40988,-3.4,7728,18.9,461,15.8
"06045","5","518210","78","0","2025","1","N",3,0,0,0,0,0,0,0,"N",0.14,0,0,0,0,0,0,0,"N",0,0.0,0,0,0,0,0,0,0,0,0,0,0,0,0,0
"06047","5","518210","78","0","2025","1","N",2,0,0,0,0,0,0,0,"N",0.05,0,0,0,0,0,0,0,"N",0,0.0,0,0,0,0,0,0,0,0,0,0,0,0,0,0
"06051","5","518210","78","0","2025","1","N",1,0,0,0,0,0,0,0,"N",0.30,0,0,0,0,0,0,0,"N",0,0.0,0,0,0,0,0,0,0,0,0,0,0,0,0,0
"06053","5","518210","78","0","2025","1","N",10,0,0,0,0,0,0,0,"N",0.14,0,0,0,0,0,0,0,"N",-3,-23.1,0,0,0,0,0,0,0,0,0,0,0,0,0,0
"06055","5","518210","78","0","2025","1","N",6,0,0,0,0,0,0,0,"N",0.19,0,0,0,0,0,0,0,"N",1,20.0,0,0,0,0,0,0,0,0,0,0,0,0,0,0
"06057","5","518210","78","0","2025","1","",6,24,24,28,647685,191802,9659,1967,"",0.29,0.22,0.22,0.26,0.14,0.20,0.23,0.60,"N",1,20.0,0,0,0,0,0,0,0,0,0,0,0,0,0,0
"06059","3","518210","78","0","2025","1","",1,17,17,17,642830,0,0,2909,"",0.82,0.82,0.81,0.81,1.32,0.00,0.00,1.62,"",0,0.0,1,6.2,1,6.2,0,0.0,68166,11.9,0,0.0,0,0.0,203,7.5
"06059","5","518210","78","0","2025","1","",242,2585,2599,2563,96999296,19010438,814876,2889,"",0.34,0.50,0.50,0.50,0.32,0.34,0.37,0.64,"",0,0.0,125,5.1,140,5.7,150,6.2,13732002,16.5,434613,2.3,62690,8.3,268,10.2
"06061","5","518210","78","0","2025","1","",16,70,70,66,1710119,340801,14336,1916,"",0.21,0.12,0.12,0.11,0.06,0.06,0.06,0.49,"",0,0.0,-59,-45.7,-61,-46.6,-67,-50.4,-1431746,-45.6,-372114,-52.2,-6692,-31.8,71,3.8
"06065","5","518210","78","0","2025","1","N",42,0,0,0,0,0,0,0,"N",0.10,0,0,0,0,0,0,0,"N",9,27.3,0,0,0,0,0,0,0,0,0,0,0,0,0,0
"06067","5","518210","78","0","2025","1","",74,1022,1029,944,33043318,7315152,325398,2546,"",0.21,0.45,0.45,0.41,0.26,0.41,0.43,0.60,"",4,5.7,-302,-22.8,-286,-21.7,-381,-28.8,-21624397,-39.6,-2445284,-25.1,-40302,-11.0,-637,-20.0
"06069","5","518210","78","0","2025","1","N",1,0,0,0,0,0,0,0,"N",0.11,0,0,0,0,0,0,0,"N",0,0.0,0,0,0,0,0,0,0,0,0,0,0,0,0,0
"06071","5","518210","78","0","2025","1","N",33,0,0,0,0,0,0,0,"N",0.09,0,0,0,0,0,0,0,"N",-1,-2.9,0,0,0,0,0,0,0,0,0,0,0,0,0,0
"06073","5","518210","78","0","2025","1","",261,2688,2653,2635,110128332,19457336,896817,3186,"",0.42,0.56,0.55,0.55,0.39,0.43,0.48,0.71,"",22,9.2,-154,-5.4,-174,-6.2,-132,-4.8,-13584358,-11.0,-966011,-4.7,115499,14.8,-198,-5.9
"06075","5","518210","78","0","2025","1","",611,16413,16514,16584,1319709415,124137471,5793421,6151,"",1.97,7.50,7.55,7.61,3.92,5.33,5.47,0.52,"",36,6.3,-1511,-8.4,-1338,-7.5,-1088,-6.2,-106724314,-7.5,-8963552,-6.7,864125,17.5,-8,-0.1
"06077","5","518210","78","0","2025","1","",9,4,3,6,141840,32162,1127,2518,"",0.09,0.00,0.00,0.01,0.00,0.00,0.00,0.78,"",-2,-18.2,-17,-81.0,-15,-83.3,-12,-66.7,-217116,-60.5,-97537,-75.2,-5066,-81.8,1065,73.3
"06079","5","518210","78","0","2025","1","",12,35,35,36,972513,252984,9321,2117,"",0.22,0.09,0.09,0.10,0.06,0.08,0.07,0.66,"",3,33.3,8,29.6,5,16.7,5,16.1,242534,33.2,40382,19.0,1178,14.5,203,10.6
"06081","5","518210","78","0","2025","1","",209,6295,6180,6216,616385724,45966584,1675633,7610,"",1.42,4.90,4.80,4.84,3.18,3.03,2.66,0.66,"",26,14.2,54,0.9,-113,-1.8,-67,-1.1,-115994565,-15.8,-5438838,-10.6,18243,1.1,-1372,-15.3
"06083","5","518210","78","0","2025","1","",27,349,345,346,17376814,2456314,109503,3856,"",0.33,0.55,0.53,0.53,0.56,0.43,0.49,1.04,"",0,0.0,-8,-2.2,-6,-1.7,1,0.3,637773,3.8,-10127,-0.4,28308,34.9,188,5.1
"06085","5","518210","78","0","2025","1","",468,14393,14403,14264,2139158784,106443999,4483277,11464,"",1.20,4.13,4.13,4.11,4.35,2.70,2.73,1.05,"",43,10.1,1480,11.5,1433,11.0,1284,9.9,685608802,47.2,9857044,10.2,975730,27.8,2833,32.8
"06087","5","518210","78","0","2025","1","N",14,0,0,0,0,0,0,0,"N",0.30,0,0,0,0,0,0,0,"N",2,16.7,0,0,0,0,0,0,0,0,0,0,0,0,0,0
"06089","5","518210","78","0","2025","1","N",7,0,0,0,0,0,0,0,"N",0.17,0,0,0,0,0,0,0,"N",0,0.0,0,0,0,0,0,0,0,0,0,0,0,0,0,0
"06095","5","518210","78","0","2025","1","",12,112,109,107,2246144,606899,27219,1580,"",0.18,0.25,0.24,0.24,0.10,0.14,0.15,0.41,"",0,0.0,26,30.2,18,19.8,14,15.1,36969,1.7,-17448,-2.8,3782,16.1,-308,-16.3
"06097","3","518210","78","0","2025","1","",1,7,8,7,183724,0,0,1927,"",5.72,2.76,3.10,2.72,3.76,0.00,0.00,1.32,"",0,0.0,0,0.0,1,14.3,0,0.0,5690,3.2,0,0.0,0,0.0,-29,-1.5
"06097","5","518210","78","0","2025","1","",21,121,121,118,3821683,872241,35416,2450,"",0.21,0.19,0.19,0.19,0.13,0.14,0.14,0.67,"",1,5.0,1,0.8,-1,-0.8,-3,-2.5,-195051,-4.9,1822,0.2,-139,-0.4,-104,-4.1
"06099","5","518210","78","0","2025","1","N",1,0,0,0,0,0,0,0,"N",0.01,0,0,0,0,0,0,0,"N",-1,-50.0,0,0,0,0,0,0,0,0,0,0,0,0,0,0
"06101","5","518210","78","0","2025","1","N",2,0,0,0,0,0,0,0,"N",0.10,0,0,0,0,0,0,0,"N",1,100.0,0,0,0,0,0,0,0,0,0,0,0,0,0,0
"06107","5","518210","78","0","2025","1","",5,6,6,7,148631,39806,1349,1805,"",0.07,0.01,0.01,0.01,0.01,0.01,0.01,0.66,"N",2,66.7,0,0,0,0,0,0,0,0,0,0,0,0,0,0
"06109","5","518210","78","0","2025","1","N",1,0,0,0,0,0,0,0,"N",0.11,0,0,0,0,0,0,0,"N",0,0.0,0,0,0,0,0,0,0,0,0,0,0,0,0,0
"06111","5","518210","78","0","2025","1","",42,236,245,260,44721176,2419060,115474,13927,"",0.28,0.23,0.24,0.25,0.87,0.24,0.29,3.65,"",8,23.5,4,1.7,16,7.0,37,16.6,24293546,118.9,157264,7.0,19296,20.1,7035,102.1
"06113","5","518210","78","0","2025","1","N",6,0,0,0,0,0,0,0,"N",0.16,0,0,0,0,0,0,0,"N",1,20.0,0,0,0,0,0,0,0,0,0,0,0,0,0,0
"06115","5","518210","78","0","2025","1","N",1,0,0,0,0,0,0,0,"N",0.10,0,0,0,0,0,0,0,"N",1,100.0,0,0,0,0,0,0,0,0,0,0,0,0,0,0
"06999","5","518210","78","0","2025","1","",1457,14560,14508,14374,624377127,100553717,4227861,3317,"",4.19,8.11,8.06,7.99,3.05,4.14,3.46,0.38,"",50,3.6,528,3.8,488,3.5,521,3.8,60581185,10.7,4942635,5.2,683560,19.3,212,6.8
"08000","5","518210","58","0","2025","1","",1261,13437,13344,13340,716168511,330419459,9879413,4119,"",1.14,1.49,1.48,1.49,1.37,1.57,1.77,0.92,"",-338,-21.1,-1810,-11.9,-1914,-12.5,-1856,-12.2,-8130608,-1.1,1390810,0.4,2034402,25.9,462,12.6
"08001","5","518210","78","0","2025","1","",49,181,179,178,7536660,4308633,181354,3233,"",0.77,0.23,0.23,0.23,0.20,0.27,0.43,0.85,"",-16,-24.6,-16,-8.1,-7,-3.8,-10,-5.3,99999,1.3,-86924,-2.0,65757,56.9,227,7.6
"08005","5","518210","78","0","2025","1","",159,2679,2656,2687,165388136,67958510,1754421,4758,"",1.35,2.51,2.52,2.55,2.46,2.48,2.44,0.97,"",-38,-19.3,-265,-9.0,-281,-9.6,-228,-7.8,-4298719,-2.5,1496323,2.3,336666,23.7,306,6.9
"08013","5","518210","78","0","2025","1","",155,1781,1768,1779,92813165,44987820,1496351,4020,"",1.85,2.98,2.96,3.00,2.24,3.05,3.61,0.75,"",-43,-21.7,-23,-1.3,-36,-2.0,-27,-1.5,1589226,1.7,4530519,11.2,406855,37.3,132,3.4
"08014","5","518210","78","0","2025","1","",27,486,477,485,26215878,12508824,305010,4178,"",1.69,3.80,3.79,3.88,2.61,3.24,2.69,0.68,"",-9,-25.0,49,11.2,36,8.2,42,9.5,3267936,14.2,2271495,22.2,33801,12.5,169,4.2
"08015","5","518210","78","0","2025","1","N",2,0,0,0,0,0,0,0,"N",0.36,0,0,0,0,0,0,0,"N",-1,-33.3,0,0,0,0,0,0,0,0,0,0,0,0,0,0
"08019","5","518210","78","0","2025","1","-",0,0,0,0,0,0,0,0,"N",0.00,0,0,0,0,0,0,0,"N",0,0,0,0,0,0,0,0,0,0,0,0,0,0,0,0
"08029","5","518210","78","0","2025","1","N",2,0,0,0,0,0,0,0,"N",0.43,0,0,0,0,0,0,0,"N",1,100.0,0,0,0,0,0,0,0,0,0,0,0,0,0,0
"08031","5","518210","78","0","2025","1","",350,5455,5414,5374,294291919,135316332,4365243,4181,"",1.82,3.10,3.10,3.09,2.18,2.82,3.21,0.70,"",-98,-21.9,-190,-3.4,-248,-4.4,-266,-4.7,9390559,3.3,10254084,8.2,1101152,33.7,301,7.8
"08035","5","518210","78","0","2025","1","",104,968,957,949,45307768,24225668,555623,3638,"",1.44,2.09,2.09,2.08,1.56,2.00,1.67,0.75,"",-22,-17.5,-40,-4.0,-59,-5.8,-52,-5.2,346661,0.8,1832520,8.2,91043,19.6,208,6.1
"08037","5","518210","78","0","2025","1","",8,21,21,21,1556689,627179,34802,5702,"",0.46,0.18,0.18,0.18,0.31,0.23,0.57,1.71,"",-4,-33.3,-5,-19.2,-7,-25.0,-5,-19.2,10365,0.7,26772,4.5,21112,154.2,1241,27.8
"08039","5","518210","78","0","2025","1","",5,27,28,28,655395,577034,24924,1822,"",1.27,1.74,1.79,1.82,1.02,1.56,2.74,0.57,"",1,25.0,14,107.7,13,86.7,13,86.7,266619,68.6,281841,95.5,8176,48.8,-264,-12.7
"08041","5","518210","78","0","2025","1","",92,504,504,503,22153464,11800708,349989,3383,"",0.81,0.52,0.53,0.53,0.49,0.61,0.70,0.93,"",-28,-23.3,11,2.2,5,1.0,7,1.4,1728564,8.5,1255350,11.9,102433,41.4,215,6.8
"08043","5","518210","78","0","2025","1","N",2,0,0,0,0,0,0,0,"N",0.40,0,0,0,0,0,0,0,"N",-1,-33.3,0,0,0,0,0,0,0,0,0,0,0,0,0,0
"08045","5","518210","78","0","2025","1","",5,7,7,7,162525,128276,3230,1786,"",0.37,0.08,0.08,0.08,0.04,0.08,0.08,0.53,"",-5,-50.0,-10,-58.8,-10,-58.8,-10,-58.8,-469389,-74.3,-199979,-60.9,-6542,-66.9,-1073,-37.5
"08047","5","518210","78","0","2025","1","N",1,0,0,0,0,0,0,0,"N",0.96,0,0,0,0,0,0,0,"N",0,0.0,0,0,0,0,0,0,0,0,0,0,0,0,0,0
"08051","5","518210","78","0","2025","1","N",1,0,0,0,0,0,0,0,"N",0.17,0,0,0,0,0,0,0,"N",-2,-66.7,0,0,0,0,0,0,0,0,0,0,0,0,0,0
"08055","5","518210","78","0","2025","1","N",2,0,0,0,0,0,0,0,"N",2.23,0,0,0,0,0,0,0,"N",1,100.0,0,0,0,0,0,0,0,0,0,0,0,0,0,0
"08059","5","518210","78","0","2025","1","",120,509,506,506,34239682,11667877,382340,5195,"",1.07,0.66,0.67,0.66,0.79,0.64,0.82,1.19,"",-33,-21.6,-1334,-72.4,-1329,-72.4,-1329,-72.4,-21819635,-38.9,-21715527,-65.0,-180981,-32.1,2848,121.3
"08065","5","518210","78","0","2025","1","N",1,0,0,0,0,0,0,0,"N",0.76,0,0,0,0,0,0,0,"N",0,0.0,0,0,0,0,0,0,0,0,0,0,0,0,0,0
"08067","5","518210","78","0","2025","1","",12,63,64,65,2546391,1526300,42363,3061,"",0.86,0.75,0.76,0.77,0.74,0.93,1.19,0.98,"",0,0.0,1,1.6,0,0.0,1,1.6,93323,3.8,174927,12.9,-38543,-47.6,82,2.8
"08069","5","518210","78","0","2025","1","",77,437,436,434,11921705,8486479,199606,2105,"",1.12,0.83,0.83,0.83,0.45,0.83,0.76,0.54,"",-17,-18.1,13,3.1,15,3.6,17,4.1,1024655,9.4,927724,12.3,43081,27.5,112,5.6
"08071","5","518210","78","0","2025","1","N",1,0,0,0,0,0,0,0,"N",0.39,0,0,0,0,0,0,0,"N",-1,-50.0,0,0,0,0,0,0,0,0,0,0,0,0,0,0
"08077","5","518210","78","0","2025","1","",10,45,45,44,1022381,874345,25760,1761,"",0.39,0.22,0.22,0.21,0.13,0.26,0.29,0.59,"",0,0.0,-29,-39.2,-28,-38.4,-32,-42.1,-734130,-41.8,-586311,-40.1,4259,19.8,-57,-3.1
"08083","5","518210","78","0","2025","1","N",1,0,0,0,0,0,0,0,"N",0.22,0,0,0,0,0,0,0,"N",0,0.0,0,0,0,0,0,0,0,0,0,0,0,0,0,0
"08085","5","518210","78","0","2025","1","",6,8,7,7,250319,180686,3229,2626,"",0.76,0.15,0.13,0.13,0.13,0.20,0.14,0.98,"",1,20.0,3,60.0,3,75.0,3,75.0,112761,82.0,95285,111.6,-546,-14.5,184,7.5
"08091","5","518210","78","0","2025","1","N",2,0,0,0,0,0,0,0,"N",1.15,0,0,0,0,0,0,0,"N",1,100.0,0,0,0,0,0,0,0,0,0,0,0,0,0,0
"08097","5","518210","78","0","2025","1","",3,3,4,4,255789,107067,1757,5366,"",0.32,0.05,0.06,0.07,0.08,0.06,0.04,1.32,"N",1,50.0,0,0,0,0,0,0,0,0,0,0,0,0,0,0
"08101","5","518210","78","0","2025","1","",3,47,48,47,559093,542620,10561,909,"",0.17,0.24,0.25,0.25,0.08,0.18,0.12,0.31,"N",-2,-40.0,0,0,0,0,0,0,0,0,0,0,0,0,0,0
"08103","5","518210","78","0","2025","1","N",1,0,0,0,0,0,0,0,"N",0.83,0,0,0,0,0,0,0,"N",0,0.0,0,0,0,0,0,0,0,0,0,0,0,0,0,0
"08107","5","518210","78","0","2025","1","N",3,0,0,0,0,0,0,0,"N",0.32,0,0,0,0,0,0,0,"N",0,0.0,0,0,0,0,0,0,0,0,0,0,0,0,0,0
"08113","5","518210","78","0","2025","1","N",1,0,0,0,0,0,0,0,"N",0.28,0,0,0,0,0,0,0,"N",-1,-50.0,0,0,0,0,0,0,0,0,0,0,0,0,0,0
"08117","5","518210","78","0","2025","1","N",5,0,0,0,0,0,0,0,"N",0.45,0,0,0,0,0,0,0,"N",-3,-37.5,0,0,0,0,0,0,0,0,0,0,0,0,0,0
"08119","5","518210","78","0","2025","1","N",1,0,0,0,0,0,0,0,"N",0.21,0,0,0,0,0,0,0,"N",-2,-66.7,0,0,0,0,0,0,0,0,0,0,0,0,0,0
"08123","5","518210","78","0","2025","1","",32,84,85,88,2973892,1891814,56919,2670,"",0.73,0.22,0.22,0.23,0.17,0.22,0.27,0.73,"",-7,-17.9,3,3.7,2,2.4,9,11.4,150581,5.3,332139,21.3,18318,47.5,-11,-0.4
"08999","5","518210","78","0","2025","1","N",18,0,0,0,0,0,0,0,"N",1.76,0,0,0,0,0,0,0,"N",-3,-14.3,0,0,0,0,0,0,0,0,0,0,0,0,0,0
"09000","3","518210","58","0","2025","1","N",1,0,0,0,0,0,0,0,"N",0.85,0,0,0,0,0,0,0,"N",0,0.0,0,0,0,0,0,0,0,0,0,0,0,0,0,0
"09000","5","518210","58","0","2025","1","",1549,4420,4422,4399,255035380,102443896,2385138,4445,"",2.27,0.84,0.85,0.84,0.71,0.94,0.88,0.85,"",-35,-2.2,267,6.4,386,9.6,346,8.5,56074056,28.2,11024842,12.1,392026,19.7,694,18.5
"09110","5","518210","78","0","2025","1","",284,1071,1064,1048,39401652,22924922,446330,2857,"",1.67,0.64,0.64,0.63,0.39,0.67,0.53,0.60,"",21,8.0,8,0.8,49,4.8,34,3.4,5018745,14.6,2438045,11.9,64656,16.9,291,11.3
"09120","5","518210","78","0","2025","1","",111,273,283,288,17273377,6565531,165793,4723,"",2.21,0.76,0.79,0.80,0.91,0.97,0.95,1.15,"",3,2.8,45,19.7,63,28.6,76,35.8,6880502,66.2,1873871,39.9,75814,84.3,1089,30.0
"09130","5","518210","78","0","2025","1","",49,102,103,104,3996250,2362210,63066,2985,"",1.56,0.44,0.45,0.46,0.36,0.55,0.58,0.79,"",-4,-7.5,12,13.3,16,18.4,12,13.0,659304,19.8,310498,15.1,24310,62.7,122,4.3
"09140","5","518210","78","0","2025","1","",82,243,246,250,8512566,5518416,116098,2658,"",1.31,0.49,0.50,0.50,0.34,0.55,0.44,0.69,"",-3,-3.5,-63,-20.6,-58,-19.1,-63,-20.1,-2965832,-25.8,-1152702,-17.3,-16537,-12.5,-212,-7.4
"09150","5","518210","78","0","2025","1","",27,29,28,27,1111947,692003,19348,3055,"",1.96,0.32,0.31,0.30,0.31,0.44,0.48,0.99,"",2,8.0,1,3.6,4,16.7,4,17.4,-37137,-3.2,106262,18.1,6279,48.0,-481,-13.6
"09160","5","518210","78","0","2025","1","",39,86,88,86,3710864,2021104,61351,3294,"",1.81,0.73,0.76,0.74,0.73,1.04,1.21,0.98,"",13,50.0,33,62.3,36,69.2,35,68.6,1148501,44.8,791309,64.3,1233,2.1,-496,-13.1
"09170","5","518210","78","0","2025","1","",184,318,323,319,13275396,7289389,165958,3191,"",1.92,0.37,0.37,0.37,0.29,0.51,0.44,0.78,"",11,6.4,57,21.8,63,24.2,58,22.2,2471452,22.9,1436511,24.5,52098,45.8,3,0.1
"09180","3","518210","78","0","2025","1","N",1,0,0,0,0,0,0,0,"N",13.75,0,0,0,0,0,0,0,"N",0,0.0,0,0,0,0,0,0,0,0,0,0,0,0,0,0
"09180","5","518210","78","0","2025","1","",63,90,86,90,2748901,1818607,64188,2385,"",1.50,0.23,0.22,0.23,0.14,0.24,0.39,0.61,"",11,21.2,23,34.3,17,24.6,23,34.3,475577,20.9,365045,25.1,26471,70.2,-199,-7.7
"09190","5","518210","78","0","2025","1","",473,1343,1346,1331,119697320,32704382,699661,6871,"",3.05,1.50,1.52,1.50,1.12,1.45,1.27,0.75,"",57,13.7,247,22.5,293,27.8,264,24.7,43807513,57.7,6919645,26.8,206569,41.9,1425,26.2
"09999","5","518210","78","0","2025","1","",237,865,855,856,45307107,20547332,583345,4059,"",6.04,5.99,5.91,5.92,2.50,3.69,3.80,0.42,"",-146,-38.1,-96,-10.0,-97,-10.2,-97,-10.2,-1384569,-3.0,-2063642,-9.1,-48867,-7.7,299,8.0
"10000","2","518210","58","0","2025","1","N",1,0,0,0,0,0,0,0,"N",13.49,0,0,0,0,0,0,0,"N",0,0.0,0,0,0,0,0,0,0,0,0,0,0,0,0,0
"10000","5","518210","58","0","2025","1","",269,515,514,520,20886528,6028888,53006,3112,"",1.24,0.35,0.35,0.35,0.27,0.29,0.29,0.76,"",11,4.3,23,4.7,26,5.3,29,5.9,501316,2.5,974486,19.3,25464,92.5,-86,-2.7
"10001","2","518210","78","0","2025","1","N",1,0,0,0,0,0,0,0,"N",105.54,0,0,0,0,0,0,0,"N",0,0.0,0,0,0,0,0,0,0,0,0,0,0,0,0,0
"10001","5","518210","78","0","2025","1","",24,12,12,12,464463,153943,2038,2977,"",0.87,0.05,0.05,0.05,0.05,0.06,0.09,0.98,"",1,4.3,-6,-33.3,-5,-29.4,-6,-33.3,-288464,-38.3,-36299,-19.1,-39,-1.9,-301,-9.2
"10003","5","518210","78","0","2025","1","",179,369,369,376,14249848,4454642,35113,2952,"",1.37,0.39,0.39,0.40,0.25,0.32,0.29,0.64,"",6,3.5,27,7.9,26,7.6,34,9.9,1660164,13.2,984716,28.4,16364,87.3,123,4.3
"10005","5","518210","78","0","2025","1","",60,80,80,80,3796297,877352,12598,3650,"",1.13,0.28,0.28,0.28,0.35,0.23,0.36,1.24,"",4,7.1,14,21.2,18,29.0,15,23.1,676539,21.7,211083,31.7,8066,178.0,-80,-2.1
"10999","5","518210","78","0","2025","1","",6,54,53,52,2375920,542951,3257,3448,"",1.20,2.18,2.14,2.11,1.22,1.07,0.78,0.57,"",0,0.0,-12,-18.2,-13,-19.7,-14,-21.2,-1546923,-39.4,-185014,-25.4,1073,49.1,-1124,-24.6
"11000","5","518210","58","0","2025","1","",573,1607,1657,1651,118842480,14824958,362922,5580,"",2.43,0.68,0.71,0.71,0.56,0.66,0.59,0.81,"",-65,-10.2,-78,-4.6,-34,-2.0,-67,-3.9,31202645,35.6,-946861,-6.0,-21977,-5.7,1610,40.6
"11001","5","518210","78","0","2025","1","",573,1607,1657,1651,118842480,14824958,362922,5580,"",2.44,0.68,0.71,0.71,0.56,0.66,0.59,0.81,"",-65,-10.2,-78,-4.6,-34,-2.0,-67,-3.9,31202645,35.6,-946861,-6.0,-21977,-5.7,1610,40.6
"12000","3","518210","58","0","2025","1","",1,57,56,56,1539965,0,0,2103,"",0.15,0.46,0.44,0.45,0.61,0.00,0.00,1.36,"",0,0.0,1,1.8,0,0.0,-5,-8.2,35439,2.4,0,0.0,0,0.0,96,4.8
"12000","5","518210","58","0","2025","1","",3250,29156,28961,28744,1340269478,217539829,1849961,3561,"",0.82,0.94,0.93,0.92,0.86,0.68,0.84,0.92,"",-137,-4.0,-621,-2.1,-699,-2.4,-852,-2.9,114881499,9.4,6223832,2.9,-954108,-34.0,385,12.1
"12001","5","518210","78","0","2025","1","",19,132,132,132,3051510,1163533,38015,1778,"",0.51,0.30,0.30,0.30,0.16,0.37,2.23,0.55,"",2,11.8,16,13.8,16,13.8,15,12.8,827132,37.2,283251,32.2,11779,44.9,307,20.9
"12003","5","518210","78","0","2025","1","N",1,0,0,0,0,0,0,0,"N",0.42,0,0,0,0,0,0,0,"N",0,0.0,0,0,0,0,0,0,0,0,0,0,0,0,0,0
"12005","5","518210","78","0","2025","1","N",11,0,0,0,0,0,0,0,"N",0.35,0,0,0,0,0,0,0,"N",0,0.0,0,0,0,0,0,0,0,0,0,0,0,0,0,0
"12009","5","518210","78","0","2025","1","",46,170,166,166,4339490,1270556,20911,1995,"",0.54,0.22,0.22,0.22,0.12,0.17,0.47,0.54,"",-4,-8.0,-2,-1.2,-6,-3.5,-4,-2.4,428542,11.0,86166,7.3,5334,34.2,239,13.6
"12011","5","518210","78","0","2025","1","",271,4182,4173,4192,174160617,29792109,131395,3203,"",0.74,1.54,1.53,1.55,1.26,1.05,0.64,0.82,"",-7,-2.5,-409,-8.9,-384,-8.4,-332,-7.3,10155483,6.2,-1803426,-5.7,-75208,-36.4,435,15.7
"12015","5","518210","78","0","2025","1","",12,38,40,39,1076091,280720,2332,2122,"",0.44,0.21,0.22,0.21,0.16,0.15,0.21,0.75,"",0,0.0,18,90.0,21,110.5,21,116.7,686081,175.9,145773,108.0,391,20.1,543,34.4
"12017","5","518210","78","0","2025","1","",5,16,14,14,147489,103805,2604,774,"",0.30,0.14,0.13,0.13,0.04,0.10,0.39,0.31,"",0,0.0,-2,-11.1,-5,-26.3,-5,-26.3,-10422,-6.6,-11362,-9.9,-498,-16.1,123,18.9
"12019","5","518210","78","0","2025","1","N",10,0,0,0,0,0,0,0,"N",0.41,0,0,0,0,0,0,0,"N",-2,-16.7,0,0,0,0,0,0,0,0,0,0,0,0,0,0
"12021","5","518210","78","0","2025","1","",37,108,105,104,4148772,806002,6943,3020,"",0.44,0.19,0.19,0.19,0.16,0.13,0.18,0.83,"",-2,-5.1,22,25.6,22,26.5,21,25.3,1273418,44.3,172547,27.2,344,5.2,387,14.7
"12023","5","518210","78","0","2025","1","N",1,0,0,0,0,0,0,0,"N",0.12,0,0,0,0,0,0,0,"N",0,0.0,0,0,0,0,0,0,0,0,0,0,0,0,0,0
"12027","5","518210","78","0","2025","1","N",1,0,0,0,0,0,0,0,"N",0.29,0,0,0,0,0,0,0,"N",0,0.0,0,0,0,0,0,0,0,0,0,0,0,0,0,0
"12029","5","518210","78","0","2025","1","N",1,0,0,0,0,0,0,0,"N",0.81,0,0,0,0,0,0,0,"N",0,0.0,0,0,0,0,0,0,0,0,0,0,0,0,0,0
"12031","5","518210","78","0","2025","1","",124,4311,4258,4246,287747218,39140035,262545,5182,"",0.79,2.44,2.42,2.42,3.07,2.21,2.36,1.26,"",-10,-7.5,82,1.9,34,0.8,19,0.4,75051396,35.3,8033136,25.8,-338441,-56.3,1311,33.9
"12033","5","518210","78","0","2025","1","",12,29,28,30,564620,187425,672,1498,"",0.27,0.06,0.06,0.07,0.03,0.04,0.02,0.45,"",-1,-7.7,1,3.6,0,0.0,3,11.1,-10334,-1.8,-9163,-4.7,-476,-41.5,-101,-6.3
"12035","5","518210","78","0","2025","1","",9,66,66,64,1300726,461560,6417,1531,"",0.59,0.74,0.73,0.71,0.43,0.60,1.53,0.59,"",-1,-10.0,-13,-16.5,-11,-14.3,-16,-20.0,-101614,-7.2,-122730,-21.0,-12267,-65.7,160,11.7
"12041","5","518210","78","0","2025","1","N",2,0,0,0,0,0,0,0,"N",1.16,0,0,0,0,0,0,0,"N",0,0.0,0,0,0,0,0,0,0,0,0,0,0,0,0,0
"12053","5","518210","78","0","2025","1","",10,73,73,73,3841729,685893,3743,4048,"",0.47,0.46,0.46,0.46,0.72,0.45,0.40,1.56,"",-3,-23.1,4,5.8,9,14.1,10,15.9,759449,24.6,353984,106.7,1328,55.0,419,11.5
"12055","5","518210","78","0","2025","1","N",2,0,0,0,0,0,0,0,"N",0.17,0,0,0,0,0,0,0,"N",0,0.0,0,0,0,0,0,0,0,0,0,0,0,0,0,0
"12057","5","518210","78","0","2025","1","",236,3471,3464,3436,173629724,25276855,108143,3864,"",0.91,1.39,1.38,1.38,1.29,0.98,0.67,0.93,"",-12,-4.8,424,13.9,445,14.7,406,13.4,34354639,24.7,2898451,13.0,-76255,-41.4,331,9.4
"12059","5","518210","78","0","2025","1","N",1,0,0,0,0,0,0,0,"N",0.56,0,0,0,0,0,0,0,"N",0,0.0,0,0,0,0,0,0,0,0,0,0,0,0,0,0
"12061","5","518210","78","0","2025","1","",24,161,168,163,4250453,1153423,15344,1994,"",0.90,0.87,0.91,0.89,0.51,0.64,1.38,0.57,"",3,14.3,50,45.0,57,51.4,49,43.0,1142841,36.8,359734,45.3,7756,102.2,-140,-6.6
"12063","5","518210","78","0","2025","1","N",2,0,0,0,0,0,0,0,"N",0.43,0,0,0,0,0,0,0,"N",1,100.0,0,0,0,0,0,0,0,0,0,0,0,0,0,0
"12069","5","518210","78","0","2025","1","",18,107,109,105,2754457,710931,3872,1980,"",0.36,0.29,0.29,0.28,0.21,0.20,0.17,0.72,"",3,20.0,-2,-1.8,-4,-3.5,-4,-3.7,-347654,-11.2,-91345,-11.4,-2486,-39.1,-183,-8.5
"12071","5","518210","78","0","2025","1","",67,295,287,281,6542680,2047000,7494,1750,"",0.51,0.31,0.30,0.29,0.16,0.20,0.09,0.54,"",-15,-18.3,-17,-5.4,-27,-8.6,-29,-9.4,-1055976,-13.9,-150781,-6.9,-7718,-50.7,-123,-6.6
"12073","3","518210","78","0","2025","1","",1,57,56,56,1539965,0,0,2103,"",11.66,27.60,26.65,26.95,43.75,0.00,0.00,1.62,"",0,0.0,1,1.8,0,0.0,-5,-8.2,35439,2.4,0,0.0,0,0.0,96,4.8
"12073","5","518210","78","0","2025","1","",57,1049,1006,993,17840821,6083637,26925,1351,"",1.15,2.02,1.93,1.93,0.82,1.63,1.17,0.42,"",-11,-16.2,-328,-23.8,-329,-24.6,-298,-23.1,-1475112,-7.6,-1955922,-24.3,-222991,-89.2,237,21.3
"12075","5","518210","78","0","2025","1","",3,5,5,5,402078,35000,945,6186,"",0.59,0.18,0.17,0.17,0.46,0.14,0.47,2.66,"N",0,0.0,0,0,0,0,0,0,0,0,0,0,0,0,0,0
"12079","5","518210","78","0","2025","1","N",1,0,0,0,0,0,0,0,"N",0.50,0,0,0,0,0,0,0,"N",1,100.0,0,0,0,0,0,0,0,0,0,0,0,0,0,0
"12081","5","518210","78","0","2025","1","",39,168,164,159,7310383,1191831,15576,3436,"",0.59,0.37,0.36,0.35,0.38,0.24,0.50,1.07,"",-1,-2.5,16,10.5,15,10.1,6,3.9,942125,14.8,126973,11.9,-1990,-11.3,199,6.1
"12083","5","518210","78","0","2025","1","",21,93,91,88,2691254,712656,3237,2283,"",0.45,0.24,0.24,0.23,0.20,0.20,0.16,0.83,"",4,23.5,10,12.0,8,9.6,5,6.0,208920,8.4,133786,23.1,-3607,-52.7,-18,-0.8
"12085","5","518210","78","0","2025","1","",19,59,61,62,2006346,429300,6193,2544,"",0.55,0.24,0.25,0.25,0.20,0.17,0.38,0.82,"",-1,-5.0,0,0.0,3,5.2,2,3.3,107509,5.7,12501,3.0,1394,29.0,68,2.7
"12086","5","518210","78","0","2025","1","",346,2189,2182,2163,166243572,15648892,120821,5871,"",0.62,0.54,0.54,0.54,0.70,0.37,0.33,1.29,"",-13,-3.6,-30,-1.4,-15,-0.7,-58,-2.6,4845877,3.0,-117678,-0.7,-27789,-18.7,259,4.6
"12087","5","518210","78","0","2025","1","N",6,0,0,0,0,0,0,0,"N",0.27,0,0,0,0,0,0,0,"N",-1,-14.3,0,0,0,0,0,0,0,0,0,0,0,0,0,0
"12089","5","518210","78","0","2025","1","",7,58,57,56,982388,362415,1618,1326,"",0.52,0.67,0.66,0.65,0.29,0.47,0.27,0.44,"",1,16.7,-4,-6.5,-4,-6.6,-6,-9.7,-34543,-3.4,-34131,-8.6,-2832,-63.6,57,4.5
"12091","5","518210","78","0","2025","1","",11,26,24,23,439865,152512,894,1391,"",0.32,0.09,0.09,0.08,0.04,0.06,0.07,0.42,"",-3,-21.4,-16,-38.1,-17,-41.5,-21,-47.7,-421095,-48.9,-207899,-57.7,-4181,-82.4,-173,-11.1
"12095","5","518210","78","0","2025","1","",167,1705,1680,1703,51697951,12569685,186808,2345,"",0.67,0.57,0.56,0.57,0.36,0.41,1.07,0.64,"",-17,-9.2,-482,-22.0,-552,-24.7,-573,-25.2,-10468500,-16.8,-2582530,-17.0,-3628,-1.9,202,9.4
"12097","5","518210","78","0","2025","1","",16,57,59,60,2666318,425723,2366,3496,"",0.34,0.15,0.16,0.16,0.20,0.12,0.10,1.25,"",-5,-23.8,-6,-9.5,-2,-3.3,4,7.1,-43079,-1.6,-10244,-2.3,-628,-21.0,22,0.6
"12099","5","518210","78","0","2025","1","",241,1507,1506,1496,58098175,10862770,84316,2973,"",0.76,0.71,0.71,0.71,0.48,0.46,0.51,0.67,"",-20,-7.7,86,6.1,82,5.8,98,7.0,5892868,11.3,961902,9.7,-14477,-14.7,134,4.7
"12101","5","518210","78","0","2025","1","",35,90,90,88,2852208,658615,5291,2456,"",0.51,0.19,0.19,0.19,0.16,0.15,0.18,0.84,"",-1,-2.8,14,18.4,13,16.9,7,8.6,963295,51.0,114191,21.0,-1649,-23.8,593,31.8
"12103","5","518210","78","0","2025","1","",155,1488,1474,1467,64096994,10626488,203556,3340,"",0.83,1.07,1.06,1.06,0.97,0.76,2.35,0.92,"",-3,-1.9,313,26.6,291,24.6,279,23.5,17326746,37.0,1993770,23.1,127633,168.1,296,9.7
"12105","5","518210","78","0","2025","1","",32,67,69,67,1424412,410441,4881,1619,"",0.41,0.08,0.08,0.08,0.04,0.05,0.11,0.55,"",1,3.2,-11,-14.1,-7,-9.2,-7,-9.5,-536941,-27.4,-63904,-13.5,622,14.6,-366,-18.4
"12107","5","518210","78","0","2025","1","N",1,0,0,0,0,0,0,0,"N",0.14,0,0,0,0,0,0,0,"N",-1,-50.0,0,0,0,0,0,0,0,0,0,0,0,0,0,0
"12109","5","518210","78","0","2025","1","",56,353,360,354,17458672,2612933,41893,3776,"",1.11,1.12,1.14,1.12,1.31,0.88,2.08,1.16,"",8,16.7,69,24.3,63,21.2,58,19.6,3383598,24.0,430449,19.7,13807,49.2,72,1.9
"12111","5","518210","78","0","2025","1","",15,36,36,35,455721,226432,2766,983,"",0.37,0.12,0.12,0.12,0.04,0.08,0.16,0.36,"",0,0.0,-3,-7.7,-1,-2.7,-2,-5.4,-70409,-13.4,-19664,-8.0,234,9.2,-91,-8.5
"12113","5","518210","78","0","2025","1","N",13,0,0,0,0,0,0,0,"N",0.62,0,0,0,0,0,0,0,"N",-1,-7.1,0,0,0,0,0,0,0,0,0,0,0,0,0,0
"12115","5","518210","78","0","2025","1","",71,286,284,237,7200182,1979785,23193,2059,"",0.74,0.47,0.46,0.39,0.26,0.29,0.62,0.60,"",-9,-11.2,6,2.1,11,4.0,-27,-10.2,512625,7.7,128472,6.9,-3760,-14.0,170,9.0
"12117","5","518210","78","0","2025","1","",72,1127,1143,1144,34321488,8160377,52144,2320,"",0.88,1.67,1.70,1.71,1.11,1.18,1.16,0.65,"",-7,-8.9,51,4.7,76,7.1,53,4.9,5472303,19.0,355570,4.6,-22233,-29.9,261,12.7
"12119","5","518210","78","0","2025","1","",5,4,6,6,215313,42000,406,3105,"",0.39,0.03,0.05,0.05,0.04,0.03,0.06,1.02,"",0,0.0,1,33.3,1,20.0,1,20.0,105972,96.9,6572,18.6,6,1.5,1164,60.0
"12121","5","518210","78","0","2025","1","N",1,0,0,0,0,0,0,0,"N",0.24,0,0,0,0,0,0,0,"N",0,0.0,0,0,0,0,0,0,0,0,0,0,0,0,0,0
"12123","5","518210","78","0","2025","1","",3,7,7,7,135089,45280,45,1484,"",1.40,0.41,0.40,0.40,0.25,0.30,0.04,0.61,"",0,0.0,3,75.0,3,75.0,2,40.0,62454,86.0,17506,63.0,17,60.7,195,15.1
"12127","5","518210","78","0","2025","1","",30,85,107,104,2478582,679221,3839,1932,"",0.40,0.14,0.18,0.17,0.11,0.13,0.13,0.66,"",0,0.0,-35,-29.2,-12,-10.1,-19,-15.4,-393258,-13.7,-128508,-15.9,-4986,-56.5,101,5.5
"12129","5","518210","78","0","2025","1","",3,13,15,15,458244,103200,2604,2459,"",1.04,0.62,0.72,0.72,0.69,0.66,2.62,1.00,"N",1,50.0,0,0,0,0,0,0,0,0,0,0,0,0,0,0
"12131","5","518210","78","0","2025","1","",9,57,57,51,1555383,445424,1711,2175,"",0.47,0.54,0.53,0.46,0.38,0.41,0.23,0.75,"",-2,-18.2,-8,-12.3,-4,-6.6,-9,-15.0,-183382,-10.5,-13846,-3.0,-1154,-40.3,18,0.8
"12133","5","518210","78","0","2025","1","N",1,0,0,0,0,0,0,0,"N",0.40,0,0,0,0,0,0,0,"N",0,0.0,0,0,0,0,0,0,0,0,0,0,0,0,0,0
"12999","5","518210","78","0","2025","1","",892,5151,5091,5008,217356714,37465453,433950,3289,"",2.70,3.33,3.28,3.25,1.60,1.79,2.14,0.49,"",-9,-1.0,-464,-8.3,-505,-9.0,-510,-9.2,-33967422,-13.5,-3437780,-8.4,-297682,-40.7,-178,-5.1
"13000","5","518210","58","0","2025","1","",2292,25332,25015,24700,1205582743,238446537,3756438,3707,"",1.28,1.66,1.64,1.63,1.54,1.28,1.71,0.94,"",44,2.0,775,3.2,517,2.1,273,1.1,64619447,5.7,7199767,3.1,-304996,-7.5,124,3.5
"13001","5","518210","78","0","2025","1","N",1,0,0,0,0,0,0,0,"N",0.43,0,0,0,0,0,0,0,"N",0,0.0,0,0,0,0,0,0,0,0,0,0,0,0,0,0
"13007","5","518210","78","0","2025","1","N",1,0,0,0,0,0,0,0,"N",3.25,0,0,0,0,0,0,0,"N",0,0.0,0,0,0,0,0,0,0,0,0,0,0,0,0,0
"13009","5","518210","78","0","2025","1","N",1,0,0,0,0,0,0,0,"N",0.22,0,0,0,0,0,0,0,"N",0,0.0,0,0,0,0,0,0,0,0,0,0,0,0,0,0
"13013","5","518210","78","0","2025","1","N",1,0,0,0,0,0,0,0,"N",0.12,0,0,0,0,0,0,0,"N",0,0.0,0,0,0,0,0,0,0,0,0,0,0,0,0,0
"13015","5","518210","78","0","2025","1","",3,5,5,6,144833,48107,994,2089,"",0.22,0.03,0.03,0.04,0.02,0.03,0.05,0.67,"N",1,50.0,0,0,0,0,0,0,0,0,0,0,0,0,0,0
"13021","5","518210","78","0","2025","1","",9,29,32,33,709948,319801,5108,1743,"",0.41,0.12,0.13,0.13,0.07,0.12,0.20,0.59,"",0,0.0,-21,-42.0,-19,-37.3,-16,-32.7,-1316167,-65.0,-176403,-35.6,-7094,-58.1,-1374,-44.1
"13025","5","518210","78","0","2025","1","N",1,0,0,0,0,0,0,0,"N",0.85,0,0,0,0,0,0,0,"N",0,0.0,0,0,0,0,0,0,0,0,0,0,0,0,0,0
"13029","5","518210","78","0","2025","1","N",1,0,0,0,0,0,0,0,"N",0.19,0,0,0,0,0,0,0,"N",1,100.0,0,0,0,0,0,0,0,0,0,0,0,0,0,0
"13031","5","518210","78","0","2025","1","N",1,0,0,0,0,0,0,0,"N",0.11,0,0,0,0,0,0,0,"N",0,0.0,0,0,0,0,0,0,0,0,0,0,0,0,0,0
"13039","5","518210","78","0","2025","1","N",1,0,0,0,0,0,0,0,"N",0.18,0,0,0,0,0,0,0,"N",0,0.0,0,0,0,0,0,0,0,0,0,0,0,0,0,0
"13045","5","518210","78","0","2025","1","N",8,0,0,0,0,0,0,0,"N",0.63,0,0,0,0,0,0,0,"N",-1,-11.1,0,0,0,0,0,0,0,0,0,0,0,0,0,0
"13047","5","518210","78","0","2025","1","N",1,0,0,0,0,0,0,0,"N",0.17,0,0,0,0,0,0,0,"N",0,0.0,0,0,0,0,0,0,0,0,0,0,0,0,0,0
"13051","5","518210","78","0","2025","1","N",18,0,0,0,0,0,0,0,"N",0.36,0,0,0,0,0,0,0,"N",0,0.0,0,0,0,0,0,0,0,0,0,0,0,0,0,0
"13053","5","518210","78","0","2025","1","N",1,0,0,0,0,0,0,0,"N",1.57,0,0,0,0,0,0,0,"N",0,0.0,0,0,0,0,0,0,0,0,0,0,0,0,0,0
"13055","5","518210","78","0","2025","1","N",1,0,0,0,0,0,0,0,"N",0.54,0,0,0,0,0,0,0,"N",1,100.0,0,0,0,0,0,0,0,0,0,0,0,0,0,0
"13057","5","518210","78","0","2025","1","",27,77,77,72,2219652,896346,13320,2266,"",0.72,0.34,0.33,0.31,0.26,0.35,0.48,0.80,"",-5,-15.6,-84,-52.2,-85,-52.5,-88,-55.0,-4157697,-65.2,-791560,-46.9,-13056,-49.5,-781,-25.6
"13059","5","518210","78","0","2025","1","",10,48,48,47,1151611,428336,8347,1858,"",0.55,0.21,0.21,0.20,0.13,0.23,0.45,0.61,"",0,0.0,7,17.1,4,9.1,5,11.9,406044,54.5,91374,27.1,-495,-5.6,503,37.1
"13063","5","518210","78","0","2025","1","",12,159,151,146,2626705,1316780,31670,1329,"",0.51,0.39,0.37,0.36,0.11,0.25,0.55,0.28,"",0,0.0,-27,-14.5,-44,-22.6,-57,-28.1,-611103,-18.9,-548985,-29.4,12702,67.0,50,3.9
"13067","5","518210","78","0","2025","1","",126,1770,1751,1755,62973457,14208325,280593,2754,"",0.97,1.49,1.47,1.48,0.96,0.90,1.61,0.65,"",-12,-8.7,-25,-1.4,-62,-3.4,-79,-4.3,4361410,7.4,-238444,-1.7,-30459,-9.8,269,10.8
"13073","5","518210","78","0","2025","1","",4,32,33,33,769908,302147,2522,1813,"",0.24,0.25,0.26,0.26,0.18,0.22,0.17,0.71,"",-1,-20.0,1,3.2,2,6.5,1,3.1,54878,7.7,22529,8.1,-1154,-31.4,58,3.3
"13077","5","518210","78","0","2025","1","",5,18,18,17,290106,148703,5172,1263,"",0.29,0.12,0.12,0.11,0.05,0.08,0.26,0.44,"",1,25.0,2,12.5,1,5.9,0,0.0,30162,11.6,-9146,-5.8,-1484,-22.3,63,5.2
"13083","5","518210","78","0","2025","1","N",1,0,0,0,0,0,0,0,"N",0.68,0,0,0,0,0,0,0,"N",1,100.0,0,0,0,0,0,0,0,0,0,0,0,0,0,0
"13085","5","518210","78","0","2025","1","N",1,0,0,0,0,0,0,0,"N",0.21,0,0,0,0,0,0,0,"N",0,0.0,0,0,0,0,0,0,0,0,0,0,0,0,0,0
"13087","5","518210","78","0","2025","1","N",1,0,0,0,0,0,0,0,"N",0.28,0,0,0,0,0,0,0,"N",0,0.0,0,0,0,0,0,0,0,0,0,0,0,0,0,0
"13089","5","518210","78","0","2025","1","",108,1129,1217,1255,34353073,10455960,119659,2202,"",1.01,1.16,1.25,1.30,0.65,0.99,0.95,0.52,"",2,1.9,-191,-14.5,-186,-13.3,-227,-15.3,-5645920,-14.1,-2614122,-20.0,-21774,-15.4,7,0.3
"13095","5","518210","78","0","2025","1","N",1,0,0,0,0,0,0,0,"N",0.08,0,0,0,0,0,0,0,"N",0,0.0,0,0,0,0,0,0,0,0,0,0,0,0,0,0
"13097","5","518210","78","0","2025","1","",14,192,200,199,10572987,1246603,15957,4128,"",0.87,1.20,1.26,1.26,1.71,0.63,0.66,1.38,"",2,16.7,16,9.1,21,11.7,15,8.2,-1001652,-8.7,52594,4.4,-16492,-50.8,-828,-16.7
"13103","5","518210","78","0","2025","1","N",1,0,0,0,0,0,0,0,"N",0.18,0,0,0,0,0,0,0,"N",0,0.0,0,0,0,0,0,0,0,0,0,0,0,0,0,0
"13107","5","518210","78","0","2025","1","N",1,0,0,0,0,0,0,0,"N",0.46,0,0,0,0,0,0,0,"N",-1,-50.0,0,0,0,0,0,0,0,0,0,0,0,0,0,0
"13113","5","518210","78","0","2025","1","",15,21,21,10,570290,293694,3423,2531,"",0.68,0.14,0.14,0.07,0.09,0.16,0.16,0.83,"",3,25.0,10,90.9,9,75.0,0,0.0,228430,66.8,179205,156.5,1295,60.9,140,5.9
"13115","5","518210","78","0","2025","1","",3,5,5,5,52070,28061,415,801,"",0.27,0.04,0.04,0.04,0.01,0.02,0.02,0.30,"N",0,0.0,0,0,0,0,0,0,0,0,0,0,0,0,0,0
"13117","5","518210","78","0","2025","1","",41,169,167,165,5947996,1603119,26827,2740,"",0.97,0.60,0.60,0.59,0.49,0.47,0.68,0.81,"",-2,-4.7,40,31.0,37,28.5,46,38.7,929001,18.5,427037,36.3,7587,39.4,-324,-10.6
"13121","5","518210","78","0","2025","1","",607,12283,12271,12225,745909214,121992340,1907477,4680,"",1.69,4.14,4.13,4.14,3.20,3.02,3.53,0.77,"",69,12.8,554,4.7,689,5.9,686,5.9,68002697,10.0,8748105,7.7,-201141,-9.5,191,4.3
"13123","5","518210","78","0","2025","1","N",1,0,0,0,0,0,0,0,"N",0.26,0,0,0,0,0,0,0,"N",0,0.0,0,0,0,0,0,0,0,0,0,0,0,0,0,0
"13127","5","518210","78","0","2025","1","",5,9,8,8,201678,68287,1531,1862,"",0.33,0.07,0.06,0.06,0.04,0.05,0.11,0.66,"",0,0.0,2,28.6,1,14.3,1,14.3,77677,62.6,15569,29.5,402,35.6,499,36.6
"13129","5","518210","78","0","2025","1","N",1,0,0,0,0,0,0,0,"N",0.17,0,0,0,0,0,0,0,"N",0,0.0,0,0,0,0,0,0,0,0,0,0,0,0,0,0
"13131","5","518210","78","0","2025","1","N",1,0,0,0,0,0,0,0,"N",0.40,0,0,0,0,0,0,0,"N",0,0.0,0,0,0,0,0,0,0,0,0,0,0,0,0,0
"13133","5","518210","78","0","2025","1","N",2,0,0,0,0,0,0,0,"N",0.67,0,0,0,0,0,0,0,"N",1,100.0,0,0,0,0,0,0,0,0,0,0,0,0,0,0
"13135","5","518210","78","0","2025","1","",131,1566,1576,1586,71781974,15403886,157051,3504,"",0.84,1.29,1.30,1.31,1.28,0.98,0.85,0.98,"",0,0.0,70,4.7,76,5.1,91,6.1,-5316127,-6.9,-399297,-2.5,24914,18.9,-458,-11.6
"13139","5","518210","78","0","2025","1","",9,28,30,29,488638,213606,1955,1296,"",0.33,0.09,0.09,0.09,0.04,0.05,0.05,0.39,"",-1,-10.0,-13,-31.7,-13,-30.2,-15,-34.1,-323973,-39.9,-170021,-44.3,-6561,-77.0,-169,-11.5
"13143","5","518210","78","0","2025","1","N",1,0,0,0,0,0,0,0,"N",0.35,0,0,0,0,0,0,0,"N",0,0.0,0,0,0,0,0,0,0,0,0,0,0,0,0,0
"13145","5","518210","78","0","2025","1","N",1,0,0,0,0,0,0,0,"N",0.37,0,0,0,0,0,0,0,"N",0,0.0,0,0,0,0,0,0,0,0,0,0,0,0,0,0
"13151","5","518210","78","0","2025","1","",11,44,44,50,1375288,442669,9809,2300,"",0.44,0.19,0.19,0.21,0.17,0.17,0.33,0.85,"",0,0.0,8,22.2,9,25.7,15,42.9,-89968,-6.1,68607,18.3,52,0.5,-890,-27.9
"13153","5","518210","78","0","2025","1","N",5,0,0,0,0,0,0,0,"N",0.31,0,0,0,0,0,0,0,"N",1,25.0,0,0,0,0,0,0,0,0,0,0,0,0,0,0
"13157","5","518210","78","0","2025","1","N",3,0,0,0,0,0,0,0,"N",0.30,0,0,0,0,0,0,0,"N",-2,-40.0,0,0,0,0,0,0,0,0,0,0,0,0,0,0
"13161","5","518210","78","0","2025","1","N",1,0,0,0,0,0,0,0,"N",0.75,0,0,0,0,0,0,0,"N",0,0.0,0,0,0,0,0,0,0,0,0,0,0,0,0,0
"13163","5","518210","78","0","2025","1","N",1,0,0,0,0,0,0,0,"N",0.53,0,0,0,0,0,0,0,"N",0,0.0,0,0,0,0,0,0,0,0,0,0,0,0,0,0
"13175","5","518210","78","0","2025","1","N",2,0,0,0,0,0,0,0,"N",0.35,0,0,0,0,0,0,0,"N",0,0.0,0,0,0,0,0,0,0,0,0,0,0,0,0,0
"13177","5","518210","78","0","2025","1","N",1,0,0,0,0,0,0,0,"N",0.34,0,0,0,0,0,0,0,"N",0,0.0,0,0,0,0,0,0,0,0,0,0,0,0,0,0
"13179","5","518210","78","0","2025","1","N",1,0,0,0,0,0,0,0,"N",0.19,0,0,0,0,0,0,0,"N",0,0.0,0,0,0,0,0,0,0,0,0,0,0,0,0,0
"13185","5","518210","78","0","2025","1","",5,7,8,7,61939,39064,957,650,"",0.33,0.05,0.05,0.05,0.01,0.02,0.07,0.26,"",1,25.0,0,0.0,1,14.3,0,0.0,8467,15.8,7804,25.0,262,37.7,62,10.5
"13187","5","518210","78","0","2025","1","N",4,0,0,0,0,0,0,0,"N",1.19,0,0,0,0,0,0,0,"N",0,0.0,0,0,0,0,0,0,0,0,0,0,0,0,0,0
"13189","5","518210","78","0","2025","1","N",2,0,0,0,0,0,0,0,"N",0.88,0,0,0,0,0,0,0,"N",1,100.0,0,0,0,0,0,0,0,0,0,0,0,0,0,0
"13193","5","518210","78","0","2025","1","N",1,0,0,0,0,0,0,0,"N",0.94,0,0,0,0,0,0,0,"N",1,100.0,0,0,0,0,0,0,0,0,0,0,0,0,0,0
"13197","5","518210","78","0","2025","1","N",1,0,0,0,0,0,0,0,"N",1.85,0,0,0,0,0,0,0,"N",0,0.0,0,0,0,0,0,0,0,0,0,0,0,0,0,0
"13199","5","518210","78","0","2025","1","N",1,0,0,0,0,0,0,0,"N",0.51,0,0,0,0,0,0,0,"N",0,0.0,0,0,0,0,0,0,0,0,0,0,0,0,0,0
"13215","5","518210","78","0","2025","1","N",12,0,0,0,0,0,0,0,"N",0.49,0,0,0,0,0,0,0,"N",-2,-14.3,0,0,0,0,0,0,0,0,0,0,0,0,0,0
"13217","5","518210","78","0","2025","1","N",3,0,0,0,0,0,0,0,"N",0.31,0,0,0,0,0,0,0,"N",1,50.0,0,0,0,0,0,0,0,0,0,0,0,0,0,0
"13219","5","518210","78","0","2025","1","",3,6,6,7,352845,66500,1796,4286,"",0.39,0.12,0.11,0.13,0.19,0.11,0.28,1.59,"N",1,50.0,0,0,0,0,0,0,0,0,0,0,0,0,0,0
"13223","5","518210","78","0","2025","1","N",4,0,0,0,0,0,0,0,"N",0.29,0,0,0,0,0,0,0,"N",-1,-20.0,0,0,0,0,0,0,0,0,0,0,0,0,0,0
"13231","5","518210","78","0","2025","1","N",2,0,0,0,0,0,0,0,"N",1.07,0,0,0,0,0,0,0,"N",0,0.0,0,0,0,0,0,0,0,0,0,0,0,0,0,0
"13237","5","518210","78","0","2025","1","N",1,0,0,0,0,0,0,0,"N",0.34,0,0,0,0,0,0,0,"N",0,0.0,0,0,0,0,0,0,0,0,0,0,0,0,0,0
"13241","5","518210","78","0","2025","1","N",2,0,0,0,0,0,0,0,"N",0.70,0,0,0,0,0,0,0,"N",0,0.0,0,0,0,0,0,0,0,0,0,0,0,0,0,0
"13243","5","518210","78","0","2025","1","N",1,0,0,0,0,0,0,0,"N",1.35,0,0,0,0,0,0,0,"N",0,0.0,0,0,0,0,0,0,0,0,0,0,0,0,0,0
"13245","5","518210","78","0","2025","1","",15,114,110,112,2130924,930642,18003,1464,"",0.64,0.35,0.34,0.35,0.17,0.31,0.52,0.49,"",0,0.0,4,3.6,0,0.0,2,1.8,79434,3.9,15021,1.6,1024,6.0,29,2.0
"13247","5","518210","78","0","2025","1","N",1,0,0,0,0,0,0,0,"N",0.08,0,0,0,0,0,0,0,"N",0,0.0,0,0,0,0,0,0,0,0,0,0,0,0,0,0
"13251","5","518210","78","0","2025","1","N",2,0,0,0,0,0,0,0,"N",1.47,0,0,0,0,0,0,0,"N",1,100.0,0,0,0,0,0,0,0,0,0,0,0,0,0,0
"13255","5","518210","78","0","2025","1","N",2,0,0,0,0,0,0,0,"N",0.29,0,0,0,0,0,0,0,"N",-1,-33.3,0,0,0,0,0,0,0,0,0,0,0,0,0,0
"13257","5","518210","78","0","2025","1","N",1,0,0,0,0,0,0,0,"N",0.34,0,0,0,0,0,0,0,"N",0,0.0,0,0,0,0,0,0,0,0,0,0,0,0,0,0
"13261","5","518210","78","0","2025","1","N",1,0,0,0,0,0,0,0,"N",0.30,0,0,0,0,0,0,0,"N",0,0.0,0,0,0,0,0,0,0,0,0,0,0,0,0,0
"13273","5","518210","78","0","2025","1","-",0,0,0,0,0,0,0,0,"N",0.00,0,0,0,0,0,0,0,"N",0,0,0,0,0,0,0,0,0,0,0,0,0,0,0,0
"13275","5","518210","78","0","2025","1","N",2,0,0,0,0,0,0,0,"N",0.28,0,0,0,0,0,0,0,"N",2,100.0,0,0,0,0,0,0,0,0,0,0,0,0,0,0
"13277","5","518210","78","0","2025","1","N",1,0,0,0,0,0,0,0,"N",0.18,0,0,0,0,0,0,0,"N",0,0.0,0,0,0,0,0,0,0,0,0,0,0,0,0,0
"13283","5","518210","78","0","2025","1","N",1,0,0,0,0,0,0,0,"N",2.18,0,0,0,0,0,0,0,"N",0,0.0,0,0,0,0,0,0,0,0,0,0,0,0,0,0
"13285","5","518210","78","0","2025","1","N",4,0,0,0,0,0,0,0,"N",0.48,0,0,0,0,0,0,0,"N",0,0.0,0,0,0,0,0,0,0,0,0,0,0,0,0,0
"13287","5","518210","78","0","2025","1","N",1,0,0,0,0,0,0,0,"N",1.18,0,0,0,0,0,0,0,"N",0,0.0,0,0,0,0,0,0,0,0,0,0,0,0,0,0
"13291","5","518210","78","0","2025","1","N",1,0,0,0,0,0,0,0,"N",0.28,0,0,0,0,0,0,0,"N",0,0.0,0,0,0,0,0,0,0,0,0,0,0,0,0,0
"13295","5","518210","78","0","2025","1","N",1,0,0,0,0,0,0,0,"N",0.24,0,0,0,0,0,0,0,"N",0,0.0,0,0,0,0,0,0,0,0,0,0,0,0,0,0
"13297","5","518210","78","0","2025","1","N",4,0,0,0,0,0,0,0,"N",0.36,0,0,0,0,0,0,0,"N",-1,-20.0,0,0,0,0,0,0,0,0,0,0,0,0,0,0
"13303","5","518210","78","0","2025","1","N",1,0,0,0,0,0,0,0,"N",0.51,0,0,0,0,0,0,0,"N",0,0.0,0,0,0,0,0,0,0,0,0,0,0,0,0,0
"13305","5","518210","78","0","2025","1","N",1,0,0,0,0,0,0,0,"N",0.31,0,0,0,0,0,0,0,"N",1,100.0,0,0,0,0,0,0,0,0,0,0,0,0,0,0
"13999","5","518210","78","0","2025","1","",1007,7053,6678,6391,248876609,62933563,1083147,2854,"",4.77,9.64,9.09,8.75,4.17,4.93,5.29,0.45,"",-18,-1.8,449,6.8,121,1.8,-51,-0.8,9520438,4.0,2705566,4.5,-48994,-4.3,36,1.3
"15000","3","518210","58","0","2025","1","N",1,0,0,0,0,0,0,0,"N",2.08,0,0,0,0,0,0,0,"N",0,0.0,0,0,0,0,0,0,0,0,0,0,0,0,0,0
"15000","5","518210","58","0","2025","1","",396,554,546,545,30261084,19564610,238729,4245,"",1.43,0.27,0.27,0.27,0.32,0.46,0.48,1.17,"",-9,-2.2,-4,-0.7,-7,-1.3,-8,-1.4,7272778,31.6,1060370,5.7,-103735,-30.3,1057,33.2
"15001","5","518210","78","0","2025","1","N",50,0,0,0,0,0,0,0,"N",1.47,0,0,0,0,0,0,0,"N",-3,-5.7,0,0,0,0,0,0,0,0,0,0,0,0,0,0
"15003","3","518210","78","0","2025","1","N",1,0,0,0,0,0,0,0,"N",3.94,0,0,0,0,0,0,0,"N",0,0.0,0,0,0,0,0,0,0,0,0,0,0,0,0,0
"15003","5","518210","78","0","2025","1","",262,426,419,422,23285169,13972588,167636,4241,"",1.79,0.30,0.29,0.30,0.33,0.47,0.50,1.13,"",-4,-1.5,-5,-1.2,-8,-1.9,-8,-1.9,6695478,40.4,85827,0.6,-80804,-32.5,1269,42.7
"15007","5","518210","78","0","2025","1","N",14,0,0,0,0,0,0,0,"N",0.88,0,0,0,0,0,0,0,"N",-2,-12.5,0,0,0,0,0,0,0,0,0,0,0,0,0,0
"15009","5","518210","78","0","2025","1","N",59,0,0,0,0,0,0,0,"N",1.64,0,0,0,0,0,0,0,"N",-1,-1.7,0,0,0,0,0,0,0,0,0,0,0,0,0,0
"15999","5","518210","78","0","2025","1","N",11,0,0,0,0,0,0,0,"N",0.25,0,0,0,0,0,0,0,"N",1,10.0,0,0,0,0,0,0,0,0,0,0,0,0,0,0
"16000","3","518210","58","0","2025","1","",1,8,7,8,32400,32400,73,325,"",1.20,0.75,0.65,0.75,0.19,4.71,11.91,0.26,"",0,0.0,0,0.0,-1,-12.5,0,0.0,1068,3.4,1068,3.4,-15,-17.0,24,8.0
"16000","5","518210","58","0","2025","1","",827,1270,1275,1280,46592645,37301717,291848,2811,"",1.72,0.48,0.48,0.48,0.43,0.68,0.71,0.90,"",34,4.3,7,0.6,3,0.2,5,0.4,1274582,2.8,388861,1.1,-55541,-16.0,66,2.4
"16001","5","518210","78","0","2025","1","",207,632,631,630,23221715,17569812,134631,2831,"",1.66,0.70,0.70,0.70,0.54,0.82,0.85,0.77,"",13,6.7,8,1.3,7,1.1,3,0.5,-504828,-2.1,-403785,-2.2,-32993,-19.7,-89,-3.0
"16003","5","518210","78","0","2025","1","N",1,0,0,0,0,0,0,0,"N",1.01,0,0,0,0,0,0,0,"N",0,0.0,0,0,0,0,0,0,0,0,0,0,0,0,0,0
"16005","5","518210","78","0","2025","1","",8,7,7,7,148252,145804,1160,1629,"",0.53,0.06,0.06,0.06,0.04,0.08,0.09,0.65,"",-1,-11.1,0,0.0,0,0.0,0,0.0,-24493,-14.2,-25437,-14.9,-493,-29.8,-269,-14.2
"16007","5","518210","78","0","2025","1","N",1,0,0,0,0,0,0,0,"N",0.73,0,0,0,0,0,0,0,"N",0,0.0,0,0,0,0,0,0,0,0,0,0,0,0,0,0
"16009","5","518210","78","0","2025","1","N",1,0,0,0,0,0,0,0,"N",0.51,0,0,0,0,0,0,0,"N",0,0.0,0,0,0,0,0,0,0,0,0,0,0,0,0,0
"16011","5","518210","78","0","2025","1","N",1,0,0,0,0,0,0,0,"N",0.14,0,0,0,0,0,0,0,"N",0,0.0,0,0,0,0,0,0,0,0,0,0,0,0,0,0
"16013","5","518210","78","0","2025","1","",13,42,42,42,1469508,1094210,9374,2691,"",1.26,0.92,0.92,0.94,0.81,1.14,1.28,0.87,"",2,18.2,-3,-6.7,-1,-2.3,-1,-2.3,588189,66.7,291262,36.3,1816,24.0,1138,73.3
"16015","5","518210","78","0","2025","1","N",1,0,0,0,0,0,0,0,"N",0.78,0,0,0,0,0,0,0,"N",0,0.0,0,0,0,0,0,0,0,0,0,0,0,0,0,0
"16017","5","518210","78","0","2025","1","",11,26,23,22,821912,761458,5452,2671,"",0.95,0.52,0.47,0.45,0.49,0.83,0.69,1.01,"",-1,-8.3,1,4.0,-1,-4.2,-3,-12.0,-65576,-7.4,-52411,-6.4,-2094,-27.7,-97,-3.5
"16019","5","518210","78","0","2025","1","N",20,0,0,0,0,0,0,0,"N",0.76,0,0,0,0,0,0,0,"N",2,11.1,0,0,0,0,0,0,0,0,0,0,0,0,0,0
"16021","5","518210","78","0","2025","1","N",1,0,0,0,0,0,0,0,"N",0.36,0,0,0,0,0,0,0,"N",0,0.0,0,0,0,0,0,0,0,0,0,0,0,0,0,0
"16027","5","518210","78","0","2025","1","",29,34,37,38,1503490,1365957,11377,3183,"",0.69,0.12,0.14,0.14,0.16,0.26,0.28,1.19,"",-2,-6.5,-7,-17.1,-5,-11.9,-3,-7.3,-62755,-4.0,-74249,-5.2,-2499,-18.0,268,9.2
"16031","5","518210","78","0","2025","1","N",2,0,0,0,0,0,0,0,"N",0.38,0,0,0,0,0,0,0,"N",-1,-33.3,0,0,0,0,0,0,0,0,0,0,0,0,0,0
"16041","5","518210","78","0","2025","1","N",2,0,0,0,0,0,0,0,"N",0.77,0,0,0,0,0,0,0,"N",0,0.0,0,0,0,0,0,0,0,0,0,0,0,0,0,0
"16047","5","518210","78","0","2025","1","N",1,0,0,0,0,0,0,0,"N",0.34,0,0,0,0,0,0,0,"N",0,0.0,0,0,0,0,0,0,0,0,0,0,0,0,0,0
"16049","5","518210","78","0","2025","1","N",1,0,0,0,0,0,0,0,"N",0.30,0,0,0,0,0,0,0,"N",0,0.0,0,0,0,0,0,0,0,0,0,0,0,0,0,0
"16051","5","518210","78","0","2025","1","",5,3,3,4,98456,90807,770,2272,"",0.88,0.12,0.12,0.16,0.14,0.23,0.26,1.05,"N",2,66.7,0,0,0,0,0,0,0,0,0,0,0,0,0,0
"16053","3","518210","78","0","2025","1","",1,8,7,8,32400,32400,73,325,"",132.57,53.28,45.76,51.95,15.46,326.13,952.83,0.31,"",0,0.0,0,0.0,-1,-12.5,0,0.0,1068,3.4,1068,3.4,-15,-17.0,24,8.0
"16053","5","518210","78","0","2025","1","N",1,0,0,0,0,0,0,0,"N",0.23,0,0,0,0,0,0,0,"N",0,0.0,0,0,0,0,0,0,0,0,0,0,0,0,0,0
"16055","5","518210","78","0","2025","1","",38,49,53,54,2309306,1804806,13696,3416,"",0.93,0.23,0.25,0.25,0.28,0.44,0.42,1.14,"",0,0.0,-6,-10.9,-5,-8.6,-1,-1.8,-193009,-7.7,-69785,-3.7,-3137,-18.6,-21,-0.6
"16057","5","518210","78","0","2025","1","",7,8,8,8,90569,90569,679,871,"",1.07,0.17,0.17,0.18,0.06,0.17,0.18,0.34,"",-1,-12.5,-30,-78.9,-30,-78.9,-30,-78.9,-760180,-89.4,-760179,-89.4,-6831,-91.0,-851,-49.4
"16059","5","518210","78","0","2025","1","-",0,0,0,0,0,0,0,0,"N",0.00,0,0,0,0,0,0,0,"N",-1,-100.0,0,0,0,0,0,0,0,0,0,0,0,0,0,0
"16065","5","518210","78","0","2025","1","",10,33,31,40,336555,333806,2778,747,"",1.25,0.60,0.56,0.73,0.22,0.51,0.60,0.35,"",2,25.0,22,200.0,20,181.8,28,233.3,139546,70.8,161403,93.6,1143,69.9,-590,-44.1
"16067","5","518210","78","0","2025","1","N",3,0,0,0,0,0,0,0,"N",0.85,0,0,0,0,0,0,0,"N",0,0.0,0,0,0,0,0,0,0,0,0,0,0,0,0,0
"16069","5","518210","78","0","2025","1","",3,16,16,16,445772,433703,2951,2143,"",0.43,0.24,0.24,0.24,0.18,0.31,0.34,0.78,"N",0,0.0,0,0,0,0,0,0,0,0,0,0,0,0,0,0
"16071","5","518210","78","0","2025","1","N",1,0,0,0,0,0,0,0,"N",1.20,0,0,0,0,0,0,0,"N",0,0.0,0,0,0,0,0,0,0,0,0,0,0,0,0,0
"16075","5","518210","78","0","2025","1","N",2,0,0,0,0,0,0,0,"N",0.49,0,0,0,0,0,0,0,"N",-1,-33.3,0,0,0,0,0,0,0,0,0,0,0,0,0,0
"16079","5","518210","78","0","2025","1","N",2,0,0,0,0,0,0,0,"N",0.87,0,0,0,0,0,0,0,"N",0,0.0,0,0,0,0,0,0,0,0,0,0,0,0,0,0
"16081","5","518210","78","0","2025","1","N",4,0,0,0,0,0,0,0,"N",0.96,0,0,0,0,0,0,0,"N",0,0.0,0,0,0,0,0,0,0,0,0,0,0,0,0,0
"16083","5","518210","78","0","2025","1","N",7,0,0,0,0,0,0,0,"N",0.38,0,0,0,0,0,0,0,"N",1,16.7,0,0,0,0,0,0,0,0,0,0,0,0,0,0
"16085","5","518210","78","0","2025","1","N",1,0,0,0,0,0,0,0,"N",0.24,0,0,0,0,0,0,0,"N",1,100.0,0,0,0,0,0,0,0,0,0,0,0,0,0,0
"16999","5","518210","78","0","2025","1","",443,331,335,331,12356283,10639278,87359,2860,"",5.11,4.47,4.51,4.48,2.13,3.40,3.06,0.47,"",19,4.5,-13,-3.8,-15,-4.3,-18,-5.2,-183868,-1.5,-399136,-3.6,-19401,-18.2,85,3.1
"17000","5","518210","58","0","2025","1","",1628,16514,16642,16715,1074970510,230386992,9151661,4974,"",0.95,0.88,0.89,0.89,1.00,0.80,0.96,1.13,"",50,3.2,745,4.7,791,5.0,802,5.0,257461582,31.5,15046938,7.0,1920125,26.6,1005,25.3
"17001","5","518210","78","0","2025","1","N",1,0,0,0,0,0,0,0,"N",0.13,0,0,0,0,0,0,0,"N",0,0.0,0,0,0,0,0,0,0,0,0,0,0,0,0,0
"17007","5","518210","78","0","2025","1","N",1,0,0,0,0,0,0,0,"N",0.25,0,0,0,0,0,0,0,"N",0,0.0,0,0,0,0,0,0,0,0,0,0,0,0,0,0
"17019","5","518210","78","0","2025","1","",13,313,319,323,12040422,3580446,102028,2909,"",0.69,1.07,1.08,1.08,0.94,1.18,1.07,0.87,"",-4,-23.5,-6,-1.9,-15,-4.5,-18,-5.3,4345267,56.5,178098,5.2,6899,7.3,1122,62.8
"17021","5","518210","78","0","2025","1","N",1,0,0,0,0,0,0,0,"N",0.31,0,0,0,0,0,0,0,"N",0,0.0,0,0,0,0,0,0,0,0,0,0,0,0,0,0
"17031","5","518210","78","0","2025","1","",426,9498,9629,9665,727577529,134894412,5312067,5832,"",0.68,1.18,1.20,1.21,1.36,1.06,1.21,1.14,"",38,9.8,692,7.9,813,9.2,831,9.4,224566332,44.6,13368380,11.0,1377332,35.0,1444,32.9
"17037","5","518210","78","0","2025","1","N",2,0,0,0,0,0,0,0,"N",0.22,0,0,0,0,0,0,0,"N",1,100.0,0,0,0,0,0,0,0,0,0,0,0,0,0,0
"17043","5","518210","78","0","2025","1","",82,1577,1576,1567,77332298,20882239,1043445,3781,"",0.53,0.81,0.81,0.81,0.69,0.62,0.92,0.85,"",4,5.1,-68,-4.1,-62,-3.8,-70,-4.3,4638117,6.4,-542739,-2.5,141992,15.8,371,10.9
"17053","5","518210","78","0","2025","1","N",1,0,0,0,0,0,0,0,"N",0.60,0,0,0,0,0,0,0,"N",0,0.0,0,0,0,0,0,0,0,0,0,0,0,0,0,0
"17057","5","518210","78","0","2025","1","N",1,0,0,0,0,0,0,0,"N",0.35,0,0,0,0,0,0,0,"N",0,0.0,0,0,0,0,0,0,0,0,0,0,0,0,0,0
"17065","5","518210","78","0","2025","1","N",2,0,0,0,0,0,0,0,"N",2.11,0,0,0,0,0,0,0,"N",0,0.0,0,0,0,0,0,0,0,0,0,0,0,0,0,0
"17073","5","518210","78","0","2025","1","N",3,0,0,0,0,0,0,0,"N",0.65,0,0,0,0,0,0,0,"N",2,200.0,0,0,0,0,0,0,0,0,0,0,0,0,0,0
"17077","5","518210","78","0","2025","1","N",1,0,0,0,0,0,0,0,"N",0.20,0,0,0,0,0,0,0,"N",0,0.0,0,0,0,0,0,0,0,0,0,0,0,0,0,0
"17089","5","518210","78","0","2025","1","",16,41,38,38,984574,434692,10271,1942,"",0.27,0.06,0.06,0.06,0.04,0.05,0.03,0.59,"",0,0.0,12,41.4,9,31.0,13,52.0,125601,14.6,65347,17.7,1340,15.0,-446,-18.7
"17091","5","518210","78","0","2025","1","N",1,0,0,0,0,0,0,0,"N",0.10,0,0,0,0,0,0,0,"N",0,0.0,0,0,0,0,0,0,0,0,0,0,0,0,0,0
"17093","5","518210","78","0","2025","1","N",1,0,0,0,0,0,0,0,"N",0.09,0,0,0,0,0,0,0,"N",-1,-50.0,0,0,0,0,0,0,0,0,0,0,0,0,0,0
"17097","5","518210","78","0","2025","1","",40,247,247,245,7077950,3283200,114146,2210,"",0.44,0.25,0.25,0.25,0.10,0.19,0.21,0.39,"",2,5.3,75,43.6,80,47.9,76,45.0,2620264,58.8,1100341,50.4,41613,57.4,185,9.1
"17107","5","518210","78","0","2025","1","N",1,0,0,0,0,0,0,0,"N",0.40,0,0,0,0,0,0,0,"N",0,0.0,0,0,0,0,0,0,0,0,0,0,0,0,0,0
"17111","5","518210","78","0","2025","1","N",7,0,0,0,0,0,0,0,"N",0.20,0,0,0,0,0,0,0,"N",0,0.0,0,0,0,0,0,0,0,0,0,0,0,0,0,0
"17113","5","518210","78","0","2025","1","N",3,0,0,0,0,0,0,0,"N",0.20,0,0,0,0,0,0,0,"N",0,0.0,0,0,0,0,0,0,0,0,0,0,0,0,0,0
"17115","5","518210","78","0","2025","1","N",1,0,0,0,0,0,0,0,"N",0.11,0,0,0,0,0,0,0,"N",0,0.0,0,0,0,0,0,0,0,0,0,0,0,0,0,0
"17119","5","518210","78","0","2025","1","",8,66,65,64,2076093,832658,53201,2457,"",0.33,0.20,0.20,0.19,0.16,0.18,0.34,0.80,"",0,0.0,-10,-13.2,-14,-17.7,-17,-21.0,-359513,-14.8,-200722,-19.4,-23821,-30.9,75,3.1
"17121","5","518210","78","0","2025","1","N",1,0,0,0,0,0,0,0,"N",0.28,0,0,0,0,0,0,0,"N",0,0.0,0,0,0,0,0,0,0,0,0,0,0,0,0,0
"17131","5","518210","78","0","2025","1","N",1,0,0,0,0,0,0,0,"N",0.73,0,0,0,0,0,0,0,"N",0,0.0,0,0,0,0,0,0,0,0,0,0,0,0,0,0
"17133","5","518210","78","0","2025","1","N",1,0,0,0,0,0,0,0,"N",0.27,0,0,0,0,0,0,0,"N",-1,-50.0,0,0,0,0,0,0,0,0,0,0,0,0,0,0
"17141","5","518210","78","0","2025","1","N",1,0,0,0,0,0,0,0,"N",0.22,0,0,0,0,0,0,0,"N",0,0.0,0,0,0,0,0,0,0,0,0,0,0,0,0,0
"17143","5","518210","78","0","2025","1","N",3,0,0,0,0,0,0,0,"N",0.17,0,0,0,0,0,0,0,"N",1,50.0,0,0,0,0,0,0,0,0,0,0,0,0,0,0
"17161","5","518210","78","0","2025","1","N",2,0,0,0,0,0,0,0,"N",0.16,0,0,0,0,0,0,0,"N",1,100.0,0,0,0,0,0,0,0,0,0,0,0,0,0,0
"17163","5","518210","78","0","2025","1","N",6,0,0,0,0,0,0,0,"N",0.27,0,0,0,0,0,0,0,"N",1,20.0,0,0,0,0,0,0,0,0,0,0,0,0,0,0
"17167","5","518210","78","0","2025","1","",9,106,106,110,2255922,1230573,33433,1617,"",0.40,0.26,0.26,0.27,0.11,0.36,0.35,0.43,"",-1,-10.0,-60,-36.1,-61,-36.5,-58,-34.5,-2787305,-55.3,-796232,-39.3,-39759,-54.3,-706,-30.4
"17177","5","518210","78","0","2025","1","N",1,0,0,0,0,0,0,0,"N",0.21,0,0,0,0,0,0,0,"N",1,100.0,0,0,0,0,0,0,0,0,0,0,0,0,0,0
"17179","5","518210","78","0","2025","1","",3,17,18,18,293362,211113,7002,1277,"",0.26,0.12,0.13,0.13,0.05,0.10,0.11,0.41,"N",1,50.0,0,0,0,0,0,0,0,0,0,0,0,0,0,0
"17183","5","518210","78","0","2025","1","N",1,0,0,0,0,0,0,0,"N",0.17,0,0,0,0,0,0,0,"N",0,0.0,0,0,0,0,0,0,0,0,0,0,0,0,0,0
"17197","5","518210","78","0","2025","1","",18,75,75,77,1734383,1002124,22357,1763,"",0.25,0.09,0.09,0.09,0.05,0.08,0.05,0.56,"",-3,-14.3,0,0.0,3,4.2,-2,-2.5,30401,1.8,22387,2.3,5737,34.5,23,1.3
"17201","5","518210","78","0","2025","1","N",6,0,0,0,0,0,0,0,"N",0.23,0,0,0,0,0,0,0,"N",1,20.0,0,0,0,0,0,0,0,0,0,0,0,0,0,0
"17999","5","518210","78","0","2025","1","",963,4240,4249,4290,228373502,59807469,2374101,4124,"",3.64,6.21,6.20,6.28,3.71,3.68,3.73,0.59,"",7,0.7,98,2.4,38,0.9,50,1.2,22683754,11.0,1662497,2.9,410680,20.9,355,9.4
"18000","5","518210","58","0","2025","1","",656,3911,3952,3970,112732485,34840234,593082,2199,"",0.73,0.40,0.40,0.40,0.25,0.29,0.33,0.63,"",-9,-1.4,258,7.1,275,7.5,333,9.2,13491945,13.6,3880567,12.5,111590,23.2,111,5.3
"18001","5","518210","78","0","2025","1","",3,4,4,4,105500,38000,951,2029,"",0.82,0.10,0.10,0.10,0.08,0.09,0.11,0.79,"N",1,50.0,0,0,0,0,0,0,0,0,0,0,0,0,0,0
"18003","5","518210","78","0","2025","1","N",22,0,0,0,0,0,0,0,"N",0.44,0,0,0,0,0,0,0,"N",3,15.8,0,0,0,0,0,0,0,0,0,0,0,0,0,0
"18005","5","518210","78","0","2025","1","",4,12,12,12,408330,123500,2623,2618,"",0.40,0.08,0.08,0.08,0.04,0.06,0.11,0.56,"",0,0.0,2,20.0,2,20.0,2,20.0,109802,36.8,28883,30.5,257,10.9,322,14.0
"18011","5","518210","78","0","2025","1","",8,15,15,15,530509,203794,1799,2721,"",0.64,0.10,0.10,0.10,0.09,0.10,0.06,0.91,"",1,14.3,-9,-37.5,-10,-40.0,-10,-40.0,-353418,-40.0,-33706,-14.2,-1898,-51.3,-36,-1.3
"18017","5","518210","78","0","2025","1","",3,5,5,6,69345,46925,343,1000,"",0.88,0.11,0.11,0.13,0.05,0.10,0.06,0.39,"N",1,50.0,0,0,0,0,0,0,0,0,0,0,0,0,0,0
"18019","5","518210","78","0","2025","1","",6,12,12,12,264378,114000,3051,1695,"",0.40,0.06,0.06,0.06,0.04,0.05,0.09,0.60,"",2,50.0,6,100.0,6,100.0,4,50.0,115768,77.9,57992,103.5,1821,148.0,-20,-1.2
"18023","5","518210","78","0","2025","1","-",0,0,0,0,0,0,0,0,"N",0.00,0,0,0,0,0,0,0,"N",0,0,0,0,0,0,0,0,0,0,0,0,0,0,0,0
"18029","5","518210","78","0","2025","1","N",5,0,0,0,0,0,0,0,"N",0.88,0,0,0,0,0,0,0,"N",0,0.0,0,0,0,0,0,0,0,0,0,0,0,0,0,0
"18031","5","518210","78","0","2025","1","N",2,0,0,0,0,0,0,0,"N",0.60,0,0,0,0,0,0,0,"N",0,0.0,0,0,0,0,0,0,0,0,0,0,0,0,0,0
"18033","5","518210","78","0","2025","1","N",1,0,0,0,0,0,0,0,"N",0.20,0,0,0,0,0,0,0,"N",0,0.0,0,0,0,0,0,0,0,0,0,0,0,0,0,0
"18035","5","518210","78","0","2025","1","",5,26,26,26,413608,239925,4019,1224,"",0.45,0.19,0.19,0.19,0.09,0.17,0.21,0.46,"",-2,-28.6,6,30.0,5,23.8,5,23.8,89897,27.8,37377,18.5,272,7.3,19,1.6
"18037","5","518210","78","0","2025","1","N",1,0,0,0,0,0,0,0,"N",0.15,0,0,0,0,0,0,0,"N",0,0.0,0,0,0,0,0,0,0,0,0,0,0,0,0,0
"18039","5","518210","78","0","2025","1","",12,18,17,17,1069293,205376,3476,4745,"",0.48,0.05,0.04,0.04,0.06,0.04,0.03,1.37,"",1,9.1,3,20.0,2,13.3,2,13.3,506059,89.8,73748,56.0,846,32.2,1857,64.3
"18043","5","518210","78","0","2025","1","",5,6,5,5,144618,57000,989,2086,"",0.51,0.06,0.05,0.05,0.04,0.05,0.06,0.72,"N",3,150.0,0,0,0,0,0,0,0,0,0,0,0,0,0,0
"18053","5","518210","78","0","2025","1","N",1,0,0,0,0,0,0,0,"N",0.17,0,0,0,0,0,0,0,"N",0,0.0,0,0,0,0,0,0,0,0,0,0,0,0,0,0
"18057","5","518210","78","0","2025","1","",69,309,319,288,10109366,3188107,50192,2547,"",1.11,0.60,0.62,0.56,0.39,0.46,0.49,0.65,"",1,1.5,-17,-5.2,-6,-1.8,-38,-11.7,116961,1.2,177235,5.9,6164,14.0,187,7.9
"18059","5","518210","78","0","2025","1","",7,6,6,6,174647,59080,1286,2239,"",0.71,0.07,0.07,0.07,0.05,0.05,0.09,0.72,"",0,0.0,-3,-33.3,-3,-33.3,-3,-33.3,-27246,-13.5,-19548,-24.9,-503,-28.1,513,29.7
"18061","5","518210","78","0","2025","1","N",1,0,0,0,0,0,0,0,"N",0.28,0,0,0,0,0,0,0,"N",0,0.0,0,0,0,0,0,0,0,0,0,0,0,0,0,0
"18063","5","518210","78","0","2025","1","",6,11,11,10,134515,61173,1163,970,"",0.29,0.04,0.04,0.04,0.01,0.02,0.03,0.34,"",-2,-25.0,-16,-59.3,-20,-64.5,-22,-68.8,-858509,-86.5,-179499,-74.6,-4408,-79.1,-1576,-61.9
"18067","5","518210","78","0","2025","1","N",2,0,0,0,0,0,0,0,"N",0.22,0,0,0,0,0,0,0,"N",-1,-33.3,0,0,0,0,0,0,0,0,0,0,0,0,0,0
"18071","5","518210","78","0","2025","1","N",2,0,0,0,0,0,0,0,"N",0.42,0,0,0,0,0,0,0,"N",0,0.0,0,0,0,0,0,0,0,0,0,0,0,0,0,0
"18081","5","518210","78","0","2025","1","",12,50,50,51,2296238,570870,5386,3509,"",0.60,0.25,0.25,0.25,0.33,0.23,0.16,1.34,"",-1,-7.7,5,11.1,6,13.6,6,13.3,595647,35.0,129365,29.3,36,0.7,580,19.8
"18083","5","518210","78","0","2025","1","N",1,0,0,0,0,0,0,0,"N",0.23,0,0,0,0,0,0,0,"N",0,0.0,0,0,0,0,0,0,0,0,0,0,0,0,0,0
"18085","5","518210","78","0","2025","1","N",3,0,0,0,0,0,0,0,"N",0.30,0,0,0,0,0,0,0,"N",0,0.0,0,0,0,0,0,0,0,0,0,0,0,0,0,0
"18087","5","518210","78","0","2025","1","N",1,0,0,0,0,0,0,0,"N",0.20,0,0,0,0,0,0,0,"N",1,100.0,0,0,0,0,0,0,0,0,0,0,0,0,0,0
"18089","5","518210","78","0","2025","1","",26,43,46,43,1497822,493903,10454,2619,"",0.46,0.07,0.08,0.07,0.06,0.07,0.09,0.82,"N",7,36.8,0,0,0,0,0,0,0,0,0,0,0,0,0,0
"18091","5","518210","78","0","2025","1","N",3,0,0,0,0,0,0,0,"N",0.26,0,0,0,0,0,0,0,"N",-1,-25.0,0,0,0,0,0,0,0,0,0,0,0,0,0,0
"18095","5","518210","78","0","2025","1","",5,12,11,12,312235,107563,1931,2059,"",0.42,0.10,0.09,0.10,0.08,0.08,0.10,0.81,"",-2,-28.6,4,50.0,1,10.0,3,33.3,73446,30.8,20557,23.6,346,21.8,18,0.9
"18097","5","518210","78","0","2025","1","",104,1447,1452,1465,34844667,10568704,190691,1843,"",0.78,0.75,0.74,0.76,0.29,0.45,0.52,0.39,"",3,3.0,-42,-2.8,-61,-4.0,-12,-0.8,-1812995,-4.9,-543118,-4.9,22359,13.3,-46,-2.4
"18103","5","518210","78","0","2025","1","N",1,0,0,0,0,0,0,0,"N",0.34,0,0,0,0,0,0,0,"N",1,100.0,0,0,0,0,0,0,0,0,0,0,0,0,0,0
"18105","5","518210","78","0","2025","1","N",15,0,0,0,0,0,0,0,"N",0.92,0,0,0,0,0,0,0,"N",5,50.0,0,0,0,0,0,0,0,0,0,0,0,0,0,0
"18107","5","518210","78","0","2025","1","N",4,0,0,0,0,0,0,0,"N",0.92,0,0,0,0,0,0,0,"N",1,33.3,0,0,0,0,0,0,0,0,0,0,0,0,0,0
"18109","5","518210","78","0","2025","1","N",1,0,0,0,0,0,0,0,"N",0.15,0,0,0,0,0,0,0,"N",0,0.0,0,0,0,0,0,0,0,0,0,0,0,0,0,0
"18111","5","518210","78","0","2025","1","N",1,0,0,0,0,0,0,0,"N",0.73,0,0,0,0,0,0,0,"N",1,100.0,0,0,0,0,0,0,0,0,0,0,0,0,0,0
"18113","5","518210","78","0","2025","1","N",1,0,0,0,0,0,0,0,"N",0.22,0,0,0,0,0,0,0,"N",0,0.0,0,0,0,0,0,0,0,0,0,0,0,0,0,0
"18119","5","518210","78","0","2025","1","N",1,0,0,0,0,0,0,0,"N",0.64,0,0,0,0,0,0,0,"N",1,100.0,0,0,0,0,0,0,0,0,0,0,0,0,0,0
"18127","5","518210","78","0","2025","1","",14,183,182,181,3376555,1647076,18228,1427,"",0.70,0.93,0.92,0.92,0.42,0.68,0.49,0.46,"",2,16.7,3,1.7,8,4.6,10,5.8,449248,15.3,44182,2.8,4235,30.3,140,10.9
"18133","5","518210","78","0","2025","1","N",1,0,0,0,0,0,0,0,"N",0.28,0,0,0,0,0,0,0,"N",0,0.0,0,0,0,0,0,0,0,0,0,0,0,0,0,0
"18141","5","518210","78","0","2025","1","",46,589,642,683,16580945,6330179,129629,1999,"",1.49,1.56,1.70,1.81,1.07,1.56,2.01,0.64,"",3,7.0,273,86.4,324,101.9,361,112.1,10467409,171.2,3459779,120.5,97601,304.7,523,35.4
"18145","5","518210","78","0","2025","1","N",1,0,0,0,0,0,0,0,"N",0.21,0,0,0,0,0,0,0,"N",-2,-66.7,0,0,0,0,0,0,0,0,0,0,0,0,0,0
"18157","5","518210","78","0","2025","1","",7,8,10,9,588219,92780,1906,5028,"",0.35,0.03,0.03,0.03,0.05,0.03,0.04,1.58,"N",-1,-12.5,0,0,0,0,0,0,0,0,0,0,0,0,0,0
"18161","5","518210","78","0","2025","1","N",1,0,0,0,0,0,0,0,"N",1.35,0,0,0,0,0,0,0,"N",0,0.0,0,0,0,0,0,0,0,0,0,0,0,0,0,0
"18163","5","518210","78","0","2025","1","N",2,0,0,0,0,0,0,0,"N",0.08,0,0,0,0,0,0,0,"N",-1,-33.3,0,0,0,0,0,0,0,0,0,0,0,0,0,0
"18167","5","518210","78","0","2025","1","N",2,0,0,0,0,0,0,0,"N",0.17,0,0,0,0,0,0,0,"N",-1,-33.3,0,0,0,0,0,0,0,0,0,0,0,0,0,0
"18169","5","518210","78","0","2025","1","N",1,0,0,0,0,0,0,0,"N",0.28,0,0,0,0,0,0,0,"N",0,0.0,0,0,0,0,0,0,0,0,0,0,0,0,0,0
"18173","5","518210","78","0","2025","1","N",2,0,0,0,0,0,0,0,"N",0.30,0,0,0,0,0,0,0,"N",1,100.0,0,0,0,0,0,0,0,0,0,0,0,0,0,0
"18175","5","518210","78","0","2025","1","N",1,0,0,0,0,0,0,0,"N",0.44,0,0,0,0,0,0,0,"N",1,100.0,0,0,0,0,0,0,0,0,0,0,0,0,0,0
"18177","5","518210","78","0","2025","1","-",0,0,0,0,0,0,0,0,"N",0.00,0,0,0,0,0,0,0,"N",-1,-100.0,0,0,0,0,0,0,0,0,0,0,0,0,0,0
"18183","5","518210","78","0","2025","1","N",1,0,0,0,0,0,0,0,"N",0.28,0,0,0,0,0,0,0,"N",0,0.0,0,0,0,0,0,0,0,0,0,0,0,0,0,0
"18999","5","518210","78","0","2025","1","",233,866,839,832,32005212,7965967,127644,2911,"",2.50,2.79,2.71,2.69,1.39,1.50,1.23,0.51,"",-31,-11.7,41,5.0,17,2.1,25,3.1,3793842,13.4,452968,6.0,-3722,-2.8,258,9.7
"19000","3","518210","58","0","2025","1","N",2,0,0,0,0,0,0,0,"N",2.25,0,0,0,0,0,0,0,"N",0,0.0,0,0,0,0,0,0,0,0,0,0,0,0,0,0
"19000","5","518210","58","0","2025","1","",415,3548,3554,3541,129260913,87164519,736076,2803,"",0.81,0.73,0.74,0.74,0.62,0.87,0.74,0.84,"",1,0.2,399,12.7,370,11.6,358,11.2,18068574,16.2,11721937,15.5,24549,3.5,107,4.0
"19001","5","518210","78","0","2025","1","N",1,0,0,0,0,0,0,0,"N",0.65,0,0,0,0,0,0,0,"N",0,0.0,0,0,0,0,0,0,0,0,0,0,0,0,0,0
"19011","5","518210","78","0","2025","1","N",3,0,0,0,0,0,0,0,"N",0.92,0,0,0,0,0,0,0,"N",1,50.0,0,0,0,0,0,0,0,0,0,0,0,0,0,0
"19013","5","518210","78","0","2025","1","",12,68,62,61,1403529,1179774,6765,1696,"",0.66,0.31,0.28,0.28,0.16,0.28,0.17,0.56,"N",2,20.0,0,0,0,0,0,0,0,0,0,0,0,0,0,0
"19015","5","518210","78","0","2025","1","N",3,0,0,0,0,0,0,0,"N",0.88,0,0,0,0,0,0,0,"N",0,0.0,0,0,0,0,0,0,0,0,0,0,0,0,0,0
"19017","5","518210","78","0","2025","1","N",2,0,0,0,0,0,0,0,"N",0.57,0,0,0,0,0,0,0,"N",1,100.0,0,0,0,0,0,0,0,0,0,0,0,0,0,0
"19025","5","518210","78","0","2025","1","-",0,0,0,0,0,0,0,0,"N",0.00,0,0,0,0,0,0,0,"N",0,0,0,0,0,0,0,0,0,0,0,0,0,0,0,0
"19027","5","518210","78","0","2025","1","N",1,0,0,0,0,0,0,0,"N",0.23,0,0,0,0,0,0,0,"N",0,0.0,0,0,0,0,0,0,0,0,0,0,0,0,0,0
"19031","5","518210","78","0","2025","1","N",1,0,0,0,0,0,0,0,"N",0.37,0,0,0,0,0,0,0,"N",0,0.0,0,0,0,0,0,0,0,0,0,0,0,0,0,0
"19033","5","518210","78","0","2025","1","N",1,0,0,0,0,0,0,0,"N",0.13,0,0,0,0,0,0,0,"N",-1,-50.0,0,0,0,0,0,0,0,0,0,0,0,0,0,0
"19039","5","518210","78","0","2025","1","-",0,0,0,0,0,0,0,0,"N",0.00,0,0,0,0,0,0,0,"N",0,0,0,0,0,0,0,0,0,0,0,0,0,0,0,0
"19041","5","518210","78","0","2025","1","N",1,0,0,0,0,0,0,0,"N",0.30,0,0,0,0,0,0,0,"N",-1,-50.0,0,0,0,0,0,0,0,0,0,0,0,0,0,0
"19045","5","518210","78","0","2025","1","N",1,0,0,0,0,0,0,0,"N",0.15,0,0,0,0,0,0,0,"N",-1,-50.0,0,0,0,0,0,0,0,0,0,0,0,0,0,0
"19047","5","518210","78","0","2025","1","N",1,0,0,0,0,0,0,0,"N",0.42,0,0,0,0,0,0,0,"N",0,0.0,0,0,0,0,0,0,0,0,0,0,0,0,0,0
"19049","5","518210","78","0","2025","1","N",27,0,0,0,0,0,0,0,"N",1.60,0,0,0,0,0,0,0,"N",3,12.5,0,0,0,0,0,0,0,0,0,0,0,0,0,0
"19051","5","518210","78","0","2025","1","-",0,0,0,0,0,0,0,0,"N",0.00,0,0,0,0,0,0,0,"N",0,0,0,0,0,0,0,0,0,0,0,0,0,0,0,0
"19053","5","518210","78","0","2025","1","N",1,0,0,0,0,0,0,0,"N",0.97,0,0,0,0,0,0,0,"N",1,100.0,0,0,0,0,0,0,0,0,0,0,0,0,0,0
"19057","5","518210","78","0","2025","1","N",1,0,0,0,0,0,0,0,"N",0.15,0,0,0,0,0,0,0,"N",0,0.0,0,0,0,0,0,0,0,0,0,0,0,0,0,0
"19059","5","518210","78","0","2025","1","N",1,0,0,0,0,0,0,0,"N",0.23,0,0,0,0,0,0,0,"N",0,0.0,0,0,0,0,0,0,0,0,0,0,0,0,0,0
"19061","3","518210","78","0","2025","1","N",1,0,0,0,0,0,0,0,"N",33.64,0,0,0,0,0,0,0,"N",0,0.0,0,0,0,0,0,0,0,0,0,0,0,0,0,0
"19061","5","518210","78","0","2025","1","",13,28,27,28,925371,859364,2074,2573,"",0.76,0.15,0.15,0.16,0.13,0.23,0.05,0.85,"",0,0.0,4,16.7,2,8.0,4,16.7,66293,7.7,121247,16.4,-1704,-45.1,-143,-5.3
"19065","5","518210","78","0","2025","1","N",1,0,0,0,0,0,0,0,"N",0.32,0,0,0,0,0,0,0,"N",-1,-50.0,0,0,0,0,0,0,0,0,0,0,0,0,0,0
"19067","5","518210","78","0","2025","1","N",2,0,0,0,0,0,0,0,"N",0.91,0,0,0,0,0,0,0,"N",1,100.0,0,0,0,0,0,0,0,0,0,0,0,0,0,0
"19075","5","518210","78","0","2025","1","N",2,0,0,0,0,0,0,0,"N",1.11,0,0,0,0,0,0,0,"N",0,0.0,0,0,0,0,0,0,0,0,0,0,0,0,0,0
"19085","5","518210","78","0","2025","1","",4,2,4,4,67561,67561,171,1559,"",1.80,0.16,0.32,0.32,0.16,0.31,0.11,0.59,"N",1,33.3,0,0,0,0,0,0,0,0,0,0,0,0,0,0
"19087","5","518210","78","0","2025","1","",4,6,5,5,63607,63607,452,917,"",1.36,0.23,0.20,0.20,0.07,0.13,0.12,0.33,"",1,33.3,2,50.0,1,25.0,0,0.0,25821,68.3,25821,68.3,105,30.3,246,36.7
"19089","5","518210","78","0","2025","1","N",1,0,0,0,0,0,0,0,"N",0.63,0,0,0,0,0,0,0,"N",0,0.0,0,0,0,0,0,0,0,0,0,0,0,0,0,0
"19095","5","518210","78","0","2025","1","N",2,0,0,0,0,0,0,0,"N",0.62,0,0,0,0,0,0,0,"N",1,100.0,0,0,0,0,0,0,0,0,0,0,0,0,0,0
"19097","5","518210","78","0","2025","1","-",0,0,0,0,0,0,0,0,"N",0.00,0,0,0,0,0,0,0,"N",0,0.0,0,0,0,0,0,0,0,0,0,0,0,0,0,0
"19099","5","518210","78","0","2025","1","",6,20,18,16,271890,247989,2085,1162,"",1.33,0.62,0.56,0.50,0.26,0.48,0.38,0.46,"N",1,20.0,0,0,0,0,0,0,0,0,0,0,0,0,0,0
"19101","5","518210","78","0","2025","1","N",3,0,0,0,0,0,0,0,"N",0.85,0,0,0,0,0,0,0,"N",0,0.0,0,0,0,0,0,0,0,0,0,0,0,0,0,0
"19103","5","518210","78","0","2025","1","",41,61,61,61,1810984,1577207,13291,2284,"",1.74,0.23,0.23,0.23,0.16,0.44,0.42,0.68,"",-2,-4.7,13,27.1,12,24.5,13,27.1,599785,49.5,479680,43.7,3990,42.9,356,18.5
"19105","5","518210","78","0","2025","1","N",1,0,0,0,0,0,0,0,"N",0.33,0,0,0,0,0,0,0,"N",0,0.0,0,0,0,0,0,0,0,0,0,0,0,0,0,0
"19111","5","518210","78","0","2025","1","N",3,0,0,0,0,0,0,0,"N",0.62,0,0,0,0,0,0,0,"N",2,200.0,0,0,0,0,0,0,0,0,0,0,0,0,0,0
"19113","3","518210","78","0","2025","1","N",1,0,0,0,0,0,0,0,"N",16.13,0,0,0,0,0,0,0,"N",0,0.0,0,0,0,0,0,0,0,0,0,0,0,0,0,0
"19113","5","518210","78","0","2025","1","",40,536,544,542,23132194,13775385,249416,3291,"",1.12,1.37,1.39,1.39,1.21,1.46,2.38,0.87,"",-4,-9.1,-52,-8.8,-42,-7.2,-55,-9.2,2626839,12.8,-584827,-4.1,-2503,-1.0,619,23.2
"19115","5","518210","78","0","2025","1","N",1,0,0,0,0,0,0,0,"N",0.77,0,0,0,0,0,0,0,"N",0,0.0,0,0,0,0,0,0,0,0,0,0,0,0,0,0
"19121","5","518210","78","0","2025","1","N",3,0,0,0,0,0,0,0,"N",1.15,0,0,0,0,0,0,0,"N",1,50.0,0,0,0,0,0,0,0,0,0,0,0,0,0,0
"19123","5","518210","78","0","2025","1","N",1,0,0,0,0,0,0,0,"N",0.35,0,0,0,0,0,0,0,"N",0,0.0,0,0,0,0,0,0,0,0,0,0,0,0,0,0
"19125","5","518210","78","0","2025","1","N",4,0,0,0,0,0,0,0,"N",0.82,0,0,0,0,0,0,0,"N",1,33.3,0,0,0,0,0,0,0,0,0,0,0,0,0,0
"19127","5","518210","78","0","2025","1","",5,11,13,13,379591,257907,2579,2368,"",1.07,0.22,0.26,0.26,0.20,0.26,0.30,0.81,"N",0,0.0,0,0,0,0,0,0,0,0,0,0,0,0,0,0
"19129","5","518210","78","0","2025","1","N",2,0,0,0,0,0,0,0,"N",0.92,0,0,0,0,0,0,0,"N",0,0.0,0,0,0,0,0,0,0,0,0,0,0,0,0,0
"19131","5","518210","78","0","2025","1","N",2,0,0,0,0,0,0,0,"N",1.19,0,0,0,0,0,0,0,"N",1,100.0,0,0,0,0,0,0,0,0,0,0,0,0,0,0
"19139","5","518210","78","0","2025","1","N",2,0,0,0,0,0,0,0,"N",0.35,0,0,0,0,0,0,0,"N",-1,-33.3,0,0,0,0,0,0,0,0,0,0,0,0,0,0
"19153","5","518210","78","0","2025","1","",131,1195,1173,1170,44579835,26363427,247582,2908,"",1.39,1.22,1.21,1.21,0.85,1.09,1.02,0.70,"",-9,-6.4,88,7.9,65,5.9,80,7.3,1351247,3.1,423518,1.6,-6866,-2.7,-110,-3.6
"19155","5","518210","78","0","2025","1","N",14,0,0,0,0,0,0,0,"N",1.11,0,0,0,0,0,0,0,"N",4,40.0,0,0,0,0,0,0,0,0,0,0,0,0,0,0
"19157","5","518210","78","0","2025","1","N",3,0,0,0,0,0,0,0,"N",0.93,0,0,0,0,0,0,0,"N",2,200.0,0,0,0,0,0,0,0,0,0,0,0,0,0,0
"19163","5","518210","78","0","2025","1","",17,30,35,38,1285711,959420,3655,2881,"",0.59,0.10,0.12,0.13,0.11,0.16,0.05,0.92,"",3,21.4,6,25.0,11,45.8,14,58.3,284083,28.4,248467,34.9,-4195,-53.4,-329,-10.2
"19165","5","518210","78","0","2025","1","N",4,0,0,0,0,0,0,0,"N",1.97,0,0,0,0,0,0,0,"N",0,0.0,0,0,0,0,0,0,0,0,0,0,0,0,0,0
"19167","5","518210","78","0","2025","1","N",4,0,0,0,0,0,0,0,"N",0.56,0,0,0,0,0,0,0,"N",0,0.0,0,0,0,0,0,0,0,0,0,0,0,0,0,0
"19169","5","518210","78","0","2025","1","",17,35,35,34,1482199,994549,4348,3289,"",1.22,0.24,0.24,0.23,0.23,0.40,0.23,0.97,"N",-5,-22.7,0,0,0,0,0,0,0,0,0,0,0,0,0,0
"19171","5","518210","78","0","2025","1","N",1,0,0,0,0,0,0,0,"N",0.50,0,0,0,0,0,0,0,"N",0,0.0,0,0,0,0,0,0,0,0,0,0,0,0,0,0
"19175","5","518210","78","0","2025","1","N",2,0,0,0,0,0,0,0,"N",0.94,0,0,0,0,0,0,0,"N",0,0.0,0,0,0,0,0,0,0,0,0,0,0,0,0,0
"19177","5","518210","78","0","2025","1","N",2,0,0,0,0,0,0,0,"N",1.89,0,0,0,0,0,0,0,"N",1,100.0,0,0,0,0,0,0,0,0,0,0,0,0,0,0
"19181","5","518210","78","0","2025","1","",9,9,10,9,524816,315551,936,4325,"",1.38,0.22,0.25,0.22,0.38,0.47,0.11,1.66,"",2,28.6,0,0.0,1,11.1,0,0.0,160873,44.2,25005,8.6,-33,-3.4,1214,39.0
"19183","5","518210","78","0","2025","1","N",1,0,0,0,0,0,0,0,"N",0.25,0,0,0,0,0,0,0,"N",0,0.0,0,0,0,0,0,0,0,0,0,0,0,0,0,0
"19185","5","518210","78","0","2025","1","N",1,0,0,0,0,0,0,0,"N",1.20,0,0,0,0,0,0,0,"N",0,0.0,0,0,0,0,0,0,0,0,0,0,0,0,0,0
"19187","5","518210","78","0","2025","1","N",1,0,0,0,0,0,0,0,"N",0.18,0,0,0,0,0,0,0,"N",0,0.0,0,0,0,0,0,0,0,0,0,0,0,0,0,0
"19189","5","518210","78","0","2025","1","N",1,0,0,0,0,0,0,0,"N",0.57,0,0,0,0,0,0,0,"N",0,0.0,0,0,0,0,0,0,0,0,0,0,0,0,0,0
"19191","5","518210","78","0","2025","1","N",2,0,0,0,0,0,0,0,"N",0.57,0,0,0,0,0,0,0,"N",1,100.0,0,0,0,0,0,0,0,0,0,0,0,0,0,0
"19193","5","518210","78","0","2025","1","N",4,0,0,0,0,0,0,0,"N",0.27,0,0,0,0,0,0,0,"N",-1,-20.0,0,0,0,0,0,0,0,0,0,0,0,0,0,0
"19195","5","518210","78","0","2025","1","N",1,0,0,0,0,0,0,0,"N",0.95,0,0,0,0,0,0,0,"N",0,0.0,0,0,0,0,0,0,0,0,0,0,0,0,0,0
"20000","5","518210","58","0","2025","1","",573,2507,2457,2440,91851546,32791287,292969,2863,"",1.29,0.56,0.55,0.55,0.48,0.42,0.64,0.87,"",-31,-5.1,-218,-8.0,-224,-8.4,-268,-9.9,1097319,1.2,-3282188,-9.1,-333578,-53.2,282,10.9
"20001","5","518210","78","0","2025","1","N",1,0,0,0,0,0,0,0,"N",0.55,0,0,0,0,0,0,0,"N",-1,-50.0,0,0,0,0,0,0,0,0,0,0,0,0,0,0
"20005","5","518210","78","0","2025","1","N",5,0,0,0,0,0,0,0,"N",2.64,0,0,0,0,0,0,0,"N",1,25.0,0,0,0,0,0,0,0,0,0,0,0,0,0,0
"20009","5","518210","78","0","2025","1","N",1,0,0,0,0,0,0,0,"N",0.25,0,0,0,0,0,0,0,"N",0,0.0,0,0,0,0,0,0,0,0,0,0,0,0,0,0
"20015","5","518210","78","0","2025","1","N",10,0,0,0,0,0,0,0,"N",1.35,0,0,0,0,0,0,0,"N",-2,-16.7,0,0,0,0,0,0,0,0,0,0,0,0,0,0
"20021","5","518210","78","0","2025","1","N",1,0,0,0,0,0,0,0,"N",0.52,0,0,0,0,0,0,0,"N",0,0.0,0,0,0,0,0,0,0,0,0,0,0,0,0,0
"20031","5","518210","78","0","2025","1","N",2,0,0,0,0,0,0,0,"N",1.75,0,0,0,0,0,0,0,"N",0,0.0,0,0,0,0,0,0,0,0,0,0,0,0,0,0
"20035","5","518210","78","0","2025","1","N",2,0,0,0,0,0,0,0,"N",0.57,0,0,0,0,0,0,0,"N",0,0.0,0,0,0,0,0,0,0,0,0,0,0,0,0,0
"20043","5","518210","78","0","2025","1","N",2,0,0,0,0,0,0,0,"N",1.91,0,0,0,0,0,0,0,"N",0,0.0,0,0,0,0,0,0,0,0,0,0,0,0,0,0
"20045","5","518210","78","0","2025","1","",35,164,149,147,3796544,1725151,20315,1905,"",2.16,1.05,0.94,0.93,0.65,0.73,1.61,0.67,"",1,2.9,34,26.2,22,17.3,18,14.0,125013,3.4,237155,15.9,-6810,-25.1,-290,-13.2
"20055","5","518210","78","0","2025","1","-",0,0,0,0,0,0,0,0,"N",0.00,0,0,0,0,0,0,0,"N",0,0.0,0,0,0,0,0,0,0,0,0,0,0,0,0,0
"20057","5","518210","78","0","2025","1","N",1,0,0,0,0,0,0,0,"N",0.26,0,0,0,0,0,0,0,"N",0,0.0,0,0,0,0,0,0,0,0,0,0,0,0,0,0
"20059","5","518210","78","0","2025","1","",4,4,4,3,164009,51142,768,3441,"",1.27,0.13,0.13,0.10,0.15,0.09,0.31,1.28,"N",2,100.0,0,0,0,0,0,0,0,0,0,0,0,0,0,0
"20061","5","518210","78","0","2025","1","",5,7,7,7,141946,94500,1071,1560,"",1.50,0.18,0.18,0.18,0.11,0.18,0.42,0.59,"",-1,-16.7,4,133.3,4,133.3,2,40.0,79533,127.4,52080,122.8,240,28.9,251,19.2
"20079","5","518210","78","0","2025","1","",5,5,5,5,177210,70000,730,2726,"",1.33,0.11,0.11,0.11,0.13,0.12,0.13,1.15,"N",0,0.0,0,0,0,0,0,0,0,0,0,0,0,0,0,0
"20085","5","518210","78","0","2025","1","N",1,0,0,0,0,0,0,0,"N",0.67,0,0,0,0,0,0,0,"N",1,100.0,0,0,0,0,0,0,0,0,0,0,0,0,0,0
"20087","5","518210","78","0","2025","1","N",2,0,0,0,0,0,0,0,"N",1.04,0,0,0,0,0,0,0,"N",0,0.0,0,0,0,0,0,0,0,0,0,0,0,0,0,0
"20091","5","518210","78","0","2025","1","",297,1502,1468,1466,63253011,20497790,175302,3291,"",2.29,1.31,1.28,1.28,1.00,0.90,1.18,0.77,"",-42,-12.4,-231,-13.3,-235,-13.8,-250,-14.6,-677268,-1.1,-3374091,-14.1,-256979,-59.4,427,14.9
"20095","5","518210","78","0","2025","1","N",1,0,0,0,0,0,0,0,"N",0.93,0,0,0,0,0,0,0,"N",0,0.0,0,0,0,0,0,0,0,0,0,0,0,0,0,0
"20103","5","518210","78","0","2025","1","",12,32,31,31,664331,432268,3201,1631,"",1.59,0.47,0.46,0.46,0.25,0.47,0.49,0.53,"",1,9.1,2,6.7,2,6.9,2,6.9,120790,22.2,28843,7.1,-3642,-53.2,206,14.5
"20107","5","518210","78","0","2025","1","N",1,0,0,0,0,0,0,0,"N",0.83,0,0,0,0,0,0,0,"N",0,0.0,0,0,0,0,0,0,0,0,0,0,0,0,0,0
"20111","5","518210","78","0","2025","1","N",1,0,0,0,0,0,0,0,"N",0.25,0,0,0,0,0,0,0,"N",0,0.0,0,0,0,0,0,0,0,0,0,0,0,0,0,0
"20113","5","518210","78","0","2025","1","N",3,0,0,0,0,0,0,0,"N",0.69,0,0,0,0,0,0,0,"N",0,0.0,0,0,0,0,0,0,0,0,0,0,0,0,0,0
"20115","5","518210","78","0","2025","1","N",1,0,0,0,0,0,0,0,"N",0.64,0,0,0,0,0,0,0,"N",1,100.0,0,0,0,0,0,0,0,0,0,0,0,0,0,0
"20117","5","518210","78","0","2025","1","N",1,0,0,0,0,0,0,0,"N",0.55,0,0,0,0,0,0,0,"N",0,0.0,0,0,0,0,0,0,0,0,0,0,0,0,0,0
"20121","5","518210","78","0","2025","1","N",2,0,0,0,0,0,0,0,"N",0.47,0,0,0,0,0,0,0,"N",-2,-50.0,0,0,0,0,0,0,0,0,0,0,0,0,0,0
"20125","5","518210","78","0","2025","1","N",1,0,0,0,0,0,0,0,"N",0.11,0,0,0,0,0,0,0,"N",-1,-50.0,0,0,0,0,0,0,0,0,0,0,0,0,0,0
"20133","5","518210","78","0","2025","1","N",1,0,0,0,0,0,0,0,"N",0.45,0,0,0,0,0,0,0,"N",0,0.0,0,0,0,0,0,0,0,0,0,0,0,0,0,0
"20139","5","518210","78","0","2025","1","N",2,0,0,0,0,0,0,0,"N",1.22,0,0,0,0,0,0,0,"N",0,0.0,0,0,0,0,0,0,0,0,0,0,0,0,0,0
"20147","5","518210","78","0","2025","1","N",1,0,0,0,0,0,0,0,"N",0.98,0,0,0,0,0,0,0,"N",1,100.0,0,0,0,0,0,0,0,0,0,0,0,0,0,0
"20149","5","518210","78","0","2025","1","",4,8,8,8,308277,110361,1675,2964,"",1.20,0.26,0.25,0.26,0.29,0.23,0.73,1.13,"N",2,100.0,0,0,0,0,0,0,0,0,0,0,0,0,0,0
"20151","5","518210","78","0","2025","1","N",1,0,0,0,0,0,0,0,"N",0.56,0,0,0,0,0,0,0,"N",0,0.0,0,0,0,0,0,0,0,0,0,0,0,0,0,0
"20155","5","518210","78","0","2025","1","N",7,0,0,0,0,0,0,0,"N",0.93,0,0,0,0,0,0,0,"N",-1,-12.5,0,0,0,0,0,0,0,0,0,0,0,0,0,0
"20161","5","518210","78","0","2025","1","",13,11,10,10,381525,151030,2273,2840,"",1.47,0.12,0.11,0.10,0.11,0.13,0.42,1.03,"",-1,-7.1,-3,-21.4,-6,-37.5,-6,-37.5,-40966,-9.7,-60184,-28.5,-3246,-58.8,720,34.0
"20169","5","518210","78","0","2025","1","N",2,0,0,0,0,0,0,0,"N",0.28,0,0,0,0,0,0,0,"N",0,0.0,0,0,0,0,0,0,0,0,0,0,0,0,0,0
"20173","5","518210","78","0","2025","1","",82,204,205,208,6223124,2447168,27568,2328,"",1.29,0.25,0.25,0.25,0.18,0.17,0.35,0.71,"",2,2.5,-4,-1.9,3,1.5,7,3.5,907134,17.1,93076,4.0,-19797,-41.8,320,15.9
"20175","5","518210","78","0","2025","1","N",1,0,0,0,0,0,0,0,"N",0.38,0,0,0,0,0,0,0,"N",1,100.0,0,0,0,0,0,0,0,0,0,0,0,0,0,0
"20177","5","518210","78","0","2025","1","",47,152,150,146,5331970,2065224,34482,2747,"",1.64,0.48,0.47,0.46,0.39,0.47,1.15,0.83,"N",23,95.8,0,0,0,0,0,0,0,0,0,0,0,0,0,0
"20181","5","518210","78","0","2025","1","-",0,0,0,0,0,0,0,0,"N",0.00,0,0,0,0,0,0,0,"N",0,0,0,0,0,0,0,0,0,0,0,0,0,0,0,0
"20187","5","518210","78","0","2025","1","N",1,0,0,0,0,0,0,0,"N",2.39,0,0,0,0,0,0,0,"N",0,0.0,0,0,0,0,0,0,0,0,0,0,0,0,0,0
"20191","5","518210","78","0","2025","1","N",2,0,0,0,0,0,0,0,"N",0.73,0,0,0,0,0,0,0,"N",0,0.0,0,0,0,0,0,0,0,0,0,0,0,0,0,0
"20197","5","518210","78","0","2025","1","N",1,0,0,0,0,0,0,0,"N",1.18,0,0,0,0,0,0,0,"N",1,100.0,0,0,0,0,0,0,0,0,0,0,0,0,0,0
"20201","5","518210","78","0","2025","1","N",1,0,0,0,0,0,0,0,"N",0.78,0,0,0,0,0,0,0,"N",0,0.0,0,0,0,0,0,0,0,0,0,0,0,0,0,0
"20209","5","518210","78","0","2025","1","",8,29,29,28,1200585,381999,8222,3222,"",0.44,0.10,0.10,0.10,0.09,0.06,0.15,0.91,"",-6,-42.9,-78,-72.9,-76,-72.4,-81,-74.3,-2612985,-68.5,-1106489,-74.3,-5904,-41.8,480,17.5
"20999","5","518210","78","0","2025","1","N",2,0,0,0,0,0,0,0,"N",0.52,0,0,0,0,0,0,0,"N",-1,-33.3,0,0,0,0,0,0,0,0,0,0,0,0,0,0
"21000","3","518210","58","0","2025","1","N",1,0,0,0,0,0,0,0,"N",0.78,0,0,0,0,0,0,0,"N",0,0.0,0,0,0,0,0,0,0,0,0,0,0,0,0,0
"21000","5","518210","58","0","2025","1","",630,3698,3681,3677,110986153,40696691,760181,2317,"",0.85,0.60,0.59,0.59,0.43,0.49,0.49,0.72,"",53,9.2,-318,-7.9,-271,-6.9,-278,-7.0,10177883,10.1,-1179202,-2.8,19963,2.7,366,18.8
"21003","5","518210","78","0","2025","1","N",1,0,0,0,0,0,0,0,"N",0.50,0,0,0,0,0,0,0,"N",1,100.0,0,0,0,0,0,0,0,0,0,0,0,0,0,0
"21005","5","518210","78","0","2025","1","N",1,0,0,0,0,0,0,0,"N",0.37,0,0,0,0,0,0,0,"N",0,0.0,0,0,0,0,0,0,0,0,0,0,0,0,0,0
"21007","5","518210","78","0","2025","1","N",2,0,0,0,0,0,0,0,"N",1.99,0,0,0,0,0,0,0,"N",0,0.0,0,0,0,0,0,0,0,0,0,0,0,0,0,0
"21009","5","518210","78","0","2025","1","N",3,0,0,0,0,0,0,0,"N",0.49,0,0,0,0,0,0,0,"N",0,0.0,0,0,0,0,0,0,0,0,0,0,0,0,0,0
"21015","5","518210","78","0","2025","1","",46,175,177,191,2906211,1627201,20718,1235,"",1.56,0.54,0.55,0.59,0.23,0.32,0.25,0.40,"",8,21.1,18,11.5,26,17.2,36,23.2,39229,1.4,46987,3.0,2774,15.5,-194,-13.6
"21017","5","518210","78","0","2025","1","N",3,0,0,0,0,0,0,0,"N",1.03,0,0,0,0,0,0,0,"N",1,50.0,0,0,0,0,0,0,0,0,0,0,0,0,0,0
"21019","5","518210","78","0","2025","1","N",8,0,0,0,0,0,0,0,"N",0.97,0,0,0,0,0,0,0,"N",1,14.3,0,0,0,0,0,0,0,0,0,0,0,0,0,0
"21021","5","518210","78","0","2025","1","N",2,0,0,0,0,0,0,0,"N",0.40,0,0,0,0,0,0,0,"N",0,0.0,0,0,0,0,0,0,0,0,0,0,0,0,0,0
"21029","5","518210","78","0","2025","1","",7,4,4,4,149391,46800,947,2873,"",0.83,0.04,0.04,0.04,0.04,0.03,0.04,1.04,"",2,40.0,0,0.0,1,33.3,1,33.3,9258,6.6,1200,2.6,-56,-5.6,-361,-11.2
"21031","5","518210","78","0","2025","1","N",1,0,0,0,0,0,0,0,"N",0.70,0,0,0,0,0,0,0,"N",0,0.0,0,0,0,0,0,0,0,0,0,0,0,0,0,0
"21035","5","518210","78","0","2025","1","",6,5,6,6,154386,43495,690,2096,"",0.97,0.10,0.12,0.12,0.10,0.08,0.08,0.88,"N",0,0.0,0,0,0,0,0,0,0,0,0,0,0,0,0,0
"21037","5","518210","78","0","2025","1","",24,32,30,30,1402640,369123,12856,3518,"",1.47,0.32,0.30,0.30,0.37,0.31,0.58,1.20,"",5,26.3,4,14.3,2,7.1,4,15.4,440929,45.8,50189,15.7,2078,19.3,811,30.0
"21043","5","518210","78","0","2025","1","N",1,0,0,0,0,0,0,0,"N",0.33,0,0,0,0,0,0,0,"N",0,0.0,0,0,0,0,0,0,0,0,0,0,0,0,0,0
"21045","5","518210","78","0","2025","1","N",1,0,0,0,0,0,0,0,"N",0.58,0,0,0,0,0,0,0,"N",0,0.0,0,0,0,0,0,0,0,0,0,0,0,0,0,0
"21047","5","518210","78","0","2025","1","",8,14,13,13,476179,147562,4754,2747,"",0.79,0.14,0.13,0.13,0.13,0.11,0.20,0.96,"",0,0.0,0,0.0,-1,-7.1,-2,-13.3,36568,8.3,-23786,-13.9,294,6.6,388,16.4
"21049","5","518210","78","0","2025","1","N",2,0,0,0,0,0,0,0,"N",0.40,0,0,0,0,0,0,0,"N",0,0.0,0,0,0,0,0,0,0,0,0,0,0,0,0,0
"21055","5","518210","78","0","2025","1","-",0,0,0,0,0,0,0,0,"N",0.00,0,0,0,0,0,0,0,"N",0,0,0,0,0,0,0,0,0,0,0,0,0,0,0,0
"21059","5","518210","78","0","2025","1","N",3,0,0,0,0,0,0,0,"N",0.18,0,0,0,0,0,0,0,"N",0,0.0,0,0,0,0,0,0,0,0,0,0,0,0,0,0
"21065","5","518210","78","0","2025","1","N",1,0,0,0,0,0,0,0,"N",0.83,0,0,0,0,0,0,0,"N",0,0.0,0,0,0,0,0,0,0,0,0,0,0,0,0,0
"21067","5","518210","78","0","2025","1","",91,437,435,429,16102132,5003127,89174,2856,"",1.29,0.69,0.68,0.67,0.56,0.65,0.65,0.83,"",10,12.3,-66,-13.1,-18,-4.0,-26,-5.7,-1225471,-7.1,-387843,-7.2,3132,3.6,22,0.8
"21071","5","518210","78","0","2025","1","N",1,0,0,0,0,0,0,0,"N",0.18,0,0,0,0,0,0,0,"N",0,0.0,0,0,0,0,0,0,0,0,0,0,0,0,0,0
"21073","3","518210","78","0","2025","1","N",1,0,0,0,0,0,0,0,"N",45.19,0,0,0,0,0,0,0,"N",0,0.0,0,0,0,0,0,0,0,0,0,0,0,0,0,0
"21073","5","518210","78","0","2025","1","",20,94,93,94,3217964,1017900,17934,2643,"",1.56,0.86,0.85,0.85,0.72,0.90,0.83,0.84,"",-1,-4.8,21,28.8,18,24.0,19,25.3,311254,10.7,230891,29.3,9312,108.0,-365,-12.1
"21079","5","518210","78","0","2025","1","N",2,0,0,0,0,0,0,0,"N",0.97,0,0,0,0,0,0,0,"N",0,0.0,0,0,0,0,0,0,0,0,0,0,0,0,0,0
"21081","5","518210","78","0","2025","1","N",2,0,0,0,0,0,0,0,"N",0.68,0,0,0,0,0,0,0,"N",0,0.0,0,0,0,0,0,0,0,0,0,0,0,0,0,0
"21085","5","518210","78","0","2025","1","N",1,0,0,0,0,0,0,0,"N",0.31,0,0,0,0,0,0,0,"N",0,0.0,0,0,0,0,0,0,0,0,0,0,0,0,0,0
"21087","5","518210","78","0","2025","1","-",0,0,0,0,0,0,0,0,"N",0.00,0,0,0,0,0,0,0,"N",0,0,0,0,0,0,0,0,0,0,0,0,0,0,0,0
"21089","5","518210","78","0","2025","1","N",2,0,0,0,0,0,0,0,"N",0.53,0,0,0,0,0,0,0,"N",1,100.0,0,0,0,0,0,0,0,0,0,0,0,0,0,0
"21093","5","518210","78","0","2025","1","",19,37,40,39,876416,474538,12575,1744,"",1.09,0.24,0.26,0.26,0.16,0.24,0.34,0.62,"",2,11.8,-8,-17.8,-2,-4.8,-3,-7.1,-85012,-8.8,-42582,-8.2,4987,65.7,24,1.4
"21095","5","518210","78","0","2025","1","N",1,0,0,0,0,0,0,0,"N",0.41,0,0,0,0,0,0,0,"N",0,0.0,0,0,0,0,0,0,0,0,0,0,0,0,0,0
"21099","5","518210","78","0","2025","1","N",2,0,0,0,0,0,0,0,"N",1.05,0,0,0,0,0,0,0,"N",1,100.0,0,0,0,0,0,0,0,0,0,0,0,0,0,0
"21101","5","518210","78","0","2025","1","N",2,0,0,0,0,0,0,0,"N",0.30,0,0,0,0,0,0,0,"N",-1,-33.3,0,0,0,0,0,0,0,0,0,0,0,0,0,0
"21103","5","518210","78","0","2025","1","N",1,0,0,0,0,0,0,0,"N",0.52,0,0,0,0,0,0,0,"N",-1,-50.0,0,0,0,0,0,0,0,0,0,0,0,0,0,0
"21107","5","518210","78","0","2025","1","N",3,0,0,0,0,0,0,0,"N",0.53,0,0,0,0,0,0,0,"N",1,50.0,0,0,0,0,0,0,0,0,0,0,0,0,0,0
"21109","5","518210","78","0","2025","1","N",5,0,0,0,0,0,0,0,"N",5.21,0,0,0,0,0,0,0,"N",1,25.0,0,0,0,0,0,0,0,0,0,0,0,0,0,0
"21111","5","518210","78","0","2025","1","",178,1190,1183,1182,52560937,13560011,263973,3412,"",1.13,0.80,0.79,0.79,0.69,0.62,0.58,0.86,"",9,5.3,4,0.3,2,0.2,7,0.6,10341443,24.5,65374,0.5,-3893,-1.5,661,24.0
"21113","5","518210","78","0","2025","1","",5,4,4,4,94634,41993,1409,1820,"",0.53,0.07,0.07,0.07,0.04,0.05,0.10,0.65,"N",-1,-16.7,0,0,0,0,0,0,0,0,0,0,0,0,0,0
"21117","5","518210","78","0","2025","1","",39,35,37,35,1069475,394919,10555,2307,"",1.38,0.15,0.16,0.15,0.09,0.13,0.20,0.62,"",3,8.3,-2,-5.4,0,0.0,-1,-2.8,47959,4.7,-14430,-3.5,1724,19.5,164,7.7
"21125","5","518210","78","0","2025","1","",7,321,320,315,3834794,3334621,64861,926,"",0.84,3.90,3.92,3.89,1.45,2.91,3.77,0.37,"",1,16.7,-91,-22.1,-93,-22.5,-100,-24.1,-471624,-11.0,-378151,-10.2,-5376,-7.7,125,15.6
"21133","5","518210","78","0","2025","1","N",1,0,0,0,0,0,0,0,"N",0.44,0,0,0,0,0,0,0,"N",0,0.0,0,0,0,0,0,0,0,0,0,0,0,0,0,0
"21137","5","518210","78","0","2025","1","N",2,0,0,0,0,0,0,0,"N",0.83,0,0,0,0,0,0,0,"N",0,0.0,0,0,0,0,0,0,0,0,0,0,0,0,0,0
"21139","5","518210","78","0","2025","1","N",1,0,0,0,0,0,0,0,"N",0.83,0,0,0,0,0,0,0,"N",1,100.0,0,0,0,0,0,0,0,0,0,0,0,0,0,0
"21141","5","518210","78","0","2025","1","N",2,0,0,0,0,0,0,0,"N",0.54,0,0,0,0,0,0,0,"N",0,0.0,0,0,0,0,0,0,0,0,0,0,0,0,0,0
"21145","5","518210","78","0","2025","1","N",6,0,0,0,0,0,0,0,"N",0.45,0,0,0,0,0,0,0,"N",-1,-14.3,0,0,0,0,0,0,0,0,0,0,0,0,0,0
"21147","5","518210","78","0","2025","1","N",1,0,0,0,0,0,0,0,"N",0.73,0,0,0,0,0,0,0,"N",1,100.0,0,0,0,0,0,0,0,0,0,0,0,0,0,0
"21149","5","518210","78","0","2025","1","N",1,0,0,0,0,0,0,0,"N",0.87,0,0,0,0,0,0,0,"N",0,0.0,0,0,0,0,0,0,0,0,0,0,0,0,0,0
"21151","5","518210","78","0","2025","1","",14,25,26,26,825568,358341,5697,2474,"",0.95,0.22,0.23,0.22,0.20,0.26,0.22,0.91,"",0,0.0,-6,-19.4,-5,-16.1,-4,-13.3,-91890,-10.0,-26375,-6.9,-574,-9.2,173,7.5
"21155","5","518210","78","0","2025","1","N",1,0,0,0,0,0,0,0,"N",0.40,0,0,0,0,0,0,0,"N",1,100.0,0,0,0,0,0,0,0,0,0,0,0,0,0,0
"21157","5","518210","78","0","2025","1","N",1,0,0,0,0,0,0,0,"N",0.21,0,0,0,0,0,0,0,"N",0,0.0,0,0,0,0,0,0,0,0,0,0,0,0,0,0
"21161","5","518210","78","0","2025","1","-",0,0,0,0,0,0,0,0,"N",0.00,0,0,0,0,0,0,0,"N",0,0,0,0,0,0,0,0,0,0,0,0,0,0,0,0
"21167","5","518210","78","0","2025","1","N",3,0,0,0,0,0,0,0,"N",1.10,0,0,0,0,0,0,0,"N",0,0.0,0,0,0,0,0,0,0,0,0,0,0,0,0,0
"21171","5","518210","78","0","2025","1","N",1,0,0,0,0,0,0,0,"N",0.70,0,0,0,0,0,0,0,"N",0,0.0,0,0,0,0,0,0,0,0,0,0,0,0,0,0
"21179","5","518210","78","0","2025","1","N",2,0,0,0,0,0,0,0,"N",0.28,0,0,0,0,0,0,0,"N",0,0.0,0,0,0,0,0,0,0,0,0,0,0,0,0,0
"21185","5","518210","78","0","2025","1","",15,14,14,13,700858,154886,3070,3945,"",1.28,0.27,0.27,0.25,0.31,0.23,0.26,1.20,"",3,25.0,-1,-6.7,-1,-6.7,-2,-13.3,-82057,-10.5,-15814,-9.3,-875,-22.2,-70,-1.7
"21189","5","518210","78","0","2025","1","N",1,0,0,0,0,0,0,0,"N",2.39,0,0,0,0,0,0,0,"N",0,0.0,0,0,0,0,0,0,0,0,0,0,0,0,0,0
"21191","5","518210","78","0","2025","1","N",1,0,0,0,0,0,0,0,"N",0.74,0,0,0,0,0,0,0,"N",0,0.0,0,0,0,0,0,0,0,0,0,0,0,0,0,0
"21193","5","518210","78","0","2025","1","N",1,0,0,0,0,0,0,0,"N",0.23,0,0,0,0,0,0,0,"N",1,100.0,0,0,0,0,0,0,0,0,0,0,0,0,0,0
"21195","5","518210","78","0","2025","1","N",4,0,0,0,0,0,0,0,"N",0.53,0,0,0,0,0,0,0,"N",0,0.0,0,0,0,0,0,0,0,0,0,0,0,0,0,0
"21197","5","518210","78","0","2025","1","N",3,0,0,0,0,0,0,0,"N",2.12,0,0,0,0,0,0,0,"N",1,50.0,0,0,0,0,0,0,0,0,0,0,0,0,0,0
"21199","5","518210","78","0","2025","1","N",1,0,0,0,0,0,0,0,"N",0.10,0,0,0,0,0,0,0,"N",-1,-50.0,0,0,0,0,0,0,0,0,0,0,0,0,0,0
"21201","5","518210","78","0","2025","1","N",1,0,0,0,0,0,0,0,"N",3.69,0,0,0,0,0,0,0,"N",1,100.0,0,0,0,0,0,0,0,0,0,0,0,0,0,0
"21203","5","518210","78","0","2025","1","N",1,0,0,0,0,0,0,0,"N",0.75,0,0,0,0,0,0,0,"N",0,0.0,0,0,0,0,0,0,0,0,0,0,0,0,0,0
"21205","5","518210","78","0","2025","1","N",2,0,0,0,0,0,0,0,"N",0.53,0,0,0,0,0,0,0,"N",0,0.0,0,0,0,0,0,0,0,0,0,0,0,0,0,0
"21207","5","518210","78","0","2025","1","N",1,0,0,0,0,0,0,0,"N",0.39,0,0,0,0,0,0,0,"N",1,100.0,0,0,0,0,0,0,0,0,0,0,0,0,0,0
"21209","5","518210","78","0","2025","1","",11,11,9,9,823484,117000,2311,6553,"",1.29,0.11,0.09,0.09,0.18,0.07,0.08,1.80,"",1,10.0,-6,-35.3,-8,-47.1,-8,-47.1,-88448,-9.7,-89216,-43.3,-2257,-49.4,2427,58.8
"21211","5","518210","78","0","2025","1","",7,30,28,28,341265,249148,6068,916,"",0.94,0.58,0.54,0.54,0.17,0.34,0.42,0.31,"",1,16.7,18,150.0,13,86.7,13,86.7,177515,108.4,136799,121.8,3341,122.5,16,1.8
"21213","5","518210","78","0","2025","1","N",4,0,0,0,0,0,0,0,"N",1.20,0,0,0,0,0,0,0,"N",1,33.3,0,0,0,0,0,0,0,0,0,0,0,0,0,0
"21217","5","518210","78","0","2025","1","N",1,0,0,0,0,0,0,0,"N",0.24,0,0,0,0,0,0,0,"N",0,0.0,0,0,0,0,0,0,0,0,0,0,0,0,0,0
"21227","5","518210","78","0","2025","1","",16,16,16,16,574806,186900,4485,2763,"",0.64,0.07,0.07,0.07,0.07,0.06,0.08,0.92,"N",1,6.7,0,0,0,0,0,0,0,0,0,0,0,0,0,0
"21231","5","518210","78","0","2025","1","N",2,0,0,0,0,0,0,0,"N",0.94,0,0,0,0,0,0,0,"N",0,0.0,0,0,0,0,0,0,0,0,0,0,0,0,0,0
"21233","5","518210","78","0","2025","1","N",1,0,0,0,0,0,0,0,"N",0.75,0,0,0,0,0,0,0,"N",0,0.0,0,0,0,0,0,0,0,0,0,0,0,0,0,0
"21235","5","518210","78","0","2025","1","N",1,0,0,0,0,0,0,0,"N",0.20,0,0,0,0,0,0,0,"N",-1,-50.0,0,0,0,0,0,0,0,0,0,0,0,0,0,0
"21237","5","518210","78","0","2025","1","-",0,0,0,0,0,0,0,0,"N",0.00,0,0,0,0,0,0,0,"N",0,0,0,0,0,0,0,0,0,0,0,0,0,0,0,0
"21239","5","518210","78","0","2025","1","",5,1,3,3,82167,35100,640,2709,"",0.98,0.03,0.09,0.09,0.07,0.08,0.08,0.99,"N",2,66.7,0,0,0,0,0,0,0,0,0,0,0,0,0,0
"21999","5","518210","78","0","2025","1","",14,173,169,167,4704871,2091629,31491,2133,"",0.67,1.43,1.39,1.38,0.57,0.89,0.62,0.41,"",-1,-6.7,-2,-1.1,-9,-5.1,-10,-5.6,-277084,-5.6,-9204,-0.4,11273,55.8,-36,-1.7
"22000","5","518210","58","0","2025","1","",576,3285,3239,3183,72459410,24292939,311813,1723,"",0.80,0.54,0.53,0.53,0.28,0.41,0.36,0.53,"",8,1.4,-142,-4.1,-165,-4.8,-184,-5.5,1789620,2.5,-830975,-3.3,-1845,-0.6,124,7.8
"22001","5","518210","78","0","2025","1","N",2,0,0,0,0,0,0,0,"N",0.30,0,0,0,0,0,0,0,"N",0,0.0,0,0,0,0,0,0,0,0,0,0,0,0,0,0
"22003","5","518210","78","0","2025","1","N",1,0,0,0,0,0,0,0,"N",0.50,0,0,0,0,0,0,0,"N",0,0.0,0,0,0,0,0,0,0,0,0,0,0,0,0,0
"22005","5","518210","78","0","2025","1","N",6,0,0,0,0,0,0,0,"N",0.33,0,0,0,0,0,0,0,"N",-4,-40.0,0,0,0,0,0,0,0,0,0,0,0,0,0,0
"22009","5","518210","78","0","2025","1","N",1,0,0,0,0,0,0,0,"N",0.23,0,0,0,0,0,0,0,"N",1,100.0,0,0,0,0,0,0,0,0,0,0,0,0,0,0
"22011","5","518210","78","0","2025","1","N",2,0,0,0,0,0,0,0,"N",0.50,0,0,0,0,0,0,0,"N",1,100.0,0,0,0,0,0,0,0,0,0,0,0,0,0,0
"22013","5","518210","78","0","2025","1","N",1,0,0,0,0,0,0,0,"N",0.69,0,0,0,0,0,0,0,"N",0,0.0,0,0,0,0,0,0,0,0,0,0,0,0,0,0
"22015","5","518210","78","0","2025","1","",22,58,62,69,1201122,500388,4748,1467,"",1.29,0.41,0.44,0.49,0.24,0.38,0.25,0.54,"",6,37.5,3,5.5,10,19.2,16,30.2,258743,27.5,101262,25.4,2188,85.5,108,7.9
"22017","5","518210","78","0","2025","1","",19,210,207,200,3687837,1638062,22193,1379,"",0.52,0.61,0.60,0.58,0.27,0.53,0.53,0.46,"",-3,-13.6,8,4.0,3,1.5,-5,-2.4,345217,10.3,96489,6.3,2770,14.3,117,9.3
"22019","5","518210","78","0","2025","1","",15,31,29,28,602543,216663,2901,1580,"",0.53,0.11,0.10,0.10,0.05,0.08,0.08,0.49,"",1,7.1,6,24.0,3,11.5,-1,-3.4,174432,40.7,27051,14.3,617,27.0,345,27.9
"22023","5","518210","78","0","2025","1","N",1,0,0,0,0,0,0,0,"N",1.38,0,0,0,0,0,0,0,"N",0,0.0,0,0,0,0,0,0,0,0,0,0,0,0,0,0
"22033","5","518210","78","0","2025","1","",107,871,883,859,23168741,6579683,82784,2046,"",1.21,1.02,1.03,1.02,0.59,0.81,0.63,0.58,"",3,2.9,-66,-7.0,-59,-6.3,-97,-10.1,-133639,-0.6,-598457,-8.3,-68,-0.1,149,7.9
"22037","5","518210","78","0","2025","1","N",1,0,0,0,0,0,0,0,"N",0.55,0,0,0,0,0,0,0,"N",0,0.0,0,0,0,0,0,0,0,0,0,0,0,0,0,0
"22039","5","518210","78","0","2025","1","N",1,0,0,0,0,0,0,0,"N",0.34,0,0,0,0,0,0,0,"N",0,0.0,0,0,0,0,0,0,0,0,0,0,0,0,0,0
"22051","5","518210","78","0","2025","1","",60,650,605,577,8172878,4065670,62323,1030,"",0.82,1.11,1.03,1.00,0.32,0.68,0.79,0.31,"",-1,-1.6,-6,-0.9,-31,-4.9,-37,-6.0,-315012,-3.7,-164893,-3.9,-6167,-9.0,2,0.2
"22055","5","518210","78","0","2025","1","",51,216,213,213,3984314,1838481,10644,1432,"",0.92,0.50,0.49,0.49,0.23,0.41,0.17,0.47,"",6,13.3,-24,-10.0,-23,-9.7,-24,-10.1,142239,3.7,47142,2.6,98,0.9,188,15.1
"22057","5","518210","78","0","2025","1","",6,31,32,30,607916,236982,4249,1508,"",0.59,0.28,0.28,0.27,0.13,0.22,0.33,0.46,"N",0,0.0,0,0,0,0,0,0,0,0,0,0,0,0,0,0
"22059","5","518210","78","0","2025","1","N",1,0,0,0,0,0,0,0,"N",0.46,0,0,0,0,0,0,0,"N",0,0.0,0,0,0,0,0,0,0,0,0,0,0,0,0,0
"22061","5","518210","78","0","2025","1","N",5,0,0,0,0,0,0,0,"N",0.72,0,0,0,0,0,0,0,"N",0,0.0,0,0,0,0,0,0,0,0,0,0,0,0,0,0
"22063","5","518210","78","0","2025","1","",10,25,26,26,530829,189783,2992,1591,"",0.68,0.26,0.27,0.27,0.18,0.21,0.24,0.68,"",-2,-16.7,0,0.0,0,0.0,-1,-3.7,27350,5.4,-17410,-8.4,-461,-13.4,101,6.8
"22065","5","518210","78","0","2025","1","-",0,0,0,0,0,0,0,0,"N",0.00,0,0,0,0,0,0,0,"N",0,0,0,0,0,0,0,0,0,0,0,0,0,0,0,0
"22071","5","518210","78","0","2025","1","",119,433,423,416,14448463,3201395,44651,2621,"",1.49,0.73,0.70,0.71,0.50,0.59,0.59,0.71,"",-8,-6.3,7,1.6,8,1.9,-9,-2.1,736881,5.4,-55155,-1.7,-1816,-3.9,122,4.9
"22073","5","518210","78","0","2025","1","",13,250,248,242,5990075,1990809,20166,1868,"",0.52,1.15,1.14,1.12,0.81,0.97,0.66,0.72,"",1,8.3,-45,-15.3,-45,-15.4,-47,-16.3,-282060,-4.5,-271956,-12.0,-792,-3.8,218,13.2
"22075","5","518210","78","0","2025","1","N",2,0,0,0,0,0,0,0,"N",0.49,0,0,0,0,0,0,0,"N",1,100.0,0,0,0,0,0,0,0,0,0,0,0,0,0,0
"22079","5","518210","78","0","2025","1","N",7,0,0,0,0,0,0,0,"N",0.37,0,0,0,0,0,0,0,"N",1,16.7,0,0,0,0,0,0,0,0,0,0,0,0,0,0
"22083","5","518210","78","0","2025","1","N",1,0,0,0,0,0,0,0,"N",0.38,0,0,0,0,0,0,0,"N",0,0.0,0,0,0,0,0,0,0,0,0,0,0,0,0,0
"22089","5","518210","78","0","2025","1","N",2,0,0,0,0,0,0,0,"N",0.30,0,0,0,0,0,0,0,"N",0,0.0,0,0,0,0,0,0,0,0,0,0,0,0,0,0
"22093","5","518210","78","0","2025","1","N",1,0,0,0,0,0,0,0,"N",0.47,0,0,0,0,0,0,0,"N",0,0.0,0,0,0,0,0,0,0,0,0,0,0,0,0,0
"22095","5","518210","78","0","2025","1","N",3,0,0,0,0,0,0,0,"N",0.64,0,0,0,0,0,0,0,"N",1,50.0,0,0,0,0,0,0,0,0,0,0,0,0,0,0
"22097","5","518210","78","0","2025","1","",4,8,8,6,140552,59693,820,1474,"",0.41,0.11,0.11,0.08,0.06,0.09,0.10,0.62,"",1,33.3,1,14.3,1,14.3,1,20.0,35086,33.3,8808,17.3,-21,-2.5,193,15.1
"22099","5","518210","78","0","2025","1","N",2,0,0,0,0,0,0,0,"N",0.38,0,0,0,0,0,0,0,"N",1,100.0,0,0,0,0,0,0,0,0,0,0,0,0,0,0
"22101","5","518210","78","0","2025","1","",3,4,4,4,46817,30600,408,900,"",0.46,0.07,0.07,0.07,0.02,0.05,0.04,0.28,"",0,0.0,0,0.0,0,0.0,0,0.0,1808,4.0,0,0.0,-61,-13.0,34,3.9
"22103","5","518210","78","0","2025","1","",67,156,161,156,4736001,1176518,16896,2311,"",1.31,0.51,0.53,0.52,0.38,0.40,0.46,0.72,"",3,4.7,-5,-3.1,5,3.2,-2,-1.3,666120,16.4,-13217,-1.1,2502,17.4,334,16.9
"22105","5","518210","78","0","2025","1","",9,10,10,9,127564,73619,1754,1015,"",0.51,0.07,0.07,0.06,0.03,0.06,0.10,0.42,"",1,12.5,4,66.7,4,66.7,3,50.0,65612,105.9,38562,110.0,1342,325.7,221,27.8
"22109","5","518210","78","0","2025","1","",5,13,13,13,174797,102875,472,1034,"",0.32,0.09,0.09,0.09,0.03,0.06,0.02,0.33,"",-1,-16.7,-2,-13.3,-2,-13.3,-3,-18.8,-29535,-14.5,-15383,-13.0,30,6.8,9,0.9
"22111","5","518210","78","0","2025","1","N",3,0,0,0,0,0,0,0,"N",1.41,0,0,0,0,0,0,0,"N",1,50.0,0,0,0,0,0,0,0,0,0,0,0,0,0,0
"22115","5","518210","78","0","2025","1","N",4,0,0,0,0,0,0,0,"N",0.83,0,0,0,0,0,0,0,"N",1,33.3,0,0,0,0,0,0,0,0,0,0,0,0,0,0
"22117","5","518210","78","0","2025","1","",3,7,7,4,145150,60329,1185,1861,"",0.73,0.20,0.20,0.11,0.13,0.21,0.28,0.77,"N",2,200.0,0,0,0,0,0,0,0,0,0,0,0,0,0,0
"22119","5","518210","78","0","2025","1","N",2,0,0,0,0,0,0,0,"N",0.43,0,0,0,0,0,0,0,"N",0,0.0,0,0,0,0,0,0,0,0,0,0,0,0,0,0
"22125","5","518210","78","0","2025","1","N",1,0,0,0,0,0,0,0,"N",0.69,0,0,0,0,0,0,0,"N",0,0.0,0,0,0,0,0,0,0,0,0,0,0,0,0,0
"22999","5","518210","78","0","2025","1","",13,192,191,188,2666283,1422124,22998,1078,"",1.29,1.42,1.41,1.41,0.27,0.71,0.53,0.19,"",-1,-7.1,-8,-4.0,-6,-3.0,-11,-5.5,66290,2.5,-25277,-1.7,-4108,-15.2,71,7.1
"23000","5","518210","58","0","2025","1","",314,830,826,791,28933986,9581222,247542,2729,"",1.04,0.42,0.42,0.40,0.33,0.37,0.41,0.80,"",-24,-7.1,-83,-9.1,-92,-10.0,-133,-14.4,-963856,-3.2,-1070184,-10.0,3504,1.4,225,9.0
"23001","5","518210","78","0","2025","1","N",6,0,0,0,0,0,0,0,"N",0.37,0,0,0,0,0,0,0,"N",0,0.0,0,0,0,0,0,0,0,0,0,0,0,0,0,0
"23003","5","518210","78","0","2025","1","",6,16,15,15,600036,192000,8516,3010,"",0.55,0.20,0.19,0.19,0.22,0.22,0.39,1.12,"",0,0.0,13,433.3,12,400.0,12,400.0,549421,1085.5,156000,433.3,7920,1328.9,1712,131.9
"23005","5","518210","78","0","2025","1","",109,375,380,372,11300414,4451539,80312,2314,"",1.33,0.62,0.64,0.63,0.38,0.53,0.43,0.60,"",-8,-6.8,-30,-7.4,-33,-8.0,-35,-8.6,-1021770,-8.3,-382007,-7.9,-18007,-18.3,-7,-0.3
"23009","5","518210","78","0","2025","1","",9,7,7,8,198097,82448,2169,2078,"",0.67,0.11,0.11,0.12,0.08,0.12,0.12,0.71,"N",2,28.6,0,0,0,0,0,0,0,0,0,0,0,0,0,0
"23011","5","518210","78","0","2025","1","N",15,0,0,0,0,0,0,0,"N",0.75,0,0,0,0,0,0,0,"N",-2,-11.8,0,0,0,0,0,0,0,0,0,0,0,0,0,0
"23013","5","518210","78","0","2025","1","N",4,0,0,0,0,0,0,0,"N",0.39,0,0,0,0,0,0,0,"N",0,0.0,0,0,0,0,0,0,0,0,0,0,0,0,0,0
"23015","5","518210","78","0","2025","1","N",5,0,0,0,0,0,0,0,"N",0.61,0,0,0,0,0,0,0,"N",0,0.0,0,0,0,0,0,0,0,0,0,0,0,0,0,0
"23017","5","518210","78","0","2025","1","",6,18,18,18,455046,216000,5867,1945,"",0.72,0.33,0.34,0.34,0.24,0.33,0.38,0.72,"",-2,-25.0,-1,-5.3,2,12.5,1,5.9,17990,4.1,-7666,-3.4,-1637,-21.8,5,0.3
"23019","5","518210","78","0","2025","1","",21,15,14,13,372263,158003,5105,2045,"",0.88,0.07,0.06,0.06,0.05,0.06,0.09,0.72,"",1,5.0,3,25.0,0,0.0,0,0.0,16936,4.8,487,0.3,1518,42.3,-58,-2.8
"23021","5","518210","78","0","2025","1","N",1,0,0,0,0,0,0,0,"N",0.36,0,0,0,0,0,0,0,"N",0,0.0,0,0,0,0,0,0,0,0,0,0,0,0,0,0
"23023","5","518210","78","0","2025","1","N",4,0,0,0,0,0,0,0,"N",0.66,0,0,0,0,0,0,0,"N",-1,-20.0,0,0,0,0,0,0,0,0,0,0,0,0,0,0
"23025","5","518210","78","0","2025","1","N",2,0,0,0,0,0,0,0,"N",0.28,0,0,0,0,0,0,0,"N",-2,-50.0,0,0,0,0,0,0,0,0,0,0,0,0,0,0
"23027","5","518210","78","0","2025","1","N",1,0,0,0,0,0,0,0,"N",0.15,0,0,0,0,0,0,0,"N",-1,-50.0,0,0,0,0,0,0,0,0,0,0,0,0,0,0
"23029","5","518210","78","0","2025","1","N",4,0,0,0,0,0,0,0,"N",0.73,0,0,0,0,0,0,0,"N",0,0.0,0,0,0,0,0,0,0,0,0,0,0,0,0,0
"23031","5","518210","78","0","2025","1","",39,69,68,65,2051762,814656,26000,2344,"",0.98,0.30,0.29,0.28,0.20,0.29,0.39,0.70,"",-4,-9.3,7,11.3,4,6.2,-6,-8.5,209456,11.4,18786,2.4,4687,22.0,186,8.6
"23999","5","518210","78","0","2025","1","",82,263,258,260,11553488,2937376,101515,3414,"",2.25,2.82,2.74,2.78,1.61,1.58,1.75,0.58,"",-7,-7.9,-39,-12.9,-46,-15.1,-51,-16.4,-548365,-4.5,-397494,-11.9,11182,12.4,368,12.1
"24000","2","518210","58","0","2025","1","N",1,0,0,0,0,0,0,0,"N",3.21,0,0,0,0,0,0,0,"N",-1,-50.0,0,0,0,0,0,0,0,0,0,0,0,0,0,0
"24000","3","518210","58","0","2025","1","N",1,0,0,0,0,0,0,0,"N",0.64,0,0,0,0,0,0,0,"N",0,0.0,0,0,0,0,0,0,0,0,0,0,0,0,0,0
"24000","5","518210","58","0","2025","1","",1559,5549,5516,5564,313912789,47543178,865634,4356,"",1.71,0.65,0.64,0.65,0.65,0.56,0.56,1.01,"",87,5.9,83,1.5,58,1.1,132,2.4,31898053,11.3,794407,1.7,249462,40.5,377,9.5
"24001","5","518210","78","0","2025","1","N",3,0,0,0,0,0,0,0,"N",0.42,0,0,0,0,0,0,0,"N",-2,-40.0,0,0,0,0,0,0,0,0,0,0,0,0,0,0
"24003","5","518210","78","0","2025","1","",79,419,418,421,21024512,3448671,48818,3857,"",1.07,0.46,0.46,0.46,0.42,0.36,0.30,0.91,"",10,14.5,62,17.4,51,13.9,49,13.2,3127617,17.5,662671,23.8,26800,121.7,89,2.4
"24005","5","518210","78","0","2025","1","",110,384,378,382,13210402,3251655,71654,2665,"",1.01,0.33,0.33,0.33,0.23,0.27,0.32,0.68,"",12,12.2,128,50.0,112,42.1,125,48.6,3349259,34.0,1046880,47.5,47253,193.7,-256,-8.8
"24009","5","518210","78","0","2025","1","",8,12,12,13,515698,92578,670,3216,"",0.85,0.17,0.17,0.18,0.17,0.15,0.06,0.95,"",-1,-11.1,-2,-14.3,-1,-7.7,0,0.0,-49315,-8.7,-23605,-20.3,-656,-49.5,-44,-1.3
"24011","5","518210","78","0","2025","1","N",2,0,0,0,0,0,0,0,"N",0.60,0,0,0,0,0,0,0,"N",-1,-33.3,0,0,0,0,0,0,0,0,0,0,0,0,0,0
"24013","5","518210","78","0","2025","1","",18,44,42,40,1393924,322351,3757,2553,"",0.86,0.24,0.23,0.22,0.20,0.18,0.13,0.88,"",3,20.0,4,10.0,4,10.5,2,5.3,124591,9.8,3196,1.0,1655,78.7,28,1.1
"24015","5","518210","78","0","2025","1","",7,17,18,19,472812,160646,1558,2021,"",0.76,0.15,0.16,0.17,0.10,0.14,0.09,0.61,"",2,40.0,1,6.2,2,12.5,3,18.8,32481,7.4,23711,17.3,5,0.3,-96,-4.5
"24017","5","518210","78","0","2025","1","",18,56,55,50,2081161,505322,8687,2983,"",1.18,0.40,0.40,0.37,0.37,0.41,0.41,0.95,"",4,28.6,18,47.4,19,52.8,18,56.2,898590,76.0,202729,67.0,6426,284.2,408,15.8
"24019","5","518210","78","0","2025","1","N",1,0,0,0,0,0,0,0,"N",0.27,0,0,0,0,0,0,0,"N",-1,-50.0,0,0,0,0,0,0,0,0,0,0,0,0,0,0
"24021","5","518210","78","0","2025","1","",58,352,357,356,59196125,3003477,82064,12827,"",1.75,1.05,1.07,1.06,3.61,0.87,1.53,3.42,"",10,20.8,14,4.1,17,5.0,18,5.3,4499805,8.2,121348,4.2,41252,101.1,404,3.3
"24023","5","518210","78","0","2025","1","",9,68,69,79,922034,460348,8954,985,"",1.67,1.84,1.86,2.16,0.77,1.23,1.30,0.39,"N",3,50.0,0,0,0,0,0,0,0,0,0,0,0,0,0,0
"24025","5","518210","78","0","2025","1","",21,60,62,63,2029182,601163,29803,2531,"",0.73,0.20,0.21,0.21,0.15,0.21,0.59,0.71,"",3,16.7,8,15.4,10,19.2,13,26.0,282285,16.2,114648,23.6,18471,163.0,-87,-3.3
"24027","5","518210","78","0","2025","1","",117,375,376,376,12858298,3021557,49094,2633,"",2.20,0.69,0.70,0.70,0.39,0.49,0.44,0.56,"",2,1.7,-279,-42.7,-242,-39.2,-234,-38.4,-10085169,-44.0,-2474166,-45.0,-25095,-33.8,-180,-6.4
"24029","5","518210","78","0","2025","1","N",1,0,0,0,0,0,0,0,"N",0.28,0,0,0,0,0,0,0,"N",0,0.0,0,0,0,0,0,0,0,0,0,0,0,0,0,0
"24031","5","518210","78","0","2025","1","",260,1382,1363,1371,74467618,11780594,209780,4175,"",1.56,0.96,0.95,0.95,0.73,0.80,0.84,0.77,"",32,14.0,5,0.4,-12,-0.9,7,0.5,177043,0.2,524,0.0,84791,67.8,10,0.2
"24033","5","518210","78","0","2025","1","",100,462,463,458,22092502,3883779,78634,3686,"",1.15,0.45,0.45,0.45,0.42,0.41,0.43,0.94,"",9,9.9,13,2.9,26,5.9,26,6.0,2028836,10.1,119292,3.2,-3718,-4.5,173,4.9
"24035","5","518210","78","0","2025","1","",6,4,3,4,145670,38557,507,3056,"",0.78,0.08,0.06,0.08,0.08,0.08,0.07,1.04,"",1,20.0,-1,-20.0,-2,-40.0,-1,-20.0,32686,28.9,7573,24.4,-299,-37.1,1318,75.8
"24037","5","518210","78","0","2025","1","N",2,0,0,0,0,0,0,0,"N",0.20,0,0,0,0,0,0,0,"N",0,0.0,0,0,0,0,0,0,0,0,0,0,0,0,0,0
"24041","5","518210","78","0","2025","1","N",4,0,0,0,0,0,0,0,"N",0.54,0,0,0,0,0,0,0,"N",2,100.0,0,0,0,0,0,0,0,0,0,0,0,0,0,0
"24043","5","518210","78","0","2025","1","",7,137,135,136,4222793,1142410,12012,2388,"",0.41,0.68,0.67,0.67,0.53,0.55,0.30,0.79,"",0,0.0,-11,-7.4,-13,-8.8,-11,-7.5,-1285124,-23.3,-38914,-3.3,1321,12.4,-481,-16.8
"24045","5","518210","78","0","2025","1","",5,7,7,7,135802,59282,3835,1492,"",0.40,0.05,0.05,0.05,0.03,0.05,0.17,0.52,"",-1,-16.7,-14,-66.7,-14,-66.7,-14,-66.7,-359162,-72.6,-117560,-66.5,456,13.5,-321,-17.7
"24047","5","518210","78","0","2025","1","",6,10,10,10,187123,84394,3399,1439,"",0.52,0.14,0.14,0.14,0.09,0.13,0.23,0.60,"",0,0.0,-4,-28.6,-4,-28.6,-4,-28.6,-274274,-59.4,-34346,-28.9,2596,323.3,-1096,-43.2
"24510","3","518210","78","0","2025","1","N",1,0,0,0,0,0,0,0,"N",8.22,0,0,0,0,0,0,0,"N",0,0.0,0,0,0,0,0,0,0,0,0,0,0,0,0,0
"24510","5","518210","78","0","2025","1","",53,184,187,204,14816218,1642053,29899,5946,"",0.75,0.17,0.17,0.19,0.23,0.20,0.18,1.28,"",3,6.0,37,25.2,22,13.3,42,25.9,6435051,76.8,303085,22.6,16559,124.1,1866,45.7
"24999","2","518210","78","0","2025","1","N",1,0,0,0,0,0,0,0,"N",20.77,0,0,0,0,0,0,0,"N",0,0.0,0,0,0,0,0,0,0,0,0,0,0,0,0,0
"24999","5","518210","78","0","2025","1","",664,1532,1519,1532,83162044,13688711,220124,4187,"",4.73,3.86,3.84,3.90,2.35,2.29,1.70,0.61,"",-3,-0.4,121,8.6,105,7.4,114,8.0,23028064,38.3,1046410,8.3,34004,18.3,916,28.0
"25000","3","518210","58","0","2025","1","",3,19,19,19,480867,0,0,1947,"",1.30,0.42,0.42,0.42,0.37,0.00,0.00,0.87,"",0,0.0,-3,-13.6,-3,-13.6,-3,-13.6,-4881,-1.0,0,0.0,0,0.0,249,14.7
"25000","5","518210","58","0","2025","1","",1590,10166,10098,10158,630117774,149154655,7039382,4780,"",1.20,0.90,0.90,0.91,0.77,0.76,1.02,0.86,"",135,9.3,140,1.4,15,0.1,117,1.2,-9921055,-1.6,440230,0.3,2235842,46.5,-119,-2.4
"25001","3","518210","78","0","2025","1","N",1,0,0,0,0,0,0,0,"N",12.76,0,0,0,0,0,0,0,"N",0,0.0,0,0,0,0,0,0,0,0,0,0,0,0,0,0
"25001","5","518210","78","0","2025","1","",13,126,126,124,2733605,1748917,34869,1678,"",0.29,0.47,0.47,0.46,0.22,0.42,0.26,0.48,"",0,0.0,-20,-13.7,-23,-15.4,-22,-15.1,-59799,-2.1,-137039,-7.3,5015,16.8,216,14.8
"25003","5","518210","78","0","2025","1","N",20,0,0,0,0,0,0,0,"N",0.79,0,0,0,0,0,0,0,"N",-1,-4.8,0,0,0,0,0,0,0,0,0,0,0,0,0,0
"25005","5","518210","78","0","2025","1","N",19,0,0,0,0,0,0,0,"N",0.23,0,0,0,0,0,0,0,"N",-1,-5.0,0,0,0,0,0,0,0,0,0,0,0,0,0,0
"25009","3","518210","78","0","2025","1","N",1,0,0,0,0,0,0,0,"N",4.35,0,0,0,0,0,0,0,"N",0,0.0,0,0,0,0,0,0,0,0,0,0,0,0,0,0
"25009","5","518210","78","0","2025","1","",66,298,284,284,10532539,4059635,178599,2807,"",0.50,0.29,0.28,0.28,0.20,0.25,0.33,0.68,"",1,1.5,17,6.0,9,3.3,14,5.2,949903,9.9,169910,4.4,24341,15.8,130,4.9
"25011","5","518210","78","0","2025","1","N",6,0,0,0,0,0,0,0,"N",0.50,0,0,0,0,0,0,0,"N",0,0.0,0,0,0,0,0,0,0,0,0,0,0,0,0,0
"25013","5","518210","78","0","2025","1","N",9,0,0,0,0,0,0,0,"N",0.10,0,0,0,0,0,0,0,"N",-3,-25.0,0,0,0,0,0,0,0,0,0,0,0,0,0,0
"25015","5","518210","78","0","2025","1","",10,33,34,33,2084752,467205,18114,4811,"",0.44,0.17,0.17,0.16,0.25,0.14,0.27,1.51,"",-1,-9.1,-12,-26.7,-11,-24.4,-12,-26.7,-843983,-28.8,-167121,-26.3,-890,-4.7,-195,-3.9
"25017","5","518210","78","0","2025","1","",308,2809,2797,2792,163346153,39475376,2268685,4489,"",1.14,0.99,0.99,0.99,0.68,0.76,1.13,0.68,"",16,5.5,94,3.5,70,2.6,97,3.6,11390025,7.5,547572,1.4,876141,62.9,179,4.2
"25021","5","518210","78","0","2025","1","",103,512,513,545,20337966,5975659,290067,2989,"",0.84,0.47,0.48,0.51,0.31,0.31,0.42,0.63,"",-1,-1.0,-96,-15.8,-99,-16.2,-66,-10.8,-2578187,-11.3,-1292356,-17.8,13480,4.9,101,3.5
"25023","3","518210","78","0","2025","1","N",1,0,0,0,0,0,0,0,"N",7.39,0,0,0,0,0,0,0,"N",0,0.0,0,0,0,0,0,0,0,0,0,0,0,0,0,0
"25023","5","518210","78","0","2025","1","",43,269,268,269,11179274,4245955,163987,3201,"",0.55,0.44,0.44,0.44,0.37,0.42,0.46,0.83,"",5,13.2,-75,-21.8,-65,-19.5,-62,-18.7,-375789,-3.3,-691994,-14.0,32313,24.5,556,21.0
"25025","5","518210","78","0","2025","1","",234,3931,3880,3885,283603042,58956725,2597779,5596,"",1.52,1.77,1.74,1.75,1.20,1.49,1.86,0.68,"",7,3.1,155,4.1,96,2.5,67,1.8,11222430,4.1,677087,1.2,743507,40.1,72,1.3
"25027","5","518210","78","0","2025","1","",54,362,362,360,22384045,6129919,207968,4765,"",0.42,0.33,0.33,0.33,0.40,0.33,0.37,1.21,"",2,3.8,-24,-6.2,-7,-1.9,-3,-0.8,563008,2.6,-297160,-4.6,76565,58.3,261,5.8
"25999","5","518210","78","0","2025","1","",705,1725,1733,1766,110765817,26600025,1230531,4893,"",4.61,5.71,5.71,5.83,3.01,3.30,3.38,0.52,"N",111,18.7,0,0,0,0,0,0,0,0,0,0,0,0,0,0
"26000","5","518210","58","0","2025","1","",1981,10228,10254,10136,348458915,92212915,2821394,2626,"",1.39,0.75,0.75,0.75,0.54,0.59,0.55,0.71,"",118,6.3,-171,-1.6,-157,-1.5,-204,-2.0,14373759,4.3,-5115409,-5.3,110538,4.1,151,6.1
"26005","5","518210","78","0","2025","1","",6,14,13,13,258988,111121,1585,1494,"",0.47,0.11,0.10,0.10,0.05,0.07,0.03,0.46,"",0,0.0,2,16.7,1,8.3,0,0.0,-67959,-20.8,7073,6.8,346,27.9,-545,-26.7
"26007","5","518210","78","0","2025","1","N",2,0,0,0,0,0,0,0,"N",0.48,0,0,0,0,0,0,0,"N",-1,-33.3,0,0,0,0,0,0,0,0,0,0,0,0,0,0
"26009","5","518210","78","0","2025","1","",3,4,4,4,30283,24590,777,582,"",1.06,0.28,0.28,0.29,0.07,0.18,0.16,0.26,"N",1,50.0,0,0,0,0,0,0,0,0,0,0,0,0,0,0
"26015","5","518210","78","0","2025","1","N",2,0,0,0,0,0,0,0,"N",0.40,0,0,0,0,0,0,0,"N",0,0.0,0,0,0,0,0,0,0,0,0,0,0,0,0,0
"26017","5","518210","78","0","2025","1","N",2,0,0,0,0,0,0,0,"N",0.20,0,0,0,0,0,0,0,"N",0,0.0,0,0,0,0,0,0,0,0,0,0,0,0,0,0
"26019","5","518210","78","0","2025","1","N",1,0,0,0,0,0,0,0,"N",0.43,0,0,0,0,0,0,0,"N",0,0.0,0,0,0,0,0,0,0,0,0,0,0,0,0,0
"26021","5","518210","78","0","2025","1","N",6,0,0,0,0,0,0,0,"N",0.31,0,0,0,0,0,0,0,"N",1,20.0,0,0,0,0,0,0,0,0,0,0,0,0,0,0
"26023","5","518210","78","0","2025","1","",3,5,5,5,73935,44265,1016,1137,"",0.74,0.11,0.11,0.11,0.04,0.08,0.07,0.40,"",0,0.0,1,25.0,1,25.0,1,25.0,11811,19.0,8215,22.8,67,7.1,-58,-4.9
"26025","5","518210","78","0","2025","1","N",1,0,0,0,0,0,0,0,"N",0.08,0,0,0,0,0,0,0,"N",0,0.0,0,0,0,0,0,0,0,0,0,0,0,0,0,0
"26027","5","518210","78","0","2025","1","",3,5,5,6,48380,40690,199,698,"",0.68,0.17,0.17,0.21,0.05,0.14,0.02,0.26,"",0,0.0,1,25.0,1,25.0,1,20.0,4020,9.1,1917,4.9,-100,-33.4,-89,-11.3
"26031","5","518210","78","0","2025","1","N",1,0,0,0,0,0,0,0,"N",0.26,0,0,0,0,0,0,0,"N",0,0.0,0,0,0,0,0,0,0,0,0,0,0,0,0,0
"26033","5","518210","78","0","2025","1","N",2,0,0,0,0,0,0,0,"N",0.51,0,0,0,0,0,0,0,"N",0,0.0,0,0,0,0,0,0,0,0,0,0,0,0,0,0
"26035","5","518210","78","0","2025","1","N",1,0,0,0,0,0,0,0,"N",0.34,0,0,0,0,0,0,0,"N",0,0.0,0,0,0,0,0,0,0,0,0,0,0,0,0,0
"26037","5","518210","78","0","2025","1","N",4,0,0,0,0,0,0,0,"N",0.58,0,0,0,0,0,0,0,"N",0,0.0,0,0,0,0,0,0,0,0,0,0,0,0,0,0
"26045","5","518210","78","0","2025","1","",7,276,273,270,6509726,2515649,76264,1834,"",0.70,1.94,1.92,1.91,1.10,1.54,1.34,0.57,"",0,0.0,-42,-13.2,-34,-11.1,-42,-13.5,-388259,-5.6,-529542,-17.4,13247,21.0,135,7.9
"26047","5","518210","78","0","2025","1","N",1,0,0,0,0,0,0,0,"N",0.14,0,0,0,0,0,0,0,"N",0,0.0,0,0,0,0,0,0,0,0,0,0,0,0,0,0
"26049","5","518210","78","0","2025","1","",14,68,66,65,731929,440261,7163,849,"",0.41,0.16,0.16,0.16,0.05,0.10,0.05,0.29,"",0,0.0,-4,-5.6,-2,-2.9,-1,-1.5,-13608,-1.8,-29042,-6.2,-2827,-28.3,14,1.7
"26053","5","518210","78","0","2025","1","N",1,0,0,0,0,0,0,0,"N",0.52,0,0,0,0,0,0,0,"N",0,0.0,0,0,0,0,0,0,0,0,0,0,0,0,0,0
"26055","5","518210","78","0","2025","1","",12,105,105,106,2170462,942157,18387,1585,"",0.68,0.66,0.67,0.68,0.35,0.57,0.36,0.53,"",1,9.1,-4,-3.7,-3,-2.8,-1,-0.9,-82822,-3.7,-51165,-5.2,1551,9.2,-20,-1.2
"26059","5","518210","78","0","2025","1","N",1,0,0,0,0,0,0,0,"N",0.24,0,0,0,0,0,0,0,"N",0,0.0,0,0,0,0,0,0,0,0,0,0,0,0,0,0
"26061","5","518210","78","0","2025","1","",6,99,102,102,2070870,796068,22392,1577,"",1.33,2.56,2.64,2.65,1.46,2.38,2.15,0.56,"",0,0.0,31,45.6,37,56.9,31,43.7,605247,41.3,248734,45.4,8270,58.6,-81,-4.9
"26065","5","518210","78","0","2025","1","",28,232,235,233,5313812,1968606,55887,1752,"",0.86,0.48,0.48,0.48,0.23,0.49,0.44,0.47,"",5,21.7,18,8.4,20,9.3,21,9.9,178668,3.5,25676,1.3,221,0.4,-97,-5.2
"26069","5","518210","78","0","2025","1","N",1,0,0,0,0,0,0,0,"N",0.34,0,0,0,0,0,0,0,"N",0,0.0,0,0,0,0,0,0,0,0,0,0,0,0,0,0
"26073","5","518210","78","0","2025","1","N",3,0,0,0,0,0,0,0,"N",0.46,0,0,0,0,0,0,0,"N",0,0.0,0,0,0,0,0,0,0,0,0,0,0,0,0,0
"26075","5","518210","78","0","2025","1","N",1,0,0,0,0,0,0,0,"N",0.07,0,0,0,0,0,0,0,"N",0,0.0,0,0,0,0,0,0,0,0,0,0,0,0,0,0
"26077","5","518210","78","0","2025","1","",9,58,56,58,1103271,489656,19737,1480,"",0.32,0.15,0.15,0.15,0.06,0.12,0.17,0.40,"",-1,-10.0,-7,-10.8,-9,-13.8,-9,-13.4,-176857,-13.8,-103048,-17.4,3086,18.5,-20,-1.3
"26079","5","518210","78","0","2025","1","N",2,0,0,0,0,0,0,0,"N",1.08,0,0,0,0,0,0,0,"N",0,0.0,0,0,0,0,0,0,0,0,0,0,0,0,0,0
"26081","5","518210","78","0","2025","1","",62,749,741,741,19728822,6878649,184546,2041,"",0.74,0.57,0.57,0.57,0.35,0.46,0.43,0.61,"",-1,-1.6,-25,-3.2,-6,-0.8,-7,-0.9,255339,1.3,-259729,-3.6,-11941,-6.1,60,3.0
"26083","5","518210","78","0","2025","1","N",1,0,0,0,0,0,0,0,"N",2.53,0,0,0,0,0,0,0,"N",0,0.0,0,0,0,0,0,0,0,0,0,0,0,0,0,0
"26087","5","518210","78","0","2025","1","N",2,0,0,0,0,0,0,0,"N",0.25,0,0,0,0,0,0,0,"N",0,0.0,0,0,0,0,0,0,0,0,0,0,0,0,0,0
"26089","5","518210","78","0","2025","1","N",2,0,0,0,0,0,0,0,"N",0.51,0,0,0,0,0,0,0,"N",0,0.0,0,0,0,0,0,0,0,0,0,0,0,0,0,0
"26091","5","518210","78","0","2025","1","N",2,0,0,0,0,0,0,0,"N",0.22,0,0,0,0,0,0,0,"N",0,0.0,0,0,0,0,0,0,0,0,0,0,0,0,0,0
"26093","5","518210","78","0","2025","1","",8,78,75,76,3476907,711664,22039,3504,"",0.35,0.40,0.38,0.38,0.45,0.30,0.29,1.16,"",0,0.0,26,50.0,26,53.1,28,58.3,2651182,321.1,283830,66.3,12921,141.7,2225,174.0
"26095","5","518210","78","0","2025","1","N",2,0,0,0,0,0,0,0,"N",2.34,0,0,0,0,0,0,0,"N",1,100.0,0,0,0,0,0,0,0,0,0,0,0,0,0,0
"26099","5","518210","78","0","2025","1","",32,117,120,118,2446362,959337,27576,1590,"",0.35,0.12,0.12,0.12,0.05,0.07,0.06,0.42,"",2,6.7,-11,-8.6,-2,-1.6,-7,-5.6,-516015,-17.4,-107030,-10.0,-2777,-9.1,-233,-12.8
"26101","5","518210","78","0","2025","1","N",1,0,0,0,0,0,0,0,"N",0.36,0,0,0,0,0,0,0,"N",0,0.0,0,0,0,0,0,0,0,0,0,0,0,0,0,0
"26103","5","518210","78","0","2025","1","N",1,0,0,0,0,0,0,0,"N",0.12,0,0,0,0,0,0,0,"N",0,0.0,0,0,0,0,0,0,0,0,0,0,0,0,0,0
"26109","5","518210","78","0","2025","1","N",1,0,0,0,0,0,0,0,"N",0.43,0,0,0,0,0,0,0,"N",0,0.0,0,0,0,0,0,0,0,0,0,0,0,0,0,0
"26111","5","518210","78","0","2025","1","N",5,0,0,0,0,0,0,0,"N",0.27,0,0,0,0,0,0,0,"N",0,0.0,0,0,0,0,0,0,0,0,0,0,0,0,0,0
"26113","5","518210","78","0","2025","1","N",1,0,0,0,0,0,0,0,"N",0.56,0,0,0,0,0,0,0,"N",0,0.0,0,0,0,0,0,0,0,0,0,0,0,0,0,0
"26115","5","518210","78","0","2025","1","N",5,0,0,0,0,0,0,0,"N",0.42,0,0,0,0,0,0,0,"N",1,25.0,0,0,0,0,0,0,0,0,0,0,0,0,0,0
"26117","5","518210","78","0","2025","1","N",2,0,0,0,0,0,0,0,"N",0.39,0,0,0,0,0,0,0,"N",0,0.0,0,0,0,0,0,0,0,0,0,0,0,0,0,0
"26121","5","518210","78","0","2025","1","",4,28,28,28,547489,259154,6861,1504,"",0.27,0.15,0.15,0.15,0.08,0.13,0.12,0.51,"N",-1,-20.0,0,0,0,0,0,0,0,0,0,0,0,0,0,0
"26123","5","518210","78","0","2025","1","N",2,0,0,0,0,0,0,0,"N",0.49,0,0,0,0,0,0,0,"N",0,0.0,0,0,0,0,0,0,0,0,0,0,0,0,0,0
"26125","5","518210","78","0","2025","1","",191,2039,2012,2000,61635966,17945222,623700,2351,"",0.94,0.91,0.90,0.90,0.51,0.62,0.61,0.56,"",8,4.4,-93,-4.4,-164,-7.5,-161,-7.5,-188087,-0.3,-2061904,-10.3,-45470,-6.8,146,6.6
"26133","5","518210","78","0","2025","1","N",1,0,0,0,0,0,0,0,"N",0.45,0,0,0,0,0,0,0,"N",0,0.0,0,0,0,0,0,0,0,0,0,0,0,0,0,0
"26137","5","518210","78","0","2025","1","N",2,0,0,0,0,0,0,0,"N",0.53,0,0,0,0,0,0,0,"N",0,0.0,0,0,0,0,0,0,0,0,0,0,0,0,0,0
"26139","5","518210","78","0","2025","1","",13,30,30,30,1049539,249817,6955,2691,"",0.40,0.07,0.08,0.08,0.07,0.05,0.05,0.88,"",0,0.0,-10,-25.0,-8,-21.1,-10,-25.0,-390041,-27.1,-111691,-30.9,-435,-5.9,-124,-4.4
"26145","5","518210","78","0","2025","1","",4,35,35,35,955935,263788,11520,2101,"",0.22,0.14,0.14,0.14,0.10,0.10,0.14,0.68,"N",1,33.3,0,0,0,0,0,0,0,0,0,0,0,0,0,0
"26147","5","518210","78","0","2025","1","",6,33,33,38,510963,293483,6862,1134,"",0.39,0.25,0.26,0.30,0.10,0.23,0.18,0.39,"N",1,20.0,0,0,0,0,0,0,0,0,0,0,0,0,0,0
"26149","5","518210","78","0","2025","1","N",1,0,0,0,0,0,0,0,"N",0.09,0,0,0,0,0,0,0,"N",0,0.0,0,0,0,0,0,0,0,0,0,0,0,0,0,0
"26151","5","518210","78","0","2025","1","N",2,0,0,0,0,0,0,0,"N",0.49,0,0,0,0,0,0,0,"N",0,0.0,0,0,0,0,0,0,0,0,0,0,0,0,0,0
"26155","5","518210","78","0","2025","1","N",2,0,0,0,0,0,0,0,"N",0.36,0,0,0,0,0,0,0,"N",0,0.0,0,0,0,0,0,0,0,0,0,0,0,0,0,0
"26157","5","518210","78","0","2025","1","N",2,0,0,0,0,0,0,0,"N",0.46,0,0,0,0,0,0,0,"N",0,0.0,0,0,0,0,0,0,0,0,0,0,0,0,0,0
"26159","5","518210","78","0","2025","1","N",3,0,0,0,0,0,0,0,"N",0.38,0,0,0,0,0,0,0,"N",0,0.0,0,0,0,0,0,0,0,0,0,0,0,0,0,0
"26161","5","518210","78","0","2025","1","",61,918,906,896,33926048,8311074,231001,2878,"",1.34,1.34,1.33,1.31,0.98,1.63,1.51,0.74,"",3,5.2,-62,-6.3,-75,-7.6,-79,-8.1,-632643,-1.8,-1126644,-11.9,-1815,-0.8,162,6.0
"26163","5","518210","78","0","2025","1","",88,1181,1178,1160,29699373,10503681,322555,1948,"",0.51,0.53,0.53,0.52,0.24,0.40,0.34,0.46,"",5,6.0,-84,-6.6,-106,-8.3,-92,-7.3,-1075191,-3.5,-1128995,-9.7,-14048,-4.2,80,4.3
"26999","5","518210","78","0","2025","1","",1349,3835,3908,3831,158617149,35631161,1105848,3163,"",4.79,6.93,7.01,6.89,3.61,3.96,3.55,0.52,"",93,7.4,59,1.6,136,3.6,88,2.4,10414637,7.0,-232166,-0.6,142085,14.7,134,4.4
"27000","3","518210","58","0","2025","1","",4,57,59,59,1205841,0,0,1590,"",2.38,1.57,1.61,1.62,1.53,0.00,0.00,0.95,"",-2,-33.3,-786,-93.2,-793,-93.1,-794,-93.1,-20173177,-94.4,0,0.0,0,0.0,-346,-17.9
"27000","5","518210","58","0","2025","1","",1388,7368,7409,7288,344917287,215277094,1458787,3607,"",1.43,0.81,0.82,0.81,0.70,1.04,0.73,0.87,"",106,8.3,-81,-1.1,-95,-1.3,-205,-2.7,-10097263,-2.8,2488535,1.2,44885,3.2,-43,-1.2
"27003","5","518210","78","0","2025","1","",14,40,40,29,1172054,901564,2535,2481,"",0.35,0.10,0.10,0.07,0.06,0.10,0.03,0.73,"",1,7.7,9,29.0,8,25.0,-3,-9.4,401888,52.2,334326,58.9,39,1.6,610,32.6
"27005","5","518210","78","0","2025","1","N",1,0,0,0,0,0,0,0,"N",0.19,0,0,0,0,0,0,0,"N",0,0.0,0,0,0,0,0,0,0,0,0,0,0,0,0,0
"27009","5","518210","78","0","2025","1","-",0,0,0,0,0,0,0,0,"N",0.00,0,0,0,0,0,0,0,"N",0,0,0,0,0,0,0,0,0,0,0,0,0,0,0,0
"27013","3","518210","78","0","2025","1","",2,27,27,27,616794,0,0,1757,"",117.25,52.17,51.42,51.98,77.11,0.00,0.00,1.49,"",0,0.0,1,3.8,2,8.0,2,8.0,66306,12.0,0,0.0,0,0.0,85,5.1
"27013","5","518210","78","0","2025","1","N",2,0,0,0,0,0,0,0,"N",0.20,0,0,0,0,0,0,0,"N",0,0.0,0,0,0,0,0,0,0,0,0,0,0,0,0,0
"27019","5","518210","78","0","2025","1","",9,12,11,11,310234,267121,1438,2106,"",0.69,0.10,0.09,0.09,0.04,0.10,0.06,0.42,"",-1,-10.0,-7,-36.8,-8,-42.1,-8,-42.1,-359106,-53.7,-288464,-51.9,-811,-36.1,-604,-22.3
"27021","5","518210","78","0","2025","1","N",1,0,0,0,0,0,0,0,"N",0.23,0,0,0,0,0,0,0,"N",0,0.0,0,0,0,0,0,0,0,0,0,0,0,0,0,0
"27025","5","518210","78","0","2025","1","N",4,0,0,0,0,0,0,0,"N",0.63,0,0,0,0,0,0,0,"N",1,33.3,0,0,0,0,0,0,0,0,0,0,0,0,0,0
"27027","3","518210","78","0","2025","1","",1,21,21,21,366382,0,0,1342,"",85.24,88.27,87.55,87.07,95.61,0.00,0.00,1.09,"",0,0.0,1,5.0,1,5.0,1,5.0,24805,7.3,0,0.0,0,0.0,28,2.1
"27029","5","518210","78","0","2025","1","N",1,0,0,0,0,0,0,0,"N",0.93,0,0,0,0,0,0,0,"N",0,0.0,0,0,0,0,0,0,0,0,0,0,0,0,0,0
"27033","5","518210","78","0","2025","1","N",1,0,0,0,0,0,0,0,"N",0.50,0,0,0,0,0,0,0,"N",0,0.0,0,0,0,0,0,0,0,0,0,0,0,0,0,0
"27035","5","518210","78","0","2025","1","-",0,0,0,0,0,0,0,0,"N",0.00,0,0,0,0,0,0,0,"N",0,0,0,0,0,0,0,0,0,0,0,0,0,0,0,0
"27037","5","518210","78","0","2025","1","",32,251,250,245,6462051,5602506,39165,1999,"",0.59,0.43,0.43,0.42,0.22,0.40,0.26,0.51,"",2,6.7,-3,-1.2,-3,-1.2,-9,-3.5,-419377,-6.1,62543,1.1,12580,47.3,-88,-4.2
"27041","5","518210","78","0","2025","1","N",1,0,0,0,0,0,0,0,"N",0.15,0,0,0,0,0,0,0,"N",0,0.0,0,0,0,0,0,0,0,0,0,0,0,0,0,0
"27047","5","518210","78","0","2025","1","N",2,0,0,0,0,0,0,0,"N",0.53,0,0,0,0,0,0,0,"N",1,100.0,0,0,0,0,0,0,0,0,0,0,0,0,0,0
"27053","5","518210","78","0","2025","1","",200,3936,3893,3865,207427954,119640464,643937,4093,"",0.99,1.38,1.37,1.37,1.07,1.47,0.88,0.78,"",0,0.0,-157,-3.8,-224,-5.4,-262,-6.3,-23260017,-10.1,-2330146,-1.9,-17635,-2.7,-222,-5.1
"27055","5","518210","78","0","2025","1","N",2,0,0,0,0,0,0,0,"N",0.91,0,0,0,0,0,0,0,"N",0,0.0,0,0,0,0,0,0,0,0,0,0,0,0,0,0
"27059","5","518210","78","0","2025","1","N",2,0,0,0,0,0,0,0,"N",0.45,0,0,0,0,0,0,0,"N",0,0.0,0,0,0,0,0,0,0,0,0,0,0,0,0,0
"27061","5","518210","78","0","2025","1","N",1,0,0,0,0,0,0,0,"N",0.16,0,0,0,0,0,0,0,"N",0,0.0,0,0,0,0,0,0,0,0,0,0,0,0,0,0
"27063","5","518210","78","0","2025","1","N",1,0,0,0,0,0,0,0,"N",0.60,0,0,0,0,0,0,0,"N",0,0.0,0,0,0,0,0,0,0,0,0,0,0,0,0,0
"27067","5","518210","78","0","2025","1","N",5,0,0,0,0,0,0,0,"N",0.76,0,0,0,0,0,0,0,"N",0,0.0,0,0,0,0,0,0,0,0,0,0,0,0,0,0
"27075","5","518210","78","0","2025","1","N",2,0,0,0,0,0,0,0,"N",1.16,0,0,0,0,0,0,0,"N",2,100.0,0,0,0,0,0,0,0,0,0,0,0,0,0,0
"27079","5","518210","78","0","2025","1","N",1,0,0,0,0,0,0,0,"N",0.28,0,0,0,0,0,0,0,"N",0,0.0,0,0,0,0,0,0,0,0,0,0,0,0,0,0
"27085","5","518210","78","0","2025","1","N",1,0,0,0,0,0,0,0,"N",0.21,0,0,0,0,0,0,0,"N",0,0.0,0,0,0,0,0,0,0,0,0,0,0,0,0,0
"27099","5","518210","78","0","2025","1","N",1,0,0,0,0,0,0,0,"N",0.25,0,0,0,0,0,0,0,"N",0,0.0,0,0,0,0,0,0,0,0,0,0,0,0,0,0
"27109","5","518210","78","0","2025","1","",4,10,10,10,273726,241649,11546,2106,"",0.22,0.03,0.03,0.03,0.02,0.07,0.34,0.52,"N",0,0.0,0,0,0,0,0,0,0,0,0,0,0,0,0,0
"27111","5","518210","78","0","2025","1","N",1,0,0,0,0,0,0,0,"N",0.12,0,0,0,0,0,0,0,"N",-1,-50.0,0,0,0,0,0,0,0,0,0,0,0,0,0,0
"27115","5","518210","78","0","2025","1","N",1,0,0,0,0,0,0,0,"N",0.30,0,0,0,0,0,0,0,"N",0,0.0,0,0,0,0,0,0,0,0,0,0,0,0,0,0
"27123","5","518210","78","0","2025","1","",55,935,944,934,27261961,21746466,256896,2236,"",0.79,0.91,0.92,0.91,0.46,0.95,1.20,0.50,"",6,12.2,-56,-5.7,-61,-6.1,-49,-5.0,63377,0.2,-1681406,-7.2,-5766,-2.2,129,6.1
"27129","5","518210","78","0","2025","1","N",1,0,0,0,0,0,0,0,"N",0.37,0,0,0,0,0,0,0,"N",0,0.0,0,0,0,0,0,0,0,0,0,0,0,0,0,0
"27131","5","518210","78","0","2025","1","N",2,0,0,0,0,0,0,0,"N",0.25,0,0,0,0,0,0,0,"N",0,0.0,0,0,0,0,0,0,0,0,0,0,0,0,0,0
"27137","3","518210","78","0","2025","1","",1,9,11,11,222665,0,0,1658,"",22.76,7.64,9.23,9.28,11.17,0.00,0.00,1.28,"",0,0.0,-3,-25.0,-1,-8.3,0,0.0,-22656,-9.2,0,0.0,0,0.0,40,2.5
"27137","5","518210","78","0","2025","1","N",7,0,0,0,0,0,0,0,"N",0.28,0,0,0,0,0,0,0,"N",-2,-22.2,0,0,0,0,0,0,0,0,0,0,0,0,0,0
"27139","5","518210","78","0","2025","1","",13,11,12,11,308960,263203,3160,2097,"",0.71,0.06,0.06,0.06,0.04,0.06,0.06,0.64,"N",0,0.0,0,0,0,0,0,0,0,0,0,0,0,0,0,0
"27141","5","518210","78","0","2025","1","",5,6,6,6,199957,160862,4150,2564,"",0.44,0.07,0.07,0.07,0.06,0.10,0.24,0.86,"",2,66.7,0,0.0,0,0.0,0,0.0,61619,44.5,29343,22.3,3736,902.4,790,44.5
"27145","5","518210","78","0","2025","1","",10,68,64,64,1817825,1483437,22320,2140,"",0.47,0.25,0.24,0.24,0.16,0.30,0.52,0.64,"",-1,-9.1,-14,-17.1,-11,-14.7,-10,-13.5,-186940,-9.3,-303479,-17.0,-7477,-25.1,137,6.8
"27147","5","518210","78","0","2025","1","N",1,0,0,0,0,0,0,0,"N",0.19,0,0,0,0,0,0,0,"N",1,100.0,0,0,0,0,0,0,0,0,0,0,0,0,0,0
"27161","5","518210","78","0","2025","1","N",1,0,0,0,0,0,0,0,"N",0.41,0,0,0,0,0,0,0,"N",1,100.0,0,0,0,0,0,0,0,0,0,0,0,0,0,0
"27163","5","518210","78","0","2025","1","",21,106,106,105,2567352,2310522,11886,1869,"",0.65,0.35,0.36,0.36,0.20,0.38,0.18,0.57,"",3,16.7,15,16.5,13,14.0,12,12.9,-393987,-13.3,189445,8.9,6343,114.4,-598,-24.2
"27169","5","518210","78","0","2025","1","N",1,0,0,0,0,0,0,0,"N",0.17,0,0,0,0,0,0,0,"N",-2,-66.7,0,0,0,0,0,0,0,0,0,0,0,0,0,0
"27171","5","518210","78","0","2025","1","N",5,0,0,0,0,0,0,0,"N",0.27,0,0,0,0,0,0,0,"N",1,25.0,0,0,0,0,0,0,0,0,0,0,0,0,0,0
"27999","5","518210","78","0","2025","1","",976,1652,1727,1667,87000650,54887278,429921,3979,"",4.88,5.51,5.76,5.61,2.92,3.87,3.14,0.52,"",94,10.7,118,7.7,174,11.2,112,7.2,12995426,17.6,5647789,11.5,58647,15.8,300,8.2
"28000","5","518210","58","0","2025","1","",282,1107,1131,1158,24313263,12868430,80931,1652,"",0.69,0.30,0.31,0.32,0.19,0.26,0.42,0.61,"",11,4.1,222,25.1,250,28.4,262,29.2,5608014,30.0,3622083,39.2,38279,89.7,30,1.8
"28027","5","518210","78","0","2025","1","N",2,0,0,0,0,0,0,0,"N",0.75,0,0,0,0,0,0,0,"N",0,0.0,0,0,0,0,0,0,0,0,0,0,0,0,0,0
"28033","5","518210","78","0","2025","1","N",1,0,0,0,0,0,0,0,"N",0.06,0,0,0,0,0,0,0,"N",0,0.0,0,0,0,0,0,0,0,0,0,0,0,0,0,0
"28035","5","518210","78","0","2025","1","N",1,0,0,0,0,0,0,0,"N",0.11,0,0,0,0,0,0,0,"N",0,0.0,0,0,0,0,0,0,0,0,0,0,0,0,0,0
"28045","5","518210","78","0","2025","1","",6,12,11,12,266526,135616,1787,1757,"",1.23,0.27,0.24,0.26,0.14,0.23,0.78,0.52,"N",1,20.0,0,0,0,0,0,0,0,0,0,0,0,0,0,0
"28047","5","518210","78","0","2025","1","N",4,0,0,0,0,0,0,0,"N",0.17,0,0,0,0,0,0,0,"N",1,33.3,0,0,0,0,0,0,0,0,0,0,0,0,0,0
"28049","5","518210","78","0","2025","1","N",7,0,0,0,0,0,0,0,"N",0.27,0,0,0,0,0,0,0,"N",1,16.7,0,0,0,0,0,0,0,0,0,0,0,0,0,0
"28059","5","518210","78","0","2025","1","N",1,0,0,0,0,0,0,0,"N",0.08,0,0,0,0,0,0,0,"N",0,0.0,0,0,0,0,0,0,0,0,0,0,0,0,0,0
"28071","5","518210","78","0","2025","1","-",0,0,0,0,0,0,0,0,"N",0.00,0,0,0,0,0,0,0,"N",0,0,0,0,0,0,0,0,0,0,0,0,0,0,0,0
"28075","5","518210","78","0","2025","1","N",1,0,0,0,0,0,0,0,"N",0.12,0,0,0,0,0,0,0,"N",0,0.0,0,0,0,0,0,0,0,0,0,0,0,0,0,0
"28081","5","518210","78","0","2025","1","N",1,0,0,0,0,0,0,0,"N",0.08,0,0,0,0,0,0,0,"N",0,0.0,0,0,0,0,0,0,0,0,0,0,0,0,0,0
"28083","5","518210","78","0","2025","1","N",1,0,0,0,0,0,0,0,"N",0.27,0,0,0,0,0,0,0,"N",0,0.0,0,0,0,0,0,0,0,0,0,0,0,0,0,0
"28087","5","518210","78","0","2025","1","N",1,0,0,0,0,0,0,0,"N",0.14,0,0,0,0,0,0,0,"N",-1,-50.0,0,0,0,0,0,0,0,0,0,0,0,0,0,0
"28089","5","518210","78","0","2025","1","",9,361,392,420,8505450,5009151,38932,1673,"",0.49,1.93,2.10,2.27,1.23,1.62,3.64,0.59,"",1,12.5,162,81.4,206,110.8,231,122.2,5059175,146.8,3044736,155.0,33895,672.9,287,20.7
"28091","5","518210","78","0","2025","1","N",2,0,0,0,0,0,0,0,"N",0.72,0,0,0,0,0,0,0,"N",0,0.0,0,0,0,0,0,0,0,0,0,0,0,0,0,0
"28105","5","518210","78","0","2025","1","N",2,0,0,0,0,0,0,0,"N",0.40,0,0,0,0,0,0,0,"N",0,0.0,0,0,0,0,0,0,0,0,0,0,0,0,0,0
"28113","5","518210","78","0","2025","1","N",3,0,0,0,0,0,0,0,"N",0.64,0,0,0,0,0,0,0,"N",0,0.0,0,0,0,0,0,0,0,0,0,0,0,0,0,0
"28121","5","518210","78","0","2025","1","",10,12,12,10,167415,131638,993,1136,"",0.47,0.06,0.06,0.05,0.02,0.04,0.11,0.41,"",3,42.9,-2,-14.3,-2,-14.3,-5,-33.3,-120936,-41.9,-28493,-17.8,-714,-41.8,-412,-26.6
"28141","5","518210","78","0","2025","1","N",1,0,0,0,0,0,0,0,"N",0.45,0,0,0,0,0,0,0,"N",0,0.0,0,0,0,0,0,0,0,0,0,0,0,0,0,0
"28999","5","518210","78","0","2025","1","",229,253,251,255,8341013,3238950,22855,2536,"",2.37,1.28,1.26,1.29,0.82,0.79,0.79,0.64,"",5,2.2,18,7.7,10,4.1,16,6.7,301931,3.8,84529,2.7,-4094,-15.2,-59,-2.3
"29000","3","518210","58","0","2025","1","",1,131,132,133,2816784,0,0,1641,"",0.50,3.67,3.63,3.65,4.31,0.00,0.00,1.18,"",0,0.0,7,5.6,7,5.6,7,5.6,333840,13.4,0,0.0,0,0.0,113,7.4
"29000","5","518210","58","0","2025","1","",1162,14486,14514,14562,780708506,131608626,1210714,4136,"",1.01,1.62,1.61,1.61,1.92,1.28,0.97,1.19,"",28,2.5,-149,-1.0,-103,-0.7,-20,-0.1,40721778,5.5,-6774288,-4.9,-82777,-6.4,240,6.2
"29019","5","518210","78","0","2025","1","",10,12,12,12,232840,103076,2125,1493,"",0.42,0.04,0.04,0.04,0.02,0.04,0.06,0.48,"",-1,-9.1,6,100.0,6,100.0,6,100.0,80169,52.5,44005,74.5,1004,89.6,-464,-23.7
"29021","5","518210","78","0","2025","1","N",2,0,0,0,0,0,0,0,"N",0.16,0,0,0,0,0,0,0,"N",0,0.0,0,0,0,0,0,0,0,0,0,0,0,0,0,0
"29025","5","518210","78","0","2025","1","N",2,0,0,0,0,0,0,0,"N",1.81,0,0,0,0,0,0,0,"N",0,0.0,0,0,0,0,0,0,0,0,0,0,0,0,0,0
"29029","5","518210","78","0","2025","1","",5,50,52,51,890474,468779,1237,1343,"",0.62,0.99,1.01,0.96,0.55,0.85,0.17,0.56,"",0,0.0,-8,-13.8,-6,-10.3,-8,-13.6,-18389,-2.0,-64003,-12.0,-312,-20.1,144,12.0
"29031","5","518210","78","0","2025","1","N",4,0,0,0,0,0,0,0,"N",0.30,0,0,0,0,0,0,0,"N",0,0.0,0,0,0,0,0,0,0,0,0,0,0,0,0,0
"29037","5","518210","78","0","2025","1","",6,9,9,8,342838,85500,1246,3043,"",0.50,0.09,0.09,0.08,0.11,0.08,0.09,1.24,"",0,0.0,-4,-30.8,-5,-35.7,-7,-46.7,20226,6.3,-55234,-39.2,-1426,-53.4,1270,71.6
"29039","5","518210","78","0","2025","1","N",1,0,0,0,0,0,0,0,"N",0.54,0,0,0,0,0,0,0,"N",1,100.0,0,0,0,0,0,0,0,0,0,0,0,0,0,0
"29043","5","518210","78","0","2025","1","N",2,0,0,0,0,0,0,0,"N",0.18,0,0,0,0,0,0,0,"N",0,0.0,0,0,0,0,0,0,0,0,0,0,0,0,0,0
"29047","5","518210","78","0","2025","1","",17,94,93,91,2013295,794248,13464,1671,"",0.54,0.28,0.27,0.26,0.13,0.19,0.18,0.49,"",4,30.8,-7,-6.9,-11,-10.6,-13,-12.5,-530273,-20.8,-261011,-24.7,-2635,-16.4,-229,-12.1
"29051","5","518210","78","0","2025","1","",11,443,433,434,7227919,4080728,33759,1273,"",0.87,2.58,2.54,2.54,1.11,2.88,1.92,0.44,"",1,10.0,-15,-3.3,-35,-7.5,-28,-6.1,149870,2.1,-333260,-7.6,-3943,-10.5,96,8.2
"29053","5","518210","78","0","2025","1","N",1,0,0,0,0,0,0,0,"N",0.44,0,0,0,0,0,0,0,"N",0,0.0,0,0,0,0,0,0,0,0,0,0,0,0,0,0
"29067","5","518210","78","0","2025","1","N",1,0,0,0,0,0,0,0,"N",0.77,0,0,0,0,0,0,0,"N",0,0.0,0,0,0,0,0,0,0,0,0,0,0,0,0,0
"29069","5","518210","78","0","2025","1","N",1,0,0,0,0,0,0,0,"N",0.13,0,0,0,0,0,0,0,"N",0,0.0,0,0,0,0,0,0,0,0,0,0,0,0,0,0
"29071","5","518210","78","0","2025","1","",5,4,4,4,110693,38000,585,2129,"",0.35,0.03,0.03,0.03,0.03,0.03,0.04,0.79,"",0,0.0,-1,-20.0,-1,-20.0,-1,-20.0,-62722,-36.2,-11412,-23.1,-449,-43.4,-539,-20.2
"29075","5","518210","78","0","2025","1","N",1,0,0,0,0,0,0,0,"N",0.91,0,0,0,0,0,0,0,"N",0,0.0,0,0,0,0,0,0,0,0,0,0,0,0,0,0
"29077","5","518210","78","0","2025","1","",17,355,353,353,6597167,3257955,14203,1435,"",0.33,0.63,0.63,0.63,0.31,0.55,0.24,0.49,"",-3,-15.0,-30,-7.8,-26,-6.9,-22,-5.9,-193929,-2.9,-359426,-9.9,-14790,-51.0,59,4.3
"29079","5","518210","78","0","2025","1","N",1,0,0,0,0,0,0,0,"N",0.76,0,0,0,0,0,0,0,"N",0,0.0,0,0,0,0,0,0,0,0,0,0,0,0,0,0
"29095","5","518210","78","0","2025","1","",59,2426,2431,2428,50988601,22624587,212675,1615,"",0.50,2.09,2.09,2.09,0.88,1.67,1.34,0.42,"",5,9.3,89,3.8,112,4.8,124,5.4,7482663,17.2,481624,2.2,18516,9.5,172,11.9
"29097","5","518210","78","0","2025","1","N",3,0,0,0,0,0,0,0,"N",0.18,0,0,0,0,0,0,0,"N",1,50.0,0,0,0,0,0,0,0,0,0,0,0,0,0,0
"29099","5","518210","78","0","2025","1","",8,18,19,17,477409,179997,3879,2040,"",0.37,0.12,0.12,0.11,0.09,0.11,0.22,0.80,"",-1,-11.1,-5,-21.7,-3,-13.6,0,0.0,-32931,-6.5,-32508,-15.3,-125,-3.1,140,7.4
"29101","5","518210","78","0","2025","1","N",2,0,0,0,0,0,0,0,"N",0.33,0,0,0,0,0,0,0,"N",0,0.0,0,0,0,0,0,0,0,0,0,0,0,0,0,0
"29105","5","518210","78","0","2025","1","N",1,0,0,0,0,0,0,0,"N",0.24,0,0,0,0,0,0,0,"N",0,0.0,0,0,0,0,0,0,0,0,0,0,0,0,0,0
"29107","5","518210","78","0","2025","1","N",1,0,0,0,0,0,0,0,"N",0.23,0,0,0,0,0,0,0,"N",1,100.0,0,0,0,0,0,0,0,0,0,0,0,0,0,0
"29113","5","518210","78","0","2025","1","N",1,0,0,0,0,0,0,0,"N",0.18,0,0,0,0,0,0,0,"N",0,0.0,0,0,0,0,0,0,0,0,0,0,0,0,0,0
"29121","5","518210","78","0","2025","1","N",1,0,0,0,0,0,0,0,"N",0.50,0,0,0,0,0,0,0,"N",0,0.0,0,0,0,0,0,0,0,0,0,0,0,0,0,0
"29133","5","518210","78","0","2025","1","N",1,0,0,0,0,0,0,0,"N",0.52,0,0,0,0,0,0,0,"N",0,0.0,0,0,0,0,0,0,0,0,0,0,0,0,0,0
"29139","5","518210","78","0","2025","1","N",1,0,0,0,0,0,0,0,"N",0.65,0,0,0,0,0,0,0,"N",0,0.0,0,0,0,0,0,0,0,0,0,0,0,0,0,0
"29141","5","518210","78","0","2025","1","",3,9,9,9,197461,73239,340,1688,"",1.03,0.66,0.65,0.64,0.55,0.49,0.21,0.85,"",0,0.0,-2,-18.2,-1,-10.0,-1,-10.0,21772,12.4,-5350,-6.8,-17,-4.8,380,29.1
"29153","5","518210","78","0","2025","1","N",1,0,0,0,0,0,0,0,"N",0.85,0,0,0,0,0,0,0,"N",1,100.0,0,0,0,0,0,0,0,0,0,0,0,0,0,0
"29159","5","518210","78","0","2025","1","N",1,0,0,0,0,0,0,0,"N",0.16,0,0,0,0,0,0,0,"N",0,0.0,0,0,0,0,0,0,0,0,0,0,0,0,0,0
"29161","5","518210","78","0","2025","1","N",1,0,0,0,0,0,0,0,"N",0.16,0,0,0,0,0,0,0,"N",0,0.0,0,0,0,0,0,0,0,0,0,0,0,0,0,0
"29165","5","518210","78","0","2025","1","",7,184,185,189,11445010,1473170,17874,4733,"",0.48,1.23,1.24,1.26,1.84,0.79,0.70,1.48,"",-1,-12.5,-169,-47.9,-168,-47.6,-166,-46.8,-5453059,-32.3,-1847976,-55.6,-26390,-59.6,1058,28.8
"29167","5","518210","78","0","2025","1","N",1,0,0,0,0,0,0,0,"N",0.27,0,0,0,0,0,0,0,"N",-1,-50.0,0,0,0,0,0,0,0,0,0,0,0,0,0,0
"29169","5","518210","78","0","2025","1","N",1,0,0,0,0,0,0,0,"N",0.24,0,0,0,0,0,0,0,"N",0,0.0,0,0,0,0,0,0,0,0,0,0,0,0,0,0
"29183","5","518210","78","0","2025","1","N",29,0,0,0,0,0,0,0,"N",0.57,0,0,0,0,0,0,0,"N",-2,-6.5,0,0,0,0,0,0,0,0,0,0,0,0,0,0
"29187","5","518210","78","0","2025","1","N",1,0,0,0,0,0,0,0,"N",0.11,0,0,0,0,0,0,0,"N",0,0.0,0,0,0,0,0,0,0,0,0,0,0,0,0,0
"29189","5","518210","78","0","2025","1","",107,3672,3665,3655,168127426,28474514,170796,3530,"",0.50,1.99,1.99,1.99,1.67,1.22,0.67,0.84,"",3,2.9,-109,-2.9,-94,-2.5,-96,-2.6,-16954402,-9.2,-2379508,-7.7,-14251,-7.7,-253,-6.7
"29207","5","518210","78","0","2025","1","N",1,0,0,0,0,0,0,0,"N",0.25,0,0,0,0,0,0,0,"N",0,0.0,0,0,0,0,0,0,0,0,0,0,0,0,0,0
"29209","5","518210","78","0","2025","1","N",1,0,0,0,0,0,0,0,"N",0.25,0,0,0,0,0,0,0,"N",0,0.0,0,0,0,0,0,0,0,0,0,0,0,0,0,0
"29213","5","518210","78","0","2025","1","N",1,0,0,0,0,0,0,0,"N",0.10,0,0,0,0,0,0,0,"N",0,0.0,0,0,0,0,0,0,0,0,0,0,0,0,0,0
"29510","3","518210","78","0","2025","1","",1,131,132,133,2816784,0,0,1641,"",8.00,47.77,47.17,47.55,43.16,0.00,0.00,0.91,"",0,0.0,7,5.6,7,5.6,7,5.6,333840,13.4,0,0.0,0,0.0,113,7.4
"29510","5","518210","78","0","2025","1","",31,249,251,251,6269022,2002420,24689,1926,"",0.43,0.36,0.36,0.36,0.15,0.30,0.34,0.43,"",2,6.9,-30,-10.8,-36,-12.5,-35,-12.2,-16508,-0.3,-301078,-13.1,-5250,-17.5,224,13.2
"29999","5","518210","78","0","2025","1","",811,1952,1939,1949,76454276,18575154,313771,3021,"",4.46,4.49,4.45,4.49,2.43,2.54,2.48,0.54,"",20,2.5,83,4.4,80,4.3,90,4.8,5096112,7.1,46024,0.2,-9756,-3.0,74,2.5
"30000","5","518210","58","0","2025","1","",205,513,513,521,65207020,13912877,185553,9727,"",0.74,0.32,0.33,0.33,1.01,0.42,0.41,3.09,"",-6,-2.8,-6,-1.2,-1,-0.2,20,4.0,48068726,280.5,1854201,15.4,37571,25.4,7149,277.3
"30009","5","518210","78","0","2025","1","N",1,0,0,0,0,0,0,0,"N",0.35,0,0,0,0,0,0,0,"N",0,0.0,0,0,0,0,0,0,0,0,0,0,0,0,0,0
"30013","5","518210","78","0","2025","1","",4,14,14,15,340033,335566,760,1825,"",0.28,0.12,0.12,0.13,0.08,0.16,0.03,0.63,"",0,0.0,-2,-12.5,-2,-12.5,-1,-6.2,-8318,-2.4,-7209,-2.1,124,19.5,150,9.0
"30021","5","518210","78","0","2025","1","N",1,0,0,0,0,0,0,0,"N",0.55,0,0,0,0,0,0,0,"N",0,0.0,0,0,0,0,0,0,0,0,0,0,0,0,0,0
"30023","5","518210","78","0","2025","1","N",1,0,0,0,0,0,0,0,"N",0.66,0,0,0,0,0,0,0,"N",1,100.0,0,0,0,0,0,0,0,0,0,0,0,0,0,0
"30029","5","518210","78","0","2025","1","N",29,0,0,0,0,0,0,0,"N",0.93,0,0,0,0,0,0,0,"N",2,7.4,0,0,0,0,0,0,0,0,0,0,0,0,0,0
"30031","5","518210","78","0","2025","1","",40,114,113,116,50967094,3506431,51690,34290,"",0.92,0.49,0.49,0.51,4.75,0.62,0.65,9.57,"",3,8.1,21,22.6,18,18.9,22,23.4,47199547,1252.8,1301829,59.1,20563,66.1,31207,1012.2
"30035","5","518210","78","0","2025","1","N",1,0,0,0,0,0,0,0,"N",0.69,0,0,0,0,0,0,0,"N",1,100.0,0,0,0,0,0,0,0,0,0,0,0,0,0,0
"30043","5","518210","78","0","2025","1","",3,4,4,4,154141,138313,1891,2964,"",1.33,0.48,0.48,0.48,0.50,0.75,0.76,1.05,"N",0,0.0,0,0,0,0,0,0,0,0,0,0,0,0,0,0
"30047","5","518210","78","0","2025","1","",3,6,5,6,221539,169533,2309,3007,"",0.52,0.20,0.17,0.20,0.20,0.44,0.43,1.07,"N",1,50.0,0,0,0,0,0,0,0,0,0,0,0,0,0,0
"30049","5","518210","78","0","2025","1","",9,86,87,92,1631262,1475042,8952,1421,"",0.55,0.69,0.71,0.75,0.31,0.57,0.29,0.44,"",0,0.0,-10,-10.4,-8,-8.4,0,0.0,21326,1.3,-28870,-1.9,-479,-5.1,108,8.2
"30053","5","518210","78","0","2025","1","N",1,0,0,0,0,0,0,0,"N",0.24,0,0,0,0,0,0,0,"N",-1,-50.0,0,0,0,0,0,0,0,0,0,0,0,0,0,0
"30057","5","518210","78","0","2025","1","N",1,0,0,0,0,0,0,0,"N",0.37,0,0,0,0,0,0,0,"N",1,100.0,0,0,0,0,0,0,0,0,0,0,0,0,0,0
"30061","5","518210","78","0","2025","1","N",1,0,0,0,0,0,0,0,"N",1.15,0,0,0,0,0,0,0,"N",0,0.0,0,0,0,0,0,0,0,0,0,0,0,0,0,0
"30063","5","518210","78","0","2025","1","",21,90,87,84,2798818,2389838,33384,2475,"",0.69,0.44,0.43,0.42,0.34,0.54,0.57,0.79,"",1,5.0,57,172.7,56,180.6,53,171.0,1831419,189.3,1663808,229.2,22592,209.3,125,5.3
"30067","5","518210","78","0","2025","1","N",3,0,0,0,0,0,0,0,"N",0.52,0,0,0,0,0,0,0,"N",1,50.0,0,0,0,0,0,0,0,0,0,0,0,0,0,0
"30073","5","518210","78","0","2025","1","N",1,0,0,0,0,0,0,0,"N",0.98,0,0,0,0,0,0,0,"N",1,100.0,0,0,0,0,0,0,0,0,0,0,0,0,0,0
"30081","5","518210","78","0","2025","1","",7,19,20,21,586361,491727,6370,2255,"",0.66,0.45,0.48,0.51,0.39,0.69,0.60,0.81,"",-1,-12.5,3,18.8,4,25.0,5,31.2,163770,38.8,112197,29.6,1974,44.9,223,11.0
"30083","5","518210","78","0","2025","1","N",1,0,0,0,0,0,0,0,"N",0.36,0,0,0,0,0,0,0,"N",0,0.0,0,0,0,0,0,0,0,0,0,0,0,0,0,0
"30093","5","518210","78","0","2025","1","N",3,0,0,0,0,0,0,0,"N",0.45,0,0,0,0,0,0,0,"N",-2,-40.0,0,0,0,0,0,0,0,0,0,0,0,0,0,0
"30097","5","518210","78","0","2025","1","N",2,0,0,0,0,0,0,0,"N",1.66,0,0,0,0,0,0,0,"N",0,0.0,0,0,0,0,0,0,0,0,0,0,0,0,0,0
"30111","5","518210","78","0","2025","1","",24,40,41,38,1907967,1213422,16107,3700,"",0.70,0.15,0.15,0.14,0.17,0.21,0.21,1.13,"N",8,50.0,0,0,0,0,0,0,0,0,0,0,0,0,0,0
"30999","5","518210","78","0","2025","1","",48,100,100,102,4380005,2959387,46713,3347,"",2.22,2.56,2.58,2.60,1.47,1.93,1.67,0.57,"",-19,-28.4,-56,-35.9,-57,-36.3,-44,-30.1,-1559163,-26.3,-1335092,-31.1,-9231,-16.5,361,12.1
"31000","3","518210","58","0","2025","1","",1,1,1,1,29015,9000,47,2232,"",1.63,0.08,0.08,0.08,0.13,2.04,9.76,1.71,"N",1,100.0,0,0,0,0,0,0,0,0,0,0,0,0,0,0
"31000","5","518210","58","0","2025","1","",436,2226,2197,2195,80953681,21188667,219672,2823,"",1.23,0.70,0.70,0.70,0.61,0.60,0.68,0.87,"",94,27.5,238,12.0,198,9.9,206,10.4,12118628,17.6,2461780,13.1,86938,65.5,165,6.2
"31013","5","518210","78","0","2025","1","N",1,0,0,0,0,0,0,0,"N",0.60,0,0,0,0,0,0,0,"N",1,100.0,0,0,0,0,0,0,0,0,0,0,0,0,0,0
"31019","5","518210","78","0","2025","1","N",4,0,0,0,0,0,0,0,"N",0.46,0,0,0,0,0,0,0,"N",1,33.3,0,0,0,0,0,0,0,0,0,0,0,0,0,0
"31025","5","518210","78","0","2025","1","N",2,0,0,0,0,0,0,0,"N",0.62,0,0,0,0,0,0,0,"N",1,100.0,0,0,0,0,0,0,0,0,0,0,0,0,0,0
"31031","5","518210","78","0","2025","1","N",1,0,0,0,0,0,0,0,"N",0.76,0,0,0,0,0,0,0,"N",0,0.0,0,0,0,0,0,0,0,0,0,0,0,0,0,0
"31035","5","518210","78","0","2025","1","N",1,0,0,0,0,0,0,0,"N",0.81,0,0,0,0,0,0,0,"N",1,100.0,0,0,0,0,0,0,0,0,0,0,0,0,0,0
"31055","5","518210","78","0","2025","1","",81,590,587,584,18200959,5656107,82126,2385,"",0.93,0.56,0.56,0.55,0.36,0.47,0.65,0.65,"",14,20.9,101,20.7,93,18.8,97,19.9,3926074,27.5,1273014,29.0,47449,136.8,144,6.4
"31065","5","518210","78","0","2025","1","N",1,0,0,0,0,0,0,0,"N",1.05,0,0,0,0,0,0,0,"N",1,100.0,0,0,0,0,0,0,0,0,0,0,0,0,0,0
"31081","5","518210","78","0","2025","1","N",1,0,0,0,0,0,0,0,"N",0.57,0,0,0,0,0,0,0,"N",1,100.0,0,0,0,0,0,0,0,0,0,0,0,0,0,0
"31083","5","518210","78","0","2025","1","N",1,0,0,0,0,0,0,0,"N",1.79,0,0,0,0,0,0,0,"N",1,100.0,0,0,0,0,0,0,0,0,0,0,0,0,0,0
"31099","5","518210","78","0","2025","1","N",1,0,0,0,0,0,0,0,"N",1.03,0,0,0,0,0,0,0,"N",1,100.0,0,0,0,0,0,0,0,0,0,0,0,0,0,0
"31109","3","518210","78","0","2025","1","",1,1,1,1,29015,9000,47,2232,"",12.89,0.46,0.45,0.45,0.81,12.68,77.53,1.79,"N",1,100.0,0,0,0,0,0,0,0,0,0,0,0,0,0,0
"31109","5","518210","78","0","2025","1","",45,285,277,278,11777601,2490289,16305,3236,"",1.00,0.52,0.51,0.51,0.53,0.44,0.40,1.04,"",6,15.4,12,4.4,0,0.0,3,1.1,4483672,61.5,78179,3.2,-2169,-11.7,1196,58.6
"31119","5","518210","78","0","2025","1","N",1,0,0,0,0,0,0,0,"N",0.16,0,0,0,0,0,0,0,"N",0,0.0,0,0,0,0,0,0,0,0,0,0,0,0,0,0
"31121","5","518210","78","0","2025","1","N",1,0,0,0,0,0,0,0,"N",0.79,0,0,0,0,0,0,0,"N",0,0.0,0,0,0,0,0,0,0,0,0,0,0,0,0,0
"31131","5","518210","78","0","2025","1","N",1,0,0,0,0,0,0,0,"N",0.43,0,0,0,0,0,0,0,"N",1,100.0,0,0,0,0,0,0,0,0,0,0,0,0,0,0
"31139","5","518210","78","0","2025","1","N",1,0,0,0,0,0,0,0,"N",0.91,0,0,0,0,0,0,0,"N",0,0.0,0,0,0,0,0,0,0,0,0,0,0,0,0,0
"31147","5","518210","78","0","2025","1","-",0,0,0,0,0,0,0,0,"N",0.00,0,0,0,0,0,0,0,"N",0,0,0,0,0,0,0,0,0,0,0,0,0,0,0,0
"31153","5","518210","78","0","2025","1","",26,68,68,67,1450891,505211,3671,1649,"",1.19,0.26,0.27,0.26,0.14,0.17,0.14,0.53,"",12,85.7,16,30.8,15,28.3,23,52.3,562525,63.3,166201,49.0,1389,60.9,273,19.8
"31155","5","518210","78","0","2025","1","N",1,0,0,0,0,0,0,0,"N",0.32,0,0,0,0,0,0,0,"N",1,100.0,0,0,0,0,0,0,0,0,0,0,0,0,0,0
"31157","5","518210","78","0","2025","1","N",1,0,0,0,0,0,0,0,"N",0.18,0,0,0,0,0,0,0,"N",0,0.0,0,0,0,0,0,0,0,0,0,0,0,0,0,0
"31159","5","518210","78","0","2025","1","-",0,0,0,0,0,0,0,0,"N",0.00,0,0,0,0,0,0,0,"N",0,0,0,0,0,0,0,0,0,0,0,0,0,0,0,0
"31173","5","518210","78","0","2025","1","N",1,0,0,0,0,0,0,0,"N",1.40,0,0,0,0,0,0,0,"N",0,0.0,0,0,0,0,0,0,0,0,0,0,0,0,0,0
"31177","5","518210","78","0","2025","1","N",1,0,0,0,0,0,0,0,"N",0.31,0,0,0,0,0,0,0,"N",0,0.0,0,0,0,0,0,0,0,0,0,0,0,0,0,0
"31185","5","518210","78","0","2025","1","N",1,0,0,0,0,0,0,0,"N",0.34,0,0,0,0,0,0,0,"N",0,0.0,0,0,0,0,0,0,0,0,0,0,0,0,0,0
"31999","5","518210","78","0","2025","1","",262,1151,1137,1136,47270261,11404920,112304,3186,"",4.27,9.31,9.26,9.18,5.01,5.33,3.40,0.54,"",52,24.8,96,9.1,81,7.7,73,6.9,2707941,6.1,796834,7.5,35959,47.1,-54,-1.7
"32000","5","518210","58","0","2025","1","",315,3084,3053,3050,129474885,73773179,1459747,3252,"",0.65,0.64,0.63,0.63,0.57,0.63,0.55,0.90,"",-37,-10.5,-44,-1.4,-43,-1.4,-15,-0.5,-17239364,-11.8,2910731,4.1,77937,5.6,-393,-10.8
"32001","5","518210","78","0","2025","1","N",2,0,0,0,0,0,0,0,"N",0.67,0,0,0,0,0,0,0,"N",0,0.0,0,0,0,0,0,0,0,0,0,0,0,0,0,0
"32003","5","518210","78","0","2025","1","",236,1957,1947,1933,84290508,47937342,961002,3332,"",0.75,0.55,0.55,0.55,0.52,0.57,0.50,0.94,"",-30,-11.3,-35,-1.8,-45,-2.3,-42,-2.1,-22004823,-20.7,2234358,4.9,34114,3.7,-784,-19.0
"32005","5","518210","78","0","2025","1","",6,26,27,25,665444,541034,8647,1969,"",0.62,0.40,0.41,0.39,0.20,0.34,0.25,0.50,"",-4,-40.0,-7,-21.2,-6,-18.2,-6,-19.4,-918701,-58.0,-270337,-33.3,-1621,-15.8,-1800,-47.8
"32007","5","518210","78","0","2025","1","N",2,0,0,0,0,0,0,0,"N",0.30,0,0,0,0,0,0,0,"N",0,0.0,0,0,0,0,0,0,0,0,0,0,0,0,0,0
"32019","5","518210","78","0","2025","1","N",2,0,0,0,0,0,0,0,"N",0.38,0,0,0,0,0,0,0,"N",0,0.0,0,0,0,0,0,0,0,0,0,0,0,0,0,0
"32023","5","518210","78","0","2025","1","-",0,0,0,0,0,0,0,0,"N",0.00,0,0,0,0,0,0,0,"N",0,0,0,0,0,0,0,0,0,0,0,0,0,0,0,0
"32029","5","518210","78","0","2025","1","",3,174,175,174,7023672,2782083,52637,3099,"",2.45,2.77,2.77,2.72,2.02,1.21,0.98,0.73,"",0,0.0,25,16.8,27,18.2,23,15.2,1515103,27.5,873349,45.8,18563,54.5,261,9.2
"32031","5","518210","78","0","2025","1","",44,755,743,763,28540650,18700518,358760,2913,"",0.54,1.01,0.99,1.02,0.80,1.07,0.91,0.79,"",-5,-10.2,-1,-0.1,-1,-0.1,28,3.8,1920258,7.2,63482,0.3,18338,5.4,164,6.0
"32033","5","518210","78","0","2025","1","N",1,0,0,0,0,0,0,0,"N",0.82,0,0,0,0,0,0,0,"N",1,100.0,0,0,0,0,0,0,0,0,0,0,0,0,0,0
"32510","5","518210","78","0","2025","1","N",4,0,0,0,0,0,0,0,"N",0.41,0,0,0,0,0,0,0,"N",1,33.3,0,0,0,0,0,0,0,0,0,0,0,0,0,0
"32999","5","518210","78","0","2025","1","",15,76,74,73,7467160,2366599,52729,7727,"",0.37,0.99,0.97,0.96,1.35,0.84,0.69,1.39,"",0,0.0,-5,-6.2,-6,-7.5,-8,-9.9,2169941,41.0,-95625,-3.9,5295,11.2,2676,53.0
"33000","5","518210","58","0","2025","1","",428,2127,2125,2139,82019256,25175054,219323,2962,"",1.42,0.99,1.00,1.00,0.69,0.76,1.02,0.70,"",-45,-9.5,400,23.2,414,24.2,423,24.7,3988730,5.1,3429459,15.8,-41362,-15.9,-532,-15.2
"33001","5","518210","78","0","2025","1","N",2,0,0,0,0,0,0,0,"N",0.20,0,0,0,0,0,0,0,"N",1,100.0,0,0,0,0,0,0,0,0,0,0,0,0,0,0
"33005","5","518210","78","0","2025","1","N",2,0,0,0,0,0,0,0,"N",0.20,0,0,0,0,0,0,0,"N",1,100.0,0,0,0,0,0,0,0,0,0,0,0,0,0,0
"33007","5","518210","78","0","2025","1","N",1,0,0,0,0,0,0,0,"N",0.21,0,0,0,0,0,0,0,"N",0,0.0,0,0,0,0,0,0,0,0,0,0,0,0,0,0
"33009","5","518210","78","0","2025","1","",7,49,51,52,1397464,660216,5149,2122,"",0.46,0.28,0.30,0.30,0.16,0.37,0.60,0.53,"N",3,75.0,0,0,0,0,0,0,0,0,0,0,0,0,0,0
"33011","5","518210","78","0","2025","1","",33,539,537,540,15969168,5454446,35304,2280,"",0.57,0.86,0.86,0.87,0.45,0.55,0.64,0.52,"",3,10.0,106,24.5,113,26.7,111,25.9,-1409524,-8.1,365603,7.2,-56178,-61.4,-839,-26.9
"33013","5","518210","78","0","2025","1","",8,20,22,23,1822732,302162,1564,6471,"",0.32,0.08,0.09,0.10,0.17,0.10,0.09,1.85,"",-1,-11.1,-4,-16.7,-3,-12.0,-2,-8.0,43181,2.4,-40843,-11.9,-227,-12.7,921,16.6
"33015","5","518210","78","0","2025","1","",33,765,760,769,13758598,8026000,62932,1384,"",0.61,1.57,1.58,1.59,0.54,0.97,1.33,0.34,"",-2,-5.7,331,76.3,342,81.8,354,85.3,3954112,40.3,3621201,82.2,29520,88.4,-402,-22.5
"33017","5","518210","78","0","2025","1","N",2,0,0,0,0,0,0,0,"N",0.14,0,0,0,0,0,0,0,"N",-1,-33.3,0,0,0,0,0,0,0,0,0,0,0,0,0,0
"33019","5","518210","78","0","2025","1","N",2,0,0,0,0,0,0,0,"N",0.37,0,0,0,0,0,0,0,"N",-1,-33.3,0,0,0,0,0,0,0,0,0,0,0,0,0,0
"33999","5","518210","78","0","2025","1","",338,719,720,720,48001313,10328457,110726,5131,"",3.56,4.51,4.50,4.55,2.54,2.60,2.19,0.56,"",-47,-12.2,-46,-6.0,-52,-6.7,-54,-7.0,785838,1.7,-775489,-7.0,-17027,-13.3,416,8.8
"34000","5","518210","58","0","2025","1","",1015,16031,16121,16155,1086931163,539345099,11398963,5192,"",0.68,1.21,1.22,1.22,1.31,1.55,1.42,1.08,"",-26,-2.5,-245,-1.5,-248,-1.5,-153,-0.9,93549618,9.4,8185632,1.5,449888,4.1,509,10.9
"34001","5","518210","78","0","2025","1","",11,35,22,21,482918,421872,8903,1429,"",0.33,0.09,0.06,0.05,0.03,0.06,0.05,0.45,"",5,83.3,15,75.0,3,15.8,3,16.7,124807,34.9,83231,24.6,1401,18.7,-21,-1.4
"34003","5","518210","78","0","2025","1","",90,1787,1791,1761,95256323,58575073,765391,4117,"",0.55,1.31,1.32,1.29,1.22,1.66,0.97,0.93,"",0,0.0,-370,-17.2,-337,-15.8,-247,-12.3,-18797973,-16.5,-14161121,-19.5,-224487,-22.7,-65,-1.6
"34005","5","518210","78","0","2025","1","",33,218,214,212,4753109,3962084,82466,1703,"",0.57,0.33,0.32,0.32,0.14,0.25,0.23,0.44,"",-1,-2.9,24,12.4,22,11.5,18,9.3,240776,5.3,267213,7.2,8577,11.6,-92,-5.1
"34007","5","518210","78","0","2025","1","",16,49,48,49,1744609,1194319,27876,2758,"",0.25,0.08,0.07,0.08,0.06,0.09,0.09,0.76,"",-3,-15.8,-12,-19.7,-17,-26.2,-11,-18.3,-295242,-14.5,-275464,-18.7,4615,19.8,227,9.0
"34009","5","518210","78","0","2025","1","",5,22,22,22,863193,609151,9467,3018,"",0.27,0.21,0.21,0.20,0.23,0.35,0.19,1.13,"",0,0.0,0,0.0,1,4.8,-2,-8.3,-21065,-2.4,-132257,-17.8,-3031,-24.3,-28,-0.9
"34011","5","518210","78","0","2025","1","N",2,0,0,0,0,0,0,0,"N",0.12,0,0,0,0,0,0,0,"N",-1,-33.3,0,0,0,0,0,0,0,0,0,0,0,0,0,0
"34013","5","518210","78","0","2025","1","",52,3560,3559,3535,196130314,94865869,2355353,4248,"",0.48,3.25,3.24,3.22,2.72,3.53,4.14,0.84,"",-1,-1.9,-7,-0.2,-85,-2.3,-123,-3.4,27451047,16.3,-13336670,-12.3,-333301,-12.4,667,18.6
"34015","5","518210","78","0","2025","1","",10,45,46,43,1273856,1053878,26737,2194,"",0.29,0.11,0.12,0.11,0.08,0.14,0.14,0.72,"",1,11.1,0,0.0,4,9.5,3,7.5,234285,22.5,179614,20.5,9064,51.3,305,16.1
"34017","5","518210","78","0","2025","1","",67,2678,2715,2761,140179610,97407668,2152404,3967,"",0.75,3.13,3.17,3.24,2.17,3.70,3.68,0.68,"",-5,-6.9,329,14.0,350,14.8,369,15.4,16509678,13.3,15868964,19.5,365116,20.4,-49,-1.2
"34019","5","518210","78","0","2025","1","",5,16,15,15,438537,390537,6056,2200,"",0.27,0.11,0.10,0.10,0.05,0.11,0.08,0.51,"",-1,-16.7,-9,-36.0,-11,-42.3,-11,-42.3,-217438,-33.1,-193064,-33.1,-4494,-42.6,234,11.9
"34021","5","518210","78","0","2025","1","",27,336,336,338,16013285,9713195,190260,3659,"",0.51,0.41,0.41,0.41,0.26,0.56,0.51,0.64,"",-2,-6.9,-12,-3.4,-1,-0.3,-37,-9.9,-249999,-1.5,291749,3.1,-6695,-3.4,118,3.3
"34023","5","518210","78","0","2025","1","",64,874,887,898,41718686,28804928,474890,3621,"",0.55,0.65,0.66,0.67,0.51,0.82,0.59,0.77,"",3,4.9,-16,-1.8,-21,-2.3,-4,-0.4,266523,0.6,151285,0.5,-114772,-19.5,78,2.2
"34025","5","518210","78","0","2025","1","",43,619,617,614,23544963,17446305,233309,2937,"",0.43,0.73,0.73,0.72,0.52,0.92,0.53,0.72,"",7,19.4,-77,-11.1,-79,-11.4,-76,-11.0,1222694,5.5,-534098,-3.0,-33639,-12.6,463,18.7
"34027","5","518210","78","0","2025","1","",34,353,360,355,15874032,11346937,252442,3430,"",0.41,0.37,0.38,0.38,0.21,0.38,0.38,0.56,"",0,0.0,13,3.8,16,4.7,14,4.1,315046,2.0,293125,2.7,11665,4.8,-73,-2.1
"34029","5","518210","78","0","2025","1","",25,98,95,95,2613344,1913374,45652,2094,"",0.34,0.17,0.16,0.16,0.12,0.18,0.18,0.71,"",1,4.2,-2,-2.0,-4,-4.0,-5,-5.0,512050,24.4,96262,5.3,-277,-0.6,472,29.1
"34031","5","518210","78","0","2025","1","N",13,0,0,0,0,0,0,0,"N",0.18,0,0,0,0,0,0,0,"N",2,18.2,0,0,0,0,0,0,0,0,0,0,0,0,0,0
"34033","5","518210","78","0","2025","1","N",2,0,0,0,0,0,0,0,"N",0.29,0,0,0,0,0,0,0,"N",0,0.0,0,0,0,0,0,0,0,0,0,0,0,0,0,0
"34035","5","518210","78","0","2025","1","",28,1189,1188,1192,125407656,51617072,494291,8109,"",0.56,1.98,1.99,1.98,2.24,2.44,1.12,1.13,"",-4,-12.5,-124,-9.4,-116,-8.9,-111,-8.5,5086787,4.2,-1413809,-2.7,-130308,-20.9,1026,14.5
"34037","5","518210","78","0","2025","1","N",2,0,0,0,0,0,0,0,"N",0.12,0,0,0,0,0,0,0,"N",0,0.0,0,0,0,0,0,0,0,0,0,0,0,0,0,0
"34039","5","518210","78","0","2025","1","",24,165,156,156,6904623,4881454,111639,3340,"",0.32,0.23,0.22,0.22,0.16,0.25,0.27,0.71,"",4,20.0,15,10.0,5,3.3,4,2.6,287154,4.3,-100166,-2.0,-15344,-12.1,-31,-0.9
"34041","5","518210","78","0","2025","1","N",7,0,0,0,0,0,0,0,"N",0.53,0,0,0,0,0,0,0,"N",1,16.7,0,0,0,0,0,0,0,0,0,0,0,0,0,0
"34999","5","518210","78","0","2025","1","",455,3465,3535,3579,382851545,138800930,3943022,8351,"",2.01,4.74,4.82,4.88,4.73,3.86,3.72,0.98,"",-32,-6.6,25,0.7,66,1.9,116,3.3,65951473,20.8,21690598,18.5,993365,33.7,1300,18.4
"35000","3","518210","58","0","2025","1","",21,275,280,277,5848896,151494,705,1622,"",39.16,25.25,25.36,25.19,32.13,23.27,84.04,1.27,"",0,0.0,8,3.0,9,3.3,1,0.4,516255,9.7,18437,13.9,-2,-0.3,110,7.3
"35000","5","518210","58","0","2025","1","",608,1005,1016,1003,40943119,23306525,229387,3124,"",1.96,0.37,0.37,0.37,0.36,0.45,0.41,0.98,"",-23,-3.6,-15,-1.5,-20,-1.9,-11,-1.1,776457,1.9,521116,2.3,45317,24.6,105,3.5
"35001","3","518210","78","0","2025","1","",2,114,118,118,2513418,0,0,1657,"",11.08,26.41,26.94,27.02,32.92,0.00,0.00,1.23,"",0,0.0,3,2.7,6,5.4,4,3.5,163608,7.0,0,0.0,0,0.0,48,3.0
"35001","5","518210","78","0","2025","1","",210,361,362,368,9606183,7506017,104158,2032,"",2.01,0.33,0.33,0.34,0.20,0.36,0.47,0.60,"",-3,-1.4,23,6.8,21,6.2,27,7.9,1005181,11.7,817456,12.2,45671,78.1,86,4.4
"35003","5","518210","78","0","2025","1","N",3,0,0,0,0,0,0,0,"N",4.77,0,0,0,0,0,0,0,"N",1,50.0,0,0,0,0,0,0,0,0,0,0,0,0,0,0
"35005","3","518210","78","0","2025","1","",2,16,18,15,191964,0,0,904,"",139.17,58.67,65.18,54.46,55.00,0.00,0.00,0.92,"",0,0.0,4,33.3,5,38.5,1,7.1,52785,37.9,0,0.0,0,0.0,80,9.7
"35005","5","518210","78","0","2025","1","N",5,0,0,0,0,0,0,0,"N",0.60,0,0,0,0,0,0,0,"N",-1,-16.7,0,0,0,0,0,0,0,0,0,0,0,0,0,0
"35006","3","518210","78","0","2025","1","",2,5,5,5,64340,0,0,990,"",539.97,55.29,54.47,54.51,54.98,0.00,0.00,1.00,"",0,0.0,0,0.0,0,0.0,0,0.0,1192,1.9,0,0.0,0,0.0,18,1.9
"35006","5","518210","78","0","2025","1","N",2,0,0,0,0,0,0,0,"N",0.93,0,0,0,0,0,0,0,"N",0,0.0,0,0,0,0,0,0,0,0,0,0,0,0,0,0
"35007","5","518210","78","0","2025","1","N",1,0,0,0,0,0,0,0,"N",0.39,0,0,0,0,0,0,0,"N",-2,-66.7,0,0,0,0,0,0,0,0,0,0,0,0,0,0
"35009","3","518210","78","0","2025","1","",2,10,10,10,137000,0,0,1054,"",188.62,43.83,43.05,43.51,48.04,0.00,0.00,1.11,"",0,0.0,-1,-9.1,-1,-9.1,-1,-9.1,-4047,-2.9,0,0.0,0,0.0,68,6.9
"35009","5","518210","78","0","2025","1","N",4,0,0,0,0,0,0,0,"N",0.65,0,0,0,0,0,0,0,"N",0,0.0,0,0,0,0,0,0,0,0,0,0,0,0,0,0
"35013","3","518210","78","0","2025","1","",1,23,23,22,423724,0,0,1438,"",21.59,22.65,22.41,21.58,30.53,0.00,0.00,1.37,"",0,0.0,1,4.5,1,4.5,-1,-4.3,85643,25.3,0,0.0,0,0.0,274,23.5
"35013","5","518210","78","0","2025","1","",50,110,119,116,1726532,1414176,9892,1155,"",1.87,0.43,0.47,0.46,0.20,0.38,0.20,0.44,"",4,8.7,3,2.8,2,1.7,4,3.6,63831,3.8,70096,5.2,2200,28.6,13,1.1
"35015","3","518210","78","0","2025","1","",2,7,7,7,208000,42897,347,2286,"",127.15,16.47,16.20,16.21,23.16,112.66,736.76,1.42,"",0,0.0,0,0.0,0,0.0,0,0.0,22439,12.1,10628,32.9,-27,-7.2,247,12.1
"35015","5","518210","78","0","2025","1","N",8,0,0,0,0,0,0,0,"N",0.88,0,0,0,0,0,0,0,"N",1,14.3,0,0,0,0,0,0,0,0,0,0,0,0,0,0
"35017","5","518210","78","0","2025","1","N",4,0,0,0,0,0,0,0,"N",1.15,0,0,0,0,0,0,0,"N",2,100.0,0,0,0,0,0,0,0,0,0,0,0,0,0,0
"35023","5","518210","78","0","2025","1","N",1,0,0,0,0,0,0,0,"N",1.35,0,0,0,0,0,0,0,"N",1,100.0,0,0,0,0,0,0,0,0,0,0,0,0,0,0
"35025","3","518210","78","0","2025","1","",1,7,7,7,181091,0,0,1990,"",58.27,16.46,16.22,16.29,22.73,0.00,0.00,1.39,"",0,0.0,0,0.0,0,0.0,0,0.0,36932,25.6,0,0.0,0,0.0,406,25.6
"35025","5","518210","78","0","2025","1","N",2,0,0,0,0,0,0,0,"N",0.20,0,0,0,0,0,0,0,"N",1,100.0,0,0,0,0,0,0,0,0,0,0,0,0,0,0
"35027","3","518210","78","0","2025","1","",1,4,4,4,57072,0,0,1098,"",143.95,49.01,48.25,47.88,58.54,0.00,0.00,1.21,"",0,0.0,-1,-20.0,-1,-20.0,-1,-20.0,-16735,-22.7,0,0.0,0,0.0,-37,-3.3
"35027","5","518210","78","0","2025","1","N",1,0,0,0,0,0,0,0,"N",0.25,0,0,0,0,0,0,0,"N",0,0.0,0,0,0,0,0,0,0,0,0,0,0,0,0,0
"35028","3","518210","78","0","2025","1","",1,25,24,24,739359,0,0,2337,"",211.09,88.84,84.05,84.77,84.72,0.00,0.00,0.99,"",0,0.0,1,4.2,0,0.0,0,0.0,38351,5.5,0,0.0,0,0.0,90,4.0
"35028","5","518210","78","0","2025","1","",13,35,36,36,2720707,1102166,5191,5868,"",4.75,0.50,0.51,0.51,0.50,0.38,0.32,0.99,"",-1,-7.1,4,12.9,6,20.0,5,16.1,681740,33.4,161710,17.2,684,15.2,754,14.7
"35029","5","518210","78","0","2025","1","N",1,0,0,0,0,0,0,0,"N",0.39,0,0,0,0,0,0,0,"N",-1,-50.0,0,0,0,0,0,0,0,0,0,0,0,0,0,0
"35031","3","518210","78","0","2025","1","",2,11,11,11,172314,0,0,1205,"",210.04,45.29,44.40,44.53,55.02,0.00,0.00,1.23,"",0,0.0,0,0.0,0,0.0,0,0.0,24512,16.6,0,0.0,0,0.0,171,16.5
"35031","5","518210","78","0","2025","1","N",2,0,0,0,0,0,0,0,"N",0.36,0,0,0,0,0,0,0,"N",0,0.0,0,0,0,0,0,0,0,0,0,0,0,0,0,0
"35035","5","518210","78","0","2025","1","",4,10,13,12,312730,287191,14047,2062,"",0.66,0.18,0.24,0.22,0.17,0.43,1.76,0.80,"",-3,-42.9,7,233.3,9,225.0,8,200.0,189832,154.5,210874,276.3,11851,539.7,-516,-20.0
"35037","3","518210","78","0","2025","1","",1,0,0,0,0,0,0,0,"",378.95,0.00,0.00,0.00,0.00,0.00,0.00,0.00,"",0,0.0,0,0.0,0,0.0,0,0.0,0,0.0,0,0.0,0,0.0,0,0.0
"35037","5","518210","78","0","2025","1","N",1,0,0,0,0,0,0,0,"N",0.66,0,0,0,0,0,0,0,"N",1,100.0,0,0,0,0,0,0,0,0,0,0,0,0,0,0
"35039","5","518210","78","0","2025","1","",3,7,7,7,392494,224998,1138,4313,"",0.76,0.24,0.24,0.24,0.42,0.58,0.26,1.73,"",-1,-25.0,0,0.0,0,0.0,0,0.0,-17652,-4.3,18690,9.1,137,13.7,-194,-4.3
"35041","5","518210","78","0","2025","1","",4,4,4,4,51500,51500,433,990,"",1.81,0.21,0.22,0.22,0.09,0.23,0.21,0.42,"N",1,33.3,0,0,0,0,0,0,0,0,0,0,0,0,0,0
"35043","5","518210","78","0","2025","1","",49,61,62,58,2255646,1541172,10655,2876,"",3.23,0.53,0.54,0.52,0.49,0.68,0.45,0.92,"",4,8.9,13,27.1,10,19.2,7,13.7,238506,11.8,237177,18.2,-1215,-10.2,-207,-6.7
"35045","3","518210","78","0","2025","1","",2,23,23,24,538281,0,0,1775,"",82.45,38.80,38.24,39.88,57.72,0.00,0.00,1.48,"",0,0.0,1,4.5,-1,-4.2,-1,-4.0,43942,8.9,0,0.0,0,0.0,168,10.5
"35045","5","518210","78","0","2025","1","",11,7,9,9,190720,175995,2783,1760,"",0.79,0.05,0.06,0.06,0.03,0.06,0.09,0.59,"",0,0.0,-3,-30.0,-1,-10.0,2,28.6,23160,13.8,12538,7.7,631,29.3,328,22.9
"35047","5","518210","78","0","2025","1","N",2,0,0,0,0,0,0,0,"N",0.55,0,0,0,0,0,0,0,"N",1,100.0,0,0,0,0,0,0,0,0,0,0,0,0,0,0
"35049","3","518210","78","0","2025","1","",1,24,24,24,513402,0,0,1646,"",18.98,31.43,30.93,30.93,41.50,0.00,0.00,1.33,"",0,0.0,0,0.0,0,0.0,0,0.0,59705,13.2,0,0.0,0,0.0,192,13.2
"35049","5","518210","78","0","2025","1","",82,65,61,58,2659668,1791271,25312,3336,"",2.69,0.34,0.32,0.30,0.35,0.60,0.87,1.08,"",3,3.8,-17,-20.7,-16,-20.8,-10,-14.7,-360584,-11.9,-79241,-4.2,-8193,-24.5,266,8.7
"35051","5","518210","78","0","2025","1","",3,3,3,3,78294,78294,569,2008,"",1.72,0.27,0.27,0.28,0.24,0.56,0.27,0.88,"",0,0.0,0,0.0,0,0.0,0,0.0,11752,17.7,11752,17.7,91,19.0,302,17.7
"35053","5","518210","78","0","2025","1","N",3,0,0,0,0,0,0,0,"N",1.70,0,0,0,0,0,0,0,"N",1,50.0,0,0,0,0,0,0,0,0,0,0,0,0,0,0
"35055","5","518210","78","0","2025","1","",14,16,16,16,428910,347111,5553,2062,"",2.16,0.45,0.45,0.45,0.41,0.66,0.60,0.92,"",0,0.0,0,0.0,0,0.0,1,6.7,67077,18.5,30127,9.5,1106,24.9,285,16.0
"35057","5","518210","78","0","2025","1","N",1,0,0,0,0,0,0,0,"N",0.59,0,0,0,0,0,0,0,"N",0,0.0,0,0,0,0,0,0,0,0,0,0,0,0,0,0
"35061","3","518210","78","0","2025","1","",1,6,6,6,108931,108597,358,1397,"",81.17,26.84,26.53,26.63,36.54,953.29,1973.41,1.37,"",0,0.0,0,0.0,0,0.0,0,0.0,7928,7.8,7809,7.7,25,7.5,102,7.9
"35061","5","518210","78","0","2025","1","N",9,0,0,0,0,0,0,0,"N",1.26,0,0,0,0,0,0,0,"N",-2,-18.2,0,0,0,0,0,0,0,0,0,0,0,0,0,0
"35999","5","518210","78","0","2025","1","",115,139,138,133,5089037,3300277,24106,2864,"",5.13,1.80,1.82,1.79,1.14,1.33,0.52,0.63,"",-30,-20.7,-23,-14.2,-21,-13.2,-25,-15.8,-821401,-13.9,-395599,-10.7,-1326,-5.2,17,0.6
"36000","3","518210","58","0","2025","1","N",3,0,0,0,0,0,0,0,"N",0.53,0,0,0,0,0,0,0,"N",0,0.0,0,0,0,0,0,0,0,0,0,0,0,0,0,0
"36000","5","518210","58","0","2025","1","",2658,28056,28501,28496,1891873218,363234143,12554473,5133,"",0.81,0.92,0.94,0.93,0.81,0.86,0.79,0.87,"",294,12.4,-766,-2.7,-259,-0.9,-423,-1.5,165971462,9.6,18064873,5.2,1094555,9.6,529,11.5
"36001","5","518210","78","0","2025","1","",84,867,868,864,25986429,10461505,332331,2307,"",1.63,1.18,1.18,1.18,0.64,1.34,1.15,0.54,"",30,55.6,-15,-1.7,5,0.6,-1,-0.1,4039651,18.4,911064,9.5,52721,18.9,367,18.9
"36003","5","518210","78","0","2025","1","N",1,0,0,0,0,0,0,0,"N",0.24,0,0,0,0,0,0,0,"N",0,0.0,0,0,0,0,0,0,0,0,0,0,0,0,0,0
"36005","5","518210","78","0","2025","1","N",11,0,0,0,0,0,0,0,"N",0.12,0,0,0,0,0,0,0,"N",0,0.0,0,0,0,0,0,0,0,0,0,0,0,0,0,0
"36007","5","518210","78","0","2025","1","",7,249,269,269,2692073,2136330,103429,789,"",0.35,0.97,1.03,1.04,0.25,0.75,1.09,0.24,"",-1,-12.5,22,9.7,47,21.2,46,20.6,70437,2.7,28000,1.3,34529,50.1,-111,-12.3
"36009","5","518210","78","0","2025","1","N",1,0,0,0,0,0,0,0,"N",0.12,0,0,0,0,0,0,0,"N",0,0.0,0,0,0,0,0,0,0,0,0,0,0,0,0,0
"36011","5","518210","78","0","2025","1","",4,20,22,20,644128,202331,4378,2397,"",0.51,0.26,0.29,0.27,0.20,0.23,0.13,0.72,"",1,33.3,4,25.0,3,15.8,1,5.3,82332,14.7,31969,18.8,-7797,-64.0,-4,-0.2
"36017","5","518210","78","0","2025","1","N",1,0,0,0,0,0,0,0,"N",0.21,0,0,0,0,0,0,0,"N",0,0.0,0,0,0,0,0,0,0,0,0,0,0,0,0,0
"36019","5","518210","78","0","2025","1","N",1,0,0,0,0,0,0,0,"N",0.11,0,0,0,0,0,0,0,"N",0,0.0,0,0,0,0,0,0,0,0,0,0,0,0,0,0
"36021","5","518210","78","0","2025","1","N",6,0,0,0,0,0,0,0,"N",0.59,0,0,0,0,0,0,0,"N",0,0.0,0,0,0,0,0,0,0,0,0,0,0,0,0,0
"36023","5","518210","78","0","2025","1","N",1,0,0,0,0,0,0,0,"N",0.20,0,0,0,0,0,0,0,"N",0,0.0,0,0,0,0,0,0,0,0,0,0,0,0,0,0
"36027","5","518210","78","0","2025","1","",19,229,226,227,6987134,3177723,21543,2364,"",0.46,0.65,0.63,0.63,0.41,0.79,0.15,0.64,"",0,0.0,-18,-7.3,-19,-7.8,-19,-7.7,413286,6.3,76633,2.5,-60496,-73.7,308,15.0
"36029","5","518210","78","0","2025","1","",52,692,697,700,17173131,5333829,156716,1897,"",0.45,0.48,0.49,0.49,0.25,0.29,0.23,0.52,"",-2,-3.7,38,5.8,15,2.2,12,1.7,971387,6.0,70362,1.3,1840,1.2,50,2.7
"36031","5","518210","78","0","2025","1","N",2,0,0,0,0,0,0,0,"N",0.33,0,0,0,0,0,0,0,"N",0,0.0,0,0,0,0,0,0,0,0,0,0,0,0,0,0
"36035","5","518210","78","0","2025","1","N",2,0,0,0,0,0,0,0,"N",0.38,0,0,0,0,0,0,0,"N",0,0.0,0,0,0,0,0,0,0,0,0,0,0,0,0,0
"36037","5","518210","78","0","2025","1","N",1,0,0,0,0,0,0,0,"N",0.14,0,0,0,0,0,0,0,"N",0,0.0,0,0,0,0,0,0,0,0,0,0,0,0,0,0
"36039","5","518210","78","0","2025","1","",4,7,7,6,245877,85192,2196,2837,"",0.63,0.15,0.15,0.13,0.13,0.16,0.11,0.87,"N",1,33.3,0,0,0,0,0,0,0,0,0,0,0,0,0,0
"36043","5","518210","78","0","2025","1","N",2,0,0,0,0,0,0,0,"N",0.34,0,0,0,0,0,0,0,"N",1,100.0,0,0,0,0,0,0,0,0,0,0,0,0,0,0
"36045","5","518210","78","0","2025","1","",4,21,14,14,463262,183889,6178,2182,"",0.30,0.17,0.11,0.11,0.10,0.16,0.13,0.77,"",0,0.0,-3,-12.5,-11,-44.0,-10,-41.7,-601434,-56.5,-128246,-41.1,-10889,-63.8,-1184,-35.2
"36047","5","518210","78","0","2025","1","",264,1129,1122,1109,53639795,14178508,586779,3684,"",0.76,0.37,0.37,0.36,0.45,0.39,0.44,1.23,"",34,14.8,196,21.0,208,22.8,175,18.7,11768895,28.1,3023370,27.1,157212,36.6,210,6.0
"36051","5","518210","78","0","2025","1","N",1,0,0,0,0,0,0,0,"N",0.15,0,0,0,0,0,0,0,"N",0,0.0,0,0,0,0,0,0,0,0,0,0,0,0,0,0
"36055","5","518210","78","0","2025","1","",51,448,426,424,12618825,5218735,188636,2243,"",0.57,0.37,0.36,0.35,0.23,0.37,0.36,0.63,"",5,10.9,-15,-3.2,1,0.2,11,2.7,1901853,17.7,-36362,-0.7,57572,43.9,342,18.0
"36059","5","518210","78","0","2025","1","",103,1098,1085,1085,53102869,13313633,350924,3750,"",0.40,0.56,0.55,0.55,0.51,0.52,0.37,0.92,"",15,17.0,-84,-7.1,-80,-6.9,-89,-7.6,1236487,2.4,-1486403,-10.0,-62048,-15.0,351,10.3
"36061","5","518210","78","0","2025","1","",787,17181,17625,17583,1302223885,233778737,7979337,5736,"",1.32,2.22,2.27,2.26,1.08,1.70,1.50,0.48,"",78,11.0,945,5.8,1419,8.8,1318,8.1,242080724,22.8,26982078,13.0,1220903,18.1,713,14.2
"36063","5","518210","78","0","2025","1","",4,15,23,28,421317,221413,5212,1473,"",0.18,0.07,0.11,0.13,0.05,0.09,0.05,0.49,"",-1,-20.0,-14,-48.3,-5,-17.9,0,0.0,-1128271,-72.8,-141087,-38.9,-17076,-76.6,-2734,-65.0
"36065","5","518210","78","0","2025","1","",8,23,30,26,575684,243025,11887,1682,"",0.33,0.07,0.09,0.08,0.04,0.08,0.11,0.52,"",0,0.0,-2,-8.0,9,42.9,6,30.0,105580,22.5,22293,10.1,2169,22.3,38,2.3
"36067","5","518210","78","0","2025","1","",30,284,284,281,4673779,2894715,95432,1270,"",0.51,0.37,0.37,0.37,0.12,0.30,0.28,0.34,"",-1,-3.2,-47,-14.2,-43,-13.1,-42,-13.0,-639442,-12.0,-308405,-9.6,-6815,-6.7,20,1.6
"36069","5","518210","78","0","2025","1","N",5,0,0,0,0,0,0,0,"N",0.33,0,0,0,0,0,0,0,"N",1,25.0,0,0,0,0,0,0,0,0,0,0,0,0,0,0
"36071","3","518210","78","0","2025","1","N",3,0,0,0,0,0,0,0,"N",31.56,0,0,0,0,0,0,0,"N",0,0.0,0,0,0,0,0,0,0,0,0,0,0,0,0,0
"36071","5","518210","78","0","2025","1","",25,166,167,159,3445102,1931428,73552,1616,"",0.46,0.34,0.35,0.33,0.17,0.33,0.34,0.50,"",2,8.7,-5,-2.9,-4,-2.3,-23,-12.6,-1788230,-34.2,-235614,-10.9,7065,10.6,-689,-29.9
"36073","5","518210","78","0","2025","1","N",1,0,0,0,0,0,0,0,"N",0.26,0,0,0,0,0,0,0,"N",1,100.0,0,0,0,0,0,0,0,0,0,0,0,0,0,0
"36075","5","518210","78","0","2025","1","N",1,0,0,0,0,0,0,0,"N",0.09,0,0,0,0,0,0,0,"N",-1,-50.0,0,0,0,0,0,0,0,0,0,0,0,0,0,0
"36079","5","518210","78","0","2025","1","",5,22,22,22,688912,261472,7307,2409,"",0.33,0.26,0.27,0.27,0.19,0.24,0.19,0.70,"",-2,-28.6,-16,-42.1,-17,-43.6,-18,-45.0,-638840,-48.1,-224599,-46.2,-7351,-50.2,-210,-8.0
"36081","5","518210","78","0","2025","1","",90,387,378,384,12309093,4427002,187877,2472,"",0.34,0.17,0.16,0.16,0.11,0.15,0.17,0.69,"",-3,-3.2,44,12.8,36,10.5,55,16.7,1196846,10.8,351112,8.6,53180,39.5,-57,-2.3
"36083","5","518210","78","0","2025","1","",4,85,87,86,1890689,818461,24458,1691,"",0.25,0.49,0.50,0.49,0.22,0.43,0.35,0.44,"",0,0.0,-9,-9.6,-5,-5.4,-7,-7.5,-11126,-0.6,-44401,-5.1,-4114,-14.4,118,7.5
"36085","5","518210","78","0","2025","1","N",7,0,0,0,0,0,0,0,"N",0.14,0,0,0,0,0,0,0,"N",-4,-36.4,0,0,0,0,0,0,0,0,0,0,0,0,0,0
"36087","5","518210","78","0","2025","1","",25,189,190,188,4298148,2171146,48497,1749,"",0.43,0.42,0.43,0.42,0.22,0.40,0.24,0.51,"",5,25.0,6,3.3,6,3.3,5,2.7,356057,9.0,53672,2.5,159,0.3,95,5.7
"36091","5","518210","78","0","2025","1","",20,185,186,192,12491834,2509446,108081,5120,"",0.67,0.65,0.65,0.67,0.93,0.64,0.79,1.42,"",0,0.0,41,28.5,42,29.2,47,32.4,5134458,69.8,806963,47.4,40082,58.9,1199,30.6
"36093","5","518210","78","0","2025","1","",7,22,21,20,298997,190826,7469,1095,"",0.43,0.12,0.11,0.11,0.03,0.08,0.09,0.27,"",-2,-22.2,-4,-15.4,-5,-19.2,-7,-25.9,-106402,-26.2,-58659,-23.5,-2108,-22.0,-89,-7.5
"36099","5","518210","78","0","2025","1","N",2,0,0,0,0,0,0,0,"N",0.58,0,0,0,0,0,0,0,"N",0,0.0,0,0,0,0,0,0,0,0,0,0,0,0,0,0
"36101","5","518210","78","0","2025","1","",4,3,3,3,51766,34700,985,1327,"",0.40,0.03,0.03,0.03,0.01,0.03,0.02,0.28,"",0,0.0,-5,-62.5,-5,-62.5,-5,-62.5,-155847,-75.1,-50248,-59.2,-1463,-59.8,-669,-33.5
"36103","5","518210","78","0","2025","1","",75,1071,1067,1109,63582724,13654177,474622,4519,"",0.29,0.51,0.51,0.52,0.56,0.48,0.44,1.09,"",-5,-6.2,-47,-4.2,-42,-3.8,-9,-0.8,7358069,13.1,257351,1.9,80990,20.6,640,16.5
"36107","5","518210","78","0","2025","1","",4,12,13,13,371792,124452,2885,2258,"",0.97,0.30,0.32,0.32,0.19,0.27,0.18,0.61,"",0,0.0,6,100.0,7,116.7,7,116.7,202925,120.2,45539,57.7,1188,70.0,93,4.3
"36109","5","518210","78","0","2025","1","",8,22,22,22,734336,282745,7329,2568,"",0.63,0.15,0.15,0.15,0.10,0.24,0.18,0.69,"",0,0.0,0,0.0,1,4.8,1,4.8,9742,1.3,37446,15.3,372,5.3,-45,-1.7
"36111","5","518210","78","0","2025","1","",11,111,114,114,2684273,1223842,17540,1827,"",0.41,0.60,0.62,0.62,0.35,0.58,0.23,0.57,"",0,0.0,10,9.9,11,10.7,7,6.5,658738,32.5,277458,29.3,-9432,-35.0,324,21.6
"36113","5","518210","78","0","2025","1","N",4,0,0,0,0,0,0,0,"N",0.36,0,0,0,0,0,0,0,"N",-1,-20.0,0,0,0,0,0,0,0,0,0,0,0,0,0,0
"36115","5","518210","78","0","2025","1","N",1,0,0,0,0,0,0,0,"N",0.17,0,0,0,0,0,0,0,"N",-1,-50.0,0,0,0,0,0,0,0,0,0,0,0,0,0,0
"36117","5","518210","78","0","2025","1","",3,3,3,3,163325,38400,1626,4188,"",0.31,0.03,0.03,0.03,0.05,0.04,0.04,1.35,"N",1,50.0,0,0,0,0,0,0,0,0,0,0,0,0,0,0
"36119","5","518210","78","0","2025","1","",88,375,376,370,10917952,3186344,126881,2248,"",0.51,0.28,0.28,0.28,0.12,0.17,0.18,0.42,"",5,6.0,-836,-69.0,-887,-70.2,-928,-71.5,-81264869,-88.2,-11041307,-77.6,-498391,-79.7,-3392,-60.1
"36121","5","518210","78","0","2025","1","N",1,0,0,0,0,0,0,0,"N",0.23,0,0,0,0,0,0,0,"N",0,0.0,0,0,0,0,0,0,0,0,0,0,0,0,0,0
"36999","5","518210","78","0","2025","1","",816,2794,2811,2836,285150684,36542259,1469742,7796,"",2.71,4.36,4.34,4.35,4.24,2.58,2.45,0.97,"",139,20.5,31,1.1,42,1.5,45,1.6,10820858,3.9,1885049,5.4,165320,12.7,190,2.5
"37000","3","518210","58","0","2025","1","",1,3,3,3,72611,72611,835,1862,"",0.34,0.05,0.05,0.05,0.06,1.92,22.45,1.20,"",0,0.0,0,0.0,0,0.0,0,0.0,5815,8.7,5815,8.7,20,2.5,149,8.7
"37000","5","518210","58","0","2025","1","",1964,12552,12427,12451,502636486,287334961,2392427,3099,"",1.15,0.82,0.81,0.81,0.65,0.96,0.96,0.80,"",180,10.1,183,1.5,39,0.3,187,1.5,33974420,7.2,4149823,1.5,201520,9.2,178,6.1
"37001","5","518210","78","0","2025","1","",9,40,40,39,775357,658360,3928,1504,"",0.45,0.19,0.19,0.18,0.10,0.21,0.17,0.53,"",4,80.0,5,14.3,5,14.3,5,14.7,165897,27.2,135279,25.9,1664,73.5,152,11.2
"37003","5","518210","78","0","2025","1","N",1,0,0,0,0,0,0,0,"N",0.30,0,0,0,0,0,0,0,"N",1,100.0,0,0,0,0,0,0,0,0,0,0,0,0,0,0
"37009","5","518210","78","0","2025","1","N",1,0,0,0,0,0,0,0,"N",0.29,0,0,0,0,0,0,0,"N",0,0.0,0,0,0,0,0,0,0,0,0,0,0,0,0,0
"37011","5","518210","78","0","2025","1","N",2,0,0,0,0,0,0,0,"N",0.63,0,0,0,0,0,0,0,"N",1,100.0,0,0,0,0,0,0,0,0,0,0,0,0,0,0
"37013","5","518210","78","0","2025","1","N",2,0,0,0,0,0,0,0,"N",0.33,0,0,0,0,0,0,0,"N",-1,-33.3,0,0,0,0,0,0,0,0,0,0,0,0,0,0
"37019","5","518210","78","0","2025","1","",12,10,10,7,250761,184765,1845,2143,"",0.57,0.08,0.08,0.05,0.05,0.08,0.10,0.77,"",1,9.1,-3,-23.1,-2,-16.7,-4,-36.4,-46186,-15.6,-51361,-21.8,-571,-23.6,239,12.6
"37021","5","518210","78","0","2025","1","",59,182,184,185,10605674,4925825,52383,4442,"",0.98,0.44,0.44,0.44,0.62,0.61,0.81,1.40,"",2,3.5,-77,-29.7,-73,-28.4,-83,-31.0,-9618178,-47.6,-1886390,-27.7,-21644,-29.2,-1511,-25.4
"37023","5","518210","78","0","2025","1","N",3,0,0,0,0,0,0,0,"N",0.37,0,0,0,0,0,0,0,"N",0,0.0,0,0,0,0,0,0,0,0,0,0,0,0,0,0
"37025","5","518210","78","0","2025","1","",28,88,84,84,3490830,2464370,29953,3147,"",0.88,0.31,0.30,0.30,0.31,0.53,0.79,1.02,"",4,16.7,4,4.8,-1,-1.2,-3,-3.4,177689,5.4,264849,12.0,5120,20.6,160,5.4
"37027","5","518210","78","0","2025","1","N",2,0,0,0,0,0,0,0,"N",0.27,0,0,0,0,0,0,0,"N",1,100.0,0,0,0,0,0,0,0,0,0,0,0,0,0,0
"37029","5","518210","78","0","2025","1","N",2,0,0,0,0,0,0,0,"N",2.13,0,0,0,0,0,0,0,"N",1,100.0,0,0,0,0,0,0,0,0,0,0,0,0,0,0
"37031","5","518210","78","0","2025","1","N",3,0,0,0,0,0,0,0,"N",0.23,0,0,0,0,0,0,0,"N",0,0.0,0,0,0,0,0,0,0,0,0,0,0,0,0,0
"37033","5","518210","78","0","2025","1","N",1,0,0,0,0,0,0,0,"N",0.67,0,0,0,0,0,0,0,"N",0,0.0,0,0,0,0,0,0,0,0,0,0,0,0,0,0
"37035","5","518210","78","0","2025","1","N",15,0,0,0,0,0,0,0,"N",0.63,0,0,0,0,0,0,0,"N",3,25.0,0,0,0,0,0,0,0,0,0,0,0,0,0,0
"37037","5","518210","78","0","2025","1","",20,27,28,24,951407,693934,6854,2779,"",1.73,0.43,0.44,0.38,0.40,0.63,0.77,0.96,"",7,53.8,5,22.7,8,40.0,3,14.3,86090,9.9,87192,14.4,2240,48.5,-391,-12.3
"37039","5","518210","78","0","2025","1","N",4,0,0,0,0,0,0,0,"N",0.95,0,0,0,0,0,0,0,"N",-2,-33.3,0,0,0,0,0,0,0,0,0,0,0,0,0,0
"37041","5","518210","78","0","2025","1","N",2,0,0,0,0,0,0,0,"N",1.01,0,0,0,0,0,0,0,"N",1,100.0,0,0,0,0,0,0,0,0,0,0,0,0,0,0
"37043","5","518210","78","0","2025","1","N",1,0,0,0,0,0,0,0,"N",0.60,0,0,0,0,0,0,0,"N",1,100.0,0,0,0,0,0,0,0,0,0,0,0,0,0,0
"37045","5","518210","78","0","2025","1","N",8,0,0,0,0,0,0,0,"N",0.78,0,0,0,0,0,0,0,"N",2,33.3,0,0,0,0,0,0,0,0,0,0,0,0,0,0
"37047","5","518210","78","0","2025","1","N",3,0,0,0,0,0,0,0,"N",0.55,0,0,0,0,0,0,0,"N",1,50.0,0,0,0,0,0,0,0,0,0,0,0,0,0,0
"37049","5","518210","78","0","2025","1","",10,14,14,13,280875,269459,2674,1581,"",0.79,0.11,0.11,0.10,0.06,0.16,0.23,0.55,"N",4,66.7,0,0,0,0,0,0,0,0,0,0,0,0,0,0
"37051","5","518210","78","0","2025","1","",19,27,30,29,593459,437856,4004,1592,"",0.57,0.07,0.08,0.08,0.04,0.09,0.10,0.54,"N",1,5.6,0,0,0,0,0,0,0,0,0,0,0,0,0,0
"37053","5","518210","78","0","2025","1","N",5,0,0,0,0,0,0,0,"N",1.06,0,0,0,0,0,0,0,"N",1,25.0,0,0,0,0,0,0,0,0,0,0,0,0,0,0
"37055","5","518210","78","0","2025","1","N",8,0,0,0,0,0,0,0,"N",0.76,0,0,0,0,0,0,0,"N",1,14.3,0,0,0,0,0,0,0,0,0,0,0,0,0,0
"37057","5","518210","78","0","2025","1","",7,5,6,7,144404,138054,1346,1851,"",0.42,0.03,0.04,0.05,0.03,0.06,0.07,0.67,"N",3,75.0,0,0,0,0,0,0,0,0,0,0,0,0,0,0
"37061","5","518210","78","0","2025","1","N",1,0,0,0,0,0,0,0,"N",0.19,0,0,0,0,0,0,0,"N",0,0.0,0,0,0,0,0,0,0,0,0,0,0,0,0,0
"37063","5","518210","78","0","2025","1","",97,260,259,255,8661216,6422876,51541,2582,"",1.82,0.35,0.35,0.35,0.16,0.39,0.38,0.47,"",17,21.2,-49,-15.9,-55,-17.5,-69,-21.3,-2174415,-20.1,-595544,-8.5,-8236,-13.8,-58,-2.2
"37065","5","518210","78","0","2025","1","N",2,0,0,0,0,0,0,0,"N",0.49,0,0,0,0,0,0,0,"N",1,100.0,0,0,0,0,0,0,0,0,0,0,0,0,0,0
"37067","5","518210","78","0","2025","1","",43,181,185,185,5231453,4277109,32487,2191,"",0.84,0.31,0.31,0.31,0.17,0.45,0.48,0.56,"",0,0.0,-35,-16.2,-28,-13.1,-25,-11.9,-809001,-13.4,-280757,-6.2,-13773,-29.8,10,0.5
"37069","5","518210","78","0","2025","1","",6,10,10,9,276166,241593,2365,2198,"",0.76,0.22,0.22,0.20,0.16,0.28,0.37,0.73,"N",2,50.0,0,0,0,0,0,0,0,0,0,0,0,0,0,0
"37071","5","518210","78","0","2025","1","",8,7,6,6,217994,140087,1432,2648,"",0.31,0.03,0.02,0.02,0.02,0.03,0.03,0.94,"N",0,0.0,0,0,0,0,0,0,0,0,0,0,0,0,0,0
"37075","5","518210","78","0","2025","1","N",1,0,0,0,0,0,0,0,"N",0.99,0,0,0,0,0,0,0,"N",-1,-50.0,0,0,0,0,0,0,0,0,0,0,0,0,0,0
"37077","5","518210","78","0","2025","1","N",3,0,0,0,0,0,0,0,"N",0.55,0,0,0,0,0,0,0,"N",2,200.0,0,0,0,0,0,0,0,0,0,0,0,0,0,0
"37081","5","518210","78","0","2025","1","",47,359,361,357,10329877,3586509,26962,2213,"",0.60,0.39,0.40,0.39,0.26,0.21,0.20,0.66,"",4,9.3,11,3.2,10,2.8,6,1.7,227149,2.2,-4960102,-58.0,-10221,-27.5,-7,-0.3
"37083","5","518210","78","0","2025","1","N",1,0,0,0,0,0,0,0,"N",0.21,0,0,0,0,0,0,0,"N",0,0.0,0,0,0,0,0,0,0,0,0,0,0,0,0,0
"37085","5","518210","78","0","2025","1","",10,9,9,10,235911,210488,2143,1944,"",0.84,0.10,0.10,0.11,0.08,0.16,0.21,0.78,"",6,150.0,1,12.5,2,28.6,3,42.9,95358,67.8,69935,49.8,644,43.0,470,31.9
"37087","5","518210","78","0","2025","1","N",6,0,0,0,0,0,0,0,"N",0.65,0,0,0,0,0,0,0,"N",1,20.0,0,0,0,0,0,0,0,0,0,0,0,0,0,0
"37089","5","518210","78","0","2025","1","N",12,0,0,0,0,0,0,0,"N",0.63,0,0,0,0,0,0,0,"N",-1,-7.7,0,0,0,0,0,0,0,0,0,0,0,0,0,0
"37091","5","518210","78","0","2025","1","-",0,0,0,0,0,0,0,0,"N",0.00,0,0,0,0,0,0,0,"N",0,0.0,0,0,0,0,0,0,0,0,0,0,0,0,0,0
"37093","5","518210","78","0","2025","1","N",3,0,0,0,0,0,0,0,"N",0.90,0,0,0,0,0,0,0,"N",2,200.0,0,0,0,0,0,0,0,0,0,0,0,0,0,0
"37097","5","518210","78","0","2025","1","",25,44,42,41,1285921,953685,7788,2337,"",0.75,0.18,0.17,0.16,0.12,0.18,0.19,0.71,"",6,31.6,5,12.8,4,10.5,3,7.9,241017,23.1,103308,12.1,3054,64.5,240,11.4
"37099","5","518210","78","0","2025","1","N",6,0,0,0,0,0,0,0,"N",1.01,0,0,0,0,0,0,0,"N",-1,-14.3,0,0,0,0,0,0,0,0,0,0,0,0,0,0
"37101","5","518210","78","0","2025","1","",34,41,44,42,1860612,960174,10283,3381,"",1.32,0.20,0.22,0.21,0.24,0.28,0.41,1.12,"",15,78.9,18,78.3,21,91.3,18,75.0,1348224,263.1,563003,141.8,5601,119.6,1692,100.2
"37105","5","518210","78","0","2025","1","N",7,0,0,0,0,0,0,0,"N",0.87,0,0,0,0,0,0,0,"N",1,16.7,0,0,0,0,0,0,0,0,0,0,0,0,0,0
"37107","5","518210","78","0","2025","1","N",1,0,0,0,0,0,0,0,"N",0.16,0,0,0,0,0,0,0,"N",0,0.0,0,0,0,0,0,0,0,0,0,0,0,0,0,0
"37109","5","518210","78","0","2025","1","",7,7,7,7,175191,145812,1500,1925,"",0.55,0.08,0.08,0.08,0.05,0.09,0.11,0.66,"",1,16.7,1,16.7,1,16.7,1,16.7,28793,19.7,29417,25.3,395,35.7,48,2.6
"37111","5","518210","78","0","2025","1","N",1,0,0,0,0,0,0,0,"N",0.23,0,0,0,0,0,0,0,"N",0,0.0,0,0,0,0,0,0,0,0,0,0,0,0,0,0
"37113","5","518210","78","0","2025","1","",9,21,22,23,424363,300424,1886,1484,"",1.34,0.56,0.58,0.60,0.35,0.48,0.37,0.61,"N",3,50.0,0,0,0,0,0,0,0,0,0,0,0,0,0,0
"37115","5","518210","78","0","2025","1","N",3,0,0,0,0,0,0,0,"N",1.11,0,0,0,0,0,0,0,"N",-1,-25.0,0,0,0,0,0,0,0,0,0,0,0,0,0,0
"37117","5","518210","78","0","2025","1","N",2,0,0,0,0,0,0,0,"N",0.89,0,0,0,0,0,0,0,"N",1,100.0,0,0,0,0,0,0,0,0,0,0,0,0,0,0
"37119","5","518210","78","0","2025","1","",292,2766,2768,2791,109140821,63676094,534165,3025,"",1.22,1.13,1.13,1.14,0.62,1.11,1.12,0.54,"",56,23.7,-87,-3.0,-99,-3.5,-76,-2.7,-6817746,-5.9,-7811380,-10.9,23420,4.6,-91,-2.9
"37121","5","518210","78","0","2025","1","-",0,0,0,0,0,0,0,0,"N",0.00,0,0,0,0,0,0,0,"N",-1,-100.0,0,0,0,0,0,0,0,0,0,0,0,0,0,0
"37123","5","518210","78","0","2025","1","N",2,0,0,0,0,0,0,0,"N",0.69,0,0,0,0,0,0,0,"N",0,0.0,0,0,0,0,0,0,0,0,0,0,0,0,0,0
"37125","5","518210","78","0","2025","1","",17,52,51,50,1018468,922015,9669,1536,"",1.07,0.39,0.38,0.38,0.21,0.46,0.61,0.55,"N",7,70.0,0,0,0,0,0,0,0,0,0,0,0,0,0,0
"37127","5","518210","78","0","2025","1","N",2,0,0,0,0,0,0,0,"N",0.18,0,0,0,0,0,0,0,"N",-2,-50.0,0,0,0,0,0,0,0,0,0,0,0,0,0,0
"37129","5","518210","78","0","2025","1","",40,165,165,166,7050477,4376879,51610,3280,"",0.77,0.41,0.41,0.41,0.39,0.53,0.72,0.96,"",6,17.6,40,32.0,33,25.0,26,18.6,1162448,19.7,872045,24.9,11315,28.1,-143,-4.2
"37133","3","518210","78","0","2025","1","",1,3,3,3,72611,72611,835,1862,"",28.83,4.45,4.39,4.44,8.42,277.46,3450.72,1.90,"",0,0.0,0,0.0,0,0.0,0,0.0,5815,8.7,5815,8.7,20,2.5,149,8.7
"37133","5","518210","78","0","2025","1","",12,12,12,11,242111,233173,2004,1596,"",0.60,0.07,0.07,0.07,0.05,0.11,0.12,0.65,"",2,20.0,1,9.1,1,9.1,1,10.0,20585,9.3,11647,5.3,118,6.3,-2,-0.1
"37135","5","518210","78","0","2025","1","",37,304,302,298,20353726,9112580,76885,5196,"",1.54,1.22,1.20,1.20,1.56,3.08,3.13,1.29,"",-7,-15.9,9,3.1,2,0.7,4,1.4,2896443,16.6,640671,7.6,-10830,-12.3,664,14.7
"37137","5","518210","78","0","2025","1","N",2,0,0,0,0,0,0,0,"N",1.25,0,0,0,0,0,0,0,"N",0,0.0,0,0,0,0,0,0,0,0,0,0,0,0,0,0
"37139","5","518210","78","0","2025","1","",3,17,17,18,240031,240031,1883,1065,"",0.56,0.34,0.34,0.36,0.14,0.39,0.39,0.41,"N",0,0.0,0,0,0,0,0,0,0,0,0,0,0,0,0,0
"37141","5","518210","78","0","2025","1","",12,7,6,9,222262,190991,1540,2331,"",1.25,0.14,0.12,0.18,0.14,0.24,0.24,0.90,"",6,100.0,-1,-12.5,-2,-25.0,1,12.5,-11048,-4.7,30041,18.7,348,29.2,88,3.9
"37143","5","518210","78","0","2025","1","N",1,0,0,0,0,0,0,0,"N",0.79,0,0,0,0,0,0,0,"N",1,100.0,0,0,0,0,0,0,0,0,0,0,0,0,0,0
"37147","5","518210","78","0","2025","1","N",8,0,0,0,0,0,0,0,"N",0.39,0,0,0,0,0,0,0,"N",0,0.0,0,0,0,0,0,0,0,0,0,0,0,0,0,0
"37151","5","518210","78","0","2025","1","N",3,0,0,0,0,0,0,0,"N",0.21,0,0,0,0,0,0,0,"N",1,50.0,0,0,0,0,0,0,0,0,0,0,0,0,0,0
"37153","5","518210","78","0","2025","1","-",0,0,0,0,0,0,0,0,"N",0.00,0,0,0,0,0,0,0,"N",0,0,0,0,0,0,0,0,0,0,0,0,0,0,0,0
"37155","5","518210","78","0","2025","1","N",1,0,0,0,0,0,0,0,"N",0.10,0,0,0,0,0,0,0,"N",0,0.0,0,0,0,0,0,0,0,0,0,0,0,0,0,0
"37157","5","518210","78","0","2025","1","N",4,0,0,0,0,0,0,0,"N",0.46,0,0,0,0,0,0,0,"N",-1,-20.0,0,0,0,0,0,0,0,0,0,0,0,0,0,0
"37159","5","518210","78","0","2025","1","N",1,0,0,0,0,0,0,0,"N",0.06,0,0,0,0,0,0,0,"N",0,0.0,0,0,0,0,0,0,0,0,0,0,0,0,0,0
"37161","5","518210","78","0","2025","1","N",7,0,0,0,0,0,0,0,"N",1.02,0,0,0,0,0,0,0,"N",2,40.0,0,0,0,0,0,0,0,0,0,0,0,0,0,0
"37167","5","518210","78","0","2025","1","N",3,0,0,0,0,0,0,0,"N",0.38,0,0,0,0,0,0,0,"N",1,50.0,0,0,0,0,0,0,0,0,0,0,0,0,0,0
"37169","5","518210","78","0","2025","1","N",1,0,0,0,0,0,0,0,"N",0.26,0,0,0,0,0,0,0,"N",1,100.0,0,0,0,0,0,0,0,0,0,0,0,0,0,0
"37171","5","518210","78","0","2025","1","N",2,0,0,0,0,0,0,0,"N",0.22,0,0,0,0,0,0,0,"N",0,0.0,0,0,0,0,0,0,0,0,0,0,0,0,0,0
"37173","5","518210","78","0","2025","1","N",1,0,0,0,0,0,0,0,"N",0.44,0,0,0,0,0,0,0,"N",0,0.0,0,0,0,0,0,0,0,0,0,0,0,0,0,0
"37175","5","518210","78","0","2025","1","N",1,0,0,0,0,0,0,0,"N",0.17,0,0,0,0,0,0,0,"N",0,0.0,0,0,0,0,0,0,0,0,0,0,0,0,0,0
"37179","5","518210","78","0","2025","1","",44,98,101,103,3219682,2314165,24000,2460,"",1.16,0.40,0.42,0.42,0.30,0.46,0.55,0.72,"",4,10.0,37,60.7,28,38.4,28,37.3,923971,40.2,652273,39.2,7061,41.7,-75,-3.0
"37181","5","518210","78","0","2025","1","",3,5,5,5,71067,69052,546,1093,"",0.68,0.11,0.11,0.11,0.05,0.10,0.14,0.44,"N",2,200.0,0,0,0,0,0,0,0,0,0,0,0,0,0,0
"37183","5","518210","78","0","2025","1","",455,2979,2958,2985,137136653,73527984,634819,3547,"",1.95,1.45,1.44,1.46,1.19,1.56,1.60,0.82,"",69,17.9,775,35.2,752,34.1,815,37.6,25017346,22.3,16858429,29.7,154344,32.1,-385,-9.8
"37189","5","518210","78","0","2025","1","",6,11,12,11,498765,350604,4044,3385,"",0.66,0.15,0.16,0.14,0.20,0.43,0.66,1.33,"",2,50.0,4,57.1,5,71.4,4,57.1,274119,122.0,174428,99.0,186,4.8,916,37.1
"37191","5","518210","78","0","2025","1","N",1,0,0,0,0,0,0,0,"N",0.09,0,0,0,0,0,0,0,"N",0,0.0,0,0,0,0,0,0,0,0,0,0,0,0,0,0
"37193","5","518210","78","0","2025","1","",4,7,7,7,208805,179878,1711,2295,"",0.63,0.12,0.12,0.12,0.10,0.20,0.31,0.86,"N",2,100.0,0,0,0,0,0,0,0,0,0,0,0,0,0,0
"37195","5","518210","78","0","2025","1","N",4,0,0,0,0,0,0,0,"N",0.42,0,0,0,0,0,0,0,"N",3,300.0,0,0,0,0,0,0,0,0,0,0,0,0,0,0
"37197","5","518210","78","0","2025","1","N",1,0,0,0,0,0,0,0,"N",0.28,0,0,0,0,0,0,0,"N",-1,-50.0,0,0,0,0,0,0,0,0,0,0,0,0,0,0
"37199","5","518210","78","0","2025","1","N",2,0,0,0,0,0,0,0,"N",0.87,0,0,0,0,0,0,0,"N",1,100.0,0,0,0,0,0,0,0,0,0,0,0,0,0,0
"37999","5","518210","78","0","2025","1","",430,3487,3402,3426,130557821,73860130,603258,2921,"",2.78,4.53,4.42,4.48,1.96,2.73,2.10,0.44,"",-63,-12.8,-67,-1.9,-150,-4.2,-58,-1.7,28013800,27.3,6572516,9.8,75045,14.2,686,30.7
"38000","3","518210","58","0","2025","1","",2,44,55,50,567988,567988,454,880,"",7.00,8.33,10.32,9.36,5.95,161.94,170.47,0.64,"",0,0.0,-8,-15.4,4,7.8,-15,-23.1,-115817,-16.9,-115817,-16.9,-93,-17.0,-59,-6.3
"38000","5","518210","58","0","2025","1","N",155,0,0,0,0,0,0,0,"N",0.94,0,0,0,0,0,0,0,"N",-31,-16.7,0,0,0,0,0,0,0,0,0,0,0,0,0,0
"38003","5","518210","78","0","2025","1","N",1,0,0,0,0,0,0,0,"N",0.48,0,0,0,0,0,0,0,"N",-1,-50.0,0,0,0,0,0,0,0,0,0,0,0,0,0,0
"38009","5","518210","78","0","2025","1","N",1,0,0,0,0,0,0,0,"N",0.64,0,0,0,0,0,0,0,"N",-1,-50.0,0,0,0,0,0,0,0,0,0,0,0,0,0,0
"38015","5","518210","78","0","2025","1","N",18,0,0,0,0,0,0,0,"N",0.91,0,0,0,0,0,0,0,"N",-3,-14.3,0,0,0,0,0,0,0,0,0,0,0,0,0,0
"38017","3","518210","78","0","2025","1","",1,5,5,4,59924,59924,48,988,"",13.45,3.13,3.11,2.49,2.03,56.38,68.83,0.70,"",0,0.0,1,25.0,1,25.0,-2,-33.3,5354,9.8,5354,9.8,4,9.1,88,9.8
"38017","5","518210","78","0","2025","1","",71,117,118,116,3835063,3061021,5366,2521,"",1.65,0.29,0.30,0.29,0.21,0.36,0.12,0.71,"",-19,-21.1,-26,-18.2,-25,-17.5,-27,-18.9,-439973,-10.3,-560266,-15.5,-20457,-79.2,221,9.6
"38021","5","518210","78","0","2025","1","N",1,0,0,0,0,0,0,0,"N",0.79,0,0,0,0,0,0,0,"N",0,0.0,0,0,0,0,0,0,0,0,0,0,0,0,0,0
"38035","5","518210","78","0","2025","1","",10,17,15,17,361980,361980,842,1705,"",0.79,0.13,0.12,0.13,0.07,0.18,0.06,0.55,"",-3,-23.1,1,6.2,-2,-11.8,-1,-5.6,-9105,-2.5,916,0.3,-2401,-74.0,26,1.5
"38043","5","518210","78","0","2025","1","N",1,0,0,0,0,0,0,0,"N",1.69,0,0,0,0,0,0,0,"N",0,0.0,0,0,0,0,0,0,0,0,0,0,0,0,0,0
"38045","5","518210","78","0","2025","1","N",2,0,0,0,0,0,0,0,"N",1.83,0,0,0,0,0,0,0,"N",1,100.0,0,0,0,0,0,0,0,0,0,0,0,0,0,0
"38053","5","518210","78","0","2025","1","N",1,0,0,0,0,0,0,0,"N",0.26,0,0,0,0,0,0,0,"N",0,0.0,0,0,0,0,0,0,0,0,0,0,0,0,0,0
"38055","5","518210","78","0","2025","1","N",3,0,0,0,0,0,0,0,"N",1.65,0,0,0,0,0,0,0,"N",2,200.0,0,0,0,0,0,0,0,0,0,0,0,0,0,0
"38057","5","518210","78","0","2025","1","N",2,0,0,0,0,0,0,0,"N",1.32,0,0,0,0,0,0,0,"N",-1,-33.3,0,0,0,0,0,0,0,0,0,0,0,0,0,0
"38059","5","518210","78","0","2025","1","",10,9,9,8,185692,185692,869,1648,"",1.79,0.24,0.24,0.21,0.13,0.26,0.21,0.56,"",0,0.0,-3,-25.0,-3,-25.0,-4,-33.3,-67472,-26.7,-67472,-26.7,-18,-2.0,25,1.5
"38061","3","518210","78","0","2025","1","",1,39,50,46,508064,508064,406,868,"",248.64,591.90,749.21,689.84,356.30,7932.73,5764.49,0.53,"",0,0.0,-9,-18.8,3,6.4,-13,-22.0,-121171,-19.3,-121171,-19.3,-97,-19.3,-75,-8.0
"38061","5","518210","78","0","2025","1","-",0,0,0,0,0,0,0,0,"N",0.00,0,0,0,0,0,0,0,"N",0,0,0,0,0,0,0,0,0,0,0,0,0,0,0,0
"38071","5","518210","78","0","2025","1","N",1,0,0,0,0,0,0,0,"N",0.41,0,0,0,0,0,0,0,"N",0,0.0,0,0,0,0,0,0,0,0,0,0,0,0,0,0
"38073","5","518210","78","0","2025","1","N",2,0,0,0,0,0,0,0,"N",1.65,0,0,0,0,0,0,0,"N",0,0.0,0,0,0,0,0,0,0,0,0,0,0,0,0,0
"38077","5","518210","78","0","2025","1","N",2,0,0,0,0,0,0,0,"N",0.62,0,0,0,0,0,0,0,"N",0,0.0,0,0,0,0,0,0,0,0,0,0,0,0,0,0
"38079","5","518210","78","0","2025","1","N",1,0,0,0,0,0,0,0,"N",0.78,0,0,0,0,0,0,0,"N",0,0.0,0,0,0,0,0,0,0,0,0,0,0,0,0,0
"38093","5","518210","78","0","2025","1","N",2,0,0,0,0,0,0,0,"N",0.50,0,0,0,0,0,0,0,"N",0,0.0,0,0,0,0,0,0,0,0,0,0,0,0,0,0
"38097","5","518210","78","0","2025","1","N",2,0,0,0,0,0,0,0,"N",1.08,0,0,0,0,0,0,0,"N",0,0.0,0,0,0,0,0,0,0,0,0,0,0,0,0,0
"38099","5","518210","78","0","2025","1","N",1,0,0,0,0,0,0,0,"N",0.41,0,0,0,0,0,0,0,"N",-1,-50.0,0,0,0,0,0,0,0,0,0,0,0,0,0,0
"38101","5","518210","78","0","2025","1","N",7,0,0,0,0,0,0,0,"N",0.57,0,0,0,0,0,0,0,"N",0,0.0,0,0,0,0,0,0,0,0,0,0,0,0,0,0
"38105","5","518210","78","0","2025","1","N",8,0,0,0,0,0,0,0,"N",0.81,0,0,0,0,0,0,0,"N",-1,-11.1,0,0,0,0,0,0,0,0,0,0,0,0,0,0
"38999","5","518210","78","0","2025","1","",8,8,6,6,230093,210944,204,2655,"",2.51,1.02,0.77,0.76,0.41,0.65,0.05,0.48,"",-3,-27.3,1,14.3,-1,-14.3,-1,-14.3,-35561,-13.4,-38598,-15.5,-1570,-88.5,-264,-9.0
"39000","3","518210","58","0","2025","1","",36,629,633,640,13797783,0,0,1674,"",13.10,9.23,9.16,9.27,10.68,0.00,0.00,1.16,"",0,0.0,-11,-1.7,-15,-2.3,-14,-2.1,-8912,-0.1,0,0.0,0,0.0,33,2.0
"39000","5","518210","58","0","2025","1","",1948,12996,13018,13052,480420418,116718039,3102051,2838,"",1.23,0.76,0.76,0.76,0.60,0.61,0.65,0.79,"",96,5.2,1195,10.1,1196,10.1,1239,10.5,93156877,24.1,8999114,8.4,340817,12.3,316,12.5
"39001","5","518210","78","0","2025","1","N",1,0,0,0,0,0,0,0,"N",0.32,0,0,0,0,0,0,0,"N",-1,-50.0,0,0,0,0,0,0,0,0,0,0,0,0,0,0
"39003","5","518210","78","0","2025","1","N",7,0,0,0,0,0,0,0,"N",0.59,0,0,0,0,0,0,0,"N",1,16.7,0,0,0,0,0,0,0,0,0,0,0,0,0,0
"39005","5","518210","78","0","2025","1","N",4,0,0,0,0,0,0,0,"N",0.72,0,0,0,0,0,0,0,"N",0,0.0,0,0,0,0,0,0,0,0,0,0,0,0,0,0
"39007","5","518210","78","0","2025","1","N",4,0,0,0,0,0,0,0,"N",0.39,0,0,0,0,0,0,0,"N",-1,-20.0,0,0,0,0,0,0,0,0,0,0,0,0,0,0
"39009","5","518210","78","0","2025","1","N",7,0,0,0,0,0,0,0,"N",1.11,0,0,0,0,0,0,0,"N",0,0.0,0,0,0,0,0,0,0,0,0,0,0,0,0,0
"39011","5","518210","78","0","2025","1","N",1,0,0,0,0,0,0,0,"N",0.20,0,0,0,0,0,0,0,"N",-1,-50.0,0,0,0,0,0,0,0,0,0,0,0,0,0,0
"39013","5","518210","78","0","2025","1","N",2,0,0,0,0,0,0,0,"N",0.26,0,0,0,0,0,0,0,"N",0,0.0,0,0,0,0,0,0,0,0,0,0,0,0,0,0
"39017","3","518210","78","0","2025","1","",2,15,14,14,383059,0,0,2056,"",27.24,7.44,6.80,6.80,9.84,0.00,0.00,1.40,"",0,0.0,-1,-6.2,-3,-17.6,-3,-17.6,15825,4.3,0,0.0,0,0.0,361,21.3
"39017","5","518210","78","0","2025","1","N",33,0,0,0,0,0,0,0,"N",0.78,0,0,0,0,0,0,0,"N",-1,-2.9,0,0,0,0,0,0,0,0,0,0,0,0,0,0
"39019","5","518210","78","0","2025","1","N",3,0,0,0,0,0,0,0,"N",1.18,0,0,0,0,0,0,0,"N",0,0.0,0,0,0,0,0,0,0,0,0,0,0,0,0,0
"39023","5","518210","78","0","2025","1","",9,13,13,13,478306,117000,3762,2830,"",0.76,0.09,0.09,0.09,0.10,0.07,0.08,1.04,"",-3,-25.0,-3,-18.8,-2,-13.3,-2,-13.3,-79634,-14.3,-26576,-18.5,-1688,-31.0,31,1.1
"39025","5","518210","78","0","2025","1","",29,47,49,48,2294970,441800,18846,3678,"",1.24,0.24,0.25,0.25,0.29,0.19,0.33,1.18,"",0,0.0,-2,-4.1,1,2.1,1,2.1,-1100280,-32.4,3142,0.7,689,3.8,-1763,-32.4
"39027","5","518210","78","0","2025","1","N",8,0,0,0,0,0,0,0,"N",1.82,0,0,0,0,0,0,0,"N",0,0.0,0,0,0,0,0,0,0,0,0,0,0,0,0,0
"39029","5","518210","78","0","2025","1","N",2,0,0,0,0,0,0,0,"N",0.19,0,0,0,0,0,0,0,"N",0,0.0,0,0,0,0,0,0,0,0,0,0,0,0,0,0
"39031","5","518210","78","0","2025","1","-",0,0,0,0,0,0,0,0,"N",0.00,0,0,0,0,0,0,0,"N",-1,-100.0,0,0,0,0,0,0,0,0,0,0,0,0,0,0
"39033","5","518210","78","0","2025","1","N",2,0,0,0,0,0,0,0,"N",0.46,0,0,0,0,0,0,0,"N",0,0.0,0,0,0,0,0,0,0,0,0,0,0,0,0,0
"39035","3","518210","78","0","2025","1","",6,193,194,195,4361588,0,0,1729,"",19.35,22.58,22.41,22.63,23.60,0.00,0.00,1.05,"",0,0.0,-20,-9.4,-23,-10.6,-26,-11.8,-376864,-8.0,0,0.0,0,0.0,49,2.9
"39035","5","518210","78","0","2025","1","",220,2850,2831,2823,103067076,26503494,791617,2797,"",1.23,1.33,1.32,1.32,0.90,1.15,1.35,0.68,"",-4,-1.8,393,16.0,401,16.5,396,16.3,37412057,57.0,3620154,15.8,284415,56.1,725,35.0
"39037","5","518210","78","0","2025","1","N",2,0,0,0,0,0,0,0,"N",0.33,0,0,0,0,0,0,0,"N",0,0.0,0,0,0,0,0,0,0,0,0,0,0,0,0,0
"39039","5","518210","78","0","2025","1","N",1,0,0,0,0,0,0,0,"N",0.23,0,0,0,0,0,0,0,"N",0,0.0,0,0,0,0,0,0,0,0,0,0,0,0,0,0
"39041","5","518210","78","0","2025","1","",69,145,143,138,5256816,1286361,37587,2848,"",2.02,0.47,0.47,0.45,0.30,0.33,0.44,0.65,"",3,4.5,22,17.9,20,16.3,10,7.8,641089,13.9,117889,10.1,4999,15.3,0,0.0
"39043","3","518210","78","0","2025","1","",1,3,2,2,30346,0,0,1000,"",60.72,7.15,4.67,4.61,4.92,0.00,0.00,0.90,"",0,0.0,-1,-25.0,-2,-50.0,-2,-50.0,-19536,-39.2,0,0.0,0,0.0,41,4.3
"39043","5","518210","78","0","2025","1","",5,7,11,10,98273,50265,1304,810,"",0.53,0.07,0.10,0.09,0.03,0.05,0.04,0.29,"",-1,-16.7,-4,-36.4,0,0.0,0,0.0,-85249,-46.5,-26659,-34.7,-806,-38.2,-513,-38.8
"39045","3","518210","78","0","2025","1","",2,17,17,17,308957,0,0,1398,"",71.38,28.86,28.57,28.54,36.93,0.00,0.00,1.29,"",0,0.0,0,0.0,0,0.0,0,0.0,17272,5.9,0,0.0,0,0.0,78,5.9
"39045","5","518210","78","0","2025","1","",10,12,11,12,262100,110683,3309,1728,"",0.62,0.08,0.07,0.08,0.05,0.07,0.10,0.64,"",0,0.0,-1,-7.7,-1,-8.3,1,9.1,51977,24.7,4912,4.6,-529,-13.8,381,28.3
"39049","3","518210","78","0","2025","1","",6,63,62,63,1497594,0,0,1838,"",18.86,6.45,6.29,6.40,7.28,0.00,0.00,1.14,"",0,0.0,2,3.3,2,3.3,3,5.0,154078,11.5,0,0.0,0,0.0,125,7.3
"39049","5","518210","78","0","2025","1","",265,3491,3516,3559,121103338,31699973,660567,2645,"",1.44,1.43,1.44,1.46,0.95,1.19,1.00,0.66,"",-24,-8.3,166,5.0,197,5.9,245,7.4,-1482607,-1.2,-110841,-0.3,-163120,-19.8,-196,-6.9
"39051","5","518210","78","0","2025","1","N",1,0,0,0,0,0,0,0,"N",0.19,0,0,0,0,0,0,0,"N",0,0.0,0,0,0,0,0,0,0,0,0,0,0,0,0,0
"39053","5","518210","78","0","2025","1","N",1,0,0,0,0,0,0,0,"N",0.28,0,0,0,0,0,0,0,"N",0,0.0,0,0,0,0,0,0,0,0,0,0,0,0,0,0
"39055","5","518210","78","0","2025","1","",11,50,49,51,2341328,459297,13677,3602,"",0.75,0.45,0.44,0.46,0.54,0.35,0.43,1.20,"",3,37.5,13,35.1,13,36.1,13,34.2,822160,54.1,112762,32.5,4278,45.5,444,14.1
"39057","3","518210","78","0","2025","1","",2,15,15,15,264735,0,0,1358,"",60.14,14.89,14.71,14.73,12.89,0.00,0.00,0.87,"",0,0.0,-1,-6.2,-1,-6.2,-1,-6.2,-13196,-4.7,0,0.0,0,0.0,22,1.6
"39057","5","518210","78","0","2025","1","",18,110,112,114,2212090,977767,19919,1519,"",0.94,0.44,0.44,0.45,0.17,0.45,0.43,0.39,"",0,0.0,-1,-0.9,-3,-2.6,2,1.8,-72316,-3.2,-55417,-5.4,-2036,-9.3,-41,-2.6
"39061","3","518210","78","0","2025","1","",1,78,78,78,2028643,0,0,2001,"",4.64,12.30,12.13,12.12,13.97,0.00,0.00,1.15,"",0,0.0,-2,-2.5,-2,-2.5,-3,-3.7,-313994,-13.4,0,0.0,0,0.0,-242,-10.8
"39061","5","518210","78","0","2025","1","",149,1162,1162,1167,35572169,10736759,300734,2351,"",1.20,0.73,0.73,0.73,0.39,0.58,0.65,0.54,"",6,4.2,42,3.8,39,3.5,50,4.5,3155089,9.7,677972,6.7,70790,30.8,125,5.6
"39063","5","518210","78","0","2025","1","N",2,0,0,0,0,0,0,0,"N",0.22,0,0,0,0,0,0,0,"N",0,0.0,0,0,0,0,0,0,0,0,0,0,0,0,0,0
"39067","5","518210","78","0","2025","1","N",1,0,0,0,0,0,0,0,"N",0.63,0,0,0,0,0,0,0,"N",0,0.0,0,0,0,0,0,0,0,0,0,0,0,0,0,0
"39069","3","518210","78","0","2025","1","",1,2,2,2,36121,0,0,1389,"",185.02,15.37,15.19,15.08,18.66,0.00,0.00,1.23,"",0,0.0,0,0.0,0,0.0,0,0.0,988,2.8,0,0.0,0,0.0,38,2.8
"39071","5","518210","78","0","2025","1","N",1,0,0,0,0,0,0,0,"N",0.25,0,0,0,0,0,0,0,"N",0,0.0,0,0,0,0,0,0,0,0,0,0,0,0,0,0
"39073","5","518210","78","0","2025","1","N",2,0,0,0,0,0,0,0,"N",0.74,0,0,0,0,0,0,0,"N",0,0.0,0,0,0,0,0,0,0,0,0,0,0,0,0,0
"39075","5","518210","78","0","2025","1","-",0,0,0,0,0,0,0,0,"N",0.00,0,0,0,0,0,0,0,"N",0,0,0,0,0,0,0,0,0,0,0,0,0,0,0,0
"39077","5","518210","78","0","2025","1","N",5,0,0,0,0,0,0,0,"N",0.77,0,0,0,0,0,0,0,"N",-1,-16.7,0,0,0,0,0,0,0,0,0,0,0,0,0,0
"39079","5","518210","78","0","2025","1","N",1,0,0,0,0,0,0,0,"N",0.29,0,0,0,0,0,0,0,"N",0,0.0,0,0,0,0,0,0,0,0,0,0,0,0,0,0
"39081","5","518210","78","0","2025","1","",3,5,5,5,107922,45000,1476,1660,"",0.46,0.08,0.08,0.08,0.05,0.08,0.10,0.63,"",0,0.0,-1,-16.7,0,0.0,0,0.0,-986,-0.9,-16838,-27.2,-1892,-56.2,89,5.7
"39083","3","518210","78","0","2025","1","",1,1,1,1,9900,0,0,762,"",92.51,3.99,3.93,3.93,2.68,0.00,0.00,0.68,"",0,0.0,0,0.0,0,0.0,0,0.0,480,5.1,0,0.0,0,0.0,37,5.1
"39083","5","518210","78","0","2025","1","-",0,0,0,0,0,0,0,0,"N",0.00,0,0,0,0,0,0,0,"N",-1,-100.0,0,0,0,0,0,0,0,0,0,0,0,0,0,0
"39085","5","518210","78","0","2025","1","",29,48,47,49,1277564,418638,10303,2047,"",0.93,0.16,0.15,0.16,0.10,0.12,0.13,0.65,"N",-3,-9.4,0,0,0,0,0,0,0,0,0,0,0,0,0,0
"39087","5","518210","78","0","2025","1","N",1,0,0,0,0,0,0,0,"N",0.21,0,0,0,0,0,0,0,"N",-2,-66.7,0,0,0,0,0,0,0,0,0,0,0,0,0,0
"39089","5","518210","78","0","2025","1","",20,144,142,140,11325964,1239995,31845,6135,"",1.08,0.63,0.62,0.61,1.21,0.46,0.49,1.95,"",0,0.0,8,5.9,2,1.4,-1,-0.7,1683847,17.5,14806,1.2,1352,4.4,799,15.0
"39091","5","518210","78","0","2025","1","N",1,0,0,0,0,0,0,0,"N",0.21,0,0,0,0,0,0,0,"N",0,0.0,0,0,0,0,0,0,0,0,0,0,0,0,0,0
"39093","5","518210","78","0","2025","1","",24,57,58,58,3172389,522270,8010,4232,"",0.75,0.19,0.19,0.19,0.27,0.16,0.08,1.43,"",-3,-11.1,-2,-3.4,0,0.0,-3,-4.9,-207725,-6.1,-20778,-3.8,-4472,-35.8,-150,-3.4
"39095","5","518210","78","0","2025","1","",31,167,172,171,1738679,721247,17641,787,"",0.62,0.28,0.28,0.28,0.07,0.11,0.08,0.23,"",1,3.3,-75,-31.0,-64,-27.1,-50,-22.6,-587355,-25.3,-216916,-23.1,-4557,-20.5,19,2.5
"39097","5","518210","78","0","2025","1","N",2,0,0,0,0,0,0,0,"N",0.41,0,0,0,0,0,0,0,"N",-1,-33.3,0,0,0,0,0,0,0,0,0,0,0,0,0,0
"39099","5","518210","78","0","2025","1","",19,172,176,173,3891564,1546081,25109,1724,"",0.66,0.60,0.61,0.60,0.38,0.48,0.28,0.63,"",0,0.0,-10,-5.5,-4,-2.2,-6,-3.4,-57143,-1.4,-34610,-2.2,-6564,-20.7,40,2.4
"39101","5","518210","78","0","2025","1","N",1,0,0,0,0,0,0,0,"N",0.17,0,0,0,0,0,0,0,"N",0,0.0,0,0,0,0,0,0,0,0,0,0,0,0,0,0
"39103","3","518210","78","0","2025","1","",2,10,10,10,201823,0,0,1552,"",47.78,12.86,12.80,12.72,15.90,0.00,0.00,1.24,"",0,0.0,0,0.0,0,0.0,0,0.0,11796,6.2,0,0.0,0,0.0,90,6.2
"39103","5","518210","78","0","2025","1","",17,13,14,14,320612,120125,2959,1805,"",0.70,0.07,0.07,0.07,0.04,0.05,0.06,0.58,"",-4,-19.0,-20,-60.6,-20,-58.8,-17,-54.8,-411283,-56.2,-173812,-59.1,-3622,-55.0,82,4.8
"39105","5","518210","78","0","2025","1","N",1,0,0,0,0,0,0,0,"N",0.61,0,0,0,0,0,0,0,"N",0,0.0,0,0,0,0,0,0,0,0,0,0,0,0,0,0
"39107","5","518210","78","0","2025","1","N",2,0,0,0,0,0,0,0,"N",0.36,0,0,0,0,0,0,0,"N",0,0.0,0,0,0,0,0,0,0,0,0,0,0,0,0,0
"39109","5","518210","78","0","2025","1","",12,12,14,15,288403,128968,2924,1623,"",1.00,0.09,0.11,0.12,0.06,0.09,0.09,0.56,"",2,20.0,1,9.1,3,27.3,4,36.4,-17117,-5.6,27152,26.7,-338,-10.4,-514,-24.1
"39111","5","518210","78","0","2025","1","N",1,0,0,0,0,0,0,0,"N",0.61,0,0,0,0,0,0,0,"N",-2,-66.7,0,0,0,0,0,0,0,0,0,0,0,0,0,0
"39113","3","518210","78","0","2025","1","",2,46,46,45,1093447,0,0,1842,"",18.95,14.85,14.62,14.33,20.19,0.00,0.00,1.38,"",0,0.0,1,2.2,1,2.2,1,2.3,96650,9.7,0,0.0,0,0.0,125,7.3
"39113","5","518210","78","0","2025","1","",44,175,175,167,5068109,1566080,34711,2262,"",0.72,0.23,0.22,0.22,0.15,0.19,0.19,0.68,"",1,2.3,7,4.2,7,4.2,0,0.0,-266392,-5.0,-59570,-3.7,-3732,-9.7,-185,-7.6
"39117","5","518210","78","0","2025","1","N",1,0,0,0,0,0,0,0,"N",0.39,0,0,0,0,0,0,0,"N",0,0.0,0,0,0,0,0,0,0,0,0,0,0,0,0,0
"39119","3","518210","78","0","2025","1","",1,3,3,3,63238,0,0,1621,"",63.38,6.88,6.74,6.74,9.96,0.00,0.00,1.47,"",0,0.0,1,50.0,1,50.0,1,50.0,15656,32.9,0,0.0,0,0.0,-209,-11.4
"39119","5","518210","78","0","2025","1","N",1,0,0,0,0,0,0,0,"N",0.11,0,0,0,0,0,0,0,"N",0,0.0,0,0,0,0,0,0,0,0,0,0,0,0,0,0
"39123","5","518210","78","0","2025","1","N",5,0,0,0,0,0,0,0,"N",0.89,0,0,0,0,0,0,0,"N",-1,-16.7,0,0,0,0,0,0,0,0,0,0,0,0,0,0
"39129","5","518210","78","0","2025","1","N",4,0,0,0,0,0,0,0,"N",0.79,0,0,0,0,0,0,0,"N",0,0.0,0,0,0,0,0,0,0,0,0,0,0,0,0,0
"39133","5","518210","78","0","2025","1","N",16,0,0,0,0,0,0,0,"N",0.93,0,0,0,0,0,0,0,"N",-1,-5.9,0,0,0,0,0,0,0,0,0,0,0,0,0,0
"39135","5","518210","78","0","2025","1","N",2,0,0,0,0,0,0,0,"N",0.54,0,0,0,0,0,0,0,"N",0,0.0,0,0,0,0,0,0,0,0,0,0,0,0,0,0
"39139","5","518210","78","0","2025","1","N",3,0,0,0,0,0,0,0,"N",0.23,0,0,0,0,0,0,0,"N",0,0.0,0,0,0,0,0,0,0,0,0,0,0,0,0,0
"39141","5","518210","78","0","2025","1","N",1,0,0,0,0,0,0,0,"N",0.14,0,0,0,0,0,0,0,"N",0,0.0,0,0,0,0,0,0,0,0,0,0,0,0,0,0
"39143","5","518210","78","0","2025","1","N",2,0,0,0,0,0,0,0,"N",0.30,0,0,0,0,0,0,0,"N",-1,-33.3,0,0,0,0,0,0,0,0,0,0,0,0,0,0
"39145","5","518210","78","0","2025","1","N",1,0,0,0,0,0,0,0,"N",0.14,0,0,0,0,0,0,0,"N",0,0.0,0,0,0,0,0,0,0,0,0,0,0,0,0,0
"39147","5","518210","78","0","2025","1","N",1,0,0,0,0,0,0,0,"N",0.17,0,0,0,0,0,0,0,"N",0,0.0,0,0,0,0,0,0,0,0,0,0,0,0,0,0
"39149","3","518210","78","0","2025","1","",1,5,5,5,113706,0,0,1749,"",109.31,15.37,15.14,15.08,21.89,0.00,0.00,1.44,"",0,0.0,0,0.0,0,0.0,0,0.0,4869,4.5,0,0.0,0,0.0,75,4.5
"39149","5","518210","78","0","2025","1","N",1,0,0,0,0,0,0,0,"N",0.19,0,0,0,0,0,0,0,"N",0,0.0,0,0,0,0,0,0,0,0,0,0,0,0,0,0
"39151","3","518210","78","0","2025","1","",2,36,36,36,739256,0,0,1580,"",26.44,18.47,18.29,18.29,24.84,0.00,0.00,1.35,"",0,0.0,-1,-2.7,-2,-5.3,-2,-5.3,-12530,-1.7,0,0.0,0,0.0,45,2.9
"39151","5","518210","78","0","2025","1","",33,65,69,68,2065414,612373,37801,2360,"",0.76,0.13,0.14,0.14,0.11,0.12,0.30,0.81,"",2,6.5,1,1.6,5,7.8,0,0.0,322399,18.5,38345,6.7,22454,146.3,308,15.0
"39153","3","518210","78","0","2025","1","",4,133,139,145,2496257,0,0,1381,"",31.95,41.17,42.55,44.56,42.44,0.00,0.00,0.99,"",0,0.0,11,9.0,14,11.2,18,14.2,394860,18.8,0,0.0,0,0.0,84,6.5
"39153","5","518210","78","0","2025","1","",71,437,442,435,16335414,4107662,71760,2869,"",0.98,0.54,0.55,0.54,0.45,0.46,0.33,0.83,"",1,1.4,-13,-2.9,-20,-4.3,-33,-7.1,499274,3.2,-87415,-2.1,-14264,-16.6,221,8.3
"39155","3","518210","78","0","2025","1","",1,3,3,3,49795,0,0,1277,"",28.54,3.72,3.67,3.67,4.19,0.00,0.00,1.14,"",0,0.0,0,0.0,0,0.0,0,0.0,2354,5.0,0,0.0,0,0.0,61,5.0
"39155","5","518210","78","0","2025","1","",10,27,28,27,1286092,252000,8874,3619,"",0.49,0.13,0.14,0.13,0.17,0.11,0.12,1.29,"",-1,-9.1,6,28.6,5,21.7,3,12.5,483770,60.3,35698,16.5,3011,51.4,896,32.9
"39157","3","518210","78","0","2025","1","",1,6,6,6,119318,0,0,1530,"",51.54,13.09,12.94,12.97,18.58,0.00,0.00,1.43,"",0,0.0,0,0.0,0,0.0,0,0.0,12380,11.6,0,0.0,0,0.0,159,11.6
"39159","5","518210","78","0","2025","1","",6,4,4,4,150802,36000,1233,2900,"",0.80,0.04,0.04,0.04,0.03,0.02,0.04,0.81,"N",1,20.0,0,0,0,0,0,0,0,0,0,0,0,0,0,0
"39161","5","518210","78","0","2025","1","N",1,0,0,0,0,0,0,0,"N",0.32,0,0,0,0,0,0,0,"N",0,0.0,0,0,0,0,0,0,0,0,0,0,0,0,0,0
"39165","5","518210","78","0","2025","1","",44,522,514,510,20595453,4883779,130716,3074,"",1.45,1.67,1.65,1.64,1.40,1.29,1.52,0.85,"",-1,-2.2,342,190.0,330,179.3,328,180.2,6239908,43.5,2787932,133.0,72459,124.4,-2993,-49.3
"39167","5","518210","78","0","2025","1","N",3,0,0,0,0,0,0,0,"N",0.40,0,0,0,0,0,0,0,"N",-2,-40.0,0,0,0,0,0,0,0,0,0,0,0,0,0,0
"39169","5","518210","78","0","2025","1","N",5,0,0,0,0,0,0,0,"N",0.36,0,0,0,0,0,0,0,"N",2,66.7,0,0,0,0,0,0,0,0,0,0,0,0,0,0
"39171","5","518210","78","0","2025","1","N",3,0,0,0,0,0,0,0,"N",0.70,0,0,0,0,0,0,0,"N",0,0.0,0,0,0,0,0,0,0,0,0,0,0,0,0,0
"39173","5","518210","78","0","2025","1","",16,19,21,21,568869,187485,6470,2152,"",1.00,0.08,0.09,0.09,0.06,0.07,0.08,0.70,"",2,14.3,4,26.7,7,50.0,8,61.5,90751,19.0,62819,50.4,2306,55.4,-475,-18.1
"39999","5","518210","78","0","2025","1","",634,2323,2321,2351,118229370,20940598,702771,3900,"",4.37,3.64,3.64,3.71,2.31,2.06,2.16,0.63,"",133,26.5,285,14.0,236,11.3,281,13.6,47269940,66.6,2739565,15.1,133045,23.4,1256,47.5
"40000","3","518210","58","0","2025","1","N",1,0,0,0,0,0,0,0,"N",0.98,0,0,0,0,0,0,0,"N",0,0.0,0,0,0,0,0,0,0,0,0,0,0,0,0,0
"40000","5","518210","58","0","2025","1","",603,1664,1652,1643,45298413,32525876,399232,2108,"",1.02,0.31,0.31,0.31,0.21,0.31,0.31,0.67,"",69,12.9,-12,-0.7,-20,-1.2,-31,-1.9,2391391,5.6,1844184,6.0,119003,42.5,136,6.9
"40001","5","518210","78","0","2025","1","N",1,0,0,0,0,0,0,0,"N",0.61,0,0,0,0,0,0,0,"N",0,0.0,0,0,0,0,0,0,0,0,0,0,0,0,0,0
"40013","5","518210","78","0","2025","1","N",4,0,0,0,0,0,0,0,"N",0.71,0,0,0,0,0,0,0,"N",0,0.0,0,0,0,0,0,0,0,0,0,0,0,0,0,0
"40017","5","518210","78","0","2025","1","",25,42,40,41,918830,737748,9315,1724,"",1.31,0.35,0.33,0.34,0.23,0.35,0.36,0.67,"",1,4.2,13,44.8,13,48.1,12,41.4,73401,8.7,113036,18.1,892,10.6,-571,-24.9
"40019","5","518210","78","0","2025","1","N",1,0,0,0,0,0,0,0,"N",0.13,0,0,0,0,0,0,0,"N",1,100.0,0,0,0,0,0,0,0,0,0,0,0,0,0,0
"40021","5","518210","78","0","2025","1","N",1,0,0,0,0,0,0,0,"N",0.23,0,0,0,0,0,0,0,"N",-1,-50.0,0,0,0,0,0,0,0,0,0,0,0,0,0,0
"40027","5","518210","78","0","2025","1","",29,31,32,31,772597,593555,5474,1897,"",0.86,0.11,0.11,0.11,0.08,0.12,0.10,0.72,"",-1,-3.3,5,19.2,7,28.0,3,10.7,146192,23.3,84955,16.7,552,11.2,67,3.7
"40031","5","518210","78","0","2025","1","N",6,0,0,0,0,0,0,0,"N",0.49,0,0,0,0,0,0,0,"N",3,100.0,0,0,0,0,0,0,0,0,0,0,0,0,0,0
"40037","5","518210","78","0","2025","1","",8,11,11,11,236592,195208,2552,1654,"",1.02,0.16,0.16,0.16,0.09,0.15,0.13,0.56,"",1,14.3,-2,-15.4,-2,-15.4,-2,-15.4,-66102,-21.8,-61535,-24.0,-1323,-34.1,-137,-7.6
"40041","5","518210","78","0","2025","1","N",2,0,0,0,0,0,0,0,"N",0.46,0,0,0,0,0,0,0,"N",0,0.0,0,0,0,0,0,0,0,0,0,0,0,0,0,0
"40047","5","518210","78","0","2025","1","N",1,0,0,0,0,0,0,0,"N",0.12,0,0,0,0,0,0,0,"N",-1,-50.0,0,0,0,0,0,0,0,0,0,0,0,0,0,0
"40049","5","518210","78","0","2025","1","N",3,0,0,0,0,0,0,0,"N",0.80,0,0,0,0,0,0,0,"N",0,0.0,0,0,0,0,0,0,0,0,0,0,0,0,0,0
"40051","5","518210","78","0","2025","1","N",1,0,0,0,0,0,0,0,"N",0.17,0,0,0,0,0,0,0,"N",0,0.0,0,0,0,0,0,0,0,0,0,0,0,0,0,0
"40059","5","518210","78","0","2025","1","N",1,0,0,0,0,0,0,0,"N",1.51,0,0,0,0,0,0,0,"N",1,100.0,0,0,0,0,0,0,0,0,0,0,0,0,0,0
"40065","5","518210","78","0","2025","1","N",2,0,0,0,0,0,0,0,"N",0.65,0,0,0,0,0,0,0,"N",1,100.0,0,0,0,0,0,0,0,0,0,0,0,0,0,0
"40067","5","518210","78","0","2025","1","N",1,0,0,0,0,0,0,0,"N",1.51,0,0,0,0,0,0,0,"N",0,0.0,0,0,0,0,0,0,0,0,0,0,0,0,0,0
"40071","5","518210","78","0","2025","1","",3,8,7,7,179709,168403,844,1885,"",0.54,0.15,0.13,0.13,0.09,0.18,0.06,0.69,"",-2,-40.0,-8,-50.0,-9,-56.2,-10,-58.8,-81823,-31.3,-88161,-34.4,-3438,-80.3,653,53.0
"40073","5","518210","78","0","2025","1","N",1,0,0,0,0,0,0,0,"N",0.36,0,0,0,0,0,0,0,"N",1,100.0,0,0,0,0,0,0,0,0,0,0,0,0,0,0
"40077","5","518210","78","0","2025","1","N",1,0,0,0,0,0,0,0,"N",1.05,0,0,0,0,0,0,0,"N",0,0.0,0,0,0,0,0,0,0,0,0,0,0,0,0,0
"40079","5","518210","78","0","2025","1","N",4,0,0,0,0,0,0,0,"N",0.85,0,0,0,0,0,0,0,"N",-1,-20.0,0,0,0,0,0,0,0,0,0,0,0,0,0,0
"40081","5","518210","78","0","2025","1","N",1,0,0,0,0,0,0,0,"N",0.30,0,0,0,0,0,0,0,"N",-1,-50.0,0,0,0,0,0,0,0,0,0,0,0,0,0,0
"40083","5","518210","78","0","2025","1","N",3,0,0,0,0,0,0,0,"N",0.68,0,0,0,0,0,0,0,"N",0,0.0,0,0,0,0,0,0,0,0,0,0,0,0,0,0
"40087","5","518210","78","0","2025","1","",3,3,3,3,104881,84600,593,2689,"",0.50,0.08,0.08,0.08,0.09,0.12,0.10,1.11,"",0,0.0,1,50.0,0,0.0,0,0.0,3164,3.1,3600,4.4,-622,-51.2,-245,-8.4
"40089","5","518210","78","0","2025","1","-",0,0,0,0,0,0,0,0,"N",0.00,0,0,0,0,0,0,0,"N",0,0,0,0,0,0,0,0,0,0,0,0,0,0,0,0
"40091","5","518210","78","0","2025","1","N",3,0,0,0,0,0,0,0,"N",1.51,0,0,0,0,0,0,0,"N",0,0.0,0,0,0,0,0,0,0,0,0,0,0,0,0,0
"40095","5","518210","78","0","2025","1","N",1,0,0,0,0,0,0,0,"N",0.60,0,0,0,0,0,0,0,"N",1,100.0,0,0,0,0,0,0,0,0,0,0,0,0,0,0
"40097","5","518210","78","0","2025","1","",6,8,8,7,137814,128706,3054,1383,"",1.27,0.18,0.18,0.16,0.08,0.14,0.25,0.46,"",0,0.0,3,60.0,3,60.0,2,40.0,42400,44.4,33355,35.0,1161,61.3,-85,-5.8
"40101","5","518210","78","0","2025","1","N",4,0,0,0,0,0,0,0,"N",0.55,0,0,0,0,0,0,0,"N",0,0.0,0,0,0,0,0,0,0,0,0,0,0,0,0,0
"40109","3","518210","78","0","2025","1","N",1,0,0,0,0,0,0,0,"N",3.75,0,0,0,0,0,0,0,"N",0,0.0,0,0,0,0,0,0,0,0,0,0,0,0,0,0
"40109","5","518210","78","0","2025","1","",185,757,741,735,17191208,13320505,143847,1777,"",1.20,0.49,0.48,0.47,0.24,0.42,0.37,0.49,"",19,11.4,-78,-9.3,-83,-10.1,-86,-10.5,-4237,0.0,-138358,-1.0,14942,11.6,177,11.1
"40111","5","518210","78","0","2025","1","N",1,0,0,0,0,0,0,0,"N",0.27,0,0,0,0,0,0,0,"N",0,0.0,0,0,0,0,0,0,0,0,0,0,0,0,0,0
"40113","5","518210","78","0","2025","1","N",1,0,0,0,0,0,0,0,"N",0.39,0,0,0,0,0,0,0,"N",0,0.0,0,0,0,0,0,0,0,0,0,0,0,0,0,0
"40115","5","518210","78","0","2025","1","N",1,0,0,0,0,0,0,0,"N",0.27,0,0,0,0,0,0,0,"N",0,0.0,0,0,0,0,0,0,0,0,0,0,0,0,0,0
"40117","5","518210","78","0","2025","1","N",1,0,0,0,0,0,0,0,"N",0.62,0,0,0,0,0,0,0,"N",-1,-50.0,0,0,0,0,0,0,0,0,0,0,0,0,0,0
"40119","5","518210","78","0","2025","1","N",6,0,0,0,0,0,0,0,"N",0.57,0,0,0,0,0,0,0,"N",3,100.0,0,0,0,0,0,0,0,0,0,0,0,0,0,0
"40121","5","518210","78","0","2025","1","N",4,0,0,0,0,0,0,0,"N",0.84,0,0,0,0,0,0,0,"N",0,0.0,0,0,0,0,0,0,0,0,0,0,0,0,0,0
"40123","5","518210","78","0","2025","1","N",3,0,0,0,0,0,0,0,"N",0.55,0,0,0,0,0,0,0,"N",2,200.0,0,0,0,0,0,0,0,0,0,0,0,0,0,0
"40125","5","518210","78","0","2025","1","",5,26,24,23,291607,283756,2332,922,"",0.75,0.36,0.34,0.32,0.13,0.23,0.15,0.39,"N",1,25.0,0,0,0,0,0,0,0,0,0,0,0,0,0,0
"40127","5","518210","78","0","2025","1","N",1,0,0,0,0,0,0,0,"N",0.74,0,0,0,0,0,0,0,"N",0,0.0,0,0,0,0,0,0,0,0,0,0,0,0,0,0
"40131","5","518210","78","0","2025","1","",14,18,18,18,595462,362470,1777,2545,"",1.37,0.19,0.19,0.18,0.16,0.17,0.07,0.86,"",2,16.7,4,28.6,3,20.0,3,20.0,12197,2.1,26503,7.9,418,30.8,-514,-16.8
"40133","5","518210","78","0","2025","1","-",0,0,0,0,0,0,0,0,"N",0.00,0,0,0,0,0,0,0,"N",0,0,0,0,0,0,0,0,0,0,0,0,0,0,0,0
"40135","5","518210","78","0","2025","1","N",2,0,0,0,0,0,0,0,"N",0.55,0,0,0,0,0,0,0,"N",1,100.0,0,0,0,0,0,0,0,0,0,0,0,0,0,0
"40137","5","518210","78","0","2025","1","N",2,0,0,0,0,0,0,0,"N",0.37,0,0,0,0,0,0,0,"N",0,0.0,0,0,0,0,0,0,0,0,0,0,0,0,0,0
"40143","5","518210","78","0","2025","1","",165,424,429,422,14659112,9854018,132467,2653,"",1.35,0.37,0.37,0.37,0.28,0.39,0.39,0.75,"",30,22.2,17,4.2,26,6.5,21,5.2,150543,1.0,879754,9.8,57835,77.5,-112,-4.1
"40145","5","518210","78","0","2025","1","N",5,0,0,0,0,0,0,0,"N",0.87,0,0,0,0,0,0,0,"N",0,0.0,0,0,0,0,0,0,0,0,0,0,0,0,0,0
"40147","5","518210","78","0","2025","1","",7,6,7,7,351023,163296,3571,4050,"",1.08,0.10,0.12,0.12,0.12,0.13,0.22,1.11,"N",3,75.0,0,0,0,0,0,0,0,0,0,0,0,0,0,0
"40999","5","518210","78","0","2025","1","",84,195,200,207,6606474,4119613,53273,2533,"",2.90,2.12,2.15,2.20,1.14,1.36,0.98,0.53,"",12,16.7,24,14.0,19,10.5,23,12.5,1962244,42.3,862543,26.5,28813,117.8,533,26.6
"41000","3","518210","58","0","2025","1","N",5,0,0,0,0,0,0,0,"N",3.51,0,0,0,0,0,0,0,"N",-1,-16.7,0,0,0,0,0,0,0,0,0,0,0,0,0,0
"41000","5","518210","58","0","2025","1","",832,7765,7657,7643,440540753,267553508,5964671,4408,"",1.01,1.25,1.24,1.24,1.46,1.89,1.77,1.17,"",78,10.3,-38,-0.5,-119,-1.5,-112,-1.4,30405981,7.4,3326733,1.3,1037865,21.1,352,8.7
"41003","5","518210","78","0","2025","1","",14,19,18,18,443183,433824,10385,1860,"",1.01,0.16,0.15,0.15,0.08,0.23,0.25,0.53,"",-1,-6.7,-5,-20.8,-6,-25.0,-4,-18.2,-138575,-23.8,-147556,-25.4,-7004,-40.3,-58,-3.0
"41005","5","518210","78","0","2025","1","",60,457,452,459,16133736,13385432,286016,2722,"",0.77,0.83,0.83,0.84,0.61,0.98,0.89,0.74,"",4,7.1,43,10.4,39,9.4,38,9.0,3408910,26.8,2183617,19.5,52426,22.4,369,15.7
"41007","5","518210","78","0","2025","1","N",2,0,0,0,0,0,0,0,"N",0.23,0,0,0,0,0,0,0,"N",0,0.0,0,0,0,0,0,0,0,0,0,0,0,0,0,0
"41009","5","518210","78","0","2025","1","N",3,0,0,0,0,0,0,0,"N",0.47,0,0,0,0,0,0,0,"N",0,0.0,0,0,0,0,0,0,0,0,0,0,0,0,0,0
"41011","5","518210","78","0","2025","1","N",1,0,0,0,0,0,0,0,"N",0.11,0,0,0,0,0,0,0,"N",1,100.0,0,0,0,0,0,0,0,0,0,0,0,0,0,0
"41013","5","518210","78","0","2025","1","N",6,0,0,0,0,0,0,0,"N",1.53,0,0,0,0,0,0,0,"N",2,50.0,0,0,0,0,0,0,0,0,0,0,0,0,0,0
"41015","5","518210","78","0","2025","1","N",1,0,0,0,0,0,0,0,"N",0.24,0,0,0,0,0,0,0,"N",0,0.0,0,0,0,0,0,0,0,0,0,0,0,0,0,0
"41017","3","518210","78","0","2025","1","N",1,0,0,0,0,0,0,0,"N",11.21,0,0,0,0,0,0,0,"N",0,0.0,0,0,0,0,0,0,0,0,0,0,0,0,0,0
"41017","5","518210","78","0","2025","1","",50,134,130,133,8208633,5434143,129348,4772,"",0.97,0.46,0.45,0.46,0.63,0.84,0.88,1.38,"",8,19.0,14,11.7,10,8.3,10,8.1,1992860,32.1,641153,13.4,49370,61.7,820,20.7
"41019","5","518210","78","0","2025","1","N",3,0,0,0,0,0,0,0,"N",0.19,0,0,0,0,0,0,0,"N",0,0.0,0,0,0,0,0,0,0,0,0,0,0,0,0,0
"41027","5","518210","78","0","2025","1","N",3,0,0,0,0,0,0,0,"N",0.46,0,0,0,0,0,0,0,"N",1,50.0,0,0,0,0,0,0,0,0,0,0,0,0,0,0
"41029","5","518210","78","0","2025","1","",19,48,50,49,2589186,1930433,47142,4065,"",0.51,0.17,0.18,0.17,0.23,0.38,0.39,1.34,"",6,46.2,3,6.7,5,11.1,4,8.9,-429097,-14.2,3976,0.2,19875,72.9,-1094,-21.2
"41031","5","518210","78","0","2025","1","N",1,0,0,0,0,0,0,0,"N",0.33,0,0,0,0,0,0,0,"N",1,100.0,0,0,0,0,0,0,0,0,0,0,0,0,0,0
"41033","5","518210","78","0","2025","1","",8,22,23,23,834294,721154,16753,2831,"",0.65,0.23,0.24,0.24,0.26,0.48,0.45,1.11,"",1,14.3,7,46.7,8,53.3,8,53.3,357568,75.0,278445,62.9,7748,86.0,386,15.8
"41035","5","518210","78","0","2025","1","N",1,0,0,0,0,0,0,0,"N",0.10,0,0,0,0,0,0,0,"N",-1,-50.0,0,0,0,0,0,0,0,0,0,0,0,0,0,0
"41039","5","518210","78","0","2025","1","N",38,0,0,0,0,0,0,0,"N",0.63,0,0,0,0,0,0,0,"N",0,0.0,0,0,0,0,0,0,0,0,0,0,0,0,0,0
"41041","5","518210","78","0","2025","1","N",2,0,0,0,0,0,0,0,"N",0.21,0,0,0,0,0,0,0,"N",0,0.0,0,0,0,0,0,0,0,0,0,0,0,0,0,0
"41043","5","518210","78","0","2025","1","N",4,0,0,0,0,0,0,0,"N",0.23,0,0,0,0,0,0,0,"N",1,33.3,0,0,0,0,0,0,0,0,0,0,0,0,0,0
"41047","3","518210","78","0","2025","1","N",4,0,0,0,0,0,0,0,"N",41.03,0,0,0,0,0,0,0,"N",-1,-20.0,0,0,0,0,0,0,0,0,0,0,0,0,0,0
"41047","5","518210","78","0","2025","1","",24,73,71,71,2612764,2088283,40039,2804,"",0.43,0.14,0.13,0.13,0.11,0.24,0.19,0.85,"N",4,20.0,0,0,0,0,0,0,0,0,0,0,0,0,0,0
"41049","5","518210","78","0","2025","1","N",10,0,0,0,0,0,0,0,"N",5.42,0,0,0,0,0,0,0,"N",0,0.0,0,0,0,0,0,0,0,0,0,0,0,0,0,0
"41051","5","518210","78","0","2025","1","",246,2186,2112,2079,120335306,83122880,1932702,4355,"",1.37,1.40,1.37,1.35,1.37,2.20,2.06,1.00,"",20,8.8,-111,-4.8,-167,-7.3,-206,-9.0,4115471,3.5,-3049276,-3.5,186388,10.7,446,11.4
"41053","5","518210","78","0","2025","1","",4,11,10,10,205936,203524,4240,1533,"",0.39,0.17,0.15,0.15,0.09,0.21,0.19,0.57,"",-1,-20.0,4,57.1,3,42.9,4,66.7,20429,11.0,20959,11.5,568,15.5,-607,-28.4
"41059","5","518210","78","0","2025","1","N",9,0,0,0,0,0,0,0,"N",0.81,0,0,0,0,0,0,0,"N",1,12.5,0,0,0,0,0,0,0,0,0,0,0,0,0,0
"41065","5","518210","78","0","2025","1","N",9,0,0,0,0,0,0,0,"N",1.81,0,0,0,0,0,0,0,"N",2,28.6,0,0,0,0,0,0,0,0,0,0,0,0,0,0
"41067","5","518210","78","0","2025","1","",107,1524,1503,1499,67347525,51130537,1112864,3434,"",1.06,1.60,1.58,1.58,1.19,1.69,1.59,0.75,"",24,28.9,-195,-11.3,-219,-12.7,-203,-11.9,58824,0.1,361077,0.7,235836,26.9,415,13.7
"41069","5","518210","78","0","2025","1","N",1,0,0,0,0,0,0,0,"N",2.87,0,0,0,0,0,0,0,"N",0,0.0,0,0,0,0,0,0,0,0,0,0,0,0,0,0
"41071","5","518210","78","0","2025","1","",12,35,37,36,2361629,1488674,32207,5046,"",0.72,0.29,0.30,0.29,0.51,0.64,0.61,1.76,"",5,71.4,1,2.9,7,23.3,6,20.0,290524,14.0,119700,8.7,-23227,-41.9,-39,-0.8
"41999","5","518210","78","0","2025","1","",194,1123,1131,1113,138883963,50938245,1249982,9519,"",2.84,7.69,7.73,7.97,10.61,7.38,7.43,1.36,"",0,0.0,228,25.5,235,26.2,217,24.2,78462372,129.9,14949721,41.5,537244,75.4,4330,83.4
"42000","1","518210","58","0","2025","1","",1,1189,1182,1164,19592610,0,0,1279,"",31.10,25.77,25.88,25.75,27.38,0.00,0.00,1.06,"",0,0.0,-6,-0.5,3,0.3,-9,-0.8,-40464,-0.2,0,0.0,0,0.0,2,0.2
"42000","2","518210","58","0","2025","1","N",1,0,0,0,0,0,0,0,"N",1.64,0,0,0,0,0,0,0,"N",0,0.0,0,0,0,0,0,0,0,0,0,0,0,0,0,0
"42000","5","518210","58","0","2025","1","",1771,13070,13043,13125,592034397,126088551,5009056,3482,"",0.99,0.70,0.70,0.70,0.61,0.57,0.53,0.88,"",-33,-1.8,-654,-4.8,-659,-4.8,-621,-4.5,93680533,18.8,-5431627,-4.1,531531,11.9,689,24.7
"42001","5","518210","78","0","2025","1","N",5,0,0,0,0,0,0,0,"N",0.49,0,0,0,0,0,0,0,"N",-1,-16.7,0,0,0,0,0,0,0,0,0,0,0,0,0,0
"42003","5","518210","78","0","2025","1","",121,1703,1693,1686,117531248,14674512,519886,5337,"",0.72,0.82,0.82,0.81,0.99,0.62,0.51,1.22,"",2,1.7,-94,-5.2,-88,-4.9,-91,-5.1,50968420,76.6,-1090292,-6.9,87406,20.2,2469,86.1
"42005","5","518210","78","0","2025","1","N",2,0,0,0,0,0,0,0,"N",0.30,0,0,0,0,0,0,0,"N",-3,-60.0,0,0,0,0,0,0,0,0,0,0,0,0,0,0
"42007","5","518210","78","0","2025","1","",6,7,7,7,208101,62500,1471,2287,"",0.36,0.05,0.05,0.05,0.03,0.04,0.02,0.70,"N",-1,-14.3,0,0,0,0,0,0,0,0,0,0,0,0,0,0
"42009","5","518210","78","0","2025","1","-",0,0,0,0,0,0,0,0,"N",0.00,0,0,0,0,0,0,0,"N",-1,-100.0,0,0,0,0,0,0,0,0,0,0,0,0,0,0
"42011","5","518210","78","0","2025","1","",16,127,123,121,2674908,1305109,33997,1664,"",0.39,0.23,0.23,0.22,0.11,0.19,0.12,0.49,"",1,6.7,8,6.7,8,7.0,5,4.3,398848,17.5,100840,8.4,3533,11.6,163,10.9
"42013","5","518210","78","0","2025","1","N",2,0,0,0,0,0,0,0,"N",0.13,0,0,0,0,0,0,0,"N",0,0.0,0,0,0,0,0,0,0,0,0,0,0,0,0,0
"42017","5","518210","78","0","2025","1","",63,549,541,539,9823258,4814165,161389,1392,"",0.64,0.64,0.64,0.63,0.26,0.45,0.35,0.41,"",6,10.5,-248,-31.1,-264,-32.8,-266,-33.0,-10996678,-52.8,-2335152,-32.7,-78672,-32.8,-604,-30.3
"42019","5","518210","78","0","2025","1","",12,146,149,149,5380718,1485787,40128,2797,"",0.48,0.53,0.54,0.54,0.43,0.44,0.28,0.81,"",2,20.0,-14,-8.8,-12,-7.5,-18,-10.8,-73450,-1.3,-94787,-6.0,1856,4.8,218,8.5
"42021","5","518210","78","0","2025","1","N",3,0,0,0,0,0,0,0,"N",0.20,0,0,0,0,0,0,0,"N",1,50.0,0,0,0,0,0,0,0,0,0,0,0,0,0,0
"42025","5","518210","78","0","2025","1","N",5,0,0,0,0,0,0,0,"N",0.83,0,0,0,0,0,0,0,"N",1,25.0,0,0,0,0,0,0,0,0,0,0,0,0,0,0
"42027","5","518210","78","0","2025","1","",10,66,65,66,1865851,620827,11960,2186,"",0.60,0.31,0.30,0.31,0.20,0.37,0.18,0.66,"N",2,25.0,0,0,0,0,0,0,0,0,0,0,0,0,0,0
"42029","5","518210","78","0","2025","1","",67,1304,1304,1332,68151721,12811467,423985,3992,"",0.88,1.67,1.67,1.70,1.33,1.20,0.99,0.80,"",2,3.1,93,7.7,86,7.1,104,8.5,4030855,6.3,604049,4.9,59094,16.2,-54,-1.3
"42031","5","518210","78","0","2025","1","N",1,0,0,0,0,0,0,0,"N",0.21,0,0,0,0,0,0,0,"N",1,100.0,0,0,0,0,0,0,0,0,0,0,0,0,0,0
"42037","5","518210","78","0","2025","1","N",2,0,0,0,0,0,0,0,"N",0.28,0,0,0,0,0,0,0,"N",-1,-33.3,0,0,0,0,0,0,0,0,0,0,0,0,0,0
"42039","5","518210","78","0","2025","1","",3,27,28,28,727941,272917,9194,2024,"",0.31,0.30,0.32,0.32,0.24,0.29,0.25,0.78,"N",1,50.0,0,0,0,0,0,0,0,0,0,0,0,0,0,0
"42041","5","518210","78","0","2025","1","",12,242,238,235,5798776,2484936,124431,1872,"",0.37,0.57,0.56,0.55,0.30,0.46,0.61,0.54,"",-2,-14.3,-23,-8.7,-21,-8.1,-21,-8.2,-534497,-8.4,-241525,-8.9,-8559,-6.4,-2,-0.1
"42043","2","518210","78","0","2025","1","N",1,0,0,0,0,0,0,0,"N",84.89,0,0,0,0,0,0,0,"N",0,0.0,0,0,0,0,0,0,0,0,0,0,0,0,0,0
"42043","5","518210","78","0","2025","1","",18,144,140,141,3123820,1315979,58242,1696,"",0.52,0.25,0.24,0.24,0.11,0.22,0.24,0.46,"",1,5.9,-36,-20.0,-27,-16.2,-4,-2.8,103834,3.4,-1466,-0.1,579,1.0,279,19.7
"42045","5","518210","78","0","2025","1","",24,88,86,85,2660016,865433,29952,2370,"",0.36,0.13,0.13,0.12,0.07,0.11,0.09,0.58,"",1,4.3,3,3.5,0,0.0,-1,-1.2,-1703903,-39.0,48031,5.9,10616,54.9,-1549,-39.5
"42049","5","518210","78","0","2025","1","",6,20,21,23,361631,177797,9645,1304,"",0.20,0.05,0.06,0.06,0.03,0.05,0.06,0.45,"",3,100.0,0,0.0,2,10.5,4,21.1,36368,11.2,9138,5.4,3788,64.7,10,0.8
"42055","5","518210","78","0","2025","1","N",2,0,0,0,0,0,0,0,"N",0.12,0,0,0,0,0,0,0,"N",0,0.0,0,0,0,0,0,0,0,0,0,0,0,0,0,0
"42059","5","518210","78","0","2025","1","N",1,0,0,0,0,0,0,0,"N",0.28,0,0,0,0,0,0,0,"N",1,100.0,0,0,0,0,0,0,0,0,0,0,0,0,0,0
"42061","5","518210","78","0","2025","1","N",1,0,0,0,0,0,0,0,"N",0.21,0,0,0,0,0,0,0,"N",0,0.0,0,0,0,0,0,0,0,0,0,0,0,0,0,0
"42063","5","518210","78","0","2025","1","N",2,0,0,0,0,0,0,0,"N",0.23,0,0,0,0,0,0,0,"N",0,0.0,0,0,0,0,0,0,0,0,0,0,0,0,0,0
"42069","5","518210","78","0","2025","1","",9,10,10,10,108916,66286,2556,838,"",0.35,0.03,0.03,0.03,0.01,0.02,0.02,0.30,"",0,0.0,-3,-23.1,-5,-33.3,-4,-28.6,-142986,-56.8,-57427,-46.4,-1707,-40.0,-546,-39.5
"42071","5","518210","78","0","2025","1","",12,123,121,125,2745176,1209043,33364,1717,"",0.18,0.16,0.16,0.16,0.08,0.13,0.09,0.54,"",1,9.1,33,36.7,28,30.1,34,37.4,881360,47.3,346298,40.1,8793,35.8,147,9.4
"42073","5","518210","78","0","2025","1","N",3,0,0,0,0,0,0,0,"N",0.33,0,0,0,0,0,0,0,"N",0,0.0,0,0,0,0,0,0,0,0,0,0,0,0,0,0
"42075","5","518210","78","0","2025","1","",4,6,6,6,97758,51860,973,1253,"",0.29,0.04,0.04,0.04,0.02,0.03,0.01,0.43,"N",0,0.0,0,0,0,0,0,0,0,0,0,0,0,0,0,0
"42077","5","518210","78","0","2025","1","",22,106,96,106,1710159,850388,31771,1281,"",0.54,0.17,0.15,0.17,0.06,0.12,0.10,0.35,"",1,4.8,-49,-31.6,-55,-36.4,-54,-33.8,-936461,-35.4,-395664,-31.8,-2284,-6.7,-30,-2.3
"42079","1","518210","78","0","2025","1","",1,1189,1182,1164,19592610,0,0,1279,"",1604.40,1069.12,1078.92,1076.44,1525.71,0.00,0.00,1.42,"",0,0.0,-6,-0.5,3,0.3,-9,-0.8,-40464,-0.2,0,0.0,0,0.0,2,0.2
"42079","5","518210","78","0","2025","1","",13,168,167,167,4960868,1615985,87335,2281,"",0.38,0.37,0.37,0.37,0.29,0.30,0.36,0.77,"",2,18.2,25,17.5,23,16.0,24,16.8,1692191,51.8,201882,14.3,29421,50.8,527,30.0
"42081","5","518210","78","0","2025","1","N",2,0,0,0,0,0,0,0,"N",0.15,0,0,0,0,0,0,0,"N",0,0.0,0,0,0,0,0,0,0,0,0,0,0,0,0,0
"42083","5","518210","78","0","2025","1","N",2,0,0,0,0,0,0,0,"N",0.41,0,0,0,0,0,0,0,"N",1,100.0,0,0,0,0,0,0,0,0,0,0,0,0,0,0
"42085","5","518210","78","0","2025","1","N",3,0,0,0,0,0,0,0,"N",0.23,0,0,0,0,0,0,0,"N",0,0.0,0,0,0,0,0,0,0,0,0,0,0,0,0,0
"42087","5","518210","78","0","2025","1","N",1,0,0,0,0,0,0,0,"N",0.20,0,0,0,0,0,0,0,"N",1,100.0,0,0,0,0,0,0,0,0,0,0,0,0,0,0
"42089","5","518210","78","0","2025","1","N",2,0,0,0,0,0,0,0,"N",0.12,0,0,0,0,0,0,0,"N",-2,-50.0,0,0,0,0,0,0,0,0,0,0,0,0,0,0
"42091","5","518210","78","0","2025","1","",78,2013,2017,2002,50797782,17777957,699787,1943,"",0.59,1.28,1.29,1.28,0.47,0.83,0.77,0.37,"",-4,-4.9,-164,-7.5,-150,-6.9,-188,-8.6,-2334592,-4.4,-2326064,-11.6,14353,2.1,66,3.5
"42095","5","518210","78","0","2025","1","",32,577,570,554,12130872,5089761,226367,1646,"",0.98,1.53,1.51,1.46,0.76,1.15,1.16,0.51,"",3,10.3,-222,-27.8,-213,-27.2,-239,-30.1,-5772540,-32.2,-2088559,-29.1,-65403,-22.4,-94,-5.4
"42097","5","518210","78","0","2025","1","N",1,0,0,0,0,0,0,0,"N",0.12,0,0,0,0,0,0,0,"N",0,0.0,0,0,0,0,0,0,0,0,0,0,0,0,0,0
"42099","5","518210","78","0","2025","1","N",2,0,0,0,0,0,0,0,"N",0.48,0,0,0,0,0,0,0,"N",0,0.0,0,0,0,0,0,0,0,0,0,0,0,0,0,0
"42101","5","518210","78","0","2025","1","",93,615,613,612,27272934,5968807,283014,3421,"",0.61,0.27,0.27,0.27,0.21,0.26,0.28,0.76,"",-9,-8.8,-10,-1.6,-13,-2.1,-22,-3.5,3667112,15.5,-9230,-0.2,69509,32.6,531,18.4
"42103","5","518210","78","0","2025","1","",3,9,9,10,384894,104667,4595,3172,"",0.57,0.24,0.25,0.27,0.34,0.29,0.35,1.33,"N",1,50.0,0,0,0,0,0,0,0,0,0,0,0,0,0,0
"42107","5","518210","78","0","2025","1","-",0,0,0,0,0,0,0,0,"N",0.00,0,0,0,0,0,0,0,"N",0,0,0,0,0,0,0,0,0,0,0,0,0,0,0,0
"42111","5","518210","78","0","2025","1","N",1,0,0,0,0,0,0,0,"N",0.12,0,0,0,0,0,0,0,"N",-1,-50.0,0,0,0,0,0,0,0,0,0,0,0,0,0,0
"42115","5","518210","78","0","2025","1","N",2,0,0,0,0,0,0,0,"N",0.45,0,0,0,0,0,0,0,"N",0,0.0,0,0,0,0,0,0,0,0,0,0,0,0,0,0
"42119","5","518210","78","0","2025","1","N",1,0,0,0,0,0,0,0,"N",0.22,0,0,0,0,0,0,0,"N",0,0.0,0,0,0,0,0,0,0,0,0,0,0,0,0,0
"42121","5","518210","78","0","2025","1","N",1,0,0,0,0,0,0,0,"N",0.18,0,0,0,0,0,0,0,"N",1,100.0,0,0,0,0,0,0,0,0,0,0,0,0,0,0
"42123","5","518210","78","0","2025","1","N",2,0,0,0,0,0,0,0,"N",0.48,0,0,0,0,0,0,0,"N",0,0.0,0,0,0,0,0,0,0,0,0,0,0,0,0,0
"42125","5","518210","78","0","2025","1","",7,78,78,77,10853514,877130,18837,10750,"",0.27,0.29,0.29,0.28,0.71,0.25,0.12,2.49,"",-2,-22.2,4,5.4,4,5.4,2,2.7,-600372,-5.2,68617,8.5,1744,10.2,-1103,-9.3
"42127","5","518210","78","0","2025","1","",3,17,15,17,157813,127061,6608,743,"",0.45,0.37,0.32,0.37,0.09,0.29,0.35,0.26,"N",1,50.0,0,0,0,0,0,0,0,0,0,0,0,0,0,0
"42129","5","518210","78","0","2025","1","",12,29,32,32,854566,299459,8641,2121,"",0.29,0.07,0.08,0.08,0.06,0.06,0.04,0.71,"",2,20.0,5,20.8,8,33.3,6,23.1,307284,56.1,69531,30.2,1134,15.1,414,24.3
"42131","5","518210","78","0","2025","1","N",1,0,0,0,0,0,0,0,"N",0.30,0,0,0,0,0,0,0,"N",0,0.0,0,0,0,0,0,0,0,0,0,0,0,0,0,0
"42133","5","518210","78","0","2025","1","",10,36,33,33,915066,329380,12507,2070,"",0.23,0.06,0.06,0.06,0.04,0.05,0.04,0.61,"",1,11.1,13,56.5,10,43.5,8,32.0,311518,51.6,91314,38.4,-131,-1.0,108,5.5
"42999","5","518210","78","0","2025","1","",1065,4686,4701,4779,256189900,49044216,2094649,4173,"",4.11,4.65,4.67,4.73,2.73,2.73,2.44,0.58,"",-46,-4.1,138,3.0,133,2.9,201,4.4,57016225,28.6,2594426,5.6,400528,23.6,817,24.3
"44000","5","518210","58","0","2025","1","",458,700,689,699,37777156,17989271,406480,4175,"",2.02,0.46,0.45,0.46,0.50,0.60,0.51,1.10,"",13,2.9,-25,-3.4,-46,-6.3,-43,-5.8,6181598,19.6,545764,3.1,66920,19.7,864,26.1
"44001","5","518210","78","0","2025","1","",25,19,20,19,1268065,543077,9820,5045,"",2.28,0.41,0.43,0.41,0.67,0.68,0.44,1.61,"",2,8.7,2,11.8,5,33.3,4,26.7,275287,27.7,87748,19.3,3754,61.9,170,3.5
"44003","5","518210","78","0","2025","1","",40,106,106,106,3917628,2459531,64606,2843,"",1.23,0.45,0.45,0.45,0.38,0.51,0.51,0.83,"",1,2.6,11,11.6,8,8.2,8,8.2,997587,34.2,314551,14.7,17766,37.9,527,22.8
"44005","5","518210","78","0","2025","1","",46,33,29,32,1454416,779102,16096,3571,"",2.23,0.26,0.23,0.25,0.24,0.34,0.26,0.95,"",2,4.5,-6,-15.4,-9,-23.7,-10,-23.8,149533,11.5,-136840,-14.9,1995,14.1,1041,41.1
"44007","5","518210","78","0","2025","1","",191,238,234,238,10798702,5779790,105758,3510,"",1.68,0.26,0.26,0.26,0.24,0.34,0.24,0.91,"",4,2.1,-40,-14.4,-48,-17.0,-40,-14.4,1690616,18.6,-505642,-8.0,4005,3.9,1002,40.0
"44009","5","518210","78","0","2025","1","",37,91,90,92,5799669,2499636,57614,4903,"",1.36,0.51,0.51,0.52,0.75,0.70,0.58,1.46,"",9,32.1,11,13.8,10,12.5,10,12.2,831405,16.7,554867,28.5,14540,33.8,165,3.5
"44999","5","518210","78","0","2025","1","",119,213,210,212,14538676,5928135,152586,5284,"",5.56,5.05,4.96,5.02,3.90,3.82,3.39,0.78,"",-5,-4.0,-3,-1.4,-12,-5.4,-15,-6.6,2237170,18.2,231080,4.1,24860,19.5,1015,23.8
"45000","5","518210","58","0","2025","1","",1540,4268,4263,4198,143685776,52100603,461801,2605,"",1.68,0.60,0.59,0.58,0.47,0.48,0.52,0.79,"",158,11.4,174,4.3,239,5.9,257,6.5,7868201,5.8,1053361,2.1,52084,12.7,6,0.2
"45003","5","518210","78","0","2025","1","N",5,0,0,0,0,0,0,0,"N",0.27,0,0,0,0,0,0,0,"N",1,25.0,0,0,0,0,0,0,0,0,0,0,0,0,0,0
"45005","5","518210","78","0","2025","1","N",1,0,0,0,0,0,0,0,"N",1.21,0,0,0,0,0,0,0,"N",0,0.0,0,0,0,0,0,0,0,0,0,0,0,0,0,0
"45007","5","518210","78","0","2025","1","",12,76,78,78,1989993,1002235,3768,1979,"",0.55,0.34,0.34,0.34,0.25,0.31,0.16,0.72,"",1,9.1,44,137.5,45,136.4,46,143.8,1296536,187.0,598482,148.2,2486,193.9,329,19.9
"45009","5","518210","78","0","2025","1","N",1,0,0,0,0,0,0,0,"N",0.68,0,0,0,0,0,0,0,"N",1,100.0,0,0,0,0,0,0,0,0,0,0,0,0,0,0
"45011","5","518210","78","0","2025","1","N",1,0,0,0,0,0,0,0,"N",0.50,0,0,0,0,0,0,0,"N",0,0.0,0,0,0,0,0,0,0,0,0,0,0,0,0,0
"45013","5","518210","78","0","2025","1","",36,44,45,46,1612729,584923,8896,2757,"",0.97,0.20,0.21,0.21,0.19,0.19,0.50,0.95,"",9,33.3,9,25.7,11,32.4,12,35.3,196981,13.9,102621,21.3,1469,19.8,-415,-13.1
"45015","5","518210","78","0","2025","1","",40,308,289,270,2493383,1446596,7883,664,"",1.59,1.41,1.33,1.24,0.24,0.40,0.20,0.18,"",4,11.1,257,503.9,236,445.3,219,429.4,688327,38.1,727391,101.1,4855,160.3,-2023,-75.3
"45019","5","518210","78","0","2025","1","",181,610,594,598,27419949,8049972,51536,3511,"",1.69,0.70,0.68,0.68,0.65,0.61,0.54,0.94,"",13,7.7,-61,-9.1,-77,-11.5,-79,-11.7,-5850661,-17.6,-732841,-8.3,-14387,-21.8,-292,-7.7
"45021","5","518210","78","0","2025","1","N",1,0,0,0,0,0,0,0,"N",0.21,0,0,0,0,0,0,0,"N",0,0.0,0,0,0,0,0,0,0,0,0,0,0,0,0,0
"45023","5","518210","78","0","2025","1","N",2,0,0,0,0,0,0,0,"N",0.63,0,0,0,0,0,0,0,"N",-1,-33.3,0,0,0,0,0,0,0,0,0,0,0,0,0,0
"45025","5","518210","78","0","2025","1","N",3,0,0,0,0,0,0,0,"N",0.81,0,0,0,0,0,0,0,"N",0,0.0,0,0,0,0,0,0,0,0,0,0,0,0,0,0
"45027","5","518210","78","0","2025","1","N",3,0,0,0,0,0,0,0,"N",0.99,0,0,0,0,0,0,0,"N",1,50.0,0,0,0,0,0,0,0,0,0,0,0,0,0,0
"45029","5","518210","78","0","2025","1","N",1,0,0,0,0,0,0,0,"N",0.23,0,0,0,0,0,0,0,"N",-1,-50.0,0,0,0,0,0,0,0,0,0,0,0,0,0,0
"45031","5","518210","78","0","2025","1","N",3,0,0,0,0,0,0,0,"N",0.51,0,0,0,0,0,0,0,"N",1,50.0,0,0,0,0,0,0,0,0,0,0,0,0,0,0
"45033","5","518210","78","0","2025","1","N",2,0,0,0,0,0,0,0,"N",0.82,0,0,0,0,0,0,0,"N",1,100.0,0,0,0,0,0,0,0,0,0,0,0,0,0,0
"45035","5","518210","78","0","2025","1","N",16,0,0,0,0,0,0,0,"N",0.93,0,0,0,0,0,0,0,"N",4,33.3,0,0,0,0,0,0,0,0,0,0,0,0,0,0
"45039","5","518210","78","0","2025","1","N",2,0,0,0,0,0,0,0,"N",0.98,0,0,0,0,0,0,0,"N",-1,-33.3,0,0,0,0,0,0,0,0,0,0,0,0,0,0
"45041","5","518210","78","0","2025","1","",6,4,5,5,78666,53649,1553,1297,"",0.34,0.02,0.02,0.02,0.01,0.02,0.07,0.46,"",0,0.0,-9,-69.2,-10,-66.7,-8,-61.5,-186547,-70.3,-111470,-67.5,1455,1484.7,-196,-13.1
"45043","5","518210","78","0","2025","1","",9,48,48,53,1318509,527491,5881,2042,"",0.79,0.62,0.63,0.69,0.47,0.48,0.49,0.73,"",1,12.5,4,9.1,3,6.7,8,17.8,390584,42.1,75606,16.7,2151,57.7,444,27.8
"45045","5","518210","78","0","2025","1","",127,358,428,384,10720019,4768477,73458,2114,"",1.32,0.38,0.46,0.41,0.26,0.31,0.61,0.62,"",15,13.4,-11,-3.0,62,16.9,17,4.6,-197056,-1.8,78247,1.7,31409,74.7,-172,-7.5
"45047","5","518210","78","0","2025","1","N",4,0,0,0,0,0,0,0,"N",0.53,0,0,0,0,0,0,0,"N",0,0.0,0,0,0,0,0,0,0,0,0,0,0,0,0,0
"45051","5","518210","78","0","2025","1","",64,88,86,89,2712984,1161896,7611,2381,"",1.07,0.20,0.20,0.20,0.19,0.20,0.17,0.95,"",7,12.3,6,7.3,5,6.2,8,9.9,-110897,-3.9,123751,11.9,244,3.3,-290,-10.9
"45053","5","518210","78","0","2025","1","N",2,0,0,0,0,0,0,0,"N",0.44,0,0,0,0,0,0,0,"N",0,0.0,0,0,0,0,0,0,0,0,0,0,0,0,0,0
"45055","5","518210","78","0","2025","1","N",5,0,0,0,0,0,0,0,"N",0.67,0,0,0,0,0,0,0,"N",0,0.0,0,0,0,0,0,0,0,0,0,0,0,0,0,0
"45057","5","518210","78","0","2025","1","",21,39,61,60,1050198,569183,1595,1515,"",1.93,0.43,0.68,0.66,0.25,0.41,0.12,0.42,"",3,16.7,8,25.8,31,103.3,30,100.0,296356,39.3,213213,59.9,1236,344.3,-397,-20.8
"45059","5","518210","78","0","2025","1","",4,6,6,6,262254,82732,127,3362,"",0.80,0.10,0.10,0.09,0.12,0.09,0.02,1.22,"",1,33.3,3,100.0,2,50.0,2,50.0,133949,104.4,26732,47.7,-20,-13.6,670,24.9
"45063","5","518210","78","0","2025","1","",42,53,51,52,1415242,610537,2369,2094,"",1.00,0.13,0.12,0.13,0.09,0.10,0.06,0.72,"",1,2.4,12,29.3,10,24.4,12,30.0,219760,18.4,92266,17.8,-3360,-58.6,-167,-7.4
"45065","5","518210","78","0","2025","1","N",1,0,0,0,0,0,0,0,"N",0.71,0,0,0,0,0,0,0,"N",0,0.0,0,0,0,0,0,0,0,0,0,0,0,0,0,0
"45067","5","518210","78","0","2025","1","N",2,0,0,0,0,0,0,0,"N",0.92,0,0,0,0,0,0,0,"N",0,0.0,0,0,0,0,0,0,0,0,0,0,0,0,0,0
"45069","5","518210","78","0","2025","1","N",1,0,0,0,0,0,0,0,"N",0.65,0,0,0,0,0,0,0,"N",0,0.0,0,0,0,0,0,0,0,0,0,0,0,0,0,0
"45071","5","518210","78","0","2025","1","",5,7,8,7,134110,86852,0,1407,"",1.13,0.16,0.18,0.16,0.09,0.13,0.00,0.54,"",0,0.0,0,0.0,1,14.3,0,0.0,-3557,-2.6,-9748,-10.1,-196,-100.0,-106,-7.0
"45073","5","518210","78","0","2025","1","",4,30,32,32,1086536,426203,4773,2667,"",0.42,0.38,0.40,0.40,0.33,0.35,0.46,0.85,"",-1,-20.0,1,3.4,3,10.3,3,10.3,211909,24.2,33604,8.6,-14523,-75.3,347,15.0
"45075","5","518210","78","0","2025","1","N",3,0,0,0,0,0,0,0,"N",0.34,0,0,0,0,0,0,0,"N",1,50.0,0,0,0,0,0,0,0,0,0,0,0,0,0,0
"45077","5","518210","78","0","2025","1","",18,13,14,14,636760,188600,82,3584,"",1.28,0.10,0.11,0.11,0.14,0.14,0.01,1.28,"",3,20.0,-57,-81.4,-56,-80.0,-56,-80.0,-1339492,-67.8,-753353,-80.0,-7492,-98.9,1412,65.0
"45079","5","518210","78","0","2025","1","",72,199,199,204,4845233,2230550,32948,1857,"",1.19,0.28,0.28,0.29,0.15,0.24,0.40,0.55,"",4,5.9,11,5.9,15,8.2,22,12.1,473778,10.8,263281,13.4,20499,164.7,36,2.0
"45083","5","518210","78","0","2025","1","",23,43,48,48,1773492,572545,3006,2944,"",0.58,0.09,0.10,0.10,0.09,0.08,0.05,0.93,"",6,35.3,-1,-2.3,3,6.7,3,6.7,51814,3.0,-9098,-1.6,-1101,-26.8,-21,-0.7
"45085","5","518210","78","0","2025","1","N",4,0,0,0,0,0,0,0,"N",0.37,0,0,0,0,0,0,0,"N",-1,-20.0,0,0,0,0,0,0,0,0,0,0,0,0,0,0
"45087","5","518210","78","0","2025","1","N",2,0,0,0,0,0,0,0,"N",0.87,0,0,0,0,0,0,0,"N",1,100.0,0,0,0,0,0,0,0,0,0,0,0,0,0,0
"45089","5","518210","78","0","2025","1","N",2,0,0,0,0,0,0,0,"N",0.65,0,0,0,0,0,0,0,"N",0,0.0,0,0,0,0,0,0,0,0,0,0,0,0,0,0
"45091","5","518210","78","0","2025","1","",66,559,543,552,20688740,8064943,19779,2887,"",1.52,1.71,1.66,1.68,1.44,1.59,0.48,0.86,"",9,15.8,-23,-4.0,-42,-7.2,-25,-4.3,-2103340,-9.2,-431803,-5.1,4893,32.9,-129,-4.3
"45999","5","518210","78","0","2025","1","",743,1701,1648,1626,61228753,20709743,232801,2840,"",4.15,4.39,4.24,4.15,2.07,2.29,2.20,0.48,"",77,11.6,48,2.9,68,4.3,120,8.0,14249365,30.3,1532676,8.0,37644,19.3,552,24.1
"46000","2","518210","58","0","2025","1","N",5,0,0,0,0,0,0,0,"N",78.53,0,0,0,0,0,0,0,"N",0,0.0,0,0,0,0,0,0,0,0,0,0,0,0,0,0
"46000","5","518210","58","0","2025","1","N",280,0,0,0,0,0,0,0,"N",1.51,0,0,0,0,0,0,0,"N",24,9.4,0,0,0,0,0,0,0,0,0,0,0,0,0,0
"46007","5","518210","78","0","2025","1","N",1,0,0,0,0,0,0,0,"N",2.25,0,0,0,0,0,0,0,"N",0,0.0,0,0,0,0,0,0,0,0,0,0,0,0,0,0
"46009","2","518210","78","0","2025","1","N",1,0,0,0,0,0,0,0,"N",2637.68,0,0,0,0,0,0,0,"N",0,0.0,0,0,0,0,0,0,0,0,0,0,0,0,0,0
"46011","5","518210","78","0","2025","1","",15,20,20,20,845164,298838,2163,3251,"",2.33,0.34,0.33,0.34,0.37,0.35,0.58,1.11,"",3,25.0,2,11.1,1,5.3,1,5.3,182148,27.5,21546,7.8,508,30.7,519,19.0
"46013","5","518210","78","0","2025","1","",7,16,16,15,206168,171339,1360,1012,"",1.01,0.26,0.27,0.25,0.09,0.20,0.55,0.36,"",0,0.0,2,14.3,2,14.3,2,15.4,14498,7.6,13050,8.2,683,100.9,-67,-6.2
"46019","5","518210","78","0","2025","1","",3,3,3,3,84341,45000,330,2163,"",1.37,0.34,0.34,0.34,0.31,0.37,0.84,0.92,"N",2,200.0,0,0,0,0,0,0,0,0,0,0,0,0,0,0
"46021","5","518210","78","0","2025","1","N",1,0,0,0,0,0,0,0,"N",2.87,0,0,0,0,0,0,0,"N",1,100.0,0,0,0,0,0,0,0,0,0,0,0,0,0,0
"46027","5","518210","78","0","2025","1","",4,2,3,3,45494,42444,479,1312,"",1.84,0.11,0.16,0.16,0.07,0.29,1.59,0.51,"N",2,100.0,0,0,0,0,0,0,0,0,0,0,0,0,0,0
"46029","5","518210","78","0","2025","1","",4,4,4,4,149066,55865,460,2867,"",0.61,0.07,0.08,0.08,0.08,0.07,0.23,1.05,"N",1,33.3,0,0,0,0,0,0,0,0,0,0,0,0,0,0
"46033","5","518210","78","0","2025","1","N",1,0,0,0,0,0,0,0,"N",0.52,0,0,0,0,0,0,0,"N",-2,-66.7,0,0,0,0,0,0,0,0,0,0,0,0,0,0
"46035","5","518210","78","0","2025","1","N",3,0,0,0,0,0,0,0,"N",0.78,0,0,0,0,0,0,0,"N",-1,-25.0,0,0,0,0,0,0,0,0,0,0,0,0,0,0
"46037","5","518210","78","0","2025","1","N",2,0,0,0,0,0,0,0,"N",1.58,0,0,0,0,0,0,0,"N",0,0.0,0,0,0,0,0,0,0,0,0,0,0,0,0,0
"46039","5","518210","78","0","2025","1","N",1,0,0,0,0,0,0,0,"N",1.11,0,0,0,0,0,0,0,"N",0,0.0,0,0,0,0,0,0,0,0,0,0,0,0,0,0
"46047","5","518210","78","0","2025","1","N",2,0,0,0,0,0,0,0,"N",1.21,0,0,0,0,0,0,0,"N",1,100.0,0,0,0,0,0,0,0,0,0,0,0,0,0,0
"46049","5","518210","78","0","2025","1","N",1,0,0,0,0,0,0,0,"N",1.70,0,0,0,0,0,0,0,"N",0,0.0,0,0,0,0,0,0,0,0,0,0,0,0,0,0
"46061","5","518210","78","0","2025","1","N",1,0,0,0,0,0,0,0,"N",2.05,0,0,0,0,0,0,0,"N",0,0.0,0,0,0,0,0,0,0,0,0,0,0,0,0,0
"46065","2","518210","78","0","2025","1","N",1,0,0,0,0,0,0,0,"N",679.87,0,0,0,0,0,0,0,"N",0,0.0,0,0,0,0,0,0,0,0,0,0,0,0,0,0
"46065","5","518210","78","0","2025","1","",8,23,24,24,642042,313737,836,2087,"",1.86,0.68,0.72,0.72,0.45,0.88,0.99,0.64,"",1,14.3,3,15.0,2,9.1,1,4.3,95244,17.4,7747,2.5,-110,-11.6,146,7.5
"46067","5","518210","78","0","2025","1","N",2,0,0,0,0,0,0,0,"N",1.46,0,0,0,0,0,0,0,"N",1,100.0,0,0,0,0,0,0,0,0,0,0,0,0,0,0
"46077","5","518210","78","0","2025","1","N",1,0,0,0,0,0,0,0,"N",0.81,0,0,0,0,0,0,0,"N",0,0.0,0,0,0,0,0,0,0,0,0,0,0,0,0,0
"46079","5","518210","78","0","2025","1","",7,7,7,7,297528,105000,870,3270,"",3.04,0.44,0.44,0.44,0.49,0.48,1.68,1.12,"",3,75.0,4,133.3,4,133.3,4,133.3,148266,99.3,60000,133.3,570,190.0,-557,-14.6
"46081","5","518210","78","0","2025","1","",12,9,9,9,269717,135376,488,2305,"",1.57,0.22,0.21,0.21,0.19,0.24,0.28,0.90,"",2,20.0,0,0.0,0,0.0,1,12.5,26540,10.9,14132,11.7,-535,-52.3,147,6.8
"46083","5","518210","78","0","2025","1","",16,12,13,14,366594,177362,893,2169,"",1.32,0.13,0.14,0.15,0.09,0.12,0.15,0.61,"",0,0.0,-2,-14.3,-1,-7.1,-1,-6.7,52516,16.7,-10082,-5.4,-379,-29.8,483,28.6
"46087","5","518210","78","0","2025","1","N",2,0,0,0,0,0,0,0,"N",1.82,0,0,0,0,0,0,0,"N",1,100.0,0,0,0,0,0,0,0,0,0,0,0,0,0,0
"46093","5","518210","78","0","2025","1","",4,4,4,6,131283,76005,24,2164,"",0.82,0.14,0.14,0.21,0.12,0.24,0.01,0.70,"",0,0.0,-2,-33.3,-2,-33.3,0,0.0,-68940,-34.4,-16364,-17.7,-321,-93.0,-403,-15.7
"46099","2","518210","78","0","2025","1","N",1,0,0,0,0,0,0,0,"N",63.55,0,0,0,0,0,0,0,"N",0,0.0,0,0,0,0,0,0,0,0,0,0,0,0,0,0
"46099","5","518210","78","0","2025","1","",114,172,172,171,5014922,2484058,19311,2247,"",2.48,0.40,0.40,0.40,0.26,0.39,0.90,0.65,"",1,0.9,-6,-3.4,-11,-6.0,-9,-5.0,560867,12.6,16538,0.7,5514,40.0,347,18.3
"46101","5","518210","78","0","2025","1","N",1,0,0,0,0,0,0,0,"N",1.01,0,0,0,0,0,0,0,"N",0,0.0,0,0,0,0,0,0,0,0,0,0,0,0,0,0
"46103","2","518210","78","0","2025","1","N",1,0,0,0,0,0,0,0,"N",109.75,0,0,0,0,0,0,0,"N",0,0.0,0,0,0,0,0,0,0,0,0,0,0,0,0,0
"46103","5","518210","78","0","2025","1","",45,43,43,44,1647027,628595,5178,2924,"",1.69,0.23,0.23,0.23,0.22,0.24,0.57,0.95,"",0,0.0,-19,-30.6,-15,-25.9,-12,-21.4,-322362,-16.4,-185282,-22.8,-1230,-19.2,342,13.2
"46105","5","518210","78","0","2025","1","N",1,0,0,0,0,0,0,0,"N",1.54,0,0,0,0,0,0,0,"N",0,0.0,0,0,0,0,0,0,0,0,0,0,0,0,0,0
"46109","5","518210","78","0","2025","1","N",1,0,0,0,0,0,0,0,"N",0.72,0,0,0,0,0,0,0,"N",0,0.0,0,0,0,0,0,0,0,0,0,0,0,0,0,0
"46111","5","518210","78","0","2025","1","N",1,0,0,0,0,0,0,0,"N",2.45,0,0,0,0,0,0,0,"N",1,100.0,0,0,0,0,0,0,0,0,0,0,0,0,0,0
"46115","5","518210","78","0","2025","1","N",2,0,0,0,0,0,0,0,"N",1.63,0,0,0,0,0,0,0,"N",1,100.0,0,0,0,0,0,0,0,0,0,0,0,0,0,0
"46117","5","518210","78","0","2025","1","N",1,0,0,0,0,0,0,0,"N",1.42,0,0,0,0,0,0,0,"N",0,0.0,0,0,0,0,0,0,0,0,0,0,0,0,0,0
"46123","5","518210","78","0","2025","1","N",1,0,0,0,0,0,0,0,"N",0.83,0,0,0,0,0,0,0,"N",0,0.0,0,0,0,0,0,0,0,0,0,0,0,0,0,0
"46125","5","518210","78","0","2025","1","N",1,0,0,0,0,0,0,0,"N",0.62,0,0,0,0,0,0,0,"N",1,100.0,0,0,0,0,0,0,0,0,0,0,0,0,0,0
"46127","5","518210","78","0","2025","1","",10,7,7,6,490523,91260,360,5660,"",2.44,0.24,0.24,0.20,0.34,0.15,0.19,1.49,"N",4,66.7,0,0,0,0,0,0,0,0,0,0,0,0,0,0
"46129","5","518210","78","0","2025","1","-",0,0,0,0,0,0,0,0,"N",0.00,0,0,0,0,0,0,0,"N",0,0,0,0,0,0,0,0,0,0,0,0,0,0,0,0
"46135","2","518210","78","0","2025","1","N",1,0,0,0,0,0,0,0,"N",736.60,0,0,0,0,0,0,0,"N",0,0.0,0,0,0,0,0,0,0,0,0,0,0,0,0,0
"46135","5","518210","78","0","2025","1","N",3,0,0,0,0,0,0,0,"N",0.76,0,0,0,0,0,0,0,"N",2,200.0,0,0,0,0,0,0,0,0,0,0,0,0,0,0
"46999","5","518210","78","0","2025","1","N",1,0,0,0,0,0,0,0,"N",0.51,0,0,0,0,0,0,0,"N",1,100.0,0,0,0,0,0,0,0,0,0,0,0,0,0,0
"47000","3","518210","58","0","2025","1","",1,28,29,28,588966,0,0,1599,"",0.60,0.69,0.70,0.68,0.76,0.00,0.00,1.10,"",0,0.0,3,12.0,5,20.8,4,16.7,-17328,-2.9,0,0.0,0,0.0,-318,-16.6
"47000","5","518210","58","0","2025","1","",1077,7959,7939,7894,383144770,57946540,755438,3716,"",1.12,0.78,0.78,0.78,0.80,0.57,0.66,1.03,"",-270,-20.0,-438,-5.2,-335,-4.0,-409,-4.9,52839897,16.0,276350,0.5,42436,6.0,664,21.8
"47001","5","518210","78","0","2025","1","",5,8,8,8,167672,50467,357,1612,"",0.56,0.06,0.06,0.06,0.02,0.03,0.02,0.39,"",0,0.0,1,14.3,0,0.0,0,0.0,-22822,-12.0,-546,-1.1,-182,-33.8,-299,-15.6
"47009","5","518210","78","0","2025","1","",17,21,20,19,686828,130575,3215,2642,"",1.16,0.12,0.11,0.11,0.10,0.07,0.19,0.83,"",-3,-15.0,-1,-4.5,-2,-9.1,-3,-13.6,172372,33.5,-10962,-7.7,1128,54.0,843,46.9
"47011","5","518210","78","0","2025","1","",9,13,12,12,367256,76509,1391,2291,"",0.84,0.10,0.09,0.10,0.08,0.06,0.11,0.80,"",-1,-10.0,2,18.2,1,9.1,2,20.0,54886,17.6,12035,18.7,445,47.0,38,1.7
"47013","5","518210","78","0","2025","1","",4,20,22,22,576931,154502,3416,2080,"",1.22,0.71,0.78,0.78,0.72,0.64,1.27,0.95,"N",0,0.0,0,0,0,0,0,0,0,0,0,0,0,0,0,0
"47015","5","518210","78","0","2025","1","N",2,0,0,0,0,0,0,0,"N",1.56,0,0,0,0,0,0,0,"N",0,0.0,0,0,0,0,0,0,0,0,0,0,0,0,0,0
"47017","5","518210","78","0","2025","1","N",1,0,0,0,0,0,0,0,"N",0.41,0,0,0,0,0,0,0,"N",0,0.0,0,0,0,0,0,0,0,0,0,0,0,0,0,0
"47019","5","518210","78","0","2025","1","N",1,0,0,0,0,0,0,0,"N",0.27,0,0,0,0,0,0,0,"N",-1,-50.0,0,0,0,0,0,0,0,0,0,0,0,0,0,0
"47021","5","518210","78","0","2025","1","",7,31,30,28,1993533,217000,3633,5169,"",1.69,1.02,0.98,0.91,1.61,0.71,0.83,1.66,"",-1,-12.5,-8,-20.5,-10,-25.0,-11,-28.2,-875070,-30.5,-63153,-22.5,-61,-1.7,-441,-7.9
"47025","5","518210","78","0","2025","1","N",1,0,0,0,0,0,0,0,"N",0.38,0,0,0,0,0,0,0,"N",0,0.0,0,0,0,0,0,0,0,0,0,0,0,0,0,0
"47027","5","518210","78","0","2025","1","N",1,0,0,0,0,0,0,0,"N",1.51,0,0,0,0,0,0,0,"N",0,0.0,0,0,0,0,0,0,0,0,0,0,0,0,0,0
"47029","5","518210","78","0","2025","1","N",1,0,0,0,0,0,0,0,"N",0.40,0,0,0,0,0,0,0,"N",1,100.0,0,0,0,0,0,0,0,0,0,0,0,0,0,0
"47031","5","518210","78","0","2025","1","N",1,0,0,0,0,0,0,0,"N",0.14,0,0,0,0,0,0,0,"N",1,100.0,0,0,0,0,0,0,0,0,0,0,0,0,0,0
"47035","5","518210","78","0","2025","1","",9,17,17,17,1964615,126000,1918,8890,"",1.35,0.29,0.28,0.28,1.06,0.22,0.24,3.75,"",-3,-25.0,-6,-26.1,-6,-26.1,-7,-29.2,1314439,202.2,-45183,-26.4,-2256,-54.0,6747,314.8
"47037","5","518210","78","0","2025","1","",233,2225,2210,2208,88867575,15506231,186164,3087,"",1.63,1.31,1.29,1.29,0.89,0.91,0.94,0.68,"",-98,-29.6,-340,-13.3,-335,-13.2,-348,-13.6,-16768795,-15.9,-2631114,-14.5,-33360,-15.2,-93,-2.9
"47041","5","518210","78","0","2025","1","",3,3,3,3,135601,21000,350,3477,"",1.56,0.19,0.19,0.19,0.27,0.13,0.23,1.43,"N",1,50.0,0,0,0,0,0,0,0,0,0,0,0,0,0,0
"47043","5","518210","78","0","2025","1","N",2,0,0,0,0,0,0,0,"N",0.33,0,0,0,0,0,0,0,"N",1,100.0,0,0,0,0,0,0,0,0,0,0,0,0,0,0
"47047","5","518210","78","0","2025","1","N",3,0,0,0,0,0,0,0,"N",0.86,0,0,0,0,0,0,0,"N",2,200.0,0,0,0,0,0,0,0,0,0,0,0,0,0,0
"47049","5","518210","78","0","2025","1","N",3,0,0,0,0,0,0,0,"N",1.77,0,0,0,0,0,0,0,"N",1,50.0,0,0,0,0,0,0,0,0,0,0,0,0,0,0
"47051","5","518210","78","0","2025","1","",5,16,16,17,539022,118365,1768,2539,"",1.18,0.45,0.45,0.48,0.43,0.38,0.67,0.95,"",-2,-28.6,4,33.3,4,33.3,4,30.8,244750,83.2,39442,50.0,715,67.9,704,38.4
"47055","5","518210","78","0","2025","1","N",1,0,0,0,0,0,0,0,"N",0.32,0,0,0,0,0,0,0,"N",0,0.0,0,0,0,0,0,0,0,0,0,0,0,0,0,0
"47057","5","518210","78","0","2025","1","N",2,0,0,0,0,0,0,0,"N",1.19,0,0,0,0,0,0,0,"N",0,0.0,0,0,0,0,0,0,0,0,0,0,0,0,0,0
"47059","5","518210","78","0","2025","1","N",1,0,0,0,0,0,0,0,"N",0.15,0,0,0,0,0,0,0,"N",0,0.0,0,0,0,0,0,0,0,0,0,0,0,0,0,0
"47063","5","518210","78","0","2025","1","N",1,0,0,0,0,0,0,0,"N",0.14,0,0,0,0,0,0,0,"N",-1,-50.0,0,0,0,0,0,0,0,0,0,0,0,0,0,0
"47065","5","518210","78","0","2025","1","",75,691,684,676,35725823,5608988,92516,4020,"",1.32,1.00,0.99,0.98,1.13,0.82,1.27,1.14,"",-16,-17.6,-33,-4.6,25,3.8,9,1.3,6108379,20.6,1563437,38.6,39799,75.5,686,20.6
"47067","5","518210","78","0","2025","1","N",1,0,0,0,0,0,0,0,"N",2.16,0,0,0,0,0,0,0,"N",0,0.0,0,0,0,0,0,0,0,0,0,0,0,0,0,0
"47071","5","518210","78","0","2025","1","N",1,0,0,0,0,0,0,0,"N",0.37,0,0,0,0,0,0,0,"N",0,0.0,0,0,0,0,0,0,0,0,0,0,0,0,0,0
"47079","5","518210","78","0","2025","1","N",1,0,0,0,0,0,0,0,"N",0.28,0,0,0,0,0,0,0,"N",0,0.0,0,0,0,0,0,0,0,0,0,0,0,0,0,0
"47083","5","518210","78","0","2025","1","N",1,0,0,0,0,0,0,0,"N",1.50,0,0,0,0,0,0,0,"N",0,0.0,0,0,0,0,0,0,0,0,0,0,0,0,0,0
"47085","5","518210","78","0","2025","1","N",1,0,0,0,0,0,0,0,"N",0.56,0,0,0,0,0,0,0,"N",0,0.0,0,0,0,0,0,0,0,0,0,0,0,0,0,0
"47087","5","518210","78","0","2025","1","N",3,0,0,0,0,0,0,0,"N",3.11,0,0,0,0,0,0,0,"N",1,50.0,0,0,0,0,0,0,0,0,0,0,0,0,0,0
"47089","5","518210","78","0","2025","1","N",1,0,0,0,0,0,0,0,"N",0.22,0,0,0,0,0,0,0,"N",-1,-50.0,0,0,0,0,0,0,0,0,0,0,0,0,0,0
"47091","5","518210","78","0","2025","1","N",1,0,0,0,0,0,0,0,"N",0.64,0,0,0,0,0,0,0,"N",-1,-50.0,0,0,0,0,0,0,0,0,0,0,0,0,0,0
"47093","5","518210","78","0","2025","1","",85,375,365,359,22089147,2631601,39142,4638,"",1.16,0.46,0.44,0.44,0.61,0.33,0.48,1.37,"N",-21,-19.8,0,0,0,0,0,0,0,0,0,0,0,0,0,0
"47099","5","518210","78","0","2025","1","N",1,0,0,0,0,0,0,0,"N",0.24,0,0,0,0,0,0,0,"N",0,0.0,0,0,0,0,0,0,0,0,0,0,0,0,0,0
"47101","5","518210","78","0","2025","1","N",1,0,0,0,0,0,0,0,"N",0.81,0,0,0,0,0,0,0,"N",0,0.0,0,0,0,0,0,0,0,0,0,0,0,0,0,0
"47103","5","518210","78","0","2025","1","N",2,0,0,0,0,0,0,0,"N",0.58,0,0,0,0,0,0,0,"N",1,100.0,0,0,0,0,0,0,0,0,0,0,0,0,0,0
"47105","5","518210","78","0","2025","1","",6,22,20,22,449643,127240,1549,1621,"",0.94,0.40,0.36,0.40,0.22,0.22,0.27,0.57,"",-3,-33.3,-15,-40.5,-16,-44.4,-14,-38.9,-224343,-33.3,-115127,-47.5,-1191,-43.5,194,13.6
"47107","5","518210","78","0","2025","1","N",2,0,0,0,0,0,0,0,"N",0.42,0,0,0,0,0,0,0,"N",-2,-50.0,0,0,0,0,0,0,0,0,0,0,0,0,0,0
"47113","3","518210","78","0","2025","1","",1,28,29,28,588966,0,0,1599,"",45.09,36.80,37.71,36.35,49.22,0.00,0.00,1.33,"",0,0.0,3,12.0,5,20.8,4,16.7,-17328,-2.9,0,0.0,0,0.0,-318,-16.6
"47113","5","518210","78","0","2025","1","N",2,0,0,0,0,0,0,0,"N",0.16,0,0,0,0,0,0,0,"N",-2,-50.0,0,0,0,0,0,0,0,0,0,0,0,0,0,0
"47115","5","518210","78","0","2025","1","N",2,0,0,0,0,0,0,0,"N",0.76,0,0,0,0,0,0,0,"N",0,0.0,0,0,0,0,0,0,0,0,0,0,0,0,0,0
"47119","5","518210","78","0","2025","1","",11,55,53,49,1527433,388332,1674,2245,"",0.82,0.43,0.43,0.38,0.25,0.28,0.11,0.60,"",-3,-21.4,16,41.0,11,26.2,7,16.7,518701,51.4,95305,32.5,416,33.1,352,18.6
"47121","5","518210","78","0","2025","1","-",0,0,0,0,0,0,0,0,"N",0.00,0,0,0,0,0,0,0,"N",0,0,0,0,0,0,0,0,0,0,0,0,0,0,0,0
"47125","5","518210","78","0","2025","1","",21,323,335,327,24528387,2340674,40976,5747,"",1.03,1.58,1.63,1.60,3.31,1.32,1.77,2.07,"",-6,-22.2,286,773.0,294,717.1,283,643.2,23629761,2629.5,2064625,747.9,35913,709.3,4047,238.1
"47137","5","518210","78","0","2025","1","N",1,0,0,0,0,0,0,0,"N",1.98,0,0,0,0,0,0,0,"N",0,0.0,0,0,0,0,0,0,0,0,0,0,0,0,0,0
"47139","5","518210","78","0","2025","1","N",1,0,0,0,0,0,0,0,"N",0.67,0,0,0,0,0,0,0,"N",1,100.0,0,0,0,0,0,0,0,0,0,0,0,0,0,0
"47141","5","518210","78","0","2025","1","N",3,0,0,0,0,0,0,0,"N",0.28,0,0,0,0,0,0,0,"N",-1,-25.0,0,0,0,0,0,0,0,0,0,0,0,0,0,0
"47145","5","518210","78","0","2025","1","N",1,0,0,0,0,0,0,0,"N",0.22,0,0,0,0,0,0,0,"N",-3,-75.0,0,0,0,0,0,0,0,0,0,0,0,0,0,0
"47147","5","518210","78","0","2025","1","N",2,0,0,0,0,0,0,0,"N",0.28,0,0,0,0,0,0,0,"N",-1,-33.3,0,0,0,0,0,0,0,0,0,0,0,0,0,0
"47149","5","518210","78","0","2025","1","N",25,0,0,0,0,0,0,0,"N",0.68,0,0,0,0,0,0,0,"N",-16,-39.0,0,0,0,0,0,0,0,0,0,0,0,0,0,0
"47151","5","518210","78","0","2025","1","N",1,0,0,0,0,0,0,0,"N",0.50,0,0,0,0,0,0,0,"N",0,0.0,0,0,0,0,0,0,0,0,0,0,0,0,0,0
"47153","5","518210","78","0","2025","1","N",1,0,0,0,0,0,0,0,"N",0.74,0,0,0,0,0,0,0,"N",0,0.0,0,0,0,0,0,0,0,0,0,0,0,0,0,0
"47155","5","518210","78","0","2025","1","N",4,0,0,0,0,0,0,0,"N",0.26,0,0,0,0,0,0,0,"N",-5,-55.6,0,0,0,0,0,0,0,0,0,0,0,0,0,0
"47157","5","518210","78","0","2025","1","",76,440,442,435,15518730,3374895,55425,2719,"",0.74,0.29,0.30,0.30,0.21,0.24,0.40,0.71,"",-31,-29.0,17,4.0,24,5.7,16,3.8,3497366,29.1,576132,20.6,13003,30.7,517,23.5
"47159","5","518210","78","0","2025","1","N",1,0,0,0,0,0,0,0,"N",0.56,0,0,0,0,0,0,0,"N",0,0.0,0,0,0,0,0,0,0,0,0,0,0,0,0,0
"47163","5","518210","78","0","2025","1","",7,84,87,87,1776762,460943,3560,1589,"",0.39,0.38,0.39,0.40,0.18,0.22,0.18,0.45,"",-5,-41.7,-4,-4.5,-5,-5.4,-4,-4.4,-41439,-2.3,-20232,-4.2,1791,101.2,41,2.6
"47165","5","518210","78","0","2025","1","",30,212,212,211,10729103,1222532,17382,3899,"",1.27,1.08,1.08,1.08,1.38,0.63,0.78,1.28,"",-7,-18.9,-55,-20.6,-57,-21.2,-55,-20.7,-21803087,-67.0,-664193,-35.2,-11105,-39.0,-5462,-58.3
"47167","5","518210","78","0","2025","1","N",2,0,0,0,0,0,0,0,"N",0.48,0,0,0,0,0,0,0,"N",1,100.0,0,0,0,0,0,0,0,0,0,0,0,0,0,0
"47175","5","518210","78","0","2025","1","N",1,0,0,0,0,0,0,0,"N",2.59,0,0,0,0,0,0,0,"N",0,0.0,0,0,0,0,0,0,0,0,0,0,0,0,0,0
"47177","5","518210","78","0","2025","1","N",3,0,0,0,0,0,0,0,"N",0.71,0,0,0,0,0,0,0,"N",0,0.0,0,0,0,0,0,0,0,0,0,0,0,0,0,0
"47179","5","518210","78","0","2025","1","",15,29,31,30,857178,199503,2713,2198,"",0.91,0.15,0.16,0.15,0.11,0.13,0.15,0.74,"",-6,-28.6,-3,-9.4,0,0.0,-1,-3.2,2929,0.3,-2118,-1.1,-489,-15.3,101,4.8
"47183","5","518210","78","0","2025","1","N",1,0,0,0,0,0,0,0,"N",0.34,0,0,0,0,0,0,0,"N",0,0.0,0,0,0,0,0,0,0,0,0,0,0,0,0,0
"47185","5","518210","78","0","2025","1","N",2,0,0,0,0,0,0,0,"N",0.79,0,0,0,0,0,0,0,"N",0,0.0,0,0,0,0,0,0,0,0,0,0,0,0,0,0
"47187","5","518210","78","0","2025","1","",111,1125,1124,1115,60516471,8990957,78671,4151,"",1.83,2.39,2.39,2.39,2.02,1.68,1.18,0.84,"",-23,-17.2,-227,-16.8,-228,-16.9,-235,-17.4,13652037,29.1,-820646,-8.4,-34315,-30.4,1483,55.6
"47189","5","518210","78","0","2025","1","",20,44,45,45,1149730,311674,4095,1980,"",1.00,0.21,0.22,0.22,0.14,0.14,0.16,0.65,"",0,0.0,5,12.8,6,15.4,7,18.4,-426232,-27.0,45602,17.1,366,9.8,-1155,-36.8
"47999","5","518210","78","0","2025","1","",238,1644,1610,1592,100524896,11947178,174037,4787,"",2.36,3.88,3.78,3.76,3.06,1.96,1.82,0.80,"",-2,-0.8,-52,-3.1,-61,-3.7,-50,-3.0,32907180,48.7,259643,2.2,22467,14.8,1672,53.7
"48000","5","518210","58","0","2025","1","",3416,48040,48030,48035,2246034720,439049208,12562276,3597,"",0.87,1.09,1.09,1.10,0.94,0.83,1.22,0.86,"",125,3.8,421,0.9,284,0.6,421,0.9,110781329,5.2,4139412,1.0,2644652,26.7,151,4.4
"48001","5","518210","78","0","2025","1","",12,137,135,131,6176180,1292386,78077,3537,"",1.62,2.16,2.13,2.07,2.39,1.84,7.16,1.13,"",-1,-7.7,13,10.5,2,1.5,-3,-2.2,655131,11.9,-57818,-4.3,33273,74.3,278,8.5
"48005","5","518210","78","0","2025","1","N",1,0,0,0,0,0,0,0,"N",0.11,0,0,0,0,0,0,0,"N",-1,-50.0,0,0,0,0,0,0,0,0,0,0,0,0,0,0
"48007","5","518210","78","0","2025","1","N",1,0,0,0,0,0,0,0,"N",0.31,0,0,0,0,0,0,0,"N",0,0.0,0,0,0,0,0,0,0,0,0,0,0,0,0,0
"48013","5","518210","78","0","2025","1","N",1,0,0,0,0,0,0,0,"N",0.23,0,0,0,0,0,0,0,"N",0,0.0,0,0,0,0,0,0,0,0,0,0,0,0,0,0
"48015","5","518210","78","0","2025","1","",12,32,34,32,732881,302382,6149,1726,"",1.74,0.75,0.80,0.75,0.36,0.53,0.67,0.47,"",0,0.0,0,0.0,4,13.3,0,0.0,134285,22.4,7184,2.4,4373,246.2,256,17.4
"48019","5","518210","78","0","2025","1","N",1,0,0,0,0,0,0,0,"N",0.43,0,0,0,0,0,0,0,"N",0,0.0,0,0,0,0,0,0,0,0,0,0,0,0,0,0
"48021","5","518210","78","0","2025","1","N",3,0,0,0,0,0,0,0,"N",0.35,0,0,0,0,0,0,0,"N",-1,-25.0,0,0,0,0,0,0,0,0,0,0,0,0,0,0
"48027","5","518210","78","0","2025","1","",16,62,64,63,2366117,612695,15809,2889,"",0.53,0.15,0.16,0.15,0.13,0.16,0.28,0.86,"",3,23.1,-31,-33.3,-28,-30.4,-32,-33.7,-790749,-25.0,-236403,-27.8,-16664,-51.3,287,11.0
"48029","5","518210","78","0","2025","1","",111,3247,3235,3296,84336934,23709645,822240,1990,"",0.54,1.11,1.10,1.13,0.62,0.72,1.52,0.55,"",4,3.7,8,0.2,-80,-2.4,11,0.3,527879,0.6,-3180763,-11.8,145609,21.5,24,1.2
"48031","5","518210","78","0","2025","1","N",1,0,0,0,0,0,0,0,"N",0.43,0,0,0,0,0,0,0,"N",0,0.0,0,0,0,0,0,0,0,0,0,0,0,0,0,0
"48033","5","518210","78","0","2025","1","N",1,0,0,0,0,0,0,0,"N",3.03,0,0,0,0,0,0,0,"N",0,0.0,0,0,0,0,0,0,0,0,0,0,0,0,0,0
"48037","5","518210","78","0","2025","1","N",2,0,0,0,0,0,0,0,"N",0.18,0,0,0,0,0,0,0,"N",-1,-33.3,0,0,0,0,0,0,0,0,0,0,0,0,0,0
"48039","5","518210","78","0","2025","1","",8,22,21,23,521322,157374,3872,1823,"",0.26,0.06,0.05,0.06,0.03,0.04,0.04,0.51,"",0,0.0,15,214.3,11,110.0,11,91.7,336550,182.1,74572,90.1,2455,173.3,353,24.0
"48041","5","518210","78","0","2025","1","",12,165,163,165,3542518,1216434,12320,1658,"",0.50,0.43,0.41,0.41,0.24,0.41,0.27,0.59,"N",0,0.0,0,0,0,0,0,0,0,0,0,0,0,0,0,0
"48049","5","518210","78","0","2025","1","N",3,0,0,0,0,0,0,0,"N",0.69,0,0,0,0,0,0,0,"N",1,50.0,0,0,0,0,0,0,0,0,0,0,0,0,0,0
"48053","5","518210","78","0","2025","1","N",2,0,0,0,0,0,0,0,"N",0.26,0,0,0,0,0,0,0,"N",-1,-33.3,0,0,0,0,0,0,0,0,0,0,0,0,0,0
"48055","5","518210","78","0","2025","1","N",2,0,0,0,0,0,0,0,"N",0.49,0,0,0,0,0,0,0,"N",0,0.0,0,0,0,0,0,0,0,0,0,0,0,0,0,0
"48057","5","518210","78","0","2025","1","N",2,0,0,0,0,0,0,0,"N",0.67,0,0,0,0,0,0,0,"N",-1,-33.3,0,0,0,0,0,0,0,0,0,0,0,0,0,0
"48061","5","518210","78","0","2025","1","",7,8,7,7,136827,58085,605,1435,"",0.21,0.02,0.01,0.01,0.01,0.01,0.01,0.61,"",3,75.0,-1,-11.1,-2,-22.2,-1,-12.5,-47541,-25.8,-12101,-17.2,-677,-52.8,-201,-12.3
"48067","5","518210","78","0","2025","1","N",1,0,0,0,0,0,0,0,"N",0.38,0,0,0,0,0,0,0,"N",0,0.0,0,0,0,0,0,0,0,0,0,0,0,0,0,0
"48079","5","518210","78","0","2025","1","N",1,0,0,0,0,0,0,0,"N",1.77,0,0,0,0,0,0,0,"N",0,0.0,0,0,0,0,0,0,0,0,0,0,0,0,0,0
"48085","5","518210","78","0","2025","1","",225,6489,6454,6428,205970677,57260209,2195200,2454,"",1.40,3.72,3.71,3.70,1.77,2.40,4.39,0.48,"",15,7.1,-341,-5.0,-360,-5.3,-343,-5.1,-23445214,-10.2,-5079213,-8.1,-91231,-4.0,-139,-5.4
"48091","5","518210","78","0","2025","1","N",11,0,0,0,0,0,0,0,"N",0.46,0,0,0,0,0,0,0,"N",3,37.5,0,0,0,0,0,0,0,0,0,0,0,0,0,0
"48097","5","518210","78","0","2025","1","N",3,0,0,0,0,0,0,0,"N",0.58,0,0,0,0,0,0,0,"N",1,50.0,0,0,0,0,0,0,0,0,0,0,0,0,0,0
"48099","5","518210","78","0","2025","1","",3,23,23,21,282687,169304,1932,974,"",0.65,0.49,0.49,0.45,0.16,0.47,0.33,0.34,"N",1,50.0,0,0,0,0,0,0,0,0,0,0,0,0,0,0
"48101","5","518210","78","0","2025","1","N",2,0,0,0,0,0,0,0,"N",2.61,0,0,0,0,0,0,0,"N",-1,-33.3,0,0,0,0,0,0,0,0,0,0,0,0,0,0
"48103","5","518210","78","0","2025","1","N",1,0,0,0,0,0,0,0,"N",1.96,0,0,0,0,0,0,0,"N",1,100.0,0,0,0,0,0,0,0,0,0,0,0,0,0,0
"48111","5","518210","78","0","2025","1","N",2,0,0,0,0,0,0,0,"N",1.09,0,0,0,0,0,0,0,"N",1,100.0,0,0,0,0,0,0,0,0,0,0,0,0,0,0
"48113","5","518210","78","0","2025","1","",315,6818,6781,6782,294137168,65792597,1663887,3330,"",0.83,1.19,1.19,1.20,0.77,0.84,1.00,0.65,"",17,5.7,749,12.3,719,11.9,772,12.8,49556985,20.3,5681250,9.5,378127,29.4,219,7.0
"48121","5","518210","78","0","2025","1","",82,872,865,863,36932966,7847300,166142,3278,"",0.86,0.88,0.87,0.87,0.79,0.65,0.75,0.91,"",-1,-1.2,95,12.2,68,8.5,73,9.2,-559529,-1.5,652826,9.1,32838,24.6,-382,-10.4
"48125","5","518210","78","0","2025","1","N",1,0,0,0,0,0,0,0,"N",3.35,0,0,0,0,0,0,0,"N",0,0.0,0,0,0,0,0,0,0,0,0,0,0,0,0,0
"48133","5","518210","78","0","2025","1","N",1,0,0,0,0,0,0,0,"N",0.40,0,0,0,0,0,0,0,"N",1,100.0,0,0,0,0,0,0,0,0,0,0,0,0,0,0
"48135","5","518210","78","0","2025","1","N",1,0,0,0,0,0,0,0,"N",0.05,0,0,0,0,0,0,0,"N",0,0.0,0,0,0,0,0,0,0,0,0,0,0,0,0,0
"48139","5","518210","78","0","2025","1","",11,159,164,161,9368043,1005050,22983,4467,"",0.60,0.80,0.82,0.81,1.19,0.42,0.63,1.47,"",0,0.0,47,42.0,47,40.2,29,22.0,2711291,40.7,254508,33.9,15004,188.0,212,5.0
"48141","5","518210","78","0","2025","1","",35,875,871,841,14050467,6533942,129247,1253,"",0.46,0.83,0.83,0.80,0.39,0.65,0.83,0.47,"",-1,-2.8,47,5.7,30,3.6,-36,-4.1,672667,5.0,300826,4.8,-1155,-0.9,40,3.3
"48143","5","518210","78","0","2025","1","N",2,0,0,0,0,0,0,0,"N",0.34,0,0,0,0,0,0,0,"N",1,100.0,0,0,0,0,0,0,0,0,0,0,0,0,0,0
"48145","5","518210","78","0","2025","1","N",1,0,0,0,0,0,0,0,"N",0.71,0,0,0,0,0,0,0,"N",0,0.0,0,0,0,0,0,0,0,0,0,0,0,0,0,0
"48147","5","518210","78","0","2025","1","N",2,0,0,0,0,0,0,0,"N",0.68,0,0,0,0,0,0,0,"N",1,100.0,0,0,0,0,0,0,0,0,0,0,0,0,0,0
"48157","5","518210","78","0","2025","1","",44,213,215,215,5161420,1635905,53435,1852,"",0.52,0.26,0.27,0.27,0.15,0.19,0.39,0.55,"",-2,-4.3,-123,-36.6,-108,-33.4,-99,-31.5,-6581895,-56.0,-1939353,-54.2,-117609,-68.8,-933,-33.5
"48159","5","518210","78","0","2025","1","N",1,0,0,0,0,0,0,0,"N",0.43,0,0,0,0,0,0,0,"N",0,0.0,0,0,0,0,0,0,0,0,0,0,0,0,0,0
"48163","5","518210","78","0","2025","1","N",1,0,0,0,0,0,0,0,"N",0.57,0,0,0,0,0,0,0,"N",0,0.0,0,0,0,0,0,0,0,0,0,0,0,0,0,0
"48167","5","518210","78","0","2025","1","",9,37,36,38,1472858,342889,2045,3062,"",0.29,0.10,0.09,0.10,0.09,0.09,0.03,0.93,"",-2,-18.2,4,12.1,2,5.9,4,11.8,314868,27.2,55087,19.1,-434,-17.5,416,15.7
"48171","5","518210","78","0","2025","1","-",0,0,0,0,0,0,0,0,"N",0.00,0,0,0,0,0,0,0,"N",0,0,0,0,0,0,0,0,0,0,0,0,0,0,0,0
"48173","5","518210","78","0","2025","1","N",1,0,0,0,0,0,0,0,"N",1.58,0,0,0,0,0,0,0,"N",0,0.0,0,0,0,0,0,0,0,0,0,0,0,0,0,0
"48177","5","518210","78","0","2025","1","N",1,0,0,0,0,0,0,0,"N",0.40,0,0,0,0,0,0,0,"N",0,0.0,0,0,0,0,0,0,0,0,0,0,0,0,0,0
"48181","5","518210","78","0","2025","1","N",4,0,0,0,0,0,0,0,"N",0.27,0,0,0,0,0,0,0,"N",-1,-20.0,0,0,0,0,0,0,0,0,0,0,0,0,0,0
"48183","5","518210","78","0","2025","1","-",0,0,0,0,0,0,0,0,"N",0.00,0,0,0,0,0,0,0,"N",-1,-100.0,0,0,0,0,0,0,0,0,0,0,0,0,0,0
"48187","5","518210","78","0","2025","1","N",2,0,0,0,0,0,0,0,"N",0.16,0,0,0,0,0,0,0,"N",-2,-50.0,0,0,0,0,0,0,0,0,0,0,0,0,0,0
"48195","5","518210","78","0","2025","1","N",1,0,0,0,0,0,0,0,"N",0.96,0,0,0,0,0,0,0,"N",1,100.0,0,0,0,0,0,0,0,0,0,0,0,0,0,0
"48199","5","518210","78","0","2025","1","N",2,0,0,0,0,0,0,0,"N",0.46,0,0,0,0,0,0,0,"N",-1,-33.3,0,0,0,0,0,0,0,0,0,0,0,0,0,0
"48201","5","518210","78","0","2025","1","",293,2837,2851,2830,116339886,25787524,662189,3152,"",0.52,0.37,0.37,0.37,0.22,0.27,0.32,0.61,"",7,2.4,-212,-7.0,-143,-4.8,-182,-6.0,595439,0.5,-1107803,-4.1,63339,10.6,202,6.8
"48203","5","518210","78","0","2025","1","",4,8,9,4,98641,66069,166,1084,"",0.60,0.12,0.13,0.06,0.03,0.09,0.01,0.31,"",0,0.0,0,0.0,0,0.0,-3,-42.9,20874,26.8,10585,19.1,-912,-84.6,336,44.9
"48209","5","518210","78","0","2025","1","",16,68,68,70,1570118,414546,9095,1759,"",0.54,0.22,0.22,0.23,0.14,0.13,0.19,0.63,"",-10,-38.5,-47,-40.9,-55,-44.7,-51,-42.1,-1659387,-51.4,-398020,-49.0,-5644,-38.3,-317,-15.3
"48213","5","518210","78","0","2025","1","N",2,0,0,0,0,0,0,0,"N",0.26,0,0,0,0,0,0,0,"N",-1,-33.3,0,0,0,0,0,0,0,0,0,0,0,0,0,0
"48215","5","518210","78","0","2025","1","",8,233,198,199,1973953,1318356,27226,723,"",0.12,0.25,0.21,0.21,0.08,0.16,0.22,0.33,"",-2,-20.0,133,133.0,56,39.4,30,17.8,5691,0.3,261727,24.8,14734,117.9,-382,-34.6
"48217","5","518210","78","0","2025","1","N",1,0,0,0,0,0,0,0,"N",0.26,0,0,0,0,0,0,0,"N",0,0.0,0,0,0,0,0,0,0,0,0,0,0,0,0,0
"48221","5","518210","78","0","2025","1","N",1,0,0,0,0,0,0,0,"N",0.13,0,0,0,0,0,0,0,"N",0,0.0,0,0,0,0,0,0,0,0,0,0,0,0,0,0
"48223","5","518210","78","0","2025","1","N",1,0,0,0,0,0,0,0,"N",0.23,0,0,0,0,0,0,0,"N",-1,-50.0,0,0,0,0,0,0,0,0,0,0,0,0,0,0
"48225","5","518210","78","0","2025","1","",5,6,6,8,246903,76029,2665,2849,"",1.13,0.26,0.26,0.34,0.24,0.30,0.73,0.83,"",-2,-28.6,-1,-14.3,-2,-25.0,0,0.0,5024,2.1,4029,5.6,1161,77.2,422,17.4
"48227","5","518210","78","0","2025","1","N",1,0,0,0,0,0,0,0,"N",0.24,0,0,0,0,0,0,0,"N",0,0.0,0,0,0,0,0,0,0,0,0,0,0,0,0,0
"48231","5","518210","78","0","2025","1","N",2,0,0,0,0,0,0,0,"N",0.24,0,0,0,0,0,0,0,"N",0,0.0,0,0,0,0,0,0,0,0,0,0,0,0,0,0
"48245","5","518210","78","0","2025","1","N",2,0,0,0,0,0,0,0,"N",0.08,0,0,0,0,0,0,0,"N",0,0.0,0,0,0,0,0,0,0,0,0,0,0,0,0,0
"48251","5","518210","78","0","2025","1","",4,82,85,81,1441970,897007,15035,1342,"",0.21,0.44,0.45,0.43,0.20,0.39,0.37,0.45,"N",1,33.3,0,0,0,0,0,0,0,0,0,0,0,0,0,0
"48257","5","518210","78","0","2025","1","N",2,0,0,0,0,0,0,0,"N",0.16,0,0,0,0,0,0,0,"N",0,0.0,0,0,0,0,0,0,0,0,0,0,0,0,0,0
"48259","5","518210","78","0","2025","1","",3,14,13,13,234387,111924,1384,1352,"",0.33,0.22,0.20,0.20,0.09,0.15,0.13,0.42,"",0,0.0,4,40.0,3,30.0,3,30.0,61642,35.7,24964,28.7,383,38.3,23,1.7
"48265","5","518210","78","0","2025","1","N",1,0,0,0,0,0,0,0,"N",0.14,0,0,0,0,0,0,0,"N",-1,-50.0,0,0,0,0,0,0,0,0,0,0,0,0,0,0
"48271","5","518210","78","0","2025","1","N",1,0,0,0,0,0,0,0,"N",2.76,0,0,0,0,0,0,0,"N",1,100.0,0,0,0,0,0,0,0,0,0,0,0,0,0,0
"48273","5","518210","78","0","2025","1","N",1,0,0,0,0,0,0,0,"N",0.35,0,0,0,0,0,0,0,"N",0,0.0,0,0,0,0,0,0,0,0,0,0,0,0,0,0
"48277","5","518210","78","0","2025","1","N",2,0,0,0,0,0,0,0,"N",0.32,0,0,0,0,0,0,0,"N",1,100.0,0,0,0,0,0,0,0,0,0,0,0,0,0,0
"48281","5","518210","78","0","2025","1","N",1,0,0,0,0,0,0,0,"N",0.44,0,0,0,0,0,0,0,"N",0,0.0,0,0,0,0,0,0,0,0,0,0,0,0,0,0
"48285","5","518210","78","0","2025","1","N",2,0,0,0,0,0,0,0,"N",0.88,0,0,0,0,0,0,0,"N",0,0.0,0,0,0,0,0,0,0,0,0,0,0,0,0,0
"48289","5","518210","78","0","2025","1","N",1,0,0,0,0,0,0,0,"N",0.52,0,0,0,0,0,0,0,"N",0,0.0,0,0,0,0,0,0,0,0,0,0,0,0,0,0
"48299","5","518210","78","0","2025","1","N",1,0,0,0,0,0,0,0,"N",0.35,0,0,0,0,0,0,0,"N",-1,-50.0,0,0,0,0,0,0,0,0,0,0,0,0,0,0
"48303","5","518210","78","0","2025","1","N",11,0,0,0,0,0,0,0,"N",0.29,0,0,0,0,0,0,0,"N",0,0.0,0,0,0,0,0,0,0,0,0,0,0,0,0,0
"48309","5","518210","78","0","2025","1","",12,137,137,136,1686699,1130319,8412,949,"",0.44,0.36,0.36,0.36,0.11,0.28,0.14,0.30,"",-2,-14.3,28,25.7,12,9.6,2,1.5,245461,17.0,151790,15.5,2888,52.3,45,5.0
"48315","5","518210","78","0","2025","1","N",2,0,0,0,0,0,0,0,"N",2.62,0,0,0,0,0,0,0,"N",0,0.0,0,0,0,0,0,0,0,0,0,0,0,0,0,0
"48321","5","518210","78","0","2025","1","N",2,0,0,0,0,0,0,0,"N",0.54,0,0,0,0,0,0,0,"N",1,100.0,0,0,0,0,0,0,0,0,0,0,0,0,0,0
"48325","5","518210","78","0","2025","1","N",1,0,0,0,0,0,0,0,"N",0.24,0,0,0,0,0,0,0,"N",0,0.0,0,0,0,0,0,0,0,0,0,0,0,0,0,0
"48329","5","518210","78","0","2025","1","N",3,0,0,0,0,0,0,0,"N",0.10,0,0,0,0,0,0,0,"N",0,0.0,0,0,0,0,0,0,0,0,0,0,0,0,0,0
"48331","5","518210","78","0","2025","1","N",2,0,0,0,0,0,0,0,"N",0.83,0,0,0,0,0,0,0,"N",0,0.0,0,0,0,0,0,0,0,0,0,0,0,0,0,0
"48335","5","518210","78","0","2025","1","N",1,0,0,0,0,0,0,0,"N",1.16,0,0,0,0,0,0,0,"N",1,100.0,0,0,0,0,0,0,0,0,0,0,0,0,0,0
"48339","5","518210","78","0","2025","1","",45,296,300,308,8540136,2761788,64186,2180,"",0.64,0.41,0.41,0.42,0.23,0.31,0.40,0.55,"",2,4.7,-14,-4.5,-10,-3.2,-1,-0.3,960994,12.7,-95956,-3.4,3309,5.4,297,15.8
"48341","5","518210","78","0","2025","1","N",1,0,0,0,0,0,0,0,"N",0.40,0,0,0,0,0,0,0,"N",0,0.0,0,0,0,0,0,0,0,0,0,0,0,0,0,0
"48347","5","518210","78","0","2025","1","N",2,0,0,0,0,0,0,0,"N",0.31,0,0,0,0,0,0,0,"N",-1,-33.3,0,0,0,0,0,0,0,0,0,0,0,0,0,0
"48351","5","518210","78","0","2025","1","N",1,0,0,0,0,0,0,0,"N",1.60,0,0,0,0,0,0,0,"N",1,100.0,0,0,0,0,0,0,0,0,0,0,0,0,0,0
"48355","5","518210","78","0","2025","1","",6,42,41,40,803474,313431,4851,1507,"",0.15,0.08,0.08,0.08,0.04,0.06,0.04,0.47,"",0,0.0,3,7.7,5,13.9,1,2.6,20940,2.7,1940,0.6,-4309,-47.0,-77,-4.9
"48361","5","518210","78","0","2025","1","N",2,0,0,0,0,0,0,0,"N",0.30,0,0,0,0,0,0,0,"N",0,0.0,0,0,0,0,0,0,0,0,0,0,0,0,0,0
"48363","5","518210","78","0","2025","1","N",2,0,0,0,0,0,0,0,"N",0.59,0,0,0,0,0,0,0,"N",0,0.0,0,0,0,0,0,0,0,0,0,0,0,0,0,0
"48365","5","518210","78","0","2025","1","N",2,0,0,0,0,0,0,0,"N",0.79,0,0,0,0,0,0,0,"N",2,100.0,0,0,0,0,0,0,0,0,0,0,0,0,0,0
"48367","5","518210","78","0","2025","1","",5,22,21,22,567799,228736,5516,2016,"",0.29,0.17,0.16,0.17,0.11,0.15,0.26,0.68,"",1,25.0,-22,-50.0,-18,-46.2,-15,-40.5,-109224,-16.1,-144959,-38.8,-2238,-28.9,714,54.8
"48371","5","518210","78","0","2025","1","",3,29,31,31,613873,250405,3084,1557,"",1.47,1.74,1.84,1.84,0.80,1.55,1.44,0.44,"N",2,200.0,0,0,0,0,0,0,0,0,0,0,0,0,0,0
"48373","5","518210","78","0","2025","1","N",2,0,0,0,0,0,0,0,"N",0.46,0,0,0,0,0,0,0,"N",-1,-33.3,0,0,0,0,0,0,0,0,0,0,0,0,0,0
"48375","5","518210","78","0","2025","1","",5,88,84,87,2445793,862175,12312,2179,"",0.27,0.36,0.34,0.36,0.25,0.31,0.37,0.71,"",-1,-16.7,0,0.0,-4,-4.5,-1,-1.1,-3039673,-55.4,-38138,-4.2,1477,13.6,-2616,-54.6
"48379","5","518210","78","0","2025","1","N",1,0,0,0,0,0,0,0,"N",0.83,0,0,0,0,0,0,0,"N",1,100.0,0,0,0,0,0,0,0,0,0,0,0,0,0,0
"48381","5","518210","78","0","2025","1","N",2,0,0,0,0,0,0,0,"N",0.16,0,0,0,0,0,0,0,"N",0,0.0,0,0,0,0,0,0,0,0,0,0,0,0,0,0
"48383","5","518210","78","0","2025","1","N",2,0,0,0,0,0,0,0,"N",2.90,0,0,0,0,0,0,0,"N",0,0.0,0,0,0,0,0,0,0,0,0,0,0,0,0,0
"48389","5","518210","78","0","2025","1","N",1,0,0,0,0,0,0,0,"N",0.43,0,0,0,0,0,0,0,"N",0,0.0,0,0,0,0,0,0,0,0,0,0,0,0,0,0
"48397","5","518210","78","0","2025","1","",10,26,25,24,848941,277918,8678,2612,"",0.64,0.20,0.19,0.18,0.17,0.18,0.38,0.88,"",-2,-16.7,-7,-21.2,-11,-30.6,-10,-29.4,-28542,-3.3,-95254,-25.5,3332,62.3,646,32.9
"48401","5","518210","78","0","2025","1","N",1,0,0,0,0,0,0,0,"N",0.25,0,0,0,0,0,0,0,"N",0,0.0,0,0,0,0,0,0,0,0,0,0,0,0,0,0
"48403","5","518210","78","0","2025","1","N",1,0,0,0,0,0,0,0,"N",0.98,0,0,0,0,0,0,0,"N",0,0.0,0,0,0,0,0,0,0,0,0,0,0,0,0,0
"48409","5","518210","78","0","2025","1","N",1,0,0,0,0,0,0,0,"N",0.18,0,0,0,0,0,0,0,"N",0,0.0,0,0,0,0,0,0,0,0,0,0,0,0,0,0
"48419","5","518210","78","0","2025","1","N",1,0,0,0,0,0,0,0,"N",0.36,0,0,0,0,0,0,0,"N",0,0.0,0,0,0,0,0,0,0,0,0,0,0,0,0,0
"48423","5","518210","78","0","2025","1","",14,38,39,33,1021810,331714,4503,2144,"",0.45,0.11,0.11,0.09,0.07,0.08,0.08,0.72,"",2,16.7,18,90.0,18,85.7,13,65.0,403289,65.2,158738,91.8,657,17.1,-196,-8.4
"48427","5","518210","78","0","2025","1","N",1,0,0,0,0,0,0,0,"N",0.33,0,0,0,0,0,0,0,"N",0,0.0,0,0,0,0,0,0,0,0,0,0,0,0,0,0
"48439","5","518210","78","0","2025","1","",114,1213,1211,1208,53739474,9930479,276260,3414,"",0.50,0.38,0.38,0.38,0.33,0.26,0.42,0.86,"",-14,-10.9,-99,-7.5,-91,-7.0,-87,-6.7,209218,0.4,-819587,-7.6,51347,22.8,254,8.0
"48441","5","518210","78","0","2025","1","N",2,0,0,0,0,0,0,0,"N",0.11,0,0,0,0,0,0,0,"N",-1,-33.3,0,0,0,0,0,0,0,0,0,0,0,0,0,0
"48449","5","518210","78","0","2025","1","N",1,0,0,0,0,0,0,0,"N",0.26,0,0,0,0,0,0,0,"N",1,100.0,0,0,0,0,0,0,0,0,0,0,0,0,0,0
"48451","5","518210","78","0","2025","1","N",3,0,0,0,0,0,0,0,"N",0.22,0,0,0,0,0,0,0,"N",0,0.0,0,0,0,0,0,0,0,0,0,0,0,0,0,0
"48453","5","518210","78","0","2025","1","",461,10974,10991,11019,774211042,105938147,3568905,5417,"",1.96,3.77,3.78,3.80,3.90,2.83,4.18,1.03,"",5,1.1,239,2.2,228,2.1,363,3.4,66511695,9.4,5389988,5.4,1168730,48.7,338,6.7
"48459","5","518210","78","0","2025","1","N",2,0,0,0,0,0,0,0,"N",0.75,0,0,0,0,0,0,0,"N",0,0.0,0,0,0,0,0,0,0,0,0,0,0,0,0,0
"48465","5","518210","78","0","2025","1","N",2,0,0,0,0,0,0,0,"N",0.47,0,0,0,0,0,0,0,"N",0,0.0,0,0,0,0,0,0,0,0,0,0,0,0,0,0
"48473","5","518210","78","0","2025","1","N",1,0,0,0,0,0,0,0,"N",0.19,0,0,0,0,0,0,0,"N",1,100.0,0,0,0,0,0,0,0,0,0,0,0,0,0,0
"48475","5","518210","78","0","2025","1","",4,49,53,54,1613542,328959,15639,2387,"",2.18,2.45,2.65,2.70,1.39,1.24,3.59,0.53,"",1,33.3,29,145.0,32,152.4,35,184.2,856540,113.1,104546,46.6,5887,60.4,-525,-18.0
"48479","5","518210","78","0","2025","1","N",2,0,0,0,0,0,0,0,"N",0.07,0,0,0,0,0,0,0,"N",-1,-33.3,0,0,0,0,0,0,0,0,0,0,0,0,0,0
"48485","5","518210","78","0","2025","1","N",2,0,0,0,0,0,0,0,"N",0.13,0,0,0,0,0,0,0,"N",-1,-33.3,0,0,0,0,0,0,0,0,0,0,0,0,0,0
"48491","5","518210","78","0","2025","1","",86,250,255,259,11119815,2422979,37898,3359,"",1.18,0.34,0.35,0.35,0.25,0.26,0.23,0.71,"",3,3.6,-30,-10.7,-30,-10.5,-29,-10.1,1207561,12.2,-147138,-5.7,3937,11.6,677,25.2
"48497","5","518210","78","0","2025","1","N",2,0,0,0,0,0,0,0,"N",0.26,0,0,0,0,0,0,0,"N",0,0.0,0,0,0,0,0,0,0,0,0,0,0,0,0,0
"48499","5","518210","78","0","2025","1","N",2,0,0,0,0,0,0,0,"N",0.46,0,0,0,0,0,0,0,"N",0,0.0,0,0,0,0,0,0,0,0,0,0,0,0,0,0
"48999","5","518210","78","0","2025","1","",1268,11271,11324,11323,566767289,107377954,2405088,3856,"",2.51,6.18,6.14,6.16,3.84,3.58,2.89,0.62,"",101,8.7,-194,-1.7,-148,-1.3,-199,-1.7,16317369,3.0,2780179,2.7,838518,53.5,170,4.6
"49000","5","518210","58","0","2025","1","",791,8368,8355,8252,351623640,238843952,1471911,3249,"",1.25,1.55,1.55,1.53,1.39,1.95,1.89,0.90,"",9,1.2,786,10.4,758,10.0,703,9.3,91262795,35.1,40119149,20.2,382282,35.1,605,22.9
"49003","5","518210","78","0","2025","1","N",1,0,0,0,0,0,0,0,"N",0.13,0,0,0,0,0,0,0,"N",0,0.0,0,0,0,0,0,0,0,0,0,0,0,0,0,0
"49005","5","518210","78","0","2025","1","N",5,0,0,0,0,0,0,0,"N",0.24,0,0,0,0,0,0,0,"N",-2,-28.6,0,0,0,0,0,0,0,0,0,0,0,0,0,0
"49007","5","518210","78","0","2025","1","N",1,0,0,0,0,0,0,0,"N",0.34,0,0,0,0,0,0,0,"N",0,0.0,0,0,0,0,0,0,0,0,0,0,0,0,0,0
"49011","5","518210","78","0","2025","1","",21,114,117,122,3702252,3262261,17810,2420,"",0.44,0.26,0.26,0.27,0.21,0.39,0.40,0.79,"",-2,-8.7,4,3.6,5,4.5,17,16.2,331938,9.8,241321,8.0,5060,39.7,42,1.8
"49015","5","518210","78","0","2025","1","N",1,0,0,0,0,0,0,0,"N",0.80,0,0,0,0,0,0,0,"N",0,0.0,0,0,0,0,0,0,0,0,0,0,0,0,0,0
"49019","5","518210","78","0","2025","1","N",1,0,0,0,0,0,0,0,"N",0.32,0,0,0,0,0,0,0,"N",1,100.0,0,0,0,0,0,0,0,0,0,0,0,0,0,0
"49021","5","518210","78","0","2025","1","N",2,0,0,0,0,0,0,0,"N",0.20,0,0,0,0,0,0,0,"N",1,100.0,0,0,0,0,0,0,0,0,0,0,0,0,0,0
"49023","5","518210","78","0","2025","1","N",1,0,0,0,0,0,0,0,"N",0.53,0,0,0,0,0,0,0,"N",1,100.0,0,0,0,0,0,0,0,0,0,0,0,0,0,0
"49035","5","518210","78","0","2025","1","",582,5008,5019,4946,231047280,147979582,981130,3561,"",1.92,2.00,2.00,1.98,1.67,2.24,2.22,0.84,"N",2,0.3,0,0,0,0,0,0,0,0,0,0,0,0,0,0
"49037","5","518210","78","0","2025","1","N",1,0,0,0,0,0,0,0,"N",0.60,0,0,0,0,0,0,0,"N",0,0.0,0,0,0,0,0,0,0,0,0,0,0,0,0,0
"49039","5","518210","78","0","2025","1","N",1,0,0,0,0,0,0,0,"N",0.29,0,0,0,0,0,0,0,"N",-1,-50.0,0,0,0,0,0,0,0,0,0,0,0,0,0,0
"49041","5","518210","78","0","2025","1","-",0,0,0,0,0,0,0,0,"N",0.00,0,0,0,0,0,0,0,"N",0,0,0,0,0,0,0,0,0,0,0,0,0,0,0,0
"49043","5","518210","78","0","2025","1","",17,82,84,82,3021597,2386261,17149,2812,"",1.04,0.73,0.75,0.74,0.60,0.89,0.71,0.82,"",1,6.2,19,30.2,19,29.2,10,13.9,925274,44.1,539993,29.2,4364,34.1,393,16.2
"49049","5","518210","78","0","2025","1","",124,2900,2884,2845,106647843,78826230,421699,2852,"",1.20,3.12,3.11,3.08,2.64,3.93,3.34,0.85,"",3,2.5,-244,-7.8,-245,-7.8,-279,-8.9,-291097,-0.3,-4939979,-5.9,-3243,-0.8,226,8.6
"49051","5","518210","78","0","2025","1","N",1,0,0,0,0,0,0,0,"N",0.13,0,0,0,0,0,0,0,"N",0,0.0,0,0,0,0,0,0,0,0,0,0,0,0,0,0
"49053","5","518210","78","0","2025","1","",17,165,156,163,4986434,4353212,22415,2378,"",0.45,0.60,0.56,0.59,0.53,0.91,0.90,0.92,"",4,30.8,3,1.9,-4,-2.5,4,2.5,781283,18.6,653012,17.6,7111,46.5,360,17.8
"49057","5","518210","78","0","2025","1","",15,63,59,58,1512330,1351475,7048,1939,"",0.44,0.16,0.15,0.15,0.10,0.17,0.16,0.62,"",2,15.4,-1,-1.6,-6,-9.2,-5,-7.9,287018,23.4,274070,25.4,-2636,-27.2,466,31.6
"50000","5","518210","58","0","2025","1","",194,506,501,455,26036996,6806245,55605,4110,"",1.30,0.52,0.52,0.47,0.61,0.52,0.18,1.21,"",1,0.5,14,2.8,4,0.8,-41,-8.3,9164931,54.3,372624,5.8,-2353,-4.1,1488,56.8
"50001","5","518210","78","0","2025","1","N",6,0,0,0,0,0,0,0,"N",0.71,0,0,0,0,0,0,0,"N",0,0.0,0,0,0,0,0,0,0,0,0,0,0,0,0,0
"50003","5","518210","78","0","2025","1","",13,25,24,22,8847179,360481,5124,28756,"",1.44,0.48,0.47,0.43,4.07,0.53,0.30,8.85,"",1,8.3,-1,-3.8,-1,-4.0,-2,-8.3,7099343,406.2,37722,11.7,3165,161.6,23378,434.7
"50005","5","518210","78","0","2025","1","N",7,0,0,0,0,0,0,0,"N",1.24,0,0,0,0,0,0,0,"N",1,16.7,0,0,0,0,0,0,0,0,0,0,0,0,0,0
"50007","5","518210","78","0","2025","1","",68,215,216,217,6450690,2971033,24540,2297,"",1.56,0.67,0.67,0.68,0.40,0.65,0.24,0.59,"",1,1.5,-25,-10.4,-27,-11.1,-25,-10.3,111649,1.8,-134625,-4.3,-4820,-16.4,279,13.8
"50011","5","518210","78","0","2025","1","",12,14,13,13,406711,177608,2939,2346,"",1.64,0.26,0.25,0.24,0.18,0.25,0.19,0.71,"",-1,-7.7,-4,-22.2,-5,-27.8,-5,-27.8,-19401,-4.6,-46834,-20.9,-1664,-36.2,525,28.8
"50013","5","518210","78","0","2025","1","N",1,0,0,0,0,0,0,0,"N",0.72,0,0,0,0,0,0,0,"N",0,0.0,0,0,0,0,0,0,0,0,0,0,0,0,0,0
"50015","5","518210","78","0","2025","1","",9,47,45,9,1176135,651685,3859,2687,"",1.24,1.15,1.10,0.23,0.74,1.09,0.22,0.89,"",0,0.0,-5,-9.6,-7,-13.5,-43,-82.7,-506248,-30.1,-77132,-10.6,-1056,-21.5,198,8.0
"50017","5","518210","78","0","2025","1","",7,8,9,8,279898,110604,620,2584,"",1.47,0.34,0.38,0.34,0.32,0.40,0.10,0.90,"",-2,-22.2,-2,-20.0,-2,-18.2,-3,-27.3,88283,46.1,-703,-0.6,-10,-1.6,1202,87.0
"50019","5","518210","78","0","2025","1","N",5,0,0,0,0,0,0,0,"N",0.98,0,0,0,0,0,0,0,"N",-1,-16.7,0,0,0,0,0,0,0,0,0,0,0,0,0,0
"50021","5","518210","78","0","2025","1","N",8,0,0,0,0,0,0,0,"N",0.65,0,0,0,0,0,0,0,"N",0,0.0,0,0,0,0,0,0,0,0,0,0,0,0,0,0
"50023","5","518210","78","0","2025","1","",17,25,24,24,1053340,345708,2036,3330,"",1.16,0.24,0.23,0.23,0.22,0.26,0.07,0.94,"",0,0.0,7,38.9,4,20.0,4,20.0,124881,13.5,69927,25.4,175,9.4,-364,-9.9
"50025","5","518210","78","0","2025","1","",9,14,14,13,663484,217374,4441,3734,"",0.78,0.20,0.20,0.19,0.26,0.23,0.18,1.29,"",-5,-35.7,-25,-64.1,-24,-63.2,-25,-65.8,-737625,-52.6,-316278,-59.3,-1948,-30.5,922,32.8
"50027","5","518210","78","0","2025","1","",20,41,41,41,2726860,602308,2922,5116,"",1.42,0.56,0.56,0.57,0.89,0.63,0.13,1.58,"",4,25.0,14,51.9,14,51.9,12,41.4,826588,43.5,201408,50.2,633,27.7,-167,-3.2
"50999","5","518210","78","0","2025","1","",12,90,87,80,3826729,1034175,5910,3436,"",3.28,3.30,3.22,2.90,3.10,3.46,0.94,0.99,"",3,33.3,55,157.1,49,128.9,44,122.2,2173953,131.5,623014,151.5,3264,123.4,-63,-1.8
"51000","2","518210","58","0","2025","1","",7,312,311,289,9164507,0,0,2319,"",13.99,11.17,11.07,10.36,13.84,0.00,0.00,1.27,"",0,0.0,28,9.9,19,6.5,15,5.5,788692,9.4,0,0.0,0,0.0,45,2.0
"51000","3","518210","58","0","2025","1","",5,90,89,89,2719555,0,0,2342,"",1.98,1.75,1.71,1.71,2.37,0.00,0.00,1.38,"",0,0.0,-121,-57.3,-123,-58.0,-127,-58.8,-3060644,-53.0,0,0.0,0,0.0,255,12.2
"51000","5","518210","58","0","2025","1","",1520,19603,19648,19622,981141966,163500522,1027356,3846,"",1.04,1.52,1.53,1.52,1.38,1.21,1.05,0.91,"",106,7.5,328,1.7,490,2.6,519,2.7,74123370,8.2,-23099411,-12.4,163007,18.9,208,5.7
"51001","5","518210","78","0","2025","1","N",3,0,0,0,0,0,0,0,"N",0.55,0,0,0,0,0,0,0,"N",1,50.0,0,0,0,0,0,0,0,0,0,0,0,0,0,0
"51003","5","518210","78","0","2025","1","",16,95,94,91,4171990,775291,8367,3438,"",0.83,0.47,0.46,0.45,0.43,0.53,0.95,0.94,"",-3,-15.8,-4,-4.0,-3,-3.1,-5,-5.2,757936,22.2,-27207,-3.4,-1888,-18.4,740,27.4
"51007","5","518210","78","0","2025","1","N",1,0,0,0,0,0,0,0,"N",0.53,0,0,0,0,0,0,0,"N",1,100.0,0,0,0,0,0,0,0,0,0,0,0,0,0,0
"51009","5","518210","78","0","2025","1","N",1,0,0,0,0,0,0,0,"N",0.28,0,0,0,0,0,0,0,"N",-1,-50.0,0,0,0,0,0,0,0,0,0,0,0,0,0,0
"51011","2","518210","78","0","2025","1","",1,1,1,1,19746,0,0,1519,"",1234.33,41.01,41.05,41.47,68.25,0.00,0.00,1.66,"",0,0.0,0,0.0,0,0.0,0,0.0,1699,9.4,0,0.0,0,0.0,131,9.4
"51013","3","518210","78","0","2025","1","",2,75,76,75,2415600,0,0,2467,"",26.45,32.60,32.78,32.68,28.38,0.00,0.00,0.87,"",0,0.0,-5,-6.2,-4,-5.0,-5,-6.2,-237281,-8.9,0,0.0,0,0.0,-84,-3.3
"51013","5","518210","78","0","2025","1","",72,782,798,790,48348215,6917029,33449,4708,"",1.65,1.35,1.39,1.39,0.92,1.03,0.80,0.66,"",7,10.8,11,1.4,15,1.9,11,1.4,8162209,20.3,432405,6.7,-723,-2.1,733,18.4
"51015","5","518210","78","0","2025","1","",5,4,5,10,71765,36333,36,872,"",0.54,0.04,0.05,0.10,0.02,0.04,0.01,0.29,"N",0,0.0,0,0,0,0,0,0,0,0,0,0,0,0,0,0
"51019","5","518210","78","0","2025","1","",7,10,10,9,321431,79000,463,2558,"",0.66,0.18,0.17,0.16,0.17,0.15,0.15,1.01,"",0,0.0,0,0.0,0,0.0,-1,-10.0,95032,42.0,-2520,-3.1,381,464.6,816,46.8
"51023","5","518210","78","0","2025","1","N",2,0,0,0,0,0,0,0,"N",0.44,0,0,0,0,0,0,0,"N",0,0.0,0,0,0,0,0,0,0,0,0,0,0,0,0,0
"51031","5","518210","78","0","2025","1","N",3,0,0,0,0,0,0,0,"N",0.37,0,0,0,0,0,0,0,"N",-1,-25.0,0,0,0,0,0,0,0,0,0,0,0,0,0,0
"51033","5","518210","78","0","2025","1","N",1,0,0,0,0,0,0,0,"N",0.29,0,0,0,0,0,0,0,"N",-1,-50.0,0,0,0,0,0,0,0,0,0,0,0,0,0,0
"51037","5","518210","78","0","2025","1","N",1,0,0,0,0,0,0,0,"N",0.48,0,0,0,0,0,0,0,"N",-1,-50.0,0,0,0,0,0,0,0,0,0,0,0,0,0,0
"51041","2","518210","78","0","2025","1","",1,304,303,281,8977143,0,0,2333,"",61.32,301.52,302.99,282.66,505.32,0.00,0.00,1.71,"",0,0.0,27,9.7,18,6.3,14,5.2,772567,9.4,0,0.0,0,0.0,49,2.1
"51041","5","518210","78","0","2025","1","",35,205,201,196,3547419,1373059,13055,1360,"",0.74,0.44,0.44,0.43,0.19,0.28,0.37,0.43,"",4,12.9,-9,-4.2,-15,-6.9,-11,-5.3,1090187,44.4,121521,9.7,2702,26.1,470,52.8
"51043","5","518210","78","0","2025","1","N",1,0,0,0,0,0,0,0,"N",0.45,0,0,0,0,0,0,0,"N",0,0.0,0,0,0,0,0,0,0,0,0,0,0,0,0,0
"51047","5","518210","78","0","2025","1","N",2,0,0,0,0,0,0,0,"N",0.28,0,0,0,0,0,0,0,"N",0,0.0,0,0,0,0,0,0,0,0,0,0,0,0,0,0
"51053","5","518210","78","0","2025","1","N",1,0,0,0,0,0,0,0,"N",0.40,0,0,0,0,0,0,0,"N",0,0.0,0,0,0,0,0,0,0,0,0,0,0,0,0,0
"51059","5","518210","78","0","2025","1","",255,10279,10326,10342,537670815,88456091,420473,4009,"",1.43,5.18,5.19,5.22,3.32,3.69,2.55,0.64,"",16,6.7,-161,-1.5,-85,-0.8,32,0.3,6743444,1.3,-26804034,-23.3,45728,12.2,77,2.0
"51061","5","518210","78","0","2025","1","",7,14,15,15,340614,106518,1134,1786,"",0.60,0.19,0.20,0.20,0.10,0.14,0.26,0.52,"",-2,-22.2,-73,-83.9,-75,-83.3,-78,-83.9,-2410121,-87.6,-635368,-85.6,-3996,-77.9,-565,-24.0
"51065","5","518210","78","0","2025","1","-",0,0,0,0,0,0,0,0,"N",0.00,0,0,0,0,0,0,0,"N",0,0,0,0,0,0,0,0,0,0,0,0,0,0,0,0
"51067","5","518210","78","0","2025","1","N",1,0,0,0,0,0,0,0,"N",0.13,0,0,0,0,0,0,0,"N",-2,-66.7,0,0,0,0,0,0,0,0,0,0,0,0,0,0
"51069","5","518210","78","0","2025","1","N",1,0,0,0,0,0,0,0,"N",0.10,0,0,0,0,0,0,0,"N",0,0.0,0,0,0,0,0,0,0,0,0,0,0,0,0,0
"51071","5","518210","78","0","2025","1","N",1,0,0,0,0,0,0,0,"N",0.50,0,0,0,0,0,0,0,"N",0,0.0,0,0,0,0,0,0,0,0,0,0,0,0,0,0
"51073","5","518210","78","0","2025","1","N",2,0,0,0,0,0,0,0,"N",0.40,0,0,0,0,0,0,0,"N",-1,-33.3,0,0,0,0,0,0,0,0,0,0,0,0,0,0
"51075","5","518210","78","0","2025","1","",9,9,9,9,335064,48000,1216,2864,"",1.91,0.16,0.15,0.16,0.05,0.06,0.18,0.34,"",2,28.6,-16,-64.0,-16,-64.0,-14,-60.9,-671396,-66.7,-166111,-77.6,254,26.4,-318,-10.0
"51079","5","518210","78","0","2025","1","N",2,0,0,0,0,0,0,0,"N",0.81,0,0,0,0,0,0,0,"N",1,100.0,0,0,0,0,0,0,0,0,0,0,0,0,0,0
"51083","5","518210","78","0","2025","1","N",2,0,0,0,0,0,0,0,"N",0.43,0,0,0,0,0,0,0,"N",-1,-33.3,0,0,0,0,0,0,0,0,0,0,0,0,0,0
"51085","5","518210","78","0","2025","1","",13,49,52,52,761951,344904,792,1149,"",0.66,0.28,0.30,0.29,0.11,0.18,0.06,0.38,"",-1,-7.1,-23,-31.9,-22,-29.7,-24,-31.6,-579658,-43.2,-191879,-35.7,-1145,-59.1,-246,-17.6
"51087","5","518210","78","0","2025","1","",61,357,361,364,21641909,2827360,12724,4616,"",1.05,0.60,0.61,0.61,0.69,0.41,0.23,1.14,"",13,27.1,62,21.0,74,25.8,67,22.6,6117660,39.4,510057,22.0,4778,60.1,540,13.2
"51089","5","518210","78","0","2025","1","N",2,0,0,0,0,0,0,0,"N",0.25,0,0,0,0,0,0,0,"N",0,0.0,0,0,0,0,0,0,0,0,0,0,0,0,0,0
"51093","2","518210","78","0","2025","1","",1,1,1,1,36954,0,0,2843,"",682.06,14.80,14.80,15.04,22.40,0.00,0.00,1.51,"",0,0.0,0,0.0,0,0.0,0,0.0,3181,9.4,0,0.0,0,0.0,245,9.4
"51093","5","518210","78","0","2025","1","N",1,0,0,0,0,0,0,0,"N",0.23,0,0,0,0,0,0,0,"N",0,0.0,0,0,0,0,0,0,0,0,0,0,0,0,0,0
"51095","5","518210","78","0","2025","1","",7,29,27,28,801501,188653,320,2202,"",0.68,0.31,0.30,0.30,0.24,0.22,0.06,0.80,"",-2,-22.2,14,93.3,14,107.7,14,100.0,487635,155.4,82419,77.6,82,34.5,477,27.7
"51103","5","518210","78","0","2025","1","N",1,0,0,0,0,0,0,0,"N",0.40,0,0,0,0,0,0,0,"N",0,0.0,0,0,0,0,0,0,0,0,0,0,0,0,0,0
"51107","3","518210","78","0","2025","1","",2,13,11,12,269268,0,0,1726,"",16.85,5.20,4.35,4.73,4.46,0.00,0.00,0.94,"",0,0.0,-118,-90.1,-121,-91.7,-124,-91.2,-2858050,-91.4,0,0.0,0,0.0,-83,-4.6
"51107","5","518210","78","0","2025","1","",127,1938,1922,1930,124639879,16758952,115259,4968,"",1.85,3.09,3.07,3.08,3.33,2.43,2.45,1.08,"",22,21.0,531,37.7,510,36.1,522,37.1,28705465,29.9,4852233,40.8,52432,83.5,-269,-5.1
"51109","5","518210","78","0","2025","1","N",2,0,0,0,0,0,0,0,"N",0.40,0,0,0,0,0,0,0,"N",2,100.0,0,0,0,0,0,0,0,0,0,0,0,0,0,0
"51113","5","518210","78","0","2025","1","N",1,0,0,0,0,0,0,0,"N",0.48,0,0,0,0,0,0,0,"N",-1,-50.0,0,0,0,0,0,0,0,0,0,0,0,0,0,0
"51115","5","518210","78","0","2025","1","N",2,0,0,0,0,0,0,0,"N",1.69,0,0,0,0,0,0,0,"N",0,0.0,0,0,0,0,0,0,0,0,0,0,0,0,0,0
"51117","5","518210","78","0","2025","1","N",2,0,0,0,0,0,0,0,"N",0.42,0,0,0,0,0,0,0,"N",0,0.0,0,0,0,0,0,0,0,0,0,0,0,0,0,0
"51121","5","518210","78","0","2025","1","",7,13,13,13,400647,104487,143,2371,"",0.59,0.10,0.09,0.09,0.07,0.09,0.02,0.76,"",-2,-22.2,-2,-13.3,-2,-13.3,-2,-13.3,-30347,-7.0,-13709,-11.6,-203,-58.7,161,7.3
"51133","5","518210","78","0","2025","1","N",1,0,0,0,0,0,0,0,"N",0.57,0,0,0,0,0,0,0,"N",1,100.0,0,0,0,0,0,0,0,0,0,0,0,0,0,0
"51141","5","518210","78","0","2025","1","N",1,0,0,0,0,0,0,0,"N",0.46,0,0,0,0,0,0,0,"N",0,0.0,0,0,0,0,0,0,0,0,0,0,0,0,0,0
"51145","5","518210","78","0","2025","1","N",1,0,0,0,0,0,0,0,"N",0.24,0,0,0,0,0,0,0,"N",0,0.0,0,0,0,0,0,0,0,0,0,0,0,0,0,0
"51149","5","518210","78","0","2025","1","N",1,0,0,0,0,0,0,0,"N",0.32,0,0,0,0,0,0,0,"N",0,0.0,0,0,0,0,0,0,0,0,0,0,0,0,0,0
"51153","5","518210","78","0","2025","1","",36,213,216,214,7160046,1729672,17017,2570,"",0.73,0.47,0.48,0.48,0.37,0.41,0.63,0.77,"",2,5.9,-161,-43.0,-154,-41.6,-165,-43.5,-4153893,-36.7,-1309104,-43.1,-3738,-18.0,245,10.5
"51157","5","518210","78","0","2025","1","N",2,0,0,0,0,0,0,0,"N",1.56,0,0,0,0,0,0,0,"N",1,100.0,0,0,0,0,0,0,0,0,0,0,0,0,0,0
"51161","5","518210","78","0","2025","1","N",1,0,0,0,0,0,0,0,"N",0.08,0,0,0,0,0,0,0,"N",-1,-50.0,0,0,0,0,0,0,0,0,0,0,0,0,0,0
"51165","2","518210","78","0","2025","1","",1,1,1,1,30359,0,0,2335,"",306.65,4.26,4.21,4.25,7.36,0.00,0.00,1.73,"",0,0.0,0,0.0,0,0.0,0,0.0,2613,9.4,0,0.0,0,0.0,201,9.4
"51165","5","518210","78","0","2025","1","",3,8,8,8,143980,62582,63,1384,"",0.32,0.07,0.07,0.07,0.03,0.05,0.01,0.44,"N",0,0.0,0,0,0,0,0,0,0,0,0,0,0,0,0,0
"51167","5","518210","78","0","2025","1","N",1,0,0,0,0,0,0,0,"N",0.38,0,0,0,0,0,0,0,"N",0,0.0,0,0,0,0,0,0,0,0,0,0,0,0,0,0
"51169","2","518210","78","0","2025","1","",1,1,1,1,34765,0,0,2674,"",1561.87,29.91,29.78,29.86,79.02,0.00,0.00,2.65,"",0,0.0,0,0.0,0,0.0,0,0.0,2992,9.4,0,0.0,0,0.0,230,9.4
"51169","5","518210","78","0","2025","1","N",1,0,0,0,0,0,0,0,"N",0.54,0,0,0,0,0,0,0,"N",0,0.0,0,0,0,0,0,0,0,0,0,0,0,0,0,0
"51171","5","518210","78","0","2025","1","N",2,0,0,0,0,0,0,0,"N",0.37,0,0,0,0,0,0,0,"N",1,100.0,0,0,0,0,0,0,0,0,0,0,0,0,0,0
"51177","2","518210","78","0","2025","1","",1,1,1,1,27424,0,0,2110,"",176.82,3.89,3.90,3.88,7.10,0.00,0.00,1.82,"",0,0.0,0,0.0,0,0.0,0,0.0,2360,9.4,0,0.0,0,0.0,182,9.4
"51177","5","518210","78","0","2025","1","",7,13,15,15,446138,104952,575,2394,"",0.42,0.11,0.13,0.13,0.11,0.09,0.08,0.89,"",-1,-12.5,3,30.0,5,50.0,4,36.4,83870,23.2,8561,8.9,-74,-11.4,-303,-11.2
"51179","5","518210","78","0","2025","1","",7,16,16,19,695137,129680,139,3145,"",0.46,0.10,0.10,0.12,0.10,0.10,0.01,0.92,"",-1,-12.5,-6,-27.3,-6,-27.3,-3,-13.6,-276557,-28.5,-44996,-25.8,-587,-80.9,-253,-7.4
"51185","5","518210","78","0","2025","1","N",3,0,0,0,0,0,0,0,"N",0.66,0,0,0,0,0,0,0,"N",0,0.0,0,0,0,0,0,0,0,0,0,0,0,0,0,0
"51187","5","518210","78","0","2025","1","N",3,0,0,0,0,0,0,0,"N",0.56,0,0,0,0,0,0,0,"N",0,0.0,0,0,0,0,0,0,0,0,0,0,0,0,0,0
"51191","5","518210","78","0","2025","1","N",2,0,0,0,0,0,0,0,"N",0.27,0,0,0,0,0,0,0,"N",-1,-33.3,0,0,0,0,0,0,0,0,0,0,0,0,0,0
"51195","5","518210","78","0","2025","1","N",1,0,0,0,0,0,0,0,"N",0.28,0,0,0,0,0,0,0,"N",0,0.0,0,0,0,0,0,0,0,0,0,0,0,0,0,0
"51197","2","518210","78","0","2025","1","",1,3,3,3,38116,0,0,977,"",687.97,38.55,38.43,38.50,36.16,0.00,0.00,0.94,"",0,0.0,1,50.0,1,50.0,1,50.0,3280,9.4,0,0.0,0,0.0,-363,-27.1
"51199","5","518210","78","0","2025","1","",4,6,6,6,171596,45303,45,2200,"",0.50,0.09,0.09,0.09,0.07,0.07,0.01,0.76,"",-2,-33.3,-7,-53.8,-8,-57.1,-9,-60.0,-236097,-57.9,-75633,-62.5,-652,-93.5,-40,-1.8
"51510","5","518210","78","0","2025","1","",33,207,203,198,7928903,1648427,28483,3009,"",1.14,0.82,0.81,0.79,0.50,0.65,1.60,0.62,"",-1,-2.9,-18,-8.0,-15,-6.9,-12,-5.7,-670755,-7.8,-143131,-8.0,8502,42.6,-30,-1.0
"51520","5","518210","78","0","2025","1","N",1,0,0,0,0,0,0,0,"N",0.35,0,0,0,0,0,0,0,"N",0,0.0,0,0,0,0,0,0,0,0,0,0,0,0,0,0
"51540","5","518210","78","0","2025","1","",6,11,11,12,361268,81787,171,2452,"",0.51,0.10,0.10,0.10,0.06,0.08,0.03,0.66,"",2,50.0,5,83.3,5,83.3,7,140.0,120902,50.3,33787,70.4,-69,-28.8,-811,-24.9
"51550","5","518210","78","0","2025","1","",10,548,561,554,7861028,2914061,21728,1091,"",0.31,1.63,1.67,1.66,0.59,0.84,0.79,0.36,"",0,0.0,-89,-14.0,-69,-11.0,-64,-10.4,104750,1.4,-243966,-7.7,6319,41.0,141,14.8
"51570","5","518210","78","0","2025","1","N",2,0,0,0,0,0,0,0,"N",0.59,0,0,0,0,0,0,0,"N",1,100.0,0,0,0,0,0,0,0,0,0,0,0,0,0,0
"51590","5","518210","78","0","2025","1","N",1,0,0,0,0,0,0,0,"N",0.12,0,0,0,0,0,0,0,"N",0,0.0,0,0,0,0,0,0,0,0,0,0,0,0,0,0
"51595","5","518210","78","0","2025","1","N",1,0,0,0,0,0,0,0,"N",0.82,0,0,0,0,0,0,0,"N",0,0.0,0,0,0,0,0,0,0,0,0,0,0,0,0,0
"51600","5","518210","78","0","2025","1","",5,4,4,4,129046,32000,131,2482,"",0.60,0.05,0.05,0.05,0.04,0.04,0.03,0.70,"",-1,-16.7,-9,-69.2,-7,-63.6,-7,-63.6,-221508,-63.2,-82718,-72.1,-201,-60.5,171,7.4
"51610","5","518210","78","0","2025","1","",4,63,66,68,1628288,475743,2099,1907,"",0.83,1.64,1.72,1.76,0.76,1.36,0.99,0.45,"",0,0.0,40,173.9,42,175.0,42,161.5,1240138,319.5,334407,236.6,1534,271.5,680,55.4
"51630","5","518210","78","0","2025","1","N",3,0,0,0,0,0,0,0,"N",0.38,0,0,0,0,0,0,0,"N",0,0.0,0,0,0,0,0,0,0,0,0,0,0,0,0,0
"51650","5","518210","78","0","2025","1","",8,41,43,38,780591,307578,3768,1477,"",0.56,0.26,0.27,0.24,0.11,0.25,0.41,0.44,"",-1,-11.1,6,17.1,2,4.9,-5,-11.6,103110,15.2,3027,1.0,-272,-6.7,163,12.4
"51660","5","518210","78","0","2025","1","N",2,0,0,0,0,0,0,0,"N",0.25,0,0,0,0,0,0,0,"N",0,0.0,0,0,0,0,0,0,0,0,0,0,0,0,0,0
"51678","5","518210","78","0","2025","1","-",0,0,0,0,0,0,0,0,"N",0.00,0,0,0,0,0,0,0,"N",0,0,0,0,0,0,0,0,0,0,0,0,0,0,0,0
"51680","5","518210","78","0","2025","1","N",3,0,0,0,0,0,0,0,"N",0.24,0,0,0,0,0,0,0,"N",1,50.0,0,0,0,0,0,0,0,0,0,0,0,0,0,0
"51683","5","518210","78","0","2025","1","",7,208,216,218,6016363,1474962,12373,2163,"",0.95,2.79,2.90,2.92,1.36,1.69,2.54,0.47,"",3,75.0,167,407.3,175,426.8,177,431.7,3770677,167.9,1188572,415.0,11064,845.2,-2050,-48.7
"51685","5","518210","78","0","2025","1","",4,13,12,13,129949,68080,69,789,"",2.59,1.12,1.04,1.13,0.26,0.46,0.07,0.23,"",0,0.0,4,44.4,3,33.3,4,44.4,4967,4.0,14754,27.7,16,30.2,-279,-26.1
"51700","5","518210","78","0","2025","1","N",1,0,0,0,0,0,0,0,"N",0.05,0,0,0,0,0,0,0,"N",0,0.0,0,0,0,0,0,0,0,0,0,0,0,0,0,0
"51710","5","518210","78","0","2025","1","N",14,0,0,0,0,0,0,0,"N",0.47,0,0,0,0,0,0,0,"N",0,0.0,0,0,0,0,0,0,0,0,0,0,0,0,0,0
"51730","5","518210","78","0","2025","1","N",1,0,0,0,0,0,0,0,"N",0.22,0,0,0,0,0,0,0,"N",-1,-50.0,0,0,0,0,0,0,0,0,0,0,0,0,0,0
"51735","5","518210","78","0","2025","1","N",1,0,0,0,0,0,0,0,"N",0.86,0,0,0,0,0,0,0,"N",0,0.0,0,0,0,0,0,0,0,0,0,0,0,0,0,0
"51740","5","518210","78","0","2025","1","",3,5,5,5,90609,38630,243,1394,"",0.34,0.04,0.04,0.04,0.01,0.04,0.03,0.39,"",0,0.0,0,0.0,0,0.0,0,0.0,-18361,-16.8,-4841,-11.1,-14,-5.4,-282,-16.8
"51750","5","518210","78","0","2025","1","N",1,0,0,0,0,0,0,0,"N",0.59,0,0,0,0,0,0,0,"N",0,0.0,0,0,0,0,0,0,0,0,0,0,0,0,0,0
"51760","3","518210","78","0","2025","1","",1,2,2,2,34687,0,0,1334,"",13.44,0.97,0.95,0.96,0.68,0.00,0.00,0.70,"",0,0.0,2,100.0,2,100.0,2,100.0,34687,100.0,0,0.0,0,0.0,1334,100.0
"51760","5","518210","78","0","2025","1","",36,150,154,158,4197835,1302316,13898,2097,"",0.84,0.29,0.30,0.31,0.13,0.27,0.40,0.44,"",3,9.1,-12,-7.4,-9,-5.5,-9,-5.4,-198312,-4.5,-124227,-8.7,3432,32.8,35,1.7
"51770","5","518210","78","0","2025","1","",7,8,8,8,180417,59300,827,1735,"",0.42,0.04,0.04,0.04,0.02,0.03,0.06,0.52,"N",5,250.0,0,0,0,0,0,0,0,0,0,0,0,0,0,0
"51775","5","518210","78","0","2025","1","N",2,0,0,0,0,0,0,0,"N",0.39,0,0,0,0,0,0,0,"N",1,100.0,0,0,0,0,0,0,0,0,0,0,0,0,0,0
"51800","5","518210","78","0","2025","1","N",2,0,0,0,0,0,0,0,"N",0.19,0,0,0,0,0,0,0,"N",1,100.0,0,0,0,0,0,0,0,0,0,0,0,0,0,0
"51810","5","518210","78","0","2025","1","",32,473,476,461,10277188,3879276,41092,1682,"",0.49,0.85,0.86,0.83,0.46,0.73,0.97,0.54,"",8,33.3,-41,-8.0,-34,-6.7,-49,-9.6,192770,1.9,-102525,-2.6,19696,92.1,165,10.9
"51830","5","518210","78","0","2025","1","N",2,0,0,0,0,0,0,0,"N",0.75,0,0,0,0,0,0,0,"N",1,100.0,0,0,0,0,0,0,0,0,0,0,0,0,0,0
"51840","5","518210","78","0","2025","1","N",3,0,0,0,0,0,0,0,"N",0.44,0,0,0,0,0,0,0,"N",0,0.0,0,0,0,0,0,0,0,0,0,0,0,0,0,0
"51999","5","518210","78","0","2025","1","",591,3199,3152,3130,172209520,25878018,230293,4192,"",2.60,4.48,4.39,4.39,2.74,2.47,1.96,0.62,"",40,7.3,99,3.2,138,4.6,88,2.9,23376224,15.7,-528889,-2.0,7245,3.2,441,11.8
"53000","2","518210","58","0","2025","1","",1,83,83,84,2502072,0,0,2310,"",2.63,3.43,3.42,3.48,3.60,0.00,0.00,1.05,"",0,0.0,8,10.7,7,9.2,7,9.1,377401,17.8,0,0.0,0,0.0,160,7.4
"53000","5","518210","58","0","2025","1","",1166,23243,23220,23577,1552863664,1104437995,14044609,5116,"",1.05,2.08,2.09,2.12,2.08,3.22,2.81,0.99,"",100,9.4,-917,-3.8,-838,-3.5,-517,-2.1,46835077,3.1,10829468,1.0,4514097,47.4,310,6.5
"53001","5","518210","78","0","2025","1","N",1,0,0,0,0,0,0,0,"N",0.31,0,0,0,0,0,0,0,"N",0,0.0,0,0,0,0,0,0,0,0,0,0,0,0,0,0
"53003","5","518210","78","0","2025","1","N",1,0,0,0,0,0,0,0,"N",0.40,0,0,0,0,0,0,0,"N",0,0.0,0,0,0,0,0,0,0,0,0,0,0,0,0,0
"53005","5","518210","78","0","2025","1","",6,24,25,24,750732,750732,13140,2373,"",0.24,0.08,0.08,0.08,0.05,0.10,0.11,0.63,"",1,20.0,-4,-14.3,-5,-16.7,-6,-20.0,-65514,-8.0,-65514,-8.0,-523,-3.8,232,10.8
"53007","5","518210","78","0","2025","1","N",4,0,0,0,0,0,0,0,"N",0.27,0,0,0,0,0,0,0,"N",-1,-20.0,0,0,0,0,0,0,0,0,0,0,0,0,0,0
"53009","5","518210","78","0","2025","1","",6,7,7,7,279717,254800,1901,3074,"",0.57,0.09,0.09,0.09,0.10,0.23,0.12,1.09,"",1,20.0,1,16.7,1,16.7,-3,-30.0,114529,69.3,89612,54.2,-1018,-34.9,1341,77.4
"53011","5","518210","78","0","2025","1","",107,1067,1054,1050,40381260,34751015,962841,2939,"",1.47,1.87,1.85,1.85,1.41,2.40,4.58,0.76,"",7,7.0,94,9.7,91,9.4,71,7.3,1099979,2.8,4718819,15.7,362734,60.4,-171,-5.5
"53015","5","518210","78","0","2025","1","N",6,0,0,0,0,0,0,0,"N",0.48,0,0,0,0,0,0,0,"N",-1,-14.3,0,0,0,0,0,0,0,0,0,0,0,0,0,0
"53017","5","518210","78","0","2025","1","N",2,0,0,0,0,0,0,0,"N",0.38,0,0,0,0,0,0,0,"N",0,0.0,0,0,0,0,0,0,0,0,0,0,0,0,0,0
"53019","5","518210","78","0","2025","1","N",1,0,0,0,0,0,0,0,"N",0.79,0,0,0,0,0,0,0,"N",0,0.0,0,0,0,0,0,0,0,0,0,0,0,0,0,0
"53021","5","518210","78","0","2025","1","N",1,0,0,0,0,0,0,0,"N",0.09,0,0,0,0,0,0,0,"N",-1,-50.0,0,0,0,0,0,0,0,0,0,0,0,0,0,0
"53025","5","518210","78","0","2025","1","",6,238,233,237,17257291,13310902,178421,5625,"",0.48,1.89,1.86,1.85,3.14,4.93,3.92,1.68,"",0,0.0,3,1.3,-2,-0.9,1,0.4,1436397,9.1,1154743,9.5,75641,73.6,454,8.8
"53027","5","518210","78","0","2025","1","N",3,0,0,0,0,0,0,0,"N",0.35,0,0,0,0,0,0,0,"N",1,50.0,0,0,0,0,0,0,0,0,0,0,0,0,0,0
"53029","5","518210","78","0","2025","1","",4,23,23,23,652536,643920,5846,2182,"",0.40,0.40,0.41,0.41,0.28,0.61,0.45,0.69,"",-1,-20.0,5,27.8,5,27.8,5,27.8,107893,19.8,99277,18.2,-1111,-16.0,-146,-6.3
"53031","5","518210","78","0","2025","1","N",1,0,0,0,0,0,0,0,"N",0.20,0,0,0,0,0,0,0,"N",0,0.0,0,0,0,0,0,0,0,0,0,0,0,0,0,0
"53033","5","518210","78","0","2025","1","",590,19755,19725,20076,1401126727,980171880,11829323,5429,"",1.54,4.39,4.41,4.50,3.38,5.13,4.38,0.76,"",56,10.5,-911,-4.4,-849,-4.1,-501,-2.4,34850257,2.6,-1628105,-0.2,3796950,47.3,329,6.5
"53035","5","518210","78","0","2025","1","",18,273,280,279,20469206,14472712,180258,5677,"",0.57,0.93,0.96,0.96,1.42,3.19,2.96,1.50,"",2,12.5,18,7.1,29,11.6,21,8.1,1222544,6.4,2024950,16.3,87494,94.3,-137,-2.4
"53037","5","518210","78","0","2025","1","",6,11,13,12,400867,400867,9516,2570,"",0.91,0.21,0.24,0.22,0.21,0.50,0.67,0.93,"N",1,20.0,0,0,0,0,0,0,0,0,0,0,0,0,0,0
"53039","5","518210","78","0","2025","1","",7,10,9,7,399032,399032,6985,3542,"",1.81,0.47,0.43,0.33,0.40,0.76,0.70,0.99,"",3,75.0,-6,-37.5,-6,-40.0,-9,-56.2,-134769,-25.2,-134769,-25.2,2980,74.4,921,35.1
"53041","5","518210","78","0","2025","1","",4,18,18,17,793239,689790,12696,3454,"",0.39,0.21,0.21,0.20,0.24,0.45,0.58,1.13,"",0,0.0,3,20.0,3,20.0,1,6.2,196371,32.9,165735,31.6,-599,-4.5,460,15.4
"53045","5","518210","78","0","2025","1","",7,11,11,11,302057,284473,2085,2112,"",1.21,0.24,0.24,0.24,0.17,0.44,0.24,0.69,"",0,0.0,-2,-15.4,-1,-8.3,-2,-15.4,15972,5.6,-1612,-0.6,-865,-29.3,375,21.6
"53047","5","518210","78","0","2025","1","N",2,0,0,0,0,0,0,0,"N",0.26,0,0,0,0,0,0,0,"N",2,100.0,0,0,0,0,0,0,0,0,0,0,0,0,0,0
"53049","5","518210","78","0","2025","1","N",1,0,0,0,0,0,0,0,"N",0.31,0,0,0,0,0,0,0,"N",0,0.0,0,0,0,0,0,0,0,0,0,0,0,0,0,0
"53051","5","518210","78","0","2025","1","N",1,0,0,0,0,0,0,0,"N",0.63,0,0,0,0,0,0,0,"N",0,0.0,0,0,0,0,0,0,0,0,0,0,0,0,0,0
"53053","5","518210","78","0","2025","1","",58,152,156,155,5951797,5276594,69562,2967,"",0.59,0.14,0.15,0.15,0.12,0.24,0.21,0.80,"",3,5.5,-29,-16.0,-26,-14.3,-27,-14.8,207079,3.6,-216132,-3.9,5487,8.6,535,22.0
"53055","5","518210","78","0","2025","1","N",4,0,0,0,0,0,0,0,"N",0.83,0,0,0,0,0,0,0,"N",2,100.0,0,0,0,0,0,0,0,0,0,0,0,0,0,0
"53057","5","518210","78","0","2025","1","",7,37,38,37,1507211,1451970,40117,3106,"",0.39,0.22,0.23,0.22,0.20,0.41,0.67,0.90,"",1,16.7,-2,-5.1,2,5.6,1,2.8,-54703,-3.5,-67232,-4.4,17377,76.4,-141,-4.3
"53059","5","518210","78","0","2025","1","",3,8,8,8,324371,303578,2887,3119,"",2.30,1.23,1.22,1.20,1.29,2.63,1.82,1.06,"N",2,200.0,0,0,0,0,0,0,0,0,0,0,0,0,0,0
"53061","5","518210","78","0","2025","1","",73,307,317,319,10077772,9537569,129867,2466,"",0.76,0.33,0.34,0.34,0.19,0.34,0.30,0.56,"",3,4.3,-28,-8.4,-18,-5.4,-6,-1.8,719528,7.7,649833,7.3,52585,68.0,296,13.6
"53063","5","518210","78","0","2025","1","",49,374,375,380,13652647,11090312,136596,2791,"",0.67,0.50,0.50,0.50,0.39,0.71,0.63,0.79,"",0,0.0,-67,-15.2,-58,-13.4,-54,-12.4,1691152,14.1,8185,0.1,20215,17.4,681,32.3
"53065","5","518210","78","0","2025","1","N",1,0,0,0,0,0,0,0,"N",0.21,0,0,0,0,0,0,0,"N",1,100.0,0,0,0,0,0,0,0,0,0,0,0,0,0,0
"53067","2","518210","78","0","2025","1","",1,83,83,84,2502072,0,0,2310,"",73.63,94.21,94.00,95.84,132.48,0.00,0.00,1.40,"",0,0.0,8,10.7,7,9.2,7,9.1,377401,17.8,0,0.0,0,0.0,160,7.4
"53067","5","518210","78","0","2025","1","",48,447,453,447,16340746,12413960,161437,2800,"",1.21,1.10,1.12,1.10,0.81,1.73,1.41,0.73,"",4,9.1,2,0.4,-1,-0.2,-10,-2.2,3688285,29.2,1911764,18.2,58652,57.1,647,30.1
"53071","5","518210","78","0","2025","1","",5,19,19,19,479384,479384,7117,1941,"",0.60,0.22,0.22,0.22,0.14,0.37,0.38,0.66,"N",0,0.0,0,0,0,0,0,0,0,0,0,0,0,0,0,0
"53073","5","518210","78","0","2025","1","",28,115,112,116,4936946,4240393,76725,3322,"",0.81,0.39,0.39,0.40,0.37,0.65,0.71,0.94,"",4,16.7,0,0.0,-3,-2.6,4,3.6,823362,20.0,453112,12.0,20828,37.3,546,19.7
"53075","5","518210","78","0","2025","1","",5,5,5,5,111098,111098,1333,1709,"",0.88,0.09,0.09,0.09,0.04,0.12,0.17,0.49,"",0,0.0,-2,-28.6,-2,-28.6,-2,-28.6,-59692,-35.0,-59692,-35.0,209,18.6,-168,-9.0
"53077","5","518210","78","0","2025","1","N",2,0,0,0,0,0,0,0,"N",0.07,0,0,0,0,0,0,0,"N",1,100.0,0,0,0,0,0,0,0,0,0,0,0,0,0,0
"53999","5","518210","78","0","2025","1","",98,249,245,254,12862912,9919879,172535,3968,"",2.21,1.07,1.05,1.08,0.43,0.72,0.91,0.40,"",10,11.4,11,4.6,7,2.9,10,4.1,251625,2.0,1059698,12.0,7924,4.8,-74,-1.8
"54000","2","518210","58","0","2025","1","",1,43,44,55,796964,0,0,1295,"",10.23,9.24,9.32,11.69,10.00,0.00,0.00,0.99,"",0,0.0,-2,-4.4,-1,-2.2,-1,-1.8,86725,12.2,0,0.0,0,0.0,172,15.3
"54000","5","518210","58","0","2025","1","",254,1242,1231,1158,28898089,11501581,240402,1837,"",0.89,0.58,0.57,0.53,0.34,0.53,0.39,0.60,"",13,5.4,-103,-7.7,-122,-9.0,-193,-14.3,400281,1.4,-726939,-5.9,-24080,-9.1,213,13.1
"54003","5","518210","78","0","2025","1","",23,74,73,77,1238223,703146,14999,1276,"",1.31,0.62,0.60,0.64,0.26,0.59,0.47,0.42,"",3,15.0,2,2.8,1,1.4,9,13.2,33091,2.7,91021,14.9,2825,23.2,-36,-2.7
"54007","5","518210","78","0","2025","1","N",1,0,0,0,0,0,0,0,"N",0.57,0,0,0,0,0,0,0,"N",1,100.0,0,0,0,0,0,0,0,0,0,0,0,0,0,0
"54009","5","518210","78","0","2025","1","N",1,0,0,0,0,0,0,0,"N",0.35,0,0,0,0,0,0,0,"N",-1,-50.0,0,0,0,0,0,0,0,0,0,0,0,0,0,0
"54011","5","518210","78","0","2025","1","",11,29,30,30,692218,256788,5511,1795,"",0.71,0.18,0.19,0.19,0.11,0.18,0.14,0.60,"N",0,0.0,0,0,0,0,0,0,0,0,0,0,0,0,0,0
"54013","5","518210","78","0","2025","1","N",1,0,0,0,0,0,0,0,"N",1.47,0,0,0,0,0,0,0,"N",1,100.0,0,0,0,0,0,0,0,0,0,0,0,0,0,0
"54019","5","518210","78","0","2025","1","",6,4,4,4,61952,28521,714,1191,"",1.08,0.13,0.13,0.13,0.06,0.11,0.10,0.49,"",-1,-14.3,-1,-20.0,-1,-20.0,0,0.0,-35413,-36.4,-19084,-40.1,-647,-47.5,-414,-25.8
"54027","5","518210","78","0","2025","1","N",2,0,0,0,0,0,0,0,"N",0.79,0,0,0,0,0,0,0,"N",-2,-50.0,0,0,0,0,0,0,0,0,0,0,0,0,0,0
"54029","5","518210","78","0","2025","1","",5,13,13,12,215237,119937,3037,1307,"",1.15,0.48,0.48,0.44,0.22,0.37,0.30,0.48,"N",1,25.0,0,0,0,0,0,0,0,0,0,0,0,0,0,0
"54031","5","518210","78","0","2025","1","N",2,0,0,0,0,0,0,0,"N",0.94,0,0,0,0,0,0,0,"N",0,0.0,0,0,0,0,0,0,0,0,0,0,0,0,0,0
"54033","5","518210","78","0","2025","1","",10,12,13,12,359857,120106,4215,2244,"",0.88,0.10,0.11,0.10,0.07,0.11,0.13,0.66,"",4,66.7,4,50.0,5,62.5,4,50.0,-32280,-8.2,41627,53.0,2363,127.6,-1527,-40.5
"54035","5","518210","78","0","2025","1","N",3,0,0,0,0,0,0,0,"N",0.90,0,0,0,0,0,0,0,"N",1,50.0,0,0,0,0,0,0,0,0,0,0,0,0,0,0
"54037","5","518210","78","0","2025","1","",25,27,26,26,902694,231136,6326,2637,"",2.27,0.51,0.49,0.49,0.41,0.45,0.46,0.82,"",0,0.0,3,12.5,2,8.3,-7,-21.2,-725606,-44.6,-87739,-27.5,-2838,-31.0,-2002,-43.2
"54039","5","518210","78","0","2025","1","",15,36,38,35,1153534,404254,6986,2442,"",0.48,0.12,0.13,0.12,0.09,0.14,0.09,0.74,"",0,0.0,-178,-83.2,-173,-82.0,-176,-83.4,-1635117,-58.6,-1353186,-77.0,-44343,-86.4,1430,141.3
"54045","5","518210","78","0","2025","1","N",1,0,0,0,0,0,0,0,"N",0.21,0,0,0,0,0,0,0,"N",0,0.0,0,0,0,0,0,0,0,0,0,0,0,0,0,0
"54049","5","518210","78","0","2025","1","",6,8,8,8,482649,85500,3545,4641,"",0.75,0.15,0.15,0.15,0.24,0.15,0.24,1.60,"",0,0.0,0,0.0,1,14.3,1,14.3,136753,39.5,9332,12.3,937,35.9,1013,27.9
"54051","5","518210","78","0","2025","1","N",2,0,0,0,0,0,0,0,"N",0.63,0,0,0,0,0,0,0,"N",1,100.0,0,0,0,0,0,0,0,0,0,0,0,0,0,0
"54053","5","518210","78","0","2025","1","N",1,0,0,0,0,0,0,0,"N",0.43,0,0,0,0,0,0,0,"N",0,0.0,0,0,0,0,0,0,0,0,0,0,0,0,0,0
"54055","5","518210","78","0","2025","1","N",4,0,0,0,0,0,0,0,"N",0.52,0,0,0,0,0,0,0,"N",1,33.3,0,0,0,0,0,0,0,0,0,0,0,0,0,0
"54057","5","518210","78","0","2025","1","N",3,0,0,0,0,0,0,0,"N",0.91,0,0,0,0,0,0,0,"N",1,50.0,0,0,0,0,0,0,0,0,0,0,0,0,0,0
"54059","5","518210","78","0","2025","1","N",1,0,0,0,0,0,0,0,"N",0.41,0,0,0,0,0,0,0,"N",1,100.0,0,0,0,0,0,0,0,0,0,0,0,0,0,0
"54061","2","518210","78","0","2025","1","",1,43,44,55,796964,0,0,1295,"",147.97,107.65,107.68,135.68,103.02,0.00,0.00,0.88,"",0,0.0,-2,-4.4,-1,-2.2,-1,-1.8,86725,12.2,0,0.0,0,0.0,172,15.3
"54061","5","518210","78","0","2025","1","",25,232,229,225,4427792,2177814,38646,1490,"",1.27,1.26,1.22,1.20,0.53,1.54,0.95,0.43,"",4,19.0,-20,-7.9,-23,-9.1,-24,-9.6,-177920,-3.9,-187217,-7.9,-8768,-18.5,79,5.6
"54063","5","518210","78","0","2025","1","N",1,0,0,0,0,0,0,0,"N",0.68,0,0,0,0,0,0,0,"N",0,0.0,0,0,0,0,0,0,0,0,0,0,0,0,0,0
"54065","5","518210","78","0","2025","1","N",1,0,0,0,0,0,0,0,"N",0.54,0,0,0,0,0,0,0,"N",1,100.0,0,0,0,0,0,0,0,0,0,0,0,0,0,0
"54067","5","518210","78","0","2025","1","N",4,0,0,0,0,0,0,0,"N",1.07,0,0,0,0,0,0,0,"N",0,0.0,0,0,0,0,0,0,0,0,0,0,0,0,0,0
"54069","5","518210","78","0","2025","1","N",4,0,0,0,0,0,0,0,"N",0.48,0,0,0,0,0,0,0,"N",0,0.0,0,0,0,0,0,0,0,0,0,0,0,0,0,0
"54077","5","518210","78","0","2025","1","",7,44,47,42,703662,371077,10020,1221,"",1.73,1.96,2.04,1.83,0.81,1.78,1.67,0.41,"N",2,40.0,0,0,0,0,0,0,0,0,0,0,0,0,0,0
"54079","5","518210","78","0","2025","1","",5,5,4,5,135552,47500,1284,2234,"",0.57,0.07,0.06,0.07,0.05,0.05,0.04,0.68,"",0,0.0,1,25.0,0,0.0,1,25.0,34166,33.7,10055,26.9,184,16.7,284,14.6
"54081","5","518210","78","0","2025","1","N",2,0,0,0,0,0,0,0,"N",0.17,0,0,0,0,0,0,0,"N",-1,-33.3,0,0,0,0,0,0,0,0,0,0,0,0,0,0
"54083","5","518210","78","0","2025","1","",6,9,9,9,322998,76162,1705,2761,"",1.33,0.28,0.28,0.28,0.33,0.27,0.24,1.18,"",2,50.0,3,50.0,3,50.0,3,50.0,145972,82.5,21727,39.9,653,62.1,491,21.6
"54087","5","518210","78","0","2025","1","N",2,0,0,0,0,0,0,0,"N",1.21,0,0,0,0,0,0,0,"N",0,0.0,0,0,0,0,0,0,0,0,0,0,0,0,0,0
"54089","5","518210","78","0","2025","1","N",1,0,0,0,0,0,0,0,"N",0.83,0,0,0,0,0,0,0,"N",-1,-50.0,0,0,0,0,0,0,0,0,0,0,0,0,0,0
"54091","5","518210","78","0","2025","1","N",2,0,0,0,0,0,0,0,"N",1.26,0,0,0,0,0,0,0,"N",0,0.0,0,0,0,0,0,0,0,0,0,0,0,0,0,0
"54097","5","518210","78","0","2025","1","N",1,0,0,0,0,0,0,0,"N",0.26,0,0,0,0,0,0,0,"N",1,100.0,0,0,0,0,0,0,0,0,0,0,0,0,0,0
"54103","5","518210","78","0","2025","1","-",0,0,0,0,0,0,0,0,"N",0.00,0,0,0,0,0,0,0,"N",0,0,0,0,0,0,0,0,0,0,0,0,0,0,0,0
"54107","5","518210","78","0","2025","1","N",6,0,0,0,0,0,0,0,"N",0.49,0,0,0,0,0,0,0,"N",-1,-14.3,0,0,0,0,0,0,0,0,0,0,0,0,0,0
"54999","5","518210","78","0","2025","1","",64,269,243,197,7270262,2485796,72318,2366,"",2.75,3.17,2.83,2.28,1.47,1.80,1.40,0.53,"",-4,-5.9,29,12.1,-1,-0.4,-50,-20.2,1550699,27.1,180747,7.8,20374,39.2,560,31.0
"55000","3","518210","58","0","2025","1","N",1,0,0,0,0,0,0,0,"N",0.61,0,0,0,0,0,0,0,"N",0,0.0,0,0,0,0,0,0,0,0,0,0,0,0,0,0
"55000","5","518210","58","0","2025","1","",504,8364,8338,8380,340752145,103959918,1054275,3135,"",0.53,0.92,0.92,0.92,0.83,0.77,0.52,0.91,"",82,19.4,61,0.7,42,0.5,128,1.6,6323225,1.9,1647121,1.6,-297540,-22.0,29,0.9
"55005","5","518210","78","0","2025","1","N",1,0,0,0,0,0,0,0,"N",0.14,0,0,0,0,0,0,0,"N",0,0.0,0,0,0,0,0,0,0,0,0,0,0,0,0,0
"55007","5","518210","78","0","2025","1","N",1,0,0,0,0,0,0,0,"N",0.37,0,0,0,0,0,0,0,"N",1,100.0,0,0,0,0,0,0,0,0,0,0,0,0,0,0
"55009","5","518210","78","0","2025","1","N",9,0,0,0,0,0,0,0,"N",0.25,0,0,0,0,0,0,0,"N",1,12.5,0,0,0,0,0,0,0,0,0,0,0,0,0,0
"55011","5","518210","78","0","2025","1","N",1,0,0,0,0,0,0,0,"N",0.53,0,0,0,0,0,0,0,"N",0,0.0,0,0,0,0,0,0,0,0,0,0,0,0,0,0
"55015","5","518210","78","0","2025","1","N",3,0,0,0,0,0,0,0,"N",0.62,0,0,0,0,0,0,0,"N",1,50.0,0,0,0,0,0,0,0,0,0,0,0,0,0,0
"55021","5","518210","78","0","2025","1","N",1,0,0,0,0,0,0,0,"N",0.12,0,0,0,0,0,0,0,"N",1,100.0,0,0,0,0,0,0,0,0,0,0,0,0,0,0
"55025","5","518210","78","0","2025","1","",61,1550,1556,1553,50219898,20735061,255029,2487,"",0.71,1.39,1.39,1.39,0.86,1.30,1.10,0.62,"",7,13.0,79,5.4,89,6.1,70,4.7,6300352,14.3,1389859,7.2,-164286,-39.2,194,8.5
"55027","5","518210","78","0","2025","1","N",2,0,0,0,0,0,0,0,"N",0.21,0,0,0,0,0,0,0,"N",0,0.0,0,0,0,0,0,0,0,0,0,0,0,0,0,0
"55031","5","518210","78","0","2025","1","N",1,0,0,0,0,0,0,0,"N",0.18,0,0,0,0,0,0,0,"N",-1,-50.0,0,0,0,0,0,0,0,0,0,0,0,0,0,0
"55035","5","518210","78","0","2025","1","N",3,0,0,0,0,0,0,0,"N",0.20,0,0,0,0,0,0,0,"N",1,50.0,0,0,0,0,0,0,0,0,0,0,0,0,0,0
"55039","5","518210","78","0","2025","1","N",2,0,0,0,0,0,0,0,"N",0.17,0,0,0,0,0,0,0,"N",0,0.0,0,0,0,0,0,0,0,0,0,0,0,0,0,0
"55043","5","518210","78","0","2025","1","N",1,0,0,0,0,0,0,0,"N",0.14,0,0,0,0,0,0,0,"N",1,100.0,0,0,0,0,0,0,0,0,0,0,0,0,0,0
"55045","5","518210","78","0","2025","1","N",2,0,0,0,0,0,0,0,"N",0.37,0,0,0,0,0,0,0,"N",1,100.0,0,0,0,0,0,0,0,0,0,0,0,0,0,0
"55049","5","518210","78","0","2025","1","N",1,0,0,0,0,0,0,0,"N",0.29,0,0,0,0,0,0,0,"N",1,100.0,0,0,0,0,0,0,0,0,0,0,0,0,0,0
"55051","5","518210","78","0","2025","1","N",1,0,0,0,0,0,0,0,"N",0.96,0,0,0,0,0,0,0,"N",0,0.0,0,0,0,0,0,0,0,0,0,0,0,0,0,0
"55055","5","518210","78","0","2025","1","N",2,0,0,0,0,0,0,0,"N",0.18,0,0,0,0,0,0,0,"N",0,0.0,0,0,0,0,0,0,0,0,0,0,0,0,0,0
"55057","5","518210","78","0","2025","1","N",1,0,0,0,0,0,0,0,"N",0.29,0,0,0,0,0,0,0,"N",0,0.0,0,0,0,0,0,0,0,0,0,0,0,0,0,0
"55059","5","518210","78","0","2025","1","",7,43,41,40,923765,568832,7700,1719,"",0.34,0.18,0.18,0.17,0.10,0.17,0.14,0.56,"",2,40.0,-9,-17.3,-8,-16.3,-9,-18.4,-117481,-11.3,-105944,-15.7,-7462,-49.2,117,7.3
"55063","5","518210","78","0","2025","1","N",4,0,0,0,0,0,0,0,"N",0.24,0,0,0,0,0,0,0,"N",1,33.3,0,0,0,0,0,0,0,0,0,0,0,0,0,0
"55065","5","518210","78","0","2025","1","N",1,0,0,0,0,0,0,0,"N",0.41,0,0,0,0,0,0,0,"N",1,100.0,0,0,0,0,0,0,0,0,0,0,0,0,0,0
"55073","3","518210","78","0","2025","1","N",1,0,0,0,0,0,0,0,"N",30.85,0,0,0,0,0,0,0,"N",0,0.0,0,0,0,0,0,0,0,0,0,0,0,0,0,0
"55073","5","518210","78","0","2025","1","",6,23,22,22,636023,260376,12355,2191,"",0.32,0.11,0.10,0.10,0.08,0.08,0.28,0.73,"",-1,-14.3,-3,-11.5,-4,-15.4,-2,-8.3,-356155,-35.9,-32011,-10.9,3150,34.2,-822,-27.3
"55075","5","518210","78","0","2025","1","N",1,0,0,0,0,0,0,0,"N",0.17,0,0,0,0,0,0,0,"N",0,0.0,0,0,0,0,0,0,0,0,0,0,0,0,0,0
"55079","5","518210","78","0","2025","1","",52,3650,3634,3613,141280674,49282736,321281,2992,"",0.38,2.51,2.50,2.49,1.90,2.48,1.05,0.76,"",11,26.8,404,12.4,406,12.6,386,12.0,36612365,35.0,5618577,12.9,-40984,-11.3,502,20.2
"55081","5","518210","78","0","2025","1","-",0,0,0,0,0,0,0,0,"N",0.00,0,0,0,0,0,0,0,"N",0,0,0,0,0,0,0,0,0,0,0,0,0,0,0,0
"55083","5","518210","78","0","2025","1","N",2,0,0,0,0,0,0,0,"N",0.46,0,0,0,0,0,0,0,"N",0,0.0,0,0,0,0,0,0,0,0,0,0,0,0,0,0
"55087","5","518210","78","0","2025","1","N",5,0,0,0,0,0,0,0,"N",0.18,0,0,0,0,0,0,0,"N",0,0.0,0,0,0,0,0,0,0,0,0,0,0,0,0,0
"55089","5","518210","78","0","2025","1","N",3,0,0,0,0,0,0,0,"N",0.20,0,0,0,0,0,0,0,"N",1,50.0,0,0,0,0,0,0,0,0,0,0,0,0,0,0
"55093","5","518210","78","0","2025","1","N",1,0,0,0,0,0,0,0,"N",0.21,0,0,0,0,0,0,0,"N",0,0.0,0,0,0,0,0,0,0,0,0,0,0,0,0,0
"55097","5","518210","78","0","2025","1","N",1,0,0,0,0,0,0,0,"N",0.11,0,0,0,0,0,0,0,"N",1,100.0,0,0,0,0,0,0,0,0,0,0,0,0,0,0
"55101","5","518210","78","0","2025","1","",7,18,18,18,1002494,366117,4679,4284,"",0.29,0.08,0.08,0.08,0.10,0.10,0.08,1.35,"",2,40.0,5,38.5,4,28.6,4,28.6,161060,19.1,85860,30.6,822,21.3,-452,-9.5
"55105","5","518210","78","0","2025","1","",8,427,431,435,6986779,4579268,66012,1247,"",0.43,1.97,2.00,2.02,0.74,1.45,1.27,0.37,"",0,0.0,43,11.2,49,12.8,63,16.9,1280447,22.4,886313,24.0,-8940,-11.9,90,7.8
"55109","5","518210","78","0","2025","1","",4,11,12,12,448750,194707,3682,2959,"",0.29,0.10,0.11,0.11,0.10,0.12,0.15,1.02,"N",1,33.3,0,0,0,0,0,0,0,0,0,0,0,0,0,0
"55111","5","518210","78","0","2025","1","N",2,0,0,0,0,0,0,0,"N",0.19,0,0,0,0,0,0,0,"N",1,100.0,0,0,0,0,0,0,0,0,0,0,0,0,0,0
"55113","5","518210","78","0","2025","1","N",1,0,0,0,0,0,0,0,"N",0.30,0,0,0,0,0,0,0,"N",0,0.0,0,0,0,0,0,0,0,0,0,0,0,0,0,0
"55115","5","518210","78","0","2025","1","N",1,0,0,0,0,0,0,0,"N",0.20,0,0,0,0,0,0,0,"N",0,0.0,0,0,0,0,0,0,0,0,0,0,0,0,0,0
"55117","5","518210","78","0","2025","1","N",5,0,0,0,0,0,0,0,"N",0.35,0,0,0,0,0,0,0,"N",1,25.0,0,0,0,0,0,0,0,0,0,0,0,0,0,0
"55121","5","518210","78","0","2025","1","N",2,0,0,0,0,0,0,0,"N",0.53,0,0,0,0,0,0,0,"N",0,0.0,0,0,0,0,0,0,0,0,0,0,0,0,0,0
"55123","5","518210","78","0","2025","1","N",2,0,0,0,0,0,0,0,"N",0.52,0,0,0,0,0,0,0,"N",0,0.0,0,0,0,0,0,0,0,0,0,0,0,0,0,0
"55125","5","518210","78","0","2025","1","N",1,0,0,0,0,0,0,0,"N",0.21,0,0,0,0,0,0,0,"N",1,100.0,0,0,0,0,0,0,0,0,0,0,0,0,0,0
"55127","5","518210","78","0","2025","1","",6,38,40,43,1015800,526242,3642,1937,"",0.37,0.27,0.29,0.31,0.21,0.28,0.13,0.71,"",0,0.0,4,11.8,7,21.2,10,30.3,106153,11.7,116729,28.5,-719,-16.5,-162,-7.7
"55131","5","518210","78","0","2025","1","N",5,0,0,0,0,0,0,0,"N",0.27,0,0,0,0,0,0,0,"N",0,0.0,0,0,0,0,0,0,0,0,0,0,0,0,0,0
"55133","5","518210","78","0","2025","1","",32,269,266,268,63997304,3743701,50538,18392,"",0.47,0.35,0.35,0.35,1.69,0.28,0.24,4.83,"",7,28.0,-492,-64.7,-501,-65.3,-509,-65.5,-44945523,-41.3,-7227498,-65.9,-64104,-55.9,7485,68.6
"55135","5","518210","78","0","2025","1","N",2,0,0,0,0,0,0,0,"N",0.31,0,0,0,0,0,0,0,"N",0,0.0,0,0,0,0,0,0,0,0,0,0,0,0,0,0
"55139","5","518210","78","0","2025","1","N",2,0,0,0,0,0,0,0,"N",0.10,0,0,0,0,0,0,0,"N",1,100.0,0,0,0,0,0,0,0,0,0,0,0,0,0,0
"55141","5","518210","78","0","2025","1","N",3,0,0,0,0,0,0,0,"N",0.31,0,0,0,0,0,0,0,"N",0,0.0,0,0,0,0,0,0,0,0,0,0,0,0,0,0
"55999","5","518210","78","0","2025","1","",245,1309,1324,1396,53439343,15718973,223850,3061,"",1.95,3.83,3.88,4.09,2.07,2.06,1.51,0.53,"",39,18.9,-31,-2.3,-42,-3.1,43,3.2,4439701,9.1,138967,0.9,-23133,-9.4,275,9.9
"56000","5","518210","58","0","2025","1","N",144,0,0,0,0,0,0,0,"N",1.04,0,0,0,0,0,0,0,"N",5,3.6,0,0,0,0,0,0,0,0,0,0,0,0,0,0
"56001","5","518210","78","0","2025","1","",9,16,16,18,597686,442044,13252,2759,"",1.19,0.30,0.30,0.34,0.32,0.68,1.08,1.02,"",2,28.6,7,77.8,7,77.8,10,125.0,308955,107.0,256977,138.9,10797,439.8,196,7.6
"56003","5","518210","78","0","2025","1","N",5,0,0,0,0,0,0,0,"N",2.17,0,0,0,0,0,0,0,"N",0,0.0,0,0,0,0,0,0,0,0,0,0,0,0,0,0
"56005","5","518210","78","0","2025","1","",5,9,9,9,307153,206050,4186,2625,"",0.54,0.12,0.12,0.12,0.09,0.11,0.11,0.75,"",0,0.0,1,12.5,1,12.5,1,12.5,17278,6.0,29727,16.9,1448,52.9,-162,-5.8
"56007","5","518210","78","0","2025","1","",3,4,4,3,139100,108409,4008,2918,"",0.96,0.21,0.21,0.16,0.19,0.32,0.49,0.99,"",0,0.0,1,33.3,1,33.3,0,0.0,37032,36.3,36054,49.8,2281,132.1,301,11.5
"56009","5","518210","78","0","2025","1","N",2,0,0,0,0,0,0,0,"N",0.66,0,0,0,0,0,0,0,"N",0,0.0,0,0,0,0,0,0,0,0,0,0,0,0,0,0
"56011","5","518210","78","0","2025","1","-",0,0,0,0,0,0,0,0,"N",0.00,0,0,0,0,0,0,0,"N",0,0,0,0,0,0,0,0,0,0,0,0,0,0,0,0
"56013","5","518210","78","0","2025","1","",4,5,4,5,135875,116455,1148,2240,"",0.49,0.10,0.08,0.11,0.09,0.16,0.06,0.87,"",-1,-20.0,-1,-16.7,-1,-20.0,0,0.0,-120776,-47.1,-38052,-24.6,-857,-42.7,-1462,-39.5
"56015","5","518210","78","0","2025","1","N",4,0,0,0,0,0,0,0,"N",1.74,0,0,0,0,0,0,0,"N",1,33.3,0,0,0,0,0,0,0,0,0,0,0,0,0,0
"56019","5","518210","78","0","2025","1","N",1,0,0,0,0,0,0,0,"N",0.42,0,0,0,0,0,0,0,"N",0,0.0,0,0,0,0,0,0,0,0,0,0,0,0,0,0
"56021","5","518210","78","0","2025","1","",44,100,104,105,4278075,2131861,41599,3195,"",2.02,0.66,0.69,0.69,0.68,0.84,0.72,1.00,"",6,15.8,1,1.0,8,8.3,8,8.2,830756,24.1,307571,16.9,25470,157.9,471,17.3
"56023","5","518210","78","0","2025","1","",6,6,5,7,189310,137970,1433,2427,"",1.09,0.27,0.22,0.32,0.20,0.31,0.15,0.75,"",-1,-14.3,0,0.0,-2,-28.6,-1,-12.5,-51316,-21.3,-26963,-16.3,-1294,-47.5,-217,-8.2
"56025","5","518210","78","0","2025","1","",10,12,12,11,480203,255467,6501,3166,"",0.55,0.10,0.10,0.09,0.10,0.10,0.11,1.02,"N",3,42.9,0,0,0,0,0,0,0,0,0,0,0,0,0,0
"56027","5","518210","78","0","2025","1","N",1,0,0,0,0,0,0,0,"N",1.79,0,0,0,0,0,0,0,"N",0,0.0,0,0,0,0,0,0,0,0,0,0,0,0,0,0
"56029","5","518210","78","0","2025","1","N",6,0,0,0,0,0,0,0,"N",0.71,0,0,0,0,0,0,0,"N",1,20.0,0,0,0,0,0,0,0,0,0,0,0,0,0,0
"56033","5","518210","78","0","2025","1","",5,5,5,5,84674,82074,1822,1303,"",0.62,0.11,0.11,0.11,0.05,0.12,0.13,0.43,"",1,25.0,2,66.7,2,66.7,2,66.7,63964,308.9,61364,296.3,1574,634.7,772,145.4
"56035","5","518210","78","0","2025","1","N",4,0,0,0,0,0,0,0,"N",1.46,0,0,0,0,0,0,0,"N",0,0.0,0,0,0,0,0,0,0,0,0,0,0,0,0,0
"56037","5","518210","78","0","2025","1","",7,6,6,6,187655,144169,2818,2406,"",0.88,0.09,0.09,0.09,0.06,0.10,0.08,0.68,"",-1,-12.5,-1,-14.3,-2,-25.0,-2,-25.0,-18348,-8.9,-24364,-14.5,953,51.1,339,16.4
"56039","5","518210","78","0","2025","1","",24,27,26,26,7719146,750265,11877,22549,"",1.83,0.38,0.37,0.38,1.81,0.44,0.32,4.85,"",-2,-7.7,-1,-3.6,-1,-3.7,-1,-3.7,3247961,72.6,9942,1.3,2244,23.3,9966,79.2
"56041","5","518210","78","0","2025","1","N",2,0,0,0,0,0,0,0,"N",0.50,0,0,0,0,0,0,0,"N",-3,-60.0,0,0,0,0,0,0,0,0,0,0,0,0,0,0
"56043","5","518210","78","0","2025","1","N",1,0,0,0,0,0,0,0,"N",0.50,0,0,0,0,0,0,0,"N",0,0.0,0,0,0,0,0,0,0,0,0,0,0,0,0,0
"56045","5","518210","78","0","2025","1","N",1,0,0,0,0,0,0,0,"N",0.81,0,0,0,0,0,0,0,"N",0,0.0,0,0,0,0,0,0,0,0,0,0,0,0,0,0
"72000","5","518210","58","0","2025","1","",54,2322,2269,2313,43089377,14026112,375255,1440,"",0.22,0.78,0.77,0.78,0.60,0.62,0.40,0.78,"",0,0.0,-214,-8.4,-237,-9.5,-219,-8.6,1473593,3.5,-2557900,-15.4,-123881,-24.8,172,13.6
"72003","5","518210","78","0","2025","1","N",1,0,0,0,0,0,0,0,"N",0.34,0,0,0,0,0,0,0,"N",0,0.0,0,0,0,0,0,0,0,0,0,0,0,0,0,0
"72021","5","518210","78","0","2025","1","N",3,0,0,0,0,0,0,0,"N",0.21,0,0,0,0,0,0,0,"N",0,0.0,0,0,0,0,0,0,0,0,0,0,0,0,0,0
"72025","5","518210","78","0","2025","1","N",2,0,0,0,0,0,0,0,"N",0.18,0,0,0,0,0,0,0,"N",0,0.0,0,0,0,0,0,0,0,0,0,0,0,0,0,0
"72031","5","518210","78","0","2025","1","N",1,0,0,0,0,0,0,0,"N",0.10,0,0,0,0,0,0,0,"N",0,0.0,0,0,0,0,0,0,0,0,0,0,0,0,0,0
"72033","5","518210","78","0","2025","1","N",1,0,0,0,0,0,0,0,"N",0.65,0,0,0,0,0,0,0,"N",0,0.0,0,0,0,0,0,0,0,0,0,0,0,0,0,0
"72035","5","518210","78","0","2025","1","N",1,0,0,0,0,0,0,0,"N",0.42,0,0,0,0,0,0,0,"N",0,0.0,0,0,0,0,0,0,0,0,0,0,0,0,0,0
"72051","5","518210","78","0","2025","1","N",1,0,0,0,0,0,0,0,"N",0.30,0,0,0,0,0,0,0,"N",0,0.0,0,0,0,0,0,0,0,0,0,0,0,0,0,0
"72053","5","518210","78","0","2025","1","-",0,0,0,0,0,0,0,0,"N",0.00,0,0,0,0,0,0,0,"N",0,0,0,0,0,0,0,0,0,0,0,0,0,0,0,0
"72061","5","518210","78","0","2025","1","",8,330,313,323,3428641,1964420,79955,819,"",0.64,1.87,1.79,1.83,0.66,1.10,1.14,0.36,"N",0,0.0,0,0,0,0,0,0,0,0,0,0,0,0,0,0
"72065","5","518210","78","0","2025","1","N",1,0,0,0,0,0,0,0,"N",0.34,0,0,0,0,0,0,0,"N",0,0.0,0,0,0,0,0,0,0,0,0,0,0,0,0,0
"72117","5","518210","78","0","2025","1","N",1,0,0,0,0,0,0,0,"N",0.77,0,0,0,0,0,0,0,"N",0,0.0,0,0,0,0,0,0,0,0,0,0,0,0,0,0
"72127","5","518210","78","0","2025","1","",26,1642,1621,1672,37226465,9948752,211856,1741,"",0.47,2.05,2.04,2.09,1.58,1.60,0.84,0.77,"",1,4.0,-48,-2.8,-57,-3.4,-32,-1.9,2300296,6.6,-1814040,-15.4,-96053,-31.2,152,9.6
"72131","5","518210","78","0","2025","1","N",1,0,0,0,0,0,0,0,"N",0.31,0,0,0,0,0,0,0,"N",0,0.0,0,0,0,0,0,0,0,0,0,0,0,0,0,0
"72141","5","518210","78","0","2025","1","N",1,0,0,0,0,0,0,0,"N",0.71,0,0,0,0,0,0,0,"N",0,0.0,0,0,0,0,0,0,0,0,0,0,0,0,0,0
"72999","5","518210","78","0","2025","1","N",6,0,0,0,0,0,0,0,"N",2.55,0,0,0,0,0,0,0,"N",0,0.0,0,0,0,0,0,0,0,0,0,0,0,0,0,0
"78000","5","518210","58","0","2025","1","N",3,0,0,0,0,0,0,0,"N",0.22,0,0,0,0,0,0,0,"N",-4,-57.1,0,0,0,0,0,0,0,0,0,0,0,0,0,0
"78010","5","518210","78","0","2025","1","N",1,0,0,0,0,0,0,0,"N",0.19,0,0,0,0,0,0,0,"N",-2,-66.7,0,0,0,0,0,0,0,0,0,0,0,0,0,0
"78030","5","518210","78","0","2025","1","N",2,0,0,0,0,0,0,0,"N",0.28,0,0,0,0,0,0,0,"N",-2,-50.0,0,0,0,0,0,0,0,0,0,0,0,0,0,0
"C1018","5","518210","48","0","2025","1","N",2,0,0,0,0,0,0,0,"N",0.10,0,0,0,0,0,0,0,"N",-2,-50.0,0,0,0,0,0,0,0,0,0,0,0,0,0,0
"C1038","5","518210","48","0","2025","1","N",3,0,0,0,0,0,0,0,"N",0.16,0,0,0,0,0,0,0,"N",0,0.0,0,0,0,0,0,0,0,0,0,0,0,0,0,0
"C1042","5","518210","48","0","2025","1","N",87,0,0,0,0,0,0,0,"N",0.97,0,0,0,0,0,0,0,"N",0,0.0,0,0,0,0,0,0,0,0,0,0,0,0,0,0
"C1050","5","518210","48","0","2025","1","N",2,0,0,0,0,0,0,0,"N",0.11,0,0,0,0,0,0,0,"N",0,0.0,0,0,0,0,0,0,0,0,0,0,0,0,0,0
"C1054","5","518210","48","0","2025","1","N",4,0,0,0,0,0,0,0,"N",0.23,0,0,0,0,0,0,0,"N",1,33.3,0,0,0,0,0,0,0,0,0,0,0,0,0,0
"C1058","5","518210","48","0","2025","1","",115,1159,1162,1162,40667949,13980238,472339,2694,"",0.99,0.82,0.83,0.83,0.56,0.86,0.80,0.67,"",28,32.2,13,1.1,37,3.3,32,2.8,9056581,28.6,1614967,13.1,86581,22.4,549,25.6
"C1074","5","518210","48","0","2025","1","N",269,0,0,0,0,0,0,0,"N",2.10,0,0,0,0,0,0,0,"N",-1,-0.4,0,0,0,0,0,0,0,0,0,0,0,0,0,0
"C1078","5","518210","48","0","2025","1","N",7,0,0,0,0,0,0,0,"N",0.35,0,0,0,0,0,0,0,"N",1,16.7,0,0,0,0,0,0,0,0,0,0,0,0,0,0
"C1090","5","518210","48","0","2025","1","N",66,0,0,0,0,0,0,0,"N",0.71,0,0,0,0,0,0,0,"N",6,10.0,0,0,0,0,0,0,0,0,0,0,0,0,0,0
"C1102","5","518210","48","0","2025","1","N",2,0,0,0,0,0,0,0,"N",0.13,0,0,0,0,0,0,0,"N",0,0.0,0,0,0,0,0,0,0,0,0,0,0,0,0,0
"C1110","5","518210","48","0","2025","1","N",7,0,0,0,0,0,0,0,"N",0.21,0,0,0,0,0,0,0,"N",-1,-12.5,0,0,0,0,0,0,0,0,0,0,0,0,0,0
"C1118","5","518210","48","0","2025","1","N",20,0,0,0,0,0,0,0,"N",1.15,0,0,0,0,0,0,0,"N",-5,-20.0,0,0,0,0,0,0,0,0,0,0,0,0,0,0
"C1120","5","518210","48","0","2025","1","",10,33,34,33,2084752,467205,18114,4811,"",0.44,0.17,0.17,0.16,0.25,0.14,0.27,1.51,"",-1,-9.1,-12,-26.7,-11,-24.4,-12,-26.7,-843983,-28.8,-167121,-26.3,-890,-4.7,-195,-3.9
"C1126","5","518210","48","0","2025","1","N",35,0,0,0,0,0,0,0,"N",0.66,0,0,0,0,0,0,0,"N",1,2.9,0,0,0,0,0,0,0,0,0,0,0,0,0,0
"C1146","5","518210","48","0","2025","1","",61,918,906,896,33926048,8311074,231001,2878,"",1.34,1.34,1.33,1.31,0.98,1.63,1.51,0.74,"",3,5.2,-62,-6.3,-75,-7.6,-79,-8.1,-632643,-1.8,-1126644,-11.9,-1815,-0.8,162,6.0
"C1150","5","518210","48","0","2025","1","",7,24,21,22,387682,160691,2429,1335,"",0.53,0.18,0.15,0.16,0.08,0.14,0.47,0.50,"",-2,-22.2,0,0.0,-6,-22.2,-5,-18.5,-156073,-28.7,-43441,-21.3,268,12.4,-274,-17.0
"C1154","5","518210","48","0","2025","1","N",8,0,0,0,0,0,0,0,"N",0.24,0,0,0,0,0,0,0,"N",1,14.3,0,0,0,0,0,0,0,0,0,0,0,0,0,0
"C1164","5","518210","48","0","2025","1","N",1,0,0,0,0,0,0,0,"N",0.09,0,0,0,0,0,0,0,"N",0,0.0,0,0,0,0,0,0,0,0,0,0,0,0,0,0
"C1170","5","518210","48","0","2025","1","N",74,0,0,0,0,0,0,0,"N",0.90,0,0,0,0,0,0,0,"N",0,0.0,0,0,0,0,0,0,0,0,0,0,0,0,0,0
"C1202","5","518210","48","0","2025","1","",13,54,54,54,1504456,494836,10143,2143,"",0.44,0.18,0.18,0.18,0.13,0.18,0.38,0.73,"N",1,8.3,0,0,0,0,0,0,0,0,0,0,0,0,0,0
"C1206","5","518210","48","0","2025","1","N",1132,0,0,0,0,0,0,0,"N",1.08,0,0,0,0,0,0,0,"N",56,5.2,0,0,0,0,0,0,0,0,0,0,0,0,0,0
"C1210","5","518210","48","0","2025","1","",16,57,44,43,1346111,1031023,18370,2157,"",0.31,0.12,0.09,0.09,0.07,0.12,0.08,0.70,"",5,45.5,15,35.7,4,10.0,1,2.4,103742,8.4,-49026,-4.5,-1630,-8.2,-155,-6.7
"C1222","5","518210","48","0","2025","1","N",48,0,0,0,0,0,0,0,"N",2.15,0,0,0,0,0,0,0,"N",9,23.1,0,0,0,0,0,0,0,0,0,0,0,0,0,0
"C1226","5","518210","48","0","2025","1","N",26,0,0,0,0,0,0,0,"N",0.40,0,0,0,0,0,0,0,"N",1,4.0,0,0,0,0,0,0,0,0,0,0,0,0,0,0
"C1242","5","518210","48","0","2025","1","N",568,0,0,0,0,0,0,0,"N",1.62,0,0,0,0,0,0,0,"N",-3,-0.5,0,0,0,0,0,0,0,0,0,0,0,0,0,0
"C1254","5","518210","48","0","2025","1","N",7,0,0,0,0,0,0,0,"N",0.05,0,0,0,0,0,0,0,"N",-1,-12.5,0,0,0,0,0,0,0,0,0,0,0,0,0,0
"C1258","5","518210","48","0","2025","1","",404,1470,1466,1490,65478206,12326007,233532,3414,"",1.11,0.35,0.35,0.35,0.29,0.30,0.31,0.82,"",34,9.2,-41,-2.7,-45,-3.0,-4,-0.3,3266320,5.3,-336113,-2.7,85344,57.6,235,7.4
"C1262","5","518210","48","0","2025","1","",21,15,14,13,372263,158003,5105,2045,"",0.88,0.07,0.06,0.06,0.05,0.06,0.09,0.72,"",1,5.0,3,25.0,0,0.0,0,0.0,16936,4.8,487,0.3,1518,42.3,-58,-2.8
"C1270","5","518210","48","0","2025","1","",13,126,126,124,2733605,1748917,34869,1678,"",0.29,0.47,0.47,0.46,0.22,0.42,0.26,0.48,"",0,0.0,-20,-13.7,-23,-15.4,-22,-15.1,-59799,-2.1,-137039,-7.3,5015,16.8,216,14.8
"C1294","5","518210","48","0","2025","1","N",125,0,0,0,0,0,0,0,"N",0.91,0,0,0,0,0,0,0,"N",-3,-2.3,0,0,0,0,0,0,0,0,0,0,0,0,0,0
"C1298","5","518210","48","0","2025","1","N",1,0,0,0,0,0,0,0,"N",0.08,0,0,0,0,0,0,0,"N",0,0.0,0,0,0,0,0,0,0,0,0,0,0,0,0,0
"C1302","5","518210","48","0","2025","1","N",2,0,0,0,0,0,0,0,"N",0.20,0,0,0,0,0,0,0,"N",0,0.0,0,0,0,0,0,0,0,0,0,0,0,0,0,0
"C1314","5","518210","48","0","2025","1","N",6,0,0,0,0,0,0,0,"N",0.16,0,0,0,0,0,0,0,"N",-1,-14.3,0,0,0,0,0,0,0,0,0,0,0,0,0,0
"C1322","5","518210","48","0","2025","1","N",8,0,0,0,0,0,0,0,"N",0.46,0,0,0,0,0,0,0,"N",-2,-20.0,0,0,0,0,0,0,0,0,0,0,0,0,0,0
"C1338","5","518210","48","0","2025","1","",28,115,112,116,4936946,4240393,76725,3322,"",0.81,0.39,0.39,0.40,0.37,0.65,0.71,0.94,"",4,16.7,0,0.0,-3,-2.6,4,3.6,823362,20.0,453112,12.0,20828,37.3,546,19.7
"C1346","5","518210","48","0","2025","1","N",57,0,0,0,0,0,0,0,"N",0.97,0,0,0,0,0,0,0,"N",11,23.9,0,0,0,0,0,0,0,0,0,0,0,0,0,0
"C1374","5","518210","48","0","2025","1","N",25,0,0,0,0,0,0,0,"N",0.64,0,0,0,0,0,0,0,"N",8,47.1,0,0,0,0,0,0,0,0,0,0,0,0,0,0
"C1378","5","518210","48","0","2025","1","",11,261,282,282,3063865,2260782,106314,857,"",0.45,0.88,0.94,0.94,0.24,0.69,0.96,0.26,"",-1,-8.3,28,12.0,54,23.7,53,23.1,273362,9.8,73539,3.4,35717,50.6,-76,-8.1
"C1382","5","518210","48","0","2025","1","N",269,0,0,0,0,0,0,0,"N",1.59,0,0,0,0,0,0,0,"N",20,8.0,0,0,0,0,0,0,0,0,0,0,0,0,0,0
"C1390","5","518210","48","0","2025","1","N",28,0,0,0,0,0,0,0,"N",1.09,0,0,0,0,0,0,0,"N",-3,-9.7,0,0,0,0,0,0,0,0,0,0,0,0,0,0
"C1398","5","518210","48","0","2025","1","N",9,0,0,0,0,0,0,0,"N",0.41,0,0,0,0,0,0,0,"N",-2,-18.2,0,0,0,0,0,0,0,0,0,0,0,0,0,0
"C1401","5","518210","48","0","2025","1","N",3,0,0,0,0,0,0,0,"N",0.20,0,0,0,0,0,0,0,"N",0,0.0,0,0,0,0,0,0,0,0,0,0,0,0,0,0
"C1402","5","518210","48","0","2025","1","N",16,0,0,0,0,0,0,0,"N",0.89,0,0,0,0,0,0,0,"N",6,60.0,0,0,0,0,0,0,0,0,0,0,0,0,0,0
"C1426","5","518210","48","0","2025","1","N",237,0,0,0,0,0,0,0,"N",1.37,0,0,0,0,0,0,0,"N",11,4.9,0,0,0,0,0,0,0,0,0,0,0,0,0,0
"C1446","5","518210","48","0","2025","1","N",789,0,0,0,0,0,0,0,"N",0.95,0,0,0,0,0,0,0,"N",25,3.3,0,0,0,0,0,0,0,0,0,0,0,0,0,0
"C1450","5","518210","48","0","2025","1","",155,1781,1768,1779,92813165,44987820,1496351,4020,"",1.85,2.98,2.96,3.00,2.24,3.05,3.61,0.75,"",-43,-21.7,-23,-1.3,-36,-2.0,-27,-1.5,1589226,1.7,4530519,11.2,406855,37.3,132,3.4
"C1454","5","518210","48","0","2025","1","N",18,0,0,0,0,0,0,0,"N",0.61,0,0,0,0,0,0,0,"N",2,12.5,0,0,0,0,0,0,0,0,0,0,0,0,0,0
"C1458","5","518210","48","0","2025","1","",40,114,113,116,50967094,3506431,51690,34290,"",0.92,0.49,0.49,0.51,4.75,0.62,0.65,9.57,"",3,8.1,21,22.6,18,18.9,22,23.4,47199547,1252.8,1301829,59.1,20563,66.1,31207,1012.2
"C1474","5","518210","48","0","2025","1","",18,273,280,279,20469206,14472712,180258,5677,"",0.57,0.93,0.96,0.96,1.42,3.19,2.96,1.50,"",2,12.5,18,7.1,29,11.6,21,8.1,1222544,6.4,2024950,16.3,87494,94.3,-137,-2.4
"C1486","5","518210","48","0","2025","1","",584,1616,1629,1619,136970697,39269913,865454,6498,"",2.85,1.29,1.31,1.30,1.09,1.34,1.19,0.84,"",60,11.5,292,22.1,356,28.0,340,26.6,50688015,58.7,8793516,28.9,282383,48.4,1361,26.5
"C1518","5","518210","48","0","2025","1","",7,8,7,7,136827,58085,605,1435,"",0.21,0.02,0.01,0.01,0.01,0.01,0.01,0.61,"",3,75.0,-1,-11.1,-2,-22.2,-1,-12.5,-47541,-25.8,-12101,-17.2,-677,-52.8,-201,-12.3
"C1526","5","518210","48","0","2025","1","N",6,0,0,0,0,0,0,0,"N",0.34,0,0,0,0,0,0,0,"N",0,0.0,0,0,0,0,0,0,0,0,0,0,0,0,0,0
"C1538","5","518210","48","0","2025","1","",56,707,720,728,17594448,5555242,161928,1884,"",0.41,0.43,0.44,0.44,0.23,0.27,0.21,0.53,"",-3,-5.1,24,3.5,10,1.4,12,1.7,-156884,-0.9,-70725,-1.3,-15236,-8.6,-58,-3.0
"C1550","5","518210","48","0","2025","1","",9,40,40,39,775357,658360,3928,1504,"",0.45,0.19,0.19,0.18,0.10,0.21,0.17,0.53,"",4,80.0,5,14.3,5,14.3,5,14.7,165897,27.2,135279,25.9,1664,73.5,152,11.2
"C1554","5","518210","48","0","2025","1","N",81,0,0,0,0,0,0,0,"N",1.55,0,0,0,0,0,0,0,"N",0,0.0,0,0,0,0,0,0,0,0,0,0,0,0,0,0
"C1594","5","518210","48","0","2025","1","N",36,0,0,0,0,0,0,0,"N",0.78,0,0,0,0,0,0,0,"N",2,5.9,0,0,0,0,0,0,0,0,0,0,0,0,0,0
"C1598","5","518210","48","0","2025","1","",67,295,287,281,6542680,2047000,7494,1750,"",0.51,0.31,0.30,0.29,0.16,0.20,0.09,0.54,"",-15,-18.3,-17,-5.4,-27,-8.6,-29,-9.4,-1055976,-13.9,-150781,-6.9,-7718,-50.7,-123,-6.6
"C1602","5","518210","48","0","2025","1","N",4,0,0,0,0,0,0,0,"N",0.27,0,0,0,0,0,0,0,"N",0,0.0,0,0,0,0,0,0,0,0,0,0,0,0,0,0
"C1618","5","518210","48","0","2025","1","N",4,0,0,0,0,0,0,0,"N",0.41,0,0,0,0,0,0,0,"N",1,33.3,0,0,0,0,0,0,0,0,0,0,0,0,0,0
"C1622","5","518210","48","0","2025","1","",10,12,12,11,480203,255467,6501,3166,"",0.55,0.10,0.10,0.09,0.10,0.10,0.11,1.02,"N",3,42.9,0,0,0,0,0,0,0,0,0,0,0,0,0,0
"C1630","5","518210","48","0","2025","1","N",44,0,0,0,0,0,0,0,"N",1.04,0,0,0,0,0,0,0,"N",-3,-6.4,0,0,0,0,0,0,0,0,0,0,0,0,0,0
"C1654","5","518210","48","0","2025","1","N",2,0,0,0,0,0,0,0,"N",0.12,0,0,0,0,0,0,0,"N",0,0.0,0,0,0,0,0,0,0,0,0,0,0,0,0,0
"C1658","5","518210","48","0","2025","1","N",14,0,0,0,0,0,0,0,"N",0.63,0,0,0,0,0,0,0,"N",-4,-22.2,0,0,0,0,0,0,0,0,0,0,0,0,0,0
"C1662","5","518210","48","0","2025","1","",15,36,38,35,1153534,404254,6986,2442,"",0.44,0.11,0.12,0.11,0.09,0.13,0.09,0.75,"",0,0.0,-178,-83.2,-173,-82.0,-176,-83.4,-1635117,-58.6,-1353186,-77.0,-44343,-86.4,1430,141.3
"C1670","5","518210","48","0","2025","1","N",237,0,0,0,0,0,0,0,"N",1.58,0,0,0,0,0,0,0,"N",21,9.7,0,0,0,0,0,0,0,0,0,0,0,0,0,0
"C1674","5","518210","48","0","2025","1","N",494,0,0,0,0,0,0,0,"N",1.09,0,0,0,0,0,0,0,"N",82,19.9,0,0,0,0,0,0,0,0,0,0,0,0,0,0
"C1682","5","518210","48","0","2025","1","N",24,0,0,0,0,0,0,0,"N",0.62,0,0,0,0,0,0,0,"N",0,0.0,0,0,0,0,0,0,0,0,0,0,0,0,0,0
"C1686","5","518210","48","0","2025","1","N",81,0,0,0,0,0,0,0,"N",1.12,0,0,0,0,0,0,0,"N",-15,-15.6,0,0,0,0,0,0,0,0,0,0,0,0,0,0
"C1694","5","518210","48","0","2025","1","",44,100,104,105,4278075,2131861,41599,3195,"",2.02,0.66,0.69,0.69,0.68,0.84,0.72,1.00,"",6,15.8,1,1.0,8,8.3,8,8.2,830756,24.1,307571,16.9,25470,157.9,471,17.3
"C1698","5","518210","48","0","2025","1","N",633,0,0,0,0,0,0,0,"N",0.56,0,0,0,0,0,0,0,"N",51,8.8,0,0,0,0,0,0,0,0,0,0,0,0,0,0
"C1702","5","518210","48","0","2025","1","N",6,0,0,0,0,0,0,0,"N",0.14,0,0,0,0,0,0,0,"N",1,20.0,0,0,0,0,0,0,0,0,0,0,0,0,0,0
"C1714","5","518210","48","0","2025","1","N",372,0,0,0,0,0,0,0,"N",1.19,0,0,0,0,0,0,0,"N",19,5.4,0,0,0,0,0,0,0,0,0,0,0,0,0,0
"C1730","5","518210","48","0","2025","1","",29,337,348,340,25004566,2488236,45730,5630,"",0.87,1.05,1.08,1.06,2.14,0.77,0.92,2.01,"N",-7,-19.4,0,0,0,0,0,0,0,0,0,0,0,0,0,0
"C1741","5","518210","48","0","2025","1","N",305,0,0,0,0,0,0,0,"N",1.05,0,0,0,0,0,0,0,"N",-12,-3.8,0,0,0,0,0,0,0,0,0,0,0,0,0,0
"C1742","5","518210","48","0","2025","1","N",10,0,0,0,0,0,0,0,"N",0.82,0,0,0,0,0,0,0,"N",0,0.0,0,0,0,0,0,0,0,0,0,0,0,0,0,0
"C1766","5","518210","48","0","2025","1","",38,49,53,54,2309306,1804806,13696,3416,"",0.93,0.23,0.25,0.25,0.28,0.44,0.42,1.14,"",0,0.0,-6,-10.9,-5,-8.6,-1,-1.8,-193009,-7.7,-69785,-3.7,-3137,-18.6,-21,-0.6
"C1778","5","518210","48","0","2025","1","",12,165,163,165,3542518,1216434,12320,1658,"",0.43,0.39,0.38,0.38,0.22,0.36,0.24,0.58,"N",0,0.0,0,0,0,0,0,0,0,0,0,0,0,0,0,0
"C1782","5","518210","48","0","2025","1","N",93,0,0,0,0,0,0,0,"N",0.79,0,0,0,0,0,0,0,"N",-30,-24.4,0,0,0,0,0,0,0,0,0,0,0,0,0,0
"C1786","5","518210","48","0","2025","1","N",11,0,0,0,0,0,0,0,"N",0.40,0,0,0,0,0,0,0,"N",-1,-8.3,0,0,0,0,0,0,0,0,0,0,0,0,0,0
"C1790","5","518210","48","0","2025","1","N",121,0,0,0,0,0,0,0,"N",1.06,0,0,0,0,0,0,0,"N",3,2.5,0,0,0,0,0,0,0,0,0,0,0,0,0,0
"C1798","5","518210","48","0","2025","1","N",26,0,0,0,0,0,0,0,"N",0.74,0,0,0,0,0,0,0,"N",-1,-3.7,0,0,0,0,0,0,0,0,0,0,0,0,0,0
"C1802","5","518210","48","0","2025","1","",4,12,12,12,408330,123500,2623,2618,"",0.40,0.08,0.08,0.08,0.04,0.06,0.11,0.56,"",0,0.0,2,20.0,2,20.0,2,20.0,109802,36.8,28883,30.5,257,10.9,322,14.0
"C1814","5","518210","48","0","2025","1","N",379,0,0,0,0,0,0,0,"N",1.36,0,0,0,0,0,0,0,"N",-21,-5.2,0,0,0,0,0,0,0,0,0,0,0,0,0,0
"C1858","5","518210","48","0","2025","1","N",8,0,0,0,0,0,0,0,"N",0.17,0,0,0,0,0,0,0,"N",0,0.0,0,0,0,0,0,0,0,0,0,0,0,0,0,0
"C1870","5","518210","48","0","2025","1","",14,19,18,18,443183,433824,10385,1860,"",1.01,0.16,0.15,0.15,0.08,0.23,0.25,0.53,"",-1,-6.7,-5,-20.8,-6,-25.0,-4,-18.2,-138575,-23.8,-147556,-25.4,-7004,-40.3,-58,-3.0
"C1888","5","518210","48","0","2025","1","",20,83,81,74,1995248,597936,2605,1935,"",0.38,0.22,0.21,0.19,0.12,0.17,0.13,0.61,"",-5,-20.0,-24,-22.4,-21,-20.6,-30,-28.8,-604477,-23.3,-221745,-27.1,-5335,-67.2,18,0.9
"C1910","5","518210","48","0","2025","1","N",772,0,0,0,0,0,0,0,"N",0.80,0,0,0,0,0,0,0,"N",17,2.3,0,0,0,0,0,0,0,0,0,0,0,0,0,0
"C1930","5","518210","48","0","2025","1","",66,115,112,110,2587086,945564,9152,1772,"",1.56,0.43,0.42,0.41,0.28,0.33,0.65,0.67,"",8,13.8,22,23.7,28,33.3,21,23.6,615023,31.2,221622,30.6,3541,63.1,61,3.6
"C1934","5","518210","48","0","2025","1","N",23,0,0,0,0,0,0,0,"N",0.48,0,0,0,0,0,0,0,"N",6,35.3,0,0,0,0,0,0,0,0,0,0,0,0,0,0
"C1943","5","518210","48","0","2025","1","",74,297,301,296,7568602,2672815,57554,1954,"",0.80,0.26,0.26,0.26,0.15,0.23,0.22,0.57,"",3,4.2,7,2.4,7,2.4,6,2.1,-355825,-4.5,-87835,-3.2,-6106,-9.6,-138,-6.6
"C1946","5","518210","48","0","2025","1","N",13,0,0,0,0,0,0,0,"N",0.70,0,0,0,0,0,0,0,"N",1,8.3,0,0,0,0,0,0,0,0,0,0,0,0,0,0
"C1950","5","518210","48","0","2025","1","N",1,0,0,0,0,0,0,0,"N",0.11,0,0,0,0,0,0,0,"N",0,0.0,0,0,0,0,0,0,0,0,0,0,0,0,0,0
"C1966","5","518210","48","0","2025","1","",39,151,173,168,3779308,1140781,10256,1773,"",0.43,0.22,0.25,0.24,0.15,0.19,0.30,0.62,"",-1,-2.5,-48,-24.1,-23,-11.7,-35,-17.2,-494872,-11.6,-251238,-18.0,-17253,-62.7,124,7.5
"C1974","5","518210","48","0","2025","1","N",815,0,0,0,0,0,0,0,"N",1.40,0,0,0,0,0,0,0,"N",-217,-21.0,0,0,0,0,0,0,0,0,0,0,0,0,0,0
"C1978","5","518210","48","0","2025","1","N",176,0,0,0,0,0,0,0,"N",1.39,0,0,0,0,0,0,0,"N",-2,-1.1,0,0,0,0,0,0,0,0,0,0,0,0,0,0
"C1982","5","518210","48","0","2025","1","N",327,0,0,0,0,0,0,0,"N",0.63,0,0,0,0,0,0,0,"N",16,5.1,0,0,0,0,0,0,0,0,0,0,0,0,0,0
"C2002","5","518210","48","0","2025","1","N",13,0,0,0,0,0,0,0,"N",0.59,0,0,0,0,0,0,0,"N",4,44.4,0,0,0,0,0,0,0,0,0,0,0,0,0,0
"C2010","5","518210","48","0","2025","1","",24,12,12,12,464463,153943,2038,2977,"",0.87,0.05,0.05,0.05,0.05,0.06,0.09,0.98,"",1,4.3,-6,-33.3,-5,-29.4,-6,-33.3,-288464,-38.3,-36299,-19.1,-39,-1.9,-301,-9.2
"C2022","5","518210","48","0","2025","1","",13,28,27,28,925371,859364,2074,2573,"",0.76,0.15,0.15,0.16,0.13,0.23,0.05,0.85,"",0,0.0,4,16.7,2,8.0,4,16.7,66293,7.7,121247,16.4,-1704,-45.1,-143,-5.3
"C2026","5","518210","48","0","2025","1","N",8,0,0,0,0,0,0,0,"N",0.23,0,0,0,0,0,0,0,"N",-3,-27.3,0,0,0,0,0,0,0,0,0,0,0,0,0,0
"C2050","5","518210","48","0","2025","1","",154,591,589,577,29966349,16229390,135280,3936,"",1.66,0.55,0.55,0.54,0.43,0.77,0.78,0.79,"",17,12.4,-35,-5.6,-45,-7.1,-62,-9.7,808118,2.8,132319,0.8,-16826,-11.1,393,11.1
"C2074","5","518210","48","0","2025","1","N",3,0,0,0,0,0,0,0,"N",0.12,0,0,0,0,0,0,0,"N",1,50.0,0,0,0,0,0,0,0,0,0,0,0,0,0,0
"C2094","5","518210","48","0","2025","1","N",2,0,0,0,0,0,0,0,"N",0.04,0,0,0,0,0,0,0,"N",0,0.0,0,0,0,0,0,0,0,0,0,0,0,0,0,0
"C2106","5","518210","48","0","2025","1","",19,37,40,39,876416,474538,12575,1744,"",1.01,0.23,0.25,0.24,0.15,0.23,0.33,0.63,"",2,11.8,-8,-17.8,-2,-4.8,-3,-7.1,-85012,-8.8,-42582,-8.2,4987,65.7,24,1.4
"C2114","5","518210","48","0","2025","1","",12,18,17,17,1069293,205376,3476,4745,"",0.48,0.05,0.04,0.04,0.06,0.04,0.03,1.37,"",1,9.1,3,20.0,2,13.3,2,13.3,506059,89.8,73748,56.0,846,32.2,1857,64.3
"C2134","5","518210","48","0","2025","1","",35,875,871,841,14050467,6533942,129247,1253,"",0.46,0.82,0.82,0.80,0.39,0.65,0.82,0.47,"",-1,-2.8,47,5.7,30,3.6,-36,-4.1,672667,5.0,300826,4.8,-1155,-0.9,40,3.3
"C2142","5","518210","48","0","2025","1","N",1,0,0,0,0,0,0,0,"N",0.12,0,0,0,0,0,0,0,"N",-1,-50.0,0,0,0,0,0,0,0,0,0,0,0,0,0,0
"C2150","5","518210","48","0","2025","1","",6,20,21,23,361631,177797,9645,1304,"",0.20,0.05,0.06,0.06,0.03,0.05,0.06,0.45,"",3,100.0,0,0.0,2,10.5,4,21.1,36368,11.2,9138,5.4,3788,64.7,10,0.8
"C2166","5","518210","48","0","2025","1","N",38,0,0,0,0,0,0,0,"N",0.63,0,0,0,0,0,0,0,"N",0,0.0,0,0,0,0,0,0,0,0,0,0,0,0,0,0
"C2178","5","518210","48","0","2025","1","N",4,0,0,0,0,0,0,0,"N",0.12,0,0,0,0,0,0,0,"N",0,0.0,0,0,0,0,0,0,0,0,0,0,0,0,0,0
"C2182","5","518210","48","0","2025","1","",6,3,3,3,91056,91056,1366,2335,"",0.53,0.03,0.03,0.03,0.02,0.04,0.03,0.64,"",-1,-14.3,-7,-70.0,-8,-72.7,-8,-72.7,-982223,-91.5,-375019,-80.5,-5680,-80.6,-5405,-69.8
"C2202","5","518210","48","0","2025","1","",71,117,118,116,3835063,3061021,5366,2521,"",1.43,0.25,0.26,0.25,0.19,0.33,0.09,0.73,"N",-20,-22.0,0,0,0,0,0,0,0,0,0,0,0,0,0,0
"C2214","5","518210","48","0","2025","1","",11,7,9,9,190720,175995,2783,1760,"",0.79,0.05,0.06,0.06,0.03,0.06,0.09,0.59,"",0,0.0,-3,-30.0,-1,-10.0,2,28.6,23160,13.8,12538,7.7,631,29.3,328,22.9
"C2218","5","518210","48","0","2025","1","N",22,0,0,0,0,0,0,0,"N",0.60,0,0,0,0,0,0,0,"N",3,15.8,0,0,0,0,0,0,0,0,0,0,0,0,0,0
"C2222","5","518210","48","0","2025","1","N",91,0,0,0,0,0,0,0,"N",1.21,0,0,0,0,0,0,0,"N",-3,-3.2,0,0,0,0,0,0,0,0,0,0,0,0,0,0
"C2238","5","518210","48","0","2025","1","",9,63,65,65,1389873,522965,5808,1662,"",0.47,0.30,0.31,0.31,0.19,0.28,0.27,0.61,"N",2,28.6,0,0,0,0,0,0,0,0,0,0,0,0,0,0
"C2242","5","518210","48","0","2025","1","",14,68,66,65,731929,440261,7163,849,"",0.41,0.16,0.16,0.16,0.05,0.10,0.05,0.29,"",0,0.0,-4,-5.6,-2,-2.9,-1,-1.5,-13608,-1.8,-29042,-6.2,-2827,-28.3,14,1.7
"C2250","5","518210","48","0","2025","1","N",9,0,0,0,0,0,0,0,"N",0.39,0,0,0,0,0,0,0,"N",1,12.5,0,0,0,0,0,0,0,0,0,0,0,0,0,0
"C2252","5","518210","48","0","2025","1","",18,36,37,36,789312,282691,1966,1671,"",0.91,0.21,0.21,0.21,0.13,0.16,0.22,0.62,"N",7,63.6,0,0,0,0,0,0,0,0,0,0,0,0,0,0
"C2254","5","518210","48","0","2025","1","N",2,0,0,0,0,0,0,0,"N",0.17,0,0,0,0,0,0,0,"N",0,0.0,0,0,0,0,0,0,0,0,0,0,0,0,0,0
"C2266","5","518210","48","0","2025","1","",77,437,436,434,11921705,8486479,199606,2105,"",1.12,0.83,0.83,0.83,0.45,0.83,0.76,0.54,"",-17,-18.1,13,3.1,15,3.6,17,4.1,1024655,9.4,927724,12.3,43081,27.5,112,5.6
"C2290","5","518210","48","0","2025","1","N",12,0,0,0,0,0,0,0,"N",0.45,0,0,0,0,0,0,0,"N",1,9.1,0,0,0,0,0,0,0,0,0,0,0,0,0,0
"C2306","5","518210","48","0","2025","1","N",23,0,0,0,0,0,0,0,"N",0.41,0,0,0,0,0,0,0,"N",3,15.0,0,0,0,0,0,0,0,0,0,0,0,0,0,0
"C2342","5","518210","48","0","2025","1","",14,86,87,87,2731771,592425,17219,2425,"",0.06,0.06,0.06,0.06,0.05,0.05,0.03,0.80,"N",0,0.0,0,0,0,0,0,0,0,0,0,0,0,0,0,0
"C2346","5","518210","48","0","2025","1","N",3,0,0,0,0,0,0,0,"N",0.26,0,0,0,0,0,0,0,"N",2,200.0,0,0,0,0,0,0,0,0,0,0,0,0,0,0
"C2354","5","518210","48","0","2025","1","N",24,0,0,0,0,0,0,0,"N",0.54,0,0,0,0,0,0,0,"N",2,9.1,0,0,0,0,0,0,0,0,0,0,0,0,0,0
"C2358","5","518210","48","0","2025","1","",9,28,30,29,488638,213606,1955,1296,"",0.33,0.09,0.09,0.09,0.04,0.05,0.05,0.39,"",-1,-10.0,-13,-31.7,-13,-30.2,-15,-34.1,-323973,-39.9,-170021,-44.3,-6561,-77.0,-169,-11.5
"C2390","5","518210","48","0","2025","1","N",5,0,0,0,0,0,0,0,"N",0.49,0,0,0,0,0,0,0,"N",-1,-16.7,0,0,0,0,0,0,0,0,0,0,0,0,0,0
"C2402","5","518210","48","0","2025","1","N",5,0,0,0,0,0,0,0,"N",0.30,0,0,0,0,0,0,0,"N",-2,-28.6,0,0,0,0,0,0,0,0,0,0,0,0,0,0
"C2414","5","518210","48","0","2025","1","N",1,0,0,0,0,0,0,0,"N",0.09,0,0,0,0,0,0,0,"N",0,0.0,0,0,0,0,0,0,0,0,0,0,0,0,0,0
"C2422","5","518210","48","0","2025","1","",10,17,15,17,361980,361980,842,1705,"",0.58,0.10,0.09,0.10,0.06,0.14,0.04,0.56,"",-3,-23.1,1,6.2,-2,-11.8,-1,-5.6,-9105,-2.5,916,0.3,-2401,-74.0,26,1.5
"C2426","5","518210","48","0","2025","1","N",1,0,0,0,0,0,0,0,"N",0.09,0,0,0,0,0,0,0,"N",0,0.0,0,0,0,0,0,0,0,0,0,0,0,0,0,0
"C2430","5","518210","48","0","2025","1","",10,45,45,44,1022381,874345,25760,1761,"",0.39,0.22,0.22,0.21,0.13,0.26,0.29,0.59,"",0,0.0,-29,-39.2,-28,-38.4,-32,-42.1,-734130,-41.8,-586311,-40.1,4259,19.8,-57,-3.1
"C2434","5","518210","48","0","2025","1","N",79,0,0,0,0,0,0,0,"N",0.60,0,0,0,0,0,0,0,"N",-1,-1.2,0,0,0,0,0,0,0,0,0,0,0,0,0,0
"C2442","5","518210","48","0","2025","1","",8,22,23,23,834294,721154,16753,2831,"",0.65,0.23,0.24,0.24,0.26,0.48,0.45,1.11,"",1,14.3,7,46.7,8,53.3,8,53.3,357568,75.0,278445,62.9,7748,86.0,386,15.8
"C2450","5","518210","48","0","2025","1","",4,14,14,15,340033,335566,760,1825,"",0.28,0.12,0.12,0.13,0.08,0.16,0.03,0.63,"",0,0.0,-2,-12.5,-2,-12.5,-1,-6.2,-8318,-2.4,-7209,-2.1,124,19.5,150,9.0
"C2454","5","518210","48","0","2025","1","",32,84,85,88,2973892,1891814,56919,2670,"",0.73,0.22,0.22,0.23,0.17,0.22,0.27,0.73,"",-7,-17.9,3,3.7,2,2.4,9,11.4,150581,5.3,332139,21.3,18318,47.5,-11,-0.4
"C2458","5","518210","48","0","2025","1","N",11,0,0,0,0,0,0,0,"N",0.26,0,0,0,0,0,0,0,"N",1,10.0,0,0,0,0,0,0,0,0,0,0,0,0,0,0
"C2466","5","518210","48","0","2025","1","N",54,0,0,0,0,0,0,0,"N",0.53,0,0,0,0,0,0,0,"N",4,8.0,0,0,0,0,0,0,0,0,0,0,0,0,0,0
"C2478","5","518210","48","0","2025","1","N",8,0,0,0,0,0,0,0,"N",0.39,0,0,0,0,0,0,0,"N",0,0.0,0,0,0,0,0,0,0,0,0,0,0,0,0,0
"C2486","5","518210","48","0","2025","1","",161,453,526,482,13609026,6042044,77435,2150,"",1.17,0.33,0.39,0.35,0.24,0.29,0.49,0.67,"",20,14.2,-21,-4.4,53,11.2,9,1.9,-106063,-0.8,-49892,-0.8,26383,51.7,-79,-3.5
"C2506","5","518210","48","0","2025","1","N",11,0,0,0,0,0,0,0,"N",0.26,0,0,0,0,0,0,0,"N",2,22.2,0,0,0,0,0,0,0,0,0,0,0,0,0,0
"C2518","5","518210","48","0","2025","1","N",31,0,0,0,0,0,0,0,"N",0.85,0,0,0,0,0,0,0,"N",4,14.8,0,0,0,0,0,0,0,0,0,0,0,0,0,0
"C2522","5","518210","48","0","2025","1","",9,10,10,9,127564,73619,1754,1015,"",0.51,0.07,0.07,0.06,0.03,0.06,0.10,0.42,"",1,12.5,4,66.7,4,66.7,3,50.0,65612,105.9,38562,110.0,1342,325.7,221,27.8
"C2526","5","518210","48","0","2025","1","N",1,0,0,0,0,0,0,0,"N",0.04,0,0,0,0,0,0,0,"N",0,0.0,0,0,0,0,0,0,0,0,0,0,0,0,0,0
"C2542","5","518210","48","0","2025","1","N",32,0,0,0,0,0,0,0,"N",0.45,0,0,0,0,0,0,0,"N",-1,-3.0,0,0,0,0,0,0,0,0,0,0,0,0,0,0
"C2550","5","518210","48","0","2025","1","N",5,0,0,0,0,0,0,0,"N",0.28,0,0,0,0,0,0,0,"N",0,0.0,0,0,0,0,0,0,0,0,0,0,0,0,0,0
"C2554","5","518210","48","0","2025","1","",333,1173,1167,1152,43397902,25287132,509396,2868,"",1.66,0.62,0.62,0.61,0.38,0.65,0.54,0.62,"",17,5.4,20,1.7,65,5.9,46,4.2,5678049,15.1,2748543,12.2,88966,21.2,278,10.7
"C2562","5","518210","48","0","2025","1","N",1,0,0,0,0,0,0,0,"N",0.06,0,0,0,0,0,0,0,"N",0,0.0,0,0,0,0,0,0,0,0,0,0,0,0,0,0
"C2574","5","518210","48","0","2025","1","",12,90,91,96,1785403,1613355,10843,1487,"",0.60,0.66,0.67,0.71,0.32,0.56,0.32,0.47,"N",0,0.0,0,0,0,0,0,0,0,0,0,0,0,0,0,0
"C2586","5","518210","48","0","2025","1","N",21,0,0,0,0,0,0,0,"N",0.49,0,0,0,0,0,0,0,"N",5,31.2,0,0,0,0,0,0,0,0,0,0,0,0,0,0
"C2594","5","518210","48","0","2025","1","N",38,0,0,0,0,0,0,0,"N",0.91,0,0,0,0,0,0,0,"N",9,31.0,0,0,0,0,0,0,0,0,0,0,0,0,0,0
"C2598","5","518210","48","0","2025","1","N",1,0,0,0,0,0,0,0,"N",0.17,0,0,0,0,0,0,0,"N",0,0.0,0,0,0,0,0,0,0,0,0,0,0,0,0,0
"C2614","5","518210","48","0","2025","1","",5,16,14,14,147489,103805,2604,774,"",0.30,0.14,0.13,0.13,0.04,0.10,0.39,0.31,"",0,0.0,-2,-11.1,-5,-26.3,-5,-26.3,-10422,-6.6,-11362,-9.9,-498,-16.1,123,18.9
"C2630","5","518210","48","0","2025","1","N",4,0,0,0,0,0,0,0,"N",0.26,0,0,0,0,0,0,0,"N",0,0.0,0,0,0,0,0,0,0,0,0,0,0,0,0,0
"C2638","5","518210","48","0","2025","1","",11,44,45,43,782713,339857,4721,1368,"",0.43,0.17,0.17,0.17,0.07,0.13,0.14,0.42,"N",-1,-8.3,0,0,0,0,0,0,0,0,0,0,0,0,0,0
"C2642","5","518210","48","0","2025","1","N",412,0,0,0,0,0,0,0,"N",0.51,0,0,0,0,0,0,0,"N",4,1.0,0,0,0,0,0,0,0,0,0,0,0,0,0,0
"C2658","5","518210","48","0","2025","1","N",28,0,0,0,0,0,0,0,"N",0.57,0,0,0,0,0,0,0,"N",0,0.0,0,0,0,0,0,0,0,0,0,0,0,0,0,0
"C2662","5","518210","48","0","2025","1","",152,349,355,350,17631497,2924974,23339,3860,"",2.00,0.42,0.42,0.42,0.41,0.33,0.56,0.98,"",19,14.3,54,18.3,61,20.7,67,23.7,1531393,9.5,475270,19.4,4995,27.2,-401,-9.4
"C2682","5","518210","48","0","2025","1","N",25,0,0,0,0,0,0,0,"N",0.77,0,0,0,0,0,0,0,"N",4,19.0,0,0,0,0,0,0,0,0,0,0,0,0,0,0
"C2690","5","518210","48","0","2025","1","N",213,0,0,0,0,0,0,0,"N",0.75,0,0,0,0,0,0,0,"N",-2,-0.9,0,0,0,0,0,0,0,0,0,0,0,0,0,0
"C2698","5","518210","48","0","2025","1","N",42,0,0,0,0,0,0,0,"N",1.53,0,0,0,0,0,0,0,"N",-2,-4.5,0,0,0,0,0,0,0,0,0,0,0,0,0,0
"C2706","5","518210","48","0","2025","1","",8,22,22,22,734336,282745,7329,2568,"",0.63,0.15,0.15,0.15,0.10,0.24,0.18,0.69,"",0,0.0,0,0.0,1,4.8,1,4.8,9742,1.3,37446,15.3,372,5.3,-45,-1.7
"C2710","5","518210","48","0","2025","1","N",1,0,0,0,0,0,0,0,"N",0.07,0,0,0,0,0,0,0,"N",0,0.0,0,0,0,0,0,0,0,0,0,0,0,0,0,0
"C2714","5","518210","48","0","2025","1","N",26,0,0,0,0,0,0,0,"N",0.34,0,0,0,0,0,0,0,"N",5,23.8,0,0,0,0,0,0,0,0,0,0,0,0,0,0
"C2718","5","518210","48","0","2025","1","N",2,0,0,0,0,0,0,0,"N",0.10,0,0,0,0,0,0,0,"N",-2,-50.0,0,0,0,0,0,0,0,0,0,0,0,0,0,0
"C2726","5","518210","48","0","2025","1","N",198,0,0,0,0,0,0,0,"N",0.80,0,0,0,0,0,0,0,"N",-3,-1.5,0,0,0,0,0,0,0,0,0,0,0,0,0,0
"C2734","5","518210","48","0","2025","1","",12,12,12,11,242111,233173,2004,1596,"",0.60,0.07,0.07,0.07,0.05,0.11,0.12,0.65,"",2,20.0,1,9.1,1,9.1,1,10.0,20585,9.3,11647,5.3,118,6.3,-2,-0.1
"C2750","5","518210","48","0","2025","1","",8,427,431,435,6986779,4579268,66012,1247,"",0.43,1.97,2.00,2.02,0.74,1.45,1.27,0.37,"",0,0.0,43,11.2,49,12.8,63,16.9,1280447,22.4,886313,24.0,-8940,-11.9,90,7.8
"C2762","5","518210","48","0","2025","1","",11,443,433,434,7227919,4080728,33759,1273,"",0.55,1.82,1.79,1.78,0.79,1.82,1.31,0.44,"",1,10.0,-15,-3.3,-35,-7.5,-28,-6.1,149870,2.1,-333260,-7.6,-3943,-10.5,96,8.2
"C2774","5","518210","48","0","2025","1","N",16,0,0,0,0,0,0,0,"N",0.74,0,0,0,0,0,0,0,"N",-8,-33.3,0,0,0,0,0,0,0,0,0,0,0,0,0,0
"C2778","5","518210","48","0","2025","1","N",3,0,0,0,0,0,0,0,"N",0.20,0,0,0,0,0,0,0,"N",1,50.0,0,0,0,0,0,0,0,0,0,0,0,0,0,0
"C2786","5","518210","48","0","2025","1","N",3,0,0,0,0,0,0,0,"N",0.19,0,0,0,0,0,0,0,"N",1,50.0,0,0,0,0,0,0,0,0,0,0,0,0,0,0
"C2790","5","518210","48","0","2025","1","N",4,0,0,0,0,0,0,0,"N",0.16,0,0,0,0,0,0,0,"N",1,33.3,0,0,0,0,0,0,0,0,0,0,0,0,0,0
"C2798","5","518210","48","0","2025","1","N",59,0,0,0,0,0,0,0,"N",1.64,0,0,0,0,0,0,0,"N",-1,-1.7,0,0,0,0,0,0,0,0,0,0,0,0,0,0
"C2802","5","518210","48","0","2025","1","",9,58,56,58,1103271,489656,19737,1480,"",0.32,0.15,0.15,0.15,0.06,0.12,0.17,0.40,"",-1,-10.0,-7,-10.8,-9,-13.8,-9,-13.4,-176857,-13.8,-103048,-17.4,3086,18.5,-20,-1.3
"C2810","5","518210","48","0","2025","1","N",1,0,0,0,0,0,0,0,"N",0.10,0,0,0,0,0,0,0,"N",0,0.0,0,0,0,0,0,0,0,0,0,0,0,0,0,0
"C2814","5","518210","48","0","2025","1","N",412,0,0,0,0,0,0,0,"N",1.18,0,0,0,0,0,0,0,"N",-42,-9.3,0,0,0,0,0,0,0,0,0,0,0,0,0,0
"C2842","5","518210","48","0","2025","1","N",7,0,0,0,0,0,0,0,"N",0.19,0,0,0,0,0,0,0,"N",0,0.0,0,0,0,0,0,0,0,0,0,0,0,0,0,0
"C2845","5","518210","48","0","2025","1","",7,43,41,40,923765,568832,7700,1719,"",0.34,0.18,0.18,0.17,0.10,0.17,0.14,0.56,"",2,40.0,-9,-17.3,-8,-16.3,-9,-18.4,-117481,-11.3,-105944,-15.7,-7462,-49.2,117,7.3
"C2866","5","518210","48","0","2025","1","N",20,0,0,0,0,0,0,0,"N",0.54,0,0,0,0,0,0,0,"N",4,25.0,0,0,0,0,0,0,0,0,0,0,0,0,0,0
"C2870","5","518210","48","0","2025","1","N",11,0,0,0,0,0,0,0,"N",0.33,0,0,0,0,0,0,0,"N",-7,-38.9,0,0,0,0,0,0,0,0,0,0,0,0,0,0
"C2874","5","518210","48","0","2025","1","",11,111,114,114,2684273,1223842,17540,1827,"",0.41,0.60,0.62,0.62,0.35,0.58,0.23,0.57,"",0,0.0,10,9.9,11,10.7,7,6.5,658738,32.5,277458,29.3,-9432,-35.0,324,21.6
"C2888","5","518210","48","0","2025","1","",44,395,393,386,10432236,5109151,95095,2051,"",0.46,0.47,0.47,0.46,0.28,0.52,0.27,0.60,"",2,4.8,-23,-5.5,-23,-5.5,-42,-9.8,-1374944,-11.6,-158981,-3.0,-53431,-36.0,-108,-5.0
"C2894","5","518210","48","0","2025","1","N",120,0,0,0,0,0,0,0,"N",1.04,0,0,0,0,0,0,0,"N",-32,-21.1,0,0,0,0,0,0,0,0,0,0,0,0,0,0
"C2902","5","518210","48","0","2025","1","N",2,0,0,0,0,0,0,0,"N",0.22,0,0,0,0,0,0,0,"N",-1,-33.3,0,0,0,0,0,0,0,0,0,0,0,0,0,0
"C2910","5","518210","48","0","2025","1","N",8,0,0,0,0,0,0,0,"N",0.35,0,0,0,0,0,0,0,"N",1,14.3,0,0,0,0,0,0,0,0,0,0,0,0,0,0
"C2918","5","518210","48","0","2025","1","N",55,0,0,0,0,0,0,0,"N",0.75,0,0,0,0,0,0,0,"N",7,14.6,0,0,0,0,0,0,0,0,0,0,0,0,0,0
"C2920","5","518210","48","0","2025","1","",7,8,10,9,588219,92780,1906,5028,"",0.29,0.03,0.03,0.03,0.05,0.03,0.04,1.61,"N",-1,-12.5,0,0,0,0,0,0,0,0,0,0,0,0,0,0
"C2934","5","518210","48","0","2025","1","N",16,0,0,0,0,0,0,0,"N",0.49,0,0,0,0,0,0,0,"N",1,6.7,0,0,0,0,0,0,0,0,0,0,0,0,0,0
"C2942","5","518210","48","0","2025","1","N",3,0,0,0,0,0,0,0,"N",0.13,0,0,0,0,0,0,0,"N",0,0.0,0,0,0,0,0,0,0,0,0,0,0,0,0,0
"C2946","5","518210","48","0","2025","1","",32,67,69,67,1424412,410441,4881,1619,"",0.41,0.08,0.08,0.08,0.04,0.05,0.11,0.55,"",1,3.2,-11,-14.1,-7,-9.2,-7,-9.5,-536941,-27.4,-63904,-13.5,622,14.6,-366,-18.4
"C2954","5","518210","48","0","2025","1","",12,123,121,125,2745176,1209043,33364,1717,"",0.18,0.16,0.16,0.16,0.08,0.13,0.09,0.54,"",1,9.1,33,36.7,28,30.1,34,37.4,881360,47.3,346298,40.1,8793,35.8,147,9.4
"C2962","5","518210","48","0","2025","1","N",39,0,0,0,0,0,0,0,"N",0.79,0,0,0,0,0,0,0,"N",5,14.7,0,0,0,0,0,0,0,0,0,0,0,0,0,0
"C2970","5","518210","48","0","2025","1","N",2,0,0,0,0,0,0,0,"N",0.07,0,0,0,0,0,0,0,"N",-1,-33.3,0,0,0,0,0,0,0,0,0,0,0,0,0,0
"C2974","5","518210","48","0","2025","1","",50,110,119,116,1726532,1414176,9892,1155,"",1.87,0.43,0.47,0.46,0.20,0.38,0.20,0.44,"",4,8.7,3,2.8,2,1.7,4,3.6,63831,3.8,70096,5.2,2200,28.6,13,1.1
"C2982","5","518210","48","0","2025","1","",236,1957,1947,1933,84290508,47937342,961002,3332,"",0.75,0.55,0.55,0.55,0.52,0.57,0.50,0.94,"",-30,-11.3,-35,-1.8,-45,-2.3,-42,-2.1,-22004823,-20.7,2234358,4.9,34114,3.7,-784,-19.0
"C2994","5","518210","48","0","2025","1","",35,164,149,147,3796544,1725151,20315,1905,"",2.16,1.05,0.94,0.93,0.65,0.73,1.61,0.67,"",1,2.9,34,26.2,22,17.3,18,14.0,125013,3.4,237155,15.9,-6810,-25.1,-290,-13.2
"C3002","5","518210","48","0","2025","1","N",6,0,0,0,0,0,0,0,"N",0.47,0,0,0,0,0,0,0,"N",3,100.0,0,0,0,0,0,0,0,0,0,0,0,0,0,0
"C3014","5","518210","48","0","2025","1","",4,6,6,6,97758,51860,973,1253,"",0.29,0.04,0.04,0.04,0.02,0.03,0.01,0.43,"N",0,0.0,0,0,0,0,0,0,0,0,0,0,0,0,0,0
"C3030","5","518210","48","0","2025","1","N",4,0,0,0,0,0,0,0,"N",0.42,0,0,0,0,0,0,0,"N",0,0.0,0,0,0,0,0,0,0,0,0,0,0,0,0,0
"C3034","5","518210","48","0","2025","1","N",6,0,0,0,0,0,0,0,"N",0.37,0,0,0,0,0,0,0,"N",0,0.0,0,0,0,0,0,0,0,0,0,0,0,0,0,0
"C3046","5","518210","48","0","2025","1","N",117,0,0,0,0,0,0,0,"N",1.15,0,0,0,0,0,0,0,"N",13,12.5,0,0,0,0,0,0,0,0,0,0,0,0,0,0
"C3050","5","518210","48","0","2025","1","N",10,0,0,0,0,0,0,0,"N",0.51,0,0,0,0,0,0,0,"N",-1,-9.1,0,0,0,0,0,0,0,0,0,0,0,0,0,0
"C3062","5","518210","48","0","2025","1","N",7,0,0,0,0,0,0,0,"N",0.59,0,0,0,0,0,0,0,"N",1,16.7,0,0,0,0,0,0,0,0,0,0,0,0,0,0
"C3070","5","518210","48","0","2025","1","",45,285,277,278,11777601,2490289,16305,3236,"",0.95,0.50,0.49,0.49,0.52,0.43,0.37,1.04,"",6,15.4,12,4.4,0,0.0,3,1.1,4483672,61.5,78179,3.2,-2169,-11.7,1196,58.6
"C3078","5","518210","48","0","2025","1","N",72,0,0,0,0,0,0,0,"N",0.70,0,0,0,0,0,0,0,"N",-10,-12.2,0,0,0,0,0,0,0,0,0,0,0,0,0,0
"C3086","5","518210","48","0","2025","1","N",7,0,0,0,0,0,0,0,"N",0.30,0,0,0,0,0,0,0,"N",-2,-22.2,0,0,0,0,0,0,0,0,0,0,0,0,0,0
"C3098","5","518210","48","0","2025","1","N",7,0,0,0,0,0,0,0,"N",0.21,0,0,0,0,0,0,0,"N",-1,-12.5,0,0,0,0,0,0,0,0,0,0,0,0,0,0
"C3102","5","518210","48","0","2025","1","N",6,0,0,0,0,0,0,0,"N",0.48,0,0,0,0,0,0,0,"N",-1,-14.3,0,0,0,0,0,0,0,0,0,0,0,0,0,0
"C3108","5","518210","48","0","2025","1","",961,12874,12990,12971,850431000,92848023,4140394,5054,"",0.28,0.67,0.67,0.67,0.76,0.48,0.53,1.13,"",28,3.0,603,4.9,721,5.9,700,5.7,131299252,18.3,5048141,5.7,766745,22.7,546,12.1
"C3114","5","518210","48","0","2025","1","N",223,0,0,0,0,0,0,0,"N",0.97,0,0,0,0,0,0,0,"N",20,9.9,0,0,0,0,0,0,0,0,0,0,0,0,0,0
"C3118","5","518210","48","0","2025","1","N",12,0,0,0,0,0,0,0,"N",0.27,0,0,0,0,0,0,0,"N",0,0.0,0,0,0,0,0,0,0,0,0,0,0,0,0,0
"C3134","5","518210","48","0","2025","1","N",14,0,0,0,0,0,0,0,"N",0.38,0,0,0,0,0,0,0,"N",-1,-6.7,0,0,0,0,0,0,0,0,0,0,0,0,0,0
"C3142","5","518210","48","0","2025","1","",9,29,32,33,709948,319801,5108,1743,"",0.32,0.10,0.11,0.11,0.06,0.10,0.17,0.60,"",0,0.0,-21,-42.0,-19,-37.3,-16,-32.7,-1316167,-65.0,-176403,-35.6,-7094,-58.1,-1374,-44.1
"C3154","5","518210","48","0","2025","1","N",65,0,0,0,0,0,0,0,"N",0.63,0,0,0,0,0,0,0,"N",10,18.2,0,0,0,0,0,0,0,0,0,0,0,0,0,0
"C3170","5","518210","48","0","2025","1","",33,539,537,540,15969168,5454446,35304,2280,"",0.57,0.86,0.86,0.87,0.45,0.55,0.64,0.52,"",3,10.0,106,24.5,113,26.7,111,25.9,-1409524,-8.1,365603,7.2,-56178,-61.4,-839,-26.9
"C3174","5","518210","48","0","2025","1","",22,26,25,25,831748,355891,5019,2526,"",1.42,0.16,0.15,0.15,0.14,0.16,0.49,0.93,"N",0,0.0,0,0,0,0,0,0,0,0,0,0,0,0,0,0
"C3186","5","518210","48","0","2025","1","N",2,0,0,0,0,0,0,0,"N",0.15,0,0,0,0,0,0,0,"N",0,0.0,0,0,0,0,0,0,0,0,0,0,0,0,0,0
"C3190","5","518210","48","0","2025","1","N",3,0,0,0,0,0,0,0,"N",0.23,0,0,0,0,0,0,0,"N",0,0.0,0,0,0,0,0,0,0,0,0,0,0,0,0,0
"C3258","5","518210","48","0","2025","1","",8,233,198,199,1973953,1318356,27226,723,"",0.12,0.25,0.21,0.21,0.08,0.16,0.22,0.33,"",-2,-20.0,133,133.0,56,39.4,30,17.8,5691,0.3,261727,24.8,14734,117.9,-382,-34.6
"C3278","5","518210","48","0","2025","1","",19,48,50,49,2589186,1930433,47142,4065,"",0.51,0.17,0.18,0.17,0.23,0.38,0.39,1.34,"",6,46.2,3,6.7,5,11.1,4,8.9,-429097,-14.2,3976,0.2,19875,72.9,-1094,-21.2
"C3282","5","518210","48","0","2025","1","N",83,0,0,0,0,0,0,0,"N",0.60,0,0,0,0,0,0,0,"N",-28,-25.2,0,0,0,0,0,0,0,0,0,0,0,0,0,0
"C3290","5","518210","48","0","2025","1","N",2,0,0,0,0,0,0,0,"N",0.05,0,0,0,0,0,0,0,"N",0,0.0,0,0,0,0,0,0,0,0,0,0,0,0,0,0
"C3310","5","518210","48","0","2025","1","",858,7878,7861,7851,398502364,56303771,336532,3898,"",0.69,0.89,0.89,0.89,0.80,0.60,0.45,0.90,"",-40,-4.5,-353,-4.3,-317,-3.9,-292,-3.6,20894228,5.5,-959202,-1.7,-117474,-25.9,349,9.8
"C3314","5","518210","48","0","2025","1","N",3,0,0,0,0,0,0,0,"N",0.26,0,0,0,0,0,0,0,"N",-1,-25.0,0,0,0,0,0,0,0,0,0,0,0,0,0,0
"C3322","5","518210","48","0","2025","1","N",5,0,0,0,0,0,0,0,"N",0.27,0,0,0,0,0,0,0,"N",0,0.0,0,0,0,0,0,0,0,0,0,0,0,0,0,0
"C3326","5","518210","48","0","2025","1","N",3,0,0,0,0,0,0,0,"N",0.10,0,0,0,0,0,0,0,"N",0,0.0,0,0,0,0,0,0,0,0,0,0,0,0,0,0
"C3334","5","518210","48","0","2025","1","N",92,0,0,0,0,0,0,0,"N",0.39,0,0,0,0,0,0,0,"N",19,26.0,0,0,0,0,0,0,0,0,0,0,0,0,0,0
"C3346","5","518210","48","0","2025","1","N",366,0,0,0,0,0,0,0,"N",0.74,0,0,0,0,0,0,0,"N",16,4.6,0,0,0,0,0,0,0,0,0,0,0,0,0,0
"C3350","5","518210","48","0","2025","1","N",7,0,0,0,0,0,0,0,"N",0.50,0,0,0,0,0,0,0,"N",0,0.0,0,0,0,0,0,0,0,0,0,0,0,0,0,0
"C3354","5","518210","48","0","2025","1","N",22,0,0,0,0,0,0,0,"N",0.71,0,0,0,0,0,0,0,"N",1,4.8,0,0,0,0,0,0,0,0,0,0,0,0,0,0
"C3366","5","518210","48","0","2025","1","",49,209,203,205,4642139,1667072,6561,1736,"",0.86,0.38,0.37,0.38,0.20,0.29,0.24,0.55,"",2,4.3,31,17.4,25,14.0,26,14.5,982635,26.9,215326,14.8,-550,-7.7,157,9.9
"C3370","5","518210","48","0","2025","1","N",1,0,0,0,0,0,0,0,"N",0.01,0,0,0,0,0,0,0,"N",-1,-50.0,0,0,0,0,0,0,0,0,0,0,0,0,0,0
"C3374","5","518210","48","0","2025","1","N",17,0,0,0,0,0,0,0,"N",0.53,0,0,0,0,0,0,0,"N",2,13.3,0,0,0,0,0,0,0,0,0,0,0,0,0,0
"C3378","5","518210","48","0","2025","1","N",5,0,0,0,0,0,0,0,"N",0.42,0,0,0,0,0,0,0,"N",1,25.0,0,0,0,0,0,0,0,0,0,0,0,0,0,0
"C3386","5","518210","48","0","2025","1","",68,257,256,255,6583273,2068659,11453,1978,"",1.40,0.49,0.48,0.48,0.32,0.43,0.51,0.66,"",11,19.3,7,2.8,5,2.0,11,4.5,1886699,40.2,62226,3.1,1491,15.0,523,35.9
"C3406","5","518210","48","0","2025","1","",32,276,276,267,5131454,2548891,48666,1446,"",1.35,1.33,1.31,1.27,0.56,1.57,1.04,0.43,"N",6,23.1,0,0,0,0,0,0,0,0,0,0,0,0,0,0
"C3410","5","518210","48","0","2025","1","N",2,0,0,0,0,0,0,0,"N",0.17,0,0,0,0,0,0,0,"N",-2,-50.0,0,0,0,0,0,0,0,0,0,0,0,0,0,0
"C3458","5","518210","48","0","2025","1","",7,37,38,37,1507211,1451970,40117,3106,"",0.39,0.22,0.23,0.22,0.20,0.41,0.67,0.90,"",1,16.7,-2,-5.1,2,5.6,1,2.8,-54703,-3.5,-67232,-4.4,17377,76.4,-141,-4.3
"C3462","5","518210","48","0","2025","1","",5,26,26,26,413608,239925,4019,1224,"",0.45,0.19,0.19,0.19,0.09,0.17,0.21,0.46,"",-2,-28.6,6,30.0,5,23.8,5,23.8,89897,27.8,37377,18.5,272,7.3,19,1.6
"C3474","5","518210","48","0","2025","1","",4,28,28,28,547489,259154,6861,1504,"",0.27,0.15,0.15,0.15,0.08,0.13,0.12,0.51,"N",-1,-20.0,0,0,0,0,0,0,0,0,0,0,0,0,0,0
"C3482","5","518210","48","0","2025","1","",64,88,86,89,2712984,1161896,7611,2381,"",1.07,0.20,0.20,0.20,0.19,0.20,0.17,0.95,"",7,12.3,6,7.3,5,6.2,8,9.9,-110897,-3.9,123751,11.9,244,3.3,-290,-10.9
"C3490","5","518210","48","0","2025","1","N",6,0,0,0,0,0,0,0,"N",0.19,0,0,0,0,0,0,0,"N",1,20.0,0,0,0,0,0,0,0,0,0,0,0,0,0,0
"C3494","5","518210","48","0","2025","1","",37,108,105,104,4148772,806002,6943,3020,"",0.44,0.19,0.19,0.19,0.16,0.13,0.18,0.83,"",-2,-5.1,22,25.6,22,26.5,21,25.3,1273418,44.3,172547,27.2,344,5.2,387,14.7
"C3498","5","518210","48","0","2025","1","N",444,0,0,0,0,0,0,0,"N",1.38,0,0,0,0,0,0,0,"N",-150,-25.3,0,0,0,0,0,0,0,0,0,0,0,0,0,0
"C3530","5","518210","48","0","2025","1","",184,318,323,319,13275396,7289389,165958,3191,"",1.92,0.37,0.37,0.37,0.29,0.51,0.44,0.78,"",11,6.4,57,21.8,63,24.2,58,22.2,2471452,22.9,1436511,24.5,52098,45.8,3,0.1
"C3538","5","518210","48","0","2025","1","N",187,0,0,0,0,0,0,0,"N",1.07,0,0,0,0,0,0,0,"N",-8,-4.1,0,0,0,0,0,0,0,0,0,0,0,0,0,0
"C3562","5","518210","48","0","2025","1","N",1902,0,0,0,0,0,0,0,"N",0.62,0,0,0,0,0,0,0,"N",129,7.3,0,0,0,0,0,0,0,0,0,0,0,0,0,0
"C3566","5","518210","48","0","2025","1","N",6,0,0,0,0,0,0,0,"N",0.31,0,0,0,0,0,0,0,"N",1,20.0,0,0,0,0,0,0,0,0,0,0,0,0,0,0
"C3584","5","518210","48","0","2025","1","",110,454,448,396,14510565,3171616,38769,2580,"",0.68,0.42,0.42,0.37,0.31,0.27,0.56,0.77,"",-10,-8.3,22,5.1,26,6.2,-21,-5.0,1454750,11.1,255445,8.8,-5750,-12.9,210,8.9
"C3598","5","518210","48","0","2025","1","",63,90,86,90,2748901,1818607,64188,2385,"",1.50,0.23,0.22,0.23,0.14,0.24,0.39,0.61,"",11,21.2,23,34.3,17,24.6,23,34.3,475577,20.9,365045,25.1,26471,70.2,-199,-7.7
"C3610","5","518210","48","0","2025","1","",21,93,91,88,2691254,712656,3237,2283,"",0.45,0.24,0.24,0.23,0.20,0.20,0.16,0.83,"",4,23.5,10,12.0,8,9.6,5,6.0,208920,8.4,133786,23.1,-3607,-52.7,-18,-0.8
"C3622","5","518210","48","0","2025","1","N",1,0,0,0,0,0,0,0,"N",0.05,0,0,0,0,0,0,0,"N",0,0.0,0,0,0,0,0,0,0,0,0,0,0,0,0,0
"C3626","5","518210","48","0","2025","1","",36,177,176,180,5214582,4613736,24858,2258,"",0.43,0.21,0.21,0.21,0.15,0.28,0.28,0.73,"",0,0.0,3,1.7,-1,-0.6,12,7.1,618956,13.5,515391,12.6,2424,10.8,215,10.5
"C3642","5","518210","48","0","2025","1","N",247,0,0,0,0,0,0,0,"N",1.09,0,0,0,0,0,0,0,"N",18,7.9,0,0,0,0,0,0,0,0,0,0,0,0,0,0
"C3650","5","518210","48","0","2025","1","",48,447,453,447,16340746,12413960,161437,2800,"",1.21,1.10,1.12,1.10,0.81,1.73,1.41,0.73,"",4,9.1,2,0.4,-1,-0.2,-10,-2.2,3688285,29.2,1911764,18.2,58652,57.1,647,30.1
"C3654","5","518210","48","0","2025","1","N",131,0,0,0,0,0,0,0,"N",0.97,0,0,0,0,0,0,0,"N",33,33.7,0,0,0,0,0,0,0,0,0,0,0,0,0,0
"C3674","5","518210","48","0","2025","1","",273,2996,2991,3012,91440214,21866716,245190,2345,"",0.64,0.68,0.68,0.69,0.46,0.49,0.92,0.67,"",-26,-8.7,-439,-12.8,-482,-13.9,-520,-14.7,-5386930,-5.6,-2328549,-9.6,-28975,-10.6,205,9.6
"C3678","5","518210","48","0","2025","1","N",2,0,0,0,0,0,0,0,"N",0.10,0,0,0,0,0,0,0,"N",1,100.0,0,0,0,0,0,0,0,0,0,0,0,0,0,0
"C3698","5","518210","48","0","2025","1","N",4,0,0,0,0,0,0,0,"N",0.23,0,0,0,0,0,0,0,"N",0,0.0,0,0,0,0,0,0,0,0,0,0,0,0,0,0
"C3710","5","518210","48","0","2025","1","",42,236,245,260,44721176,2419060,115474,13927,"",0.28,0.23,0.24,0.25,0.87,0.24,0.29,3.65,"",8,23.5,4,1.7,16,7.0,37,16.6,24293546,118.9,157264,7.0,19296,20.1,7035,102.1
"C3714","5","518210","48","0","2025","1","N",9,0,0,0,0,0,0,0,"N",0.53,0,0,0,0,0,0,0,"N",0,0.0,0,0,0,0,0,0,0,0,0,0,0,0,0,0
"C3734","5","518210","48","0","2025","1","",46,170,166,166,4339490,1270556,20911,1995,"",0.54,0.22,0.22,0.22,0.12,0.17,0.47,0.54,"",-4,-8.0,-2,-1.2,-6,-3.5,-4,-2.4,428542,11.0,86166,7.3,5334,34.2,239,13.6
"C3746","5","518210","48","0","2025","1","N",12,0,0,0,0,0,0,0,"N",0.36,0,0,0,0,0,0,0,"N",0,0.0,0,0,0,0,0,0,0,0,0,0,0,0,0,0
"C3762","5","518210","48","0","2025","1","N",6,0,0,0,0,0,0,0,"N",0.47,0,0,0,0,0,0,0,"N",-1,-14.3,0,0,0,0,0,0,0,0,0,0,0,0,0,0
"C3786","5","518210","48","0","2025","1","N",25,0,0,0,0,0,0,0,"N",0.39,0,0,0,0,0,0,0,"N",-2,-7.4,0,0,0,0,0,0,0,0,0,0,0,0,0,0
"C3790","5","518210","48","0","2025","1","N",6,0,0,0,0,0,0,0,"N",0.17,0,0,0,0,0,0,0,"N",2,50.0,0,0,0,0,0,0,0,0,0,0,0,0,0,0
"C3798","5","518210","48","0","2025","1","N",572,0,0,0,0,0,0,0,"N",0.69,0,0,0,0,0,0,0,"N",1,0.2,0,0,0,0,0,0,0,0,0,0,0,0,0,0
"C3806","5","518210","48","0","2025","1","",507,9011,9074,9196,384655251,77061712,1115369,3254,"",0.75,1.20,1.21,1.23,1.00,0.89,1.06,0.82,"",-37,-6.8,-723,-7.4,-746,-7.6,-676,-6.8,4915988,1.3,-3881012,-4.8,-91451,-7.6,276,9.3
"C3824","5","518210","48","0","2025","1","",17,52,51,50,1018468,922015,9669,1536,"",1.07,0.39,0.38,0.38,0.21,0.46,0.61,0.55,"N",7,70.0,0,0,0,0,0,0,0,0,0,0,0,0,0,0
"C3830","5","518210","48","0","2025","1","N",163,0,0,0,0,0,0,0,"N",0.53,0,0,0,0,0,0,0,"N",0,0.0,0,0,0,0,0,0,0,0,0,0,0,0,0,0
"C3834","5","518210","48","0","2025","1","N",20,0,0,0,0,0,0,0,"N",0.79,0,0,0,0,0,0,0,"N",-1,-4.8,0,0,0,0,0,0,0,0,0,0,0,0,0,0
"C3854","5","518210","48","0","2025","1","",8,7,7,7,148252,145804,1160,1629,"",0.53,0.06,0.06,0.06,0.04,0.08,0.09,0.65,"",-1,-11.1,0,0.0,0,0.0,0,0.0,-24493,-14.2,-25437,-14.9,-493,-29.8,-269,-14.2
"C3886","5","518210","48","0","2025","1","N",152,0,0,0,0,0,0,0,"N",1.19,0,0,0,0,0,0,0,"N",-13,-7.9,0,0,0,0,0,0,0,0,0,0,0,0,0,0
"C3890","5","518210","48","0","2025","1","N",538,0,0,0,0,0,0,0,"N",1.18,0,0,0,0,0,0,0,"N",62,13.0,0,0,0,0,0,0,0,0,0,0,0,0,0,0
"C3894","5","518210","48","0","2025","1","",34,95,97,97,2462067,655732,8959,1966,"",0.45,0.18,0.18,0.18,0.12,0.12,0.26,0.67,"",-1,-2.9,-3,-3.1,2,2.1,0,0.0,37100,1.5,-7163,-1.1,1628,22.2,36,1.9
"C3915","5","518210","48","0","2025","1","",4,10,10,10,191152,72000,1060,1470,"",0.12,0.04,0.04,0.04,0.02,0.03,0.04,0.52,"",-1,-20.0,1,11.1,1,11.1,0,0.0,28810,17.7,5539,8.3,-1681,-61.3,132,9.9
"C3930","5","518210","48","0","2025","1","N",358,0,0,0,0,0,0,0,"N",1.24,0,0,0,0,0,0,0,"N",17,5.0,0,0,0,0,0,0,0,0,0,0,0,0,0,0
"C3934","5","518210","48","0","2025","1","N",125,0,0,0,0,0,0,0,"N",1.18,0,0,0,0,0,0,0,"N",4,3.3,0,0,0,0,0,0,0,0,0,0,0,0,0,0
"C3938","5","518210","48","0","2025","1","",3,47,48,47,559093,542620,10561,909,"",0.17,0.24,0.25,0.25,0.08,0.18,0.12,0.31,"N",-2,-40.0,0,0,0,0,0,0,0,0,0,0,0,0,0,0
"C3946","5","518210","48","0","2025","1","",12,38,40,39,1076091,280720,2332,2122,"",0.44,0.21,0.22,0.21,0.16,0.15,0.21,0.75,"",0,0.0,18,90.0,21,110.5,21,116.7,686081,175.9,145773,108.0,391,20.1,543,34.4
"C3954","5","518210","48","0","2025","1","",7,18,18,18,1002494,366117,4679,4284,"",0.29,0.08,0.08,0.08,0.10,0.10,0.08,1.35,"",2,40.0,5,38.5,4,28.6,4,28.6,161060,19.1,85860,30.6,822,21.3,-452,-9.5
"C3958","5","518210","48","0","2025","1","",495,3030,3012,3036,139273431,74729751,647467,3540,"",1.86,1.32,1.31,1.32,1.11,1.46,1.51,0.84,"N",86,21.0,0,0,0,0,0,0,0,0,0,0,0,0,0,0
"C3966","5","518210","48","0","2025","1","N",50,0,0,0,0,0,0,0,"N",1.50,0,0,0,0,0,0,0,"N",-2,-3.8,0,0,0,0,0,0,0,0,0,0,0,0,0,0
"C3974","5","518210","48","0","2025","1","",16,127,123,121,2674908,1305109,33997,1664,"",0.39,0.23,0.23,0.22,0.11,0.19,0.12,0.49,"",1,6.7,8,6.7,8,7.0,5,4.3,398848,17.5,100840,8.4,3533,11.6,163,10.9
"C3982","5","518210","48","0","2025","1","N",7,0,0,0,0,0,0,0,"N",0.17,0,0,0,0,0,0,0,"N",0,0.0,0,0,0,0,0,0,0,0,0,0,0,0,0,0
"C3990","5","518210","48","0","2025","1","N",49,0,0,0,0,0,0,0,"N",0.56,0,0,0,0,0,0,0,"N",-5,-9.3,0,0,0,0,0,0,0,0,0,0,0,0,0,0
"C4006","5","518210","48","0","2025","1","N",161,0,0,0,0,0,0,0,"N",0.79,0,0,0,0,0,0,0,"N",22,15.8,0,0,0,0,0,0,0,0,0,0,0,0,0,0
"C4014","5","518210","48","0","2025","1","N",75,0,0,0,0,0,0,0,"N",0.10,0,0,0,0,0,0,0,"N",8,11.9,0,0,0,0,0,0,0,0,0,0,0,0,0,0
"C4022","5","518210","48","0","2025","1","N",13,0,0,0,0,0,0,0,"N",0.28,0,0,0,0,0,0,0,"N",3,30.0,0,0,0,0,0,0,0,0,0,0,0,0,0,0
"C4034","5","518210","48","0","2025","1","",4,10,10,10,273726,241649,11546,2106,"",0.15,0.03,0.03,0.03,0.01,0.05,0.26,0.55,"N",0,0.0,0,0,0,0,0,0,0,0,0,0,0,0,0,0
"C4038","5","518210","48","0","2025","1","N",61,0,0,0,0,0,0,0,"N",0.49,0,0,0,0,0,0,0,"N",8,15.1,0,0,0,0,0,0,0,0,0,0,0,0,0,0
"C4042","5","518210","48","0","2025","1","N",7,0,0,0,0,0,0,0,"N",0.23,0,0,0,0,0,0,0,"N",1,16.7,0,0,0,0,0,0,0,0,0,0,0,0,0,0
"C4058","5","518210","48","0","2025","1","N",4,0,0,0,0,0,0,0,"N",0.26,0,0,0,0,0,0,0,"N",-1,-20.0,0,0,0,0,0,0,0,0,0,0,0,0,0,0
"C4066","5","518210","48","0","2025","1","",3,5,5,5,52070,28061,415,801,"",0.27,0.04,0.04,0.04,0.01,0.02,0.02,0.30,"N",0,0.0,0,0,0,0,0,0,0,0,0,0,0,0,0,0
"C4090","5","518210","48","0","2025","1","N",108,0,0,0,0,0,0,0,"N",0.22,0,0,0,0,0,0,0,"N",7,6.9,0,0,0,0,0,0,0,0,0,0,0,0,0,0
"C4098","5","518210","48","0","2025","1","",4,35,35,35,955935,263788,11520,2101,"",0.22,0.14,0.14,0.14,0.10,0.10,0.14,0.68,"N",1,33.3,0,0,0,0,0,0,0,0,0,0,0,0,0,0
"C4106","5","518210","48","0","2025","1","",10,68,64,64,1817825,1483437,22320,2140,"",0.38,0.21,0.20,0.20,0.13,0.25,0.40,0.66,"",-1,-9.1,-14,-17.1,-11,-14.7,-10,-13.5,-186940,-9.3,-303479,-17.0,-7477,-25.1,137,6.8
"C4110","5","518210","48","0","2025","1","",17,165,156,163,4986434,4353212,22415,2378,"",0.45,0.60,0.56,0.59,0.53,0.91,0.90,0.92,"",4,30.8,3,1.9,-4,-2.5,4,2.5,781283,18.6,653012,17.6,7111,46.5,360,17.8
"C4114","5","518210","48","0","2025","1","N",4,0,0,0,0,0,0,0,"N",0.24,0,0,0,0,0,0,0,"N",0,0.0,0,0,0,0,0,0,0,0,0,0,0,0,0,0
"C4118","5","518210","48","0","2025","1","N",196,0,0,0,0,0,0,0,"N",0.44,0,0,0,0,0,0,0,"N",2,1.0,0,0,0,0,0,0,0,0,0,0,0,0,0,0
"C4142","5","518210","48","0","2025","1","",28,84,81,81,2818700,2291807,44279,2644,"",0.42,0.14,0.13,0.13,0.11,0.23,0.19,0.82,"N",3,12.0,0,0,0,0,0,0,0,0,0,0,0,0,0,0
"C4150","5","518210","48","0","2025","1","N",10,0,0,0,0,0,0,0,"N",0.14,0,0,0,0,0,0,0,"N",-3,-23.1,0,0,0,0,0,0,0,0,0,0,0,0,0,0
"C4154","5","518210","48","0","2025","1","",5,7,7,7,135802,59282,3835,1492,"",0.35,0.04,0.04,0.04,0.02,0.04,0.16,0.52,"",-1,-16.7,-14,-66.7,-14,-66.7,-14,-66.7,-359162,-72.6,-117560,-66.5,456,13.5,-321,-17.7
"C4162","5","518210","48","0","2025","1","",582,5008,5019,4946,231047280,147979582,981130,3561,"",1.87,1.95,1.96,1.93,1.64,2.20,2.19,0.85,"N",2,0.3,0,0,0,0,0,0,0,0,0,0,0,0,0,0
"C4166","5","518210","48","0","2025","1","N",3,0,0,0,0,0,0,0,"N",0.21,0,0,0,0,0,0,0,"N",0,0.0,0,0,0,0,0,0,0,0,0,0,0,0,0,0
"C4170","5","518210","48","0","2025","1","N",130,0,0,0,0,0,0,0,"N",0.48,0,0,0,0,0,0,0,"N",5,4.0,0,0,0,0,0,0,0,0,0,0,0,0,0,0
"C4174","5","518210","48","0","2025","1","",261,2688,2653,2635,110128332,19457336,896817,3186,"",0.42,0.56,0.55,0.55,0.39,0.43,0.48,0.71,"",22,9.2,-154,-5.4,-174,-6.2,-132,-4.8,-13584358,-11.0,-966011,-4.7,115499,14.8,-198,-5.9
"C4178","5","518210","48","0","2025","1","N",10,0,0,0,0,0,0,0,"N",0.66,0,0,0,0,0,0,0,"N",-2,-16.7,0,0,0,0,0,0,0,0,0,0,0,0,0,0
"C4186","5","518210","48","0","2025","1","",1101,31049,31042,31124,2498740798,230211726,9582754,6186,"",1.05,4.17,4.17,4.20,3.13,2.93,2.89,0.75,"",94,9.3,-263,-0.8,-292,-0.9,-10,0.0,-160972730,-6.1,-6275766,-2.7,1431337,17.6,-359,-5.5
"C4194","5","518210","48","0","2025","1","N",469,0,0,0,0,0,0,0,"N",1.17,0,0,0,0,0,0,0,"N",43,10.1,0,0,0,0,0,0,0,0,0,0,0,0,0,0
"C4198","5","518210","48","0","2025","1","N",43,0,0,0,0,0,0,0,"N",0.27,0,0,0,0,0,0,0,"N",1,2.4,0,0,0,0,0,0,0,0,0,0,0,0,0,0
"C4202","5","518210","48","0","2025","1","",12,35,35,36,972513,252984,9321,2117,"",0.22,0.09,0.09,0.10,0.06,0.08,0.07,0.66,"",3,33.3,8,29.6,5,16.7,5,16.1,242534,33.2,40382,19.0,1178,14.5,203,10.6
"C4210","5","518210","48","0","2025","1","N",14,0,0,0,0,0,0,0,"N",0.30,0,0,0,0,0,0,0,"N",2,16.7,0,0,0,0,0,0,0,0,0,0,0,0,0,0
"C4214","5","518210","48","0","2025","1","",82,65,61,58,2659668,1791271,25312,3336,"",2.69,0.34,0.32,0.30,0.35,0.60,0.87,1.08,"",3,3.8,-17,-20.7,-16,-20.8,-10,-14.7,-360584,-11.9,-79241,-4.2,-8193,-24.5,266,8.7
"C4220","5","518210","48","0","2025","1","",27,349,345,346,17376814,2456314,109503,3856,"",0.33,0.55,0.53,0.53,0.56,0.43,0.49,1.04,"",0,0.0,-8,-2.2,-6,-1.7,1,0.3,637773,3.8,-10127,-0.4,28308,34.9,188,5.1
"C4222","5","518210","48","0","2025","1","",21,121,121,118,3821683,872241,35416,2450,"",0.21,0.19,0.19,0.19,0.13,0.14,0.14,0.67,"",1,5.0,1,0.8,-1,-0.8,-3,-2.5,-195051,-4.9,1822,0.2,-139,-0.4,-104,-4.1
"C4234","5","518210","48","0","2025","1","N",20,0,0,0,0,0,0,0,"N",0.33,0,0,0,0,0,0,0,"N",1,5.3,0,0,0,0,0,0,0,0,0,0,0,0,0,0
"C4254","5","518210","48","0","2025","1","N",23,0,0,0,0,0,0,0,"N",0.36,0,0,0,0,0,0,0,"N",2,9.5,0,0,0,0,0,0,0,0,0,0,0,0,0,0
"C4266","5","518210","48","0","2025","1","",721,20214,20198,20550,1417156296,994986043,12028752,5365,"",1.25,3.12,3.13,3.19,2.74,4.13,3.47,0.87,"",62,9.4,-968,-4.6,-893,-4.2,-534,-2.5,35776864,2.6,-1194404,-0.1,3855022,47.2,334,6.6
"C4268","5","518210","48","0","2025","1","",24,161,168,163,4250453,1153423,15344,1994,"",0.90,0.87,0.91,0.89,0.51,0.64,1.38,0.57,"",3,14.3,50,45.0,57,51.4,49,43.0,1142841,36.8,359734,45.3,7756,102.2,-140,-6.6
"C4270","5","518210","48","0","2025","1","N",2,0,0,0,0,0,0,0,"N",0.17,0,0,0,0,0,0,0,"N",0,0.0,0,0,0,0,0,0,0,0,0,0,0,0,0,0
"C4310","5","518210","48","0","2025","1","N",5,0,0,0,0,0,0,0,"N",0.35,0,0,0,0,0,0,0,"N",1,25.0,0,0,0,0,0,0,0,0,0,0,0,0,0,0
"C4330","5","518210","48","0","2025","1","N",4,0,0,0,0,0,0,0,"N",0.27,0,0,0,0,0,0,0,"N",-1,-20.0,0,0,0,0,0,0,0,0,0,0,0,0,0,0
"C4334","5","518210","48","0","2025","1","",41,268,269,269,4888959,2138450,26941,1400,"",0.72,0.52,0.52,0.53,0.25,0.46,0.41,0.47,"",3,7.9,11,4.3,13,5.1,11,4.3,603960,14.1,197751,10.2,4958,22.6,117,9.1
"C4342","5","518210","48","0","2025","1","N",5,0,0,0,0,0,0,0,"N",0.42,0,0,0,0,0,0,0,"N",-4,-44.4,0,0,0,0,0,0,0,0,0,0,0,0,0,0
"C4358","5","518210","48","0","2025","1","N",14,0,0,0,0,0,0,0,"N",0.65,0,0,0,0,0,0,0,"N",3,27.3,0,0,0,0,0,0,0,0,0,0,0,0,0,0
"C4362","5","518210","48","0","2025","1","N",133,0,0,0,0,0,0,0,"N",2.14,0,0,0,0,0,0,0,"N",3,2.3,0,0,0,0,0,0,0,0,0,0,0,0,0,0
"C4364","5","518210","48","0","2025","1","",67,156,161,156,4736001,1176518,16896,2311,"",1.31,0.51,0.53,0.52,0.38,0.40,0.46,0.72,"",3,4.7,-5,-3.1,5,3.2,-2,-1.3,666120,16.4,-13217,-1.1,2502,17.4,334,16.9
"C4378","5","518210","48","0","2025","1","",49,594,647,689,16629325,6370869,129828,1988,"",1.39,1.46,1.59,1.70,1.01,1.46,1.76,0.64,"",3,6.5,274,85.6,325,100.9,362,110.7,10471429,170.0,3461696,119.0,97501,301.6,521,35.5
"C4390","5","518210","48","0","2025","1","N",25,0,0,0,0,0,0,0,"N",0.59,0,0,0,0,0,0,0,"N",7,38.9,0,0,0,0,0,0,0,0,0,0,0,0,0,0
"C4406","5","518210","48","0","2025","1","N",50,0,0,0,0,0,0,0,"N",0.64,0,0,0,0,0,0,0,"N",1,2.0,0,0,0,0,0,0,0,0,0,0,0,0,0,0
"C4410","5","518210","48","0","2025","1","",9,106,106,110,2255922,1230573,33433,1617,"",0.38,0.26,0.26,0.27,0.11,0.35,0.35,0.44,"",-1,-10.0,-60,-36.1,-61,-36.5,-58,-34.5,-2787305,-55.3,-796232,-39.3,-39759,-54.3,-706,-30.4
"C4414","5","518210","48","0","2025","1","N",9,0,0,0,0,0,0,0,"N",0.10,0,0,0,0,0,0,0,"N",-3,-25.0,0,0,0,0,0,0,0,0,0,0,0,0,0,0
"C4418","5","518210","48","0","2025","1","N",20,0,0,0,0,0,0,0,"N",0.28,0,0,0,0,0,0,0,"N",-4,-16.7,0,0,0,0,0,0,0,0,0,0,0,0,0,0
"C4422","5","518210","48","0","2025","1","",9,13,13,13,478306,117000,3762,2830,"",0.76,0.09,0.09,0.09,0.10,0.07,0.08,1.04,"",-3,-25.0,-3,-18.8,-2,-13.3,-2,-13.3,-79634,-14.3,-26576,-18.5,-1688,-31.0,31,1.1
"C4430","5","518210","48","0","2025","1","",10,66,65,66,1865851,620827,11960,2186,"",0.60,0.31,0.30,0.31,0.20,0.37,0.18,0.66,"N",2,25.0,0,0,0,0,0,0,0,0,0,0,0,0,0,0
"C4442","5","518210","48","0","2025","1","",5,4,5,10,71765,36333,36,872,"",0.29,0.02,0.03,0.06,0.01,0.02,0.00,0.31,"N",0,0.0,0,0,0,0,0,0,0,0,0,0,0,0,0,0
"C4470","5","518210","48","0","2025","1","",9,4,3,6,141840,32162,1127,2518,"",0.09,0.00,0.00,0.01,0.00,0.00,0.00,0.78,"",-2,-18.2,-17,-81.0,-15,-83.3,-12,-66.7,-217116,-60.5,-97537,-75.2,-5066,-81.8,1065,73.3
"C4494","5","518210","48","0","2025","1","N",4,0,0,0,0,0,0,0,"N",0.37,0,0,0,0,0,0,0,"N",-1,-20.0,0,0,0,0,0,0,0,0,0,0,0,0,0,0
"C4506","5","518210","48","0","2025","1","N",31,0,0,0,0,0,0,0,"N",0.40,0,0,0,0,0,0,0,"N",-2,-6.1,0,0,0,0,0,0,0,0,0,0,0,0,0,0
"C4522","5","518210","48","0","2025","1","",60,1062,1021,1008,18299065,6186837,29529,1366,"",1.03,1.77,1.70,1.70,0.75,1.37,1.00,0.43,"N",-10,-14.3,0,0,0,0,0,0,0,0,0,0,0,0,0,0
"C4530","5","518210","48","0","2025","1","",436,5122,5101,5064,244420655,37247851,320733,3690,"",0.81,1.13,1.13,1.12,1.09,0.82,1.11,0.97,"",-19,-4.2,755,17.3,758,17.5,702,16.1,53404129,28.0,5360396,16.8,51057,18.9,318,9.4
"C4546","5","518210","48","0","2025","1","N",2,0,0,0,0,0,0,0,"N",0.12,0,0,0,0,0,0,0,"N",-1,-33.3,0,0,0,0,0,0,0,0,0,0,0,0,0,0
"C4550","5","518210","48","0","2025","1","N",3,0,0,0,0,0,0,0,"N",0.18,0,0,0,0,0,0,0,"N",-3,-50.0,0,0,0,0,0,0,0,0,0,0,0,0,0,0
"C4578","5","518210","48","0","2025","1","N",48,0,0,0,0,0,0,0,"N",0.67,0,0,0,0,0,0,0,"N",3,6.7,0,0,0,0,0,0,0,0,0,0,0,0,0,0
"C4582","5","518210","48","0","2025","1","N",53,0,0,0,0,0,0,0,"N",1.53,0,0,0,0,0,0,0,"N",25,89.3,0,0,0,0,0,0,0,0,0,0,0,0,0,0
"C4590","5","518210","48","0","2025","1","N",17,0,0,0,0,0,0,0,"N",0.66,0,0,0,0,0,0,0,"N",1,6.2,0,0,0,0,0,0,0,0,0,0,0,0,0,0
"C4594","5","518210","48","0","2025","1","",27,336,336,338,16013285,9713195,190260,3659,"",0.51,0.41,0.41,0.41,0.26,0.56,0.51,0.64,"",-2,-6.9,-12,-3.4,-1,-0.3,-37,-9.9,-249999,-1.5,291749,3.1,-6695,-3.4,118,3.3
"C4606","5","518210","48","0","2025","1","",41,325,321,323,12403188,2632523,36966,2954,"",0.38,0.27,0.26,0.26,0.24,0.22,0.29,0.90,"",5,13.9,0,0.0,1,0.3,9,2.9,1281145,11.5,31971,1.2,2580,7.5,278,10.4
"C4614","5","518210","48","0","2025","1","N",195,0,0,0,0,0,0,0,"N",1.27,0,0,0,0,0,0,0,"N",32,19.6,0,0,0,0,0,0,0,0,0,0,0,0,0,0
"C4622","5","518210","48","0","2025","1","N",21,0,0,0,0,0,0,0,"N",0.72,0,0,0,0,0,0,0,"N",2,10.5,0,0,0,0,0,0,0,0,0,0,0,0,0,0
"C4630","5","518210","48","0","2025","1","N",8,0,0,0,0,0,0,0,"N",0.35,0,0,0,0,0,0,0,"N",1,14.3,0,0,0,0,0,0,0,0,0,0,0,0,0,0
"C4634","5","518210","48","0","2025","1","",14,38,39,33,1021810,331714,4503,2144,"",0.45,0.11,0.11,0.09,0.07,0.08,0.08,0.72,"",2,16.7,18,90.0,18,85.7,13,65.0,403289,65.2,158738,91.8,657,17.1,-196,-8.4
"C4652","5","518210","48","0","2025","1","",262,426,419,422,23285169,13972588,167636,4241,"",1.79,0.30,0.29,0.30,0.33,0.47,0.50,1.13,"",-4,-1.5,-5,-1.2,-8,-1.9,-8,-1.9,6695478,40.4,85827,0.6,-80804,-32.5,1269,42.7
"C4654","5","518210","48","0","2025","1","N",10,0,0,0,0,0,0,0,"N",0.33,0,0,0,0,0,0,0,"N",1,11.1,0,0,0,0,0,0,0,0,0,0,0,0,0,0
"C4666","5","518210","48","0","2025","1","",5,7,8,7,61939,39064,957,650,"",0.29,0.04,0.05,0.04,0.01,0.02,0.06,0.26,"",1,25.0,0,0.0,1,14.3,0,0.0,8467,15.8,7804,25.0,262,37.7,62,10.5
"C4670","5","518210","48","0","2025","1","",12,112,109,107,2246144,606899,27219,1580,"",0.18,0.25,0.24,0.24,0.10,0.14,0.15,0.41,"",0,0.0,26,30.2,18,19.8,14,15.1,36969,1.7,-17448,-2.8,3782,16.1,-308,-16.3
"C4722","5","518210","48","0","2025","1","N",2,0,0,0,0,0,0,0,"N",0.12,0,0,0,0,0,0,0,"N",-1,-33.3,0,0,0,0,0,0,0,0,0,0,0,0,0,0
"C4726","5","518210","48","0","2025","1","N",96,0,0,0,0,0,0,0,"N",0.43,0,0,0,0,0,0,0,"N",6,6.7,0,0,0,0,0,0,0,0,0,0,0,0,0,0
"C4730","5","518210","48","0","2025","1","",5,6,6,7,148631,39806,1349,1805,"",0.07,0.01,0.01,0.01,0.01,0.01,0.01,0.66,"N",2,66.7,0,0,0,0,0,0,0,0,0,0,0,0,0,0
"C4738","5","518210","48","0","2025","1","N",13,0,0,0,0,0,0,0,"N",0.43,0,0,0,0,0,0,0,"N",-2,-13.3,0,0,0,0,0,0,0,0,0,0,0,0,0,0
"C4746","5","518210","48","0","2025","1","",5,19,19,19,479384,479384,7117,1941,"",0.60,0.22,0.22,0.22,0.14,0.37,0.38,0.66,"N",0,0.0,0,0,0,0,0,0,0,0,0,0,0,0,0,0
"C4758","5","518210","48","0","2025","1","N",5,0,0,0,0,0,0,0,"N",0.26,0,0,0,0,0,0,0,"N",1,25.0,0,0,0,0,0,0,0,0,0,0,0,0,0,0
"C4790","5","518210","48","0","2025","1","N",1609,0,0,0,0,0,0,0,"N",1.60,0,0,0,0,0,0,0,"N",35,2.2,0,0,0,0,0,0,0,0,0,0,0,0,0,0
"C4793","5","518210","48","0","2025","1","",82,243,246,250,8512566,5518416,116098,2658,"",1.31,0.49,0.50,0.50,0.34,0.55,0.44,0.69,"",-3,-3.5,-63,-20.6,-58,-19.1,-63,-20.1,-2965832,-25.8,-1152702,-17.3,-16537,-12.5,-212,-7.4
"C4794","5","518210","48","0","2025","1","N",16,0,0,0,0,0,0,0,"N",0.68,0,0,0,0,0,0,0,"N",3,23.1,0,0,0,0,0,0,0,0,0,0,0,0,0,0
"C4806","5","518210","48","0","2025","1","",4,21,14,14,463262,183889,6178,2182,"",0.30,0.17,0.11,0.11,0.10,0.16,0.13,0.77,"",0,0.0,-3,-12.5,-11,-44.0,-10,-41.7,-601434,-56.5,-128246,-41.1,-10889,-63.8,-1184,-35.2
"C4814","5","518210","48","0","2025","1","",6,23,22,22,636023,260376,12355,2191,"",0.32,0.11,0.10,0.10,0.08,0.08,0.28,0.73,"",-1,-14.3,-3,-11.5,-4,-15.4,-2,-8.3,-356155,-35.9,-32011,-10.9,3150,34.2,-822,-27.3
"C4826","5","518210","48","0","2025","1","N",9,0,0,0,0,0,0,0,"N",0.65,0,0,0,0,0,0,0,"N",0,0.0,0,0,0,0,0,0,0,0,0,0,0,0,0,0
"C4830","5","518210","48","0","2025","1","N",6,0,0,0,0,0,0,0,"N",0.30,0,0,0,0,0,0,0,"N",-1,-14.3,0,0,0,0,0,0,0,0,0,0,0,0,0,0
"C4854","5","518210","48","0","2025","1","N",8,0,0,0,0,0,0,0,"N",0.42,0,0,0,0,0,0,0,"N",1,14.3,0,0,0,0,0,0,0,0,0,0,0,0,0,0
"C4862","5","518210","48","0","2025","1","N",99,0,0,0,0,0,0,0,"N",1.27,0,0,0,0,0,0,0,"N",0,0.0,0,0,0,0,0,0,0,0,0,0,0,0,0,0
"C4866","5","518210","48","0","2025","1","N",2,0,0,0,0,0,0,0,"N",0.12,0,0,0,0,0,0,0,"N",-1,-33.3,0,0,0,0,0,0,0,0,0,0,0,0,0,0
"C4868","5","518210","48","0","2025","1","",5,4,6,6,215313,42000,406,3105,"",0.39,0.03,0.05,0.05,0.04,0.03,0.06,1.02,"",0,0.0,1,33.3,1,20.0,1,20.0,105972,96.9,6572,18.6,6,1.5,1164,60.0
"C4870","5","518210","48","0","2025","1","N",2,0,0,0,0,0,0,0,"N",0.15,0,0,0,0,0,0,0,"N",0,0.0,0,0,0,0,0,0,0,0,0,0,0,0,0,0
"C4890","5","518210","48","0","2025","1","",64,182,181,182,7523500,4752635,54995,3186,"",0.78,0.31,0.31,0.31,0.31,0.42,0.58,0.99,"",13,25.5,36,24.7,29,19.1,23,14.5,1105214,17.2,850725,21.8,11092,25.3,-55,-1.7
"C4902","5","518210","48","0","2025","1","N",6,0,0,0,0,0,0,0,"N",0.31,0,0,0,0,0,0,0,"N",-2,-25.0,0,0,0,0,0,0,0,0,0,0,0,0,0,0
"C4918","5","518210","48","0","2025","1","N",52,0,0,0,0,0,0,0,"N",0.64,0,0,0,0,0,0,0,"N",2,4.0,0,0,0,0,0,0,0,0,0,0,0,0,0,0
"C4934","5","518210","48","0","2025","1","",54,362,362,360,22384045,6129919,207968,4765,"",0.42,0.33,0.33,0.33,0.40,0.33,0.37,1.21,"",2,3.8,-24,-6.2,-7,-1.9,-3,-0.8,563008,2.6,-297160,-4.6,76565,58.3,261,5.8
"C4942","5","518210","48","0","2025","1","N",2,0,0,0,0,0,0,0,"N",0.07,0,0,0,0,0,0,0,"N",1,100.0,0,0,0,0,0,0,0,0,0,0,0,0,0,0
"C4962","5","518210","48","0","2025","1","",10,36,33,33,915066,329380,12507,2070,"",0.23,0.06,0.06,0.06,0.04,0.05,0.04,0.61,"",1,11.1,13,56.5,10,43.5,8,32.0,311518,51.6,91314,38.4,-131,-1.0,108,5.5
"C4966","5","518210","48","0","2025","1","",29,199,204,200,5177656,1798081,33983,1981,"",0.59,0.41,0.42,0.41,0.29,0.33,0.21,0.71,"",-1,-3.3,-4,-2.0,1,0.5,-3,-1.5,426627,9.0,1088,0.1,-3553,-9.5,181,10.1
"C4970","5","518210","48","0","2025","1","N",3,0,0,0,0,0,0,0,"N",0.10,0,0,0,0,0,0,0,"N",2,200.0,0,0,0,0,0,0,0,0,0,0,0,0,0,0
"C4974","5","518210","48","0","2025","1","",5,6,6,7,146122,56000,963,1775,"",0.28,0.02,0.02,0.03,0.02,0.02,0.01,0.63,"N",0,0.0,0,0,0,0,0,0,0,0,0,0,0,0,0,0
"US000","1","518210","18","0","2025","1","",1,1189,1182,1164,19592610,0,0,1279,"",1.00,1.00,1.00,1.00,1.00,0.00,0.00,1.00,"",0,0.0,-6,-0.5,3,0.3,-9,-0.8,-40464,-0.2,0,0.0,0,0.0,2,0.2
"US000","2","518210","18","0","2025","1","",19,1048,1055,1046,24694133,0,0,1810,"",1.00,1.00,1.00,1.00,1.00,0.00,0.00,1.00,"",-1,-5.0,45,4.5,42,4.1,29,2.9,1952443,8.6,0,0.0,0,0.0,80,4.6
"US000","3","518210","18","0","2025","1","",96,1929,1955,1953,42742387,871597,2190,1690,"",1.00,1.00,1.00,1.00,1.00,1.00,1.00,1.00,"",-1,-1.0,-890,-31.6,-891,-31.3,-926,-32.2,-21491791,-33.5,-43393,-4.7,33,1.5,-45,-2.6
"US000","5","518210","18","0","2025","1","",55447,483997,483687,482987,26532609181,6918225194,146164029,4221,"",1.00,1.00,1.00,1.00,1.00,1.00,1.00,1.00,"",1096,2.0,643,0.1,566,0.1,979,0.2,2352781342,9.7,138251995,2.0,20790583,16.6,369,9.6
